video,site,track_id,frame,t_s,xc,yc,w,h,conf,confirmed
EMarseilles_MAS_12.22.25_LS_V1,MAS,85,17459,291.06,609.7,187.2,52.1,68.7,0.6539,1
EMarseilles_MAS_12.22.25_LS_V1,MAS,85,17460,291.08,598.1,188.6,66.5,72.4,0.6757,1
EMarseilles_MAS_12.22.25_LS_V1,MAS,85,17461,291.09,589.6,194.4,76.3,80.8,0.7752,1
EMarseilles_MAS_12.22.25_LS_V1,MAS,85,17462,291.11,583.2,195.6,85.6,87.7,0.7736,1
EMarseilles_MAS_12.22.25_LS_V1,MAS,85,17463,291.13,570.6,194.0,88.6,87.6,0.7909,1
EMarseilles_MAS_12.22.25_LS_V1,MAS,85,17464,291.14,561.6,193.8,91.4,89.3,0.7522,1
EMarseilles_MAS_12.22.25_LS_V1,MAS,85,17465,291.16,552.3,196.6,91.2,92.1,0.7525,1
EMarseilles_MAS_12.22.25_LS_V1,MAS,85,17466,291.18,537.3,195.2,91.6,96.0,0.724,1
EMarseilles_MAS_12.22.25_LS_V1,MAS,85,17467,291.19,528.2,193.7,91.8,97.4,0.771,1
EMarseilles_MAS_12.22.25_LS_V1,MAS,85,17468,291.21,517.1,194.7,91.0,95.9,0.7751,1
EMarseilles_MAS_12.22.25_LS_V1,MAS,85,17469,291.23,506.5,194.4,90.1,98.6,0.7633,1
EMarseilles_MAS_12.22.25_LS_V1,MAS,85,17470,291.24,494.8,194.1,88.8,97.2,0.7787,1
EMarseilles_MAS_12.22.25_LS_V1,MAS,85,17471,291.26,483.0,194.6,93.1,102.4,0.7573,1
EMarseilles_MAS_12.22.25_LS_V1,MAS,85,17472,291.28,473.3,197.1,94.4,106.9,0.7545,1
EMarseilles_MAS_12.22.25_LS_V1,MAS,85,17473,291.29,461.1,200.0,95.0,107.7,0.7689,1
EMarseilles_MAS_12.22.25_LS_V1,MAS,85,17474,291.31,448.1,198.9,92.8,107.9,0.7706,1
EMarseilles_MAS_12.22.25_LS_V1,MAS,85,17475,291.33,435.1,198.5,92.6,106.9,0.7729,1
EMarseilles_MAS_12.22.25_LS_V1,MAS,85,17476,291.34,423.6,198.0,93.2,105.7,0.7577,1
EMarseilles_MAS_12.22.25_LS_V1,MAS,85,17477,291.36,411.5,198.5,96.6,106.2,0.7568,1
EMarseilles_MAS_12.22.25_LS_V1,MAS,85,17478,291.38,399.3,198.6,95.4,105.5,0.7677,1
EMarseilles_MAS_12.22.25_LS_V1,MAS,85,17479,291.39,387.6,199.1,92.9,102.4,0.7678,1
EMarseilles_MAS_12.22.25_LS_V1,MAS,85,17480,291.41,375.1,197.6,90.1,99.1,0.789,1
EMarseilles_MAS_12.22.25_LS_V1,MAS,85,17481,291.43,364.2,197.5,89.9,97.8,0.7722,1
EMarseilles_MAS_12.22.25_LS_V1,MAS,85,17482,291.44,352.1,201.9,87.0,97.0,0.7799,1
EMarseilles_MAS_12.22.25_LS_V1,MAS,85,17483,291.46,339.5,203.2,88.6,97.2,0.7622,1
EMarseilles_MAS_12.22.25_LS_V1,MAS,85,17484,291.48,328.4,203.1,89.9,99.3,0.7554,1
EMarseilles_MAS_12.22.25_LS_V1,MAS,85,17485,291.49,314.9,203.4,89.8,101.8,0.782,1
EMarseilles_MAS_12.22.25_LS_V1,MAS,85,17486,291.51,303.0,204.1,91.2,102.4,0.781,1
EMarseilles_MAS_12.22.25_LS_V1,MAS,85,17487,291.53,300.3,206.3,78.4,99.6,0.7447,1
EMarseilles_MAS_12.22.25_LS_V1,MAS,85,17488,291.54,281.7,208.1,82.9,96.2,0.7812,1
EMarseilles_MAS_12.22.25_LS_V1,MAS,85,17489,291.56,264.5,209.9,85.2,97.8,0.7819,1
EMarseilles_MAS_12.22.25_LS_V1,MAS,85,17490,291.58,250.4,211.8,86.5,97.4,0.7677,1
EMarseilles_MAS_12.22.25_LS_V1,MAS,85,17491,291.59,236.9,213.5,90.4,102.3,0.7401,1
EMarseilles_MAS_12.22.25_LS_V1,MAS,85,17492,291.61,228.5,213.7,88.2,102.4,0.7572,1
EMarseilles_MAS_12.22.25_LS_V1,MAS,85,17493,291.63,216.4,214.0,89.6,101.8,0.7485,1
EMarseilles_MAS_12.22.25_LS_V1,MAS,85,17494,291.64,203.6,215.8,90.0,101.6,0.7634,1
EMarseilles_MAS_12.22.25_LS_V1,MAS,85,17495,291.66,185.3,216.5,91.2,102.2,0.7754,1
EMarseilles_MAS_12.22.25_LS_V1,MAS,85,17496,291.68,169.7,217.0,94.0,103.3,0.7729,1
EMarseilles_MAS_12.22.25_LS_V1,MAS,85,17497,291.69,156.9,217.2,93.8,103.1,0.7751,1
EMarseilles_MAS_12.22.25_LS_V1,MAS,85,17498,291.71,142.9,219.5,92.8,101.3,0.7598,1
EMarseilles_MAS_12.22.25_LS_V1,MAS,85,17499,291.73,129.9,221.0,94.2,103.9,0.7356,1
EMarseilles_MAS_12.22.25_LS_V1,MAS,85,17500,291.74,116.8,222.1,90.0,103.3,0.7374,1
EMarseilles_MAS_12.22.25_LS_V1,MAS,85,17501,291.76,103.9,222.6,90.3,103.6,0.7307,1
EMarseilles_MAS_12.22.25_LS_V1,MAS,85,17502,291.78,91.6,224.1,92.1,107.0,0.7483,1
EMarseilles_MAS_12.22.25_LS_V1,MAS,85,17503,291.79,80.1,224.3,90.0,106.7,0.7776,1
EMarseilles_MAS_12.22.25_LS_V1,MAS,85,17504,291.81,66.9,226.6,88.1,106.5,0.7677,1
EMarseilles_MAS_12.22.25_LS_V1,MAS,85,17505,291.83,51.6,227.6,88.7,106.1,0.7569,1
EMarseilles_MAS_12.22.25_LS_V1,MAS,85,17506,291.84,43.0,227.4,86.0,107.4,0.7453,1
EMarseilles_MAS_12.22.25_LS_V1,MAS,85,17507,291.86,38.2,228.1,76.5,102.7,0.7435,1
EMarseilles_MAS_12.22.25_LS_V1,MAS,85,17508,291.88,28.1,227.7,56.3,98.9,0.7213,1
EMarseilles_MAS_12.22.25_LS_V1,MAS,85,17509,291.89,22.3,230.1,44.6,99.6,0.7321,1
EMarseilles_MAS_12.22.25_LS_V1,MAS,85,17510,291.91,18.5,231.7,37.1,94.6,0.3406,1
GiantCityRd_TON_12.03.25_LS,TON,108,433,7.23,627.8,179.4,21.5,16.4,0.4109,1
GiantCityRd_TON_12.03.25_LS,TON,108,434,7.25,623.6,178.6,20.4,15.6,0.4767,1
GiantCityRd_TON_12.03.25_LS,TON,108,435,7.26,619.4,178.5,19.8,14.7,0.3213,1
GiantCityRd_TON_12.03.25_LS,TON,108,436,7.28,615.8,178.6,20.4,15.3,0.5073,1
GiantCityRd_TON_12.03.25_LS,TON,108,437,7.3,612.7,178.5,20.3,15.5,0.2681,1
GiantCityRd_TON_12.03.25_LS,TON,108,438,7.31,609.4,177.9,20.6,15.3,0.4702,1
GiantCityRd_TON_12.03.25_LS,TON,108,439,7.33,606.1,177.9,21.0,15.3,0.3509,1
GiantCityRd_TON_12.03.25_LS,TON,108,440,7.35,601.9,177.6,20.5,15.1,0.2551,1
GiantCityRd_TON_12.03.25_LS,TON,108,441,7.36,598.4,177.8,22.1,15.8,0.3261,1
GiantCityRd_TON_12.03.25_LS,TON,108,442,7.38,595.8,177.6,23.8,16.3,0.4582,1
GiantCityRd_TON_12.03.25_LS,TON,108,443,7.4,592.1,176.5,22.7,15.5,0.4663,1
GiantCityRd_TON_12.03.25_LS,TON,108,444,7.41,588.4,176.9,21.1,15.1,0.327,1
GiantCityRd_TON_12.03.25_LS,TON,108,445,7.43,585.0,177.6,21.4,15.6,0.5659,1
GiantCityRd_TON_12.03.25_LS,TON,108,446,7.45,582.0,177.6,21.2,15.1,0.2763,1
GiantCityRd_TON_12.03.25_LS,TON,108,447,7.46,577.2,178.4,19.7,14.8,0.472,1
GiantCityRd_TON_12.03.25_LS,TON,108,448,7.48,573.1,178.1,18.6,14.3,0.6213,1
GiantCityRd_TON_12.03.25_LS,TON,108,449,7.5,569.1,177.5,18.1,13.7,0.3952,1
GiantCityRd_TON_12.03.25_LS,TON,108,450,7.51,565.7,178.0,19.5,14.5,0.612,1
GiantCityRd_TON_12.03.25_LS,TON,108,451,7.53,561.7,178.0,18.7,14.4,0.6364,1
GiantCityRd_TON_12.03.25_LS,TON,108,452,7.55,557.8,178.2,17.5,13.9,0.5869,1
GiantCityRd_TON_12.03.25_LS,TON,108,453,7.56,553.7,178.8,18.8,14.8,0.5225,1
GiantCityRd_TON_12.03.25_LS,TON,108,454,7.58,550.5,178.7,17.3,13.3,0.5467,1
GiantCityRd_TON_12.03.25_LS,TON,108,455,7.6,546.1,178.5,17.3,13.7,0.4671,1
GiantCityRd_TON_12.03.25_LS,TON,108,459,7.66,531.3,179.4,16.9,13.4,0.4378,1
GiantCityRd_TON_12.03.25_LS,TON,108,460,7.68,527.1,178.3,18.2,14.0,0.3082,1
GiantCityRd_TON_12.03.25_LS,TON,108,461,7.7,523.6,178.1,18.2,14.4,0.6376,1
GiantCityRd_TON_12.03.25_LS,TON,108,462,7.71,519.7,178.7,18.1,13.9,0.6956,1
GiantCityRd_TON_12.03.25_LS,TON,108,463,7.73,515.9,178.4,17.6,13.3,0.5343,1
GiantCityRd_TON_12.03.25_LS,TON,108,464,7.75,511.9,178.1,17.9,14.0,0.6236,1
GiantCityRd_TON_12.03.25_LS,TON,108,465,7.76,508.5,178.1,18.4,14.6,0.5641,1
GiantCityRd_TON_12.03.25_LS,TON,108,466,7.78,504.8,177.2,17.3,13.8,0.6404,1
GiantCityRd_TON_12.03.25_LS,TON,108,467,7.8,500.5,177.4,18.7,15.1,0.3812,1
GiantCityRd_TON_12.03.25_LS,TON,108,468,7.81,496.8,179.0,20.1,15.7,0.2891,1
GiantCityRd_TON_12.03.25_LS,TON,108,469,7.83,493.5,179.3,21.4,16.0,0.4221,1
GiantCityRd_TON_12.03.25_LS,TON,108,470,7.85,489.4,179.8,21.5,16.7,0.3495,1
GiantCityRd_TON_12.03.25_LS,TON,108,471,7.86,485.2,180.2,20.6,16.2,0.4229,1
GiantCityRd_TON_12.03.25_LS,TON,108,472,7.88,481.3,179.5,21.0,16.9,0.4268,1
GiantCityRd_TON_12.03.25_LS,TON,108,474,7.91,472.9,179.5,20.3,16.3,0.4176,1
GiantCityRd_TON_12.03.25_LS,TON,108,475,7.93,469.2,178.6,20.4,16.6,0.2807,1
GiantCityRd_TON_12.03.25_LS,TON,108,476,7.95,464.9,178.6,19.4,15.9,0.5022,1
GiantCityRd_TON_12.03.25_LS,TON,110,444,7.41,516.2,248.4,84.8,65.2,0.3706,0
GiantCityRd_TON_12.03.25_LS,TON,110,445,7.43,511.8,248.4,86.4,66.4,0.2688,0
GiantCityRd_TON_12.03.25_LS,TON,110,446,7.45,507.5,248.4,86.5,66.0,0.4391,0
GiantCityRd_TON_12.03.25_LS,TON,110,447,7.46,503.9,249.4,87.5,65.2,0.441,0
GiantCityRd_TON_12.03.25_LS,TON,110,448,7.48,499.2,250.0,87.2,64.5,0.559,0
GiantCityRd_TON_12.03.25_LS,TON,110,449,7.5,494.9,250.1,88.1,64.4,0.3053,0
GiantCityRd_TON_12.03.25_LS,TON,110,450,7.51,491.8,250.7,84.8,63.6,0.3848,0
GiantCityRd_TON_12.03.25_LS,TON,177,3672,61.31,601.1,315.4,25.4,19.8,0.4649,1
GiantCityRd_TON_12.03.25_LS,TON,177,3673,61.32,596.7,315.1,26.0,20.9,0.642,1
GiantCityRd_TON_12.03.25_LS,TON,177,3674,61.34,592.0,315.6,25.6,20.3,0.5627,1
GiantCityRd_TON_12.03.25_LS,TON,177,3675,61.36,586.7,317.0,25.3,21.5,0.3503,1
GiantCityRd_TON_12.03.25_LS,TON,177,3676,61.37,582.5,316.4,25.5,21.0,0.607,1
GiantCityRd_TON_12.03.25_LS,TON,177,3677,61.39,578.7,316.7,23.9,21.7,0.5559,1
GiantCityRd_TON_12.03.25_LS,TON,177,3678,61.41,575.9,318.3,26.4,24.1,0.4305,1
GiantCityRd_TON_12.03.25_LS,TON,177,3679,61.42,571.4,319.3,26.9,24.2,0.4522,1
GiantCityRd_TON_12.03.25_LS,TON,177,3680,61.44,566.8,318.9,25.6,23.5,0.5286,1
GiantCityRd_TON_12.03.25_LS,TON,177,3681,61.46,562.6,318.9,26.0,23.7,0.579,1
GiantCityRd_TON_12.03.25_LS,TON,177,3682,61.47,558.4,319.3,26.0,22.8,0.6361,1
GiantCityRd_TON_12.03.25_LS,TON,177,3683,61.49,554.6,318.8,25.0,22.6,0.622,1
GiantCityRd_TON_12.03.25_LS,TON,177,3684,61.51,550.8,319.6,25.1,22.2,0.6042,1
GiantCityRd_TON_12.03.25_LS,TON,177,3685,61.52,546.8,319.7,25.6,23.2,0.613,1
GiantCityRd_TON_12.03.25_LS,TON,177,3686,61.54,542.8,320.1,25.4,21.1,0.5259,1
GiantCityRd_TON_12.03.25_LS,TON,177,3687,61.56,538.8,319.5,27.4,24.1,0.39,1
GiantCityRd_TON_12.03.25_LS,TON,177,3694,61.67,508.8,320.6,28.0,19.3,0.5065,1
GiantCityRd_TON_12.03.25_LS,TON,177,3707,61.89,457.1,323.3,24.4,21.5,0.3797,1
GiantCityRd_TON_12.03.25_LS,TON,177,3711,61.96,440.4,324.8,25.3,21.7,0.3091,1
GiantCityRd_TON_12.03.25_LS,TON,177,3712,61.97,435.7,325.0,26.3,20.8,0.7011,1
GiantCityRd_TON_12.03.25_LS,TON,177,3713,61.99,431.9,324.8,27.0,21.4,0.7134,1
GiantCityRd_TON_12.03.25_LS,TON,177,3714,62.01,427.3,325.1,26.5,21.8,0.7077,1
GiantCityRd_TON_12.03.25_LS,TON,177,3715,62.02,422.5,324.6,27.1,22.4,0.6835,1
GiantCityRd_TON_12.03.25_LS,TON,177,3716,62.04,417.8,324.4,28.5,23.8,0.6823,1
GiantCityRd_TON_12.03.25_LS,TON,177,3717,62.06,413.4,325.1,29.3,24.6,0.6264,1
GiantCityRd_TON_12.03.25_LS,TON,177,3718,62.07,408.8,325.2,29.6,23.9,0.5155,1
GiantCityRd_TON_12.03.25_LS,TON,177,3719,62.09,404.7,325.3,31.8,23.0,0.5,1
GiantCityRd_TON_12.03.25_LS,TON,177,3720,62.11,399.9,326.6,29.0,20.6,0.567,1
GiantCityRd_TON_12.03.25_LS,TON,177,3721,62.12,395.9,327.0,28.0,19.0,0.55,1
GiantCityRd_TON_12.03.25_LS,TON,177,3722,62.14,391.5,327.4,28.1,18.0,0.588,1
GiantCityRd_TON_12.03.25_LS,TON,177,3723,62.16,387.2,329.9,29.4,19.4,0.5675,1
GiantCityRd_TON_12.03.25_LS,TON,177,3724,62.17,383.4,328.7,30.4,18.9,0.5533,1
GiantCityRd_TON_12.03.25_LS,TON,177,3725,62.19,379.0,328.9,31.4,19.0,0.5282,1
GiantCityRd_TON_12.03.25_LS,TON,177,3726,62.21,374.2,328.2,32.5,19.4,0.5155,1
GiantCityRd_TON_12.03.25_LS,TON,177,3727,62.22,370.7,328.7,33.6,19.7,0.5522,1
GiantCityRd_TON_12.03.25_LS,TON,177,3728,62.24,367.2,329.8,34.9,19.9,0.6376,1
GiantCityRd_TON_12.03.25_LS,TON,177,3729,62.26,363.2,329.4,36.1,21.1,0.5963,1
GiantCityRd_TON_12.03.25_LS,TON,177,3730,62.28,358.3,328.7,34.8,22.8,0.5039,1
GiantCityRd_TON_12.03.25_LS,TON,177,3731,62.29,352.6,330.0,34.4,20.9,0.3307,1
GiantCityRd_TON_12.03.25_LS,TON,178,3683,61.49,622.7,313.9,22.6,18.7,0.476,1
GiantCityRd_TON_12.03.25_LS,TON,178,3684,61.51,620.4,315.9,22.9,20.5,0.4012,1
GiantCityRd_TON_12.03.25_LS,TON,178,3685,61.52,617.9,316.7,22.8,20.8,0.4766,1
GiantCityRd_TON_12.03.25_LS,TON,178,3686,61.54,614.5,317.7,24.5,22.4,0.4265,1
GiantCityRd_TON_12.03.25_LS,TON,178,3687,61.56,610.8,318.9,24.6,22.8,0.5328,1
GiantCityRd_TON_12.03.25_LS,TON,178,3688,61.57,607.5,318.7,25.0,20.4,0.4722,1
GiantCityRd_TON_12.03.25_LS,TON,178,3695,61.69,587.1,321.6,22.8,22.2,0.4136,1
GiantCityRd_TON_12.03.25_LS,TON,178,3696,61.71,585.2,321.3,24.2,21.9,0.499,1
GiantCityRd_TON_12.03.25_LS,TON,178,3697,61.72,582.2,320.7,24.4,20.1,0.4062,1
GiantCityRd_TON_12.03.25_LS,TON,178,3700,61.77,573.1,319.3,23.9,15.8,0.3078,1
GiantCityRd_TON_12.03.25_LS,TON,178,3701,61.79,569.9,320.1,22.9,17.1,0.5,1
GiantCityRd_TON_12.03.25_LS,TON,178,3702,61.81,567.0,319.4,22.5,16.1,0.5137,1
GiantCityRd_TON_12.03.25_LS,TON,178,3703,61.82,564.4,319.2,22.9,17.5,0.3695,1
GiantCityRd_TON_12.03.25_LS,TON,178,3707,61.89,551.4,319.2,23.7,17.1,0.3783,1
GiantCityRd_TON_12.03.25_LS,TON,178,3708,61.91,548.4,319.0,23.8,16.9,0.3407,1
GiantCityRd_TON_12.03.25_LS,TON,178,3709,61.92,545.5,318.7,24.7,15.5,0.311,1
GiantCityRd_TON_12.03.25_LS,TON,178,3711,61.96,540.1,320.2,24.6,17.6,0.3864,1
GiantCityRd_TON_12.03.25_LS,TON,178,3712,61.97,538.0,320.5,25.4,18.7,0.4919,1
GiantCityRd_TON_12.03.25_LS,TON,181,3754,62.68,256.7,324.7,34.4,22.0,0.5375,1
GiantCityRd_TON_12.03.25_LS,TON,181,3755,62.69,253.5,323.3,32.5,21.9,0.4692,1
GiantCityRd_TON_12.03.25_LS,TON,181,3756,62.71,250.1,323.4,30.8,21.2,0.4234,1
GiantCityRd_TON_12.03.25_LS,TON,181,3757,62.73,245.8,324.2,28.6,19.0,0.4265,1
GiantCityRd_TON_12.03.25_LS,TON,181,3758,62.74,240.8,321.5,33.7,19.3,0.4491,1
GiantCityRd_TON_12.03.25_LS,TON,181,3759,62.76,236.4,322.4,34.2,20.3,0.5421,1
GiantCityRd_TON_12.03.25_LS,TON,181,3760,62.78,232.3,322.8,36.2,19.9,0.4932,1
GiantCityRd_TON_12.03.25_LS,TON,181,3761,62.79,227.6,321.4,34.3,19.1,0.527,1
GiantCityRd_TON_12.03.25_LS,TON,181,3762,62.81,223.3,322.8,33.4,20.0,0.5098,1
GiantCityRd_TON_12.03.25_LS,TON,181,3763,62.83,218.7,323.6,34.4,19.9,0.431,1
GiantCityRd_TON_12.03.25_LS,TON,181,3764,62.84,214.5,322.4,31.7,18.6,0.4895,1
GiantCityRd_TON_12.03.25_LS,TON,181,3765,62.86,210.0,323.9,29.5,19.5,0.5421,1
GiantCityRd_TON_12.03.25_LS,TON,181,3766,62.88,206.1,323.6,30.2,19.1,0.5784,1
GiantCityRd_TON_12.03.25_LS,TON,181,3767,62.89,201.9,322.9,28.6,18.6,0.5635,1
GiantCityRd_TON_12.03.25_LS,TON,181,3768,62.91,197.4,324.0,31.3,18.9,0.5706,1
GiantCityRd_TON_12.03.25_LS,TON,181,3769,62.93,192.0,324.5,31.4,19.0,0.3507,1
GiantCityRd_TON_12.03.25_LS,TON,181,3770,62.94,187.8,324.3,31.8,19.0,0.3089,1
GiantCityRd_TON_12.03.25_LS,TON,181,3771,62.96,183.0,325.3,32.6,18.2,0.499,1
GiantCityRd_TON_12.03.25_LS,TON,181,3772,62.98,179.0,325.2,32.6,18.0,0.4244,1
GiantCityRd_TON_12.03.25_LS,TON,181,3773,62.99,174.5,325.4,33.1,18.0,0.6169,1
GiantCityRd_TON_12.03.25_LS,TON,181,3774,63.01,170.8,326.3,34.6,19.5,0.5082,1
GiantCityRd_TON_12.03.25_LS,TON,181,3775,63.03,166.3,326.2,30.7,18.0,0.6494,1
GiantCityRd_TON_12.03.25_LS,TON,181,3776,63.04,162.9,326.7,27.9,18.7,0.6628,1
GiantCityRd_TON_12.03.25_LS,TON,181,3777,63.06,158.7,327.1,28.8,19.6,0.5694,1
GiantCityRd_TON_12.03.25_LS,TON,181,3778,63.08,153.7,327.6,28.9,19.8,0.6007,1
GiantCityRd_TON_12.03.25_LS,TON,181,3779,63.09,149.8,327.6,32.4,22.5,0.6648,1
GiantCityRd_TON_12.03.25_LS,TON,181,3780,63.11,145.8,327.9,27.0,19.9,0.4537,1
GiantCityRd_TON_12.03.25_LS,TON,181,3781,63.13,141.5,329.2,26.0,18.9,0.4078,1
GiantCityRd_TON_12.03.25_LS,TON,181,3782,63.14,136.1,329.6,28.2,20.5,0.4662,1
GiantCityRd_TON_12.03.25_LS,TON,181,3783,63.16,131.6,329.2,28.5,21.2,0.3516,1
GiantCityRd_TON_12.03.25_LS,TON,181,3784,63.18,125.6,329.3,31.7,22.9,0.5515,1
GiantCityRd_TON_12.03.25_LS,TON,181,3785,63.19,121.1,329.2,32.1,24.5,0.5805,1
GiantCityRd_TON_12.03.25_LS,TON,181,3786,63.21,117.0,329.3,31.5,24.1,0.4774,1
GiantCityRd_TON_12.03.25_LS,TON,181,3787,63.23,111.5,331.0,30.8,25.5,0.3048,1
GiantCityRd_TON_12.03.25_LS,TON,181,3788,63.24,107.8,330.0,32.4,25.5,0.6435,1
GiantCityRd_TON_12.03.25_LS,TON,181,3789,63.26,104.1,329.9,31.6,25.7,0.4102,1
GiantCityRd_TON_12.03.25_LS,TON,184,3795,63.36,290.0,327.1,25.5,14.8,0.3456,0
GiantCityRd_TON_12.03.25_LS,TON,184,3796,63.38,287.0,327.5,26.2,14.6,0.2562,0
GiantCityRd_TON_12.03.25_LS,TON,184,3797,63.39,284.1,326.0,27.5,15.3,0.2708,0
GiantCityRd_TON_12.03.25_LS,TON,184,3800,63.44,273.6,322.7,29.9,16.1,0.4494,0
GiantCityRd_TON_12.03.25_LS,TON,184,3803,63.49,263.9,321.6,34.0,17.7,0.3918,0
GiantCityRd_TON_12.03.25_LS,TON,210,8303,138.62,589.6,370.0,38.8,26.9,0.6214,1
GiantCityRd_TON_12.03.25_LS,TON,210,8304,138.64,581.1,369.7,38.8,27.5,0.6768,1
GiantCityRd_TON_12.03.25_LS,TON,210,8305,138.66,572.6,368.7,37.1,28.5,0.684,1
GiantCityRd_TON_12.03.25_LS,TON,210,8306,138.67,564.0,368.8,39.0,29.2,0.7181,1
GiantCityRd_TON_12.03.25_LS,TON,210,8307,138.69,554.7,367.9,39.5,29.5,0.6903,1
GiantCityRd_TON_12.03.25_LS,TON,210,8308,138.71,547.2,368.1,35.0,27.8,0.6244,1
GiantCityRd_TON_12.03.25_LS,TON,210,8309,138.72,538.6,369.1,36.2,27.8,0.6904,1
GiantCityRd_TON_12.03.25_LS,TON,210,8310,138.74,530.1,369.4,35.3,28.4,0.6985,1
GiantCityRd_TON_12.03.25_LS,TON,210,8311,138.76,521.8,368.5,35.1,27.8,0.7472,1
GiantCityRd_TON_12.03.25_LS,TON,210,8312,138.77,513.7,368.0,36.1,27.3,0.7113,1
GiantCityRd_TON_12.03.25_LS,TON,210,8313,138.79,504.8,366.8,36.8,26.3,0.6674,1
GiantCityRd_TON_12.03.25_LS,TON,210,8314,138.81,495.7,367.7,34.7,24.7,0.5699,1
GiantCityRd_TON_12.03.25_LS,TON,210,8315,138.83,489.3,368.1,33.8,23.4,0.6143,1
GiantCityRd_TON_12.03.25_LS,TON,210,8321,138.93,445.3,362.9,34.9,27.8,0.4418,1
GiantCityRd_TON_12.03.25_LS,TON,210,8322,138.94,437.6,362.6,35.2,28.7,0.5836,1
GiantCityRd_TON_12.03.25_LS,TON,210,8323,138.96,428.4,362.6,35.6,27.6,0.6858,1
GiantCityRd_TON_12.03.25_LS,TON,210,8324,138.98,420.4,362.5,34.5,26.7,0.5274,1
GiantCityRd_TON_12.03.25_LS,TON,210,8325,138.99,413.5,363.3,33.7,27.4,0.5749,1
GiantCityRd_TON_12.03.25_LS,TON,210,8326,139.01,404.2,363.4,32.6,27.3,0.3809,1
GiantCityRd_TON_12.03.25_LS,TON,210,8327,139.03,394.4,362.0,39.0,31.6,0.5412,1
GiantCityRd_TON_12.03.25_LS,TON,210,8328,139.04,386.0,361.4,42.3,31.6,0.5917,1
GiantCityRd_TON_12.03.25_LS,TON,210,8329,139.06,376.5,361.2,44.0,30.4,0.636,1
GiantCityRd_TON_12.03.25_LS,TON,210,8330,139.08,367.3,361.0,42.3,30.1,0.6177,1
GiantCityRd_TON_12.03.25_LS,TON,210,8331,139.09,354.9,362.0,37.0,26.2,0.5229,1
GiantCityRd_TON_12.03.25_LS,TON,210,8332,139.11,352.9,359.3,35.9,25.9,0.5312,1
GiantCityRd_TON_12.03.25_LS,TON,210,8333,139.13,345.9,358.7,36.2,26.2,0.343,1
GiantCityRd_TON_12.03.25_LS,TON,210,8334,139.14,342.0,357.2,36.4,25.7,0.5285,1
GiantCityRd_TON_12.03.25_LS,TON,210,8335,139.16,330.4,356.8,35.6,23.1,0.6631,1
GiantCityRd_TON_12.03.25_LS,TON,210,8336,139.18,321.2,356.1,36.4,22.6,0.655,1
GiantCityRd_TON_12.03.25_LS,TON,210,8337,139.19,311.8,355.2,37.2,22.7,0.6376,1
GiantCityRd_TON_12.03.25_LS,TON,210,8338,139.21,303.2,355.4,37.6,22.5,0.608,1
GiantCityRd_TON_12.03.25_LS,TON,210,8339,139.23,293.9,355.6,36.6,23.5,0.6857,1
GiantCityRd_TON_12.03.25_LS,TON,210,8340,139.24,285.5,357.0,32.9,23.1,0.6897,1
GiantCityRd_TON_12.03.25_LS,TON,210,8341,139.26,277.0,356.7,33.9,24.0,0.7243,1
GiantCityRd_TON_12.03.25_LS,TON,210,8342,139.28,270.8,354.6,30.8,24.2,0.6602,1
GiantCityRd_TON_12.03.25_LS,TON,210,8343,139.29,263.9,354.6,29.2,24.6,0.2532,1
GiantCityRd_TON_12.03.25_LS,TON,210,8344,139.31,255.6,353.6,29.7,23.8,0.3503,1
GiantCityRd_TON_12.03.25_LS,TON,210,8345,139.33,246.1,353.6,29.5,24.0,0.6294,1
GiantCityRd_TON_12.03.25_LS,TON,210,8346,139.34,239.4,353.3,29.9,23.6,0.5532,1
GiantCityRd_TON_12.03.25_LS,TON,210,8347,139.36,231.7,353.8,30.5,24.2,0.5436,1
GiantCityRd_TON_12.03.25_LS,TON,210,8348,139.38,222.9,353.3,27.9,22.4,0.4197,1
GiantCityRd_TON_12.03.25_LS,TON,210,8349,139.39,216.0,352.2,27.8,23.3,0.4285,1
GiantCityRd_TON_12.03.25_LS,TON,210,8350,139.41,206.8,352.3,28.9,24.0,0.3818,1
GiantCityRd_TON_12.03.25_LS,TON,210,8351,139.43,195.9,352.8,30.6,24.2,0.6,1
GiantCityRd_TON_12.03.25_LS,TON,210,8352,139.44,184.8,354.0,30.5,24.2,0.5298,1
GiantCityRd_TON_12.03.25_LS,TON,210,8362,139.61,101.2,351.6,28.4,20.2,0.5949,1
GiantCityRd_TON_12.03.25_LS,TON,210,8363,139.63,94.1,350.0,26.3,20.5,0.6431,1
GiantCityRd_TON_12.03.25_LS,TON,210,8365,139.66,79.2,348.4,26.7,20.5,0.5943,1
GiantCityRd_TON_12.03.25_LS,TON,210,8366,139.68,71.1,348.1,26.5,20.1,0.681,1
GiantCityRd_TON_12.03.25_LS,TON,210,8367,139.69,64.0,347.8,25.0,18.7,0.5685,1
GiantCityRd_TON_12.03.25_LS,TON,210,8368,139.71,54.9,347.6,26.5,18.4,0.6369,1
GiantCityRd_TON_12.03.25_LS,TON,210,8369,139.73,46.6,346.9,26.3,19.4,0.459,1
GiantCityRd_TON_12.03.25_LS,TON,210,8370,139.74,38.1,346.6,27.2,21.4,0.4012,1
GiantCityRd_TON_12.03.25_LS,TON,210,8371,139.76,28.1,347.0,26.9,20.2,0.6606,1
GiantCityRd_TON_12.03.25_LS,TON,210,8372,139.78,19.5,347.5,26.4,18.4,0.626,1
GiantCityRd_TON_12.03.25_LS,TON,210,8373,139.79,11.8,347.8,23.6,17.6,0.538,1
GiantCityRd_TON_12.03.25_LS,TON,210,8374,139.81,7.9,347.4,15.7,19.5,0.4138,1
GiantCityRd_TON_12.03.25_LS,TON,257,10210,170.46,546.3,179.7,38.4,30.8,0.7051,0
GiantCityRd_TON_12.03.25_LS,TON,257,10211,170.48,509.6,177.2,43.8,32.6,0.6275,0
GiantCityRd_TON_12.03.25_LS,TON,257,10212,170.5,470.3,176.8,46.3,35.0,0.6529,0
GiantCityRd_TON_12.03.25_LS,TON,257,10214,170.53,387.0,174.3,45.7,37.1,0.3516,0
GiantCityRd_TON_12.03.25_LS,TON,257,10215,170.55,345.9,171.9,53.0,38.3,0.4779,0
GiantCityRd_TON_12.03.25_LS,TON,257,10216,170.56,304.9,166.7,53.3,40.4,0.521,0
GiantCityRd_TON_12.03.25_LS,TON,257,10217,170.58,265.7,165.6,58.7,40.4,0.5113,0
GiantCityRd_TON_12.03.25_LS,TON,257,10219,170.61,182.3,160.2,57.0,38.8,0.314,0
GiantCityRd_TON_12.03.25_LS,TON,258,10217,170.58,477.9,155.5,46.0,34.9,0.5648,0
GiantCityRd_TON_12.03.25_LS,TON,258,10218,170.6,431.8,155.4,45.2,37.1,0.5789,0
GiantCityRd_TON_12.03.25_LS,TON,258,10225,170.71,111.8,146.1,44.8,35.3,0.6287,0
GiantCityRd_TON_12.03.25_LS,TON,264,11816,197.28,238.1,207.2,41.0,35.7,0.453,0
GiantCityRd_TON_12.03.25_LS,TON,264,11817,197.29,234.6,206.3,44.8,36.9,0.275,0
GiantCityRd_TON_12.03.25_LS,TON,264,11828,197.48,224.2,203.8,54.5,55.4,0.6203,0
N25thRdBlue_MAS_12.22.25_LS_V1,MAS,278,4073,67.88,552.8,333.4,32.6,28.8,0.4244,0
N25thRdBlue_MAS_12.22.25_LS_V1,MAS,278,4074,67.9,559.7,334.4,34.3,34.1,0.3098,0
N25thRdBlue_MAS_12.22.25_LS_V1,MAS,278,4076,67.93,574.8,334.0,33.6,32.4,0.4675,0
N25thRdBlue_MAS_12.22.25_LS_V1,MAS,278,4077,67.95,581.7,332.5,35.0,32.9,0.3987,0
N25thRdBlue_MAS_12.22.25_LS_V1,MAS,278,4078,67.97,589.8,331.5,33.6,27.0,0.4102,0
N25thRdBlue_MAS_12.22.25_LS_V1,MAS,278,4079,67.98,598.1,331.1,31.6,23.9,0.4442,0
N25thRdBlue_MAS_12.22.25_LS_V1,MAS,278,4080,68.0,604.9,330.0,29.8,23.7,0.5578,0
N25thRdBlue_MAS_12.22.25_LS_V1,MAS,278,4081,68.02,610.7,328.2,29.5,23.2,0.493,0
N25thRdBlue_MAS_12.22.25_LS_V1,MAS,278,4082,68.03,619.3,326.7,29.1,23.5,0.278,0
N25thRdBlue_MAS_12.22.25_LS_V1,MAS,281,6756,112.6,11.4,154.1,21.7,17.1,0.6015,1
N25thRdBlue_MAS_12.22.25_LS_V1,MAS,281,6758,112.63,21.0,152.9,25.2,17.7,0.5334,1
N25thRdBlue_MAS_12.22.25_LS_V1,MAS,281,6759,112.65,25.5,152.9,25.5,17.9,0.2656,1
N25thRdBlue_MAS_12.22.25_LS_V1,MAS,281,6762,112.7,42.7,153.9,26.8,16.8,0.4139,1
N25thRdBlue_MAS_12.22.25_LS_V1,MAS,281,6763,112.72,48.6,154.7,27.5,17.3,0.641,1
N25thRdBlue_MAS_12.22.25_LS_V1,MAS,281,6764,112.73,53.2,154.9,26.8,17.3,0.617,1
N25thRdBlue_MAS_12.22.25_LS_V1,MAS,281,6765,112.75,59.1,154.9,25.3,16.8,0.545,1
N25thRdBlue_MAS_12.22.25_LS_V1,MAS,281,6766,112.77,64.8,155.9,27.8,18.7,0.6662,1
N25thRdBlue_MAS_12.22.25_LS_V1,MAS,281,6767,112.78,69.1,156.3,26.4,18.8,0.6494,1
N25thRdBlue_MAS_12.22.25_LS_V1,MAS,281,6768,112.8,72.2,156.4,26.1,19.3,0.5528,1
N25thRdBlue_MAS_12.22.25_LS_V1,MAS,281,6771,112.85,87.0,156.0,27.6,20.2,0.3093,1
N25thRdBlue_MAS_12.22.25_LS_V1,MAS,281,6772,112.87,88.9,155.8,27.1,20.8,0.3671,1
N25thRdBlue_MAS_12.22.25_LS_V1,MAS,281,6773,112.88,93.5,154.8,27.3,19.0,0.5485,1
N25thRdBlue_MAS_12.22.25_LS_V1,MAS,281,6774,112.9,98.9,159.7,27.1,20.9,0.4851,1
N25thRdBlue_MAS_12.22.25_LS_V1,MAS,281,6775,112.92,102.1,159.8,27.6,20.9,0.41,1
N25thRdBlue_MAS_12.22.25_LS_V1,MAS,281,6777,112.95,109.5,158.6,28.4,20.4,0.5125,1
N25thRdBlue_MAS_12.22.25_LS_V1,MAS,281,6781,113.02,123.8,162.0,23.4,17.0,0.4617,1
N25thRdBlue_MAS_12.22.25_LS_V1,MAS,281,6782,113.03,125.0,162.8,23.4,16.7,0.3445,1
N25thRdBlue_MAS_12.22.25_LS_V1,MAS,281,6783,113.05,129.5,164.2,25.0,16.0,0.435,1
N25thRdBlue_MAS_12.22.25_LS_V1,MAS,281,6784,113.07,134.2,165.4,26.5,17.0,0.2514,1
N25thRdBlue_MAS_12.22.25_LS_V1,MAS,281,6785,113.08,137.3,167.1,26.1,17.3,0.3694,1
N25thRdBlue_MAS_12.22.25_LS_V1,MAS,281,6786,113.1,141.1,168.1,26.5,17.3,0.3246,1
N25thRdBlue_MAS_12.22.25_LS_V1,MAS,281,6787,113.12,146.8,169.2,28.4,18.1,0.4847,1
N25thRdBlue_MAS_12.22.25_LS_V1,MAS,281,6788,113.13,151.6,170.9,27.0,18.5,0.4505,1
N25thRdBlue_MAS_12.22.25_LS_V1,MAS,281,6789,113.15,155.2,171.6,26.0,17.9,0.5221,1
N25thRdBlue_MAS_12.22.25_LS_V1,MAS,281,6790,113.17,159.0,171.9,25.8,17.2,0.6041,1
N25thRdBlue_MAS_12.22.25_LS_V1,MAS,281,6791,113.18,163.2,173.0,26.5,16.9,0.5438,1
N25thRdBlue_MAS_12.22.25_LS_V1,MAS,281,6792,113.2,167.2,174.7,25.4,17.1,0.4425,1
N25thRdBlue_MAS_12.22.25_LS_V1,MAS,281,6793,113.22,169.9,174.7,24.3,16.0,0.332,1
N25thRdBlue_MAS_12.22.25_LS_V1,MAS,281,6794,113.23,173.7,175.6,25.0,16.2,0.411,1
N25thRdBlue_MAS_12.22.25_LS_V1,MAS,281,6795,113.25,176.4,175.8,24.4,15.3,0.3484,1
N25thRdBlue_MAS_12.22.25_LS_V1,MAS,281,6797,113.28,181.9,178.0,26.2,16.3,0.3703,1
N25thRdBlue_MAS_12.22.25_LS_V1,MAS,281,6798,113.3,184.8,179.6,27.7,17.5,0.4046,1
N25thRdBlue_MAS_12.22.25_LS_V1,MAS,281,6799,113.32,186.8,179.9,26.8,17.4,0.401,1
N25thRdBlue_MAS_12.22.25_LS_V1,MAS,281,6800,113.33,188.0,179.4,26.7,16.9,0.5229,1
N25thRdBlue_MAS_12.22.25_LS_V1,MAS,281,6803,113.38,195.1,181.0,24.2,16.6,0.3026,1
N25thRdBlue_MAS_12.22.25_LS_V1,MAS,281,6804,113.4,196.8,180.9,23.2,15.4,0.3251,1
N25thRdBlue_MAS_12.22.25_LS_V1,MAS,281,6805,113.42,198.5,180.7,23.3,15.0,0.3278,1
N25thRdBlue_MAS_12.22.25_LS_V1,MAS,281,6814,113.57,222.8,174.2,24.0,18.2,0.4143,1
N25thRdBlue_MAS_12.22.25_LS_V1,MAS,281,6815,113.58,225.8,172.3,24.2,19.1,0.5933,1
N25thRdBlue_MAS_12.22.25_LS_V1,MAS,281,6816,113.6,227.9,172.3,24.5,19.9,0.4966,1
N25thRdBlue_MAS_12.22.25_LS_V1,MAS,281,6817,113.62,230.2,171.2,24.3,19.1,0.3831,1
N25thRdBlue_MAS_12.22.25_LS_V1,MAS,281,6820,113.67,238.8,169.3,24.2,18.4,0.4266,1
N25thRdBlue_MAS_12.22.25_LS_V1,MAS,281,6821,113.68,240.9,168.8,23.2,17.9,0.3561,1
NMarseillesRd_MAS_12.22.25_LS_V1,MAS,315,214,3.57,65.3,347.9,20.3,18.7,0.3745,0
NMarseillesRd_MAS_12.22.25_LS_V1,MAS,315,217,3.62,33.4,346.1,20.9,18.7,0.3262,0
NMarseillesRd_MAS_12.22.25_LS_V1,MAS,315,218,3.63,29.0,348.9,20.5,19.0,0.2653,0
NMarseillesRd_MAS_12.22.25_LS_V1,MAS,322,1225,20.42,296.3,234.8,40.9,37.7,0.6014,1
NMarseillesRd_MAS_12.22.25_LS_V1,MAS,322,1226,20.43,286.6,234.2,36.4,33.1,0.5186,1
NMarseillesRd_MAS_12.22.25_LS_V1,MAS,322,1228,20.47,246.2,238.4,38.6,34.6,0.3644,1
NMarseillesRd_MAS_12.22.25_LS_V1,MAS,322,1229,20.48,237.2,241.9,37.8,34.7,0.6921,1
NMarseillesRd_MAS_12.22.25_LS_V1,MAS,322,1230,20.5,226.0,243.0,39.2,34.9,0.6569,1
NMarseillesRd_MAS_12.22.25_LS_V1,MAS,322,1231,20.52,208.0,244.4,38.3,33.2,0.6682,1
NMarseillesRd_MAS_12.22.25_LS_V1,MAS,322,1232,20.53,189.7,244.6,37.5,33.0,0.642,1
NMarseillesRd_MAS_12.22.25_LS_V1,MAS,322,1233,20.55,180.2,247.1,32.5,29.1,0.6372,1
NMarseillesRd_MAS_12.22.25_LS_V1,MAS,322,1234,20.57,170.6,247.2,31.8,27.5,0.7543,1
NMarseillesRd_MAS_12.22.25_LS_V1,MAS,322,1235,20.58,149.6,246.6,34.9,29.4,0.6589,1
NMarseillesRd_MAS_12.22.25_LS_V1,MAS,322,1237,20.62,114.2,249.3,31.8,27.5,0.708,1
NMarseillesRd_MAS_12.22.25_LS_V1,MAS,322,1238,20.63,108.1,252.2,33.8,29.4,0.7397,1
NMarseillesRd_MAS_12.22.25_LS_V1,MAS,322,1239,20.65,88.6,253.7,32.6,28.1,0.7402,1
NMarseillesRd_MAS_12.22.25_LS_V1,MAS,322,1241,20.68,51.6,256.0,33.6,31.3,0.6585,1
NMarseillesRd_MAS_12.22.25_LS_V1,MAS,322,1242,20.7,42.5,257.4,35.5,32.8,0.6236,1
NMarseillesRd_MAS_12.22.25_LS_V1,MAS,322,1243,20.72,26.0,263.4,31.7,30.5,0.4149,1
NMarseillesRd_MAS_12.22.25_LS_V1,MAS,322,1244,20.73,11.4,266.0,22.7,31.1,0.406,1
NMarseillesRd_MAS_12.22.25_LS_V1,MAS,352,7738,128.97,247.8,502.1,40.6,19.2,0.4593,1
NMarseillesRd_MAS_12.22.25_LS_V1,MAS,352,7739,128.98,254.7,502.2,42.5,19.7,0.5249,1
NMarseillesRd_MAS_12.22.25_LS_V1,MAS,352,7740,129.0,262.7,501.6,34.6,20.1,0.5336,1
NMarseillesRd_MAS_12.22.25_LS_V1,MAS,352,7741,129.02,267.6,501.3,33.7,20.8,0.5416,1
NMarseillesRd_MAS_12.22.25_LS_V1,MAS,352,7742,129.03,275.5,501.4,35.2,20.7,0.5746,1
NMarseillesRd_MAS_12.22.25_LS_V1,MAS,352,7743,129.05,283.3,501.0,37.5,21.9,0.5422,1
NMarseillesRd_MAS_12.22.25_LS_V1,MAS,352,7744,129.07,288.6,499.9,38.0,24.3,0.5436,1
NMarseillesRd_MAS_12.22.25_LS_V1,MAS,352,7745,129.08,293.8,499.3,37.7,25.1,0.4863,1
NMarseillesRd_MAS_12.22.25_LS_V1,MAS,352,7746,129.1,299.7,499.5,39.9,25.0,0.5183,1
NMarseillesRd_MAS_12.22.25_LS_V1,MAS,352,7747,129.12,306.8,500.1,41.2,23.8,0.5037,1
NMarseillesRd_MAS_12.22.25_LS_V1,MAS,352,7748,129.13,312.6,499.6,38.1,24.7,0.602,1
NMarseillesRd_MAS_12.22.25_LS_V1,MAS,352,7749,129.15,318.4,499.5,37.3,24.7,0.5803,1
NMarseillesRd_MAS_12.22.25_LS_V1,MAS,352,7750,129.17,324.0,499.4,39.6,24.9,0.5238,1
NMarseillesRd_MAS_12.22.25_LS_V1,MAS,352,7751,129.18,329.8,498.7,42.8,26.2,0.4148,1
NMarseillesRd_MAS_12.22.25_LS_V1,MAS,352,7752,129.2,336.8,498.6,38.4,26.3,0.5889,1
NMarseillesRd_MAS_12.22.25_LS_V1,MAS,352,7753,129.22,343.6,498.1,40.5,27.0,0.5421,1
NMarseillesRd_MAS_12.22.25_LS_V1,MAS,352,7754,129.23,348.0,497.3,42.6,28.5,0.6578,1
NMarseillesRd_MAS_12.22.25_LS_V1,MAS,352,7755,129.25,353.4,496.9,41.2,28.7,0.6475,1
NMarseillesRd_MAS_12.22.25_LS_V1,MAS,352,7756,129.27,361.3,496.4,43.5,30.0,0.5512,1
NMarseillesRd_MAS_12.22.25_LS_V1,MAS,352,7757,129.28,367.4,496.5,42.6,30.8,0.6399,1
NMarseillesRd_MAS_12.22.25_LS_V1,MAS,352,7758,129.3,372.6,495.1,46.0,32.0,0.6,1
NMarseillesRd_MAS_12.22.25_LS_V1,MAS,352,7759,129.32,378.5,494.4,48.5,33.1,0.3125,1
NMarseillesRd_MAS_12.22.25_LS_V1,MAS,352,7760,129.33,386.5,494.6,48.2,33.3,0.5916,1
NMarseillesRd_MAS_12.22.25_LS_V1,MAS,352,7761,129.35,391.4,494.1,49.7,34.5,0.4225,1
NMarseillesRd_MAS_12.22.25_LS_V1,MAS,352,7762,129.37,398.4,492.9,45.2,35.9,0.7054,1
NMarseillesRd_MAS_12.22.25_LS_V1,MAS,352,7763,129.38,404.1,493.3,44.3,34.9,0.6949,1
NMarseillesRd_MAS_12.22.25_LS_V1,MAS,352,7764,129.4,410.1,492.9,45.2,35.2,0.6959,1
NMarseillesRd_MAS_12.22.25_LS_V1,MAS,352,7765,129.42,417.0,492.7,44.6,36.0,0.6756,1
NMarseillesRd_MAS_12.22.25_LS_V1,MAS,352,7766,129.43,421.1,492.1,48.2,36.8,0.5575,1
NMarseillesRd_MAS_12.22.25_LS_V1,MAS,352,7767,129.45,424.9,491.2,48.5,37.9,0.6005,1
NMarseillesRd_MAS_12.22.25_LS_V1,MAS,352,7768,129.47,432.3,490.7,47.4,38.9,0.6404,1
NMarseillesRd_MAS_12.22.25_LS_V1,MAS,352,7769,129.48,437.6,490.3,50.4,39.7,0.4821,1
NMarseillesRd_MAS_12.22.25_LS_V1,MAS,352,7770,129.5,443.4,487.0,45.0,37.8,0.4905,1
NMarseillesRd_MAS_12.22.25_LS_V1,MAS,352,7771,129.52,448.3,484.6,42.0,35.6,0.4474,1
NMarseillesRd_MAS_12.22.25_LS_V1,MAS,352,7772,129.53,453.4,485.8,43.8,39.1,0.5657,1
NMarseillesRd_MAS_12.22.25_LS_V1,MAS,352,7773,129.55,459.1,486.9,44.3,42.1,0.6373,1
NMarseillesRd_MAS_12.22.25_LS_V1,MAS,352,7774,129.57,464.9,488.2,44.6,43.3,0.6126,1
NMarseillesRd_MAS_12.22.25_LS_V1,MAS,352,7775,129.58,468.9,489.2,47.9,42.8,0.5763,1
NMarseillesRd_MAS_12.22.25_LS_V1,MAS,352,7776,129.6,472.5,488.8,50.8,43.4,0.4706,1
NMarseillesRd_MAS_12.22.25_LS_V1,MAS,352,7777,129.62,475.2,489.4,52.6,42.4,0.5228,1
NMarseillesRd_MAS_12.22.25_LS_V1,MAS,352,7778,129.63,481.8,489.6,51.5,41.8,0.3657,1
NMarseillesRd_MAS_12.22.25_LS_V1,MAS,352,7779,129.65,489.9,488.7,46.0,38.2,0.5306,1
NMarseillesRd_MAS_12.22.25_LS_V1,MAS,352,7780,129.67,494.7,488.1,43.5,35.3,0.6297,1
NMarseillesRd_MAS_12.22.25_LS_V1,MAS,352,7781,129.68,499.6,488.7,42.9,35.9,0.5692,1
NMarseillesRd_MAS_12.22.25_LS_V1,MAS,352,7782,129.7,504.7,490.7,46.5,37.4,0.5555,1
NMarseillesRd_MAS_12.22.25_LS_V1,MAS,352,7783,129.72,509.7,491.8,50.1,37.2,0.5221,1
NMarseillesRd_MAS_12.22.25_LS_V1,MAS,352,7784,129.73,515.5,491.6,51.5,37.8,0.5953,1
NMarseillesRd_MAS_12.22.25_LS_V1,MAS,352,7785,129.75,518.6,489.9,53.9,39.6,0.4907,1
NMarseillesRd_MAS_12.22.25_LS_V1,MAS,352,7786,129.77,526.1,488.4,48.1,38.8,0.4482,1
NMarseillesRd_MAS_12.22.25_LS_V1,MAS,352,7787,129.78,531.7,489.2,49.0,39.3,0.5157,1
NMarseillesRd_MAS_12.22.25_LS_V1,MAS,352,7788,129.8,538.8,489.1,48.9,41.2,0.4257,1
NMarseillesRd_MAS_12.22.25_LS_V1,MAS,352,7789,129.82,544.6,488.2,44.8,42.8,0.6366,1
NMarseillesRd_MAS_12.22.25_LS_V1,MAS,352,7790,129.83,548.1,487.0,44.1,42.4,0.5578,1
NMarseillesRd_MAS_12.22.25_LS_V1,MAS,352,7791,129.85,552.4,486.1,46.0,43.4,0.3053,1
NMarseillesRd_MAS_12.22.25_LS_V1,MAS,352,7792,129.87,558.3,485.7,44.4,40.7,0.5602,1
NMarseillesRd_MAS_12.22.25_LS_V1,MAS,352,7793,129.88,564.4,485.4,43.8,43.1,0.531,1
NMarseillesRd_MAS_12.22.25_LS_V1,MAS,352,7794,129.9,570.3,485.1,44.1,45.7,0.2784,1
NMarseillesRd_MAS_12.22.25_LS_V1,MAS,352,7796,129.93,579.0,484.1,44.1,45.9,0.2981,1
NMarseillesRd_MAS_12.22.25_LS_V1,MAS,352,7797,129.95,584.6,483.9,44.6,48.0,0.4871,1
NMarseillesRd_MAS_12.22.25_LS_V1,MAS,352,7798,129.97,589.0,483.0,42.4,47.1,0.5599,1
NMarseillesRd_MAS_12.22.25_LS_V1,MAS,352,7799,129.98,593.0,481.1,41.2,44.8,0.4503,1
NMarseillesRd_MAS_12.22.25_LS_V1,MAS,352,7800,130.0,596.8,481.3,41.3,44.3,0.5728,1
NMarseillesRd_MAS_12.22.25_LS_V1,MAS,352,7801,130.02,602.4,480.9,40.9,46.6,0.4773,1
NMarseillesRd_MAS_12.22.25_LS_V1,MAS,354,7760,129.33,209.6,503.1,49.7,17.8,0.3717,1
NMarseillesRd_MAS_12.22.25_LS_V1,MAS,354,7761,129.35,217.8,501.8,50.4,20.2,0.4793,1
NMarseillesRd_MAS_12.22.25_LS_V1,MAS,354,7762,129.37,226.3,501.7,47.6,20.3,0.5346,1
NMarseillesRd_MAS_12.22.25_LS_V1,MAS,354,7763,129.38,232.2,501.7,48.5,20.6,0.5653,1
NMarseillesRd_MAS_12.22.25_LS_V1,MAS,354,7764,129.4,238.3,501.4,46.3,20.9,0.6074,1
NMarseillesRd_MAS_12.22.25_LS_V1,MAS,354,7765,129.42,245.3,501.9,46.7,20.2,0.5942,1
NMarseillesRd_MAS_12.22.25_LS_V1,MAS,354,7766,129.43,253.2,500.9,47.0,22.2,0.5007,1
NMarseillesRd_MAS_12.22.25_LS_V1,MAS,354,7767,129.45,259.1,499.6,49.2,24.0,0.6456,1
NMarseillesRd_MAS_12.22.25_LS_V1,MAS,354,7768,129.47,265.2,499.2,51.4,25.1,0.6225,1
NMarseillesRd_MAS_12.22.25_LS_V1,MAS,354,7769,129.48,270.7,498.6,54.1,26.5,0.6511,1
NMarseillesRd_MAS_12.22.25_LS_V1,MAS,354,7770,129.5,277.6,497.7,53.6,28.3,0.538,1
NMarseillesRd_MAS_12.22.25_LS_V1,MAS,354,7771,129.52,282.3,497.4,51.5,29.1,0.51,1
NMarseillesRd_MAS_12.22.25_LS_V1,MAS,354,7772,129.53,286.5,497.3,54.3,29.3,0.3143,1
NMarseillesRd_MAS_12.22.25_LS_V1,MAS,354,7773,129.55,291.8,496.9,54.2,30.3,0.444,1
NMarseillesRd_MAS_12.22.25_LS_V1,MAS,354,7774,129.57,298.3,498.1,53.2,27.8,0.6009,1
NMarseillesRd_MAS_12.22.25_LS_V1,MAS,354,7775,129.58,303.5,498.5,52.8,27.0,0.5588,1
NMarseillesRd_MAS_12.22.25_LS_V1,MAS,354,7776,129.6,308.9,498.6,53.3,26.7,0.6254,1
NMarseillesRd_MAS_12.22.25_LS_V1,MAS,354,7777,129.62,313.1,498.6,53.7,26.8,0.3924,1
NMarseillesRd_MAS_12.22.25_LS_V1,MAS,354,7778,129.63,319.7,499.3,51.9,25.5,0.6072,1
NMarseillesRd_MAS_12.22.25_LS_V1,MAS,354,7779,129.65,325.1,499.2,52.2,25.7,0.6134,1
NMarseillesRd_MAS_12.22.25_LS_V1,MAS,354,7780,129.67,330.9,499.4,52.3,25.1,0.4071,1
NMarseillesRd_MAS_12.22.25_LS_V1,MAS,354,7783,129.72,346.9,499.5,54.8,24.9,0.3788,1
NMarseillesRd_MAS_12.22.25_LS_V1,MAS,354,7784,129.73,353.9,499.5,54.0,24.9,0.5358,1
NMarseillesRd_MAS_12.22.25_LS_V1,MAS,354,7785,129.75,359.4,499.1,54.6,25.1,0.6393,1
NMarseillesRd_MAS_12.22.25_LS_V1,MAS,354,7786,129.77,365.5,498.7,53.5,25.6,0.607,1
NMarseillesRd_MAS_12.22.25_LS_V1,MAS,354,7787,129.78,372.2,498.9,51.4,25.4,0.5963,1
NMarseillesRd_MAS_12.22.25_LS_V1,MAS,354,7788,129.8,380.5,499.1,50.7,25.3,0.571,1
NMarseillesRd_MAS_12.22.25_LS_V1,MAS,354,7789,129.82,385.2,497.9,51.0,27.2,0.613,1
NMarseillesRd_MAS_12.22.25_LS_V1,MAS,354,7790,129.83,387.8,496.9,54.0,29.1,0.2601,1
NMarseillesRd_MAS_12.22.25_LS_V1,MAS,354,7791,129.85,385.3,497.5,55.2,27.9,0.3848,1
NMarseillesRd_MAS_12.22.25_LS_V1,MAS,354,7792,129.87,395.4,497.1,65.7,28.9,0.2919,1
NMarseillesRd_MAS_12.22.25_LS_V1,MAS,359,8285,138.08,102.6,488.3,31.3,14.2,0.6033,0
NMarseillesRd_MAS_12.22.25_LS_V1,MAS,359,8286,138.1,103.3,488.0,32.7,14.2,0.4186,0
NMarseillesRd_MAS_12.22.25_LS_V1,MAS,359,8287,138.12,105.3,488.3,34.0,14.9,0.2855,0
NMarseillesRd_MAS_12.22.25_LS_V1,MAS,359,8288,138.13,108.1,487.7,31.7,14.6,0.3322,0
NMarseillesRd_MAS_12.22.25_LS_V1,MAS,371,10044,167.4,609.5,325.0,48.7,51.7,0.7116,1
NMarseillesRd_MAS_12.22.25_LS_V1,MAS,371,10045,167.42,602.3,325.4,48.1,49.6,0.7143,1
NMarseillesRd_MAS_12.22.25_LS_V1,MAS,371,10046,167.43,596.7,326.1,47.4,47.6,0.6798,1
NMarseillesRd_MAS_12.22.25_LS_V1,MAS,371,10047,167.45,594.0,323.7,50.2,51.9,0.745,1
NMarseillesRd_MAS_12.22.25_LS_V1,MAS,371,10048,167.47,588.1,322.9,48.9,53.4,0.7463,1
NMarseillesRd_MAS_12.22.25_LS_V1,MAS,371,10049,167.48,580.8,321.5,53.2,55.7,0.7559,1
NMarseillesRd_MAS_12.22.25_LS_V1,MAS,371,10050,167.5,570.8,320.0,51.1,54.7,0.7819,1
NMarseillesRd_MAS_12.22.25_LS_V1,MAS,371,10051,167.52,566.5,319.9,50.9,53.7,0.8024,1
NMarseillesRd_MAS_12.22.25_LS_V1,MAS,371,10052,167.53,559.8,319.2,51.4,53.4,0.757,1
NMarseillesRd_MAS_12.22.25_LS_V1,MAS,371,10053,167.55,553.7,318.0,50.7,46.9,0.7206,1
NMarseillesRd_MAS_12.22.25_LS_V1,MAS,371,10054,167.57,545.5,318.8,49.8,45.4,0.6353,1
NMarseillesRd_MAS_12.22.25_LS_V1,MAS,371,10055,167.58,535.0,315.0,48.5,46.5,0.7715,1
NMarseillesRd_MAS_12.22.25_LS_V1,MAS,371,10056,167.6,529.2,315.3,45.3,48.6,0.7663,1
NMarseillesRd_MAS_12.22.25_LS_V1,MAS,371,10057,167.62,526.0,314.9,46.7,52.9,0.7779,1
NMarseillesRd_MAS_12.22.25_LS_V1,MAS,371,10058,167.63,519.9,314.3,47.3,53.8,0.7719,1
NMarseillesRd_MAS_12.22.25_LS_V1,MAS,371,10059,167.65,513.2,311.3,50.7,53.2,0.7224,1
NMarseillesRd_MAS_12.22.25_LS_V1,MAS,371,10060,167.67,504.6,309.8,49.6,52.1,0.7913,1
NMarseillesRd_MAS_12.22.25_LS_V1,MAS,371,10061,167.68,500.2,309.4,47.8,50.7,0.8406,1
NMarseillesRd_MAS_12.22.25_LS_V1,MAS,371,10062,167.7,495.5,308.2,46.7,51.4,0.8399,1
NMarseillesRd_MAS_12.22.25_LS_V1,MAS,371,10063,167.72,488.0,306.8,46.6,53.8,0.7993,1
NMarseillesRd_MAS_12.22.25_LS_V1,MAS,371,10064,167.73,480.1,305.0,45.7,53.9,0.7495,1
NMarseillesRd_MAS_12.22.25_LS_V1,MAS,371,10065,167.75,472.5,304.0,46.6,51.2,0.6759,1
NMarseillesRd_MAS_12.22.25_LS_V1,MAS,371,10066,167.77,466.0,301.2,45.6,51.2,0.6669,1
NMarseillesRd_MAS_12.22.25_LS_V1,MAS,371,10067,167.78,462.6,299.6,44.1,51.8,0.5007,1
NMarseillesRd_MAS_12.22.25_LS_V1,MAS,371,10068,167.8,455.8,298.9,43.6,51.9,0.7462,1
NMarseillesRd_MAS_12.22.25_LS_V1,MAS,371,10069,167.82,447.6,293.5,43.8,54.1,0.7832,1
NMarseillesRd_MAS_12.22.25_LS_V1,MAS,371,10070,167.83,441.1,290.6,42.8,52.5,0.7161,1
NMarseillesRd_MAS_12.22.25_LS_V1,MAS,371,10071,167.85,436.1,286.1,42.0,53.7,0.7124,1
NMarseillesRd_MAS_12.22.25_LS_V1,MAS,371,10072,167.87,429.6,283.8,44.5,53.5,0.7876,1
NMarseillesRd_MAS_12.22.25_LS_V1,MAS,371,10073,167.88,421.7,279.8,46.2,53.1,0.8086,1
NMarseillesRd_MAS_12.22.25_LS_V1,MAS,371,10074,167.9,414.6,273.7,44.8,51.1,0.7721,1
NMarseillesRd_MAS_12.22.25_LS_V1,MAS,371,10075,167.92,407.9,270.9,45.0,49.5,0.7816,1
NMarseillesRd_MAS_12.22.25_LS_V1,MAS,371,10076,167.93,402.3,270.1,46.0,50.9,0.733,1
NMarseillesRd_MAS_12.22.25_LS_V1,MAS,371,10077,167.95,396.1,269.9,47.5,52.0,0.7628,1
NMarseillesRd_MAS_12.22.25_LS_V1,MAS,371,10078,167.97,388.0,268.0,46.6,49.1,0.7346,1
NMarseillesRd_MAS_12.22.25_LS_V1,MAS,371,10079,167.98,381.7,266.2,46.8,48.4,0.7876,1
NMarseillesRd_MAS_12.22.25_LS_V1,MAS,371,10080,168.0,374.3,265.0,46.0,48.2,0.8142,1
NMarseillesRd_MAS_12.22.25_LS_V1,MAS,371,10081,168.02,368.6,265.2,42.2,47.0,0.7992,1
NMarseillesRd_MAS_12.22.25_LS_V1,MAS,371,10082,168.03,360.9,264.3,41.5,47.7,0.7413,1
NMarseillesRd_MAS_12.22.25_LS_V1,MAS,371,10084,168.07,343.3,260.3,42.5,43.5,0.2783,1
NMarseillesRd_MAS_12.22.25_LS_V1,MAS,371,10085,168.08,336.6,261.7,43.1,45.5,0.6377,1
NMarseillesRd_MAS_12.22.25_LS_V1,MAS,371,10089,168.15,319.8,253.2,47.2,61.0,0.6933,1
NMarseillesRd_MAS_12.22.25_LS_V1,MAS,371,10090,168.17,313.0,252.0,46.7,61.3,0.7007,1
NMarseillesRd_MAS_12.22.25_LS_V1,MAS,371,10091,168.18,311.7,250.7,40.7,58.0,0.6866,1
NMarseillesRd_MAS_12.22.25_LS_V1,MAS,373,10094,168.23,279.8,243.3,37.0,42.2,0.7131,0
NMarseillesRd_MAS_12.22.25_LS_V1,MAS,373,10095,168.25,279.3,245.2,34.9,40.9,0.6459,0
NMarseillesRd_MAS_12.22.25_LS_V1,MAS,373,10096,168.27,271.6,245.0,34.6,38.8,0.6326,0
NMarseillesRd_MAS_12.22.25_LS_V1,MAS,373,10097,168.28,260.8,245.1,34.8,37.8,0.6766,0
NMarseillesRd_MAS_12.22.25_LS_V1,MAS,373,10098,168.3,254.3,243.8,35.8,40.0,0.6327,0
NMarseillesRd_MAS_12.22.25_LS_V1,MAS,373,10099,168.32,250.6,251.0,41.4,57.0,0.4247,0
NMarseillesRd_MAS_12.22.25_LS_V1,MAS,376,10115,168.58,127.9,230.3,37.4,40.4,0.4283,0
NMarseillesRd_MAS_12.22.25_LS_V1,MAS,376,10116,168.6,121.4,228.7,40.0,45.8,0.7173,0
NMarseillesRd_MAS_12.22.25_LS_V1,MAS,376,10117,168.62,113.0,225.1,40.0,50.0,0.5286,0
NMarseillesRd_MAS_12.22.25_LS_V1,MAS,376,10118,168.63,102.5,222.3,42.9,54.1,0.5692,0
NMarseillesRd_MAS_12.22.25_LS_V1,MAS,376,10119,168.65,98.6,219.7,43.8,57.1,0.653,0
NMarseillesRd_MAS_12.22.25_LS_V1,MAS,382,10565,176.08,554.9,110.4,38.6,34.9,0.6228,1
NMarseillesRd_MAS_12.22.25_LS_V1,MAS,382,10566,176.1,550.5,110.6,39.8,34.4,0.3828,1
NMarseillesRd_MAS_12.22.25_LS_V1,MAS,382,10572,176.2,509.4,124.0,51.1,43.1,0.4922,1
NMarseillesRd_MAS_12.22.25_LS_V1,MAS,382,10573,176.22,502.0,126.5,50.0,43.2,0.6414,1
NMarseillesRd_MAS_12.22.25_LS_V1,MAS,382,10574,176.23,492.9,127.8,46.0,43.9,0.6518,1
NMarseillesRd_MAS_12.22.25_LS_V1,MAS,382,10575,176.25,485.0,129.4,44.8,43.1,0.5068,1
NMarseillesRd_MAS_12.22.25_LS_V1,MAS,382,10576,176.27,479.6,130.2,43.1,42.4,0.638,1
NMarseillesRd_MAS_12.22.25_LS_V1,MAS,382,10577,176.28,472.7,130.3,42.0,41.2,0.6805,1
NMarseillesRd_MAS_12.22.25_LS_V1,MAS,382,10578,176.3,463.8,131.1,43.2,42.3,0.7061,1
NMarseillesRd_MAS_12.22.25_LS_V1,MAS,382,10579,176.32,455.8,132.9,47.1,43.8,0.596,1
NMarseillesRd_MAS_12.22.25_LS_V1,MAS,382,10580,176.33,450.0,134.5,47.0,44.7,0.5306,1
NMarseillesRd_MAS_12.22.25_LS_V1,MAS,382,10581,176.35,443.4,135.0,44.5,43.8,0.6538,1
NMarseillesRd_MAS_12.22.25_LS_V1,MAS,382,10582,176.37,435.9,135.3,46.9,45.7,0.6069,1
NMarseillesRd_MAS_12.22.25_LS_V1,MAS,382,10583,176.38,429.1,136.6,47.3,45.2,0.701,1
NMarseillesRd_MAS_12.22.25_LS_V1,MAS,382,10584,176.4,423.8,137.5,44.3,43.5,0.7436,1
NMarseillesRd_MAS_12.22.25_LS_V1,MAS,382,10585,176.42,417.5,137.6,44.3,44.1,0.7353,1
NMarseillesRd_MAS_12.22.25_LS_V1,MAS,382,10586,176.43,410.2,138.9,44.9,43.5,0.7419,1
NMarseillesRd_MAS_12.22.25_LS_V1,MAS,382,10587,176.45,403.9,139.5,44.3,43.3,0.7244,1
NMarseillesRd_MAS_12.22.25_LS_V1,MAS,382,10588,176.47,399.1,139.6,44.3,43.1,0.7595,1
NMarseillesRd_MAS_12.22.25_LS_V1,MAS,382,10589,176.48,390.6,140.1,43.2,43.2,0.722,1
NMarseillesRd_MAS_12.22.25_LS_V1,MAS,382,10590,176.5,383.6,140.4,42.4,42.3,0.6863,1
NMarseillesRd_MAS_12.22.25_LS_V1,MAS,382,10591,176.52,376.3,141.8,42.9,42.2,0.6957,1
NMarseillesRd_MAS_12.22.25_LS_V1,MAS,382,10592,176.53,370.5,142.8,42.0,42.2,0.7405,1
NMarseillesRd_MAS_12.22.25_LS_V1,MAS,382,10593,176.55,362.9,143.0,41.5,42.4,0.7109,1
NMarseillesRd_MAS_12.22.25_LS_V1,MAS,382,10594,176.57,355.2,143.2,40.6,41.8,0.6426,1
NMarseillesRd_MAS_12.22.25_LS_V1,MAS,382,10595,176.58,352.5,145.2,42.7,40.8,0.4976,1
NMarseillesRd_MAS_12.22.25_LS_V1,MAS,382,10596,176.6,344.9,146.8,43.0,41.6,0.7462,1
NMarseillesRd_MAS_12.22.25_LS_V1,MAS,382,10597,176.62,338.0,147.7,43.7,41.2,0.6819,1
NMarseillesRd_MAS_12.22.25_LS_V1,MAS,382,10598,176.63,327.8,149.2,42.6,40.0,0.6892,1
NMarseillesRd_MAS_12.22.25_LS_V1,MAS,382,10599,176.65,318.6,149.6,40.5,38.4,0.7042,1
NMarseillesRd_MAS_12.22.25_LS_V1,MAS,382,10600,176.67,313.2,150.8,45.4,42.3,0.4745,1
NMarseillesRd_MAS_12.22.25_LS_V1,MAS,382,10601,176.68,304.6,150.4,45.1,43.5,0.5724,1
NMarseillesRd_MAS_12.22.25_LS_V1,MAS,382,10602,176.7,296.7,150.7,44.2,44.3,0.6042,1
NMarseillesRd_MAS_12.22.25_LS_V1,MAS,382,10603,176.72,288.7,152.9,43.5,42.4,0.512,1
NMarseillesRd_MAS_12.22.25_LS_V1,MAS,382,10604,176.73,280.7,153.0,40.5,38.4,0.7101,1
NMarseillesRd_MAS_12.22.25_LS_V1,MAS,382,10605,176.75,273.6,152.7,39.7,38.4,0.711,1
NMarseillesRd_MAS_12.22.25_LS_V1,MAS,382,10606,176.77,264.6,152.9,42.7,40.6,0.6136,1
NMarseillesRd_MAS_12.22.25_LS_V1,MAS,382,10607,176.78,256.5,153.2,43.4,39.9,0.64,1
NMarseillesRd_MAS_12.22.25_LS_V1,MAS,382,10608,176.8,249.8,153.7,46.8,41.7,0.4359,1
NMarseillesRd_MAS_12.22.25_LS_V1,MAS,382,10611,176.85,224.9,152.5,42.5,43.7,0.3871,1
NMarseillesRd_MAS_12.22.25_LS_V1,MAS,382,10612,176.87,218.1,151.0,42.5,43.8,0.5302,1
NMarseillesRd_MAS_12.22.25_LS_V1,MAS,382,10622,177.03,139.1,142.1,40.9,41.3,0.5792,1
NMarseillesRd_MAS_12.22.25_LS_V1,MAS,382,10623,177.05,131.0,139.6,40.9,40.4,0.4873,1
NMarseillesRd_MAS_12.22.25_LS_V1,MAS,382,10624,177.07,124.4,136.7,43.2,40.8,0.6742,1
NMarseillesRd_MAS_12.22.25_LS_V1,MAS,382,10626,177.1,108.8,137.5,44.4,39.8,0.6253,1
NMarseillesRd_MAS_12.22.25_LS_V1,MAS,382,10627,177.12,102.4,138.3,46.5,41.1,0.5967,1
NMarseillesRd_MAS_12.22.25_LS_V1,MAS,382,10628,177.13,97.6,134.9,47.7,42.7,0.5122,1
NMarseillesRd_MAS_12.22.25_LS_V1,MAS,382,10629,177.15,86.3,134.3,46.2,42.9,0.5283,1
NMarseillesRd_MAS_12.22.25_LS_V1,MAS,382,10630,177.17,81.9,133.8,44.9,41.9,0.4509,1
NMarseillesRd_MAS_12.22.25_LS_V1,MAS,382,10631,177.18,71.7,130.8,42.7,41.3,0.6085,1
NMarseillesRd_MAS_12.22.25_LS_V1,MAS,382,10632,177.2,66.1,132.0,46.7,42.7,0.6443,1
NMarseillesRd_MAS_12.22.25_LS_V1,MAS,382,10633,177.22,59.6,131.0,48.9,42.4,0.5438,1
NMarseillesRd_MAS_12.22.25_LS_V1,MAS,382,10634,177.23,53.8,131.6,51.2,42.5,0.5242,1
NMarseillesRd_MAS_12.22.25_LS_V1,MAS,382,10635,177.25,46.1,131.5,52.0,40.4,0.5237,1
NMarseillesRd_MAS_12.22.25_LS_V1,MAS,382,10636,177.27,37.5,131.1,50.4,38.9,0.4688,1
NMarseillesRd_MAS_12.22.25_LS_V1,MAS,382,10637,177.28,28.1,130.2,49.2,39.4,0.6134,1
NMarseillesRd_MAS_12.22.25_LS_V1,MAS,388,10815,180.25,615.6,215.3,33.4,31.6,0.6979,1
NMarseillesRd_MAS_12.22.25_LS_V1,MAS,388,10816,180.27,605.2,216.7,33.1,33.9,0.7377,1
NMarseillesRd_MAS_12.22.25_LS_V1,MAS,388,10817,180.28,596.6,217.8,32.9,32.6,0.7349,1
NMarseillesRd_MAS_12.22.25_LS_V1,MAS,388,10818,180.3,583.8,217.9,34.9,34.1,0.7314,1
NMarseillesRd_MAS_12.22.25_LS_V1,MAS,388,10819,180.32,569.8,216.8,35.1,34.6,0.7451,1
NMarseillesRd_MAS_12.22.25_LS_V1,MAS,388,10820,180.33,556.0,217.1,35.2,35.4,0.7423,1
NMarseillesRd_MAS_12.22.25_LS_V1,MAS,388,10821,180.35,541.9,218.4,36.8,36.4,0.7857,1
NMarseillesRd_MAS_12.22.25_LS_V1,MAS,388,10822,180.37,528.0,217.3,37.7,37.7,0.7878,1
NMarseillesRd_MAS_12.22.25_LS_V1,MAS,388,10823,180.38,514.8,216.4,36.1,36.5,0.7784,1
NMarseillesRd_MAS_12.22.25_LS_V1,MAS,388,10824,180.4,502.6,216.6,35.7,36.4,0.7716,1
NMarseillesRd_MAS_12.22.25_LS_V1,MAS,388,10825,180.42,489.3,215.8,35.0,36.3,0.771,1
NMarseillesRd_MAS_12.22.25_LS_V1,MAS,388,10826,180.43,477.1,213.8,34.0,36.3,0.7479,1
NMarseillesRd_MAS_12.22.25_LS_V1,MAS,388,10827,180.45,465.8,214.8,34.2,36.7,0.7649,1
NMarseillesRd_MAS_12.22.25_LS_V1,MAS,388,10828,180.47,454.8,215.3,36.6,38.9,0.756,1
NMarseillesRd_MAS_12.22.25_LS_V1,MAS,388,10829,180.48,439.0,213.7,35.3,39.1,0.7451,1
NMarseillesRd_MAS_12.22.25_LS_V1,MAS,388,10830,180.5,429.3,212.7,35.3,39.8,0.7336,1
NMarseillesRd_MAS_12.22.25_LS_V1,MAS,388,10831,180.52,418.9,214.4,38.8,43.2,0.7519,1
NMarseillesRd_MAS_12.22.25_LS_V1,MAS,388,10832,180.53,400.1,216.0,38.9,44.9,0.7628,1
NMarseillesRd_MAS_12.22.25_LS_V1,MAS,388,10833,180.55,387.9,217.9,41.1,47.6,0.7427,1
NMarseillesRd_MAS_12.22.25_LS_V1,MAS,388,10834,180.57,373.0,223.3,41.4,45.6,0.7758,1
NMarseillesRd_MAS_12.22.25_LS_V1,MAS,388,10835,180.58,361.8,222.8,40.2,43.8,0.7696,1
NMarseillesRd_MAS_12.22.25_LS_V1,MAS,388,10836,180.6,347.2,225.5,38.4,41.6,0.7713,1
NMarseillesRd_MAS_12.22.25_LS_V1,MAS,388,10837,180.62,332.8,227.8,40.8,41.3,0.8589,1
NMarseillesRd_MAS_12.22.25_LS_V1,MAS,388,10838,180.63,317.9,228.6,41.8,42.6,0.7914,1
NMarseillesRd_MAS_12.22.25_LS_V1,MAS,388,10839,180.65,306.7,233.4,39.4,40.9,0.7852,1
NMarseillesRd_MAS_12.22.25_LS_V1,MAS,388,10840,180.67,292.7,235.2,37.3,38.4,0.758,1
NMarseillesRd_MAS_12.22.25_LS_V1,MAS,388,10841,180.68,275.0,239.7,37.8,39.5,0.7706,1
NMarseillesRd_MAS_12.22.25_LS_V1,MAS,388,10842,180.7,259.5,241.4,36.2,37.2,0.8153,1
NMarseillesRd_MAS_12.22.25_LS_V1,MAS,388,10843,180.72,245.6,245.9,36.3,37.3,0.734,1
NMarseillesRd_MAS_12.22.25_LS_V1,MAS,388,10844,180.73,231.1,250.1,36.7,37.2,0.7301,1
NMarseillesRd_MAS_12.22.25_LS_V1,MAS,388,10845,180.75,215.8,252.7,35.4,35.0,0.7934,1
NMarseillesRd_MAS_12.22.25_LS_V1,MAS,388,10846,180.77,197.0,258.0,36.8,37.1,0.7999,1
NMarseillesRd_MAS_12.22.25_LS_V1,MAS,388,10847,180.78,181.3,262.1,36.7,36.9,0.7756,1
NMarseillesRd_MAS_12.22.25_LS_V1,MAS,388,10848,180.8,169.5,266.0,39.1,38.4,0.7031,1
NMarseillesRd_MAS_12.22.25_LS_V1,MAS,388,10849,180.82,157.0,269.4,37.3,38.9,0.7173,1
NMarseillesRd_MAS_12.22.25_LS_V1,MAS,388,10850,180.83,143.0,274.8,36.6,37.7,0.7691,1
NMarseillesRd_MAS_12.22.25_LS_V1,MAS,388,10851,180.85,127.4,278.1,35.8,37.0,0.7825,1
NMarseillesRd_MAS_12.22.25_LS_V1,MAS,388,10852,180.87,111.2,281.5,36.3,37.8,0.7965,1
NMarseillesRd_MAS_12.22.25_LS_V1,MAS,388,10853,180.88,90.9,282.8,35.7,39.3,0.801,1
NMarseillesRd_MAS_12.22.25_LS_V1,MAS,388,10854,180.9,76.9,283.5,35.3,39.6,0.7648,1
NMarseillesRd_MAS_12.22.25_LS_V1,MAS,388,10855,180.92,62.3,286.1,37.4,41.1,0.7912,1
NMarseillesRd_MAS_12.22.25_LS_V1,MAS,388,10856,180.93,44.8,288.2,37.7,40.8,0.7308,1
NMarseillesRd_MAS_12.22.25_LS_V1,MAS,388,10857,180.95,27.0,290.5,36.0,38.2,0.7569,1
NMarseillesRd_MAS_12.22.25_LS_V1,MAS,388,10858,180.97,16.9,291.1,33.9,39.4,0.6446,1
NMarseillesRd_MAS_12.22.25_LS_V1,MAS,394,11494,191.57,237.7,285.5,32.4,34.4,0.5939,0
NMarseillesRd_MAS_12.22.25_LS_V1,MAS,394,11496,191.6,214.0,288.9,33.1,34.6,0.7316,0
NMarseillesRd_MAS_12.22.25_LS_V1,MAS,394,11497,191.62,205.3,289.0,33.6,36.8,0.3944,0
NMarseillesRd_MAS_12.22.25_LS_V1,MAS,416,12999,216.65,614.6,437.6,44.0,44.1,0.7725,1
NMarseillesRd_MAS_12.22.25_LS_V1,MAS,416,13000,216.67,606.5,439.1,48.0,46.1,0.754,1
NMarseillesRd_MAS_12.22.25_LS_V1,MAS,416,13001,216.68,593.5,440.7,49.7,45.4,0.6292,1
NMarseillesRd_MAS_12.22.25_LS_V1,MAS,416,13002,216.7,572.4,442.9,46.9,42.2,0.6518,1
NMarseillesRd_MAS_12.22.25_LS_V1,MAS,416,13003,216.72,557.8,443.0,45.3,40.1,0.5983,1
NMarseillesRd_MAS_12.22.25_LS_V1,MAS,416,13004,216.73,544.3,449.2,44.5,40.8,0.688,1
NMarseillesRd_MAS_12.22.25_LS_V1,MAS,416,13005,216.75,525.2,451.0,44.4,39.7,0.6928,1
NMarseillesRd_MAS_12.22.25_LS_V1,MAS,416,13006,216.77,510.6,451.3,45.0,43.2,0.791,1
NMarseillesRd_MAS_12.22.25_LS_V1,MAS,416,13007,216.78,495.8,457.2,46.7,43.5,0.7341,1
NMarseillesRd_MAS_12.22.25_LS_V1,MAS,416,13008,216.8,478.4,457.5,46.6,41.2,0.6806,1
NMarseillesRd_MAS_12.22.25_LS_V1,MAS,416,13009,216.82,461.9,462.1,49.0,45.5,0.696,1
NMarseillesRd_MAS_12.22.25_LS_V1,MAS,416,13010,216.83,446.3,464.2,47.9,45.5,0.8129,1
NMarseillesRd_MAS_12.22.25_LS_V1,MAS,416,13011,216.85,432.1,468.8,47.2,46.1,0.7587,1
NMarseillesRd_MAS_12.22.25_LS_V1,MAS,416,13012,216.87,412.1,473.3,47.4,47.4,0.7371,1
NMarseillesRd_MAS_12.22.25_LS_V1,MAS,416,13013,216.88,392.5,473.3,47.0,47.6,0.7363,1
NMarseillesRd_MAS_12.22.25_LS_V1,MAS,416,13014,216.9,380.0,479.8,46.5,48.7,0.7283,1
NMarseillesRd_MAS_12.22.25_LS_V1,MAS,416,13015,216.92,366.4,482.2,46.9,47.6,0.73,1
NMarseillesRd_MAS_12.22.25_LS_V1,MAS,416,13016,216.93,349.1,486.1,47.1,48.1,0.7755,1
NMarseillesRd_MAS_12.22.25_LS_V1,MAS,416,13017,216.95,328.4,489.0,46.4,45.8,0.6203,1
NMarseillesRd_MAS_12.22.25_LS_V1,MAS,416,13018,216.97,309.7,489.8,46.7,44.3,0.6201,1
NMarseillesRd_MAS_12.22.25_LS_V1,MAS,416,13019,216.98,296.6,492.1,46.0,39.7,0.6873,1
NMarseillesRd_MAS_12.22.25_LS_V1,MAS,416,13020,217.0,279.3,494.3,49.2,35.4,0.6939,1
NMarseillesRd_MAS_12.22.25_LS_V1,MAS,416,13021,217.02,260.9,495.9,46.8,32.1,0.6229,1
NMarseillesRd_MAS_12.22.25_LS_V1,MAS,419,13859,230.98,611.2,372.3,36.9,39.1,0.5561,1
NMarseillesRd_MAS_12.22.25_LS_V1,MAS,419,13860,231.0,597.8,371.6,37.4,39.1,0.6224,1
NMarseillesRd_MAS_12.22.25_LS_V1,MAS,419,13861,231.01,590.5,380.2,41.5,52.2,0.6283,1
NMarseillesRd_MAS_12.22.25_LS_V1,MAS,419,13862,231.03,586.8,382.9,43.8,55.4,0.7225,1
NMarseillesRd_MAS_12.22.25_LS_V1,MAS,419,13863,231.05,578.5,380.9,45.8,49.6,0.677,1
NMarseillesRd_MAS_12.22.25_LS_V1,MAS,419,13864,231.06,561.2,379.4,43.0,45.3,0.59,1
NMarseillesRd_MAS_12.22.25_LS_V1,MAS,419,13865,231.08,549.9,381.3,40.3,44.1,0.6605,1
NMarseillesRd_MAS_12.22.25_LS_V1,MAS,419,13866,231.1,542.0,381.4,39.7,40.8,0.6426,1
NMarseillesRd_MAS_12.22.25_LS_V1,MAS,419,13867,231.11,533.4,384.8,40.2,42.1,0.5502,1
NMarseillesRd_MAS_12.22.25_LS_V1,MAS,419,13868,231.13,518.8,384.8,39.5,42.1,0.5919,1
NMarseillesRd_MAS_12.22.25_LS_V1,MAS,419,13870,231.16,505.0,388.7,40.5,43.8,0.7172,1
NMarseillesRd_MAS_12.22.25_LS_V1,MAS,419,13871,231.18,492.5,388.9,37.6,41.3,0.6647,1
NMarseillesRd_MAS_12.22.25_LS_V1,MAS,419,13872,231.2,481.5,390.6,37.0,39.7,0.4638,1
NMarseillesRd_MAS_12.22.25_LS_V1,MAS,419,13873,231.21,472.8,393.4,38.0,43.7,0.5539,1
NMarseillesRd_MAS_12.22.25_LS_V1,MAS,419,13874,231.23,465.9,394.8,38.5,44.0,0.6027,1
NMarseillesRd_MAS_12.22.25_LS_V1,MAS,419,13875,231.25,452.4,396.1,40.3,44.4,0.6673,1
NMarseillesRd_MAS_12.22.25_LS_V1,MAS,419,13876,231.26,440.6,395.9,40.1,45.0,0.7696,1
NMarseillesRd_MAS_12.22.25_LS_V1,MAS,419,13877,231.28,428.5,397.7,37.8,43.7,0.7721,1
NMarseillesRd_MAS_12.22.25_LS_V1,MAS,419,13878,231.3,417.2,398.2,37.8,43.5,0.7818,1
NMarseillesRd_MAS_12.22.25_LS_V1,MAS,419,13879,231.31,405.8,400.3,36.0,41.4,0.7414,1
NMarseillesRd_MAS_12.22.25_LS_V1,MAS,419,13880,231.33,395.2,402.4,35.8,42.6,0.7255,1
NMarseillesRd_MAS_12.22.25_LS_V1,MAS,419,13881,231.35,381.5,404.2,38.3,42.0,0.7256,1
NMarseillesRd_MAS_12.22.25_LS_V1,MAS,419,13882,231.36,373.7,405.6,37.8,39.6,0.78,1
NMarseillesRd_MAS_12.22.25_LS_V1,MAS,419,13883,231.38,366.3,407.6,38.2,42.4,0.786,1
NMarseillesRd_MAS_12.22.25_LS_V1,MAS,419,13884,231.4,354.0,407.8,37.9,42.1,0.7636,1
NMarseillesRd_MAS_12.22.25_LS_V1,MAS,419,13885,231.41,339.8,409.6,38.4,41.3,0.7831,1
NMarseillesRd_MAS_12.22.25_LS_V1,MAS,419,13886,231.43,329.6,409.5,39.3,42.8,0.7356,1
NMarseillesRd_MAS_12.22.25_LS_V1,MAS,419,13887,231.45,319.8,411.2,38.2,41.2,0.6814,1
NMarseillesRd_MAS_12.22.25_LS_V1,MAS,419,13888,231.46,309.9,412.4,37.4,38.7,0.7665,1
NMarseillesRd_MAS_12.22.25_LS_V1,MAS,419,13889,231.48,292.7,414.0,38.5,39.0,0.7299,1
NMarseillesRd_MAS_12.22.25_LS_V1,MAS,419,13890,231.5,281.5,416.3,40.5,42.4,0.7955,1
NMarseillesRd_MAS_12.22.25_LS_V1,MAS,419,13891,231.51,274.1,417.0,41.2,44.3,0.7434,1
NMarseillesRd_MAS_12.22.25_LS_V1,MAS,419,13892,231.53,263.7,419.9,37.4,39.9,0.6872,1
NMarseillesRd_MAS_12.22.25_LS_V1,MAS,419,13893,231.55,253.5,420.1,38.7,43.3,0.7668,1
NMarseillesRd_MAS_12.22.25_LS_V1,MAS,419,13894,231.56,242.8,421.6,37.4,42.5,0.7376,1
NMarseillesRd_MAS_12.22.25_LS_V1,MAS,419,13895,231.58,228.1,421.8,33.9,38.2,0.7795,1
NMarseillesRd_MAS_12.22.25_LS_V1,MAS,419,13896,231.6,216.4,425.4,38.5,40.1,0.8015,1
NMarseillesRd_MAS_12.22.25_LS_V1,MAS,419,13897,231.61,204.9,427.2,38.1,39.7,0.7852,1
NMarseillesRd_MAS_12.22.25_LS_V1,MAS,419,13898,231.63,195.7,428.5,36.1,39.9,0.7707,1
NMarseillesRd_MAS_12.22.25_LS_V1,MAS,419,13899,231.65,183.6,431.4,38.8,43.2,0.7512,1
NMarseillesRd_MAS_12.22.25_LS_V1,MAS,419,13900,231.66,171.9,429.8,38.9,42.0,0.7824,1
NMarseillesRd_MAS_12.22.25_LS_V1,MAS,419,13901,231.68,165.3,433.7,39.2,40.2,0.7406,1
NMarseillesRd_MAS_12.22.25_LS_V1,MAS,419,13902,231.7,153.7,432.8,37.8,39.2,0.768,1
NMarseillesRd_MAS_12.22.25_LS_V1,MAS,419,13903,231.71,141.0,434.7,39.2,43.7,0.7803,1
NMarseillesRd_MAS_12.22.25_LS_V1,MAS,419,13904,231.73,130.5,437.4,40.7,45.7,0.7929,1
NMarseillesRd_MAS_12.22.25_LS_V1,MAS,419,13905,231.75,120.5,436.2,39.4,44.0,0.7867,1
NMarseillesRd_MAS_12.22.25_LS_V1,MAS,419,13906,231.76,109.5,438.1,39.5,45.1,0.7822,1
NMarseillesRd_MAS_12.22.25_LS_V1,MAS,419,13907,231.78,95.6,436.9,40.6,44.7,0.7099,1
NMarseillesRd_MAS_12.22.25_LS_V1,MAS,419,13908,231.8,82.7,438.0,37.0,40.6,0.7766,1
NMarseillesRd_MAS_12.22.25_LS_V1,MAS,419,13909,231.81,77.3,440.1,36.4,39.9,0.7697,1
NMarseillesRd_MAS_12.22.25_LS_V1,MAS,419,13910,231.83,62.5,436.4,33.6,38.2,0.766,1
NMarseillesRd_MAS_12.22.25_LS_V1,MAS,419,13911,231.85,44.7,439.2,30.8,36.8,0.744,1
NMarseillesRd_MAS_12.22.25_LS_V1,MAS,419,13912,231.86,38.2,439.8,30.1,36.3,0.698,1
NMarseillesRd_MAS_12.22.25_LS_V1,MAS,419,13913,231.88,32.7,442.6,29.6,34.9,0.7573,1
NMarseillesRd_MAS_12.22.25_LS_V1,MAS,419,13914,231.9,22.4,441.2,33.0,37.4,0.6197,1
NShelbyRd(pink)_SHB_12.11.2025_LS,SHB,507,3708,61.88,569.4,6.2,34.9,12.1,0.3835,1
NShelbyRd(pink)_SHB_12.11.2025_LS,SHB,507,3709,61.9,565.4,6.4,34.7,12.6,0.5363,1
NShelbyRd(pink)_SHB_12.11.2025_LS,SHB,507,3710,61.92,561.5,6.1,35.0,11.9,0.4846,1
NShelbyRd(pink)_SHB_12.11.2025_LS,SHB,507,3711,61.93,557.7,6.1,37.3,12.0,0.4711,1
NShelbyRd(pink)_SHB_12.11.2025_LS,SHB,507,3712,61.95,553.6,5.7,38.2,11.4,0.3452,1
NShelbyRd(pink)_SHB_12.11.2025_LS,SHB,507,3713,61.97,550.3,5.8,37.8,11.6,0.4156,1
NShelbyRd(pink)_SHB_12.11.2025_LS,SHB,507,3714,61.98,547.7,5.4,38.2,10.7,0.329,1
NShelbyRd(pink)_SHB_12.11.2025_LS,SHB,507,3715,62.0,545.1,5.8,36.8,11.3,0.4255,1
NShelbyRd(pink)_SHB_12.11.2025_LS,SHB,507,3722,62.12,517.5,5.1,35.4,10.2,0.3528,1
NShelbyRd(pink)_SHB_12.11.2025_LS,SHB,507,3723,62.13,512.3,5.7,34.0,11.2,0.3609,1
NShelbyRd(pink)_SHB_12.11.2025_LS,SHB,507,3724,62.15,509.9,5.5,33.1,10.9,0.3022,1
NShelbyRd(pink)_SHB_12.11.2025_LS,SHB,507,3725,62.17,505.9,7.0,32.5,12.3,0.3133,1
NShelbyRd(pink)_SHB_12.11.2025_LS,SHB,507,3726,62.18,501.4,7.8,32.5,13.2,0.2594,1
NShelbyRd(pink)_SHB_12.11.2025_LS,SHB,507,3727,62.2,498.2,9.9,31.0,13.3,0.5143,1
NShelbyRd(pink)_SHB_12.11.2025_LS,SHB,507,3728,62.22,493.6,11.3,32.2,13.8,0.5547,1
NShelbyRd(pink)_SHB_12.11.2025_LS,SHB,507,3729,62.23,488.5,11.6,33.4,14.6,0.5828,1
NShelbyRd(pink)_SHB_12.11.2025_LS,SHB,507,3730,62.25,485.9,11.7,33.1,14.7,0.6178,1
NShelbyRd(pink)_SHB_12.11.2025_LS,SHB,507,3731,62.27,483.2,11.6,32.9,14.5,0.4423,1
NShelbyRd(pink)_SHB_12.11.2025_LS,SHB,507,3732,62.28,480.6,10.9,34.8,15.8,0.561,1
NShelbyRd(pink)_SHB_12.11.2025_LS,SHB,507,3733,62.3,477.3,10.2,35.1,16.2,0.6347,1
NShelbyRd(pink)_SHB_12.11.2025_LS,SHB,507,3734,62.32,473.0,10.8,35.4,16.4,0.5442,1
NShelbyRd(pink)_SHB_12.11.2025_LS,SHB,507,3735,62.33,468.4,11.1,36.0,16.7,0.4816,1
NShelbyRd(pink)_SHB_12.11.2025_LS,SHB,507,3736,62.35,464.3,10.9,35.5,16.8,0.64,1
NShelbyRd(pink)_SHB_12.11.2025_LS,SHB,507,3737,62.37,461.1,10.6,35.7,16.5,0.5695,1
NShelbyRd(pink)_SHB_12.11.2025_LS,SHB,507,3738,62.38,456.4,9.5,37.1,16.8,0.5707,1
NShelbyRd(pink)_SHB_12.11.2025_LS,SHB,507,3739,62.4,452.5,9.2,37.7,17.0,0.5888,1
NShelbyRd(pink)_SHB_12.11.2025_LS,SHB,507,3740,62.42,449.4,10.7,36.5,17.2,0.3808,1
NShelbyRd(pink)_SHB_12.11.2025_LS,SHB,507,3741,62.43,445.5,12.2,36.5,17.8,0.4793,1
NShelbyRd(pink)_SHB_12.11.2025_LS,SHB,507,3742,62.45,442.3,11.6,36.4,17.6,0.4891,1
NShelbyRd(pink)_SHB_12.11.2025_LS,SHB,507,3743,62.47,438.1,10.9,35.3,16.7,0.538,1
NShelbyRd(pink)_SHB_12.11.2025_LS,SHB,507,3744,62.48,433.7,10.9,34.3,16.1,0.572,1
NShelbyRd(pink)_SHB_12.11.2025_LS,SHB,507,3745,62.5,429.5,10.2,34.5,16.8,0.5359,1
NShelbyRd(pink)_SHB_12.11.2025_LS,SHB,507,3746,62.52,425.4,11.6,33.9,16.3,0.5959,1
NShelbyRd(pink)_SHB_12.11.2025_LS,SHB,507,3747,62.53,421.5,12.9,34.6,16.2,0.5903,1
NShelbyRd(pink)_SHB_12.11.2025_LS,SHB,507,3748,62.55,418.1,12.5,33.4,16.4,0.4745,1
NShelbyRd(pink)_SHB_12.11.2025_LS,SHB,507,3749,62.57,414.1,12.5,33.1,16.3,0.606,1
NShelbyRd(pink)_SHB_12.11.2025_LS,SHB,507,3757,62.7,388.2,9.9,33.9,16.1,0.6026,1
NShelbyRd(pink)_SHB_12.11.2025_LS,SHB,507,3758,62.72,385.4,9.8,34.4,15.8,0.6327,1
NShelbyRd(pink)_SHB_12.11.2025_LS,SHB,507,3759,62.73,383.0,9.6,35.9,16.1,0.6499,1
NShelbyRd(pink)_SHB_12.11.2025_LS,SHB,507,3760,62.75,378.9,9.4,34.8,15.8,0.3761,1
NShelbyRd(pink)_SHB_12.11.2025_LS,SHB,507,3761,62.77,372.1,8.7,35.4,15.8,0.3052,1
NShelbyRd(pink)_SHB_12.11.2025_LS,SHB,507,3762,62.78,367.6,7.8,36.7,15.3,0.3101,1
NShelbyRd(pink)_SHB_12.11.2025_LS,SHB,507,3767,62.87,348.0,8.1,36.8,15.5,0.5427,1
NShelbyRd(pink)_SHB_12.11.2025_LS,SHB,507,3768,62.88,344.0,7.4,36.5,14.3,0.4734,1
NShelbyRd(pink)_SHB_12.11.2025_LS,SHB,507,3770,62.92,334.5,6.8,35.8,13.2,0.4492,1
NShelbyRd(pink)_SHB_12.11.2025_LS,SHB,507,3771,62.93,331.4,6.6,36.5,12.9,0.4779,1
NShelbyRd(pink)_SHB_12.11.2025_LS,SHB,507,3772,62.95,327.2,6.8,35.2,13.5,0.5833,1
NShelbyRd(pink)_SHB_12.11.2025_LS,SHB,507,3773,62.97,322.6,6.7,34.3,13.4,0.5265,1
NShelbyRd(pink)_SHB_12.11.2025_LS,SHB,507,3774,62.98,319.0,7.3,34.1,14.2,0.5998,1
NShelbyRd(pink)_SHB_12.11.2025_LS,SHB,507,3775,63.0,315.5,7.7,34.5,14.5,0.6283,1
NShelbyRd(pink)_SHB_12.11.2025_LS,SHB,507,3776,63.02,310.8,8.1,35.1,15.1,0.6344,1
NShelbyRd(pink)_SHB_12.11.2025_LS,SHB,507,3777,63.03,307.7,8.1,34.5,15.3,0.6725,1
NShelbyRd(pink)_SHB_12.11.2025_LS,SHB,507,3778,63.05,303.0,7.6,33.7,14.4,0.5146,1
NShelbyRd(pink)_SHB_12.11.2025_LS,SHB,507,3779,63.07,298.7,7.9,34.4,15.2,0.663,1
NShelbyRd(pink)_SHB_12.11.2025_LS,SHB,507,3780,63.08,293.9,7.3,33.5,14.3,0.502,1
NShelbyRd(pink)_SHB_12.11.2025_LS,SHB,507,3781,63.1,291.1,7.5,32.1,13.8,0.6203,1
NShelbyRd(pink)_SHB_12.11.2025_LS,SHB,507,3782,63.12,288.5,7.4,32.2,13.7,0.5797,1
NShelbyRd(pink)_SHB_12.11.2025_LS,SHB,507,3783,63.13,283.8,7.2,32.1,13.6,0.4614,1
NShelbyRd(pink)_SHB_12.11.2025_LS,SHB,507,3784,63.15,280.7,7.6,32.6,14.1,0.6133,1
NShelbyRd(pink)_SHB_12.11.2025_LS,SHB,507,3785,63.17,276.4,7.3,34.4,14.0,0.5733,1
NShelbyRd(pink)_SHB_12.11.2025_LS,SHB,507,3786,63.18,272.4,7.4,34.1,14.0,0.6114,1
NShelbyRd(pink)_SHB_12.11.2025_LS,SHB,507,3787,63.2,268.2,8.5,34.2,14.9,0.631,1
NShelbyRd(pink)_SHB_12.11.2025_LS,SHB,507,3788,63.22,264.7,8.9,33.7,15.6,0.6431,1
NShelbyRd(pink)_SHB_12.11.2025_LS,SHB,507,3789,63.23,261.5,9.2,32.7,15.5,0.6052,1
NShelbyRd(pink)_SHB_12.11.2025_LS,SHB,507,3790,63.25,257.9,8.7,34.7,16.0,0.6152,1
NShelbyRd(pink)_SHB_12.11.2025_LS,SHB,507,3791,63.27,253.2,8.9,34.9,16.3,0.5797,1
NShelbyRd(pink)_SHB_12.11.2025_LS,SHB,507,3792,63.28,249.5,8.7,32.8,15.5,0.3827,1
NShelbyRd(pink)_SHB_12.11.2025_LS,SHB,507,3798,63.39,227.1,7.4,33.7,14.3,0.5339,1
NShelbyRd(pink)_SHB_12.11.2025_LS,SHB,507,3799,63.4,222.2,8.5,34.2,15.6,0.6479,1
NShelbyRd(pink)_SHB_12.11.2025_LS,SHB,507,3800,63.42,218.5,8.5,35.0,16.1,0.6808,1
NShelbyRd(pink)_SHB_12.11.2025_LS,SHB,507,3801,63.44,213.2,8.2,34.5,15.8,0.6287,1
NShelbyRd(pink)_SHB_12.11.2025_LS,SHB,507,3802,63.45,210.8,8.8,35.0,16.1,0.6429,1
NShelbyRd(pink)_SHB_12.11.2025_LS,SHB,507,3803,63.47,210.1,8.6,35.0,15.9,0.6401,1
NShelbyRd(pink)_SHB_12.11.2025_LS,SHB,507,3807,63.54,190.2,8.3,37.6,16.3,0.5724,1
NShelbyRd(pink)_SHB_12.11.2025_LS,SHB,507,3808,63.55,186.4,8.0,37.4,16.0,0.6395,1
NShelbyRd(pink)_SHB_12.11.2025_LS,SHB,507,3809,63.57,182.0,8.2,39.2,16.0,0.5821,1
NShelbyRd(pink)_SHB_12.11.2025_LS,SHB,507,3810,63.59,176.6,8.4,37.4,16.0,0.6207,1
NShelbyRd(pink)_SHB_12.11.2025_LS,SHB,507,3811,63.6,173.6,8.7,37.5,16.5,0.573,1
NShelbyRd(pink)_SHB_12.11.2025_LS,SHB,507,3812,63.62,168.3,9.1,38.6,16.7,0.5422,1
NShelbyRd(pink)_SHB_12.11.2025_LS,SHB,507,3813,63.64,164.6,8.7,39.5,16.9,0.6323,1
NShelbyRd(pink)_SHB_12.11.2025_LS,SHB,507,3814,63.65,160.2,8.7,38.1,16.7,0.5889,1
NShelbyRd(pink)_SHB_12.11.2025_LS,SHB,507,3815,63.67,155.1,8.8,38.0,16.8,0.6613,1
NShelbyRd(pink)_SHB_12.11.2025_LS,SHB,507,3816,63.69,151.0,8.7,37.8,16.9,0.6387,1
NShelbyRd(pink)_SHB_12.11.2025_LS,SHB,507,3817,63.7,146.3,8.6,38.4,16.8,0.6166,1
NShelbyRd(pink)_SHB_12.11.2025_LS,SHB,507,3818,63.72,142.5,8.1,39.3,15.9,0.5656,1
NShelbyRd(pink)_SHB_12.11.2025_LS,SHB,507,3819,63.74,137.8,7.8,38.6,15.5,0.64,1
NShelbyRd(pink)_SHB_12.11.2025_LS,SHB,507,3820,63.75,134.1,8.0,39.5,15.9,0.5387,1
NShelbyRd(pink)_SHB_12.11.2025_LS,SHB,507,3821,63.77,130.4,8.4,39.2,16.7,0.6243,1
NShelbyRd(pink)_SHB_12.11.2025_LS,SHB,507,3822,63.79,128.0,8.1,38.5,15.8,0.3357,1
NShelbyRd(pink)_SHB_12.11.2025_LS,SHB,507,3823,63.8,123.5,8.6,37.7,16.3,0.6823,1
NShelbyRd(pink)_SHB_12.11.2025_LS,SHB,507,3824,63.82,120.7,8.4,36.7,15.8,0.6388,1
NShelbyRd(pink)_SHB_12.11.2025_LS,SHB,507,3825,63.84,118.5,8.1,34.8,14.9,0.572,1
NShelbyRd(pink)_SHB_12.11.2025_LS,SHB,507,3826,63.85,112.8,8.9,35.2,15.4,0.6876,1
NShelbyRd(pink)_SHB_12.11.2025_LS,SHB,507,3827,63.87,109.1,8.4,35.6,15.3,0.643,1
NShelbyRd(pink)_SHB_12.11.2025_LS,SHB,507,3828,63.89,105.2,8.0,35.9,14.8,0.6094,1
NShelbyRd(pink)_SHB_12.11.2025_LS,SHB,507,3829,63.9,101.2,8.1,36.5,15.1,0.6617,1
NShelbyRd(pink)_SHB_12.11.2025_LS,SHB,507,3830,63.92,96.9,8.3,37.1,15.9,0.6628,1
NShelbyRd(pink)_SHB_12.11.2025_LS,SHB,507,3831,63.94,92.6,8.6,38.0,16.4,0.6292,1
NShelbyRd(pink)_SHB_12.11.2025_LS,SHB,507,3832,63.95,88.4,8.8,37.3,16.4,0.6427,1
NShelbyRd(pink)_SHB_12.11.2025_LS,SHB,507,3833,63.97,84.4,9.1,36.8,16.3,0.6653,1
NShelbyRd(pink)_SHB_12.11.2025_LS,SHB,507,3834,63.99,81.0,9.2,37.4,16.4,0.6847,1
NShelbyRd(pink)_SHB_12.11.2025_LS,SHB,507,3835,64.0,77.3,9.4,37.7,16.5,0.6739,1
NShelbyRd(pink)_SHB_12.11.2025_LS,SHB,507,3836,64.02,73.4,9.8,38.6,17.0,0.6528,1
NShelbyRd(pink)_SHB_12.11.2025_LS,SHB,507,3837,64.04,69.8,9.5,40.1,17.4,0.6843,1
NShelbyRd(pink)_SHB_12.11.2025_LS,SHB,507,3838,64.05,65.0,9.6,39.8,17.4,0.6337,1
NShelbyRd(pink)_SHB_12.11.2025_LS,SHB,507,3839,64.07,60.0,10.1,39.4,17.3,0.6972,1
NShelbyRd(pink)_SHB_12.11.2025_LS,SHB,507,3840,64.09,55.6,10.1,38.6,17.3,0.4656,1
NShelbyRd(pink)_SHB_12.11.2025_LS,SHB,507,3841,64.1,51.1,10.8,38.5,17.6,0.6024,1
NShelbyRd(pink)_SHB_12.11.2025_LS,SHB,507,3842,64.12,46.2,10.6,38.8,17.4,0.5558,1
NShelbyRd(pink)_SHB_12.11.2025_LS,SHB,507,3843,64.14,42.7,10.5,40.9,17.9,0.5706,1
NShelbyRd(pink)_SHB_12.11.2025_LS,SHB,507,3844,64.15,40.2,10.2,39.7,17.6,0.4553,1
NShelbyRd(pink)_SHB_12.11.2025_LS,SHB,507,3845,64.17,36.5,9.1,40.6,16.5,0.3806,1
NShelbyRd(pink)_SHB_12.11.2025_LS,SHB,507,3846,64.19,32.3,10.4,39.3,16.2,0.4576,1
NShelbyRd(pink)_SHB_12.11.2025_LS,SHB,507,3847,64.2,27.4,12.9,39.2,15.7,0.4219,1
NShelbyRd(pink)_SHB_12.11.2025_LS,SHB,507,3850,64.25,18.5,14.8,37.0,16.3,0.448,1
NShelbyRd(pink)_SHB_12.11.2025_LS,SHB,507,3851,64.27,18.1,13.2,36.1,16.6,0.4826,1
NShelbyRd(pink)_SHB_12.11.2025_LS,SHB,507,3852,64.29,14.9,12.7,29.8,16.9,0.4386,1
NShelbyRd(pink)_SHB_12.11.2025_LS,SHB,507,3853,64.3,13.2,10.9,26.5,16.7,0.472,1
NShelbyRd(pink)_SHB_12.11.2025_LS,SHB,508,3725,62.17,571.0,6.1,33.1,11.7,0.4386,1
NShelbyRd(pink)_SHB_12.11.2025_LS,SHB,508,3726,62.18,571.1,6.4,37.8,12.5,0.3751,1
NShelbyRd(pink)_SHB_12.11.2025_LS,SHB,508,3727,62.2,569.4,6.6,37.0,13.0,0.5814,1
NShelbyRd(pink)_SHB_12.11.2025_LS,SHB,508,3728,62.22,565.4,7.3,38.0,14.3,0.6018,1
NShelbyRd(pink)_SHB_12.11.2025_LS,SHB,508,3729,62.23,561.9,8.0,39.0,15.5,0.6262,1
NShelbyRd(pink)_SHB_12.11.2025_LS,SHB,508,3730,62.25,558.8,8.4,38.7,16.2,0.6059,1
NShelbyRd(pink)_SHB_12.11.2025_LS,SHB,508,3731,62.27,554.6,9.1,39.5,17.6,0.6678,1
NShelbyRd(pink)_SHB_12.11.2025_LS,SHB,508,3732,62.28,550.9,9.5,40.1,18.1,0.6292,1
NShelbyRd(pink)_SHB_12.11.2025_LS,SHB,508,3733,62.3,546.5,9.2,39.9,18.1,0.591,1
NShelbyRd(pink)_SHB_12.11.2025_LS,SHB,508,3734,62.32,543.8,10.1,38.5,17.5,0.5843,1
NShelbyRd(pink)_SHB_12.11.2025_LS,SHB,508,3735,62.33,541.5,10.0,39.2,17.9,0.5896,1
NShelbyRd(pink)_SHB_12.11.2025_LS,SHB,508,3736,62.35,535.3,10.3,40.0,18.3,0.5438,1
NShelbyRd(pink)_SHB_12.11.2025_LS,SHB,508,3737,62.37,532.8,10.9,41.7,18.7,0.6058,1
NShelbyRd(pink)_SHB_12.11.2025_LS,SHB,508,3738,62.38,530.9,11.7,39.0,17.8,0.6076,1
NShelbyRd(pink)_SHB_12.11.2025_LS,SHB,508,3739,62.4,527.1,11.7,38.7,17.5,0.6054,1
NShelbyRd(pink)_SHB_12.11.2025_LS,SHB,508,3740,62.42,521.7,11.2,38.4,17.5,0.7172,1
NShelbyRd(pink)_SHB_12.11.2025_LS,SHB,508,3741,62.43,517.2,10.9,39.0,17.8,0.6644,1
NShelbyRd(pink)_SHB_12.11.2025_LS,SHB,508,3742,62.45,512.3,11.4,38.2,17.7,0.7158,1
NShelbyRd(pink)_SHB_12.11.2025_LS,SHB,508,3743,62.47,508.6,11.5,38.3,17.9,0.6767,1
NShelbyRd(pink)_SHB_12.11.2025_LS,SHB,508,3744,62.48,503.7,12.1,36.2,16.6,0.6006,1
NShelbyRd(pink)_SHB_12.11.2025_LS,SHB,508,3745,62.5,499.3,12.6,34.4,15.7,0.6049,1
NShelbyRd(pink)_SHB_12.11.2025_LS,SHB,508,3746,62.52,496.6,12.5,35.2,16.2,0.6846,1
NShelbyRd(pink)_SHB_12.11.2025_LS,SHB,508,3747,62.53,494.4,12.3,35.5,16.8,0.6734,1
NShelbyRd(pink)_SHB_12.11.2025_LS,SHB,508,3748,62.55,490.0,11.8,37.0,17.8,0.5839,1
NShelbyRd(pink)_SHB_12.11.2025_LS,SHB,508,3749,62.57,485.5,12.4,36.0,16.7,0.6083,1
NShelbyRd(pink)_SHB_12.11.2025_LS,SHB,508,3750,62.58,480.9,12.8,34.6,16.4,0.5804,1
NShelbyRd(pink)_SHB_12.11.2025_LS,SHB,508,3751,62.6,478.3,13.2,37.1,16.7,0.6114,1
NShelbyRd(pink)_SHB_12.11.2025_LS,SHB,508,3752,62.62,474.8,13.3,38.8,17.8,0.61,1
NShelbyRd(pink)_SHB_12.11.2025_LS,SHB,508,3753,62.63,471.7,13.6,39.2,18.0,0.672,1
NShelbyRd(pink)_SHB_12.11.2025_LS,SHB,508,3754,62.65,467.2,12.6,40.3,18.3,0.6149,1
NShelbyRd(pink)_SHB_12.11.2025_LS,SHB,508,3755,62.67,463.7,13.1,39.9,17.7,0.5372,1
NShelbyRd(pink)_SHB_12.11.2025_LS,SHB,508,3756,62.68,458.9,13.0,39.1,17.3,0.5039,1
NShelbyRd(pink)_SHB_12.11.2025_LS,SHB,508,3757,62.7,455.4,13.1,39.3,17.5,0.6291,1
NShelbyRd(pink)_SHB_12.11.2025_LS,SHB,508,3758,62.72,452.3,12.0,39.9,17.8,0.5382,1
NShelbyRd(pink)_SHB_12.11.2025_LS,SHB,508,3759,62.73,448.3,9.4,40.6,16.8,0.6001,1
NShelbyRd(pink)_SHB_12.11.2025_LS,SHB,508,3760,62.75,444.4,8.8,41.8,16.9,0.5798,1
NShelbyRd(pink)_SHB_12.11.2025_LS,SHB,508,3761,62.77,439.4,10.0,40.4,17.1,0.473,1
NShelbyRd(pink)_SHB_12.11.2025_LS,SHB,508,3762,62.78,436.0,7.4,43.4,14.5,0.3618,1
NShelbyRd(pink)_SHB_12.11.2025_LS,SHB,508,3763,62.8,433.4,7.8,41.2,15.2,0.4138,1
NShelbyRd(pink)_SHB_12.11.2025_LS,SHB,508,3764,62.82,429.5,8.4,39.4,16.5,0.491,1
NShelbyRd(pink)_SHB_12.11.2025_LS,SHB,508,3765,62.83,425.3,8.1,39.1,16.1,0.576,1
NShelbyRd(pink)_SHB_12.11.2025_LS,SHB,508,3766,62.85,421.4,8.9,37.2,16.2,0.6155,1
NShelbyRd(pink)_SHB_12.11.2025_LS,SHB,508,3767,62.87,417.9,8.4,36.4,15.7,0.6583,1
NShelbyRd(pink)_SHB_12.11.2025_LS,SHB,508,3768,62.88,413.6,8.2,35.8,15.2,0.6703,1
NShelbyRd(pink)_SHB_12.11.2025_LS,SHB,508,3769,62.9,409.4,8.3,36.2,15.4,0.6712,1
NShelbyRd(pink)_SHB_12.11.2025_LS,SHB,508,3770,62.92,404.8,7.8,36.4,15.0,0.6123,1
NShelbyRd(pink)_SHB_12.11.2025_LS,SHB,508,3771,62.93,400.7,7.7,37.4,15.0,0.5222,1
NShelbyRd(pink)_SHB_12.11.2025_LS,SHB,508,3772,62.95,396.4,7.9,38.1,15.7,0.6301,1
NShelbyRd(pink)_SHB_12.11.2025_LS,SHB,508,3773,62.97,392.6,7.6,37.6,15.0,0.5922,1
NShelbyRd(pink)_SHB_12.11.2025_LS,SHB,508,3774,62.98,388.8,8.1,37.4,15.6,0.6674,1
NShelbyRd(pink)_SHB_12.11.2025_LS,SHB,508,3775,63.0,383.4,8.0,35.1,15.0,0.6591,1
NShelbyRd(pink)_SHB_12.11.2025_LS,SHB,508,3776,63.02,380.8,8.6,37.2,15.9,0.6713,1
NShelbyRd(pink)_SHB_12.11.2025_LS,SHB,508,3777,63.03,376.8,8.5,36.6,16.1,0.7178,1
NShelbyRd(pink)_SHB_12.11.2025_LS,SHB,508,3778,63.05,373.3,8.4,36.9,16.1,0.6598,1
NShelbyRd(pink)_SHB_12.11.2025_LS,SHB,508,3779,63.07,369.7,8.8,38.2,16.1,0.6561,1
NShelbyRd(pink)_SHB_12.11.2025_LS,SHB,508,3780,63.08,365.1,7.5,36.4,14.6,0.5141,1
NShelbyRd(pink)_SHB_12.11.2025_LS,SHB,508,3781,63.1,361.5,7.6,37.4,14.7,0.5377,1
NShelbyRd(pink)_SHB_12.11.2025_LS,SHB,508,3782,63.12,356.8,8.1,36.1,15.0,0.6222,1
NShelbyRd(pink)_SHB_12.11.2025_LS,SHB,508,3783,63.13,352.1,8.4,34.2,14.7,0.6666,1
NShelbyRd(pink)_SHB_12.11.2025_LS,SHB,508,3784,63.15,348.8,8.6,35.8,15.1,0.6239,1
NShelbyRd(pink)_SHB_12.11.2025_LS,SHB,508,3785,63.17,344.9,8.5,36.2,15.5,0.6589,1
NShelbyRd(pink)_SHB_12.11.2025_LS,SHB,508,3786,63.18,340.0,9.5,33.6,14.8,0.5629,1
NShelbyRd(pink)_SHB_12.11.2025_LS,SHB,508,3787,63.2,337.8,9.7,35.0,15.1,0.61,1
NShelbyRd(pink)_SHB_12.11.2025_LS,SHB,508,3788,63.22,338.1,9.5,34.9,14.9,0.6222,1
NShelbyRd(pink)_SHB_12.11.2025_LS,SHB,508,3789,63.23,337.6,9.8,33.5,14.5,0.6622,1
NShelbyRd(pink)_SHB_12.11.2025_LS,SHB,508,3790,63.25,335.1,9.7,36.7,14.8,0.5765,1
NShelbyRd(pink)_SHB_12.11.2025_LS,SHB,508,3791,63.27,329.0,9.7,36.2,15.0,0.614,1
NShelbyRd(pink)_SHB_12.11.2025_LS,SHB,508,3792,63.28,323.8,9.9,34.6,14.9,0.6277,1
NShelbyRd(pink)_SHB_12.11.2025_LS,SHB,508,3793,63.3,317.3,9.1,38.5,16.1,0.4137,1
NShelbyRd(pink)_SHB_12.11.2025_LS,SHB,508,3794,63.32,311.9,9.5,36.1,15.9,0.5192,1
NShelbyRd(pink)_SHB_12.11.2025_LS,SHB,508,3795,63.34,309.1,9.7,36.3,15.8,0.4672,1
NShelbyRd(pink)_SHB_12.11.2025_LS,SHB,508,3796,63.35,305.1,9.0,37.3,16.1,0.5778,1
NShelbyRd(pink)_SHB_12.11.2025_LS,SHB,508,3797,63.37,300.0,9.6,34.7,15.2,0.6411,1
NShelbyRd(pink)_SHB_12.11.2025_LS,SHB,508,3798,63.39,299.8,9.4,35.0,15.2,0.4495,1
NShelbyRd(pink)_SHB_12.11.2025_LS,SHB,508,3799,63.4,301.3,8.1,35.6,14.7,0.481,1
NShelbyRd(pink)_SHB_12.11.2025_LS,SHB,508,3800,63.42,293.6,7.5,37.9,14.6,0.4057,1
NShelbyRd(pink)_SHB_12.11.2025_LS,SHB,508,3801,63.44,289.4,7.0,36.9,13.8,0.4668,1
NShelbyRd(pink)_SHB_12.11.2025_LS,SHB,508,3802,63.45,288.2,7.0,35.9,14.1,0.4971,1
NShelbyRd(pink)_SHB_12.11.2025_LS,SHB,508,3803,63.47,288.0,7.3,36.1,14.3,0.5801,1
NShelbyRd(pink)_SHB_12.11.2025_LS,SHB,508,3807,63.54,265.4,7.4,38.4,14.3,0.5084,1
NShelbyRd(pink)_SHB_12.11.2025_LS,SHB,508,3808,63.55,260.1,7.1,39.1,13.9,0.4847,1
NShelbyRd(pink)_SHB_12.11.2025_LS,SHB,508,3809,63.57,258.0,7.2,39.5,13.9,0.4924,1
NShelbyRd(pink)_SHB_12.11.2025_LS,SHB,508,3810,63.59,257.6,7.3,38.8,13.9,0.4357,1
NShelbyRd(pink)_SHB_12.11.2025_LS,SHB,508,3812,63.62,253.2,7.2,39.0,13.7,0.2929,1
NShelbyRd(pink)_SHB_12.11.2025_LS,SHB,508,3818,63.72,231.7,5.6,35.4,11.2,0.3356,1
NShelbyRd(pink)_SHB_12.11.2025_LS,SHB,508,3831,63.94,183.0,5.7,37.2,11.2,0.4562,1
NShelbyRd(pink)_SHB_12.11.2025_LS,SHB,508,3833,63.97,174.4,6.3,36.7,12.1,0.5296,1
NShelbyRd(pink)_SHB_12.11.2025_LS,SHB,508,3834,63.99,169.5,7.1,39.0,13.4,0.5298,1
NShelbyRd(pink)_SHB_12.11.2025_LS,SHB,508,3835,64.0,165.1,7.2,40.3,13.7,0.5566,1
NShelbyRd(pink)_SHB_12.11.2025_LS,SHB,508,3836,64.02,158.8,7.2,42.1,13.9,0.5001,1
NShelbyRd(pink)_SHB_12.11.2025_LS,SHB,508,3837,64.04,154.6,7.2,43.9,14.2,0.5396,1
NShelbyRd(pink)_SHB_12.11.2025_LS,SHB,508,3838,64.05,150.0,7.3,44.6,14.1,0.4395,1
NShelbyRd(pink)_SHB_12.11.2025_LS,SHB,508,3839,64.07,144.5,7.9,44.5,15.0,0.5161,1
NShelbyRd(pink)_SHB_12.11.2025_LS,SHB,508,3840,64.09,140.6,7.9,42.6,15.1,0.5386,1
NShelbyRd(pink)_SHB_12.11.2025_LS,SHB,508,3841,64.1,136.8,9.5,40.8,15.3,0.4675,1
NShelbyRd(pink)_SHB_12.11.2025_LS,SHB,508,3842,64.12,132.8,8.3,42.8,14.9,0.4389,1
NShelbyRd(pink)_SHB_12.11.2025_LS,SHB,508,3843,64.14,128.7,7.5,43.8,14.2,0.3309,1
NShelbyRd(pink)_SHB_12.11.2025_LS,SHB,508,3844,64.15,123.7,7.4,42.8,14.1,0.4113,1
NShelbyRd(pink)_SHB_12.11.2025_LS,SHB,508,3845,64.17,119.9,7.4,43.7,14.4,0.445,1
NShelbyRd(pink)_SHB_12.11.2025_LS,SHB,508,3846,64.19,116.2,7.2,43.0,14.2,0.4143,1
NShelbyRd(pink)_SHB_12.11.2025_LS,SHB,508,3847,64.2,112.1,7.4,42.6,14.2,0.4425,1
NShelbyRd(pink)_SHB_12.11.2025_LS,SHB,508,3848,64.22,107.7,7.0,44.5,13.8,0.5123,1
NShelbyRd(pink)_SHB_12.11.2025_LS,SHB,508,3849,64.24,104.2,7.2,44.0,14.1,0.5262,1
NShelbyRd(pink)_SHB_12.11.2025_LS,SHB,508,3850,64.25,100.3,7.6,43.9,14.9,0.4364,1
NShelbyRd(pink)_SHB_12.11.2025_LS,SHB,508,3851,64.27,95.2,7.9,42.8,15.5,0.4776,1
NShelbyRd(pink)_SHB_12.11.2025_LS,SHB,508,3852,64.29,91.2,8.3,41.9,15.5,0.4806,1
NShelbyRd(pink)_SHB_12.11.2025_LS,SHB,508,3853,64.3,85.9,7.9,39.8,15.2,0.4995,1
NShelbyRd(pink)_SHB_12.11.2025_LS,SHB,508,3854,64.32,82.9,8.0,39.1,14.8,0.4506,1
NShelbyRd(pink)_SHB_12.11.2025_LS,SHB,508,3855,64.34,79.4,8.0,39.2,14.6,0.3556,1
NShelbyRd(pink)_SHB_12.11.2025_LS,SHB,508,3856,64.35,75.3,7.7,37.0,14.4,0.3655,1
NShelbyRd(pink)_SHB_12.11.2025_LS,SHB,508,3857,64.37,72.4,8.4,37.1,14.4,0.3725,1
NShelbyRd(pink)_SHB_12.11.2025_LS,SHB,508,3858,64.39,67.2,8.1,37.5,14.4,0.4009,1
NShelbyRd(pink)_SHB_12.11.2025_LS,SHB,508,3859,64.4,63.1,8.4,37.7,14.5,0.5597,1
NShelbyRd(pink)_SHB_12.11.2025_LS,SHB,508,3860,64.42,58.2,9.3,36.3,15.2,0.5705,1
NShelbyRd(pink)_SHB_12.11.2025_LS,SHB,508,3861,64.44,53.6,10.7,36.3,15.0,0.4937,1
NShelbyRd(pink)_SHB_12.11.2025_LS,SHB,508,3862,64.45,49.4,10.7,35.3,15.8,0.4947,1
NShelbyRd(pink)_SHB_12.11.2025_LS,SHB,508,3863,64.47,45.3,11.8,34.4,14.8,0.5254,1
NShelbyRd(pink)_SHB_12.11.2025_LS,SHB,508,3864,64.49,42.6,11.0,36.3,16.2,0.4853,1
NShelbyRd(pink)_SHB_12.11.2025_LS,SHB,508,3865,64.5,41.3,12.5,37.4,15.8,0.4965,1
NShelbyRd(pink)_SHB_12.11.2025_LS,SHB,508,3866,64.52,40.2,12.4,38.6,16.8,0.626,1
NShelbyRd(pink)_SHB_12.11.2025_LS,SHB,508,3867,64.54,35.9,12.7,38.4,17.3,0.6068,1
NShelbyRd(pink)_SHB_12.11.2025_LS,SHB,508,3868,64.55,32.8,12.7,40.2,17.6,0.6076,1
NShelbyRd(pink)_SHB_12.11.2025_LS,SHB,508,3869,64.57,27.8,13.7,37.1,16.1,0.5414,1
NShelbyRd(pink)_SHB_12.11.2025_LS,SHB,508,3870,64.59,25.1,15.2,36.1,15.4,0.5983,1
NShelbyRd(pink)_SHB_12.11.2025_LS,SHB,508,3871,64.6,24.1,14.6,34.3,15.5,0.6401,1
NShelbyRd(pink)_SHB_12.11.2025_LS,SHB,508,3872,64.62,21.1,13.5,34.2,15.9,0.5682,1
NShelbyRd(pink)_SHB_12.11.2025_LS,SHB,508,3873,64.64,17.6,15.4,34.2,16.1,0.6427,1
NShelbyRd(pink)_SHB_12.11.2025_LS,SHB,508,3874,64.65,13.7,15.6,27.3,15.4,0.5503,1
NShelbyRd(pink)_SHB_12.11.2025_LS,SHB,508,3875,64.67,12.2,16.6,24.4,15.3,0.3778,1
NShelbyRd(pink)_SHB_12.11.2025_LS,SHB,508,3876,64.69,11.8,17.4,23.5,15.4,0.3568,1
NShelbyRd(pink)_SHB_12.11.2025_LS,SHB,526,5967,99.58,241.9,61.6,27.5,24.1,0.5336,0
NShelbyRd(pink)_SHB_12.11.2025_LS,SHB,526,5968,99.6,238.1,60.4,27.8,23.8,0.4843,0
NShelbyRd(pink)_SHB_12.11.2025_LS,SHB,526,5969,99.62,234.0,59.4,28.7,23.2,0.4785,0
NShelbyRd(pink)_SHB_12.11.2025_LS,SHB,526,5970,99.63,229.2,59.3,26.5,22.9,0.6238,0
NShelbyRd(pink)_SHB_12.11.2025_LS,SHB,526,5971,99.65,225.2,58.0,26.4,21.9,0.5224,0
NShelbyRd(pink)_SHB_12.11.2025_LS,SHB,526,5972,99.67,219.8,57.2,25.5,22.1,0.6425,0
NShelbyRd(pink)_SHB_12.11.2025_LS,SHB,526,5973,99.68,214.0,56.3,25.5,23.7,0.6048,0
NShelbyRd(pink)_SHB_12.11.2025_LS,SHB,526,5974,99.7,208.2,55.0,27.8,24.1,0.5638,0
NShelbyRd(pink)_SHB_12.11.2025_LS,SHB,526,5975,99.72,204.7,54.4,26.9,23.8,0.4034,0
NShelbyRd(pink)_SHB_12.11.2025_LS,SHB,526,5976,99.73,201.7,53.2,25.7,23.3,0.5316,0
NShelbyRd(pink)_SHB_12.11.2025_LS,SHB,526,5977,99.75,196.9,51.7,24.4,23.0,0.2531,0
NShelbyRd(pink)_SHB_12.11.2025_LS,SHB,526,5979,99.78,186.7,49.9,23.8,22.7,0.3627,0
NShelbyRd(pink)_SHB_12.11.2025_LS,SHB,526,5980,99.8,184.0,49.0,25.2,21.8,0.3178,0
NShelbyRd(pink)_SHB_12.11.2025_LS,SHB,532,6013,100.35,44.0,48.7,27.9,24.3,0.5896,0
NShelbyRd(pink)_SHB_12.11.2025_LS,SHB,532,6014,100.37,40.3,49.2,27.0,23.3,0.4063,0
NShelbyRd(pink)_SHB_12.11.2025_LS,SHB,532,6015,100.38,35.3,47.9,27.0,23.5,0.4645,0
NShelbyRd(pink)_SHB_12.11.2025_LS,SHB,532,6016,100.4,31.0,47.3,27.1,23.6,0.4615,0
NShelbyRd(pink)_SHB_12.11.2025_LS,SHB,532,6017,100.42,26.7,46.8,27.4,24.8,0.6062,0
NShelbyRd(pink)_SHB_12.11.2025_LS,SHB,532,6018,100.43,22.5,48.2,26.9,24.3,0.7247,0
NShelbyRd(pink)_SHB_12.11.2025_LS,SHB,532,6019,100.45,18.3,47.9,25.9,23.3,0.5825,0
NShelbyRd(pink)_SHB_12.11.2025_LS,SHB,532,6020,100.47,13.8,47.5,25.4,24.4,0.5619,0
NShelbyRd(pink)_SHB_12.11.2025_LS,SHB,532,6021,100.48,11.0,47.3,21.9,25.3,0.3777,0
NShelbyRd(pink)_SHB_12.11.2025_LS,SHB,540,6935,115.74,629.2,63.2,20.8,21.1,0.7267,1
NShelbyRd(pink)_SHB_12.11.2025_LS,SHB,540,6936,115.76,627.4,62.6,23.9,22.1,0.7805,1
NShelbyRd(pink)_SHB_12.11.2025_LS,SHB,540,6937,115.77,625.9,62.7,26.0,22.6,0.7723,1
NShelbyRd(pink)_SHB_12.11.2025_LS,SHB,540,6938,115.79,623.8,62.2,28.4,23.5,0.7584,1
NShelbyRd(pink)_SHB_12.11.2025_LS,SHB,540,6939,115.81,621.7,62.1,29.1,23.4,0.7875,1
NShelbyRd(pink)_SHB_12.11.2025_LS,SHB,540,6940,115.82,617.2,62.9,29.1,23.2,0.7423,1
NShelbyRd(pink)_SHB_12.11.2025_LS,SHB,540,6941,115.84,614.7,62.6,29.1,23.1,0.6734,1
NShelbyRd(pink)_SHB_12.11.2025_LS,SHB,540,6942,115.86,611.0,63.2,27.3,21.9,0.4958,1
NShelbyRd(pink)_SHB_12.11.2025_LS,SHB,540,6948,115.96,597.3,65.7,27.7,25.0,0.3975,1
NShelbyRd(pink)_SHB_12.11.2025_LS,SHB,540,6950,115.99,591.0,62.8,28.6,24.2,0.652,1
NShelbyRd(pink)_SHB_12.11.2025_LS,SHB,540,6951,116.01,588.6,61.6,27.1,23.1,0.7074,1
NShelbyRd(pink)_SHB_12.11.2025_LS,SHB,540,6952,116.02,585.2,62.4,26.8,22.9,0.7336,1
NShelbyRd(pink)_SHB_12.11.2025_LS,SHB,540,6953,116.04,582.4,62.4,26.3,22.4,0.7762,1
NShelbyRd(pink)_SHB_12.11.2025_LS,SHB,540,6954,116.06,579.3,61.6,26.8,22.7,0.7361,1
NShelbyRd(pink)_SHB_12.11.2025_LS,SHB,540,6955,116.07,576.7,62.0,25.3,21.9,0.6889,1
NShelbyRd(pink)_SHB_12.11.2025_LS,SHB,540,6956,116.09,573.7,61.4,26.1,22.6,0.7673,1
NShelbyRd(pink)_SHB_12.11.2025_LS,SHB,540,6957,116.11,569.4,61.6,27.5,23.2,0.789,1
NShelbyRd(pink)_SHB_12.11.2025_LS,SHB,540,6958,116.12,566.7,61.9,28.5,23.5,0.774,1
NShelbyRd(pink)_SHB_12.11.2025_LS,SHB,540,6959,116.14,564.1,60.4,28.5,23.6,0.7628,1
NShelbyRd(pink)_SHB_12.11.2025_LS,SHB,540,6960,116.16,561.6,61.0,27.1,22.6,0.7827,1
NShelbyRd(pink)_SHB_12.11.2025_LS,SHB,540,6961,116.17,559.7,60.8,27.4,22.3,0.7728,1
NShelbyRd(pink)_SHB_12.11.2025_LS,SHB,540,6962,116.19,556.6,59.8,27.0,21.8,0.7093,1
NShelbyRd(pink)_SHB_12.11.2025_LS,SHB,540,6963,116.21,553.5,61.7,26.4,22.0,0.7726,1
NShelbyRd(pink)_SHB_12.11.2025_LS,SHB,540,6964,116.22,551.6,59.7,25.5,21.3,0.5727,1
NShelbyRd(pink)_SHB_12.11.2025_LS,SHB,540,6965,116.24,548.5,61.2,25.2,21.8,0.6774,1
NShelbyRd(pink)_SHB_12.11.2025_LS,SHB,540,6966,116.26,546.5,61.0,25.5,22.4,0.6105,1
NShelbyRd(pink)_SHB_12.11.2025_LS,SHB,540,6967,116.27,543.7,59.9,25.5,22.3,0.6087,1
NShelbyRd(pink)_SHB_12.11.2025_LS,SHB,540,6968,116.29,541.3,61.2,26.1,22.7,0.69,1
NShelbyRd(pink)_SHB_12.11.2025_LS,SHB,540,6969,116.31,538.8,60.7,26.1,21.8,0.6898,1
NShelbyRd(pink)_SHB_12.11.2025_LS,SHB,540,6970,116.32,535.8,61.1,27.1,23.0,0.648,1
NShelbyRd(pink)_SHB_12.11.2025_LS,SHB,540,6971,116.34,533.2,61.4,26.7,23.1,0.6435,1
NShelbyRd(pink)_SHB_12.11.2025_LS,SHB,540,6972,116.36,530.5,60.3,25.6,21.8,0.6893,1
NShelbyRd(pink)_SHB_12.11.2025_LS,SHB,540,6973,116.37,527.4,60.8,26.4,22.2,0.7423,1
NShelbyRd(pink)_SHB_12.11.2025_LS,SHB,540,6974,116.39,525.4,59.9,25.7,21.9,0.6642,1
NShelbyRd(pink)_SHB_12.11.2025_LS,SHB,540,6975,116.41,524.2,59.0,26.1,22.7,0.6915,1
NShelbyRd(pink)_SHB_12.11.2025_LS,SHB,540,6976,116.42,521.5,59.2,26.3,22.7,0.737,1
NShelbyRd(pink)_SHB_12.11.2025_LS,SHB,540,6977,116.44,518.9,58.8,26.4,23.0,0.7239,1
NShelbyRd(pink)_SHB_12.11.2025_LS,SHB,540,6978,116.46,516.7,58.8,26.1,23.1,0.7516,1
NShelbyRd(pink)_SHB_12.11.2025_LS,SHB,540,6979,116.47,514.3,58.8,26.7,23.2,0.7699,1
NShelbyRd(pink)_SHB_12.11.2025_LS,SHB,540,6980,116.49,510.8,59.5,26.7,23.6,0.7402,1
NShelbyRd(pink)_SHB_12.11.2025_LS,SHB,540,6981,116.51,508.2,59.5,27.2,24.0,0.7621,1
NShelbyRd(pink)_SHB_12.11.2025_LS,SHB,540,6982,116.52,505.4,59.5,26.7,24.2,0.7586,1
NShelbyRd(pink)_SHB_12.11.2025_LS,SHB,540,6983,116.54,502.7,59.8,26.7,24.4,0.7454,1
NShelbyRd(pink)_SHB_12.11.2025_LS,SHB,540,6984,116.56,499.8,59.1,26.7,24.0,0.7838,1
NShelbyRd(pink)_SHB_12.11.2025_LS,SHB,540,6985,116.57,498.0,59.6,26.3,23.8,0.7607,1
NShelbyRd(pink)_SHB_12.11.2025_LS,SHB,540,6986,116.59,494.8,60.1,25.7,23.1,0.7564,1
NShelbyRd(pink)_SHB_12.11.2025_LS,SHB,540,6987,116.61,491.4,59.7,25.8,23.4,0.7641,1
NShelbyRd(pink)_SHB_12.11.2025_LS,SHB,540,6988,116.62,488.5,60.1,26.0,23.3,0.7711,1
NShelbyRd(pink)_SHB_12.11.2025_LS,SHB,540,6989,116.64,486.1,59.7,26.4,23.4,0.7619,1
NShelbyRd(pink)_SHB_12.11.2025_LS,SHB,540,6990,116.66,483.7,60.5,26.4,23.6,0.7772,1
NShelbyRd(pink)_SHB_12.11.2025_LS,SHB,540,6991,116.67,480.2,60.8,26.6,23.6,0.7634,1
NShelbyRd(pink)_SHB_12.11.2025_LS,SHB,540,6992,116.69,477.4,60.7,26.4,23.8,0.7698,1
NShelbyRd(pink)_SHB_12.11.2025_LS,SHB,540,6993,116.71,475.5,61.0,26.8,23.8,0.7816,1
NShelbyRd(pink)_SHB_12.11.2025_LS,SHB,540,6994,116.72,472.7,60.8,26.7,24.1,0.7754,1
NShelbyRd(pink)_SHB_12.11.2025_LS,SHB,540,6995,116.74,469.3,60.2,26.5,24.1,0.7676,1
NShelbyRd(pink)_SHB_12.11.2025_LS,SHB,540,6996,116.76,466.8,60.9,26.6,23.7,0.7699,1
NShelbyRd(pink)_SHB_12.11.2025_LS,SHB,540,6997,116.77,463.7,60.6,27.2,23.8,0.7608,1
NShelbyRd(pink)_SHB_12.11.2025_LS,SHB,540,6998,116.79,461.0,61.5,26.5,23.1,0.7926,1
NShelbyRd(pink)_SHB_12.11.2025_LS,SHB,540,6999,116.81,458.2,61.2,26.0,23.1,0.7616,1
NShelbyRd(pink)_SHB_12.11.2025_LS,SHB,540,7000,116.82,455.2,60.9,27.2,23.7,0.7713,1
NShelbyRd(pink)_SHB_12.11.2025_LS,SHB,540,7001,116.84,452.0,61.6,26.9,23.0,0.7818,1
NShelbyRd(pink)_SHB_12.11.2025_LS,SHB,540,7002,116.86,449.4,61.1,26.7,23.2,0.7687,1
NShelbyRd(pink)_SHB_12.11.2025_LS,SHB,540,7003,116.87,446.8,61.3,27.4,23.5,0.7597,1
NShelbyRd(pink)_SHB_12.11.2025_LS,SHB,540,7004,116.89,444.0,61.0,27.8,24.0,0.7803,1
NShelbyRd(pink)_SHB_12.11.2025_LS,SHB,540,7005,116.91,441.0,61.0,27.3,23.7,0.7701,1
NShelbyRd(pink)_SHB_12.11.2025_LS,SHB,540,7006,116.92,437.8,61.4,27.1,23.9,0.771,1
NShelbyRd(pink)_SHB_12.11.2025_LS,SHB,540,7007,116.94,435.1,60.4,27.0,23.8,0.7862,1
NShelbyRd(pink)_SHB_12.11.2025_LS,SHB,540,7008,116.96,431.9,60.4,26.8,23.3,0.7855,1
NShelbyRd(pink)_SHB_12.11.2025_LS,SHB,540,7009,116.97,428.7,60.0,26.2,23.2,0.7687,1
NShelbyRd(pink)_SHB_12.11.2025_LS,SHB,540,7010,116.99,424.8,59.0,25.2,22.9,0.7664,1
NShelbyRd(pink)_SHB_12.11.2025_LS,SHB,540,7011,117.01,421.4,59.7,25.8,22.9,0.7611,1
NShelbyRd(pink)_SHB_12.11.2025_LS,SHB,540,7012,117.02,419.2,58.7,26.8,23.5,0.7826,1
NShelbyRd(pink)_SHB_12.11.2025_LS,SHB,540,7013,117.04,416.4,59.4,26.7,23.0,0.6517,1
NShelbyRd(pink)_SHB_12.11.2025_LS,SHB,540,7014,117.06,415.1,58.7,25.7,22.4,0.722,1
NShelbyRd(pink)_SHB_12.11.2025_LS,SHB,540,7015,117.07,412.5,58.5,25.7,22.7,0.7505,1
NShelbyRd(pink)_SHB_12.11.2025_LS,SHB,540,7016,117.09,409.4,60.7,25.7,22.9,0.7644,1
NShelbyRd(pink)_SHB_12.11.2025_LS,SHB,540,7017,117.11,406.8,59.7,26.5,24.1,0.7879,1
NShelbyRd(pink)_SHB_12.11.2025_LS,SHB,540,7018,117.12,403.5,60.4,26.0,23.2,0.7605,1
NShelbyRd(pink)_SHB_12.11.2025_LS,SHB,540,7019,117.14,400.5,59.9,26.2,22.9,0.7702,1
NShelbyRd(pink)_SHB_12.11.2025_LS,SHB,540,7020,117.16,396.8,59.6,25.9,23.0,0.7694,1
NShelbyRd(pink)_SHB_12.11.2025_LS,SHB,540,7021,117.17,393.7,61.5,26.7,23.2,0.7734,1
NShelbyRd(pink)_SHB_12.11.2025_LS,SHB,540,7022,117.19,390.5,60.4,26.9,24.2,0.7984,1
NShelbyRd(pink)_SHB_12.11.2025_LS,SHB,540,7023,117.21,387.9,61.0,26.7,23.4,0.7885,1
NShelbyRd(pink)_SHB_12.11.2025_LS,SHB,540,7024,117.22,384.8,60.7,26.1,22.4,0.7852,1
NShelbyRd(pink)_SHB_12.11.2025_LS,SHB,540,7025,117.24,382.1,60.5,25.9,22.9,0.7869,1
NShelbyRd(pink)_SHB_12.11.2025_LS,SHB,540,7026,117.26,379.6,61.4,26.8,23.0,0.7768,1
NShelbyRd(pink)_SHB_12.11.2025_LS,SHB,540,7027,117.27,376.9,60.0,27.0,22.8,0.8011,1
NShelbyRd(pink)_SHB_12.11.2025_LS,SHB,540,7028,117.29,374.3,59.9,26.4,22.7,0.7748,1
NShelbyRd(pink)_SHB_12.11.2025_LS,SHB,540,7029,117.31,371.3,60.2,26.5,22.4,0.758,1
NShelbyRd(pink)_SHB_12.11.2025_LS,SHB,540,7030,117.32,368.2,60.4,27.1,22.7,0.7674,1
NShelbyRd(pink)_SHB_12.11.2025_LS,SHB,540,7031,117.34,365.1,61.2,26.9,22.4,0.7854,1
NShelbyRd(pink)_SHB_12.11.2025_LS,SHB,540,7032,117.36,362.1,60.2,26.8,22.8,0.7986,1
NShelbyRd(pink)_SHB_12.11.2025_LS,SHB,540,7033,117.37,359.5,60.4,27.9,23.6,0.7879,1
NShelbyRd(pink)_SHB_12.11.2025_LS,SHB,540,7034,117.39,357.1,60.6,27.9,23.4,0.7761,1
NShelbyRd(pink)_SHB_12.11.2025_LS,SHB,540,7035,117.41,354.8,60.6,26.8,22.3,0.7852,1
NShelbyRd(pink)_SHB_12.11.2025_LS,SHB,540,7036,117.42,351.8,61.5,26.8,22.5,0.8061,1
NShelbyRd(pink)_SHB_12.11.2025_LS,SHB,540,7037,117.44,348.8,61.4,27.3,22.8,0.8043,1
NShelbyRd(pink)_SHB_12.11.2025_LS,SHB,540,7038,117.46,346.3,63.0,27.5,22.9,0.8168,1
NShelbyRd(pink)_SHB_12.11.2025_LS,SHB,540,7039,117.47,343.9,63.2,27.5,23.3,0.8081,1
NShelbyRd(pink)_SHB_12.11.2025_LS,SHB,540,7040,117.49,341.3,63.1,27.1,23.1,0.8075,1
NShelbyRd(pink)_SHB_12.11.2025_LS,SHB,540,7041,117.51,338.2,64.4,26.9,22.3,0.7669,1
NShelbyRd(pink)_SHB_12.11.2025_LS,SHB,540,7042,117.52,334.8,63.4,27.4,22.8,0.8089,1
NShelbyRd(pink)_SHB_12.11.2025_LS,SHB,540,7043,117.54,331.5,64.6,26.8,22.6,0.774,1
NShelbyRd(pink)_SHB_12.11.2025_LS,SHB,540,7044,117.56,328.3,65.3,25.8,21.8,0.7705,1
NShelbyRd(pink)_SHB_12.11.2025_LS,SHB,540,7047,117.61,321.1,64.0,24.5,21.0,0.724,1
NShelbyRd(pink)_SHB_12.11.2025_LS,SHB,540,7048,117.62,318.4,65.5,26.9,22.8,0.7675,1
NShelbyRd(pink)_SHB_12.11.2025_LS,SHB,540,7049,117.64,316.1,66.1,28.0,23.6,0.7903,1
NShelbyRd(pink)_SHB_12.11.2025_LS,SHB,540,7050,117.66,312.9,66.1,28.1,23.5,0.7708,1
NShelbyRd(pink)_SHB_12.11.2025_LS,SHB,540,7051,117.67,310.3,66.8,29.0,24.0,0.784,1
NShelbyRd(pink)_SHB_12.11.2025_LS,SHB,540,7052,117.69,307.2,66.9,28.4,23.9,0.8211,1
NShelbyRd(pink)_SHB_12.11.2025_LS,SHB,540,7053,117.71,303.9,67.6,27.0,22.6,0.7978,1
NShelbyRd(pink)_SHB_12.11.2025_LS,SHB,540,7054,117.72,301.6,68.5,28.3,23.3,0.7946,1
NShelbyRd(pink)_SHB_12.11.2025_LS,SHB,540,7055,117.74,299.2,68.5,28.5,24.0,0.8112,1
NShelbyRd(pink)_SHB_12.11.2025_LS,SHB,540,7056,117.76,296.6,69.1,28.1,24.1,0.7767,1
NShelbyRd(pink)_SHB_12.11.2025_LS,SHB,540,7057,117.77,293.7,69.0,27.8,23.6,0.7736,1
NShelbyRd(pink)_SHB_12.11.2025_LS,SHB,540,7058,117.79,291.0,69.7,27.7,23.2,0.8028,1
NShelbyRd(pink)_SHB_12.11.2025_LS,SHB,540,7059,117.81,288.0,70.7,27.5,23.5,0.8074,1
NShelbyRd(pink)_SHB_12.11.2025_LS,SHB,540,7060,117.82,285.0,70.5,27.8,23.7,0.7999,1
NShelbyRd(pink)_SHB_12.11.2025_LS,SHB,540,7061,117.84,282.2,71.2,26.9,23.3,0.8101,1
NShelbyRd(pink)_SHB_12.11.2025_LS,SHB,540,7062,117.86,279.1,71.5,27.4,24.2,0.8158,1
NShelbyRd(pink)_SHB_12.11.2025_LS,SHB,540,7063,117.87,276.3,71.9,27.2,23.7,0.7936,1
NShelbyRd(pink)_SHB_12.11.2025_LS,SHB,540,7064,117.89,273.5,73.2,27.7,23.7,0.7573,1
NShelbyRd(pink)_SHB_12.11.2025_LS,SHB,540,7065,117.91,271.1,72.7,27.4,23.9,0.7978,1
NShelbyRd(pink)_SHB_12.11.2025_LS,SHB,540,7066,117.93,268.7,73.3,27.7,24.2,0.7835,1
NShelbyRd(pink)_SHB_12.11.2025_LS,SHB,540,7067,117.94,265.8,73.8,27.8,24.4,0.773,1
NShelbyRd(pink)_SHB_12.11.2025_LS,SHB,540,7068,117.96,263.0,74.2,27.3,23.7,0.783,1
NShelbyRd(pink)_SHB_12.11.2025_LS,SHB,540,7069,117.98,260.5,74.7,27.3,23.4,0.7931,1
NShelbyRd(pink)_SHB_12.11.2025_LS,SHB,540,7070,117.99,258.6,74.7,27.8,23.6,0.7997,1
NShelbyRd(pink)_SHB_12.11.2025_LS,SHB,540,7071,118.01,256.3,75.1,26.8,22.4,0.5775,1
NShelbyRd(pink)_SHB_12.11.2025_LS,SHB,540,7072,118.03,252.6,74.7,27.3,22.8,0.5708,1
NShelbyRd(pink)_SHB_12.11.2025_LS,SHB,540,7073,118.04,249.6,75.4,27.6,24.1,0.7633,1
NShelbyRd(pink)_SHB_12.11.2025_LS,SHB,540,7074,118.06,247.0,75.4,27.4,24.4,0.7813,1
NShelbyRd(pink)_SHB_12.11.2025_LS,SHB,540,7075,118.08,244.2,75.5,26.8,23.8,0.7907,1
NShelbyRd(pink)_SHB_12.11.2025_LS,SHB,540,7076,118.09,242.0,75.5,26.7,23.7,0.7545,1
NShelbyRd(pink)_SHB_12.11.2025_LS,SHB,540,7077,118.11,239.4,76.3,26.0,22.9,0.7657,1
NShelbyRd(pink)_SHB_12.11.2025_LS,SHB,540,7078,118.13,236.7,77.2,25.4,21.5,0.515,1
NShelbyRd(pink)_SHB_12.11.2025_LS,SHB,540,7084,118.23,217.6,78.5,24.3,19.4,0.4776,1
NShelbyRd(pink)_SHB_12.11.2025_LS,SHB,540,7086,118.26,214.2,77.7,25.3,20.3,0.5397,1
NShelbyRd(pink)_SHB_12.11.2025_LS,SHB,540,7087,118.28,212.0,77.7,26.1,21.1,0.5878,1
NShelbyRd(pink)_SHB_12.11.2025_LS,SHB,540,7088,118.29,210.6,77.8,26.0,22.1,0.6985,1
NShelbyRd(pink)_SHB_12.11.2025_LS,SHB,540,7089,118.31,208.3,77.4,24.9,21.5,0.6915,1
NShelbyRd(pink)_SHB_12.11.2025_LS,SHB,540,7090,118.33,205.9,77.5,24.7,21.8,0.6996,1
NShelbyRd(pink)_SHB_12.11.2025_LS,SHB,540,7091,118.34,203.7,77.6,24.9,22.3,0.7077,1
NShelbyRd(pink)_SHB_12.11.2025_LS,SHB,540,7092,118.36,200.9,76.0,25.4,23.0,0.758,1
NShelbyRd(pink)_SHB_12.11.2025_LS,SHB,540,7093,118.38,198.4,76.9,25.6,23.4,0.7625,1
NShelbyRd(pink)_SHB_12.11.2025_LS,SHB,540,7094,118.39,195.4,76.3,26.1,24.0,0.7672,1
NShelbyRd(pink)_SHB_12.11.2025_LS,SHB,540,7095,118.41,193.6,75.6,25.4,23.5,0.7392,1
NShelbyRd(pink)_SHB_12.11.2025_LS,SHB,540,7096,118.43,191.2,76.5,25.2,23.3,0.7614,1
NShelbyRd(pink)_SHB_12.11.2025_LS,SHB,540,7097,118.44,188.2,76.2,25.8,24.0,0.7776,1
NShelbyRd(pink)_SHB_12.11.2025_LS,SHB,540,7098,118.46,185.1,77.1,25.8,23.6,0.7734,1
NShelbyRd(pink)_SHB_12.11.2025_LS,SHB,540,7099,118.48,182.1,77.0,26.1,24.1,0.7894,1
NShelbyRd(pink)_SHB_12.11.2025_LS,SHB,540,7100,118.49,180.5,77.1,25.9,23.9,0.7843,1
NShelbyRd(pink)_SHB_12.11.2025_LS,SHB,540,7101,118.51,178.6,77.1,25.8,23.8,0.7741,1
NShelbyRd(pink)_SHB_12.11.2025_LS,SHB,540,7102,118.53,176.4,76.8,25.4,23.6,0.793,1
NShelbyRd(pink)_SHB_12.11.2025_LS,SHB,540,7103,118.54,173.8,77.7,26.1,24.0,0.7787,1
NShelbyRd(pink)_SHB_12.11.2025_LS,SHB,540,7104,118.56,170.5,77.5,26.5,23.8,0.7813,1
NShelbyRd(pink)_SHB_12.11.2025_LS,SHB,540,7105,118.58,167.5,77.2,27.4,24.2,0.7944,1
NShelbyRd(pink)_SHB_12.11.2025_LS,SHB,540,7106,118.59,164.8,77.7,27.7,23.6,0.7522,1
NShelbyRd(pink)_SHB_12.11.2025_LS,SHB,540,7107,118.61,162.3,76.9,27.2,23.8,0.7763,1
NShelbyRd(pink)_SHB_12.11.2025_LS,SHB,540,7108,118.63,159.9,77.5,26.7,23.2,0.7751,1
NShelbyRd(pink)_SHB_12.11.2025_LS,SHB,540,7109,118.64,157.1,76.8,27.6,24.5,0.7672,1
NShelbyRd(pink)_SHB_12.11.2025_LS,SHB,540,7110,118.66,155.1,76.7,26.8,23.8,0.7925,1
NShelbyRd(pink)_SHB_12.11.2025_LS,SHB,540,7111,118.68,152.7,77.6,26.8,23.3,0.7704,1
NShelbyRd(pink)_SHB_12.11.2025_LS,SHB,540,7112,118.69,149.7,77.2,26.3,23.7,0.7958,1
NShelbyRd(pink)_SHB_12.11.2025_LS,SHB,540,7113,118.71,147.4,77.6,26.5,23.5,0.8037,1
NShelbyRd(pink)_SHB_12.11.2025_LS,SHB,540,7114,118.73,144.9,77.5,26.6,23.7,0.7899,1
NShelbyRd(pink)_SHB_12.11.2025_LS,SHB,540,7115,118.74,142.6,77.2,26.1,23.9,0.7827,1
NShelbyRd(pink)_SHB_12.11.2025_LS,SHB,540,7116,118.76,140.4,77.4,25.9,23.6,0.8121,1
NShelbyRd(pink)_SHB_12.11.2025_LS,SHB,540,7117,118.78,138.0,77.1,25.9,23.8,0.8046,1
NShelbyRd(pink)_SHB_12.11.2025_LS,SHB,540,7118,118.79,135.6,77.1,26.1,23.7,0.823,1
NShelbyRd(pink)_SHB_12.11.2025_LS,SHB,540,7119,118.81,133.3,77.1,26.4,23.6,0.7926,1
NShelbyRd(pink)_SHB_12.11.2025_LS,SHB,540,7120,118.83,130.9,77.3,26.6,23.7,0.7876,1
NShelbyRd(pink)_SHB_12.11.2025_LS,SHB,540,7121,118.84,128.5,76.9,27.1,24.0,0.8047,1
NShelbyRd(pink)_SHB_12.11.2025_LS,SHB,540,7122,118.86,125.6,77.0,27.1,23.9,0.8012,1
NShelbyRd(pink)_SHB_12.11.2025_LS,SHB,540,7123,118.88,123.5,76.8,27.7,24.1,0.8033,1
NShelbyRd(pink)_SHB_12.11.2025_LS,SHB,540,7124,118.89,120.9,76.4,27.5,24.1,0.7749,1
NShelbyRd(pink)_SHB_12.11.2025_LS,SHB,540,7125,118.91,118.1,76.2,27.3,24.0,0.7927,1
NShelbyRd(pink)_SHB_12.11.2025_LS,SHB,540,7126,118.93,116.0,76.3,27.5,24.2,0.7953,1
NShelbyRd(pink)_SHB_12.11.2025_LS,SHB,540,7127,118.94,113.1,76.4,28.4,25.2,0.7767,1
NShelbyRd(pink)_SHB_12.11.2025_LS,SHB,540,7128,118.96,110.3,76.6,27.4,23.6,0.787,1
NShelbyRd(pink)_SHB_12.11.2025_LS,SHB,540,7129,118.98,108.0,75.9,27.8,24.0,0.7833,1
NShelbyRd(pink)_SHB_12.11.2025_LS,SHB,540,7130,118.99,106.2,75.9,28.4,24.7,0.7908,1
NShelbyRd(pink)_SHB_12.11.2025_LS,SHB,540,7131,119.01,104.7,75.8,28.1,24.6,0.7969,1
NShelbyRd(pink)_SHB_12.11.2025_LS,SHB,540,7132,119.03,102.5,76.0,28.6,24.5,0.7645,1
NShelbyRd(pink)_SHB_12.11.2025_LS,SHB,540,7133,119.04,99.6,76.9,28.4,24.2,0.7847,1
NShelbyRd(pink)_SHB_12.11.2025_LS,SHB,540,7134,119.06,96.7,77.7,27.4,23.3,0.8071,1
NShelbyRd(pink)_SHB_12.11.2025_LS,SHB,540,7135,119.08,94.2,77.9,26.7,23.0,0.7821,1
NShelbyRd(pink)_SHB_12.11.2025_LS,SHB,540,7136,119.09,92.5,77.7,26.0,22.4,0.695,1
NShelbyRd(pink)_SHB_12.11.2025_LS,SHB,540,7137,119.11,84.0,77.4,25.6,22.1,0.48,1
NShelbyRd(pink)_SHB_12.11.2025_LS,SHB,540,7139,119.14,82.8,76.7,29.4,25.1,0.7702,1
NShelbyRd(pink)_SHB_12.11.2025_LS,SHB,540,7140,119.16,80.9,76.9,28.8,24.7,0.7574,1
NShelbyRd(pink)_SHB_12.11.2025_LS,SHB,540,7141,119.18,80.8,76.2,29.2,24.9,0.7513,1
NShelbyRd(pink)_SHB_12.11.2025_LS,SHB,540,7142,119.19,78.7,76.3,29.0,25.2,0.7452,1
NShelbyRd(pink)_SHB_12.11.2025_LS,SHB,540,7143,119.21,76.9,76.4,28.4,24.7,0.7416,1
NShelbyRd(pink)_SHB_12.11.2025_LS,SHB,540,7144,119.23,75.1,75.0,29.7,25.3,0.7098,1
NShelbyRd(pink)_SHB_12.11.2025_LS,SHB,540,7145,119.24,72.3,75.2,28.9,25.3,0.6993,1
NShelbyRd(pink)_SHB_12.11.2025_LS,SHB,540,7146,119.26,69.7,75.6,28.8,24.9,0.7285,1
NShelbyRd(pink)_SHB_12.11.2025_LS,SHB,540,7147,119.28,66.7,74.5,29.9,24.8,0.756,1
NShelbyRd(pink)_SHB_12.11.2025_LS,SHB,540,7148,119.29,63.6,74.2,29.4,24.5,0.7679,1
NShelbyRd(pink)_SHB_12.11.2025_LS,SHB,540,7149,119.31,61.5,74.3,27.4,23.4,0.6785,1
NShelbyRd(pink)_SHB_12.11.2025_LS,SHB,540,7151,119.34,57.0,75.3,24.7,20.9,0.5466,1
NShelbyRd(pink)_SHB_12.11.2025_LS,SHB,540,7152,119.36,53.5,73.9,26.3,21.4,0.5951,1
NShelbyRd(pink)_SHB_12.11.2025_LS,SHB,540,7153,119.38,51.1,74.4,26.1,22.2,0.7372,1
NShelbyRd(pink)_SHB_12.11.2025_LS,SHB,540,7154,119.39,48.0,74.0,27.5,23.6,0.7222,1
NShelbyRd(pink)_SHB_12.11.2025_LS,SHB,540,7155,119.41,44.8,73.8,27.8,23.0,0.6934,1
NShelbyRd(pink)_SHB_12.11.2025_LS,SHB,540,7156,119.43,41.9,74.1,26.3,22.3,0.7338,1
NShelbyRd(pink)_SHB_12.11.2025_LS,SHB,540,7157,119.44,38.5,73.4,25.5,21.1,0.6557,1
NShelbyRd(pink)_SHB_12.11.2025_LS,SHB,540,7160,119.49,30.4,71.8,25.4,20.1,0.2925,1
NShelbyRd(pink)_SHB_12.11.2025_LS,SHB,540,7161,119.51,28.4,72.4,26.4,21.6,0.7422,1
NShelbyRd(pink)_SHB_12.11.2025_LS,SHB,540,7162,119.53,24.5,72.7,26.7,22.4,0.7371,1
NShelbyRd(pink)_SHB_12.11.2025_LS,SHB,540,7163,119.54,20.7,72.5,26.5,22.2,0.7295,1
NShelbyRd(pink)_SHB_12.11.2025_LS,SHB,540,7164,119.56,17.8,73.7,26.4,22.5,0.6898,1
NShelbyRd(pink)_SHB_12.11.2025_LS,SHB,540,7165,119.58,15.4,73.4,26.9,23.2,0.6421,1
NShelbyRd(pink)_SHB_12.11.2025_LS,SHB,540,7166,119.59,13.1,72.6,26.3,23.6,0.6686,1
NShelbyRd(pink)_SHB_12.11.2025_LS,SHB,540,7167,119.61,11.7,72.3,23.4,22.3,0.5918,1
NShelbyRd(pink)_SHB_12.11.2025_LS,SHB,540,7168,119.63,10.0,71.7,20.1,21.6,0.6289,1
NShelbyRd(pink)_SHB_12.11.2025_LS,SHB,540,7169,119.64,8.3,72.1,16.5,21.8,0.5969,1
NShelbyRd(pink)_SHB_12.11.2025_LS,SHB,540,7170,119.66,6.5,71.7,12.9,21.5,0.4819,1
NShelbyRd(pink)_SHB_12.11.2025_LS,SHB,543,6979,116.47,395.6,64.7,22.0,18.0,0.5518,1
NShelbyRd(pink)_SHB_12.11.2025_LS,SHB,543,6980,116.49,394.7,65.1,21.6,17.3,0.6702,1
NShelbyRd(pink)_SHB_12.11.2025_LS,SHB,543,6981,116.51,393.8,64.9,21.7,16.9,0.6461,1
NShelbyRd(pink)_SHB_12.11.2025_LS,SHB,543,6982,116.52,390.7,65.2,21.9,17.0,0.6238,1
NShelbyRd(pink)_SHB_12.11.2025_LS,SHB,543,6983,116.54,387.6,65.8,21.3,16.9,0.5123,1
NShelbyRd(pink)_SHB_12.11.2025_LS,SHB,543,6984,116.56,384.7,65.4,20.9,16.7,0.6059,1
NShelbyRd(pink)_SHB_12.11.2025_LS,SHB,543,6985,116.57,383.0,65.8,21.9,17.3,0.4934,1
NShelbyRd(pink)_SHB_12.11.2025_LS,SHB,543,6986,116.59,380.9,66.2,21.5,16.9,0.5534,1
NShelbyRd(pink)_SHB_12.11.2025_LS,SHB,543,6987,116.61,377.6,65.9,21.1,16.7,0.5069,1
NShelbyRd(pink)_SHB_12.11.2025_LS,SHB,543,6988,116.62,375.0,66.3,21.4,16.8,0.5259,1
NShelbyRd(pink)_SHB_12.11.2025_LS,SHB,543,6989,116.64,372.1,66.1,21.2,16.4,0.6105,1
NShelbyRd(pink)_SHB_12.11.2025_LS,SHB,543,6990,116.66,370.8,66.5,21.1,16.3,0.6943,1
NShelbyRd(pink)_SHB_12.11.2025_LS,SHB,543,6991,116.67,367.7,66.3,20.9,16.7,0.6301,1
NShelbyRd(pink)_SHB_12.11.2025_LS,SHB,543,6992,116.69,364.9,66.0,20.9,16.4,0.6741,1
NShelbyRd(pink)_SHB_12.11.2025_LS,SHB,543,6993,116.71,363.4,66.3,21.2,16.4,0.5878,1
NShelbyRd(pink)_SHB_12.11.2025_LS,SHB,543,6994,116.72,361.6,66.5,21.0,16.1,0.5398,1
NShelbyRd(pink)_SHB_12.11.2025_LS,SHB,543,6995,116.74,358.3,65.8,21.1,16.4,0.5018,1
NShelbyRd(pink)_SHB_12.11.2025_LS,SHB,543,6996,116.76,355.4,65.9,21.4,16.9,0.5433,1
NShelbyRd(pink)_SHB_12.11.2025_LS,SHB,543,6997,116.77,352.7,65.8,21.2,16.9,0.6076,1
NShelbyRd(pink)_SHB_12.11.2025_LS,SHB,543,6998,116.79,351.3,66.0,21.2,16.9,0.6014,1
NShelbyRd(pink)_SHB_12.11.2025_LS,SHB,543,6999,116.81,350.0,66.2,20.7,16.6,0.5537,1
NShelbyRd(pink)_SHB_12.11.2025_LS,SHB,543,7000,116.82,348.3,66.6,20.9,16.5,0.5752,1
NShelbyRd(pink)_SHB_12.11.2025_LS,SHB,543,7001,116.84,345.0,66.5,21.3,17.1,0.4486,1
NShelbyRd(pink)_SHB_12.11.2025_LS,SHB,543,7002,116.86,341.4,66.8,21.6,17.4,0.4692,1
NShelbyRd(pink)_SHB_12.11.2025_LS,SHB,543,7003,116.87,339.3,67.2,21.6,17.5,0.4651,1
NShelbyRd(pink)_SHB_12.11.2025_LS,SHB,543,7004,116.89,337.8,67.0,21.3,17.1,0.5074,1
NShelbyRd(pink)_SHB_12.11.2025_LS,SHB,543,7005,116.91,335.8,67.1,20.9,16.8,0.5263,1
NShelbyRd(pink)_SHB_12.11.2025_LS,SHB,543,7006,116.92,333.4,66.2,21.2,16.9,0.4507,1
NShelbyRd(pink)_SHB_12.11.2025_LS,SHB,543,7007,116.94,330.9,65.8,21.4,17.1,0.5544,1
NShelbyRd(pink)_SHB_12.11.2025_LS,SHB,543,7008,116.96,328.3,66.0,21.2,17.2,0.5536,1
NShelbyRd(pink)_SHB_12.11.2025_LS,SHB,543,7009,116.97,326.1,65.6,21.1,17.2,0.4182,1
NShelbyRd(pink)_SHB_12.11.2025_LS,SHB,543,7010,116.99,323.1,65.2,21.0,17.1,0.5195,1
NShelbyRd(pink)_SHB_12.11.2025_LS,SHB,543,7011,117.01,318.5,64.6,22.7,17.9,0.3986,1
NShelbyRd(pink)_SHB_12.11.2025_LS,SHB,543,7014,117.06,311.4,65.7,21.3,16.9,0.4541,1
NShelbyRd(pink)_SHB_12.11.2025_LS,SHB,543,7015,117.07,310.1,66.0,21.2,16.9,0.4324,1
NShelbyRd(pink)_SHB_12.11.2025_LS,SHB,543,7016,117.09,306.4,66.6,21.0,16.9,0.6322,1
NShelbyRd(pink)_SHB_12.11.2025_LS,SHB,543,7017,117.11,304.6,66.4,21.2,17.1,0.4376,1
NShelbyRd(pink)_SHB_12.11.2025_LS,SHB,543,7018,117.12,300.4,66.5,21.6,16.8,0.4965,1
NShelbyRd(pink)_SHB_12.11.2025_LS,SHB,543,7019,117.14,297.1,66.4,21.5,16.7,0.608,1
NShelbyRd(pink)_SHB_12.11.2025_LS,SHB,543,7020,117.16,294.2,66.1,21.1,16.7,0.6847,1
NShelbyRd(pink)_SHB_12.11.2025_LS,SHB,543,7021,117.17,293.2,66.3,20.9,16.5,0.6605,1
NShelbyRd(pink)_SHB_12.11.2025_LS,SHB,543,7022,117.19,292.0,66.3,21.1,16.5,0.5705,1
NShelbyRd(pink)_SHB_12.11.2025_LS,SHB,543,7023,117.21,289.5,66.4,21.3,16.3,0.442,1
NShelbyRd(pink)_SHB_12.11.2025_LS,SHB,543,7024,117.22,284.7,66.3,21.2,16.4,0.658,1
NShelbyRd(pink)_SHB_12.11.2025_LS,SHB,543,7025,117.24,282.5,66.1,21.1,16.4,0.6655,1
NShelbyRd(pink)_SHB_12.11.2025_LS,SHB,543,7026,117.26,281.0,66.2,21.1,16.6,0.5782,1
NShelbyRd(pink)_SHB_12.11.2025_LS,SHB,543,7027,117.27,277.2,64.9,21.2,17.5,0.6276,1
NShelbyRd(pink)_SHB_12.11.2025_LS,SHB,543,7028,117.29,274.0,65.4,21.1,16.7,0.6412,1
NShelbyRd(pink)_SHB_12.11.2025_LS,SHB,543,7029,117.31,272.1,65.6,21.3,16.6,0.5562,1
NShelbyRd(pink)_SHB_12.11.2025_LS,SHB,543,7037,117.44,252.8,66.4,21.2,16.3,0.3231,1
NShelbyRd(pink)_SHB_12.11.2025_LS,SHB,543,7040,117.49,245.5,68.2,21.1,16.3,0.3945,1
NShelbyRd(pink)_SHB_12.11.2025_LS,SHB,543,7041,117.51,244.2,68.9,21.3,16.5,0.3288,1
NShelbyRd(pink)_SHB_12.11.2025_LS,SHB,543,7066,117.93,184.1,76.9,22.9,19.2,0.4623,1
NShelbyRd(pink)_SHB_12.11.2025_LS,SHB,543,7067,117.94,182.6,77.5,23.1,19.1,0.3384,1
NShelbyRd(pink)_SHB_12.11.2025_LS,SHB,543,7068,117.96,179.3,78.1,22.6,18.6,0.2563,1
NShelbyRd(pink)_SHB_12.11.2025_LS,SHB,543,7074,118.06,166.6,76.9,23.2,18.1,0.447,1
NShelbyRd(pink)_SHB_12.11.2025_LS,SHB,543,7075,118.08,165.4,77.1,22.0,17.0,0.3205,1
NShelbyRd(pink)_SHB_12.11.2025_LS,SHB,543,7077,118.11,162.3,78.5,22.7,17.6,0.4442,1
NShelbyRd(pink)_SHB_12.11.2025_LS,SHB,543,7078,118.13,158.3,79.2,22.4,17.7,0.3907,1
NShelbyRd(pink)_SHB_12.11.2025_LS,SHB,543,7079,118.14,155.0,79.2,22.4,17.5,0.3699,1
NShelbyRd(pink)_SHB_12.11.2025_LS,SHB,547,7080,118.16,218.9,79.7,22.2,18.5,0.5598,0
NShelbyRd(pink)_SHB_12.11.2025_LS,SHB,547,7081,118.18,215.4,79.3,22.3,18.2,0.4746,0
NShelbyRd(pink)_SHB_12.11.2025_LS,SHB,547,7082,118.19,216.0,78.4,23.2,19.0,0.5563,0
NShelbyRd(pink)_SHB_12.11.2025_LS,SHB,547,7083,118.21,215.5,79.1,23.2,18.9,0.633,0
NShelbyRd(pink)_SHB_12.11.2025_LS,SHB,547,7085,118.24,211.3,79.0,23.2,18.5,0.3736,0
OikosRd_TON_12.03.25_LS,TON,560,521,8.69,617.6,365.8,44.3,29.2,0.4664,0
OikosRd_TON_12.03.25_LS,TON,560,522,8.7,617.5,365.2,44.4,29.7,0.5138,0
OikosRd_TON_12.03.25_LS,TON,560,523,8.72,618.7,365.0,42.2,29.2,0.4924,0
OikosRd_TON_12.03.25_LS,TON,560,525,8.75,619.4,364.3,39.4,28.7,0.6091,0
OikosRd_TON_12.03.25_LS,TON,560,526,8.77,619.0,364.3,40.3,28.7,0.5986,0
OikosRd_TON_12.03.25_LS,TON,560,528,8.8,616.6,363.6,43.3,29.0,0.3686,0
OikosRd_TON_12.03.25_LS,TON,560,529,8.82,616.2,363.1,42.8,28.3,0.5151,0
OikosRd_TON_12.03.25_LS,TON,561,538,8.97,599.7,365.9,44.9,28.2,0.4131,1
OikosRd_TON_12.03.25_LS,TON,561,539,8.99,597.3,366.5,44.1,28.0,0.4412,1
OikosRd_TON_12.03.25_LS,TON,561,543,9.05,592.3,365.0,39.9,27.2,0.5217,1
OikosRd_TON_12.03.25_LS,TON,561,544,9.07,589.5,364.4,44.9,26.9,0.3764,1
OikosRd_TON_12.03.25_LS,TON,561,545,9.09,588.8,364.4,41.1,25.7,0.5597,1
OikosRd_TON_12.03.25_LS,TON,561,546,9.1,586.4,362.4,41.3,25.8,0.4545,1
OikosRd_TON_12.03.25_LS,TON,561,547,9.12,585.1,361.5,42.0,26.1,0.5365,1
OikosRd_TON_12.03.25_LS,TON,561,548,9.14,585.1,361.0,37.9,27.1,0.6396,1
OikosRd_TON_12.03.25_LS,TON,561,549,9.15,584.1,358.8,34.7,26.6,0.5319,1
OikosRd_TON_12.03.25_LS,TON,561,550,9.17,582.7,358.8,33.8,26.0,0.4528,1
OikosRd_TON_12.03.25_LS,TON,561,551,9.19,583.2,357.3,34.8,28.7,0.3995,1
OikosRd_TON_12.03.25_LS,TON,561,552,9.2,582.7,355.6,35.4,28.4,0.26,1
OikosRd_TON_12.03.25_LS,TON,561,553,9.22,583.1,356.1,35.9,29.7,0.297,1
OikosRd_TON_12.03.25_LS,TON,561,562,9.37,568.3,344.1,34.2,26.4,0.3886,1
OikosRd_TON_12.03.25_LS,TON,561,563,9.39,562.5,341.3,35.7,29.7,0.3607,1
OikosRd_TON_12.03.25_LS,TON,561,564,9.4,560.1,340.8,34.6,29.7,0.5608,1
OikosRd_TON_12.03.25_LS,TON,561,565,9.42,556.4,341.4,36.0,31.1,0.6123,1
OikosRd_TON_12.03.25_LS,TON,561,566,9.44,553.0,339.4,36.1,29.8,0.5188,1
OikosRd_TON_12.03.25_LS,TON,561,567,9.45,550.9,338.9,36.7,30.6,0.4991,1
OikosRd_TON_12.03.25_LS,TON,561,568,9.47,549.6,340.4,35.9,30.2,0.5051,1
OikosRd_TON_12.03.25_LS,TON,563,1271,21.19,446.4,365.1,53.7,32.5,0.5083,0
OikosRd_TON_12.03.25_LS,TON,563,1272,21.21,441.0,364.3,52.7,35.1,0.469,0
OikosRd_TON_12.03.25_LS,TON,563,1273,21.22,437.4,361.6,47.6,35.7,0.5157,0
OikosRd_TON_12.03.25_LS,TON,568,1330,22.17,199.1,346.7,44.1,28.5,0.6581,0
OikosRd_TON_12.03.25_LS,TON,568,1331,22.19,193.5,350.3,48.7,38.0,0.5787,0
OikosRd_TON_12.03.25_LS,TON,568,1332,22.21,187.0,351.1,55.0,43.0,0.6189,0
OikosRd_TON_12.03.25_LS,TON,568,1333,22.22,181.1,352.8,56.6,42.6,0.646,0
OikosRd_TON_12.03.25_LS,TON,568,1334,22.24,176.4,353.2,56.1,40.8,0.6309,0
OikosRd_TON_12.03.25_LS,TON,569,1338,22.31,152.8,357.5,43.2,25.1,0.6519,0
OikosRd_TON_12.03.25_LS,TON,569,1339,22.32,149.7,360.5,54.2,31.2,0.6243,0
OikosRd_TON_12.03.25_LS,TON,569,1340,22.34,144.2,361.6,51.1,29.7,0.7362,0
OikosRd_TON_12.03.25_LS,TON,569,1341,22.36,135.5,360.0,50.1,28.3,0.5117,0
OikosRd_TON_12.03.25_LS,TON,569,1342,22.37,134.7,359.9,55.6,32.5,0.6038,0
OikosRd_TON_12.03.25_LS,TON,569,1343,22.39,131.3,362.2,59.4,33.4,0.6314,0
OikosRd_TON_12.03.25_LS,TON,569,1344,22.41,127.7,361.4,59.8,36.0,0.7233,0
OikosRd_TON_12.03.25_LS,TON,569,1345,22.42,123.6,362.5,59.3,36.7,0.6124,0
OikosRd_TON_12.03.25_LS,TON,569,1346,22.44,118.5,364.4,60.3,38.4,0.7069,0
OikosRd_TON_12.03.25_LS,TON,569,1347,22.46,116.2,362.8,58.2,38.2,0.6858,0
OikosRd_TON_12.03.25_LS,TON,569,1348,22.47,112.2,363.9,59.4,38.4,0.6656,0
OikosRd_TON_12.03.25_LS,TON,569,1349,22.49,107.8,365.8,58.3,34.7,0.6034,0
OikosRd_TON_12.03.25_LS,TON,569,1350,22.51,104.7,363.2,58.3,36.4,0.3875,0
OikosRd_TON_12.03.25_LS,TON,569,1351,22.52,100.0,364.2,60.5,36.6,0.6328,0
OikosRd_TON_12.03.25_LS,TON,569,1352,22.54,96.0,364.6,60.7,34.3,0.6267,0
OikosRd_TON_12.03.25_LS,TON,569,1353,22.56,91.3,363.8,61.5,35.4,0.5627,0
OikosRd_TON_12.03.25_LS,TON,569,1354,22.57,83.3,366.1,53.8,33.8,0.4937,0
OikosRd_TON_12.03.25_LS,TON,584,3147,52.47,63.3,321.4,30.2,23.4,0.4872,0
OikosRd_TON_12.03.25_LS,TON,584,3148,52.48,57.8,322.0,28.3,21.9,0.5645,0
OikosRd_TON_12.03.25_LS,TON,584,3149,52.5,55.3,321.5,29.8,21.7,0.3506,0
OikosRd_TON_12.03.25_LS,TON,598,4894,81.59,590.7,24.3,51.1,47.1,0.6048,0
OikosRd_TON_12.03.25_LS,TON,598,4899,81.68,552.9,21.9,62.7,42.0,0.7024,0
OikosRd_TON_12.03.25_LS,TON,598,4900,81.69,550.3,21.3,60.8,41.5,0.633,0
OikosRd_TON_12.03.25_LS,TON,598,4902,81.73,530.0,23.8,58.1,43.8,0.7158,0
OikosRd_TON_12.03.25_LS,TON,598,4911,81.88,474.6,20.6,43.9,41.1,0.5304,0
OikosRd_TON_12.03.25_LS,TON,605,4906,81.79,513.7,22.1,62.3,43.4,0.4722,0
OikosRd_TON_12.03.25_LS,TON,605,4907,81.81,510.2,22.1,59.3,42.5,0.6755,0
OikosRd_TON_12.03.25_LS,TON,605,4908,81.83,503.0,22.1,60.3,42.7,0.6786,0
OikosRd_TON_12.03.25_LS,TON,605,4909,81.84,493.5,22.5,57.2,43.5,0.4733,0
OikosRd_TON_12.03.25_LS,TON,611,4924,82.09,356.8,73.5,54.5,45.2,0.6757,0
OikosRd_TON_12.03.25_LS,TON,611,4925,82.11,346.8,77.1,62.9,55.3,0.762,0
OikosRd_TON_12.03.25_LS,TON,611,4927,82.14,313.0,73.2,83.2,66.7,0.7527,0
OikosRd_TON_12.03.25_LS,TON,611,4928,82.16,309.9,72.3,90.0,65.0,0.7531,0
OikosRd_TON_12.03.25_LS,TON,611,4930,82.19,287.9,75.4,111.2,74.5,0.4969,0
OikosRd_TON_12.03.25_LS,TON,611,4932,82.23,257.9,78.5,85.6,62.0,0.7104,0
OikosRd_TON_12.03.25_LS,TON,611,4933,82.24,243.8,80.0,76.3,57.7,0.7382,0
OikosRd_TON_12.03.25_LS,TON,611,4934,82.26,234.0,80.8,64.6,53.8,0.7209,0
OikosRd_TON_12.03.25_LS,TON,611,4935,82.28,222.7,80.3,56.6,50.1,0.6745,0
OikosRd_TON_12.03.25_LS,TON,611,4936,82.29,212.2,77.9,59.8,49.6,0.6405,0
OikosRd_TON_12.03.25_LS,TON,611,4937,82.31,200.6,77.9,50.1,48.9,0.6966,0
OikosRd_TON_12.03.25_LS,TON,611,4938,82.33,188.4,81.4,47.4,47.8,0.4377,0
OikosRd_TON_12.03.25_LS,TON,611,4939,82.34,178.5,77.9,48.1,51.0,0.3345,0
OikosRd_TON_12.03.25_LS,TON,616,4942,82.39,207.0,60.7,46.7,43.5,0.6702,0
OikosRd_TON_12.03.25_LS,TON,616,4949,82.51,137.2,59.9,56.1,53.4,0.7553,0
OikosRd_TON_12.03.25_LS,TON,616,4950,82.53,133.9,59.7,54.6,54.3,0.7888,0
OikosRd_TON_12.03.25_LS,TON,616,4951,82.54,121.7,60.1,56.3,56.0,0.7433,0
OikosRd_TON_12.03.25_LS,TON,639,8539,142.36,441.1,303.4,50.4,39.4,0.5287,1
OikosRd_TON_12.03.25_LS,TON,639,8540,142.38,431.2,302.7,51.8,39.0,0.5068,1
OikosRd_TON_12.03.25_LS,TON,639,8541,142.39,416.6,304.2,51.4,41.0,0.5636,1
OikosRd_TON_12.03.25_LS,TON,639,8542,142.41,404.5,301.7,53.4,44.8,0.6581,1
OikosRd_TON_12.03.25_LS,TON,639,8543,142.43,393.8,300.5,55.6,44.5,0.6041,1
OikosRd_TON_12.03.25_LS,TON,639,8544,142.44,378.0,302.1,51.3,42.9,0.6591,1
OikosRd_TON_12.03.25_LS,TON,639,8545,142.46,364.9,303.1,53.1,41.6,0.5788,1
OikosRd_TON_12.03.25_LS,TON,639,8546,142.48,350.8,305.0,53.0,40.2,0.5257,1
OikosRd_TON_12.03.25_LS,TON,639,8547,142.49,336.5,304.9,54.5,39.3,0.3524,1
OikosRd_TON_12.03.25_LS,TON,639,8550,142.54,294.0,299.3,47.8,34.0,0.4271,1
OikosRd_TON_12.03.25_LS,TON,639,8551,142.56,279.5,296.5,47.3,38.0,0.6153,1
OikosRd_TON_12.03.25_LS,TON,639,8555,142.63,226.9,293.4,50.6,38.7,0.3691,1
OikosRd_TON_12.03.25_LS,TON,639,8557,142.66,200.5,288.9,47.0,38.4,0.4258,1
OikosRd_TON_12.03.25_LS,TON,639,8559,142.69,173.3,288.9,48.4,37.8,0.2626,1
OikosRd_TON_12.03.25_LS,TON,639,8562,142.74,127.9,288.6,47.7,39.7,0.4956,1
OikosRd_TON_12.03.25_LS,TON,650,9383,156.43,362.7,204.6,32.8,31.6,0.6371,1
OikosRd_TON_12.03.25_LS,TON,650,9384,156.45,356.8,205.7,33.2,30.5,0.6197,1
OikosRd_TON_12.03.25_LS,TON,650,9385,156.47,349.7,205.4,33.1,29.6,0.6697,1
OikosRd_TON_12.03.25_LS,TON,650,9386,156.48,341.9,205.6,32.7,29.4,0.677,1
OikosRd_TON_12.03.25_LS,TON,650,9387,156.5,333.0,206.5,32.1,29.5,0.6743,1
OikosRd_TON_12.03.25_LS,TON,650,9388,156.52,326.2,205.3,32.4,29.2,0.6281,1
OikosRd_TON_12.03.25_LS,TON,650,9389,156.53,318.6,205.9,32.2,28.9,0.6246,1
OikosRd_TON_12.03.25_LS,TON,650,9390,156.55,310.7,206.3,33.1,30.2,0.573,1
OikosRd_TON_12.03.25_LS,TON,650,9391,156.57,302.7,204.5,32.6,30.2,0.6201,1
OikosRd_TON_12.03.25_LS,TON,650,9392,156.58,295.1,204.1,31.9,29.7,0.6561,1
OikosRd_TON_12.03.25_LS,TON,650,9393,156.6,289.2,204.1,31.7,29.1,0.711,1
OikosRd_TON_12.03.25_LS,TON,650,9394,156.62,281.4,203.4,33.1,30.9,0.6757,1
OikosRd_TON_12.03.25_LS,TON,650,9395,156.63,274.6,203.9,33.9,30.4,0.7087,1
OikosRd_TON_12.03.25_LS,TON,650,9396,156.65,266.8,203.3,33.3,30.4,0.6932,1
OikosRd_TON_12.03.25_LS,TON,650,9397,156.67,259.0,203.2,32.1,29.4,0.6957,1
OikosRd_TON_12.03.25_LS,TON,650,9398,156.68,251.0,201.6,31.9,29.5,0.6217,1
OikosRd_TON_12.03.25_LS,TON,650,9399,156.7,244.6,200.2,33.0,29.4,0.6379,1
OikosRd_TON_12.03.25_LS,TON,650,9400,156.72,237.3,199.9,35.8,32.9,0.4384,1
OikosRd_TON_12.03.25_LS,TON,650,9401,156.73,230.0,199.0,36.5,33.2,0.5407,1
OikosRd_TON_12.03.25_LS,TON,650,9404,156.78,209.7,200.5,33.6,31.2,0.4354,1
OikosRd_TON_12.03.25_LS,TON,650,9424,157.12,66.6,201.1,27.8,22.5,0.4265,1
OikosRd_TON_12.03.25_LS,TON,650,9425,157.13,58.4,200.1,26.4,21.5,0.3573,1
OikosRd_TON_12.03.25_LS,TON,650,9426,157.15,51.4,199.6,27.4,22.1,0.4267,1
OikosRd_TON_12.03.25_LS,TON,650,9427,157.17,46.8,200.1,27.8,21.9,0.4413,1
OikosRd_TON_12.03.25_LS,TON,650,9428,157.18,38.1,201.2,26.8,19.5,0.51,1
OikosRd_TON_12.03.25_LS,TON,650,9429,157.2,30.4,201.3,25.7,17.8,0.5182,1
OikosRd_TON_12.03.25_LS,TON,650,9430,157.22,24.3,200.5,26.4,20.2,0.6746,1
OikosRd_TON_12.03.25_LS,TON,650,9431,157.23,17.8,199.7,26.6,21.4,0.6395,1
OikosRd_TON_12.03.25_LS,TON,650,9432,157.25,11.6,199.2,23.2,19.0,0.5322,1
OikosRd_TON_12.03.25_LS,TON,702,11547,192.51,144.2,247.3,61.4,37.6,0.4966,0
OikosRd_TON_12.03.25_LS,TON,702,11548,192.53,136.9,247.0,63.7,38.2,0.2932,0
OikosRd_TON_12.03.25_LS,TON,702,11549,192.54,130.6,244.0,65.9,43.3,0.2578,0
OikosRd_TON_12.03.25_LS,TON,702,11550,192.56,114.8,246.0,64.0,42.1,0.4624,0
OikosRd_TON_12.03.25_LS,TON,702,11551,192.58,99.8,247.0,59.6,40.7,0.4934,0
OikosRd_TON_12.03.25_LS,TON,702,11552,192.59,87.9,243.7,56.1,40.7,0.6789,0
OikosRd_TON_12.03.25_LS,TON,702,11553,192.61,81.5,243.3,49.9,39.6,0.6973,0
OikosRd_TON_12.03.25_LS,TON,712,11757,196.01,256.0,160.2,41.4,30.1,0.4124,1
OikosRd_TON_12.03.25_LS,TON,712,11770,196.23,239.7,159.1,40.6,33.1,0.3705,1
OikosRd_TON_12.03.25_LS,TON,712,11771,196.24,238.3,160.0,43.0,32.1,0.4043,1
OikosRd_TON_12.03.25_LS,TON,712,11772,196.26,237.6,160.2,43.4,31.3,0.4365,1
OikosRd_TON_12.03.25_LS,TON,712,11773,196.28,232.8,159.9,43.1,31.4,0.4739,1
OikosRd_TON_12.03.25_LS,TON,712,11774,196.29,231.9,162.3,44.0,31.3,0.3125,1
OikosRd_TON_12.03.25_LS,TON,712,11775,196.31,231.3,163.0,43.4,30.8,0.2726,1
OikosRd_TON_12.03.25_LS,TON,712,11783,196.44,217.9,163.5,37.8,27.6,0.472,1
OikosRd_TON_12.03.25_LS,TON,712,11784,196.46,216.1,162.7,39.0,27.2,0.4259,1
OikosRd_TON_12.03.25_LS,TON,712,11785,196.48,215.1,162.0,39.1,27.3,0.3835,1
OikosRd_TON_12.03.25_LS,TON,712,11786,196.49,213.0,161.4,39.8,29.1,0.2771,1
OikosRd_TON_12.03.25_LS,TON,712,11787,196.51,209.3,160.6,37.9,28.2,0.2761,1
OikosRd_TON_12.03.25_LS,TON,712,11794,196.63,199.5,155.5,35.5,24.9,0.43,1
OikosRd_TON_12.03.25_LS,TON,712,11795,196.64,198.8,155.3,34.7,23.8,0.4343,1
OikosRd_TON_12.03.25_LS,TON,712,11796,196.66,196.8,154.6,33.8,22.6,0.5212,1
OikosRd_TON_12.03.25_LS,TON,712,11797,196.68,196.8,154.6,34.2,22.0,0.5345,1
OikosRd_TON_12.03.25_LS,TON,712,11798,196.69,196.6,154.3,35.5,22.2,0.2919,1
OikosRd_TON_12.03.25_LS,TON,742,14338,239.04,147.7,16.9,29.8,17.1,0.5261,0
OikosRd_TON_12.03.25_LS,TON,742,14340,239.07,150.9,16.6,25.4,16.4,0.5308,0
OikosRd_TON_12.03.25_LS,TON,742,14341,239.09,153.5,17.9,23.9,18.1,0.5158,0
OikosRd_TON_12.03.25_LS,TON,742,14342,239.11,154.3,17.1,27.5,18.5,0.559,0
OikosRd_TON_12.03.25_LS,TON,742,14343,239.12,155.9,18.4,28.1,21.5,0.6733,0
OikosRd_TON_12.03.25_LS,TON,742,14346,239.17,159.5,22.5,32.5,21.6,0.3764,0
OikosRd_TON_12.03.25_LS,TON,755,15091,251.59,275.3,165.4,33.6,32.2,0.6595,1
OikosRd_TON_12.03.25_LS,TON,755,15092,251.61,273.0,165.7,32.8,31.7,0.7127,1
OikosRd_TON_12.03.25_LS,TON,755,15093,251.63,270.2,166.1,33.0,31.5,0.6613,1
OikosRd_TON_12.03.25_LS,TON,755,15094,251.64,267.2,166.7,32.3,31.8,0.3977,1
OikosRd_TON_12.03.25_LS,TON,755,15095,251.66,264.5,166.5,31.9,31.8,0.3097,1
OikosRd_TON_12.03.25_LS,TON,755,15096,251.68,260.7,168.0,33.2,34.5,0.3206,1
OikosRd_TON_12.03.25_LS,TON,755,15097,251.69,257.7,170.2,32.8,33.6,0.4155,1
OikosRd_TON_12.03.25_LS,TON,755,15098,251.71,254.8,173.0,34.6,33.5,0.3985,1
OikosRd_TON_12.03.25_LS,TON,755,15099,251.73,252.0,175.0,32.5,32.0,0.4816,1
OikosRd_TON_12.03.25_LS,TON,755,15102,251.78,244.9,180.6,32.3,32.5,0.2716,1
OikosRd_TON_12.03.25_LS,TON,755,15104,251.81,240.8,184.3,35.2,33.9,0.3077,1
OikosRd_TON_12.03.25_LS,TON,755,15105,251.83,239.0,183.7,35.0,33.8,0.3033,1
OikosRd_TON_12.03.25_LS,TON,755,15107,251.86,233.8,191.0,38.0,36.1,0.2809,1
OikosRd_TON_12.03.25_LS,TON,755,15108,251.88,230.8,191.4,38.1,36.2,0.3469,1
OikosRd_TON_12.03.25_LS,TON,755,15109,251.89,227.2,194.2,41.5,36.5,0.2652,1
OikosRd_TON_12.03.25_LS,TON,755,15110,251.91,223.9,197.1,41.1,36.3,0.5028,1
OikosRd_TON_12.03.25_LS,TON,755,15111,251.93,220.2,197.0,39.6,36.3,0.5914,1
OikosRd_TON_12.03.25_LS,TON,755,15112,251.94,215.9,198.8,39.1,35.7,0.3398,1
OikosRd_TON_12.03.25_LS,TON,755,15113,251.96,212.6,200.2,38.9,35.7,0.3434,1
OikosRd_TON_12.03.25_LS,TON,755,15116,252.01,202.2,202.5,34.6,33.8,0.5454,1
OikosRd_TON_12.03.25_LS,TON,755,15117,252.03,198.9,202.1,33.9,33.1,0.5893,1
OikosRd_TON_12.03.25_LS,TON,755,15118,252.04,195.2,202.7,33.9,32.3,0.3995,1
OikosRd_TON_12.03.25_LS,TON,755,15119,252.06,192.8,203.5,33.9,31.6,0.4769,1
OikosRd_TON_12.03.25_LS,TON,755,15120,252.08,189.5,203.2,31.9,30.0,0.7314,1
OikosRd_TON_12.03.25_LS,TON,755,15121,252.09,186.9,203.3,31.7,29.1,0.707,1
OikosRd_TON_12.03.25_LS,TON,755,15122,252.11,185.0,203.3,32.8,29.5,0.6984,1
OikosRd_TON_12.03.25_LS,TON,755,15123,252.13,183.0,202.3,33.6,30.0,0.714,1
OikosRd_TON_12.03.25_LS,TON,755,15124,252.14,179.1,201.6,34.9,32.4,0.5324,1
OikosRd_TON_12.03.25_LS,TON,755,15125,252.16,174.9,201.2,35.6,33.9,0.5737,1
OikosRd_TON_12.03.25_LS,TON,755,15128,252.21,167.3,197.6,36.8,34.1,0.2518,1
OikosRd_TON_12.03.25_LS,TON,755,15129,252.23,165.0,194.9,36.4,35.9,0.4382,1
OikosRd_TON_12.03.25_LS,TON,755,15130,252.24,162.4,194.0,37.9,37.6,0.4363,1
OikosRd_TON_12.03.25_LS,TON,755,15132,252.28,157.6,194.2,38.5,37.7,0.3297,1
OikosRd_TON_12.03.25_LS,TON,755,15133,252.29,154.0,193.9,39.8,39.4,0.4983,1
OikosRd_TON_12.03.25_LS,TON,755,15134,252.31,152.3,196.4,40.0,37.6,0.4484,1
OikosRd_TON_12.03.25_LS,TON,755,15135,252.33,149.2,193.6,38.8,38.0,0.5752,1
OikosRd_TON_12.03.25_LS,TON,755,15154,252.65,99.8,208.8,30.0,29.8,0.637,1
OikosRd_TON_12.03.25_LS,TON,755,15155,252.66,96.7,210.9,27.3,28.2,0.6096,1
OikosRd_TON_12.03.25_LS,TON,755,15156,252.68,94.5,210.3,27.5,27.6,0.6707,1
OikosRd_TON_12.03.25_LS,TON,755,15157,252.7,92.4,210.5,28.0,27.6,0.6121,1
OikosRd_TON_12.03.25_LS,TON,755,15158,252.71,89.1,210.9,26.8,27.3,0.4604,1
OikosRd_TON_12.03.25_LS,TON,755,15159,252.73,85.9,210.8,26.0,26.4,0.6629,1
OikosRd_TON_12.03.25_LS,TON,755,15160,252.75,82.3,211.1,25.7,27.2,0.5832,1
OikosRd_TON_12.03.25_LS,TON,755,15161,252.76,79.5,211.4,26.2,27.5,0.5966,1
OikosRd_TON_12.03.25_LS,TON,755,15165,252.83,65.1,209.6,25.0,29.1,0.3807,1
SIron_SHW_01.18.2026_LS,SHW,776,2430,40.5,275.4,283.1,53.8,38.3,0.5307,0
SIron_SHW_01.18.2026_LS,SHW,776,2431,40.52,264.2,286.6,51.0,38.6,0.6232,0
SIron_SHW_01.18.2026_LS,SHW,776,2432,40.53,247.4,291.4,54.9,41.0,0.5205,0
SIron_SHW_01.18.2026_LS,SHW,776,2433,40.55,229.7,296.1,52.3,40.3,0.6296,0
SIron_SHW_01.18.2026_LS,SHW,776,2434,40.57,219.0,299.6,55.6,41.7,0.4598,0
SIron_SHW_01.18.2026_LS,SHW,873,6572,109.53,111.6,225.6,52.3,33.8,0.4831,0
SIron_SHW_01.18.2026_LS,SHW,873,6574,109.57,100.5,229.4,44.7,38.5,0.6046,0
SIron_SHW_01.18.2026_LS,SHW,873,6575,109.58,91.5,230.3,47.5,36.7,0.685,0
SIron_SHW_01.18.2026_LS,SHW,873,6576,109.6,84.3,230.7,49.8,35.5,0.6514,0
SIron_SHW_01.18.2026_LS,SHW,873,6577,109.62,73.2,231.6,51.4,36.1,0.5651,0
SIron_SHW_01.18.2026_LS,SHW,873,6578,109.63,66.6,232.4,52.3,36.3,0.5048,0
SIron_SHW_01.18.2026_LS,SHW,873,6579,109.65,58.4,234.1,49.9,35.4,0.3754,0
SIron_SHW_01.18.2026_LS,SHW,873,6580,109.67,49.3,232.6,48.5,37.2,0.4689,0
SIron_SHW_01.18.2026_LS,SHW,903,7861,131.02,158.1,421.4,26.9,18.7,0.5711,0
SIron_SHW_01.18.2026_LS,SHW,903,7862,131.03,150.5,422.0,28.2,19.9,0.5349,0
SIron_SHW_01.18.2026_LS,SHW,903,7863,131.05,144.8,422.4,29.1,22.6,0.5488,0
SIron_SHW_01.18.2026_LS,SHW,903,7864,131.07,140.9,422.8,29.0,24.1,0.2586,0
SIron_SHW_01.18.2026_LS,SHW,903,7871,131.18,110.7,428.4,25.5,16.7,0.6262,0
SIron_SHW_01.18.2026_LS,SHW,903,7872,131.2,107.5,428.0,25.8,17.3,0.5725,0
SIron_SHW_01.18.2026_LS,SHW,903,7873,131.22,104.1,428.9,25.9,16.8,0.5098,0
SIron_SHW_01.18.2026_LS,SHW,906,7887,131.45,96.7,398.9,26.7,22.1,0.354,0
SIron_SHW_01.18.2026_LS,SHW,906,7889,131.48,88.5,395.7,27.2,21.2,0.4779,0
SIron_SHW_01.18.2026_LS,SHW,906,7890,131.5,81.3,392.8,27.2,21.1,0.4025,0
SIron_SHW_01.18.2026_LS,SHW,906,7891,131.52,78.6,391.6,26.9,22.0,0.4796,0
SIron_SHW_01.18.2026_LS,SHW,906,7893,131.55,69.1,389.3,26.5,22.3,0.3349,0
SIron_SHW_01.18.2026_LS,SHW,906,7898,131.63,44.3,378.0,22.6,16.6,0.4052,0
SIron_SHW_01.18.2026_LS,SHW,906,7899,131.65,42.2,376.1,24.2,17.3,0.2885,0
SIron_SHW_01.18.2026_LS,SHW,906,7900,131.67,36.1,374.6,23.9,17.4,0.299,0
SIron_SHW_01.18.2026_LS,SHW,906,7901,131.68,32.0,372.3,24.0,18.0,0.4881,0
SIron_SHW_01.18.2026_LS,SHW,906,7902,131.7,26.2,370.6,21.8,18.6,0.3116,0
SIron_SHW_01.18.2026_LS,SHW,906,7903,131.72,22.6,369.4,23.2,18.1,0.4779,0
SIron_SHW_01.18.2026_LS,SHW,906,7904,131.73,17.6,367.4,23.7,17.9,0.2669,0
SIron_SHW_01.18.2026_LS,SHW,928,8087,134.78,45.2,471.3,24.7,20.5,0.5402,0
SIron_SHW_01.18.2026_LS,SHW,928,8088,134.8,41.0,472.7,22.6,17.6,0.5421,0
SIron_SHW_01.18.2026_LS,SHW,928,8089,134.82,39.3,474.7,22.0,18.1,0.3757,0
SIron_SHW_01.18.2026_LS,SHW,998,9692,161.53,183.5,240.6,38.1,35.2,0.651,0
SIron_SHW_01.18.2026_LS,SHW,998,9693,161.55,175.8,243.0,39.0,35.8,0.6372,0
SIron_SHW_01.18.2026_LS,SHW,998,9694,161.56,166.1,245.5,38.3,34.9,0.5924,0
SIron_SHW_01.18.2026_LS,SHW,998,9695,161.58,156.8,245.6,38.1,33.1,0.5503,0
SIron_SHW_01.18.2026_LS,SHW,998,9696,161.6,143.3,246.5,38.2,31.4,0.5866,0
SIron_SHW_01.18.2026_LS,SHW,998,9697,161.61,134.0,247.4,37.9,29.8,0.637,0
SIron_SHW_01.18.2026_LS,SHW,998,9698,161.63,124.8,250.5,37.3,30.7,0.6425,0
SIron_SHW_01.18.2026_LS,SHW,998,9699,161.65,116.6,253.6,39.2,30.6,0.561,0
SIron_SHW_01.18.2026_LS,SHW,998,9700,161.66,103.9,257.1,35.9,28.1,0.6346,0
SIron_SHW_01.18.2026_LS,SHW,998,9701,161.68,96.7,259.0,35.3,27.7,0.6815,0
SIron_SHW_01.18.2026_LS,SHW,998,9702,161.7,87.4,261.3,38.0,28.8,0.6285,0
SIron_SHW_01.18.2026_LS,SHW,998,9704,161.73,65.4,265.4,37.4,31.3,0.5759,0
SIron_SHW_01.18.2026_LS,SHW,998,9705,161.75,56.1,267.4,39.1,31.1,0.2761,0
SIron_SHW_01.18.2026_LS,SHW,1064,13644,227.4,148.9,286.0,62.2,74.0,0.5314,0
SIron_SHW_01.18.2026_LS,SHW,1064,13645,227.41,140.1,286.4,63.8,79.3,0.7462,0
SIron_SHW_01.18.2026_LS,SHW,1064,13646,227.43,134.1,290.3,61.5,77.8,0.7016,0
SIron_SHW_01.18.2026_LS,SHW,1064,13647,227.45,120.3,293.5,70.3,78.3,0.7376,0
SIron_SHW_01.18.2026_LS,SHW,1064,13648,227.46,106.0,293.3,72.1,85.4,0.5308,0
SIron_SHW_01.18.2026_LS,SHW,1064,13654,227.56,70.0,299.2,83.8,89.7,0.3345,0
SIron_SHW_01.18.2026_LS,SHW,1064,13655,227.58,61.2,302.8,86.5,91.4,0.4216,0
SIron_SHW_01.18.2026_LS,SHW,1064,13661,227.68,33.9,306.7,67.9,84.6,0.4244,0
SIron_SHW_01.18.2026_LS,SHW,1074,13879,231.31,433.7,298.1,34.5,29.2,0.5748,0
SIron_SHW_01.18.2026_LS,SHW,1074,13880,231.33,426.1,301.9,34.4,29.4,0.5797,0
SIron_SHW_01.18.2026_LS,SHW,1074,13881,231.35,415.7,306.1,34.4,28.8,0.6323,0
SIron_SHW_01.18.2026_LS,SHW,1074,13882,231.36,405.0,311.0,33.3,28.0,0.573,0
SIron_SHW_01.18.2026_LS,SHW,1074,13883,231.38,394.2,315.4,30.6,27.0,0.5792,0
SIron_SHW_01.18.2026_LS,SHW,1074,13887,231.45,353.7,334.1,24.8,22.1,0.617,0
SIron_SHW_01.18.2026_LS,SHW,1074,13888,231.46,345.1,337.3,26.1,21.5,0.5599,0
SIron_SHW_01.18.2026_LS,SHW,1074,13889,231.48,335.8,340.0,26.4,21.6,0.5092,0
SIron_SHW_01.18.2026_LS,SHW,1074,13890,231.5,326.6,345.6,27.4,18.9,0.4741,0
SIron_SHW_01.18.2026_LS,SHW,1074,13891,231.51,313.8,349.9,27.0,19.5,0.4391,0
SIron_SHW_01.18.2026_LS,SHW,1074,13892,231.53,304.6,353.8,27.6,20.8,0.3093,0
SIron_SHW_01.18.2026_LS,SHW,1074,13894,231.56,281.9,362.0,27.7,18.7,0.4981,0
SIron_SHW_01.18.2026_LS,SHW,1107,14552,242.53,436.0,402.1,47.6,39.6,0.432,0
SIron_SHW_01.18.2026_LS,SHW,1107,14553,242.55,429.9,404.2,45.1,38.4,0.6297,0
SIron_SHW_01.18.2026_LS,SHW,1107,14554,242.56,422.1,407.1,45.4,41.8,0.615,0
SIron_SHW_01.18.2026_LS,SHW,1107,14604,243.4,177.0,492.6,42.0,38.8,0.4057,0
WhoopieCatDam_SHW_01.18.2026_LS,SHW,1131,2844,47.4,625.6,203.9,28.5,36.8,0.5377,1
WhoopieCatDam_SHW_01.18.2026_LS,SHW,1131,2845,47.42,625.9,206.8,27.2,34.7,0.6267,1
WhoopieCatDam_SHW_01.18.2026_LS,SHW,1131,2846,47.43,624.2,206.8,31.2,35.6,0.4943,1
WhoopieCatDam_SHW_01.18.2026_LS,SHW,1131,2847,47.45,622.5,206.5,34.3,34.9,0.5865,1
WhoopieCatDam_SHW_01.18.2026_LS,SHW,1131,2848,47.47,622.1,207.1,35.7,35.7,0.5326,1
WhoopieCatDam_SHW_01.18.2026_LS,SHW,1131,2849,47.48,620.5,208.4,38.6,36.4,0.5406,1
WhoopieCatDam_SHW_01.18.2026_LS,SHW,1131,2850,47.5,614.4,209.7,42.9,38.6,0.3749,1
WhoopieCatDam_SHW_01.18.2026_LS,SHW,1131,2851,47.52,614.2,210.8,46.3,36.9,0.6024,1
WhoopieCatDam_SHW_01.18.2026_LS,SHW,1131,2852,47.53,611.8,211.9,49.2,39.4,0.5568,1
WhoopieCatDam_SHW_01.18.2026_LS,SHW,1131,2853,47.55,609.2,212.4,52.0,39.5,0.4093,1
WhoopieCatDam_SHW_01.18.2026_LS,SHW,1131,2854,47.57,607.8,215.1,49.1,37.6,0.6426,1
WhoopieCatDam_SHW_01.18.2026_LS,SHW,1131,2855,47.58,604.3,216.6,47.7,38.1,0.7265,1
WhoopieCatDam_SHW_01.18.2026_LS,SHW,1131,2856,47.6,601.6,217.2,43.6,37.2,0.6685,1
WhoopieCatDam_SHW_01.18.2026_LS,SHW,1131,2857,47.62,598.8,219.3,41.8,37.1,0.563,1
WhoopieCatDam_SHW_01.18.2026_LS,SHW,1131,2858,47.63,595.7,220.5,42.7,37.8,0.625,1
WhoopieCatDam_SHW_01.18.2026_LS,SHW,1131,2859,47.65,591.7,221.2,42.9,36.1,0.6628,1
WhoopieCatDam_SHW_01.18.2026_LS,SHW,1131,2867,47.78,565.2,228.9,45.5,37.8,0.4856,1
WhoopieCatDam_SHW_01.18.2026_LS,SHW,1131,2868,47.8,558.8,229.6,45.6,38.2,0.7463,1
WhoopieCatDam_SHW_01.18.2026_LS,SHW,1131,2869,47.82,555.8,228.9,46.5,35.4,0.7149,1
WhoopieCatDam_SHW_01.18.2026_LS,SHW,1131,2870,47.83,552.9,230.4,47.8,36.6,0.651,1
WhoopieCatDam_SHW_01.18.2026_LS,SHW,1131,2871,47.85,550.0,231.8,46.3,36.7,0.671,1
WhoopieCatDam_SHW_01.18.2026_LS,SHW,1131,2872,47.87,546.9,232.0,46.7,37.5,0.6939,1
WhoopieCatDam_SHW_01.18.2026_LS,SHW,1131,2873,47.88,543.0,231.8,47.7,39.3,0.7156,1
WhoopieCatDam_SHW_01.18.2026_LS,SHW,1131,2874,47.9,538.2,231.6,46.1,39.7,0.6885,1
WhoopieCatDam_SHW_01.18.2026_LS,SHW,1131,2875,47.92,534.1,232.1,45.8,39.4,0.6811,1
WhoopieCatDam_SHW_01.18.2026_LS,SHW,1131,2876,47.93,529.0,234.6,39.5,38.4,0.6422,1
WhoopieCatDam_SHW_01.18.2026_LS,SHW,1131,2877,47.95,521.5,234.6,35.3,36.1,0.6208,1
WhoopieCatDam_SHW_01.18.2026_LS,SHW,1131,2879,47.98,518.8,236.1,42.4,36.8,0.7135,1
WhoopieCatDam_SHW_01.18.2026_LS,SHW,1131,2880,48.0,518.1,237.1,45.9,36.6,0.7648,1
WhoopieCatDam_SHW_01.18.2026_LS,SHW,1131,2881,48.02,514.4,235.9,45.6,36.9,0.7501,1
WhoopieCatDam_SHW_01.18.2026_LS,SHW,1131,2882,48.03,513.1,235.2,46.8,36.1,0.6663,1
WhoopieCatDam_SHW_01.18.2026_LS,SHW,1131,2883,48.05,513.4,235.8,48.0,36.1,0.6483,1
WhoopieCatDam_SHW_01.18.2026_LS,SHW,1131,2884,48.07,509.6,235.6,48.9,35.8,0.7532,1
WhoopieCatDam_SHW_01.18.2026_LS,SHW,1131,2885,48.08,504.3,235.7,50.0,36.4,0.7086,1
WhoopieCatDam_SHW_01.18.2026_LS,SHW,1131,2886,48.1,500.5,237.3,48.6,36.8,0.6581,1
WhoopieCatDam_SHW_01.18.2026_LS,SHW,1131,2887,48.12,496.8,239.7,43.8,38.0,0.5628,1
WhoopieCatDam_SHW_01.18.2026_LS,SHW,1133,2919,48.65,382.1,274.3,48.7,37.9,0.5858,0
WhoopieCatDam_SHW_01.18.2026_LS,SHW,1133,2920,48.67,379.5,278.5,43.9,36.0,0.529,0
WhoopieCatDam_SHW_01.18.2026_LS,SHW,1133,2921,48.68,386.5,277.6,44.3,35.8,0.5068,0
WhoopieCatDam_SHW_01.18.2026_LS,SHW,1136,2925,48.75,370.7,283.7,46.3,36.8,0.3956,1
WhoopieCatDam_SHW_01.18.2026_LS,SHW,1136,2926,48.77,365.5,286.1,48.2,39.4,0.5201,1
WhoopieCatDam_SHW_01.18.2026_LS,SHW,1136,2927,48.78,361.5,288.1,50.0,41.1,0.6181,1
WhoopieCatDam_SHW_01.18.2026_LS,SHW,1136,2928,48.8,353.8,287.4,46.8,40.2,0.4325,1
WhoopieCatDam_SHW_01.18.2026_LS,SHW,1136,2930,48.83,346.0,288.7,50.1,39.5,0.5705,1
WhoopieCatDam_SHW_01.18.2026_LS,SHW,1136,2933,48.88,338.9,295.0,42.7,32.3,0.5478,1
WhoopieCatDam_SHW_01.18.2026_LS,SHW,1136,2934,48.9,330.4,295.7,44.0,33.2,0.5297,1
WhoopieCatDam_SHW_01.18.2026_LS,SHW,1136,2935,48.92,330.3,297.0,44.8,33.7,0.5431,1
WhoopieCatDam_SHW_01.18.2026_LS,SHW,1136,2936,48.93,323.1,297.7,45.7,36.1,0.4317,1
WhoopieCatDam_SHW_01.18.2026_LS,SHW,1136,2939,48.98,313.4,303.6,49.0,40.5,0.4506,1
WhoopieCatDam_SHW_01.18.2026_LS,SHW,1136,2940,49.0,303.7,305.2,47.6,38.3,0.6633,1
WhoopieCatDam_SHW_01.18.2026_LS,SHW,1136,2941,49.02,295.6,305.2,47.0,36.6,0.6507,1
WhoopieCatDam_SHW_01.18.2026_LS,SHW,1136,2942,49.03,288.0,305.5,45.2,36.0,0.6259,1
WhoopieCatDam_SHW_01.18.2026_LS,SHW,1136,2945,49.08,279.5,305.2,52.6,38.4,0.3613,1
WhoopieCatDam_SHW_01.18.2026_LS,SHW,1136,2946,49.1,275.1,304.2,53.0,39.8,0.4413,1
WhoopieCatDam_SHW_01.18.2026_LS,SHW,1136,2947,49.12,270.8,305.1,51.6,41.3,0.3983,1
WhoopieCatDam_SHW_01.18.2026_LS,SHW,1136,2948,49.13,265.2,305.2,51.2,40.9,0.6157,1
WhoopieCatDam_SHW_01.18.2026_LS,SHW,1136,2949,49.15,261.8,304.7,51.2,41.4,0.6389,1
WhoopieCatDam_SHW_01.18.2026_LS,SHW,1136,2950,49.17,259.1,305.4,50.7,40.5,0.5748,1
WhoopieCatDam_SHW_01.18.2026_LS,SHW,1136,2951,49.18,254.6,305.5,48.0,40.1,0.6098,1
WhoopieCatDam_SHW_01.18.2026_LS,SHW,1136,2952,49.2,251.1,304.6,48.3,39.7,0.7122,1
WhoopieCatDam_SHW_01.18.2026_LS,SHW,1136,2953,49.22,248.9,305.5,48.7,39.9,0.5652,1
WhoopieCatDam_SHW_01.18.2026_LS,SHW,1136,2954,49.23,244.4,305.3,45.3,40.1,0.7023,1
WhoopieCatDam_SHW_01.18.2026_LS,SHW,1136,2955,49.25,239.2,305.1,41.8,39.8,0.6229,1
WhoopieCatDam_SHW_01.18.2026_LS,SHW,1136,2957,49.28,237.0,306.0,44.7,38.8,0.6805,1
WhoopieCatDam_SHW_01.18.2026_LS,SHW,1136,2958,49.3,233.5,304.4,44.5,39.9,0.5841,1
WhoopieCatDam_SHW_01.18.2026_LS,SHW,1136,2959,49.32,228.3,305.1,44.3,40.7,0.5623,1
WhoopieCatDam_SHW_01.18.2026_LS,SHW,1136,2960,49.33,224.7,304.1,42.9,40.5,0.6611,1
WhoopieCatDam_SHW_01.18.2026_LS,SHW,1136,2961,49.35,222.0,304.3,46.1,40.4,0.4332,1
WhoopieCatDam_SHW_01.18.2026_LS,SHW,1136,2962,49.37,215.6,305.5,42.9,39.2,0.3746,1
WhoopieCatDam_SHW_01.18.2026_LS,SHW,1136,2963,49.38,207.4,303.7,37.7,38.7,0.3636,1
WhoopieCatDam_SHW_01.18.2026_LS,SHW,1136,2964,49.4,199.5,302.5,32.2,39.1,0.4912,1
WhoopieCatDam_SHW_01.18.2026_LS,SHW,1136,2965,49.42,191.8,304.3,27.9,34.9,0.3421,1
WhoopieCatDam_SHW_01.18.2026_LS,SHW,1139,2969,49.48,203.0,308.3,44.0,40.4,0.4161,1
WhoopieCatDam_SHW_01.18.2026_LS,SHW,1139,2970,49.5,203.2,309.1,49.8,41.4,0.2576,1
WhoopieCatDam_SHW_01.18.2026_LS,SHW,1139,2971,49.52,191.8,310.6,49.7,41.4,0.6204,1
WhoopieCatDam_SHW_01.18.2026_LS,SHW,1139,2972,49.53,186.0,312.3,48.5,39.6,0.7387,1
WhoopieCatDam_SHW_01.18.2026_LS,SHW,1139,2973,49.55,180.2,312.3,50.9,41.1,0.7155,1
WhoopieCatDam_SHW_01.18.2026_LS,SHW,1139,2974,49.57,173.9,313.6,52.2,42.9,0.7563,1
WhoopieCatDam_SHW_01.18.2026_LS,SHW,1139,2975,49.58,169.9,315.2,52.1,42.7,0.7655,1
WhoopieCatDam_SHW_01.18.2026_LS,SHW,1139,2976,49.6,166.3,318.1,51.0,41.7,0.8209,1
WhoopieCatDam_SHW_01.18.2026_LS,SHW,1139,2977,49.62,161.6,319.9,50.3,40.3,0.776,1
WhoopieCatDam_SHW_01.18.2026_LS,SHW,1139,2978,49.63,157.1,321.1,50.3,39.2,0.7736,1
WhoopieCatDam_SHW_01.18.2026_LS,SHW,1139,2979,49.65,153.4,322.0,50.2,39.0,0.7063,1
WhoopieCatDam_SHW_01.18.2026_LS,SHW,1139,2980,49.67,151.2,322.9,50.6,39.2,0.7302,1
WhoopieCatDam_SHW_01.18.2026_LS,SHW,1139,2981,49.68,145.8,324.4,49.5,39.8,0.7253,1
WhoopieCatDam_SHW_01.18.2026_LS,SHW,1139,2982,49.7,142.7,326.5,49.2,39.2,0.7448,1
WhoopieCatDam_SHW_01.18.2026_LS,SHW,1139,2983,49.72,135.9,328.4,47.6,39.2,0.7774,1
WhoopieCatDam_SHW_01.18.2026_LS,SHW,1139,2984,49.73,131.3,328.8,43.7,39.0,0.5439,1
WhoopieCatDam_SHW_01.18.2026_LS,SHW,1139,2985,49.75,134.7,332.0,49.2,40.6,0.7076,1
WhoopieCatDam_SHW_01.18.2026_LS,SHW,1139,2986,49.77,130.1,332.6,48.7,39.9,0.4237,1
WhoopieCatDam_SHW_01.18.2026_LS,SHW,1139,3002,50.03,81.6,342.2,47.3,45.3,0.5304,1
WhoopieCatDam_SHW_01.18.2026_LS,SHW,1139,3003,50.05,68.6,346.6,49.7,42.5,0.467,1
WhoopieCatDam_SHW_01.18.2026_LS,SHW,1139,3005,50.08,64.3,348.7,45.4,45.4,0.7375,1
WhoopieCatDam_SHW_01.18.2026_LS,SHW,1139,3006,50.1,53.3,347.0,45.5,45.9,0.7986,1
WhoopieCatDam_SHW_01.18.2026_LS,SHW,1139,3007,50.12,41.9,345.0,43.6,47.9,0.8005,1
WhoopieCatDam_SHW_01.18.2026_LS,SHW,1139,3008,50.13,35.5,344.3,43.9,47.0,0.7677,1
WhoopieCatDam_SHW_01.18.2026_LS,SHW,1139,3009,50.15,33.8,347.0,46.0,47.4,0.7859,1
WhoopieCatDam_SHW_01.18.2026_LS,SHW,1139,3010,50.17,30.6,347.1,47.8,46.4,0.7367,1
WhoopieCatDam_SHW_01.18.2026_LS,SHW,1139,3011,50.18,22.9,346.1,44.5,47.9,0.6725,1
WhoopieCatDam_SHW_01.18.2026_LS,SHW,1139,3012,50.2,21.1,345.5,42.3,47.3,0.648,1
WhoopieCatDam_SHW_01.18.2026_LS,SHW,1139,3013,50.22,18.9,346.7,37.8,48.3,0.6246,1
WhoopieCatDam_SHW_01.18.2026_LS,SHW,1139,3014,50.23,17.5,346.9,34.9,49.9,0.4146,1
