video,site,track_id,frame,t_s,xc,yc,w,h,conf,confirmed
AquaCultureRd_TON_12.03.25_LS,TON,17,2979,49.69,548.5,426.4,27.1,22.6,0.4967,1
AquaCultureRd_TON_12.03.25_LS,TON,17,2980,49.71,537.8,422.7,27.1,25.0,0.4722,1
AquaCultureRd_TON_12.03.25_LS,TON,17,2981,49.72,528.8,419.5,26.3,22.8,0.7088,1
AquaCultureRd_TON_12.03.25_LS,TON,17,2984,49.77,501.8,416.4,28.3,23.3,0.5462,1
AquaCultureRd_TON_12.03.25_LS,TON,17,2985,49.79,492.5,420.3,29.7,23.6,0.6696,1
AquaCultureRd_TON_12.03.25_LS,TON,17,2986,49.81,482.5,413.7,31.8,24.7,0.5038,1
AquaCultureRd_TON_12.03.25_LS,TON,17,2992,49.91,426.7,407.0,42.9,25.8,0.3801,1
AquaCultureRd_TON_12.03.25_LS,TON,17,2993,49.92,418.0,407.6,43.2,26.0,0.4802,1
AquaCultureRd_TON_12.03.25_LS,TON,17,2994,49.94,407.8,406.6,39.8,25.9,0.5728,1
AquaCultureRd_TON_12.03.25_LS,TON,17,2995,49.96,398.0,404.1,39.9,26.3,0.3181,1
AquaCultureRd_TON_12.03.25_LS,TON,17,2996,49.97,388.4,402.8,42.5,25.7,0.2599,1
AquaCultureRd_TON_12.03.25_LS,TON,17,2997,49.99,380.1,403.2,44.8,24.8,0.5414,1
AquaCultureRd_TON_12.03.25_LS,TON,17,2998,50.01,369.3,401.4,43.4,24.5,0.5933,1
AquaCultureRd_TON_12.03.25_LS,TON,17,2999,50.02,359.1,400.4,42.0,24.8,0.7058,1
AquaCultureRd_TON_12.03.25_LS,TON,17,3000,50.04,349.8,400.2,39.9,22.8,0.7028,1
AquaCultureRd_TON_12.03.25_LS,TON,17,3001,50.06,338.8,398.6,35.2,24.3,0.5017,1
AquaCultureRd_TON_12.03.25_LS,TON,17,3002,50.07,329.4,397.1,37.0,24.9,0.405,1
AquaCultureRd_TON_12.03.25_LS,TON,17,3003,50.09,320.2,398.8,39.5,24.0,0.553,1
AquaCultureRd_TON_12.03.25_LS,TON,17,3004,50.11,311.1,397.5,38.2,24.7,0.6253,1
AquaCultureRd_TON_12.03.25_LS,TON,17,3005,50.12,304.5,395.3,41.3,23.5,0.6158,1
AquaCultureRd_TON_12.03.25_LS,TON,17,3006,50.14,295.3,397.0,39.4,22.4,0.5834,1
AquaCultureRd_TON_12.03.25_LS,TON,17,3010,50.21,256.4,392.6,31.8,25.1,0.3426,1
AquaCultureRd_TON_12.03.25_LS,TON,17,3011,50.22,247.9,391.3,34.5,25.8,0.5258,1
AquaCultureRd_TON_12.03.25_LS,TON,17,3012,50.24,239.0,393.6,37.6,25.3,0.4063,1
AquaCultureRd_TON_12.03.25_LS,TON,67,6685,111.51,540.7,307.5,30.2,20.5,0.5167,0
AquaCultureRd_TON_12.03.25_LS,TON,67,6686,111.52,531.5,308.0,30.2,21.6,0.4817,0
AquaCultureRd_TON_12.03.25_LS,TON,67,6687,111.54,524.5,307.7,29.6,21.2,0.5773,0
AquaCultureRd_TON_12.03.25_LS,TON,67,6688,111.56,519.2,307.1,32.2,22.4,0.3469,0
AquaCultureRd_TON_12.03.25_LS,TON,88,8706,145.22,374.5,282.6,34.7,30.3,0.522,0
AquaCultureRd_TON_12.03.25_LS,TON,88,8707,145.23,369.0,282.3,34.8,32.4,0.4786,0
AquaCultureRd_TON_12.03.25_LS,TON,88,8708,145.25,363.9,279.4,32.8,30.4,0.6105,0
AquaCultureRd_TON_12.03.25_LS,TON,88,8709,145.27,358.2,279.6,33.4,32.4,0.5774,0
AquaCultureRd_TON_12.03.25_LS,TON,88,8710,145.28,352.9,279.0,32.4,31.7,0.5052,0
AquaCultureRd_TON_12.03.25_LS,TON,88,8713,145.33,339.1,277.9,37.2,35.9,0.4334,0
AquaCultureRd_TON_12.03.25_LS,TON,88,8717,145.4,318.9,279.1,36.3,34.6,0.398,0
AquaCultureRd_TON_12.03.25_LS,TON,92,8772,146.32,47.0,256.5,33.7,32.2,0.4455,0
AquaCultureRd_TON_12.03.25_LS,TON,92,8775,146.37,29.0,257.9,33.6,32.1,0.559,0
AquaCultureRd_TON_12.03.25_LS,TON,92,8776,146.38,23.2,257.8,33.2,32.4,0.6685,0
AquaCultureRd_TON_12.03.25_LS,TON,108,10074,168.03,15.6,370.6,30.9,20.7,0.4701,0
AquaCultureRd_TON_12.03.25_LS,TON,108,10075,168.05,16.6,368.8,32.7,18.8,0.5372,0
AquaCultureRd_TON_12.03.25_LS,TON,108,10076,168.07,15.5,364.7,30.5,18.6,0.3454,0
AquaCultureRd_TON_12.03.25_LS,TON,108,10077,168.08,16.2,363.2,31.8,17.5,0.55,0
AquaCultureRd_TON_12.03.25_LS,TON,127,13385,223.26,578.2,219.7,24.6,17.0,0.5538,0
AquaCultureRd_TON_12.03.25_LS,TON,127,13386,223.28,577.7,219.4,24.2,16.8,0.6707,0
AquaCultureRd_TON_12.03.25_LS,TON,127,13388,223.31,571.7,221.5,24.5,17.7,0.5098,0
AquaCultureRd_TON_12.03.25_LS,TON,127,13389,223.33,570.4,221.4,24.8,17.9,0.456,0
AquaCultureRd_TON_12.03.25_LS,TON,127,13390,223.35,569.3,221.0,25.3,18.1,0.4762,0
AquaCultureRd_TON_12.03.25_LS,TON,127,13391,223.36,567.0,222.0,26.3,17.8,0.344,0
AquaCultureRd_TON_12.03.25_LS,TON,140,14368,239.66,621.6,472.7,36.7,27.6,0.4698,0
AquaCultureRd_TON_12.03.25_LS,TON,140,14372,239.73,609.1,478.8,52.4,32.2,0.4209,0
AquaCultureRd_TON_12.03.25_LS,TON,140,14373,239.74,607.5,478.4,57.1,33.6,0.2843,0
AquaCultureRd_TON_12.03.25_LS,TON,140,14374,239.76,607.1,479.2,60.3,35.1,0.394,0
AquaCultureRd_TON_12.03.25_LS,TON,189,17281,288.25,410.5,297.7,37.9,18.3,0.6075,0
AquaCultureRd_TON_12.03.25_LS,TON,189,17284,288.3,398.8,306.8,40.1,18.3,0.3266,0
AquaCultureRd_TON_12.03.25_LS,TON,189,17286,288.33,392.6,306.0,46.0,21.7,0.4144,0
AquaCultureRd_TON_12.03.25_LS,TON,189,17287,288.35,388.1,308.4,45.5,21.6,0.5383,0
AquaCultureRd_TON_12.03.25_LS,TON,189,17289,288.38,379.2,311.6,43.2,21.0,0.3222,0
AquaCultureRd_TON_12.03.25_LS,TON,189,17290,288.4,376.3,311.4,42.7,20.8,0.373,0
AquaCultureRd_TON_12.03.25_LS,TON,191,17317,288.85,171.9,292.9,47.0,23.1,0.5349,0
AquaCultureRd_TON_12.03.25_LS,TON,191,17318,288.86,169.3,293.1,48.8,24.4,0.368,0
AquaCultureRd_TON_12.03.25_LS,TON,191,17319,288.88,166.6,291.7,52.1,25.0,0.4743,0
AquaCultureRd_TON_12.03.25_LS,TON,191,17320,288.9,165.3,292.2,53.2,25.0,0.4274,0
AquaCultureRd_TON_12.03.25_LS,TON,202,18940,315.92,27.6,259.6,14.5,15.0,0.5216,0
AquaCultureRd_TON_12.03.25_LS,TON,202,18941,315.94,23.2,259.4,14.4,14.6,0.4574,0
AquaCultureRd_TON_12.03.25_LS,TON,202,18942,315.95,20.5,260.4,14.1,14.1,0.5373,0
AquaCultureRd_TON_12.03.25_LS,TON,202,18943,315.97,18.1,259.7,14.1,13.9,0.4348,0
EagleCreekDrEtc_SHB_12.11.2025_LS,SHB,209,832,13.87,616.6,257.2,40.3,60.3,0.4164,0
EagleCreekDrEtc_SHB_12.11.2025_LS,SHB,209,833,13.89,609.2,256.6,43.0,62.2,0.39,0
EagleCreekDrEtc_SHB_12.11.2025_LS,SHB,209,834,13.9,600.9,256.0,43.0,62.7,0.2765,0
EagleCreekDrEtc_SHB_12.11.2025_LS,SHB,209,835,13.92,592.6,255.6,41.9,63.3,0.3921,0
EagleCreekDrEtc_SHB_12.11.2025_LS,SHB,211,1117,18.62,589.3,258.0,32.9,26.6,0.7306,1
EagleCreekDrEtc_SHB_12.11.2025_LS,SHB,211,1118,18.64,585.0,257.0,33.3,26.6,0.6177,1
EagleCreekDrEtc_SHB_12.11.2025_LS,SHB,211,1119,18.65,580.5,257.5,34.6,27.0,0.603,1
EagleCreekDrEtc_SHB_12.11.2025_LS,SHB,211,1120,18.67,574.6,258.0,35.1,27.1,0.6941,1
EagleCreekDrEtc_SHB_12.11.2025_LS,SHB,211,1121,18.69,569.5,259.1,35.6,28.0,0.6945,1
EagleCreekDrEtc_SHB_12.11.2025_LS,SHB,211,1122,18.7,564.0,259.9,36.3,28.9,0.7423,1
EagleCreekDrEtc_SHB_12.11.2025_LS,SHB,211,1123,18.72,558.5,260.5,38.3,31.0,0.7452,1
EagleCreekDrEtc_SHB_12.11.2025_LS,SHB,211,1124,18.74,553.8,261.9,39.1,31.7,0.7494,1
EagleCreekDrEtc_SHB_12.11.2025_LS,SHB,211,1125,18.75,548.5,262.4,37.7,31.6,0.7746,1
EagleCreekDrEtc_SHB_12.11.2025_LS,SHB,211,1126,18.77,544.3,263.5,38.7,30.7,0.8,1
EagleCreekDrEtc_SHB_12.11.2025_LS,SHB,211,1127,18.79,538.1,263.2,37.8,30.0,0.7679,1
EagleCreekDrEtc_SHB_12.11.2025_LS,SHB,211,1128,18.8,531.9,262.7,37.8,30.2,0.7528,1
EagleCreekDrEtc_SHB_12.11.2025_LS,SHB,211,1129,18.82,525.8,262.6,37.3,29.5,0.6942,1
EagleCreekDrEtc_SHB_12.11.2025_LS,SHB,211,1130,18.84,521.6,262.9,36.8,29.6,0.6783,1
EagleCreekDrEtc_SHB_12.11.2025_LS,SHB,211,1131,18.85,515.6,262.3,39.4,31.3,0.714,1
EagleCreekDrEtc_SHB_12.11.2025_LS,SHB,211,1132,18.87,511.9,260.2,38.5,29.7,0.5452,1
EagleCreekDrEtc_SHB_12.11.2025_LS,SHB,211,1133,18.89,508.1,257.6,37.7,29.2,0.6016,1
EagleCreekDrEtc_SHB_12.11.2025_LS,SHB,211,1134,18.9,501.9,256.3,32.1,25.6,0.6053,1
EagleCreekDrEtc_SHB_12.11.2025_LS,SHB,211,1136,18.94,493.5,254.5,32.3,25.8,0.532,1
EagleCreekDrEtc_SHB_12.11.2025_LS,SHB,211,1137,18.95,488.6,255.8,37.3,29.2,0.656,1
EagleCreekDrEtc_SHB_12.11.2025_LS,SHB,211,1138,18.97,485.7,256.6,40.8,31.5,0.6892,1
EagleCreekDrEtc_SHB_12.11.2025_LS,SHB,211,1139,18.99,480.6,254.3,42.1,33.4,0.5918,1
EagleCreekDrEtc_SHB_12.11.2025_LS,SHB,211,1140,19.0,475.3,251.9,39.0,31.5,0.6271,1
EagleCreekDrEtc_SHB_12.11.2025_LS,SHB,211,1141,19.02,470.6,252.9,37.0,30.6,0.719,1
EagleCreekDrEtc_SHB_12.11.2025_LS,SHB,211,1142,19.04,465.4,252.8,36.8,31.4,0.7116,1
EagleCreekDrEtc_SHB_12.11.2025_LS,SHB,211,1143,19.05,460.2,251.8,36.3,32.1,0.6983,1
EagleCreekDrEtc_SHB_12.11.2025_LS,SHB,211,1144,19.07,456.2,251.0,37.9,32.6,0.6706,1
EagleCreekDrEtc_SHB_12.11.2025_LS,SHB,211,1145,19.09,452.1,248.9,38.7,31.1,0.6858,1
EagleCreekDrEtc_SHB_12.11.2025_LS,SHB,211,1146,19.1,447.2,247.0,39.4,30.9,0.6834,1
EagleCreekDrEtc_SHB_12.11.2025_LS,SHB,211,1147,19.12,441.8,243.8,37.8,30.5,0.6737,1
EagleCreekDrEtc_SHB_12.11.2025_LS,SHB,211,1148,19.14,436.4,241.0,37.0,30.0,0.7196,1
EagleCreekDrEtc_SHB_12.11.2025_LS,SHB,211,1149,19.15,431.6,239.3,36.3,29.1,0.638,1
EagleCreekDrEtc_SHB_12.11.2025_LS,SHB,211,1150,19.17,427.8,237.7,36.6,29.1,0.4168,1
EagleCreekDrEtc_SHB_12.11.2025_LS,SHB,211,1151,19.19,423.6,234.9,38.6,30.6,0.3394,1
EagleCreekDrEtc_SHB_12.11.2025_LS,SHB,211,1152,19.2,419.4,235.9,37.0,29.9,0.5634,1
EagleCreekDrEtc_SHB_12.11.2025_LS,SHB,211,1153,19.22,414.0,235.9,36.8,29.8,0.5018,1
EagleCreekDrEtc_SHB_12.11.2025_LS,SHB,211,1154,19.24,409.0,236.0,38.6,31.2,0.3481,1
EagleCreekDrEtc_SHB_12.11.2025_LS,SHB,211,1155,19.25,407.9,235.9,38.7,30.5,0.5386,1
EagleCreekDrEtc_SHB_12.11.2025_LS,SHB,211,1156,19.27,402.8,236.6,39.7,30.4,0.6237,1
EagleCreekDrEtc_SHB_12.11.2025_LS,SHB,211,1157,19.29,396.5,237.1,38.5,29.7,0.7363,1
EagleCreekDrEtc_SHB_12.11.2025_LS,SHB,211,1158,19.3,391.1,237.0,38.1,29.1,0.6895,1
EagleCreekDrEtc_SHB_12.11.2025_LS,SHB,211,1159,19.32,384.3,237.4,40.9,30.4,0.7109,1
EagleCreekDrEtc_SHB_12.11.2025_LS,SHB,211,1160,19.34,380.7,237.7,39.1,29.6,0.7223,1
EagleCreekDrEtc_SHB_12.11.2025_LS,SHB,211,1161,19.35,375.6,238.6,39.4,29.9,0.7128,1
EagleCreekDrEtc_SHB_12.11.2025_LS,SHB,211,1162,19.37,371.0,239.1,38.3,30.1,0.7083,1
EagleCreekDrEtc_SHB_12.11.2025_LS,SHB,211,1163,19.39,366.4,239.8,36.6,28.4,0.7185,1
EagleCreekDrEtc_SHB_12.11.2025_LS,SHB,211,1164,19.4,362.2,239.7,35.3,27.5,0.6883,1
EagleCreekDrEtc_SHB_12.11.2025_LS,SHB,211,1165,19.42,356.3,240.8,35.2,27.7,0.66,1
EagleCreekDrEtc_SHB_12.11.2025_LS,SHB,211,1166,19.44,352.2,241.8,35.0,27.4,0.6628,1
EagleCreekDrEtc_SHB_12.11.2025_LS,SHB,211,1167,19.45,348.1,243.9,37.0,28.6,0.6944,1
EagleCreekDrEtc_SHB_12.11.2025_LS,SHB,211,1168,19.47,344.3,244.2,38.1,29.0,0.598,1
EagleCreekDrEtc_SHB_12.11.2025_LS,SHB,211,1169,19.49,339.3,245.1,36.5,28.9,0.5762,1
EagleCreekDrEtc_SHB_12.11.2025_LS,SHB,211,1170,19.5,337.0,244.1,39.3,29.6,0.4635,1
EagleCreekDrEtc_SHB_12.11.2025_LS,SHB,211,1171,19.52,334.5,242.2,39.3,29.1,0.4897,1
EagleCreekDrEtc_SHB_12.11.2025_LS,SHB,211,1172,19.54,332.4,242.1,38.7,27.9,0.488,1
EagleCreekDrEtc_SHB_12.11.2025_LS,SHB,211,1174,19.57,324.6,240.8,35.6,27.1,0.4695,1
EagleCreekDrEtc_SHB_12.11.2025_LS,SHB,211,1175,19.59,322.8,242.1,33.9,26.2,0.5838,1
EagleCreekDrEtc_SHB_12.11.2025_LS,SHB,211,1176,19.6,318.9,242.9,34.4,26.6,0.4821,1
EagleCreekDrEtc_SHB_12.11.2025_LS,SHB,211,1177,19.62,313.5,243.0,34.1,26.3,0.4951,1
EagleCreekDrEtc_SHB_12.11.2025_LS,SHB,211,1178,19.64,309.0,242.0,34.6,26.2,0.5054,1
EagleCreekDrEtc_SHB_12.11.2025_LS,SHB,211,1180,19.67,294.5,243.0,35.9,27.8,0.6523,1
EagleCreekDrEtc_SHB_12.11.2025_LS,SHB,211,1181,19.69,289.2,242.9,36.7,28.6,0.4184,1
EagleCreekDrEtc_SHB_12.11.2025_LS,SHB,211,1182,19.7,283.4,243.1,35.5,27.9,0.6344,1
EagleCreekDrEtc_SHB_12.11.2025_LS,SHB,211,1183,19.72,275.1,243.9,35.2,28.0,0.4887,1
EagleCreekDrEtc_SHB_12.11.2025_LS,SHB,211,1184,19.74,267.7,243.9,35.3,27.5,0.4718,1
EagleCreekDrEtc_SHB_12.11.2025_LS,SHB,211,1185,19.75,260.3,241.6,37.5,28.3,0.3758,1
EagleCreekDrEtc_SHB_12.11.2025_LS,SHB,211,1186,19.77,257.9,241.3,36.7,29.2,0.4282,1
EagleCreekDrEtc_SHB_12.11.2025_LS,SHB,211,1187,19.79,250.8,240.4,38.8,29.9,0.2873,1
EagleCreekDrEtc_SHB_12.11.2025_LS,SHB,211,1188,19.8,245.1,240.7,37.1,29.8,0.7272,1
EagleCreekDrEtc_SHB_12.11.2025_LS,SHB,211,1189,19.82,241.3,240.8,37.6,30.3,0.699,1
EagleCreekDrEtc_SHB_12.11.2025_LS,SHB,211,1190,19.84,236.1,241.0,36.4,29.6,0.7009,1
EagleCreekDrEtc_SHB_12.11.2025_LS,SHB,211,1191,19.85,232.2,241.5,36.9,29.7,0.6922,1
EagleCreekDrEtc_SHB_12.11.2025_LS,SHB,211,1192,19.87,227.0,242.7,36.9,29.6,0.6945,1
EagleCreekDrEtc_SHB_12.11.2025_LS,SHB,211,1193,19.89,220.6,243.2,37.0,30.1,0.7096,1
EagleCreekDrEtc_SHB_12.11.2025_LS,SHB,211,1194,19.9,215.0,245.4,37.0,30.2,0.6957,1
EagleCreekDrEtc_SHB_12.11.2025_LS,SHB,211,1195,19.92,209.5,247.0,36.7,29.8,0.5739,1
EagleCreekDrEtc_SHB_12.11.2025_LS,SHB,211,1196,19.94,203.2,249.7,38.1,29.6,0.5469,1
EagleCreekDrEtc_SHB_12.11.2025_LS,SHB,211,1197,19.95,197.2,252.0,39.3,30.5,0.5649,1
EagleCreekDrEtc_SHB_12.11.2025_LS,SHB,211,1198,19.97,193.0,253.3,38.3,29.8,0.5499,1
EagleCreekDrEtc_SHB_12.11.2025_LS,SHB,211,1200,20.0,182.0,258.4,37.3,30.1,0.6733,1
EagleCreekDrEtc_SHB_12.11.2025_LS,SHB,211,1201,20.02,176.4,260.5,38.2,30.8,0.6356,1
EagleCreekDrEtc_SHB_12.11.2025_LS,SHB,211,1202,20.04,172.4,263.9,37.3,31.5,0.6585,1
EagleCreekDrEtc_SHB_12.11.2025_LS,SHB,211,1203,20.05,167.5,265.9,36.9,31.3,0.6919,1
EagleCreekDrEtc_SHB_12.11.2025_LS,SHB,211,1204,20.07,162.3,268.8,37.7,31.8,0.7484,1
EagleCreekDrEtc_SHB_12.11.2025_LS,SHB,211,1205,20.09,157.2,271.0,38.2,31.5,0.7261,1
EagleCreekDrEtc_SHB_12.11.2025_LS,SHB,211,1206,20.1,151.7,273.7,38.7,32.5,0.6868,1
EagleCreekDrEtc_SHB_12.11.2025_LS,SHB,211,1207,20.12,146.4,275.8,38.9,33.1,0.7427,1
EagleCreekDrEtc_SHB_12.11.2025_LS,SHB,211,1208,20.14,140.9,277.0,38.6,32.0,0.7825,1
EagleCreekDrEtc_SHB_12.11.2025_LS,SHB,211,1209,20.15,136.3,279.8,38.7,30.7,0.7512,1
EagleCreekDrEtc_SHB_12.11.2025_LS,SHB,211,1210,20.17,132.3,281.3,37.5,30.7,0.7575,1
EagleCreekDrEtc_SHB_12.11.2025_LS,SHB,211,1211,20.19,127.3,281.8,37.0,30.7,0.7893,1
EagleCreekDrEtc_SHB_12.11.2025_LS,SHB,211,1212,20.2,122.6,282.1,37.9,30.6,0.7883,1
EagleCreekDrEtc_SHB_12.11.2025_LS,SHB,211,1213,20.22,117.7,281.8,39.3,31.5,0.793,1
EagleCreekDrEtc_SHB_12.11.2025_LS,SHB,211,1214,20.24,113.2,282.2,40.0,31.9,0.7856,1
EagleCreekDrEtc_SHB_12.11.2025_LS,SHB,211,1215,20.25,109.3,281.5,40.2,32.1,0.773,1
EagleCreekDrEtc_SHB_12.11.2025_LS,SHB,211,1216,20.27,105.1,281.1,39.9,31.2,0.7707,1
EagleCreekDrEtc_SHB_12.11.2025_LS,SHB,211,1217,20.29,100.4,281.3,39.6,31.5,0.7825,1
EagleCreekDrEtc_SHB_12.11.2025_LS,SHB,211,1218,20.3,95.9,281.1,39.1,31.5,0.7593,1
EagleCreekDrEtc_SHB_12.11.2025_LS,SHB,211,1219,20.32,90.9,281.5,39.9,31.8,0.7759,1
EagleCreekDrEtc_SHB_12.11.2025_LS,SHB,211,1220,20.34,86.4,281.9,40.3,31.5,0.7753,1
EagleCreekDrEtc_SHB_12.11.2025_LS,SHB,211,1221,20.35,82.3,281.4,40.4,31.7,0.8108,1
EagleCreekDrEtc_SHB_12.11.2025_LS,SHB,211,1222,20.37,78.2,281.9,39.9,31.5,0.7972,1
EagleCreekDrEtc_SHB_12.11.2025_LS,SHB,211,1223,20.39,74.0,282.1,39.0,30.8,0.7741,1
EagleCreekDrEtc_SHB_12.11.2025_LS,SHB,211,1224,20.4,69.7,282.1,38.2,30.3,0.7884,1
EagleCreekDrEtc_SHB_12.11.2025_LS,SHB,211,1225,20.42,65.4,282.0,37.3,30.2,0.7945,1
EagleCreekDrEtc_SHB_12.11.2025_LS,SHB,211,1226,20.44,61.2,281.4,37.2,30.9,0.7878,1
EagleCreekDrEtc_SHB_12.11.2025_LS,SHB,211,1227,20.45,57.4,281.5,36.7,31.0,0.7957,1
EagleCreekDrEtc_SHB_12.11.2025_LS,SHB,211,1228,20.47,52.6,281.0,35.7,31.0,0.8121,1
EagleCreekDrEtc_SHB_12.11.2025_LS,SHB,211,1229,20.49,47.8,280.7,36.0,30.7,0.8025,1
EagleCreekDrEtc_SHB_12.11.2025_LS,SHB,211,1230,20.5,43.5,281.6,35.5,30.2,0.7951,1
EagleCreekDrEtc_SHB_12.11.2025_LS,SHB,211,1231,20.52,38.8,281.9,35.1,29.5,0.81,1
EagleCreekDrEtc_SHB_12.11.2025_LS,SHB,211,1232,20.54,34.1,282.3,34.1,29.3,0.7813,1
EagleCreekDrEtc_SHB_12.11.2025_LS,SHB,211,1233,20.55,30.0,283.0,33.8,28.9,0.776,1
EagleCreekDrEtc_SHB_12.11.2025_LS,SHB,211,1234,20.57,25.9,282.8,33.4,28.6,0.7848,1
EagleCreekDrEtc_SHB_12.11.2025_LS,SHB,211,1235,20.59,21.4,283.1,33.7,29.1,0.7746,1
EagleCreekDrEtc_SHB_12.11.2025_LS,SHB,211,1236,20.6,17.5,283.7,33.3,28.8,0.7891,1
EagleCreekDrEtc_SHB_12.11.2025_LS,SHB,211,1237,20.62,14.4,283.6,28.8,28.7,0.7907,1
EagleCreekDrEtc_SHB_12.11.2025_LS,SHB,211,1238,20.64,12.1,284.9,24.2,29.0,0.7393,1
EagleCreekDrEtc_SHB_12.11.2025_LS,SHB,211,1239,20.65,10.0,285.1,20.0,28.7,0.6203,1
EagleCreekDrEtc_SHB_12.11.2025_LS,SHB,211,1240,20.67,8.8,283.7,17.5,28.5,0.3873,1
EagleCreekDrEtc_SHB_12.11.2025_LS,SHB,211,1241,20.69,6.7,284.0,13.4,30.6,0.4089,1
EagleCreekDrEtc_SHB_12.11.2025_LS,SHB,232,1210,20.17,353.0,275.9,20.6,18.3,0.3753,1
EagleCreekDrEtc_SHB_12.11.2025_LS,SHB,232,1211,20.19,348.6,275.9,19.8,17.4,0.479,1
EagleCreekDrEtc_SHB_12.11.2025_LS,SHB,232,1212,20.2,345.1,276.5,19.6,17.3,0.4094,1
EagleCreekDrEtc_SHB_12.11.2025_LS,SHB,232,1213,20.22,342.7,276.5,18.5,16.5,0.3706,1
EagleCreekDrEtc_SHB_12.11.2025_LS,SHB,232,1214,20.24,337.6,276.4,19.3,16.7,0.3796,1
EagleCreekDrEtc_SHB_12.11.2025_LS,SHB,232,1215,20.25,331.4,275.6,21.7,17.6,0.3593,1
EagleCreekDrEtc_SHB_12.11.2025_LS,SHB,232,1216,20.27,328.3,275.9,21.8,17.5,0.4328,1
EagleCreekDrEtc_SHB_12.11.2025_LS,SHB,232,1217,20.29,322.5,276.5,21.8,17.4,0.467,1
EagleCreekDrEtc_SHB_12.11.2025_LS,SHB,232,1218,20.3,318.7,276.9,22.0,17.5,0.641,1
EagleCreekDrEtc_SHB_12.11.2025_LS,SHB,232,1219,20.32,313.3,277.8,21.9,18.0,0.6753,1
EagleCreekDrEtc_SHB_12.11.2025_LS,SHB,232,1220,20.34,309.3,278.1,22.5,18.4,0.7068,1
EagleCreekDrEtc_SHB_12.11.2025_LS,SHB,232,1221,20.35,304.3,277.8,20.9,17.5,0.6576,1
EagleCreekDrEtc_SHB_12.11.2025_LS,SHB,232,1222,20.37,300.7,278.5,20.5,17.6,0.5846,1
EagleCreekDrEtc_SHB_12.11.2025_LS,SHB,232,1223,20.39,296.6,279.4,21.0,18.1,0.6387,1
EagleCreekDrEtc_SHB_12.11.2025_LS,SHB,232,1224,20.4,291.8,279.2,20.2,17.7,0.6417,1
EagleCreekDrEtc_SHB_12.11.2025_LS,SHB,232,1225,20.42,288.0,279.7,20.0,18.2,0.6173,1
EagleCreekDrEtc_SHB_12.11.2025_LS,SHB,232,1226,20.44,283.9,279.4,19.2,17.6,0.605,1
EagleCreekDrEtc_SHB_12.11.2025_LS,SHB,232,1227,20.45,282.4,280.1,21.3,18.6,0.5961,1
EagleCreekDrEtc_SHB_12.11.2025_LS,SHB,232,1228,20.47,279.7,280.1,22.3,19.5,0.5444,1
EagleCreekDrEtc_SHB_12.11.2025_LS,SHB,232,1229,20.49,275.6,279.6,22.0,19.0,0.5342,1
EagleCreekDrEtc_SHB_12.11.2025_LS,SHB,232,1230,20.5,271.2,281.0,21.7,18.6,0.4228,1
EagleCreekDrEtc_SHB_12.11.2025_LS,SHB,232,1231,20.52,267.7,281.4,20.6,17.8,0.3112,1
EagleCreekDrEtc_SHB_12.11.2025_LS,SHB,232,1236,20.6,246.6,284.9,22.8,19.4,0.4991,1
EagleCreekDrEtc_SHB_12.11.2025_LS,SHB,232,1237,20.62,241.8,285.3,23.4,19.2,0.4393,1
EagleCreekDrEtc_SHB_12.11.2025_LS,SHB,232,1238,20.64,236.6,284.4,24.8,19.8,0.2755,1
EagleCreekDrEtc_SHB_12.11.2025_LS,SHB,232,1240,20.67,229.5,282.1,24.5,20.1,0.353,1
EagleCreekDrEtc_SHB_12.11.2025_LS,SHB,302,2431,40.52,262.3,363.3,35.8,19.5,0.6952,0
EagleCreekDrEtc_SHB_12.11.2025_LS,SHB,302,2432,40.54,250.7,364.0,39.0,21.5,0.6701,0
EagleCreekDrEtc_SHB_12.11.2025_LS,SHB,302,2433,40.56,236.6,363.0,37.3,21.9,0.6901,0
EagleCreekDrEtc_SHB_12.11.2025_LS,SHB,302,2434,40.57,218.0,363.4,34.9,19.8,0.6651,0
EagleCreekDrEtc_SHB_12.11.2025_LS,SHB,302,2435,40.59,202.4,362.7,36.2,22.9,0.644,0
EagleCreekDrEtc_SHB_12.11.2025_LS,SHB,302,2436,40.61,183.7,362.1,35.5,24.2,0.6862,0
EagleCreekDrEtc_SHB_12.11.2025_LS,SHB,302,2437,40.62,168.4,363.0,36.7,23.5,0.4526,0
EagleCreekDrEtc_SHB_12.11.2025_LS,SHB,302,2438,40.64,150.8,363.0,36.2,22.3,0.7325,0
EagleCreekDrEtc_SHB_12.11.2025_LS,SHB,302,2439,40.66,132.6,362.7,37.5,20.6,0.6708,0
EagleCreekDrEtc_SHB_12.11.2025_LS,SHB,302,2440,40.67,115.8,362.7,37.7,20.9,0.6656,0
EagleCreekDrEtc_SHB_12.11.2025_LS,SHB,302,2441,40.69,98.4,362.6,37.8,19.8,0.6681,0
EagleCreekDrEtc_SHB_12.11.2025_LS,SHB,302,2442,40.71,82.0,362.6,37.2,18.3,0.6502,0
EagleCreekDrEtc_SHB_12.11.2025_LS,SHB,303,2444,40.74,49.6,360.7,34.1,20.0,0.6724,0
EagleCreekDrEtc_SHB_12.11.2025_LS,SHB,303,2445,40.76,34.7,359.7,34.0,21.0,0.7027,0
EagleCreekDrEtc_SHB_12.11.2025_LS,SHB,303,2446,40.77,24.7,360.0,34.5,21.0,0.7132,0
EagleCreekDrEtc_SHB_12.11.2025_LS,SHB,303,2447,40.79,14.4,360.3,25.5,21.0,0.5552,0
EagleCreekDrEtc_SHB_12.11.2025_LS,SHB,305,3039,50.66,372.0,362.3,30.8,22.5,0.6281,0
EagleCreekDrEtc_SHB_12.11.2025_LS,SHB,305,3040,50.67,365.2,362.3,30.4,22.4,0.4887,0
EagleCreekDrEtc_SHB_12.11.2025_LS,SHB,305,3041,50.69,360.7,363.2,29.7,21.1,0.5545,0
EagleCreekDrEtc_SHB_12.11.2025_LS,SHB,305,3042,50.71,356.5,362.4,29.0,20.9,0.3626,0
EagleCreekDrEtc_SHB_12.11.2025_LS,SHB,325,4140,69.01,63.8,331.3,31.5,22.5,0.4737,0
EagleCreekDrEtc_SHB_12.11.2025_LS,SHB,325,4141,69.03,53.1,331.6,30.8,19.2,0.4379,0
EagleCreekDrEtc_SHB_12.11.2025_LS,SHB,325,4142,69.04,38.1,332.4,28.8,17.4,0.4405,0
EagleCreekDrEtc_SHB_12.11.2025_LS,SHB,325,4143,69.06,25.5,332.6,30.9,16.0,0.4061,0
EagleCreekDrEtc_SHB_12.11.2025_LS,SHB,328,5160,86.01,434.5,438.9,21.8,15.4,0.6437,0
EagleCreekDrEtc_SHB_12.11.2025_LS,SHB,328,5161,86.03,428.3,438.7,22.0,15.6,0.4867,0
EagleCreekDrEtc_SHB_12.11.2025_LS,SHB,328,5162,86.04,424.1,439.0,24.6,16.2,0.6676,0
EagleCreekDrEtc_SHB_12.11.2025_LS,SHB,328,5163,86.06,418.0,439.2,26.2,16.0,0.533,0
EagleCreekDrEtc_SHB_12.11.2025_LS,SHB,328,5164,86.08,413.1,439.1,25.4,16.3,0.4407,0
EagleCreekDrEtc_SHB_12.11.2025_LS,SHB,328,5165,86.09,407.2,439.3,25.4,16.6,0.4214,0
EagleCreekDrEtc_SHB_12.11.2025_LS,SHB,328,5167,86.13,395.1,439.0,22.6,17.4,0.5265,0
EagleCreekDrEtc_SHB_12.11.2025_LS,SHB,328,5168,86.14,387.4,438.9,24.1,17.7,0.4553,0
EagleCreekDrEtc_SHB_12.11.2025_LS,SHB,328,5169,86.16,381.2,440.4,24.5,18.4,0.4261,0
EagleCreekDrEtc_SHB_12.11.2025_LS,SHB,328,5170,86.18,374.4,441.1,23.9,17.6,0.4677,0
EagleCreekDrEtc_SHB_12.11.2025_LS,SHB,329,5178,86.31,323.3,445.7,23.2,18.5,0.6474,0
EagleCreekDrEtc_SHB_12.11.2025_LS,SHB,329,5179,86.33,316.4,446.5,23.2,19.0,0.6624,0
EagleCreekDrEtc_SHB_12.11.2025_LS,SHB,329,5180,86.34,311.1,447.0,23.0,17.5,0.6044,0
EagleCreekDrEtc_SHB_12.11.2025_LS,SHB,329,5181,86.36,302.8,447.5,21.8,17.6,0.6191,0
EagleCreekDrEtc_SHB_12.11.2025_LS,SHB,329,5182,86.38,298.1,448.1,22.0,18.5,0.352,0
EagleCreekDrEtc_SHB_12.11.2025_LS,SHB,329,5183,86.39,288.2,448.1,25.1,20.6,0.3849,0
EagleCreekDrEtc_SHB_12.11.2025_LS,SHB,329,5184,86.41,281.1,449.5,24.4,19.1,0.432,0
EagleCreekDrEtc_SHB_12.11.2025_LS,SHB,330,5191,86.53,232.9,450.4,21.1,16.3,0.567,0
EagleCreekDrEtc_SHB_12.11.2025_LS,SHB,330,5192,86.54,228.7,450.7,25.0,17.6,0.4681,0
EagleCreekDrEtc_SHB_12.11.2025_LS,SHB,330,5195,86.59,206.7,454.7,26.2,17.9,0.2839,0
EagleCreekDrEtc_SHB_12.11.2025_LS,SHB,343,8452,140.88,625.1,291.3,24.6,45.9,0.79,1
EagleCreekDrEtc_SHB_12.11.2025_LS,SHB,343,8453,140.9,613.2,293.6,28.0,45.0,0.7881,1
EagleCreekDrEtc_SHB_12.11.2025_LS,SHB,343,8454,140.92,601.0,293.1,27.5,43.8,0.7799,1
EagleCreekDrEtc_SHB_12.11.2025_LS,SHB,343,8455,140.93,588.9,293.1,28.9,43.4,0.7337,1
EagleCreekDrEtc_SHB_12.11.2025_LS,SHB,343,8456,140.95,576.6,293.4,28.4,44.7,0.7334,1
EagleCreekDrEtc_SHB_12.11.2025_LS,SHB,343,8457,140.97,565.8,292.6,33.0,46.2,0.8442,1
EagleCreekDrEtc_SHB_12.11.2025_LS,SHB,343,8458,140.98,553.5,291.6,33.7,46.9,0.7353,1
EagleCreekDrEtc_SHB_12.11.2025_LS,SHB,343,8459,141.0,539.4,291.0,31.4,44.3,0.6784,1
EagleCreekDrEtc_SHB_12.11.2025_LS,SHB,343,8460,141.02,526.3,291.1,30.9,44.0,0.6512,1
EagleCreekDrEtc_SHB_12.11.2025_LS,SHB,343,8461,141.03,510.3,290.4,30.3,43.5,0.436,1
EagleCreekDrEtc_SHB_12.11.2025_LS,SHB,343,8465,141.1,467.5,293.3,32.0,38.3,0.4567,1
EagleCreekDrEtc_SHB_12.11.2025_LS,SHB,343,8466,141.12,454.8,292.3,33.2,41.3,0.6144,1
EagleCreekDrEtc_SHB_12.11.2025_LS,SHB,343,8467,141.13,442.9,290.9,32.1,43.3,0.695,1
EagleCreekDrEtc_SHB_12.11.2025_LS,SHB,343,8468,141.15,431.6,291.7,30.4,44.4,0.7209,1
EagleCreekDrEtc_SHB_12.11.2025_LS,SHB,343,8469,141.17,418.9,291.6,28.3,44.8,0.7226,1
EagleCreekDrEtc_SHB_12.11.2025_LS,SHB,343,8470,141.18,404.2,290.6,31.0,46.1,0.6987,1
EagleCreekDrEtc_SHB_12.11.2025_LS,SHB,343,8471,141.2,391.4,289.3,30.6,44.0,0.7525,1
EagleCreekDrEtc_SHB_12.11.2025_LS,SHB,343,8472,141.22,378.7,287.3,31.9,47.0,0.7455,1
EagleCreekDrEtc_SHB_12.11.2025_LS,SHB,343,8473,141.23,368.7,288.0,31.2,47.0,0.6701,1
EagleCreekDrEtc_SHB_12.11.2025_LS,SHB,343,8474,141.25,357.1,287.5,28.5,46.1,0.7203,1
EagleCreekDrEtc_SHB_12.11.2025_LS,SHB,343,8475,141.27,346.8,286.7,29.7,47.4,0.6859,1
EagleCreekDrEtc_SHB_12.11.2025_LS,SHB,343,8476,141.28,335.0,287.0,30.0,46.4,0.7496,1
EagleCreekDrEtc_SHB_12.11.2025_LS,SHB,343,8477,141.3,324.5,286.6,28.7,45.3,0.7369,1
EagleCreekDrEtc_SHB_12.11.2025_LS,SHB,343,8478,141.32,312.6,287.3,27.5,43.3,0.7923,1
EagleCreekDrEtc_SHB_12.11.2025_LS,SHB,343,8479,141.33,300.2,286.2,28.9,44.1,0.7689,1
EagleCreekDrEtc_SHB_12.11.2025_LS,SHB,343,8480,141.35,288.6,286.6,27.7,43.6,0.7773,1
EagleCreekDrEtc_SHB_12.11.2025_LS,SHB,343,8481,141.37,277.0,286.2,28.1,43.9,0.7705,1
EagleCreekDrEtc_SHB_12.11.2025_LS,SHB,343,8482,141.38,264.9,285.9,28.1,42.9,0.7633,1
EagleCreekDrEtc_SHB_12.11.2025_LS,SHB,343,8483,141.4,253.8,285.8,28.1,44.2,0.7455,1
EagleCreekDrEtc_SHB_12.11.2025_LS,SHB,343,8484,141.42,242.4,286.5,28.6,43.7,0.7466,1
EagleCreekDrEtc_SHB_12.11.2025_LS,SHB,343,8485,141.43,230.9,285.1,28.5,45.0,0.7281,1
EagleCreekDrEtc_SHB_12.11.2025_LS,SHB,343,8486,141.45,219.4,285.4,28.1,42.9,0.7559,1
EagleCreekDrEtc_SHB_12.11.2025_LS,SHB,343,8487,141.47,207.9,286.7,27.4,41.8,0.7636,1
EagleCreekDrEtc_SHB_12.11.2025_LS,SHB,343,8488,141.48,196.9,287.2,27.7,42.8,0.7909,1
EagleCreekDrEtc_SHB_12.11.2025_LS,SHB,343,8489,141.5,185.3,287.8,27.5,43.0,0.7893,1
EagleCreekDrEtc_SHB_12.11.2025_LS,SHB,343,8490,141.52,173.3,287.7,27.9,44.8,0.7646,1
EagleCreekDrEtc_SHB_12.11.2025_LS,SHB,343,8491,141.53,163.1,287.9,29.3,45.1,0.7701,1
EagleCreekDrEtc_SHB_12.11.2025_LS,SHB,343,8492,141.55,153.3,288.8,29.8,44.6,0.7904,1
EagleCreekDrEtc_SHB_12.11.2025_LS,SHB,343,8493,141.57,142.9,289.5,30.1,44.6,0.7622,1
EagleCreekDrEtc_SHB_12.11.2025_LS,SHB,343,8494,141.58,132.2,290.7,29.6,43.3,0.7898,1
EagleCreekDrEtc_SHB_12.11.2025_LS,SHB,343,8495,141.6,121.7,290.6,29.8,45.0,0.7802,1
EagleCreekDrEtc_SHB_12.11.2025_LS,SHB,343,8496,141.62,109.7,291.7,30.8,45.7,0.7533,1
EagleCreekDrEtc_SHB_12.11.2025_LS,SHB,343,8497,141.63,98.4,291.9,31.5,46.2,0.7198,1
EagleCreekDrEtc_SHB_12.11.2025_LS,SHB,343,8498,141.65,87.0,291.7,30.7,45.2,0.7462,1
EagleCreekDrEtc_SHB_12.11.2025_LS,SHB,343,8499,141.67,76.6,293.0,30.4,44.8,0.8055,1
EagleCreekDrEtc_SHB_12.11.2025_LS,SHB,343,8500,141.68,66.3,293.5,29.7,44.8,0.7631,1
EagleCreekDrEtc_SHB_12.11.2025_LS,SHB,343,8501,141.7,55.4,293.3,29.8,45.9,0.7319,1
EagleCreekDrEtc_SHB_12.11.2025_LS,SHB,343,8502,141.72,45.2,294.5,29.5,44.9,0.7571,1
EagleCreekDrEtc_SHB_12.11.2025_LS,SHB,343,8503,141.73,35.4,295.6,29.1,43.4,0.8053,1
EagleCreekDrEtc_SHB_12.11.2025_LS,SHB,343,8504,141.75,24.5,295.6,29.4,44.9,0.7735,1
EagleCreekDrEtc_SHB_12.11.2025_LS,SHB,343,8505,141.77,14.8,295.9,28.8,44.9,0.7134,1
EagleCreekDrEtc_SHB_12.11.2025_LS,SHB,343,8506,141.78,10.6,296.2,21.2,43.4,0.6494,1
EagleCreekDrEtc_SHB_12.11.2025_LS,SHB,345,8488,141.48,621.1,290.0,31.2,39.6,0.5615,1
EagleCreekDrEtc_SHB_12.11.2025_LS,SHB,345,8489,141.5,615.4,287.3,38.0,51.3,0.7201,1
EagleCreekDrEtc_SHB_12.11.2025_LS,SHB,345,8490,141.52,609.3,285.5,49.0,54.2,0.7989,1
EagleCreekDrEtc_SHB_12.11.2025_LS,SHB,345,8491,141.53,600.1,284.6,52.5,54.4,0.783,1
EagleCreekDrEtc_SHB_12.11.2025_LS,SHB,345,8492,141.55,588.7,285.2,53.4,53.7,0.8056,1
EagleCreekDrEtc_SHB_12.11.2025_LS,SHB,345,8493,141.57,577.5,285.2,53.2,52.7,0.7874,1
EagleCreekDrEtc_SHB_12.11.2025_LS,SHB,345,8494,141.58,566.6,287.0,54.1,54.0,0.7768,1
EagleCreekDrEtc_SHB_12.11.2025_LS,SHB,345,8495,141.6,555.0,286.9,53.4,54.7,0.7586,1
EagleCreekDrEtc_SHB_12.11.2025_LS,SHB,345,8496,141.62,543.6,288.0,53.5,54.5,0.7434,1
EagleCreekDrEtc_SHB_12.11.2025_LS,SHB,345,8497,141.63,532.5,289.0,54.4,53.6,0.7862,1
EagleCreekDrEtc_SHB_12.11.2025_LS,SHB,345,8498,141.65,519.9,288.7,55.7,52.2,0.7627,1
EagleCreekDrEtc_SHB_12.11.2025_LS,SHB,345,8499,141.67,509.1,291.0,54.7,52.5,0.8022,1
EagleCreekDrEtc_SHB_12.11.2025_LS,SHB,345,8500,141.68,497.1,291.7,54.3,53.2,0.801,1
EagleCreekDrEtc_SHB_12.11.2025_LS,SHB,345,8501,141.7,484.7,292.2,54.6,52.3,0.7993,1
EagleCreekDrEtc_SHB_12.11.2025_LS,SHB,345,8502,141.72,472.7,293.1,53.7,50.7,0.785,1
EagleCreekDrEtc_SHB_12.11.2025_LS,SHB,345,8503,141.73,462.0,294.2,51.9,52.1,0.7761,1
EagleCreekDrEtc_SHB_12.11.2025_LS,SHB,345,8504,141.75,450.8,294.4,52.0,50.9,0.8086,1
EagleCreekDrEtc_SHB_12.11.2025_LS,SHB,345,8505,141.77,438.8,295.4,52.1,52.9,0.8094,1
EagleCreekDrEtc_SHB_12.11.2025_LS,SHB,345,8506,141.78,427.4,296.1,51.2,53.1,0.8014,1
EagleCreekDrEtc_SHB_12.11.2025_LS,SHB,345,8507,141.8,417.5,297.4,52.8,52.1,0.7979,1
EagleCreekDrEtc_SHB_12.11.2025_LS,SHB,345,8508,141.82,407.0,298.2,53.4,53.7,0.7685,1
EagleCreekDrEtc_SHB_12.11.2025_LS,SHB,345,8509,141.83,395.6,299.5,51.6,51.0,0.7688,1
EagleCreekDrEtc_SHB_12.11.2025_LS,SHB,345,8510,141.85,382.7,300.5,50.5,48.3,0.7504,1
EagleCreekDrEtc_SHB_12.11.2025_LS,SHB,345,8511,141.87,369.1,299.8,55.1,48.1,0.6105,1
EagleCreekDrEtc_SHB_12.11.2025_LS,SHB,345,8512,141.88,363.6,301.5,57.2,50.1,0.531,1
EagleCreekDrEtc_SHB_12.11.2025_LS,SHB,345,8513,141.9,347.9,303.2,55.5,47.6,0.5614,1
EagleCreekDrEtc_SHB_12.11.2025_LS,SHB,345,8514,141.92,337.3,303.4,54.5,50.4,0.5639,1
EagleCreekDrEtc_SHB_12.11.2025_LS,SHB,345,8515,141.93,326.9,306.6,51.1,48.7,0.5457,1
EagleCreekDrEtc_SHB_12.11.2025_LS,SHB,345,8516,141.95,306.9,300.7,52.0,51.1,0.588,1
EagleCreekDrEtc_SHB_12.11.2025_LS,SHB,345,8517,141.97,288.6,298.0,53.4,50.0,0.5241,1
EagleCreekDrEtc_SHB_12.11.2025_LS,SHB,345,8518,141.98,285.0,300.1,56.3,50.9,0.4615,1
EagleCreekDrEtc_SHB_12.11.2025_LS,SHB,345,8519,142.0,274.5,301.9,53.8,49.0,0.399,1
EagleCreekDrEtc_SHB_12.11.2025_LS,SHB,345,8520,142.02,257.4,305.1,48.4,46.9,0.4978,1
EagleCreekDrEtc_SHB_12.11.2025_LS,SHB,345,8521,142.03,242.3,306.3,46.7,44.4,0.6213,1
EagleCreekDrEtc_SHB_12.11.2025_LS,SHB,345,8522,142.05,227.0,306.0,47.8,45.7,0.5678,1
EagleCreekDrEtc_SHB_12.11.2025_LS,SHB,345,8523,142.07,209.6,304.9,48.6,47.6,0.4728,1
EagleCreekDrEtc_SHB_12.11.2025_LS,SHB,345,8524,142.08,199.7,304.9,51.1,49.8,0.5212,1
EagleCreekDrEtc_SHB_12.11.2025_LS,SHB,345,8525,142.1,190.0,304.5,53.0,51.2,0.5829,1
EagleCreekDrEtc_SHB_12.11.2025_LS,SHB,345,8526,142.12,178.1,304.5,53.4,51.8,0.5256,1
EagleCreekDrEtc_SHB_12.11.2025_LS,SHB,345,8527,142.13,165.5,305.4,52.0,53.6,0.7438,1
EagleCreekDrEtc_SHB_12.11.2025_LS,SHB,345,8528,142.15,151.8,306.4,45.9,52.8,0.7769,1
EagleCreekDrEtc_SHB_12.11.2025_LS,SHB,345,8529,142.17,138.2,308.1,45.5,50.5,0.6609,1
EagleCreekDrEtc_SHB_12.11.2025_LS,SHB,345,8530,142.18,125.8,310.1,45.4,49.5,0.7808,1
EagleCreekDrEtc_SHB_12.11.2025_LS,SHB,345,8531,142.2,113.3,311.2,48.0,49.4,0.7864,1
EagleCreekDrEtc_SHB_12.11.2025_LS,SHB,345,8532,142.22,99.9,311.2,48.7,49.6,0.8496,1
EagleCreekDrEtc_SHB_12.11.2025_LS,SHB,345,8533,142.23,87.5,312.5,50.3,49.6,0.8056,1
EagleCreekDrEtc_SHB_12.11.2025_LS,SHB,345,8534,142.25,75.7,312.8,50.6,51.3,0.8614,1
EagleCreekDrEtc_SHB_12.11.2025_LS,SHB,345,8535,142.27,62.6,314.3,51.6,50.4,0.8388,1
EagleCreekDrEtc_SHB_12.11.2025_LS,SHB,345,8536,142.28,50.7,315.2,52.9,51.6,0.8114,1
EagleCreekDrEtc_SHB_12.11.2025_LS,SHB,345,8537,142.3,38.7,316.3,53.1,50.7,0.8106,1
EagleCreekDrEtc_SHB_12.11.2025_LS,SHB,345,8538,142.32,27.0,318.3,51.4,47.6,0.7334,1
EagleCreekDrEtc_SHB_12.11.2025_LS,SHB,345,8539,142.33,19.6,317.8,39.2,45.2,0.5664,1
EagleCreekDrEtc_SHB_12.11.2025_LS,SHB,346,8499,141.67,610.6,279.9,47.1,57.0,0.7866,1
EagleCreekDrEtc_SHB_12.11.2025_LS,SHB,346,8500,141.68,596.2,281.3,47.1,58.1,0.7798,1
EagleCreekDrEtc_SHB_12.11.2025_LS,SHB,346,8501,141.7,583.3,281.9,47.9,60.2,0.745,1
EagleCreekDrEtc_SHB_12.11.2025_LS,SHB,346,8502,141.72,569.8,283.8,49.5,61.5,0.7979,1
EagleCreekDrEtc_SHB_12.11.2025_LS,SHB,346,8503,141.73,558.3,286.3,50.1,63.2,0.7922,1
EagleCreekDrEtc_SHB_12.11.2025_LS,SHB,346,8504,141.75,546.5,287.7,49.4,62.6,0.8306,1
EagleCreekDrEtc_SHB_12.11.2025_LS,SHB,346,8505,141.77,534.9,289.0,48.7,62.2,0.7914,1
EagleCreekDrEtc_SHB_12.11.2025_LS,SHB,346,8506,141.78,522.0,289.7,47.1,59.8,0.7882,1
EagleCreekDrEtc_SHB_12.11.2025_LS,SHB,346,8507,141.8,507.5,292.3,43.9,59.2,0.629,1
EagleCreekDrEtc_SHB_12.11.2025_LS,SHB,346,8508,141.82,491.4,295.2,41.6,54.6,0.5968,1
EagleCreekDrEtc_SHB_12.11.2025_LS,SHB,346,8510,141.85,478.1,294.8,43.1,53.2,0.7494,1
EagleCreekDrEtc_SHB_12.11.2025_LS,SHB,346,8511,141.87,466.8,296.2,43.6,55.6,0.7341,1
EagleCreekDrEtc_SHB_12.11.2025_LS,SHB,346,8512,141.88,453.1,298.3,45.0,54.9,0.8603,1
EagleCreekDrEtc_SHB_12.11.2025_LS,SHB,346,8513,141.9,440.5,297.9,47.9,56.2,0.8563,1
EagleCreekDrEtc_SHB_12.11.2025_LS,SHB,346,8514,141.92,429.0,297.8,48.5,56.5,0.8914,1
EagleCreekDrEtc_SHB_12.11.2025_LS,SHB,346,8515,141.93,417.9,299.1,48.4,57.6,0.8231,1
EagleCreekDrEtc_SHB_12.11.2025_LS,SHB,346,8516,141.95,405.7,298.6,47.0,56.6,0.8424,1
EagleCreekDrEtc_SHB_12.11.2025_LS,SHB,346,8517,141.97,393.6,297.7,45.4,57.5,0.7824,1
EagleCreekDrEtc_SHB_12.11.2025_LS,SHB,346,8518,141.98,381.9,297.1,46.9,58.8,0.7899,1
EagleCreekDrEtc_SHB_12.11.2025_LS,SHB,346,8519,142.0,369.2,297.4,44.0,58.8,0.839,1
EagleCreekDrEtc_SHB_12.11.2025_LS,SHB,346,8520,142.02,357.8,299.4,43.8,59.3,0.8056,1
EagleCreekDrEtc_SHB_12.11.2025_LS,SHB,346,8521,142.03,345.0,298.7,41.7,60.7,0.7821,1
EagleCreekDrEtc_SHB_12.11.2025_LS,SHB,346,8522,142.05,333.5,299.1,44.6,61.0,0.7984,1
EagleCreekDrEtc_SHB_12.11.2025_LS,SHB,346,8523,142.07,321.5,297.6,43.0,59.5,0.7788,1
EagleCreekDrEtc_SHB_12.11.2025_LS,SHB,346,8524,142.08,308.2,297.1,42.7,59.1,0.7392,1
EagleCreekDrEtc_SHB_12.11.2025_LS,SHB,346,8525,142.1,296.4,296.6,40.6,59.1,0.6969,1
EagleCreekDrEtc_SHB_12.11.2025_LS,SHB,346,8526,142.12,285.7,295.8,40.7,56.6,0.7116,1
EagleCreekDrEtc_SHB_12.11.2025_LS,SHB,346,8527,142.13,276.5,298.9,45.1,59.3,0.7069,1
EagleCreekDrEtc_SHB_12.11.2025_LS,SHB,346,8528,142.15,263.7,299.6,42.6,56.9,0.7731,1
EagleCreekDrEtc_SHB_12.11.2025_LS,SHB,346,8529,142.17,253.7,301.7,42.0,54.3,0.7724,1
EagleCreekDrEtc_SHB_12.11.2025_LS,SHB,346,8530,142.18,243.9,300.9,43.9,54.3,0.8166,1
EagleCreekDrEtc_SHB_12.11.2025_LS,SHB,346,8531,142.2,234.5,301.4,44.3,55.3,0.7857,1
EagleCreekDrEtc_SHB_12.11.2025_LS,SHB,346,8532,142.22,221.3,303.6,43.2,54.9,0.7715,1
EagleCreekDrEtc_SHB_12.11.2025_LS,SHB,346,8533,142.23,209.5,303.6,42.1,58.5,0.8251,1
EagleCreekDrEtc_SHB_12.11.2025_LS,SHB,346,8534,142.25,198.3,304.8,42.8,57.6,0.796,1
EagleCreekDrEtc_SHB_12.11.2025_LS,SHB,346,8535,142.27,186.9,304.3,43.5,59.5,0.7471,1
EagleCreekDrEtc_SHB_12.11.2025_LS,SHB,346,8536,142.28,175.8,306.7,42.1,58.9,0.7721,1
EagleCreekDrEtc_SHB_12.11.2025_LS,SHB,346,8537,142.3,165.5,307.7,40.9,58.6,0.7282,1
EagleCreekDrEtc_SHB_12.11.2025_LS,SHB,346,8538,142.32,155.0,308.3,41.2,59.7,0.721,1
EagleCreekDrEtc_SHB_12.11.2025_LS,SHB,346,8539,142.33,143.6,307.9,42.8,59.3,0.6195,1
EagleCreekDrEtc_SHB_12.11.2025_LS,SHB,346,8540,142.35,135.7,308.1,41.7,56.8,0.7136,1
EagleCreekDrEtc_SHB_12.11.2025_LS,SHB,346,8541,142.37,127.6,309.3,41.1,58.3,0.7368,1
EagleCreekDrEtc_SHB_12.11.2025_LS,SHB,346,8542,142.38,116.1,308.8,40.5,58.6,0.6177,1
EagleCreekDrEtc_SHB_12.11.2025_LS,SHB,346,8543,142.4,107.8,308.8,43.7,55.3,0.721,1
EagleCreekDrEtc_SHB_12.11.2025_LS,SHB,346,8544,142.42,98.8,310.0,45.1,57.2,0.6051,1
EagleCreekDrEtc_SHB_12.11.2025_LS,SHB,346,8545,142.43,84.0,310.1,42.7,59.5,0.6323,1
EagleCreekDrEtc_SHB_12.11.2025_LS,SHB,346,8546,142.45,77.7,310.2,41.3,58.1,0.688,1
EagleCreekDrEtc_SHB_12.11.2025_LS,SHB,346,8547,142.47,67.6,310.3,41.8,57.0,0.6662,1
EagleCreekDrEtc_SHB_12.11.2025_LS,SHB,346,8548,142.48,55.6,309.8,41.7,57.7,0.6765,1
EagleCreekDrEtc_SHB_12.11.2025_LS,SHB,346,8549,142.5,47.1,309.8,42.8,56.9,0.7312,1
EagleCreekDrEtc_SHB_12.11.2025_LS,SHB,346,8550,142.52,34.9,308.0,43.7,57.4,0.6934,1
EagleCreekDrEtc_SHB_12.11.2025_LS,SHB,346,8551,142.53,23.0,306.6,43.8,56.8,0.6804,1
EagleCreekDrEtc_SHB_12.11.2025_LS,SHB,346,8552,142.55,17.0,306.0,34.1,56.4,0.685,1
EagleCreekDrEtc_SHB_12.11.2025_LS,SHB,346,8553,142.57,13.2,305.1,26.5,56.6,0.6575,1
EagleCreekDrEtc_SHB_12.11.2025_LS,SHB,349,8514,141.92,613.1,318.9,42.9,52.7,0.7639,1
EagleCreekDrEtc_SHB_12.11.2025_LS,SHB,349,8515,141.93,600.2,317.1,46.1,52.2,0.7893,1
EagleCreekDrEtc_SHB_12.11.2025_LS,SHB,349,8516,141.95,586.0,315.8,45.2,52.1,0.7833,1
EagleCreekDrEtc_SHB_12.11.2025_LS,SHB,349,8517,141.97,571.6,315.7,46.9,55.8,0.8239,1
EagleCreekDrEtc_SHB_12.11.2025_LS,SHB,349,8518,141.98,557.8,315.0,47.5,55.2,0.8172,1
EagleCreekDrEtc_SHB_12.11.2025_LS,SHB,349,8519,142.0,544.3,314.4,46.0,54.4,0.8804,1
EagleCreekDrEtc_SHB_12.11.2025_LS,SHB,349,8520,142.02,529.7,315.7,48.1,52.7,0.8239,1
EagleCreekDrEtc_SHB_12.11.2025_LS,SHB,349,8521,142.03,515.8,315.7,47.7,52.1,0.8294,1
EagleCreekDrEtc_SHB_12.11.2025_LS,SHB,349,8522,142.05,502.8,315.7,48.5,50.9,0.8386,1
EagleCreekDrEtc_SHB_12.11.2025_LS,SHB,349,8523,142.07,489.5,314.6,49.5,50.0,0.802,1
EagleCreekDrEtc_SHB_12.11.2025_LS,SHB,349,8524,142.08,475.9,313.9,50.0,52.5,0.8509,1
EagleCreekDrEtc_SHB_12.11.2025_LS,SHB,349,8525,142.1,463.2,313.7,50.2,52.6,0.8167,1
EagleCreekDrEtc_SHB_12.11.2025_LS,SHB,349,8526,142.12,449.0,314.2,49.4,50.1,0.7852,1
EagleCreekDrEtc_SHB_12.11.2025_LS,SHB,349,8527,142.13,434.2,314.9,49.9,49.8,0.8309,1
EagleCreekDrEtc_SHB_12.11.2025_LS,SHB,349,8528,142.15,420.6,315.7,48.8,50.3,0.8247,1
EagleCreekDrEtc_SHB_12.11.2025_LS,SHB,349,8529,142.17,407.7,316.2,48.2,49.5,0.7994,1
EagleCreekDrEtc_SHB_12.11.2025_LS,SHB,349,8530,142.18,395.6,316.0,46.4,50.3,0.8634,1
EagleCreekDrEtc_SHB_12.11.2025_LS,SHB,349,8531,142.2,383.1,316.3,46.1,50.9,0.8466,1
EagleCreekDrEtc_SHB_12.11.2025_LS,SHB,349,8532,142.22,371.1,316.9,45.6,50.1,0.8364,1
EagleCreekDrEtc_SHB_12.11.2025_LS,SHB,349,8533,142.23,359.2,317.0,47.6,51.8,0.8142,1
EagleCreekDrEtc_SHB_12.11.2025_LS,SHB,349,8534,142.25,346.9,318.6,47.1,52.9,0.8361,1
EagleCreekDrEtc_SHB_12.11.2025_LS,SHB,349,8535,142.27,332.5,320.1,47.3,54.3,0.8534,1
EagleCreekDrEtc_SHB_12.11.2025_LS,SHB,349,8536,142.28,320.5,321.2,45.5,53.0,0.8671,1
EagleCreekDrEtc_SHB_12.11.2025_LS,SHB,349,8537,142.3,308.4,322.2,45.6,51.2,0.8642,1
EagleCreekDrEtc_SHB_12.11.2025_LS,SHB,349,8538,142.32,295.6,323.2,44.9,50.5,0.8208,1
EagleCreekDrEtc_SHB_12.11.2025_LS,SHB,349,8539,142.33,283.0,325.1,46.6,53.4,0.8359,1
EagleCreekDrEtc_SHB_12.11.2025_LS,SHB,349,8540,142.35,270.6,325.4,49.3,53.6,0.8175,1
EagleCreekDrEtc_SHB_12.11.2025_LS,SHB,349,8541,142.37,258.8,325.3,49.1,54.5,0.8623,1
EagleCreekDrEtc_SHB_12.11.2025_LS,SHB,349,8542,142.38,248.7,324.3,46.6,53.0,0.8231,1
EagleCreekDrEtc_SHB_12.11.2025_LS,SHB,349,8543,142.4,235.8,323.6,47.1,52.9,0.8331,1
EagleCreekDrEtc_SHB_12.11.2025_LS,SHB,349,8544,142.42,224.3,323.7,48.7,51.5,0.8356,1
EagleCreekDrEtc_SHB_12.11.2025_LS,SHB,349,8545,142.43,213.2,323.3,50.1,50.8,0.7564,1
EagleCreekDrEtc_SHB_12.11.2025_LS,SHB,349,8546,142.45,203.6,322.7,48.2,50.9,0.7493,1
EagleCreekDrEtc_SHB_12.11.2025_LS,SHB,349,8547,142.47,193.1,322.2,47.1,50.8,0.6658,1
EagleCreekDrEtc_SHB_12.11.2025_LS,SHB,349,8548,142.48,181.0,321.0,48.0,50.3,0.7599,1
EagleCreekDrEtc_SHB_12.11.2025_LS,SHB,349,8549,142.5,177.5,320.3,45.0,47.9,0.6558,1
EagleCreekDrEtc_SHB_12.11.2025_LS,SHB,349,8550,142.52,170.1,320.2,42.5,47.9,0.6641,1
EagleCreekDrEtc_SHB_12.11.2025_LS,SHB,349,8551,142.53,155.7,320.5,45.8,49.2,0.7786,1
EagleCreekDrEtc_SHB_12.11.2025_LS,SHB,349,8552,142.55,141.3,319.7,46.8,50.0,0.7524,1
EagleCreekDrEtc_SHB_12.11.2025_LS,SHB,349,8553,142.57,127.1,317.0,47.5,53.0,0.7445,1
EagleCreekDrEtc_SHB_12.11.2025_LS,SHB,349,8554,142.58,115.7,316.5,46.2,53.7,0.6059,1
EagleCreekDrEtc_SHB_12.11.2025_LS,SHB,349,8555,142.6,104.1,314.1,44.6,48.7,0.7041,1
EagleCreekDrEtc_SHB_12.11.2025_LS,SHB,349,8556,142.62,94.8,312.7,48.2,49.0,0.6736,1
EagleCreekDrEtc_SHB_12.11.2025_LS,SHB,349,8557,142.63,85.6,313.1,43.7,48.7,0.7067,1
EagleCreekDrEtc_SHB_12.11.2025_LS,SHB,349,8558,142.65,73.5,313.9,43.1,47.8,0.7854,1
EagleCreekDrEtc_SHB_12.11.2025_LS,SHB,349,8559,142.67,59.4,311.8,45.9,52.6,0.8099,1
EagleCreekDrEtc_SHB_12.11.2025_LS,SHB,349,8560,142.68,50.6,311.0,46.3,51.7,0.8026,1
EagleCreekDrEtc_SHB_12.11.2025_LS,SHB,349,8561,142.7,36.5,310.6,43.7,50.9,0.7913,1
EagleCreekDrEtc_SHB_12.11.2025_LS,SHB,349,8562,142.72,26.5,309.8,43.6,51.5,0.7718,1
EagleCreekDrEtc_SHB_12.11.2025_LS,SHB,349,8563,142.73,17.3,307.1,34.5,53.1,0.6231,1
EagleCreekDrEtc_SHB_12.11.2025_LS,SHB,351,8521,142.03,616.6,337.9,41.6,60.2,0.7607,1
EagleCreekDrEtc_SHB_12.11.2025_LS,SHB,351,8522,142.05,608.3,335.5,54.0,64.2,0.6041,1
EagleCreekDrEtc_SHB_12.11.2025_LS,SHB,351,8523,142.07,599.7,333.8,63.2,62.3,0.7761,1
EagleCreekDrEtc_SHB_12.11.2025_LS,SHB,351,8524,142.08,587.1,333.1,64.6,61.5,0.8113,1
EagleCreekDrEtc_SHB_12.11.2025_LS,SHB,351,8525,142.1,574.2,331.8,65.8,66.2,0.8164,1
EagleCreekDrEtc_SHB_12.11.2025_LS,SHB,351,8526,142.12,561.5,332.1,68.2,67.0,0.8223,1
EagleCreekDrEtc_SHB_12.11.2025_LS,SHB,351,8527,142.13,547.3,334.7,70.2,67.4,0.8226,1
EagleCreekDrEtc_SHB_12.11.2025_LS,SHB,351,8528,142.15,535.1,337.3,62.8,62.2,0.7746,1
EagleCreekDrEtc_SHB_12.11.2025_LS,SHB,351,8529,142.17,522.3,341.1,54.4,55.9,0.7226,1
EagleCreekDrEtc_SHB_12.11.2025_LS,SHB,351,8530,142.18,511.0,338.1,57.7,60.6,0.8293,1
EagleCreekDrEtc_SHB_12.11.2025_LS,SHB,351,8531,142.2,499.1,338.4,60.2,62.2,0.7674,1
EagleCreekDrEtc_SHB_12.11.2025_LS,SHB,351,8532,142.22,484.0,339.0,59.6,61.0,0.7389,1
EagleCreekDrEtc_SHB_12.11.2025_LS,SHB,351,8533,142.23,474.1,338.5,66.9,61.0,0.5795,1
EagleCreekDrEtc_SHB_12.11.2025_LS,SHB,351,8534,142.25,458.0,338.7,65.9,59.8,0.5312,1
EagleCreekDrEtc_SHB_12.11.2025_LS,SHB,351,8535,142.27,447.0,339.2,63.5,62.3,0.7474,1
EagleCreekDrEtc_SHB_12.11.2025_LS,SHB,351,8536,142.28,439.5,338.2,60.6,69.0,0.668,1
EagleCreekDrEtc_SHB_12.11.2025_LS,SHB,351,8537,142.3,426.8,341.9,62.3,64.0,0.7589,1
EagleCreekDrEtc_SHB_12.11.2025_LS,SHB,351,8538,142.32,412.9,344.0,61.9,61.1,0.8396,1
EagleCreekDrEtc_SHB_12.11.2025_LS,SHB,351,8539,142.33,399.4,343.5,63.4,60.7,0.8163,1
EagleCreekDrEtc_SHB_12.11.2025_LS,SHB,351,8540,142.35,388.1,342.7,64.7,60.5,0.7937,1
EagleCreekDrEtc_SHB_12.11.2025_LS,SHB,351,8541,142.37,375.6,343.3,64.5,59.3,0.7905,1
EagleCreekDrEtc_SHB_12.11.2025_LS,SHB,351,8542,142.38,356.6,344.2,56.1,60.8,0.6838,1
EagleCreekDrEtc_SHB_12.11.2025_LS,SHB,351,8543,142.4,347.4,344.7,58.3,59.8,0.781,1
EagleCreekDrEtc_SHB_12.11.2025_LS,SHB,351,8544,142.42,336.2,345.1,58.5,61.7,0.6916,1
EagleCreekDrEtc_SHB_12.11.2025_LS,SHB,351,8545,142.43,322.8,344.2,57.8,60.9,0.7655,1
EagleCreekDrEtc_SHB_12.11.2025_LS,SHB,351,8546,142.45,313.9,343.9,57.8,60.5,0.8403,1
EagleCreekDrEtc_SHB_12.11.2025_LS,SHB,351,8547,142.47,304.3,343.7,58.6,61.2,0.675,1
EagleCreekDrEtc_SHB_12.11.2025_LS,SHB,351,8548,142.48,289.0,341.4,52.8,60.4,0.6858,1
EagleCreekDrEtc_SHB_12.11.2025_LS,SHB,351,8549,142.5,277.3,340.6,52.5,63.4,0.6256,1
EagleCreekDrEtc_SHB_12.11.2025_LS,SHB,351,8550,142.52,267.2,340.2,54.7,64.7,0.6276,1
EagleCreekDrEtc_SHB_12.11.2025_LS,SHB,351,8551,142.53,258.9,340.2,57.8,64.4,0.7403,1
EagleCreekDrEtc_SHB_12.11.2025_LS,SHB,351,8552,142.55,252.7,338.0,62.1,63.8,0.7773,1
EagleCreekDrEtc_SHB_12.11.2025_LS,SHB,351,8553,142.57,242.9,336.7,62.9,62.4,0.7645,1
EagleCreekDrEtc_SHB_12.11.2025_LS,SHB,351,8554,142.58,232.3,335.9,60.5,62.7,0.7205,1
EagleCreekDrEtc_SHB_12.11.2025_LS,SHB,351,8555,142.6,225.0,333.7,67.4,64.1,0.6856,1
EagleCreekDrEtc_SHB_12.11.2025_LS,SHB,351,8556,142.62,211.2,330.7,65.8,61.1,0.5931,1
EagleCreekDrEtc_SHB_12.11.2025_LS,SHB,351,8557,142.63,204.3,328.7,60.0,62.8,0.4575,1
EagleCreekDrEtc_SHB_12.11.2025_LS,SHB,351,8559,142.67,168.9,331.4,53.7,60.8,0.5365,1
EagleCreekDrEtc_SHB_12.11.2025_LS,SHB,351,8560,142.68,165.1,327.9,58.9,64.0,0.4099,1
EagleCreekDrEtc_SHB_12.11.2025_LS,SHB,351,8561,142.7,154.4,328.1,61.1,62.9,0.763,1
EagleCreekDrEtc_SHB_12.11.2025_LS,SHB,351,8562,142.72,145.2,326.6,64.8,63.4,0.8006,1
EagleCreekDrEtc_SHB_12.11.2025_LS,SHB,351,8563,142.73,138.7,326.4,69.9,63.1,0.7539,1
EagleCreekDrEtc_SHB_12.11.2025_LS,SHB,351,8564,142.75,123.7,326.2,67.0,63.0,0.7207,1
EagleCreekDrEtc_SHB_12.11.2025_LS,SHB,351,8565,142.77,115.8,326.4,67.4,64.6,0.7851,1
EagleCreekDrEtc_SHB_12.11.2025_LS,SHB,351,8566,142.78,105.7,325.8,67.6,63.8,0.7498,1
EagleCreekDrEtc_SHB_12.11.2025_LS,SHB,351,8567,142.8,98.0,324.7,68.9,64.3,0.6722,1
EagleCreekDrEtc_SHB_12.11.2025_LS,SHB,351,8568,142.82,83.9,324.2,68.4,63.8,0.7385,1
EagleCreekDrEtc_SHB_12.11.2025_LS,SHB,351,8569,142.83,70.9,324.6,63.7,64.9,0.6992,1
EagleCreekDrEtc_SHB_12.11.2025_LS,SHB,351,8570,142.85,59.7,326.2,56.1,63.8,0.6426,1
EagleCreekDrEtc_SHB_12.11.2025_LS,SHB,351,8571,142.87,47.4,331.1,47.5,59.8,0.6059,1
EagleCreekDrEtc_SHB_12.11.2025_LS,SHB,351,8572,142.88,32.5,329.8,44.9,56.5,0.7068,1
EagleCreekDrEtc_SHB_12.11.2025_LS,SHB,351,8573,142.9,24.6,332.0,44.4,53.6,0.689,1
EagleCreekDrEtc_SHB_12.11.2025_LS,SHB,351,8574,142.92,18.7,330.7,37.5,65.4,0.3586,1
EagleCreekDrEtc_SHB_12.11.2025_LS,SHB,351,8575,142.93,14.4,332.4,28.9,62.5,0.3778,1
EagleCreekDrEtc_SHB_12.11.2025_LS,SHB,356,8542,142.38,614.6,438.9,43.2,56.2,0.6667,1
EagleCreekDrEtc_SHB_12.11.2025_LS,SHB,356,8543,142.4,603.9,439.8,48.5,58.7,0.6658,1
EagleCreekDrEtc_SHB_12.11.2025_LS,SHB,356,8544,142.42,593.4,439.2,53.4,60.5,0.8154,1
EagleCreekDrEtc_SHB_12.11.2025_LS,SHB,356,8545,142.43,582.5,438.4,52.0,59.5,0.8294,1
EagleCreekDrEtc_SHB_12.11.2025_LS,SHB,356,8546,142.45,572.0,441.9,57.0,62.2,0.8501,1
EagleCreekDrEtc_SHB_12.11.2025_LS,SHB,356,8547,142.47,561.7,440.5,56.9,62.0,0.8219,1
EagleCreekDrEtc_SHB_12.11.2025_LS,SHB,356,8548,142.48,548.7,438.4,57.2,60.5,0.7786,1
EagleCreekDrEtc_SHB_12.11.2025_LS,SHB,356,8549,142.5,538.7,437.8,54.4,60.9,0.8283,1
EagleCreekDrEtc_SHB_12.11.2025_LS,SHB,356,8550,142.52,525.6,436.7,53.2,60.0,0.8536,1
EagleCreekDrEtc_SHB_12.11.2025_LS,SHB,356,8551,142.53,513.7,436.5,53.2,61.1,0.7488,1
EagleCreekDrEtc_SHB_12.11.2025_LS,SHB,356,8552,142.55,505.9,432.7,55.1,60.1,0.7646,1
EagleCreekDrEtc_SHB_12.11.2025_LS,SHB,356,8553,142.57,495.4,433.4,52.4,58.0,0.8129,1
EagleCreekDrEtc_SHB_12.11.2025_LS,SHB,356,8554,142.58,485.9,431.8,52.4,59.3,0.8678,1
EagleCreekDrEtc_SHB_12.11.2025_LS,SHB,356,8555,142.6,477.0,430.0,54.7,59.5,0.8325,1
EagleCreekDrEtc_SHB_12.11.2025_LS,SHB,356,8556,142.62,467.6,428.1,56.5,58.4,0.7893,1
EagleCreekDrEtc_SHB_12.11.2025_LS,SHB,356,8557,142.63,455.6,425.2,56.5,58.2,0.8272,1
EagleCreekDrEtc_SHB_12.11.2025_LS,SHB,356,8558,142.65,442.7,424.6,58.7,58.0,0.8482,1
EagleCreekDrEtc_SHB_12.11.2025_LS,SHB,356,8559,142.67,431.0,423.0,57.4,61.2,0.8265,1
EagleCreekDrEtc_SHB_12.11.2025_LS,SHB,356,8560,142.68,423.8,421.2,58.3,62.4,0.8135,1
EagleCreekDrEtc_SHB_12.11.2025_LS,SHB,356,8561,142.7,412.1,422.2,58.7,62.0,0.8126,1
EagleCreekDrEtc_SHB_12.11.2025_LS,SHB,356,8562,142.72,401.5,420.4,59.6,61.2,0.8041,1
EagleCreekDrEtc_SHB_12.11.2025_LS,SHB,356,8563,142.73,391.1,419.3,61.1,59.7,0.6698,1
EagleCreekDrEtc_SHB_12.11.2025_LS,SHB,356,8564,142.75,378.2,418.5,56.5,57.3,0.6572,1
EagleCreekDrEtc_SHB_12.11.2025_LS,SHB,356,8566,142.78,354.7,415.8,55.0,57.0,0.3718,1
EagleCreekDrEtc_SHB_12.11.2025_LS,SHB,356,8567,142.8,343.7,412.7,47.6,48.2,0.7353,1
EagleCreekDrEtc_SHB_12.11.2025_LS,SHB,356,8568,142.82,332.9,416.0,49.9,59.4,0.6599,1
EagleCreekDrEtc_SHB_12.11.2025_LS,SHB,356,8570,142.85,310.9,417.5,58.0,61.1,0.7744,1
EagleCreekDrEtc_SHB_12.11.2025_LS,SHB,376,8791,146.54,240.8,185.9,23.9,20.1,0.5515,1
EagleCreekDrEtc_SHB_12.11.2025_LS,SHB,376,8792,146.55,243.5,186.1,24.3,19.7,0.3697,1
EagleCreekDrEtc_SHB_12.11.2025_LS,SHB,376,8793,146.57,247.9,185.9,24.8,20.2,0.4762,1
EagleCreekDrEtc_SHB_12.11.2025_LS,SHB,376,8798,146.65,268.6,183.7,25.5,20.2,0.5653,1
EagleCreekDrEtc_SHB_12.11.2025_LS,SHB,376,8804,146.75,294.3,182.6,26.7,20.8,0.5365,1
EagleCreekDrEtc_SHB_12.11.2025_LS,SHB,376,8805,146.77,297.9,182.3,25.8,20.6,0.5746,1
EagleCreekDrEtc_SHB_12.11.2025_LS,SHB,376,8806,146.79,301.9,182.8,25.1,21.3,0.6595,1
EagleCreekDrEtc_SHB_12.11.2025_LS,SHB,376,8807,146.8,305.6,183.3,24.8,21.3,0.4905,1
EagleCreekDrEtc_SHB_12.11.2025_LS,SHB,376,8808,146.82,310.4,183.9,23.6,20.9,0.6077,1
EagleCreekDrEtc_SHB_12.11.2025_LS,SHB,376,8813,146.9,328.2,185.8,20.8,19.7,0.6299,1
EagleCreekDrEtc_SHB_12.11.2025_LS,SHB,376,8814,146.92,331.2,185.8,19.6,18.9,0.6296,1
EagleCreekDrEtc_SHB_12.11.2025_LS,SHB,376,8815,146.94,335.6,185.8,19.9,19.0,0.7143,1
EagleCreekDrEtc_SHB_12.11.2025_LS,SHB,381,8886,148.12,77.5,301.8,23.6,21.2,0.4519,0
EagleCreekDrEtc_SHB_12.11.2025_LS,SHB,381,8890,148.19,73.0,302.7,26.2,24.1,0.5677,0
EagleCreekDrEtc_SHB_12.11.2025_LS,SHB,381,8891,148.2,71.1,302.5,26.2,24.0,0.2736,0
EagleCreekDrEtc_SHB_12.11.2025_LS,SHB,387,9325,155.44,18.6,289.1,25.9,26.0,0.6254,1
EagleCreekDrEtc_SHB_12.11.2025_LS,SHB,387,9326,155.45,28.0,289.2,28.8,26.3,0.6494,1
EagleCreekDrEtc_SHB_12.11.2025_LS,SHB,387,9327,155.47,36.9,289.0,31.0,26.1,0.5907,1
EagleCreekDrEtc_SHB_12.11.2025_LS,SHB,387,9328,155.49,45.7,286.7,32.0,26.7,0.6396,1
EagleCreekDrEtc_SHB_12.11.2025_LS,SHB,387,9329,155.5,55.1,285.2,31.2,25.9,0.673,1
EagleCreekDrEtc_SHB_12.11.2025_LS,SHB,387,9330,155.52,64.5,283.2,33.3,28.4,0.6047,1
EagleCreekDrEtc_SHB_12.11.2025_LS,SHB,387,9331,155.54,72.8,282.4,33.0,28.7,0.6306,1
EagleCreekDrEtc_SHB_12.11.2025_LS,SHB,387,9332,155.55,81.6,284.0,32.7,27.1,0.6037,1
EagleCreekDrEtc_SHB_12.11.2025_LS,SHB,387,9333,155.57,89.5,283.6,31.3,26.9,0.5454,1
EagleCreekDrEtc_SHB_12.11.2025_LS,SHB,387,9334,155.59,96.4,284.6,30.7,28.5,0.6886,1
EagleCreekDrEtc_SHB_12.11.2025_LS,SHB,387,9335,155.6,104.6,284.8,30.1,27.5,0.6283,1
EagleCreekDrEtc_SHB_12.11.2025_LS,SHB,387,9336,155.62,113.8,284.7,30.3,28.6,0.6515,1
EagleCreekDrEtc_SHB_12.11.2025_LS,SHB,387,9337,155.64,122.2,286.2,31.1,29.0,0.603,1
EagleCreekDrEtc_SHB_12.11.2025_LS,SHB,387,9338,155.65,130.5,286.2,29.4,25.5,0.5588,1
EagleCreekDrEtc_SHB_12.11.2025_LS,SHB,387,9345,155.77,194.1,279.0,32.1,35.5,0.6265,1
EagleCreekDrEtc_SHB_12.11.2025_LS,SHB,387,9346,155.79,201.9,279.8,31.0,36.8,0.7206,1
EagleCreekDrEtc_SHB_12.11.2025_LS,SHB,387,9347,155.8,209.2,280.8,30.3,35.7,0.7541,1
EagleCreekDrEtc_SHB_12.11.2025_LS,SHB,387,9348,155.82,217.1,282.3,33.2,35.3,0.7075,1
EagleCreekDrEtc_SHB_12.11.2025_LS,SHB,387,9349,155.84,225.3,284.6,34.0,33.8,0.7152,1
EagleCreekDrEtc_SHB_12.11.2025_LS,SHB,387,9350,155.85,233.2,287.9,33.5,33.3,0.7431,1
EagleCreekDrEtc_SHB_12.11.2025_LS,SHB,387,9351,155.87,241.0,288.9,32.3,35.6,0.7176,1
EagleCreekDrEtc_SHB_12.11.2025_LS,SHB,387,9352,155.89,251.3,291.5,33.2,35.2,0.6926,1
EagleCreekDrEtc_SHB_12.11.2025_LS,SHB,387,9353,155.9,259.0,294.1,31.9,33.5,0.6758,1
EagleCreekDrEtc_SHB_12.11.2025_LS,SHB,387,9354,155.92,267.6,295.1,32.7,36.0,0.7132,1
EagleCreekDrEtc_SHB_12.11.2025_LS,SHB,387,9355,155.94,276.1,296.5,33.8,34.5,0.7316,1
EagleCreekDrEtc_SHB_12.11.2025_LS,SHB,387,9356,155.95,284.7,297.0,34.0,34.4,0.6871,1
EagleCreekDrEtc_SHB_12.11.2025_LS,SHB,387,9357,155.97,295.8,298.1,32.5,33.5,0.6238,1
EagleCreekDrEtc_SHB_12.11.2025_LS,SHB,387,9358,155.99,303.8,296.2,33.8,32.7,0.6255,1
EagleCreekDrEtc_SHB_12.11.2025_LS,SHB,387,9359,156.0,313.0,296.4,32.2,33.6,0.6781,1
EagleCreekDrEtc_SHB_12.11.2025_LS,SHB,387,9360,156.02,321.9,296.9,30.5,33.3,0.6352,1
EagleCreekDrEtc_SHB_12.11.2025_LS,SHB,387,9361,156.04,330.1,296.1,31.3,34.3,0.5693,1
EagleCreekDrEtc_SHB_12.11.2025_LS,SHB,387,9362,156.05,338.8,293.6,30.5,34.3,0.55,1
EagleCreekDrEtc_SHB_12.11.2025_LS,SHB,387,9363,156.07,347.4,292.9,29.4,32.8,0.6672,1
EagleCreekDrEtc_SHB_12.11.2025_LS,SHB,387,9364,156.09,356.0,292.7,32.6,37.1,0.5362,1
EagleCreekDrEtc_SHB_12.11.2025_LS,SHB,387,9368,156.15,394.5,286.8,36.7,29.3,0.5766,1
EagleCreekDrEtc_SHB_12.11.2025_LS,SHB,387,9369,156.17,398.0,284.6,34.6,31.2,0.5647,1
EagleCreekDrEtc_SHB_12.11.2025_LS,SHB,387,9370,156.19,403.5,283.4,34.8,33.5,0.3328,1
EagleCreekDrEtc_SHB_12.11.2025_LS,SHB,387,9371,156.2,410.9,282.5,33.3,34.3,0.4317,1
EagleCreekDrEtc_SHB_12.11.2025_LS,SHB,387,9372,156.22,422.4,280.5,32.4,35.0,0.4739,1
EagleCreekDrEtc_SHB_12.11.2025_LS,SHB,387,9373,156.24,432.6,280.2,32.7,35.4,0.2658,1
EagleCreekDrEtc_SHB_12.11.2025_LS,SHB,387,9378,156.32,481.3,271.2,33.3,37.7,0.2686,1
EagleCreekDrEtc_SHB_12.11.2025_LS,SHB,391,9352,155.89,458.5,277.5,32.5,26.3,0.6082,0
EagleCreekDrEtc_SHB_12.11.2025_LS,SHB,391,9353,155.9,465.4,278.8,31.4,25.0,0.4477,0
EagleCreekDrEtc_SHB_12.11.2025_LS,SHB,391,9354,155.92,477.0,280.0,30.6,25.5,0.6191,0
EagleCreekDrEtc_SHB_12.11.2025_LS,SHB,391,9355,155.94,486.5,281.6,30.9,24.7,0.415,0
EagleCreekDrEtc_SHB_12.11.2025_LS,SHB,391,9356,155.95,496.0,281.3,28.9,24.1,0.5419,0
EagleCreekDrEtc_SHB_12.11.2025_LS,SHB,391,9357,155.97,506.6,283.0,29.8,25.4,0.3789,0
EagleCreekDrEtc_SHB_12.11.2025_LS,SHB,402,9402,156.72,23.4,257.0,30.6,22.6,0.6068,1
EagleCreekDrEtc_SHB_12.11.2025_LS,SHB,402,9403,156.74,28.7,255.5,30.5,22.3,0.6731,1
EagleCreekDrEtc_SHB_12.11.2025_LS,SHB,402,9404,156.75,35.1,255.0,29.7,22.0,0.7653,1
EagleCreekDrEtc_SHB_12.11.2025_LS,SHB,402,9405,156.77,42.0,253.9,30.5,22.7,0.7486,1
EagleCreekDrEtc_SHB_12.11.2025_LS,SHB,402,9406,156.79,48.5,253.8,29.5,22.5,0.758,1
EagleCreekDrEtc_SHB_12.11.2025_LS,SHB,402,9407,156.8,54.6,252.5,29.8,22.6,0.7626,1
EagleCreekDrEtc_SHB_12.11.2025_LS,SHB,402,9408,156.82,60.2,251.7,30.0,22.5,0.7305,1
EagleCreekDrEtc_SHB_12.11.2025_LS,SHB,402,9409,156.84,65.9,250.7,30.4,22.6,0.7829,1
EagleCreekDrEtc_SHB_12.11.2025_LS,SHB,402,9410,156.85,71.7,249.9,29.9,22.4,0.7553,1
EagleCreekDrEtc_SHB_12.11.2025_LS,SHB,402,9411,156.87,77.1,249.3,30.2,22.5,0.77,1
EagleCreekDrEtc_SHB_12.11.2025_LS,SHB,402,9412,156.89,82.5,248.0,31.2,22.7,0.7345,1
EagleCreekDrEtc_SHB_12.11.2025_LS,SHB,402,9413,156.9,87.1,247.9,31.6,23.5,0.7472,1
EagleCreekDrEtc_SHB_12.11.2025_LS,SHB,402,9414,156.92,92.3,247.4,31.9,23.6,0.7498,1
EagleCreekDrEtc_SHB_12.11.2025_LS,SHB,402,9415,156.94,97.2,246.6,31.6,23.2,0.7618,1
EagleCreekDrEtc_SHB_12.11.2025_LS,SHB,402,9416,156.95,102.1,245.6,31.5,23.6,0.7275,1
EagleCreekDrEtc_SHB_12.11.2025_LS,SHB,402,9417,156.97,105.6,245.1,31.5,23.8,0.6979,1
EagleCreekDrEtc_SHB_12.11.2025_LS,SHB,402,9418,156.99,111.3,244.3,30.8,23.7,0.7189,1
EagleCreekDrEtc_SHB_12.11.2025_LS,SHB,402,9419,157.0,117.2,242.9,30.2,23.4,0.7494,1
EagleCreekDrEtc_SHB_12.11.2025_LS,SHB,402,9420,157.02,121.8,242.4,27.9,22.7,0.7434,1
EagleCreekDrEtc_SHB_12.11.2025_LS,SHB,402,9421,157.04,126.1,241.9,27.6,22.3,0.7388,1
EagleCreekDrEtc_SHB_12.11.2025_LS,SHB,402,9422,157.05,130.0,241.2,27.6,22.2,0.7044,1
EagleCreekDrEtc_SHB_12.11.2025_LS,SHB,402,9423,157.07,134.3,241.2,28.1,22.9,0.7402,1
EagleCreekDrEtc_SHB_12.11.2025_LS,SHB,402,9424,157.09,138.8,240.5,27.8,22.0,0.721,1
EagleCreekDrEtc_SHB_12.11.2025_LS,SHB,402,9425,157.1,143.3,240.9,28.7,22.7,0.7258,1
EagleCreekDrEtc_SHB_12.11.2025_LS,SHB,402,9426,157.12,148.1,241.1,28.2,22.9,0.7355,1
EagleCreekDrEtc_SHB_12.11.2025_LS,SHB,402,9427,157.14,152.1,241.2,28.4,23.0,0.7359,1
EagleCreekDrEtc_SHB_12.11.2025_LS,SHB,402,9428,157.15,156.0,242.3,29.0,23.3,0.7202,1
EagleCreekDrEtc_SHB_12.11.2025_LS,SHB,402,9429,157.17,160.1,242.6,28.8,23.0,0.7254,1
EagleCreekDrEtc_SHB_12.11.2025_LS,SHB,402,9430,157.19,164.6,243.8,29.2,22.5,0.7445,1
EagleCreekDrEtc_SHB_12.11.2025_LS,SHB,402,9431,157.2,168.3,245.1,29.9,23.2,0.7075,1
EagleCreekDrEtc_SHB_12.11.2025_LS,SHB,402,9432,157.22,171.5,245.3,30.3,23.3,0.7226,1
EagleCreekDrEtc_SHB_12.11.2025_LS,SHB,402,9433,157.24,176.1,246.4,29.7,22.2,0.7907,1
EagleCreekDrEtc_SHB_12.11.2025_LS,SHB,402,9434,157.25,180.1,246.7,29.4,22.0,0.7741,1
EagleCreekDrEtc_SHB_12.11.2025_LS,SHB,402,9435,157.27,184.0,247.0,29.5,21.7,0.7962,1
EagleCreekDrEtc_SHB_12.11.2025_LS,SHB,402,9436,157.29,187.3,247.5,29.7,21.3,0.7849,1
EagleCreekDrEtc_SHB_12.11.2025_LS,SHB,402,9437,157.3,190.7,247.4,30.2,21.3,0.7924,1
EagleCreekDrEtc_SHB_12.11.2025_LS,SHB,402,9438,157.32,194.3,248.1,31.1,21.3,0.762,1
EagleCreekDrEtc_SHB_12.11.2025_LS,SHB,402,9439,157.34,197.7,248.3,31.0,21.3,0.808,1
EagleCreekDrEtc_SHB_12.11.2025_LS,SHB,402,9440,157.35,199.5,248.2,30.0,21.3,0.8189,1
EagleCreekDrEtc_SHB_12.11.2025_LS,SHB,402,9441,157.37,202.8,248.4,30.0,22.1,0.8141,1
EagleCreekDrEtc_SHB_12.11.2025_LS,SHB,402,9442,157.39,207.1,248.8,30.6,22.0,0.7533,1
EagleCreekDrEtc_SHB_12.11.2025_LS,SHB,402,9443,157.4,210.6,249.3,31.2,22.8,0.7899,1
EagleCreekDrEtc_SHB_12.11.2025_LS,SHB,402,9444,157.42,213.7,249.9,30.7,23.4,0.7619,1
EagleCreekDrEtc_SHB_12.11.2025_LS,SHB,402,9445,157.44,214.6,250.5,28.9,22.9,0.7887,1
EagleCreekDrEtc_SHB_12.11.2025_LS,SHB,402,9446,157.45,216.9,251.1,28.3,22.3,0.5994,1
EagleCreekDrEtc_SHB_12.11.2025_LS,SHB,402,9447,157.47,222.1,251.6,28.3,21.8,0.6485,1
EagleCreekDrEtc_SHB_12.11.2025_LS,SHB,402,9448,157.49,225.8,251.8,28.6,21.9,0.4898,1
EagleCreekDrEtc_SHB_12.11.2025_LS,SHB,402,9449,157.5,228.5,252.6,28.8,21.9,0.3526,1
EagleCreekDrEtc_SHB_12.11.2025_LS,SHB,402,9452,157.55,245.5,249.9,28.0,20.3,0.5133,1
EagleCreekDrEtc_SHB_12.11.2025_LS,SHB,402,9453,157.57,250.5,250.2,28.1,21.0,0.5597,1
EagleCreekDrEtc_SHB_12.11.2025_LS,SHB,402,9454,157.59,256.1,249.9,27.3,20.9,0.6896,1
EagleCreekDrEtc_SHB_12.11.2025_LS,SHB,402,9455,157.6,259.2,249.4,28.7,21.7,0.6962,1
EagleCreekDrEtc_SHB_12.11.2025_LS,SHB,402,9456,157.62,262.1,249.7,29.6,22.4,0.7662,1
EagleCreekDrEtc_SHB_12.11.2025_LS,SHB,402,9457,157.64,264.8,249.2,30.5,22.8,0.7522,1
EagleCreekDrEtc_SHB_12.11.2025_LS,SHB,402,9458,157.65,267.4,249.0,31.4,23.5,0.7714,1
EagleCreekDrEtc_SHB_12.11.2025_LS,SHB,402,9459,157.67,270.8,249.1,32.2,23.9,0.7458,1
EagleCreekDrEtc_SHB_12.11.2025_LS,SHB,402,9460,157.69,273.8,247.5,32.2,24.1,0.7523,1
EagleCreekDrEtc_SHB_12.11.2025_LS,SHB,402,9461,157.7,276.7,247.2,32.0,24.2,0.7744,1
EagleCreekDrEtc_SHB_12.11.2025_LS,SHB,402,9462,157.72,280.1,247.0,31.3,23.1,0.7838,1
EagleCreekDrEtc_SHB_12.11.2025_LS,SHB,402,9463,157.74,282.0,246.6,31.7,23.4,0.7476,1
EagleCreekDrEtc_SHB_12.11.2025_LS,SHB,402,9464,157.75,284.0,247.3,31.4,23.2,0.7792,1
EagleCreekDrEtc_SHB_12.11.2025_LS,SHB,402,9465,157.77,285.8,247.3,30.4,23.0,0.7686,1
EagleCreekDrEtc_SHB_12.11.2025_LS,SHB,402,9466,157.79,288.5,247.3,30.1,23.4,0.7772,1
EagleCreekDrEtc_SHB_12.11.2025_LS,SHB,402,9467,157.8,291.3,247.1,30.8,23.1,0.7657,1
EagleCreekDrEtc_SHB_12.11.2025_LS,SHB,402,9468,157.82,293.8,246.9,30.6,22.9,0.7653,1
EagleCreekDrEtc_SHB_12.11.2025_LS,SHB,402,9469,157.84,296.6,247.5,29.6,22.4,0.78,1
EagleCreekDrEtc_SHB_12.11.2025_LS,SHB,402,9470,157.85,299.3,247.0,29.5,21.9,0.7963,1
EagleCreekDrEtc_SHB_12.11.2025_LS,SHB,402,9471,157.87,302.0,247.2,29.6,22.2,0.7844,1
EagleCreekDrEtc_SHB_12.11.2025_LS,SHB,402,9472,157.89,304.0,247.6,29.3,22.2,0.7956,1
EagleCreekDrEtc_SHB_12.11.2025_LS,SHB,402,9473,157.9,305.9,247.3,30.0,22.3,0.7691,1
EagleCreekDrEtc_SHB_12.11.2025_LS,SHB,402,9474,157.92,308.8,247.9,29.8,22.9,0.749,1
EagleCreekDrEtc_SHB_12.11.2025_LS,SHB,402,9475,157.94,310.8,247.6,29.4,22.9,0.7621,1
EagleCreekDrEtc_SHB_12.11.2025_LS,SHB,402,9476,157.95,312.7,248.5,29.3,23.3,0.7638,1
EagleCreekDrEtc_SHB_12.11.2025_LS,SHB,402,9477,157.97,314.5,249.3,30.8,24.2,0.7719,1
EagleCreekDrEtc_SHB_12.11.2025_LS,SHB,402,9478,157.99,312.3,249.8,27.5,21.1,0.6814,1
EagleCreekDrEtc_SHB_12.11.2025_LS,SHB,402,9481,158.04,318.1,251.2,28.4,22.9,0.6574,1
EagleCreekDrEtc_SHB_12.11.2025_LS,SHB,402,9482,158.05,322.7,251.5,28.3,22.8,0.5684,1
EagleCreekDrEtc_SHB_12.11.2025_LS,SHB,402,9483,158.07,325.5,251.2,26.8,21.5,0.6411,1
EagleCreekDrEtc_SHB_12.11.2025_LS,SHB,402,9484,158.09,328.4,251.9,27.4,21.7,0.6259,1
EagleCreekDrEtc_SHB_12.11.2025_LS,SHB,402,9485,158.1,330.4,253.0,28.6,22.2,0.6084,1
EagleCreekDrEtc_SHB_12.11.2025_LS,SHB,402,9486,158.12,332.9,253.7,30.8,22.9,0.697,1
EagleCreekDrEtc_SHB_12.11.2025_LS,SHB,402,9487,158.14,334.2,253.5,31.1,22.6,0.6559,1
EagleCreekDrEtc_SHB_12.11.2025_LS,SHB,402,9488,158.15,334.3,253.5,31.4,22.6,0.6646,1
EagleCreekDrEtc_SHB_12.11.2025_LS,SHB,402,9489,158.17,335.4,253.9,31.6,23.0,0.652,1
EagleCreekDrEtc_SHB_12.11.2025_LS,SHB,402,9490,158.19,334.8,253.7,31.4,23.3,0.692,1
EagleCreekDrEtc_SHB_12.11.2025_LS,SHB,402,9491,158.2,334.5,253.9,31.5,23.4,0.6561,1
EagleCreekDrEtc_SHB_12.11.2025_LS,SHB,402,9492,158.22,333.3,253.9,32.3,23.5,0.6196,1
EagleCreekDrEtc_SHB_12.11.2025_LS,SHB,402,9493,158.24,339.4,253.7,32.4,22.7,0.6308,1
EagleCreekDrEtc_SHB_12.11.2025_LS,SHB,402,9494,158.25,341.8,253.3,32.1,22.4,0.4607,1
EagleCreekDrEtc_SHB_12.11.2025_LS,SHB,402,9495,158.27,346.2,253.5,30.9,22.1,0.6495,1
EagleCreekDrEtc_SHB_12.11.2025_LS,SHB,402,9496,158.29,348.8,253.1,30.4,22.2,0.635,1
EagleCreekDrEtc_SHB_12.11.2025_LS,SHB,402,9497,158.3,350.9,253.2,30.2,21.9,0.7121,1
EagleCreekDrEtc_SHB_12.11.2025_LS,SHB,402,9498,158.32,352.2,254.4,29.6,22.4,0.7407,1
EagleCreekDrEtc_SHB_12.11.2025_LS,SHB,402,9499,158.34,354.2,255.0,29.4,22.6,0.7344,1
EagleCreekDrEtc_SHB_12.11.2025_LS,SHB,402,9500,158.35,355.5,255.9,29.3,22.9,0.7654,1
EagleCreekDrEtc_SHB_12.11.2025_LS,SHB,402,9501,158.37,356.9,257.0,29.6,22.9,0.7459,1
EagleCreekDrEtc_SHB_12.11.2025_LS,SHB,402,9502,158.39,357.8,257.4,29.5,22.7,0.7325,1
EagleCreekDrEtc_SHB_12.11.2025_LS,SHB,402,9503,158.4,358.5,257.6,30.5,23.2,0.6836,1
EagleCreekDrEtc_SHB_12.11.2025_LS,SHB,402,9504,158.42,360.4,257.2,31.3,23.9,0.6341,1
EagleCreekDrEtc_SHB_12.11.2025_LS,SHB,402,9505,158.44,361.1,257.3,30.9,23.5,0.675,1
EagleCreekDrEtc_SHB_12.11.2025_LS,SHB,402,9506,158.45,360.3,257.4,30.8,23.5,0.6893,1
EagleCreekDrEtc_SHB_12.11.2025_LS,SHB,402,9507,158.47,359.1,258.0,31.0,23.9,0.6365,1
EagleCreekDrEtc_SHB_12.11.2025_LS,SHB,402,9508,158.49,359.6,257.3,30.4,23.1,0.6776,1
EagleCreekDrEtc_SHB_12.11.2025_LS,SHB,402,9509,158.5,359.0,256.5,30.6,22.3,0.6825,1
EagleCreekDrEtc_SHB_12.11.2025_LS,SHB,402,9510,158.52,360.6,256.1,30.1,21.2,0.7026,1
EagleCreekDrEtc_SHB_12.11.2025_LS,SHB,402,9511,158.54,362.1,256.1,28.8,20.4,0.7116,1
EagleCreekDrEtc_SHB_12.11.2025_LS,SHB,402,9512,158.55,360.5,256.8,28.8,20.7,0.6903,1
EagleCreekDrEtc_SHB_12.11.2025_LS,SHB,402,9513,158.57,358.8,257.4,29.1,21.6,0.6386,1
EagleCreekDrEtc_SHB_12.11.2025_LS,SHB,402,9515,158.6,365.6,257.2,28.2,22.1,0.4452,1
EagleCreekDrEtc_SHB_12.11.2025_LS,SHB,402,9516,158.62,363.4,257.8,29.7,22.5,0.7267,1
EagleCreekDrEtc_SHB_12.11.2025_LS,SHB,402,9517,158.64,362.4,258.1,29.0,21.7,0.7133,1
EagleCreekDrEtc_SHB_12.11.2025_LS,SHB,402,9518,158.65,361.8,258.8,29.1,21.2,0.6797,1
EagleCreekDrEtc_SHB_12.11.2025_LS,SHB,402,9519,158.67,360.7,258.7,29.4,21.8,0.6247,1
EagleCreekDrEtc_SHB_12.11.2025_LS,SHB,402,9520,158.69,358.7,260.5,29.8,22.1,0.6571,1
EagleCreekDrEtc_SHB_12.11.2025_LS,SHB,402,9521,158.7,359.5,260.3,29.1,21.7,0.7117,1
EagleCreekDrEtc_SHB_12.11.2025_LS,SHB,402,9522,158.72,359.7,260.4,28.6,21.5,0.731,1
EagleCreekDrEtc_SHB_12.11.2025_LS,SHB,402,9523,158.74,359.9,261.6,27.9,21.9,0.6823,1
EagleCreekDrEtc_SHB_12.11.2025_LS,SHB,402,9524,158.75,360.3,261.2,27.5,21.8,0.7142,1
EagleCreekDrEtc_SHB_12.11.2025_LS,SHB,402,9525,158.77,359.0,261.3,28.8,22.9,0.665,1
EagleCreekDrEtc_SHB_12.11.2025_LS,SHB,402,9526,158.79,356.8,261.6,29.0,23.6,0.7221,1
EagleCreekDrEtc_SHB_12.11.2025_LS,SHB,402,9527,158.8,356.8,262.3,28.8,23.7,0.6964,1
EagleCreekDrEtc_SHB_12.11.2025_LS,SHB,402,9528,158.82,356.6,263.1,28.7,23.6,0.6492,1
EagleCreekDrEtc_SHB_12.11.2025_LS,SHB,402,9529,158.84,356.3,263.3,29.4,23.4,0.6496,1
EagleCreekDrEtc_SHB_12.11.2025_LS,SHB,402,9530,158.85,355.2,263.4,29.1,22.6,0.6959,1
EagleCreekDrEtc_SHB_12.11.2025_LS,SHB,402,9531,158.87,353.6,264.4,29.0,21.8,0.684,1
EagleCreekDrEtc_SHB_12.11.2025_LS,SHB,402,9532,158.89,353.1,264.7,28.2,20.8,0.6973,1
EagleCreekDrEtc_SHB_12.11.2025_LS,SHB,402,9533,158.9,351.2,265.9,28.7,20.7,0.6959,1
EagleCreekDrEtc_SHB_12.11.2025_LS,SHB,402,9534,158.92,346.8,266.5,28.7,21.1,0.5844,1
EagleCreekDrEtc_SHB_12.11.2025_LS,SHB,402,9535,158.94,346.1,265.3,28.4,21.0,0.5868,1
EagleCreekDrEtc_SHB_12.11.2025_LS,SHB,402,9536,158.95,348.2,264.7,29.4,21.6,0.6812,1
EagleCreekDrEtc_SHB_12.11.2025_LS,SHB,402,9537,158.97,348.3,264.1,30.0,21.7,0.7002,1
EagleCreekDrEtc_SHB_12.11.2025_LS,SHB,402,9538,158.99,347.6,264.4,31.9,23.0,0.7264,1
EagleCreekDrEtc_SHB_12.11.2025_LS,SHB,402,9539,159.0,346.6,263.4,31.1,23.6,0.6548,1
EagleCreekDrEtc_SHB_12.11.2025_LS,SHB,402,9540,159.02,346.6,264.9,30.0,22.0,0.7315,1
EagleCreekDrEtc_SHB_12.11.2025_LS,SHB,402,9541,159.04,346.8,264.6,32.2,22.2,0.7044,1
EagleCreekDrEtc_SHB_12.11.2025_LS,SHB,402,9542,159.05,346.1,265.3,31.6,22.2,0.725,1
EagleCreekDrEtc_SHB_12.11.2025_LS,SHB,402,9543,159.07,343.3,265.0,30.8,22.6,0.7241,1
EagleCreekDrEtc_SHB_12.11.2025_LS,SHB,402,9544,159.09,342.0,264.0,29.6,22.6,0.6889,1
EagleCreekDrEtc_SHB_12.11.2025_LS,SHB,402,9545,159.1,340.9,262.0,28.8,22.2,0.7194,1
EagleCreekDrEtc_SHB_12.11.2025_LS,SHB,402,9546,159.12,338.5,259.3,29.1,22.4,0.6172,1
EagleCreekDrEtc_SHB_12.11.2025_LS,SHB,402,9547,159.14,337.6,260.4,29.8,22.5,0.6682,1
EagleCreekDrEtc_SHB_12.11.2025_LS,SHB,402,9548,159.15,336.8,261.1,29.8,21.6,0.6927,1
EagleCreekDrEtc_SHB_12.11.2025_LS,SHB,402,9549,159.17,334.6,260.5,28.4,20.2,0.6288,1
EagleCreekDrEtc_SHB_12.11.2025_LS,SHB,402,9552,159.22,334.7,256.2,31.6,22.0,0.406,1
EagleCreekDrEtc_SHB_12.11.2025_LS,SHB,402,9553,159.24,332.8,255.4,33.1,22.7,0.6607,1
EagleCreekDrEtc_SHB_12.11.2025_LS,SHB,402,9554,159.25,331.1,255.2,33.7,23.0,0.5673,1
EagleCreekDrEtc_SHB_12.11.2025_LS,SHB,402,9555,159.27,328.9,256.2,32.5,23.0,0.6596,1
EagleCreekDrEtc_SHB_12.11.2025_LS,SHB,402,9559,159.34,326.4,251.1,29.9,21.8,0.5938,1
EagleCreekDrEtc_SHB_12.11.2025_LS,SHB,402,9560,159.35,323.7,252.0,31.0,22.3,0.7224,1
EagleCreekDrEtc_SHB_12.11.2025_LS,SHB,402,9561,159.37,323.0,252.3,31.1,23.2,0.7555,1
EagleCreekDrEtc_SHB_12.11.2025_LS,SHB,402,9562,159.39,321.2,251.7,30.9,23.4,0.7159,1
EagleCreekDrEtc_SHB_12.11.2025_LS,SHB,402,9563,159.4,318.4,250.9,30.2,22.8,0.714,1
EagleCreekDrEtc_SHB_12.11.2025_LS,SHB,402,9564,159.42,315.8,250.6,30.8,22.9,0.6815,1
EagleCreekDrEtc_SHB_12.11.2025_LS,SHB,402,9565,159.44,313.4,251.1,29.5,22.0,0.7146,1
EagleCreekDrEtc_SHB_12.11.2025_LS,SHB,402,9566,159.45,309.6,251.3,28.7,22.3,0.7286,1
EagleCreekDrEtc_SHB_12.11.2025_LS,SHB,402,9567,159.47,308.5,251.2,27.3,21.6,0.6914,1
EagleCreekDrEtc_SHB_12.11.2025_LS,SHB,402,9568,159.49,308.1,251.6,25.9,21.4,0.3726,1
EagleCreekDrEtc_SHB_12.11.2025_LS,SHB,402,9569,159.5,309.3,252.2,25.1,21.1,0.2922,1
EagleCreekDrEtc_SHB_12.11.2025_LS,SHB,402,9574,159.59,301.4,250.1,25.1,20.2,0.4237,1
EagleCreekDrEtc_SHB_12.11.2025_LS,SHB,402,9575,159.6,299.8,250.9,24.9,21.0,0.5972,1
EagleCreekDrEtc_SHB_12.11.2025_LS,SHB,402,9576,159.62,297.8,251.0,25.7,20.4,0.6217,1
EagleCreekDrEtc_SHB_12.11.2025_LS,SHB,402,9577,159.64,295.7,251.3,26.9,20.5,0.6202,1
EagleCreekDrEtc_SHB_12.11.2025_LS,SHB,402,9578,159.65,296.4,251.0,27.4,20.7,0.4084,1
EagleCreekDrEtc_SHB_12.11.2025_LS,SHB,402,9579,159.67,293.9,251.3,28.1,21.5,0.348,1
EagleCreekDrEtc_SHB_12.11.2025_LS,SHB,402,9580,159.69,285.5,251.4,29.7,22.1,0.4951,1
EagleCreekDrEtc_SHB_12.11.2025_LS,SHB,402,9581,159.7,286.3,252.0,28.8,21.1,0.5249,1
EagleCreekDrEtc_SHB_12.11.2025_LS,SHB,402,9582,159.72,287.7,251.8,27.8,20.2,0.6585,1
EagleCreekDrEtc_SHB_12.11.2025_LS,SHB,402,9583,159.74,287.2,253.5,27.3,20.5,0.4928,1
EagleCreekDrEtc_SHB_12.11.2025_LS,SHB,402,9584,159.75,285.9,253.3,28.5,21.6,0.6292,1
EagleCreekDrEtc_SHB_12.11.2025_LS,SHB,402,9585,159.77,284.4,253.2,28.6,21.9,0.7131,1
EagleCreekDrEtc_SHB_12.11.2025_LS,SHB,402,9586,159.79,282.1,254.3,28.6,21.8,0.5454,1
EagleCreekDrEtc_SHB_12.11.2025_LS,SHB,402,9587,159.8,278.9,254.7,28.6,21.6,0.6643,1
EagleCreekDrEtc_SHB_12.11.2025_LS,SHB,402,9588,159.82,277.1,255.0,29.3,21.7,0.603,1
EagleCreekDrEtc_SHB_12.11.2025_LS,SHB,402,9589,159.84,275.6,255.1,28.7,21.2,0.706,1
EagleCreekDrEtc_SHB_12.11.2025_LS,SHB,402,9590,159.85,274.0,255.6,28.6,21.4,0.6949,1
EagleCreekDrEtc_SHB_12.11.2025_LS,SHB,402,9591,159.87,273.3,257.1,28.2,21.3,0.6963,1
EagleCreekDrEtc_SHB_12.11.2025_LS,SHB,402,9592,159.89,272.3,258.5,28.1,21.5,0.7095,1
EagleCreekDrEtc_SHB_12.11.2025_LS,SHB,402,9593,159.9,270.6,258.0,27.8,21.1,0.7153,1
EagleCreekDrEtc_SHB_12.11.2025_LS,SHB,402,9594,159.92,271.0,258.0,29.0,21.2,0.4901,1
EagleCreekDrEtc_SHB_12.11.2025_LS,SHB,402,9595,159.94,272.3,257.6,28.4,21.0,0.505,1
EagleCreekDrEtc_SHB_12.11.2025_LS,SHB,402,9596,159.95,270.2,256.2,29.2,21.6,0.6283,1
EagleCreekDrEtc_SHB_12.11.2025_LS,SHB,402,9597,159.97,266.5,257.6,29.9,22.5,0.5844,1
EagleCreekDrEtc_SHB_12.11.2025_LS,SHB,402,9598,159.99,266.5,257.3,28.1,21.6,0.5636,1
EagleCreekDrEtc_SHB_12.11.2025_LS,SHB,402,9599,160.0,266.6,258.2,28.2,21.6,0.6015,1
EagleCreekDrEtc_SHB_12.11.2025_LS,SHB,402,9600,160.02,268.7,258.2,28.0,21.2,0.6573,1
EagleCreekDrEtc_SHB_12.11.2025_LS,SHB,402,9601,160.04,266.3,258.2,27.4,21.3,0.5737,1
EagleCreekDrEtc_SHB_12.11.2025_LS,SHB,402,9602,160.05,263.5,259.3,27.9,22.3,0.5851,1
EagleCreekDrEtc_SHB_12.11.2025_LS,SHB,402,9603,160.07,259.9,258.8,28.2,22.1,0.4861,1
EagleCreekDrEtc_SHB_12.11.2025_LS,SHB,402,9604,160.09,257.9,259.2,28.2,21.6,0.4588,1
EagleCreekDrEtc_SHB_12.11.2025_LS,SHB,402,9605,160.1,256.5,257.4,27.4,20.7,0.598,1
EagleCreekDrEtc_SHB_12.11.2025_LS,SHB,402,9606,160.12,256.3,258.6,29.4,22.2,0.5481,1
EagleCreekDrEtc_SHB_12.11.2025_LS,SHB,402,9607,160.14,256.9,260.9,28.6,21.8,0.6294,1
EagleCreekDrEtc_SHB_12.11.2025_LS,SHB,402,9608,160.15,256.0,260.8,27.2,21.5,0.6777,1
EagleCreekDrEtc_SHB_12.11.2025_LS,SHB,402,9609,160.17,253.4,262.7,27.3,22.2,0.7032,1
EagleCreekDrEtc_SHB_12.11.2025_LS,SHB,402,9610,160.19,251.5,263.2,28.2,22.5,0.7211,1
EagleCreekDrEtc_SHB_12.11.2025_LS,SHB,402,9611,160.2,249.9,264.0,28.1,20.8,0.7283,1
EagleCreekDrEtc_SHB_12.11.2025_LS,SHB,402,9612,160.22,249.2,264.1,29.2,21.4,0.7398,1
EagleCreekDrEtc_SHB_12.11.2025_LS,SHB,402,9613,160.24,247.7,264.6,30.7,22.2,0.692,1
EagleCreekDrEtc_SHB_12.11.2025_LS,SHB,402,9614,160.25,243.5,265.3,31.6,23.0,0.6243,1
EagleCreekDrEtc_SHB_12.11.2025_LS,SHB,402,9615,160.27,240.9,266.5,30.3,21.6,0.6082,1
EagleCreekDrEtc_SHB_12.11.2025_LS,SHB,402,9616,160.29,239.6,265.9,28.6,20.5,0.5984,1
EagleCreekDrEtc_SHB_12.11.2025_LS,SHB,402,9617,160.3,237.3,265.7,28.6,20.9,0.5531,1
EagleCreekDrEtc_SHB_12.11.2025_LS,SHB,402,9618,160.32,235.8,264.9,27.8,20.4,0.5137,1
EagleCreekDrEtc_SHB_12.11.2025_LS,SHB,402,9619,160.34,238.3,264.8,28.3,20.8,0.626,1
EagleCreekDrEtc_SHB_12.11.2025_LS,SHB,402,9620,160.35,238.7,265.3,27.1,20.8,0.6833,1
EagleCreekDrEtc_SHB_12.11.2025_LS,SHB,402,9621,160.37,237.3,264.5,27.5,21.0,0.7022,1
EagleCreekDrEtc_SHB_12.11.2025_LS,SHB,402,9622,160.39,235.2,264.0,29.0,21.5,0.7412,1
EagleCreekDrEtc_SHB_12.11.2025_LS,SHB,402,9623,160.4,233.7,264.2,29.3,21.6,0.7335,1
EagleCreekDrEtc_SHB_12.11.2025_LS,SHB,402,9624,160.42,232.3,264.7,31.0,22.8,0.7211,1
EagleCreekDrEtc_SHB_12.11.2025_LS,SHB,402,9625,160.44,230.5,264.9,31.3,22.7,0.7146,1
EagleCreekDrEtc_SHB_12.11.2025_LS,SHB,402,9626,160.45,228.2,265.1,31.8,22.7,0.7176,1
EagleCreekDrEtc_SHB_12.11.2025_LS,SHB,402,9627,160.47,226.2,264.6,30.9,21.7,0.7411,1
EagleCreekDrEtc_SHB_12.11.2025_LS,SHB,402,9628,160.49,225.3,264.4,31.4,21.7,0.7424,1
EagleCreekDrEtc_SHB_12.11.2025_LS,SHB,402,9629,160.5,224.2,264.7,29.7,21.0,0.7487,1
EagleCreekDrEtc_SHB_12.11.2025_LS,SHB,402,9630,160.52,222.5,264.8,29.4,20.9,0.7439,1
EagleCreekDrEtc_SHB_12.11.2025_LS,SHB,402,9631,160.54,221.7,264.8,29.9,21.3,0.7666,1
EagleCreekDrEtc_SHB_12.11.2025_LS,SHB,402,9632,160.55,222.0,263.6,28.6,20.8,0.7369,1
EagleCreekDrEtc_SHB_12.11.2025_LS,SHB,402,9633,160.57,220.2,263.4,28.6,20.9,0.7105,1
EagleCreekDrEtc_SHB_12.11.2025_LS,SHB,402,9634,160.59,220.2,263.1,27.2,20.6,0.7419,1
EagleCreekDrEtc_SHB_12.11.2025_LS,SHB,402,9635,160.6,218.1,262.9,28.0,21.6,0.737,1
EagleCreekDrEtc_SHB_12.11.2025_LS,SHB,402,9636,160.62,217.3,262.7,27.5,20.9,0.7142,1
EagleCreekDrEtc_SHB_12.11.2025_LS,SHB,402,9637,160.64,215.9,262.6,28.5,21.5,0.7465,1
EagleCreekDrEtc_SHB_12.11.2025_LS,SHB,402,9638,160.65,215.1,262.4,28.3,21.2,0.7428,1
EagleCreekDrEtc_SHB_12.11.2025_LS,SHB,402,9639,160.67,214.2,262.4,27.7,21.0,0.7434,1
EagleCreekDrEtc_SHB_12.11.2025_LS,SHB,402,9640,160.69,211.2,262.5,29.0,21.3,0.694,1
EagleCreekDrEtc_SHB_12.11.2025_LS,SHB,402,9641,160.7,210.8,262.1,27.5,21.0,0.4986,1
EagleCreekDrEtc_SHB_12.11.2025_LS,SHB,402,9642,160.72,207.7,261.8,27.2,21.5,0.5806,1
EagleCreekDrEtc_SHB_12.11.2025_LS,SHB,402,9643,160.74,202.3,264.0,26.0,20.2,0.5388,1
EagleCreekDrEtc_SHB_12.11.2025_LS,SHB,402,9645,160.77,205.2,262.5,27.4,20.9,0.6973,1
EagleCreekDrEtc_SHB_12.11.2025_LS,SHB,402,9646,160.79,202.5,262.5,29.0,22.0,0.7553,1
EagleCreekDrEtc_SHB_12.11.2025_LS,SHB,402,9647,160.8,199.0,262.1,28.5,21.9,0.6531,1
EagleCreekDrEtc_SHB_12.11.2025_LS,SHB,402,9648,160.82,198.4,262.0,28.5,21.8,0.5973,1
EagleCreekDrEtc_SHB_12.11.2025_LS,SHB,402,9649,160.84,198.3,262.0,28.8,22.1,0.3743,1
EagleCreekDrEtc_SHB_12.11.2025_LS,SHB,402,9650,160.85,199.0,262.3,29.2,21.8,0.4777,1
EagleCreekDrEtc_SHB_12.11.2025_LS,SHB,402,9651,160.87,199.2,262.0,29.2,22.1,0.6721,1
EagleCreekDrEtc_SHB_12.11.2025_LS,SHB,402,9652,160.89,197.6,261.8,29.0,21.9,0.6182,1
EagleCreekDrEtc_SHB_12.11.2025_LS,SHB,402,9653,160.9,196.9,263.1,29.8,21.8,0.6951,1
EagleCreekDrEtc_SHB_12.11.2025_LS,SHB,402,9654,160.92,195.9,263.0,30.5,22.2,0.648,1
EagleCreekDrEtc_SHB_12.11.2025_LS,SHB,402,9655,160.94,196.2,263.7,30.9,21.7,0.6181,1
EagleCreekDrEtc_SHB_12.11.2025_LS,SHB,402,9656,160.95,194.2,263.4,30.3,21.0,0.6039,1
EagleCreekDrEtc_SHB_12.11.2025_LS,SHB,402,9657,160.97,193.2,262.7,29.8,20.8,0.6272,1
EagleCreekDrEtc_SHB_12.11.2025_LS,SHB,402,9658,160.99,189.9,261.9,29.9,21.3,0.719,1
EagleCreekDrEtc_SHB_12.11.2025_LS,SHB,402,9659,161.0,187.9,262.8,28.5,20.8,0.7327,1
EagleCreekDrEtc_SHB_12.11.2025_LS,SHB,402,9660,161.02,185.4,264.0,27.2,19.9,0.6918,1
EagleCreekDrEtc_SHB_12.11.2025_LS,SHB,402,9661,161.04,183.8,264.5,27.0,19.8,0.7011,1
EagleCreekDrEtc_SHB_12.11.2025_LS,SHB,402,9662,161.05,183.5,264.7,27.7,20.6,0.6078,1
EagleCreekDrEtc_SHB_12.11.2025_LS,SHB,402,9663,161.07,181.1,264.8,27.2,20.2,0.7273,1
EagleCreekDrEtc_SHB_12.11.2025_LS,SHB,402,9664,161.09,180.9,264.1,28.0,20.2,0.6808,1
EagleCreekDrEtc_SHB_12.11.2025_LS,SHB,402,9665,161.1,179.9,263.8,29.7,21.5,0.5508,1
EagleCreekDrEtc_SHB_12.11.2025_LS,SHB,402,9666,161.12,181.2,265.2,30.0,22.2,0.5156,1
EagleCreekDrEtc_SHB_12.11.2025_LS,SHB,402,9669,161.17,173.9,265.1,28.9,23.3,0.5922,1
EagleCreekDrEtc_SHB_12.11.2025_LS,SHB,406,9486,158.12,390.5,250.8,29.2,22.4,0.5182,0
EagleCreekDrEtc_SHB_12.11.2025_LS,SHB,406,9487,158.14,389.6,250.5,30.5,23.4,0.3604,0
EagleCreekDrEtc_SHB_12.11.2025_LS,SHB,406,9488,158.15,389.0,250.5,30.2,23.1,0.3204,0
EagleCreekDrEtc_SHB_12.11.2025_LS,SHB,406,9489,158.17,388.4,250.6,29.4,22.5,0.3803,0
EagleCreekDrEtc_SHB_12.11.2025_LS,SHB,406,9490,158.19,387.5,250.5,29.4,22.3,0.3018,0
EagleCreekDrEtc_SHB_12.11.2025_LS,SHB,406,9491,158.2,386.9,250.8,28.7,21.3,0.3803,0
EagleCreekDrEtc_SHB_12.11.2025_LS,SHB,406,9492,158.22,385.9,251.1,28.7,21.0,0.399,0
EagleCreekDrEtc_SHB_12.11.2025_LS,SHB,419,9676,161.29,552.3,280.2,27.8,30.8,0.6133,1
EagleCreekDrEtc_SHB_12.11.2025_LS,SHB,419,9677,161.3,546.1,280.4,29.6,33.3,0.6794,1
EagleCreekDrEtc_SHB_12.11.2025_LS,SHB,419,9678,161.32,540.7,283.0,29.6,31.9,0.7818,1
EagleCreekDrEtc_SHB_12.11.2025_LS,SHB,419,9679,161.34,537.9,283.1,29.5,31.5,0.761,1
EagleCreekDrEtc_SHB_12.11.2025_LS,SHB,419,9680,161.35,535.9,284.5,30.4,33.5,0.5837,1
EagleCreekDrEtc_SHB_12.11.2025_LS,SHB,419,9683,161.4,525.5,286.0,30.8,33.0,0.5503,1
EagleCreekDrEtc_SHB_12.11.2025_LS,SHB,419,9684,161.42,521.2,286.3,29.6,32.4,0.7272,1
EagleCreekDrEtc_SHB_12.11.2025_LS,SHB,419,9685,161.44,521.6,286.8,29.6,32.5,0.5827,1
EagleCreekDrEtc_SHB_12.11.2025_LS,SHB,419,9686,161.45,519.6,287.8,29.3,33.8,0.517,1
EagleCreekDrEtc_SHB_12.11.2025_LS,SHB,419,9687,161.47,515.9,289.3,28.7,31.8,0.4137,1
EagleCreekDrEtc_SHB_12.11.2025_LS,SHB,419,9688,161.49,512.0,289.8,27.7,30.4,0.4568,1
EagleCreekDrEtc_SHB_12.11.2025_LS,SHB,419,9689,161.5,511.0,289.8,29.4,32.6,0.6465,1
EagleCreekDrEtc_SHB_12.11.2025_LS,SHB,419,9690,161.52,508.0,290.3,28.3,33.0,0.7227,1
EagleCreekDrEtc_SHB_12.11.2025_LS,SHB,419,9691,161.54,503.2,291.1,28.9,31.6,0.7461,1
EagleCreekDrEtc_SHB_12.11.2025_LS,SHB,419,9692,161.55,501.1,292.2,30.5,30.8,0.7239,1
EagleCreekDrEtc_SHB_12.11.2025_LS,SHB,419,9694,161.59,491.8,294.6,33.0,33.2,0.4039,1
EagleCreekDrEtc_SHB_12.11.2025_LS,SHB,419,9695,161.6,490.0,295.8,32.0,33.2,0.7126,1
EagleCreekDrEtc_SHB_12.11.2025_LS,SHB,419,9696,161.62,487.5,297.3,30.3,32.0,0.6848,1
EagleCreekDrEtc_SHB_12.11.2025_LS,SHB,419,9697,161.64,485.6,298.9,28.6,32.2,0.789,1
EagleCreekDrEtc_SHB_12.11.2025_LS,SHB,419,9698,161.65,484.1,300.1,26.7,32.4,0.7629,1
EagleCreekDrEtc_SHB_12.11.2025_LS,SHB,419,9699,161.67,479.4,301.6,27.8,32.8,0.7615,1
EagleCreekDrEtc_SHB_12.11.2025_LS,SHB,419,9700,161.69,476.3,303.1,28.3,33.5,0.7744,1
EagleCreekDrEtc_SHB_12.11.2025_LS,SHB,419,9701,161.7,472.2,304.0,27.9,33.8,0.7412,1
EagleCreekDrEtc_SHB_12.11.2025_LS,SHB,419,9702,161.72,468.5,304.8,28.3,34.8,0.7643,1
EagleCreekDrEtc_SHB_12.11.2025_LS,SHB,419,9703,161.74,464.4,306.8,28.4,35.4,0.6436,1
EagleCreekDrEtc_SHB_12.11.2025_LS,SHB,419,9704,161.75,461.7,307.4,29.2,36.4,0.6994,1
EagleCreekDrEtc_SHB_12.11.2025_LS,SHB,419,9705,161.77,459.2,307.8,27.6,35.2,0.7243,1
EagleCreekDrEtc_SHB_12.11.2025_LS,SHB,419,9706,161.79,456.2,308.1,28.5,35.1,0.6875,1
EagleCreekDrEtc_SHB_12.11.2025_LS,SHB,419,9707,161.8,453.8,308.2,30.1,34.3,0.6622,1
EagleCreekDrEtc_SHB_12.11.2025_LS,SHB,419,9709,161.84,450.9,307.2,30.6,30.2,0.3159,1
EagleCreekDrEtc_SHB_12.11.2025_LS,SHB,419,9710,161.85,448.5,307.1,28.2,30.3,0.5637,1
EagleCreekDrEtc_SHB_12.11.2025_LS,SHB,419,9711,161.87,446.7,307.0,27.0,30.0,0.7415,1
EagleCreekDrEtc_SHB_12.11.2025_LS,SHB,419,9712,161.89,443.9,307.8,25.5,30.4,0.7857,1
EagleCreekDrEtc_SHB_12.11.2025_LS,SHB,419,9713,161.9,441.3,307.4,25.2,30.7,0.752,1
EagleCreekDrEtc_SHB_12.11.2025_LS,SHB,419,9714,161.92,439.2,308.0,24.8,30.1,0.7902,1
EagleCreekDrEtc_SHB_12.11.2025_LS,SHB,419,9715,161.94,437.0,308.6,25.8,31.8,0.7284,1
EagleCreekDrEtc_SHB_12.11.2025_LS,SHB,419,9716,161.95,434.5,308.3,25.5,31.6,0.7586,1
EagleCreekDrEtc_SHB_12.11.2025_LS,SHB,419,9717,161.97,430.0,308.8,25.4,31.3,0.7614,1
EagleCreekDrEtc_SHB_12.11.2025_LS,SHB,419,9718,161.99,425.5,308.7,25.6,30.8,0.7355,1
EagleCreekDrEtc_SHB_12.11.2025_LS,SHB,419,9719,162.0,421.6,309.4,27.4,31.7,0.7805,1
EagleCreekDrEtc_SHB_12.11.2025_LS,SHB,419,9720,162.02,417.5,310.7,26.2,31.5,0.7408,1
EagleCreekDrEtc_SHB_12.11.2025_LS,SHB,419,9721,162.04,413.8,311.1,26.0,31.4,0.7411,1
EagleCreekDrEtc_SHB_12.11.2025_LS,SHB,419,9722,162.05,413.6,310.8,28.7,29.8,0.2736,1
EagleCreekDrEtc_SHB_12.11.2025_LS,SHB,419,9723,162.07,411.0,310.3,28.1,31.1,0.6924,1
EagleCreekDrEtc_SHB_12.11.2025_LS,SHB,419,9724,162.09,407.9,311.3,27.4,31.7,0.7401,1
EagleCreekDrEtc_SHB_12.11.2025_LS,SHB,419,9725,162.1,403.5,311.4,26.6,30.5,0.806,1
EagleCreekDrEtc_SHB_12.11.2025_LS,SHB,419,9726,162.12,400.0,310.5,27.0,30.9,0.816,1
EagleCreekDrEtc_SHB_12.11.2025_LS,SHB,419,9727,162.14,396.9,311.8,28.0,31.7,0.8233,1
EagleCreekDrEtc_SHB_12.11.2025_LS,SHB,419,9728,162.15,393.4,311.3,27.4,31.1,0.7793,1
EagleCreekDrEtc_SHB_12.11.2025_LS,SHB,419,9729,162.17,390.4,311.3,26.7,30.7,0.8188,1
EagleCreekDrEtc_SHB_12.11.2025_LS,SHB,419,9730,162.19,387.8,312.8,26.9,31.2,0.8139,1
EagleCreekDrEtc_SHB_12.11.2025_LS,SHB,419,9731,162.2,384.2,312.6,25.4,30.1,0.7868,1
EagleCreekDrEtc_SHB_12.11.2025_LS,SHB,419,9732,162.22,381.2,312.9,25.5,32.0,0.7395,1
EagleCreekDrEtc_SHB_12.11.2025_LS,SHB,419,9733,162.24,376.5,312.8,23.5,29.5,0.6696,1
EagleCreekDrEtc_SHB_12.11.2025_LS,SHB,419,9734,162.25,374.1,313.1,25.4,31.2,0.5734,1
EagleCreekDrEtc_SHB_12.11.2025_LS,SHB,419,9735,162.27,371.8,313.2,28.6,31.9,0.5874,1
EagleCreekDrEtc_SHB_12.11.2025_LS,SHB,419,9739,162.34,360.5,310.5,28.8,33.9,0.7097,1
EagleCreekDrEtc_SHB_12.11.2025_LS,SHB,419,9740,162.35,357.4,309.8,27.3,32.5,0.6838,1
EagleCreekDrEtc_SHB_12.11.2025_LS,SHB,419,9742,162.39,348.6,311.1,26.9,32.3,0.7426,1
EagleCreekDrEtc_SHB_12.11.2025_LS,SHB,419,9743,162.4,346.4,312.7,26.8,32.6,0.7834,1
EagleCreekDrEtc_SHB_12.11.2025_LS,SHB,419,9744,162.42,343.8,312.6,27.1,33.3,0.7824,1
EagleCreekDrEtc_SHB_12.11.2025_LS,SHB,419,9745,162.44,340.8,312.0,27.0,33.7,0.7737,1
EagleCreekDrEtc_SHB_12.11.2025_LS,SHB,419,9746,162.45,338.7,312.8,27.6,34.7,0.7952,1
EagleCreekDrEtc_SHB_12.11.2025_LS,SHB,419,9747,162.47,336.2,311.7,28.1,34.7,0.7778,1
EagleCreekDrEtc_SHB_12.11.2025_LS,SHB,419,9748,162.49,334.1,311.8,28.5,33.4,0.7362,1
EagleCreekDrEtc_SHB_12.11.2025_LS,SHB,419,9749,162.5,332.2,311.1,28.3,31.5,0.6791,1
EagleCreekDrEtc_SHB_12.11.2025_LS,SHB,419,9750,162.52,328.5,311.5,28.2,32.1,0.6817,1
EagleCreekDrEtc_SHB_12.11.2025_LS,SHB,419,9751,162.54,325.9,311.5,27.9,32.1,0.7625,1
EagleCreekDrEtc_SHB_12.11.2025_LS,SHB,419,9752,162.55,321.8,309.9,27.1,31.4,0.7639,1
EagleCreekDrEtc_SHB_12.11.2025_LS,SHB,419,9753,162.57,319.2,310.2,27.2,32.0,0.7585,1
EagleCreekDrEtc_SHB_12.11.2025_LS,SHB,419,9754,162.59,319.0,310.3,26.3,32.1,0.7278,1
EagleCreekDrEtc_SHB_12.11.2025_LS,SHB,419,9755,162.6,315.4,310.0,26.5,32.0,0.7829,1
EagleCreekDrEtc_SHB_12.11.2025_LS,SHB,419,9756,162.62,312.4,310.4,27.7,31.3,0.8398,1
EagleCreekDrEtc_SHB_12.11.2025_LS,SHB,419,9757,162.64,308.4,310.8,27.0,30.4,0.8341,1
EagleCreekDrEtc_SHB_12.11.2025_LS,SHB,419,9758,162.65,305.3,310.9,28.7,32.2,0.746,1
EagleCreekDrEtc_SHB_12.11.2025_LS,SHB,419,9759,162.67,301.0,310.8,29.5,34.2,0.5713,1
EagleCreekDrEtc_SHB_12.11.2025_LS,SHB,419,9761,162.7,296.3,310.4,27.8,30.9,0.5701,1
EagleCreekDrEtc_SHB_12.11.2025_LS,SHB,419,9762,162.72,290.7,309.4,29.4,32.5,0.7563,1
EagleCreekDrEtc_SHB_12.11.2025_LS,SHB,419,9763,162.74,287.8,310.4,29.0,33.0,0.7529,1
EagleCreekDrEtc_SHB_12.11.2025_LS,SHB,419,9764,162.75,287.4,311.3,31.5,34.8,0.6913,1
EagleCreekDrEtc_SHB_12.11.2025_LS,SHB,419,9765,162.77,282.7,311.2,32.1,32.7,0.6488,1
EagleCreekDrEtc_SHB_12.11.2025_LS,SHB,419,9766,162.79,282.2,310.2,32.5,29.1,0.6609,1
EagleCreekDrEtc_SHB_12.11.2025_LS,SHB,419,9767,162.8,281.0,308.9,30.5,29.1,0.5843,1
EagleCreekDrEtc_SHB_12.11.2025_LS,SHB,419,9768,162.82,273.5,309.5,29.6,29.4,0.5627,1
EagleCreekDrEtc_SHB_12.11.2025_LS,SHB,419,9769,162.84,268.7,310.1,29.2,30.7,0.5965,1
EagleCreekDrEtc_SHB_12.11.2025_LS,SHB,419,9770,162.85,265.9,311.0,29.5,29.7,0.6649,1
EagleCreekDrEtc_SHB_12.11.2025_LS,SHB,419,9771,162.87,265.3,311.4,31.2,29.7,0.7012,1
EagleCreekDrEtc_SHB_12.11.2025_LS,SHB,419,9772,162.89,263.0,312.2,31.0,30.5,0.6713,1
EagleCreekDrEtc_SHB_12.11.2025_LS,SHB,419,9773,162.9,260.8,313.3,30.4,30.5,0.7119,1
EagleCreekDrEtc_SHB_12.11.2025_LS,SHB,419,9774,162.92,258.7,312.9,29.1,30.2,0.7148,1
EagleCreekDrEtc_SHB_12.11.2025_LS,SHB,419,9775,162.94,256.1,313.8,29.2,30.8,0.7848,1
EagleCreekDrEtc_SHB_12.11.2025_LS,SHB,419,9776,162.95,252.6,314.7,30.3,32.1,0.7858,1
EagleCreekDrEtc_SHB_12.11.2025_LS,SHB,419,9777,162.97,250.7,315.0,31.2,32.8,0.8079,1
EagleCreekDrEtc_SHB_12.11.2025_LS,SHB,419,9778,162.99,245.5,314.4,31.8,33.2,0.7334,1
EagleCreekDrEtc_SHB_12.11.2025_LS,SHB,419,9779,163.0,242.5,315.0,31.0,32.6,0.7368,1
EagleCreekDrEtc_SHB_12.11.2025_LS,SHB,419,9780,163.02,239.3,315.4,32.8,33.6,0.7213,1
EagleCreekDrEtc_SHB_12.11.2025_LS,SHB,419,9781,163.04,236.3,314.0,32.7,34.9,0.7657,1
EagleCreekDrEtc_SHB_12.11.2025_LS,SHB,419,9782,163.05,233.5,313.6,30.3,33.7,0.7843,1
EagleCreekDrEtc_SHB_12.11.2025_LS,SHB,419,9783,163.07,231.4,311.5,29.4,33.7,0.7882,1
EagleCreekDrEtc_SHB_12.11.2025_LS,SHB,419,9784,163.09,229.6,310.9,29.1,33.9,0.795,1
EagleCreekDrEtc_SHB_12.11.2025_LS,SHB,419,9785,163.1,227.2,310.9,29.4,34.3,0.7797,1
EagleCreekDrEtc_SHB_12.11.2025_LS,SHB,419,9786,163.12,224.3,308.8,29.9,35.2,0.6213,1
EagleCreekDrEtc_SHB_12.11.2025_LS,SHB,419,9787,163.14,223.7,308.8,30.6,32.8,0.252,1
EagleCreekDrEtc_SHB_12.11.2025_LS,SHB,419,9791,163.2,208.2,303.1,29.3,31.1,0.6961,1
EagleCreekDrEtc_SHB_12.11.2025_LS,SHB,419,9792,163.22,203.5,304.4,30.9,34.4,0.7571,1
EagleCreekDrEtc_SHB_12.11.2025_LS,SHB,419,9793,163.24,201.4,303.4,29.5,33.0,0.7592,1
EagleCreekDrEtc_SHB_12.11.2025_LS,SHB,419,9794,163.25,198.5,303.8,29.5,33.3,0.7858,1
EagleCreekDrEtc_SHB_12.11.2025_LS,SHB,419,9795,163.27,195.4,303.3,28.4,33.7,0.8166,1
EagleCreekDrEtc_SHB_12.11.2025_LS,SHB,419,9796,163.29,191.2,302.5,27.0,31.5,0.7668,1
EagleCreekDrEtc_SHB_12.11.2025_LS,SHB,419,9797,163.3,189.3,303.1,27.2,31.7,0.7207,1
EagleCreekDrEtc_SHB_12.11.2025_LS,SHB,419,9798,163.32,186.6,302.8,29.5,33.3,0.6982,1
EagleCreekDrEtc_SHB_12.11.2025_LS,SHB,419,9799,163.34,182.7,302.0,29.5,32.5,0.7566,1
EagleCreekDrEtc_SHB_12.11.2025_LS,SHB,419,9800,163.35,180.1,302.5,27.7,31.6,0.7935,1
EagleCreekDrEtc_SHB_12.11.2025_LS,SHB,419,9801,163.37,178.9,303.1,27.9,31.0,0.762,1
EagleCreekDrEtc_SHB_12.11.2025_LS,SHB,419,9802,163.39,176.2,303.0,28.7,30.3,0.7411,1
EagleCreekDrEtc_SHB_12.11.2025_LS,SHB,419,9803,163.4,172.7,302.6,29.3,32.4,0.7258,1
EagleCreekDrEtc_SHB_12.11.2025_LS,SHB,419,9804,163.42,169.5,302.2,31.3,33.1,0.6834,1
EagleCreekDrEtc_SHB_12.11.2025_LS,SHB,419,9805,163.44,166.7,303.2,30.9,33.5,0.7566,1
EagleCreekDrEtc_SHB_12.11.2025_LS,SHB,419,9806,163.45,163.6,303.7,29.9,32.6,0.7676,1
EagleCreekDrEtc_SHB_12.11.2025_LS,SHB,419,9807,163.47,161.0,305.3,28.7,32.1,0.7929,1
EagleCreekDrEtc_SHB_12.11.2025_LS,SHB,419,9808,163.49,157.8,306.4,28.9,32.5,0.7586,1
EagleCreekDrEtc_SHB_12.11.2025_LS,SHB,419,9809,163.5,154.9,305.4,28.9,31.4,0.7683,1
EagleCreekDrEtc_SHB_12.11.2025_LS,SHB,419,9810,163.52,152.3,307.0,29.5,32.4,0.7644,1
EagleCreekDrEtc_SHB_12.11.2025_LS,SHB,419,9811,163.54,148.9,305.8,28.9,32.7,0.7334,1
EagleCreekDrEtc_SHB_12.11.2025_LS,SHB,419,9812,163.55,146.0,307.2,29.5,33.2,0.8142,1
EagleCreekDrEtc_SHB_12.11.2025_LS,SHB,419,9813,163.57,142.9,308.0,29.5,33.5,0.8047,1
EagleCreekDrEtc_SHB_12.11.2025_LS,SHB,419,9814,163.59,139.2,307.2,29.0,33.5,0.8086,1
EagleCreekDrEtc_SHB_12.11.2025_LS,SHB,419,9815,163.6,137.1,308.7,27.8,32.2,0.7904,1
EagleCreekDrEtc_SHB_12.11.2025_LS,SHB,419,9816,163.62,133.2,307.8,27.8,32.6,0.7939,1
EagleCreekDrEtc_SHB_12.11.2025_LS,SHB,419,9817,163.64,130.6,307.1,28.1,32.5,0.7233,1
EagleCreekDrEtc_SHB_12.11.2025_LS,SHB,419,9818,163.65,126.5,307.7,30.2,32.7,0.5088,1
EagleCreekDrEtc_SHB_12.11.2025_LS,SHB,419,9819,163.67,121.6,308.6,32.0,29.8,0.2785,1
EagleCreekDrEtc_SHB_12.11.2025_LS,SHB,419,9820,163.69,121.3,307.3,30.5,31.8,0.6205,1
EagleCreekDrEtc_SHB_12.11.2025_LS,SHB,419,9821,163.7,120.8,307.9,29.0,33.4,0.7544,1
EagleCreekDrEtc_SHB_12.11.2025_LS,SHB,419,9822,163.72,119.3,306.7,28.7,35.3,0.7087,1
EagleCreekDrEtc_SHB_12.11.2025_LS,SHB,419,9823,163.74,117.5,307.1,28.0,35.2,0.7649,1
EagleCreekDrEtc_SHB_12.11.2025_LS,SHB,419,9826,163.79,106.7,307.3,28.2,35.0,0.7681,1
EagleCreekDrEtc_SHB_12.11.2025_LS,SHB,419,9827,163.8,104.7,306.8,26.6,33.5,0.7467,1
EagleCreekDrEtc_SHB_12.11.2025_LS,SHB,419,9828,163.82,102.2,306.8,25.7,32.0,0.7458,1
EagleCreekDrEtc_SHB_12.11.2025_LS,SHB,419,9829,163.84,98.6,306.0,27.3,32.6,0.7465,1
EagleCreekDrEtc_SHB_12.11.2025_LS,SHB,419,9830,163.85,97.2,305.1,26.4,32.9,0.7204,1
EagleCreekDrEtc_SHB_12.11.2025_LS,SHB,419,9831,163.87,93.1,304.9,27.1,33.5,0.7688,1
EagleCreekDrEtc_SHB_12.11.2025_LS,SHB,419,9832,163.89,90.1,305.2,26.7,34.3,0.783,1
EagleCreekDrEtc_SHB_12.11.2025_LS,SHB,419,9833,163.9,85.8,303.9,27.7,32.6,0.6705,1
EagleCreekDrEtc_SHB_12.11.2025_LS,SHB,419,9837,163.97,76.2,302.7,28.4,31.1,0.6316,1
EagleCreekDrEtc_SHB_12.11.2025_LS,SHB,419,9838,163.99,73.1,303.7,27.7,32.2,0.7211,1
EagleCreekDrEtc_SHB_12.11.2025_LS,SHB,419,9839,164.0,70.7,303.8,27.6,34.1,0.7354,1
EagleCreekDrEtc_SHB_12.11.2025_LS,SHB,419,9840,164.02,66.9,304.5,28.8,34.7,0.7951,1
EagleCreekDrEtc_SHB_12.11.2025_LS,SHB,419,9841,164.04,64.1,305.2,28.8,34.2,0.7982,1
EagleCreekDrEtc_SHB_12.11.2025_LS,SHB,419,9842,164.05,60.8,305.7,29.4,33.1,0.7953,1
EagleCreekDrEtc_SHB_12.11.2025_LS,SHB,419,9843,164.07,58.8,305.6,28.7,32.8,0.7536,1
EagleCreekDrEtc_SHB_12.11.2025_LS,SHB,419,9844,164.09,55.6,306.0,28.2,32.4,0.7559,1
EagleCreekDrEtc_SHB_12.11.2025_LS,SHB,419,9845,164.1,53.5,306.4,25.3,33.3,0.7642,1
EagleCreekDrEtc_SHB_12.11.2025_LS,SHB,419,9846,164.12,51.5,306.4,24.6,33.3,0.7219,1
EagleCreekDrEtc_SHB_12.11.2025_LS,SHB,419,9847,164.14,47.0,307.3,25.2,33.9,0.7097,1
EagleCreekDrEtc_SHB_12.11.2025_LS,SHB,419,9848,164.15,46.6,307.0,23.5,33.8,0.5271,1
EagleCreekDrEtc_SHB_12.11.2025_LS,SHB,419,9851,164.2,41.5,308.9,29.5,33.2,0.3238,1
EagleCreekDrEtc_SHB_12.11.2025_LS,SHB,419,9860,164.35,16.2,304.1,20.6,29.6,0.4137,1
EagleCreekDrEtc_SHB_12.11.2025_LS,SHB,419,9861,164.37,17.5,306.8,23.0,31.8,0.4789,1
EagleCreekDrEtc_SHB_12.11.2025_LS,SHB,419,9862,164.39,15.2,307.7,23.9,33.5,0.3616,1
EagleCreekDrEtc_SHB_12.11.2025_LS,SHB,419,9863,164.4,11.7,308.0,22.3,35.8,0.4038,1
EagleCreekDrEtc_SHB_12.11.2025_LS,SHB,423,9681,161.37,164.6,273.0,29.2,22.7,0.5159,1
EagleCreekDrEtc_SHB_12.11.2025_LS,SHB,423,9682,161.39,159.7,274.9,29.5,23.2,0.6458,1
EagleCreekDrEtc_SHB_12.11.2025_LS,SHB,423,9683,161.4,159.0,276.4,30.2,23.4,0.4763,1
EagleCreekDrEtc_SHB_12.11.2025_LS,SHB,423,9684,161.42,158.2,277.1,31.0,23.7,0.5817,1
EagleCreekDrEtc_SHB_12.11.2025_LS,SHB,423,9685,161.44,156.7,278.8,30.7,22.2,0.5612,1
EagleCreekDrEtc_SHB_12.11.2025_LS,SHB,423,9686,161.45,157.8,280.3,31.6,22.5,0.6079,1
EagleCreekDrEtc_SHB_12.11.2025_LS,SHB,423,9687,161.47,155.2,281.1,31.1,22.9,0.4801,1
EagleCreekDrEtc_SHB_12.11.2025_LS,SHB,423,9688,161.49,153.4,280.2,30.1,22.9,0.5046,1
EagleCreekDrEtc_SHB_12.11.2025_LS,SHB,423,9689,161.5,152.2,283.3,29.2,22.0,0.5083,1
EagleCreekDrEtc_SHB_12.11.2025_LS,SHB,423,9690,161.52,150.9,284.2,28.6,21.7,0.5639,1
EagleCreekDrEtc_SHB_12.11.2025_LS,SHB,423,9691,161.54,145.0,285.1,28.1,21.7,0.5383,1
EagleCreekDrEtc_SHB_12.11.2025_LS,SHB,423,9692,161.55,144.9,285.6,27.5,21.8,0.651,1
EagleCreekDrEtc_SHB_12.11.2025_LS,SHB,423,9693,161.57,142.6,286.2,28.0,22.2,0.6426,1
EagleCreekDrEtc_SHB_12.11.2025_LS,SHB,423,9694,161.59,141.7,287.2,28.3,22.4,0.5717,1
EagleCreekDrEtc_SHB_12.11.2025_LS,SHB,423,9695,161.6,141.1,287.6,28.9,22.5,0.5922,1
EagleCreekDrEtc_SHB_12.11.2025_LS,SHB,423,9696,161.62,141.2,287.5,29.7,22.7,0.5762,1
EagleCreekDrEtc_SHB_12.11.2025_LS,SHB,423,9697,161.64,142.3,288.3,30.7,22.9,0.5356,1
EagleCreekDrEtc_SHB_12.11.2025_LS,SHB,423,9698,161.65,142.1,289.7,30.5,22.7,0.5066,1
EagleCreekDrEtc_SHB_12.11.2025_LS,SHB,423,9699,161.67,140.7,290.9,29.6,22.1,0.3076,1
EagleCreekDrEtc_SHB_12.11.2025_LS,SHB,423,9700,161.69,140.8,291.7,29.9,22.1,0.6669,1
EagleCreekDrEtc_SHB_12.11.2025_LS,SHB,423,9701,161.7,140.1,291.8,30.8,22.7,0.6518,1
EagleCreekDrEtc_SHB_12.11.2025_LS,SHB,423,9702,161.72,139.4,291.9,30.0,22.2,0.6323,1
EagleCreekDrEtc_SHB_12.11.2025_LS,SHB,423,9703,161.74,137.8,292.6,30.5,22.9,0.6178,1
EagleCreekDrEtc_SHB_12.11.2025_LS,SHB,423,9704,161.75,136.0,294.5,30.2,22.6,0.6743,1
EagleCreekDrEtc_SHB_12.11.2025_LS,SHB,423,9705,161.77,134.4,296.3,30.1,22.9,0.6543,1
EagleCreekDrEtc_SHB_12.11.2025_LS,SHB,423,9706,161.79,135.0,297.2,28.8,22.3,0.6969,1
EagleCreekDrEtc_SHB_12.11.2025_LS,SHB,423,9707,161.8,134.0,298.1,28.3,22.0,0.7202,1
EagleCreekDrEtc_SHB_12.11.2025_LS,SHB,423,9708,161.82,131.7,298.3,28.5,22.3,0.6973,1
EagleCreekDrEtc_SHB_12.11.2025_LS,SHB,423,9709,161.84,129.7,298.5,28.9,21.9,0.6721,1
EagleCreekDrEtc_SHB_12.11.2025_LS,SHB,423,9710,161.85,124.6,298.1,30.9,22.5,0.5729,1
EagleCreekDrEtc_SHB_12.11.2025_LS,SHB,423,9711,161.87,121.4,299.0,30.0,21.5,0.4651,1
EagleCreekDrEtc_SHB_12.11.2025_LS,SHB,423,9712,161.89,116.7,300.8,28.2,21.0,0.3884,1
EagleCreekDrEtc_SHB_12.11.2025_LS,SHB,427,9722,162.05,113.7,301.4,32.7,24.7,0.6591,1
EagleCreekDrEtc_SHB_12.11.2025_LS,SHB,427,9723,162.07,113.3,299.5,32.0,24.3,0.6666,1
EagleCreekDrEtc_SHB_12.11.2025_LS,SHB,427,9724,162.09,111.1,301.4,35.2,24.8,0.7317,1
EagleCreekDrEtc_SHB_12.11.2025_LS,SHB,427,9725,162.1,110.4,302.5,35.0,24.6,0.7656,1
EagleCreekDrEtc_SHB_12.11.2025_LS,SHB,427,9726,162.12,109.3,302.0,37.4,26.1,0.7639,1
EagleCreekDrEtc_SHB_12.11.2025_LS,SHB,427,9727,162.14,107.7,302.0,38.0,26.2,0.7655,1
EagleCreekDrEtc_SHB_12.11.2025_LS,SHB,427,9728,162.15,106.2,301.3,35.8,25.5,0.7406,1
EagleCreekDrEtc_SHB_12.11.2025_LS,SHB,427,9729,162.17,106.0,301.2,37.4,26.9,0.7714,1
EagleCreekDrEtc_SHB_12.11.2025_LS,SHB,427,9730,162.19,104.9,301.2,38.6,26.5,0.7518,1
EagleCreekDrEtc_SHB_12.11.2025_LS,SHB,427,9731,162.2,104.5,301.0,38.5,25.6,0.7606,1
EagleCreekDrEtc_SHB_12.11.2025_LS,SHB,427,9732,162.22,103.6,301.9,37.7,25.8,0.7774,1
EagleCreekDrEtc_SHB_12.11.2025_LS,SHB,427,9733,162.24,101.9,302.1,37.2,25.6,0.7024,1
EagleCreekDrEtc_SHB_12.11.2025_LS,SHB,427,9734,162.25,101.5,301.6,38.2,25.3,0.7436,1
EagleCreekDrEtc_SHB_12.11.2025_LS,SHB,427,9735,162.27,100.3,301.9,36.8,24.9,0.7639,1
EagleCreekDrEtc_SHB_12.11.2025_LS,SHB,427,9736,162.29,99.0,301.5,36.8,24.7,0.756,1
EagleCreekDrEtc_SHB_12.11.2025_LS,SHB,427,9737,162.3,97.8,301.8,38.2,25.6,0.7538,1
EagleCreekDrEtc_SHB_12.11.2025_LS,SHB,427,9738,162.32,97.7,302.2,38.4,25.4,0.7481,1
EagleCreekDrEtc_SHB_12.11.2025_LS,SHB,427,9739,162.34,96.8,302.4,38.7,25.0,0.757,1
EagleCreekDrEtc_SHB_12.11.2025_LS,SHB,427,9740,162.35,95.2,302.2,36.3,24.0,0.7765,1
EagleCreekDrEtc_SHB_12.11.2025_LS,SHB,427,9741,162.37,94.5,302.3,36.5,24.8,0.7963,1
EagleCreekDrEtc_SHB_12.11.2025_LS,SHB,427,9742,162.39,93.5,301.2,37.1,25.6,0.782,1
EagleCreekDrEtc_SHB_12.11.2025_LS,SHB,427,9743,162.4,92.4,301.4,36.5,25.8,0.7841,1
EagleCreekDrEtc_SHB_12.11.2025_LS,SHB,427,9744,162.42,90.3,301.8,35.3,26.0,0.7672,1
EagleCreekDrEtc_SHB_12.11.2025_LS,SHB,427,9745,162.44,89.9,301.5,36.7,25.2,0.7268,1
EagleCreekDrEtc_SHB_12.11.2025_LS,SHB,427,9746,162.45,89.1,301.8,37.1,25.1,0.7771,1
EagleCreekDrEtc_SHB_12.11.2025_LS,SHB,427,9747,162.47,86.6,301.8,36.0,24.5,0.7691,1
EagleCreekDrEtc_SHB_12.11.2025_LS,SHB,427,9748,162.49,85.4,301.5,37.5,24.8,0.7438,1
EagleCreekDrEtc_SHB_12.11.2025_LS,SHB,427,9749,162.5,85.3,300.7,37.6,24.7,0.7382,1
EagleCreekDrEtc_SHB_12.11.2025_LS,SHB,427,9750,162.52,83.5,300.0,37.2,24.8,0.7517,1
EagleCreekDrEtc_SHB_12.11.2025_LS,SHB,427,9751,162.54,83.5,300.3,36.2,24.4,0.6911,1
EagleCreekDrEtc_SHB_12.11.2025_LS,SHB,427,9752,162.55,83.1,298.9,35.6,24.8,0.6899,1
EagleCreekDrEtc_SHB_12.11.2025_LS,SHB,427,9753,162.57,80.7,298.2,37.1,24.6,0.75,1
EagleCreekDrEtc_SHB_12.11.2025_LS,SHB,427,9754,162.59,78.4,298.5,37.8,24.1,0.7206,1
EagleCreekDrEtc_SHB_12.11.2025_LS,SHB,427,9755,162.6,75.2,297.5,37.0,24.1,0.7389,1
EagleCreekDrEtc_SHB_12.11.2025_LS,SHB,427,9756,162.62,74.6,297.6,35.2,24.4,0.7084,1
EagleCreekDrEtc_SHB_12.11.2025_LS,SHB,427,9757,162.64,73.8,297.5,35.2,24.3,0.7294,1
EagleCreekDrEtc_SHB_12.11.2025_LS,SHB,427,9758,162.65,72.8,297.1,36.5,24.7,0.592,1
EagleCreekDrEtc_SHB_12.11.2025_LS,SHB,427,9759,162.67,72.1,296.2,37.8,24.0,0.6183,1
EagleCreekDrEtc_SHB_12.11.2025_LS,SHB,427,9760,162.69,71.2,297.6,37.0,24.5,0.5466,1
EagleCreekDrEtc_SHB_12.11.2025_LS,SHB,427,9761,162.7,68.4,299.1,37.1,24.1,0.5615,1
EagleCreekDrEtc_SHB_12.11.2025_LS,SHB,427,9762,162.72,64.8,298.7,36.3,23.2,0.3903,1
EagleCreekDrEtc_SHB_12.11.2025_LS,SHB,427,9764,162.75,60.4,299.5,34.5,22.8,0.3969,1
EagleCreekDrEtc_SHB_12.11.2025_LS,SHB,427,9765,162.77,57.7,299.9,36.5,23.2,0.2534,1
EagleCreekDrEtc_SHB_12.11.2025_LS,SHB,427,9766,162.79,56.9,299.2,37.8,23.7,0.4001,1
EagleCreekDrEtc_SHB_12.11.2025_LS,SHB,427,9767,162.8,60.6,297.7,37.4,24.6,0.3938,1
EagleCreekDrEtc_SHB_12.11.2025_LS,SHB,427,9768,162.82,59.0,296.4,41.5,25.3,0.5327,1
EagleCreekDrEtc_SHB_12.11.2025_LS,SHB,427,9769,162.84,58.0,296.3,39.0,25.4,0.5251,1
EagleCreekDrEtc_SHB_12.11.2025_LS,SHB,427,9770,162.85,59.8,297.7,36.4,26.6,0.5121,1
EagleCreekDrEtc_SHB_12.11.2025_LS,SHB,427,9772,162.89,58.4,297.8,37.3,23.9,0.6061,1
EagleCreekDrEtc_SHB_12.11.2025_LS,SHB,427,9773,162.9,58.8,297.3,37.3,22.6,0.4682,1
EagleCreekDrEtc_SHB_12.11.2025_LS,SHB,427,9775,162.94,55.3,298.3,35.3,23.6,0.4395,1
EagleCreekDrEtc_SHB_12.11.2025_LS,SHB,427,9779,163.0,46.5,299.6,40.1,22.7,0.5064,1
EagleCreekDrEtc_SHB_12.11.2025_LS,SHB,427,9780,163.02,41.0,301.4,38.4,22.3,0.4308,1
EagleCreekDrEtc_SHB_12.11.2025_LS,SHB,427,9783,163.07,41.1,296.4,39.2,21.5,0.4076,1
EagleCreekDrEtc_SHB_12.11.2025_LS,SHB,427,9784,163.09,38.8,294.4,43.8,23.3,0.5432,1
EagleCreekDrEtc_SHB_12.11.2025_LS,SHB,427,9787,163.14,38.3,291.5,40.6,27.0,0.4926,1
EagleCreekDrEtc_SHB_12.11.2025_LS,SHB,427,9788,163.15,35.9,291.4,37.8,27.4,0.5673,1
EagleCreekDrEtc_SHB_12.11.2025_LS,SHB,427,9789,163.17,33.3,291.3,36.6,26.9,0.4622,1
EagleCreekDrEtc_SHB_12.11.2025_LS,SHB,427,9795,163.27,26.5,287.1,40.1,23.0,0.4118,1
EagleCreekDrEtc_SHB_12.11.2025_LS,SHB,427,9801,163.37,22.2,283.6,33.5,26.5,0.3625,1
EagleCreekDrEtc_SHB_12.11.2025_LS,SHB,427,9802,163.39,21.3,282.6,32.4,26.4,0.4025,1
EagleCreekDrEtc_SHB_12.11.2025_LS,SHB,427,9806,163.45,18.5,283.8,32.1,22.8,0.4288,1
EagleCreekDrEtc_SHB_12.11.2025_LS,SHB,438,9868,164.49,592.4,309.0,23.6,32.1,0.4639,0
EagleCreekDrEtc_SHB_12.11.2025_LS,SHB,438,9869,164.5,588.3,308.2,29.8,34.4,0.3576,0
EagleCreekDrEtc_SHB_12.11.2025_LS,SHB,438,9877,164.64,558.6,311.6,42.6,31.7,0.5635,0
EagleCreekDrEtc_SHB_12.11.2025_LS,SHB,439,9873,164.57,584.8,312.7,46.8,36.2,0.4083,1
EagleCreekDrEtc_SHB_12.11.2025_LS,SHB,439,9874,164.59,580.4,314.4,46.8,34.5,0.6417,1
EagleCreekDrEtc_SHB_12.11.2025_LS,SHB,439,9875,164.6,578.0,313.5,45.7,33.3,0.6651,1
EagleCreekDrEtc_SHB_12.11.2025_LS,SHB,439,9876,164.62,575.2,313.5,47.8,33.9,0.6998,1
EagleCreekDrEtc_SHB_12.11.2025_LS,SHB,439,9877,164.64,574.3,313.8,49.3,33.7,0.3099,1
EagleCreekDrEtc_SHB_12.11.2025_LS,SHB,439,9878,164.65,566.7,312.9,49.4,32.5,0.5333,1
EagleCreekDrEtc_SHB_12.11.2025_LS,SHB,439,9879,164.67,563.5,316.0,44.6,30.1,0.7383,1
EagleCreekDrEtc_SHB_12.11.2025_LS,SHB,439,9880,164.69,560.2,315.9,43.7,30.2,0.6921,1
EagleCreekDrEtc_SHB_12.11.2025_LS,SHB,439,9881,164.7,558.5,317.1,44.9,31.5,0.6914,1
EagleCreekDrEtc_SHB_12.11.2025_LS,SHB,439,9882,164.72,555.0,316.6,46.5,31.7,0.5129,1
EagleCreekDrEtc_SHB_12.11.2025_LS,SHB,439,9883,164.74,552.8,317.4,43.7,31.2,0.6887,1
EagleCreekDrEtc_SHB_12.11.2025_LS,SHB,439,9884,164.75,552.5,317.6,41.3,29.3,0.6639,1
EagleCreekDrEtc_SHB_12.11.2025_LS,SHB,439,9885,164.77,549.8,318.3,38.6,27.4,0.686,1
EagleCreekDrEtc_SHB_12.11.2025_LS,SHB,439,9886,164.79,546.0,317.5,37.7,27.6,0.6533,1
EagleCreekDrEtc_SHB_12.11.2025_LS,SHB,439,9887,164.8,543.5,316.4,39.6,29.9,0.4548,1
EagleCreekDrEtc_SHB_12.11.2025_LS,SHB,439,9888,164.82,539.3,316.2,42.3,30.3,0.303,1
EagleCreekDrEtc_SHB_12.11.2025_LS,SHB,439,9889,164.84,537.6,316.4,44.0,30.9,0.6351,1
EagleCreekDrEtc_SHB_12.11.2025_LS,SHB,439,9890,164.85,532.3,317.0,45.7,31.9,0.6342,1
EagleCreekDrEtc_SHB_12.11.2025_LS,SHB,439,9891,164.87,526.7,317.3,47.1,31.8,0.6449,1
EagleCreekDrEtc_SHB_12.11.2025_LS,SHB,439,9892,164.89,526.3,317.2,45.9,32.0,0.6804,1
EagleCreekDrEtc_SHB_12.11.2025_LS,SHB,439,9893,164.9,525.3,317.6,45.5,34.3,0.6901,1
EagleCreekDrEtc_SHB_12.11.2025_LS,SHB,439,9894,164.92,523.1,317.5,47.0,33.6,0.6635,1
EagleCreekDrEtc_SHB_12.11.2025_LS,SHB,439,9895,164.94,520.6,318.5,46.0,34.3,0.6655,1
EagleCreekDrEtc_SHB_12.11.2025_LS,SHB,439,9896,164.95,517.6,316.0,48.0,35.2,0.302,1
EagleCreekDrEtc_SHB_12.11.2025_LS,SHB,439,9897,164.97,515.6,315.3,47.7,35.3,0.4209,1
EagleCreekDrEtc_SHB_12.11.2025_LS,SHB,439,9898,164.99,515.2,315.3,46.4,33.6,0.6238,1
EagleCreekDrEtc_SHB_12.11.2025_LS,SHB,439,9899,165.0,513.6,315.2,44.7,31.9,0.3328,1
EagleCreekDrEtc_SHB_12.11.2025_LS,SHB,439,9901,165.04,512.7,319.3,41.9,31.3,0.5579,1
EagleCreekDrEtc_SHB_12.11.2025_LS,SHB,439,9904,165.09,506.4,319.3,40.4,32.3,0.6008,1
EagleCreekDrEtc_SHB_12.11.2025_LS,SHB,439,9906,165.12,492.8,317.5,43.4,33.2,0.5439,1
EagleCreekDrEtc_SHB_12.11.2025_LS,SHB,439,9907,165.14,486.5,316.8,45.1,34.0,0.5263,1
EagleCreekDrEtc_SHB_12.11.2025_LS,SHB,439,9908,165.15,484.1,317.4,44.4,33.7,0.5974,1
EagleCreekDrEtc_SHB_12.11.2025_LS,SHB,439,9909,165.17,479.0,317.1,43.5,32.2,0.6698,1
EagleCreekDrEtc_SHB_12.11.2025_LS,SHB,439,9910,165.19,476.7,317.6,44.1,31.6,0.6293,1
EagleCreekDrEtc_SHB_12.11.2025_LS,SHB,439,9911,165.2,474.8,316.1,44.9,32.8,0.5229,1
EagleCreekDrEtc_SHB_12.11.2025_LS,SHB,439,9912,165.22,472.1,315.2,46.2,33.4,0.6461,1
EagleCreekDrEtc_SHB_12.11.2025_LS,SHB,439,9913,165.24,468.7,315.8,45.8,33.0,0.5823,1
EagleCreekDrEtc_SHB_12.11.2025_LS,SHB,439,9914,165.25,468.1,316.4,44.4,31.5,0.4649,1
EagleCreekDrEtc_SHB_12.11.2025_LS,SHB,439,9916,165.29,458.5,314.3,46.1,32.7,0.5611,1
EagleCreekDrEtc_SHB_12.11.2025_LS,SHB,439,9917,165.3,457.8,315.0,44.0,32.0,0.5676,1
EagleCreekDrEtc_SHB_12.11.2025_LS,SHB,439,9918,165.32,456.9,315.5,43.4,31.5,0.4921,1
EagleCreekDrEtc_SHB_12.11.2025_LS,SHB,439,9919,165.34,456.4,316.2,42.2,30.8,0.5427,1
EagleCreekDrEtc_SHB_12.11.2025_LS,SHB,439,9920,165.35,455.0,316.5,43.2,30.2,0.5679,1
EagleCreekDrEtc_SHB_12.11.2025_LS,SHB,439,9921,165.37,452.1,314.4,43.4,30.1,0.6827,1
EagleCreekDrEtc_SHB_12.11.2025_LS,SHB,439,9922,165.39,450.2,313.5,43.4,30.2,0.734,1
EagleCreekDrEtc_SHB_12.11.2025_LS,SHB,439,9923,165.4,449.0,313.8,43.7,30.8,0.6913,1
EagleCreekDrEtc_SHB_12.11.2025_LS,SHB,439,9924,165.42,446.0,314.0,41.6,30.5,0.6997,1
EagleCreekDrEtc_SHB_12.11.2025_LS,SHB,439,9925,165.44,440.7,314.5,41.9,30.7,0.6012,1
EagleCreekDrEtc_SHB_12.11.2025_LS,SHB,439,9926,165.45,437.5,313.6,43.0,31.7,0.6088,1
EagleCreekDrEtc_SHB_12.11.2025_LS,SHB,439,9927,165.47,432.2,313.1,44.6,32.8,0.563,1
EagleCreekDrEtc_SHB_12.11.2025_LS,SHB,439,9928,165.49,431.8,311.6,44.4,32.2,0.6477,1
EagleCreekDrEtc_SHB_12.11.2025_LS,SHB,439,9929,165.5,430.2,310.1,43.6,32.0,0.6605,1
EagleCreekDrEtc_SHB_12.11.2025_LS,SHB,439,9930,165.52,428.9,309.9,44.6,32.1,0.5575,1
EagleCreekDrEtc_SHB_12.11.2025_LS,SHB,439,9931,165.54,427.3,308.8,45.2,32.0,0.5799,1
EagleCreekDrEtc_SHB_12.11.2025_LS,SHB,439,9932,165.55,426.1,308.8,46.1,32.2,0.586,1
EagleCreekDrEtc_SHB_12.11.2025_LS,SHB,439,9933,165.57,425.5,308.2,44.4,31.5,0.5703,1
EagleCreekDrEtc_SHB_12.11.2025_LS,SHB,439,9934,165.59,417.2,308.3,44.4,31.2,0.6832,1
EagleCreekDrEtc_SHB_12.11.2025_LS,SHB,439,9935,165.6,416.3,308.1,43.4,31.4,0.3914,1
EagleCreekDrEtc_SHB_12.11.2025_LS,SHB,439,9937,165.64,399.5,305.6,43.9,32.3,0.5097,1
EagleCreekDrEtc_SHB_12.11.2025_LS,SHB,439,9938,165.65,401.0,306.4,42.3,31.2,0.4694,1
EagleCreekDrEtc_SHB_12.11.2025_LS,SHB,439,9939,165.67,402.1,305.4,45.1,32.1,0.4974,1
EagleCreekDrEtc_SHB_12.11.2025_LS,SHB,439,9940,165.69,400.4,305.2,45.2,32.3,0.5811,1
EagleCreekDrEtc_SHB_12.11.2025_LS,SHB,439,9941,165.7,397.7,304.1,45.8,33.1,0.4557,1
EagleCreekDrEtc_SHB_12.11.2025_LS,SHB,439,9942,165.72,395.6,304.6,44.2,32.3,0.4568,1
EagleCreekDrEtc_SHB_12.11.2025_LS,SHB,439,9943,165.74,392.9,304.7,42.5,31.9,0.2698,1
EagleCreekDrEtc_SHB_12.11.2025_LS,SHB,439,9944,165.75,387.7,304.7,42.5,32.4,0.4463,1
EagleCreekDrEtc_SHB_12.11.2025_LS,SHB,439,9945,165.77,381.0,304.5,43.3,32.2,0.3598,1
EagleCreekDrEtc_SHB_12.11.2025_LS,SHB,439,9946,165.79,384.9,302.2,43.0,31.0,0.5936,1
EagleCreekDrEtc_SHB_12.11.2025_LS,SHB,439,9948,165.82,370.1,302.1,47.6,32.9,0.5073,1
EagleCreekDrEtc_SHB_12.11.2025_LS,SHB,439,9949,165.84,365.0,302.2,49.0,32.8,0.6473,1
EagleCreekDrEtc_SHB_12.11.2025_LS,SHB,439,9950,165.85,363.4,301.7,50.5,33.2,0.7451,1
EagleCreekDrEtc_SHB_12.11.2025_LS,SHB,439,9951,165.87,360.2,302.2,48.7,32.5,0.7449,1
EagleCreekDrEtc_SHB_12.11.2025_LS,SHB,439,9959,166.0,322.7,301.9,39.1,31.5,0.3539,1
EagleCreekDrEtc_SHB_12.11.2025_LS,SHB,439,9960,166.02,324.9,302.8,40.2,31.3,0.6446,1
EagleCreekDrEtc_SHB_12.11.2025_LS,SHB,439,9961,166.04,325.7,302.7,41.7,32.1,0.5964,1
EagleCreekDrEtc_SHB_12.11.2025_LS,SHB,439,9964,166.09,324.0,302.2,44.1,32.6,0.4304,1
EagleCreekDrEtc_SHB_12.11.2025_LS,SHB,439,9965,166.1,322.8,302.6,46.4,32.7,0.4609,1
EagleCreekDrEtc_SHB_12.11.2025_LS,SHB,439,9966,166.12,317.3,300.9,45.5,32.0,0.3158,1
EagleCreekDrEtc_SHB_12.11.2025_LS,SHB,447,9923,165.4,400.2,316.1,41.7,28.6,0.6588,0
EagleCreekDrEtc_SHB_12.11.2025_LS,SHB,447,9924,165.42,400.3,315.2,40.0,29.3,0.4396,0
EagleCreekDrEtc_SHB_12.11.2025_LS,SHB,447,9943,165.74,345.9,305.3,43.4,33.3,0.337,0
EagleCreekDrEtc_SHB_12.11.2025_LS,SHB,466,10293,171.57,376.9,362.8,27.5,20.6,0.4932,1
EagleCreekDrEtc_SHB_12.11.2025_LS,SHB,466,10294,171.59,372.6,362.7,27.4,21.1,0.5928,1
EagleCreekDrEtc_SHB_12.11.2025_LS,SHB,466,10295,171.61,368.9,361.6,27.6,22.2,0.2762,1
EagleCreekDrEtc_SHB_12.11.2025_LS,SHB,466,10297,171.64,365.5,360.6,26.6,21.9,0.4088,1
EagleCreekDrEtc_SHB_12.11.2025_LS,SHB,466,10302,171.72,349.9,356.8,25.8,20.2,0.291,1
EagleCreekDrEtc_SHB_12.11.2025_LS,SHB,466,10311,171.87,323.8,355.6,22.4,19.5,0.409,1
EagleCreekDrEtc_SHB_12.11.2025_LS,SHB,466,10312,171.89,320.3,355.8,22.8,18.9,0.2537,1
EagleCreekDrEtc_SHB_12.11.2025_LS,SHB,466,10315,171.94,310.9,354.8,24.5,20.4,0.4527,1
EagleCreekDrEtc_SHB_12.11.2025_LS,SHB,466,10316,171.96,308.0,355.2,24.8,20.2,0.4145,1
EagleCreekDrEtc_SHB_12.11.2025_LS,SHB,466,10317,171.97,305.6,355.4,24.9,20.1,0.2953,1
EagleCreekDrEtc_SHB_12.11.2025_LS,SHB,466,10318,171.99,304.2,355.6,24.3,18.6,0.6187,1
EagleCreekDrEtc_SHB_12.11.2025_LS,SHB,466,10319,172.01,301.9,355.6,25.2,18.3,0.5456,1
EagleCreekDrEtc_SHB_12.11.2025_LS,SHB,466,10320,172.02,297.9,356.4,23.3,18.3,0.5213,1
EagleCreekDrEtc_SHB_12.11.2025_LS,SHB,466,10321,172.04,297.2,356.8,23.7,18.1,0.5736,1
EagleCreekDrEtc_SHB_12.11.2025_LS,SHB,466,10322,172.06,294.3,357.3,23.6,18.0,0.582,1
EagleCreekDrEtc_SHB_12.11.2025_LS,SHB,466,10323,172.07,293.3,357.4,24.7,19.0,0.5925,1
EagleCreekDrEtc_SHB_12.11.2025_LS,SHB,466,10324,172.09,291.1,356.4,26.3,20.2,0.5868,1
EagleCreekDrEtc_SHB_12.11.2025_LS,SHB,466,10325,172.11,287.8,355.9,25.6,21.0,0.5578,1
EagleCreekDrEtc_SHB_12.11.2025_LS,SHB,466,10326,172.12,286.5,355.9,26.4,21.3,0.4328,1
EagleCreekDrEtc_SHB_12.11.2025_LS,SHB,466,10327,172.14,284.2,355.6,25.8,21.3,0.6813,1
EagleCreekDrEtc_SHB_12.11.2025_LS,SHB,466,10328,172.16,281.0,354.6,25.8,21.4,0.7205,1
EagleCreekDrEtc_SHB_12.11.2025_LS,SHB,466,10329,172.17,278.0,353.8,24.8,20.7,0.7116,1
EagleCreekDrEtc_SHB_12.11.2025_LS,SHB,466,10330,172.19,275.2,354.9,23.6,20.3,0.6406,1
EagleCreekDrEtc_SHB_12.11.2025_LS,SHB,466,10331,172.21,270.3,354.4,23.5,21.0,0.4551,1
EagleCreekDrEtc_SHB_12.11.2025_LS,SHB,469,10368,172.82,493.1,390.3,45.7,42.0,0.5555,0
EagleCreekDrEtc_SHB_12.11.2025_LS,SHB,469,10369,172.84,479.6,391.1,47.3,43.1,0.5296,0
EagleCreekDrEtc_SHB_12.11.2025_LS,SHB,469,10370,172.86,464.7,393.3,40.8,39.4,0.5855,0
EagleCreekDrEtc_SHB_12.11.2025_LS,SHB,469,10371,172.87,445.8,394.5,42.2,39.2,0.6556,0
EagleCreekDrEtc_SHB_12.11.2025_LS,SHB,469,10372,172.89,431.6,394.4,44.5,39.8,0.3724,0
EagleCreekDrEtc_SHB_12.11.2025_LS,SHB,469,10377,172.97,352.4,394.3,46.3,42.2,0.5361,0
EagleCreekDrEtc_SHB_12.11.2025_LS,SHB,495,11821,197.04,590.8,270.8,23.4,21.8,0.593,0
EagleCreekDrEtc_SHB_12.11.2025_LS,SHB,495,11822,197.06,592.8,271.2,23.0,21.7,0.6205,0
EagleCreekDrEtc_SHB_12.11.2025_LS,SHB,495,11823,197.08,594.3,270.9,23.2,21.8,0.5246,0
EagleCreekDrEtc_SHB_12.11.2025_LS,SHB,495,11824,197.09,598.6,271.4,22.5,21.6,0.4718,0
EagleCreekDrEtc_SHB_12.11.2025_LS,SHB,495,11825,197.11,601.3,271.4,21.5,21.3,0.5556,0
EagleCreekDrEtc_SHB_12.11.2025_LS,SHB,495,11826,197.13,604.2,272.5,20.4,20.7,0.2939,0
EagleCreekDrEtc_SHB_12.11.2025_LS,SHB,497,12155,202.61,620.4,252.2,35.0,25.0,0.5179,0
EagleCreekDrEtc_SHB_12.11.2025_LS,SHB,497,12156,202.63,618.7,255.4,35.9,23.7,0.4768,0
EagleCreekDrEtc_SHB_12.11.2025_LS,SHB,497,12157,202.64,618.6,257.7,35.4,22.0,0.3875,0
EagleCreekDrEtc_SHB_12.11.2025_LS,SHB,497,12158,202.66,617.5,258.1,35.4,21.1,0.4791,0
EagleCreekDrEtc_SHB_12.11.2025_LS,SHB,508,12254,204.26,483.6,256.6,34.6,21.1,0.4078,1
EagleCreekDrEtc_SHB_12.11.2025_LS,SHB,508,12255,204.28,481.5,257.3,34.2,21.2,0.4261,1
EagleCreekDrEtc_SHB_12.11.2025_LS,SHB,508,12256,204.29,481.3,259.7,33.8,22.2,0.6307,1
EagleCreekDrEtc_SHB_12.11.2025_LS,SHB,508,12257,204.31,481.3,260.5,32.8,22.1,0.5223,1
EagleCreekDrEtc_SHB_12.11.2025_LS,SHB,508,12267,204.48,470.2,265.5,36.5,24.5,0.4978,1
EagleCreekDrEtc_SHB_12.11.2025_LS,SHB,508,12268,204.49,468.7,267.0,38.3,24.8,0.3762,1
EagleCreekDrEtc_SHB_12.11.2025_LS,SHB,508,12269,204.51,467.1,266.1,40.6,24.2,0.4371,1
EagleCreekDrEtc_SHB_12.11.2025_LS,SHB,508,12270,204.53,466.0,265.4,41.1,23.3,0.4591,1
EagleCreekDrEtc_SHB_12.11.2025_LS,SHB,508,12271,204.54,464.5,267.0,39.2,22.6,0.4865,1
EagleCreekDrEtc_SHB_12.11.2025_LS,SHB,508,12272,204.56,463.0,266.8,38.7,22.3,0.518,1
EagleCreekDrEtc_SHB_12.11.2025_LS,SHB,508,12273,204.58,462.2,265.9,39.3,22.6,0.293,1
EagleCreekDrEtc_SHB_12.11.2025_LS,SHB,509,12256,204.29,88.0,214.0,25.8,32.8,0.5877,0
EagleCreekDrEtc_SHB_12.11.2025_LS,SHB,509,12257,204.31,84.3,215.3,26.2,35.6,0.3225,0
EagleCreekDrEtc_SHB_12.11.2025_LS,SHB,509,12258,204.33,80.2,216.5,27.3,35.1,0.3998,0
EagleCreekDrEtc_SHB_12.11.2025_LS,SHB,516,12331,205.54,391.2,243.9,35.7,20.7,0.5271,0
EagleCreekDrEtc_SHB_12.11.2025_LS,SHB,516,12332,205.56,387.5,241.8,37.3,21.8,0.4289,0
EagleCreekDrEtc_SHB_12.11.2025_LS,SHB,516,12333,205.58,384.4,240.9,38.3,21.9,0.2963,0
EagleCreekDrEtc_SHB_12.11.2025_LS,SHB,530,12367,206.14,618.5,212.9,41.8,25.0,0.476,0
EagleCreekDrEtc_SHB_12.11.2025_LS,SHB,530,12368,206.16,617.5,213.4,40.3,24.0,0.6134,0
EagleCreekDrEtc_SHB_12.11.2025_LS,SHB,530,12369,206.18,617.5,214.0,38.3,22.7,0.5299,0
EagleCreekDrEtc_SHB_12.11.2025_LS,SHB,536,12384,206.43,334.2,221.3,35.4,20.7,0.6375,0
EagleCreekDrEtc_SHB_12.11.2025_LS,SHB,536,12385,206.44,333.2,220.9,35.6,20.7,0.6623,0
EagleCreekDrEtc_SHB_12.11.2025_LS,SHB,536,12386,206.46,331.5,219.9,35.8,20.3,0.6771,0
EagleCreekDrEtc_SHB_12.11.2025_LS,SHB,536,12387,206.48,330.6,219.3,35.7,20.1,0.6993,0
EagleCreekDrEtc_SHB_12.11.2025_LS,SHB,536,12388,206.49,329.5,218.9,35.8,20.6,0.7326,0
EagleCreekDrEtc_SHB_12.11.2025_LS,SHB,536,12389,206.51,328.8,218.3,36.5,21.4,0.698,0
EagleCreekDrEtc_SHB_12.11.2025_LS,SHB,536,12390,206.53,327.0,218.2,37.2,21.6,0.6834,0
EagleCreekDrEtc_SHB_12.11.2025_LS,SHB,536,12391,206.54,326.3,218.0,38.0,22.3,0.6634,0
EagleCreekDrEtc_SHB_12.11.2025_LS,SHB,536,12392,206.56,324.9,218.0,36.6,21.5,0.6956,0
EagleCreekDrEtc_SHB_12.11.2025_LS,SHB,536,12393,206.58,322.9,217.6,37.4,22.0,0.6008,0
EagleCreekDrEtc_SHB_12.11.2025_LS,SHB,536,12394,206.59,320.5,218.8,38.4,22.3,0.5196,0
EagleCreekDrEtc_SHB_12.11.2025_LS,SHB,536,12395,206.61,319.9,217.3,37.9,22.0,0.3313,0
EagleCreekDrEtc_SHB_12.11.2025_LS,SHB,543,12411,206.88,581.5,197.5,46.3,25.8,0.5209,1
EagleCreekDrEtc_SHB_12.11.2025_LS,SHB,543,12412,206.89,580.9,197.7,47.7,26.6,0.5604,1
EagleCreekDrEtc_SHB_12.11.2025_LS,SHB,543,12413,206.91,581.2,198.1,48.2,27.3,0.525,1
EagleCreekDrEtc_SHB_12.11.2025_LS,SHB,543,12414,206.93,579.3,199.5,45.8,27.0,0.4459,1
EagleCreekDrEtc_SHB_12.11.2025_LS,SHB,543,12415,206.94,576.5,200.4,43.2,25.8,0.5473,1
EagleCreekDrEtc_SHB_12.11.2025_LS,SHB,543,12416,206.96,580.2,199.8,42.6,25.7,0.3454,1
EagleCreekDrEtc_SHB_12.11.2025_LS,SHB,543,12417,206.98,576.7,199.2,42.1,25.3,0.4225,1
EagleCreekDrEtc_SHB_12.11.2025_LS,SHB,543,12418,206.99,575.1,198.4,39.1,24.9,0.6041,1
EagleCreekDrEtc_SHB_12.11.2025_LS,SHB,543,12419,207.01,575.7,198.5,37.6,24.9,0.5788,1
EagleCreekDrEtc_SHB_12.11.2025_LS,SHB,543,12422,207.06,574.0,203.6,37.2,22.6,0.4536,1
EagleCreekDrEtc_SHB_12.11.2025_LS,SHB,543,12462,207.73,542.3,232.5,35.1,22.5,0.5589,1
EagleCreekDrEtc_SHB_12.11.2025_LS,SHB,543,12463,207.74,541.1,232.6,34.5,23.1,0.6687,1
EagleCreekDrEtc_SHB_12.11.2025_LS,SHB,543,12466,207.79,535.6,226.2,37.5,22.1,0.6666,1
EagleCreekDrEtc_SHB_12.11.2025_LS,SHB,543,12467,207.81,536.1,226.7,37.6,22.0,0.4991,1
EagleCreekDrEtc_SHB_12.11.2025_LS,SHB,549,12421,207.04,294.6,208.9,35.6,20.6,0.5738,0
EagleCreekDrEtc_SHB_12.11.2025_LS,SHB,549,12422,207.06,294.9,209.4,37.3,21.7,0.5651,0
EagleCreekDrEtc_SHB_12.11.2025_LS,SHB,549,12423,207.08,293.0,209.8,35.9,21.0,0.3063,0
EagleCreekDrEtc_SHB_12.11.2025_LS,SHB,549,12424,207.09,291.4,209.4,38.1,21.5,0.3283,0
EagleCreekDrEtc_SHB_12.11.2025_LS,SHB,549,12425,207.11,292.3,207.8,37.3,21.4,0.3207,0
EagleCreekDrEtc_SHB_12.11.2025_LS,SHB,549,12426,207.13,292.2,209.8,36.9,21.8,0.4109,0
EagleCreekDrEtc_SHB_12.11.2025_LS,SHB,549,12430,207.19,285.0,215.4,36.0,21.5,0.4503,0
EagleCreekDrEtc_SHB_12.11.2025_LS,SHB,549,12431,207.21,286.0,213.3,37.2,22.1,0.5266,0
EagleCreekDrEtc_SHB_12.11.2025_LS,SHB,549,12432,207.23,284.9,213.1,36.7,21.6,0.4399,0
EagleCreekDrEtc_SHB_12.11.2025_LS,SHB,553,12425,207.11,503.1,210.1,40.3,22.8,0.4553,1
EagleCreekDrEtc_SHB_12.11.2025_LS,SHB,553,12430,207.19,494.1,214.7,42.0,22.6,0.5893,1
EagleCreekDrEtc_SHB_12.11.2025_LS,SHB,553,12431,207.21,494.7,215.3,40.7,22.2,0.638,1
EagleCreekDrEtc_SHB_12.11.2025_LS,SHB,553,12432,207.23,493.8,218.3,40.5,22.6,0.4134,1
EagleCreekDrEtc_SHB_12.11.2025_LS,SHB,553,12433,207.24,491.8,217.4,40.1,22.9,0.4914,1
EagleCreekDrEtc_SHB_12.11.2025_LS,SHB,553,12434,207.26,489.1,218.0,39.8,23.1,0.5005,1
EagleCreekDrEtc_SHB_12.11.2025_LS,SHB,553,12435,207.28,487.1,218.1,40.4,23.3,0.3946,1
EagleCreekDrEtc_SHB_12.11.2025_LS,SHB,553,12436,207.29,483.9,222.4,37.0,21.9,0.3768,1
EagleCreekDrEtc_SHB_12.11.2025_LS,SHB,553,12437,207.31,485.7,221.8,39.2,22.5,0.4428,1
EagleCreekDrEtc_SHB_12.11.2025_LS,SHB,553,12438,207.33,489.5,221.0,42.1,23.0,0.5847,1
EagleCreekDrEtc_SHB_12.11.2025_LS,SHB,553,12439,207.34,487.7,220.0,43.2,23.1,0.5785,1
EagleCreekDrEtc_SHB_12.11.2025_LS,SHB,553,12440,207.36,486.2,218.8,42.0,22.7,0.4888,1
EagleCreekDrEtc_SHB_12.11.2025_LS,SHB,553,12441,207.38,487.1,219.1,41.0,22.2,0.4088,1
EagleCreekDrEtc_SHB_12.11.2025_LS,SHB,553,12442,207.39,490.7,218.0,39.5,22.2,0.3968,1
EagleCreekDrEtc_SHB_12.11.2025_LS,SHB,553,12443,207.41,490.8,218.6,37.7,21.3,0.5356,1
EagleCreekDrEtc_SHB_12.11.2025_LS,SHB,553,12446,207.46,490.3,220.9,39.4,22.7,0.5879,1
EagleCreekDrEtc_SHB_12.11.2025_LS,SHB,553,12447,207.48,487.8,221.1,40.0,23.2,0.4896,1
EagleCreekDrEtc_SHB_12.11.2025_LS,SHB,553,12448,207.49,477.8,223.3,42.5,23.3,0.5643,1
EagleCreekDrEtc_SHB_12.11.2025_LS,SHB,553,12449,207.51,473.5,224.3,42.1,22.7,0.4807,1
EagleCreekDrEtc_SHB_12.11.2025_LS,SHB,553,12450,207.53,470.1,224.7,40.6,22.1,0.4839,1
EagleCreekDrEtc_SHB_12.11.2025_LS,SHB,553,12451,207.54,470.9,224.8,41.7,22.4,0.5213,1
EagleCreekDrEtc_SHB_12.11.2025_LS,SHB,553,12452,207.56,469.2,225.5,40.4,22.5,0.5559,1
EagleCreekDrEtc_SHB_12.11.2025_LS,SHB,553,12453,207.58,468.2,226.0,39.5,22.4,0.6063,1
EagleCreekDrEtc_SHB_12.11.2025_LS,SHB,553,12454,207.59,467.4,225.4,38.6,21.8,0.5781,1
EagleCreekDrEtc_SHB_12.11.2025_LS,SHB,553,12455,207.61,467.5,225.7,38.6,21.8,0.3577,1
EagleCreekDrEtc_SHB_12.11.2025_LS,SHB,553,12456,207.63,468.1,226.1,38.3,21.5,0.4118,1
EagleCreekDrEtc_SHB_12.11.2025_LS,SHB,553,12466,207.79,452.5,226.2,39.4,23.2,0.575,1
EagleCreekDrEtc_SHB_12.11.2025_LS,SHB,553,12467,207.81,451.2,225.6,39.2,23.1,0.4485,1
EagleCreekDrEtc_SHB_12.11.2025_LS,SHB,553,12468,207.83,453.2,225.9,42.7,23.7,0.4504,1
EagleCreekDrEtc_SHB_12.11.2025_LS,SHB,553,12469,207.84,458.5,226.1,44.3,23.2,0.3542,1
EagleCreekDrEtc_SHB_12.11.2025_LS,SHB,553,12470,207.86,452.5,226.1,41.2,22.9,0.3981,1
EagleCreekDrEtc_SHB_12.11.2025_LS,SHB,553,12471,207.88,447.4,224.9,39.3,22.6,0.4024,1
EagleCreekDrEtc_SHB_12.11.2025_LS,SHB,553,12472,207.89,448.1,224.3,39.0,22.2,0.5011,1
EagleCreekDrEtc_SHB_12.11.2025_LS,SHB,553,12473,207.91,456.5,223.3,37.9,22.6,0.7156,1
EagleCreekDrEtc_SHB_12.11.2025_LS,SHB,553,12474,207.93,459.7,222.0,39.6,23.3,0.6697,1
EagleCreekDrEtc_SHB_12.11.2025_LS,SHB,553,12475,207.94,457.4,221.9,40.7,23.5,0.6709,1
EagleCreekDrEtc_SHB_12.11.2025_LS,SHB,553,12476,207.96,454.5,221.3,41.1,23.2,0.693,1
EagleCreekDrEtc_SHB_12.11.2025_LS,SHB,553,12477,207.98,452.0,220.6,42.0,23.0,0.6713,1
EagleCreekDrEtc_SHB_12.11.2025_LS,SHB,553,12478,207.99,448.9,220.3,43.8,23.7,0.5605,1
EagleCreekDrEtc_SHB_12.11.2025_LS,SHB,553,12479,208.01,446.0,218.9,41.9,23.6,0.6209,1
EagleCreekDrEtc_SHB_12.11.2025_LS,SHB,553,12480,208.03,445.1,219.0,38.4,22.1,0.5089,1
EagleCreekDrEtc_SHB_12.11.2025_LS,SHB,553,12481,208.04,444.5,218.5,39.0,21.7,0.5999,1
EagleCreekDrEtc_SHB_12.11.2025_LS,SHB,553,12482,208.06,440.5,218.7,35.5,21.7,0.492,1
EagleCreekDrEtc_SHB_12.11.2025_LS,SHB,553,12485,208.11,435.9,218.6,33.3,21.5,0.3655,1
EagleCreekDrEtc_SHB_12.11.2025_LS,SHB,557,12455,207.61,261.0,222.2,35.2,22.0,0.3905,1
EagleCreekDrEtc_SHB_12.11.2025_LS,SHB,557,12456,207.63,260.5,221.7,36.5,22.4,0.3715,1
EagleCreekDrEtc_SHB_12.11.2025_LS,SHB,557,12461,207.71,259.3,223.5,38.9,22.0,0.5149,1
EagleCreekDrEtc_SHB_12.11.2025_LS,SHB,557,12464,207.76,256.0,223.4,38.6,22.7,0.4192,1
EagleCreekDrEtc_SHB_12.11.2025_LS,SHB,557,12466,207.79,253.2,229.6,37.3,21.7,0.5773,1
EagleCreekDrEtc_SHB_12.11.2025_LS,SHB,557,12467,207.81,251.4,228.9,39.0,22.3,0.4884,1
EagleCreekDrEtc_SHB_12.11.2025_LS,SHB,557,12471,207.88,249.3,227.9,36.2,21.6,0.4094,1
EagleCreekDrEtc_SHB_12.11.2025_LS,SHB,557,12482,208.06,238.4,221.6,36.5,21.4,0.3484,1
EagleCreekDrEtc_SHB_12.11.2025_LS,SHB,557,12483,208.08,238.9,220.5,37.5,21.7,0.3874,1
EagleCreekDrEtc_SHB_12.11.2025_LS,SHB,557,12499,208.34,223.3,217.5,36.5,21.5,0.6347,1
EagleCreekDrEtc_SHB_12.11.2025_LS,SHB,557,12500,208.36,222.3,217.2,38.7,22.2,0.5913,1
EagleCreekDrEtc_SHB_12.11.2025_LS,SHB,557,12501,208.38,221.2,216.0,37.8,21.6,0.5978,1
EagleCreekDrEtc_SHB_12.11.2025_LS,SHB,557,12502,208.39,220.5,214.8,37.2,21.5,0.5446,1
EagleCreekDrEtc_SHB_12.11.2025_LS,SHB,557,12503,208.41,220.9,214.4,37.6,21.8,0.33,1
EagleCreekDrEtc_SHB_12.11.2025_LS,SHB,557,12504,208.43,217.8,214.0,37.4,21.9,0.3435,1
EagleCreekDrEtc_SHB_12.11.2025_LS,SHB,557,12505,208.44,220.2,213.3,39.4,22.9,0.433,1
EagleCreekDrEtc_SHB_12.11.2025_LS,SHB,557,12506,208.46,220.2,213.4,40.0,23.1,0.4689,1
EagleCreekDrEtc_SHB_12.11.2025_LS,SHB,557,12510,208.53,214.5,212.8,36.2,21.3,0.2961,1
EagleCreekDrEtc_SHB_12.11.2025_LS,SHB,557,12511,208.54,213.1,209.0,38.4,22.3,0.3908,1
EagleCreekDrEtc_SHB_12.11.2025_LS,SHB,557,12512,208.56,212.4,209.8,38.5,22.5,0.2615,1
EagleCreekDrEtc_SHB_12.11.2025_LS,SHB,557,12516,208.63,207.0,205.5,38.8,22.3,0.3017,1
EagleCreekDrEtc_SHB_12.11.2025_LS,SHB,557,12524,208.76,198.7,214.3,36.0,22.1,0.6308,1
EagleCreekDrEtc_SHB_12.11.2025_LS,SHB,557,12544,209.09,176.6,220.0,35.5,22.2,0.6153,1
EagleCreekDrEtc_SHB_12.11.2025_LS,SHB,557,12552,209.23,173.8,220.3,36.1,21.9,0.3743,1
EagleCreekDrEtc_SHB_12.11.2025_LS,SHB,557,12553,209.24,169.1,221.0,35.5,21.6,0.648,1
EagleCreekDrEtc_SHB_12.11.2025_LS,SHB,557,12554,209.26,165.0,220.5,35.8,21.6,0.5026,1
EagleCreekDrEtc_SHB_12.11.2025_LS,SHB,557,12555,209.28,163.1,220.8,35.2,21.7,0.6414,1
EagleCreekDrEtc_SHB_12.11.2025_LS,SHB,557,12556,209.29,161.3,221.2,35.1,21.4,0.6783,1
EagleCreekDrEtc_SHB_12.11.2025_LS,SHB,557,12557,209.31,160.5,221.3,35.1,21.4,0.6984,1
EagleCreekDrEtc_SHB_12.11.2025_LS,SHB,557,12558,209.33,159.3,220.8,37.0,21.9,0.644,1
EagleCreekDrEtc_SHB_12.11.2025_LS,SHB,557,12564,209.43,153.4,223.0,38.3,20.7,0.4119,1
EagleCreekDrEtc_SHB_12.11.2025_LS,SHB,557,12565,209.44,152.9,223.5,37.1,20.5,0.4523,1
EagleCreekDrEtc_SHB_12.11.2025_LS,SHB,557,12566,209.46,151.3,223.1,35.7,20.6,0.4691,1
EagleCreekDrEtc_SHB_12.11.2025_LS,SHB,557,12567,209.48,150.9,223.5,36.1,20.8,0.5725,1
EagleCreekDrEtc_SHB_12.11.2025_LS,SHB,557,12568,209.49,149.0,223.2,35.6,20.8,0.5949,1
EagleCreekDrEtc_SHB_12.11.2025_LS,SHB,557,12569,209.51,148.6,223.1,35.8,21.0,0.6616,1
EagleCreekDrEtc_SHB_12.11.2025_LS,SHB,557,12570,209.53,148.5,224.1,36.8,21.9,0.7437,1
EagleCreekDrEtc_SHB_12.11.2025_LS,SHB,557,12571,209.54,147.3,224.7,36.3,22.0,0.7593,1
EagleCreekDrEtc_SHB_12.11.2025_LS,SHB,557,12572,209.56,144.9,225.1,35.9,21.8,0.7259,1
EagleCreekDrEtc_SHB_12.11.2025_LS,SHB,557,12573,209.58,143.2,225.0,34.5,20.7,0.707,1
EagleCreekDrEtc_SHB_12.11.2025_LS,SHB,557,12574,209.59,142.4,225.3,36.4,21.4,0.7327,1
EagleCreekDrEtc_SHB_12.11.2025_LS,SHB,557,12575,209.61,142.0,225.5,37.3,21.9,0.7395,1
EagleCreekDrEtc_SHB_12.11.2025_LS,SHB,557,12576,209.63,140.2,225.9,37.6,22.2,0.6849,1
EagleCreekDrEtc_SHB_12.11.2025_LS,SHB,557,12577,209.64,140.0,225.9,37.3,22.3,0.7058,1
EagleCreekDrEtc_SHB_12.11.2025_LS,SHB,557,12578,209.66,139.0,225.6,36.6,21.5,0.7516,1
EagleCreekDrEtc_SHB_12.11.2025_LS,SHB,557,12579,209.68,138.1,225.3,36.3,20.5,0.7156,1
EagleCreekDrEtc_SHB_12.11.2025_LS,SHB,557,12580,209.69,136.1,225.6,36.7,20.9,0.7538,1
EagleCreekDrEtc_SHB_12.11.2025_LS,SHB,557,12581,209.71,134.6,225.6,35.7,20.7,0.7629,1
EagleCreekDrEtc_SHB_12.11.2025_LS,SHB,557,12582,209.73,133.7,225.0,34.2,20.3,0.7221,1
EagleCreekDrEtc_SHB_12.11.2025_LS,SHB,557,12583,209.74,134.7,225.4,34.4,20.8,0.7568,1
EagleCreekDrEtc_SHB_12.11.2025_LS,SHB,557,12584,209.76,135.4,225.4,35.2,21.5,0.7354,1
EagleCreekDrEtc_SHB_12.11.2025_LS,SHB,557,12585,209.78,134.7,224.3,37.0,22.0,0.7278,1
EagleCreekDrEtc_SHB_12.11.2025_LS,SHB,557,12586,209.79,132.8,223.8,37.2,22.2,0.7124,1
EagleCreekDrEtc_SHB_12.11.2025_LS,SHB,557,12587,209.81,131.4,223.6,37.0,22.5,0.7461,1
EagleCreekDrEtc_SHB_12.11.2025_LS,SHB,557,12588,209.83,130.1,223.0,37.5,22.6,0.7494,1
EagleCreekDrEtc_SHB_12.11.2025_LS,SHB,557,12589,209.84,128.3,222.2,37.8,22.1,0.7415,1
EagleCreekDrEtc_SHB_12.11.2025_LS,SHB,557,12590,209.86,127.4,222.5,37.3,22.1,0.7576,1
EagleCreekDrEtc_SHB_12.11.2025_LS,SHB,557,12591,209.88,126.3,221.7,37.5,22.1,0.7486,1
EagleCreekDrEtc_SHB_12.11.2025_LS,SHB,557,12592,209.89,125.3,221.1,38.1,22.5,0.7528,1
EagleCreekDrEtc_SHB_12.11.2025_LS,SHB,557,12593,209.91,123.9,221.1,38.1,22.1,0.7235,1
EagleCreekDrEtc_SHB_12.11.2025_LS,SHB,557,12594,209.93,122.8,220.5,37.6,22.4,0.6966,1
EagleCreekDrEtc_SHB_12.11.2025_LS,SHB,557,12595,209.94,122.0,221.0,36.8,22.7,0.6877,1
EagleCreekDrEtc_SHB_12.11.2025_LS,SHB,557,12596,209.96,121.4,220.6,38.3,23.0,0.6929,1
EagleCreekDrEtc_SHB_12.11.2025_LS,SHB,557,12597,209.98,121.2,220.1,38.5,22.5,0.6883,1
EagleCreekDrEtc_SHB_12.11.2025_LS,SHB,557,12598,209.99,120.9,219.8,38.4,22.0,0.7061,1
EagleCreekDrEtc_SHB_12.11.2025_LS,SHB,557,12599,210.01,118.7,219.8,37.0,21.3,0.4689,1
EagleCreekDrEtc_SHB_12.11.2025_LS,SHB,557,12600,210.03,113.7,219.9,36.0,20.8,0.5849,1
EagleCreekDrEtc_SHB_12.11.2025_LS,SHB,557,12601,210.04,112.9,220.2,35.3,20.5,0.6236,1
EagleCreekDrEtc_SHB_12.11.2025_LS,SHB,557,12602,210.06,112.5,220.5,35.4,20.6,0.3345,1
EagleCreekDrEtc_SHB_12.11.2025_LS,SHB,557,12604,210.09,112.0,220.9,36.8,21.1,0.5191,1
EagleCreekDrEtc_SHB_12.11.2025_LS,SHB,557,12605,210.11,111.9,221.3,39.3,22.4,0.5642,1
EagleCreekDrEtc_SHB_12.11.2025_LS,SHB,557,12606,210.13,110.1,221.0,39.9,22.8,0.5189,1
EagleCreekDrEtc_SHB_12.11.2025_LS,SHB,557,12607,210.14,111.6,221.2,39.8,22.5,0.5649,1
EagleCreekDrEtc_SHB_12.11.2025_LS,SHB,557,12608,210.16,110.3,220.8,38.2,22.0,0.3779,1
EagleCreekDrEtc_SHB_12.11.2025_LS,SHB,557,12609,210.18,107.8,221.9,36.9,21.1,0.4057,1
EagleCreekDrEtc_SHB_12.11.2025_LS,SHB,557,12610,210.19,105.8,222.3,36.2,21.2,0.265,1
EagleCreekDrEtc_SHB_12.11.2025_LS,SHB,571,12497,208.31,505.6,216.8,34.2,21.3,0.4408,1
EagleCreekDrEtc_SHB_12.11.2025_LS,SHB,571,12498,208.33,503.0,216.8,31.4,20.7,0.6372,1
EagleCreekDrEtc_SHB_12.11.2025_LS,SHB,571,12499,208.34,502.1,216.0,32.3,20.3,0.5259,1
EagleCreekDrEtc_SHB_12.11.2025_LS,SHB,571,12559,209.34,456.6,215.0,37.7,22.2,0.5529,1
EagleCreekDrEtc_SHB_12.11.2025_LS,SHB,571,12560,209.36,455.2,214.2,36.1,22.5,0.7058,1
EagleCreekDrEtc_SHB_12.11.2025_LS,SHB,571,12561,209.38,453.1,212.9,35.3,22.5,0.566,1
EagleCreekDrEtc_SHB_12.11.2025_LS,SHB,571,12564,209.43,447.9,214.3,36.3,22.8,0.7024,1
EagleCreekDrEtc_SHB_12.11.2025_LS,SHB,571,12565,209.44,447.1,214.7,34.9,23.1,0.7351,1
EagleCreekDrEtc_SHB_12.11.2025_LS,SHB,571,12566,209.46,445.7,214.9,34.7,23.2,0.7374,1
EagleCreekDrEtc_SHB_12.11.2025_LS,SHB,571,12567,209.48,444.8,214.8,33.4,23.4,0.7441,1
EagleCreekDrEtc_SHB_12.11.2025_LS,SHB,571,12568,209.49,443.4,214.2,33.5,23.6,0.73,1
EagleCreekDrEtc_SHB_12.11.2025_LS,SHB,571,12569,209.51,442.2,214.2,33.6,24.0,0.7538,1
EagleCreekDrEtc_SHB_12.11.2025_LS,SHB,571,12570,209.53,439.7,214.8,32.7,24.2,0.7495,1
EagleCreekDrEtc_SHB_12.11.2025_LS,SHB,571,12571,209.54,438.6,215.4,32.9,24.8,0.7381,1
EagleCreekDrEtc_SHB_12.11.2025_LS,SHB,571,12572,209.56,438.2,215.9,32.4,24.5,0.7501,1
EagleCreekDrEtc_SHB_12.11.2025_LS,SHB,571,12573,209.58,437.2,215.9,33.3,24.8,0.7389,1
EagleCreekDrEtc_SHB_12.11.2025_LS,SHB,571,12574,209.59,435.3,216.7,32.8,24.5,0.714,1
EagleCreekDrEtc_SHB_12.11.2025_LS,SHB,571,12575,209.61,433.3,217.0,33.0,24.6,0.7135,1
EagleCreekDrEtc_SHB_12.11.2025_LS,SHB,571,12576,209.63,432.1,217.5,32.3,24.6,0.6594,1
EagleCreekDrEtc_SHB_12.11.2025_LS,SHB,571,12577,209.64,429.9,217.5,31.2,23.9,0.5737,1
EagleCreekDrEtc_SHB_12.11.2025_LS,SHB,571,12578,209.66,429.6,218.0,32.6,23.3,0.6812,1
EagleCreekDrEtc_SHB_12.11.2025_LS,SHB,571,12579,209.68,429.4,218.4,30.8,22.6,0.4964,1
EagleCreekDrEtc_SHB_12.11.2025_LS,SHB,571,12580,209.69,429.6,218.4,31.0,22.2,0.4305,1
EagleCreekDrEtc_SHB_12.11.2025_LS,SHB,571,12581,209.71,432.5,218.9,30.2,21.4,0.317,1
EagleCreekDrEtc_SHB_12.11.2025_LS,SHB,571,12582,209.73,433.6,218.4,30.7,22.0,0.5557,1
EagleCreekDrEtc_SHB_12.11.2025_LS,SHB,571,12583,209.74,432.7,218.7,33.0,22.7,0.3784,1
EagleCreekDrEtc_SHB_12.11.2025_LS,SHB,571,12584,209.76,429.4,218.2,32.4,22.9,0.5635,1
EagleCreekDrEtc_SHB_12.11.2025_LS,SHB,571,12585,209.78,427.6,218.0,32.3,22.9,0.5244,1
EagleCreekDrEtc_SHB_12.11.2025_LS,SHB,571,12586,209.79,427.8,217.7,30.7,22.4,0.6726,1
EagleCreekDrEtc_SHB_12.11.2025_LS,SHB,571,12587,209.81,424.9,217.0,31.1,22.5,0.5996,1
EagleCreekDrEtc_SHB_12.11.2025_LS,SHB,571,12588,209.83,427.5,217.3,31.1,22.6,0.4239,1
EagleCreekDrEtc_SHB_12.11.2025_LS,SHB,571,12590,209.86,427.0,217.2,31.7,22.8,0.5426,1
EagleCreekDrEtc_SHB_12.11.2025_LS,SHB,571,12591,209.88,425.1,217.5,32.5,22.4,0.6596,1
EagleCreekDrEtc_SHB_12.11.2025_LS,SHB,571,12592,209.89,421.8,216.5,32.1,22.3,0.7234,1
EagleCreekDrEtc_SHB_12.11.2025_LS,SHB,571,12595,209.94,419.3,214.3,31.5,22.9,0.7046,1
EagleCreekDrEtc_SHB_12.11.2025_LS,SHB,571,12596,209.96,420.6,214.6,31.3,23.0,0.5115,1
EagleCreekDrEtc_SHB_12.11.2025_LS,SHB,571,12597,209.98,418.8,214.7,31.1,22.5,0.5612,1
EagleCreekDrEtc_SHB_12.11.2025_LS,SHB,571,12598,209.99,419.1,215.1,31.7,21.8,0.5148,1
EagleCreekDrEtc_SHB_12.11.2025_LS,SHB,571,12603,210.08,413.5,213.5,31.2,23.6,0.7378,1
EagleCreekDrEtc_SHB_12.11.2025_LS,SHB,571,12604,210.09,411.4,213.5,32.0,24.1,0.8031,1
EagleCreekDrEtc_SHB_12.11.2025_LS,SHB,571,12605,210.11,409.7,213.5,32.6,24.1,0.7878,1
EagleCreekDrEtc_SHB_12.11.2025_LS,SHB,571,12606,210.13,407.1,213.2,32.5,23.1,0.722,1
EagleCreekDrEtc_SHB_12.11.2025_LS,SHB,571,12609,210.18,403.5,210.8,31.8,23.1,0.257,1
EagleCreekDrEtc_SHB_12.11.2025_LS,SHB,571,12612,210.23,401.8,208.7,32.8,22.5,0.7148,1
EagleCreekDrEtc_SHB_12.11.2025_LS,SHB,571,12613,210.24,401.1,210.4,33.0,22.8,0.677,1
EagleCreekDrEtc_SHB_12.11.2025_LS,SHB,571,12614,210.26,398.9,210.6,33.6,22.8,0.632,1
EagleCreekDrEtc_SHB_12.11.2025_LS,SHB,571,12615,210.28,398.3,210.8,32.3,23.1,0.5602,1
EagleCreekDrEtc_SHB_12.11.2025_LS,SHB,571,12616,210.29,398.4,210.5,32.8,23.4,0.6505,1
EagleCreekDrEtc_SHB_12.11.2025_LS,SHB,581,12512,208.56,494.5,205.7,39.4,23.2,0.5568,1
EagleCreekDrEtc_SHB_12.11.2025_LS,SHB,581,12513,208.58,492.3,205.4,39.3,23.3,0.6431,1
EagleCreekDrEtc_SHB_12.11.2025_LS,SHB,581,12514,208.59,491.0,205.5,38.2,23.2,0.6196,1
EagleCreekDrEtc_SHB_12.11.2025_LS,SHB,581,12515,208.61,488.7,206.1,38.3,23.5,0.6055,1
EagleCreekDrEtc_SHB_12.11.2025_LS,SHB,581,12516,208.63,490.3,205.1,38.5,24.3,0.5006,1
EagleCreekDrEtc_SHB_12.11.2025_LS,SHB,581,12517,208.64,491.1,205.2,37.5,24.1,0.5563,1
EagleCreekDrEtc_SHB_12.11.2025_LS,SHB,581,12518,208.66,488.8,205.1,37.7,24.0,0.4753,1
EagleCreekDrEtc_SHB_12.11.2025_LS,SHB,581,12519,208.68,488.2,210.2,35.9,23.3,0.609,1
EagleCreekDrEtc_SHB_12.11.2025_LS,SHB,581,12522,208.73,484.5,208.3,37.0,21.7,0.3702,1
EagleCreekDrEtc_SHB_12.11.2025_LS,SHB,581,12523,208.74,485.2,209.2,38.6,22.2,0.2649,1
EagleCreekDrEtc_SHB_12.11.2025_LS,SHB,581,12526,208.79,478.1,213.5,34.1,20.4,0.5672,1
EagleCreekDrEtc_SHB_12.11.2025_LS,SHB,581,12527,208.81,474.2,213.0,38.0,22.2,0.4175,1
EagleCreekDrEtc_SHB_12.11.2025_LS,SHB,581,12528,208.83,473.5,214.1,39.8,23.0,0.5837,1
EagleCreekDrEtc_SHB_12.11.2025_LS,SHB,581,12529,208.84,472.4,214.3,39.1,23.0,0.5805,1
EagleCreekDrEtc_SHB_12.11.2025_LS,SHB,581,12530,208.86,472.5,214.0,38.5,22.5,0.6075,1
EagleCreekDrEtc_SHB_12.11.2025_LS,SHB,581,12531,208.88,471.3,211.8,38.4,23.0,0.6362,1
EagleCreekDrEtc_SHB_12.11.2025_LS,SHB,581,12532,208.89,471.9,212.5,35.7,22.0,0.302,1
EagleCreekDrEtc_SHB_12.11.2025_LS,SHB,581,12535,208.94,470.9,215.0,35.7,21.0,0.3489,1
EagleCreekDrEtc_SHB_12.11.2025_LS,SHB,581,12537,208.98,468.0,210.5,37.6,22.5,0.5175,1
EagleCreekDrEtc_SHB_12.11.2025_LS,SHB,581,12538,208.99,466.4,209.4,38.6,22.5,0.4649,1
EagleCreekDrEtc_SHB_12.11.2025_LS,SHB,581,12539,209.01,464.0,208.9,39.9,22.8,0.5286,1
EagleCreekDrEtc_SHB_12.11.2025_LS,SHB,581,12540,209.03,464.4,208.4,36.8,21.1,0.4663,1
EagleCreekDrEtc_SHB_12.11.2025_LS,SHB,581,12541,209.04,463.0,207.5,36.8,21.0,0.4567,1
EagleCreekDrEtc_SHB_12.11.2025_LS,SHB,581,12542,209.06,463.9,207.0,39.3,21.6,0.3417,1
EagleCreekDrEtc_SHB_12.11.2025_LS,SHB,581,12543,209.08,464.0,207.4,39.6,22.0,0.3267,1
EagleCreekDrEtc_SHB_12.11.2025_LS,SHB,581,12544,209.09,464.0,206.7,40.1,22.3,0.3746,1
EagleCreekDrEtc_SHB_12.11.2025_LS,SHB,584,12531,208.88,402.2,215.2,40.3,22.6,0.6259,1
EagleCreekDrEtc_SHB_12.11.2025_LS,SHB,584,12532,208.89,397.5,215.9,38.3,22.2,0.6753,1
EagleCreekDrEtc_SHB_12.11.2025_LS,SHB,584,12533,208.91,396.6,214.5,36.3,22.1,0.6961,1
EagleCreekDrEtc_SHB_12.11.2025_LS,SHB,584,12534,208.93,395.4,213.6,38.0,22.5,0.7175,1
EagleCreekDrEtc_SHB_12.11.2025_LS,SHB,584,12535,208.94,393.8,213.1,39.3,22.4,0.7271,1
EagleCreekDrEtc_SHB_12.11.2025_LS,SHB,584,12536,208.96,392.5,213.2,39.5,22.3,0.7258,1
EagleCreekDrEtc_SHB_12.11.2025_LS,SHB,584,12537,208.98,390.6,214.6,38.8,22.5,0.6551,1
EagleCreekDrEtc_SHB_12.11.2025_LS,SHB,584,12538,208.99,388.9,214.9,40.7,22.9,0.4244,1
EagleCreekDrEtc_SHB_12.11.2025_LS,SHB,584,12539,209.01,391.3,214.6,38.9,22.4,0.3089,1
EagleCreekDrEtc_SHB_12.11.2025_LS,SHB,584,12546,209.13,385.3,216.6,43.1,23.2,0.6637,1
EagleCreekDrEtc_SHB_12.11.2025_LS,SHB,584,12547,209.14,383.2,217.0,42.9,23.1,0.7242,1
EagleCreekDrEtc_SHB_12.11.2025_LS,SHB,584,12548,209.16,382.1,216.7,42.5,23.4,0.7413,1
EagleCreekDrEtc_SHB_12.11.2025_LS,SHB,584,12549,209.18,380.3,217.0,42.4,23.3,0.7273,1
EagleCreekDrEtc_SHB_12.11.2025_LS,SHB,584,12550,209.19,379.0,217.4,42.1,23.3,0.7255,1
EagleCreekDrEtc_SHB_12.11.2025_LS,SHB,584,12551,209.21,378.0,217.0,41.8,23.2,0.7356,1
EagleCreekDrEtc_SHB_12.11.2025_LS,SHB,584,12552,209.23,376.8,217.4,42.9,23.6,0.7268,1
EagleCreekDrEtc_SHB_12.11.2025_LS,SHB,584,12553,209.24,376.0,217.4,41.3,23.1,0.7246,1
EagleCreekDrEtc_SHB_12.11.2025_LS,SHB,584,12554,209.26,373.6,217.6,42.1,23.3,0.7171,1
EagleCreekDrEtc_SHB_12.11.2025_LS,SHB,584,12555,209.28,372.5,217.9,41.2,22.8,0.7369,1
EagleCreekDrEtc_SHB_12.11.2025_LS,SHB,584,12556,209.29,372.2,217.8,40.8,22.9,0.7108,1
EagleCreekDrEtc_SHB_12.11.2025_LS,SHB,584,12557,209.31,366.8,218.6,44.5,23.6,0.673,1
EagleCreekDrEtc_SHB_12.11.2025_LS,SHB,584,12558,209.33,364.5,218.5,44.9,23.7,0.7019,1
EagleCreekDrEtc_SHB_12.11.2025_LS,SHB,584,12559,209.34,361.1,218.2,44.4,23.6,0.7078,1
EagleCreekDrEtc_SHB_12.11.2025_LS,SHB,584,12560,209.36,359.0,217.7,44.2,23.7,0.7133,1
EagleCreekDrEtc_SHB_12.11.2025_LS,SHB,584,12561,209.38,358.1,217.4,43.4,23.8,0.7185,1
EagleCreekDrEtc_SHB_12.11.2025_LS,SHB,584,12562,209.39,358.2,217.7,43.4,23.5,0.7295,1
EagleCreekDrEtc_SHB_12.11.2025_LS,SHB,584,12563,209.41,358.1,216.9,43.0,23.3,0.6586,1
EagleCreekDrEtc_SHB_12.11.2025_LS,SHB,584,12564,209.43,359.4,216.3,41.2,23.4,0.7205,1
EagleCreekDrEtc_SHB_12.11.2025_LS,SHB,584,12565,209.44,356.4,216.8,41.3,23.5,0.7168,1
EagleCreekDrEtc_SHB_12.11.2025_LS,SHB,584,12566,209.46,353.7,216.5,42.5,24.0,0.6946,1
EagleCreekDrEtc_SHB_12.11.2025_LS,SHB,584,12567,209.48,352.6,216.9,43.7,24.0,0.7183,1
EagleCreekDrEtc_SHB_12.11.2025_LS,SHB,584,12568,209.49,350.8,217.1,44.2,24.2,0.7145,1
EagleCreekDrEtc_SHB_12.11.2025_LS,SHB,584,12569,209.51,349.8,217.4,44.6,24.0,0.6827,1
EagleCreekDrEtc_SHB_12.11.2025_LS,SHB,584,12570,209.53,348.6,218.0,43.0,23.4,0.6639,1
EagleCreekDrEtc_SHB_12.11.2025_LS,SHB,584,12571,209.54,352.6,217.3,39.8,22.8,0.4707,1
EagleCreekDrEtc_SHB_12.11.2025_LS,SHB,584,12572,209.56,353.4,217.5,39.1,22.1,0.361,1
EagleCreekDrEtc_SHB_12.11.2025_LS,SHB,584,12579,209.68,340.9,218.7,41.3,23.3,0.6565,1
EagleCreekDrEtc_SHB_12.11.2025_LS,SHB,584,12580,209.69,339.9,218.6,40.8,23.6,0.6975,1
EagleCreekDrEtc_SHB_12.11.2025_LS,SHB,584,12581,209.71,340.4,219.2,40.6,23.3,0.6606,1
EagleCreekDrEtc_SHB_12.11.2025_LS,SHB,584,12582,209.73,340.0,218.6,41.2,24.2,0.7218,1
EagleCreekDrEtc_SHB_12.11.2025_LS,SHB,584,12583,209.74,339.5,218.6,40.1,24.4,0.6908,1
EagleCreekDrEtc_SHB_12.11.2025_LS,SHB,584,12584,209.76,336.4,217.2,41.7,24.7,0.6177,1
EagleCreekDrEtc_SHB_12.11.2025_LS,SHB,584,12585,209.78,335.8,216.5,40.8,24.9,0.6724,1
EagleCreekDrEtc_SHB_12.11.2025_LS,SHB,584,12586,209.79,337.7,216.8,41.1,25.0,0.6406,1
EagleCreekDrEtc_SHB_12.11.2025_LS,SHB,584,12587,209.81,337.9,216.2,41.0,24.7,0.4799,1
EagleCreekDrEtc_SHB_12.11.2025_LS,SHB,584,12588,209.83,336.0,216.1,41.9,25.1,0.7118,1
EagleCreekDrEtc_SHB_12.11.2025_LS,SHB,584,12589,209.84,334.6,216.0,43.2,25.2,0.7343,1
EagleCreekDrEtc_SHB_12.11.2025_LS,SHB,584,12590,209.86,333.4,215.5,44.2,25.0,0.7168,1
EagleCreekDrEtc_SHB_12.11.2025_LS,SHB,584,12591,209.88,333.2,215.1,44.7,24.9,0.7047,1
EagleCreekDrEtc_SHB_12.11.2025_LS,SHB,584,12592,209.89,333.5,214.0,42.1,24.2,0.6733,1
EagleCreekDrEtc_SHB_12.11.2025_LS,SHB,584,12593,209.91,333.9,214.4,41.1,24.1,0.6633,1
EagleCreekDrEtc_SHB_12.11.2025_LS,SHB,584,12594,209.93,333.8,214.4,40.5,23.2,0.7287,1
EagleCreekDrEtc_SHB_12.11.2025_LS,SHB,584,12595,209.94,332.4,214.4,39.6,22.7,0.6996,1
EagleCreekDrEtc_SHB_12.11.2025_LS,SHB,584,12596,209.96,331.8,215.0,39.4,23.1,0.6563,1
EagleCreekDrEtc_SHB_12.11.2025_LS,SHB,584,12597,209.98,330.0,214.2,40.2,23.2,0.4622,1
EagleCreekDrEtc_SHB_12.11.2025_LS,SHB,584,12598,209.99,328.2,212.8,43.2,24.2,0.5597,1
EagleCreekDrEtc_SHB_12.11.2025_LS,SHB,584,12602,210.06,311.0,213.7,41.3,22.7,0.423,1
EagleCreekDrEtc_SHB_12.11.2025_LS,SHB,584,12604,210.09,317.8,211.3,37.7,22.5,0.5464,1
EagleCreekDrEtc_SHB_12.11.2025_LS,SHB,584,12643,210.74,241.2,205.6,36.9,23.0,0.287,1
EagleCreekDrEtc_SHB_12.11.2025_LS,SHB,584,12682,211.39,238.6,222.9,41.5,24.0,0.6722,1
EagleCreekDrEtc_SHB_12.11.2025_LS,SHB,584,12683,211.41,235.9,224.4,41.2,23.7,0.7247,1
EagleCreekDrEtc_SHB_12.11.2025_LS,SHB,584,12684,211.43,236.3,224.6,42.3,23.7,0.6307,1
EagleCreekDrEtc_SHB_12.11.2025_LS,SHB,584,12685,211.44,234.7,224.4,42.1,23.6,0.5883,1
EagleCreekDrEtc_SHB_12.11.2025_LS,SHB,584,12686,211.46,234.0,224.6,43.7,25.1,0.4611,1
EagleCreekDrEtc_SHB_12.11.2025_LS,SHB,584,12687,211.48,232.9,225.3,42.8,25.7,0.3295,1
EagleCreekDrEtc_SHB_12.11.2025_LS,SHB,584,12692,211.56,232.0,227.2,38.0,23.5,0.2745,1
EagleCreekDrEtc_SHB_12.11.2025_LS,SHB,584,12700,211.69,224.5,233.5,40.3,23.0,0.6215,1
EagleCreekDrEtc_SHB_12.11.2025_LS,SHB,584,12701,211.71,224.1,234.0,40.7,23.3,0.5406,1
EagleCreekDrEtc_SHB_12.11.2025_LS,SHB,584,12715,211.94,210.9,238.8,36.5,21.9,0.6465,1
EagleCreekDrEtc_SHB_12.11.2025_LS,SHB,584,12716,211.96,214.5,240.1,37.6,22.4,0.6019,1
EagleCreekDrEtc_SHB_12.11.2025_LS,SHB,584,12717,211.98,213.9,241.1,40.1,22.2,0.6446,1
EagleCreekDrEtc_SHB_12.11.2025_LS,SHB,584,12718,211.99,214.0,241.1,39.7,22.4,0.7492,1
EagleCreekDrEtc_SHB_12.11.2025_LS,SHB,584,12719,212.01,209.9,241.1,36.0,23.1,0.6497,1
EagleCreekDrEtc_SHB_12.11.2025_LS,SHB,584,12720,212.03,210.3,239.8,40.0,23.6,0.5638,1
EagleCreekDrEtc_SHB_12.11.2025_LS,SHB,584,12722,212.06,206.8,240.7,38.9,24.1,0.4258,1
EagleCreekDrEtc_SHB_12.11.2025_LS,SHB,584,12723,212.08,205.2,241.1,39.1,23.7,0.3614,1
EagleCreekDrEtc_SHB_12.11.2025_LS,SHB,584,12724,212.09,206.5,243.1,41.5,24.2,0.4305,1
EagleCreekDrEtc_SHB_12.11.2025_LS,SHB,584,12725,212.11,208.1,244.9,38.7,24.3,0.545,1
EagleCreekDrEtc_SHB_12.11.2025_LS,SHB,584,12726,212.13,206.5,247.2,36.3,24.1,0.3453,1
EagleCreekDrEtc_SHB_12.11.2025_LS,SHB,584,12727,212.14,203.1,247.4,35.8,23.6,0.5469,1
EagleCreekDrEtc_SHB_12.11.2025_LS,SHB,584,12728,212.16,200.8,246.4,38.9,23.6,0.5832,1
EagleCreekDrEtc_SHB_12.11.2025_LS,SHB,584,12731,212.21,196.1,246.3,35.0,23.6,0.3237,1
EagleCreekDrEtc_SHB_12.11.2025_LS,SHB,584,12732,212.23,195.9,243.8,37.1,23.4,0.3601,1
EagleCreekDrEtc_SHB_12.11.2025_LS,SHB,584,12734,212.26,197.6,243.4,34.5,22.5,0.3201,1
EagleCreekDrEtc_SHB_12.11.2025_LS,SHB,584,12735,212.28,193.1,242.8,32.9,22.3,0.6182,1
EagleCreekDrEtc_SHB_12.11.2025_LS,SHB,584,12740,212.36,188.0,241.2,34.8,21.2,0.5459,1
EagleCreekDrEtc_SHB_12.11.2025_LS,SHB,584,12741,212.38,187.0,240.0,38.1,22.5,0.6007,1
EagleCreekDrEtc_SHB_12.11.2025_LS,SHB,584,12742,212.39,183.0,239.4,38.8,22.8,0.6593,1
EagleCreekDrEtc_SHB_12.11.2025_LS,SHB,584,12743,212.41,181.9,238.7,38.8,23.6,0.5911,1
EagleCreekDrEtc_SHB_12.11.2025_LS,SHB,584,12744,212.43,180.2,238.9,39.7,24.1,0.6174,1
EagleCreekDrEtc_SHB_12.11.2025_LS,SHB,584,12745,212.44,179.2,239.3,38.3,22.9,0.6109,1
EagleCreekDrEtc_SHB_12.11.2025_LS,SHB,584,12746,212.46,176.1,239.6,40.7,22.5,0.6535,1
EagleCreekDrEtc_SHB_12.11.2025_LS,SHB,584,12747,212.48,173.7,239.3,40.9,22.5,0.3128,1
EagleCreekDrEtc_SHB_12.11.2025_LS,SHB,584,12749,212.51,168.2,238.7,37.1,22.1,0.468,1
EagleCreekDrEtc_SHB_12.11.2025_LS,SHB,584,12758,212.66,134.8,242.1,33.4,23.2,0.4873,1
EagleCreekDrEtc_SHB_12.11.2025_LS,SHB,584,12759,212.68,132.7,240.9,34.3,23.3,0.5178,1
EagleCreekDrEtc_SHB_12.11.2025_LS,SHB,611,12625,210.44,92.4,217.9,36.6,21.3,0.5703,1
EagleCreekDrEtc_SHB_12.11.2025_LS,SHB,611,12626,210.46,92.6,216.8,37.7,22.4,0.6097,1
EagleCreekDrEtc_SHB_12.11.2025_LS,SHB,611,12627,210.48,91.4,216.1,38.0,22.6,0.3849,1
EagleCreekDrEtc_SHB_12.11.2025_LS,SHB,611,12632,210.56,84.0,215.9,34.5,22.0,0.5853,1
EagleCreekDrEtc_SHB_12.11.2025_LS,SHB,611,12634,210.59,87.7,216.8,32.6,20.6,0.3841,1
EagleCreekDrEtc_SHB_12.11.2025_LS,SHB,611,12637,210.64,77.9,216.3,37.0,21.1,0.5594,1
EagleCreekDrEtc_SHB_12.11.2025_LS,SHB,611,12638,210.66,78.3,216.2,39.6,22.2,0.3521,1
EagleCreekDrEtc_SHB_12.11.2025_LS,SHB,611,12644,210.76,75.1,214.2,33.4,21.6,0.7077,1
EagleCreekDrEtc_SHB_12.11.2025_LS,SHB,611,12645,210.78,73.0,213.8,32.8,22.1,0.7033,1
EagleCreekDrEtc_SHB_12.11.2025_LS,SHB,611,12646,210.79,71.6,213.3,33.8,21.8,0.6947,1
EagleCreekDrEtc_SHB_12.11.2025_LS,SHB,611,12647,210.81,70.8,212.8,35.9,21.6,0.5873,1
EagleCreekDrEtc_SHB_12.11.2025_LS,SHB,611,12648,210.83,72.0,214.1,37.0,22.0,0.4994,1
EagleCreekDrEtc_SHB_12.11.2025_LS,SHB,611,12649,210.84,70.3,213.7,37.2,22.3,0.3104,1
EagleCreekDrEtc_SHB_12.11.2025_LS,SHB,611,12650,210.86,67.7,214.2,38.5,22.5,0.3878,1
EagleCreekDrEtc_SHB_12.11.2025_LS,SHB,611,12651,210.88,68.8,215.4,35.9,22.2,0.5839,1
EagleCreekDrEtc_SHB_12.11.2025_LS,SHB,611,12652,210.89,68.7,216.6,35.9,22.0,0.4074,1
EagleCreekDrEtc_SHB_12.11.2025_LS,SHB,616,12632,210.56,297.2,210.4,34.2,23.7,0.4197,1
EagleCreekDrEtc_SHB_12.11.2025_LS,SHB,616,12634,210.59,296.1,210.0,34.8,22.7,0.5784,1
EagleCreekDrEtc_SHB_12.11.2025_LS,SHB,616,12635,210.61,294.0,210.3,35.0,23.2,0.683,1
EagleCreekDrEtc_SHB_12.11.2025_LS,SHB,616,12636,210.63,292.2,211.1,35.6,24.0,0.6558,1
EagleCreekDrEtc_SHB_12.11.2025_LS,SHB,616,12637,210.64,289.5,208.2,35.4,24.9,0.7051,1
EagleCreekDrEtc_SHB_12.11.2025_LS,SHB,616,12638,210.66,291.0,208.4,34.8,24.8,0.6559,1
EagleCreekDrEtc_SHB_12.11.2025_LS,SHB,616,12645,210.78,287.3,210.5,34.7,22.9,0.623,1
EagleCreekDrEtc_SHB_12.11.2025_LS,SHB,616,12649,210.84,280.1,208.8,36.3,23.7,0.7366,1
EagleCreekDrEtc_SHB_12.11.2025_LS,SHB,616,12650,210.86,277.6,208.4,38.6,24.4,0.7028,1
EagleCreekDrEtc_SHB_12.11.2025_LS,SHB,616,12651,210.88,276.6,208.3,37.3,24.4,0.7315,1
EagleCreekDrEtc_SHB_12.11.2025_LS,SHB,616,12652,210.89,275.1,208.4,38.0,24.7,0.7181,1
EagleCreekDrEtc_SHB_12.11.2025_LS,SHB,616,12653,210.91,275.1,208.1,36.4,23.2,0.4041,1
EagleCreekDrEtc_SHB_12.11.2025_LS,SHB,616,12655,210.94,268.6,209.1,36.8,22.5,0.2855,1
EagleCreekDrEtc_SHB_12.11.2025_LS,SHB,616,12656,210.96,268.2,208.0,37.2,21.2,0.4244,1
EagleCreekDrEtc_SHB_12.11.2025_LS,SHB,622,12642,210.73,348.8,209.1,33.4,22.8,0.4706,0
EagleCreekDrEtc_SHB_12.11.2025_LS,SHB,622,12665,211.11,244.6,215.8,36.3,23.3,0.3926,0
EagleCreekDrEtc_SHB_12.11.2025_LS,SHB,622,12666,211.13,241.5,215.6,35.8,23.2,0.6663,0
EagleCreekDrEtc_SHB_12.11.2025_LS,SHB,623,12645,210.78,374.2,210.0,32.5,24.1,0.6545,0
EagleCreekDrEtc_SHB_12.11.2025_LS,SHB,623,12646,210.79,372.0,211.5,30.8,23.8,0.639,0
EagleCreekDrEtc_SHB_12.11.2025_LS,SHB,623,12647,210.81,371.8,212.5,32.2,24.1,0.5501,0
EagleCreekDrEtc_SHB_12.11.2025_LS,SHB,623,12648,210.83,372.3,213.1,31.1,23.5,0.263,0
EagleCreekDrEtc_SHB_12.11.2025_LS,SHB,623,12650,210.86,369.4,212.0,30.9,22.6,0.3387,0
EagleCreekDrEtc_SHB_12.11.2025_LS,SHB,624,12645,210.78,320.9,212.6,34.9,23.6,0.5046,0
EagleCreekDrEtc_SHB_12.11.2025_LS,SHB,624,12646,210.79,319.5,213.5,34.1,23.2,0.5892,0
EagleCreekDrEtc_SHB_12.11.2025_LS,SHB,624,12647,210.81,316.4,213.7,32.6,22.8,0.2915,0
EagleCreekDrEtc_SHB_12.11.2025_LS,SHB,632,12665,211.11,363.4,209.4,33.8,25.8,0.5909,1
EagleCreekDrEtc_SHB_12.11.2025_LS,SHB,632,12666,211.13,363.4,209.2,33.1,26.7,0.4227,1
EagleCreekDrEtc_SHB_12.11.2025_LS,SHB,632,12669,211.18,355.3,215.5,32.0,24.6,0.6249,1
EagleCreekDrEtc_SHB_12.11.2025_LS,SHB,632,12670,211.19,354.2,216.7,30.8,23.9,0.6595,1
EagleCreekDrEtc_SHB_12.11.2025_LS,SHB,632,12671,211.21,352.6,217.1,29.4,22.7,0.6754,1
EagleCreekDrEtc_SHB_12.11.2025_LS,SHB,632,12673,211.24,350.7,216.5,31.3,23.6,0.6142,1
EagleCreekDrEtc_SHB_12.11.2025_LS,SHB,632,12674,211.26,347.8,216.2,30.8,24.0,0.7007,1
EagleCreekDrEtc_SHB_12.11.2025_LS,SHB,632,12675,211.28,347.6,215.3,32.0,24.5,0.6926,1
EagleCreekDrEtc_SHB_12.11.2025_LS,SHB,632,12676,211.29,346.3,215.1,32.6,24.4,0.718,1
EagleCreekDrEtc_SHB_12.11.2025_LS,SHB,632,12677,211.31,346.6,214.4,32.5,24.1,0.7201,1
EagleCreekDrEtc_SHB_12.11.2025_LS,SHB,632,12678,211.33,345.9,214.6,31.7,23.6,0.7403,1
EagleCreekDrEtc_SHB_12.11.2025_LS,SHB,632,12679,211.34,344.9,215.5,30.6,22.3,0.6407,1
EagleCreekDrEtc_SHB_12.11.2025_LS,SHB,632,12680,211.36,344.1,215.5,29.8,22.0,0.686,1
EagleCreekDrEtc_SHB_12.11.2025_LS,SHB,632,12682,211.39,342.2,218.0,28.9,22.8,0.6966,1
EagleCreekDrEtc_SHB_12.11.2025_LS,SHB,632,12683,211.41,343.1,219.2,29.6,23.0,0.7294,1
EagleCreekDrEtc_SHB_12.11.2025_LS,SHB,632,12684,211.43,341.1,219.0,30.3,23.7,0.7097,1
EagleCreekDrEtc_SHB_12.11.2025_LS,SHB,632,12685,211.44,341.1,220.0,30.2,23.7,0.6329,1
EagleCreekDrEtc_SHB_12.11.2025_LS,SHB,632,12686,211.46,339.2,218.7,31.1,23.8,0.6021,1
EagleCreekDrEtc_SHB_12.11.2025_LS,SHB,632,12688,211.49,334.7,218.0,32.4,24.2,0.5454,1
EagleCreekDrEtc_SHB_12.11.2025_LS,SHB,632,12689,211.51,332.3,217.3,31.0,23.7,0.5941,1
EagleCreekDrEtc_SHB_12.11.2025_LS,SHB,637,12669,211.18,244.4,216.2,38.7,23.2,0.5891,0
EagleCreekDrEtc_SHB_12.11.2025_LS,SHB,637,12670,211.19,242.3,216.0,39.6,22.6,0.6711,0
EagleCreekDrEtc_SHB_12.11.2025_LS,SHB,637,12671,211.21,241.7,217.3,38.7,23.0,0.6878,0
EagleCreekDrEtc_SHB_12.11.2025_LS,SHB,637,12672,211.23,238.6,217.5,38.2,22.8,0.6831,0
EagleCreekDrEtc_SHB_12.11.2025_LS,SHB,637,12673,211.24,234.9,219.6,35.9,23.3,0.5436,0
EagleCreekDrEtc_SHB_12.11.2025_LS,SHB,637,12676,211.29,231.9,222.7,36.2,22.9,0.4681,0
EagleCreekDrEtc_SHB_12.11.2025_LS,SHB,637,12677,211.31,228.2,223.9,35.1,22.0,0.4968,0
EagleCreekDrEtc_SHB_12.11.2025_LS,SHB,647,12700,211.69,328.5,228.1,30.4,22.8,0.7324,1
EagleCreekDrEtc_SHB_12.11.2025_LS,SHB,647,12701,211.71,325.8,229.0,32.0,23.0,0.6857,1
EagleCreekDrEtc_SHB_12.11.2025_LS,SHB,647,12702,211.73,325.9,228.9,33.6,23.8,0.4854,1
EagleCreekDrEtc_SHB_12.11.2025_LS,SHB,647,12703,211.74,325.7,230.5,32.5,22.9,0.6782,1
EagleCreekDrEtc_SHB_12.11.2025_LS,SHB,647,12704,211.76,325.0,231.6,32.8,23.8,0.6234,1
EagleCreekDrEtc_SHB_12.11.2025_LS,SHB,647,12705,211.78,323.4,232.2,33.8,24.4,0.4625,1
EagleCreekDrEtc_SHB_12.11.2025_LS,SHB,647,12706,211.79,322.3,232.9,34.0,24.8,0.492,1
EagleCreekDrEtc_SHB_12.11.2025_LS,SHB,647,12707,211.81,320.1,234.2,32.7,25.0,0.265,1
EagleCreekDrEtc_SHB_12.11.2025_LS,SHB,647,12708,211.83,318.0,235.5,35.0,26.0,0.3703,1
EagleCreekDrEtc_SHB_12.11.2025_LS,SHB,647,12709,211.84,319.4,232.9,34.4,23.7,0.5042,1
EagleCreekDrEtc_SHB_12.11.2025_LS,SHB,647,12711,211.88,315.6,237.3,32.3,22.5,0.4152,1
EagleCreekDrEtc_SHB_12.11.2025_LS,SHB,647,12712,211.89,313.0,238.4,33.0,23.1,0.4264,1
EagleCreekDrEtc_SHB_12.11.2025_LS,SHB,647,12713,211.91,312.6,238.9,31.7,23.3,0.6152,1
EagleCreekDrEtc_SHB_12.11.2025_LS,SHB,647,12714,211.93,314.8,239.7,30.9,22.9,0.5205,1
EagleCreekDrEtc_SHB_12.11.2025_LS,SHB,647,12716,211.96,315.6,240.6,31.7,22.6,0.5585,1
EagleCreekDrEtc_SHB_12.11.2025_LS,SHB,647,12717,211.98,316.2,240.0,33.6,22.6,0.3981,1
EagleCreekDrEtc_SHB_12.11.2025_LS,SHB,647,12719,212.01,311.1,242.3,32.1,23.7,0.4596,1
EagleCreekDrEtc_SHB_12.11.2025_LS,SHB,647,12720,212.03,308.9,244.9,32.4,23.0,0.556,1
EagleCreekDrEtc_SHB_12.11.2025_LS,SHB,647,12721,212.04,306.7,244.2,32.0,22.2,0.5498,1
EagleCreekDrEtc_SHB_12.11.2025_LS,SHB,647,12722,212.06,305.2,244.1,32.6,22.5,0.6002,1
EagleCreekDrEtc_SHB_12.11.2025_LS,SHB,647,12723,212.08,304.6,243.1,32.4,22.9,0.7023,1
EagleCreekDrEtc_SHB_12.11.2025_LS,SHB,647,12724,212.09,302.5,242.8,32.5,23.4,0.7185,1
EagleCreekDrEtc_SHB_12.11.2025_LS,SHB,647,12725,212.11,301.4,242.8,32.2,23.6,0.7347,1
EagleCreekDrEtc_SHB_12.11.2025_LS,SHB,647,12726,212.13,300.1,243.3,31.6,23.3,0.7291,1
EagleCreekDrEtc_SHB_12.11.2025_LS,SHB,647,12727,212.14,299.2,243.0,30.9,23.0,0.7288,1
EagleCreekDrEtc_SHB_12.11.2025_LS,SHB,647,12728,212.16,297.5,243.5,30.4,23.5,0.7346,1
EagleCreekDrEtc_SHB_12.11.2025_LS,SHB,647,12729,212.18,295.4,244.0,31.2,23.2,0.7414,1
EagleCreekDrEtc_SHB_12.11.2025_LS,SHB,647,12730,212.19,294.0,244.3,31.1,23.1,0.7529,1
EagleCreekDrEtc_SHB_12.11.2025_LS,SHB,647,12731,212.21,291.8,243.4,31.7,23.3,0.7194,1
EagleCreekDrEtc_SHB_12.11.2025_LS,SHB,647,12734,212.26,289.3,241.7,31.7,23.6,0.728,1
EagleCreekDrEtc_SHB_12.11.2025_LS,SHB,647,12735,212.28,288.5,241.5,32.6,23.7,0.719,1
EagleCreekDrEtc_SHB_12.11.2025_LS,SHB,647,12736,212.29,287.1,239.0,35.0,22.9,0.6632,1
EagleCreekDrEtc_SHB_12.11.2025_LS,SHB,647,12737,212.31,285.4,239.9,32.7,22.8,0.6052,1
EagleCreekDrEtc_SHB_12.11.2025_LS,SHB,647,12740,212.36,277.9,240.4,30.9,24.0,0.4519,1
EagleCreekDrEtc_SHB_12.11.2025_LS,SHB,647,12742,212.39,279.4,241.5,29.6,23.5,0.5152,1
EagleCreekDrEtc_SHB_12.11.2025_LS,SHB,647,12743,212.41,272.4,239.5,33.4,24.4,0.5825,1
EagleCreekDrEtc_SHB_12.11.2025_LS,SHB,647,12744,212.43,272.8,239.7,30.9,24.2,0.4582,1
EagleCreekDrEtc_SHB_12.11.2025_LS,SHB,647,12745,212.44,275.2,239.4,33.6,24.9,0.6675,1
EagleCreekDrEtc_SHB_12.11.2025_LS,SHB,647,12746,212.46,276.4,239.1,35.1,25.3,0.7097,1
EagleCreekDrEtc_SHB_12.11.2025_LS,SHB,647,12747,212.48,275.8,239.0,33.2,24.9,0.7102,1
EagleCreekDrEtc_SHB_12.11.2025_LS,SHB,647,12748,212.49,275.6,238.7,33.6,24.3,0.7179,1
EagleCreekDrEtc_SHB_12.11.2025_LS,SHB,647,12749,212.51,274.3,238.7,34.0,25.2,0.767,1
EagleCreekDrEtc_SHB_12.11.2025_LS,SHB,647,12750,212.53,272.7,238.9,35.9,26.0,0.7549,1
EagleCreekDrEtc_SHB_12.11.2025_LS,SHB,647,12751,212.54,271.7,237.9,36.6,25.6,0.7051,1
EagleCreekDrEtc_SHB_12.11.2025_LS,SHB,647,12752,212.56,270.6,237.3,34.9,24.9,0.732,1
EagleCreekDrEtc_SHB_12.11.2025_LS,SHB,647,12753,212.58,269.3,237.2,34.6,25.3,0.7298,1
EagleCreekDrEtc_SHB_12.11.2025_LS,SHB,647,12754,212.59,267.6,237.4,33.8,25.2,0.7184,1
EagleCreekDrEtc_SHB_12.11.2025_LS,SHB,647,12755,212.61,266.8,238.6,32.2,25.5,0.699,1
EagleCreekDrEtc_SHB_12.11.2025_LS,SHB,647,12756,212.63,266.5,240.6,31.2,25.4,0.4229,1
EagleCreekDrEtc_SHB_12.11.2025_LS,SHB,647,12758,212.66,265.5,238.1,32.1,24.6,0.4133,1
EagleCreekDrEtc_SHB_12.11.2025_LS,SHB,647,12759,212.68,261.3,237.5,33.9,24.5,0.6343,1
EagleCreekDrEtc_SHB_12.11.2025_LS,SHB,647,12760,212.69,258.4,237.0,35.9,24.7,0.7226,1
EagleCreekDrEtc_SHB_12.11.2025_LS,SHB,647,12761,212.71,257.6,237.0,34.4,24.3,0.5832,1
EagleCreekDrEtc_SHB_12.11.2025_LS,SHB,647,12762,212.73,258.1,237.7,33.2,24.2,0.6711,1
EagleCreekDrEtc_SHB_12.11.2025_LS,SHB,647,12763,212.74,258.1,237.5,30.9,23.5,0.6518,1
EagleCreekDrEtc_SHB_12.11.2025_LS,SHB,647,12767,212.81,252.1,235.6,31.8,24.6,0.7098,1
EagleCreekDrEtc_SHB_12.11.2025_LS,SHB,647,12768,212.83,250.3,236.1,32.2,24.3,0.7362,1
EagleCreekDrEtc_SHB_12.11.2025_LS,SHB,647,12769,212.84,249.3,237.1,32.7,24.1,0.7431,1
EagleCreekDrEtc_SHB_12.11.2025_LS,SHB,647,12770,212.86,247.5,237.4,33.3,24.2,0.7662,1
EagleCreekDrEtc_SHB_12.11.2025_LS,SHB,647,12771,212.88,246.1,238.5,32.3,23.8,0.7299,1
EagleCreekDrEtc_SHB_12.11.2025_LS,SHB,647,12772,212.89,246.4,237.3,33.2,24.0,0.7456,1
EagleCreekDrEtc_SHB_12.11.2025_LS,SHB,647,12773,212.91,246.4,236.5,34.0,24.4,0.7294,1
EagleCreekDrEtc_SHB_12.11.2025_LS,SHB,647,12774,212.93,246.3,236.2,32.8,23.9,0.7334,1
EagleCreekDrEtc_SHB_12.11.2025_LS,SHB,647,12775,212.94,244.5,237.0,32.5,24.1,0.7433,1
EagleCreekDrEtc_SHB_12.11.2025_LS,SHB,647,12776,212.96,244.2,237.4,32.4,24.3,0.7414,1
EagleCreekDrEtc_SHB_12.11.2025_LS,SHB,647,12777,212.98,241.0,238.3,34.3,25.0,0.6977,1
EagleCreekDrEtc_SHB_12.11.2025_LS,SHB,647,12778,212.99,239.8,238.3,35.6,25.7,0.6085,1
EagleCreekDrEtc_SHB_12.11.2025_LS,SHB,647,12779,213.01,239.7,237.5,37.2,25.2,0.7037,1
EagleCreekDrEtc_SHB_12.11.2025_LS,SHB,647,12780,213.03,238.8,237.2,35.8,23.8,0.7354,1
EagleCreekDrEtc_SHB_12.11.2025_LS,SHB,647,12781,213.04,238.3,238.3,35.3,22.9,0.7226,1
EagleCreekDrEtc_SHB_12.11.2025_LS,SHB,647,12782,213.06,237.5,237.7,35.0,22.9,0.7427,1
EagleCreekDrEtc_SHB_12.11.2025_LS,SHB,647,12783,213.08,236.4,237.6,33.5,22.4,0.7155,1
EagleCreekDrEtc_SHB_12.11.2025_LS,SHB,647,12784,213.09,236.0,239.1,30.2,21.8,0.5832,1
EagleCreekDrEtc_SHB_12.11.2025_LS,SHB,647,12785,213.11,235.3,239.5,30.3,22.1,0.5058,1
EagleCreekDrEtc_SHB_12.11.2025_LS,SHB,647,12795,213.28,226.0,238.0,29.1,23.0,0.4077,1
EagleCreekDrEtc_SHB_12.11.2025_LS,SHB,647,12796,213.29,224.8,238.3,29.7,23.0,0.6343,1
EagleCreekDrEtc_SHB_12.11.2025_LS,SHB,647,12797,213.31,224.1,238.8,29.8,23.3,0.6364,1
EagleCreekDrEtc_SHB_12.11.2025_LS,SHB,647,12798,213.33,222.2,238.0,30.0,23.1,0.6536,1
EagleCreekDrEtc_SHB_12.11.2025_LS,SHB,647,12799,213.34,220.1,238.9,30.2,23.3,0.6904,1
EagleCreekDrEtc_SHB_12.11.2025_LS,SHB,647,12800,213.36,219.6,238.9,30.3,23.6,0.7226,1
EagleCreekDrEtc_SHB_12.11.2025_LS,SHB,647,12801,213.38,218.6,239.3,30.8,23.4,0.7283,1
EagleCreekDrEtc_SHB_12.11.2025_LS,SHB,647,12802,213.39,217.1,240.5,32.0,24.4,0.6883,1
EagleCreekDrEtc_SHB_12.11.2025_LS,SHB,647,12803,213.41,214.1,241.2,32.7,24.3,0.5863,1
EagleCreekDrEtc_SHB_12.11.2025_LS,SHB,647,12804,213.43,213.3,242.5,34.4,24.0,0.6042,1
EagleCreekDrEtc_SHB_12.11.2025_LS,SHB,647,12805,213.44,213.2,243.8,35.3,23.6,0.6197,1
EagleCreekDrEtc_SHB_12.11.2025_LS,SHB,647,12806,213.46,212.0,242.0,34.8,22.3,0.3346,1
EagleCreekDrEtc_SHB_12.11.2025_LS,SHB,647,12808,213.49,205.8,245.2,37.5,23.6,0.4009,1
EagleCreekDrEtc_SHB_12.11.2025_LS,SHB,647,12809,213.51,204.4,245.9,35.6,24.0,0.6695,1
EagleCreekDrEtc_SHB_12.11.2025_LS,SHB,647,12810,213.53,204.7,246.9,33.9,23.9,0.4924,1
EagleCreekDrEtc_SHB_12.11.2025_LS,SHB,647,12816,213.63,203.6,244.5,32.9,24.2,0.4093,1
EagleCreekDrEtc_SHB_12.11.2025_LS,SHB,647,12818,213.66,201.0,245.3,30.5,23.7,0.2891,1
EagleCreekDrEtc_SHB_12.11.2025_LS,SHB,647,12824,213.76,193.4,245.7,30.9,24.3,0.6157,1
EagleCreekDrEtc_SHB_12.11.2025_LS,SHB,647,12825,213.78,192.2,246.3,31.0,24.9,0.6866,1
EagleCreekDrEtc_SHB_12.11.2025_LS,SHB,647,12826,213.79,191.1,246.1,30.6,25.1,0.5648,1
EagleCreekDrEtc_SHB_12.11.2025_LS,SHB,647,12827,213.81,190.1,245.7,29.3,23.9,0.6717,1
EagleCreekDrEtc_SHB_12.11.2025_LS,SHB,647,12828,213.83,190.2,245.8,29.3,24.0,0.5881,1
EagleCreekDrEtc_SHB_12.11.2025_LS,SHB,647,12829,213.84,188.3,245.3,29.2,23.6,0.6208,1
EagleCreekDrEtc_SHB_12.11.2025_LS,SHB,647,12830,213.86,186.7,244.9,29.5,23.9,0.4494,1
EagleCreekDrEtc_SHB_12.11.2025_LS,SHB,647,12831,213.88,185.3,244.8,29.3,23.9,0.5686,1
EagleCreekDrEtc_SHB_12.11.2025_LS,SHB,647,12832,213.89,184.5,244.7,29.4,23.9,0.6772,1
EagleCreekDrEtc_SHB_12.11.2025_LS,SHB,647,12833,213.91,182.3,242.5,29.0,23.5,0.4521,1
EagleCreekDrEtc_SHB_12.11.2025_LS,SHB,647,12834,213.93,181.3,240.9,28.9,23.7,0.7052,1
EagleCreekDrEtc_SHB_12.11.2025_LS,SHB,647,12835,213.94,179.5,241.6,30.6,24.4,0.6887,1
EagleCreekDrEtc_SHB_12.11.2025_LS,SHB,647,12836,213.96,179.0,241.1,30.6,24.8,0.7285,1
EagleCreekDrEtc_SHB_12.11.2025_LS,SHB,647,12837,213.98,178.8,241.1,29.8,24.2,0.7111,1
EagleCreekDrEtc_SHB_12.11.2025_LS,SHB,647,12838,213.99,177.4,241.6,29.7,24.1,0.6051,1
EagleCreekDrEtc_SHB_12.11.2025_LS,SHB,647,12839,214.01,176.7,240.7,29.4,23.6,0.646,1
EagleCreekDrEtc_SHB_12.11.2025_LS,SHB,660,12763,212.74,160.3,238.3,39.2,22.7,0.6075,1
EagleCreekDrEtc_SHB_12.11.2025_LS,SHB,660,12764,212.76,158.7,238.2,37.3,23.2,0.6613,1
EagleCreekDrEtc_SHB_12.11.2025_LS,SHB,660,12765,212.78,158.8,238.5,38.9,23.6,0.687,1
EagleCreekDrEtc_SHB_12.11.2025_LS,SHB,660,12766,212.79,157.8,238.0,38.3,23.7,0.7309,1
EagleCreekDrEtc_SHB_12.11.2025_LS,SHB,660,12767,212.81,157.7,237.9,39.8,23.2,0.6735,1
EagleCreekDrEtc_SHB_12.11.2025_LS,SHB,660,12768,212.83,159.1,238.8,40.2,22.7,0.6644,1
EagleCreekDrEtc_SHB_12.11.2025_LS,SHB,660,12769,212.84,161.0,239.9,38.4,21.6,0.7093,1
EagleCreekDrEtc_SHB_12.11.2025_LS,SHB,660,12770,212.86,160.2,239.8,38.7,21.8,0.7023,1
EagleCreekDrEtc_SHB_12.11.2025_LS,SHB,660,12771,212.88,156.5,239.7,39.2,21.7,0.7429,1
EagleCreekDrEtc_SHB_12.11.2025_LS,SHB,660,12772,212.89,155.6,239.7,40.0,21.6,0.7629,1
EagleCreekDrEtc_SHB_12.11.2025_LS,SHB,660,12773,212.91,154.5,240.3,40.6,22.2,0.7515,1
EagleCreekDrEtc_SHB_12.11.2025_LS,SHB,660,12774,212.93,151.9,240.7,41.4,22.6,0.7472,1
EagleCreekDrEtc_SHB_12.11.2025_LS,SHB,660,12775,212.94,149.2,240.5,41.4,22.7,0.7681,1
EagleCreekDrEtc_SHB_12.11.2025_LS,SHB,660,12776,212.96,146.7,241.0,41.3,23.0,0.7829,1
EagleCreekDrEtc_SHB_12.11.2025_LS,SHB,660,12777,212.98,143.8,241.3,42.1,23.4,0.7848,1
EagleCreekDrEtc_SHB_12.11.2025_LS,SHB,660,12778,212.99,141.4,241.3,41.8,23.8,0.7629,1
EagleCreekDrEtc_SHB_12.11.2025_LS,SHB,660,12779,213.01,139.9,240.9,41.9,24.4,0.7346,1
EagleCreekDrEtc_SHB_12.11.2025_LS,SHB,660,12780,213.03,139.1,241.5,39.6,23.5,0.7417,1
EagleCreekDrEtc_SHB_12.11.2025_LS,SHB,660,12781,213.04,138.4,242.3,39.3,23.3,0.7249,1
EagleCreekDrEtc_SHB_12.11.2025_LS,SHB,660,12782,213.06,136.2,241.5,39.0,23.0,0.7159,1
EagleCreekDrEtc_SHB_12.11.2025_LS,SHB,660,12783,213.08,135.4,241.4,40.2,23.1,0.7098,1
EagleCreekDrEtc_SHB_12.11.2025_LS,SHB,660,12784,213.09,134.3,241.6,41.2,23.4,0.7153,1
EagleCreekDrEtc_SHB_12.11.2025_LS,SHB,660,12785,213.11,132.8,241.5,41.3,23.4,0.7093,1
EagleCreekDrEtc_SHB_12.11.2025_LS,SHB,660,12786,213.13,132.5,241.9,40.8,23.2,0.7785,1
EagleCreekDrEtc_SHB_12.11.2025_LS,SHB,660,12787,213.14,131.7,241.5,41.9,23.7,0.7562,1
EagleCreekDrEtc_SHB_12.11.2025_LS,SHB,660,12788,213.16,130.0,240.7,42.5,24.2,0.7266,1
EagleCreekDrEtc_SHB_12.11.2025_LS,SHB,660,12789,213.18,128.4,241.0,41.1,23.6,0.7278,1
EagleCreekDrEtc_SHB_12.11.2025_LS,SHB,660,12790,213.19,127.7,240.9,39.0,22.6,0.7199,1
EagleCreekDrEtc_SHB_12.11.2025_LS,SHB,660,12791,213.21,126.0,240.9,36.7,22.3,0.6333,1
EagleCreekDrEtc_SHB_12.11.2025_LS,SHB,660,12792,213.23,123.2,240.8,36.0,22.2,0.4962,1
EagleCreekDrEtc_SHB_12.11.2025_LS,SHB,660,12793,213.24,122.9,241.3,34.5,22.4,0.4839,1
EagleCreekDrEtc_SHB_12.11.2025_LS,SHB,660,12794,213.26,123.6,241.4,34.6,23.3,0.291,1
EagleCreekDrEtc_SHB_12.11.2025_LS,SHB,660,12795,213.28,123.4,243.2,35.4,24.4,0.2588,1
EagleCreekDrEtc_SHB_12.11.2025_LS,SHB,660,12799,213.34,120.5,243.9,36.8,24.6,0.4512,1
EagleCreekDrEtc_SHB_12.11.2025_LS,SHB,660,12800,213.36,120.1,241.6,37.9,24.1,0.4767,1
EagleCreekDrEtc_SHB_12.11.2025_LS,SHB,660,12802,213.39,114.0,241.4,40.7,24.7,0.5165,1
EagleCreekDrEtc_SHB_12.11.2025_LS,SHB,660,12803,213.41,112.0,243.1,41.5,24.4,0.5218,1
EagleCreekDrEtc_SHB_12.11.2025_LS,SHB,660,12804,213.43,112.6,243.3,40.7,23.2,0.414,1
EagleCreekDrEtc_SHB_12.11.2025_LS,SHB,660,12809,213.51,110.8,247.0,40.5,23.7,0.4032,1
EagleCreekDrEtc_SHB_12.11.2025_LS,SHB,660,12810,213.53,109.3,245.9,38.9,23.7,0.2667,1
EagleCreekDrEtc_SHB_12.11.2025_LS,SHB,660,12811,213.54,108.2,246.1,42.0,24.4,0.2536,1
EagleCreekDrEtc_SHB_12.11.2025_LS,SHB,660,12812,213.56,106.3,245.1,41.2,24.1,0.4213,1
EagleCreekDrEtc_SHB_12.11.2025_LS,SHB,660,12813,213.58,104.1,245.6,38.7,23.0,0.4804,1
EagleCreekDrEtc_SHB_12.11.2025_LS,SHB,660,12814,213.59,104.6,245.1,39.5,22.9,0.4973,1
EagleCreekDrEtc_SHB_12.11.2025_LS,SHB,660,12817,213.64,95.2,248.1,41.2,23.6,0.5921,1
EagleCreekDrEtc_SHB_12.11.2025_LS,SHB,660,12818,213.66,96.8,249.1,37.6,22.8,0.5985,1
EagleCreekDrEtc_SHB_12.11.2025_LS,SHB,660,12819,213.68,96.3,248.1,35.9,21.7,0.5595,1
EagleCreekDrEtc_SHB_12.11.2025_LS,SHB,660,12820,213.69,96.4,248.0,35.5,23.1,0.4892,1
EagleCreekDrEtc_SHB_12.11.2025_LS,SHB,660,12821,213.71,92.1,246.9,37.7,23.1,0.4249,1
EagleCreekDrEtc_SHB_12.11.2025_LS,SHB,660,12822,213.73,91.2,246.3,36.9,22.8,0.687,1
EagleCreekDrEtc_SHB_12.11.2025_LS,SHB,660,12823,213.74,89.0,245.1,39.2,23.1,0.6621,1
EagleCreekDrEtc_SHB_12.11.2025_LS,SHB,660,12824,213.76,87.7,244.1,40.1,23.5,0.6552,1
EagleCreekDrEtc_SHB_12.11.2025_LS,SHB,660,12825,213.78,84.9,244.3,44.0,24.8,0.6311,1
EagleCreekDrEtc_SHB_12.11.2025_LS,SHB,660,12826,213.79,86.2,245.1,40.1,24.2,0.4871,1
EagleCreekDrEtc_SHB_12.11.2025_LS,SHB,660,12829,213.84,79.6,242.8,36.6,24.4,0.3967,1
EagleCreekDrEtc_SHB_12.11.2025_LS,SHB,660,12831,213.88,79.0,245.4,34.4,23.6,0.5198,1
EagleCreekDrEtc_SHB_12.11.2025_LS,SHB,660,12832,213.89,75.8,244.0,34.9,23.3,0.6084,1
EagleCreekDrEtc_SHB_12.11.2025_LS,SHB,660,12833,213.91,75.2,243.1,34.0,22.9,0.5642,1
EagleCreekDrEtc_SHB_12.11.2025_LS,SHB,660,12834,213.93,76.2,244.1,36.5,23.5,0.6472,1
EagleCreekDrEtc_SHB_12.11.2025_LS,SHB,660,12835,213.94,76.7,243.7,36.2,23.4,0.6976,1
EagleCreekDrEtc_SHB_12.11.2025_LS,SHB,660,12836,213.96,74.2,242.6,37.5,22.8,0.7454,1
EagleCreekDrEtc_SHB_12.11.2025_LS,SHB,660,12837,213.98,72.3,241.9,38.8,23.2,0.7321,1
EagleCreekDrEtc_SHB_12.11.2025_LS,SHB,660,12838,213.99,67.5,241.4,37.8,23.2,0.6246,1
EagleCreekDrEtc_SHB_12.11.2025_LS,SHB,660,12839,214.01,63.5,240.8,38.2,23.6,0.6055,1
EagleCreekDrEtc_SHB_12.11.2025_LS,SHB,660,12840,214.03,56.1,241.5,40.4,22.6,0.4661,1
EagleCreekDrEtc_SHB_12.11.2025_LS,SHB,660,12841,214.04,51.2,242.0,40.2,22.6,0.4347,1
EagleCreekDrEtc_SHB_12.11.2025_LS,SHB,660,12842,214.06,49.9,241.3,39.2,22.2,0.4587,1
EagleCreekDrEtc_SHB_12.11.2025_LS,SHB,660,12843,214.08,41.2,242.6,32.6,21.1,0.5501,1
EagleCreekDrEtc_SHB_12.11.2025_LS,SHB,660,12844,214.09,35.3,242.2,33.1,21.1,0.6083,1
EagleCreekDrEtc_SHB_12.11.2025_LS,SHB,660,12845,214.11,34.1,241.9,32.6,21.2,0.5153,1
EagleCreekDrEtc_SHB_12.11.2025_LS,SHB,660,12846,214.13,33.7,242.4,35.8,22.2,0.5896,1
EagleCreekDrEtc_SHB_12.11.2025_LS,SHB,660,12847,214.14,33.7,241.0,36.9,22.5,0.5998,1
EagleCreekDrEtc_SHB_12.11.2025_LS,SHB,660,12848,214.16,32.6,240.7,36.6,22.1,0.622,1
EagleCreekDrEtc_SHB_12.11.2025_LS,SHB,660,12849,214.18,30.9,240.1,37.3,21.8,0.263,1
EagleCreekDrEtc_SHB_12.11.2025_LS,SHB,660,12851,214.21,33.8,239.9,37.2,23.0,0.3392,1
EagleCreekDrEtc_SHB_12.11.2025_LS,SHB,660,12852,214.23,28.0,239.3,41.4,23.9,0.3828,1
EagleCreekDrEtc_SHB_12.11.2025_LS,SHB,660,12853,214.24,30.5,239.0,41.0,23.3,0.5821,1
EagleCreekDrEtc_SHB_12.11.2025_LS,SHB,660,12854,214.26,31.4,238.8,41.8,23.2,0.5053,1
EagleCreekDrEtc_SHB_12.11.2025_LS,SHB,660,12855,214.28,32.5,239.3,40.4,22.9,0.503,1
EagleCreekDrEtc_SHB_12.11.2025_LS,SHB,660,12857,214.31,40.3,237.0,44.1,25.3,0.4581,1
EagleCreekDrEtc_SHB_12.11.2025_LS,SHB,660,12858,214.33,41.7,237.3,44.3,24.7,0.4164,1
EagleCreekDrEtc_SHB_12.11.2025_LS,SHB,660,12859,214.34,42.0,237.5,44.0,24.1,0.2919,1
EagleCreekDrEtc_SHB_12.11.2025_LS,SHB,660,12860,214.36,48.1,238.7,41.4,23.7,0.4541,1
EagleCreekDrEtc_SHB_12.11.2025_LS,SHB,660,12861,214.38,49.4,240.1,40.8,22.7,0.6816,1
EagleCreekDrEtc_SHB_12.11.2025_LS,SHB,660,12862,214.39,48.1,239.5,41.4,23.1,0.7009,1
EagleCreekDrEtc_SHB_12.11.2025_LS,SHB,660,12863,214.41,46.3,239.5,41.6,23.8,0.6079,1
EagleCreekDrEtc_SHB_12.11.2025_LS,SHB,660,12864,214.43,43.9,239.8,41.5,23.7,0.7065,1
EagleCreekDrEtc_SHB_12.11.2025_LS,SHB,660,12865,214.44,46.1,238.9,40.4,23.5,0.5867,1
EagleCreekDrEtc_SHB_12.11.2025_LS,SHB,660,12866,214.46,45.5,239.7,36.8,23.8,0.6305,1
EagleCreekDrEtc_SHB_12.11.2025_LS,SHB,660,12867,214.48,43.6,241.2,35.2,23.5,0.6751,1
EagleCreekDrEtc_SHB_12.11.2025_LS,SHB,660,12868,214.49,42.8,239.6,38.0,23.4,0.5618,1
EagleCreekDrEtc_SHB_12.11.2025_LS,SHB,660,12869,214.51,40.3,239.7,39.3,23.7,0.6296,1
EagleCreekDrEtc_SHB_12.11.2025_LS,SHB,660,12870,214.53,38.9,240.1,36.6,22.8,0.6437,1
EagleCreekDrEtc_SHB_12.11.2025_LS,SHB,660,12871,214.54,37.1,241.0,33.0,22.0,0.6846,1
EagleCreekDrEtc_SHB_12.11.2025_LS,SHB,660,12872,214.56,36.4,240.1,36.7,22.5,0.6625,1
EagleCreekDrEtc_SHB_12.11.2025_LS,SHB,660,12874,214.59,29.7,241.9,37.3,23.4,0.3319,1
EagleCreekDrEtc_SHB_12.11.2025_LS,SHB,660,12875,214.61,30.0,243.1,34.7,22.0,0.4277,1
EagleCreekDrEtc_SHB_12.11.2025_LS,SHB,660,12876,214.63,28.9,242.7,36.4,21.6,0.6335,1
EagleCreekDrEtc_SHB_12.11.2025_LS,SHB,660,12877,214.64,27.6,241.5,37.6,22.0,0.5512,1
EagleCreekDrEtc_SHB_12.11.2025_LS,SHB,676,12860,214.36,153.1,235.9,31.9,23.2,0.5978,0
EagleCreekDrEtc_SHB_12.11.2025_LS,SHB,676,12861,214.38,152.1,236.9,32.1,22.9,0.5954,0
EagleCreekDrEtc_SHB_12.11.2025_LS,SHB,676,12862,214.39,151.7,237.5,32.6,23.3,0.5839,0
EagleCreekDrEtc_SHB_12.11.2025_LS,SHB,676,12863,214.41,153.0,235.3,31.8,23.6,0.62,0
EagleCreekDrEtc_SHB_12.11.2025_LS,SHB,676,12864,214.43,152.6,234.4,30.6,23.4,0.7174,0
EagleCreekDrEtc_SHB_12.11.2025_LS,SHB,676,12865,214.44,152.8,235.5,31.5,24.4,0.4846,0
EagleCreekDrEtc_SHB_12.11.2025_LS,SHB,676,12867,214.48,149.4,240.0,28.6,22.6,0.6077,0
EagleCreekDrEtc_SHB_12.11.2025_LS,SHB,676,12868,214.49,149.1,239.9,29.9,22.7,0.4066,0
EagleCreekDrEtc_SHB_12.11.2025_LS,SHB,676,12869,214.51,149.6,240.3,30.9,22.7,0.383,0
EagleCreekDrEtc_SHB_12.11.2025_LS,SHB,684,12928,215.49,80.5,257.9,28.9,20.6,0.4831,1
EagleCreekDrEtc_SHB_12.11.2025_LS,SHB,684,12930,215.53,79.1,256.9,27.8,20.6,0.6115,1
EagleCreekDrEtc_SHB_12.11.2025_LS,SHB,684,12931,215.54,78.3,256.0,29.6,21.4,0.5052,1
EagleCreekDrEtc_SHB_12.11.2025_LS,SHB,684,12941,215.71,69.2,258.1,29.9,23.3,0.462,1
EagleCreekDrEtc_SHB_12.11.2025_LS,SHB,684,12942,215.73,69.7,257.9,28.0,23.3,0.6819,1
EagleCreekDrEtc_SHB_12.11.2025_LS,SHB,684,12943,215.74,67.3,257.9,27.3,23.0,0.6446,1
EagleCreekDrEtc_SHB_12.11.2025_LS,SHB,684,12944,215.76,66.1,259.1,28.1,23.4,0.6345,1
EagleCreekDrEtc_SHB_12.11.2025_LS,SHB,684,12945,215.78,66.1,259.7,28.3,22.7,0.6028,1
EagleCreekDrEtc_SHB_12.11.2025_LS,SHB,684,12946,215.79,65.9,259.9,28.1,22.4,0.644,1
EagleCreekDrEtc_SHB_12.11.2025_LS,SHB,684,12947,215.81,65.3,260.8,27.8,22.1,0.6628,1
EagleCreekDrEtc_SHB_12.11.2025_LS,SHB,684,12948,215.83,64.1,260.9,29.3,22.2,0.6217,1
EagleCreekDrEtc_SHB_12.11.2025_LS,SHB,684,12949,215.84,64.2,261.0,28.9,22.7,0.4337,1
EagleCreekDrEtc_SHB_12.11.2025_LS,SHB,684,12955,215.94,60.2,257.9,30.9,23.3,0.4706,1
EagleCreekDrEtc_SHB_12.11.2025_LS,SHB,684,12956,215.96,59.4,258.2,31.7,23.5,0.5153,1
EagleCreekDrEtc_SHB_12.11.2025_LS,SHB,684,12957,215.98,60.8,258.6,30.3,22.5,0.3688,1
EagleCreekDrEtc_SHB_12.11.2025_LS,SHB,684,12958,215.99,61.4,259.6,29.7,22.3,0.3903,1
EagleCreekDrEtc_SHB_12.11.2025_LS,SHB,684,12960,216.03,60.4,259.9,27.8,21.1,0.4695,1
EagleCreekDrEtc_SHB_12.11.2025_LS,SHB,684,12961,216.04,59.4,261.4,26.9,21.2,0.3102,1
EagleCreekDrEtc_SHB_12.11.2025_LS,SHB,684,12962,216.06,58.6,261.4,26.0,22.0,0.2915,1
EagleCreekDrEtc_SHB_12.11.2025_LS,SHB,684,12977,216.31,54.5,259.5,28.9,21.7,0.4201,1
EagleCreekDrEtc_SHB_12.11.2025_LS,SHB,684,12978,216.33,53.3,259.0,29.0,22.4,0.4585,1
EagleCreekDrEtc_SHB_12.11.2025_LS,SHB,684,12979,216.34,53.0,258.7,28.7,22.5,0.6114,1
EagleCreekDrEtc_SHB_12.11.2025_LS,SHB,684,12980,216.36,51.9,259.2,28.7,22.2,0.5763,1
EagleCreekDrEtc_SHB_12.11.2025_LS,SHB,684,12981,216.38,50.4,258.5,28.0,22.3,0.6628,1
EagleCreekDrEtc_SHB_12.11.2025_LS,SHB,684,12982,216.39,49.8,258.3,28.4,22.6,0.6521,1
EagleCreekDrEtc_SHB_12.11.2025_LS,SHB,684,12983,216.41,49.5,259.3,29.3,23.2,0.6821,1
EagleCreekDrEtc_SHB_12.11.2025_LS,SHB,684,12984,216.43,48.7,258.5,30.1,23.6,0.5822,1
EagleCreekDrEtc_SHB_12.11.2025_LS,SHB,684,12985,216.44,47.0,259.1,28.2,22.8,0.6906,1
EagleCreekDrEtc_SHB_12.11.2025_LS,SHB,684,12986,216.46,45.9,259.2,28.4,23.1,0.732,1
EagleCreekDrEtc_SHB_12.11.2025_LS,SHB,684,12987,216.48,44.6,259.5,27.1,22.4,0.6758,1
EagleCreekDrEtc_SHB_12.11.2025_LS,SHB,684,12988,216.49,44.2,259.4,27.4,22.6,0.7201,1
EagleCreekDrEtc_SHB_12.11.2025_LS,SHB,684,12989,216.51,43.9,260.0,27.5,22.5,0.6949,1
EagleCreekDrEtc_SHB_12.11.2025_LS,SHB,684,12990,216.53,43.8,260.1,27.8,22.7,0.2732,1
EagleCreekDrEtc_SHB_12.11.2025_LS,SHB,686,13065,217.78,29.7,252.2,27.9,22.3,0.4995,0
EagleCreekDrEtc_SHB_12.11.2025_LS,SHB,686,13066,217.79,29.6,251.3,28.9,22.3,0.5684,0
EagleCreekDrEtc_SHB_12.11.2025_LS,SHB,686,13067,217.81,29.7,250.9,30.3,22.5,0.5668,0
EagleCreekDrEtc_SHB_12.11.2025_LS,SHB,686,13068,217.83,29.5,250.7,32.5,22.7,0.4856,0
EagleCreekDrEtc_SHB_12.11.2025_LS,SHB,686,13069,217.84,30.5,250.5,33.7,22.3,0.4932,0
EagleCreekDrEtc_SHB_12.11.2025_LS,SHB,686,13070,217.86,32.9,251.2,33.5,21.6,0.4449,0
EagleCreekDrEtc_SHB_12.11.2025_LS,SHB,686,13071,217.88,34.0,251.0,33.6,21.7,0.3431,0
EagleCreekDrEtc_SHB_12.11.2025_LS,SHB,686,13072,217.89,34.7,250.8,32.5,22.6,0.2806,0
EagleCreekDrEtc_SHB_12.11.2025_LS,SHB,686,13073,217.91,33.7,251.0,31.1,22.1,0.2888,0
EagleCreekDrEtc_SHB_12.11.2025_LS,SHB,686,13074,217.93,33.3,251.2,30.5,22.0,0.3766,0
EagleCreekDrEtc_SHB_12.11.2025_LS,SHB,686,13075,217.94,33.2,251.5,29.6,22.0,0.3538,0
EagleCreekDrEtc_SHB_12.11.2025_LS,SHB,686,13076,217.96,32.4,251.4,30.1,22.6,0.5225,0
EagleCreekDrEtc_SHB_12.11.2025_LS,SHB,686,13077,217.98,31.7,251.0,30.3,23.2,0.3692,0
EagleCreekDrEtc_SHB_12.11.2025_LS,SHB,686,13078,217.99,31.3,251.1,30.1,24.1,0.3921,0
EagleCreekDrEtc_SHB_12.11.2025_LS,SHB,686,13080,218.03,31.4,250.4,28.2,22.4,0.3191,0
EagleCreekDrEtc_SHB_12.11.2025_LS,SHB,686,13081,218.04,31.4,249.9,28.4,22.0,0.3335,0
EagleCreekDrEtc_SHB_12.11.2025_LS,SHB,688,13088,218.16,541.7,236.9,21.0,19.0,0.426,0
EagleCreekDrEtc_SHB_12.11.2025_LS,SHB,688,13089,218.18,542.1,237.4,21.1,19.2,0.3569,0
EagleCreekDrEtc_SHB_12.11.2025_LS,SHB,688,13090,218.19,542.3,237.2,21.0,19.0,0.6033,0
EagleCreekDrEtc_SHB_12.11.2025_LS,SHB,688,13091,218.21,542.4,237.0,21.2,19.2,0.6464,0
EagleCreekDrEtc_SHB_12.11.2025_LS,SHB,688,13092,218.23,542.4,237.0,21.5,19.4,0.6531,0
EagleCreekDrEtc_SHB_12.11.2025_LS,SHB,688,13093,218.24,542.4,237.1,21.4,19.1,0.6041,0
EagleCreekDrEtc_SHB_12.11.2025_LS,SHB,688,13094,218.26,542.5,237.2,22.5,19.4,0.6332,0
EagleCreekDrEtc_SHB_12.11.2025_LS,SHB,688,13095,218.28,542.8,237.8,22.0,18.9,0.4809,0
EagleCreekDrEtc_SHB_12.11.2025_LS,SHB,688,13096,218.29,543.2,238.1,22.4,19.1,0.5237,0
EagleCreekDrEtc_SHB_12.11.2025_LS,SHB,688,13097,218.31,543.7,238.1,22.3,19.0,0.548,0
EagleCreekDrEtc_SHB_12.11.2025_LS,SHB,688,13098,218.33,543.8,238.3,22.2,18.7,0.4737,0
EagleCreekDrEtc_SHB_12.11.2025_LS,SHB,688,13099,218.34,543.8,238.6,22.3,18.8,0.3753,0
EagleCreekDrEtc_SHB_12.11.2025_LS,SHB,688,13101,218.38,544.4,239.2,22.0,18.7,0.3447,0
EagleCreekDrEtc_SHB_12.11.2025_LS,SHB,688,13102,218.39,545.5,239.0,22.1,18.3,0.3522,0
EagleCreekDrEtc_SHB_12.11.2025_LS,SHB,688,13103,218.41,545.8,238.9,22.5,18.4,0.361,0
EagleCreekDrEtc_SHB_12.11.2025_LS,SHB,688,13104,218.43,546.1,238.9,22.4,18.1,0.2529,0
EagleCreekDrEtc_SHB_12.11.2025_LS,SHB,694,13209,220.18,107.6,254.7,27.0,20.2,0.475,1
EagleCreekDrEtc_SHB_12.11.2025_LS,SHB,694,13210,220.19,110.1,255.1,26.9,20.1,0.6404,1
EagleCreekDrEtc_SHB_12.11.2025_LS,SHB,694,13211,220.21,114.9,255.2,27.1,19.8,0.4309,1
EagleCreekDrEtc_SHB_12.11.2025_LS,SHB,694,13212,220.23,118.8,254.6,27.0,19.9,0.5359,1
EagleCreekDrEtc_SHB_12.11.2025_LS,SHB,694,13213,220.24,123.0,254.2,26.0,19.5,0.6909,1
EagleCreekDrEtc_SHB_12.11.2025_LS,SHB,694,13214,220.26,127.5,253.2,26.3,20.2,0.7099,1
EagleCreekDrEtc_SHB_12.11.2025_LS,SHB,694,13215,220.28,132.7,252.4,25.9,20.6,0.7604,1
EagleCreekDrEtc_SHB_12.11.2025_LS,SHB,694,13216,220.29,137.6,252.2,26.7,21.8,0.7453,1
EagleCreekDrEtc_SHB_12.11.2025_LS,SHB,694,13217,220.31,142.9,251.1,27.4,21.9,0.7,1
EagleCreekDrEtc_SHB_12.11.2025_LS,SHB,694,13218,220.33,147.9,251.2,26.1,20.6,0.7194,1
EagleCreekDrEtc_SHB_12.11.2025_LS,SHB,694,13219,220.34,153.1,250.5,27.0,21.6,0.6889,1
EagleCreekDrEtc_SHB_12.11.2025_LS,SHB,694,13220,220.36,158.1,250.2,27.7,21.6,0.7057,1
EagleCreekDrEtc_SHB_12.11.2025_LS,SHB,694,13221,220.38,163.7,250.3,27.1,21.8,0.6404,1
EagleCreekDrEtc_SHB_12.11.2025_LS,SHB,694,13222,220.39,169.3,250.0,27.5,22.5,0.6796,1
EagleCreekDrEtc_SHB_12.11.2025_LS,SHB,694,13223,220.41,175.6,249.5,27.3,21.9,0.7353,1
EagleCreekDrEtc_SHB_12.11.2025_LS,SHB,694,13224,220.43,181.6,248.7,27.4,21.8,0.7059,1
EagleCreekDrEtc_SHB_12.11.2025_LS,SHB,694,13225,220.44,187.8,248.4,27.8,22.2,0.6256,1
EagleCreekDrEtc_SHB_12.11.2025_LS,SHB,694,13226,220.46,193.0,247.9,27.4,21.1,0.3881,1
EagleCreekDrEtc_SHB_12.11.2025_LS,SHB,694,13227,220.48,200.6,247.3,28.1,21.2,0.4923,1
EagleCreekDrEtc_SHB_12.11.2025_LS,SHB,694,13228,220.49,207.7,248.2,27.9,21.3,0.5864,1
EagleCreekDrEtc_SHB_12.11.2025_LS,SHB,694,13229,220.51,213.9,245.5,28.6,21.5,0.419,1
EagleCreekDrEtc_SHB_12.11.2025_LS,SHB,694,13230,220.53,221.6,244.6,27.1,21.1,0.5332,1
EagleCreekDrEtc_SHB_12.11.2025_LS,SHB,694,13231,220.54,227.9,242.9,25.7,20.3,0.5989,1
EagleCreekDrEtc_SHB_12.11.2025_LS,SHB,694,13232,220.56,233.3,241.8,24.9,19.7,0.608,1
EagleCreekDrEtc_SHB_12.11.2025_LS,SHB,694,13233,220.58,239.2,239.7,27.0,20.5,0.3991,1
EagleCreekDrEtc_SHB_12.11.2025_LS,SHB,694,13241,220.71,290.5,232.2,29.0,20.0,0.3228,1
EagleCreekDrEtc_SHB_12.11.2025_LS,SHB,694,13242,220.73,297.4,231.5,28.3,19.5,0.3746,1
EagleCreekDrEtc_SHB_12.11.2025_LS,SHB,694,13246,220.79,327.6,231.5,26.9,19.0,0.3405,1
EagleCreekDrEtc_SHB_12.11.2025_LS,SHB,694,13254,220.93,381.2,238.1,25.8,19.2,0.5223,1
EagleCreekDrEtc_SHB_12.11.2025_LS,SHB,694,13255,220.94,387.1,238.9,26.6,18.9,0.3827,1
EagleCreekDrEtc_SHB_12.11.2025_LS,SHB,694,13256,220.96,393.4,239.7,28.0,20.8,0.5999,1
EagleCreekDrEtc_SHB_12.11.2025_LS,SHB,694,13257,220.98,400.1,240.7,28.8,21.0,0.6513,1
EagleCreekDrEtc_SHB_12.11.2025_LS,SHB,694,13258,220.99,406.6,242.3,29.4,21.2,0.5341,1
EagleCreekDrEtc_SHB_12.11.2025_LS,SHB,694,13259,221.01,412.6,242.2,29.5,21.5,0.5943,1
EagleCreekDrEtc_SHB_12.11.2025_LS,SHB,694,13260,221.03,420.5,242.8,28.0,21.6,0.6034,1
EagleCreekDrEtc_SHB_12.11.2025_LS,SHB,694,13261,221.04,426.9,242.9,26.8,20.7,0.5616,1
EagleCreekDrEtc_SHB_12.11.2025_LS,SHB,694,13262,221.06,435.3,242.3,26.6,21.2,0.4028,1
EagleCreekDrEtc_SHB_12.11.2025_LS,SHB,694,13263,221.08,441.3,241.9,27.8,22.8,0.3911,1
EagleCreekDrEtc_SHB_12.11.2025_LS,SHB,694,13264,221.09,449.6,242.1,28.0,22.7,0.3082,1
EagleCreekDrEtc_SHB_12.11.2025_LS,SHB,694,13265,221.11,458.0,241.6,27.8,22.1,0.4325,1
EagleCreekDrEtc_SHB_12.11.2025_LS,SHB,694,13266,221.13,464.6,241.3,27.3,22.9,0.5974,1
EagleCreekDrEtc_SHB_12.11.2025_LS,SHB,694,13267,221.14,472.2,241.5,27.3,22.2,0.652,1
EagleCreekDrEtc_SHB_12.11.2025_LS,SHB,694,13268,221.16,478.8,241.6,26.8,21.5,0.7211,1
EagleCreekDrEtc_SHB_12.11.2025_LS,SHB,694,13269,221.18,485.8,241.8,27.1,21.3,0.4324,1
EagleCreekDrEtc_SHB_12.11.2025_LS,SHB,694,13270,221.19,494.3,242.5,27.6,20.8,0.6143,1
EagleCreekDrEtc_SHB_12.11.2025_LS,SHB,694,13271,221.21,502.2,242.7,26.6,20.3,0.6515,1
EagleCreekDrEtc_SHB_12.11.2025_LS,SHB,694,13272,221.23,509.6,242.3,27.8,22.0,0.6327,1
EagleCreekDrEtc_SHB_12.11.2025_LS,SHB,694,13273,221.24,518.3,242.7,28.1,23.0,0.6463,1
EagleCreekDrEtc_SHB_12.11.2025_LS,SHB,694,13274,221.26,526.3,242.5,27.3,23.9,0.6856,1
EagleCreekDrEtc_SHB_12.11.2025_LS,SHB,694,13275,221.28,532.3,242.4,27.2,24.3,0.6501,1
EagleCreekDrEtc_SHB_12.11.2025_LS,SHB,694,13276,221.29,540.0,242.2,27.2,23.7,0.5707,1
EagleCreekDrEtc_SHB_12.11.2025_LS,SHB,694,13277,221.31,547.5,242.9,27.4,22.9,0.5727,1
EagleCreekDrEtc_SHB_12.11.2025_LS,SHB,694,13278,221.33,554.9,243.9,26.5,23.3,0.5071,1
EagleCreekDrEtc_SHB_12.11.2025_LS,SHB,694,13279,221.34,561.8,243.1,25.4,23.6,0.6204,1
EagleCreekDrEtc_SHB_12.11.2025_LS,SHB,694,13280,221.36,570.6,242.7,24.9,23.0,0.6798,1
EagleCreekDrEtc_SHB_12.11.2025_LS,SHB,694,13281,221.38,578.2,242.4,25.9,22.9,0.6594,1
EagleCreekDrEtc_SHB_12.11.2025_LS,SHB,694,13282,221.39,586.4,240.9,26.7,22.9,0.6102,1
EagleCreekDrEtc_SHB_12.11.2025_LS,SHB,694,13283,221.41,595.9,240.7,26.5,21.6,0.3132,1
EagleCreekDrEtc_SHB_12.11.2025_LS,SHB,694,13284,221.43,603.6,241.4,26.6,21.7,0.6349,1
EagleCreekDrEtc_SHB_12.11.2025_LS,SHB,694,13285,221.44,611.8,239.1,27.7,23.0,0.5683,1
EagleCreekDrEtc_SHB_12.11.2025_LS,SHB,694,13286,221.46,620.0,238.1,27.3,22.8,0.6289,1
EagleCreekDrEtc_SHB_12.11.2025_LS,SHB,694,13287,221.48,626.7,238.9,26.7,23.3,0.6144,1
EagleCreekDrEtc_SHB_12.11.2025_LS,SHB,695,13243,220.74,306.3,244.1,25.3,18.7,0.4481,0
EagleCreekDrEtc_SHB_12.11.2025_LS,SHB,695,13244,220.76,313.8,242.4,25.9,18.3,0.4502,0
EagleCreekDrEtc_SHB_12.11.2025_LS,SHB,695,13245,220.78,322.1,243.7,26.9,19.2,0.3684,0
EagleCreekDrEtc_SHB_12.11.2025_LS,SHB,695,13246,220.79,329.4,242.2,27.3,19.2,0.3852,0
EagleCreekDrEtc_SHB_12.11.2025_LS,SHB,695,13247,220.81,335.4,242.0,26.1,18.6,0.3326,0
EagleCreekDrEtc_SHB_12.11.2025_LS,SHB,695,13248,220.83,341.5,240.6,25.3,18.8,0.4306,0
EagleCreekDrEtc_SHB_12.11.2025_LS,SHB,695,13249,220.84,347.5,239.9,25.4,19.3,0.3379,0
EagleCreekDrEtc_SHB_12.11.2025_LS,SHB,695,13250,220.86,354.1,239.6,25.9,19.5,0.3342,0
EagleCreekDrEtc_SHB_12.11.2025_LS,SHB,695,13253,220.91,374.3,242.3,28.1,20.1,0.3925,0
EagleCreekDrEtc_SHB_12.11.2025_LS,SHB,695,13254,220.93,381.7,244.0,26.0,19.6,0.311,0
EagleCreekDrEtc_SHB_12.11.2025_LS,SHB,711,13891,231.55,398.8,263.0,27.8,19.8,0.5206,0
EagleCreekDrEtc_SHB_12.11.2025_LS,SHB,711,13892,231.56,395.4,263.0,30.5,21.3,0.4142,0
EagleCreekDrEtc_SHB_12.11.2025_LS,SHB,711,13893,231.58,390.8,261.9,28.9,19.5,0.4007,0
EagleCreekDrEtc_SHB_12.11.2025_LS,SHB,711,13896,231.63,377.8,264.8,29.4,20.1,0.4059,0
EagleCreekDrEtc_SHB_12.11.2025_LS,SHB,717,13952,232.56,544.7,288.1,30.6,20.9,0.6156,1
EagleCreekDrEtc_SHB_12.11.2025_LS,SHB,717,13953,232.58,541.6,288.9,33.9,21.6,0.6814,1
EagleCreekDrEtc_SHB_12.11.2025_LS,SHB,717,13954,232.6,538.6,286.9,32.0,20.4,0.6848,1
EagleCreekDrEtc_SHB_12.11.2025_LS,SHB,717,13955,232.61,536.8,286.2,32.6,20.3,0.7266,1
EagleCreekDrEtc_SHB_12.11.2025_LS,SHB,717,13956,232.63,533.8,286.3,33.8,20.7,0.6735,1
EagleCreekDrEtc_SHB_12.11.2025_LS,SHB,717,13957,232.65,528.3,284.2,32.7,20.3,0.6361,1
EagleCreekDrEtc_SHB_12.11.2025_LS,SHB,717,13958,232.66,522.9,282.3,32.5,20.8,0.3842,1
EagleCreekDrEtc_SHB_12.11.2025_LS,SHB,717,13959,232.68,521.3,279.4,36.0,21.7,0.5251,1
EagleCreekDrEtc_SHB_12.11.2025_LS,SHB,717,13960,232.7,518.9,279.9,35.7,21.3,0.689,1
EagleCreekDrEtc_SHB_12.11.2025_LS,SHB,717,13961,232.71,512.2,279.5,37.3,22.1,0.7187,1
EagleCreekDrEtc_SHB_12.11.2025_LS,SHB,717,13962,232.73,508.3,279.0,39.7,22.3,0.7443,1
EagleCreekDrEtc_SHB_12.11.2025_LS,SHB,717,13963,232.75,503.6,277.7,37.8,22.8,0.614,1
EagleCreekDrEtc_SHB_12.11.2025_LS,SHB,717,13964,232.76,498.5,276.5,31.9,23.3,0.5816,1
EagleCreekDrEtc_SHB_12.11.2025_LS,SHB,717,13965,232.78,495.5,277.4,31.1,22.8,0.563,1
EagleCreekDrEtc_SHB_12.11.2025_LS,SHB,717,13966,232.8,492.9,277.7,32.2,22.9,0.711,1
EagleCreekDrEtc_SHB_12.11.2025_LS,SHB,717,13967,232.81,489.5,278.7,31.3,23.1,0.6834,1
EagleCreekDrEtc_SHB_12.11.2025_LS,SHB,717,13968,232.83,486.3,278.6,31.9,23.2,0.708,1
EagleCreekDrEtc_SHB_12.11.2025_LS,SHB,717,13969,232.85,481.9,278.0,31.1,23.8,0.5491,1
EagleCreekDrEtc_SHB_12.11.2025_LS,SHB,717,13970,232.86,481.6,278.0,31.5,23.6,0.4323,1
EagleCreekDrEtc_SHB_12.11.2025_LS,SHB,718,13953,232.58,333.2,295.1,25.9,19.2,0.6007,1
EagleCreekDrEtc_SHB_12.11.2025_LS,SHB,718,13954,232.6,327.8,294.3,24.8,18.9,0.6476,1
EagleCreekDrEtc_SHB_12.11.2025_LS,SHB,718,13955,232.61,325.9,294.5,25.1,18.2,0.6931,1
EagleCreekDrEtc_SHB_12.11.2025_LS,SHB,718,13956,232.63,320.5,291.6,25.2,18.0,0.6326,1
EagleCreekDrEtc_SHB_12.11.2025_LS,SHB,718,13957,232.65,318.0,291.3,24.9,18.0,0.5802,1
EagleCreekDrEtc_SHB_12.11.2025_LS,SHB,718,13958,232.66,313.5,289.2,25.6,18.5,0.6546,1
EagleCreekDrEtc_SHB_12.11.2025_LS,SHB,718,13959,232.68,313.3,286.4,24.6,20.5,0.4138,1
EagleCreekDrEtc_SHB_12.11.2025_LS,SHB,718,13960,232.7,307.9,286.2,25.5,19.6,0.5994,1
EagleCreekDrEtc_SHB_12.11.2025_LS,SHB,718,13961,232.71,303.3,284.6,25.4,18.9,0.5659,1
EagleCreekDrEtc_SHB_12.11.2025_LS,SHB,718,13962,232.73,299.2,283.5,25.0,18.0,0.5944,1
EagleCreekDrEtc_SHB_12.11.2025_LS,SHB,718,13963,232.75,294.9,283.2,24.4,17.6,0.7185,1
EagleCreekDrEtc_SHB_12.11.2025_LS,SHB,718,13964,232.76,291.8,282.9,25.1,17.9,0.5913,1
EagleCreekDrEtc_SHB_12.11.2025_LS,SHB,718,13965,232.78,287.7,283.8,25.3,18.1,0.6823,1
EagleCreekDrEtc_SHB_12.11.2025_LS,SHB,718,13966,232.8,283.9,283.7,27.7,19.3,0.6587,1
EagleCreekDrEtc_SHB_12.11.2025_LS,SHB,718,13967,232.81,279.7,285.4,27.6,18.8,0.6272,1
EagleCreekDrEtc_SHB_12.11.2025_LS,SHB,718,13968,232.83,275.2,285.0,28.9,18.9,0.5796,1
EagleCreekDrEtc_SHB_12.11.2025_LS,SHB,718,13969,232.85,269.4,284.3,31.3,20.4,0.5378,1
EagleCreekDrEtc_SHB_12.11.2025_LS,SHB,718,13970,232.86,266.0,286.5,32.1,21.1,0.5076,1
EagleCreekDrEtc_SHB_12.11.2025_LS,SHB,718,13971,232.88,262.0,286.0,31.9,23.0,0.4241,1
EagleCreekDrEtc_SHB_12.11.2025_LS,SHB,718,13972,232.9,259.0,287.1,29.0,22.0,0.4727,1
EagleCreekDrEtc_SHB_12.11.2025_LS,SHB,718,13973,232.91,257.0,285.2,25.0,19.9,0.3639,1
EagleCreekDrEtc_SHB_12.11.2025_LS,SHB,718,13974,232.93,253.7,284.4,25.1,20.8,0.4008,1
EagleCreekDrEtc_SHB_12.11.2025_LS,SHB,718,13975,232.95,249.9,286.8,25.2,20.5,0.5857,1
EagleCreekDrEtc_SHB_12.11.2025_LS,SHB,718,13976,232.96,245.3,284.1,25.0,20.3,0.3575,1
EagleCreekDrEtc_SHB_12.11.2025_LS,SHB,718,13977,232.98,241.2,284.4,24.0,19.7,0.4713,1
EagleCreekDrEtc_SHB_12.11.2025_LS,SHB,718,13978,233.0,238.2,284.8,21.7,18.6,0.4073,1
EagleCreekDrEtc_SHB_12.11.2025_LS,SHB,718,13980,233.03,231.8,287.5,21.9,19.2,0.4196,1
EagleCreekDrEtc_SHB_12.11.2025_LS,SHB,718,13981,233.05,226.6,287.1,21.4,18.8,0.5073,1
EagleCreekDrEtc_SHB_12.11.2025_LS,SHB,718,13982,233.06,224.9,290.2,22.7,18.6,0.5054,1
EagleCreekDrEtc_SHB_12.11.2025_LS,SHB,718,13983,233.08,221.3,290.9,23.3,18.6,0.4661,1
EagleCreekDrEtc_SHB_12.11.2025_LS,SHB,718,13984,233.1,216.1,288.9,25.0,18.7,0.4747,1
EagleCreekDrEtc_SHB_12.11.2025_LS,SHB,718,13985,233.11,212.0,289.8,25.1,18.6,0.3774,1
EagleCreekDrEtc_SHB_12.11.2025_LS,SHB,718,13989,233.18,198.0,283.2,25.1,18.4,0.4477,1
EagleCreekDrEtc_SHB_12.11.2025_LS,SHB,718,13990,233.2,193.1,282.2,26.2,18.1,0.4565,1
EagleCreekDrEtc_SHB_12.11.2025_LS,SHB,718,13991,233.21,189.5,281.5,27.2,19.2,0.572,1
EagleCreekDrEtc_SHB_12.11.2025_LS,SHB,718,13992,233.23,187.6,279.8,27.1,18.6,0.4072,1
EagleCreekDrEtc_SHB_12.11.2025_LS,SHB,718,13993,233.25,184.3,278.6,25.9,17.6,0.575,1
EagleCreekDrEtc_SHB_12.11.2025_LS,SHB,718,13994,233.26,180.1,278.6,27.8,18.3,0.6866,1
EagleCreekDrEtc_SHB_12.11.2025_LS,SHB,718,13995,233.28,176.2,277.9,27.0,17.3,0.6794,1
EagleCreekDrEtc_SHB_12.11.2025_LS,SHB,718,13996,233.3,173.4,278.1,25.8,17.4,0.6812,1
EagleCreekDrEtc_SHB_12.11.2025_LS,SHB,718,13997,233.31,168.8,278.7,26.2,17.3,0.6741,1
EagleCreekDrEtc_SHB_12.11.2025_LS,SHB,718,13998,233.33,164.9,278.6,25.9,17.2,0.721,1
EagleCreekDrEtc_SHB_12.11.2025_LS,SHB,718,13999,233.35,160.5,279.0,26.4,17.6,0.7033,1
EagleCreekDrEtc_SHB_12.11.2025_LS,SHB,718,14000,233.36,157.2,279.6,26.3,17.4,0.6991,1
EagleCreekDrEtc_SHB_12.11.2025_LS,SHB,718,14001,233.38,153.2,279.2,26.2,17.4,0.6875,1
EagleCreekDrEtc_SHB_12.11.2025_LS,SHB,718,14002,233.4,148.7,280.0,25.8,17.0,0.647,1
EagleCreekDrEtc_SHB_12.11.2025_LS,SHB,718,14003,233.41,146.5,279.2,26.9,18.4,0.5738,1
EagleCreekDrEtc_SHB_12.11.2025_LS,SHB,718,14004,233.43,145.6,279.6,25.7,17.8,0.5429,1
EagleCreekDrEtc_SHB_12.11.2025_LS,SHB,718,14005,233.45,142.9,279.8,25.6,17.6,0.6415,1
EagleCreekDrEtc_SHB_12.11.2025_LS,SHB,718,14006,233.46,138.5,279.5,25.9,17.2,0.7058,1
EagleCreekDrEtc_SHB_12.11.2025_LS,SHB,718,14007,233.48,134.4,281.1,25.7,17.1,0.7351,1
EagleCreekDrEtc_SHB_12.11.2025_LS,SHB,718,14008,233.5,131.2,280.6,25.4,16.9,0.719,1
EagleCreekDrEtc_SHB_12.11.2025_LS,SHB,718,14009,233.51,127.7,281.0,26.0,17.1,0.7207,1
EagleCreekDrEtc_SHB_12.11.2025_LS,SHB,718,14010,233.53,124.4,281.7,25.7,16.9,0.7284,1
EagleCreekDrEtc_SHB_12.11.2025_LS,SHB,718,14011,233.55,121.1,281.0,25.8,17.2,0.7367,1
EagleCreekDrEtc_SHB_12.11.2025_LS,SHB,718,14012,233.56,119.1,282.9,26.8,17.9,0.741,1
EagleCreekDrEtc_SHB_12.11.2025_LS,SHB,718,14013,233.58,116.0,282.2,26.9,18.0,0.7449,1
EagleCreekDrEtc_SHB_12.11.2025_LS,SHB,718,14014,233.6,113.5,282.9,27.0,18.0,0.7236,1
EagleCreekDrEtc_SHB_12.11.2025_LS,SHB,718,14015,233.61,111.1,283.9,25.7,17.8,0.7346,1
EagleCreekDrEtc_SHB_12.11.2025_LS,SHB,718,14016,233.63,108.1,283.4,26.5,17.9,0.6994,1
EagleCreekDrEtc_SHB_12.11.2025_LS,SHB,718,14017,233.65,105.7,284.7,25.7,17.5,0.7501,1
EagleCreekDrEtc_SHB_12.11.2025_LS,SHB,718,14018,233.66,103.2,283.8,25.9,17.5,0.7284,1
EagleCreekDrEtc_SHB_12.11.2025_LS,SHB,718,14019,233.68,100.9,284.5,25.9,17.3,0.7393,1
EagleCreekDrEtc_SHB_12.11.2025_LS,SHB,718,14020,233.7,98.4,285.0,25.2,16.8,0.7479,1
EagleCreekDrEtc_SHB_12.11.2025_LS,SHB,718,14021,233.71,96.8,284.5,24.2,16.8,0.7442,1
EagleCreekDrEtc_SHB_12.11.2025_LS,SHB,718,14022,233.73,95.8,285.1,24.9,17.3,0.7343,1
EagleCreekDrEtc_SHB_12.11.2025_LS,SHB,718,14023,233.75,95.0,284.8,25.4,17.9,0.6821,1
EagleCreekDrEtc_SHB_12.11.2025_LS,SHB,718,14024,233.76,96.1,284.7,26.6,18.0,0.6863,1
EagleCreekDrEtc_SHB_12.11.2025_LS,SHB,718,14025,233.78,97.3,284.3,27.8,18.2,0.6874,1
EagleCreekDrEtc_SHB_12.11.2025_LS,SHB,718,14026,233.8,98.0,284.1,28.1,18.0,0.7023,1
EagleCreekDrEtc_SHB_12.11.2025_LS,SHB,718,14027,233.81,98.0,285.1,28.4,18.6,0.7425,1
EagleCreekDrEtc_SHB_12.11.2025_LS,SHB,718,14028,233.83,98.4,284.6,28.8,18.4,0.7314,1
EagleCreekDrEtc_SHB_12.11.2025_LS,SHB,718,14029,233.85,99.9,284.5,29.1,18.5,0.7247,1
EagleCreekDrEtc_SHB_12.11.2025_LS,SHB,718,14030,233.86,100.6,284.6,28.8,18.3,0.7369,1
EagleCreekDrEtc_SHB_12.11.2025_LS,SHB,718,14031,233.88,100.4,284.4,29.1,18.3,0.7347,1
EagleCreekDrEtc_SHB_12.11.2025_LS,SHB,718,14032,233.9,100.1,284.6,28.7,18.1,0.7385,1
EagleCreekDrEtc_SHB_12.11.2025_LS,SHB,718,14033,233.91,99.0,284.5,28.2,18.2,0.6979,1
EagleCreekDrEtc_SHB_12.11.2025_LS,SHB,718,14034,233.93,99.7,284.9,28.6,18.7,0.7315,1
EagleCreekDrEtc_SHB_12.11.2025_LS,SHB,718,14035,233.95,100.5,285.2,28.3,18.4,0.7587,1
EagleCreekDrEtc_SHB_12.11.2025_LS,SHB,718,14036,233.96,100.8,285.2,29.1,19.0,0.7524,1
EagleCreekDrEtc_SHB_12.11.2025_LS,SHB,718,14037,233.98,102.3,285.5,29.4,19.2,0.7381,1
EagleCreekDrEtc_SHB_12.11.2025_LS,SHB,718,14038,234.0,103.8,285.4,30.1,18.9,0.7104,1
EagleCreekDrEtc_SHB_12.11.2025_LS,SHB,718,14039,234.01,103.0,285.7,30.1,19.1,0.7723,1
EagleCreekDrEtc_SHB_12.11.2025_LS,SHB,718,14040,234.03,105.9,286.4,29.6,18.3,0.7236,1
EagleCreekDrEtc_SHB_12.11.2025_LS,SHB,718,14041,234.05,107.2,286.5,29.7,18.4,0.7386,1
EagleCreekDrEtc_SHB_12.11.2025_LS,SHB,718,14042,234.06,107.7,286.6,29.8,18.4,0.739,1
EagleCreekDrEtc_SHB_12.11.2025_LS,SHB,718,14043,234.08,108.1,286.1,30.3,18.7,0.7461,1
EagleCreekDrEtc_SHB_12.11.2025_LS,SHB,718,14044,234.1,108.4,286.0,30.8,18.9,0.7421,1
EagleCreekDrEtc_SHB_12.11.2025_LS,SHB,718,14045,234.11,109.2,285.2,31.2,18.9,0.723,1
EagleCreekDrEtc_SHB_12.11.2025_LS,SHB,718,14046,234.13,109.4,285.0,31.0,18.8,0.729,1
EagleCreekDrEtc_SHB_12.11.2025_LS,SHB,718,14047,234.15,110.2,284.9,30.6,18.5,0.728,1
EagleCreekDrEtc_SHB_12.11.2025_LS,SHB,718,14048,234.16,110.6,284.7,30.1,18.4,0.7434,1
EagleCreekDrEtc_SHB_12.11.2025_LS,SHB,718,14049,234.18,112.2,285.1,29.6,18.0,0.7449,1
EagleCreekDrEtc_SHB_12.11.2025_LS,SHB,718,14050,234.2,113.7,284.7,28.7,17.6,0.7668,1
EagleCreekDrEtc_SHB_12.11.2025_LS,SHB,718,14051,234.21,114.1,284.9,28.5,17.4,0.7586,1
EagleCreekDrEtc_SHB_12.11.2025_LS,SHB,718,14052,234.23,115.1,285.6,28.2,17.3,0.7636,1
EagleCreekDrEtc_SHB_12.11.2025_LS,SHB,718,14053,234.25,116.2,285.5,28.0,17.0,0.7629,1
EagleCreekDrEtc_SHB_12.11.2025_LS,SHB,718,14054,234.26,117.7,286.5,29.2,17.5,0.7862,1
EagleCreekDrEtc_SHB_12.11.2025_LS,SHB,718,14055,234.28,118.9,286.0,29.4,17.7,0.7732,1
EagleCreekDrEtc_SHB_12.11.2025_LS,SHB,718,14056,234.3,119.0,286.1,29.6,17.8,0.7777,1
EagleCreekDrEtc_SHB_12.11.2025_LS,SHB,718,14057,234.31,118.8,286.8,30.3,18.3,0.7651,1
EagleCreekDrEtc_SHB_12.11.2025_LS,SHB,718,14058,234.33,119.3,286.3,29.9,18.2,0.758,1
EagleCreekDrEtc_SHB_12.11.2025_LS,SHB,718,14059,234.35,119.1,286.9,29.1,18.2,0.7835,1
EagleCreekDrEtc_SHB_12.11.2025_LS,SHB,718,14060,234.36,119.7,287.4,28.1,18.0,0.7621,1
EagleCreekDrEtc_SHB_12.11.2025_LS,SHB,718,14061,234.38,120.2,286.6,28.6,18.2,0.7621,1
EagleCreekDrEtc_SHB_12.11.2025_LS,SHB,718,14062,234.4,121.6,287.3,28.2,18.3,0.7726,1
EagleCreekDrEtc_SHB_12.11.2025_LS,SHB,718,14063,234.41,122.5,287.0,27.9,18.3,0.7932,1
EagleCreekDrEtc_SHB_12.11.2025_LS,SHB,718,14064,234.43,122.5,287.2,27.8,18.2,0.782,1
EagleCreekDrEtc_SHB_12.11.2025_LS,SHB,718,14065,234.45,123.0,286.9,27.6,18.4,0.7807,1
EagleCreekDrEtc_SHB_12.11.2025_LS,SHB,718,14066,234.46,123.4,286.5,27.1,18.0,0.769,1
EagleCreekDrEtc_SHB_12.11.2025_LS,SHB,718,14067,234.48,124.6,286.3,27.5,17.6,0.7667,1
EagleCreekDrEtc_SHB_12.11.2025_LS,SHB,718,14068,234.5,126.0,286.5,27.4,16.9,0.7447,1
EagleCreekDrEtc_SHB_12.11.2025_LS,SHB,718,14069,234.51,125.4,287.0,26.2,17.0,0.754,1
EagleCreekDrEtc_SHB_12.11.2025_LS,SHB,718,14070,234.53,126.0,286.5,25.4,16.6,0.7283,1
EagleCreekDrEtc_SHB_12.11.2025_LS,SHB,718,14071,234.55,126.7,286.4,24.6,16.1,0.4486,1
EagleCreekDrEtc_SHB_12.11.2025_LS,SHB,718,14072,234.56,130.9,287.1,26.3,17.0,0.7574,1
EagleCreekDrEtc_SHB_12.11.2025_LS,SHB,718,14073,234.58,133.3,287.0,26.5,16.9,0.7461,1
EagleCreekDrEtc_SHB_12.11.2025_LS,SHB,718,14074,234.6,136.6,287.3,27.2,17.4,0.761,1
EagleCreekDrEtc_SHB_12.11.2025_LS,SHB,718,14075,234.61,140.7,287.0,25.6,16.6,0.5779,1
EagleCreekDrEtc_SHB_12.11.2025_LS,SHB,718,14076,234.63,145.2,286.9,24.5,16.3,0.507,1
EagleCreekDrEtc_SHB_12.11.2025_LS,SHB,718,14077,234.65,147.2,287.2,23.7,16.4,0.4556,1
EagleCreekDrEtc_SHB_12.11.2025_LS,SHB,718,14080,234.7,152.1,287.0,25.9,17.6,0.5046,1
EagleCreekDrEtc_SHB_12.11.2025_LS,SHB,718,14081,234.71,155.0,287.9,25.9,17.8,0.4117,1
EagleCreekDrEtc_SHB_12.11.2025_LS,SHB,718,14082,234.73,158.6,287.9,24.3,17.3,0.7164,1
EagleCreekDrEtc_SHB_12.11.2025_LS,SHB,718,14083,234.75,162.0,287.4,22.8,16.6,0.5972,1
EagleCreekDrEtc_SHB_12.11.2025_LS,SHB,718,14084,234.76,165.6,288.1,22.9,16.4,0.6538,1
EagleCreekDrEtc_SHB_12.11.2025_LS,SHB,728,13990,233.2,126.6,286.1,21.2,17.1,0.5491,1
EagleCreekDrEtc_SHB_12.11.2025_LS,SHB,728,13991,233.21,122.0,283.4,20.5,16.6,0.5657,1
EagleCreekDrEtc_SHB_12.11.2025_LS,SHB,728,13992,233.23,117.9,281.4,21.0,16.2,0.614,1
EagleCreekDrEtc_SHB_12.11.2025_LS,SHB,728,13993,233.25,114.3,280.8,21.1,16.5,0.592,1
EagleCreekDrEtc_SHB_12.11.2025_LS,SHB,728,13994,233.26,111.9,279.8,22.1,16.9,0.6291,1
EagleCreekDrEtc_SHB_12.11.2025_LS,SHB,728,13995,233.28,108.9,279.4,22.2,17.3,0.5751,1
EagleCreekDrEtc_SHB_12.11.2025_LS,SHB,728,13996,233.3,106.7,280.4,22.8,17.1,0.5723,1
EagleCreekDrEtc_SHB_12.11.2025_LS,SHB,728,13997,233.31,103.3,280.9,22.7,16.6,0.6179,1
EagleCreekDrEtc_SHB_12.11.2025_LS,SHB,728,13998,233.33,99.7,280.8,23.2,16.7,0.648,1
EagleCreekDrEtc_SHB_12.11.2025_LS,SHB,728,13999,233.35,96.0,281.1,23.6,16.6,0.6396,1
EagleCreekDrEtc_SHB_12.11.2025_LS,SHB,728,14000,233.36,92.5,281.4,24.5,16.3,0.6153,1
EagleCreekDrEtc_SHB_12.11.2025_LS,SHB,728,14001,233.38,88.4,281.5,24.1,16.3,0.6492,1
EagleCreekDrEtc_SHB_12.11.2025_LS,SHB,728,14002,233.4,84.2,281.7,24.5,16.2,0.6068,1
EagleCreekDrEtc_SHB_12.11.2025_LS,SHB,728,14003,233.41,81.6,281.0,25.0,17.1,0.4128,1
EagleCreekDrEtc_SHB_12.11.2025_LS,SHB,728,14010,233.53,53.3,281.5,27.2,18.9,0.6686,1
EagleCreekDrEtc_SHB_12.11.2025_LS,SHB,728,14011,233.55,50.8,279.7,25.9,18.8,0.5265,1
EagleCreekDrEtc_SHB_12.11.2025_LS,SHB,728,14012,233.56,48.1,281.0,26.8,19.2,0.455,1
EagleCreekDrEtc_SHB_12.11.2025_LS,SHB,728,14013,233.58,44.3,281.8,25.9,19.1,0.3507,1
EagleCreekDrEtc_SHB_12.11.2025_LS,SHB,728,14020,233.7,29.1,280.2,25.4,20.5,0.318,1
EagleCreekDrEtc_SHB_12.11.2025_LS,SHB,729,13997,233.31,79.0,271.8,20.1,15.4,0.4262,0
EagleCreekDrEtc_SHB_12.11.2025_LS,SHB,729,13998,233.33,73.0,270.8,19.7,14.9,0.5276,0
EagleCreekDrEtc_SHB_12.11.2025_LS,SHB,729,13999,233.35,68.9,271.1,19.5,14.4,0.54,0
EagleCreekDrEtc_SHB_12.11.2025_LS,SHB,729,14000,233.36,64.5,272.2,19.0,14.1,0.5534,0
EagleCreekDrEtc_SHB_12.11.2025_LS,SHB,729,14001,233.38,61.5,272.7,19.3,14.5,0.4307,0
EagleCreekDrEtc_SHB_12.11.2025_LS,SHB,729,14002,233.4,58.3,272.7,20.5,15.1,0.3123,0
EagleCreekDrEtc_SHB_12.11.2025_LS,SHB,729,14003,233.41,54.6,271.9,20.8,15.7,0.5236,0
EagleCreekDrEtc_SHB_12.11.2025_LS,SHB,729,14004,233.43,51.2,272.5,21.1,16.0,0.2978,0
EagleCreekDrEtc_SHB_12.11.2025_LS,SHB,730,14001,233.38,363.2,269.4,16.1,22.5,0.4334,0
EagleCreekDrEtc_SHB_12.11.2025_LS,SHB,730,14002,233.4,359.8,270.0,16.8,23.8,0.4401,0
EagleCreekDrEtc_SHB_12.11.2025_LS,SHB,730,14003,233.41,356.7,269.7,16.7,23.5,0.5159,0
EagleCreekDrEtc_SHB_12.11.2025_LS,SHB,730,14004,233.43,353.1,270.5,16.4,23.8,0.6172,0
EagleCreekDrEtc_SHB_12.11.2025_LS,SHB,730,14005,233.45,349.6,271.0,16.1,23.7,0.5676,0
EagleCreekDrEtc_SHB_12.11.2025_LS,SHB,730,14006,233.46,346.9,270.4,16.0,23.4,0.554,0
EagleCreekDrEtc_SHB_12.11.2025_LS,SHB,730,14007,233.48,343.8,271.5,15.6,21.8,0.4686,0
EagleCreekDrEtc_SHB_12.11.2025_LS,SHB,730,14008,233.5,340.6,271.0,15.2,21.0,0.3604,0
EagleCreekDrEtc_SHB_12.11.2025_LS,SHB,730,14009,233.51,337.9,271.4,15.3,19.9,0.3777,0
EagleCreekDrEtc_SHB_12.11.2025_LS,SHB,730,14010,233.53,334.9,271.7,14.9,20.1,0.4194,0
EagleCreekDrEtc_SHB_12.11.2025_LS,SHB,730,14011,233.55,331.4,270.9,14.6,20.1,0.534,0
EagleCreekDrEtc_SHB_12.11.2025_LS,SHB,730,14012,233.56,329.4,272.9,14.9,21.3,0.4797,0
EagleCreekDrEtc_SHB_12.11.2025_LS,SHB,730,14013,233.58,326.1,272.7,14.7,21.2,0.3969,0
EagleCreekDrEtc_SHB_12.11.2025_LS,SHB,730,14014,233.6,323.9,272.8,15.1,21.8,0.3795,0
EagleCreekDrEtc_SHB_12.11.2025_LS,SHB,730,14015,233.61,320.9,273.7,14.3,20.6,0.316,0
EagleCreekDrEtc_SHB_12.11.2025_LS,SHB,730,14016,233.63,319.3,273.0,14.2,20.9,0.3424,0
EagleCreekDrEtc_SHB_12.11.2025_LS,SHB,743,14025,233.78,315.8,274.2,14.6,19.2,0.5973,1
EagleCreekDrEtc_SHB_12.11.2025_LS,SHB,743,14026,233.8,316.2,274.3,14.1,19.0,0.4929,1
EagleCreekDrEtc_SHB_12.11.2025_LS,SHB,743,14027,233.81,316.2,274.6,14.0,18.8,0.6164,1
EagleCreekDrEtc_SHB_12.11.2025_LS,SHB,743,14028,233.83,315.5,275.1,14.4,19.1,0.5976,1
EagleCreekDrEtc_SHB_12.11.2025_LS,SHB,743,14029,233.85,315.8,274.8,14.4,19.2,0.6227,1
EagleCreekDrEtc_SHB_12.11.2025_LS,SHB,743,14030,233.86,315.5,274.7,14.3,19.0,0.6223,1
EagleCreekDrEtc_SHB_12.11.2025_LS,SHB,743,14031,233.88,315.0,274.6,14.5,19.1,0.5777,1
EagleCreekDrEtc_SHB_12.11.2025_LS,SHB,743,14032,233.9,314.8,274.7,14.4,18.8,0.5933,1
EagleCreekDrEtc_SHB_12.11.2025_LS,SHB,743,14033,233.91,313.4,274.6,14.9,19.4,0.5469,1
EagleCreekDrEtc_SHB_12.11.2025_LS,SHB,743,14034,233.93,312.8,274.6,15.1,19.3,0.5628,1
EagleCreekDrEtc_SHB_12.11.2025_LS,SHB,743,14035,233.95,312.5,274.9,15.0,19.1,0.5492,1
EagleCreekDrEtc_SHB_12.11.2025_LS,SHB,743,14036,233.96,312.2,275.1,14.7,18.7,0.5316,1
EagleCreekDrEtc_SHB_12.11.2025_LS,SHB,743,14037,233.98,312.0,275.4,15.0,19.0,0.4706,1
EagleCreekDrEtc_SHB_12.11.2025_LS,SHB,743,14038,234.0,310.6,275.8,15.4,19.3,0.4648,1
EagleCreekDrEtc_SHB_12.11.2025_LS,SHB,743,14039,234.01,310.2,276.4,14.6,19.1,0.5124,1
EagleCreekDrEtc_SHB_12.11.2025_LS,SHB,743,14040,234.03,309.1,277.3,14.4,18.8,0.5399,1
EagleCreekDrEtc_SHB_12.11.2025_LS,SHB,743,14041,234.05,309.0,277.6,14.4,18.9,0.5494,1
EagleCreekDrEtc_SHB_12.11.2025_LS,SHB,743,14042,234.06,309.0,277.8,14.4,18.8,0.5387,1
EagleCreekDrEtc_SHB_12.11.2025_LS,SHB,743,14043,234.08,308.8,278.1,14.4,18.8,0.5574,1
EagleCreekDrEtc_SHB_12.11.2025_LS,SHB,743,14044,234.1,308.8,278.2,14.5,18.9,0.5582,1
EagleCreekDrEtc_SHB_12.11.2025_LS,SHB,743,14045,234.11,308.8,277.7,14.6,18.9,0.578,1
EagleCreekDrEtc_SHB_12.11.2025_LS,SHB,743,14046,234.13,308.5,277.6,14.8,19.1,0.557,1
EagleCreekDrEtc_SHB_12.11.2025_LS,SHB,743,14047,234.15,308.1,277.6,14.7,19.0,0.5558,1
EagleCreekDrEtc_SHB_12.11.2025_LS,SHB,743,14048,234.16,307.7,277.8,14.7,18.9,0.5624,1
EagleCreekDrEtc_SHB_12.11.2025_LS,SHB,743,14049,234.18,307.3,278.6,14.6,18.7,0.5516,1
EagleCreekDrEtc_SHB_12.11.2025_LS,SHB,743,14050,234.2,307.3,278.4,14.7,18.8,0.5055,1
EagleCreekDrEtc_SHB_12.11.2025_LS,SHB,743,14051,234.21,306.8,279.1,15.2,18.9,0.3348,1
EagleCreekDrEtc_SHB_12.11.2025_LS,SHB,752,14057,234.31,28.1,291.1,22.7,19.0,0.4695,1
EagleCreekDrEtc_SHB_12.11.2025_LS,SHB,752,14059,234.35,30.4,290.8,24.6,20.0,0.4963,1
EagleCreekDrEtc_SHB_12.11.2025_LS,SHB,752,14060,234.36,32.5,290.8,24.4,19.2,0.4095,1
EagleCreekDrEtc_SHB_12.11.2025_LS,SHB,752,14061,234.38,33.8,289.7,24.5,18.2,0.4142,1
EagleCreekDrEtc_SHB_12.11.2025_LS,SHB,752,14062,234.4,34.8,289.8,24.8,18.3,0.5094,1
EagleCreekDrEtc_SHB_12.11.2025_LS,SHB,752,14063,234.41,35.3,289.4,24.9,18.5,0.4731,1
EagleCreekDrEtc_SHB_12.11.2025_LS,SHB,752,14064,234.43,36.5,289.8,26.0,18.7,0.5327,1
EagleCreekDrEtc_SHB_12.11.2025_LS,SHB,752,14065,234.45,37.1,289.2,26.9,19.1,0.4994,1
EagleCreekDrEtc_SHB_12.11.2025_LS,SHB,752,14066,234.46,38.0,288.6,26.9,18.7,0.3256,1
EagleCreekDrEtc_SHB_12.11.2025_LS,SHB,752,14067,234.48,40.9,289.0,26.1,18.7,0.3768,1
EagleCreekDrEtc_SHB_12.11.2025_LS,SHB,752,14068,234.5,43.6,288.8,25.0,18.0,0.4378,1
EagleCreekDrEtc_SHB_12.11.2025_LS,SHB,752,14069,234.51,45.1,289.2,26.3,18.3,0.4274,1
EagleCreekDrEtc_SHB_12.11.2025_LS,SHB,752,14070,234.53,47.3,288.9,25.9,18.4,0.2655,1
EagleCreekDrEtc_SHB_12.11.2025_LS,SHB,752,14072,234.56,51.8,290.8,25.9,20.1,0.3006,1
EagleCreekDrEtc_SHB_12.11.2025_LS,SHB,752,14073,234.58,53.9,290.6,27.2,20.6,0.3192,1
EagleCreekDrEtc_SHB_12.11.2025_LS,SHB,752,14074,234.6,57.1,291.2,28.0,21.1,0.3956,1
EagleCreekDrEtc_SHB_12.11.2025_LS,SHB,753,14058,234.33,325.8,276.9,14.8,19.5,0.4573,0
EagleCreekDrEtc_SHB_12.11.2025_LS,SHB,753,14059,234.35,325.7,276.8,15.0,19.3,0.3887,0
EagleCreekDrEtc_SHB_12.11.2025_LS,SHB,753,14060,234.36,325.2,277.3,14.7,18.8,0.4992,0
EagleCreekDrEtc_SHB_12.11.2025_LS,SHB,753,14061,234.38,325.9,277.1,15.4,19.5,0.3487,0
EagleCreekDrEtc_SHB_12.11.2025_LS,SHB,766,14138,235.66,302.2,225.0,23.5,20.4,0.5722,0
EagleCreekDrEtc_SHB_12.11.2025_LS,SHB,766,14139,235.68,308.9,225.0,22.9,22.2,0.4598,0
EagleCreekDrEtc_SHB_12.11.2025_LS,SHB,766,14140,235.7,314.2,224.2,23.9,22.8,0.3537,0
EagleCreekDrEtc_SHB_12.11.2025_LS,SHB,769,14150,235.86,378.6,214.9,25.3,23.8,0.5287,1
EagleCreekDrEtc_SHB_12.11.2025_LS,SHB,769,14151,235.88,384.6,214.1,24.0,22.6,0.3769,1
EagleCreekDrEtc_SHB_12.11.2025_LS,SHB,769,14153,235.91,399.2,213.3,22.1,22.2,0.5326,1
EagleCreekDrEtc_SHB_12.11.2025_LS,SHB,769,14154,235.93,406.2,213.5,21.8,22.7,0.3912,1
EagleCreekDrEtc_SHB_12.11.2025_LS,SHB,769,14155,235.95,413.4,213.4,22.7,21.7,0.4398,1
EagleCreekDrEtc_SHB_12.11.2025_LS,SHB,769,14156,235.96,418.9,213.9,23.7,22.3,0.2599,1
EagleCreekDrEtc_SHB_12.11.2025_LS,SHB,769,14161,236.05,449.3,217.8,25.1,22.4,0.4799,1
EagleCreekDrEtc_SHB_12.11.2025_LS,SHB,769,14162,236.06,455.1,218.1,25.0,22.9,0.3137,1
EagleCreekDrEtc_SHB_12.11.2025_LS,SHB,769,14169,236.18,500.7,218.1,24.4,22.1,0.3545,1
EagleCreekDrEtc_SHB_12.11.2025_LS,SHB,769,14170,236.2,506.7,217.7,24.7,22.5,0.3029,1
EagleCreekDrEtc_SHB_12.11.2025_LS,SHB,769,14172,236.23,519.0,216.8,26.2,23.2,0.2864,1
EagleCreekDrEtc_SHB_12.11.2025_LS,SHB,769,14174,236.26,534.6,216.7,24.5,23.1,0.3309,1
EagleCreekDrEtc_SHB_12.11.2025_LS,SHB,773,14373,239.58,631.5,289.5,15.5,20.6,0.5947,1
EagleCreekDrEtc_SHB_12.11.2025_LS,SHB,773,14374,239.6,630.4,287.2,16.8,23.0,0.635,1
EagleCreekDrEtc_SHB_12.11.2025_LS,SHB,773,14375,239.61,630.1,285.2,17.9,25.1,0.5144,1
EagleCreekDrEtc_SHB_12.11.2025_LS,SHB,773,14376,239.63,628.5,282.7,20.9,24.4,0.5254,1
EagleCreekDrEtc_SHB_12.11.2025_LS,SHB,773,14377,239.65,627.5,281.2,24.1,25.9,0.2976,1
EagleCreekDrEtc_SHB_12.11.2025_LS,SHB,773,14378,239.66,626.0,279.3,26.2,25.6,0.3237,1
EagleCreekDrEtc_SHB_12.11.2025_LS,SHB,773,14385,239.78,626.7,266.6,23.9,23.3,0.5613,1
EagleCreekDrEtc_SHB_12.11.2025_LS,SHB,773,14386,239.8,625.9,267.4,24.5,23.0,0.5039,1
EagleCreekDrEtc_SHB_12.11.2025_LS,SHB,773,14387,239.81,625.0,267.2,25.1,23.5,0.3103,1
EagleCreekDrEtc_SHB_12.11.2025_LS,SHB,773,14388,239.83,623.0,267.2,25.8,23.6,0.5517,1
EagleCreekDrEtc_SHB_12.11.2025_LS,SHB,773,14389,239.85,620.4,266.9,25.6,23.7,0.4171,1
EagleCreekDrEtc_SHB_12.11.2025_LS,SHB,773,14390,239.86,619.7,266.8,25.4,24.0,0.3829,1
EagleCreekDrEtc_SHB_12.11.2025_LS,SHB,773,14391,239.88,618.2,267.6,25.4,23.8,0.4216,1
EagleCreekDrEtc_SHB_12.11.2025_LS,SHB,773,14392,239.9,614.2,267.2,26.8,23.9,0.541,1
EagleCreekDrEtc_SHB_12.11.2025_LS,SHB,775,14391,239.88,600.6,271.2,27.7,21.2,0.4828,0
EagleCreekDrEtc_SHB_12.11.2025_LS,SHB,775,14392,239.9,596.6,271.1,27.8,21.2,0.6668,0
EagleCreekDrEtc_SHB_12.11.2025_LS,SHB,775,14393,239.91,594.4,272.7,28.0,21.5,0.6232,0
EagleCreekDrEtc_SHB_12.11.2025_LS,SHB,775,14394,239.93,592.4,273.0,27.6,21.1,0.7076,0
EagleCreekDrEtc_SHB_12.11.2025_LS,SHB,775,14395,239.95,589.9,273.8,26.5,21.0,0.7611,0
EagleCreekDrEtc_SHB_12.11.2025_LS,SHB,781,14405,240.11,601.0,272.5,29.1,24.3,0.7456,0
EagleCreekDrEtc_SHB_12.11.2025_LS,SHB,781,14406,240.13,601.0,272.0,28.6,24.0,0.7681,0
EagleCreekDrEtc_SHB_12.11.2025_LS,SHB,781,14407,240.15,600.4,270.5,28.0,23.9,0.7456,0
EagleCreekDrEtc_SHB_12.11.2025_LS,SHB,781,14408,240.16,598.4,268.7,27.4,23.8,0.7411,0
EagleCreekDrEtc_SHB_12.11.2025_LS,SHB,781,14409,240.18,600.8,268.6,27.8,23.7,0.5328,0
EagleCreekDrEtc_SHB_12.11.2025_LS,SHB,783,14406,240.13,575.0,276.4,25.9,21.5,0.7333,1
EagleCreekDrEtc_SHB_12.11.2025_LS,SHB,783,14407,240.15,572.5,275.5,27.3,22.5,0.6903,1
EagleCreekDrEtc_SHB_12.11.2025_LS,SHB,783,14408,240.16,569.4,274.1,27.7,21.9,0.7119,1
EagleCreekDrEtc_SHB_12.11.2025_LS,SHB,783,14409,240.18,572.3,274.6,28.6,22.1,0.7211,1
EagleCreekDrEtc_SHB_12.11.2025_LS,SHB,783,14410,240.2,570.7,272.0,27.6,21.4,0.7058,1
EagleCreekDrEtc_SHB_12.11.2025_LS,SHB,783,14411,240.21,571.5,271.8,27.2,20.6,0.7004,1
EagleCreekDrEtc_SHB_12.11.2025_LS,SHB,783,14412,240.23,567.8,269.3,28.2,20.9,0.7495,1
EagleCreekDrEtc_SHB_12.11.2025_LS,SHB,783,14413,240.25,569.9,268.2,27.9,20.9,0.7165,1
EagleCreekDrEtc_SHB_12.11.2025_LS,SHB,783,14414,240.26,570.4,266.7,28.0,21.2,0.7357,1
EagleCreekDrEtc_SHB_12.11.2025_LS,SHB,783,14415,240.28,570.0,265.1,26.8,20.6,0.7445,1
EagleCreekDrEtc_SHB_12.11.2025_LS,SHB,783,14416,240.3,569.3,263.1,27.1,21.2,0.7086,1
EagleCreekDrEtc_SHB_12.11.2025_LS,SHB,783,14417,240.31,569.1,262.2,26.9,21.4,0.7599,1
EagleCreekDrEtc_SHB_12.11.2025_LS,SHB,783,14418,240.33,568.7,259.5,27.4,22.2,0.4895,1
EagleCreekDrEtc_SHB_12.11.2025_LS,SHB,783,14419,240.35,569.2,258.0,28.2,22.9,0.7436,1
EagleCreekDrEtc_SHB_12.11.2025_LS,SHB,783,14420,240.36,569.9,256.9,29.5,23.1,0.6749,1
EagleCreekDrEtc_SHB_12.11.2025_LS,SHB,783,14421,240.38,569.4,255.9,28.7,23.1,0.6601,1
EagleCreekDrEtc_SHB_12.11.2025_LS,SHB,783,14422,240.4,569.2,254.4,29.4,23.2,0.7235,1
EagleCreekDrEtc_SHB_12.11.2025_LS,SHB,783,14423,240.41,569.3,253.1,29.8,24.0,0.743,1
EagleCreekDrEtc_SHB_12.11.2025_LS,SHB,783,14424,240.43,568.6,250.8,29.5,24.0,0.6652,1
EagleCreekDrEtc_SHB_12.11.2025_LS,SHB,783,14425,240.45,567.9,249.5,28.5,23.3,0.7021,1
EagleCreekDrEtc_SHB_12.11.2025_LS,SHB,783,14426,240.46,569.0,247.6,30.7,25.1,0.2777,1
EagleCreekDrEtc_SHB_12.11.2025_LS,SHB,783,14427,240.48,570.5,246.8,30.8,23.8,0.5935,1
EagleCreekDrEtc_SHB_12.11.2025_LS,SHB,783,14428,240.5,572.4,246.2,32.2,23.9,0.5414,1
EagleCreekDrEtc_SHB_12.11.2025_LS,SHB,783,14430,240.53,570.3,243.8,29.7,23.2,0.6703,1
EagleCreekDrEtc_SHB_12.11.2025_LS,SHB,783,14431,240.55,569.6,243.1,28.5,23.0,0.7678,1
EagleCreekDrEtc_SHB_12.11.2025_LS,SHB,783,14432,240.56,568.3,242.4,27.5,23.2,0.7283,1
EagleCreekDrEtc_SHB_12.11.2025_LS,SHB,783,14433,240.58,566.7,242.3,26.3,22.9,0.7387,1
EagleCreekDrEtc_SHB_12.11.2025_LS,SHB,783,14434,240.6,564.9,242.2,25.6,22.0,0.6581,1
EagleCreekDrEtc_SHB_12.11.2025_LS,SHB,783,14436,240.63,571.3,241.4,26.4,23.2,0.7096,1
EagleCreekDrEtc_SHB_12.11.2025_LS,SHB,783,14437,240.65,573.3,240.9,26.0,23.7,0.553,1
EagleCreekDrEtc_SHB_12.11.2025_LS,SHB,783,14438,240.66,574.6,241.3,25.5,23.6,0.668,1
EagleCreekDrEtc_SHB_12.11.2025_LS,SHB,783,14439,240.68,575.3,241.7,26.0,24.1,0.5808,1
EagleCreekDrEtc_SHB_12.11.2025_LS,SHB,783,14449,240.85,589.0,247.4,25.9,21.3,0.3584,1
EagleCreekDrEtc_SHB_12.11.2025_LS,SHB,783,14450,240.86,589.3,248.4,26.8,21.4,0.7296,1
EagleCreekDrEtc_SHB_12.11.2025_LS,SHB,783,14451,240.88,590.6,249.3,27.2,21.7,0.7377,1
EagleCreekDrEtc_SHB_12.11.2025_LS,SHB,783,14452,240.9,592.0,250.0,27.4,21.3,0.7374,1
EagleCreekDrEtc_SHB_12.11.2025_LS,SHB,783,14453,240.91,594.7,250.1,28.0,21.9,0.7515,1
EagleCreekDrEtc_SHB_12.11.2025_LS,SHB,783,14454,240.93,597.0,250.6,28.8,22.6,0.7585,1
EagleCreekDrEtc_SHB_12.11.2025_LS,SHB,783,14455,240.95,599.3,250.7,29.1,23.1,0.745,1
EagleCreekDrEtc_SHB_12.11.2025_LS,SHB,783,14456,240.96,601.9,250.4,29.5,23.2,0.7628,1
EagleCreekDrEtc_SHB_12.11.2025_LS,SHB,783,14457,240.98,605.0,250.6,28.8,23.1,0.7316,1
EagleCreekDrEtc_SHB_12.11.2025_LS,SHB,783,14458,241.0,607.7,250.7,28.5,22.8,0.7588,1
EagleCreekDrEtc_SHB_12.11.2025_LS,SHB,783,14459,241.01,611.3,250.5,27.4,22.3,0.7368,1
EagleCreekDrEtc_SHB_12.11.2025_LS,SHB,783,14460,241.03,615.2,250.7,25.1,20.6,0.7399,1
EagleCreekDrEtc_SHB_12.11.2025_LS,SHB,783,14461,241.05,617.2,248.9,26.7,20.3,0.7184,1
EagleCreekDrEtc_SHB_12.11.2025_LS,SHB,783,14462,241.06,619.7,249.0,28.2,21.5,0.7109,1
EagleCreekDrEtc_SHB_12.11.2025_LS,SHB,783,14463,241.08,621.9,247.5,27.1,21.4,0.7027,1
EagleCreekDrEtc_SHB_12.11.2025_LS,SHB,787,14422,240.4,595.4,250.6,38.5,27.6,0.5882,0
EagleCreekDrEtc_SHB_12.11.2025_LS,SHB,787,14423,240.41,592.7,250.3,38.0,28.0,0.3262,0
EagleCreekDrEtc_SHB_12.11.2025_LS,SHB,787,14425,240.45,592.2,248.4,39.4,28.5,0.4588,0
EagleCreekDrEtc_SHB_12.11.2025_LS,SHB,787,14426,240.46,591.8,244.8,40.4,28.4,0.3445,0
EagleCreekDrEtc_SHB_12.11.2025_LS,SHB,787,14427,240.48,591.8,242.5,38.8,27.4,0.288,0
EagleCreekDrEtc_SHB_12.11.2025_LS,SHB,788,14433,240.58,605.8,235.2,29.2,23.9,0.4523,0
EagleCreekDrEtc_SHB_12.11.2025_LS,SHB,788,14434,240.6,607.3,235.3,28.1,23.4,0.5655,0
EagleCreekDrEtc_SHB_12.11.2025_LS,SHB,788,14435,240.61,608.5,235.2,27.0,23.6,0.4409,0
EagleCreekDrEtc_SHB_12.11.2025_LS,SHB,788,14436,240.63,607.5,236.4,27.9,23.4,0.5868,0
EagleCreekDrEtc_SHB_12.11.2025_LS,SHB,795,15148,252.5,622.1,289.5,30.0,51.3,0.8024,1
EagleCreekDrEtc_SHB_12.11.2025_LS,SHB,795,15149,252.52,615.6,291.0,35.4,50.3,0.7035,1
EagleCreekDrEtc_SHB_12.11.2025_LS,SHB,795,15152,252.57,595.3,291.9,34.4,49.7,0.789,1
EagleCreekDrEtc_SHB_12.11.2025_LS,SHB,795,15153,252.58,586.7,288.1,35.6,49.6,0.8437,1
EagleCreekDrEtc_SHB_12.11.2025_LS,SHB,795,15154,252.6,578.7,290.6,35.4,49.9,0.8341,1
EagleCreekDrEtc_SHB_12.11.2025_LS,SHB,795,15155,252.62,572.3,291.3,36.1,51.0,0.8131,1
EagleCreekDrEtc_SHB_12.11.2025_LS,SHB,795,15156,252.63,565.6,290.7,36.7,51.3,0.8365,1
EagleCreekDrEtc_SHB_12.11.2025_LS,SHB,795,15157,252.65,557.6,291.9,36.3,51.4,0.8037,1
EagleCreekDrEtc_SHB_12.11.2025_LS,SHB,795,15158,252.67,555.5,291.7,37.6,53.2,0.8002,1
EagleCreekDrEtc_SHB_12.11.2025_LS,SHB,795,15159,252.68,548.4,290.9,38.2,54.3,0.8066,1
EagleCreekDrEtc_SHB_12.11.2025_LS,SHB,795,15160,252.7,541.6,291.8,37.7,52.8,0.8189,1
EagleCreekDrEtc_SHB_12.11.2025_LS,SHB,795,15161,252.72,528.5,292.1,37.0,51.8,0.8228,1
EagleCreekDrEtc_SHB_12.11.2025_LS,SHB,795,15162,252.73,523.5,289.7,37.0,51.7,0.8127,1
EagleCreekDrEtc_SHB_12.11.2025_LS,SHB,795,15163,252.75,516.0,290.5,37.4,51.6,0.8124,1
EagleCreekDrEtc_SHB_12.11.2025_LS,SHB,795,15164,252.77,508.4,289.9,37.3,52.9,0.807,1
EagleCreekDrEtc_SHB_12.11.2025_LS,SHB,795,15165,252.78,499.1,290.6,38.1,54.3,0.7995,1
EagleCreekDrEtc_SHB_12.11.2025_LS,SHB,795,15166,252.8,491.9,291.3,38.7,54.3,0.8224,1
EagleCreekDrEtc_SHB_12.11.2025_LS,SHB,795,15167,252.82,483.2,291.9,38.3,54.3,0.8076,1
EagleCreekDrEtc_SHB_12.11.2025_LS,SHB,795,15168,252.83,476.2,291.7,38.6,54.4,0.8333,1
EagleCreekDrEtc_SHB_12.11.2025_LS,SHB,795,15169,252.85,468.8,292.2,37.5,52.6,0.8159,1
EagleCreekDrEtc_SHB_12.11.2025_LS,SHB,795,15170,252.87,460.8,292.2,37.6,51.7,0.8576,1
EagleCreekDrEtc_SHB_12.11.2025_LS,SHB,795,15171,252.88,452.9,293.3,38.1,51.9,0.8178,1
EagleCreekDrEtc_SHB_12.11.2025_LS,SHB,795,15172,252.9,444.6,293.5,38.7,52.1,0.7914,1
EagleCreekDrEtc_SHB_12.11.2025_LS,SHB,795,15173,252.92,437.2,294.2,37.9,52.7,0.8041,1
EagleCreekDrEtc_SHB_12.11.2025_LS,SHB,795,15174,252.93,429.5,294.7,38.5,53.2,0.7996,1
EagleCreekDrEtc_SHB_12.11.2025_LS,SHB,795,15175,252.95,421.5,295.5,39.5,52.6,0.8311,1
EagleCreekDrEtc_SHB_12.11.2025_LS,SHB,795,15176,252.97,413.8,296.2,38.8,51.9,0.8153,1
EagleCreekDrEtc_SHB_12.11.2025_LS,SHB,795,15177,252.98,406.7,296.1,36.6,50.5,0.8356,1
EagleCreekDrEtc_SHB_12.11.2025_LS,SHB,795,15178,253.0,398.9,296.0,37.5,51.7,0.853,1
EagleCreekDrEtc_SHB_12.11.2025_LS,SHB,795,15179,253.02,390.9,295.1,37.2,52.5,0.8336,1
EagleCreekDrEtc_SHB_12.11.2025_LS,SHB,795,15180,253.03,382.3,296.0,36.0,50.8,0.8291,1
EagleCreekDrEtc_SHB_12.11.2025_LS,SHB,795,15181,253.05,376.3,297.2,35.8,50.0,0.8283,1
EagleCreekDrEtc_SHB_12.11.2025_LS,SHB,795,15182,253.07,367.8,295.3,35.3,48.6,0.8309,1
EagleCreekDrEtc_SHB_12.11.2025_LS,SHB,795,15183,253.08,360.5,296.6,35.8,50.1,0.8118,1
EagleCreekDrEtc_SHB_12.11.2025_LS,SHB,795,15184,253.1,353.2,297.4,35.8,50.2,0.7994,1
EagleCreekDrEtc_SHB_12.11.2025_LS,SHB,795,15185,253.12,346.2,295.6,36.5,51.7,0.7951,1
EagleCreekDrEtc_SHB_12.11.2025_LS,SHB,795,15186,253.13,338.4,296.9,37.2,51.3,0.8026,1
EagleCreekDrEtc_SHB_12.11.2025_LS,SHB,795,15187,253.15,331.2,296.4,36.1,51.4,0.8036,1
EagleCreekDrEtc_SHB_12.11.2025_LS,SHB,795,15188,253.17,324.2,297.6,36.6,52.2,0.8109,1
EagleCreekDrEtc_SHB_12.11.2025_LS,SHB,795,15189,253.18,316.6,300.1,36.2,51.2,0.8214,1
EagleCreekDrEtc_SHB_12.11.2025_LS,SHB,795,15190,253.2,309.3,300.0,35.4,51.0,0.8248,1
EagleCreekDrEtc_SHB_12.11.2025_LS,SHB,795,15191,253.22,302.7,301.7,35.7,51.3,0.8064,1
EagleCreekDrEtc_SHB_12.11.2025_LS,SHB,795,15192,253.23,295.9,302.1,35.9,51.7,0.8102,1
EagleCreekDrEtc_SHB_12.11.2025_LS,SHB,795,15193,253.25,288.2,303.8,36.1,52.1,0.8239,1
EagleCreekDrEtc_SHB_12.11.2025_LS,SHB,795,15194,253.27,281.2,304.8,36.5,52.8,0.7776,1
EagleCreekDrEtc_SHB_12.11.2025_LS,SHB,795,15195,253.28,274.1,304.3,36.8,52.9,0.8066,1
EagleCreekDrEtc_SHB_12.11.2025_LS,SHB,795,15196,253.3,266.8,305.7,37.2,53.0,0.8081,1
EagleCreekDrEtc_SHB_12.11.2025_LS,SHB,795,15197,253.32,258.7,306.5,37.5,52.9,0.825,1
EagleCreekDrEtc_SHB_12.11.2025_LS,SHB,795,15198,253.33,251.8,306.6,37.3,52.4,0.8425,1
EagleCreekDrEtc_SHB_12.11.2025_LS,SHB,795,15199,253.35,243.7,307.1,37.3,52.4,0.8639,1
EagleCreekDrEtc_SHB_12.11.2025_LS,SHB,795,15200,253.37,237.2,307.8,36.4,51.4,0.8373,1
EagleCreekDrEtc_SHB_12.11.2025_LS,SHB,795,15201,253.38,230.0,308.0,36.0,51.3,0.8534,1
EagleCreekDrEtc_SHB_12.11.2025_LS,SHB,795,15202,253.4,222.8,307.6,35.9,51.3,0.8588,1
EagleCreekDrEtc_SHB_12.11.2025_LS,SHB,795,15203,253.42,215.7,308.2,36.4,51.0,0.8541,1
EagleCreekDrEtc_SHB_12.11.2025_LS,SHB,795,15204,253.43,207.6,309.5,36.5,51.1,0.7836,1
EagleCreekDrEtc_SHB_12.11.2025_LS,SHB,795,15205,253.45,201.1,310.0,36.2,51.2,0.8065,1
EagleCreekDrEtc_SHB_12.11.2025_LS,SHB,795,15206,253.47,194.1,310.2,36.4,51.4,0.79,1
EagleCreekDrEtc_SHB_12.11.2025_LS,SHB,795,15207,253.48,187.5,310.9,36.5,52.4,0.7863,1
EagleCreekDrEtc_SHB_12.11.2025_LS,SHB,795,15208,253.5,180.9,311.5,35.9,50.5,0.7818,1
EagleCreekDrEtc_SHB_12.11.2025_LS,SHB,795,15209,253.52,174.0,311.5,36.5,51.0,0.8205,1
EagleCreekDrEtc_SHB_12.11.2025_LS,SHB,795,15210,253.53,167.4,312.9,36.8,51.0,0.8229,1
EagleCreekDrEtc_SHB_12.11.2025_LS,SHB,795,15211,253.55,161.2,311.3,36.7,52.3,0.761,1
EagleCreekDrEtc_SHB_12.11.2025_LS,SHB,795,15212,253.57,154.8,310.8,36.9,53.5,0.7787,1
EagleCreekDrEtc_SHB_12.11.2025_LS,SHB,795,15213,253.58,148.4,310.5,37.2,53.9,0.7445,1
EagleCreekDrEtc_SHB_12.11.2025_LS,SHB,795,15214,253.6,142.1,308.9,36.0,51.3,0.8172,1
EagleCreekDrEtc_SHB_12.11.2025_LS,SHB,795,15215,253.62,135.4,308.3,36.2,51.3,0.7734,1
EagleCreekDrEtc_SHB_12.11.2025_LS,SHB,795,15216,253.63,128.7,307.0,36.4,52.3,0.7709,1
EagleCreekDrEtc_SHB_12.11.2025_LS,SHB,795,15217,253.65,122.1,305.5,37.2,52.2,0.7782,1
EagleCreekDrEtc_SHB_12.11.2025_LS,SHB,795,15218,253.67,116.2,305.4,36.1,51.7,0.7282,1
EagleCreekDrEtc_SHB_12.11.2025_LS,SHB,795,15219,253.68,110.0,303.2,36.3,52.4,0.7638,1
EagleCreekDrEtc_SHB_12.11.2025_LS,SHB,795,15220,253.7,103.2,302.6,37.2,52.9,0.7691,1
EagleCreekDrEtc_SHB_12.11.2025_LS,SHB,795,15221,253.72,97.0,301.0,36.7,50.5,0.7922,1
EagleCreekDrEtc_SHB_12.11.2025_LS,SHB,795,15222,253.73,90.5,299.6,37.4,51.5,0.7868,1
EagleCreekDrEtc_SHB_12.11.2025_LS,SHB,795,15223,253.75,84.5,298.4,37.4,52.3,0.7514,1
EagleCreekDrEtc_SHB_12.11.2025_LS,SHB,795,15224,253.77,77.6,296.4,38.3,51.3,0.8082,1
EagleCreekDrEtc_SHB_12.11.2025_LS,SHB,795,15225,253.78,70.8,296.1,38.8,50.9,0.8054,1
EagleCreekDrEtc_SHB_12.11.2025_LS,SHB,795,15226,253.8,64.8,295.3,38.3,50.5,0.7954,1
EagleCreekDrEtc_SHB_12.11.2025_LS,SHB,795,15227,253.82,58.5,293.9,38.9,50.9,0.8099,1
EagleCreekDrEtc_SHB_12.11.2025_LS,SHB,795,15228,253.83,51.7,292.8,37.9,49.3,0.7907,1
EagleCreekDrEtc_SHB_12.11.2025_LS,SHB,795,15229,253.85,45.7,291.3,38.1,51.1,0.7966,1
EagleCreekDrEtc_SHB_12.11.2025_LS,SHB,795,15230,253.87,38.8,290.4,38.8,52.4,0.7971,1
EagleCreekDrEtc_SHB_12.11.2025_LS,SHB,795,15231,253.88,32.4,289.7,38.1,50.5,0.7876,1
EagleCreekDrEtc_SHB_12.11.2025_LS,SHB,795,15232,253.9,25.7,287.7,38.6,51.0,0.825,1
EagleCreekDrEtc_SHB_12.11.2025_LS,SHB,795,15233,253.92,19.3,285.8,38.5,52.0,0.7785,1
EagleCreekDrEtc_SHB_12.11.2025_LS,SHB,795,15234,253.93,16.0,284.3,32.1,51.7,0.7307,1
EagleCreekDrEtc_SHB_12.11.2025_LS,SHB,795,15235,253.95,13.0,283.1,25.9,53.5,0.762,1
EagleCreekDrEtc_SHB_12.11.2025_LS,SHB,795,15236,253.97,10.6,282.6,21.3,51.3,0.7312,1
EagleCreekDrEtc_SHB_12.11.2025_LS,SHB,798,15190,253.2,617.6,298.3,43.1,69.5,0.7225,1
EagleCreekDrEtc_SHB_12.11.2025_LS,SHB,798,15191,253.22,612.1,299.5,47.2,68.7,0.7809,1
EagleCreekDrEtc_SHB_12.11.2025_LS,SHB,798,15192,253.23,605.5,300.6,52.1,67.3,0.81,1
EagleCreekDrEtc_SHB_12.11.2025_LS,SHB,798,15193,253.25,597.5,301.9,50.8,67.3,0.7504,1
EagleCreekDrEtc_SHB_12.11.2025_LS,SHB,798,15194,253.27,590.0,303.8,50.7,67.2,0.7925,1
EagleCreekDrEtc_SHB_12.11.2025_LS,SHB,798,15195,253.28,582.2,303.4,52.3,69.3,0.8003,1
EagleCreekDrEtc_SHB_12.11.2025_LS,SHB,798,15196,253.3,575.0,304.7,53.8,70.3,0.8031,1
EagleCreekDrEtc_SHB_12.11.2025_LS,SHB,798,15197,253.32,567.0,305.8,55.3,71.2,0.8078,1
EagleCreekDrEtc_SHB_12.11.2025_LS,SHB,798,15198,253.33,559.4,305.5,56.3,72.3,0.8132,1
EagleCreekDrEtc_SHB_12.11.2025_LS,SHB,798,15199,253.35,550.9,306.2,54.5,72.9,0.8116,1
EagleCreekDrEtc_SHB_12.11.2025_LS,SHB,798,15200,253.37,543.9,306.0,53.9,73.2,0.8047,1
EagleCreekDrEtc_SHB_12.11.2025_LS,SHB,798,15201,253.38,535.5,305.8,54.4,73.5,0.8164,1
EagleCreekDrEtc_SHB_12.11.2025_LS,SHB,798,15202,253.4,527.0,305.8,55.4,73.2,0.8299,1
EagleCreekDrEtc_SHB_12.11.2025_LS,SHB,798,15203,253.42,519.4,306.7,55.3,71.6,0.8209,1
EagleCreekDrEtc_SHB_12.11.2025_LS,SHB,798,15204,253.43,511.9,307.9,55.4,71.6,0.8284,1
EagleCreekDrEtc_SHB_12.11.2025_LS,SHB,798,15205,253.45,504.0,308.7,55.3,71.4,0.8217,1
EagleCreekDrEtc_SHB_12.11.2025_LS,SHB,798,15206,253.47,496.4,308.0,56.3,73.2,0.8285,1
EagleCreekDrEtc_SHB_12.11.2025_LS,SHB,798,15207,253.48,489.1,309.2,56.0,72.3,0.8221,1
EagleCreekDrEtc_SHB_12.11.2025_LS,SHB,798,15208,253.5,481.1,310.5,55.4,69.9,0.8097,1
EagleCreekDrEtc_SHB_12.11.2025_LS,SHB,798,15209,253.52,474.2,310.3,56.1,72.0,0.8244,1
EagleCreekDrEtc_SHB_12.11.2025_LS,SHB,798,15210,253.53,466.4,311.5,53.8,70.5,0.8385,1
EagleCreekDrEtc_SHB_12.11.2025_LS,SHB,798,15211,253.55,458.6,310.7,54.1,70.4,0.8269,1
EagleCreekDrEtc_SHB_12.11.2025_LS,SHB,798,15212,253.57,450.9,310.5,54.0,70.9,0.8294,1
EagleCreekDrEtc_SHB_12.11.2025_LS,SHB,798,15213,253.58,443.5,310.9,53.3,70.8,0.8302,1
EagleCreekDrEtc_SHB_12.11.2025_LS,SHB,798,15214,253.6,435.9,309.6,53.0,70.6,0.8292,1
EagleCreekDrEtc_SHB_12.11.2025_LS,SHB,798,15215,253.62,428.9,309.5,52.3,70.4,0.8137,1
EagleCreekDrEtc_SHB_12.11.2025_LS,SHB,798,15216,253.63,422.2,308.1,53.5,71.5,0.8175,1
EagleCreekDrEtc_SHB_12.11.2025_LS,SHB,798,15217,253.65,415.6,306.9,54.7,73.5,0.7952,1
EagleCreekDrEtc_SHB_12.11.2025_LS,SHB,798,15218,253.67,408.7,307.6,54.6,74.0,0.809,1
EagleCreekDrEtc_SHB_12.11.2025_LS,SHB,798,15219,253.68,401.3,305.7,55.5,74.6,0.8021,1
EagleCreekDrEtc_SHB_12.11.2025_LS,SHB,798,15220,253.7,393.6,305.4,55.3,72.1,0.791,1
EagleCreekDrEtc_SHB_12.11.2025_LS,SHB,798,15221,253.72,385.6,304.0,53.7,72.6,0.804,1
EagleCreekDrEtc_SHB_12.11.2025_LS,SHB,798,15222,253.73,377.6,303.8,53.1,72.1,0.8323,1
EagleCreekDrEtc_SHB_12.11.2025_LS,SHB,798,15223,253.75,368.8,304.1,48.6,70.3,0.7748,1
EagleCreekDrEtc_SHB_12.11.2025_LS,SHB,798,15224,253.77,362.9,301.7,55.4,73.9,0.7921,1
EagleCreekDrEtc_SHB_12.11.2025_LS,SHB,798,15225,253.78,356.5,300.9,55.8,73.5,0.7369,1
EagleCreekDrEtc_SHB_12.11.2025_LS,SHB,798,15226,253.8,349.6,299.4,55.2,72.1,0.7913,1
EagleCreekDrEtc_SHB_12.11.2025_LS,SHB,798,15227,253.82,342.9,298.4,56.6,71.8,0.7887,1
EagleCreekDrEtc_SHB_12.11.2025_LS,SHB,798,15228,253.83,335.8,297.3,55.2,70.8,0.7759,1
EagleCreekDrEtc_SHB_12.11.2025_LS,SHB,798,15229,253.85,329.4,295.8,53.9,70.7,0.7991,1
EagleCreekDrEtc_SHB_12.11.2025_LS,SHB,798,15230,253.87,322.9,294.8,50.5,70.1,0.8289,1
EagleCreekDrEtc_SHB_12.11.2025_LS,SHB,798,15231,253.88,315.1,293.6,51.7,69.4,0.8452,1
EagleCreekDrEtc_SHB_12.11.2025_LS,SHB,798,15232,253.9,306.0,292.7,53.6,69.1,0.8418,1
EagleCreekDrEtc_SHB_12.11.2025_LS,SHB,798,15233,253.92,298.2,291.6,55.6,69.9,0.8363,1
EagleCreekDrEtc_SHB_12.11.2025_LS,SHB,798,15234,253.93,291.1,289.8,54.0,69.9,0.8416,1
EagleCreekDrEtc_SHB_12.11.2025_LS,SHB,798,15235,253.95,283.1,288.6,54.2,69.2,0.8603,1
EagleCreekDrEtc_SHB_12.11.2025_LS,SHB,798,15236,253.97,276.2,287.2,53.9,70.2,0.8636,1
EagleCreekDrEtc_SHB_12.11.2025_LS,SHB,798,15237,253.98,269.7,286.7,53.0,70.6,0.8567,1
EagleCreekDrEtc_SHB_12.11.2025_LS,SHB,798,15238,254.0,262.6,285.8,52.9,69.3,0.8466,1
EagleCreekDrEtc_SHB_12.11.2025_LS,SHB,798,15239,254.02,255.5,285.5,54.1,70.3,0.8573,1
EagleCreekDrEtc_SHB_12.11.2025_LS,SHB,798,15240,254.03,247.5,286.0,54.2,70.0,0.8568,1
EagleCreekDrEtc_SHB_12.11.2025_LS,SHB,798,15241,254.05,240.1,285.5,54.7,70.7,0.8662,1
EagleCreekDrEtc_SHB_12.11.2025_LS,SHB,798,15242,254.07,232.9,285.5,55.0,70.8,0.8562,1
EagleCreekDrEtc_SHB_12.11.2025_LS,SHB,798,15243,254.08,225.2,284.8,55.3,71.2,0.8556,1
EagleCreekDrEtc_SHB_12.11.2025_LS,SHB,798,15244,254.1,218.3,284.9,55.2,70.8,0.8457,1
EagleCreekDrEtc_SHB_12.11.2025_LS,SHB,798,15245,254.12,210.5,284.7,55.7,70.7,0.8371,1
EagleCreekDrEtc_SHB_12.11.2025_LS,SHB,798,15246,254.13,202.4,283.3,54.5,70.4,0.848,1
EagleCreekDrEtc_SHB_12.11.2025_LS,SHB,798,15247,254.15,195.5,283.9,54.3,70.2,0.8547,1
EagleCreekDrEtc_SHB_12.11.2025_LS,SHB,798,15248,254.17,187.5,282.9,54.7,70.6,0.8557,1
EagleCreekDrEtc_SHB_12.11.2025_LS,SHB,798,15249,254.18,180.3,282.7,53.8,70.9,0.847,1
EagleCreekDrEtc_SHB_12.11.2025_LS,SHB,798,15250,254.2,174.0,282.2,55.1,72.0,0.8492,1
EagleCreekDrEtc_SHB_12.11.2025_LS,SHB,798,15251,254.22,166.2,280.9,55.0,72.8,0.8542,1
EagleCreekDrEtc_SHB_12.11.2025_LS,SHB,798,15252,254.23,158.8,280.7,55.3,72.7,0.8528,1
EagleCreekDrEtc_SHB_12.11.2025_LS,SHB,798,15253,254.25,151.1,279.6,55.4,73.0,0.8723,1
EagleCreekDrEtc_SHB_12.11.2025_LS,SHB,798,15254,254.27,143.4,278.7,55.6,73.5,0.8732,1
EagleCreekDrEtc_SHB_12.11.2025_LS,SHB,798,15255,254.28,136.2,277.9,54.9,73.5,0.8589,1
EagleCreekDrEtc_SHB_12.11.2025_LS,SHB,798,15256,254.3,128.3,276.9,54.5,73.5,0.8425,1
EagleCreekDrEtc_SHB_12.11.2025_LS,SHB,798,15257,254.32,120.9,275.6,54.4,72.6,0.8408,1
EagleCreekDrEtc_SHB_12.11.2025_LS,SHB,798,15258,254.33,113.3,274.9,54.0,72.2,0.8217,1
EagleCreekDrEtc_SHB_12.11.2025_LS,SHB,798,15259,254.35,105.3,273.8,54.3,72.0,0.8357,1
EagleCreekDrEtc_SHB_12.11.2025_LS,SHB,798,15260,254.37,98.4,272.5,54.5,71.3,0.8597,1
EagleCreekDrEtc_SHB_12.11.2025_LS,SHB,798,15261,254.38,89.6,272.0,54.7,71.6,0.8565,1
EagleCreekDrEtc_SHB_12.11.2025_LS,SHB,798,15262,254.4,82.2,271.5,55.4,72.5,0.8584,1
EagleCreekDrEtc_SHB_12.11.2025_LS,SHB,798,15263,254.42,75.4,270.6,55.0,72.6,0.8491,1
EagleCreekDrEtc_SHB_12.11.2025_LS,SHB,798,15264,254.43,68.0,270.8,55.3,72.7,0.8587,1
EagleCreekDrEtc_SHB_12.11.2025_LS,SHB,798,15265,254.45,61.3,270.2,54.8,73.1,0.853,1
EagleCreekDrEtc_SHB_12.11.2025_LS,SHB,798,15266,254.47,54.4,269.6,55.8,73.9,0.8598,1
EagleCreekDrEtc_SHB_12.11.2025_LS,SHB,798,15267,254.48,47.0,269.7,55.9,74.4,0.8614,1
EagleCreekDrEtc_SHB_12.11.2025_LS,SHB,798,15268,254.5,39.6,269.9,54.8,73.0,0.8318,1
EagleCreekDrEtc_SHB_12.11.2025_LS,SHB,798,15269,254.52,32.0,270.5,54.5,72.4,0.8118,1
EagleCreekDrEtc_SHB_12.11.2025_LS,SHB,798,15270,254.53,25.1,270.1,50.3,69.6,0.7967,1
EagleCreekDrEtc_SHB_12.11.2025_LS,SHB,798,15271,254.55,20.8,271.9,41.5,67.7,0.7888,1
EagleCreekDrEtc_SHB_12.11.2025_LS,SHB,798,15272,254.57,17.9,273.5,35.8,66.6,0.778,1
EagleCreekDrEtc_SHB_12.11.2025_LS,SHB,798,15273,254.58,14.5,276.9,29.0,67.8,0.7473,1
EagleCreekDrEtc_SHB_12.11.2025_LS,SHB,798,15274,254.6,11.4,279.9,22.8,66.4,0.6186,1
EagleCreekDrEtc_SHB_12.11.2025_LS,SHB,798,15275,254.62,8.7,278.1,17.5,67.1,0.3706,1
EagleCreekDrEtc_SHB_12.11.2025_LS,SHB,803,15279,254.68,565.8,249.2,38.1,38.9,0.7903,1
EagleCreekDrEtc_SHB_12.11.2025_LS,SHB,803,15280,254.7,560.8,250.3,36.5,38.6,0.8088,1
EagleCreekDrEtc_SHB_12.11.2025_LS,SHB,803,15281,254.72,555.1,250.8,38.0,38.5,0.8382,1
EagleCreekDrEtc_SHB_12.11.2025_LS,SHB,803,15282,254.73,549.8,251.6,38.6,38.4,0.8179,1
EagleCreekDrEtc_SHB_12.11.2025_LS,SHB,803,15283,254.75,544.8,252.3,38.1,38.7,0.8336,1
EagleCreekDrEtc_SHB_12.11.2025_LS,SHB,803,15284,254.77,539.4,254.0,38.3,38.5,0.8689,1
EagleCreekDrEtc_SHB_12.11.2025_LS,SHB,803,15285,254.78,534.3,253.3,37.4,37.7,0.8575,1
EagleCreekDrEtc_SHB_12.11.2025_LS,SHB,803,15286,254.8,530.1,254.1,37.0,38.3,0.8976,1
EagleCreekDrEtc_SHB_12.11.2025_LS,SHB,803,15287,254.82,526.0,255.5,37.7,38.9,0.8886,1
EagleCreekDrEtc_SHB_12.11.2025_LS,SHB,803,15288,254.83,520.7,254.5,37.4,38.5,0.8589,1
EagleCreekDrEtc_SHB_12.11.2025_LS,SHB,803,15289,254.85,516.1,255.4,37.1,38.4,0.8556,1
EagleCreekDrEtc_SHB_12.11.2025_LS,SHB,803,15290,254.87,511.8,255.4,38.0,38.4,0.8674,1
EagleCreekDrEtc_SHB_12.11.2025_LS,SHB,803,15291,254.88,507.5,256.4,39.2,39.6,0.9185,1
EagleCreekDrEtc_SHB_12.11.2025_LS,SHB,803,15292,254.9,503.2,258.0,40.1,39.6,0.859,1
EagleCreekDrEtc_SHB_12.11.2025_LS,SHB,803,15293,254.92,498.5,258.1,39.5,39.2,0.879,1
EagleCreekDrEtc_SHB_12.11.2025_LS,SHB,803,15294,254.93,493.6,258.7,40.7,40.3,0.8705,1
EagleCreekDrEtc_SHB_12.11.2025_LS,SHB,803,15295,254.95,488.1,259.1,41.7,40.2,0.831,1
EagleCreekDrEtc_SHB_12.11.2025_LS,SHB,803,15296,254.97,483.1,258.8,41.0,40.3,0.8367,1
EagleCreekDrEtc_SHB_12.11.2025_LS,SHB,803,15297,254.98,478.3,260.0,40.9,39.8,0.8597,1
EagleCreekDrEtc_SHB_12.11.2025_LS,SHB,803,15298,255.0,473.5,260.0,39.0,39.2,0.8398,1
EagleCreekDrEtc_SHB_12.11.2025_LS,SHB,803,15299,255.02,468.9,260.7,39.4,38.8,0.8378,1
EagleCreekDrEtc_SHB_12.11.2025_LS,SHB,803,15300,255.03,464.9,262.6,39.3,37.7,0.8672,1
EagleCreekDrEtc_SHB_12.11.2025_LS,SHB,803,15301,255.05,460.9,263.1,39.1,37.1,0.9172,1
EagleCreekDrEtc_SHB_12.11.2025_LS,SHB,803,15302,255.07,455.8,263.7,40.1,37.2,0.8636,1
EagleCreekDrEtc_SHB_12.11.2025_LS,SHB,803,15303,255.08,450.6,263.9,38.7,35.9,0.8439,1
EagleCreekDrEtc_SHB_12.11.2025_LS,SHB,803,15304,255.1,445.9,263.9,39.4,36.6,0.8722,1
EagleCreekDrEtc_SHB_12.11.2025_LS,SHB,803,15305,255.12,441.4,264.3,39.2,37.3,0.8521,1
EagleCreekDrEtc_SHB_12.11.2025_LS,SHB,803,15306,255.13,436.1,264.8,40.8,37.2,0.8799,1
EagleCreekDrEtc_SHB_12.11.2025_LS,SHB,803,15307,255.15,430.8,265.1,41.6,36.6,0.8788,1
EagleCreekDrEtc_SHB_12.11.2025_LS,SHB,803,15308,255.17,424.9,265.8,41.7,36.3,0.8742,1
EagleCreekDrEtc_SHB_12.11.2025_LS,SHB,803,15309,255.18,419.1,265.9,41.0,37.1,0.8879,1
EagleCreekDrEtc_SHB_12.11.2025_LS,SHB,803,15310,255.2,414.0,266.4,40.3,37.3,0.8791,1
EagleCreekDrEtc_SHB_12.11.2025_LS,SHB,803,15311,255.22,409.2,265.9,40.7,37.7,0.8516,1
EagleCreekDrEtc_SHB_12.11.2025_LS,SHB,803,15312,255.23,404.7,267.0,40.9,37.8,0.843,1
EagleCreekDrEtc_SHB_12.11.2025_LS,SHB,803,15313,255.25,399.5,266.9,40.5,37.3,0.8794,1
EagleCreekDrEtc_SHB_12.11.2025_LS,SHB,803,15314,255.27,394.4,267.9,40.5,37.6,0.8741,1
EagleCreekDrEtc_SHB_12.11.2025_LS,SHB,803,15315,255.28,390.0,268.3,40.6,36.7,0.8409,1
EagleCreekDrEtc_SHB_12.11.2025_LS,SHB,803,15316,255.3,385.2,268.3,40.5,35.7,0.8154,1
EagleCreekDrEtc_SHB_12.11.2025_LS,SHB,803,15317,255.32,380.6,269.4,40.6,36.2,0.8721,1
EagleCreekDrEtc_SHB_12.11.2025_LS,SHB,803,15318,255.33,375.1,270.2,40.3,36.8,0.8724,1
EagleCreekDrEtc_SHB_12.11.2025_LS,SHB,803,15319,255.35,370.8,270.5,41.0,36.2,0.9135,1
EagleCreekDrEtc_SHB_12.11.2025_LS,SHB,803,15320,255.37,365.5,270.9,41.1,35.0,0.8523,1
EagleCreekDrEtc_SHB_12.11.2025_LS,SHB,803,15321,255.38,359.6,270.4,40.9,35.0,0.8666,1
EagleCreekDrEtc_SHB_12.11.2025_LS,SHB,803,15322,255.4,356.2,270.7,40.8,35.3,0.9498,1
EagleCreekDrEtc_SHB_12.11.2025_LS,SHB,803,15323,255.42,349.6,270.6,41.2,35.1,0.8442,1
EagleCreekDrEtc_SHB_12.11.2025_LS,SHB,803,15324,255.43,344.4,270.4,41.1,34.9,0.8727,1
EagleCreekDrEtc_SHB_12.11.2025_LS,SHB,803,15325,255.45,339.9,270.3,41.8,35.5,0.902,1
EagleCreekDrEtc_SHB_12.11.2025_LS,SHB,803,15326,255.47,333.8,268.9,42.2,36.2,0.8302,1
EagleCreekDrEtc_SHB_12.11.2025_LS,SHB,803,15327,255.48,328.2,268.3,42.2,36.3,0.8501,1
EagleCreekDrEtc_SHB_12.11.2025_LS,SHB,803,15328,255.5,322.9,267.0,43.3,36.7,0.8587,1
EagleCreekDrEtc_SHB_12.11.2025_LS,SHB,803,15329,255.52,317.2,267.1,43.3,36.4,0.8722,1
EagleCreekDrEtc_SHB_12.11.2025_LS,SHB,803,15330,255.53,312.6,267.5,43.8,36.6,0.878,1
EagleCreekDrEtc_SHB_12.11.2025_LS,SHB,803,15331,255.55,307.5,267.4,44.6,36.4,0.8802,1
EagleCreekDrEtc_SHB_12.11.2025_LS,SHB,803,15332,255.57,302.3,267.6,44.2,35.9,0.8531,1
EagleCreekDrEtc_SHB_12.11.2025_LS,SHB,803,15333,255.58,297.6,267.2,45.0,36.4,0.8535,1
EagleCreekDrEtc_SHB_12.11.2025_LS,SHB,803,15334,255.6,292.7,267.0,45.5,36.3,0.8478,1
EagleCreekDrEtc_SHB_12.11.2025_LS,SHB,803,15335,255.62,287.7,266.9,45.4,36.9,0.8724,1
EagleCreekDrEtc_SHB_12.11.2025_LS,SHB,803,15336,255.63,283.2,266.6,45.2,37.9,0.8554,1
EagleCreekDrEtc_SHB_12.11.2025_LS,SHB,803,15337,255.65,278.0,265.6,45.5,38.8,0.8227,1
EagleCreekDrEtc_SHB_12.11.2025_LS,SHB,803,15338,255.67,273.2,265.3,46.7,40.1,0.8268,1
EagleCreekDrEtc_SHB_12.11.2025_LS,SHB,803,15339,255.68,268.1,265.2,45.7,39.9,0.8848,1
EagleCreekDrEtc_SHB_12.11.2025_LS,SHB,803,15340,255.7,262.1,263.3,46.3,39.6,0.8347,1
EagleCreekDrEtc_SHB_12.11.2025_LS,SHB,803,15341,255.72,256.3,262.5,46.0,39.7,0.7987,1
EagleCreekDrEtc_SHB_12.11.2025_LS,SHB,803,15342,255.73,250.8,262.0,46.1,38.7,0.7908,1
EagleCreekDrEtc_SHB_12.11.2025_LS,SHB,803,15343,255.75,245.0,261.5,44.8,38.2,0.8381,1
EagleCreekDrEtc_SHB_12.11.2025_LS,SHB,803,15344,255.77,239.0,261.5,46.1,37.9,0.7838,1
EagleCreekDrEtc_SHB_12.11.2025_LS,SHB,803,15345,255.78,233.5,261.0,45.9,38.3,0.8305,1
EagleCreekDrEtc_SHB_12.11.2025_LS,SHB,803,15346,255.8,228.1,260.7,45.3,37.4,0.8221,1
EagleCreekDrEtc_SHB_12.11.2025_LS,SHB,803,15347,255.82,222.9,260.1,46.2,37.4,0.8608,1
EagleCreekDrEtc_SHB_12.11.2025_LS,SHB,803,15348,255.83,217.0,259.8,46.2,37.5,0.8624,1
EagleCreekDrEtc_SHB_12.11.2025_LS,SHB,803,15349,255.85,211.6,259.7,45.5,37.1,0.8333,1
EagleCreekDrEtc_SHB_12.11.2025_LS,SHB,803,15350,255.87,206.1,260.2,44.6,38.0,0.8099,1
EagleCreekDrEtc_SHB_12.11.2025_LS,SHB,803,15351,255.88,200.5,258.8,44.4,38.8,0.8319,1
EagleCreekDrEtc_SHB_12.11.2025_LS,SHB,803,15352,255.9,193.4,258.4,45.3,39.9,0.8093,1
EagleCreekDrEtc_SHB_12.11.2025_LS,SHB,803,15353,255.92,187.3,259.5,44.3,39.5,0.8304,1
EagleCreekDrEtc_SHB_12.11.2025_LS,SHB,803,15354,255.93,181.2,260.3,44.6,40.3,0.8378,1
EagleCreekDrEtc_SHB_12.11.2025_LS,SHB,803,15355,255.95,174.2,260.2,44.4,40.0,0.8471,1
EagleCreekDrEtc_SHB_12.11.2025_LS,SHB,803,15356,255.97,167.6,259.7,44.7,38.8,0.832,1
EagleCreekDrEtc_SHB_12.11.2025_LS,SHB,803,15357,255.98,160.9,259.3,45.4,39.0,0.8235,1
EagleCreekDrEtc_SHB_12.11.2025_LS,SHB,803,15358,256.0,155.6,258.6,45.1,39.2,0.7992,1
EagleCreekDrEtc_SHB_12.11.2025_LS,SHB,803,15359,256.02,148.8,259.2,44.4,39.4,0.8624,1
EagleCreekDrEtc_SHB_12.11.2025_LS,SHB,803,15360,256.03,142.7,258.4,43.9,39.2,0.822,1
EagleCreekDrEtc_SHB_12.11.2025_LS,SHB,803,15361,256.05,136.4,259.1,44.6,39.9,0.8299,1
EagleCreekDrEtc_SHB_12.11.2025_LS,SHB,803,15362,256.07,131.0,259.3,44.6,40.1,0.8208,1
EagleCreekDrEtc_SHB_12.11.2025_LS,SHB,803,15363,256.08,124.2,258.8,44.3,38.0,0.8164,1
EagleCreekDrEtc_SHB_12.11.2025_LS,SHB,803,15364,256.1,117.3,258.8,45.2,36.9,0.8238,1
EagleCreekDrEtc_SHB_12.11.2025_LS,SHB,803,15365,256.12,111.1,259.3,45.1,36.2,0.828,1
EagleCreekDrEtc_SHB_12.11.2025_LS,SHB,803,15366,256.13,104.7,260.2,45.3,36.3,0.8418,1
EagleCreekDrEtc_SHB_12.11.2025_LS,SHB,803,15367,256.15,99.1,260.9,44.7,36.1,0.9003,1
EagleCreekDrEtc_SHB_12.11.2025_LS,SHB,803,15368,256.17,92.9,261.1,44.2,36.2,0.8904,1
EagleCreekDrEtc_SHB_12.11.2025_LS,SHB,803,15369,256.18,86.5,261.3,43.8,36.8,0.8561,1
EagleCreekDrEtc_SHB_12.11.2025_LS,SHB,803,15370,256.2,80.1,261.6,43.5,37.9,0.8316,1
EagleCreekDrEtc_SHB_12.11.2025_LS,SHB,803,15371,256.22,73.6,262.3,43.1,37.7,0.8627,1
EagleCreekDrEtc_SHB_12.11.2025_LS,SHB,803,15372,256.23,67.5,263.8,43.2,38.8,0.8547,1
EagleCreekDrEtc_SHB_12.11.2025_LS,SHB,803,15373,256.25,61.3,264.7,43.1,39.7,0.8598,1
EagleCreekDrEtc_SHB_12.11.2025_LS,SHB,803,15374,256.27,54.0,265.3,47.6,41.0,0.8066,1
EagleCreekDrEtc_SHB_12.11.2025_LS,SHB,803,15375,256.28,46.9,265.4,49.4,40.4,0.8121,1
EagleCreekDrEtc_SHB_12.11.2025_LS,SHB,803,15376,256.3,39.8,266.1,51.6,42.5,0.7796,1
EagleCreekDrEtc_SHB_12.11.2025_LS,SHB,803,15377,256.32,33.3,267.7,50.9,42.8,0.7761,1
EagleCreekDrEtc_SHB_12.11.2025_LS,SHB,803,15378,256.33,26.5,267.7,51.6,42.9,0.7869,1
EagleCreekDrEtc_SHB_12.11.2025_LS,SHB,803,15379,256.35,22.7,268.8,45.5,43.7,0.8043,1
EagleCreekDrEtc_SHB_12.11.2025_LS,SHB,803,15380,256.37,19.5,269.2,39.0,42.7,0.7311,1
EagleCreekDrEtc_SHB_12.11.2025_LS,SHB,803,15381,256.38,16.4,270.3,32.9,43.1,0.7917,1
EagleCreekDrEtc_SHB_12.11.2025_LS,SHB,803,15382,256.4,13.5,271.0,26.9,44.5,0.7381,1
EagleCreekDrEtc_SHB_12.11.2025_LS,SHB,807,15317,255.32,627.1,263.2,25.4,45.6,0.5763,1
EagleCreekDrEtc_SHB_12.11.2025_LS,SHB,807,15318,255.33,625.8,263.7,27.5,48.3,0.7273,1
EagleCreekDrEtc_SHB_12.11.2025_LS,SHB,807,15319,255.35,623.2,263.9,33.3,44.2,0.7631,1
EagleCreekDrEtc_SHB_12.11.2025_LS,SHB,807,15320,255.37,620.3,264.8,39.0,41.8,0.7922,1
EagleCreekDrEtc_SHB_12.11.2025_LS,SHB,807,15321,255.38,617.4,264.0,42.2,41.9,0.8564,1
EagleCreekDrEtc_SHB_12.11.2025_LS,SHB,807,15322,255.4,614.0,264.9,43.2,42.0,0.8426,1
EagleCreekDrEtc_SHB_12.11.2025_LS,SHB,807,15323,255.42,609.8,264.6,42.8,41.9,0.8461,1
EagleCreekDrEtc_SHB_12.11.2025_LS,SHB,807,15324,255.43,605.5,263.7,41.4,42.3,0.8252,1
EagleCreekDrEtc_SHB_12.11.2025_LS,SHB,807,15325,255.45,600.6,263.0,40.2,41.7,0.8344,1
EagleCreekDrEtc_SHB_12.11.2025_LS,SHB,807,15326,255.47,596.7,261.7,39.8,40.9,0.8628,1
EagleCreekDrEtc_SHB_12.11.2025_LS,SHB,807,15327,255.48,592.0,261.6,39.8,40.7,0.8518,1
EagleCreekDrEtc_SHB_12.11.2025_LS,SHB,807,15328,255.5,587.4,258.6,40.0,39.9,0.804,1
EagleCreekDrEtc_SHB_12.11.2025_LS,SHB,807,15329,255.52,582.7,258.5,40.3,39.5,0.8484,1
EagleCreekDrEtc_SHB_12.11.2025_LS,SHB,807,15330,255.53,577.9,259.2,40.7,40.9,0.8183,1
EagleCreekDrEtc_SHB_12.11.2025_LS,SHB,807,15331,255.55,573.4,258.9,40.6,41.7,0.8083,1
EagleCreekDrEtc_SHB_12.11.2025_LS,SHB,807,15332,255.57,569.1,258.8,41.3,40.9,0.855,1
EagleCreekDrEtc_SHB_12.11.2025_LS,SHB,807,15333,255.58,564.1,258.1,41.4,40.2,0.8299,1
EagleCreekDrEtc_SHB_12.11.2025_LS,SHB,807,15334,255.6,559.8,257.9,41.1,40.5,0.845,1
EagleCreekDrEtc_SHB_12.11.2025_LS,SHB,807,15335,255.62,555.4,256.9,40.7,39.5,0.883,1
EagleCreekDrEtc_SHB_12.11.2025_LS,SHB,807,15336,255.63,551.1,255.9,40.9,40.1,0.8348,1
EagleCreekDrEtc_SHB_12.11.2025_LS,SHB,807,15337,255.65,546.5,255.0,39.8,38.4,0.8389,1
EagleCreekDrEtc_SHB_12.11.2025_LS,SHB,807,15338,255.67,541.6,253.4,40.4,40.1,0.8217,1
EagleCreekDrEtc_SHB_12.11.2025_LS,SHB,807,15339,255.68,537.0,252.3,40.2,40.3,0.8216,1
EagleCreekDrEtc_SHB_12.11.2025_LS,SHB,807,15340,255.7,531.9,251.9,38.8,40.7,0.8442,1
EagleCreekDrEtc_SHB_12.11.2025_LS,SHB,807,15341,255.72,527.3,251.6,39.3,40.9,0.8515,1
EagleCreekDrEtc_SHB_12.11.2025_LS,SHB,807,15342,255.73,522.6,251.3,39.4,40.7,0.8493,1
EagleCreekDrEtc_SHB_12.11.2025_LS,SHB,807,15343,255.75,517.7,250.4,39.5,40.7,0.8565,1
EagleCreekDrEtc_SHB_12.11.2025_LS,SHB,807,15344,255.77,513.5,250.2,39.9,40.4,0.8541,1
EagleCreekDrEtc_SHB_12.11.2025_LS,SHB,807,15345,255.78,508.3,250.1,39.1,40.6,0.8452,1
EagleCreekDrEtc_SHB_12.11.2025_LS,SHB,807,15346,255.8,503.9,250.1,39.1,40.7,0.8409,1
EagleCreekDrEtc_SHB_12.11.2025_LS,SHB,807,15347,255.82,498.8,250.0,39.5,40.8,0.8733,1
EagleCreekDrEtc_SHB_12.11.2025_LS,SHB,807,15348,255.83,494.3,249.9,39.5,40.5,0.8734,1
EagleCreekDrEtc_SHB_12.11.2025_LS,SHB,807,15349,255.85,488.9,249.8,40.4,41.0,0.8562,1
EagleCreekDrEtc_SHB_12.11.2025_LS,SHB,807,15350,255.87,483.5,249.4,40.0,41.1,0.8697,1
EagleCreekDrEtc_SHB_12.11.2025_LS,SHB,807,15351,255.88,478.3,248.8,40.0,40.4,0.9129,1
EagleCreekDrEtc_SHB_12.11.2025_LS,SHB,807,15352,255.9,472.7,248.3,40.2,41.1,0.8547,1
EagleCreekDrEtc_SHB_12.11.2025_LS,SHB,807,15353,255.92,467.2,248.7,40.1,41.6,0.8742,1
EagleCreekDrEtc_SHB_12.11.2025_LS,SHB,807,15354,255.93,462.1,249.0,39.3,40.5,0.8404,1
EagleCreekDrEtc_SHB_12.11.2025_LS,SHB,807,15355,255.95,456.0,248.6,39.8,41.0,0.8509,1
EagleCreekDrEtc_SHB_12.11.2025_LS,SHB,807,15356,255.97,450.7,248.7,39.1,40.4,0.8788,1
EagleCreekDrEtc_SHB_12.11.2025_LS,SHB,807,15357,255.98,445.2,248.5,39.5,39.6,0.9271,1
EagleCreekDrEtc_SHB_12.11.2025_LS,SHB,807,15358,256.0,440.3,248.7,42.1,39.9,0.8233,1
EagleCreekDrEtc_SHB_12.11.2025_LS,SHB,807,15359,256.02,435.9,249.3,41.4,38.1,0.548,1
EagleCreekDrEtc_SHB_12.11.2025_LS,SHB,807,15360,256.03,429.0,250.1,35.4,36.9,0.6298,1
EagleCreekDrEtc_SHB_12.11.2025_LS,SHB,807,15361,256.05,424.5,249.0,37.4,38.7,0.8278,1
EagleCreekDrEtc_SHB_12.11.2025_LS,SHB,807,15362,256.07,418.3,248.8,40.0,39.3,0.862,1
EagleCreekDrEtc_SHB_12.11.2025_LS,SHB,807,15363,256.08,412.7,248.7,40.8,40.1,0.8817,1
EagleCreekDrEtc_SHB_12.11.2025_LS,SHB,807,15364,256.1,407.1,248.7,41.2,40.4,0.8687,1
EagleCreekDrEtc_SHB_12.11.2025_LS,SHB,807,15365,256.12,401.7,248.7,41.2,40.3,0.8548,1
EagleCreekDrEtc_SHB_12.11.2025_LS,SHB,807,15366,256.13,397.0,249.1,40.9,40.0,0.8897,1
EagleCreekDrEtc_SHB_12.11.2025_LS,SHB,807,15367,256.15,391.6,248.7,41.4,41.0,0.876,1
EagleCreekDrEtc_SHB_12.11.2025_LS,SHB,807,15368,256.17,385.7,248.5,41.6,41.2,0.87,1
EagleCreekDrEtc_SHB_12.11.2025_LS,SHB,807,15369,256.18,380.9,249.1,41.2,40.7,0.9207,1
EagleCreekDrEtc_SHB_12.11.2025_LS,SHB,807,15370,256.2,375.2,249.1,40.5,40.6,0.8868,1
EagleCreekDrEtc_SHB_12.11.2025_LS,SHB,807,15371,256.22,369.9,249.7,40.7,41.0,0.8612,1
EagleCreekDrEtc_SHB_12.11.2025_LS,SHB,807,15372,256.23,365.4,250.6,40.3,40.2,0.859,1
EagleCreekDrEtc_SHB_12.11.2025_LS,SHB,807,15373,256.25,359.9,250.8,40.8,40.9,0.8419,1
EagleCreekDrEtc_SHB_12.11.2025_LS,SHB,807,15374,256.27,354.2,251.6,40.3,41.1,0.8453,1
EagleCreekDrEtc_SHB_12.11.2025_LS,SHB,807,15375,256.28,349.2,251.7,40.2,40.5,0.8422,1
EagleCreekDrEtc_SHB_12.11.2025_LS,SHB,807,15376,256.3,343.6,253.8,40.4,41.6,0.8466,1
EagleCreekDrEtc_SHB_12.11.2025_LS,SHB,807,15377,256.32,338.5,254.6,39.5,40.3,0.8518,1
EagleCreekDrEtc_SHB_12.11.2025_LS,SHB,807,15378,256.33,332.9,256.3,40.2,40.6,0.9298,1
EagleCreekDrEtc_SHB_12.11.2025_LS,SHB,807,15379,256.35,327.0,257.2,40.2,41.7,0.8434,1
EagleCreekDrEtc_SHB_12.11.2025_LS,SHB,807,15380,256.37,321.8,257.5,40.7,42.3,0.8647,1
EagleCreekDrEtc_SHB_12.11.2025_LS,SHB,807,15381,256.38,316.1,257.3,41.3,41.2,0.8311,1
EagleCreekDrEtc_SHB_12.11.2025_LS,SHB,807,15382,256.4,310.5,258.3,40.7,40.3,0.8427,1
EagleCreekDrEtc_SHB_12.11.2025_LS,SHB,807,15383,256.42,305.5,258.4,39.4,40.8,0.8089,1
EagleCreekDrEtc_SHB_12.11.2025_LS,SHB,807,15384,256.43,300.3,259.7,39.7,40.4,0.8143,1
EagleCreekDrEtc_SHB_12.11.2025_LS,SHB,807,15385,256.45,295.0,260.0,39.4,40.4,0.8172,1
EagleCreekDrEtc_SHB_12.11.2025_LS,SHB,807,15386,256.47,289.1,260.6,38.8,40.5,0.8042,1
EagleCreekDrEtc_SHB_12.11.2025_LS,SHB,807,15387,256.48,283.7,262.3,39.1,40.6,0.8207,1
EagleCreekDrEtc_SHB_12.11.2025_LS,SHB,807,15388,256.5,278.3,262.6,39.8,42.8,0.8229,1
EagleCreekDrEtc_SHB_12.11.2025_LS,SHB,807,15389,256.52,273.3,262.3,40.3,42.6,0.7867,1
EagleCreekDrEtc_SHB_12.11.2025_LS,SHB,807,15390,256.53,267.9,262.4,39.2,41.5,0.7935,1
EagleCreekDrEtc_SHB_12.11.2025_LS,SHB,807,15391,256.55,262.5,262.6,38.9,40.6,0.7936,1
EagleCreekDrEtc_SHB_12.11.2025_LS,SHB,807,15392,256.57,256.4,263.0,38.3,40.2,0.775,1
EagleCreekDrEtc_SHB_12.11.2025_LS,SHB,807,15393,256.58,251.0,263.4,37.4,39.3,0.7892,1
EagleCreekDrEtc_SHB_12.11.2025_LS,SHB,807,15394,256.6,245.8,263.2,37.3,40.2,0.8042,1
EagleCreekDrEtc_SHB_12.11.2025_LS,SHB,807,15395,256.62,240.4,263.2,38.6,40.4,0.7946,1
EagleCreekDrEtc_SHB_12.11.2025_LS,SHB,807,15396,256.63,235.2,263.2,38.7,40.7,0.8044,1
EagleCreekDrEtc_SHB_12.11.2025_LS,SHB,807,15397,256.65,229.8,262.9,39.2,42.6,0.8213,1
EagleCreekDrEtc_SHB_12.11.2025_LS,SHB,807,15398,256.67,224.1,263.7,38.7,41.7,0.7845,1
EagleCreekDrEtc_SHB_12.11.2025_LS,SHB,807,15399,256.68,218.9,265.8,38.1,40.1,0.7156,1
EagleCreekDrEtc_SHB_12.11.2025_LS,SHB,807,15402,256.73,203.3,264.8,41.9,41.0,0.8035,1
EagleCreekDrEtc_SHB_12.11.2025_LS,SHB,807,15403,256.75,196.5,266.3,36.6,35.7,0.6873,1
EagleCreekDrEtc_SHB_12.11.2025_LS,SHB,807,15405,256.78,190.1,265.0,33.0,34.0,0.4455,1
EagleCreekDrEtc_SHB_12.11.2025_LS,SHB,807,15406,256.8,183.3,267.8,40.4,40.9,0.8288,1
EagleCreekDrEtc_SHB_12.11.2025_LS,SHB,807,15407,256.82,176.7,268.6,41.8,42.2,0.8394,1
EagleCreekDrEtc_SHB_12.11.2025_LS,SHB,807,15408,256.83,172.0,270.8,41.0,41.5,0.8846,1
EagleCreekDrEtc_SHB_12.11.2025_LS,SHB,807,15409,256.85,166.3,272.2,40.8,40.9,0.9268,1
EagleCreekDrEtc_SHB_12.11.2025_LS,SHB,807,15410,256.87,159.7,271.4,40.8,41.2,0.8792,1
EagleCreekDrEtc_SHB_12.11.2025_LS,SHB,807,15411,256.88,153.7,273.8,40.9,41.0,0.8462,1
EagleCreekDrEtc_SHB_12.11.2025_LS,SHB,807,15412,256.9,148.8,274.4,40.6,40.5,0.8531,1
EagleCreekDrEtc_SHB_12.11.2025_LS,SHB,807,15413,256.92,142.7,274.7,41.1,40.9,0.8634,1
EagleCreekDrEtc_SHB_12.11.2025_LS,SHB,807,15414,256.93,137.5,275.3,40.5,41.5,0.8367,1
EagleCreekDrEtc_SHB_12.11.2025_LS,SHB,807,15415,256.95,132.6,275.1,39.8,41.9,0.8311,1
EagleCreekDrEtc_SHB_12.11.2025_LS,SHB,807,15416,256.97,127.2,274.8,39.1,41.3,0.8084,1
EagleCreekDrEtc_SHB_12.11.2025_LS,SHB,807,15417,256.98,122.0,275.0,38.3,40.8,0.8086,1
EagleCreekDrEtc_SHB_12.11.2025_LS,SHB,807,15418,257.0,116.6,275.5,38.8,40.3,0.8106,1
EagleCreekDrEtc_SHB_12.11.2025_LS,SHB,807,15419,257.02,110.6,275.8,38.6,40.4,0.8212,1
EagleCreekDrEtc_SHB_12.11.2025_LS,SHB,807,15420,257.03,104.7,279.5,38.9,40.8,0.8254,1
EagleCreekDrEtc_SHB_12.11.2025_LS,SHB,807,15421,257.05,98.7,281.2,40.2,40.6,0.8427,1
EagleCreekDrEtc_SHB_12.11.2025_LS,SHB,807,15422,257.07,91.6,282.6,41.5,40.0,0.8384,1
EagleCreekDrEtc_SHB_12.11.2025_LS,SHB,807,15423,257.08,86.8,284.0,40.9,41.1,0.8163,1
EagleCreekDrEtc_SHB_12.11.2025_LS,SHB,807,15424,257.1,81.1,284.4,43.5,41.1,0.8026,1
EagleCreekDrEtc_SHB_12.11.2025_LS,SHB,807,15425,257.12,75.5,285.0,41.3,40.5,0.8267,1
EagleCreekDrEtc_SHB_12.11.2025_LS,SHB,807,15426,257.13,70.0,285.3,39.8,41.2,0.8462,1
EagleCreekDrEtc_SHB_12.11.2025_LS,SHB,807,15427,257.15,66.5,286.0,39.2,41.3,0.8469,1
EagleCreekDrEtc_SHB_12.11.2025_LS,SHB,807,15428,257.17,61.9,287.8,40.4,42.5,0.8789,1
EagleCreekDrEtc_SHB_12.11.2025_LS,SHB,807,15429,257.18,56.4,288.3,40.3,42.8,0.8429,1
EagleCreekDrEtc_SHB_12.11.2025_LS,SHB,807,15430,257.2,51.2,289.1,40.5,43.8,0.8308,1
EagleCreekDrEtc_SHB_12.11.2025_LS,SHB,807,15431,257.22,45.2,289.3,41.2,43.7,0.8125,1
EagleCreekDrEtc_SHB_12.11.2025_LS,SHB,807,15432,257.23,40.0,290.0,41.2,43.9,0.8134,1
EagleCreekDrEtc_SHB_12.11.2025_LS,SHB,807,15433,257.25,34.0,290.8,40.3,43.8,0.8101,1
EagleCreekDrEtc_SHB_12.11.2025_LS,SHB,807,15434,257.27,27.1,289.9,39.9,44.2,0.7837,1
EagleCreekDrEtc_SHB_12.11.2025_LS,SHB,807,15435,257.28,21.7,291.5,41.5,43.9,0.8314,1
EagleCreekDrEtc_SHB_12.11.2025_LS,SHB,807,15436,257.3,19.3,291.5,38.6,43.9,0.8353,1
EagleCreekDrEtc_SHB_12.11.2025_LS,SHB,807,15437,257.32,16.3,292.0,32.5,43.7,0.7811,1
EagleCreekDrEtc_SHB_12.11.2025_LS,SHB,807,15438,257.33,13.6,293.2,27.1,43.0,0.7912,1
EagleCreekDrEtc_SHB_12.11.2025_LS,SHB,807,15439,257.35,10.3,293.5,20.5,42.2,0.6424,1
EagleCreekDrEtc_SHB_12.11.2025_LS,SHB,817,15580,259.7,630.6,259.3,16.1,33.3,0.5716,1
EagleCreekDrEtc_SHB_12.11.2025_LS,SHB,817,15581,259.72,624.3,259.4,19.0,34.5,0.6451,1
EagleCreekDrEtc_SHB_12.11.2025_LS,SHB,817,15582,259.73,618.0,260.8,20.5,34.8,0.6149,1
EagleCreekDrEtc_SHB_12.11.2025_LS,SHB,817,15583,259.75,612.8,261.7,21.3,34.6,0.6918,1
EagleCreekDrEtc_SHB_12.11.2025_LS,SHB,817,15584,259.77,607.7,262.2,21.3,35.0,0.7401,1
EagleCreekDrEtc_SHB_12.11.2025_LS,SHB,817,15585,259.78,603.1,261.8,21.8,35.7,0.614,1
EagleCreekDrEtc_SHB_12.11.2025_LS,SHB,817,15586,259.8,598.5,261.3,21.6,34.0,0.6908,1
EagleCreekDrEtc_SHB_12.11.2025_LS,SHB,817,15587,259.82,594.3,261.3,19.8,32.1,0.6435,1
EagleCreekDrEtc_SHB_12.11.2025_LS,SHB,817,15588,259.83,589.8,260.1,20.1,32.4,0.8297,1
EagleCreekDrEtc_SHB_12.11.2025_LS,SHB,817,15589,259.85,583.4,259.2,20.5,33.0,0.7091,1
EagleCreekDrEtc_SHB_12.11.2025_LS,SHB,817,15590,259.87,577.0,258.9,20.0,33.1,0.7422,1
EagleCreekDrEtc_SHB_12.11.2025_LS,SHB,817,15591,259.88,573.0,258.7,19.3,31.9,0.7628,1
EagleCreekDrEtc_SHB_12.11.2025_LS,SHB,817,15592,259.9,566.3,259.9,19.6,33.0,0.6781,1
EagleCreekDrEtc_SHB_12.11.2025_LS,SHB,817,15593,259.92,560.2,259.0,19.5,32.8,0.7278,1
EagleCreekDrEtc_SHB_12.11.2025_LS,SHB,817,15594,259.93,555.5,258.2,19.4,32.7,0.6568,1
EagleCreekDrEtc_SHB_12.11.2025_LS,SHB,817,15595,259.95,548.1,258.1,19.0,32.4,0.5698,1
EagleCreekDrEtc_SHB_12.11.2025_LS,SHB,817,15596,259.97,545.1,259.2,18.5,31.3,0.6885,1
EagleCreekDrEtc_SHB_12.11.2025_LS,SHB,817,15597,259.98,543.8,261.5,17.7,29.2,0.5499,1
EagleCreekDrEtc_SHB_12.11.2025_LS,SHB,817,15598,260.0,543.7,263.0,17.9,30.9,0.3252,1
EagleCreekDrEtc_SHB_12.11.2025_LS,SHB,817,15599,260.02,533.5,263.2,18.5,31.5,0.7009,1
EagleCreekDrEtc_SHB_12.11.2025_LS,SHB,817,15600,260.03,526.3,261.9,18.6,31.7,0.8397,1
EagleCreekDrEtc_SHB_12.11.2025_LS,SHB,817,15601,260.05,520.9,260.8,19.3,32.1,0.7937,1
EagleCreekDrEtc_SHB_12.11.2025_LS,SHB,817,15602,260.07,513.1,261.3,19.6,33.1,0.7952,1
EagleCreekDrEtc_SHB_12.11.2025_LS,SHB,817,15603,260.08,507.0,260.8,19.8,33.8,0.7655,1
EagleCreekDrEtc_SHB_12.11.2025_LS,SHB,817,15604,260.1,500.7,260.9,20.8,34.4,0.7392,1
EagleCreekDrEtc_SHB_12.11.2025_LS,SHB,817,15605,260.12,497.2,261.8,20.9,34.0,0.7572,1
EagleCreekDrEtc_SHB_12.11.2025_LS,SHB,817,15607,260.15,486.0,261.0,20.9,33.7,0.5583,1
EagleCreekDrEtc_SHB_12.11.2025_LS,SHB,817,15608,260.17,480.1,261.7,19.7,32.0,0.6533,1
EagleCreekDrEtc_SHB_12.11.2025_LS,SHB,817,15610,260.2,475.9,262.3,20.0,34.0,0.3692,1
EagleCreekDrEtc_SHB_12.11.2025_LS,SHB,818,15581,259.72,612.9,260.9,15.0,25.2,0.7481,0
EagleCreekDrEtc_SHB_12.11.2025_LS,SHB,818,15582,259.73,606.3,262.2,14.6,24.2,0.7495,0
EagleCreekDrEtc_SHB_12.11.2025_LS,SHB,818,15583,259.75,600.9,262.5,13.9,24.4,0.765,0
EagleCreekDrEtc_SHB_12.11.2025_LS,SHB,818,15584,259.77,596.0,263.2,14.3,24.1,0.7539,0
EagleCreekDrEtc_SHB_12.11.2025_LS,SHB,818,15585,259.78,589.8,262.8,13.9,24.2,0.76,0
EagleCreekDrEtc_SHB_12.11.2025_LS,SHB,818,15586,259.8,585.7,262.3,13.6,24.1,0.7694,0
EagleCreekDrEtc_SHB_12.11.2025_LS,SHB,818,15587,259.82,581.4,261.9,14.6,25.4,0.4897,0
EagleCreekDrEtc_SHB_12.11.2025_LS,SHB,818,15588,259.83,576.3,260.8,14.4,25.4,0.7022,0
EagleCreekDrEtc_SHB_12.11.2025_LS,SHB,818,15589,259.85,568.4,260.6,14.5,25.1,0.714,0
EagleCreekDrEtc_SHB_12.11.2025_LS,SHB,818,15590,259.87,563.2,261.0,13.8,24.5,0.7145,0
EagleCreekDrEtc_SHB_12.11.2025_LS,SHB,818,15591,259.88,560.5,261.0,14.0,24.8,0.6774,0
EagleCreekDrEtc_SHB_12.11.2025_LS,SHB,818,15592,259.9,552.9,262.2,14.1,25.0,0.7055,0
EagleCreekDrEtc_SHB_12.11.2025_LS,SHB,818,15593,259.92,547.0,262.0,13.8,24.2,0.7149,0
EagleCreekDrEtc_SHB_12.11.2025_LS,SHB,818,15594,259.93,541.1,261.9,13.6,24.2,0.7513,0
EagleCreekDrEtc_SHB_12.11.2025_LS,SHB,818,15595,259.95,534.9,261.2,13.3,23.8,0.6877,0
EagleCreekDrEtc_SHB_12.11.2025_LS,SHB,818,15596,259.97,533.2,260.9,13.3,24.0,0.5343,0
EagleCreekDrEtc_SHB_12.11.2025_LS,SHB,818,15597,259.98,530.4,262.4,13.8,25.1,0.3351,0
EagleCreekDrEtc_SHB_12.11.2025_LS,SHB,823,15601,260.05,504.5,262.3,13.7,23.6,0.6721,1
EagleCreekDrEtc_SHB_12.11.2025_LS,SHB,823,15602,260.07,498.6,262.9,14.1,24.2,0.7574,1
EagleCreekDrEtc_SHB_12.11.2025_LS,SHB,823,15603,260.08,493.3,262.1,13.8,24.3,0.7112,1
EagleCreekDrEtc_SHB_12.11.2025_LS,SHB,823,15604,260.1,487.1,261.9,14.3,25.0,0.7064,1
EagleCreekDrEtc_SHB_12.11.2025_LS,SHB,823,15605,260.12,483.4,262.6,14.3,24.6,0.7634,1
EagleCreekDrEtc_SHB_12.11.2025_LS,SHB,823,15606,260.13,482.4,264.3,13.8,24.4,0.4465,1
EagleCreekDrEtc_SHB_12.11.2025_LS,SHB,823,15607,260.15,473.6,262.6,14.6,25.8,0.3981,1
EagleCreekDrEtc_SHB_12.11.2025_LS,SHB,823,15608,260.17,467.6,263.7,13.7,25.8,0.5418,1
EagleCreekDrEtc_SHB_12.11.2025_LS,SHB,823,15610,260.2,461.6,265.0,14.7,27.8,0.3638,1
EagleCreekDrEtc_SHB_12.11.2025_LS,SHB,823,15611,260.22,463.1,262.6,17.8,31.1,0.8114,1
EagleCreekDrEtc_SHB_12.11.2025_LS,SHB,823,15612,260.23,459.0,263.3,19.1,33.0,0.8718,1
EagleCreekDrEtc_SHB_12.11.2025_LS,SHB,823,15613,260.25,453.2,263.6,19.6,33.7,0.8641,1
EagleCreekDrEtc_SHB_12.11.2025_LS,SHB,823,15614,260.27,447.6,264.8,19.8,33.9,0.8262,1
EagleCreekDrEtc_SHB_12.11.2025_LS,SHB,823,15615,260.28,441.6,265.6,20.0,34.0,0.8331,1
EagleCreekDrEtc_SHB_12.11.2025_LS,SHB,823,15616,260.3,435.8,265.9,20.7,33.9,0.8201,1
EagleCreekDrEtc_SHB_12.11.2025_LS,SHB,823,15617,260.32,429.0,266.5,20.1,33.2,0.8237,1
EagleCreekDrEtc_SHB_12.11.2025_LS,SHB,823,15618,260.33,423.9,266.6,20.1,33.0,0.826,1
EagleCreekDrEtc_SHB_12.11.2025_LS,SHB,823,15619,260.35,416.6,267.1,19.8,32.6,0.8322,1
EagleCreekDrEtc_SHB_12.11.2025_LS,SHB,823,15620,260.37,410.8,268.4,20.0,33.3,0.8158,1
EagleCreekDrEtc_SHB_12.11.2025_LS,SHB,823,15621,260.38,404.5,269.2,20.2,33.2,0.8045,1
EagleCreekDrEtc_SHB_12.11.2025_LS,SHB,823,15622,260.4,400.1,269.1,19.8,32.6,0.812,1
EagleCreekDrEtc_SHB_12.11.2025_LS,SHB,823,15623,260.42,395.3,268.9,19.5,32.1,0.8011,1
EagleCreekDrEtc_SHB_12.11.2025_LS,SHB,823,15624,260.43,389.8,269.0,19.6,32.3,0.8152,1
EagleCreekDrEtc_SHB_12.11.2025_LS,SHB,823,15625,260.45,384.4,269.4,19.6,32.4,0.819,1
EagleCreekDrEtc_SHB_12.11.2025_LS,SHB,823,15626,260.47,378.3,269.8,19.7,33.0,0.8219,1
EagleCreekDrEtc_SHB_12.11.2025_LS,SHB,823,15627,260.48,373.5,269.5,19.4,33.1,0.8424,1
EagleCreekDrEtc_SHB_12.11.2025_LS,SHB,823,15628,260.5,368.2,269.6,19.5,32.9,0.8569,1
EagleCreekDrEtc_SHB_12.11.2025_LS,SHB,823,15629,260.52,363.1,269.4,19.4,32.7,0.7984,1
EagleCreekDrEtc_SHB_12.11.2025_LS,SHB,823,15630,260.53,356.1,270.0,19.6,33.2,0.833,1
EagleCreekDrEtc_SHB_12.11.2025_LS,SHB,823,15631,260.55,351.3,270.2,20.0,33.6,0.8487,1
EagleCreekDrEtc_SHB_12.11.2025_LS,SHB,823,15632,260.57,345.8,270.2,20.2,33.6,0.822,1
EagleCreekDrEtc_SHB_12.11.2025_LS,SHB,823,15633,260.58,340.1,270.6,19.8,33.4,0.8652,1
EagleCreekDrEtc_SHB_12.11.2025_LS,SHB,823,15634,260.6,334.7,270.4,20.0,33.1,0.8613,1
EagleCreekDrEtc_SHB_12.11.2025_LS,SHB,823,15635,260.62,329.9,270.2,20.2,33.0,0.8414,1
EagleCreekDrEtc_SHB_12.11.2025_LS,SHB,823,15636,260.63,324.5,271.4,19.8,34.3,0.8424,1
EagleCreekDrEtc_SHB_12.11.2025_LS,SHB,823,15637,260.65,319.9,271.1,20.0,33.3,0.828,1
EagleCreekDrEtc_SHB_12.11.2025_LS,SHB,823,15638,260.67,315.2,271.2,20.1,33.4,0.8376,1
EagleCreekDrEtc_SHB_12.11.2025_LS,SHB,823,15639,260.68,308.7,270.8,19.4,33.4,0.855,1
EagleCreekDrEtc_SHB_12.11.2025_LS,SHB,823,15640,260.7,303.6,270.4,19.8,32.8,0.8314,1
EagleCreekDrEtc_SHB_12.11.2025_LS,SHB,823,15641,260.72,299.0,271.6,19.9,33.0,0.8318,1
EagleCreekDrEtc_SHB_12.11.2025_LS,SHB,823,15642,260.73,293.6,272.1,19.7,33.9,0.8585,1
EagleCreekDrEtc_SHB_12.11.2025_LS,SHB,823,15643,260.75,288.2,272.7,19.6,33.7,0.8556,1
EagleCreekDrEtc_SHB_12.11.2025_LS,SHB,823,15644,260.77,283.6,272.1,19.5,33.1,0.8382,1
EagleCreekDrEtc_SHB_12.11.2025_LS,SHB,823,15645,260.78,278.7,272.0,19.1,33.4,0.8173,1
EagleCreekDrEtc_SHB_12.11.2025_LS,SHB,823,15646,260.8,273.7,272.3,19.6,34.4,0.8484,1
EagleCreekDrEtc_SHB_12.11.2025_LS,SHB,823,15647,260.82,267.6,272.5,19.8,34.3,0.815,1
EagleCreekDrEtc_SHB_12.11.2025_LS,SHB,823,15648,260.83,261.7,274.3,19.6,34.0,0.8159,1
EagleCreekDrEtc_SHB_12.11.2025_LS,SHB,823,15649,260.85,256.4,273.6,19.6,34.8,0.8226,1
EagleCreekDrEtc_SHB_12.11.2025_LS,SHB,823,15650,260.87,250.9,273.8,18.7,33.5,0.7808,1
EagleCreekDrEtc_SHB_12.11.2025_LS,SHB,823,15651,260.88,245.3,273.8,18.8,33.3,0.7513,1
EagleCreekDrEtc_SHB_12.11.2025_LS,SHB,823,15652,260.9,240.8,273.3,19.1,32.5,0.7599,1
EagleCreekDrEtc_SHB_12.11.2025_LS,SHB,823,15653,260.92,236.2,273.3,19.3,31.6,0.7028,1
EagleCreekDrEtc_SHB_12.11.2025_LS,SHB,823,15654,260.93,231.2,272.5,18.9,30.8,0.724,1
EagleCreekDrEtc_SHB_12.11.2025_LS,SHB,823,15655,260.95,228.1,272.8,18.7,31.3,0.7367,1
EagleCreekDrEtc_SHB_12.11.2025_LS,SHB,823,15656,260.97,223.5,272.7,18.7,31.9,0.6868,1
EagleCreekDrEtc_SHB_12.11.2025_LS,SHB,823,15657,260.98,217.7,272.5,18.6,32.3,0.7265,1
EagleCreekDrEtc_SHB_12.11.2025_LS,SHB,823,15658,261.0,212.8,273.0,19.2,32.9,0.7272,1
EagleCreekDrEtc_SHB_12.11.2025_LS,SHB,823,15659,261.02,206.8,272.6,18.4,31.7,0.7581,1
EagleCreekDrEtc_SHB_12.11.2025_LS,SHB,823,15660,261.03,201.1,272.6,18.3,31.4,0.6394,1
EagleCreekDrEtc_SHB_12.11.2025_LS,SHB,823,15661,261.05,195.5,273.0,18.3,31.4,0.6052,1
EagleCreekDrEtc_SHB_12.11.2025_LS,SHB,823,15662,261.07,189.0,271.8,17.0,28.7,0.6591,1
EagleCreekDrEtc_SHB_12.11.2025_LS,SHB,823,15663,261.08,184.4,273.0,18.4,29.7,0.5816,1
EagleCreekDrEtc_SHB_12.11.2025_LS,SHB,823,15664,261.1,182.0,272.9,18.0,28.8,0.6772,1
EagleCreekDrEtc_SHB_12.11.2025_LS,SHB,823,15665,261.12,178.2,273.8,18.1,30.1,0.4442,1
EagleCreekDrEtc_SHB_12.11.2025_LS,SHB,823,15666,261.13,173.6,273.0,18.2,30.9,0.5125,1
EagleCreekDrEtc_SHB_12.11.2025_LS,SHB,823,15667,261.15,168.9,271.8,18.1,31.3,0.6296,1
EagleCreekDrEtc_SHB_12.11.2025_LS,SHB,823,15668,261.17,163.4,271.9,18.4,33.6,0.6691,1
EagleCreekDrEtc_SHB_12.11.2025_LS,SHB,823,15669,261.18,157.7,272.5,19.0,33.6,0.6911,1
EagleCreekDrEtc_SHB_12.11.2025_LS,SHB,823,15670,261.2,153.5,272.7,19.2,34.5,0.6257,1
EagleCreekDrEtc_SHB_12.11.2025_LS,SHB,823,15671,261.22,148.6,272.6,19.4,34.0,0.6271,1
EagleCreekDrEtc_SHB_12.11.2025_LS,SHB,823,15672,261.23,143.6,272.3,19.0,32.4,0.6667,1
EagleCreekDrEtc_SHB_12.11.2025_LS,SHB,823,15673,261.25,139.9,273.9,18.9,33.9,0.6676,1
EagleCreekDrEtc_SHB_12.11.2025_LS,SHB,823,15674,261.27,134.9,272.7,19.0,33.9,0.6183,1
EagleCreekDrEtc_SHB_12.11.2025_LS,SHB,823,15675,261.28,128.9,272.2,19.2,32.9,0.5924,1
EagleCreekDrEtc_SHB_12.11.2025_LS,SHB,823,15676,261.3,123.9,272.5,19.6,34.0,0.6414,1
EagleCreekDrEtc_SHB_12.11.2025_LS,SHB,823,15677,261.32,118.5,272.6,19.3,34.2,0.6413,1
EagleCreekDrEtc_SHB_12.11.2025_LS,SHB,823,15678,261.33,113.7,273.4,20.3,35.7,0.6253,1
EagleCreekDrEtc_SHB_12.11.2025_LS,SHB,823,15679,261.35,108.1,271.9,19.2,33.5,0.6491,1
EagleCreekDrEtc_SHB_12.11.2025_LS,SHB,823,15680,261.37,104.5,272.6,19.6,34.6,0.6301,1
EagleCreekDrEtc_SHB_12.11.2025_LS,SHB,823,15681,261.38,99.9,272.9,19.5,33.5,0.6681,1
EagleCreekDrEtc_SHB_12.11.2025_LS,SHB,823,15682,261.4,95.4,271.8,19.4,33.4,0.6591,1
EagleCreekDrEtc_SHB_12.11.2025_LS,SHB,823,15683,261.42,91.1,272.4,19.5,33.9,0.7099,1
EagleCreekDrEtc_SHB_12.11.2025_LS,SHB,823,15684,261.43,85.8,270.9,19.0,31.9,0.6674,1
EagleCreekDrEtc_SHB_12.11.2025_LS,SHB,823,15685,261.45,82.3,270.6,19.5,32.6,0.679,1
EagleCreekDrEtc_SHB_12.11.2025_LS,SHB,823,15686,261.47,77.2,271.2,19.6,33.1,0.7504,1
EagleCreekDrEtc_SHB_12.11.2025_LS,SHB,823,15687,261.48,72.2,270.9,20.0,33.7,0.7369,1
EagleCreekDrEtc_SHB_12.11.2025_LS,SHB,823,15688,261.5,67.6,271.8,20.1,33.7,0.7765,1
EagleCreekDrEtc_SHB_12.11.2025_LS,SHB,823,15689,261.52,62.6,271.2,19.7,32.6,0.7602,1
EagleCreekDrEtc_SHB_12.11.2025_LS,SHB,823,15690,261.53,57.3,270.8,19.0,31.5,0.7017,1
EagleCreekDrEtc_SHB_12.11.2025_LS,SHB,823,15691,261.55,52.6,270.8,19.2,32.3,0.6978,1
EagleCreekDrEtc_SHB_12.11.2025_LS,SHB,823,15692,261.57,46.8,271.2,19.7,32.6,0.5634,1
EagleCreekDrEtc_SHB_12.11.2025_LS,SHB,823,15694,261.6,40.0,272.1,19.1,32.3,0.7373,1
EagleCreekDrEtc_SHB_12.11.2025_LS,SHB,823,15695,261.62,35.8,271.6,19.8,34.2,0.8151,1
EagleCreekDrEtc_SHB_12.11.2025_LS,SHB,823,15696,261.63,32.7,271.3,20.8,36.2,0.7623,1
EagleCreekDrEtc_SHB_12.11.2025_LS,SHB,823,15697,261.65,27.9,271.7,21.6,38.1,0.6985,1
EagleCreekDrEtc_SHB_12.11.2025_LS,SHB,823,15698,261.67,22.6,271.0,19.7,33.7,0.6283,1
EagleCreekDrEtc_SHB_12.11.2025_LS,SHB,823,15701,261.72,12.3,271.8,19.9,33.2,0.6705,1
EagleCreekDrEtc_SHB_12.11.2025_LS,SHB,823,15702,261.73,8.9,272.8,17.7,33.1,0.6885,1
EagleCreekDrEtc_SHB_12.11.2025_LS,SHB,823,15703,261.75,7.5,272.5,15.0,31.8,0.5077,1
EagleCreekDrEtc_SHB_12.11.2025_LS,SHB,823,15704,261.77,6.6,272.5,13.2,31.3,0.3996,1
EagleCreekDrEtc_SHB_12.11.2025_LS,SHB,823,15705,261.78,5.0,272.2,10.0,31.3,0.3674,1
EagleCreekDrEtc_SHB_12.11.2025_LS,SHB,825,15612,260.23,444.6,264.5,14.6,25.3,0.7448,1
EagleCreekDrEtc_SHB_12.11.2025_LS,SHB,825,15613,260.25,439.1,265.5,14.6,25.2,0.7087,1
EagleCreekDrEtc_SHB_12.11.2025_LS,SHB,825,15614,260.27,433.7,265.9,14.0,25.2,0.7706,1
EagleCreekDrEtc_SHB_12.11.2025_LS,SHB,825,15615,260.28,428.1,266.4,13.9,24.5,0.7601,1
EagleCreekDrEtc_SHB_12.11.2025_LS,SHB,825,15616,260.3,422.4,266.4,13.4,24.3,0.7989,1
EagleCreekDrEtc_SHB_12.11.2025_LS,SHB,825,15617,260.32,416.1,267.1,13.4,24.1,0.7512,1
EagleCreekDrEtc_SHB_12.11.2025_LS,SHB,825,15618,260.33,411.2,267.4,13.5,24.1,0.7964,1
EagleCreekDrEtc_SHB_12.11.2025_LS,SHB,825,15619,260.35,404.0,268.1,13.2,23.8,0.7791,1
EagleCreekDrEtc_SHB_12.11.2025_LS,SHB,825,15620,260.37,398.2,269.0,13.8,23.5,0.7386,1
EagleCreekDrEtc_SHB_12.11.2025_LS,SHB,825,15621,260.38,392.2,269.4,13.4,23.7,0.7742,1
EagleCreekDrEtc_SHB_12.11.2025_LS,SHB,825,15622,260.4,388.0,269.3,12.9,23.4,0.7501,1
EagleCreekDrEtc_SHB_12.11.2025_LS,SHB,825,15623,260.42,383.4,269.5,13.3,23.6,0.7575,1
EagleCreekDrEtc_SHB_12.11.2025_LS,SHB,825,15624,260.43,377.8,269.6,13.4,24.0,0.7871,1
EagleCreekDrEtc_SHB_12.11.2025_LS,SHB,825,15625,260.45,372.5,269.9,13.3,23.9,0.7369,1
EagleCreekDrEtc_SHB_12.11.2025_LS,SHB,825,15626,260.47,366.4,270.3,13.5,24.1,0.79,1
EagleCreekDrEtc_SHB_12.11.2025_LS,SHB,825,15627,260.48,361.8,270.2,13.3,24.4,0.7789,1
EagleCreekDrEtc_SHB_12.11.2025_LS,SHB,825,15628,260.5,356.6,270.4,13.4,23.7,0.7694,1
EagleCreekDrEtc_SHB_12.11.2025_LS,SHB,825,15629,260.52,351.5,270.3,13.4,24.1,0.7924,1
EagleCreekDrEtc_SHB_12.11.2025_LS,SHB,825,15630,260.53,344.6,270.8,13.5,24.6,0.791,1
EagleCreekDrEtc_SHB_12.11.2025_LS,SHB,825,15631,260.55,339.9,271.1,13.6,24.0,0.7672,1
EagleCreekDrEtc_SHB_12.11.2025_LS,SHB,825,15632,260.57,334.3,270.5,13.5,24.6,0.8013,1
EagleCreekDrEtc_SHB_12.11.2025_LS,SHB,825,15633,260.58,329.0,270.3,13.3,24.8,0.7399,1
EagleCreekDrEtc_SHB_12.11.2025_LS,SHB,825,15634,260.6,323.5,270.0,13.7,24.3,0.7856,1
EagleCreekDrEtc_SHB_12.11.2025_LS,SHB,825,15635,260.62,318.7,269.7,13.6,24.5,0.7863,1
EagleCreekDrEtc_SHB_12.11.2025_LS,SHB,825,15636,260.63,313.7,270.0,13.5,24.8,0.7906,1
EagleCreekDrEtc_SHB_12.11.2025_LS,SHB,825,15637,260.65,308.6,269.9,13.6,24.2,0.751,1
EagleCreekDrEtc_SHB_12.11.2025_LS,SHB,825,15638,260.67,303.6,270.1,13.5,24.6,0.78,1
EagleCreekDrEtc_SHB_12.11.2025_LS,SHB,825,15639,260.68,297.9,270.1,13.4,25.0,0.7665,1
EagleCreekDrEtc_SHB_12.11.2025_LS,SHB,825,15640,260.7,293.2,270.3,14.1,24.8,0.7509,1
EagleCreekDrEtc_SHB_12.11.2025_LS,SHB,825,15641,260.72,287.9,271.3,13.8,24.8,0.7648,1
EagleCreekDrEtc_SHB_12.11.2025_LS,SHB,825,15642,260.73,282.8,271.3,13.6,25.2,0.7796,1
EagleCreekDrEtc_SHB_12.11.2025_LS,SHB,825,15643,260.75,278.0,271.6,13.4,25.2,0.6957,1
EagleCreekDrEtc_SHB_12.11.2025_LS,SHB,825,15644,260.77,272.9,271.0,13.5,24.5,0.7551,1
EagleCreekDrEtc_SHB_12.11.2025_LS,SHB,825,15645,260.78,267.9,271.8,13.5,24.4,0.7725,1
EagleCreekDrEtc_SHB_12.11.2025_LS,SHB,825,15646,260.8,262.6,272.2,13.4,24.1,0.7783,1
EagleCreekDrEtc_SHB_12.11.2025_LS,SHB,825,15647,260.82,256.9,272.2,14.1,25.4,0.7337,1
EagleCreekDrEtc_SHB_12.11.2025_LS,SHB,825,15648,260.83,251.1,274.0,13.7,24.9,0.7818,1
EagleCreekDrEtc_SHB_12.11.2025_LS,SHB,825,15649,260.85,245.8,273.5,13.1,24.9,0.7462,1
EagleCreekDrEtc_SHB_12.11.2025_LS,SHB,825,15650,260.87,241.0,274.1,12.5,24.1,0.7227,1
EagleCreekDrEtc_SHB_12.11.2025_LS,SHB,825,15651,260.88,235.3,274.2,12.4,23.3,0.7245,1
EagleCreekDrEtc_SHB_12.11.2025_LS,SHB,825,15652,260.9,230.2,273.9,12.4,22.9,0.7482,1
EagleCreekDrEtc_SHB_12.11.2025_LS,SHB,825,15653,260.92,226.1,273.8,12.6,23.6,0.671,1
EagleCreekDrEtc_SHB_12.11.2025_LS,SHB,825,15654,260.93,222.3,272.2,12.4,23.1,0.6312,1
EagleCreekDrEtc_SHB_12.11.2025_LS,SHB,825,15655,260.95,218.6,272.2,13.3,23.2,0.7143,1
EagleCreekDrEtc_SHB_12.11.2025_LS,SHB,825,15656,260.97,214.1,271.1,13.5,23.0,0.7156,1
EagleCreekDrEtc_SHB_12.11.2025_LS,SHB,825,15657,260.98,208.2,270.2,13.0,22.8,0.7004,1
EagleCreekDrEtc_SHB_12.11.2025_LS,SHB,825,15658,261.0,203.5,270.4,13.6,23.2,0.642,1
EagleCreekDrEtc_SHB_12.11.2025_LS,SHB,825,15659,261.02,197.8,270.4,12.8,22.4,0.7194,1
EagleCreekDrEtc_SHB_12.11.2025_LS,SHB,825,15660,261.03,192.3,271.2,12.6,21.9,0.7026,1
EagleCreekDrEtc_SHB_12.11.2025_LS,SHB,825,15661,261.05,187.5,270.6,12.4,22.0,0.5899,1
EagleCreekDrEtc_SHB_12.11.2025_LS,SHB,825,15662,261.07,181.8,270.6,12.7,21.5,0.5868,1
EagleCreekDrEtc_SHB_12.11.2025_LS,SHB,825,15663,261.08,176.5,272.2,12.5,21.7,0.6251,1
EagleCreekDrEtc_SHB_12.11.2025_LS,SHB,825,15668,261.17,154.1,269.1,13.5,23.8,0.6816,1
EagleCreekDrEtc_SHB_12.11.2025_LS,SHB,825,15669,261.18,148.1,270.2,13.0,23.5,0.6754,1
EagleCreekDrEtc_SHB_12.11.2025_LS,SHB,825,15670,261.2,144.9,269.8,13.1,24.1,0.6499,1
EagleCreekDrEtc_SHB_12.11.2025_LS,SHB,825,15671,261.22,139.8,270.4,12.8,23.9,0.652,1
EagleCreekDrEtc_SHB_12.11.2025_LS,SHB,825,15672,261.23,135.2,269.9,12.5,22.9,0.6426,1
EagleCreekDrEtc_SHB_12.11.2025_LS,SHB,825,15673,261.25,131.5,269.7,12.9,23.7,0.6464,1
EagleCreekDrEtc_SHB_12.11.2025_LS,SHB,825,15674,261.27,126.5,269.8,13.2,22.7,0.6124,1
EagleCreekDrEtc_SHB_12.11.2025_LS,SHB,825,15675,261.28,121.4,270.2,13.1,23.2,0.6509,1
EagleCreekDrEtc_SHB_12.11.2025_LS,SHB,825,15676,261.3,117.0,270.9,13.4,23.3,0.6821,1
EagleCreekDrEtc_SHB_12.11.2025_LS,SHB,825,15677,261.32,111.6,270.6,13.0,23.4,0.7034,1
EagleCreekDrEtc_SHB_12.11.2025_LS,SHB,825,15678,261.33,106.8,271.2,13.6,24.6,0.6749,1
EagleCreekDrEtc_SHB_12.11.2025_LS,SHB,825,15679,261.35,101.9,269.7,13.5,23.6,0.6589,1
EagleCreekDrEtc_SHB_12.11.2025_LS,SHB,825,15680,261.37,97.7,269.5,14.1,24.1,0.6543,1
EagleCreekDrEtc_SHB_12.11.2025_LS,SHB,825,15681,261.38,92.8,269.8,14.2,24.0,0.7005,1
EagleCreekDrEtc_SHB_12.11.2025_LS,SHB,825,15682,261.4,88.5,268.5,14.1,24.3,0.6914,1
EagleCreekDrEtc_SHB_12.11.2025_LS,SHB,825,15683,261.42,84.0,268.4,13.8,24.7,0.6584,1
EagleCreekDrEtc_SHB_12.11.2025_LS,SHB,825,15684,261.43,79.4,267.9,13.4,24.7,0.5573,1
EagleCreekDrEtc_SHB_12.11.2025_LS,SHB,825,15685,261.45,75.3,267.1,14.4,25.2,0.6024,1
EagleCreekDrEtc_SHB_12.11.2025_LS,SHB,825,15686,261.47,70.5,267.3,14.6,25.4,0.6595,1
EagleCreekDrEtc_SHB_12.11.2025_LS,SHB,825,15687,261.48,65.8,267.1,14.6,25.1,0.6696,1
EagleCreekDrEtc_SHB_12.11.2025_LS,SHB,825,15688,261.5,60.6,267.6,13.8,24.9,0.6255,1
EagleCreekDrEtc_SHB_12.11.2025_LS,SHB,825,15689,261.52,55.7,267.5,13.4,25.4,0.5195,1
EagleCreekDrEtc_SHB_12.11.2025_LS,SHB,825,15690,261.53,50.5,267.3,14.3,25.2,0.5795,1
EagleCreekDrEtc_SHB_12.11.2025_LS,SHB,825,15691,261.55,45.2,267.3,15.1,27.5,0.6003,1
EagleCreekDrEtc_SHB_12.11.2025_LS,SHB,830,15696,261.63,23.9,269.2,14.9,29.4,0.6814,0
EagleCreekDrEtc_SHB_12.11.2025_LS,SHB,830,15697,261.65,19.3,270.2,15.2,32.0,0.5397,0
EagleCreekDrEtc_SHB_12.11.2025_LS,SHB,830,15698,261.67,11.9,270.8,16.6,30.9,0.5716,0
EagleCreekDrEtc_SHB_12.11.2025_LS,SHB,872,16917,281.99,566.3,208.9,19.4,18.9,0.5187,0
EagleCreekDrEtc_SHB_12.11.2025_LS,SHB,872,16918,282.0,573.4,209.3,19.2,17.5,0.5063,0
EagleCreekDrEtc_SHB_12.11.2025_LS,SHB,872,16919,282.02,581.9,210.7,15.4,19.2,0.4825,0
EagleCreekDrEtc_SHB_12.11.2025_LS,SHB,872,16920,282.04,589.6,210.5,14.7,17.8,0.4083,0
EagleCreekDrEtc_SHB_12.11.2025_LS,SHB,872,16921,282.05,596.2,209.1,16.9,17.5,0.479,0
EagleCreekDrEtc_SHB_12.11.2025_LS,SHB,872,16922,282.07,604.2,207.9,18.2,17.7,0.2762,0
EagleCreekDrEtc_SHB_12.11.2025_LS,SHB,872,16923,282.09,611.8,206.3,18.7,16.4,0.5641,0
EagleCreekDrEtc_SHB_12.11.2025_LS,SHB,872,16924,282.1,619.3,204.7,19.4,17.5,0.4978,0
EagleCreekDrEtc_SHB_12.11.2025_LS,SHB,883,16955,282.62,506.4,202.9,24.3,22.3,0.4244,0
EagleCreekDrEtc_SHB_12.11.2025_LS,SHB,883,16956,282.64,513.6,203.1,23.8,23.0,0.414,0
EagleCreekDrEtc_SHB_12.11.2025_LS,SHB,883,16957,282.65,520.6,204.4,24.4,21.9,0.5153,0
EagleCreekDrEtc_SHB_12.11.2025_LS,SHB,883,16958,282.67,529.0,204.4,23.7,20.5,0.4904,0
EagleCreekDrEtc_SHB_12.11.2025_LS,SHB,883,16959,282.69,536.8,203.7,22.2,19.6,0.5843,0
EagleCreekDrEtc_SHB_12.11.2025_LS,SHB,912,17921,298.72,443.0,266.2,35.1,31.3,0.6009,0
EagleCreekDrEtc_SHB_12.11.2025_LS,SHB,912,17922,298.74,436.7,267.7,30.4,29.9,0.5925,0
EagleCreekDrEtc_SHB_12.11.2025_LS,SHB,912,17923,298.75,431.9,268.8,30.7,34.4,0.3753,0
EagleCreekDrEtc_SHB_12.11.2025_LS,SHB,922,18621,310.39,577.4,265.8,25.8,24.2,0.4567,0
EagleCreekDrEtc_SHB_12.11.2025_LS,SHB,922,18628,310.51,564.7,265.6,29.3,27.1,0.4712,0
EagleCreekDrEtc_SHB_12.11.2025_LS,SHB,922,18629,310.52,566.3,271.0,31.6,29.9,0.4875,0
EagleCreekDrEtc_SHB_12.11.2025_LS,SHB,922,18630,310.54,564.1,272.7,30.3,29.3,0.3189,0
EagleCreekDrEtc_SHB_12.11.2025_LS,SHB,923,18684,311.44,545.2,226.4,33.4,27.3,0.4799,0
EagleCreekDrEtc_SHB_12.11.2025_LS,SHB,923,18686,311.47,546.4,227.2,34.3,28.0,0.3237,0
EagleCreekDrEtc_SHB_12.11.2025_LS,SHB,923,18687,311.49,546.1,228.3,33.2,28.0,0.3976,0
EagleCreekDrEtc_SHB_12.11.2025_LS,SHB,923,18688,311.51,547.4,229.3,31.3,27.9,0.5443,0
EagleCreekDrEtc_SHB_12.11.2025_LS,SHB,927,18736,312.31,559.1,264.2,28.6,27.1,0.3517,1
EagleCreekDrEtc_SHB_12.11.2025_LS,SHB,927,18737,312.32,560.0,264.6,26.9,27.1,0.2655,1
EagleCreekDrEtc_SHB_12.11.2025_LS,SHB,927,18739,312.36,562.3,263.6,25.6,25.1,0.2823,1
EagleCreekDrEtc_SHB_12.11.2025_LS,SHB,927,18740,312.37,563.0,263.6,27.4,25.4,0.5056,1
EagleCreekDrEtc_SHB_12.11.2025_LS,SHB,927,18741,312.39,564.9,262.6,25.8,25.6,0.3192,1
EagleCreekDrEtc_SHB_12.11.2025_LS,SHB,927,18749,312.52,568.4,257.2,27.9,23.4,0.4981,1
EagleCreekDrEtc_SHB_12.11.2025_LS,SHB,927,18750,312.54,568.8,257.4,28.0,23.1,0.4964,1
EagleCreekDrEtc_SHB_12.11.2025_LS,SHB,927,18787,313.16,618.3,253.0,34.4,34.3,0.5129,1
EagleCreekDrEtc_SHB_12.11.2025_LS,SHB,927,18788,313.17,618.6,252.8,34.0,34.0,0.3012,1
EagleCreekDrEtc_SHB_12.11.2025_LS,SHB,927,18789,313.19,619.0,252.9,34.1,33.1,0.3343,1
EagleCreekDrEtc_SHB_12.11.2025_LS,SHB,927,18790,313.21,619.3,253.5,35.3,32.7,0.4355,1
EagleCreekDrEtc_SHB_12.11.2025_LS,SHB,927,18791,313.22,619.7,253.3,35.6,32.9,0.2696,1
EagleCreekDrEtc_SHB_12.11.2025_LS,SHB,927,18792,313.24,620.1,253.6,33.4,32.5,0.2841,1
EagleCreekDrEtc_SHB_12.11.2025_LS,SHB,932,19158,319.34,625.2,274.5,29.4,58.7,0.5325,1
EagleCreekDrEtc_SHB_12.11.2025_LS,SHB,932,19159,319.36,623.1,276.4,32.8,58.6,0.6269,1
EagleCreekDrEtc_SHB_12.11.2025_LS,SHB,932,19160,319.37,619.1,277.1,39.9,60.8,0.7442,1
EagleCreekDrEtc_SHB_12.11.2025_LS,SHB,932,19161,319.39,615.6,278.4,46.4,58.9,0.7677,1
EagleCreekDrEtc_SHB_12.11.2025_LS,SHB,932,19162,319.41,612.7,278.7,53.1,58.6,0.7221,1
EagleCreekDrEtc_SHB_12.11.2025_LS,SHB,932,19163,319.42,609.4,279.4,59.5,58.7,0.7888,1
EagleCreekDrEtc_SHB_12.11.2025_LS,SHB,932,19164,319.44,605.0,279.1,65.4,60.5,0.7776,1
EagleCreekDrEtc_SHB_12.11.2025_LS,SHB,932,19165,319.46,598.7,279.5,67.1,60.2,0.7854,1
EagleCreekDrEtc_SHB_12.11.2025_LS,SHB,932,19166,319.47,591.5,279.6,66.0,59.9,0.8006,1
EagleCreekDrEtc_SHB_12.11.2025_LS,SHB,932,19167,319.49,586.0,279.8,66.9,59.9,0.7779,1
EagleCreekDrEtc_SHB_12.11.2025_LS,SHB,932,19168,319.51,584.8,280.6,76.7,62.9,0.7807,1
EagleCreekDrEtc_SHB_12.11.2025_LS,SHB,932,19169,319.52,576.3,279.6,72.4,62.1,0.7963,1
EagleCreekDrEtc_SHB_12.11.2025_LS,SHB,932,19170,319.54,568.7,279.7,69.5,60.8,0.7765,1
EagleCreekDrEtc_SHB_12.11.2025_LS,SHB,932,19171,319.56,562.3,279.7,69.7,61.6,0.8158,1
EagleCreekDrEtc_SHB_12.11.2025_LS,SHB,932,19172,319.57,558.4,280.1,72.5,60.8,0.7833,1
EagleCreekDrEtc_SHB_12.11.2025_LS,SHB,932,19173,319.59,549.4,280.3,66.1,60.0,0.7886,1
EagleCreekDrEtc_SHB_12.11.2025_LS,SHB,932,19174,319.61,541.3,280.4,61.8,58.2,0.8226,1
EagleCreekDrEtc_SHB_12.11.2025_LS,SHB,932,19175,319.62,535.7,280.7,62.3,57.3,0.8285,1
EagleCreekDrEtc_SHB_12.11.2025_LS,SHB,932,19176,319.64,530.8,280.2,63.3,57.3,0.8309,1
EagleCreekDrEtc_SHB_12.11.2025_LS,SHB,932,19177,319.66,525.4,279.3,65.7,57.6,0.8027,1
EagleCreekDrEtc_SHB_12.11.2025_LS,SHB,932,19178,319.67,519.9,279.3,67.0,57.6,0.796,1
EagleCreekDrEtc_SHB_12.11.2025_LS,SHB,932,19179,319.69,514.2,278.7,66.9,57.1,0.7804,1
EagleCreekDrEtc_SHB_12.11.2025_LS,SHB,932,19180,319.71,507.9,278.7,66.8,58.5,0.7916,1
EagleCreekDrEtc_SHB_12.11.2025_LS,SHB,932,19181,319.72,501.2,279.0,66.8,60.0,0.7685,1
EagleCreekDrEtc_SHB_12.11.2025_LS,SHB,932,19182,319.74,495.4,280.4,66.2,58.4,0.781,1
EagleCreekDrEtc_SHB_12.11.2025_LS,SHB,932,19183,319.76,489.4,281.5,64.6,56.2,0.762,1
EagleCreekDrEtc_SHB_12.11.2025_LS,SHB,932,19184,319.77,484.5,281.8,63.5,57.0,0.7776,1
EagleCreekDrEtc_SHB_12.11.2025_LS,SHB,932,19185,319.79,477.6,282.4,62.4,56.8,0.7667,1
EagleCreekDrEtc_SHB_12.11.2025_LS,SHB,932,19186,319.81,472.5,282.2,61.3,58.4,0.6845,1
EagleCreekDrEtc_SHB_12.11.2025_LS,SHB,932,19187,319.82,464.5,283.9,63.4,55.6,0.7521,1
EagleCreekDrEtc_SHB_12.11.2025_LS,SHB,932,19188,319.84,457.8,284.9,64.2,57.7,0.7795,1
EagleCreekDrEtc_SHB_12.11.2025_LS,SHB,932,19189,319.86,452.6,286.1,63.4,59.0,0.8057,1
EagleCreekDrEtc_SHB_12.11.2025_LS,SHB,932,19190,319.87,447.2,286.8,62.1,59.9,0.8155,1
EagleCreekDrEtc_SHB_12.11.2025_LS,SHB,932,19191,319.89,440.5,286.7,62.6,60.7,0.8326,1
EagleCreekDrEtc_SHB_12.11.2025_LS,SHB,932,19192,319.91,435.8,288.0,62.6,59.8,0.8498,1
EagleCreekDrEtc_SHB_12.11.2025_LS,SHB,932,19193,319.92,428.4,288.4,61.6,59.2,0.8356,1
EagleCreekDrEtc_SHB_12.11.2025_LS,SHB,932,19194,319.94,423.2,288.8,59.7,58.6,0.8399,1
EagleCreekDrEtc_SHB_12.11.2025_LS,SHB,932,19195,319.96,416.6,289.5,63.1,59.8,0.794,1
EagleCreekDrEtc_SHB_12.11.2025_LS,SHB,932,19196,319.97,410.4,289.3,66.4,59.5,0.7891,1
EagleCreekDrEtc_SHB_12.11.2025_LS,SHB,932,19197,319.99,406.7,289.8,67.8,58.2,0.7875,1
EagleCreekDrEtc_SHB_12.11.2025_LS,SHB,932,19198,320.01,402.4,291.1,68.2,58.4,0.7712,1
EagleCreekDrEtc_SHB_12.11.2025_LS,SHB,932,19199,320.02,397.2,291.7,65.5,57.4,0.7742,1
EagleCreekDrEtc_SHB_12.11.2025_LS,SHB,932,19200,320.04,393.4,293.7,63.9,55.4,0.7601,1
EagleCreekDrEtc_SHB_12.11.2025_LS,SHB,932,19201,320.06,387.6,295.9,58.3,53.7,0.7794,1
EagleCreekDrEtc_SHB_12.11.2025_LS,SHB,932,19202,320.07,382.0,296.5,57.7,55.9,0.8069,1
EagleCreekDrEtc_SHB_12.11.2025_LS,SHB,932,19203,320.09,376.8,297.3,56.3,56.8,0.7876,1
EagleCreekDrEtc_SHB_12.11.2025_LS,SHB,932,19204,320.11,371.5,297.6,55.4,55.7,0.7877,1
EagleCreekDrEtc_SHB_12.11.2025_LS,SHB,932,19205,320.12,366.9,298.5,58.6,55.8,0.7753,1
EagleCreekDrEtc_SHB_12.11.2025_LS,SHB,932,19206,320.14,362.6,299.9,57.3,55.3,0.8076,1
EagleCreekDrEtc_SHB_12.11.2025_LS,SHB,932,19207,320.16,357.4,300.7,56.5,54.2,0.8068,1
EagleCreekDrEtc_SHB_12.11.2025_LS,SHB,932,19208,320.17,354.6,301.8,54.7,55.8,0.7774,1
EagleCreekDrEtc_SHB_12.11.2025_LS,SHB,932,19209,320.19,348.1,301.6,51.7,56.2,0.7903,1
EagleCreekDrEtc_SHB_12.11.2025_LS,SHB,932,19210,320.21,343.8,302.2,48.4,56.8,0.7519,1
EagleCreekDrEtc_SHB_12.11.2025_LS,SHB,932,19211,320.22,338.6,302.6,46.5,57.9,0.7273,1
EagleCreekDrEtc_SHB_12.11.2025_LS,SHB,932,19212,320.24,333.9,303.5,45.0,58.4,0.7741,1
EagleCreekDrEtc_SHB_12.11.2025_LS,SHB,932,19213,320.26,329.0,304.1,47.3,57.3,0.7013,1
EagleCreekDrEtc_SHB_12.11.2025_LS,SHB,932,19214,320.27,319.5,303.1,54.1,56.6,0.7426,1
EagleCreekDrEtc_SHB_12.11.2025_LS,SHB,932,19215,320.29,312.3,302.7,55.6,55.9,0.7418,1
EagleCreekDrEtc_SHB_12.11.2025_LS,SHB,932,19216,320.31,306.5,302.7,56.2,53.9,0.757,1
EagleCreekDrEtc_SHB_12.11.2025_LS,SHB,932,19217,320.32,304.2,303.2,56.1,54.8,0.7241,1
EagleCreekDrEtc_SHB_12.11.2025_LS,SHB,932,19218,320.34,301.4,302.8,55.9,55.2,0.7327,1
EagleCreekDrEtc_SHB_12.11.2025_LS,SHB,932,19219,320.36,296.4,301.4,59.7,54.8,0.7127,1
EagleCreekDrEtc_SHB_12.11.2025_LS,SHB,932,19220,320.37,294.2,300.9,61.2,57.3,0.6912,1
EagleCreekDrEtc_SHB_12.11.2025_LS,SHB,932,19221,320.39,292.4,301.1,60.3,57.3,0.7573,1
EagleCreekDrEtc_SHB_12.11.2025_LS,SHB,932,19222,320.41,289.8,301.3,60.7,58.1,0.7698,1
EagleCreekDrEtc_SHB_12.11.2025_LS,SHB,932,19223,320.42,286.6,301.0,59.3,57.9,0.7726,1
EagleCreekDrEtc_SHB_12.11.2025_LS,SHB,932,19224,320.44,283.3,300.0,59.8,57.6,0.7794,1
EagleCreekDrEtc_SHB_12.11.2025_LS,SHB,932,19225,320.46,279.5,300.7,58.5,56.7,0.779,1
EagleCreekDrEtc_SHB_12.11.2025_LS,SHB,932,19226,320.47,275.8,299.7,58.5,57.6,0.7784,1
EagleCreekDrEtc_SHB_12.11.2025_LS,SHB,932,19227,320.49,272.1,299.9,58.8,56.6,0.7818,1
EagleCreekDrEtc_SHB_12.11.2025_LS,SHB,932,19228,320.51,267.9,300.1,58.4,55.3,0.793,1
EagleCreekDrEtc_SHB_12.11.2025_LS,SHB,932,19229,320.52,262.8,299.8,57.8,55.5,0.7751,1
EagleCreekDrEtc_SHB_12.11.2025_LS,SHB,932,19230,320.54,257.7,299.8,56.1,55.6,0.7736,1
EagleCreekDrEtc_SHB_12.11.2025_LS,SHB,932,19231,320.56,252.8,299.8,55.6,55.7,0.7691,1
EagleCreekDrEtc_SHB_12.11.2025_LS,SHB,932,19232,320.57,246.8,299.9,55.8,55.2,0.7614,1
EagleCreekDrEtc_SHB_12.11.2025_LS,SHB,932,19233,320.59,242.3,299.3,56.0,55.5,0.7529,1
EagleCreekDrEtc_SHB_12.11.2025_LS,SHB,932,19234,320.61,236.6,299.5,58.7,57.3,0.7586,1
EagleCreekDrEtc_SHB_12.11.2025_LS,SHB,932,19235,320.62,232.0,300.2,57.3,55.7,0.7683,1
EagleCreekDrEtc_SHB_12.11.2025_LS,SHB,932,19236,320.64,227.7,299.7,58.9,57.0,0.7732,1
EagleCreekDrEtc_SHB_12.11.2025_LS,SHB,932,19237,320.66,224.3,300.1,58.7,57.0,0.7553,1
EagleCreekDrEtc_SHB_12.11.2025_LS,SHB,932,19238,320.67,220.0,299.3,59.9,56.3,0.7653,1
EagleCreekDrEtc_SHB_12.11.2025_LS,SHB,932,19239,320.69,215.2,299.6,61.1,57.0,0.7728,1
EagleCreekDrEtc_SHB_12.11.2025_LS,SHB,932,19240,320.71,210.4,300.5,61.6,56.8,0.7726,1
EagleCreekDrEtc_SHB_12.11.2025_LS,SHB,932,19241,320.72,205.7,300.5,62.7,57.0,0.7563,1
EagleCreekDrEtc_SHB_12.11.2025_LS,SHB,932,19242,320.74,201.0,301.6,62.7,57.1,0.7632,1
EagleCreekDrEtc_SHB_12.11.2025_LS,SHB,932,19243,320.76,196.0,301.9,62.4,57.6,0.7671,1
EagleCreekDrEtc_SHB_12.11.2025_LS,SHB,932,19244,320.77,191.4,301.7,61.5,57.5,0.7487,1
EagleCreekDrEtc_SHB_12.11.2025_LS,SHB,932,19245,320.79,186.7,301.4,61.1,57.4,0.7788,1
EagleCreekDrEtc_SHB_12.11.2025_LS,SHB,932,19246,320.81,181.7,300.6,61.3,57.6,0.7634,1
EagleCreekDrEtc_SHB_12.11.2025_LS,SHB,932,19247,320.82,176.5,301.5,58.7,56.1,0.7669,1
EagleCreekDrEtc_SHB_12.11.2025_LS,SHB,932,19248,320.84,170.9,300.0,58.1,56.5,0.7597,1
EagleCreekDrEtc_SHB_12.11.2025_LS,SHB,932,19249,320.86,164.6,299.7,57.7,56.1,0.7741,1
EagleCreekDrEtc_SHB_12.11.2025_LS,SHB,932,19250,320.87,160.1,298.8,55.2,54.0,0.752,1
EagleCreekDrEtc_SHB_12.11.2025_LS,SHB,932,19251,320.89,155.9,297.9,54.9,53.9,0.7593,1
EagleCreekDrEtc_SHB_12.11.2025_LS,SHB,932,19252,320.91,152.2,297.7,54.8,54.1,0.7427,1
EagleCreekDrEtc_SHB_12.11.2025_LS,SHB,932,19253,320.92,145.4,297.3,52.1,53.4,0.7629,1
EagleCreekDrEtc_SHB_12.11.2025_LS,SHB,932,19254,320.94,140.6,297.1,51.4,53.6,0.7489,1
EagleCreekDrEtc_SHB_12.11.2025_LS,SHB,932,19255,320.96,135.4,296.7,49.2,53.9,0.792,1
EagleCreekDrEtc_SHB_12.11.2025_LS,SHB,932,19256,320.97,130.4,295.0,50.4,54.9,0.7644,1
EagleCreekDrEtc_SHB_12.11.2025_LS,SHB,932,19257,320.99,126.6,293.5,50.9,56.2,0.7884,1
EagleCreekDrEtc_SHB_12.11.2025_LS,SHB,932,19258,321.01,122.5,292.0,49.6,55.4,0.7673,1
EagleCreekDrEtc_SHB_12.11.2025_LS,SHB,932,19259,321.02,117.8,290.9,48.3,54.7,0.789,1
EagleCreekDrEtc_SHB_12.11.2025_LS,SHB,932,19260,321.04,114.0,290.4,48.1,53.0,0.7759,1
EagleCreekDrEtc_SHB_12.11.2025_LS,SHB,932,19261,321.06,110.3,290.2,46.6,52.3,0.8017,1
EagleCreekDrEtc_SHB_12.11.2025_LS,SHB,932,19262,321.07,106.1,290.4,45.9,51.8,0.789,1
EagleCreekDrEtc_SHB_12.11.2025_LS,SHB,932,19263,321.09,103.5,290.5,46.0,52.9,0.7955,1
EagleCreekDrEtc_SHB_12.11.2025_LS,SHB,932,19264,321.11,99.7,289.5,46.4,54.1,0.8122,1
EagleCreekDrEtc_SHB_12.11.2025_LS,SHB,932,19265,321.12,95.7,288.5,48.6,55.6,0.8103,1
EagleCreekDrEtc_SHB_12.11.2025_LS,SHB,932,19266,321.14,92.0,288.1,47.8,54.8,0.8149,1
EagleCreekDrEtc_SHB_12.11.2025_LS,SHB,932,19267,321.16,88.4,286.7,47.3,55.3,0.7832,1
EagleCreekDrEtc_SHB_12.11.2025_LS,SHB,932,19268,321.17,84.1,286.0,46.1,54.8,0.7943,1
EagleCreekDrEtc_SHB_12.11.2025_LS,SHB,932,19269,321.19,80.6,284.5,45.0,54.7,0.7872,1
EagleCreekDrEtc_SHB_12.11.2025_LS,SHB,932,19270,321.21,77.3,283.7,45.1,54.4,0.7803,1
EagleCreekDrEtc_SHB_12.11.2025_LS,SHB,932,19271,321.22,73.9,282.6,49.3,57.1,0.7956,1
EagleCreekDrEtc_SHB_12.11.2025_LS,SHB,932,19272,321.24,69.4,280.7,49.5,57.7,0.7828,1
EagleCreekDrEtc_SHB_12.11.2025_LS,SHB,932,19273,321.26,66.0,280.7,48.4,57.2,0.7917,1
EagleCreekDrEtc_SHB_12.11.2025_LS,SHB,932,19274,321.27,63.1,278.5,46.8,57.4,0.7811,1
EagleCreekDrEtc_SHB_12.11.2025_LS,SHB,932,19275,321.29,57.2,276.4,50.6,56.3,0.7802,1
EagleCreekDrEtc_SHB_12.11.2025_LS,SHB,932,19276,321.31,52.0,275.3,50.9,54.9,0.755,1
EagleCreekDrEtc_SHB_12.11.2025_LS,SHB,932,19277,321.32,48.3,274.2,52.2,57.0,0.7709,1
EagleCreekDrEtc_SHB_12.11.2025_LS,SHB,932,19278,321.34,45.3,273.3,51.6,58.0,0.751,1
EagleCreekDrEtc_SHB_12.11.2025_LS,SHB,932,19279,321.36,41.4,272.6,50.3,58.4,0.7871,1
EagleCreekDrEtc_SHB_12.11.2025_LS,SHB,932,19280,321.37,37.8,271.8,50.0,58.1,0.7552,1
EagleCreekDrEtc_SHB_12.11.2025_LS,SHB,932,19281,321.39,34.3,272.3,47.6,55.8,0.7522,1
EagleCreekDrEtc_SHB_12.11.2025_LS,SHB,932,19282,321.41,30.6,272.1,46.6,56.7,0.7559,1
EagleCreekDrEtc_SHB_12.11.2025_LS,SHB,932,19283,321.42,25.8,272.1,45.1,56.7,0.6694,1
EagleCreekDrEtc_SHB_12.11.2025_LS,SHB,932,19284,321.44,22.4,271.4,43.4,57.4,0.6567,1
EagleCreekDrEtc_SHB_12.11.2025_LS,SHB,932,19285,321.46,20.7,270.9,41.4,57.5,0.6472,1
EagleCreekDrEtc_SHB_12.11.2025_LS,SHB,932,19286,321.47,17.4,270.6,34.8,56.3,0.6774,1
EagleCreekDrEtc_SHB_12.11.2025_LS,SHB,932,19287,321.49,14.6,269.7,29.2,55.7,0.611,1
EagleCreekDrEtc_SHB_12.11.2025_LS,SHB,932,19288,321.51,12.2,267.5,24.5,55.1,0.61,1
EagleCreekDrEtc_SHB_12.11.2025_LS,SHB,932,19289,321.52,10.7,266.0,21.4,57.0,0.5402,1
EagleCreekDrEtc_SHB_12.11.2025_LS,SHB,932,19290,321.54,8.9,266.0,17.8,56.6,0.4351,1
EagleCreekDrEtc_SHB_12.11.2025_LS,SHB,933,19228,320.51,625.5,304.1,28.5,51.8,0.682,1
EagleCreekDrEtc_SHB_12.11.2025_LS,SHB,933,19229,320.52,621.8,305.6,34.3,55.3,0.676,1
EagleCreekDrEtc_SHB_12.11.2025_LS,SHB,933,19230,320.54,616.4,305.6,44.2,60.8,0.7865,1
EagleCreekDrEtc_SHB_12.11.2025_LS,SHB,933,19231,320.56,612.2,304.8,53.6,61.6,0.7813,1
EagleCreekDrEtc_SHB_12.11.2025_LS,SHB,933,19232,320.57,607.6,305.7,60.7,63.6,0.8058,1
EagleCreekDrEtc_SHB_12.11.2025_LS,SHB,933,19233,320.59,602.5,305.0,67.4,63.1,0.8462,1
EagleCreekDrEtc_SHB_12.11.2025_LS,SHB,933,19234,320.61,596.0,304.2,71.2,63.6,0.8474,1
EagleCreekDrEtc_SHB_12.11.2025_LS,SHB,933,19235,320.62,588.3,303.2,73.3,63.6,0.8538,1
EagleCreekDrEtc_SHB_12.11.2025_LS,SHB,933,19236,320.64,580.5,302.0,71.5,64.9,0.8521,1
EagleCreekDrEtc_SHB_12.11.2025_LS,SHB,933,19237,320.66,572.2,302.1,71.2,64.7,0.8526,1
EagleCreekDrEtc_SHB_12.11.2025_LS,SHB,933,19238,320.67,563.5,301.7,71.3,65.3,0.8436,1
EagleCreekDrEtc_SHB_12.11.2025_LS,SHB,933,19239,320.69,555.5,301.3,71.5,65.8,0.8482,1
EagleCreekDrEtc_SHB_12.11.2025_LS,SHB,933,19240,320.71,547.2,301.7,70.8,64.7,0.8583,1
EagleCreekDrEtc_SHB_12.11.2025_LS,SHB,933,19241,320.72,539.2,302.4,69.6,63.5,0.8472,1
EagleCreekDrEtc_SHB_12.11.2025_LS,SHB,933,19242,320.74,531.0,303.0,68.7,63.9,0.8503,1
EagleCreekDrEtc_SHB_12.11.2025_LS,SHB,933,19243,320.76,523.0,302.7,69.1,64.1,0.8446,1
EagleCreekDrEtc_SHB_12.11.2025_LS,SHB,933,19244,320.77,515.0,302.3,68.3,64.5,0.8491,1
EagleCreekDrEtc_SHB_12.11.2025_LS,SHB,933,19245,320.79,507.2,302.2,66.4,64.6,0.838,1
EagleCreekDrEtc_SHB_12.11.2025_LS,SHB,933,19246,320.81,498.4,301.8,66.5,65.2,0.8242,1
EagleCreekDrEtc_SHB_12.11.2025_LS,SHB,933,19247,320.82,490.2,302.1,65.6,63.9,0.8159,1
EagleCreekDrEtc_SHB_12.11.2025_LS,SHB,933,19248,320.84,481.5,303.1,65.7,63.9,0.8019,1
EagleCreekDrEtc_SHB_12.11.2025_LS,SHB,933,19249,320.86,473.9,302.3,66.2,62.9,0.8296,1
EagleCreekDrEtc_SHB_12.11.2025_LS,SHB,933,19250,320.87,465.3,302.0,66.4,61.5,0.8347,1
EagleCreekDrEtc_SHB_12.11.2025_LS,SHB,933,19251,320.89,457.1,301.0,67.5,61.1,0.825,1
EagleCreekDrEtc_SHB_12.11.2025_LS,SHB,933,19252,320.91,448.3,299.4,69.3,61.1,0.828,1
EagleCreekDrEtc_SHB_12.11.2025_LS,SHB,933,19253,320.92,439.9,298.4,70.2,61.8,0.8212,1
EagleCreekDrEtc_SHB_12.11.2025_LS,SHB,933,19254,320.94,431.1,299.2,70.5,62.2,0.8288,1
EagleCreekDrEtc_SHB_12.11.2025_LS,SHB,933,19255,320.96,423.5,298.4,71.1,62.7,0.825,1
EagleCreekDrEtc_SHB_12.11.2025_LS,SHB,933,19256,320.97,415.9,296.7,72.1,63.3,0.8278,1
EagleCreekDrEtc_SHB_12.11.2025_LS,SHB,933,19257,320.99,406.8,294.5,71.3,64.8,0.8297,1
EagleCreekDrEtc_SHB_12.11.2025_LS,SHB,933,19258,321.01,397.8,291.7,71.9,64.9,0.8183,1
EagleCreekDrEtc_SHB_12.11.2025_LS,SHB,933,19259,321.02,390.0,291.0,70.5,66.5,0.8084,1
EagleCreekDrEtc_SHB_12.11.2025_LS,SHB,933,19260,321.04,382.2,293.5,66.9,63.9,0.8083,1
EagleCreekDrEtc_SHB_12.11.2025_LS,SHB,933,19261,321.06,374.2,293.4,65.7,64.9,0.8057,1
EagleCreekDrEtc_SHB_12.11.2025_LS,SHB,933,19262,321.07,367.1,293.3,65.5,65.8,0.8183,1
EagleCreekDrEtc_SHB_12.11.2025_LS,SHB,933,19263,321.09,359.9,293.0,64.9,65.3,0.8616,1
EagleCreekDrEtc_SHB_12.11.2025_LS,SHB,933,19264,321.11,352.7,291.6,64.9,64.3,0.8919,1
EagleCreekDrEtc_SHB_12.11.2025_LS,SHB,933,19265,321.12,345.6,291.1,64.7,64.1,0.8778,1
EagleCreekDrEtc_SHB_12.11.2025_LS,SHB,933,19266,321.14,338.7,290.4,64.5,63.2,0.8753,1
EagleCreekDrEtc_SHB_12.11.2025_LS,SHB,933,19267,321.16,330.8,289.7,64.0,63.3,0.8793,1
EagleCreekDrEtc_SHB_12.11.2025_LS,SHB,933,19268,321.17,323.3,289.6,63.7,63.1,0.8692,1
EagleCreekDrEtc_SHB_12.11.2025_LS,SHB,933,19269,321.19,315.6,288.4,64.9,64.5,0.845,1
EagleCreekDrEtc_SHB_12.11.2025_LS,SHB,933,19270,321.21,308.3,288.0,65.0,65.0,0.8467,1
EagleCreekDrEtc_SHB_12.11.2025_LS,SHB,933,19271,321.22,300.7,286.5,65.0,65.4,0.8311,1
EagleCreekDrEtc_SHB_12.11.2025_LS,SHB,933,19272,321.24,293.1,284.4,64.8,64.4,0.8631,1
EagleCreekDrEtc_SHB_12.11.2025_LS,SHB,933,19273,321.26,286.6,283.8,63.4,63.6,0.8506,1
EagleCreekDrEtc_SHB_12.11.2025_LS,SHB,933,19274,321.27,280.1,282.8,62.0,63.5,0.8197,1
EagleCreekDrEtc_SHB_12.11.2025_LS,SHB,933,19275,321.29,272.5,282.7,62.6,63.7,0.8359,1
EagleCreekDrEtc_SHB_12.11.2025_LS,SHB,933,19276,321.31,264.7,282.7,63.6,63.9,0.8368,1
EagleCreekDrEtc_SHB_12.11.2025_LS,SHB,933,19277,321.32,256.8,281.7,63.9,63.2,0.8451,1
EagleCreekDrEtc_SHB_12.11.2025_LS,SHB,933,19278,321.34,248.9,281.3,64.0,64.6,0.8274,1
EagleCreekDrEtc_SHB_12.11.2025_LS,SHB,933,19279,321.36,240.8,280.2,63.4,62.9,0.8359,1
EagleCreekDrEtc_SHB_12.11.2025_LS,SHB,933,19280,321.37,233.3,279.4,63.9,61.7,0.8427,1
EagleCreekDrEtc_SHB_12.11.2025_LS,SHB,933,19281,321.39,226.2,279.0,64.7,61.9,0.8312,1
EagleCreekDrEtc_SHB_12.11.2025_LS,SHB,933,19282,321.41,219.0,278.2,66.0,62.8,0.825,1
EagleCreekDrEtc_SHB_12.11.2025_LS,SHB,933,19283,321.42,211.8,277.9,66.0,62.1,0.8376,1
EagleCreekDrEtc_SHB_12.11.2025_LS,SHB,933,19284,321.44,204.3,277.0,66.6,61.9,0.8423,1
EagleCreekDrEtc_SHB_12.11.2025_LS,SHB,933,19285,321.46,197.1,276.9,67.4,60.5,0.8362,1
EagleCreekDrEtc_SHB_12.11.2025_LS,SHB,933,19286,321.47,189.8,275.7,68.7,62.1,0.8526,1
EagleCreekDrEtc_SHB_12.11.2025_LS,SHB,933,19287,321.49,183.0,274.1,68.2,60.7,0.8615,1
EagleCreekDrEtc_SHB_12.11.2025_LS,SHB,933,19288,321.51,175.9,273.0,67.7,60.7,0.8563,1
EagleCreekDrEtc_SHB_12.11.2025_LS,SHB,933,19289,321.52,168.9,271.7,67.5,61.5,0.8596,1
EagleCreekDrEtc_SHB_12.11.2025_LS,SHB,933,19290,321.54,162.0,271.2,66.7,62.2,0.8695,1
EagleCreekDrEtc_SHB_12.11.2025_LS,SHB,933,19291,321.56,155.3,270.5,65.8,63.7,0.8498,1
EagleCreekDrEtc_SHB_12.11.2025_LS,SHB,933,19292,321.57,148.1,269.4,65.2,64.6,0.846,1
EagleCreekDrEtc_SHB_12.11.2025_LS,SHB,933,19293,321.59,140.6,268.8,65.3,65.4,0.8584,1
EagleCreekDrEtc_SHB_12.11.2025_LS,SHB,933,19294,321.61,132.5,268.1,64.0,64.5,0.8746,1
EagleCreekDrEtc_SHB_12.11.2025_LS,SHB,933,19295,321.62,126.1,268.1,63.7,64.8,0.8772,1
EagleCreekDrEtc_SHB_12.11.2025_LS,SHB,933,19296,321.64,118.8,268.1,62.2,64.9,0.8928,1
EagleCreekDrEtc_SHB_12.11.2025_LS,SHB,933,19297,321.66,113.0,268.0,62.5,66.5,0.8856,1
EagleCreekDrEtc_SHB_12.11.2025_LS,SHB,933,19298,321.67,107.1,268.3,62.9,66.9,0.8988,1
EagleCreekDrEtc_SHB_12.11.2025_LS,SHB,933,19299,321.69,100.1,267.9,62.8,66.6,0.8906,1
EagleCreekDrEtc_SHB_12.11.2025_LS,SHB,933,19300,321.71,92.7,267.7,62.3,64.9,0.8858,1
EagleCreekDrEtc_SHB_12.11.2025_LS,SHB,933,19301,321.72,85.3,267.9,62.1,64.5,0.8624,1
EagleCreekDrEtc_SHB_12.11.2025_LS,SHB,933,19302,321.74,77.9,267.1,63.5,64.4,0.8721,1
EagleCreekDrEtc_SHB_12.11.2025_LS,SHB,933,19303,321.76,70.6,266.6,64.4,64.2,0.871,1
EagleCreekDrEtc_SHB_12.11.2025_LS,SHB,933,19304,321.77,63.0,266.6,64.5,62.8,0.8536,1
EagleCreekDrEtc_SHB_12.11.2025_LS,SHB,933,19305,321.79,55.2,265.9,64.2,61.5,0.8576,1
EagleCreekDrEtc_SHB_12.11.2025_LS,SHB,933,19306,321.81,48.4,265.5,63.7,63.3,0.8674,1
EagleCreekDrEtc_SHB_12.11.2025_LS,SHB,933,19307,321.82,41.5,265.2,61.4,62.8,0.8523,1
EagleCreekDrEtc_SHB_12.11.2025_LS,SHB,933,19308,321.84,34.0,264.4,59.6,61.1,0.8424,1
EagleCreekDrEtc_SHB_12.11.2025_LS,SHB,933,19309,321.86,28.9,265.1,55.6,61.2,0.8229,1
EagleCreekDrEtc_SHB_12.11.2025_LS,SHB,933,19310,321.87,25.0,265.7,50.1,61.0,0.81,1
EagleCreekDrEtc_SHB_12.11.2025_LS,SHB,933,19311,321.89,20.9,265.6,41.7,61.1,0.7417,1
EagleCreekDrEtc_SHB_12.11.2025_LS,SHB,933,19312,321.91,17.7,267.2,35.4,58.6,0.7703,1
EagleCreekDrEtc_SHB_12.11.2025_LS,SHB,933,19313,321.92,15.7,266.1,31.4,58.4,0.7639,1
EagleCreekDrEtc_SHB_12.11.2025_LS,SHB,933,19314,321.94,13.4,266.3,26.9,60.0,0.5627,1
EagleCreekDrEtc_SHB_12.11.2025_LS,SHB,933,19315,321.96,8.6,266.4,17.2,60.6,0.3956,1
EagleCreekDrEtc_SHB_12.11.2025_LS,SHB,934,19296,321.64,621.6,273.4,34.7,58.1,0.6795,1
EagleCreekDrEtc_SHB_12.11.2025_LS,SHB,934,19297,321.66,615.7,273.3,45.1,60.7,0.7596,1
EagleCreekDrEtc_SHB_12.11.2025_LS,SHB,934,19298,321.67,610.3,274.4,56.1,59.3,0.769,1
EagleCreekDrEtc_SHB_12.11.2025_LS,SHB,934,19299,321.69,603.6,274.9,69.5,58.0,0.8199,1
EagleCreekDrEtc_SHB_12.11.2025_LS,SHB,934,19300,321.71,595.3,274.6,77.8,57.0,0.8094,1
EagleCreekDrEtc_SHB_12.11.2025_LS,SHB,934,19301,321.72,584.0,275.2,81.5,57.6,0.8118,1
EagleCreekDrEtc_SHB_12.11.2025_LS,SHB,934,19302,321.74,571.8,274.5,85.6,58.8,0.8044,1
EagleCreekDrEtc_SHB_12.11.2025_LS,SHB,934,19303,321.76,559.6,274.7,86.8,58.8,0.8373,1
EagleCreekDrEtc_SHB_12.11.2025_LS,SHB,934,19304,321.77,547.4,275.1,87.0,59.1,0.8427,1
EagleCreekDrEtc_SHB_12.11.2025_LS,SHB,934,19305,321.79,535.3,274.5,86.4,58.6,0.8354,1
EagleCreekDrEtc_SHB_12.11.2025_LS,SHB,934,19306,321.81,522.6,273.7,85.1,57.4,0.839,1
EagleCreekDrEtc_SHB_12.11.2025_LS,SHB,934,19307,321.82,509.9,274.6,83.9,56.3,0.8257,1
EagleCreekDrEtc_SHB_12.11.2025_LS,SHB,934,19308,321.84,497.6,274.3,83.8,54.6,0.8327,1
EagleCreekDrEtc_SHB_12.11.2025_LS,SHB,934,19309,321.86,486.6,274.6,82.5,53.8,0.8319,1
EagleCreekDrEtc_SHB_12.11.2025_LS,SHB,934,19310,321.87,473.6,274.9,83.3,53.4,0.8476,1
EagleCreekDrEtc_SHB_12.11.2025_LS,SHB,934,19311,321.89,462.0,275.6,81.6,54.6,0.8547,1
EagleCreekDrEtc_SHB_12.11.2025_LS,SHB,934,19312,321.91,449.5,275.4,81.8,54.1,0.8414,1
EagleCreekDrEtc_SHB_12.11.2025_LS,SHB,934,19313,321.92,435.4,274.0,81.1,54.6,0.8566,1
EagleCreekDrEtc_SHB_12.11.2025_LS,SHB,934,19314,321.94,423.7,273.8,81.7,54.9,0.8533,1
EagleCreekDrEtc_SHB_12.11.2025_LS,SHB,934,19315,321.96,412.5,274.5,80.4,56.0,0.8303,1
EagleCreekDrEtc_SHB_12.11.2025_LS,SHB,934,19316,321.97,402.3,275.1,81.0,56.8,0.8445,1
EagleCreekDrEtc_SHB_12.11.2025_LS,SHB,934,19317,321.99,390.8,274.9,79.6,56.3,0.8009,1
EagleCreekDrEtc_SHB_12.11.2025_LS,SHB,934,19318,322.01,378.4,274.2,78.2,56.6,0.8475,1
EagleCreekDrEtc_SHB_12.11.2025_LS,SHB,934,19319,322.02,366.8,274.1,79.9,57.6,0.817,1
EagleCreekDrEtc_SHB_12.11.2025_LS,SHB,934,19320,322.04,356.2,272.8,79.5,56.6,0.8286,1
EagleCreekDrEtc_SHB_12.11.2025_LS,SHB,934,19321,322.06,343.2,272.0,75.0,55.5,0.7953,1
EagleCreekDrEtc_SHB_12.11.2025_LS,SHB,934,19322,322.07,327.2,274.1,69.7,58.8,0.7568,1
EagleCreekDrEtc_SHB_12.11.2025_LS,SHB,934,19323,322.09,312.9,270.7,63.1,55.5,0.7849,1
EagleCreekDrEtc_SHB_12.11.2025_LS,SHB,934,19324,322.11,300.3,270.1,65.3,56.4,0.7616,1
EagleCreekDrEtc_SHB_12.11.2025_LS,SHB,934,19325,322.12,285.4,267.5,59.1,55.0,0.7353,1
EagleCreekDrEtc_SHB_12.11.2025_LS,SHB,934,19326,322.14,275.2,264.9,64.7,57.1,0.7131,1
EagleCreekDrEtc_SHB_12.11.2025_LS,SHB,934,19327,322.16,268.2,268.6,60.9,52.0,0.5723,1
EagleCreekDrEtc_SHB_12.11.2025_LS,SHB,934,19330,322.21,232.1,268.8,72.2,57.1,0.6279,1
EagleCreekDrEtc_SHB_12.11.2025_LS,SHB,934,19331,322.22,223.8,269.0,72.9,57.2,0.5198,1
EagleCreekDrEtc_SHB_12.11.2025_LS,SHB,934,19332,322.24,216.2,269.7,71.4,57.2,0.49,1
EagleCreekDrEtc_SHB_12.11.2025_LS,SHB,934,19333,322.26,212.3,270.0,67.8,57.2,0.6697,1
EagleCreekDrEtc_SHB_12.11.2025_LS,SHB,934,19334,322.27,193.7,269.5,81.5,58.7,0.6461,1
EagleCreekDrEtc_SHB_12.11.2025_LS,SHB,934,19335,322.29,181.8,268.7,82.3,59.3,0.7302,1
EagleCreekDrEtc_SHB_12.11.2025_LS,SHB,934,19336,322.31,171.2,268.1,79.9,61.5,0.7188,1
EagleCreekDrEtc_SHB_12.11.2025_LS,SHB,934,19337,322.32,162.1,269.5,73.9,59.4,0.2666,1
EagleCreekDrEtc_SHB_12.11.2025_LS,SHB,934,19338,322.34,152.0,269.3,69.1,57.9,0.7644,1
EagleCreekDrEtc_SHB_12.11.2025_LS,SHB,934,19339,322.36,140.6,267.7,65.5,56.6,0.8095,1
EagleCreekDrEtc_SHB_12.11.2025_LS,SHB,934,19340,322.37,128.5,267.2,67.2,56.5,0.8249,1
EagleCreekDrEtc_SHB_12.11.2025_LS,SHB,934,19341,322.39,116.0,268.7,70.5,56.0,0.8143,1
EagleCreekDrEtc_SHB_12.11.2025_LS,SHB,934,19342,322.41,103.9,268.4,70.6,55.3,0.7951,1
EagleCreekDrEtc_SHB_12.11.2025_LS,SHB,934,19343,322.42,93.4,268.3,69.4,54.7,0.802,1
EagleCreekDrEtc_SHB_12.11.2025_LS,SHB,934,19344,322.44,81.4,270.3,66.8,54.6,0.8147,1
EagleCreekDrEtc_SHB_12.11.2025_LS,SHB,934,19345,322.46,69.8,271.2,66.1,54.2,0.8095,1
EagleCreekDrEtc_SHB_12.11.2025_LS,SHB,934,19346,322.47,59.2,271.3,64.8,52.1,0.8107,1
EagleCreekDrEtc_SHB_12.11.2025_LS,SHB,934,19347,322.49,48.4,271.2,65.0,50.1,0.8129,1
EagleCreekDrEtc_SHB_12.11.2025_LS,SHB,934,19348,322.51,37.6,270.6,63.7,49.3,0.8316,1
EagleCreekDrEtc_SHB_12.11.2025_LS,SHB,934,19349,322.52,29.9,270.5,59.9,50.5,0.809,1
EagleCreekDrEtc_SHB_12.11.2025_LS,SHB,934,19350,322.54,25.0,270.9,50.0,52.9,0.7554,1
EagleCreekDrEtc_SHB_12.11.2025_LS,SHB,934,19351,322.56,19.3,271.9,38.5,55.1,0.7826,1
EagleCreekDrEtc_SHB_12.11.2025_LS,SHB,934,19352,322.57,15.6,272.6,31.2,55.4,0.7953,1
EagleCreekDrEtc_SHB_12.11.2025_LS,SHB,934,19353,322.59,12.6,273.4,25.1,57.8,0.676,1
EagleCreekDrEtc_SHB_12.11.2025_LS,SHB,954,20725,345.46,77.6,150.9,27.1,22.2,0.6534,1
EagleCreekDrEtc_SHB_12.11.2025_LS,SHB,954,20726,345.48,84.5,149.0,29.6,22.0,0.4779,1
EagleCreekDrEtc_SHB_12.11.2025_LS,SHB,954,20727,345.49,90.3,149.1,30.4,23.1,0.7143,1
EagleCreekDrEtc_SHB_12.11.2025_LS,SHB,954,20728,345.51,96.9,149.9,26.9,22.7,0.6703,1
EagleCreekDrEtc_SHB_12.11.2025_LS,SHB,954,20729,345.53,103.2,149.6,26.9,22.5,0.7096,1
EagleCreekDrEtc_SHB_12.11.2025_LS,SHB,954,20730,345.54,109.3,149.4,27.7,22.4,0.6688,1
EagleCreekDrEtc_SHB_12.11.2025_LS,SHB,954,20731,345.56,115.9,149.4,28.1,23.5,0.6693,1
EagleCreekDrEtc_SHB_12.11.2025_LS,SHB,954,20732,345.58,122.1,148.2,30.1,25.2,0.7257,1
EagleCreekDrEtc_SHB_12.11.2025_LS,SHB,954,20733,345.59,128.5,147.9,29.4,24.9,0.7404,1
EagleCreekDrEtc_SHB_12.11.2025_LS,SHB,954,20734,345.61,133.8,147.3,30.1,25.0,0.732,1
EagleCreekDrEtc_SHB_12.11.2025_LS,SHB,954,20735,345.63,137.5,148.9,31.3,24.7,0.4144,1
EagleCreekDrEtc_SHB_12.11.2025_LS,SHB,954,20736,345.64,146.2,147.8,28.3,22.9,0.706,1
EagleCreekDrEtc_SHB_12.11.2025_LS,SHB,954,20737,345.66,153.3,147.2,28.6,23.7,0.6122,1
EagleCreekDrEtc_SHB_12.11.2025_LS,SHB,954,20738,345.68,158.0,148.9,31.8,26.6,0.4065,1
EagleCreekDrEtc_SHB_12.11.2025_LS,SHB,954,20739,345.69,163.1,148.6,32.9,25.6,0.5169,1
EagleCreekDrEtc_SHB_12.11.2025_LS,SHB,954,20740,345.71,170.4,149.4,31.6,25.7,0.5985,1
EagleCreekDrEtc_SHB_12.11.2025_LS,SHB,954,20741,345.73,174.6,149.9,30.6,26.0,0.5426,1
EagleCreekDrEtc_SHB_12.11.2025_LS,SHB,954,20747,345.83,213.5,149.1,26.4,26.1,0.4622,1
EagleCreekDrEtc_SHB_12.11.2025_LS,SHB,955,20725,345.46,292.5,151.6,32.3,29.2,0.4377,0
EagleCreekDrEtc_SHB_12.11.2025_LS,SHB,955,20727,345.49,304.8,151.7,30.4,28.6,0.6713,0
EagleCreekDrEtc_SHB_12.11.2025_LS,SHB,955,20728,345.51,311.0,149.6,29.2,28.9,0.5292,0
EagleCreekDrEtc_SHB_12.11.2025_LS,SHB,970,20777,346.33,220.8,175.3,31.0,29.5,0.4705,1
EagleCreekDrEtc_SHB_12.11.2025_LS,SHB,970,20778,346.34,227.4,175.4,31.8,29.7,0.5881,1
EagleCreekDrEtc_SHB_12.11.2025_LS,SHB,970,20779,346.36,235.4,176.9,32.1,31.3,0.3949,1
EagleCreekDrEtc_SHB_12.11.2025_LS,SHB,970,20785,346.46,273.5,178.7,33.2,34.9,0.6539,1
EagleCreekDrEtc_SHB_12.11.2025_LS,SHB,970,20786,346.48,279.5,178.9,34.5,35.9,0.5874,1
EagleCreekDrEtc_SHB_12.11.2025_LS,SHB,970,20787,346.49,286.0,178.9,34.3,35.6,0.5879,1
EagleCreekDrEtc_SHB_12.11.2025_LS,SHB,970,20788,346.51,292.2,179.1,34.1,35.3,0.6525,1
EagleCreekDrEtc_SHB_12.11.2025_LS,SHB,970,20789,346.53,297.4,179.4,32.8,34.4,0.7022,1
EagleCreekDrEtc_SHB_12.11.2025_LS,SHB,970,20790,346.54,303.6,178.9,31.3,32.6,0.6897,1
EagleCreekDrEtc_SHB_12.11.2025_LS,SHB,970,20791,346.56,309.2,177.8,30.6,31.6,0.7236,1
EagleCreekDrEtc_SHB_12.11.2025_LS,SHB,970,20792,346.58,313.4,177.0,29.9,29.1,0.5863,1
EagleCreekDrEtc_SHB_12.11.2025_LS,SHB,970,20793,346.59,321.9,177.4,30.4,30.6,0.5938,1
EagleCreekDrEtc_SHB_12.11.2025_LS,SHB,970,20794,346.61,327.1,176.9,29.4,29.7,0.7044,1
EagleCreekDrEtc_SHB_12.11.2025_LS,SHB,970,20795,346.63,332.7,176.1,31.7,30.1,0.3519,1
EagleCreekDrEtc_SHB_12.11.2025_LS,SHB,970,20798,346.68,356.3,173.6,30.9,30.1,0.4724,1
EagleCreekDrEtc_SHB_12.11.2025_LS,SHB,970,20799,346.69,362.4,172.7,28.8,29.2,0.4688,1
EagleCreekDrEtc_SHB_12.11.2025_LS,SHB,970,20800,346.71,369.7,173.1,28.8,28.9,0.5915,1
EagleCreekDrEtc_SHB_12.11.2025_LS,SHB,970,20801,346.73,371.6,173.3,28.5,29.5,0.5203,1
EagleCreekDrEtc_SHB_12.11.2025_LS,SHB,970,20804,346.78,391.8,174.3,28.2,31.3,0.5954,1
EagleCreekDrEtc_SHB_12.11.2025_LS,SHB,970,20805,346.79,396.6,173.6,28.8,31.4,0.7017,1
EagleCreekDrEtc_SHB_12.11.2025_LS,SHB,970,20806,346.81,400.3,174.0,30.5,32.1,0.5005,1
EagleCreekDrEtc_SHB_12.11.2025_LS,SHB,970,20810,346.88,431.6,173.1,29.9,30.4,0.5566,1
EagleCreekDrEtc_SHB_12.11.2025_LS,SHB,970,20811,346.89,435.5,173.4,29.6,29.6,0.5674,1
EagleCreekDrEtc_SHB_12.11.2025_LS,SHB,970,20812,346.91,442.2,173.4,30.5,31.5,0.6096,1
EagleCreekDrEtc_SHB_12.11.2025_LS,SHB,970,20813,346.93,449.8,173.6,31.8,32.4,0.6776,1
EagleCreekDrEtc_SHB_12.11.2025_LS,SHB,970,20814,346.94,455.6,172.9,30.9,32.7,0.7383,1
EagleCreekDrEtc_SHB_12.11.2025_LS,SHB,970,20815,346.96,461.4,172.3,30.6,32.2,0.6846,1
EagleCreekDrEtc_SHB_12.11.2025_LS,SHB,970,20816,346.98,467.1,172.2,28.6,30.1,0.7573,1
EagleCreekDrEtc_SHB_12.11.2025_LS,SHB,970,20817,346.99,472.1,172.7,26.9,29.8,0.7239,1
EagleCreekDrEtc_SHB_12.11.2025_LS,SHB,970,20825,347.13,522.0,172.5,29.9,32.1,0.481,1
EagleCreekDrEtc_SHB_12.11.2025_LS,SHB,970,20826,347.14,525.0,173.7,31.0,32.5,0.5203,1
EagleCreekDrEtc_SHB_12.11.2025_LS,SHB,970,20827,347.16,529.7,173.5,31.4,33.5,0.6419,1
EagleCreekDrEtc_SHB_12.11.2025_LS,SHB,970,20828,347.18,533.7,174.9,30.8,32.6,0.6502,1
EagleCreekDrEtc_SHB_12.11.2025_LS,SHB,970,20829,347.19,537.4,175.1,30.0,32.1,0.6194,1
EagleCreekDrEtc_SHB_12.11.2025_LS,SHB,970,20830,347.21,543.9,175.6,29.7,32.2,0.5616,1
EagleCreekDrEtc_SHB_12.11.2025_LS,SHB,970,20831,347.23,549.5,176.7,29.4,32.7,0.3761,1
EagleCreekDrEtc_SHB_12.11.2025_LS,SHB,970,20832,347.24,551.5,176.6,28.6,29.9,0.6728,1
EagleCreekDrEtc_SHB_12.11.2025_LS,SHB,970,20833,347.26,557.8,176.6,30.5,31.4,0.4826,1
EagleCreekDrEtc_SHB_12.11.2025_LS,SHB,970,20834,347.28,560.9,175.7,30.0,29.6,0.5674,1
EagleCreekDrEtc_SHB_12.11.2025_LS,SHB,970,20835,347.29,565.1,174.6,29.3,30.3,0.4633,1
EagleCreekDrEtc_SHB_12.11.2025_LS,SHB,970,20836,347.31,567.1,173.2,29.3,28.1,0.3791,1
EagleCreekDrEtc_SHB_12.11.2025_LS,SHB,970,20840,347.38,584.5,173.4,29.9,28.9,0.2782,1
EagleCreekDrEtc_SHB_12.11.2025_LS,SHB,971,20783,346.43,454.8,171.9,29.1,29.0,0.5898,0
EagleCreekDrEtc_SHB_12.11.2025_LS,SHB,971,20784,346.44,459.6,173.1,29.3,28.0,0.5835,0
EagleCreekDrEtc_SHB_12.11.2025_LS,SHB,971,20785,346.46,459.0,174.0,29.8,26.5,0.3295,0
EagleCreekDrEtc_SHB_12.11.2025_LS,SHB,974,20793,346.59,520.4,172.8,28.2,27.7,0.4903,0
EagleCreekDrEtc_SHB_12.11.2025_LS,SHB,974,20794,346.61,521.1,173.2,26.9,27.7,0.5153,0
EagleCreekDrEtc_SHB_12.11.2025_LS,SHB,974,20795,346.63,520.3,175.3,26.8,26.5,0.6072,0
EagleCreekDrEtc_SHB_12.11.2025_LS,SHB,974,20796,346.64,520.7,175.3,27.3,25.8,0.588,0
EagleCreekDrEtc_SHB_12.11.2025_LS,SHB,974,20797,346.66,520.9,175.8,27.8,26.2,0.5333,0
EagleCreekDrEtc_SHB_12.11.2025_LS,SHB,974,20798,346.68,524.6,176.1,27.4,25.4,0.4859,0
EagleCreekDrEtc_SHB_12.11.2025_LS,SHB,974,20799,346.69,524.7,176.1,26.8,24.8,0.6186,0
EagleCreekDrEtc_SHB_12.11.2025_LS,SHB,974,20800,346.71,524.3,175.7,26.1,24.2,0.5677,0
EagleCreekDrEtc_SHB_12.11.2025_LS,SHB,974,20801,346.73,526.0,175.6,26.0,23.9,0.4198,0
EagleCreekDrEtc_SHB_12.11.2025_LS,SHB,974,20802,346.74,527.0,175.3,26.0,23.8,0.2503,0
EagleCreekDrEtc_SHB_12.11.2025_LS,SHB,975,20802,346.74,552.8,174.2,25.4,23.5,0.6098,0
EagleCreekDrEtc_SHB_12.11.2025_LS,SHB,975,20803,346.76,556.5,174.2,25.4,23.9,0.5905,0
EagleCreekDrEtc_SHB_12.11.2025_LS,SHB,975,20804,346.78,563.4,173.4,25.7,24.4,0.669,0
EagleCreekDrEtc_SHB_12.11.2025_LS,SHB,975,20805,346.79,566.1,174.2,27.5,25.4,0.6241,0
EagleCreekDrEtc_SHB_12.11.2025_LS,SHB,975,20806,346.81,570.0,173.8,27.3,25.7,0.7138,0
EagleCreekDrEtc_SHB_12.11.2025_LS,SHB,975,20807,346.83,575.5,173.5,27.6,26.1,0.6646,0
EagleCreekDrEtc_SHB_12.11.2025_LS,SHB,975,20808,346.84,578.2,173.7,28.3,27.0,0.6423,0
EagleCreekDrEtc_SHB_12.11.2025_LS,SHB,975,20813,346.93,595.2,175.6,28.1,25.9,0.484,0
EagleCreekDrEtc_SHB_12.11.2025_LS,SHB,975,20814,346.94,596.9,175.4,28.5,26.2,0.455,0
EagleCreekDrEtc_SHB_12.11.2025_LS,SHB,975,20815,346.96,601.6,175.2,28.7,24.8,0.2839,0
EagleCreekDrEtc_SHB_12.11.2025_LS,SHB,993,20887,348.16,316.5,189.2,27.5,20.9,0.3679,0
EagleCreekDrEtc_SHB_12.11.2025_LS,SHB,993,20888,348.18,318.0,188.8,25.9,20.1,0.3697,0
EagleCreekDrEtc_SHB_12.11.2025_LS,SHB,993,20890,348.21,319.9,187.9,26.7,21.3,0.389,0
EagleCreekDrEtc_SHB_12.11.2025_LS,SHB,993,20891,348.23,320.0,189.1,28.9,22.9,0.5146,0
EagleCreekDrEtc_SHB_12.11.2025_LS,SHB,993,20892,348.24,321.8,190.8,27.9,23.5,0.4458,0
EagleCreekDrEtc_SHB_12.11.2025_LS,SHB,993,20893,348.26,323.8,190.8,27.4,23.8,0.5815,0
EagleCreekDrEtc_SHB_12.11.2025_LS,SHB,993,20894,348.28,324.8,190.6,24.7,22.5,0.5335,0
EagleCreekDrEtc_SHB_12.11.2025_LS,SHB,993,20895,348.29,323.8,190.1,22.6,21.1,0.5178,0
EagleCreekDrEtc_SHB_12.11.2025_LS,SHB,993,20896,348.31,321.0,189.9,22.0,21.1,0.4223,0
EagleCreekDrEtc_SHB_12.11.2025_LS,SHB,993,20897,348.33,320.3,189.6,21.7,21.3,0.3761,0
EagleCreekDrEtc_SHB_12.11.2025_LS,SHB,993,20898,348.34,318.6,189.1,23.4,21.3,0.3116,0
EagleCreekDrEtc_SHB_12.11.2025_LS,SHB,993,20899,348.36,313.0,189.8,24.7,20.9,0.4235,0
EagleCreekDrEtc_SHB_12.11.2025_LS,SHB,998,20920,348.71,295.9,185.1,21.8,21.1,0.5452,0
EagleCreekDrEtc_SHB_12.11.2025_LS,SHB,998,20921,348.73,294.9,186.2,21.0,20.2,0.5383,0
EagleCreekDrEtc_SHB_12.11.2025_LS,SHB,998,20922,348.74,294.8,184.6,20.5,25.3,0.505,0
EagleCreekDrEtc_SHB_12.11.2025_LS,SHB,998,20925,348.79,290.1,183.3,21.2,29.8,0.3024,0
EagleCreekDrEtc_SHB_12.11.2025_LS,SHB,998,20926,348.81,288.3,185.3,18.7,26.6,0.5762,0
EagleCreekDrEtc_SHB_12.11.2025_LS,SHB,998,20927,348.83,286.6,185.0,20.6,26.2,0.551,0
EagleCreekDrEtc_SHB_12.11.2025_LS,SHB,998,20928,348.84,284.1,185.4,21.6,24.7,0.3347,0
EagleCreekDrEtc_SHB_12.11.2025_LS,SHB,998,20930,348.88,278.0,184.2,23.7,21.9,0.4318,0
EagleCreekDrEtc_SHB_12.11.2025_LS,SHB,998,20931,348.89,275.8,185.1,24.7,22.1,0.2904,0
EagleCreekDrEtc_SHB_12.11.2025_LS,SHB,1006,20984,349.78,617.1,163.2,23.0,16.5,0.6404,1
EagleCreekDrEtc_SHB_12.11.2025_LS,SHB,1006,20985,349.79,614.1,163.8,23.9,17.5,0.5978,1
EagleCreekDrEtc_SHB_12.11.2025_LS,SHB,1006,20986,349.81,613.0,163.4,23.9,18.3,0.6917,1
EagleCreekDrEtc_SHB_12.11.2025_LS,SHB,1006,20987,349.83,611.5,164.2,24.0,18.9,0.6682,1
EagleCreekDrEtc_SHB_12.11.2025_LS,SHB,1006,20988,349.84,609.5,164.4,24.3,19.8,0.656,1
EagleCreekDrEtc_SHB_12.11.2025_LS,SHB,1006,20989,349.86,608.0,164.2,25.5,21.6,0.6497,1
EagleCreekDrEtc_SHB_12.11.2025_LS,SHB,1006,20990,349.88,605.5,163.9,25.6,23.0,0.7016,1
EagleCreekDrEtc_SHB_12.11.2025_LS,SHB,1006,20991,349.89,604.6,164.7,26.7,23.6,0.6741,1
EagleCreekDrEtc_SHB_12.11.2025_LS,SHB,1006,20993,349.93,600.7,165.8,26.0,22.6,0.6846,1
EagleCreekDrEtc_SHB_12.11.2025_LS,SHB,1006,20994,349.94,597.2,166.0,25.3,21.7,0.5416,1
EagleCreekDrEtc_SHB_12.11.2025_LS,SHB,1006,20995,349.96,595.2,165.4,25.0,19.6,0.461,1
EagleCreekDrEtc_SHB_12.11.2025_LS,SHB,1006,20996,349.98,592.9,167.1,26.6,22.9,0.3849,1
EagleCreekDrEtc_SHB_12.11.2025_LS,SHB,1006,20997,349.99,591.8,165.7,25.2,21.5,0.5066,1
EagleCreekDrEtc_SHB_12.11.2025_LS,SHB,1006,20998,350.01,590.0,165.8,24.1,20.1,0.5381,1
EagleCreekDrEtc_SHB_12.11.2025_LS,SHB,1006,20999,350.03,586.1,166.0,22.3,19.8,0.2719,1
EagleCreekDrEtc_SHB_12.11.2025_LS,SHB,1006,21004,350.11,580.7,167.7,24.8,20.7,0.4236,1
EagleCreekDrEtc_SHB_12.11.2025_LS,SHB,1006,21007,350.16,577.4,170.5,22.5,18.1,0.5165,1
EagleCreekDrEtc_SHB_12.11.2025_LS,SHB,1006,21008,350.18,574.7,170.1,23.9,18.9,0.7045,1
EagleCreekDrEtc_SHB_12.11.2025_LS,SHB,1006,21009,350.19,571.0,170.6,24.5,20.0,0.6769,1
EagleCreekDrEtc_SHB_12.11.2025_LS,SHB,1006,21010,350.21,568.2,171.4,24.1,19.2,0.6849,1
EagleCreekDrEtc_SHB_12.11.2025_LS,SHB,1006,21013,350.26,568.4,172.8,23.3,17.9,0.4964,1
EagleCreekDrEtc_SHB_12.11.2025_LS,SHB,1006,21014,350.28,566.1,172.9,24.0,18.1,0.5006,1
EagleCreekDrEtc_SHB_12.11.2025_LS,SHB,1006,21015,350.29,561.0,173.5,24.8,18.5,0.6658,1
EagleCreekDrEtc_SHB_12.11.2025_LS,SHB,1006,21016,350.31,557.3,174.3,24.3,18.6,0.7051,1
EagleCreekDrEtc_SHB_12.11.2025_LS,SHB,1006,21017,350.33,555.5,174.7,23.3,18.5,0.4074,1
EagleCreekDrEtc_SHB_12.11.2025_LS,SHB,1006,21018,350.34,555.6,173.3,23.6,19.7,0.3426,1
EagleCreekDrEtc_SHB_12.11.2025_LS,SHB,1006,21019,350.36,553.1,173.4,24.8,20.6,0.7497,1
EagleCreekDrEtc_SHB_12.11.2025_LS,SHB,1006,21020,350.38,551.9,172.6,25.3,20.9,0.712,1
EagleCreekDrEtc_SHB_12.11.2025_LS,SHB,1006,21021,350.39,551.1,172.1,26.1,21.3,0.6562,1
EagleCreekDrEtc_SHB_12.11.2025_LS,SHB,1006,21022,350.41,547.6,172.7,25.5,20.6,0.6525,1
EagleCreekDrEtc_SHB_12.11.2025_LS,SHB,1006,21023,350.43,545.5,173.3,25.9,20.5,0.7109,1
EagleCreekDrEtc_SHB_12.11.2025_LS,SHB,1006,21024,350.44,543.6,173.6,25.0,19.0,0.6769,1
EagleCreekDrEtc_SHB_12.11.2025_LS,SHB,1006,21025,350.46,541.2,175.2,24.4,19.4,0.6043,1
EagleCreekDrEtc_SHB_12.11.2025_LS,SHB,1006,21030,350.54,530.4,174.7,22.8,19.7,0.4267,1
EagleCreekDrEtc_SHB_12.11.2025_LS,SHB,1006,21031,350.56,529.0,176.0,23.0,19.8,0.4878,1
EagleCreekDrEtc_SHB_12.11.2025_LS,SHB,1006,21032,350.58,526.4,176.5,23.5,19.7,0.563,1
EagleCreekDrEtc_SHB_12.11.2025_LS,SHB,1006,21033,350.59,525.4,177.5,22.9,20.8,0.6486,1
EagleCreekDrEtc_SHB_12.11.2025_LS,SHB,1006,21034,350.61,523.2,178.4,22.9,21.0,0.6965,1
EagleCreekDrEtc_SHB_12.11.2025_LS,SHB,1006,21035,350.63,522.1,179.7,23.6,21.0,0.6185,1
EagleCreekDrEtc_SHB_12.11.2025_LS,SHB,1006,21036,350.64,520.2,180.2,22.6,19.4,0.6981,1
EagleCreekDrEtc_SHB_12.11.2025_LS,SHB,1006,21037,350.66,518.5,181.6,23.0,19.9,0.2665,1
EagleCreekDrEtc_SHB_12.11.2025_LS,SHB,1006,21038,350.68,517.4,181.7,22.1,18.9,0.7427,1
EagleCreekDrEtc_SHB_12.11.2025_LS,SHB,1006,21039,350.69,514.7,182.2,22.2,18.3,0.6595,1
EagleCreekDrEtc_SHB_12.11.2025_LS,SHB,1006,21040,350.71,513.7,184.1,22.0,18.8,0.7086,1
EagleCreekDrEtc_SHB_12.11.2025_LS,SHB,1006,21041,350.73,512.1,183.9,23.1,19.3,0.6565,1
EagleCreekDrEtc_SHB_12.11.2025_LS,SHB,1006,21042,350.74,509.6,185.7,22.5,20.4,0.7186,1
EagleCreekDrEtc_SHB_12.11.2025_LS,SHB,1006,21043,350.76,506.8,187.0,22.8,20.2,0.7123,1
EagleCreekDrEtc_SHB_12.11.2025_LS,SHB,1006,21044,350.78,505.1,187.6,22.9,20.6,0.722,1
EagleCreekDrEtc_SHB_12.11.2025_LS,SHB,1006,21045,350.79,503.0,188.8,23.9,20.3,0.7804,1
EagleCreekDrEtc_SHB_12.11.2025_LS,SHB,1006,21046,350.81,500.1,189.7,23.7,19.6,0.7614,1
EagleCreekDrEtc_SHB_12.11.2025_LS,SHB,1006,21047,350.83,496.4,190.7,24.6,19.9,0.6794,1
EagleCreekDrEtc_SHB_12.11.2025_LS,SHB,1006,21048,350.84,495.3,192.1,24.4,19.8,0.5665,1
EagleCreekDrEtc_SHB_12.11.2025_LS,SHB,1006,21050,350.88,491.5,192.6,23.8,19.8,0.3819,1
EagleCreekDrEtc_SHB_12.11.2025_LS,SHB,1006,21052,350.91,486.6,193.1,22.6,19.1,0.5947,1
EagleCreekDrEtc_SHB_12.11.2025_LS,SHB,1006,21053,350.93,484.6,193.4,21.6,18.6,0.527,1
EagleCreekDrEtc_SHB_12.11.2025_LS,SHB,1006,21054,350.94,484.8,193.9,22.1,18.6,0.6063,1
EagleCreekDrEtc_SHB_12.11.2025_LS,SHB,1006,21055,350.96,483.4,195.0,21.9,19.1,0.7305,1
EagleCreekDrEtc_SHB_12.11.2025_LS,SHB,1006,21056,350.98,481.0,195.5,22.8,19.4,0.7221,1
EagleCreekDrEtc_SHB_12.11.2025_LS,SHB,1006,21057,350.99,479.5,195.7,22.5,19.3,0.7446,1
EagleCreekDrEtc_SHB_12.11.2025_LS,SHB,1006,21058,351.01,478.2,196.5,22.0,19.4,0.7483,1
EagleCreekDrEtc_SHB_12.11.2025_LS,SHB,1006,21059,351.03,475.7,197.6,22.6,19.4,0.7182,1
EagleCreekDrEtc_SHB_12.11.2025_LS,SHB,1006,21060,351.04,473.5,198.8,23.0,19.6,0.6658,1
EagleCreekDrEtc_SHB_12.11.2025_LS,SHB,1006,21061,351.06,471.1,199.3,22.4,18.9,0.4469,1
EagleCreekDrEtc_SHB_12.11.2025_LS,SHB,1006,21062,351.08,470.7,199.0,21.7,17.9,0.336,1
EagleCreekDrEtc_SHB_12.11.2025_LS,SHB,1006,21063,351.09,470.1,199.2,22.3,18.9,0.4653,1
EagleCreekDrEtc_SHB_12.11.2025_LS,SHB,1006,21064,351.11,467.7,199.8,23.5,19.8,0.6686,1
EagleCreekDrEtc_SHB_12.11.2025_LS,SHB,1006,21065,351.13,466.8,199.7,24.1,20.2,0.6813,1
EagleCreekDrEtc_SHB_12.11.2025_LS,SHB,1006,21066,351.14,464.4,199.5,23.4,19.6,0.6137,1
EagleCreekDrEtc_SHB_12.11.2025_LS,SHB,1006,21067,351.16,462.9,199.5,23.3,19.0,0.6598,1
EagleCreekDrEtc_SHB_12.11.2025_LS,SHB,1006,21068,351.18,460.2,199.1,23.5,19.0,0.5948,1
EagleCreekDrEtc_SHB_12.11.2025_LS,SHB,1006,21069,351.19,456.4,199.6,23.6,18.9,0.5151,1
EagleCreekDrEtc_SHB_12.11.2025_LS,SHB,1006,21070,351.21,455.2,200.6,22.6,18.7,0.4445,1
EagleCreekDrEtc_SHB_12.11.2025_LS,SHB,1017,21075,351.29,443.7,208.8,23.1,19.9,0.5154,1
EagleCreekDrEtc_SHB_12.11.2025_LS,SHB,1017,21076,351.31,441.6,210.2,24.6,21.1,0.5046,1
EagleCreekDrEtc_SHB_12.11.2025_LS,SHB,1017,21077,351.33,440.5,210.1,26.1,22.2,0.4087,1
EagleCreekDrEtc_SHB_12.11.2025_LS,SHB,1017,21078,351.34,439.9,210.4,26.2,22.1,0.5566,1
EagleCreekDrEtc_SHB_12.11.2025_LS,SHB,1017,21079,351.36,439.2,210.7,25.3,23.2,0.4118,1
EagleCreekDrEtc_SHB_12.11.2025_LS,SHB,1017,21086,351.48,426.5,215.6,24.5,20.5,0.469,1
EagleCreekDrEtc_SHB_12.11.2025_LS,SHB,1017,21087,351.49,425.6,215.8,24.4,20.5,0.6321,1
EagleCreekDrEtc_SHB_12.11.2025_LS,SHB,1017,21088,351.51,423.7,216.5,24.2,20.1,0.6762,1
EagleCreekDrEtc_SHB_12.11.2025_LS,SHB,1017,21089,351.53,422.6,217.5,24.3,20.3,0.629,1
EagleCreekDrEtc_SHB_12.11.2025_LS,SHB,1017,21090,351.54,421.3,218.1,23.8,20.1,0.666,1
EagleCreekDrEtc_SHB_12.11.2025_LS,SHB,1017,21091,351.56,420.8,219.1,23.8,19.9,0.668,1
EagleCreekDrEtc_SHB_12.11.2025_LS,SHB,1017,21092,351.58,419.3,218.3,24.2,20.3,0.6085,1
EagleCreekDrEtc_SHB_12.11.2025_LS,SHB,1017,21093,351.59,419.4,218.2,24.1,20.5,0.5484,1
EagleCreekDrEtc_SHB_12.11.2025_LS,SHB,1017,21094,351.61,414.5,216.6,22.5,19.3,0.469,1
EagleCreekDrEtc_SHB_12.11.2025_LS,SHB,1017,21100,351.71,408.4,210.3,23.4,21.5,0.4423,1
EagleCreekDrEtc_SHB_12.11.2025_LS,SHB,1017,21101,351.73,407.6,207.7,24.0,20.8,0.5819,1
EagleCreekDrEtc_SHB_12.11.2025_LS,SHB,1017,21102,351.74,407.1,206.4,24.4,21.0,0.6351,1
EagleCreekDrEtc_SHB_12.11.2025_LS,SHB,1017,21103,351.76,405.2,208.0,25.4,21.1,0.4811,1
EagleCreekDrEtc_SHB_12.11.2025_LS,SHB,1017,21104,351.78,406.2,208.2,26.2,21.1,0.4747,1
EagleCreekDrEtc_SHB_12.11.2025_LS,SHB,1017,21108,351.84,400.0,206.1,23.3,19.3,0.6582,1
EagleCreekDrEtc_SHB_12.11.2025_LS,SHB,1017,21109,351.86,398.5,205.7,23.2,19.8,0.7018,1
EagleCreekDrEtc_SHB_12.11.2025_LS,SHB,1017,21110,351.88,396.9,206.0,23.3,20.7,0.6798,1
EagleCreekDrEtc_SHB_12.11.2025_LS,SHB,1017,21111,351.89,396.4,205.4,23.4,21.4,0.7277,1
EagleCreekDrEtc_SHB_12.11.2025_LS,SHB,1017,21112,351.91,394.6,205.3,21.9,20.0,0.7258,1
EagleCreekDrEtc_SHB_12.11.2025_LS,SHB,1017,21113,351.93,392.9,205.7,22.3,20.1,0.6954,1
EagleCreekDrEtc_SHB_12.11.2025_LS,SHB,1017,21114,351.94,391.4,205.5,22.2,20.3,0.7647,1
EagleCreekDrEtc_SHB_12.11.2025_LS,SHB,1017,21115,351.96,389.6,206.0,22.3,20.7,0.7225,1
EagleCreekDrEtc_SHB_12.11.2025_LS,SHB,1017,21116,351.98,387.6,206.2,22.1,20.3,0.7577,1
EagleCreekDrEtc_SHB_12.11.2025_LS,SHB,1017,21117,351.99,385.9,206.9,21.9,19.7,0.7211,1
EagleCreekDrEtc_SHB_12.11.2025_LS,SHB,1017,21118,352.01,383.0,207.9,22.7,19.5,0.7285,1
EagleCreekDrEtc_SHB_12.11.2025_LS,SHB,1017,21119,352.03,379.9,209.1,23.5,20.0,0.7076,1
EagleCreekDrEtc_SHB_12.11.2025_LS,SHB,1017,21120,352.04,379.0,210.2,21.7,18.3,0.5079,1
EagleCreekDrEtc_SHB_12.11.2025_LS,SHB,1017,21121,352.06,379.9,211.0,20.4,17.2,0.5087,1
EagleCreekDrEtc_SHB_12.11.2025_LS,SHB,1017,21123,352.09,371.9,213.1,20.9,17.9,0.5368,1
EagleCreekDrEtc_SHB_12.11.2025_LS,SHB,1017,21124,352.11,370.3,214.4,21.8,18.9,0.6335,1
EagleCreekDrEtc_SHB_12.11.2025_LS,SHB,1017,21125,352.13,367.9,216.8,22.4,19.5,0.6205,1
EagleCreekDrEtc_SHB_12.11.2025_LS,SHB,1017,21126,352.14,366.4,217.4,22.5,19.4,0.5997,1
EagleCreekDrEtc_SHB_12.11.2025_LS,SHB,1017,21127,352.16,365.4,217.3,23.4,19.8,0.6251,1
EagleCreekDrEtc_SHB_12.11.2025_LS,SHB,1017,21128,352.18,361.7,217.3,23.0,20.0,0.6967,1
EagleCreekDrEtc_SHB_12.11.2025_LS,SHB,1017,21129,352.19,359.3,216.2,23.1,20.1,0.6898,1
EagleCreekDrEtc_SHB_12.11.2025_LS,SHB,1017,21130,352.21,356.9,216.7,22.6,20.2,0.7289,1
EagleCreekDrEtc_SHB_12.11.2025_LS,SHB,1017,21131,352.23,354.7,215.5,23.3,20.2,0.718,1
EagleCreekDrEtc_SHB_12.11.2025_LS,SHB,1017,21132,352.24,352.1,214.6,22.9,20.4,0.7015,1
EagleCreekDrEtc_SHB_12.11.2025_LS,SHB,1017,21133,352.26,348.5,214.4,22.2,20.3,0.7266,1
EagleCreekDrEtc_SHB_12.11.2025_LS,SHB,1017,21134,352.28,345.9,213.9,22.8,20.6,0.7337,1
EagleCreekDrEtc_SHB_12.11.2025_LS,SHB,1017,21135,352.29,343.2,213.9,22.2,20.0,0.7505,1
EagleCreekDrEtc_SHB_12.11.2025_LS,SHB,1017,21136,352.31,340.5,213.9,22.9,20.9,0.7375,1
EagleCreekDrEtc_SHB_12.11.2025_LS,SHB,1017,21137,352.33,338.5,214.3,22.9,21.2,0.6944,1
EagleCreekDrEtc_SHB_12.11.2025_LS,SHB,1017,21138,352.34,335.7,215.4,23.2,20.7,0.7322,1
EagleCreekDrEtc_SHB_12.11.2025_LS,SHB,1017,21139,352.36,332.4,215.2,23.5,20.3,0.7336,1
EagleCreekDrEtc_SHB_12.11.2025_LS,SHB,1017,21140,352.38,328.8,216.3,23.0,19.6,0.7281,1
EagleCreekDrEtc_SHB_12.11.2025_LS,SHB,1017,21141,352.39,326.7,217.5,22.9,20.3,0.698,1
EagleCreekDrEtc_SHB_12.11.2025_LS,SHB,1017,21142,352.41,323.3,217.3,22.9,19.8,0.6614,1
EagleCreekDrEtc_SHB_12.11.2025_LS,SHB,1017,21143,352.43,319.1,217.8,22.7,19.7,0.6972,1
EagleCreekDrEtc_SHB_12.11.2025_LS,SHB,1017,21144,352.44,315.0,217.3,22.3,19.2,0.7274,1
EagleCreekDrEtc_SHB_12.11.2025_LS,SHB,1017,21145,352.46,313.4,217.2,22.2,19.3,0.6644,1
EagleCreekDrEtc_SHB_12.11.2025_LS,SHB,1017,21146,352.48,310.7,217.8,22.3,19.0,0.5941,1
EagleCreekDrEtc_SHB_12.11.2025_LS,SHB,1017,21147,352.49,308.9,218.3,20.8,17.7,0.4975,1
EagleCreekDrEtc_SHB_12.11.2025_LS,SHB,1017,21148,352.51,305.7,219.8,20.6,17.6,0.5886,1
EagleCreekDrEtc_SHB_12.11.2025_LS,SHB,1017,21149,352.53,301.0,219.5,22.2,19.4,0.5323,1
EagleCreekDrEtc_SHB_12.11.2025_LS,SHB,1023,21148,352.51,576.0,211.7,23.4,20.2,0.4766,0
EagleCreekDrEtc_SHB_12.11.2025_LS,SHB,1023,21149,352.53,571.2,209.4,24.9,21.8,0.3594,0
EagleCreekDrEtc_SHB_12.11.2025_LS,SHB,1023,21150,352.54,568.3,210.0,24.2,21.0,0.4285,0
EagleCreekDrEtc_SHB_12.11.2025_LS,SHB,1023,21151,352.56,565.5,210.3,24.0,20.6,0.3117,0
EagleCreekDrEtc_SHB_12.11.2025_LS,SHB,1024,21154,352.61,551.1,222.1,31.5,29.3,0.5619,1
EagleCreekDrEtc_SHB_12.11.2025_LS,SHB,1024,21155,352.63,547.3,222.5,34.0,29.8,0.5743,1
EagleCreekDrEtc_SHB_12.11.2025_LS,SHB,1024,21156,352.64,541.4,224.7,36.7,30.2,0.6591,1
EagleCreekDrEtc_SHB_12.11.2025_LS,SHB,1024,21157,352.66,534.3,224.8,35.1,29.4,0.6899,1
EagleCreekDrEtc_SHB_12.11.2025_LS,SHB,1024,21158,352.68,531.3,226.9,34.2,29.5,0.7152,1
EagleCreekDrEtc_SHB_12.11.2025_LS,SHB,1024,21159,352.69,525.2,227.6,34.1,29.1,0.7382,1
EagleCreekDrEtc_SHB_12.11.2025_LS,SHB,1024,21160,352.71,519.9,227.9,32.6,28.9,0.7377,1
EagleCreekDrEtc_SHB_12.11.2025_LS,SHB,1024,21161,352.73,516.0,228.6,32.2,29.1,0.7262,1
EagleCreekDrEtc_SHB_12.11.2025_LS,SHB,1024,21162,352.74,508.9,229.4,31.2,28.1,0.7586,1
EagleCreekDrEtc_SHB_12.11.2025_LS,SHB,1024,21163,352.76,505.1,229.2,33.1,29.3,0.7281,1
EagleCreekDrEtc_SHB_12.11.2025_LS,SHB,1024,21164,352.78,499.4,229.1,34.3,29.1,0.7077,1
EagleCreekDrEtc_SHB_12.11.2025_LS,SHB,1024,21165,352.79,493.6,230.1,33.2,28.2,0.7901,1
EagleCreekDrEtc_SHB_12.11.2025_LS,SHB,1024,21166,352.81,489.4,230.9,32.8,28.7,0.7554,1
EagleCreekDrEtc_SHB_12.11.2025_LS,SHB,1024,21167,352.83,485.1,231.3,33.5,29.4,0.7048,1
EagleCreekDrEtc_SHB_12.11.2025_LS,SHB,1024,21168,352.84,481.2,232.2,32.7,28.3,0.7099,1
EagleCreekDrEtc_SHB_12.11.2025_LS,SHB,1024,21169,352.86,479.5,232.2,31.9,27.7,0.4685,1
EagleCreekDrEtc_SHB_12.11.2025_LS,SHB,1024,21171,352.89,469.8,233.0,33.5,27.4,0.5442,1
EagleCreekDrEtc_SHB_12.11.2025_LS,SHB,1024,21172,352.91,464.4,234.5,35.3,28.5,0.7098,1
EagleCreekDrEtc_SHB_12.11.2025_LS,SHB,1024,21173,352.93,457.1,235.8,34.4,27.8,0.6343,1
EagleCreekDrEtc_SHB_12.11.2025_LS,SHB,1024,21174,352.94,450.9,237.0,34.3,28.5,0.7297,1
EagleCreekDrEtc_SHB_12.11.2025_LS,SHB,1024,21175,352.96,444.9,236.9,33.8,27.5,0.7694,1
EagleCreekDrEtc_SHB_12.11.2025_LS,SHB,1024,21176,352.98,439.8,237.8,34.2,29.1,0.6892,1
EagleCreekDrEtc_SHB_12.11.2025_LS,SHB,1024,21177,352.99,435.8,238.4,31.8,27.7,0.6961,1
EagleCreekDrEtc_SHB_12.11.2025_LS,SHB,1024,21178,353.01,428.8,239.2,31.2,27.4,0.6061,1
EagleCreekDrEtc_SHB_12.11.2025_LS,SHB,1024,21179,353.03,423.0,239.2,33.1,28.1,0.5903,1
EagleCreekDrEtc_SHB_12.11.2025_LS,SHB,1024,21187,353.16,378.0,246.8,30.9,25.9,0.6746,1
EagleCreekDrEtc_SHB_12.11.2025_LS,SHB,1024,21188,353.18,374.6,247.7,30.1,25.2,0.3225,1
EagleCreekDrEtc_SHB_12.11.2025_LS,SHB,1024,21189,353.19,368.3,249.0,30.4,25.8,0.6286,1
EagleCreekDrEtc_SHB_12.11.2025_LS,SHB,1024,21190,353.21,362.7,250.3,29.1,25.0,0.6951,1
EagleCreekDrEtc_SHB_12.11.2025_LS,SHB,1024,21191,353.23,356.6,251.6,28.7,25.1,0.6617,1
EagleCreekDrEtc_SHB_12.11.2025_LS,SHB,1024,21192,353.24,350.4,253.1,29.5,25.3,0.3527,1
EagleCreekDrEtc_SHB_12.11.2025_LS,SHB,1024,21193,353.26,343.9,255.5,30.6,26.6,0.3496,1
EagleCreekDrEtc_SHB_12.11.2025_LS,SHB,1024,21194,353.28,340.0,258.1,32.4,27.1,0.5768,1
EagleCreekDrEtc_SHB_12.11.2025_LS,SHB,1024,21195,353.29,338.7,258.4,33.2,28.4,0.5182,1
EagleCreekDrEtc_SHB_12.11.2025_LS,SHB,1024,21206,353.48,273.1,277.1,35.0,29.6,0.5909,1
EagleCreekDrEtc_SHB_12.11.2025_LS,SHB,1024,21207,353.49,267.0,278.2,36.0,29.7,0.7177,1
EagleCreekDrEtc_SHB_12.11.2025_LS,SHB,1024,21208,353.51,262.8,279.8,34.4,29.4,0.6079,1
EagleCreekDrEtc_SHB_12.11.2025_LS,SHB,1024,21209,353.53,257.8,280.1,35.1,30.5,0.5873,1
EagleCreekDrEtc_SHB_12.11.2025_LS,SHB,1024,21210,353.54,251.5,281.1,35.9,30.0,0.5305,1
EagleCreekDrEtc_SHB_12.11.2025_LS,SHB,1024,21211,353.56,245.0,285.2,36.2,31.6,0.3472,1
EagleCreekDrEtc_SHB_12.11.2025_LS,SHB,1024,21212,353.58,238.0,287.9,35.4,30.6,0.443,1
EagleCreekDrEtc_SHB_12.11.2025_LS,SHB,1024,21213,353.59,232.7,289.9,35.3,30.6,0.3558,1
EagleCreekDrEtc_SHB_12.11.2025_LS,SHB,1024,21214,353.61,229.1,290.1,34.8,28.8,0.458,1
EagleCreekDrEtc_SHB_12.11.2025_LS,SHB,1024,21215,353.63,222.8,291.3,33.8,29.5,0.475,1
EagleCreekDrEtc_SHB_12.11.2025_LS,SHB,1024,21216,353.64,217.4,293.9,33.4,28.4,0.5456,1
EagleCreekDrEtc_SHB_12.11.2025_LS,SHB,1024,21217,353.66,212.7,295.0,33.8,28.3,0.6095,1
EagleCreekDrEtc_SHB_12.11.2025_LS,SHB,1024,21218,353.68,204.8,295.3,32.9,27.0,0.7111,1
EagleCreekDrEtc_SHB_12.11.2025_LS,SHB,1024,21219,353.69,200.3,295.5,31.8,27.1,0.6996,1
EagleCreekDrEtc_SHB_12.11.2025_LS,SHB,1024,21220,353.71,193.2,294.7,31.6,27.3,0.6883,1
EagleCreekDrEtc_SHB_12.11.2025_LS,SHB,1024,21221,353.73,189.6,294.2,32.7,27.8,0.5849,1
EagleCreekDrEtc_SHB_12.11.2025_LS,SHB,1024,21222,353.74,184.8,294.4,30.8,27.0,0.655,1
EagleCreekDrEtc_SHB_12.11.2025_LS,SHB,1024,21223,353.76,178.5,292.6,32.2,27.6,0.5765,1
EagleCreekDrEtc_SHB_12.11.2025_LS,SHB,1024,21224,353.78,172.6,293.2,32.7,27.7,0.5442,1
EagleCreekDrEtc_SHB_12.11.2025_LS,SHB,1024,21225,353.79,167.4,293.0,34.1,29.2,0.476,1
EagleCreekDrEtc_SHB_12.11.2025_LS,SHB,1024,21226,353.81,161.2,291.9,32.5,27.9,0.4151,1
EagleCreekDrEtc_SHB_12.11.2025_LS,SHB,1024,21227,353.83,154.6,292.2,31.2,26.8,0.644,1
EagleCreekDrEtc_SHB_12.11.2025_LS,SHB,1024,21228,353.84,145.5,290.8,28.4,25.0,0.4619,1
EagleCreekDrEtc_SHB_12.11.2025_LS,SHB,1024,21229,353.86,140.1,291.0,31.4,26.3,0.4104,1
EagleCreekDrEtc_SHB_12.11.2025_LS,SHB,1024,21230,353.88,134.1,289.8,29.6,25.8,0.6457,1
EagleCreekDrEtc_SHB_12.11.2025_LS,SHB,1024,21231,353.89,125.2,289.3,30.9,25.9,0.6938,1
EagleCreekDrEtc_SHB_12.11.2025_LS,SHB,1024,21232,353.91,120.2,289.1,31.1,25.9,0.676,1
EagleCreekDrEtc_SHB_12.11.2025_LS,SHB,1024,21233,353.93,114.8,288.7,30.8,25.8,0.7264,1
EagleCreekDrEtc_SHB_12.11.2025_LS,SHB,1024,21234,353.94,108.7,288.4,30.0,26.3,0.7152,1
EagleCreekDrEtc_SHB_12.11.2025_LS,SHB,1024,21235,353.96,101.6,288.7,29.9,26.3,0.6908,1
EagleCreekDrEtc_SHB_12.11.2025_LS,SHB,1024,21236,353.98,95.9,288.4,29.0,25.5,0.6772,1
EagleCreekDrEtc_SHB_12.11.2025_LS,SHB,1024,21237,353.99,91.1,287.4,29.3,25.7,0.7018,1
EagleCreekDrEtc_SHB_12.11.2025_LS,SHB,1024,21238,354.01,86.8,287.8,31.6,26.7,0.6706,1
EagleCreekDrEtc_SHB_12.11.2025_LS,SHB,1024,21239,354.03,81.9,287.3,29.0,26.3,0.6579,1
EagleCreekDrEtc_SHB_12.11.2025_LS,SHB,1024,21240,354.05,75.4,289.5,29.1,24.6,0.6913,1
EagleCreekDrEtc_SHB_12.11.2025_LS,SHB,1024,21241,354.06,69.7,290.2,27.3,22.8,0.684,1
EagleCreekDrEtc_SHB_12.11.2025_LS,SHB,1024,21242,354.08,64.5,289.9,24.6,20.9,0.6558,1
EagleCreekDrEtc_SHB_12.11.2025_LS,SHB,1024,21243,354.1,60.4,291.7,24.6,21.1,0.4636,1
EagleCreekDrEtc_SHB_12.11.2025_LS,SHB,1025,21158,352.68,260.2,229.4,21.7,18.3,0.5774,0
EagleCreekDrEtc_SHB_12.11.2025_LS,SHB,1025,21159,352.69,256.2,228.4,22.2,18.7,0.516,0
EagleCreekDrEtc_SHB_12.11.2025_LS,SHB,1025,21161,352.73,244.8,227.2,20.6,18.7,0.4061,0
EagleCreekDrEtc_SHB_12.11.2025_LS,SHB,1030,21172,352.91,195.7,240.2,23.3,21.9,0.5573,1
EagleCreekDrEtc_SHB_12.11.2025_LS,SHB,1030,21173,352.93,190.9,241.0,22.1,20.2,0.616,1
EagleCreekDrEtc_SHB_12.11.2025_LS,SHB,1030,21174,352.94,186.4,241.6,21.9,19.9,0.6061,1
EagleCreekDrEtc_SHB_12.11.2025_LS,SHB,1030,21175,352.96,181.8,240.1,22.4,19.9,0.5637,1
EagleCreekDrEtc_SHB_12.11.2025_LS,SHB,1030,21181,353.06,146.6,247.9,20.3,18.0,0.6385,1
EagleCreekDrEtc_SHB_12.11.2025_LS,SHB,1030,21182,353.08,144.5,248.6,20.3,18.2,0.6821,1
EagleCreekDrEtc_SHB_12.11.2025_LS,SHB,1030,21186,353.14,119.6,253.4,21.1,19.1,0.6893,1
EagleCreekDrEtc_SHB_12.11.2025_LS,SHB,1030,21187,353.16,112.9,254.3,21.7,19.1,0.6128,1
EagleCreekDrEtc_SHB_12.11.2025_LS,SHB,1030,21188,353.18,108.3,254.8,22.6,20.2,0.4758,1
EagleCreekDrEtc_SHB_12.11.2025_LS,SHB,1030,21189,353.19,101.9,256.3,22.1,20.2,0.5357,1
EagleCreekDrEtc_SHB_12.11.2025_LS,SHB,1030,21190,353.21,95.7,257.6,22.0,19.7,0.4641,1
EagleCreekDrEtc_SHB_12.11.2025_LS,SHB,1030,21191,353.23,89.7,259.4,22.3,20.0,0.5149,1
EagleCreekDrEtc_SHB_12.11.2025_LS,SHB,1030,21192,353.24,86.1,260.0,21.3,19.1,0.6616,1
EagleCreekDrEtc_SHB_12.11.2025_LS,SHB,1030,21198,353.34,49.2,271.6,20.9,20.0,0.4161,1
EagleCreekDrEtc_SHB_12.11.2025_LS,SHB,1030,21201,353.39,32.3,279.5,21.6,18.7,0.6864,1
EagleCreekDrEtc_SHB_12.11.2025_LS,SHB,1030,21202,353.41,26.9,281.0,21.2,18.6,0.662,1
EagleCreekDrEtc_SHB_12.11.2025_LS,SHB,1030,21203,353.43,21.7,282.2,21.8,19.2,0.685,1
EagleCreekDrEtc_SHB_12.11.2025_LS,SHB,1030,21204,353.44,16.4,282.9,22.5,19.3,0.5743,1
EagleCreekDrEtc_SHB_12.11.2025_LS,SHB,1030,21205,353.46,11.3,284.5,22.5,19.3,0.4855,1
EagleCreekDrEtc_SHB_12.11.2025_LS,SHB,1030,21206,353.48,8.2,288.6,16.5,18.2,0.3425,1
EagleCreekDrEtc_SHB_12.11.2025_LS,SHB,1041,21269,354.53,285.3,269.3,30.2,23.7,0.7007,0
EagleCreekDrEtc_SHB_12.11.2025_LS,SHB,1041,21270,354.55,280.0,267.5,30.1,23.7,0.5868,0
EagleCreekDrEtc_SHB_12.11.2025_LS,SHB,1041,21271,354.56,274.9,267.9,28.7,21.8,0.4604,0
EagleCreekDrEtc_SHB_12.11.2025_LS,SHB,1041,21272,354.58,269.4,266.2,27.7,21.0,0.5448,0
EagleCreekDrEtc_SHB_12.11.2025_LS,SHB,1042,21280,354.71,227.9,261.2,29.8,21.8,0.5179,0
EagleCreekDrEtc_SHB_12.11.2025_LS,SHB,1042,21281,354.73,224.7,261.6,28.6,21.5,0.6186,0
EagleCreekDrEtc_SHB_12.11.2025_LS,SHB,1042,21282,354.75,219.8,261.6,28.3,21.5,0.5726,0
EagleCreekDrEtc_SHB_12.11.2025_LS,SHB,1043,21291,354.9,174.7,255.6,32.5,22.1,0.6646,0
EagleCreekDrEtc_SHB_12.11.2025_LS,SHB,1043,21292,354.91,169.4,255.3,33.8,22.4,0.671,0
EagleCreekDrEtc_SHB_12.11.2025_LS,SHB,1043,21293,354.93,169.2,253.9,34.8,25.0,0.5479,0
EagleCreekDrEtc_SHB_12.11.2025_LS,SHB,1043,21294,354.95,162.5,255.2,33.3,23.6,0.3355,0
EagleCreekDrEtc_SHB_12.11.2025_LS,SHB,1043,21295,354.96,157.8,255.4,32.0,22.5,0.704,0
EagleCreekDrEtc_SHB_12.11.2025_LS,SHB,1043,21296,354.98,151.0,256.9,31.3,20.7,0.6118,0
EagleCreekDrEtc_SHB_12.11.2025_LS,SHB,1043,21297,355.0,145.1,256.8,29.8,21.3,0.571,0
EagleCreekDrEtc_SHB_12.11.2025_LS,SHB,1043,21298,355.01,140.8,256.5,29.1,20.7,0.4067,0
EagleCreekDrEtc_SHB_12.11.2025_LS,SHB,1047,21307,355.16,99.6,258.6,26.3,20.3,0.583,0
EagleCreekDrEtc_SHB_12.11.2025_LS,SHB,1047,21308,355.18,93.2,259.2,27.4,19.1,0.6198,0
EagleCreekDrEtc_SHB_12.11.2025_LS,SHB,1047,21309,355.2,90.5,260.0,28.4,19.2,0.529,0
EagleCreekDrEtc_SHB_12.11.2025_LS,SHB,1047,21310,355.21,88.9,259.2,27.4,17.9,0.5428,0
EagleCreekDrEtc_SHB_12.11.2025_LS,SHB,1047,21311,355.23,85.2,258.2,27.9,18.6,0.5001,0
EagleCreekDrEtc_SHB_12.11.2025_LS,SHB,1047,21312,355.25,81.4,258.8,28.3,19.1,0.4609,0
EagleCreekDrEtc_SHB_12.11.2025_LS,SHB,1047,21313,355.26,79.5,259.2,29.2,19.2,0.5178,0
EagleCreekDrEtc_SHB_12.11.2025_LS,SHB,1058,21378,356.35,221.6,251.1,27.8,21.2,0.5287,0
EagleCreekDrEtc_SHB_12.11.2025_LS,SHB,1058,21379,356.36,225.3,249.9,29.2,22.2,0.443,0
EagleCreekDrEtc_SHB_12.11.2025_LS,SHB,1058,21382,356.41,237.2,246.2,29.8,17.9,0.4373,0
EagleCreekDrEtc_SHB_12.11.2025_LS,SHB,1058,21384,356.45,244.2,243.2,31.2,20.3,0.5719,0
EagleCreekDrEtc_SHB_12.11.2025_LS,SHB,1058,21385,356.46,249.7,242.1,30.9,21.2,0.57,0
EagleCreekDrEtc_SHB_12.11.2025_LS,SHB,1058,21386,356.48,254.3,240.7,30.2,22.9,0.3051,0
EagleCreekDrEtc_SHB_12.11.2025_LS,SHB,1060,21392,356.58,291.6,238.5,21.6,17.3,0.3993,0
EagleCreekDrEtc_SHB_12.11.2025_LS,SHB,1060,21393,356.6,296.1,239.1,22.9,18.2,0.4385,0
EagleCreekDrEtc_SHB_12.11.2025_LS,SHB,1060,21394,356.61,303.2,239.1,23.3,17.4,0.3842,0
EagleCreekDrEtc_SHB_12.11.2025_LS,SHB,1065,21416,356.98,426.8,230.7,23.4,17.6,0.5362,0
EagleCreekDrEtc_SHB_12.11.2025_LS,SHB,1065,21417,357.0,430.8,230.5,21.9,17.1,0.6304,0
EagleCreekDrEtc_SHB_12.11.2025_LS,SHB,1065,21418,357.01,435.1,230.9,22.1,17.1,0.4182,0
EagleCreekDrEtc_SHB_12.11.2025_LS,SHB,1074,21431,357.23,318.8,246.7,24.1,22.0,0.3697,1
EagleCreekDrEtc_SHB_12.11.2025_LS,SHB,1074,21432,357.25,324.6,247.2,23.8,23.6,0.4017,1
EagleCreekDrEtc_SHB_12.11.2025_LS,SHB,1074,21433,357.26,330.3,247.3,23.7,23.3,0.4115,1
EagleCreekDrEtc_SHB_12.11.2025_LS,SHB,1074,21434,357.28,334.9,247.3,25.1,23.8,0.4558,1
EagleCreekDrEtc_SHB_12.11.2025_LS,SHB,1074,21435,357.3,340.8,246.8,26.6,23.7,0.5028,1
EagleCreekDrEtc_SHB_12.11.2025_LS,SHB,1074,21436,357.31,347.2,245.9,26.0,23.7,0.4226,1
EagleCreekDrEtc_SHB_12.11.2025_LS,SHB,1074,21437,357.33,351.9,244.0,26.1,23.4,0.6229,1
EagleCreekDrEtc_SHB_12.11.2025_LS,SHB,1074,21438,357.35,357.8,243.5,26.7,24.2,0.3089,1
EagleCreekDrEtc_SHB_12.11.2025_LS,SHB,1074,21439,357.36,365.1,241.9,25.8,22.4,0.4889,1
EagleCreekDrEtc_SHB_12.11.2025_LS,SHB,1074,21440,357.38,371.2,241.0,25.4,22.3,0.6344,1
EagleCreekDrEtc_SHB_12.11.2025_LS,SHB,1074,21441,357.4,378.0,239.3,24.9,22.5,0.6943,1
EagleCreekDrEtc_SHB_12.11.2025_LS,SHB,1074,21442,357.41,384.6,237.7,24.0,21.2,0.7177,1
EagleCreekDrEtc_SHB_12.11.2025_LS,SHB,1074,21443,357.43,390.4,237.0,24.8,21.8,0.7088,1
EagleCreekDrEtc_SHB_12.11.2025_LS,SHB,1074,21444,357.45,397.1,236.3,25.4,22.6,0.6864,1
EagleCreekDrEtc_SHB_12.11.2025_LS,SHB,1074,21455,357.63,463.8,229.4,30.7,24.4,0.4025,1
EagleCreekDrEtc_SHB_12.11.2025_LS,SHB,1074,21456,357.65,471.4,229.1,31.7,23.6,0.708,1
EagleCreekDrEtc_SHB_12.11.2025_LS,SHB,1074,21457,357.66,479.6,229.1,31.5,24.1,0.6125,1
EagleCreekDrEtc_SHB_12.11.2025_LS,SHB,1074,21458,357.68,486.4,229.0,29.2,24.2,0.623,1
EagleCreekDrEtc_SHB_12.11.2025_LS,SHB,1074,21459,357.7,492.8,228.6,27.9,24.3,0.7155,1
EagleCreekDrEtc_SHB_12.11.2025_LS,SHB,1074,21460,357.71,500.4,228.4,26.1,24.1,0.6198,1
EagleCreekDrEtc_SHB_12.11.2025_LS,SHB,1074,21461,357.73,507.2,228.0,25.9,23.9,0.6171,1
EagleCreekDrEtc_SHB_12.11.2025_LS,SHB,1074,21462,357.75,514.1,226.9,27.5,23.9,0.7014,1
EagleCreekDrEtc_SHB_12.11.2025_LS,SHB,1074,21463,357.76,520.3,226.1,25.8,23.2,0.6627,1
EagleCreekDrEtc_SHB_12.11.2025_LS,SHB,1074,21464,357.78,527.4,225.6,25.9,23.4,0.7035,1
EagleCreekDrEtc_SHB_12.11.2025_LS,SHB,1074,21465,357.8,533.4,225.5,27.3,24.7,0.6955,1
EagleCreekDrEtc_SHB_12.11.2025_LS,SHB,1074,21466,357.81,541.0,224.8,28.1,24.9,0.658,1
EagleCreekDrEtc_SHB_12.11.2025_LS,SHB,1074,21467,357.83,547.8,223.4,27.5,24.4,0.6791,1
EagleCreekDrEtc_SHB_12.11.2025_LS,SHB,1074,21468,357.85,554.2,223.7,26.0,24.8,0.7433,1
EagleCreekDrEtc_SHB_12.11.2025_LS,SHB,1074,21469,357.86,561.8,223.7,25.6,25.2,0.7602,1
EagleCreekDrEtc_SHB_12.11.2025_LS,SHB,1074,21470,357.88,568.8,223.9,25.9,26.5,0.7364,1
EagleCreekDrEtc_SHB_12.11.2025_LS,SHB,1074,21471,357.9,574.6,223.8,27.6,26.8,0.7515,1
EagleCreekDrEtc_SHB_12.11.2025_LS,SHB,1074,21472,357.91,581.0,223.2,27.6,27.3,0.7609,1
EagleCreekDrEtc_SHB_12.11.2025_LS,SHB,1074,21473,357.93,587.9,222.1,27.4,26.3,0.7459,1
EagleCreekDrEtc_SHB_12.11.2025_LS,SHB,1074,21474,357.95,594.7,221.0,27.5,26.0,0.747,1
EagleCreekDrEtc_SHB_12.11.2025_LS,SHB,1074,21475,357.96,599.8,219.9,29.4,25.8,0.7306,1
EagleCreekDrEtc_SHB_12.11.2025_LS,SHB,1074,21476,357.98,606.7,219.4,28.2,25.3,0.7458,1
EagleCreekDrEtc_SHB_12.11.2025_LS,SHB,1074,21477,358.0,613.6,218.7,27.1,24.8,0.7002,1
EagleCreekDrEtc_SHB_12.11.2025_LS,SHB,1074,21478,358.01,620.4,217.3,26.7,25.1,0.7172,1
EagleCreekDrEtc_SHB_12.11.2025_LS,SHB,1074,21479,358.03,627.8,215.9,24.4,24.1,0.6782,1
EagleCreekDrEtc_SHB_12.11.2025_LS,SHB,1075,21517,358.66,428.5,193.0,21.4,20.9,0.6006,1
EagleCreekDrEtc_SHB_12.11.2025_LS,SHB,1075,21518,358.68,433.2,194.1,20.5,20.1,0.7068,1
EagleCreekDrEtc_SHB_12.11.2025_LS,SHB,1075,21519,358.7,438.2,195.6,20.6,19.9,0.7392,1
EagleCreekDrEtc_SHB_12.11.2025_LS,SHB,1075,21520,358.71,442.4,197.7,21.0,20.5,0.6968,1
EagleCreekDrEtc_SHB_12.11.2025_LS,SHB,1075,21521,358.73,447.1,199.0,20.8,20.6,0.725,1
EagleCreekDrEtc_SHB_12.11.2025_LS,SHB,1075,21522,358.75,451.6,201.2,19.9,20.3,0.6942,1
EagleCreekDrEtc_SHB_12.11.2025_LS,SHB,1075,21523,358.76,456.3,202.1,20.0,20.3,0.7257,1
EagleCreekDrEtc_SHB_12.11.2025_LS,SHB,1075,21524,358.78,460.9,202.6,20.6,20.6,0.7277,1
EagleCreekDrEtc_SHB_12.11.2025_LS,SHB,1075,21525,358.8,464.9,203.1,20.6,20.8,0.7318,1
EagleCreekDrEtc_SHB_12.11.2025_LS,SHB,1075,21526,358.81,469.4,203.1,21.3,21.4,0.7446,1
EagleCreekDrEtc_SHB_12.11.2025_LS,SHB,1075,21527,358.83,474.3,203.8,21.5,21.4,0.7603,1
EagleCreekDrEtc_SHB_12.11.2025_LS,SHB,1075,21528,358.85,479.1,204.2,21.2,21.3,0.7361,1
EagleCreekDrEtc_SHB_12.11.2025_LS,SHB,1075,21529,358.86,483.7,204.1,22.1,21.7,0.7404,1
EagleCreekDrEtc_SHB_12.11.2025_LS,SHB,1075,21530,358.88,488.3,204.0,22.0,21.4,0.7469,1
EagleCreekDrEtc_SHB_12.11.2025_LS,SHB,1075,21531,358.9,493.6,203.8,22.7,21.5,0.7588,1
EagleCreekDrEtc_SHB_12.11.2025_LS,SHB,1075,21532,358.91,498.3,203.7,21.7,21.5,0.7654,1
EagleCreekDrEtc_SHB_12.11.2025_LS,SHB,1075,21533,358.93,503.6,203.3,21.6,21.3,0.7433,1
EagleCreekDrEtc_SHB_12.11.2025_LS,SHB,1075,21534,358.95,508.2,203.7,21.9,21.6,0.7706,1
EagleCreekDrEtc_SHB_12.11.2025_LS,SHB,1075,21535,358.96,513.4,203.9,21.8,21.6,0.736,1
EagleCreekDrEtc_SHB_12.11.2025_LS,SHB,1075,21536,358.98,518.1,204.3,22.1,21.8,0.7192,1
EagleCreekDrEtc_SHB_12.11.2025_LS,SHB,1075,21537,359.0,522.9,204.5,22.6,21.8,0.726,1
EagleCreekDrEtc_SHB_12.11.2025_LS,SHB,1075,21538,359.01,527.7,203.8,22.7,21.9,0.7313,1
EagleCreekDrEtc_SHB_12.11.2025_LS,SHB,1075,21539,359.03,532.3,203.4,22.6,22.9,0.7394,1
EagleCreekDrEtc_SHB_12.11.2025_LS,SHB,1075,21540,359.05,537.0,203.2,22.3,23.3,0.7437,1
EagleCreekDrEtc_SHB_12.11.2025_LS,SHB,1075,21541,359.06,541.9,203.2,22.4,21.7,0.7303,1
EagleCreekDrEtc_SHB_12.11.2025_LS,SHB,1075,21542,359.08,546.2,202.5,21.4,21.2,0.7137,1
EagleCreekDrEtc_SHB_12.11.2025_LS,SHB,1075,21543,359.1,550.9,201.5,20.9,20.9,0.6981,1
EagleCreekDrEtc_SHB_12.11.2025_LS,SHB,1075,21544,359.11,555.8,201.2,21.2,21.0,0.691,1
EagleCreekDrEtc_SHB_12.11.2025_LS,SHB,1075,21545,359.13,560.6,201.1,21.8,20.9,0.7158,1
EagleCreekDrEtc_SHB_12.11.2025_LS,SHB,1075,21546,359.15,565.1,200.9,23.0,21.3,0.6985,1
EagleCreekDrEtc_SHB_12.11.2025_LS,SHB,1075,21547,359.16,569.3,200.6,23.1,21.4,0.6725,1
EagleCreekDrEtc_SHB_12.11.2025_LS,SHB,1075,21548,359.18,573.7,199.5,22.2,20.8,0.6418,1
EagleCreekDrEtc_SHB_12.11.2025_LS,SHB,1075,21549,359.2,578.0,198.3,21.9,20.4,0.6731,1
EagleCreekDrEtc_SHB_12.11.2025_LS,SHB,1075,21550,359.21,582.7,197.9,22.8,21.1,0.6785,1
EagleCreekDrEtc_SHB_12.11.2025_LS,SHB,1075,21551,359.23,587.2,198.1,23.0,21.0,0.6792,1
EagleCreekDrEtc_SHB_12.11.2025_LS,SHB,1075,21552,359.25,592.1,198.9,23.5,21.1,0.6059,1
EagleCreekDrEtc_SHB_12.11.2025_LS,SHB,1075,21553,359.26,597.5,200.6,24.3,20.9,0.675,1
EagleCreekDrEtc_SHB_12.11.2025_LS,SHB,1075,21554,359.28,602.0,200.6,25.2,21.5,0.7262,1
EagleCreekDrEtc_SHB_12.11.2025_LS,SHB,1075,21555,359.3,606.4,200.8,24.8,21.8,0.6991,1
EagleCreekDrEtc_SHB_12.11.2025_LS,SHB,1075,21556,359.31,610.8,200.2,25.2,21.9,0.6824,1
EagleCreekDrEtc_SHB_12.11.2025_LS,SHB,1075,21557,359.33,616.2,200.5,23.8,20.9,0.711,1
EagleCreekDrEtc_SHB_12.11.2025_LS,SHB,1075,21558,359.35,621.6,201.4,23.3,21.2,0.6979,1
EagleCreekDrEtc_SHB_12.11.2025_LS,SHB,1075,21559,359.36,626.9,202.0,22.9,20.4,0.6668,1
EagleCreekDrEtc_SHB_12.11.2025_LS,SHB,1075,21560,359.38,630.0,203.2,19.9,19.8,0.5123,1
EagleCreekDrEtc_SHB_12.11.2025_LS,SHB,1077,21610,360.21,10.0,247.9,18.3,22.2,0.5478,1
EagleCreekDrEtc_SHB_12.11.2025_LS,SHB,1077,21611,360.23,14.3,247.2,24.0,21.4,0.4845,1
EagleCreekDrEtc_SHB_12.11.2025_LS,SHB,1077,21612,360.25,18.6,247.0,27.7,21.1,0.3306,1
EagleCreekDrEtc_SHB_12.11.2025_LS,SHB,1077,21613,360.26,23.9,247.4,27.8,19.8,0.541,1
EagleCreekDrEtc_SHB_12.11.2025_LS,SHB,1077,21615,360.3,36.1,246.5,27.3,19.0,0.4231,1
EagleCreekDrEtc_SHB_12.11.2025_LS,SHB,1077,21617,360.33,48.5,245.4,27.9,21.6,0.3515,1
EagleCreekDrEtc_SHB_12.11.2025_LS,SHB,1077,21618,360.35,54.4,245.1,27.8,21.6,0.3886,1
EagleCreekDrEtc_SHB_12.11.2025_LS,SHB,1077,21619,360.36,61.1,245.7,28.6,21.2,0.3223,1
EagleCreekDrEtc_SHB_12.11.2025_LS,SHB,1077,21620,360.38,68.6,247.6,28.7,20.8,0.4065,1
EagleCreekDrEtc_SHB_12.11.2025_LS,SHB,1077,21621,360.4,75.8,248.4,28.4,21.2,0.4123,1
EagleCreekDrEtc_SHB_12.11.2025_LS,SHB,1077,21624,360.45,96.3,249.1,27.1,18.7,0.5495,1
EagleCreekDrEtc_SHB_12.11.2025_LS,SHB,1077,21625,360.46,105.4,248.7,27.7,18.5,0.5538,1
EagleCreekDrEtc_SHB_12.11.2025_LS,SHB,1077,21626,360.48,112.2,248.6,28.5,18.1,0.5736,1
EagleCreekDrEtc_SHB_12.11.2025_LS,SHB,1077,21627,360.5,118.9,248.2,29.2,19.2,0.6188,1
EagleCreekDrEtc_SHB_12.11.2025_LS,SHB,1077,21628,360.51,125.2,248.2,29.7,19.7,0.623,1
EagleCreekDrEtc_SHB_12.11.2025_LS,SHB,1077,21629,360.53,131.4,247.9,29.3,19.9,0.7064,1
EagleCreekDrEtc_SHB_12.11.2025_LS,SHB,1077,21630,360.55,137.0,247.4,29.0,20.1,0.6035,1
EagleCreekDrEtc_SHB_12.11.2025_LS,SHB,1077,21631,360.56,142.8,247.1,28.8,20.6,0.5929,1
EagleCreekDrEtc_SHB_12.11.2025_LS,SHB,1077,21632,360.58,147.7,246.4,29.8,20.6,0.4484,1
EagleCreekDrEtc_SHB_12.11.2025_LS,SHB,1077,21633,360.6,154.2,245.8,31.4,20.4,0.4992,1
EagleCreekDrEtc_SHB_12.11.2025_LS,SHB,1077,21634,360.61,162.4,244.9,32.2,20.5,0.6562,1
EagleCreekDrEtc_SHB_12.11.2025_LS,SHB,1077,21635,360.63,170.0,244.5,33.1,21.2,0.6734,1
EagleCreekDrEtc_SHB_12.11.2025_LS,SHB,1077,21636,360.65,177.1,243.6,32.1,21.8,0.7081,1
EagleCreekDrEtc_SHB_12.11.2025_LS,SHB,1077,21637,360.66,184.1,242.4,32.0,21.7,0.6614,1
EagleCreekDrEtc_SHB_12.11.2025_LS,SHB,1077,21638,360.68,190.6,241.3,33.9,23.0,0.6587,1
EagleCreekDrEtc_SHB_12.11.2025_LS,SHB,1077,21639,360.7,197.4,240.2,32.8,25.0,0.5837,1
EagleCreekDrEtc_SHB_12.11.2025_LS,SHB,1077,21640,360.71,204.0,240.3,31.0,23.9,0.6051,1
EagleCreekDrEtc_SHB_12.11.2025_LS,SHB,1077,21641,360.73,210.6,240.5,30.9,23.4,0.6329,1
EagleCreekDrEtc_SHB_12.11.2025_LS,SHB,1077,21642,360.75,217.1,240.6,31.3,23.6,0.6439,1
EagleCreekDrEtc_SHB_12.11.2025_LS,SHB,1077,21643,360.76,222.8,240.8,30.3,22.9,0.565,1
EagleCreekDrEtc_SHB_12.11.2025_LS,SHB,1077,21644,360.78,229.0,241.2,29.5,21.8,0.6646,1
EagleCreekDrEtc_SHB_12.11.2025_LS,SHB,1077,21645,360.8,235.0,240.7,29.0,21.8,0.6157,1
EagleCreekDrEtc_SHB_12.11.2025_LS,SHB,1077,21646,360.81,241.3,240.8,29.4,21.9,0.5714,1
Melvin_SHW_01.18.2026_LS,SHW,1093,1245,20.75,35.1,13.1,34.4,25.2,0.591,0
Melvin_SHW_01.18.2026_LS,SHW,1093,1246,20.77,29.9,14.3,31.8,24.6,0.6415,0
Melvin_SHW_01.18.2026_LS,SHW,1093,1247,20.78,25.1,15.6,31.4,25.1,0.5115,0
Melvin_SHW_01.18.2026_LS,SHW,1093,1248,20.8,20.0,16.2,33.2,25.7,0.6591,0
Melvin_SHW_01.18.2026_LS,SHW,1093,1249,20.82,14.4,17.6,28.8,26.5,0.3851,0
Melvin_SHW_01.18.2026_LS,SHW,1110,3828,63.8,514.3,47.0,50.6,34.7,0.6378,0
Melvin_SHW_01.18.2026_LS,SHW,1110,3829,63.82,495.7,47.6,53.9,34.9,0.6588,0
Melvin_SHW_01.18.2026_LS,SHW,1110,3830,63.83,480.7,51.1,54.5,36.9,0.6726,0
Melvin_SHW_01.18.2026_LS,SHW,1110,3831,63.85,464.7,54.0,56.2,36.5,0.652,0
Melvin_SHW_01.18.2026_LS,SHW,1110,3832,63.87,444.5,58.5,54.6,36.6,0.6871,0
Melvin_SHW_01.18.2026_LS,SHW,1110,3833,63.88,426.0,61.5,54.2,36.0,0.68,0
Melvin_SHW_01.18.2026_LS,SHW,1110,3834,63.9,407.5,64.6,56.2,36.1,0.6452,0
Melvin_SHW_01.18.2026_LS,SHW,1110,3835,63.92,389.2,69.9,54.2,36.9,0.6205,0
Melvin_SHW_01.18.2026_LS,SHW,1110,3836,63.93,370.8,73.9,55.0,37.9,0.6173,0
Melvin_SHW_01.18.2026_LS,SHW,1114,3841,64.02,269.4,89.4,49.4,33.8,0.7027,0
Melvin_SHW_01.18.2026_LS,SHW,1114,3842,64.03,244.2,90.3,49.6,33.2,0.6184,0
Melvin_SHW_01.18.2026_LS,SHW,1114,3843,64.05,225.3,92.9,51.7,34.0,0.595,0
Melvin_SHW_01.18.2026_LS,SHW,1114,3844,64.07,207.1,96.7,51.7,35.3,0.5474,0
Melvin_SHW_01.18.2026_LS,SHW,1114,3845,64.08,188.5,101.8,50.7,35.3,0.6287,0
Melvin_SHW_01.18.2026_LS,SHW,1114,3846,64.1,165.1,106.6,51.6,36.2,0.6633,0
Melvin_SHW_01.18.2026_LS,SHW,1114,3847,64.12,143.3,109.2,52.0,37.1,0.4853,0
Melvin_SHW_01.18.2026_LS,SHW,1114,3848,64.13,121.6,113.4,50.3,37.0,0.3487,0
Melvin_SHW_01.18.2026_LS,SHW,1114,3849,64.15,102.1,119.9,54.3,38.3,0.4005,0
Melvin_SHW_01.18.2026_LS,SHW,1114,3850,64.17,76.4,123.4,56.0,37.0,0.3296,0
Melvin_SHW_01.18.2026_LS,SHW,1119,5398,89.97,627.2,34.0,21.9,18.5,0.5389,1
Melvin_SHW_01.18.2026_LS,SHW,1119,5399,89.98,622.5,34.8,23.2,18.8,0.5542,1
Melvin_SHW_01.18.2026_LS,SHW,1119,5400,90.0,617.1,34.5,21.7,17.7,0.576,1
Melvin_SHW_01.18.2026_LS,SHW,1119,5401,90.02,613.9,34.7,21.3,18.7,0.4976,1
Melvin_SHW_01.18.2026_LS,SHW,1119,5402,90.03,608.8,36.9,22.7,18.9,0.5558,1
Melvin_SHW_01.18.2026_LS,SHW,1119,5403,90.05,604.8,39.0,23.5,21.2,0.3546,1
Melvin_SHW_01.18.2026_LS,SHW,1119,5404,90.07,601.1,39.9,26.3,20.8,0.4979,1
Melvin_SHW_01.18.2026_LS,SHW,1119,5405,90.08,597.2,40.4,26.4,21.3,0.505,1
Melvin_SHW_01.18.2026_LS,SHW,1119,5406,90.1,591.9,41.2,26.2,21.2,0.6881,1
Melvin_SHW_01.18.2026_LS,SHW,1119,5407,90.12,587.6,42.3,27.4,22.6,0.5839,1
Melvin_SHW_01.18.2026_LS,SHW,1119,5408,90.13,582.4,42.7,28.1,23.1,0.5506,1
Melvin_SHW_01.18.2026_LS,SHW,1119,5409,90.15,577.3,42.4,28.4,24.0,0.6287,1
Melvin_SHW_01.18.2026_LS,SHW,1119,5410,90.17,573.0,43.0,27.5,23.2,0.7081,1
Melvin_SHW_01.18.2026_LS,SHW,1119,5411,90.18,568.5,43.8,27.9,24.0,0.6781,1
Melvin_SHW_01.18.2026_LS,SHW,1119,5412,90.2,564.9,44.6,26.6,23.4,0.7123,1
Melvin_SHW_01.18.2026_LS,SHW,1119,5413,90.22,560.4,44.3,25.9,24.2,0.7325,1
Melvin_SHW_01.18.2026_LS,SHW,1119,5414,90.23,556.6,45.5,24.8,24.5,0.6859,1
Melvin_SHW_01.18.2026_LS,SHW,1119,5415,90.25,550.6,46.1,25.0,25.3,0.7118,1
Melvin_SHW_01.18.2026_LS,SHW,1119,5427,90.45,506.8,48.5,27.9,24.6,0.4702,1
Melvin_SHW_01.18.2026_LS,SHW,1125,5442,90.7,434.0,77.7,39.1,34.6,0.3788,0
Melvin_SHW_01.18.2026_LS,SHW,1125,5444,90.73,423.4,84.3,36.8,35.4,0.5806,0
Melvin_SHW_01.18.2026_LS,SHW,1125,5445,90.75,417.3,87.0,37.7,34.5,0.5576,0
Melvin_SHW_01.18.2026_LS,SHW,1125,5446,90.77,412.2,90.1,30.5,31.7,0.4496,0
Melvin_SHW_01.18.2026_LS,SHW,1125,5447,90.78,407.0,91.8,32.9,32.3,0.4743,0
Melvin_SHW_01.18.2026_LS,SHW,1129,5459,90.98,356.0,105.0,37.0,35.9,0.5023,1
Melvin_SHW_01.18.2026_LS,SHW,1129,5460,91.0,356.1,106.6,42.1,36.0,0.4589,1
Melvin_SHW_01.18.2026_LS,SHW,1129,5461,91.02,346.7,108.0,42.8,36.9,0.5658,1
Melvin_SHW_01.18.2026_LS,SHW,1129,5462,91.03,339.2,111.0,44.0,36.8,0.5893,1
Melvin_SHW_01.18.2026_LS,SHW,1129,5463,91.05,330.6,112.4,45.3,36.2,0.6269,1
Melvin_SHW_01.18.2026_LS,SHW,1129,5464,91.07,325.9,113.4,45.5,37.6,0.7214,1
Melvin_SHW_01.18.2026_LS,SHW,1129,5465,91.08,321.5,115.3,44.1,37.7,0.6412,1
Melvin_SHW_01.18.2026_LS,SHW,1129,5466,91.1,315.4,115.3,44.8,37.3,0.5489,1
Melvin_SHW_01.18.2026_LS,SHW,1129,5467,91.12,312.1,116.6,43.4,37.7,0.5561,1
Melvin_SHW_01.18.2026_LS,SHW,1129,5468,91.13,306.8,117.5,42.8,37.6,0.613,1
Melvin_SHW_01.18.2026_LS,SHW,1129,5469,91.15,302.5,118.3,42.6,39.6,0.4476,1
Melvin_SHW_01.18.2026_LS,SHW,1129,5470,91.17,295.9,117.3,41.7,40.0,0.588,1
Melvin_SHW_01.18.2026_LS,SHW,1129,5471,91.18,291.7,119.0,41.1,39.2,0.5252,1
Melvin_SHW_01.18.2026_LS,SHW,1129,5472,91.2,289.5,120.5,41.4,39.5,0.5905,1
Melvin_SHW_01.18.2026_LS,SHW,1129,5473,91.22,283.8,120.9,43.0,39.2,0.5079,1
Melvin_SHW_01.18.2026_LS,SHW,1129,5474,91.23,277.3,122.3,42.8,38.2,0.6849,1
Melvin_SHW_01.18.2026_LS,SHW,1129,5475,91.25,272.7,123.4,42.9,37.6,0.5206,1
Melvin_SHW_01.18.2026_LS,SHW,1129,5476,91.27,267.7,126.6,37.9,36.0,0.5622,1
Melvin_SHW_01.18.2026_LS,SHW,1129,5477,91.28,263.9,128.3,39.1,36.4,0.4744,1
Melvin_SHW_01.18.2026_LS,SHW,1129,5478,91.3,259.4,130.9,36.4,36.1,0.4439,1
Melvin_SHW_01.18.2026_LS,SHW,1129,5479,91.32,254.1,131.0,34.5,35.6,0.5283,1
Melvin_SHW_01.18.2026_LS,SHW,1129,5480,91.33,251.2,133.0,35.2,36.4,0.3578,1
Melvin_SHW_01.18.2026_LS,SHW,1129,5481,91.35,245.1,136.1,37.4,39.8,0.3505,1
Melvin_SHW_01.18.2026_LS,SHW,1129,5482,91.37,241.1,138.1,37.8,39.8,0.3247,1
Melvin_SHW_01.18.2026_LS,SHW,1129,5483,91.38,236.1,140.1,37.9,40.2,0.2923,1
Melvin_SHW_01.18.2026_LS,SHW,1129,5485,91.42,225.8,143.8,39.2,40.2,0.5153,1
Melvin_SHW_01.18.2026_LS,SHW,1129,5486,91.43,220.0,145.9,40.4,39.6,0.4237,1
Melvin_SHW_01.18.2026_LS,SHW,1129,5487,91.45,215.0,147.1,38.0,40.4,0.6196,1
Melvin_SHW_01.18.2026_LS,SHW,1129,5488,91.47,209.1,147.3,39.6,41.0,0.2617,1
Melvin_SHW_01.18.2026_LS,SHW,1129,5491,91.52,194.8,152.6,39.7,41.0,0.5354,1
Melvin_SHW_01.18.2026_LS,SHW,1129,5494,91.57,177.1,155.6,35.0,41.1,0.4085,1
Melvin_SHW_01.18.2026_LS,SHW,1129,5495,91.58,172.7,155.5,35.8,41.8,0.5825,1
Melvin_SHW_01.18.2026_LS,SHW,1129,5496,91.6,166.9,155.7,35.4,41.0,0.691,1
Melvin_SHW_01.18.2026_LS,SHW,1129,5497,91.62,162.3,157.2,32.3,38.2,0.6157,1
Melvin_SHW_01.18.2026_LS,SHW,1129,5498,91.63,157.0,157.8,31.5,39.5,0.5728,1
Melvin_SHW_01.18.2026_LS,SHW,1129,5499,91.65,150.7,159.0,33.0,38.9,0.6696,1
Melvin_SHW_01.18.2026_LS,SHW,1129,5500,91.67,143.7,159.9,31.0,37.6,0.6146,1
Melvin_SHW_01.18.2026_LS,SHW,1129,5501,91.68,137.1,162.6,29.0,34.7,0.5534,1
Melvin_SHW_01.18.2026_LS,SHW,1147,6209,103.48,414.6,97.3,29.3,26.2,0.4727,1
Melvin_SHW_01.18.2026_LS,SHW,1147,6210,103.5,414.5,99.3,26.0,24.3,0.438,1
Melvin_SHW_01.18.2026_LS,SHW,1147,6211,103.52,411.4,98.6,27.9,25.1,0.4954,1
Melvin_SHW_01.18.2026_LS,SHW,1147,6212,103.53,407.7,97.9,29.2,27.0,0.4661,1
Melvin_SHW_01.18.2026_LS,SHW,1147,6213,103.55,406.8,97.8,27.3,25.5,0.5205,1
Melvin_SHW_01.18.2026_LS,SHW,1147,6214,103.57,407.0,99.1,24.3,23.6,0.5181,1
Melvin_SHW_01.18.2026_LS,SHW,1147,6215,103.58,406.2,99.6,23.8,22.7,0.5544,1
Melvin_SHW_01.18.2026_LS,SHW,1147,6216,103.6,404.4,99.3,24.3,22.4,0.4308,1
Melvin_SHW_01.18.2026_LS,SHW,1147,6217,103.62,401.4,98.5,25.6,23.4,0.4188,1
Melvin_SHW_01.18.2026_LS,SHW,1147,6218,103.63,398.6,96.7,25.3,23.5,0.2761,1
Melvin_SHW_01.18.2026_LS,SHW,1147,6221,103.68,395.6,97.8,27.7,25.2,0.3427,1
Melvin_SHW_01.18.2026_LS,SHW,1147,6222,103.7,393.4,97.3,27.5,24.3,0.598,1
Melvin_SHW_01.18.2026_LS,SHW,1147,6224,103.73,393.1,99.7,26.9,23.4,0.6381,1
Melvin_SHW_01.18.2026_LS,SHW,1147,6225,103.75,392.5,99.8,27.9,24.8,0.5093,1
Melvin_SHW_01.18.2026_LS,SHW,1147,6231,103.85,386.1,104.3,28.3,26.0,0.2755,1
Melvin_SHW_01.18.2026_LS,SHW,1155,7015,116.92,305.5,125.5,35.2,22.6,0.4039,0
Melvin_SHW_01.18.2026_LS,SHW,1155,7016,116.93,292.4,126.6,35.4,24.8,0.5399,0
Melvin_SHW_01.18.2026_LS,SHW,1155,7017,116.95,279.0,129.2,34.8,26.1,0.5485,0
Melvin_SHW_01.18.2026_LS,SHW,1155,7018,116.97,264.6,130.5,37.7,27.7,0.5102,0
Melvin_SHW_01.18.2026_LS,SHW,1155,7019,116.98,250.3,133.1,39.5,30.3,0.6387,0
Melvin_SHW_01.18.2026_LS,SHW,1155,7020,117.0,237.3,136.2,40.8,35.2,0.6946,0
Melvin_SHW_01.18.2026_LS,SHW,1155,7021,117.02,224.8,139.9,41.0,38.6,0.5696,0
Melvin_SHW_01.18.2026_LS,SHW,1155,7022,117.03,209.1,144.4,42.8,40.2,0.7089,0
Melvin_SHW_01.18.2026_LS,SHW,1155,7023,117.05,196.4,149.8,43.3,44.2,0.7953,0
Melvin_SHW_01.18.2026_LS,SHW,1155,7024,117.07,184.5,156.6,45.5,43.1,0.756,0
Melvin_SHW_01.18.2026_LS,SHW,1155,7025,117.08,171.9,159.4,46.9,47.4,0.8178,0
Melvin_SHW_01.18.2026_LS,SHW,1155,7026,117.1,157.5,163.3,44.3,46.5,0.7796,0
Melvin_SHW_01.18.2026_LS,SHW,1155,7027,117.12,143.5,169.1,42.0,42.1,0.7695,0
Melvin_SHW_01.18.2026_LS,SHW,1155,7028,117.13,130.3,174.5,39.1,38.3,0.7495,0
Melvin_SHW_01.18.2026_LS,SHW,1155,7029,117.15,119.7,177.3,38.3,35.5,0.6459,0
Melvin_SHW_01.18.2026_LS,SHW,1178,9152,152.53,242.8,412.7,33.2,30.6,0.3351,1
Melvin_SHW_01.18.2026_LS,SHW,1178,9155,152.58,249.6,413.2,33.5,30.5,0.4803,1
Melvin_SHW_01.18.2026_LS,SHW,1178,9156,152.6,251.1,413.4,33.5,30.5,0.4277,1
Melvin_SHW_01.18.2026_LS,SHW,1178,9158,152.63,255.5,413.1,32.1,29.2,0.2959,1
Melvin_SHW_01.18.2026_LS,SHW,1178,9159,152.65,257.9,412.7,32.6,29.3,0.3434,1
Melvin_SHW_01.18.2026_LS,SHW,1178,9165,152.75,269.7,415.1,31.7,28.9,0.2565,1
Melvin_SHW_01.18.2026_LS,SHW,1178,9166,152.76,272.7,415.1,31.3,29.2,0.4504,1
Melvin_SHW_01.18.2026_LS,SHW,1178,9167,152.78,274.9,415.1,31.7,29.7,0.4956,1
Melvin_SHW_01.18.2026_LS,SHW,1178,9168,152.8,276.5,415.2,31.8,29.4,0.3586,1
Melvin_SHW_01.18.2026_LS,SHW,1178,9169,152.81,278.8,415.2,32.8,30.2,0.3654,1
Melvin_SHW_01.18.2026_LS,SHW,1178,9170,152.83,280.8,415.3,32.2,29.7,0.2579,1
Melvin_SHW_01.18.2026_LS,SHW,1178,9171,152.85,282.7,415.3,32.5,29.3,0.276,1
Melvin_SHW_01.18.2026_LS,SHW,1178,9172,152.86,284.9,415.5,32.1,29.7,0.3545,1
Melvin_SHW_01.18.2026_LS,SHW,1178,9173,152.88,287.4,416.5,31.4,29.5,0.2544,1
Melvin_SHW_01.18.2026_LS,SHW,1178,9175,152.91,290.9,416.2,33.6,30.8,0.3336,1
Melvin_SHW_01.18.2026_LS,SHW,1190,10381,173.01,125.6,213.4,27.0,22.6,0.5533,1
Melvin_SHW_01.18.2026_LS,SHW,1190,10383,173.05,123.0,214.5,26.6,23.0,0.6186,1
Melvin_SHW_01.18.2026_LS,SHW,1190,10384,173.06,120.3,213.8,27.9,24.0,0.5511,1
Melvin_SHW_01.18.2026_LS,SHW,1190,10385,173.08,118.5,213.7,30.2,25.7,0.344,1
Melvin_SHW_01.18.2026_LS,SHW,1190,10386,173.1,116.5,214.3,29.8,25.8,0.3794,1
Melvin_SHW_01.18.2026_LS,SHW,1190,10387,173.11,114.2,214.1,28.7,24.9,0.4596,1
Melvin_SHW_01.18.2026_LS,SHW,1190,10390,173.16,105.9,212.9,27.1,23.1,0.5656,1
Melvin_SHW_01.18.2026_LS,SHW,1190,10391,173.18,103.1,212.7,27.4,22.8,0.4912,1
Melvin_SHW_01.18.2026_LS,SHW,1190,10392,173.2,100.9,212.8,27.3,24.4,0.5212,1
Melvin_SHW_01.18.2026_LS,SHW,1190,10394,173.23,95.6,211.5,27.2,24.8,0.4467,1
Melvin_SHW_01.18.2026_LS,SHW,1190,10395,173.25,94.0,210.7,27.6,25.8,0.356,1
Melvin_SHW_01.18.2026_LS,SHW,1190,10405,173.41,71.7,202.1,26.4,22.3,0.602,1
Melvin_SHW_01.18.2026_LS,SHW,1190,10406,173.43,69.9,202.2,25.1,21.8,0.5169,1
Melvin_SHW_01.18.2026_LS,SHW,1197,10442,174.03,28.7,227.6,24.2,21.0,0.3835,0
Melvin_SHW_01.18.2026_LS,SHW,1197,10443,174.05,28.8,228.1,23.5,19.5,0.3539,0
Melvin_SHW_01.18.2026_LS,SHW,1197,10444,174.06,27.8,228.1,23.9,20.2,0.3719,0
Melvin_SHW_01.18.2026_LS,SHW,1197,10445,174.08,27.2,227.8,24.0,20.6,0.3932,0
Melvin_SHW_01.18.2026_LS,SHW,1200,10595,176.58,242.0,468.6,29.8,31.3,0.6719,0
Melvin_SHW_01.18.2026_LS,SHW,1200,10596,176.6,231.8,470.1,28.4,30.7,0.7313,0
Melvin_SHW_01.18.2026_LS,SHW,1200,10597,176.61,220.4,471.7,26.7,29.9,0.6684,0
Melvin_SHW_01.18.2026_LS,SHW,1200,10598,176.63,209.7,474.8,26.3,30.1,0.6507,0
Melvin_SHW_01.18.2026_LS,SHW,1200,10600,176.66,190.4,478.6,25.8,29.9,0.385,0
Melvin_SHW_01.18.2026_LS,SHW,1204,10872,181.2,366.1,38.8,54.6,40.6,0.5201,0
Melvin_SHW_01.18.2026_LS,SHW,1204,10873,181.21,358.1,41.6,53.7,40.1,0.595,0
Melvin_SHW_01.18.2026_LS,SHW,1204,10874,181.23,357.8,40.8,58.1,41.6,0.5468,0
N25thRdOrange_MAS_12.22.25_LS_V2,MAS,1236,133,2.22,468.5,499.0,50.4,26.0,0.3907,0
N25thRdOrange_MAS_12.22.25_LS_V2,MAS,1236,134,2.23,464.3,499.8,49.8,24.4,0.3158,0
N25thRdOrange_MAS_12.22.25_LS_V2,MAS,1236,135,2.25,453.0,501.2,46.2,21.7,0.354,0
N25thRdOrange_MAS_12.22.25_LS_V2,MAS,1236,139,2.32,423.3,503.1,40.1,17.7,0.381,0
N25thRdOrange_MAS_12.22.25_LS_V2,MAS,1262,2724,45.4,191.7,403.4,37.4,43.8,0.669,0
N25thRdOrange_MAS_12.22.25_LS_V2,MAS,1262,2725,45.42,184.6,410.5,39.4,49.9,0.599,0
N25thRdOrange_MAS_12.22.25_LS_V2,MAS,1262,2726,45.43,174.9,407.6,40.6,48.1,0.6992,0
N25thRdOrange_MAS_12.22.25_LS_V2,MAS,1262,2727,45.45,159.8,407.7,39.9,47.9,0.7475,0
N25thRdOrange_MAS_12.22.25_LS_V2,MAS,1262,2728,45.47,144.6,408.1,37.1,45.4,0.551,0
N25thRdOrange_MAS_12.22.25_LS_V2,MAS,1262,2729,45.48,132.8,409.5,36.1,43.9,0.8096,0
N25thRdOrange_MAS_12.22.25_LS_V2,MAS,1262,2730,45.5,121.8,411.6,35.2,44.6,0.7347,0
N25thRdOrange_MAS_12.22.25_LS_V2,MAS,1262,2731,45.52,107.4,414.7,33.6,44.2,0.5734,0
N25thRdOrange_MAS_12.22.25_LS_V2,MAS,1262,2732,45.53,93.4,418.0,32.4,41.1,0.3852,0
N25thRdOrange_MAS_12.22.25_LS_V2,MAS,1274,5588,93.13,406.2,192.3,34.7,30.3,0.6218,0
N25thRdOrange_MAS_12.22.25_LS_V2,MAS,1274,5590,93.17,390.0,195.2,35.3,30.5,0.3724,0
N25thRdOrange_MAS_12.22.25_LS_V2,MAS,1274,5591,93.18,385.4,196.0,34.1,27.2,0.379,0
NShelbyRd(blue)_SHB_12.11.2025_LS,SHB,1310,1600,26.67,622.3,286.8,26.1,27.5,0.4316,1
NShelbyRd(blue)_SHB_12.11.2025_LS,SHB,1310,1601,26.69,615.8,286.3,25.4,26.6,0.5784,1
NShelbyRd(blue)_SHB_12.11.2025_LS,SHB,1310,1602,26.71,610.6,287.1,26.3,26.7,0.5839,1
NShelbyRd(blue)_SHB_12.11.2025_LS,SHB,1310,1603,26.72,605.2,287.7,26.6,25.6,0.6322,1
NShelbyRd(blue)_SHB_12.11.2025_LS,SHB,1310,1604,26.74,599.5,288.2,26.5,23.9,0.659,1
NShelbyRd(blue)_SHB_12.11.2025_LS,SHB,1310,1605,26.76,592.2,287.0,26.8,24.1,0.6793,1
NShelbyRd(blue)_SHB_12.11.2025_LS,SHB,1310,1606,26.77,586.1,287.5,26.8,24.3,0.6886,1
NShelbyRd(blue)_SHB_12.11.2025_LS,SHB,1310,1607,26.79,578.6,286.4,27.1,24.2,0.721,1
NShelbyRd(blue)_SHB_12.11.2025_LS,SHB,1310,1608,26.81,573.3,286.6,28.7,23.8,0.6457,1
NShelbyRd(blue)_SHB_12.11.2025_LS,SHB,1310,1609,26.82,565.7,286.5,27.3,23.8,0.6857,1
NShelbyRd(blue)_SHB_12.11.2025_LS,SHB,1310,1610,26.84,560.9,284.9,26.7,24.0,0.6791,1
NShelbyRd(blue)_SHB_12.11.2025_LS,SHB,1310,1611,26.86,553.6,286.2,26.8,25.1,0.6596,1
NShelbyRd(blue)_SHB_12.11.2025_LS,SHB,1310,1612,26.87,549.6,285.5,27.6,24.8,0.4937,1
NShelbyRd(blue)_SHB_12.11.2025_LS,SHB,1310,1613,26.89,543.0,285.0,29.2,24.8,0.6238,1
NShelbyRd(blue)_SHB_12.11.2025_LS,SHB,1310,1614,26.91,536.2,285.8,29.0,25.8,0.6799,1
NShelbyRd(blue)_SHB_12.11.2025_LS,SHB,1310,1615,26.92,528.5,285.4,27.6,25.1,0.7002,1
NShelbyRd(blue)_SHB_12.11.2025_LS,SHB,1310,1616,26.94,524.0,285.6,27.5,25.0,0.6847,1
NShelbyRd(blue)_SHB_12.11.2025_LS,SHB,1310,1617,26.96,517.8,285.3,27.6,24.6,0.6763,1
NShelbyRd(blue)_SHB_12.11.2025_LS,SHB,1310,1618,26.97,510.8,284.4,28.6,24.9,0.6717,1
NShelbyRd(blue)_SHB_12.11.2025_LS,SHB,1310,1619,26.99,503.4,283.6,27.7,24.9,0.7042,1
NShelbyRd(blue)_SHB_12.11.2025_LS,SHB,1310,1620,27.01,498.3,283.5,25.8,23.0,0.5831,1
NShelbyRd(blue)_SHB_12.11.2025_LS,SHB,1310,1621,27.02,491.9,283.2,25.3,23.0,0.5866,1
NShelbyRd(blue)_SHB_12.11.2025_LS,SHB,1310,1622,27.04,484.2,282.8,24.7,23.3,0.6452,1
NShelbyRd(blue)_SHB_12.11.2025_LS,SHB,1310,1623,27.06,477.7,283.1,26.2,23.6,0.6634,1
NShelbyRd(blue)_SHB_12.11.2025_LS,SHB,1310,1624,27.07,470.1,283.4,27.1,23.5,0.6382,1
NShelbyRd(blue)_SHB_12.11.2025_LS,SHB,1310,1625,27.09,462.9,283.9,27.9,24.9,0.6573,1
NShelbyRd(blue)_SHB_12.11.2025_LS,SHB,1310,1626,27.11,455.9,284.7,28.1,25.2,0.6474,1
NShelbyRd(blue)_SHB_12.11.2025_LS,SHB,1310,1627,27.12,448.8,286.3,29.1,25.8,0.694,1
NShelbyRd(blue)_SHB_12.11.2025_LS,SHB,1310,1628,27.14,440.9,288.1,28.5,27.8,0.6185,1
NShelbyRd(blue)_SHB_12.11.2025_LS,SHB,1310,1629,27.16,433.7,289.1,26.5,26.6,0.6309,1
NShelbyRd(blue)_SHB_12.11.2025_LS,SHB,1310,1630,27.17,426.1,291.9,28.2,26.5,0.6546,1
NShelbyRd(blue)_SHB_12.11.2025_LS,SHB,1310,1631,27.19,417.8,293.6,28.2,27.1,0.6579,1
NShelbyRd(blue)_SHB_12.11.2025_LS,SHB,1310,1632,27.21,410.3,295.2,29.1,27.7,0.657,1
NShelbyRd(blue)_SHB_12.11.2025_LS,SHB,1310,1633,27.22,403.0,296.8,29.9,28.1,0.6234,1
NShelbyRd(blue)_SHB_12.11.2025_LS,SHB,1310,1634,27.24,396.5,297.8,30.6,27.4,0.5838,1
NShelbyRd(blue)_SHB_12.11.2025_LS,SHB,1310,1635,27.26,389.4,298.8,30.7,26.8,0.6493,1
NShelbyRd(blue)_SHB_12.11.2025_LS,SHB,1310,1636,27.27,382.7,299.8,31.6,27.4,0.6354,1
NShelbyRd(blue)_SHB_12.11.2025_LS,SHB,1310,1637,27.29,374.9,300.6,30.6,27.0,0.683,1
NShelbyRd(blue)_SHB_12.11.2025_LS,SHB,1310,1638,27.31,367.4,300.8,32.3,28.0,0.6496,1
NShelbyRd(blue)_SHB_12.11.2025_LS,SHB,1310,1639,27.32,360.7,300.7,32.2,28.1,0.6932,1
NShelbyRd(blue)_SHB_12.11.2025_LS,SHB,1310,1640,27.34,353.2,301.6,34.4,28.5,0.6983,1
NShelbyRd(blue)_SHB_12.11.2025_LS,SHB,1310,1641,27.36,345.1,302.2,35.1,29.1,0.6827,1
NShelbyRd(blue)_SHB_12.11.2025_LS,SHB,1310,1642,27.37,338.0,302.8,35.0,29.0,0.742,1
NShelbyRd(blue)_SHB_12.11.2025_LS,SHB,1310,1643,27.39,330.2,303.3,32.7,27.8,0.7817,1
NShelbyRd(blue)_SHB_12.11.2025_LS,SHB,1310,1644,27.41,322.8,303.0,33.9,28.5,0.7542,1
NShelbyRd(blue)_SHB_12.11.2025_LS,SHB,1310,1645,27.42,313.6,303.2,32.3,28.2,0.712,1
NShelbyRd(blue)_SHB_12.11.2025_LS,SHB,1310,1646,27.44,306.2,303.9,31.1,27.8,0.6539,1
NShelbyRd(blue)_SHB_12.11.2025_LS,SHB,1310,1647,27.46,297.9,304.1,30.7,27.7,0.6037,1
NShelbyRd(blue)_SHB_12.11.2025_LS,SHB,1310,1648,27.47,289.4,304.2,31.3,27.8,0.4689,1
NShelbyRd(blue)_SHB_12.11.2025_LS,SHB,1310,1649,27.49,282.6,304.7,30.8,27.8,0.5986,1
NShelbyRd(blue)_SHB_12.11.2025_LS,SHB,1310,1650,27.51,276.2,304.5,31.0,27.7,0.5104,1
NShelbyRd(blue)_SHB_12.11.2025_LS,SHB,1310,1651,27.52,267.9,305.9,33.5,27.8,0.6096,1
NShelbyRd(blue)_SHB_12.11.2025_LS,SHB,1310,1652,27.54,259.9,306.4,34.2,28.5,0.575,1
NShelbyRd(blue)_SHB_12.11.2025_LS,SHB,1310,1653,27.56,248.7,308.9,34.0,28.2,0.7086,1
NShelbyRd(blue)_SHB_12.11.2025_LS,SHB,1310,1654,27.57,239.8,310.6,34.4,28.8,0.694,1
NShelbyRd(blue)_SHB_12.11.2025_LS,SHB,1310,1655,27.59,233.4,310.7,35.2,28.0,0.4343,1
NShelbyRd(blue)_SHB_12.11.2025_LS,SHB,1310,1656,27.61,224.6,310.8,37.6,27.6,0.495,1
NShelbyRd(blue)_SHB_12.11.2025_LS,SHB,1310,1657,27.62,215.3,310.8,36.4,28.0,0.445,1
NShelbyRd(blue)_SHB_12.11.2025_LS,SHB,1310,1658,27.64,207.1,310.7,33.9,28.2,0.4508,1
NShelbyRd(blue)_SHB_12.11.2025_LS,SHB,1310,1659,27.66,199.2,309.9,33.3,27.8,0.4691,1
NShelbyRd(blue)_SHB_12.11.2025_LS,SHB,1310,1660,27.67,189.5,307.6,30.7,27.3,0.3818,1
NShelbyRd(blue)_SHB_12.11.2025_LS,SHB,1310,1661,27.69,178.6,305.6,28.5,25.5,0.5885,1
NShelbyRd(blue)_SHB_12.11.2025_LS,SHB,1310,1662,27.71,169.7,302.8,28.8,23.6,0.3638,1
NShelbyRd(blue)_SHB_12.11.2025_LS,SHB,1310,1663,27.72,160.2,299.1,28.2,24.3,0.4845,1
NShelbyRd(blue)_SHB_12.11.2025_LS,SHB,1310,1664,27.74,150.7,297.0,28.3,24.6,0.4539,1
NShelbyRd(blue)_SHB_12.11.2025_LS,SHB,1310,1665,27.76,142.1,295.8,27.5,25.7,0.5462,1
NShelbyRd(blue)_SHB_12.11.2025_LS,SHB,1310,1666,27.77,132.2,294.2,28.8,25.2,0.629,1
NShelbyRd(blue)_SHB_12.11.2025_LS,SHB,1310,1667,27.79,122.4,292.3,27.8,25.3,0.6519,1
NShelbyRd(blue)_SHB_12.11.2025_LS,SHB,1310,1668,27.81,113.9,291.3,28.5,24.8,0.4948,1
NShelbyRd(blue)_SHB_12.11.2025_LS,SHB,1310,1670,27.84,93.9,290.7,26.5,23.2,0.6121,1
NShelbyRd(blue)_SHB_12.11.2025_LS,SHB,1310,1671,27.86,84.4,290.9,25.0,22.7,0.5428,1
NShelbyRd(blue)_SHB_12.11.2025_LS,SHB,1310,1672,27.87,74.9,291.8,26.7,20.8,0.3694,1
NShelbyRd(blue)_SHB_12.11.2025_LS,SHB,1310,1673,27.89,66.4,291.9,24.9,20.9,0.5077,1
NShelbyRd(blue)_SHB_12.11.2025_LS,SHB,1310,1674,27.91,57.1,292.2,24.8,21.0,0.3155,1
NShelbyRd(blue)_SHB_12.11.2025_LS,SHB,1320,1622,27.04,584.7,279.0,28.8,25.2,0.4855,1
NShelbyRd(blue)_SHB_12.11.2025_LS,SHB,1320,1623,27.06,578.1,279.4,29.2,26.3,0.5779,1
NShelbyRd(blue)_SHB_12.11.2025_LS,SHB,1320,1624,27.07,571.3,280.2,30.1,27.2,0.5959,1
NShelbyRd(blue)_SHB_12.11.2025_LS,SHB,1320,1625,27.09,563.0,281.3,29.4,27.9,0.605,1
NShelbyRd(blue)_SHB_12.11.2025_LS,SHB,1320,1626,27.11,555.1,282.3,31.6,29.1,0.6538,1
NShelbyRd(blue)_SHB_12.11.2025_LS,SHB,1320,1627,27.12,547.2,283.1,31.1,28.5,0.7585,1
NShelbyRd(blue)_SHB_12.11.2025_LS,SHB,1320,1628,27.14,539.8,285.1,30.2,28.0,0.7026,1
NShelbyRd(blue)_SHB_12.11.2025_LS,SHB,1320,1629,27.16,533.1,284.9,30.3,26.6,0.593,1
NShelbyRd(blue)_SHB_12.11.2025_LS,SHB,1320,1630,27.17,525.9,286.5,30.1,26.5,0.6399,1
NShelbyRd(blue)_SHB_12.11.2025_LS,SHB,1320,1631,27.19,517.7,288.7,29.5,26.3,0.6973,1
NShelbyRd(blue)_SHB_12.11.2025_LS,SHB,1320,1632,27.21,509.5,290.3,30.0,26.2,0.7173,1
NShelbyRd(blue)_SHB_12.11.2025_LS,SHB,1320,1633,27.22,502.2,291.8,29.7,26.5,0.7243,1
NShelbyRd(blue)_SHB_12.11.2025_LS,SHB,1320,1634,27.24,495.5,292.5,30.0,26.8,0.6549,1
NShelbyRd(blue)_SHB_12.11.2025_LS,SHB,1320,1635,27.26,488.4,293.3,29.9,26.1,0.6712,1
NShelbyRd(blue)_SHB_12.11.2025_LS,SHB,1320,1636,27.27,481.0,294.1,30.1,25.9,0.611,1
NShelbyRd(blue)_SHB_12.11.2025_LS,SHB,1320,1637,27.29,472.8,294.9,30.8,26.9,0.6996,1
NShelbyRd(blue)_SHB_12.11.2025_LS,SHB,1320,1638,27.31,465.4,296.6,31.0,28.2,0.6948,1
NShelbyRd(blue)_SHB_12.11.2025_LS,SHB,1320,1639,27.32,458.0,296.2,30.8,28.1,0.7278,1
NShelbyRd(blue)_SHB_12.11.2025_LS,SHB,1320,1640,27.34,450.1,296.4,30.0,27.4,0.7031,1
NShelbyRd(blue)_SHB_12.11.2025_LS,SHB,1320,1641,27.36,442.8,297.4,31.5,27.3,0.6221,1
NShelbyRd(blue)_SHB_12.11.2025_LS,SHB,1320,1642,27.37,435.2,297.6,31.4,26.9,0.6746,1
NShelbyRd(blue)_SHB_12.11.2025_LS,SHB,1320,1643,27.39,427.4,297.7,31.4,26.1,0.6508,1
NShelbyRd(blue)_SHB_12.11.2025_LS,SHB,1320,1644,27.41,419.4,297.9,30.6,25.9,0.6331,1
NShelbyRd(blue)_SHB_12.11.2025_LS,SHB,1320,1645,27.42,411.7,297.7,30.9,25.4,0.5297,1
NShelbyRd(blue)_SHB_12.11.2025_LS,SHB,1320,1646,27.44,404.0,297.7,31.2,25.1,0.5657,1
NShelbyRd(blue)_SHB_12.11.2025_LS,SHB,1320,1647,27.46,395.6,298.3,29.4,24.4,0.5371,1
NShelbyRd(blue)_SHB_12.11.2025_LS,SHB,1320,1648,27.47,387.8,298.6,29.0,24.8,0.6478,1
NShelbyRd(blue)_SHB_12.11.2025_LS,SHB,1320,1649,27.49,379.7,299.1,29.0,25.1,0.6189,1
NShelbyRd(blue)_SHB_12.11.2025_LS,SHB,1320,1650,27.51,372.6,298.2,29.5,24.3,0.5192,1
NShelbyRd(blue)_SHB_12.11.2025_LS,SHB,1320,1651,27.52,365.0,300.1,31.1,23.7,0.5945,1
NShelbyRd(blue)_SHB_12.11.2025_LS,SHB,1320,1652,27.54,356.3,300.8,31.1,24.0,0.4702,1
NShelbyRd(blue)_SHB_12.11.2025_LS,SHB,1320,1653,27.56,348.1,302.5,30.8,23.4,0.4858,1
NShelbyRd(blue)_SHB_12.11.2025_LS,SHB,1320,1654,27.57,338.9,304.6,31.0,23.4,0.2992,1
NShelbyRd(blue)_SHB_12.11.2025_LS,SHB,1320,1655,27.59,329.2,304.4,28.9,24.3,0.5051,1
NShelbyRd(blue)_SHB_12.11.2025_LS,SHB,1320,1656,27.61,319.7,305.7,29.8,24.9,0.5108,1
NShelbyRd(blue)_SHB_12.11.2025_LS,SHB,1322,1623,27.06,621.4,273.2,29.6,28.1,0.5529,1
NShelbyRd(blue)_SHB_12.11.2025_LS,SHB,1322,1624,27.07,613.9,273.7,28.1,28.4,0.7155,1
NShelbyRd(blue)_SHB_12.11.2025_LS,SHB,1322,1625,27.09,605.3,275.2,29.6,28.2,0.7191,1
NShelbyRd(blue)_SHB_12.11.2025_LS,SHB,1322,1626,27.11,597.9,277.5,31.3,30.0,0.7312,1
NShelbyRd(blue)_SHB_12.11.2025_LS,SHB,1322,1627,27.12,590.1,278.5,30.8,29.6,0.7624,1
NShelbyRd(blue)_SHB_12.11.2025_LS,SHB,1322,1628,27.14,582.6,280.5,29.2,29.1,0.7695,1
NShelbyRd(blue)_SHB_12.11.2025_LS,SHB,1322,1629,27.16,576.3,280.4,28.3,28.2,0.7549,1
NShelbyRd(blue)_SHB_12.11.2025_LS,SHB,1322,1630,27.17,568.8,281.4,27.7,27.7,0.7966,1
NShelbyRd(blue)_SHB_12.11.2025_LS,SHB,1322,1631,27.19,560.9,283.5,27.7,28.4,0.7913,1
NShelbyRd(blue)_SHB_12.11.2025_LS,SHB,1322,1632,27.21,553.3,284.9,27.7,28.6,0.7707,1
NShelbyRd(blue)_SHB_12.11.2025_LS,SHB,1322,1633,27.22,545.8,286.8,28.1,28.4,0.768,1
NShelbyRd(blue)_SHB_12.11.2025_LS,SHB,1322,1634,27.24,538.2,287.8,27.8,28.3,0.7577,1
NShelbyRd(blue)_SHB_12.11.2025_LS,SHB,1322,1635,27.26,531.3,288.6,28.3,27.6,0.7353,1
NShelbyRd(blue)_SHB_12.11.2025_LS,SHB,1322,1636,27.27,523.6,289.3,27.7,27.6,0.7319,1
NShelbyRd(blue)_SHB_12.11.2025_LS,SHB,1322,1637,27.29,515.7,289.7,27.2,27.5,0.6909,1
NShelbyRd(blue)_SHB_12.11.2025_LS,SHB,1322,1638,27.31,508.0,291.0,27.5,27.6,0.6953,1
NShelbyRd(blue)_SHB_12.11.2025_LS,SHB,1322,1639,27.32,500.4,290.5,26.7,27.0,0.7039,1
NShelbyRd(blue)_SHB_12.11.2025_LS,SHB,1322,1640,27.34,492.7,291.1,27.1,28.1,0.6835,1
NShelbyRd(blue)_SHB_12.11.2025_LS,SHB,1322,1641,27.36,484.3,292.2,26.7,27.9,0.6592,1
NShelbyRd(blue)_SHB_12.11.2025_LS,SHB,1322,1642,27.37,476.5,292.7,26.6,28.3,0.6718,1
NShelbyRd(blue)_SHB_12.11.2025_LS,SHB,1322,1643,27.39,468.5,293.1,26.9,28.0,0.6473,1
NShelbyRd(blue)_SHB_12.11.2025_LS,SHB,1322,1644,27.41,460.4,293.4,28.2,28.4,0.5752,1
NShelbyRd(blue)_SHB_12.11.2025_LS,SHB,1322,1645,27.42,451.8,293.5,27.7,27.8,0.7315,1
NShelbyRd(blue)_SHB_12.11.2025_LS,SHB,1322,1646,27.44,443.9,293.7,27.9,27.4,0.5956,1
NShelbyRd(blue)_SHB_12.11.2025_LS,SHB,1323,1628,27.14,472.1,288.3,37.8,30.0,0.5168,1
NShelbyRd(blue)_SHB_12.11.2025_LS,SHB,1323,1629,27.16,465.2,289.1,37.4,30.2,0.5937,1
NShelbyRd(blue)_SHB_12.11.2025_LS,SHB,1323,1630,27.17,457.6,290.0,40.7,31.9,0.4997,1
NShelbyRd(blue)_SHB_12.11.2025_LS,SHB,1323,1631,27.19,450.0,291.4,41.9,32.8,0.4346,1
NShelbyRd(blue)_SHB_12.11.2025_LS,SHB,1323,1632,27.21,442.8,292.5,43.9,34.6,0.5179,1
NShelbyRd(blue)_SHB_12.11.2025_LS,SHB,1323,1633,27.22,435.7,295.1,42.7,34.9,0.6594,1
NShelbyRd(blue)_SHB_12.11.2025_LS,SHB,1323,1634,27.24,428.6,295.8,43.2,34.8,0.3722,1
NShelbyRd(blue)_SHB_12.11.2025_LS,SHB,1323,1635,27.26,421.0,296.3,43.6,33.9,0.5884,1
NShelbyRd(blue)_SHB_12.11.2025_LS,SHB,1323,1636,27.27,414.0,298.1,41.5,30.1,0.4368,1
NShelbyRd(blue)_SHB_12.11.2025_LS,SHB,1323,1637,27.29,406.2,298.7,43.3,31.0,0.4652,1
NShelbyRd(blue)_SHB_12.11.2025_LS,SHB,1323,1638,27.31,397.2,299.6,44.2,32.4,0.3682,1
NShelbyRd(blue)_SHB_12.11.2025_LS,SHB,1323,1639,27.32,390.4,299.1,44.9,32.6,0.309,1
NShelbyRd(blue)_SHB_12.11.2025_LS,SHB,1323,1640,27.34,382.6,299.8,45.7,32.8,0.5128,1
NShelbyRd(blue)_SHB_12.11.2025_LS,SHB,1323,1641,27.36,375.1,299.8,47.0,33.1,0.3275,1
NShelbyRd(blue)_SHB_12.11.2025_LS,SHB,1323,1642,27.37,367.6,300.5,47.6,32.4,0.5074,1
NShelbyRd(blue)_SHB_12.11.2025_LS,SHB,1323,1643,27.39,359.8,301.9,47.5,30.4,0.3898,1
NShelbyRd(blue)_SHB_12.11.2025_LS,SHB,1323,1646,27.44,336.2,302.8,45.2,30.4,0.2956,1
NShelbyRd(blue)_SHB_12.11.2025_LS,SHB,1323,1648,27.47,319.4,302.5,43.1,32.1,0.318,1
NShelbyRd(blue)_SHB_12.11.2025_LS,SHB,1323,1650,27.51,304.5,302.8,42.0,33.5,0.3102,1
NShelbyRd(blue)_SHB_12.11.2025_LS,SHB,1323,1651,27.52,297.0,304.3,41.0,31.9,0.4574,1
NShelbyRd(blue)_SHB_12.11.2025_LS,SHB,1323,1652,27.54,288.6,304.6,42.1,32.7,0.2754,1
NShelbyRd(blue)_SHB_12.11.2025_LS,SHB,1323,1653,27.56,278.7,306.8,42.5,31.5,0.6054,1
NShelbyRd(blue)_SHB_12.11.2025_LS,SHB,1323,1654,27.57,270.2,309.0,43.7,31.6,0.3266,1
NShelbyRd(blue)_SHB_12.11.2025_LS,SHB,1323,1655,27.59,261.5,308.0,45.1,31.7,0.3734,1
NShelbyRd(blue)_SHB_12.11.2025_LS,SHB,1323,1657,27.62,243.9,308.7,45.3,31.0,0.416,1
NShelbyRd(blue)_SHB_12.11.2025_LS,SHB,1323,1658,27.64,234.9,308.7,44.6,31.3,0.5386,1
NShelbyRd(blue)_SHB_12.11.2025_LS,SHB,1323,1659,27.66,226.9,307.5,43.6,31.0,0.4074,1
NShelbyRd(blue)_SHB_12.11.2025_LS,SHB,1323,1660,27.67,218.2,304.9,41.5,32.3,0.4081,1
NShelbyRd(blue)_SHB_12.11.2025_LS,SHB,1323,1661,27.69,209.3,302.3,41.5,31.6,0.5298,1
NShelbyRd(blue)_SHB_12.11.2025_LS,SHB,1323,1662,27.71,200.1,299.6,41.4,29.7,0.3974,1
NShelbyRd(blue)_SHB_12.11.2025_LS,SHB,1323,1663,27.72,190.2,295.9,40.3,31.7,0.633,1
NShelbyRd(blue)_SHB_12.11.2025_LS,SHB,1323,1664,27.74,181.1,294.3,40.4,32.2,0.5066,1
NShelbyRd(blue)_SHB_12.11.2025_LS,SHB,1323,1665,27.76,173.1,293.4,40.9,30.2,0.4919,1
NShelbyRd(blue)_SHB_12.11.2025_LS,SHB,1323,1666,27.77,163.5,291.6,42.1,29.8,0.4857,1
NShelbyRd(blue)_SHB_12.11.2025_LS,SHB,1323,1667,27.79,153.2,289.1,40.9,30.4,0.4656,1
NShelbyRd(blue)_SHB_12.11.2025_LS,SHB,1323,1668,27.81,143.3,288.9,39.2,28.9,0.6331,1
NShelbyRd(blue)_SHB_12.11.2025_LS,SHB,1323,1669,27.82,133.1,288.1,38.6,27.8,0.501,1
NShelbyRd(blue)_SHB_12.11.2025_LS,SHB,1323,1670,27.84,123.9,287.8,36.5,27.4,0.2615,1
NShelbyRd(blue)_SHB_12.11.2025_LS,SHB,1323,1671,27.86,114.5,287.7,35.9,27.7,0.4601,1
NShelbyRd(blue)_SHB_12.11.2025_LS,SHB,1323,1673,27.89,96.0,288.4,34.9,27.4,0.2636,1
NShelbyRd(blue)_SHB_12.11.2025_LS,SHB,1323,1674,27.91,85.2,288.4,31.8,25.1,0.3494,1
NShelbyRd(blue)_SHB_12.11.2025_LS,SHB,1323,1675,27.92,74.5,288.5,29.7,23.3,0.3018,1
NShelbyRd(blue)_SHB_12.11.2025_LS,SHB,1323,1678,27.97,44.5,287.1,27.8,24.3,0.5451,1
NShelbyRd(blue)_SHB_12.11.2025_LS,SHB,1323,1679,27.99,35.7,286.0,26.8,23.6,0.3862,1
NShelbyRd(blue)_SHB_12.11.2025_LS,SHB,1323,1680,28.01,24.8,284.6,24.0,21.4,0.6497,1
NShelbyRd(blue)_SHB_12.11.2025_LS,SHB,1323,1681,28.02,15.0,282.2,25.0,18.8,0.4862,1
NShelbyRd(blue)_SHB_12.11.2025_LS,SHB,1329,1635,27.26,623.7,281.7,22.4,19.8,0.6232,1
NShelbyRd(blue)_SHB_12.11.2025_LS,SHB,1329,1636,27.27,616.1,283.2,23.5,20.3,0.6703,1
NShelbyRd(blue)_SHB_12.11.2025_LS,SHB,1329,1637,27.29,608.9,283.3,24.4,20.8,0.7224,1
NShelbyRd(blue)_SHB_12.11.2025_LS,SHB,1329,1638,27.31,601.3,284.6,25.8,22.1,0.7089,1
NShelbyRd(blue)_SHB_12.11.2025_LS,SHB,1329,1639,27.32,593.2,283.8,26.3,22.6,0.701,1
NShelbyRd(blue)_SHB_12.11.2025_LS,SHB,1329,1640,27.34,585.0,284.7,26.7,22.8,0.7262,1
NShelbyRd(blue)_SHB_12.11.2025_LS,SHB,1329,1641,27.36,577.2,285.3,27.3,23.1,0.7049,1
NShelbyRd(blue)_SHB_12.11.2025_LS,SHB,1329,1642,27.37,569.8,285.1,26.9,23.1,0.7185,1
NShelbyRd(blue)_SHB_12.11.2025_LS,SHB,1329,1643,27.39,562.1,285.7,28.5,23.8,0.752,1
NShelbyRd(blue)_SHB_12.11.2025_LS,SHB,1329,1644,27.41,554.6,285.8,28.6,24.1,0.7463,1
NShelbyRd(blue)_SHB_12.11.2025_LS,SHB,1329,1645,27.42,546.5,286.2,29.4,24.4,0.7587,1
NShelbyRd(blue)_SHB_12.11.2025_LS,SHB,1329,1646,27.44,538.6,286.5,30.1,24.5,0.7584,1
NShelbyRd(blue)_SHB_12.11.2025_LS,SHB,1329,1647,27.46,529.8,287.0,29.8,24.7,0.7332,1
NShelbyRd(blue)_SHB_12.11.2025_LS,SHB,1329,1648,27.47,521.3,287.9,30.5,25.1,0.7249,1
NShelbyRd(blue)_SHB_12.11.2025_LS,SHB,1329,1649,27.49,512.9,288.4,29.9,24.6,0.7312,1
NShelbyRd(blue)_SHB_12.11.2025_LS,SHB,1329,1650,27.51,505.7,287.7,31.0,24.9,0.7043,1
NShelbyRd(blue)_SHB_12.11.2025_LS,SHB,1329,1651,27.52,496.7,289.5,28.9,24.5,0.7435,1
NShelbyRd(blue)_SHB_12.11.2025_LS,SHB,1329,1652,27.54,488.5,290.0,29.9,24.6,0.7467,1
NShelbyRd(blue)_SHB_12.11.2025_LS,SHB,1329,1653,27.56,479.8,293.0,31.5,26.1,0.7036,1
NShelbyRd(blue)_SHB_12.11.2025_LS,SHB,1329,1654,27.57,470.9,295.1,31.6,26.1,0.7633,1
NShelbyRd(blue)_SHB_12.11.2025_LS,SHB,1329,1655,27.59,461.7,294.5,30.8,25.4,0.7421,1
NShelbyRd(blue)_SHB_12.11.2025_LS,SHB,1329,1656,27.61,452.4,295.3,29.8,25.4,0.7432,1
NShelbyRd(blue)_SHB_12.11.2025_LS,SHB,1329,1657,27.62,444.2,294.9,31.4,25.8,0.7587,1
NShelbyRd(blue)_SHB_12.11.2025_LS,SHB,1329,1658,27.64,435.1,294.0,31.1,26.5,0.7019,1
NShelbyRd(blue)_SHB_12.11.2025_LS,SHB,1329,1659,27.66,426.2,291.9,30.4,26.1,0.6995,1
NShelbyRd(blue)_SHB_12.11.2025_LS,SHB,1329,1660,27.67,416.6,289.3,30.1,25.8,0.681,1
NShelbyRd(blue)_SHB_12.11.2025_LS,SHB,1329,1661,27.69,407.7,287.7,30.3,25.6,0.7225,1
NShelbyRd(blue)_SHB_12.11.2025_LS,SHB,1329,1662,27.71,398.3,285.6,30.6,26.0,0.6805,1
NShelbyRd(blue)_SHB_12.11.2025_LS,SHB,1329,1663,27.72,389.1,283.5,30.3,26.4,0.7015,1
NShelbyRd(blue)_SHB_12.11.2025_LS,SHB,1329,1664,27.74,380.0,282.0,30.0,25.1,0.6111,1
NShelbyRd(blue)_SHB_12.11.2025_LS,SHB,1329,1665,27.76,370.2,280.7,28.9,24.6,0.6768,1
NShelbyRd(blue)_SHB_12.11.2025_LS,SHB,1329,1666,27.77,361.0,279.3,29.6,24.6,0.6465,1
NShelbyRd(blue)_SHB_12.11.2025_LS,SHB,1329,1667,27.79,351.0,277.0,29.8,24.7,0.7013,1
NShelbyRd(blue)_SHB_12.11.2025_LS,SHB,1329,1668,27.81,341.2,277.2,29.9,23.8,0.6106,1
NShelbyRd(blue)_SHB_12.11.2025_LS,SHB,1329,1669,27.82,331.7,276.3,29.4,24.4,0.6606,1
NShelbyRd(blue)_SHB_12.11.2025_LS,SHB,1329,1670,27.84,322.5,275.5,29.1,23.9,0.6577,1
NShelbyRd(blue)_SHB_12.11.2025_LS,SHB,1329,1671,27.86,312.4,274.9,28.9,24.5,0.6531,1
NShelbyRd(blue)_SHB_12.11.2025_LS,SHB,1329,1672,27.87,303.1,275.1,28.9,25.0,0.7001,1
NShelbyRd(blue)_SHB_12.11.2025_LS,SHB,1329,1673,27.89,293.4,275.0,29.1,24.9,0.7194,1
NShelbyRd(blue)_SHB_12.11.2025_LS,SHB,1329,1674,27.91,284.1,274.8,28.9,24.7,0.7425,1
NShelbyRd(blue)_SHB_12.11.2025_LS,SHB,1329,1675,27.92,273.8,274.7,29.4,24.9,0.6956,1
NShelbyRd(blue)_SHB_12.11.2025_LS,SHB,1329,1676,27.94,264.4,274.2,28.9,24.9,0.7267,1
NShelbyRd(blue)_SHB_12.11.2025_LS,SHB,1329,1677,27.96,255.0,274.1,29.0,25.1,0.7456,1
NShelbyRd(blue)_SHB_12.11.2025_LS,SHB,1329,1678,27.97,245.5,272.6,29.8,25.7,0.7005,1
NShelbyRd(blue)_SHB_12.11.2025_LS,SHB,1329,1679,27.99,236.0,271.6,29.3,25.7,0.6464,1
NShelbyRd(blue)_SHB_12.11.2025_LS,SHB,1329,1680,28.01,226.2,271.4,27.6,23.6,0.6967,1
NShelbyRd(blue)_SHB_12.11.2025_LS,SHB,1329,1681,28.02,216.3,269.5,27.6,24.3,0.6946,1
NShelbyRd(blue)_SHB_12.11.2025_LS,SHB,1329,1682,28.04,206.4,268.6,28.6,25.0,0.6793,1
NShelbyRd(blue)_SHB_12.11.2025_LS,SHB,1329,1683,28.06,196.4,267.2,31.3,25.4,0.6627,1
NShelbyRd(blue)_SHB_12.11.2025_LS,SHB,1329,1684,28.07,186.7,266.8,30.3,24.6,0.678,1
NShelbyRd(blue)_SHB_12.11.2025_LS,SHB,1329,1685,28.09,176.7,265.4,30.9,25.3,0.6689,1
NShelbyRd(blue)_SHB_12.11.2025_LS,SHB,1329,1686,28.11,167.5,265.7,30.5,26.0,0.6891,1
NShelbyRd(blue)_SHB_12.11.2025_LS,SHB,1329,1687,28.12,158.0,265.4,31.3,26.5,0.6758,1
NShelbyRd(blue)_SHB_12.11.2025_LS,SHB,1329,1688,28.14,149.0,265.1,31.5,25.9,0.7226,1
NShelbyRd(blue)_SHB_12.11.2025_LS,SHB,1329,1689,28.16,138.7,265.3,30.7,25.1,0.7125,1
NShelbyRd(blue)_SHB_12.11.2025_LS,SHB,1329,1690,28.17,129.3,265.5,30.9,24.6,0.7181,1
NShelbyRd(blue)_SHB_12.11.2025_LS,SHB,1329,1691,28.19,118.4,265.6,31.0,24.6,0.7158,1
NShelbyRd(blue)_SHB_12.11.2025_LS,SHB,1329,1692,28.21,107.5,263.7,30.4,24.4,0.6789,1
NShelbyRd(blue)_SHB_12.11.2025_LS,SHB,1329,1693,28.22,96.6,264.4,29.0,24.1,0.728,1
NShelbyRd(blue)_SHB_12.11.2025_LS,SHB,1329,1694,28.24,86.8,263.4,29.1,24.5,0.704,1
NShelbyRd(blue)_SHB_12.11.2025_LS,SHB,1329,1695,28.26,76.1,263.6,29.0,23.2,0.68,1
NShelbyRd(blue)_SHB_12.11.2025_LS,SHB,1329,1696,28.27,65.0,264.6,28.3,22.6,0.616,1
NShelbyRd(blue)_SHB_12.11.2025_LS,SHB,1329,1697,28.29,53.4,263.4,27.6,22.9,0.6642,1
NShelbyRd(blue)_SHB_12.11.2025_LS,SHB,1329,1698,28.31,41.6,261.1,29.0,23.7,0.6449,1
NShelbyRd(blue)_SHB_12.11.2025_LS,SHB,1329,1699,28.32,29.9,260.7,29.3,22.8,0.6695,1
NShelbyRd(blue)_SHB_12.11.2025_LS,SHB,1329,1700,28.34,19.5,258.6,30.1,23.3,0.6453,1
NShelbyRd(blue)_SHB_12.11.2025_LS,SHB,1331,1647,27.46,623.4,284.0,28.8,31.8,0.7356,1
NShelbyRd(blue)_SHB_12.11.2025_LS,SHB,1331,1648,27.47,616.0,285.2,33.3,31.7,0.7702,1
NShelbyRd(blue)_SHB_12.11.2025_LS,SHB,1331,1649,27.49,607.7,285.9,34.9,32.7,0.7874,1
NShelbyRd(blue)_SHB_12.11.2025_LS,SHB,1331,1650,27.51,599.6,284.7,35.6,33.0,0.8156,1
NShelbyRd(blue)_SHB_12.11.2025_LS,SHB,1331,1651,27.52,590.7,286.4,35.2,31.6,0.8193,1
NShelbyRd(blue)_SHB_12.11.2025_LS,SHB,1331,1652,27.54,581.4,286.6,36.8,31.7,0.7699,1
NShelbyRd(blue)_SHB_12.11.2025_LS,SHB,1331,1653,27.56,573.6,289.8,36.6,31.6,0.8041,1
NShelbyRd(blue)_SHB_12.11.2025_LS,SHB,1331,1654,27.57,565.4,292.1,35.8,31.0,0.7283,1
NShelbyRd(blue)_SHB_12.11.2025_LS,SHB,1331,1655,27.59,555.6,291.6,35.3,30.8,0.7418,1
NShelbyRd(blue)_SHB_12.11.2025_LS,SHB,1331,1656,27.61,545.8,292.4,35.2,30.0,0.7247,1
NShelbyRd(blue)_SHB_12.11.2025_LS,SHB,1331,1657,27.62,536.4,290.0,35.2,27.7,0.7399,1
NShelbyRd(blue)_SHB_12.11.2025_LS,SHB,1331,1658,27.64,526.7,288.9,35.6,26.7,0.7345,1
NShelbyRd(blue)_SHB_12.11.2025_LS,SHB,1331,1659,27.66,517.3,287.5,36.4,26.7,0.6918,1
NShelbyRd(blue)_SHB_12.11.2025_LS,SHB,1331,1660,27.67,508.6,284.2,34.4,26.3,0.6769,1
NShelbyRd(blue)_SHB_12.11.2025_LS,SHB,1331,1661,27.69,498.9,282.7,34.9,27.7,0.6779,1
NShelbyRd(blue)_SHB_12.11.2025_LS,SHB,1331,1662,27.71,490.3,280.9,35.4,28.2,0.6179,1
NShelbyRd(blue)_SHB_12.11.2025_LS,SHB,1331,1663,27.72,482.2,277.8,34.7,30.2,0.4983,1
NShelbyRd(blue)_SHB_12.11.2025_LS,SHB,1331,1664,27.74,473.6,276.4,35.4,29.5,0.6738,1
NShelbyRd(blue)_SHB_12.11.2025_LS,SHB,1331,1665,27.76,462.1,274.9,37.0,28.5,0.4371,1
NShelbyRd(blue)_SHB_12.11.2025_LS,SHB,1331,1666,27.77,453.6,272.6,32.7,27.8,0.6954,1
NShelbyRd(blue)_SHB_12.11.2025_LS,SHB,1331,1667,27.79,444.7,269.8,32.1,27.4,0.5536,1
NShelbyRd(blue)_SHB_12.11.2025_LS,SHB,1331,1668,27.81,435.3,269.6,34.8,28.9,0.5633,1
NShelbyRd(blue)_SHB_12.11.2025_LS,SHB,1331,1669,27.82,425.2,270.6,34.5,29.7,0.5234,1
NShelbyRd(blue)_SHB_12.11.2025_LS,SHB,1331,1670,27.84,414.6,270.0,35.2,29.3,0.4793,1
NShelbyRd(blue)_SHB_12.11.2025_LS,SHB,1331,1671,27.86,403.8,269.6,35.0,27.9,0.4241,1
NShelbyRd(blue)_SHB_12.11.2025_LS,SHB,1331,1672,27.87,393.5,270.2,35.3,27.6,0.6218,1
NShelbyRd(blue)_SHB_12.11.2025_LS,SHB,1331,1673,27.89,383.5,270.4,36.4,28.5,0.3965,1
NShelbyRd(blue)_SHB_12.11.2025_LS,SHB,1331,1674,27.91,372.5,271.8,37.3,30.6,0.7246,1
NShelbyRd(blue)_SHB_12.11.2025_LS,SHB,1331,1675,27.92,362.2,270.7,36.4,28.9,0.6916,1
NShelbyRd(blue)_SHB_12.11.2025_LS,SHB,1331,1676,27.94,352.2,270.5,37.6,27.8,0.4011,1
NShelbyRd(blue)_SHB_12.11.2025_LS,SHB,1331,1677,27.96,342.2,270.6,36.8,28.2,0.3294,1
NShelbyRd(blue)_SHB_12.11.2025_LS,SHB,1331,1679,27.99,322.6,268.1,36.2,26.5,0.4635,1
NShelbyRd(blue)_SHB_12.11.2025_LS,SHB,1331,1683,28.06,276.2,264.6,34.7,25.1,0.3391,1
NShelbyRd(blue)_SHB_12.11.2025_LS,SHB,1331,1688,28.14,230.1,261.3,42.1,28.0,0.4515,1
NShelbyRd(blue)_SHB_12.11.2025_LS,SHB,1331,1691,28.19,209.4,259.7,35.1,31.0,0.4702,1
NShelbyRd(blue)_SHB_12.11.2025_LS,SHB,1332,1648,27.47,472.6,293.8,25.5,20.7,0.5339,1
NShelbyRd(blue)_SHB_12.11.2025_LS,SHB,1332,1649,27.49,463.6,293.8,25.8,21.1,0.6311,1
NShelbyRd(blue)_SHB_12.11.2025_LS,SHB,1332,1650,27.51,456.4,293.0,27.4,20.8,0.587,1
NShelbyRd(blue)_SHB_12.11.2025_LS,SHB,1332,1651,27.52,447.6,294.7,27.8,21.4,0.5073,1
NShelbyRd(blue)_SHB_12.11.2025_LS,SHB,1332,1652,27.54,438.8,294.7,29.3,22.2,0.5618,1
NShelbyRd(blue)_SHB_12.11.2025_LS,SHB,1332,1653,27.56,430.5,297.4,30.9,23.7,0.6416,1
NShelbyRd(blue)_SHB_12.11.2025_LS,SHB,1332,1654,27.57,420.9,299.6,32.9,23.9,0.4712,1
NShelbyRd(blue)_SHB_12.11.2025_LS,SHB,1332,1655,27.59,411.9,299.2,31.0,23.7,0.4042,1
NShelbyRd(blue)_SHB_12.11.2025_LS,SHB,1332,1656,27.61,403.5,299.1,31.0,23.9,0.3856,1
NShelbyRd(blue)_SHB_12.11.2025_LS,SHB,1332,1657,27.62,394.3,298.6,30.0,23.6,0.393,1
NShelbyRd(blue)_SHB_12.11.2025_LS,SHB,1332,1658,27.64,384.6,298.6,28.9,23.5,0.4057,1
NShelbyRd(blue)_SHB_12.11.2025_LS,SHB,1332,1659,27.66,376.6,298.2,28.3,23.0,0.4548,1
NShelbyRd(blue)_SHB_12.11.2025_LS,SHB,1332,1660,27.67,366.9,294.8,27.5,23.7,0.55,1
NShelbyRd(blue)_SHB_12.11.2025_LS,SHB,1332,1661,27.69,357.8,292.3,27.2,23.0,0.6231,1
NShelbyRd(blue)_SHB_12.11.2025_LS,SHB,1332,1662,27.71,349.5,290.6,28.2,23.0,0.5026,1
NShelbyRd(blue)_SHB_12.11.2025_LS,SHB,1332,1663,27.72,339.7,287.4,26.3,24.2,0.6354,1
NShelbyRd(blue)_SHB_12.11.2025_LS,SHB,1332,1664,27.74,330.2,285.8,26.1,24.1,0.5875,1
NShelbyRd(blue)_SHB_12.11.2025_LS,SHB,1332,1665,27.76,321.1,283.7,26.8,22.5,0.6151,1
NShelbyRd(blue)_SHB_12.11.2025_LS,SHB,1332,1666,27.77,312.2,282.2,27.9,23.0,0.5974,1
NShelbyRd(blue)_SHB_12.11.2025_LS,SHB,1332,1667,27.79,302.8,280.7,27.8,23.3,0.5843,1
NShelbyRd(blue)_SHB_12.11.2025_LS,SHB,1332,1668,27.81,294.1,280.7,28.9,22.9,0.5203,1
NShelbyRd(blue)_SHB_12.11.2025_LS,SHB,1332,1669,27.82,283.8,280.4,27.9,22.5,0.2861,1
NShelbyRd(blue)_SHB_12.11.2025_LS,SHB,1332,1670,27.84,274.2,279.6,26.4,21.7,0.5657,1
NShelbyRd(blue)_SHB_12.11.2025_LS,SHB,1332,1671,27.86,265.5,278.8,27.0,22.8,0.6675,1
NShelbyRd(blue)_SHB_12.11.2025_LS,SHB,1332,1672,27.87,255.8,278.8,27.1,23.2,0.6124,1
NShelbyRd(blue)_SHB_12.11.2025_LS,SHB,1332,1673,27.89,246.1,279.3,28.7,23.7,0.4752,1
NShelbyRd(blue)_SHB_12.11.2025_LS,SHB,1332,1674,27.91,235.9,279.9,28.2,24.0,0.3853,1
NShelbyRd(blue)_SHB_12.11.2025_LS,SHB,1332,1675,27.92,225.7,279.7,28.1,23.0,0.3668,1
NShelbyRd(blue)_SHB_12.11.2025_LS,SHB,1332,1676,27.94,216.5,278.8,28.0,23.8,0.558,1
NShelbyRd(blue)_SHB_12.11.2025_LS,SHB,1332,1677,27.96,206.7,278.1,28.4,24.3,0.5513,1
NShelbyRd(blue)_SHB_12.11.2025_LS,SHB,1332,1678,27.97,197.0,277.1,27.9,23.3,0.3787,1
NShelbyRd(blue)_SHB_12.11.2025_LS,SHB,1332,1679,27.99,187.3,276.5,26.8,22.3,0.4916,1
NShelbyRd(blue)_SHB_12.11.2025_LS,SHB,1332,1680,28.01,177.2,276.3,24.7,20.9,0.2554,1
NShelbyRd(blue)_SHB_12.11.2025_LS,SHB,1332,1681,28.02,168.4,274.5,26.5,22.6,0.5357,1
NShelbyRd(blue)_SHB_12.11.2025_LS,SHB,1332,1682,28.04,158.5,273.4,28.0,23.7,0.4673,1
NShelbyRd(blue)_SHB_12.11.2025_LS,SHB,1332,1683,28.06,149.0,271.1,30.9,23.4,0.3627,1
NShelbyRd(blue)_SHB_12.11.2025_LS,SHB,1332,1684,28.07,139.7,271.9,30.4,22.9,0.4391,1
NShelbyRd(blue)_SHB_12.11.2025_LS,SHB,1332,1685,28.09,129.4,270.9,29.7,22.7,0.5594,1
NShelbyRd(blue)_SHB_12.11.2025_LS,SHB,1332,1686,28.11,119.7,270.7,28.7,23.1,0.5828,1
NShelbyRd(blue)_SHB_12.11.2025_LS,SHB,1332,1687,28.12,109.7,270.4,28.1,22.4,0.4665,1
NShelbyRd(blue)_SHB_12.11.2025_LS,SHB,1332,1688,28.14,100.7,270.4,29.5,22.9,0.4623,1
NShelbyRd(blue)_SHB_12.11.2025_LS,SHB,1332,1689,28.16,89.9,270.5,27.4,22.1,0.5776,1
NShelbyRd(blue)_SHB_12.11.2025_LS,SHB,1332,1690,28.17,80.1,270.2,27.6,22.7,0.5256,1
NShelbyRd(blue)_SHB_12.11.2025_LS,SHB,1332,1691,28.19,69.4,270.4,28.0,22.4,0.5655,1
NShelbyRd(blue)_SHB_12.11.2025_LS,SHB,1332,1692,28.21,59.2,268.6,28.4,23.0,0.5815,1
NShelbyRd(blue)_SHB_12.11.2025_LS,SHB,1332,1693,28.22,48.7,270.2,28.9,23.2,0.5696,1
NShelbyRd(blue)_SHB_12.11.2025_LS,SHB,1332,1694,28.24,37.7,269.0,27.9,21.8,0.5496,1
NShelbyRd(blue)_SHB_12.11.2025_LS,SHB,1332,1695,28.26,27.8,269.2,29.1,22.1,0.4326,1
NShelbyRd(blue)_SHB_12.11.2025_LS,SHB,1332,1696,28.27,16.6,270.1,29.3,23.1,0.5782,1
NShelbyRd(blue)_SHB_12.11.2025_LS,SHB,1333,1662,27.71,307.6,291.6,29.2,27.6,0.5022,1
NShelbyRd(blue)_SHB_12.11.2025_LS,SHB,1333,1663,27.72,297.8,288.3,29.1,31.3,0.554,1
NShelbyRd(blue)_SHB_12.11.2025_LS,SHB,1333,1664,27.74,288.5,286.2,28.6,30.4,0.7106,1
NShelbyRd(blue)_SHB_12.11.2025_LS,SHB,1333,1665,27.76,279.9,284.0,27.6,29.1,0.6909,1
NShelbyRd(blue)_SHB_12.11.2025_LS,SHB,1333,1666,27.77,270.4,282.8,28.6,28.0,0.6676,1
NShelbyRd(blue)_SHB_12.11.2025_LS,SHB,1333,1667,27.79,261.3,281.2,29.4,28.3,0.3724,1
NShelbyRd(blue)_SHB_12.11.2025_LS,SHB,1333,1668,27.81,252.5,281.4,29.6,28.9,0.3895,1
NShelbyRd(blue)_SHB_12.11.2025_LS,SHB,1333,1670,27.84,234.4,280.0,29.0,28.7,0.4469,1
NShelbyRd(blue)_SHB_12.11.2025_LS,SHB,1333,1671,27.86,225.1,279.8,28.6,28.7,0.4879,1
NShelbyRd(blue)_SHB_12.11.2025_LS,SHB,1333,1672,27.87,215.4,279.8,29.4,29.2,0.4525,1
NShelbyRd(blue)_SHB_12.11.2025_LS,SHB,1333,1673,27.89,206.5,279.9,28.6,28.8,0.4609,1
NShelbyRd(blue)_SHB_12.11.2025_LS,SHB,1333,1674,27.91,197.2,280.1,30.7,28.7,0.5431,1
NShelbyRd(blue)_SHB_12.11.2025_LS,SHB,1333,1675,27.92,186.9,279.7,29.6,28.4,0.5064,1
NShelbyRd(blue)_SHB_12.11.2025_LS,SHB,1333,1676,27.94,177.2,278.9,30.3,29.1,0.5941,1
NShelbyRd(blue)_SHB_12.11.2025_LS,SHB,1333,1677,27.96,167.6,278.8,30.1,29.0,0.4128,1
NShelbyRd(blue)_SHB_12.11.2025_LS,SHB,1333,1678,27.97,158.5,276.9,30.6,29.4,0.6381,1
NShelbyRd(blue)_SHB_12.11.2025_LS,SHB,1333,1679,27.99,149.3,276.8,30.3,29.5,0.6464,1
NShelbyRd(blue)_SHB_12.11.2025_LS,SHB,1333,1680,28.01,139.7,276.6,29.3,29.1,0.5952,1
NShelbyRd(blue)_SHB_12.11.2025_LS,SHB,1333,1681,28.02,130.6,275.7,29.3,28.8,0.6226,1
NShelbyRd(blue)_SHB_12.11.2025_LS,SHB,1333,1682,28.04,120.8,274.5,29.0,28.3,0.6983,1
NShelbyRd(blue)_SHB_12.11.2025_LS,SHB,1333,1683,28.06,111.2,272.6,30.5,28.9,0.555,1
NShelbyRd(blue)_SHB_12.11.2025_LS,SHB,1333,1684,28.07,101.6,272.4,31.6,29.8,0.6771,1
NShelbyRd(blue)_SHB_12.11.2025_LS,SHB,1333,1685,28.09,91.5,271.3,31.6,30.3,0.607,1
NShelbyRd(blue)_SHB_12.11.2025_LS,SHB,1333,1686,28.11,82.0,271.3,31.7,29.8,0.6043,1
NShelbyRd(blue)_SHB_12.11.2025_LS,SHB,1333,1687,28.12,72.8,270.5,32.8,28.7,0.6072,1
NShelbyRd(blue)_SHB_12.11.2025_LS,SHB,1333,1688,28.14,64.3,270.6,32.1,27.8,0.6317,1
NShelbyRd(blue)_SHB_12.11.2025_LS,SHB,1333,1689,28.16,53.8,270.5,31.8,28.1,0.6938,1
NShelbyRd(blue)_SHB_12.11.2025_LS,SHB,1333,1690,28.17,43.5,270.7,31.2,28.6,0.6891,1
NShelbyRd(blue)_SHB_12.11.2025_LS,SHB,1333,1691,28.19,33.7,271.4,32.4,27.7,0.6387,1
NShelbyRd(blue)_SHB_12.11.2025_LS,SHB,1333,1692,28.21,22.7,269.8,32.6,28.7,0.6362,1
NShelbyRd(blue)_SHB_12.11.2025_LS,SHB,1333,1693,28.22,14.3,270.4,28.6,29.1,0.702,1
NShelbyRd(blue)_SHB_12.11.2025_LS,SHB,1335,1676,27.94,138.5,283.6,26.4,21.3,0.4216,0
NShelbyRd(blue)_SHB_12.11.2025_LS,SHB,1335,1677,27.96,127.3,283.1,25.4,19.5,0.3337,0
NShelbyRd(blue)_SHB_12.11.2025_LS,SHB,1335,1678,27.97,117.8,282.4,25.8,22.6,0.3057,0
NShelbyRd(blue)_SHB_12.11.2025_LS,SHB,1335,1679,27.99,108.2,281.5,26.1,23.3,0.5298,0
NShelbyRd(blue)_SHB_12.11.2025_LS,SHB,1335,1681,28.02,89.2,279.4,25.9,22.3,0.4224,0
NShelbyRd(blue)_SHB_12.11.2025_LS,SHB,1335,1682,28.04,79.9,278.8,26.2,22.3,0.5016,0
NShelbyRd(blue)_SHB_12.11.2025_LS,SHB,1335,1683,28.06,70.4,277.1,26.7,21.7,0.4949,0
NShelbyRd(blue)_SHB_12.11.2025_LS,SHB,1335,1684,28.07,60.1,276.3,27.0,20.7,0.5202,0
NShelbyRd(blue)_SHB_12.11.2025_LS,SHB,1335,1685,28.09,51.0,275.3,27.3,22.3,0.6039,0
NShelbyRd(blue)_SHB_12.11.2025_LS,SHB,1335,1686,28.11,41.2,275.1,27.8,21.0,0.5759,0
NShelbyRd(blue)_SHB_12.11.2025_LS,SHB,1335,1687,28.12,31.9,274.9,28.1,21.7,0.5177,0
NShelbyRd(blue)_SHB_12.11.2025_LS,SHB,1335,1688,28.14,23.4,274.9,28.0,21.4,0.4855,0
NShelbyRd(blue)_SHB_12.11.2025_LS,SHB,1335,1689,28.16,13.3,274.4,26.5,19.7,0.342,0
NShelbyRd(blue)_SHB_12.11.2025_LS,SHB,1338,1705,28.42,41.4,248.7,44.8,36.7,0.411,0
NShelbyRd(blue)_SHB_12.11.2025_LS,SHB,1338,1707,28.46,20.2,246.2,39.7,36.8,0.4736,0
NShelbyRd(blue)_SHB_12.11.2025_LS,SHB,1338,1708,28.47,13.8,244.2,27.6,35.8,0.3263,0
NShelbyRd(blue)_SHB_12.11.2025_LS,SHB,1359,2153,35.89,616.1,325.3,36.7,43.8,0.7517,1
NShelbyRd(blue)_SHB_12.11.2025_LS,SHB,1359,2154,35.91,610.1,321.5,37.2,38.8,0.69,1
NShelbyRd(blue)_SHB_12.11.2025_LS,SHB,1359,2155,35.93,602.9,320.5,39.8,36.0,0.6181,1
NShelbyRd(blue)_SHB_12.11.2025_LS,SHB,1359,2156,35.94,596.0,320.6,40.4,35.2,0.6505,1
NShelbyRd(blue)_SHB_12.11.2025_LS,SHB,1359,2157,35.96,588.3,318.7,41.1,37.1,0.6055,1
NShelbyRd(blue)_SHB_12.11.2025_LS,SHB,1359,2158,35.98,581.6,317.7,42.3,36.8,0.5738,1
NShelbyRd(blue)_SHB_12.11.2025_LS,SHB,1359,2159,35.99,576.3,318.2,41.3,34.1,0.7448,1
NShelbyRd(blue)_SHB_12.11.2025_LS,SHB,1359,2160,36.01,570.0,318.0,36.1,34.4,0.6425,1
NShelbyRd(blue)_SHB_12.11.2025_LS,SHB,1359,2162,36.04,554.1,315.9,33.6,35.2,0.5323,1
NShelbyRd(blue)_SHB_12.11.2025_LS,SHB,1359,2163,36.06,544.9,316.4,32.4,32.4,0.6202,1
NShelbyRd(blue)_SHB_12.11.2025_LS,SHB,1359,2164,36.08,538.3,317.3,33.4,32.3,0.5332,1
NShelbyRd(blue)_SHB_12.11.2025_LS,SHB,1359,2165,36.09,529.5,316.7,32.4,29.8,0.7096,1
NShelbyRd(blue)_SHB_12.11.2025_LS,SHB,1359,2166,36.11,522.0,317.0,31.9,29.9,0.4308,1
NShelbyRd(blue)_SHB_12.11.2025_LS,SHB,1359,2167,36.13,516.4,316.9,30.6,30.0,0.6447,1
NShelbyRd(blue)_SHB_12.11.2025_LS,SHB,1359,2168,36.14,509.7,316.8,29.9,30.8,0.7049,1
NShelbyRd(blue)_SHB_12.11.2025_LS,SHB,1359,2169,36.16,503.0,318.0,31.3,32.9,0.6996,1
NShelbyRd(blue)_SHB_12.11.2025_LS,SHB,1359,2170,36.18,497.3,319.2,35.0,34.2,0.6314,1
NShelbyRd(blue)_SHB_12.11.2025_LS,SHB,1359,2171,36.19,490.0,319.5,34.1,34.9,0.7502,1
NShelbyRd(blue)_SHB_12.11.2025_LS,SHB,1359,2172,36.21,483.9,320.8,33.9,34.2,0.734,1
NShelbyRd(blue)_SHB_12.11.2025_LS,SHB,1359,2173,36.23,476.8,320.7,33.1,36.0,0.7848,1
NShelbyRd(blue)_SHB_12.11.2025_LS,SHB,1359,2174,36.24,470.7,321.6,33.7,35.6,0.7641,1
NShelbyRd(blue)_SHB_12.11.2025_LS,SHB,1359,2175,36.26,463.5,321.1,32.1,37.1,0.7068,1
NShelbyRd(blue)_SHB_12.11.2025_LS,SHB,1359,2176,36.28,458.6,319.9,33.6,37.7,0.7354,1
NShelbyRd(blue)_SHB_12.11.2025_LS,SHB,1359,2177,36.29,453.3,318.1,30.6,29.0,0.5839,1
NShelbyRd(blue)_SHB_12.11.2025_LS,SHB,1359,2180,36.34,427.5,318.2,32.0,31.6,0.6175,1
NShelbyRd(blue)_SHB_12.11.2025_LS,SHB,1359,2181,36.36,420.9,319.9,30.9,36.1,0.6471,1
NShelbyRd(blue)_SHB_12.11.2025_LS,SHB,1359,2182,36.38,416.0,322.5,27.8,37.2,0.4882,1
NShelbyRd(blue)_SHB_12.11.2025_LS,SHB,1359,2183,36.39,411.3,321.1,26.3,34.5,0.427,1
NShelbyRd(blue)_SHB_12.11.2025_LS,SHB,1359,2187,36.46,378.0,323.3,31.6,28.9,0.6409,1
NShelbyRd(blue)_SHB_12.11.2025_LS,SHB,1359,2188,36.48,373.7,324.1,32.8,33.2,0.6179,1
NShelbyRd(blue)_SHB_12.11.2025_LS,SHB,1359,2195,36.59,327.2,327.1,29.4,29.9,0.332,1
NShelbyRd(blue)_SHB_12.11.2025_LS,SHB,1359,2196,36.61,323.2,328.7,27.8,30.7,0.4056,1
NShelbyRd(blue)_SHB_12.11.2025_LS,SHB,1359,2197,36.63,317.3,331.1,30.6,33.4,0.6044,1
NShelbyRd(blue)_SHB_12.11.2025_LS,SHB,1359,2198,36.64,309.8,331.3,30.9,33.2,0.4289,1
NShelbyRd(blue)_SHB_12.11.2025_LS,SHB,1359,2199,36.66,304.2,331.7,31.8,31.9,0.4953,1
NShelbyRd(blue)_SHB_12.11.2025_LS,SHB,1359,2200,36.68,299.4,334.1,31.6,31.4,0.6152,1
NShelbyRd(blue)_SHB_12.11.2025_LS,SHB,1359,2201,36.69,293.6,334.7,31.3,31.3,0.6119,1
NShelbyRd(blue)_SHB_12.11.2025_LS,SHB,1359,2202,36.71,288.6,335.7,32.9,33.0,0.5222,1
NShelbyRd(blue)_SHB_12.11.2025_LS,SHB,1359,2203,36.73,283.4,337.6,34.6,34.1,0.5251,1
NShelbyRd(blue)_SHB_12.11.2025_LS,SHB,1359,2204,36.74,277.0,338.4,31.1,36.6,0.6749,1
NShelbyRd(blue)_SHB_12.11.2025_LS,SHB,1359,2205,36.76,269.3,339.0,30.4,36.9,0.6456,1
NShelbyRd(blue)_SHB_12.11.2025_LS,SHB,1359,2206,36.78,265.7,340.5,25.4,35.0,0.596,1
NShelbyRd(blue)_SHB_12.11.2025_LS,SHB,1359,2210,36.84,241.6,337.2,23.4,22.9,0.6398,1
NShelbyRd(blue)_SHB_12.11.2025_LS,SHB,1370,2167,36.13,423.2,318.8,32.4,25.7,0.5465,1
NShelbyRd(blue)_SHB_12.11.2025_LS,SHB,1370,2168,36.14,419.3,319.2,30.7,27.6,0.4152,1
NShelbyRd(blue)_SHB_12.11.2025_LS,SHB,1370,2178,36.31,362.5,320.8,35.0,28.9,0.7176,1
NShelbyRd(blue)_SHB_12.11.2025_LS,SHB,1370,2179,36.33,357.8,320.9,33.9,28.1,0.5713,1
NShelbyRd(blue)_SHB_12.11.2025_LS,SHB,1370,2180,36.34,354.4,320.9,32.7,27.9,0.3454,1
NShelbyRd(blue)_SHB_12.11.2025_LS,SHB,1370,2187,36.46,311.9,325.6,34.7,26.1,0.4833,1
NShelbyRd(blue)_SHB_12.11.2025_LS,SHB,1370,2188,36.48,313.5,326.5,28.3,26.0,0.5099,1
NShelbyRd(blue)_SHB_12.11.2025_LS,SHB,1370,2190,36.51,309.9,328.1,30.8,28.0,0.5072,1
NShelbyRd(blue)_SHB_12.11.2025_LS,SHB,1370,2191,36.53,303.5,328.1,32.2,26.9,0.301,1
NShelbyRd(blue)_SHB_12.11.2025_LS,SHB,1370,2204,36.74,240.2,339.0,36.3,29.1,0.3144,1
NShelbyRd(blue)_SHB_12.11.2025_LS,SHB,1370,2205,36.76,233.2,340.2,36.0,27.6,0.4897,1
NShelbyRd(blue)_SHB_12.11.2025_LS,SHB,1370,2206,36.78,229.0,340.6,37.5,30.0,0.5623,1
NShelbyRd(blue)_SHB_12.11.2025_LS,SHB,1370,2207,36.79,221.7,341.1,30.7,28.8,0.5841,1
NShelbyRd(blue)_SHB_12.11.2025_LS,SHB,1370,2208,36.81,214.7,342.3,28.1,26.3,0.7336,1
NShelbyRd(blue)_SHB_12.11.2025_LS,SHB,1370,2209,36.83,209.0,342.5,27.0,23.5,0.6481,1
NShelbyRd(blue)_SHB_12.11.2025_LS,SHB,1370,2210,36.84,206.5,343.6,26.3,23.5,0.5921,1
NShelbyRd(blue)_SHB_12.11.2025_LS,SHB,1370,2211,36.86,201.7,341.4,22.5,24.8,0.4743,1
NShelbyRd(blue)_SHB_12.11.2025_LS,SHB,1370,2212,36.88,195.6,344.4,22.2,26.6,0.5721,1
NShelbyRd(blue)_SHB_12.11.2025_LS,SHB,1370,2213,36.89,186.6,343.8,24.7,25.6,0.6507,1
NShelbyRd(blue)_SHB_12.11.2025_LS,SHB,1370,2214,36.91,180.6,344.5,24.0,25.8,0.4464,1
NShelbyRd(blue)_SHB_12.11.2025_LS,SHB,1370,2215,36.93,175.9,345.2,24.9,27.3,0.6035,1
NShelbyRd(blue)_SHB_12.11.2025_LS,SHB,1370,2216,36.94,173.5,345.6,27.5,25.8,0.3615,1
NShelbyRd(blue)_SHB_12.11.2025_LS,SHB,1370,2217,36.96,170.4,346.0,27.6,23.7,0.565,1
NShelbyRd(blue)_SHB_12.11.2025_LS,SHB,1370,2218,36.98,167.0,346.6,28.0,22.3,0.6208,1
NShelbyRd(blue)_SHB_12.11.2025_LS,SHB,1370,2219,36.99,163.6,346.6,30.3,22.6,0.5792,1
NShelbyRd(blue)_SHB_12.11.2025_LS,SHB,1370,2220,37.01,158.6,348.7,27.8,21.6,0.6536,1
NShelbyRd(blue)_SHB_12.11.2025_LS,SHB,1370,2221,37.03,153.4,348.6,26.7,21.6,0.6286,1
NShelbyRd(blue)_SHB_12.11.2025_LS,SHB,1370,2229,37.16,114.2,351.8,28.5,22.7,0.4761,1
NShelbyRd(blue)_SHB_12.11.2025_LS,SHB,1370,2230,37.18,109.4,352.2,29.1,22.1,0.6201,1
NShelbyRd(blue)_SHB_12.11.2025_LS,SHB,1370,2231,37.19,107.6,352.2,28.6,20.7,0.6338,1
NShelbyRd(blue)_SHB_12.11.2025_LS,SHB,1370,2232,37.21,103.3,352.2,29.1,22.2,0.6333,1
NShelbyRd(blue)_SHB_12.11.2025_LS,SHB,1370,2233,37.23,99.1,351.6,29.4,22.0,0.681,1
NShelbyRd(blue)_SHB_12.11.2025_LS,SHB,1370,2234,37.24,95.8,350.3,28.4,22.2,0.6468,1
NShelbyRd(blue)_SHB_12.11.2025_LS,SHB,1370,2235,37.26,92.4,348.7,26.5,25.0,0.4023,1
NShelbyRd(blue)_SHB_12.11.2025_LS,SHB,1370,2237,37.29,89.9,349.5,26.6,28.9,0.5121,1
NShelbyRd(blue)_SHB_12.11.2025_LS,SHB,1370,2238,37.31,89.9,348.8,26.7,31.8,0.6034,1
NShelbyRd(blue)_SHB_12.11.2025_LS,SHB,1370,2239,37.33,86.7,350.1,28.2,32.4,0.6263,1
NShelbyRd(blue)_SHB_12.11.2025_LS,SHB,1370,2240,37.34,82.8,349.7,27.3,32.6,0.5987,1
NShelbyRd(blue)_SHB_12.11.2025_LS,SHB,1370,2241,37.36,83.9,349.9,25.6,32.7,0.4711,1
NShelbyRd(blue)_SHB_12.11.2025_LS,SHB,1370,2245,37.43,60.6,346.2,24.0,30.5,0.7555,1
NShelbyRd(blue)_SHB_12.11.2025_LS,SHB,1370,2246,37.44,56.3,346.4,22.1,30.6,0.5713,1
NShelbyRd(blue)_SHB_12.11.2025_LS,SHB,1370,2247,37.46,51.2,346.8,22.8,32.0,0.6662,1
NShelbyRd(blue)_SHB_12.11.2025_LS,SHB,1370,2248,37.48,47.5,347.1,22.2,31.6,0.7068,1
NShelbyRd(blue)_SHB_12.11.2025_LS,SHB,1370,2249,37.49,43.3,347.2,23.9,31.6,0.6403,1
NShelbyRd(blue)_SHB_12.11.2025_LS,SHB,1370,2250,37.51,39.5,347.8,25.6,32.0,0.5394,1
NShelbyRd(blue)_SHB_12.11.2025_LS,SHB,1370,2251,37.53,34.4,347.3,25.4,31.0,0.7295,1
NShelbyRd(blue)_SHB_12.11.2025_LS,SHB,1370,2252,37.54,30.0,347.8,26.7,30.7,0.6831,1
NShelbyRd(blue)_SHB_12.11.2025_LS,SHB,1370,2253,37.56,25.3,348.4,27.7,31.6,0.6436,1
NShelbyRd(blue)_SHB_12.11.2025_LS,SHB,1370,2254,37.58,20.0,349.1,26.5,32.3,0.4877,1
NShelbyRd(blue)_SHB_12.11.2025_LS,SHB,1370,2255,37.59,14.2,348.7,25.9,34.9,0.7014,1
NShelbyRd(blue)_SHB_12.11.2025_LS,SHB,1370,2256,37.61,11.9,349.0,23.7,35.6,0.5681,1
NShelbyRd(blue)_SHB_12.11.2025_LS,SHB,1384,2249,37.49,24.0,347.0,33.6,33.1,0.5614,0
NShelbyRd(blue)_SHB_12.11.2025_LS,SHB,1384,2250,37.51,18.8,346.8,32.4,28.7,0.4933,0
NShelbyRd(blue)_SHB_12.11.2025_LS,SHB,1384,2251,37.53,15.3,347.1,30.5,27.8,0.3492,0
NShelbyRd(blue)_SHB_12.11.2025_LS,SHB,1389,2300,38.34,316.0,286.2,40.2,22.8,0.549,0
NShelbyRd(blue)_SHB_12.11.2025_LS,SHB,1389,2301,38.36,313.4,285.9,38.0,21.9,0.5646,0
NShelbyRd(blue)_SHB_12.11.2025_LS,SHB,1389,2302,38.38,311.7,286.8,39.5,23.6,0.3949,0
NShelbyRd(blue)_SHB_12.11.2025_LS,SHB,1389,2303,38.39,308.4,284.7,40.0,24.1,0.5639,0
NShelbyRd(blue)_SHB_12.11.2025_LS,SHB,1389,2304,38.41,307.6,285.8,36.3,23.8,0.6334,0
NShelbyRd(blue)_SHB_12.11.2025_LS,SHB,1389,2305,38.43,304.5,285.2,35.5,23.0,0.5673,0
NShelbyRd(blue)_SHB_12.11.2025_LS,SHB,1389,2306,38.44,302.2,286.1,35.8,22.7,0.4978,0
NShelbyRd(blue)_SHB_12.11.2025_LS,SHB,1395,2458,40.98,14.4,248.7,26.3,25.2,0.5911,0
NShelbyRd(blue)_SHB_12.11.2025_LS,SHB,1395,2459,40.99,13.1,249.2,25.3,24.5,0.6861,0
NShelbyRd(blue)_SHB_12.11.2025_LS,SHB,1395,2460,41.01,11.7,249.6,22.7,22.4,0.4096,0
NShelbyRd(blue)_SHB_12.11.2025_LS,SHB,1405,3023,50.4,522.1,46.1,49.8,67.1,0.639,0
NShelbyRd(blue)_SHB_12.11.2025_LS,SHB,1405,3024,50.41,515.4,43.8,50.3,63.1,0.6956,0
NShelbyRd(blue)_SHB_12.11.2025_LS,SHB,1405,3025,50.43,502.5,46.4,46.9,65.6,0.5243,0
NShelbyRd(blue)_SHB_12.11.2025_LS,SHB,1409,3033,50.56,422.5,51.3,49.4,65.9,0.6666,1
NShelbyRd(blue)_SHB_12.11.2025_LS,SHB,1409,3034,50.58,411.8,48.8,50.7,62.8,0.4978,1
NShelbyRd(blue)_SHB_12.11.2025_LS,SHB,1409,3035,50.6,401.5,48.1,51.4,61.8,0.2977,1
NShelbyRd(blue)_SHB_12.11.2025_LS,SHB,1409,3036,50.61,390.2,48.5,52.8,62.5,0.4323,1
NShelbyRd(blue)_SHB_12.11.2025_LS,SHB,1409,3037,50.63,377.8,48.5,51.6,62.4,0.5024,1
NShelbyRd(blue)_SHB_12.11.2025_LS,SHB,1409,3038,50.65,367.0,50.9,49.0,65.7,0.6907,1
NShelbyRd(blue)_SHB_12.11.2025_LS,SHB,1409,3039,50.66,357.7,48.9,52.3,63.1,0.6023,1
NShelbyRd(blue)_SHB_12.11.2025_LS,SHB,1409,3040,50.68,346.5,51.7,52.6,65.5,0.2638,1
NShelbyRd(blue)_SHB_12.11.2025_LS,SHB,1409,3041,50.7,336.2,49.5,52.0,62.0,0.4108,1
NShelbyRd(blue)_SHB_12.11.2025_LS,SHB,1409,3042,50.71,326.1,49.6,51.4,59.0,0.4506,1
NShelbyRd(blue)_SHB_12.11.2025_LS,SHB,1409,3045,50.76,295.1,51.9,50.6,56.3,0.4908,1
NShelbyRd(blue)_SHB_12.11.2025_LS,SHB,1409,3047,50.8,272.7,50.5,54.1,55.8,0.3795,1
NShelbyRd(blue)_SHB_12.11.2025_LS,SHB,1409,3054,50.91,199.7,57.3,51.1,57.3,0.3634,1
NShelbyRd(blue)_SHB_12.11.2025_LS,SHB,1409,3055,50.93,187.2,57.5,50.8,58.7,0.5916,1
NShelbyRd(blue)_SHB_12.11.2025_LS,SHB,1409,3058,50.98,158.5,60.5,47.0,58.5,0.5595,1
NShelbyRd(blue)_SHB_12.11.2025_LS,SHB,1442,5478,91.32,264.9,64.1,44.6,41.5,0.3897,1
NShelbyRd(blue)_SHB_12.11.2025_LS,SHB,1442,5479,91.34,268.2,63.5,41.2,42.0,0.3455,1
NShelbyRd(blue)_SHB_12.11.2025_LS,SHB,1442,5485,91.44,282.4,60.6,41.1,50.0,0.4313,1
NShelbyRd(blue)_SHB_12.11.2025_LS,SHB,1442,5486,91.46,286.7,61.7,40.8,53.2,0.4455,1
NShelbyRd(blue)_SHB_12.11.2025_LS,SHB,1442,5488,91.49,291.1,61.3,38.6,56.6,0.2771,1
NShelbyRd(blue)_SHB_12.11.2025_LS,SHB,1442,5504,91.76,333.4,62.3,40.1,45.4,0.2973,1
NShelbyRd(blue)_SHB_12.11.2025_LS,SHB,1442,5505,91.77,337.1,62.6,40.9,43.9,0.2712,1
NShelbyRd(blue)_SHB_12.11.2025_LS,SHB,1442,5506,91.79,339.8,63.0,40.9,42.9,0.2925,1
NShelbyRd(blue)_SHB_12.11.2025_LS,SHB,1442,5536,92.29,424.3,35.8,37.8,42.4,0.3002,1
NShelbyRd(blue)_SHB_12.11.2025_LS,SHB,1445,6672,111.23,122.7,237.9,24.8,23.4,0.6506,0
NShelbyRd(blue)_SHB_12.11.2025_LS,SHB,1445,6673,111.24,128.3,237.2,24.9,24.7,0.4997,0
NShelbyRd(blue)_SHB_12.11.2025_LS,SHB,1445,6674,111.26,134.0,237.2,25.5,25.1,0.3293,0
NShelbyRd(blue)_SHB_12.11.2025_LS,SHB,1445,6675,111.28,141.6,239.7,24.8,24.4,0.4004,0
NShelbyRd(blue)_SHB_12.11.2025_LS,SHB,1445,6677,111.31,153.9,241.5,25.9,23.8,0.2689,0
NShelbyRd(blue)_SHB_12.11.2025_LS,SHB,1445,6678,111.33,162.1,242.1,25.7,23.8,0.3836,0
NShelbyRd(blue)_SHB_12.11.2025_LS,SHB,1467,8414,140.27,616.9,301.5,39.3,57.1,0.5832,1
NShelbyRd(blue)_SHB_12.11.2025_LS,SHB,1467,8415,140.29,609.6,301.2,41.1,57.4,0.57,1
NShelbyRd(blue)_SHB_12.11.2025_LS,SHB,1467,8416,140.3,596.3,300.8,38.1,57.6,0.4656,1
NShelbyRd(blue)_SHB_12.11.2025_LS,SHB,1467,8417,140.32,586.8,299.7,39.9,57.3,0.5957,1
NShelbyRd(blue)_SHB_12.11.2025_LS,SHB,1467,8418,140.34,575.9,299.5,38.6,55.9,0.4652,1
NShelbyRd(blue)_SHB_12.11.2025_LS,SHB,1467,8419,140.35,567.8,298.5,42.4,56.0,0.6699,1
NShelbyRd(blue)_SHB_12.11.2025_LS,SHB,1467,8420,140.37,556.7,296.9,45.5,54.9,0.7071,1
NShelbyRd(blue)_SHB_12.11.2025_LS,SHB,1467,8421,140.39,551.7,296.2,45.8,55.8,0.7518,1
NShelbyRd(blue)_SHB_12.11.2025_LS,SHB,1467,8422,140.4,540.3,296.4,45.9,55.6,0.7499,1
NShelbyRd(blue)_SHB_12.11.2025_LS,SHB,1467,8423,140.42,531.8,296.1,43.7,54.2,0.6834,1
NShelbyRd(blue)_SHB_12.11.2025_LS,SHB,1467,8424,140.44,521.8,296.3,43.5,53.4,0.747,1
NShelbyRd(blue)_SHB_12.11.2025_LS,SHB,1467,8425,140.45,513.5,295.8,43.8,53.0,0.7467,1
NShelbyRd(blue)_SHB_12.11.2025_LS,SHB,1467,8426,140.47,505.1,295.6,43.0,51.0,0.7156,1
NShelbyRd(blue)_SHB_12.11.2025_LS,SHB,1467,8427,140.49,497.0,294.8,42.1,49.6,0.6019,1
NShelbyRd(blue)_SHB_12.11.2025_LS,SHB,1467,8428,140.5,488.9,294.5,42.1,48.4,0.6219,1
NShelbyRd(blue)_SHB_12.11.2025_LS,SHB,1467,8429,140.52,480.1,293.6,41.4,48.2,0.7043,1
NShelbyRd(blue)_SHB_12.11.2025_LS,SHB,1467,8430,140.54,471.7,294.1,42.5,50.8,0.7074,1
NShelbyRd(blue)_SHB_12.11.2025_LS,SHB,1467,8431,140.55,462.8,293.8,43.7,49.4,0.6964,1
NShelbyRd(blue)_SHB_12.11.2025_LS,SHB,1467,8432,140.57,454.2,293.8,45.5,48.9,0.6988,1
NShelbyRd(blue)_SHB_12.11.2025_LS,SHB,1467,8433,140.59,446.3,294.6,45.5,49.4,0.7084,1
NShelbyRd(blue)_SHB_12.11.2025_LS,SHB,1467,8434,140.6,437.4,295.6,46.2,49.6,0.712,1
NShelbyRd(blue)_SHB_12.11.2025_LS,SHB,1467,8435,140.62,430.0,296.7,45.3,51.4,0.7502,1
NShelbyRd(blue)_SHB_12.11.2025_LS,SHB,1467,8436,140.64,422.2,298.0,43.6,51.4,0.7356,1
NShelbyRd(blue)_SHB_12.11.2025_LS,SHB,1467,8437,140.65,411.1,297.4,46.2,52.7,0.7584,1
NShelbyRd(blue)_SHB_12.11.2025_LS,SHB,1467,8438,140.67,405.9,298.9,46.8,51.9,0.7511,1
NShelbyRd(blue)_SHB_12.11.2025_LS,SHB,1467,8439,140.69,399.7,299.5,45.5,51.3,0.7785,1
NShelbyRd(blue)_SHB_12.11.2025_LS,SHB,1467,8440,140.7,392.7,299.6,45.5,52.5,0.7285,1
NShelbyRd(blue)_SHB_12.11.2025_LS,SHB,1467,8441,140.72,386.3,300.6,42.2,52.8,0.7204,1
NShelbyRd(blue)_SHB_12.11.2025_LS,SHB,1467,8442,140.74,376.4,300.7,39.3,53.2,0.4909,1
NShelbyRd(blue)_SHB_12.11.2025_LS,SHB,1468,8422,140.4,620.2,285.5,35.4,37.2,0.7724,1
NShelbyRd(blue)_SHB_12.11.2025_LS,SHB,1468,8423,140.42,614.8,285.4,41.9,37.0,0.7726,1
NShelbyRd(blue)_SHB_12.11.2025_LS,SHB,1468,8424,140.44,610.4,286.5,48.2,35.9,0.7484,1
NShelbyRd(blue)_SHB_12.11.2025_LS,SHB,1468,8425,140.45,604.9,287.4,50.9,35.2,0.7768,1
NShelbyRd(blue)_SHB_12.11.2025_LS,SHB,1468,8426,140.47,598.8,288.5,51.8,35.7,0.7321,1
NShelbyRd(blue)_SHB_12.11.2025_LS,SHB,1468,8427,140.49,591.1,288.8,52.2,36.4,0.7969,1
NShelbyRd(blue)_SHB_12.11.2025_LS,SHB,1468,8428,140.5,583.6,289.1,51.4,36.7,0.8019,1
NShelbyRd(blue)_SHB_12.11.2025_LS,SHB,1468,8429,140.52,574.8,287.9,49.8,37.2,0.8128,1
NShelbyRd(blue)_SHB_12.11.2025_LS,SHB,1468,8430,140.54,568.9,288.0,49.6,36.8,0.8099,1
NShelbyRd(blue)_SHB_12.11.2025_LS,SHB,1468,8431,140.55,561.8,287.6,51.4,36.4,0.7673,1
NShelbyRd(blue)_SHB_12.11.2025_LS,SHB,1468,8432,140.57,554.8,288.2,52.0,36.7,0.7511,1
NShelbyRd(blue)_SHB_12.11.2025_LS,SHB,1468,8433,140.59,548.4,288.7,52.9,36.8,0.7955,1
NShelbyRd(blue)_SHB_12.11.2025_LS,SHB,1468,8434,140.6,541.9,289.3,52.8,37.0,0.7935,1
NShelbyRd(blue)_SHB_12.11.2025_LS,SHB,1468,8435,140.62,534.6,288.2,52.1,36.2,0.7284,1
NShelbyRd(blue)_SHB_12.11.2025_LS,SHB,1468,8436,140.64,527.5,289.5,51.8,36.3,0.8153,1
NShelbyRd(blue)_SHB_12.11.2025_LS,SHB,1468,8437,140.65,520.6,289.6,51.4,36.2,0.7945,1
NShelbyRd(blue)_SHB_12.11.2025_LS,SHB,1468,8438,140.67,514.2,290.0,51.9,35.7,0.7709,1
NShelbyRd(blue)_SHB_12.11.2025_LS,SHB,1468,8439,140.69,507.7,288.3,52.0,34.7,0.7479,1
NShelbyRd(blue)_SHB_12.11.2025_LS,SHB,1468,8440,140.7,502.8,287.9,52.1,34.1,0.7482,1
NShelbyRd(blue)_SHB_12.11.2025_LS,SHB,1468,8441,140.72,497.5,288.9,50.7,33.8,0.8095,1
NShelbyRd(blue)_SHB_12.11.2025_LS,SHB,1468,8442,140.74,490.4,289.7,51.0,35.5,0.8131,1
NShelbyRd(blue)_SHB_12.11.2025_LS,SHB,1468,8443,140.75,484.2,290.5,51.1,36.6,0.8126,1
NShelbyRd(blue)_SHB_12.11.2025_LS,SHB,1468,8444,140.77,475.5,291.3,52.7,37.3,0.7451,1
NShelbyRd(blue)_SHB_12.11.2025_LS,SHB,1468,8445,140.79,469.0,290.8,51.5,36.3,0.7623,1
NShelbyRd(blue)_SHB_12.11.2025_LS,SHB,1468,8446,140.8,462.6,292.4,52.4,38.0,0.796,1
NShelbyRd(blue)_SHB_12.11.2025_LS,SHB,1468,8447,140.82,455.9,291.9,51.3,35.9,0.7872,1
NShelbyRd(blue)_SHB_12.11.2025_LS,SHB,1468,8448,140.84,450.1,293.1,52.2,37.2,0.7771,1
NShelbyRd(blue)_SHB_12.11.2025_LS,SHB,1468,8449,140.85,443.5,293.7,52.6,37.5,0.761,1
NShelbyRd(blue)_SHB_12.11.2025_LS,SHB,1468,8450,140.87,436.6,294.2,52.5,38.6,0.7705,1
NShelbyRd(blue)_SHB_12.11.2025_LS,SHB,1468,8451,140.89,430.9,295.1,52.4,37.9,0.7793,1
NShelbyRd(blue)_SHB_12.11.2025_LS,SHB,1468,8452,140.9,425.5,295.4,49.5,36.1,0.8075,1
NShelbyRd(blue)_SHB_12.11.2025_LS,SHB,1468,8453,140.92,416.6,295.0,50.2,35.1,0.7901,1
NShelbyRd(blue)_SHB_12.11.2025_LS,SHB,1468,8454,140.94,409.5,295.2,50.7,34.6,0.8133,1
NShelbyRd(blue)_SHB_12.11.2025_LS,SHB,1468,8455,140.95,404.9,295.7,50.8,34.4,0.7405,1
NShelbyRd(blue)_SHB_12.11.2025_LS,SHB,1468,8456,140.97,398.1,295.9,50.9,34.7,0.8169,1
NShelbyRd(blue)_SHB_12.11.2025_LS,SHB,1468,8457,140.99,392.7,297.3,50.7,36.7,0.7973,1
NShelbyRd(blue)_SHB_12.11.2025_LS,SHB,1468,8458,141.0,386.0,297.4,51.1,38.0,0.756,1
NShelbyRd(blue)_SHB_12.11.2025_LS,SHB,1468,8459,141.02,380.6,297.7,49.0,37.4,0.7434,1
NShelbyRd(blue)_SHB_12.11.2025_LS,SHB,1468,8460,141.04,371.8,296.4,47.8,34.8,0.8512,1
NShelbyRd(blue)_SHB_12.11.2025_LS,SHB,1468,8461,141.05,366.0,295.7,46.4,34.2,0.826,1
NShelbyRd(blue)_SHB_12.11.2025_LS,SHB,1468,8462,141.07,359.9,295.6,47.3,33.1,0.8303,1
NShelbyRd(blue)_SHB_12.11.2025_LS,SHB,1468,8463,141.09,355.6,295.2,46.2,32.8,0.8337,1
NShelbyRd(blue)_SHB_12.11.2025_LS,SHB,1468,8464,141.1,349.6,294.7,45.2,33.2,0.8288,1
NShelbyRd(blue)_SHB_12.11.2025_LS,SHB,1468,8465,141.12,344.7,295.3,46.5,34.0,0.8529,1
NShelbyRd(blue)_SHB_12.11.2025_LS,SHB,1468,8466,141.14,339.0,295.0,48.5,35.0,0.8059,1
NShelbyRd(blue)_SHB_12.11.2025_LS,SHB,1468,8467,141.15,334.2,294.8,48.1,35.8,0.8556,1
NShelbyRd(blue)_SHB_12.11.2025_LS,SHB,1468,8468,141.17,328.1,295.0,48.2,36.5,0.8829,1
NShelbyRd(blue)_SHB_12.11.2025_LS,SHB,1468,8469,141.19,323.6,295.0,48.6,36.7,0.854,1
NShelbyRd(blue)_SHB_12.11.2025_LS,SHB,1468,8470,141.2,316.7,295.2,47.7,37.0,0.8748,1
NShelbyRd(blue)_SHB_12.11.2025_LS,SHB,1468,8471,141.22,311.6,294.8,47.9,36.9,0.8789,1
NShelbyRd(blue)_SHB_12.11.2025_LS,SHB,1468,8472,141.24,306.0,295.1,48.3,36.8,0.8476,1
NShelbyRd(blue)_SHB_12.11.2025_LS,SHB,1468,8473,141.25,301.4,295.2,48.3,36.3,0.8628,1
NShelbyRd(blue)_SHB_12.11.2025_LS,SHB,1468,8474,141.27,297.2,294.7,49.3,36.5,0.8676,1
NShelbyRd(blue)_SHB_12.11.2025_LS,SHB,1468,8475,141.29,292.0,294.4,48.9,36.8,0.8245,1
NShelbyRd(blue)_SHB_12.11.2025_LS,SHB,1468,8476,141.3,285.6,295.4,45.5,36.8,0.8623,1
NShelbyRd(blue)_SHB_12.11.2025_LS,SHB,1468,8477,141.32,280.7,296.6,46.4,37.5,0.8644,1
NShelbyRd(blue)_SHB_12.11.2025_LS,SHB,1468,8478,141.34,276.0,295.6,46.8,36.9,0.8418,1
NShelbyRd(blue)_SHB_12.11.2025_LS,SHB,1468,8479,141.35,270.3,295.4,48.2,36.0,0.8521,1
NShelbyRd(blue)_SHB_12.11.2025_LS,SHB,1468,8480,141.37,264.4,296.2,46.6,36.8,0.8565,1
NShelbyRd(blue)_SHB_12.11.2025_LS,SHB,1468,8481,141.39,258.6,296.9,47.2,38.2,0.8179,1
NShelbyRd(blue)_SHB_12.11.2025_LS,SHB,1468,8482,141.4,252.8,297.3,48.1,38.4,0.855,1
NShelbyRd(blue)_SHB_12.11.2025_LS,SHB,1468,8483,141.42,247.1,297.9,47.9,38.6,0.8566,1
NShelbyRd(blue)_SHB_12.11.2025_LS,SHB,1468,8484,141.44,241.8,297.6,47.5,38.1,0.8539,1
NShelbyRd(blue)_SHB_12.11.2025_LS,SHB,1468,8485,141.45,237.1,297.6,47.5,38.0,0.852,1
NShelbyRd(blue)_SHB_12.11.2025_LS,SHB,1468,8486,141.47,232.4,298.2,46.8,38.1,0.8361,1
NShelbyRd(blue)_SHB_12.11.2025_LS,SHB,1468,8487,141.49,227.6,297.6,47.0,36.6,0.8279,1
NShelbyRd(blue)_SHB_12.11.2025_LS,SHB,1468,8488,141.5,222.5,298.4,46.9,37.2,0.8453,1
NShelbyRd(blue)_SHB_12.11.2025_LS,SHB,1468,8489,141.52,217.0,298.9,47.6,36.6,0.8468,1
NShelbyRd(blue)_SHB_12.11.2025_LS,SHB,1468,8490,141.54,210.7,299.0,45.7,35.9,0.858,1
NShelbyRd(blue)_SHB_12.11.2025_LS,SHB,1468,8491,141.55,205.8,299.1,45.9,36.5,0.8617,1
NShelbyRd(blue)_SHB_12.11.2025_LS,SHB,1468,8492,141.57,200.3,300.4,44.9,35.6,0.8543,1
NShelbyRd(blue)_SHB_12.11.2025_LS,SHB,1468,8493,141.59,194.3,300.7,44.7,34.2,0.8273,1
NShelbyRd(blue)_SHB_12.11.2025_LS,SHB,1468,8494,141.6,190.0,301.5,43.2,34.0,0.9279,1
NShelbyRd(blue)_SHB_12.11.2025_LS,SHB,1468,8495,141.62,185.3,301.9,44.4,33.6,0.8604,1
NShelbyRd(blue)_SHB_12.11.2025_LS,SHB,1468,8496,141.64,181.0,302.2,43.9,33.2,0.8993,1
NShelbyRd(blue)_SHB_12.11.2025_LS,SHB,1468,8497,141.65,175.2,302.2,44.2,33.2,0.8533,1
NShelbyRd(blue)_SHB_12.11.2025_LS,SHB,1468,8498,141.67,170.3,302.7,47.0,33.6,0.8666,1
NShelbyRd(blue)_SHB_12.11.2025_LS,SHB,1468,8499,141.69,164.8,303.2,47.5,34.1,0.856,1
NShelbyRd(blue)_SHB_12.11.2025_LS,SHB,1468,8500,141.7,158.8,302.9,47.4,33.1,0.8298,1
NShelbyRd(blue)_SHB_12.11.2025_LS,SHB,1468,8501,141.72,154.0,303.6,48.0,33.2,0.8376,1
NShelbyRd(blue)_SHB_12.11.2025_LS,SHB,1468,8502,141.74,149.0,304.0,47.7,33.5,0.8266,1
NShelbyRd(blue)_SHB_12.11.2025_LS,SHB,1468,8503,141.75,144.0,304.2,47.6,33.5,0.8029,1
NShelbyRd(blue)_SHB_12.11.2025_LS,SHB,1468,8504,141.77,138.9,305.3,47.3,32.8,0.7996,1
NShelbyRd(blue)_SHB_12.11.2025_LS,SHB,1468,8505,141.79,134.5,305.9,47.1,32.2,0.8001,1
NShelbyRd(blue)_SHB_12.11.2025_LS,SHB,1468,8506,141.8,129.3,306.6,47.1,33.5,0.8498,1
NShelbyRd(blue)_SHB_12.11.2025_LS,SHB,1468,8507,141.82,125.2,307.8,48.1,34.1,0.8376,1
NShelbyRd(blue)_SHB_12.11.2025_LS,SHB,1468,8508,141.84,120.3,308.0,48.7,34.5,0.8274,1
NShelbyRd(blue)_SHB_12.11.2025_LS,SHB,1468,8509,141.85,116.4,308.3,48.6,34.4,0.7511,1
NShelbyRd(blue)_SHB_12.11.2025_LS,SHB,1468,8510,141.87,110.8,308.2,49.4,34.0,0.8069,1
NShelbyRd(blue)_SHB_12.11.2025_LS,SHB,1468,8511,141.89,106.2,308.4,48.4,33.4,0.689,1
NShelbyRd(blue)_SHB_12.11.2025_LS,SHB,1468,8512,141.9,101.4,308.5,49.8,34.1,0.7736,1
NShelbyRd(blue)_SHB_12.11.2025_LS,SHB,1468,8513,141.92,96.4,308.8,49.3,33.7,0.7863,1
NShelbyRd(blue)_SHB_12.11.2025_LS,SHB,1468,8514,141.94,92.0,309.5,49.1,34.4,0.7627,1
NShelbyRd(blue)_SHB_12.11.2025_LS,SHB,1468,8515,141.95,87.7,309.3,48.9,34.7,0.7525,1
NShelbyRd(blue)_SHB_12.11.2025_LS,SHB,1468,8516,141.97,83.4,309.4,48.6,34.8,0.7397,1
NShelbyRd(blue)_SHB_12.11.2025_LS,SHB,1468,8517,141.99,78.3,309.3,47.3,33.4,0.749,1
NShelbyRd(blue)_SHB_12.11.2025_LS,SHB,1468,8518,142.0,73.6,308.7,48.0,33.6,0.7506,1
NShelbyRd(blue)_SHB_12.11.2025_LS,SHB,1468,8519,142.02,69.5,309.3,48.3,32.7,0.7456,1
NShelbyRd(blue)_SHB_12.11.2025_LS,SHB,1468,8520,142.04,63.0,308.1,46.9,34.1,0.7701,1
NShelbyRd(blue)_SHB_12.11.2025_LS,SHB,1468,8521,142.05,59.0,308.4,46.6,33.2,0.7422,1
NShelbyRd(blue)_SHB_12.11.2025_LS,SHB,1468,8522,142.07,54.7,308.3,46.5,32.4,0.7555,1
NShelbyRd(blue)_SHB_12.11.2025_LS,SHB,1468,8523,142.09,49.7,308.4,45.4,32.6,0.7297,1
NShelbyRd(blue)_SHB_12.11.2025_LS,SHB,1468,8524,142.1,45.5,309.0,45.3,31.5,0.712,1
NShelbyRd(blue)_SHB_12.11.2025_LS,SHB,1468,8525,142.12,40.1,308.6,45.2,31.8,0.7155,1
NShelbyRd(blue)_SHB_12.11.2025_LS,SHB,1468,8526,142.14,37.2,308.5,45.5,31.6,0.6827,1
NShelbyRd(blue)_SHB_12.11.2025_LS,SHB,1468,8527,142.15,33.6,307.7,45.0,31.7,0.6611,1
NShelbyRd(blue)_SHB_12.11.2025_LS,SHB,1468,8528,142.17,30.7,307.2,42.6,32.2,0.6355,1
NShelbyRd(blue)_SHB_12.11.2025_LS,SHB,1468,8529,142.19,25.4,306.9,43.1,32.5,0.6382,1
NShelbyRd(blue)_SHB_12.11.2025_LS,SHB,1468,8530,142.2,21.0,306.6,42.0,33.4,0.6982,1
NShelbyRd(blue)_SHB_12.11.2025_LS,SHB,1468,8531,142.22,18.2,307.2,36.5,32.9,0.7103,1
NShelbyRd(blue)_SHB_12.11.2025_LS,SHB,1468,8532,142.24,15.0,306.9,30.0,34.3,0.6781,1
NShelbyRd(blue)_SHB_12.11.2025_LS,SHB,1468,8533,142.25,13.1,306.8,26.1,35.6,0.6082,1
NShelbyRd(blue)_SHB_12.11.2025_LS,SHB,1468,8534,142.27,11.9,308.6,23.9,33.7,0.4481,1
NShelbyRd(blue)_SHB_12.11.2025_LS,SHB,1470,8447,140.82,334.6,303.2,39.8,51.6,0.3961,1
NShelbyRd(blue)_SHB_12.11.2025_LS,SHB,1470,8448,140.84,330.3,304.3,43.0,51.3,0.5644,1
NShelbyRd(blue)_SHB_12.11.2025_LS,SHB,1470,8454,140.94,296.5,312.1,33.7,43.4,0.5063,1
NShelbyRd(blue)_SHB_12.11.2025_LS,SHB,1470,8455,140.95,286.3,311.5,35.5,43.6,0.5274,1
NShelbyRd(blue)_SHB_12.11.2025_LS,SHB,1470,8456,140.97,278.2,312.6,35.5,44.0,0.4486,1
NShelbyRd(blue)_SHB_12.11.2025_LS,SHB,1470,8457,140.99,270.3,313.2,38.5,48.7,0.4859,1
NShelbyRd(blue)_SHB_12.11.2025_LS,SHB,1470,8458,141.0,261.9,311.2,43.0,52.5,0.7308,1
NShelbyRd(blue)_SHB_12.11.2025_LS,SHB,1470,8459,141.02,255.0,309.9,44.3,53.9,0.7572,1
NShelbyRd(blue)_SHB_12.11.2025_LS,SHB,1470,8460,141.04,246.4,310.0,45.0,54.7,0.7624,1
NShelbyRd(blue)_SHB_12.11.2025_LS,SHB,1470,8461,141.05,239.3,309.2,46.4,53.3,0.7633,1
NShelbyRd(blue)_SHB_12.11.2025_LS,SHB,1470,8462,141.07,232.0,310.0,44.6,54.4,0.796,1
NShelbyRd(blue)_SHB_12.11.2025_LS,SHB,1470,8463,141.09,225.8,309.7,45.1,54.6,0.7832,1
NShelbyRd(blue)_SHB_12.11.2025_LS,SHB,1470,8464,141.1,217.8,309.4,43.2,55.0,0.7888,1
NShelbyRd(blue)_SHB_12.11.2025_LS,SHB,1470,8465,141.12,211.4,309.2,40.8,54.9,0.7398,1
NShelbyRd(blue)_SHB_12.11.2025_LS,SHB,1470,8466,141.14,203.9,309.6,42.0,56.1,0.767,1
NShelbyRd(blue)_SHB_12.11.2025_LS,SHB,1470,8467,141.15,198.8,309.9,42.1,55.3,0.7809,1
NShelbyRd(blue)_SHB_12.11.2025_LS,SHB,1470,8468,141.17,190.8,309.0,42.5,56.3,0.7838,1
NShelbyRd(blue)_SHB_12.11.2025_LS,SHB,1470,8469,141.19,184.4,309.1,43.1,56.3,0.7894,1
NShelbyRd(blue)_SHB_12.11.2025_LS,SHB,1470,8470,141.2,176.4,309.7,40.7,55.1,0.7811,1
NShelbyRd(blue)_SHB_12.11.2025_LS,SHB,1470,8471,141.22,170.2,309.6,41.4,54.5,0.7591,1
NShelbyRd(blue)_SHB_12.11.2025_LS,SHB,1470,8472,141.24,163.3,309.8,40.4,52.0,0.7602,1
NShelbyRd(blue)_SHB_12.11.2025_LS,SHB,1470,8473,141.25,156.0,310.2,40.8,51.6,0.7791,1
NShelbyRd(blue)_SHB_12.11.2025_LS,SHB,1470,8474,141.27,151.4,310.4,40.7,52.1,0.8091,1
NShelbyRd(blue)_SHB_12.11.2025_LS,SHB,1470,8475,141.29,145.8,309.9,38.9,53.0,0.7778,1
NShelbyRd(blue)_SHB_12.11.2025_LS,SHB,1470,8476,141.3,137.1,310.1,38.5,53.8,0.7747,1
NShelbyRd(blue)_SHB_12.11.2025_LS,SHB,1470,8477,141.32,130.6,311.9,40.2,52.9,0.7457,1
NShelbyRd(blue)_SHB_12.11.2025_LS,SHB,1470,8478,141.34,124.7,311.6,40.3,51.4,0.7629,1
NShelbyRd(blue)_SHB_12.11.2025_LS,SHB,1470,8479,141.35,117.2,311.5,40.0,49.5,0.7583,1
NShelbyRd(blue)_SHB_12.11.2025_LS,SHB,1470,8480,141.37,111.0,313.4,39.7,50.9,0.7601,1
NShelbyRd(blue)_SHB_12.11.2025_LS,SHB,1470,8481,141.39,103.8,314.1,39.5,51.4,0.7359,1
NShelbyRd(blue)_SHB_12.11.2025_LS,SHB,1470,8482,141.4,96.2,313.6,38.7,52.0,0.7341,1
NShelbyRd(blue)_SHB_12.11.2025_LS,SHB,1470,8483,141.42,90.4,314.4,41.0,52.0,0.7045,1
NShelbyRd(blue)_SHB_12.11.2025_LS,SHB,1470,8484,141.44,83.5,315.0,42.2,52.6,0.7236,1
NShelbyRd(blue)_SHB_12.11.2025_LS,SHB,1470,8485,141.45,76.9,315.4,42.2,51.6,0.7221,1
NShelbyRd(blue)_SHB_12.11.2025_LS,SHB,1470,8486,141.47,71.4,315.9,42.2,51.6,0.7625,1
NShelbyRd(blue)_SHB_12.11.2025_LS,SHB,1470,8487,141.49,66.1,316.7,41.9,52.9,0.7842,1
NShelbyRd(blue)_SHB_12.11.2025_LS,SHB,1470,8488,141.5,59.8,316.4,42.2,52.8,0.7807,1
NShelbyRd(blue)_SHB_12.11.2025_LS,SHB,1470,8489,141.52,54.2,315.6,45.0,52.0,0.7561,1
NShelbyRd(blue)_SHB_12.11.2025_LS,SHB,1470,8490,141.54,46.8,315.6,42.8,53.6,0.7413,1
NShelbyRd(blue)_SHB_12.11.2025_LS,SHB,1470,8491,141.55,40.3,317.2,41.9,54.0,0.7794,1
NShelbyRd(blue)_SHB_12.11.2025_LS,SHB,1470,8492,141.57,32.9,318.1,42.3,53.3,0.78,1
NShelbyRd(blue)_SHB_12.11.2025_LS,SHB,1470,8493,141.59,25.1,318.1,42.0,52.9,0.7608,1
NShelbyRd(blue)_SHB_12.11.2025_LS,SHB,1470,8494,141.6,20.9,317.4,41.8,52.0,0.8061,1
NShelbyRd(blue)_SHB_12.11.2025_LS,SHB,1470,8495,141.62,17.3,316.1,34.7,52.3,0.7902,1
NShelbyRd(blue)_SHB_12.11.2025_LS,SHB,1470,8496,141.64,14.7,316.3,29.5,51.5,0.6276,1
NShelbyRd(blue)_SHB_12.11.2025_LS,SHB,1470,8497,141.65,11.8,318.3,23.6,50.5,0.6388,1
NShelbyRd(blue)_SHB_12.11.2025_LS,SHB,1471,8463,141.09,626.6,280.6,26.2,38.9,0.7164,1
NShelbyRd(blue)_SHB_12.11.2025_LS,SHB,1471,8464,141.1,623.1,280.2,31.3,41.3,0.8112,1
NShelbyRd(blue)_SHB_12.11.2025_LS,SHB,1471,8465,141.12,621.1,281.0,36.8,41.4,0.8646,1
NShelbyRd(blue)_SHB_12.11.2025_LS,SHB,1471,8466,141.14,617.7,281.0,43.3,44.6,0.7967,1
NShelbyRd(blue)_SHB_12.11.2025_LS,SHB,1471,8467,141.15,614.2,281.1,47.7,43.6,0.7965,1
NShelbyRd(blue)_SHB_12.11.2025_LS,SHB,1471,8468,141.17,608.6,280.8,49.5,44.0,0.8373,1
NShelbyRd(blue)_SHB_12.11.2025_LS,SHB,1471,8469,141.19,604.7,280.7,51.7,43.1,0.804,1
NShelbyRd(blue)_SHB_12.11.2025_LS,SHB,1471,8470,141.2,596.9,281.2,48.4,43.7,0.8232,1
NShelbyRd(blue)_SHB_12.11.2025_LS,SHB,1471,8471,141.22,592.5,280.2,49.2,44.5,0.8573,1
NShelbyRd(blue)_SHB_12.11.2025_LS,SHB,1471,8472,141.24,585.8,281.5,47.2,44.1,0.797,1
NShelbyRd(blue)_SHB_12.11.2025_LS,SHB,1471,8473,141.25,581.1,281.2,46.7,43.4,0.7878,1
NShelbyRd(blue)_SHB_12.11.2025_LS,SHB,1471,8474,141.27,576.4,281.3,48.7,44.2,0.8056,1
NShelbyRd(blue)_SHB_12.11.2025_LS,SHB,1471,8475,141.29,571.1,281.5,49.0,44.5,0.8329,1
NShelbyRd(blue)_SHB_12.11.2025_LS,SHB,1471,8476,141.3,564.4,281.3,49.8,42.6,0.7492,1
NShelbyRd(blue)_SHB_12.11.2025_LS,SHB,1471,8477,141.32,558.7,280.6,47.5,42.9,0.791,1
NShelbyRd(blue)_SHB_12.11.2025_LS,SHB,1471,8478,141.34,553.5,281.1,47.1,43.7,0.8221,1
NShelbyRd(blue)_SHB_12.11.2025_LS,SHB,1471,8479,141.35,547.6,281.2,46.7,44.1,0.8059,1
NShelbyRd(blue)_SHB_12.11.2025_LS,SHB,1471,8480,141.37,542.3,281.5,46.9,41.6,0.7914,1
NShelbyRd(blue)_SHB_12.11.2025_LS,SHB,1471,8481,141.39,536.2,281.6,46.2,42.5,0.8115,1
NShelbyRd(blue)_SHB_12.11.2025_LS,SHB,1471,8482,141.4,530.7,282.0,46.6,41.1,0.8016,1
NShelbyRd(blue)_SHB_12.11.2025_LS,SHB,1471,8483,141.42,525.6,282.1,45.8,42.8,0.7965,1
NShelbyRd(blue)_SHB_12.11.2025_LS,SHB,1471,8484,141.44,519.2,282.2,44.1,43.6,0.8304,1
NShelbyRd(blue)_SHB_12.11.2025_LS,SHB,1471,8485,141.45,514.0,282.3,44.3,43.5,0.8247,1
NShelbyRd(blue)_SHB_12.11.2025_LS,SHB,1471,8486,141.47,508.3,282.6,42.8,44.0,0.8262,1
NShelbyRd(blue)_SHB_12.11.2025_LS,SHB,1471,8487,141.49,503.3,282.9,43.2,43.9,0.8432,1
NShelbyRd(blue)_SHB_12.11.2025_LS,SHB,1471,8488,141.5,498.1,283.5,44.3,45.6,0.7886,1
NShelbyRd(blue)_SHB_12.11.2025_LS,SHB,1471,8489,141.52,492.2,285.4,42.7,44.8,0.7986,1
NShelbyRd(blue)_SHB_12.11.2025_LS,SHB,1471,8490,141.54,486.1,284.8,43.3,44.0,0.7928,1
NShelbyRd(blue)_SHB_12.11.2025_LS,SHB,1471,8491,141.55,480.4,285.0,43.2,43.3,0.7883,1
NShelbyRd(blue)_SHB_12.11.2025_LS,SHB,1471,8492,141.57,475.1,286.2,42.0,42.1,0.7987,1
NShelbyRd(blue)_SHB_12.11.2025_LS,SHB,1471,8493,141.59,470.3,286.3,41.5,42.4,0.8138,1
NShelbyRd(blue)_SHB_12.11.2025_LS,SHB,1471,8494,141.6,465.3,286.7,43.4,41.6,0.7604,1
NShelbyRd(blue)_SHB_12.11.2025_LS,SHB,1471,8495,141.62,460.1,286.9,43.1,42.5,0.8198,1
NShelbyRd(blue)_SHB_12.11.2025_LS,SHB,1471,8496,141.64,454.1,287.3,42.3,41.8,0.841,1
NShelbyRd(blue)_SHB_12.11.2025_LS,SHB,1471,8497,141.65,448.3,287.7,42.4,41.1,0.7772,1
NShelbyRd(blue)_SHB_12.11.2025_LS,SHB,1471,8498,141.67,443.2,288.4,41.3,41.0,0.8089,1
NShelbyRd(blue)_SHB_12.11.2025_LS,SHB,1471,8499,141.69,438.4,289.2,40.6,40.3,0.8198,1
NShelbyRd(blue)_SHB_12.11.2025_LS,SHB,1471,8500,141.7,434.1,288.6,41.9,41.4,0.8683,1
NShelbyRd(blue)_SHB_12.11.2025_LS,SHB,1471,8501,141.72,429.4,289.1,41.8,41.0,0.7941,1
NShelbyRd(blue)_SHB_12.11.2025_LS,SHB,1471,8502,141.74,425.5,290.0,43.2,41.2,0.8007,1
NShelbyRd(blue)_SHB_12.11.2025_LS,SHB,1471,8503,141.75,420.5,290.2,42.9,40.8,0.7969,1
NShelbyRd(blue)_SHB_12.11.2025_LS,SHB,1471,8504,141.77,415.2,290.5,44.0,41.1,0.8476,1
NShelbyRd(blue)_SHB_12.11.2025_LS,SHB,1471,8505,141.79,410.2,290.4,43.3,41.4,0.8165,1
NShelbyRd(blue)_SHB_12.11.2025_LS,SHB,1471,8506,141.8,405.3,290.3,44.4,42.4,0.7907,1
NShelbyRd(blue)_SHB_12.11.2025_LS,SHB,1471,8507,141.82,399.9,291.0,44.4,42.3,0.8672,1
NShelbyRd(blue)_SHB_12.11.2025_LS,SHB,1471,8508,141.84,395.4,291.0,44.9,40.4,0.827,1
NShelbyRd(blue)_SHB_12.11.2025_LS,SHB,1471,8509,141.85,391.0,291.8,47.7,40.3,0.8494,1
NShelbyRd(blue)_SHB_12.11.2025_LS,SHB,1471,8510,141.87,385.8,291.6,47.1,41.2,0.8211,1
NShelbyRd(blue)_SHB_12.11.2025_LS,SHB,1471,8511,141.89,380.4,291.2,45.6,40.6,0.8218,1
NShelbyRd(blue)_SHB_12.11.2025_LS,SHB,1471,8512,141.9,375.5,291.0,45.4,40.9,0.8275,1
NShelbyRd(blue)_SHB_12.11.2025_LS,SHB,1471,8513,141.92,370.9,291.8,44.8,41.2,0.8436,1
NShelbyRd(blue)_SHB_12.11.2025_LS,SHB,1471,8514,141.94,366.0,292.5,45.0,41.1,0.7801,1
NShelbyRd(blue)_SHB_12.11.2025_LS,SHB,1471,8515,141.95,361.5,292.5,45.0,41.0,0.7929,1
NShelbyRd(blue)_SHB_12.11.2025_LS,SHB,1471,8516,141.97,356.7,292.3,45.3,41.6,0.8167,1
NShelbyRd(blue)_SHB_12.11.2025_LS,SHB,1471,8517,141.99,351.4,292.0,43.8,40.6,0.8223,1
NShelbyRd(blue)_SHB_12.11.2025_LS,SHB,1471,8518,142.0,346.5,291.4,43.7,40.0,0.8229,1
NShelbyRd(blue)_SHB_12.11.2025_LS,SHB,1471,8519,142.02,341.4,291.8,43.5,39.5,0.7779,1
NShelbyRd(blue)_SHB_12.11.2025_LS,SHB,1471,8520,142.04,337.1,293.0,43.5,42.0,0.7605,1
NShelbyRd(blue)_SHB_12.11.2025_LS,SHB,1471,8521,142.05,333.7,292.8,46.1,42.4,0.7435,1
NShelbyRd(blue)_SHB_12.11.2025_LS,SHB,1471,8522,142.07,329.0,291.8,46.6,42.3,0.7924,1
NShelbyRd(blue)_SHB_12.11.2025_LS,SHB,1471,8523,142.09,324.7,292.8,47.2,43.9,0.7521,1
NShelbyRd(blue)_SHB_12.11.2025_LS,SHB,1471,8524,142.1,318.3,292.3,44.4,40.8,0.739,1
NShelbyRd(blue)_SHB_12.11.2025_LS,SHB,1471,8525,142.12,313.9,292.1,45.7,40.9,0.7343,1
NShelbyRd(blue)_SHB_12.11.2025_LS,SHB,1471,8526,142.14,308.8,292.4,45.6,40.5,0.7844,1
NShelbyRd(blue)_SHB_12.11.2025_LS,SHB,1471,8527,142.15,303.3,292.5,44.8,40.5,0.8195,1
NShelbyRd(blue)_SHB_12.11.2025_LS,SHB,1471,8528,142.17,297.9,292.7,44.1,40.5,0.8163,1
NShelbyRd(blue)_SHB_12.11.2025_LS,SHB,1471,8529,142.19,292.4,293.7,43.0,41.8,0.7721,1
NShelbyRd(blue)_SHB_12.11.2025_LS,SHB,1471,8530,142.2,287.4,293.4,42.2,41.6,0.7843,1
NShelbyRd(blue)_SHB_12.11.2025_LS,SHB,1471,8531,142.22,283.9,293.7,43.8,41.0,0.7846,1
NShelbyRd(blue)_SHB_12.11.2025_LS,SHB,1471,8532,142.24,278.4,294.6,44.1,40.8,0.8403,1
NShelbyRd(blue)_SHB_12.11.2025_LS,SHB,1471,8533,142.25,273.6,294.2,43.3,40.3,0.7975,1
NShelbyRd(blue)_SHB_12.11.2025_LS,SHB,1471,8534,142.27,268.4,295.2,43.1,39.2,0.8081,1
NShelbyRd(blue)_SHB_12.11.2025_LS,SHB,1471,8535,142.29,263.9,295.1,43.6,40.1,0.8179,1
NShelbyRd(blue)_SHB_12.11.2025_LS,SHB,1471,8536,142.3,259.4,295.3,43.8,40.2,0.8282,1
NShelbyRd(blue)_SHB_12.11.2025_LS,SHB,1471,8537,142.32,254.2,295.6,42.2,40.0,0.8397,1
NShelbyRd(blue)_SHB_12.11.2025_LS,SHB,1471,8538,142.34,249.8,295.3,42.7,41.3,0.8146,1
NShelbyRd(blue)_SHB_12.11.2025_LS,SHB,1471,8539,142.35,245.9,295.0,44.9,41.1,0.7952,1
NShelbyRd(blue)_SHB_12.11.2025_LS,SHB,1471,8540,142.37,240.7,295.4,43.0,40.6,0.815,1
NShelbyRd(blue)_SHB_12.11.2025_LS,SHB,1471,8541,142.39,236.0,295.2,42.7,40.7,0.8013,1
NShelbyRd(blue)_SHB_12.11.2025_LS,SHB,1471,8542,142.4,230.8,294.9,41.4,40.4,0.8223,1
NShelbyRd(blue)_SHB_12.11.2025_LS,SHB,1471,8543,142.42,226.6,295.3,42.1,41.4,0.8282,1
NShelbyRd(blue)_SHB_12.11.2025_LS,SHB,1471,8544,142.44,222.4,295.1,43.3,41.5,0.8142,1
NShelbyRd(blue)_SHB_12.11.2025_LS,SHB,1471,8545,142.45,217.6,295.0,43.4,41.5,0.8243,1
NShelbyRd(blue)_SHB_12.11.2025_LS,SHB,1471,8546,142.47,212.6,295.3,41.8,41.2,0.81,1
NShelbyRd(blue)_SHB_12.11.2025_LS,SHB,1471,8547,142.49,208.0,295.5,41.8,41.4,0.8348,1
NShelbyRd(blue)_SHB_12.11.2025_LS,SHB,1471,8548,142.5,203.1,295.9,41.6,41.7,0.8538,1
NShelbyRd(blue)_SHB_12.11.2025_LS,SHB,1471,8549,142.52,199.0,295.9,43.1,41.8,0.8421,1
NShelbyRd(blue)_SHB_12.11.2025_LS,SHB,1471,8550,142.54,194.2,296.0,42.5,41.7,0.8629,1
NShelbyRd(blue)_SHB_12.11.2025_LS,SHB,1471,8551,142.55,189.3,296.5,41.4,40.9,0.7871,1
NShelbyRd(blue)_SHB_12.11.2025_LS,SHB,1471,8552,142.57,185.2,296.9,42.0,40.7,0.7763,1
NShelbyRd(blue)_SHB_12.11.2025_LS,SHB,1471,8553,142.59,180.5,297.3,41.8,41.0,0.7914,1
NShelbyRd(blue)_SHB_12.11.2025_LS,SHB,1471,8554,142.6,175.7,298.1,40.4,39.7,0.8104,1
NShelbyRd(blue)_SHB_12.11.2025_LS,SHB,1471,8555,142.62,171.2,298.4,41.7,40.6,0.8289,1
NShelbyRd(blue)_SHB_12.11.2025_LS,SHB,1471,8556,142.64,165.4,299.0,39.2,40.3,0.8436,1
NShelbyRd(blue)_SHB_12.11.2025_LS,SHB,1471,8557,142.65,161.0,298.8,38.5,41.2,0.8347,1
NShelbyRd(blue)_SHB_12.11.2025_LS,SHB,1471,8558,142.67,156.6,299.0,39.3,40.7,0.818,1
NShelbyRd(blue)_SHB_12.11.2025_LS,SHB,1471,8559,142.69,152.2,299.2,40.5,40.7,0.8135,1
NShelbyRd(blue)_SHB_12.11.2025_LS,SHB,1471,8560,142.7,147.4,299.2,39.5,40.7,0.8206,1
NShelbyRd(blue)_SHB_12.11.2025_LS,SHB,1471,8561,142.72,143.6,299.7,40.7,39.7,0.8199,1
NShelbyRd(blue)_SHB_12.11.2025_LS,SHB,1471,8562,142.74,140.1,299.8,42.3,40.1,0.7967,1
NShelbyRd(blue)_SHB_12.11.2025_LS,SHB,1471,8563,142.75,135.2,300.2,42.2,39.4,0.7312,1
NShelbyRd(blue)_SHB_12.11.2025_LS,SHB,1471,8564,142.77,130.4,300.3,41.9,39.9,0.8536,1
NShelbyRd(blue)_SHB_12.11.2025_LS,SHB,1471,8565,142.79,125.5,300.0,41.0,41.1,0.8297,1
NShelbyRd(blue)_SHB_12.11.2025_LS,SHB,1471,8566,142.8,121.9,300.7,41.0,41.2,0.7738,1
NShelbyRd(blue)_SHB_12.11.2025_LS,SHB,1471,8567,142.82,117.5,301.0,40.9,40.7,0.7895,1
NShelbyRd(blue)_SHB_12.11.2025_LS,SHB,1471,8568,142.84,113.0,301.0,40.5,40.9,0.7982,1
NShelbyRd(blue)_SHB_12.11.2025_LS,SHB,1471,8569,142.85,109.0,301.2,41.3,41.9,0.805,1
NShelbyRd(blue)_SHB_12.11.2025_LS,SHB,1471,8570,142.87,103.8,300.4,39.8,41.6,0.7992,1
NShelbyRd(blue)_SHB_12.11.2025_LS,SHB,1471,8571,142.89,99.7,300.3,40.4,41.4,0.8213,1
NShelbyRd(blue)_SHB_12.11.2025_LS,SHB,1471,8572,142.9,94.9,300.3,40.5,41.7,0.8471,1
NShelbyRd(blue)_SHB_12.11.2025_LS,SHB,1471,8573,142.92,90.9,300.2,41.8,41.7,0.834,1
NShelbyRd(blue)_SHB_12.11.2025_LS,SHB,1471,8574,142.94,86.5,300.7,41.9,41.0,0.8195,1
NShelbyRd(blue)_SHB_12.11.2025_LS,SHB,1471,8575,142.95,82.5,300.2,43.1,40.4,0.8265,1
NShelbyRd(blue)_SHB_12.11.2025_LS,SHB,1471,8576,142.97,78.9,300.4,45.4,40.1,0.8638,1
NShelbyRd(blue)_SHB_12.11.2025_LS,SHB,1471,8577,142.99,75.5,300.8,46.8,39.9,0.8844,1
NShelbyRd(blue)_SHB_12.11.2025_LS,SHB,1471,8578,143.0,71.0,300.3,47.7,40.1,0.8376,1
NShelbyRd(blue)_SHB_12.11.2025_LS,SHB,1471,8579,143.02,65.3,300.1,45.4,40.3,0.8524,1
NShelbyRd(blue)_SHB_12.11.2025_LS,SHB,1471,8580,143.04,59.9,300.4,43.3,40.2,0.8165,1
NShelbyRd(blue)_SHB_12.11.2025_LS,SHB,1471,8581,143.05,55.1,300.2,42.4,39.8,0.8605,1
NShelbyRd(blue)_SHB_12.11.2025_LS,SHB,1471,8582,143.07,51.4,300.7,43.6,39.6,0.8389,1
NShelbyRd(blue)_SHB_12.11.2025_LS,SHB,1471,8583,143.09,46.9,300.7,44.6,39.8,0.8736,1
NShelbyRd(blue)_SHB_12.11.2025_LS,SHB,1471,8584,143.1,42.6,300.1,45.8,40.0,0.8641,1
NShelbyRd(blue)_SHB_12.11.2025_LS,SHB,1471,8585,143.12,39.4,301.0,49.0,40.9,0.7861,1
NShelbyRd(blue)_SHB_12.11.2025_LS,SHB,1471,8586,143.14,34.0,300.7,46.5,41.4,0.8227,1
NShelbyRd(blue)_SHB_12.11.2025_LS,SHB,1471,8587,143.15,30.0,301.4,46.7,42.1,0.7734,1
NShelbyRd(blue)_SHB_12.11.2025_LS,SHB,1471,8588,143.17,25.5,301.0,47.3,43.2,0.8342,1
NShelbyRd(blue)_SHB_12.11.2025_LS,SHB,1471,8589,143.19,22.0,300.8,44.0,42.6,0.7736,1
NShelbyRd(blue)_SHB_12.11.2025_LS,SHB,1471,8590,143.2,20.5,301.6,41.0,44.2,0.6787,1
NShelbyRd(blue)_SHB_12.11.2025_LS,SHB,1471,8591,143.22,18.3,301.7,36.7,45.6,0.5148,1
NShelbyRd(blue)_SHB_12.11.2025_LS,SHB,1471,8592,143.24,16.4,301.9,32.7,45.5,0.5628,1
NShelbyRd(blue)_SHB_12.11.2025_LS,SHB,1471,8593,143.25,13.5,301.7,27.0,47.4,0.5448,1
NShelbyRd(blue)_SHB_12.11.2025_LS,SHB,1471,8595,143.29,10.0,302.7,20.0,45.0,0.4355,1
NShelbyRd(blue)_SHB_12.11.2025_LS,SHB,1472,8469,141.19,627.1,280.1,24.8,44.4,0.6359,1
NShelbyRd(blue)_SHB_12.11.2025_LS,SHB,1472,8470,141.2,623.9,280.6,29.5,49.4,0.728,1
NShelbyRd(blue)_SHB_12.11.2025_LS,SHB,1472,8471,141.22,621.9,280.1,34.9,48.3,0.7616,1
NShelbyRd(blue)_SHB_12.11.2025_LS,SHB,1472,8472,141.24,618.1,280.0,39.8,46.2,0.8191,1
NShelbyRd(blue)_SHB_12.11.2025_LS,SHB,1472,8473,141.25,614.1,279.9,41.4,45.3,0.7505,1
NShelbyRd(blue)_SHB_12.11.2025_LS,SHB,1472,8474,141.27,608.2,279.6,40.6,46.8,0.7626,1
NShelbyRd(blue)_SHB_12.11.2025_LS,SHB,1472,8475,141.29,602.7,279.5,40.6,46.6,0.7878,1
NShelbyRd(blue)_SHB_12.11.2025_LS,SHB,1472,8476,141.3,596.7,280.1,40.2,47.3,0.7748,1
NShelbyRd(blue)_SHB_12.11.2025_LS,SHB,1472,8477,141.32,591.6,279.8,39.9,45.7,0.7779,1
NShelbyRd(blue)_SHB_12.11.2025_LS,SHB,1472,8478,141.34,585.6,280.0,40.0,45.7,0.7558,1
NShelbyRd(blue)_SHB_12.11.2025_LS,SHB,1472,8479,141.35,580.3,279.6,38.6,45.8,0.7847,1
NShelbyRd(blue)_SHB_12.11.2025_LS,SHB,1472,8480,141.37,574.5,281.3,40.1,41.8,0.7375,1
NShelbyRd(blue)_SHB_12.11.2025_LS,SHB,1472,8481,141.39,569.1,282.4,39.9,39.3,0.7566,1
NShelbyRd(blue)_SHB_12.11.2025_LS,SHB,1472,8482,141.4,562.7,283.1,40.1,37.8,0.8184,1
NShelbyRd(blue)_SHB_12.11.2025_LS,SHB,1472,8483,141.42,557.6,283.9,40.3,36.8,0.767,1
NShelbyRd(blue)_SHB_12.11.2025_LS,SHB,1472,8484,141.44,551.4,283.5,39.5,37.0,0.8166,1
NShelbyRd(blue)_SHB_12.11.2025_LS,SHB,1472,8485,141.45,546.0,283.3,39.1,37.1,0.7941,1
NShelbyRd(blue)_SHB_12.11.2025_LS,SHB,1472,8486,141.47,540.8,282.0,38.6,41.1,0.7722,1
NShelbyRd(blue)_SHB_12.11.2025_LS,SHB,1472,8487,141.49,535.1,283.3,37.7,39.4,0.7922,1
NShelbyRd(blue)_SHB_12.11.2025_LS,SHB,1472,8488,141.5,529.4,282.4,38.3,41.8,0.7358,1
NShelbyRd(blue)_SHB_12.11.2025_LS,SHB,1472,8489,141.52,524.4,282.5,37.7,43.5,0.807,1
NShelbyRd(blue)_SHB_12.11.2025_LS,SHB,1472,8490,141.54,518.5,282.5,38.5,43.8,0.7465,1
NShelbyRd(blue)_SHB_12.11.2025_LS,SHB,1472,8491,141.55,513.5,283.1,39.7,43.6,0.7775,1
NShelbyRd(blue)_SHB_12.11.2025_LS,SHB,1472,8492,141.57,508.3,285.0,38.2,40.6,0.7387,1
NShelbyRd(blue)_SHB_12.11.2025_LS,SHB,1472,8493,141.59,503.6,285.0,38.6,40.9,0.7464,1
NShelbyRd(blue)_SHB_12.11.2025_LS,SHB,1472,8494,141.6,498.6,286.7,38.5,39.9,0.7568,1
NShelbyRd(blue)_SHB_12.11.2025_LS,SHB,1472,8495,141.62,493.8,287.0,38.3,40.7,0.7245,1
NShelbyRd(blue)_SHB_12.11.2025_LS,SHB,1472,8496,141.64,488.2,287.3,38.9,40.9,0.7607,1
NShelbyRd(blue)_SHB_12.11.2025_LS,SHB,1472,8497,141.65,483.4,286.5,38.5,42.1,0.6842,1
NShelbyRd(blue)_SHB_12.11.2025_LS,SHB,1472,8498,141.67,478.0,288.7,37.0,38.2,0.6839,1
NShelbyRd(blue)_SHB_12.11.2025_LS,SHB,1472,8499,141.69,472.5,289.5,37.2,38.9,0.645,1
NShelbyRd(blue)_SHB_12.11.2025_LS,SHB,1472,8500,141.7,467.4,288.6,35.9,40.0,0.5737,1
NShelbyRd(blue)_SHB_12.11.2025_LS,SHB,1472,8501,141.72,462.6,289.8,35.5,38.7,0.6827,1
NShelbyRd(blue)_SHB_12.11.2025_LS,SHB,1472,8502,141.74,456.7,291.2,37.1,39.4,0.7179,1
NShelbyRd(blue)_SHB_12.11.2025_LS,SHB,1472,8503,141.75,451.6,290.2,36.4,41.5,0.6447,1
NShelbyRd(blue)_SHB_12.11.2025_LS,SHB,1472,8504,141.77,446.7,290.8,38.0,41.1,0.68,1
NShelbyRd(blue)_SHB_12.11.2025_LS,SHB,1472,8505,141.79,440.7,291.4,38.4,41.0,0.7229,1
NShelbyRd(blue)_SHB_12.11.2025_LS,SHB,1472,8506,141.8,435.8,291.4,37.7,41.6,0.6712,1
NShelbyRd(blue)_SHB_12.11.2025_LS,SHB,1472,8507,141.82,430.7,290.3,37.6,42.4,0.7145,1
NShelbyRd(blue)_SHB_12.11.2025_LS,SHB,1472,8508,141.84,426.1,290.2,36.9,42.3,0.649,1
NShelbyRd(blue)_SHB_12.11.2025_LS,SHB,1472,8509,141.85,421.5,291.3,39.4,40.9,0.7028,1
NShelbyRd(blue)_SHB_12.11.2025_LS,SHB,1472,8510,141.87,416.1,291.3,38.8,41.4,0.5164,1
NShelbyRd(blue)_SHB_12.11.2025_LS,SHB,1472,8511,141.89,411.3,290.9,38.3,41.9,0.6478,1
NShelbyRd(blue)_SHB_12.11.2025_LS,SHB,1472,8512,141.9,406.2,290.5,40.6,43.8,0.6296,1
NShelbyRd(blue)_SHB_12.11.2025_LS,SHB,1472,8513,141.92,401.6,291.2,39.7,42.8,0.6231,1
NShelbyRd(blue)_SHB_12.11.2025_LS,SHB,1472,8514,141.94,396.3,292.2,38.3,41.0,0.628,1
NShelbyRd(blue)_SHB_12.11.2025_LS,SHB,1472,8515,141.95,391.4,292.2,37.6,41.2,0.6316,1
NShelbyRd(blue)_SHB_12.11.2025_LS,SHB,1472,8516,141.97,386.8,291.2,36.2,41.9,0.7026,1
NShelbyRd(blue)_SHB_12.11.2025_LS,SHB,1472,8517,141.99,381.2,291.7,35.9,39.4,0.6703,1
NShelbyRd(blue)_SHB_12.11.2025_LS,SHB,1472,8518,142.0,376.4,291.4,34.2,39.5,0.6965,1
NShelbyRd(blue)_SHB_12.11.2025_LS,SHB,1472,8519,142.02,372.0,291.4,34.6,38.6,0.6487,1
NShelbyRd(blue)_SHB_12.11.2025_LS,SHB,1472,8520,142.04,367.4,292.4,34.8,39.1,0.4837,1
NShelbyRd(blue)_SHB_12.11.2025_LS,SHB,1472,8521,142.05,362.4,291.6,33.5,40.7,0.6521,1
NShelbyRd(blue)_SHB_12.11.2025_LS,SHB,1472,8522,142.07,357.4,291.5,32.2,40.3,0.6562,1
NShelbyRd(blue)_SHB_12.11.2025_LS,SHB,1472,8523,142.09,352.6,292.8,33.3,38.7,0.6175,1
NShelbyRd(blue)_SHB_12.11.2025_LS,SHB,1472,8524,142.1,347.5,292.9,35.6,38.5,0.655,1
NShelbyRd(blue)_SHB_12.11.2025_LS,SHB,1472,8525,142.12,343.3,291.5,38.0,42.5,0.6671,1
NShelbyRd(blue)_SHB_12.11.2025_LS,SHB,1472,8526,142.14,339.3,291.7,38.6,41.5,0.6098,1
NShelbyRd(blue)_SHB_12.11.2025_LS,SHB,1472,8527,142.15,333.9,291.7,36.9,41.5,0.6733,1
NShelbyRd(blue)_SHB_12.11.2025_LS,SHB,1472,8528,142.17,328.8,292.9,36.5,38.6,0.6901,1
NShelbyRd(blue)_SHB_12.11.2025_LS,SHB,1472,8529,142.19,323.6,295.1,36.1,39.0,0.603,1
NShelbyRd(blue)_SHB_12.11.2025_LS,SHB,1472,8530,142.2,318.6,295.7,36.5,39.0,0.6171,1
NShelbyRd(blue)_SHB_12.11.2025_LS,SHB,1472,8531,142.22,313.8,296.3,35.7,40.1,0.5499,1
NShelbyRd(blue)_SHB_12.11.2025_LS,SHB,1472,8532,142.24,308.8,296.8,36.9,43.2,0.5846,1
NShelbyRd(blue)_SHB_12.11.2025_LS,SHB,1472,8533,142.25,303.4,297.6,36.5,39.8,0.551,1
NShelbyRd(blue)_SHB_12.11.2025_LS,SHB,1472,8534,142.27,298.0,296.5,34.8,41.1,0.5932,1
NShelbyRd(blue)_SHB_12.11.2025_LS,SHB,1472,8535,142.29,293.4,296.0,36.4,44.2,0.482,1
NShelbyRd(blue)_SHB_12.11.2025_LS,SHB,1472,8536,142.3,289.1,296.7,35.6,41.8,0.4345,1
NShelbyRd(blue)_SHB_12.11.2025_LS,SHB,1472,8537,142.32,283.7,297.5,35.0,39.8,0.5282,1
NShelbyRd(blue)_SHB_12.11.2025_LS,SHB,1472,8538,142.34,278.8,297.3,35.9,40.1,0.5853,1
NShelbyRd(blue)_SHB_12.11.2025_LS,SHB,1472,8539,142.35,274.4,297.9,35.8,40.0,0.3644,1
NShelbyRd(blue)_SHB_12.11.2025_LS,SHB,1472,8540,142.37,269.7,296.7,35.1,40.4,0.4699,1
NShelbyRd(blue)_SHB_12.11.2025_LS,SHB,1472,8541,142.39,264.2,297.2,32.6,37.0,0.4971,1
NShelbyRd(blue)_SHB_12.11.2025_LS,SHB,1472,8542,142.4,258.6,296.3,33.9,40.4,0.4911,1
NShelbyRd(blue)_SHB_12.11.2025_LS,SHB,1472,8543,142.42,254.5,296.4,34.8,40.9,0.4815,1
NShelbyRd(blue)_SHB_12.11.2025_LS,SHB,1472,8544,142.44,249.8,295.7,34.6,42.9,0.422,1
NShelbyRd(blue)_SHB_12.11.2025_LS,SHB,1472,8546,142.47,240.2,296.2,33.9,39.2,0.5119,1
NShelbyRd(blue)_SHB_12.11.2025_LS,SHB,1472,8547,142.49,235.0,295.9,33.7,39.9,0.4631,1
NShelbyRd(blue)_SHB_12.11.2025_LS,SHB,1472,8548,142.5,230.1,296.5,33.2,38.5,0.3394,1
NShelbyRd(blue)_SHB_12.11.2025_LS,SHB,1472,8551,142.55,215.9,297.5,34.4,41.6,0.4591,1
NShelbyRd(blue)_SHB_12.11.2025_LS,SHB,1472,8552,142.57,211.1,297.3,34.9,41.4,0.3975,1
NShelbyRd(blue)_SHB_12.11.2025_LS,SHB,1472,8553,142.59,205.8,297.9,33.2,41.6,0.6229,1
NShelbyRd(blue)_SHB_12.11.2025_LS,SHB,1472,8554,142.6,200.4,298.8,32.0,40.3,0.6459,1
NShelbyRd(blue)_SHB_12.11.2025_LS,SHB,1472,8555,142.62,195.4,299.1,31.3,39.9,0.5646,1
NShelbyRd(blue)_SHB_12.11.2025_LS,SHB,1472,8556,142.64,190.6,299.3,30.8,40.7,0.5313,1
NShelbyRd(blue)_SHB_12.11.2025_LS,SHB,1472,8557,142.65,185.6,298.8,29.9,41.6,0.5542,1
NShelbyRd(blue)_SHB_12.11.2025_LS,SHB,1472,8559,142.69,176.1,300.1,31.1,39.7,0.3353,1
NShelbyRd(blue)_SHB_12.11.2025_LS,SHB,1472,8560,142.7,171.5,300.7,31.0,38.6,0.4976,1
NShelbyRd(blue)_SHB_12.11.2025_LS,SHB,1473,8491,141.55,633.1,280.8,12.7,33.0,0.5259,1
NShelbyRd(blue)_SHB_12.11.2025_LS,SHB,1473,8492,141.57,630.8,280.2,16.3,33.6,0.4832,1
NShelbyRd(blue)_SHB_12.11.2025_LS,SHB,1473,8493,141.59,628.7,279.8,21.0,35.5,0.7455,1
NShelbyRd(blue)_SHB_12.11.2025_LS,SHB,1473,8494,141.6,625.8,280.9,26.7,35.5,0.7518,1
NShelbyRd(blue)_SHB_12.11.2025_LS,SHB,1473,8495,141.62,623.3,281.1,32.2,36.6,0.8003,1
NShelbyRd(blue)_SHB_12.11.2025_LS,SHB,1473,8496,141.64,620.3,282.5,36.2,36.7,0.8189,1
NShelbyRd(blue)_SHB_12.11.2025_LS,SHB,1473,8497,141.65,616.4,283.2,37.8,36.1,0.8181,1
NShelbyRd(blue)_SHB_12.11.2025_LS,SHB,1473,8498,141.67,612.1,283.0,39.1,35.5,0.814,1
NShelbyRd(blue)_SHB_12.11.2025_LS,SHB,1473,8499,141.69,606.9,284.6,37.5,34.2,0.737,1
NShelbyRd(blue)_SHB_12.11.2025_LS,SHB,1473,8500,141.7,602.0,284.2,37.0,35.5,0.7452,1
NShelbyRd(blue)_SHB_12.11.2025_LS,SHB,1473,8501,141.72,598.1,284.2,35.5,35.5,0.76,1
NShelbyRd(blue)_SHB_12.11.2025_LS,SHB,1473,8502,141.74,593.3,284.9,35.2,35.0,0.7702,1
NShelbyRd(blue)_SHB_12.11.2025_LS,SHB,1473,8503,141.75,588.8,284.9,35.7,35.9,0.7361,1
NShelbyRd(blue)_SHB_12.11.2025_LS,SHB,1473,8504,141.77,583.7,286.1,35.9,34.8,0.7905,1
NShelbyRd(blue)_SHB_12.11.2025_LS,SHB,1473,8505,141.79,578.9,286.5,35.3,34.5,0.7822,1
NShelbyRd(blue)_SHB_12.11.2025_LS,SHB,1473,8506,141.8,574.7,286.5,34.9,35.1,0.7892,1
NShelbyRd(blue)_SHB_12.11.2025_LS,SHB,1473,8507,141.82,569.7,286.1,33.9,33.9,0.763,1
NShelbyRd(blue)_SHB_12.11.2025_LS,SHB,1473,8508,141.84,565.6,286.5,34.6,35.5,0.7712,1
NShelbyRd(blue)_SHB_12.11.2025_LS,SHB,1473,8509,141.85,561.0,286.3,34.8,35.3,0.7331,1
NShelbyRd(blue)_SHB_12.11.2025_LS,SHB,1473,8510,141.87,556.4,286.5,35.9,34.9,0.7722,1
NShelbyRd(blue)_SHB_12.11.2025_LS,SHB,1473,8511,141.89,551.9,286.2,35.8,35.2,0.7613,1
NShelbyRd(blue)_SHB_12.11.2025_LS,SHB,1473,8512,141.9,547.5,285.8,36.2,34.1,0.7847,1
NShelbyRd(blue)_SHB_12.11.2025_LS,SHB,1473,8513,141.92,543.3,286.8,36.0,34.8,0.7842,1
NShelbyRd(blue)_SHB_12.11.2025_LS,SHB,1473,8514,141.94,539.0,287.1,36.4,34.8,0.749,1
NShelbyRd(blue)_SHB_12.11.2025_LS,SHB,1473,8515,141.95,534.8,286.8,36.0,35.0,0.7896,1
NShelbyRd(blue)_SHB_12.11.2025_LS,SHB,1473,8516,141.97,530.8,286.7,34.8,34.1,0.7746,1
NShelbyRd(blue)_SHB_12.11.2025_LS,SHB,1473,8517,141.99,526.9,287.0,35.2,35.1,0.8119,1
NShelbyRd(blue)_SHB_12.11.2025_LS,SHB,1473,8518,142.0,522.5,286.3,35.4,34.1,0.7843,1
NShelbyRd(blue)_SHB_12.11.2025_LS,SHB,1473,8519,142.02,518.7,287.1,35.4,34.7,0.8256,1
NShelbyRd(blue)_SHB_12.11.2025_LS,SHB,1473,8520,142.04,514.6,286.0,34.0,34.3,0.7857,1
NShelbyRd(blue)_SHB_12.11.2025_LS,SHB,1473,8521,142.05,511.0,286.3,33.5,34.6,0.7988,1
NShelbyRd(blue)_SHB_12.11.2025_LS,SHB,1473,8522,142.07,506.7,286.2,33.2,33.4,0.7517,1
NShelbyRd(blue)_SHB_12.11.2025_LS,SHB,1473,8523,142.09,502.7,285.9,33.9,33.6,0.7892,1
NShelbyRd(blue)_SHB_12.11.2025_LS,SHB,1473,8524,142.1,498.4,286.0,33.8,33.1,0.7715,1
NShelbyRd(blue)_SHB_12.11.2025_LS,SHB,1473,8525,142.12,494.6,286.1,33.7,33.4,0.7935,1
NShelbyRd(blue)_SHB_12.11.2025_LS,SHB,1473,8526,142.14,490.1,286.2,33.8,33.2,0.7015,1
NShelbyRd(blue)_SHB_12.11.2025_LS,SHB,1473,8527,142.15,485.9,286.5,34.4,33.1,0.7307,1
NShelbyRd(blue)_SHB_12.11.2025_LS,SHB,1473,8528,142.17,481.5,286.6,32.9,33.3,0.6691,1
NShelbyRd(blue)_SHB_12.11.2025_LS,SHB,1473,8529,142.19,477.6,287.8,32.1,34.4,0.7044,1
NShelbyRd(blue)_SHB_12.11.2025_LS,SHB,1473,8530,142.2,472.5,287.5,31.5,33.2,0.5754,1
NShelbyRd(blue)_SHB_12.11.2025_LS,SHB,1473,8531,142.22,468.1,289.0,33.3,35.3,0.6784,1
NShelbyRd(blue)_SHB_12.11.2025_LS,SHB,1473,8532,142.24,464.3,289.4,32.2,35.3,0.696,1
NShelbyRd(blue)_SHB_12.11.2025_LS,SHB,1473,8533,142.25,460.5,290.0,32.0,36.6,0.6983,1
NShelbyRd(blue)_SHB_12.11.2025_LS,SHB,1473,8534,142.27,456.2,289.9,31.8,36.3,0.6603,1
NShelbyRd(blue)_SHB_12.11.2025_LS,SHB,1473,8535,142.29,451.2,289.6,32.9,35.5,0.6156,1
NShelbyRd(blue)_SHB_12.11.2025_LS,SHB,1473,8536,142.3,446.2,289.0,30.6,35.1,0.6637,1
NShelbyRd(blue)_SHB_12.11.2025_LS,SHB,1473,8537,142.32,442.1,289.6,31.2,35.5,0.7657,1
NShelbyRd(blue)_SHB_12.11.2025_LS,SHB,1473,8538,142.34,438.9,289.1,30.7,35.9,0.7384,1
NShelbyRd(blue)_SHB_12.11.2025_LS,SHB,1473,8539,142.35,434.7,288.9,30.2,36.0,0.756,1
NShelbyRd(blue)_SHB_12.11.2025_LS,SHB,1473,8540,142.37,430.1,288.8,28.0,35.2,0.7395,1
NShelbyRd(blue)_SHB_12.11.2025_LS,SHB,1473,8541,142.39,425.8,289.0,29.5,35.6,0.754,1
NShelbyRd(blue)_SHB_12.11.2025_LS,SHB,1473,8542,142.4,421.5,289.0,28.6,35.6,0.718,1
NShelbyRd(blue)_SHB_12.11.2025_LS,SHB,1473,8543,142.42,417.0,290.1,29.4,35.4,0.7502,1
NShelbyRd(blue)_SHB_12.11.2025_LS,SHB,1473,8544,142.44,413.1,289.6,29.6,35.9,0.7045,1
NShelbyRd(blue)_SHB_12.11.2025_LS,SHB,1473,8545,142.45,409.2,290.0,30.6,36.3,0.7243,1
NShelbyRd(blue)_SHB_12.11.2025_LS,SHB,1473,8546,142.47,404.9,289.6,30.3,36.2,0.7416,1
NShelbyRd(blue)_SHB_12.11.2025_LS,SHB,1473,8547,142.49,400.5,290.3,29.7,36.2,0.7158,1
NShelbyRd(blue)_SHB_12.11.2025_LS,SHB,1473,8548,142.5,397.3,290.0,29.3,35.8,0.6893,1
NShelbyRd(blue)_SHB_12.11.2025_LS,SHB,1473,8549,142.52,392.6,290.4,30.2,35.7,0.7161,1
NShelbyRd(blue)_SHB_12.11.2025_LS,SHB,1473,8550,142.54,389.2,290.4,29.7,36.5,0.7072,1
NShelbyRd(blue)_SHB_12.11.2025_LS,SHB,1473,8551,142.55,384.7,290.8,29.5,36.6,0.7378,1
NShelbyRd(blue)_SHB_12.11.2025_LS,SHB,1473,8552,142.57,380.7,290.4,28.2,36.4,0.6603,1
NShelbyRd(blue)_SHB_12.11.2025_LS,SHB,1473,8553,142.59,376.9,291.0,29.1,36.4,0.708,1
NShelbyRd(blue)_SHB_12.11.2025_LS,SHB,1473,8554,142.6,373.1,291.7,28.8,37.2,0.7328,1
NShelbyRd(blue)_SHB_12.11.2025_LS,SHB,1473,8555,142.62,368.9,291.7,28.6,37.6,0.7199,1
NShelbyRd(blue)_SHB_12.11.2025_LS,SHB,1473,8556,142.64,364.8,292.0,27.3,37.7,0.6718,1
NShelbyRd(blue)_SHB_12.11.2025_LS,SHB,1473,8557,142.65,361.6,292.3,28.8,38.2,0.6407,1
NShelbyRd(blue)_SHB_12.11.2025_LS,SHB,1473,8558,142.67,358.6,292.3,28.4,38.0,0.6786,1
NShelbyRd(blue)_SHB_12.11.2025_LS,SHB,1473,8559,142.69,354.7,292.3,28.6,37.8,0.6722,1
NShelbyRd(blue)_SHB_12.11.2025_LS,SHB,1473,8560,142.7,350.9,293.2,28.9,38.2,0.726,1
NShelbyRd(blue)_SHB_12.11.2025_LS,SHB,1473,8561,142.72,347.1,294.3,30.0,38.7,0.6772,1
NShelbyRd(blue)_SHB_12.11.2025_LS,SHB,1473,8562,142.74,342.8,294.6,30.6,39.1,0.6812,1
NShelbyRd(blue)_SHB_12.11.2025_LS,SHB,1473,8563,142.75,339.0,294.7,30.9,39.4,0.656,1
NShelbyRd(blue)_SHB_12.11.2025_LS,SHB,1473,8564,142.77,334.6,294.6,30.9,38.4,0.5558,1
NShelbyRd(blue)_SHB_12.11.2025_LS,SHB,1473,8565,142.79,331.6,295.1,31.7,39.9,0.565,1
NShelbyRd(blue)_SHB_12.11.2025_LS,SHB,1473,8566,142.8,328.1,295.6,31.7,40.5,0.532,1
NShelbyRd(blue)_SHB_12.11.2025_LS,SHB,1473,8568,142.84,320.9,295.4,31.5,39.8,0.5615,1
NShelbyRd(blue)_SHB_12.11.2025_LS,SHB,1474,8501,141.72,631.7,285.8,15.5,37.1,0.5471,1
NShelbyRd(blue)_SHB_12.11.2025_LS,SHB,1474,8502,141.74,629.1,288.7,19.7,30.5,0.6395,1
NShelbyRd(blue)_SHB_12.11.2025_LS,SHB,1474,8503,141.75,626.6,289.0,24.7,27.6,0.6667,1
NShelbyRd(blue)_SHB_12.11.2025_LS,SHB,1474,8504,141.77,624.3,291.0,29.3,27.6,0.6919,1
NShelbyRd(blue)_SHB_12.11.2025_LS,SHB,1474,8505,141.79,621.2,291.2,33.8,27.8,0.7461,1
NShelbyRd(blue)_SHB_12.11.2025_LS,SHB,1474,8506,141.8,617.1,291.6,35.5,27.5,0.7078,1
NShelbyRd(blue)_SHB_12.11.2025_LS,SHB,1474,8507,141.82,612.0,291.8,35.2,27.4,0.714,1
NShelbyRd(blue)_SHB_12.11.2025_LS,SHB,1474,8508,141.84,607.4,291.2,34.7,26.8,0.7329,1
NShelbyRd(blue)_SHB_12.11.2025_LS,SHB,1474,8509,141.85,602.5,291.3,35.3,27.5,0.6722,1
NShelbyRd(blue)_SHB_12.11.2025_LS,SHB,1474,8510,141.87,597.3,291.5,36.2,27.2,0.6794,1
NShelbyRd(blue)_SHB_12.11.2025_LS,SHB,1474,8511,141.89,592.7,291.1,36.1,28.7,0.625,1
NShelbyRd(blue)_SHB_12.11.2025_LS,SHB,1474,8512,141.9,587.8,291.4,36.2,28.6,0.6486,1
NShelbyRd(blue)_SHB_12.11.2025_LS,SHB,1474,8513,141.92,583.5,291.5,36.0,28.6,0.7061,1
NShelbyRd(blue)_SHB_12.11.2025_LS,SHB,1474,8514,141.94,578.2,291.8,36.0,28.0,0.6966,1
NShelbyRd(blue)_SHB_12.11.2025_LS,SHB,1474,8515,141.95,573.7,291.6,35.5,27.6,0.7296,1
NShelbyRd(blue)_SHB_12.11.2025_LS,SHB,1474,8516,141.97,569.2,291.8,35.4,28.4,0.7197,1
NShelbyRd(blue)_SHB_12.11.2025_LS,SHB,1474,8517,141.99,564.3,291.9,35.8,28.4,0.6729,1
NShelbyRd(blue)_SHB_12.11.2025_LS,SHB,1474,8518,142.0,560.4,291.8,35.6,28.3,0.6966,1
NShelbyRd(blue)_SHB_12.11.2025_LS,SHB,1474,8519,142.02,555.7,291.6,35.9,29.2,0.6738,1
NShelbyRd(blue)_SHB_12.11.2025_LS,SHB,1474,8520,142.04,551.3,291.6,34.7,27.8,0.703,1
NShelbyRd(blue)_SHB_12.11.2025_LS,SHB,1474,8521,142.05,546.9,291.7,34.4,27.5,0.6778,1
NShelbyRd(blue)_SHB_12.11.2025_LS,SHB,1474,8522,142.07,542.6,291.7,33.3,27.4,0.7119,1
NShelbyRd(blue)_SHB_12.11.2025_LS,SHB,1474,8523,142.09,537.8,291.6,33.5,27.6,0.7173,1
NShelbyRd(blue)_SHB_12.11.2025_LS,SHB,1474,8524,142.1,533.2,292.0,33.1,26.6,0.7007,1
NShelbyRd(blue)_SHB_12.11.2025_LS,SHB,1474,8525,142.12,528.8,292.3,32.7,26.4,0.7091,1
NShelbyRd(blue)_SHB_12.11.2025_LS,SHB,1474,8526,142.14,524.2,292.5,32.9,27.3,0.709,1
NShelbyRd(blue)_SHB_12.11.2025_LS,SHB,1474,8527,142.15,519.1,292.4,32.9,27.7,0.7233,1
NShelbyRd(blue)_SHB_12.11.2025_LS,SHB,1474,8528,142.17,514.6,292.6,33.2,29.0,0.7285,1
NShelbyRd(blue)_SHB_12.11.2025_LS,SHB,1474,8529,142.19,509.6,293.4,32.8,29.8,0.6584,1
NShelbyRd(blue)_SHB_12.11.2025_LS,SHB,1474,8530,142.2,505.2,293.9,33.1,29.6,0.7298,1
NShelbyRd(blue)_SHB_12.11.2025_LS,SHB,1474,8531,142.22,500.7,294.7,33.4,28.9,0.6753,1
NShelbyRd(blue)_SHB_12.11.2025_LS,SHB,1474,8532,142.24,495.5,294.7,32.8,30.0,0.6528,1
NShelbyRd(blue)_SHB_12.11.2025_LS,SHB,1474,8533,142.25,491.1,294.3,33.6,30.2,0.6581,1
NShelbyRd(blue)_SHB_12.11.2025_LS,SHB,1474,8534,142.27,486.1,294.8,32.6,30.2,0.6942,1
NShelbyRd(blue)_SHB_12.11.2025_LS,SHB,1474,8535,142.29,482.1,294.7,31.9,30.2,0.726,1
NShelbyRd(blue)_SHB_12.11.2025_LS,SHB,1474,8536,142.3,477.6,294.5,31.2,29.8,0.7522,1
NShelbyRd(blue)_SHB_12.11.2025_LS,SHB,1474,8537,142.32,473.5,295.5,31.5,30.3,0.7713,1
NShelbyRd(blue)_SHB_12.11.2025_LS,SHB,1474,8538,142.34,468.9,294.4,31.9,31.1,0.692,1
NShelbyRd(blue)_SHB_12.11.2025_LS,SHB,1474,8539,142.35,464.1,293.3,31.5,33.1,0.6825,1
NShelbyRd(blue)_SHB_12.11.2025_LS,SHB,1474,8540,142.37,460.0,294.6,32.8,32.9,0.69,1
NShelbyRd(blue)_SHB_12.11.2025_LS,SHB,1474,8541,142.39,455.7,295.2,32.4,31.2,0.6784,1
NShelbyRd(blue)_SHB_12.11.2025_LS,SHB,1474,8542,142.4,451.1,293.9,32.1,32.4,0.6988,1
NShelbyRd(blue)_SHB_12.11.2025_LS,SHB,1474,8543,142.42,446.4,294.9,32.4,32.3,0.7512,1
NShelbyRd(blue)_SHB_12.11.2025_LS,SHB,1474,8544,142.44,441.2,293.0,33.1,35.5,0.7279,1
NShelbyRd(blue)_SHB_12.11.2025_LS,SHB,1474,8545,142.45,437.0,292.5,33.3,36.5,0.7099,1
NShelbyRd(blue)_SHB_12.11.2025_LS,SHB,1474,8546,142.47,432.5,292.6,33.3,37.2,0.7136,1
NShelbyRd(blue)_SHB_12.11.2025_LS,SHB,1474,8547,142.49,427.8,293.4,34.0,37.1,0.7287,1
NShelbyRd(blue)_SHB_12.11.2025_LS,SHB,1474,8548,142.5,423.0,294.3,35.6,38.5,0.7341,1
NShelbyRd(blue)_SHB_12.11.2025_LS,SHB,1474,8549,142.52,418.2,294.5,36.6,40.0,0.7044,1
NShelbyRd(blue)_SHB_12.11.2025_LS,SHB,1474,8550,142.54,413.1,294.8,36.9,39.6,0.7326,1
NShelbyRd(blue)_SHB_12.11.2025_LS,SHB,1474,8551,142.55,408.6,294.2,34.9,39.2,0.7104,1
NShelbyRd(blue)_SHB_12.11.2025_LS,SHB,1474,8552,142.57,404.4,294.0,34.0,38.2,0.6983,1
NShelbyRd(blue)_SHB_12.11.2025_LS,SHB,1474,8553,142.59,400.4,295.3,34.0,38.2,0.6916,1
NShelbyRd(blue)_SHB_12.11.2025_LS,SHB,1474,8554,142.6,395.7,296.2,34.5,40.0,0.6804,1
NShelbyRd(blue)_SHB_12.11.2025_LS,SHB,1474,8555,142.62,391.5,295.9,35.3,41.4,0.6943,1
NShelbyRd(blue)_SHB_12.11.2025_LS,SHB,1474,8556,142.64,387.1,296.8,34.8,42.1,0.6999,1
NShelbyRd(blue)_SHB_12.11.2025_LS,SHB,1474,8557,142.65,382.2,295.6,35.0,41.6,0.6761,1
NShelbyRd(blue)_SHB_12.11.2025_LS,SHB,1474,8558,142.67,378.3,295.7,34.8,40.6,0.7066,1
NShelbyRd(blue)_SHB_12.11.2025_LS,SHB,1474,8559,142.69,373.3,295.0,33.9,40.0,0.6735,1
NShelbyRd(blue)_SHB_12.11.2025_LS,SHB,1474,8560,142.7,369.0,295.5,32.9,38.6,0.7273,1
NShelbyRd(blue)_SHB_12.11.2025_LS,SHB,1474,8561,142.72,365.3,296.7,32.6,38.5,0.6803,1
NShelbyRd(blue)_SHB_12.11.2025_LS,SHB,1474,8562,142.74,360.2,296.2,32.0,38.5,0.6753,1
NShelbyRd(blue)_SHB_12.11.2025_LS,SHB,1474,8563,142.75,355.7,296.6,33.1,39.2,0.5815,1
NShelbyRd(blue)_SHB_12.11.2025_LS,SHB,1474,8564,142.77,351.7,297.1,31.6,38.5,0.6688,1
NShelbyRd(blue)_SHB_12.11.2025_LS,SHB,1474,8565,142.79,344.8,297.0,38.1,39.2,0.5758,1
NShelbyRd(blue)_SHB_12.11.2025_LS,SHB,1474,8566,142.8,342.1,297.7,34.4,38.8,0.6124,1
NShelbyRd(blue)_SHB_12.11.2025_LS,SHB,1474,8567,142.82,335.2,297.1,38.6,39.1,0.6684,1
NShelbyRd(blue)_SHB_12.11.2025_LS,SHB,1474,8568,142.84,333.7,298.1,34.2,38.5,0.5594,1
NShelbyRd(blue)_SHB_12.11.2025_LS,SHB,1474,8569,142.85,327.2,298.1,38.7,39.6,0.7291,1
NShelbyRd(blue)_SHB_12.11.2025_LS,SHB,1474,8570,142.87,319.6,297.4,39.6,39.4,0.6299,1
NShelbyRd(blue)_SHB_12.11.2025_LS,SHB,1474,8571,142.89,317.3,297.8,41.9,40.7,0.6948,1
NShelbyRd(blue)_SHB_12.11.2025_LS,SHB,1474,8572,142.9,311.4,297.6,41.9,41.5,0.6716,1
NShelbyRd(blue)_SHB_12.11.2025_LS,SHB,1474,8573,142.92,308.2,298.2,38.9,40.8,0.682,1
NShelbyRd(blue)_SHB_12.11.2025_LS,SHB,1474,8574,142.94,304.8,298.3,41.0,40.8,0.6237,1
NShelbyRd(blue)_SHB_12.11.2025_LS,SHB,1474,8575,142.95,301.1,297.8,39.0,40.8,0.6705,1
NShelbyRd(blue)_SHB_12.11.2025_LS,SHB,1474,8576,142.97,296.8,297.1,39.1,40.6,0.6939,1
NShelbyRd(blue)_SHB_12.11.2025_LS,SHB,1474,8577,142.99,292.7,296.7,38.0,40.7,0.6956,1
NShelbyRd(blue)_SHB_12.11.2025_LS,SHB,1474,8578,143.0,288.6,295.8,36.3,41.5,0.6932,1
NShelbyRd(blue)_SHB_12.11.2025_LS,SHB,1474,8579,143.02,284.0,295.9,35.2,42.8,0.706,1
NShelbyRd(blue)_SHB_12.11.2025_LS,SHB,1474,8580,143.04,279.7,296.3,34.7,40.8,0.7563,1
NShelbyRd(blue)_SHB_12.11.2025_LS,SHB,1474,8581,143.05,276.4,296.3,35.2,39.3,0.7535,1
NShelbyRd(blue)_SHB_12.11.2025_LS,SHB,1474,8582,143.07,273.1,297.1,36.0,39.8,0.7904,1
NShelbyRd(blue)_SHB_12.11.2025_LS,SHB,1474,8583,143.09,268.7,296.8,36.5,39.6,0.7444,1
NShelbyRd(blue)_SHB_12.11.2025_LS,SHB,1474,8584,143.1,264.0,294.8,38.4,41.2,0.7454,1
NShelbyRd(blue)_SHB_12.11.2025_LS,SHB,1474,8585,143.12,259.4,295.5,38.5,43.4,0.7695,1
NShelbyRd(blue)_SHB_12.11.2025_LS,SHB,1474,8586,143.14,255.2,295.3,36.7,43.5,0.7628,1
NShelbyRd(blue)_SHB_12.11.2025_LS,SHB,1474,8587,143.15,250.9,296.5,36.8,43.6,0.7699,1
NShelbyRd(blue)_SHB_12.11.2025_LS,SHB,1474,8588,143.17,247.2,296.8,37.5,43.3,0.7577,1
NShelbyRd(blue)_SHB_12.11.2025_LS,SHB,1474,8589,143.19,242.4,297.0,37.1,43.3,0.7825,1
NShelbyRd(blue)_SHB_12.11.2025_LS,SHB,1474,8590,143.2,238.1,297.2,38.1,44.6,0.7514,1
NShelbyRd(blue)_SHB_12.11.2025_LS,SHB,1474,8591,143.22,233.5,297.9,39.5,42.6,0.7104,1
NShelbyRd(blue)_SHB_12.11.2025_LS,SHB,1474,8592,143.24,226.5,297.0,44.6,42.8,0.8092,1
NShelbyRd(blue)_SHB_12.11.2025_LS,SHB,1474,8593,143.25,222.5,297.6,43.1,41.0,0.7786,1
NShelbyRd(blue)_SHB_12.11.2025_LS,SHB,1474,8594,143.27,218.7,298.3,42.3,39.9,0.7827,1
NShelbyRd(blue)_SHB_12.11.2025_LS,SHB,1474,8595,143.29,214.5,298.2,42.5,41.0,0.8004,1
NShelbyRd(blue)_SHB_12.11.2025_LS,SHB,1474,8596,143.3,210.5,300.2,41.3,40.7,0.8212,1
NShelbyRd(blue)_SHB_12.11.2025_LS,SHB,1474,8597,143.32,206.4,299.9,40.4,40.7,0.8315,1
NShelbyRd(blue)_SHB_12.11.2025_LS,SHB,1474,8598,143.34,202.1,300.7,40.1,40.9,0.8053,1
NShelbyRd(blue)_SHB_12.11.2025_LS,SHB,1474,8599,143.35,197.1,300.7,41.0,40.0,0.8433,1
NShelbyRd(blue)_SHB_12.11.2025_LS,SHB,1474,8600,143.37,191.9,298.8,42.1,43.4,0.7548,1
NShelbyRd(blue)_SHB_12.11.2025_LS,SHB,1474,8601,143.39,188.0,299.4,41.5,41.7,0.7806,1
NShelbyRd(blue)_SHB_12.11.2025_LS,SHB,1474,8602,143.4,183.6,299.4,42.9,43.0,0.8108,1
NShelbyRd(blue)_SHB_12.11.2025_LS,SHB,1474,8603,143.42,179.3,300.0,41.4,42.0,0.8013,1
NShelbyRd(blue)_SHB_12.11.2025_LS,SHB,1474,8604,143.44,174.8,299.5,43.6,42.3,0.8011,1
NShelbyRd(blue)_SHB_12.11.2025_LS,SHB,1474,8605,143.45,169.8,299.7,45.0,42.3,0.7898,1
NShelbyRd(blue)_SHB_12.11.2025_LS,SHB,1474,8606,143.47,164.2,300.3,45.1,41.2,0.7795,1
NShelbyRd(blue)_SHB_12.11.2025_LS,SHB,1474,8607,143.49,159.2,299.3,46.1,40.2,0.7994,1
NShelbyRd(blue)_SHB_12.11.2025_LS,SHB,1474,8608,143.5,154.6,298.8,47.8,42.9,0.7914,1
NShelbyRd(blue)_SHB_12.11.2025_LS,SHB,1474,8609,143.52,150.3,301.2,46.4,41.8,0.7913,1
NShelbyRd(blue)_SHB_12.11.2025_LS,SHB,1474,8610,143.54,143.8,299.2,45.8,44.2,0.7964,1
NShelbyRd(blue)_SHB_12.11.2025_LS,SHB,1474,8611,143.55,139.3,301.5,46.2,45.6,0.7682,1
NShelbyRd(blue)_SHB_12.11.2025_LS,SHB,1474,8612,143.57,135.0,301.7,46.0,45.7,0.5426,1
NShelbyRd(blue)_SHB_12.11.2025_LS,SHB,1474,8613,143.59,132.6,298.6,45.9,45.6,0.6004,1
NShelbyRd(blue)_SHB_12.11.2025_LS,SHB,1474,8614,143.6,127.8,303.3,48.4,47.9,0.7206,1
NShelbyRd(blue)_SHB_12.11.2025_LS,SHB,1474,8615,143.62,124.1,300.2,48.1,47.2,0.7041,1
NShelbyRd(blue)_SHB_12.11.2025_LS,SHB,1474,8616,143.64,119.1,300.4,48.4,44.9,0.5733,1
NShelbyRd(blue)_SHB_12.11.2025_LS,SHB,1474,8617,143.65,110.4,303.8,43.0,38.6,0.6272,1
NShelbyRd(blue)_SHB_12.11.2025_LS,SHB,1474,8618,143.67,101.9,301.9,38.1,39.4,0.444,1
NShelbyRd(blue)_SHB_12.11.2025_LS,SHB,1474,8619,143.69,93.4,305.1,34.5,36.0,0.676,1
NShelbyRd(blue)_SHB_12.11.2025_LS,SHB,1475,8516,141.97,627.2,280.3,24.4,34.7,0.6706,1
NShelbyRd(blue)_SHB_12.11.2025_LS,SHB,1475,8517,141.99,625.2,280.3,27.9,35.5,0.7364,1
NShelbyRd(blue)_SHB_12.11.2025_LS,SHB,1475,8518,142.0,623.2,280.1,32.2,37.2,0.7863,1
NShelbyRd(blue)_SHB_12.11.2025_LS,SHB,1475,8519,142.02,621.0,280.6,37.0,38.0,0.8341,1
NShelbyRd(blue)_SHB_12.11.2025_LS,SHB,1475,8520,142.04,618.7,280.3,41.2,38.2,0.8022,1
NShelbyRd(blue)_SHB_12.11.2025_LS,SHB,1475,8521,142.05,616.5,280.2,45.6,38.2,0.8441,1
NShelbyRd(blue)_SHB_12.11.2025_LS,SHB,1475,8522,142.07,613.8,280.2,48.4,38.0,0.8082,1
NShelbyRd(blue)_SHB_12.11.2025_LS,SHB,1475,8523,142.09,609.9,279.9,49.5,37.5,0.8233,1
NShelbyRd(blue)_SHB_12.11.2025_LS,SHB,1475,8524,142.1,605.2,280.0,48.5,37.1,0.823,1
NShelbyRd(blue)_SHB_12.11.2025_LS,SHB,1475,8525,142.12,600.2,280.0,47.5,36.5,0.8131,1
NShelbyRd(blue)_SHB_12.11.2025_LS,SHB,1475,8526,142.14,595.8,279.8,45.5,36.7,0.7583,1
NShelbyRd(blue)_SHB_12.11.2025_LS,SHB,1475,8527,142.15,590.6,279.6,44.1,36.2,0.764,1
NShelbyRd(blue)_SHB_12.11.2025_LS,SHB,1475,8528,142.17,585.9,279.4,43.8,36.5,0.8164,1
NShelbyRd(blue)_SHB_12.11.2025_LS,SHB,1475,8529,142.19,581.3,280.2,43.6,36.6,0.8485,1
NShelbyRd(blue)_SHB_12.11.2025_LS,SHB,1475,8530,142.2,576.5,280.7,43.0,35.0,0.8586,1
NShelbyRd(blue)_SHB_12.11.2025_LS,SHB,1475,8531,142.22,572.4,281.5,43.0,34.1,0.8548,1
NShelbyRd(blue)_SHB_12.11.2025_LS,SHB,1475,8532,142.24,567.9,283.1,43.0,34.9,0.8295,1
NShelbyRd(blue)_SHB_12.11.2025_LS,SHB,1475,8533,142.25,563.7,282.5,42.5,36.4,0.8543,1
NShelbyRd(blue)_SHB_12.11.2025_LS,SHB,1475,8534,142.27,558.9,283.1,43.1,35.8,0.8082,1
NShelbyRd(blue)_SHB_12.11.2025_LS,SHB,1475,8535,142.29,554.5,283.6,42.0,35.3,0.805,1
NShelbyRd(blue)_SHB_12.11.2025_LS,SHB,1475,8536,142.3,549.1,282.9,41.0,35.0,0.7695,1
NShelbyRd(blue)_SHB_12.11.2025_LS,SHB,1475,8537,142.32,545.5,283.4,41.2,35.7,0.8026,1
NShelbyRd(blue)_SHB_12.11.2025_LS,SHB,1475,8538,142.34,541.3,282.6,41.2,36.1,0.7988,1
NShelbyRd(blue)_SHB_12.11.2025_LS,SHB,1475,8539,142.35,536.2,281.9,40.2,36.2,0.8135,1
NShelbyRd(blue)_SHB_12.11.2025_LS,SHB,1475,8540,142.37,532.0,282.5,39.7,35.9,0.7883,1
NShelbyRd(blue)_SHB_12.11.2025_LS,SHB,1475,8541,142.39,527.6,282.4,39.3,36.1,0.8166,1
NShelbyRd(blue)_SHB_12.11.2025_LS,SHB,1475,8542,142.4,523.4,282.4,39.0,35.4,0.8326,1
NShelbyRd(blue)_SHB_12.11.2025_LS,SHB,1475,8543,142.42,519.4,283.6,37.9,34.2,0.7909,1
NShelbyRd(blue)_SHB_12.11.2025_LS,SHB,1475,8544,142.44,514.9,283.1,36.7,34.5,0.817,1
NShelbyRd(blue)_SHB_12.11.2025_LS,SHB,1475,8545,142.45,510.7,283.1,36.1,34.2,0.7972,1
NShelbyRd(blue)_SHB_12.11.2025_LS,SHB,1475,8546,142.47,506.1,283.3,35.0,34.0,0.7872,1
NShelbyRd(blue)_SHB_12.11.2025_LS,SHB,1475,8547,142.49,501.1,283.4,34.0,31.5,0.7929,1
NShelbyRd(blue)_SHB_12.11.2025_LS,SHB,1475,8548,142.5,497.1,283.5,34.0,32.3,0.792,1
NShelbyRd(blue)_SHB_12.11.2025_LS,SHB,1475,8549,142.52,492.8,283.3,33.6,31.5,0.7905,1
NShelbyRd(blue)_SHB_12.11.2025_LS,SHB,1475,8550,142.54,488.4,283.6,32.6,31.2,0.8091,1
NShelbyRd(blue)_SHB_12.11.2025_LS,SHB,1475,8551,142.55,483.8,283.9,31.8,30.9,0.8238,1
NShelbyRd(blue)_SHB_12.11.2025_LS,SHB,1475,8552,142.57,479.8,284.0,32.3,31.3,0.8183,1
NShelbyRd(blue)_SHB_12.11.2025_LS,SHB,1475,8553,142.59,476.0,284.5,33.5,31.2,0.8153,1
NShelbyRd(blue)_SHB_12.11.2025_LS,SHB,1475,8554,142.6,470.4,285.3,31.9,30.9,0.7089,1
NShelbyRd(blue)_SHB_12.11.2025_LS,SHB,1475,8555,142.62,467.3,285.3,33.1,31.8,0.741,1
NShelbyRd(blue)_SHB_12.11.2025_LS,SHB,1475,8556,142.64,462.1,285.5,32.5,31.0,0.6533,1
NShelbyRd(blue)_SHB_12.11.2025_LS,SHB,1475,8557,142.65,457.1,285.0,31.0,30.7,0.6982,1
NShelbyRd(blue)_SHB_12.11.2025_LS,SHB,1475,8558,142.67,453.0,284.0,31.0,29.3,0.6554,1
NShelbyRd(blue)_SHB_12.11.2025_LS,SHB,1475,8559,142.69,448.5,283.5,30.1,27.8,0.6461,1
NShelbyRd(blue)_SHB_12.11.2025_LS,SHB,1475,8560,142.7,444.2,284.1,29.1,26.9,0.6338,1
NShelbyRd(blue)_SHB_12.11.2025_LS,SHB,1475,8561,142.72,439.9,284.4,28.6,25.7,0.6358,1
NShelbyRd(blue)_SHB_12.11.2025_LS,SHB,1475,8562,142.74,435.8,284.2,28.5,25.5,0.6407,1
NShelbyRd(blue)_SHB_12.11.2025_LS,SHB,1475,8563,142.75,431.3,285.0,27.3,24.3,0.5808,1
NShelbyRd(blue)_SHB_12.11.2025_LS,SHB,1475,8564,142.77,426.6,285.8,26.6,23.6,0.5328,1
NShelbyRd(blue)_SHB_12.11.2025_LS,SHB,1475,8565,142.79,422.4,285.5,27.4,23.4,0.4552,1
NShelbyRd(blue)_SHB_12.11.2025_LS,SHB,1475,8566,142.8,418.5,285.4,26.7,23.2,0.5625,1
NShelbyRd(blue)_SHB_12.11.2025_LS,SHB,1475,8567,142.82,413.9,286.2,26.4,22.7,0.2959,1
NShelbyRd(blue)_SHB_12.11.2025_LS,SHB,1475,8568,142.84,409.8,286.1,25.3,20.9,0.44,1
NShelbyRd(blue)_SHB_12.11.2025_LS,SHB,1475,8571,142.89,396.1,286.4,24.1,21.5,0.3852,1
NShelbyRd(blue)_SHB_12.11.2025_LS,SHB,1475,8572,142.9,392.5,285.9,23.9,21.0,0.2788,1
NShelbyRd(blue)_SHB_12.11.2025_LS,SHB,1477,8532,142.24,626.9,286.8,24.7,39.2,0.6034,1
NShelbyRd(blue)_SHB_12.11.2025_LS,SHB,1477,8533,142.25,625.1,284.2,27.6,35.7,0.6552,1
NShelbyRd(blue)_SHB_12.11.2025_LS,SHB,1477,8534,142.27,622.8,286.5,32.2,37.9,0.7092,1
NShelbyRd(blue)_SHB_12.11.2025_LS,SHB,1477,8535,142.29,620.5,287.5,36.6,38.5,0.7563,1
NShelbyRd(blue)_SHB_12.11.2025_LS,SHB,1477,8536,142.3,618.0,287.9,41.2,40.0,0.7739,1
NShelbyRd(blue)_SHB_12.11.2025_LS,SHB,1477,8537,142.32,613.7,288.2,42.1,39.7,0.7049,1
NShelbyRd(blue)_SHB_12.11.2025_LS,SHB,1477,8538,142.34,609.7,285.6,42.6,35.9,0.7248,1
NShelbyRd(blue)_SHB_12.11.2025_LS,SHB,1477,8539,142.35,605.9,284.0,43.0,32.7,0.7077,1
NShelbyRd(blue)_SHB_12.11.2025_LS,SHB,1477,8540,142.37,602.0,284.8,43.2,33.1,0.7603,1
NShelbyRd(blue)_SHB_12.11.2025_LS,SHB,1477,8541,142.39,598.2,284.0,43.0,31.8,0.7085,1
NShelbyRd(blue)_SHB_12.11.2025_LS,SHB,1477,8542,142.4,594.5,284.0,42.7,30.9,0.7434,1
NShelbyRd(blue)_SHB_12.11.2025_LS,SHB,1477,8543,142.42,590.5,284.9,42.2,31.2,0.7722,1
NShelbyRd(blue)_SHB_12.11.2025_LS,SHB,1477,8544,142.44,586.5,284.7,42.1,31.3,0.786,1
NShelbyRd(blue)_SHB_12.11.2025_LS,SHB,1477,8545,142.45,582.3,285.1,42.3,31.9,0.7977,1
NShelbyRd(blue)_SHB_12.11.2025_LS,SHB,1477,8546,142.47,577.9,285.0,42.2,33.6,0.7858,1
NShelbyRd(blue)_SHB_12.11.2025_LS,SHB,1477,8547,142.49,574.1,285.7,41.5,30.8,0.7613,1
NShelbyRd(blue)_SHB_12.11.2025_LS,SHB,1477,8548,142.5,570.3,286.9,41.4,31.4,0.754,1
NShelbyRd(blue)_SHB_12.11.2025_LS,SHB,1477,8549,142.52,565.8,287.0,41.0,30.9,0.7295,1
NShelbyRd(blue)_SHB_12.11.2025_LS,SHB,1477,8550,142.54,562.1,287.3,40.6,30.4,0.7675,1
NShelbyRd(blue)_SHB_12.11.2025_LS,SHB,1477,8551,142.55,557.8,288.1,39.9,30.1,0.746,1
NShelbyRd(blue)_SHB_12.11.2025_LS,SHB,1477,8552,142.57,553.7,288.0,39.6,30.0,0.7771,1
NShelbyRd(blue)_SHB_12.11.2025_LS,SHB,1477,8553,142.59,549.6,288.6,40.4,29.7,0.7272,1
NShelbyRd(blue)_SHB_12.11.2025_LS,SHB,1477,8554,142.6,545.9,289.2,40.0,29.3,0.7455,1
NShelbyRd(blue)_SHB_12.11.2025_LS,SHB,1477,8555,142.62,542.2,289.1,41.2,29.5,0.7879,1
NShelbyRd(blue)_SHB_12.11.2025_LS,SHB,1477,8556,142.64,537.9,290.0,41.2,29.7,0.7268,1
NShelbyRd(blue)_SHB_12.11.2025_LS,SHB,1477,8557,142.65,533.6,290.3,41.7,29.7,0.7415,1
NShelbyRd(blue)_SHB_12.11.2025_LS,SHB,1477,8558,142.67,529.1,290.3,41.3,29.5,0.7514,1
NShelbyRd(blue)_SHB_12.11.2025_LS,SHB,1477,8559,142.69,525.0,289.8,41.0,30.3,0.7522,1
NShelbyRd(blue)_SHB_12.11.2025_LS,SHB,1477,8560,142.7,520.8,290.1,41.3,30.6,0.7551,1
NShelbyRd(blue)_SHB_12.11.2025_LS,SHB,1477,8561,142.72,517.0,291.5,41.0,30.3,0.7788,1
NShelbyRd(blue)_SHB_12.11.2025_LS,SHB,1477,8562,142.74,512.9,291.7,40.8,30.6,0.7753,1
NShelbyRd(blue)_SHB_12.11.2025_LS,SHB,1477,8563,142.75,509.0,292.6,41.6,30.6,0.7817,1
NShelbyRd(blue)_SHB_12.11.2025_LS,SHB,1477,8564,142.77,504.9,292.7,41.4,30.8,0.7706,1
NShelbyRd(blue)_SHB_12.11.2025_LS,SHB,1477,8565,142.79,501.3,292.5,41.6,29.9,0.7652,1
NShelbyRd(blue)_SHB_12.11.2025_LS,SHB,1477,8566,142.8,497.8,292.8,42.1,29.8,0.7807,1
NShelbyRd(blue)_SHB_12.11.2025_LS,SHB,1477,8567,142.82,493.9,292.7,42.4,29.2,0.7914,1
NShelbyRd(blue)_SHB_12.11.2025_LS,SHB,1477,8568,142.84,489.9,293.0,42.7,29.8,0.7663,1
NShelbyRd(blue)_SHB_12.11.2025_LS,SHB,1477,8569,142.85,485.7,293.5,42.7,30.7,0.7688,1
NShelbyRd(blue)_SHB_12.11.2025_LS,SHB,1477,8570,142.87,482.0,294.1,42.5,31.3,0.7661,1
NShelbyRd(blue)_SHB_12.11.2025_LS,SHB,1477,8571,142.89,478.4,294.5,43.0,32.1,0.7698,1
NShelbyRd(blue)_SHB_12.11.2025_LS,SHB,1477,8572,142.9,474.1,294.6,43.3,32.7,0.7699,1
NShelbyRd(blue)_SHB_12.11.2025_LS,SHB,1477,8573,142.92,470.7,294.0,43.0,31.6,0.7775,1
NShelbyRd(blue)_SHB_12.11.2025_LS,SHB,1477,8574,142.94,466.9,294.0,43.0,31.5,0.732,1
NShelbyRd(blue)_SHB_12.11.2025_LS,SHB,1477,8575,142.95,463.3,292.8,43.1,30.2,0.7726,1
NShelbyRd(blue)_SHB_12.11.2025_LS,SHB,1477,8576,142.97,458.2,292.4,42.7,30.0,0.7762,1
NShelbyRd(blue)_SHB_12.11.2025_LS,SHB,1477,8577,142.99,453.0,292.0,39.2,28.4,0.7436,1
NShelbyRd(blue)_SHB_12.11.2025_LS,SHB,1477,8578,143.0,448.3,291.8,37.7,29.0,0.7473,1
NShelbyRd(blue)_SHB_12.11.2025_LS,SHB,1477,8579,143.02,443.5,291.3,35.7,29.0,0.7227,1
NShelbyRd(blue)_SHB_12.11.2025_LS,SHB,1477,8580,143.04,438.5,291.3,34.0,28.9,0.6956,1
NShelbyRd(blue)_SHB_12.11.2025_LS,SHB,1477,8581,143.05,433.7,291.2,33.8,28.7,0.6705,1
NShelbyRd(blue)_SHB_12.11.2025_LS,SHB,1477,8582,143.07,428.9,290.8,32.5,28.8,0.5278,1
NShelbyRd(blue)_SHB_12.11.2025_LS,SHB,1477,8585,143.12,408.0,290.1,34.0,29.6,0.5232,1
NShelbyRd(blue)_SHB_12.11.2025_LS,SHB,1477,8586,143.14,403.9,289.0,36.3,32.2,0.6464,1
NShelbyRd(blue)_SHB_12.11.2025_LS,SHB,1477,8587,143.15,397.6,289.1,33.5,31.1,0.5645,1
NShelbyRd(blue)_SHB_12.11.2025_LS,SHB,1477,8588,143.17,392.1,290.4,29.8,29.2,0.4681,1
NShelbyRd(blue)_SHB_12.11.2025_LS,SHB,1477,8589,143.19,389.0,289.5,31.6,28.4,0.3171,1
NShelbyRd(blue)_SHB_12.11.2025_LS,SHB,1477,8591,143.22,379.8,290.9,29.2,27.6,0.5498,1
NShelbyRd(blue)_SHB_12.11.2025_LS,SHB,1477,8592,143.24,374.7,291.9,28.5,28.2,0.5326,1
NShelbyRd(blue)_SHB_12.11.2025_LS,SHB,1477,8593,143.25,370.0,293.0,27.6,28.7,0.5579,1
NShelbyRd(blue)_SHB_12.11.2025_LS,SHB,1479,8541,142.39,630.1,278.5,18.6,24.0,0.6816,0
NShelbyRd(blue)_SHB_12.11.2025_LS,SHB,1479,8542,142.4,627.9,278.6,21.0,23.9,0.6638,0
NShelbyRd(blue)_SHB_12.11.2025_LS,SHB,1479,8543,142.42,624.7,280.2,23.5,25.2,0.6816,0
NShelbyRd(blue)_SHB_12.11.2025_LS,SHB,1479,8544,142.44,621.7,280.3,24.9,26.1,0.6487,0
NShelbyRd(blue)_SHB_12.11.2025_LS,SHB,1479,8545,142.45,618.6,280.2,24.8,26.0,0.7161,0
NShelbyRd(blue)_SHB_12.11.2025_LS,SHB,1479,8546,142.47,616.0,280.2,24.0,25.3,0.7415,0
NShelbyRd(blue)_SHB_12.11.2025_LS,SHB,1479,8547,142.49,612.9,280.3,24.6,25.2,0.7341,0
NShelbyRd(blue)_SHB_12.11.2025_LS,SHB,1479,8548,142.5,609.5,281.3,25.5,26.3,0.7757,0
NShelbyRd(blue)_SHB_12.11.2025_LS,SHB,1479,8549,142.52,606.2,281.4,24.8,25.1,0.7534,0
NShelbyRd(blue)_SHB_12.11.2025_LS,SHB,1479,8550,142.54,603.4,281.2,24.5,23.3,0.744,0
NShelbyRd(blue)_SHB_12.11.2025_LS,SHB,1479,8551,142.55,599.4,281.8,24.5,22.7,0.7302,0
NShelbyRd(blue)_SHB_12.11.2025_LS,SHB,1479,8552,142.57,596.6,281.7,24.7,22.4,0.507,0
NShelbyRd(blue)_SHB_12.11.2025_LS,SHB,1479,8553,142.59,594.2,281.7,24.8,21.5,0.3899,0
NShelbyRd(blue)_SHB_12.11.2025_LS,SHB,1480,8554,142.6,519.2,286.2,28.7,31.5,0.5314,1
NShelbyRd(blue)_SHB_12.11.2025_LS,SHB,1480,8555,142.62,513.4,284.5,26.1,28.9,0.5099,1
NShelbyRd(blue)_SHB_12.11.2025_LS,SHB,1480,8556,142.64,509.1,286.2,26.9,28.2,0.5493,1
NShelbyRd(blue)_SHB_12.11.2025_LS,SHB,1480,8557,142.65,503.4,286.0,25.0,28.6,0.6529,1
NShelbyRd(blue)_SHB_12.11.2025_LS,SHB,1480,8558,142.67,500.5,286.7,27.3,29.2,0.6027,1
NShelbyRd(blue)_SHB_12.11.2025_LS,SHB,1480,8559,142.69,497.0,286.5,28.0,30.3,0.465,1
NShelbyRd(blue)_SHB_12.11.2025_LS,SHB,1480,8560,142.7,493.9,286.9,28.1,30.4,0.5301,1
NShelbyRd(blue)_SHB_12.11.2025_LS,SHB,1480,8561,142.72,490.8,287.9,29.2,30.0,0.4813,1
NShelbyRd(blue)_SHB_12.11.2025_LS,SHB,1480,8565,142.79,474.4,290.0,26.0,30.5,0.3537,1
NShelbyRd(blue)_SHB_12.11.2025_LS,SHB,1480,8566,142.8,471.1,290.7,26.4,31.8,0.4164,1
NShelbyRd(blue)_SHB_12.11.2025_LS,SHB,1480,8568,142.84,462.5,291.0,24.4,31.0,0.3269,1
NShelbyRd(blue)_SHB_12.11.2025_LS,SHB,1480,8573,142.92,444.7,290.7,23.1,30.6,0.3332,1
NShelbyRd(blue)_SHB_12.11.2025_LS,SHB,1481,8572,142.9,627.8,277.7,22.5,41.5,0.6882,1
NShelbyRd(blue)_SHB_12.11.2025_LS,SHB,1481,8573,142.92,625.4,278.8,25.9,43.8,0.7648,1
NShelbyRd(blue)_SHB_12.11.2025_LS,SHB,1481,8574,142.94,623.3,280.4,30.6,44.2,0.7974,1
NShelbyRd(blue)_SHB_12.11.2025_LS,SHB,1481,8575,142.95,620.9,280.2,35.3,42.8,0.7955,1
NShelbyRd(blue)_SHB_12.11.2025_LS,SHB,1481,8576,142.97,617.4,279.7,38.1,43.9,0.7842,1
NShelbyRd(blue)_SHB_12.11.2025_LS,SHB,1481,8577,142.99,613.8,279.7,39.4,44.5,0.8175,1
NShelbyRd(blue)_SHB_12.11.2025_LS,SHB,1481,8578,143.0,610.8,279.4,38.8,44.3,0.7696,1
NShelbyRd(blue)_SHB_12.11.2025_LS,SHB,1481,8579,143.02,607.4,279.1,37.6,44.3,0.7813,1
NShelbyRd(blue)_SHB_12.11.2025_LS,SHB,1481,8580,143.04,602.6,280.0,37.3,44.7,0.7954,1
NShelbyRd(blue)_SHB_12.11.2025_LS,SHB,1481,8581,143.05,599.0,279.7,37.8,43.6,0.8155,1
NShelbyRd(blue)_SHB_12.11.2025_LS,SHB,1481,8582,143.07,595.7,279.7,38.6,43.3,0.7693,1
NShelbyRd(blue)_SHB_12.11.2025_LS,SHB,1481,8583,143.09,590.6,279.8,37.8,43.7,0.7948,1
NShelbyRd(blue)_SHB_12.11.2025_LS,SHB,1481,8584,143.1,585.9,278.9,38.5,44.2,0.8091,1
NShelbyRd(blue)_SHB_12.11.2025_LS,SHB,1481,8585,143.12,582.5,279.4,37.5,44.4,0.8102,1
NShelbyRd(blue)_SHB_12.11.2025_LS,SHB,1481,8586,143.14,578.5,279.4,38.0,44.1,0.7977,1
NShelbyRd(blue)_SHB_12.11.2025_LS,SHB,1481,8587,143.15,574.0,278.9,38.7,45.0,0.8405,1
NShelbyRd(blue)_SHB_12.11.2025_LS,SHB,1481,8588,143.17,569.4,279.1,37.2,44.4,0.7998,1
NShelbyRd(blue)_SHB_12.11.2025_LS,SHB,1481,8589,143.19,565.1,279.2,35.5,44.1,0.8366,1
NShelbyRd(blue)_SHB_12.11.2025_LS,SHB,1481,8590,143.2,560.7,279.8,35.0,43.8,0.7843,1
NShelbyRd(blue)_SHB_12.11.2025_LS,SHB,1481,8591,143.22,556.2,280.8,35.5,43.6,0.7767,1
NShelbyRd(blue)_SHB_12.11.2025_LS,SHB,1481,8592,143.24,551.6,280.5,35.0,43.2,0.7749,1
NShelbyRd(blue)_SHB_12.11.2025_LS,SHB,1481,8593,143.25,547.3,280.8,36.0,44.4,0.7734,1
NShelbyRd(blue)_SHB_12.11.2025_LS,SHB,1481,8594,143.27,543.1,280.7,35.9,44.2,0.8035,1
NShelbyRd(blue)_SHB_12.11.2025_LS,SHB,1481,8595,143.29,538.5,280.4,37.5,44.8,0.7979,1
NShelbyRd(blue)_SHB_12.11.2025_LS,SHB,1481,8596,143.3,534.6,280.9,37.5,44.5,0.8015,1
NShelbyRd(blue)_SHB_12.11.2025_LS,SHB,1481,8597,143.32,530.1,280.1,38.6,45.0,0.7916,1
NShelbyRd(blue)_SHB_12.11.2025_LS,SHB,1481,8598,143.34,526.6,280.7,37.6,44.9,0.7936,1
NShelbyRd(blue)_SHB_12.11.2025_LS,SHB,1481,8599,143.35,521.8,281.2,36.6,45.0,0.8087,1
NShelbyRd(blue)_SHB_12.11.2025_LS,SHB,1481,8600,143.37,516.3,281.2,34.5,45.1,0.7833,1
NShelbyRd(blue)_SHB_12.11.2025_LS,SHB,1481,8601,143.39,511.9,281.5,34.0,44.7,0.7915,1
NShelbyRd(blue)_SHB_12.11.2025_LS,SHB,1481,8602,143.4,507.0,280.8,34.4,44.1,0.7629,1
NShelbyRd(blue)_SHB_12.11.2025_LS,SHB,1481,8603,143.42,502.3,281.3,34.6,43.1,0.7784,1
NShelbyRd(blue)_SHB_12.11.2025_LS,SHB,1481,8604,143.44,498.1,281.3,34.5,43.7,0.7839,1
NShelbyRd(blue)_SHB_12.11.2025_LS,SHB,1481,8605,143.45,494.0,281.5,32.4,43.2,0.781,1
NShelbyRd(blue)_SHB_12.11.2025_LS,SHB,1481,8606,143.47,489.6,282.0,32.5,43.5,0.8028,1
NShelbyRd(blue)_SHB_12.11.2025_LS,SHB,1481,8607,143.49,484.7,281.0,33.1,44.2,0.7816,1
NShelbyRd(blue)_SHB_12.11.2025_LS,SHB,1481,8608,143.5,480.7,281.0,31.8,43.9,0.8034,1
NShelbyRd(blue)_SHB_12.11.2025_LS,SHB,1481,8609,143.52,476.1,283.4,32.6,45.5,0.6964,1
NShelbyRd(blue)_SHB_12.11.2025_LS,SHB,1481,8610,143.54,472.8,281.3,35.7,47.1,0.7904,1
NShelbyRd(blue)_SHB_12.11.2025_LS,SHB,1481,8611,143.55,470.1,285.6,36.7,48.7,0.7046,1
NShelbyRd(blue)_SHB_12.11.2025_LS,SHB,1481,8612,143.57,463.6,286.6,34.9,48.2,0.6642,1
NShelbyRd(blue)_SHB_12.11.2025_LS,SHB,1481,8621,143.72,428.0,280.9,30.6,44.1,0.6566,1
NShelbyRd(blue)_SHB_12.11.2025_LS,SHB,1481,8622,143.74,420.8,283.4,31.4,42.8,0.7473,1
NShelbyRd(blue)_SHB_12.11.2025_LS,SHB,1481,8623,143.75,413.8,283.9,34.4,42.9,0.7673,1
NShelbyRd(blue)_SHB_12.11.2025_LS,SHB,1481,8624,143.77,407.9,284.2,36.1,43.0,0.7611,1
NShelbyRd(blue)_SHB_12.11.2025_LS,SHB,1481,8625,143.79,399.8,283.9,40.8,42.2,0.8145,1
NShelbyRd(blue)_SHB_12.11.2025_LS,SHB,1481,8626,143.8,393.1,284.1,43.2,43.1,0.8244,1
NShelbyRd(blue)_SHB_12.11.2025_LS,SHB,1481,8627,143.82,387.9,285.3,43.2,42.4,0.8039,1
NShelbyRd(blue)_SHB_12.11.2025_LS,SHB,1481,8628,143.84,382.8,285.0,40.7,41.7,0.8147,1
NShelbyRd(blue)_SHB_12.11.2025_LS,SHB,1481,8629,143.85,378.0,286.1,40.5,41.4,0.854,1
NShelbyRd(blue)_SHB_12.11.2025_LS,SHB,1481,8630,143.87,373.7,287.0,40.3,42.3,0.8258,1
NShelbyRd(blue)_SHB_12.11.2025_LS,SHB,1481,8631,143.89,368.5,287.1,39.7,43.1,0.8217,1
NShelbyRd(blue)_SHB_12.11.2025_LS,SHB,1481,8632,143.9,363.5,288.1,39.9,43.4,0.806,1
NShelbyRd(blue)_SHB_12.11.2025_LS,SHB,1481,8633,143.92,360.9,287.4,39.5,43.8,0.8009,1
NShelbyRd(blue)_SHB_12.11.2025_LS,SHB,1481,8634,143.94,356.5,286.4,38.7,44.5,0.7913,1
NShelbyRd(blue)_SHB_12.11.2025_LS,SHB,1481,8635,143.95,352.7,287.0,38.2,46.0,0.7692,1
NShelbyRd(blue)_SHB_12.11.2025_LS,SHB,1481,8636,143.97,348.3,286.9,37.7,46.5,0.789,1
NShelbyRd(blue)_SHB_12.11.2025_LS,SHB,1481,8637,143.99,343.1,286.8,38.8,46.7,0.7737,1
NShelbyRd(blue)_SHB_12.11.2025_LS,SHB,1481,8638,144.0,338.7,286.7,38.9,46.8,0.7786,1
NShelbyRd(blue)_SHB_12.11.2025_LS,SHB,1481,8639,144.02,332.9,287.2,37.7,46.5,0.799,1
NShelbyRd(blue)_SHB_12.11.2025_LS,SHB,1481,8640,144.04,328.5,287.8,34.9,45.6,0.779,1
NShelbyRd(blue)_SHB_12.11.2025_LS,SHB,1481,8641,144.05,323.6,287.3,36.3,45.5,0.7599,1
NShelbyRd(blue)_SHB_12.11.2025_LS,SHB,1481,8642,144.07,319.6,286.8,37.8,46.1,0.7292,1
NShelbyRd(blue)_SHB_12.11.2025_LS,SHB,1481,8643,144.09,313.6,288.0,36.3,43.9,0.7366,1
NShelbyRd(blue)_SHB_12.11.2025_LS,SHB,1481,8644,144.1,308.3,288.0,40.4,44.6,0.7025,1
NShelbyRd(blue)_SHB_12.11.2025_LS,SHB,1481,8645,144.12,303.1,288.4,41.3,44.6,0.7438,1
NShelbyRd(blue)_SHB_12.11.2025_LS,SHB,1481,8646,144.14,299.7,288.5,41.4,45.5,0.7392,1
NShelbyRd(blue)_SHB_12.11.2025_LS,SHB,1481,8647,144.15,295.8,289.1,42.3,45.7,0.7047,1
NShelbyRd(blue)_SHB_12.11.2025_LS,SHB,1481,8648,144.17,293.1,289.5,38.9,45.2,0.6922,1
NShelbyRd(blue)_SHB_12.11.2025_LS,SHB,1481,8649,144.19,283.4,290.1,33.9,43.5,0.6673,1
NShelbyRd(blue)_SHB_12.11.2025_LS,SHB,1481,8650,144.2,276.0,290.9,32.7,43.8,0.7001,1
NShelbyRd(blue)_SHB_12.11.2025_LS,SHB,1481,8651,144.22,270.0,291.0,33.4,43.4,0.747,1
NShelbyRd(blue)_SHB_12.11.2025_LS,SHB,1481,8652,144.24,264.7,291.1,33.9,43.0,0.7608,1
NShelbyRd(blue)_SHB_12.11.2025_LS,SHB,1481,8653,144.25,259.9,291.6,34.6,43.0,0.7584,1
NShelbyRd(blue)_SHB_12.11.2025_LS,SHB,1481,8654,144.27,254.0,291.6,35.6,43.4,0.7565,1
NShelbyRd(blue)_SHB_12.11.2025_LS,SHB,1481,8655,144.29,250.9,291.6,35.8,44.0,0.7489,1
NShelbyRd(blue)_SHB_12.11.2025_LS,SHB,1481,8656,144.3,244.2,292.2,36.1,43.9,0.736,1
NShelbyRd(blue)_SHB_12.11.2025_LS,SHB,1481,8657,144.32,239.5,291.5,36.7,44.9,0.7494,1
NShelbyRd(blue)_SHB_12.11.2025_LS,SHB,1481,8658,144.34,233.6,292.6,36.4,45.3,0.7702,1
NShelbyRd(blue)_SHB_12.11.2025_LS,SHB,1481,8659,144.35,229.6,293.4,35.7,45.7,0.776,1
NShelbyRd(blue)_SHB_12.11.2025_LS,SHB,1481,8660,144.37,223.9,291.9,35.9,44.0,0.7976,1
NShelbyRd(blue)_SHB_12.11.2025_LS,SHB,1481,8661,144.39,219.0,293.5,36.0,44.5,0.7579,1
NShelbyRd(blue)_SHB_12.11.2025_LS,SHB,1481,8662,144.4,213.2,294.1,35.3,43.3,0.7607,1
NShelbyRd(blue)_SHB_12.11.2025_LS,SHB,1481,8663,144.42,208.2,292.9,36.1,43.4,0.7129,1
NShelbyRd(blue)_SHB_12.11.2025_LS,SHB,1481,8664,144.44,203.3,294.2,35.5,44.5,0.736,1
NShelbyRd(blue)_SHB_12.11.2025_LS,SHB,1481,8665,144.45,198.4,294.5,34.7,45.3,0.7505,1
NShelbyRd(blue)_SHB_12.11.2025_LS,SHB,1481,8666,144.47,192.5,294.5,35.2,44.6,0.7072,1
NShelbyRd(blue)_SHB_12.11.2025_LS,SHB,1481,8667,144.49,187.4,293.8,35.6,44.2,0.7488,1
NShelbyRd(blue)_SHB_12.11.2025_LS,SHB,1481,8668,144.5,182.3,293.6,35.5,43.4,0.6905,1
NShelbyRd(blue)_SHB_12.11.2025_LS,SHB,1481,8669,144.52,176.3,293.3,37.0,42.9,0.7303,1
NShelbyRd(blue)_SHB_12.11.2025_LS,SHB,1481,8670,144.54,171.2,293.7,36.9,43.2,0.7269,1
NShelbyRd(blue)_SHB_12.11.2025_LS,SHB,1481,8671,144.55,166.6,294.5,36.9,43.7,0.6927,1
NShelbyRd(blue)_SHB_12.11.2025_LS,SHB,1481,8672,144.57,160.6,294.1,36.3,43.2,0.6759,1
NShelbyRd(blue)_SHB_12.11.2025_LS,SHB,1481,8673,144.59,154.4,293.5,35.0,44.0,0.6466,1
NShelbyRd(blue)_SHB_12.11.2025_LS,SHB,1481,8674,144.6,149.2,293.8,34.4,42.1,0.6571,1
NShelbyRd(blue)_SHB_12.11.2025_LS,SHB,1481,8675,144.62,143.7,293.1,34.8,42.1,0.7004,1
NShelbyRd(blue)_SHB_12.11.2025_LS,SHB,1481,8676,144.64,138.4,293.7,35.7,43.3,0.6772,1
NShelbyRd(blue)_SHB_12.11.2025_LS,SHB,1481,8677,144.65,133.5,294.2,34.4,42.6,0.6189,1
NShelbyRd(blue)_SHB_12.11.2025_LS,SHB,1481,8678,144.67,128.1,293.7,34.6,43.0,0.7066,1
NShelbyRd(blue)_SHB_12.11.2025_LS,SHB,1481,8679,144.69,123.0,294.8,33.8,43.6,0.6362,1
NShelbyRd(blue)_SHB_12.11.2025_LS,SHB,1481,8680,144.7,116.9,292.6,35.1,41.9,0.7367,1
NShelbyRd(blue)_SHB_12.11.2025_LS,SHB,1481,8681,144.72,111.5,293.8,35.4,43.3,0.7108,1
NShelbyRd(blue)_SHB_12.11.2025_LS,SHB,1481,8682,144.74,106.9,293.5,37.0,42.8,0.6702,1
NShelbyRd(blue)_SHB_12.11.2025_LS,SHB,1481,8683,144.75,101.8,294.1,35.5,42.5,0.6172,1
NShelbyRd(blue)_SHB_12.11.2025_LS,SHB,1481,8684,144.77,95.5,294.6,35.4,41.7,0.6909,1
NShelbyRd(blue)_SHB_12.11.2025_LS,SHB,1481,8685,144.79,88.7,294.3,36.4,41.6,0.72,1
NShelbyRd(blue)_SHB_12.11.2025_LS,SHB,1481,8686,144.8,83.0,294.6,35.3,42.1,0.698,1
NShelbyRd(blue)_SHB_12.11.2025_LS,SHB,1481,8687,144.82,78.9,294.5,35.5,41.5,0.643,1
NShelbyRd(blue)_SHB_12.11.2025_LS,SHB,1481,8688,144.84,73.4,294.1,36.2,40.4,0.7132,1
NShelbyRd(blue)_SHB_12.11.2025_LS,SHB,1481,8689,144.85,67.6,295.5,36.7,41.6,0.6505,1
NShelbyRd(blue)_SHB_12.11.2025_LS,SHB,1481,8690,144.87,62.1,296.0,35.0,42.7,0.7186,1
NShelbyRd(blue)_SHB_12.11.2025_LS,SHB,1481,8691,144.89,56.4,296.3,34.5,42.8,0.7367,1
NShelbyRd(blue)_SHB_12.11.2025_LS,SHB,1481,8692,144.9,51.1,297.0,36.7,42.8,0.7353,1
NShelbyRd(blue)_SHB_12.11.2025_LS,SHB,1481,8693,144.92,46.5,296.9,37.9,43.5,0.7561,1
NShelbyRd(blue)_SHB_12.11.2025_LS,SHB,1481,8694,144.94,40.4,296.9,37.1,44.3,0.7648,1
NShelbyRd(blue)_SHB_12.11.2025_LS,SHB,1481,8695,144.95,33.6,296.3,36.7,43.4,0.7511,1
NShelbyRd(blue)_SHB_12.11.2025_LS,SHB,1481,8696,144.97,28.2,297.4,36.9,43.4,0.7703,1
NShelbyRd(blue)_SHB_12.11.2025_LS,SHB,1481,8697,144.99,23.5,296.1,37.9,43.6,0.6752,1
NShelbyRd(blue)_SHB_12.11.2025_LS,SHB,1481,8698,145.0,18.3,296.5,35.3,43.1,0.7551,1
NShelbyRd(blue)_SHB_12.11.2025_LS,SHB,1481,8699,145.02,14.1,296.1,28.2,44.5,0.6895,1
NShelbyRd(blue)_SHB_12.11.2025_LS,SHB,1481,8700,145.04,12.2,296.4,24.4,44.1,0.7401,1
NShelbyRd(blue)_SHB_12.11.2025_LS,SHB,1484,8588,143.17,354.8,290.1,26.5,29.1,0.487,0
NShelbyRd(blue)_SHB_12.11.2025_LS,SHB,1484,8589,143.19,349.7,289.3,29.0,30.2,0.5131,0
NShelbyRd(blue)_SHB_12.11.2025_LS,SHB,1484,8590,143.2,345.2,288.9,30.7,31.9,0.3521,0
NShelbyRd(blue)_SHB_12.11.2025_LS,SHB,1484,8591,143.22,341.1,289.8,32.1,30.1,0.3665,0
NShelbyRd(blue)_SHB_12.11.2025_LS,SHB,1484,8593,143.25,332.0,288.5,34.3,28.4,0.3669,0
NShelbyRd(blue)_SHB_12.11.2025_LS,SHB,1484,8594,143.27,328.9,288.6,32.6,27.9,0.498,0
NShelbyRd(blue)_SHB_12.11.2025_LS,SHB,1484,8595,143.29,323.7,288.8,34.2,28.3,0.5901,0
NShelbyRd(blue)_SHB_12.11.2025_LS,SHB,1484,8596,143.3,319.0,290.1,35.2,29.6,0.6695,0
NShelbyRd(blue)_SHB_12.11.2025_LS,SHB,1484,8597,143.32,313.9,289.2,36.0,30.5,0.5476,0
NShelbyRd(blue)_SHB_12.11.2025_LS,SHB,1484,8598,143.34,308.7,290.0,37.3,30.3,0.4702,0
NShelbyRd(blue)_SHB_12.11.2025_LS,SHB,1484,8601,143.39,287.1,289.8,30.0,24.7,0.4758,0
NShelbyRd(blue)_SHB_12.11.2025_LS,SHB,1484,8602,143.4,278.9,289.6,28.2,22.8,0.4972,0
NShelbyRd(blue)_SHB_12.11.2025_LS,SHB,1485,8595,143.29,475.0,284.6,23.9,23.1,0.6134,1
NShelbyRd(blue)_SHB_12.11.2025_LS,SHB,1485,8596,143.3,472.1,284.9,23.9,21.8,0.5794,1
NShelbyRd(blue)_SHB_12.11.2025_LS,SHB,1485,8597,143.32,469.4,284.9,23.5,21.9,0.5596,1
NShelbyRd(blue)_SHB_12.11.2025_LS,SHB,1485,8598,143.34,466.5,285.4,23.5,21.5,0.6707,1
NShelbyRd(blue)_SHB_12.11.2025_LS,SHB,1485,8599,143.35,462.6,285.6,23.8,21.8,0.7089,1
NShelbyRd(blue)_SHB_12.11.2025_LS,SHB,1485,8600,143.37,458.4,285.4,25.3,23.1,0.7579,1
NShelbyRd(blue)_SHB_12.11.2025_LS,SHB,1485,8601,143.39,455.3,285.6,25.7,23.0,0.6746,1
NShelbyRd(blue)_SHB_12.11.2025_LS,SHB,1485,8602,143.4,452.9,285.4,25.4,22.2,0.7041,1
NShelbyRd(blue)_SHB_12.11.2025_LS,SHB,1485,8603,143.42,449.6,284.7,24.3,21.5,0.6996,1
NShelbyRd(blue)_SHB_12.11.2025_LS,SHB,1485,8604,143.44,446.1,285.0,23.9,21.6,0.7498,1
NShelbyRd(blue)_SHB_12.11.2025_LS,SHB,1485,8605,143.45,443.5,285.5,24.9,21.5,0.7393,1
NShelbyRd(blue)_SHB_12.11.2025_LS,SHB,1485,8606,143.47,439.9,286.3,25.1,22.4,0.6867,1
NShelbyRd(blue)_SHB_12.11.2025_LS,SHB,1485,8607,143.49,436.4,285.4,25.1,23.3,0.7585,1
NShelbyRd(blue)_SHB_12.11.2025_LS,SHB,1485,8608,143.5,433.6,284.0,24.1,23.5,0.729,1
NShelbyRd(blue)_SHB_12.11.2025_LS,SHB,1485,8609,143.52,430.1,286.3,24.0,24.2,0.7288,1
NShelbyRd(blue)_SHB_12.11.2025_LS,SHB,1485,8610,143.54,426.5,283.5,24.0,24.2,0.7343,1
NShelbyRd(blue)_SHB_12.11.2025_LS,SHB,1485,8611,143.55,424.9,286.1,23.9,25.5,0.7021,1
NShelbyRd(blue)_SHB_12.11.2025_LS,SHB,1485,8612,143.57,420.6,287.0,23.5,25.6,0.7296,1
NShelbyRd(blue)_SHB_12.11.2025_LS,SHB,1485,8613,143.59,416.7,283.0,24.5,24.4,0.6921,1
NShelbyRd(blue)_SHB_12.11.2025_LS,SHB,1485,8614,143.6,415.5,286.8,25.2,24.8,0.651,1
NShelbyRd(blue)_SHB_12.11.2025_LS,SHB,1485,8615,143.62,412.6,285.0,24.4,25.4,0.6148,1
NShelbyRd(blue)_SHB_12.11.2025_LS,SHB,1485,8616,143.64,408.4,285.0,25.9,25.8,0.6746,1
NShelbyRd(blue)_SHB_12.11.2025_LS,SHB,1485,8617,143.65,407.1,287.0,25.8,26.1,0.6165,1
NShelbyRd(blue)_SHB_12.11.2025_LS,SHB,1485,8652,144.24,286.7,296.0,25.8,28.7,0.3784,1
NShelbyRd(blue)_SHB_12.11.2025_LS,SHB,1485,8653,144.25,284.4,296.8,25.9,29.1,0.5464,1
NShelbyRd(blue)_SHB_12.11.2025_LS,SHB,1485,8654,144.27,280.8,296.5,25.6,28.6,0.5107,1
NShelbyRd(blue)_SHB_12.11.2025_LS,SHB,1485,8655,144.29,278.6,296.3,24.7,27.7,0.6507,1
NShelbyRd(blue)_SHB_12.11.2025_LS,SHB,1485,8656,144.3,273.9,296.9,25.3,27.8,0.6418,1
NShelbyRd(blue)_SHB_12.11.2025_LS,SHB,1485,8657,144.32,271.6,296.5,25.9,28.7,0.5978,1
NShelbyRd(blue)_SHB_12.11.2025_LS,SHB,1485,8658,144.34,267.3,297.6,25.5,28.8,0.6464,1
NShelbyRd(blue)_SHB_12.11.2025_LS,SHB,1485,8659,144.35,264.6,297.7,25.5,29.0,0.6475,1
NShelbyRd(blue)_SHB_12.11.2025_LS,SHB,1485,8660,144.37,260.6,296.6,24.9,28.4,0.661,1
NShelbyRd(blue)_SHB_12.11.2025_LS,SHB,1485,8661,144.39,256.9,297.4,25.6,28.9,0.7215,1
NShelbyRd(blue)_SHB_12.11.2025_LS,SHB,1485,8662,144.4,252.8,297.5,25.8,28.4,0.7239,1
NShelbyRd(blue)_SHB_12.11.2025_LS,SHB,1485,8663,144.42,248.8,296.3,25.7,29.2,0.7034,1
NShelbyRd(blue)_SHB_12.11.2025_LS,SHB,1485,8664,144.44,245.0,297.2,26.1,28.7,0.7031,1
NShelbyRd(blue)_SHB_12.11.2025_LS,SHB,1485,8665,144.45,241.1,296.2,26.1,27.9,0.7046,1
NShelbyRd(blue)_SHB_12.11.2025_LS,SHB,1485,8666,144.47,237.5,297.2,26.3,27.7,0.745,1
NShelbyRd(blue)_SHB_12.11.2025_LS,SHB,1485,8667,144.49,233.1,295.7,26.0,26.8,0.7473,1
NShelbyRd(blue)_SHB_12.11.2025_LS,SHB,1485,8668,144.5,229.5,295.5,25.9,25.4,0.7364,1
NShelbyRd(blue)_SHB_12.11.2025_LS,SHB,1485,8669,144.52,226.5,295.9,24.4,25.2,0.7272,1
NShelbyRd(blue)_SHB_12.11.2025_LS,SHB,1485,8670,144.54,222.8,296.2,24.5,24.7,0.7209,1
NShelbyRd(blue)_SHB_12.11.2025_LS,SHB,1485,8671,144.55,219.1,297.3,24.2,25.3,0.7177,1
NShelbyRd(blue)_SHB_12.11.2025_LS,SHB,1485,8672,144.57,215.7,297.5,23.7,25.3,0.7284,1
NShelbyRd(blue)_SHB_12.11.2025_LS,SHB,1485,8673,144.59,211.7,297.0,23.6,25.4,0.7219,1
NShelbyRd(blue)_SHB_12.11.2025_LS,SHB,1485,8674,144.6,207.9,297.4,23.7,25.9,0.7135,1
NShelbyRd(blue)_SHB_12.11.2025_LS,SHB,1485,8675,144.62,204.1,296.3,23.3,25.9,0.7192,1
NShelbyRd(blue)_SHB_12.11.2025_LS,SHB,1485,8676,144.64,200.5,296.9,23.7,25.6,0.7031,1
NShelbyRd(blue)_SHB_12.11.2025_LS,SHB,1485,8677,144.65,196.7,296.7,24.5,25.7,0.7149,1
NShelbyRd(blue)_SHB_12.11.2025_LS,SHB,1485,8678,144.67,193.0,296.6,24.9,27.0,0.6644,1
NShelbyRd(blue)_SHB_12.11.2025_LS,SHB,1485,8679,144.69,189.4,296.8,25.8,27.2,0.6881,1
NShelbyRd(blue)_SHB_12.11.2025_LS,SHB,1485,8680,144.7,184.8,295.3,25.4,26.6,0.6843,1
NShelbyRd(blue)_SHB_12.11.2025_LS,SHB,1485,8681,144.72,180.9,296.9,25.7,28.4,0.7031,1
NShelbyRd(blue)_SHB_12.11.2025_LS,SHB,1485,8682,144.74,177.4,296.6,24.7,26.7,0.7293,1
NShelbyRd(blue)_SHB_12.11.2025_LS,SHB,1485,8683,144.75,172.5,296.2,25.2,26.7,0.6502,1
NShelbyRd(blue)_SHB_12.11.2025_LS,SHB,1485,8684,144.77,168.7,296.1,25.2,25.8,0.7288,1
NShelbyRd(blue)_SHB_12.11.2025_LS,SHB,1485,8685,144.79,165.0,295.7,25.5,26.2,0.6842,1
NShelbyRd(blue)_SHB_12.11.2025_LS,SHB,1485,8686,144.8,160.5,296.4,24.6,26.6,0.7575,1
NShelbyRd(blue)_SHB_12.11.2025_LS,SHB,1485,8687,144.82,157.6,297.0,24.4,27.7,0.6647,1
NShelbyRd(blue)_SHB_12.11.2025_LS,SHB,1485,8688,144.84,154.0,297.4,24.8,27.4,0.6698,1
NShelbyRd(blue)_SHB_12.11.2025_LS,SHB,1485,8689,144.85,149.3,297.6,24.7,25.9,0.6425,1
NShelbyRd(blue)_SHB_12.11.2025_LS,SHB,1485,8690,144.87,145.1,298.5,24.4,25.5,0.5388,1
NShelbyRd(blue)_SHB_12.11.2025_LS,SHB,1485,8694,144.94,129.9,300.4,25.2,24.8,0.4167,1
NShelbyRd(blue)_SHB_12.11.2025_LS,SHB,1485,8695,144.95,124.1,300.0,26.4,25.5,0.5818,1
NShelbyRd(blue)_SHB_12.11.2025_LS,SHB,1485,8696,144.97,121.1,300.7,25.5,26.6,0.5455,1
NShelbyRd(blue)_SHB_12.11.2025_LS,SHB,1485,8697,144.99,118.6,301.1,25.8,28.6,0.5991,1
NShelbyRd(blue)_SHB_12.11.2025_LS,SHB,1485,8698,145.0,115.2,300.6,25.1,29.3,0.6212,1
NShelbyRd(blue)_SHB_12.11.2025_LS,SHB,1485,8699,145.02,110.3,300.1,25.5,28.1,0.6293,1
NShelbyRd(blue)_SHB_12.11.2025_LS,SHB,1485,8700,145.04,106.4,300.5,24.7,27.6,0.4378,1
NShelbyRd(blue)_SHB_12.11.2025_LS,SHB,1485,8701,145.05,102.8,300.7,25.3,26.5,0.5136,1
NShelbyRd(blue)_SHB_12.11.2025_LS,SHB,1485,8702,145.07,100.0,299.1,26.6,23.9,0.4696,1
NShelbyRd(blue)_SHB_12.11.2025_LS,SHB,1485,8703,145.09,95.6,299.6,26.3,21.4,0.3238,1
NShelbyRd(blue)_SHB_12.11.2025_LS,SHB,1485,8704,145.1,90.4,299.9,27.4,22.4,0.5986,1
NShelbyRd(blue)_SHB_12.11.2025_LS,SHB,1485,8705,145.12,86.4,300.1,27.5,24.0,0.6057,1
NShelbyRd(blue)_SHB_12.11.2025_LS,SHB,1485,8706,145.14,83.2,300.6,28.4,25.6,0.5304,1
NShelbyRd(blue)_SHB_12.11.2025_LS,SHB,1485,8707,145.15,80.9,301.5,29.2,26.0,0.4852,1
NShelbyRd(blue)_SHB_12.11.2025_LS,SHB,1485,8708,145.17,77.5,301.4,30.2,22.8,0.5955,1
NShelbyRd(blue)_SHB_12.11.2025_LS,SHB,1485,8709,145.19,74.7,302.3,30.8,23.9,0.6088,1
NShelbyRd(blue)_SHB_12.11.2025_LS,SHB,1485,8710,145.2,70.3,302.7,30.7,24.8,0.5516,1
NShelbyRd(blue)_SHB_12.11.2025_LS,SHB,1485,8711,145.22,66.6,302.6,30.3,25.2,0.6084,1
NShelbyRd(blue)_SHB_12.11.2025_LS,SHB,1485,8712,145.24,62.1,302.7,30.4,25.0,0.6406,1
NShelbyRd(blue)_SHB_12.11.2025_LS,SHB,1485,8713,145.25,57.5,302.6,30.3,25.1,0.568,1
NShelbyRd(blue)_SHB_12.11.2025_LS,SHB,1485,8714,145.27,53.8,303.2,29.2,25.3,0.5826,1
NShelbyRd(blue)_SHB_12.11.2025_LS,SHB,1485,8715,145.29,49.3,304.3,29.1,26.0,0.5928,1
NShelbyRd(blue)_SHB_12.11.2025_LS,SHB,1485,8716,145.3,45.0,304.7,29.0,26.4,0.6248,1
NShelbyRd(blue)_SHB_12.11.2025_LS,SHB,1485,8717,145.32,41.2,305.2,28.3,26.3,0.6567,1
NShelbyRd(blue)_SHB_12.11.2025_LS,SHB,1485,8718,145.34,37.0,305.1,28.1,25.6,0.4905,1
NShelbyRd(blue)_SHB_12.11.2025_LS,SHB,1485,8719,145.35,33.7,304.8,26.8,24.8,0.5201,1
NShelbyRd(blue)_SHB_12.11.2025_LS,SHB,1485,8720,145.37,29.2,305.8,27.1,24.6,0.5948,1
NShelbyRd(blue)_SHB_12.11.2025_LS,SHB,1485,8721,145.39,25.6,306.3,27.3,25.7,0.4816,1
NShelbyRd(blue)_SHB_12.11.2025_LS,SHB,1485,8722,145.4,21.2,307.1,27.5,26.7,0.4478,1
NShelbyRd(blue)_SHB_12.11.2025_LS,SHB,1485,8723,145.42,16.7,306.7,26.5,25.8,0.4997,1
NShelbyRd(blue)_SHB_12.11.2025_LS,SHB,1485,8724,145.44,13.1,307.2,26.2,26.7,0.4905,1
NShelbyRd(blue)_SHB_12.11.2025_LS,SHB,1485,8725,145.45,11.4,308.5,22.8,28.3,0.4545,1
NShelbyRd(blue)_SHB_12.11.2025_LS,SHB,1485,8726,145.47,8.9,309.4,17.9,29.2,0.5771,1
NShelbyRd(blue)_SHB_12.11.2025_LS,SHB,1485,8727,145.49,5.9,309.6,11.9,30.7,0.3836,1
NShelbyRd(blue)_SHB_12.11.2025_LS,SHB,1486,8602,143.4,336.9,287.2,24.6,19.4,0.4435,0
NShelbyRd(blue)_SHB_12.11.2025_LS,SHB,1486,8603,143.42,332.5,287.3,24.1,19.6,0.5093,0
NShelbyRd(blue)_SHB_12.11.2025_LS,SHB,1486,8604,143.44,325.0,287.3,25.3,20.8,0.4693,0
NShelbyRd(blue)_SHB_12.11.2025_LS,SHB,1486,8605,143.45,318.5,288.8,25.7,21.9,0.5871,0
NShelbyRd(blue)_SHB_12.11.2025_LS,SHB,1486,8606,143.47,312.1,289.7,25.2,21.3,0.5326,0
NShelbyRd(blue)_SHB_12.11.2025_LS,SHB,1486,8607,143.49,310.2,288.9,25.5,20.6,0.6395,0
NShelbyRd(blue)_SHB_12.11.2025_LS,SHB,1486,8608,143.5,306.1,287.7,25.7,20.1,0.409,0
NShelbyRd(blue)_SHB_12.11.2025_LS,SHB,1486,8609,143.52,301.5,288.2,24.0,19.4,0.6427,0
NShelbyRd(blue)_SHB_12.11.2025_LS,SHB,1486,8610,143.54,297.6,286.2,24.9,20.2,0.5967,0
NShelbyRd(blue)_SHB_12.11.2025_LS,SHB,1486,8611,143.55,292.5,288.5,23.6,19.8,0.5048,0
NShelbyRd(blue)_SHB_12.11.2025_LS,SHB,1488,8617,143.65,227.7,292.3,28.3,27.8,0.5366,1
NShelbyRd(blue)_SHB_12.11.2025_LS,SHB,1488,8619,143.69,218.0,290.0,29.0,25.2,0.3558,1
NShelbyRd(blue)_SHB_12.11.2025_LS,SHB,1488,8620,143.7,211.3,288.9,31.4,25.7,0.5355,1
NShelbyRd(blue)_SHB_12.11.2025_LS,SHB,1488,8621,143.72,206.8,288.7,32.7,26.7,0.5613,1
NShelbyRd(blue)_SHB_12.11.2025_LS,SHB,1488,8622,143.74,201.6,292.7,36.5,27.7,0.7571,1
NShelbyRd(blue)_SHB_12.11.2025_LS,SHB,1488,8623,143.75,195.7,291.9,39.2,29.2,0.7026,1
NShelbyRd(blue)_SHB_12.11.2025_LS,SHB,1488,8624,143.77,189.9,292.5,41.9,30.9,0.7197,1
NShelbyRd(blue)_SHB_12.11.2025_LS,SHB,1488,8625,143.79,183.4,292.7,45.0,32.7,0.7962,1
NShelbyRd(blue)_SHB_12.11.2025_LS,SHB,1488,8626,143.8,178.1,292.9,46.4,33.8,0.7671,1
NShelbyRd(blue)_SHB_12.11.2025_LS,SHB,1488,8627,143.82,173.4,293.4,46.5,34.0,0.7844,1
NShelbyRd(blue)_SHB_12.11.2025_LS,SHB,1488,8628,143.84,168.7,293.1,45.1,34.3,0.7977,1
NShelbyRd(blue)_SHB_12.11.2025_LS,SHB,1488,8629,143.85,163.9,293.0,45.1,34.4,0.8081,1
NShelbyRd(blue)_SHB_12.11.2025_LS,SHB,1488,8630,143.87,159.3,293.9,44.5,33.3,0.8213,1
NShelbyRd(blue)_SHB_12.11.2025_LS,SHB,1488,8631,143.89,154.0,294.1,43.0,32.8,0.8088,1
NShelbyRd(blue)_SHB_12.11.2025_LS,SHB,1488,8632,143.9,149.5,295.0,43.2,31.9,0.7834,1
NShelbyRd(blue)_SHB_12.11.2025_LS,SHB,1488,8633,143.92,145.5,294.5,42.7,33.0,0.7748,1
NShelbyRd(blue)_SHB_12.11.2025_LS,SHB,1488,8634,143.94,140.9,294.6,42.5,34.5,0.7001,1
NShelbyRd(blue)_SHB_12.11.2025_LS,SHB,1488,8635,143.95,136.5,295.1,42.5,33.9,0.772,1
NShelbyRd(blue)_SHB_12.11.2025_LS,SHB,1488,8636,143.97,130.6,294.3,39.2,32.7,0.7255,1
NShelbyRd(blue)_SHB_12.11.2025_LS,SHB,1488,8637,143.99,125.2,294.6,40.8,31.7,0.7753,1
NShelbyRd(blue)_SHB_12.11.2025_LS,SHB,1488,8638,144.0,120.4,294.4,38.2,31.6,0.7635,1
NShelbyRd(blue)_SHB_12.11.2025_LS,SHB,1488,8639,144.02,115.0,293.9,37.3,30.8,0.8095,1
NShelbyRd(blue)_SHB_12.11.2025_LS,SHB,1488,8640,144.04,109.6,294.5,36.6,30.9,0.7762,1
NShelbyRd(blue)_SHB_12.11.2025_LS,SHB,1488,8641,144.05,105.0,294.4,36.5,30.4,0.7662,1
NShelbyRd(blue)_SHB_12.11.2025_LS,SHB,1488,8642,144.07,99.1,294.6,32.7,30.2,0.7816,1
NShelbyRd(blue)_SHB_12.11.2025_LS,SHB,1488,8643,144.09,92.6,295.3,30.2,29.9,0.7645,1
NShelbyRd(blue)_SHB_12.11.2025_LS,SHB,1488,8644,144.1,86.9,295.6,29.2,29.3,0.7574,1
NShelbyRd(blue)_SHB_12.11.2025_LS,SHB,1488,8645,144.12,82.1,296.0,28.8,30.7,0.729,1
NShelbyRd(blue)_SHB_12.11.2025_LS,SHB,1488,8646,144.14,75.7,296.1,28.8,31.2,0.7069,1
NShelbyRd(blue)_SHB_12.11.2025_LS,SHB,1488,8647,144.15,69.8,296.8,28.9,28.3,0.7515,1
NShelbyRd(blue)_SHB_12.11.2025_LS,SHB,1488,8648,144.17,64.5,296.6,26.8,28.0,0.7042,1
NShelbyRd(blue)_SHB_12.11.2025_LS,SHB,1488,8649,144.19,59.0,296.9,24.9,26.8,0.7105,1
NShelbyRd(blue)_SHB_12.11.2025_LS,SHB,1488,8650,144.2,53.8,297.1,25.5,26.1,0.711,1
NShelbyRd(blue)_SHB_12.11.2025_LS,SHB,1488,8651,144.22,50.7,296.5,26.2,25.0,0.6413,1
NShelbyRd(blue)_SHB_12.11.2025_LS,SHB,1491,8626,143.8,81.8,296.5,31.0,27.8,0.6095,0
NShelbyRd(blue)_SHB_12.11.2025_LS,SHB,1491,8627,143.82,78.9,300.1,29.7,33.4,0.6484,0
NShelbyRd(blue)_SHB_12.11.2025_LS,SHB,1491,8628,143.84,73.5,302.9,29.9,38.0,0.6792,0
NShelbyRd(blue)_SHB_12.11.2025_LS,SHB,1491,8629,143.85,64.6,304.6,38.0,41.4,0.7337,0
NShelbyRd(blue)_SHB_12.11.2025_LS,SHB,1491,8630,143.87,61.9,306.1,35.6,45.0,0.4998,0
NShelbyRd(blue)_SHB_12.11.2025_LS,SHB,1491,8631,143.89,54.2,306.0,39.0,45.0,0.5541,0
NShelbyRd(blue)_SHB_12.11.2025_LS,SHB,1491,8632,143.9,52.3,305.8,33.5,43.7,0.3616,0
NShelbyRd(blue)_SHB_12.11.2025_LS,SHB,1491,8633,143.92,49.4,304.7,32.3,39.9,0.5502,0
NShelbyRd(blue)_SHB_12.11.2025_LS,SHB,1491,8634,143.94,45.6,304.0,29.3,37.0,0.6196,0
NShelbyRd(blue)_SHB_12.11.2025_LS,SHB,1491,8635,143.95,40.5,305.2,29.1,37.8,0.5332,0
NShelbyRd(blue)_SHB_12.11.2025_LS,SHB,1491,8636,143.97,37.1,304.2,26.6,36.3,0.73,0
NShelbyRd(blue)_SHB_12.11.2025_LS,SHB,1491,8637,143.99,33.6,304.4,24.8,36.5,0.6432,0
NShelbyRd(blue)_SHB_12.11.2025_LS,SHB,1491,8638,144.0,29.7,304.3,21.8,34.1,0.4785,0
NShelbyRd(blue)_SHB_12.11.2025_LS,SHB,1493,8633,143.92,26.9,309.9,30.2,31.1,0.3997,0
NShelbyRd(blue)_SHB_12.11.2025_LS,SHB,1493,8634,143.94,20.7,308.6,28.8,30.9,0.453,0
NShelbyRd(blue)_SHB_12.11.2025_LS,SHB,1493,8635,143.95,14.8,308.3,28.9,31.7,0.3912,0
NShelbyRd(blue)_SHB_12.11.2025_LS,SHB,1493,8636,143.97,11.6,307.8,23.2,30.8,0.4921,0
NShelbyRd(blue)_SHB_12.11.2025_LS,SHB,1493,8637,143.99,9.8,308.3,19.6,31.9,0.5311,0
NShelbyRd(blue)_SHB_12.11.2025_LS,SHB,1495,8636,143.97,194.9,302.3,26.8,22.8,0.5948,1
NShelbyRd(blue)_SHB_12.11.2025_LS,SHB,1495,8637,143.99,190.4,302.0,27.2,23.1,0.6767,1
NShelbyRd(blue)_SHB_12.11.2025_LS,SHB,1495,8638,144.0,187.6,301.9,30.2,24.5,0.4001,1
NShelbyRd(blue)_SHB_12.11.2025_LS,SHB,1495,8648,144.17,137.0,304.2,28.2,23.9,0.3966,1
NShelbyRd(blue)_SHB_12.11.2025_LS,SHB,1495,8649,144.19,131.5,304.1,26.2,25.9,0.7637,1
NShelbyRd(blue)_SHB_12.11.2025_LS,SHB,1495,8650,144.2,124.1,304.3,28.0,28.3,0.8115,1
NShelbyRd(blue)_SHB_12.11.2025_LS,SHB,1495,8651,144.22,118.4,304.2,30.8,29.7,0.7864,1
NShelbyRd(blue)_SHB_12.11.2025_LS,SHB,1495,8652,144.24,112.1,304.2,33.0,31.3,0.784,1
NShelbyRd(blue)_SHB_12.11.2025_LS,SHB,1495,8653,144.25,106.6,304.9,34.5,31.2,0.8252,1
NShelbyRd(blue)_SHB_12.11.2025_LS,SHB,1495,8654,144.27,98.7,304.1,36.8,32.2,0.7671,1
NShelbyRd(blue)_SHB_12.11.2025_LS,SHB,1495,8655,144.29,93.9,304.0,38.7,33.9,0.7609,1
NShelbyRd(blue)_SHB_12.11.2025_LS,SHB,1495,8656,144.3,86.7,304.5,39.5,36.3,0.7029,1
NShelbyRd(blue)_SHB_12.11.2025_LS,SHB,1495,8657,144.32,82.0,304.0,40.3,37.0,0.6923,1
NShelbyRd(blue)_SHB_12.11.2025_LS,SHB,1495,8658,144.34,76.1,304.1,40.6,38.1,0.6309,1
NShelbyRd(blue)_SHB_12.11.2025_LS,SHB,1495,8659,144.35,70.8,303.9,41.4,38.6,0.645,1
NShelbyRd(blue)_SHB_12.11.2025_LS,SHB,1495,8660,144.37,65.5,302.3,40.5,40.0,0.6666,1
NShelbyRd(blue)_SHB_12.11.2025_LS,SHB,1495,8661,144.39,61.1,304.2,41.0,38.7,0.6101,1
NShelbyRd(blue)_SHB_12.11.2025_LS,SHB,1495,8662,144.4,54.1,304.8,41.8,40.2,0.7131,1
NShelbyRd(blue)_SHB_12.11.2025_LS,SHB,1495,8663,144.42,49.3,304.4,42.2,40.9,0.7472,1
NShelbyRd(blue)_SHB_12.11.2025_LS,SHB,1495,8664,144.44,44.3,304.1,43.0,41.2,0.7617,1
NShelbyRd(blue)_SHB_12.11.2025_LS,SHB,1495,8665,144.45,39.1,303.4,43.0,40.3,0.5718,1
NShelbyRd(blue)_SHB_12.11.2025_LS,SHB,1495,8666,144.47,34.1,304.6,42.9,38.0,0.7476,1
NShelbyRd(blue)_SHB_12.11.2025_LS,SHB,1495,8667,144.49,29.0,303.6,44.0,38.9,0.7459,1
NShelbyRd(blue)_SHB_12.11.2025_LS,SHB,1495,8668,144.5,23.4,304.5,44.4,38.5,0.7779,1
NShelbyRd(blue)_SHB_12.11.2025_LS,SHB,1495,8669,144.52,20.9,304.9,41.9,39.5,0.7616,1
NShelbyRd(blue)_SHB_12.11.2025_LS,SHB,1495,8670,144.54,18.2,304.8,36.5,39.8,0.6397,1
NShelbyRd(blue)_SHB_12.11.2025_LS,SHB,1495,8671,144.55,15.2,305.6,30.4,37.2,0.7331,1
NShelbyRd(blue)_SHB_12.11.2025_LS,SHB,1495,8672,144.57,13.4,304.4,26.9,39.1,0.7176,1
NShelbyRd(blue)_SHB_12.11.2025_LS,SHB,1495,8673,144.59,12.2,303.7,24.5,41.4,0.5541,1
NShelbyRd(blue)_SHB_12.11.2025_LS,SHB,1496,8643,144.09,628.1,272.0,21.8,36.2,0.6798,1
NShelbyRd(blue)_SHB_12.11.2025_LS,SHB,1496,8644,144.1,625.6,272.5,24.4,36.9,0.719,1
NShelbyRd(blue)_SHB_12.11.2025_LS,SHB,1496,8645,144.12,624.4,273.2,29.2,35.1,0.7925,1
NShelbyRd(blue)_SHB_12.11.2025_LS,SHB,1496,8646,144.14,621.6,273.7,32.5,35.1,0.8465,1
NShelbyRd(blue)_SHB_12.11.2025_LS,SHB,1496,8647,144.15,617.4,274.8,34.8,35.7,0.8273,1
NShelbyRd(blue)_SHB_12.11.2025_LS,SHB,1496,8648,144.17,612.6,276.2,36.5,37.8,0.8348,1
NShelbyRd(blue)_SHB_12.11.2025_LS,SHB,1496,8649,144.19,608.1,276.0,36.7,38.3,0.8345,1
NShelbyRd(blue)_SHB_12.11.2025_LS,SHB,1496,8650,144.2,604.0,276.7,36.9,38.4,0.8358,1
NShelbyRd(blue)_SHB_12.11.2025_LS,SHB,1496,8651,144.22,599.0,276.5,37.4,38.1,0.8448,1
NShelbyRd(blue)_SHB_12.11.2025_LS,SHB,1496,8652,144.24,594.6,276.5,36.8,38.4,0.8314,1
NShelbyRd(blue)_SHB_12.11.2025_LS,SHB,1496,8653,144.25,590.7,277.0,36.2,38.3,0.8339,1
NShelbyRd(blue)_SHB_12.11.2025_LS,SHB,1496,8654,144.27,585.3,277.2,35.8,38.4,0.8249,1
NShelbyRd(blue)_SHB_12.11.2025_LS,SHB,1496,8655,144.29,581.0,277.0,36.2,38.5,0.8258,1
NShelbyRd(blue)_SHB_12.11.2025_LS,SHB,1496,8656,144.3,575.6,278.6,36.9,39.2,0.8202,1
NShelbyRd(blue)_SHB_12.11.2025_LS,SHB,1496,8657,144.32,571.3,277.6,36.8,39.3,0.824,1
NShelbyRd(blue)_SHB_12.11.2025_LS,SHB,1496,8658,144.34,566.2,278.9,38.3,40.0,0.8358,1
NShelbyRd(blue)_SHB_12.11.2025_LS,SHB,1496,8659,144.35,562.4,279.0,39.1,40.0,0.8377,1
NShelbyRd(blue)_SHB_12.11.2025_LS,SHB,1496,8660,144.37,557.5,278.1,39.0,39.7,0.8503,1
NShelbyRd(blue)_SHB_12.11.2025_LS,SHB,1496,8661,144.39,553.6,280.1,38.9,39.2,0.8097,1
NShelbyRd(blue)_SHB_12.11.2025_LS,SHB,1496,8662,144.4,548.8,280.8,39.1,38.8,0.8331,1
NShelbyRd(blue)_SHB_12.11.2025_LS,SHB,1496,8663,144.42,543.0,279.5,38.7,38.4,0.8522,1
NShelbyRd(blue)_SHB_12.11.2025_LS,SHB,1496,8664,144.44,539.1,280.2,38.0,38.2,0.8524,1
NShelbyRd(blue)_SHB_12.11.2025_LS,SHB,1496,8665,144.45,533.8,279.6,38.4,38.6,0.8587,1
NShelbyRd(blue)_SHB_12.11.2025_LS,SHB,1496,8666,144.47,530.2,280.3,39.2,38.9,0.8416,1
NShelbyRd(blue)_SHB_12.11.2025_LS,SHB,1496,8667,144.49,524.6,279.8,39.5,39.0,0.8339,1
NShelbyRd(blue)_SHB_12.11.2025_LS,SHB,1496,8668,144.5,520.2,278.8,39.2,37.9,0.8011,1
NShelbyRd(blue)_SHB_12.11.2025_LS,SHB,1496,8669,144.52,516.6,279.9,39.5,38.6,0.847,1
NShelbyRd(blue)_SHB_12.11.2025_LS,SHB,1496,8670,144.54,511.7,279.6,39.8,39.1,0.8689,1
NShelbyRd(blue)_SHB_12.11.2025_LS,SHB,1496,8671,144.55,507.5,280.4,41.2,39.5,0.862,1
NShelbyRd(blue)_SHB_12.11.2025_LS,SHB,1496,8672,144.57,503.2,281.1,41.9,39.5,0.8486,1
NShelbyRd(blue)_SHB_12.11.2025_LS,SHB,1496,8673,144.59,498.3,280.8,41.7,40.0,0.8284,1
NShelbyRd(blue)_SHB_12.11.2025_LS,SHB,1496,8674,144.6,493.8,280.7,41.0,39.9,0.8373,1
NShelbyRd(blue)_SHB_12.11.2025_LS,SHB,1496,8675,144.62,488.4,280.2,42.3,40.1,0.8449,1
NShelbyRd(blue)_SHB_12.11.2025_LS,SHB,1496,8676,144.64,483.4,280.6,42.2,40.1,0.8439,1
NShelbyRd(blue)_SHB_12.11.2025_LS,SHB,1496,8677,144.65,479.2,281.0,41.4,39.7,0.8341,1
NShelbyRd(blue)_SHB_12.11.2025_LS,SHB,1496,8678,144.67,474.5,280.6,41.6,38.7,0.8126,1
NShelbyRd(blue)_SHB_12.11.2025_LS,SHB,1496,8679,144.69,470.3,281.5,42.6,39.0,0.8287,1
NShelbyRd(blue)_SHB_12.11.2025_LS,SHB,1496,8680,144.7,464.4,279.5,42.2,39.1,0.7908,1
NShelbyRd(blue)_SHB_12.11.2025_LS,SHB,1496,8681,144.72,460.5,280.9,41.8,39.1,0.8207,1
NShelbyRd(blue)_SHB_12.11.2025_LS,SHB,1496,8682,144.74,456.2,281.6,41.5,39.1,0.8263,1
NShelbyRd(blue)_SHB_12.11.2025_LS,SHB,1496,8683,144.75,451.5,281.3,41.1,39.3,0.8076,1
NShelbyRd(blue)_SHB_12.11.2025_LS,SHB,1496,8684,144.77,447.0,281.7,41.4,38.1,0.8121,1
NShelbyRd(blue)_SHB_12.11.2025_LS,SHB,1496,8685,144.79,441.8,281.6,42.6,38.0,0.7905,1
NShelbyRd(blue)_SHB_12.11.2025_LS,SHB,1496,8686,144.8,436.5,281.5,42.3,37.6,0.7936,1
NShelbyRd(blue)_SHB_12.11.2025_LS,SHB,1496,8687,144.82,431.1,281.1,42.5,37.1,0.7987,1
NShelbyRd(blue)_SHB_12.11.2025_LS,SHB,1496,8688,144.84,426.1,281.4,42.2,37.7,0.7873,1
NShelbyRd(blue)_SHB_12.11.2025_LS,SHB,1496,8689,144.85,421.2,281.6,41.8,38.5,0.7897,1
NShelbyRd(blue)_SHB_12.11.2025_LS,SHB,1496,8690,144.87,416.2,281.4,40.2,38.0,0.7817,1
NShelbyRd(blue)_SHB_12.11.2025_LS,SHB,1496,8691,144.89,411.6,281.8,39.5,38.0,0.7552,1
NShelbyRd(blue)_SHB_12.11.2025_LS,SHB,1496,8692,144.9,406.5,281.9,39.6,37.9,0.7992,1
NShelbyRd(blue)_SHB_12.11.2025_LS,SHB,1496,8693,144.92,401.4,282.5,39.9,37.2,0.7733,1
NShelbyRd(blue)_SHB_12.11.2025_LS,SHB,1496,8694,144.94,396.8,282.7,40.5,37.4,0.7535,1
NShelbyRd(blue)_SHB_12.11.2025_LS,SHB,1496,8695,144.95,390.7,282.0,40.7,37.8,0.793,1
NShelbyRd(blue)_SHB_12.11.2025_LS,SHB,1496,8696,144.97,386.0,282.3,40.8,37.8,0.7494,1
NShelbyRd(blue)_SHB_12.11.2025_LS,SHB,1496,8697,144.99,381.7,281.6,40.5,37.5,0.756,1
NShelbyRd(blue)_SHB_12.11.2025_LS,SHB,1496,8698,145.0,376.8,281.6,40.1,37.9,0.7224,1
NShelbyRd(blue)_SHB_12.11.2025_LS,SHB,1496,8699,145.02,371.1,280.3,38.8,36.8,0.6982,1
NShelbyRd(blue)_SHB_12.11.2025_LS,SHB,1496,8700,145.04,366.3,279.6,38.3,35.4,0.7548,1
NShelbyRd(blue)_SHB_12.11.2025_LS,SHB,1496,8701,145.05,361.2,280.3,39.2,34.4,0.7311,1
NShelbyRd(blue)_SHB_12.11.2025_LS,SHB,1496,8702,145.07,356.2,281.3,40.6,35.0,0.7028,1
NShelbyRd(blue)_SHB_12.11.2025_LS,SHB,1496,8703,145.09,350.9,283.0,40.6,36.4,0.7737,1
NShelbyRd(blue)_SHB_12.11.2025_LS,SHB,1496,8704,145.1,345.1,283.7,40.4,36.0,0.7723,1
NShelbyRd(blue)_SHB_12.11.2025_LS,SHB,1496,8705,145.12,340.6,283.8,41.7,36.1,0.7736,1
NShelbyRd(blue)_SHB_12.11.2025_LS,SHB,1496,8706,145.14,336.3,283.9,40.6,36.4,0.7653,1
NShelbyRd(blue)_SHB_12.11.2025_LS,SHB,1496,8707,145.15,332.3,284.5,39.7,36.0,0.7369,1
NShelbyRd(blue)_SHB_12.11.2025_LS,SHB,1496,8708,145.17,327.9,286.0,40.0,36.7,0.7304,1
NShelbyRd(blue)_SHB_12.11.2025_LS,SHB,1496,8709,145.19,322.8,286.1,40.6,36.6,0.7277,1
NShelbyRd(blue)_SHB_12.11.2025_LS,SHB,1496,8710,145.2,316.4,286.4,38.6,35.8,0.7412,1
NShelbyRd(blue)_SHB_12.11.2025_LS,SHB,1496,8711,145.22,312.1,285.4,40.8,37.0,0.7618,1
NShelbyRd(blue)_SHB_12.11.2025_LS,SHB,1496,8712,145.24,306.7,286.9,40.0,36.6,0.7531,1
NShelbyRd(blue)_SHB_12.11.2025_LS,SHB,1496,8713,145.25,301.9,287.5,40.2,36.8,0.7623,1
NShelbyRd(blue)_SHB_12.11.2025_LS,SHB,1496,8714,145.27,296.4,286.8,40.8,35.5,0.7342,1
NShelbyRd(blue)_SHB_12.11.2025_LS,SHB,1496,8715,145.29,291.1,287.0,40.3,34.1,0.7388,1
NShelbyRd(blue)_SHB_12.11.2025_LS,SHB,1496,8716,145.3,285.8,287.6,39.8,34.2,0.7738,1
NShelbyRd(blue)_SHB_12.11.2025_LS,SHB,1496,8717,145.32,281.2,289.2,40.8,37.1,0.784,1
NShelbyRd(blue)_SHB_12.11.2025_LS,SHB,1496,8718,145.34,275.8,288.8,40.0,37.1,0.71,1
NShelbyRd(blue)_SHB_12.11.2025_LS,SHB,1496,8719,145.35,270.9,288.9,39.5,35.8,0.6979,1
NShelbyRd(blue)_SHB_12.11.2025_LS,SHB,1496,8720,145.37,266.1,288.7,41.0,37.7,0.6112,1
NShelbyRd(blue)_SHB_12.11.2025_LS,SHB,1496,8721,145.39,260.3,289.2,41.5,36.4,0.6628,1
NShelbyRd(blue)_SHB_12.11.2025_LS,SHB,1496,8722,145.4,255.4,290.0,40.8,35.5,0.7341,1
NShelbyRd(blue)_SHB_12.11.2025_LS,SHB,1496,8723,145.42,250.0,289.9,40.7,36.5,0.669,1
NShelbyRd(blue)_SHB_12.11.2025_LS,SHB,1496,8724,145.44,244.9,292.1,37.6,32.1,0.672,1
NShelbyRd(blue)_SHB_12.11.2025_LS,SHB,1496,8725,145.45,239.6,293.7,38.4,31.0,0.6588,1
NShelbyRd(blue)_SHB_12.11.2025_LS,SHB,1496,8726,145.47,234.5,294.3,36.9,30.2,0.6051,1
NShelbyRd(blue)_SHB_12.11.2025_LS,SHB,1496,8727,145.49,229.0,294.8,35.2,28.7,0.557,1
NShelbyRd(blue)_SHB_12.11.2025_LS,SHB,1496,8728,145.5,224.5,294.9,34.9,29.0,0.5487,1
NShelbyRd(blue)_SHB_12.11.2025_LS,SHB,1496,8729,145.52,219.3,294.5,35.3,29.0,0.5456,1
NShelbyRd(blue)_SHB_12.11.2025_LS,SHB,1496,8730,145.54,214.2,295.0,34.3,27.4,0.4864,1
NShelbyRd(blue)_SHB_12.11.2025_LS,SHB,1496,8731,145.55,208.5,295.5,37.7,28.1,0.3919,1
NShelbyRd(blue)_SHB_12.11.2025_LS,SHB,1496,8732,145.57,203.3,295.5,37.7,27.8,0.4164,1
NShelbyRd(blue)_SHB_12.11.2025_LS,SHB,1496,8733,145.59,198.1,296.6,37.0,28.6,0.434,1
NShelbyRd(blue)_SHB_12.11.2025_LS,SHB,1496,8734,145.6,193.1,295.9,37.6,29.1,0.4673,1
NShelbyRd(blue)_SHB_12.11.2025_LS,SHB,1496,8735,145.62,188.3,296.3,36.9,28.5,0.5023,1
NShelbyRd(blue)_SHB_12.11.2025_LS,SHB,1496,8736,145.64,182.1,296.0,38.9,29.0,0.4734,1
NShelbyRd(blue)_SHB_12.11.2025_LS,SHB,1496,8737,145.65,177.1,297.1,37.7,28.5,0.4271,1
NShelbyRd(blue)_SHB_12.11.2025_LS,SHB,1496,8738,145.67,172.2,297.6,36.3,28.0,0.5583,1
NShelbyRd(blue)_SHB_12.11.2025_LS,SHB,1496,8739,145.69,166.6,297.7,35.1,27.4,0.4754,1
NShelbyRd(blue)_SHB_12.11.2025_LS,SHB,1496,8740,145.7,162.2,297.4,34.9,27.4,0.5218,1
NShelbyRd(blue)_SHB_12.11.2025_LS,SHB,1496,8741,145.72,157.8,297.8,32.8,25.5,0.2974,1
NShelbyRd(blue)_SHB_12.11.2025_LS,SHB,1496,8742,145.74,153.5,298.3,31.1,23.3,0.4859,1
NShelbyRd(blue)_SHB_12.11.2025_LS,SHB,1522,9378,156.34,368.7,284.6,30.9,22.0,0.4949,1
NShelbyRd(blue)_SHB_12.11.2025_LS,SHB,1522,9379,156.36,361.2,284.2,31.6,22.6,0.5897,1
NShelbyRd(blue)_SHB_12.11.2025_LS,SHB,1522,9380,156.37,353.1,284.7,31.3,23.4,0.6228,1
NShelbyRd(blue)_SHB_12.11.2025_LS,SHB,1522,9381,156.39,345.2,283.0,33.3,23.4,0.4586,1
NShelbyRd(blue)_SHB_12.11.2025_LS,SHB,1522,9382,156.41,337.3,283.3,33.6,23.0,0.5175,1
NShelbyRd(blue)_SHB_12.11.2025_LS,SHB,1522,9383,156.42,329.4,282.5,32.7,23.0,0.5446,1
NShelbyRd(blue)_SHB_12.11.2025_LS,SHB,1522,9384,156.44,321.2,282.2,32.2,22.7,0.6064,1
NShelbyRd(blue)_SHB_12.11.2025_LS,SHB,1522,9385,156.46,311.8,281.9,33.1,22.8,0.3759,1
NShelbyRd(blue)_SHB_12.11.2025_LS,SHB,1522,9386,156.47,303.6,281.9,32.6,21.5,0.5152,1
NShelbyRd(blue)_SHB_12.11.2025_LS,SHB,1522,9387,156.49,295.8,281.1,32.5,22.2,0.5696,1
NShelbyRd(blue)_SHB_12.11.2025_LS,SHB,1522,9388,156.51,287.2,280.9,31.9,23.1,0.4685,1
NShelbyRd(blue)_SHB_12.11.2025_LS,SHB,1522,9389,156.52,279.1,281.3,32.5,22.9,0.5712,1
NShelbyRd(blue)_SHB_12.11.2025_LS,SHB,1522,9390,156.54,271.1,280.5,32.4,23.2,0.6096,1
NShelbyRd(blue)_SHB_12.11.2025_LS,SHB,1522,9391,156.56,262.9,280.2,31.8,23.0,0.5863,1
NShelbyRd(blue)_SHB_12.11.2025_LS,SHB,1522,9392,156.57,255.2,280.5,30.9,23.1,0.6772,1
NShelbyRd(blue)_SHB_12.11.2025_LS,SHB,1522,9393,156.59,247.1,281.2,30.3,22.7,0.6279,1
NShelbyRd(blue)_SHB_12.11.2025_LS,SHB,1522,9394,156.61,238.3,281.6,30.4,22.7,0.6399,1
NShelbyRd(blue)_SHB_12.11.2025_LS,SHB,1522,9395,156.62,229.5,282.0,29.2,22.2,0.6681,1
NShelbyRd(blue)_SHB_12.11.2025_LS,SHB,1522,9396,156.64,221.2,282.1,28.7,22.5,0.6786,1
NShelbyRd(blue)_SHB_12.11.2025_LS,SHB,1522,9397,156.66,212.8,281.7,28.1,23.5,0.7272,1
NShelbyRd(blue)_SHB_12.11.2025_LS,SHB,1522,9398,156.67,203.3,281.0,27.9,23.4,0.7123,1
NShelbyRd(blue)_SHB_12.11.2025_LS,SHB,1522,9399,156.69,195.6,281.7,29.0,24.2,0.6942,1
NShelbyRd(blue)_SHB_12.11.2025_LS,SHB,1522,9400,156.71,187.1,282.4,29.1,24.1,0.6783,1
NShelbyRd(blue)_SHB_12.11.2025_LS,SHB,1522,9401,156.72,179.3,281.6,29.1,23.2,0.6724,1
NShelbyRd(blue)_SHB_12.11.2025_LS,SHB,1522,9402,156.74,171.3,281.3,28.5,23.2,0.6781,1
NShelbyRd(blue)_SHB_12.11.2025_LS,SHB,1522,9403,156.76,163.2,282.6,29.5,24.2,0.6745,1
NShelbyRd(blue)_SHB_12.11.2025_LS,SHB,1522,9404,156.77,154.8,282.8,29.0,22.9,0.5704,1
NShelbyRd(blue)_SHB_12.11.2025_LS,SHB,1522,9405,156.79,147.7,283.4,29.0,23.6,0.5457,1
NShelbyRd(blue)_SHB_12.11.2025_LS,SHB,1522,9406,156.81,139.4,284.3,28.5,22.9,0.5507,1
NShelbyRd(blue)_SHB_12.11.2025_LS,SHB,1522,9407,156.82,131.8,286.7,29.4,23.7,0.6051,1
NShelbyRd(blue)_SHB_12.11.2025_LS,SHB,1522,9408,156.84,124.7,288.7,28.8,24.2,0.5592,1
NShelbyRd(blue)_SHB_12.11.2025_LS,SHB,1522,9409,156.86,117.2,289.8,27.7,22.3,0.5196,1
NShelbyRd(blue)_SHB_12.11.2025_LS,SHB,1522,9410,156.87,108.5,291.3,27.7,23.1,0.537,1
NShelbyRd(blue)_SHB_12.11.2025_LS,SHB,1522,9413,156.92,81.9,294.2,28.4,23.7,0.509,1
NShelbyRd(blue)_SHB_12.11.2025_LS,SHB,1522,9414,156.94,72.0,293.9,29.6,23.6,0.4314,1
NShelbyRd(blue)_SHB_12.11.2025_LS,SHB,1522,9415,156.96,66.7,293.9,30.6,24.3,0.6454,1
NShelbyRd(blue)_SHB_12.11.2025_LS,SHB,1522,9416,156.97,57.3,293.1,29.9,24.2,0.581,1
NShelbyRd(blue)_SHB_12.11.2025_LS,SHB,1522,9417,156.99,47.4,292.0,28.9,23.7,0.6883,1
NShelbyRd(blue)_SHB_12.11.2025_LS,SHB,1522,9418,157.01,40.1,293.1,29.4,24.0,0.6206,1
NShelbyRd(blue)_SHB_12.11.2025_LS,SHB,1522,9419,157.02,31.7,292.3,28.1,22.0,0.445,1
NShelbyRd(blue)_SHB_12.11.2025_LS,SHB,1522,9420,157.04,25.7,291.6,26.1,20.0,0.4204,1
NShelbyRd(blue)_SHB_12.11.2025_LS,SHB,1522,9421,157.06,15.2,292.7,23.7,17.2,0.3826,1
NShelbyRd(blue)_SHB_12.11.2025_LS,SHB,1540,10105,168.46,190.1,113.6,27.8,27.0,0.352,0
NShelbyRd(blue)_SHB_12.11.2025_LS,SHB,1540,10107,168.49,167.6,114.0,26.6,26.0,0.6664,0
NShelbyRd(blue)_SHB_12.11.2025_LS,SHB,1540,10108,168.51,158.8,111.9,26.0,23.1,0.5761,0
NShelbyRd(blue)_SHB_12.11.2025_LS,SHB,1540,10109,168.53,149.2,110.6,25.0,21.8,0.3859,0
NShelbyRd(blue)_SHB_12.11.2025_LS,SHB,1540,10114,168.61,95.3,113.0,22.1,19.5,0.3241,0
NShelbyRd(blue)_SHB_12.11.2025_LS,SHB,1540,10115,168.63,86.4,112.2,23.6,22.3,0.5095,0
NWolfCreek(orange)_SHB_12.11.2025_LS,SHB,1556,1641,27.35,535.1,286.1,50.6,43.0,0.4928,0
NWolfCreek(orange)_SHB_12.11.2025_LS,SHB,1556,1642,27.37,529.3,287.2,53.1,42.5,0.6118,0
NWolfCreek(orange)_SHB_12.11.2025_LS,SHB,1556,1643,27.38,522.1,285.6,54.0,42.6,0.3215,0
NWolfCreek(orange)_SHB_12.11.2025_LS,SHB,1556,1644,27.4,514.4,287.5,52.6,40.6,0.431,0
NWolfCreek(orange)_SHB_12.11.2025_LS,SHB,1564,2869,47.82,477.3,273.2,27.1,19.7,0.5646,0
NWolfCreek(orange)_SHB_12.11.2025_LS,SHB,1564,2870,47.83,476.4,273.8,26.8,19.1,0.4342,0
NWolfCreek(orange)_SHB_12.11.2025_LS,SHB,1564,2871,47.85,472.8,273.6,26.8,19.6,0.4579,0
NWolfCreek(orange)_SHB_12.11.2025_LS,SHB,1564,2872,47.87,469.9,273.4,24.1,19.2,0.4851,0
NWolfCreek(orange)_SHB_12.11.2025_LS,SHB,1564,2874,47.9,465.0,274.5,24.7,19.1,0.2985,0
NWolfCreek(orange)_SHB_12.11.2025_LS,SHB,1564,2875,47.92,462.2,275.4,25.3,19.3,0.3987,0
NWolfCreek(orange)_SHB_12.11.2025_LS,SHB,1564,2876,47.93,459.3,276.5,25.4,18.6,0.5049,0
NWolfCreek(orange)_SHB_12.11.2025_LS,SHB,1564,2882,48.03,446.3,276.8,24.8,20.2,0.434,0
NWolfCreek(orange)_SHB_12.11.2025_LS,SHB,1564,2883,48.05,443.0,277.9,24.0,19.1,0.3062,0
NWolfCreek(orange)_SHB_12.11.2025_LS,SHB,1579,7040,117.33,374.7,268.7,23.4,24.6,0.5364,0
NWolfCreek(orange)_SHB_12.11.2025_LS,SHB,1579,7041,117.35,369.4,268.1,25.8,24.8,0.4334,0
NWolfCreek(orange)_SHB_12.11.2025_LS,SHB,1579,7042,117.37,363.6,268.8,26.7,26.3,0.5624,0
NWolfCreek(orange)_SHB_12.11.2025_LS,SHB,1579,7043,117.38,357.5,270.3,25.9,25.8,0.317,0
NWolfCreek(orange)_SHB_12.11.2025_LS,SHB,1586,7087,118.12,108.9,265.4,34.0,30.2,0.6979,0
NWolfCreek(orange)_SHB_12.11.2025_LS,SHB,1586,7088,118.13,103.6,265.9,34.1,29.5,0.4798,0
NWolfCreek(orange)_SHB_12.11.2025_LS,SHB,1586,7089,118.15,96.7,265.7,32.7,28.0,0.531,0
NWolfCreek(orange)_SHB_12.11.2025_LS,SHB,1586,7090,118.17,90.0,265.1,31.0,28.0,0.4429,0
NWolfCreek(orange)_SHB_12.11.2025_LS,SHB,1586,7091,118.18,85.0,264.0,33.9,29.9,0.4299,0
NWolfCreek(orange)_SHB_12.11.2025_LS,SHB,1586,7092,118.2,79.4,264.5,32.6,30.0,0.4791,0
NWolfCreek(orange)_SHB_12.11.2025_LS,SHB,1586,7094,118.23,67.6,263.8,29.5,29.3,0.4671,0
NWolfCreek(orange)_SHB_12.11.2025_LS,SHB,1586,7095,118.25,63.6,263.9,31.4,29.1,0.6025,0
NWolfCreek(orange)_SHB_12.11.2025_LS,SHB,1586,7096,118.27,58.1,263.0,32.6,29.6,0.4738,0
NWolfCreek(orange)_SHB_12.11.2025_LS,SHB,1586,7097,118.28,55.2,262.7,35.4,30.2,0.4077,0
NWolfCreek(orange)_SHB_12.11.2025_LS,SHB,1586,7100,118.33,32.8,263.4,28.5,28.1,0.4479,0
NWolfCreek(orange)_SHB_12.11.2025_LS,SHB,1586,7102,118.37,25.2,263.4,31.2,29.0,0.5403,0
NWolfCreek(orange)_SHB_12.11.2025_LS,SHB,1586,7103,118.38,18.5,263.3,28.5,27.9,0.3206,0
NWolfCreek(orange)_SHB_12.11.2025_LS,SHB,1591,7205,120.08,541.4,280.4,46.1,40.1,0.6579,1
NWolfCreek(orange)_SHB_12.11.2025_LS,SHB,1591,7207,120.12,524.7,278.9,42.1,44.2,0.5009,1
NWolfCreek(orange)_SHB_12.11.2025_LS,SHB,1591,7208,120.13,517.5,278.9,43.2,43.4,0.6093,1
NWolfCreek(orange)_SHB_12.11.2025_LS,SHB,1591,7209,120.15,511.1,278.4,44.2,46.5,0.6346,1
NWolfCreek(orange)_SHB_12.11.2025_LS,SHB,1591,7210,120.17,502.2,278.1,42.1,44.8,0.6042,1
NWolfCreek(orange)_SHB_12.11.2025_LS,SHB,1591,7211,120.18,494.6,276.7,41.0,44.6,0.6528,1
NWolfCreek(orange)_SHB_12.11.2025_LS,SHB,1591,7212,120.2,487.8,275.6,39.6,45.8,0.5307,1
NWolfCreek(orange)_SHB_12.11.2025_LS,SHB,1591,7213,120.22,482.7,275.2,39.8,44.4,0.3383,1
NWolfCreek(orange)_SHB_12.11.2025_LS,SHB,1591,7214,120.23,475.1,275.5,40.9,43.4,0.6907,1
NWolfCreek(orange)_SHB_12.11.2025_LS,SHB,1591,7215,120.25,467.3,275.9,39.7,43.3,0.7118,1
NWolfCreek(orange)_SHB_12.11.2025_LS,SHB,1591,7216,120.27,460.9,276.0,40.2,44.0,0.5972,1
NWolfCreek(orange)_SHB_12.11.2025_LS,SHB,1591,7217,120.28,454.0,275.5,39.2,43.8,0.5131,1
NWolfCreek(orange)_SHB_12.11.2025_LS,SHB,1591,7224,120.4,413.2,274.6,35.1,33.2,0.5522,1
NWolfCreek(orange)_SHB_12.11.2025_LS,SHB,1591,7225,120.42,405.5,273.0,36.0,35.0,0.6627,1
NWolfCreek(orange)_SHB_12.11.2025_LS,SHB,1591,7226,120.43,398.5,272.2,38.4,36.7,0.6878,1
NWolfCreek(orange)_SHB_12.11.2025_LS,SHB,1591,7227,120.45,391.9,272.7,39.2,36.7,0.6847,1
NWolfCreek(orange)_SHB_12.11.2025_LS,SHB,1591,7228,120.47,385.2,272.4,38.7,34.4,0.6925,1
NWolfCreek(orange)_SHB_12.11.2025_LS,SHB,1591,7229,120.48,378.5,271.6,35.9,33.0,0.7374,1
NWolfCreek(orange)_SHB_12.11.2025_LS,SHB,1591,7230,120.5,373.7,272.1,39.3,36.7,0.7179,1
NWolfCreek(orange)_SHB_12.11.2025_LS,SHB,1591,7231,120.52,366.0,273.0,39.8,39.0,0.7837,1
NWolfCreek(orange)_SHB_12.11.2025_LS,SHB,1591,7232,120.53,359.2,273.4,39.5,39.8,0.7204,1
NWolfCreek(orange)_SHB_12.11.2025_LS,SHB,1591,7233,120.55,351.0,274.3,38.6,38.1,0.7252,1
NWolfCreek(orange)_SHB_12.11.2025_LS,SHB,1591,7234,120.57,345.4,275.1,38.4,39.6,0.7438,1
NWolfCreek(orange)_SHB_12.11.2025_LS,SHB,1591,7235,120.58,336.6,275.2,38.4,40.1,0.7688,1
NWolfCreek(orange)_SHB_12.11.2025_LS,SHB,1591,7236,120.6,330.6,275.8,38.8,39.2,0.7604,1
NWolfCreek(orange)_SHB_12.11.2025_LS,SHB,1591,7237,120.62,323.1,276.2,40.2,40.0,0.706,1
NWolfCreek(orange)_SHB_12.11.2025_LS,SHB,1591,7238,120.63,317.3,275.2,43.0,40.2,0.6541,1
NWolfCreek(orange)_SHB_12.11.2025_LS,SHB,1591,7239,120.65,306.9,274.8,43.8,40.4,0.4793,1
NWolfCreek(orange)_SHB_12.11.2025_LS,SHB,1591,7240,120.67,300.1,274.5,40.3,37.5,0.5957,1
NWolfCreek(orange)_SHB_12.11.2025_LS,SHB,1591,7241,120.68,296.1,273.6,42.8,37.4,0.4332,1
NWolfCreek(orange)_SHB_12.11.2025_LS,SHB,1591,7242,120.7,288.4,274.2,42.1,36.8,0.4654,1
NWolfCreek(orange)_SHB_12.11.2025_LS,SHB,1591,7243,120.72,279.6,273.7,39.0,35.7,0.5034,1
NWolfCreek(orange)_SHB_12.11.2025_LS,SHB,1591,7244,120.73,270.7,274.9,37.1,35.0,0.6079,1
NWolfCreek(orange)_SHB_12.11.2025_LS,SHB,1591,7247,120.78,249.4,273.5,35.9,34.6,0.4068,1
NWolfCreek(orange)_SHB_12.11.2025_LS,SHB,1591,7248,120.8,243.7,272.5,37.7,36.9,0.3598,1
NWolfCreek(orange)_SHB_12.11.2025_LS,SHB,1591,7252,120.87,216.9,271.3,35.8,34.0,0.5734,1
NWolfCreek(orange)_SHB_12.11.2025_LS,SHB,1591,7253,120.88,210.2,271.2,30.8,32.1,0.6659,1
NWolfCreek(orange)_SHB_12.11.2025_LS,SHB,1591,7254,120.9,202.4,270.6,30.7,31.2,0.5554,1
NWolfCreek(orange)_SHB_12.11.2025_LS,SHB,1591,7255,120.92,196.0,270.0,30.8,31.6,0.5884,1
NWolfCreek(orange)_SHB_12.11.2025_LS,SHB,1591,7256,120.93,189.8,270.1,32.1,31.6,0.5704,1
NWolfCreek(orange)_SHB_12.11.2025_LS,SHB,1591,7257,120.95,183.0,269.8,33.5,33.9,0.3501,1
NWolfCreek(orange)_SHB_12.11.2025_LS,SHB,1591,7258,120.97,178.0,269.4,36.8,36.6,0.3889,1
NWolfCreek(orange)_SHB_12.11.2025_LS,SHB,1591,7259,120.98,170.9,268.9,37.9,37.9,0.5267,1
NWolfCreek(orange)_SHB_12.11.2025_LS,SHB,1591,7260,121.0,165.0,270.1,36.9,35.9,0.3407,1
NWolfCreek(orange)_SHB_12.11.2025_LS,SHB,1591,7263,121.05,146.6,267.5,34.8,33.7,0.4522,1
NWolfCreek(orange)_SHB_12.11.2025_LS,SHB,1591,7264,121.07,141.2,267.3,38.0,34.5,0.2943,1
NWolfCreek(orange)_SHB_12.11.2025_LS,SHB,1591,7270,121.17,104.0,265.5,28.9,28.2,0.498,1
NWolfCreek(orange)_SHB_12.11.2025_LS,SHB,1591,7271,121.18,97.6,267.0,28.8,28.2,0.3233,1
NWolfCreek(orange)_SHB_12.11.2025_LS,SHB,1591,7277,121.28,66.7,266.3,35.5,30.6,0.4135,1
NWolfCreek(orange)_SHB_12.11.2025_LS,SHB,1591,7281,121.35,46.7,264.2,26.8,26.7,0.4103,1
NWolfCreek(orange)_SHB_12.11.2025_LS,SHB,1591,7282,121.37,40.6,264.2,25.1,25.3,0.5074,1
NWolfCreek(orange)_SHB_12.11.2025_LS,SHB,1591,7283,121.38,33.8,264.6,27.6,27.7,0.5462,1
NWolfCreek(orange)_SHB_12.11.2025_LS,SHB,1591,7284,121.4,26.8,265.0,30.2,29.7,0.6083,1
NWolfCreek(orange)_SHB_12.11.2025_LS,SHB,1591,7285,121.42,23.3,263.1,28.0,29.8,0.4142,1
NWolfCreek(orange)_SHB_12.11.2025_LS,SHB,1600,7247,120.78,549.2,269.3,46.7,45.2,0.5454,1
NWolfCreek(orange)_SHB_12.11.2025_LS,SHB,1600,7249,120.82,538.2,270.4,62.7,50.1,0.4895,1
NWolfCreek(orange)_SHB_12.11.2025_LS,SHB,1600,7250,120.83,530.6,268.7,59.1,49.8,0.639,1
NWolfCreek(orange)_SHB_12.11.2025_LS,SHB,1600,7251,120.85,517.6,267.2,59.7,46.5,0.5958,1
NWolfCreek(orange)_SHB_12.11.2025_LS,SHB,1600,7252,120.87,510.4,266.3,59.2,49.4,0.7671,1
NWolfCreek(orange)_SHB_12.11.2025_LS,SHB,1600,7253,120.88,501.7,264.9,56.5,45.7,0.7366,1
NWolfCreek(orange)_SHB_12.11.2025_LS,SHB,1600,7254,120.9,491.0,264.7,56.4,44.0,0.5832,1
NWolfCreek(orange)_SHB_12.11.2025_LS,SHB,1600,7255,120.92,482.5,267.2,56.0,43.9,0.7003,1
NWolfCreek(orange)_SHB_12.11.2025_LS,SHB,1600,7256,120.93,473.1,267.5,55.8,42.6,0.5768,1
NWolfCreek(orange)_SHB_12.11.2025_LS,SHB,1600,7257,120.95,462.0,268.7,54.6,42.2,0.6391,1
NWolfCreek(orange)_SHB_12.11.2025_LS,SHB,1600,7258,120.97,452.9,267.4,52.0,38.4,0.6721,1
NWolfCreek(orange)_SHB_12.11.2025_LS,SHB,1600,7259,120.98,444.2,268.5,53.4,40.4,0.6369,1
NWolfCreek(orange)_SHB_12.11.2025_LS,SHB,1600,7260,121.0,436.1,270.0,52.6,38.8,0.6675,1
NWolfCreek(orange)_SHB_12.11.2025_LS,SHB,1600,7261,121.02,427.4,270.6,53.1,39.4,0.5519,1
NWolfCreek(orange)_SHB_12.11.2025_LS,SHB,1600,7262,121.03,420.2,270.8,52.1,38.3,0.4755,1
NWolfCreek(orange)_SHB_12.11.2025_LS,SHB,1600,7263,121.05,412.4,269.9,52.0,37.1,0.3258,1
NWolfCreek(orange)_SHB_12.11.2025_LS,SHB,1600,7264,121.07,401.6,269.2,51.2,38.4,0.3023,1
NWolfCreek(orange)_SHB_12.11.2025_LS,SHB,1600,7265,121.08,392.5,268.8,49.5,37.8,0.5484,1
NWolfCreek(orange)_SHB_12.11.2025_LS,SHB,1600,7267,121.12,373.6,270.4,47.1,41.0,0.3659,1
NWolfCreek(orange)_SHB_12.11.2025_LS,SHB,1600,7269,121.15,358.0,269.3,43.4,45.2,0.2653,1
NWolfCreek(orange)_SHB_12.11.2025_LS,SHB,1600,7272,121.2,330.2,268.0,43.7,41.7,0.6206,1
NWolfCreek(orange)_SHB_12.11.2025_LS,SHB,1600,7273,121.22,319.8,267.5,45.6,46.5,0.6954,1
NWolfCreek(orange)_SHB_12.11.2025_LS,SHB,1600,7274,121.23,311.3,268.5,45.8,45.9,0.6348,1
NWolfCreek(orange)_SHB_12.11.2025_LS,SHB,1600,7275,121.25,303.1,269.1,43.1,44.3,0.6791,1
NWolfCreek(orange)_SHB_12.11.2025_LS,SHB,1600,7276,121.27,295.2,269.5,41.0,42.4,0.761,1
NWolfCreek(orange)_SHB_12.11.2025_LS,SHB,1600,7277,121.28,285.5,270.6,42.1,42.1,0.7437,1
NWolfCreek(orange)_SHB_12.11.2025_LS,SHB,1600,7278,121.3,277.7,270.5,43.7,42.7,0.7058,1
NWolfCreek(orange)_SHB_12.11.2025_LS,SHB,1600,7279,121.32,270.0,270.5,43.8,41.6,0.3857,1
NWolfCreek(orange)_SHB_12.11.2025_LS,SHB,1600,7281,121.35,252.3,270.6,43.4,40.3,0.5981,1
NWolfCreek(orange)_SHB_12.11.2025_LS,SHB,1600,7282,121.37,244.5,271.1,43.5,40.6,0.6586,1
NWolfCreek(orange)_SHB_12.11.2025_LS,SHB,1600,7290,121.5,177.2,269.4,37.3,37.0,0.4117,1
NWolfCreek(orange)_SHB_12.11.2025_LS,SHB,1600,7292,121.53,163.2,271.3,36.2,38.0,0.6532,1
NWolfCreek(orange)_SHB_12.11.2025_LS,SHB,1600,7293,121.55,155.2,271.8,34.6,36.4,0.7228,1
NWolfCreek(orange)_SHB_12.11.2025_LS,SHB,1600,7294,121.57,145.9,270.8,34.1,34.3,0.584,1
NWolfCreek(orange)_SHB_12.11.2025_LS,SHB,1600,7295,121.58,137.5,270.3,33.8,34.1,0.6371,1
NWolfCreek(orange)_SHB_12.11.2025_LS,SHB,1600,7296,121.6,128.7,270.6,33.1,33.6,0.3922,1
NWolfCreek(orange)_SHB_12.11.2025_LS,SHB,1600,7297,121.62,121.9,271.6,33.3,35.9,0.621,1
NWolfCreek(orange)_SHB_12.11.2025_LS,SHB,1600,7298,121.63,113.2,271.3,34.1,35.3,0.6249,1
NWolfCreek(orange)_SHB_12.11.2025_LS,SHB,1600,7299,121.65,104.9,271.7,36.3,35.2,0.6932,1
NWolfCreek(orange)_SHB_12.11.2025_LS,SHB,1600,7300,121.67,97.7,271.2,37.6,35.2,0.7163,1
NWolfCreek(orange)_SHB_12.11.2025_LS,SHB,1600,7301,121.68,90.8,271.0,38.4,35.1,0.6503,1
NWolfCreek(orange)_SHB_12.11.2025_LS,SHB,1600,7302,121.7,84.3,271.9,38.5,35.9,0.5274,1
NWolfCreek(orange)_SHB_12.11.2025_LS,SHB,1600,7303,121.72,77.2,272.1,39.9,35.9,0.5838,1
NWolfCreek(orange)_SHB_12.11.2025_LS,SHB,1600,7304,121.73,68.8,271.6,38.3,34.8,0.613,1
NWolfCreek(orange)_SHB_12.11.2025_LS,SHB,1600,7305,121.75,60.9,270.5,35.0,34.9,0.6196,1
NWolfCreek(orange)_SHB_12.11.2025_LS,SHB,1600,7306,121.77,52.7,269.9,34.3,35.1,0.6724,1
NWolfCreek(orange)_SHB_12.11.2025_LS,SHB,1600,7307,121.78,43.7,270.7,36.7,35.3,0.6708,1
NWolfCreek(orange)_SHB_12.11.2025_LS,SHB,1600,7308,121.8,34.7,269.9,38.6,38.6,0.5048,1
NWolfCreek(orange)_SHB_12.11.2025_LS,SHB,1600,7309,121.82,26.1,268.7,40.0,41.2,0.7104,1
NWolfCreek(orange)_SHB_12.11.2025_LS,SHB,1600,7310,121.83,19.1,268.6,38.3,41.5,0.6632,1
NWolfCreek(orange)_SHB_12.11.2025_LS,SHB,1600,7311,121.85,15.2,271.4,30.4,45.4,0.6257,1
NWolfCreek(orange)_SHB_12.11.2025_LS,SHB,1600,7312,121.87,12.0,271.5,23.9,45.9,0.566,1
NWolfCreek(orange)_SHB_12.11.2025_LS,SHB,1605,7261,121.02,374.1,277.9,39.1,36.5,0.513,1
NWolfCreek(orange)_SHB_12.11.2025_LS,SHB,1605,7262,121.03,367.4,278.6,42.0,37.8,0.4481,1
NWolfCreek(orange)_SHB_12.11.2025_LS,SHB,1605,7263,121.05,358.0,279.1,41.7,39.1,0.527,1
NWolfCreek(orange)_SHB_12.11.2025_LS,SHB,1605,7264,121.07,347.2,279.2,43.0,40.4,0.6836,1
NWolfCreek(orange)_SHB_12.11.2025_LS,SHB,1605,7265,121.08,337.4,278.4,47.2,44.8,0.5718,1
NWolfCreek(orange)_SHB_12.11.2025_LS,SHB,1605,7266,121.1,328.0,277.5,52.0,47.0,0.3888,1
NWolfCreek(orange)_SHB_12.11.2025_LS,SHB,1605,7267,121.12,318.7,277.5,52.1,48.4,0.4395,1
NWolfCreek(orange)_SHB_12.11.2025_LS,SHB,1605,7269,121.15,304.9,276.9,51.1,49.8,0.2569,1
NWolfCreek(orange)_SHB_12.11.2025_LS,SHB,1605,7270,121.17,294.6,275.6,51.2,48.5,0.3259,1
NWolfCreek(orange)_SHB_12.11.2025_LS,SHB,1605,7276,121.27,247.3,266.7,45.0,42.3,0.5351,1
NWolfCreek(orange)_SHB_12.11.2025_LS,SHB,1605,7277,121.28,232.0,269.5,51.5,43.8,0.5449,1
NWolfCreek(orange)_SHB_12.11.2025_LS,SHB,1605,7278,121.3,223.5,269.6,57.1,46.3,0.3152,1
NWolfCreek(orange)_SHB_12.11.2025_LS,SHB,1605,7279,121.32,214.8,271.5,61.8,49.0,0.5356,1
NWolfCreek(orange)_SHB_12.11.2025_LS,SHB,1605,7280,121.33,205.3,272.3,68.6,54.8,0.3279,1
NWolfCreek(orange)_SHB_12.11.2025_LS,SHB,1605,7281,121.35,198.4,272.5,66.3,53.5,0.6393,1
NWolfCreek(orange)_SHB_12.11.2025_LS,SHB,1605,7282,121.37,190.9,273.1,64.9,54.1,0.2848,1
NWolfCreek(orange)_SHB_12.11.2025_LS,SHB,1605,7283,121.38,183.2,272.9,65.5,52.4,0.5191,1
NWolfCreek(orange)_SHB_12.11.2025_LS,SHB,1605,7284,121.4,175.2,273.7,64.6,51.0,0.3123,1
NWolfCreek(orange)_SHB_12.11.2025_LS,SHB,1605,7285,121.42,167.1,273.0,70.3,51.4,0.3091,1
NWolfCreek(orange)_SHB_12.11.2025_LS,SHB,1605,7298,121.63,64.7,273.3,51.0,42.7,0.6847,1
NWolfCreek(orange)_SHB_12.11.2025_LS,SHB,1605,7299,121.65,59.1,273.6,49.6,41.0,0.5217,1
NWolfCreek(orange)_SHB_12.11.2025_LS,SHB,1605,7300,121.67,52.6,274.5,48.5,38.9,0.323,1
NWolfCreek(orange)_SHB_12.11.2025_LS,SHB,1605,7302,121.7,32.2,273.7,36.8,36.6,0.5418,1
NWolfCreek(orange)_SHB_12.11.2025_LS,SHB,1605,7303,121.72,28.1,272.9,43.7,37.0,0.5509,1
NWolfCreek(orange)_SHB_12.11.2025_LS,SHB,1605,7304,121.73,20.7,273.9,41.3,38.6,0.7356,1
NWolfCreek(orange)_SHB_12.11.2025_LS,SHB,1605,7305,121.75,17.8,273.4,35.6,39.8,0.6734,1
NWolfCreek(orange)_SHB_12.11.2025_LS,SHB,1605,7306,121.77,14.7,273.0,29.5,43.5,0.5988,1
NWolfCreek(orange)_SHB_12.11.2025_LS,SHB,1605,7307,121.78,10.3,272.3,20.6,43.8,0.6188,1
NWolfCreek(orange)_SHB_12.11.2025_LS,SHB,1624,8345,139.08,559.5,253.8,35.1,33.1,0.4937,1
NWolfCreek(orange)_SHB_12.11.2025_LS,SHB,1624,8346,139.1,555.0,254.5,34.1,32.3,0.4783,1
NWolfCreek(orange)_SHB_12.11.2025_LS,SHB,1624,8347,139.12,550.5,253.8,30.5,30.0,0.3228,1
NWolfCreek(orange)_SHB_12.11.2025_LS,SHB,1624,8349,139.15,542.8,255.2,27.9,28.8,0.4107,1
NWolfCreek(orange)_SHB_12.11.2025_LS,SHB,1624,8352,139.2,530.8,253.0,27.6,27.3,0.5596,1
NWolfCreek(orange)_SHB_12.11.2025_LS,SHB,1624,8353,139.22,526.0,252.1,26.6,25.1,0.5382,1
NWolfCreek(orange)_SHB_12.11.2025_LS,SHB,1624,8354,139.23,520.8,252.0,26.7,24.6,0.5741,1
NWolfCreek(orange)_SHB_12.11.2025_LS,SHB,1624,8355,139.25,515.6,251.9,25.3,24.3,0.6139,1
NWolfCreek(orange)_SHB_12.11.2025_LS,SHB,1624,8356,139.27,511.1,251.5,24.6,23.5,0.5924,1
NWolfCreek(orange)_SHB_12.11.2025_LS,SHB,1624,8363,139.38,483.0,245.2,28.4,22.4,0.5976,1
NWolfCreek(orange)_SHB_12.11.2025_LS,SHB,1624,8364,139.4,479.1,243.8,30.3,23.7,0.5755,1
NWolfCreek(orange)_SHB_12.11.2025_LS,SHB,1624,8365,139.42,473.6,242.5,28.6,23.6,0.3981,1
NWolfCreek(orange)_SHB_12.11.2025_LS,SHB,1624,8366,139.43,468.5,242.0,28.4,24.0,0.2517,1
NWolfCreek(orange)_SHB_12.11.2025_LS,SHB,1624,8367,139.45,463.8,242.0,28.1,22.7,0.3315,1
NWolfCreek(orange)_SHB_12.11.2025_LS,SHB,1624,8368,139.47,458.9,242.7,28.0,21.9,0.459,1
NWolfCreek(orange)_SHB_12.11.2025_LS,SHB,1624,8369,139.48,454.8,243.3,28.0,23.9,0.5077,1
NWolfCreek(orange)_SHB_12.11.2025_LS,SHB,1624,8370,139.5,449.7,243.2,28.6,25.2,0.5977,1
NWolfCreek(orange)_SHB_12.11.2025_LS,SHB,1624,8371,139.52,446.2,244.5,29.3,25.9,0.6081,1
NWolfCreek(orange)_SHB_12.11.2025_LS,SHB,1624,8372,139.53,442.3,246.3,29.8,26.6,0.4553,1
NWolfCreek(orange)_SHB_12.11.2025_LS,SHB,1624,8373,139.55,438.2,247.0,27.5,26.2,0.4076,1
NWolfCreek(orange)_SHB_12.11.2025_LS,SHB,1624,8374,139.57,434.0,246.4,28.7,27.4,0.5352,1
NWolfCreek(orange)_SHB_12.11.2025_LS,SHB,1624,8375,139.58,429.2,245.5,29.8,26.8,0.4212,1
NWolfCreek(orange)_SHB_12.11.2025_LS,SHB,1624,8376,139.6,424.8,246.3,31.8,30.7,0.3,1
NWolfCreek(orange)_SHB_12.11.2025_LS,SHB,1624,8377,139.62,419.3,243.6,30.7,26.9,0.5,1
NWolfCreek(orange)_SHB_12.11.2025_LS,SHB,1624,8378,139.63,414.7,244.5,32.4,28.6,0.5755,1
NWolfCreek(orange)_SHB_12.11.2025_LS,SHB,1624,8379,139.65,409.8,244.1,30.5,27.9,0.4365,1
NWolfCreek(orange)_SHB_12.11.2025_LS,SHB,1624,8380,139.67,405.1,247.1,32.4,30.7,0.6111,1
NWolfCreek(orange)_SHB_12.11.2025_LS,SHB,1624,8381,139.68,399.7,246.6,34.0,33.8,0.4525,1
NWolfCreek(orange)_SHB_12.11.2025_LS,SHB,1624,8382,139.7,393.9,247.2,33.0,36.0,0.4415,1
NWolfCreek(orange)_SHB_12.11.2025_LS,SHB,1624,8383,139.72,389.4,247.9,36.1,36.1,0.4124,1
NWolfCreek(orange)_SHB_12.11.2025_LS,SHB,1624,8384,139.73,386.0,246.4,37.4,36.1,0.4939,1
NWolfCreek(orange)_SHB_12.11.2025_LS,SHB,1624,8385,139.75,376.2,248.0,44.7,39.0,0.36,1
NWolfCreek(orange)_SHB_12.11.2025_LS,SHB,1624,8386,139.77,374.4,245.5,39.5,36.2,0.4181,1
NWolfCreek(orange)_SHB_12.11.2025_LS,SHB,1624,8387,139.78,370.8,243.9,36.4,34.4,0.4854,1
NWolfCreek(orange)_SHB_12.11.2025_LS,SHB,1624,8388,139.8,368.3,242.9,35.0,33.7,0.6035,1
NWolfCreek(orange)_SHB_12.11.2025_LS,SHB,1624,8390,139.83,360.4,242.2,30.4,28.5,0.5164,1
NWolfCreek(orange)_SHB_12.11.2025_LS,SHB,1624,8391,139.85,356.1,240.7,30.6,28.8,0.5211,1
NWolfCreek(orange)_SHB_12.11.2025_LS,SHB,1624,8392,139.87,350.3,239.5,31.2,27.0,0.5408,1
NWolfCreek(orange)_SHB_12.11.2025_LS,SHB,1624,8393,139.88,345.1,239.8,32.0,26.6,0.6291,1
NWolfCreek(orange)_SHB_12.11.2025_LS,SHB,1624,8394,139.9,339.5,239.7,32.6,27.8,0.5751,1
NWolfCreek(orange)_SHB_12.11.2025_LS,SHB,1624,8395,139.92,335.7,240.9,30.5,27.3,0.6072,1
NWolfCreek(orange)_SHB_12.11.2025_LS,SHB,1624,8396,139.93,331.3,240.2,29.9,27.2,0.6679,1
NWolfCreek(orange)_SHB_12.11.2025_LS,SHB,1624,8397,139.95,324.3,240.0,33.7,29.7,0.4763,1
NWolfCreek(orange)_SHB_12.11.2025_LS,SHB,1624,8398,139.97,321.9,240.6,32.0,30.4,0.6104,1
NWolfCreek(orange)_SHB_12.11.2025_LS,SHB,1624,8399,139.98,317.2,239.2,32.4,30.0,0.6195,1
NWolfCreek(orange)_SHB_12.11.2025_LS,SHB,1624,8400,140.0,312.6,240.1,29.8,28.6,0.6009,1
NWolfCreek(orange)_SHB_12.11.2025_LS,SHB,1624,8401,140.02,308.7,239.8,30.4,27.8,0.6751,1
NWolfCreek(orange)_SHB_12.11.2025_LS,SHB,1624,8402,140.03,304.3,239.5,28.2,25.8,0.6497,1
NWolfCreek(orange)_SHB_12.11.2025_LS,SHB,1624,8403,140.05,301.8,239.7,26.7,25.3,0.6804,1
NWolfCreek(orange)_SHB_12.11.2025_LS,SHB,1624,8404,140.07,297.2,239.3,27.6,24.9,0.72,1
NWolfCreek(orange)_SHB_12.11.2025_LS,SHB,1624,8405,140.08,292.1,239.2,28.3,26.0,0.6688,1
NWolfCreek(orange)_SHB_12.11.2025_LS,SHB,1624,8406,140.1,287.6,238.7,28.6,25.9,0.71,1
NWolfCreek(orange)_SHB_12.11.2025_LS,SHB,1624,8407,140.12,282.3,238.0,30.9,26.8,0.692,1
NWolfCreek(orange)_SHB_12.11.2025_LS,SHB,1624,8408,140.13,277.6,238.1,31.5,26.9,0.7115,1
NWolfCreek(orange)_SHB_12.11.2025_LS,SHB,1624,8409,140.15,273.1,237.3,33.3,28.0,0.6084,1
NWolfCreek(orange)_SHB_12.11.2025_LS,SHB,1624,8410,140.17,268.8,236.7,34.7,27.7,0.5955,1
NWolfCreek(orange)_SHB_12.11.2025_LS,SHB,1624,8411,140.18,264.6,235.7,35.6,28.0,0.6858,1
NWolfCreek(orange)_SHB_12.11.2025_LS,SHB,1624,8412,140.2,258.8,235.9,36.7,28.7,0.7233,1
NWolfCreek(orange)_SHB_12.11.2025_LS,SHB,1624,8413,140.22,256.5,235.2,35.0,28.0,0.5665,1
NWolfCreek(orange)_SHB_12.11.2025_LS,SHB,1624,8414,140.23,254.5,233.9,33.2,27.1,0.6217,1
NWolfCreek(orange)_SHB_12.11.2025_LS,SHB,1624,8415,140.25,252.0,234.3,32.0,27.3,0.6958,1
NWolfCreek(orange)_SHB_12.11.2025_LS,SHB,1624,8416,140.27,249.0,233.2,31.5,27.0,0.6328,1
NWolfCreek(orange)_SHB_12.11.2025_LS,SHB,1624,8417,140.28,244.7,233.9,31.9,27.0,0.5955,1
NWolfCreek(orange)_SHB_12.11.2025_LS,SHB,1624,8418,140.3,240.8,233.3,30.9,26.3,0.6977,1
NWolfCreek(orange)_SHB_12.11.2025_LS,SHB,1624,8419,140.32,237.1,233.2,29.8,26.0,0.6239,1
NWolfCreek(orange)_SHB_12.11.2025_LS,SHB,1624,8420,140.33,234.3,232.3,29.3,26.3,0.692,1
NWolfCreek(orange)_SHB_12.11.2025_LS,SHB,1624,8421,140.35,230.4,232.8,30.4,27.3,0.6403,1
NWolfCreek(orange)_SHB_12.11.2025_LS,SHB,1624,8422,140.37,228.0,233.2,30.9,27.9,0.6875,1
NWolfCreek(orange)_SHB_12.11.2025_LS,SHB,1624,8423,140.38,223.2,232.4,31.3,29.3,0.6632,1
NWolfCreek(orange)_SHB_12.11.2025_LS,SHB,1624,8424,140.4,219.2,232.7,31.0,28.7,0.6377,1
NWolfCreek(orange)_SHB_12.11.2025_LS,SHB,1624,8425,140.42,215.1,231.4,30.6,28.0,0.6586,1
NWolfCreek(orange)_SHB_12.11.2025_LS,SHB,1624,8426,140.43,210.9,231.7,29.7,27.3,0.4901,1
NWolfCreek(orange)_SHB_12.11.2025_LS,SHB,1624,8427,140.45,207.5,231.4,29.2,27.7,0.6703,1
NWolfCreek(orange)_SHB_12.11.2025_LS,SHB,1624,8428,140.47,202.9,231.6,30.4,28.5,0.6152,1
NWolfCreek(orange)_SHB_12.11.2025_LS,SHB,1624,8429,140.48,197.4,234.0,33.2,32.2,0.6154,1
NWolfCreek(orange)_SHB_12.11.2025_LS,SHB,1624,8430,140.5,194.7,233.4,32.9,32.3,0.7045,1
NWolfCreek(orange)_SHB_12.11.2025_LS,SHB,1624,8431,140.52,190.1,235.0,32.1,31.9,0.6891,1
NWolfCreek(orange)_SHB_12.11.2025_LS,SHB,1624,8432,140.53,187.1,234.2,34.6,31.9,0.6076,1
NWolfCreek(orange)_SHB_12.11.2025_LS,SHB,1624,8433,140.55,183.0,233.4,33.1,30.3,0.7005,1
NWolfCreek(orange)_SHB_12.11.2025_LS,SHB,1624,8434,140.57,179.0,234.3,32.4,30.0,0.6895,1
NWolfCreek(orange)_SHB_12.11.2025_LS,SHB,1624,8435,140.58,174.1,234.5,31.8,29.7,0.7754,1
NWolfCreek(orange)_SHB_12.11.2025_LS,SHB,1624,8436,140.6,170.1,233.4,30.9,29.2,0.6082,1
NWolfCreek(orange)_SHB_12.11.2025_LS,SHB,1624,8437,140.62,166.5,233.5,30.3,28.9,0.6899,1
NWolfCreek(orange)_SHB_12.11.2025_LS,SHB,1624,8438,140.63,161.9,233.7,28.8,27.7,0.7252,1
NWolfCreek(orange)_SHB_12.11.2025_LS,SHB,1624,8439,140.65,157.9,233.7,30.8,29.2,0.614,1
NWolfCreek(orange)_SHB_12.11.2025_LS,SHB,1624,8440,140.67,154.4,233.2,30.4,28.2,0.6811,1
NWolfCreek(orange)_SHB_12.11.2025_LS,SHB,1624,8441,140.68,149.9,233.1,29.6,28.0,0.6269,1
NWolfCreek(orange)_SHB_12.11.2025_LS,SHB,1624,8442,140.7,146.4,233.6,30.1,28.4,0.7435,1
NWolfCreek(orange)_SHB_12.11.2025_LS,SHB,1624,8443,140.72,142.0,233.1,29.6,27.3,0.6372,1
NWolfCreek(orange)_SHB_12.11.2025_LS,SHB,1624,8444,140.73,138.2,233.8,30.2,27.7,0.6877,1
NWolfCreek(orange)_SHB_12.11.2025_LS,SHB,1624,8445,140.75,133.5,233.9,31.4,28.5,0.6479,1
NWolfCreek(orange)_SHB_12.11.2025_LS,SHB,1624,8446,140.77,128.5,234.6,32.6,30.9,0.5589,1
NWolfCreek(orange)_SHB_12.11.2025_LS,SHB,1624,8447,140.78,126.6,234.1,32.5,31.4,0.6471,1
NWolfCreek(orange)_SHB_12.11.2025_LS,SHB,1624,8448,140.8,122.6,234.0,31.6,31.0,0.584,1
NWolfCreek(orange)_SHB_12.11.2025_LS,SHB,1624,8449,140.82,118.8,234.8,31.2,30.9,0.7599,1
NWolfCreek(orange)_SHB_12.11.2025_LS,SHB,1624,8450,140.83,114.9,234.6,30.2,29.9,0.782,1
NWolfCreek(orange)_SHB_12.11.2025_LS,SHB,1624,8451,140.85,110.7,234.3,29.0,29.6,0.7623,1
NWolfCreek(orange)_SHB_12.11.2025_LS,SHB,1624,8452,140.87,106.7,235.1,28.4,29.9,0.731,1
NWolfCreek(orange)_SHB_12.11.2025_LS,SHB,1624,8453,140.88,102.9,235.6,28.7,29.5,0.7846,1
NWolfCreek(orange)_SHB_12.11.2025_LS,SHB,1624,8454,140.9,99.3,236.1,30.8,29.1,0.7378,1
NWolfCreek(orange)_SHB_12.11.2025_LS,SHB,1624,8455,140.92,95.3,236.0,31.2,29.2,0.7269,1
NWolfCreek(orange)_SHB_12.11.2025_LS,SHB,1624,8456,140.93,91.5,236.0,32.1,29.5,0.5787,1
NWolfCreek(orange)_SHB_12.11.2025_LS,SHB,1624,8457,140.95,88.3,235.6,31.9,28.8,0.701,1
NWolfCreek(orange)_SHB_12.11.2025_LS,SHB,1624,8458,140.97,83.6,235.5,31.4,29.3,0.7126,1
NWolfCreek(orange)_SHB_12.11.2025_LS,SHB,1624,8459,140.98,80.5,235.5,31.5,30.2,0.7294,1
NWolfCreek(orange)_SHB_12.11.2025_LS,SHB,1624,8460,141.0,76.6,234.4,29.8,30.2,0.6884,1
NWolfCreek(orange)_SHB_12.11.2025_LS,SHB,1624,8461,141.02,73.5,233.7,30.3,30.4,0.6645,1
NWolfCreek(orange)_SHB_12.11.2025_LS,SHB,1624,8462,141.03,69.9,233.7,30.3,30.9,0.4818,1
NWolfCreek(orange)_SHB_12.11.2025_LS,SHB,1624,8463,141.05,65.8,234.1,28.9,30.6,0.7069,1
NWolfCreek(orange)_SHB_12.11.2025_LS,SHB,1624,8464,141.07,61.5,233.8,30.5,31.8,0.6291,1
NWolfCreek(orange)_SHB_12.11.2025_LS,SHB,1624,8465,141.08,56.8,234.7,31.8,33.6,0.5947,1
NWolfCreek(orange)_SHB_12.11.2025_LS,SHB,1624,8466,141.1,52.9,234.4,32.4,34.7,0.7007,1
NWolfCreek(orange)_SHB_12.11.2025_LS,SHB,1624,8467,141.12,49.1,234.6,32.8,35.2,0.7636,1
NWolfCreek(orange)_SHB_12.11.2025_LS,SHB,1624,8468,141.13,45.9,235.2,33.6,35.2,0.8114,1
NWolfCreek(orange)_SHB_12.11.2025_LS,SHB,1624,8469,141.15,42.4,234.7,34.2,34.9,0.7659,1
NWolfCreek(orange)_SHB_12.11.2025_LS,SHB,1624,8470,141.17,38.2,234.8,34.2,33.4,0.7317,1
NWolfCreek(orange)_SHB_12.11.2025_LS,SHB,1624,8471,141.18,34.7,234.6,33.8,33.5,0.499,1
NWolfCreek(orange)_SHB_12.11.2025_LS,SHB,1624,8472,141.2,30.7,234.5,30.9,33.4,0.6655,1
NWolfCreek(orange)_SHB_12.11.2025_LS,SHB,1624,8473,141.22,27.2,235.2,28.7,32.9,0.7083,1
NWolfCreek(orange)_SHB_12.11.2025_LS,SHB,1624,8474,141.23,23.6,235.9,29.4,33.4,0.6399,1
NWolfCreek(orange)_SHB_12.11.2025_LS,SHB,1624,8475,141.25,19.2,237.9,32.2,33.4,0.6351,1
NWolfCreek(orange)_SHB_12.11.2025_LS,SHB,1624,8476,141.27,16.2,238.5,31.0,33.4,0.3445,1
NWolfCreek(orange)_SHB_12.11.2025_LS,SHB,1624,8477,141.28,14.7,238.5,29.4,33.7,0.4125,1
NWolfCreek(orange)_SHB_12.11.2025_LS,SHB,1624,8478,141.3,12.5,237.3,24.9,33.0,0.4657,1
NWolfCreek(orange)_SHB_12.11.2025_LS,SHB,1624,8479,141.32,11.9,236.4,23.8,34.2,0.4539,1
NWolfCreek(orange)_SHB_12.11.2025_LS,SHB,1624,8480,141.33,10.5,237.2,20.9,33.7,0.5519,1
NWolfCreek(orange)_SHB_12.11.2025_LS,SHB,1624,8481,141.35,8.6,237.4,17.1,33.8,0.508,1
NWolfCreek(orange)_SHB_12.11.2025_LS,SHB,1628,8423,140.38,18.0,236.3,20.8,19.9,0.6673,0
NWolfCreek(orange)_SHB_12.11.2025_LS,SHB,1628,8424,140.4,14.5,238.3,21.4,20.1,0.6637,0
NWolfCreek(orange)_SHB_12.11.2025_LS,SHB,1628,8425,140.42,11.2,236.7,20.9,18.2,0.4746,0
NWolfCreek(orange)_SHB_12.11.2025_LS,SHB,1628,8426,140.43,8.8,236.6,17.6,18.5,0.3138,0
NWolfCreek(orange)_SHB_12.11.2025_LS,SHB,1628,8427,140.45,7.4,237.0,14.8,18.2,0.432,0
NWolfCreek(orange)_SHB_12.11.2025_LS,SHB,1628,8428,140.47,4.8,238.0,9.5,19.1,0.3746,0
SBassett_SHW_01.18.2026_LS,SHW,1702,8128,135.48,404.1,6.8,39.4,13.5,0.516,1
SBassett_SHW_01.18.2026_LS,SHW,1702,8129,135.49,400.5,7.9,38.3,15.6,0.4611,1
SBassett_SHW_01.18.2026_LS,SHW,1702,8130,135.51,394.3,8.1,40.0,16.2,0.558,1
SBassett_SHW_01.18.2026_LS,SHW,1702,8131,135.53,390.2,9.2,39.1,18.0,0.6898,1
SBassett_SHW_01.18.2026_LS,SHW,1702,8132,135.54,387.5,11.1,40.3,22.0,0.619,1
SBassett_SHW_01.18.2026_LS,SHW,1702,8133,135.56,382.5,11.7,41.2,23.5,0.6326,1
SBassett_SHW_01.18.2026_LS,SHW,1702,8134,135.58,377.2,11.4,42.1,22.7,0.6508,1
SBassett_SHW_01.18.2026_LS,SHW,1702,8135,135.59,372.6,11.6,39.7,23.1,0.6588,1
SBassett_SHW_01.18.2026_LS,SHW,1702,8136,135.61,369.8,14.0,39.5,24.8,0.7255,1
SBassett_SHW_01.18.2026_LS,SHW,1702,8137,135.63,365.9,13.6,38.0,26.1,0.649,1
SBassett_SHW_01.18.2026_LS,SHW,1702,8138,135.64,359.7,12.7,38.5,25.3,0.6403,1
SBassett_SHW_01.18.2026_LS,SHW,1702,8139,135.66,354.2,12.8,36.2,24.6,0.6744,1
SBassett_SHW_01.18.2026_LS,SHW,1702,8140,135.68,351.0,13.5,37.4,24.5,0.6925,1
SBassett_SHW_01.18.2026_LS,SHW,1702,8141,135.69,347.4,13.8,36.8,24.3,0.6731,1
SBassett_SHW_01.18.2026_LS,SHW,1702,8142,135.71,342.7,13.7,38.5,24.5,0.6766,1
SBassett_SHW_01.18.2026_LS,SHW,1702,8143,135.73,337.1,13.7,37.4,24.7,0.7108,1
SBassett_SHW_01.18.2026_LS,SHW,1702,8144,135.74,332.8,13.3,38.4,23.6,0.6914,1
SBassett_SHW_01.18.2026_LS,SHW,1702,8145,135.76,328.8,13.4,38.1,24.0,0.7144,1
SBassett_SHW_01.18.2026_LS,SHW,1702,8146,135.78,324.6,13.9,38.1,24.5,0.6939,1
SBassett_SHW_01.18.2026_LS,SHW,1702,8147,135.79,320.1,13.7,38.0,25.0,0.6642,1
SBassett_SHW_01.18.2026_LS,SHW,1702,8148,135.81,315.8,13.5,37.0,25.0,0.6802,1
SBassett_SHW_01.18.2026_LS,SHW,1702,8149,135.83,311.8,14.2,37.5,24.7,0.7219,1
SBassett_SHW_01.18.2026_LS,SHW,1702,8150,135.84,307.4,15.5,37.0,25.1,0.702,1
SBassett_SHW_01.18.2026_LS,SHW,1702,8151,135.86,303.4,14.8,36.6,24.5,0.6587,1
SBassett_SHW_01.18.2026_LS,SHW,1702,8152,135.88,298.5,15.0,34.9,24.1,0.696,1
SBassett_SHW_01.18.2026_LS,SHW,1702,8153,135.89,293.3,16.3,37.0,25.0,0.7124,1
SBassett_SHW_01.18.2026_LS,SHW,1702,8154,135.91,289.4,17.4,35.9,24.7,0.7148,1
SBassett_SHW_01.18.2026_LS,SHW,1702,8155,135.93,285.9,18.8,36.9,24.9,0.7069,1
SBassett_SHW_01.18.2026_LS,SHW,1702,8156,135.94,281.8,21.3,38.1,24.1,0.7064,1
SBassett_SHW_01.18.2026_LS,SHW,1702,8157,135.96,276.8,22.3,38.8,24.9,0.6902,1
SBassett_SHW_01.18.2026_LS,SHW,1702,8158,135.98,271.7,23.8,39.2,24.7,0.7113,1
SBassett_SHW_01.18.2026_LS,SHW,1702,8159,135.99,268.0,25.0,37.6,23.1,0.7258,1
SBassett_SHW_01.18.2026_LS,SHW,1702,8160,136.01,263.8,27.1,38.6,24.2,0.7098,1
SBassett_SHW_01.18.2026_LS,SHW,1702,8161,136.03,259.2,28.3,38.5,23.3,0.6759,1
SBassett_SHW_01.18.2026_LS,SHW,1702,8162,136.04,253.4,29.2,37.8,22.5,0.6999,1
SBassett_SHW_01.18.2026_LS,SHW,1702,8163,136.06,248.4,30.5,38.3,22.5,0.7245,1
SBassett_SHW_01.18.2026_LS,SHW,1702,8164,136.08,244.7,33.8,39.9,23.9,0.7484,1
SBassett_SHW_01.18.2026_LS,SHW,1702,8165,136.09,240.0,34.7,40.0,24.4,0.7269,1
SBassett_SHW_01.18.2026_LS,SHW,1702,8166,136.11,235.2,34.9,40.5,24.0,0.721,1
SBassett_SHW_01.18.2026_LS,SHW,1702,8167,136.13,230.1,36.7,40.8,23.9,0.7086,1
SBassett_SHW_01.18.2026_LS,SHW,1702,8168,136.14,225.4,38.3,41.9,24.6,0.7266,1
SBassett_SHW_01.18.2026_LS,SHW,1702,8169,136.16,220.3,39.0,41.4,24.5,0.6929,1
SBassett_SHW_01.18.2026_LS,SHW,1702,8170,136.18,214.8,40.3,42.1,24.4,0.7014,1
SBassett_SHW_01.18.2026_LS,SHW,1702,8171,136.19,210.7,42.1,41.1,24.2,0.7506,1
SBassett_SHW_01.18.2026_LS,SHW,1702,8172,136.21,206.1,43.2,42.1,24.6,0.7146,1
SBassett_SHW_01.18.2026_LS,SHW,1702,8173,136.23,199.8,44.4,41.3,24.7,0.7191,1
SBassett_SHW_01.18.2026_LS,SHW,1702,8174,136.24,194.8,44.6,40.6,25.4,0.7009,1
SBassett_SHW_01.18.2026_LS,SHW,1702,8175,136.26,190.5,46.2,40.9,24.8,0.7491,1
SBassett_SHW_01.18.2026_LS,SHW,1702,8176,136.28,184.9,47.6,39.9,24.6,0.7263,1
SBassett_SHW_01.18.2026_LS,SHW,1702,8177,136.29,179.7,47.5,39.4,25.3,0.7224,1
SBassett_SHW_01.18.2026_LS,SHW,1702,8178,136.31,174.5,48.1,39.7,24.9,0.7277,1
SBassett_SHW_01.18.2026_LS,SHW,1702,8179,136.33,169.9,49.1,39.2,24.5,0.7349,1
SBassett_SHW_01.18.2026_LS,SHW,1702,8180,136.34,165.1,49.2,38.0,24.3,0.7178,1
SBassett_SHW_01.18.2026_LS,SHW,1702,8181,136.36,159.8,49.4,37.9,23.3,0.7007,1
SBassett_SHW_01.18.2026_LS,SHW,1702,8182,136.38,153.5,50.5,36.1,23.8,0.7318,1
SBassett_SHW_01.18.2026_LS,SHW,1702,8183,136.39,147.9,49.6,35.1,23.7,0.6705,1
SBassett_SHW_01.18.2026_LS,SHW,1702,8184,136.41,141.8,50.0,35.4,23.2,0.7489,1
SBassett_SHW_01.18.2026_LS,SHW,1702,8185,136.43,136.8,51.4,34.8,23.3,0.6896,1
SBassett_SHW_01.18.2026_LS,SHW,1702,8186,136.44,131.1,51.0,34.4,23.8,0.661,1
SBassett_SHW_01.18.2026_LS,SHW,1702,8187,136.46,124.5,51.2,34.7,23.5,0.6938,1
SBassett_SHW_01.18.2026_LS,SHW,1702,8188,136.48,118.9,51.0,34.4,23.3,0.7146,1
SBassett_SHW_01.18.2026_LS,SHW,1702,8189,136.49,114.0,52.1,34.4,23.4,0.7088,1
SBassett_SHW_01.18.2026_LS,SHW,1702,8190,136.51,107.4,52.8,35.6,24.2,0.7032,1
SBassett_SHW_01.18.2026_LS,SHW,1702,8191,136.53,101.6,52.6,35.8,24.4,0.7317,1
SBassett_SHW_01.18.2026_LS,SHW,1702,8192,136.54,97.3,53.7,37.3,25.3,0.729,1
SBassett_SHW_01.18.2026_LS,SHW,1702,8193,136.56,92.7,56.8,37.3,25.6,0.7076,1
SBassett_SHW_01.18.2026_LS,SHW,1702,8194,136.58,85.8,57.8,36.9,26.4,0.6582,1
SBassett_SHW_01.18.2026_LS,SHW,1702,8195,136.59,79.4,57.1,36.0,25.8,0.6494,1
SBassett_SHW_01.18.2026_LS,SHW,1702,8196,136.61,73.5,57.6,36.3,25.4,0.7383,1
SBassett_SHW_01.18.2026_LS,SHW,1702,8197,136.63,68.7,59.6,36.0,25.5,0.6946,1
SBassett_SHW_01.18.2026_LS,SHW,1702,8198,136.64,63.1,60.3,35.8,26.6,0.6402,1
SBassett_SHW_01.18.2026_LS,SHW,1702,8199,136.66,56.7,60.3,34.7,25.9,0.6847,1
SBassett_SHW_01.18.2026_LS,SHW,1702,8200,136.68,50.7,60.6,34.0,25.6,0.6802,1
SBassett_SHW_01.18.2026_LS,SHW,1702,8201,136.69,45.3,61.8,34.3,25.5,0.7459,1
SBassett_SHW_01.18.2026_LS,SHW,1702,8202,136.71,40.5,62.9,33.9,25.9,0.6699,1
SBassett_SHW_01.18.2026_LS,SHW,1702,8203,136.73,34.6,62.8,31.5,26.0,0.6593,1
SBassett_SHW_01.18.2026_LS,SHW,1702,8204,136.74,28.0,63.3,29.2,26.0,0.6351,1
SBassett_SHW_01.18.2026_LS,SHW,1702,8205,136.76,21.4,63.6,28.1,26.0,0.6943,1
SBassett_SHW_01.18.2026_LS,SHW,1702,8206,136.78,15.9,63.9,27.8,25.8,0.628,1
SBassett_SHW_01.18.2026_LS,SHW,1702,8207,136.79,11.6,65.5,23.3,26.9,0.4291,1
SBassett_SHW_01.18.2026_LS,SHW,1702,8208,136.81,8.8,66.8,17.5,25.1,0.3232,1
SBassett_SHW_01.18.2026_LS,SHW,1707,8159,135.99,383.1,10.5,22.2,20.6,0.5736,1
SBassett_SHW_01.18.2026_LS,SHW,1707,8160,136.01,378.6,12.3,21.7,21.4,0.6507,1
SBassett_SHW_01.18.2026_LS,SHW,1707,8161,136.03,374.1,14.2,21.5,21.8,0.623,1
SBassett_SHW_01.18.2026_LS,SHW,1707,8162,136.04,367.4,14.4,20.6,21.1,0.6189,1
SBassett_SHW_01.18.2026_LS,SHW,1707,8163,136.06,362.4,15.9,20.3,21.0,0.6157,1
SBassett_SHW_01.18.2026_LS,SHW,1707,8164,136.08,359.5,19.6,21.2,21.4,0.6303,1
SBassett_SHW_01.18.2026_LS,SHW,1707,8165,136.09,355.1,20.1,21.3,20.8,0.6213,1
SBassett_SHW_01.18.2026_LS,SHW,1707,8166,136.11,349.4,20.9,20.6,20.5,0.646,1
SBassett_SHW_01.18.2026_LS,SHW,1707,8167,136.13,344.1,23.7,20.7,20.0,0.6539,1
SBassett_SHW_01.18.2026_LS,SHW,1707,8168,136.14,339.6,25.3,22.0,21.0,0.6196,1
SBassett_SHW_01.18.2026_LS,SHW,1707,8169,136.16,334.3,25.7,22.5,21.5,0.7191,1
SBassett_SHW_01.18.2026_LS,SHW,1707,8170,136.18,329.2,27.5,22.6,21.5,0.6596,1
SBassett_SHW_01.18.2026_LS,SHW,1707,8171,136.19,325.1,29.1,22.5,21.6,0.7064,1
SBassett_SHW_01.18.2026_LS,SHW,1707,8172,136.21,319.9,30.6,22.8,21.8,0.6965,1
SBassett_SHW_01.18.2026_LS,SHW,1707,8173,136.23,314.1,31.5,22.6,21.9,0.6495,1
SBassett_SHW_01.18.2026_LS,SHW,1707,8174,136.24,308.8,31.3,22.9,22.1,0.6752,1
SBassett_SHW_01.18.2026_LS,SHW,1707,8175,136.26,303.7,33.6,23.6,22.5,0.7142,1
SBassett_SHW_01.18.2026_LS,SHW,1707,8176,136.28,298.8,34.5,23.4,22.5,0.667,1
SBassett_SHW_01.18.2026_LS,SHW,1707,8177,136.29,293.3,34.4,23.1,22.3,0.6632,1
SBassett_SHW_01.18.2026_LS,SHW,1707,8178,136.31,287.9,35.6,22.6,21.9,0.653,1
SBassett_SHW_01.18.2026_LS,SHW,1707,8179,136.33,282.5,36.8,22.7,21.6,0.7284,1
SBassett_SHW_01.18.2026_LS,SHW,1707,8180,136.34,277.0,36.8,22.2,21.0,0.7004,1
SBassett_SHW_01.18.2026_LS,SHW,1707,8181,136.36,271.1,37.0,22.1,20.9,0.782,1
SBassett_SHW_01.18.2026_LS,SHW,1707,8182,136.38,264.8,37.8,21.7,21.4,0.7308,1
SBassett_SHW_01.18.2026_LS,SHW,1707,8183,136.39,258.7,37.0,22.1,21.3,0.739,1
SBassett_SHW_01.18.2026_LS,SHW,1707,8184,136.41,253.7,37.9,21.9,21.9,0.7346,1
SBassett_SHW_01.18.2026_LS,SHW,1707,8185,136.43,249.6,39.2,22.0,21.8,0.6852,1
SBassett_SHW_01.18.2026_LS,SHW,1707,8186,136.44,242.7,38.6,23.1,22.2,0.6861,1
SBassett_SHW_01.18.2026_LS,SHW,1707,8187,136.46,236.3,40.0,22.5,21.3,0.6982,1
SBassett_SHW_01.18.2026_LS,SHW,1707,8188,136.48,231.3,40.9,21.8,20.7,0.7637,1
SBassett_SHW_01.18.2026_LS,SHW,1707,8189,136.49,226.9,41.9,22.1,21.0,0.7225,1
SBassett_SHW_01.18.2026_LS,SHW,1707,8190,136.51,220.3,42.6,22.2,20.7,0.7168,1
SBassett_SHW_01.18.2026_LS,SHW,1707,8191,136.53,214.0,42.4,22.5,21.1,0.7391,1
SBassett_SHW_01.18.2026_LS,SHW,1707,8192,136.54,208.7,43.7,22.6,21.2,0.6999,1
SBassett_SHW_01.18.2026_LS,SHW,1707,8193,136.56,205.0,46.6,23.2,22.5,0.7053,1
SBassett_SHW_01.18.2026_LS,SHW,1707,8194,136.58,197.8,46.0,23.3,22.5,0.7427,1
SBassett_SHW_01.18.2026_LS,SHW,1707,8195,136.59,190.8,45.4,22.7,22.0,0.7404,1
SBassett_SHW_01.18.2026_LS,SHW,1707,8196,136.61,185.2,46.9,22.8,22.4,0.6823,1
SBassett_SHW_01.18.2026_LS,SHW,1707,8197,136.63,180.9,48.9,22.8,22.1,0.7414,1
SBassett_SHW_01.18.2026_LS,SHW,1707,8198,136.64,174.3,48.5,23.3,22.4,0.7413,1
SBassett_SHW_01.18.2026_LS,SHW,1707,8199,136.66,167.7,49.6,22.5,21.9,0.7577,1
SBassett_SHW_01.18.2026_LS,SHW,1707,8200,136.68,162.1,50.1,22.5,21.9,0.7408,1
SBassett_SHW_01.18.2026_LS,SHW,1707,8201,136.69,156.5,51.4,23.0,22.1,0.7034,1
SBassett_SHW_01.18.2026_LS,SHW,1707,8202,136.71,150.5,51.7,23.4,22.4,0.7382,1
SBassett_SHW_01.18.2026_LS,SHW,1707,8203,136.73,144.0,52.0,23.4,22.4,0.7053,1
SBassett_SHW_01.18.2026_LS,SHW,1707,8204,136.74,137.8,53.0,23.3,22.7,0.7128,1
SBassett_SHW_01.18.2026_LS,SHW,1707,8205,136.76,131.5,53.7,22.6,22.5,0.7265,1
SBassett_SHW_01.18.2026_LS,SHW,1707,8206,136.78,126.2,54.8,22.1,22.0,0.6991,1
SBassett_SHW_01.18.2026_LS,SHW,1707,8207,136.79,120.7,57.3,22.1,22.2,0.6784,1
SBassett_SHW_01.18.2026_LS,SHW,1707,8208,136.81,114.8,58.3,21.7,21.7,0.7088,1
SBassett_SHW_01.18.2026_LS,SHW,1707,8209,136.83,108.5,59.1,22.3,21.9,0.6949,1
SBassett_SHW_01.18.2026_LS,SHW,1707,8210,136.84,103.4,61.8,22.0,22.5,0.7169,1
SBassett_SHW_01.18.2026_LS,SHW,1707,8211,136.86,98.2,63.3,22.6,22.6,0.6954,1
SBassett_SHW_01.18.2026_LS,SHW,1707,8212,136.88,91.4,64.1,22.4,22.6,0.7258,1
SBassett_SHW_01.18.2026_LS,SHW,1707,8213,136.89,85.6,66.8,22.4,21.9,0.6979,1
SBassett_SHW_01.18.2026_LS,SHW,1707,8214,136.91,80.6,68.9,22.8,22.8,0.6972,1
SBassett_SHW_01.18.2026_LS,SHW,1707,8215,136.93,74.7,70.4,22.9,22.9,0.6763,1
SBassett_SHW_01.18.2026_LS,SHW,1707,8216,136.94,68.4,72.4,23.4,23.1,0.7235,1
SBassett_SHW_01.18.2026_LS,SHW,1707,8217,136.96,62.7,74.2,23.0,23.0,0.7083,1
SBassett_SHW_01.18.2026_LS,SHW,1707,8218,136.98,57.3,76.2,22.8,23.0,0.6527,1
SBassett_SHW_01.18.2026_LS,SHW,1707,8219,136.99,51.1,78.0,22.1,22.6,0.6337,1
SBassett_SHW_01.18.2026_LS,SHW,1707,8220,137.01,44.4,78.8,21.8,22.0,0.5511,1
SBassett_SHW_01.18.2026_LS,SHW,1707,8221,137.03,39.7,81.8,21.3,22.4,0.6005,1
SBassett_SHW_01.18.2026_LS,SHW,1707,8222,137.04,35.1,85.0,21.0,22.5,0.3591,1
SBassett_SHW_01.18.2026_LS,SHW,1707,8223,137.06,28.9,86.1,20.9,22.2,0.4951,1
SBassett_SHW_01.18.2026_LS,SHW,1707,8224,137.08,22.3,87.4,21.3,23.8,0.674,1
SBassett_SHW_01.18.2026_LS,SHW,1707,8225,137.09,17.7,90.8,21.9,24.0,0.3675,1
SBassett_SHW_01.18.2026_LS,SHW,1707,8226,137.11,12.3,94.2,21.4,22.9,0.4765,1
SBassett_SHW_01.18.2026_LS,SHW,1713,8163,136.06,403.5,10.0,22.6,19.8,0.5453,1
SBassett_SHW_01.18.2026_LS,SHW,1713,8164,136.08,400.3,12.8,23.4,22.5,0.6539,1
SBassett_SHW_01.18.2026_LS,SHW,1713,8165,136.09,395.5,14.4,24.1,23.3,0.6779,1
SBassett_SHW_01.18.2026_LS,SHW,1713,8166,136.11,389.9,14.9,23.0,23.1,0.6732,1
SBassett_SHW_01.18.2026_LS,SHW,1713,8167,136.13,384.3,16.2,22.6,23.4,0.6831,1
SBassett_SHW_01.18.2026_LS,SHW,1713,8168,136.14,379.3,17.7,22.5,23.2,0.6948,1
SBassett_SHW_01.18.2026_LS,SHW,1713,8169,136.16,373.8,18.4,22.7,23.2,0.743,1
SBassett_SHW_01.18.2026_LS,SHW,1713,8170,136.18,368.5,19.7,22.8,23.0,0.6878,1
SBassett_SHW_01.18.2026_LS,SHW,1713,8171,136.19,364.3,21.9,23.0,23.0,0.6922,1
SBassett_SHW_01.18.2026_LS,SHW,1713,8172,136.21,358.9,23.4,23.1,23.4,0.6949,1
SBassett_SHW_01.18.2026_LS,SHW,1713,8173,136.23,353.1,24.9,23.6,22.7,0.7243,1
SBassett_SHW_01.18.2026_LS,SHW,1713,8174,136.24,347.2,24.6,23.5,22.9,0.7225,1
SBassett_SHW_01.18.2026_LS,SHW,1713,8175,136.26,342.4,26.1,23.7,23.2,0.6972,1
SBassett_SHW_01.18.2026_LS,SHW,1713,8176,136.28,337.3,27.6,24.3,22.5,0.7443,1
SBassett_SHW_01.18.2026_LS,SHW,1713,8177,136.29,331.6,27.7,25.0,23.3,0.7028,1
SBassett_SHW_01.18.2026_LS,SHW,1713,8178,136.31,325.9,28.8,24.8,23.5,0.7251,1
SBassett_SHW_01.18.2026_LS,SHW,1713,8179,136.33,321.0,30.3,25.1,22.9,0.7247,1
SBassett_SHW_01.18.2026_LS,SHW,1713,8180,136.34,315.6,30.1,25.1,22.8,0.6965,1
SBassett_SHW_01.18.2026_LS,SHW,1713,8181,136.36,309.5,30.8,24.5,23.1,0.7333,1
SBassett_SHW_01.18.2026_LS,SHW,1713,8182,136.38,304.0,31.5,24.8,23.2,0.7056,1
SBassett_SHW_01.18.2026_LS,SHW,1713,8183,136.39,297.3,30.7,25.0,24.1,0.7279,1
SBassett_SHW_01.18.2026_LS,SHW,1713,8184,136.41,291.6,30.7,23.4,23.6,0.6384,1
SBassett_SHW_01.18.2026_LS,SHW,1713,8185,136.43,287.0,32.4,23.8,23.7,0.6886,1
SBassett_SHW_01.18.2026_LS,SHW,1713,8186,136.44,281.1,32.9,24.8,23.8,0.7304,1
SBassett_SHW_01.18.2026_LS,SHW,1713,8187,136.46,274.2,33.7,24.7,23.7,0.7296,1
SBassett_SHW_01.18.2026_LS,SHW,1713,8188,136.48,268.8,34.0,24.2,23.6,0.7283,1
SBassett_SHW_01.18.2026_LS,SHW,1713,8189,136.49,264.0,34.7,24.6,23.5,0.6742,1
SBassett_SHW_01.18.2026_LS,SHW,1713,8190,136.51,257.6,35.3,24.5,22.2,0.6906,1
SBassett_SHW_01.18.2026_LS,SHW,1713,8191,136.53,251.1,35.4,24.2,22.3,0.7114,1
SBassett_SHW_01.18.2026_LS,SHW,1713,8192,136.54,246.4,36.3,24.1,22.9,0.6798,1
SBassett_SHW_01.18.2026_LS,SHW,1713,8193,136.56,241.7,38.8,24.5,22.9,0.6908,1
SBassett_SHW_01.18.2026_LS,SHW,1713,8194,136.58,234.3,39.9,25.5,22.9,0.6758,1
SBassett_SHW_01.18.2026_LS,SHW,1713,8195,136.59,227.8,40.0,24.2,22.9,0.7226,1
SBassett_SHW_01.18.2026_LS,SHW,1713,8196,136.61,222.1,40.7,24.2,23.3,0.7101,1
SBassett_SHW_01.18.2026_LS,SHW,1713,8197,136.63,216.8,42.2,24.1,23.0,0.6801,1
SBassett_SHW_01.18.2026_LS,SHW,1713,8198,136.64,210.4,42.2,24.7,23.0,0.7184,1
SBassett_SHW_01.18.2026_LS,SHW,1713,8199,136.66,203.5,42.7,24.0,22.4,0.7104,1
SBassett_SHW_01.18.2026_LS,SHW,1713,8200,136.68,197.6,42.8,23.4,21.8,0.7271,1
SBassett_SHW_01.18.2026_LS,SHW,1713,8201,136.69,192.3,44.1,24.3,22.8,0.6888,1
SBassett_SHW_01.18.2026_LS,SHW,1713,8202,136.71,186.2,45.6,24.3,22.7,0.7217,1
SBassett_SHW_01.18.2026_LS,SHW,1713,8203,136.73,179.3,45.9,24.8,23.2,0.6979,1
SBassett_SHW_01.18.2026_LS,SHW,1713,8204,136.74,173.6,46.5,24.2,22.6,0.6533,1
SBassett_SHW_01.18.2026_LS,SHW,1713,8205,136.76,166.7,47.0,23.8,22.3,0.701,1
SBassett_SHW_01.18.2026_LS,SHW,1713,8206,136.78,160.6,48.2,24.6,22.9,0.7158,1
SBassett_SHW_01.18.2026_LS,SHW,1713,8207,136.79,154.6,49.8,24.9,23.1,0.6632,1
SBassett_SHW_01.18.2026_LS,SHW,1713,8208,136.81,147.9,51.1,24.4,22.7,0.622,1
SBassett_SHW_01.18.2026_LS,SHW,1713,8209,136.83,141.8,52.2,24.2,22.9,0.6995,1
SBassett_SHW_01.18.2026_LS,SHW,1713,8210,136.84,136.7,54.4,24.0,23.0,0.7009,1
SBassett_SHW_01.18.2026_LS,SHW,1713,8211,136.86,130.6,55.8,24.0,22.6,0.6727,1
SBassett_SHW_01.18.2026_LS,SHW,1713,8212,136.88,123.3,56.6,23.9,23.4,0.6923,1
SBassett_SHW_01.18.2026_LS,SHW,1713,8213,136.89,117.6,58.6,23.8,23.1,0.6922,1
SBassett_SHW_01.18.2026_LS,SHW,1713,8214,136.91,112.1,60.9,24.1,22.3,0.7126,1
SBassett_SHW_01.18.2026_LS,SHW,1713,8215,136.93,106.1,62.5,24.4,22.3,0.6698,1
SBassett_SHW_01.18.2026_LS,SHW,1713,8216,136.94,99.6,64.0,24.1,22.4,0.661,1
SBassett_SHW_01.18.2026_LS,SHW,1713,8217,136.96,93.0,65.6,24.9,22.5,0.6792,1
SBassett_SHW_01.18.2026_LS,SHW,1713,8218,136.98,87.9,68.2,25.0,23.4,0.6392,1
SBassett_SHW_01.18.2026_LS,SHW,1713,8219,136.99,81.2,71.0,24.7,23.0,0.716,1
SBassett_SHW_01.18.2026_LS,SHW,1713,8220,137.01,74.4,72.8,24.0,22.3,0.6838,1
SBassett_SHW_01.18.2026_LS,SHW,1713,8221,137.03,69.4,74.5,23.1,22.6,0.6944,1
SBassett_SHW_01.18.2026_LS,SHW,1713,8222,137.04,64.7,78.4,23.4,23.0,0.6187,1
SBassett_SHW_01.18.2026_LS,SHW,1713,8223,137.06,57.5,80.6,23.8,22.3,0.5987,1
SBassett_SHW_01.18.2026_LS,SHW,1713,8224,137.08,51.1,81.7,22.6,22.7,0.6681,1
SBassett_SHW_01.18.2026_LS,SHW,1713,8225,137.09,45.5,86.0,23.5,24.8,0.6565,1
SBassett_SHW_01.18.2026_LS,SHW,1713,8226,137.11,39.7,88.7,23.7,24.5,0.6823,1
SBassett_SHW_01.18.2026_LS,SHW,1713,8227,137.13,30.3,91.1,30.5,29.5,0.4738,1
SBassett_SHW_01.18.2026_LS,SHW,1713,8228,137.14,22.7,92.2,34.5,33.2,0.612,1
SBassett_SHW_01.18.2026_LS,SHW,1713,8229,137.16,17.7,93.9,35.4,34.8,0.3144,1
SBassett_SHW_01.18.2026_LS,SHW,1713,8230,137.18,15.1,96.3,30.3,35.3,0.55,1
SBassett_SHW_01.18.2026_LS,SHW,1716,8165,136.09,372.3,16.8,18.2,18.1,0.492,1
SBassett_SHW_01.18.2026_LS,SHW,1716,8166,136.11,366.3,17.6,17.3,17.1,0.5337,1
SBassett_SHW_01.18.2026_LS,SHW,1716,8167,136.13,360.8,18.7,18.0,18.1,0.5211,1
SBassett_SHW_01.18.2026_LS,SHW,1716,8168,136.14,356.0,19.2,18.6,18.7,0.4158,1
SBassett_SHW_01.18.2026_LS,SHW,1716,8169,136.16,351.4,19.6,18.5,17.8,0.371,1
SBassett_SHW_01.18.2026_LS,SHW,1716,8170,136.18,345.7,22.1,19.5,19.1,0.5846,1
SBassett_SHW_01.18.2026_LS,SHW,1716,8171,136.19,340.7,25.0,18.8,18.1,0.5934,1
SBassett_SHW_01.18.2026_LS,SHW,1716,8172,136.21,336.2,26.5,18.6,17.6,0.5877,1
SBassett_SHW_01.18.2026_LS,SHW,1716,8173,136.23,329.3,28.8,18.6,17.9,0.5255,1
SBassett_SHW_01.18.2026_LS,SHW,1716,8174,136.24,323.9,28.8,18.9,17.2,0.5885,1
SBassett_SHW_01.18.2026_LS,SHW,1716,8175,136.26,318.4,30.3,18.6,17.4,0.5871,1
SBassett_SHW_01.18.2026_LS,SHW,1716,8176,136.28,313.8,32.4,18.7,16.6,0.6505,1
SBassett_SHW_01.18.2026_LS,SHW,1716,8177,136.29,308.0,33.3,18.2,17.0,0.588,1
SBassett_SHW_01.18.2026_LS,SHW,1716,8178,136.31,302.4,34.4,17.3,16.3,0.6384,1
SBassett_SHW_01.18.2026_LS,SHW,1716,8179,136.33,298.0,35.3,17.3,15.7,0.6442,1
SBassett_SHW_01.18.2026_LS,SHW,1716,8180,136.34,293.1,35.2,17.4,15.8,0.596,1
SBassett_SHW_01.18.2026_LS,SHW,1716,8181,136.36,286.9,35.6,17.3,15.4,0.6512,1
SBassett_SHW_01.18.2026_LS,SHW,1716,8182,136.38,281.4,36.1,17.4,15.3,0.5659,1
SBassett_SHW_01.18.2026_LS,SHW,1716,8183,136.39,275.3,35.4,16.9,15.3,0.6651,1
SBassett_SHW_01.18.2026_LS,SHW,1716,8184,136.41,269.8,35.7,16.4,15.1,0.6033,1
SBassett_SHW_01.18.2026_LS,SHW,1716,8185,136.43,263.7,37.9,17.0,16.5,0.6322,1
SBassett_SHW_01.18.2026_LS,SHW,1716,8186,136.44,257.9,37.2,17.7,15.8,0.6299,1
SBassett_SHW_01.18.2026_LS,SHW,1716,8187,136.46,251.5,38.1,17.2,16.0,0.5872,1
SBassett_SHW_01.18.2026_LS,SHW,1716,8188,136.48,246.5,38.9,17.0,15.8,0.6424,1
SBassett_SHW_01.18.2026_LS,SHW,1716,8189,136.49,241.1,40.8,16.8,15.6,0.633,1
SBassett_SHW_01.18.2026_LS,SHW,1716,8190,136.51,234.3,41.6,17.0,15.1,0.5776,1
SBassett_SHW_01.18.2026_LS,SHW,1716,8191,136.53,229.8,41.3,16.6,14.8,0.6577,1
SBassett_SHW_01.18.2026_LS,SHW,1716,8192,136.54,223.9,42.5,16.6,15.3,0.6868,1
SBassett_SHW_01.18.2026_LS,SHW,1716,8193,136.56,219.2,46.1,17.3,16.2,0.6295,1
SBassett_SHW_01.18.2026_LS,SHW,1716,8194,136.58,212.2,46.0,18.2,16.8,0.6617,1
SBassett_SHW_01.18.2026_LS,SHW,1716,8195,136.59,205.5,45.2,18.0,16.4,0.7026,1
SBassett_SHW_01.18.2026_LS,SHW,1716,8196,136.61,199.7,46.1,17.6,16.6,0.6419,1
SBassett_SHW_01.18.2026_LS,SHW,1716,8197,136.63,195.1,48.4,17.9,16.2,0.6818,1
SBassett_SHW_01.18.2026_LS,SHW,1716,8198,136.64,189.1,48.4,17.9,16.4,0.6874,1
SBassett_SHW_01.18.2026_LS,SHW,1716,8199,136.66,182.1,49.2,17.5,16.2,0.6777,1
SBassett_SHW_01.18.2026_LS,SHW,1716,8200,136.68,176.1,49.4,17.0,15.8,0.6851,1
SBassett_SHW_01.18.2026_LS,SHW,1716,8201,136.69,170.6,50.9,17.1,15.4,0.7305,1
SBassett_SHW_01.18.2026_LS,SHW,1716,8202,136.71,164.6,51.6,17.1,15.9,0.6991,1
SBassett_SHW_01.18.2026_LS,SHW,1716,8203,136.73,158.4,51.9,17.2,15.8,0.7158,1
SBassett_SHW_01.18.2026_LS,SHW,1716,8204,136.74,152.0,52.3,16.9,15.8,0.7546,1
SBassett_SHW_01.18.2026_LS,SHW,1716,8205,136.76,145.2,52.6,16.9,15.3,0.7267,1
SBassett_SHW_01.18.2026_LS,SHW,1716,8206,136.78,139.9,53.5,17.3,16.0,0.7212,1
SBassett_SHW_01.18.2026_LS,SHW,1716,8207,136.79,134.6,55.9,17.2,15.4,0.7334,1
SBassett_SHW_01.18.2026_LS,SHW,1716,8208,136.81,127.8,57.1,17.1,15.2,0.7218,1
SBassett_SHW_01.18.2026_LS,SHW,1716,8209,136.83,122.4,58.2,16.8,15.2,0.7091,1
SBassett_SHW_01.18.2026_LS,SHW,1716,8210,136.84,117.1,59.8,17.1,15.2,0.6924,1
SBassett_SHW_01.18.2026_LS,SHW,1716,8211,136.86,110.5,61.2,16.9,14.8,0.7209,1
SBassett_SHW_01.18.2026_LS,SHW,1716,8212,136.88,103.7,62.0,17.1,15.0,0.7465,1
SBassett_SHW_01.18.2026_LS,SHW,1716,8213,136.89,98.2,64.4,17.1,15.3,0.7072,1
SBassett_SHW_01.18.2026_LS,SHW,1716,8214,136.91,92.9,66.9,16.5,14.6,0.6851,1
SBassett_SHW_01.18.2026_LS,SHW,1716,8215,136.93,86.6,68.8,16.9,15.0,0.7144,1
SBassett_SHW_01.18.2026_LS,SHW,1716,8216,136.94,81.0,71.0,17.8,15.6,0.5971,1
SBassett_SHW_01.18.2026_LS,SHW,1716,8217,136.96,74.7,72.6,16.6,16.1,0.5498,1
SBassett_SHW_01.18.2026_LS,SHW,1716,8218,136.98,70.6,74.7,17.7,16.4,0.6998,1
SBassett_SHW_01.18.2026_LS,SHW,1716,8219,136.99,63.2,77.0,17.4,16.2,0.6944,1
SBassett_SHW_01.18.2026_LS,SHW,1716,8220,137.01,56.0,78.0,16.8,15.6,0.7295,1
SBassett_SHW_01.18.2026_LS,SHW,1716,8221,137.03,51.4,79.8,16.4,16.1,0.5881,1
SBassett_SHW_01.18.2026_LS,SHW,1716,8222,137.04,47.7,84.0,17.9,18.7,0.6043,1
SBassett_SHW_01.18.2026_LS,SHW,1716,8223,137.06,39.5,85.3,16.9,18.1,0.4127,1
SBassett_SHW_01.18.2026_LS,SHW,1716,8224,137.08,34.4,86.4,17.0,17.9,0.5901,1
SBassett_SHW_01.18.2026_LS,SHW,1716,8225,137.09,28.0,90.1,15.6,17.7,0.4051,1
SBassett_SHW_01.18.2026_LS,SHW,1716,8226,137.11,22.5,92.7,15.2,17.5,0.517,1
SBassett_SHW_01.18.2026_LS,SHW,1716,8227,137.13,16.0,94.1,16.7,19.0,0.4927,1
SBassett_SHW_01.18.2026_LS,SHW,1725,8248,137.48,437.3,102.4,39.7,23.6,0.5477,1
SBassett_SHW_01.18.2026_LS,SHW,1725,8249,137.5,429.5,104.5,39.6,24.7,0.3902,1
SBassett_SHW_01.18.2026_LS,SHW,1725,8250,137.51,421.1,107.2,39.9,24.1,0.4305,1
SBassett_SHW_01.18.2026_LS,SHW,1725,8251,137.53,412.4,111.6,39.4,26.2,0.6191,1
SBassett_SHW_01.18.2026_LS,SHW,1725,8252,137.55,403.4,114.4,40.7,25.9,0.3454,1
SBassett_SHW_01.18.2026_LS,SHW,1725,8255,137.6,378.0,120.4,43.3,27.1,0.4316,1
SBassett_SHW_01.18.2026_LS,SHW,1725,8256,137.61,370.8,123.2,45.8,28.0,0.5228,1
SBassett_SHW_01.18.2026_LS,SHW,1725,8257,137.63,361.3,126.1,43.2,26.2,0.5136,1
SBassett_SHW_01.18.2026_LS,SHW,1725,8258,137.65,351.1,127.7,40.0,24.3,0.5799,1
SBassett_SHW_01.18.2026_LS,SHW,1725,8259,137.66,342.6,129.7,41.7,24.5,0.5134,1
SBassett_SHW_01.18.2026_LS,SHW,1725,8260,137.68,336.3,132.1,49.4,27.9,0.3886,1
SBassett_SHW_01.18.2026_LS,SHW,1725,8261,137.7,328.1,134.7,50.7,30.1,0.3453,1
SBassett_SHW_01.18.2026_LS,SHW,1725,8262,137.71,316.9,136.8,50.6,29.5,0.2639,1
SBassett_SHW_01.18.2026_LS,SHW,1725,8265,137.76,289.8,144.8,46.6,30.4,0.5508,1
SBassett_SHW_01.18.2026_LS,SHW,1725,8266,137.78,283.1,147.8,48.8,29.2,0.5449,1
SBassett_SHW_01.18.2026_LS,SHW,1725,8267,137.8,271.6,150.0,48.0,28.3,0.2982,1
SBassett_SHW_01.18.2026_LS,SHW,1725,8269,137.83,252.3,153.9,45.4,26.7,0.3707,1
SBassett_SHW_01.18.2026_LS,SHW,1725,8270,137.85,242.5,157.0,44.2,27.2,0.3426,1
SBassett_SHW_01.18.2026_LS,SHW,1725,8271,137.86,234.3,160.7,43.9,27.1,0.4366,1
SBassett_SHW_01.18.2026_LS,SHW,1725,8272,137.88,226.2,163.4,44.2,25.9,0.5174,1
SBassett_SHW_01.18.2026_LS,SHW,1725,8275,137.93,194.5,169.6,43.2,26.4,0.4141,1
SBassett_SHW_01.18.2026_LS,SHW,1725,8276,137.95,184.4,172.1,42.0,26.4,0.3106,1
SBassett_SHW_01.18.2026_LS,SHW,1725,8277,137.96,175.3,174.9,42.0,28.2,0.2755,1
SBassett_SHW_01.18.2026_LS,SHW,1725,8282,138.05,126.7,189.3,47.4,31.4,0.4144,1
SBassett_SHW_01.18.2026_LS,SHW,1737,8254,137.58,171.4,166.4,35.5,29.7,0.6518,0
SBassett_SHW_01.18.2026_LS,SHW,1737,8255,137.6,168.0,167.4,34.4,28.2,0.6724,0
SBassett_SHW_01.18.2026_LS,SHW,1737,8256,137.61,161.1,169.1,36.6,28.1,0.5576,0
SBassett_SHW_01.18.2026_LS,SHW,1737,8257,137.63,153.3,171.1,36.7,27.0,0.3351,0
SBassett_SHW_01.18.2026_LS,SHW,1738,8254,137.58,292.0,171.0,38.6,34.9,0.6029,0
SBassett_SHW_01.18.2026_LS,SHW,1738,8255,137.6,285.1,173.9,38.2,34.2,0.5735,0
SBassett_SHW_01.18.2026_LS,SHW,1738,8256,137.61,274.2,176.8,37.4,31.5,0.4248,0
SBassett_SHW_01.18.2026_LS,SHW,1738,8257,137.63,263.7,181.0,38.5,32.2,0.643,0
SBassett_SHW_01.18.2026_LS,SHW,1738,8258,137.65,251.4,183.0,36.6,30.1,0.5909,0
SBassett_SHW_01.18.2026_LS,SHW,1738,8259,137.66,242.4,185.4,39.1,29.2,0.6158,0
SBassett_SHW_01.18.2026_LS,SHW,1738,8260,137.68,232.2,188.3,39.7,29.1,0.6312,0
SBassett_SHW_01.18.2026_LS,SHW,1738,8261,137.7,224.1,191.3,38.9,27.9,0.617,0
SBassett_SHW_01.18.2026_LS,SHW,1738,8262,137.71,210.7,193.7,38.7,27.9,0.4486,0
SBassett_SHW_01.18.2026_LS,SHW,1738,8263,137.73,198.3,194.3,38.2,28.7,0.4146,0
SBassett_SHW_01.18.2026_LS,SHW,1738,8264,137.75,188.0,196.7,38.3,29.9,0.5839,0
SBassett_SHW_01.18.2026_LS,SHW,1738,8265,137.76,182.6,200.3,40.8,31.9,0.3962,0
SBassett_SHW_01.18.2026_LS,SHW,1738,8266,137.78,177.1,204.1,41.3,31.4,0.2885,0
SBassett_SHW_01.18.2026_LS,SHW,1741,8255,137.6,587.5,136.5,28.8,25.8,0.7417,1
SBassett_SHW_01.18.2026_LS,SHW,1741,8256,137.61,579.6,139.3,30.4,26.7,0.5899,1
SBassett_SHW_01.18.2026_LS,SHW,1741,8257,137.63,569.5,142.7,30.3,27.5,0.6827,1
SBassett_SHW_01.18.2026_LS,SHW,1741,8258,137.65,555.7,144.7,31.1,27.5,0.5688,1
SBassett_SHW_01.18.2026_LS,SHW,1741,8259,137.66,545.0,147.9,31.5,29.2,0.5933,1
SBassett_SHW_01.18.2026_LS,SHW,1741,8260,137.68,536.1,150.5,31.4,28.8,0.66,1
SBassett_SHW_01.18.2026_LS,SHW,1741,8261,137.7,527.0,153.1,31.4,27.6,0.5819,1
SBassett_SHW_01.18.2026_LS,SHW,1741,8262,137.71,516.8,155.1,32.4,27.2,0.3677,1
SBassett_SHW_01.18.2026_LS,SHW,1741,8263,137.73,503.7,156.1,31.6,26.7,0.4717,1
SBassett_SHW_01.18.2026_LS,SHW,1741,8264,137.75,493.2,159.1,32.1,27.4,0.5562,1
SBassett_SHW_01.18.2026_LS,SHW,1741,8265,137.76,484.8,163.6,33.7,27.8,0.6096,1
SBassett_SHW_01.18.2026_LS,SHW,1741,8266,137.78,474.6,168.0,33.1,28.5,0.5107,1
SBassett_SHW_01.18.2026_LS,SHW,1741,8267,137.8,464.6,170.5,33.0,27.8,0.6192,1
SBassett_SHW_01.18.2026_LS,SHW,1741,8268,137.81,452.5,173.6,31.6,27.5,0.7257,1
SBassett_SHW_01.18.2026_LS,SHW,1741,8269,137.83,443.6,176.6,32.3,28.3,0.7106,1
SBassett_SHW_01.18.2026_LS,SHW,1741,8270,137.85,434.7,179.7,34.9,29.1,0.6071,1
SBassett_SHW_01.18.2026_LS,SHW,1741,8271,137.86,425.2,184.1,37.0,31.1,0.65,1
SBassett_SHW_01.18.2026_LS,SHW,1741,8272,137.88,416.4,187.1,40.5,31.9,0.5333,1
SBassett_SHW_01.18.2026_LS,SHW,1741,8273,137.9,404.8,190.7,41.0,31.7,0.5386,1
SBassett_SHW_01.18.2026_LS,SHW,1741,8274,137.91,396.4,192.7,45.8,33.6,0.3751,1
SBassett_SHW_01.18.2026_LS,SHW,1756,8621,143.7,383.6,115.4,47.6,52.2,0.5905,1
SBassett_SHW_01.18.2026_LS,SHW,1756,8622,143.71,382.6,116.6,47.8,54.3,0.4174,1
SBassett_SHW_01.18.2026_LS,SHW,1756,8624,143.75,379.2,118.8,49.8,55.7,0.2979,1
SBassett_SHW_01.18.2026_LS,SHW,1756,8625,143.76,375.3,118.4,48.8,58.6,0.3822,1
SBassett_SHW_01.18.2026_LS,SHW,1756,8626,143.78,374.4,117.7,49.3,60.2,0.499,1
SBassett_SHW_01.18.2026_LS,SHW,1756,8627,143.8,373.1,117.7,51.5,59.6,0.3387,1
SBassett_SHW_01.18.2026_LS,SHW,1756,8628,143.81,371.6,117.9,50.9,59.3,0.3387,1
SBassett_SHW_01.18.2026_LS,SHW,1756,8629,143.83,358.4,118.0,60.6,63.8,0.4738,1
SBassett_SHW_01.18.2026_LS,SHW,1756,8630,143.85,353.6,117.6,61.8,64.4,0.4588,1
SBassett_SHW_01.18.2026_LS,SHW,1756,8631,143.86,351.3,117.9,57.1,58.9,0.3962,1
SBassett_SHW_01.18.2026_LS,SHW,1756,8632,143.88,350.4,120.8,57.0,58.7,0.3961,1
SBassett_SHW_01.18.2026_LS,SHW,1756,8633,143.9,349.5,120.3,57.5,60.3,0.4474,1
SBassett_SHW_01.18.2026_LS,SHW,1756,8634,143.91,348.3,122.6,57.3,56.5,0.5032,1
SBassett_SHW_01.18.2026_LS,SHW,1756,8635,143.93,350.1,122.3,53.9,56.9,0.3583,1
SBassett_SHW_01.18.2026_LS,SHW,1756,8636,143.95,344.6,121.7,57.7,56.7,0.5206,1
SBassett_SHW_01.18.2026_LS,SHW,1756,8637,143.96,344.7,122.7,53.8,57.2,0.6697,1
SBassett_SHW_01.18.2026_LS,SHW,1756,8638,143.98,345.7,123.7,52.2,56.5,0.4552,1
SBassett_SHW_01.18.2026_LS,SHW,1756,8639,144.0,342.0,124.9,52.8,56.8,0.6108,1
SBassett_SHW_01.18.2026_LS,SHW,1756,8640,144.01,338.9,124.2,47.4,55.3,0.7586,1
SBassett_SHW_01.18.2026_LS,SHW,1756,8646,144.11,317.8,116.7,48.2,35.9,0.5844,1
SBassett_SHW_01.18.2026_LS,SHW,1756,8647,144.13,316.0,115.6,50.2,36.2,0.5896,1
SBassett_SHW_01.18.2026_LS,SHW,1756,8656,144.28,295.2,119.4,39.1,33.3,0.5352,1
SBassett_SHW_01.18.2026_LS,SHW,1756,8657,144.3,289.9,128.7,46.3,40.8,0.4647,1
SBassett_SHW_01.18.2026_LS,SHW,1756,8660,144.35,281.7,128.0,48.2,37.1,0.3533,1
SBassett_SHW_01.18.2026_LS,SHW,1757,8621,143.7,624.7,63.2,30.2,73.1,0.6982,1
SBassett_SHW_01.18.2026_LS,SHW,1757,8622,143.71,621.5,62.8,36.0,72.8,0.7875,1
SBassett_SHW_01.18.2026_LS,SHW,1757,8623,143.73,616.9,62.9,43.3,73.7,0.7377,1
SBassett_SHW_01.18.2026_LS,SHW,1757,8624,143.75,614.4,64.3,50.3,74.5,0.7286,1
SBassett_SHW_01.18.2026_LS,SHW,1757,8625,143.76,610.2,66.9,57.6,75.9,0.7095,1
SBassett_SHW_01.18.2026_LS,SHW,1757,8626,143.78,607.0,67.3,66.1,77.7,0.7564,1
SBassett_SHW_01.18.2026_LS,SHW,1757,8627,143.8,603.4,67.6,71.7,77.3,0.7755,1
SBassett_SHW_01.18.2026_LS,SHW,1757,8628,143.81,600.4,68.3,77.6,78.1,0.7876,1
SBassett_SHW_01.18.2026_LS,SHW,1757,8629,143.83,597.5,69.9,82.8,77.3,0.8043,1
SBassett_SHW_01.18.2026_LS,SHW,1757,8630,143.85,593.4,70.4,88.4,77.7,0.7832,1
SBassett_SHW_01.18.2026_LS,SHW,1757,8631,143.86,583.6,71.3,86.1,78.3,0.7286,1
SBassett_SHW_01.18.2026_LS,SHW,1757,8632,143.88,572.9,72.0,81.9,79.2,0.641,1
SBassett_SHW_01.18.2026_LS,SHW,1757,8633,143.9,559.0,74.8,67.9,77.1,0.7662,1
SBassett_SHW_01.18.2026_LS,SHW,1757,8639,144.0,517.5,73.3,66.7,54.3,0.6376,1
SBassett_SHW_01.18.2026_LS,SHW,1757,8644,144.08,494.4,79.9,56.0,47.9,0.6358,1
SBassett_SHW_01.18.2026_LS,SHW,1757,8645,144.1,476.2,86.7,55.1,46.3,0.7011,1
SBassett_SHW_01.18.2026_LS,SHW,1757,8646,144.11,463.0,92.1,52.6,40.6,0.4877,1
SBassett_SHW_01.18.2026_LS,SHW,1762,8649,144.16,623.5,73.2,32.9,58.7,0.6993,1
SBassett_SHW_01.18.2026_LS,SHW,1762,8650,144.18,619.6,72.2,38.4,55.2,0.6423,1
SBassett_SHW_01.18.2026_LS,SHW,1762,8651,144.2,614.2,76.1,48.7,58.6,0.4374,1
SBassett_SHW_01.18.2026_LS,SHW,1762,8653,144.23,605.1,80.6,66.7,71.2,0.4509,1
SBassett_SHW_01.18.2026_LS,SHW,1762,8654,144.25,603.1,82.1,69.5,73.5,0.2845,1
SBassett_SHW_01.18.2026_LS,SHW,1762,8655,144.26,598.6,84.5,76.5,75.4,0.7289,1
SBassett_SHW_01.18.2026_LS,SHW,1762,8656,144.28,592.9,86.5,80.9,74.1,0.4878,1
SBassett_SHW_01.18.2026_LS,SHW,1762,8657,144.3,578.9,91.0,75.0,69.5,0.3715,1
SBassett_SHW_01.18.2026_LS,SHW,1762,8658,144.31,563.9,97.7,71.7,66.4,0.5604,1
SBassett_SHW_01.18.2026_LS,SHW,1762,8662,144.38,547.3,97.0,74.9,61.7,0.4127,1
SBassett_SHW_01.18.2026_LS,SHW,1762,8663,144.4,539.2,98.7,76.3,68.9,0.5971,1
SBassett_SHW_01.18.2026_LS,SHW,1762,8665,144.43,517.7,103.9,68.7,65.0,0.7565,1
SBassett_SHW_01.18.2026_LS,SHW,1762,8666,144.45,512.9,106.7,67.9,64.2,0.7014,1
SBassett_SHW_01.18.2026_LS,SHW,1762,8667,144.46,515.1,107.5,86.0,71.8,0.5124,1
SBassett_SHW_01.18.2026_LS,SHW,1762,8668,144.48,503.5,107.1,83.9,70.7,0.524,1
SBassett_SHW_01.18.2026_LS,SHW,1762,8669,144.5,488.3,109.2,66.7,63.2,0.7373,1
SBassett_SHW_01.18.2026_LS,SHW,1762,8670,144.51,477.7,111.8,60.1,57.7,0.6619,1
SBassett_SHW_01.18.2026_LS,SHW,1763,8649,144.16,479.7,82.5,118.0,79.3,0.785,0
SBassett_SHW_01.18.2026_LS,SHW,1763,8650,144.18,461.7,80.1,118.6,77.1,0.6169,0
SBassett_SHW_01.18.2026_LS,SHW,1763,8651,144.2,465.6,90.1,114.7,81.2,0.6918,0
SBassett_SHW_01.18.2026_LS,SHW,1763,8652,144.21,434.7,93.5,97.4,82.0,0.7112,0
SBassett_SHW_01.18.2026_LS,SHW,1763,8653,144.23,422.4,98.4,96.1,80.5,0.6137,0
SBassett_SHW_01.18.2026_LS,SHW,1763,8654,144.25,415.7,102.0,97.5,80.7,0.5596,0
SBassett_SHW_01.18.2026_LS,SHW,1764,8651,144.2,555.3,103.2,33.8,30.8,0.444,0
SBassett_SHW_01.18.2026_LS,SHW,1764,8652,144.21,552.6,103.1,34.2,32.9,0.4613,0
SBassett_SHW_01.18.2026_LS,SHW,1764,8653,144.23,551.2,104.0,40.2,31.1,0.3718,0
SBassett_SHW_01.18.2026_LS,SHW,1766,8653,144.23,484.8,92.4,69.5,66.8,0.6358,1
SBassett_SHW_01.18.2026_LS,SHW,1766,8654,144.25,469.9,98.3,83.8,77.8,0.6581,1
SBassett_SHW_01.18.2026_LS,SHW,1766,8656,144.28,428.9,93.0,115.1,83.4,0.5597,1
SBassett_SHW_01.18.2026_LS,SHW,1766,8657,144.3,406.2,103.1,120.3,83.3,0.5936,1
SBassett_SHW_01.18.2026_LS,SHW,1766,8658,144.31,393.3,106.8,120.9,87.0,0.5968,1
SBassett_SHW_01.18.2026_LS,SHW,1766,8659,144.33,381.0,112.3,123.3,87.1,0.6009,1
SBassett_SHW_01.18.2026_LS,SHW,1766,8660,144.35,372.3,115.0,124.9,88.2,0.6654,1
SBassett_SHW_01.18.2026_LS,SHW,1766,8661,144.36,364.9,116.0,125.2,87.5,0.6414,1
SBassett_SHW_01.18.2026_LS,SHW,1766,8662,144.38,361.2,117.5,128.5,87.8,0.6249,1
SBassett_SHW_01.18.2026_LS,SHW,1766,8663,144.4,354.5,120.0,127.4,86.2,0.7191,1
SBassett_SHW_01.18.2026_LS,SHW,1766,8664,144.41,340.6,121.1,127.8,86.6,0.6863,1
SBassett_SHW_01.18.2026_LS,SHW,1766,8666,144.45,313.7,129.1,124.1,93.1,0.3555,1
SBassett_SHW_01.18.2026_LS,SHW,1766,8667,144.46,307.5,133.1,124.8,89.0,0.5865,1
SBassett_SHW_01.18.2026_LS,SHW,1766,8668,144.48,300.4,131.7,122.2,88.1,0.7252,1
SBassett_SHW_01.18.2026_LS,SHW,1766,8669,144.5,285.2,136.0,101.4,88.0,0.3522,1
SBassett_SHW_01.18.2026_LS,SHW,1766,8672,144.55,265.5,140.4,119.7,90.4,0.3278,1
SBassett_SHW_01.18.2026_LS,SHW,1766,8676,144.61,225.3,147.4,100.1,93.7,0.3123,1
SBassett_SHW_01.18.2026_LS,SHW,1766,8680,144.68,179.7,149.7,107.1,106.2,0.5962,1
SBassett_SHW_01.18.2026_LS,SHW,1766,8682,144.71,163.9,156.8,97.6,102.9,0.4557,1
SBassett_SHW_01.18.2026_LS,SHW,1766,8683,144.73,153.9,159.2,89.6,100.5,0.3784,1
SBassett_SHW_01.18.2026_LS,SHW,1780,8671,144.53,534.7,104.9,99.8,81.3,0.5612,0
SBassett_SHW_01.18.2026_LS,SHW,1780,8672,144.55,515.5,102.5,89.4,77.8,0.7494,0
SBassett_SHW_01.18.2026_LS,SHW,1780,8673,144.56,499.4,104.1,82.0,79.3,0.4403,0
SBassett_SHW_01.18.2026_LS,SHW,1784,8682,144.71,233.7,146.5,57.9,62.2,0.6866,0
SBassett_SHW_01.18.2026_LS,SHW,1784,8683,144.73,227.4,149.7,65.6,70.9,0.7386,0
SBassett_SHW_01.18.2026_LS,SHW,1784,8684,144.75,216.8,153.7,76.2,77.2,0.5507,0
SBassett_SHW_01.18.2026_LS,SHW,1784,8685,144.76,206.6,156.5,83.1,79.2,0.3043,0
SBassett_SHW_01.18.2026_LS,SHW,1786,8698,144.98,578.4,118.6,27.6,17.0,0.5625,0
SBassett_SHW_01.18.2026_LS,SHW,1786,8699,145.0,572.9,121.3,29.7,19.8,0.69,0
SBassett_SHW_01.18.2026_LS,SHW,1786,8700,145.01,565.4,123.0,30.5,20.9,0.6659,0
SBassett_SHW_01.18.2026_LS,SHW,1786,8701,145.03,564.3,121.7,33.6,22.5,0.6377,0
SBassett_SHW_01.18.2026_LS,SHW,1786,8702,145.05,556.7,121.2,30.1,23.1,0.6761,0
SBassett_SHW_01.18.2026_LS,SHW,1786,8705,145.1,551.4,121.2,30.0,22.6,0.475,0
SBassett_SHW_01.18.2026_LS,SHW,1786,8707,145.13,535.5,118.1,48.2,26.4,0.5311,0
SBassett_SHW_01.18.2026_LS,SHW,1787,8700,145.01,458.8,128.2,62.8,51.1,0.6338,1
SBassett_SHW_01.18.2026_LS,SHW,1787,8702,145.05,436.5,128.2,71.6,53.3,0.6644,1
SBassett_SHW_01.18.2026_LS,SHW,1787,8703,145.06,423.0,131.3,77.4,54.0,0.658,1
SBassett_SHW_01.18.2026_LS,SHW,1787,8718,145.31,313.4,150.4,43.9,45.4,0.7289,1
SBassett_SHW_01.18.2026_LS,SHW,1787,8719,145.33,300.9,150.8,50.9,45.9,0.7386,1
SBassett_SHW_01.18.2026_LS,SHW,1787,8720,145.35,288.5,155.1,54.8,44.2,0.7264,1
SBassett_SHW_01.18.2026_LS,SHW,1787,8723,145.4,272.3,159.5,36.5,30.4,0.6118,1
SBassett_SHW_01.18.2026_LS,SHW,1787,8724,145.41,263.5,162.7,39.1,29.6,0.6229,1
SBassett_SHW_01.18.2026_LS,SHW,1787,8725,145.43,253.9,170.1,44.9,37.2,0.5289,1
SBassett_SHW_01.18.2026_LS,SHW,1787,8726,145.45,243.6,175.0,49.2,43.0,0.675,1
SBassett_SHW_01.18.2026_LS,SHW,1787,8727,145.46,229.6,177.4,56.7,44.7,0.7235,1
SBassett_SHW_01.18.2026_LS,SHW,1787,8728,145.48,216.4,182.2,67.6,45.1,0.6825,1
SBassett_SHW_01.18.2026_LS,SHW,1787,8729,145.5,210.9,185.4,61.3,46.8,0.7024,1
SBassett_SHW_01.18.2026_LS,SHW,1787,8730,145.51,198.7,187.3,63.2,46.9,0.7358,1
SBassett_SHW_01.18.2026_LS,SHW,1787,8731,145.53,185.8,192.3,72.1,51.0,0.7396,1
SBassett_SHW_01.18.2026_LS,SHW,1787,8732,145.55,174.4,195.8,78.1,54.7,0.3404,1
SBassett_SHW_01.18.2026_LS,SHW,1787,8737,145.63,140.0,199.7,50.0,41.7,0.6962,1
SBassett_SHW_01.18.2026_LS,SHW,1787,8738,145.65,127.6,203.6,57.5,50.2,0.6208,1
SBassett_SHW_01.18.2026_LS,SHW,1787,8739,145.66,113.0,207.5,67.9,54.7,0.7451,1
SBassett_SHW_01.18.2026_LS,SHW,1787,8740,145.68,97.5,210.4,78.1,58.7,0.6937,1
SBassett_SHW_01.18.2026_LS,SHW,1787,8742,145.71,64.9,216.2,105.5,67.1,0.4513,1
SBassett_SHW_01.18.2026_LS,SHW,1787,8743,145.73,52.8,218.5,105.7,72.7,0.7629,1
SBassett_SHW_01.18.2026_LS,SHW,1787,8744,145.75,48.2,218.0,96.3,79.7,0.7278,1
SBassett_SHW_01.18.2026_LS,SHW,1787,8745,145.76,43.1,216.5,86.3,79.8,0.6324,1
SBassett_SHW_01.18.2026_LS,SHW,1787,8746,145.78,38.6,216.4,77.1,81.4,0.7212,1
SBassett_SHW_01.18.2026_LS,SHW,1787,8747,145.8,32.6,218.1,65.3,82.9,0.4307,1
SBassett_SHW_01.18.2026_LS,SHW,1787,8748,145.81,24.1,218.0,48.2,83.6,0.6846,1
SBassett_SHW_01.18.2026_LS,SHW,1789,8711,145.2,503.5,121.6,30.7,26.7,0.5987,1
SBassett_SHW_01.18.2026_LS,SHW,1789,8712,145.21,505.6,122.3,39.5,29.0,0.5892,1
SBassett_SHW_01.18.2026_LS,SHW,1789,8713,145.23,499.8,121.8,42.1,28.5,0.6563,1
SBassett_SHW_01.18.2026_LS,SHW,1789,8714,145.25,490.2,122.9,40.0,25.8,0.5407,1
SBassett_SHW_01.18.2026_LS,SHW,1789,8715,145.26,481.5,124.9,36.2,26.0,0.6606,1
SBassett_SHW_01.18.2026_LS,SHW,1789,8716,145.28,474.7,124.9,34.0,25.1,0.6155,1
SBassett_SHW_01.18.2026_LS,SHW,1789,8717,145.3,466.4,124.9,33.2,25.9,0.4194,1
SBassett_SHW_01.18.2026_LS,SHW,1789,8746,145.78,284.5,160.2,36.0,29.1,0.5347,1
SBassett_SHW_01.18.2026_LS,SHW,1789,8747,145.8,279.9,160.6,40.4,32.4,0.696,1
SBassett_SHW_01.18.2026_LS,SHW,1789,8748,145.81,274.1,160.2,42.9,35.6,0.66,1
SBassett_SHW_01.18.2026_LS,SHW,1789,8749,145.83,268.6,160.3,44.1,35.6,0.7269,1
SBassett_SHW_01.18.2026_LS,SHW,1789,8750,145.85,265.0,161.1,45.8,36.4,0.6282,1
SBassett_SHW_01.18.2026_LS,SHW,1789,8751,145.86,262.2,161.1,47.4,36.9,0.6254,1
SBassett_SHW_01.18.2026_LS,SHW,1789,8752,145.88,258.5,159.8,48.1,36.3,0.5262,1
SBassett_SHW_01.18.2026_LS,SHW,1789,8753,145.9,254.2,158.7,49.0,36.9,0.5283,1
SBassett_SHW_01.18.2026_LS,SHW,1789,8754,145.91,252.1,158.2,49.2,36.2,0.5468,1
SBassett_SHW_01.18.2026_LS,SHW,1789,8755,145.93,249.5,158.1,51.5,38.0,0.3249,1
SBassett_SHW_01.18.2026_LS,SHW,1789,8756,145.95,245.8,157.4,50.9,37.3,0.4662,1
SBassett_SHW_01.18.2026_LS,SHW,1789,8757,145.96,242.8,157.7,50.1,36.4,0.4941,1
SBassett_SHW_01.18.2026_LS,SHW,1789,8758,145.98,240.2,158.0,49.3,36.3,0.7109,1
SBassett_SHW_01.18.2026_LS,SHW,1789,8759,146.0,238.6,158.9,50.1,37.6,0.5665,1
SBassett_SHW_01.18.2026_LS,SHW,1789,8760,146.01,234.5,159.5,48.7,36.7,0.3537,1
SBassett_SHW_01.18.2026_LS,SHW,1789,8761,146.03,230.1,159.0,47.3,36.3,0.6296,1
SBassett_SHW_01.18.2026_LS,SHW,1789,8762,146.05,228.7,160.5,47.3,37.3,0.6396,1
SBassett_SHW_01.18.2026_LS,SHW,1789,8763,146.06,226.1,160.9,47.5,37.3,0.5664,1
SBassett_SHW_01.18.2026_LS,SHW,1789,8764,146.08,223.6,160.7,48.3,37.3,0.7568,1
SBassett_SHW_01.18.2026_LS,SHW,1789,8765,146.1,221.2,159.4,48.7,36.2,0.6658,1
SBassett_SHW_01.18.2026_LS,SHW,1789,8766,146.11,218.1,159.3,48.4,35.9,0.4106,1
SBassett_SHW_01.18.2026_LS,SHW,1789,8767,146.13,215.0,158.6,48.4,35.6,0.3671,1
SBassett_SHW_01.18.2026_LS,SHW,1789,8768,146.15,210.5,157.9,47.5,35.3,0.5408,1
SBassett_SHW_01.18.2026_LS,SHW,1789,8769,146.16,207.5,156.8,48.8,35.5,0.414,1
SBassett_SHW_01.18.2026_LS,SHW,1789,8770,146.18,205.5,155.8,48.9,35.9,0.466,1
SBassett_SHW_01.18.2026_LS,SHW,1789,8771,146.2,201.8,155.4,48.8,37.1,0.5474,1
SBassett_SHW_01.18.2026_LS,SHW,1789,8772,146.21,196.6,154.1,47.9,38.7,0.5202,1
SBassett_SHW_01.18.2026_LS,SHW,1789,8773,146.23,193.2,152.5,48.3,38.0,0.5905,1
SBassett_SHW_01.18.2026_LS,SHW,1789,8774,146.25,191.0,152.4,48.9,37.9,0.4688,1
SBassett_SHW_01.18.2026_LS,SHW,1789,8775,146.26,187.1,151.4,48.6,37.5,0.3672,1
SBassett_SHW_01.18.2026_LS,SHW,1789,8776,146.28,184.1,150.8,48.2,38.2,0.3646,1
SBassett_SHW_01.18.2026_LS,SHW,1789,8777,146.3,179.5,148.8,48.4,38.4,0.5022,1
SBassett_SHW_01.18.2026_LS,SHW,1789,8778,146.31,177.0,147.2,49.4,39.1,0.4491,1
SBassett_SHW_01.18.2026_LS,SHW,1789,8779,146.33,174.0,145.5,48.3,39.7,0.517,1
SBassett_SHW_01.18.2026_LS,SHW,1789,8780,146.35,171.2,144.6,48.1,39.5,0.2833,1
SBassett_SHW_01.18.2026_LS,SHW,1789,8781,146.36,169.1,144.3,47.1,39.2,0.3482,1
SBassett_SHW_01.18.2026_LS,SHW,1789,8782,146.38,164.3,143.8,48.9,39.8,0.4776,1
SBassett_SHW_01.18.2026_LS,SHW,1789,8783,146.4,161.8,143.6,49.7,39.6,0.2857,1
SBassett_SHW_01.18.2026_LS,SHW,1789,8784,146.41,158.7,142.9,49.3,38.7,0.4844,1
SBassett_SHW_01.18.2026_LS,SHW,1789,8788,146.48,143.4,141.1,48.9,40.0,0.4705,1
SBassett_SHW_01.18.2026_LS,SHW,1789,8791,146.53,134.3,139.0,49.0,41.1,0.3334,1
SBassett_SHW_01.18.2026_LS,SHW,1789,8794,146.58,122.4,137.4,49.3,40.8,0.2604,1
SBassett_SHW_01.18.2026_LS,SHW,1789,8797,146.63,109.7,137.0,48.6,41.2,0.3762,1
SBassett_SHW_01.18.2026_LS,SHW,1789,8798,146.65,105.4,138.3,49.6,40.4,0.4014,1
SBassett_SHW_01.18.2026_LS,SHW,1789,8799,146.66,102.1,139.2,49.8,40.7,0.3457,1
SBassett_SHW_01.18.2026_LS,SHW,1789,8800,146.68,98.1,137.9,49.3,41.0,0.2962,1
SBassett_SHW_01.18.2026_LS,SHW,1789,8801,146.7,93.6,139.2,50.4,40.5,0.3988,1
SBassett_SHW_01.18.2026_LS,SHW,1789,8808,146.81,64.8,146.2,51.4,41.3,0.324,1
SBassett_SHW_01.18.2026_LS,SHW,1789,8809,146.83,60.5,147.0,50.9,40.9,0.3571,1
SBassett_SHW_01.18.2026_LS,SHW,1789,8810,146.85,55.5,149.1,51.3,40.3,0.5503,1
SBassett_SHW_01.18.2026_LS,SHW,1789,8811,146.86,51.9,151.2,51.6,39.6,0.4319,1
SBassett_SHW_01.18.2026_LS,SHW,1789,8812,146.88,48.1,153.0,52.2,40.2,0.4178,1
SBassett_SHW_01.18.2026_LS,SHW,1789,8813,146.9,43.5,153.8,52.4,40.4,0.2848,1
SBassett_SHW_01.18.2026_LS,SHW,1789,8814,146.91,40.5,154.6,51.1,40.9,0.3798,1
SBassett_SHW_01.18.2026_LS,SHW,1789,8815,146.93,36.8,155.6,52.4,41.6,0.3575,1
SBassett_SHW_01.18.2026_LS,SHW,1789,8816,146.95,33.3,158.2,51.9,41.4,0.5467,1
SBassett_SHW_01.18.2026_LS,SHW,1789,8817,146.96,29.3,158.9,51.8,41.4,0.6132,1
SBassett_SHW_01.18.2026_LS,SHW,1789,8818,146.98,25.9,160.2,51.7,41.7,0.6273,1
SBassett_SHW_01.18.2026_LS,SHW,1789,8819,147.0,23.7,161.6,47.5,41.6,0.5327,1
SBassett_SHW_01.18.2026_LS,SHW,1789,8820,147.01,22.2,161.6,44.4,42.1,0.383,1
SBassett_SHW_01.18.2026_LS,SHW,1789,8821,147.03,19.5,160.7,39.0,41.7,0.4876,1
SBassett_SHW_01.18.2026_LS,SHW,1789,8822,147.05,17.8,161.4,35.7,42.7,0.4257,1
SBassett_SHW_01.18.2026_LS,SHW,1789,8823,147.06,16.6,161.4,33.1,42.1,0.3627,1
SBassett_SHW_01.18.2026_LS,SHW,1805,8735,145.6,386.0,153.6,33.5,22.4,0.5321,1
SBassett_SHW_01.18.2026_LS,SHW,1805,8736,145.61,383.1,153.1,32.8,22.2,0.6148,1
SBassett_SHW_01.18.2026_LS,SHW,1805,8737,145.63,379.0,154.5,32.2,21.1,0.5088,1
SBassett_SHW_01.18.2026_LS,SHW,1805,8738,145.65,375.4,154.2,31.6,21.7,0.3285,1
SBassett_SHW_01.18.2026_LS,SHW,1805,8739,145.66,371.7,154.3,32.9,22.1,0.3225,1
SBassett_SHW_01.18.2026_LS,SHW,1805,8740,145.68,368.5,155.0,32.7,21.5,0.4427,1
SBassett_SHW_01.18.2026_LS,SHW,1805,8741,145.7,364.4,155.7,33.7,21.4,0.3883,1
SBassett_SHW_01.18.2026_LS,SHW,1805,8742,145.71,361.2,156.0,34.0,20.8,0.5847,1
SBassett_SHW_01.18.2026_LS,SHW,1805,8743,145.73,358.5,158.0,31.9,22.1,0.5528,1
SBassett_SHW_01.18.2026_LS,SHW,1805,8744,145.75,356.1,158.0,32.9,22.4,0.6718,1
SBassett_SHW_01.18.2026_LS,SHW,1805,8745,145.76,352.5,157.5,33.2,22.8,0.4319,1
SBassett_SHW_01.18.2026_LS,SHW,1805,8746,145.78,349.6,158.3,33.3,23.9,0.4448,1
SBassett_SHW_01.18.2026_LS,SHW,1805,8747,145.8,345.6,158.8,34.6,24.1,0.2868,1
SBassett_SHW_01.18.2026_LS,SHW,1805,8748,145.81,341.9,158.8,34.2,23.8,0.2603,1
SBassett_SHW_01.18.2026_LS,SHW,1805,8749,145.83,338.7,158.5,35.1,23.7,0.409,1
SBassett_SHW_01.18.2026_LS,SHW,1805,8750,145.85,336.3,159.5,34.0,24.0,0.5404,1
SBassett_SHW_01.18.2026_LS,SHW,1805,8752,145.88,329.5,158.7,33.3,23.0,0.2935,1
SBassett_SHW_01.18.2026_LS,SHW,1805,8753,145.9,325.7,158.7,32.7,22.2,0.5065,1
SBassett_SHW_01.18.2026_LS,SHW,1805,8754,145.91,322.4,158.2,32.3,21.3,0.5241,1
SBassett_SHW_01.18.2026_LS,SHW,1805,8755,145.93,319.1,158.3,32.1,20.7,0.5112,1
SBassett_SHW_01.18.2026_LS,SHW,1805,8756,145.95,315.3,158.0,31.7,20.1,0.5837,1
SBassett_SHW_01.18.2026_LS,SHW,1805,8757,145.96,312.2,158.2,32.5,21.5,0.5397,1
SBassett_SHW_01.18.2026_LS,SHW,1805,8758,145.98,309.4,158.1,31.8,21.9,0.5159,1
SBassett_SHW_01.18.2026_LS,SHW,1805,8759,146.0,307.3,159.3,31.9,21.8,0.6767,1
SBassett_SHW_01.18.2026_LS,SHW,1805,8760,146.01,304.2,160.3,32.1,20.1,0.4974,1
SBassett_SHW_01.18.2026_LS,SHW,1805,8761,146.03,300.4,159.7,33.2,20.3,0.6231,1
SBassett_SHW_01.18.2026_LS,SHW,1805,8762,146.05,297.9,160.2,32.5,20.8,0.7221,1
SBassett_SHW_01.18.2026_LS,SHW,1805,8763,146.06,294.9,161.3,33.8,20.3,0.2989,1
SBassett_SHW_01.18.2026_LS,SHW,1805,8765,146.1,288.1,160.8,34.1,20.0,0.5057,1
SBassett_SHW_01.18.2026_LS,SHW,1805,8766,146.11,285.0,161.3,34.2,20.1,0.57,1
SBassett_SHW_01.18.2026_LS,SHW,1805,8767,146.13,281.7,160.8,35.2,21.1,0.3554,1
SBassett_SHW_01.18.2026_LS,SHW,1805,8768,146.15,277.1,160.4,35.6,19.6,0.2655,1
SBassett_SHW_01.18.2026_LS,SHW,1805,8769,146.16,273.1,159.4,35.7,19.1,0.2531,1
SBassett_SHW_01.18.2026_LS,SHW,1805,8770,146.18,270.2,158.9,34.8,19.1,0.7,1
SBassett_SHW_01.18.2026_LS,SHW,1805,8771,146.2,266.7,158.4,34.6,18.7,0.6272,1
SBassett_SHW_01.18.2026_LS,SHW,1805,8772,146.21,261.5,156.6,33.5,19.3,0.6038,1
SBassett_SHW_01.18.2026_LS,SHW,1805,8773,146.23,257.6,155.5,33.9,19.3,0.4219,1
SBassett_SHW_01.18.2026_LS,SHW,1805,8774,146.25,255.0,155.4,35.1,20.1,0.4213,1
SBassett_SHW_01.18.2026_LS,SHW,1805,8775,146.26,252.2,155.6,34.0,19.2,0.345,1
SBassett_SHW_01.18.2026_LS,SHW,1805,8776,146.28,249.1,153.7,34.2,20.5,0.3423,1
SBassett_SHW_01.18.2026_LS,SHW,1805,8777,146.3,244.6,152.2,34.4,20.0,0.285,1
SBassett_SHW_01.18.2026_LS,SHW,1805,8778,146.31,241.2,151.1,34.6,19.5,0.3462,1
SBassett_SHW_01.18.2026_LS,SHW,1805,8779,146.33,237.2,149.9,35.3,19.0,0.4332,1
SBassett_SHW_01.18.2026_LS,SHW,1805,8780,146.35,234.1,149.7,35.2,18.8,0.6267,1
SBassett_SHW_01.18.2026_LS,SHW,1805,8781,146.36,230.6,149.0,35.1,20.3,0.3874,1
SBassett_SHW_01.18.2026_LS,SHW,1819,8957,149.3,449.2,165.3,35.3,24.9,0.4211,1
SBassett_SHW_01.18.2026_LS,SHW,1819,8958,149.31,446.7,167.2,36.1,24.2,0.3424,1
SBassett_SHW_01.18.2026_LS,SHW,1819,8959,149.33,444.0,168.5,35.3,22.2,0.4044,1
SBassett_SHW_01.18.2026_LS,SHW,1819,8960,149.35,440.4,170.2,36.8,22.9,0.5418,1
SBassett_SHW_01.18.2026_LS,SHW,1819,8961,149.36,437.3,172.5,36.1,21.2,0.4748,1
SBassett_SHW_01.18.2026_LS,SHW,1819,8962,149.38,435.1,172.7,35.3,22.0,0.487,1
SBassett_SHW_01.18.2026_LS,SHW,1819,8963,149.4,433.5,176.3,36.1,20.6,0.4483,1
SBassett_SHW_01.18.2026_LS,SHW,1819,8964,149.41,432.2,179.0,36.1,21.0,0.3514,1
SBassett_SHW_01.18.2026_LS,SHW,1819,8965,149.43,429.5,182.0,37.8,19.7,0.3775,1
SBassett_SHW_01.18.2026_LS,SHW,1819,8966,149.45,425.9,184.5,39.2,19.4,0.4378,1
SBassett_SHW_01.18.2026_LS,SHW,1819,8968,149.48,421.9,184.5,36.7,27.5,0.4532,1
SBassett_SHW_01.18.2026_LS,SHW,1819,8969,149.5,418.3,185.6,38.3,27.2,0.5224,1
SBassett_SHW_01.18.2026_LS,SHW,1819,8970,149.51,414.6,189.8,39.7,22.6,0.4329,1
SBassett_SHW_01.18.2026_LS,SHW,1819,8971,149.53,412.8,188.3,39.5,23.5,0.4996,1
SBassett_SHW_01.18.2026_LS,SHW,1819,8972,149.55,410.2,191.8,39.4,21.9,0.3209,1
SBassett_SHW_01.18.2026_LS,SHW,1819,8973,149.56,406.9,193.9,40.3,21.5,0.3692,1
SBassett_SHW_01.18.2026_LS,SHW,1819,8974,149.58,404.3,193.5,39.5,20.9,0.3703,1
SBassett_SHW_01.18.2026_LS,SHW,1819,8975,149.6,402.0,193.6,39.1,21.6,0.5019,1
SBassett_SHW_01.18.2026_LS,SHW,1819,8976,149.61,398.7,194.6,39.0,23.9,0.4397,1
SBassett_SHW_01.18.2026_LS,SHW,1819,8977,149.63,396.5,195.2,38.8,24.3,0.4806,1
SBassett_SHW_01.18.2026_LS,SHW,1819,8978,149.65,394.2,196.0,39.3,23.9,0.4983,1
SBassett_SHW_01.18.2026_LS,SHW,1819,8979,149.66,392.1,197.3,38.5,25.4,0.4473,1
SBassett_SHW_01.18.2026_LS,SHW,1819,8980,149.68,390.1,197.6,36.9,25.1,0.3505,1
SBassett_SHW_01.18.2026_LS,SHW,1819,8981,149.7,387.3,198.1,34.7,24.5,0.3871,1
SBassett_SHW_01.18.2026_LS,SHW,1819,8982,149.71,384.2,198.4,33.9,24.4,0.272,1
SBassett_SHW_01.18.2026_LS,SHW,1819,8983,149.73,381.7,199.1,34.3,23.5,0.2632,1
SBassett_SHW_01.18.2026_LS,SHW,1819,8984,149.75,379.3,200.3,34.2,24.8,0.4159,1
SBassett_SHW_01.18.2026_LS,SHW,1819,8985,149.76,375.9,201.3,34.5,24.2,0.2931,1
SBassett_SHW_01.18.2026_LS,SHW,1819,8986,149.78,373.2,202.0,35.5,23.3,0.3666,1
SBassett_SHW_01.18.2026_LS,SHW,1820,8962,149.38,288.5,187.5,52.0,29.3,0.6436,0
SBassett_SHW_01.18.2026_LS,SHW,1820,8964,149.41,285.9,194.6,51.0,30.3,0.3409,0
SBassett_SHW_01.18.2026_LS,SHW,1820,8965,149.43,282.1,196.7,49.1,28.7,0.5042,0
SBassett_SHW_01.18.2026_LS,SHW,1820,8966,149.45,276.6,195.6,56.3,28.6,0.6158,0
SBassett_SHW_01.18.2026_LS,SHW,1820,8967,149.46,271.2,195.7,61.3,29.4,0.5414,0
SBassett_SHW_01.18.2026_LS,SHW,1820,8968,149.48,272.8,197.4,53.5,29.4,0.6006,0
SBassett_SHW_01.18.2026_LS,SHW,1822,8976,149.61,627.4,171.7,23.7,29.3,0.5656,0
SBassett_SHW_01.18.2026_LS,SHW,1822,8977,149.63,624.7,173.1,29.2,30.8,0.5865,0
SBassett_SHW_01.18.2026_LS,SHW,1822,8978,149.65,622.0,174.1,33.5,34.0,0.3569,0
SBassett_SHW_01.18.2026_LS,SHW,1822,8979,149.66,618.1,174.6,37.3,36.2,0.2839,0
SBassett_SHW_01.18.2026_LS,SHW,1825,8993,149.9,611.9,194.9,49.1,39.5,0.6065,0
SBassett_SHW_01.18.2026_LS,SHW,1825,8994,149.91,605.6,195.5,48.5,36.6,0.4208,0
SBassett_SHW_01.18.2026_LS,SHW,1825,8995,149.93,596.5,194.7,39.9,29.8,0.5023,0
SBassett_SHW_01.18.2026_LS,SHW,1834,9015,150.26,292.4,248.9,29.6,26.7,0.4582,1
SBassett_SHW_01.18.2026_LS,SHW,1834,9016,150.28,290.0,248.4,30.6,25.3,0.4369,1
SBassett_SHW_01.18.2026_LS,SHW,1834,9017,150.3,286.1,248.7,31.7,24.7,0.4679,1
SBassett_SHW_01.18.2026_LS,SHW,1834,9019,150.33,279.1,251.7,34.9,28.7,0.5434,1
SBassett_SHW_01.18.2026_LS,SHW,1834,9020,150.35,275.8,252.1,34.1,28.2,0.2765,1
SBassett_SHW_01.18.2026_LS,SHW,1834,9027,150.46,256.9,265.3,30.2,25.4,0.4461,1
SBassett_SHW_01.18.2026_LS,SHW,1834,9028,150.48,253.6,266.4,29.7,25.5,0.282,1
SBassett_SHW_01.18.2026_LS,SHW,1834,9029,150.5,248.1,265.7,32.6,27.5,0.3732,1
SBassett_SHW_01.18.2026_LS,SHW,1834,9030,150.51,242.9,265.4,30.5,27.8,0.3544,1
SBassett_SHW_01.18.2026_LS,SHW,1834,9033,150.56,236.4,268.1,34.5,30.5,0.3928,1
SBassett_SHW_01.18.2026_LS,SHW,1834,9036,150.61,227.9,270.7,35.3,25.7,0.3211,1
SBassett_SHW_01.18.2026_LS,SHW,1834,9037,150.63,223.9,270.6,32.5,25.8,0.5016,1
SBassett_SHW_01.18.2026_LS,SHW,1834,9038,150.65,220.5,269.1,30.6,24.5,0.4637,1
SBassett_SHW_01.18.2026_LS,SHW,1834,9039,150.66,218.5,270.7,30.6,25.2,0.5266,1
SBassett_SHW_01.18.2026_LS,SHW,1834,9040,150.68,215.7,270.5,31.9,25.1,0.4869,1
SBassett_SHW_01.18.2026_LS,SHW,1834,9041,150.7,212.4,268.6,30.8,25.4,0.517,1
SBassett_SHW_01.18.2026_LS,SHW,1834,9042,150.71,210.0,268.5,31.2,25.4,0.3015,1
SBassett_SHW_01.18.2026_LS,SHW,1834,9043,150.73,206.4,267.1,29.8,24.9,0.3454,1
SBassett_SHW_01.18.2026_LS,SHW,1834,9044,150.75,202.1,265.3,28.0,23.7,0.4065,1
SBassett_SHW_01.18.2026_LS,SHW,1834,9045,150.76,199.0,265.0,28.7,22.9,0.4408,1
SBassett_SHW_01.18.2026_LS,SHW,1834,9046,150.78,196.6,265.5,29.1,21.0,0.2896,1
SBassett_SHW_01.18.2026_LS,SHW,1834,9047,150.8,193.8,265.9,30.0,20.0,0.392,1
SBassett_SHW_01.18.2026_LS,SHW,1834,9048,150.81,190.5,265.8,32.6,18.5,0.2754,1
SBassett_SHW_01.18.2026_LS,SHW,1834,9066,151.11,126.6,263.1,33.8,28.4,0.5044,1
SBassett_SHW_01.18.2026_LS,SHW,1834,9067,151.13,122.4,264.6,32.2,28.3,0.361,1
SBassett_SHW_01.18.2026_LS,SHW,1834,9068,151.15,118.5,265.7,32.4,29.3,0.2624,1
SBassett_SHW_01.18.2026_LS,SHW,1835,9016,150.28,65.8,280.9,23.4,18.1,0.6007,1
SBassett_SHW_01.18.2026_LS,SHW,1835,9017,150.3,61.9,282.0,23.0,17.7,0.4036,1
SBassett_SHW_01.18.2026_LS,SHW,1835,9018,150.31,58.4,283.9,23.2,18.0,0.2834,1
SBassett_SHW_01.18.2026_LS,SHW,1835,9022,150.38,46.2,290.0,25.4,20.3,0.4822,1
SBassett_SHW_01.18.2026_LS,SHW,1835,9023,150.4,43.8,291.6,26.4,20.5,0.6597,1
SBassett_SHW_01.18.2026_LS,SHW,1835,9024,150.41,40.9,291.8,27.5,20.4,0.5874,1
SBassett_SHW_01.18.2026_LS,SHW,1835,9025,150.43,36.2,292.5,27.7,19.4,0.4967,1
SBassett_SHW_01.18.2026_LS,SHW,1835,9026,150.45,32.6,293.8,27.6,19.7,0.5519,1
SBassett_SHW_01.18.2026_LS,SHW,1835,9027,150.46,32.1,297.9,25.9,21.5,0.4702,1
SBassett_SHW_01.18.2026_LS,SHW,1835,9028,150.48,30.1,299.1,26.3,20.4,0.4713,1
SBassett_SHW_01.18.2026_LS,SHW,1835,9029,150.5,25.6,297.9,25.6,18.1,0.4772,1
SBassett_SHW_01.18.2026_LS,SHW,1835,9030,150.51,20.9,297.7,23.6,17.8,0.4813,1
SBassett_SHW_01.18.2026_LS,SHW,1835,9032,150.55,17.7,302.9,23.4,16.8,0.6636,1
SBassett_SHW_01.18.2026_LS,SHW,1835,9033,150.56,13.7,302.4,23.1,17.1,0.5948,1
SBassett_SHW_01.18.2026_LS,SHW,1835,9034,150.58,9.4,302.6,18.8,16.9,0.5282,1
SBassett_SHW_01.18.2026_LS,SHW,1835,9035,150.6,7.6,303.8,15.1,15.8,0.5174,1
SBassett_SHW_01.18.2026_LS,SHW,1836,9018,150.31,400.6,262.4,81.2,40.5,0.4176,1
SBassett_SHW_01.18.2026_LS,SHW,1836,9035,150.6,399.2,261.7,69.3,44.3,0.5799,1
SBassett_SHW_01.18.2026_LS,SHW,1836,9036,150.61,397.7,262.9,66.3,43.1,0.7252,1
SBassett_SHW_01.18.2026_LS,SHW,1836,9037,150.63,398.9,262.2,52.9,44.1,0.5518,1
SBassett_SHW_01.18.2026_LS,SHW,1836,9038,150.65,386.2,261.7,65.5,45.3,0.6139,1
SBassett_SHW_01.18.2026_LS,SHW,1836,9039,150.66,379.9,263.7,68.1,45.1,0.6998,1
SBassett_SHW_01.18.2026_LS,SHW,1836,9040,150.68,373.0,264.6,69.0,45.1,0.6747,1
SBassett_SHW_01.18.2026_LS,SHW,1836,9041,150.7,366.2,264.0,69.4,43.8,0.6843,1
SBassett_SHW_01.18.2026_LS,SHW,1836,9042,150.71,360.1,264.6,70.3,44.4,0.6756,1
SBassett_SHW_01.18.2026_LS,SHW,1836,9043,150.73,360.0,263.7,56.1,43.4,0.691,1
SBassett_SHW_01.18.2026_LS,SHW,1836,9044,150.75,349.3,264.2,62.5,45.9,0.7275,1
SBassett_SHW_01.18.2026_LS,SHW,1836,9045,150.76,341.0,265.2,66.5,46.5,0.6551,1
SBassett_SHW_01.18.2026_LS,SHW,1836,9046,150.78,334.4,266.6,68.3,46.8,0.6466,1
SBassett_SHW_01.18.2026_LS,SHW,1836,9047,150.8,328.1,267.4,68.6,46.1,0.6776,1
SBassett_SHW_01.18.2026_LS,SHW,1836,9048,150.81,319.9,269.1,72.2,45.9,0.4902,1
SBassett_SHW_01.18.2026_LS,SHW,1836,9049,150.83,313.0,269.3,70.6,45.5,0.2544,1
SBassett_SHW_01.18.2026_LS,SHW,1836,9050,150.85,307.8,269.9,68.4,44.5,0.5454,1
SBassett_SHW_01.18.2026_LS,SHW,1836,9051,150.86,302.2,272.0,71.3,46.1,0.3684,1
SBassett_SHW_01.18.2026_LS,SHW,1836,9052,150.88,295.2,270.5,72.6,50.8,0.5339,1
SBassett_SHW_01.18.2026_LS,SHW,1836,9053,150.9,288.7,271.2,70.5,50.3,0.5283,1
SBassett_SHW_01.18.2026_LS,SHW,1836,9055,150.93,284.8,273.7,57.3,50.4,0.6698,1
SBassett_SHW_01.18.2026_LS,SHW,1836,9056,150.95,270.8,273.2,70.8,50.2,0.3439,1
SBassett_SHW_01.18.2026_LS,SHW,1836,9057,150.96,262.1,273.9,74.3,49.6,0.5028,1
SBassett_SHW_01.18.2026_LS,SHW,1836,9069,151.16,177.7,294.0,71.0,47.4,0.4647,1
SBassett_SHW_01.18.2026_LS,SHW,1836,9070,151.18,171.3,297.5,70.4,45.8,0.3585,1
SBassett_SHW_01.18.2026_LS,SHW,1836,9081,151.36,86.6,319.6,75.1,75.0,0.5345,1
SBassett_SHW_01.18.2026_LS,SHW,1836,9082,151.38,79.9,321.0,77.1,75.2,0.2768,1
SBassett_SHW_01.18.2026_LS,SHW,1843,9030,150.51,429.5,253.1,68.9,47.5,0.686,0
SBassett_SHW_01.18.2026_LS,SHW,1843,9032,150.55,428.3,259.3,54.0,40.2,0.6465,0
SBassett_SHW_01.18.2026_LS,SHW,1843,9034,150.58,417.0,260.8,46.8,41.1,0.4759,0
SBassett_SHW_01.18.2026_LS,SHW,1875,9088,151.48,415.7,265.9,88.9,77.0,0.3329,1
SBassett_SHW_01.18.2026_LS,SHW,1875,9091,151.53,386.9,270.7,87.0,79.2,0.4805,1
SBassett_SHW_01.18.2026_LS,SHW,1875,9092,151.55,375.5,273.8,82.9,78.6,0.5625,1
SBassett_SHW_01.18.2026_LS,SHW,1875,9093,151.56,368.9,274.4,92.5,80.3,0.5304,1
SBassett_SHW_01.18.2026_LS,SHW,1875,9094,151.58,360.2,276.5,89.5,80.5,0.7043,1
SBassett_SHW_01.18.2026_LS,SHW,1875,9095,151.6,352.0,278.4,87.5,80.3,0.7415,1
SBassett_SHW_01.18.2026_LS,SHW,1875,9096,151.61,343.1,280.3,88.7,79.7,0.6749,1
SBassett_SHW_01.18.2026_LS,SHW,1875,9097,151.63,330.2,279.8,89.1,80.6,0.3254,1
SBassett_SHW_01.18.2026_LS,SHW,1875,9098,151.65,323.3,282.5,90.5,80.7,0.5692,1
SBassett_SHW_01.18.2026_LS,SHW,1875,9099,151.66,315.8,284.7,92.3,81.5,0.2637,1
SBassett_SHW_01.18.2026_LS,SHW,1875,9100,151.68,305.3,285.6,91.1,81.6,0.3227,1
SBassett_SHW_01.18.2026_LS,SHW,1875,9101,151.7,297.7,289.1,89.6,82.1,0.3492,1
SBassett_SHW_01.18.2026_LS,SHW,1875,9102,151.71,288.0,292.3,89.4,81.4,0.3574,1
SBassett_SHW_01.18.2026_LS,SHW,1875,9103,151.73,278.4,293.5,88.2,80.5,0.4767,1
SBassett_SHW_01.18.2026_LS,SHW,1875,9108,151.81,231.9,301.4,87.4,83.0,0.464,1
SBassett_SHW_01.18.2026_LS,SHW,1875,9109,151.83,226.2,302.5,96.6,85.8,0.2647,1
SBassett_SHW_01.18.2026_LS,SHW,1875,9110,151.85,213.1,304.2,91.5,85.7,0.489,1
SBassett_SHW_01.18.2026_LS,SHW,1875,9115,151.93,159.4,310.7,85.5,85.4,0.3606,1
SBassett_SHW_01.18.2026_LS,SHW,1875,9116,151.95,153.2,311.8,92.9,88.6,0.5027,1
SBassett_SHW_01.18.2026_LS,SHW,1875,9117,151.96,149.5,314.8,97.1,88.1,0.2805,1
SBassett_SHW_01.18.2026_LS,SHW,1875,9125,152.1,80.8,333.1,119.9,93.9,0.3375,1
SBassett_SHW_01.18.2026_LS,SHW,1889,9116,151.95,202.7,309.4,107.5,88.2,0.6245,0
SBassett_SHW_01.18.2026_LS,SHW,1889,9117,151.96,192.7,310.7,113.1,88.3,0.3899,0
SBassett_SHW_01.18.2026_LS,SHW,1889,9118,151.98,178.7,312.7,118.5,88.1,0.5078,0
SBassett_SHW_01.18.2026_LS,SHW,1889,9119,152.0,167.7,315.5,121.1,86.1,0.7206,0
SBassett_SHW_01.18.2026_LS,SHW,1892,9996,166.61,544.1,60.6,33.0,26.7,0.3911,1
SBassett_SHW_01.18.2026_LS,SHW,1892,9997,166.63,541.0,61.1,32.9,25.6,0.6042,1
SBassett_SHW_01.18.2026_LS,SHW,1892,9998,166.65,541.2,64.3,37.1,25.2,0.552,1
SBassett_SHW_01.18.2026_LS,SHW,1892,9999,166.66,539.3,68.3,41.8,25.9,0.5108,1
SBassett_SHW_01.18.2026_LS,SHW,1892,10000,166.68,536.7,68.0,41.2,27.5,0.3421,1
SBassett_SHW_01.18.2026_LS,SHW,1892,10001,166.7,535.4,68.3,40.1,28.6,0.4193,1
SBassett_SHW_01.18.2026_LS,SHW,1892,10027,167.13,488.8,91.2,38.1,25.2,0.4831,1
SBassett_SHW_01.18.2026_LS,SHW,1892,10029,167.16,483.6,90.7,39.7,25.8,0.3124,1
SBassett_SHW_01.18.2026_LS,SHW,1892,10032,167.21,477.4,89.7,38.1,24.3,0.2926,1
SBassett_SHW_01.18.2026_LS,SHW,1892,10033,167.23,473.8,89.9,36.1,23.9,0.4751,1
SBassett_SHW_01.18.2026_LS,SHW,1892,10034,167.25,473.2,89.8,35.5,24.2,0.5661,1
SBassett_SHW_01.18.2026_LS,SHW,1892,10035,167.26,471.5,90.8,37.4,24.5,0.3319,1
SBassett_SHW_01.18.2026_LS,SHW,1959,13684,228.09,447.3,138.2,41.4,29.4,0.6228,1
SBassett_SHW_01.18.2026_LS,SHW,1959,13685,228.1,443.3,137.8,33.3,27.8,0.6982,1
SBassett_SHW_01.18.2026_LS,SHW,1959,13686,228.12,436.8,137.5,29.6,27.5,0.6998,1
SBassett_SHW_01.18.2026_LS,SHW,1959,13687,228.14,431.0,136.2,38.4,30.7,0.5566,1
SBassett_SHW_01.18.2026_LS,SHW,1959,13688,228.15,425.5,134.4,38.5,31.2,0.5656,1
SBassett_SHW_01.18.2026_LS,SHW,1959,13689,228.17,420.8,134.2,36.5,29.0,0.6134,1
SBassett_SHW_01.18.2026_LS,SHW,1959,13690,228.19,415.2,133.6,38.0,29.2,0.5158,1
SBassett_SHW_01.18.2026_LS,SHW,1959,13691,228.2,409.6,133.0,40.3,30.1,0.4251,1
SBassett_SHW_01.18.2026_LS,SHW,1959,13692,228.22,404.6,132.4,39.9,29.7,0.5472,1
SBassett_SHW_01.18.2026_LS,SHW,1959,13693,228.24,399.0,132.8,44.6,30.9,0.3764,1
SBassett_SHW_01.18.2026_LS,SHW,1959,13694,228.25,393.4,132.2,44.7,29.8,0.4881,1
SBassett_SHW_01.18.2026_LS,SHW,1959,13695,228.27,388.7,132.7,45.8,29.4,0.4979,1
SBassett_SHW_01.18.2026_LS,SHW,1959,13696,228.29,383.3,133.8,43.6,28.4,0.5258,1
SBassett_SHW_01.18.2026_LS,SHW,1959,13697,228.3,378.6,134.7,46.5,29.5,0.4797,1
SBassett_SHW_01.18.2026_LS,SHW,1959,13698,228.32,373.3,135.3,45.1,29.5,0.5811,1
SBassett_SHW_01.18.2026_LS,SHW,1959,13699,228.34,366.5,134.8,42.2,28.5,0.6224,1
SBassett_SHW_01.18.2026_LS,SHW,1959,13700,228.35,361.8,135.1,40.3,27.2,0.6138,1
SBassett_SHW_01.18.2026_LS,SHW,1959,13701,228.37,355.8,135.6,40.6,28.3,0.5498,1
SBassett_SHW_01.18.2026_LS,SHW,1959,13702,228.39,350.2,137.2,41.3,28.2,0.5886,1
SBassett_SHW_01.18.2026_LS,SHW,1959,13703,228.4,344.4,137.6,41.4,28.0,0.5295,1
SBassett_SHW_01.18.2026_LS,SHW,1959,13704,228.42,339.2,138.0,42.8,29.9,0.6024,1
SBassett_SHW_01.18.2026_LS,SHW,1959,13705,228.44,333.0,139.4,43.9,31.8,0.5567,1
SBassett_SHW_01.18.2026_LS,SHW,1959,13706,228.45,326.2,140.3,43.6,31.3,0.6375,1
SBassett_SHW_01.18.2026_LS,SHW,1959,13707,228.47,320.0,141.1,43.6,31.6,0.6152,1
SBassett_SHW_01.18.2026_LS,SHW,1959,13708,228.49,315.3,142.2,44.1,32.1,0.635,1
SBassett_SHW_01.18.2026_LS,SHW,1959,13709,228.5,311.2,143.3,45.5,32.7,0.6795,1
SBassett_SHW_01.18.2026_LS,SHW,1959,13710,228.52,304.0,142.7,44.2,31.5,0.708,1
SBassett_SHW_01.18.2026_LS,SHW,1959,13711,228.54,300.0,142.9,49.4,32.7,0.7001,1
SBassett_SHW_01.18.2026_LS,SHW,1959,13712,228.55,293.5,144.5,46.3,33.6,0.6764,1
SBassett_SHW_01.18.2026_LS,SHW,1959,13713,228.57,286.5,144.6,43.0,31.4,0.7031,1
SBassett_SHW_01.18.2026_LS,SHW,1959,13714,228.59,279.7,145.3,39.7,31.0,0.7001,1
SBassett_SHW_01.18.2026_LS,SHW,1959,13715,228.6,272.7,146.3,39.3,30.3,0.6828,1
SBassett_SHW_01.18.2026_LS,SHW,1959,13716,228.62,267.3,147.4,38.4,28.6,0.7278,1
SBassett_SHW_01.18.2026_LS,SHW,1959,13717,228.64,261.0,149.4,37.6,27.6,0.597,1
SBassett_SHW_01.18.2026_LS,SHW,1959,13718,228.65,256.0,152.8,38.1,30.4,0.6373,1
SBassett_SHW_01.18.2026_LS,SHW,1959,13719,228.67,250.2,152.9,38.9,28.9,0.682,1
SBassett_SHW_01.18.2026_LS,SHW,1959,13720,228.69,243.8,153.5,39.2,28.4,0.6669,1
SBassett_SHW_01.18.2026_LS,SHW,1959,13721,228.7,239.1,157.5,41.9,31.4,0.5304,1
SBassett_SHW_01.18.2026_LS,SHW,1959,13722,228.72,234.0,159.6,42.8,30.9,0.6444,1
SBassett_SHW_01.18.2026_LS,SHW,1959,13723,228.74,227.4,162.0,44.8,33.2,0.5731,1
SBassett_SHW_01.18.2026_LS,SHW,1959,13724,228.75,220.3,162.1,43.2,31.7,0.6166,1
SBassett_SHW_01.18.2026_LS,SHW,1959,13725,228.77,213.4,162.9,42.4,30.3,0.6456,1
SBassett_SHW_01.18.2026_LS,SHW,1959,13726,228.79,207.0,167.0,42.8,34.8,0.5995,1
SBassett_SHW_01.18.2026_LS,SHW,1959,13727,228.8,201.9,169.7,43.1,33.2,0.6642,1
SBassett_SHW_01.18.2026_LS,SHW,1959,13728,228.82,195.3,169.5,43.5,32.3,0.6614,1
SBassett_SHW_01.18.2026_LS,SHW,1959,13729,228.84,187.5,170.4,39.9,30.3,0.6603,1
SBassett_SHW_01.18.2026_LS,SHW,1959,13730,228.85,182.0,174.0,43.4,36.1,0.575,1
SBassett_SHW_01.18.2026_LS,SHW,1959,13731,228.87,175.9,174.7,42.3,33.4,0.6174,1
SBassett_SHW_01.18.2026_LS,SHW,1959,13732,228.89,169.4,174.5,41.5,29.8,0.6544,1
SBassett_SHW_01.18.2026_LS,SHW,1959,13733,228.9,163.8,175.4,40.7,27.3,0.6602,1
SBassett_SHW_01.18.2026_LS,SHW,1959,13734,228.92,158.2,176.5,41.8,26.8,0.7514,1
SBassett_SHW_01.18.2026_LS,SHW,1959,13735,228.94,152.8,177.6,39.4,25.9,0.6916,1
SBassett_SHW_01.18.2026_LS,SHW,1959,13736,228.95,145.1,178.5,37.5,25.2,0.6526,1
SBassett_SHW_01.18.2026_LS,SHW,1959,13737,228.97,138.1,178.5,40.3,25.8,0.582,1
SBassett_SHW_01.18.2026_LS,SHW,1959,13738,228.99,131.9,179.3,38.9,26.3,0.6437,1
SBassett_SHW_01.18.2026_LS,SHW,1959,13739,229.0,125.9,180.9,36.6,24.9,0.5426,1
SBassett_SHW_01.18.2026_LS,SHW,1959,13740,229.02,119.5,182.0,35.0,24.7,0.4369,1
SBassett_SHW_01.18.2026_LS,SHW,1959,13741,229.04,112.4,182.3,33.5,24.5,0.3253,1
SBassett_SHW_01.18.2026_LS,SHW,1959,13742,229.05,105.4,183.1,32.6,24.4,0.554,1
SBassett_SHW_01.18.2026_LS,SHW,1959,13743,229.07,98.1,184.0,33.4,25.0,0.5967,1
SBassett_SHW_01.18.2026_LS,SHW,1959,13744,229.09,90.9,183.9,34.4,24.6,0.5925,1
SBassett_SHW_01.18.2026_LS,SHW,1959,13745,229.1,84.5,184.3,33.9,24.8,0.6937,1
SBassett_SHW_01.18.2026_LS,SHW,1959,13746,229.12,77.1,184.3,33.7,24.4,0.6693,1
SBassett_SHW_01.18.2026_LS,SHW,1959,13747,229.14,69.5,183.9,36.5,24.8,0.6422,1
SBassett_SHW_01.18.2026_LS,SHW,1959,13748,229.15,61.8,184.7,38.5,25.6,0.5294,1
SBassett_SHW_01.18.2026_LS,SHW,1959,13749,229.17,55.7,184.9,40.7,26.4,0.4345,1
SBassett_SHW_01.18.2026_LS,SHW,1959,13751,229.2,43.6,186.2,39.8,28.7,0.6483,1
SBassett_SHW_01.18.2026_LS,SHW,1959,13752,229.22,36.4,188.6,47.2,31.7,0.4341,1
SBassett_SHW_01.18.2026_LS,SHW,1959,13753,229.24,34.0,190.7,50.1,34.5,0.2948,1
SBassett_SHW_01.18.2026_LS,SHW,1959,13754,229.25,24.9,190.0,46.4,32.4,0.4583,1
SBassett_SHW_01.18.2026_LS,SHW,1959,13755,229.27,20.0,191.8,40.0,36.6,0.5742,1
SBassett_SHW_01.18.2026_LS,SHW,1959,13756,229.29,15.0,192.0,29.9,37.0,0.5351,1
SBassett_SHW_01.18.2026_LS,SHW,1959,13757,229.3,13.1,192.0,26.3,36.3,0.4855,1
SBassett_SHW_01.18.2026_LS,SHW,1959,13758,229.32,13.6,194.1,27.2,37.5,0.392,1
SBassett_SHW_01.18.2026_LS,SHW,1961,13740,229.02,629.0,48.3,21.0,18.6,0.5111,0
SBassett_SHW_01.18.2026_LS,SHW,1961,13741,229.04,628.1,47.1,22.4,18.0,0.5063,0
SBassett_SHW_01.18.2026_LS,SHW,1961,13742,229.05,626.3,45.9,24.6,18.1,0.5709,0
SBassett_SHW_01.18.2026_LS,SHW,1961,13743,229.07,624.5,45.5,27.0,18.5,0.3413,0
SBassett_SHW_01.18.2026_LS,SHW,1961,13744,229.09,623.1,43.4,27.0,18.6,0.3042,0
SBassett_SHW_01.18.2026_LS,SHW,1961,13745,229.1,620.3,43.3,26.4,18.7,0.383,0
SBassett_SHW_01.18.2026_LS,SHW,1961,13746,229.12,618.9,42.3,26.0,18.2,0.4728,0
SBassett_SHW_01.18.2026_LS,SHW,1961,13750,229.19,605.9,40.4,27.6,19.2,0.4301,0
SBassett_SHW_01.18.2026_LS,SHW,1961,13751,229.2,603.6,39.6,25.8,18.5,0.3368,0
SBassett_SHW_01.18.2026_LS,SHW,1972,13928,232.15,334.3,102.0,41.9,29.6,0.7381,0
SBassett_SHW_01.18.2026_LS,SHW,1972,13929,232.17,326.4,103.9,37.1,30.3,0.5503,0
SBassett_SHW_01.18.2026_LS,SHW,1972,13930,232.19,325.9,104.2,35.1,31.1,0.4926,0
SBassett_SHW_01.18.2026_LS,SHW,1972,13931,232.2,320.2,105.9,34.2,30.1,0.6538,0
SBassett_SHW_01.18.2026_LS,SHW,1972,13940,232.35,289.2,116.7,30.6,21.1,0.6053,0
SBassett_SHW_01.18.2026_LS,SHW,1972,13941,232.37,282.0,119.3,31.9,22.1,0.6267,0
SBassett_SHW_01.18.2026_LS,SHW,1972,13942,232.39,274.6,120.1,28.7,21.9,0.3779,0
SBassett_SHW_01.18.2026_LS,SHW,1978,13956,232.62,52.8,215.8,55.7,40.0,0.4019,0
SBassett_SHW_01.18.2026_LS,SHW,1978,13958,232.65,31.0,219.3,50.8,39.6,0.535,0
SBassett_SHW_01.18.2026_LS,SHW,1978,13959,232.67,23.0,220.1,46.0,38.6,0.5219,0
SBassett_SHW_01.18.2026_LS,SHW,1986,14760,246.02,254.1,11.7,40.7,23.2,0.5855,1
SBassett_SHW_01.18.2026_LS,SHW,1986,14761,246.04,248.7,11.3,37.2,22.5,0.6197,1
SBassett_SHW_01.18.2026_LS,SHW,1986,14762,246.05,244.4,13.3,34.5,22.9,0.772,1
SBassett_SHW_01.18.2026_LS,SHW,1986,14763,246.07,243.5,13.8,34.1,23.1,0.4496,1
SBassett_SHW_01.18.2026_LS,SHW,1986,14765,246.1,232.3,15.8,33.8,25.4,0.5256,1
SBassett_SHW_01.18.2026_LS,SHW,1986,14766,246.12,226.7,19.2,36.8,26.7,0.742,1
SBassett_SHW_01.18.2026_LS,SHW,1986,14767,246.14,223.4,23.9,39.4,28.6,0.6427,1
SBassett_SHW_01.18.2026_LS,SHW,1986,14768,246.15,217.8,24.2,39.4,28.9,0.6258,1
SBassett_SHW_01.18.2026_LS,SHW,1986,14769,246.17,212.1,24.2,42.7,31.4,0.5439,1
SBassett_SHW_01.18.2026_LS,SHW,1986,14770,246.19,208.4,25.5,44.2,31.5,0.7022,1
SBassett_SHW_01.18.2026_LS,SHW,1986,14771,246.2,203.1,29.0,47.0,32.7,0.4759,1
SBassett_SHW_01.18.2026_LS,SHW,1986,14772,246.22,199.7,32.2,49.8,34.4,0.3924,1
SBassett_SHW_01.18.2026_LS,SHW,1986,14773,246.24,193.9,33.4,50.5,33.0,0.6588,1
SBassett_SHW_01.18.2026_LS,SHW,1986,14774,246.25,189.7,35.6,49.6,31.1,0.7098,1
SBassett_SHW_01.18.2026_LS,SHW,1986,14775,246.27,185.7,39.8,49.4,31.4,0.6038,1
SBassett_SHW_01.18.2026_LS,SHW,1986,14776,246.29,181.4,42.5,49.8,33.9,0.5836,1
SBassett_SHW_01.18.2026_LS,SHW,1986,14777,246.3,177.9,44.3,51.5,34.2,0.6104,1
SBassett_SHW_01.18.2026_LS,SHW,1986,14778,246.32,173.9,47.8,50.1,34.2,0.5817,1
SBassett_SHW_01.18.2026_LS,SHW,1986,14779,246.34,169.2,49.6,49.9,33.0,0.5858,1
SBassett_SHW_01.18.2026_LS,SHW,1986,14780,246.35,165.1,52.1,50.7,31.6,0.6402,1
SBassett_SHW_01.18.2026_LS,SHW,1986,14781,246.37,162.9,54.5,52.2,31.2,0.5606,1
SBassett_SHW_01.18.2026_LS,SHW,1986,14782,246.39,161.3,57.7,51.9,32.1,0.3983,1
SBassett_SHW_01.18.2026_LS,SHW,1986,14784,246.42,148.2,61.9,46.1,31.2,0.5255,1
SBassett_SHW_01.18.2026_LS,SHW,1986,14785,246.44,144.7,64.7,47.3,33.6,0.6212,1
SBassett_SHW_01.18.2026_LS,SHW,1986,14786,246.45,141.0,66.3,49.5,33.4,0.6606,1
SBassett_SHW_01.18.2026_LS,SHW,1986,14787,246.47,134.7,68.5,47.1,33.1,0.5878,1
SBassett_SHW_01.18.2026_LS,SHW,1986,14788,246.49,130.7,72.4,44.4,29.6,0.525,1
SBassett_SHW_01.18.2026_LS,SHW,1986,14789,246.5,126.1,73.5,50.3,31.7,0.6288,1
SBassett_SHW_01.18.2026_LS,SHW,1986,14790,246.52,119.6,75.0,50.8,32.8,0.5834,1
SBassett_SHW_01.18.2026_LS,SHW,1986,14791,246.54,117.4,76.8,53.3,31.4,0.5474,1
SBassett_SHW_01.18.2026_LS,SHW,1986,14792,246.55,113.4,81.2,54.7,34.6,0.486,1
SBassett_SHW_01.18.2026_LS,SHW,1987,14762,246.05,132.7,27.3,32.6,25.6,0.6726,1
SBassett_SHW_01.18.2026_LS,SHW,1987,14763,246.07,129.7,31.0,34.8,24.8,0.6428,1
SBassett_SHW_01.18.2026_LS,SHW,1987,14764,246.09,124.3,32.1,36.7,26.8,0.5613,1
SBassett_SHW_01.18.2026_LS,SHW,1987,14765,246.1,118.3,32.1,34.7,28.0,0.6339,1
SBassett_SHW_01.18.2026_LS,SHW,1987,14768,246.15,105.4,35.6,30.8,27.0,0.5308,1
SBassett_SHW_01.18.2026_LS,SHW,1987,14769,246.17,100.4,37.7,35.0,28.3,0.5573,1
SBassett_SHW_01.18.2026_LS,SHW,1987,14770,246.19,95.4,40.3,35.1,27.4,0.6629,1
SBassett_SHW_01.18.2026_LS,SHW,1987,14771,246.2,92.2,45.0,35.2,28.8,0.5043,1
SBassett_SHW_01.18.2026_LS,SHW,1987,14772,246.22,86.5,48.4,39.4,30.5,0.5761,1
SBassett_SHW_01.18.2026_LS,SHW,1987,14773,246.24,82.4,50.3,40.9,32.7,0.332,1
SBassett_SHW_01.18.2026_LS,SHW,1987,14774,246.25,79.0,53.0,41.8,32.0,0.6134,1
SBassett_SHW_01.18.2026_LS,SHW,1987,14775,246.27,76.3,55.2,41.4,31.2,0.4219,1
SBassett_SHW_01.18.2026_LS,SHW,1987,14776,246.29,73.7,57.2,42.4,32.0,0.4218,1
SBassett_SHW_01.18.2026_LS,SHW,1987,14777,246.3,71.9,58.3,43.8,32.4,0.3062,1
SBassett_SHW_01.18.2026_LS,SHW,1987,14778,246.32,65.0,62.0,42.8,30.9,0.5206,1
SBassett_SHW_01.18.2026_LS,SHW,1987,14779,246.34,60.3,64.5,40.0,30.0,0.5423,1
SBassett_SHW_01.18.2026_LS,SHW,1987,14780,246.35,56.1,68.0,38.8,30.2,0.4265,1
SBassett_SHW_01.18.2026_LS,SHW,1987,14781,246.37,51.4,70.5,37.2,29.0,0.52,1
SBassett_SHW_01.18.2026_LS,SHW,1987,14782,246.39,45.7,72.8,35.7,28.9,0.5542,1
SBassett_SHW_01.18.2026_LS,SHW,1987,14783,246.4,41.4,75.0,35.4,29.5,0.5676,1
SBassett_SHW_01.18.2026_LS,SHW,1987,14784,246.42,37.5,77.2,32.5,27.4,0.4354,1
SBassett_SHW_01.18.2026_LS,SHW,1987,14785,246.44,32.9,80.8,30.7,25.0,0.3217,1
SBassett_SHW_01.18.2026_LS,SHW,1987,14789,246.5,15.4,90.7,30.8,29.0,0.6112,1
SBassett_SHW_01.18.2026_LS,SHW,1987,14790,246.52,12.6,91.0,25.3,27.9,0.5388,1
SBassett_SHW_01.18.2026_LS,SHW,1987,14791,246.54,11.0,94.2,22.0,27.1,0.4361,1
SBassett_SHW_01.18.2026_LS,SHW,1989,14764,246.09,78.9,32.9,41.7,28.2,0.5741,1
SBassett_SHW_01.18.2026_LS,SHW,1989,14765,246.1,74.2,33.3,44.7,31.7,0.6417,1
SBassett_SHW_01.18.2026_LS,SHW,1989,14766,246.12,71.2,36.0,43.7,30.4,0.6497,1
SBassett_SHW_01.18.2026_LS,SHW,1989,14767,246.14,65.3,39.8,39.8,29.7,0.3969,1
SBassett_SHW_01.18.2026_LS,SHW,1989,14770,246.19,51.5,44.9,34.3,29.1,0.5957,1
SBassett_SHW_01.18.2026_LS,SHW,1989,14771,246.2,50.0,48.3,41.9,29.2,0.7024,1
SBassett_SHW_01.18.2026_LS,SHW,1989,14772,246.22,47.4,51.3,43.7,30.9,0.4716,1
SBassett_SHW_01.18.2026_LS,SHW,1989,14773,246.24,42.7,52.8,44.7,31.1,0.7261,1
SBassett_SHW_01.18.2026_LS,SHW,1989,14774,246.25,37.6,54.5,43.1,30.6,0.6867,1
SBassett_SHW_01.18.2026_LS,SHW,1989,14775,246.27,33.9,57.7,41.9,31.3,0.6508,1
SBassett_SHW_01.18.2026_LS,SHW,1989,14776,246.29,27.4,58.8,37.3,31.1,0.5008,1
SBassett_SHW_01.18.2026_LS,SHW,1989,14778,246.32,24.9,61.4,34.7,26.7,0.4317,1
SBassett_SHW_01.18.2026_LS,SHW,1989,14780,246.35,15.7,68.1,30.9,26.9,0.5327,1
SBassett_SHW_01.18.2026_LS,SHW,1989,14781,246.37,13.4,70.7,26.8,25.9,0.4125,1
SBassett_SHW_01.18.2026_LS,SHW,1989,14782,246.39,11.6,73.6,23.3,26.3,0.3374,1
SBassett_SHW_01.18.2026_LS,SHW,1992,14774,246.25,325.3,22.7,34.4,31.9,0.6328,1
SBassett_SHW_01.18.2026_LS,SHW,1992,14775,246.27,321.1,26.3,34.5,31.7,0.5761,1
SBassett_SHW_01.18.2026_LS,SHW,1992,14776,246.29,317.2,28.5,38.2,35.9,0.5514,1
SBassett_SHW_01.18.2026_LS,SHW,1992,14780,246.35,296.7,42.3,34.9,32.4,0.5817,1
SBassett_SHW_01.18.2026_LS,SHW,1992,14781,246.37,292.8,45.0,35.3,33.7,0.6031,1
SBassett_SHW_01.18.2026_LS,SHW,1992,14782,246.39,287.6,47.8,37.1,36.0,0.5415,1
SBassett_SHW_01.18.2026_LS,SHW,1992,14783,246.4,282.1,49.6,40.2,36.1,0.3608,1
SBassett_SHW_01.18.2026_LS,SHW,1992,14784,246.42,278.2,50.3,39.5,34.8,0.4548,1
SBassett_SHW_01.18.2026_LS,SHW,1992,14785,246.44,273.7,52.0,41.0,36.0,0.3536,1
SBassett_SHW_01.18.2026_LS,SHW,1992,14786,246.45,268.9,54.8,43.6,38.1,0.2594,1
SBassett_SHW_01.18.2026_LS,SHW,1992,14787,246.47,265.8,58.2,49.1,38.7,0.3707,1
SBassett_SHW_01.18.2026_LS,SHW,1992,14788,246.49,261.1,60.8,56.2,39.6,0.4368,1
SBassett_SHW_01.18.2026_LS,SHW,1992,14790,246.52,246.0,65.1,56.1,40.2,0.3393,1
SBassett_SHW_01.18.2026_LS,SHW,1992,14792,246.55,239.7,69.3,46.3,37.1,0.5301,1
SBassett_SHW_01.18.2026_LS,SHW,1992,14793,246.57,235.5,72.9,43.2,34.8,0.5314,1
SBassett_SHW_01.18.2026_LS,SHW,1998,14787,246.47,462.7,23.8,46.3,37.6,0.5977,0
SBassett_SHW_01.18.2026_LS,SHW,1998,14788,246.49,459.9,25.8,39.5,36.1,0.7161,0
SBassett_SHW_01.18.2026_LS,SHW,1998,14789,246.5,452.5,28.3,39.4,35.5,0.7472,0
SBassett_SHW_01.18.2026_LS,SHW,1998,14790,246.52,447.9,29.5,38.0,35.1,0.755,0
SBassett_SHW_01.18.2026_LS,SHW,1998,14791,246.54,442.8,32.3,38.6,36.1,0.7474,0
SBassett_SHW_01.18.2026_LS,SHW,1998,14792,246.55,439.9,38.2,37.0,38.3,0.7878,0
SBassett_SHW_01.18.2026_LS,SHW,1998,14793,246.57,433.2,40.2,41.0,36.7,0.7119,0
SBassett_SHW_01.18.2026_LS,SHW,2003,14797,246.64,89.0,94.8,55.2,34.3,0.5901,1
SBassett_SHW_01.18.2026_LS,SHW,2003,14798,246.65,86.4,98.6,49.5,32.6,0.4649,1
SBassett_SHW_01.18.2026_LS,SHW,2003,14799,246.67,79.7,102.9,47.7,30.3,0.6136,1
SBassett_SHW_01.18.2026_LS,SHW,2003,14800,246.69,74.7,105.8,45.4,30.7,0.7359,1
SBassett_SHW_01.18.2026_LS,SHW,2003,14801,246.7,70.5,109.9,46.3,30.9,0.7123,1
SBassett_SHW_01.18.2026_LS,SHW,2003,14802,246.72,66.5,114.1,44.4,29.6,0.7295,1
SBassett_SHW_01.18.2026_LS,SHW,2003,14803,246.74,61.7,116.6,43.8,29.8,0.7122,1
SBassett_SHW_01.18.2026_LS,SHW,2003,14804,246.75,58.1,120.5,43.6,29.3,0.7153,1
SBassett_SHW_01.18.2026_LS,SHW,2003,14805,246.77,53.0,123.8,45.3,29.0,0.754,1
SBassett_SHW_01.18.2026_LS,SHW,2003,14806,246.79,47.6,125.3,44.9,29.9,0.717,1
SBassett_SHW_01.18.2026_LS,SHW,2003,14807,246.8,42.0,127.7,44.0,28.4,0.7174,1
SBassett_SHW_01.18.2026_LS,SHW,2003,14808,246.82,38.1,131.1,45.6,28.8,0.6477,1
SBassett_SHW_01.18.2026_LS,SHW,2003,14809,246.84,32.3,133.5,46.0,29.2,0.7607,1
SBassett_SHW_01.18.2026_LS,SHW,2003,14810,246.85,27.4,135.6,45.5,28.0,0.6826,1
SBassett_SHW_01.18.2026_LS,SHW,2003,14811,246.87,23.2,138.2,44.5,27.4,0.7308,1
SBassett_SHW_01.18.2026_LS,SHW,2003,14812,246.89,20.6,139.8,41.2,28.9,0.6915,1
SBassett_SHW_01.18.2026_LS,SHW,2003,14813,246.9,16.8,140.5,33.6,28.8,0.6494,1
SBassett_SHW_01.18.2026_LS,SHW,2003,14814,246.92,14.5,143.5,29.0,29.2,0.5845,1
SBassett_SHW_01.18.2026_LS,SHW,2003,14815,246.94,12.7,147.6,25.4,27.6,0.4358,1
SBassett_SHW_01.18.2026_LS,SHW,2003,14816,246.95,11.8,149.6,23.6,28.4,0.5377,1
SBassett_SHW_01.18.2026_LS,SHW,2006,14800,246.69,400.8,61.8,39.9,37.8,0.7807,1
SBassett_SHW_01.18.2026_LS,SHW,2006,14801,246.7,396.0,67.1,40.2,38.0,0.7481,1
SBassett_SHW_01.18.2026_LS,SHW,2006,14802,246.72,390.6,67.2,45.3,40.0,0.7532,1
SBassett_SHW_01.18.2026_LS,SHW,2006,14805,246.77,376.5,73.1,44.0,36.8,0.6653,1
SBassett_SHW_01.18.2026_LS,SHW,2006,14806,246.79,370.4,74.9,42.0,38.7,0.7505,1
SBassett_SHW_01.18.2026_LS,SHW,2006,14807,246.8,363.6,78.3,39.9,37.4,0.7493,1
SBassett_SHW_01.18.2026_LS,SHW,2006,14808,246.82,357.6,82.5,38.1,36.5,0.7423,1
SBassett_SHW_01.18.2026_LS,SHW,2006,14809,246.84,351.5,86.4,38.7,35.5,0.7413,1
SBassett_SHW_01.18.2026_LS,SHW,2006,14810,246.85,345.6,89.1,39.2,34.6,0.7219,1
SBassett_SHW_01.18.2026_LS,SHW,2006,14811,246.87,340.4,91.8,39.3,33.8,0.6312,1
SBassett_SHW_01.18.2026_LS,SHW,2006,14812,246.89,335.1,93.2,39.5,35.4,0.6889,1
SBassett_SHW_01.18.2026_LS,SHW,2006,14819,247.0,298.8,101.6,39.4,31.8,0.5038,1
SBassett_SHW_01.18.2026_LS,SHW,2006,14820,247.02,292.7,108.0,36.0,30.9,0.669,1
SBassett_SHW_01.18.2026_LS,SHW,2006,14821,247.04,287.1,109.0,35.1,29.6,0.6954,1
SBassett_SHW_01.18.2026_LS,SHW,2006,14822,247.05,280.8,111.1,36.7,31.2,0.7068,1
SBassett_SHW_01.18.2026_LS,SHW,2006,14824,247.09,268.2,111.2,36.0,32.1,0.7266,1
SBassett_SHW_01.18.2026_LS,SHW,2006,14825,247.1,261.1,112.3,36.8,32.8,0.7393,1
SBassett_SHW_01.18.2026_LS,SHW,2006,14826,247.12,256.0,114.0,37.7,33.4,0.7002,1
SBassett_SHW_01.18.2026_LS,SHW,2006,14827,247.14,250.4,111.3,37.5,33.3,0.6379,1
SBassett_SHW_01.18.2026_LS,SHW,2006,14828,247.15,244.2,111.7,37.3,33.8,0.6893,1
SBassett_SHW_01.18.2026_LS,SHW,2006,14829,247.17,237.2,111.8,37.5,33.6,0.7381,1
SBassett_SHW_01.18.2026_LS,SHW,2006,14830,247.19,230.1,112.1,38.1,32.5,0.7353,1
SBassett_SHW_01.18.2026_LS,SHW,2006,14831,247.2,224.4,112.2,38.0,31.8,0.7318,1
SBassett_SHW_01.18.2026_LS,SHW,2006,14832,247.22,219.8,113.8,38.0,33.5,0.7677,1
SBassett_SHW_01.18.2026_LS,SHW,2006,14833,247.24,213.4,114.5,39.5,33.1,0.7606,1
SBassett_SHW_01.18.2026_LS,SHW,2006,14834,247.25,206.6,113.4,39.7,34.1,0.6977,1
SBassett_SHW_01.18.2026_LS,SHW,2006,14835,247.27,199.3,111.9,39.4,33.3,0.7191,1
SBassett_SHW_01.18.2026_LS,SHW,2006,14836,247.29,194.4,109.2,35.1,30.2,0.7075,1
SBassett_SHW_01.18.2026_LS,SHW,2006,14837,247.3,186.5,110.6,37.6,32.5,0.7355,1
SBassett_SHW_01.18.2026_LS,SHW,2006,14838,247.32,179.2,110.5,37.9,33.9,0.7662,1
SBassett_SHW_01.18.2026_LS,SHW,2006,14839,247.34,172.4,111.7,38.6,34.7,0.7435,1
SBassett_SHW_01.18.2026_LS,SHW,2006,14840,247.35,164.8,111.3,38.8,35.5,0.7352,1
SBassett_SHW_01.18.2026_LS,SHW,2006,14841,247.37,158.3,112.4,40.3,35.2,0.7019,1
SBassett_SHW_01.18.2026_LS,SHW,2006,14842,247.39,151.9,113.1,39.0,34.0,0.7186,1
SBassett_SHW_01.18.2026_LS,SHW,2006,14843,247.4,145.6,114.1,39.0,33.5,0.7496,1
SBassett_SHW_01.18.2026_LS,SHW,2006,14846,247.45,124.7,113.8,36.6,32.4,0.6873,1
SBassett_SHW_01.18.2026_LS,SHW,2006,14847,247.47,118.5,114.6,36.1,32.3,0.5335,1
SBassett_SHW_01.18.2026_LS,SHW,2006,14848,247.49,110.0,117.0,38.2,33.4,0.6247,1
SBassett_SHW_01.18.2026_LS,SHW,2006,14849,247.5,101.7,116.5,39.0,33.3,0.7261,1
SBassett_SHW_01.18.2026_LS,SHW,2006,14850,247.52,95.1,117.7,38.6,33.4,0.6629,1
SBassett_SHW_01.18.2026_LS,SHW,2006,14851,247.54,88.2,118.3,38.2,34.2,0.7223,1
SBassett_SHW_01.18.2026_LS,SHW,2006,14852,247.55,80.6,117.3,37.5,32.4,0.608,1
SBassett_SHW_01.18.2026_LS,SHW,2006,14853,247.57,72.8,116.5,37.1,31.5,0.6424,1
SBassett_SHW_01.18.2026_LS,SHW,2006,14854,247.59,64.4,118.9,38.0,31.5,0.6404,1
SBassett_SHW_01.18.2026_LS,SHW,2006,14857,247.64,44.5,121.1,35.9,31.4,0.6983,1
SBassett_SHW_01.18.2026_LS,SHW,2006,14858,247.65,37.3,124.6,38.3,33.1,0.7451,1
SBassett_SHW_01.18.2026_LS,SHW,2006,14859,247.67,29.4,128.1,37.3,34.0,0.7481,1
SBassett_SHW_01.18.2026_LS,SHW,2006,14860,247.69,21.2,131.3,38.6,35.1,0.7197,1
SBassett_SHW_01.18.2026_LS,SHW,2006,14861,247.7,15.5,134.9,31.0,37.4,0.6371,1
SBassett_SHW_01.18.2026_LS,SHW,2006,14862,247.72,12.6,137.1,25.3,38.3,0.5822,1
SBassett_SHW_01.18.2026_LS,SHW,2006,14863,247.74,9.1,139.6,18.3,41.1,0.3861,1
SBassett_SHW_01.18.2026_LS,SHW,2007,14800,246.69,203.2,92.3,33.5,31.7,0.7067,1
SBassett_SHW_01.18.2026_LS,SHW,2007,14801,246.7,197.9,97.7,32.7,30.7,0.6911,1
SBassett_SHW_01.18.2026_LS,SHW,2007,14802,246.72,192.7,100.0,35.9,31.0,0.7184,1
SBassett_SHW_01.18.2026_LS,SHW,2007,14803,246.74,187.5,102.1,34.5,31.8,0.6268,1
SBassett_SHW_01.18.2026_LS,SHW,2007,14804,246.75,183.0,106.4,34.2,30.8,0.696,1
SBassett_SHW_01.18.2026_LS,SHW,2007,14805,246.77,177.2,109.5,34.0,31.9,0.7202,1
SBassett_SHW_01.18.2026_LS,SHW,2007,14806,246.79,170.5,110.6,33.2,31.6,0.6967,1
SBassett_SHW_01.18.2026_LS,SHW,2007,14807,246.8,165.2,112.4,32.7,31.0,0.6949,1
SBassett_SHW_01.18.2026_LS,SHW,2007,14808,246.82,160.4,116.4,33.9,32.3,0.7137,1
SBassett_SHW_01.18.2026_LS,SHW,2007,14809,246.84,156.6,120.2,34.8,29.6,0.6661,1
SBassett_SHW_01.18.2026_LS,SHW,2007,14810,246.85,151.4,121.3,36.8,29.0,0.6725,1
SBassett_SHW_01.18.2026_LS,SHW,2007,14811,246.87,144.9,124.0,35.0,29.4,0.7326,1
SBassett_SHW_01.18.2026_LS,SHW,2007,14812,246.89,138.2,125.7,35.0,31.3,0.6734,1
SBassett_SHW_01.18.2026_LS,SHW,2007,14813,246.9,132.2,128.1,35.3,31.3,0.6507,1
SBassett_SHW_01.18.2026_LS,SHW,2007,14814,246.92,126.5,130.9,35.9,31.9,0.6802,1
SBassett_SHW_01.18.2026_LS,SHW,2007,14815,246.94,122.8,136.4,36.1,32.4,0.6453,1
SBassett_SHW_01.18.2026_LS,SHW,2007,14816,246.95,118.2,138.9,37.4,33.4,0.6951,1
SBassett_SHW_01.18.2026_LS,SHW,2007,14817,246.97,111.9,140.9,39.6,34.1,0.633,1
SBassett_SHW_01.18.2026_LS,SHW,2007,14818,246.99,105.8,142.2,40.9,33.8,0.5632,1
SBassett_SHW_01.18.2026_LS,SHW,2008,14800,246.69,250.3,89.3,36.0,30.5,0.6017,1
SBassett_SHW_01.18.2026_LS,SHW,2008,14801,246.7,248.9,93.8,40.4,32.9,0.5828,1
SBassett_SHW_01.18.2026_LS,SHW,2008,14802,246.72,243.8,95.9,42.8,32.9,0.4266,1
SBassett_SHW_01.18.2026_LS,SHW,2008,14803,246.74,236.0,97.3,40.1,32.4,0.5891,1
SBassett_SHW_01.18.2026_LS,SHW,2008,14804,246.75,230.4,100.5,39.2,32.6,0.6023,1
SBassett_SHW_01.18.2026_LS,SHW,2008,14805,246.77,223.9,104.3,35.7,31.8,0.6345,1
SBassett_SHW_01.18.2026_LS,SHW,2008,14806,246.79,217.8,105.3,34.1,31.5,0.6382,1
SBassett_SHW_01.18.2026_LS,SHW,2008,14807,246.8,213.0,106.6,33.4,28.8,0.5916,1
SBassett_SHW_01.18.2026_LS,SHW,2008,14808,246.82,211.5,110.2,37.0,27.1,0.6327,1
SBassett_SHW_01.18.2026_LS,SHW,2008,14809,246.84,204.6,112.9,39.0,28.6,0.5971,1
SBassett_SHW_01.18.2026_LS,SHW,2008,14810,246.85,198.8,113.6,38.5,28.3,0.6209,1
SBassett_SHW_01.18.2026_LS,SHW,2008,14811,246.87,192.6,116.6,36.4,29.8,0.6735,1
SBassett_SHW_01.18.2026_LS,SHW,2008,14812,246.89,187.2,118.5,37.8,29.5,0.601,1
SBassett_SHW_01.18.2026_LS,SHW,2008,14813,246.9,180.5,121.9,39.1,30.4,0.564,1
SBassett_SHW_01.18.2026_LS,SHW,2008,14814,246.92,176.0,124.7,39.3,31.6,0.6214,1
SBassett_SHW_01.18.2026_LS,SHW,2008,14815,246.94,173.4,129.1,40.9,31.1,0.6137,1
SBassett_SHW_01.18.2026_LS,SHW,2008,14816,246.95,169.5,131.9,39.8,29.5,0.5798,1
SBassett_SHW_01.18.2026_LS,SHW,2008,14817,246.97,163.2,135.2,40.8,28.8,0.3833,1
SBassett_SHW_01.18.2026_LS,SHW,2010,14826,247.12,63.7,142.9,36.1,30.7,0.4772,0
SBassett_SHW_01.18.2026_LS,SHW,2010,14828,247.15,51.8,142.5,39.1,34.0,0.4618,0
SBassett_SHW_01.18.2026_LS,SHW,2010,14830,247.19,34.5,141.7,34.8,30.5,0.6508,0
SBassett_SHW_01.18.2026_LS,SHW,2010,14831,247.2,28.0,142.2,33.8,30.3,0.5781,0
SBassett_SHW_01.18.2026_LS,SHW,2010,14832,247.22,25.0,143.9,31.9,28.8,0.5897,0
SBassett_SHW_01.18.2026_LS,SHW,2010,14833,247.24,18.4,146.0,32.7,29.0,0.5159,0
SBassett_SHW_01.18.2026_LS,SHW,2013,14830,247.19,81.4,139.8,35.8,28.5,0.4632,0
SBassett_SHW_01.18.2026_LS,SHW,2013,14831,247.2,76.0,139.4,36.4,27.8,0.4807,0
SBassett_SHW_01.18.2026_LS,SHW,2013,14832,247.22,73.5,139.9,37.3,27.7,0.4601,0
SBassett_SHW_01.18.2026_LS,SHW,2013,14833,247.24,65.6,140.2,37.7,29.4,0.5662,0
SBassett_SHW_01.18.2026_LS,SHW,2013,14834,247.25,59.0,140.3,39.0,29.5,0.3027,0
SBassett_SHW_01.18.2026_LS,SHW,2013,14835,247.27,49.6,139.4,36.8,29.5,0.3926,0
SBassett_SHW_01.18.2026_LS,SHW,2013,14836,247.29,41.0,139.0,35.6,30.0,0.4696,0
SBassett_SHW_01.18.2026_LS,SHW,2013,14837,247.3,34.0,139.6,34.9,30.5,0.5144,0
SBassett_SHW_01.18.2026_LS,SHW,2013,14838,247.32,26.4,139.2,35.3,30.1,0.3678,0
SBassett_SHW_01.18.2026_LS,SHW,2013,14839,247.34,21.1,139.9,38.6,31.8,0.4115,0
SBassett_SHW_01.18.2026_LS,SHW,2013,14840,247.35,16.1,139.3,32.2,31.6,0.3713,0
SBassett_SHW_01.18.2026_LS,SHW,2013,14842,247.39,9.2,140.3,18.4,30.9,0.4038,0
SBassett_SHW_01.18.2026_LS,SHW,2052,15896,264.96,509.3,99.1,38.8,30.1,0.6119,1
SBassett_SHW_01.18.2026_LS,SHW,2052,15897,264.97,503.1,102.2,38.9,28.8,0.4109,1
SBassett_SHW_01.18.2026_LS,SHW,2052,15898,264.99,500.1,104.7,40.7,30.3,0.4872,1
SBassett_SHW_01.18.2026_LS,SHW,2052,15899,265.01,497.2,106.2,41.1,30.6,0.5237,1
SBassett_SHW_01.18.2026_LS,SHW,2052,15900,265.02,493.4,108.0,37.6,29.3,0.6884,1
SBassett_SHW_01.18.2026_LS,SHW,2052,15901,265.04,489.7,109.1,36.6,28.6,0.6956,1
SBassett_SHW_01.18.2026_LS,SHW,2052,15902,265.06,484.0,110.4,37.3,28.1,0.6741,1
SBassett_SHW_01.18.2026_LS,SHW,2052,15903,265.07,478.9,111.4,39.4,27.8,0.64,1
SBassett_SHW_01.18.2026_LS,SHW,2052,15904,265.09,476.1,112.1,40.1,26.5,0.3976,1
SBassett_SHW_01.18.2026_LS,SHW,2052,15905,265.11,473.3,112.7,38.5,26.6,0.3234,1
SBassett_SHW_01.18.2026_LS,SHW,2052,15906,265.12,458.2,113.5,36.7,27.9,0.5844,1
SBassett_SHW_01.18.2026_LS,SHW,2052,15907,265.14,449.6,112.9,38.2,29.0,0.673,1
SBassett_SHW_01.18.2026_LS,SHW,2052,15908,265.16,443.8,112.8,41.4,31.2,0.5953,1
SBassett_SHW_01.18.2026_LS,SHW,2052,15909,265.17,437.2,112.9,40.0,29.8,0.2784,1
SBassett_SHW_01.18.2026_LS,SHW,2052,15913,265.24,413.2,110.7,46.0,31.9,0.5128,1
SBassett_SHW_01.18.2026_LS,SHW,2052,15914,265.26,408.7,111.6,45.2,31.5,0.6026,1
SBassett_SHW_01.18.2026_LS,SHW,2052,15915,265.27,401.9,112.2,48.8,32.8,0.5015,1
SBassett_SHW_01.18.2026_LS,SHW,2052,15916,265.29,394.4,114.9,48.7,33.3,0.5118,1
SBassett_SHW_01.18.2026_LS,SHW,2052,15917,265.31,387.3,115.8,46.8,32.3,0.5284,1
SBassett_SHW_01.18.2026_LS,SHW,2052,15918,265.32,380.0,116.5,44.8,30.7,0.5542,1
SBassett_SHW_01.18.2026_LS,SHW,2052,15919,265.34,373.1,118.0,44.6,30.7,0.4137,1
SBassett_SHW_01.18.2026_LS,SHW,2052,15920,265.36,367.0,120.4,46.4,31.4,0.5481,1
SBassett_SHW_01.18.2026_LS,SHW,2052,15921,265.37,359.4,123.5,45.4,31.7,0.3239,1
SBassett_SHW_01.18.2026_LS,SHW,2138,18266,304.46,613.2,330.0,51.3,41.3,0.5067,0
SBassett_SHW_01.18.2026_LS,SHW,2138,18267,304.48,610.3,329.0,58.1,41.9,0.4401,0
SBassett_SHW_01.18.2026_LS,SHW,2138,18268,304.49,607.8,331.6,63.7,42.2,0.4715,0
SBassett_SHW_01.18.2026_LS,SHW,2138,18269,304.51,606.2,336.6,61.9,45.1,0.6428,0
SBassett_SHW_01.18.2026_LS,SHW,2138,18270,304.53,599.0,339.3,53.6,45.0,0.5403,0
SBassett_SHW_01.18.2026_LS,SHW,2138,18271,304.54,593.0,339.8,51.8,46.2,0.7059,0
SBassett_SHW_01.18.2026_LS,SHW,2138,18273,304.58,586.7,336.9,55.1,44.1,0.3683,0
SBassett_SHW_01.18.2026_LS,SHW,2138,18274,304.59,578.7,334.1,61.9,45.5,0.5525,0
SBassett_SHW_01.18.2026_LS,SHW,2138,18275,304.61,571.1,338.2,70.5,49.5,0.5369,0
SBassett_SHW_01.18.2026_LS,SHW,2138,18276,304.63,559.8,346.4,66.2,50.1,0.6783,0
SBassett_SHW_01.18.2026_LS,SHW,2138,18277,304.64,549.1,349.8,65.7,51.8,0.7131,0
SBassett_SHW_01.18.2026_LS,SHW,2138,18279,304.68,523.8,351.0,55.1,44.4,0.5122,0
SBassett_SHW_01.18.2026_LS,SHW,2147,18315,305.28,574.9,360.9,54.3,41.7,0.5882,0
SBassett_SHW_01.18.2026_LS,SHW,2147,18317,305.31,555.1,368.2,56.9,41.6,0.4679,0
SBassett_SHW_01.18.2026_LS,SHW,2147,18326,305.46,470.2,393.2,55.4,44.3,0.33,0
SBassett_SHW_01.18.2026_LS,SHW,2163,18394,306.59,561.7,432.7,61.5,47.4,0.5766,0
SBassett_SHW_01.18.2026_LS,SHW,2163,18395,306.61,546.5,434.7,62.9,46.8,0.475,0
SBassett_SHW_01.18.2026_LS,SHW,2163,18398,306.66,516.3,455.1,56.3,49.5,0.394,0
SBassett_SHW_01.18.2026_LS,SHW,2189,19873,331.24,620.9,218.6,27.6,24.8,0.7497,1
SBassett_SHW_01.18.2026_LS,SHW,2189,19874,331.26,615.2,219.2,33.6,27.1,0.6125,1
SBassett_SHW_01.18.2026_LS,SHW,2189,19875,331.28,612.5,221.2,33.4,27.5,0.3975,1
SBassett_SHW_01.18.2026_LS,SHW,2189,19876,331.29,611.6,222.1,31.6,27.1,0.3281,1
SBassett_SHW_01.18.2026_LS,SHW,2189,19877,331.31,611.3,223.0,27.5,26.0,0.3431,1
SBassett_SHW_01.18.2026_LS,SHW,2189,19878,331.33,609.2,223.3,26.1,24.7,0.3863,1
SBassett_SHW_01.18.2026_LS,SHW,2189,19879,331.34,606.8,224.0,25.2,23.4,0.419,1
SBassett_SHW_01.18.2026_LS,SHW,2189,19880,331.36,605.4,224.3,26.2,24.9,0.3498,1
SBassett_SHW_01.18.2026_LS,SHW,2189,19881,331.38,602.9,225.5,24.9,24.5,0.5702,1
SBassett_SHW_01.18.2026_LS,SHW,2189,19882,331.39,599.7,225.7,25.3,23.5,0.4562,1
SBassett_SHW_01.18.2026_LS,SHW,2189,19883,331.41,597.0,226.1,26.3,24.6,0.276,1
SBassett_SHW_01.18.2026_LS,SHW,2189,19884,331.43,593.2,227.4,26.6,26.3,0.4761,1
SBassett_SHW_01.18.2026_LS,SHW,2189,19886,331.46,589.9,229.0,28.5,26.7,0.4035,1
SBassett_SHW_01.18.2026_LS,SHW,2189,19887,331.48,586.0,229.4,31.9,28.4,0.5124,1
SBassett_SHW_01.18.2026_LS,SHW,2189,19888,331.49,581.6,229.8,34.4,30.0,0.4881,1
SBassett_SHW_01.18.2026_LS,SHW,2189,19889,331.51,578.2,229.6,35.6,31.0,0.4478,1
SBassett_SHW_01.18.2026_LS,SHW,2189,19890,331.53,576.0,230.9,34.5,31.1,0.5835,1
SBassett_SHW_01.18.2026_LS,SHW,2189,19891,331.54,572.5,232.4,35.2,30.3,0.4175,1
SBassett_SHW_01.18.2026_LS,SHW,2189,19892,331.56,567.5,232.4,34.0,29.6,0.509,1
SBassett_SHW_01.18.2026_LS,SHW,2189,19893,331.58,563.5,233.0,34.7,29.5,0.3869,1
SBassett_SHW_01.18.2026_LS,SHW,2189,19894,331.59,559.0,234.2,34.7,28.4,0.519,1
SBassett_SHW_01.18.2026_LS,SHW,2189,19895,331.61,557.5,234.1,33.5,27.6,0.5715,1
SBassett_SHW_01.18.2026_LS,SHW,2189,19904,331.76,544.3,236.8,29.8,28.1,0.5691,1
SBassett_SHW_01.18.2026_LS,SHW,2189,19905,331.78,542.0,237.3,28.5,27.9,0.6436,1
SBassett_SHW_01.18.2026_LS,SHW,2189,19906,331.79,540.5,238.3,29.3,27.7,0.6298,1
SBassett_SHW_01.18.2026_LS,SHW,2189,19907,331.81,537.9,239.6,29.6,27.0,0.5934,1
SBassett_SHW_01.18.2026_LS,SHW,2189,19908,331.83,534.5,239.9,31.0,27.0,0.5371,1
SBassett_SHW_01.18.2026_LS,SHW,2189,19909,331.84,532.4,240.6,31.6,27.3,0.329,1
SBassett_SHW_01.18.2026_LS,SHW,2189,19910,331.86,530.6,241.2,28.9,25.4,0.5555,1
SBassett_SHW_01.18.2026_LS,SHW,2189,19911,331.88,526.5,241.4,31.5,25.5,0.6312,1
SBassett_SHW_01.18.2026_LS,SHW,2189,19914,331.93,520.6,239.3,29.1,25.1,0.5456,1
SBassett_SHW_01.18.2026_LS,SHW,2189,19915,331.94,518.5,240.3,29.4,25.6,0.6758,1
SBassett_SHW_01.18.2026_LS,SHW,2189,19916,331.96,514.8,241.8,31.1,25.8,0.6324,1
SBassett_SHW_01.18.2026_LS,SHW,2189,19917,331.98,510.2,241.9,30.3,25.7,0.6535,1
SBassett_SHW_01.18.2026_LS,SHW,2189,19918,331.99,506.8,242.9,30.2,25.2,0.5589,1
SBassett_SHW_01.18.2026_LS,SHW,2189,19919,332.01,503.4,243.9,29.8,25.4,0.6673,1
SBassett_SHW_01.18.2026_LS,SHW,2189,19920,332.03,499.4,245.6,29.0,23.9,0.7007,1
SBassett_SHW_01.18.2026_LS,SHW,2189,19921,332.04,495.5,246.9,29.1,23.5,0.683,1
SBassett_SHW_01.18.2026_LS,SHW,2189,19922,332.06,493.0,248.1,29.3,23.8,0.6584,1
SBassett_SHW_01.18.2026_LS,SHW,2189,19923,332.08,490.6,248.4,29.7,24.8,0.6244,1
SBassett_SHW_01.18.2026_LS,SHW,2189,19924,332.09,487.1,248.6,29.0,25.3,0.6566,1
SBassett_SHW_01.18.2026_LS,SHW,2189,19925,332.11,480.7,249.6,27.4,24.9,0.5868,1
SBassett_SHW_01.18.2026_LS,SHW,2189,19927,332.14,476.0,251.8,29.8,23.7,0.3154,1
SBassett_SHW_01.18.2026_LS,SHW,2193,19971,332.88,325.1,287.9,30.4,23.6,0.6139,0
SBassett_SHW_01.18.2026_LS,SHW,2193,19972,332.89,323.6,290.1,30.3,25.0,0.4439,0
SBassett_SHW_01.18.2026_LS,SHW,2193,19973,332.91,320.3,291.4,29.1,24.9,0.4174,0
SBassett_SHW_01.18.2026_LS,SHW,2193,19976,332.96,305.9,293.9,29.8,24.8,0.5555,0
SBassett_SHW_01.18.2026_LS,SHW,2193,19977,332.98,301.5,295.5,31.0,25.1,0.6952,0
SBassett_SHW_01.18.2026_LS,SHW,2193,19978,332.99,297.9,296.3,31.0,25.3,0.579,0
SBassett_SHW_01.18.2026_LS,SHW,2193,19979,333.01,294.3,296.0,32.3,26.1,0.4289,0
SBassett_SHW_01.18.2026_LS,SHW,2193,19981,333.04,288.4,298.1,32.3,24.6,0.4298,0
SBassett_SHW_01.18.2026_LS,SHW,2193,19982,333.06,280.7,300.4,31.4,22.0,0.509,0
SBassett_SHW_01.18.2026_LS,SHW,2193,19983,333.08,275.2,301.1,30.7,21.5,0.3754,0
SBassett_SHW_01.18.2026_LS,SHW,2195,19986,333.13,277.4,294.9,28.3,24.3,0.5837,1
SBassett_SHW_01.18.2026_LS,SHW,2195,19987,333.14,270.1,294.5,29.9,24.7,0.6315,1
SBassett_SHW_01.18.2026_LS,SHW,2195,19988,333.16,261.9,296.8,32.4,26.6,0.3805,1
SBassett_SHW_01.18.2026_LS,SHW,2195,19989,333.18,258.3,296.9,32.7,26.6,0.4457,1
SBassett_SHW_01.18.2026_LS,SHW,2195,19990,333.19,252.1,297.7,34.5,28.0,0.3692,1
SBassett_SHW_01.18.2026_LS,SHW,2195,19995,333.28,232.8,295.1,32.5,24.8,0.6049,1
SBassett_SHW_01.18.2026_LS,SHW,2195,19997,333.31,226.4,296.1,29.5,20.5,0.6102,1
SBassett_SHW_01.18.2026_LS,SHW,2195,19998,333.33,222.5,297.2,28.7,21.7,0.5727,1
SBassett_SHW_01.18.2026_LS,SHW,2195,19999,333.34,217.3,296.7,29.7,21.6,0.5075,1
SBassett_SHW_01.18.2026_LS,SHW,2195,20000,333.36,212.0,297.9,30.0,21.1,0.6621,1
SBassett_SHW_01.18.2026_LS,SHW,2195,20001,333.38,208.3,299.9,28.6,19.8,0.4182,1
SBassett_SHW_01.18.2026_LS,SHW,2195,20002,333.39,203.8,299.4,27.8,18.8,0.3664,1
SBassett_SHW_01.18.2026_LS,SHW,2195,20003,333.41,198.7,300.8,28.6,19.5,0.477,1
SBassett_SHW_01.18.2026_LS,SHW,2195,20019,333.68,130.9,313.6,24.6,19.2,0.5398,1
SBassett_SHW_01.18.2026_LS,SHW,2195,20020,333.7,127.4,313.4,25.4,19.6,0.5394,1
SBassett_SHW_01.18.2026_LS,SHW,2195,20021,333.71,121.2,313.7,25.3,20.3,0.6597,1
SBassett_SHW_01.18.2026_LS,SHW,2195,20022,333.73,116.3,314.9,25.2,20.3,0.2891,1
Upper40_TON_12.03.25_LS,TON,2207,15,0.25,257.1,299.7,36.0,28.4,0.4477,1
Upper40_TON_12.03.25_LS,TON,2207,17,0.28,250.0,299.4,37.7,29.1,0.377,1
Upper40_TON_12.03.25_LS,TON,2207,25,0.42,225.4,296.9,50.6,35.2,0.5385,1
Upper40_TON_12.03.25_LS,TON,2207,26,0.43,222.3,296.4,50.7,36.3,0.6689,1
Upper40_TON_12.03.25_LS,TON,2207,27,0.45,219.4,295.3,51.0,38.0,0.692,1
Upper40_TON_12.03.25_LS,TON,2207,28,0.47,216.8,295.4,51.2,38.3,0.7097,1
Upper40_TON_12.03.25_LS,TON,2207,29,0.48,213.8,295.6,51.9,38.0,0.6033,1
Upper40_TON_12.03.25_LS,TON,2207,30,0.5,209.9,294.3,51.9,38.3,0.6255,1
Upper40_TON_12.03.25_LS,TON,2207,31,0.52,205.9,293.5,53.6,40.5,0.5801,1
Upper40_TON_12.03.25_LS,TON,2207,32,0.53,201.9,292.7,54.2,40.5,0.6087,1
Upper40_TON_12.03.25_LS,TON,2207,33,0.55,198.0,292.6,55.3,41.2,0.5758,1
Upper40_TON_12.03.25_LS,TON,2207,34,0.57,193.0,293.2,56.9,41.2,0.6091,1
Upper40_TON_12.03.25_LS,TON,2207,35,0.58,189.7,292.7,58.9,40.7,0.5814,1
Upper40_TON_12.03.25_LS,TON,2207,36,0.6,186.4,293.2,61.2,41.0,0.4285,1
Upper40_TON_12.03.25_LS,TON,2207,37,0.62,181.5,292.9,62.5,40.5,0.7073,1
Upper40_TON_12.03.25_LS,TON,2207,38,0.63,177.2,291.3,65.1,41.1,0.6931,1
Upper40_TON_12.03.25_LS,TON,2207,39,0.65,172.3,291.5,65.6,41.2,0.7362,1
Upper40_TON_12.03.25_LS,TON,2207,40,0.67,168.8,291.5,69.0,42.0,0.6302,1
Upper40_TON_12.03.25_LS,TON,2207,41,0.68,163.5,290.9,70.9,44.8,0.7182,1
Upper40_TON_12.03.25_LS,TON,2207,42,0.7,157.2,290.4,71.1,46.9,0.6117,1
Upper40_TON_12.03.25_LS,TON,2207,43,0.72,159.0,291.5,62.6,44.5,0.6237,1
Upper40_TON_12.03.25_LS,TON,2207,44,0.73,150.1,290.5,72.7,47.5,0.6573,1
Upper40_TON_12.03.25_LS,TON,2207,45,0.75,144.3,289.8,76.4,46.9,0.5235,1
Upper40_TON_12.03.25_LS,TON,2207,46,0.77,146.4,288.6,64.1,45.2,0.586,1
Upper40_TON_12.03.25_LS,TON,2207,47,0.78,134.1,288.9,72.0,47.7,0.3688,1
Upper40_TON_12.03.25_LS,TON,2207,48,0.8,126.1,288.9,76.8,47.9,0.3767,1
Upper40_TON_12.03.25_LS,TON,2207,52,0.87,122.2,288.8,52.6,41.3,0.5711,1
Upper40_TON_12.03.25_LS,TON,2207,53,0.88,119.4,287.4,51.2,42.1,0.6081,1
Upper40_TON_12.03.25_LS,TON,2207,54,0.9,117.0,288.0,53.4,41.6,0.3065,1
Upper40_TON_12.03.25_LS,TON,2208,18,0.3,116.5,293.6,60.3,49.1,0.5598,1
Upper40_TON_12.03.25_LS,TON,2208,19,0.32,113.7,294.1,59.4,49.4,0.4907,1
Upper40_TON_12.03.25_LS,TON,2208,20,0.33,110.1,294.0,59.5,49.2,0.251,1
Upper40_TON_12.03.25_LS,TON,2208,21,0.35,106.9,293.3,60.3,49.0,0.3966,1
Upper40_TON_12.03.25_LS,TON,2208,23,0.38,98.5,293.4,59.5,47.5,0.3585,1
Upper40_TON_12.03.25_LS,TON,2208,24,0.4,94.0,293.1,58.8,46.9,0.2839,1
Upper40_TON_12.03.25_LS,TON,2208,25,0.42,91.6,293.2,57.0,46.6,0.3191,1
Upper40_TON_12.03.25_LS,TON,2208,27,0.45,83.8,294.0,56.5,48.0,0.5134,1
Upper40_TON_12.03.25_LS,TON,2208,42,0.7,19.2,288.5,37.8,59.8,0.3707,1
Upper40_TON_12.03.25_LS,TON,2208,43,0.72,16.4,289.1,32.8,57.3,0.371,1
Upper40_TON_12.03.25_LS,TON,2208,44,0.73,14.6,288.8,29.2,56.9,0.4635,1
Upper40_TON_12.03.25_LS,TON,2210,39,0.65,246.6,289.0,52.8,37.6,0.4487,0
Upper40_TON_12.03.25_LS,TON,2210,40,0.67,242.1,289.7,53.9,38.2,0.3988,0
Upper40_TON_12.03.25_LS,TON,2210,43,0.72,221.3,288.4,58.8,38.4,0.517,0
Upper40_TON_12.03.25_LS,TON,2210,48,0.8,202.8,288.6,62.5,39.1,0.4041,0
Upper40_TON_12.03.25_LS,TON,2210,58,0.97,157.9,283.5,45.5,40.8,0.391,0
Upper40_TON_12.03.25_LS,TON,2321,6501,108.35,497.6,140.3,46.7,42.1,0.4288,1
Upper40_TON_12.03.25_LS,TON,2321,6502,108.37,491.0,139.6,44.6,41.3,0.3406,1
Upper40_TON_12.03.25_LS,TON,2321,6503,108.38,484.7,140.1,42.2,40.1,0.5973,1
Upper40_TON_12.03.25_LS,TON,2321,6504,108.4,476.8,141.7,43.7,40.0,0.5744,1
Upper40_TON_12.03.25_LS,TON,2321,6505,108.42,470.4,141.9,44.4,41.1,0.5508,1
Upper40_TON_12.03.25_LS,TON,2321,6506,108.43,465.1,141.9,43.6,40.7,0.3101,1
Upper40_TON_12.03.25_LS,TON,2321,6507,108.45,459.7,146.1,42.7,38.3,0.5385,1
Upper40_TON_12.03.25_LS,TON,2321,6508,108.47,453.1,147.8,43.1,39.5,0.5552,1
Upper40_TON_12.03.25_LS,TON,2321,6509,108.48,447.0,148.5,43.1,38.3,0.3887,1
Upper40_TON_12.03.25_LS,TON,2321,6510,108.5,441.2,151.2,47.3,37.9,0.4322,1
Upper40_TON_12.03.25_LS,TON,2321,6511,108.52,433.6,152.0,47.9,40.0,0.4791,1
Upper40_TON_12.03.25_LS,TON,2321,6520,108.67,381.3,173.4,39.8,41.3,0.5194,1
Upper40_TON_12.03.25_LS,TON,2321,6521,108.68,378.0,173.9,40.9,41.1,0.4185,1
Upper40_TON_12.03.25_LS,TON,2321,6522,108.7,372.7,175.4,42.5,40.0,0.3134,1
Upper40_TON_12.03.25_LS,TON,2323,6523,108.72,341.8,414.7,42.9,34.9,0.6205,0
Upper40_TON_12.03.25_LS,TON,2323,6524,108.73,334.9,416.7,41.4,34.9,0.5595,0
Upper40_TON_12.03.25_LS,TON,2323,6525,108.75,331.2,418.1,42.8,36.1,0.5407,0
Upper40_TON_12.03.25_LS,TON,2327,6551,109.18,555.7,386.5,29.5,25.3,0.3476,0
Upper40_TON_12.03.25_LS,TON,2327,6552,109.2,553.1,387.3,30.6,24.9,0.344,0
Upper40_TON_12.03.25_LS,TON,2327,6553,109.22,549.3,388.2,29.3,24.5,0.3059,0
Upper40_TON_12.03.25_LS,TON,2335,6615,110.25,601.1,423.6,29.2,22.7,0.3108,0
Upper40_TON_12.03.25_LS,TON,2335,6619,110.32,610.4,427.1,29.5,24.6,0.3236,0
Upper40_TON_12.03.25_LS,TON,2335,6620,110.33,611.7,427.8,29.3,23.9,0.393,0
Upper40_TON_12.03.25_LS,TON,2335,6621,110.35,614.6,427.5,28.6,23.1,0.3248,0
Upper40_TON_12.03.25_LS,TON,2336,6625,110.42,379.5,270.1,47.5,60.0,0.4694,1
Upper40_TON_12.03.25_LS,TON,2336,6626,110.43,383.4,269.8,46.6,59.6,0.6973,1
Upper40_TON_12.03.25_LS,TON,2336,6627,110.45,386.5,267.5,46.2,58.4,0.7136,1
Upper40_TON_12.03.25_LS,TON,2336,6628,110.47,391.5,267.7,43.2,56.9,0.3462,1
Upper40_TON_12.03.25_LS,TON,2336,6629,110.48,396.7,266.7,42.7,60.8,0.4237,1
Upper40_TON_12.03.25_LS,TON,2336,6632,110.53,410.9,267.5,42.4,62.0,0.293,1
Upper40_TON_12.03.25_LS,TON,2336,6635,110.58,424.2,263.0,41.8,71.5,0.3396,1
Upper40_TON_12.03.25_LS,TON,2336,6638,110.63,439.7,266.4,42.9,62.5,0.5874,1
Upper40_TON_12.03.25_LS,TON,2336,6643,110.72,465.2,257.5,36.3,48.6,0.3925,1
Upper40_TON_12.03.25_LS,TON,2336,6644,110.73,470.4,257.5,39.1,54.7,0.2782,1
Upper40_TON_12.03.25_LS,TON,2336,6646,110.77,478.1,252.3,40.8,51.5,0.3952,1
