video,site,track_id,label,kind,n_frames,span_s,mean_conf,topk_conf,mean_box_px,first_frame,last_frame,gt_overlap_frames
AquaCultureRd_TON_12.03.25_LS,TON,53,0,false,7,0.2,0.4252,0.4578,489.9,2979,2990,0
AquaCultureRd_TON_12.03.25_LS,TON,61,0,false,1,0.02,0.3625,0.3625,413.6,2998,2998,0
AquaCultureRd_TON_12.03.25_LS,TON,64,0,false,1,0.02,0.4305,0.4305,434.9,3004,3004,0
AquaCultureRd_TON_12.03.25_LS,TON,95,0,false,1,0.02,0.4839,0.4839,659.5,6056,6056,0
AquaCultureRd_TON_12.03.25_LS,TON,115,0,false,1,0.02,0.5166,0.5166,1782.1,6425,6425,0
AquaCultureRd_TON_12.03.25_LS,TON,140,0,false,1,0.02,0.4974,0.4974,697.2,6623,6623,0
AquaCultureRd_TON_12.03.25_LS,TON,141,0,false,10,0.17,0.5453,0.5983,848.8,6679,6688,0
AquaCultureRd_TON_12.03.25_LS,TON,150,0,false,1,0.02,0.5402,0.5402,679.3,8061,8061,0
AquaCultureRd_TON_12.03.25_LS,TON,178,0,false,7,0.25,0.3404,0.3952,3003.2,9631,9645,0
AquaCultureRd_TON_12.03.25_LS,TON,217,0,false,1,0.02,0.392,0.392,680.8,15374,15374,0
AquaCultureRd_TON_12.03.25_LS,TON,219,0,false,4,0.07,0.2693,0.2693,1146.5,15386,15389,0
AquaCultureRd_TON_12.03.25_LS,TON,1219,0,false,2,0.08,0.2535,0.2535,643.5,618,622,0
AquaCultureRd_TON_12.03.25_LS,TON,1220,0,false,1,0.02,0.2414,0.2414,1337.6,908,908,0
AquaCultureRd_TON_12.03.25_LS,TON,1221,0,false,1,0.02,0.1075,0.1075,607.8,1023,1023,0
AquaCultureRd_TON_12.03.25_LS,TON,1222,0,false,5,0.17,0.1936,0.1936,862.6,1066,1075,0
AquaCultureRd_TON_12.03.25_LS,TON,1223,0,false,2,0.03,0.2896,0.2896,406.6,1073,1074,0
AquaCultureRd_TON_12.03.25_LS,TON,1224,0,false,6,0.68,0.1634,0.176,1209.7,1074,1114,0
AquaCultureRd_TON_12.03.25_LS,TON,1225,0,false,4,0.52,0.2271,0.2271,1565.9,1087,1117,0
AquaCultureRd_TON_12.03.25_LS,TON,1226,0,false,1,0.02,0.2318,0.2318,2191.3,1166,1166,0
AquaCultureRd_TON_12.03.25_LS,TON,1227,0,false,3,0.05,0.2388,0.2388,2164.6,1175,1177,0
AquaCultureRd_TON_12.03.25_LS,TON,1228,0,false,3,0.3,0.1333,0.1333,375.6,1373,1390,0
AquaCultureRd_TON_12.03.25_LS,TON,1229,0,false,1,0.02,0.2299,0.2299,351.6,2398,2398,0
AquaCultureRd_TON_12.03.25_LS,TON,1230,0,false,1,0.02,0.133,0.133,345.0,2433,2433,0
AquaCultureRd_TON_12.03.25_LS,TON,1231,0,false,6,0.08,0.2674,0.2926,329.5,2778,2782,0
AquaCultureRd_TON_12.03.25_LS,TON,1232,0,false,23,0.48,0.3008,0.4833,478.7,2781,2809,0
AquaCultureRd_TON_12.03.25_LS,TON,1233,0,false,1,0.02,0.5904,0.5904,413.9,2797,2797,0
AquaCultureRd_TON_12.03.25_LS,TON,1234,0,false,1,0.02,0.209,0.209,395.3,2818,2818,0
AquaCultureRd_TON_12.03.25_LS,TON,1235,0,false,4,0.07,0.151,0.151,411.5,2844,2847,0
AquaCultureRd_TON_12.03.25_LS,TON,1236,0,false,1,0.02,0.1345,0.1345,291.1,2856,2856,0
AquaCultureRd_TON_12.03.25_LS,TON,1237,0,false,10,0.23,0.3233,0.4016,567.0,2970,2983,0
AquaCultureRd_TON_12.03.25_LS,TON,1238,0,false,11,0.22,0.2363,0.3038,362.7,2991,3003,0
AquaCultureRd_TON_12.03.25_LS,TON,1239,0,false,11,0.18,0.2273,0.2881,414.6,3029,3039,0
AquaCultureRd_TON_12.03.25_LS,TON,1240,0,false,1,0.02,0.1847,0.1847,2327.6,3082,3082,0
AquaCultureRd_TON_12.03.25_LS,TON,1241,0,false,1,0.02,0.1568,0.1568,210.4,3121,3121,0
AquaCultureRd_TON_12.03.25_LS,TON,1242,0,false,2,0.05,0.28,0.28,396.9,3133,3135,0
AquaCultureRd_TON_12.03.25_LS,TON,1243,0,false,2,0.03,0.1197,0.1197,599.6,3462,3463,0
AquaCultureRd_TON_12.03.25_LS,TON,1244,0,false,2,0.03,0.1446,0.1446,479.7,3756,3757,0
AquaCultureRd_TON_12.03.25_LS,TON,1245,0,false,1,0.02,0.1417,0.1417,666.9,3839,3839,0
AquaCultureRd_TON_12.03.25_LS,TON,1246,0,false,1,0.02,0.1395,0.1395,421.7,4116,4116,0
AquaCultureRd_TON_12.03.25_LS,TON,1247,0,false,1,0.02,0.3476,0.3476,1424.2,4351,4351,0
AquaCultureRd_TON_12.03.25_LS,TON,1248,0,false,1,0.02,0.2794,0.2794,2616.2,4385,4385,0
AquaCultureRd_TON_12.03.25_LS,TON,1249,0,false,1,0.02,0.2102,0.2102,1011.7,4523,4523,0
AquaCultureRd_TON_12.03.25_LS,TON,1250,0,false,2,0.03,0.1444,0.1444,893.3,4545,4546,0
AquaCultureRd_TON_12.03.25_LS,TON,1251,0,false,1,0.02,0.1452,0.1452,1166.7,4861,4861,0
AquaCultureRd_TON_12.03.25_LS,TON,1252,0,false,1,0.02,0.132,0.132,913.3,4973,4973,0
AquaCultureRd_TON_12.03.25_LS,TON,1253,0,false,3,0.05,0.3434,0.3434,3057.2,4997,4999,0
AquaCultureRd_TON_12.03.25_LS,TON,1254,0,false,1,0.02,0.1454,0.1454,996.2,5097,5097,0
AquaCultureRd_TON_12.03.25_LS,TON,1255,0,false,1,0.02,0.1135,0.1135,752.6,5152,5152,0
AquaCultureRd_TON_12.03.25_LS,TON,1256,0,false,1,0.02,0.1734,0.1734,626.1,5302,5302,0
AquaCultureRd_TON_12.03.25_LS,TON,1257,0,false,2,0.07,0.1536,0.1536,570.5,5314,5317,0
AquaCultureRd_TON_12.03.25_LS,TON,1258,0,false,3,0.05,0.2329,0.2329,496.1,5391,5393,0
AquaCultureRd_TON_12.03.25_LS,TON,1259,0,false,2,0.03,0.1433,0.1433,305.0,5671,5672,0
AquaCultureRd_TON_12.03.25_LS,TON,1260,0,false,2,0.05,0.211,0.211,571.3,5771,5773,0
AquaCultureRd_TON_12.03.25_LS,TON,1261,0,false,2,0.03,0.3389,0.3389,794.1,5874,5875,0
AquaCultureRd_TON_12.03.25_LS,TON,1262,0,false,1,0.02,0.1955,0.1955,1085.8,5921,5921,0
AquaCultureRd_TON_12.03.25_LS,TON,1263,0,false,1,0.02,0.1414,0.1414,627.1,5998,5998,0
AquaCultureRd_TON_12.03.25_LS,TON,1264,0,false,18,1.28,0.2615,0.4129,777.3,6039,6115,0
AquaCultureRd_TON_12.03.25_LS,TON,1265,0,false,1,0.02,0.1838,0.1838,1558.5,6085,6085,0
AquaCultureRd_TON_12.03.25_LS,TON,1266,0,false,4,0.63,0.1562,0.1562,857.1,6149,6186,0
AquaCultureRd_TON_12.03.25_LS,TON,1267,0,false,4,0.33,0.3694,0.3694,854.5,6167,6186,0
AquaCultureRd_TON_12.03.25_LS,TON,1268,0,false,1,0.02,0.1064,0.1064,524.6,6169,6169,0
AquaCultureRd_TON_12.03.25_LS,TON,1269,0,false,1,0.02,0.1601,0.1601,674.0,6255,6255,0
AquaCultureRd_TON_12.03.25_LS,TON,1270,0,false,3,0.05,0.264,0.264,1841.8,6424,6426,0
AquaCultureRd_TON_12.03.25_LS,TON,1271,0,false,1,0.02,0.1583,0.1583,1173.1,6502,6502,0
AquaCultureRd_TON_12.03.25_LS,TON,1272,0,false,2,0.03,0.1385,0.1385,668.6,6570,6571,0
AquaCultureRd_TON_12.03.25_LS,TON,1273,0,false,1,0.02,0.2304,0.2304,593.4,6574,6574,0
AquaCultureRd_TON_12.03.25_LS,TON,1274,0,false,3,0.3,0.1898,0.1898,1144.9,6576,6593,0
AquaCultureRd_TON_12.03.25_LS,TON,1275,0,false,7,0.13,0.3196,0.3683,497.8,6585,6592,0
AquaCultureRd_TON_12.03.25_LS,TON,1276,0,false,1,0.02,0.1408,0.1408,571.0,6600,6600,0
AquaCultureRd_TON_12.03.25_LS,TON,1277,0,false,12,0.2,0.3017,0.425,452.7,6611,6622,0
AquaCultureRd_TON_12.03.25_LS,TON,1278,0,false,4,0.17,0.1438,0.1438,538.2,6613,6622,0
AquaCultureRd_TON_12.03.25_LS,TON,1279,0,false,1,0.02,0.5222,0.5222,596.6,6678,6678,0
AquaCultureRd_TON_12.03.25_LS,TON,1280,0,false,2,0.03,0.1514,0.1514,1047.3,6700,6701,0
AquaCultureRd_TON_12.03.25_LS,TON,1281,0,false,1,0.02,0.1112,0.1112,896.1,6805,6805,0
AquaCultureRd_TON_12.03.25_LS,TON,1282,0,false,1,0.02,0.1826,0.1826,882.3,7070,7070,0
AquaCultureRd_TON_12.03.25_LS,TON,1283,0,false,1,0.02,0.1619,0.1619,942.6,7108,7108,0
AquaCultureRd_TON_12.03.25_LS,TON,1284,0,false,1,0.02,0.1805,0.1805,721.1,7229,7229,0
AquaCultureRd_TON_12.03.25_LS,TON,1285,0,false,1,0.02,0.1472,0.1472,583.5,7505,7505,0
AquaCultureRd_TON_12.03.25_LS,TON,1286,0,false,2,0.07,0.1134,0.1134,2430.5,7716,7719,0
AquaCultureRd_TON_12.03.25_LS,TON,1287,0,false,1,0.02,0.1747,0.1747,3527.7,7720,7720,0
AquaCultureRd_TON_12.03.25_LS,TON,1288,0,false,4,0.38,0.1629,0.1629,314.4,7770,7792,0
AquaCultureRd_TON_12.03.25_LS,TON,1289,0,false,1,0.02,0.1191,0.1191,310.8,7792,7792,0
AquaCultureRd_TON_12.03.25_LS,TON,1290,0,false,1,0.02,0.1004,0.1004,264.9,7841,7841,0
AquaCultureRd_TON_12.03.25_LS,TON,1291,0,false,1,0.02,0.1108,0.1108,538.3,7908,7908,0
AquaCultureRd_TON_12.03.25_LS,TON,1292,0,false,4,0.57,0.1819,0.1819,644.3,8027,8060,0
AquaCultureRd_TON_12.03.25_LS,TON,1293,0,false,1,0.02,0.1101,0.1101,392.7,8030,8030,0
AquaCultureRd_TON_12.03.25_LS,TON,1294,0,false,2,0.03,0.1641,0.1641,815.0,8071,8072,0
AquaCultureRd_TON_12.03.25_LS,TON,1295,0,false,1,0.02,0.3751,0.3751,436.2,8114,8114,0
AquaCultureRd_TON_12.03.25_LS,TON,1296,0,false,1,0.02,0.2636,0.2636,507.7,8119,8119,0
AquaCultureRd_TON_12.03.25_LS,TON,1297,0,false,4,0.45,0.2183,0.2183,636.8,8615,8641,0
AquaCultureRd_TON_12.03.25_LS,TON,1298,0,false,1,0.02,0.1327,0.1327,306.1,8632,8632,0
AquaCultureRd_TON_12.03.25_LS,TON,1299,0,false,9,0.77,0.1638,0.2101,883.2,8643,8688,0
AquaCultureRd_TON_12.03.25_LS,TON,1300,0,false,1,0.02,0.1103,0.1103,504.2,8659,8659,0
AquaCultureRd_TON_12.03.25_LS,TON,1301,0,false,2,0.35,0.1409,0.1409,737.9,8669,8689,0
AquaCultureRd_TON_12.03.25_LS,TON,1302,0,false,1,0.02,0.1047,0.1047,1081.7,8709,8709,0
AquaCultureRd_TON_12.03.25_LS,TON,1303,0,false,1,0.02,0.1647,0.1647,434.9,8759,8759,0
AquaCultureRd_TON_12.03.25_LS,TON,1304,0,false,1,0.02,0.1012,0.1012,667.3,8759,8759,0
AquaCultureRd_TON_12.03.25_LS,TON,1305,0,false,5,0.1,0.45,0.45,741.1,8811,8816,0
AquaCultureRd_TON_12.03.25_LS,TON,1306,0,false,2,0.03,0.1275,0.1275,610.8,8965,8966,0
AquaCultureRd_TON_12.03.25_LS,TON,1307,0,false,1,0.02,0.1527,0.1527,446.1,9013,9013,0
AquaCultureRd_TON_12.03.25_LS,TON,1308,0,false,1,0.02,0.1179,0.1179,218.2,9115,9115,0
AquaCultureRd_TON_12.03.25_LS,TON,1309,0,false,2,0.03,0.4354,0.4354,1786.4,9130,9131,0
AquaCultureRd_TON_12.03.25_LS,TON,1310,0,false,4,0.13,0.1299,0.1299,597.9,9256,9263,0
AquaCultureRd_TON_12.03.25_LS,TON,1311,0,false,2,0.12,0.117,0.117,449.6,9296,9302,0
AquaCultureRd_TON_12.03.25_LS,TON,1312,0,false,1,0.02,0.1331,0.1331,834.4,9311,9311,0
AquaCultureRd_TON_12.03.25_LS,TON,1313,0,false,1,0.02,0.1549,0.1549,506.6,9384,9384,0
AquaCultureRd_TON_12.03.25_LS,TON,1314,0,false,3,0.2,0.1532,0.1532,715.4,9417,9428,0
AquaCultureRd_TON_12.03.25_LS,TON,1315,0,false,5,0.57,0.1514,0.1514,446.5,9454,9487,0
AquaCultureRd_TON_12.03.25_LS,TON,1316,0,false,1,0.02,0.1276,0.1276,501.3,9454,9454,0
AquaCultureRd_TON_12.03.25_LS,TON,1317,0,false,19,0.6,0.1785,0.2598,2987.8,9624,9659,0
AquaCultureRd_TON_12.03.25_LS,TON,1318,0,false,1,0.02,0.208,0.208,754.7,9766,9766,0
AquaCultureRd_TON_12.03.25_LS,TON,1319,0,false,1,0.02,0.103,0.103,175.7,9779,9779,0
AquaCultureRd_TON_12.03.25_LS,TON,1320,0,false,1,0.02,0.1982,0.1982,336.7,9792,9792,0
AquaCultureRd_TON_12.03.25_LS,TON,1321,0,false,1,0.02,0.12,0.12,349.3,10394,10394,0
AquaCultureRd_TON_12.03.25_LS,TON,1322,0,false,5,0.08,0.2168,0.2168,745.8,10591,10595,0
AquaCultureRd_TON_12.03.25_LS,TON,1323,0,false,1,0.02,0.2208,0.2208,698.6,10980,10980,0
AquaCultureRd_TON_12.03.25_LS,TON,1324,0,false,2,0.03,0.166,0.166,369.8,10991,10992,0
AquaCultureRd_TON_12.03.25_LS,TON,1325,0,false,1,0.02,0.1171,0.1171,1560.1,11586,11586,0
AquaCultureRd_TON_12.03.25_LS,TON,1326,0,false,3,0.05,0.1593,0.1593,287.4,12112,12114,0
AquaCultureRd_TON_12.03.25_LS,TON,1327,0,false,2,0.05,0.132,0.132,236.5,12235,12237,0
AquaCultureRd_TON_12.03.25_LS,TON,1328,0,false,2,0.03,0.1877,0.1877,212.0,12564,12565,0
AquaCultureRd_TON_12.03.25_LS,TON,1329,0,false,4,0.07,0.1505,0.1505,222.6,12564,12567,0
AquaCultureRd_TON_12.03.25_LS,TON,1330,0,false,1,0.02,0.1834,0.1834,469.0,13483,13483,0
AquaCultureRd_TON_12.03.25_LS,TON,1331,0,false,1,0.02,0.1495,0.1495,397.6,13488,13488,0
AquaCultureRd_TON_12.03.25_LS,TON,1332,0,false,1,0.02,0.2397,0.2397,1354.8,13714,13714,0
AquaCultureRd_TON_12.03.25_LS,TON,1333,0,false,1,0.02,0.1136,0.1136,180.4,14252,14252,0
AquaCultureRd_TON_12.03.25_LS,TON,1334,0,false,1,0.02,0.1725,0.1725,5729.3,14732,14732,0
AquaCultureRd_TON_12.03.25_LS,TON,1335,0,false,1,0.02,0.1086,0.1086,383.7,14778,14778,0
AquaCultureRd_TON_12.03.25_LS,TON,1336,0,false,5,0.08,0.1706,0.1706,426.3,14788,14792,0
AquaCultureRd_TON_12.03.25_LS,TON,1337,0,false,1,0.02,0.1037,0.1037,211.2,15066,15066,0
AquaCultureRd_TON_12.03.25_LS,TON,1338,0,false,42,0.97,0.129,0.1904,239.0,15075,15132,0
AquaCultureRd_TON_12.03.25_LS,TON,1339,0,false,3,0.42,0.1088,0.1088,233.7,15115,15139,0
AquaCultureRd_TON_12.03.25_LS,TON,1340,0,false,1,0.02,0.105,0.105,213.9,15116,15116,0
AquaCultureRd_TON_12.03.25_LS,TON,1341,0,false,1,0.02,0.1105,0.1105,178.0,15117,15117,0
AquaCultureRd_TON_12.03.25_LS,TON,1342,0,false,3,0.15,0.1556,0.1556,244.8,15156,15164,0
AquaCultureRd_TON_12.03.25_LS,TON,1343,0,false,1,0.02,0.143,0.143,344.8,15196,15196,0
AquaCultureRd_TON_12.03.25_LS,TON,1344,0,false,4,0.15,0.2033,0.2033,208.4,15199,15207,0
AquaCultureRd_TON_12.03.25_LS,TON,1345,0,false,1,0.02,0.1303,0.1303,897.9,15285,15285,0
AquaCultureRd_TON_12.03.25_LS,TON,1346,0,false,7,0.32,0.188,0.2194,790.1,15367,15385,0
AquaCultureRd_TON_12.03.25_LS,TON,1347,0,false,1,0.02,0.1634,0.1634,770.0,15420,15420,0
AquaCultureRd_TON_12.03.25_LS,TON,1348,0,false,2,0.03,0.3203,0.3203,1981.6,15738,15739,0
AquaCultureRd_TON_12.03.25_LS,TON,1349,0,false,8,0.4,0.1889,0.2263,444.8,15782,15805,0
AquaCultureRd_TON_12.03.25_LS,TON,1350,0,false,2,0.08,0.1523,0.1523,2971.6,15872,15876,0
AquaCultureRd_TON_12.03.25_LS,TON,1351,0,false,4,0.15,0.158,0.158,4345.7,15881,15889,0
AquaCultureRd_TON_12.03.25_LS,TON,1352,0,false,2,0.07,0.1517,0.1517,1042.5,16192,16195,0
AquaCultureRd_TON_12.03.25_LS,TON,1353,0,false,1,0.02,0.1081,0.1081,384.4,16210,16210,0
AquaCultureRd_TON_12.03.25_LS,TON,1354,0,false,1,0.02,0.2888,0.2888,615.3,16230,16230,0
AquaCultureRd_TON_12.03.25_LS,TON,1355,0,false,1,0.02,0.1092,0.1092,701.2,17044,17044,0
AquaCultureRd_TON_12.03.25_LS,TON,1356,0,false,1,0.02,0.1568,0.1568,284.5,17129,17129,0
AquaCultureRd_TON_12.03.25_LS,TON,1357,0,false,3,0.43,0.2229,0.2229,953.5,17413,17438,0
AquaCultureRd_TON_12.03.25_LS,TON,1358,0,duplicate,1,0.02,0.1104,0.1104,1144.2,18725,18725,1
AquaCultureRd_TON_12.03.25_LS,TON,1359,0,false,2,0.07,0.1259,0.1259,611.5,18760,18763,0
AquaCultureRd_TON_12.03.25_LS,TON,1360,0,false,1,0.02,0.1072,0.1072,970.5,18776,18776,0
AquaCultureRd_TON_12.03.25_LS,TON,1361,1,primary,33,0.57,0.1615,0.236,293.5,18923,18956,19
AquaCultureRd_TON_12.03.25_LS,TON,1362,0,false,1,0.02,0.1105,0.1105,456.5,19059,19059,0
AquaCultureRd_TON_12.03.25_LS,TON,1363,0,false,1,0.02,0.1132,0.1132,228.0,19599,19599,0
ChipsRd_TON_12.03.25_LS,TON,5,0,false,3,0.05,0.3367,0.3367,1351.8,464,466,0
ChipsRd_TON_12.03.25_LS,TON,17,0,false,6,0.1,0.4338,0.4949,908.8,489,494,0
ChipsRd_TON_12.03.25_LS,TON,41,0,false,1,0.02,0.3896,0.3896,574.9,987,987,0
ChipsRd_TON_12.03.25_LS,TON,50,0,duplicate,6,0.15,0.5063,0.5612,1259.1,1100,1108,6
ChipsRd_TON_12.03.25_LS,TON,54,0,duplicate,2,0.03,0.4959,0.4959,905.2,1177,1178,2
ChipsRd_TON_12.03.25_LS,TON,56,0,duplicate,5,0.08,0.4793,0.4793,1067.1,1186,1190,5
ChipsRd_TON_12.03.25_LS,TON,70,0,duplicate,21,0.42,0.4716,0.6682,1460.5,1238,1262,21
ChipsRd_TON_12.03.25_LS,TON,89,0,false,1,0.02,0.4252,0.4252,276.6,1503,1503,0
ChipsRd_TON_12.03.25_LS,TON,115,0,false,1,0.02,0.4827,0.4827,1371.9,2588,2588,0
ChipsRd_TON_12.03.25_LS,TON,168,0,false,2,0.03,0.5629,0.5629,668.5,4021,4022,0
ChipsRd_TON_12.03.25_LS,TON,194,0,false,1,0.02,0.6244,0.6244,599.9,8016,8016,0
ChipsRd_TON_12.03.25_LS,TON,198,0,false,3,0.05,0.3,0.3,614.1,8040,8042,0
ChipsRd_TON_12.03.25_LS,TON,203,0,false,1,0.02,0.4481,0.4481,666.3,8188,8188,0
ChipsRd_TON_12.03.25_LS,TON,217,0,false,21,0.4,0.3629,0.4982,810.9,8582,8605,0
ChipsRd_TON_12.03.25_LS,TON,230,0,false,3,0.07,0.4419,0.4419,1226.6,8668,8671,0
ChipsRd_TON_12.03.25_LS,TON,1230,0,false,1,0.02,0.1036,0.1036,634.7,56,56,0
ChipsRd_TON_12.03.25_LS,TON,1231,0,false,4,0.47,0.1757,0.1757,418.3,198,225,0
ChipsRd_TON_12.03.25_LS,TON,1232,0,false,1,0.02,0.1139,0.1139,662.2,263,263,0
ChipsRd_TON_12.03.25_LS,TON,1233,0,false,1,0.02,0.186,0.186,636.1,299,299,0
ChipsRd_TON_12.03.25_LS,TON,1234,0,false,5,0.4,0.2592,0.2592,1281.7,461,484,0
ChipsRd_TON_12.03.25_LS,TON,1235,0,false,2,0.05,0.2624,0.2624,609.4,473,475,0
ChipsRd_TON_12.03.25_LS,TON,1236,0,false,13,0.97,0.1975,0.2939,881.8,477,534,0
ChipsRd_TON_12.03.25_LS,TON,1237,0,false,9,0.65,0.2363,0.319,621.6,480,518,0
ChipsRd_TON_12.03.25_LS,TON,1238,0,false,7,0.1,0.1814,0.2006,1160.1,483,488,0
ChipsRd_TON_12.03.25_LS,TON,1239,0,false,1,0.02,0.2152,0.2152,798.0,506,506,0
ChipsRd_TON_12.03.25_LS,TON,1240,0,false,1,0.02,0.1164,0.1164,283.0,526,526,0
ChipsRd_TON_12.03.25_LS,TON,1241,0,false,1,0.02,0.1068,0.1068,550.6,567,567,0
ChipsRd_TON_12.03.25_LS,TON,1242,0,false,1,0.02,0.1225,0.1225,429.9,729,729,0
ChipsRd_TON_12.03.25_LS,TON,1243,0,false,1,0.02,0.2475,0.2475,946.9,758,758,0
ChipsRd_TON_12.03.25_LS,TON,1244,0,false,5,0.28,0.1631,0.1631,374.6,771,787,0
ChipsRd_TON_12.03.25_LS,TON,1245,0,false,4,0.07,0.3725,0.3725,340.8,781,784,0
ChipsRd_TON_12.03.25_LS,TON,1246,0,false,2,0.02,0.1384,0.1384,373.4,783,783,0
ChipsRd_TON_12.03.25_LS,TON,1247,0,false,5,0.08,0.2955,0.2955,247.0,902,906,0
ChipsRd_TON_12.03.25_LS,TON,1248,0,false,1,0.02,0.1026,0.1026,261.3,963,963,0
ChipsRd_TON_12.03.25_LS,TON,1249,0,false,1,0.02,0.1072,0.1072,196.0,964,964,0
ChipsRd_TON_12.03.25_LS,TON,1250,0,false,1,0.02,0.1044,0.1044,197.2,965,965,0
ChipsRd_TON_12.03.25_LS,TON,1251,0,false,5,0.33,0.1875,0.1875,592.9,986,1005,0
ChipsRd_TON_12.03.25_LS,TON,1252,0,false,1,0.02,0.1204,0.1204,620.7,1011,1011,0
ChipsRd_TON_12.03.25_LS,TON,1253,0,false,7,0.08,0.1977,0.2198,617.4,1052,1056,0
ChipsRd_TON_12.03.25_LS,TON,1254,0,duplicate,2,0.07,0.4209,0.4209,1288.7,1099,1102,2
ChipsRd_TON_12.03.25_LS,TON,1255,0,false,1,0.02,0.1066,0.1066,696.0,1118,1118,0
ChipsRd_TON_12.03.25_LS,TON,1256,1,primary,28,1.57,0.2236,0.3969,1071.7,1174,1267,25
ChipsRd_TON_12.03.25_LS,TON,1257,0,false,2,0.03,0.1225,0.1225,390.5,1412,1413,0
ChipsRd_TON_12.03.25_LS,TON,1258,0,false,2,0.48,0.1778,0.1778,245.4,1444,1472,0
ChipsRd_TON_12.03.25_LS,TON,1259,0,false,3,0.1,0.2673,0.2673,345.5,1449,1454,0
ChipsRd_TON_12.03.25_LS,TON,1260,0,false,1,0.02,0.1969,0.1969,323.1,1449,1449,0
ChipsRd_TON_12.03.25_LS,TON,1261,0,false,2,0.03,0.2687,0.2687,317.6,1453,1454,0
ChipsRd_TON_12.03.25_LS,TON,1262,0,false,2,0.03,0.1787,0.1787,265.0,1482,1483,0
ChipsRd_TON_12.03.25_LS,TON,1263,0,false,3,0.03,0.188,0.188,341.0,1487,1488,0
ChipsRd_TON_12.03.25_LS,TON,1264,0,false,6,0.13,0.2508,0.2754,250.4,1494,1501,0
ChipsRd_TON_12.03.25_LS,TON,1265,0,false,5,0.35,0.1412,0.1412,288.6,1494,1514,0
ChipsRd_TON_12.03.25_LS,TON,1266,0,false,1,0.02,0.1102,0.1102,224.4,1501,1501,0
ChipsRd_TON_12.03.25_LS,TON,1267,0,false,1,0.02,0.3684,0.3684,290.5,1502,1502,0
ChipsRd_TON_12.03.25_LS,TON,1268,0,false,3,0.05,0.1435,0.1435,192.5,1509,1511,0
ChipsRd_TON_12.03.25_LS,TON,1269,0,false,1,0.02,0.1427,0.1427,460.4,1633,1633,0
ChipsRd_TON_12.03.25_LS,TON,1270,0,false,4,0.2,0.2139,0.2139,402.1,1633,1644,0
ChipsRd_TON_12.03.25_LS,TON,1271,0,false,2,0.07,0.1794,0.1794,439.4,1638,1641,0
ChipsRd_TON_12.03.25_LS,TON,1272,0,false,3,0.05,0.3841,0.3841,386.4,1643,1645,0
ChipsRd_TON_12.03.25_LS,TON,1273,0,false,1,0.02,0.1754,0.1754,357.8,1657,1657,0
ChipsRd_TON_12.03.25_LS,TON,1274,0,false,1,0.02,0.1478,0.1478,398.2,1660,1660,0
ChipsRd_TON_12.03.25_LS,TON,1275,0,false,2,0.03,0.1839,0.1839,691.5,1682,1683,0
ChipsRd_TON_12.03.25_LS,TON,1276,0,false,1,0.02,0.2821,0.2821,275.0,1689,1689,0
ChipsRd_TON_12.03.25_LS,TON,1277,0,false,1,0.02,0.1531,0.1531,309.8,1695,1695,0
ChipsRd_TON_12.03.25_LS,TON,1278,0,false,2,0.07,0.1602,0.1602,462.7,1699,1702,0
ChipsRd_TON_12.03.25_LS,TON,1279,0,false,5,0.07,0.1371,0.1371,458.8,1740,1743,0
ChipsRd_TON_12.03.25_LS,TON,1280,0,false,2,0.03,0.1774,0.1774,432.5,1842,1843,0
ChipsRd_TON_12.03.25_LS,TON,1281,0,false,1,0.02,0.1489,0.1489,452.4,1931,1931,0
ChipsRd_TON_12.03.25_LS,TON,1282,0,false,1,0.02,0.2379,0.2379,365.4,1937,1937,0
ChipsRd_TON_12.03.25_LS,TON,1283,0,false,4,0.07,0.315,0.315,4181.3,1995,1998,0
ChipsRd_TON_12.03.25_LS,TON,1284,0,false,2,0.05,0.1363,0.1363,582.6,2379,2381,0
ChipsRd_TON_12.03.25_LS,TON,1285,0,false,1,0.02,0.156,0.156,548.3,2388,2388,0
ChipsRd_TON_12.03.25_LS,TON,1286,0,false,2,0.03,0.22,0.22,349.3,2533,2534,0
ChipsRd_TON_12.03.25_LS,TON,1287,0,false,3,0.07,0.2158,0.2158,1720.1,2587,2590,0
ChipsRd_TON_12.03.25_LS,TON,1288,0,false,3,0.33,0.1308,0.1308,430.6,2668,2687,0
ChipsRd_TON_12.03.25_LS,TON,1289,0,false,8,1.03,0.2169,0.2668,551.3,2692,2753,0
ChipsRd_TON_12.03.25_LS,TON,1290,0,false,1,0.02,0.3388,0.3388,1085.0,2751,2751,0
ChipsRd_TON_12.03.25_LS,TON,1291,0,false,1,0.02,0.1266,0.1266,336.1,2955,2955,0
ChipsRd_TON_12.03.25_LS,TON,1292,0,false,4,0.07,0.1806,0.1806,1292.9,3124,3127,0
ChipsRd_TON_12.03.25_LS,TON,1293,0,false,1,0.02,0.1851,0.1851,561.7,3135,3135,0
ChipsRd_TON_12.03.25_LS,TON,1294,0,false,4,0.32,0.1304,0.1304,347.4,3179,3197,0
ChipsRd_TON_12.03.25_LS,TON,1295,0,false,3,0.05,0.1226,0.1226,206.9,3202,3204,0
ChipsRd_TON_12.03.25_LS,TON,1296,0,false,1,0.02,0.2034,0.2034,820.6,3220,3220,0
ChipsRd_TON_12.03.25_LS,TON,1297,0,false,3,0.1,0.1632,0.1632,275.8,3240,3245,0
ChipsRd_TON_12.03.25_LS,TON,1298,0,false,32,1.03,0.1889,0.3356,296.2,3320,3381,0
ChipsRd_TON_12.03.25_LS,TON,1299,0,false,1,0.02,0.3134,0.3134,449.0,3351,3351,0
ChipsRd_TON_12.03.25_LS,TON,1300,0,false,1,0.02,0.1381,0.1381,311.4,3455,3455,0
ChipsRd_TON_12.03.25_LS,TON,1301,0,false,1,0.02,0.107,0.107,145.9,3533,3533,0
ChipsRd_TON_12.03.25_LS,TON,1302,0,false,3,0.18,0.1201,0.1201,342.0,3576,3586,0
ChipsRd_TON_12.03.25_LS,TON,1303,0,false,1,0.02,0.1519,0.1519,467.7,3617,3617,0
ChipsRd_TON_12.03.25_LS,TON,1304,0,false,3,0.05,0.2446,0.2446,332.2,3623,3625,0
ChipsRd_TON_12.03.25_LS,TON,1305,0,false,17,1.02,0.1619,0.2548,761.9,3960,4020,0
ChipsRd_TON_12.03.25_LS,TON,1306,0,false,5,0.08,0.1956,0.1956,751.9,4063,4067,0
ChipsRd_TON_12.03.25_LS,TON,1307,0,false,2,0.05,0.2017,0.2017,370.5,4879,4881,0
ChipsRd_TON_12.03.25_LS,TON,1308,0,false,2,0.2,0.1491,0.1491,461.0,5093,5104,0
ChipsRd_TON_12.03.25_LS,TON,1309,0,false,2,0.15,0.2443,0.2443,422.1,5130,5138,0
ChipsRd_TON_12.03.25_LS,TON,1310,0,false,2,0.03,0.1599,0.1599,395.4,5157,5158,0
ChipsRd_TON_12.03.25_LS,TON,1311,0,false,5,0.1,0.1707,0.1707,3336.2,5163,5168,0
ChipsRd_TON_12.03.25_LS,TON,1312,0,false,1,0.02,0.1636,0.1636,581.9,6085,6085,0
ChipsRd_TON_12.03.25_LS,TON,1313,0,false,1,0.02,0.1177,0.1177,812.1,6150,6150,0
ChipsRd_TON_12.03.25_LS,TON,1314,0,false,1,0.02,0.1253,0.1253,441.7,6260,6260,0
ChipsRd_TON_12.03.25_LS,TON,1315,0,false,1,0.02,0.2336,0.2336,1003.9,6682,6682,0
ChipsRd_TON_12.03.25_LS,TON,1316,0,false,1,0.02,0.138,0.138,760.5,6832,6832,0
ChipsRd_TON_12.03.25_LS,TON,1317,0,false,1,0.02,0.1012,0.1012,3552.1,6930,6930,0
ChipsRd_TON_12.03.25_LS,TON,1318,0,false,3,0.1,0.1236,0.1236,435.2,7104,7109,0
ChipsRd_TON_12.03.25_LS,TON,1319,0,false,1,0.02,0.1311,0.1311,531.6,7139,7139,0
ChipsRd_TON_12.03.25_LS,TON,1320,0,false,1,0.02,0.1428,0.1428,651.3,7155,7155,0
ChipsRd_TON_12.03.25_LS,TON,1321,0,false,1,0.02,0.1505,0.1505,1558.1,7222,7222,0
ChipsRd_TON_12.03.25_LS,TON,1322,0,false,2,0.38,0.1515,0.1515,674.8,7321,7343,0
ChipsRd_TON_12.03.25_LS,TON,1323,0,false,1,0.02,0.1049,0.1049,290.4,7475,7475,0
ChipsRd_TON_12.03.25_LS,TON,1324,0,false,1,0.02,0.1161,0.1161,800.7,7509,7509,0
ChipsRd_TON_12.03.25_LS,TON,1325,0,false,1,0.02,0.132,0.132,839.4,7560,7560,0
ChipsRd_TON_12.03.25_LS,TON,1326,0,false,1,0.02,0.1296,0.1296,842.0,7560,7560,0
ChipsRd_TON_12.03.25_LS,TON,1327,0,false,3,0.07,0.1894,0.1894,599.4,7584,7587,0
ChipsRd_TON_12.03.25_LS,TON,1328,0,false,2,0.03,0.1928,0.1928,705.8,7692,7693,0
ChipsRd_TON_12.03.25_LS,TON,1329,0,false,1,0.02,0.2496,0.2496,1351.0,7739,7739,0
ChipsRd_TON_12.03.25_LS,TON,1330,0,false,3,0.05,0.1456,0.1456,748.7,7794,7796,0
ChipsRd_TON_12.03.25_LS,TON,1331,0,false,2,0.18,0.1488,0.1488,806.7,7810,7820,0
ChipsRd_TON_12.03.25_LS,TON,1332,0,false,2,0.03,0.1096,0.1096,290.9,7890,7891,0
ChipsRd_TON_12.03.25_LS,TON,1333,0,false,2,0.03,0.2853,0.2853,1325.3,7922,7923,0
ChipsRd_TON_12.03.25_LS,TON,1334,0,false,2,0.4,0.1288,0.1288,939.7,7935,7958,0
ChipsRd_TON_12.03.25_LS,TON,1335,0,false,8,0.53,0.2409,0.3077,670.3,8015,8046,0
ChipsRd_TON_12.03.25_LS,TON,1336,0,false,5,0.48,0.1443,0.1443,568.4,8044,8072,0
ChipsRd_TON_12.03.25_LS,TON,1337,0,false,2,0.07,0.3215,0.3215,678.4,8184,8187,0
ChipsRd_TON_12.03.25_LS,TON,1338,0,false,1,0.02,0.1428,0.1428,572.4,8204,8204,0
ChipsRd_TON_12.03.25_LS,TON,1339,0,false,1,0.02,0.2076,0.2076,1485.0,8212,8212,0
ChipsRd_TON_12.03.25_LS,TON,1340,0,false,1,0.02,0.1059,0.1059,988.4,8254,8254,0
ChipsRd_TON_12.03.25_LS,TON,1341,0,false,1,0.02,0.3171,0.3171,567.0,8263,8263,0
ChipsRd_TON_12.03.25_LS,TON,1342,0,false,1,0.02,0.1262,0.1262,2632.6,8276,8276,0
ChipsRd_TON_12.03.25_LS,TON,1343,0,false,1,0.02,0.1163,0.1163,708.2,8308,8308,0
ChipsRd_TON_12.03.25_LS,TON,1344,0,false,1,0.02,0.1765,0.1765,508.6,8336,8336,0
ChipsRd_TON_12.03.25_LS,TON,1345,0,false,1,0.02,0.4435,0.4435,457.8,8432,8432,0
ChipsRd_TON_12.03.25_LS,TON,1346,0,false,2,0.2,0.1195,0.1195,536.2,8493,8504,0
ChipsRd_TON_12.03.25_LS,TON,1347,0,false,1,0.02,0.2941,0.2941,572.1,8557,8557,0
ChipsRd_TON_12.03.25_LS,TON,1348,0,false,15,0.62,0.244,0.3595,646.4,8570,8606,0
ChipsRd_TON_12.03.25_LS,TON,1349,0,false,1,0.02,0.2007,0.2007,627.7,8601,8601,0
ChipsRd_TON_12.03.25_LS,TON,1350,0,false,15,1.25,0.1736,0.2557,884.2,8632,8706,0
ChipsRd_TON_12.03.25_LS,TON,1351,0,false,3,0.15,0.1455,0.1455,555.1,8643,8651,0
ChipsRd_TON_12.03.25_LS,TON,1352,0,false,3,0.07,0.2779,0.2779,982.9,8651,8654,0
ChipsRd_TON_12.03.25_LS,TON,1353,0,false,9,0.3,0.1861,0.2272,675.2,8731,8748,0
ChipsRd_TON_12.03.25_LS,TON,1354,0,false,1,0.02,0.1678,0.1678,603.4,8823,8823,0
ChipsRd_TON_12.03.25_LS,TON,1355,0,false,1,0.02,0.1583,0.1583,745.1,9066,9066,0
ChipsRd_TON_12.03.25_LS,TON,1356,0,false,1,0.02,0.2373,0.2373,473.2,9159,9159,0
ChipsRd_TON_12.03.25_LS,TON,1357,0,false,1,0.02,0.1596,0.1596,1094.9,9207,9207,0
EMarseilles_MAS_12.22.25_LS_V1,MAS,4,0,false,1,0.02,0.3838,0.3838,1982.5,430,430,0
EMarseilles_MAS_12.22.25_LS_V1,MAS,15,0,false,1,0.02,0.3686,0.3686,742.6,1715,1715,0
EMarseilles_MAS_12.22.25_LS_V1,MAS,79,0,false,1,0.02,0.6081,0.6081,1486.6,16436,16436,0
EMarseilles_MAS_12.22.25_LS_V1,MAS,85,0,false,1,0.02,0.553,0.553,2358.6,16448,16448,0
EMarseilles_MAS_12.22.25_LS_V1,MAS,86,0,false,3,0.05,0.6008,0.6008,2334.0,16450,16452,0
EMarseilles_MAS_12.22.25_LS_V1,MAS,110,1,primary,50,0.83,0.7802,0.8449,8396.7,17460,17509,44
EMarseilles_MAS_12.22.25_LS_V1,MAS,113,0,false,5,0.23,0.5541,0.5541,1811.8,17630,17643,0
EMarseilles_MAS_12.22.25_LS_V1,MAS,114,0,false,4,0.07,0.502,0.502,1620.0,17632,17635,0
EMarseilles_MAS_12.22.25_LS_V1,MAS,128,0,false,1,0.02,0.5813,0.5813,1170.4,17659,17659,0
EMarseilles_MAS_12.22.25_LS_V1,MAS,130,0,false,1,0.02,0.5056,0.5056,1501.7,17662,17662,0
EMarseilles_MAS_12.22.25_LS_V1,MAS,1130,0,false,1,0.02,0.1653,0.1653,1217.5,82,82,0
EMarseilles_MAS_12.22.25_LS_V1,MAS,1131,0,false,1,0.02,0.2298,0.2298,1671.9,237,237,0
EMarseilles_MAS_12.22.25_LS_V1,MAS,1132,0,false,1,0.02,0.1595,0.1595,1709.4,348,348,0
EMarseilles_MAS_12.22.25_LS_V1,MAS,1133,0,false,3,0.22,0.3248,0.3248,2009.0,429,441,0
EMarseilles_MAS_12.22.25_LS_V1,MAS,1134,0,false,2,0.03,0.1164,0.1164,1134.9,447,448,0
EMarseilles_MAS_12.22.25_LS_V1,MAS,1135,0,false,1,0.02,0.1353,0.1353,1796.4,517,517,0
EMarseilles_MAS_12.22.25_LS_V1,MAS,1136,0,false,8,0.52,0.2269,0.2805,1366.5,550,580,0
EMarseilles_MAS_12.22.25_LS_V1,MAS,1137,0,false,6,0.18,0.1896,0.2068,1059.8,555,565,0
EMarseilles_MAS_12.22.25_LS_V1,MAS,1138,0,false,1,0.02,0.1075,0.1075,2076.0,1018,1018,0
EMarseilles_MAS_12.22.25_LS_V1,MAS,1139,0,false,4,0.18,0.2069,0.2069,730.8,1712,1722,0
EMarseilles_MAS_12.22.25_LS_V1,MAS,1140,0,false,1,0.02,0.1195,0.1195,1241.4,1790,1790,0
EMarseilles_MAS_12.22.25_LS_V1,MAS,1141,0,false,2,0.03,0.2773,0.2773,2335.5,2340,2341,0
EMarseilles_MAS_12.22.25_LS_V1,MAS,1142,0,false,1,0.02,0.1088,0.1088,1078.9,2451,2451,0
EMarseilles_MAS_12.22.25_LS_V1,MAS,1143,0,false,1,0.02,0.1613,0.1613,914.5,2509,2509,0
EMarseilles_MAS_12.22.25_LS_V1,MAS,1144,0,false,1,0.02,0.2869,0.2869,3279.5,2556,2556,0
EMarseilles_MAS_12.22.25_LS_V1,MAS,1145,0,false,2,0.03,0.2042,0.2042,2708.1,2664,2665,0
EMarseilles_MAS_12.22.25_LS_V1,MAS,1146,0,false,1,0.02,0.2776,0.2776,2649.5,3054,3054,0
EMarseilles_MAS_12.22.25_LS_V1,MAS,1147,0,false,2,0.07,0.103,0.103,720.3,3060,3063,0
EMarseilles_MAS_12.22.25_LS_V1,MAS,1148,0,false,2,0.03,0.2702,0.2702,2249.6,4132,4133,0
EMarseilles_MAS_12.22.25_LS_V1,MAS,1149,0,false,1,0.02,0.2006,0.2006,2159.3,5624,5624,0
EMarseilles_MAS_12.22.25_LS_V1,MAS,1150,0,false,2,0.08,0.2445,0.2445,2280.5,5716,5720,0
EMarseilles_MAS_12.22.25_LS_V1,MAS,1151,0,false,1,0.02,0.1216,0.1216,647.2,5837,5837,0
EMarseilles_MAS_12.22.25_LS_V1,MAS,1152,0,false,1,0.02,0.2057,0.2057,2213.4,6072,6072,0
EMarseilles_MAS_12.22.25_LS_V1,MAS,1153,0,false,1,0.02,0.3661,0.3661,2008.7,6143,6143,0
EMarseilles_MAS_12.22.25_LS_V1,MAS,1154,0,false,1,0.02,0.4091,0.4091,2311.4,6159,6159,0
EMarseilles_MAS_12.22.25_LS_V1,MAS,1155,0,false,1,0.02,0.1063,0.1063,11351.3,6237,6237,0
EMarseilles_MAS_12.22.25_LS_V1,MAS,1156,0,false,2,0.17,0.1555,0.1555,3037.3,6288,6297,0
EMarseilles_MAS_12.22.25_LS_V1,MAS,1157,0,false,5,0.3,0.2529,0.2529,2461.6,6352,6369,0
EMarseilles_MAS_12.22.25_LS_V1,MAS,1158,0,false,1,0.02,0.1151,0.1151,10261.4,6654,6654,0
EMarseilles_MAS_12.22.25_LS_V1,MAS,1159,0,false,1,0.02,0.1196,0.1196,3703.4,6824,6824,0
EMarseilles_MAS_12.22.25_LS_V1,MAS,1160,0,false,1,0.02,0.1786,0.1786,5017.0,7835,7835,0
EMarseilles_MAS_12.22.25_LS_V1,MAS,1161,0,false,1,0.02,0.2268,0.2268,791.4,7876,7876,0
EMarseilles_MAS_12.22.25_LS_V1,MAS,1162,0,false,1,0.02,0.1221,0.1221,5774.4,8112,8112,0
EMarseilles_MAS_12.22.25_LS_V1,MAS,1163,0,false,1,0.02,0.1212,0.1212,4494.6,8278,8278,0
EMarseilles_MAS_12.22.25_LS_V1,MAS,1164,0,false,1,0.02,0.4521,0.4521,1161.6,8452,8452,0
EMarseilles_MAS_12.22.25_LS_V1,MAS,1165,0,false,1,0.02,0.1902,0.1902,5097.6,8501,8501,0
EMarseilles_MAS_12.22.25_LS_V1,MAS,1166,0,false,1,0.02,0.102,0.102,1200.4,8764,8764,0
EMarseilles_MAS_12.22.25_LS_V1,MAS,1167,0,false,1,0.02,0.1498,0.1498,1052.5,9276,9276,0
EMarseilles_MAS_12.22.25_LS_V1,MAS,1168,0,false,1,0.02,0.1224,0.1224,788.2,10134,10134,0
EMarseilles_MAS_12.22.25_LS_V1,MAS,1169,0,false,2,0.13,0.2378,0.2378,3401.5,10280,10287,0
EMarseilles_MAS_12.22.25_LS_V1,MAS,1170,0,false,1,0.02,0.1008,0.1008,1725.2,10344,10344,0
EMarseilles_MAS_12.22.25_LS_V1,MAS,1171,0,false,1,0.02,0.2695,0.2695,1973.1,10350,10350,0
EMarseilles_MAS_12.22.25_LS_V1,MAS,1172,0,false,2,0.03,0.2751,0.2751,1956.6,10362,10363,0
EMarseilles_MAS_12.22.25_LS_V1,MAS,1173,0,false,1,0.02,0.2756,0.2756,1111.7,10801,10801,0
EMarseilles_MAS_12.22.25_LS_V1,MAS,1174,0,false,1,0.02,0.1459,0.1459,1780.5,10840,10840,0
EMarseilles_MAS_12.22.25_LS_V1,MAS,1175,0,false,1,0.02,0.2107,0.2107,2086.6,10967,10967,0
EMarseilles_MAS_12.22.25_LS_V1,MAS,1176,0,false,1,0.02,0.1051,0.1051,1706.4,11036,11036,0
EMarseilles_MAS_12.22.25_LS_V1,MAS,1177,0,false,1,0.02,0.1806,0.1806,1557.5,11051,11051,0
EMarseilles_MAS_12.22.25_LS_V1,MAS,1178,0,false,1,0.02,0.171,0.171,2374.6,11117,11117,0
EMarseilles_MAS_12.22.25_LS_V1,MAS,1179,0,false,1,0.02,0.2499,0.2499,1213.4,11302,11302,0
EMarseilles_MAS_12.22.25_LS_V1,MAS,1180,0,false,2,0.03,0.1932,0.1932,1584.9,11403,11404,0
EMarseilles_MAS_12.22.25_LS_V1,MAS,1181,0,false,1,0.02,0.2469,0.2469,1379.0,11410,11410,0
EMarseilles_MAS_12.22.25_LS_V1,MAS,1182,0,false,1,0.02,0.1843,0.1843,2705.4,11453,11453,0
EMarseilles_MAS_12.22.25_LS_V1,MAS,1183,0,false,1,0.02,0.1014,0.1014,922.4,11581,11581,0
EMarseilles_MAS_12.22.25_LS_V1,MAS,1184,0,false,1,0.02,0.1106,0.1106,1057.4,11823,11823,0
EMarseilles_MAS_12.22.25_LS_V1,MAS,1185,0,false,1,0.02,0.1358,0.1358,1011.1,11905,11905,0
EMarseilles_MAS_12.22.25_LS_V1,MAS,1186,0,false,1,0.02,0.1094,0.1094,1497.1,12588,12588,0
EMarseilles_MAS_12.22.25_LS_V1,MAS,1187,0,false,6,0.1,0.2114,0.2328,2203.4,12639,12644,0
EMarseilles_MAS_12.22.25_LS_V1,MAS,1188,0,false,2,0.03,0.1891,0.1891,1347.1,12883,12884,0
EMarseilles_MAS_12.22.25_LS_V1,MAS,1189,0,false,1,0.02,0.1256,0.1256,1149.0,13140,13140,0
EMarseilles_MAS_12.22.25_LS_V1,MAS,1190,0,false,1,0.02,0.2424,0.2424,1592.3,13259,13259,0
EMarseilles_MAS_12.22.25_LS_V1,MAS,1191,0,false,2,0.15,0.2035,0.2035,1053.6,13376,13384,0
EMarseilles_MAS_12.22.25_LS_V1,MAS,1192,0,false,7,0.18,0.1368,0.1459,1216.4,13573,13583,0
EMarseilles_MAS_12.22.25_LS_V1,MAS,1193,0,false,3,0.05,0.2037,0.2037,1128.0,13627,13629,0
EMarseilles_MAS_12.22.25_LS_V1,MAS,1194,0,false,1,0.02,0.1388,0.1388,1231.5,13633,13633,0
EMarseilles_MAS_12.22.25_LS_V1,MAS,1195,0,false,1,0.02,0.459,0.459,1574.2,13828,13828,0
EMarseilles_MAS_12.22.25_LS_V1,MAS,1196,0,false,5,0.17,0.1487,0.1487,691.9,13864,13873,0
EMarseilles_MAS_12.22.25_LS_V1,MAS,1197,0,false,2,0.03,0.1481,0.1481,1536.5,13905,13906,0
EMarseilles_MAS_12.22.25_LS_V1,MAS,1198,0,false,1,0.02,0.1247,0.1247,1147.6,13920,13920,0
EMarseilles_MAS_12.22.25_LS_V1,MAS,1199,0,false,2,0.12,0.2495,0.2495,1241.5,14052,14058,0
EMarseilles_MAS_12.22.25_LS_V1,MAS,1200,0,false,2,0.07,0.1398,0.1398,1674.9,14848,14851,0
EMarseilles_MAS_12.22.25_LS_V1,MAS,1201,0,false,2,0.22,0.1264,0.1264,1118.0,14890,14902,0
EMarseilles_MAS_12.22.25_LS_V1,MAS,1202,0,false,1,0.02,0.1777,0.1777,1560.9,14966,14966,0
EMarseilles_MAS_12.22.25_LS_V1,MAS,1203,0,false,1,0.02,0.205,0.205,1490.2,15156,15156,0
EMarseilles_MAS_12.22.25_LS_V1,MAS,1204,0,false,1,0.02,0.2116,0.2116,802.2,15526,15526,0
EMarseilles_MAS_12.22.25_LS_V1,MAS,1205,0,false,3,0.18,0.1138,0.1138,1865.8,15861,15871,0
EMarseilles_MAS_12.22.25_LS_V1,MAS,1206,0,false,1,0.02,0.142,0.142,1591.6,15943,15943,0
EMarseilles_MAS_12.22.25_LS_V1,MAS,1207,0,false,2,0.03,0.1227,0.1227,691.5,16165,16166,0
EMarseilles_MAS_12.22.25_LS_V1,MAS,1208,0,false,1,0.02,0.3639,0.3639,651.7,16171,16171,0
EMarseilles_MAS_12.22.25_LS_V1,MAS,1209,0,false,22,0.55,0.462,0.6765,2072.9,16435,16467,0
EMarseilles_MAS_12.22.25_LS_V1,MAS,1210,0,false,5,0.12,0.2446,0.2446,592.3,16527,16533,0
EMarseilles_MAS_12.22.25_LS_V1,MAS,1211,0,false,1,0.02,0.1205,0.1205,1089.8,16593,16593,0
EMarseilles_MAS_12.22.25_LS_V1,MAS,1212,0,false,2,0.05,0.208,0.208,755.5,16813,16815,0
EMarseilles_MAS_12.22.25_LS_V1,MAS,1213,0,false,3,0.03,0.3694,0.3694,1862.0,16827,16828,0
EMarseilles_MAS_12.22.25_LS_V1,MAS,1214,0,false,1,0.02,0.1478,0.1478,1843.8,16836,16836,0
EMarseilles_MAS_12.22.25_LS_V1,MAS,1215,0,false,1,0.02,0.2279,0.2279,443.5,16852,16852,0
EMarseilles_MAS_12.22.25_LS_V1,MAS,1216,0,false,2,0.03,0.141,0.141,1399.7,17396,17397,0
EMarseilles_MAS_12.22.25_LS_V1,MAS,1217,0,false,1,0.02,0.3706,0.3706,2711.1,17459,17459,0
EMarseilles_MAS_12.22.25_LS_V1,MAS,1218,0,false,1,0.02,0.1048,0.1048,2449.1,17510,17510,0
EMarseilles_MAS_12.22.25_LS_V1,MAS,1219,0,false,22,0.58,0.3318,0.5423,1495.2,17629,17663,0
EMarseilles_MAS_12.22.25_LS_V2,MAS,40,0,false,1,0.02,0.5845,0.5845,601.7,6587,6587,0
EMarseilles_MAS_12.22.25_LS_V2,MAS,75,0,false,1,0.02,0.7025,0.7025,1611.7,9145,9145,0
EMarseilles_MAS_12.22.25_LS_V2,MAS,79,0,false,1,0.02,0.547,0.547,1025.5,9197,9197,0
EMarseilles_MAS_12.22.25_LS_V2,MAS,100,0,false,2,0.03,0.6312,0.6312,1596.4,9780,9781,0
EMarseilles_MAS_12.22.25_LS_V2,MAS,1100,0,false,3,0.12,0.1916,0.1916,1710.5,1031,1037,0
EMarseilles_MAS_12.22.25_LS_V2,MAS,1101,0,false,2,0.03,0.2626,0.2626,629.9,1240,1241,0
EMarseilles_MAS_12.22.25_LS_V2,MAS,1102,0,false,1,0.02,0.1093,0.1093,1696.8,1428,1428,0
EMarseilles_MAS_12.22.25_LS_V2,MAS,1103,0,false,1,0.02,0.1151,0.1151,583.5,1824,1824,0
EMarseilles_MAS_12.22.25_LS_V2,MAS,1104,0,false,1,0.02,0.3722,0.3722,2001.5,1938,1938,0
EMarseilles_MAS_12.22.25_LS_V2,MAS,1105,0,false,1,0.02,0.1521,0.1521,2109.6,2403,2403,0
EMarseilles_MAS_12.22.25_LS_V2,MAS,1106,0,false,1,0.02,0.1828,0.1828,628.7,2819,2819,0
EMarseilles_MAS_12.22.25_LS_V2,MAS,1107,0,false,1,0.02,0.11,0.11,1140.6,2930,2930,0
EMarseilles_MAS_12.22.25_LS_V2,MAS,1108,0,false,2,0.03,0.135,0.135,1834.1,3332,3333,0
EMarseilles_MAS_12.22.25_LS_V2,MAS,1109,0,false,2,0.03,0.1181,0.1181,1571.6,3343,3344,0
EMarseilles_MAS_12.22.25_LS_V2,MAS,1110,0,false,1,0.02,0.3323,0.3323,790.2,3556,3556,0
EMarseilles_MAS_12.22.25_LS_V2,MAS,1111,0,false,4,0.07,0.1576,0.1576,1672.6,3589,3592,0
EMarseilles_MAS_12.22.25_LS_V2,MAS,1112,0,false,2,0.03,0.1435,0.1435,718.5,3660,3661,0
EMarseilles_MAS_12.22.25_LS_V2,MAS,1113,0,false,1,0.02,0.1578,0.1578,1801.5,3674,3674,0
EMarseilles_MAS_12.22.25_LS_V2,MAS,1114,0,false,1,0.02,0.1677,0.1677,830.6,3853,3853,0
EMarseilles_MAS_12.22.25_LS_V2,MAS,1115,0,false,1,0.02,0.1021,0.1021,832.1,3880,3880,0
EMarseilles_MAS_12.22.25_LS_V2,MAS,1116,0,false,2,0.05,0.2382,0.2382,569.4,3904,3906,0
EMarseilles_MAS_12.22.25_LS_V2,MAS,1117,0,false,1,0.02,0.3569,0.3569,1375.9,3921,3921,0
EMarseilles_MAS_12.22.25_LS_V2,MAS,1118,0,false,1,0.02,0.2015,0.2015,588.2,3929,3929,0
EMarseilles_MAS_12.22.25_LS_V2,MAS,1119,0,false,1,0.02,0.2403,0.2403,859.5,3931,3931,0
EMarseilles_MAS_12.22.25_LS_V2,MAS,1120,0,false,1,0.02,0.1459,0.1459,3333.3,4002,4002,0
EMarseilles_MAS_12.22.25_LS_V2,MAS,1121,0,false,1,0.02,0.4718,0.4718,2080.9,4350,4350,0
EMarseilles_MAS_12.22.25_LS_V2,MAS,1122,0,false,1,0.02,0.2286,0.2286,1574.7,4365,4365,0
EMarseilles_MAS_12.22.25_LS_V2,MAS,1123,0,false,3,0.08,0.2249,0.2249,1093.1,4380,4384,0
EMarseilles_MAS_12.22.25_LS_V2,MAS,1124,0,false,3,0.07,0.2428,0.2428,1872.8,4433,4436,0
EMarseilles_MAS_12.22.25_LS_V2,MAS,1125,0,false,1,0.02,0.5171,0.5171,1772.5,4449,4449,0
EMarseilles_MAS_12.22.25_LS_V2,MAS,1126,0,false,1,0.02,0.1292,0.1292,973.3,4518,4518,0
EMarseilles_MAS_12.22.25_LS_V2,MAS,1127,0,false,1,0.02,0.1462,0.1462,2238.3,4539,4539,0
EMarseilles_MAS_12.22.25_LS_V2,MAS,1128,0,false,2,0.15,0.1178,0.1178,1732.7,4572,4580,0
EMarseilles_MAS_12.22.25_LS_V2,MAS,1129,0,false,1,0.02,0.3318,0.3318,1419.3,4747,4747,0
EMarseilles_MAS_12.22.25_LS_V2,MAS,1130,0,false,2,0.03,0.1326,0.1326,2018.4,5188,5189,0
EMarseilles_MAS_12.22.25_LS_V2,MAS,1131,0,false,1,0.02,0.2921,0.2921,4198.3,5366,5366,0
EMarseilles_MAS_12.22.25_LS_V2,MAS,1132,0,false,3,0.2,0.3677,0.3677,1189.6,5580,5591,0
EMarseilles_MAS_12.22.25_LS_V2,MAS,1133,0,false,1,0.02,0.2163,0.2163,1282.3,5598,5598,0
EMarseilles_MAS_12.22.25_LS_V2,MAS,1134,0,false,5,0.08,0.2783,0.2783,1247.3,5607,5611,0
EMarseilles_MAS_12.22.25_LS_V2,MAS,1135,0,false,1,0.02,0.1424,0.1424,3035.1,5699,5699,0
EMarseilles_MAS_12.22.25_LS_V2,MAS,1136,0,false,1,0.02,0.1344,0.1344,573.8,6157,6157,0
EMarseilles_MAS_12.22.25_LS_V2,MAS,1137,0,false,1,0.02,0.3367,0.3367,2376.6,6244,6244,0
EMarseilles_MAS_12.22.25_LS_V2,MAS,1138,0,false,1,0.02,0.1544,0.1544,4179.4,6433,6433,0
EMarseilles_MAS_12.22.25_LS_V2,MAS,1139,0,false,10,0.23,0.2228,0.2832,755.1,6582,6595,0
EMarseilles_MAS_12.22.25_LS_V2,MAS,1140,0,false,1,0.02,0.2521,0.2521,606.1,6815,6815,0
EMarseilles_MAS_12.22.25_LS_V2,MAS,1141,0,false,3,0.05,0.1414,0.1414,1193.5,7218,7220,0
EMarseilles_MAS_12.22.25_LS_V2,MAS,1142,0,false,1,0.02,0.2587,0.2587,1966.2,7296,7296,0
EMarseilles_MAS_12.22.25_LS_V2,MAS,1143,0,false,1,0.02,0.2745,0.2745,2688.5,7349,7349,0
EMarseilles_MAS_12.22.25_LS_V2,MAS,1144,0,false,3,0.05,0.2672,0.2672,1193.5,7373,7375,0
EMarseilles_MAS_12.22.25_LS_V2,MAS,1145,0,false,1,0.02,0.1308,0.1308,3162.5,7481,7481,0
EMarseilles_MAS_12.22.25_LS_V2,MAS,1146,0,false,2,0.2,0.2306,0.2306,2103.2,7508,7519,0
EMarseilles_MAS_12.22.25_LS_V2,MAS,1147,0,false,1,0.02,0.112,0.112,6471.4,7545,7545,0
EMarseilles_MAS_12.22.25_LS_V2,MAS,1148,0,false,1,0.02,0.1028,0.1028,1261.2,8060,8060,0
EMarseilles_MAS_12.22.25_LS_V2,MAS,1149,0,false,1,0.02,0.1204,0.1204,977.0,8067,8067,0
EMarseilles_MAS_12.22.25_LS_V2,MAS,1150,0,false,1,0.02,0.1552,0.1552,2173.4,8139,8139,0
EMarseilles_MAS_12.22.25_LS_V2,MAS,1151,0,false,2,0.05,0.2186,0.2186,2512.2,8321,8323,0
EMarseilles_MAS_12.22.25_LS_V2,MAS,1152,0,false,1,0.02,0.1409,0.1409,1199.6,8472,8472,0
EMarseilles_MAS_12.22.25_LS_V2,MAS,1153,0,false,3,0.05,0.2163,0.2163,1001.2,8533,8535,0
EMarseilles_MAS_12.22.25_LS_V2,MAS,1154,0,false,1,0.02,0.1687,0.1687,1170.6,8608,8608,0
EMarseilles_MAS_12.22.25_LS_V2,MAS,1155,0,false,2,0.03,0.2672,0.2672,1022.8,8862,8863,0
EMarseilles_MAS_12.22.25_LS_V2,MAS,1156,0,false,1,0.02,0.1002,0.1002,884.0,8880,8880,0
EMarseilles_MAS_12.22.25_LS_V2,MAS,1157,0,false,15,0.45,0.2757,0.4075,1872.7,8935,8961,0
EMarseilles_MAS_12.22.25_LS_V2,MAS,1158,0,false,6,0.25,0.325,0.3569,1373.6,9142,9156,0
EMarseilles_MAS_12.22.25_LS_V2,MAS,1159,0,false,14,0.8,0.25,0.3551,1596.0,9196,9243,0
EMarseilles_MAS_12.22.25_LS_V2,MAS,1160,0,false,2,0.03,0.3416,0.3416,669.9,9482,9483,0
EMarseilles_MAS_12.22.25_LS_V2,MAS,1161,0,false,1,0.02,0.1458,0.1458,1220.8,9509,9509,0
EMarseilles_MAS_12.22.25_LS_V2,MAS,1162,0,false,1,0.02,0.1096,0.1096,1721.8,9513,9513,0
EMarseilles_MAS_12.22.25_LS_V2,MAS,1163,0,false,1,0.02,0.2864,0.2864,1179.5,9520,9520,0
EMarseilles_MAS_12.22.25_LS_V2,MAS,1164,0,false,1,0.02,0.1488,0.1488,549.8,9636,9636,0
EMarseilles_MAS_12.22.25_LS_V2,MAS,1165,0,false,3,0.07,0.2685,0.2685,1424.3,9753,9756,0
EMarseilles_MAS_12.22.25_LS_V2,MAS,1166,0,false,3,0.1,0.2698,0.2698,1643.7,9759,9764,0
EMarseilles_MAS_12.22.25_LS_V2,MAS,1167,0,false,5,0.13,0.1852,0.1852,1826.0,9777,9784,0
EMarseilles_MAS_12.22.25_LS_V2,MAS,1168,0,false,1,0.02,0.277,0.277,1458.3,9985,9985,0
EMarseilles_MAS_12.22.25_LS_V2,MAS,1169,0,false,5,0.08,0.2257,0.2257,696.8,10097,10101,0
EMarseilles_MAS_12.22.25_LS_V2,MAS,1170,0,false,1,0.02,0.1322,0.1322,455.4,10623,10623,0
EMarseilles_MAS_12.22.25_LS_V2,MAS,1171,0,false,1,0.02,0.1119,0.1119,3574.4,10650,10650,0
EMarseilles_MAS_12.22.25_LS_V2,MAS,1172,0,false,1,0.02,0.115,0.115,968.6,11430,11430,0
EMarseilles_MAS_12.22.25_LS_V2,MAS,1173,0,false,2,0.05,0.3266,0.3266,1089.8,11809,11811,0
EagleCreekDrEtc_SHB_12.11.2025_LS,SHB,253,1,primary,125,2.1,0.66,0.7741,1176.6,1117,1242,110
EagleCreekDrEtc_SHB_12.11.2025_LS,SHB,257,1,primary,54,1.38,0.457,0.6461,449.6,1173,1255,51
EagleCreekDrEtc_SHB_12.11.2025_LS,SHB,281,0,duplicate,9,0.23,0.4736,0.5747,498.2,1250,1263,9
EagleCreekDrEtc_SHB_12.11.2025_LS,SHB,319,0,duplicate,6,0.1,0.4443,0.4523,453.5,1655,1660,6
EagleCreekDrEtc_SHB_12.11.2025_LS,SHB,356,1,primary,20,0.33,0.7027,0.7219,879.4,2423,2442,20
EagleCreekDrEtc_SHB_12.11.2025_LS,SHB,357,0,duplicate,4,0.07,0.6892,0.6892,694.0,2444,2447,2
EagleCreekDrEtc_SHB_12.11.2025_LS,SHB,372,1,primary,8,0.15,0.4784,0.571,467.3,5163,5171,8
EagleCreekDrEtc_SHB_12.11.2025_LS,SHB,395,0,false,2,0.03,0.4486,0.4486,1078.3,7003,7004,0
EagleCreekDrEtc_SHB_12.11.2025_LS,SHB,411,0,false,1,0.02,0.4585,0.4585,675.0,7725,7725,0
EagleCreekDrEtc_SHB_12.11.2025_LS,SHB,418,0,false,3,0.07,0.3817,0.3817,1590.9,8153,8156,0
EagleCreekDrEtc_SHB_12.11.2025_LS,SHB,433,1,primary,52,0.92,0.7436,0.7826,1343.0,8452,8506,48
EagleCreekDrEtc_SHB_12.11.2025_LS,SHB,435,1,primary,51,0.85,0.7449,0.8498,2545.3,8489,8539,49
EagleCreekDrEtc_SHB_12.11.2025_LS,SHB,436,1,primary,55,0.93,0.7231,0.7903,2567.9,8499,8554,51
EagleCreekDrEtc_SHB_12.11.2025_LS,SHB,438,1,primary,51,0.85,0.7745,0.8315,2515.9,8514,8564,49
EagleCreekDrEtc_SHB_12.11.2025_LS,SHB,440,1,primary,53,0.88,0.7377,0.8166,3933.4,8521,8573,50
EagleCreekDrEtc_SHB_12.11.2025_LS,SHB,441,1,primary,32,0.53,0.7338,0.8136,3324.7,8542,8573,30
EagleCreekDrEtc_SHB_12.11.2025_LS,SHB,449,0,false,2,0.03,0.5804,0.5804,1675.1,8597,8598,0
EagleCreekDrEtc_SHB_12.11.2025_LS,SHB,452,0,false,1,0.02,0.4679,0.4679,969.9,8661,8661,0
EagleCreekDrEtc_SHB_12.11.2025_LS,SHB,474,1,primary,45,0.9,0.5971,0.744,1198.9,9330,9383,33
EagleCreekDrEtc_SHB_12.11.2025_LS,SHB,478,1,primary,18,0.35,0.5576,0.7147,843.7,9344,9364,14
EagleCreekDrEtc_SHB_12.11.2025_LS,SHB,493,0,false,2,0.03,0.4393,0.4393,1361.5,9375,9376,0
EagleCreekDrEtc_SHB_12.11.2025_LS,SHB,510,0,duplicate,4,0.07,0.3834,0.3834,1216.1,9388,9391,2
EagleCreekDrEtc_SHB_12.11.2025_LS,SHB,513,0,false,2,0.03,0.2611,0.2611,1016.2,9395,9396,0
EagleCreekDrEtc_SHB_12.11.2025_LS,SHB,523,0,duplicate,47,0.78,0.7383,0.7739,676.4,9403,9449,47
EagleCreekDrEtc_SHB_12.11.2025_LS,SHB,527,1,primary,186,3.32,0.6321,0.7745,672.0,9452,9650,186
EagleCreekDrEtc_SHB_12.11.2025_LS,SHB,553,0,duplicate,135,2.72,0.5884,0.7498,873.8,9653,9815,134
EagleCreekDrEtc_SHB_12.11.2025_LS,SHB,555,0,false,3,0.05,0.5974,0.5974,826.6,9664,9666,0
EagleCreekDrEtc_SHB_12.11.2025_LS,SHB,559,1,primary,178,3.13,0.6944,0.7835,981.6,9676,9863,175
EagleCreekDrEtc_SHB_12.11.2025_LS,SHB,565,0,false,1,0.02,0.518,0.518,1079.7,9719,9719,0
EagleCreekDrEtc_SHB_12.11.2025_LS,SHB,586,1,primary,93,1.65,0.6741,0.76,1561.0,9869,9967,82
EagleCreekDrEtc_SHB_12.11.2025_LS,SHB,609,0,false,3,0.05,0.5042,0.5042,1572.9,9972,9974,0
EagleCreekDrEtc_SHB_12.11.2025_LS,SHB,623,0,false,1,0.02,0.3803,0.3803,1502.5,9983,9983,0
EagleCreekDrEtc_SHB_12.11.2025_LS,SHB,632,0,false,14,0.23,0.5008,0.5963,1423.9,10039,10052,0
EagleCreekDrEtc_SHB_12.11.2025_LS,SHB,639,0,duplicate,5,0.08,0.343,0.343,551.1,10293,10297,5
EagleCreekDrEtc_SHB_12.11.2025_LS,SHB,650,0,duplicate,7,0.12,0.3637,0.4019,626.6,10324,10330,7
EagleCreekDrEtc_SHB_12.11.2025_LS,SHB,652,0,false,2,0.03,0.4539,0.4539,1331.4,10601,10602,0
EagleCreekDrEtc_SHB_12.11.2025_LS,SHB,670,0,false,6,0.1,0.4981,0.5234,839.7,11814,11819,0
EagleCreekDrEtc_SHB_12.11.2025_LS,SHB,683,0,false,1,0.02,0.4116,0.4116,1006.3,12196,12196,0
EagleCreekDrEtc_SHB_12.11.2025_LS,SHB,693,0,false,7,0.15,0.5037,0.5821,922.9,12214,12222,0
EagleCreekDrEtc_SHB_12.11.2025_LS,SHB,700,0,false,2,0.03,0.343,0.343,924.4,12227,12228,0
EagleCreekDrEtc_SHB_12.11.2025_LS,SHB,708,0,false,1,0.02,0.3936,0.3936,827.5,12242,12242,0
EagleCreekDrEtc_SHB_12.11.2025_LS,SHB,711,0,false,1,0.02,0.5919,0.5919,881.9,12245,12245,0
EagleCreekDrEtc_SHB_12.11.2025_LS,SHB,713,0,duplicate,19,0.38,0.5287,0.6754,833.1,12251,12273,5
EagleCreekDrEtc_SHB_12.11.2025_LS,SHB,736,0,duplicate,15,0.25,0.5577,0.6794,858.3,12326,12340,15
EagleCreekDrEtc_SHB_12.11.2025_LS,SHB,746,0,duplicate,13,0.22,0.4596,0.5232,923.5,12343,12355,13
EagleCreekDrEtc_SHB_12.11.2025_LS,SHB,751,0,duplicate,13,0.42,0.4031,0.4776,964.4,12346,12370,10
EagleCreekDrEtc_SHB_12.11.2025_LS,SHB,762,0,false,3,0.1,0.3884,0.3884,808.0,12361,12366,0
EagleCreekDrEtc_SHB_12.11.2025_LS,SHB,777,0,duplicate,4,0.07,0.4099,0.4099,842.3,12373,12376,4
EagleCreekDrEtc_SHB_12.11.2025_LS,SHB,789,0,duplicate,25,0.67,0.5115,0.6727,856.6,12385,12424,25
EagleCreekDrEtc_SHB_12.11.2025_LS,SHB,793,0,duplicate,4,0.07,0.4447,0.4447,1023.9,12389,12392,4
EagleCreekDrEtc_SHB_12.11.2025_LS,SHB,813,0,duplicate,80,1.92,0.4989,0.7003,933.9,12407,12521,80
EagleCreekDrEtc_SHB_12.11.2025_LS,SHB,821,0,false,7,0.12,0.4566,0.5176,996.3,12411,12417,0
EagleCreekDrEtc_SHB_12.11.2025_LS,SHB,834,0,duplicate,2,0.03,0.4605,0.4605,844.6,12431,12432,2
EagleCreekDrEtc_SHB_12.11.2025_LS,SHB,839,0,duplicate,1,0.02,0.4495,0.4495,887.0,12445,12445,1
EagleCreekDrEtc_SHB_12.11.2025_LS,SHB,844,1,primary,151,3.45,0.556,0.7589,825.6,12452,12658,151
EagleCreekDrEtc_SHB_12.11.2025_LS,SHB,849,0,false,3,0.05,0.521,0.521,902.6,12461,12463,0
EagleCreekDrEtc_SHB_12.11.2025_LS,SHB,863,0,false,2,0.03,0.3047,0.3047,921.7,12476,12477,0
EagleCreekDrEtc_SHB_12.11.2025_LS,SHB,870,0,duplicate,1,0.02,0.455,0.455,890.9,12490,12490,1
EagleCreekDrEtc_SHB_12.11.2025_LS,SHB,876,0,false,1,0.02,0.5202,0.5202,839.7,12493,12493,0
EagleCreekDrEtc_SHB_12.11.2025_LS,SHB,880,0,false,8,0.13,0.4395,0.4868,820.6,12497,12504,0
EagleCreekDrEtc_SHB_12.11.2025_LS,SHB,898,0,duplicate,82,1.9,0.5858,0.7688,771.3,12512,12625,67
EagleCreekDrEtc_SHB_12.11.2025_LS,SHB,899,0,false,2,0.03,0.5089,0.5089,835.3,12514,12515,0
EagleCreekDrEtc_SHB_12.11.2025_LS,SHB,919,0,duplicate,63,1.22,0.6481,0.7441,935.4,12530,12602,63
EagleCreekDrEtc_SHB_12.11.2025_LS,SHB,942,0,false,1,0.02,0.4247,0.4247,758.8,12564,12564,0
EagleCreekDrEtc_SHB_12.11.2025_LS,SHB,960,0,duplicate,7,0.15,0.5089,0.5589,906.8,12604,12612,7
EagleCreekDrEtc_SHB_12.11.2025_LS,SHB,989,0,duplicate,2,0.03,0.6299,0.6299,910.2,12623,12624,2
EagleCreekDrEtc_SHB_12.11.2025_LS,SHB,990,0,duplicate,3,0.07,0.4104,0.4104,878.2,12627,12630,3
EagleCreekDrEtc_SHB_12.11.2025_LS,SHB,993,0,duplicate,16,0.43,0.4394,0.6136,915.4,12632,12657,16
EagleCreekDrEtc_SHB_12.11.2025_LS,SHB,1006,0,duplicate,4,0.07,0.5219,0.5219,856.3,12644,12647,4
EagleCreekDrEtc_SHB_12.11.2025_LS,SHB,1008,0,false,2,0.03,0.3736,0.3736,677.8,12646,12647,0
EagleCreekDrEtc_SHB_12.11.2025_LS,SHB,1022,0,duplicate,1,0.02,0.4127,0.4127,946.1,12664,12664,1
EagleCreekDrEtc_SHB_12.11.2025_LS,SHB,1023,1,primary,148,3.03,0.63,0.7527,735.9,12664,12845,148
EagleCreekDrEtc_SHB_12.11.2025_LS,SHB,1024,0,duplicate,67,1.58,0.5472,0.7212,896.9,12665,12759,67
EagleCreekDrEtc_SHB_12.11.2025_LS,SHB,1055,0,duplicate,4,0.22,0.2887,0.2887,801.6,12698,12710,4
EagleCreekDrEtc_SHB_12.11.2025_LS,SHB,1072,0,duplicate,1,0.02,0.6421,0.6421,947.8,12748,12748,1
EagleCreekDrEtc_SHB_12.11.2025_LS,SHB,1075,1,primary,86,1.82,0.5938,0.7647,835.7,12754,12862,86
EagleCreekDrEtc_SHB_12.11.2025_LS,SHB,1103,0,false,2,0.03,0.4702,0.4702,740.5,12822,12823,0
EagleCreekDrEtc_SHB_12.11.2025_LS,SHB,1107,0,duplicate,18,0.35,0.4694,0.6209,848.2,12857,12877,16
EagleCreekDrEtc_SHB_12.11.2025_LS,SHB,1109,0,duplicate,74,2.17,0.5462,0.7207,671.5,12860,12989,74
EagleCreekDrEtc_SHB_12.11.2025_LS,SHB,1124,0,false,4,0.07,0.4371,0.4371,472.5,12896,12899,0
EagleCreekDrEtc_SHB_12.11.2025_LS,SHB,1154,0,false,40,0.83,0.4229,0.5651,688.5,13065,13114,0
EagleCreekDrEtc_SHB_12.11.2025_LS,SHB,1167,0,duplicate,37,0.62,0.5607,0.7411,563.0,13197,13233,24
EagleCreekDrEtc_SHB_12.11.2025_LS,SHB,1168,0,false,5,0.1,0.3102,0.3102,502.8,13214,13219,0
EagleCreekDrEtc_SHB_12.11.2025_LS,SHB,1178,1,primary,39,0.78,0.4346,0.585,563.7,13241,13287,36
EagleCreekDrEtc_SHB_12.11.2025_LS,SHB,1195,0,false,3,0.05,0.3383,0.3383,891.4,13502,13504,0
EagleCreekDrEtc_SHB_12.11.2025_LS,SHB,1230,0,false,1,0.02,0.5208,0.5208,344.4,13841,13841,0
EagleCreekDrEtc_SHB_12.11.2025_LS,SHB,1231,0,false,3,0.05,0.4285,0.4285,485.3,13891,13893,0
EagleCreekDrEtc_SHB_12.11.2025_LS,SHB,1235,1,primary,130,2.22,0.6642,0.7617,488.8,13953,14085,80
EagleCreekDrEtc_SHB_12.11.2025_LS,SHB,1236,0,false,18,0.3,0.6425,0.715,367.1,13953,13970,0
EagleCreekDrEtc_SHB_12.11.2025_LS,SHB,1252,0,false,2,0.03,0.4586,0.4586,385.6,13981,13982,0
EagleCreekDrEtc_SHB_12.11.2025_LS,SHB,1279,1,primary,15,0.25,0.5616,0.6857,425.4,13992,14006,15
EagleCreekDrEtc_SHB_12.11.2025_LS,SHB,1288,1,primary,7,0.12,0.3784,0.3925,349.5,13997,14003,7
EagleCreekDrEtc_SHB_12.11.2025_LS,SHB,1291,0,duplicate,14,0.23,0.365,0.4199,328.6,14003,14016,9
EagleCreekDrEtc_SHB_12.11.2025_LS,SHB,1298,0,duplicate,4,0.07,0.4693,0.4693,392.8,14008,14011,4
EagleCreekDrEtc_SHB_12.11.2025_LS,SHB,1305,0,duplicate,7,0.12,0.4378,0.4549,439.1,14015,14021,6
EagleCreekDrEtc_SHB_12.11.2025_LS,SHB,1316,1,primary,27,0.45,0.3917,0.4704,304.6,14025,14051,27
EagleCreekDrEtc_SHB_12.11.2025_LS,SHB,1460,0,false,11,0.18,0.6154,0.7007,758.7,14385,14395,0
EagleCreekDrEtc_SHB_12.11.2025_LS,SHB,1465,0,false,12,0.2,0.6355,0.7308,652.7,14403,14414,0
EagleCreekDrEtc_SHB_12.11.2025_LS,SHB,1469,0,false,30,0.77,0.4923,0.6354,595.4,14417,14462,0
EagleCreekDrEtc_SHB_12.11.2025_LS,SHB,1482,0,false,1,0.02,0.7201,0.7201,1958.5,15149,15149,0
EagleCreekDrEtc_SHB_12.11.2025_LS,SHB,1484,1,primary,85,1.42,0.7943,0.8265,1838.4,15154,15238,79
EagleCreekDrEtc_SHB_12.11.2025_LS,SHB,1486,1,primary,89,1.48,0.8155,0.8799,3715.2,15188,15276,76
EagleCreekDrEtc_SHB_12.11.2025_LS,SHB,1487,0,false,1,0.02,0.5807,0.5807,840.7,15271,15271,0
EagleCreekDrEtc_SHB_12.11.2025_LS,SHB,1488,1,primary,107,1.78,0.7886,0.8466,1680.3,15279,15385,102
EagleCreekDrEtc_SHB_12.11.2025_LS,SHB,1491,1,primary,123,2.07,0.781,0.8192,1580.9,15316,15439,117
EagleCreekDrEtc_SHB_12.11.2025_LS,SHB,1498,0,duplicate,25,0.43,0.6514,0.7536,668.8,15581,15606,23
EagleCreekDrEtc_SHB_12.11.2025_LS,SHB,1499,0,duplicate,6,0.1,0.5991,0.6097,343.0,15581,15586,6
EagleCreekDrEtc_SHB_12.11.2025_LS,SHB,1502,0,duplicate,6,0.12,0.5816,0.6158,320.4,15589,15595,6
EagleCreekDrEtc_SHB_12.11.2025_LS,SHB,1513,1,primary,94,1.6,0.7105,0.7705,627.5,15602,15697,91
EagleCreekDrEtc_SHB_12.11.2025_LS,SHB,1514,0,duplicate,10,0.17,0.4611,0.5462,474.9,15607,15616,10
EagleCreekDrEtc_SHB_12.11.2025_LS,SHB,1520,0,duplicate,15,1.45,0.527,0.6613,443.1,15618,15704,9
EagleCreekDrEtc_SHB_12.11.2025_LS,SHB,1521,0,duplicate,37,0.62,0.5415,0.6342,295.1,15622,15658,37
EagleCreekDrEtc_SHB_12.11.2025_LS,SHB,1530,0,duplicate,24,0.45,0.4864,0.573,324.4,15670,15696,22
EagleCreekDrEtc_SHB_12.11.2025_LS,SHB,1545,0,false,4,0.07,0.3854,0.3854,1034.3,15785,15788,0
EagleCreekDrEtc_SHB_12.11.2025_LS,SHB,1572,0,false,2,0.03,0.5591,0.5591,937.2,16826,16827,0
EagleCreekDrEtc_SHB_12.11.2025_LS,SHB,1573,0,false,18,0.42,0.5369,0.6733,781.6,16839,16863,0
EagleCreekDrEtc_SHB_12.11.2025_LS,SHB,1602,0,false,3,0.05,0.361,0.361,492.0,16904,16906,0
EagleCreekDrEtc_SHB_12.11.2025_LS,SHB,1626,0,false,13,0.22,0.4596,0.595,527.0,16917,16929,0
EagleCreekDrEtc_SHB_12.11.2025_LS,SHB,1628,0,false,3,0.05,0.505,0.505,535.6,16918,16920,0
EagleCreekDrEtc_SHB_12.11.2025_LS,SHB,1630,0,false,1,0.02,0.4707,0.4707,512.7,16919,16919,0
EagleCreekDrEtc_SHB_12.11.2025_LS,SHB,1636,0,false,11,0.18,0.4689,0.538,434.2,16933,16943,0
EagleCreekDrEtc_SHB_12.11.2025_LS,SHB,1638,0,false,9,0.15,0.3343,0.3796,428.0,16938,16946,0
EagleCreekDrEtc_SHB_12.11.2025_LS,SHB,1639,0,false,6,0.1,0.3311,0.3709,404.0,16947,16952,0
EagleCreekDrEtc_SHB_12.11.2025_LS,SHB,1642,0,false,4,0.07,0.386,0.386,391.6,16956,16959,0
EagleCreekDrEtc_SHB_12.11.2025_LS,SHB,1644,0,false,3,0.07,0.506,0.506,423.1,16965,16968,0
EagleCreekDrEtc_SHB_12.11.2025_LS,SHB,1648,0,false,1,0.02,0.5941,0.5941,3001.1,17064,17064,0
EagleCreekDrEtc_SHB_12.11.2025_LS,SHB,1659,0,false,1,0.02,0.4465,0.4465,1497.5,17514,17514,0
EagleCreekDrEtc_SHB_12.11.2025_LS,SHB,1663,0,false,1,0.02,0.503,0.503,496.1,17888,17888,0
EagleCreekDrEtc_SHB_12.11.2025_LS,SHB,1672,0,false,1,0.02,0.4808,0.4808,839.4,17902,17902,0
EagleCreekDrEtc_SHB_12.11.2025_LS,SHB,1683,0,false,1,0.02,0.435,0.435,794.3,17923,17923,0
EagleCreekDrEtc_SHB_12.11.2025_LS,SHB,1688,0,false,2,0.03,0.5877,0.5877,1433.9,17930,17931,0
EagleCreekDrEtc_SHB_12.11.2025_LS,SHB,1693,0,false,1,0.02,0.4114,0.4114,530.5,18571,18571,0
EagleCreekDrEtc_SHB_12.11.2025_LS,SHB,1705,0,false,14,0.23,0.5029,0.6159,1015.5,18583,18596,0
EagleCreekDrEtc_SHB_12.11.2025_LS,SHB,1706,0,false,13,0.3,0.4567,0.6148,877.0,18616,18633,0
EagleCreekDrEtc_SHB_12.11.2025_LS,SHB,1711,0,false,2,0.03,0.4176,0.4176,658.9,18665,18666,0
EagleCreekDrEtc_SHB_12.11.2025_LS,SHB,1717,0,false,22,1.08,0.4564,0.6334,671.2,18676,18740,0
EagleCreekDrEtc_SHB_12.11.2025_LS,SHB,1730,0,false,5,0.42,0.4666,0.4666,1187.6,18766,18790,0
EagleCreekDrEtc_SHB_12.11.2025_LS,SHB,1734,0,false,2,0.03,0.404,0.404,616.3,18774,18775,0
EagleCreekDrEtc_SHB_12.11.2025_LS,SHB,1752,0,false,2,0.03,0.3819,0.3819,533.2,18810,18811,0
EagleCreekDrEtc_SHB_12.11.2025_LS,SHB,1766,1,primary,134,2.23,0.7327,0.8277,3138.8,19157,19290,120
EagleCreekDrEtc_SHB_12.11.2025_LS,SHB,1773,1,primary,88,1.47,0.7978,0.8522,4000.8,19228,19315,78
EagleCreekDrEtc_SHB_12.11.2025_LS,SHB,1780,1,primary,57,0.97,0.759,0.8801,4267.7,19296,19353,50
EagleCreekDrEtc_SHB_12.11.2025_LS,SHB,1789,1,primary,3,0.05,0.6188,0.6188,1038.9,19434,19436,3
EagleCreekDrEtc_SHB_12.11.2025_LS,SHB,1818,0,false,1,0.02,0.7049,0.7049,1346.3,20144,20144,0
EagleCreekDrEtc_SHB_12.11.2025_LS,SHB,1821,0,false,25,0.55,0.4726,0.6889,1499.1,20180,20212,0
EagleCreekDrEtc_SHB_12.11.2025_LS,SHB,1830,0,false,1,0.02,0.4679,0.4679,687.5,20371,20371,0
EagleCreekDrEtc_SHB_12.11.2025_LS,SHB,1835,0,false,16,0.28,0.5731,0.6832,718.0,20725,20741,0
EagleCreekDrEtc_SHB_12.11.2025_LS,SHB,1856,0,duplicate,4,0.07,0.4798,0.4798,1029.7,20762,20765,4
EagleCreekDrEtc_SHB_12.11.2025_LS,SHB,1860,0,false,1,0.02,0.6043,0.6043,1159.4,20766,20766,0
EagleCreekDrEtc_SHB_12.11.2025_LS,SHB,1870,0,duplicate,1,0.02,0.593,0.593,961.2,20779,20779,1
EagleCreekDrEtc_SHB_12.11.2025_LS,SHB,1874,1,primary,52,1.03,0.5855,0.7781,1050.2,20781,20842,52
EagleCreekDrEtc_SHB_12.11.2025_LS,SHB,1876,0,duplicate,3,0.05,0.5054,0.5054,816.4,20782,20784,2
EagleCreekDrEtc_SHB_12.11.2025_LS,SHB,1884,0,duplicate,3,0.05,0.5016,0.5016,667.9,20795,20797,3
EagleCreekDrEtc_SHB_12.11.2025_LS,SHB,1891,1,primary,13,0.23,0.3894,0.5104,785.0,20802,20815,12
EagleCreekDrEtc_SHB_12.11.2025_LS,SHB,1935,0,false,14,0.25,0.5739,0.7104,560.4,20886,20900,0
EagleCreekDrEtc_SHB_12.11.2025_LS,SHB,1942,0,false,32,0.62,0.5373,0.6506,501.8,20902,20938,0
EagleCreekDrEtc_SHB_12.11.2025_LS,SHB,1950,0,false,4,0.07,0.5298,0.5298,487.3,20920,20923,0
EagleCreekDrEtc_SHB_12.11.2025_LS,SHB,1957,0,false,13,0.22,0.4225,0.5263,615.2,20944,20956,0
EagleCreekDrEtc_SHB_12.11.2025_LS,SHB,1971,0,false,9,0.18,0.3762,0.4581,631.5,20975,20985,0
EagleCreekDrEtc_SHB_12.11.2025_LS,SHB,1979,1,primary,140,2.7,0.6242,0.745,449.8,20988,21149,136
EagleCreekDrEtc_SHB_12.11.2025_LS,SHB,1981,0,false,12,0.2,0.4314,0.541,604.0,20989,21000,0
EagleCreekDrEtc_SHB_12.11.2025_LS,SHB,2008,0,false,3,0.05,0.3442,0.3442,451.4,21096,21098,0
EagleCreekDrEtc_SHB_12.11.2025_LS,SHB,2014,0,duplicate,4,0.52,0.3609,0.3609,449.9,21135,21165,3
EagleCreekDrEtc_SHB_12.11.2025_LS,SHB,2015,0,false,1,0.02,0.4261,0.4261,550.1,21137,21137,0
EagleCreekDrEtc_SHB_12.11.2025_LS,SHB,2019,1,primary,91,1.57,0.5911,0.7674,882.7,21149,21242,87
EagleCreekDrEtc_SHB_12.11.2025_LS,SHB,2024,0,duplicate,32,0.82,0.5325,0.6715,439.4,21157,21205,31
EagleCreekDrEtc_SHB_12.11.2025_LS,SHB,2068,1,primary,21,0.6,0.4816,0.6483,701.7,21263,21298,15
EagleCreekDrEtc_SHB_12.11.2025_LS,SHB,2076,0,duplicate,11,0.2,0.4952,0.5818,651.2,21305,21316,11
EagleCreekDrEtc_SHB_12.11.2025_LS,SHB,2080,0,duplicate,10,0.2,0.4656,0.5521,703.1,21321,21332,10
EagleCreekDrEtc_SHB_12.11.2025_LS,SHB,2092,0,false,1,0.02,0.3575,0.3575,523.9,21384,21384,0
EagleCreekDrEtc_SHB_12.11.2025_LS,SHB,2100,0,false,6,0.17,0.3178,0.3572,477.6,21391,21400,0
EagleCreekDrEtc_SHB_12.11.2025_LS,SHB,2109,0,false,4,0.07,0.4056,0.4056,584.7,21407,21410,0
EagleCreekDrEtc_SHB_12.11.2025_LS,SHB,2110,0,false,1,0.02,0.4695,0.4695,753.6,21410,21410,0
EagleCreekDrEtc_SHB_12.11.2025_LS,SHB,2123,0,false,8,0.2,0.428,0.4862,592.7,21421,21432,0
EagleCreekDrEtc_SHB_12.11.2025_LS,SHB,2126,0,false,3,0.05,0.4734,0.4734,2140.6,21423,21425,0
EagleCreekDrEtc_SHB_12.11.2025_LS,SHB,2128,1,primary,45,0.92,0.6478,0.7787,662.8,21425,21479,29
EagleCreekDrEtc_SHB_12.11.2025_LS,SHB,2130,0,false,1,0.02,0.4434,0.4434,2114.1,21439,21439,0
EagleCreekDrEtc_SHB_12.11.2025_LS,SHB,2138,1,primary,44,0.73,0.6622,0.7724,518.3,21518,21561,36
EagleCreekDrEtc_SHB_12.11.2025_LS,SHB,2142,0,false,33,0.62,0.5035,0.6812,650.4,21610,21646,0
EagleCreekDrEtc_SHB_12.11.2025_LS,SHB,2154,0,false,2,0.12,0.4094,0.4094,1820.8,21624,21630,0
EagleCreekDrEtc_SHB_12.11.2025_LS,SHB,3154,0,false,1,0.02,0.1155,0.1155,478.8,20,20,0
EagleCreekDrEtc_SHB_12.11.2025_LS,SHB,3155,0,false,1,0.02,0.1802,0.1802,473.1,286,286,0
EagleCreekDrEtc_SHB_12.11.2025_LS,SHB,3156,0,false,4,0.07,0.1875,0.1875,772.9,954,957,0
EagleCreekDrEtc_SHB_12.11.2025_LS,SHB,3157,0,false,2,0.03,0.1247,0.1247,482.7,1069,1070,0
EagleCreekDrEtc_SHB_12.11.2025_LS,SHB,3158,0,false,1,0.02,0.5788,0.5788,1226.0,1116,1116,0
EagleCreekDrEtc_SHB_12.11.2025_LS,SHB,3159,0,duplicate,10,0.17,0.1875,0.2251,390.6,1243,1252,4
EagleCreekDrEtc_SHB_12.11.2025_LS,SHB,3160,0,duplicate,1,0.02,0.2916,0.2916,431.1,1252,1252,1
EagleCreekDrEtc_SHB_12.11.2025_LS,SHB,3161,0,false,1,0.02,0.1666,0.1666,637.0,1265,1265,0
EagleCreekDrEtc_SHB_12.11.2025_LS,SHB,3162,0,false,12,0.33,0.2099,0.2792,596.0,1282,1301,0
EagleCreekDrEtc_SHB_12.11.2025_LS,SHB,3163,0,false,1,0.02,0.2561,0.2561,1165.9,1540,1540,0
EagleCreekDrEtc_SHB_12.11.2025_LS,SHB,3164,0,false,1,0.02,0.1652,0.1652,724.5,1593,1593,0
EagleCreekDrEtc_SHB_12.11.2025_LS,SHB,3165,0,false,9,0.15,0.2141,0.2611,492.0,1615,1623,0
EagleCreekDrEtc_SHB_12.11.2025_LS,SHB,3166,0,false,5,0.08,0.2497,0.2497,589.2,1630,1634,0
EagleCreekDrEtc_SHB_12.11.2025_LS,SHB,3167,1,primary,9,0.15,0.4381,0.4692,453.3,1646,1654,9
EagleCreekDrEtc_SHB_12.11.2025_LS,SHB,3168,0,duplicate,6,0.1,0.2728,0.2963,489.2,1661,1666,3
EagleCreekDrEtc_SHB_12.11.2025_LS,SHB,3169,0,false,1,0.02,0.1176,0.1176,649.3,2201,2201,0
EagleCreekDrEtc_SHB_12.11.2025_LS,SHB,3170,1,primary,21,0.37,0.6932,0.7778,2123.4,2229,2250,18
EagleCreekDrEtc_SHB_12.11.2025_LS,SHB,3171,0,false,1,0.02,0.2186,0.2186,2529.2,2290,2290,0
EagleCreekDrEtc_SHB_12.11.2025_LS,SHB,3172,0,duplicate,10,0.2,0.5692,0.6969,753.5,2411,2422,6
EagleCreekDrEtc_SHB_12.11.2025_LS,SHB,3173,0,duplicate,2,0.1,0.6022,0.6022,642.3,2443,2448,1
EagleCreekDrEtc_SHB_12.11.2025_LS,SHB,3174,0,false,1,0.02,0.1036,0.1036,540.4,2548,2548,0
EagleCreekDrEtc_SHB_12.11.2025_LS,SHB,3175,0,false,1,0.02,0.1228,0.1228,1474.0,2551,2551,0
EagleCreekDrEtc_SHB_12.11.2025_LS,SHB,3176,0,false,4,0.07,0.174,0.174,593.5,2927,2930,0
EagleCreekDrEtc_SHB_12.11.2025_LS,SHB,3177,0,false,3,0.05,0.2326,0.2326,899.6,2988,2990,0
EagleCreekDrEtc_SHB_12.11.2025_LS,SHB,3178,0,false,1,0.02,0.1148,0.1148,778.4,3038,3038,0
EagleCreekDrEtc_SHB_12.11.2025_LS,SHB,3179,0,false,2,0.03,0.1992,0.1992,2157.6,3549,3550,0
EagleCreekDrEtc_SHB_12.11.2025_LS,SHB,3180,0,false,1,0.02,0.1933,0.1933,779.7,3639,3639,0
EagleCreekDrEtc_SHB_12.11.2025_LS,SHB,3181,0,false,5,0.1,0.1624,0.1624,955.6,3691,3696,0
EagleCreekDrEtc_SHB_12.11.2025_LS,SHB,3182,0,false,1,0.02,0.2963,0.2963,270.3,4652,4652,0
EagleCreekDrEtc_SHB_12.11.2025_LS,SHB,3183,0,false,1,0.02,0.1721,0.1721,268.7,4730,4730,0
EagleCreekDrEtc_SHB_12.11.2025_LS,SHB,3184,0,duplicate,6,0.12,0.2211,0.2448,416.5,5156,5162,3
EagleCreekDrEtc_SHB_12.11.2025_LS,SHB,3185,0,duplicate,15,0.33,0.2421,0.3096,576.9,5177,5196,5
EagleCreekDrEtc_SHB_12.11.2025_LS,SHB,3186,0,false,1,0.02,0.3221,0.3221,275.9,5571,5571,0
EagleCreekDrEtc_SHB_12.11.2025_LS,SHB,3187,0,false,1,0.02,0.2843,0.2843,1528.9,5577,5577,0
EagleCreekDrEtc_SHB_12.11.2025_LS,SHB,3188,0,false,1,0.02,0.1107,0.1107,725.7,5608,5608,0
EagleCreekDrEtc_SHB_12.11.2025_LS,SHB,3189,0,false,1,0.02,0.1338,0.1338,354.0,5614,5614,0
EagleCreekDrEtc_SHB_12.11.2025_LS,SHB,3190,0,false,2,0.05,0.3145,0.3145,1557.5,5680,5682,0
EagleCreekDrEtc_SHB_12.11.2025_LS,SHB,3191,0,false,3,0.03,0.1384,0.1384,475.5,6236,6237,0
EagleCreekDrEtc_SHB_12.11.2025_LS,SHB,3192,0,false,1,0.02,0.1032,0.1032,891.8,6719,6719,0
EagleCreekDrEtc_SHB_12.11.2025_LS,SHB,3193,0,false,1,0.02,0.1262,0.1262,483.3,6905,6905,0
EagleCreekDrEtc_SHB_12.11.2025_LS,SHB,3194,0,false,5,0.37,0.2769,0.2769,1354.7,6981,7002,0
EagleCreekDrEtc_SHB_12.11.2025_LS,SHB,3195,0,false,1,0.02,0.1654,0.1654,338.9,7060,7060,0
EagleCreekDrEtc_SHB_12.11.2025_LS,SHB,3196,0,false,1,0.02,0.2845,0.2845,628.3,7180,7180,0
EagleCreekDrEtc_SHB_12.11.2025_LS,SHB,3197,0,false,1,0.02,0.1695,0.1695,564.0,7284,7284,0
EagleCreekDrEtc_SHB_12.11.2025_LS,SHB,3198,0,false,1,0.02,0.1531,0.1531,1198.8,7312,7312,0
EagleCreekDrEtc_SHB_12.11.2025_LS,SHB,3199,0,false,1,0.02,0.1611,0.1611,947.1,7329,7329,0
EagleCreekDrEtc_SHB_12.11.2025_LS,SHB,3200,0,false,1,0.02,0.1096,0.1096,1014.7,7400,7400,0
EagleCreekDrEtc_SHB_12.11.2025_LS,SHB,3201,0,false,1,0.02,0.2079,0.2079,700.0,7475,7475,0
EagleCreekDrEtc_SHB_12.11.2025_LS,SHB,3202,0,false,5,0.22,0.2951,0.2951,1372.3,7508,7520,0
EagleCreekDrEtc_SHB_12.11.2025_LS,SHB,3203,0,false,2,0.03,0.3922,0.3922,785.2,7673,7674,0
EagleCreekDrEtc_SHB_12.11.2025_LS,SHB,3204,0,false,2,0.27,0.2031,0.2031,712.2,7708,7723,0
EagleCreekDrEtc_SHB_12.11.2025_LS,SHB,3205,0,false,3,0.23,0.1565,0.1565,724.8,7711,7724,0
EagleCreekDrEtc_SHB_12.11.2025_LS,SHB,3206,0,false,2,0.03,0.1918,0.1918,786.8,7749,7750,0
EagleCreekDrEtc_SHB_12.11.2025_LS,SHB,3207,0,false,4,0.22,0.1463,0.1463,843.1,7755,7767,0
EagleCreekDrEtc_SHB_12.11.2025_LS,SHB,3208,0,false,1,0.02,0.1055,0.1055,417.3,7829,7829,0
EagleCreekDrEtc_SHB_12.11.2025_LS,SHB,3209,0,false,1,0.02,0.1639,0.1639,543.0,8064,8064,0
EagleCreekDrEtc_SHB_12.11.2025_LS,SHB,3210,0,false,1,0.02,0.1277,0.1277,870.4,8068,8068,0
EagleCreekDrEtc_SHB_12.11.2025_LS,SHB,3211,0,false,6,0.12,0.2593,0.2901,762.2,8139,8145,0
EagleCreekDrEtc_SHB_12.11.2025_LS,SHB,3212,0,false,3,0.1,0.2364,0.2364,1555.3,8152,8157,0
EagleCreekDrEtc_SHB_12.11.2025_LS,SHB,3213,0,false,1,0.02,0.2249,0.2249,1229.5,8165,8165,0
EagleCreekDrEtc_SHB_12.11.2025_LS,SHB,3214,0,false,1,0.02,0.1125,0.1125,991.5,8264,8264,0
EagleCreekDrEtc_SHB_12.11.2025_LS,SHB,3215,0,false,14,0.68,0.2065,0.2943,795.6,8404,8444,0
EagleCreekDrEtc_SHB_12.11.2025_LS,SHB,3216,0,false,1,0.02,0.6438,0.6438,657.5,8451,8451,0
EagleCreekDrEtc_SHB_12.11.2025_LS,SHB,3217,0,false,1,0.02,0.1405,0.1405,4125.3,8576,8576,0
EagleCreekDrEtc_SHB_12.11.2025_LS,SHB,3218,0,false,1,0.02,0.1594,0.1594,5387.8,8591,8591,0
EagleCreekDrEtc_SHB_12.11.2025_LS,SHB,3219,0,false,3,0.12,0.2494,0.2494,1155.1,8595,8601,0
EagleCreekDrEtc_SHB_12.11.2025_LS,SHB,3220,0,false,1,0.02,0.2872,0.2872,1699.9,8609,8609,0
EagleCreekDrEtc_SHB_12.11.2025_LS,SHB,3221,0,false,5,0.48,0.1684,0.1684,1053.9,8634,8662,0
EagleCreekDrEtc_SHB_12.11.2025_LS,SHB,3222,0,false,1,0.02,0.135,0.135,1014.9,8665,8665,0
EagleCreekDrEtc_SHB_12.11.2025_LS,SHB,3223,0,false,2,0.05,0.1142,0.1142,1316.8,8693,8695,0
EagleCreekDrEtc_SHB_12.11.2025_LS,SHB,3224,0,false,1,0.02,0.1299,0.1299,950.0,8699,8699,0
EagleCreekDrEtc_SHB_12.11.2025_LS,SHB,3225,0,false,2,0.05,0.1278,0.1278,610.2,8726,8728,0
EagleCreekDrEtc_SHB_12.11.2025_LS,SHB,3226,0,false,3,0.05,0.1409,0.1409,495.4,8779,8781,0
EagleCreekDrEtc_SHB_12.11.2025_LS,SHB,3227,0,false,1,0.02,0.108,0.108,482.1,8782,8782,0
EagleCreekDrEtc_SHB_12.11.2025_LS,SHB,3228,0,false,5,0.28,0.1671,0.1671,370.2,8822,8838,0
EagleCreekDrEtc_SHB_12.11.2025_LS,SHB,3229,0,false,2,0.22,0.1699,0.1699,836.9,8853,8865,0
EagleCreekDrEtc_SHB_12.11.2025_LS,SHB,3230,0,false,2,0.03,0.282,0.282,910.3,8854,8855,0
EagleCreekDrEtc_SHB_12.11.2025_LS,SHB,3231,0,false,2,0.48,0.1192,0.1192,990.7,8905,8933,0
EagleCreekDrEtc_SHB_12.11.2025_LS,SHB,3232,0,false,1,0.02,0.143,0.143,293.6,9056,9056,0
EagleCreekDrEtc_SHB_12.11.2025_LS,SHB,3233,0,false,5,0.08,0.1784,0.1784,363.9,9113,9117,0
EagleCreekDrEtc_SHB_12.11.2025_LS,SHB,3234,0,false,1,0.02,0.3719,0.3719,733.8,9205,9205,0
EagleCreekDrEtc_SHB_12.11.2025_LS,SHB,3235,0,false,1,0.02,0.3212,0.3212,811.7,9252,9252,0
EagleCreekDrEtc_SHB_12.11.2025_LS,SHB,3236,0,false,1,0.02,0.2481,0.2481,832.7,9265,9265,0
EagleCreekDrEtc_SHB_12.11.2025_LS,SHB,3237,0,false,9,0.58,0.1868,0.23,776.1,9295,9329,0
EagleCreekDrEtc_SHB_12.11.2025_LS,SHB,3238,0,false,6,0.38,0.188,0.2045,1010.1,9320,9342,0
EagleCreekDrEtc_SHB_12.11.2025_LS,SHB,3239,0,false,1,0.02,0.1664,0.1664,616.6,9343,9343,0
EagleCreekDrEtc_SHB_12.11.2025_LS,SHB,3240,0,duplicate,9,0.55,0.2434,0.3205,993.3,9365,9397,3
EagleCreekDrEtc_SHB_12.11.2025_LS,SHB,3241,0,duplicate,9,0.05,0.1998,0.2577,1344.6,9384,9386,3
EagleCreekDrEtc_SHB_12.11.2025_LS,SHB,3242,0,false,6,0.3,0.2908,0.3218,479.9,9385,9402,0
EagleCreekDrEtc_SHB_12.11.2025_LS,SHB,3243,0,false,1,0.02,0.1496,0.1496,1139.6,9387,9387,0
EagleCreekDrEtc_SHB_12.11.2025_LS,SHB,3244,0,duplicate,2,0.5,0.2566,0.2566,629.4,9451,9480,2
EagleCreekDrEtc_SHB_12.11.2025_LS,SHB,3245,0,false,1,0.02,0.2242,0.2242,961.5,9479,9479,0
EagleCreekDrEtc_SHB_12.11.2025_LS,SHB,3246,0,duplicate,1,0.02,0.2418,0.2418,622.0,9531,9531,1
EagleCreekDrEtc_SHB_12.11.2025_LS,SHB,3247,0,false,2,0.33,0.1777,0.1777,329.8,9531,9550,0
EagleCreekDrEtc_SHB_12.11.2025_LS,SHB,3248,0,duplicate,5,0.57,0.3202,0.3202,688.2,9570,9603,4
EagleCreekDrEtc_SHB_12.11.2025_LS,SHB,3249,0,duplicate,1,0.02,0.1793,0.1793,790.4,9570,9570,1
EagleCreekDrEtc_SHB_12.11.2025_LS,SHB,3250,0,duplicate,3,0.28,0.3231,0.3231,782.4,9651,9667,3
EagleCreekDrEtc_SHB_12.11.2025_LS,SHB,3251,0,false,1,0.02,0.263,0.263,942.1,9670,9670,0
EagleCreekDrEtc_SHB_12.11.2025_LS,SHB,3252,0,duplicate,2,0.52,0.2735,0.2735,1028.0,9825,9855,2
EagleCreekDrEtc_SHB_12.11.2025_LS,SHB,3253,0,false,2,0.03,0.2947,0.2947,745.7,9867,9868,0
EagleCreekDrEtc_SHB_12.11.2025_LS,SHB,3254,0,false,18,0.55,0.2484,0.358,1655.4,9953,9985,0
EagleCreekDrEtc_SHB_12.11.2025_LS,SHB,3255,0,false,6,1.18,0.1483,0.1564,1076.7,9955,10025,0
EagleCreekDrEtc_SHB_12.11.2025_LS,SHB,3256,0,duplicate,3,0.45,0.1761,0.1761,1680.1,9968,9994,1
EagleCreekDrEtc_SHB_12.11.2025_LS,SHB,3257,0,false,1,0.02,0.2488,0.2488,1692.1,9980,9980,0
EagleCreekDrEtc_SHB_12.11.2025_LS,SHB,3258,0,false,2,0.03,0.312,0.312,2070.1,10004,10005,0
EagleCreekDrEtc_SHB_12.11.2025_LS,SHB,3259,0,false,2,0.03,0.2132,0.2132,1336.9,10037,10038,0
EagleCreekDrEtc_SHB_12.11.2025_LS,SHB,3260,0,false,1,0.02,0.1033,0.1033,385.6,10058,10058,0
EagleCreekDrEtc_SHB_12.11.2025_LS,SHB,3261,0,false,1,0.02,0.1178,0.1178,1860.6,10063,10063,0
EagleCreekDrEtc_SHB_12.11.2025_LS,SHB,3262,0,false,1,0.02,0.16,0.16,498.8,10067,10067,0
EagleCreekDrEtc_SHB_12.11.2025_LS,SHB,3263,0,false,1,0.02,0.1702,0.1702,1798.4,10070,10070,0
EagleCreekDrEtc_SHB_12.11.2025_LS,SHB,3264,0,false,1,0.02,0.2476,0.2476,690.8,10115,10115,0
EagleCreekDrEtc_SHB_12.11.2025_LS,SHB,3265,0,false,2,0.03,0.1439,0.1439,873.6,10118,10119,0
EagleCreekDrEtc_SHB_12.11.2025_LS,SHB,3266,0,false,1,0.02,0.2576,0.2576,551.2,10152,10152,0
EagleCreekDrEtc_SHB_12.11.2025_LS,SHB,3267,1,primary,20,0.58,0.2183,0.3457,566.6,10289,10323,13
EagleCreekDrEtc_SHB_12.11.2025_LS,SHB,3268,0,false,1,0.02,0.1117,0.1117,842.7,10350,10350,0
EagleCreekDrEtc_SHB_12.11.2025_LS,SHB,3269,0,false,1,0.02,0.125,0.125,594.0,10417,10417,0
EagleCreekDrEtc_SHB_12.11.2025_LS,SHB,3270,0,false,1,0.02,0.1305,0.1305,908.3,10474,10474,0
EagleCreekDrEtc_SHB_12.11.2025_LS,SHB,3271,0,false,1,0.02,0.1479,0.1479,874.0,10495,10495,0
EagleCreekDrEtc_SHB_12.11.2025_LS,SHB,3272,0,false,2,0.03,0.1141,0.1141,864.9,10532,10533,0
EagleCreekDrEtc_SHB_12.11.2025_LS,SHB,3273,0,false,2,0.13,0.1142,0.1142,835.9,10539,10546,0
EagleCreekDrEtc_SHB_12.11.2025_LS,SHB,3274,0,false,10,0.43,0.2773,0.3909,1088.9,10598,10623,0
EagleCreekDrEtc_SHB_12.11.2025_LS,SHB,3275,0,false,2,0.48,0.2305,0.2305,1672.7,10612,10640,0
EagleCreekDrEtc_SHB_12.11.2025_LS,SHB,3276,0,false,3,0.05,0.218,0.218,892.2,10626,10628,0
EagleCreekDrEtc_SHB_12.11.2025_LS,SHB,3277,0,false,1,0.02,0.1033,0.1033,897.4,10779,10779,0
EagleCreekDrEtc_SHB_12.11.2025_LS,SHB,3278,0,false,1,0.02,0.2246,0.2246,836.2,10814,10814,0
EagleCreekDrEtc_SHB_12.11.2025_LS,SHB,3279,0,false,1,0.02,0.1693,0.1693,525.8,11628,11628,0
EagleCreekDrEtc_SHB_12.11.2025_LS,SHB,3280,0,false,1,0.02,0.1142,0.1142,742.1,11653,11653,0
EagleCreekDrEtc_SHB_12.11.2025_LS,SHB,3281,0,false,2,0.05,0.1544,0.1544,829.7,11658,11660,0
EagleCreekDrEtc_SHB_12.11.2025_LS,SHB,3282,0,false,2,0.03,0.1235,0.1235,845.2,11669,11670,0
EagleCreekDrEtc_SHB_12.11.2025_LS,SHB,3283,0,false,1,0.02,0.1944,0.1944,1081.7,11682,11682,0
EagleCreekDrEtc_SHB_12.11.2025_LS,SHB,3284,0,false,4,0.52,0.1952,0.1952,542.7,11759,11789,0
EagleCreekDrEtc_SHB_12.11.2025_LS,SHB,3285,0,false,2,0.22,0.2205,0.2205,664.5,11813,11825,0
EagleCreekDrEtc_SHB_12.11.2025_LS,SHB,3286,0,false,1,0.02,0.122,0.122,1047.5,11905,11905,0
EagleCreekDrEtc_SHB_12.11.2025_LS,SHB,3287,0,false,1,0.02,0.1297,0.1297,814.0,11921,11921,0
EagleCreekDrEtc_SHB_12.11.2025_LS,SHB,3288,0,false,1,0.02,0.1004,0.1004,1248.6,11997,11997,0
EagleCreekDrEtc_SHB_12.11.2025_LS,SHB,3289,0,false,1,0.02,0.2424,0.2424,546.5,12005,12005,0
EagleCreekDrEtc_SHB_12.11.2025_LS,SHB,3290,0,false,1,0.02,0.123,0.123,1079.6,12070,12070,0
EagleCreekDrEtc_SHB_12.11.2025_LS,SHB,3291,0,false,2,0.18,0.1361,0.1361,943.1,12139,12149,0
EagleCreekDrEtc_SHB_12.11.2025_LS,SHB,3292,0,false,9,0.2,0.1759,0.2197,720.5,12147,12158,0
EagleCreekDrEtc_SHB_12.11.2025_LS,SHB,3293,0,false,37,1.67,0.2378,0.4841,925.3,12191,12290,0
EagleCreekDrEtc_SHB_12.11.2025_LS,SHB,3294,0,false,3,0.07,0.1975,0.1975,975.2,12198,12201,0
EagleCreekDrEtc_SHB_12.11.2025_LS,SHB,3295,0,duplicate,52,3.67,0.2462,0.523,867.6,12225,12444,23
EagleCreekDrEtc_SHB_12.11.2025_LS,SHB,3296,0,false,1,0.02,0.1461,0.1461,251.2,12240,12240,0
EagleCreekDrEtc_SHB_12.11.2025_LS,SHB,3297,0,false,1,0.02,0.1664,0.1664,510.1,12299,12299,0
EagleCreekDrEtc_SHB_12.11.2025_LS,SHB,3298,0,duplicate,23,1.93,0.2706,0.377,881.6,12313,12428,8
EagleCreekDrEtc_SHB_12.11.2025_LS,SHB,3299,0,false,4,0.85,0.1628,0.1628,864.5,12356,12406,0
EagleCreekDrEtc_SHB_12.11.2025_LS,SHB,3300,0,false,5,0.45,0.1241,0.1241,892.0,12356,12382,0
EagleCreekDrEtc_SHB_12.11.2025_LS,SHB,3301,0,duplicate,1,0.02,0.3714,0.3714,762.8,12400,12400,1
EagleCreekDrEtc_SHB_12.11.2025_LS,SHB,3302,0,false,4,0.25,0.1959,0.1959,822.2,12444,12458,0
EagleCreekDrEtc_SHB_12.11.2025_LS,SHB,3303,0,false,1,0.02,0.2099,0.2099,820.9,12457,12457,0
EagleCreekDrEtc_SHB_12.11.2025_LS,SHB,3304,0,duplicate,8,0.2,0.2374,0.2934,878.7,12485,12496,1
EagleCreekDrEtc_SHB_12.11.2025_LS,SHB,3305,0,false,1,0.02,0.105,0.105,852.7,12485,12485,0
EagleCreekDrEtc_SHB_12.11.2025_LS,SHB,3306,0,duplicate,2,0.1,0.2848,0.2848,878.1,12489,12494,1
EagleCreekDrEtc_SHB_12.11.2025_LS,SHB,3307,0,false,1,0.02,0.1432,0.1432,920.1,12496,12496,0
EagleCreekDrEtc_SHB_12.11.2025_LS,SHB,3308,0,duplicate,12,0.78,0.2767,0.4107,848.2,12617,12663,3
EagleCreekDrEtc_SHB_12.11.2025_LS,SHB,3309,0,false,3,0.65,0.1925,0.1925,935.7,12617,12655,0
EagleCreekDrEtc_SHB_12.11.2025_LS,SHB,3310,0,duplicate,10,0.78,0.2342,0.3411,816.9,12617,12663,6
EagleCreekDrEtc_SHB_12.11.2025_LS,SHB,3311,0,duplicate,1,0.02,0.1928,0.1928,788.6,12655,12655,1
EagleCreekDrEtc_SHB_12.11.2025_LS,SHB,3312,0,duplicate,1,0.02,0.4869,0.4869,823.1,12663,12663,1
EagleCreekDrEtc_SHB_12.11.2025_LS,SHB,3313,0,duplicate,2,0.02,0.2897,0.2897,852.6,12697,12697,1
EagleCreekDrEtc_SHB_12.11.2025_LS,SHB,3314,0,duplicate,1,0.02,0.1096,0.1096,844.6,12697,12697,1
EagleCreekDrEtc_SHB_12.11.2025_LS,SHB,3315,0,duplicate,1,0.02,0.1942,0.1942,802.4,12738,12738,1
EagleCreekDrEtc_SHB_12.11.2025_LS,SHB,3316,0,duplicate,1,0.02,0.1051,0.1051,811.5,12738,12738,1
EagleCreekDrEtc_SHB_12.11.2025_LS,SHB,3317,0,duplicate,1,0.02,0.2372,0.2372,813.3,12814,12814,1
EagleCreekDrEtc_SHB_12.11.2025_LS,SHB,3318,0,duplicate,1,0.02,0.1742,0.1742,714.6,12814,12814,1
EagleCreekDrEtc_SHB_12.11.2025_LS,SHB,3319,0,duplicate,29,2.53,0.2103,0.3658,684.2,12851,13002,16
EagleCreekDrEtc_SHB_12.11.2025_LS,SHB,3320,0,duplicate,1,0.02,0.2078,0.2078,725.7,12889,12889,1
EagleCreekDrEtc_SHB_12.11.2025_LS,SHB,3321,0,false,1,0.02,0.1441,0.1441,269.6,12914,12914,0
EagleCreekDrEtc_SHB_12.11.2025_LS,SHB,3322,0,false,1,0.02,0.1413,0.1413,1363.2,12997,12997,0
EagleCreekDrEtc_SHB_12.11.2025_LS,SHB,3323,0,false,1,0.02,0.1135,0.1135,714.0,13007,13007,0
EagleCreekDrEtc_SHB_12.11.2025_LS,SHB,3324,0,false,3,0.12,0.1362,0.1362,667.9,13020,13026,0
EagleCreekDrEtc_SHB_12.11.2025_LS,SHB,3325,0,false,2,0.03,0.2796,0.2796,837.6,13063,13064,0
EagleCreekDrEtc_SHB_12.11.2025_LS,SHB,3326,0,false,7,0.6,0.1901,0.2207,620.2,13098,13133,0
EagleCreekDrEtc_SHB_12.11.2025_LS,SHB,3327,0,false,6,0.28,0.1946,0.2133,1441.9,13157,13173,0
EagleCreekDrEtc_SHB_12.11.2025_LS,SHB,3328,0,false,7,0.2,0.234,0.2801,505.0,13185,13196,0
EagleCreekDrEtc_SHB_12.11.2025_LS,SHB,3329,0,duplicate,25,0.38,0.1882,0.3062,578.5,13234,13256,13
EagleCreekDrEtc_SHB_12.11.2025_LS,SHB,3330,0,false,1,0.02,0.2436,0.2436,322.8,13288,13288,0
EagleCreekDrEtc_SHB_12.11.2025_LS,SHB,3331,0,false,6,0.72,0.1461,0.1543,694.6,13352,13394,0
EagleCreekDrEtc_SHB_12.11.2025_LS,SHB,3332,0,false,1,0.02,0.1044,0.1044,711.2,13355,13355,0
EagleCreekDrEtc_SHB_12.11.2025_LS,SHB,3333,0,false,1,0.02,0.113,0.113,732.1,13396,13396,0
EagleCreekDrEtc_SHB_12.11.2025_LS,SHB,3334,0,false,3,0.52,0.1632,0.1632,715.8,13401,13431,0
EagleCreekDrEtc_SHB_12.11.2025_LS,SHB,3335,0,false,3,0.05,0.1866,0.1866,768.3,13459,13461,0
EagleCreekDrEtc_SHB_12.11.2025_LS,SHB,3336,0,false,13,0.75,0.2422,0.3573,798.2,13481,13525,0
EagleCreekDrEtc_SHB_12.11.2025_LS,SHB,3337,0,false,4,0.53,0.2597,0.2597,890.9,13501,13532,0
EagleCreekDrEtc_SHB_12.11.2025_LS,SHB,3338,0,false,2,0.07,0.1169,0.1169,865.6,13506,13509,0
EagleCreekDrEtc_SHB_12.11.2025_LS,SHB,3339,0,false,18,0.97,0.1861,0.3051,846.9,13540,13597,0
EagleCreekDrEtc_SHB_12.11.2025_LS,SHB,3340,0,false,5,0.08,0.1661,0.1661,761.1,13547,13551,0
EagleCreekDrEtc_SHB_12.11.2025_LS,SHB,3341,0,false,5,0.3,0.2014,0.2014,908.4,13565,13582,0
EagleCreekDrEtc_SHB_12.11.2025_LS,SHB,3342,0,false,3,0.17,0.1948,0.1948,787.0,13575,13584,0
EagleCreekDrEtc_SHB_12.11.2025_LS,SHB,3343,0,false,2,0.1,0.1372,0.1372,891.1,13754,13759,0
EagleCreekDrEtc_SHB_12.11.2025_LS,SHB,3344,0,false,5,0.08,0.2317,0.2317,292.8,13836,13840,0
EagleCreekDrEtc_SHB_12.11.2025_LS,SHB,3345,0,false,1,0.02,0.2786,0.2786,537.4,13890,13890,0
EagleCreekDrEtc_SHB_12.11.2025_LS,SHB,3346,0,false,1,0.02,0.112,0.112,276.3,13909,13909,0
EagleCreekDrEtc_SHB_12.11.2025_LS,SHB,3347,0,false,4,0.12,0.237,0.237,321.1,13946,13952,0
EagleCreekDrEtc_SHB_12.11.2025_LS,SHB,3348,0,false,7,0.1,0.1622,0.1857,316.3,13947,13952,0
EagleCreekDrEtc_SHB_12.11.2025_LS,SHB,3349,0,false,8,0.05,0.2834,0.3508,395.5,13987,13989,0
EagleCreekDrEtc_SHB_12.11.2025_LS,SHB,3350,0,false,3,0.03,0.1796,0.1796,402.0,13988,13989,0
EagleCreekDrEtc_SHB_12.11.2025_LS,SHB,3351,0,duplicate,121,1.48,0.1522,0.3207,344.9,14086,14174,14
EagleCreekDrEtc_SHB_12.11.2025_LS,SHB,3352,0,false,3,0.12,0.141,0.141,535.8,14086,14092,0
EagleCreekDrEtc_SHB_12.11.2025_LS,SHB,3353,0,false,5,0.08,0.1397,0.1397,484.2,14090,14094,0
EagleCreekDrEtc_SHB_12.11.2025_LS,SHB,3354,0,false,8,0.52,0.1232,0.1351,335.1,14101,14131,0
EagleCreekDrEtc_SHB_12.11.2025_LS,SHB,3355,0,false,3,0.07,0.1113,0.1113,344.5,14111,14114,0
EagleCreekDrEtc_SHB_12.11.2025_LS,SHB,3356,0,false,4,0.35,0.2109,0.2109,579.1,14144,14164,0
EagleCreekDrEtc_SHB_12.11.2025_LS,SHB,3357,0,false,1,0.02,0.1363,0.1363,410.1,14157,14157,0
EagleCreekDrEtc_SHB_12.11.2025_LS,SHB,3358,0,false,2,0.03,0.1288,0.1288,1324.9,14361,14362,0
EagleCreekDrEtc_SHB_12.11.2025_LS,SHB,3359,0,false,25,0.82,0.2141,0.4073,492.1,14368,14416,0
EagleCreekDrEtc_SHB_12.11.2025_LS,SHB,3360,0,false,1,0.02,0.1055,0.1055,1010.3,14415,14415,0
EagleCreekDrEtc_SHB_12.11.2025_LS,SHB,3361,0,false,8,0.23,0.1875,0.2216,557.8,14447,14460,0
EagleCreekDrEtc_SHB_12.11.2025_LS,SHB,3362,0,false,4,0.4,0.2801,0.2801,977.0,14489,14512,0
EagleCreekDrEtc_SHB_12.11.2025_LS,SHB,3363,0,false,3,0.05,0.1174,0.1174,1382.1,14599,14601,0
EagleCreekDrEtc_SHB_12.11.2025_LS,SHB,3364,0,false,3,0.05,0.1224,0.1224,512.0,14777,14779,0
EagleCreekDrEtc_SHB_12.11.2025_LS,SHB,3365,0,false,1,0.02,0.1027,0.1027,167.5,14819,14819,0
EagleCreekDrEtc_SHB_12.11.2025_LS,SHB,3366,0,false,1,0.02,0.2116,0.2116,343.5,14934,14934,0
EagleCreekDrEtc_SHB_12.11.2025_LS,SHB,3367,0,duplicate,6,0.15,0.6743,0.746,1488.8,15145,15153,1
EagleCreekDrEtc_SHB_12.11.2025_LS,SHB,3368,0,false,1,0.02,0.7657,0.7657,1178.9,15278,15278,0
EagleCreekDrEtc_SHB_12.11.2025_LS,SHB,3369,0,false,3,0.05,0.4133,0.4133,436.3,15440,15442,0
EagleCreekDrEtc_SHB_12.11.2025_LS,SHB,3370,0,false,1,0.02,0.1363,0.1363,592.8,15444,15444,0
EagleCreekDrEtc_SHB_12.11.2025_LS,SHB,3371,0,false,4,0.23,0.138,0.138,542.9,15459,15472,0
EagleCreekDrEtc_SHB_12.11.2025_LS,SHB,3372,0,duplicate,3,0.03,0.467,0.467,511.6,15579,15580,1
EagleCreekDrEtc_SHB_12.11.2025_LS,SHB,3373,0,duplicate,2,0.02,0.1875,0.1875,505.0,15597,15597,1
EagleCreekDrEtc_SHB_12.11.2025_LS,SHB,3374,0,false,2,0.03,0.2786,0.2786,321.2,15705,15706,0
EagleCreekDrEtc_SHB_12.11.2025_LS,SHB,3375,0,false,3,0.35,0.1579,0.1579,364.8,15722,15742,0
EagleCreekDrEtc_SHB_12.11.2025_LS,SHB,3376,0,false,1,0.02,0.192,0.192,1344.7,15727,15727,0
EagleCreekDrEtc_SHB_12.11.2025_LS,SHB,3377,0,false,5,0.13,0.1746,0.1746,1643.4,15770,15777,0
EagleCreekDrEtc_SHB_12.11.2025_LS,SHB,3378,0,false,5,0.2,0.3373,0.3373,1076.4,15778,15789,0
EagleCreekDrEtc_SHB_12.11.2025_LS,SHB,3379,0,false,9,0.75,0.2271,0.2817,1765.9,15778,15822,0
EagleCreekDrEtc_SHB_12.11.2025_LS,SHB,3380,0,false,1,0.02,0.1237,0.1237,756.5,15799,15799,0
EagleCreekDrEtc_SHB_12.11.2025_LS,SHB,3381,0,false,2,0.03,0.1459,0.1459,700.1,15832,15833,0
EagleCreekDrEtc_SHB_12.11.2025_LS,SHB,3382,0,false,7,0.53,0.1376,0.1516,651.4,15847,15878,0
EagleCreekDrEtc_SHB_12.11.2025_LS,SHB,3383,0,false,1,0.02,0.2405,0.2405,244.3,15879,15879,0
EagleCreekDrEtc_SHB_12.11.2025_LS,SHB,3384,0,false,3,0.05,0.2563,0.2563,1430.6,15941,15943,0
EagleCreekDrEtc_SHB_12.11.2025_LS,SHB,3385,0,false,2,0.05,0.2679,0.2679,1079.2,16078,16080,0
EagleCreekDrEtc_SHB_12.11.2025_LS,SHB,3386,0,false,1,0.02,0.1509,0.1509,592.9,16101,16101,0
EagleCreekDrEtc_SHB_12.11.2025_LS,SHB,3387,0,false,1,0.02,0.1105,0.1105,563.7,16160,16160,0
EagleCreekDrEtc_SHB_12.11.2025_LS,SHB,3388,0,false,2,0.13,0.2005,0.2005,280.7,16349,16356,0
EagleCreekDrEtc_SHB_12.11.2025_LS,SHB,3389,0,false,1,0.02,0.3932,0.3932,917.5,16424,16424,0
EagleCreekDrEtc_SHB_12.11.2025_LS,SHB,3390,0,false,1,0.02,0.2471,0.2471,1444.3,16433,16433,0
EagleCreekDrEtc_SHB_12.11.2025_LS,SHB,3391,0,false,2,0.1,0.1284,0.1284,306.7,16640,16645,0
EagleCreekDrEtc_SHB_12.11.2025_LS,SHB,3392,0,false,1,0.02,0.1235,0.1235,2245.9,16701,16701,0
EagleCreekDrEtc_SHB_12.11.2025_LS,SHB,3393,0,false,1,0.02,0.2451,0.2451,3280.7,16735,16735,0
EagleCreekDrEtc_SHB_12.11.2025_LS,SHB,3394,0,false,1,0.02,0.1488,0.1488,661.2,16738,16738,0
EagleCreekDrEtc_SHB_12.11.2025_LS,SHB,3395,0,false,9,0.48,0.184,0.2253,664.6,16820,16848,0
EagleCreekDrEtc_SHB_12.11.2025_LS,SHB,3396,0,false,1,0.02,0.1273,0.1273,616.8,16835,16835,0
EagleCreekDrEtc_SHB_12.11.2025_LS,SHB,3397,0,false,11,0.62,0.1931,0.245,487.8,16838,16874,0
EagleCreekDrEtc_SHB_12.11.2025_LS,SHB,3398,0,false,3,0.15,0.1647,0.1647,515.9,16850,16858,0
EagleCreekDrEtc_SHB_12.11.2025_LS,SHB,3399,0,false,3,0.13,0.2544,0.2544,372.3,16882,16889,0
EagleCreekDrEtc_SHB_12.11.2025_LS,SHB,3400,0,false,3,0.28,0.1799,0.1799,747.8,16882,16898,0
EagleCreekDrEtc_SHB_12.11.2025_LS,SHB,3401,0,false,4,0.27,0.1845,0.1845,567.3,16893,16908,0
EagleCreekDrEtc_SHB_12.11.2025_LS,SHB,3402,0,false,14,0.3,0.2754,0.3749,503.3,16899,16916,0
EagleCreekDrEtc_SHB_12.11.2025_LS,SHB,3403,0,false,1,0.02,0.3655,0.3655,488.6,16903,16903,0
EagleCreekDrEtc_SHB_12.11.2025_LS,SHB,3404,0,false,6,0.1,0.2808,0.307,581.2,16911,16916,0
EagleCreekDrEtc_SHB_12.11.2025_LS,SHB,3405,0,false,1,0.02,0.1487,0.1487,331.1,16911,16911,0
EagleCreekDrEtc_SHB_12.11.2025_LS,SHB,3406,0,false,1,0.02,0.2104,0.2104,398.2,16916,16916,0
EagleCreekDrEtc_SHB_12.11.2025_LS,SHB,3407,0,false,1,0.02,0.27,0.27,417.4,16932,16932,0
EagleCreekDrEtc_SHB_12.11.2025_LS,SHB,3408,0,false,2,0.03,0.4524,0.4524,407.3,16954,16955,0
EagleCreekDrEtc_SHB_12.11.2025_LS,SHB,3409,0,false,4,0.37,0.1538,0.1538,1444.2,16955,16976,0
EagleCreekDrEtc_SHB_12.11.2025_LS,SHB,3410,0,false,2,0.05,0.3646,0.3646,438.6,16964,16966,0
EagleCreekDrEtc_SHB_12.11.2025_LS,SHB,3411,0,false,5,0.23,0.1244,0.1244,348.5,16970,16983,0
EagleCreekDrEtc_SHB_12.11.2025_LS,SHB,3412,0,false,1,0.02,0.1351,0.1351,475.4,17057,17057,0
EagleCreekDrEtc_SHB_12.11.2025_LS,SHB,3413,0,false,1,0.02,0.1183,0.1183,762.9,17058,17058,0
EagleCreekDrEtc_SHB_12.11.2025_LS,SHB,3414,0,false,2,0.05,0.3202,0.3202,2934.7,17063,17065,0
EagleCreekDrEtc_SHB_12.11.2025_LS,SHB,3415,0,false,1,0.02,0.1546,0.1546,310.8,17069,17069,0
EagleCreekDrEtc_SHB_12.11.2025_LS,SHB,3416,0,false,1,0.02,0.2092,0.2092,714.9,17086,17086,0
EagleCreekDrEtc_SHB_12.11.2025_LS,SHB,3417,0,false,2,0.03,0.2807,0.2807,771.2,17137,17138,0
EagleCreekDrEtc_SHB_12.11.2025_LS,SHB,3418,0,false,8,0.4,0.2148,0.2553,1538.9,17490,17513,0
EagleCreekDrEtc_SHB_12.11.2025_LS,SHB,3419,0,false,1,0.02,0.5925,0.5925,1614.2,17508,17508,0
EagleCreekDrEtc_SHB_12.11.2025_LS,SHB,3420,0,false,2,0.03,0.3274,0.3274,887.0,17534,17535,0
EagleCreekDrEtc_SHB_12.11.2025_LS,SHB,3421,0,false,2,0.03,0.2173,0.2173,684.1,17833,17834,0
EagleCreekDrEtc_SHB_12.11.2025_LS,SHB,3422,0,false,22,0.53,0.2103,0.3131,934.1,17887,17918,0
EagleCreekDrEtc_SHB_12.11.2025_LS,SHB,3423,0,false,10,0.18,0.2673,0.3453,1217.9,17919,17929,0
EagleCreekDrEtc_SHB_12.11.2025_LS,SHB,3424,0,false,1,0.02,0.1614,0.1614,1714.9,17927,17927,0
EagleCreekDrEtc_SHB_12.11.2025_LS,SHB,3425,0,false,1,0.02,0.1813,0.1813,481.7,18047,18047,0
EagleCreekDrEtc_SHB_12.11.2025_LS,SHB,3426,0,false,1,0.02,0.104,0.104,752.1,18064,18064,0
EagleCreekDrEtc_SHB_12.11.2025_LS,SHB,3427,0,false,1,0.02,0.1174,0.1174,478.7,18226,18226,0
EagleCreekDrEtc_SHB_12.11.2025_LS,SHB,3428,0,false,87,4.3,0.2125,0.3902,677.1,18570,18827,0
EagleCreekDrEtc_SHB_12.11.2025_LS,SHB,3429,0,false,2,0.05,0.416,0.416,909.3,18745,18747,0
EagleCreekDrEtc_SHB_12.11.2025_LS,SHB,3430,0,false,2,0.03,0.1694,0.1694,376.4,18900,18901,0
EagleCreekDrEtc_SHB_12.11.2025_LS,SHB,3431,0,false,1,0.02,0.3522,0.3522,521.3,18933,18933,0
EagleCreekDrEtc_SHB_12.11.2025_LS,SHB,3432,0,false,2,0.03,0.1802,0.1802,234.7,18955,18956,0
EagleCreekDrEtc_SHB_12.11.2025_LS,SHB,3433,0,false,2,0.03,0.1388,0.1388,1661.1,19114,19115,0
EagleCreekDrEtc_SHB_12.11.2025_LS,SHB,3434,0,false,4,0.03,0.2649,0.2649,928.6,19155,19156,0
EagleCreekDrEtc_SHB_12.11.2025_LS,SHB,3435,0,duplicate,1,0.02,0.2174,0.2174,5227.5,19328,19328,1
EagleCreekDrEtc_SHB_12.11.2025_LS,SHB,3436,0,false,1,0.02,0.3914,0.3914,839.0,19354,19354,0
EagleCreekDrEtc_SHB_12.11.2025_LS,SHB,3437,0,duplicate,1,0.02,0.4954,0.4954,913.6,19433,19433,1
EagleCreekDrEtc_SHB_12.11.2025_LS,SHB,3438,0,false,1,0.02,0.1649,0.1649,980.5,19560,19560,0
EagleCreekDrEtc_SHB_12.11.2025_LS,SHB,3439,0,false,1,0.02,0.2634,0.2634,501.3,19582,19582,0
EagleCreekDrEtc_SHB_12.11.2025_LS,SHB,3440,0,false,1,0.02,0.143,0.143,468.2,19624,19624,0
EagleCreekDrEtc_SHB_12.11.2025_LS,SHB,3441,0,false,4,0.1,0.2399,0.2399,821.4,19657,19662,0
EagleCreekDrEtc_SHB_12.11.2025_LS,SHB,3442,0,false,1,0.02,0.1323,0.1323,1632.4,19681,19681,0
EagleCreekDrEtc_SHB_12.11.2025_LS,SHB,3443,0,false,5,0.12,0.2471,0.2471,1619.3,19702,19708,0
EagleCreekDrEtc_SHB_12.11.2025_LS,SHB,3444,0,false,1,0.02,0.1352,0.1352,591.0,19714,19714,0
EagleCreekDrEtc_SHB_12.11.2025_LS,SHB,3445,0,false,2,0.22,0.2206,0.2206,1009.4,19729,19741,0
EagleCreekDrEtc_SHB_12.11.2025_LS,SHB,3446,0,false,1,0.02,0.129,0.129,424.1,19736,19736,0
EagleCreekDrEtc_SHB_12.11.2025_LS,SHB,3447,0,false,2,0.03,0.2536,0.2536,481.3,19756,19757,0
EagleCreekDrEtc_SHB_12.11.2025_LS,SHB,3448,0,false,2,0.43,0.2481,0.2481,508.3,19769,19794,0
EagleCreekDrEtc_SHB_12.11.2025_LS,SHB,3449,0,false,1,0.02,0.4301,0.4301,629.3,19839,19839,0
EagleCreekDrEtc_SHB_12.11.2025_LS,SHB,3450,0,false,1,0.02,0.2492,0.2492,729.1,19858,19858,0
EagleCreekDrEtc_SHB_12.11.2025_LS,SHB,3451,0,false,4,0.15,0.2176,0.2176,608.7,19863,19871,0
EagleCreekDrEtc_SHB_12.11.2025_LS,SHB,3452,0,false,1,0.02,0.1013,0.1013,836.0,19864,19864,0
EagleCreekDrEtc_SHB_12.11.2025_LS,SHB,3453,0,false,1,0.02,0.1463,0.1463,1186.1,19933,19933,0
EagleCreekDrEtc_SHB_12.11.2025_LS,SHB,3454,0,false,6,0.18,0.2423,0.2637,691.4,20029,20039,0
EagleCreekDrEtc_SHB_12.11.2025_LS,SHB,3455,0,false,1,0.02,0.1185,0.1185,1442.0,20072,20072,0
EagleCreekDrEtc_SHB_12.11.2025_LS,SHB,3456,0,false,2,0.05,0.284,0.284,603.6,20095,20097,0
EagleCreekDrEtc_SHB_12.11.2025_LS,SHB,3457,0,false,3,0.07,0.3433,0.3433,1015.1,20142,20145,0
EagleCreekDrEtc_SHB_12.11.2025_LS,SHB,3458,0,false,1,0.02,0.172,0.172,831.3,20164,20164,0
EagleCreekDrEtc_SHB_12.11.2025_LS,SHB,3459,0,false,5,0.45,0.1799,0.1799,1499.1,20169,20195,0
EagleCreekDrEtc_SHB_12.11.2025_LS,SHB,3460,0,false,2,0.03,0.3178,0.3178,1671.8,20178,20179,0
EagleCreekDrEtc_SHB_12.11.2025_LS,SHB,3461,0,false,3,0.1,0.2881,0.2881,1133.4,20209,20214,0
EagleCreekDrEtc_SHB_12.11.2025_LS,SHB,3462,0,false,1,0.02,0.1755,0.1755,443.6,20366,20366,0
EagleCreekDrEtc_SHB_12.11.2025_LS,SHB,3463,0,false,2,0.05,0.2171,0.2171,678.6,20370,20372,0
EagleCreekDrEtc_SHB_12.11.2025_LS,SHB,3464,0,false,1,0.02,0.4381,0.4381,925.8,20427,20427,0
EagleCreekDrEtc_SHB_12.11.2025_LS,SHB,3465,0,false,1,0.02,0.1283,0.1283,880.6,20434,20434,0
EagleCreekDrEtc_SHB_12.11.2025_LS,SHB,3466,0,false,1,0.02,0.1622,0.1622,880.8,20498,20498,0
EagleCreekDrEtc_SHB_12.11.2025_LS,SHB,3467,0,false,1,0.02,0.2997,0.2997,650.6,20697,20697,0
EagleCreekDrEtc_SHB_12.11.2025_LS,SHB,3468,0,duplicate,20,0.95,0.3119,0.468,848.0,20724,20780,9
EagleCreekDrEtc_SHB_12.11.2025_LS,SHB,3469,0,duplicate,5,0.45,0.3582,0.3582,867.6,20735,20761,2
EagleCreekDrEtc_SHB_12.11.2025_LS,SHB,3470,0,false,1,0.02,0.1554,0.1554,1004.7,20735,20735,0
EagleCreekDrEtc_SHB_12.11.2025_LS,SHB,3471,0,false,9,0.52,0.2147,0.2855,1081.5,20750,20780,0
EagleCreekDrEtc_SHB_12.11.2025_LS,SHB,3472,0,false,1,0.02,0.5227,0.5227,816.6,20760,20760,0
EagleCreekDrEtc_SHB_12.11.2025_LS,SHB,3473,0,duplicate,6,0.45,0.2554,0.2861,1078.1,20822,20848,6
EagleCreekDrEtc_SHB_12.11.2025_LS,SHB,3474,0,false,7,0.77,0.1553,0.1765,494.1,20843,20888,0
EagleCreekDrEtc_SHB_12.11.2025_LS,SHB,3475,0,false,30,1.03,0.228,0.4153,535.6,20857,20918,0
EagleCreekDrEtc_SHB_12.11.2025_LS,SHB,3476,0,false,2,0.02,0.1244,0.1244,1027.2,20860,20860,0
EagleCreekDrEtc_SHB_12.11.2025_LS,SHB,3477,0,false,1,0.02,0.1412,0.1412,1489.4,20874,20874,0
EagleCreekDrEtc_SHB_12.11.2025_LS,SHB,3478,0,false,1,0.02,0.1375,0.1375,502.7,20901,20901,0
EagleCreekDrEtc_SHB_12.11.2025_LS,SHB,3479,0,false,1,0.02,0.1978,0.1978,467.0,20917,20917,0
EagleCreekDrEtc_SHB_12.11.2025_LS,SHB,3480,0,false,20,0.82,0.2886,0.4433,576.8,20939,20987,0
EagleCreekDrEtc_SHB_12.11.2025_LS,SHB,3481,0,false,2,0.03,0.1919,0.1919,594.8,20960,20961,0
EagleCreekDrEtc_SHB_12.11.2025_LS,SHB,3482,0,duplicate,11,1.1,0.3141,0.4299,405.4,20972,21037,5
EagleCreekDrEtc_SHB_12.11.2025_LS,SHB,3483,0,false,1,0.02,0.1493,0.1493,481.1,20974,20974,0
EagleCreekDrEtc_SHB_12.11.2025_LS,SHB,3484,0,false,5,0.47,0.1883,0.1883,600.0,21001,21028,0
EagleCreekDrEtc_SHB_12.11.2025_LS,SHB,3485,0,false,1,0.02,0.1006,0.1006,451.1,21011,21011,0
EagleCreekDrEtc_SHB_12.11.2025_LS,SHB,3486,0,false,2,0.22,0.2741,0.2741,401.6,21017,21029,0
EagleCreekDrEtc_SHB_12.11.2025_LS,SHB,3487,0,duplicate,6,0.38,0.1592,0.169,467.8,21073,21095,3
EagleCreekDrEtc_SHB_12.11.2025_LS,SHB,3488,0,duplicate,2,0.02,0.1971,0.1971,432.8,21185,21185,1
EagleCreekDrEtc_SHB_12.11.2025_LS,SHB,3489,0,duplicate,2,0.02,0.1304,0.1304,900.7,21185,21185,1
EagleCreekDrEtc_SHB_12.11.2025_LS,SHB,3490,0,duplicate,6,0.13,0.1917,0.2096,821.9,21243,21250,2
EagleCreekDrEtc_SHB_12.11.2025_LS,SHB,3491,0,false,1,0.02,0.1857,0.1857,649.5,21246,21246,0
EagleCreekDrEtc_SHB_12.11.2025_LS,SHB,3492,0,false,2,0.12,0.3137,0.3137,811.8,21262,21268,0
EagleCreekDrEtc_SHB_12.11.2025_LS,SHB,3493,0,duplicate,13,0.68,0.3287,0.4145,696.6,21290,21330,13
EagleCreekDrEtc_SHB_12.11.2025_LS,SHB,3494,0,false,1,0.02,0.2056,0.2056,859.4,21339,21339,0
EagleCreekDrEtc_SHB_12.11.2025_LS,SHB,3495,0,duplicate,44,1.33,0.238,0.4069,596.1,21376,21455,3
EagleCreekDrEtc_SHB_12.11.2025_LS,SHB,3496,0,false,1,0.02,0.1051,0.1051,1361.7,21376,21376,0
EagleCreekDrEtc_SHB_12.11.2025_LS,SHB,3497,0,false,1,0.02,0.1588,0.1588,618.5,21390,21390,0
EagleCreekDrEtc_SHB_12.11.2025_LS,SHB,3498,0,false,1,0.02,0.1364,0.1364,532.0,21402,21402,0
EagleCreekDrEtc_SHB_12.11.2025_LS,SHB,3499,0,false,9,0.17,0.2329,0.2917,774.1,21411,21420,0
EagleCreekDrEtc_SHB_12.11.2025_LS,SHB,3500,0,false,3,0.52,0.2364,0.2364,389.9,21450,21480,0
EagleCreekDrEtc_SHB_12.11.2025_LS,SHB,3501,0,false,1,0.02,0.1948,0.1948,514.6,21517,21517,0
EagleCreekDrEtc_SHB_12.11.2025_LS,SHB,3502,0,false,1,0.02,0.2487,0.2487,314.2,21562,21562,0
EagleCreekDrEtc_SHB_12.11.2025_LS,SHB,3503,0,false,1,0.02,0.2571,0.2571,477.4,21564,21564,0
EagleCreekDrEtc_SHB_12.11.2025_LS,SHB,3504,0,false,3,0.57,0.2163,0.2163,1068.6,21590,21623,0
EagleCreekDrEtc_SHB_12.11.2025_LS,SHB,3505,0,false,1,0.02,0.3458,0.3458,292.4,21609,21609,0
EagleCreekDrEtc_SHB_12.11.2025_LS,SHB,3506,0,false,2,0.07,0.3771,0.3771,1340.8,21619,21622,0
FernRidgeRd_TON_12.03.25_LS,TON,247,0,false,4,0.07,0.3308,0.3308,429.4,581,584,0
FernRidgeRd_TON_12.03.25_LS,TON,249,0,false,2,0.03,0.392,0.392,386.9,584,585,0
FernRidgeRd_TON_12.03.25_LS,TON,285,0,false,2,0.03,0.3926,0.3926,732.4,3081,3082,0
FernRidgeRd_TON_12.03.25_LS,TON,316,0,false,2,0.03,0.3419,0.3419,817.8,3125,3126,0
FernRidgeRd_TON_12.03.25_LS,TON,335,1,primary,162,3.17,0.5989,0.7352,575.1,4142,4331,151
FernRidgeRd_TON_12.03.25_LS,TON,358,0,duplicate,3,0.43,0.5262,0.5262,757.2,4333,4358,2
FernRidgeRd_TON_12.03.25_LS,TON,360,0,duplicate,3,0.05,0.4643,0.4643,592.2,4339,4341,2
FernRidgeRd_TON_12.03.25_LS,TON,368,0,false,3,0.05,0.3939,0.3939,512.7,4519,4521,0
FernRidgeRd_TON_12.03.25_LS,TON,372,0,false,1,0.02,0.3525,0.3525,405.6,4540,4540,0
FernRidgeRd_TON_12.03.25_LS,TON,384,0,false,2,0.03,0.4549,0.4549,849.6,4624,4625,0
FernRidgeRd_TON_12.03.25_LS,TON,410,0,false,3,0.05,0.3709,0.3709,400.8,5350,5352,0
FernRidgeRd_TON_12.03.25_LS,TON,413,1,primary,111,2.78,0.5439,0.6818,417.5,5710,5876,102
FernRidgeRd_TON_12.03.25_LS,TON,462,0,false,11,0.35,0.3643,0.4744,507.4,6754,6774,0
FernRidgeRd_TON_12.03.25_LS,TON,490,0,false,1,0.02,0.4194,0.4194,978.6,7188,7188,0
FernRidgeRd_TON_12.03.25_LS,TON,497,0,duplicate,6,0.12,0.4093,0.4218,621.5,7218,7224,1
FernRidgeRd_TON_12.03.25_LS,TON,501,1,primary,78,1.38,0.512,0.6385,465.0,7235,7317,78
FernRidgeRd_TON_12.03.25_LS,TON,504,0,false,7,0.17,0.4146,0.4907,439.8,7315,7324,0
FernRidgeRd_TON_12.03.25_LS,TON,698,0,false,1,0.02,0.4264,0.4264,1202.9,11947,11947,0
FernRidgeRd_TON_12.03.25_LS,TON,706,0,false,3,0.05,0.4325,0.4325,1379.7,11997,11999,0
FernRidgeRd_TON_12.03.25_LS,TON,717,1,primary,71,1.27,0.7187,0.7726,1381.3,12082,12157,68
FernRidgeRd_TON_12.03.25_LS,TON,725,1,primary,88,1.68,0.6372,0.7165,428.5,12139,12239,86
FernRidgeRd_TON_12.03.25_LS,TON,737,0,false,2,0.03,0.3954,0.3954,1147.7,12226,12227,0
FernRidgeRd_TON_12.03.25_LS,TON,760,1,primary,158,3.2,0.6652,0.7686,913.9,12539,12730,135
FernRidgeRd_TON_12.03.25_LS,TON,787,0,duplicate,111,2.6,0.5326,0.751,817.1,12748,12903,111
FernRidgeRd_TON_12.03.25_LS,TON,802,0,false,2,0.03,0.4093,0.4093,793.4,12838,12839,0
FernRidgeRd_TON_12.03.25_LS,TON,810,0,duplicate,39,0.98,0.5326,0.7699,841.4,12888,12946,39
FernRidgeRd_TON_12.03.25_LS,TON,828,0,duplicate,17,0.3,0.5412,0.6744,793.3,12969,12986,15
FernRidgeRd_TON_12.03.25_LS,TON,840,0,false,1,0.02,0.5218,0.5218,931.9,13099,13099,0
FernRidgeRd_TON_12.03.25_LS,TON,873,0,false,1,0.02,0.4153,0.4153,804.6,13339,13339,0
FernRidgeRd_TON_12.03.25_LS,TON,928,0,false,54,1.1,0.5326,0.6741,959.9,14212,14277,0
FernRidgeRd_TON_12.03.25_LS,TON,933,0,false,2,0.03,0.301,0.301,802.8,14219,14220,0
FernRidgeRd_TON_12.03.25_LS,TON,936,0,false,2,0.03,0.3135,0.3135,1059.1,14239,14240,0
FernRidgeRd_TON_12.03.25_LS,TON,943,0,false,1,0.02,0.3583,0.3583,306.4,14294,14294,0
FernRidgeRd_TON_12.03.25_LS,TON,947,1,primary,166,3.55,0.6038,0.6976,1059.8,14412,14624,83
FernRidgeRd_TON_12.03.25_LS,TON,950,0,false,1,0.02,0.3744,0.3744,1041.0,14458,14458,0
FernRidgeRd_TON_12.03.25_LS,TON,953,0,false,5,0.08,0.3946,0.3946,610.6,14504,14508,0
FernRidgeRd_TON_12.03.25_LS,TON,962,0,false,1,0.02,0.4197,0.4197,894.6,14535,14535,0
FernRidgeRd_TON_12.03.25_LS,TON,969,0,duplicate,34,0.57,0.4997,0.618,1046.1,14542,14575,34
FernRidgeRd_TON_12.03.25_LS,TON,977,0,false,2,0.03,0.2925,0.2925,1254.5,14660,14661,0
FernRidgeRd_TON_12.03.25_LS,TON,993,0,false,4,0.07,0.3132,0.3132,1019.9,14702,14705,0
FernRidgeRd_TON_12.03.25_LS,TON,1012,0,false,10,0.23,0.5003,0.5876,797.3,14748,14761,0
FernRidgeRd_TON_12.03.25_LS,TON,1026,0,false,1,0.02,0.4759,0.4759,586.4,15721,15721,0
FernRidgeRd_TON_12.03.25_LS,TON,1048,0,false,1,0.02,0.4807,0.4807,891.3,15899,15899,0
FernRidgeRd_TON_12.03.25_LS,TON,1053,0,false,1,0.02,0.3455,0.3455,855.0,15938,15938,0
FernRidgeRd_TON_12.03.25_LS,TON,1057,0,false,1,0.02,0.3644,0.3644,490.7,16323,16323,0
FernRidgeRd_TON_12.03.25_LS,TON,1082,0,false,8,0.13,0.4714,0.4967,1069.5,16609,16616,0
FernRidgeRd_TON_12.03.25_LS,TON,1090,0,false,6,0.1,0.305,0.342,1058.0,16646,16651,0
FernRidgeRd_TON_12.03.25_LS,TON,1113,0,false,2,0.03,0.2436,0.2436,1024.7,16839,16840,0
FernRidgeRd_TON_12.03.25_LS,TON,1114,0,false,3,0.18,0.3547,0.3547,1129.3,16841,16851,0
FernRidgeRd_TON_12.03.25_LS,TON,1120,0,false,2,0.03,0.2449,0.2449,1210.3,16858,16859,0
FernRidgeRd_TON_12.03.25_LS,TON,1131,0,false,3,0.05,0.4456,0.4456,841.3,16984,16986,0
FernRidgeRd_TON_12.03.25_LS,TON,1132,0,false,2,0.03,0.2865,0.2865,829.9,16985,16986,0
FernRidgeRd_TON_12.03.25_LS,TON,1137,0,false,26,0.48,0.3697,0.5055,1007.9,17035,17063,0
FernRidgeRd_TON_12.03.25_LS,TON,1144,0,false,4,0.1,0.3449,0.3449,1062.1,17129,17134,0
FernRidgeRd_TON_12.03.25_LS,TON,1201,0,false,1,0.02,0.4461,0.4461,569.6,19576,19576,0
FernRidgeRd_TON_12.03.25_LS,TON,1202,0,false,7,0.12,0.4683,0.5334,1478.7,19726,19732,0
FernRidgeRd_TON_12.03.25_LS,TON,1228,0,false,1,0.02,0.3875,0.3875,5732.7,20468,20468,0
FernRidgeRd_TON_12.03.25_LS,TON,1249,0,false,4,0.07,0.5691,0.5691,476.2,22025,22028,0
FernRidgeRd_TON_12.03.25_LS,TON,1263,0,false,6,0.1,0.488,0.4999,534.9,22332,22337,0
FernRidgeRd_TON_12.03.25_LS,TON,1279,0,false,1,0.02,0.4125,0.4125,712.3,22389,22389,0
FernRidgeRd_TON_12.03.25_LS,TON,1293,0,false,3,1.22,0.5698,0.5698,2261.0,23002,23074,0
FernRidgeRd_TON_12.03.25_LS,TON,1312,0,false,19,0.38,0.4143,0.5051,1423.7,23140,23162,0
FernRidgeRd_TON_12.03.25_LS,TON,1318,0,false,5,0.08,0.3648,0.3648,495.9,23610,23614,0
FernRidgeRd_TON_12.03.25_LS,TON,1339,0,false,15,0.35,0.5305,0.6419,2399.5,24751,24771,0
FernRidgeRd_TON_12.03.25_LS,TON,1340,0,false,1,0.02,0.5185,0.5185,735.4,24754,24754,0
FernRidgeRd_TON_12.03.25_LS,TON,1351,0,false,2,0.07,0.4289,0.4289,1202.9,24777,24780,0
FernRidgeRd_TON_12.03.25_LS,TON,1356,0,false,3,0.05,0.5546,0.5546,1752.3,24788,24790,0
FernRidgeRd_TON_12.03.25_LS,TON,1364,0,false,2,0.03,0.6098,0.6098,1225.6,24851,24852,0
FernRidgeRd_TON_12.03.25_LS,TON,1369,0,false,4,0.07,0.3648,0.3648,1084.0,24889,24892,0
FernRidgeRd_TON_12.03.25_LS,TON,1372,0,false,2,0.03,0.3935,0.3935,1486.7,24915,24916,0
FernRidgeRd_TON_12.03.25_LS,TON,1374,0,false,1,0.02,0.4315,0.4315,1240.6,24918,24918,0
FernRidgeRd_TON_12.03.25_LS,TON,1385,0,false,5,0.62,0.4976,0.4976,1524.5,24946,24982,0
FernRidgeRd_TON_12.03.25_LS,TON,1393,0,false,5,0.08,0.3465,0.3465,1445.5,24984,24988,0
FernRidgeRd_TON_12.03.25_LS,TON,1421,0,false,1,0.02,0.4233,0.4233,2391.4,25159,25159,0
FernRidgeRd_TON_12.03.25_LS,TON,1443,0,false,1,0.02,0.4979,0.4979,2447.3,25244,25244,0
FernRidgeRd_TON_12.03.25_LS,TON,1466,0,false,2,0.03,0.2607,0.2607,4049.3,26074,26075,0
FernRidgeRd_TON_12.03.25_LS,TON,1477,0,false,4,0.07,0.6359,0.6359,1409.3,26177,26180,0
FernRidgeRd_TON_12.03.25_LS,TON,1521,0,false,1,0.02,0.5189,0.5189,668.9,28040,28040,0
FernRidgeRd_TON_12.03.25_LS,TON,1544,0,false,3,0.05,0.2697,0.2697,541.4,28104,28106,0
FernRidgeRd_TON_12.03.25_LS,TON,1580,0,false,3,0.05,0.3583,0.3583,791.3,29927,29929,0
FernRidgeRd_TON_12.03.25_LS,TON,1583,0,false,2,0.03,0.3718,0.3718,1324.0,29947,29948,0
FernRidgeRd_TON_12.03.25_LS,TON,1585,0,false,2,0.03,0.2574,0.2574,591.9,30107,30108,0
FernRidgeRd_TON_12.03.25_LS,TON,1604,0,false,1,0.02,0.5519,0.5519,619.3,30267,30267,0
FernRidgeRd_TON_12.03.25_LS,TON,1632,0,duplicate,139,2.47,0.498,0.5983,329.0,30636,30783,139
FernRidgeRd_TON_12.03.25_LS,TON,1646,0,duplicate,4,0.07,0.3753,0.3753,341.9,30793,30796,4
FernRidgeRd_TON_12.03.25_LS,TON,1661,0,duplicate,47,1.12,0.4644,0.5562,336.6,30806,30872,47
FernRidgeRd_TON_12.03.25_LS,TON,1683,0,duplicate,7,0.12,0.4091,0.4422,277.5,30881,30887,7
FernRidgeRd_TON_12.03.25_LS,TON,1688,0,duplicate,10,0.17,0.4307,0.5116,323.0,30891,30900,10
FernRidgeRd_TON_12.03.25_LS,TON,1730,0,duplicate,84,1.4,0.4494,0.5931,341.6,30949,31032,81
FernRidgeRd_TON_12.03.25_LS,TON,1738,0,false,6,0.1,0.3649,0.3773,345.3,30999,31004,0
FernRidgeRd_TON_12.03.25_LS,TON,1753,0,duplicate,2,0.03,0.4181,0.4181,310.3,31039,31040,2
FernRidgeRd_TON_12.03.25_LS,TON,1767,1,primary,154,2.58,0.4999,0.6352,302.5,31051,31205,151
FernRidgeRd_TON_12.03.25_LS,TON,1811,0,false,13,0.22,0.5487,0.6329,584.7,31823,31835,0
FernRidgeRd_TON_12.03.25_LS,TON,1812,0,false,19,0.35,0.4461,0.6185,497.2,31839,31859,0
FernRidgeRd_TON_12.03.25_LS,TON,1816,0,false,5,0.08,0.352,0.352,562.9,31865,31869,0
FernRidgeRd_TON_12.03.25_LS,TON,1826,0,duplicate,6,0.1,0.4657,0.4855,213.5,31930,31935,5
FernRidgeRd_TON_12.03.25_LS,TON,1846,1,primary,39,0.68,0.5582,0.6694,183.4,31971,32011,39
FernRidgeRd_TON_12.03.25_LS,TON,1847,0,false,2,0.03,0.5989,0.5989,208.0,32013,32014,0
FernRidgeRd_TON_12.03.25_LS,TON,1891,0,false,5,0.08,0.4486,0.4486,798.9,32653,32657,0
FernRidgeRd_TON_12.03.25_LS,TON,1895,0,false,3,0.05,0.4516,0.4516,718.2,32661,32663,0
FernRidgeRd_TON_12.03.25_LS,TON,1909,0,false,8,0.2,0.3412,0.3914,505.5,32704,32715,0
FernRidgeRd_TON_12.03.25_LS,TON,1934,0,false,1,0.02,0.4416,0.4416,376.3,32833,32833,0
FernRidgeRd_TON_12.03.25_LS,TON,1936,0,false,1,0.02,0.5516,0.5516,1607.2,32840,32840,0
FernRidgeRd_TON_12.03.25_LS,TON,1937,0,false,3,0.05,0.5576,0.5576,1914.5,32907,32909,0
FernRidgeRd_TON_12.03.25_LS,TON,1944,0,false,4,0.12,0.5023,0.5023,669.6,33652,33658,0
FernRidgeRd_TON_12.03.25_LS,TON,1951,0,duplicate,32,0.57,0.569,0.7109,668.4,33692,33725,29
FernRidgeRd_TON_12.03.25_LS,TON,1955,1,primary,181,3.12,0.7088,0.7749,686.3,33728,33914,181
FernRidgeRd_TON_12.03.25_LS,TON,1964,0,false,2,0.03,0.5478,0.5478,599.8,33745,33746,0
FernRidgeRd_TON_12.03.25_LS,TON,1972,0,duplicate,23,0.45,0.5992,0.6909,575.1,33818,33844,22
FernRidgeRd_TON_12.03.25_LS,TON,1986,0,duplicate,107,1.95,0.5794,0.7331,609.4,33858,33974,107
FernRidgeRd_TON_12.03.25_LS,TON,1997,0,false,1,0.02,0.4553,0.4553,709.8,33918,33918,0
FernRidgeRd_TON_12.03.25_LS,TON,2003,0,duplicate,139,2.33,0.7001,0.7799,687.7,33922,34061,139
FernRidgeRd_TON_12.03.25_LS,TON,2028,1,primary,109,1.85,0.7267,0.8,615.3,33980,34090,109
FernRidgeRd_TON_12.03.25_LS,TON,2029,0,false,7,0.2,0.4419,0.4799,356.0,34020,34031,0
FernRidgeRd_TON_12.03.25_LS,TON,2035,0,duplicate,15,1.27,0.4801,0.5809,680.8,34038,34113,10
FernRidgeRd_TON_12.03.25_LS,TON,2044,0,duplicate,2,0.03,0.5057,0.5057,690.0,34102,34103,2
FernRidgeRd_TON_12.03.25_LS,TON,2049,0,duplicate,16,0.3,0.5853,0.6935,656.2,34125,34142,16
FernRidgeRd_TON_12.03.25_LS,TON,2062,0,duplicate,37,1.28,0.5995,0.759,705.8,34162,34238,37
FernRidgeRd_TON_12.03.25_LS,TON,2069,0,duplicate,25,0.58,0.5076,0.6375,702.3,34204,34238,25
FernRidgeRd_TON_12.03.25_LS,TON,2070,1,primary,132,2.37,0.6422,0.7902,951.3,34213,34354,121
FernRidgeRd_TON_12.03.25_LS,TON,2099,0,duplicate,7,0.12,0.3552,0.4124,495.2,34245,34251,7
FernRidgeRd_TON_12.03.25_LS,TON,2106,0,duplicate,45,0.75,0.446,0.5757,571.6,34252,34296,45
FernRidgeRd_TON_12.03.25_LS,TON,2136,0,duplicate,15,0.25,0.4872,0.5303,962.5,34358,34372,13
FernRidgeRd_TON_12.03.25_LS,TON,2148,0,false,3,0.05,0.3917,0.3917,1086.3,34432,34434,0
FernRidgeRd_TON_12.03.25_LS,TON,2168,0,false,4,0.07,0.3968,0.3968,1208.0,34615,34618,0
FernRidgeRd_TON_12.03.25_LS,TON,2169,1,primary,61,1.1,0.65,0.7346,467.4,34623,34688,46
FernRidgeRd_TON_12.03.25_LS,TON,2180,0,duplicate,58,0.97,0.6752,0.7806,1245.9,34632,34689,49
FernRidgeRd_TON_12.03.25_LS,TON,2239,1,primary,136,2.3,0.6595,0.8171,1259.9,34692,34829,134
FernRidgeRd_TON_12.03.25_LS,TON,2240,0,false,2,0.03,0.2639,0.2639,975.9,34692,34693,0
FernRidgeRd_TON_12.03.25_LS,TON,3240,0,false,1,0.02,0.1085,0.1085,657.1,427,427,0
FernRidgeRd_TON_12.03.25_LS,TON,3241,0,false,4,0.12,0.165,0.165,268.2,525,531,0
FernRidgeRd_TON_12.03.25_LS,TON,3242,0,false,8,0.25,0.1741,0.2085,335.2,572,586,0
FernRidgeRd_TON_12.03.25_LS,TON,3243,0,false,17,1.98,0.1642,0.2478,422.8,591,709,0
FernRidgeRd_TON_12.03.25_LS,TON,3244,0,false,3,0.05,0.1363,0.1363,434.0,641,643,0
FernRidgeRd_TON_12.03.25_LS,TON,3245,0,false,1,0.02,0.1608,0.1608,379.2,942,942,0
FernRidgeRd_TON_12.03.25_LS,TON,3246,0,false,7,0.35,0.1878,0.2178,644.7,1261,1281,0
FernRidgeRd_TON_12.03.25_LS,TON,3247,0,false,1,0.02,0.188,0.188,834.8,2303,2303,0
FernRidgeRd_TON_12.03.25_LS,TON,3248,0,false,2,0.05,0.2251,0.2251,682.6,2519,2521,0
FernRidgeRd_TON_12.03.25_LS,TON,3249,0,false,1,0.02,0.1038,0.1038,974.3,2556,2556,0
FernRidgeRd_TON_12.03.25_LS,TON,3250,0,false,1,0.02,0.1285,0.1285,759.6,2574,2574,0
FernRidgeRd_TON_12.03.25_LS,TON,3251,0,false,1,0.02,0.1171,0.1171,1285.8,2579,2579,0
FernRidgeRd_TON_12.03.25_LS,TON,3252,0,false,1,0.02,0.1003,0.1003,1210.5,2620,2620,0
FernRidgeRd_TON_12.03.25_LS,TON,3253,0,false,6,0.32,0.1851,0.2012,859.3,2641,2659,0
FernRidgeRd_TON_12.03.25_LS,TON,3254,0,false,1,0.02,0.1052,0.1052,819.1,2798,2798,0
FernRidgeRd_TON_12.03.25_LS,TON,3255,0,false,2,0.03,0.2968,0.2968,988.2,2925,2926,0
FernRidgeRd_TON_12.03.25_LS,TON,3256,0,false,1,0.02,0.2247,0.2247,1349.1,2944,2944,0
FernRidgeRd_TON_12.03.25_LS,TON,3257,0,false,58,1.75,0.2261,0.3816,747.9,3043,3147,0
FernRidgeRd_TON_12.03.25_LS,TON,3258,0,false,1,0.02,0.1312,0.1312,204.6,3097,3097,0
FernRidgeRd_TON_12.03.25_LS,TON,3259,0,false,1,0.02,0.1245,0.1245,515.5,3289,3289,0
FernRidgeRd_TON_12.03.25_LS,TON,3260,0,false,1,0.02,0.1929,0.1929,646.2,3422,3422,0
FernRidgeRd_TON_12.03.25_LS,TON,3261,0,false,3,0.08,0.2336,0.2336,844.5,3532,3536,0
FernRidgeRd_TON_12.03.25_LS,TON,3262,0,false,3,0.05,0.2527,0.2527,653.6,3712,3714,0
FernRidgeRd_TON_12.03.25_LS,TON,3263,0,false,2,0.03,0.1675,0.1675,300.6,3725,3726,0
FernRidgeRd_TON_12.03.25_LS,TON,3264,0,false,2,0.03,0.1885,0.1885,1315.1,3820,3821,0
FernRidgeRd_TON_12.03.25_LS,TON,3265,0,false,1,0.02,0.1387,0.1387,524.8,3867,3867,0
FernRidgeRd_TON_12.03.25_LS,TON,3266,0,false,1,0.02,0.1919,0.1919,649.1,3989,3989,0
FernRidgeRd_TON_12.03.25_LS,TON,3267,0,false,3,0.18,0.3259,0.3259,933.3,4099,4109,0
FernRidgeRd_TON_12.03.25_LS,TON,3268,0,false,3,0.05,0.2894,0.2894,450.9,4139,4141,0
FernRidgeRd_TON_12.03.25_LS,TON,3269,0,duplicate,2,0.03,0.1943,0.1943,607.0,4168,4169,2
FernRidgeRd_TON_12.03.25_LS,TON,3270,0,duplicate,2,0.42,0.3497,0.3497,614.4,4212,4236,2
FernRidgeRd_TON_12.03.25_LS,TON,3271,0,duplicate,20,1.5,0.2523,0.4028,615.7,4268,4357,10
FernRidgeRd_TON_12.03.25_LS,TON,3272,0,false,3,0.2,0.1369,0.1369,525.7,4278,4289,0
FernRidgeRd_TON_12.03.25_LS,TON,3273,0,false,3,0.07,0.2518,0.2518,461.2,4465,4468,0
FernRidgeRd_TON_12.03.25_LS,TON,3274,0,false,22,1.28,0.2237,0.3626,488.6,4486,4562,0
FernRidgeRd_TON_12.03.25_LS,TON,3275,0,false,1,0.02,0.3859,0.3859,670.5,4513,4513,0
FernRidgeRd_TON_12.03.25_LS,TON,3276,0,false,1,0.02,0.1565,0.1565,645.2,4538,4538,0
FernRidgeRd_TON_12.03.25_LS,TON,3277,0,false,5,0.12,0.2902,0.2902,778.7,4620,4626,0
FernRidgeRd_TON_12.03.25_LS,TON,3278,0,false,1,0.02,0.1246,0.1246,590.0,4661,4661,0
FernRidgeRd_TON_12.03.25_LS,TON,3279,0,false,3,0.47,0.1661,0.1661,787.4,4834,4861,0
FernRidgeRd_TON_12.03.25_LS,TON,3280,0,false,6,0.15,0.1389,0.145,899.5,4884,4892,0
FernRidgeRd_TON_12.03.25_LS,TON,3281,0,false,2,0.07,0.1625,0.1625,1062.5,4926,4929,0
FernRidgeRd_TON_12.03.25_LS,TON,3282,0,false,1,0.02,0.1643,0.1643,990.1,4931,4931,0
FernRidgeRd_TON_12.03.25_LS,TON,3283,0,false,1,0.02,0.1354,0.1354,807.0,4988,4988,0
FernRidgeRd_TON_12.03.25_LS,TON,3284,0,false,1,0.02,0.1026,0.1026,512.7,5161,5161,0
FernRidgeRd_TON_12.03.25_LS,TON,3285,0,false,4,0.05,0.1586,0.1586,662.4,5167,5169,0
FernRidgeRd_TON_12.03.25_LS,TON,3286,0,false,7,0.52,0.1715,0.1929,753.8,5298,5328,0
FernRidgeRd_TON_12.03.25_LS,TON,3287,0,false,2,0.03,0.1526,0.1526,410.6,5315,5316,0
FernRidgeRd_TON_12.03.25_LS,TON,3288,0,false,17,0.33,0.2342,0.3227,512.3,5330,5349,0
FernRidgeRd_TON_12.03.25_LS,TON,3289,0,false,2,0.03,0.182,0.182,405.8,5359,5360,0
FernRidgeRd_TON_12.03.25_LS,TON,3290,0,false,1,0.02,0.143,0.143,535.7,5529,5529,0
FernRidgeRd_TON_12.03.25_LS,TON,3291,0,false,3,0.55,0.1147,0.1147,899.4,5604,5636,0
FernRidgeRd_TON_12.03.25_LS,TON,3292,0,false,1,0.02,0.4913,0.4913,442.9,5709,5709,0
FernRidgeRd_TON_12.03.25_LS,TON,3293,0,duplicate,1,0.02,0.2181,0.2181,448.1,5742,5742,1
FernRidgeRd_TON_12.03.25_LS,TON,3294,0,duplicate,12,0.58,0.2299,0.3392,474.9,5763,5797,8
FernRidgeRd_TON_12.03.25_LS,TON,3295,0,false,3,0.12,0.2049,0.2049,516.0,5764,5770,0
FernRidgeRd_TON_12.03.25_LS,TON,3296,0,false,4,0.07,0.1746,0.1746,469.0,5771,5774,0
FernRidgeRd_TON_12.03.25_LS,TON,3297,0,duplicate,19,0.7,0.211,0.3005,391.5,5836,5877,12
FernRidgeRd_TON_12.03.25_LS,TON,3298,0,false,1,0.02,0.1077,0.1077,373.0,5836,5836,0
FernRidgeRd_TON_12.03.25_LS,TON,3299,0,false,1,0.02,0.1699,0.1699,450.4,5842,5842,0
FernRidgeRd_TON_12.03.25_LS,TON,3300,0,false,1,0.02,0.1754,0.1754,374.0,5860,5860,0
FernRidgeRd_TON_12.03.25_LS,TON,3301,0,false,1,0.02,0.112,0.112,925.9,5863,5863,0
FernRidgeRd_TON_12.03.25_LS,TON,3302,0,false,1,0.02,0.1149,0.1149,263.1,5918,5918,0
FernRidgeRd_TON_12.03.25_LS,TON,3303,0,false,5,0.08,0.1212,0.1212,446.9,5995,5999,0
FernRidgeRd_TON_12.03.25_LS,TON,3304,0,false,1,0.02,0.1424,0.1424,628.6,6239,6239,0
FernRidgeRd_TON_12.03.25_LS,TON,3305,0,false,1,0.02,0.1061,0.1061,307.9,6382,6382,0
FernRidgeRd_TON_12.03.25_LS,TON,3306,0,false,3,0.05,0.1935,0.1935,465.6,6660,6662,0
FernRidgeRd_TON_12.03.25_LS,TON,3307,0,false,34,1.13,0.2389,0.4162,521.9,6747,6814,0
FernRidgeRd_TON_12.03.25_LS,TON,3308,0,false,1,0.02,0.184,0.184,447.8,6826,6826,0
FernRidgeRd_TON_12.03.25_LS,TON,3309,0,false,1,0.02,0.1025,0.1025,749.0,6895,6895,0
FernRidgeRd_TON_12.03.25_LS,TON,3310,0,false,2,0.03,0.1454,0.1454,528.6,6905,6906,0
FernRidgeRd_TON_12.03.25_LS,TON,3311,0,false,1,0.02,0.196,0.196,363.3,6919,6919,0
FernRidgeRd_TON_12.03.25_LS,TON,3312,0,false,1,0.02,0.226,0.226,566.9,6963,6963,0
FernRidgeRd_TON_12.03.25_LS,TON,3313,0,false,1,0.02,0.1106,0.1106,340.4,6987,6987,0
FernRidgeRd_TON_12.03.25_LS,TON,3314,0,false,5,0.12,0.2101,0.2101,546.6,7010,7016,0
FernRidgeRd_TON_12.03.25_LS,TON,3315,0,false,1,0.02,0.1219,0.1219,980.6,7108,7108,0
FernRidgeRd_TON_12.03.25_LS,TON,3316,0,false,1,0.02,0.1106,0.1106,1133.7,7125,7125,0
FernRidgeRd_TON_12.03.25_LS,TON,3317,0,false,3,0.12,0.2315,0.2315,1047.6,7181,7187,0
FernRidgeRd_TON_12.03.25_LS,TON,3318,0,duplicate,14,0.8,0.2155,0.3123,521.1,7187,7234,3
FernRidgeRd_TON_12.03.25_LS,TON,3319,0,false,2,0.08,0.2162,0.2162,855.5,7209,7213,0
FernRidgeRd_TON_12.03.25_LS,TON,3320,0,duplicate,1,0.02,0.3572,0.3572,529.5,7256,7256,1
FernRidgeRd_TON_12.03.25_LS,TON,3321,0,false,2,0.03,0.2119,0.2119,309.5,7318,7319,0
FernRidgeRd_TON_12.03.25_LS,TON,3322,0,false,5,0.1,0.1845,0.1845,525.1,7323,7328,0
FernRidgeRd_TON_12.03.25_LS,TON,3323,0,false,1,0.02,0.1504,0.1504,507.1,7331,7331,0
FernRidgeRd_TON_12.03.25_LS,TON,3324,0,false,5,0.35,0.1507,0.1507,515.4,7366,7386,0
FernRidgeRd_TON_12.03.25_LS,TON,3325,0,false,1,0.02,0.1164,0.1164,445.9,7372,7372,0
FernRidgeRd_TON_12.03.25_LS,TON,3326,0,false,2,0.15,0.2117,0.2117,387.9,7381,7389,0
FernRidgeRd_TON_12.03.25_LS,TON,3327,0,false,1,0.02,0.1374,0.1374,396.4,7386,7386,0
FernRidgeRd_TON_12.03.25_LS,TON,3328,0,false,9,0.38,0.1599,0.1841,442.6,7560,7582,0
FernRidgeRd_TON_12.03.25_LS,TON,3329,0,false,1,0.02,0.1389,0.1389,537.8,7650,7650,0
FernRidgeRd_TON_12.03.25_LS,TON,3330,0,false,7,0.22,0.2661,0.3057,322.7,7658,7670,0
FernRidgeRd_TON_12.03.25_LS,TON,3331,0,false,3,0.07,0.2007,0.2007,1337.0,7720,7723,0
FernRidgeRd_TON_12.03.25_LS,TON,3332,0,false,9,0.15,0.1556,0.1968,370.3,7824,7832,0
FernRidgeRd_TON_12.03.25_LS,TON,3333,1,primary,382,2.6,0.1428,0.2939,207.3,7929,8084,51
FernRidgeRd_TON_12.03.25_LS,TON,3334,0,false,2,0.03,0.1044,0.1044,186.7,7958,7959,0
FernRidgeRd_TON_12.03.25_LS,TON,3335,0,false,14,0.8,0.1188,0.142,214.9,7982,8029,0
FernRidgeRd_TON_12.03.25_LS,TON,3336,0,duplicate,4,0.47,0.1355,0.1355,202.3,7997,8024,1
FernRidgeRd_TON_12.03.25_LS,TON,3337,0,false,1,0.02,0.1149,0.1149,975.0,8022,8022,0
FernRidgeRd_TON_12.03.25_LS,TON,3338,0,false,1,0.02,0.1241,0.1241,211.8,8054,8054,0
FernRidgeRd_TON_12.03.25_LS,TON,3339,0,false,1,0.02,0.1751,0.1751,293.4,8075,8075,0
FernRidgeRd_TON_12.03.25_LS,TON,3340,0,false,3,0.07,0.3872,0.3872,408.2,8095,8098,0
FernRidgeRd_TON_12.03.25_LS,TON,3341,0,false,1,0.02,0.1417,0.1417,631.7,8477,8477,0
FernRidgeRd_TON_12.03.25_LS,TON,3342,0,false,6,0.18,0.2877,0.3139,1216.0,8491,8501,0
FernRidgeRd_TON_12.03.25_LS,TON,3343,0,false,1,0.02,0.1114,0.1114,1182.1,8528,8528,0
FernRidgeRd_TON_12.03.25_LS,TON,3344,0,false,3,0.03,0.1791,0.1791,532.7,8751,8752,0
FernRidgeRd_TON_12.03.25_LS,TON,3345,0,false,1,0.02,0.1761,0.1761,470.1,8752,8752,0
FernRidgeRd_TON_12.03.25_LS,TON,3346,0,false,1,0.02,0.1105,0.1105,748.1,8786,8786,0
FernRidgeRd_TON_12.03.25_LS,TON,3347,0,false,1,0.02,0.2821,0.2821,619.9,8957,8957,0
FernRidgeRd_TON_12.03.25_LS,TON,3348,0,false,2,0.5,0.1784,0.1784,800.7,9200,9229,0
FernRidgeRd_TON_12.03.25_LS,TON,3349,0,false,1,0.02,0.1989,0.1989,451.8,9672,9672,0
FernRidgeRd_TON_12.03.25_LS,TON,3350,0,false,1,0.02,0.128,0.128,479.2,10045,10045,0
FernRidgeRd_TON_12.03.25_LS,TON,3351,0,false,1,0.02,0.1461,0.1461,5114.0,10623,10623,0
FernRidgeRd_TON_12.03.25_LS,TON,3352,0,false,4,0.5,0.3057,0.3057,2627.7,10680,10709,0
FernRidgeRd_TON_12.03.25_LS,TON,3353,0,false,3,0.05,0.1895,0.1895,2031.6,10700,10702,0
FernRidgeRd_TON_12.03.25_LS,TON,3354,0,false,3,0.63,0.16,0.16,804.0,10792,10829,0
FernRidgeRd_TON_12.03.25_LS,TON,3355,0,false,2,0.08,0.2316,0.2316,476.3,10849,10853,0
FernRidgeRd_TON_12.03.25_LS,TON,3356,0,false,1,0.02,0.1945,0.1945,366.4,10852,10852,0
FernRidgeRd_TON_12.03.25_LS,TON,3357,0,false,2,0.03,0.1162,0.1162,1229.3,10910,10911,0
FernRidgeRd_TON_12.03.25_LS,TON,3358,0,false,1,0.02,0.1676,0.1676,483.3,10944,10944,0
FernRidgeRd_TON_12.03.25_LS,TON,3359,0,false,2,0.12,0.2964,0.2964,1896.1,11024,11030,0
FernRidgeRd_TON_12.03.25_LS,TON,3360,0,false,1,0.02,0.1533,0.1533,692.2,11326,11326,0
FernRidgeRd_TON_12.03.25_LS,TON,3361,0,false,2,0.03,0.1465,0.1465,566.5,11546,11547,0
FernRidgeRd_TON_12.03.25_LS,TON,3362,0,false,1,0.02,0.1739,0.1739,460.3,11614,11614,0
FernRidgeRd_TON_12.03.25_LS,TON,3363,0,false,1,0.02,0.2601,0.2601,511.1,11616,11616,0
FernRidgeRd_TON_12.03.25_LS,TON,3364,0,false,1,0.02,0.153,0.153,573.1,11620,11620,0
FernRidgeRd_TON_12.03.25_LS,TON,3365,0,false,4,0.4,0.125,0.125,725.6,11652,11675,0
FernRidgeRd_TON_12.03.25_LS,TON,3366,0,false,1,0.02,0.1681,0.1681,644.8,11671,11671,0
FernRidgeRd_TON_12.03.25_LS,TON,3367,0,false,1,0.02,0.3694,0.3694,877.9,11801,11801,0
FernRidgeRd_TON_12.03.25_LS,TON,3368,0,false,5,0.62,0.2332,0.2332,1345.2,11835,11871,0
FernRidgeRd_TON_12.03.25_LS,TON,3369,0,false,6,0.17,0.1515,0.1609,1531.6,11937,11946,0
FernRidgeRd_TON_12.03.25_LS,TON,3370,0,false,14,0.3,0.2734,0.3524,1180.2,11989,12006,0
FernRidgeRd_TON_12.03.25_LS,TON,3371,0,false,1,0.02,0.113,0.113,428.7,12034,12034,0
FernRidgeRd_TON_12.03.25_LS,TON,3372,0,false,6,0.38,0.1961,0.2149,424.5,12056,12078,0
FernRidgeRd_TON_12.03.25_LS,TON,3373,0,false,2,0.03,0.1599,0.1599,347.7,12080,12081,0
FernRidgeRd_TON_12.03.25_LS,TON,3374,0,duplicate,2,0.15,0.2194,0.2194,483.6,12191,12199,2
FernRidgeRd_TON_12.03.25_LS,TON,3375,0,false,1,0.02,0.3421,0.3421,658.4,12230,12230,0
FernRidgeRd_TON_12.03.25_LS,TON,3376,0,false,2,0.03,0.1515,0.1515,406.1,12240,12241,0
FernRidgeRd_TON_12.03.25_LS,TON,3377,0,false,7,0.23,0.1912,0.2232,1027.8,12291,12304,0
FernRidgeRd_TON_12.03.25_LS,TON,3378,0,false,2,0.3,0.1356,0.1356,513.5,12298,12315,0
FernRidgeRd_TON_12.03.25_LS,TON,3379,0,false,2,0.05,0.1269,0.1269,297.5,12434,12436,0
FernRidgeRd_TON_12.03.25_LS,TON,3380,0,false,2,0.03,0.1802,0.1802,341.5,12437,12438,0
FernRidgeRd_TON_12.03.25_LS,TON,3381,0,false,3,0.08,0.1961,0.1961,999.5,12495,12499,0
FernRidgeRd_TON_12.03.25_LS,TON,3382,0,false,4,0.62,0.1702,0.1702,1011.9,12497,12533,0
FernRidgeRd_TON_12.03.25_LS,TON,3383,0,false,5,0.08,0.2401,0.2401,431.6,12534,12538,0
FernRidgeRd_TON_12.03.25_LS,TON,3384,0,false,9,0.43,0.2414,0.3117,1197.0,12535,12560,0
FernRidgeRd_TON_12.03.25_LS,TON,3385,0,duplicate,7,0.23,0.1593,0.1814,1058.3,12659,12672,4
FernRidgeRd_TON_12.03.25_LS,TON,3386,0,false,1,0.02,0.1913,0.1913,1053.2,12670,12670,0
FernRidgeRd_TON_12.03.25_LS,TON,3387,0,duplicate,10,0.33,0.2193,0.2896,841.4,12731,12750,6
FernRidgeRd_TON_12.03.25_LS,TON,3388,0,duplicate,4,0.52,0.2872,0.2872,861.2,12790,12820,3
FernRidgeRd_TON_12.03.25_LS,TON,3389,0,duplicate,24,2.27,0.2473,0.41,818.1,12853,12988,22
FernRidgeRd_TON_12.03.25_LS,TON,3390,0,false,2,0.03,0.3143,0.3143,726.7,12911,12912,0
FernRidgeRd_TON_12.03.25_LS,TON,3391,0,false,2,0.03,0.1361,0.1361,616.0,12957,12958,0
FernRidgeRd_TON_12.03.25_LS,TON,3392,0,false,7,0.62,0.256,0.3012,655.7,12988,13024,0
FernRidgeRd_TON_12.03.25_LS,TON,3393,0,false,2,0.05,0.304,0.304,756.7,12991,12993,0
FernRidgeRd_TON_12.03.25_LS,TON,3394,0,false,1,0.02,0.1164,0.1164,372.9,12997,12997,0
FernRidgeRd_TON_12.03.25_LS,TON,3395,0,false,1,0.02,0.3339,0.3339,518.4,13019,13019,0
FernRidgeRd_TON_12.03.25_LS,TON,3396,0,false,1,0.02,0.1386,0.1386,1038.3,13024,13024,0
FernRidgeRd_TON_12.03.25_LS,TON,3397,0,false,5,0.38,0.1511,0.1511,850.0,13056,13078,0
FernRidgeRd_TON_12.03.25_LS,TON,3398,0,false,10,0.67,0.1973,0.2716,897.3,13069,13108,0
FernRidgeRd_TON_12.03.25_LS,TON,3399,0,false,1,0.02,0.1291,0.1291,792.4,13087,13087,0
FernRidgeRd_TON_12.03.25_LS,TON,3400,0,false,12,1.18,0.1635,0.2164,885.5,13098,13168,0
FernRidgeRd_TON_12.03.25_LS,TON,3401,0,false,1,0.02,0.1614,0.1614,848.1,13128,13128,0
FernRidgeRd_TON_12.03.25_LS,TON,3402,0,false,9,0.62,0.1733,0.2164,471.2,13157,13193,0
FernRidgeRd_TON_12.03.25_LS,TON,3403,0,false,8,0.25,0.1862,0.2167,911.8,13163,13177,0
FernRidgeRd_TON_12.03.25_LS,TON,3404,0,false,6,0.17,0.1513,0.1612,640.8,13172,13181,0
FernRidgeRd_TON_12.03.25_LS,TON,3405,0,false,1,0.02,0.1678,0.1678,932.2,13175,13175,0
FernRidgeRd_TON_12.03.25_LS,TON,3406,0,false,5,0.45,0.211,0.211,711.4,13203,13229,0
FernRidgeRd_TON_12.03.25_LS,TON,3407,0,false,1,0.02,0.3042,0.3042,877.0,13228,13228,0
FernRidgeRd_TON_12.03.25_LS,TON,3408,0,false,1,0.02,0.1777,0.1777,465.2,13321,13321,0
FernRidgeRd_TON_12.03.25_LS,TON,3409,0,false,8,0.52,0.2744,0.3423,680.3,13335,13365,0
FernRidgeRd_TON_12.03.25_LS,TON,3410,0,false,1,0.02,0.1241,0.1241,1089.9,13450,13450,0
FernRidgeRd_TON_12.03.25_LS,TON,3411,0,false,1,0.02,0.2034,0.2034,647.5,13486,13486,0
FernRidgeRd_TON_12.03.25_LS,TON,3412,0,false,5,0.45,0.1999,0.1999,588.1,13491,13517,0
FernRidgeRd_TON_12.03.25_LS,TON,3413,0,false,5,0.1,0.2955,0.2955,836.7,13531,13536,0
FernRidgeRd_TON_12.03.25_LS,TON,3414,0,false,2,0.03,0.2305,0.2305,997.6,13531,13532,0
FernRidgeRd_TON_12.03.25_LS,TON,3415,0,false,2,0.03,0.1088,0.1088,1035.6,13589,13590,0
FernRidgeRd_TON_12.03.25_LS,TON,3416,0,false,1,0.02,0.1487,0.1487,1294.2,13626,13626,0
FernRidgeRd_TON_12.03.25_LS,TON,3417,0,false,1,0.02,0.1186,0.1186,1749.1,13653,13653,0
FernRidgeRd_TON_12.03.25_LS,TON,3418,0,false,10,0.65,0.1875,0.2455,474.8,13716,13754,0
FernRidgeRd_TON_12.03.25_LS,TON,3419,0,false,12,0.3,0.1934,0.2533,922.0,13726,13743,0
FernRidgeRd_TON_12.03.25_LS,TON,3420,0,false,4,0.58,0.1543,0.1543,409.2,13800,13834,0
FernRidgeRd_TON_12.03.25_LS,TON,3421,0,false,9,0.35,0.2123,0.2563,517.7,13852,13872,0
FernRidgeRd_TON_12.03.25_LS,TON,3422,0,false,5,0.58,0.1673,0.1673,556.8,13863,13897,0
FernRidgeRd_TON_12.03.25_LS,TON,3423,0,false,4,0.13,0.1411,0.1411,636.8,13863,13870,0
FernRidgeRd_TON_12.03.25_LS,TON,3424,0,false,1,0.02,0.163,0.163,517.0,13905,13905,0
FernRidgeRd_TON_12.03.25_LS,TON,3425,0,false,9,0.6,0.2225,0.2636,871.4,13996,14031,0
FernRidgeRd_TON_12.03.25_LS,TON,3426,0,false,1,0.02,0.1168,0.1168,849.7,14011,14011,0
FernRidgeRd_TON_12.03.25_LS,TON,3427,0,false,1,0.02,0.1163,0.1163,242.2,14059,14059,0
FernRidgeRd_TON_12.03.25_LS,TON,3428,0,false,1,0.02,0.1372,0.1372,970.2,14074,14074,0
FernRidgeRd_TON_12.03.25_LS,TON,3429,0,false,6,0.4,0.1636,0.1741,1283.0,14195,14218,0
FernRidgeRd_TON_12.03.25_LS,TON,3430,0,false,5,0.13,0.3292,0.3292,842.2,14211,14218,0
FernRidgeRd_TON_12.03.25_LS,TON,3431,0,false,6,0.23,0.1695,0.1821,857.2,14272,14285,0
FernRidgeRd_TON_12.03.25_LS,TON,3432,0,false,3,0.07,0.1958,0.1958,296.0,14292,14295,0
FernRidgeRd_TON_12.03.25_LS,TON,3433,0,false,1,0.02,0.1164,0.1164,814.5,14324,14324,0
FernRidgeRd_TON_12.03.25_LS,TON,3434,0,false,1,0.02,0.1675,0.1675,527.1,14344,14344,0
FernRidgeRd_TON_12.03.25_LS,TON,3435,0,false,3,0.05,0.2474,0.2474,844.0,14409,14411,0
FernRidgeRd_TON_12.03.25_LS,TON,3436,0,duplicate,4,0.27,0.206,0.206,1087.8,14525,14540,3
FernRidgeRd_TON_12.03.25_LS,TON,3437,0,false,7,0.17,0.2631,0.3144,882.4,14531,14540,0
FernRidgeRd_TON_12.03.25_LS,TON,3438,0,false,61,1.77,0.1964,0.3703,1097.1,14648,14753,0
FernRidgeRd_TON_12.03.25_LS,TON,3439,0,false,4,0.08,0.2581,0.2581,966.0,14655,14659,0
FernRidgeRd_TON_12.03.25_LS,TON,3440,0,false,2,0.03,0.1151,0.1151,999.1,14655,14656,0
FernRidgeRd_TON_12.03.25_LS,TON,3441,0,false,6,0.55,0.2201,0.2434,1006.0,14683,14715,0
FernRidgeRd_TON_12.03.25_LS,TON,3442,0,false,2,0.02,0.1823,0.1823,1190.8,14718,14718,0
FernRidgeRd_TON_12.03.25_LS,TON,3443,0,false,1,0.02,0.1892,0.1892,5702.3,15089,15089,0
FernRidgeRd_TON_12.03.25_LS,TON,3444,0,false,1,0.02,0.1016,0.1016,816.0,15164,15164,0
FernRidgeRd_TON_12.03.25_LS,TON,3445,0,false,1,0.02,0.1165,0.1165,523.9,15368,15368,0
FernRidgeRd_TON_12.03.25_LS,TON,3446,0,false,1,0.02,0.1539,0.1539,1609.9,15532,15532,0
FernRidgeRd_TON_12.03.25_LS,TON,3447,0,false,1,0.02,0.1119,0.1119,884.3,15624,15624,0
FernRidgeRd_TON_12.03.25_LS,TON,3448,0,false,12,0.2,0.1587,0.1921,1055.0,15650,15661,0
FernRidgeRd_TON_12.03.25_LS,TON,3449,0,false,5,0.07,0.2395,0.2395,616.0,15720,15723,0
FernRidgeRd_TON_12.03.25_LS,TON,3450,0,false,1,0.02,0.1188,0.1188,428.1,15765,15765,0
FernRidgeRd_TON_12.03.25_LS,TON,3451,0,false,33,1.3,0.1844,0.3123,908.5,15787,15864,0
FernRidgeRd_TON_12.03.25_LS,TON,3452,0,false,2,0.03,0.1506,0.1506,1230.8,15859,15860,0
FernRidgeRd_TON_12.03.25_LS,TON,3453,0,false,1,0.02,0.1207,0.1207,666.1,15882,15882,0
FernRidgeRd_TON_12.03.25_LS,TON,3454,0,false,7,0.67,0.1652,0.1803,816.9,15898,15937,0
FernRidgeRd_TON_12.03.25_LS,TON,3455,0,false,1,0.02,0.1182,0.1182,412.5,15923,15923,0
FernRidgeRd_TON_12.03.25_LS,TON,3456,0,false,5,0.22,0.1371,0.1371,642.1,15925,15937,0
FernRidgeRd_TON_12.03.25_LS,TON,3457,0,false,2,0.03,0.1197,0.1197,957.5,15936,15937,0
FernRidgeRd_TON_12.03.25_LS,TON,3458,0,false,4,0.08,0.1379,0.1379,703.3,15976,15980,0
FernRidgeRd_TON_12.03.25_LS,TON,3459,0,false,1,0.02,0.1168,0.1168,227.9,16086,16086,0
FernRidgeRd_TON_12.03.25_LS,TON,3460,0,false,1,0.02,0.1055,0.1055,663.7,16165,16165,0
FernRidgeRd_TON_12.03.25_LS,TON,3461,0,false,7,0.77,0.2041,0.2311,575.1,16320,16365,0
FernRidgeRd_TON_12.03.25_LS,TON,3462,0,false,3,0.05,0.1971,0.1971,786.7,16448,16450,0
FernRidgeRd_TON_12.03.25_LS,TON,3463,0,false,14,0.43,0.1623,0.2144,817.4,16485,16510,0
FernRidgeRd_TON_12.03.25_LS,TON,3464,0,false,5,0.08,0.1554,0.1554,673.6,16554,16558,0
FernRidgeRd_TON_12.03.25_LS,TON,3465,0,false,24,1.25,0.2291,0.3346,1114.7,16596,16670,0
FernRidgeRd_TON_12.03.25_LS,TON,3466,0,false,18,0.6,0.1809,0.2662,936.7,16703,16738,0
FernRidgeRd_TON_12.03.25_LS,TON,3467,0,false,3,0.08,0.1253,0.1253,952.2,16755,16759,0
FernRidgeRd_TON_12.03.25_LS,TON,3468,0,false,2,0.03,0.1801,0.1801,949.1,16768,16769,0
FernRidgeRd_TON_12.03.25_LS,TON,3469,0,false,26,0.62,0.1579,0.257,1128.5,16821,16857,0
FernRidgeRd_TON_12.03.25_LS,TON,3470,0,false,4,0.6,0.1938,0.1938,923.3,16893,16928,0
FernRidgeRd_TON_12.03.25_LS,TON,3471,0,false,2,0.07,0.182,0.182,1003.1,16907,16910,0
FernRidgeRd_TON_12.03.25_LS,TON,3472,0,false,31,2.05,0.1724,0.2919,975.7,16980,17102,0
FernRidgeRd_TON_12.03.25_LS,TON,3473,0,false,1,0.02,0.3273,0.3273,843.1,16983,16983,0
FernRidgeRd_TON_12.03.25_LS,TON,3474,0,false,2,0.35,0.1308,0.1308,818.1,17020,17040,0
FernRidgeRd_TON_12.03.25_LS,TON,3475,0,false,5,0.15,0.2111,0.2111,975.7,17123,17131,0
FernRidgeRd_TON_12.03.25_LS,TON,3476,0,false,9,0.15,0.1702,0.1954,966.6,17144,17152,0
FernRidgeRd_TON_12.03.25_LS,TON,3477,0,false,1,0.02,0.1148,0.1148,401.9,17177,17177,0
FernRidgeRd_TON_12.03.25_LS,TON,3478,0,false,1,0.02,0.1227,0.1227,985.5,17196,17196,0
FernRidgeRd_TON_12.03.25_LS,TON,3479,0,false,1,0.02,0.1349,0.1349,1139.8,17231,17231,0
FernRidgeRd_TON_12.03.25_LS,TON,3480,0,false,10,0.58,0.1595,0.1998,1151.4,17232,17266,0
FernRidgeRd_TON_12.03.25_LS,TON,3481,0,false,1,0.02,0.1033,0.1033,1016.2,17260,17260,0
FernRidgeRd_TON_12.03.25_LS,TON,3482,0,false,10,0.58,0.1867,0.2423,1174.8,17310,17344,0
FernRidgeRd_TON_12.03.25_LS,TON,3483,0,false,2,0.03,0.1103,0.1103,1102.7,17319,17320,0
FernRidgeRd_TON_12.03.25_LS,TON,3484,0,false,9,0.17,0.1482,0.1746,894.7,17336,17345,0
FernRidgeRd_TON_12.03.25_LS,TON,3485,0,false,2,0.05,0.1568,0.1568,855.8,17361,17363,0
FernRidgeRd_TON_12.03.25_LS,TON,3486,0,false,1,0.02,0.1776,0.1776,884.0,17408,17408,0
FernRidgeRd_TON_12.03.25_LS,TON,3487,0,false,1,0.02,0.2187,0.2187,708.1,17419,17419,0
FernRidgeRd_TON_12.03.25_LS,TON,3488,0,false,5,0.48,0.1396,0.1396,1217.4,17479,17507,0
FernRidgeRd_TON_12.03.25_LS,TON,3489,0,false,1,0.02,0.1028,0.1028,816.6,17576,17576,0
FernRidgeRd_TON_12.03.25_LS,TON,3490,0,false,4,0.08,0.1756,0.1756,880.1,17727,17731,0
FernRidgeRd_TON_12.03.25_LS,TON,3491,0,false,4,0.12,0.1665,0.1665,801.9,18045,18051,0
FernRidgeRd_TON_12.03.25_LS,TON,3492,0,false,2,0.28,0.1113,0.1113,889.8,18147,18163,0
FernRidgeRd_TON_12.03.25_LS,TON,3493,0,false,1,0.02,0.2159,0.2159,1077.1,18410,18410,0
FernRidgeRd_TON_12.03.25_LS,TON,3494,0,false,2,0.05,0.1396,0.1396,1070.5,18443,18445,0
FernRidgeRd_TON_12.03.25_LS,TON,3495,0,false,1,0.02,0.2939,0.2939,997.9,18463,18463,0
FernRidgeRd_TON_12.03.25_LS,TON,3496,0,false,2,0.12,0.1737,0.1737,1171.1,18475,18481,0
FernRidgeRd_TON_12.03.25_LS,TON,3497,0,false,1,0.02,0.1307,0.1307,509.1,18484,18484,0
FernRidgeRd_TON_12.03.25_LS,TON,3498,0,false,1,0.02,0.1678,0.1678,1314.5,18573,18573,0
FernRidgeRd_TON_12.03.25_LS,TON,3499,0,false,2,0.08,0.2019,0.2019,2230.3,18632,18636,0
FernRidgeRd_TON_12.03.25_LS,TON,3500,0,false,1,0.02,0.2244,0.2244,1054.3,18677,18677,0
FernRidgeRd_TON_12.03.25_LS,TON,3501,0,false,4,0.07,0.2026,0.2026,364.5,18698,18701,0
FernRidgeRd_TON_12.03.25_LS,TON,3502,0,false,2,0.35,0.1552,0.1552,626.9,18777,18797,0
FernRidgeRd_TON_12.03.25_LS,TON,3503,0,false,2,0.03,0.2026,0.2026,810.2,18814,18815,0
FernRidgeRd_TON_12.03.25_LS,TON,3504,0,false,1,0.02,0.1216,0.1216,800.7,18837,18837,0
FernRidgeRd_TON_12.03.25_LS,TON,3505,0,false,5,0.27,0.169,0.169,653.0,18840,18855,0
FernRidgeRd_TON_12.03.25_LS,TON,3506,0,false,1,0.02,0.1299,0.1299,1230.5,18895,18895,0
FernRidgeRd_TON_12.03.25_LS,TON,3507,0,false,1,0.02,0.1293,0.1293,1009.6,18900,18900,0
FernRidgeRd_TON_12.03.25_LS,TON,3508,0,false,1,0.02,0.1064,0.1064,898.7,19002,19002,0
FernRidgeRd_TON_12.03.25_LS,TON,3509,0,false,1,0.02,0.1075,0.1075,863.0,19037,19037,0
FernRidgeRd_TON_12.03.25_LS,TON,3510,0,false,1,0.02,0.1943,0.1943,865.3,19093,19093,0
FernRidgeRd_TON_12.03.25_LS,TON,3511,0,false,1,0.02,0.1053,0.1053,944.9,19095,19095,0
FernRidgeRd_TON_12.03.25_LS,TON,3512,0,false,1,0.02,0.1023,0.1023,903.3,19102,19102,0
FernRidgeRd_TON_12.03.25_LS,TON,3513,0,false,1,0.02,0.1273,0.1273,782.2,19121,19121,0
FernRidgeRd_TON_12.03.25_LS,TON,3514,0,false,6,0.33,0.1836,0.1972,530.8,19355,19374,0
FernRidgeRd_TON_12.03.25_LS,TON,3515,0,false,1,0.02,0.1278,0.1278,761.6,19366,19366,0
FernRidgeRd_TON_12.03.25_LS,TON,3516,0,false,1,0.02,0.1256,0.1256,266.3,19389,19389,0
FernRidgeRd_TON_12.03.25_LS,TON,3517,0,false,2,0.08,0.2124,0.2124,515.1,19575,19579,0
FernRidgeRd_TON_12.03.25_LS,TON,3518,0,false,7,0.27,0.1743,0.198,1779.3,19723,19738,0
FernRidgeRd_TON_12.03.25_LS,TON,3519,0,false,1,0.02,0.1153,0.1153,1812.5,19724,19724,0
FernRidgeRd_TON_12.03.25_LS,TON,3520,0,false,1,0.02,0.1942,0.1942,779.5,19891,19891,0
FernRidgeRd_TON_12.03.25_LS,TON,3521,0,false,1,0.02,0.2657,0.2657,655.8,19979,19979,0
FernRidgeRd_TON_12.03.25_LS,TON,3522,0,false,1,0.02,0.1614,0.1614,329.9,20031,20031,0
FernRidgeRd_TON_12.03.25_LS,TON,3523,0,false,2,0.03,0.2105,0.2105,490.4,20181,20182,0
FernRidgeRd_TON_12.03.25_LS,TON,3524,0,false,3,0.27,0.1082,0.1082,660.8,20202,20217,0
FernRidgeRd_TON_12.03.25_LS,TON,3525,0,false,1,0.02,0.1068,0.1068,415.3,20338,20338,0
FernRidgeRd_TON_12.03.25_LS,TON,3526,0,false,17,0.4,0.2734,0.382,1031.5,20391,20414,0
FernRidgeRd_TON_12.03.25_LS,TON,3527,0,false,1,0.02,0.1862,0.1862,504.6,20411,20411,0
FernRidgeRd_TON_12.03.25_LS,TON,3528,0,false,4,0.4,0.22,0.22,2684.9,20466,20489,0
FernRidgeRd_TON_12.03.25_LS,TON,3529,0,false,1,0.02,0.1041,0.1041,500.0,20501,20501,0
FernRidgeRd_TON_12.03.25_LS,TON,3530,0,false,2,0.3,0.1532,0.1532,2859.4,20506,20523,0
FernRidgeRd_TON_12.03.25_LS,TON,3531,0,false,1,0.02,0.1475,0.1475,192.3,20560,20560,0
FernRidgeRd_TON_12.03.25_LS,TON,3532,0,false,1,0.02,0.1952,0.1952,3583.3,20679,20679,0
FernRidgeRd_TON_12.03.25_LS,TON,3533,0,false,8,0.28,0.208,0.2339,696.1,20790,20806,0
FernRidgeRd_TON_12.03.25_LS,TON,3534,0,false,2,0.05,0.2639,0.2639,1240.1,20958,20960,0
FernRidgeRd_TON_12.03.25_LS,TON,3535,0,false,1,0.02,0.3,0.3,414.4,21641,21641,0
FernRidgeRd_TON_12.03.25_LS,TON,3536,0,false,2,0.03,0.3905,0.3905,398.9,21658,21659,0
FernRidgeRd_TON_12.03.25_LS,TON,3537,0,false,1,0.02,0.2107,0.2107,468.4,21669,21669,0
FernRidgeRd_TON_12.03.25_LS,TON,3538,0,false,3,0.25,0.2197,0.2197,421.2,21672,21686,0
FernRidgeRd_TON_12.03.25_LS,TON,3539,0,false,1,0.02,0.1032,0.1032,415.2,21838,21838,0
FernRidgeRd_TON_12.03.25_LS,TON,3540,0,false,8,0.28,0.125,0.1386,292.6,21909,21925,0
FernRidgeRd_TON_12.03.25_LS,TON,3541,0,false,1,0.02,0.1659,0.1659,507.9,21925,21925,0
FernRidgeRd_TON_12.03.25_LS,TON,3542,0,false,1,0.02,0.1067,0.1067,204.6,21941,21941,0
FernRidgeRd_TON_12.03.25_LS,TON,3543,0,false,1,0.02,0.139,0.139,579.9,21943,21943,0
FernRidgeRd_TON_12.03.25_LS,TON,3544,0,false,1,0.02,0.1683,0.1683,282.6,21946,21946,0
FernRidgeRd_TON_12.03.25_LS,TON,3545,0,false,5,0.1,0.2034,0.2034,410.5,22019,22024,0
FernRidgeRd_TON_12.03.25_LS,TON,3546,0,false,1,0.02,0.1604,0.1604,1321.8,22069,22069,0
FernRidgeRd_TON_12.03.25_LS,TON,3547,0,false,4,0.2,0.1712,0.1712,1070.7,22105,22116,0
FernRidgeRd_TON_12.03.25_LS,TON,3548,0,false,1,0.02,0.131,0.131,542.2,22136,22136,0
FernRidgeRd_TON_12.03.25_LS,TON,3549,0,false,7,0.32,0.2689,0.3271,576.2,22162,22180,0
FernRidgeRd_TON_12.03.25_LS,TON,3550,0,false,1,0.02,0.1316,0.1316,546.1,22185,22185,0
FernRidgeRd_TON_12.03.25_LS,TON,3551,0,false,1,0.02,0.1435,0.1435,529.9,22188,22188,0
FernRidgeRd_TON_12.03.25_LS,TON,3552,0,false,3,0.05,0.2472,0.2472,613.5,22189,22191,0
FernRidgeRd_TON_12.03.25_LS,TON,3553,0,false,1,0.02,0.1226,0.1226,891.7,22231,22231,0
FernRidgeRd_TON_12.03.25_LS,TON,3554,0,false,3,0.05,0.2406,0.2406,440.3,22288,22290,0
FernRidgeRd_TON_12.03.25_LS,TON,3555,0,false,2,0.15,0.1159,0.1159,1707.5,22301,22309,0
FernRidgeRd_TON_12.03.25_LS,TON,3556,0,false,2,0.03,0.2225,0.2225,850.2,22319,22320,0
FernRidgeRd_TON_12.03.25_LS,TON,3557,0,false,17,0.48,0.1636,0.2101,530.9,22331,22359,0
FernRidgeRd_TON_12.03.25_LS,TON,3558,0,false,3,0.02,0.1689,0.1689,460.6,22347,22347,0
FernRidgeRd_TON_12.03.25_LS,TON,3559,0,false,12,0.22,0.2255,0.3045,684.8,22379,22391,0
FernRidgeRd_TON_12.03.25_LS,TON,3560,0,false,1,0.02,0.1613,0.1613,345.9,22417,22417,0
FernRidgeRd_TON_12.03.25_LS,TON,3561,0,false,2,0.1,0.1241,0.1241,599.0,22436,22441,0
FernRidgeRd_TON_12.03.25_LS,TON,3562,0,false,1,0.02,0.1266,0.1266,525.3,22448,22448,0
FernRidgeRd_TON_12.03.25_LS,TON,3563,0,false,1,0.02,0.2977,0.2977,478.8,22465,22465,0
FernRidgeRd_TON_12.03.25_LS,TON,3564,0,false,3,0.12,0.1639,0.1639,427.4,22470,22476,0
FernRidgeRd_TON_12.03.25_LS,TON,3565,0,false,1,0.02,0.14,0.14,492.0,22473,22473,0
FernRidgeRd_TON_12.03.25_LS,TON,3566,0,false,2,0.03,0.1203,0.1203,553.8,22514,22515,0
FernRidgeRd_TON_12.03.25_LS,TON,3567,0,false,1,0.02,0.1177,0.1177,434.1,22521,22521,0
FernRidgeRd_TON_12.03.25_LS,TON,3568,0,false,1,0.02,0.1092,0.1092,959.1,22840,22840,0
FernRidgeRd_TON_12.03.25_LS,TON,3569,0,false,1,0.02,0.1364,0.1364,275.8,22930,22930,0
FernRidgeRd_TON_12.03.25_LS,TON,3570,0,false,4,0.12,0.2233,0.2233,1044.2,22953,22959,0
FernRidgeRd_TON_12.03.25_LS,TON,3571,0,false,3,0.1,0.3488,0.3488,2532.2,22959,22964,0
FernRidgeRd_TON_12.03.25_LS,TON,3572,0,false,14,0.93,0.2693,0.4807,2085.0,22996,23051,0
FernRidgeRd_TON_12.03.25_LS,TON,3573,0,false,9,0.9,0.2001,0.2435,2143.1,23000,23053,0
FernRidgeRd_TON_12.03.25_LS,TON,3574,0,false,6,0.37,0.1781,0.1925,1442.1,23076,23097,0
FernRidgeRd_TON_12.03.25_LS,TON,3575,0,false,2,0.03,0.2971,0.2971,1223.7,23138,23139,0
FernRidgeRd_TON_12.03.25_LS,TON,3576,0,false,3,0.07,0.1868,0.1868,1408.4,23152,23155,0
FernRidgeRd_TON_12.03.25_LS,TON,3577,0,false,1,0.02,0.1487,0.1487,464.6,23439,23439,0
FernRidgeRd_TON_12.03.25_LS,TON,3578,0,false,1,0.02,0.1562,0.1562,514.5,23472,23472,0
FernRidgeRd_TON_12.03.25_LS,TON,3579,0,false,1,0.02,0.2275,0.2275,1387.8,23509,23509,0
FernRidgeRd_TON_12.03.25_LS,TON,3580,0,false,3,0.05,0.1263,0.1263,1244.5,23584,23586,0
FernRidgeRd_TON_12.03.25_LS,TON,3581,0,false,2,0.17,0.1306,0.1306,300.9,23600,23609,0
FernRidgeRd_TON_12.03.25_LS,TON,3582,0,false,1,0.02,0.4839,0.4839,517.0,23609,23609,0
FernRidgeRd_TON_12.03.25_LS,TON,3583,0,false,1,0.02,0.1066,0.1066,420.4,24230,24230,0
FernRidgeRd_TON_12.03.25_LS,TON,3584,0,false,4,0.3,0.1193,0.1193,343.6,24261,24278,0
FernRidgeRd_TON_12.03.25_LS,TON,3585,0,false,12,0.12,0.1871,0.2576,417.8,24343,24349,0
FernRidgeRd_TON_12.03.25_LS,TON,3586,0,false,10,0.2,0.2077,0.2675,638.9,24663,24674,0
FernRidgeRd_TON_12.03.25_LS,TON,3587,0,false,8,0.63,0.2491,0.3219,1086.8,24719,24756,0
FernRidgeRd_TON_12.03.25_LS,TON,3588,0,false,13,0.65,0.2338,0.3291,1969.5,24749,24787,0
FernRidgeRd_TON_12.03.25_LS,TON,3589,0,false,4,0.17,0.2296,0.2296,923.1,24776,24785,0
FernRidgeRd_TON_12.03.25_LS,TON,3590,0,false,5,0.3,0.2573,0.2573,1509.8,24799,24816,0
FernRidgeRd_TON_12.03.25_LS,TON,3591,0,false,3,0.22,0.2393,0.2393,1307.3,24832,24844,0
FernRidgeRd_TON_12.03.25_LS,TON,3592,0,false,9,1.6,0.321,0.4335,1128.1,24850,24945,0
FernRidgeRd_TON_12.03.25_LS,TON,3593,0,false,5,0.08,0.1672,0.1672,363.0,24871,24875,0
FernRidgeRd_TON_12.03.25_LS,TON,3594,0,false,2,0.03,0.1627,0.1627,2068.6,24874,24875,0
FernRidgeRd_TON_12.03.25_LS,TON,3595,0,false,1,0.02,0.1265,0.1265,1172.2,24874,24874,0
FernRidgeRd_TON_12.03.25_LS,TON,3596,0,false,1,0.02,0.1234,0.1234,2248.8,24875,24875,0
FernRidgeRd_TON_12.03.25_LS,TON,3597,0,false,4,0.22,0.2395,0.2395,1354.7,24911,24923,0
FernRidgeRd_TON_12.03.25_LS,TON,3598,0,false,2,0.43,0.1295,0.1295,764.4,24912,24937,0
FernRidgeRd_TON_12.03.25_LS,TON,3599,0,false,2,0.15,0.3022,0.3022,1449.2,24917,24925,0
FernRidgeRd_TON_12.03.25_LS,TON,3600,0,false,5,0.25,0.281,0.281,1117.2,24926,24940,0
FernRidgeRd_TON_12.03.25_LS,TON,3601,0,false,2,0.03,0.2856,0.2856,1185.0,24949,24950,0
FernRidgeRd_TON_12.03.25_LS,TON,3602,0,false,12,0.73,0.1974,0.2646,1928.5,24972,25015,0
FernRidgeRd_TON_12.03.25_LS,TON,3603,0,false,1,0.02,0.422,0.422,1322.8,24983,24983,0
FernRidgeRd_TON_12.03.25_LS,TON,3604,0,false,1,0.02,0.1148,0.1148,1724.9,25004,25004,0
FernRidgeRd_TON_12.03.25_LS,TON,3605,0,false,3,0.25,0.2959,0.2959,880.5,25024,25038,0
FernRidgeRd_TON_12.03.25_LS,TON,3606,0,false,3,0.45,0.1244,0.1244,805.0,25036,25062,0
FernRidgeRd_TON_12.03.25_LS,TON,3607,0,false,5,0.4,0.1846,0.1846,556.7,25066,25089,0
FernRidgeRd_TON_12.03.25_LS,TON,3608,0,false,15,1.55,0.2278,0.3768,1779.5,25100,25192,0
FernRidgeRd_TON_12.03.25_LS,TON,3609,0,false,1,0.02,0.1182,0.1182,1012.3,25108,25108,0
FernRidgeRd_TON_12.03.25_LS,TON,3610,0,false,4,0.47,0.2361,0.2361,997.2,25123,25150,0
FernRidgeRd_TON_12.03.25_LS,TON,3611,0,false,1,0.02,0.2202,0.2202,516.3,25125,25125,0
FernRidgeRd_TON_12.03.25_LS,TON,3612,0,false,10,0.98,0.2519,0.322,920.6,25147,25205,0
FernRidgeRd_TON_12.03.25_LS,TON,3613,0,false,9,0.55,0.1912,0.2385,1004.2,25174,25206,0
FernRidgeRd_TON_12.03.25_LS,TON,3614,0,false,1,0.02,0.1433,0.1433,663.8,25192,25192,0
FernRidgeRd_TON_12.03.25_LS,TON,3615,0,false,4,0.48,0.2422,0.2422,2301.5,25207,25235,0
FernRidgeRd_TON_12.03.25_LS,TON,3616,0,false,1,0.02,0.1439,0.1439,726.9,25225,25225,0
FernRidgeRd_TON_12.03.25_LS,TON,3617,0,false,3,0.05,0.2535,0.2535,1961.0,25240,25242,0
FernRidgeRd_TON_12.03.25_LS,TON,3618,0,false,1,0.02,0.4923,0.4923,2543.2,25243,25243,0
FernRidgeRd_TON_12.03.25_LS,TON,3619,0,false,1,0.02,0.1403,0.1403,704.9,25264,25264,0
FernRidgeRd_TON_12.03.25_LS,TON,3620,0,false,1,0.02,0.182,0.182,1138.4,25277,25277,0
FernRidgeRd_TON_12.03.25_LS,TON,3621,0,false,7,1.03,0.1749,0.198,1033.8,25287,25348,0
FernRidgeRd_TON_12.03.25_LS,TON,3622,0,false,1,0.02,0.1198,0.1198,794.7,25299,25299,0
FernRidgeRd_TON_12.03.25_LS,TON,3623,0,false,8,0.45,0.1379,0.1563,680.8,25309,25335,0
FernRidgeRd_TON_12.03.25_LS,TON,3624,0,false,1,0.02,0.1226,0.1226,1596.9,25331,25331,0
FernRidgeRd_TON_12.03.25_LS,TON,3625,0,false,5,0.12,0.1316,0.1316,778.5,25405,25411,0
FernRidgeRd_TON_12.03.25_LS,TON,3626,0,false,4,0.53,0.2708,0.2708,5126.3,25435,25466,0
FernRidgeRd_TON_12.03.25_LS,TON,3627,0,false,4,0.37,0.1313,0.1313,938.3,25507,25528,0
FernRidgeRd_TON_12.03.25_LS,TON,3628,0,false,1,0.02,0.1448,0.1448,949.0,25511,25511,0
FernRidgeRd_TON_12.03.25_LS,TON,3629,0,false,2,0.12,0.2387,0.2387,758.2,25529,25535,0
FernRidgeRd_TON_12.03.25_LS,TON,3630,0,false,1,0.02,0.1017,0.1017,515.3,25560,25560,0
FernRidgeRd_TON_12.03.25_LS,TON,3631,0,false,1,0.02,0.1707,0.1707,484.3,25567,25567,0
FernRidgeRd_TON_12.03.25_LS,TON,3632,0,false,1,0.02,0.1349,0.1349,830.1,25571,25571,0
FernRidgeRd_TON_12.03.25_LS,TON,3633,0,false,1,0.02,0.1481,0.1481,845.2,25588,25588,0
FernRidgeRd_TON_12.03.25_LS,TON,3634,0,false,2,0.03,0.2094,0.2094,3116.5,25725,25726,0
FernRidgeRd_TON_12.03.25_LS,TON,3635,0,false,2,0.02,0.1552,0.1552,2499.4,26063,26063,0
FernRidgeRd_TON_12.03.25_LS,TON,3636,0,false,9,0.45,0.2507,0.3113,1866.3,26070,26096,0
FernRidgeRd_TON_12.03.25_LS,TON,3637,0,false,1,0.02,0.1858,0.1858,784.2,26070,26070,0
FernRidgeRd_TON_12.03.25_LS,TON,3638,0,false,9,0.23,0.1932,0.2525,1074.1,26157,26170,0
FernRidgeRd_TON_12.03.25_LS,TON,3639,0,false,2,0.03,0.3062,0.3062,1192.6,26175,26176,0
FernRidgeRd_TON_12.03.25_LS,TON,3640,0,false,2,0.03,0.1896,0.1896,612.8,26192,26193,0
FernRidgeRd_TON_12.03.25_LS,TON,3641,0,false,1,0.02,0.2209,0.2209,773.4,26349,26349,0
FernRidgeRd_TON_12.03.25_LS,TON,3642,0,false,2,0.05,0.1312,0.1312,587.7,26395,26397,0
FernRidgeRd_TON_12.03.25_LS,TON,3643,0,false,1,0.02,0.2348,0.2348,947.1,26522,26522,0
FernRidgeRd_TON_12.03.25_LS,TON,3644,0,false,5,0.17,0.2417,0.2417,525.8,26600,26609,0
FernRidgeRd_TON_12.03.25_LS,TON,3645,0,false,13,0.43,0.2195,0.2915,446.6,26636,26661,0
FernRidgeRd_TON_12.03.25_LS,TON,3646,0,false,3,0.07,0.1117,0.1117,505.0,26638,26641,0
FernRidgeRd_TON_12.03.25_LS,TON,3647,0,false,5,0.3,0.1152,0.1152,558.2,26724,26741,0
FernRidgeRd_TON_12.03.25_LS,TON,3648,0,false,1,0.02,0.1,0.1,328.1,27347,27347,0
FernRidgeRd_TON_12.03.25_LS,TON,3649,0,false,1,0.02,0.1584,0.1584,567.8,27375,27375,0
FernRidgeRd_TON_12.03.25_LS,TON,3650,0,false,13,0.38,0.2087,0.3367,554.5,27520,27542,0
FernRidgeRd_TON_12.03.25_LS,TON,3651,0,false,1,0.02,0.1254,0.1254,414.2,27635,27635,0
FernRidgeRd_TON_12.03.25_LS,TON,3652,0,false,1,0.02,0.2174,0.2174,925.8,27878,27878,0
FernRidgeRd_TON_12.03.25_LS,TON,3653,0,false,14,0.53,0.2472,0.3838,898.1,27959,27990,0
FernRidgeRd_TON_12.03.25_LS,TON,3654,0,false,1,0.02,0.1063,0.1063,2887.5,27972,27972,0
FernRidgeRd_TON_12.03.25_LS,TON,3655,0,false,28,0.92,0.2462,0.4657,606.4,28010,28064,0
FernRidgeRd_TON_12.03.25_LS,TON,3656,0,false,2,0.03,0.2239,0.2239,418.6,28032,28033,0
FernRidgeRd_TON_12.03.25_LS,TON,3657,0,false,10,0.3,0.2813,0.3381,376.2,28086,28103,0
FernRidgeRd_TON_12.03.25_LS,TON,3658,0,false,1,0.02,0.2035,0.2035,869.5,28123,28123,0
FernRidgeRd_TON_12.03.25_LS,TON,3659,0,false,2,0.05,0.1699,0.1699,747.8,28395,28397,0
FernRidgeRd_TON_12.03.25_LS,TON,3660,0,false,3,0.45,0.1465,0.1465,1885.6,28431,28457,0
FernRidgeRd_TON_12.03.25_LS,TON,3661,0,false,1,0.02,0.1458,0.1458,936.0,28510,28510,0
FernRidgeRd_TON_12.03.25_LS,TON,3662,0,false,1,0.02,0.2613,0.2613,893.8,28515,28515,0
FernRidgeRd_TON_12.03.25_LS,TON,3663,0,false,1,0.02,0.1938,0.1938,665.6,28875,28875,0
FernRidgeRd_TON_12.03.25_LS,TON,3664,0,false,1,0.02,0.1055,0.1055,449.0,28963,28963,0
FernRidgeRd_TON_12.03.25_LS,TON,3665,0,false,9,0.83,0.1689,0.2134,1123.9,28977,29026,0
FernRidgeRd_TON_12.03.25_LS,TON,3666,0,false,4,0.33,0.1991,0.1991,572.3,29075,29094,0
FernRidgeRd_TON_12.03.25_LS,TON,3667,0,false,1,0.02,0.2019,0.2019,752.0,29093,29093,0
FernRidgeRd_TON_12.03.25_LS,TON,3668,0,false,1,0.02,0.1474,0.1474,464.5,29195,29195,0
FernRidgeRd_TON_12.03.25_LS,TON,3669,0,false,1,0.02,0.1101,0.1101,577.7,29246,29246,0
FernRidgeRd_TON_12.03.25_LS,TON,3670,0,false,1,0.02,0.1229,0.1229,511.6,29272,29272,0
FernRidgeRd_TON_12.03.25_LS,TON,3671,0,false,1,0.02,0.1519,0.1519,559.0,29316,29316,0
FernRidgeRd_TON_12.03.25_LS,TON,3672,0,false,1,0.02,0.1408,0.1408,703.8,29378,29378,0
FernRidgeRd_TON_12.03.25_LS,TON,3673,0,false,2,0.08,0.1881,0.1881,722.5,29490,29494,0
FernRidgeRd_TON_12.03.25_LS,TON,3674,0,false,4,0.17,0.2105,0.2105,475.1,29490,29499,0
FernRidgeRd_TON_12.03.25_LS,TON,3675,0,false,5,0.35,0.2045,0.2045,546.0,29551,29571,0
FernRidgeRd_TON_12.03.25_LS,TON,3676,0,false,11,0.2,0.1489,0.1862,451.2,29614,29625,0
FernRidgeRd_TON_12.03.25_LS,TON,3677,0,false,2,0.03,0.106,0.106,325.1,29665,29666,0
FernRidgeRd_TON_12.03.25_LS,TON,3678,0,false,1,0.02,0.1266,0.1266,778.3,29815,29815,0
FernRidgeRd_TON_12.03.25_LS,TON,3679,0,false,2,0.03,0.2789,0.2789,816.3,29886,29887,0
FernRidgeRd_TON_12.03.25_LS,TON,3680,0,false,8,0.47,0.2101,0.263,977.3,29919,29946,0
FernRidgeRd_TON_12.03.25_LS,TON,3681,0,false,2,0.12,0.2357,0.2357,745.3,29926,29932,0
FernRidgeRd_TON_12.03.25_LS,TON,3682,0,false,1,0.02,0.201,0.201,566.7,29994,29994,0
FernRidgeRd_TON_12.03.25_LS,TON,3683,0,false,7,0.57,0.2444,0.2962,587.5,30106,30139,0
FernRidgeRd_TON_12.03.25_LS,TON,3684,0,false,8,0.27,0.2172,0.2686,556.5,30109,30124,0
FernRidgeRd_TON_12.03.25_LS,TON,3685,0,false,1,0.02,0.237,0.237,489.7,30133,30133,0
FernRidgeRd_TON_12.03.25_LS,TON,3686,0,false,12,0.43,0.2274,0.3397,524.2,30248,30273,0
FernRidgeRd_TON_12.03.25_LS,TON,3687,0,false,8,0.33,0.1923,0.2312,660.4,30302,30321,0
FernRidgeRd_TON_12.03.25_LS,TON,3688,0,false,1,0.02,0.3115,0.3115,380.5,30336,30336,0
FernRidgeRd_TON_12.03.25_LS,TON,3689,0,false,2,0.15,0.1774,0.1774,457.9,30345,30353,0
FernRidgeRd_TON_12.03.25_LS,TON,3690,0,false,29,1.12,0.1912,0.3189,1414.6,30538,30604,0
FernRidgeRd_TON_12.03.25_LS,TON,3691,0,false,1,0.02,0.3945,0.3945,1149.9,30556,30556,0
FernRidgeRd_TON_12.03.25_LS,TON,3692,0,false,2,0.03,0.1476,0.1476,890.7,30576,30577,0
FernRidgeRd_TON_12.03.25_LS,TON,3693,0,false,5,0.17,0.1525,0.1525,680.3,30625,30634,0
FernRidgeRd_TON_12.03.25_LS,TON,3694,0,false,1,0.02,0.4346,0.4346,254.4,30635,30635,0
FernRidgeRd_TON_12.03.25_LS,TON,3695,0,duplicate,3,0.25,0.3318,0.3318,344.9,30715,30729,3
FernRidgeRd_TON_12.03.25_LS,TON,3696,0,false,1,0.02,0.3101,0.3101,375.0,30715,30715,0
FernRidgeRd_TON_12.03.25_LS,TON,3697,0,duplicate,29,0.58,0.2185,0.3529,355.6,30780,30814,12
FernRidgeRd_TON_12.03.25_LS,TON,3698,0,false,2,0.03,0.2222,0.2222,483.7,30814,30815,0
FernRidgeRd_TON_12.03.25_LS,TON,3699,0,duplicate,62,1.58,0.2139,0.4118,316.0,30854,30948,33
FernRidgeRd_TON_12.03.25_LS,TON,3700,0,false,3,0.05,0.2319,0.2319,272.1,30888,30890,0
FernRidgeRd_TON_12.03.25_LS,TON,3701,0,duplicate,7,0.1,0.2181,0.2473,323.4,30914,30919,1
FernRidgeRd_TON_12.03.25_LS,TON,3702,0,false,2,0.05,0.2755,0.2755,266.7,30932,30934,0
FernRidgeRd_TON_12.03.25_LS,TON,3703,0,false,1,0.02,0.1153,0.1153,372.7,30940,30940,0
FernRidgeRd_TON_12.03.25_LS,TON,3704,0,duplicate,28,0.3,0.2267,0.3733,337.1,31033,31050,16
FernRidgeRd_TON_12.03.25_LS,TON,3705,0,false,1,0.02,0.1221,0.1221,312.9,31045,31045,0
FernRidgeRd_TON_12.03.25_LS,TON,3706,0,false,2,0.03,0.1672,0.1672,263.4,31206,31207,0
FernRidgeRd_TON_12.03.25_LS,TON,3707,0,false,1,0.02,0.1122,0.1122,556.0,31250,31250,0
FernRidgeRd_TON_12.03.25_LS,TON,3708,0,false,2,0.07,0.1697,0.1697,532.0,31374,31377,0
FernRidgeRd_TON_12.03.25_LS,TON,3709,0,false,3,0.48,0.2811,0.2811,492.5,31387,31415,0
FernRidgeRd_TON_12.03.25_LS,TON,3710,0,false,1,0.02,0.1285,0.1285,544.0,31457,31457,0
FernRidgeRd_TON_12.03.25_LS,TON,3711,0,false,2,0.28,0.1177,0.1177,830.7,31531,31547,0
FernRidgeRd_TON_12.03.25_LS,TON,3712,0,false,1,0.02,0.2006,0.2006,228.5,31622,31622,0
FernRidgeRd_TON_12.03.25_LS,TON,3713,0,false,2,0.42,0.1274,0.1274,269.1,31719,31743,0
FernRidgeRd_TON_12.03.25_LS,TON,3714,0,false,1,0.02,0.1029,0.1029,275.1,31743,31743,0
FernRidgeRd_TON_12.03.25_LS,TON,3715,0,false,1,0.02,0.1057,0.1057,870.9,31778,31778,0
FernRidgeRd_TON_12.03.25_LS,TON,3716,0,false,2,0.03,0.1535,0.1535,229.6,31792,31793,0
FernRidgeRd_TON_12.03.25_LS,TON,3717,0,false,9,0.22,0.2087,0.2731,843.2,31795,31807,0
FernRidgeRd_TON_12.03.25_LS,TON,3718,0,false,1,0.02,0.4295,0.4295,353.2,31803,31803,0
FernRidgeRd_TON_12.03.25_LS,TON,3719,0,false,1,0.02,0.1875,0.1875,675.1,31810,31810,0
FernRidgeRd_TON_12.03.25_LS,TON,3720,0,false,1,0.02,0.1072,0.1072,266.3,31810,31810,0
FernRidgeRd_TON_12.03.25_LS,TON,3721,0,false,2,0.03,0.2223,0.2223,623.5,31821,31822,0
FernRidgeRd_TON_12.03.25_LS,TON,3722,0,false,1,0.02,0.158,0.158,517.9,31838,31838,0
FernRidgeRd_TON_12.03.25_LS,TON,3723,0,false,4,0.2,0.2954,0.2954,489.5,31853,31864,0
FernRidgeRd_TON_12.03.25_LS,TON,3724,0,false,1,0.02,0.4201,0.4201,920.1,31871,31871,0
FernRidgeRd_TON_12.03.25_LS,TON,3725,0,false,1,0.02,0.1088,0.1088,612.2,31881,31881,0
FernRidgeRd_TON_12.03.25_LS,TON,3726,0,duplicate,18,0.37,0.2183,0.3674,199.0,31918,31939,2
FernRidgeRd_TON_12.03.25_LS,TON,3727,0,duplicate,27,0.38,0.2534,0.4403,222.2,31948,31970,18
FernRidgeRd_TON_12.03.25_LS,TON,3728,0,duplicate,3,0.08,0.3109,0.3109,195.7,32012,32016,1
FernRidgeRd_TON_12.03.25_LS,TON,3729,0,false,1,0.02,0.205,0.205,581.3,32154,32154,0
FernRidgeRd_TON_12.03.25_LS,TON,3730,0,false,1,0.02,0.1283,0.1283,948.5,32159,32159,0
FernRidgeRd_TON_12.03.25_LS,TON,3731,0,false,1,0.02,0.1313,0.1313,1068.7,32204,32204,0
FernRidgeRd_TON_12.03.25_LS,TON,3732,0,false,2,0.05,0.1768,0.1768,384.4,32255,32257,0
FernRidgeRd_TON_12.03.25_LS,TON,3733,0,false,3,0.1,0.3309,0.3309,705.0,32319,32324,0
FernRidgeRd_TON_12.03.25_LS,TON,3734,0,false,3,0.48,0.1298,0.1298,433.5,32346,32374,0
FernRidgeRd_TON_12.03.25_LS,TON,3735,0,false,1,0.02,0.1203,0.1203,1568.8,32354,32354,0
FernRidgeRd_TON_12.03.25_LS,TON,3736,0,false,1,0.02,0.1639,0.1639,288.1,32394,32394,0
FernRidgeRd_TON_12.03.25_LS,TON,3737,0,false,6,0.1,0.2789,0.3127,729.2,32457,32462,0
FernRidgeRd_TON_12.03.25_LS,TON,3738,0,false,1,0.02,0.4093,0.4093,794.5,32476,32476,0
FernRidgeRd_TON_12.03.25_LS,TON,3739,0,false,28,0.98,0.2149,0.3822,530.9,32487,32545,0
FernRidgeRd_TON_12.03.25_LS,TON,3740,0,false,1,0.02,0.1186,0.1186,776.9,32597,32597,0
FernRidgeRd_TON_12.03.25_LS,TON,3741,0,false,1,0.02,0.1229,0.1229,1720.0,32604,32604,0
FernRidgeRd_TON_12.03.25_LS,TON,3742,0,false,19,1.1,0.2232,0.3476,446.9,32615,32680,0
FernRidgeRd_TON_12.03.25_LS,TON,3743,0,false,11,0.37,0.2587,0.3203,642.1,32643,32664,0
FernRidgeRd_TON_12.03.25_LS,TON,3744,0,false,2,0.03,0.2636,0.2636,564.4,32689,32690,0
FernRidgeRd_TON_12.03.25_LS,TON,3745,0,false,15,0.62,0.2143,0.2874,604.9,32702,32738,0
FernRidgeRd_TON_12.03.25_LS,TON,3746,0,false,4,0.23,0.197,0.197,846.2,32728,32741,0
FernRidgeRd_TON_12.03.25_LS,TON,3747,0,false,20,1.03,0.1773,0.2575,490.2,32771,32832,0
FernRidgeRd_TON_12.03.25_LS,TON,3748,0,false,2,0.03,0.1605,0.1605,601.6,32837,32838,0
FernRidgeRd_TON_12.03.25_LS,TON,3749,0,false,1,0.02,0.3065,0.3065,1440.7,32839,32839,0
FernRidgeRd_TON_12.03.25_LS,TON,3750,0,false,3,0.58,0.2086,0.2086,2133.6,32899,32933,0
FernRidgeRd_TON_12.03.25_LS,TON,3751,0,false,1,0.02,0.1306,0.1306,588.2,33212,33212,0
FernRidgeRd_TON_12.03.25_LS,TON,3752,0,false,1,0.02,0.1295,0.1295,728.2,33213,33213,0
FernRidgeRd_TON_12.03.25_LS,TON,3753,0,false,1,0.02,0.103,0.103,777.4,33279,33279,0
FernRidgeRd_TON_12.03.25_LS,TON,3754,0,false,2,0.03,0.2607,0.2607,741.8,33372,33373,0
FernRidgeRd_TON_12.03.25_LS,TON,3755,0,false,1,0.02,0.1198,0.1198,538.5,33380,33380,0
FernRidgeRd_TON_12.03.25_LS,TON,3756,0,false,4,0.07,0.1424,0.1424,974.4,33463,33466,0
FernRidgeRd_TON_12.03.25_LS,TON,3757,0,false,1,0.02,0.1359,0.1359,1077.0,33480,33480,0
FernRidgeRd_TON_12.03.25_LS,TON,3758,0,false,1,0.02,0.108,0.108,251.4,33557,33557,0
FernRidgeRd_TON_12.03.25_LS,TON,3759,0,false,2,0.02,0.305,0.305,908.3,33628,33628,0
FernRidgeRd_TON_12.03.25_LS,TON,3760,0,false,8,0.82,0.1809,0.2019,643.7,33643,33691,0
FernRidgeRd_TON_12.03.25_LS,TON,3761,0,false,2,0.03,0.185,0.185,512.0,33678,33679,0
FernRidgeRd_TON_12.03.25_LS,TON,3762,0,false,1,0.02,0.139,0.139,620.8,33680,33680,0
FernRidgeRd_TON_12.03.25_LS,TON,3763,0,duplicate,6,1.02,0.2139,0.2255,754.9,33691,33751,5
FernRidgeRd_TON_12.03.25_LS,TON,3764,0,duplicate,1,0.02,0.169,0.169,763.5,33796,33796,1
FernRidgeRd_TON_12.03.25_LS,TON,3765,0,duplicate,28,1.52,0.248,0.509,746.9,34076,34166,20
FernRidgeRd_TON_12.03.25_LS,TON,3766,0,false,5,0.4,0.1671,0.1671,673.2,34143,34166,0
FernRidgeRd_TON_12.03.25_LS,TON,3767,0,false,1,0.02,0.1166,0.1166,860.2,34161,34161,0
FernRidgeRd_TON_12.03.25_LS,TON,3768,0,duplicate,1,0.02,0.3562,0.3562,662.3,34203,34203,1
FernRidgeRd_TON_12.03.25_LS,TON,3769,0,duplicate,14,0.8,0.2002,0.3056,684.7,34327,34374,4
FernRidgeRd_TON_12.03.25_LS,TON,3770,0,false,1,0.02,0.129,0.129,1180.8,34339,34339,0
FernRidgeRd_TON_12.03.25_LS,TON,3771,0,false,24,0.55,0.1987,0.3274,776.4,34423,34455,0
FernRidgeRd_TON_12.03.25_LS,TON,3772,0,false,23,1.48,0.219,0.3781,645.2,34541,34629,0
FernRidgeRd_TON_12.03.25_LS,TON,3773,0,false,3,0.03,0.1957,0.1957,1335.4,34613,34614,0
FernRidgeRd_TON_12.03.25_LS,TON,3774,0,false,6,0.2,0.1949,0.2061,704.6,34619,34630,0
FernRidgeRd_TON_12.03.25_LS,TON,3775,0,duplicate,8,0.25,0.2003,0.2482,1276.9,34690,34704,3
FernRidgeRd_TON_12.03.25_LS,TON,3776,0,false,2,0.03,0.2459,0.2459,1042.5,34690,34691,0
FernRidgeRd_TON_12.03.25_LS,TON,3777,0,duplicate,4,0.13,0.2195,0.2195,666.8,34824,34831,1
FernRidgeRd_TON_12.03.25_LS,TON,3778,0,false,5,0.15,0.2824,0.2824,722.1,34839,34847,0
FernRidgeRd_TON_12.03.25_LS,TON,3779,0,false,1,0.02,0.1074,0.1074,978.0,34847,34847,0
FernRidgeRd_TON_12.03.25_LS,TON,3780,0,false,2,0.03,0.1331,0.1331,637.5,34901,34902,0
FernRidgeRd_TON_12.03.25_LS,TON,3781,0,false,2,0.03,0.17,0.17,1449.2,34951,34952,0
GiantCityRd_TON_12.03.25_LS,TON,146,0,duplicate,1,0.02,0.713,0.713,1137.9,1507,1507,1
GiantCityRd_TON_12.03.25_LS,TON,163,0,duplicate,2,0.03,0.4939,0.4939,1149.1,1529,1530,2
GiantCityRd_TON_12.03.25_LS,TON,165,0,duplicate,1,0.02,0.6992,0.6992,1109.5,1533,1533,1
GiantCityRd_TON_12.03.25_LS,TON,169,0,duplicate,4,0.07,0.6212,0.6212,926.2,1537,1540,4
GiantCityRd_TON_12.03.25_LS,TON,184,0,duplicate,8,0.13,0.5543,0.6134,961.9,1548,1555,6
GiantCityRd_TON_12.03.25_LS,TON,192,0,false,1,0.02,0.5284,0.5284,1156.1,2001,2001,0
GiantCityRd_TON_12.03.25_LS,TON,195,0,false,3,0.05,0.373,0.373,1064.3,2260,2262,0
GiantCityRd_TON_12.03.25_LS,TON,203,0,false,1,0.02,0.6084,0.6084,1219.3,2543,2543,0
GiantCityRd_TON_12.03.25_LS,TON,204,0,false,2,0.83,0.5274,0.5274,2063.9,2579,2628,0
GiantCityRd_TON_12.03.25_LS,TON,212,0,false,1,0.02,0.5437,0.5437,1460.8,2850,2850,0
GiantCityRd_TON_12.03.25_LS,TON,227,1,primary,81,1.97,0.5228,0.6808,535.4,3672,3789,79
GiantCityRd_TON_12.03.25_LS,TON,230,0,false,6,0.12,0.5352,0.562,521.6,3684,3690,0
GiantCityRd_TON_12.03.25_LS,TON,233,1,primary,18,0.33,0.4326,0.5003,527.4,3696,3715,18
GiantCityRd_TON_12.03.25_LS,TON,258,0,duplicate,5,0.08,0.4167,0.4167,487.2,3803,3807,5
GiantCityRd_TON_12.03.25_LS,TON,261,0,false,4,0.07,0.3292,0.3292,7022.8,3877,3880,0
GiantCityRd_TON_12.03.25_LS,TON,263,0,false,2,0.03,0.3704,0.3704,1068.9,3987,3988,0
GiantCityRd_TON_12.03.25_LS,TON,270,0,false,3,0.05,0.6259,0.6259,2447.8,4557,4559,0
GiantCityRd_TON_12.03.25_LS,TON,301,1,primary,54,1.24,0.581,0.711,817.8,8300,8373,53
GiantCityRd_TON_12.03.25_LS,TON,351,0,false,1,0.02,0.6323,0.6323,880.7,10210,10210,0
GiantCityRd_TON_12.03.25_LS,TON,352,0,false,1,0.02,0.5561,0.5561,983.8,10212,10212,0
GiantCityRd_TON_12.03.25_LS,TON,355,0,false,2,0.03,0.5546,0.5546,1027.1,10216,10217,0
GiantCityRd_TON_12.03.25_LS,TON,369,0,false,3,0.05,0.305,0.305,722.1,11652,11654,0
GiantCityRd_TON_12.03.25_LS,TON,1369,0,false,1,0.02,0.1491,0.1491,310.5,339,339,0
GiantCityRd_TON_12.03.25_LS,TON,1370,0,false,1,0.02,0.1177,0.1177,290.1,431,431,0
GiantCityRd_TON_12.03.25_LS,TON,1371,0,false,1,0.02,0.111,0.111,412.1,571,571,0
GiantCityRd_TON_12.03.25_LS,TON,1372,0,false,1,0.02,0.1098,0.1098,1449.4,611,611,0
GiantCityRd_TON_12.03.25_LS,TON,1373,0,false,1,0.02,0.1035,0.1035,751.7,642,642,0
GiantCityRd_TON_12.03.25_LS,TON,1374,0,false,1,0.02,0.2016,0.2016,805.5,891,891,0
GiantCityRd_TON_12.03.25_LS,TON,1375,0,false,1,0.02,0.2884,0.2884,550.6,1288,1288,0
GiantCityRd_TON_12.03.25_LS,TON,1376,1,primary,52,1.04,0.4652,0.7178,1277.9,1495,1556,39
GiantCityRd_TON_12.03.25_LS,TON,1377,0,false,1,0.02,0.2329,0.2329,1774.9,1532,1532,0
GiantCityRd_TON_12.03.25_LS,TON,1378,0,false,2,0.03,0.4016,0.4016,1902.2,1674,1675,0
GiantCityRd_TON_12.03.25_LS,TON,1379,0,false,1,0.02,0.1078,0.1078,2585.0,1686,1686,0
GiantCityRd_TON_12.03.25_LS,TON,1380,0,false,6,0.15,0.3806,0.4207,1099.6,1994,2002,0
GiantCityRd_TON_12.03.25_LS,TON,1381,0,false,2,0.02,0.137,0.137,1024.2,2064,2064,0
GiantCityRd_TON_12.03.25_LS,TON,1382,0,false,2,0.17,0.2341,0.2341,1016.8,2259,2268,0
GiantCityRd_TON_12.03.25_LS,TON,1383,0,false,12,0.25,0.3389,0.5672,1778.6,2528,2542,0
GiantCityRd_TON_12.03.25_LS,TON,1384,0,false,3,0.12,0.1847,0.1847,939.1,2577,2583,0
GiantCityRd_TON_12.03.25_LS,TON,1385,0,false,1,0.02,0.1604,0.1604,1532.3,2588,2588,0
GiantCityRd_TON_12.03.25_LS,TON,1386,0,false,1,0.02,0.1103,0.1103,650.0,2620,2620,0
GiantCityRd_TON_12.03.25_LS,TON,1387,0,false,4,0.08,0.2087,0.2087,2833.5,2627,2631,0
GiantCityRd_TON_12.03.25_LS,TON,1388,0,false,1,0.02,0.1799,0.1799,1489.9,2675,2675,0
GiantCityRd_TON_12.03.25_LS,TON,1389,0,false,1,0.02,0.1631,0.1631,2359.5,2795,2795,0
GiantCityRd_TON_12.03.25_LS,TON,1390,0,false,4,0.1,0.3703,0.3703,1312.8,2848,2853,0
GiantCityRd_TON_12.03.25_LS,TON,1391,0,false,2,0.08,0.1324,0.1324,2312.3,2946,2950,0
GiantCityRd_TON_12.03.25_LS,TON,1392,0,false,1,0.02,0.4005,0.4005,1326.9,2953,2953,0
GiantCityRd_TON_12.03.25_LS,TON,1393,0,false,1,0.02,0.1659,0.1659,948.9,2967,2967,0
GiantCityRd_TON_12.03.25_LS,TON,1394,0,false,5,0.88,0.2428,0.2428,1686.0,2991,3043,0
GiantCityRd_TON_12.03.25_LS,TON,1395,0,false,1,0.02,0.2738,0.2738,1852.2,3073,3073,0
GiantCityRd_TON_12.03.25_LS,TON,1396,0,false,1,0.02,0.1157,0.1157,667.6,3200,3200,0
GiantCityRd_TON_12.03.25_LS,TON,1397,0,false,1,0.02,0.1294,0.1294,573.9,3606,3606,0
GiantCityRd_TON_12.03.25_LS,TON,1398,0,duplicate,11,0.82,0.2315,0.2863,756.7,3663,3711,2
GiantCityRd_TON_12.03.25_LS,TON,1399,0,duplicate,1,0.02,0.3386,0.3386,399.1,3692,3692,1
GiantCityRd_TON_12.03.25_LS,TON,1400,0,duplicate,1,0.02,0.221,0.221,493.9,3711,3711,1
GiantCityRd_TON_12.03.25_LS,TON,1401,0,duplicate,2,0.03,0.207,0.207,418.6,3743,3744,2
GiantCityRd_TON_12.03.25_LS,TON,1402,0,duplicate,4,0.17,0.1333,0.1333,829.9,3743,3752,4
GiantCityRd_TON_12.03.25_LS,TON,1403,0,duplicate,3,0.22,0.3265,0.3265,1028.4,3790,3802,1
GiantCityRd_TON_12.03.25_LS,TON,1404,0,duplicate,2,0.07,0.1558,0.1558,419.1,3794,3797,2
GiantCityRd_TON_12.03.25_LS,TON,1405,0,false,1,0.02,0.1882,0.1882,898.6,3813,3813,0
GiantCityRd_TON_12.03.25_LS,TON,1406,0,false,1,0.02,0.2322,0.2322,2680.6,3853,3853,0
GiantCityRd_TON_12.03.25_LS,TON,1407,0,false,2,0.43,0.1434,0.1434,3625.5,3876,3901,0
GiantCityRd_TON_12.03.25_LS,TON,1408,0,false,1,0.02,0.1428,0.1428,952.4,3969,3969,0
GiantCityRd_TON_12.03.25_LS,TON,1409,0,false,7,0.2,0.2351,0.2793,939.7,3980,3991,0
GiantCityRd_TON_12.03.25_LS,TON,1410,0,false,1,0.02,0.3158,0.3158,1002.4,4006,4006,0
GiantCityRd_TON_12.03.25_LS,TON,1411,0,false,1,0.02,0.1904,0.1904,685.7,4323,4323,0
GiantCityRd_TON_12.03.25_LS,TON,1412,0,false,2,0.03,0.1483,0.1483,2991.2,4472,4473,0
GiantCityRd_TON_12.03.25_LS,TON,1413,0,false,8,0.22,0.2756,0.3714,2095.5,4556,4568,0
GiantCityRd_TON_12.03.25_LS,TON,1414,0,false,1,0.02,0.1361,0.1361,2068.2,4645,4645,0
GiantCityRd_TON_12.03.25_LS,TON,1415,0,false,1,0.02,0.1982,0.1982,910.5,4819,4819,0
GiantCityRd_TON_12.03.25_LS,TON,1416,0,false,1,0.02,0.1115,0.1115,923.0,4836,4836,0
GiantCityRd_TON_12.03.25_LS,TON,1417,0,false,1,0.02,0.1921,0.1921,1037.1,4892,4892,0
GiantCityRd_TON_12.03.25_LS,TON,1418,0,false,1,0.02,0.5525,0.5525,3405.6,4955,4955,0
GiantCityRd_TON_12.03.25_LS,TON,1419,0,false,1,0.02,0.1756,0.1756,559.8,5403,5403,0
GiantCityRd_TON_12.03.25_LS,TON,1420,0,false,2,0.03,0.2049,0.2049,525.5,5410,5411,0
GiantCityRd_TON_12.03.25_LS,TON,1421,0,false,1,0.02,0.1257,0.1257,925.7,5509,5509,0
GiantCityRd_TON_12.03.25_LS,TON,1422,0,false,2,0.03,0.1932,0.1932,596.0,5534,5535,0
GiantCityRd_TON_12.03.25_LS,TON,1423,0,false,1,0.02,0.1074,0.1074,760.7,5602,5602,0
GiantCityRd_TON_12.03.25_LS,TON,1424,0,false,4,0.07,0.2167,0.2167,1369.6,5712,5715,0
GiantCityRd_TON_12.03.25_LS,TON,1425,0,false,1,0.02,0.1251,0.1251,533.1,6195,6195,0
GiantCityRd_TON_12.03.25_LS,TON,1426,0,false,1,0.02,0.3656,0.3656,621.5,6198,6198,0
GiantCityRd_TON_12.03.25_LS,TON,1427,0,false,2,0.03,0.1596,0.1596,969.5,6201,6202,0
GiantCityRd_TON_12.03.25_LS,TON,1428,0,false,1,0.02,0.1325,0.1325,695.9,6212,6212,0
GiantCityRd_TON_12.03.25_LS,TON,1429,0,false,2,0.03,0.2831,0.2831,749.5,6216,6217,0
GiantCityRd_TON_12.03.25_LS,TON,1430,0,false,2,0.03,0.2701,0.2701,387.9,6700,6701,0
GiantCityRd_TON_12.03.25_LS,TON,1431,0,false,3,0.08,0.1566,0.1566,604.8,6839,6843,0
GiantCityRd_TON_12.03.25_LS,TON,1432,0,false,2,0.38,0.2118,0.2118,1188.1,7012,7034,0
GiantCityRd_TON_12.03.25_LS,TON,1433,0,false,3,0.07,0.2894,0.2894,614.6,7214,7217,0
GiantCityRd_TON_12.03.25_LS,TON,1434,0,false,3,0.32,0.3227,0.3227,1097.6,7673,7691,0
GiantCityRd_TON_12.03.25_LS,TON,1435,0,false,1,0.02,0.2045,0.2045,663.2,7745,7745,0
GiantCityRd_TON_12.03.25_LS,TON,1436,0,false,2,0.05,0.3173,0.3173,1370.4,8024,8026,0
GiantCityRd_TON_12.03.25_LS,TON,1437,0,false,1,0.02,0.1216,0.1216,693.2,8152,8152,0
GiantCityRd_TON_12.03.25_LS,TON,1438,0,duplicate,2,0.05,0.2625,0.2625,699.4,8297,8299,1
GiantCityRd_TON_12.03.25_LS,TON,1439,1,primary,2,0.05,0.1801,0.1801,779.6,8317,8319,1
GiantCityRd_TON_12.03.25_LS,TON,1440,0,duplicate,10,0.73,0.2278,0.2695,790.4,8331,8374,9
GiantCityRd_TON_12.03.25_LS,TON,1441,0,duplicate,1,0.02,0.1095,0.1095,1091.7,8360,8360,1
GiantCityRd_TON_12.03.25_LS,TON,1442,0,false,1,0.02,0.1192,0.1192,673.3,8814,8814,0
GiantCityRd_TON_12.03.25_LS,TON,1443,0,false,1,0.02,0.1278,0.1278,676.1,8918,8918,0
GiantCityRd_TON_12.03.25_LS,TON,1444,0,false,4,0.68,0.1703,0.1703,608.9,9149,9189,0
GiantCityRd_TON_12.03.25_LS,TON,1445,0,false,1,0.02,0.1022,0.1022,892.9,9150,9150,0
GiantCityRd_TON_12.03.25_LS,TON,1446,0,false,3,0.05,0.1414,0.1414,669.3,9170,9172,0
GiantCityRd_TON_12.03.25_LS,TON,1447,0,false,2,0.05,0.1602,0.1602,749.3,9182,9184,0
GiantCityRd_TON_12.03.25_LS,TON,1448,0,false,1,0.02,0.1874,0.1874,446.2,9536,9536,0
GiantCityRd_TON_12.03.25_LS,TON,1449,0,false,10,0.17,0.3072,0.3599,1191.1,9609,9618,0
GiantCityRd_TON_12.03.25_LS,TON,1450,0,false,1,0.02,0.1055,0.1055,1129.9,9712,9712,0
GiantCityRd_TON_12.03.25_LS,TON,1451,0,false,1,0.02,0.1543,0.1543,977.1,9773,9773,0
GiantCityRd_TON_12.03.25_LS,TON,1452,0,false,1,0.02,0.1828,0.1828,545.6,9791,9791,0
GiantCityRd_TON_12.03.25_LS,TON,1453,0,false,15,0.25,0.547,0.6435,1033.7,9857,9871,0
GiantCityRd_TON_12.03.25_LS,TON,1454,0,false,1,0.02,0.1471,0.1471,930.4,9870,9870,0
GiantCityRd_TON_12.03.25_LS,TON,1455,0,false,1,0.02,0.3509,0.3509,1293.1,9902,9902,0
GiantCityRd_TON_12.03.25_LS,TON,1456,0,false,8,0.27,0.1337,0.148,1149.8,9978,9993,0
GiantCityRd_TON_12.03.25_LS,TON,1457,0,false,3,0.05,0.1677,0.1677,1152.4,9990,9992,0
GiantCityRd_TON_12.03.25_LS,TON,1458,0,false,1,0.02,0.2866,0.2866,440.0,10154,10154,0
GiantCityRd_TON_12.03.25_LS,TON,1459,0,false,1,0.02,0.2652,0.2652,871.8,10160,10160,0
GiantCityRd_TON_12.03.25_LS,TON,1460,0,false,3,0.1,0.4474,0.4474,965.8,10209,10214,0
GiantCityRd_TON_12.03.25_LS,TON,1461,0,false,2,0.03,0.4018,0.4018,1015.5,10214,10215,0
GiantCityRd_TON_12.03.25_LS,TON,1462,0,false,3,0.08,0.2668,0.2668,665.4,10221,10225,0
GiantCityRd_TON_12.03.25_LS,TON,1463,0,false,1,0.02,0.1546,0.1546,652.6,10223,10223,0
GiantCityRd_TON_12.03.25_LS,TON,1464,0,false,2,0.03,0.1638,0.1638,553.1,10289,10290,0
GiantCityRd_TON_12.03.25_LS,TON,1465,0,false,1,0.02,0.2592,0.2592,706.5,10303,10303,0
GiantCityRd_TON_12.03.25_LS,TON,1466,0,false,1,0.02,0.143,0.143,711.2,10304,10304,0
GiantCityRd_TON_12.03.25_LS,TON,1467,0,false,1,0.02,0.2737,0.2737,589.0,10311,10311,0
GiantCityRd_TON_12.03.25_LS,TON,1468,0,false,1,0.02,0.1382,0.1382,804.0,10393,10393,0
GiantCityRd_TON_12.03.25_LS,TON,1469,0,false,1,0.02,0.1708,0.1708,660.8,10399,10399,0
GiantCityRd_TON_12.03.25_LS,TON,1470,0,false,1,0.02,0.1775,0.1775,362.0,10708,10708,0
GiantCityRd_TON_12.03.25_LS,TON,1471,0,false,1,0.02,0.1049,0.1049,834.1,11171,11171,0
GiantCityRd_TON_12.03.25_LS,TON,1472,0,false,2,0.03,0.1858,0.1858,894.1,11574,11575,0
GiantCityRd_TON_12.03.25_LS,TON,1473,0,false,2,0.08,0.2723,0.2723,796.4,11651,11655,0
GiantCityRd_TON_12.03.25_LS,TON,1474,0,false,8,0.3,0.2041,0.2376,642.9,11689,11706,0
GiantCityRd_TON_12.03.25_LS,TON,1475,0,false,2,0.03,0.1841,0.1841,815.9,11725,11726,0
GiantCityRd_TON_12.03.25_LS,TON,1476,0,false,7,0.67,0.1369,0.1496,568.7,11742,11781,0
GiantCityRd_TON_12.03.25_LS,TON,1477,0,false,2,0.03,0.2209,0.2209,505.4,11757,11758,0
GiantCityRd_TON_12.03.25_LS,TON,1478,0,false,1,0.02,0.2293,0.2293,326.5,11790,11790,0
GiantCityRd_TON_12.03.25_LS,TON,1479,1,primary,4,0.53,0.2168,0.2168,1269.6,11811,11842,2
GiantCityRd_TON_12.03.25_LS,TON,1480,1,primary,2,0.05,0.2936,0.2936,3674.0,11950,11952,2
GiantCityRd_TON_12.03.25_LS,TON,1481,0,false,2,0.03,0.3976,0.3976,2249.6,11957,11958,0
GiantCityRd_TON_12.03.25_LS,TON,1482,0,false,1,0.02,0.1003,0.1003,706.8,12027,12027,0
GolfDr_SHB_12.11.2025,SHB,117,0,false,2,0.03,0.4465,0.4465,748.7,614,615,0
GolfDr_SHB_12.11.2025,SHB,142,0,false,6,0.13,0.373,0.3831,656.4,3088,3095,0
GolfDr_SHB_12.11.2025,SHB,160,0,false,6,0.1,0.2961,0.3263,683.5,3245,3250,0
GolfDr_SHB_12.11.2025,SHB,198,1,primary,75,1.28,0.7611,0.8252,4189.7,3365,3441,64
GolfDr_SHB_12.11.2025,SHB,199,1,primary,74,1.25,0.738,0.8082,3175.8,3382,3456,71
GolfDr_SHB_12.11.2025,SHB,202,1,primary,81,1.35,0.7456,0.7795,2394.7,3396,3476,80
GolfDr_SHB_12.11.2025,SHB,212,1,primary,129,2.15,0.7606,0.823,2115.5,3502,3630,121
GolfDr_SHB_12.11.2025,SHB,216,1,primary,85,1.55,0.5898,0.7331,589.2,3520,3612,83
GolfDr_SHB_12.11.2025,SHB,222,1,primary,53,0.95,0.7317,0.7857,1665.3,3580,3636,52
GolfDr_SHB_12.11.2025,SHB,232,1,primary,110,1.85,0.5861,0.7351,1574.7,3617,3727,101
GolfDr_SHB_12.11.2025,SHB,238,1,primary,108,1.8,0.7183,0.7963,1722.8,3636,3743,105
GolfDr_SHB_12.11.2025,SHB,241,0,duplicate,5,0.08,0.5261,0.5261,458.5,3639,3643,5
GolfDr_SHB_12.11.2025,SHB,246,0,duplicate,23,0.38,0.45,0.6015,560.1,3649,3671,23
GolfDr_SHB_12.11.2025,SHB,249,0,duplicate,41,0.68,0.6981,0.7493,1614.4,3650,3690,39
GolfDr_SHB_12.11.2025,SHB,250,0,duplicate,49,1.68,0.4399,0.7762,1482.1,3652,3752,45
GolfDr_SHB_12.11.2025,SHB,266,0,duplicate,13,0.62,0.3462,0.4778,1119.7,3704,3740,13
GolfDr_SHB_12.11.2025,SHB,267,0,duplicate,1,0.02,0.3646,0.3646,695.1,3705,3705,1
GolfDr_SHB_12.11.2025,SHB,317,0,duplicate,27,0.65,0.5492,0.6551,449.0,3846,3884,26
GolfDr_SHB_12.11.2025,SHB,353,0,duplicate,5,0.1,0.5523,0.5523,611.2,3904,3909,4
GolfDr_SHB_12.11.2025,SHB,377,0,duplicate,7,0.12,0.5486,0.5929,560.2,3933,3939,7
GolfDr_SHB_12.11.2025,SHB,388,1,primary,309,5.3,0.4992,0.695,582.2,3976,4293,309
GolfDr_SHB_12.11.2025,SHB,392,1,primary,342,5.78,0.5853,0.7115,571.3,3982,4328,342
GolfDr_SHB_12.11.2025,SHB,399,0,duplicate,1,0.02,0.4278,0.4278,344.9,4300,4300,1
GolfDr_SHB_12.11.2025,SHB,402,0,duplicate,2,0.03,0.5559,0.5559,337.3,4327,4328,2
GolfDr_SHB_12.11.2025,SHB,405,0,duplicate,5,0.08,0.3902,0.3902,475.2,4374,4378,5
GolfDr_SHB_12.11.2025,SHB,406,0,duplicate,5,0.08,0.3899,0.3899,424.0,4380,4384,5
GolfDr_SHB_12.11.2025,SHB,408,0,duplicate,33,0.68,0.3307,0.4655,421.9,4386,4426,33
GolfDr_SHB_12.11.2025,SHB,420,0,duplicate,5,0.08,0.6133,0.6133,500.2,4521,4525,5
GolfDr_SHB_12.11.2025,SHB,435,0,duplicate,54,1.57,0.4392,0.6678,414.1,4555,4648,54
GolfDr_SHB_12.11.2025,SHB,443,0,false,1,0.02,0.4323,0.4323,271.2,4613,4613,0
GolfDr_SHB_12.11.2025,SHB,481,0,false,10,0.18,0.4519,0.5131,513.6,4755,4765,0
GolfDr_SHB_12.11.2025,SHB,484,0,duplicate,37,0.62,0.5264,0.6088,529.6,4776,4812,37
GolfDr_SHB_12.11.2025,SHB,487,0,duplicate,10,0.5,0.3586,0.4736,695.9,4785,4814,9
GolfDr_SHB_12.11.2025,SHB,508,0,duplicate,1,0.02,0.6422,0.6422,548.0,4817,4817,1
GolfDr_SHB_12.11.2025,SHB,543,0,duplicate,1,0.02,0.4229,0.4229,557.9,4844,4844,1
GolfDr_SHB_12.11.2025,SHB,546,0,duplicate,13,0.23,0.4511,0.561,516.2,4846,4859,13
GolfDr_SHB_12.11.2025,SHB,548,0,duplicate,4,0.08,0.3582,0.3582,777.2,4848,4852,4
GolfDr_SHB_12.11.2025,SHB,569,0,false,1,0.02,0.5914,0.5914,339.6,4919,4919,0
GolfDr_SHB_12.11.2025,SHB,574,0,false,10,0.17,0.5673,0.6317,314.4,4925,4934,0
GolfDr_SHB_12.11.2025,SHB,575,0,false,4,0.07,0.4137,0.4137,477.0,4925,4928,0
GolfDr_SHB_12.11.2025,SHB,580,0,false,1,0.02,0.6361,0.6361,862.3,5019,5019,0
GolfDr_SHB_12.11.2025,SHB,600,0,false,1,0.02,0.3576,0.3576,853.1,7361,7361,0
GolfDr_SHB_12.11.2025,SHB,607,0,false,8,0.13,0.5115,0.6206,1363.1,8233,8240,0
GolfDr_SHB_12.11.2025,SHB,626,0,false,5,0.08,0.3459,0.3459,406.8,8344,8348,0
GolfDr_SHB_12.11.2025,SHB,638,0,false,9,0.23,0.3703,0.4608,457.1,8371,8384,0
GolfDr_SHB_12.11.2025,SHB,652,0,false,1,0.02,0.3382,0.3382,337.0,8416,8416,0
GolfDr_SHB_12.11.2025,SHB,1652,0,false,2,0.03,0.1631,0.1631,330.2,189,190,0
GolfDr_SHB_12.11.2025,SHB,1653,0,false,1,0.02,0.424,0.424,251.3,194,194,0
GolfDr_SHB_12.11.2025,SHB,1654,0,false,1,0.02,0.121,0.121,267.4,215,215,0
GolfDr_SHB_12.11.2025,SHB,1655,0,false,2,0.03,0.1277,0.1277,290.4,390,391,0
GolfDr_SHB_12.11.2025,SHB,1656,0,false,2,0.23,0.2317,0.2317,360.7,428,441,0
GolfDr_SHB_12.11.2025,SHB,1657,0,false,1,0.02,0.1427,0.1427,248.5,568,568,0
GolfDr_SHB_12.11.2025,SHB,1658,0,false,6,0.33,0.2726,0.2932,770.5,608,627,0
GolfDr_SHB_12.11.2025,SHB,1659,0,false,3,0.45,0.1098,0.1098,745.2,611,637,0
GolfDr_SHB_12.11.2025,SHB,1660,0,false,2,0.03,0.2067,0.2067,751.6,612,613,0
GolfDr_SHB_12.11.2025,SHB,1661,0,false,4,0.07,0.1896,0.1896,850.6,648,651,0
GolfDr_SHB_12.11.2025,SHB,1662,0,false,1,0.02,0.2785,0.2785,786.2,656,656,0
GolfDr_SHB_12.11.2025,SHB,1663,0,false,3,0.08,0.2732,0.2732,579.3,674,678,0
GolfDr_SHB_12.11.2025,SHB,1664,0,false,5,0.48,0.1429,0.1429,695.9,738,766,0
GolfDr_SHB_12.11.2025,SHB,1665,0,false,3,0.05,0.1363,0.1363,772.1,743,745,0
GolfDr_SHB_12.11.2025,SHB,1666,0,false,2,0.15,0.1832,0.1832,2923.1,2682,2690,0
GolfDr_SHB_12.11.2025,SHB,1667,0,false,1,0.02,0.1355,0.1355,949.3,2928,2928,0
GolfDr_SHB_12.11.2025,SHB,1668,0,false,1,0.02,0.1127,0.1127,520.2,2928,2928,0
GolfDr_SHB_12.11.2025,SHB,1669,0,false,4,0.05,0.1453,0.1453,685.4,3003,3005,0
GolfDr_SHB_12.11.2025,SHB,1670,0,false,4,0.1,0.2213,0.2213,718.2,3058,3063,0
GolfDr_SHB_12.11.2025,SHB,1671,0,false,11,0.38,0.2233,0.2876,637.1,3075,3097,0
GolfDr_SHB_12.11.2025,SHB,1672,0,false,16,0.63,0.1581,0.2301,486.3,3144,3181,0
GolfDr_SHB_12.11.2025,SHB,1673,0,false,1,0.02,0.1731,0.1731,1184.7,3210,3210,0
GolfDr_SHB_12.11.2025,SHB,1674,0,false,7,0.13,0.1324,0.142,554.8,3214,3221,0
GolfDr_SHB_12.11.2025,SHB,1675,0,false,65,1.6,0.2018,0.3662,542.4,3238,3333,0
GolfDr_SHB_12.11.2025,SHB,1676,0,false,1,0.02,0.2134,0.2134,1557.3,3364,3364,0
GolfDr_SHB_12.11.2025,SHB,1677,0,false,2,0.03,0.2123,0.2123,867.4,3477,3478,0
GolfDr_SHB_12.11.2025,SHB,1678,0,false,5,0.08,0.3508,0.3508,1027.5,3497,3501,0
GolfDr_SHB_12.11.2025,SHB,1679,0,duplicate,22,0.5,0.2535,0.3989,498.2,3753,3782,4
GolfDr_SHB_12.11.2025,SHB,1680,0,false,1,0.02,0.1091,0.1091,332.8,3770,3770,0
GolfDr_SHB_12.11.2025,SHB,1681,0,false,1,0.02,0.1486,0.1486,683.7,3784,3784,0
GolfDr_SHB_12.11.2025,SHB,1682,0,false,1,0.02,0.1603,0.1603,247.0,3797,3797,0
GolfDr_SHB_12.11.2025,SHB,1683,0,false,1,0.02,0.1283,0.1283,642.5,3799,3799,0
GolfDr_SHB_12.11.2025,SHB,1684,0,duplicate,79,2.4,0.3049,0.5946,501.0,3837,3980,27
GolfDr_SHB_12.11.2025,SHB,1685,0,false,1,0.02,0.4355,0.4355,648.3,3845,3845,0
GolfDr_SHB_12.11.2025,SHB,1686,0,duplicate,4,0.05,0.1994,0.1994,573.9,3867,3869,3
GolfDr_SHB_12.11.2025,SHB,1687,0,false,1,0.02,0.1794,0.1794,1431.2,3967,3967,0
GolfDr_SHB_12.11.2025,SHB,1688,0,duplicate,3,0.2,0.2135,0.2135,619.1,4318,4329,3
GolfDr_SHB_12.11.2025,SHB,1689,0,duplicate,18,1.1,0.197,0.2738,439.3,4369,4434,15
GolfDr_SHB_12.11.2025,SHB,1690,0,false,2,0.42,0.1276,0.1276,1117.7,4482,4506,0
GolfDr_SHB_12.11.2025,SHB,1691,0,duplicate,28,1.53,0.2518,0.457,418.6,4487,4578,17
GolfDr_SHB_12.11.2025,SHB,1692,0,false,1,0.02,0.1737,0.1737,243.0,4553,4553,0
GolfDr_SHB_12.11.2025,SHB,1693,0,false,4,0.1,0.2178,0.2178,279.9,4609,4614,0
GolfDr_SHB_12.11.2025,SHB,1694,0,duplicate,13,0.75,0.1665,0.1963,372.8,4610,4654,12
GolfDr_SHB_12.11.2025,SHB,1695,0,false,24,0.72,0.3207,0.5471,397.2,4719,4761,0
GolfDr_SHB_12.11.2025,SHB,1696,0,false,4,0.07,0.3526,0.3526,477.7,4735,4738,0
GolfDr_SHB_12.11.2025,SHB,1697,0,duplicate,4,0.53,0.2128,0.2128,475.2,4744,4775,4
GolfDr_SHB_12.11.2025,SHB,1698,0,duplicate,55,1.03,0.3439,0.6125,526.4,4813,4874,18
GolfDr_SHB_12.11.2025,SHB,1699,0,false,1,0.02,0.112,0.112,921.2,4824,4824,0
GolfDr_SHB_12.11.2025,SHB,1700,0,false,22,1.32,0.3563,0.5381,372.6,4887,4965,0
GolfDr_SHB_12.11.2025,SHB,1701,0,false,4,0.07,0.248,0.248,436.4,4921,4924,0
GolfDr_SHB_12.11.2025,SHB,1702,0,false,3,0.07,0.3099,0.3099,827.4,5017,5020,0
GolfDr_SHB_12.11.2025,SHB,1703,0,false,9,0.17,0.2707,0.3485,443.7,5052,5061,0
GolfDr_SHB_12.11.2025,SHB,1704,0,false,2,0.28,0.3637,0.3637,354.5,5491,5507,0
GolfDr_SHB_12.11.2025,SHB,1705,0,false,1,0.02,0.1714,0.1714,1413.2,5733,5733,0
GolfDr_SHB_12.11.2025,SHB,1706,0,false,1,0.02,0.4717,0.4717,456.2,5955,5955,0
GolfDr_SHB_12.11.2025,SHB,1707,0,false,2,0.03,0.2589,0.2589,447.5,6066,6067,0
GolfDr_SHB_12.11.2025,SHB,1708,0,false,1,0.02,0.1083,0.1083,555.8,6077,6077,0
GolfDr_SHB_12.11.2025,SHB,1709,0,false,1,0.02,0.426,0.426,1289.5,6170,6170,0
GolfDr_SHB_12.11.2025,SHB,1710,0,false,1,0.02,0.1328,0.1328,349.7,6573,6573,0
GolfDr_SHB_12.11.2025,SHB,1711,0,false,2,0.02,0.1276,0.1276,272.2,6709,6709,0
GolfDr_SHB_12.11.2025,SHB,1712,0,false,1,0.02,0.134,0.134,396.6,6741,6741,0
GolfDr_SHB_12.11.2025,SHB,1713,0,false,1,0.02,0.1879,0.1879,525.6,6756,6756,0
GolfDr_SHB_12.11.2025,SHB,1714,0,false,5,0.13,0.156,0.156,1191.2,6814,6821,0
GolfDr_SHB_12.11.2025,SHB,1715,0,false,1,0.02,0.1082,0.1082,400.7,6928,6928,0
GolfDr_SHB_12.11.2025,SHB,1716,0,false,1,0.02,0.1358,0.1358,388.6,7102,7102,0
GolfDr_SHB_12.11.2025,SHB,1717,0,false,1,0.02,0.3433,0.3433,684.8,7237,7237,0
GolfDr_SHB_12.11.2025,SHB,1718,0,false,1,0.02,0.1,0.1,733.3,7310,7310,0
GolfDr_SHB_12.11.2025,SHB,1719,0,false,1,0.02,0.1772,0.1772,863.4,7360,7360,0
GolfDr_SHB_12.11.2025,SHB,1720,0,false,1,0.02,0.4632,0.4632,1041.6,7400,7400,0
GolfDr_SHB_12.11.2025,SHB,1721,0,false,1,0.02,0.106,0.106,890.8,7402,7402,0
GolfDr_SHB_12.11.2025,SHB,1722,0,false,1,0.02,0.4062,0.4062,1046.3,7422,7422,0
GolfDr_SHB_12.11.2025,SHB,1723,0,false,1,0.02,0.1354,0.1354,835.1,7523,7523,0
GolfDr_SHB_12.11.2025,SHB,1724,0,false,1,0.02,0.1042,0.1042,988.2,7523,7523,0
GolfDr_SHB_12.11.2025,SHB,1725,0,false,2,0.03,0.1491,0.1491,1189.2,7617,7618,0
GolfDr_SHB_12.11.2025,SHB,1726,0,false,1,0.02,0.1036,0.1036,468.8,7852,7852,0
GolfDr_SHB_12.11.2025,SHB,1727,0,false,1,0.02,0.1059,0.1059,739.2,7947,7947,0
GolfDr_SHB_12.11.2025,SHB,1728,0,false,2,0.03,0.2121,0.2121,646.2,7965,7966,0
GolfDr_SHB_12.11.2025,SHB,1729,0,false,1,0.02,0.1056,0.1056,1184.1,8026,8026,0
GolfDr_SHB_12.11.2025,SHB,1730,0,false,1,0.02,0.121,0.121,1893.0,8113,8113,0
GolfDr_SHB_12.11.2025,SHB,1731,0,false,1,0.02,0.3637,0.3637,1215.6,8227,8227,0
GolfDr_SHB_12.11.2025,SHB,1732,0,false,9,0.23,0.2794,0.3803,863.9,8231,8244,0
GolfDr_SHB_12.11.2025,SHB,1733,0,false,1,0.02,0.1597,0.1597,1963.1,8241,8241,0
GolfDr_SHB_12.11.2025,SHB,1734,0,false,1,0.02,0.1095,0.1095,602.7,8262,8262,0
GolfDr_SHB_12.11.2025,SHB,1735,0,false,6,0.6,0.1863,0.2013,660.4,8271,8306,0
GolfDr_SHB_12.11.2025,SHB,1736,0,false,62,2.4,0.1858,0.3274,390.7,8278,8421,0
GolfDr_SHB_12.11.2025,SHB,1737,0,false,2,0.03,0.1248,0.1248,2363.2,8336,8337,0
GolfDr_SHB_12.11.2025,SHB,1738,0,false,1,0.02,0.1064,0.1064,578.2,8477,8477,0
GolfDr_SHB_12.11.2025,SHB,1739,0,false,2,0.03,0.1442,0.1442,426.3,8779,8780,0
GolfDr_SHB_12.11.2025,SHB,1740,0,false,1,0.02,0.2036,0.2036,461.5,9351,9351,0
GolfDr_SHB_12.11.2025,SHB,1741,0,false,1,0.02,0.1456,0.1456,5218.7,9430,9430,0
GolfDr_SHB_12.11.2025,SHB,1742,0,false,1,0.02,0.1313,0.1313,423.2,9788,9788,0
GolfDr_SHB_12.11.2025,SHB,1743,0,false,3,0.05,0.1857,0.1857,1615.0,9799,9801,0
GolfDr_SHB_12.11.2025,SHB,1744,0,false,1,0.02,0.2996,0.2996,429.2,10129,10129,0
GolfDr_SHB_12.11.2025,SHB,1745,0,false,5,0.1,0.2334,0.2334,376.5,10181,10186,0
GolfDr_SHB_12.11.2025,SHB,1746,0,false,2,0.03,0.1006,0.1006,401.2,10215,10216,0
GolfDr_SHB_12.11.2025,SHB,1747,0,false,1,0.02,0.1236,0.1236,2943.4,10271,10271,0
Melvin_SHW_01.18.2026_LS,SHW,2158,0,false,9,0.18,0.4018,0.4688,3349.4,51,61,0
Melvin_SHW_01.18.2026_LS,SHW,2240,0,false,1,0.02,0.5656,0.5656,1496.7,3825,3825,0
Melvin_SHW_01.18.2026_LS,SHW,2245,0,false,2,0.03,0.4683,0.4683,1385.6,3832,3833,0
Melvin_SHW_01.18.2026_LS,SHW,2248,0,false,3,0.07,0.5817,0.5817,1601.8,3848,3851,0
Melvin_SHW_01.18.2026_LS,SHW,2278,0,duplicate,3,0.05,0.4835,0.4835,1361.4,5438,5440,3
Melvin_SHW_01.18.2026_LS,SHW,2280,1,primary,44,0.98,0.6014,0.7425,1538.2,5443,5501,42
Melvin_SHW_01.18.2026_LS,SHW,2290,0,false,1,0.02,0.3627,0.3627,2174.0,5931,5931,0
Melvin_SHW_01.18.2026_LS,SHW,2294,0,false,1,0.02,0.5204,0.5204,2636.5,5997,5997,0
Melvin_SHW_01.18.2026_LS,SHW,2302,0,false,3,0.05,0.5161,0.5161,1252.4,6084,6086,0
Melvin_SHW_01.18.2026_LS,SHW,2304,0,false,1,0.02,0.395,0.395,1860.4,6101,6101,0
Melvin_SHW_01.18.2026_LS,SHW,2312,0,false,2,0.03,0.3986,0.3986,2473.9,6134,6135,0
Melvin_SHW_01.18.2026_LS,SHW,2316,0,false,5,0.1,0.3749,0.3749,1023.5,6193,6198,0
Melvin_SHW_01.18.2026_LS,SHW,2319,0,duplicate,10,0.17,0.4325,0.5026,859.7,6279,6288,10
Melvin_SHW_01.18.2026_LS,SHW,2329,0,false,2,0.03,0.5575,0.5575,1307.2,6445,6446,0
Melvin_SHW_01.18.2026_LS,SHW,2336,0,false,1,0.02,0.6206,0.6206,635.7,6528,6528,0
Melvin_SHW_01.18.2026_LS,SHW,2352,1,primary,19,0.32,0.6176,0.703,1491.8,7014,7032,9
Melvin_SHW_01.18.2026_LS,SHW,2372,0,false,12,0.22,0.5334,0.6246,1799.1,7480,7492,0
Melvin_SHW_01.18.2026_LS,SHW,2381,0,false,2,0.03,0.6628,0.6628,1463.3,7552,7553,0
Melvin_SHW_01.18.2026_LS,SHW,2384,0,false,1,0.02,0.549,0.549,2126.1,7574,7574,0
Melvin_SHW_01.18.2026_LS,SHW,2386,0,false,12,0.25,0.5047,0.6016,1370.2,8303,8317,0
Melvin_SHW_01.18.2026_LS,SHW,2387,0,false,2,0.03,0.5086,0.5086,1063.8,8314,8315,0
Melvin_SHW_01.18.2026_LS,SHW,2428,0,false,15,0.5,0.4314,0.6319,396.4,10048,10077,0
Melvin_SHW_01.18.2026_LS,SHW,2433,0,false,3,0.07,0.3919,0.3919,575.2,10156,10159,0
Melvin_SHW_01.18.2026_LS,SHW,2439,1,primary,6,0.12,0.4675,0.4825,612.0,10201,10207,6
Melvin_SHW_01.18.2026_LS,SHW,2450,1,primary,13,0.28,0.4176,0.5236,669.0,10390,10406,3
Melvin_SHW_01.18.2026_LS,SHW,2463,0,false,3,0.07,0.4237,0.4237,984.4,10532,10535,0
Melvin_SHW_01.18.2026_LS,SHW,2470,0,false,2,0.03,0.6202,0.6202,788.1,10556,10557,0
Melvin_SHW_01.18.2026_LS,SHW,2494,0,false,3,0.05,0.6112,0.6112,1082.4,11280,11282,0
Melvin_SHW_01.18.2026_LS,SHW,2509,0,false,1,0.02,0.3363,0.3363,1110.5,11541,11541,0
Melvin_SHW_01.18.2026_LS,SHW,2511,0,false,1,0.02,0.526,0.526,1141.0,11544,11544,0
Melvin_SHW_01.18.2026_LS,SHW,2530,0,false,1,0.02,0.3459,0.3459,1910.6,12085,12085,0
Melvin_SHW_01.18.2026_LS,SHW,2542,0,false,4,0.07,0.5265,0.5265,1414.3,12161,12164,0
Melvin_SHW_01.18.2026_LS,SHW,2543,0,false,1,0.02,0.369,0.369,1284.4,12169,12169,0
Melvin_SHW_01.18.2026_LS,SHW,2544,0,false,2,0.03,0.3279,0.3279,1588.0,12175,12176,0
Melvin_SHW_01.18.2026_LS,SHW,2545,0,false,3,0.05,0.3113,0.3113,1145.4,12182,12184,0
Melvin_SHW_01.18.2026_LS,SHW,2553,0,false,2,0.03,0.3227,0.3227,949.7,12223,12224,0
Melvin_SHW_01.18.2026_LS,SHW,2554,0,false,2,0.03,0.444,0.444,762.8,12492,12493,0
Melvin_SHW_01.18.2026_LS,SHW,2569,0,false,1,0.02,0.6178,0.6178,876.0,13106,13106,0
Melvin_SHW_01.18.2026_LS,SHW,2583,0,false,2,0.03,0.4305,0.4305,2301.8,13427,13428,0
Melvin_SHW_01.18.2026_LS,SHW,2592,0,false,4,0.07,0.3659,0.3659,1194.3,13657,13660,0
Melvin_SHW_01.18.2026_LS,SHW,2594,0,false,4,0.07,0.3746,0.3746,1590.9,13685,13688,0
Melvin_SHW_01.18.2026_LS,SHW,2598,0,false,1,0.02,0.3585,0.3585,1328.9,13802,13802,0
Melvin_SHW_01.18.2026_LS,SHW,2635,0,false,1,0.02,0.6386,0.6386,1612.8,14590,14590,0
Melvin_SHW_01.18.2026_LS,SHW,3635,0,false,9,0.32,0.2361,0.3035,2381.7,48,66,0
Melvin_SHW_01.18.2026_LS,SHW,3636,0,false,1,0.02,0.1002,0.1002,2922.0,66,66,0
Melvin_SHW_01.18.2026_LS,SHW,3637,0,false,2,0.05,0.1548,0.1548,1080.1,218,220,0
Melvin_SHW_01.18.2026_LS,SHW,3638,0,false,1,0.02,0.23,0.23,1276.8,259,259,0
Melvin_SHW_01.18.2026_LS,SHW,3639,0,false,1,0.02,0.2782,0.2782,1256.5,382,382,0
Melvin_SHW_01.18.2026_LS,SHW,3640,0,false,2,0.03,0.1285,0.1285,2180.5,394,395,0
Melvin_SHW_01.18.2026_LS,SHW,3641,0,false,7,0.53,0.2191,0.2509,736.5,429,460,0
Melvin_SHW_01.18.2026_LS,SHW,3642,0,false,7,0.13,0.1694,0.1903,961.0,441,448,0
Melvin_SHW_01.18.2026_LS,SHW,3643,0,false,1,0.02,0.101,0.101,1287.9,747,747,0
Melvin_SHW_01.18.2026_LS,SHW,3644,0,false,1,0.02,0.1097,0.1097,1764.5,834,834,0
Melvin_SHW_01.18.2026_LS,SHW,3645,0,false,1,0.02,0.1007,0.1007,1811.7,846,846,0
Melvin_SHW_01.18.2026_LS,SHW,3646,0,false,1,0.02,0.1431,0.1431,579.0,863,863,0
Melvin_SHW_01.18.2026_LS,SHW,3647,0,false,2,0.03,0.3384,0.3384,669.7,866,867,0
Melvin_SHW_01.18.2026_LS,SHW,3648,0,false,2,0.08,0.3296,0.3296,758.3,890,894,0
Melvin_SHW_01.18.2026_LS,SHW,3649,0,false,2,0.03,0.4929,0.4929,1738.6,899,900,0
Melvin_SHW_01.18.2026_LS,SHW,3650,0,false,1,0.02,0.376,0.376,1365.4,915,915,0
Melvin_SHW_01.18.2026_LS,SHW,3651,0,false,2,0.08,0.2179,0.2179,2699.5,924,928,0
Melvin_SHW_01.18.2026_LS,SHW,3652,0,false,2,0.03,0.1397,0.1397,808.6,996,997,0
Melvin_SHW_01.18.2026_LS,SHW,3653,0,false,1,0.02,0.2404,0.2404,677.5,998,998,0
Melvin_SHW_01.18.2026_LS,SHW,3654,0,false,1,0.02,0.108,0.108,1109.6,1006,1006,0
Melvin_SHW_01.18.2026_LS,SHW,3655,0,false,2,0.52,0.1759,0.1759,539.8,1021,1051,0
Melvin_SHW_01.18.2026_LS,SHW,3656,0,false,1,0.02,0.2298,0.2298,1201.7,1033,1033,0
Melvin_SHW_01.18.2026_LS,SHW,3657,0,false,13,0.62,0.2078,0.2702,409.7,1056,1092,0
Melvin_SHW_01.18.2026_LS,SHW,3658,0,false,2,0.03,0.1838,0.1838,321.7,1084,1085,0
Melvin_SHW_01.18.2026_LS,SHW,3659,0,false,2,0.07,0.1783,0.1783,998.2,1115,1118,0
Melvin_SHW_01.18.2026_LS,SHW,3660,0,false,2,0.03,0.1728,0.1728,280.4,1163,1164,0
Melvin_SHW_01.18.2026_LS,SHW,3661,0,false,1,0.02,0.1149,0.1149,503.2,1205,1205,0
Melvin_SHW_01.18.2026_LS,SHW,3662,0,false,1,0.02,0.1476,0.1476,357.7,1213,1213,0
Melvin_SHW_01.18.2026_LS,SHW,3663,0,false,1,0.02,0.1626,0.1626,3407.0,1239,1239,0
Melvin_SHW_01.18.2026_LS,SHW,3664,0,false,2,0.03,0.1605,0.1605,1212.0,1240,1241,0
Melvin_SHW_01.18.2026_LS,SHW,3665,0,false,1,0.02,0.1692,0.1692,883.8,1260,1260,0
Melvin_SHW_01.18.2026_LS,SHW,3666,0,false,1,0.02,0.1367,0.1367,2459.8,1289,1289,0
Melvin_SHW_01.18.2026_LS,SHW,3667,0,false,6,0.37,0.1501,0.1582,745.7,1425,1446,0
Melvin_SHW_01.18.2026_LS,SHW,3668,0,false,1,0.02,0.115,0.115,573.6,1467,1467,0
Melvin_SHW_01.18.2026_LS,SHW,3669,0,false,17,0.22,0.229,0.349,393.1,1512,1524,0
Melvin_SHW_01.18.2026_LS,SHW,3670,0,false,1,0.02,0.2097,0.2097,613.9,1543,1543,0
Melvin_SHW_01.18.2026_LS,SHW,3671,0,false,1,0.02,0.3307,0.3307,4436.0,1606,1606,0
Melvin_SHW_01.18.2026_LS,SHW,3672,0,false,1,0.02,0.2308,0.2308,872.7,1643,1643,0
Melvin_SHW_01.18.2026_LS,SHW,3673,0,false,1,0.02,0.1077,0.1077,246.7,1759,1759,0
Melvin_SHW_01.18.2026_LS,SHW,3674,0,false,2,0.37,0.2624,0.2624,1626.1,1834,1855,0
Melvin_SHW_01.18.2026_LS,SHW,3675,0,false,1,0.02,0.1906,0.1906,6794.8,1836,1836,0
Melvin_SHW_01.18.2026_LS,SHW,3676,0,false,6,0.17,0.1471,0.1564,2387.3,2024,2033,0
Melvin_SHW_01.18.2026_LS,SHW,3677,0,false,2,0.03,0.2295,0.2295,2614.1,2064,2065,0
Melvin_SHW_01.18.2026_LS,SHW,3678,0,false,3,0.38,0.3873,0.3873,767.4,2082,2104,0
Melvin_SHW_01.18.2026_LS,SHW,3679,0,false,2,0.22,0.2129,0.2129,754.0,2407,2419,0
Melvin_SHW_01.18.2026_LS,SHW,3680,0,false,5,0.7,0.215,0.215,930.2,2446,2487,0
Melvin_SHW_01.18.2026_LS,SHW,3681,0,false,1,0.02,0.1464,0.1464,1040.6,2479,2479,0
Melvin_SHW_01.18.2026_LS,SHW,3682,0,false,1,0.02,0.1015,0.1015,680.0,2653,2653,0
Melvin_SHW_01.18.2026_LS,SHW,3683,0,false,2,0.03,0.1082,0.1082,647.7,2815,2816,0
Melvin_SHW_01.18.2026_LS,SHW,3684,0,false,1,0.02,0.141,0.141,695.1,3343,3343,0
Melvin_SHW_01.18.2026_LS,SHW,3685,0,false,2,0.03,0.1173,0.1173,946.0,3448,3449,0
Melvin_SHW_01.18.2026_LS,SHW,3686,0,false,1,0.02,0.2304,0.2304,1075.9,3463,3463,0
Melvin_SHW_01.18.2026_LS,SHW,3687,0,false,1,0.02,0.1748,0.1748,815.4,3568,3568,0
Melvin_SHW_01.18.2026_LS,SHW,3688,0,false,1,0.02,0.1423,0.1423,337.3,3723,3723,0
Melvin_SHW_01.18.2026_LS,SHW,3689,0,false,2,0.05,0.1444,0.1444,414.4,3750,3752,0
Melvin_SHW_01.18.2026_LS,SHW,3690,0,false,1,0.02,0.2336,0.2336,549.5,3780,3780,0
Melvin_SHW_01.18.2026_LS,SHW,3691,0,false,1,0.02,0.1053,0.1053,1320.9,3816,3816,0
Melvin_SHW_01.18.2026_LS,SHW,3692,0,false,9,0.3,0.259,0.3287,1530.0,3823,3840,0
Melvin_SHW_01.18.2026_LS,SHW,3693,0,false,4,0.12,0.4047,0.4047,1568.1,3846,3852,0
Melvin_SHW_01.18.2026_LS,SHW,3694,0,false,3,0.07,0.1902,0.1902,884.8,3908,3911,0
Melvin_SHW_01.18.2026_LS,SHW,3695,0,false,2,0.03,0.2908,0.2908,1242.7,3933,3934,0
Melvin_SHW_01.18.2026_LS,SHW,3696,0,false,1,0.02,0.1087,0.1087,526.5,4096,4096,0
Melvin_SHW_01.18.2026_LS,SHW,3697,0,false,3,0.15,0.149,0.149,1726.4,4109,4117,0
Melvin_SHW_01.18.2026_LS,SHW,3698,0,false,1,0.02,0.2699,0.2699,3361.8,4168,4168,0
Melvin_SHW_01.18.2026_LS,SHW,3699,0,false,1,0.02,0.3621,0.3621,1489.6,4238,4238,0
Melvin_SHW_01.18.2026_LS,SHW,3700,0,false,3,0.05,0.2748,0.2748,1540.3,4617,4619,0
Melvin_SHW_01.18.2026_LS,SHW,3701,0,false,2,0.03,0.1746,0.1746,2040.3,4711,4712,0
Melvin_SHW_01.18.2026_LS,SHW,3702,0,false,1,0.02,0.1288,0.1288,525.8,4858,4858,0
Melvin_SHW_01.18.2026_LS,SHW,3703,0,false,1,0.02,0.1413,0.1413,921.9,4920,4920,0
Melvin_SHW_01.18.2026_LS,SHW,3704,0,false,1,0.02,0.1195,0.1195,2454.5,5042,5042,0
Melvin_SHW_01.18.2026_LS,SHW,3705,0,false,1,0.02,0.2701,0.2701,1635.9,5125,5125,0
Melvin_SHW_01.18.2026_LS,SHW,3706,0,false,1,0.02,0.1127,0.1127,1330.1,5264,5264,0
Melvin_SHW_01.18.2026_LS,SHW,3707,0,false,2,0.48,0.2052,0.2052,659.1,5323,5351,0
Melvin_SHW_01.18.2026_LS,SHW,3708,0,false,1,0.02,0.1399,0.1399,1032.3,5353,5353,0
Melvin_SHW_01.18.2026_LS,SHW,3709,0,duplicate,26,0.87,0.2166,0.3357,812.3,5397,5448,18
Melvin_SHW_01.18.2026_LS,SHW,3710,0,duplicate,2,0.18,0.1742,0.1742,1676.4,5480,5490,2
Melvin_SHW_01.18.2026_LS,SHW,3711,0,false,1,0.02,0.2608,0.2608,1688.2,5530,5530,0
Melvin_SHW_01.18.2026_LS,SHW,3712,0,false,2,0.03,0.1922,0.1922,1200.1,5547,5548,0
Melvin_SHW_01.18.2026_LS,SHW,3713,0,false,2,0.03,0.3388,0.3388,1814.6,5568,5569,0
Melvin_SHW_01.18.2026_LS,SHW,3714,0,false,1,0.02,0.3199,0.3199,2114.4,5578,5578,0
Melvin_SHW_01.18.2026_LS,SHW,3715,0,false,2,0.12,0.1772,0.1772,1657.9,5802,5808,0
Melvin_SHW_01.18.2026_LS,SHW,3716,0,false,1,0.02,0.2007,0.2007,1675.4,5864,5864,0
Melvin_SHW_01.18.2026_LS,SHW,3717,0,false,1,0.02,0.4302,0.4302,2335.2,5930,5930,0
Melvin_SHW_01.18.2026_LS,SHW,3718,0,false,5,1.05,0.2641,0.2641,2234.6,5934,5996,0
Melvin_SHW_01.18.2026_LS,SHW,3719,0,false,7,0.13,0.1585,0.1754,586.6,6012,6019,0
Melvin_SHW_01.18.2026_LS,SHW,3720,0,false,1,0.02,0.7548,0.7548,1849.2,6048,6048,0
Melvin_SHW_01.18.2026_LS,SHW,3721,0,duplicate,15,2.92,0.187,0.2659,1024.6,6051,6225,2
Melvin_SHW_01.18.2026_LS,SHW,3722,0,false,10,0.73,0.24,0.3282,2096.0,6094,6137,0
Melvin_SHW_01.18.2026_LS,SHW,3723,0,false,1,0.02,0.226,0.226,2026.5,6102,6102,0
Melvin_SHW_01.18.2026_LS,SHW,3724,0,false,1,0.02,0.2094,0.2094,1787.0,6119,6119,0
Melvin_SHW_01.18.2026_LS,SHW,3725,0,false,3,0.23,0.1236,0.1236,1824.8,6120,6133,0
Melvin_SHW_01.18.2026_LS,SHW,3726,1,primary,15,0.55,0.1554,0.2078,841.7,6270,6302,14
Melvin_SHW_01.18.2026_LS,SHW,3727,0,duplicate,4,0.47,0.1533,0.1533,1407.4,6410,6437,4
Melvin_SHW_01.18.2026_LS,SHW,3728,0,false,1,0.02,0.6446,0.6446,1217.4,6444,6444,0
Melvin_SHW_01.18.2026_LS,SHW,3729,0,duplicate,1,0.02,0.1166,0.1166,582.4,6470,6470,1
Melvin_SHW_01.18.2026_LS,SHW,3730,0,duplicate,10,0.42,0.3403,0.4687,776.0,6517,6541,5
Melvin_SHW_01.18.2026_LS,SHW,3731,0,false,8,0.33,0.2205,0.2877,1225.2,6529,6548,0
Melvin_SHW_01.18.2026_LS,SHW,3732,0,false,1,0.02,0.2536,0.2536,326.1,6648,6648,0
Melvin_SHW_01.18.2026_LS,SHW,3733,0,false,3,0.05,0.5352,0.5352,1307.4,6660,6662,0
Melvin_SHW_01.18.2026_LS,SHW,3734,0,false,1,0.02,0.1094,0.1094,721.3,6729,6729,0
Melvin_SHW_01.18.2026_LS,SHW,3735,0,false,1,0.02,0.3015,0.3015,1612.2,6760,6760,0
Melvin_SHW_01.18.2026_LS,SHW,3736,0,false,1,0.02,0.4207,0.4207,1318.5,6812,6812,0
Melvin_SHW_01.18.2026_LS,SHW,3737,0,false,1,0.02,0.1352,0.1352,859.4,6849,6849,0
Melvin_SHW_01.18.2026_LS,SHW,3738,0,false,1,0.02,0.1321,0.1321,1800.4,6878,6878,0
Melvin_SHW_01.18.2026_LS,SHW,3739,0,false,1,0.02,0.1859,0.1859,809.4,7000,7000,0
Melvin_SHW_01.18.2026_LS,SHW,3740,0,false,4,0.07,0.1851,0.1851,862.8,7010,7013,0
Melvin_SHW_01.18.2026_LS,SHW,3741,0,duplicate,3,0.05,0.4073,0.4073,1266.5,7033,7035,3
Melvin_SHW_01.18.2026_LS,SHW,3742,0,false,2,0.03,0.1737,0.1737,1346.5,7037,7038,0
Melvin_SHW_01.18.2026_LS,SHW,3743,0,false,1,0.02,0.5817,0.5817,1812.9,7054,7054,0
Melvin_SHW_01.18.2026_LS,SHW,3744,0,false,1,0.02,0.1565,0.1565,2384.4,7058,7058,0
Melvin_SHW_01.18.2026_LS,SHW,3745,0,false,1,0.02,0.3394,0.3394,994.2,7075,7075,0
Melvin_SHW_01.18.2026_LS,SHW,3746,0,false,12,0.47,0.2503,0.4013,1757.0,7220,7247,0
Melvin_SHW_01.18.2026_LS,SHW,3747,0,false,1,0.02,0.3482,0.3482,1817.4,7318,7318,0
Melvin_SHW_01.18.2026_LS,SHW,3748,0,false,3,0.05,0.1523,0.1523,1421.8,7373,7375,0
Melvin_SHW_01.18.2026_LS,SHW,3749,0,false,2,0.02,0.3578,0.3578,1696.3,7381,7381,0
Melvin_SHW_01.18.2026_LS,SHW,3750,0,false,1,0.02,0.1107,0.1107,2450.0,7470,7470,0
Melvin_SHW_01.18.2026_LS,SHW,3751,0,false,6,0.58,0.1904,0.202,1620.5,7478,7512,0
Melvin_SHW_01.18.2026_LS,SHW,3752,0,false,6,0.23,0.3635,0.4007,1885.7,7538,7551,0
Melvin_SHW_01.18.2026_LS,SHW,3753,0,false,4,0.12,0.2302,0.2302,2050.5,7567,7573,0
Melvin_SHW_01.18.2026_LS,SHW,3754,0,false,1,0.02,0.1328,0.1328,1631.6,7682,7682,0
Melvin_SHW_01.18.2026_LS,SHW,3755,0,false,1,0.02,0.1096,0.1096,373.9,7790,7790,0
Melvin_SHW_01.18.2026_LS,SHW,3756,0,false,1,0.02,0.184,0.184,876.6,7945,7945,0
Melvin_SHW_01.18.2026_LS,SHW,3757,0,false,4,0.47,0.2506,0.2506,1157.9,8293,8320,0
Melvin_SHW_01.18.2026_LS,SHW,3758,0,false,4,0.17,0.3646,0.3646,997.2,8313,8322,0
Melvin_SHW_01.18.2026_LS,SHW,3759,0,false,2,0.48,0.2579,0.2579,1065.7,8435,8463,0
Melvin_SHW_01.18.2026_LS,SHW,3760,0,false,4,0.2,0.254,0.254,1325.3,8530,8541,0
Melvin_SHW_01.18.2026_LS,SHW,3761,0,false,2,0.03,0.2691,0.2691,681.5,8690,8691,0
Melvin_SHW_01.18.2026_LS,SHW,3762,0,false,1,0.02,0.1384,0.1384,669.8,8704,8704,0
Melvin_SHW_01.18.2026_LS,SHW,3763,0,false,1,0.02,0.154,0.154,645.6,8711,8711,0
Melvin_SHW_01.18.2026_LS,SHW,3764,0,false,3,0.1,0.4073,0.4073,827.3,8739,8744,0
Melvin_SHW_01.18.2026_LS,SHW,3765,0,false,1,0.02,0.6466,0.6466,1172.0,8759,8759,0
Melvin_SHW_01.18.2026_LS,SHW,3766,0,false,2,0.03,0.3664,0.3664,1115.4,8868,8869,0
Melvin_SHW_01.18.2026_LS,SHW,3767,0,false,1,0.02,0.157,0.157,1051.6,9007,9007,0
Melvin_SHW_01.18.2026_LS,SHW,3768,0,false,1,0.02,0.1144,0.1144,782.5,9034,9034,0
Melvin_SHW_01.18.2026_LS,SHW,3769,0,false,1,0.02,0.1381,0.1381,1140.5,9442,9442,0
Melvin_SHW_01.18.2026_LS,SHW,3770,0,false,2,0.08,0.3572,0.3572,638.3,9464,9468,0
Melvin_SHW_01.18.2026_LS,SHW,3771,0,false,1,0.02,0.1139,0.1139,2331.2,9511,9511,0
Melvin_SHW_01.18.2026_LS,SHW,3772,0,false,4,0.28,0.138,0.138,1234.1,9942,9958,0
Melvin_SHW_01.18.2026_LS,SHW,3773,0,false,19,0.37,0.3823,0.5734,394.2,10026,10047,0
Melvin_SHW_01.18.2026_LS,SHW,3774,0,false,1,0.02,0.2642,0.2642,362.6,10063,10063,0
Melvin_SHW_01.18.2026_LS,SHW,3775,0,false,3,0.08,0.1789,0.1789,381.7,10074,10078,0
Melvin_SHW_01.18.2026_LS,SHW,3776,0,false,2,0.03,0.1107,0.1107,758.2,10139,10140,0
Melvin_SHW_01.18.2026_LS,SHW,3777,0,false,8,0.18,0.1917,0.2386,530.2,10154,10164,0
Melvin_SHW_01.18.2026_LS,SHW,3778,0,false,1,0.02,0.3242,0.3242,1158.2,10177,10177,0
Melvin_SHW_01.18.2026_LS,SHW,3779,0,false,1,0.02,0.123,0.123,1255.7,10181,10181,0
Melvin_SHW_01.18.2026_LS,SHW,3780,0,duplicate,3,0.17,0.2351,0.2351,585.7,10199,10208,1
Melvin_SHW_01.18.2026_LS,SHW,3781,0,false,3,0.4,0.1933,0.1933,1283.3,10245,10268,0
Melvin_SHW_01.18.2026_LS,SHW,3782,0,false,1,0.02,0.1093,0.1093,1837.4,10295,10295,0
Melvin_SHW_01.18.2026_LS,SHW,3783,0,duplicate,27,1.18,0.1974,0.3296,691.8,10374,10444,2
Melvin_SHW_01.18.2026_LS,SHW,3784,0,false,1,0.02,0.1486,0.1486,856.5,10417,10417,0
Melvin_SHW_01.18.2026_LS,SHW,3785,0,false,1,0.02,0.1138,0.1138,2234.3,10470,10470,0
Melvin_SHW_01.18.2026_LS,SHW,3786,0,false,13,0.63,0.2439,0.3488,904.7,10531,10568,0
Melvin_SHW_01.18.2026_LS,SHW,3787,0,false,5,0.27,0.3348,0.3348,939.2,10555,10570,0
Melvin_SHW_01.18.2026_LS,SHW,3788,0,false,1,0.02,0.2598,0.2598,441.4,10606,10606,0
Melvin_SHW_01.18.2026_LS,SHW,3789,0,false,2,0.05,0.2777,0.2777,1880.0,10635,10637,0
Melvin_SHW_01.18.2026_LS,SHW,3790,0,false,4,0.22,0.1448,0.1448,870.9,10646,10658,0
Melvin_SHW_01.18.2026_LS,SHW,3791,0,false,5,0.15,0.1843,0.1843,1531.1,10709,10717,0
Melvin_SHW_01.18.2026_LS,SHW,3792,0,false,1,0.02,0.1072,0.1072,1545.7,10710,10710,0
Melvin_SHW_01.18.2026_LS,SHW,3793,0,false,1,0.02,0.102,0.102,1339.4,10782,10782,0
Melvin_SHW_01.18.2026_LS,SHW,3794,0,false,1,0.02,0.337,0.337,1173.2,10860,10860,0
Melvin_SHW_01.18.2026_LS,SHW,3795,0,false,2,0.48,0.1865,0.1865,765.7,10924,10952,0
Melvin_SHW_01.18.2026_LS,SHW,3796,0,false,1,0.02,0.1316,0.1316,1137.9,10932,10932,0
Melvin_SHW_01.18.2026_LS,SHW,3797,0,false,1,0.02,0.1037,0.1037,1162.2,10937,10937,0
Melvin_SHW_01.18.2026_LS,SHW,3798,0,false,2,0.07,0.2194,0.2194,1154.4,10982,10985,0
Melvin_SHW_01.18.2026_LS,SHW,3799,0,false,1,0.02,0.1252,0.1252,1397.1,11020,11020,0
Melvin_SHW_01.18.2026_LS,SHW,3800,0,false,1,0.02,0.2458,0.2458,2420.4,11029,11029,0
Melvin_SHW_01.18.2026_LS,SHW,3801,0,false,1,0.02,0.1678,0.1678,2317.4,11036,11036,0
Melvin_SHW_01.18.2026_LS,SHW,3802,0,false,1,0.02,0.1255,0.1255,509.2,11062,11062,0
Melvin_SHW_01.18.2026_LS,SHW,3803,0,false,5,0.2,0.145,0.145,1287.3,11135,11146,0
Melvin_SHW_01.18.2026_LS,SHW,3804,0,false,1,0.02,0.1287,0.1287,858.5,11208,11208,0
Melvin_SHW_01.18.2026_LS,SHW,3805,0,false,1,0.02,0.2505,0.2505,1109.8,11226,11226,0
Melvin_SHW_01.18.2026_LS,SHW,3806,0,false,2,0.03,0.1566,0.1566,726.3,11248,11249,0
Melvin_SHW_01.18.2026_LS,SHW,3807,0,false,7,0.33,0.2101,0.2443,1381.3,11275,11294,0
Melvin_SHW_01.18.2026_LS,SHW,3808,0,false,1,0.02,0.2173,0.2173,1135.7,11360,11360,0
Melvin_SHW_01.18.2026_LS,SHW,3809,0,false,1,0.02,0.1031,0.1031,445.2,11366,11366,0
Melvin_SHW_01.18.2026_LS,SHW,3810,0,false,1,0.02,0.2034,0.2034,791.1,11399,11399,0
Melvin_SHW_01.18.2026_LS,SHW,3811,0,false,1,0.02,0.2125,0.2125,1144.0,11408,11408,0
Melvin_SHW_01.18.2026_LS,SHW,3812,0,false,1,0.02,0.2666,0.2666,2063.8,11490,11490,0
Melvin_SHW_01.18.2026_LS,SHW,3813,0,false,2,0.03,0.4482,0.4482,930.9,11513,11514,0
Melvin_SHW_01.18.2026_LS,SHW,3814,0,false,15,0.3,0.2507,0.3501,1240.0,11535,11552,0
Melvin_SHW_01.18.2026_LS,SHW,3815,0,false,1,0.02,0.1111,0.1111,2410.0,11562,11562,0
Melvin_SHW_01.18.2026_LS,SHW,3816,0,false,1,0.02,0.1203,0.1203,651.3,11615,11615,0
Melvin_SHW_01.18.2026_LS,SHW,3817,0,false,1,0.02,0.1548,0.1548,1846.9,11617,11617,0
Melvin_SHW_01.18.2026_LS,SHW,3818,0,false,5,0.2,0.21,0.21,784.5,11705,11716,0
Melvin_SHW_01.18.2026_LS,SHW,3819,0,false,1,0.02,0.1035,0.1035,553.3,11738,11738,0
Melvin_SHW_01.18.2026_LS,SHW,3820,0,false,1,0.02,0.1817,0.1817,2422.0,11843,11843,0
Melvin_SHW_01.18.2026_LS,SHW,3821,0,false,4,0.07,0.1986,0.1986,1397.5,11977,11980,0
Melvin_SHW_01.18.2026_LS,SHW,3822,0,false,4,0.07,0.2453,0.2453,828.6,12049,12052,0
Melvin_SHW_01.18.2026_LS,SHW,3823,0,false,11,0.57,0.184,0.2394,1407.4,12084,12117,0
Melvin_SHW_01.18.2026_LS,SHW,3824,0,false,4,0.07,0.1919,0.1919,629.3,12096,12099,0
Melvin_SHW_01.18.2026_LS,SHW,3825,0,false,2,0.3,0.1758,0.1758,1759.2,12098,12115,0
Melvin_SHW_01.18.2026_LS,SHW,3826,0,false,1,0.02,0.1847,0.1847,1897.8,12124,12124,0
Melvin_SHW_01.18.2026_LS,SHW,3827,0,false,14,1.05,0.2613,0.3858,1525.4,12160,12222,0
Melvin_SHW_01.18.2026_LS,SHW,3828,0,false,2,0.08,0.177,0.177,1091.8,12181,12185,0
Melvin_SHW_01.18.2026_LS,SHW,3829,0,false,1,0.02,0.1115,0.1115,1342.0,12270,12270,0
Melvin_SHW_01.18.2026_LS,SHW,3830,0,false,1,0.02,0.1,0.1,2282.7,12379,12379,0
Melvin_SHW_01.18.2026_LS,SHW,3831,0,false,1,0.02,0.4406,0.4406,736.7,12491,12491,0
Melvin_SHW_01.18.2026_LS,SHW,3832,0,false,3,0.07,0.1757,0.1757,581.6,12622,12625,0
Melvin_SHW_01.18.2026_LS,SHW,3833,0,false,1,0.02,0.3655,0.3655,521.2,12780,12780,0
Melvin_SHW_01.18.2026_LS,SHW,3834,0,false,2,0.03,0.2215,0.2215,416.2,12837,12838,0
Melvin_SHW_01.18.2026_LS,SHW,3835,0,false,1,0.02,0.2582,0.2582,372.0,12980,12980,0
Melvin_SHW_01.18.2026_LS,SHW,3836,0,false,2,0.22,0.1803,0.1803,1294.5,13058,13070,0
Melvin_SHW_01.18.2026_LS,SHW,3837,0,false,3,0.1,0.1802,0.1802,715.3,13072,13077,0
Melvin_SHW_01.18.2026_LS,SHW,3838,0,false,7,0.42,0.228,0.2678,1026.1,13084,13108,0
Melvin_SHW_01.18.2026_LS,SHW,3839,0,false,1,0.02,0.3067,0.3067,564.9,13089,13089,0
Melvin_SHW_01.18.2026_LS,SHW,3840,0,false,3,0.1,0.239,0.239,1105.3,13093,13098,0
Melvin_SHW_01.18.2026_LS,SHW,3841,0,false,2,0.03,0.3022,0.3022,1981.7,13112,13113,0
Melvin_SHW_01.18.2026_LS,SHW,3842,0,false,2,0.03,0.2983,0.2983,744.0,13126,13127,0
Melvin_SHW_01.18.2026_LS,SHW,3843,0,false,3,0.05,0.2975,0.2975,947.2,13126,13128,0
Melvin_SHW_01.18.2026_LS,SHW,3844,0,false,1,0.02,0.2381,0.2381,2414.5,13158,13158,0
Melvin_SHW_01.18.2026_LS,SHW,3845,0,false,4,0.28,0.1919,0.1919,2217.8,13191,13207,0
Melvin_SHW_01.18.2026_LS,SHW,3846,0,false,1,0.02,0.1289,0.1289,2110.8,13219,13219,0
Melvin_SHW_01.18.2026_LS,SHW,3847,0,false,1,0.02,0.102,0.102,1221.6,13341,13341,0
Melvin_SHW_01.18.2026_LS,SHW,3848,0,false,2,0.03,0.1124,0.1124,1276.2,13346,13347,0
Melvin_SHW_01.18.2026_LS,SHW,3849,0,false,2,0.07,0.1916,0.1916,2328.3,13426,13429,0
Melvin_SHW_01.18.2026_LS,SHW,3850,0,false,1,0.02,0.4496,0.4496,1646.0,13514,13514,0
Melvin_SHW_01.18.2026_LS,SHW,3851,0,false,1,0.02,0.4572,0.4572,2057.1,13541,13541,0
Melvin_SHW_01.18.2026_LS,SHW,3852,0,false,2,0.13,0.149,0.149,1516.9,13543,13550,0
Melvin_SHW_01.18.2026_LS,SHW,3853,0,false,2,0.03,0.2554,0.2554,2424.7,13579,13580,0
Melvin_SHW_01.18.2026_LS,SHW,3854,0,false,1,0.02,0.3166,0.3166,1740.9,13626,13626,0
Melvin_SHW_01.18.2026_LS,SHW,3855,0,false,2,0.22,0.1033,0.1033,1189.1,13643,13655,0
Melvin_SHW_01.18.2026_LS,SHW,3856,0,false,6,0.65,0.2272,0.2457,962.8,13654,13692,0
Melvin_SHW_01.18.2026_LS,SHW,3857,0,false,1,0.02,0.2773,0.2773,1482.2,13684,13684,0
Melvin_SHW_01.18.2026_LS,SHW,3858,0,false,1,0.02,0.1093,0.1093,849.8,13742,13742,0
Melvin_SHW_01.18.2026_LS,SHW,3859,0,false,4,0.25,0.1655,0.1655,1199.7,13797,13811,0
Melvin_SHW_01.18.2026_LS,SHW,3860,0,false,1,0.02,0.5786,0.5786,1168.9,13801,13801,0
Melvin_SHW_01.18.2026_LS,SHW,3861,0,false,1,0.02,0.1046,0.1046,842.9,13875,13875,0
Melvin_SHW_01.18.2026_LS,SHW,3862,0,false,2,0.05,0.1811,0.1811,1321.7,13970,13972,0
Melvin_SHW_01.18.2026_LS,SHW,3863,0,false,6,0.4,0.1681,0.1808,857.1,14003,14026,0
Melvin_SHW_01.18.2026_LS,SHW,3864,0,false,2,0.03,0.212,0.212,780.1,14006,14007,0
Melvin_SHW_01.18.2026_LS,SHW,3865,0,false,1,0.02,0.1073,0.1073,857.0,14088,14088,0
Melvin_SHW_01.18.2026_LS,SHW,3866,0,false,1,0.02,0.1131,0.1131,507.1,14108,14108,0
Melvin_SHW_01.18.2026_LS,SHW,3867,0,false,12,0.65,0.2584,0.3843,973.1,14308,14346,0
Melvin_SHW_01.18.2026_LS,SHW,3868,0,false,12,0.85,0.3121,0.4381,1873.8,14318,14368,0
Melvin_SHW_01.18.2026_LS,SHW,3869,0,false,4,0.13,0.2974,0.2974,1107.8,14327,14334,0
Melvin_SHW_01.18.2026_LS,SHW,3870,0,false,1,0.02,0.1506,0.1506,947.0,14338,14338,0
Melvin_SHW_01.18.2026_LS,SHW,3871,0,false,2,0.1,0.4152,0.4152,1070.3,14386,14391,0
Melvin_SHW_01.18.2026_LS,SHW,3872,0,false,1,0.02,0.2606,0.2606,999.2,14405,14405,0
Melvin_SHW_01.18.2026_LS,SHW,3873,0,false,1,0.02,0.1286,0.1286,1398.6,14463,14463,0
Melvin_SHW_01.18.2026_LS,SHW,3874,0,false,2,0.03,0.324,0.324,2006.4,14476,14477,0
Melvin_SHW_01.18.2026_LS,SHW,3875,0,false,3,0.25,0.2627,0.2627,1274.8,14589,14603,0
Melvin_SHW_01.18.2026_LS,SHW,3876,0,false,1,0.02,0.1127,0.1127,1162.1,14639,14639,0
Melvin_SHW_01.18.2026_LS,SHW,3877,0,false,4,0.05,0.1899,0.1899,1030.2,14674,14676,0
Melvin_SHW_01.18.2026_LS,SHW,3878,0,false,2,0.03,0.3629,0.3629,2819.4,14734,14735,0
Melvin_SHW_01.18.2026_LS,SHW,3879,0,false,2,0.07,0.1082,0.1082,1857.0,14859,14862,0
Melvin_SHW_01.18.2026_LS,SHW,3880,0,false,1,0.02,0.1529,0.1529,1154.8,14978,14978,0
N25thBlue_MAS_12.22.25_LS_V2,MAS,2261,0,false,34,0.57,0.5206,0.6586,422.2,246,279,0
N25thBlue_MAS_12.22.25_LS_V2,MAS,2273,0,false,10,0.17,0.5418,0.6109,1127.0,895,904,0
N25thBlue_MAS_12.22.25_LS_V2,MAS,2277,0,false,1,0.02,0.5879,0.5879,701.7,1711,1711,0
N25thBlue_MAS_12.22.25_LS_V2,MAS,2335,0,duplicate,25,0.8,0.5876,0.7236,1242.7,8148,8195,5
N25thBlue_MAS_12.22.25_LS_V2,MAS,2374,0,false,3,0.05,0.4125,0.4125,2012.2,9957,9959,0
N25thBlue_MAS_12.22.25_LS_V2,MAS,2391,0,false,17,0.3,0.4837,0.6162,2224.0,10989,11006,0
N25thBlue_MAS_12.22.25_LS_V2,MAS,2397,1,primary,2,0.03,0.5298,0.5298,1506.0,11045,11046,2
N25thBlue_MAS_12.22.25_LS_V2,MAS,2410,0,false,2,0.03,0.3854,0.3854,1854.8,14527,14528,0
N25thBlue_MAS_12.22.25_LS_V2,MAS,2450,1,primary,8,0.25,0.5528,0.587,899.9,16597,16611,8
N25thBlue_MAS_12.22.25_LS_V2,MAS,2457,0,false,1,0.02,0.6498,0.6498,1797.4,16670,16670,0
N25thBlue_MAS_12.22.25_LS_V2,MAS,2476,0,false,1,0.02,0.4423,0.4423,637.2,18523,18523,0
N25thBlue_MAS_12.22.25_LS_V2,MAS,2494,0,false,11,0.2,0.6588,0.7235,1873.1,22178,22189,0
N25thBlue_MAS_12.22.25_LS_V2,MAS,2495,0,false,6,0.18,0.5993,0.6248,2105.3,22183,22193,0
N25thBlue_MAS_12.22.25_LS_V2,MAS,2505,0,false,5,0.1,0.3578,0.3578,1872.1,22613,22618,0
N25thBlue_MAS_12.22.25_LS_V2,MAS,2518,0,false,3,0.05,0.3528,0.3528,855.8,23290,23292,0
N25thBlue_MAS_12.22.25_LS_V2,MAS,2519,0,false,3,0.23,0.3044,0.3044,612.2,23326,23339,0
N25thBlue_MAS_12.22.25_LS_V2,MAS,2532,0,false,8,0.32,0.3414,0.3875,697.7,24227,24245,0
N25thBlue_MAS_12.22.25_LS_V2,MAS,2539,0,false,86,2.08,0.4875,0.7298,768.4,24326,24450,0
N25thBlue_MAS_12.22.25_LS_V2,MAS,2555,0,false,4,0.07,0.3411,0.3411,552.8,24475,24478,0
N25thBlue_MAS_12.22.25_LS_V2,MAS,3555,0,false,3,0.05,0.1849,0.1849,1081.3,110,112,0
N25thBlue_MAS_12.22.25_LS_V2,MAS,3556,0,false,3,0.08,0.2519,0.2519,520.6,241,245,0
N25thBlue_MAS_12.22.25_LS_V2,MAS,3557,0,false,1,0.02,0.3734,0.3734,189.7,280,280,0
N25thBlue_MAS_12.22.25_LS_V2,MAS,3558,0,false,1,0.02,0.1002,0.1002,519.1,357,357,0
N25thBlue_MAS_12.22.25_LS_V2,MAS,3559,0,false,1,0.02,0.1024,0.1024,950.3,666,666,0
N25thBlue_MAS_12.22.25_LS_V2,MAS,3560,0,false,12,0.47,0.2397,0.3583,962.3,867,894,0
N25thBlue_MAS_12.22.25_LS_V2,MAS,3561,0,false,2,0.05,0.1288,0.1288,995.9,918,920,0
N25thBlue_MAS_12.22.25_LS_V2,MAS,3562,0,false,3,0.08,0.1759,0.1759,308.3,1189,1193,0
N25thBlue_MAS_12.22.25_LS_V2,MAS,3563,0,false,1,0.02,0.1488,0.1488,964.5,1236,1236,0
N25thBlue_MAS_12.22.25_LS_V2,MAS,3564,0,false,1,0.02,0.1685,0.1685,904.1,1685,1685,0
N25thBlue_MAS_12.22.25_LS_V2,MAS,3565,0,false,8,0.3,0.3406,0.455,1481.6,1708,1725,0
N25thBlue_MAS_12.22.25_LS_V2,MAS,3566,0,false,1,0.02,0.135,0.135,884.6,1734,1734,0
N25thBlue_MAS_12.22.25_LS_V2,MAS,3567,0,false,3,0.42,0.2292,0.2292,853.6,1919,1943,0
N25thBlue_MAS_12.22.25_LS_V2,MAS,3568,0,false,2,0.05,0.1815,0.1815,828.6,1938,1940,0
N25thBlue_MAS_12.22.25_LS_V2,MAS,3569,0,false,1,0.02,0.1462,0.1462,552.9,2046,2046,0
N25thBlue_MAS_12.22.25_LS_V2,MAS,3570,0,false,1,0.02,0.1438,0.1438,906.8,2233,2233,0
N25thBlue_MAS_12.22.25_LS_V2,MAS,3571,0,false,1,0.02,0.1884,0.1884,1504.1,3048,3048,0
N25thBlue_MAS_12.22.25_LS_V2,MAS,3572,0,false,2,0.07,0.2277,0.2277,2890.3,3434,3437,0
N25thBlue_MAS_12.22.25_LS_V2,MAS,3573,0,false,1,0.02,0.1766,0.1766,3269.3,3683,3683,0
N25thBlue_MAS_12.22.25_LS_V2,MAS,3574,0,false,2,0.1,0.3161,0.3161,4853.8,4388,4393,0
N25thBlue_MAS_12.22.25_LS_V2,MAS,3575,0,false,1,0.02,0.3339,0.3339,1365.2,4502,4502,0
N25thBlue_MAS_12.22.25_LS_V2,MAS,3576,0,false,2,0.03,0.1223,0.1223,807.4,4516,4517,0
N25thBlue_MAS_12.22.25_LS_V2,MAS,3577,0,false,1,0.02,0.1986,0.1986,575.7,4582,4582,0
N25thBlue_MAS_12.22.25_LS_V2,MAS,3578,0,false,1,0.02,0.1221,0.1221,2348.1,4585,4585,0
N25thBlue_MAS_12.22.25_LS_V2,MAS,3579,0,false,5,0.1,0.1728,0.1728,914.9,4660,4665,0
N25thBlue_MAS_12.22.25_LS_V2,MAS,3580,0,false,1,0.02,0.1387,0.1387,3359.3,4770,4770,0
N25thBlue_MAS_12.22.25_LS_V2,MAS,3581,0,false,1,0.02,0.1287,0.1287,2504.6,5005,5005,0
N25thBlue_MAS_12.22.25_LS_V2,MAS,3582,0,false,1,0.02,0.1509,0.1509,867.2,5203,5203,0
N25thBlue_MAS_12.22.25_LS_V2,MAS,3583,0,false,1,0.02,0.1164,0.1164,1037.0,5338,5338,0
N25thBlue_MAS_12.22.25_LS_V2,MAS,3584,0,false,7,0.2,0.3643,0.4372,1280.4,5870,5881,0
N25thBlue_MAS_12.22.25_LS_V2,MAS,3585,0,false,1,0.02,0.1438,0.1438,963.3,5892,5892,0
N25thBlue_MAS_12.22.25_LS_V2,MAS,3586,0,false,6,0.12,0.1751,0.1796,342.4,6144,6150,0
N25thBlue_MAS_12.22.25_LS_V2,MAS,3587,0,false,1,0.02,0.1038,0.1038,1026.5,6255,6255,0
N25thBlue_MAS_12.22.25_LS_V2,MAS,3588,0,false,3,0.13,0.2409,0.2409,502.7,6257,6264,0
N25thBlue_MAS_12.22.25_LS_V2,MAS,3589,0,false,1,0.02,0.1007,0.1007,451.5,6389,6389,0
N25thBlue_MAS_12.22.25_LS_V2,MAS,3590,0,false,3,0.05,0.1439,0.1439,327.9,6436,6438,0
N25thBlue_MAS_12.22.25_LS_V2,MAS,3591,0,false,2,0.03,0.1093,0.1093,560.6,6500,6501,0
N25thBlue_MAS_12.22.25_LS_V2,MAS,3592,0,false,6,0.2,0.1324,0.1388,1022.7,7089,7100,0
N25thBlue_MAS_12.22.25_LS_V2,MAS,3593,0,false,15,0.43,0.1659,0.2532,697.4,7109,7134,0
N25thBlue_MAS_12.22.25_LS_V2,MAS,3594,0,false,2,0.03,0.1406,0.1406,1174.6,7510,7511,0
N25thBlue_MAS_12.22.25_LS_V2,MAS,3595,0,false,1,0.02,0.165,0.165,894.1,7624,7624,0
N25thBlue_MAS_12.22.25_LS_V2,MAS,3596,0,false,1,0.02,0.1374,0.1374,686.2,7768,7768,0
N25thBlue_MAS_12.22.25_LS_V2,MAS,3597,0,false,1,0.02,0.1361,0.1361,729.9,7812,7812,0
N25thBlue_MAS_12.22.25_LS_V2,MAS,3598,0,false,1,0.02,0.4502,0.4502,1381.6,8024,8024,0
N25thBlue_MAS_12.22.25_LS_V2,MAS,3599,1,primary,20,1.2,0.2674,0.4776,1196.4,8114,8185,12
N25thBlue_MAS_12.22.25_LS_V2,MAS,3600,0,false,1,0.02,0.1134,0.1134,1626.4,8146,8146,0
N25thBlue_MAS_12.22.25_LS_V2,MAS,3601,0,false,1,0.02,0.1437,0.1437,1670.1,8227,8227,0
N25thBlue_MAS_12.22.25_LS_V2,MAS,3602,0,false,2,0.03,0.1249,0.1249,824.3,8340,8341,0
N25thBlue_MAS_12.22.25_LS_V2,MAS,3603,0,false,1,0.02,0.1124,0.1124,724.5,8525,8525,0
N25thBlue_MAS_12.22.25_LS_V2,MAS,3604,0,false,1,0.02,0.1329,0.1329,694.9,8531,8531,0
N25thBlue_MAS_12.22.25_LS_V2,MAS,3605,0,false,2,0.03,0.1159,0.1159,1327.2,8569,8570,0
N25thBlue_MAS_12.22.25_LS_V2,MAS,3606,0,false,2,0.03,0.184,0.184,785.4,8712,8713,0
N25thBlue_MAS_12.22.25_LS_V2,MAS,3607,0,false,1,0.02,0.1764,0.1764,577.4,8750,8750,0
N25thBlue_MAS_12.22.25_LS_V2,MAS,3608,0,false,6,0.13,0.1854,0.202,794.1,8791,8798,0
N25thBlue_MAS_12.22.25_LS_V2,MAS,3609,0,false,3,0.05,0.1288,0.1288,940.2,8951,8953,0
N25thBlue_MAS_12.22.25_LS_V2,MAS,3610,0,false,1,0.02,0.1325,0.1325,1625.9,8957,8957,0
N25thBlue_MAS_12.22.25_LS_V2,MAS,3611,0,false,1,0.02,0.178,0.178,2505.3,9002,9002,0
N25thBlue_MAS_12.22.25_LS_V2,MAS,3612,0,false,4,0.35,0.1478,0.1478,864.9,9024,9044,0
N25thBlue_MAS_12.22.25_LS_V2,MAS,3613,0,false,2,0.03,0.273,0.273,927.5,9091,9092,0
N25thBlue_MAS_12.22.25_LS_V2,MAS,3614,0,false,3,0.12,0.1715,0.1715,872.5,9134,9140,0
N25thBlue_MAS_12.22.25_LS_V2,MAS,3615,0,false,1,0.02,0.1654,0.1654,606.5,9224,9224,0
N25thBlue_MAS_12.22.25_LS_V2,MAS,3616,0,false,1,0.02,0.1002,0.1002,809.5,9291,9291,0
N25thBlue_MAS_12.22.25_LS_V2,MAS,3617,0,false,1,0.02,0.223,0.223,1007.0,9537,9537,0
N25thBlue_MAS_12.22.25_LS_V2,MAS,3618,0,false,12,0.48,0.1953,0.2577,923.3,9734,9762,0
N25thBlue_MAS_12.22.25_LS_V2,MAS,3619,0,false,3,0.22,0.1287,0.1287,1210.4,9762,9774,0
N25thBlue_MAS_12.22.25_LS_V2,MAS,3620,0,false,5,0.13,0.1306,0.1306,1279.9,9813,9820,0
N25thBlue_MAS_12.22.25_LS_V2,MAS,3621,0,false,8,0.32,0.1963,0.2416,937.1,9938,9956,0
N25thBlue_MAS_12.22.25_LS_V2,MAS,3622,0,false,7,0.22,0.2037,0.2282,2024.3,9944,9956,0
N25thBlue_MAS_12.22.25_LS_V2,MAS,3623,0,false,7,0.13,0.1625,0.1819,967.7,9970,9977,0
N25thBlue_MAS_12.22.25_LS_V2,MAS,3624,0,false,1,0.02,0.1239,0.1239,1525.2,9994,9994,0
N25thBlue_MAS_12.22.25_LS_V2,MAS,3625,0,false,3,0.18,0.1667,0.1667,1086.5,9996,10006,0
N25thBlue_MAS_12.22.25_LS_V2,MAS,3626,0,false,1,0.02,0.1174,0.1174,1481.4,10030,10030,0
N25thBlue_MAS_12.22.25_LS_V2,MAS,3627,0,false,8,0.85,0.209,0.268,962.2,10080,10130,0
N25thBlue_MAS_12.22.25_LS_V2,MAS,3628,0,false,1,0.02,0.1297,0.1297,960.7,10122,10122,0
N25thBlue_MAS_12.22.25_LS_V2,MAS,3629,0,false,2,0.05,0.2769,0.2769,1259.2,10136,10138,0
N25thBlue_MAS_12.22.25_LS_V2,MAS,3630,0,false,1,0.02,0.1304,0.1304,775.6,10184,10184,0
N25thBlue_MAS_12.22.25_LS_V2,MAS,3631,0,false,2,0.03,0.1169,0.1169,713.6,10220,10221,0
N25thBlue_MAS_12.22.25_LS_V2,MAS,3632,0,false,10,0.4,0.2207,0.2865,2068.6,10965,10988,0
N25thBlue_MAS_12.22.25_LS_V2,MAS,3633,0,false,5,0.1,0.297,0.297,1684.9,11011,11016,0
N25thBlue_MAS_12.22.25_LS_V2,MAS,3634,0,duplicate,3,0.1,0.3945,0.3945,1390.7,11044,11049,2
N25thBlue_MAS_12.22.25_LS_V2,MAS,3635,0,false,1,0.02,0.1106,0.1106,927.5,11264,11264,0
N25thBlue_MAS_12.22.25_LS_V2,MAS,3636,0,false,2,0.03,0.2539,0.2539,1224.9,11276,11277,0
N25thBlue_MAS_12.22.25_LS_V2,MAS,3637,0,false,1,0.02,0.1443,0.1443,1555.7,11487,11487,0
N25thBlue_MAS_12.22.25_LS_V2,MAS,3638,0,false,1,0.02,0.1176,0.1176,1308.7,12601,12601,0
N25thBlue_MAS_12.22.25_LS_V2,MAS,3639,0,false,7,0.12,0.1525,0.1687,575.0,13191,13197,0
N25thBlue_MAS_12.22.25_LS_V2,MAS,3640,0,false,1,0.02,0.3061,0.3061,1177.0,13995,13995,0
N25thBlue_MAS_12.22.25_LS_V2,MAS,3641,0,false,1,0.02,0.2552,0.2552,2564.6,14010,14010,0
N25thBlue_MAS_12.22.25_LS_V2,MAS,3642,0,false,1,0.02,0.1283,0.1283,1771.9,14096,14096,0
N25thBlue_MAS_12.22.25_LS_V2,MAS,3643,0,false,1,0.02,0.1599,0.1599,1433.1,14117,14117,0
N25thBlue_MAS_12.22.25_LS_V2,MAS,3644,0,false,1,0.02,0.1231,0.1231,3946.2,14203,14203,0
N25thBlue_MAS_12.22.25_LS_V2,MAS,3645,0,false,1,0.02,0.3294,0.3294,1372.5,14218,14218,0
N25thBlue_MAS_12.22.25_LS_V2,MAS,3646,0,false,1,0.02,0.2301,0.2301,1883.2,14346,14346,0
N25thBlue_MAS_12.22.25_LS_V2,MAS,3647,0,false,5,0.65,0.2902,0.2902,1768.2,14526,14564,0
N25thBlue_MAS_12.22.25_LS_V2,MAS,3648,0,false,1,0.02,0.1042,0.1042,435.1,14878,14878,0
N25thBlue_MAS_12.22.25_LS_V2,MAS,3649,0,false,5,0.37,0.1407,0.1407,2088.9,14902,14923,0
N25thBlue_MAS_12.22.25_LS_V2,MAS,3650,0,false,3,0.22,0.2546,0.2546,1496.3,14944,14956,0
N25thBlue_MAS_12.22.25_LS_V2,MAS,3651,0,false,22,0.97,0.2199,0.388,1330.2,15047,15104,0
N25thBlue_MAS_12.22.25_LS_V2,MAS,3652,0,false,2,0.03,0.1135,0.1135,776.6,15114,15115,0
N25thBlue_MAS_12.22.25_LS_V2,MAS,3653,0,false,1,0.02,0.102,0.102,750.2,15167,15167,0
N25thBlue_MAS_12.22.25_LS_V2,MAS,3654,0,false,6,1.1,0.1958,0.2148,1105.4,15257,15322,0
N25thBlue_MAS_12.22.25_LS_V2,MAS,3655,0,false,1,0.02,0.1874,0.1874,1233.6,15426,15426,0
N25thBlue_MAS_12.22.25_LS_V2,MAS,3656,0,false,4,0.1,0.1697,0.1697,1362.5,15470,15475,0
N25thBlue_MAS_12.22.25_LS_V2,MAS,3657,0,false,1,0.02,0.1109,0.1109,869.5,15512,15512,0
N25thBlue_MAS_12.22.25_LS_V2,MAS,3658,0,false,1,0.02,0.1947,0.1947,982.8,15549,15549,0
N25thBlue_MAS_12.22.25_LS_V2,MAS,3659,0,false,3,0.05,0.2225,0.2225,1735.1,15942,15944,0
N25thBlue_MAS_12.22.25_LS_V2,MAS,3660,0,false,2,0.25,0.1275,0.1275,1444.0,16055,16069,0
N25thBlue_MAS_12.22.25_LS_V2,MAS,3661,0,false,1,0.02,0.1076,0.1076,2247.2,16185,16185,0
N25thBlue_MAS_12.22.25_LS_V2,MAS,3662,0,false,2,0.03,0.1987,0.1987,2432.8,16315,16316,0
N25thBlue_MAS_12.22.25_LS_V2,MAS,3663,0,false,5,0.08,0.1797,0.1797,1596.4,16397,16401,0
N25thBlue_MAS_12.22.25_LS_V2,MAS,3664,0,false,1,0.02,0.1548,0.1548,557.8,16562,16562,0
N25thBlue_MAS_12.22.25_LS_V2,MAS,3665,0,duplicate,7,0.2,0.2328,0.2761,1010.7,16585,16596,7
N25thBlue_MAS_12.22.25_LS_V2,MAS,3666,0,duplicate,4,0.3,0.226,0.226,1088.7,16610,16627,3
N25thBlue_MAS_12.22.25_LS_V2,MAS,3667,0,false,7,0.17,0.3184,0.3631,1747.9,16665,16674,0
N25thBlue_MAS_12.22.25_LS_V2,MAS,3668,0,false,2,0.03,0.1529,0.1529,1478.8,16808,16809,0
N25thBlue_MAS_12.22.25_LS_V2,MAS,3669,0,false,1,0.02,0.3589,0.3589,795.9,17726,17726,0
N25thBlue_MAS_12.22.25_LS_V2,MAS,3670,0,false,3,0.07,0.2621,0.2621,905.9,18054,18057,0
N25thBlue_MAS_12.22.25_LS_V2,MAS,3671,0,false,1,0.02,0.3737,0.3737,1580.2,18106,18106,0
N25thBlue_MAS_12.22.25_LS_V2,MAS,3672,0,false,1,0.02,0.2635,0.2635,768.7,18291,18291,0
N25thBlue_MAS_12.22.25_LS_V2,MAS,3673,0,false,2,0.07,0.1215,0.1215,6111.9,18366,18369,0
N25thBlue_MAS_12.22.25_LS_V2,MAS,3674,0,false,5,0.1,0.2574,0.2574,1901.5,18491,18496,0
N25thBlue_MAS_12.22.25_LS_V2,MAS,3675,0,false,12,0.48,0.2386,0.3744,661.3,18512,18540,0
N25thBlue_MAS_12.22.25_LS_V2,MAS,3676,0,false,2,0.27,0.1128,0.1128,684.1,19545,19560,0
N25thBlue_MAS_12.22.25_LS_V2,MAS,3677,0,false,2,0.05,0.129,0.129,669.6,19708,19710,0
N25thBlue_MAS_12.22.25_LS_V2,MAS,3678,0,false,1,0.02,0.1583,0.1583,524.7,20024,20024,0
N25thBlue_MAS_12.22.25_LS_V2,MAS,3679,0,false,4,0.07,0.2419,0.2419,1349.7,20400,20403,0
N25thBlue_MAS_12.22.25_LS_V2,MAS,3680,0,false,1,0.02,0.2022,0.2022,336.4,21082,21082,0
N25thBlue_MAS_12.22.25_LS_V2,MAS,3681,0,false,3,0.47,0.1412,0.1412,843.8,21917,21944,0
N25thBlue_MAS_12.22.25_LS_V2,MAS,3682,0,false,1,0.02,0.1591,0.1591,1803.7,22105,22105,0
N25thBlue_MAS_12.22.25_LS_V2,MAS,3683,0,false,6,0.17,0.3093,0.3381,2153.4,22168,22177,0
N25thBlue_MAS_12.22.25_LS_V2,MAS,3684,0,false,2,0.05,0.1733,0.1733,1694.8,22190,22192,0
N25thBlue_MAS_12.22.25_LS_V2,MAS,3685,0,false,6,0.12,0.2422,0.2519,1724.2,22608,22614,0
N25thBlue_MAS_12.22.25_LS_V2,MAS,3686,0,false,3,0.08,0.2557,0.2557,1056.8,22620,22624,0
N25thBlue_MAS_12.22.25_LS_V2,MAS,3687,0,false,1,0.02,0.2025,0.2025,485.2,23051,23051,0
N25thBlue_MAS_12.22.25_LS_V2,MAS,3688,0,false,4,0.62,0.1636,0.1636,1382.1,23058,23094,0
N25thBlue_MAS_12.22.25_LS_V2,MAS,3689,0,false,1,0.02,0.2395,0.2395,1298.0,23159,23159,0
N25thBlue_MAS_12.22.25_LS_V2,MAS,3690,0,false,1,0.02,0.1024,0.1024,1155.0,23234,23234,0
N25thBlue_MAS_12.22.25_LS_V2,MAS,3691,0,false,18,0.93,0.1607,0.2346,720.5,23283,23338,0
N25thBlue_MAS_12.22.25_LS_V2,MAS,3692,0,false,3,0.5,0.1377,0.1377,1192.3,23461,23490,0
N25thBlue_MAS_12.22.25_LS_V2,MAS,3693,0,false,1,0.02,0.1293,0.1293,835.3,23548,23548,0
N25thBlue_MAS_12.22.25_LS_V2,MAS,3694,0,false,1,0.02,0.1171,0.1171,440.7,23868,23868,0
N25thBlue_MAS_12.22.25_LS_V2,MAS,3695,0,false,2,0.07,0.1439,0.1439,387.9,23922,23925,0
N25thBlue_MAS_12.22.25_LS_V2,MAS,3696,0,false,1,0.02,0.1266,0.1266,383.1,23950,23950,0
N25thBlue_MAS_12.22.25_LS_V2,MAS,3697,0,false,8,0.18,0.1698,0.2016,364.0,23970,23980,0
N25thBlue_MAS_12.22.25_LS_V2,MAS,3698,0,false,1,0.02,0.2385,0.2385,835.4,24174,24174,0
N25thBlue_MAS_12.22.25_LS_V2,MAS,3699,0,false,11,0.37,0.2076,0.293,725.3,24222,24243,0
N25thBlue_MAS_12.22.25_LS_V2,MAS,3700,0,false,9,0.87,0.1874,0.2301,869.7,24293,24344,0
N25thBlue_MAS_12.22.25_LS_V2,MAS,3701,0,false,4,0.12,0.1387,0.1387,660.3,24377,24383,0
N25thBlue_MAS_12.22.25_LS_V2,MAS,3702,0,false,40,1.98,0.1828,0.2977,754.6,24415,24533,0
N25thRdBlue_MAS_12.22.25_LS_V1,MAS,396,0,false,8,0.13,0.3768,0.4297,1025.4,1043,1050,0
N25thRdBlue_MAS_12.22.25_LS_V1,MAS,414,0,false,1,0.02,0.588,0.588,953.6,1383,1383,0
N25thRdBlue_MAS_12.22.25_LS_V1,MAS,420,0,false,1,0.02,0.5744,0.5744,828.9,1390,1390,0
N25thRdBlue_MAS_12.22.25_LS_V1,MAS,449,0,false,1,0.02,0.3666,0.3666,1590.3,4470,4470,0
N25thRdBlue_MAS_12.22.25_LS_V1,MAS,469,0,false,1,0.02,0.3483,0.3483,276.5,6844,6844,0
N25thRdBlue_MAS_12.22.25_LS_V1,MAS,520,0,false,1,0.02,0.4218,0.4218,607.3,8618,8618,0
N25thRdBlue_MAS_12.22.25_LS_V1,MAS,529,0,false,1,0.02,0.4648,0.4648,408.8,12848,12848,0
N25thRdBlue_MAS_12.22.25_LS_V1,MAS,1529,0,false,1,0.02,0.1568,0.1568,749.7,936,936,0
N25thRdBlue_MAS_12.22.25_LS_V1,MAS,1530,0,false,18,0.72,0.1795,0.2251,876.7,1026,1068,0
N25thRdBlue_MAS_12.22.25_LS_V1,MAS,1531,0,false,7,0.18,0.2528,0.2978,820.7,1359,1369,0
N25thRdBlue_MAS_12.22.25_LS_V1,MAS,1532,0,false,14,0.32,0.3995,0.5247,768.4,1375,1393,0
N25thRdBlue_MAS_12.22.25_LS_V1,MAS,1533,0,false,1,0.02,0.1221,0.1221,1477.3,2044,2044,0
N25thRdBlue_MAS_12.22.25_LS_V1,MAS,1534,0,false,1,0.02,0.1794,0.1794,1796.9,2217,2217,0
N25thRdBlue_MAS_12.22.25_LS_V1,MAS,1535,0,false,1,0.02,0.1042,0.1042,547.6,3607,3607,0
N25thRdBlue_MAS_12.22.25_LS_V1,MAS,1536,0,false,1,0.02,0.1121,0.1121,852.2,3724,3724,0
N25thRdBlue_MAS_12.22.25_LS_V1,MAS,1537,0,false,15,0.57,0.2001,0.2736,863.4,3841,3874,0
N25thRdBlue_MAS_12.22.25_LS_V1,MAS,1538,0,false,16,0.47,0.1657,0.2445,1272.4,4057,4084,0
N25thRdBlue_MAS_12.22.25_LS_V1,MAS,1539,0,false,2,0.08,0.1675,0.1675,1675.5,4376,4380,0
N25thRdBlue_MAS_12.22.25_LS_V1,MAS,1540,0,false,5,0.12,0.1933,0.1933,1589.0,4465,4471,0
N25thRdBlue_MAS_12.22.25_LS_V1,MAS,1541,0,false,4,0.07,0.1157,0.1157,1180.5,4509,4512,0
N25thRdBlue_MAS_12.22.25_LS_V1,MAS,1542,0,false,1,0.02,0.1315,0.1315,1045.0,4513,4513,0
N25thRdBlue_MAS_12.22.25_LS_V1,MAS,1543,0,false,1,0.02,0.1799,0.1799,591.1,4700,4700,0
N25thRdBlue_MAS_12.22.25_LS_V1,MAS,1544,0,false,2,0.03,0.1396,0.1396,626.8,5290,5291,0
N25thRdBlue_MAS_12.22.25_LS_V1,MAS,1545,0,false,1,0.02,0.1107,0.1107,539.0,5366,5366,0
N25thRdBlue_MAS_12.22.25_LS_V1,MAS,1546,0,false,7,0.2,0.1719,0.1866,348.8,6754,6765,0
N25thRdBlue_MAS_12.22.25_LS_V1,MAS,1547,0,false,56,2.4,0.1752,0.2931,295.2,6781,6924,0
N25thRdBlue_MAS_12.22.25_LS_V1,MAS,1548,0,false,3,0.05,0.1779,0.1779,640.4,6908,6910,0
N25thRdBlue_MAS_12.22.25_LS_V1,MAS,1549,0,false,2,0.25,0.129,0.129,897.7,6968,6982,0
N25thRdBlue_MAS_12.22.25_LS_V1,MAS,1550,0,false,5,0.13,0.2242,0.2242,675.4,6979,6986,0
N25thRdBlue_MAS_12.22.25_LS_V1,MAS,1551,0,false,13,0.33,0.1456,0.1992,871.6,6988,7007,0
N25thRdBlue_MAS_12.22.25_LS_V1,MAS,1552,0,false,2,0.23,0.1594,0.1594,1021.6,7016,7029,0
N25thRdBlue_MAS_12.22.25_LS_V1,MAS,1553,0,false,1,0.02,0.1214,0.1214,576.5,7208,7208,0
N25thRdBlue_MAS_12.22.25_LS_V1,MAS,1554,0,false,5,0.22,0.2018,0.2018,663.6,7240,7252,0
N25thRdBlue_MAS_12.22.25_LS_V1,MAS,1555,0,false,5,0.2,0.2015,0.2015,2170.2,7547,7558,0
N25thRdBlue_MAS_12.22.25_LS_V1,MAS,1556,0,false,2,0.03,0.1256,0.1256,814.8,7635,7636,0
N25thRdBlue_MAS_12.22.25_LS_V1,MAS,1557,0,false,7,0.15,0.2699,0.3238,760.4,7651,7659,0
N25thRdBlue_MAS_12.22.25_LS_V1,MAS,1558,0,false,2,0.03,0.3093,0.3093,721.8,7670,7671,0
N25thRdBlue_MAS_12.22.25_LS_V1,MAS,1559,0,false,1,0.02,0.1029,0.1029,1142.8,7708,7708,0
N25thRdBlue_MAS_12.22.25_LS_V1,MAS,1560,0,false,1,0.02,0.1009,0.1009,671.0,7737,7737,0
N25thRdBlue_MAS_12.22.25_LS_V1,MAS,1561,0,false,1,0.02,0.1249,0.1249,778.8,7780,7780,0
N25thRdBlue_MAS_12.22.25_LS_V1,MAS,1562,0,false,1,0.02,0.1212,0.1212,1136.0,7823,7823,0
N25thRdBlue_MAS_12.22.25_LS_V1,MAS,1563,0,false,2,0.03,0.3433,0.3433,1451.9,7873,7874,0
N25thRdBlue_MAS_12.22.25_LS_V1,MAS,1564,0,false,4,0.17,0.2038,0.2038,556.4,8616,8625,0
N25thRdBlue_MAS_12.22.25_LS_V1,MAS,1565,0,false,1,0.02,0.1121,0.1121,1288.3,9043,9043,0
N25thRdBlue_MAS_12.22.25_LS_V1,MAS,1566,0,false,1,0.02,0.1171,0.1171,1529.4,9795,9795,0
N25thRdBlue_MAS_12.22.25_LS_V1,MAS,1567,0,false,1,0.02,0.1287,0.1287,1677.4,9854,9854,0
N25thRdBlue_MAS_12.22.25_LS_V1,MAS,1568,0,false,2,0.03,0.2671,0.2671,1315.1,10235,10236,0
N25thRdBlue_MAS_12.22.25_LS_V1,MAS,1569,0,false,1,0.02,0.2537,0.2537,3896.0,10456,10456,0
N25thRdBlue_MAS_12.22.25_LS_V1,MAS,1570,0,false,1,0.02,0.1463,0.1463,6133.1,10549,10549,0
N25thRdBlue_MAS_12.22.25_LS_V1,MAS,1571,0,false,1,0.02,0.2345,0.2345,5856.9,10590,10590,0
N25thRdBlue_MAS_12.22.25_LS_V1,MAS,1572,0,false,1,0.02,0.2504,0.2504,1813.1,10703,10703,0
N25thRdBlue_MAS_12.22.25_LS_V1,MAS,1573,0,false,1,0.02,0.1127,0.1127,515.6,12748,12748,0
N25thRdBlue_MAS_12.22.25_LS_V1,MAS,1574,0,false,2,0.05,0.1104,0.1104,859.0,12789,12791,0
N25thRdBlue_MAS_12.22.25_LS_V1,MAS,1575,0,false,4,0.12,0.1735,0.1735,340.9,12841,12847,0
N25thRdBlue_MAS_12.22.25_LS_V1,MAS,1576,0,false,1,0.02,0.1198,0.1198,528.9,13032,13032,0
N25thRdBlue_MAS_12.22.25_LS_V1,MAS,1577,0,false,2,0.07,0.1192,0.1192,645.2,13404,13407,0
N25thRdBlue_MAS_12.22.25_LS_V1,MAS,1578,0,false,2,0.38,0.1281,0.1281,570.2,13440,13462,0
N25thRdBlue_MAS_12.22.25_LS_V1,MAS,1579,0,false,2,0.03,0.1713,0.1713,400.8,13470,13471,0
N25thRdBlue_MAS_12.22.25_LS_V1,MAS,1580,0,false,1,0.02,0.1658,0.1658,751.9,13534,13534,0
N25thRdBlue_MAS_12.22.25_LS_V1,MAS,1581,0,false,1,0.02,0.1785,0.1785,645.4,13583,13583,0
N25thRdBlue_MAS_12.22.25_LS_V1,MAS,1582,0,false,2,0.03,0.1971,0.1971,1569.0,13740,13741,0
N25thRdBlue_MAS_12.22.25_LS_V1,MAS,1583,0,false,1,0.02,0.1624,0.1624,1157.9,14854,14854,0
N25thRdBlue_MAS_12.22.25_LS_V1,MAS,1584,0,false,1,0.02,0.2942,0.2942,787.3,14879,14879,0
N25thRdBlue_MAS_12.22.25_LS_V1,MAS,1585,0,false,4,0.12,0.1333,0.1333,584.4,15005,15011,0
N25thRdBlue_MAS_12.22.25_LS_V1,MAS,1586,0,false,9,0.3,0.2212,0.2942,744.1,15043,15060,0
N25thRdBlue_MAS_12.22.25_LS_V1,MAS,1587,0,false,2,0.08,0.1795,0.1795,819.4,15084,15088,0
N25thRdOrange_MAS_12.22.25_LS_V1,MAS,705,0,false,2,0.03,0.3958,0.3958,2418.1,4509,4510,0
N25thRdOrange_MAS_12.22.25_LS_V1,MAS,720,1,primary,41,0.68,0.6779,0.7999,4112.2,5410,5450,38
N25thRdOrange_MAS_12.22.25_LS_V1,MAS,1720,0,false,3,0.12,0.1441,0.1441,544.9,488,494,0
N25thRdOrange_MAS_12.22.25_LS_V1,MAS,1721,0,false,1,0.02,0.2051,0.2051,735.4,845,845,0
N25thRdOrange_MAS_12.22.25_LS_V1,MAS,1722,0,false,24,0.48,0.3094,0.4859,920.1,858,886,0
N25thRdOrange_MAS_12.22.25_LS_V1,MAS,1723,0,false,1,0.02,0.1707,0.1707,1632.1,1686,1686,0
N25thRdOrange_MAS_12.22.25_LS_V1,MAS,1724,0,false,1,0.02,0.1584,0.1584,1327.6,2225,2225,0
N25thRdOrange_MAS_12.22.25_LS_V1,MAS,1725,0,false,1,0.02,0.1791,0.1791,1391.9,2321,2321,0
N25thRdOrange_MAS_12.22.25_LS_V1,MAS,1726,0,false,2,0.03,0.2545,0.2545,396.8,2786,2787,0
N25thRdOrange_MAS_12.22.25_LS_V1,MAS,1727,0,false,3,0.05,0.2366,0.2366,2168.5,3795,3797,0
N25thRdOrange_MAS_12.22.25_LS_V1,MAS,1728,0,false,1,0.02,0.3103,0.3103,820.8,3881,3881,0
N25thRdOrange_MAS_12.22.25_LS_V1,MAS,1729,0,false,2,0.03,0.1084,0.1084,632.8,3904,3905,0
N25thRdOrange_MAS_12.22.25_LS_V1,MAS,1730,0,false,3,0.05,0.2619,0.2619,703.2,3993,3995,0
N25thRdOrange_MAS_12.22.25_LS_V1,MAS,1731,0,false,1,0.02,0.1362,0.1362,1969.4,4124,4124,0
N25thRdOrange_MAS_12.22.25_LS_V1,MAS,1732,0,false,1,0.02,0.2884,0.2884,1233.5,4185,4185,0
N25thRdOrange_MAS_12.22.25_LS_V1,MAS,1733,0,false,1,0.02,0.4625,0.4625,1541.0,4461,4461,0
N25thRdOrange_MAS_12.22.25_LS_V1,MAS,1734,0,false,2,0.03,0.4041,0.4041,2350.2,4507,4508,0
N25thRdOrange_MAS_12.22.25_LS_V1,MAS,1735,0,false,1,0.02,0.2357,0.2357,2075.1,4537,4537,0
N25thRdOrange_MAS_12.22.25_LS_V1,MAS,1736,0,false,4,0.07,0.1616,0.1616,1273.0,4810,4813,0
N25thRdOrange_MAS_12.22.25_LS_V1,MAS,1737,0,false,2,0.1,0.2803,0.2803,2968.8,5072,5077,0
N25thRdOrange_MAS_12.22.25_LS_V1,MAS,1738,0,false,5,0.1,0.2323,0.2323,2030.6,5153,5158,0
N25thRdOrange_MAS_12.22.25_LS_V1,MAS,1739,0,false,3,0.1,0.213,0.213,2737.9,5174,5179,0
N25thRdOrange_MAS_12.22.25_LS_V1,MAS,1740,0,false,1,0.02,0.1712,0.1712,11890.3,5256,5256,0
N25thRdOrange_MAS_12.22.25_LS_V1,MAS,1741,0,false,3,0.03,0.3149,0.3149,1697.2,5408,5409,0
N25thRdOrange_MAS_12.22.25_LS_V1,MAS,1742,0,false,2,0.03,0.1445,0.1445,3056.3,5457,5458,0
N25thRdOrange_MAS_12.22.25_LS_V1,MAS,1743,0,false,1,0.02,0.2422,0.2422,2630.1,5460,5460,0
N25thRdOrange_MAS_12.22.25_LS_V1,MAS,1744,0,false,1,0.02,0.1118,0.1118,1400.8,5502,5502,0
N25thRdOrange_MAS_12.22.25_LS_V1,MAS,1745,0,false,1,0.02,0.1541,0.1541,893.0,5791,5791,0
N25thRdOrange_MAS_12.22.25_LS_V1,MAS,1746,0,false,2,0.07,0.2282,0.2282,1693.4,6164,6167,0
N25thRdOrange_MAS_12.22.25_LS_V1,MAS,1747,0,false,2,0.03,0.2936,0.2936,4585.7,6886,6887,0
N25thRdOrange_MAS_12.22.25_LS_V2,MAS,2732,0,false,1,0.02,0.3757,0.3757,692.2,6083,6083,0
N25thRdOrange_MAS_12.22.25_LS_V2,MAS,2734,0,false,1,0.02,0.3358,0.3358,639.7,6086,6086,0
N25thRdOrange_MAS_12.22.25_LS_V2,MAS,2747,0,false,1,0.02,0.3608,0.3608,442.0,6101,6101,0
N25thRdOrange_MAS_12.22.25_LS_V2,MAS,3747,0,false,1,0.02,0.1082,0.1082,632.5,76,76,0
N25thRdOrange_MAS_12.22.25_LS_V2,MAS,3748,0,false,3,0.05,0.2235,0.2235,1827.9,78,80,0
N25thRdOrange_MAS_12.22.25_LS_V2,MAS,3749,0,false,4,0.23,0.1464,0.1464,966.9,126,139,0
N25thRdOrange_MAS_12.22.25_LS_V2,MAS,3750,0,false,1,0.02,0.1348,0.1348,1086.3,196,196,0
N25thRdOrange_MAS_12.22.25_LS_V2,MAS,3751,0,false,2,0.12,0.2365,0.2365,2149.0,269,275,0
N25thRdOrange_MAS_12.22.25_LS_V2,MAS,3752,0,false,1,0.02,0.2528,0.2528,1099.1,282,282,0
N25thRdOrange_MAS_12.22.25_LS_V2,MAS,3753,0,false,1,0.02,0.2192,0.2192,3900.8,518,518,0
N25thRdOrange_MAS_12.22.25_LS_V2,MAS,3754,0,false,1,0.02,0.1137,0.1137,1198.5,723,723,0
N25thRdOrange_MAS_12.22.25_LS_V2,MAS,3755,0,false,1,0.02,0.1506,0.1506,2613.8,1011,1011,0
N25thRdOrange_MAS_12.22.25_LS_V2,MAS,3756,0,false,7,0.25,0.3375,0.3981,4531.9,1074,1088,0
N25thRdOrange_MAS_12.22.25_LS_V2,MAS,3757,0,false,1,0.02,0.129,0.129,652.9,1461,1461,0
N25thRdOrange_MAS_12.22.25_LS_V2,MAS,3758,0,false,1,0.02,0.1481,0.1481,1484.1,1518,1518,0
N25thRdOrange_MAS_12.22.25_LS_V2,MAS,3759,0,false,2,0.07,0.2596,0.2596,868.7,1726,1729,0
N25thRdOrange_MAS_12.22.25_LS_V2,MAS,3760,0,false,4,0.12,0.2194,0.2194,975.0,1811,1817,0
N25thRdOrange_MAS_12.22.25_LS_V2,MAS,3761,0,false,2,0.03,0.2106,0.2106,946.1,1820,1821,0
N25thRdOrange_MAS_12.22.25_LS_V2,MAS,3762,0,false,1,0.02,0.109,0.109,404.7,1842,1842,0
N25thRdOrange_MAS_12.22.25_LS_V2,MAS,3763,0,false,5,0.1,0.1887,0.1887,634.8,1878,1883,0
N25thRdOrange_MAS_12.22.25_LS_V2,MAS,3764,0,false,2,0.03,0.1961,0.1961,3136.8,2250,2251,0
N25thRdOrange_MAS_12.22.25_LS_V2,MAS,3765,0,false,3,0.53,0.1516,0.1516,3926.0,2390,2421,0
N25thRdOrange_MAS_12.22.25_LS_V2,MAS,3766,0,false,4,0.4,0.1899,0.1899,552.0,2566,2589,0
N25thRdOrange_MAS_12.22.25_LS_V2,MAS,3767,0,false,3,0.72,0.1603,0.1603,569.4,2646,2688,0
N25thRdOrange_MAS_12.22.25_LS_V2,MAS,3768,0,false,2,0.2,0.1707,0.1707,3690.8,2659,2670,0
N25thRdOrange_MAS_12.22.25_LS_V2,MAS,3769,0,false,7,0.27,0.2351,0.2801,2199.7,2724,2739,0
N25thRdOrange_MAS_12.22.25_LS_V2,MAS,3770,0,false,2,0.03,0.1629,0.1629,1369.9,3094,3095,0
N25thRdOrange_MAS_12.22.25_LS_V2,MAS,3771,0,false,1,0.02,0.2265,0.2265,2880.8,3715,3715,0
N25thRdOrange_MAS_12.22.25_LS_V2,MAS,3772,0,false,1,0.02,0.1023,0.1023,3293.6,3843,3843,0
N25thRdOrange_MAS_12.22.25_LS_V2,MAS,3773,0,false,1,0.02,0.1073,0.1073,1352.6,4300,4300,0
N25thRdOrange_MAS_12.22.25_LS_V2,MAS,3774,0,false,1,0.02,0.1153,0.1153,1593.3,4517,4517,0
N25thRdOrange_MAS_12.22.25_LS_V2,MAS,3775,0,false,2,0.03,0.2304,0.2304,682.5,4624,4625,0
N25thRdOrange_MAS_12.22.25_LS_V2,MAS,3776,0,false,1,0.02,0.105,0.105,2502.6,4824,4824,0
N25thRdOrange_MAS_12.22.25_LS_V2,MAS,3777,0,false,2,0.03,0.1607,0.1607,1745.7,4987,4988,0
N25thRdOrange_MAS_12.22.25_LS_V2,MAS,3778,0,false,4,0.05,0.2492,0.2492,743.2,5372,5374,0
N25thRdOrange_MAS_12.22.25_LS_V2,MAS,3779,0,false,7,0.22,0.2044,0.2338,820.1,5560,5572,0
N25thRdOrange_MAS_12.22.25_LS_V2,MAS,3780,0,false,20,0.57,0.1962,0.3326,744.2,5607,5640,0
N25thRdOrange_MAS_12.22.25_LS_V2,MAS,3781,0,false,4,0.07,0.2117,0.2117,1414.9,5860,5863,0
N25thRdOrange_MAS_12.22.25_LS_V2,MAS,3782,0,false,40,0.87,0.3336,0.5293,645.3,6052,6103,0
N25thRdOrange_MAS_12.22.25_LS_V2,MAS,3783,0,false,10,0.17,0.2088,0.2473,434.4,6113,6122,0
N25thRdOrange_MAS_12.22.25_LS_V2,MAS,3784,0,false,1,0.02,0.1102,0.1102,871.1,6791,6791,0
N25thRdOrange_MAS_12.22.25_LS_V2,MAS,3785,0,false,1,0.02,0.101,0.101,815.1,6803,6803,0
N25thRdOrange_MAS_12.22.25_LS_V2,MAS,3786,0,false,4,0.08,0.2856,0.2856,1191.9,6806,6810,0
N25thRdOrange_MAS_12.22.25_LS_V2,MAS,3787,0,false,4,0.07,0.1387,0.1387,540.8,7128,7131,0
N25thRdOrange_MAS_12.22.25_LS_V2,MAS,3788,0,false,1,0.02,0.1063,0.1063,1795.8,7320,7320,0
NIron_SHW_01.18.2026_LS,SHW,2575,0,false,3,0.05,0.4926,0.4926,4177.7,501,503,0
NIron_SHW_01.18.2026_LS,SHW,2615,0,false,69,1.15,0.6246,0.7166,3119.5,2346,2414,0
NIron_SHW_01.18.2026_LS,SHW,2620,0,false,75,1.37,0.549,0.7159,3543.1,2350,2431,0
NIron_SHW_01.18.2026_LS,SHW,2623,0,false,2,0.03,0.3575,0.3575,1897.0,2352,2353,0
NIron_SHW_01.18.2026_LS,SHW,2628,0,false,80,1.43,0.5601,0.7024,2079.1,2354,2439,0
NIron_SHW_01.18.2026_LS,SHW,2637,0,false,50,0.88,0.547,0.6743,2149.8,2364,2416,0
NIron_SHW_01.18.2026_LS,SHW,2638,0,false,3,0.05,0.4234,0.4234,1377.0,2365,2367,0
NIron_SHW_01.18.2026_LS,SHW,2699,0,false,14,0.25,0.5164,0.6388,2476.9,3478,3492,0
NIron_SHW_01.18.2026_LS,SHW,2712,0,false,3,0.05,0.4158,0.4158,9516.9,3527,3529,0
NIron_SHW_01.18.2026_LS,SHW,2749,0,false,1,0.02,0.5058,0.5058,1268.3,3987,3987,0
NIron_SHW_01.18.2026_LS,SHW,2786,0,false,47,0.87,0.5562,0.674,1001.6,5797,5848,0
NIron_SHW_01.18.2026_LS,SHW,2789,0,false,2,0.23,0.4501,0.4501,857.1,5801,5814,0
NIron_SHW_01.18.2026_LS,SHW,2791,0,false,2,0.03,0.3542,0.3542,1291.5,5806,5807,0
NIron_SHW_01.18.2026_LS,SHW,2792,0,false,39,0.65,0.5951,0.7023,1091.2,5809,5847,0
NIron_SHW_01.18.2026_LS,SHW,2798,0,false,22,0.37,0.4328,0.5344,1162.0,5818,5839,0
NIron_SHW_01.18.2026_LS,SHW,2806,0,false,12,0.27,0.4386,0.5469,654.4,5855,5870,0
NIron_SHW_01.18.2026_LS,SHW,2807,0,false,3,0.05,0.3929,0.3929,789.6,5857,5859,0
NIron_SHW_01.18.2026_LS,SHW,2813,0,false,7,0.13,0.4784,0.5263,837.2,5867,5874,0
NIron_SHW_01.18.2026_LS,SHW,2821,0,false,7,0.12,0.4387,0.5079,1218.6,5916,5922,0
NIron_SHW_01.18.2026_LS,SHW,2836,0,false,20,0.33,0.646,0.7894,2574.9,6380,6399,0
NIron_SHW_01.18.2026_LS,SHW,2846,0,false,16,0.27,0.6385,0.7287,1682.0,6429,6444,0
NIron_SHW_01.18.2026_LS,SHW,2908,0,false,1,0.02,0.6443,0.6443,1135.3,9557,9557,0
NIron_SHW_01.18.2026_LS,SHW,2909,0,false,1,0.02,0.6858,0.6858,1899.9,9587,9587,0
NIron_SHW_01.18.2026_LS,SHW,2912,0,false,3,0.05,0.4108,0.4108,2733.2,9609,9611,0
NIron_SHW_01.18.2026_LS,SHW,2917,0,false,6,0.1,0.4477,0.4773,1438.8,9777,9782,0
NIron_SHW_01.18.2026_LS,SHW,2958,0,false,3,0.08,0.3729,0.3729,901.1,10691,10695,0
NIron_SHW_01.18.2026_LS,SHW,2986,0,false,1,0.02,0.7298,0.7298,1120.6,11414,11414,0
NIron_SHW_01.18.2026_LS,SHW,2989,0,false,3,0.05,0.4824,0.4824,1054.2,11418,11420,0
NIron_SHW_01.18.2026_LS,SHW,3126,0,false,2,0.03,0.2719,0.2719,1492.3,17011,17012,0
NIron_SHW_01.18.2026_LS,SHW,3182,0,false,2,0.03,0.5208,0.5208,2226.0,18982,18983,0
NIron_SHW_01.18.2026_LS,SHW,3284,0,false,1,0.02,0.444,0.444,944.0,21706,21706,0
NIron_SHW_01.18.2026_LS,SHW,3321,0,false,2,0.03,0.348,0.348,2347.1,22144,22145,0
NIron_SHW_01.18.2026_LS,SHW,3378,0,false,1,0.02,0.3531,0.3531,1335.1,23118,23118,0
NIron_SHW_01.18.2026_LS,SHW,3400,0,false,3,0.07,0.454,0.454,2948.5,23357,23360,0
NIron_SHW_01.18.2026_LS,SHW,3415,0,false,7,0.13,0.4886,0.5298,1179.9,24126,24133,0
NIron_SHW_01.18.2026_LS,SHW,3447,1,primary,58,0.98,0.6732,0.7359,1290.4,25146,25204,55
NIron_SHW_01.18.2026_LS,SHW,3588,0,false,2,0.03,0.4294,0.4294,978.5,28624,28625,0
NIron_SHW_01.18.2026_LS,SHW,3605,0,false,18,0.32,0.6027,0.6727,1308.1,28680,28698,0
NIron_SHW_01.18.2026_LS,SHW,3606,1,primary,50,1.25,0.5428,0.6593,1416.6,28680,28754,18
NIron_SHW_01.18.2026_LS,SHW,3611,1,primary,39,0.8,0.6328,0.7019,2396.7,28692,28739,24
NIron_SHW_01.18.2026_LS,SHW,3612,0,false,1,0.02,0.5471,0.5471,1347.9,28700,28700,0
NIron_SHW_01.18.2026_LS,SHW,3613,1,primary,27,0.9,0.5661,0.7032,1488.9,28706,28759,15
NIron_SHW_01.18.2026_LS,SHW,3679,0,false,1,0.02,0.6539,0.6539,1940.7,30216,30216,0
NIron_SHW_01.18.2026_LS,SHW,3698,0,false,4,0.07,0.3379,0.3379,1736.9,31193,31196,0
NIron_SHW_01.18.2026_LS,SHW,3700,0,false,2,0.03,0.3946,0.3946,1028.1,31207,31208,0
NIron_SHW_01.18.2026_LS,SHW,3703,0,false,8,0.13,0.5782,0.657,1204.6,31223,31230,0
NIron_SHW_01.18.2026_LS,SHW,3705,0,false,1,0.02,0.4171,0.4171,1148.9,31243,31243,0
NIron_SHW_01.18.2026_LS,SHW,3707,0,false,1,0.02,0.5657,0.5657,1169.5,31293,31293,0
NIron_SHW_01.18.2026_LS,SHW,3726,0,false,4,0.08,0.4937,0.4937,1621.0,31592,31596,0
NIron_SHW_01.18.2026_LS,SHW,3734,0,false,6,0.1,0.6704,0.6827,2517.7,31615,31620,0
NIron_SHW_01.18.2026_LS,SHW,3752,0,false,2,0.03,0.3236,0.3236,2956.5,32254,32255,0
NIron_SHW_01.18.2026_LS,SHW,3777,0,false,1,0.02,0.5677,0.5677,819.4,32466,32466,0
NIron_SHW_01.18.2026_LS,SHW,3804,0,false,1,0.02,0.66,0.66,1516.6,32814,32814,0
NIron_SHW_01.18.2026_LS,SHW,3809,0,false,1,0.02,0.5702,0.5702,1151.0,32820,32820,0
NIron_SHW_01.18.2026_LS,SHW,3815,0,false,2,0.03,0.6406,0.6406,1197.1,32828,32829,0
NIron_SHW_01.18.2026_LS,SHW,3832,0,false,2,0.03,0.6704,0.6704,1764.6,32846,32847,0
NIron_SHW_01.18.2026_LS,SHW,3855,0,false,14,0.4,0.4843,0.5691,2115.0,32997,33020,0
NIron_SHW_01.18.2026_LS,SHW,3857,0,false,1,0.02,0.5086,0.5086,2581.4,33000,33000,0
NIron_SHW_01.18.2026_LS,SHW,3858,0,false,1,0.02,0.4922,0.4922,1747.9,33002,33002,0
NIron_SHW_01.18.2026_LS,SHW,3868,0,false,2,0.03,0.3108,0.3108,1371.2,33039,33040,0
NIron_SHW_01.18.2026_LS,SHW,3883,0,false,8,0.4,0.4899,0.5484,2041.9,33094,33117,0
NIron_SHW_01.18.2026_LS,SHW,3893,0,false,4,0.08,0.3609,0.3609,1372.7,33112,33116,0
NIron_SHW_01.18.2026_LS,SHW,3906,0,false,11,0.55,0.5196,0.6455,1881.7,33135,33167,0
NIron_SHW_01.18.2026_LS,SHW,3909,0,false,3,0.05,0.6273,0.6273,1563.2,33144,33146,0
NIron_SHW_01.18.2026_LS,SHW,3910,0,false,6,0.55,0.4566,0.5238,1854.8,33148,33180,0
NIron_SHW_01.18.2026_LS,SHW,3935,0,false,53,0.93,0.5871,0.6969,1630.7,34242,34297,0
NIron_SHW_01.18.2026_LS,SHW,3938,0,false,10,0.28,0.4749,0.5436,2231.1,34281,34297,0
NIron_SHW_01.18.2026_LS,SHW,3945,0,false,4,0.07,0.4342,0.4342,1832.9,34305,34308,0
NIron_SHW_01.18.2026_LS,SHW,4945,0,false,2,0.03,0.1558,0.1558,1127.5,88,89,0
NIron_SHW_01.18.2026_LS,SHW,4946,0,false,2,0.03,0.1018,0.1018,1450.4,152,153,0
NIron_SHW_01.18.2026_LS,SHW,4947,0,false,1,0.02,0.1117,0.1117,1295.1,212,212,0
NIron_SHW_01.18.2026_LS,SHW,4948,0,false,1,0.02,0.2336,0.2336,1430.3,232,232,0
NIron_SHW_01.18.2026_LS,SHW,4949,0,false,2,0.07,0.1204,0.1204,1309.3,421,424,0
NIron_SHW_01.18.2026_LS,SHW,4950,0,false,2,0.25,0.246,0.246,645.2,430,444,0
NIron_SHW_01.18.2026_LS,SHW,4951,0,false,3,0.1,0.249,0.249,1151.8,448,453,0
NIron_SHW_01.18.2026_LS,SHW,4952,0,false,2,0.03,0.2165,0.2165,1728.5,467,468,0
NIron_SHW_01.18.2026_LS,SHW,4953,0,false,1,0.02,0.1287,0.1287,744.4,467,467,0
NIron_SHW_01.18.2026_LS,SHW,4954,0,false,1,0.02,0.5942,0.5942,3650.0,500,500,0
NIron_SHW_01.18.2026_LS,SHW,4955,0,false,7,0.22,0.1741,0.1941,1291.5,547,559,0
NIron_SHW_01.18.2026_LS,SHW,4956,0,false,1,0.02,0.199,0.199,664.8,561,561,0
NIron_SHW_01.18.2026_LS,SHW,4957,0,false,4,0.6,0.2918,0.2918,2014.1,578,613,0
NIron_SHW_01.18.2026_LS,SHW,4958,0,false,1,0.02,0.2033,0.2033,1163.6,604,604,0
NIron_SHW_01.18.2026_LS,SHW,4959,0,false,1,0.02,0.1001,0.1001,797.2,673,673,0
NIron_SHW_01.18.2026_LS,SHW,4960,0,false,3,0.17,0.207,0.207,2246.8,687,696,0
NIron_SHW_01.18.2026_LS,SHW,4961,0,false,1,0.02,0.1056,0.1056,913.1,703,703,0
NIron_SHW_01.18.2026_LS,SHW,4962,0,false,1,0.02,0.1037,0.1037,630.1,740,740,0
NIron_SHW_01.18.2026_LS,SHW,4963,0,false,1,0.02,0.18,0.18,1151.6,764,764,0
NIron_SHW_01.18.2026_LS,SHW,4964,0,false,1,0.02,0.4229,0.4229,915.4,770,770,0
NIron_SHW_01.18.2026_LS,SHW,4965,0,false,4,0.07,0.3475,0.3475,1317.4,823,826,0
NIron_SHW_01.18.2026_LS,SHW,4966,0,false,4,0.18,0.2754,0.2754,1036.7,867,877,0
NIron_SHW_01.18.2026_LS,SHW,4967,0,false,1,0.02,0.3129,0.3129,1272.2,874,874,0
NIron_SHW_01.18.2026_LS,SHW,4968,0,false,1,0.02,0.2714,0.2714,1498.7,918,918,0
NIron_SHW_01.18.2026_LS,SHW,4969,0,false,2,0.52,0.1881,0.1881,1696.5,1238,1268,0
NIron_SHW_01.18.2026_LS,SHW,4970,0,false,2,0.03,0.1863,0.1863,1470.3,1258,1259,0
NIron_SHW_01.18.2026_LS,SHW,4971,0,false,1,0.02,0.2779,0.2779,1154.3,1265,1265,0
NIron_SHW_01.18.2026_LS,SHW,4972,0,false,2,0.05,0.3439,0.3439,991.1,1309,1311,0
NIron_SHW_01.18.2026_LS,SHW,4973,0,false,1,0.02,0.2599,0.2599,3798.9,1449,1449,0
NIron_SHW_01.18.2026_LS,SHW,4974,0,false,1,0.02,0.1166,0.1166,1842.3,1491,1491,0
NIron_SHW_01.18.2026_LS,SHW,4975,0,false,1,0.02,0.2108,0.2108,1434.7,1526,1526,0
NIron_SHW_01.18.2026_LS,SHW,4976,0,false,1,0.02,0.3357,0.3357,1307.8,1852,1852,0
NIron_SHW_01.18.2026_LS,SHW,4977,0,false,15,0.4,0.2154,0.3326,2173.4,2322,2345,0
NIron_SHW_01.18.2026_LS,SHW,4978,0,false,3,0.2,0.1696,0.1696,3202.0,2429,2440,0
NIron_SHW_01.18.2026_LS,SHW,4979,0,false,2,0.17,0.1466,0.1466,1855.9,2571,2580,0
NIron_SHW_01.18.2026_LS,SHW,4980,0,false,1,0.02,0.5092,0.5092,1352.3,2616,2616,0
NIron_SHW_01.18.2026_LS,SHW,4981,0,false,1,0.02,0.1681,0.1681,1787.3,2623,2623,0
NIron_SHW_01.18.2026_LS,SHW,4982,0,false,2,0.03,0.3404,0.3404,972.8,2664,2665,0
NIron_SHW_01.18.2026_LS,SHW,4983,0,false,6,0.1,0.4345,0.4713,1168.7,2669,2674,0
NIron_SHW_01.18.2026_LS,SHW,4984,0,false,1,0.02,0.3344,0.3344,888.2,2677,2677,0
NIron_SHW_01.18.2026_LS,SHW,4985,0,false,1,0.02,0.1008,0.1008,1316.8,2722,2722,0
NIron_SHW_01.18.2026_LS,SHW,4986,0,false,1,0.02,0.2123,0.2123,1332.2,2794,2794,0
NIron_SHW_01.18.2026_LS,SHW,4987,0,false,1,0.02,0.1288,0.1288,1077.5,2814,2814,0
NIron_SHW_01.18.2026_LS,SHW,4988,0,false,2,0.05,0.1363,0.1363,907.5,2858,2860,0
NIron_SHW_01.18.2026_LS,SHW,4989,0,false,1,0.02,0.1022,0.1022,939.0,2865,2865,0
NIron_SHW_01.18.2026_LS,SHW,4990,0,false,1,0.02,0.3782,0.3782,915.7,2870,2870,0
NIron_SHW_01.18.2026_LS,SHW,4991,0,false,1,0.02,0.1253,0.1253,1135.5,2906,2906,0
NIron_SHW_01.18.2026_LS,SHW,4992,0,false,1,0.02,0.1372,0.1372,1098.4,2944,2944,0
NIron_SHW_01.18.2026_LS,SHW,4993,0,false,1,0.02,0.2997,0.2997,1360.7,2963,2963,0
NIron_SHW_01.18.2026_LS,SHW,4994,0,false,1,0.02,0.4003,0.4003,1102.4,2988,2988,0
NIron_SHW_01.18.2026_LS,SHW,4995,0,false,1,0.02,0.1846,0.1846,433.0,3013,3013,0
NIron_SHW_01.18.2026_LS,SHW,4996,0,false,2,0.03,0.4405,0.4405,2928.9,3039,3040,0
NIron_SHW_01.18.2026_LS,SHW,4997,0,false,2,0.03,0.3179,0.3179,1167.4,3103,3104,0
NIron_SHW_01.18.2026_LS,SHW,4998,0,false,1,0.02,0.2085,0.2085,1314.6,3303,3303,0
NIron_SHW_01.18.2026_LS,SHW,4999,0,false,1,0.02,0.1283,0.1283,544.4,3339,3339,0
NIron_SHW_01.18.2026_LS,SHW,5000,0,false,1,0.02,0.129,0.129,1060.3,3360,3360,0
NIron_SHW_01.18.2026_LS,SHW,5001,0,false,6,0.13,0.2458,0.2741,2076.0,3393,3400,0
NIron_SHW_01.18.2026_LS,SHW,5002,0,false,6,0.4,0.2216,0.2297,2074.1,3477,3500,0
NIron_SHW_01.18.2026_LS,SHW,5003,0,false,7,0.37,0.3098,0.378,7832.9,3510,3531,0
NIron_SHW_01.18.2026_LS,SHW,5004,0,false,1,0.02,0.1606,0.1606,1895.8,3566,3566,0
NIron_SHW_01.18.2026_LS,SHW,5005,0,false,1,0.02,0.1511,0.1511,2654.4,3612,3612,0
NIron_SHW_01.18.2026_LS,SHW,5006,0,false,2,0.03,0.215,0.215,825.8,3670,3671,0
NIron_SHW_01.18.2026_LS,SHW,5007,0,false,2,0.03,0.4499,0.4499,1267.0,3677,3678,0
NIron_SHW_01.18.2026_LS,SHW,5008,0,false,1,0.02,0.1006,0.1006,1222.4,3680,3680,0
NIron_SHW_01.18.2026_LS,SHW,5009,0,false,1,0.02,0.1384,0.1384,1389.6,3681,3681,0
NIron_SHW_01.18.2026_LS,SHW,5010,0,false,1,0.02,0.3101,0.3101,2551.3,3689,3689,0
NIron_SHW_01.18.2026_LS,SHW,5011,0,false,1,0.02,0.1037,0.1037,1213.4,3768,3768,0
NIron_SHW_01.18.2026_LS,SHW,5012,0,false,3,0.33,0.1607,0.1607,1132.1,3769,3788,0
NIron_SHW_01.18.2026_LS,SHW,5013,0,false,1,0.02,0.1122,0.1122,843.9,3797,3797,0
NIron_SHW_01.18.2026_LS,SHW,5014,0,false,2,0.12,0.1706,0.1706,1894.5,3814,3820,0
NIron_SHW_01.18.2026_LS,SHW,5015,0,false,1,0.02,0.127,0.127,1652.4,3829,3829,0
NIron_SHW_01.18.2026_LS,SHW,5016,0,false,2,0.03,0.1637,0.1637,1496.9,3871,3872,0
NIron_SHW_01.18.2026_LS,SHW,5017,0,false,13,0.22,0.4792,0.5908,671.7,3918,3930,0
NIron_SHW_01.18.2026_LS,SHW,5018,0,false,3,0.45,0.1802,0.1802,1189.7,3919,3945,0
NIron_SHW_01.18.2026_LS,SHW,5019,0,false,1,0.02,0.1431,0.1431,679.1,3924,3924,0
NIron_SHW_01.18.2026_LS,SHW,5020,0,false,14,1.22,0.2081,0.3287,1097.8,3926,3998,0
NIron_SHW_01.18.2026_LS,SHW,5021,0,false,3,0.32,0.2354,0.2354,725.5,3944,3962,0
NIron_SHW_01.18.2026_LS,SHW,5022,0,false,1,0.02,0.223,0.223,579.6,3961,3961,0
NIron_SHW_01.18.2026_LS,SHW,5023,0,false,2,0.03,0.1745,0.1745,1327.9,3984,3985,0
NIron_SHW_01.18.2026_LS,SHW,5024,0,false,3,0.05,0.3318,0.3318,1441.4,4035,4037,0
NIron_SHW_01.18.2026_LS,SHW,5025,0,false,1,0.02,0.1075,0.1075,2085.3,4053,4053,0
NIron_SHW_01.18.2026_LS,SHW,5026,0,false,1,0.02,0.2062,0.2062,970.1,4064,4064,0
NIron_SHW_01.18.2026_LS,SHW,5027,0,false,1,0.02,0.6236,0.6236,1497.2,4160,4160,0
NIron_SHW_01.18.2026_LS,SHW,5028,0,false,3,0.05,0.1608,0.1608,1654.5,4179,4181,0
NIron_SHW_01.18.2026_LS,SHW,5029,0,false,5,0.13,0.2967,0.2967,802.9,4252,4259,0
NIron_SHW_01.18.2026_LS,SHW,5030,0,false,8,0.15,0.4549,0.5199,793.7,4286,4294,0
NIron_SHW_01.18.2026_LS,SHW,5031,0,false,1,0.02,0.1942,0.1942,1140.6,4312,4312,0
NIron_SHW_01.18.2026_LS,SHW,5032,0,false,2,0.33,0.3445,0.3445,2108.4,4374,4393,0
NIron_SHW_01.18.2026_LS,SHW,5033,0,false,1,0.02,0.1217,0.1217,1390.4,4393,4393,0
NIron_SHW_01.18.2026_LS,SHW,5034,0,false,1,0.02,0.2333,0.2333,1242.6,4642,4642,0
NIron_SHW_01.18.2026_LS,SHW,5035,0,false,2,0.03,0.3188,0.3188,1693.5,4677,4678,0
NIron_SHW_01.18.2026_LS,SHW,5036,0,false,1,0.02,0.1636,0.1636,1320.9,4712,4712,0
NIron_SHW_01.18.2026_LS,SHW,5037,0,false,1,0.02,0.3808,0.3808,2739.5,4713,4713,0
NIron_SHW_01.18.2026_LS,SHW,5038,0,false,1,0.02,0.1125,0.1125,830.5,4716,4716,0
NIron_SHW_01.18.2026_LS,SHW,5039,0,false,1,0.02,0.1393,0.1393,2188.0,4757,4757,0
NIron_SHW_01.18.2026_LS,SHW,5040,0,false,1,0.02,0.129,0.129,797.0,4879,4879,0
NIron_SHW_01.18.2026_LS,SHW,5041,0,false,1,0.02,0.1626,0.1626,1672.8,4933,4933,0
NIron_SHW_01.18.2026_LS,SHW,5042,0,false,1,0.02,0.108,0.108,1647.8,4960,4960,0
NIron_SHW_01.18.2026_LS,SHW,5043,0,false,2,0.07,0.1106,0.1106,1962.4,5147,5150,0
NIron_SHW_01.18.2026_LS,SHW,5044,0,false,3,0.05,0.1352,0.1352,1758.8,5211,5213,0
NIron_SHW_01.18.2026_LS,SHW,5045,0,false,1,0.02,0.1425,0.1425,957.4,5229,5229,0
NIron_SHW_01.18.2026_LS,SHW,5046,0,false,1,0.02,0.1303,0.1303,1448.5,5776,5776,0
NIron_SHW_01.18.2026_LS,SHW,5047,0,false,10,0.17,0.2098,0.273,646.5,5787,5796,0
NIron_SHW_01.18.2026_LS,SHW,5048,0,false,10,0.42,0.2425,0.3375,704.7,5849,5873,0
NIron_SHW_01.18.2026_LS,SHW,5049,0,false,2,0.03,0.2224,0.2224,663.7,5850,5851,0
NIron_SHW_01.18.2026_LS,SHW,5050,0,false,1,0.02,0.1947,0.1947,825.8,5873,5873,0
NIron_SHW_01.18.2026_LS,SHW,5051,0,false,8,0.33,0.1726,0.2078,945.0,5896,5915,0
NIron_SHW_01.18.2026_LS,SHW,5052,0,false,1,0.02,0.2846,0.2846,2339.7,6040,6040,0
NIron_SHW_01.18.2026_LS,SHW,5053,0,false,1,0.02,0.224,0.224,1993.1,6073,6073,0
NIron_SHW_01.18.2026_LS,SHW,5054,0,false,2,0.08,0.221,0.221,2018.1,6184,6188,0
NIron_SHW_01.18.2026_LS,SHW,5055,0,false,4,0.07,0.3336,0.3336,846.6,6212,6215,0
NIron_SHW_01.18.2026_LS,SHW,5056,0,false,1,0.02,0.2832,0.2832,883.2,6222,6222,0
NIron_SHW_01.18.2026_LS,SHW,5057,0,false,1,0.02,0.1093,0.1093,605.5,6309,6309,0
NIron_SHW_01.18.2026_LS,SHW,5058,0,false,7,0.4,0.2661,0.3226,1407.2,6320,6343,0
NIron_SHW_01.18.2026_LS,SHW,5059,0,false,4,0.12,0.2576,0.2576,1780.2,6373,6379,0
NIron_SHW_01.18.2026_LS,SHW,5060,0,false,11,0.25,0.3134,0.4372,525.5,6401,6415,0
NIron_SHW_01.18.2026_LS,SHW,5061,0,false,1,0.02,0.3012,0.3012,677.8,6418,6418,0
NIron_SHW_01.18.2026_LS,SHW,5062,0,false,1,0.02,0.6466,0.6466,1713.8,6428,6428,0
NIron_SHW_01.18.2026_LS,SHW,5063,0,false,1,0.02,0.1419,0.1419,1548.3,6578,6578,0
NIron_SHW_01.18.2026_LS,SHW,5064,0,false,1,0.02,0.1871,0.1871,1189.5,6731,6731,0
NIron_SHW_01.18.2026_LS,SHW,5065,0,false,1,0.02,0.2556,0.2556,1808.4,6735,6735,0
NIron_SHW_01.18.2026_LS,SHW,5066,0,false,1,0.02,0.6698,0.6698,1688.9,6766,6766,0
NIron_SHW_01.18.2026_LS,SHW,5067,0,false,1,0.02,0.5775,0.5775,2470.6,6784,6784,0
NIron_SHW_01.18.2026_LS,SHW,5068,0,false,2,0.08,0.3341,0.3341,1655.7,6921,6925,0
NIron_SHW_01.18.2026_LS,SHW,5069,0,false,1,0.02,0.2778,0.2778,1022.4,6933,6933,0
NIron_SHW_01.18.2026_LS,SHW,5070,0,false,1,0.02,0.1343,0.1343,1291.1,6945,6945,0
NIron_SHW_01.18.2026_LS,SHW,5071,0,false,1,0.02,0.1084,0.1084,804.2,7051,7051,0
NIron_SHW_01.18.2026_LS,SHW,5072,0,false,7,0.17,0.2455,0.2861,1233.5,7104,7113,0
NIron_SHW_01.18.2026_LS,SHW,5073,0,false,1,0.02,0.1903,0.1903,3122.2,7370,7370,0
NIron_SHW_01.18.2026_LS,SHW,5074,0,false,3,0.07,0.2585,0.2585,1405.9,7378,7381,0
NIron_SHW_01.18.2026_LS,SHW,5075,0,false,1,0.02,0.3012,0.3012,2450.4,7421,7421,0
NIron_SHW_01.18.2026_LS,SHW,5076,0,false,4,0.35,0.2391,0.2391,3705.8,7462,7482,0
NIron_SHW_01.18.2026_LS,SHW,5077,0,false,1,0.02,0.2415,0.2415,939.1,7490,7490,0
NIron_SHW_01.18.2026_LS,SHW,5078,0,false,2,0.2,0.4757,0.4757,1933.9,7502,7513,0
NIron_SHW_01.18.2026_LS,SHW,5079,0,false,1,0.02,0.2605,0.2605,2404.1,7516,7516,0
NIron_SHW_01.18.2026_LS,SHW,5080,0,false,2,0.28,0.1416,0.1416,1430.1,7546,7562,0
NIron_SHW_01.18.2026_LS,SHW,5081,0,false,3,0.05,0.1835,0.1835,2549.2,7560,7562,0
NIron_SHW_01.18.2026_LS,SHW,5082,0,false,2,0.08,0.1306,0.1306,1246.1,7604,7608,0
NIron_SHW_01.18.2026_LS,SHW,5083,0,false,4,0.07,0.2575,0.2575,1350.7,7662,7665,0
NIron_SHW_01.18.2026_LS,SHW,5084,0,false,1,0.02,0.1415,0.1415,2297.8,7738,7738,0
NIron_SHW_01.18.2026_LS,SHW,5085,0,false,1,0.02,0.2115,0.2115,829.9,7808,7808,0
NIron_SHW_01.18.2026_LS,SHW,5086,0,false,1,0.02,0.2384,0.2384,913.9,7844,7844,0
NIron_SHW_01.18.2026_LS,SHW,5087,0,false,1,0.02,0.4392,0.4392,2151.1,7935,7935,0
NIron_SHW_01.18.2026_LS,SHW,5088,0,false,1,0.02,0.5753,0.5753,1371.9,8095,8095,0
NIron_SHW_01.18.2026_LS,SHW,5089,0,false,1,0.02,0.1346,0.1346,1992.8,8211,8211,0
NIron_SHW_01.18.2026_LS,SHW,5090,0,false,3,0.07,0.1991,0.1991,687.4,8261,8264,0
NIron_SHW_01.18.2026_LS,SHW,5091,0,false,1,0.02,0.1662,0.1662,1176.2,8396,8396,0
NIron_SHW_01.18.2026_LS,SHW,5092,0,false,1,0.02,0.1594,0.1594,455.9,8509,8509,0
NIron_SHW_01.18.2026_LS,SHW,5093,0,false,5,0.12,0.2587,0.2587,572.0,8550,8556,0
NIron_SHW_01.18.2026_LS,SHW,5094,0,false,1,0.02,0.417,0.417,1734.4,8621,8621,0
NIron_SHW_01.18.2026_LS,SHW,5095,0,false,1,0.02,0.1766,0.1766,1668.6,8711,8711,0
NIron_SHW_01.18.2026_LS,SHW,5096,0,false,1,0.02,0.3487,0.3487,1717.1,8741,8741,0
NIron_SHW_01.18.2026_LS,SHW,5097,0,false,1,0.02,0.1175,0.1175,1003.5,8741,8741,0
NIron_SHW_01.18.2026_LS,SHW,5098,0,false,2,0.03,0.2311,0.2311,4344.0,8787,8788,0
NIron_SHW_01.18.2026_LS,SHW,5099,0,false,1,0.02,0.1683,0.1683,811.9,8844,8844,0
NIron_SHW_01.18.2026_LS,SHW,5100,0,false,1,0.02,0.1202,0.1202,3236.7,9113,9113,0
NIron_SHW_01.18.2026_LS,SHW,5101,0,false,1,0.02,0.1786,0.1786,849.3,9303,9303,0
NIron_SHW_01.18.2026_LS,SHW,5102,0,false,1,0.02,0.5093,0.5093,5425.7,9313,9313,0
NIron_SHW_01.18.2026_LS,SHW,5103,0,false,8,0.18,0.1899,0.2157,1025.5,9319,9329,0
NIron_SHW_01.18.2026_LS,SHW,5104,0,false,5,0.08,0.2526,0.2526,1091.7,9510,9514,0
NIron_SHW_01.18.2026_LS,SHW,5105,0,false,1,0.02,0.1194,0.1194,1369.6,9510,9510,0
NIron_SHW_01.18.2026_LS,SHW,5106,0,false,1,0.02,0.3232,0.3232,904.4,9556,9556,0
NIron_SHW_01.18.2026_LS,SHW,5107,0,false,1,0.02,0.5623,0.5623,1763.1,9586,9586,0
NIron_SHW_01.18.2026_LS,SHW,5108,0,false,5,0.15,0.2426,0.2426,2347.2,9605,9613,0
NIron_SHW_01.18.2026_LS,SHW,5109,0,false,1,0.02,0.1069,0.1069,987.8,9617,9617,0
NIron_SHW_01.18.2026_LS,SHW,5110,0,false,1,0.02,0.2806,0.2806,701.4,9664,9664,0
NIron_SHW_01.18.2026_LS,SHW,5111,0,false,2,0.08,0.1221,0.1221,829.2,9672,9676,0
NIron_SHW_01.18.2026_LS,SHW,5112,0,false,3,0.13,0.1508,0.1508,1648.5,9707,9714,0
NIron_SHW_01.18.2026_LS,SHW,5113,0,false,1,0.02,0.3207,0.3207,2195.6,9724,9724,0
NIron_SHW_01.18.2026_LS,SHW,5114,0,false,1,0.02,0.1004,0.1004,523.2,9730,9730,0
NIron_SHW_01.18.2026_LS,SHW,5115,0,false,14,0.43,0.1861,0.2763,1285.1,9774,9799,0
NIron_SHW_01.18.2026_LS,SHW,5116,0,false,2,0.03,0.2792,0.2792,1144.5,9899,9900,0
NIron_SHW_01.18.2026_LS,SHW,5117,0,false,1,0.02,0.1051,0.1051,1081.9,10124,10124,0
NIron_SHW_01.18.2026_LS,SHW,5118,0,false,4,0.2,0.2258,0.2258,2042.4,10222,10233,0
NIron_SHW_01.18.2026_LS,SHW,5119,0,false,3,0.45,0.134,0.134,1146.5,10223,10249,0
NIron_SHW_01.18.2026_LS,SHW,5120,0,false,1,0.02,0.1711,0.1711,1916.6,10258,10258,0
NIron_SHW_01.18.2026_LS,SHW,5121,0,false,1,0.02,0.1358,0.1358,922.4,10320,10320,0
NIron_SHW_01.18.2026_LS,SHW,5122,0,false,14,0.82,0.2373,0.3879,1059.0,10340,10388,0
NIron_SHW_01.18.2026_LS,SHW,5123,0,false,7,0.15,0.2806,0.3438,1257.4,10361,10369,0
NIron_SHW_01.18.2026_LS,SHW,5124,0,false,6,0.35,0.3224,0.3628,1632.3,10361,10381,0
NIron_SHW_01.18.2026_LS,SHW,5125,0,false,1,0.02,0.112,0.112,1887.7,10387,10387,0
NIron_SHW_01.18.2026_LS,SHW,5126,0,false,3,0.05,0.2043,0.2043,2463.2,10430,10432,0
NIron_SHW_01.18.2026_LS,SHW,5127,0,false,2,0.03,0.1288,0.1288,1158.1,10527,10528,0
NIron_SHW_01.18.2026_LS,SHW,5128,0,false,5,0.85,0.1894,0.1894,987.1,10640,10690,0
NIron_SHW_01.18.2026_LS,SHW,5129,0,false,2,0.07,0.1953,0.1953,804.5,10673,10676,0
NIron_SHW_01.18.2026_LS,SHW,5130,0,false,3,0.05,0.2509,0.2509,1249.1,10686,10688,0
NIron_SHW_01.18.2026_LS,SHW,5131,0,false,7,0.48,0.1926,0.2204,1081.5,10700,10728,0
NIron_SHW_01.18.2026_LS,SHW,5132,0,false,6,0.17,0.2339,0.2558,755.6,10724,10733,0
NIron_SHW_01.18.2026_LS,SHW,5133,0,false,1,0.02,0.3425,0.3425,905.5,10742,10742,0
NIron_SHW_01.18.2026_LS,SHW,5134,0,false,2,0.47,0.2289,0.2289,622.5,10811,10838,0
NIron_SHW_01.18.2026_LS,SHW,5135,0,false,1,0.02,0.1617,0.1617,419.5,10813,10813,0
NIron_SHW_01.18.2026_LS,SHW,5136,0,false,1,0.02,0.1081,0.1081,480.7,10817,10817,0
NIron_SHW_01.18.2026_LS,SHW,5137,0,false,1,0.02,0.1351,0.1351,1055.4,10847,10847,0
NIron_SHW_01.18.2026_LS,SHW,5138,0,false,2,0.03,0.3069,0.3069,1175.7,10860,10861,0
NIron_SHW_01.18.2026_LS,SHW,5139,0,false,1,0.02,0.1108,0.1108,959.9,10875,10875,0
NIron_SHW_01.18.2026_LS,SHW,5140,0,false,5,0.22,0.2627,0.2627,1597.2,10878,10890,0
NIron_SHW_01.18.2026_LS,SHW,5141,0,false,1,0.02,0.1794,0.1794,1382.6,11091,11091,0
NIron_SHW_01.18.2026_LS,SHW,5142,0,false,1,0.02,0.1479,0.1479,1269.2,11095,11095,0
NIron_SHW_01.18.2026_LS,SHW,5143,0,false,2,0.03,0.1765,0.1765,662.5,11223,11224,0
NIron_SHW_01.18.2026_LS,SHW,5144,0,false,4,0.07,0.3386,0.3386,1053.3,11243,11246,0
NIron_SHW_01.18.2026_LS,SHW,5145,0,false,1,0.02,0.3063,0.3063,610.8,11360,11360,0
NIron_SHW_01.18.2026_LS,SHW,5146,0,false,9,0.25,0.4213,0.616,813.3,11403,11417,0
NIron_SHW_01.18.2026_LS,SHW,5147,0,false,1,0.02,0.1354,0.1354,1805.7,11431,11431,0
NIron_SHW_01.18.2026_LS,SHW,5148,0,false,1,0.02,0.1218,0.1218,875.8,11453,11453,0
NIron_SHW_01.18.2026_LS,SHW,5149,0,false,1,0.02,0.1542,0.1542,1261.7,11471,11471,0
NIron_SHW_01.18.2026_LS,SHW,5150,0,false,1,0.02,0.1167,0.1167,542.3,11521,11521,0
NIron_SHW_01.18.2026_LS,SHW,5151,0,false,2,0.03,0.1446,0.1446,451.6,11600,11601,0
NIron_SHW_01.18.2026_LS,SHW,5152,0,false,2,0.03,0.1393,0.1393,375.5,11672,11673,0
NIron_SHW_01.18.2026_LS,SHW,5153,0,false,1,0.02,0.1367,0.1367,688.6,11708,11708,0
NIron_SHW_01.18.2026_LS,SHW,5154,0,false,1,0.02,0.1231,0.1231,614.6,11842,11842,0
NIron_SHW_01.18.2026_LS,SHW,5155,0,false,1,0.02,0.151,0.151,1446.8,11845,11845,0
NIron_SHW_01.18.2026_LS,SHW,5156,0,false,1,0.02,0.2338,0.2338,1310.5,12476,12476,0
NIron_SHW_01.18.2026_LS,SHW,5157,0,false,3,0.12,0.1272,0.1272,1315.2,12486,12492,0
NIron_SHW_01.18.2026_LS,SHW,5158,0,false,2,0.03,0.1501,0.1501,1167.1,12741,12742,0
NIron_SHW_01.18.2026_LS,SHW,5159,0,false,3,0.87,0.1176,0.1176,1264.0,12763,12814,0
NIron_SHW_01.18.2026_LS,SHW,5160,0,false,2,0.03,0.1752,0.1752,1188.9,12767,12768,0
NIron_SHW_01.18.2026_LS,SHW,5161,0,false,1,0.02,0.1774,0.1774,1251.7,12823,12823,0
NIron_SHW_01.18.2026_LS,SHW,5162,0,false,2,0.1,0.1264,0.1264,1285.7,12953,12958,0
NIron_SHW_01.18.2026_LS,SHW,5163,0,false,2,0.45,0.1934,0.1934,1324.1,13487,13513,0
NIron_SHW_01.18.2026_LS,SHW,5164,0,false,1,0.02,0.106,0.106,1174.0,13493,13493,0
NIron_SHW_01.18.2026_LS,SHW,5165,0,false,3,0.05,0.2736,0.2736,1921.8,13527,13529,0
NIron_SHW_01.18.2026_LS,SHW,5166,0,false,2,0.03,0.3328,0.3328,1177.8,13669,13670,0
NIron_SHW_01.18.2026_LS,SHW,5167,0,false,5,0.15,0.315,0.315,1575.3,13674,13682,0
NIron_SHW_01.18.2026_LS,SHW,5168,0,false,1,0.02,0.1599,0.1599,1125.6,13775,13775,0
NIron_SHW_01.18.2026_LS,SHW,5169,0,false,1,0.02,0.3385,0.3385,930.3,13776,13776,0
NIron_SHW_01.18.2026_LS,SHW,5170,0,false,2,0.03,0.4319,0.4319,1703.5,13818,13819,0
NIron_SHW_01.18.2026_LS,SHW,5171,0,false,1,0.02,0.2249,0.2249,1075.7,13827,13827,0
NIron_SHW_01.18.2026_LS,SHW,5172,0,false,2,0.07,0.1418,0.1418,1584.9,13894,13897,0
NIron_SHW_01.18.2026_LS,SHW,5173,0,false,1,0.02,0.1107,0.1107,642.8,13902,13902,0
NIron_SHW_01.18.2026_LS,SHW,5174,0,false,1,0.02,0.4231,0.4231,2196.5,13905,13905,0
NIron_SHW_01.18.2026_LS,SHW,5175,0,false,1,0.02,0.1757,0.1757,1564.1,13906,13906,0
NIron_SHW_01.18.2026_LS,SHW,5176,0,false,1,0.02,0.1675,0.1675,1387.1,13967,13967,0
NIron_SHW_01.18.2026_LS,SHW,5177,0,false,1,0.02,0.1711,0.1711,2038.3,14005,14005,0
NIron_SHW_01.18.2026_LS,SHW,5178,0,false,4,0.37,0.3213,0.3213,1877.5,14048,14069,0
NIron_SHW_01.18.2026_LS,SHW,5179,0,false,1,0.02,0.1108,0.1108,999.6,14057,14057,0
NIron_SHW_01.18.2026_LS,SHW,5180,0,false,1,0.02,0.1965,0.1965,1009.4,14061,14061,0
NIron_SHW_01.18.2026_LS,SHW,5181,0,false,1,0.02,0.1402,0.1402,823.9,14133,14133,0
NIron_SHW_01.18.2026_LS,SHW,5182,0,false,1,0.02,0.3572,0.3572,736.0,14155,14155,0
NIron_SHW_01.18.2026_LS,SHW,5183,0,false,1,0.02,0.3972,0.3972,1028.3,14163,14163,0
NIron_SHW_01.18.2026_LS,SHW,5184,0,false,2,0.03,0.288,0.288,1854.3,14235,14236,0
NIron_SHW_01.18.2026_LS,SHW,5185,0,false,2,0.03,0.3046,0.3046,1495.3,14251,14252,0
NIron_SHW_01.18.2026_LS,SHW,5186,0,false,1,0.02,0.1172,0.1172,1484.6,14265,14265,0
NIron_SHW_01.18.2026_LS,SHW,5187,0,false,1,0.02,0.1591,0.1591,1631.3,14342,14342,0
NIron_SHW_01.18.2026_LS,SHW,5188,0,false,1,0.02,0.2016,0.2016,1663.4,14461,14461,0
NIron_SHW_01.18.2026_LS,SHW,5189,0,false,1,0.02,0.129,0.129,771.0,14481,14481,0
NIron_SHW_01.18.2026_LS,SHW,5190,0,false,2,0.17,0.1194,0.1194,1167.0,14536,14545,0
NIron_SHW_01.18.2026_LS,SHW,5191,0,false,1,0.02,0.3111,0.3111,849.8,14697,14697,0
NIron_SHW_01.18.2026_LS,SHW,5192,0,false,2,0.03,0.3159,0.3159,1938.2,14813,14814,0
NIron_SHW_01.18.2026_LS,SHW,5193,0,false,3,0.05,0.3766,0.3766,1090.7,14820,14822,0
NIron_SHW_01.18.2026_LS,SHW,5194,0,false,4,0.12,0.4709,0.4709,1280.2,14912,14918,0
NIron_SHW_01.18.2026_LS,SHW,5195,0,false,1,0.02,0.1115,0.1115,2509.7,14940,14940,0
NIron_SHW_01.18.2026_LS,SHW,5196,0,false,1,0.02,0.1303,0.1303,2928.8,14973,14973,0
NIron_SHW_01.18.2026_LS,SHW,5197,0,false,11,0.85,0.275,0.3525,3381.3,15066,15116,0
NIron_SHW_01.18.2026_LS,SHW,5198,0,false,1,0.02,0.1647,0.1647,661.5,15113,15113,0
NIron_SHW_01.18.2026_LS,SHW,5199,0,false,7,0.58,0.3988,0.4708,2418.4,15118,15152,0
NIron_SHW_01.18.2026_LS,SHW,5200,0,false,1,0.02,0.4901,0.4901,1684.3,15160,15160,0
NIron_SHW_01.18.2026_LS,SHW,5201,0,false,10,0.23,0.1657,0.2075,1901.4,15428,15441,0
NIron_SHW_01.18.2026_LS,SHW,5202,0,false,1,0.02,0.1472,0.1472,621.7,15500,15500,0
NIron_SHW_01.18.2026_LS,SHW,5203,0,false,1,0.02,0.1132,0.1132,2725.9,15550,15550,0
NIron_SHW_01.18.2026_LS,SHW,5204,0,false,1,0.02,0.2949,0.2949,2205.4,15663,15663,0
NIron_SHW_01.18.2026_LS,SHW,5205,0,false,6,0.93,0.3311,0.3698,1511.2,15691,15746,0
NIron_SHW_01.18.2026_LS,SHW,5206,0,false,1,0.02,0.3034,0.3034,1830.7,15724,15724,0
NIron_SHW_01.18.2026_LS,SHW,5207,0,false,1,0.02,0.5545,0.5545,1732.3,15805,15805,0
NIron_SHW_01.18.2026_LS,SHW,5208,0,false,1,0.02,0.1071,0.1071,1449.5,15918,15918,0
NIron_SHW_01.18.2026_LS,SHW,5209,0,false,1,0.02,0.2177,0.2177,1195.9,15952,15952,0
NIron_SHW_01.18.2026_LS,SHW,5210,0,false,1,0.02,0.115,0.115,2845.6,16012,16012,0
NIron_SHW_01.18.2026_LS,SHW,5211,0,false,3,0.05,0.3309,0.3309,1624.1,16082,16084,0
NIron_SHW_01.18.2026_LS,SHW,5212,0,false,1,0.02,0.207,0.207,842.0,16099,16099,0
NIron_SHW_01.18.2026_LS,SHW,5213,0,false,1,0.02,0.1196,0.1196,1559.9,16114,16114,0
NIron_SHW_01.18.2026_LS,SHW,5214,0,false,1,0.02,0.28,0.28,1683.4,16115,16115,0
NIron_SHW_01.18.2026_LS,SHW,5215,0,false,3,0.05,0.2272,0.2272,1992.0,16120,16122,0
NIron_SHW_01.18.2026_LS,SHW,5216,0,false,2,0.17,0.1791,0.1791,1492.6,16132,16141,0
NIron_SHW_01.18.2026_LS,SHW,5217,0,false,2,0.03,0.3372,0.3372,786.3,16242,16243,0
NIron_SHW_01.18.2026_LS,SHW,5218,0,false,15,0.62,0.393,0.5732,1578.3,16265,16301,0
NIron_SHW_01.18.2026_LS,SHW,5219,0,false,1,0.02,0.1139,0.1139,2078.9,16271,16271,0
NIron_SHW_01.18.2026_LS,SHW,5220,0,false,9,0.15,0.5479,0.6649,1463.6,16288,16296,0
NIron_SHW_01.18.2026_LS,SHW,5221,0,false,1,0.02,0.1332,0.1332,923.0,16297,16297,0
NIron_SHW_01.18.2026_LS,SHW,5222,0,false,7,0.17,0.3426,0.4164,1415.4,16354,16363,0
NIron_SHW_01.18.2026_LS,SHW,5223,0,false,1,0.02,0.1842,0.1842,522.9,16356,16356,0
NIron_SHW_01.18.2026_LS,SHW,5224,0,false,3,0.05,0.3532,0.3532,903.8,16366,16368,0
NIron_SHW_01.18.2026_LS,SHW,5225,0,false,1,0.02,0.1376,0.1376,1700.8,16533,16533,0
NIron_SHW_01.18.2026_LS,SHW,5226,0,false,2,0.03,0.2213,0.2213,1798.6,16704,16705,0
NIron_SHW_01.18.2026_LS,SHW,5227,0,false,1,0.02,0.1388,0.1388,2467.7,16746,16746,0
NIron_SHW_01.18.2026_LS,SHW,5228,0,false,1,0.02,0.2147,0.2147,703.9,16845,16845,0
NIron_SHW_01.18.2026_LS,SHW,5229,0,false,1,0.02,0.1872,0.1872,1021.4,16861,16861,0
NIron_SHW_01.18.2026_LS,SHW,5230,0,false,2,0.03,0.3746,0.3746,1564.8,16886,16887,0
NIron_SHW_01.18.2026_LS,SHW,5231,0,false,5,0.83,0.1657,0.1657,1940.5,16895,16944,0
NIron_SHW_01.18.2026_LS,SHW,5232,0,false,1,0.02,0.1243,0.1243,2085.8,16918,16918,0
NIron_SHW_01.18.2026_LS,SHW,5233,0,false,1,0.02,0.1078,0.1078,1627.2,16938,16938,0
NIron_SHW_01.18.2026_LS,SHW,5234,0,false,3,0.08,0.1817,0.1817,1420.6,16958,16962,0
NIron_SHW_01.18.2026_LS,SHW,5235,0,false,4,0.15,0.2648,0.2648,1487.2,17005,17013,0
NIron_SHW_01.18.2026_LS,SHW,5236,0,false,1,0.02,0.119,0.119,808.0,17009,17009,0
NIron_SHW_01.18.2026_LS,SHW,5237,0,false,6,0.77,0.3324,0.3736,2429.9,17015,17060,0
NIron_SHW_01.18.2026_LS,SHW,5238,0,false,5,0.07,0.3113,0.3113,1132.8,17025,17028,0
NIron_SHW_01.18.2026_LS,SHW,5239,0,false,9,0.48,0.2427,0.3344,2934.0,17073,17101,0
NIron_SHW_01.18.2026_LS,SHW,5240,0,false,6,0.37,0.1993,0.2174,1383.8,17217,17238,0
NIron_SHW_01.18.2026_LS,SHW,5241,0,false,6,0.15,0.1865,0.2017,719.1,17222,17230,0
NIron_SHW_01.18.2026_LS,SHW,5242,0,false,2,0.03,0.1906,0.1906,1766.0,17227,17228,0
NIron_SHW_01.18.2026_LS,SHW,5243,0,false,1,0.02,0.1084,0.1084,1971.6,17497,17497,0
NIron_SHW_01.18.2026_LS,SHW,5244,0,false,1,0.02,0.1061,0.1061,1596.3,17711,17711,0
NIron_SHW_01.18.2026_LS,SHW,5245,0,false,1,0.02,0.2149,0.2149,826.2,17752,17752,0
NIron_SHW_01.18.2026_LS,SHW,5246,0,false,1,0.02,0.1455,0.1455,724.8,17759,17759,0
NIron_SHW_01.18.2026_LS,SHW,5247,0,false,3,0.05,0.166,0.166,2296.9,17789,17791,0
NIron_SHW_01.18.2026_LS,SHW,5248,0,false,1,0.02,0.1176,0.1176,1192.3,17894,17894,0
NIron_SHW_01.18.2026_LS,SHW,5249,0,false,2,0.03,0.5522,0.5522,2717.6,17923,17924,0
NIron_SHW_01.18.2026_LS,SHW,5250,0,false,2,0.03,0.2576,0.2576,2402.1,17938,17939,0
NIron_SHW_01.18.2026_LS,SHW,5251,0,false,2,0.15,0.1951,0.1951,1857.8,17973,17981,0
NIron_SHW_01.18.2026_LS,SHW,5252,0,false,1,0.02,0.1008,0.1008,343.2,17999,17999,0
NIron_SHW_01.18.2026_LS,SHW,5253,0,false,1,0.02,0.5099,0.5099,1034.2,18066,18066,0
NIron_SHW_01.18.2026_LS,SHW,5254,0,false,1,0.02,0.1924,0.1924,1719.3,18222,18222,0
NIron_SHW_01.18.2026_LS,SHW,5255,0,false,3,0.42,0.1582,0.1582,902.7,18241,18265,0
NIron_SHW_01.18.2026_LS,SHW,5256,0,false,1,0.02,0.2131,0.2131,1834.3,18338,18338,0
NIron_SHW_01.18.2026_LS,SHW,5257,0,false,1,0.02,0.1765,0.1765,1030.2,18352,18352,0
NIron_SHW_01.18.2026_LS,SHW,5258,0,false,1,0.02,0.2421,0.2421,759.7,18370,18370,0
NIron_SHW_01.18.2026_LS,SHW,5259,0,false,2,0.03,0.1931,0.1931,1041.6,18409,18410,0
NIron_SHW_01.18.2026_LS,SHW,5260,0,false,1,0.02,0.1331,0.1331,1711.0,18455,18455,0
NIron_SHW_01.18.2026_LS,SHW,5261,0,false,2,0.03,0.2093,0.2093,1547.3,18464,18465,0
NIron_SHW_01.18.2026_LS,SHW,5262,0,false,1,0.02,0.1384,0.1384,1453.1,18496,18496,0
NIron_SHW_01.18.2026_LS,SHW,5263,0,false,1,0.02,0.13,0.13,412.0,18595,18595,0
NIron_SHW_01.18.2026_LS,SHW,5264,0,false,1,0.02,0.1739,0.1739,2545.4,18658,18658,0
NIron_SHW_01.18.2026_LS,SHW,5265,0,false,1,0.02,0.2514,0.2514,1644.8,18719,18719,0
NIron_SHW_01.18.2026_LS,SHW,5266,0,false,2,0.22,0.3541,0.3541,1242.7,18730,18742,0
NIron_SHW_01.18.2026_LS,SHW,5267,0,false,1,0.02,0.2039,0.2039,703.0,18739,18739,0
NIron_SHW_01.18.2026_LS,SHW,5268,0,false,1,0.02,0.1621,0.1621,2444.8,18740,18740,0
NIron_SHW_01.18.2026_LS,SHW,5269,0,false,1,0.02,0.2775,0.2775,924.7,18765,18765,0
NIron_SHW_01.18.2026_LS,SHW,5270,0,false,1,0.02,0.1986,0.1986,752.4,18779,18779,0
NIron_SHW_01.18.2026_LS,SHW,5271,0,false,1,0.02,0.2279,0.2279,1146.8,18784,18784,0
NIron_SHW_01.18.2026_LS,SHW,5272,0,false,1,0.02,0.2622,0.2622,1805.0,18804,18804,0
NIron_SHW_01.18.2026_LS,SHW,5273,0,false,2,0.07,0.266,0.266,1800.6,18867,18870,0
NIron_SHW_01.18.2026_LS,SHW,5274,0,false,1,0.02,0.1481,0.1481,2535.3,18887,18887,0
NIron_SHW_01.18.2026_LS,SHW,5275,0,false,1,0.02,0.5502,0.5502,1571.2,18913,18913,0
NIron_SHW_01.18.2026_LS,SHW,5276,0,false,1,0.02,0.1147,0.1147,2561.5,18920,18920,0
NIron_SHW_01.18.2026_LS,SHW,5277,0,false,5,0.13,0.187,0.187,1934.9,18979,18986,0
NIron_SHW_01.18.2026_LS,SHW,5278,0,false,1,0.02,0.3271,0.3271,3266.0,18991,18991,0
NIron_SHW_01.18.2026_LS,SHW,5279,0,false,1,0.02,0.3427,0.3427,845.7,18993,18993,0
NIron_SHW_01.18.2026_LS,SHW,5280,0,false,1,0.02,0.109,0.109,484.5,19003,19003,0
NIron_SHW_01.18.2026_LS,SHW,5281,0,false,1,0.02,0.2278,0.2278,1388.4,19053,19053,0
NIron_SHW_01.18.2026_LS,SHW,5282,0,false,1,0.02,0.1496,0.1496,580.9,19086,19086,0
NIron_SHW_01.18.2026_LS,SHW,5283,0,false,3,0.07,0.3678,0.3678,761.2,19091,19094,0
NIron_SHW_01.18.2026_LS,SHW,5284,0,false,2,0.33,0.1842,0.1842,882.8,19099,19118,0
NIron_SHW_01.18.2026_LS,SHW,5285,0,false,1,0.02,0.1226,0.1226,630.6,19099,19099,0
NIron_SHW_01.18.2026_LS,SHW,5286,0,false,3,0.4,0.2067,0.2067,1046.1,19112,19135,0
NIron_SHW_01.18.2026_LS,SHW,5287,0,false,2,0.03,0.3235,0.3235,850.3,19199,19200,0
NIron_SHW_01.18.2026_LS,SHW,5288,0,false,2,0.5,0.1498,0.1498,759.5,19204,19233,0
NIron_SHW_01.18.2026_LS,SHW,5289,0,false,1,0.02,0.1203,0.1203,2732.5,19237,19237,0
NIron_SHW_01.18.2026_LS,SHW,5290,0,false,2,0.22,0.2231,0.2231,1181.1,19246,19258,0
NIron_SHW_01.18.2026_LS,SHW,5291,0,false,1,0.02,0.1031,0.1031,1509.5,19275,19275,0
NIron_SHW_01.18.2026_LS,SHW,5292,0,false,1,0.02,0.1726,0.1726,1342.6,19330,19330,0
NIron_SHW_01.18.2026_LS,SHW,5293,0,false,1,0.02,0.3896,0.3896,1047.7,19518,19518,0
NIron_SHW_01.18.2026_LS,SHW,5294,0,false,2,0.03,0.1499,0.1499,782.1,19538,19539,0
NIron_SHW_01.18.2026_LS,SHW,5295,0,false,1,0.02,0.174,0.174,2265.9,19576,19576,0
NIron_SHW_01.18.2026_LS,SHW,5296,0,false,1,0.02,0.4075,0.4075,701.5,19601,19601,0
NIron_SHW_01.18.2026_LS,SHW,5297,0,false,3,0.27,0.2116,0.2116,1471.0,19609,19624,0
NIron_SHW_01.18.2026_LS,SHW,5298,0,false,1,0.02,0.4415,0.4415,910.7,19684,19684,0
NIron_SHW_01.18.2026_LS,SHW,5299,0,false,1,0.02,0.3684,0.3684,744.4,19755,19755,0
NIron_SHW_01.18.2026_LS,SHW,5300,0,false,1,0.02,0.1202,0.1202,1233.1,19763,19763,0
NIron_SHW_01.18.2026_LS,SHW,5301,0,false,1,0.02,0.244,0.244,1498.2,19772,19772,0
NIron_SHW_01.18.2026_LS,SHW,5302,0,false,1,0.02,0.1423,0.1423,2172.4,19840,19840,0
NIron_SHW_01.18.2026_LS,SHW,5303,0,false,1,0.02,0.2764,0.2764,1876.4,19871,19871,0
NIron_SHW_01.18.2026_LS,SHW,5304,0,false,1,0.02,0.1023,0.1023,1719.9,19877,19877,0
NIron_SHW_01.18.2026_LS,SHW,5305,0,false,1,0.02,0.1411,0.1411,620.4,19903,19903,0
NIron_SHW_01.18.2026_LS,SHW,5306,0,false,1,0.02,0.1046,0.1046,682.9,19917,19917,0
NIron_SHW_01.18.2026_LS,SHW,5307,0,false,7,0.17,0.2401,0.2895,808.7,19934,19943,0
NIron_SHW_01.18.2026_LS,SHW,5308,0,false,1,0.02,0.1221,0.1221,2291.4,19940,19940,0
NIron_SHW_01.18.2026_LS,SHW,5309,0,false,5,0.1,0.2217,0.2217,681.0,19975,19980,0
NIron_SHW_01.18.2026_LS,SHW,5310,0,false,1,0.02,0.2914,0.2914,1530.8,20106,20106,0
NIron_SHW_01.18.2026_LS,SHW,5311,0,false,1,0.02,0.111,0.111,1553.4,20119,20119,0
NIron_SHW_01.18.2026_LS,SHW,5312,0,false,1,0.02,0.1074,0.1074,666.1,20168,20168,0
NIron_SHW_01.18.2026_LS,SHW,5313,0,false,1,0.02,0.3511,0.3511,1230.2,20253,20253,0
NIron_SHW_01.18.2026_LS,SHW,5314,0,false,2,0.22,0.3656,0.3656,1311.7,20460,20472,0
NIron_SHW_01.18.2026_LS,SHW,5315,0,false,1,0.02,0.1314,0.1314,1876.8,20576,20576,0
NIron_SHW_01.18.2026_LS,SHW,5316,0,false,1,0.02,0.1582,0.1582,1235.6,20773,20773,0
NIron_SHW_01.18.2026_LS,SHW,5317,0,false,2,0.07,0.2101,0.2101,978.8,20777,20780,0
NIron_SHW_01.18.2026_LS,SHW,5318,0,false,1,0.02,0.112,0.112,823.3,20820,20820,0
NIron_SHW_01.18.2026_LS,SHW,5319,0,false,1,0.02,0.3379,0.3379,2253.0,20828,20828,0
NIron_SHW_01.18.2026_LS,SHW,5320,0,false,2,0.03,0.1472,0.1472,1838.9,20878,20879,0
NIron_SHW_01.18.2026_LS,SHW,5321,0,false,1,0.02,0.1129,0.1129,1542.0,20966,20966,0
NIron_SHW_01.18.2026_LS,SHW,5322,0,false,2,0.03,0.3766,0.3766,1937.7,21059,21060,0
NIron_SHW_01.18.2026_LS,SHW,5323,0,false,1,0.02,0.1417,0.1417,1141.6,21091,21091,0
NIron_SHW_01.18.2026_LS,SHW,5324,0,false,2,0.03,0.3397,0.3397,698.7,21167,21168,0
NIron_SHW_01.18.2026_LS,SHW,5325,0,false,1,0.02,0.2883,0.2883,1168.3,21278,21278,0
NIron_SHW_01.18.2026_LS,SHW,5326,0,false,1,0.02,0.4825,0.4825,1103.4,21291,21291,0
NIron_SHW_01.18.2026_LS,SHW,5327,0,false,1,0.02,0.1332,0.1332,484.4,21335,21335,0
NIron_SHW_01.18.2026_LS,SHW,5328,0,false,1,0.02,0.1224,0.1224,594.0,21345,21345,0
NIron_SHW_01.18.2026_LS,SHW,5329,0,false,1,0.02,0.1035,0.1035,691.9,21364,21364,0
NIron_SHW_01.18.2026_LS,SHW,5330,0,false,1,0.02,0.2105,0.2105,873.0,21393,21393,0
NIron_SHW_01.18.2026_LS,SHW,5331,0,false,5,0.53,0.2237,0.2237,957.3,21395,21426,0
NIron_SHW_01.18.2026_LS,SHW,5332,0,false,3,0.05,0.3754,0.3754,1099.5,21412,21414,0
NIron_SHW_01.18.2026_LS,SHW,5333,0,false,1,0.02,0.1051,0.1051,991.1,21415,21415,0
NIron_SHW_01.18.2026_LS,SHW,5334,0,false,2,0.03,0.2345,0.2345,1099.3,21594,21595,0
NIron_SHW_01.18.2026_LS,SHW,5335,0,false,19,0.35,0.5097,0.6906,999.0,21607,21627,0
NIron_SHW_01.18.2026_LS,SHW,5336,0,false,4,0.08,0.2488,0.2488,987.0,21611,21615,0
NIron_SHW_01.18.2026_LS,SHW,5337,0,false,1,0.02,0.1102,0.1102,1102.7,21617,21617,0
NIron_SHW_01.18.2026_LS,SHW,5338,0,false,4,0.17,0.4817,0.4817,1297.1,21621,21630,0
NIron_SHW_01.18.2026_LS,SHW,5339,0,false,4,0.38,0.2599,0.2599,1191.6,21621,21643,0
NIron_SHW_01.18.2026_LS,SHW,5340,0,false,1,0.02,0.1026,0.1026,1769.8,21658,21658,0
NIron_SHW_01.18.2026_LS,SHW,5341,0,false,14,0.23,0.5961,0.6886,1478.3,21684,21697,0
NIron_SHW_01.18.2026_LS,SHW,5342,0,false,10,0.47,0.5076,0.637,1142.3,21700,21727,0
NIron_SHW_01.18.2026_LS,SHW,5343,0,false,1,0.02,0.1952,0.1952,1924.3,21707,21707,0
NIron_SHW_01.18.2026_LS,SHW,5344,0,false,7,0.13,0.2386,0.2627,834.5,21714,21721,0
NIron_SHW_01.18.2026_LS,SHW,5345,0,false,1,0.02,0.4216,0.4216,1013.6,21724,21724,0
NIron_SHW_01.18.2026_LS,SHW,5346,0,false,2,0.03,0.2774,0.2774,910.8,21841,21842,0
NIron_SHW_01.18.2026_LS,SHW,5347,0,false,14,0.33,0.5014,0.6619,846.7,21848,21867,0
NIron_SHW_01.18.2026_LS,SHW,5348,0,false,1,0.02,0.4743,0.4743,2675.6,21866,21866,0
NIron_SHW_01.18.2026_LS,SHW,5349,0,false,1,0.02,0.2116,0.2116,1290.3,21969,21969,0
NIron_SHW_01.18.2026_LS,SHW,5350,0,false,2,0.52,0.1928,0.1928,1829.7,22013,22043,0
NIron_SHW_01.18.2026_LS,SHW,5351,0,false,2,0.03,0.395,0.395,1171.7,22026,22027,0
NIron_SHW_01.18.2026_LS,SHW,5352,0,false,1,0.02,0.1133,0.1133,1224.3,22042,22042,0
NIron_SHW_01.18.2026_LS,SHW,5353,0,false,1,0.02,0.1143,0.1143,1739.0,22053,22053,0
NIron_SHW_01.18.2026_LS,SHW,5354,0,false,1,0.02,0.2034,0.2034,2400.9,22143,22143,0
NIron_SHW_01.18.2026_LS,SHW,5355,0,false,1,0.02,0.1159,0.1159,1935.7,22175,22175,0
NIron_SHW_01.18.2026_LS,SHW,5356,0,false,1,0.02,0.1393,0.1393,2064.1,22181,22181,0
NIron_SHW_01.18.2026_LS,SHW,5357,0,false,1,0.02,0.1014,0.1014,700.0,22221,22221,0
NIron_SHW_01.18.2026_LS,SHW,5358,0,false,4,0.28,0.2695,0.2695,1251.0,22259,22275,0
NIron_SHW_01.18.2026_LS,SHW,5359,0,false,4,0.1,0.2253,0.2253,1481.6,22270,22275,0
NIron_SHW_01.18.2026_LS,SHW,5360,0,false,1,0.02,0.1868,0.1868,976.6,22572,22572,0
NIron_SHW_01.18.2026_LS,SHW,5361,0,false,1,0.02,0.2397,0.2397,637.4,22586,22586,0
NIron_SHW_01.18.2026_LS,SHW,5362,0,false,6,0.1,0.4952,0.5288,1128.5,22597,22602,0
NIron_SHW_01.18.2026_LS,SHW,5363,0,false,7,0.12,0.6224,0.6625,1251.4,22612,22618,0
NIron_SHW_01.18.2026_LS,SHW,5364,0,false,5,0.08,0.5602,0.5602,1203.6,22621,22625,0
NIron_SHW_01.18.2026_LS,SHW,5365,0,false,1,0.02,0.1486,0.1486,917.0,22630,22630,0
NIron_SHW_01.18.2026_LS,SHW,5366,0,false,1,0.02,0.4745,0.4745,987.1,22634,22634,0
NIron_SHW_01.18.2026_LS,SHW,5367,0,false,7,0.15,0.2723,0.3349,1209.0,22649,22657,0
NIron_SHW_01.18.2026_LS,SHW,5368,0,false,2,0.03,0.2606,0.2606,1362.8,22654,22655,0
NIron_SHW_01.18.2026_LS,SHW,5369,0,false,1,0.02,0.1064,0.1064,674.4,22671,22671,0
NIron_SHW_01.18.2026_LS,SHW,5370,0,false,2,0.03,0.4036,0.4036,1994.0,22744,22745,0
NIron_SHW_01.18.2026_LS,SHW,5371,0,false,1,0.02,0.1028,0.1028,1110.7,22786,22786,0
NIron_SHW_01.18.2026_LS,SHW,5372,0,false,1,0.02,0.1174,0.1174,2378.5,22795,22795,0
NIron_SHW_01.18.2026_LS,SHW,5373,0,false,1,0.02,0.1234,0.1234,709.5,22828,22828,0
NIron_SHW_01.18.2026_LS,SHW,5374,0,false,1,0.02,0.1756,0.1756,1116.9,22877,22877,0
NIron_SHW_01.18.2026_LS,SHW,5375,0,false,1,0.02,0.1396,0.1396,732.7,22878,22878,0
NIron_SHW_01.18.2026_LS,SHW,5376,0,false,17,0.35,0.5197,0.6562,1042.9,23006,23026,0
NIron_SHW_01.18.2026_LS,SHW,5377,0,false,1,0.02,0.4095,0.4095,1372.2,23057,23057,0
NIron_SHW_01.18.2026_LS,SHW,5378,0,false,2,0.05,0.2339,0.2339,1393.2,23117,23119,0
NIron_SHW_01.18.2026_LS,SHW,5379,0,false,1,0.02,0.304,0.304,1208.1,23137,23137,0
NIron_SHW_01.18.2026_LS,SHW,5380,0,false,1,0.02,0.5083,0.5083,1830.4,23151,23151,0
NIron_SHW_01.18.2026_LS,SHW,5381,0,false,9,0.3,0.3403,0.45,1211.3,23237,23254,0
NIron_SHW_01.18.2026_LS,SHW,5382,0,false,1,0.02,0.1662,0.1662,1389.7,23296,23296,0
NIron_SHW_01.18.2026_LS,SHW,5383,0,false,1,0.02,0.5273,0.5273,1155.5,23301,23301,0
NIron_SHW_01.18.2026_LS,SHW,5384,0,false,9,0.28,0.4193,0.5424,1166.0,23305,23321,0
NIron_SHW_01.18.2026_LS,SHW,5385,0,false,1,0.02,0.1469,0.1469,617.6,23321,23321,0
NIron_SHW_01.18.2026_LS,SHW,5386,0,false,2,0.05,0.4655,0.4655,3103.8,23356,23358,0
NIron_SHW_01.18.2026_LS,SHW,5387,0,false,5,0.48,0.27,0.27,916.0,23377,23405,0
NIron_SHW_01.18.2026_LS,SHW,5388,0,false,1,0.02,0.1341,0.1341,850.5,23400,23400,0
NIron_SHW_01.18.2026_LS,SHW,5389,0,false,2,0.03,0.1352,0.1352,726.2,23404,23405,0
NIron_SHW_01.18.2026_LS,SHW,5390,0,false,1,0.02,0.1232,0.1232,1781.8,23447,23447,0
NIron_SHW_01.18.2026_LS,SHW,5391,0,false,2,0.03,0.2399,0.2399,2051.8,23454,23455,0
NIron_SHW_01.18.2026_LS,SHW,5392,0,false,1,0.02,0.2689,0.2689,1278.4,23464,23464,0
NIron_SHW_01.18.2026_LS,SHW,5393,0,false,2,0.02,0.3859,0.3859,1218.3,23592,23592,0
NIron_SHW_01.18.2026_LS,SHW,5394,0,false,1,0.02,0.1309,0.1309,1184.6,23657,23657,0
NIron_SHW_01.18.2026_LS,SHW,5395,0,false,1,0.02,0.2626,0.2626,821.1,23668,23668,0
NIron_SHW_01.18.2026_LS,SHW,5396,0,false,1,0.02,0.1892,0.1892,180.8,23701,23701,0
NIron_SHW_01.18.2026_LS,SHW,5397,0,false,1,0.02,0.3097,0.3097,3478.7,23707,23707,0
NIron_SHW_01.18.2026_LS,SHW,5398,0,false,1,0.02,0.1163,0.1163,1607.6,23740,23740,0
NIron_SHW_01.18.2026_LS,SHW,5399,0,false,1,0.02,0.1032,0.1032,1130.3,23858,23858,0
NIron_SHW_01.18.2026_LS,SHW,5400,0,false,5,0.22,0.3142,0.3142,915.7,24124,24136,0
NIron_SHW_01.18.2026_LS,SHW,5401,0,false,2,0.03,0.2484,0.2484,1007.8,24386,24387,0
NIron_SHW_01.18.2026_LS,SHW,5402,0,false,1,0.02,0.6422,0.6422,1256.4,24400,24400,0
NIron_SHW_01.18.2026_LS,SHW,5403,0,false,2,0.03,0.1262,0.1262,1553.9,24592,24593,0
NIron_SHW_01.18.2026_LS,SHW,5404,0,false,1,0.02,0.249,0.249,977.3,24701,24701,0
NIron_SHW_01.18.2026_LS,SHW,5405,0,false,1,0.02,0.1088,0.1088,1235.2,24803,24803,0
NIron_SHW_01.18.2026_LS,SHW,5406,0,false,10,0.88,0.4348,0.6757,1371.7,24852,24904,0
NIron_SHW_01.18.2026_LS,SHW,5407,0,false,13,0.23,0.5645,0.6847,1420.9,24881,24894,0
NIron_SHW_01.18.2026_LS,SHW,5408,0,false,3,0.05,0.2486,0.2486,730.8,24887,24889,0
NIron_SHW_01.18.2026_LS,SHW,5409,0,false,3,0.05,0.3072,0.3072,960.7,25143,25145,0
NIron_SHW_01.18.2026_LS,SHW,5410,0,false,1,0.02,0.2689,0.2689,1691.2,25320,25320,0
NIron_SHW_01.18.2026_LS,SHW,5411,0,false,1,0.02,0.1765,0.1765,2159.9,25349,25349,0
NIron_SHW_01.18.2026_LS,SHW,5412,0,false,1,0.02,0.1367,0.1367,1575.8,25394,25394,0
NIron_SHW_01.18.2026_LS,SHW,5413,0,false,1,0.02,0.1529,0.1529,1197.3,25421,25421,0
NIron_SHW_01.18.2026_LS,SHW,5414,0,false,1,0.02,0.3575,0.3575,1330.5,25513,25513,0
NIron_SHW_01.18.2026_LS,SHW,5415,0,false,1,0.02,0.1057,0.1057,637.1,25636,25636,0
NIron_SHW_01.18.2026_LS,SHW,5416,0,false,1,0.02,0.1698,0.1698,1169.5,25662,25662,0
NIron_SHW_01.18.2026_LS,SHW,5417,0,false,1,0.02,0.1547,0.1547,671.9,25805,25805,0
NIron_SHW_01.18.2026_LS,SHW,5418,0,false,1,0.02,0.1432,0.1432,1218.7,25838,25838,0
NIron_SHW_01.18.2026_LS,SHW,5419,0,false,1,0.02,0.2282,0.2282,1255.0,25914,25914,0
NIron_SHW_01.18.2026_LS,SHW,5420,0,false,2,0.08,0.1221,0.1221,2281.4,25954,25958,0
NIron_SHW_01.18.2026_LS,SHW,5421,0,false,1,0.02,0.4632,0.4632,1112.3,25996,25996,0
NIron_SHW_01.18.2026_LS,SHW,5422,0,false,2,0.05,0.1587,0.1587,1332.3,26003,26005,0
NIron_SHW_01.18.2026_LS,SHW,5423,0,false,1,0.02,0.1314,0.1314,801.9,26073,26073,0
NIron_SHW_01.18.2026_LS,SHW,5424,0,false,1,0.02,0.2414,0.2414,1522.6,26100,26100,0
NIron_SHW_01.18.2026_LS,SHW,5425,0,false,3,0.18,0.1836,0.1836,1874.2,26192,26202,0
NIron_SHW_01.18.2026_LS,SHW,5426,0,false,1,0.02,0.2426,0.2426,878.9,26279,26279,0
NIron_SHW_01.18.2026_LS,SHW,5427,0,false,1,0.02,0.1055,0.1055,2330.2,26283,26283,0
NIron_SHW_01.18.2026_LS,SHW,5428,0,false,1,0.02,0.1077,0.1077,728.3,26333,26333,0
NIron_SHW_01.18.2026_LS,SHW,5429,0,false,1,0.02,0.1025,0.1025,1409.4,26350,26350,0
NIron_SHW_01.18.2026_LS,SHW,5430,0,false,3,0.05,0.2797,0.2797,1413.6,26367,26369,0
NIron_SHW_01.18.2026_LS,SHW,5431,0,false,1,0.02,0.1001,0.1001,928.4,26459,26459,0
NIron_SHW_01.18.2026_LS,SHW,5432,0,false,1,0.02,0.127,0.127,976.8,26565,26565,0
NIron_SHW_01.18.2026_LS,SHW,5433,0,false,1,0.02,0.11,0.11,1081.5,26582,26582,0
NIron_SHW_01.18.2026_LS,SHW,5434,0,false,1,0.02,0.1029,0.1029,2007.9,26620,26620,0
NIron_SHW_01.18.2026_LS,SHW,5435,0,false,8,0.72,0.1832,0.2244,730.6,26623,26665,0
NIron_SHW_01.18.2026_LS,SHW,5436,0,false,3,0.17,0.1759,0.1759,874.2,26625,26634,0
NIron_SHW_01.18.2026_LS,SHW,5437,0,false,33,1.27,0.3447,0.6238,1023.4,26653,26728,0
NIron_SHW_01.18.2026_LS,SHW,5438,0,false,2,0.03,0.1196,0.1196,488.0,26665,26666,0
NIron_SHW_01.18.2026_LS,SHW,5439,0,false,1,0.02,0.5774,0.5774,1156.6,26668,26668,0
NIron_SHW_01.18.2026_LS,SHW,5440,0,false,2,0.03,0.1282,0.1282,1016.7,26678,26679,0
NIron_SHW_01.18.2026_LS,SHW,5441,0,false,2,0.2,0.1343,0.1343,1477.2,26678,26689,0
NIron_SHW_01.18.2026_LS,SHW,5442,0,false,5,0.4,0.2368,0.2368,941.8,26679,26702,0
NIron_SHW_01.18.2026_LS,SHW,5443,0,false,2,0.03,0.1739,0.1739,882.7,26764,26765,0
NIron_SHW_01.18.2026_LS,SHW,5444,0,false,3,0.08,0.3016,0.3016,1136.5,26767,26771,0
NIron_SHW_01.18.2026_LS,SHW,5445,0,false,2,0.47,0.3967,0.3967,2304.8,26803,26830,0
NIron_SHW_01.18.2026_LS,SHW,5446,0,false,1,0.02,0.3604,0.3604,2028.8,26820,26820,0
NIron_SHW_01.18.2026_LS,SHW,5447,0,false,2,0.07,0.3939,0.3939,3539.7,26825,26828,0
NIron_SHW_01.18.2026_LS,SHW,5448,0,false,1,0.02,0.1871,0.1871,621.1,26825,26825,0
NIron_SHW_01.18.2026_LS,SHW,5449,0,false,13,0.7,0.3381,0.5333,1874.3,26831,26872,0
NIron_SHW_01.18.2026_LS,SHW,5450,0,false,1,0.02,0.1067,0.1067,1087.4,26869,26869,0
NIron_SHW_01.18.2026_LS,SHW,5451,0,false,1,0.02,0.3101,0.3101,1616.4,26876,26876,0
NIron_SHW_01.18.2026_LS,SHW,5452,0,false,1,0.02,0.1225,0.1225,725.7,26890,26890,0
NIron_SHW_01.18.2026_LS,SHW,5453,0,false,1,0.02,0.2059,0.2059,791.0,26946,26946,0
NIron_SHW_01.18.2026_LS,SHW,5454,0,false,1,0.02,0.1717,0.1717,704.1,26955,26955,0
NIron_SHW_01.18.2026_LS,SHW,5455,0,false,2,0.3,0.2673,0.2673,827.2,26978,26995,0
NIron_SHW_01.18.2026_LS,SHW,5456,0,false,1,0.02,0.1647,0.1647,659.2,26986,26986,0
NIron_SHW_01.18.2026_LS,SHW,5457,0,false,1,0.02,0.3393,0.3393,1694.5,27014,27014,0
NIron_SHW_01.18.2026_LS,SHW,5458,0,false,1,0.02,0.1526,0.1526,375.4,27036,27036,0
NIron_SHW_01.18.2026_LS,SHW,5459,0,false,1,0.02,0.2105,0.2105,805.6,27037,27037,0
NIron_SHW_01.18.2026_LS,SHW,5460,0,false,7,0.37,0.2151,0.2542,916.7,27048,27069,0
NIron_SHW_01.18.2026_LS,SHW,5461,0,false,4,0.23,0.2558,0.2558,1196.2,27062,27075,0
NIron_SHW_01.18.2026_LS,SHW,5462,0,false,3,0.07,0.3283,0.3283,1602.0,27067,27070,0
NIron_SHW_01.18.2026_LS,SHW,5463,0,false,2,0.03,0.1783,0.1783,1462.3,27076,27077,0
NIron_SHW_01.18.2026_LS,SHW,5464,0,false,2,0.03,0.2414,0.2414,2201.7,27082,27083,0
NIron_SHW_01.18.2026_LS,SHW,5465,0,false,1,0.02,0.1109,0.1109,569.9,27099,27099,0
NIron_SHW_01.18.2026_LS,SHW,5466,0,false,1,0.02,0.1778,0.1778,545.4,27120,27120,0
NIron_SHW_01.18.2026_LS,SHW,5467,0,false,1,0.02,0.1132,0.1132,581.4,27127,27127,0
NIron_SHW_01.18.2026_LS,SHW,5468,0,false,1,0.02,0.1066,0.1066,1022.5,27132,27132,0
NIron_SHW_01.18.2026_LS,SHW,5469,0,false,1,0.02,0.3303,0.3303,1380.9,27241,27241,0
NIron_SHW_01.18.2026_LS,SHW,5470,0,false,1,0.02,0.164,0.164,743.3,27375,27375,0
NIron_SHW_01.18.2026_LS,SHW,5471,0,false,1,0.02,0.1012,0.1012,826.1,27461,27461,0
NIron_SHW_01.18.2026_LS,SHW,5472,0,false,7,0.25,0.333,0.368,770.2,27515,27529,0
NIron_SHW_01.18.2026_LS,SHW,5473,0,false,1,0.02,0.1932,0.1932,636.3,27532,27532,0
NIron_SHW_01.18.2026_LS,SHW,5474,0,false,1,0.02,0.1893,0.1893,1348.1,27620,27620,0
NIron_SHW_01.18.2026_LS,SHW,5475,0,false,3,0.05,0.2378,0.2378,1488.9,27668,27670,0
NIron_SHW_01.18.2026_LS,SHW,5476,0,false,1,0.02,0.2128,0.2128,1967.3,27690,27690,0
NIron_SHW_01.18.2026_LS,SHW,5477,0,false,1,0.02,0.2597,0.2597,858.9,27702,27702,0
NIron_SHW_01.18.2026_LS,SHW,5478,0,false,1,0.02,0.1044,0.1044,784.5,27786,27786,0
NIron_SHW_01.18.2026_LS,SHW,5479,0,false,1,0.02,0.4088,0.4088,1282.2,27846,27846,0
NIron_SHW_01.18.2026_LS,SHW,5480,0,false,1,0.02,0.1533,0.1533,973.3,28048,28048,0
NIron_SHW_01.18.2026_LS,SHW,5481,0,false,1,0.02,0.1693,0.1693,899.3,28062,28062,0
NIron_SHW_01.18.2026_LS,SHW,5482,0,false,1,0.02,0.1491,0.1491,663.5,28076,28076,0
NIron_SHW_01.18.2026_LS,SHW,5483,0,false,1,0.02,0.1661,0.1661,918.9,28110,28110,0
NIron_SHW_01.18.2026_LS,SHW,5484,0,false,2,0.03,0.1555,0.1555,2024.4,28117,28118,0
NIron_SHW_01.18.2026_LS,SHW,5485,0,false,2,0.18,0.1109,0.1109,1308.3,28124,28134,0
NIron_SHW_01.18.2026_LS,SHW,5486,0,false,2,0.27,0.1382,0.1382,964.8,28191,28206,0
NIron_SHW_01.18.2026_LS,SHW,5487,0,false,1,0.02,0.1149,0.1149,1264.0,28197,28197,0
NIron_SHW_01.18.2026_LS,SHW,5488,0,false,1,0.02,0.3007,0.3007,619.4,28200,28200,0
NIron_SHW_01.18.2026_LS,SHW,5489,0,false,2,0.03,0.1301,0.1301,1231.0,28203,28204,0
NIron_SHW_01.18.2026_LS,SHW,5490,0,false,1,0.02,0.1041,0.1041,1464.2,28203,28203,0
NIron_SHW_01.18.2026_LS,SHW,5491,0,false,1,0.02,0.4666,0.4666,1440.8,28210,28210,0
NIron_SHW_01.18.2026_LS,SHW,5492,0,false,2,0.03,0.2844,0.2844,1051.1,28252,28253,0
NIron_SHW_01.18.2026_LS,SHW,5493,0,false,1,0.02,0.1617,0.1617,1020.5,28260,28260,0
NIron_SHW_01.18.2026_LS,SHW,5494,0,false,1,0.02,0.1203,0.1203,1410.0,28299,28299,0
NIron_SHW_01.18.2026_LS,SHW,5495,0,false,1,0.02,0.2927,0.2927,1031.4,28332,28332,0
NIron_SHW_01.18.2026_LS,SHW,5496,0,false,1,0.02,0.2854,0.2854,841.5,28350,28350,0
NIron_SHW_01.18.2026_LS,SHW,5497,0,false,1,0.02,0.1611,0.1611,810.2,28370,28370,0
NIron_SHW_01.18.2026_LS,SHW,5498,0,false,1,0.02,0.1368,0.1368,728.7,28383,28383,0
NIron_SHW_01.18.2026_LS,SHW,5499,0,false,6,0.58,0.2666,0.2989,1471.1,28384,28418,0
NIron_SHW_01.18.2026_LS,SHW,5500,0,false,1,0.02,0.1266,0.1266,974.7,28415,28415,0
NIron_SHW_01.18.2026_LS,SHW,5501,0,false,1,0.02,0.1633,0.1633,1339.7,28423,28423,0
NIron_SHW_01.18.2026_LS,SHW,5502,0,false,1,0.02,0.1315,0.1315,1881.0,28454,28454,0
NIron_SHW_01.18.2026_LS,SHW,5503,0,false,1,0.02,0.289,0.289,1456.3,28456,28456,0
NIron_SHW_01.18.2026_LS,SHW,5504,0,false,2,0.3,0.275,0.275,1691.1,28463,28480,0
NIron_SHW_01.18.2026_LS,SHW,5505,0,false,1,0.02,0.1685,0.1685,1413.4,28471,28471,0
NIron_SHW_01.18.2026_LS,SHW,5506,0,false,1,0.02,0.105,0.105,777.4,28500,28500,0
NIron_SHW_01.18.2026_LS,SHW,5507,0,false,13,1.05,0.3021,0.4629,1147.8,28617,28679,0
NIron_SHW_01.18.2026_LS,SHW,5508,0,false,2,0.02,0.1737,0.1737,1175.8,28659,28659,0
NIron_SHW_01.18.2026_LS,SHW,5509,0,false,9,0.17,0.4389,0.5589,1247.7,28665,28674,0
NIron_SHW_01.18.2026_LS,SHW,5510,0,false,1,0.02,0.2491,0.2491,1468.4,28675,28675,0
NIron_SHW_01.18.2026_LS,SHW,5511,0,duplicate,7,0.53,0.1788,0.2009,1524.6,28730,28761,1
NIron_SHW_01.18.2026_LS,SHW,5512,0,false,1,0.02,0.308,0.308,784.2,28852,28852,0
NIron_SHW_01.18.2026_LS,SHW,5513,0,false,1,0.02,0.1223,0.1223,700.7,28861,28861,0
NIron_SHW_01.18.2026_LS,SHW,5514,0,false,2,0.07,0.1277,0.1277,1083.8,29171,29174,0
NIron_SHW_01.18.2026_LS,SHW,5515,0,false,2,0.07,0.1592,0.1592,717.3,29182,29185,0
NIron_SHW_01.18.2026_LS,SHW,5516,0,false,8,0.2,0.2024,0.2539,1090.6,29245,29256,0
NIron_SHW_01.18.2026_LS,SHW,5517,0,false,1,0.02,0.1547,0.1547,809.7,29267,29267,0
NIron_SHW_01.18.2026_LS,SHW,5518,0,false,1,0.02,0.1112,0.1112,1942.8,29295,29295,0
NIron_SHW_01.18.2026_LS,SHW,5519,0,false,13,0.53,0.4385,0.5861,1307.1,29368,29399,0
NIron_SHW_01.18.2026_LS,SHW,5520,0,false,8,0.18,0.2966,0.4046,1213.5,29375,29385,0
NIron_SHW_01.18.2026_LS,SHW,5521,0,false,12,0.27,0.3368,0.5314,867.4,29608,29623,0
NIron_SHW_01.18.2026_LS,SHW,5522,0,false,4,0.07,0.5629,0.5629,945.3,29609,29612,0
NIron_SHW_01.18.2026_LS,SHW,5523,0,false,3,0.05,0.3657,0.3657,1639.3,29621,29623,0
NIron_SHW_01.18.2026_LS,SHW,5524,0,false,1,0.02,0.2429,0.2429,705.9,29650,29650,0
NIron_SHW_01.18.2026_LS,SHW,5525,0,false,2,0.03,0.2493,0.2493,1447.5,29731,29732,0
NIron_SHW_01.18.2026_LS,SHW,5526,0,false,1,0.02,0.5709,0.5709,1353.9,29805,29805,0
NIron_SHW_01.18.2026_LS,SHW,5527,0,false,4,0.13,0.2177,0.2177,1748.3,29925,29932,0
NIron_SHW_01.18.2026_LS,SHW,5528,0,false,1,0.02,0.1404,0.1404,912.6,29950,29950,0
NIron_SHW_01.18.2026_LS,SHW,5529,0,false,4,0.07,0.208,0.208,1336.2,30098,30101,0
NIron_SHW_01.18.2026_LS,SHW,5530,0,false,2,0.03,0.1718,0.1718,1670.9,30105,30106,0
NIron_SHW_01.18.2026_LS,SHW,5531,0,false,1,0.02,0.109,0.109,1726.5,30109,30109,0
NIron_SHW_01.18.2026_LS,SHW,5532,0,false,2,0.13,0.1819,0.1819,1027.1,30165,30172,0
NIron_SHW_01.18.2026_LS,SHW,5533,0,false,5,0.42,0.2498,0.2498,1565.1,30212,30236,0
NIron_SHW_01.18.2026_LS,SHW,5534,0,false,1,0.02,0.1042,0.1042,1340.4,30231,30231,0
NIron_SHW_01.18.2026_LS,SHW,5535,0,false,1,0.02,0.1748,0.1748,2416.6,30239,30239,0
NIron_SHW_01.18.2026_LS,SHW,5536,0,false,2,0.18,0.1573,0.1573,931.4,30261,30271,0
NIron_SHW_01.18.2026_LS,SHW,5537,0,false,1,0.02,0.257,0.257,1692.7,30503,30503,0
NIron_SHW_01.18.2026_LS,SHW,5538,0,false,1,0.02,0.1062,0.1062,1786.3,30581,30581,0
NIron_SHW_01.18.2026_LS,SHW,5539,0,false,1,0.02,0.1039,0.1039,2302.1,30630,30630,0
NIron_SHW_01.18.2026_LS,SHW,5540,0,false,1,0.02,0.1806,0.1806,1265.9,30651,30651,0
NIron_SHW_01.18.2026_LS,SHW,5541,0,false,2,0.03,0.26,0.26,1667.3,30690,30691,0
NIron_SHW_01.18.2026_LS,SHW,5542,0,false,1,0.02,0.162,0.162,740.9,30721,30721,0
NIron_SHW_01.18.2026_LS,SHW,5543,0,false,1,0.02,0.1531,0.1531,1437.5,30842,30842,0
NIron_SHW_01.18.2026_LS,SHW,5544,0,false,1,0.02,0.1605,0.1605,893.3,30855,30855,0
NIron_SHW_01.18.2026_LS,SHW,5545,0,false,1,0.02,0.1383,0.1383,730.9,30949,30949,0
NIron_SHW_01.18.2026_LS,SHW,5546,0,false,1,0.02,0.1479,0.1479,1460.7,30960,30960,0
NIron_SHW_01.18.2026_LS,SHW,5547,0,false,1,0.02,0.1576,0.1576,895.8,30980,30980,0
NIron_SHW_01.18.2026_LS,SHW,5548,0,false,3,0.05,0.245,0.245,1426.9,30992,30994,0
NIron_SHW_01.18.2026_LS,SHW,5549,0,false,1,0.02,0.3193,0.3193,1915.0,31080,31080,0
NIron_SHW_01.18.2026_LS,SHW,5550,0,false,1,0.02,0.1617,0.1617,1799.6,31092,31092,0
NIron_SHW_01.18.2026_LS,SHW,5551,0,false,1,0.02,0.7446,0.7446,1739.3,31127,31127,0
NIron_SHW_01.18.2026_LS,SHW,5552,0,false,1,0.02,0.2177,0.2177,583.3,31134,31134,0
NIron_SHW_01.18.2026_LS,SHW,5553,0,false,7,1.02,0.2286,0.256,1388.1,31182,31242,0
NIron_SHW_01.18.2026_LS,SHW,5554,0,false,3,0.13,0.2291,0.2291,1124.4,31199,31206,0
NIron_SHW_01.18.2026_LS,SHW,5555,0,false,1,0.02,0.1227,0.1227,1831.0,31256,31256,0
NIron_SHW_01.18.2026_LS,SHW,5556,0,false,9,0.37,0.21,0.2781,1188.5,31287,31308,0
NIron_SHW_01.18.2026_LS,SHW,5557,0,false,1,0.02,0.1271,0.1271,2204.0,31301,31301,0
NIron_SHW_01.18.2026_LS,SHW,5558,0,false,1,0.02,0.2928,0.2928,1379.5,31314,31314,0
NIron_SHW_01.18.2026_LS,SHW,5559,0,false,1,0.02,0.1907,0.1907,1711.0,31371,31371,0
NIron_SHW_01.18.2026_LS,SHW,5560,0,false,1,0.02,0.1918,0.1918,552.2,31392,31392,0
NIron_SHW_01.18.2026_LS,SHW,5561,0,false,6,0.27,0.2979,0.3176,1925.3,31434,31449,0
NIron_SHW_01.18.2026_LS,SHW,5562,0,false,2,0.07,0.2566,0.2566,1233.2,31440,31443,0
NIron_SHW_01.18.2026_LS,SHW,5563,0,false,1,0.02,0.1568,0.1568,2193.5,31539,31539,0
NIron_SHW_01.18.2026_LS,SHW,5564,0,false,1,0.02,0.2915,0.2915,855.5,31557,31557,0
NIron_SHW_01.18.2026_LS,SHW,5565,0,false,11,0.43,0.2713,0.362,2025.5,31589,31614,0
NIron_SHW_01.18.2026_LS,SHW,5566,0,false,5,0.17,0.2364,0.2364,1669.5,31639,31648,0
NIron_SHW_01.18.2026_LS,SHW,5567,0,false,2,0.37,0.2415,0.2415,1755.2,31654,31675,0
NIron_SHW_01.18.2026_LS,SHW,5568,0,false,1,0.02,0.1075,0.1075,592.9,31683,31683,0
NIron_SHW_01.18.2026_LS,SHW,5569,0,false,1,0.02,0.1994,0.1994,1285.5,31687,31687,0
NIron_SHW_01.18.2026_LS,SHW,5570,0,false,4,0.12,0.374,0.374,974.6,31709,31715,0
NIron_SHW_01.18.2026_LS,SHW,5571,0,false,1,0.02,0.1777,0.1777,2139.7,31709,31709,0
NIron_SHW_01.18.2026_LS,SHW,5572,0,false,1,0.02,0.1021,0.1021,792.2,31740,31740,0
NIron_SHW_01.18.2026_LS,SHW,5573,0,false,1,0.02,0.121,0.121,625.1,31749,31749,0
NIron_SHW_01.18.2026_LS,SHW,5574,0,false,1,0.02,0.2083,0.2083,918.6,31766,31766,0
NIron_SHW_01.18.2026_LS,SHW,5575,0,false,1,0.02,0.1747,0.1747,1870.6,31812,31812,0
NIron_SHW_01.18.2026_LS,SHW,5576,0,false,3,0.28,0.1935,0.1935,1141.5,31829,31845,0
NIron_SHW_01.18.2026_LS,SHW,5577,0,false,1,0.02,0.3789,0.3789,1983.8,32190,32190,0
NIron_SHW_01.18.2026_LS,SHW,5578,0,false,1,0.02,0.161,0.161,1214.4,32251,32251,0
NIron_SHW_01.18.2026_LS,SHW,5579,0,false,7,0.2,0.279,0.3409,2126.8,32253,32264,0
NIron_SHW_01.18.2026_LS,SHW,5580,0,false,1,0.02,0.1364,0.1364,1942.2,32364,32364,0
NIron_SHW_01.18.2026_LS,SHW,5581,0,false,2,0.15,0.1753,0.1753,548.4,32404,32412,0
NIron_SHW_01.18.2026_LS,SHW,5582,0,false,1,0.02,0.3236,0.3236,725.2,32413,32413,0
NIron_SHW_01.18.2026_LS,SHW,5583,0,false,3,0.05,0.1406,0.1406,808.9,32422,32424,0
NIron_SHW_01.18.2026_LS,SHW,5584,0,false,2,0.03,0.2331,0.2331,746.1,32432,32433,0
NIron_SHW_01.18.2026_LS,SHW,5585,0,false,31,1.08,0.3111,0.4991,915.0,32444,32508,0
NIron_SHW_01.18.2026_LS,SHW,5586,0,false,5,0.27,0.1587,0.1587,849.7,32459,32474,0
NIron_SHW_01.18.2026_LS,SHW,5587,0,false,6,0.47,0.334,0.3745,971.3,32464,32491,0
NIron_SHW_01.18.2026_LS,SHW,5588,0,false,2,0.27,0.2562,0.2562,1181.7,32477,32492,0
NIron_SHW_01.18.2026_LS,SHW,5589,0,false,2,0.07,0.2321,0.2321,996.0,32504,32507,0
NIron_SHW_01.18.2026_LS,SHW,5590,0,false,1,0.02,0.1302,0.1302,1207.6,32514,32514,0
NIron_SHW_01.18.2026_LS,SHW,5591,0,false,1,0.02,0.3423,0.3423,863.2,32530,32530,0
NIron_SHW_01.18.2026_LS,SHW,5592,0,false,2,0.03,0.3888,0.3888,1736.0,32569,32570,0
NIron_SHW_01.18.2026_LS,SHW,5593,0,false,1,0.02,0.3169,0.3169,1129.2,32649,32649,0
NIron_SHW_01.18.2026_LS,SHW,5594,0,false,1,0.02,0.1856,0.1856,2229.1,32753,32753,0
NIron_SHW_01.18.2026_LS,SHW,5595,0,false,32,0.98,0.3303,0.6049,1337.0,32790,32848,0
NIron_SHW_01.18.2026_LS,SHW,5596,0,false,1,0.02,0.253,0.253,1049.2,32818,32818,0
NIron_SHW_01.18.2026_LS,SHW,5597,0,false,11,0.77,0.2106,0.2925,1244.8,32859,32904,0
NIron_SHW_01.18.2026_LS,SHW,5598,0,false,1,0.02,0.1579,0.1579,1066.1,32860,32860,0
NIron_SHW_01.18.2026_LS,SHW,5599,0,false,5,0.08,0.3572,0.3572,1954.2,32890,32894,0
NIron_SHW_01.18.2026_LS,SHW,5600,0,false,1,0.02,0.3598,0.3598,1021.9,32905,32905,0
NIron_SHW_01.18.2026_LS,SHW,5601,0,false,3,0.07,0.1778,0.1778,1103.3,32928,32931,0
NIron_SHW_01.18.2026_LS,SHW,5602,0,false,4,0.15,0.2422,0.2422,858.3,32937,32945,0
NIron_SHW_01.18.2026_LS,SHW,5603,0,false,62,3.15,0.227,0.4661,1434.3,32991,33179,0
NIron_SHW_01.18.2026_LS,SHW,5604,0,false,1,0.02,0.1335,0.1335,1894.7,33012,33012,0
NIron_SHW_01.18.2026_LS,SHW,5605,0,false,2,0.03,0.1732,0.1732,2160.5,33026,33027,0
NIron_SHW_01.18.2026_LS,SHW,5606,0,false,2,0.03,0.4958,0.4958,1641.5,33030,33031,0
NIron_SHW_01.18.2026_LS,SHW,5607,0,false,1,0.02,0.2303,0.2303,1523.3,33060,33060,0
NIron_SHW_01.18.2026_LS,SHW,5608,0,false,4,0.55,0.2463,0.2463,2300.8,33072,33104,0
NIron_SHW_01.18.2026_LS,SHW,5609,0,false,14,1.05,0.2531,0.3649,2027.6,33089,33151,0
NIron_SHW_01.18.2026_LS,SHW,5610,0,false,2,0.03,0.2514,0.2514,1593.7,33249,33250,0
NIron_SHW_01.18.2026_LS,SHW,5611,0,false,2,0.03,0.2083,0.2083,1981.4,33288,33289,0
NIron_SHW_01.18.2026_LS,SHW,5612,0,false,1,0.02,0.141,0.141,1202.4,33289,33289,0
NIron_SHW_01.18.2026_LS,SHW,5613,0,false,1,0.02,0.113,0.113,790.2,33306,33306,0
NIron_SHW_01.18.2026_LS,SHW,5614,0,false,4,0.07,0.1945,0.1945,919.3,33311,33314,0
NIron_SHW_01.18.2026_LS,SHW,5615,0,false,1,0.02,0.2586,0.2586,664.8,33330,33330,0
NIron_SHW_01.18.2026_LS,SHW,5616,0,false,7,0.68,0.1698,0.1922,1422.2,33361,33401,0
NIron_SHW_01.18.2026_LS,SHW,5617,0,false,2,0.03,0.1254,0.1254,2290.2,33522,33523,0
NIron_SHW_01.18.2026_LS,SHW,5618,0,false,1,0.02,0.1274,0.1274,772.6,33725,33725,0
NIron_SHW_01.18.2026_LS,SHW,5619,0,false,2,0.03,0.246,0.246,1304.6,34078,34079,0
NIron_SHW_01.18.2026_LS,SHW,5620,0,false,2,0.03,0.1648,0.1648,1533.0,34227,34228,0
NIron_SHW_01.18.2026_LS,SHW,5621,0,false,2,0.03,0.3595,0.3595,1410.9,34240,34241,0
NIron_SHW_01.18.2026_LS,SHW,5622,0,false,6,0.32,0.2613,0.2885,2390.2,34286,34304,0
NIron_SHW_01.18.2026_LS,SHW,5623,0,false,2,0.2,0.2384,0.2384,1582.6,34288,34299,0
NIron_SHW_01.18.2026_LS,SHW,5624,0,false,1,0.02,0.1033,0.1033,1530.9,34378,34378,0
NIron_SHW_01.18.2026_LS,SHW,5625,0,false,1,0.02,0.3277,0.3277,1755.3,34383,34383,0
NIron_SHW_01.18.2026_LS,SHW,5626,0,false,1,0.02,0.1004,0.1004,352.7,34407,34407,0
NIron_SHW_01.18.2026_LS,SHW,5627,0,false,5,0.08,0.2812,0.2812,2543.5,34446,34450,0
NIron_SHW_01.18.2026_LS,SHW,5628,0,false,6,0.52,0.4708,0.5424,2739.4,34468,34498,0
NIron_SHW_01.18.2026_LS,SHW,5629,0,false,1,0.02,0.1487,0.1487,1288.3,34655,34655,0
NIron_SHW_01.18.2026_LS,SHW,5630,0,false,1,0.02,0.1078,0.1078,1815.9,34738,34738,0
NIron_SHW_01.18.2026_LS,SHW,5631,0,false,1,0.02,0.3491,0.3491,1412.4,34940,34940,0
NIron_SHW_01.18.2026_LS,SHW,5632,0,false,1,0.02,0.1911,0.1911,1787.2,35029,35029,0
NIron_SHW_01.18.2026_LS,SHW,5633,0,false,2,0.03,0.3547,0.3547,1432.1,35421,35422,0
NIron_SHW_01.18.2026_LS,SHW,5634,0,false,4,0.48,0.2624,0.2624,2270.1,35523,35551,0
NIron_SHW_01.18.2026_LS,SHW,5635,0,false,1,0.02,0.1384,0.1384,615.7,35646,35646,0
NMarseillesRd_MAS_12.22.25_LS_V1,MAS,545,0,false,3,0.05,0.6556,0.6556,1715.6,563,565,0
NMarseillesRd_MAS_12.22.25_LS_V1,MAS,547,0,false,1,0.02,0.4757,0.4757,1595.2,801,801,0
NMarseillesRd_MAS_12.22.25_LS_V1,MAS,555,1,primary,12,0.23,0.5576,0.6726,1887.1,1224,1237,11
NMarseillesRd_MAS_12.22.25_LS_V1,MAS,561,0,false,1,0.02,0.4755,0.4755,484.4,2244,2244,0
NMarseillesRd_MAS_12.22.25_LS_V1,MAS,587,0,false,18,0.42,0.3361,0.4566,1234.1,7740,7764,0
NMarseillesRd_MAS_12.22.25_LS_V1,MAS,613,0,false,40,0.8,0.6885,0.7674,2431.2,10044,10091,0
NMarseillesRd_MAS_12.22.25_LS_V1,MAS,615,0,false,3,0.1,0.4493,0.4493,1667.8,10094,10099,0
NMarseillesRd_MAS_12.22.25_LS_V1,MAS,617,0,false,6,0.1,0.5713,0.5938,1774.5,10113,10118,0
NMarseillesRd_MAS_12.22.25_LS_V1,MAS,623,1,primary,76,1.38,0.6496,0.7443,1818.0,10555,10637,39
NMarseillesRd_MAS_12.22.25_LS_V1,MAS,629,1,primary,41,0.68,0.6949,0.7672,1553.5,10818,10858,34
NMarseillesRd_MAS_12.22.25_LS_V1,MAS,638,0,false,10,0.2,0.5367,0.5973,1763.0,12826,12837,0
NMarseillesRd_MAS_12.22.25_LS_V1,MAS,644,1,primary,12,0.38,0.4824,0.5816,992.0,12873,12895,1
NMarseillesRd_MAS_12.22.25_LS_V1,MAS,649,1,primary,23,0.38,0.7101,0.7713,2551.6,12999,13021,12
NMarseillesRd_MAS_12.22.25_LS_V1,MAS,653,1,primary,54,0.9,0.7166,0.7577,1611.8,13860,13913,43
NMarseillesRd_MAS_12.22.25_LS_V1,MAS,659,0,false,3,0.05,0.4655,0.4655,1127.6,14100,14102,0
NMarseillesRd_MAS_12.22.25_LS_V1,MAS,676,0,false,1,0.02,0.4577,0.4577,641.3,15114,15114,0
NMarseillesRd_MAS_12.22.25_LS_V1,MAS,1676,0,false,2,0.1,0.1327,0.1327,1435.9,88,93,0
NMarseillesRd_MAS_12.22.25_LS_V1,MAS,1677,0,false,1,0.02,0.1508,0.1508,723.9,393,393,0
NMarseillesRd_MAS_12.22.25_LS_V1,MAS,1678,0,false,1,0.02,0.2291,0.2291,1155.2,405,405,0
NMarseillesRd_MAS_12.22.25_LS_V1,MAS,1679,0,false,2,0.03,0.1771,0.1771,1629.6,561,562,0
NMarseillesRd_MAS_12.22.25_LS_V1,MAS,1680,0,false,1,0.02,0.1094,0.1094,2570.0,671,671,0
NMarseillesRd_MAS_12.22.25_LS_V1,MAS,1681,0,false,3,0.13,0.3568,0.3568,2441.0,797,804,0
NMarseillesRd_MAS_12.22.25_LS_V1,MAS,1682,0,false,1,0.02,0.1174,0.1174,899.2,850,850,0
NMarseillesRd_MAS_12.22.25_LS_V1,MAS,1683,0,false,2,0.03,0.2079,0.2079,999.8,933,934,0
NMarseillesRd_MAS_12.22.25_LS_V1,MAS,1684,0,false,7,0.2,0.2145,0.2424,1534.3,1199,1210,0
NMarseillesRd_MAS_12.22.25_LS_V1,MAS,1685,0,duplicate,3,0.27,0.3484,0.3484,1846.7,1223,1238,1
NMarseillesRd_MAS_12.22.25_LS_V1,MAS,1686,0,duplicate,1,0.02,0.1571,0.1571,1945.5,1238,1238,1
NMarseillesRd_MAS_12.22.25_LS_V1,MAS,1687,0,false,2,0.03,0.1443,0.1443,1329.7,1571,1572,0
NMarseillesRd_MAS_12.22.25_LS_V1,MAS,1688,0,false,1,0.02,0.104,0.104,1196.8,2200,2200,0
NMarseillesRd_MAS_12.22.25_LS_V1,MAS,1689,0,false,4,0.18,0.218,0.218,497.3,2242,2252,0
NMarseillesRd_MAS_12.22.25_LS_V1,MAS,1690,0,false,1,0.02,0.1381,0.1381,2336.4,3778,3778,0
NMarseillesRd_MAS_12.22.25_LS_V1,MAS,1691,0,false,1,0.02,0.1031,0.1031,1115.4,4124,4124,0
NMarseillesRd_MAS_12.22.25_LS_V1,MAS,1692,0,false,1,0.02,0.2078,0.2078,1091.6,4239,4239,0
NMarseillesRd_MAS_12.22.25_LS_V1,MAS,1693,0,false,1,0.02,0.1164,0.1164,1281.5,4612,4612,0
NMarseillesRd_MAS_12.22.25_LS_V1,MAS,1694,0,false,1,0.02,0.1262,0.1262,2311.7,5163,5163,0
NMarseillesRd_MAS_12.22.25_LS_V1,MAS,1695,0,false,1,0.02,0.1374,0.1374,1040.5,5166,5166,0
NMarseillesRd_MAS_12.22.25_LS_V1,MAS,1696,0,false,1,0.02,0.1567,0.1567,2552.3,5234,5234,0
NMarseillesRd_MAS_12.22.25_LS_V1,MAS,1697,0,false,1,0.02,0.2239,0.2239,793.3,5757,5757,0
NMarseillesRd_MAS_12.22.25_LS_V1,MAS,1698,0,false,1,0.02,0.1026,0.1026,410.6,5897,5897,0
NMarseillesRd_MAS_12.22.25_LS_V1,MAS,1699,0,false,1,0.02,0.1292,0.1292,523.0,6121,6121,0
NMarseillesRd_MAS_12.22.25_LS_V1,MAS,1700,0,false,1,0.02,0.1006,0.1006,833.6,6138,6138,0
NMarseillesRd_MAS_12.22.25_LS_V1,MAS,1701,0,false,7,0.12,0.1807,0.2089,2611.0,6169,6175,0
NMarseillesRd_MAS_12.22.25_LS_V1,MAS,1702,0,false,1,0.02,0.1089,0.1089,996.4,7433,7433,0
NMarseillesRd_MAS_12.22.25_LS_V1,MAS,1703,0,false,1,0.02,0.1751,0.1751,1036.2,7447,7447,0
NMarseillesRd_MAS_12.22.25_LS_V1,MAS,1704,0,false,1,0.02,0.1126,0.1126,935.2,7560,7560,0
NMarseillesRd_MAS_12.22.25_LS_V1,MAS,1705,0,false,17,0.48,0.1994,0.3023,1223.6,7652,7680,0
NMarseillesRd_MAS_12.22.25_LS_V1,MAS,1706,0,false,5,0.42,0.1499,0.1499,879.0,7711,7735,0
NMarseillesRd_MAS_12.22.25_LS_V1,MAS,1707,0,false,31,1.02,0.194,0.3236,963.1,7733,7793,0
NMarseillesRd_MAS_12.22.25_LS_V1,MAS,1708,0,false,3,0.25,0.1916,0.1916,1506.7,7758,7772,0
NMarseillesRd_MAS_12.22.25_LS_V1,MAS,1709,0,false,1,0.02,0.1132,0.1132,1635.0,7850,7850,0
NMarseillesRd_MAS_12.22.25_LS_V1,MAS,1710,0,false,1,0.02,0.1633,0.1633,1895.6,7915,7915,0
NMarseillesRd_MAS_12.22.25_LS_V1,MAS,1711,0,false,3,0.28,0.1165,0.1165,2774.5,8194,8210,0
NMarseillesRd_MAS_12.22.25_LS_V1,MAS,1712,0,false,1,0.02,0.103,0.103,620.0,8226,8226,0
NMarseillesRd_MAS_12.22.25_LS_V1,MAS,1713,0,false,1,0.02,0.1089,0.1089,779.7,8618,8618,0
NMarseillesRd_MAS_12.22.25_LS_V1,MAS,1714,0,false,1,0.02,0.222,0.222,1809.3,8841,8841,0
NMarseillesRd_MAS_12.22.25_LS_V1,MAS,1715,0,false,3,0.28,0.1084,0.1084,1105.6,9696,9712,0
NMarseillesRd_MAS_12.22.25_LS_V1,MAS,1716,0,false,1,0.02,0.2882,0.2882,3790.4,9835,9835,0
NMarseillesRd_MAS_12.22.25_LS_V1,MAS,1717,0,false,1,0.02,0.1752,0.1752,1915.6,10024,10024,0
NMarseillesRd_MAS_12.22.25_LS_V1,MAS,1718,0,false,3,0.1,0.3363,0.3363,1544.5,10038,10043,0
NMarseillesRd_MAS_12.22.25_LS_V1,MAS,1719,0,false,8,0.65,0.2688,0.357,1858.5,10089,10127,0
NMarseillesRd_MAS_12.22.25_LS_V1,MAS,1720,0,false,3,0.05,0.1326,0.1326,1669.9,10222,10224,0
NMarseillesRd_MAS_12.22.25_LS_V1,MAS,1721,0,false,1,0.02,0.1801,0.1801,1765.3,10365,10365,0
NMarseillesRd_MAS_12.22.25_LS_V1,MAS,1722,0,false,4,0.23,0.1431,0.1431,950.1,10534,10547,0
NMarseillesRd_MAS_12.22.25_LS_V1,MAS,1723,0,false,1,0.02,0.292,0.292,1164.4,10554,10554,0
NMarseillesRd_MAS_12.22.25_LS_V1,MAS,1724,0,duplicate,3,0.1,0.1919,0.1919,1885.6,10610,10615,3
NMarseillesRd_MAS_12.22.25_LS_V1,MAS,1725,0,false,1,0.02,0.1218,0.1218,1296.4,10684,10684,0
NMarseillesRd_MAS_12.22.25_LS_V1,MAS,1726,0,false,2,0.03,0.2388,0.2388,876.9,10816,10817,0
NMarseillesRd_MAS_12.22.25_LS_V1,MAS,1727,0,false,2,0.03,0.3299,0.3299,1479.7,10859,10860,0
NMarseillesRd_MAS_12.22.25_LS_V1,MAS,1728,0,false,1,0.02,0.1225,0.1225,2322.1,10866,10866,0
NMarseillesRd_MAS_12.22.25_LS_V1,MAS,1729,0,false,1,0.02,0.1263,0.1263,660.3,10987,10987,0
NMarseillesRd_MAS_12.22.25_LS_V1,MAS,1730,0,false,2,0.03,0.2872,0.2872,534.7,11453,11454,0
NMarseillesRd_MAS_12.22.25_LS_V1,MAS,1731,0,false,2,0.07,0.1865,0.1865,1164.3,11471,11474,0
NMarseillesRd_MAS_12.22.25_LS_V1,MAS,1732,0,false,1,0.02,0.1356,0.1356,1287.4,11538,11538,0
NMarseillesRd_MAS_12.22.25_LS_V1,MAS,1733,0,false,1,0.02,0.1186,0.1186,839.9,11655,11655,0
NMarseillesRd_MAS_12.22.25_LS_V1,MAS,1734,0,false,1,0.02,0.3172,0.3172,2204.7,12656,12656,0
NMarseillesRd_MAS_12.22.25_LS_V1,MAS,1735,0,false,1,0.02,0.1102,0.1102,2088.1,12664,12664,0
NMarseillesRd_MAS_12.22.25_LS_V1,MAS,1736,0,duplicate,13,1.32,0.2448,0.3692,1208.3,12824,12902,1
NMarseillesRd_MAS_12.22.25_LS_V1,MAS,1737,0,false,1,0.02,0.6048,0.6048,1487.8,12998,12998,0
NMarseillesRd_MAS_12.22.25_LS_V1,MAS,1738,0,false,2,0.05,0.1641,0.1641,945.2,13023,13025,0
NMarseillesRd_MAS_12.22.25_LS_V1,MAS,1739,0,false,1,0.02,0.1038,0.1038,842.2,13044,13044,0
NMarseillesRd_MAS_12.22.25_LS_V1,MAS,1740,0,false,1,0.02,0.1558,0.1558,1037.0,13075,13075,0
NMarseillesRd_MAS_12.22.25_LS_V1,MAS,1741,0,false,2,0.05,0.1137,0.1137,1543.0,13425,13427,0
NMarseillesRd_MAS_12.22.25_LS_V1,MAS,1742,0,false,4,0.22,0.2533,0.2533,1535.7,13847,13859,0
NMarseillesRd_MAS_12.22.25_LS_V1,MAS,1743,0,false,1,0.02,0.6787,0.6787,1567.8,13914,13914,0
NMarseillesRd_MAS_12.22.25_LS_V1,MAS,1744,0,false,1,0.02,0.1079,0.1079,860.8,13950,13950,0
NMarseillesRd_MAS_12.22.25_LS_V1,MAS,1745,0,false,11,0.25,0.2249,0.3231,1149.4,14097,14111,0
NMarseillesRd_MAS_12.22.25_LS_V1,MAS,1746,0,false,1,0.02,0.1765,0.1765,1130.7,14099,14099,0
NMarseillesRd_MAS_12.22.25_LS_V1,MAS,1747,0,false,5,0.07,0.1605,0.1605,1821.9,14470,14473,0
NMarseillesRd_MAS_12.22.25_LS_V1,MAS,1748,0,false,2,0.03,0.1421,0.1421,2058.4,14602,14603,0
NMarseillesRd_MAS_12.22.25_LS_V1,MAS,1749,0,false,1,0.02,0.1334,0.1334,2542.4,14646,14646,0
NMarseillesRd_MAS_12.22.25_LS_V1,MAS,1750,0,false,1,0.02,0.2801,0.2801,1322.4,14824,14824,0
NMarseillesRd_MAS_12.22.25_LS_V1,MAS,1751,0,false,1,0.02,0.1328,0.1328,1819.1,15050,15050,0
NMarseillesRd_MAS_12.22.25_LS_V1,MAS,1752,1,primary,20,0.45,0.416,0.6454,1047.5,15106,15132,9
NMarseillesRd_MAS_12.22.25_LS_V1,MAS,1753,0,false,1,0.02,0.1551,0.1551,1826.0,15117,15117,0
NMarseillesRd_MAS_12.22.25_LS_V1,MAS,1754,0,false,1,0.02,0.23,0.23,676.5,15134,15134,0
NMarseillesRd_MAS_12.22.25_LS_V1,MAS,1755,0,false,1,0.02,0.1085,0.1085,1332.7,15300,15300,0
NMarseillesRd_MAS_12.22.25_LS_V1,MAS,1756,0,false,1,0.02,0.2388,0.2388,1060.1,15311,15311,0
NMarseillesRd_MAS_12.22.25_LS_V1,MAS,1757,0,false,1,0.02,0.1071,0.1071,1525.0,15363,15363,0
NMarseillesRd_MAS_12.22.25_LS_V1,MAS,1758,0,false,1,0.02,0.1734,0.1734,1869.4,15412,15412,0
NMarseillesRd_MAS_12.22.25_LS_V1,MAS,1759,0,false,1,0.02,0.1433,0.1433,1457.1,15707,15707,0
NMarseillesRd_MAS_12.22.25_LS_V1,MAS,1760,0,false,1,0.02,0.1333,0.1333,1279.4,15898,15898,0
NMarseillesRd_MAS_12.22.25_LS_V1,MAS,1761,0,false,1,0.02,0.1441,0.1441,2453.9,16101,16101,0
NMarseilles_MAS_12.22.25_LS_V2,MAS,792,1,primary,30,0.62,0.6264,0.7235,3284.7,5999,6035,30
NMarseilles_MAS_12.22.25_LS_V2,MAS,806,0,false,3,0.05,0.3762,0.3762,2427.4,7095,7097,0
NMarseilles_MAS_12.22.25_LS_V2,MAS,807,0,false,1,0.02,0.4635,0.4635,853.2,7097,7097,0
NMarseilles_MAS_12.22.25_LS_V2,MAS,823,0,duplicate,1,0.02,0.5091,0.5091,2313.9,7858,7858,1
NMarseilles_MAS_12.22.25_LS_V2,MAS,826,0,duplicate,4,0.07,0.4761,0.4761,2390.6,7863,7866,4
NMarseilles_MAS_12.22.25_LS_V2,MAS,835,0,false,11,0.22,0.4773,0.5944,1355.8,7978,7990,0
NMarseilles_MAS_12.22.25_LS_V2,MAS,842,0,false,4,0.08,0.5279,0.5279,779.8,8004,8008,0
NMarseilles_MAS_12.22.25_LS_V2,MAS,1842,0,false,1,0.02,0.1784,0.1784,581.1,5,5,0
NMarseilles_MAS_12.22.25_LS_V2,MAS,1843,0,false,24,1.05,0.19,0.2758,971.0,14,76,0
NMarseilles_MAS_12.22.25_LS_V2,MAS,1844,0,false,2,0.03,0.1713,0.1713,1003.2,70,71,0
NMarseilles_MAS_12.22.25_LS_V2,MAS,1845,0,false,1,0.02,0.2207,0.2207,770.1,87,87,0
NMarseilles_MAS_12.22.25_LS_V2,MAS,1846,0,false,6,0.18,0.1714,0.1845,1492.5,157,167,0
NMarseilles_MAS_12.22.25_LS_V2,MAS,1847,0,false,1,0.02,0.133,0.133,1531.2,374,374,0
NMarseilles_MAS_12.22.25_LS_V2,MAS,1848,0,false,4,0.08,0.1428,0.1428,792.9,929,933,0
NMarseilles_MAS_12.22.25_LS_V2,MAS,1849,0,false,1,0.02,0.169,0.169,953.3,1159,1159,0
NMarseilles_MAS_12.22.25_LS_V2,MAS,1850,0,false,1,0.02,0.104,0.104,8004.0,1795,1795,0
NMarseilles_MAS_12.22.25_LS_V2,MAS,1851,0,false,1,0.02,0.1925,0.1925,4199.7,2108,2108,0
NMarseilles_MAS_12.22.25_LS_V2,MAS,1852,0,false,3,0.05,0.3615,0.3615,1867.6,2321,2323,0
NMarseilles_MAS_12.22.25_LS_V2,MAS,1853,0,false,1,0.02,0.1462,0.1462,2915.3,2345,2345,0
NMarseilles_MAS_12.22.25_LS_V2,MAS,1854,0,false,5,0.2,0.2348,0.2348,3286.6,2388,2399,0
NMarseilles_MAS_12.22.25_LS_V2,MAS,1855,0,false,1,0.02,0.2182,0.2182,2980.4,2409,2409,0
NMarseilles_MAS_12.22.25_LS_V2,MAS,1856,0,false,1,0.02,0.2135,0.2135,1973.5,2827,2827,0
NMarseilles_MAS_12.22.25_LS_V2,MAS,1857,0,false,1,0.02,0.1132,0.1132,434.6,3340,3340,0
NMarseilles_MAS_12.22.25_LS_V2,MAS,1858,0,false,3,0.05,0.2462,0.2462,1113.5,4558,4560,0
NMarseilles_MAS_12.22.25_LS_V2,MAS,1859,0,false,6,0.1,0.1677,0.1799,1222.6,4567,4572,0
NMarseilles_MAS_12.22.25_LS_V2,MAS,1860,1,primary,5,0.17,0.2647,0.2647,2437.7,4824,4833,5
NMarseilles_MAS_12.22.25_LS_V2,MAS,1861,0,duplicate,4,0.22,0.3419,0.3419,2542.2,4847,4859,3
NMarseilles_MAS_12.22.25_LS_V2,MAS,1862,0,false,1,0.02,0.3617,0.3617,2182.3,5393,5393,0
NMarseilles_MAS_12.22.25_LS_V2,MAS,1863,0,false,2,0.03,0.1483,0.1483,2363.7,5482,5483,0
NMarseilles_MAS_12.22.25_LS_V2,MAS,1864,0,false,5,0.17,0.1945,0.1945,2159.0,5742,5751,0
NMarseilles_MAS_12.22.25_LS_V2,MAS,1865,0,false,1,0.02,0.1064,0.1064,2788.9,5849,5849,0
NMarseilles_MAS_12.22.25_LS_V2,MAS,1866,0,duplicate,6,0.45,0.271,0.305,3175.8,5981,6007,5
NMarseilles_MAS_12.22.25_LS_V2,MAS,1867,0,duplicate,4,0.1,0.2458,0.2458,3019.3,5982,5987,1
NMarseilles_MAS_12.22.25_LS_V2,MAS,1868,0,duplicate,3,0.1,0.2213,0.2213,3125.2,6034,6039,2
NMarseilles_MAS_12.22.25_LS_V2,MAS,1869,0,false,1,0.02,0.1839,0.1839,3987.1,6237,6237,0
NMarseilles_MAS_12.22.25_LS_V2,MAS,1870,0,false,1,0.02,0.1163,0.1163,3054.7,6280,6280,0
NMarseilles_MAS_12.22.25_LS_V2,MAS,1871,0,false,1,0.02,0.2827,0.2827,3413.4,6369,6369,0
NMarseilles_MAS_12.22.25_LS_V2,MAS,1872,0,false,1,0.02,0.2308,0.2308,2599.8,6392,6392,0
NMarseilles_MAS_12.22.25_LS_V2,MAS,1873,0,false,1,0.02,0.1235,0.1235,2853.2,6555,6555,0
NMarseilles_MAS_12.22.25_LS_V2,MAS,1874,0,false,1,0.02,0.1775,0.1775,4565.9,6748,6748,0
NMarseilles_MAS_12.22.25_LS_V2,MAS,1875,0,false,1,0.02,0.1354,0.1354,10806.7,6801,6801,0
NMarseilles_MAS_12.22.25_LS_V2,MAS,1876,0,false,11,0.45,0.1888,0.2491,2011.8,7082,7108,0
NMarseilles_MAS_12.22.25_LS_V2,MAS,1877,0,false,3,0.33,0.1779,0.1779,1045.0,7093,7112,0
NMarseilles_MAS_12.22.25_LS_V2,MAS,1878,0,false,1,0.02,0.1027,0.1027,1227.3,7170,7170,0
NMarseilles_MAS_12.22.25_LS_V2,MAS,1879,0,false,2,0.02,0.1954,0.1954,928.9,7181,7181,0
NMarseilles_MAS_12.22.25_LS_V2,MAS,1880,0,false,1,0.02,0.3024,0.3024,1089.7,7182,7182,0
NMarseilles_MAS_12.22.25_LS_V2,MAS,1881,0,false,2,0.13,0.1605,0.1605,862.4,7188,7195,0
NMarseilles_MAS_12.22.25_LS_V2,MAS,1882,0,false,11,0.32,0.1379,0.1602,2449.5,7308,7326,0
NMarseilles_MAS_12.22.25_LS_V2,MAS,1883,0,false,1,0.02,0.172,0.172,3545.3,7327,7327,0
NMarseilles_MAS_12.22.25_LS_V2,MAS,1884,0,false,1,0.02,0.3136,0.3136,1322.3,7543,7543,0
NMarseilles_MAS_12.22.25_LS_V2,MAS,1885,0,false,1,0.02,0.1304,0.1304,2206.5,7584,7584,0
NMarseilles_MAS_12.22.25_LS_V2,MAS,1886,0,false,2,0.03,0.2064,0.2064,2591.7,7650,7651,0
NMarseilles_MAS_12.22.25_LS_V2,MAS,1887,0,false,2,0.07,0.2917,0.2917,1028.1,7690,7693,0
NMarseilles_MAS_12.22.25_LS_V2,MAS,1888,1,primary,7,0.22,0.2723,0.3116,2221.6,7856,7868,6
NMarseilles_MAS_12.22.25_LS_V2,MAS,1889,0,false,5,0.72,0.2361,0.2361,998.3,7968,8010,0
NMarseilles_MAS_12.22.25_LS_V2,MAS,1890,0,false,8,0.33,0.2781,0.3233,1429.4,7970,7989,0
NMarseilles_MAS_12.22.25_LS_V2,MAS,1891,0,false,3,0.08,0.3383,0.3383,824.1,7999,8003,0
NMarseilles_MAS_12.22.25_LS_V2,MAS,1892,0,false,1,0.02,0.1553,0.1553,590.2,8038,8038,0
NMarseilles_MAS_12.22.25_LS_V2,MAS,1893,0,false,1,0.02,0.1119,0.1119,653.9,8514,8514,0
NMarseilles_MAS_12.22.25_LS_V2,MAS,1894,0,false,1,0.02,0.1139,0.1139,747.0,8528,8528,0
NMarseilles_MAS_12.22.25_LS_V2,MAS,1895,0,false,3,0.17,0.1264,0.1264,2050.4,8797,8806,0
NMarseilles_MAS_12.22.25_LS_V2,MAS,1896,0,false,2,0.03,0.1492,0.1492,300.7,8881,8882,0
NShelbyRd(blue)_SHB_12.11.2025_LS,SHB,2769,0,false,19,0.32,0.5442,0.6569,543.9,1601,1619,0
NShelbyRd(blue)_SHB_12.11.2025_LS,SHB,2771,0,false,18,0.37,0.4221,0.5522,839.6,1609,1630,0
NShelbyRd(blue)_SHB_12.11.2025_LS,SHB,2774,0,false,10,0.2,0.4646,0.5196,851.2,1617,1628,0
NShelbyRd(blue)_SHB_12.11.2025_LS,SHB,2780,0,false,23,0.38,0.6859,0.7632,866.0,1624,1646,0
NShelbyRd(blue)_SHB_12.11.2025_LS,SHB,2783,0,false,10,0.28,0.3484,0.4056,683.8,1625,1641,0
NShelbyRd(blue)_SHB_12.11.2025_LS,SHB,2788,1,primary,22,0.4,0.4528,0.6198,855.5,1631,1654,4
NShelbyRd(blue)_SHB_12.11.2025_LS,SHB,2791,1,primary,65,1.08,0.6755,0.7524,788.3,1636,1700,49
NShelbyRd(blue)_SHB_12.11.2025_LS,SHB,2799,1,primary,35,1.05,0.6265,0.7474,1227.3,1647,1709,30
NShelbyRd(blue)_SHB_12.11.2025_LS,SHB,2802,1,primary,24,0.7,0.4545,0.6266,890.0,1652,1693,20
NShelbyRd(blue)_SHB_12.11.2025_LS,SHB,2811,1,primary,29,0.48,0.5439,0.6971,1065.1,1664,1692,19
NShelbyRd(blue)_SHB_12.11.2025_LS,SHB,2853,0,false,1,0.02,0.5016,0.5016,4741.1,1818,1818,0
NShelbyRd(blue)_SHB_12.11.2025_LS,SHB,2870,0,false,1,0.02,0.5676,0.5676,952.6,2137,2137,0
NShelbyRd(blue)_SHB_12.11.2025_LS,SHB,2884,0,duplicate,16,0.33,0.5288,0.6583,1063.5,2164,2183,16
NShelbyRd(blue)_SHB_12.11.2025_LS,SHB,2885,0,duplicate,2,0.03,0.5883,0.5883,720.8,2167,2168,2
NShelbyRd(blue)_SHB_12.11.2025_LS,SHB,2906,0,duplicate,1,0.02,0.5104,0.5104,846.7,2203,2203,1
NShelbyRd(blue)_SHB_12.11.2025_LS,SHB,2919,0,duplicate,1,0.02,0.3952,0.3952,724.3,2233,2233,1
NShelbyRd(blue)_SHB_12.11.2025_LS,SHB,2923,0,duplicate,2,0.03,0.3449,0.3449,1609.7,2248,2249,2
NShelbyRd(blue)_SHB_12.11.2025_LS,SHB,2931,0,false,6,0.1,0.4204,0.4803,795.4,2461,2466,0
NShelbyRd(blue)_SHB_12.11.2025_LS,SHB,2944,0,false,3,0.05,0.4872,0.4872,668.9,2506,2508,0
NShelbyRd(blue)_SHB_12.11.2025_LS,SHB,2950,0,false,3,0.05,0.2207,0.2207,546.6,2519,2521,0
NShelbyRd(blue)_SHB_12.11.2025_LS,SHB,2953,0,false,2,0.03,0.4056,0.4056,877.2,2687,2688,0
NShelbyRd(blue)_SHB_12.11.2025_LS,SHB,2957,0,false,4,0.08,0.5371,0.5371,2159.0,3021,3025,0
NShelbyRd(blue)_SHB_12.11.2025_LS,SHB,2960,0,false,21,0.4,0.5737,0.6917,2064.1,3030,3053,0
NShelbyRd(blue)_SHB_12.11.2025_LS,SHB,2963,0,false,1,0.02,0.3822,0.3822,818.0,3074,3074,0
NShelbyRd(blue)_SHB_12.11.2025_LS,SHB,2965,1,primary,34,0.88,0.3737,0.576,1527.7,3303,3355,34
NShelbyRd(blue)_SHB_12.11.2025_LS,SHB,2997,0,false,156,3.77,0.4565,0.6899,1774.3,5393,5618,0
NShelbyRd(blue)_SHB_12.11.2025_LS,SHB,3031,0,false,3,0.05,0.3923,0.3923,709.5,7876,7878,0
NShelbyRd(blue)_SHB_12.11.2025_LS,SHB,3034,0,duplicate,25,0.42,0.5921,0.7235,2182.8,8413,8437,20
NShelbyRd(blue)_SHB_12.11.2025_LS,SHB,3035,1,primary,114,1.9,0.7601,0.8172,1636.8,8422,8535,108
NShelbyRd(blue)_SHB_12.11.2025_LS,SHB,3039,1,primary,39,0.65,0.7452,0.7761,2167.1,8458,8496,38
NShelbyRd(blue)_SHB_12.11.2025_LS,SHB,3040,1,primary,130,2.17,0.7655,0.8132,2215.5,8464,8593,116
NShelbyRd(blue)_SHB_12.11.2025_LS,SHB,3041,0,duplicate,28,0.72,0.5751,0.7262,1702.0,8470,8512,23
NShelbyRd(blue)_SHB_12.11.2025_LS,SHB,3043,0,duplicate,64,1.08,0.7095,0.7742,1255.8,8493,8557,52
NShelbyRd(blue)_SHB_12.11.2025_LS,SHB,3048,1,primary,114,1.9,0.6926,0.7743,1553.3,8505,8618,114
NShelbyRd(blue)_SHB_12.11.2025_LS,SHB,3051,1,primary,55,0.95,0.6976,0.7872,1282.8,8514,8570,34
NShelbyRd(blue)_SHB_12.11.2025_LS,SHB,3056,1,primary,46,0.78,0.563,0.722,1522.9,8538,8584,24
NShelbyRd(blue)_SHB_12.11.2025_LS,SHB,3059,0,duplicate,11,0.18,0.5207,0.6379,849.9,8544,8554,5
NShelbyRd(blue)_SHB_12.11.2025_LS,SHB,3062,1,primary,111,1.98,0.679,0.8265,1378.5,8572,8690,78
NShelbyRd(blue)_SHB_12.11.2025_LS,SHB,3065,0,duplicate,4,0.08,0.3818,0.3818,1617.5,8574,8578,4
NShelbyRd(blue)_SHB_12.11.2025_LS,SHB,3076,0,duplicate,2,0.03,0.3946,0.3946,1895.1,8589,8590,2
NShelbyRd(blue)_SHB_12.11.2025_LS,SHB,3080,0,duplicate,16,0.67,0.5187,0.6905,1195.6,8594,8633,9
NShelbyRd(blue)_SHB_12.11.2025_LS,SHB,3085,0,duplicate,69,1.73,0.6385,0.7664,1198.0,8598,8701,48
NShelbyRd(blue)_SHB_12.11.2025_LS,SHB,3087,0,duplicate,7,0.15,0.4729,0.5071,610.7,8603,8611,7
NShelbyRd(blue)_SHB_12.11.2025_LS,SHB,3094,0,duplicate,35,0.58,0.6631,0.7835,1062.3,8617,8651,34
NShelbyRd(blue)_SHB_12.11.2025_LS,SHB,3103,0,duplicate,1,0.02,0.4387,0.4387,985.6,8634,8634,1
NShelbyRd(blue)_SHB_12.11.2025_LS,SHB,3119,1,primary,120,2.08,0.6692,0.8047,1225.3,8644,8768,115
NShelbyRd(blue)_SHB_12.11.2025_LS,SHB,3120,1,primary,26,0.43,0.671,0.7594,1388.1,8650,8675,16
NShelbyRd(blue)_SHB_12.11.2025_LS,SHB,3127,0,duplicate,12,0.2,0.5256,0.6396,584.0,8700,8711,12
NShelbyRd(blue)_SHB_12.11.2025_LS,SHB,3195,0,false,3,0.05,0.33,0.33,2975.7,9420,9422,0
NShelbyRd(blue)_SHB_12.11.2025_LS,SHB,3215,0,false,2,0.03,0.5255,0.5255,622.3,10142,10143,0
NShelbyRd(blue)_SHB_12.11.2025_LS,SHB,3221,0,false,1,0.02,0.35,0.35,409.7,10588,10588,0
NShelbyRd(blue)_SHB_12.11.2025_LS,SHB,3227,0,false,1,0.02,0.3876,0.3876,923.5,11049,11049,0
NShelbyRd(blue)_SHB_12.11.2025_LS,SHB,4227,0,false,2,0.03,0.2236,0.2236,729.9,625,626,0
NShelbyRd(blue)_SHB_12.11.2025_LS,SHB,4228,0,false,5,0.12,0.1591,0.1591,1433.2,732,738,0
NShelbyRd(blue)_SHB_12.11.2025_LS,SHB,4229,0,false,1,0.02,0.1238,0.1238,547.7,1051,1051,0
NShelbyRd(blue)_SHB_12.11.2025_LS,SHB,4230,0,false,1,0.02,0.1174,0.1174,802.5,1439,1439,0
NShelbyRd(blue)_SHB_12.11.2025_LS,SHB,4231,0,false,1,0.02,0.1034,0.1034,411.3,1537,1537,0
NShelbyRd(blue)_SHB_12.11.2025_LS,SHB,4232,0,false,2,0.03,0.2234,0.2234,478.5,1599,1600,0
NShelbyRd(blue)_SHB_12.11.2025_LS,SHB,4233,0,duplicate,2,0.15,0.228,0.228,962.9,1702,1710,1
NShelbyRd(blue)_SHB_12.11.2025_LS,SHB,4234,0,false,1,0.02,0.2263,0.2263,433.8,1774,1774,0
NShelbyRd(blue)_SHB_12.11.2025_LS,SHB,4235,0,false,13,0.67,0.2243,0.3309,2248.9,1816,1855,0
NShelbyRd(blue)_SHB_12.11.2025_LS,SHB,4236,0,false,1,0.02,0.2748,0.2748,1427.5,1950,1950,0
NShelbyRd(blue)_SHB_12.11.2025_LS,SHB,4237,0,false,1,0.02,0.1983,0.1983,689.4,1979,1979,0
NShelbyRd(blue)_SHB_12.11.2025_LS,SHB,4238,0,false,1,0.02,0.1095,0.1095,1083.0,1984,1984,0
NShelbyRd(blue)_SHB_12.11.2025_LS,SHB,4239,0,false,1,0.02,0.1062,0.1062,685.2,2081,2081,0
NShelbyRd(blue)_SHB_12.11.2025_LS,SHB,4240,0,false,2,0.22,0.1756,0.1756,1032.8,2084,2096,0
NShelbyRd(blue)_SHB_12.11.2025_LS,SHB,4241,0,false,1,0.02,0.1156,0.1156,771.2,2091,2091,0
NShelbyRd(blue)_SHB_12.11.2025_LS,SHB,4242,0,false,1,0.02,0.3533,0.3533,695.7,2115,2115,0
NShelbyRd(blue)_SHB_12.11.2025_LS,SHB,4243,0,duplicate,19,0.58,0.2755,0.3877,781.7,2129,2163,6
NShelbyRd(blue)_SHB_12.11.2025_LS,SHB,4244,0,duplicate,8,0.17,0.1616,0.1891,754.6,2149,2158,4
NShelbyRd(blue)_SHB_12.11.2025_LS,SHB,4245,1,primary,48,1.33,0.2386,0.3842,948.0,2177,2256,27
NShelbyRd(blue)_SHB_12.11.2025_LS,SHB,4246,0,duplicate,1,0.02,0.3336,0.3336,1143.5,2186,2186,1
NShelbyRd(blue)_SHB_12.11.2025_LS,SHB,4247,0,false,34,1.77,0.1823,0.2861,708.9,2424,2529,0
NShelbyRd(blue)_SHB_12.11.2025_LS,SHB,4248,0,false,1,0.02,0.1248,0.1248,705.1,2459,2459,0
NShelbyRd(blue)_SHB_12.11.2025_LS,SHB,4249,0,false,1,0.02,0.2633,0.2633,1355.5,2596,2596,0
NShelbyRd(blue)_SHB_12.11.2025_LS,SHB,4250,0,false,3,0.08,0.1288,0.1288,1113.3,2673,2677,0
NShelbyRd(blue)_SHB_12.11.2025_LS,SHB,4251,0,false,1,0.02,0.3441,0.3441,826.1,2686,2686,0
NShelbyRd(blue)_SHB_12.11.2025_LS,SHB,4252,0,false,1,0.02,0.1222,0.1222,1984.2,2709,2709,0
NShelbyRd(blue)_SHB_12.11.2025_LS,SHB,4253,0,false,3,0.05,0.1401,0.1401,436.9,2740,2742,0
NShelbyRd(blue)_SHB_12.11.2025_LS,SHB,4254,0,false,1,0.02,0.2248,0.2248,1380.5,2894,2894,0
NShelbyRd(blue)_SHB_12.11.2025_LS,SHB,4255,0,false,5,0.22,0.3819,0.3819,2140.9,3017,3029,0
NShelbyRd(blue)_SHB_12.11.2025_LS,SHB,4256,0,false,3,0.25,0.1944,0.1944,1997.1,3041,3055,0
NShelbyRd(blue)_SHB_12.11.2025_LS,SHB,4257,0,false,1,0.02,0.4996,0.4996,825.8,3073,3073,0
NShelbyRd(blue)_SHB_12.11.2025_LS,SHB,4258,0,duplicate,7,0.25,0.1862,0.2194,1574.9,3296,3310,4
NShelbyRd(blue)_SHB_12.11.2025_LS,SHB,4259,0,duplicate,11,0.4,0.1915,0.23,1533.7,3326,3349,11
NShelbyRd(blue)_SHB_12.11.2025_LS,SHB,4260,0,false,1,0.02,0.1152,0.1152,765.5,3585,3585,0
NShelbyRd(blue)_SHB_12.11.2025_LS,SHB,4261,0,false,10,0.17,0.2008,0.2587,902.1,3604,3613,0
NShelbyRd(blue)_SHB_12.11.2025_LS,SHB,4262,0,false,4,0.08,0.162,0.162,1807.7,3778,3782,0
NShelbyRd(blue)_SHB_12.11.2025_LS,SHB,4263,0,false,1,0.02,0.1091,0.1091,292.1,3908,3908,0
NShelbyRd(blue)_SHB_12.11.2025_LS,SHB,4264,0,false,2,0.03,0.2389,0.2389,1521.2,4024,4025,0
NShelbyRd(blue)_SHB_12.11.2025_LS,SHB,4265,0,false,1,0.02,0.1177,0.1177,406.7,4890,4890,0
NShelbyRd(blue)_SHB_12.11.2025_LS,SHB,4266,0,false,3,0.07,0.1624,0.1624,398.3,4925,4928,0
NShelbyRd(blue)_SHB_12.11.2025_LS,SHB,4267,0,false,2,0.03,0.1443,0.1443,219.7,4975,4976,0
NShelbyRd(blue)_SHB_12.11.2025_LS,SHB,4268,0,false,1,0.02,0.1392,0.1392,675.7,5010,5010,0
NShelbyRd(blue)_SHB_12.11.2025_LS,SHB,4269,0,false,2,0.03,0.1899,0.1899,585.8,5096,5097,0
NShelbyRd(blue)_SHB_12.11.2025_LS,SHB,4270,0,false,3,0.45,0.1322,0.1322,405.0,5135,5161,0
NShelbyRd(blue)_SHB_12.11.2025_LS,SHB,4271,0,false,13,1.62,0.1707,0.2014,1742.4,5391,5487,0
NShelbyRd(blue)_SHB_12.11.2025_LS,SHB,4272,0,false,1,0.02,0.2037,0.2037,1693.5,5524,5524,0
NShelbyRd(blue)_SHB_12.11.2025_LS,SHB,4273,0,false,19,1.02,0.1818,0.217,1726.6,5556,5616,0
NShelbyRd(blue)_SHB_12.11.2025_LS,SHB,4274,0,false,1,0.02,0.1325,0.1325,277.5,5647,5647,0
NShelbyRd(blue)_SHB_12.11.2025_LS,SHB,4275,0,false,4,0.13,0.1641,0.1641,363.2,6350,6357,0
NShelbyRd(blue)_SHB_12.11.2025_LS,SHB,4276,0,false,1,0.02,0.1279,0.1279,551.9,6802,6802,0
NShelbyRd(blue)_SHB_12.11.2025_LS,SHB,4277,0,false,4,0.07,0.2209,0.2209,867.9,6947,6950,0
NShelbyRd(blue)_SHB_12.11.2025_LS,SHB,4278,0,false,1,0.02,0.118,0.118,680.7,6977,6977,0
NShelbyRd(blue)_SHB_12.11.2025_LS,SHB,4279,0,false,1,0.02,0.1577,0.1577,1081.0,7120,7120,0
NShelbyRd(blue)_SHB_12.11.2025_LS,SHB,4280,0,false,2,0.13,0.2391,0.2391,1111.7,7158,7165,0
NShelbyRd(blue)_SHB_12.11.2025_LS,SHB,4281,0,false,1,0.02,0.1162,0.1162,390.0,7384,7384,0
NShelbyRd(blue)_SHB_12.11.2025_LS,SHB,4282,0,false,2,0.03,0.147,0.147,824.3,7570,7571,0
NShelbyRd(blue)_SHB_12.11.2025_LS,SHB,4283,0,false,2,0.08,0.1241,0.1241,3618.2,7836,7840,0
NShelbyRd(blue)_SHB_12.11.2025_LS,SHB,4284,0,false,6,0.15,0.1905,0.205,636.0,7872,7880,0
NShelbyRd(blue)_SHB_12.11.2025_LS,SHB,4285,0,false,2,0.05,0.1135,0.1135,1272.2,7923,7925,0
NShelbyRd(blue)_SHB_12.11.2025_LS,SHB,4286,0,false,1,0.02,0.1198,0.1198,992.0,8297,8297,0
NShelbyRd(blue)_SHB_12.11.2025_LS,SHB,4287,0,false,1,0.02,0.1202,0.1202,728.3,8382,8382,0
NShelbyRd(blue)_SHB_12.11.2025_LS,SHB,4288,0,false,1,0.02,0.1579,0.1579,973.6,8400,8400,0
NShelbyRd(blue)_SHB_12.11.2025_LS,SHB,4289,0,false,1,0.02,0.4749,0.4749,1859.5,8412,8412,0
NShelbyRd(blue)_SHB_12.11.2025_LS,SHB,4290,0,duplicate,6,0.25,0.2087,0.2266,770.0,8757,8771,3
NShelbyRd(blue)_SHB_12.11.2025_LS,SHB,4291,0,false,2,0.08,0.2937,0.2937,800.8,9009,9013,0
NShelbyRd(blue)_SHB_12.11.2025_LS,SHB,4292,0,false,2,0.03,0.1881,0.1881,608.7,9079,9080,0
NShelbyRd(blue)_SHB_12.11.2025_LS,SHB,4293,0,false,1,0.02,0.1088,0.1088,534.1,9321,9321,0
NShelbyRd(blue)_SHB_12.11.2025_LS,SHB,4294,0,false,86,1.3,0.2006,0.4274,1274.0,9349,9426,0
NShelbyRd(blue)_SHB_12.11.2025_LS,SHB,4295,0,false,3,0.05,0.1722,0.1722,2026.4,9392,9394,0
NShelbyRd(blue)_SHB_12.11.2025_LS,SHB,4296,0,false,1,0.02,0.1377,0.1377,430.2,9434,9434,0
NShelbyRd(blue)_SHB_12.11.2025_LS,SHB,4297,0,false,14,0.43,0.2205,0.3221,1373.5,9823,9848,0
NShelbyRd(blue)_SHB_12.11.2025_LS,SHB,4298,0,false,3,0.07,0.3483,0.3483,1171.5,9859,9862,0
NShelbyRd(blue)_SHB_12.11.2025_LS,SHB,4299,0,false,1,0.02,0.1323,0.1323,586.2,9860,9860,0
NShelbyRd(blue)_SHB_12.11.2025_LS,SHB,4300,0,false,1,0.02,0.1875,0.1875,484.2,9890,9890,0
NShelbyRd(blue)_SHB_12.11.2025_LS,SHB,4301,0,false,1,0.02,0.2896,0.2896,905.9,10066,10066,0
NShelbyRd(blue)_SHB_12.11.2025_LS,SHB,4302,0,false,4,0.12,0.2339,0.2339,538.5,10091,10097,0
NShelbyRd(blue)_SHB_12.11.2025_LS,SHB,4303,0,false,3,0.05,0.1141,0.1141,637.2,10107,10109,0
NShelbyRd(blue)_SHB_12.11.2025_LS,SHB,4304,0,false,1,0.02,0.3641,0.3641,557.0,10141,10141,0
NShelbyRd(blue)_SHB_12.11.2025_LS,SHB,4305,0,false,1,0.02,0.119,0.119,778.8,10144,10144,0
NShelbyRd(blue)_SHB_12.11.2025_LS,SHB,4306,0,false,3,0.37,0.1572,0.1572,581.7,10196,10217,0
NShelbyRd(blue)_SHB_12.11.2025_LS,SHB,4307,0,false,1,0.02,0.1016,0.1016,416.8,10420,10420,0
NShelbyRd(blue)_SHB_12.11.2025_LS,SHB,4308,0,false,4,0.13,0.2486,0.2486,425.0,10496,10503,0
NShelbyRd(blue)_SHB_12.11.2025_LS,SHB,4309,0,false,2,0.07,0.2695,0.2695,408.8,10584,10587,0
NShelbyRd(blue)_SHB_12.11.2025_LS,SHB,4310,0,false,1,0.02,0.1221,0.1221,718.6,10633,10633,0
NShelbyRd(blue)_SHB_12.11.2025_LS,SHB,4311,0,false,5,0.38,0.2378,0.2378,510.9,10830,10852,0
NShelbyRd(blue)_SHB_12.11.2025_LS,SHB,4312,0,false,13,0.42,0.1899,0.2443,867.5,11045,11069,0
NShelbyRd(green)_SHB_12.11.2025,SHB,3965,0,false,2,0.03,0.4154,0.4154,474.2,130,131,0
NShelbyRd(green)_SHB_12.11.2025,SHB,3966,0,false,12,0.22,0.406,0.5116,1852.0,529,541,0
NShelbyRd(green)_SHB_12.11.2025,SHB,3968,0,false,5,0.73,0.5123,0.5123,2285.2,563,606,0
NShelbyRd(green)_SHB_12.11.2025,SHB,3973,0,false,31,0.78,0.3945,0.5594,1474.2,581,627,0
NShelbyRd(green)_SHB_12.11.2025,SHB,3980,0,false,6,0.47,0.3451,0.3867,1792.2,611,638,0
NShelbyRd(green)_SHB_12.11.2025,SHB,3982,0,false,1,0.02,0.416,0.416,1866.9,616,616,0
NShelbyRd(green)_SHB_12.11.2025,SHB,4006,0,false,1,0.02,0.3911,0.3911,1387.7,651,651,0
NShelbyRd(green)_SHB_12.11.2025,SHB,4034,0,false,10,0.17,0.3372,0.4449,3154.8,738,747,0
NShelbyRd(green)_SHB_12.11.2025,SHB,4050,0,false,10,0.17,0.4492,0.5717,849.1,838,847,0
NShelbyRd(green)_SHB_12.11.2025,SHB,4063,0,false,6,0.18,0.3918,0.4118,761.0,1060,1070,0
NShelbyRd(green)_SHB_12.11.2025,SHB,4068,0,false,18,1.15,0.4325,0.5509,959.1,1082,1150,0
NShelbyRd(green)_SHB_12.11.2025,SHB,4097,0,false,8,0.13,0.3213,0.3951,798.6,1212,1219,0
NShelbyRd(green)_SHB_12.11.2025,SHB,4153,0,duplicate,1,0.02,0.6517,0.6517,536.5,3118,3118,1
NShelbyRd(green)_SHB_12.11.2025,SHB,5153,0,false,8,0.35,0.197,0.2481,418.8,109,129,0
NShelbyRd(green)_SHB_12.11.2025,SHB,5154,0,false,1,0.02,0.1116,0.1116,717.9,314,314,0
NShelbyRd(green)_SHB_12.11.2025,SHB,5155,0,false,75,5.19,0.1882,0.3926,1685.1,527,837,0
NShelbyRd(green)_SHB_12.11.2025,SHB,5156,0,false,8,0.47,0.2036,0.2573,1307.9,630,657,0
NShelbyRd(green)_SHB_12.11.2025,SHB,5157,0,false,17,0.28,0.2254,0.3034,622.2,713,729,0
NShelbyRd(green)_SHB_12.11.2025,SHB,5158,0,false,1,0.02,0.1811,0.1811,552.4,749,749,0
NShelbyRd(green)_SHB_12.11.2025,SHB,5159,0,false,1,0.02,0.1073,0.1073,2896.5,800,800,0
NShelbyRd(green)_SHB_12.11.2025,SHB,5160,0,false,20,0.8,0.1818,0.2679,666.8,951,998,0
NShelbyRd(green)_SHB_12.11.2025,SHB,5161,0,false,55,2.6,0.1982,0.3537,801.4,1056,1211,0
NShelbyRd(green)_SHB_12.11.2025,SHB,5162,0,false,1,0.02,0.198,0.198,367.4,1796,1796,0
NShelbyRd(green)_SHB_12.11.2025,SHB,5163,0,false,2,0.03,0.1713,0.1713,551.3,1849,1850,0
NShelbyRd(green)_SHB_12.11.2025,SHB,5164,0,false,4,0.23,0.1752,0.1752,774.4,1863,1876,0
NShelbyRd(green)_SHB_12.11.2025,SHB,5165,0,false,3,0.17,0.2028,0.2028,732.2,1903,1912,0
NShelbyRd(green)_SHB_12.11.2025,SHB,5166,0,false,2,0.13,0.1414,0.1414,793.7,2640,2647,0
NShelbyRd(green)_SHB_12.11.2025,SHB,5167,0,false,2,0.03,0.1176,0.1176,719.7,2686,2687,0
NShelbyRd(green)_SHB_12.11.2025,SHB,5168,0,false,8,0.33,0.1988,0.2339,247.2,2924,2943,0
NShelbyRd(green)_SHB_12.11.2025,SHB,5169,0,false,4,0.42,0.1683,0.1683,562.4,2990,3014,0
NShelbyRd(green)_SHB_12.11.2025,SHB,5170,1,primary,40,0.68,0.6181,0.6876,519.0,3080,3120,39
NShelbyRd(green)_SHB_12.11.2025,SHB,5171,1,primary,39,0.65,0.623,0.7071,719.2,3263,3301,38
NShelbyRd(green)_SHB_12.11.2025,SHB,5172,0,false,1,0.02,0.2042,0.2042,1136.8,3487,3487,0
NShelbyRd(green)_SHB_12.11.2025,SHB,5173,0,false,1,0.02,0.1054,0.1054,1343.1,3720,3720,0
NShelbyRd(green)_SHB_12.11.2025,SHB,5174,0,false,1,0.02,0.3004,0.3004,696.2,3927,3927,0
NShelbyRd(green)_SHB_12.11.2025,SHB,5175,0,false,1,0.02,0.2176,0.2176,1818.6,4112,4112,0
NShelbyRd(green)_SHB_12.11.2025,SHB,5176,0,false,14,0.3,0.2316,0.345,773.6,4164,4181,0
NShelbyRd(green)_SHB_12.11.2025,SHB,5177,0,false,1,0.02,0.1691,0.1691,327.1,4519,4519,0
NShelbyRd(green)_SHB_12.11.2025,SHB,5178,0,false,1,0.02,0.1408,0.1408,605.8,4633,4633,0
NShelbyRd(green)_SHB_12.11.2025,SHB,5179,0,false,1,0.02,0.1069,0.1069,518.3,4644,4644,0
NShelbyRd(green)_SHB_12.11.2025,SHB,5180,0,false,2,0.07,0.235,0.235,608.8,4655,4658,0
NShelbyRd(green)_SHB_12.11.2025,SHB,5181,0,false,1,0.02,0.5873,0.5873,539.5,4732,4732,0
NShelbyRd(pink)_SHB_12.11.2025_LS,SHB,719,0,false,1,0.02,0.5132,0.5132,917.5,2563,2563,0
NShelbyRd(pink)_SHB_12.11.2025_LS,SHB,753,0,false,2,0.03,0.2952,0.2952,620.5,3626,3627,0
NShelbyRd(pink)_SHB_12.11.2025_LS,SHB,759,0,false,3,0.68,0.5047,0.5047,683.3,3645,3685,0
NShelbyRd(pink)_SHB_12.11.2025_LS,SHB,761,0,false,1,0.02,0.473,0.473,781.9,3651,3651,0
NShelbyRd(pink)_SHB_12.11.2025_LS,SHB,773,1,primary,77,1.42,0.6181,0.7073,559.9,3709,3793,59
NShelbyRd(pink)_SHB_12.11.2025_LS,SHB,774,1,primary,139,2.59,0.6228,0.7126,590.1,3724,3878,122
NShelbyRd(pink)_SHB_12.11.2025_LS,SHB,776,0,duplicate,57,1.32,0.6152,0.7066,591.1,3776,3854,45
NShelbyRd(pink)_SHB_12.11.2025_LS,SHB,786,0,false,1,0.02,0.3385,0.3385,494.1,3932,3932,0
NShelbyRd(pink)_SHB_12.11.2025_LS,SHB,796,0,false,1,0.02,0.5846,0.5846,518.8,4329,4329,0
NShelbyRd(pink)_SHB_12.11.2025_LS,SHB,801,0,false,1,0.02,0.3525,0.3525,578.4,4748,4748,0
NShelbyRd(pink)_SHB_12.11.2025_LS,SHB,811,0,false,37,0.97,0.4251,0.6246,565.4,5072,5129,0
NShelbyRd(pink)_SHB_12.11.2025_LS,SHB,852,0,false,1,0.02,0.3793,0.3793,488.0,5890,5890,0
NShelbyRd(pink)_SHB_12.11.2025_LS,SHB,857,0,false,1,0.02,0.4837,0.4837,960.7,5895,5895,0
NShelbyRd(pink)_SHB_12.11.2025_LS,SHB,865,0,false,1,0.02,0.4985,0.4985,505.7,5966,5966,0
NShelbyRd(pink)_SHB_12.11.2025_LS,SHB,890,1,primary,223,3.82,0.7289,0.7979,652.5,6939,7167,218
NShelbyRd(pink)_SHB_12.11.2025_LS,SHB,891,0,false,2,0.03,0.5252,0.5252,520.7,6971,6972,0
NShelbyRd(pink)_SHB_12.11.2025_LS,SHB,892,1,primary,57,1.85,0.5275,0.7076,411.4,6979,7089,53
NShelbyRd(pink)_SHB_12.11.2025_LS,SHB,904,0,duplicate,5,0.1,0.2963,0.2963,436.0,7061,7066,1
NShelbyRd(pink)_SHB_12.11.2025_LS,SHB,910,0,duplicate,2,0.07,0.2773,0.2773,454.7,7072,7075,1
NShelbyRd(pink)_SHB_12.11.2025_LS,SHB,972,0,false,10,0.27,0.4137,0.4801,428.1,9492,9507,0
NShelbyRd(pink)_SHB_12.11.2025_LS,SHB,1001,0,false,10,0.17,0.3542,0.4039,384.0,9601,9610,0
NShelbyRd(pink)_SHB_12.11.2025_LS,SHB,2001,0,false,1,0.02,0.1119,0.1119,1963.9,946,946,0
NShelbyRd(pink)_SHB_12.11.2025_LS,SHB,2002,0,false,2,0.22,0.1765,0.1765,776.4,1265,1277,0
NShelbyRd(pink)_SHB_12.11.2025_LS,SHB,2003,0,false,1,0.02,0.2296,0.2296,760.8,1439,1439,0
NShelbyRd(pink)_SHB_12.11.2025_LS,SHB,2004,0,false,1,0.02,0.1088,0.1088,363.5,1616,1616,0
NShelbyRd(pink)_SHB_12.11.2025_LS,SHB,2005,0,false,2,0.05,0.2986,0.2986,1571.2,1954,1956,0
NShelbyRd(pink)_SHB_12.11.2025_LS,SHB,2006,0,false,1,0.02,0.135,0.135,1373.5,1959,1959,0
NShelbyRd(pink)_SHB_12.11.2025_LS,SHB,2007,0,false,1,0.02,0.2027,0.2027,1864.1,1971,1971,0
NShelbyRd(pink)_SHB_12.11.2025_LS,SHB,2008,0,false,1,0.02,0.2133,0.2133,1370.0,2528,2528,0
NShelbyRd(pink)_SHB_12.11.2025_LS,SHB,2009,0,false,1,0.02,0.1845,0.1845,663.8,2533,2533,0
NShelbyRd(pink)_SHB_12.11.2025_LS,SHB,2010,0,false,1,0.02,0.1046,0.1046,762.9,2535,2535,0
NShelbyRd(pink)_SHB_12.11.2025_LS,SHB,2011,0,false,30,1.0,0.3288,0.5462,890.9,2550,2609,0
NShelbyRd(pink)_SHB_12.11.2025_LS,SHB,2012,0,false,19,1.2,0.2716,0.4546,818.8,2551,2622,0
NShelbyRd(pink)_SHB_12.11.2025_LS,SHB,2013,0,false,6,0.3,0.1998,0.2182,1071.7,2569,2586,0
NShelbyRd(pink)_SHB_12.11.2025_LS,SHB,2014,0,false,1,0.02,0.1146,0.1146,713.8,2572,2572,0
NShelbyRd(pink)_SHB_12.11.2025_LS,SHB,2015,0,false,3,0.43,0.1366,0.1366,1057.7,2596,2621,0
NShelbyRd(pink)_SHB_12.11.2025_LS,SHB,2016,0,false,1,0.02,0.1429,0.1429,1819.0,2600,2600,0
NShelbyRd(pink)_SHB_12.11.2025_LS,SHB,2017,0,false,1,0.02,0.104,0.104,1099.3,2717,2717,0
NShelbyRd(pink)_SHB_12.11.2025_LS,SHB,2018,0,false,1,0.02,0.1325,0.1325,750.6,3041,3041,0
NShelbyRd(pink)_SHB_12.11.2025_LS,SHB,2019,0,false,2,0.13,0.1548,0.1548,1399.4,3427,3434,0
NShelbyRd(pink)_SHB_12.11.2025_LS,SHB,2020,0,false,26,1.94,0.2312,0.4323,623.7,3581,3696,0
NShelbyRd(pink)_SHB_12.11.2025_LS,SHB,2021,0,false,3,0.17,0.2654,0.2654,700.7,3604,3613,0
NShelbyRd(pink)_SHB_12.11.2025_LS,SHB,2022,0,false,1,0.02,0.1265,0.1265,499.7,3623,3623,0
NShelbyRd(pink)_SHB_12.11.2025_LS,SHB,2023,0,false,6,0.78,0.3668,0.3926,755.0,3648,3694,0
NShelbyRd(pink)_SHB_12.11.2025_LS,SHB,2024,0,false,4,0.22,0.2991,0.2991,450.1,3696,3708,0
NShelbyRd(pink)_SHB_12.11.2025_LS,SHB,2025,0,false,1,0.02,0.2195,0.2195,386.1,3875,3875,0
NShelbyRd(pink)_SHB_12.11.2025_LS,SHB,2026,0,false,2,0.03,0.2778,0.2778,605.1,3884,3885,0
NShelbyRd(pink)_SHB_12.11.2025_LS,SHB,2027,0,false,1,0.02,0.2447,0.2447,435.7,3897,3897,0
NShelbyRd(pink)_SHB_12.11.2025_LS,SHB,2028,0,false,8,0.55,0.1948,0.2357,454.4,3931,3963,0
NShelbyRd(pink)_SHB_12.11.2025_LS,SHB,2029,0,false,2,0.5,0.1697,0.1697,368.0,3931,3960,0
NShelbyRd(pink)_SHB_12.11.2025_LS,SHB,2030,0,false,1,0.02,0.1544,0.1544,538.3,4014,4014,0
NShelbyRd(pink)_SHB_12.11.2025_LS,SHB,2031,0,false,4,0.17,0.248,0.248,524.4,4322,4331,0
NShelbyRd(pink)_SHB_12.11.2025_LS,SHB,2032,0,false,1,0.02,0.2918,0.2918,643.3,4466,4466,0
NShelbyRd(pink)_SHB_12.11.2025_LS,SHB,2033,0,false,9,0.42,0.1596,0.1917,554.5,4736,4760,0
NShelbyRd(pink)_SHB_12.11.2025_LS,SHB,2034,0,false,7,0.38,0.2353,0.2737,581.1,4740,4762,0
NShelbyRd(pink)_SHB_12.11.2025_LS,SHB,2035,0,false,1,0.02,0.1728,0.1728,487.2,4839,4839,0
NShelbyRd(pink)_SHB_12.11.2025_LS,SHB,2036,0,false,2,0.07,0.1732,0.1732,505.2,5042,5045,0
NShelbyRd(pink)_SHB_12.11.2025_LS,SHB,2037,0,false,11,0.6,0.2153,0.2577,566.7,5071,5106,0
NShelbyRd(pink)_SHB_12.11.2025_LS,SHB,2038,0,false,4,0.3,0.3008,0.3008,585.6,5079,5096,0
NShelbyRd(pink)_SHB_12.11.2025_LS,SHB,2039,0,false,5,0.13,0.1811,0.1811,629.8,5127,5134,0
NShelbyRd(pink)_SHB_12.11.2025_LS,SHB,2040,0,false,3,0.07,0.2747,0.2747,536.0,5168,5171,0
NShelbyRd(pink)_SHB_12.11.2025_LS,SHB,2041,0,false,3,0.05,0.1261,0.1261,578.8,5170,5172,0
NShelbyRd(pink)_SHB_12.11.2025_LS,SHB,2042,0,false,1,0.02,0.1581,0.1581,374.5,5238,5238,0
NShelbyRd(pink)_SHB_12.11.2025_LS,SHB,2043,0,false,1,0.02,0.1251,0.1251,515.5,5244,5244,0
NShelbyRd(pink)_SHB_12.11.2025_LS,SHB,2044,0,false,2,0.15,0.1106,0.1106,609.1,5250,5258,0
NShelbyRd(pink)_SHB_12.11.2025_LS,SHB,2045,0,false,1,0.02,0.1005,0.1005,688.5,5306,5306,0
NShelbyRd(pink)_SHB_12.11.2025_LS,SHB,2046,0,false,1,0.02,0.2237,0.2237,552.9,5322,5322,0
NShelbyRd(pink)_SHB_12.11.2025_LS,SHB,2047,0,false,8,0.27,0.1954,0.2463,732.0,5427,5442,0
NShelbyRd(pink)_SHB_12.11.2025_LS,SHB,2048,0,false,1,0.02,0.2237,0.2237,443.1,5461,5461,0
NShelbyRd(pink)_SHB_12.11.2025_LS,SHB,2049,0,false,2,0.03,0.1472,0.1472,663.6,5506,5507,0
NShelbyRd(pink)_SHB_12.11.2025_LS,SHB,2050,0,false,3,0.05,0.2082,0.2082,409.9,5532,5534,0
NShelbyRd(pink)_SHB_12.11.2025_LS,SHB,2051,0,false,1,0.02,0.1315,0.1315,533.2,5692,5692,0
NShelbyRd(pink)_SHB_12.11.2025_LS,SHB,2052,0,false,1,0.02,0.1821,0.1821,584.0,5826,5826,0
NShelbyRd(pink)_SHB_12.11.2025_LS,SHB,2053,0,false,8,0.65,0.1477,0.165,640.6,5870,5908,0
NShelbyRd(pink)_SHB_12.11.2025_LS,SHB,2054,0,false,14,0.43,0.2367,0.3458,488.4,5871,5896,0
NShelbyRd(pink)_SHB_12.11.2025_LS,SHB,2055,0,false,8,0.23,0.2625,0.3316,1010.3,5891,5904,0
NShelbyRd(pink)_SHB_12.11.2025_LS,SHB,2056,0,false,26,1.1,0.1979,0.3355,535.4,5957,6022,0
NShelbyRd(pink)_SHB_12.11.2025_LS,SHB,2057,0,false,5,0.18,0.2101,0.2101,1001.5,6075,6085,0
NShelbyRd(pink)_SHB_12.11.2025_LS,SHB,2058,0,false,1,0.02,0.1619,0.1619,858.3,6141,6141,0
NShelbyRd(pink)_SHB_12.11.2025_LS,SHB,2059,0,false,1,0.02,0.1032,0.1032,628.4,6154,6154,0
NShelbyRd(pink)_SHB_12.11.2025_LS,SHB,2060,0,false,6,0.4,0.138,0.1438,776.2,6255,6278,0
NShelbyRd(pink)_SHB_12.11.2025_LS,SHB,2061,0,false,1,0.02,0.1575,0.1575,752.4,6321,6321,0
NShelbyRd(pink)_SHB_12.11.2025_LS,SHB,2062,0,false,4,0.12,0.1706,0.1706,923.7,6357,6363,0
NShelbyRd(pink)_SHB_12.11.2025_LS,SHB,2063,0,false,1,0.02,0.2857,0.2857,856.4,6462,6462,0
NShelbyRd(pink)_SHB_12.11.2025_LS,SHB,2064,0,false,1,0.02,0.1474,0.1474,1206.2,6666,6666,0
NShelbyRd(pink)_SHB_12.11.2025_LS,SHB,2065,0,false,1,0.02,0.1243,0.1243,454.1,6683,6683,0
NShelbyRd(pink)_SHB_12.11.2025_LS,SHB,2066,0,false,1,0.02,0.1538,0.1538,530.3,6869,6869,0
NShelbyRd(pink)_SHB_12.11.2025_LS,SHB,2067,0,false,1,0.02,0.3329,0.3329,893.9,6895,6895,0
NShelbyRd(pink)_SHB_12.11.2025_LS,SHB,2068,0,false,1,0.02,0.1032,0.1032,543.3,6897,6897,0
NShelbyRd(pink)_SHB_12.11.2025_LS,SHB,2069,0,false,1,0.02,0.1197,0.1197,701.5,6930,6930,0
NShelbyRd(pink)_SHB_12.11.2025_LS,SHB,2070,0,false,1,0.02,0.2521,0.2521,595.1,6938,6938,0
NShelbyRd(pink)_SHB_12.11.2025_LS,SHB,2071,0,duplicate,1,0.02,0.2041,0.2041,651.8,7046,7046,1
NShelbyRd(pink)_SHB_12.11.2025_LS,SHB,2072,0,false,1,0.02,0.2382,0.2382,474.8,7071,7071,0
NShelbyRd(pink)_SHB_12.11.2025_LS,SHB,2073,0,duplicate,1,0.02,0.1695,0.1695,608.3,7071,7071,1
NShelbyRd(pink)_SHB_12.11.2025_LS,SHB,2074,0,duplicate,4,0.22,0.2297,0.2297,454.5,7158,7170,1
NShelbyRd(pink)_SHB_12.11.2025_LS,SHB,2075,0,false,5,0.17,0.1511,0.1511,457.7,7202,7211,0
NShelbyRd(pink)_SHB_12.11.2025_LS,SHB,2076,0,false,1,0.02,0.129,0.129,700.2,7255,7255,0
NShelbyRd(pink)_SHB_12.11.2025_LS,SHB,2077,0,false,4,0.2,0.2057,0.2057,689.6,7374,7385,0
NShelbyRd(pink)_SHB_12.11.2025_LS,SHB,2078,0,false,1,0.02,0.2037,0.2037,986.6,7665,7665,0
NShelbyRd(pink)_SHB_12.11.2025_LS,SHB,2079,0,false,1,0.02,0.1323,0.1323,962.6,7692,7692,0
NShelbyRd(pink)_SHB_12.11.2025_LS,SHB,2080,0,false,1,0.02,0.1436,0.1436,1455.1,7703,7703,0
NShelbyRd(pink)_SHB_12.11.2025_LS,SHB,2081,0,false,2,0.03,0.2018,0.2018,1035.4,7744,7745,0
NShelbyRd(pink)_SHB_12.11.2025_LS,SHB,2082,0,false,2,0.05,0.1057,0.1057,959.5,7842,7844,0
NShelbyRd(pink)_SHB_12.11.2025_LS,SHB,2083,0,false,2,0.03,0.1258,0.1258,633.7,7896,7897,0
NShelbyRd(pink)_SHB_12.11.2025_LS,SHB,2084,0,false,1,0.02,0.1761,0.1761,565.3,7943,7943,0
NShelbyRd(pink)_SHB_12.11.2025_LS,SHB,2085,0,false,1,0.02,0.3607,0.3607,676.4,8077,8077,0
NShelbyRd(pink)_SHB_12.11.2025_LS,SHB,2086,0,false,2,0.03,0.3085,0.3085,1027.0,8088,8089,0
NShelbyRd(pink)_SHB_12.11.2025_LS,SHB,2087,0,false,1,0.02,0.118,0.118,783.2,8092,8092,0
NShelbyRd(pink)_SHB_12.11.2025_LS,SHB,2088,0,false,3,0.18,0.1569,0.1569,1946.7,8117,8127,0
NShelbyRd(pink)_SHB_12.11.2025_LS,SHB,2089,0,false,1,0.02,0.1183,0.1183,926.5,8130,8130,0
NShelbyRd(pink)_SHB_12.11.2025_LS,SHB,2090,0,false,4,0.15,0.1565,0.1565,874.7,8231,8239,0
NShelbyRd(pink)_SHB_12.11.2025_LS,SHB,2091,0,false,6,1.0,0.1669,0.1752,1448.6,8255,8314,0
NShelbyRd(pink)_SHB_12.11.2025_LS,SHB,2092,0,false,1,0.02,0.1088,0.1088,1045.9,8272,8272,0
NShelbyRd(pink)_SHB_12.11.2025_LS,SHB,2093,0,false,5,0.58,0.192,0.192,1061.1,8285,8319,0
NShelbyRd(pink)_SHB_12.11.2025_LS,SHB,2094,0,false,1,0.02,0.1082,0.1082,950.2,8288,8288,0
NShelbyRd(pink)_SHB_12.11.2025_LS,SHB,2095,0,false,5,0.12,0.1821,0.1821,925.6,8325,8331,0
NShelbyRd(pink)_SHB_12.11.2025_LS,SHB,2096,0,false,2,0.03,0.169,0.169,901.0,8606,8607,0
NShelbyRd(pink)_SHB_12.11.2025_LS,SHB,2097,0,false,1,0.02,0.1315,0.1315,757.9,9077,9077,0
NShelbyRd(pink)_SHB_12.11.2025_LS,SHB,2098,0,false,1,0.02,0.1356,0.1356,334.5,9300,9300,0
NShelbyRd(pink)_SHB_12.11.2025_LS,SHB,2099,0,false,7,0.75,0.1847,0.215,773.6,9337,9381,0
NShelbyRd(pink)_SHB_12.11.2025_LS,SHB,2100,0,false,2,0.28,0.1968,0.1968,631.2,9383,9399,0
NShelbyRd(pink)_SHB_12.11.2025_LS,SHB,2101,0,false,5,0.1,0.1906,0.1906,766.4,9414,9419,0
NShelbyRd(pink)_SHB_12.11.2025_LS,SHB,2102,0,false,38,1.95,0.2054,0.4286,456.9,9470,9586,0
NShelbyRd(pink)_SHB_12.11.2025_LS,SHB,2103,0,false,2,0.07,0.1282,0.1282,590.0,9477,9480,0
NShelbyRd(pink)_SHB_12.11.2025_LS,SHB,2104,0,false,31,1.15,0.1796,0.3081,357.6,9532,9600,0
NWolfCreek(blue)_SHB_12.11.2025,SHB,856,1,primary,36,0.65,0.7197,0.7605,845.7,785,823,36
NWolfCreek(blue)_SHB_12.11.2025,SHB,865,0,false,1,0.02,0.4724,0.4724,363.4,1059,1059,0
NWolfCreek(blue)_SHB_12.11.2025,SHB,887,0,false,1,0.02,0.5695,0.5695,977.3,2217,2217,0
NWolfCreek(blue)_SHB_12.11.2025,SHB,891,1,primary,18,0.3,0.6754,0.7477,1089.6,3551,3568,17
NWolfCreek(blue)_SHB_12.11.2025,SHB,897,1,primary,32,0.55,0.7213,0.8042,2845.3,4274,4306,25
NWolfCreek(blue)_SHB_12.11.2025,SHB,903,0,duplicate,16,0.27,0.5598,0.6522,842.9,4597,4612,1
NWolfCreek(blue)_SHB_12.11.2025,SHB,905,0,duplicate,1,0.02,0.5231,0.5231,663.6,4620,4620,1
NWolfCreek(blue)_SHB_12.11.2025,SHB,910,0,duplicate,4,0.07,0.7054,0.7054,942.6,4629,4632,4
NWolfCreek(blue)_SHB_12.11.2025,SHB,919,1,primary,37,0.62,0.7152,0.7701,2105.0,4974,5010,35
NWolfCreek(blue)_SHB_12.11.2025,SHB,935,0,false,1,0.02,0.4268,0.4268,464.7,6722,6722,0
NWolfCreek(blue)_SHB_12.11.2025,SHB,957,0,false,1,0.02,0.4542,0.4542,526.3,8827,8827,0
NWolfCreek(blue)_SHB_12.11.2025,SHB,971,0,false,2,0.03,0.4971,0.4971,2660.8,9827,9828,0
NWolfCreek(blue)_SHB_12.11.2025,SHB,991,1,primary,14,0.52,0.459,0.5507,417.5,11093,11123,6
NWolfCreek(blue)_SHB_12.11.2025,SHB,1076,0,duplicate,19,0.32,0.7309,0.7649,1896.4,14954,14972,11
NWolfCreek(blue)_SHB_12.11.2025,SHB,1077,0,duplicate,8,0.15,0.7515,0.764,2028.7,14974,14982,8
NWolfCreek(blue)_SHB_12.11.2025,SHB,1080,1,primary,15,0.3,0.7236,0.752,1993.2,14985,15002,15
NWolfCreek(blue)_SHB_12.11.2025,SHB,1081,0,duplicate,5,0.15,0.7117,0.7117,2099.1,14998,15006,5
NWolfCreek(blue)_SHB_12.11.2025,SHB,1083,0,duplicate,16,0.3,0.6258,0.7294,2087.2,15008,15025,13
NWolfCreek(blue)_SHB_12.11.2025,SHB,1089,1,primary,24,0.52,0.4547,0.5817,2153.9,15073,15103,23
NWolfCreek(blue)_SHB_12.11.2025,SHB,1099,0,duplicate,14,0.73,0.4269,0.514,1906.5,15086,15129,12
NWolfCreek(blue)_SHB_12.11.2025,SHB,1112,0,duplicate,4,0.4,0.4148,0.4148,1757.6,15108,15131,1
NWolfCreek(blue)_SHB_12.11.2025,SHB,1120,0,duplicate,6,0.23,0.4729,0.5061,1546.0,15115,15128,6
NWolfCreek(blue)_SHB_12.11.2025,SHB,1132,0,duplicate,1,0.02,0.4364,0.4364,1314.1,15123,15123,1
NWolfCreek(blue)_SHB_12.11.2025,SHB,1135,0,duplicate,1,0.02,0.4706,0.4706,1408.5,15125,15125,1
NWolfCreek(blue)_SHB_12.11.2025,SHB,1155,0,duplicate,57,1.12,0.6122,0.7638,809.0,15863,15929,52
NWolfCreek(blue)_SHB_12.11.2025,SHB,1170,1,primary,84,1.45,0.6691,0.7769,813.6,15933,16019,84
NWolfCreek(blue)_SHB_12.11.2025,SHB,1172,1,primary,83,1.57,0.6167,0.758,643.0,15938,16031,77
NWolfCreek(blue)_SHB_12.11.2025,SHB,1173,0,duplicate,41,0.68,0.6607,0.754,748.5,15945,15985,40
NWolfCreek(blue)_SHB_12.11.2025,SHB,1181,1,primary,78,1.5,0.6099,0.7762,824.9,15993,16082,78
NWolfCreek(blue)_SHB_12.11.2025,SHB,1190,0,duplicate,20,0.47,0.4062,0.5027,753.9,16021,16048,20
NWolfCreek(blue)_SHB_12.11.2025,SHB,1221,0,duplicate,6,0.13,0.3353,0.3482,727.3,16062,16069,6
NWolfCreek(blue)_SHB_12.11.2025,SHB,1226,0,duplicate,17,0.28,0.5633,0.6733,717.5,16076,16092,12
NWolfCreek(blue)_SHB_12.11.2025,SHB,1228,0,duplicate,74,1.93,0.5643,0.7494,503.7,16084,16199,56
NWolfCreek(blue)_SHB_12.11.2025,SHB,1264,1,primary,95,1.9,0.6036,0.7633,620.6,16222,16335,95
NWolfCreek(blue)_SHB_12.11.2025,SHB,1281,0,duplicate,4,0.08,0.4064,0.4064,593.1,16350,16354,2
NWolfCreek(blue)_SHB_12.11.2025,SHB,1296,0,false,20,0.83,0.5273,0.7115,802.1,16409,16458,0
NWolfCreek(blue)_SHB_12.11.2025,SHB,1302,0,false,37,0.7,0.6752,0.7674,738.8,16423,16464,0
NWolfCreek(blue)_SHB_12.11.2025,SHB,1311,0,false,14,0.45,0.4958,0.6256,1036.6,16464,16490,0
NWolfCreek(blue)_SHB_12.11.2025,SHB,1315,0,false,5,0.08,0.4108,0.4108,787.2,16470,16474,0
NWolfCreek(blue)_SHB_12.11.2025,SHB,1340,0,false,2,0.03,0.3071,0.3071,1421.2,21718,21719,0
NWolfCreek(blue)_SHB_12.11.2025,SHB,1367,1,primary,28,0.52,0.6025,0.7361,621.4,25071,25101,26
NWolfCreek(blue)_SHB_12.11.2025,SHB,1387,0,duplicate,31,0.55,0.5701,0.7358,600.4,25115,25147,18
NWolfCreek(blue)_SHB_12.11.2025,SHB,1407,0,false,1,0.02,0.5772,0.5772,826.0,25645,25645,0
NWolfCreek(blue)_SHB_12.11.2025,SHB,1413,0,false,176,2.98,0.633,0.7359,642.2,25656,25834,0
NWolfCreek(blue)_SHB_12.11.2025,SHB,1431,0,false,4,0.08,0.3599,0.3599,780.0,26406,26410,0
NWolfCreek(blue)_SHB_12.11.2025,SHB,1434,0,false,1,0.02,0.3636,0.3636,704.5,26418,26418,0
NWolfCreek(blue)_SHB_12.11.2025,SHB,1439,0,false,17,1.35,0.4288,0.5859,2615.1,26681,26761,0
NWolfCreek(blue)_SHB_12.11.2025,SHB,1445,0,false,2,0.03,0.5721,0.5721,2458.2,26793,26794,0
NWolfCreek(blue)_SHB_12.11.2025,SHB,1458,0,false,4,0.08,0.3564,0.3564,589.5,26935,26939,0
NWolfCreek(blue)_SHB_12.11.2025,SHB,1475,0,false,5,0.08,0.4617,0.4617,614.6,26952,26956,0
NWolfCreek(blue)_SHB_12.11.2025,SHB,1526,0,false,4,0.12,0.3631,0.3631,557.2,27292,27298,0
NWolfCreek(blue)_SHB_12.11.2025,SHB,1527,0,false,3,0.05,0.2643,0.2643,597.2,27401,27403,0
NWolfCreek(blue)_SHB_12.11.2025,SHB,1544,0,false,5,0.08,0.3387,0.3387,311.7,27428,27432,0
NWolfCreek(blue)_SHB_12.11.2025,SHB,1567,0,false,3,0.05,0.271,0.271,1268.2,29471,29473,0
NWolfCreek(blue)_SHB_12.11.2025,SHB,1573,0,false,2,0.03,0.4436,0.4436,283.4,30704,30705,0
NWolfCreek(blue)_SHB_12.11.2025,SHB,1607,0,false,5,0.08,0.364,0.364,549.3,32572,32576,0
NWolfCreek(blue)_SHB_12.11.2025,SHB,1610,0,duplicate,48,1.02,0.5635,0.6792,552.1,32583,32643,47
NWolfCreek(blue)_SHB_12.11.2025,SHB,1619,1,primary,217,3.85,0.6871,0.7873,1009.4,32717,32947,203
NWolfCreek(blue)_SHB_12.11.2025,SHB,1622,0,duplicate,3,0.05,0.5109,0.5109,572.3,32720,32722,3
NWolfCreek(blue)_SHB_12.11.2025,SHB,1623,1,primary,228,4.05,0.6117,0.7552,552.1,32725,32967,228
NWolfCreek(blue)_SHB_12.11.2025,SHB,1624,0,false,2,0.03,0.391,0.391,519.3,32727,32728,0
NWolfCreek(blue)_SHB_12.11.2025,SHB,1626,0,false,1,0.02,0.3734,0.3734,987.4,32793,32793,0
NWolfCreek(blue)_SHB_12.11.2025,SHB,1633,0,false,3,0.05,0.4143,0.4143,524.5,32874,32876,0
NWolfCreek(blue)_SHB_12.11.2025,SHB,1634,0,duplicate,3,0.05,0.3579,0.3579,891.1,32891,32893,3
NWolfCreek(blue)_SHB_12.11.2025,SHB,1643,0,duplicate,1,0.02,0.3835,0.3835,1006.3,32921,32921,1
NWolfCreek(blue)_SHB_12.11.2025,SHB,1653,0,duplicate,91,2.25,0.4982,0.6275,987.5,32934,33068,91
NWolfCreek(blue)_SHB_12.11.2025,SHB,1657,0,duplicate,9,0.3,0.369,0.4892,986.5,32958,32975,8
NWolfCreek(blue)_SHB_12.11.2025,SHB,1684,0,duplicate,9,0.17,0.4193,0.4833,532.8,32989,32998,9
NWolfCreek(blue)_SHB_12.11.2025,SHB,1697,0,duplicate,77,1.5,0.537,0.6733,551.6,33017,33106,77
NWolfCreek(blue)_SHB_12.11.2025,SHB,1702,1,primary,38,0.82,0.5753,0.7586,769.7,33024,33072,38
NWolfCreek(blue)_SHB_12.11.2025,SHB,1728,0,false,2,0.03,0.2831,0.2831,814.4,33060,33061,0
NWolfCreek(blue)_SHB_12.11.2025,SHB,1739,0,duplicate,6,0.1,0.3499,0.363,683.1,33065,33070,6
NWolfCreek(blue)_SHB_12.11.2025,SHB,1743,0,false,2,0.03,0.3765,0.3765,563.8,33067,33068,0
NWolfCreek(blue)_SHB_12.11.2025,SHB,1750,1,primary,30,0.5,0.5555,0.6936,510.8,33073,33102,22
NWolfCreek(blue)_SHB_12.11.2025,SHB,1751,1,primary,31,0.58,0.646,0.7501,568.7,33074,33108,22
NWolfCreek(blue)_SHB_12.11.2025,SHB,1757,0,duplicate,7,0.12,0.3342,0.3889,569.7,33081,33087,7
NWolfCreek(blue)_SHB_12.11.2025,SHB,1760,1,primary,18,0.3,0.5797,0.6984,569.7,33083,33100,16
NWolfCreek(blue)_SHB_12.11.2025,SHB,1795,0,duplicate,20,0.35,0.6103,0.6972,565.5,33113,33133,20
NWolfCreek(blue)_SHB_12.11.2025,SHB,1797,0,duplicate,4,0.07,0.5305,0.5305,535.3,33113,33116,4
NWolfCreek(blue)_SHB_12.11.2025,SHB,1807,0,false,12,0.25,0.3136,0.4144,633.9,33121,33135,0
NWolfCreek(blue)_SHB_12.11.2025,SHB,1808,0,false,4,0.07,0.355,0.355,689.1,33124,33127,0
NWolfCreek(blue)_SHB_12.11.2025,SHB,1820,0,false,15,1.03,0.6024,0.6827,574.6,33132,33193,0
NWolfCreek(blue)_SHB_12.11.2025,SHB,1841,0,false,10,1.02,0.3947,0.4619,876.6,33147,33207,0
NWolfCreek(blue)_SHB_12.11.2025,SHB,1883,0,false,4,0.08,0.452,0.452,833.7,33184,33188,0
NWolfCreek(blue)_SHB_12.11.2025,SHB,1887,0,false,3,0.05,0.3678,0.3678,564.7,33188,33190,0
NWolfCreek(blue)_SHB_12.11.2025,SHB,1900,0,false,1,0.02,0.4611,0.4611,733.2,33201,33201,0
NWolfCreek(blue)_SHB_12.11.2025,SHB,1904,0,false,5,0.35,0.5471,0.5471,539.9,33206,33226,0
NWolfCreek(blue)_SHB_12.11.2025,SHB,1905,0,false,1,0.02,0.4702,0.4702,531.7,33207,33207,0
NWolfCreek(blue)_SHB_12.11.2025,SHB,1936,0,false,1,0.02,0.4182,0.4182,610.8,33237,33237,0
NWolfCreek(blue)_SHB_12.11.2025,SHB,1939,0,false,2,0.03,0.4,0.4,592.8,33240,33241,0
NWolfCreek(blue)_SHB_12.11.2025,SHB,1957,0,false,1,0.02,0.3978,0.3978,1952.8,33315,33315,0
NWolfCreek(blue)_SHB_12.11.2025,SHB,1985,0,false,10,0.23,0.3853,0.4331,389.7,34846,34859,0
NWolfCreek(blue)_SHB_12.11.2025,SHB,1995,0,false,19,0.4,0.3148,0.38,397.7,34870,34893,0
NWolfCreek(blue)_SHB_12.11.2025,SHB,2090,0,false,122,3.75,0.299,0.4589,441.8,35036,35260,0
NWolfCreek(blue)_SHB_12.11.2025,SHB,2207,0,false,3,0.05,0.3074,0.3074,496.1,35338,35340,0
NWolfCreek(blue)_SHB_12.11.2025,SHB,2235,0,false,21,0.75,0.2687,0.3274,472.0,35369,35413,0
NWolfCreek(blue)_SHB_12.11.2025,SHB,2289,0,false,38,0.83,0.2612,0.3151,439.6,35519,35568,0
NWolfCreek(blue)_SHB_12.11.2025,SHB,2548,0,false,6,0.1,0.2991,0.3047,390.4,36076,36081,0
NWolfCreek(blue)_SHB_12.11.2025,SHB,2597,0,false,51,1.15,0.2949,0.4269,434.7,36155,36223,0
NWolfCreek(blue)_SHB_12.11.2025,SHB,2927,0,false,6,0.1,0.3227,0.3316,446.9,38094,38099,0
NWolfCreek(blue)_SHB_12.11.2025,SHB,3045,0,false,10,0.27,0.3398,0.3964,518.1,38479,38494,0
NWolfCreek(blue)_SHB_12.11.2025,SHB,3082,0,false,33,0.58,0.2719,0.3147,507.6,38566,38600,0
NWolfCreek(blue)_SHB_12.11.2025,SHB,3114,0,false,3,0.05,0.3282,0.3282,517.7,38749,38751,0
NWolfCreek(blue)_SHB_12.11.2025,SHB,3126,0,false,5,0.08,0.307,0.307,572.5,38773,38777,0
NWolfCreek(blue)_SHB_12.11.2025,SHB,3183,0,false,2,0.03,0.2615,0.2615,688.4,38947,38948,0
NWolfCreek(blue)_SHB_12.11.2025,SHB,3197,0,false,6,0.1,0.4706,0.4907,352.2,39947,39952,0
NWolfCreek(blue)_SHB_12.11.2025,SHB,3198,0,false,43,0.77,0.5445,0.7006,286.0,39961,40006,0
NWolfCreek(blue)_SHB_12.11.2025,SHB,3203,0,false,8,0.13,0.3835,0.4732,350.4,39968,39975,0
NWolfCreek(blue)_SHB_12.11.2025,SHB,3205,0,false,24,0.55,0.4572,0.5773,317.6,39980,40012,0
NWolfCreek(blue)_SHB_12.11.2025,SHB,3207,1,primary,83,2.22,0.5934,0.7151,301.5,39983,40115,10
NWolfCreek(blue)_SHB_12.11.2025,SHB,3210,0,false,2,0.03,0.4406,0.4406,249.7,39987,39988,0
NWolfCreek(blue)_SHB_12.11.2025,SHB,3217,0,false,13,0.22,0.4523,0.502,394.4,39998,40010,0
NWolfCreek(blue)_SHB_12.11.2025,SHB,3218,0,false,1,0.02,0.4214,0.4214,271.2,40000,40000,0
NWolfCreek(blue)_SHB_12.11.2025,SHB,3220,0,false,17,0.33,0.5951,0.7147,257.8,40002,40021,0
NWolfCreek(blue)_SHB_12.11.2025,SHB,3229,0,false,14,0.23,0.4974,0.5447,236.4,40012,40025,0
NWolfCreek(blue)_SHB_12.11.2025,SHB,3239,0,false,6,0.25,0.3542,0.4032,327.7,40018,40032,0
NWolfCreek(blue)_SHB_12.11.2025,SHB,3249,0,false,2,0.03,0.4309,0.4309,216.8,40022,40023,0
NWolfCreek(blue)_SHB_12.11.2025,SHB,3253,1,primary,10,0.42,0.3712,0.4005,228.9,40026,40050,3
NWolfCreek(blue)_SHB_12.11.2025,SHB,3257,0,false,5,0.1,0.4485,0.4485,228.3,40030,40035,0
NWolfCreek(blue)_SHB_12.11.2025,SHB,3259,1,primary,21,0.45,0.4925,0.5939,200.5,40031,40057,15
NWolfCreek(blue)_SHB_12.11.2025,SHB,3263,0,duplicate,10,0.17,0.4745,0.5052,223.6,40033,40042,6
NWolfCreek(blue)_SHB_12.11.2025,SHB,3275,1,primary,7,0.12,0.4718,0.4932,211.4,40040,40046,4
NWolfCreek(blue)_SHB_12.11.2025,SHB,3279,0,false,2,0.03,0.3723,0.3723,236.3,40041,40042,0
NWolfCreek(blue)_SHB_12.11.2025,SHB,3284,1,primary,16,0.27,0.473,0.526,189.5,40045,40060,8
NWolfCreek(blue)_SHB_12.11.2025,SHB,3289,0,false,5,0.08,0.5218,0.5218,279.7,40048,40052,0
NWolfCreek(blue)_SHB_12.11.2025,SHB,3296,0,duplicate,14,0.23,0.3928,0.4446,175.3,40050,40063,3
NWolfCreek(blue)_SHB_12.11.2025,SHB,3343,0,false,2,0.03,0.2881,0.2881,217.2,40079,40080,0
NWolfCreek(blue)_SHB_12.11.2025,SHB,3347,0,false,7,0.13,0.4056,0.4446,198.5,40081,40088,0
NWolfCreek(blue)_SHB_12.11.2025,SHB,3381,0,false,1,0.02,0.5848,0.5848,251.5,40100,40100,0
NWolfCreek(blue)_SHB_12.11.2025,SHB,3404,0,false,2,0.03,0.545,0.545,329.4,40125,40126,0
NWolfCreek(blue)_SHB_12.11.2025,SHB,3407,0,false,5,0.15,0.4152,0.4152,306.4,40126,40134,0
NWolfCreek(blue)_SHB_12.11.2025,SHB,3417,0,false,1,0.02,0.3857,0.3857,287.5,40134,40134,0
NWolfCreek(blue)_SHB_12.11.2025,SHB,3432,0,false,32,0.53,0.6187,0.7399,356.6,40141,40172,0
NWolfCreek(blue)_SHB_12.11.2025,SHB,3477,0,false,1,0.02,0.4479,0.4479,397.4,40165,40165,0
NWolfCreek(blue)_SHB_12.11.2025,SHB,3496,0,false,15,0.25,0.5503,0.6234,317.0,40175,40189,0
NWolfCreek(blue)_SHB_12.11.2025,SHB,3533,0,false,4,0.07,0.3009,0.3009,784.9,40216,40219,0
NWolfCreek(blue)_SHB_12.11.2025,SHB,3543,0,false,4,0.07,0.288,0.288,655.7,40286,40289,0
NWolfCreek(blue)_SHB_12.11.2025,SHB,3565,0,false,23,0.42,0.49,0.6727,825.9,40636,40660,0
NWolfCreek(blue)_SHB_12.11.2025,SHB,3580,0,false,2,0.03,0.4438,0.4438,826.9,40843,40844,0
NWolfCreek(blue)_SHB_12.11.2025,SHB,3604,0,false,1,0.02,0.4795,0.4795,392.8,41363,41363,0
NWolfCreek(blue)_SHB_12.11.2025,SHB,3620,0,false,2,0.03,0.4285,0.4285,986.2,42819,42820,0
NWolfCreek(blue)_SHB_12.11.2025,SHB,3625,0,false,3,0.17,0.4561,0.4561,1041.4,42844,42853,0
NWolfCreek(blue)_SHB_12.11.2025,SHB,3628,0,false,1,0.02,0.3667,0.3667,1818.0,42860,42860,0
NWolfCreek(blue)_SHB_12.11.2025,SHB,3631,0,false,12,0.68,0.4928,0.5941,972.6,42869,42909,0
NWolfCreek(blue)_SHB_12.11.2025,SHB,3635,0,false,3,0.07,0.4781,0.4781,605.4,42903,42906,0
NWolfCreek(blue)_SHB_12.11.2025,SHB,3640,0,false,3,0.05,0.4268,0.4268,874.0,42933,42935,0
NWolfCreek(blue)_SHB_12.11.2025,SHB,3645,0,false,1,0.02,0.3869,0.3869,862.6,42989,42989,0
NWolfCreek(blue)_SHB_12.11.2025,SHB,3664,0,false,3,0.05,0.3976,0.3976,550.6,43924,43926,0
NWolfCreek(blue)_SHB_12.11.2025,SHB,3705,0,false,5,0.08,0.5344,0.5344,2215.0,45796,45800,0
NWolfCreek(blue)_SHB_12.11.2025,SHB,3711,0,false,1,0.02,0.459,0.459,1198.5,46220,46220,0
NWolfCreek(blue)_SHB_12.11.2025,SHB,3758,0,false,7,0.22,0.2706,0.2892,624.7,48906,48918,0
NWolfCreek(blue)_SHB_12.11.2025,SHB,3769,0,false,9,0.15,0.594,0.6715,754.2,50930,50938,0
NWolfCreek(blue)_SHB_12.11.2025,SHB,3773,1,primary,28,0.67,0.5937,0.7329,530.6,50999,51038,27
NWolfCreek(blue)_SHB_12.11.2025,SHB,3788,1,primary,2,0.03,0.3224,0.3224,446.7,51041,51042,2
NWolfCreek(blue)_SHB_12.11.2025,SHB,3803,0,duplicate,1,0.02,0.3862,0.3862,406.4,51054,51054,1
NWolfCreek(blue)_SHB_12.11.2025,SHB,3830,0,false,7,0.17,0.3394,0.3925,627.9,51140,51149,0
NWolfCreek(blue)_SHB_12.11.2025,SHB,3836,0,false,3,0.12,0.4158,0.4158,530.8,51146,51152,0
NWolfCreek(blue)_SHB_12.11.2025,SHB,3837,0,false,5,0.55,0.3296,0.3296,654.9,51147,51179,0
NWolfCreek(blue)_SHB_12.11.2025,SHB,3873,0,false,8,0.2,0.3759,0.4284,549.6,51309,51320,0
NWolfCreek(blue)_SHB_12.11.2025,SHB,3874,0,false,11,0.32,0.4466,0.5658,415.3,51349,51367,0
NWolfCreek(blue)_SHB_12.11.2025,SHB,3888,0,false,8,0.25,0.3964,0.479,1186.5,52385,52399,0
NWolfCreek(blue)_SHB_12.11.2025,SHB,3904,0,false,1,0.02,0.4948,0.4948,2492.9,52772,52772,0
NWolfCreek(blue)_SHB_12.11.2025,SHB,3911,0,false,3,0.05,0.4007,0.4007,1542.3,52780,52782,0
NWolfCreek(blue)_SHB_12.11.2025,SHB,3928,0,false,3,0.05,0.6452,0.6452,570.0,53827,53829,0
NWolfCreek(blue)_SHB_12.11.2025,SHB,3930,0,false,1,0.02,0.4446,0.4446,687.6,53829,53829,0
NWolfCreek(blue)_SHB_12.11.2025,SHB,3932,0,false,3,0.05,0.6263,0.6263,587.2,53831,53833,0
NWolfCreek(blue)_SHB_12.11.2025,SHB,3937,0,false,1,0.02,0.6416,0.6416,699.1,53835,53835,0
NWolfCreek(blue)_SHB_12.11.2025,SHB,3980,1,primary,44,0.83,0.5628,0.7425,645.3,54885,54934,43
NWolfCreek(blue)_SHB_12.11.2025,SHB,4030,0,false,2,0.03,0.3302,0.3302,308.2,64687,64688,0
NWolfCreek(blue)_SHB_12.11.2025,SHB,4032,0,false,10,0.85,0.3339,0.4189,1437.4,66387,66437,0
NWolfCreek(blue)_SHB_12.11.2025,SHB,4039,0,false,11,0.25,0.3816,0.5115,1960.0,66478,66492,0
NWolfCreek(blue)_SHB_12.11.2025,SHB,4051,0,false,6,0.1,0.4086,0.4385,1706.4,66677,66682,0
NWolfCreek(blue)_SHB_12.11.2025,SHB,4053,0,false,10,0.6,0.3244,0.4075,1441.9,66724,66759,0
NWolfCreek(blue)_SHB_12.11.2025,SHB,4066,0,false,2,0.03,0.3113,0.3113,402.9,68004,68005,0
NWolfCreek(blue)_SHB_12.11.2025,SHB,4079,0,false,7,0.12,0.3831,0.417,542.8,68047,68053,0
NWolfCreek(blue)_SHB_12.11.2025,SHB,4098,0,false,13,0.22,0.372,0.4327,489.4,68103,68115,0
NWolfCreek(blue)_SHB_12.11.2025,SHB,5098,0,false,9,0.17,0.1667,0.1939,453.3,180,189,0
NWolfCreek(blue)_SHB_12.11.2025,SHB,5099,0,false,3,0.05,0.1156,0.1156,1430.7,429,431,0
NWolfCreek(blue)_SHB_12.11.2025,SHB,5100,0,false,1,0.02,0.1078,0.1078,1943.7,514,514,0
NWolfCreek(blue)_SHB_12.11.2025,SHB,5101,0,false,1,0.02,0.1068,0.1068,754.7,617,617,0
NWolfCreek(blue)_SHB_12.11.2025,SHB,5102,0,false,4,0.05,0.3205,0.3205,974.4,657,659,0
NWolfCreek(blue)_SHB_12.11.2025,SHB,5103,0,false,2,0.03,0.1406,0.1406,1134.6,726,727,0
NWolfCreek(blue)_SHB_12.11.2025,SHB,5104,0,false,1,0.02,0.4938,0.4938,779.4,784,784,0
NWolfCreek(blue)_SHB_12.11.2025,SHB,5105,0,duplicate,5,0.1,0.2348,0.2348,972.6,824,829,3
NWolfCreek(blue)_SHB_12.11.2025,SHB,5106,0,false,1,0.02,0.1068,0.1068,261.0,981,981,0
NWolfCreek(blue)_SHB_12.11.2025,SHB,5107,0,false,1,0.02,0.1475,0.1475,406.3,1008,1008,0
NWolfCreek(blue)_SHB_12.11.2025,SHB,5108,0,false,8,0.58,0.2522,0.2969,333.0,1033,1067,0
NWolfCreek(blue)_SHB_12.11.2025,SHB,5109,0,false,6,0.8,0.2052,0.2243,321.5,1042,1089,0
NWolfCreek(blue)_SHB_12.11.2025,SHB,5110,0,false,8,0.57,0.2501,0.3038,300.1,1043,1076,0
NWolfCreek(blue)_SHB_12.11.2025,SHB,5111,0,false,1,0.02,0.5073,0.5073,372.2,1058,1058,0
NWolfCreek(blue)_SHB_12.11.2025,SHB,5112,0,false,1,0.02,0.188,0.188,351.0,1066,1066,0
NWolfCreek(blue)_SHB_12.11.2025,SHB,5113,0,false,1,0.02,0.2823,0.2823,275.3,1171,1171,0
NWolfCreek(blue)_SHB_12.11.2025,SHB,5114,0,false,1,0.02,0.2528,0.2528,334.4,1452,1452,0
NWolfCreek(blue)_SHB_12.11.2025,SHB,5115,0,false,1,0.02,0.1014,0.1014,519.4,1547,1547,0
NWolfCreek(blue)_SHB_12.11.2025,SHB,5116,0,false,3,0.07,0.2159,0.2159,798.3,2025,2028,0
NWolfCreek(blue)_SHB_12.11.2025,SHB,5117,0,false,1,0.02,0.2616,0.2616,606.3,2042,2042,0
NWolfCreek(blue)_SHB_12.11.2025,SHB,5118,0,false,1,0.02,0.1621,0.1621,521.3,2122,2122,0
NWolfCreek(blue)_SHB_12.11.2025,SHB,5119,0,false,1,0.02,0.1601,0.1601,804.6,2216,2216,0
NWolfCreek(blue)_SHB_12.11.2025,SHB,5120,0,false,1,0.02,0.1745,0.1745,596.4,3361,3361,0
NWolfCreek(blue)_SHB_12.11.2025,SHB,5121,0,false,5,0.13,0.2467,0.2467,652.5,3543,3550,0
NWolfCreek(blue)_SHB_12.11.2025,SHB,5122,0,false,3,0.07,0.2484,0.2484,737.4,3571,3574,0
NWolfCreek(blue)_SHB_12.11.2025,SHB,5123,0,false,1,0.02,0.2637,0.2637,609.5,3624,3624,0
NWolfCreek(blue)_SHB_12.11.2025,SHB,5124,0,false,2,0.03,0.1084,0.1084,759.2,3641,3642,0
NWolfCreek(blue)_SHB_12.11.2025,SHB,5125,0,false,1,0.02,0.3361,0.3361,396.3,3812,3812,0
NWolfCreek(blue)_SHB_12.11.2025,SHB,5126,0,false,1,0.02,0.1371,0.1371,700.0,3853,3853,0
NWolfCreek(blue)_SHB_12.11.2025,SHB,5127,0,false,1,0.02,0.113,0.113,628.7,4088,4088,0
NWolfCreek(blue)_SHB_12.11.2025,SHB,5128,0,false,1,0.02,0.2235,0.2235,752.8,4183,4183,0
NWolfCreek(blue)_SHB_12.11.2025,SHB,5129,0,false,1,0.02,0.302,0.302,3297.1,4273,4273,0
NWolfCreek(blue)_SHB_12.11.2025,SHB,5130,0,false,1,0.02,0.1122,0.1122,484.1,4408,4408,0
NWolfCreek(blue)_SHB_12.11.2025,SHB,5131,0,false,1,0.02,0.1214,0.1214,911.0,4453,4453,0
NWolfCreek(blue)_SHB_12.11.2025,SHB,5132,0,false,1,0.02,0.1574,0.1574,476.5,4541,4541,0
NWolfCreek(blue)_SHB_12.11.2025,SHB,5133,0,false,3,0.05,0.2738,0.2738,1028.8,4594,4596,0
NWolfCreek(blue)_SHB_12.11.2025,SHB,5134,1,primary,15,0.52,0.3372,0.534,694.2,4613,4643,12
NWolfCreek(blue)_SHB_12.11.2025,SHB,5135,0,false,1,0.02,0.4798,0.4798,1051.8,4792,4792,0
NWolfCreek(blue)_SHB_12.11.2025,SHB,5136,0,false,1,0.02,0.1076,0.1076,766.7,4878,4878,0
NWolfCreek(blue)_SHB_12.11.2025,SHB,5137,0,false,1,0.02,0.1294,0.1294,473.3,4916,4916,0
NWolfCreek(blue)_SHB_12.11.2025,SHB,5138,0,false,2,0.03,0.665,0.665,1686.5,4972,4973,0
NWolfCreek(blue)_SHB_12.11.2025,SHB,5139,0,false,1,0.02,0.2374,0.2374,900.8,5016,5016,0
NWolfCreek(blue)_SHB_12.11.2025,SHB,5140,0,false,1,0.02,0.1158,0.1158,539.4,5031,5031,0
NWolfCreek(blue)_SHB_12.11.2025,SHB,5141,0,false,1,0.02,0.2842,0.2842,863.8,5048,5048,0
NWolfCreek(blue)_SHB_12.11.2025,SHB,5142,0,false,1,0.02,0.1124,0.1124,1560.1,5163,5163,0
NWolfCreek(blue)_SHB_12.11.2025,SHB,5143,0,false,1,0.02,0.117,0.117,917.4,5175,5175,0
NWolfCreek(blue)_SHB_12.11.2025,SHB,5144,0,false,2,0.27,0.1434,0.1434,667.3,5408,5423,0
NWolfCreek(blue)_SHB_12.11.2025,SHB,5145,0,false,1,0.02,0.3525,0.3525,1261.9,5412,5412,0
NWolfCreek(blue)_SHB_12.11.2025,SHB,5146,0,false,1,0.02,0.1146,0.1146,463.4,5518,5518,0
NWolfCreek(blue)_SHB_12.11.2025,SHB,5147,0,false,1,0.02,0.2066,0.2066,983.9,5577,5577,0
NWolfCreek(blue)_SHB_12.11.2025,SHB,5148,0,false,1,0.02,0.121,0.121,927.4,5601,5601,0
NWolfCreek(blue)_SHB_12.11.2025,SHB,5149,0,false,1,0.02,0.2674,0.2674,757.5,5891,5891,0
NWolfCreek(blue)_SHB_12.11.2025,SHB,5150,0,false,1,0.02,0.1553,0.1553,1525.1,6022,6022,0
NWolfCreek(blue)_SHB_12.11.2025,SHB,5151,0,false,1,0.02,0.1104,0.1104,502.1,6115,6115,0
NWolfCreek(blue)_SHB_12.11.2025,SHB,5152,0,false,1,0.02,0.2122,0.2122,1575.6,6359,6359,0
NWolfCreek(blue)_SHB_12.11.2025,SHB,5153,0,false,2,0.03,0.2198,0.2198,414.1,6395,6396,0
NWolfCreek(blue)_SHB_12.11.2025,SHB,5154,0,false,1,0.02,0.1202,0.1202,523.9,6452,6452,0
NWolfCreek(blue)_SHB_12.11.2025,SHB,5155,0,false,2,0.03,0.14,0.14,408.9,6538,6539,0
NWolfCreek(blue)_SHB_12.11.2025,SHB,5156,0,false,1,0.02,0.3846,0.3846,729.4,6636,6636,0
NWolfCreek(blue)_SHB_12.11.2025,SHB,5157,0,false,9,0.17,0.1841,0.2114,479.5,6717,6726,0
NWolfCreek(blue)_SHB_12.11.2025,SHB,5158,0,false,1,0.02,0.1384,0.1384,669.0,6736,6736,0
NWolfCreek(blue)_SHB_12.11.2025,SHB,5159,0,false,1,0.02,0.1047,0.1047,848.9,6886,6886,0
NWolfCreek(blue)_SHB_12.11.2025,SHB,5160,0,false,1,0.02,0.1065,0.1065,454.6,6945,6945,0
NWolfCreek(blue)_SHB_12.11.2025,SHB,5161,0,false,1,0.02,0.1026,0.1026,496.7,6949,6949,0
NWolfCreek(blue)_SHB_12.11.2025,SHB,5162,0,false,2,0.07,0.2662,0.2662,1992.9,6954,6957,0
NWolfCreek(blue)_SHB_12.11.2025,SHB,5163,0,false,5,0.22,0.2098,0.2098,1549.3,7013,7025,0
NWolfCreek(blue)_SHB_12.11.2025,SHB,5164,0,false,2,0.1,0.1795,0.1795,2389.9,7128,7133,0
NWolfCreek(blue)_SHB_12.11.2025,SHB,5165,0,false,1,0.02,0.1038,0.1038,485.2,7135,7135,0
NWolfCreek(blue)_SHB_12.11.2025,SHB,5166,0,false,2,0.02,0.1328,0.1328,596.2,7205,7205,0
NWolfCreek(blue)_SHB_12.11.2025,SHB,5167,0,false,2,0.03,0.2879,0.2879,652.5,7219,7220,0
NWolfCreek(blue)_SHB_12.11.2025,SHB,5168,0,false,1,0.02,0.3076,0.3076,460.8,7414,7414,0
NWolfCreek(blue)_SHB_12.11.2025,SHB,5169,0,false,2,0.05,0.1449,0.1449,692.4,7452,7454,0
NWolfCreek(blue)_SHB_12.11.2025,SHB,5170,0,false,1,0.02,0.1807,0.1807,710.7,7538,7538,0
NWolfCreek(blue)_SHB_12.11.2025,SHB,5171,0,false,1,0.02,0.1603,0.1603,498.2,7726,7726,0
NWolfCreek(blue)_SHB_12.11.2025,SHB,5172,0,false,1,0.02,0.1264,0.1264,356.9,7838,7838,0
NWolfCreek(blue)_SHB_12.11.2025,SHB,5173,0,false,1,0.02,0.13,0.13,789.7,7842,7842,0
NWolfCreek(blue)_SHB_12.11.2025,SHB,5174,0,false,1,0.02,0.1237,0.1237,785.8,7850,7850,0
NWolfCreek(blue)_SHB_12.11.2025,SHB,5175,0,false,1,0.02,0.3341,0.3341,711.5,7938,7938,0
NWolfCreek(blue)_SHB_12.11.2025,SHB,5176,0,false,1,0.02,0.2053,0.2053,578.0,7951,7951,0
NWolfCreek(blue)_SHB_12.11.2025,SHB,5177,0,false,1,0.02,0.2842,0.2842,516.5,8074,8074,0
NWolfCreek(blue)_SHB_12.11.2025,SHB,5178,0,false,1,0.02,0.1967,0.1967,719.3,8163,8163,0
NWolfCreek(blue)_SHB_12.11.2025,SHB,5179,0,false,1,0.02,0.1157,0.1157,586.6,8316,8316,0
NWolfCreek(blue)_SHB_12.11.2025,SHB,5180,0,false,1,0.02,0.2105,0.2105,3407.0,8343,8343,0
NWolfCreek(blue)_SHB_12.11.2025,SHB,5181,0,false,1,0.02,0.2419,0.2419,879.9,8495,8495,0
NWolfCreek(blue)_SHB_12.11.2025,SHB,5182,0,false,1,0.02,0.1879,0.1879,628.2,8591,8591,0
NWolfCreek(blue)_SHB_12.11.2025,SHB,5183,0,false,2,0.05,0.3242,0.3242,552.8,8826,8828,0
NWolfCreek(blue)_SHB_12.11.2025,SHB,5184,0,false,1,0.02,0.2277,0.2277,437.7,8878,8878,0
NWolfCreek(blue)_SHB_12.11.2025,SHB,5185,0,false,2,0.03,0.1562,0.1562,446.7,8957,8958,0
NWolfCreek(blue)_SHB_12.11.2025,SHB,5186,0,false,1,0.02,0.1258,0.1258,710.6,9040,9040,0
NWolfCreek(blue)_SHB_12.11.2025,SHB,5187,0,false,5,0.22,0.164,0.164,503.9,9060,9072,0
NWolfCreek(blue)_SHB_12.11.2025,SHB,5188,0,false,1,0.02,0.1949,0.1949,2030.7,9066,9066,0
NWolfCreek(blue)_SHB_12.11.2025,SHB,5189,0,false,1,0.02,0.1752,0.1752,492.7,9192,9192,0
NWolfCreek(blue)_SHB_12.11.2025,SHB,5190,0,false,3,0.05,0.2055,0.2055,726.9,9272,9274,0
NWolfCreek(blue)_SHB_12.11.2025,SHB,5191,0,false,1,0.02,0.2203,0.2203,1079.3,9308,9308,0
NWolfCreek(blue)_SHB_12.11.2025,SHB,5192,0,false,1,0.02,0.2568,0.2568,459.6,9440,9440,0
NWolfCreek(blue)_SHB_12.11.2025,SHB,5193,0,false,1,0.02,0.1224,0.1224,982.9,9550,9550,0
NWolfCreek(blue)_SHB_12.11.2025,SHB,5194,0,false,1,0.02,0.1107,0.1107,2587.9,9604,9604,0
NWolfCreek(blue)_SHB_12.11.2025,SHB,5195,0,false,1,0.02,0.1637,0.1637,1257.0,9704,9704,0
NWolfCreek(blue)_SHB_12.11.2025,SHB,5196,0,false,1,0.02,0.107,0.107,679.6,9712,9712,0
NWolfCreek(blue)_SHB_12.11.2025,SHB,5197,0,false,1,0.02,0.1301,0.1301,1832.9,9742,9742,0
NWolfCreek(blue)_SHB_12.11.2025,SHB,5198,0,false,1,0.02,0.1024,0.1024,776.1,9788,9788,0
NWolfCreek(blue)_SHB_12.11.2025,SHB,5199,0,false,1,0.02,0.1795,0.1795,2515.8,9826,9826,0
NWolfCreek(blue)_SHB_12.11.2025,SHB,5200,0,false,1,0.02,0.1973,0.1973,628.9,9833,9833,0
NWolfCreek(blue)_SHB_12.11.2025,SHB,5201,0,false,1,0.02,0.2186,0.2186,476.1,9911,9911,0
NWolfCreek(blue)_SHB_12.11.2025,SHB,5202,0,false,1,0.02,0.2493,0.2493,377.8,9916,9916,0
NWolfCreek(blue)_SHB_12.11.2025,SHB,5203,0,false,1,0.02,0.1437,0.1437,687.8,9932,9932,0
NWolfCreek(blue)_SHB_12.11.2025,SHB,5204,0,false,1,0.02,0.1078,0.1078,666.7,10018,10018,0
NWolfCreek(blue)_SHB_12.11.2025,SHB,5205,0,false,1,0.02,0.1253,0.1253,476.3,10076,10076,0
NWolfCreek(blue)_SHB_12.11.2025,SHB,5206,0,false,1,0.02,0.1834,0.1834,435.4,10083,10083,0
NWolfCreek(blue)_SHB_12.11.2025,SHB,5207,0,false,4,0.07,0.2217,0.2217,878.7,10096,10099,0
NWolfCreek(blue)_SHB_12.11.2025,SHB,5208,0,false,1,0.02,0.1254,0.1254,427.6,10139,10139,0
NWolfCreek(blue)_SHB_12.11.2025,SHB,5209,0,false,1,0.02,0.1168,0.1168,479.0,10250,10250,0
NWolfCreek(blue)_SHB_12.11.2025,SHB,5210,0,false,1,0.02,0.1711,0.1711,609.6,10334,10334,0
NWolfCreek(blue)_SHB_12.11.2025,SHB,5211,0,false,2,0.38,0.1855,0.1855,824.8,10371,10393,0
NWolfCreek(blue)_SHB_12.11.2025,SHB,5212,0,false,1,0.02,0.112,0.112,1356.8,10613,10613,0
NWolfCreek(blue)_SHB_12.11.2025,SHB,5213,0,false,1,0.02,0.1077,0.1077,977.4,10734,10734,0
NWolfCreek(blue)_SHB_12.11.2025,SHB,5214,0,false,1,0.02,0.1907,0.1907,491.9,10949,10949,0
NWolfCreek(blue)_SHB_12.11.2025,SHB,5215,0,false,1,0.02,0.1805,0.1805,1565.6,11016,11016,0
NWolfCreek(blue)_SHB_12.11.2025,SHB,5216,0,false,1,0.02,0.362,0.362,360.5,11040,11040,0
NWolfCreek(blue)_SHB_12.11.2025,SHB,5217,0,duplicate,25,1.53,0.2226,0.3731,499.6,11057,11148,5
NWolfCreek(blue)_SHB_12.11.2025,SHB,5218,0,false,1,0.02,0.1099,0.1099,531.6,11086,11086,0
NWolfCreek(blue)_SHB_12.11.2025,SHB,5219,0,false,1,0.02,0.1165,0.1165,626.2,11090,11090,0
NWolfCreek(blue)_SHB_12.11.2025,SHB,5220,0,false,3,0.27,0.2747,0.2747,547.2,11115,11130,0
NWolfCreek(blue)_SHB_12.11.2025,SHB,5221,0,false,3,0.05,0.167,0.167,616.7,11117,11119,0
NWolfCreek(blue)_SHB_12.11.2025,SHB,5222,0,false,1,0.02,0.1078,0.1078,545.3,11133,11133,0
NWolfCreek(blue)_SHB_12.11.2025,SHB,5223,0,false,1,0.02,0.1398,0.1398,777.8,11186,11186,0
NWolfCreek(blue)_SHB_12.11.2025,SHB,5224,0,false,1,0.02,0.1352,0.1352,601.9,11192,11192,0
NWolfCreek(blue)_SHB_12.11.2025,SHB,5225,0,false,5,0.08,0.2682,0.2682,351.5,11265,11269,0
NWolfCreek(blue)_SHB_12.11.2025,SHB,5226,0,false,4,0.42,0.1978,0.1978,332.7,11345,11369,0
NWolfCreek(blue)_SHB_12.11.2025,SHB,5227,0,false,4,0.27,0.1754,0.1754,465.2,11353,11368,0
NWolfCreek(blue)_SHB_12.11.2025,SHB,5228,0,false,6,0.18,0.1797,0.1919,331.4,11485,11495,0
NWolfCreek(blue)_SHB_12.11.2025,SHB,5229,0,false,1,0.02,0.1202,0.1202,1033.9,11646,11646,0
NWolfCreek(blue)_SHB_12.11.2025,SHB,5230,0,false,1,0.02,0.2022,0.2022,818.6,11664,11664,0
NWolfCreek(blue)_SHB_12.11.2025,SHB,5231,0,false,1,0.02,0.3307,0.3307,459.9,11682,11682,0
NWolfCreek(blue)_SHB_12.11.2025,SHB,5232,0,false,1,0.02,0.2043,0.2043,542.9,11710,11710,0
NWolfCreek(blue)_SHB_12.11.2025,SHB,5233,0,false,1,0.02,0.1225,0.1225,446.7,11711,11711,0
NWolfCreek(blue)_SHB_12.11.2025,SHB,5234,0,false,1,0.02,0.1384,0.1384,543.1,11714,11714,0
NWolfCreek(blue)_SHB_12.11.2025,SHB,5235,0,false,1,0.02,0.4599,0.4599,2351.1,11870,11870,0
NWolfCreek(blue)_SHB_12.11.2025,SHB,5236,0,false,1,0.02,0.1661,0.1661,525.0,11947,11947,0
NWolfCreek(blue)_SHB_12.11.2025,SHB,5237,0,false,1,0.02,0.4701,0.4701,1993.6,11959,11959,0
NWolfCreek(blue)_SHB_12.11.2025,SHB,5238,0,false,1,0.02,0.2689,0.2689,1096.5,12023,12023,0
NWolfCreek(blue)_SHB_12.11.2025,SHB,5239,0,false,5,0.33,0.2863,0.2863,1707.7,12037,12056,0
NWolfCreek(blue)_SHB_12.11.2025,SHB,5240,0,false,1,0.02,0.1016,0.1016,1965.5,12117,12117,0
NWolfCreek(blue)_SHB_12.11.2025,SHB,5241,0,false,1,0.02,0.2788,0.2788,1530.7,12175,12175,0
NWolfCreek(blue)_SHB_12.11.2025,SHB,5242,0,false,2,0.03,0.1297,0.1297,1053.9,12228,12229,0
NWolfCreek(blue)_SHB_12.11.2025,SHB,5243,0,false,3,0.05,0.2761,0.2761,902.9,12248,12250,0
NWolfCreek(blue)_SHB_12.11.2025,SHB,5244,0,false,1,0.02,0.1075,0.1075,485.7,12259,12259,0
NWolfCreek(blue)_SHB_12.11.2025,SHB,5245,0,false,2,0.03,0.1534,0.1534,409.0,12263,12264,0
NWolfCreek(blue)_SHB_12.11.2025,SHB,5246,0,false,1,0.02,0.1959,0.1959,1359.0,12274,12274,0
NWolfCreek(blue)_SHB_12.11.2025,SHB,5247,0,false,8,0.2,0.1882,0.2158,477.5,12398,12409,0
NWolfCreek(blue)_SHB_12.11.2025,SHB,5248,0,false,3,0.05,0.2369,0.2369,258.4,14013,14015,0
NWolfCreek(blue)_SHB_12.11.2025,SHB,5249,0,false,1,0.02,0.2472,0.2472,250.3,14015,14015,0
NWolfCreek(blue)_SHB_12.11.2025,SHB,5250,0,false,2,0.03,0.1733,0.1733,348.1,14015,14016,0
NWolfCreek(blue)_SHB_12.11.2025,SHB,5251,0,false,3,0.03,0.129,0.129,326.1,14015,14016,0
NWolfCreek(blue)_SHB_12.11.2025,SHB,5252,0,false,2,0.03,0.1186,0.1186,275.4,14015,14016,0
NWolfCreek(blue)_SHB_12.11.2025,SHB,5253,0,false,1,0.02,0.1174,0.1174,345.9,14015,14015,0
NWolfCreek(blue)_SHB_12.11.2025,SHB,5254,0,false,1,0.02,0.1121,0.1121,388.1,14015,14015,0
NWolfCreek(blue)_SHB_12.11.2025,SHB,5255,0,false,1,0.02,0.1361,0.1361,677.6,14373,14373,0
NWolfCreek(blue)_SHB_12.11.2025,SHB,5256,0,false,1,0.02,0.155,0.155,1075.9,14382,14382,0
NWolfCreek(blue)_SHB_12.11.2025,SHB,5257,0,false,1,0.02,0.1327,0.1327,602.9,14393,14393,0
NWolfCreek(blue)_SHB_12.11.2025,SHB,5258,0,false,4,0.23,0.1284,0.1284,766.9,14425,14438,0
NWolfCreek(blue)_SHB_12.11.2025,SHB,5259,0,false,3,0.07,0.2904,0.2904,944.5,14460,14463,0
NWolfCreek(blue)_SHB_12.11.2025,SHB,5260,0,false,1,0.02,0.1151,0.1151,633.7,14492,14492,0
NWolfCreek(blue)_SHB_12.11.2025,SHB,5261,0,false,1,0.02,0.2449,0.2449,1384.4,14520,14520,0
NWolfCreek(blue)_SHB_12.11.2025,SHB,5262,0,false,8,1.07,0.2476,0.287,1622.0,14852,14915,0
NWolfCreek(blue)_SHB_12.11.2025,SHB,5263,0,false,5,0.42,0.2549,0.2549,1371.0,14864,14888,0
NWolfCreek(blue)_SHB_12.11.2025,SHB,5264,0,false,1,0.02,0.2939,0.2939,890.3,14882,14882,0
NWolfCreek(blue)_SHB_12.11.2025,SHB,5265,0,false,4,0.22,0.1802,0.1802,703.8,14902,14914,0
NWolfCreek(blue)_SHB_12.11.2025,SHB,5266,0,false,2,0.03,0.4765,0.4765,642.3,14909,14910,0
NWolfCreek(blue)_SHB_12.11.2025,SHB,5267,0,false,3,0.05,0.3862,0.3862,1346.4,14951,14953,0
NWolfCreek(blue)_SHB_12.11.2025,SHB,5268,0,duplicate,9,0.92,0.5625,0.7244,1907.2,14973,15027,8
NWolfCreek(blue)_SHB_12.11.2025,SHB,5269,0,false,7,0.08,0.2716,0.3305,1789.2,15068,15072,0
NWolfCreek(blue)_SHB_12.11.2025,SHB,5270,0,false,1,0.02,0.1441,0.1441,1836.8,15072,15072,0
NWolfCreek(blue)_SHB_12.11.2025,SHB,5271,0,duplicate,32,0.68,0.2702,0.4476,1721.4,15092,15132,16
NWolfCreek(blue)_SHB_12.11.2025,SHB,5272,0,false,1,0.02,0.1176,0.1176,848.0,15202,15202,0
NWolfCreek(blue)_SHB_12.11.2025,SHB,5273,0,false,1,0.02,0.1486,0.1486,612.8,15208,15208,0
NWolfCreek(blue)_SHB_12.11.2025,SHB,5274,0,false,1,0.02,0.2514,0.2514,1004.9,15255,15255,0
NWolfCreek(blue)_SHB_12.11.2025,SHB,5275,0,false,2,0.02,0.4315,0.4315,1094.0,15298,15298,0
NWolfCreek(blue)_SHB_12.11.2025,SHB,5276,0,false,1,0.02,0.27,0.27,1706.6,15315,15315,0
NWolfCreek(blue)_SHB_12.11.2025,SHB,5277,0,false,3,0.37,0.1491,0.1491,2219.1,15389,15410,0
NWolfCreek(blue)_SHB_12.11.2025,SHB,5278,0,false,4,0.05,0.1818,0.1818,645.2,15607,15609,0
NWolfCreek(blue)_SHB_12.11.2025,SHB,5279,0,false,2,0.02,0.1092,0.1092,1310.4,15609,15609,0
NWolfCreek(blue)_SHB_12.11.2025,SHB,5280,0,false,2,0.07,0.1571,0.1571,523.8,15733,15736,0
NWolfCreek(blue)_SHB_12.11.2025,SHB,5281,0,duplicate,7,1.2,0.255,0.2826,692.1,15861,15932,1
NWolfCreek(blue)_SHB_12.11.2025,SHB,5282,0,false,3,0.05,0.1704,0.1704,371.8,15881,15883,0
NWolfCreek(blue)_SHB_12.11.2025,SHB,5283,0,duplicate,6,0.37,0.2058,0.2249,827.9,15911,15932,3
NWolfCreek(blue)_SHB_12.11.2025,SHB,5284,0,duplicate,24,1.45,0.1947,0.2931,546.3,16071,16157,9
NWolfCreek(blue)_SHB_12.11.2025,SHB,5285,0,duplicate,3,0.07,0.191,0.191,660.7,16072,16075,3
NWolfCreek(blue)_SHB_12.11.2025,SHB,5286,0,false,1,0.02,0.1018,0.1018,462.3,16073,16073,0
NWolfCreek(blue)_SHB_12.11.2025,SHB,5287,0,false,6,0.58,0.1465,0.1558,625.0,16119,16153,0
NWolfCreek(blue)_SHB_12.11.2025,SHB,5288,0,duplicate,15,0.35,0.2025,0.3115,458.7,16201,16221,14
NWolfCreek(blue)_SHB_12.11.2025,SHB,5289,0,duplicate,47,2.85,0.216,0.3738,754.0,16323,16493,15
NWolfCreek(blue)_SHB_12.11.2025,SHB,5290,0,false,11,1.38,0.1755,0.2205,694.5,16336,16418,0
NWolfCreek(blue)_SHB_12.11.2025,SHB,5291,0,false,2,0.03,0.1162,0.1162,591.5,16341,16342,0
NWolfCreek(blue)_SHB_12.11.2025,SHB,5292,0,false,1,0.02,0.1232,0.1232,573.8,16345,16345,0
NWolfCreek(blue)_SHB_12.11.2025,SHB,5293,0,false,1,0.02,0.2844,0.2844,840.6,16349,16349,0
NWolfCreek(blue)_SHB_12.11.2025,SHB,5294,0,false,2,0.03,0.2726,0.2726,846.1,16478,16479,0
NWolfCreek(blue)_SHB_12.11.2025,SHB,5295,0,false,1,0.02,0.1084,0.1084,796.7,16512,16512,0
NWolfCreek(blue)_SHB_12.11.2025,SHB,5296,0,false,7,0.23,0.2051,0.2412,585.3,16560,16573,0
NWolfCreek(blue)_SHB_12.11.2025,SHB,5297,0,false,2,0.03,0.1486,0.1486,515.9,16561,16562,0
NWolfCreek(blue)_SHB_12.11.2025,SHB,5298,0,false,1,0.02,0.1056,0.1056,379.7,16575,16575,0
NWolfCreek(blue)_SHB_12.11.2025,SHB,5299,0,false,5,0.08,0.1553,0.1553,605.8,16647,16651,0
NWolfCreek(blue)_SHB_12.11.2025,SHB,5300,0,false,1,0.02,0.4726,0.4726,642.5,17430,17430,0
NWolfCreek(blue)_SHB_12.11.2025,SHB,5301,0,false,1,0.02,0.3703,0.3703,745.2,17432,17432,0
NWolfCreek(blue)_SHB_12.11.2025,SHB,5302,0,false,1,0.02,0.2082,0.2082,1843.7,17444,17444,0
NWolfCreek(blue)_SHB_12.11.2025,SHB,5303,0,false,1,0.02,0.1215,0.1215,340.4,17502,17502,0
NWolfCreek(blue)_SHB_12.11.2025,SHB,5304,0,false,1,0.02,0.1044,0.1044,402.6,17609,17609,0
NWolfCreek(blue)_SHB_12.11.2025,SHB,5305,0,false,4,0.07,0.1676,0.1676,360.3,20485,20488,0
NWolfCreek(blue)_SHB_12.11.2025,SHB,5306,0,false,3,0.07,0.1155,0.1155,426.3,20756,20759,0
NWolfCreek(blue)_SHB_12.11.2025,SHB,5307,0,false,9,0.38,0.2139,0.2792,1426.5,21717,21739,0
NWolfCreek(blue)_SHB_12.11.2025,SHB,5308,0,false,1,0.02,0.1134,0.1134,868.2,21860,21860,0
NWolfCreek(blue)_SHB_12.11.2025,SHB,5309,0,false,5,0.4,0.3065,0.3065,914.6,21876,21899,0
NWolfCreek(blue)_SHB_12.11.2025,SHB,5310,0,false,1,0.02,0.1646,0.1646,489.0,22928,22928,0
NWolfCreek(blue)_SHB_12.11.2025,SHB,5311,0,false,1,0.02,0.1382,0.1382,666.5,22966,22966,0
NWolfCreek(blue)_SHB_12.11.2025,SHB,5312,0,false,1,0.02,0.1027,0.1027,2718.0,22983,22983,0
NWolfCreek(blue)_SHB_12.11.2025,SHB,5313,0,false,1,0.02,0.1799,0.1799,1353.0,23127,23127,0
NWolfCreek(blue)_SHB_12.11.2025,SHB,5314,0,false,3,0.35,0.1212,0.1212,461.6,23127,23147,0
NWolfCreek(blue)_SHB_12.11.2025,SHB,5315,0,false,3,0.07,0.2835,0.2835,816.5,23598,23601,0
NWolfCreek(blue)_SHB_12.11.2025,SHB,5316,0,false,1,0.02,0.4326,0.4326,1445.2,23637,23637,0
NWolfCreek(blue)_SHB_12.11.2025,SHB,5317,0,false,1,0.02,0.1582,0.1582,566.9,23647,23647,0
NWolfCreek(blue)_SHB_12.11.2025,SHB,5318,0,false,1,0.02,0.138,0.138,298.1,23803,23803,0
NWolfCreek(blue)_SHB_12.11.2025,SHB,5319,0,false,1,0.02,0.2226,0.2226,940.2,23830,23830,0
NWolfCreek(blue)_SHB_12.11.2025,SHB,5320,0,false,1,0.02,0.1561,0.1561,969.9,23919,23919,0
NWolfCreek(blue)_SHB_12.11.2025,SHB,5321,0,false,1,0.02,0.1435,0.1435,846.2,23927,23927,0
NWolfCreek(blue)_SHB_12.11.2025,SHB,5322,0,false,3,0.32,0.113,0.113,359.3,24158,24176,0
NWolfCreek(blue)_SHB_12.11.2025,SHB,5323,0,false,1,0.02,0.1107,0.1107,886.5,24225,24225,0
NWolfCreek(blue)_SHB_12.11.2025,SHB,5324,0,false,1,0.02,0.1573,0.1573,882.1,24234,24234,0
NWolfCreek(blue)_SHB_12.11.2025,SHB,5325,0,false,1,0.02,0.1247,0.1247,436.7,24325,24325,0
NWolfCreek(blue)_SHB_12.11.2025,SHB,5326,0,false,1,0.02,0.1095,0.1095,863.2,24327,24327,0
NWolfCreek(blue)_SHB_12.11.2025,SHB,5327,0,false,1,0.02,0.1467,0.1467,638.6,24328,24328,0
NWolfCreek(blue)_SHB_12.11.2025,SHB,5328,0,false,2,0.03,0.1756,0.1756,1002.9,24386,24387,0
NWolfCreek(blue)_SHB_12.11.2025,SHB,5329,0,false,1,0.02,0.1252,0.1252,490.8,24639,24639,0
NWolfCreek(blue)_SHB_12.11.2025,SHB,5330,0,false,1,0.02,0.1249,0.1249,976.3,24845,24845,0
NWolfCreek(blue)_SHB_12.11.2025,SHB,5331,0,false,2,0.05,0.3725,0.3725,2525.0,24864,24866,0
NWolfCreek(blue)_SHB_12.11.2025,SHB,5332,0,false,1,0.02,0.271,0.271,1089.3,24967,24967,0
NWolfCreek(blue)_SHB_12.11.2025,SHB,5333,0,false,1,0.02,0.1034,0.1034,776.6,25014,25014,0
NWolfCreek(blue)_SHB_12.11.2025,SHB,5334,0,false,3,0.15,0.2737,0.2737,760.7,25064,25072,0
NWolfCreek(blue)_SHB_12.11.2025,SHB,5335,0,false,1,0.02,0.1284,0.1284,2076.6,25066,25066,0
NWolfCreek(blue)_SHB_12.11.2025,SHB,5336,0,duplicate,25,0.28,0.2064,0.3117,622.1,25098,25114,14
NWolfCreek(blue)_SHB_12.11.2025,SHB,5337,0,false,2,0.33,0.3215,0.3215,834.3,25140,25159,0
NWolfCreek(blue)_SHB_12.11.2025,SHB,5338,0,false,4,0.05,0.1775,0.1775,651.0,25148,25150,0
NWolfCreek(blue)_SHB_12.11.2025,SHB,5339,0,false,1,0.02,0.1197,0.1197,844.4,25152,25152,0
NWolfCreek(blue)_SHB_12.11.2025,SHB,5340,0,false,2,0.08,0.2456,0.2456,622.6,25196,25200,0
NWolfCreek(blue)_SHB_12.11.2025,SHB,5341,0,false,1,0.02,0.1187,0.1187,422.1,25239,25239,0
NWolfCreek(blue)_SHB_12.11.2025,SHB,5342,0,false,9,0.17,0.1708,0.2196,342.1,25589,25598,0
NWolfCreek(blue)_SHB_12.11.2025,SHB,5343,0,false,1,0.02,0.1595,0.1595,586.5,25612,25612,0
NWolfCreek(blue)_SHB_12.11.2025,SHB,5344,0,false,5,0.47,0.314,0.314,860.7,25619,25646,0
NWolfCreek(blue)_SHB_12.11.2025,SHB,5345,0,false,2,0.08,0.2026,0.2026,829.4,25642,25646,0
NWolfCreek(blue)_SHB_12.11.2025,SHB,5346,0,false,6,0.25,0.2689,0.2963,682.7,25646,25660,0
NWolfCreek(blue)_SHB_12.11.2025,SHB,5347,0,false,1,0.02,0.1291,0.1291,625.0,25836,25836,0
NWolfCreek(blue)_SHB_12.11.2025,SHB,5348,0,false,3,0.07,0.2481,0.2481,1410.1,25866,25869,0
NWolfCreek(blue)_SHB_12.11.2025,SHB,5349,0,false,4,0.07,0.1534,0.1534,490.9,25893,25896,0
NWolfCreek(blue)_SHB_12.11.2025,SHB,5350,0,false,15,1.2,0.1558,0.2267,1345.8,25960,26031,0
NWolfCreek(blue)_SHB_12.11.2025,SHB,5351,0,false,1,0.02,0.177,0.177,554.8,25965,25965,0
NWolfCreek(blue)_SHB_12.11.2025,SHB,5352,0,false,1,0.02,0.1159,0.1159,411.2,25995,25995,0
NWolfCreek(blue)_SHB_12.11.2025,SHB,5353,0,false,1,0.02,0.12,0.12,545.9,26049,26049,0
NWolfCreek(blue)_SHB_12.11.2025,SHB,5354,0,false,1,0.02,0.1095,0.1095,331.9,26071,26071,0
NWolfCreek(blue)_SHB_12.11.2025,SHB,5355,0,false,14,0.67,0.1722,0.236,561.2,26378,26417,0
NWolfCreek(blue)_SHB_12.11.2025,SHB,5356,0,false,2,0.1,0.276,0.276,2435.5,26610,26615,0
NWolfCreek(blue)_SHB_12.11.2025,SHB,5357,0,false,1,0.02,0.1164,0.1164,977.5,26617,26617,0
NWolfCreek(blue)_SHB_12.11.2025,SHB,5358,0,false,2,0.03,0.1513,0.1513,2422.8,26647,26648,0
NWolfCreek(blue)_SHB_12.11.2025,SHB,5359,0,false,1,0.02,0.1619,0.1619,1106.3,26656,26656,0
NWolfCreek(blue)_SHB_12.11.2025,SHB,5360,0,false,2,0.03,0.1643,0.1643,2692.8,26679,26680,0
NWolfCreek(blue)_SHB_12.11.2025,SHB,5361,0,false,7,0.42,0.1868,0.2154,2832.8,26733,26757,0
NWolfCreek(blue)_SHB_12.11.2025,SHB,5362,0,false,2,0.08,0.3226,0.3226,2828.8,26792,26796,0
NWolfCreek(blue)_SHB_12.11.2025,SHB,5363,0,false,1,0.02,0.1197,0.1197,594.8,26811,26811,0
NWolfCreek(blue)_SHB_12.11.2025,SHB,5364,0,false,45,1.78,0.1712,0.3099,874.7,26892,26998,0
NWolfCreek(blue)_SHB_12.11.2025,SHB,5365,0,false,39,1.92,0.1681,0.2879,718.7,26910,27024,0
NWolfCreek(blue)_SHB_12.11.2025,SHB,5366,0,false,3,0.08,0.1306,0.1306,1060.4,26915,26919,0
NWolfCreek(blue)_SHB_12.11.2025,SHB,5367,0,false,1,0.02,0.1009,0.1009,996.8,26916,26916,0
NWolfCreek(blue)_SHB_12.11.2025,SHB,5368,0,false,22,0.85,0.1644,0.2206,646.1,27055,27105,0
NWolfCreek(blue)_SHB_12.11.2025,SHB,5369,0,false,3,0.18,0.1522,0.1522,615.4,27131,27141,0
NWolfCreek(blue)_SHB_12.11.2025,SHB,5370,0,false,16,0.22,0.2057,0.308,569.5,27172,27184,0
NWolfCreek(blue)_SHB_12.11.2025,SHB,5371,0,false,18,1.07,0.14,0.1949,558.2,27175,27238,0
NWolfCreek(blue)_SHB_12.11.2025,SHB,5372,0,false,9,0.77,0.1645,0.1836,491.5,27200,27245,0
NWolfCreek(blue)_SHB_12.11.2025,SHB,5373,0,false,2,0.07,0.1028,0.1028,548.2,27231,27234,0
NWolfCreek(blue)_SHB_12.11.2025,SHB,5374,0,false,3,0.15,0.1174,0.1174,303.2,27278,27286,0
NWolfCreek(blue)_SHB_12.11.2025,SHB,5375,0,false,1,0.02,0.3332,0.3332,480.9,27291,27291,0
NWolfCreek(blue)_SHB_12.11.2025,SHB,5376,0,false,2,0.02,0.1191,0.1191,474.1,27358,27358,0
NWolfCreek(blue)_SHB_12.11.2025,SHB,5377,0,false,17,0.63,0.1904,0.2734,537.6,27399,27436,0
NWolfCreek(blue)_SHB_12.11.2025,SHB,5378,0,false,4,0.1,0.1664,0.1664,548.6,27404,27409,0
NWolfCreek(blue)_SHB_12.11.2025,SHB,5379,0,false,8,0.28,0.1658,0.1901,384.7,27419,27435,0
NWolfCreek(blue)_SHB_12.11.2025,SHB,5380,0,false,2,0.27,0.1284,0.1284,447.6,27423,27438,0
NWolfCreek(blue)_SHB_12.11.2025,SHB,5381,0,false,3,0.05,0.2273,0.2273,915.4,27500,27502,0
NWolfCreek(blue)_SHB_12.11.2025,SHB,5382,0,false,1,0.02,0.1615,0.1615,1295.5,27514,27514,0
NWolfCreek(blue)_SHB_12.11.2025,SHB,5383,0,false,6,1.17,0.1682,0.1808,902.0,27639,27708,0
NWolfCreek(blue)_SHB_12.11.2025,SHB,5384,0,false,1,0.02,0.1643,0.1643,553.3,27665,27665,0
NWolfCreek(blue)_SHB_12.11.2025,SHB,5385,0,false,9,0.22,0.187,0.2357,870.6,27668,27680,0
NWolfCreek(blue)_SHB_12.11.2025,SHB,5386,0,false,3,0.05,0.1919,0.1919,704.2,27683,27685,0
NWolfCreek(blue)_SHB_12.11.2025,SHB,5387,0,false,2,0.22,0.1193,0.1193,1018.1,27730,27742,0
NWolfCreek(blue)_SHB_12.11.2025,SHB,5388,0,false,2,0.03,0.2614,0.2614,881.1,27863,27864,0
NWolfCreek(blue)_SHB_12.11.2025,SHB,5389,0,false,1,0.02,0.1767,0.1767,724.7,27933,27933,0
NWolfCreek(blue)_SHB_12.11.2025,SHB,5390,0,false,1,0.02,0.1064,0.1064,421.1,27997,27997,0
NWolfCreek(blue)_SHB_12.11.2025,SHB,5391,0,false,1,0.02,0.1987,0.1987,813.9,28144,28144,0
NWolfCreek(blue)_SHB_12.11.2025,SHB,5392,0,false,2,0.08,0.1925,0.1925,1107.4,28211,28215,0
NWolfCreek(blue)_SHB_12.11.2025,SHB,5393,0,false,1,0.02,0.1452,0.1452,893.0,28320,28320,0
NWolfCreek(blue)_SHB_12.11.2025,SHB,5394,0,false,1,0.02,0.1269,0.1269,749.0,28620,28620,0
NWolfCreek(blue)_SHB_12.11.2025,SHB,5395,0,false,1,0.02,0.1255,0.1255,347.8,28687,28687,0
NWolfCreek(blue)_SHB_12.11.2025,SHB,5396,0,false,1,0.02,0.1719,0.1719,741.0,28858,28858,0
NWolfCreek(blue)_SHB_12.11.2025,SHB,5397,0,false,2,0.03,0.1387,0.1387,697.8,29024,29025,0
NWolfCreek(blue)_SHB_12.11.2025,SHB,5398,0,false,1,0.02,0.4004,0.4004,1340.4,29470,29470,0
NWolfCreek(blue)_SHB_12.11.2025,SHB,5399,0,false,1,0.02,0.1357,0.1357,459.9,29570,29570,0
NWolfCreek(blue)_SHB_12.11.2025,SHB,5400,0,false,1,0.02,0.1396,0.1396,484.2,29898,29898,0
NWolfCreek(blue)_SHB_12.11.2025,SHB,5401,0,false,1,0.02,0.1106,0.1106,455.3,29906,29906,0
NWolfCreek(blue)_SHB_12.11.2025,SHB,5402,0,false,1,0.02,0.3014,0.3014,812.0,30401,30401,0
NWolfCreek(blue)_SHB_12.11.2025,SHB,5403,0,false,1,0.02,0.4463,0.4463,508.2,30534,30534,0
NWolfCreek(blue)_SHB_12.11.2025,SHB,5404,0,false,2,0.03,0.1335,0.1335,1770.3,30575,30576,0
NWolfCreek(blue)_SHB_12.11.2025,SHB,5405,0,false,1,0.02,0.2175,0.2175,384.5,30626,30626,0
NWolfCreek(blue)_SHB_12.11.2025,SHB,5406,0,false,1,0.02,0.4161,0.4161,317.5,30654,30654,0
NWolfCreek(blue)_SHB_12.11.2025,SHB,5407,0,false,1,0.02,0.1314,0.1314,1072.9,30672,30672,0
NWolfCreek(blue)_SHB_12.11.2025,SHB,5408,0,false,1,0.02,0.2065,0.2065,303.8,30703,30703,0
NWolfCreek(blue)_SHB_12.11.2025,SHB,5409,0,false,1,0.02,0.1192,0.1192,455.0,30856,30856,0
NWolfCreek(blue)_SHB_12.11.2025,SHB,5410,0,false,1,0.02,0.1586,0.1586,230.9,31351,31351,0
NWolfCreek(blue)_SHB_12.11.2025,SHB,5411,0,false,5,0.12,0.188,0.188,681.0,31601,31607,0
NWolfCreek(blue)_SHB_12.11.2025,SHB,5412,0,false,3,0.07,0.1378,0.1378,480.6,31742,31745,0
NWolfCreek(blue)_SHB_12.11.2025,SHB,5413,0,false,8,0.45,0.1542,0.1681,1011.9,31873,31899,0
NWolfCreek(blue)_SHB_12.11.2025,SHB,5414,0,false,1,0.02,0.1143,0.1143,661.6,31957,31957,0
NWolfCreek(blue)_SHB_12.11.2025,SHB,5415,0,false,9,0.8,0.184,0.2277,1018.1,32051,32098,0
NWolfCreek(blue)_SHB_12.11.2025,SHB,5416,0,false,1,0.02,0.107,0.107,446.6,32117,32117,0
NWolfCreek(blue)_SHB_12.11.2025,SHB,5417,0,false,1,0.02,0.1271,0.1271,479.0,32201,32201,0
NWolfCreek(blue)_SHB_12.11.2025,SHB,5418,0,false,1,0.02,0.1366,0.1366,1157.5,32220,32220,0
NWolfCreek(blue)_SHB_12.11.2025,SHB,5419,0,false,2,0.03,0.1932,0.1932,1022.8,32232,32233,0
NWolfCreek(blue)_SHB_12.11.2025,SHB,5420,0,false,1,0.02,0.1164,0.1164,611.0,32253,32253,0
NWolfCreek(blue)_SHB_12.11.2025,SHB,5421,0,false,1,0.02,0.2627,0.2627,788.4,32255,32255,0
NWolfCreek(blue)_SHB_12.11.2025,SHB,5422,0,false,4,0.28,0.1637,0.1637,643.7,32291,32307,0
NWolfCreek(blue)_SHB_12.11.2025,SHB,5423,0,false,1,0.02,0.1209,0.1209,534.7,32302,32302,0
NWolfCreek(blue)_SHB_12.11.2025,SHB,5424,0,false,5,0.52,0.1479,0.1479,911.8,32334,32364,0
NWolfCreek(blue)_SHB_12.11.2025,SHB,5425,0,false,1,0.02,0.1078,0.1078,528.1,32340,32340,0
NWolfCreek(blue)_SHB_12.11.2025,SHB,5426,0,false,1,0.02,0.1218,0.1218,677.7,32367,32367,0
NWolfCreek(blue)_SHB_12.11.2025,SHB,5427,0,false,2,0.03,0.2047,0.2047,1953.0,32382,32383,0
NWolfCreek(blue)_SHB_12.11.2025,SHB,5428,0,false,1,0.02,0.2006,0.2006,873.1,32417,32417,0
NWolfCreek(blue)_SHB_12.11.2025,SHB,5429,0,false,1,0.02,0.1022,0.1022,278.0,32520,32520,0
NWolfCreek(blue)_SHB_12.11.2025,SHB,5430,0,false,18,0.48,0.1992,0.2991,417.6,32554,32582,0
NWolfCreek(blue)_SHB_12.11.2025,SHB,5431,0,false,2,0.03,0.1895,0.1895,439.5,32580,32581,0
NWolfCreek(blue)_SHB_12.11.2025,SHB,5432,0,duplicate,8,0.6,0.1911,0.2395,483.2,32612,32647,5
NWolfCreek(blue)_SHB_12.11.2025,SHB,5433,0,false,2,0.05,0.1613,0.1613,681.8,32613,32615,0
NWolfCreek(blue)_SHB_12.11.2025,SHB,5434,0,false,3,0.15,0.1787,0.1787,536.6,32708,32716,0
NWolfCreek(blue)_SHB_12.11.2025,SHB,5435,0,duplicate,9,0.12,0.2471,0.3012,1042.7,32917,32923,3
NWolfCreek(blue)_SHB_12.11.2025,SHB,5436,0,duplicate,3,0.05,0.2358,0.2358,1050.8,32918,32920,2
NWolfCreek(blue)_SHB_12.11.2025,SHB,5437,0,false,1,0.02,0.4447,0.4447,1124.4,32922,32922,0
NWolfCreek(blue)_SHB_12.11.2025,SHB,5438,0,duplicate,4,0.42,0.1842,0.1842,595.3,33001,33025,3
NWolfCreek(blue)_SHB_12.11.2025,SHB,5439,0,false,1,0.02,0.1193,0.1193,558.8,33001,33001,0
NWolfCreek(blue)_SHB_12.11.2025,SHB,5440,0,false,2,0.4,0.2037,0.2037,807.5,33002,33025,0
NWolfCreek(blue)_SHB_12.11.2025,SHB,5441,0,false,4,0.08,0.2878,0.2878,628.5,33107,33111,0
NWolfCreek(blue)_SHB_12.11.2025,SHB,5442,0,false,9,0.1,0.2442,0.303,541.7,33107,33112,0
NWolfCreek(blue)_SHB_12.11.2025,SHB,5443,0,duplicate,4,0.07,0.3175,0.3175,599.9,33109,33112,4
NWolfCreek(blue)_SHB_12.11.2025,SHB,5444,0,duplicate,57,2.07,0.2204,0.4336,604.0,33146,33269,10
NWolfCreek(blue)_SHB_12.11.2025,SHB,5445,0,false,2,0.38,0.1295,0.1295,665.6,33146,33168,0
NWolfCreek(blue)_SHB_12.11.2025,SHB,5446,0,duplicate,28,1.27,0.2131,0.3376,647.2,33161,33236,3
NWolfCreek(blue)_SHB_12.11.2025,SHB,5447,0,false,28,0.98,0.24,0.3984,639.6,33166,33224,0
NWolfCreek(blue)_SHB_12.11.2025,SHB,5448,0,false,11,0.23,0.2124,0.3073,760.6,33169,33182,0
NWolfCreek(blue)_SHB_12.11.2025,SHB,5449,0,false,1,0.02,0.1008,0.1008,1036.9,33215,33215,0
NWolfCreek(blue)_SHB_12.11.2025,SHB,5450,0,false,2,0.03,0.1284,0.1284,481.6,33258,33259,0
NWolfCreek(blue)_SHB_12.11.2025,SHB,5451,0,false,10,0.57,0.2109,0.2934,1972.7,33299,33332,0
NWolfCreek(blue)_SHB_12.11.2025,SHB,5452,0,false,1,0.02,0.1079,0.1079,555.5,33451,33451,0
NWolfCreek(blue)_SHB_12.11.2025,SHB,5453,0,false,1,0.02,0.2301,0.2301,752.4,34224,34224,0
NWolfCreek(blue)_SHB_12.11.2025,SHB,5454,0,false,2,0.03,0.1454,0.1454,484.2,34288,34289,0
NWolfCreek(blue)_SHB_12.11.2025,SHB,5455,0,false,1,0.02,0.1166,0.1166,324.1,34576,34576,0
NWolfCreek(blue)_SHB_12.11.2025,SHB,5456,0,false,2,0.03,0.2228,0.2228,296.1,34579,34580,0
NWolfCreek(blue)_SHB_12.11.2025,SHB,5457,0,false,65,2.33,0.1284,0.1855,341.1,34581,34720,0
NWolfCreek(blue)_SHB_12.11.2025,SHB,5458,0,false,1,0.02,0.1223,0.1223,392.1,34752,34752,0
NWolfCreek(blue)_SHB_12.11.2025,SHB,5459,0,false,2,0.03,0.2927,0.2927,349.6,34789,34790,0
NWolfCreek(blue)_SHB_12.11.2025,SHB,5460,0,false,3,0.07,0.1379,0.1379,1663.1,34818,34821,0
NWolfCreek(blue)_SHB_12.11.2025,SHB,5461,0,false,3,0.07,0.1845,0.1845,1843.4,34821,34824,0
NWolfCreek(blue)_SHB_12.11.2025,SHB,5462,0,false,1,0.02,0.2006,0.2006,2857.3,34826,34826,0
NWolfCreek(blue)_SHB_12.11.2025,SHB,5463,0,false,1,0.02,0.2117,0.2117,2868.0,34832,34832,0
NWolfCreek(blue)_SHB_12.11.2025,SHB,5464,0,false,3,0.03,0.1125,0.1125,540.4,34833,34834,0
NWolfCreek(blue)_SHB_12.11.2025,SHB,5465,0,false,169,3.22,0.1776,0.3147,401.0,34843,35035,0
NWolfCreek(blue)_SHB_12.11.2025,SHB,5466,0,false,812,18.23,0.1707,0.311,462.7,35071,36163,0
NWolfCreek(blue)_SHB_12.11.2025,SHB,5467,0,false,7,0.13,0.1368,0.1413,359.6,35179,35186,0
NWolfCreek(blue)_SHB_12.11.2025,SHB,5468,0,false,5,0.12,0.1438,0.1438,360.8,35230,35236,0
NWolfCreek(blue)_SHB_12.11.2025,SHB,5469,0,false,1,0.02,0.1011,0.1011,384.3,35542,35542,0
NWolfCreek(blue)_SHB_12.11.2025,SHB,5470,0,false,3,0.05,0.127,0.127,378.4,35617,35619,0
NWolfCreek(blue)_SHB_12.11.2025,SHB,5471,0,false,3,0.08,0.1128,0.1128,398.3,35708,35712,0
NWolfCreek(blue)_SHB_12.11.2025,SHB,5472,0,false,1,0.02,0.1012,0.1012,379.6,35750,35750,0
NWolfCreek(blue)_SHB_12.11.2025,SHB,5473,0,false,2,0.03,0.1069,0.1069,391.7,35836,35837,0
NWolfCreek(blue)_SHB_12.11.2025,SHB,5474,0,false,21,0.93,0.1291,0.1521,380.5,36027,36082,0
NWolfCreek(blue)_SHB_12.11.2025,SHB,5475,0,false,1,0.02,0.1107,0.1107,361.5,36121,36121,0
NWolfCreek(blue)_SHB_12.11.2025,SHB,5476,0,false,57,2.33,0.1443,0.2064,545.4,36197,36336,0
NWolfCreek(blue)_SHB_12.11.2025,SHB,5477,0,false,435,10.2,0.1481,0.28,666.1,36374,36985,0
NWolfCreek(blue)_SHB_12.11.2025,SHB,5478,0,false,198,7.4,0.1539,0.2912,708.3,37020,37463,0
NWolfCreek(blue)_SHB_12.11.2025,SHB,5479,0,false,3,0.2,0.1088,0.1088,542.5,37525,37536,0
NWolfCreek(blue)_SHB_12.11.2025,SHB,5480,0,false,38,1.82,0.1201,0.1528,669.4,37568,37676,0
NWolfCreek(blue)_SHB_12.11.2025,SHB,5481,0,false,20,1.18,0.1169,0.1294,761.9,37732,37802,0
NWolfCreek(blue)_SHB_12.11.2025,SHB,5482,0,false,273,9.55,0.1622,0.2958,540.4,37839,38411,0
NWolfCreek(blue)_SHB_12.11.2025,SHB,5483,0,false,108,3.35,0.1849,0.3023,558.6,38457,38657,0
NWolfCreek(blue)_SHB_12.11.2025,SHB,5484,0,false,1,0.02,0.1364,0.1364,399.5,38459,38459,0
NWolfCreek(blue)_SHB_12.11.2025,SHB,5485,0,false,129,3.25,0.1708,0.2702,615.9,38703,38897,0
NWolfCreek(blue)_SHB_12.11.2025,SHB,5486,0,false,16,0.43,0.2077,0.3187,675.9,38941,38966,0
NWolfCreek(blue)_SHB_12.11.2025,SHB,5487,0,false,1,0.02,0.1009,0.1009,490.7,39600,39600,0
NWolfCreek(blue)_SHB_12.11.2025,SHB,5488,0,false,3,0.05,0.2697,0.2697,467.6,39712,39714,0
NWolfCreek(blue)_SHB_12.11.2025,SHB,5489,0,false,7,0.33,0.3031,0.3356,257.8,39941,39960,0
NWolfCreek(blue)_SHB_12.11.2025,SHB,5490,0,false,1,0.02,0.2114,0.2114,244.5,39960,39960,0
NWolfCreek(blue)_SHB_12.11.2025,SHB,5491,0,false,1,0.02,0.3766,0.3766,235.2,40064,40064,0
NWolfCreek(blue)_SHB_12.11.2025,SHB,5492,0,false,26,1.27,0.1933,0.2967,347.3,40064,40139,0
NWolfCreek(blue)_SHB_12.11.2025,SHB,5493,0,false,1,0.02,0.1357,0.1357,235.4,40064,40064,0
NWolfCreek(blue)_SHB_12.11.2025,SHB,5494,0,false,23,0.8,0.2139,0.3768,293.4,40092,40139,0
NWolfCreek(blue)_SHB_12.11.2025,SHB,5495,0,false,7,0.77,0.2566,0.3102,308.9,40095,40140,0
NWolfCreek(blue)_SHB_12.11.2025,SHB,5496,0,false,1,0.02,0.1521,0.1521,376.7,40102,40102,0
NWolfCreek(blue)_SHB_12.11.2025,SHB,5497,0,false,1,0.02,0.1832,0.1832,300.5,40117,40117,0
NWolfCreek(blue)_SHB_12.11.2025,SHB,5498,0,false,3,0.28,0.4189,0.4189,340.9,40124,40140,0
NWolfCreek(blue)_SHB_12.11.2025,SHB,5499,0,false,1,0.02,0.2779,0.2779,217.9,40133,40133,0
NWolfCreek(blue)_SHB_12.11.2025,SHB,5500,0,false,30,1.63,0.2062,0.3983,476.5,40173,40270,0
NWolfCreek(blue)_SHB_12.11.2025,SHB,5501,0,false,6,0.37,0.2813,0.3172,405.9,40173,40194,0
NWolfCreek(blue)_SHB_12.11.2025,SHB,5502,0,false,7,0.38,0.2372,0.2868,377.6,40173,40195,0
NWolfCreek(blue)_SHB_12.11.2025,SHB,5503,0,false,4,0.05,0.1349,0.1349,1523.6,40191,40193,0
NWolfCreek(blue)_SHB_12.11.2025,SHB,5504,0,false,1,0.02,0.1176,0.1176,1044.0,40196,40196,0
NWolfCreek(blue)_SHB_12.11.2025,SHB,5505,0,false,2,0.05,0.1521,0.1521,398.7,40199,40201,0
NWolfCreek(blue)_SHB_12.11.2025,SHB,5506,0,false,8,0.5,0.2153,0.2666,639.5,40200,40229,0
NWolfCreek(blue)_SHB_12.11.2025,SHB,5507,0,false,1,0.02,0.118,0.118,916.9,40228,40228,0
NWolfCreek(blue)_SHB_12.11.2025,SHB,5508,0,false,1,0.02,0.2391,0.2391,4383.3,40236,40236,0
NWolfCreek(blue)_SHB_12.11.2025,SHB,5509,0,false,6,0.55,0.1783,0.1914,606.6,40260,40292,0
NWolfCreek(blue)_SHB_12.11.2025,SHB,5510,0,false,6,0.28,0.1697,0.181,577.7,40333,40349,0
NWolfCreek(blue)_SHB_12.11.2025,SHB,5511,0,false,5,0.33,0.2396,0.2396,1079.0,40365,40384,0
NWolfCreek(blue)_SHB_12.11.2025,SHB,5512,0,false,8,0.3,0.2034,0.2515,416.2,40430,40447,0
NWolfCreek(blue)_SHB_12.11.2025,SHB,5513,0,false,2,0.08,0.134,0.134,480.7,40446,40450,0
NWolfCreek(blue)_SHB_12.11.2025,SHB,5514,0,false,2,0.17,0.2068,0.2068,967.8,40461,40470,0
NWolfCreek(blue)_SHB_12.11.2025,SHB,5515,0,false,1,0.02,0.1517,0.1517,970.3,40472,40472,0
NWolfCreek(blue)_SHB_12.11.2025,SHB,5516,0,false,1,0.02,0.1102,0.1102,383.7,40513,40513,0
NWolfCreek(blue)_SHB_12.11.2025,SHB,5517,0,false,8,0.45,0.175,0.2036,461.2,40517,40543,0
NWolfCreek(blue)_SHB_12.11.2025,SHB,5518,0,false,3,0.05,0.382,0.382,951.1,40633,40635,0
NWolfCreek(blue)_SHB_12.11.2025,SHB,5519,0,false,1,0.02,0.2012,0.2012,835.3,40644,40644,0
NWolfCreek(blue)_SHB_12.11.2025,SHB,5520,0,false,4,0.53,0.1823,0.1823,614.7,40662,40693,0
NWolfCreek(blue)_SHB_12.11.2025,SHB,5521,0,false,1,0.02,0.1743,0.1743,1854.0,40663,40663,0
NWolfCreek(blue)_SHB_12.11.2025,SHB,5522,0,false,3,0.05,0.1391,0.1391,894.9,40746,40748,0
NWolfCreek(blue)_SHB_12.11.2025,SHB,5523,0,false,3,0.08,0.1438,0.1438,1053.1,40756,40760,0
NWolfCreek(blue)_SHB_12.11.2025,SHB,5524,0,false,6,0.6,0.1496,0.1587,916.7,40762,40797,0
NWolfCreek(blue)_SHB_12.11.2025,SHB,5525,0,false,1,0.02,0.1453,0.1453,951.2,40797,40797,0
NWolfCreek(blue)_SHB_12.11.2025,SHB,5526,0,false,10,0.37,0.1688,0.2166,486.5,40808,40829,0
NWolfCreek(blue)_SHB_12.11.2025,SHB,5527,0,false,1,0.02,0.1322,0.1322,875.7,40824,40824,0
NWolfCreek(blue)_SHB_12.11.2025,SHB,5528,0,false,5,0.6,0.1902,0.1902,524.5,40827,40862,0
NWolfCreek(blue)_SHB_12.11.2025,SHB,5529,0,false,4,0.13,0.2606,0.2606,830.5,40841,40848,0
NWolfCreek(blue)_SHB_12.11.2025,SHB,5530,0,false,1,0.02,0.106,0.106,509.5,40860,40860,0
NWolfCreek(blue)_SHB_12.11.2025,SHB,5531,0,false,1,0.02,0.1367,0.1367,434.5,40862,40862,0
NWolfCreek(blue)_SHB_12.11.2025,SHB,5532,0,false,1,0.02,0.1867,0.1867,519.6,40872,40872,0
NWolfCreek(blue)_SHB_12.11.2025,SHB,5533,0,false,1,0.02,0.1511,0.1511,658.4,40872,40872,0
NWolfCreek(blue)_SHB_12.11.2025,SHB,5534,0,false,4,0.07,0.2468,0.2468,829.2,40944,40947,0
NWolfCreek(blue)_SHB_12.11.2025,SHB,5535,0,false,4,0.08,0.2453,0.2453,840.9,40950,40954,0
NWolfCreek(blue)_SHB_12.11.2025,SHB,5536,0,false,1,0.02,0.3851,0.3851,987.1,40958,40958,0
NWolfCreek(blue)_SHB_12.11.2025,SHB,5537,0,false,10,0.17,0.2192,0.2879,1048.4,40977,40986,0
NWolfCreek(blue)_SHB_12.11.2025,SHB,5538,0,false,1,0.02,0.1183,0.1183,1682.5,41042,41042,0
NWolfCreek(blue)_SHB_12.11.2025,SHB,5539,0,false,1,0.02,0.1087,0.1087,920.1,41152,41152,0
NWolfCreek(blue)_SHB_12.11.2025,SHB,5540,0,false,2,0.03,0.195,0.195,1560.9,41193,41194,0
NWolfCreek(blue)_SHB_12.11.2025,SHB,5541,0,false,1,0.02,0.128,0.128,1990.9,41249,41249,0
NWolfCreek(blue)_SHB_12.11.2025,SHB,5542,0,false,1,0.02,0.2771,0.2771,425.3,41362,41362,0
NWolfCreek(blue)_SHB_12.11.2025,SHB,5543,0,false,1,0.02,0.1764,0.1764,3027.8,41378,41378,0
NWolfCreek(blue)_SHB_12.11.2025,SHB,5544,0,false,1,0.02,0.1141,0.1141,973.4,41565,41565,0
NWolfCreek(blue)_SHB_12.11.2025,SHB,5545,0,false,5,0.23,0.1854,0.1854,326.1,41583,41596,0
NWolfCreek(blue)_SHB_12.11.2025,SHB,5546,0,false,1,0.02,0.1177,0.1177,1188.4,41650,41650,0
NWolfCreek(blue)_SHB_12.11.2025,SHB,5547,0,false,1,0.02,0.1379,0.1379,906.7,41769,41769,0
NWolfCreek(blue)_SHB_12.11.2025,SHB,5548,0,false,1,0.02,0.1637,0.1637,448.4,41927,41927,0
NWolfCreek(blue)_SHB_12.11.2025,SHB,5549,0,false,2,0.03,0.1487,0.1487,549.6,41991,41992,0
NWolfCreek(blue)_SHB_12.11.2025,SHB,5550,0,false,1,0.02,0.3344,0.3344,827.3,42198,42198,0
NWolfCreek(blue)_SHB_12.11.2025,SHB,5551,0,false,1,0.02,0.1354,0.1354,1216.4,42217,42217,0
NWolfCreek(blue)_SHB_12.11.2025,SHB,5552,0,false,1,0.02,0.2187,0.2187,659.0,42403,42403,0
NWolfCreek(blue)_SHB_12.11.2025,SHB,5553,0,false,3,0.12,0.2253,0.2253,2367.7,42683,42689,0
NWolfCreek(blue)_SHB_12.11.2025,SHB,5554,0,false,5,0.43,0.164,0.164,947.6,42752,42777,0
NWolfCreek(blue)_SHB_12.11.2025,SHB,5555,0,false,25,2.23,0.2371,0.396,1017.7,42803,42936,0
NWolfCreek(blue)_SHB_12.11.2025,SHB,5556,0,false,3,0.32,0.2181,0.2181,885.2,42832,42850,0
NWolfCreek(blue)_SHB_12.11.2025,SHB,5557,0,false,2,0.03,0.1897,0.1897,1755.0,42837,42838,0
NWolfCreek(blue)_SHB_12.11.2025,SHB,5558,0,false,1,0.02,0.1247,0.1247,572.8,42926,42926,0
NWolfCreek(blue)_SHB_12.11.2025,SHB,5559,0,false,6,0.43,0.2473,0.2702,637.2,42973,42998,0
NWolfCreek(blue)_SHB_12.11.2025,SHB,5560,0,false,1,0.02,0.1055,0.1055,653.3,42999,42999,0
NWolfCreek(blue)_SHB_12.11.2025,SHB,5561,0,false,4,0.07,0.2575,0.2575,813.0,43000,43003,0
NWolfCreek(blue)_SHB_12.11.2025,SHB,5562,0,false,3,0.05,0.2254,0.2254,1193.1,43074,43076,0
NWolfCreek(blue)_SHB_12.11.2025,SHB,5563,0,false,1,0.02,0.1224,0.1224,626.2,43146,43146,0
NWolfCreek(blue)_SHB_12.11.2025,SHB,5564,0,false,1,0.02,0.1015,0.1015,1012.3,43171,43171,0
NWolfCreek(blue)_SHB_12.11.2025,SHB,5565,0,false,2,0.05,0.1351,0.1351,406.3,43227,43229,0
NWolfCreek(blue)_SHB_12.11.2025,SHB,5566,0,false,1,0.02,0.1317,0.1317,1011.4,43269,43269,0
NWolfCreek(blue)_SHB_12.11.2025,SHB,5567,0,false,1,0.02,0.1909,0.1909,1027.9,43309,43309,0
NWolfCreek(blue)_SHB_12.11.2025,SHB,5568,0,false,1,0.02,0.1373,0.1373,1242.0,43487,43487,0
NWolfCreek(blue)_SHB_12.11.2025,SHB,5569,0,false,1,0.02,0.1302,0.1302,1075.8,43678,43678,0
NWolfCreek(blue)_SHB_12.11.2025,SHB,5570,0,false,36,0.82,0.2284,0.4422,621.6,43898,43946,0
NWolfCreek(blue)_SHB_12.11.2025,SHB,5571,0,false,1,0.02,0.2957,0.2957,1554.3,43902,43902,0
NWolfCreek(blue)_SHB_12.11.2025,SHB,5572,0,false,5,0.12,0.2778,0.2778,1311.8,43948,43954,0
NWolfCreek(blue)_SHB_12.11.2025,SHB,5573,0,false,6,0.1,0.1413,0.147,305.6,44048,44053,0
NWolfCreek(blue)_SHB_12.11.2025,SHB,5574,0,false,5,0.25,0.1285,0.1285,607.9,44049,44063,0
NWolfCreek(blue)_SHB_12.11.2025,SHB,5575,0,false,1,0.02,0.2801,0.2801,598.8,44082,44082,0
NWolfCreek(blue)_SHB_12.11.2025,SHB,5576,0,false,1,0.02,0.1342,0.1342,1481.7,44124,44124,0
NWolfCreek(blue)_SHB_12.11.2025,SHB,5577,0,false,1,0.02,0.1384,0.1384,590.7,44139,44139,0
NWolfCreek(blue)_SHB_12.11.2025,SHB,5578,0,false,2,0.22,0.1141,0.1141,467.3,44176,44188,0
NWolfCreek(blue)_SHB_12.11.2025,SHB,5579,0,false,1,0.02,0.1141,0.1141,842.5,44348,44348,0
NWolfCreek(blue)_SHB_12.11.2025,SHB,5580,0,false,1,0.02,0.1685,0.1685,2429.2,44530,44530,0
NWolfCreek(blue)_SHB_12.11.2025,SHB,5581,0,false,1,0.02,0.1014,0.1014,666.7,44580,44580,0
NWolfCreek(blue)_SHB_12.11.2025,SHB,5582,0,false,3,0.08,0.2448,0.2448,1779.6,44585,44589,0
NWolfCreek(blue)_SHB_12.11.2025,SHB,5583,0,false,1,0.02,0.2409,0.2409,973.3,44622,44622,0
NWolfCreek(blue)_SHB_12.11.2025,SHB,5584,0,false,1,0.02,0.1925,0.1925,1555.4,44747,44747,0
NWolfCreek(blue)_SHB_12.11.2025,SHB,5585,0,false,2,0.03,0.2488,0.2488,371.3,44986,44987,0
NWolfCreek(blue)_SHB_12.11.2025,SHB,5586,0,false,2,0.05,0.1639,0.1639,386.8,45016,45018,0
NWolfCreek(blue)_SHB_12.11.2025,SHB,5587,0,false,1,0.02,0.1345,0.1345,503.9,45029,45029,0
NWolfCreek(blue)_SHB_12.11.2025,SHB,5588,0,false,1,0.02,0.2609,0.2609,1215.0,45070,45070,0
NWolfCreek(blue)_SHB_12.11.2025,SHB,5589,0,false,1,0.02,0.1142,0.1142,1381.1,45112,45112,0
NWolfCreek(blue)_SHB_12.11.2025,SHB,5590,0,false,1,0.02,0.1896,0.1896,736.3,45220,45220,0
NWolfCreek(blue)_SHB_12.11.2025,SHB,5591,0,false,1,0.02,0.3882,0.3882,648.0,45296,45296,0
NWolfCreek(blue)_SHB_12.11.2025,SHB,5592,0,false,6,0.3,0.148,0.1571,743.2,45616,45633,0
NWolfCreek(blue)_SHB_12.11.2025,SHB,5593,0,false,2,0.07,0.4245,0.4245,938.9,45632,45635,0
NWolfCreek(blue)_SHB_12.11.2025,SHB,5594,0,false,2,0.33,0.2776,0.2776,1167.8,45745,45764,0
NWolfCreek(blue)_SHB_12.11.2025,SHB,5595,0,false,5,0.2,0.34,0.34,1578.5,45794,45805,0
NWolfCreek(blue)_SHB_12.11.2025,SHB,5596,0,false,2,0.03,0.1763,0.1763,614.5,45971,45972,0
NWolfCreek(blue)_SHB_12.11.2025,SHB,5597,0,false,1,0.02,0.156,0.156,1183.5,46200,46200,0
NWolfCreek(blue)_SHB_12.11.2025,SHB,5598,0,false,3,0.07,0.2469,0.2469,879.4,46219,46222,0
NWolfCreek(blue)_SHB_12.11.2025,SHB,5599,0,false,1,0.02,0.1221,0.1221,1069.4,46360,46360,0
NWolfCreek(blue)_SHB_12.11.2025,SHB,5600,0,false,1,0.02,0.3049,0.3049,1212.7,46439,46439,0
NWolfCreek(blue)_SHB_12.11.2025,SHB,5601,0,false,1,0.02,0.1773,0.1773,611.2,46484,46484,0
NWolfCreek(blue)_SHB_12.11.2025,SHB,5602,0,false,1,0.02,0.1057,0.1057,637.2,46486,46486,0
NWolfCreek(blue)_SHB_12.11.2025,SHB,5603,0,false,3,0.05,0.1333,0.1333,700.7,46495,46497,0
NWolfCreek(blue)_SHB_12.11.2025,SHB,5604,0,false,3,0.05,0.2023,0.2023,563.2,46514,46516,0
NWolfCreek(blue)_SHB_12.11.2025,SHB,5605,0,false,1,0.02,0.1808,0.1808,600.7,46520,46520,0
NWolfCreek(blue)_SHB_12.11.2025,SHB,5606,0,false,1,0.02,0.1613,0.1613,420.7,46697,46697,0
NWolfCreek(blue)_SHB_12.11.2025,SHB,5607,0,false,1,0.02,0.2914,0.2914,503.5,46730,46730,0
NWolfCreek(blue)_SHB_12.11.2025,SHB,5608,0,false,4,0.07,0.2287,0.2287,1810.2,46813,46816,0
NWolfCreek(blue)_SHB_12.11.2025,SHB,5609,0,false,1,0.02,0.1053,0.1053,1967.3,46821,46821,0
NWolfCreek(blue)_SHB_12.11.2025,SHB,5610,0,false,1,0.02,0.1272,0.1272,3992.7,46865,46865,0
NWolfCreek(blue)_SHB_12.11.2025,SHB,5611,0,false,1,0.02,0.1675,0.1675,500.1,46877,46877,0
NWolfCreek(blue)_SHB_12.11.2025,SHB,5612,0,false,1,0.02,0.2377,0.2377,494.9,46922,46922,0
NWolfCreek(blue)_SHB_12.11.2025,SHB,5613,0,false,4,0.3,0.2932,0.2932,744.0,47001,47018,0
NWolfCreek(blue)_SHB_12.11.2025,SHB,5614,0,false,1,0.02,0.133,0.133,471.5,47278,47278,0
NWolfCreek(blue)_SHB_12.11.2025,SHB,5615,0,false,1,0.02,0.1205,0.1205,659.2,47318,47318,0
NWolfCreek(blue)_SHB_12.11.2025,SHB,5616,0,false,1,0.02,0.253,0.253,608.2,47378,47378,0
NWolfCreek(blue)_SHB_12.11.2025,SHB,5617,0,false,1,0.02,0.1352,0.1352,788.2,47497,47497,0
NWolfCreek(blue)_SHB_12.11.2025,SHB,5618,0,false,1,0.02,0.228,0.228,492.5,47527,47527,0
NWolfCreek(blue)_SHB_12.11.2025,SHB,5619,0,false,4,0.73,0.2664,0.2664,704.1,47549,47592,0
NWolfCreek(blue)_SHB_12.11.2025,SHB,5620,0,false,1,0.02,0.116,0.116,948.6,47618,47618,0
NWolfCreek(blue)_SHB_12.11.2025,SHB,5621,0,false,3,0.12,0.3208,0.3208,910.4,47628,47634,0
NWolfCreek(blue)_SHB_12.11.2025,SHB,5622,0,false,1,0.02,0.1732,0.1732,749.5,47652,47652,0
NWolfCreek(blue)_SHB_12.11.2025,SHB,5623,0,false,1,0.02,0.1489,0.1489,572.1,47723,47723,0
NWolfCreek(blue)_SHB_12.11.2025,SHB,5624,0,false,2,0.03,0.1799,0.1799,1059.4,47755,47756,0
NWolfCreek(blue)_SHB_12.11.2025,SHB,5625,0,false,1,0.02,0.1088,0.1088,408.1,47759,47759,0
NWolfCreek(blue)_SHB_12.11.2025,SHB,5626,0,false,2,0.03,0.1237,0.1237,410.0,47788,47789,0
NWolfCreek(blue)_SHB_12.11.2025,SHB,5627,0,false,3,0.05,0.2607,0.2607,566.2,47857,47859,0
NWolfCreek(blue)_SHB_12.11.2025,SHB,5628,0,false,2,0.03,0.2139,0.2139,494.3,47875,47876,0
NWolfCreek(blue)_SHB_12.11.2025,SHB,5629,0,false,2,0.12,0.1638,0.1638,1043.4,47990,47996,0
NWolfCreek(blue)_SHB_12.11.2025,SHB,5630,0,false,1,0.02,0.1409,0.1409,248.9,48072,48072,0
NWolfCreek(blue)_SHB_12.11.2025,SHB,5631,0,false,4,0.57,0.1874,0.1874,1192.2,48142,48175,0
NWolfCreek(blue)_SHB_12.11.2025,SHB,5632,0,false,2,0.15,0.1522,0.1522,477.8,48212,48220,0
NWolfCreek(blue)_SHB_12.11.2025,SHB,5633,0,false,1,0.02,0.1489,0.1489,535.9,48235,48235,0
NWolfCreek(blue)_SHB_12.11.2025,SHB,5634,0,false,1,0.02,0.1007,0.1007,805.1,48286,48286,0
NWolfCreek(blue)_SHB_12.11.2025,SHB,5635,0,false,1,0.02,0.1356,0.1356,459.7,48301,48301,0
NWolfCreek(blue)_SHB_12.11.2025,SHB,5636,0,false,4,0.28,0.1668,0.1668,751.3,48331,48347,0
NWolfCreek(blue)_SHB_12.11.2025,SHB,5637,0,false,4,0.17,0.1255,0.1255,495.5,48379,48388,0
NWolfCreek(blue)_SHB_12.11.2025,SHB,5638,0,false,1,0.02,0.1161,0.1161,386.7,48384,48384,0
NWolfCreek(blue)_SHB_12.11.2025,SHB,5639,0,false,3,0.05,0.1104,0.1104,522.5,48469,48471,0
NWolfCreek(blue)_SHB_12.11.2025,SHB,5640,0,false,2,0.03,0.1544,0.1544,413.6,48471,48472,0
NWolfCreek(blue)_SHB_12.11.2025,SHB,5641,0,false,1,0.02,0.3329,0.3329,1190.3,48500,48500,0
NWolfCreek(blue)_SHB_12.11.2025,SHB,5642,0,false,1,0.02,0.1618,0.1618,480.0,48548,48548,0
NWolfCreek(blue)_SHB_12.11.2025,SHB,5643,0,false,1,0.02,0.2334,0.2334,543.2,48636,48636,0
NWolfCreek(blue)_SHB_12.11.2025,SHB,5644,0,false,1,0.02,0.2571,0.2571,782.2,48646,48646,0
NWolfCreek(blue)_SHB_12.11.2025,SHB,5645,0,false,11,0.32,0.1904,0.2384,633.7,48901,48919,0
NWolfCreek(blue)_SHB_12.11.2025,SHB,5646,0,false,1,0.02,0.1023,0.1023,507.0,49347,49347,0
NWolfCreek(blue)_SHB_12.11.2025,SHB,5647,0,false,1,0.02,0.1929,0.1929,860.2,49368,49368,0
NWolfCreek(blue)_SHB_12.11.2025,SHB,5648,0,false,1,0.02,0.1895,0.1895,1461.9,50354,50354,0
NWolfCreek(blue)_SHB_12.11.2025,SHB,5649,0,false,1,0.02,0.1581,0.1581,793.7,50616,50616,0
NWolfCreek(blue)_SHB_12.11.2025,SHB,5650,0,false,1,0.02,0.1081,0.1081,1277.4,50689,50689,0
NWolfCreek(blue)_SHB_12.11.2025,SHB,5651,0,false,1,0.02,0.3498,0.3498,928.3,50695,50695,0
NWolfCreek(blue)_SHB_12.11.2025,SHB,5652,0,false,1,0.02,0.3965,0.3965,831.4,50796,50796,0
NWolfCreek(blue)_SHB_12.11.2025,SHB,5653,0,false,1,0.02,0.1046,0.1046,1249.5,50866,50866,0
NWolfCreek(blue)_SHB_12.11.2025,SHB,5654,0,duplicate,42,3.18,0.2086,0.3973,637.1,50927,51117,6
NWolfCreek(blue)_SHB_12.11.2025,SHB,5655,1,primary,15,0.37,0.1753,0.2509,416.1,51035,51056,6
NWolfCreek(blue)_SHB_12.11.2025,SHB,5656,0,duplicate,34,2.65,0.2174,0.3546,578.5,51040,51198,6
NWolfCreek(blue)_SHB_12.11.2025,SHB,5657,0,false,2,0.07,0.159,0.159,511.6,51073,51076,0
NWolfCreek(blue)_SHB_12.11.2025,SHB,5658,0,false,16,1.07,0.1976,0.2766,563.9,51127,51190,0
NWolfCreek(blue)_SHB_12.11.2025,SHB,5659,0,false,4,0.07,0.213,0.213,694.3,51136,51139,0
NWolfCreek(blue)_SHB_12.11.2025,SHB,5660,0,false,15,0.32,0.1918,0.2722,616.3,51255,51273,0
NWolfCreek(blue)_SHB_12.11.2025,SHB,5661,0,false,6,0.1,0.1459,0.1539,459.8,51269,51274,0
NWolfCreek(blue)_SHB_12.11.2025,SHB,5662,0,false,13,1.15,0.176,0.2505,453.6,51306,51374,0
NWolfCreek(blue)_SHB_12.11.2025,SHB,5663,0,false,1,0.02,0.1778,0.1778,1777.7,51492,51492,0
NWolfCreek(blue)_SHB_12.11.2025,SHB,5664,0,false,1,0.02,0.1652,0.1652,526.3,51553,51553,0
NWolfCreek(blue)_SHB_12.11.2025,SHB,5665,0,false,1,0.02,0.1824,0.1824,873.8,51930,51930,0
NWolfCreek(blue)_SHB_12.11.2025,SHB,5666,0,false,1,0.02,0.3954,0.3954,2238.8,52026,52026,0
NWolfCreek(blue)_SHB_12.11.2025,SHB,5667,0,false,2,0.03,0.2925,0.2925,932.4,52109,52110,0
NWolfCreek(blue)_SHB_12.11.2025,SHB,5668,0,false,1,0.02,0.1773,0.1773,963.6,52130,52130,0
NWolfCreek(blue)_SHB_12.11.2025,SHB,5669,0,false,1,0.02,0.1883,0.1883,932.6,52165,52165,0
NWolfCreek(blue)_SHB_12.11.2025,SHB,5670,0,false,10,0.63,0.2424,0.3234,1235.2,52380,52417,0
NWolfCreek(blue)_SHB_12.11.2025,SHB,5671,0,false,5,0.6,0.237,0.237,2171.0,52402,52437,0
NWolfCreek(blue)_SHB_12.11.2025,SHB,5672,0,false,5,0.28,0.1771,0.1771,1666.3,52442,52458,0
NWolfCreek(blue)_SHB_12.11.2025,SHB,5673,0,false,1,0.02,0.3105,0.3105,768.7,52454,52454,0
NWolfCreek(blue)_SHB_12.11.2025,SHB,5674,0,false,2,0.03,0.1715,0.1715,505.9,52542,52543,0
NWolfCreek(blue)_SHB_12.11.2025,SHB,5675,0,false,2,0.03,0.1271,0.1271,786.5,52556,52557,0
NWolfCreek(blue)_SHB_12.11.2025,SHB,5676,0,false,14,0.48,0.2911,0.3912,1912.8,52771,52799,0
NWolfCreek(blue)_SHB_12.11.2025,SHB,5677,0,false,1,0.02,0.2647,0.2647,1146.9,52859,52859,0
NWolfCreek(blue)_SHB_12.11.2025,SHB,5678,0,false,3,0.05,0.2964,0.2964,535.5,52881,52883,0
NWolfCreek(blue)_SHB_12.11.2025,SHB,5679,0,false,1,0.02,0.2347,0.2347,1151.3,52988,52988,0
NWolfCreek(blue)_SHB_12.11.2025,SHB,5680,0,false,1,0.02,0.1346,0.1346,347.7,53091,53091,0
NWolfCreek(blue)_SHB_12.11.2025,SHB,5681,0,false,1,0.02,0.1021,0.1021,319.0,53535,53535,0
NWolfCreek(blue)_SHB_12.11.2025,SHB,5682,0,false,8,0.12,0.3457,0.4608,605.0,53820,53826,0
NWolfCreek(blue)_SHB_12.11.2025,SHB,5683,0,false,3,0.15,0.3329,0.3329,597.1,53822,53830,0
NWolfCreek(blue)_SHB_12.11.2025,SHB,5684,0,false,16,0.53,0.3094,0.5229,619.3,53823,53854,0
NWolfCreek(blue)_SHB_12.11.2025,SHB,5685,0,false,1,0.02,0.3151,0.3151,584.2,53830,53830,0
NWolfCreek(blue)_SHB_12.11.2025,SHB,5686,0,false,7,0.6,0.2533,0.31,875.1,53885,53920,0
NWolfCreek(blue)_SHB_12.11.2025,SHB,5687,0,false,1,0.02,0.1559,0.1559,1115.8,53912,53912,0
NWolfCreek(blue)_SHB_12.11.2025,SHB,5688,0,false,12,0.43,0.2061,0.3199,612.3,54019,54044,0
NWolfCreek(blue)_SHB_12.11.2025,SHB,5689,0,false,6,0.13,0.172,0.1862,837.9,54043,54050,0
NWolfCreek(blue)_SHB_12.11.2025,SHB,5690,0,false,6,0.17,0.2655,0.2917,590.3,54051,54060,0
NWolfCreek(blue)_SHB_12.11.2025,SHB,5691,0,false,2,0.33,0.1925,0.1925,773.3,54065,54084,0
NWolfCreek(blue)_SHB_12.11.2025,SHB,5692,0,false,1,0.02,0.1662,0.1662,547.0,54249,54249,0
NWolfCreek(blue)_SHB_12.11.2025,SHB,5693,0,false,6,0.12,0.1833,0.1998,749.5,54256,54262,0
NWolfCreek(blue)_SHB_12.11.2025,SHB,5694,0,false,1,0.02,0.4073,0.4073,2698.0,54259,54259,0
NWolfCreek(blue)_SHB_12.11.2025,SHB,5695,0,false,2,0.03,0.2646,0.2646,998.1,54266,54267,0
NWolfCreek(blue)_SHB_12.11.2025,SHB,5696,0,false,4,0.07,0.2407,0.2407,1442.3,54360,54363,0
NWolfCreek(blue)_SHB_12.11.2025,SHB,5697,0,false,1,0.02,0.1185,0.1185,570.1,54514,54514,0
NWolfCreek(blue)_SHB_12.11.2025,SHB,5698,0,false,1,0.02,0.1967,0.1967,542.5,54801,54801,0
NWolfCreek(blue)_SHB_12.11.2025,SHB,5699,0,false,1,0.02,0.2234,0.2234,659.5,54853,54853,0
NWolfCreek(blue)_SHB_12.11.2025,SHB,5700,0,duplicate,5,0.1,0.5134,0.5134,552.1,54879,54884,4
NWolfCreek(blue)_SHB_12.11.2025,SHB,5701,0,duplicate,1,0.02,0.1692,0.1692,587.9,54906,54906,1
NWolfCreek(blue)_SHB_12.11.2025,SHB,5702,0,duplicate,3,0.07,0.2091,0.2091,784.3,54930,54933,2
NWolfCreek(blue)_SHB_12.11.2025,SHB,5703,0,false,1,0.02,0.1098,0.1098,519.0,55063,55063,0
NWolfCreek(blue)_SHB_12.11.2025,SHB,5704,0,false,1,0.02,0.2634,0.2634,1988.5,55079,55079,0
NWolfCreek(blue)_SHB_12.11.2025,SHB,5705,0,false,1,0.02,0.1231,0.1231,602.8,55094,55094,0
NWolfCreek(blue)_SHB_12.11.2025,SHB,5706,0,false,1,0.02,0.2914,0.2914,475.3,55133,55133,0
NWolfCreek(blue)_SHB_12.11.2025,SHB,5707,0,false,1,0.02,0.2442,0.2442,931.9,55241,55241,0
NWolfCreek(blue)_SHB_12.11.2025,SHB,5708,0,false,1,0.02,0.1925,0.1925,649.8,55266,55266,0
NWolfCreek(blue)_SHB_12.11.2025,SHB,5709,0,false,1,0.02,0.1841,0.1841,531.1,55288,55288,0
NWolfCreek(blue)_SHB_12.11.2025,SHB,5710,0,false,1,0.02,0.1052,0.1052,597.5,55307,55307,0
NWolfCreek(blue)_SHB_12.11.2025,SHB,5711,0,false,3,0.12,0.1955,0.1955,978.4,55328,55334,0
NWolfCreek(blue)_SHB_12.11.2025,SHB,5712,0,false,1,0.02,0.15,0.15,669.3,55328,55328,0
NWolfCreek(blue)_SHB_12.11.2025,SHB,5713,0,false,1,0.02,0.1593,0.1593,451.6,55852,55852,0
NWolfCreek(blue)_SHB_12.11.2025,SHB,5714,0,false,1,0.02,0.1068,0.1068,445.6,55865,55865,0
NWolfCreek(blue)_SHB_12.11.2025,SHB,5715,0,false,1,0.02,0.1497,0.1497,501.1,55892,55892,0
NWolfCreek(blue)_SHB_12.11.2025,SHB,5716,0,false,4,0.13,0.2232,0.2232,949.6,55919,55926,0
NWolfCreek(blue)_SHB_12.11.2025,SHB,5717,0,false,1,0.02,0.2107,0.2107,961.8,56187,56187,0
NWolfCreek(blue)_SHB_12.11.2025,SHB,5718,0,false,1,0.02,0.1004,0.1004,657.8,56288,56288,0
NWolfCreek(blue)_SHB_12.11.2025,SHB,5719,0,false,1,0.02,0.4159,0.4159,888.0,56290,56290,0
NWolfCreek(blue)_SHB_12.11.2025,SHB,5720,0,false,1,0.02,0.1307,0.1307,1129.2,56314,56314,0
NWolfCreek(blue)_SHB_12.11.2025,SHB,5721,0,false,1,0.02,0.2426,0.2426,1418.2,56399,56399,0
NWolfCreek(blue)_SHB_12.11.2025,SHB,5722,0,false,2,0.08,0.1499,0.1499,884.3,56404,56408,0
NWolfCreek(blue)_SHB_12.11.2025,SHB,5723,0,false,1,0.02,0.2636,0.2636,665.0,56489,56489,0
NWolfCreek(blue)_SHB_12.11.2025,SHB,5724,0,false,1,0.02,0.1359,0.1359,444.0,56560,56560,0
NWolfCreek(blue)_SHB_12.11.2025,SHB,5725,0,false,1,0.02,0.1748,0.1748,755.4,56770,56770,0
NWolfCreek(blue)_SHB_12.11.2025,SHB,5726,0,false,1,0.02,0.1401,0.1401,651.4,56795,56795,0
NWolfCreek(blue)_SHB_12.11.2025,SHB,5727,0,false,3,0.18,0.117,0.117,949.8,56804,56814,0
NWolfCreek(blue)_SHB_12.11.2025,SHB,5728,0,false,2,0.05,0.2238,0.2238,638.4,56854,56856,0
NWolfCreek(blue)_SHB_12.11.2025,SHB,5729,0,false,1,0.02,0.1117,0.1117,693.9,56967,56967,0
NWolfCreek(blue)_SHB_12.11.2025,SHB,5730,0,false,1,0.02,0.1102,0.1102,958.9,57211,57211,0
NWolfCreek(blue)_SHB_12.11.2025,SHB,5731,0,false,1,0.02,0.134,0.134,565.1,57342,57342,0
NWolfCreek(blue)_SHB_12.11.2025,SHB,5732,0,false,1,0.02,0.1286,0.1286,468.9,57523,57523,0
NWolfCreek(blue)_SHB_12.11.2025,SHB,5733,0,false,1,0.02,0.122,0.122,1889.0,57538,57538,0
NWolfCreek(blue)_SHB_12.11.2025,SHB,5734,0,false,2,0.03,0.264,0.264,1722.2,58230,58231,0
NWolfCreek(blue)_SHB_12.11.2025,SHB,5735,0,false,1,0.02,0.398,0.398,289.4,58675,58675,0
NWolfCreek(blue)_SHB_12.11.2025,SHB,5736,0,false,1,0.02,0.1059,0.1059,1366.4,59181,59181,0
NWolfCreek(blue)_SHB_12.11.2025,SHB,5737,0,false,1,0.02,0.3508,0.3508,626.3,59484,59484,0
NWolfCreek(blue)_SHB_12.11.2025,SHB,5738,0,false,3,0.07,0.1298,0.1298,818.5,60287,60290,0
NWolfCreek(blue)_SHB_12.11.2025,SHB,5739,0,false,1,0.02,0.2302,0.2302,1781.8,61051,61051,0
NWolfCreek(blue)_SHB_12.11.2025,SHB,5740,0,false,1,0.02,0.1807,0.1807,1794.6,61740,61740,0
NWolfCreek(blue)_SHB_12.11.2025,SHB,5741,0,false,1,0.02,0.157,0.157,752.5,62374,62374,0
NWolfCreek(blue)_SHB_12.11.2025,SHB,5742,0,false,2,0.08,0.122,0.122,984.4,62400,62404,0
NWolfCreek(blue)_SHB_12.11.2025,SHB,5743,0,false,3,0.07,0.2222,0.2222,471.2,62650,62653,0
NWolfCreek(blue)_SHB_12.11.2025,SHB,5744,0,false,1,0.02,0.2706,0.2706,1844.3,62925,62925,0
NWolfCreek(blue)_SHB_12.11.2025,SHB,5745,0,false,1,0.02,0.1103,0.1103,689.1,63148,63148,0
NWolfCreek(blue)_SHB_12.11.2025,SHB,5746,0,false,2,0.03,0.1497,0.1497,606.3,63208,63209,0
NWolfCreek(blue)_SHB_12.11.2025,SHB,5747,0,false,1,0.02,0.1216,0.1216,756.2,63565,63565,0
NWolfCreek(blue)_SHB_12.11.2025,SHB,5748,0,false,1,0.02,0.1117,0.1117,539.2,64265,64265,0
NWolfCreek(blue)_SHB_12.11.2025,SHB,5749,0,false,18,2.15,0.1462,0.2016,1558.1,64375,64503,0
NWolfCreek(blue)_SHB_12.11.2025,SHB,5750,0,false,1,0.02,0.2652,0.2652,378.8,64460,64460,0
NWolfCreek(blue)_SHB_12.11.2025,SHB,5751,0,false,5,0.08,0.1459,0.1459,1455.0,64545,64549,0
NWolfCreek(blue)_SHB_12.11.2025,SHB,5752,0,false,1,0.02,0.1433,0.1433,1419.1,64601,64601,0
NWolfCreek(blue)_SHB_12.11.2025,SHB,5753,0,false,2,0.03,0.236,0.236,294.1,64685,64686,0
NWolfCreek(blue)_SHB_12.11.2025,SHB,5754,0,false,1,0.02,0.1502,0.1502,1797.0,64708,64708,0
NWolfCreek(blue)_SHB_12.11.2025,SHB,5755,0,false,1,0.02,0.1062,0.1062,2473.1,65661,65661,0
NWolfCreek(blue)_SHB_12.11.2025,SHB,5756,0,false,1,0.02,0.1262,0.1262,1475.4,66275,66275,0
NWolfCreek(blue)_SHB_12.11.2025,SHB,5757,0,false,18,2.3,0.1793,0.2615,1557.0,66386,66523,0
NWolfCreek(blue)_SHB_12.11.2025,SHB,5758,0,false,3,0.07,0.1601,0.1601,362.5,66409,66412,0
NWolfCreek(blue)_SHB_12.11.2025,SHB,5759,0,false,5,0.18,0.2162,0.2162,1500.3,66557,66567,0
NWolfCreek(blue)_SHB_12.11.2025,SHB,5760,0,false,5,0.47,0.2387,0.2387,1741.9,66656,66683,0
NWolfCreek(blue)_SHB_12.11.2025,SHB,5761,0,false,12,0.75,0.187,0.2439,1255.5,66723,66767,0
NWolfCreek(blue)_SHB_12.11.2025,SHB,5762,0,false,1,0.02,0.1036,0.1036,398.0,67237,67237,0
NWolfCreek(blue)_SHB_12.11.2025,SHB,5763,0,false,1,0.02,0.153,0.153,1752.9,67243,67243,0
NWolfCreek(blue)_SHB_12.11.2025,SHB,5764,0,false,1,0.02,0.4291,0.4291,229.1,67500,67500,0
NWolfCreek(blue)_SHB_12.11.2025,SHB,5765,0,false,3,0.63,0.1242,0.1242,892.7,67509,67546,0
NWolfCreek(blue)_SHB_12.11.2025,SHB,5766,0,false,2,0.23,0.1098,0.1098,370.5,67516,67529,0
NWolfCreek(blue)_SHB_12.11.2025,SHB,5767,0,false,1,0.02,0.3581,0.3581,257.3,67560,67560,0
NWolfCreek(blue)_SHB_12.11.2025,SHB,5768,0,false,37,1.55,0.1728,0.2689,555.6,67973,68065,0
NWolfCreek(blue)_SHB_12.11.2025,SHB,5769,0,false,4,0.2,0.1403,0.1403,589.7,68044,68055,0
NWolfCreek(blue)_SHB_12.11.2025,SHB,5770,0,false,1,0.02,0.1014,0.1014,571.9,68056,68056,0
NWolfCreek(blue)_SHB_12.11.2025,SHB,5771,0,false,4,0.08,0.2304,0.2304,2164.2,68061,68065,0
NWolfCreek(blue)_SHB_12.11.2025,SHB,5772,0,false,16,1.5,0.2011,0.3204,365.6,68099,68188,0
NWolfCreek(orange)_SHB_12.11.2025_LS,SHB,3261,0,false,26,0.57,0.4511,0.6765,1005.1,1675,1708,0
NWolfCreek(orange)_SHB_12.11.2025_LS,SHB,3269,0,false,7,0.12,0.6565,0.7209,999.6,1712,1718,0
NWolfCreek(orange)_SHB_12.11.2025_LS,SHB,3277,0,duplicate,9,0.15,0.5292,0.5919,481.5,2839,2847,9
NWolfCreek(orange)_SHB_12.11.2025_LS,SHB,3293,0,false,2,0.07,0.4341,0.4341,347.7,2886,2889,0
NWolfCreek(orange)_SHB_12.11.2025_LS,SHB,3301,0,false,1,0.02,0.6047,0.6047,658.2,2959,2959,0
NWolfCreek(orange)_SHB_12.11.2025_LS,SHB,3303,0,false,2,0.03,0.5734,0.5734,680.7,2963,2964,0
NWolfCreek(orange)_SHB_12.11.2025_LS,SHB,3333,1,primary,15,0.32,0.5124,0.643,1232.0,7084,7102,15
NWolfCreek(orange)_SHB_12.11.2025_LS,SHB,3341,1,primary,58,1.13,0.6174,0.7416,1389.6,7195,7262,55
NWolfCreek(orange)_SHB_12.11.2025_LS,SHB,3346,0,duplicate,5,0.12,0.536,0.536,2281.2,7235,7241,5
NWolfCreek(orange)_SHB_12.11.2025_LS,SHB,3347,1,primary,49,0.98,0.6291,0.7813,2720.6,7242,7300,46
NWolfCreek(orange)_SHB_12.11.2025_LS,SHB,3351,0,duplicate,15,0.53,0.422,0.5486,893.1,7254,7285,10
NWolfCreek(orange)_SHB_12.11.2025_LS,SHB,3353,1,primary,30,0.57,0.6315,0.779,2761.1,7257,7290,30
NWolfCreek(orange)_SHB_12.11.2025_LS,SHB,3354,1,primary,8,0.18,0.4326,0.5218,1163.3,7267,7277,2
NWolfCreek(orange)_SHB_12.11.2025_LS,SHB,3371,0,duplicate,6,0.13,0.3797,0.4342,1937.4,7296,7303,6
NWolfCreek(orange)_SHB_12.11.2025_LS,SHB,3383,0,false,7,0.12,0.4819,0.5779,781.4,8341,8347,0
NWolfCreek(orange)_SHB_12.11.2025_LS,SHB,3385,0,duplicate,3,0.05,0.4212,0.4212,384.0,8353,8355,3
NWolfCreek(orange)_SHB_12.11.2025_LS,SHB,3394,1,primary,89,1.65,0.5863,0.7217,1093.9,8378,8476,89
NWolfCreek(orange)_SHB_12.11.2025_LS,SHB,4394,0,false,2,0.03,0.1309,0.1309,298.3,42,43,0
NWolfCreek(orange)_SHB_12.11.2025_LS,SHB,4395,0,false,28,0.87,0.1351,0.1717,383.6,43,94,0
NWolfCreek(orange)_SHB_12.11.2025_LS,SHB,4396,0,false,1,0.02,0.1292,0.1292,281.8,210,210,0
NWolfCreek(orange)_SHB_12.11.2025_LS,SHB,4397,0,false,2,0.03,0.2978,0.2978,281.4,237,238,0
NWolfCreek(orange)_SHB_12.11.2025_LS,SHB,4398,0,false,6,0.5,0.1774,0.187,299.9,271,300,0
NWolfCreek(orange)_SHB_12.11.2025_LS,SHB,4399,0,false,1,0.02,0.126,0.126,467.1,396,396,0
NWolfCreek(orange)_SHB_12.11.2025_LS,SHB,4400,0,false,1,0.02,0.1226,0.1226,448.0,445,445,0
NWolfCreek(orange)_SHB_12.11.2025_LS,SHB,4401,0,false,2,0.03,0.199,0.199,375.3,457,458,0
NWolfCreek(orange)_SHB_12.11.2025_LS,SHB,4402,0,false,1,0.02,0.1214,0.1214,388.9,459,459,0
NWolfCreek(orange)_SHB_12.11.2025_LS,SHB,4403,0,false,1,0.02,0.3499,0.3499,275.3,484,484,0
NWolfCreek(orange)_SHB_12.11.2025_LS,SHB,4404,0,false,2,0.03,0.1905,0.1905,435.7,507,508,0
NWolfCreek(orange)_SHB_12.11.2025_LS,SHB,4405,0,false,1,0.02,0.1218,0.1218,1361.6,722,722,0
NWolfCreek(orange)_SHB_12.11.2025_LS,SHB,4406,0,false,1,0.02,0.1661,0.1661,481.4,738,738,0
NWolfCreek(orange)_SHB_12.11.2025_LS,SHB,4407,0,false,1,0.02,0.1386,0.1386,386.0,833,833,0
NWolfCreek(orange)_SHB_12.11.2025_LS,SHB,4408,0,false,1,0.02,0.4168,0.4168,1042.1,1054,1054,0
NWolfCreek(orange)_SHB_12.11.2025_LS,SHB,4409,0,false,1,0.02,0.1983,0.1983,908.1,1076,1076,0
NWolfCreek(orange)_SHB_12.11.2025_LS,SHB,4410,0,false,3,0.28,0.2196,0.2196,2220.8,1400,1416,0
NWolfCreek(orange)_SHB_12.11.2025_LS,SHB,4411,0,false,22,1.58,0.2383,0.4454,1112.7,1626,1720,0
NWolfCreek(orange)_SHB_12.11.2025_LS,SHB,4412,0,false,2,0.4,0.1304,0.1304,1248.6,2012,2035,0
NWolfCreek(orange)_SHB_12.11.2025_LS,SHB,4413,0,false,1,0.02,0.1126,0.1126,1368.7,2281,2281,0
NWolfCreek(orange)_SHB_12.11.2025_LS,SHB,4414,0,false,1,0.02,0.174,0.174,846.8,2355,2355,0
NWolfCreek(orange)_SHB_12.11.2025_LS,SHB,4415,0,false,1,0.02,0.1939,0.1939,924.0,2400,2400,0
NWolfCreek(orange)_SHB_12.11.2025_LS,SHB,4416,0,false,4,0.3,0.1577,0.1577,638.1,2709,2726,0
NWolfCreek(orange)_SHB_12.11.2025_LS,SHB,4417,1,primary,21,1.0,0.266,0.3602,422.6,2837,2896,16
NWolfCreek(orange)_SHB_12.11.2025_LS,SHB,4418,0,false,3,0.05,0.3891,0.3891,2220.5,2890,2892,0
NWolfCreek(orange)_SHB_12.11.2025_LS,SHB,4419,0,false,9,0.32,0.3545,0.4122,494.1,2957,2975,0
NWolfCreek(orange)_SHB_12.11.2025_LS,SHB,4420,0,false,1,0.02,0.117,0.117,2173.8,3985,3985,0
NWolfCreek(orange)_SHB_12.11.2025_LS,SHB,4421,0,false,1,0.02,0.1127,0.1127,959.5,4044,4044,0
NWolfCreek(orange)_SHB_12.11.2025_LS,SHB,4422,0,false,4,0.05,0.1716,0.1716,1556.5,4077,4079,0
NWolfCreek(orange)_SHB_12.11.2025_LS,SHB,4423,0,false,1,0.02,0.169,0.169,1060.6,4439,4439,0
NWolfCreek(orange)_SHB_12.11.2025_LS,SHB,4424,0,false,2,0.1,0.1648,0.1648,2232.4,4443,4448,0
NWolfCreek(orange)_SHB_12.11.2025_LS,SHB,4425,0,false,2,0.03,0.2244,0.2244,1087.7,4471,4472,0
NWolfCreek(orange)_SHB_12.11.2025_LS,SHB,4426,0,false,1,0.02,0.1165,0.1165,1413.4,5063,5063,0
NWolfCreek(orange)_SHB_12.11.2025_LS,SHB,4427,0,false,1,0.02,0.3018,0.3018,1044.5,5339,5339,0
NWolfCreek(orange)_SHB_12.11.2025_LS,SHB,4428,0,false,1,0.02,0.3226,0.3226,800.2,6297,6297,0
NWolfCreek(orange)_SHB_12.11.2025_LS,SHB,4429,0,false,2,0.03,0.3834,0.3834,829.9,6937,6938,0
NWolfCreek(orange)_SHB_12.11.2025_LS,SHB,4430,0,false,1,0.02,0.5291,0.5291,1255.5,7010,7010,0
NWolfCreek(orange)_SHB_12.11.2025_LS,SHB,4431,1,primary,28,1.23,0.2062,0.3537,1465.4,7030,7103,16
NWolfCreek(orange)_SHB_12.11.2025_LS,SHB,4432,0,false,4,0.08,0.3127,0.3127,1088.7,7190,7194,0
NWolfCreek(orange)_SHB_12.11.2025_LS,SHB,4433,0,duplicate,3,0.02,0.1991,0.1991,1454.4,7224,7224,1
NWolfCreek(orange)_SHB_12.11.2025_LS,SHB,4434,0,duplicate,11,0.35,0.2785,0.374,1857.2,7293,7313,3
NWolfCreek(orange)_SHB_12.11.2025_LS,SHB,4435,0,false,1,0.02,0.2671,0.2671,1683.9,7305,7305,0
NWolfCreek(orange)_SHB_12.11.2025_LS,SHB,4436,0,false,1,0.02,0.3141,0.3141,2210.4,7420,7420,0
NWolfCreek(orange)_SHB_12.11.2025_LS,SHB,4437,0,false,1,0.02,0.1359,0.1359,1199.8,7533,7533,0
NWolfCreek(orange)_SHB_12.11.2025_LS,SHB,4438,0,false,1,0.02,0.109,0.109,689.5,8298,8298,0
NWolfCreek(orange)_SHB_12.11.2025_LS,SHB,4439,0,duplicate,7,0.25,0.2295,0.2656,532.3,8338,8352,1
NWolfCreek(orange)_SHB_12.11.2025_LS,SHB,4440,0,duplicate,17,0.53,0.2157,0.2765,736.1,8368,8399,17
NWolfCreek(orange)_SHB_12.11.2025_LS,SHB,4441,1,primary,2,0.03,0.159,0.159,1173.2,8376,8377,2
NWolfCreek(orange)_SHB_12.11.2025_LS,SHB,4442,0,duplicate,2,0.1,0.2644,0.2644,581.2,8421,8426,2
NWolfCreek(orange)_SHB_12.11.2025_LS,SHB,4443,0,false,6,0.1,0.2131,0.232,724.4,8477,8482,0
NWolfCreek(orange)_SHB_12.11.2025_LS,SHB,4444,0,false,1,0.02,0.123,0.123,743.8,8615,8615,0
NatureTrail_TON_12.03.25_LS,TON,4253,0,false,1,0.02,0.6106,0.6106,1201.1,2670,2670,0
NatureTrail_TON_12.03.25_LS,TON,4260,1,primary,65,1.38,0.5766,0.752,1050.4,2680,2762,58
NatureTrail_TON_12.03.25_LS,TON,4263,0,false,6,0.2,0.4216,0.4535,1234.5,2685,2696,0
NatureTrail_TON_12.03.25_LS,TON,4270,1,primary,56,0.97,0.623,0.7599,1276.5,2698,2755,51
NatureTrail_TON_12.03.25_LS,TON,4275,0,false,1,0.02,0.4688,0.4688,890.4,2709,2709,0
NatureTrail_TON_12.03.25_LS,TON,4279,1,primary,21,0.35,0.5754,0.6612,792.8,2716,2736,19
NatureTrail_TON_12.03.25_LS,TON,4310,0,duplicate,1,0.02,0.3269,0.3269,1225.3,2755,2755,1
NatureTrail_TON_12.03.25_LS,TON,4320,1,primary,20,1.17,0.6585,0.7639,1427.0,2761,2830,17
NatureTrail_TON_12.03.25_LS,TON,4324,0,duplicate,2,0.03,0.4136,0.4136,1079.6,2769,2770,2
NatureTrail_TON_12.03.25_LS,TON,4332,0,duplicate,5,0.08,0.4242,0.4242,1033.5,2774,2778,5
NatureTrail_TON_12.03.25_LS,TON,4333,0,false,4,0.07,0.5291,0.5291,1090.3,2774,2777,0
NatureTrail_TON_12.03.25_LS,TON,4339,0,duplicate,3,0.07,0.3464,0.3464,1221.4,2776,2779,3
NatureTrail_TON_12.03.25_LS,TON,4348,0,duplicate,9,0.15,0.6106,0.6656,1237.2,2780,2788,9
NatureTrail_TON_12.03.25_LS,TON,4350,0,duplicate,6,0.1,0.5053,0.523,917.4,2781,2786,6
NatureTrail_TON_12.03.25_LS,TON,4375,0,duplicate,10,0.17,0.4932,0.5839,1207.8,2802,2811,10
NatureTrail_TON_12.03.25_LS,TON,4378,0,false,1,0.02,0.5982,0.5982,1207.7,2819,2819,0
NatureTrail_TON_12.03.25_LS,TON,4394,0,false,8,0.17,0.5677,0.6576,1097.7,2843,2852,0
NatureTrail_TON_12.03.25_LS,TON,4397,1,primary,14,0.23,0.6121,0.6984,559.3,2848,2861,13
NatureTrail_TON_12.03.25_LS,TON,4403,0,duplicate,6,0.12,0.5549,0.5881,933.4,2873,2879,2
NatureTrail_TON_12.03.25_LS,TON,4410,0,false,2,0.03,0.5024,0.5024,1394.1,3220,3221,0
NatureTrail_TON_12.03.25_LS,TON,4469,0,false,3,0.05,0.4097,0.4097,2422.7,6807,6809,0
NatureTrail_TON_12.03.25_LS,TON,4473,0,false,3,1.02,0.3371,0.3371,651.9,7404,7464,0
NatureTrail_TON_12.03.25_LS,TON,4504,1,primary,59,1.27,0.5224,0.6672,653.5,8294,8369,45
NatureTrail_TON_12.03.25_LS,TON,4514,0,duplicate,24,0.4,0.6352,0.6929,734.8,9504,9527,24
NatureTrail_TON_12.03.25_LS,TON,4519,1,primary,27,0.57,0.563,0.6582,738.5,9549,9582,27
NatureTrail_TON_12.03.25_LS,TON,4523,0,false,1,0.02,0.3436,0.3436,758.1,9574,9574,0
NatureTrail_TON_12.03.25_LS,TON,4538,1,primary,6,0.13,0.357,0.4058,860.5,9613,9620,4
NatureTrail_TON_12.03.25_LS,TON,4557,0,false,18,0.8,0.3438,0.4419,693.5,10023,10070,0
NatureTrail_TON_12.03.25_LS,TON,4567,0,duplicate,18,0.3,0.414,0.4676,716.9,10056,10073,3
NatureTrail_TON_12.03.25_LS,TON,4583,0,duplicate,23,0.42,0.4777,0.647,779.4,10110,10134,23
NatureTrail_TON_12.03.25_LS,TON,4602,0,duplicate,5,0.15,0.3585,0.3585,789.3,10186,10194,5
NatureTrail_TON_12.03.25_LS,TON,4609,0,duplicate,27,1.67,0.3569,0.4848,795.8,10204,10303,27
NatureTrail_TON_12.03.25_LS,TON,4667,0,duplicate,1,0.02,0.6856,0.6856,897.3,11473,11473,1
NatureTrail_TON_12.03.25_LS,TON,4669,0,duplicate,12,0.2,0.6055,0.6826,977.9,11479,11490,5
NatureTrail_TON_12.03.25_LS,TON,4696,0,false,2,0.03,0.4171,0.4171,627.0,14968,14969,0
NatureTrail_TON_12.03.25_LS,TON,4714,0,false,2,0.03,0.2711,0.2711,465.3,17169,17170,0
NatureTrail_TON_12.03.25_LS,TON,4724,0,false,12,0.22,0.4002,0.5026,518.5,17237,17249,0
NatureTrail_TON_12.03.25_LS,TON,4728,0,false,1,0.02,0.4242,0.4242,2228.9,17258,17258,0
NatureTrail_TON_12.03.25_LS,TON,4745,1,primary,12,0.32,0.3791,0.4781,605.7,17273,17291,10
NatureTrail_TON_12.03.25_LS,TON,4757,0,false,7,0.13,0.4769,0.57,475.1,17595,17602,0
NatureTrail_TON_12.03.25_LS,TON,4767,0,false,6,0.12,0.3314,0.3758,1213.5,18215,18221,0
NatureTrail_TON_12.03.25_LS,TON,4770,0,false,1,0.02,0.3903,0.3903,730.5,18313,18313,0
NatureTrail_TON_12.03.25_LS,TON,4773,0,false,2,0.03,0.4473,0.4473,1351.4,18351,18352,0
NatureTrail_TON_12.03.25_LS,TON,4777,0,false,1,0.02,0.589,0.589,1799.0,18762,18762,0
NatureTrail_TON_12.03.25_LS,TON,5777,0,false,1,0.02,0.1395,0.1395,1373.5,453,453,0
NatureTrail_TON_12.03.25_LS,TON,5778,0,false,1,0.02,0.3099,0.3099,1149.4,754,754,0
NatureTrail_TON_12.03.25_LS,TON,5779,0,false,2,0.05,0.1702,0.1702,952.9,1056,1058,0
NatureTrail_TON_12.03.25_LS,TON,5780,0,false,1,0.02,0.1426,0.1426,566.0,1074,1074,0
NatureTrail_TON_12.03.25_LS,TON,5781,0,false,1,0.02,0.1993,0.1993,1461.9,1216,1216,0
NatureTrail_TON_12.03.25_LS,TON,5782,0,false,2,0.03,0.2057,0.2057,712.4,1386,1387,0
NatureTrail_TON_12.03.25_LS,TON,5783,0,false,4,0.07,0.3002,0.3002,574.1,1393,1396,0
NatureTrail_TON_12.03.25_LS,TON,5784,0,false,6,0.1,0.4248,0.4844,633.8,1393,1398,0
NatureTrail_TON_12.03.25_LS,TON,5785,0,false,2,0.03,0.138,0.138,443.3,1410,1411,0
NatureTrail_TON_12.03.25_LS,TON,5786,0,false,2,0.07,0.1703,0.1703,488.8,1519,1522,0
NatureTrail_TON_12.03.25_LS,TON,5787,0,false,10,0.28,0.3079,0.45,629.6,1551,1567,0
NatureTrail_TON_12.03.25_LS,TON,5788,0,false,4,0.07,0.2704,0.2704,507.6,1574,1577,0
NatureTrail_TON_12.03.25_LS,TON,5789,0,false,1,0.02,0.4072,0.4072,853.7,1593,1593,0
NatureTrail_TON_12.03.25_LS,TON,5790,0,false,1,0.02,0.3947,0.3947,580.4,1725,1725,0
NatureTrail_TON_12.03.25_LS,TON,5791,0,false,3,0.05,0.2428,0.2428,744.4,1747,1749,0
NatureTrail_TON_12.03.25_LS,TON,5792,0,false,3,0.23,0.1116,0.1116,1228.4,1882,1895,0
NatureTrail_TON_12.03.25_LS,TON,5793,0,false,1,0.02,0.2255,0.2255,1406.3,1887,1887,0
NatureTrail_TON_12.03.25_LS,TON,5794,0,false,1,0.02,0.1267,0.1267,1623.0,1894,1894,0
NatureTrail_TON_12.03.25_LS,TON,5795,0,false,1,0.02,0.1901,0.1901,1252.7,1907,1907,0
NatureTrail_TON_12.03.25_LS,TON,5796,0,false,3,0.17,0.2178,0.2178,848.8,1965,1974,0
NatureTrail_TON_12.03.25_LS,TON,5797,0,false,1,0.02,0.3026,0.3026,655.1,2057,2057,0
NatureTrail_TON_12.03.25_LS,TON,5798,0,false,2,0.03,0.2528,0.2528,893.2,2193,2194,0
NatureTrail_TON_12.03.25_LS,TON,5799,0,false,3,0.05,0.178,0.178,716.2,2438,2440,0
NatureTrail_TON_12.03.25_LS,TON,5800,0,false,1,0.02,0.5124,0.5124,607.6,2459,2459,0
NatureTrail_TON_12.03.25_LS,TON,5801,0,false,1,0.02,0.1601,0.1601,889.3,2657,2657,0
NatureTrail_TON_12.03.25_LS,TON,5802,0,false,10,0.22,0.2829,0.4041,1130.6,2667,2679,0
NatureTrail_TON_12.03.25_LS,TON,5803,0,false,1,0.02,0.1945,0.1945,755.5,2678,2678,0
NatureTrail_TON_12.03.25_LS,TON,5804,0,false,1,0.02,0.4755,0.4755,733.8,2715,2715,0
NatureTrail_TON_12.03.25_LS,TON,5805,0,duplicate,50,1.8,0.1942,0.3753,1035.0,2758,2865,12
NatureTrail_TON_12.03.25_LS,TON,5806,0,duplicate,4,0.17,0.3799,0.3799,1117.4,2764,2773,4
NatureTrail_TON_12.03.25_LS,TON,5807,0,duplicate,7,0.52,0.2433,0.2691,1201.9,2771,2801,2
NatureTrail_TON_12.03.25_LS,TON,5808,0,false,2,0.03,0.3187,0.3187,1141.3,2772,2773,0
NatureTrail_TON_12.03.25_LS,TON,5809,0,false,1,0.02,0.1608,0.1608,977.4,2773,2773,0
NatureTrail_TON_12.03.25_LS,TON,5810,1,primary,9,0.42,0.219,0.2909,760.8,2863,2887,4
NatureTrail_TON_12.03.25_LS,TON,5811,0,false,2,0.32,0.3553,0.3553,1648.4,3201,3219,0
NatureTrail_TON_12.03.25_LS,TON,5812,0,false,1,0.02,0.166,0.166,1772.6,3264,3264,0
NatureTrail_TON_12.03.25_LS,TON,5813,0,false,1,0.02,0.1197,0.1197,629.6,3450,3450,0
NatureTrail_TON_12.03.25_LS,TON,5814,0,false,5,0.32,0.1695,0.1695,889.1,4026,4044,0
NatureTrail_TON_12.03.25_LS,TON,5815,0,false,7,0.33,0.2457,0.2918,1096.6,4030,4049,0
NatureTrail_TON_12.03.25_LS,TON,5816,0,false,1,0.02,0.2529,0.2529,713.0,4123,4123,0
NatureTrail_TON_12.03.25_LS,TON,5817,0,false,1,0.02,0.2194,0.2194,556.7,4140,4140,0
NatureTrail_TON_12.03.25_LS,TON,5818,0,false,3,0.05,0.1196,0.1196,603.4,4201,4203,0
NatureTrail_TON_12.03.25_LS,TON,5819,0,false,1,0.02,0.1271,0.1271,1739.7,4294,4294,0
NatureTrail_TON_12.03.25_LS,TON,5820,0,false,1,0.02,0.1523,0.1523,781.8,4330,4330,0
NatureTrail_TON_12.03.25_LS,TON,5821,0,false,4,0.13,0.1393,0.1393,689.8,4387,4394,0
NatureTrail_TON_12.03.25_LS,TON,5822,0,false,3,0.42,0.2291,0.2291,923.1,4468,4492,0
NatureTrail_TON_12.03.25_LS,TON,5823,1,primary,25,1.17,0.1736,0.2843,571.9,4544,4613,1
NatureTrail_TON_12.03.25_LS,TON,5824,0,false,3,0.13,0.1819,0.1819,895.5,4949,4956,0
NatureTrail_TON_12.03.25_LS,TON,5825,0,false,1,0.02,0.2479,0.2479,2179.5,5045,5045,0
NatureTrail_TON_12.03.25_LS,TON,5826,0,false,2,0.05,0.1286,0.1286,842.3,5127,5129,0
NatureTrail_TON_12.03.25_LS,TON,5827,0,false,3,0.5,0.2219,0.2219,909.6,5316,5345,0
NatureTrail_TON_12.03.25_LS,TON,5828,0,false,1,0.02,0.1532,0.1532,825.2,5365,5365,0
NatureTrail_TON_12.03.25_LS,TON,5829,0,false,1,0.02,0.2386,0.2386,1917.5,5446,5446,0
NatureTrail_TON_12.03.25_LS,TON,5830,0,false,1,0.02,0.175,0.175,1992.0,5493,5493,0
NatureTrail_TON_12.03.25_LS,TON,5831,0,false,3,0.07,0.1759,0.1759,786.5,5503,5506,0
NatureTrail_TON_12.03.25_LS,TON,5832,0,false,8,0.57,0.2339,0.307,559.3,5839,5872,0
NatureTrail_TON_12.03.25_LS,TON,5833,0,false,3,0.07,0.2695,0.2695,799.2,6000,6003,0
NatureTrail_TON_12.03.25_LS,TON,5834,0,false,1,0.02,0.136,0.136,629.2,6041,6041,0
NatureTrail_TON_12.03.25_LS,TON,5835,0,false,2,0.03,0.1368,0.1368,916.8,6131,6132,0
NatureTrail_TON_12.03.25_LS,TON,5836,0,false,1,0.02,0.2374,0.2374,700.5,6134,6134,0
NatureTrail_TON_12.03.25_LS,TON,5837,0,false,1,0.02,0.127,0.127,703.9,6510,6510,0
NatureTrail_TON_12.03.25_LS,TON,5838,0,false,11,0.83,0.2151,0.2929,1879.1,6778,6827,0
NatureTrail_TON_12.03.25_LS,TON,5839,0,false,1,0.02,0.1167,0.1167,1775.6,6798,6798,0
NatureTrail_TON_12.03.25_LS,TON,5840,0,false,3,0.1,0.2497,0.2497,1121.1,6833,6838,0
NatureTrail_TON_12.03.25_LS,TON,5841,0,false,1,0.02,0.1124,0.1124,1032.4,7079,7079,0
NatureTrail_TON_12.03.25_LS,TON,5842,0,false,1,0.02,0.1641,0.1641,1153.2,7086,7086,0
NatureTrail_TON_12.03.25_LS,TON,5843,0,false,1,0.02,0.1284,0.1284,781.7,7089,7089,0
NatureTrail_TON_12.03.25_LS,TON,5844,0,false,2,0.1,0.1387,0.1387,1493.9,7161,7166,0
NatureTrail_TON_12.03.25_LS,TON,5845,0,false,1,0.02,0.1282,0.1282,631.6,7333,7333,0
NatureTrail_TON_12.03.25_LS,TON,5846,0,false,2,0.03,0.1221,0.1221,542.7,7352,7353,0
NatureTrail_TON_12.03.25_LS,TON,5847,0,false,5,0.17,0.176,0.176,686.0,7403,7412,0
NatureTrail_TON_12.03.25_LS,TON,5848,0,false,2,0.03,0.1806,0.1806,451.7,7418,7419,0
NatureTrail_TON_12.03.25_LS,TON,5849,0,false,6,0.33,0.2685,0.2995,468.5,7447,7466,0
NatureTrail_TON_12.03.25_LS,TON,5850,0,false,6,0.15,0.268,0.2949,526.1,7459,7467,0
NatureTrail_TON_12.03.25_LS,TON,5851,0,false,12,0.17,0.2786,0.3581,638.3,7527,7536,0
NatureTrail_TON_12.03.25_LS,TON,5852,0,false,2,0.15,0.1171,0.1171,722.7,7566,7574,0
NatureTrail_TON_12.03.25_LS,TON,5853,0,false,1,0.02,0.3893,0.3893,2221.7,7784,7784,0
NatureTrail_TON_12.03.25_LS,TON,5854,0,false,1,0.02,0.1352,0.1352,515.5,7933,7933,0
NatureTrail_TON_12.03.25_LS,TON,5855,0,false,7,0.18,0.253,0.3019,715.9,8283,8293,0
NatureTrail_TON_12.03.25_LS,TON,5856,0,duplicate,1,0.02,0.3772,0.3772,608.6,8313,8313,1
NatureTrail_TON_12.03.25_LS,TON,5857,0,duplicate,5,0.35,0.229,0.229,498.4,8352,8372,2
NatureTrail_TON_12.03.25_LS,TON,5858,0,false,1,0.02,0.1054,0.1054,811.2,8685,8685,0
NatureTrail_TON_12.03.25_LS,TON,5859,0,false,1,0.02,0.1571,0.1571,934.9,8718,8718,0
NatureTrail_TON_12.03.25_LS,TON,5860,0,false,2,0.03,0.2046,0.2046,856.8,9235,9236,0
NatureTrail_TON_12.03.25_LS,TON,5861,0,false,1,0.02,0.2453,0.2453,1380.5,9381,9381,0
NatureTrail_TON_12.03.25_LS,TON,5862,0,false,2,0.52,0.1243,0.1243,2347.9,9405,9435,0
NatureTrail_TON_12.03.25_LS,TON,5863,0,false,1,0.02,0.144,0.144,1725.2,9424,9424,0
NatureTrail_TON_12.03.25_LS,TON,5864,0,false,1,0.02,0.3774,0.3774,753.0,9503,9503,0
NatureTrail_TON_12.03.25_LS,TON,5865,0,duplicate,19,1.15,0.2087,0.3498,810.6,9538,9606,18
NatureTrail_TON_12.03.25_LS,TON,5866,0,duplicate,17,0.65,0.1844,0.2659,780.6,9593,9631,2
NatureTrail_TON_12.03.25_LS,TON,5867,0,false,1,0.02,0.2064,0.2064,785.9,9652,9652,0
NatureTrail_TON_12.03.25_LS,TON,5868,0,false,1,0.02,0.1373,0.1373,952.5,9706,9706,0
NatureTrail_TON_12.03.25_LS,TON,5869,0,false,1,0.02,0.1205,0.1205,888.8,9808,9808,0
NatureTrail_TON_12.03.25_LS,TON,5870,0,false,1,0.02,0.2854,0.2854,754.1,9861,9861,0
NatureTrail_TON_12.03.25_LS,TON,5871,0,false,4,0.27,0.1073,0.1073,779.9,9875,9890,0
NatureTrail_TON_12.03.25_LS,TON,5872,0,false,1,0.02,0.1079,0.1079,780.3,9890,9890,0
NatureTrail_TON_12.03.25_LS,TON,5873,0,false,6,0.3,0.1963,0.2152,757.2,9906,9923,0
NatureTrail_TON_12.03.25_LS,TON,5874,0,false,1,0.02,0.1185,0.1185,832.6,9922,9922,0
NatureTrail_TON_12.03.25_LS,TON,5875,0,false,3,0.05,0.1689,0.1689,867.8,9971,9973,0
NatureTrail_TON_12.03.25_LS,TON,5876,0,false,15,1.37,0.1998,0.2885,704.0,10004,10085,0
NatureTrail_TON_12.03.25_LS,TON,5877,1,primary,65,4.94,0.1837,0.3229,800.6,10009,10304,48
NatureTrail_TON_12.03.25_LS,TON,5878,0,false,1,0.02,0.1754,0.1754,907.3,10111,10111,0
NatureTrail_TON_12.03.25_LS,TON,5879,0,false,6,0.77,0.1334,0.1392,716.7,10153,10198,0
NatureTrail_TON_12.03.25_LS,TON,5880,0,false,1,0.02,0.159,0.159,771.4,10181,10181,0
NatureTrail_TON_12.03.25_LS,TON,5881,0,duplicate,17,0.4,0.1841,0.2753,741.7,10184,10207,13
NatureTrail_TON_12.03.25_LS,TON,5882,0,false,1,0.02,0.1529,0.1529,860.8,10253,10253,0
NatureTrail_TON_12.03.25_LS,TON,5883,0,false,9,0.72,0.1229,0.1353,669.6,10277,10319,0
NatureTrail_TON_12.03.25_LS,TON,5884,0,duplicate,10,0.42,0.1706,0.2172,783.7,10337,10361,6
NatureTrail_TON_12.03.25_LS,TON,5885,0,duplicate,1,0.02,0.1814,0.1814,727.9,10398,10398,1
NatureTrail_TON_12.03.25_LS,TON,5886,0,false,2,0.03,0.1694,0.1694,796.5,10429,10430,0
NatureTrail_TON_12.03.25_LS,TON,5887,1,primary,17,0.9,0.1691,0.2711,662.4,10501,10554,6
NatureTrail_TON_12.03.25_LS,TON,5888,0,false,2,0.03,0.2299,0.2299,531.3,10553,10554,0
NatureTrail_TON_12.03.25_LS,TON,5889,0,false,2,0.03,0.3051,0.3051,1082.5,10711,10712,0
NatureTrail_TON_12.03.25_LS,TON,5890,0,false,1,0.02,0.1301,0.1301,2065.8,10745,10745,0
NatureTrail_TON_12.03.25_LS,TON,5891,0,false,2,0.03,0.2088,0.2088,1479.7,10797,10798,0
NatureTrail_TON_12.03.25_LS,TON,5892,0,false,1,0.02,0.1841,0.1841,486.3,10844,10844,0
NatureTrail_TON_12.03.25_LS,TON,5893,0,false,1,0.02,0.1171,0.1171,743.9,10979,10979,0
NatureTrail_TON_12.03.25_LS,TON,5894,0,false,1,0.02,0.12,0.12,1031.6,11050,11050,0
NatureTrail_TON_12.03.25_LS,TON,5895,0,false,1,0.02,0.1971,0.1971,815.2,11109,11109,0
NatureTrail_TON_12.03.25_LS,TON,5896,0,false,2,0.03,0.1194,0.1194,313.7,11202,11203,0
NatureTrail_TON_12.03.25_LS,TON,5897,0,false,1,0.02,0.1477,0.1477,820.8,11244,11244,0
NatureTrail_TON_12.03.25_LS,TON,5898,0,false,3,0.05,0.4575,0.4575,747.3,11301,11303,0
NatureTrail_TON_12.03.25_LS,TON,5899,0,false,1,0.02,0.2495,0.2495,1727.2,11377,11377,0
NatureTrail_TON_12.03.25_LS,TON,5900,0,false,2,0.03,0.1622,0.1622,1317.3,11423,11424,0
NatureTrail_TON_12.03.25_LS,TON,5901,1,primary,18,0.55,0.3231,0.4349,787.4,11446,11478,12
NatureTrail_TON_12.03.25_LS,TON,5902,0,false,1,0.02,0.1756,0.1756,1517.2,11451,11451,0
NatureTrail_TON_12.03.25_LS,TON,5903,0,false,1,0.02,0.2304,0.2304,569.9,11461,11461,0
NatureTrail_TON_12.03.25_LS,TON,5904,0,false,5,0.17,0.2338,0.2338,643.0,11493,11502,0
NatureTrail_TON_12.03.25_LS,TON,5905,0,false,1,0.02,0.3684,0.3684,2280.1,11600,11600,0
NatureTrail_TON_12.03.25_LS,TON,5906,0,false,1,0.02,0.1513,0.1513,1755.5,11603,11603,0
NatureTrail_TON_12.03.25_LS,TON,5907,0,false,1,0.02,0.1027,0.1027,764.7,11637,11637,0
NatureTrail_TON_12.03.25_LS,TON,5908,0,false,2,0.17,0.1361,0.1361,978.8,11642,11651,0
NatureTrail_TON_12.03.25_LS,TON,5909,0,false,1,0.02,0.3264,0.3264,1947.4,11736,11736,0
NatureTrail_TON_12.03.25_LS,TON,5910,0,false,1,0.02,0.1242,0.1242,1990.6,11751,11751,0
NatureTrail_TON_12.03.25_LS,TON,5911,0,false,1,0.02,0.4123,0.4123,1174.8,11798,11798,0
NatureTrail_TON_12.03.25_LS,TON,5912,0,false,2,0.05,0.2063,0.2063,763.8,11846,11848,0
NatureTrail_TON_12.03.25_LS,TON,5913,0,false,2,0.07,0.2229,0.2229,1233.8,11900,11903,0
NatureTrail_TON_12.03.25_LS,TON,5914,0,false,1,0.02,0.23,0.23,960.7,12070,12070,0
NatureTrail_TON_12.03.25_LS,TON,5915,0,false,1,0.02,0.1385,0.1385,1359.8,12163,12163,0
NatureTrail_TON_12.03.25_LS,TON,5916,0,false,2,0.03,0.1817,0.1817,681.7,12213,12214,0
NatureTrail_TON_12.03.25_LS,TON,5917,0,false,1,0.02,0.1511,0.1511,968.7,12250,12250,0
NatureTrail_TON_12.03.25_LS,TON,5918,0,false,1,0.02,0.1181,0.1181,773.5,12314,12314,0
NatureTrail_TON_12.03.25_LS,TON,5919,0,false,1,0.02,0.3005,0.3005,667.9,12396,12396,0
NatureTrail_TON_12.03.25_LS,TON,5920,0,false,1,0.02,0.1161,0.1161,509.9,12674,12674,0
NatureTrail_TON_12.03.25_LS,TON,5921,0,false,4,0.13,0.1497,0.1497,1250.9,12861,12868,0
NatureTrail_TON_12.03.25_LS,TON,5922,0,false,1,0.02,0.3628,0.3628,665.8,12921,12921,0
NatureTrail_TON_12.03.25_LS,TON,5923,0,false,4,0.12,0.1807,0.1807,875.3,12928,12934,0
NatureTrail_TON_12.03.25_LS,TON,5924,0,false,1,0.02,0.2088,0.2088,1872.5,12943,12943,0
NatureTrail_TON_12.03.25_LS,TON,5925,0,false,2,0.03,0.1104,0.1104,287.7,13015,13016,0
NatureTrail_TON_12.03.25_LS,TON,5926,0,false,1,0.02,0.1149,0.1149,383.5,13120,13120,0
NatureTrail_TON_12.03.25_LS,TON,5927,0,false,1,0.02,0.1006,0.1006,808.6,13160,13160,0
NatureTrail_TON_12.03.25_LS,TON,5928,0,false,1,0.02,0.2056,0.2056,1033.5,13286,13286,0
NatureTrail_TON_12.03.25_LS,TON,5929,0,false,1,0.02,0.1222,0.1222,1925.7,13503,13503,0
NatureTrail_TON_12.03.25_LS,TON,5930,0,false,2,0.03,0.1193,0.1193,715.4,13693,13694,0
NatureTrail_TON_12.03.25_LS,TON,5931,0,false,1,0.02,0.1793,0.1793,615.3,13897,13897,0
NatureTrail_TON_12.03.25_LS,TON,5932,0,false,1,0.02,0.1289,0.1289,928.9,14124,14124,0
NatureTrail_TON_12.03.25_LS,TON,5933,0,false,1,0.02,0.1349,0.1349,1102.9,14127,14127,0
NatureTrail_TON_12.03.25_LS,TON,5934,0,false,2,0.07,0.1361,0.1361,960.8,14905,14908,0
NatureTrail_TON_12.03.25_LS,TON,5935,0,false,4,0.67,0.1477,0.1477,709.5,14943,14982,0
NatureTrail_TON_12.03.25_LS,TON,5936,0,false,1,0.02,0.1707,0.1707,751.5,15043,15043,0
NatureTrail_TON_12.03.25_LS,TON,5937,0,false,1,0.02,0.1092,0.1092,2243.2,15564,15564,0
NatureTrail_TON_12.03.25_LS,TON,5938,0,false,1,0.02,0.1001,0.1001,1830.4,15605,15605,0
NatureTrail_TON_12.03.25_LS,TON,5939,0,false,1,0.02,0.122,0.122,474.5,16129,16129,0
NatureTrail_TON_12.03.25_LS,TON,5940,0,false,4,0.07,0.1435,0.1435,873.7,16352,16355,0
NatureTrail_TON_12.03.25_LS,TON,5941,0,false,2,0.03,0.1581,0.1581,845.4,16589,16590,0
NatureTrail_TON_12.03.25_LS,TON,5942,0,false,1,0.02,0.1027,0.1027,751.0,16804,16804,0
NatureTrail_TON_12.03.25_LS,TON,5943,0,false,1,0.02,0.1728,0.1728,1590.8,16949,16949,0
NatureTrail_TON_12.03.25_LS,TON,5944,0,false,13,0.42,0.1881,0.275,595.8,16991,17015,0
NatureTrail_TON_12.03.25_LS,TON,5945,0,false,1,0.02,0.2423,0.2423,854.5,17031,17031,0
NatureTrail_TON_12.03.25_LS,TON,5946,0,false,3,0.07,0.2,0.2,664.0,17081,17084,0
NatureTrail_TON_12.03.25_LS,TON,5947,0,false,4,0.17,0.3432,0.3432,1502.0,17159,17168,0
NatureTrail_TON_12.03.25_LS,TON,5948,0,false,4,0.07,0.2077,0.2077,406.9,17165,17168,0
NatureTrail_TON_12.03.25_LS,TON,5949,0,false,1,0.02,0.1363,0.1363,710.0,17173,17173,0
NatureTrail_TON_12.03.25_LS,TON,5950,0,duplicate,44,1.72,0.218,0.3783,858.8,17194,17296,3
NatureTrail_TON_12.03.25_LS,TON,5951,0,false,3,0.07,0.2774,0.2774,1322.7,17207,17210,0
NatureTrail_TON_12.03.25_LS,TON,5952,0,false,1,0.02,0.3645,0.3645,1432.7,17250,17250,0
NatureTrail_TON_12.03.25_LS,TON,5953,0,false,1,0.02,0.3089,0.3089,671.4,17269,17269,0
NatureTrail_TON_12.03.25_LS,TON,5954,0,false,1,0.02,0.1469,0.1469,743.8,17376,17376,0
NatureTrail_TON_12.03.25_LS,TON,5955,0,false,1,0.02,0.2077,0.2077,419.2,17377,17377,0
NatureTrail_TON_12.03.25_LS,TON,5956,0,false,2,0.03,0.1172,0.1172,700.0,17499,17500,0
NatureTrail_TON_12.03.25_LS,TON,5957,0,false,1,0.02,0.1657,0.1657,539.1,17562,17562,0
NatureTrail_TON_12.03.25_LS,TON,5958,0,false,3,0.12,0.2994,0.2994,564.0,17593,17599,0
NatureTrail_TON_12.03.25_LS,TON,5959,0,false,1,0.02,0.1148,0.1148,789.9,17674,17674,0
NatureTrail_TON_12.03.25_LS,TON,5960,0,false,1,0.02,0.1547,0.1547,649.6,17695,17695,0
NatureTrail_TON_12.03.25_LS,TON,5961,0,false,1,0.02,0.1167,0.1167,736.3,17715,17715,0
NatureTrail_TON_12.03.25_LS,TON,5962,0,false,3,0.05,0.1757,0.1757,1076.4,18173,18175,0
NatureTrail_TON_12.03.25_LS,TON,5963,0,false,11,0.68,0.2333,0.3322,1300.8,18189,18229,0
NatureTrail_TON_12.03.25_LS,TON,5964,0,false,1,0.02,0.1369,0.1369,835.4,18267,18267,0
NatureTrail_TON_12.03.25_LS,TON,5965,0,false,5,0.27,0.187,0.187,790.4,18299,18314,0
NatureTrail_TON_12.03.25_LS,TON,5966,0,false,6,0.45,0.1827,0.1971,1110.2,18347,18373,0
NatureTrail_TON_12.03.25_LS,TON,5967,0,false,3,0.05,0.2217,0.2217,1490.0,18441,18443,0
NatureTrail_TON_12.03.25_LS,TON,5968,0,false,1,0.02,0.1849,0.1849,1578.5,18562,18562,0
NatureTrail_TON_12.03.25_LS,TON,5969,0,false,5,0.68,0.1917,0.1917,989.0,18761,18801,0
NatureTrail_TON_12.03.25_LS,TON,5970,0,false,3,0.07,0.1656,0.1656,644.2,18767,18770,0
NatureTrail_TON_12.03.25_LS,TON,5971,0,false,2,0.05,0.1061,0.1061,842.3,18928,18930,0
NatureTrail_TON_12.03.25_LS,TON,5972,0,false,1,0.02,0.1468,0.1468,827.0,19000,19000,0
NatureTrail_TON_12.03.25_LS,TON,5973,0,false,5,0.38,0.1342,0.1342,1053.5,19001,19023,0
NatureTrail_TON_12.03.25_LS,TON,5974,0,false,1,0.02,0.2076,0.2076,783.9,19113,19113,0
NatureTrail_TON_12.03.25_LS,TON,5975,0,false,1,0.02,0.1112,0.1112,502.9,19223,19223,0
OikosRd_TON_12.03.25_LS,TON,1004,0,false,22,0.45,0.3216,0.398,1439.3,521,547,0
OikosRd_TON_12.03.25_LS,TON,1015,0,false,5,0.12,0.5005,0.5005,1271.8,1314,1320,0
OikosRd_TON_12.03.25_LS,TON,1019,0,false,2,0.03,0.3799,0.3799,1641.4,1334,1335,0
OikosRd_TON_12.03.25_LS,TON,1020,0,false,10,0.17,0.5499,0.6218,1565.2,1338,1347,0
OikosRd_TON_12.03.25_LS,TON,1058,0,false,3,0.05,0.3687,0.3687,399.9,2226,2228,0
OikosRd_TON_12.03.25_LS,TON,1063,0,false,1,0.02,0.4524,0.4524,469.6,2240,2240,0
OikosRd_TON_12.03.25_LS,TON,1106,0,false,1,0.02,0.5481,0.5481,710.9,3658,3658,0
OikosRd_TON_12.03.25_LS,TON,1119,1,primary,12,0.32,0.6558,0.7485,6106.5,4899,4917,12
OikosRd_TON_12.03.25_LS,TON,1121,0,duplicate,1,0.02,0.5552,0.5552,2614.7,4900,4900,1
OikosRd_TON_12.03.25_LS,TON,1124,0,duplicate,2,0.03,0.7155,0.7155,4750.5,4904,4905,2
OikosRd_TON_12.03.25_LS,TON,1133,1,primary,13,0.23,0.7242,0.7766,4084.5,4924,4937,13
OikosRd_TON_12.03.25_LS,TON,1134,0,duplicate,2,0.3,0.5524,0.5524,1470.4,4925,4942,2
OikosRd_TON_12.03.25_LS,TON,1140,0,duplicate,6,0.2,0.5545,0.6175,2303.2,4942,4953,6
OikosRd_TON_12.03.25_LS,TON,1150,0,duplicate,1,0.02,0.6905,0.6905,1759.2,4948,4948,1
OikosRd_TON_12.03.25_LS,TON,1163,0,false,2,0.03,0.5822,0.5822,1452.5,4956,4957,0
OikosRd_TON_12.03.25_LS,TON,1167,0,false,1,0.02,0.5131,0.5131,875.5,4964,4964,0
OikosRd_TON_12.03.25_LS,TON,1198,0,false,1,0.02,0.5481,0.5481,610.2,5196,5196,0
OikosRd_TON_12.03.25_LS,TON,1213,0,false,1,0.02,0.344,0.344,960.0,5909,5909,0
OikosRd_TON_12.03.25_LS,TON,1237,0,false,1,0.02,0.4037,0.4037,854.1,8395,8395,0
OikosRd_TON_12.03.25_LS,TON,1266,0,false,6,0.1,0.4747,0.4976,611.3,9424,9429,0
OikosRd_TON_12.03.25_LS,TON,1295,0,false,2,0.03,0.5147,0.5147,530.5,11101,11102,0
OikosRd_TON_12.03.25_LS,TON,1301,0,false,3,0.05,0.3198,0.3198,717.0,12001,12003,0
OikosRd_TON_12.03.25_LS,TON,1310,0,false,2,0.03,0.4429,0.4429,870.1,13540,13541,0
OikosRd_TON_12.03.25_LS,TON,2310,0,false,2,0.03,0.1353,0.1353,858.4,201,202,0
OikosRd_TON_12.03.25_LS,TON,2311,0,false,1,0.02,0.153,0.153,473.2,305,305,0
OikosRd_TON_12.03.25_LS,TON,2312,0,false,1,0.02,0.1017,0.1017,646.6,332,332,0
OikosRd_TON_12.03.25_LS,TON,2313,0,false,1,0.02,0.1232,0.1232,984.8,469,469,0
OikosRd_TON_12.03.25_LS,TON,2314,0,false,10,0.72,0.1639,0.2005,1505.1,519,561,0
OikosRd_TON_12.03.25_LS,TON,2315,0,false,1,0.02,0.1584,0.1584,708.8,561,561,0
OikosRd_TON_12.03.25_LS,TON,2316,0,false,3,0.07,0.1884,0.1884,1181.0,579,582,0
OikosRd_TON_12.03.25_LS,TON,2317,0,false,1,0.02,0.1014,0.1014,751.2,1246,1246,0
OikosRd_TON_12.03.25_LS,TON,2318,0,false,6,0.3,0.1992,0.2182,939.9,1267,1284,0
OikosRd_TON_12.03.25_LS,TON,2319,0,false,28,1.17,0.2467,0.4217,1516.5,1313,1382,0
OikosRd_TON_12.03.25_LS,TON,2320,0,false,1,0.02,0.1201,0.1201,646.0,1775,1775,0
OikosRd_TON_12.03.25_LS,TON,2321,0,false,13,0.43,0.2283,0.3063,946.8,1786,1811,0
OikosRd_TON_12.03.25_LS,TON,2322,0,false,3,0.05,0.2113,0.2113,485.4,2109,2111,0
OikosRd_TON_12.03.25_LS,TON,2323,0,false,1,0.02,0.165,0.165,571.0,2183,2183,0
OikosRd_TON_12.03.25_LS,TON,2324,0,false,4,0.08,0.2258,0.2258,338.4,2186,2190,0
OikosRd_TON_12.03.25_LS,TON,2325,0,false,21,0.8,0.2228,0.3845,402.8,2222,2269,0
OikosRd_TON_12.03.25_LS,TON,2326,0,false,1,0.02,0.1558,0.1558,247.6,2252,2252,0
OikosRd_TON_12.03.25_LS,TON,2327,0,false,1,0.02,0.1184,0.1184,852.4,2279,2279,0
OikosRd_TON_12.03.25_LS,TON,2328,0,false,6,0.17,0.167,0.1804,785.2,2352,2361,0
OikosRd_TON_12.03.25_LS,TON,2329,0,false,1,0.02,0.1269,0.1269,279.2,2494,2494,0
OikosRd_TON_12.03.25_LS,TON,2330,0,false,3,0.05,0.3465,0.3465,385.4,2583,2585,0
OikosRd_TON_12.03.25_LS,TON,2331,0,false,2,0.45,0.1224,0.1224,556.5,2799,2825,0
OikosRd_TON_12.03.25_LS,TON,2332,0,false,2,0.05,0.1292,0.1292,455.1,2830,2832,0
OikosRd_TON_12.03.25_LS,TON,2333,0,false,1,0.02,0.1726,0.1726,1478.2,2859,2859,0
OikosRd_TON_12.03.25_LS,TON,2334,0,false,1,0.02,0.1051,0.1051,483.4,2891,2891,0
OikosRd_TON_12.03.25_LS,TON,2335,0,false,1,0.02,0.1329,0.1329,410.0,2894,2894,0
OikosRd_TON_12.03.25_LS,TON,2336,0,false,1,0.02,0.1383,0.1383,652.0,2944,2944,0
OikosRd_TON_12.03.25_LS,TON,2337,0,false,1,0.02,0.2786,0.2786,885.8,2962,2962,0
OikosRd_TON_12.03.25_LS,TON,2338,0,false,4,0.12,0.163,0.163,536.0,2962,2968,0
OikosRd_TON_12.03.25_LS,TON,2339,0,false,1,0.02,0.121,0.121,787.7,3040,3040,0
OikosRd_TON_12.03.25_LS,TON,2340,0,false,1,0.02,0.19,0.19,891.5,3099,3099,0
OikosRd_TON_12.03.25_LS,TON,2341,0,false,12,0.32,0.2333,0.3292,501.6,3141,3159,0
OikosRd_TON_12.03.25_LS,TON,2342,0,false,3,0.2,0.2596,0.2596,1459.8,3248,3259,0
OikosRd_TON_12.03.25_LS,TON,2343,0,false,2,0.03,0.2655,0.2655,3317.7,3323,3324,0
OikosRd_TON_12.03.25_LS,TON,2344,0,false,10,0.42,0.2274,0.319,1161.7,3345,3369,0
OikosRd_TON_12.03.25_LS,TON,2345,0,false,2,0.2,0.2029,0.2029,2079.3,3355,3366,0
OikosRd_TON_12.03.25_LS,TON,2346,0,false,1,0.02,0.1266,0.1266,777.1,3563,3563,0
OikosRd_TON_12.03.25_LS,TON,2347,0,false,4,0.1,0.278,0.278,724.9,3654,3659,0
OikosRd_TON_12.03.25_LS,TON,2348,0,false,2,0.03,0.2768,0.2768,417.8,3799,3800,0
OikosRd_TON_12.03.25_LS,TON,2349,0,false,1,0.02,0.1046,0.1046,416.9,3891,3891,0
OikosRd_TON_12.03.25_LS,TON,2350,0,false,1,0.02,0.1029,0.1029,678.0,4007,4007,0
OikosRd_TON_12.03.25_LS,TON,2351,0,false,1,0.02,0.1923,0.1923,334.5,4080,4080,0
OikosRd_TON_12.03.25_LS,TON,2352,0,false,1,0.02,0.1338,0.1338,586.0,4318,4318,0
OikosRd_TON_12.03.25_LS,TON,2353,0,false,1,0.02,0.4269,0.4269,468.2,4326,4326,0
OikosRd_TON_12.03.25_LS,TON,2354,0,false,2,0.03,0.3464,0.3464,1106.2,4388,4389,0
OikosRd_TON_12.03.25_LS,TON,2355,0,false,2,0.05,0.3958,0.3958,877.5,4429,4431,0
OikosRd_TON_12.03.25_LS,TON,2356,0,false,1,0.02,0.1039,0.1039,886.0,4438,4438,0
OikosRd_TON_12.03.25_LS,TON,2357,0,false,1,0.02,0.1321,0.1321,1325.0,4516,4516,0
OikosRd_TON_12.03.25_LS,TON,2358,0,false,2,0.4,0.1473,0.1473,1106.4,4655,4678,0
OikosRd_TON_12.03.25_LS,TON,2359,0,false,1,0.02,0.4049,0.4049,1619.8,4671,4671,0
OikosRd_TON_12.03.25_LS,TON,2360,0,false,1,0.02,0.1291,0.1291,642.3,4739,4739,0
OikosRd_TON_12.03.25_LS,TON,2361,0,false,1,0.02,0.223,0.223,1411.1,4858,4858,0
OikosRd_TON_12.03.25_LS,TON,2362,0,duplicate,31,1.53,0.3409,0.6994,2037.0,4889,4980,9
OikosRd_TON_12.03.25_LS,TON,2363,0,duplicate,16,0.52,0.3265,0.5146,1705.2,4936,4966,10
OikosRd_TON_12.03.25_LS,TON,2364,0,false,3,0.25,0.1726,0.1726,780.0,4946,4960,0
OikosRd_TON_12.03.25_LS,TON,2365,0,false,8,0.32,0.3401,0.4437,736.4,4954,4972,0
OikosRd_TON_12.03.25_LS,TON,2366,0,false,3,0.17,0.1832,0.1832,980.2,4961,4970,0
OikosRd_TON_12.03.25_LS,TON,2367,0,false,8,0.93,0.2074,0.2667,894.1,5034,5089,0
OikosRd_TON_12.03.25_LS,TON,2368,0,false,1,0.02,0.1001,0.1001,638.3,5039,5039,0
OikosRd_TON_12.03.25_LS,TON,2369,0,false,2,0.03,0.2561,0.2561,1040.1,5064,5065,0
OikosRd_TON_12.03.25_LS,TON,2370,0,false,8,0.25,0.2526,0.3107,723.5,5126,5140,0
OikosRd_TON_12.03.25_LS,TON,2371,0,false,1,0.02,0.2366,0.2366,2359.2,5157,5157,0
OikosRd_TON_12.03.25_LS,TON,2372,0,false,1,0.02,0.2189,0.2189,1091.5,5169,5169,0
OikosRd_TON_12.03.25_LS,TON,2373,0,false,3,0.07,0.1712,0.1712,954.4,5180,5183,0
OikosRd_TON_12.03.25_LS,TON,2374,0,false,7,0.5,0.1631,0.1816,724.3,5183,5212,0
OikosRd_TON_12.03.25_LS,TON,2375,0,false,4,0.1,0.3706,0.3706,629.5,5193,5198,0
OikosRd_TON_12.03.25_LS,TON,2376,0,false,2,0.03,0.3437,0.3437,817.0,5208,5209,0
OikosRd_TON_12.03.25_LS,TON,2377,0,false,1,0.02,0.1607,0.1607,1705.1,5253,5253,0
OikosRd_TON_12.03.25_LS,TON,2378,0,false,1,0.02,0.2395,0.2395,745.2,5271,5271,0
OikosRd_TON_12.03.25_LS,TON,2379,0,false,1,0.02,0.3532,0.3532,2629.6,5307,5307,0
OikosRd_TON_12.03.25_LS,TON,2380,0,false,1,0.02,0.111,0.111,2088.2,5521,5521,0
OikosRd_TON_12.03.25_LS,TON,2381,0,false,1,0.02,0.3281,0.3281,1674.9,5552,5552,0
OikosRd_TON_12.03.25_LS,TON,2382,0,false,1,0.02,0.3322,0.3322,578.6,5642,5642,0
OikosRd_TON_12.03.25_LS,TON,2383,0,false,1,0.02,0.1013,0.1013,492.6,5727,5727,0
OikosRd_TON_12.03.25_LS,TON,2384,0,false,1,0.02,0.1326,0.1326,341.2,5894,5894,0
OikosRd_TON_12.03.25_LS,TON,2385,0,false,5,0.1,0.1795,0.1795,890.9,5903,5908,0
OikosRd_TON_12.03.25_LS,TON,2386,0,false,2,0.1,0.2413,0.2413,760.2,5956,5961,0
OikosRd_TON_12.03.25_LS,TON,2387,0,false,1,0.02,0.1909,0.1909,624.5,6133,6133,0
OikosRd_TON_12.03.25_LS,TON,2388,0,false,4,0.07,0.2372,0.2372,908.1,6175,6178,0
OikosRd_TON_12.03.25_LS,TON,2389,0,false,1,0.02,0.1628,0.1628,912.9,6247,6247,0
OikosRd_TON_12.03.25_LS,TON,2390,0,false,1,0.02,0.1725,0.1725,383.5,6371,6371,0
OikosRd_TON_12.03.25_LS,TON,2391,0,false,1,0.02,0.1611,0.1611,455.6,6378,6378,0
OikosRd_TON_12.03.25_LS,TON,2392,0,false,1,0.02,0.1035,0.1035,661.9,6454,6454,0
OikosRd_TON_12.03.25_LS,TON,2393,0,false,1,0.02,0.1137,0.1137,708.7,6500,6500,0
OikosRd_TON_12.03.25_LS,TON,2394,0,false,3,0.05,0.1261,0.1261,383.5,6519,6521,0
OikosRd_TON_12.03.25_LS,TON,2395,0,false,1,0.02,0.2508,0.2508,446.7,6660,6660,0
OikosRd_TON_12.03.25_LS,TON,2396,0,false,1,0.02,0.232,0.232,1079.4,6732,6732,0
OikosRd_TON_12.03.25_LS,TON,2397,0,false,1,0.02,0.1585,0.1585,998.6,6751,6751,0
OikosRd_TON_12.03.25_LS,TON,2398,0,false,2,0.03,0.2096,0.2096,687.0,6767,6768,0
OikosRd_TON_12.03.25_LS,TON,2399,0,false,1,0.02,0.1207,0.1207,927.1,6827,6827,0
OikosRd_TON_12.03.25_LS,TON,2400,0,false,1,0.02,0.4003,0.4003,850.7,7003,7003,0
OikosRd_TON_12.03.25_LS,TON,2401,0,false,1,0.02,0.1139,0.1139,784.1,7120,7120,0
OikosRd_TON_12.03.25_LS,TON,2402,0,false,1,0.02,0.1258,0.1258,1235.4,7175,7175,0
OikosRd_TON_12.03.25_LS,TON,2403,0,false,1,0.02,0.1743,0.1743,2163.2,7209,7209,0
OikosRd_TON_12.03.25_LS,TON,2404,0,false,2,0.08,0.1128,0.1128,855.2,7230,7234,0
OikosRd_TON_12.03.25_LS,TON,2405,0,false,1,0.02,0.4979,0.4979,1656.0,7235,7235,0
OikosRd_TON_12.03.25_LS,TON,2406,0,false,1,0.02,0.1334,0.1334,268.1,7270,7270,0
OikosRd_TON_12.03.25_LS,TON,2407,0,false,1,0.02,0.1548,0.1548,548.6,7351,7351,0
OikosRd_TON_12.03.25_LS,TON,2408,0,false,1,0.02,0.1045,0.1045,498.3,7351,7351,0
OikosRd_TON_12.03.25_LS,TON,2409,0,false,1,0.02,0.1282,0.1282,769.6,7357,7357,0
OikosRd_TON_12.03.25_LS,TON,2410,0,false,2,0.02,0.1291,0.1291,609.3,7390,7390,0
OikosRd_TON_12.03.25_LS,TON,2411,0,false,1,0.02,0.1285,0.1285,720.1,7448,7448,0
OikosRd_TON_12.03.25_LS,TON,2412,0,false,1,0.02,0.1683,0.1683,968.9,7533,7533,0
OikosRd_TON_12.03.25_LS,TON,2413,0,false,1,0.02,0.1953,0.1953,740.6,7574,7574,0
OikosRd_TON_12.03.25_LS,TON,2414,0,false,1,0.02,0.3568,0.3568,530.8,7966,7966,0
OikosRd_TON_12.03.25_LS,TON,2415,0,false,3,0.17,0.3118,0.3118,906.4,8385,8394,0
OikosRd_TON_12.03.25_LS,TON,2416,0,false,1,0.02,0.1718,0.1718,675.1,8440,8440,0
OikosRd_TON_12.03.25_LS,TON,2417,0,false,3,0.43,0.1149,0.1149,468.7,8440,8465,0
OikosRd_TON_12.03.25_LS,TON,2418,0,false,1,0.02,0.2088,0.2088,775.3,8477,8477,0
OikosRd_TON_12.03.25_LS,TON,2419,0,false,10,0.18,0.2066,0.2668,799.9,8490,8500,0
OikosRd_TON_12.03.25_LS,TON,2420,0,false,1,0.02,0.1064,0.1064,918.7,8535,8535,0
OikosRd_TON_12.03.25_LS,TON,2421,0,false,9,0.28,0.2967,0.4216,979.4,8552,8568,0
OikosRd_TON_12.03.25_LS,TON,2422,0,false,1,0.02,0.1616,0.1616,1126.2,8561,8561,0
OikosRd_TON_12.03.25_LS,TON,2423,0,false,1,0.02,0.1027,0.1027,962.4,8569,8569,0
OikosRd_TON_12.03.25_LS,TON,2424,0,false,1,0.02,0.1112,0.1112,585.0,8585,8585,0
OikosRd_TON_12.03.25_LS,TON,2425,0,false,1,0.02,0.3403,0.3403,604.2,8647,8647,0
OikosRd_TON_12.03.25_LS,TON,2426,0,false,1,0.02,0.1172,0.1172,564.5,8803,8803,0
OikosRd_TON_12.03.25_LS,TON,2427,0,false,1,0.02,0.4216,0.4216,832.9,8805,8805,0
OikosRd_TON_12.03.25_LS,TON,2428,0,false,1,0.02,0.185,0.185,506.8,8820,8820,0
OikosRd_TON_12.03.25_LS,TON,2429,0,false,1,0.02,0.1054,0.1054,580.9,8949,8949,0
OikosRd_TON_12.03.25_LS,TON,2430,0,false,2,0.03,0.1855,0.1855,801.9,9090,9091,0
OikosRd_TON_12.03.25_LS,TON,2431,0,false,1,0.02,0.1631,0.1631,883.5,9214,9214,0
OikosRd_TON_12.03.25_LS,TON,2432,0,false,1,0.02,0.1131,0.1131,846.4,9252,9252,0
OikosRd_TON_12.03.25_LS,TON,2433,0,false,1,0.02,0.1633,0.1633,915.6,9393,9393,0
OikosRd_TON_12.03.25_LS,TON,2434,0,false,7,0.22,0.2556,0.3031,637.8,9419,9431,0
OikosRd_TON_12.03.25_LS,TON,2435,0,false,2,0.03,0.3064,0.3064,1058.7,9439,9440,0
OikosRd_TON_12.03.25_LS,TON,2436,0,false,3,0.1,0.232,0.232,627.5,9474,9479,0
OikosRd_TON_12.03.25_LS,TON,2437,0,false,7,0.12,0.2406,0.2756,682.4,9507,9513,0
OikosRd_TON_12.03.25_LS,TON,2438,0,false,1,0.02,0.1153,0.1153,334.4,9528,9528,0
OikosRd_TON_12.03.25_LS,TON,2439,0,false,3,0.08,0.2361,0.2361,495.1,9586,9590,0
OikosRd_TON_12.03.25_LS,TON,2440,0,false,1,0.02,0.27,0.27,605.5,9596,9596,0
OikosRd_TON_12.03.25_LS,TON,2441,0,false,1,0.02,0.1722,0.1722,847.6,9675,9675,0
OikosRd_TON_12.03.25_LS,TON,2442,0,false,2,0.03,0.2597,0.2597,657.3,9833,9834,0
OikosRd_TON_12.03.25_LS,TON,2443,0,false,2,0.03,0.1769,0.1769,851.0,10456,10457,0
OikosRd_TON_12.03.25_LS,TON,2444,0,false,1,0.02,0.1204,0.1204,1306.9,10628,10628,0
OikosRd_TON_12.03.25_LS,TON,2445,0,false,1,0.02,0.1323,0.1323,1274.5,10709,10709,0
OikosRd_TON_12.03.25_LS,TON,2446,0,false,2,0.03,0.1518,0.1518,578.1,10873,10874,0
OikosRd_TON_12.03.25_LS,TON,2447,0,false,4,0.1,0.2278,0.2278,781.4,10938,10943,0
OikosRd_TON_12.03.25_LS,TON,2448,0,false,1,0.02,0.2417,0.2417,755.7,10993,10993,0
OikosRd_TON_12.03.25_LS,TON,2449,0,false,5,0.17,0.3101,0.3101,288.4,11079,11088,0
OikosRd_TON_12.03.25_LS,TON,2450,0,false,2,0.07,0.3386,0.3386,579.4,11100,11103,0
OikosRd_TON_12.03.25_LS,TON,2451,0,false,1,0.02,0.1601,0.1601,1292.1,11337,11337,0
OikosRd_TON_12.03.25_LS,TON,2452,0,false,1,0.02,0.1611,0.1611,609.5,11420,11420,0
OikosRd_TON_12.03.25_LS,TON,2453,0,false,1,0.02,0.1409,0.1409,974.8,11420,11420,0
OikosRd_TON_12.03.25_LS,TON,2454,0,false,3,0.07,0.1664,0.1664,1346.3,11544,11547,0
OikosRd_TON_12.03.25_LS,TON,2455,0,false,1,0.02,0.1404,0.1404,1163.5,11899,11899,0
OikosRd_TON_12.03.25_LS,TON,2456,0,false,1,0.02,0.5294,0.5294,677.2,12000,12000,0
OikosRd_TON_12.03.25_LS,TON,2457,0,false,1,0.02,0.3357,0.3357,849.5,12283,12283,0
OikosRd_TON_12.03.25_LS,TON,2458,0,false,1,0.02,0.106,0.106,665.0,12408,12408,0
OikosRd_TON_12.03.25_LS,TON,2459,0,false,1,0.02,0.1166,0.1166,604.4,12472,12472,0
OikosRd_TON_12.03.25_LS,TON,2460,0,false,1,0.02,0.1224,0.1224,948.2,12519,12519,0
OikosRd_TON_12.03.25_LS,TON,2461,0,false,2,0.05,0.131,0.131,1007.5,12630,12632,0
OikosRd_TON_12.03.25_LS,TON,2462,0,false,1,0.02,0.1056,0.1056,897.9,12741,12741,0
OikosRd_TON_12.03.25_LS,TON,2463,0,false,2,0.03,0.2749,0.2749,328.7,12783,12784,0
OikosRd_TON_12.03.25_LS,TON,2464,0,false,1,0.02,0.1293,0.1293,404.2,12816,12816,0
OikosRd_TON_12.03.25_LS,TON,2465,0,false,3,0.05,0.1877,0.1877,789.4,12923,12925,0
OikosRd_TON_12.03.25_LS,TON,2466,0,false,1,0.02,0.1047,0.1047,1376.2,13093,13093,0
OikosRd_TON_12.03.25_LS,TON,2467,0,false,1,0.02,0.1052,0.1052,650.1,13152,13152,0
OikosRd_TON_12.03.25_LS,TON,2468,0,false,1,0.02,0.1008,0.1008,268.4,13328,13328,0
OikosRd_TON_12.03.25_LS,TON,2469,0,false,2,0.03,0.1182,0.1182,847.5,13389,13390,0
OikosRd_TON_12.03.25_LS,TON,2470,0,false,1,0.02,0.2112,0.2112,759.7,13409,13409,0
OikosRd_TON_12.03.25_LS,TON,2471,0,false,2,0.03,0.1898,0.1898,637.2,13480,13481,0
OikosRd_TON_12.03.25_LS,TON,2472,0,false,7,0.27,0.1664,0.1882,775.7,13539,13554,0
OikosRd_TON_12.03.25_LS,TON,2473,0,false,10,0.67,0.1754,0.2331,540.7,13543,13582,0
OikosRd_TON_12.03.25_LS,TON,2474,0,false,1,0.02,0.1059,0.1059,845.3,13612,13612,0
OikosRd_TON_12.03.25_LS,TON,2475,0,false,1,0.02,0.1078,0.1078,657.9,13620,13620,0
OikosRd_TON_12.03.25_LS,TON,2476,0,false,1,0.02,0.1267,0.1267,586.3,13663,13663,0
OikosRd_TON_12.03.25_LS,TON,2477,0,false,1,0.02,0.2061,0.2061,404.5,13752,13752,0
OikosRd_TON_12.03.25_LS,TON,2478,0,false,5,0.27,0.1519,0.1519,1341.6,13932,13947,0
OikosRd_TON_12.03.25_LS,TON,2479,0,false,1,0.02,0.1029,0.1029,357.1,13989,13989,0
OikosRd_TON_12.03.25_LS,TON,2480,0,false,3,0.05,0.1281,0.1281,950.2,14026,14028,0
OikosRd_TON_12.03.25_LS,TON,2481,0,false,2,0.03,0.2087,0.2087,530.8,14029,14030,0
OikosRd_TON_12.03.25_LS,TON,2482,0,false,4,0.2,0.2113,0.2113,802.7,14050,14061,0
OikosRd_TON_12.03.25_LS,TON,2483,0,false,4,0.07,0.2232,0.2232,493.0,14126,14129,0
OikosRd_TON_12.03.25_LS,TON,2484,0,false,1,0.02,0.1604,0.1604,849.9,14428,14428,0
OikosRd_TON_12.03.25_LS,TON,2485,0,false,2,0.13,0.1216,0.1216,1872.8,14451,14458,0
OikosRd_TON_12.03.25_LS,TON,2486,0,false,3,0.2,0.1471,0.1471,678.2,14505,14516,0
OikosRd_TON_12.03.25_LS,TON,2487,0,false,1,0.02,0.1154,0.1154,526.7,14539,14539,0
OikosRd_TON_12.03.25_LS,TON,2488,0,false,1,0.02,0.1181,0.1181,660.7,14807,14807,0
OikosRd_TON_12.03.25_LS,TON,2489,0,false,5,0.28,0.1445,0.1445,1311.7,14836,14852,0
OikosRd_TON_12.03.25_LS,TON,2490,0,false,4,0.63,0.1639,0.1639,355.9,14887,14924,0
OikosRd_TON_12.03.25_LS,TON,2491,0,false,2,0.03,0.1823,0.1823,493.5,14900,14901,0
OikosRd_TON_12.03.25_LS,TON,2492,0,false,1,0.02,0.2317,0.2317,314.8,14923,14923,0
OikosRd_TON_12.03.25_LS,TON,2493,0,false,4,0.08,0.1578,0.1578,454.9,14923,14927,0
OikosRd_TON_12.03.25_LS,TON,2494,0,false,1,0.02,0.1268,0.1268,512.1,14949,14949,0
OikosRd_TON_12.03.25_LS,TON,2495,0,false,2,0.38,0.1528,0.1528,845.7,14985,15007,0
OikosRd_TON_12.03.25_LS,TON,2496,0,false,7,0.27,0.223,0.2466,313.9,15100,15115,0
OikosRd_TON_12.03.25_LS,TON,2497,0,false,2,0.03,0.234,0.234,275.7,15118,15119,0
OikosRd_TON_12.03.25_LS,TON,2498,0,false,2,0.07,0.2488,0.2488,881.0,15135,15138,0
OikosRd_TON_12.03.25_LS,TON,2499,0,false,4,0.08,0.1859,0.1859,291.6,15355,15359,0
Robinson_SHW_01.18.2026_LS,SHW,4104,0,false,1,0.02,0.3879,0.3879,1374.7,128,128,0
Robinson_SHW_01.18.2026_LS,SHW,4106,0,false,2,0.03,0.446,0.446,1272.8,138,139,0
Robinson_SHW_01.18.2026_LS,SHW,4146,0,false,3,0.05,0.3419,0.3419,864.0,2265,2267,0
Robinson_SHW_01.18.2026_LS,SHW,4150,0,duplicate,18,0.33,0.5012,0.6073,1982.8,2283,2302,12
Robinson_SHW_01.18.2026_LS,SHW,4157,1,primary,25,0.92,0.4595,0.7071,2023.8,2339,2393,25
Robinson_SHW_01.18.2026_LS,SHW,4166,0,false,1,0.02,0.4505,0.4505,507.7,2357,2357,0
Robinson_SHW_01.18.2026_LS,SHW,4176,0,false,1,0.02,0.4902,0.4902,1422.1,2381,2381,0
Robinson_SHW_01.18.2026_LS,SHW,4285,0,false,1,0.02,0.4765,0.4765,1232.9,9610,9610,0
Robinson_SHW_01.18.2026_LS,SHW,4295,0,false,5,0.08,0.5002,0.5002,1853.4,11146,11150,0
Robinson_SHW_01.18.2026_LS,SHW,4302,0,false,2,0.03,0.5738,0.5738,675.0,12435,12436,0
Robinson_SHW_01.18.2026_LS,SHW,4314,0,false,10,0.23,0.3675,0.4191,839.2,13645,13658,0
Robinson_SHW_01.18.2026_LS,SHW,4344,1,primary,64,1.1,0.6865,0.798,9244.3,14706,14771,53
Robinson_SHW_01.18.2026_LS,SHW,4347,1,primary,186,3.1,0.6615,0.7462,2022.8,14719,14904,178
Robinson_SHW_01.18.2026_LS,SHW,4364,1,primary,20,0.33,0.5345,0.7299,9639.6,14804,14823,20
Robinson_SHW_01.18.2026_LS,SHW,4372,1,primary,40,0.68,0.5834,0.7164,10027.0,14832,14872,39
Robinson_SHW_01.18.2026_LS,SHW,4376,0,duplicate,1,0.02,0.5304,0.5304,3089.2,14837,14837,1
Robinson_SHW_01.18.2026_LS,SHW,4382,1,primary,66,1.17,0.6711,0.7775,7195.0,14846,14915,58
Robinson_SHW_01.18.2026_LS,SHW,4392,0,false,5,0.08,0.3991,0.3991,452.5,14865,14869,0
Robinson_SHW_01.18.2026_LS,SHW,4395,0,false,24,0.47,0.5207,0.6721,410.8,14892,14919,0
Robinson_SHW_01.18.2026_LS,SHW,4406,0,duplicate,1,0.02,0.3994,0.3994,3149.5,14922,14922,1
Robinson_SHW_01.18.2026_LS,SHW,4410,0,false,31,0.73,0.4384,0.5239,528.7,14924,14967,0
Robinson_SHW_01.18.2026_LS,SHW,4412,0,false,2,0.03,0.3494,0.3494,610.4,14925,14926,0
Robinson_SHW_01.18.2026_LS,SHW,4436,0,false,10,0.25,0.3129,0.4015,475.9,14941,14955,0
Robinson_SHW_01.18.2026_LS,SHW,4440,0,false,3,0.05,0.3444,0.3444,594.4,14948,14950,0
Robinson_SHW_01.18.2026_LS,SHW,4448,0,false,4,0.08,0.345,0.345,504.9,14965,14969,0
Robinson_SHW_01.18.2026_LS,SHW,4456,0,false,17,0.7,0.4516,0.5603,561.3,15007,15048,0
Robinson_SHW_01.18.2026_LS,SHW,4465,0,false,9,0.18,0.3806,0.4407,1318.0,15083,15093,0
Robinson_SHW_01.18.2026_LS,SHW,4477,0,false,1,0.02,0.458,0.458,853.7,15315,15315,0
Robinson_SHW_01.18.2026_LS,SHW,4480,0,false,1,0.02,0.5129,0.5129,950.3,15373,15373,0
Robinson_SHW_01.18.2026_LS,SHW,4484,0,false,1,0.02,0.5761,0.5761,977.9,15384,15384,0
Robinson_SHW_01.18.2026_LS,SHW,4492,0,false,1,0.02,0.6137,0.6137,953.0,15445,15445,0
Robinson_SHW_01.18.2026_LS,SHW,4515,0,false,4,0.07,0.5444,0.5444,1693.0,15539,15542,0
Robinson_SHW_01.18.2026_LS,SHW,4529,0,false,4,0.07,0.4448,0.4448,850.5,15590,15593,0
Robinson_SHW_01.18.2026_LS,SHW,4547,0,false,1,0.02,0.3998,0.3998,2737.2,15628,15628,0
Robinson_SHW_01.18.2026_LS,SHW,4556,0,false,1,0.02,0.3491,0.3491,2278.4,15668,15668,0
Robinson_SHW_01.18.2026_LS,SHW,4560,0,false,1,0.02,0.4557,0.4557,2154.2,15795,15795,0
Robinson_SHW_01.18.2026_LS,SHW,4569,0,false,3,0.07,0.6013,0.6013,2561.7,15807,15810,0
Robinson_SHW_01.18.2026_LS,SHW,4604,0,false,2,0.03,0.4513,0.4513,1596.7,17517,17518,0
Robinson_SHW_01.18.2026_LS,SHW,4608,0,false,5,0.1,0.4269,0.4269,3291.0,17558,17563,0
Robinson_SHW_01.18.2026_LS,SHW,5608,0,false,1,0.02,0.1373,0.1373,524.7,97,97,0
Robinson_SHW_01.18.2026_LS,SHW,5609,0,false,1,0.02,0.187,0.187,1329.5,127,127,0
Robinson_SHW_01.18.2026_LS,SHW,5610,0,false,1,0.02,0.2612,0.2612,1055.8,135,135,0
Robinson_SHW_01.18.2026_LS,SHW,5611,0,false,5,0.15,0.1882,0.1882,1844.7,137,145,0
Robinson_SHW_01.18.2026_LS,SHW,5612,0,false,1,0.02,0.1027,0.1027,1592.0,366,366,0
Robinson_SHW_01.18.2026_LS,SHW,5613,0,false,1,0.02,0.166,0.166,1676.7,497,497,0
Robinson_SHW_01.18.2026_LS,SHW,5614,0,false,1,0.02,0.1177,0.1177,2072.3,525,525,0
Robinson_SHW_01.18.2026_LS,SHW,5615,0,false,4,0.08,0.3799,0.3799,2109.0,598,602,0
Robinson_SHW_01.18.2026_LS,SHW,5616,0,false,1,0.02,0.1168,0.1168,915.8,609,609,0
Robinson_SHW_01.18.2026_LS,SHW,5617,0,false,1,0.02,0.4427,0.4427,972.5,631,631,0
Robinson_SHW_01.18.2026_LS,SHW,5618,0,false,1,0.02,0.1741,0.1741,682.7,641,641,0
Robinson_SHW_01.18.2026_LS,SHW,5619,0,false,2,0.05,0.612,0.612,1456.7,664,666,0
Robinson_SHW_01.18.2026_LS,SHW,5620,0,false,2,0.03,0.1322,0.1322,1074.9,706,707,0
Robinson_SHW_01.18.2026_LS,SHW,5621,0,false,1,0.02,0.1271,0.1271,1242.8,905,905,0
Robinson_SHW_01.18.2026_LS,SHW,5622,0,false,1,0.02,0.2931,0.2931,1747.4,956,956,0
Robinson_SHW_01.18.2026_LS,SHW,5623,0,false,1,0.02,0.2652,0.2652,1895.1,1098,1098,0
Robinson_SHW_01.18.2026_LS,SHW,5624,0,false,1,0.02,0.1683,0.1683,1872.7,1225,1225,0
Robinson_SHW_01.18.2026_LS,SHW,5625,0,false,1,0.02,0.2747,0.2747,964.9,1343,1343,0
Robinson_SHW_01.18.2026_LS,SHW,5626,0,false,1,0.02,0.4427,0.4427,1450.0,1344,1344,0
Robinson_SHW_01.18.2026_LS,SHW,5627,0,false,1,0.02,0.3351,0.3351,2156.4,1347,1347,0
Robinson_SHW_01.18.2026_LS,SHW,5628,0,false,1,0.02,0.1072,0.1072,1057.0,1380,1380,0
Robinson_SHW_01.18.2026_LS,SHW,5629,0,false,2,0.13,0.1168,0.1168,2135.9,1399,1406,0
Robinson_SHW_01.18.2026_LS,SHW,5630,0,false,3,0.05,0.2048,0.2048,902.3,1578,1580,0
Robinson_SHW_01.18.2026_LS,SHW,5631,0,false,3,0.07,0.4654,0.4654,955.8,1586,1589,0
Robinson_SHW_01.18.2026_LS,SHW,5632,0,false,1,0.02,0.1158,0.1158,807.8,1631,1631,0
Robinson_SHW_01.18.2026_LS,SHW,5633,0,false,1,0.02,0.102,0.102,856.9,1637,1637,0
Robinson_SHW_01.18.2026_LS,SHW,5634,0,false,4,0.52,0.1354,0.1354,1006.0,1672,1702,0
Robinson_SHW_01.18.2026_LS,SHW,5635,0,false,2,0.45,0.145,0.145,676.5,1680,1706,0
Robinson_SHW_01.18.2026_LS,SHW,5636,0,false,2,0.03,0.1167,0.1167,546.9,1689,1690,0
Robinson_SHW_01.18.2026_LS,SHW,5637,0,false,1,0.02,0.1521,0.1521,518.2,1690,1690,0
Robinson_SHW_01.18.2026_LS,SHW,5638,0,false,1,0.02,0.1344,0.1344,1466.1,1697,1697,0
Robinson_SHW_01.18.2026_LS,SHW,5639,0,false,4,0.07,0.2819,0.2819,1007.0,1707,1710,0
Robinson_SHW_01.18.2026_LS,SHW,5640,0,false,1,0.02,0.3927,0.3927,1367.7,1726,1726,0
Robinson_SHW_01.18.2026_LS,SHW,5641,0,false,1,0.02,0.2486,0.2486,848.1,1760,1760,0
Robinson_SHW_01.18.2026_LS,SHW,5642,0,false,1,0.02,0.1299,0.1299,3426.4,2016,2016,0
Robinson_SHW_01.18.2026_LS,SHW,5643,0,false,1,0.02,0.1312,0.1312,3574.1,2046,2046,0
Robinson_SHW_01.18.2026_LS,SHW,5644,0,false,1,0.02,0.5402,0.5402,1787.8,2068,2068,0
Robinson_SHW_01.18.2026_LS,SHW,5645,0,false,1,0.02,0.1146,0.1146,737.9,2097,2097,0
Robinson_SHW_01.18.2026_LS,SHW,5646,0,false,8,0.6,0.1833,0.2138,1006.4,2140,2175,0
Robinson_SHW_01.18.2026_LS,SHW,5647,0,false,1,0.02,0.1475,0.1475,1168.4,2144,2144,0
Robinson_SHW_01.18.2026_LS,SHW,5648,0,false,1,0.02,0.1232,0.1232,694.3,2212,2212,0
Robinson_SHW_01.18.2026_LS,SHW,5649,1,primary,6,0.57,0.2127,0.2338,785.1,2230,2263,1
Robinson_SHW_01.18.2026_LS,SHW,5650,0,duplicate,27,2.42,0.1994,0.3204,1573.9,2255,2399,16
Robinson_SHW_01.18.2026_LS,SHW,5651,0,duplicate,12,1.45,0.2061,0.3071,919.6,2308,2394,1
Robinson_SHW_01.18.2026_LS,SHW,5652,0,false,1,0.02,0.1067,0.1067,851.3,2515,2515,0
Robinson_SHW_01.18.2026_LS,SHW,5653,0,false,3,0.17,0.1652,0.1652,1336.3,2712,2721,0
Robinson_SHW_01.18.2026_LS,SHW,5654,0,false,4,0.22,0.2356,0.2356,955.1,2849,2861,0
Robinson_SHW_01.18.2026_LS,SHW,5655,0,false,2,0.03,0.3067,0.3067,638.5,2856,2857,0
Robinson_SHW_01.18.2026_LS,SHW,5656,0,false,5,0.13,0.2389,0.2389,614.1,2912,2919,0
Robinson_SHW_01.18.2026_LS,SHW,5657,0,false,2,0.47,0.1396,0.1396,962.4,3207,3234,0
Robinson_SHW_01.18.2026_LS,SHW,5658,0,false,7,0.12,0.1957,0.221,669.0,3219,3225,0
Robinson_SHW_01.18.2026_LS,SHW,5659,0,false,1,0.02,0.1933,0.1933,538.2,3305,3305,0
Robinson_SHW_01.18.2026_LS,SHW,5660,0,false,1,0.02,0.232,0.232,2298.1,3326,3326,0
Robinson_SHW_01.18.2026_LS,SHW,5661,0,false,7,0.53,0.2023,0.2416,566.2,3372,3403,0
Robinson_SHW_01.18.2026_LS,SHW,5662,0,false,1,0.02,0.1868,0.1868,407.4,3435,3435,0
Robinson_SHW_01.18.2026_LS,SHW,5663,0,false,2,0.03,0.2927,0.2927,1537.1,3469,3470,0
Robinson_SHW_01.18.2026_LS,SHW,5664,0,false,1,0.02,0.1083,0.1083,1226.7,3473,3473,0
Robinson_SHW_01.18.2026_LS,SHW,5665,0,false,3,0.47,0.2499,0.2499,1647.5,3482,3509,0
Robinson_SHW_01.18.2026_LS,SHW,5666,0,false,1,0.02,0.3038,0.3038,1455.2,3542,3542,0
Robinson_SHW_01.18.2026_LS,SHW,5667,0,false,1,0.02,0.4722,0.4722,1835.2,3557,3557,0
Robinson_SHW_01.18.2026_LS,SHW,5668,0,false,1,0.02,0.3236,0.3236,1070.8,3662,3662,0
Robinson_SHW_01.18.2026_LS,SHW,5669,0,false,5,0.23,0.2367,0.2367,2438.3,4119,4132,0
Robinson_SHW_01.18.2026_LS,SHW,5670,0,false,1,0.02,0.2656,0.2656,1706.6,4508,4508,0
Robinson_SHW_01.18.2026_LS,SHW,5671,0,false,1,0.02,0.1001,0.1001,338.3,4566,4566,0
Robinson_SHW_01.18.2026_LS,SHW,5672,0,false,1,0.02,0.2064,0.2064,663.2,4712,4712,0
Robinson_SHW_01.18.2026_LS,SHW,5673,0,false,2,0.03,0.3134,0.3134,1564.8,4832,4833,0
Robinson_SHW_01.18.2026_LS,SHW,5674,0,false,1,0.02,0.1883,0.1883,567.0,5021,5021,0
Robinson_SHW_01.18.2026_LS,SHW,5675,0,false,4,0.03,0.1397,0.1397,376.2,5041,5042,0
Robinson_SHW_01.18.2026_LS,SHW,5676,0,false,1,0.02,0.2075,0.2075,869.0,5047,5047,0
Robinson_SHW_01.18.2026_LS,SHW,5677,0,false,1,0.02,0.12,0.12,386.5,5145,5145,0
Robinson_SHW_01.18.2026_LS,SHW,5678,0,false,1,0.02,0.2707,0.2707,1655.7,5229,5229,0
Robinson_SHW_01.18.2026_LS,SHW,5679,0,false,1,0.02,0.1925,0.1925,1678.9,5340,5340,0
Robinson_SHW_01.18.2026_LS,SHW,5680,0,false,1,0.02,0.2621,0.2621,1097.7,5460,5460,0
Robinson_SHW_01.18.2026_LS,SHW,5681,0,false,1,0.02,0.1121,0.1121,1204.2,5760,5760,0
Robinson_SHW_01.18.2026_LS,SHW,5682,0,false,1,0.02,0.1741,0.1741,1600.6,6053,6053,0
Robinson_SHW_01.18.2026_LS,SHW,5683,0,false,1,0.02,0.139,0.139,574.1,6149,6149,0
Robinson_SHW_01.18.2026_LS,SHW,5684,0,false,1,0.02,0.175,0.175,365.2,6240,6240,0
Robinson_SHW_01.18.2026_LS,SHW,5685,0,false,1,0.02,0.1949,0.1949,427.3,6300,6300,0
Robinson_SHW_01.18.2026_LS,SHW,5686,0,false,1,0.02,0.1381,0.1381,330.8,6333,6333,0
Robinson_SHW_01.18.2026_LS,SHW,5687,0,false,3,0.05,0.2055,0.2055,399.2,6363,6365,0
Robinson_SHW_01.18.2026_LS,SHW,5688,0,false,1,0.02,0.1173,0.1173,1188.9,6391,6391,0
Robinson_SHW_01.18.2026_LS,SHW,5689,0,false,1,0.02,0.2025,0.2025,2194.8,6505,6505,0
Robinson_SHW_01.18.2026_LS,SHW,5690,0,false,1,0.02,0.4863,0.4863,2227.0,6514,6514,0
Robinson_SHW_01.18.2026_LS,SHW,5691,0,false,1,0.02,0.1636,0.1636,595.3,6559,6559,0
Robinson_SHW_01.18.2026_LS,SHW,5692,0,false,2,0.2,0.2257,0.2257,975.3,6576,6587,0
Robinson_SHW_01.18.2026_LS,SHW,5693,0,false,1,0.02,0.1104,0.1104,524.2,6601,6601,0
Robinson_SHW_01.18.2026_LS,SHW,5694,0,false,4,0.07,0.3127,0.3127,1741.8,6806,6809,0
Robinson_SHW_01.18.2026_LS,SHW,5695,0,false,11,0.7,0.4262,0.596,1656.5,6844,6885,0
Robinson_SHW_01.18.2026_LS,SHW,5696,0,false,1,0.02,0.211,0.211,1131.8,6846,6846,0
Robinson_SHW_01.18.2026_LS,SHW,5697,0,false,7,0.15,0.4215,0.5079,1531.9,6855,6863,0
Robinson_SHW_01.18.2026_LS,SHW,5698,0,false,4,0.33,0.2522,0.2522,1436.4,6868,6887,0
Robinson_SHW_01.18.2026_LS,SHW,5699,0,false,1,0.02,0.1171,0.1171,524.4,6897,6897,0
Robinson_SHW_01.18.2026_LS,SHW,5700,0,false,1,0.02,0.1336,0.1336,8566.9,6916,6916,0
Robinson_SHW_01.18.2026_LS,SHW,5701,0,false,1,0.02,0.1814,0.1814,1426.0,7016,7016,0
Robinson_SHW_01.18.2026_LS,SHW,5702,0,false,1,0.02,0.1118,0.1118,1042.6,7107,7107,0
Robinson_SHW_01.18.2026_LS,SHW,5703,0,false,1,0.02,0.1281,0.1281,400.7,7140,7140,0
Robinson_SHW_01.18.2026_LS,SHW,5704,0,false,2,0.4,0.1301,0.1301,1564.5,7265,7288,0
Robinson_SHW_01.18.2026_LS,SHW,5705,0,false,1,0.02,0.1152,0.1152,1931.9,7372,7372,0
Robinson_SHW_01.18.2026_LS,SHW,5706,0,false,1,0.02,0.1093,0.1093,2122.2,7379,7379,0
Robinson_SHW_01.18.2026_LS,SHW,5707,0,false,1,0.02,0.11,0.11,1566.8,7389,7389,0
Robinson_SHW_01.18.2026_LS,SHW,5708,0,false,1,0.02,0.1074,0.1074,1326.6,7470,7470,0
Robinson_SHW_01.18.2026_LS,SHW,5709,0,false,3,0.05,0.3712,0.3712,983.8,7486,7488,0
Robinson_SHW_01.18.2026_LS,SHW,5710,0,false,1,0.02,0.5083,0.5083,717.9,7500,7500,0
Robinson_SHW_01.18.2026_LS,SHW,5711,0,false,2,0.03,0.3608,0.3608,1946.4,8050,8051,0
Robinson_SHW_01.18.2026_LS,SHW,5712,0,false,2,0.03,0.1099,0.1099,709.6,8178,8179,0
Robinson_SHW_01.18.2026_LS,SHW,5713,0,false,1,0.02,0.1291,0.1291,493.8,8250,8250,0
Robinson_SHW_01.18.2026_LS,SHW,5714,0,false,2,0.03,0.1377,0.1377,1272.3,8367,8368,0
Robinson_SHW_01.18.2026_LS,SHW,5715,0,false,1,0.02,0.1051,0.1051,2057.3,8378,8378,0
Robinson_SHW_01.18.2026_LS,SHW,5716,0,false,1,0.02,0.32,0.32,712.3,8456,8456,0
Robinson_SHW_01.18.2026_LS,SHW,5717,0,false,1,0.02,0.1062,0.1062,1434.6,8515,8515,0
Robinson_SHW_01.18.2026_LS,SHW,5718,0,false,1,0.02,0.1085,0.1085,1015.8,8642,8642,0
Robinson_SHW_01.18.2026_LS,SHW,5719,0,false,1,0.02,0.144,0.144,608.0,8649,8649,0
Robinson_SHW_01.18.2026_LS,SHW,5720,0,false,1,0.02,0.2512,0.2512,684.3,8655,8655,0
Robinson_SHW_01.18.2026_LS,SHW,5721,0,false,1,0.02,0.1164,0.1164,2553.3,8685,8685,0
Robinson_SHW_01.18.2026_LS,SHW,5722,0,false,1,0.02,0.3238,0.3238,1294.7,8735,8735,0
Robinson_SHW_01.18.2026_LS,SHW,5723,0,false,1,0.02,0.1034,0.1034,1409.6,8769,8769,0
Robinson_SHW_01.18.2026_LS,SHW,5724,0,false,5,0.1,0.2268,0.2268,1119.0,9192,9197,0
Robinson_SHW_01.18.2026_LS,SHW,5725,0,false,1,0.02,0.269,0.269,1223.9,9351,9351,0
Robinson_SHW_01.18.2026_LS,SHW,5726,0,false,2,0.25,0.1977,0.1977,1343.9,9366,9380,0
Robinson_SHW_01.18.2026_LS,SHW,5727,0,false,1,0.02,0.1326,0.1326,798.5,9406,9406,0
Robinson_SHW_01.18.2026_LS,SHW,5728,0,false,9,0.47,0.233,0.3031,1688.7,9486,9513,0
Robinson_SHW_01.18.2026_LS,SHW,5729,0,false,1,0.02,0.1746,0.1746,438.2,9507,9507,0
Robinson_SHW_01.18.2026_LS,SHW,5730,0,false,2,0.1,0.1203,0.1203,515.2,9537,9542,0
Robinson_SHW_01.18.2026_LS,SHW,5731,0,false,7,0.2,0.2092,0.2446,1334.8,9603,9614,0
Robinson_SHW_01.18.2026_LS,SHW,5732,0,false,1,0.02,0.1149,0.1149,2392.9,9626,9626,0
Robinson_SHW_01.18.2026_LS,SHW,5733,0,false,1,0.02,0.1446,0.1446,898.3,10368,10368,0
Robinson_SHW_01.18.2026_LS,SHW,5734,0,false,1,0.02,0.1631,0.1631,1588.2,10853,10853,0
Robinson_SHW_01.18.2026_LS,SHW,5735,0,false,7,0.2,0.1992,0.2261,1436.0,11092,11103,0
Robinson_SHW_01.18.2026_LS,SHW,5736,0,false,5,0.1,0.1455,0.1455,1245.1,11124,11129,0
Robinson_SHW_01.18.2026_LS,SHW,5737,0,false,1,0.02,0.1048,0.1048,1242.1,11129,11129,0
Robinson_SHW_01.18.2026_LS,SHW,5738,0,false,4,0.15,0.2935,0.2935,1776.4,11144,11152,0
Robinson_SHW_01.18.2026_LS,SHW,5739,0,false,1,0.02,0.1733,0.1733,940.2,11894,11894,0
Robinson_SHW_01.18.2026_LS,SHW,5740,0,false,1,0.02,0.1368,0.1368,1008.0,11977,11977,0
Robinson_SHW_01.18.2026_LS,SHW,5741,0,false,1,0.02,0.1356,0.1356,2245.7,12056,12056,0
Robinson_SHW_01.18.2026_LS,SHW,5742,0,false,3,0.03,0.2623,0.2623,2124.8,12170,12171,0
Robinson_SHW_01.18.2026_LS,SHW,5743,0,false,1,0.02,0.1491,0.1491,1399.0,12376,12376,0
Robinson_SHW_01.18.2026_LS,SHW,5744,0,false,5,0.17,0.2711,0.2711,611.6,12434,12443,0
Robinson_SHW_01.18.2026_LS,SHW,5745,0,false,2,0.03,0.4491,0.4491,1237.0,12958,12959,0
Robinson_SHW_01.18.2026_LS,SHW,5746,0,false,1,0.02,0.1807,0.1807,1831.2,13031,13031,0
Robinson_SHW_01.18.2026_LS,SHW,5747,0,false,4,0.12,0.1776,0.1776,1614.9,13517,13523,0
Robinson_SHW_01.18.2026_LS,SHW,5748,0,false,1,0.02,0.1494,0.1494,1322.5,13579,13579,0
Robinson_SHW_01.18.2026_LS,SHW,5749,0,false,4,0.3,0.2836,0.2836,1644.3,13588,13605,0
Robinson_SHW_01.18.2026_LS,SHW,5750,0,false,1,0.02,0.1344,0.1344,538.4,13621,13621,0
Robinson_SHW_01.18.2026_LS,SHW,5751,0,false,14,1.17,0.2215,0.3129,709.8,13642,13711,0
Robinson_SHW_01.18.2026_LS,SHW,5752,0,false,1,0.02,0.183,0.183,1088.5,13644,13644,0
Robinson_SHW_01.18.2026_LS,SHW,5753,0,false,1,0.02,0.169,0.169,947.1,13735,13735,0
Robinson_SHW_01.18.2026_LS,SHW,5754,0,false,3,0.52,0.326,0.326,850.3,13930,13960,0
Robinson_SHW_01.18.2026_LS,SHW,5755,0,false,1,0.02,0.1727,0.1727,501.5,13937,13937,0
Robinson_SHW_01.18.2026_LS,SHW,5756,0,false,14,0.6,0.2425,0.3395,1258.6,14211,14246,0
Robinson_SHW_01.18.2026_LS,SHW,5757,0,false,4,0.08,0.1654,0.1654,1796.1,14261,14265,0
Robinson_SHW_01.18.2026_LS,SHW,5758,0,false,1,0.02,0.1359,0.1359,1362.7,14302,14302,0
Robinson_SHW_01.18.2026_LS,SHW,5759,0,false,1,0.02,0.1136,0.1136,1291.3,14408,14408,0
Robinson_SHW_01.18.2026_LS,SHW,5760,0,false,2,0.03,0.1085,0.1085,872.0,14425,14426,0
Robinson_SHW_01.18.2026_LS,SHW,5761,0,false,2,0.03,0.1342,0.1342,1258.9,14514,14515,0
Robinson_SHW_01.18.2026_LS,SHW,5762,0,false,1,0.02,0.1469,0.1469,601.6,14525,14525,0
Robinson_SHW_01.18.2026_LS,SHW,5763,0,false,1,0.02,0.2081,0.2081,741.3,14534,14534,0
Robinson_SHW_01.18.2026_LS,SHW,5764,0,false,1,0.02,0.4783,0.4783,598.0,14688,14688,0
Robinson_SHW_01.18.2026_LS,SHW,5765,0,false,1,0.02,0.5212,0.5212,1001.6,14705,14705,0
Robinson_SHW_01.18.2026_LS,SHW,5766,0,false,12,0.82,0.2132,0.2797,589.6,14920,14968,0
Robinson_SHW_01.18.2026_LS,SHW,5767,0,duplicate,27,3.09,0.2029,0.3537,1121.3,14920,15104,2
Robinson_SHW_01.18.2026_LS,SHW,5768,0,false,7,0.27,0.2445,0.273,638.4,14923,14938,0
Robinson_SHW_01.18.2026_LS,SHW,5769,0,false,9,0.17,0.2372,0.2791,489.5,14931,14940,0
Robinson_SHW_01.18.2026_LS,SHW,5770,0,false,8,0.38,0.1994,0.2309,533.5,15037,15059,0
Robinson_SHW_01.18.2026_LS,SHW,5771,0,false,1,0.02,0.1461,0.1461,535.2,15115,15115,0
Robinson_SHW_01.18.2026_LS,SHW,5772,0,false,4,0.27,0.2474,0.2474,769.8,15220,15235,0
Robinson_SHW_01.18.2026_LS,SHW,5773,0,false,3,0.1,0.1346,0.1346,1039.1,15260,15265,0
Robinson_SHW_01.18.2026_LS,SHW,5774,0,false,1,0.02,0.1082,0.1082,712.6,15264,15264,0
Robinson_SHW_01.18.2026_LS,SHW,5775,0,false,6,0.15,0.1979,0.2131,906.8,15311,15319,0
Robinson_SHW_01.18.2026_LS,SHW,5776,0,false,8,0.42,0.3277,0.4342,1050.3,15369,15393,0
Robinson_SHW_01.18.2026_LS,SHW,5777,0,false,1,0.02,0.4056,0.4056,663.0,15400,15400,0
Robinson_SHW_01.18.2026_LS,SHW,5778,0,false,12,0.62,0.2991,0.4426,742.6,15431,15467,0
Robinson_SHW_01.18.2026_LS,SHW,5779,0,false,7,0.7,0.2508,0.2955,809.7,15443,15484,0
Robinson_SHW_01.18.2026_LS,SHW,5780,0,false,6,0.23,0.2575,0.2857,1384.4,15454,15467,0
Robinson_SHW_01.18.2026_LS,SHW,5781,0,false,1,0.02,0.1646,0.1646,1036.8,15457,15457,0
Robinson_SHW_01.18.2026_LS,SHW,5782,0,false,1,0.02,0.1618,0.1618,983.8,15460,15460,0
Robinson_SHW_01.18.2026_LS,SHW,5783,0,false,6,0.55,0.1479,0.1568,1282.7,15465,15497,0
Robinson_SHW_01.18.2026_LS,SHW,5784,0,false,8,0.65,0.2981,0.4048,1554.4,15500,15538,0
Robinson_SHW_01.18.2026_LS,SHW,5785,0,false,33,1.03,0.2296,0.4497,998.6,15566,15627,0
Robinson_SHW_01.18.2026_LS,SHW,5786,0,false,4,0.07,0.2351,0.2351,482.1,15567,15570,0
Robinson_SHW_01.18.2026_LS,SHW,5787,0,false,5,0.08,0.1791,0.1791,764.2,15580,15584,0
Robinson_SHW_01.18.2026_LS,SHW,5788,0,false,6,0.7,0.2465,0.2758,1867.0,15606,15647,0
Robinson_SHW_01.18.2026_LS,SHW,5789,0,false,5,0.35,0.1937,0.1937,3256.2,15629,15649,0
Robinson_SHW_01.18.2026_LS,SHW,5790,0,false,2,0.48,0.2038,0.2038,1787.5,15667,15695,0
Robinson_SHW_01.18.2026_LS,SHW,5791,0,false,1,0.02,0.2081,0.2081,1348.4,15694,15694,0
Robinson_SHW_01.18.2026_LS,SHW,5792,0,false,13,0.5,0.3809,0.528,2054.6,15793,15822,0
Robinson_SHW_01.18.2026_LS,SHW,5793,0,false,1,0.02,0.3747,0.3747,1647.1,15936,15936,0
Robinson_SHW_01.18.2026_LS,SHW,5794,0,false,1,0.02,0.2379,0.2379,1389.5,15948,15948,0
Robinson_SHW_01.18.2026_LS,SHW,5795,0,false,1,0.02,0.2813,0.2813,2865.7,16042,16042,0
Robinson_SHW_01.18.2026_LS,SHW,5796,0,false,2,0.13,0.148,0.148,1809.9,16074,16081,0
Robinson_SHW_01.18.2026_LS,SHW,5797,0,false,2,0.03,0.1881,0.1881,1582.8,16380,16381,0
Robinson_SHW_01.18.2026_LS,SHW,5798,0,false,1,0.02,0.1229,0.1229,1526.0,16481,16481,0
Robinson_SHW_01.18.2026_LS,SHW,5799,0,false,1,0.02,0.1307,0.1307,1565.0,16549,16549,0
Robinson_SHW_01.18.2026_LS,SHW,5800,0,false,1,0.02,0.1476,0.1476,3007.5,16647,16647,0
Robinson_SHW_01.18.2026_LS,SHW,5801,0,false,1,0.02,0.1848,0.1848,2056.0,16697,16697,0
Robinson_SHW_01.18.2026_LS,SHW,5802,0,false,1,0.02,0.4642,0.4642,1061.8,16703,16703,0
Robinson_SHW_01.18.2026_LS,SHW,5803,0,false,1,0.02,0.2659,0.2659,1482.6,16741,16741,0
Robinson_SHW_01.18.2026_LS,SHW,5804,0,false,1,0.02,0.3002,0.3002,875.6,16786,16786,0
Robinson_SHW_01.18.2026_LS,SHW,5805,0,false,3,0.05,0.2276,0.2276,838.8,16838,16840,0
Robinson_SHW_01.18.2026_LS,SHW,5806,0,false,1,0.02,0.2118,0.2118,2885.2,16878,16878,0
Robinson_SHW_01.18.2026_LS,SHW,5807,0,false,1,0.02,0.2718,0.2718,1007.8,16944,16944,0
Robinson_SHW_01.18.2026_LS,SHW,5808,0,false,1,0.02,0.1333,0.1333,2350.8,17048,17048,0
Robinson_SHW_01.18.2026_LS,SHW,5809,0,false,2,0.03,0.1828,0.1828,2210.0,17186,17187,0
Robinson_SHW_01.18.2026_LS,SHW,5810,0,false,4,0.08,0.2174,0.2174,1386.4,17244,17248,0
Robinson_SHW_01.18.2026_LS,SHW,5811,0,false,3,0.05,0.3598,0.3598,967.3,17270,17272,0
Robinson_SHW_01.18.2026_LS,SHW,5812,0,false,1,0.02,0.1305,0.1305,1396.4,17350,17350,0
Robinson_SHW_01.18.2026_LS,SHW,5813,0,false,1,0.02,0.3353,0.3353,2555.3,17370,17370,0
Robinson_SHW_01.18.2026_LS,SHW,5814,0,false,3,0.08,0.1798,0.1798,1415.9,17395,17399,0
Robinson_SHW_01.18.2026_LS,SHW,5815,0,false,1,0.02,0.1283,0.1283,939.7,17414,17414,0
Robinson_SHW_01.18.2026_LS,SHW,5816,0,false,1,0.02,0.1105,0.1105,231.3,17414,17414,0
Robinson_SHW_01.18.2026_LS,SHW,5817,0,false,3,0.05,0.2177,0.2177,1634.6,17435,17437,0
Robinson_SHW_01.18.2026_LS,SHW,5818,0,false,1,0.02,0.1571,0.1571,1615.5,17456,17456,0
Robinson_SHW_01.18.2026_LS,SHW,5819,0,false,1,0.02,0.6598,0.6598,1327.4,17493,17493,0
Robinson_SHW_01.18.2026_LS,SHW,5820,0,false,14,1.22,0.2367,0.4073,1898.8,17514,17586,0
Robinson_SHW_01.18.2026_LS,SHW,5821,0,false,1,0.02,0.1165,0.1165,573.5,17659,17659,0
Robinson_SHW_01.18.2026_LS,SHW,5822,0,false,1,0.02,0.1654,0.1654,877.5,17706,17706,0
Robinson_SHW_01.18.2026_LS,SHW,5823,0,false,2,0.03,0.1311,0.1311,1153.0,17736,17737,0
Robinson_SHW_01.18.2026_LS,SHW,5824,0,false,1,0.02,0.2352,0.2352,1760.7,17835,17835,0
Robinson_SHW_01.18.2026_LS,SHW,5825,0,false,1,0.02,0.1222,0.1222,1668.9,17916,17916,0
Robinson_SHW_01.18.2026_LS,SHW,5826,0,false,2,0.03,0.1315,0.1315,1055.5,17977,17978,0
Robinson_SHW_01.18.2026_LS,SHW,5827,0,false,1,0.02,0.429,0.429,702.6,18000,18000,0
Robinson_SHW_01.18.2026_LS,SHW,5828,0,false,1,0.02,0.1162,0.1162,963.3,18011,18011,0
SBassett_SHW_01.18.2026_LS,SHW,3424,0,false,1,0.02,0.6371,0.6371,792.2,285,285,0
SBassett_SHW_01.18.2026_LS,SHW,3456,0,false,4,0.07,0.5113,0.5113,3612.9,799,802,0
SBassett_SHW_01.18.2026_LS,SHW,3462,0,false,3,0.05,0.381,0.381,2835.6,1039,1041,0
SBassett_SHW_01.18.2026_LS,SHW,3464,0,false,4,0.07,0.4123,0.4123,8351.2,1042,1045,0
SBassett_SHW_01.18.2026_LS,SHW,3469,0,false,2,0.03,0.5327,0.5327,1275.4,1071,1072,0
SBassett_SHW_01.18.2026_LS,SHW,3473,0,false,3,0.05,0.4755,0.4755,1778.9,1169,1171,0
SBassett_SHW_01.18.2026_LS,SHW,3587,0,false,2,0.03,0.7057,0.7057,1184.6,6113,6114,0
SBassett_SHW_01.18.2026_LS,SHW,3630,0,false,3,0.05,0.3708,0.3708,1603.9,7336,7338,0
SBassett_SHW_01.18.2026_LS,SHW,3637,0,false,1,0.02,0.5737,0.5737,1399.2,7844,7844,0
SBassett_SHW_01.18.2026_LS,SHW,3644,0,false,1,0.02,0.486,0.486,729.6,8116,8116,0
SBassett_SHW_01.18.2026_LS,SHW,3650,1,primary,81,1.35,0.6681,0.7285,889.3,8127,8207,69
SBassett_SHW_01.18.2026_LS,SHW,3660,1,primary,67,1.15,0.6241,0.7008,509.8,8157,8225,56
SBassett_SHW_01.18.2026_LS,SHW,3669,1,primary,64,1.07,0.6663,0.7229,577.7,8163,8226,56
SBassett_SHW_01.18.2026_LS,SHW,3681,0,duplicate,1,0.02,0.43,0.43,300.3,8168,8168,1
SBassett_SHW_01.18.2026_LS,SHW,3694,0,duplicate,1,0.02,0.4138,0.4138,292.9,8176,8176,1
SBassett_SHW_01.18.2026_LS,SHW,3696,0,duplicate,1,0.02,0.4351,0.4351,313.6,8177,8177,1
SBassett_SHW_01.18.2026_LS,SHW,3697,0,duplicate,2,0.03,0.4198,0.4198,302.9,8179,8180,2
SBassett_SHW_01.18.2026_LS,SHW,3713,0,duplicate,1,0.02,0.359,0.359,264.9,8192,8192,1
SBassett_SHW_01.18.2026_LS,SHW,3771,0,false,1,0.02,0.6995,0.6995,842.6,8250,8250,0
SBassett_SHW_01.18.2026_LS,SHW,3797,0,false,11,0.45,0.3622,0.5232,2907.4,8621,8647,0
SBassett_SHW_01.18.2026_LS,SHW,3801,0,false,5,0.17,0.588,0.588,4627.8,8631,8640,0
SBassett_SHW_01.18.2026_LS,SHW,3814,0,false,1,0.02,0.7412,0.7412,8074.9,8649,8649,0
SBassett_SHW_01.18.2026_LS,SHW,3815,0,false,2,0.03,0.5111,0.5111,1878.8,8649,8650,0
SBassett_SHW_01.18.2026_LS,SHW,3816,0,false,4,0.08,0.3166,0.3166,998.0,8650,8654,0
SBassett_SHW_01.18.2026_LS,SHW,3824,0,false,5,0.27,0.5858,0.5858,5076.5,8655,8670,0
SBassett_SHW_01.18.2026_LS,SHW,3828,0,false,1,0.02,0.4415,0.4415,7410.4,8659,8659,0
SBassett_SHW_01.18.2026_LS,SHW,3845,0,false,5,0.5,0.4109,0.4109,2801.0,8699,8728,0
SBassett_SHW_01.18.2026_LS,SHW,3847,0,false,11,0.28,0.5275,0.606,1109.3,8700,8716,0
SBassett_SHW_01.18.2026_LS,SHW,3861,0,false,4,0.08,0.5658,0.5658,3367.8,8719,8723,0
SBassett_SHW_01.18.2026_LS,SHW,3863,0,false,2,0.03,0.4414,0.4414,1545.0,8719,8720,0
SBassett_SHW_01.18.2026_LS,SHW,3868,0,false,3,0.1,0.5255,0.5255,1035.7,8725,8730,0
SBassett_SHW_01.18.2026_LS,SHW,3871,0,false,6,0.12,0.4806,0.524,3320.0,8726,8732,0
SBassett_SHW_01.18.2026_LS,SHW,3873,0,false,2,0.03,0.4662,0.4662,726.6,8727,8728,0
SBassett_SHW_01.18.2026_LS,SHW,3879,0,false,1,0.02,0.6149,0.6149,3562.5,8739,8739,0
SBassett_SHW_01.18.2026_LS,SHW,3880,0,false,6,0.12,0.5181,0.5573,2106.8,8748,8754,0
SBassett_SHW_01.18.2026_LS,SHW,3885,0,false,20,0.5,0.4332,0.5804,2206.8,8772,8801,0
SBassett_SHW_01.18.2026_LS,SHW,3892,0,false,1,0.02,0.3379,0.3379,2278.0,8813,8813,0
SBassett_SHW_01.18.2026_LS,SHW,3906,0,false,7,0.25,0.4484,0.4956,652.4,8956,8970,0
SBassett_SHW_01.18.2026_LS,SHW,3914,0,false,6,0.1,0.4435,0.473,1331.0,8964,8969,0
SBassett_SHW_01.18.2026_LS,SHW,3925,0,false,6,0.1,0.4932,0.5126,2578.3,8997,9002,0
SBassett_SHW_01.18.2026_LS,SHW,3939,0,false,2,0.03,0.3216,0.3216,2067.2,9011,9012,0
SBassett_SHW_01.18.2026_LS,SHW,3942,0,false,17,0.42,0.4278,0.5587,1005.3,9015,9039,0
SBassett_SHW_01.18.2026_LS,SHW,3946,0,false,7,0.33,0.5252,0.5873,3524.0,9018,9037,0
SBassett_SHW_01.18.2026_LS,SHW,3950,0,false,50,1.17,0.608,0.7578,2903.3,9019,9088,0
SBassett_SHW_01.18.2026_LS,SHW,3979,0,false,12,0.2,0.4696,0.6085,803.1,9058,9069,0
SBassett_SHW_01.18.2026_LS,SHW,3989,0,false,1,0.02,0.6775,0.6775,2441.1,9076,9076,0
SBassett_SHW_01.18.2026_LS,SHW,4014,0,false,2,0.03,0.2677,0.2677,861.4,10022,10023,0
SBassett_SHW_01.18.2026_LS,SHW,4107,0,false,20,0.33,0.5676,0.6881,1084.5,13684,13703,0
SBassett_SHW_01.18.2026_LS,SHW,4138,0,false,2,0.03,0.2472,0.2472,1081.5,14578,14579,0
SBassett_SHW_01.18.2026_LS,SHW,4140,1,primary,35,0.6,0.6254,0.7198,1373.2,14758,14793,25
SBassett_SHW_01.18.2026_LS,SHW,4141,1,primary,16,0.32,0.5746,0.6744,1329.8,14762,14780,9
SBassett_SHW_01.18.2026_LS,SHW,4143,1,primary,11,0.22,0.5834,0.6589,1360.2,14764,14776,10
SBassett_SHW_01.18.2026_LS,SHW,4146,0,duplicate,23,0.43,0.5667,0.6934,1233.8,14768,14793,13
SBassett_SHW_01.18.2026_LS,SHW,4150,0,false,3,0.05,0.4606,0.4606,1131.6,14773,14775,0
SBassett_SHW_01.18.2026_LS,SHW,4153,0,false,1,0.02,0.5506,0.5506,794.8,14778,14778,0
SBassett_SHW_01.18.2026_LS,SHW,4157,0,duplicate,12,0.2,0.5389,0.6263,1358.8,14781,14792,12
SBassett_SHW_01.18.2026_LS,SHW,4161,0,duplicate,7,0.12,0.7104,0.7216,1314.0,14787,14793,3
SBassett_SHW_01.18.2026_LS,SHW,4166,1,primary,22,0.37,0.609,0.6841,1472.0,14796,14817,22
SBassett_SHW_01.18.2026_LS,SHW,4167,1,primary,33,0.63,0.607,0.7388,1249.9,14796,14833,31
SBassett_SHW_01.18.2026_LS,SHW,4168,1,primary,60,1.12,0.6835,0.7745,1376.7,14796,14862,56
SBassett_SHW_01.18.2026_LS,SHW,4169,0,duplicate,15,0.25,0.7019,0.7241,1535.9,14796,14810,14
SBassett_SHW_01.18.2026_LS,SHW,4186,0,duplicate,9,0.15,0.4299,0.4669,1467.9,14830,14838,2
SBassett_SHW_01.18.2026_LS,SHW,4223,0,false,2,0.03,0.7082,0.7082,1036.9,15907,15908,0
SBassett_SHW_01.18.2026_LS,SHW,4225,0,false,9,0.15,0.5575,0.6413,1232.4,15914,15922,0
SBassett_SHW_01.18.2026_LS,SHW,4247,0,false,4,0.07,0.3655,0.3655,523.5,17298,17301,0
SBassett_SHW_01.18.2026_LS,SHW,4262,0,false,4,0.07,0.4012,0.4012,660.0,17336,17339,0
SBassett_SHW_01.18.2026_LS,SHW,4271,0,false,6,0.12,0.4706,0.5158,2458.5,17389,17395,0
SBassett_SHW_01.18.2026_LS,SHW,4286,0,false,4,0.07,0.6173,0.6173,1062.1,17462,17465,0
SBassett_SHW_01.18.2026_LS,SHW,4403,0,false,15,0.25,0.5631,0.6942,704.8,19882,19896,0
SBassett_SHW_01.18.2026_LS,SHW,4407,1,primary,26,0.45,0.5521,0.6888,757.1,19900,19926,22
SBassett_SHW_01.18.2026_LS,SHW,4413,0,duplicate,2,0.03,0.5489,0.5489,664.2,19935,19936,2
SBassett_SHW_01.18.2026_LS,SHW,4417,0,duplicate,29,0.57,0.4885,0.596,787.2,19970,20003,8
SBassett_SHW_01.18.2026_LS,SHW,4429,0,false,6,0.42,0.471,0.5099,2659.5,20099,20123,0
SBassett_SHW_01.18.2026_LS,SHW,5429,0,false,1,0.02,0.1128,0.1128,457.8,10,10,0
SBassett_SHW_01.18.2026_LS,SHW,5430,0,false,7,0.4,0.1662,0.1888,676.7,32,55,0
SBassett_SHW_01.18.2026_LS,SHW,5431,0,false,1,0.02,0.1371,0.1371,2323.3,103,103,0
SBassett_SHW_01.18.2026_LS,SHW,5432,0,false,9,0.2,0.1574,0.193,577.6,135,146,0
SBassett_SHW_01.18.2026_LS,SHW,5433,0,false,2,0.05,0.1485,0.1485,937.1,180,182,0
SBassett_SHW_01.18.2026_LS,SHW,5434,0,false,1,0.02,0.131,0.131,757.7,202,202,0
SBassett_SHW_01.18.2026_LS,SHW,5435,0,false,1,0.02,0.2312,0.2312,805.6,261,261,0
SBassett_SHW_01.18.2026_LS,SHW,5436,0,false,27,0.57,0.364,0.5955,854.4,280,313,0
SBassett_SHW_01.18.2026_LS,SHW,5437,0,false,6,0.12,0.348,0.3887,1062.1,448,454,0
SBassett_SHW_01.18.2026_LS,SHW,5438,0,false,2,0.03,0.2971,0.2971,1777.0,478,479,0
SBassett_SHW_01.18.2026_LS,SHW,5439,0,false,4,0.17,0.3805,0.3805,1390.2,725,734,0
SBassett_SHW_01.18.2026_LS,SHW,5440,0,false,1,0.02,0.2095,0.2095,1258.5,729,729,0
SBassett_SHW_01.18.2026_LS,SHW,5441,0,false,3,0.05,0.3285,0.3285,1294.8,796,798,0
SBassett_SHW_01.18.2026_LS,SHW,5442,0,false,3,0.23,0.1685,0.1685,6107.2,837,850,0
SBassett_SHW_01.18.2026_LS,SHW,5443,0,false,1,0.02,0.2177,0.2177,2042.6,874,874,0
SBassett_SHW_01.18.2026_LS,SHW,5444,0,false,1,0.02,0.1801,0.1801,690.2,882,882,0
SBassett_SHW_01.18.2026_LS,SHW,5445,0,false,1,0.02,0.1952,0.1952,1044.1,1027,1027,0
SBassett_SHW_01.18.2026_LS,SHW,5446,0,false,11,0.65,0.2693,0.4131,1637.1,1038,1076,0
SBassett_SHW_01.18.2026_LS,SHW,5447,0,false,2,0.07,0.5019,0.5019,1696.5,1165,1168,0
SBassett_SHW_01.18.2026_LS,SHW,5448,0,false,1,0.02,0.1837,0.1837,941.4,1452,1452,0
SBassett_SHW_01.18.2026_LS,SHW,5449,0,false,1,0.02,0.1115,0.1115,798.6,1931,1931,0
SBassett_SHW_01.18.2026_LS,SHW,5450,0,false,1,0.02,0.4151,0.4151,1358.0,1981,1981,0
SBassett_SHW_01.18.2026_LS,SHW,5451,0,false,4,0.27,0.2014,0.2014,1371.3,2105,2120,0
SBassett_SHW_01.18.2026_LS,SHW,5452,0,false,2,0.07,0.1975,0.1975,908.3,2204,2207,0
SBassett_SHW_01.18.2026_LS,SHW,5453,0,false,2,0.03,0.2818,0.2818,779.8,2209,2210,0
SBassett_SHW_01.18.2026_LS,SHW,5454,0,false,1,0.02,0.1124,0.1124,800.6,2227,2227,0
SBassett_SHW_01.18.2026_LS,SHW,5455,0,false,2,0.03,0.2139,0.2139,781.7,2241,2242,0
SBassett_SHW_01.18.2026_LS,SHW,5456,0,false,4,0.07,0.608,0.608,1486.8,2356,2359,0
SBassett_SHW_01.18.2026_LS,SHW,5457,0,false,7,0.78,0.2756,0.3445,1582.8,3205,3251,0
SBassett_SHW_01.18.2026_LS,SHW,5458,0,false,4,0.25,0.3593,0.3593,1409.0,3303,3317,0
SBassett_SHW_01.18.2026_LS,SHW,5459,0,false,1,0.02,0.6595,0.6595,1813.2,3338,3338,0
SBassett_SHW_01.18.2026_LS,SHW,5460,0,false,2,0.03,0.3007,0.3007,2795.9,3347,3348,0
SBassett_SHW_01.18.2026_LS,SHW,5461,0,false,1,0.02,0.1483,0.1483,2146.4,3391,3391,0
SBassett_SHW_01.18.2026_LS,SHW,5462,0,false,1,0.02,0.1349,0.1349,2043.6,3609,3609,0
SBassett_SHW_01.18.2026_LS,SHW,5463,0,false,1,0.02,0.238,0.238,2128.7,3616,3616,0
SBassett_SHW_01.18.2026_LS,SHW,5464,0,false,2,0.05,0.1415,0.1415,1343.3,3729,3731,0
SBassett_SHW_01.18.2026_LS,SHW,5465,0,false,1,0.02,0.1671,0.1671,1299.4,3741,3741,0
SBassett_SHW_01.18.2026_LS,SHW,5466,0,false,2,0.03,0.1321,0.1321,1211.7,3800,3801,0
SBassett_SHW_01.18.2026_LS,SHW,5467,0,false,2,0.3,0.1294,0.1294,1708.9,3824,3841,0
SBassett_SHW_01.18.2026_LS,SHW,5468,0,false,1,0.02,0.1589,0.1589,2262.9,3839,3839,0
SBassett_SHW_01.18.2026_LS,SHW,5469,0,false,2,0.03,0.3023,0.3023,1698.2,3872,3873,0
SBassett_SHW_01.18.2026_LS,SHW,5470,0,false,9,0.83,0.3066,0.4447,1005.6,3920,3969,0
SBassett_SHW_01.18.2026_LS,SHW,5471,0,false,1,0.02,0.1264,0.1264,836.6,3954,3954,0
SBassett_SHW_01.18.2026_LS,SHW,5472,0,false,6,0.12,0.4498,0.4927,1202.8,3959,3965,0
SBassett_SHW_01.18.2026_LS,SHW,5473,0,false,2,0.17,0.2941,0.2941,2264.2,3995,4004,0
SBassett_SHW_01.18.2026_LS,SHW,5474,0,false,1,0.02,0.1467,0.1467,3129.0,4002,4002,0
SBassett_SHW_01.18.2026_LS,SHW,5475,0,false,2,0.03,0.3084,0.3084,1508.4,4019,4020,0
SBassett_SHW_01.18.2026_LS,SHW,5476,0,false,1,0.02,0.104,0.104,2812.6,4100,4100,0
SBassett_SHW_01.18.2026_LS,SHW,5477,0,false,1,0.02,0.2949,0.2949,4599.2,4109,4109,0
SBassett_SHW_01.18.2026_LS,SHW,5478,0,false,2,0.07,0.4233,0.4233,792.3,4140,4143,0
SBassett_SHW_01.18.2026_LS,SHW,5479,0,false,1,0.02,0.1088,0.1088,999.5,4150,4150,0
SBassett_SHW_01.18.2026_LS,SHW,5480,0,false,6,0.32,0.374,0.4221,1975.4,4302,4320,0
SBassett_SHW_01.18.2026_LS,SHW,5481,0,false,1,0.02,0.2229,0.2229,1968.3,4318,4318,0
SBassett_SHW_01.18.2026_LS,SHW,5482,0,false,6,0.58,0.4256,0.484,1658.6,4357,4391,0
SBassett_SHW_01.18.2026_LS,SHW,5483,0,false,5,0.58,0.2186,0.2186,1569.4,5408,5442,0
SBassett_SHW_01.18.2026_LS,SHW,5484,0,false,2,0.03,0.1502,0.1502,1527.1,5413,5414,0
SBassett_SHW_01.18.2026_LS,SHW,5485,0,false,2,0.03,0.1581,0.1581,1360.6,5473,5474,0
SBassett_SHW_01.18.2026_LS,SHW,5486,0,false,5,0.63,0.2296,0.2296,4362.1,5539,5576,0
SBassett_SHW_01.18.2026_LS,SHW,5487,0,false,1,0.02,0.1049,0.1049,435.9,5588,5588,0
SBassett_SHW_01.18.2026_LS,SHW,5488,0,false,1,0.02,0.562,0.562,2605.4,5589,5589,0
SBassett_SHW_01.18.2026_LS,SHW,5489,0,false,1,0.02,0.2372,0.2372,642.6,5637,5637,0
SBassett_SHW_01.18.2026_LS,SHW,5490,0,false,1,0.02,0.172,0.172,3349.3,5641,5641,0
SBassett_SHW_01.18.2026_LS,SHW,5491,0,false,1,0.02,0.154,0.154,865.0,5706,5706,0
SBassett_SHW_01.18.2026_LS,SHW,5492,0,false,2,0.05,0.2457,0.2457,1046.9,5724,5726,0
SBassett_SHW_01.18.2026_LS,SHW,5493,0,false,2,0.03,0.1425,0.1425,1350.4,5771,5772,0
SBassett_SHW_01.18.2026_LS,SHW,5494,0,false,1,0.02,0.154,0.154,987.2,5783,5783,0
SBassett_SHW_01.18.2026_LS,SHW,5495,0,false,3,0.05,0.2138,0.2138,626.5,5835,5837,0
SBassett_SHW_01.18.2026_LS,SHW,5496,0,false,2,0.03,0.3707,0.3707,1574.0,5846,5847,0
SBassett_SHW_01.18.2026_LS,SHW,5497,0,false,1,0.02,0.1191,0.1191,1303.2,5932,5932,0
SBassett_SHW_01.18.2026_LS,SHW,5498,0,false,1,0.02,0.1393,0.1393,1310.0,5963,5963,0
SBassett_SHW_01.18.2026_LS,SHW,5499,0,false,4,0.18,0.3437,0.3437,1340.3,6001,6011,0
SBassett_SHW_01.18.2026_LS,SHW,5500,0,false,1,0.02,0.112,0.112,938.6,6065,6065,0
SBassett_SHW_01.18.2026_LS,SHW,5501,0,false,32,0.65,0.4433,0.6442,880.1,6077,6115,0
SBassett_SHW_01.18.2026_LS,SHW,5502,0,false,1,0.02,0.1429,0.1429,1805.9,6172,6172,0
SBassett_SHW_01.18.2026_LS,SHW,5503,0,false,1,0.02,0.3454,0.3454,1154.3,6182,6182,0
SBassett_SHW_01.18.2026_LS,SHW,5504,0,false,1,0.02,0.1238,0.1238,1053.7,6284,6284,0
SBassett_SHW_01.18.2026_LS,SHW,5505,0,false,4,0.07,0.3888,0.3888,1380.3,6331,6334,0
SBassett_SHW_01.18.2026_LS,SHW,5506,0,false,1,0.02,0.2225,0.2225,790.7,6355,6355,0
SBassett_SHW_01.18.2026_LS,SHW,5507,0,false,1,0.02,0.1421,0.1421,2176.3,6362,6362,0
SBassett_SHW_01.18.2026_LS,SHW,5508,0,false,2,0.03,0.159,0.159,849.9,6371,6372,0
SBassett_SHW_01.18.2026_LS,SHW,5509,0,false,1,0.02,0.1003,0.1003,2319.0,6448,6448,0
SBassett_SHW_01.18.2026_LS,SHW,5510,0,false,3,0.05,0.2076,0.2076,929.7,6471,6473,0
SBassett_SHW_01.18.2026_LS,SHW,5511,0,false,1,0.02,0.1699,0.1699,782.1,6485,6485,0
SBassett_SHW_01.18.2026_LS,SHW,5512,0,false,1,0.02,0.107,0.107,919.7,6491,6491,0
SBassett_SHW_01.18.2026_LS,SHW,5513,0,false,4,0.08,0.2508,0.2508,1110.2,6503,6507,0
SBassett_SHW_01.18.2026_LS,SHW,5514,0,false,2,0.42,0.1116,0.1116,1841.2,6507,6531,0
SBassett_SHW_01.18.2026_LS,SHW,5515,0,false,3,0.05,0.1733,0.1733,1216.7,6508,6510,0
SBassett_SHW_01.18.2026_LS,SHW,5516,0,false,2,0.03,0.2723,0.2723,977.8,6509,6510,0
SBassett_SHW_01.18.2026_LS,SHW,5517,0,false,1,0.02,0.1237,0.1237,1670.7,6587,6587,0
SBassett_SHW_01.18.2026_LS,SHW,5518,0,false,1,0.02,0.6597,0.6597,2597.3,6737,6737,0
SBassett_SHW_01.18.2026_LS,SHW,5519,0,false,1,0.02,0.1357,0.1357,1082.2,6789,6789,0
SBassett_SHW_01.18.2026_LS,SHW,5520,0,false,2,0.35,0.3832,0.3832,1264.4,6867,6887,0
SBassett_SHW_01.18.2026_LS,SHW,5521,0,false,3,0.08,0.1773,0.1773,752.0,6921,6925,0
SBassett_SHW_01.18.2026_LS,SHW,5522,0,false,1,0.02,0.2614,0.2614,984.1,6930,6930,0
SBassett_SHW_01.18.2026_LS,SHW,5523,0,false,1,0.02,0.1805,0.1805,689.2,6940,6940,0
SBassett_SHW_01.18.2026_LS,SHW,5524,0,false,1,0.02,0.309,0.309,586.9,6949,6949,0
SBassett_SHW_01.18.2026_LS,SHW,5525,0,false,1,0.02,0.2078,0.2078,636.2,6950,6950,0
SBassett_SHW_01.18.2026_LS,SHW,5526,0,false,1,0.02,0.1542,0.1542,536.1,6969,6969,0
SBassett_SHW_01.18.2026_LS,SHW,5527,0,false,3,0.03,0.1703,0.1703,1410.3,6980,6981,0
SBassett_SHW_01.18.2026_LS,SHW,5528,0,false,1,0.02,0.1075,0.1075,647.3,6991,6991,0
SBassett_SHW_01.18.2026_LS,SHW,5529,0,false,3,0.05,0.2423,0.2423,804.8,6996,6998,0
SBassett_SHW_01.18.2026_LS,SHW,5530,0,false,1,0.02,0.1099,0.1099,1867.8,7002,7002,0
SBassett_SHW_01.18.2026_LS,SHW,5531,0,false,5,0.38,0.1769,0.1769,861.7,7012,7034,0
SBassett_SHW_01.18.2026_LS,SHW,5532,0,false,1,0.02,0.1194,0.1194,842.2,7018,7018,0
SBassett_SHW_01.18.2026_LS,SHW,5533,0,false,2,0.05,0.1232,0.1232,693.7,7028,7030,0
SBassett_SHW_01.18.2026_LS,SHW,5534,0,false,4,0.55,0.1741,0.1741,778.0,7035,7067,0
SBassett_SHW_01.18.2026_LS,SHW,5535,0,false,3,0.08,0.1461,0.1461,551.7,7054,7058,0
SBassett_SHW_01.18.2026_LS,SHW,5536,0,false,1,0.02,0.1358,0.1358,1853.4,7117,7117,0
SBassett_SHW_01.18.2026_LS,SHW,5537,0,false,1,0.02,0.3042,0.3042,1489.8,7126,7126,0
SBassett_SHW_01.18.2026_LS,SHW,5538,0,false,1,0.02,0.3108,0.3108,1613.2,7159,7159,0
SBassett_SHW_01.18.2026_LS,SHW,5539,0,false,2,0.05,0.2755,0.2755,1014.9,7277,7279,0
SBassett_SHW_01.18.2026_LS,SHW,5540,0,false,1,0.02,0.1505,0.1505,2729.1,7307,7307,0
SBassett_SHW_01.18.2026_LS,SHW,5541,0,false,2,0.03,0.563,0.563,1576.2,7334,7335,0
SBassett_SHW_01.18.2026_LS,SHW,5542,0,false,1,0.02,0.1465,0.1465,332.5,7391,7391,0
SBassett_SHW_01.18.2026_LS,SHW,5543,0,false,2,0.03,0.3814,0.3814,1897.8,7425,7426,0
SBassett_SHW_01.18.2026_LS,SHW,5544,0,false,1,0.02,0.383,0.383,1896.2,7483,7483,0
SBassett_SHW_01.18.2026_LS,SHW,5545,0,false,2,0.05,0.3999,0.3999,1667.8,7560,7562,0
SBassett_SHW_01.18.2026_LS,SHW,5546,0,false,2,0.05,0.1176,0.1176,799.6,7620,7622,0
SBassett_SHW_01.18.2026_LS,SHW,5547,0,false,2,0.03,0.2088,0.2088,1455.6,7636,7637,0
SBassett_SHW_01.18.2026_LS,SHW,5548,0,false,1,0.02,0.1131,0.1131,332.1,7707,7707,0
SBassett_SHW_01.18.2026_LS,SHW,5549,0,false,1,0.02,0.1095,0.1095,1627.6,7787,7787,0
SBassett_SHW_01.18.2026_LS,SHW,5550,0,false,1,0.02,0.5921,0.5921,1253.5,7839,7839,0
SBassett_SHW_01.18.2026_LS,SHW,5551,0,false,4,0.17,0.3336,0.3336,1418.1,7843,7852,0
SBassett_SHW_01.18.2026_LS,SHW,5552,0,false,1,0.02,0.1401,0.1401,2524.2,7848,7848,0
SBassett_SHW_01.18.2026_LS,SHW,5553,0,false,3,0.05,0.3804,0.3804,663.5,7969,7971,0
SBassett_SHW_01.18.2026_LS,SHW,5554,0,false,3,0.52,0.3541,0.3541,1256.2,7977,8007,0
SBassett_SHW_01.18.2026_LS,SHW,5555,0,false,2,0.03,0.1587,0.1587,779.3,8030,8031,0
SBassett_SHW_01.18.2026_LS,SHW,5556,0,false,4,0.15,0.277,0.277,772.4,8115,8123,0
SBassett_SHW_01.18.2026_LS,SHW,5557,0,false,5,0.08,0.2516,0.2516,332.3,8122,8126,0
SBassett_SHW_01.18.2026_LS,SHW,5558,0,false,3,0.05,0.2201,0.2201,965.0,8227,8229,0
SBassett_SHW_01.18.2026_LS,SHW,5559,0,false,28,1.18,0.2538,0.4201,857.2,8230,8300,0
SBassett_SHW_01.18.2026_LS,SHW,5560,0,false,5,0.12,0.3431,0.3431,641.3,8236,8242,0
SBassett_SHW_01.18.2026_LS,SHW,5561,0,false,8,0.32,0.3647,0.4718,747.8,8241,8259,0
SBassett_SHW_01.18.2026_LS,SHW,5562,0,false,2,0.03,0.2093,0.2093,696.9,8255,8256,0
SBassett_SHW_01.18.2026_LS,SHW,5563,0,false,3,0.42,0.2128,0.2128,785.4,8258,8282,0
SBassett_SHW_01.18.2026_LS,SHW,5564,0,false,2,0.03,0.1372,0.1372,780.6,8321,8322,0
SBassett_SHW_01.18.2026_LS,SHW,5565,0,false,1,0.02,0.2018,0.2018,1634.2,8332,8332,0
SBassett_SHW_01.18.2026_LS,SHW,5566,0,false,2,0.05,0.1908,0.1908,712.5,8508,8510,0
SBassett_SHW_01.18.2026_LS,SHW,5567,0,false,21,1.65,0.2664,0.4528,2860.7,8585,8683,0
SBassett_SHW_01.18.2026_LS,SHW,5568,0,false,43,3.33,0.2622,0.5482,2520.5,8630,8829,0
SBassett_SHW_01.18.2026_LS,SHW,5569,0,false,2,0.05,0.1827,0.1827,1467.5,8646,8648,0
SBassett_SHW_01.18.2026_LS,SHW,5570,0,false,1,0.02,0.3555,0.3555,1482.5,8657,8657,0
SBassett_SHW_01.18.2026_LS,SHW,5571,0,false,2,0.03,0.1558,0.1558,750.4,8665,8666,0
SBassett_SHW_01.18.2026_LS,SHW,5572,0,false,7,0.45,0.2583,0.2997,3040.7,8698,8724,0
SBassett_SHW_01.18.2026_LS,SHW,5573,0,false,4,0.37,0.3,0.3,3358.2,8717,8738,0
SBassett_SHW_01.18.2026_LS,SHW,5574,0,false,1,0.02,0.2044,0.2044,1282.7,8868,8868,0
SBassett_SHW_01.18.2026_LS,SHW,5575,0,false,1,0.02,0.133,0.133,706.4,8908,8908,0
SBassett_SHW_01.18.2026_LS,SHW,5576,0,false,17,0.8,0.2005,0.2702,607.6,8916,8963,0
SBassett_SHW_01.18.2026_LS,SHW,5577,0,false,5,0.18,0.2497,0.2497,895.5,8953,8963,0
SBassett_SHW_01.18.2026_LS,SHW,5578,0,false,15,0.67,0.2411,0.3949,1828.9,8975,9014,0
SBassett_SHW_01.18.2026_LS,SHW,5579,0,false,16,0.48,0.1816,0.2659,1353.4,9003,9031,0
SBassett_SHW_01.18.2026_LS,SHW,5580,0,false,12,0.85,0.2023,0.2934,2013.4,9005,9055,0
SBassett_SHW_01.18.2026_LS,SHW,5581,0,false,1,0.02,0.7339,0.7339,2508.4,9014,9014,0
SBassett_SHW_01.18.2026_LS,SHW,5582,0,false,11,0.88,0.1515,0.193,2944.8,9074,9126,0
SBassett_SHW_01.18.2026_LS,SHW,5583,0,false,4,0.35,0.2134,0.2134,5544.7,9075,9095,0
SBassett_SHW_01.18.2026_LS,SHW,5584,0,false,3,0.2,0.1628,0.1628,966.8,9461,9472,0
SBassett_SHW_01.18.2026_LS,SHW,5585,0,false,3,0.4,0.2806,0.2806,996.7,9473,9496,0
SBassett_SHW_01.18.2026_LS,SHW,5586,0,false,2,0.15,0.1333,0.1333,797.3,9476,9484,0
SBassett_SHW_01.18.2026_LS,SHW,5587,0,false,4,0.07,0.3076,0.3076,1590.5,9481,9484,0
SBassett_SHW_01.18.2026_LS,SHW,5588,0,false,1,0.02,0.1932,0.1932,1825.3,9857,9857,0
SBassett_SHW_01.18.2026_LS,SHW,5589,0,false,28,1.18,0.1684,0.286,925.8,9976,10046,0
SBassett_SHW_01.18.2026_LS,SHW,5590,0,false,1,0.02,0.133,0.133,463.5,9979,9979,0
SBassett_SHW_01.18.2026_LS,SHW,5591,0,false,1,0.02,0.1238,0.1238,1543.4,10053,10053,0
SBassett_SHW_01.18.2026_LS,SHW,5592,0,false,1,0.02,0.1778,0.1778,964.6,10066,10066,0
SBassett_SHW_01.18.2026_LS,SHW,5593,0,false,1,0.02,0.4887,0.4887,622.6,10155,10155,0
SBassett_SHW_01.18.2026_LS,SHW,5594,0,false,1,0.02,0.1088,0.1088,2163.7,10281,10281,0
SBassett_SHW_01.18.2026_LS,SHW,5595,0,false,1,0.02,0.1194,0.1194,970.9,10327,10327,0
SBassett_SHW_01.18.2026_LS,SHW,5596,0,false,1,0.02,0.2126,0.2126,820.5,10361,10361,0
SBassett_SHW_01.18.2026_LS,SHW,5597,0,false,1,0.02,0.2015,0.2015,793.7,10554,10554,0
SBassett_SHW_01.18.2026_LS,SHW,5598,0,false,1,0.02,0.257,0.257,2023.9,11145,11145,0
SBassett_SHW_01.18.2026_LS,SHW,5599,0,false,2,0.43,0.1511,0.1511,1893.1,11151,11176,0
SBassett_SHW_01.18.2026_LS,SHW,5600,0,false,1,0.02,0.2257,0.2257,1023.2,11188,11188,0
SBassett_SHW_01.18.2026_LS,SHW,5601,0,false,2,0.03,0.1815,0.1815,1336.5,11294,11295,0
SBassett_SHW_01.18.2026_LS,SHW,5602,0,false,1,0.02,0.2416,0.2416,1254.9,11335,11335,0
SBassett_SHW_01.18.2026_LS,SHW,5603,0,false,1,0.02,0.1575,0.1575,1742.9,11393,11393,0
SBassett_SHW_01.18.2026_LS,SHW,5604,0,false,1,0.02,0.1799,0.1799,541.2,11452,11452,0
SBassett_SHW_01.18.2026_LS,SHW,5605,0,false,1,0.02,0.1835,0.1835,814.5,11491,11491,0
SBassett_SHW_01.18.2026_LS,SHW,5606,0,false,1,0.02,0.1101,0.1101,448.0,11592,11592,0
SBassett_SHW_01.18.2026_LS,SHW,5607,0,false,1,0.02,0.3851,0.3851,1368.9,11701,11701,0
SBassett_SHW_01.18.2026_LS,SHW,5608,0,false,1,0.02,0.1165,0.1165,1583.6,12337,12337,0
SBassett_SHW_01.18.2026_LS,SHW,5609,0,false,1,0.02,0.2204,0.2204,1375.2,12411,12411,0
SBassett_SHW_01.18.2026_LS,SHW,5610,0,false,5,0.55,0.1627,0.1627,981.7,12623,12655,0
SBassett_SHW_01.18.2026_LS,SHW,5611,0,false,9,0.67,0.1943,0.2561,935.1,12646,12685,0
SBassett_SHW_01.18.2026_LS,SHW,5612,0,false,5,0.52,0.2397,0.2397,773.4,12663,12693,0
SBassett_SHW_01.18.2026_LS,SHW,5613,0,false,1,0.02,0.1181,0.1181,483.3,12672,12672,0
SBassett_SHW_01.18.2026_LS,SHW,5614,0,false,1,0.02,0.3103,0.3103,1035.3,12720,12720,0
SBassett_SHW_01.18.2026_LS,SHW,5615,0,false,18,0.9,0.3177,0.559,1179.0,12727,12780,0
SBassett_SHW_01.18.2026_LS,SHW,5616,0,false,6,0.45,0.2938,0.3255,1204.6,12733,12759,0
SBassett_SHW_01.18.2026_LS,SHW,5617,0,false,5,0.27,0.3234,0.3234,1262.9,12739,12754,0
SBassett_SHW_01.18.2026_LS,SHW,5618,0,false,1,0.02,0.1544,0.1544,724.3,12750,12750,0
SBassett_SHW_01.18.2026_LS,SHW,5619,0,false,1,0.02,0.2651,0.2651,1436.1,12754,12754,0
SBassett_SHW_01.18.2026_LS,SHW,5620,0,false,2,0.22,0.1589,0.1589,1445.5,12784,12796,0
SBassett_SHW_01.18.2026_LS,SHW,5621,0,false,2,0.05,0.2418,0.2418,3411.4,12791,12793,0
SBassett_SHW_01.18.2026_LS,SHW,5622,0,false,1,0.02,0.3493,0.3493,1055.0,12802,12802,0
SBassett_SHW_01.18.2026_LS,SHW,5623,0,false,3,0.03,0.3911,0.3911,720.9,12826,12827,0
SBassett_SHW_01.18.2026_LS,SHW,5624,0,false,1,0.02,0.2919,0.2919,890.5,12847,12847,0
SBassett_SHW_01.18.2026_LS,SHW,5625,0,false,4,0.53,0.2787,0.2787,1058.4,12852,12883,0
SBassett_SHW_01.18.2026_LS,SHW,5626,0,false,2,0.05,0.1621,0.1621,1185.2,12917,12919,0
SBassett_SHW_01.18.2026_LS,SHW,5627,0,false,2,0.07,0.3809,0.3809,1392.5,12994,12997,0
SBassett_SHW_01.18.2026_LS,SHW,5628,0,false,2,0.05,0.1752,0.1752,1533.7,12994,12996,0
SBassett_SHW_01.18.2026_LS,SHW,5629,0,false,3,0.12,0.1819,0.1819,819.3,13004,13010,0
SBassett_SHW_01.18.2026_LS,SHW,5630,0,false,1,0.02,0.184,0.184,699.7,13031,13031,0
SBassett_SHW_01.18.2026_LS,SHW,5631,0,false,1,0.02,0.6679,0.6679,1325.1,13037,13037,0
SBassett_SHW_01.18.2026_LS,SHW,5632,0,false,1,0.02,0.1339,0.1339,794.0,13059,13059,0
SBassett_SHW_01.18.2026_LS,SHW,5633,0,false,3,0.07,0.211,0.211,1580.0,13247,13250,0
SBassett_SHW_01.18.2026_LS,SHW,5634,0,false,2,0.05,0.1424,0.1424,1145.1,13398,13400,0
SBassett_SHW_01.18.2026_LS,SHW,5635,0,false,2,0.1,0.2061,0.2061,1473.1,13450,13455,0
SBassett_SHW_01.18.2026_LS,SHW,5636,0,false,1,0.02,0.1218,0.1218,1955.7,13469,13469,0
SBassett_SHW_01.18.2026_LS,SHW,5637,0,false,1,0.02,0.1529,0.1529,1386.4,13473,13473,0
SBassett_SHW_01.18.2026_LS,SHW,5638,0,false,3,0.07,0.4353,0.4353,1560.8,13541,13544,0
SBassett_SHW_01.18.2026_LS,SHW,5639,0,false,5,0.3,0.2131,0.2131,741.5,13563,13580,0
SBassett_SHW_01.18.2026_LS,SHW,5640,0,false,1,0.02,0.1018,0.1018,744.5,13578,13578,0
SBassett_SHW_01.18.2026_LS,SHW,5641,0,false,1,0.02,0.1112,0.1112,677.8,13585,13585,0
SBassett_SHW_01.18.2026_LS,SHW,5642,0,false,1,0.02,0.144,0.144,1924.5,13588,13588,0
SBassett_SHW_01.18.2026_LS,SHW,5643,0,false,1,0.02,0.2379,0.2379,1766.2,13674,13674,0
SBassett_SHW_01.18.2026_LS,SHW,5644,0,false,1,0.02,0.6227,0.6227,1059.9,13683,13683,0
SBassett_SHW_01.18.2026_LS,SHW,5645,0,false,1,0.02,0.3604,0.3604,1790.6,13707,13707,0
SBassett_SHW_01.18.2026_LS,SHW,5646,0,false,6,0.45,0.171,0.184,630.3,13713,13739,0
SBassett_SHW_01.18.2026_LS,SHW,5647,0,false,1,0.02,0.3187,0.3187,1195.1,13720,13720,0
SBassett_SHW_01.18.2026_LS,SHW,5648,0,false,2,0.52,0.1883,0.1883,1809.6,13729,13759,0
SBassett_SHW_01.18.2026_LS,SHW,5649,0,false,3,0.15,0.1625,0.1625,1146.8,13740,13748,0
SBassett_SHW_01.18.2026_LS,SHW,5650,0,false,2,0.05,0.1629,0.1629,1658.7,13809,13811,0
SBassett_SHW_01.18.2026_LS,SHW,5651,0,false,2,0.03,0.2128,0.2128,415.7,13873,13874,0
SBassett_SHW_01.18.2026_LS,SHW,5652,0,false,6,0.28,0.2513,0.2705,840.1,13927,13943,0
SBassett_SHW_01.18.2026_LS,SHW,5653,0,false,4,0.22,0.1398,0.1398,1800.8,13943,13955,0
SBassett_SHW_01.18.2026_LS,SHW,5654,0,false,2,0.35,0.114,0.114,257.5,14033,14053,0
SBassett_SHW_01.18.2026_LS,SHW,5655,0,false,2,0.03,0.3914,0.3914,4068.9,14086,14087,0
SBassett_SHW_01.18.2026_LS,SHW,5656,0,false,1,0.02,0.1204,0.1204,2009.2,14096,14096,0
SBassett_SHW_01.18.2026_LS,SHW,5657,0,false,4,0.18,0.2316,0.2316,4476.7,14105,14115,0
SBassett_SHW_01.18.2026_LS,SHW,5658,0,false,4,0.4,0.3805,0.3805,2353.0,14120,14143,0
SBassett_SHW_01.18.2026_LS,SHW,5659,0,false,1,0.02,0.1017,0.1017,993.1,14158,14158,0
SBassett_SHW_01.18.2026_LS,SHW,5660,0,false,2,0.08,0.1654,0.1654,808.3,14199,14203,0
SBassett_SHW_01.18.2026_LS,SHW,5661,0,false,1,0.02,0.221,0.221,680.2,14213,14213,0
SBassett_SHW_01.18.2026_LS,SHW,5662,0,false,2,0.03,0.1212,0.1212,1325.7,14248,14249,0
SBassett_SHW_01.18.2026_LS,SHW,5663,0,false,2,0.52,0.1964,0.1964,1997.6,14308,14338,0
SBassett_SHW_01.18.2026_LS,SHW,5664,0,false,1,0.02,0.1568,0.1568,2012.0,14324,14324,0
SBassett_SHW_01.18.2026_LS,SHW,5665,0,false,1,0.02,0.2706,0.2706,1069.3,14577,14577,0
SBassett_SHW_01.18.2026_LS,SHW,5666,0,false,1,0.02,0.414,0.414,1259.0,14722,14722,0
SBassett_SHW_01.18.2026_LS,SHW,5667,0,false,1,0.02,0.2782,0.2782,645.1,14757,14757,0
SBassett_SHW_01.18.2026_LS,SHW,5668,0,duplicate,2,0.03,0.5654,0.5654,1672.0,14794,14795,2
SBassett_SHW_01.18.2026_LS,SHW,5669,0,duplicate,5,0.5,0.37,0.37,1718.9,14794,14823,2
SBassett_SHW_01.18.2026_LS,SHW,5670,0,duplicate,4,0.48,0.2368,0.2368,1508.3,14795,14823,1
SBassett_SHW_01.18.2026_LS,SHW,5671,0,duplicate,2,0.13,0.3375,0.3375,1001.9,14856,14863,1
SBassett_SHW_01.18.2026_LS,SHW,5672,0,false,1,0.02,0.2145,0.2145,1030.1,14867,14867,0
SBassett_SHW_01.18.2026_LS,SHW,5673,0,false,1,0.02,0.3675,0.3675,1078.3,14913,14913,0
SBassett_SHW_01.18.2026_LS,SHW,5674,0,false,1,0.02,0.2921,0.2921,1158.9,15005,15005,0
SBassett_SHW_01.18.2026_LS,SHW,5675,0,false,4,0.07,0.2158,0.2158,891.5,15013,15016,0
SBassett_SHW_01.18.2026_LS,SHW,5676,0,false,2,0.03,0.2417,0.2417,756.5,15070,15071,0
SBassett_SHW_01.18.2026_LS,SHW,5677,0,false,3,0.05,0.2468,0.2468,1250.2,15157,15159,0
SBassett_SHW_01.18.2026_LS,SHW,5678,0,false,2,0.52,0.1996,0.1996,1392.9,15173,15203,0
SBassett_SHW_01.18.2026_LS,SHW,5679,0,false,3,0.05,0.1768,0.1768,1502.5,15284,15286,0
SBassett_SHW_01.18.2026_LS,SHW,5680,0,false,2,0.32,0.1238,0.1238,1546.6,15297,15315,0
SBassett_SHW_01.18.2026_LS,SHW,5681,0,false,3,0.05,0.1694,0.1694,832.5,15372,15374,0
SBassett_SHW_01.18.2026_LS,SHW,5682,0,false,4,0.1,0.2959,0.2959,1154.9,15410,15415,0
SBassett_SHW_01.18.2026_LS,SHW,5683,0,false,2,0.07,0.4381,0.4381,1380.3,15506,15509,0
SBassett_SHW_01.18.2026_LS,SHW,5684,0,false,2,0.05,0.2419,0.2419,1574.6,15516,15518,0
SBassett_SHW_01.18.2026_LS,SHW,5685,0,false,1,0.02,0.1389,0.1389,1262.4,15634,15634,0
SBassett_SHW_01.18.2026_LS,SHW,5686,0,false,1,0.02,0.2437,0.2437,2275.1,15651,15651,0
SBassett_SHW_01.18.2026_LS,SHW,5687,0,false,2,0.03,0.1995,0.1995,668.3,15697,15698,0
SBassett_SHW_01.18.2026_LS,SHW,5688,0,false,1,0.02,0.2039,0.2039,1321.5,15703,15703,0
SBassett_SHW_01.18.2026_LS,SHW,5689,0,false,2,0.03,0.2651,0.2651,1692.3,15778,15779,0
SBassett_SHW_01.18.2026_LS,SHW,5690,0,false,12,0.5,0.228,0.345,943.5,15895,15924,0
SBassett_SHW_01.18.2026_LS,SHW,5691,0,false,1,0.02,0.3467,0.3467,1119.6,15971,15971,0
SBassett_SHW_01.18.2026_LS,SHW,5692,0,false,1,0.02,0.1483,0.1483,840.2,15980,15980,0
SBassett_SHW_01.18.2026_LS,SHW,5693,0,false,4,0.05,0.1383,0.1383,1525.6,16115,16117,0
SBassett_SHW_01.18.2026_LS,SHW,5694,0,false,1,0.02,0.1618,0.1618,1849.5,16227,16227,0
SBassett_SHW_01.18.2026_LS,SHW,5695,0,false,2,0.03,0.2564,0.2564,375.5,16406,16407,0
SBassett_SHW_01.18.2026_LS,SHW,5696,0,false,2,0.03,0.2863,0.2863,407.7,16486,16487,0
SBassett_SHW_01.18.2026_LS,SHW,5697,0,false,2,0.02,0.1984,0.1984,580.9,16547,16547,0
SBassett_SHW_01.18.2026_LS,SHW,5698,0,false,1,0.02,0.1328,0.1328,2404.3,16780,16780,0
SBassett_SHW_01.18.2026_LS,SHW,5699,0,false,3,0.1,0.1661,0.1661,1681.5,16822,16827,0
SBassett_SHW_01.18.2026_LS,SHW,5700,0,false,1,0.02,0.1074,0.1074,393.0,16885,16885,0
SBassett_SHW_01.18.2026_LS,SHW,5701,0,false,1,0.02,0.2923,0.2923,453.8,16980,16980,0
SBassett_SHW_01.18.2026_LS,SHW,5702,0,false,1,0.02,0.2768,0.2768,1209.7,17013,17013,0
SBassett_SHW_01.18.2026_LS,SHW,5703,0,false,1,0.02,0.1294,0.1294,484.9,17205,17205,0
SBassett_SHW_01.18.2026_LS,SHW,5704,0,false,2,0.03,0.1584,0.1584,853.8,17230,17231,0
SBassett_SHW_01.18.2026_LS,SHW,5705,0,false,1,0.02,0.1113,0.1113,589.1,17257,17257,0
SBassett_SHW_01.18.2026_LS,SHW,5706,0,false,6,0.43,0.211,0.2267,807.8,17263,17288,0
SBassett_SHW_01.18.2026_LS,SHW,5707,0,false,3,0.05,0.2417,0.2417,1719.7,17274,17276,0
SBassett_SHW_01.18.2026_LS,SHW,5708,0,false,19,1.02,0.1887,0.3063,550.9,17294,17354,0
SBassett_SHW_01.18.2026_LS,SHW,5709,0,false,7,0.22,0.1639,0.1827,501.3,17302,17314,0
SBassett_SHW_01.18.2026_LS,SHW,5710,0,false,4,0.22,0.2383,0.2383,1888.4,17308,17320,0
SBassett_SHW_01.18.2026_LS,SHW,5711,0,false,5,0.63,0.1302,0.1302,697.1,17331,17368,0
SBassett_SHW_01.18.2026_LS,SHW,5712,0,false,1,0.02,0.1384,0.1384,504.3,17333,17333,0
SBassett_SHW_01.18.2026_LS,SHW,5713,0,false,7,0.15,0.1376,0.1484,438.4,17340,17348,0
SBassett_SHW_01.18.2026_LS,SHW,5714,0,false,1,0.02,0.114,0.114,2681.5,17356,17356,0
SBassett_SHW_01.18.2026_LS,SHW,5715,0,false,14,1.2,0.197,0.2822,1757.0,17386,17457,0
SBassett_SHW_01.18.2026_LS,SHW,5716,0,false,2,0.03,0.2251,0.2251,614.2,17412,17413,0
SBassett_SHW_01.18.2026_LS,SHW,5717,0,false,6,0.57,0.2132,0.2249,812.8,17414,17447,0
SBassett_SHW_01.18.2026_LS,SHW,5718,0,false,1,0.02,0.1245,0.1245,2690.4,17430,17430,0
SBassett_SHW_01.18.2026_LS,SHW,5719,0,false,2,0.1,0.2906,0.2906,1264.5,17461,17466,0
SBassett_SHW_01.18.2026_LS,SHW,5720,0,false,2,0.03,0.2351,0.2351,364.1,17485,17486,0
SBassett_SHW_01.18.2026_LS,SHW,5721,0,false,3,0.5,0.2207,0.2207,879.9,17505,17534,0
SBassett_SHW_01.18.2026_LS,SHW,5722,0,false,1,0.02,0.1079,0.1079,819.9,17505,17505,0
SBassett_SHW_01.18.2026_LS,SHW,5723,0,false,35,1.03,0.2113,0.3399,460.0,17616,17677,0
SBassett_SHW_01.18.2026_LS,SHW,5724,0,false,2,0.07,0.1689,0.1689,392.5,17664,17667,0
SBassett_SHW_01.18.2026_LS,SHW,5725,0,false,11,0.78,0.2367,0.3415,624.4,17704,17750,0
SBassett_SHW_01.18.2026_LS,SHW,5726,0,false,4,0.08,0.2186,0.2186,523.0,17716,17720,0
SBassett_SHW_01.18.2026_LS,SHW,5727,0,false,4,0.08,0.2582,0.2582,1481.5,17721,17725,0
SBassett_SHW_01.18.2026_LS,SHW,5728,0,false,2,0.02,0.1345,0.1345,2898.8,17722,17722,0
SBassett_SHW_01.18.2026_LS,SHW,5729,0,false,2,0.03,0.2494,0.2494,1609.6,17870,17871,0
SBassett_SHW_01.18.2026_LS,SHW,5730,0,false,1,0.02,0.2277,0.2277,852.5,17872,17872,0
SBassett_SHW_01.18.2026_LS,SHW,5731,0,false,1,0.02,0.1231,0.1231,320.9,17926,17926,0
SBassett_SHW_01.18.2026_LS,SHW,5732,0,false,1,0.02,0.1104,0.1104,959.7,17942,17942,0
SBassett_SHW_01.18.2026_LS,SHW,5733,0,false,1,0.02,0.3509,0.3509,1815.0,18036,18036,0
SBassett_SHW_01.18.2026_LS,SHW,5734,0,false,4,0.12,0.1985,0.1985,718.8,18088,18094,0
SBassett_SHW_01.18.2026_LS,SHW,5735,0,false,1,0.02,0.144,0.144,546.5,18102,18102,0
SBassett_SHW_01.18.2026_LS,SHW,5736,0,false,2,0.05,0.1413,0.1413,646.6,18159,18161,0
SBassett_SHW_01.18.2026_LS,SHW,5737,0,false,2,0.1,0.1797,0.1797,2388.0,18169,18174,0
SBassett_SHW_01.18.2026_LS,SHW,5738,0,false,2,0.03,0.1608,0.1608,836.2,18181,18182,0
SBassett_SHW_01.18.2026_LS,SHW,5739,0,false,13,1.1,0.2456,0.393,1299.8,18212,18277,0
SBassett_SHW_01.18.2026_LS,SHW,5740,0,false,10,0.15,0.2956,0.3903,875.5,18229,18237,0
SBassett_SHW_01.18.2026_LS,SHW,5741,0,false,6,0.43,0.2631,0.294,1134.4,18247,18272,0
SBassett_SHW_01.18.2026_LS,SHW,5742,0,false,1,0.02,0.1112,0.1112,865.3,18270,18270,0
SBassett_SHW_01.18.2026_LS,SHW,5743,0,false,1,0.02,0.161,0.161,2283.4,18303,18303,0
SBassett_SHW_01.18.2026_LS,SHW,5744,0,false,8,0.6,0.1809,0.2165,576.2,18314,18349,0
SBassett_SHW_01.18.2026_LS,SHW,5745,0,false,4,0.2,0.2407,0.2407,722.9,18334,18345,0
SBassett_SHW_01.18.2026_LS,SHW,5746,0,false,1,0.02,0.2316,0.2316,1061.2,18358,18358,0
SBassett_SHW_01.18.2026_LS,SHW,5747,0,false,5,0.4,0.2971,0.2971,2577.4,18387,18410,0
SBassett_SHW_01.18.2026_LS,SHW,5748,0,false,5,0.62,0.2117,0.2117,856.8,18426,18462,0
SBassett_SHW_01.18.2026_LS,SHW,5749,0,false,1,0.02,0.3351,0.3351,786.9,18445,18445,0
SBassett_SHW_01.18.2026_LS,SHW,5750,0,false,1,0.02,0.3432,0.3432,1807.0,18480,18480,0
SBassett_SHW_01.18.2026_LS,SHW,5751,0,false,6,0.67,0.1598,0.17,956.8,18511,18550,0
SBassett_SHW_01.18.2026_LS,SHW,5752,0,false,5,0.62,0.1819,0.1819,626.0,18569,18605,0
SBassett_SHW_01.18.2026_LS,SHW,5753,0,false,1,0.02,0.1112,0.1112,628.1,18693,18693,0
SBassett_SHW_01.18.2026_LS,SHW,5754,0,false,4,0.15,0.1908,0.1908,3191.3,18761,18769,0
SBassett_SHW_01.18.2026_LS,SHW,5755,0,false,1,0.02,0.1016,0.1016,1138.4,18763,18763,0
SBassett_SHW_01.18.2026_LS,SHW,5756,0,false,2,0.47,0.1963,0.1963,553.4,18812,18839,0
SBassett_SHW_01.18.2026_LS,SHW,5757,0,false,2,0.03,0.1757,0.1757,587.5,18812,18813,0
SBassett_SHW_01.18.2026_LS,SHW,5758,0,false,2,0.03,0.2344,0.2344,1407.9,18823,18824,0
SBassett_SHW_01.18.2026_LS,SHW,5759,0,false,1,0.02,0.224,0.224,729.5,19029,19029,0
SBassett_SHW_01.18.2026_LS,SHW,5760,0,false,3,0.53,0.2213,0.2213,883.8,19249,19280,0
SBassett_SHW_01.18.2026_LS,SHW,5761,0,false,1,0.02,0.1682,0.1682,800.7,19308,19308,0
SBassett_SHW_01.18.2026_LS,SHW,5762,0,duplicate,18,1.0,0.255,0.3608,738.1,19875,19934,4
SBassett_SHW_01.18.2026_LS,SHW,5763,0,duplicate,15,1.07,0.1937,0.2787,722.2,19959,20022,8
SBassett_SHW_01.18.2026_LS,SHW,5764,0,false,1,0.02,0.2655,0.2655,589.3,20009,20009,0
SBassett_SHW_01.18.2026_LS,SHW,5765,0,false,16,1.77,0.2147,0.3457,1526.9,20051,20156,0
SBassett_SHW_01.18.2026_LS,SHW,5766,0,false,1,0.02,0.2534,0.2534,1293.4,20266,20266,0
SBassett_SHW_01.18.2026_LS,SHW,5767,0,false,4,0.07,0.4685,0.4685,1881.8,20340,20343,0
SBassett_SHW_01.18.2026_LS,SHW,5768,0,false,1,0.02,0.2648,0.2648,919.6,20466,20466,0
SBassett_SHW_01.18.2026_LS,SHW,5769,0,false,1,0.02,0.1699,0.1699,1907.8,20635,20635,0
SHog_SHW_01.18.2026_LS,SHW,4810,0,false,2,0.03,0.3262,0.3262,1695.9,4254,4255,0
SHog_SHW_01.18.2026_LS,SHW,4830,0,false,1,0.02,0.3862,0.3862,480.8,4668,4668,0
SHog_SHW_01.18.2026_LS,SHW,4832,0,false,4,0.18,0.3611,0.3611,682.6,4671,4681,0
SHog_SHW_01.18.2026_LS,SHW,4850,0,false,1,0.02,0.423,0.423,640.6,4686,4686,0
SHog_SHW_01.18.2026_LS,SHW,4854,1,primary,19,0.32,0.5727,0.6502,821.3,4692,4710,18
SHog_SHW_01.18.2026_LS,SHW,4857,0,duplicate,1,0.02,0.5475,0.5475,563.3,4697,4697,1
SHog_SHW_01.18.2026_LS,SHW,4860,0,duplicate,7,0.15,0.5694,0.6339,809.2,4702,4710,7
SHog_SHW_01.18.2026_LS,SHW,4884,1,primary,81,1.35,0.6561,0.7234,2598.1,5121,5201,60
SHog_SHW_01.18.2026_LS,SHW,4888,1,primary,79,1.33,0.6229,0.7308,1724.5,5127,5206,59
SHog_SHW_01.18.2026_LS,SHW,4898,0,false,2,0.03,0.3197,0.3197,1299.0,5315,5316,0
SHog_SHW_01.18.2026_LS,SHW,4925,0,false,2,0.03,0.3326,0.3326,2588.4,5840,5841,0
SHog_SHW_01.18.2026_LS,SHW,4946,0,false,1,0.02,0.5083,0.5083,718.8,6530,6530,0
SHog_SHW_01.18.2026_LS,SHW,4984,0,false,4,0.07,0.5856,0.5856,911.9,8528,8531,0
SHog_SHW_01.18.2026_LS,SHW,4985,0,false,3,0.05,0.5343,0.5343,796.4,8535,8537,0
SHog_SHW_01.18.2026_LS,SHW,4996,0,duplicate,22,1.05,0.5802,0.7105,1274.2,8563,8625,9
SHog_SHW_01.18.2026_LS,SHW,4999,1,primary,28,0.47,0.6982,0.7356,1185.9,8588,8615,28
SHog_SHW_01.18.2026_LS,SHW,5002,0,duplicate,2,0.03,0.6999,0.6999,1352.4,8617,8618,2
SHog_SHW_01.18.2026_LS,SHW,5005,1,primary,55,0.97,0.7482,0.8356,5193.9,8714,8771,35
SHog_SHW_01.18.2026_LS,SHW,5038,0,false,1,0.02,0.3709,0.3709,4440.4,10634,10634,0
SHog_SHW_01.18.2026_LS,SHW,5050,0,false,2,0.03,0.404,0.404,10166.0,10759,10760,0
SHog_SHW_01.18.2026_LS,SHW,5071,0,duplicate,5,0.12,0.4876,0.4876,1645.3,11614,11620,3
SHog_SHW_01.18.2026_LS,SHW,5074,1,primary,5,0.13,0.5532,0.5532,1790.2,11623,11630,5
SHog_SHW_01.18.2026_LS,SHW,5080,0,duplicate,1,0.02,0.5566,0.5566,1330.1,11628,11628,1
SHog_SHW_01.18.2026_LS,SHW,5129,0,false,5,0.1,0.4229,0.4229,2958.5,15744,15749,0
SHog_SHW_01.18.2026_LS,SHW,5143,0,false,1,0.02,0.6164,0.6164,2030.7,15777,15777,0
SHog_SHW_01.18.2026_LS,SHW,6143,0,false,1,0.02,0.1217,0.1217,649.2,714,714,0
SHog_SHW_01.18.2026_LS,SHW,6144,0,false,8,0.27,0.2329,0.2974,472.5,1029,1044,0
SHog_SHW_01.18.2026_LS,SHW,6145,0,false,1,0.02,0.1119,0.1119,1136.0,1222,1222,0
SHog_SHW_01.18.2026_LS,SHW,6146,0,false,1,0.02,0.1266,0.1266,479.7,1453,1453,0
SHog_SHW_01.18.2026_LS,SHW,6147,0,false,1,0.02,0.3584,0.3584,2230.3,1737,1737,0
SHog_SHW_01.18.2026_LS,SHW,6148,0,false,1,0.02,0.2283,0.2283,612.3,2005,2005,0
SHog_SHW_01.18.2026_LS,SHW,6149,0,false,5,0.12,0.2337,0.2337,1025.0,2018,2024,0
SHog_SHW_01.18.2026_LS,SHW,6150,0,false,1,0.02,0.2085,0.2085,1337.9,2052,2052,0
SHog_SHW_01.18.2026_LS,SHW,6151,0,false,1,0.02,0.1129,0.1129,1658.8,2107,2107,0
SHog_SHW_01.18.2026_LS,SHW,6152,0,false,3,0.05,0.1762,0.1762,3935.2,2486,2488,0
SHog_SHW_01.18.2026_LS,SHW,6153,0,false,1,0.02,0.2854,0.2854,1084.4,2546,2546,0
SHog_SHW_01.18.2026_LS,SHW,6154,0,false,1,0.02,0.1266,0.1266,1082.0,2613,2613,0
SHog_SHW_01.18.2026_LS,SHW,6155,0,false,2,0.03,0.1573,0.1573,2740.6,2729,2730,0
SHog_SHW_01.18.2026_LS,SHW,6156,0,false,1,0.02,0.416,0.416,5244.4,2738,2738,0
SHog_SHW_01.18.2026_LS,SHW,6157,0,false,1,0.02,0.1105,0.1105,2963.7,2778,2778,0
SHog_SHW_01.18.2026_LS,SHW,6158,0,false,1,0.02,0.1301,0.1301,2303.6,2978,2978,0
SHog_SHW_01.18.2026_LS,SHW,6159,0,false,1,0.02,0.1585,0.1585,4899.0,3125,3125,0
SHog_SHW_01.18.2026_LS,SHW,6160,0,false,2,0.03,0.2008,0.2008,4083.0,3151,3152,0
SHog_SHW_01.18.2026_LS,SHW,6161,0,false,1,0.02,0.1461,0.1461,3612.2,3248,3248,0
SHog_SHW_01.18.2026_LS,SHW,6162,0,false,1,0.02,0.2451,0.2451,1205.6,3359,3359,0
SHog_SHW_01.18.2026_LS,SHW,6163,0,false,3,0.08,0.2641,0.2641,2716.5,3488,3492,0
SHog_SHW_01.18.2026_LS,SHW,6164,0,false,1,0.02,0.1028,0.1028,772.6,3514,3514,0
SHog_SHW_01.18.2026_LS,SHW,6165,0,false,1,0.02,0.3579,0.3579,3840.1,3582,3582,0
SHog_SHW_01.18.2026_LS,SHW,6166,0,false,1,0.02,0.1474,0.1474,4357.9,3635,3635,0
SHog_SHW_01.18.2026_LS,SHW,6167,0,false,1,0.02,0.4038,0.4038,3113.1,3800,3800,0
SHog_SHW_01.18.2026_LS,SHW,6168,0,false,1,0.02,0.1146,0.1146,3910.9,3853,3853,0
SHog_SHW_01.18.2026_LS,SHW,6169,0,false,1,0.02,0.1367,0.1367,805.1,3952,3952,0
SHog_SHW_01.18.2026_LS,SHW,6170,0,false,1,0.02,0.3103,0.3103,6389.1,4129,4129,0
SHog_SHW_01.18.2026_LS,SHW,6171,0,false,1,0.02,0.1049,0.1049,2707.3,4185,4185,0
SHog_SHW_01.18.2026_LS,SHW,6172,0,false,1,0.02,0.1807,0.1807,536.5,4199,4199,0
SHog_SHW_01.18.2026_LS,SHW,6173,0,false,5,0.58,0.2755,0.2755,1558.2,4219,4253,0
SHog_SHW_01.18.2026_LS,SHW,6174,0,false,2,0.03,0.1385,0.1385,570.9,4330,4331,0
SHog_SHW_01.18.2026_LS,SHW,6175,0,false,3,0.17,0.145,0.145,1161.1,4576,4585,0
SHog_SHW_01.18.2026_LS,SHW,6176,0,false,1,0.02,0.1021,0.1021,2110.3,4608,4608,0
SHog_SHW_01.18.2026_LS,SHW,6177,0,duplicate,37,0.83,0.1916,0.3168,757.3,4641,4690,1
SHog_SHW_01.18.2026_LS,SHW,6178,0,false,3,0.2,0.1574,0.1574,695.0,4662,4673,0
SHog_SHW_01.18.2026_LS,SHW,6179,0,false,1,0.02,0.1784,0.1784,1228.9,4670,4670,0
SHog_SHW_01.18.2026_LS,SHW,6180,1,primary,29,1.17,0.2363,0.402,730.9,4676,4745,9
SHog_SHW_01.18.2026_LS,SHW,6181,0,false,1,0.02,0.2024,0.2024,641.4,4677,4677,0
SHog_SHW_01.18.2026_LS,SHW,6182,0,duplicate,8,0.53,0.1809,0.2146,771.5,4712,4743,7
SHog_SHW_01.18.2026_LS,SHW,6183,0,false,1,0.02,0.2001,0.2001,1589.7,4773,4773,0
SHog_SHW_01.18.2026_LS,SHW,6184,0,false,2,0.03,0.1293,0.1293,1316.9,4834,4835,0
SHog_SHW_01.18.2026_LS,SHW,6185,0,false,1,0.02,0.1819,0.1819,1129.9,5057,5057,0
SHog_SHW_01.18.2026_LS,SHW,6186,0,false,4,0.07,0.247,0.247,1510.0,5117,5120,0
SHog_SHW_01.18.2026_LS,SHW,6187,0,false,1,0.02,0.3259,0.3259,1146.6,5207,5207,0
SHog_SHW_01.18.2026_LS,SHW,6188,0,false,2,0.12,0.1918,0.1918,2655.3,5217,5223,0
SHog_SHW_01.18.2026_LS,SHW,6189,0,false,1,0.02,0.1893,0.1893,785.3,5218,5218,0
SHog_SHW_01.18.2026_LS,SHW,6190,0,false,1,0.02,0.2846,0.2846,2972.8,5306,5306,0
SHog_SHW_01.18.2026_LS,SHW,6191,0,false,6,0.15,0.1714,0.1851,1343.0,5312,5320,0
SHog_SHW_01.18.2026_LS,SHW,6192,0,false,1,0.02,0.2031,0.2031,2421.1,5356,5356,0
SHog_SHW_01.18.2026_LS,SHW,6193,0,false,1,0.02,0.1153,0.1153,2640.6,5416,5416,0
SHog_SHW_01.18.2026_LS,SHW,6194,0,false,1,0.02,0.1083,0.1083,2633.7,5489,5489,0
SHog_SHW_01.18.2026_LS,SHW,6195,0,false,1,0.02,0.3531,0.3531,687.6,5503,5503,0
SHog_SHW_01.18.2026_LS,SHW,6196,0,false,1,0.02,0.1775,0.1775,1188.6,5576,5576,0
SHog_SHW_01.18.2026_LS,SHW,6197,0,false,2,0.03,0.3208,0.3208,1166.2,5626,5627,0
SHog_SHW_01.18.2026_LS,SHW,6198,0,false,1,0.02,0.1113,0.1113,545.2,5681,5681,0
SHog_SHW_01.18.2026_LS,SHW,6199,0,false,48,2.68,0.1834,0.3803,1603.7,5724,5884,0
SHog_SHW_01.18.2026_LS,SHW,6200,0,false,5,0.4,0.1391,0.1391,1978.5,5812,5835,0
SHog_SHW_01.18.2026_LS,SHW,6201,0,false,1,0.02,0.135,0.135,599.9,6002,6002,0
SHog_SHW_01.18.2026_LS,SHW,6202,0,false,1,0.02,0.139,0.139,699.8,6147,6147,0
SHog_SHW_01.18.2026_LS,SHW,6203,0,false,12,0.23,0.4538,0.6223,1783.1,6153,6166,0
SHog_SHW_01.18.2026_LS,SHW,6204,0,false,6,0.22,0.1725,0.1858,667.1,6191,6203,0
SHog_SHW_01.18.2026_LS,SHW,6205,0,false,4,0.07,0.15,0.15,632.6,6195,6198,0
SHog_SHW_01.18.2026_LS,SHW,6206,0,false,3,0.23,0.1127,0.1127,450.4,6392,6405,0
SHog_SHW_01.18.2026_LS,SHW,6207,0,false,5,0.27,0.2291,0.2291,662.6,6523,6538,0
SHog_SHW_01.18.2026_LS,SHW,6208,0,false,22,1.43,0.2218,0.3738,1506.2,6575,6660,0
SHog_SHW_01.18.2026_LS,SHW,6209,0,false,2,0.03,0.1391,0.1391,866.4,6575,6576,0
SHog_SHW_01.18.2026_LS,SHW,6210,0,false,2,0.03,0.1557,0.1557,1250.7,6605,6606,0
SHog_SHW_01.18.2026_LS,SHW,6211,0,false,1,0.02,0.3065,0.3065,452.3,6660,6660,0
SHog_SHW_01.18.2026_LS,SHW,6212,0,false,1,0.02,0.1254,0.1254,1592.7,6900,6900,0
SHog_SHW_01.18.2026_LS,SHW,6213,0,false,4,0.17,0.2181,0.2181,750.8,6913,6922,0
SHog_SHW_01.18.2026_LS,SHW,6214,0,false,1,0.02,0.1802,0.1802,3508.6,6915,6915,0
SHog_SHW_01.18.2026_LS,SHW,6215,0,false,1,0.02,0.1495,0.1495,2149.1,6995,6995,0
SHog_SHW_01.18.2026_LS,SHW,6216,0,false,1,0.02,0.1305,0.1305,644.5,7152,7152,0
SHog_SHW_01.18.2026_LS,SHW,6217,0,false,1,0.02,0.127,0.127,1425.8,7173,7173,0
SHog_SHW_01.18.2026_LS,SHW,6218,0,false,2,0.08,0.1165,0.1165,1986.5,7221,7225,0
SHog_SHW_01.18.2026_LS,SHW,6219,0,false,6,0.32,0.1738,0.188,2240.5,7230,7248,0
SHog_SHW_01.18.2026_LS,SHW,6220,0,false,1,0.02,0.1304,0.1304,811.4,7313,7313,0
SHog_SHW_01.18.2026_LS,SHW,6221,0,false,1,0.02,0.6638,0.6638,1814.7,7398,7398,0
SHog_SHW_01.18.2026_LS,SHW,6222,0,false,1,0.02,0.2175,0.2175,465.6,7441,7441,0
SHog_SHW_01.18.2026_LS,SHW,6223,0,false,1,0.02,0.3642,0.3642,2087.0,7563,7563,0
SHog_SHW_01.18.2026_LS,SHW,6224,0,false,1,0.02,0.1497,0.1497,2013.6,7650,7650,0
SHog_SHW_01.18.2026_LS,SHW,6225,0,false,1,0.02,0.1183,0.1183,2621.8,7788,7788,0
SHog_SHW_01.18.2026_LS,SHW,6226,0,false,2,0.03,0.2354,0.2354,788.2,8305,8306,0
SHog_SHW_01.18.2026_LS,SHW,6227,0,duplicate,23,1.13,0.3472,0.6053,836.4,8520,8587,3
SHog_SHW_01.18.2026_LS,SHW,6228,0,duplicate,1,0.02,0.7002,0.7002,1350.2,8616,8616,1
SHog_SHW_01.18.2026_LS,SHW,6229,0,false,1,0.02,0.3619,0.3619,1173.2,8655,8655,0
SHog_SHW_01.18.2026_LS,SHW,6230,0,false,2,0.03,0.3698,0.3698,1911.1,8712,8713,0
SHog_SHW_01.18.2026_LS,SHW,6231,0,duplicate,2,0.02,0.1853,0.1853,4899.1,8740,8740,1
SHog_SHW_01.18.2026_LS,SHW,6232,0,false,1,0.02,0.1201,0.1201,4947.5,8947,8947,0
SHog_SHW_01.18.2026_LS,SHW,6233,0,false,1,0.02,0.1491,0.1491,736.9,9114,9114,0
SHog_SHW_01.18.2026_LS,SHW,6234,0,false,2,0.18,0.1208,0.1208,944.3,9214,9224,0
SHog_SHW_01.18.2026_LS,SHW,6235,0,false,1,0.02,0.2046,0.2046,1636.8,9217,9217,0
SHog_SHW_01.18.2026_LS,SHW,6236,0,false,1,0.02,0.1718,0.1718,1422.7,9222,9222,0
SHog_SHW_01.18.2026_LS,SHW,6237,0,false,1,0.02,0.182,0.182,1424.0,9394,9394,0
SHog_SHW_01.18.2026_LS,SHW,6238,0,false,1,0.02,0.2623,0.2623,1151.3,9684,9684,0
SHog_SHW_01.18.2026_LS,SHW,6239,0,false,1,0.02,0.1006,0.1006,1224.6,9688,9688,0
SHog_SHW_01.18.2026_LS,SHW,6240,0,false,1,0.02,0.1254,0.1254,2870.5,9845,9845,0
SHog_SHW_01.18.2026_LS,SHW,6241,0,false,2,0.03,0.2734,0.2734,2036.9,9888,9889,0
SHog_SHW_01.18.2026_LS,SHW,6242,0,false,3,0.8,0.1909,0.1909,1683.5,9891,9938,0
SHog_SHW_01.18.2026_LS,SHW,6243,0,false,1,0.02,0.1038,0.1038,2781.8,9944,9944,0
SHog_SHW_01.18.2026_LS,SHW,6244,0,false,3,0.45,0.2977,0.2977,1444.8,10269,10295,0
SHog_SHW_01.18.2026_LS,SHW,6245,0,false,2,0.13,0.1901,0.1901,1854.1,10288,10295,0
SHog_SHW_01.18.2026_LS,SHW,6246,0,false,3,0.48,0.3019,0.3019,2182.9,10324,10352,0
SHog_SHW_01.18.2026_LS,SHW,6247,0,false,6,0.77,0.312,0.3468,2773.4,10438,10483,0
SHog_SHW_01.18.2026_LS,SHW,6248,0,false,4,0.5,0.1987,0.1987,2441.0,10452,10481,0
SHog_SHW_01.18.2026_LS,SHW,6249,0,false,1,0.02,0.25,0.25,2780.0,10565,10565,0
SHog_SHW_01.18.2026_LS,SHW,6250,0,false,2,0.03,0.2214,0.2214,1085.5,10571,10572,0
SHog_SHW_01.18.2026_LS,SHW,6251,0,false,8,1.55,0.2503,0.3165,4814.3,10592,10684,0
SHog_SHW_01.18.2026_LS,SHW,6252,0,false,1,0.02,0.1474,0.1474,2168.2,10594,10594,0
SHog_SHW_01.18.2026_LS,SHW,6253,0,false,4,0.25,0.3085,0.3085,6902.0,10626,10640,0
SHog_SHW_01.18.2026_LS,SHW,6254,0,false,1,0.02,0.1126,0.1126,1327.0,10636,10636,0
SHog_SHW_01.18.2026_LS,SHW,6255,0,false,1,0.02,0.4471,0.4471,1889.0,10658,10658,0
SHog_SHW_01.18.2026_LS,SHW,6256,0,false,1,0.02,0.1768,0.1768,1276.9,10669,10669,0
SHog_SHW_01.18.2026_LS,SHW,6257,0,false,1,0.02,0.1682,0.1682,2274.0,10711,10711,0
SHog_SHW_01.18.2026_LS,SHW,6258,0,false,1,0.02,0.1207,0.1207,2734.0,10719,10719,0
SHog_SHW_01.18.2026_LS,SHW,6259,0,false,2,0.02,0.2171,0.2171,6169.6,10735,10735,0
SHog_SHW_01.18.2026_LS,SHW,6260,0,false,9,0.72,0.2505,0.346,9217.4,10736,10778,0
SHog_SHW_01.18.2026_LS,SHW,6261,0,false,7,0.18,0.2966,0.3562,5314.3,10924,10934,0
SHog_SHW_01.18.2026_LS,SHW,6262,0,false,3,0.15,0.1342,0.1342,2810.3,11062,11070,0
SHog_SHW_01.18.2026_LS,SHW,6263,0,false,4,0.1,0.3196,0.3196,2007.8,11103,11108,0
SHog_SHW_01.18.2026_LS,SHW,6264,0,false,1,0.02,0.1005,0.1005,1168.3,11145,11145,0
SHog_SHW_01.18.2026_LS,SHW,6265,0,false,2,0.03,0.163,0.163,1073.1,11163,11164,0
SHog_SHW_01.18.2026_LS,SHW,6266,0,false,1,0.02,0.2328,0.2328,950.6,11322,11322,0
SHog_SHW_01.18.2026_LS,SHW,6267,0,false,1,0.02,0.3155,0.3155,4488.6,11459,11459,0
SHog_SHW_01.18.2026_LS,SHW,6268,0,false,1,0.02,0.1299,0.1299,1467.9,11600,11600,0
SHog_SHW_01.18.2026_LS,SHW,6269,1,primary,13,0.43,0.2722,0.4205,1237.8,11602,11627,2
SHog_SHW_01.18.2026_LS,SHW,6270,0,false,3,0.05,0.335,0.335,1621.4,11607,11609,0
SHog_SHW_01.18.2026_LS,SHW,6271,0,false,1,0.02,0.107,0.107,1636.7,11648,11648,0
SHog_SHW_01.18.2026_LS,SHW,6272,0,false,1,0.02,0.1016,0.1016,813.6,11668,11668,0
SHog_SHW_01.18.2026_LS,SHW,6273,0,false,1,0.02,0.2922,0.2922,1712.9,11730,11730,0
SHog_SHW_01.18.2026_LS,SHW,6274,0,false,2,0.02,0.2947,0.2947,2390.2,11781,11781,0
SHog_SHW_01.18.2026_LS,SHW,6275,0,false,1,0.02,0.1696,0.1696,1880.4,11806,11806,0
SHog_SHW_01.18.2026_LS,SHW,6276,0,false,1,0.02,0.1166,0.1166,789.9,11908,11908,0
SHog_SHW_01.18.2026_LS,SHW,6277,0,false,2,0.05,0.178,0.178,1036.3,11909,11911,0
SHog_SHW_01.18.2026_LS,SHW,6278,0,false,3,0.48,0.1775,0.1775,1251.8,12010,12038,0
SHog_SHW_01.18.2026_LS,SHW,6279,0,false,1,0.02,0.1333,0.1333,1937.6,12013,12013,0
SHog_SHW_01.18.2026_LS,SHW,6280,0,false,1,0.02,0.5299,0.5299,1548.1,12053,12053,0
SHog_SHW_01.18.2026_LS,SHW,6281,0,false,3,0.1,0.344,0.344,3943.4,12394,12399,0
SHog_SHW_01.18.2026_LS,SHW,6282,0,false,1,0.02,0.1132,0.1132,1243.6,12435,12435,0
SHog_SHW_01.18.2026_LS,SHW,6283,0,false,1,0.02,0.2302,0.2302,2412.6,12606,12606,0
SHog_SHW_01.18.2026_LS,SHW,6284,0,false,2,0.03,0.1255,0.1255,1021.3,13264,13265,0
SHog_SHW_01.18.2026_LS,SHW,6285,0,false,6,0.1,0.2826,0.2928,935.9,13395,13400,0
SHog_SHW_01.18.2026_LS,SHW,6286,0,false,6,0.08,0.3261,0.3602,1842.4,13558,13562,0
SHog_SHW_01.18.2026_LS,SHW,6287,0,false,4,0.07,0.2566,0.2566,1772.9,13566,13569,0
SHog_SHW_01.18.2026_LS,SHW,6288,0,false,1,0.02,0.4905,0.4905,2566.8,14258,14258,0
SHog_SHW_01.18.2026_LS,SHW,6289,0,false,1,0.02,0.1148,0.1148,2423.4,14314,14314,0
SHog_SHW_01.18.2026_LS,SHW,6290,0,false,1,0.02,0.1116,0.1116,964.6,14319,14319,0
SHog_SHW_01.18.2026_LS,SHW,6291,0,false,1,0.02,0.1116,0.1116,664.4,14580,14580,0
SHog_SHW_01.18.2026_LS,SHW,6292,0,false,2,0.05,0.1258,0.1258,1259.8,14591,14593,0
SHog_SHW_01.18.2026_LS,SHW,6293,0,false,1,0.02,0.1126,0.1126,775.9,14602,14602,0
SHog_SHW_01.18.2026_LS,SHW,6294,0,false,1,0.02,0.125,0.125,2093.8,14610,14610,0
SHog_SHW_01.18.2026_LS,SHW,6295,0,false,1,0.02,0.3202,0.3202,2629.0,14660,14660,0
SHog_SHW_01.18.2026_LS,SHW,6296,0,false,2,0.05,0.1972,0.1972,1893.4,14859,14861,0
SHog_SHW_01.18.2026_LS,SHW,6297,0,false,1,0.02,0.1175,0.1175,558.3,15091,15091,0
SHog_SHW_01.18.2026_LS,SHW,6298,0,false,9,0.23,0.2019,0.2413,601.7,15101,15114,0
SHog_SHW_01.18.2026_LS,SHW,6299,0,false,1,0.02,0.4224,0.4224,2511.9,15258,15258,0
SHog_SHW_01.18.2026_LS,SHW,6300,0,false,1,0.02,0.1206,0.1206,1660.8,15317,15317,0
SHog_SHW_01.18.2026_LS,SHW,6301,0,false,2,0.03,0.28,0.28,667.9,15346,15347,0
SHog_SHW_01.18.2026_LS,SHW,6302,0,false,1,0.02,0.2398,0.2398,1338.1,15396,15396,0
SHog_SHW_01.18.2026_LS,SHW,6303,0,false,3,0.12,0.1351,0.1351,736.2,15427,15433,0
SHog_SHW_01.18.2026_LS,SHW,6304,0,false,1,0.02,0.101,0.101,733.8,15477,15477,0
SHog_SHW_01.18.2026_LS,SHW,6305,0,false,4,0.42,0.1831,0.1831,1816.4,15524,15548,0
SHog_SHW_01.18.2026_LS,SHW,6306,0,false,1,0.02,0.3766,0.3766,4337.4,15546,15546,0
SHog_SHW_01.18.2026_LS,SHW,6307,0,false,1,0.02,0.101,0.101,945.2,15619,15619,0
SHog_SHW_01.18.2026_LS,SHW,6308,0,false,1,0.02,0.4151,0.4151,1671.5,15629,15629,0
SHog_SHW_01.18.2026_LS,SHW,6309,0,false,1,0.02,0.4865,0.4865,2584.8,15649,15649,0
SHog_SHW_01.18.2026_LS,SHW,6310,0,false,1,0.02,0.113,0.113,591.3,15684,15684,0
SHog_SHW_01.18.2026_LS,SHW,6311,0,false,1,0.02,0.1413,0.1413,3012.5,15685,15685,0
SHog_SHW_01.18.2026_LS,SHW,6312,0,false,3,0.08,0.2088,0.2088,718.4,15688,15692,0
SHog_SHW_01.18.2026_LS,SHW,6313,0,false,1,0.02,0.1088,0.1088,607.6,15700,15700,0
SHog_SHW_01.18.2026_LS,SHW,6314,0,false,1,0.02,0.1286,0.1286,515.5,15720,15720,0
SHog_SHW_01.18.2026_LS,SHW,6315,0,false,1,0.02,0.1187,0.1187,959.3,15734,15734,0
SHog_SHW_01.18.2026_LS,SHW,6316,0,false,16,0.78,0.4164,0.6395,1762.8,15743,15789,0
SHog_SHW_01.18.2026_LS,SHW,6317,0,false,1,0.02,0.1767,0.1767,954.4,15759,15759,0
SHog_SHW_01.18.2026_LS,SHW,6318,0,false,1,0.02,0.1882,0.1882,1615.5,15773,15773,0
SHog_SHW_01.18.2026_LS,SHW,6319,0,false,1,0.02,0.1258,0.1258,3357.0,15823,15823,0
SHog_SHW_01.18.2026_LS,SHW,6320,0,false,7,0.18,0.2237,0.2589,1854.8,15846,15856,0
SHog_SHW_01.18.2026_LS,SHW,6321,0,false,1,0.02,0.1509,0.1509,1321.3,15848,15848,0
SHog_SHW_01.18.2026_LS,SHW,6322,0,false,1,0.02,0.156,0.156,596.2,15903,15903,0
SHog_SHW_01.18.2026_LS,SHW,6323,0,false,3,0.1,0.247,0.247,3477.7,15954,15959,0
SHog_SHW_01.18.2026_LS,SHW,6324,0,false,1,0.02,0.113,0.113,5435.6,15968,15968,0
SHog_SHW_01.18.2026_LS,SHW,6325,0,false,1,0.02,0.1848,0.1848,789.7,16211,16211,0
SHog_SHW_01.18.2026_LS,SHW,6326,0,false,2,0.05,0.2341,0.2341,795.7,16255,16257,0
SHog_SHW_01.18.2026_LS,SHW,6327,0,false,1,0.02,0.1326,0.1326,4860.7,16286,16286,0
SHog_SHW_01.18.2026_LS,SHW,6328,0,false,1,0.02,0.123,0.123,2950.6,16309,16309,0
SHog_SHW_01.18.2026_LS,SHW,6329,0,false,1,0.02,0.1344,0.1344,733.3,16656,16656,0
SIron_SHW_01.18.2026_LS,SHW,1419,0,false,1,0.02,0.5229,0.5229,2950.6,2957,2957,0
SIron_SHW_01.18.2026_LS,SHW,1423,0,false,5,0.08,0.4013,0.4013,612.2,2977,2981,0
SIron_SHW_01.18.2026_LS,SHW,1439,0,false,3,0.05,0.247,0.247,1278.7,3466,3468,0
SIron_SHW_01.18.2026_LS,SHW,1455,0,false,19,0.32,0.3794,0.4715,1987.3,4022,4040,0
SIron_SHW_01.18.2026_LS,SHW,1463,0,false,1,0.02,0.3486,0.3486,1335.1,4036,4036,0
SIron_SHW_01.18.2026_LS,SHW,1488,0,false,1,0.02,0.6807,0.6807,1662.9,5864,5864,0
SIron_SHW_01.18.2026_LS,SHW,1492,0,false,1,0.02,0.7625,0.7625,1609.7,5872,5872,0
SIron_SHW_01.18.2026_LS,SHW,1539,1,primary,5,0.08,0.4358,0.4358,1689.4,6577,6581,5
SIron_SHW_01.18.2026_LS,SHW,1564,0,false,1,0.02,0.4232,0.4232,1538.7,7814,7814,0
SIron_SHW_01.18.2026_LS,SHW,1569,0,false,4,0.07,0.3837,0.3837,1930.9,7855,7858,0
SIron_SHW_01.18.2026_LS,SHW,1591,0,false,5,0.08,0.3024,0.3024,1018.8,7899,7903,0
SIron_SHW_01.18.2026_LS,SHW,1594,0,false,3,0.05,0.3759,0.3759,692.9,7915,7917,0
SIron_SHW_01.18.2026_LS,SHW,1604,0,false,2,0.03,0.3309,0.3309,935.5,7933,7934,0
SIron_SHW_01.18.2026_LS,SHW,1654,0,false,1,0.02,0.6036,0.6036,1479.1,8056,8056,0
SIron_SHW_01.18.2026_LS,SHW,1664,0,false,5,0.08,0.4672,0.4672,1679.0,8060,8064,0
SIron_SHW_01.18.2026_LS,SHW,1682,0,false,2,0.03,0.338,0.338,2503.3,8070,8071,0
SIron_SHW_01.18.2026_LS,SHW,1693,0,false,1,0.02,0.3901,0.3901,4274.5,8076,8076,0
SIron_SHW_01.18.2026_LS,SHW,1697,0,false,12,0.45,0.5029,0.5914,3913.7,8081,8107,0
SIron_SHW_01.18.2026_LS,SHW,1702,0,false,3,0.05,0.379,0.379,673.3,8086,8088,0
SIron_SHW_01.18.2026_LS,SHW,1708,0,false,6,0.1,0.4142,0.4751,842.9,8092,8097,0
SIron_SHW_01.18.2026_LS,SHW,1713,0,false,15,0.27,0.6609,0.7403,1793.5,8105,8120,0
SIron_SHW_01.18.2026_LS,SHW,1719,0,false,2,0.57,0.5634,0.5634,1336.4,8317,8350,0
SIron_SHW_01.18.2026_LS,SHW,1760,0,false,2,0.03,0.2601,0.2601,1580.7,9485,9486,0
SIron_SHW_01.18.2026_LS,SHW,1761,0,false,1,0.02,0.4775,0.4775,878.2,9499,9499,0
SIron_SHW_01.18.2026_LS,SHW,1766,0,false,10,0.23,0.4371,0.4867,484.6,9596,9609,0
SIron_SHW_01.18.2026_LS,SHW,1775,0,false,1,0.02,0.5524,0.5524,945.2,9643,9643,0
SIron_SHW_01.18.2026_LS,SHW,1820,0,false,1,0.02,0.5216,0.5216,963.2,10947,10947,0
SIron_SHW_01.18.2026_LS,SHW,1836,0,false,11,0.28,0.4716,0.5619,1633.9,11812,11828,0
SIron_SHW_01.18.2026_LS,SHW,1845,0,false,2,0.03,0.3208,0.3208,1528.9,11973,11974,0
SIron_SHW_01.18.2026_LS,SHW,1875,0,false,2,0.03,0.5889,0.5889,913.3,12658,12659,0
SIron_SHW_01.18.2026_LS,SHW,1887,0,false,5,0.08,0.645,0.645,1168.2,12676,12680,0
SIron_SHW_01.18.2026_LS,SHW,1905,0,false,5,0.1,0.504,0.504,6594.8,13581,13586,0
SIron_SHW_01.18.2026_LS,SHW,1913,0,false,15,0.32,0.4543,0.6266,8743.1,13593,13611,0
SIron_SHW_01.18.2026_LS,SHW,1929,0,false,30,0.68,0.5882,0.7155,4889.1,13624,13664,0
SIron_SHW_01.18.2026_LS,SHW,1943,0,false,1,0.02,0.5286,0.5286,1527.2,13821,13821,0
SIron_SHW_01.18.2026_LS,SHW,2039,0,false,1,0.02,0.385,0.385,1393.5,14422,14422,0
SIron_SHW_01.18.2026_LS,SHW,2046,0,false,4,0.07,0.314,0.314,2073.1,14431,14434,0
SIron_SHW_01.18.2026_LS,SHW,2047,0,false,1,0.02,0.5204,0.5204,3212.6,14432,14432,0
SIron_SHW_01.18.2026_LS,SHW,2089,0,false,2,0.03,0.5796,0.5796,1781.8,14544,14545,0
SIron_SHW_01.18.2026_LS,SHW,2091,0,false,6,0.15,0.5529,0.5672,1971.8,14551,14559,0
SIron_SHW_01.18.2026_LS,SHW,2112,0,false,3,0.05,0.5518,0.5518,2477.7,14756,14758,0
SIron_SHW_01.18.2026_LS,SHW,2132,0,false,2,0.03,0.441,0.441,2941.1,14806,14807,0
SIron_SHW_01.18.2026_LS,SHW,3132,0,false,1,0.02,0.2497,0.2497,525.8,34,34,0
SIron_SHW_01.18.2026_LS,SHW,3133,0,false,1,0.02,0.4423,0.4423,1367.8,56,56,0
SIron_SHW_01.18.2026_LS,SHW,3134,0,false,1,0.02,0.1428,0.1428,686.4,171,171,0
SIron_SHW_01.18.2026_LS,SHW,3135,0,false,1,0.02,0.46,0.46,1300.8,260,260,0
SIron_SHW_01.18.2026_LS,SHW,3136,0,false,5,0.4,0.16,0.16,1089.7,299,322,0
SIron_SHW_01.18.2026_LS,SHW,3137,0,false,1,0.02,0.2597,0.2597,2636.8,335,335,0
SIron_SHW_01.18.2026_LS,SHW,3138,0,false,1,0.02,0.1111,0.1111,586.7,1212,1212,0
SIron_SHW_01.18.2026_LS,SHW,3139,0,false,1,0.02,0.1047,0.1047,444.3,1301,1301,0
SIron_SHW_01.18.2026_LS,SHW,3140,0,false,7,0.12,0.2534,0.2895,1371.1,1306,1312,0
SIron_SHW_01.18.2026_LS,SHW,3141,0,false,6,0.25,0.1644,0.1727,424.5,1357,1371,0
SIron_SHW_01.18.2026_LS,SHW,3142,0,false,1,0.02,0.124,0.124,407.6,1382,1382,0
SIron_SHW_01.18.2026_LS,SHW,3143,0,false,2,0.03,0.2408,0.2408,573.6,1437,1438,0
SIron_SHW_01.18.2026_LS,SHW,3144,0,false,2,0.03,0.184,0.184,878.8,1448,1449,0
SIron_SHW_01.18.2026_LS,SHW,3145,0,false,2,0.03,0.1954,0.1954,1016.3,1468,1469,0
SIron_SHW_01.18.2026_LS,SHW,3146,0,false,4,0.08,0.275,0.275,2361.1,1569,1573,0
SIron_SHW_01.18.2026_LS,SHW,3147,0,false,6,0.57,0.1456,0.1541,1911.9,1616,1649,0
SIron_SHW_01.18.2026_LS,SHW,3148,0,false,1,0.02,0.2185,0.2185,2005.4,1626,1626,0
SIron_SHW_01.18.2026_LS,SHW,3149,0,false,4,0.12,0.3972,0.3972,2065.4,1662,1668,0
SIron_SHW_01.18.2026_LS,SHW,3150,0,false,1,0.02,0.5334,0.5334,4066.5,1758,1758,0
SIron_SHW_01.18.2026_LS,SHW,3151,0,false,1,0.02,0.1179,0.1179,1544.4,1789,1789,0
SIron_SHW_01.18.2026_LS,SHW,3152,0,false,3,0.08,0.2651,0.2651,1700.2,2154,2158,0
SIron_SHW_01.18.2026_LS,SHW,3153,0,false,2,0.03,0.3017,0.3017,2780.2,2199,2200,0
SIron_SHW_01.18.2026_LS,SHW,3154,0,false,1,0.02,0.4003,0.4003,2971.7,2258,2258,0
SIron_SHW_01.18.2026_LS,SHW,3155,0,false,3,0.53,0.354,0.354,1056.8,2340,2371,0
SIron_SHW_01.18.2026_LS,SHW,3156,0,false,1,0.02,0.1259,0.1259,684.7,2364,2364,0
SIron_SHW_01.18.2026_LS,SHW,3157,0,false,10,1.02,0.2358,0.308,1284.6,2372,2432,0
SIron_SHW_01.18.2026_LS,SHW,3158,0,false,1,0.02,0.1581,0.1581,706.2,2839,2839,0
SIron_SHW_01.18.2026_LS,SHW,3159,0,false,3,0.37,0.3593,0.3593,1009.3,2860,2881,0
SIron_SHW_01.18.2026_LS,SHW,3160,0,false,1,0.02,0.1438,0.1438,883.4,2872,2872,0
SIron_SHW_01.18.2026_LS,SHW,3161,0,false,1,0.02,0.106,0.106,1141.4,2893,2893,0
SIron_SHW_01.18.2026_LS,SHW,3162,0,false,2,0.03,0.2364,0.2364,641.9,2900,2901,0
SIron_SHW_01.18.2026_LS,SHW,3163,0,false,1,0.02,0.1384,0.1384,1369.9,2904,2904,0
SIron_SHW_01.18.2026_LS,SHW,3164,0,false,11,0.8,0.2394,0.2875,4968.2,2911,2958,0
SIron_SHW_01.18.2026_LS,SHW,3165,0,false,2,0.32,0.2881,0.2881,2116.8,2923,2941,0
SIron_SHW_01.18.2026_LS,SHW,3166,0,false,6,0.22,0.2309,0.2545,637.3,2972,2984,0
SIron_SHW_01.18.2026_LS,SHW,3167,0,false,1,0.02,0.1629,0.1629,2124.4,2982,2982,0
SIron_SHW_01.18.2026_LS,SHW,3168,0,false,3,0.18,0.1606,0.1606,652.6,3028,3038,0
SIron_SHW_01.18.2026_LS,SHW,3169,0,false,3,0.05,0.4829,0.4829,467.5,3315,3317,0
SIron_SHW_01.18.2026_LS,SHW,3170,0,false,2,0.03,0.2891,0.2891,824.1,3321,3322,0
SIron_SHW_01.18.2026_LS,SHW,3171,0,false,14,0.75,0.183,0.2632,1460.3,3446,3490,0
SIron_SHW_01.18.2026_LS,SHW,3172,0,false,1,0.02,0.2175,0.2175,1429.9,3457,3457,0
SIron_SHW_01.18.2026_LS,SHW,3173,0,false,3,0.07,0.239,0.239,1726.3,3477,3480,0
SIron_SHW_01.18.2026_LS,SHW,3174,0,false,1,0.02,0.1268,0.1268,1775.1,3535,3535,0
SIron_SHW_01.18.2026_LS,SHW,3175,0,false,1,0.02,0.1897,0.1897,1368.3,3536,3536,0
SIron_SHW_01.18.2026_LS,SHW,3176,0,false,1,0.02,0.3096,0.3096,1857.2,3549,3549,0
SIron_SHW_01.18.2026_LS,SHW,3177,0,false,2,0.03,0.1978,0.1978,1197.7,3564,3565,0
SIron_SHW_01.18.2026_LS,SHW,3178,0,false,1,0.02,0.1147,0.1147,1588.6,3567,3567,0
SIron_SHW_01.18.2026_LS,SHW,3179,0,false,1,0.02,0.4638,0.4638,1737.3,3616,3616,0
SIron_SHW_01.18.2026_LS,SHW,3180,0,false,1,0.02,0.197,0.197,1858.2,3622,3622,0
SIron_SHW_01.18.2026_LS,SHW,3181,0,false,1,0.02,0.1116,0.1116,1198.2,3670,3670,0
SIron_SHW_01.18.2026_LS,SHW,3182,0,false,1,0.02,0.1503,0.1503,1423.4,3691,3691,0
SIron_SHW_01.18.2026_LS,SHW,3183,0,false,1,0.02,0.1051,0.1051,860.7,3955,3955,0
SIron_SHW_01.18.2026_LS,SHW,3184,0,false,1,0.02,0.1005,0.1005,609.2,3972,3972,0
SIron_SHW_01.18.2026_LS,SHW,3185,0,false,4,0.03,0.2671,0.2671,1381.0,4020,4021,0
SIron_SHW_01.18.2026_LS,SHW,3186,0,false,7,0.38,0.2328,0.2758,1331.1,4318,4340,0
SIron_SHW_01.18.2026_LS,SHW,3187,0,false,5,0.05,0.2467,0.2467,1711.4,4609,4611,0
SIron_SHW_01.18.2026_LS,SHW,3188,0,false,2,0.03,0.2681,0.2681,1463.6,4621,4622,0
SIron_SHW_01.18.2026_LS,SHW,3189,0,false,4,0.12,0.2629,0.2629,1610.2,4642,4648,0
SIron_SHW_01.18.2026_LS,SHW,3190,0,false,2,0.03,0.1317,0.1317,1453.2,4946,4947,0
SIron_SHW_01.18.2026_LS,SHW,3191,0,false,1,0.02,0.1285,0.1285,893.3,5011,5011,0
SIron_SHW_01.18.2026_LS,SHW,3192,0,false,1,0.02,0.1403,0.1403,600.8,5406,5406,0
SIron_SHW_01.18.2026_LS,SHW,3193,0,false,3,0.5,0.1702,0.1702,1902.6,5430,5459,0
SIron_SHW_01.18.2026_LS,SHW,3194,0,false,1,0.02,0.1791,0.1791,2937.3,5436,5436,0
SIron_SHW_01.18.2026_LS,SHW,3195,0,false,2,0.05,0.1703,0.1703,1768.4,5488,5490,0
SIron_SHW_01.18.2026_LS,SHW,3196,0,false,2,0.08,0.1204,0.1204,1467.2,5522,5526,0
SIron_SHW_01.18.2026_LS,SHW,3197,0,false,1,0.02,0.1473,0.1473,607.1,5525,5525,0
SIron_SHW_01.18.2026_LS,SHW,3198,0,false,1,0.02,0.1246,0.1246,1095.0,5530,5530,0
SIron_SHW_01.18.2026_LS,SHW,3199,0,false,1,0.02,0.2361,0.2361,727.1,5624,5624,0
SIron_SHW_01.18.2026_LS,SHW,3200,0,false,1,0.02,0.1361,0.1361,2036.1,5760,5760,0
SIron_SHW_01.18.2026_LS,SHW,3201,0,false,14,0.33,0.5068,0.7153,1414.1,5859,5878,0
SIron_SHW_01.18.2026_LS,SHW,3202,0,false,1,0.02,0.1471,0.1471,858.9,6037,6037,0
SIron_SHW_01.18.2026_LS,SHW,3203,0,false,1,0.02,0.1295,0.1295,1773.0,6069,6069,0
SIron_SHW_01.18.2026_LS,SHW,3204,0,false,29,1.6,0.3859,0.6066,883.7,6185,6280,0
SIron_SHW_01.18.2026_LS,SHW,3205,0,false,2,0.03,0.1336,0.1336,657.7,6219,6220,0
SIron_SHW_01.18.2026_LS,SHW,3206,0,false,2,0.03,0.4551,0.4551,668.1,6224,6225,0
SIron_SHW_01.18.2026_LS,SHW,3207,0,false,3,0.13,0.2121,0.2121,619.3,6245,6252,0
SIron_SHW_01.18.2026_LS,SHW,3208,0,false,5,0.08,0.4583,0.4583,839.0,6250,6254,0
SIron_SHW_01.18.2026_LS,SHW,3209,0,false,5,0.08,0.208,0.208,614.9,6409,6413,0
SIron_SHW_01.18.2026_LS,SHW,3210,0,false,1,0.02,0.1631,0.1631,686.9,6418,6418,0
SIron_SHW_01.18.2026_LS,SHW,3211,0,false,1,0.02,0.132,0.132,743.4,6425,6425,0
SIron_SHW_01.18.2026_LS,SHW,3212,0,duplicate,2,0.03,0.2616,0.2616,1618.2,6542,6543,2
SIron_SHW_01.18.2026_LS,SHW,3213,0,duplicate,4,0.2,0.2154,0.2154,1592.1,6571,6582,4
SIron_SHW_01.18.2026_LS,SHW,3214,0,false,1,0.02,0.1034,0.1034,1882.4,6599,6599,0
SIron_SHW_01.18.2026_LS,SHW,3215,0,false,1,0.02,0.1407,0.1407,828.7,6633,6633,0
SIron_SHW_01.18.2026_LS,SHW,3216,0,false,1,0.02,0.1151,0.1151,1390.6,6715,6715,0
SIron_SHW_01.18.2026_LS,SHW,3217,0,false,1,0.02,0.1188,0.1188,753.2,6808,6808,0
SIron_SHW_01.18.2026_LS,SHW,3218,0,false,6,0.58,0.2299,0.2491,759.4,6821,6855,0
SIron_SHW_01.18.2026_LS,SHW,3219,0,false,1,0.02,0.7102,0.7102,1064.7,6828,6828,0
SIron_SHW_01.18.2026_LS,SHW,3220,0,false,1,0.02,0.6957,0.6957,1285.0,6836,6836,0
SIron_SHW_01.18.2026_LS,SHW,3221,0,false,3,0.03,0.2065,0.2065,954.9,6842,6843,0
SIron_SHW_01.18.2026_LS,SHW,3222,0,false,1,0.02,0.1418,0.1418,1312.5,6844,6844,0
SIron_SHW_01.18.2026_LS,SHW,3223,0,false,1,0.02,0.1637,0.1637,821.2,6865,6865,0
SIron_SHW_01.18.2026_LS,SHW,3224,0,false,1,0.02,0.2419,0.2419,1490.8,7059,7059,0
SIron_SHW_01.18.2026_LS,SHW,3225,0,false,1,0.02,0.1422,0.1422,1872.1,7227,7227,0
SIron_SHW_01.18.2026_LS,SHW,3226,0,false,11,0.2,0.4758,0.6262,1069.7,7263,7274,0
SIron_SHW_01.18.2026_LS,SHW,3227,0,false,1,0.02,0.1181,0.1181,2543.7,7282,7282,0
SIron_SHW_01.18.2026_LS,SHW,3228,0,false,1,0.02,0.3339,0.3339,2382.7,7355,7355,0
SIron_SHW_01.18.2026_LS,SHW,3229,0,false,1,0.02,0.1142,0.1142,767.9,7439,7439,0
SIron_SHW_01.18.2026_LS,SHW,3230,0,false,1,0.02,0.1355,0.1355,824.4,7478,7478,0
SIron_SHW_01.18.2026_LS,SHW,3231,0,false,1,0.02,0.3431,0.3431,906.2,7561,7561,0
SIron_SHW_01.18.2026_LS,SHW,3232,0,false,1,0.02,0.1049,0.1049,1274.0,7731,7731,0
SIron_SHW_01.18.2026_LS,SHW,3233,0,false,1,0.02,0.1198,0.1198,895.7,7786,7786,0
SIron_SHW_01.18.2026_LS,SHW,3234,0,false,1,0.02,0.1005,0.1005,1871.5,7794,7794,0
SIron_SHW_01.18.2026_LS,SHW,3235,0,false,12,0.67,0.1711,0.2397,1081.5,7801,7840,0
SIron_SHW_01.18.2026_LS,SHW,3236,0,false,17,0.67,0.1539,0.2181,1293.6,7849,7888,0
SIron_SHW_01.18.2026_LS,SHW,3237,0,false,17,0.75,0.1691,0.2654,1310.2,7854,7898,0
SIron_SHW_01.18.2026_LS,SHW,3238,0,false,36,2.35,0.2143,0.3724,884.0,7867,8007,0
SIron_SHW_01.18.2026_LS,SHW,3239,0,false,3,0.2,0.2422,0.2422,643.9,7918,7929,0
SIron_SHW_01.18.2026_LS,SHW,3240,0,false,57,2.57,0.2174,0.448,1047.5,7938,8091,0
SIron_SHW_01.18.2026_LS,SHW,3241,0,false,42,1.93,0.19,0.3542,987.7,7974,8089,0
SIron_SHW_01.18.2026_LS,SHW,3242,0,false,18,1.65,0.2442,0.3329,2157.9,7992,8090,0
SIron_SHW_01.18.2026_LS,SHW,3243,0,false,3,0.23,0.2784,0.2784,1387.1,8091,8104,0
SIron_SHW_01.18.2026_LS,SHW,3244,0,false,2,0.03,0.2095,0.2095,2887.0,8103,8104,0
SIron_SHW_01.18.2026_LS,SHW,3245,0,false,2,0.12,0.1643,0.1643,970.4,8160,8166,0
SIron_SHW_01.18.2026_LS,SHW,3246,0,false,38,1.05,0.5486,0.7179,1437.6,8313,8375,0
SIron_SHW_01.18.2026_LS,SHW,3247,0,false,1,0.02,0.1097,0.1097,371.3,8329,8329,0
SIron_SHW_01.18.2026_LS,SHW,3248,0,false,1,0.02,0.1352,0.1352,1157.4,8339,8339,0
SIron_SHW_01.18.2026_LS,SHW,3249,0,false,1,0.02,0.1008,0.1008,1118.4,8344,8344,0
SIron_SHW_01.18.2026_LS,SHW,3250,0,false,1,0.02,0.2248,0.2248,1997.8,8357,8357,0
SIron_SHW_01.18.2026_LS,SHW,3251,0,false,3,0.05,0.1668,0.1668,433.9,8532,8534,0
SIron_SHW_01.18.2026_LS,SHW,3252,0,false,2,0.03,0.1053,0.1053,949.4,8546,8547,0
SIron_SHW_01.18.2026_LS,SHW,3253,0,false,2,0.03,0.1318,0.1318,411.6,8739,8740,0
SIron_SHW_01.18.2026_LS,SHW,3254,0,false,2,0.1,0.2883,0.2883,2212.9,9384,9389,0
SIron_SHW_01.18.2026_LS,SHW,3255,0,false,12,1.6,0.2605,0.4195,1372.6,9439,9534,0
SIron_SHW_01.18.2026_LS,SHW,3256,0,false,1,0.02,0.1618,0.1618,1227.3,9511,9511,0
SIron_SHW_01.18.2026_LS,SHW,3257,0,false,6,0.28,0.2506,0.2776,642.2,9591,9607,0
SIron_SHW_01.18.2026_LS,SHW,3258,0,false,1,0.02,0.1887,0.1887,2765.1,9620,9620,0
SIron_SHW_01.18.2026_LS,SHW,3259,0,false,3,0.07,0.2354,0.2354,1104.6,9623,9626,0
SIron_SHW_01.18.2026_LS,SHW,3260,0,false,7,0.15,0.2293,0.2715,850.8,9634,9642,0
SIron_SHW_01.18.2026_LS,SHW,3261,0,false,3,0.07,0.1886,0.1886,1054.6,9657,9660,0
SIron_SHW_01.18.2026_LS,SHW,3262,0,false,1,0.02,0.1448,0.1448,1708.5,9673,9673,0
SIron_SHW_01.18.2026_LS,SHW,3263,0,false,2,0.1,0.1127,0.1127,1934.8,9686,9691,0
SIron_SHW_01.18.2026_LS,SHW,3264,0,false,1,0.02,0.1672,0.1672,1222.5,9699,9699,0
SIron_SHW_01.18.2026_LS,SHW,3265,0,false,1,0.02,0.3275,0.3275,1772.6,9896,9896,0
SIron_SHW_01.18.2026_LS,SHW,3266,0,false,2,0.03,0.3432,0.3432,1420.3,9911,9912,0
SIron_SHW_01.18.2026_LS,SHW,3267,0,false,1,0.02,0.287,0.287,2560.9,10037,10037,0
SIron_SHW_01.18.2026_LS,SHW,3268,0,false,1,0.02,0.2217,0.2217,1617.8,10057,10057,0
SIron_SHW_01.18.2026_LS,SHW,3269,0,false,1,0.02,0.2228,0.2228,800.8,10120,10120,0
SIron_SHW_01.18.2026_LS,SHW,3270,0,false,16,0.32,0.3498,0.5346,976.5,10138,10156,0
SIron_SHW_01.18.2026_LS,SHW,3271,0,false,1,0.02,0.1232,0.1232,831.7,10139,10139,0
SIron_SHW_01.18.2026_LS,SHW,3272,0,false,1,0.02,0.3428,0.3428,961.3,10213,10213,0
SIron_SHW_01.18.2026_LS,SHW,3273,0,false,5,0.12,0.1613,0.1613,1608.3,10227,10233,0
SIron_SHW_01.18.2026_LS,SHW,3274,0,false,1,0.02,0.1469,0.1469,2304.3,10689,10689,0
SIron_SHW_01.18.2026_LS,SHW,3275,0,false,14,0.27,0.5795,0.7048,905.8,10706,10721,0
SIron_SHW_01.18.2026_LS,SHW,3276,0,false,1,0.02,0.3188,0.3188,2142.8,10720,10720,0
SIron_SHW_01.18.2026_LS,SHW,3277,0,false,1,0.02,0.3186,0.3186,1362.7,10842,10842,0
SIron_SHW_01.18.2026_LS,SHW,3278,0,false,3,0.4,0.24,0.24,1702.0,10933,10956,0
SIron_SHW_01.18.2026_LS,SHW,3279,0,false,2,0.03,0.2204,0.2204,1765.0,10997,10998,0
SIron_SHW_01.18.2026_LS,SHW,3280,0,false,2,0.02,0.1882,0.1882,1336.7,11035,11035,0
SIron_SHW_01.18.2026_LS,SHW,3281,0,false,14,0.28,0.2931,0.5059,863.5,11279,11295,0
SIron_SHW_01.18.2026_LS,SHW,3282,0,false,1,0.02,0.1248,0.1248,726.9,11300,11300,0
SIron_SHW_01.18.2026_LS,SHW,3283,0,false,1,0.02,0.1212,0.1212,1789.1,11632,11632,0
SIron_SHW_01.18.2026_LS,SHW,3284,0,false,6,0.78,0.241,0.2513,1438.3,11808,11854,0
SIron_SHW_01.18.2026_LS,SHW,3285,0,false,6,0.62,0.3173,0.3539,1395.3,11896,11932,0
SIron_SHW_01.18.2026_LS,SHW,3286,0,false,1,0.02,0.2627,0.2627,1474.1,11972,11972,0
SIron_SHW_01.18.2026_LS,SHW,3287,0,false,2,0.05,0.3004,0.3004,2344.4,11992,11994,0
SIron_SHW_01.18.2026_LS,SHW,3288,0,false,1,0.02,0.1447,0.1447,1543.2,12048,12048,0
SIron_SHW_01.18.2026_LS,SHW,3289,0,false,1,0.02,0.1473,0.1473,1444.9,12162,12162,0
SIron_SHW_01.18.2026_LS,SHW,3290,0,false,3,0.37,0.1845,0.1845,727.6,12183,12204,0
SIron_SHW_01.18.2026_LS,SHW,3291,0,false,1,0.02,0.1837,0.1837,552.5,12206,12206,0
SIron_SHW_01.18.2026_LS,SHW,3292,0,false,15,0.17,0.2263,0.344,1417.3,12213,12222,0
SIron_SHW_01.18.2026_LS,SHW,3293,0,false,1,0.02,0.2901,0.2901,556.6,12219,12219,0
SIron_SHW_01.18.2026_LS,SHW,3294,0,false,1,0.02,0.1172,0.1172,1488.6,12248,12248,0
SIron_SHW_01.18.2026_LS,SHW,3295,0,false,1,0.02,0.2416,0.2416,1503.6,12260,12260,0
SIron_SHW_01.18.2026_LS,SHW,3296,0,false,1,0.02,0.1062,0.1062,337.6,12298,12298,0
SIron_SHW_01.18.2026_LS,SHW,3297,0,false,2,0.35,0.3568,0.3568,2084.3,12504,12524,0
SIron_SHW_01.18.2026_LS,SHW,3298,0,false,1,0.02,0.1122,0.1122,1802.9,12510,12510,0
SIron_SHW_01.18.2026_LS,SHW,3299,0,false,1,0.02,0.1537,0.1537,1267.9,12578,12578,0
SIron_SHW_01.18.2026_LS,SHW,3300,0,false,5,0.12,0.3794,0.3794,814.8,12635,12641,0
SIron_SHW_01.18.2026_LS,SHW,3301,0,false,1,0.02,0.4382,0.4382,1372.4,12638,12638,0
SIron_SHW_01.18.2026_LS,SHW,3302,0,false,20,0.43,0.4107,0.6136,952.3,12650,12675,0
SIron_SHW_01.18.2026_LS,SHW,3303,0,false,2,0.03,0.1638,0.1638,1739.2,12775,12776,0
SIron_SHW_01.18.2026_LS,SHW,3304,0,false,1,0.02,0.1452,0.1452,1612.7,12822,12822,0
SIron_SHW_01.18.2026_LS,SHW,3305,0,false,3,0.05,0.2034,0.2034,2825.3,12844,12846,0
SIron_SHW_01.18.2026_LS,SHW,3306,0,false,2,0.03,0.2971,0.2971,832.7,12846,12847,0
SIron_SHW_01.18.2026_LS,SHW,3307,0,false,1,0.02,0.2741,0.2741,2442.2,12921,12921,0
SIron_SHW_01.18.2026_LS,SHW,3308,0,false,1,0.02,0.3835,0.3835,1591.7,13060,13060,0
SIron_SHW_01.18.2026_LS,SHW,3309,0,false,1,0.02,0.2049,0.2049,2063.1,13065,13065,0
SIron_SHW_01.18.2026_LS,SHW,3310,0,false,1,0.02,0.1817,0.1817,880.8,13218,13218,0
SIron_SHW_01.18.2026_LS,SHW,3311,0,false,2,0.03,0.3959,0.3959,1892.9,13378,13379,0
SIron_SHW_01.18.2026_LS,SHW,3312,0,false,1,0.02,0.1932,0.1932,1778.1,13394,13394,0
SIron_SHW_01.18.2026_LS,SHW,3313,0,false,2,0.03,0.3846,0.3846,1394.9,13432,13433,0
SIron_SHW_01.18.2026_LS,SHW,3314,0,false,35,1.48,0.2795,0.5971,5744.4,13570,13658,0
SIron_SHW_01.18.2026_LS,SHW,3315,0,false,1,0.02,0.1242,0.1242,1725.9,13674,13674,0
SIron_SHW_01.18.2026_LS,SHW,3316,0,false,1,0.02,0.2569,0.2569,409.0,13700,13700,0
SIron_SHW_01.18.2026_LS,SHW,3317,0,false,1,0.02,0.2644,0.2644,1868.9,13705,13705,0
SIron_SHW_01.18.2026_LS,SHW,3318,0,false,1,0.02,0.1385,0.1385,1876.6,13731,13731,0
SIron_SHW_01.18.2026_LS,SHW,3319,0,false,12,0.45,0.2069,0.2987,1361.4,13811,13837,0
SIron_SHW_01.18.2026_LS,SHW,3320,0,false,47,1.45,0.2859,0.5376,1001.9,13859,13945,0
SIron_SHW_01.18.2026_LS,SHW,3321,0,false,4,0.33,0.2164,0.2164,996.3,13861,13880,0
SIron_SHW_01.18.2026_LS,SHW,3322,0,false,3,0.03,0.1802,0.1802,1645.9,13905,13906,0
SIron_SHW_01.18.2026_LS,SHW,3323,0,false,5,0.43,0.1539,0.1539,1439.7,13907,13932,0
SIron_SHW_01.18.2026_LS,SHW,3324,0,false,13,0.88,0.3868,0.6171,839.7,13912,13964,0
SIron_SHW_01.18.2026_LS,SHW,3325,0,false,5,0.18,0.4361,0.4361,821.0,13925,13935,0
SIron_SHW_01.18.2026_LS,SHW,3326,0,false,1,0.02,0.1956,0.1956,720.4,13927,13927,0
SIron_SHW_01.18.2026_LS,SHW,3327,0,false,2,0.17,0.2038,0.2038,1785.7,13947,13956,0
SIron_SHW_01.18.2026_LS,SHW,3328,0,false,1,0.02,0.3215,0.3215,1900.4,13948,13948,0
SIron_SHW_01.18.2026_LS,SHW,3329,0,false,1,0.02,0.1536,0.1536,1664.2,13989,13989,0
SIron_SHW_01.18.2026_LS,SHW,3330,0,false,3,0.18,0.2358,0.2358,2312.0,14006,14016,0
SIron_SHW_01.18.2026_LS,SHW,3331,0,false,5,0.35,0.3086,0.3086,3047.8,14012,14032,0
SIron_SHW_01.18.2026_LS,SHW,3332,0,false,2,0.2,0.3349,0.3349,3592.6,14066,14077,0
SIron_SHW_01.18.2026_LS,SHW,3333,0,false,2,0.27,0.1317,0.1317,1972.3,14175,14190,0
SIron_SHW_01.18.2026_LS,SHW,3334,0,false,1,0.02,0.1363,0.1363,411.7,14190,14190,0
SIron_SHW_01.18.2026_LS,SHW,3335,0,false,1,0.02,0.1128,0.1128,710.6,14191,14191,0
SIron_SHW_01.18.2026_LS,SHW,3336,0,false,1,0.02,0.2022,0.2022,589.2,14198,14198,0
SIron_SHW_01.18.2026_LS,SHW,3337,0,false,1,0.02,0.1114,0.1114,1302.8,14199,14199,0
SIron_SHW_01.18.2026_LS,SHW,3338,0,false,1,0.02,0.1004,0.1004,524.6,14226,14226,0
SIron_SHW_01.18.2026_LS,SHW,3339,0,false,1,0.02,0.1384,0.1384,3076.2,14233,14233,0
SIron_SHW_01.18.2026_LS,SHW,3340,0,false,2,0.03,0.1497,0.1497,1821.4,14251,14252,0
SIron_SHW_01.18.2026_LS,SHW,3341,0,false,1,0.02,0.2099,0.2099,2260.2,14270,14270,0
SIron_SHW_01.18.2026_LS,SHW,3342,0,false,6,0.42,0.1956,0.2144,829.3,14303,14327,0
SIron_SHW_01.18.2026_LS,SHW,3343,0,false,2,0.43,0.1653,0.1653,1350.2,14308,14333,0
SIron_SHW_01.18.2026_LS,SHW,3344,0,false,1,0.02,0.187,0.187,982.6,14324,14324,0
SIron_SHW_01.18.2026_LS,SHW,3345,0,false,2,0.03,0.2564,0.2564,1762.4,14339,14340,0
SIron_SHW_01.18.2026_LS,SHW,3346,0,false,32,1.8,0.2396,0.5045,2543.5,14374,14481,0
SIron_SHW_01.18.2026_LS,SHW,3347,0,false,6,0.42,0.2497,0.2753,1839.4,14421,14445,0
SIron_SHW_01.18.2026_LS,SHW,3348,0,false,32,2.0,0.2388,0.5296,2351.0,14439,14558,0
SIron_SHW_01.18.2026_LS,SHW,3349,0,false,2,0.32,0.1643,0.1643,2165.6,14459,14477,0
SIron_SHW_01.18.2026_LS,SHW,3350,0,false,12,1.58,0.2421,0.359,2601.4,14462,14556,0
SIron_SHW_01.18.2026_LS,SHW,3351,0,false,3,0.13,0.1664,0.1664,700.6,14462,14469,0
SIron_SHW_01.18.2026_LS,SHW,3352,0,false,1,0.02,0.1122,0.1122,1326.5,14520,14520,0
SIron_SHW_01.18.2026_LS,SHW,3353,0,false,7,0.38,0.1787,0.2057,1957.6,14580,14602,0
SIron_SHW_01.18.2026_LS,SHW,3354,0,false,1,0.02,0.1836,0.1836,722.1,14625,14625,0
SIron_SHW_01.18.2026_LS,SHW,3355,0,false,5,0.07,0.2006,0.2006,1002.0,14678,14681,0
SIron_SHW_01.18.2026_LS,SHW,3356,0,false,34,2.22,0.2607,0.5845,2647.2,14712,14844,0
SIron_SHW_01.18.2026_LS,SHW,3357,0,false,3,0.42,0.5482,0.5482,2428.1,14781,14805,0
SIron_SHW_01.18.2026_LS,SHW,3358,0,false,2,0.12,0.3179,0.3179,1514.3,14793,14799,0
SIron_SHW_01.18.2026_LS,SHW,3359,0,false,13,1.9,0.2471,0.3664,1413.2,14842,14955,0
SIron_SHW_01.18.2026_LS,SHW,3360,0,false,1,0.02,0.5798,0.5798,2142.3,14850,14850,0
SIron_SHW_01.18.2026_LS,SHW,3361,0,false,1,0.02,0.1649,0.1649,408.5,14867,14867,0
SIron_SHW_01.18.2026_LS,SHW,3362,0,false,7,0.77,0.2285,0.2723,2759.3,14884,14929,0
SIron_SHW_01.18.2026_LS,SHW,3363,0,false,1,0.02,0.1338,0.1338,520.0,14893,14893,0
SIron_SHW_01.18.2026_LS,SHW,3364,0,false,1,0.02,0.1672,0.1672,726.3,14899,14899,0
SIron_SHW_01.18.2026_LS,SHW,3365,0,false,1,0.02,0.2219,0.2219,2357.3,14974,14974,0
SIron_SHW_01.18.2026_LS,SHW,3366,0,false,4,0.03,0.137,0.137,759.4,14977,14978,0
SIron_SHW_01.18.2026_LS,SHW,3367,0,false,7,0.95,0.2861,0.354,1473.3,15033,15089,0
SIron_SHW_01.18.2026_LS,SHW,3368,0,false,1,0.02,0.3683,0.3683,489.7,15034,15034,0
SIron_SHW_01.18.2026_LS,SHW,3369,0,false,3,0.43,0.1669,0.1669,2013.1,15065,15090,0
SIron_SHW_01.18.2026_LS,SHW,3370,0,false,2,0.05,0.1322,0.1322,2189.5,15179,15181,0
SIron_SHW_01.18.2026_LS,SHW,3371,0,false,1,0.02,0.3704,0.3704,1756.7,15202,15202,0
SIron_SHW_01.18.2026_LS,SHW,3372,0,false,4,0.07,0.2622,0.2622,781.8,15212,15215,0
SIron_SHW_01.18.2026_LS,SHW,3373,0,false,9,1.6,0.192,0.2439,1623.6,15247,15342,0
SIron_SHW_01.18.2026_LS,SHW,3374,0,false,2,0.22,0.1687,0.1687,819.1,15265,15277,0
SIron_SHW_01.18.2026_LS,SHW,3375,0,false,1,0.02,0.4933,0.4933,1186.4,15485,15485,0
SIron_SHW_01.18.2026_LS,SHW,3376,0,false,4,0.52,0.3442,0.3442,1069.7,15660,15690,0
SIron_SHW_01.18.2026_LS,SHW,3377,0,false,1,0.02,0.2896,0.2896,1800.3,15686,15686,0
SIron_SHW_01.18.2026_LS,SHW,3378,0,false,1,0.02,0.1164,0.1164,1002.3,15731,15731,0
TouchofNatureRd_TON_12.03.25_LS,TON,4618,0,false,1,0.02,0.3962,0.3962,490.0,275,275,0
TouchofNatureRd_TON_12.03.25_LS,TON,4643,0,false,1,0.02,0.4919,0.4919,962.0,1897,1897,0
TouchofNatureRd_TON_12.03.25_LS,TON,4653,0,false,2,0.03,0.3735,0.3735,882.4,1936,1937,0
TouchofNatureRd_TON_12.03.25_LS,TON,4662,0,false,2,0.03,0.4006,0.4006,1481.9,1959,1960,0
TouchofNatureRd_TON_12.03.25_LS,TON,4669,0,false,2,0.03,0.3564,0.3564,1420.7,2002,2003,0
TouchofNatureRd_TON_12.03.25_LS,TON,4672,0,false,10,0.22,0.3936,0.5057,1685.7,2019,2031,0
TouchofNatureRd_TON_12.03.25_LS,TON,4679,0,false,1,0.02,0.3967,0.3967,1101.5,2038,2038,0
TouchofNatureRd_TON_12.03.25_LS,TON,4682,0,false,5,0.08,0.4161,0.4161,1222.5,2046,2050,0
TouchofNatureRd_TON_12.03.25_LS,TON,4684,0,false,1,0.02,0.3523,0.3523,1094.8,2047,2047,0
TouchofNatureRd_TON_12.03.25_LS,TON,4693,0,false,1,0.02,0.5497,0.5497,1781.7,2095,2095,0
TouchofNatureRd_TON_12.03.25_LS,TON,4697,0,false,2,0.03,0.4372,0.4372,1211.2,2172,2173,0
TouchofNatureRd_TON_12.03.25_LS,TON,4702,0,false,1,0.02,0.417,0.417,878.5,2188,2188,0
TouchofNatureRd_TON_12.03.25_LS,TON,4706,0,false,1,0.02,0.3778,0.3778,1610.7,2202,2202,0
TouchofNatureRd_TON_12.03.25_LS,TON,4735,0,duplicate,2,0.03,0.4791,0.4791,648.1,2718,2719,2
TouchofNatureRd_TON_12.03.25_LS,TON,4745,1,primary,23,0.42,0.4998,0.6407,1109.3,2730,2754,23
TouchofNatureRd_TON_12.03.25_LS,TON,4754,0,duplicate,3,0.05,0.504,0.504,845.4,2789,2791,3
TouchofNatureRd_TON_12.03.25_LS,TON,4756,0,false,1,0.02,0.5163,0.5163,465.9,2794,2794,0
TouchofNatureRd_TON_12.03.25_LS,TON,4759,0,false,3,0.05,0.3827,0.3827,1633.8,2898,2900,0
TouchofNatureRd_TON_12.03.25_LS,TON,4780,0,false,1,0.02,0.4749,0.4749,872.8,7151,7151,0
TouchofNatureRd_TON_12.03.25_LS,TON,4782,0,false,2,0.03,0.4312,0.4312,825.8,7154,7155,0
TouchofNatureRd_TON_12.03.25_LS,TON,4783,0,false,3,0.13,0.5099,0.5099,473.5,7253,7260,0
TouchofNatureRd_TON_12.03.25_LS,TON,4788,0,false,9,0.28,0.3421,0.3781,640.7,7343,7359,0
TouchofNatureRd_TON_12.03.25_LS,TON,4819,0,false,5,0.08,0.336,0.336,861.3,7810,7814,0
TouchofNatureRd_TON_12.03.25_LS,TON,4823,0,false,8,0.15,0.4627,0.5307,857.9,7831,7839,0
TouchofNatureRd_TON_12.03.25_LS,TON,4865,0,false,5,0.08,0.333,0.333,1300.3,9724,9728,0
TouchofNatureRd_TON_12.03.25_LS,TON,5865,0,false,2,0.22,0.132,0.132,550.2,115,127,0
TouchofNatureRd_TON_12.03.25_LS,TON,5866,0,false,2,0.02,0.1608,0.1608,472.5,119,119,0
TouchofNatureRd_TON_12.03.25_LS,TON,5867,0,false,3,0.18,0.1236,0.1236,567.9,226,236,0
TouchofNatureRd_TON_12.03.25_LS,TON,5868,0,false,3,0.23,0.1474,0.1474,510.8,273,286,0
TouchofNatureRd_TON_12.03.25_LS,TON,5869,0,false,1,0.02,0.1037,0.1037,589.4,298,298,0
TouchofNatureRd_TON_12.03.25_LS,TON,5870,0,false,3,0.03,0.1329,0.1329,722.6,329,330,0
TouchofNatureRd_TON_12.03.25_LS,TON,5871,0,false,4,0.07,0.3418,0.3418,810.5,330,333,0
TouchofNatureRd_TON_12.03.25_LS,TON,5872,0,false,1,0.02,0.2185,0.2185,869.1,505,505,0
TouchofNatureRd_TON_12.03.25_LS,TON,5873,0,false,1,0.02,0.1362,0.1362,801.8,554,554,0
TouchofNatureRd_TON_12.03.25_LS,TON,5874,0,false,1,0.02,0.1205,0.1205,654.3,734,734,0
TouchofNatureRd_TON_12.03.25_LS,TON,5875,0,false,3,0.08,0.1888,0.1888,1063.4,917,921,0
TouchofNatureRd_TON_12.03.25_LS,TON,5876,0,false,1,0.02,0.1466,0.1466,764.4,1028,1028,0
TouchofNatureRd_TON_12.03.25_LS,TON,5877,0,false,1,0.02,0.1913,0.1913,1765.1,1052,1052,0
TouchofNatureRd_TON_12.03.25_LS,TON,5878,0,false,1,0.02,0.1239,0.1239,880.7,1291,1291,0
TouchofNatureRd_TON_12.03.25_LS,TON,5879,0,false,5,0.13,0.2159,0.2159,682.0,1316,1323,0
TouchofNatureRd_TON_12.03.25_LS,TON,5880,0,false,1,0.02,0.19,0.19,617.4,1341,1341,0
TouchofNatureRd_TON_12.03.25_LS,TON,5881,0,false,1,0.02,0.183,0.183,677.1,1350,1350,0
TouchofNatureRd_TON_12.03.25_LS,TON,5882,0,false,1,0.02,0.1317,0.1317,1072.7,1402,1402,0
TouchofNatureRd_TON_12.03.25_LS,TON,5883,0,false,19,1.67,0.1972,0.302,1023.3,1848,1947,0
TouchofNatureRd_TON_12.03.25_LS,TON,5884,0,false,2,0.03,0.1056,0.1056,960.9,1880,1881,0
TouchofNatureRd_TON_12.03.25_LS,TON,5885,0,false,14,1.25,0.2085,0.315,1216.2,1907,1981,0
TouchofNatureRd_TON_12.03.25_LS,TON,5886,0,false,19,1.18,0.1686,0.2869,1019.4,1930,2000,0
TouchofNatureRd_TON_12.03.25_LS,TON,5887,0,false,1,0.02,0.1704,0.1704,894.4,1938,1938,0
TouchofNatureRd_TON_12.03.25_LS,TON,5888,0,false,2,0.03,0.2242,0.2242,1019.4,1956,1957,0
TouchofNatureRd_TON_12.03.25_LS,TON,5889,0,false,16,0.97,0.1741,0.2405,1616.0,1972,2029,0
TouchofNatureRd_TON_12.03.25_LS,TON,5890,0,false,2,0.13,0.1048,0.1048,1166.1,1983,1990,0
TouchofNatureRd_TON_12.03.25_LS,TON,5891,0,false,20,1.05,0.1951,0.3276,1139.3,2032,2094,0
TouchofNatureRd_TON_12.03.25_LS,TON,5892,0,false,4,0.07,0.1731,0.1731,921.3,2039,2042,0
TouchofNatureRd_TON_12.03.25_LS,TON,5893,0,false,1,0.02,0.1424,0.1424,635.3,2057,2057,0
TouchofNatureRd_TON_12.03.25_LS,TON,5894,0,false,5,0.2,0.1822,0.1822,970.3,2070,2081,0
TouchofNatureRd_TON_12.03.25_LS,TON,5895,0,false,32,2.82,0.2017,0.3596,1195.1,2129,2297,0
TouchofNatureRd_TON_12.03.25_LS,TON,5896,0,false,1,0.02,0.1306,0.1306,892.9,2134,2134,0
TouchofNatureRd_TON_12.03.25_LS,TON,5897,0,false,3,0.07,0.2334,0.2334,892.4,2187,2190,0
TouchofNatureRd_TON_12.03.25_LS,TON,5898,0,false,3,0.17,0.1699,0.1699,726.0,2214,2223,0
TouchofNatureRd_TON_12.03.25_LS,TON,5899,0,false,3,0.05,0.2793,0.2793,1166.0,2224,2226,0
TouchofNatureRd_TON_12.03.25_LS,TON,5900,0,false,6,0.13,0.1764,0.1883,701.3,2298,2305,0
TouchofNatureRd_TON_12.03.25_LS,TON,5901,0,false,3,0.23,0.164,0.164,1346.9,2331,2344,0
TouchofNatureRd_TON_12.03.25_LS,TON,5902,0,false,1,0.02,0.1169,0.1169,1572.3,2352,2352,0
TouchofNatureRd_TON_12.03.25_LS,TON,5903,0,false,1,0.02,0.132,0.132,1121.4,2387,2387,0
TouchofNatureRd_TON_12.03.25_LS,TON,5904,0,false,1,0.02,0.1509,0.1509,1042.9,2400,2400,0
TouchofNatureRd_TON_12.03.25_LS,TON,5905,0,false,1,0.02,0.1407,0.1407,1579.7,2418,2418,0
TouchofNatureRd_TON_12.03.25_LS,TON,5906,0,false,1,0.02,0.1468,0.1468,594.3,2476,2476,0
TouchofNatureRd_TON_12.03.25_LS,TON,5907,0,duplicate,18,0.47,0.2825,0.3823,837.9,2711,2738,16
TouchofNatureRd_TON_12.03.25_LS,TON,5908,0,duplicate,1,0.02,0.2084,0.2084,904.8,2755,2755,1
TouchofNatureRd_TON_12.03.25_LS,TON,5909,0,duplicate,12,0.27,0.3727,0.4947,507.6,2781,2796,8
TouchofNatureRd_TON_12.03.25_LS,TON,5910,0,false,1,0.02,0.1,0.1,1216.9,2862,2862,0
TouchofNatureRd_TON_12.03.25_LS,TON,5911,0,false,1,0.02,0.1188,0.1188,1068.1,2868,2868,0
TouchofNatureRd_TON_12.03.25_LS,TON,5912,0,false,2,0.1,0.2035,0.2035,1488.3,2897,2902,0
TouchofNatureRd_TON_12.03.25_LS,TON,5913,0,false,1,0.02,0.1349,0.1349,836.9,3343,3343,0
TouchofNatureRd_TON_12.03.25_LS,TON,5914,0,false,1,0.02,0.1435,0.1435,782.8,4105,4105,0
TouchofNatureRd_TON_12.03.25_LS,TON,5915,0,false,1,0.02,0.1857,0.1857,912.6,4115,4115,0
TouchofNatureRd_TON_12.03.25_LS,TON,5916,0,false,1,0.02,0.1172,0.1172,407.3,4326,4326,0
TouchofNatureRd_TON_12.03.25_LS,TON,5917,0,false,1,0.02,0.3628,0.3628,602.4,4785,4785,0
TouchofNatureRd_TON_12.03.25_LS,TON,5918,0,false,2,0.08,0.117,0.117,624.9,4963,4967,0
TouchofNatureRd_TON_12.03.25_LS,TON,5919,0,false,1,0.02,0.1848,0.1848,442.9,5102,5102,0
TouchofNatureRd_TON_12.03.25_LS,TON,5920,0,false,1,0.02,0.1101,0.1101,623.3,5325,5325,0
TouchofNatureRd_TON_12.03.25_LS,TON,5921,0,false,1,0.02,0.102,0.102,718.1,5579,5579,0
TouchofNatureRd_TON_12.03.25_LS,TON,5922,0,false,1,0.02,0.106,0.106,270.5,5734,5734,0
TouchofNatureRd_TON_12.03.25_LS,TON,5923,0,false,1,0.02,0.1316,0.1316,1499.1,5834,5834,0
TouchofNatureRd_TON_12.03.25_LS,TON,5924,0,false,1,0.02,0.2165,0.2165,891.6,5852,5852,0
TouchofNatureRd_TON_12.03.25_LS,TON,5925,0,false,1,0.02,0.1293,0.1293,822.2,5925,5925,0
TouchofNatureRd_TON_12.03.25_LS,TON,5926,0,false,1,0.02,0.124,0.124,337.5,6053,6053,0
TouchofNatureRd_TON_12.03.25_LS,TON,5927,0,false,1,0.02,0.1247,0.1247,1214.8,6332,6332,0
TouchofNatureRd_TON_12.03.25_LS,TON,5928,0,false,1,0.02,0.1703,0.1703,277.7,6341,6341,0
TouchofNatureRd_TON_12.03.25_LS,TON,5929,0,false,6,0.1,0.2218,0.2392,667.3,6353,6358,0
TouchofNatureRd_TON_12.03.25_LS,TON,5930,0,false,2,0.03,0.1893,0.1893,761.1,6515,6516,0
TouchofNatureRd_TON_12.03.25_LS,TON,5931,0,false,2,0.03,0.1157,0.1157,924.8,6642,6643,0
TouchofNatureRd_TON_12.03.25_LS,TON,5932,0,false,1,0.02,0.1485,0.1485,1140.0,6647,6647,0
TouchofNatureRd_TON_12.03.25_LS,TON,5933,0,false,5,0.08,0.3695,0.3695,743.0,6921,6925,0
TouchofNatureRd_TON_12.03.25_LS,TON,5934,0,false,1,0.02,0.134,0.134,676.4,6956,6956,0
TouchofNatureRd_TON_12.03.25_LS,TON,5935,0,false,2,0.08,0.3335,0.3335,992.1,7132,7136,0
TouchofNatureRd_TON_12.03.25_LS,TON,5936,0,false,5,0.1,0.3193,0.3193,873.2,7148,7153,0
TouchofNatureRd_TON_12.03.25_LS,TON,5937,0,false,5,0.23,0.1223,0.1223,540.4,7246,7259,0
TouchofNatureRd_TON_12.03.25_LS,TON,5938,0,false,1,0.02,0.1619,0.1619,470.5,7252,7252,0
TouchofNatureRd_TON_12.03.25_LS,TON,5939,0,false,1,0.02,0.1505,0.1505,615.8,7315,7315,0
TouchofNatureRd_TON_12.03.25_LS,TON,5940,0,false,10,0.65,0.162,0.201,626.2,7320,7358,0
TouchofNatureRd_TON_12.03.25_LS,TON,5941,0,false,1,0.02,0.109,0.109,410.1,7334,7334,0
TouchofNatureRd_TON_12.03.25_LS,TON,5942,0,false,2,0.03,0.1158,0.1158,792.4,7338,7339,0
TouchofNatureRd_TON_12.03.25_LS,TON,5943,0,false,2,0.03,0.1609,0.1609,594.0,7402,7403,0
TouchofNatureRd_TON_12.03.25_LS,TON,5944,0,false,1,0.02,0.3155,0.3155,777.3,7446,7446,0
TouchofNatureRd_TON_12.03.25_LS,TON,5945,0,false,2,0.03,0.163,0.163,1375.6,7473,7474,0
TouchofNatureRd_TON_12.03.25_LS,TON,5946,0,false,6,0.18,0.1642,0.1732,647.3,7489,7499,0
TouchofNatureRd_TON_12.03.25_LS,TON,5947,0,false,1,0.02,0.1716,0.1716,553.9,7532,7532,0
TouchofNatureRd_TON_12.03.25_LS,TON,5948,0,false,4,0.1,0.1481,0.1481,639.3,7554,7559,0
TouchofNatureRd_TON_12.03.25_LS,TON,5949,0,false,2,0.03,0.1708,0.1708,273.3,7567,7568,0
TouchofNatureRd_TON_12.03.25_LS,TON,5950,0,false,1,0.02,0.1198,0.1198,745.4,7567,7567,0
TouchofNatureRd_TON_12.03.25_LS,TON,5951,0,false,4,0.05,0.1557,0.1557,471.2,7609,7611,0
TouchofNatureRd_TON_12.03.25_LS,TON,5952,0,false,3,0.03,0.1457,0.1457,397.9,7652,7653,0
TouchofNatureRd_TON_12.03.25_LS,TON,5953,0,false,2,0.03,0.1462,0.1462,452.7,7654,7655,0
TouchofNatureRd_TON_12.03.25_LS,TON,5954,0,false,2,0.05,0.1486,0.1486,593.0,7735,7737,0
TouchofNatureRd_TON_12.03.25_LS,TON,5955,0,false,16,0.98,0.1676,0.2595,691.1,7772,7830,0
TouchofNatureRd_TON_12.03.25_LS,TON,5956,0,false,5,0.25,0.1528,0.1528,695.3,7787,7801,0
TouchofNatureRd_TON_12.03.25_LS,TON,5957,0,false,9,0.32,0.2252,0.3028,776.9,7801,7819,0
TouchofNatureRd_TON_12.03.25_LS,TON,5958,0,false,2,0.03,0.124,0.124,785.3,7843,7844,0
TouchofNatureRd_TON_12.03.25_LS,TON,5959,0,false,1,0.02,0.1545,0.1545,843.7,7878,7878,0
TouchofNatureRd_TON_12.03.25_LS,TON,5960,0,false,5,0.07,0.1503,0.1503,1010.2,7906,7909,0
TouchofNatureRd_TON_12.03.25_LS,TON,5961,0,false,2,0.03,0.2106,0.2106,214.4,7973,7974,0
TouchofNatureRd_TON_12.03.25_LS,TON,5962,0,false,1,0.02,0.1071,0.1071,433.3,8013,8013,0
TouchofNatureRd_TON_12.03.25_LS,TON,5963,0,false,2,0.05,0.3786,0.3786,1142.0,8039,8041,0
TouchofNatureRd_TON_12.03.25_LS,TON,5964,0,false,1,0.02,0.1045,0.1045,504.3,8098,8098,0
TouchofNatureRd_TON_12.03.25_LS,TON,5965,0,false,1,0.02,0.2228,0.2228,824.9,8126,8126,0
TouchofNatureRd_TON_12.03.25_LS,TON,5966,0,false,16,0.28,0.2152,0.2748,243.2,8131,8147,0
TouchofNatureRd_TON_12.03.25_LS,TON,5967,0,false,1,0.02,0.1655,0.1655,944.9,8222,8222,0
TouchofNatureRd_TON_12.03.25_LS,TON,5968,0,false,1,0.02,0.2084,0.2084,2240.6,8231,8231,0
TouchofNatureRd_TON_12.03.25_LS,TON,5969,0,false,2,0.03,0.1857,0.1857,1184.7,8267,8268,0
TouchofNatureRd_TON_12.03.25_LS,TON,5970,0,false,1,0.02,0.1104,0.1104,494.2,8283,8283,0
TouchofNatureRd_TON_12.03.25_LS,TON,5971,0,false,2,0.03,0.1647,0.1647,1462.0,8307,8308,0
TouchofNatureRd_TON_12.03.25_LS,TON,5972,0,false,3,0.07,0.148,0.148,288.3,8310,8313,0
TouchofNatureRd_TON_12.03.25_LS,TON,5973,0,false,1,0.02,0.1409,0.1409,302.9,8321,8321,0
TouchofNatureRd_TON_12.03.25_LS,TON,5974,0,false,1,0.02,0.1807,0.1807,755.8,8356,8356,0
TouchofNatureRd_TON_12.03.25_LS,TON,5975,0,false,1,0.02,0.1036,0.1036,2237.0,8364,8364,0
TouchofNatureRd_TON_12.03.25_LS,TON,5976,0,false,2,0.03,0.343,0.343,666.7,8470,8471,0
TouchofNatureRd_TON_12.03.25_LS,TON,5977,0,false,1,0.02,0.1096,0.1096,925.2,8490,8490,0
TouchofNatureRd_TON_12.03.25_LS,TON,5978,0,false,4,0.07,0.3252,0.3252,807.5,8666,8669,0
TouchofNatureRd_TON_12.03.25_LS,TON,5979,0,false,1,0.02,0.2455,0.2455,556.8,8758,8758,0
TouchofNatureRd_TON_12.03.25_LS,TON,5980,0,false,2,0.08,0.1286,0.1286,1395.3,8845,8849,0
TouchofNatureRd_TON_12.03.25_LS,TON,5981,0,false,1,0.02,0.256,0.256,1582.7,8912,8912,0
TouchofNatureRd_TON_12.03.25_LS,TON,5982,0,false,10,0.18,0.2104,0.2811,405.7,9417,9427,0
TouchofNatureRd_TON_12.03.25_LS,TON,5983,0,false,1,0.02,0.1054,0.1054,287.8,9512,9512,0
TouchofNatureRd_TON_12.03.25_LS,TON,5984,0,false,3,0.08,0.2607,0.2607,563.7,9582,9586,0
TouchofNatureRd_TON_12.03.25_LS,TON,5985,0,false,3,0.1,0.1276,0.1276,1061.1,9634,9639,0
TouchofNatureRd_TON_12.03.25_LS,TON,5986,0,false,1,0.02,0.1086,0.1086,964.8,9694,9694,0
TouchofNatureRd_TON_12.03.25_LS,TON,5987,0,false,3,0.22,0.2385,0.2385,1432.2,9722,9734,0
Upper40_TON_12.03.25_LS,TON,4448,0,false,1,0.02,0.5542,0.5542,1081.8,738,738,0
Upper40_TON_12.03.25_LS,TON,4498,0,false,1,0.02,0.6339,0.6339,2562.5,1832,1832,0
Upper40_TON_12.03.25_LS,TON,4503,0,false,1,0.02,0.3588,0.3588,948.6,1987,1987,0
Upper40_TON_12.03.25_LS,TON,4521,0,false,1,0.02,0.6702,0.6702,1360.2,2421,2421,0
Upper40_TON_12.03.25_LS,TON,4522,0,false,30,0.53,0.5564,0.6845,1115.7,2423,2454,0
Upper40_TON_12.03.25_LS,TON,4525,0,false,1,0.02,0.5612,0.5612,2785.8,2429,2429,0
Upper40_TON_12.03.25_LS,TON,4570,0,false,1,0.02,0.5071,0.5071,508.1,4208,4208,0
Upper40_TON_12.03.25_LS,TON,4598,0,false,1,0.02,0.6098,0.6098,850.4,4832,4832,0
Upper40_TON_12.03.25_LS,TON,4616,0,false,5,0.08,0.6932,0.6932,606.6,5518,5522,0
Upper40_TON_12.03.25_LS,TON,4624,0,false,3,0.07,0.3403,0.3403,1645.1,6485,6488,0
Upper40_TON_12.03.25_LS,TON,4630,0,false,1,0.02,0.522,0.522,1472.9,6512,6512,0
Upper40_TON_12.03.25_LS,TON,4640,0,duplicate,15,0.37,0.3204,0.3913,532.2,6564,6585,3
Upper40_TON_12.03.25_LS,TON,4655,1,primary,25,0.57,0.3559,0.4028,606.0,6577,6610,19
Upper40_TON_12.03.25_LS,TON,4676,0,duplicate,13,0.22,0.3839,0.4537,468.8,6615,6627,6
Upper40_TON_12.03.25_LS,TON,4683,0,false,1,0.02,0.4946,0.4946,1798.2,6665,6665,0
Upper40_TON_12.03.25_LS,TON,5683,0,false,2,0.17,0.203,0.203,2194.8,27,36,0
Upper40_TON_12.03.25_LS,TON,5684,0,false,1,0.02,0.1148,0.1148,873.2,68,68,0
Upper40_TON_12.03.25_LS,TON,5685,0,false,1,0.02,0.1741,0.1741,1026.6,223,223,0
Upper40_TON_12.03.25_LS,TON,5686,0,false,1,0.02,0.1072,0.1072,1587.7,313,313,0
Upper40_TON_12.03.25_LS,TON,5687,0,false,1,0.02,0.1309,0.1309,934.8,559,559,0
Upper40_TON_12.03.25_LS,TON,5688,0,false,1,0.02,0.2386,0.2386,906.3,572,572,0
Upper40_TON_12.03.25_LS,TON,5689,0,false,1,0.02,0.3893,0.3893,648.4,733,733,0
Upper40_TON_12.03.25_LS,TON,5690,0,false,1,0.02,0.1447,0.1447,747.5,736,736,0
Upper40_TON_12.03.25_LS,TON,5691,0,false,2,0.05,0.5024,0.5024,1056.2,737,739,0
Upper40_TON_12.03.25_LS,TON,5692,0,false,2,0.03,0.4173,0.4173,883.6,743,744,0
Upper40_TON_12.03.25_LS,TON,5693,0,false,1,0.02,0.1867,0.1867,2055.8,755,755,0
Upper40_TON_12.03.25_LS,TON,5694,0,false,1,0.02,0.1322,0.1322,1855.6,820,820,0
Upper40_TON_12.03.25_LS,TON,5695,0,false,1,0.02,0.3327,0.3327,503.3,855,855,0
Upper40_TON_12.03.25_LS,TON,5696,0,false,3,0.05,0.1603,0.1603,998.4,942,944,0
Upper40_TON_12.03.25_LS,TON,5697,0,false,2,0.03,0.1965,0.1965,721.5,1018,1019,0
Upper40_TON_12.03.25_LS,TON,5698,0,false,2,0.03,0.1738,0.1738,1470.9,1046,1047,0
Upper40_TON_12.03.25_LS,TON,5699,0,false,1,0.02,0.6108,0.6108,2754.4,1093,1093,0
Upper40_TON_12.03.25_LS,TON,5700,0,false,2,0.05,0.2075,0.2075,744.9,1122,1124,0
Upper40_TON_12.03.25_LS,TON,5701,0,false,1,0.02,0.4453,0.4453,623.0,1136,1136,0
Upper40_TON_12.03.25_LS,TON,5702,0,false,2,0.03,0.1776,0.1776,457.7,1141,1142,0
Upper40_TON_12.03.25_LS,TON,5703,0,false,1,0.02,0.1391,0.1391,1141.2,1260,1260,0
Upper40_TON_12.03.25_LS,TON,5704,0,false,2,0.03,0.1924,0.1924,1106.6,1296,1297,0
Upper40_TON_12.03.25_LS,TON,5705,0,false,3,0.1,0.3166,0.3166,1006.6,1320,1325,0
Upper40_TON_12.03.25_LS,TON,5706,0,false,3,0.07,0.1443,0.1443,905.7,1366,1369,0
Upper40_TON_12.03.25_LS,TON,5707,0,false,1,0.02,0.2517,0.2517,852.0,1458,1458,0
Upper40_TON_12.03.25_LS,TON,5708,0,false,7,0.18,0.3613,0.4313,3215.4,1483,1493,0
Upper40_TON_12.03.25_LS,TON,5709,0,false,2,0.17,0.1929,0.1929,1007.3,1483,1492,0
Upper40_TON_12.03.25_LS,TON,5710,0,false,3,0.07,0.1752,0.1752,774.9,1608,1611,0
Upper40_TON_12.03.25_LS,TON,5711,0,false,11,0.22,0.5611,0.6868,1612.2,1813,1825,0
Upper40_TON_12.03.25_LS,TON,5712,0,false,7,0.28,0.4582,0.5314,2463.4,1826,1842,0
Upper40_TON_12.03.25_LS,TON,5713,0,false,2,0.07,0.3484,0.3484,1908.6,1826,1829,0
Upper40_TON_12.03.25_LS,TON,5714,0,false,1,0.02,0.601,0.601,1842.6,1839,1839,0
Upper40_TON_12.03.25_LS,TON,5715,0,false,1,0.02,0.2975,0.2975,1881.9,1849,1849,0
Upper40_TON_12.03.25_LS,TON,5716,0,false,1,0.02,0.1247,0.1247,871.3,1923,1923,0
Upper40_TON_12.03.25_LS,TON,5717,0,false,1,0.02,0.2579,0.2579,927.3,1986,1986,0
Upper40_TON_12.03.25_LS,TON,5718,0,false,2,0.33,0.3006,0.3006,1628.9,2189,2208,0
Upper40_TON_12.03.25_LS,TON,5719,0,false,8,0.2,0.3236,0.4359,1107.9,2294,2305,0
Upper40_TON_12.03.25_LS,TON,5720,0,false,1,0.02,0.1458,0.1458,1661.8,2320,2320,0
Upper40_TON_12.03.25_LS,TON,5721,0,false,2,0.05,0.1814,0.1814,1563.6,2353,2355,0
Upper40_TON_12.03.25_LS,TON,5722,0,false,4,0.07,0.4188,0.4188,2208.4,2358,2361,0
Upper40_TON_12.03.25_LS,TON,5723,0,false,1,0.02,0.2974,0.2974,729.1,2363,2363,0
Upper40_TON_12.03.25_LS,TON,5724,0,false,1,0.02,0.1855,0.1855,897.5,2390,2390,0
Upper40_TON_12.03.25_LS,TON,5725,0,false,9,0.13,0.2886,0.4051,1213.3,2415,2422,0
Upper40_TON_12.03.25_LS,TON,5726,0,false,4,0.15,0.2986,0.2986,927.4,2448,2456,0
Upper40_TON_12.03.25_LS,TON,5727,0,false,1,0.02,0.3198,0.3198,1372.9,2527,2527,0
Upper40_TON_12.03.25_LS,TON,5728,0,false,2,0.03,0.2306,0.2306,1106.5,2712,2713,0
Upper40_TON_12.03.25_LS,TON,5729,0,false,12,0.17,0.4066,0.6046,1383.0,2757,2766,0
Upper40_TON_12.03.25_LS,TON,5730,0,false,1,0.02,0.2648,0.2648,662.1,3635,3635,0
Upper40_TON_12.03.25_LS,TON,5731,0,false,2,0.05,0.2967,0.2967,925.1,3642,3644,0
Upper40_TON_12.03.25_LS,TON,5732,0,false,4,0.07,0.3157,0.3157,810.7,3848,3851,0
Upper40_TON_12.03.25_LS,TON,5733,0,false,1,0.02,0.2148,0.2148,647.7,3865,3865,0
Upper40_TON_12.03.25_LS,TON,5734,0,false,2,0.03,0.1721,0.1721,903.4,3940,3941,0
Upper40_TON_12.03.25_LS,TON,5735,0,false,1,0.02,0.1809,0.1809,565.9,4022,4022,0
Upper40_TON_12.03.25_LS,TON,5736,0,false,3,0.07,0.2096,0.2096,604.0,4028,4031,0
Upper40_TON_12.03.25_LS,TON,5737,0,false,2,0.03,0.2506,0.2506,1578.9,4036,4037,0
Upper40_TON_12.03.25_LS,TON,5738,0,false,2,0.03,0.1989,0.1989,1122.1,4054,4055,0
Upper40_TON_12.03.25_LS,TON,5739,0,false,1,0.02,0.1683,0.1683,1072.8,4064,4064,0
Upper40_TON_12.03.25_LS,TON,5740,0,false,2,0.05,0.2496,0.2496,684.0,4072,4074,0
Upper40_TON_12.03.25_LS,TON,5741,0,false,1,0.02,0.2965,0.2965,1468.5,4109,4109,0
Upper40_TON_12.03.25_LS,TON,5742,0,false,1,0.02,0.4942,0.4942,1969.0,4125,4125,0
Upper40_TON_12.03.25_LS,TON,5743,0,false,7,0.3,0.2868,0.3248,851.6,4192,4209,0
Upper40_TON_12.03.25_LS,TON,5744,0,false,17,0.28,0.409,0.6294,764.2,4306,4322,0
Upper40_TON_12.03.25_LS,TON,5745,0,false,2,0.03,0.6436,0.6436,1447.7,4330,4331,0
Upper40_TON_12.03.25_LS,TON,5746,0,false,1,0.02,0.1069,0.1069,841.8,4334,4334,0
Upper40_TON_12.03.25_LS,TON,5747,0,false,1,0.02,0.1189,0.1189,919.8,4460,4460,0
Upper40_TON_12.03.25_LS,TON,5748,0,false,8,0.18,0.3403,0.4461,1055.6,4714,4724,0
Upper40_TON_12.03.25_LS,TON,5749,0,false,1,0.02,0.2524,0.2524,825.8,4831,4831,0
Upper40_TON_12.03.25_LS,TON,5750,0,false,1,0.02,0.3134,0.3134,582.3,4878,4878,0
Upper40_TON_12.03.25_LS,TON,5751,0,false,12,0.7,0.3645,0.5757,812.1,5004,5045,0
Upper40_TON_12.03.25_LS,TON,5752,0,false,4,0.1,0.2395,0.2395,616.8,5009,5014,0
Upper40_TON_12.03.25_LS,TON,5753,0,false,4,0.07,0.2943,0.2943,869.5,5040,5043,0
Upper40_TON_12.03.25_LS,TON,5754,0,false,1,0.02,0.1106,0.1106,1792.2,5050,5050,0
Upper40_TON_12.03.25_LS,TON,5755,0,false,1,0.02,0.1105,0.1105,1130.5,5062,5062,0
Upper40_TON_12.03.25_LS,TON,5756,0,false,1,0.02,0.1912,0.1912,1191.5,5089,5089,0
Upper40_TON_12.03.25_LS,TON,5757,0,false,1,0.02,0.2255,0.2255,2057.2,5263,5263,0
Upper40_TON_12.03.25_LS,TON,5758,0,false,2,0.12,0.3083,0.3083,390.6,5517,5523,0
Upper40_TON_12.03.25_LS,TON,5759,0,false,2,0.03,0.2764,0.2764,2175.5,5809,5810,0
Upper40_TON_12.03.25_LS,TON,5760,0,false,1,0.02,0.1249,0.1249,527.9,5943,5943,0
Upper40_TON_12.03.25_LS,TON,5761,0,false,3,0.05,0.1556,0.1556,544.6,5954,5956,0
Upper40_TON_12.03.25_LS,TON,5762,0,false,1,0.02,0.1105,0.1105,733.0,6366,6366,0
Upper40_TON_12.03.25_LS,TON,5763,0,false,1,0.02,0.1706,0.1706,1265.5,6458,6458,0
Upper40_TON_12.03.25_LS,TON,5764,0,false,2,0.03,0.2422,0.2422,1647.5,6483,6484,0
Upper40_TON_12.03.25_LS,TON,5765,0,false,6,0.18,0.1961,0.2043,1518.9,6501,6511,0
Upper40_TON_12.03.25_LS,TON,5766,0,false,6,0.32,0.125,0.1296,1095.4,6517,6535,0
Upper40_TON_12.03.25_LS,TON,5767,0,false,2,0.05,0.2244,0.2244,930.6,6522,6524,0
Upper40_TON_12.03.25_LS,TON,5768,0,duplicate,59,1.48,0.1857,0.3474,560.2,6540,6628,13
Upper40_TON_12.03.25_LS,TON,5769,0,false,2,0.03,0.1587,0.1587,1162.0,6572,6573,0
Upper40_TON_12.03.25_LS,TON,5770,0,false,6,0.63,0.2136,0.2276,2263.1,6629,6666,0
UpperRichland_SHW_01.18.2026_LS,SHW,5159,0,false,1,0.02,0.3725,0.3725,890.3,184,184,0
UpperRichland_SHW_01.18.2026_LS,SHW,5176,0,false,1,0.02,0.5704,0.5704,1296.5,936,936,0
UpperRichland_SHW_01.18.2026_LS,SHW,5182,0,false,2,0.03,0.5749,0.5749,2028.4,1013,1014,0
UpperRichland_SHW_01.18.2026_LS,SHW,5188,0,false,1,0.02,0.5355,0.5355,3036.2,1345,1345,0
UpperRichland_SHW_01.18.2026_LS,SHW,5194,0,false,20,0.37,0.6001,0.6971,1918.9,1780,1801,0
UpperRichland_SHW_01.18.2026_LS,SHW,5278,0,false,1,0.02,0.324,0.324,621.7,4555,4555,0
UpperRichland_SHW_01.18.2026_LS,SHW,5286,0,false,4,0.07,0.4234,0.4234,864.5,4602,4605,0
UpperRichland_SHW_01.18.2026_LS,SHW,5291,0,false,1,0.02,0.3632,0.3632,897.7,4649,4649,0
UpperRichland_SHW_01.18.2026_LS,SHW,5310,0,false,1,0.02,0.4778,0.4778,1468.9,5238,5238,0
UpperRichland_SHW_01.18.2026_LS,SHW,5323,0,false,1,0.02,0.4032,0.4032,906.3,5391,5391,0
UpperRichland_SHW_01.18.2026_LS,SHW,5332,0,false,2,0.03,0.2643,0.2643,767.9,5540,5541,0
UpperRichland_SHW_01.18.2026_LS,SHW,5397,0,false,3,0.05,0.3373,0.3373,892.4,8122,8124,0
UpperRichland_SHW_01.18.2026_LS,SHW,5400,0,false,2,0.03,0.5784,0.5784,754.8,8127,8128,0
UpperRichland_SHW_01.18.2026_LS,SHW,5407,0,false,5,0.12,0.5262,0.5262,670.2,8374,8380,0
UpperRichland_SHW_01.18.2026_LS,SHW,5433,0,false,1,0.02,0.4088,0.4088,613.6,8999,8999,0
UpperRichland_SHW_01.18.2026_LS,SHW,5436,0,false,2,0.03,0.5224,0.5224,1112.1,9013,9014,0
UpperRichland_SHW_01.18.2026_LS,SHW,6436,0,false,1,0.02,0.1283,0.1283,2704.2,33,33,0
UpperRichland_SHW_01.18.2026_LS,SHW,6437,0,false,1,0.02,0.2591,0.2591,1611.3,40,40,0
UpperRichland_SHW_01.18.2026_LS,SHW,6438,0,false,1,0.02,0.1218,0.1218,1464.1,152,152,0
UpperRichland_SHW_01.18.2026_LS,SHW,6439,0,false,1,0.02,0.101,0.101,1119.7,162,162,0
UpperRichland_SHW_01.18.2026_LS,SHW,6440,0,false,7,0.25,0.1993,0.2302,1007.0,183,197,0
UpperRichland_SHW_01.18.2026_LS,SHW,6441,0,false,1,0.02,0.1283,0.1283,1071.2,207,207,0
UpperRichland_SHW_01.18.2026_LS,SHW,6442,0,false,2,0.03,0.3932,0.3932,2135.5,318,319,0
UpperRichland_SHW_01.18.2026_LS,SHW,6443,0,false,3,0.22,0.2694,0.2694,2381.4,367,379,0
UpperRichland_SHW_01.18.2026_LS,SHW,6444,0,false,4,0.59,0.1698,0.1698,1736.6,670,704,0
UpperRichland_SHW_01.18.2026_LS,SHW,6445,0,false,1,0.02,0.2393,0.2393,2097.9,767,767,0
UpperRichland_SHW_01.18.2026_LS,SHW,6446,0,false,1,0.02,0.1019,0.1019,572.0,782,782,0
UpperRichland_SHW_01.18.2026_LS,SHW,6447,0,false,3,0.05,0.2732,0.2732,1623.1,869,871,0
UpperRichland_SHW_01.18.2026_LS,SHW,6448,0,false,2,0.17,0.1281,0.1281,632.8,916,925,0
UpperRichland_SHW_01.18.2026_LS,SHW,6449,0,false,1,0.02,0.2171,0.2171,855.6,932,932,0
UpperRichland_SHW_01.18.2026_LS,SHW,6450,0,false,2,0.05,0.3572,0.3572,1067.2,935,937,0
UpperRichland_SHW_01.18.2026_LS,SHW,6451,0,false,1,0.02,0.1714,0.1714,1577.8,937,937,0
UpperRichland_SHW_01.18.2026_LS,SHW,6452,0,false,2,0.08,0.1868,0.1868,1160.8,981,985,0
UpperRichland_SHW_01.18.2026_LS,SHW,6453,0,false,2,0.03,0.2894,0.2894,2260.1,1011,1012,0
UpperRichland_SHW_01.18.2026_LS,SHW,6454,0,false,1,0.02,0.1842,0.1842,819.2,1018,1018,0
UpperRichland_SHW_01.18.2026_LS,SHW,6455,0,false,1,0.02,0.1305,0.1305,641.5,1090,1090,0
UpperRichland_SHW_01.18.2026_LS,SHW,6456,0,false,3,0.5,0.1613,0.1613,2033.2,1114,1143,0
UpperRichland_SHW_01.18.2026_LS,SHW,6457,0,false,2,0.03,0.1283,0.1283,1412.0,1121,1122,0
UpperRichland_SHW_01.18.2026_LS,SHW,6458,0,false,2,0.17,0.1147,0.1147,563.5,1140,1149,0
UpperRichland_SHW_01.18.2026_LS,SHW,6459,0,false,2,0.02,0.1188,0.1188,2813.2,1309,1309,0
UpperRichland_SHW_01.18.2026_LS,SHW,6460,0,false,3,0.08,0.1741,0.1741,1251.7,1334,1338,0
UpperRichland_SHW_01.18.2026_LS,SHW,6461,0,false,1,0.02,0.2592,0.2592,3094.1,1344,1344,0
UpperRichland_SHW_01.18.2026_LS,SHW,6462,0,false,1,0.02,0.1007,0.1007,1631.8,1352,1352,0
UpperRichland_SHW_01.18.2026_LS,SHW,6463,0,false,2,0.05,0.2192,0.2192,1630.0,1383,1385,0
UpperRichland_SHW_01.18.2026_LS,SHW,6464,0,false,4,0.23,0.1332,0.1332,1154.8,1553,1566,0
UpperRichland_SHW_01.18.2026_LS,SHW,6465,0,false,1,0.02,0.3194,0.3194,1382.9,1605,1605,0
UpperRichland_SHW_01.18.2026_LS,SHW,6466,0,false,1,0.02,0.1558,0.1558,1275.5,1637,1637,0
UpperRichland_SHW_01.18.2026_LS,SHW,6467,0,false,2,0.05,0.2754,0.2754,1494.4,1777,1779,0
UpperRichland_SHW_01.18.2026_LS,SHW,6468,0,false,2,0.32,0.1732,0.1732,3078.0,1802,1820,0
UpperRichland_SHW_01.18.2026_LS,SHW,6469,0,false,6,0.5,0.2436,0.2721,1137.3,1807,1836,0
UpperRichland_SHW_01.18.2026_LS,SHW,6470,0,false,2,0.03,0.178,0.178,938.5,1986,1987,0
UpperRichland_SHW_01.18.2026_LS,SHW,6471,0,false,1,0.02,0.1345,0.1345,1951.3,2053,2053,0
UpperRichland_SHW_01.18.2026_LS,SHW,6472,0,false,2,0.03,0.1454,0.1454,1018.2,2286,2287,0
UpperRichland_SHW_01.18.2026_LS,SHW,6473,0,false,3,0.05,0.2098,0.2098,639.0,2438,2440,0
UpperRichland_SHW_01.18.2026_LS,SHW,6474,0,false,1,0.02,0.1782,0.1782,1877.3,2441,2441,0
UpperRichland_SHW_01.18.2026_LS,SHW,6475,0,false,2,0.03,0.2553,0.2553,955.6,2457,2458,0
UpperRichland_SHW_01.18.2026_LS,SHW,6476,0,false,1,0.02,0.1669,0.1669,1892.0,2519,2519,0
UpperRichland_SHW_01.18.2026_LS,SHW,6477,0,false,1,0.02,0.1216,0.1216,1386.7,2574,2574,0
UpperRichland_SHW_01.18.2026_LS,SHW,6478,0,false,1,0.02,0.1109,0.1109,809.4,2677,2677,0
UpperRichland_SHW_01.18.2026_LS,SHW,6479,0,false,1,0.02,0.1002,0.1002,1679.4,2682,2682,0
UpperRichland_SHW_01.18.2026_LS,SHW,6480,0,false,6,0.55,0.1648,0.1746,1362.8,2744,2776,0
UpperRichland_SHW_01.18.2026_LS,SHW,6481,0,false,1,0.02,0.1326,0.1326,601.6,2784,2784,0
UpperRichland_SHW_01.18.2026_LS,SHW,6482,0,false,1,0.02,0.3175,0.3175,2045.7,2789,2789,0
UpperRichland_SHW_01.18.2026_LS,SHW,6483,0,false,1,0.02,0.1964,0.1964,1096.5,2827,2827,0
UpperRichland_SHW_01.18.2026_LS,SHW,6484,0,false,4,0.07,0.2855,0.2855,1708.0,2881,2884,0
UpperRichland_SHW_01.18.2026_LS,SHW,6485,0,false,1,0.02,0.1044,0.1044,813.6,2907,2907,0
UpperRichland_SHW_01.18.2026_LS,SHW,6486,0,false,1,0.02,0.211,0.211,2815.7,2985,2985,0
UpperRichland_SHW_01.18.2026_LS,SHW,6487,0,false,2,0.03,0.1871,0.1871,1019.1,3067,3068,0
UpperRichland_SHW_01.18.2026_LS,SHW,6488,0,false,6,0.67,0.2227,0.2449,1105.4,3069,3108,0
UpperRichland_SHW_01.18.2026_LS,SHW,6489,0,false,2,0.3,0.2027,0.2027,1254.6,3137,3154,0
UpperRichland_SHW_01.18.2026_LS,SHW,6490,0,false,2,0.05,0.195,0.195,1010.0,3142,3144,0
UpperRichland_SHW_01.18.2026_LS,SHW,6491,0,false,2,0.05,0.1367,0.1367,1381.0,3151,3153,0
UpperRichland_SHW_01.18.2026_LS,SHW,6492,0,false,2,0.35,0.2419,0.2419,1311.6,3179,3199,0
UpperRichland_SHW_01.18.2026_LS,SHW,6493,0,false,2,0.12,0.3475,0.3475,1242.9,3189,3195,0
UpperRichland_SHW_01.18.2026_LS,SHW,6494,0,false,2,0.03,0.2664,0.2664,566.1,3196,3197,0
UpperRichland_SHW_01.18.2026_LS,SHW,6495,0,false,1,0.02,0.1401,0.1401,2002.2,3198,3198,0
UpperRichland_SHW_01.18.2026_LS,SHW,6496,0,false,2,0.52,0.1141,0.1141,1032.0,3208,3238,0
UpperRichland_SHW_01.18.2026_LS,SHW,6497,0,false,1,0.02,0.1072,0.1072,1272.7,3235,3235,0
UpperRichland_SHW_01.18.2026_LS,SHW,6498,0,false,2,0.28,0.4407,0.4407,1058.9,3312,3328,0
UpperRichland_SHW_01.18.2026_LS,SHW,6499,0,false,3,0.13,0.1817,0.1817,1608.8,3342,3349,0
UpperRichland_SHW_01.18.2026_LS,SHW,6500,0,false,3,0.03,0.117,0.117,1276.5,3352,3353,0
UpperRichland_SHW_01.18.2026_LS,SHW,6501,0,false,1,0.02,0.1753,0.1753,1444.4,3394,3394,0
UpperRichland_SHW_01.18.2026_LS,SHW,6502,0,false,5,0.33,0.1328,0.1328,1167.7,3394,3413,0
UpperRichland_SHW_01.18.2026_LS,SHW,6503,0,false,1,0.02,0.1258,0.1258,1234.8,3403,3403,0
UpperRichland_SHW_01.18.2026_LS,SHW,6504,0,false,2,0.03,0.1278,0.1278,871.8,3500,3501,0
UpperRichland_SHW_01.18.2026_LS,SHW,6505,0,false,3,0.05,0.1337,0.1337,1292.0,3551,3553,0
UpperRichland_SHW_01.18.2026_LS,SHW,6506,0,false,1,0.02,0.1082,0.1082,796.9,3588,3588,0
UpperRichland_SHW_01.18.2026_LS,SHW,6507,0,false,1,0.02,0.1124,0.1124,1021.7,3602,3602,0
UpperRichland_SHW_01.18.2026_LS,SHW,6508,0,false,2,0.22,0.1608,0.1608,1626.4,3683,3695,0
UpperRichland_SHW_01.18.2026_LS,SHW,6509,0,false,2,0.03,0.1193,0.1193,1182.2,3697,3698,0
UpperRichland_SHW_01.18.2026_LS,SHW,6510,0,false,1,0.02,0.284,0.284,573.1,3707,3707,0
UpperRichland_SHW_01.18.2026_LS,SHW,6511,0,false,2,0.03,0.1372,0.1372,1534.0,3773,3774,0
UpperRichland_SHW_01.18.2026_LS,SHW,6512,0,false,1,0.02,0.204,0.204,632.6,3827,3827,0
UpperRichland_SHW_01.18.2026_LS,SHW,6513,0,false,1,0.02,0.1323,0.1323,1097.3,3854,3854,0
UpperRichland_SHW_01.18.2026_LS,SHW,6514,0,false,19,0.54,0.1346,0.1831,1114.7,3921,3952,0
UpperRichland_SHW_01.18.2026_LS,SHW,6515,0,false,1,0.02,0.1384,0.1384,836.6,3956,3956,0
UpperRichland_SHW_01.18.2026_LS,SHW,6516,0,false,1,0.02,0.1711,0.1711,863.1,3975,3975,0
UpperRichland_SHW_01.18.2026_LS,SHW,6517,0,false,1,0.02,0.3482,0.3482,1535.5,3990,3990,0
UpperRichland_SHW_01.18.2026_LS,SHW,6518,0,false,1,0.02,0.1227,0.1227,585.1,4025,4025,0
UpperRichland_SHW_01.18.2026_LS,SHW,6519,0,false,6,0.12,0.2102,0.2286,1034.3,4125,4131,0
UpperRichland_SHW_01.18.2026_LS,SHW,6520,0,false,6,0.12,0.2239,0.2358,784.3,4197,4203,0
UpperRichland_SHW_01.18.2026_LS,SHW,6521,0,false,3,0.05,0.2586,0.2586,776.7,4202,4204,0
UpperRichland_SHW_01.18.2026_LS,SHW,6522,0,false,2,0.03,0.1064,0.1064,944.0,4215,4216,0
UpperRichland_SHW_01.18.2026_LS,SHW,6523,0,false,1,0.02,0.227,0.227,1034.9,4228,4228,0
UpperRichland_SHW_01.18.2026_LS,SHW,6524,0,false,2,0.42,0.1665,0.1665,1021.9,4254,4278,0
UpperRichland_SHW_01.18.2026_LS,SHW,6525,0,false,1,0.02,0.1555,0.1555,830.1,4302,4302,0
UpperRichland_SHW_01.18.2026_LS,SHW,6526,0,false,1,0.02,0.1444,0.1444,742.8,4307,4307,0
UpperRichland_SHW_01.18.2026_LS,SHW,6527,0,false,1,0.02,0.3104,0.3104,1047.1,4355,4355,0
UpperRichland_SHW_01.18.2026_LS,SHW,6528,0,false,2,0.03,0.1532,0.1532,804.9,4355,4356,0
UpperRichland_SHW_01.18.2026_LS,SHW,6529,0,false,2,0.12,0.1127,0.1127,1324.8,4366,4372,0
UpperRichland_SHW_01.18.2026_LS,SHW,6530,0,false,2,0.03,0.2694,0.2694,1357.1,4378,4379,0
UpperRichland_SHW_01.18.2026_LS,SHW,6531,0,false,2,0.03,0.2208,0.2208,552.1,4440,4441,0
UpperRichland_SHW_01.18.2026_LS,SHW,6532,0,false,2,0.13,0.3711,0.3711,656.0,4465,4472,0
UpperRichland_SHW_01.18.2026_LS,SHW,6533,0,false,3,0.35,0.1736,0.1736,746.7,4479,4499,0
UpperRichland_SHW_01.18.2026_LS,SHW,6534,0,false,1,0.02,0.3593,0.3593,608.4,4482,4482,0
UpperRichland_SHW_01.18.2026_LS,SHW,6535,0,false,1,0.02,0.1017,0.1017,814.9,4494,4494,0
UpperRichland_SHW_01.18.2026_LS,SHW,6536,0,false,1,0.02,0.1598,0.1598,1303.6,4506,4506,0
UpperRichland_SHW_01.18.2026_LS,SHW,6537,0,false,4,0.07,0.215,0.215,403.7,4507,4510,0
UpperRichland_SHW_01.18.2026_LS,SHW,6538,0,false,3,0.05,0.3369,0.3369,538.6,4510,4512,0
UpperRichland_SHW_01.18.2026_LS,SHW,6539,0,false,2,0.05,0.1715,0.1715,903.2,4515,4517,0
UpperRichland_SHW_01.18.2026_LS,SHW,6540,0,false,2,0.13,0.2089,0.2089,732.4,4554,4561,0
UpperRichland_SHW_01.18.2026_LS,SHW,6541,0,false,1,0.02,0.1113,0.1113,890.6,4554,4554,0
UpperRichland_SHW_01.18.2026_LS,SHW,6542,0,false,5,0.75,0.2808,0.2808,815.4,4557,4601,0
UpperRichland_SHW_01.18.2026_LS,SHW,6543,0,false,7,0.27,0.189,0.22,849.9,4595,4610,0
UpperRichland_SHW_01.18.2026_LS,SHW,6544,0,false,1,0.02,0.2148,0.2148,578.1,4595,4595,0
UpperRichland_SHW_01.18.2026_LS,SHW,6545,0,false,10,0.44,0.2915,0.4075,790.9,4648,4673,0
UpperRichland_SHW_01.18.2026_LS,SHW,6546,0,false,4,0.08,0.2734,0.2734,695.9,4654,4658,0
UpperRichland_SHW_01.18.2026_LS,SHW,6547,0,false,3,0.1,0.2357,0.2357,613.0,4655,4660,0
UpperRichland_SHW_01.18.2026_LS,SHW,6548,0,false,1,0.02,0.1179,0.1179,393.3,4683,4683,0
UpperRichland_SHW_01.18.2026_LS,SHW,6549,0,false,1,0.02,0.243,0.243,377.5,4730,4730,0
UpperRichland_SHW_01.18.2026_LS,SHW,6550,0,false,1,0.02,0.63,0.63,602.4,4738,4738,0
UpperRichland_SHW_01.18.2026_LS,SHW,6551,0,false,2,0.05,0.2418,0.2418,600.9,4853,4855,0
UpperRichland_SHW_01.18.2026_LS,SHW,6552,0,false,1,0.02,0.1213,0.1213,2246.2,4896,4896,0
UpperRichland_SHW_01.18.2026_LS,SHW,6553,0,false,1,0.02,0.115,0.115,1149.6,4897,4897,0
UpperRichland_SHW_01.18.2026_LS,SHW,6554,0,false,1,0.02,0.2311,0.2311,1339.1,5040,5040,0
UpperRichland_SHW_01.18.2026_LS,SHW,6555,0,false,2,0.08,0.1723,0.1723,931.1,5090,5094,0
UpperRichland_SHW_01.18.2026_LS,SHW,6556,0,false,1,0.02,0.4808,0.4808,1445.0,5237,5237,0
UpperRichland_SHW_01.18.2026_LS,SHW,6557,0,false,1,0.02,0.4494,0.4494,2589.5,5247,5247,0
UpperRichland_SHW_01.18.2026_LS,SHW,6558,0,false,5,0.72,0.1625,0.1625,1074.1,5272,5314,0
UpperRichland_SHW_01.18.2026_LS,SHW,6559,0,false,1,0.02,0.2213,0.2213,881.4,5307,5307,0
UpperRichland_SHW_01.18.2026_LS,SHW,6560,0,false,1,0.02,0.44,0.44,1512.9,5313,5313,0
UpperRichland_SHW_01.18.2026_LS,SHW,6561,0,false,4,0.54,0.4904,0.4904,846.8,5359,5390,0
UpperRichland_SHW_01.18.2026_LS,SHW,6562,0,false,2,0.2,0.2987,0.2987,990.0,5363,5374,0
UpperRichland_SHW_01.18.2026_LS,SHW,6563,0,false,3,0.1,0.2453,0.2453,985.7,5368,5373,0
UpperRichland_SHW_01.18.2026_LS,SHW,6564,0,false,1,0.02,0.1257,0.1257,734.8,5404,5404,0
UpperRichland_SHW_01.18.2026_LS,SHW,6565,0,false,2,0.03,0.3031,0.3031,1042.5,5429,5430,0
UpperRichland_SHW_01.18.2026_LS,SHW,6566,0,false,2,0.45,0.2358,0.2358,928.4,5454,5480,0
UpperRichland_SHW_01.18.2026_LS,SHW,6567,0,false,4,0.33,0.2419,0.2419,1194.3,5472,5491,0
UpperRichland_SHW_01.18.2026_LS,SHW,6568,0,false,3,0.33,0.2006,0.2006,1111.7,5476,5495,0
UpperRichland_SHW_01.18.2026_LS,SHW,6569,0,false,1,0.02,0.1511,0.1511,1130.2,5517,5517,0
UpperRichland_SHW_01.18.2026_LS,SHW,6570,0,false,3,0.4,0.1839,0.1839,941.8,5539,5562,0
UpperRichland_SHW_01.18.2026_LS,SHW,6571,0,false,2,0.03,0.1754,0.1754,938.7,5569,5570,0
UpperRichland_SHW_01.18.2026_LS,SHW,6572,0,false,2,0.44,0.1352,0.1352,830.4,5597,5622,0
UpperRichland_SHW_01.18.2026_LS,SHW,6573,0,false,2,0.03,0.2304,0.2304,777.3,5608,5609,0
UpperRichland_SHW_01.18.2026_LS,SHW,6574,0,false,2,0.42,0.1369,0.1369,780.8,5631,5655,0
UpperRichland_SHW_01.18.2026_LS,SHW,6575,0,false,1,0.02,0.2695,0.2695,647.4,5675,5675,0
UpperRichland_SHW_01.18.2026_LS,SHW,6576,0,false,1,0.02,0.1417,0.1417,1110.5,5707,5707,0
UpperRichland_SHW_01.18.2026_LS,SHW,6577,0,false,1,0.02,0.1087,0.1087,951.0,5732,5732,0
UpperRichland_SHW_01.18.2026_LS,SHW,6578,0,false,1,0.02,0.191,0.191,695.9,5748,5748,0
UpperRichland_SHW_01.18.2026_LS,SHW,6579,0,false,1,0.02,0.128,0.128,696.4,5819,5819,0
UpperRichland_SHW_01.18.2026_LS,SHW,6580,0,false,1,0.02,0.2863,0.2863,1671.7,5890,5890,0
UpperRichland_SHW_01.18.2026_LS,SHW,6581,0,false,1,0.02,0.1506,0.1506,868.7,5917,5917,0
UpperRichland_SHW_01.18.2026_LS,SHW,6582,0,false,1,0.02,0.1277,0.1277,719.1,6007,6007,0
UpperRichland_SHW_01.18.2026_LS,SHW,6583,0,false,1,0.02,0.1198,0.1198,617.2,6015,6015,0
UpperRichland_SHW_01.18.2026_LS,SHW,6584,0,false,4,0.12,0.1547,0.1547,1030.5,6035,6041,0
UpperRichland_SHW_01.18.2026_LS,SHW,6585,0,false,1,0.02,0.222,0.222,1666.5,6056,6056,0
UpperRichland_SHW_01.18.2026_LS,SHW,6586,0,false,1,0.02,0.2164,0.2164,705.2,6090,6090,0
UpperRichland_SHW_01.18.2026_LS,SHW,6587,0,false,1,0.02,0.1553,0.1553,981.9,6098,6098,0
UpperRichland_SHW_01.18.2026_LS,SHW,6588,0,false,1,0.02,0.1173,0.1173,703.1,6156,6156,0
UpperRichland_SHW_01.18.2026_LS,SHW,6589,0,false,1,0.02,0.1226,0.1226,1456.3,6157,6157,0
UpperRichland_SHW_01.18.2026_LS,SHW,6590,0,false,1,0.02,0.2756,0.2756,1994.8,6171,6171,0
UpperRichland_SHW_01.18.2026_LS,SHW,6591,0,false,1,0.02,0.2452,0.2452,686.3,6292,6292,0
UpperRichland_SHW_01.18.2026_LS,SHW,6592,0,false,3,0.23,0.2051,0.2051,561.5,6388,6401,0
UpperRichland_SHW_01.18.2026_LS,SHW,6593,0,false,4,0.37,0.214,0.214,940.8,6588,6609,0
UpperRichland_SHW_01.18.2026_LS,SHW,6594,0,false,2,0.08,0.169,0.169,551.1,6660,6664,0
UpperRichland_SHW_01.18.2026_LS,SHW,6595,0,false,1,0.02,0.18,0.18,856.8,6664,6664,0
UpperRichland_SHW_01.18.2026_LS,SHW,6596,0,false,5,0.12,0.2567,0.2567,654.3,6743,6749,0
UpperRichland_SHW_01.18.2026_LS,SHW,6597,0,false,1,0.02,0.2603,0.2603,941.4,6770,6770,0
UpperRichland_SHW_01.18.2026_LS,SHW,6598,0,false,1,0.02,0.1257,0.1257,748.6,6911,6911,0
UpperRichland_SHW_01.18.2026_LS,SHW,6599,0,false,3,0.07,0.2146,0.2146,1062.6,7088,7091,0
UpperRichland_SHW_01.18.2026_LS,SHW,6600,0,false,1,0.02,0.1733,0.1733,545.0,7290,7290,0
UpperRichland_SHW_01.18.2026_LS,SHW,6601,0,false,1,0.02,0.4012,0.4012,767.9,7325,7325,0
UpperRichland_SHW_01.18.2026_LS,SHW,6602,0,false,2,0.03,0.1781,0.1781,1403.6,7364,7365,0
UpperRichland_SHW_01.18.2026_LS,SHW,6603,0,false,2,0.03,0.1843,0.1843,805.7,7364,7365,0
UpperRichland_SHW_01.18.2026_LS,SHW,6604,0,false,5,0.08,0.2175,0.2175,774.7,7404,7408,0
UpperRichland_SHW_01.18.2026_LS,SHW,6605,0,false,2,0.22,0.1429,0.1429,838.8,7419,7431,0
UpperRichland_SHW_01.18.2026_LS,SHW,6606,0,false,3,0.47,0.1777,0.1777,996.1,7448,7475,0
UpperRichland_SHW_01.18.2026_LS,SHW,6607,0,false,1,0.02,0.1137,0.1137,844.4,7450,7450,0
UpperRichland_SHW_01.18.2026_LS,SHW,6608,0,false,1,0.02,0.1114,0.1114,912.4,7462,7462,0
UpperRichland_SHW_01.18.2026_LS,SHW,6609,0,false,1,0.02,0.363,0.363,1916.9,7463,7463,0
UpperRichland_SHW_01.18.2026_LS,SHW,6610,0,false,1,0.02,0.1729,0.1729,990.4,7466,7466,0
UpperRichland_SHW_01.18.2026_LS,SHW,6611,0,false,1,0.02,0.112,0.112,1204.5,7531,7531,0
UpperRichland_SHW_01.18.2026_LS,SHW,6612,0,false,1,0.02,0.1298,0.1298,967.3,7536,7536,0
UpperRichland_SHW_01.18.2026_LS,SHW,6613,0,false,1,0.02,0.2735,0.2735,921.9,7560,7560,0
UpperRichland_SHW_01.18.2026_LS,SHW,6614,0,false,1,0.02,0.1768,0.1768,2094.2,7590,7590,0
UpperRichland_SHW_01.18.2026_LS,SHW,6615,0,false,1,0.02,0.1202,0.1202,786.7,7593,7593,0
UpperRichland_SHW_01.18.2026_LS,SHW,6616,0,false,2,0.03,0.2845,0.2845,1160.0,7659,7660,0
UpperRichland_SHW_01.18.2026_LS,SHW,6617,0,false,1,0.02,0.4826,0.4826,1552.0,7711,7711,0
UpperRichland_SHW_01.18.2026_LS,SHW,6618,0,false,2,0.03,0.2884,0.2884,1662.8,7772,7773,0
UpperRichland_SHW_01.18.2026_LS,SHW,6619,0,false,2,0.03,0.2278,0.2278,701.8,7839,7840,0
UpperRichland_SHW_01.18.2026_LS,SHW,6620,0,false,2,0.03,0.2336,0.2336,1026.5,7872,7873,0
UpperRichland_SHW_01.18.2026_LS,SHW,6621,0,false,5,0.15,0.1532,0.1532,1143.7,7896,7904,0
UpperRichland_SHW_01.18.2026_LS,SHW,6622,0,false,2,0.03,0.1195,0.1195,1086.1,7897,7898,0
UpperRichland_SHW_01.18.2026_LS,SHW,6623,0,false,1,0.02,0.1568,0.1568,935.0,7962,7962,0
UpperRichland_SHW_01.18.2026_LS,SHW,6624,0,false,2,0.17,0.226,0.226,1139.8,7970,7979,0
UpperRichland_SHW_01.18.2026_LS,SHW,6625,0,false,1,0.02,0.2325,0.2325,1225.8,7973,7973,0
UpperRichland_SHW_01.18.2026_LS,SHW,6626,0,false,2,0.05,0.1187,0.1187,3157.1,7992,7994,0
UpperRichland_SHW_01.18.2026_LS,SHW,6627,0,false,2,0.05,0.2657,0.2657,852.7,8007,8009,0
UpperRichland_SHW_01.18.2026_LS,SHW,6628,0,false,4,0.13,0.2703,0.2703,899.3,8078,8085,0
UpperRichland_SHW_01.18.2026_LS,SHW,6629,0,false,6,0.25,0.1864,0.1965,785.3,8121,8135,0
UpperRichland_SHW_01.18.2026_LS,SHW,6630,0,false,1,0.02,0.2543,0.2543,1121.8,8125,8125,0
UpperRichland_SHW_01.18.2026_LS,SHW,6631,0,false,4,0.6,0.1946,0.1946,605.0,8147,8182,0
UpperRichland_SHW_01.18.2026_LS,SHW,6632,0,false,1,0.02,0.2727,0.2727,357.4,8309,8309,0
UpperRichland_SHW_01.18.2026_LS,SHW,6633,0,false,1,0.02,0.1326,0.1326,534.9,8341,8341,0
UpperRichland_SHW_01.18.2026_LS,SHW,6634,0,false,7,0.25,0.1955,0.2243,691.0,8371,8385,0
UpperRichland_SHW_01.18.2026_LS,SHW,6635,0,false,1,0.02,0.1336,0.1336,955.5,8373,8373,0
UpperRichland_SHW_01.18.2026_LS,SHW,6636,0,false,2,0.03,0.2578,0.2578,1150.2,8464,8465,0
UpperRichland_SHW_01.18.2026_LS,SHW,6637,0,false,1,0.02,0.2732,0.2732,1878.2,8502,8502,0
UpperRichland_SHW_01.18.2026_LS,SHW,6638,0,false,3,0.1,0.1988,0.1988,990.0,8512,8517,0
UpperRichland_SHW_01.18.2026_LS,SHW,6639,0,false,8,0.39,0.2133,0.2573,1130.2,8518,8540,0
UpperRichland_SHW_01.18.2026_LS,SHW,6640,0,false,2,0.05,0.1809,0.1809,738.2,8520,8522,0
UpperRichland_SHW_01.18.2026_LS,SHW,6641,0,false,1,0.02,0.1656,0.1656,541.9,8534,8534,0
UpperRichland_SHW_01.18.2026_LS,SHW,6642,0,false,2,0.05,0.2103,0.2103,649.6,8559,8561,0
UpperRichland_SHW_01.18.2026_LS,SHW,6643,0,false,1,0.02,0.1208,0.1208,2381.9,8632,8632,0
UpperRichland_SHW_01.18.2026_LS,SHW,6644,0,false,1,0.02,0.1106,0.1106,627.1,8686,8686,0
UpperRichland_SHW_01.18.2026_LS,SHW,6645,0,false,3,0.05,0.3218,0.3218,827.5,8839,8841,0
UpperRichland_SHW_01.18.2026_LS,SHW,6646,0,false,2,0.03,0.31,0.31,2405.4,8861,8862,0
UpperRichland_SHW_01.18.2026_LS,SHW,6647,0,false,1,0.02,0.182,0.182,616.0,8939,8939,0
UpperRichland_SHW_01.18.2026_LS,SHW,6648,0,false,1,0.02,0.1426,0.1426,303.5,8943,8943,0
UpperRichland_SHW_01.18.2026_LS,SHW,6649,0,false,6,0.27,0.2373,0.2562,714.5,8997,9012,0
UpperRichland_SHW_01.18.2026_LS,SHW,6650,0,false,1,0.02,0.1031,0.1031,558.2,9051,9051,0
UpperRichland_SHW_01.18.2026_LS,SHW,6651,0,false,2,0.03,0.1129,0.1129,1383.0,9169,9170,0
WhoopieCatDam_SHW_01.18.2026_LS,SHW,2235,0,duplicate,46,0.88,0.6299,0.7746,1794.9,2842,2894,27
WhoopieCatDam_SHW_01.18.2026_LS,SHW,2250,1,primary,93,1.67,0.6408,0.7887,2007.7,2914,3013,90
WhoopieCatDam_SHW_01.18.2026_LS,SHW,2267,0,duplicate,2,0.03,0.4408,0.4408,2398.2,2969,2970,2
WhoopieCatDam_SHW_01.18.2026_LS,SHW,3267,0,false,1,0.02,0.1617,0.1617,894.1,225,225,0
WhoopieCatDam_SHW_01.18.2026_LS,SHW,3268,0,false,9,0.23,0.2215,0.2933,1763.0,258,271,0
WhoopieCatDam_SHW_01.18.2026_LS,SHW,3269,0,false,1,0.02,0.3525,0.3525,1065.6,318,318,0
WhoopieCatDam_SHW_01.18.2026_LS,SHW,3270,0,false,3,0.45,0.2122,0.2122,1196.1,405,431,0
WhoopieCatDam_SHW_01.18.2026_LS,SHW,3271,0,false,4,0.08,0.1992,0.1992,1102.9,406,410,0
WhoopieCatDam_SHW_01.18.2026_LS,SHW,3272,0,false,1,0.02,0.1141,0.1141,1585.7,419,419,0
WhoopieCatDam_SHW_01.18.2026_LS,SHW,3273,0,false,2,0.03,0.2133,0.2133,1386.3,470,471,0
WhoopieCatDam_SHW_01.18.2026_LS,SHW,3274,0,false,2,0.2,0.3099,0.3099,1160.5,478,489,0
WhoopieCatDam_SHW_01.18.2026_LS,SHW,3275,0,false,1,0.02,0.1068,0.1068,403.8,484,484,0
WhoopieCatDam_SHW_01.18.2026_LS,SHW,3276,0,false,1,0.02,0.6281,0.6281,1730.3,516,516,0
WhoopieCatDam_SHW_01.18.2026_LS,SHW,3277,0,false,1,0.02,0.1493,0.1493,855.8,543,543,0
WhoopieCatDam_SHW_01.18.2026_LS,SHW,3278,0,false,3,0.05,0.3035,0.3035,501.4,625,627,0
WhoopieCatDam_SHW_01.18.2026_LS,SHW,3279,0,false,1,0.02,0.1018,0.1018,1387.6,706,706,0
WhoopieCatDam_SHW_01.18.2026_LS,SHW,3280,0,false,1,0.02,0.251,0.251,525.3,838,838,0
WhoopieCatDam_SHW_01.18.2026_LS,SHW,3281,0,false,1,0.02,0.2612,0.2612,2341.4,905,905,0
WhoopieCatDam_SHW_01.18.2026_LS,SHW,3282,0,false,2,0.05,0.1202,0.1202,2146.0,1155,1157,0
WhoopieCatDam_SHW_01.18.2026_LS,SHW,3283,0,false,3,0.08,0.189,0.189,2140.2,1186,1190,0
WhoopieCatDam_SHW_01.18.2026_LS,SHW,3284,0,false,2,0.13,0.2364,0.2364,889.8,1249,1256,0
WhoopieCatDam_SHW_01.18.2026_LS,SHW,3285,0,false,1,0.02,0.1726,0.1726,2066.1,1264,1264,0
WhoopieCatDam_SHW_01.18.2026_LS,SHW,3286,0,false,1,0.02,0.1011,0.1011,1437.7,1291,1291,0
WhoopieCatDam_SHW_01.18.2026_LS,SHW,3287,0,false,2,0.13,0.2041,0.2041,1758.8,1373,1380,0
WhoopieCatDam_SHW_01.18.2026_LS,SHW,3288,0,false,1,0.02,0.1076,0.1076,1829.9,1373,1373,0
WhoopieCatDam_SHW_01.18.2026_LS,SHW,3289,0,false,2,0.03,0.1063,0.1063,1772.2,1467,1468,0
WhoopieCatDam_SHW_01.18.2026_LS,SHW,3290,0,false,1,0.02,0.1291,0.1291,1994.3,1553,1553,0
WhoopieCatDam_SHW_01.18.2026_LS,SHW,3291,0,false,1,0.02,0.2301,0.2301,1357.8,1613,1613,0
WhoopieCatDam_SHW_01.18.2026_LS,SHW,3292,0,false,1,0.02,0.2369,0.2369,1565.4,1638,1638,0
WhoopieCatDam_SHW_01.18.2026_LS,SHW,3293,0,false,1,0.02,0.2931,0.2931,1638.7,1670,1670,0
WhoopieCatDam_SHW_01.18.2026_LS,SHW,3294,0,false,2,0.25,0.1519,0.1519,1157.3,1941,1955,0
WhoopieCatDam_SHW_01.18.2026_LS,SHW,3295,0,false,1,0.02,0.1082,0.1082,2060.4,1946,1946,0
WhoopieCatDam_SHW_01.18.2026_LS,SHW,3296,0,false,1,0.02,0.1138,0.1138,1335.8,1950,1950,0
WhoopieCatDam_SHW_01.18.2026_LS,SHW,3297,0,false,1,0.02,0.2431,0.2431,2275.0,1987,1987,0
WhoopieCatDam_SHW_01.18.2026_LS,SHW,3298,0,false,2,0.05,0.1857,0.1857,2205.8,1997,1999,0
WhoopieCatDam_SHW_01.18.2026_LS,SHW,3299,0,false,2,0.17,0.1787,0.1787,1344.0,2024,2033,0
WhoopieCatDam_SHW_01.18.2026_LS,SHW,3300,0,false,1,0.02,0.1903,0.1903,1613.9,2069,2069,0
WhoopieCatDam_SHW_01.18.2026_LS,SHW,3301,0,false,1,0.02,0.1549,0.1549,987.8,2077,2077,0
WhoopieCatDam_SHW_01.18.2026_LS,SHW,3302,0,false,2,0.03,0.1365,0.1365,1174.4,2089,2090,0
WhoopieCatDam_SHW_01.18.2026_LS,SHW,3303,0,false,4,0.13,0.286,0.286,1405.6,2102,2109,0
WhoopieCatDam_SHW_01.18.2026_LS,SHW,3304,0,false,3,0.05,0.2062,0.2062,1748.5,2145,2147,0
WhoopieCatDam_SHW_01.18.2026_LS,SHW,3305,0,false,1,0.02,0.1161,0.1161,1964.0,2151,2151,0
WhoopieCatDam_SHW_01.18.2026_LS,SHW,3306,0,false,5,0.6,0.1985,0.1985,2216.1,2266,2301,0
WhoopieCatDam_SHW_01.18.2026_LS,SHW,3307,0,false,1,0.02,0.1011,0.1011,1875.4,2411,2411,0
WhoopieCatDam_SHW_01.18.2026_LS,SHW,3308,0,false,1,0.02,0.1413,0.1413,2002.7,2540,2540,0
WhoopieCatDam_SHW_01.18.2026_LS,SHW,3309,0,false,1,0.02,0.1412,0.1412,1959.4,2659,2659,0
WhoopieCatDam_SHW_01.18.2026_LS,SHW,3310,0,false,4,0.15,0.1584,0.1584,2275.1,2790,2798,0
WhoopieCatDam_SHW_01.18.2026_LS,SHW,3311,0,false,2,0.03,0.2271,0.2271,2197.6,2797,2798,0
WhoopieCatDam_SHW_01.18.2026_LS,SHW,3312,0,false,12,0.87,0.2255,0.3221,1671.0,2810,2861,0
WhoopieCatDam_SHW_01.18.2026_LS,SHW,3313,0,duplicate,8,0.17,0.1736,0.2027,2032.2,2898,2907,4
WhoopieCatDam_SHW_01.18.2026_LS,SHW,3314,0,duplicate,12,0.55,0.2226,0.3032,1948.4,2907,2939,8
WhoopieCatDam_SHW_01.18.2026_LS,SHW,3315,0,duplicate,7,0.45,0.1743,0.2011,1625.6,2991,3017,4
WhoopieCatDam_SHW_01.18.2026_LS,SHW,3316,0,false,1,0.02,0.1038,0.1038,2245.5,3128,3128,0
WhoopieCatDam_SHW_01.18.2026_LS,SHW,3317,0,false,2,0.03,0.1565,0.1565,2143.7,3149,3150,0
WhoopieCatDam_SHW_01.18.2026_LS,SHW,3318,0,false,1,0.02,0.2256,0.2256,2067.6,3153,3153,0
WhoopieCatDam_SHW_01.18.2026_LS,SHW,3319,0,false,3,0.4,0.1579,0.1579,2227.4,3237,3260,0
WhoopieCatDam_SHW_01.18.2026_LS,SHW,3320,0,false,4,0.43,0.1516,0.1516,1734.3,3317,3342,0
WhoopieCatDam_SHW_01.18.2026_LS,SHW,3321,0,false,1,0.02,0.1192,0.1192,1856.1,3319,3319,0
WhoopieCatDam_SHW_01.18.2026_LS,SHW,3322,0,false,1,0.02,0.2288,0.2288,1915.7,3383,3383,0
WhoopieCatDam_SHW_01.18.2026_LS,SHW,3323,0,false,3,0.05,0.2423,0.2423,2095.6,3391,3393,0
WhoopieCatDam_SHW_01.18.2026_LS,SHW,3324,0,false,1,0.02,0.1017,0.1017,2119.8,3514,3514,0
WhoopieCatDam_SHW_01.18.2026_LS,SHW,3325,0,false,3,0.32,0.1387,0.1387,2118.5,3595,3613,0
WhoopieCatDam_SHW_01.18.2026_LS,SHW,3326,0,false,1,0.02,0.1421,0.1421,1853.3,3636,3636,0
WhoopieCatDam_SHW_01.18.2026_LS,SHW,3327,0,false,3,0.07,0.153,0.153,2063.4,3654,3657,0
WhoopieCatDam_SHW_01.18.2026_LS,SHW,3328,0,false,1,0.02,0.1051,0.1051,4434.6,3695,3695,0
WhoopieCatDam_SHW_01.18.2026_LS,SHW,3329,0,false,1,0.02,0.1619,0.1619,1006.5,3729,3729,0
WhoopieCatDam_SHW_01.18.2026_LS,SHW,3330,0,false,3,0.1,0.1562,0.1562,1582.8,3785,3790,0
WhoopieCatDam_SHW_01.18.2026_LS,SHW,3331,0,false,1,0.02,0.2113,0.2113,2397.7,3810,3810,0
WhoopieCatDam_SHW_01.18.2026_LS,SHW,3332,0,false,1,0.02,0.1691,0.1691,551.3,3844,3844,0
WhoopieCatDam_SHW_01.18.2026_LS,SHW,3333,0,false,2,0.27,0.1196,0.1196,1319.7,3844,3859,0
WhoopieCatDam_SHW_01.18.2026_LS,SHW,3334,0,false,1,0.02,0.1407,0.1407,1360.2,3902,3902,0
WhoopieCatDam_SHW_01.18.2026_LS,SHW,3335,0,false,1,0.02,0.5817,0.5817,1558.9,3909,3909,0
WhoopieCatDam_SHW_01.18.2026_LS,SHW,3336,0,false,1,0.02,0.1151,0.1151,1788.0,4073,4073,0
WhoopieCatDam_SHW_01.18.2026_LS,SHW,3337,0,false,7,0.3,0.1377,0.1477,1806.5,4099,4116,0
WhoopieCatDam_SHW_01.18.2026_LS,SHW,3338,0,false,2,0.03,0.2549,0.2549,1704.1,4136,4137,0
WhoopieCatDam_SHW_01.18.2026_LS,SHW,3339,0,false,1,0.02,0.1531,0.1531,1618.6,4141,4141,0
WhoopieCatDam_SHW_01.18.2026_LS,SHW,3340,0,false,4,0.25,0.2028,0.2028,1801.9,4153,4167,0
WhoopieCatDam_SHW_01.18.2026_LS,SHW,3341,0,false,1,0.02,0.1119,0.1119,1937.4,4189,4189,0
WhoopieCatDam_SHW_01.18.2026_LS,SHW,3342,0,false,1,0.02,0.1052,0.1052,2585.7,4233,4233,0
WhoopieCatDam_SHW_01.18.2026_LS,SHW,3343,0,false,2,0.03,0.3349,0.3349,1784.1,4285,4286,0
WhoopieCatDam_SHW_01.18.2026_LS,SHW,3344,0,false,2,0.03,0.1517,0.1517,1939.0,4298,4299,0
WhoopieCatDam_SHW_01.18.2026_LS,SHW,3345,0,false,1,0.02,0.1525,0.1525,1671.4,4334,4334,0
WhoopieCatDam_SHW_01.18.2026_LS,SHW,3346,0,false,2,0.18,0.1063,0.1063,1678.2,4376,4386,0
WhoopieCatDam_SHW_01.18.2026_LS,SHW,3347,0,false,3,0.05,0.2568,0.2568,679.6,4436,4438,0
WhoopieCatDam_SHW_01.18.2026_LS,SHW,3348,0,false,1,0.02,0.3404,0.3404,2535.7,4437,4437,0
WhoopieCatDam_SHW_01.18.2026_LS,SHW,3349,0,false,1,0.02,0.1256,0.1256,1835.2,4456,4456,0
WhoopieCatDam_SHW_01.18.2026_LS,SHW,3350,0,false,1,0.02,0.1099,0.1099,2306.9,4460,4460,0
WhoopieCatDam_SHW_01.18.2026_LS,SHW,3351,0,false,2,0.03,0.1765,0.1765,2239.0,4502,4503,0
WhoopieCatDam_SHW_01.18.2026_LS,SHW,3352,0,false,1,0.02,0.1624,0.1624,2507.9,4539,4539,0
WhoopieCatDam_SHW_01.18.2026_LS,SHW,3353,0,false,1,0.02,0.2109,0.2109,1335.0,4582,4582,0
WhoopieCatDam_SHW_01.18.2026_LS,SHW,3354,0,false,1,0.02,0.1051,0.1051,729.7,4667,4667,0
WhoopieCatDam_SHW_01.18.2026_LS,SHW,3355,0,false,2,0.07,0.1576,0.1576,1994.4,4765,4768,0
WhoopieCatDam_SHW_01.18.2026_LS,SHW,3356,0,false,1,0.02,0.158,0.158,916.1,5129,5129,0
WhoopieCatDam_SHW_01.18.2026_LS,SHW,3357,0,false,1,0.02,0.1994,0.1994,501.6,5201,5201,0
WhoopieCatDam_SHW_01.18.2026_LS,SHW,3358,0,false,1,0.02,0.1963,0.1963,1646.8,5209,5209,0
WolfCreekRd_SHB_12.11.2025_LS,SHB,4891,0,duplicate,17,0.3,0.547,0.6776,929.0,1991,2008,8
WolfCreekRd_SHB_12.11.2025_LS,SHB,4906,0,duplicate,1,0.02,0.3482,0.3482,866.8,2021,2021,1
WolfCreekRd_SHB_12.11.2025_LS,SHB,4908,1,primary,17,0.28,0.7063,0.7444,923.2,2023,2039,17
WolfCreekRd_SHB_12.11.2025_LS,SHB,4912,1,primary,11,0.18,0.5802,0.6527,888.2,2026,2036,11
WolfCreekRd_SHB_12.11.2025_LS,SHB,4922,0,duplicate,11,0.2,0.5679,0.6821,980.6,2051,2062,4
WolfCreekRd_SHB_12.11.2025_LS,SHB,4932,1,primary,39,0.65,0.6479,0.7224,806.3,2124,2162,25
WolfCreekRd_SHB_12.11.2025_LS,SHB,4937,0,duplicate,35,0.58,0.6695,0.7677,652.6,2130,2164,24
WolfCreekRd_SHB_12.11.2025_LS,SHB,4955,0,false,2,0.03,0.3811,0.3811,413.9,2283,2284,0
WolfCreekRd_SHB_12.11.2025_LS,SHB,4963,0,false,1,0.02,0.7071,0.7071,1340.7,2862,2862,0
WolfCreekRd_SHB_12.11.2025_LS,SHB,4971,0,false,1,0.02,0.3582,0.3582,571.9,2926,2926,0
WolfCreekRd_SHB_12.11.2025_LS,SHB,4983,0,false,1,0.02,0.4041,0.4041,719.2,3063,3063,0
WolfCreekRd_SHB_12.11.2025_LS,SHB,5017,0,false,4,0.07,0.3722,0.3722,800.2,6697,6700,0
WolfCreekRd_SHB_12.11.2025_LS,SHB,5021,0,false,113,2.02,0.4898,0.6814,722.6,6705,6825,0
WolfCreekRd_SHB_12.11.2025_LS,SHB,5048,0,false,14,0.27,0.3868,0.4898,761.4,6854,6869,0
WolfCreekRd_SHB_12.11.2025_LS,SHB,5052,0,false,42,0.87,0.386,0.6613,802.1,6888,6939,0
WolfCreekRd_SHB_12.11.2025_LS,SHB,5071,0,false,36,0.62,0.4934,0.6448,1033.1,7072,7108,0
WolfCreekRd_SHB_12.11.2025_LS,SHB,5082,0,false,2,0.03,0.4178,0.4178,300.6,7558,7559,0
WolfCreekRd_SHB_12.11.2025_LS,SHB,5085,0,false,1,0.02,0.531,0.531,341.5,7572,7572,0
WolfCreekRd_SHB_12.11.2025_LS,SHB,5093,0,false,4,0.07,0.3632,0.3632,364.8,7598,7601,0
WolfCreekRd_SHB_12.11.2025_LS,SHB,5094,0,false,2,0.03,0.349,0.349,389.6,7603,7604,0
WolfCreekRd_SHB_12.11.2025_LS,SHB,5106,0,false,8,0.15,0.3376,0.4206,384.0,7652,7660,0
WolfCreekRd_SHB_12.11.2025_LS,SHB,5112,0,false,1,0.02,0.4399,0.4399,403.5,7875,7875,0
WolfCreekRd_SHB_12.11.2025_LS,SHB,5116,0,false,1,0.02,0.4979,0.4979,4733.9,8452,8452,0
WolfCreekRd_SHB_12.11.2025_LS,SHB,5118,0,false,2,0.07,0.4426,0.4426,1088.1,8453,8456,0
WolfCreekRd_SHB_12.11.2025_LS,SHB,5139,0,false,16,0.47,0.5032,0.6838,2177.1,8551,8578,0
WolfCreekRd_SHB_12.11.2025_LS,SHB,5142,0,false,6,0.1,0.3975,0.4531,612.9,8554,8559,0
WolfCreekRd_SHB_12.11.2025_LS,SHB,5144,0,false,1,0.02,0.419,0.419,340.2,8558,8558,0
WolfCreekRd_SHB_12.11.2025_LS,SHB,5163,0,false,10,0.22,0.3478,0.4498,570.4,8846,8858,0
WolfCreekRd_SHB_12.11.2025_LS,SHB,6163,0,false,1,0.02,0.5075,0.5075,2054.4,132,132,0
WolfCreekRd_SHB_12.11.2025_LS,SHB,6164,0,false,5,0.1,0.2106,0.2106,871.7,173,178,0
WolfCreekRd_SHB_12.11.2025_LS,SHB,6165,0,false,1,0.02,0.1543,0.1543,3048.7,327,327,0
WolfCreekRd_SHB_12.11.2025_LS,SHB,6166,0,false,2,0.08,0.1415,0.1415,589.8,360,364,0
WolfCreekRd_SHB_12.11.2025_LS,SHB,6167,0,false,2,0.05,0.246,0.246,451.3,534,536,0
WolfCreekRd_SHB_12.11.2025_LS,SHB,6168,0,false,1,0.02,0.1617,0.1617,1437.8,648,648,0
WolfCreekRd_SHB_12.11.2025_LS,SHB,6169,0,false,1,0.02,0.1182,0.1182,1323.1,707,707,0
WolfCreekRd_SHB_12.11.2025_LS,SHB,6170,0,false,1,0.02,0.2218,0.2218,3086.4,717,717,0
WolfCreekRd_SHB_12.11.2025_LS,SHB,6171,0,false,4,0.07,0.2695,0.2695,639.6,868,871,0
WolfCreekRd_SHB_12.11.2025_LS,SHB,6172,0,false,1,0.02,0.1061,0.1061,316.1,871,871,0
WolfCreekRd_SHB_12.11.2025_LS,SHB,6173,0,false,2,0.03,0.1185,0.1185,661.3,886,887,0
WolfCreekRd_SHB_12.11.2025_LS,SHB,6174,0,false,2,0.23,0.2493,0.2493,647.2,893,906,0
WolfCreekRd_SHB_12.11.2025_LS,SHB,6175,0,false,1,0.02,0.1655,0.1655,467.3,897,897,0
WolfCreekRd_SHB_12.11.2025_LS,SHB,6176,0,false,3,0.28,0.266,0.266,1571.3,942,958,0
WolfCreekRd_SHB_12.11.2025_LS,SHB,6177,0,false,2,0.05,0.1347,0.1347,757.5,947,949,0
WolfCreekRd_SHB_12.11.2025_LS,SHB,6178,0,false,1,0.02,0.3367,0.3367,556.7,987,987,0
WolfCreekRd_SHB_12.11.2025_LS,SHB,6179,0,false,1,0.02,0.2449,0.2449,522.1,989,989,0
WolfCreekRd_SHB_12.11.2025_LS,SHB,6180,0,false,1,0.02,0.1439,0.1439,598.0,1172,1172,0
WolfCreekRd_SHB_12.11.2025_LS,SHB,6181,0,false,1,0.02,0.2834,0.2834,494.6,1249,1249,0
WolfCreekRd_SHB_12.11.2025_LS,SHB,6182,0,false,1,0.02,0.108,0.108,834.5,1419,1419,0
WolfCreekRd_SHB_12.11.2025_LS,SHB,6183,0,false,1,0.02,0.3863,0.3863,708.4,1885,1885,0
WolfCreekRd_SHB_12.11.2025_LS,SHB,6184,0,false,1,0.02,0.1361,0.1361,1726.4,1932,1932,0
WolfCreekRd_SHB_12.11.2025_LS,SHB,6185,0,duplicate,33,1.29,0.2965,0.5625,757.2,1990,2066,9
WolfCreekRd_SHB_12.11.2025_LS,SHB,6186,0,false,2,0.03,0.2114,0.2114,850.6,2122,2123,0
WolfCreekRd_SHB_12.11.2025_LS,SHB,6187,0,false,1,0.02,0.2911,0.2911,903.6,2123,2123,0
WolfCreekRd_SHB_12.11.2025_LS,SHB,6188,0,false,5,0.45,0.1297,0.1297,1024.7,2194,2220,0
WolfCreekRd_SHB_12.11.2025_LS,SHB,6189,0,false,12,0.38,0.1911,0.2401,555.1,2268,2290,0
WolfCreekRd_SHB_12.11.2025_LS,SHB,6190,0,false,1,0.02,0.1264,0.1264,734.8,2270,2270,0
WolfCreekRd_SHB_12.11.2025_LS,SHB,6191,0,false,8,0.55,0.1874,0.2282,456.7,2274,2306,0
WolfCreekRd_SHB_12.11.2025_LS,SHB,6192,0,false,3,0.08,0.1654,0.1654,757.0,2370,2374,0
WolfCreekRd_SHB_12.11.2025_LS,SHB,6193,0,false,1,0.02,0.1211,0.1211,329.7,2425,2425,0
WolfCreekRd_SHB_12.11.2025_LS,SHB,6194,0,false,2,0.03,0.2484,0.2484,611.0,2459,2460,0
WolfCreekRd_SHB_12.11.2025_LS,SHB,6195,0,false,1,0.02,0.1638,0.1638,1983.8,2562,2562,0
WolfCreekRd_SHB_12.11.2025_LS,SHB,6196,0,false,1,0.02,0.3088,0.3088,964.0,2642,2642,0
WolfCreekRd_SHB_12.11.2025_LS,SHB,6197,0,false,5,0.13,0.2544,0.2544,1438.2,2861,2868,0
WolfCreekRd_SHB_12.11.2025_LS,SHB,6198,0,false,8,0.3,0.2418,0.3116,560.3,2908,2925,0
WolfCreekRd_SHB_12.11.2025_LS,SHB,6199,0,false,9,1.0,0.2714,0.3608,798.1,3003,3062,0
WolfCreekRd_SHB_12.11.2025_LS,SHB,6200,0,false,4,0.08,0.1817,0.1817,447.2,3007,3011,0
WolfCreekRd_SHB_12.11.2025_LS,SHB,6201,0,false,1,0.02,0.1159,0.1159,717.6,3008,3008,0
WolfCreekRd_SHB_12.11.2025_LS,SHB,6202,0,false,2,0.03,0.2811,0.2811,807.7,3025,3026,0
WolfCreekRd_SHB_12.11.2025_LS,SHB,6203,0,false,1,0.02,0.7272,0.7272,2892.6,3042,3042,0
WolfCreekRd_SHB_12.11.2025_LS,SHB,6204,0,false,4,0.1,0.1455,0.1455,379.9,3125,3130,0
WolfCreekRd_SHB_12.11.2025_LS,SHB,6205,0,false,6,0.1,0.3845,0.4311,769.7,3222,3227,0
WolfCreekRd_SHB_12.11.2025_LS,SHB,6206,0,false,1,0.02,0.1498,0.1498,2091.5,3340,3340,0
WolfCreekRd_SHB_12.11.2025_LS,SHB,6207,0,false,1,0.02,0.1294,0.1294,1110.8,3349,3349,0
WolfCreekRd_SHB_12.11.2025_LS,SHB,6208,0,false,1,0.02,0.357,0.357,1377.2,4260,4260,0
WolfCreekRd_SHB_12.11.2025_LS,SHB,6209,0,false,1,0.02,0.1027,0.1027,507.3,4313,4313,0
WolfCreekRd_SHB_12.11.2025_LS,SHB,6210,0,false,6,0.12,0.3026,0.3335,501.1,5452,5458,0
WolfCreekRd_SHB_12.11.2025_LS,SHB,6211,0,false,1,0.02,0.1694,0.1694,509.4,5469,5469,0
WolfCreekRd_SHB_12.11.2025_LS,SHB,6212,0,false,4,0.07,0.2053,0.2053,538.2,5479,5482,0
WolfCreekRd_SHB_12.11.2025_LS,SHB,6213,0,false,1,0.02,0.1172,0.1172,788.5,5940,5940,0
WolfCreekRd_SHB_12.11.2025_LS,SHB,6214,0,false,2,0.03,0.1434,0.1434,899.2,6581,6582,0
WolfCreekRd_SHB_12.11.2025_LS,SHB,6215,0,false,31,1.65,0.2193,0.3084,757.4,6663,6761,0
WolfCreekRd_SHB_12.11.2025_LS,SHB,6216,0,false,31,1.22,0.1974,0.2919,745.2,6826,6898,0
WolfCreekRd_SHB_12.11.2025_LS,SHB,6217,0,false,9,0.43,0.1841,0.2131,1088.3,6933,6958,0
WolfCreekRd_SHB_12.11.2025_LS,SHB,6218,0,false,20,1.8,0.2176,0.333,934.4,7016,7123,0
WolfCreekRd_SHB_12.11.2025_LS,SHB,6219,0,false,40,1.95,0.2272,0.4138,373.2,7549,7665,0
WolfCreekRd_SHB_12.11.2025_LS,SHB,6220,0,false,5,0.1,0.2327,0.2327,396.7,7869,7874,0
WolfCreekRd_SHB_12.11.2025_LS,SHB,6221,0,false,15,0.52,0.2481,0.3346,1551.7,8446,8476,0
WolfCreekRd_SHB_12.11.2025_LS,SHB,6222,0,false,12,0.3,0.1703,0.2125,889.4,8510,8527,0
WolfCreekRd_SHB_12.11.2025_LS,SHB,6223,0,false,13,1.47,0.1937,0.2561,1900.1,8516,8603,0
WolfCreekRd_SHB_12.11.2025_LS,SHB,6224,0,false,1,0.02,0.1571,0.1571,674.7,8550,8550,0
WolfCreekRd_SHB_12.11.2025_LS,SHB,6225,0,false,4,0.3,0.1526,0.1526,561.3,8562,8579,0
WolfCreekRd_SHB_12.11.2025_LS,SHB,6226,0,false,3,0.07,0.1864,0.1864,592.6,8650,8653,0
WolfCreekRd_SHB_12.11.2025_LS,SHB,6227,0,false,3,0.1,0.1401,0.1401,1908.1,8652,8657,0
WolfCreekRd_SHB_12.11.2025_LS,SHB,6228,0,false,1,0.02,0.2712,0.2712,735.7,8663,8663,0
WolfCreekRd_SHB_12.11.2025_LS,SHB,6229,0,false,2,0.08,0.135,0.135,3464.3,8822,8826,0
WolfCreekRd_SHB_12.11.2025_LS,SHB,6230,0,false,20,1.12,0.1775,0.2396,547.1,8825,8891,0
