video,track_id,kind,confidence,counted,review
N25thBlue_MAS_12.22.25_LS_V2,2261,false,0.1935,0,0
N25thBlue_MAS_12.22.25_LS_V2,2273,false,0.0702,0,0
N25thBlue_MAS_12.22.25_LS_V2,2277,false,0.0,0,0
N25thBlue_MAS_12.22.25_LS_V2,2335,duplicate,0.6,1,0
N25thBlue_MAS_12.22.25_LS_V2,2374,false,0.0,0,0
N25thBlue_MAS_12.22.25_LS_V2,2391,false,0.1935,0,0
N25thBlue_MAS_12.22.25_LS_V2,2397,primary,0.0,0,0
N25thBlue_MAS_12.22.25_LS_V2,2410,false,0.0,0,0
N25thBlue_MAS_12.22.25_LS_V2,2450,primary,0.0702,0,0
N25thBlue_MAS_12.22.25_LS_V2,2457,false,0.0702,0,0
N25thBlue_MAS_12.22.25_LS_V2,2476,false,0.0,0,0
N25thBlue_MAS_12.22.25_LS_V2,2494,false,0.1935,0,0
N25thBlue_MAS_12.22.25_LS_V2,2495,false,0.0702,0,0
N25thBlue_MAS_12.22.25_LS_V2,2505,false,0.0702,0,0
N25thBlue_MAS_12.22.25_LS_V2,2518,false,0.0,0,0
N25thBlue_MAS_12.22.25_LS_V2,2519,false,0.0,0,0
N25thBlue_MAS_12.22.25_LS_V2,2532,false,0.0702,0,0
N25thBlue_MAS_12.22.25_LS_V2,2539,false,0.7762,1,0
N25thBlue_MAS_12.22.25_LS_V2,2555,false,0.0,0,0
N25thBlue_MAS_12.22.25_LS_V2,3555,false,0.0,0,0
N25thBlue_MAS_12.22.25_LS_V2,3556,false,0.0,0,0
N25thBlue_MAS_12.22.25_LS_V2,3557,false,0.0,0,0
N25thBlue_MAS_12.22.25_LS_V2,3558,false,0.0,0,0
N25thBlue_MAS_12.22.25_LS_V2,3559,false,0.0,0,0
N25thBlue_MAS_12.22.25_LS_V2,3560,false,0.0702,0,0
N25thBlue_MAS_12.22.25_LS_V2,3561,false,0.0,0,0
N25thBlue_MAS_12.22.25_LS_V2,3562,false,0.0,0,0
N25thBlue_MAS_12.22.25_LS_V2,3563,false,0.0,0,0
N25thBlue_MAS_12.22.25_LS_V2,3564,false,0.0,0,0
N25thBlue_MAS_12.22.25_LS_V2,3565,false,0.0702,0,0
N25thBlue_MAS_12.22.25_LS_V2,3566,false,0.0,0,0
N25thBlue_MAS_12.22.25_LS_V2,3567,false,0.0,0,0
N25thBlue_MAS_12.22.25_LS_V2,3568,false,0.0,0,0
N25thBlue_MAS_12.22.25_LS_V2,3569,false,0.0,0,0
N25thBlue_MAS_12.22.25_LS_V2,3570,false,0.0,0,0
N25thBlue_MAS_12.22.25_LS_V2,3571,false,0.0,0,0
N25thBlue_MAS_12.22.25_LS_V2,3572,false,0.0,0,0
N25thBlue_MAS_12.22.25_LS_V2,3573,false,0.0,0,0
N25thBlue_MAS_12.22.25_LS_V2,3574,false,0.0,0,0
N25thBlue_MAS_12.22.25_LS_V2,3575,false,0.0,0,0
N25thBlue_MAS_12.22.25_LS_V2,3576,false,0.0,0,0
N25thBlue_MAS_12.22.25_LS_V2,3577,false,0.0,0,0
N25thBlue_MAS_12.22.25_LS_V2,3578,false,0.0,0,0
N25thBlue_MAS_12.22.25_LS_V2,3579,false,0.0,0,0
N25thBlue_MAS_12.22.25_LS_V2,3580,false,0.0,0,0
N25thBlue_MAS_12.22.25_LS_V2,3581,false,0.0,0,0
N25thBlue_MAS_12.22.25_LS_V2,3582,false,0.0,0,0
N25thBlue_MAS_12.22.25_LS_V2,3583,false,0.0,0,0
N25thBlue_MAS_12.22.25_LS_V2,3584,false,0.0702,0,0
N25thBlue_MAS_12.22.25_LS_V2,3585,false,0.0,0,0
N25thBlue_MAS_12.22.25_LS_V2,3586,false,0.0,0,0
N25thBlue_MAS_12.22.25_LS_V2,3587,false,0.0,0,0
N25thBlue_MAS_12.22.25_LS_V2,3588,false,0.0,0,0
N25thBlue_MAS_12.22.25_LS_V2,3589,false,0.0,0,0
N25thBlue_MAS_12.22.25_LS_V2,3590,false,0.0,0,0
N25thBlue_MAS_12.22.25_LS_V2,3591,false,0.0,0,0
N25thBlue_MAS_12.22.25_LS_V2,3592,false,0.0,0,0
N25thBlue_MAS_12.22.25_LS_V2,3593,false,0.0909,0,0
N25thBlue_MAS_12.22.25_LS_V2,3594,false,0.0,0,0
N25thBlue_MAS_12.22.25_LS_V2,3595,false,0.0,0,0
N25thBlue_MAS_12.22.25_LS_V2,3596,false,0.0,0,0
N25thBlue_MAS_12.22.25_LS_V2,3597,false,0.0,0,0
N25thBlue_MAS_12.22.25_LS_V2,3598,false,0.0,0,0
N25thBlue_MAS_12.22.25_LS_V2,3599,primary,0.0909,0,0
N25thBlue_MAS_12.22.25_LS_V2,3600,false,0.0,0,0
N25thBlue_MAS_12.22.25_LS_V2,3601,false,0.0,0,0
N25thBlue_MAS_12.22.25_LS_V2,3602,false,0.0,0,0
N25thBlue_MAS_12.22.25_LS_V2,3603,false,0.0,0,0
N25thBlue_MAS_12.22.25_LS_V2,3604,false,0.0,0,0
N25thBlue_MAS_12.22.25_LS_V2,3605,false,0.0,0,0
N25thBlue_MAS_12.22.25_LS_V2,3606,false,0.0,0,0
N25thBlue_MAS_12.22.25_LS_V2,3607,false,0.0,0,0
N25thBlue_MAS_12.22.25_LS_V2,3608,false,0.0,0,0
N25thBlue_MAS_12.22.25_LS_V2,3609,false,0.0,0,0
N25thBlue_MAS_12.22.25_LS_V2,3610,false,0.0,0,0
N25thBlue_MAS_12.22.25_LS_V2,3611,false,0.0,0,0
N25thBlue_MAS_12.22.25_LS_V2,3612,false,0.0,0,0
N25thBlue_MAS_12.22.25_LS_V2,3613,false,0.0,0,0
N25thBlue_MAS_12.22.25_LS_V2,3614,false,0.0,0,0
N25thBlue_MAS_12.22.25_LS_V2,3615,false,0.0,0,0
N25thBlue_MAS_12.22.25_LS_V2,3616,false,0.0,0,0
N25thBlue_MAS_12.22.25_LS_V2,3617,false,0.0,0,0
N25thBlue_MAS_12.22.25_LS_V2,3618,false,0.0702,0,0
N25thBlue_MAS_12.22.25_LS_V2,3619,false,0.0,0,0
N25thBlue_MAS_12.22.25_LS_V2,3620,false,0.0,0,0
N25thBlue_MAS_12.22.25_LS_V2,3621,false,0.0,0,0
N25thBlue_MAS_12.22.25_LS_V2,3622,false,0.0,0,0
N25thBlue_MAS_12.22.25_LS_V2,3623,false,0.0,0,0
N25thBlue_MAS_12.22.25_LS_V2,3624,false,0.0,0,0
N25thBlue_MAS_12.22.25_LS_V2,3625,false,0.0,0,0
N25thBlue_MAS_12.22.25_LS_V2,3626,false,0.0,0,0
N25thBlue_MAS_12.22.25_LS_V2,3627,false,0.0,0,0
N25thBlue_MAS_12.22.25_LS_V2,3628,false,0.0,0,0
N25thBlue_MAS_12.22.25_LS_V2,3629,false,0.0,0,0
N25thBlue_MAS_12.22.25_LS_V2,3630,false,0.0,0,0
N25thBlue_MAS_12.22.25_LS_V2,3631,false,0.0,0,0
N25thBlue_MAS_12.22.25_LS_V2,3632,false,0.0,0,0
N25thBlue_MAS_12.22.25_LS_V2,3633,false,0.0,0,0
N25thBlue_MAS_12.22.25_LS_V2,3634,duplicate,0.0,0,0
N25thBlue_MAS_12.22.25_LS_V2,3635,false,0.0,0,0
N25thBlue_MAS_12.22.25_LS_V2,3636,false,0.0,0,0
N25thBlue_MAS_12.22.25_LS_V2,3637,false,0.0,0,0
N25thBlue_MAS_12.22.25_LS_V2,3638,false,0.0,0,0
N25thBlue_MAS_12.22.25_LS_V2,3639,false,0.0,0,0
N25thBlue_MAS_12.22.25_LS_V2,3640,false,0.0,0,0
N25thBlue_MAS_12.22.25_LS_V2,3641,false,0.0,0,0
N25thBlue_MAS_12.22.25_LS_V2,3642,false,0.0,0,0
N25thBlue_MAS_12.22.25_LS_V2,3643,false,0.0,0,0
N25thBlue_MAS_12.22.25_LS_V2,3644,false,0.0,0,0
N25thBlue_MAS_12.22.25_LS_V2,3645,false,0.0,0,0
N25thBlue_MAS_12.22.25_LS_V2,3646,false,0.0,0,0
N25thBlue_MAS_12.22.25_LS_V2,3647,false,0.0,0,0
N25thBlue_MAS_12.22.25_LS_V2,3648,false,0.0,0,0
N25thBlue_MAS_12.22.25_LS_V2,3649,false,0.0,0,0
N25thBlue_MAS_12.22.25_LS_V2,3650,false,0.0,0,0
N25thBlue_MAS_12.22.25_LS_V2,3651,false,0.0909,0,0
N25thBlue_MAS_12.22.25_LS_V2,3652,false,0.0,0,0
N25thBlue_MAS_12.22.25_LS_V2,3653,false,0.0,0,0
N25thBlue_MAS_12.22.25_LS_V2,3654,false,0.0,0,0
N25thBlue_MAS_12.22.25_LS_V2,3655,false,0.0,0,0
N25thBlue_MAS_12.22.25_LS_V2,3656,false,0.0,0,0
N25thBlue_MAS_12.22.25_LS_V2,3657,false,0.0,0,0
N25thBlue_MAS_12.22.25_LS_V2,3658,false,0.0,0,0
N25thBlue_MAS_12.22.25_LS_V2,3659,false,0.0,0,0
N25thBlue_MAS_12.22.25_LS_V2,3660,false,0.0,0,0
N25thBlue_MAS_12.22.25_LS_V2,3661,false,0.0,0,0
N25thBlue_MAS_12.22.25_LS_V2,3662,false,0.0,0,0
N25thBlue_MAS_12.22.25_LS_V2,3663,false,0.0,0,0
N25thBlue_MAS_12.22.25_LS_V2,3664,false,0.0,0,0
N25thBlue_MAS_12.22.25_LS_V2,3665,duplicate,0.0,0,0
N25thBlue_MAS_12.22.25_LS_V2,3666,duplicate,0.0,0,0
N25thBlue_MAS_12.22.25_LS_V2,3667,false,0.0,0,0
N25thBlue_MAS_12.22.25_LS_V2,3668,false,0.0,0,0
N25thBlue_MAS_12.22.25_LS_V2,3669,false,0.0,0,0
N25thBlue_MAS_12.22.25_LS_V2,3670,false,0.0,0,0
N25thBlue_MAS_12.22.25_LS_V2,3671,false,0.0,0,0
N25thBlue_MAS_12.22.25_LS_V2,3672,false,0.0,0,0
N25thBlue_MAS_12.22.25_LS_V2,3673,false,0.0,0,0
N25thBlue_MAS_12.22.25_LS_V2,3674,false,0.0,0,0
N25thBlue_MAS_12.22.25_LS_V2,3675,false,0.0702,0,0
N25thBlue_MAS_12.22.25_LS_V2,3676,false,0.0,0,0
N25thBlue_MAS_12.22.25_LS_V2,3677,false,0.0,0,0
N25thBlue_MAS_12.22.25_LS_V2,3678,false,0.0,0,0
N25thBlue_MAS_12.22.25_LS_V2,3679,false,0.0,0,0
N25thBlue_MAS_12.22.25_LS_V2,3680,false,0.0,0,0
N25thBlue_MAS_12.22.25_LS_V2,3681,false,0.0,0,0
N25thBlue_MAS_12.22.25_LS_V2,3682,false,0.0,0,0
N25thBlue_MAS_12.22.25_LS_V2,3683,false,0.0,0,0
N25thBlue_MAS_12.22.25_LS_V2,3684,false,0.0,0,0
N25thBlue_MAS_12.22.25_LS_V2,3685,false,0.0,0,0
N25thBlue_MAS_12.22.25_LS_V2,3686,false,0.0,0,0
N25thBlue_MAS_12.22.25_LS_V2,3687,false,0.0,0,0
N25thBlue_MAS_12.22.25_LS_V2,3688,false,0.0,0,0
N25thBlue_MAS_12.22.25_LS_V2,3689,false,0.0,0,0
N25thBlue_MAS_12.22.25_LS_V2,3690,false,0.0,0,0
N25thBlue_MAS_12.22.25_LS_V2,3691,false,0.0909,0,0
N25thBlue_MAS_12.22.25_LS_V2,3692,false,0.0,0,0
N25thBlue_MAS_12.22.25_LS_V2,3693,false,0.0,0,0
N25thBlue_MAS_12.22.25_LS_V2,3694,false,0.0,0,0
N25thBlue_MAS_12.22.25_LS_V2,3695,false,0.0,0,0
N25thBlue_MAS_12.22.25_LS_V2,3696,false,0.0,0,0
N25thBlue_MAS_12.22.25_LS_V2,3697,false,0.0,0,0
N25thBlue_MAS_12.22.25_LS_V2,3698,false,0.0,0,0
N25thBlue_MAS_12.22.25_LS_V2,3699,false,0.0702,0,0
N25thBlue_MAS_12.22.25_LS_V2,3700,false,0.0,0,0
N25thBlue_MAS_12.22.25_LS_V2,3701,false,0.0,0,0
N25thBlue_MAS_12.22.25_LS_V2,3702,false,0.0909,0,0
N25thRdOrange_MAS_12.22.25_LS_V1,705,false,0.0,0,0
N25thRdOrange_MAS_12.22.25_LS_V1,720,primary,0.6,1,0
N25thRdOrange_MAS_12.22.25_LS_V1,1720,false,0.0,0,0
N25thRdOrange_MAS_12.22.25_LS_V1,1721,false,0.0,0,0
N25thRdOrange_MAS_12.22.25_LS_V1,1722,false,0.0909,0,0
N25thRdOrange_MAS_12.22.25_LS_V1,1723,false,0.0,0,0
N25thRdOrange_MAS_12.22.25_LS_V1,1724,false,0.0,0,0
N25thRdOrange_MAS_12.22.25_LS_V1,1725,false,0.0,0,0
N25thRdOrange_MAS_12.22.25_LS_V1,1726,false,0.0,0,0
N25thRdOrange_MAS_12.22.25_LS_V1,1727,false,0.0,0,0
N25thRdOrange_MAS_12.22.25_LS_V1,1728,false,0.0,0,0
N25thRdOrange_MAS_12.22.25_LS_V1,1729,false,0.0,0,0
N25thRdOrange_MAS_12.22.25_LS_V1,1730,false,0.0,0,0
N25thRdOrange_MAS_12.22.25_LS_V1,1731,false,0.0,0,0
N25thRdOrange_MAS_12.22.25_LS_V1,1732,false,0.0,0,0
N25thRdOrange_MAS_12.22.25_LS_V1,1733,false,0.0,0,0
N25thRdOrange_MAS_12.22.25_LS_V1,1734,false,0.0,0,0
N25thRdOrange_MAS_12.22.25_LS_V1,1735,false,0.0,0,0
N25thRdOrange_MAS_12.22.25_LS_V1,1736,false,0.0,0,0
N25thRdOrange_MAS_12.22.25_LS_V1,1737,false,0.0,0,0
N25thRdOrange_MAS_12.22.25_LS_V1,1738,false,0.0,0,0
N25thRdOrange_MAS_12.22.25_LS_V1,1739,false,0.0,0,0
N25thRdOrange_MAS_12.22.25_LS_V1,1740,false,0.0,0,0
N25thRdOrange_MAS_12.22.25_LS_V1,1741,false,0.0,0,0
N25thRdOrange_MAS_12.22.25_LS_V1,1742,false,0.0,0,0
N25thRdOrange_MAS_12.22.25_LS_V1,1743,false,0.0,0,0
N25thRdOrange_MAS_12.22.25_LS_V1,1744,false,0.0,0,0
N25thRdOrange_MAS_12.22.25_LS_V1,1745,false,0.0,0,0
N25thRdOrange_MAS_12.22.25_LS_V1,1746,false,0.0,0,0
N25thRdOrange_MAS_12.22.25_LS_V1,1747,false,0.0,0,0
NWolfCreek(orange)_SHB_12.11.2025_LS,3261,false,0.1935,0,0
NWolfCreek(orange)_SHB_12.11.2025_LS,3269,false,0.1935,0,0
NWolfCreek(orange)_SHB_12.11.2025_LS,3277,duplicate,0.0702,0,0
NWolfCreek(orange)_SHB_12.11.2025_LS,3293,false,0.0,0,0
NWolfCreek(orange)_SHB_12.11.2025_LS,3301,false,0.0,0,0
NWolfCreek(orange)_SHB_12.11.2025_LS,3303,false,0.0,0,0
NWolfCreek(orange)_SHB_12.11.2025_LS,3333,primary,0.1935,0,0
NWolfCreek(orange)_SHB_12.11.2025_LS,3341,primary,0.8,1,0
NWolfCreek(orange)_SHB_12.11.2025_LS,3346,duplicate,0.0702,0,0
NWolfCreek(orange)_SHB_12.11.2025_LS,3347,primary,0.75,1,0
NWolfCreek(orange)_SHB_12.11.2025_LS,3351,duplicate,0.0909,0,0
NWolfCreek(orange)_SHB_12.11.2025_LS,3353,primary,0.6,1,0
NWolfCreek(orange)_SHB_12.11.2025_LS,3354,primary,0.0702,0,0
NWolfCreek(orange)_SHB_12.11.2025_LS,3371,duplicate,0.0702,0,0
NWolfCreek(orange)_SHB_12.11.2025_LS,3383,false,0.0702,0,0
NWolfCreek(orange)_SHB_12.11.2025_LS,3385,duplicate,0.0,0,0
NWolfCreek(orange)_SHB_12.11.2025_LS,3394,primary,0.8,1,0
NWolfCreek(orange)_SHB_12.11.2025_LS,4394,false,0.0,0,0
NWolfCreek(orange)_SHB_12.11.2025_LS,4395,false,0.0909,0,0
NWolfCreek(orange)_SHB_12.11.2025_LS,4396,false,0.0,0,0
NWolfCreek(orange)_SHB_12.11.2025_LS,4397,false,0.0,0,0
NWolfCreek(orange)_SHB_12.11.2025_LS,4398,false,0.0,0,0
NWolfCreek(orange)_SHB_12.11.2025_LS,4399,false,0.0,0,0
NWolfCreek(orange)_SHB_12.11.2025_LS,4400,false,0.0,0,0
NWolfCreek(orange)_SHB_12.11.2025_LS,4401,false,0.0,0,0
NWolfCreek(orange)_SHB_12.11.2025_LS,4402,false,0.0,0,0
NWolfCreek(orange)_SHB_12.11.2025_LS,4403,false,0.0,0,0
NWolfCreek(orange)_SHB_12.11.2025_LS,4404,false,0.0,0,0
NWolfCreek(orange)_SHB_12.11.2025_LS,4405,false,0.0,0,0
NWolfCreek(orange)_SHB_12.11.2025_LS,4406,false,0.0,0,0
NWolfCreek(orange)_SHB_12.11.2025_LS,4407,false,0.0,0,0
NWolfCreek(orange)_SHB_12.11.2025_LS,4408,false,0.0,0,0
NWolfCreek(orange)_SHB_12.11.2025_LS,4409,false,0.0,0,0
NWolfCreek(orange)_SHB_12.11.2025_LS,4410,false,0.0,0,0
NWolfCreek(orange)_SHB_12.11.2025_LS,4411,false,0.0909,0,0
NWolfCreek(orange)_SHB_12.11.2025_LS,4412,false,0.0,0,0
NWolfCreek(orange)_SHB_12.11.2025_LS,4413,false,0.0,0,0
NWolfCreek(orange)_SHB_12.11.2025_LS,4414,false,0.0,0,0
NWolfCreek(orange)_SHB_12.11.2025_LS,4415,false,0.0,0,0
NWolfCreek(orange)_SHB_12.11.2025_LS,4416,false,0.0,0,0
NWolfCreek(orange)_SHB_12.11.2025_LS,4417,primary,0.0909,0,0
NWolfCreek(orange)_SHB_12.11.2025_LS,4418,false,0.0,0,0
NWolfCreek(orange)_SHB_12.11.2025_LS,4419,false,0.0702,0,0
NWolfCreek(orange)_SHB_12.11.2025_LS,4420,false,0.0,0,0
NWolfCreek(orange)_SHB_12.11.2025_LS,4421,false,0.0,0,0
NWolfCreek(orange)_SHB_12.11.2025_LS,4422,false,0.0,0,0
NWolfCreek(orange)_SHB_12.11.2025_LS,4423,false,0.0,0,0
NWolfCreek(orange)_SHB_12.11.2025_LS,4424,false,0.0,0,0
NWolfCreek(orange)_SHB_12.11.2025_LS,4425,false,0.0,0,0
NWolfCreek(orange)_SHB_12.11.2025_LS,4426,false,0.0,0,0
NWolfCreek(orange)_SHB_12.11.2025_LS,4427,false,0.0,0,0
NWolfCreek(orange)_SHB_12.11.2025_LS,4428,false,0.0,0,0
NWolfCreek(orange)_SHB_12.11.2025_LS,4429,false,0.0,0,0
NWolfCreek(orange)_SHB_12.11.2025_LS,4430,false,0.0,0,0
NWolfCreek(orange)_SHB_12.11.2025_LS,4431,primary,0.0909,0,0
NWolfCreek(orange)_SHB_12.11.2025_LS,4432,false,0.0,0,0
NWolfCreek(orange)_SHB_12.11.2025_LS,4433,duplicate,0.0,0,0
NWolfCreek(orange)_SHB_12.11.2025_LS,4434,duplicate,0.0702,0,0
NWolfCreek(orange)_SHB_12.11.2025_LS,4435,false,0.0,0,0
NWolfCreek(orange)_SHB_12.11.2025_LS,4436,false,0.0,0,0
NWolfCreek(orange)_SHB_12.11.2025_LS,4437,false,0.0,0,0
NWolfCreek(orange)_SHB_12.11.2025_LS,4438,false,0.0,0,0
NWolfCreek(orange)_SHB_12.11.2025_LS,4439,duplicate,0.0,0,0
NWolfCreek(orange)_SHB_12.11.2025_LS,4440,duplicate,0.0909,0,0
NWolfCreek(orange)_SHB_12.11.2025_LS,4441,primary,0.0,0,0
NWolfCreek(orange)_SHB_12.11.2025_LS,4442,duplicate,0.0,0,0
NWolfCreek(orange)_SHB_12.11.2025_LS,4443,false,0.0,0,0
NWolfCreek(orange)_SHB_12.11.2025_LS,4444,false,0.0,0,0
Robinson_SHW_01.18.2026_LS,4104,false,0.0,0,0
Robinson_SHW_01.18.2026_LS,4106,false,0.0,0,0
Robinson_SHW_01.18.2026_LS,4146,false,0.0,0,0
Robinson_SHW_01.18.2026_LS,4150,duplicate,0.1935,0,0
Robinson_SHW_01.18.2026_LS,4157,primary,0.1935,0,0
Robinson_SHW_01.18.2026_LS,4166,false,0.0,0,0
Robinson_SHW_01.18.2026_LS,4176,false,0.0,0,0
Robinson_SHW_01.18.2026_LS,4285,false,0.0,0,0
Robinson_SHW_01.18.2026_LS,4295,false,0.0702,0,0
Robinson_SHW_01.18.2026_LS,4302,false,0.0,0,0
Robinson_SHW_01.18.2026_LS,4314,false,0.0702,0,0
Robinson_SHW_01.18.2026_LS,4344,primary,0.8333,1,0
Robinson_SHW_01.18.2026_LS,4347,primary,1.0,1,0
Robinson_SHW_01.18.2026_LS,4364,primary,0.1935,0,0
Robinson_SHW_01.18.2026_LS,4372,primary,0.6,1,0
Robinson_SHW_01.18.2026_LS,4376,duplicate,0.0,0,0
Robinson_SHW_01.18.2026_LS,4382,primary,1.0,1,0
Robinson_SHW_01.18.2026_LS,4392,false,0.0702,0,0
Robinson_SHW_01.18.2026_LS,4395,false,0.1935,0,0
Robinson_SHW_01.18.2026_LS,4406,duplicate,0.0,0,0
Robinson_SHW_01.18.2026_LS,4410,false,0.1935,0,0
Robinson_SHW_01.18.2026_LS,4412,false,0.0,0,0
Robinson_SHW_01.18.2026_LS,4436,false,0.0702,0,0
Robinson_SHW_01.18.2026_LS,4440,false,0.0,0,0
Robinson_SHW_01.18.2026_LS,4448,false,0.0,0,0
Robinson_SHW_01.18.2026_LS,4456,false,0.0909,0,0
Robinson_SHW_01.18.2026_LS,4465,false,0.0702,0,0
Robinson_SHW_01.18.2026_LS,4477,false,0.0,0,0
Robinson_SHW_01.18.2026_LS,4480,false,0.0,0,0
Robinson_SHW_01.18.2026_LS,4484,false,0.0,0,0
Robinson_SHW_01.18.2026_LS,4492,false,0.0702,0,0
Robinson_SHW_01.18.2026_LS,4515,false,0.0,0,0
Robinson_SHW_01.18.2026_LS,4529,false,0.0,0,0
Robinson_SHW_01.18.2026_LS,4547,false,0.0,0,0
Robinson_SHW_01.18.2026_LS,4556,false,0.0,0,0
Robinson_SHW_01.18.2026_LS,4560,false,0.0,0,0
Robinson_SHW_01.18.2026_LS,4569,false,0.0,0,0
Robinson_SHW_01.18.2026_LS,4604,false,0.0,0,0
Robinson_SHW_01.18.2026_LS,4608,false,0.0702,0,0
Robinson_SHW_01.18.2026_LS,5608,false,0.0,0,0
Robinson_SHW_01.18.2026_LS,5609,false,0.0,0,0
Robinson_SHW_01.18.2026_LS,5610,false,0.0,0,0
Robinson_SHW_01.18.2026_LS,5611,false,0.0,0,0
Robinson_SHW_01.18.2026_LS,5612,false,0.0,0,0
Robinson_SHW_01.18.2026_LS,5613,false,0.0,0,0
Robinson_SHW_01.18.2026_LS,5614,false,0.0,0,0
Robinson_SHW_01.18.2026_LS,5615,false,0.0,0,0
Robinson_SHW_01.18.2026_LS,5616,false,0.0,0,0
Robinson_SHW_01.18.2026_LS,5617,false,0.0,0,0
Robinson_SHW_01.18.2026_LS,5618,false,0.0,0,0
Robinson_SHW_01.18.2026_LS,5619,false,0.0702,0,0
Robinson_SHW_01.18.2026_LS,5620,false,0.0,0,0
Robinson_SHW_01.18.2026_LS,5621,false,0.0,0,0
Robinson_SHW_01.18.2026_LS,5622,false,0.0,0,0
Robinson_SHW_01.18.2026_LS,5623,false,0.0,0,0
Robinson_SHW_01.18.2026_LS,5624,false,0.0,0,0
Robinson_SHW_01.18.2026_LS,5625,false,0.0,0,0
Robinson_SHW_01.18.2026_LS,5626,false,0.0,0,0
Robinson_SHW_01.18.2026_LS,5627,false,0.0,0,0
Robinson_SHW_01.18.2026_LS,5628,false,0.0,0,0
Robinson_SHW_01.18.2026_LS,5629,false,0.0,0,0
Robinson_SHW_01.18.2026_LS,5630,false,0.0,0,0
Robinson_SHW_01.18.2026_LS,5631,false,0.0,0,0
Robinson_SHW_01.18.2026_LS,5632,false,0.0,0,0
Robinson_SHW_01.18.2026_LS,5633,false,0.0,0,0
Robinson_SHW_01.18.2026_LS,5634,false,0.0,0,0
Robinson_SHW_01.18.2026_LS,5635,false,0.0,0,0
Robinson_SHW_01.18.2026_LS,5636,false,0.0,0,0
Robinson_SHW_01.18.2026_LS,5637,false,0.0,0,0
Robinson_SHW_01.18.2026_LS,5638,false,0.0,0,0
Robinson_SHW_01.18.2026_LS,5639,false,0.0,0,0
Robinson_SHW_01.18.2026_LS,5640,false,0.0,0,0
Robinson_SHW_01.18.2026_LS,5641,false,0.0,0,0
Robinson_SHW_01.18.2026_LS,5642,false,0.0,0,0
Robinson_SHW_01.18.2026_LS,5643,false,0.0,0,0
Robinson_SHW_01.18.2026_LS,5644,false,0.0,0,0
Robinson_SHW_01.18.2026_LS,5645,false,0.0,0,0
Robinson_SHW_01.18.2026_LS,5646,false,0.0,0,0
Robinson_SHW_01.18.2026_LS,5647,false,0.0,0,0
Robinson_SHW_01.18.2026_LS,5648,false,0.0,0,0
Robinson_SHW_01.18.2026_LS,5649,primary,0.0,0,0
Robinson_SHW_01.18.2026_LS,5650,duplicate,0.0909,0,0
Robinson_SHW_01.18.2026_LS,5651,duplicate,0.0702,0,0
Robinson_SHW_01.18.2026_LS,5652,false,0.0,0,0
Robinson_SHW_01.18.2026_LS,5653,false,0.0,0,0
Robinson_SHW_01.18.2026_LS,5654,false,0.0,0,0
Robinson_SHW_01.18.2026_LS,5655,false,0.0,0,0
Robinson_SHW_01.18.2026_LS,5656,false,0.0,0,0
Robinson_SHW_01.18.2026_LS,5657,false,0.0,0,0
Robinson_SHW_01.18.2026_LS,5658,false,0.0,0,0
Robinson_SHW_01.18.2026_LS,5659,false,0.0,0,0
Robinson_SHW_01.18.2026_LS,5660,false,0.0,0,0
Robinson_SHW_01.18.2026_LS,5661,false,0.0,0,0
Robinson_SHW_01.18.2026_LS,5662,false,0.0,0,0
Robinson_SHW_01.18.2026_LS,5663,false,0.0,0,0
Robinson_SHW_01.18.2026_LS,5664,false,0.0,0,0
Robinson_SHW_01.18.2026_LS,5665,false,0.0,0,0
Robinson_SHW_01.18.2026_LS,5666,false,0.0,0,0
Robinson_SHW_01.18.2026_LS,5667,false,0.0,0,0
Robinson_SHW_01.18.2026_LS,5668,false,0.0,0,0
Robinson_SHW_01.18.2026_LS,5669,false,0.0,0,0
Robinson_SHW_01.18.2026_LS,5670,false,0.0,0,0
Robinson_SHW_01.18.2026_LS,5671,false,0.0,0,0
Robinson_SHW_01.18.2026_LS,5672,false,0.0,0,0
Robinson_SHW_01.18.2026_LS,5673,false,0.0,0,0
Robinson_SHW_01.18.2026_LS,5674,false,0.0,0,0
Robinson_SHW_01.18.2026_LS,5675,false,0.0,0,0
Robinson_SHW_01.18.2026_LS,5676,false,0.0,0,0
Robinson_SHW_01.18.2026_LS,5677,false,0.0,0,0
Robinson_SHW_01.18.2026_LS,5678,false,0.0,0,0
Robinson_SHW_01.18.2026_LS,5679,false,0.0,0,0
Robinson_SHW_01.18.2026_LS,5680,false,0.0,0,0
Robinson_SHW_01.18.2026_LS,5681,false,0.0,0,0
Robinson_SHW_01.18.2026_LS,5682,false,0.0,0,0
Robinson_SHW_01.18.2026_LS,5683,false,0.0,0,0
Robinson_SHW_01.18.2026_LS,5684,false,0.0,0,0
Robinson_SHW_01.18.2026_LS,5685,false,0.0,0,0
Robinson_SHW_01.18.2026_LS,5686,false,0.0,0,0
Robinson_SHW_01.18.2026_LS,5687,false,0.0,0,0
Robinson_SHW_01.18.2026_LS,5688,false,0.0,0,0
Robinson_SHW_01.18.2026_LS,5689,false,0.0,0,0
Robinson_SHW_01.18.2026_LS,5690,false,0.0,0,0
Robinson_SHW_01.18.2026_LS,5691,false,0.0,0,0
Robinson_SHW_01.18.2026_LS,5692,false,0.0,0,0
Robinson_SHW_01.18.2026_LS,5693,false,0.0,0,0
Robinson_SHW_01.18.2026_LS,5694,false,0.0,0,0
Robinson_SHW_01.18.2026_LS,5695,false,0.0702,0,0
Robinson_SHW_01.18.2026_LS,5696,false,0.0,0,0
Robinson_SHW_01.18.2026_LS,5697,false,0.0702,0,0
Robinson_SHW_01.18.2026_LS,5698,false,0.0,0,0
Robinson_SHW_01.18.2026_LS,5699,false,0.0,0,0
Robinson_SHW_01.18.2026_LS,5700,false,0.0,0,0
Robinson_SHW_01.18.2026_LS,5701,false,0.0,0,0
Robinson_SHW_01.18.2026_LS,5702,false,0.0,0,0
Robinson_SHW_01.18.2026_LS,5703,false,0.0,0,0
Robinson_SHW_01.18.2026_LS,5704,false,0.0,0,0
Robinson_SHW_01.18.2026_LS,5705,false,0.0,0,0
Robinson_SHW_01.18.2026_LS,5706,false,0.0,0,0
Robinson_SHW_01.18.2026_LS,5707,false,0.0,0,0
Robinson_SHW_01.18.2026_LS,5708,false,0.0,0,0
Robinson_SHW_01.18.2026_LS,5709,false,0.0,0,0
Robinson_SHW_01.18.2026_LS,5710,false,0.0,0,0
Robinson_SHW_01.18.2026_LS,5711,false,0.0,0,0
Robinson_SHW_01.18.2026_LS,5712,false,0.0,0,0
Robinson_SHW_01.18.2026_LS,5713,false,0.0,0,0
Robinson_SHW_01.18.2026_LS,5714,false,0.0,0,0
Robinson_SHW_01.18.2026_LS,5715,false,0.0,0,0
Robinson_SHW_01.18.2026_LS,5716,false,0.0,0,0
Robinson_SHW_01.18.2026_LS,5717,false,0.0,0,0
Robinson_SHW_01.18.2026_LS,5718,false,0.0,0,0
Robinson_SHW_01.18.2026_LS,5719,false,0.0,0,0
Robinson_SHW_01.18.2026_LS,5720,false,0.0,0,0
Robinson_SHW_01.18.2026_LS,5721,false,0.0,0,0
Robinson_SHW_01.18.2026_LS,5722,false,0.0,0,0
Robinson_SHW_01.18.2026_LS,5723,false,0.0,0,0
Robinson_SHW_01.18.2026_LS,5724,false,0.0,0,0
Robinson_SHW_01.18.2026_LS,5725,false,0.0,0,0
Robinson_SHW_01.18.2026_LS,5726,false,0.0,0,0
Robinson_SHW_01.18.2026_LS,5727,false,0.0,0,0
Robinson_SHW_01.18.2026_LS,5728,false,0.0,0,0
Robinson_SHW_01.18.2026_LS,5729,false,0.0,0,0
Robinson_SHW_01.18.2026_LS,5730,false,0.0,0,0
Robinson_SHW_01.18.2026_LS,5731,false,0.0,0,0
Robinson_SHW_01.18.2026_LS,5732,false,0.0,0,0
Robinson_SHW_01.18.2026_LS,5733,false,0.0,0,0
Robinson_SHW_01.18.2026_LS,5734,false,0.0,0,0
Robinson_SHW_01.18.2026_LS,5735,false,0.0,0,0
Robinson_SHW_01.18.2026_LS,5736,false,0.0,0,0
Robinson_SHW_01.18.2026_LS,5737,false,0.0,0,0
Robinson_SHW_01.18.2026_LS,5738,false,0.0,0,0
Robinson_SHW_01.18.2026_LS,5739,false,0.0,0,0
Robinson_SHW_01.18.2026_LS,5740,false,0.0,0,0
Robinson_SHW_01.18.2026_LS,5741,false,0.0,0,0
Robinson_SHW_01.18.2026_LS,5742,false,0.0,0,0
Robinson_SHW_01.18.2026_LS,5743,false,0.0,0,0
Robinson_SHW_01.18.2026_LS,5744,false,0.0,0,0
Robinson_SHW_01.18.2026_LS,5745,false,0.0,0,0
Robinson_SHW_01.18.2026_LS,5746,false,0.0,0,0
Robinson_SHW_01.18.2026_LS,5747,false,0.0,0,0
Robinson_SHW_01.18.2026_LS,5748,false,0.0,0,0
Robinson_SHW_01.18.2026_LS,5749,false,0.0,0,0
Robinson_SHW_01.18.2026_LS,5750,false,0.0,0,0
Robinson_SHW_01.18.2026_LS,5751,false,0.0702,0,0
Robinson_SHW_01.18.2026_LS,5752,false,0.0,0,0
Robinson_SHW_01.18.2026_LS,5753,false,0.0,0,0
Robinson_SHW_01.18.2026_LS,5754,false,0.0,0,0
Robinson_SHW_01.18.2026_LS,5755,false,0.0,0,0
Robinson_SHW_01.18.2026_LS,5756,false,0.0702,0,0
Robinson_SHW_01.18.2026_LS,5757,false,0.0,0,0
Robinson_SHW_01.18.2026_LS,5758,false,0.0,0,0
Robinson_SHW_01.18.2026_LS,5759,false,0.0,0,0
Robinson_SHW_01.18.2026_LS,5760,false,0.0,0,0
Robinson_SHW_01.18.2026_LS,5761,false,0.0,0,0
Robinson_SHW_01.18.2026_LS,5762,false,0.0,0,0
Robinson_SHW_01.18.2026_LS,5763,false,0.0,0,0
Robinson_SHW_01.18.2026_LS,5764,false,0.0,0,0
Robinson_SHW_01.18.2026_LS,5765,false,0.0,0,0
Robinson_SHW_01.18.2026_LS,5766,false,0.0702,0,0
Robinson_SHW_01.18.2026_LS,5767,duplicate,0.0909,0,0
Robinson_SHW_01.18.2026_LS,5768,false,0.0,0,0
Robinson_SHW_01.18.2026_LS,5769,false,0.0,0,0
Robinson_SHW_01.18.2026_LS,5770,false,0.0,0,0
Robinson_SHW_01.18.2026_LS,5771,false,0.0,0,0
Robinson_SHW_01.18.2026_LS,5772,false,0.0,0,0
Robinson_SHW_01.18.2026_LS,5773,false,0.0,0,0
Robinson_SHW_01.18.2026_LS,5774,false,0.0,0,0
Robinson_SHW_01.18.2026_LS,5775,false,0.0,0,0
Robinson_SHW_01.18.2026_LS,5776,false,0.0702,0,0
Robinson_SHW_01.18.2026_LS,5777,false,0.0,0,0
Robinson_SHW_01.18.2026_LS,5778,false,0.0702,0,0
Robinson_SHW_01.18.2026_LS,5779,false,0.0,0,0
Robinson_SHW_01.18.2026_LS,5780,false,0.0,0,0
Robinson_SHW_01.18.2026_LS,5781,false,0.0,0,0
Robinson_SHW_01.18.2026_LS,5782,false,0.0,0,0
Robinson_SHW_01.18.2026_LS,5783,false,0.0,0,0
Robinson_SHW_01.18.2026_LS,5784,false,0.0702,0,0
Robinson_SHW_01.18.2026_LS,5785,false,0.0909,0,0
Robinson_SHW_01.18.2026_LS,5786,false,0.0,0,0
Robinson_SHW_01.18.2026_LS,5787,false,0.0,0,0
Robinson_SHW_01.18.2026_LS,5788,false,0.0,0,0
Robinson_SHW_01.18.2026_LS,5789,false,0.0,0,0
Robinson_SHW_01.18.2026_LS,5790,false,0.0,0,0
Robinson_SHW_01.18.2026_LS,5791,false,0.0,0,0
Robinson_SHW_01.18.2026_LS,5792,false,0.0909,0,0
Robinson_SHW_01.18.2026_LS,5793,false,0.0,0,0
Robinson_SHW_01.18.2026_LS,5794,false,0.0,0,0
Robinson_SHW_01.18.2026_LS,5795,false,0.0,0,0
Robinson_SHW_01.18.2026_LS,5796,false,0.0,0,0
Robinson_SHW_01.18.2026_LS,5797,false,0.0,0,0
Robinson_SHW_01.18.2026_LS,5798,false,0.0,0,0
Robinson_SHW_01.18.2026_LS,5799,false,0.0,0,0
Robinson_SHW_01.18.2026_LS,5800,false,0.0,0,0
Robinson_SHW_01.18.2026_LS,5801,false,0.0,0,0
Robinson_SHW_01.18.2026_LS,5802,false,0.0,0,0
Robinson_SHW_01.18.2026_LS,5803,false,0.0,0,0
Robinson_SHW_01.18.2026_LS,5804,false,0.0,0,0
Robinson_SHW_01.18.2026_LS,5805,false,0.0,0,0
Robinson_SHW_01.18.2026_LS,5806,false,0.0,0,0
Robinson_SHW_01.18.2026_LS,5807,false,0.0,0,0
Robinson_SHW_01.18.2026_LS,5808,false,0.0,0,0
Robinson_SHW_01.18.2026_LS,5809,false,0.0,0,0
Robinson_SHW_01.18.2026_LS,5810,false,0.0,0,0
Robinson_SHW_01.18.2026_LS,5811,false,0.0,0,0
Robinson_SHW_01.18.2026_LS,5812,false,0.0,0,0
Robinson_SHW_01.18.2026_LS,5813,false,0.0,0,0
Robinson_SHW_01.18.2026_LS,5814,false,0.0,0,0
Robinson_SHW_01.18.2026_LS,5815,false,0.0,0,0
Robinson_SHW_01.18.2026_LS,5816,false,0.0,0,0
Robinson_SHW_01.18.2026_LS,5817,false,0.0,0,0
Robinson_SHW_01.18.2026_LS,5818,false,0.0,0,0
Robinson_SHW_01.18.2026_LS,5819,false,0.0702,0,0
Robinson_SHW_01.18.2026_LS,5820,false,0.0702,0,0
Robinson_SHW_01.18.2026_LS,5821,false,0.0,0,0
Robinson_SHW_01.18.2026_LS,5822,false,0.0,0,0
Robinson_SHW_01.18.2026_LS,5823,false,0.0,0,0
Robinson_SHW_01.18.2026_LS,5824,false,0.0,0,0
Robinson_SHW_01.18.2026_LS,5825,false,0.0,0,0
Robinson_SHW_01.18.2026_LS,5826,false,0.0,0,0
Robinson_SHW_01.18.2026_LS,5827,false,0.0,0,0
Robinson_SHW_01.18.2026_LS,5828,false,0.0,0,0
ChipsRd_TON_12.03.25_LS,5,false,0.0,0,0
ChipsRd_TON_12.03.25_LS,17,false,0.0392,0,0
ChipsRd_TON_12.03.25_LS,41,false,0.0,0,0
ChipsRd_TON_12.03.25_LS,50,duplicate,0.0392,0,0
ChipsRd_TON_12.03.25_LS,54,duplicate,0.0,0,0
ChipsRd_TON_12.03.25_LS,56,duplicate,0.0392,0,0
ChipsRd_TON_12.03.25_LS,70,duplicate,0.2632,0,0
ChipsRd_TON_12.03.25_LS,89,false,0.0,0,0
ChipsRd_TON_12.03.25_LS,115,false,0.0,0,0
ChipsRd_TON_12.03.25_LS,168,false,0.0,0,0
ChipsRd_TON_12.03.25_LS,194,false,0.0,0,0
ChipsRd_TON_12.03.25_LS,198,false,0.0,0,0
ChipsRd_TON_12.03.25_LS,203,false,0.0,0,0
ChipsRd_TON_12.03.25_LS,217,false,0.069,0,0
ChipsRd_TON_12.03.25_LS,230,false,0.0,0,0
ChipsRd_TON_12.03.25_LS,1230,false,0.0,0,0
ChipsRd_TON_12.03.25_LS,1231,false,0.0,0,0
ChipsRd_TON_12.03.25_LS,1232,false,0.0,0,0
ChipsRd_TON_12.03.25_LS,1233,false,0.0,0,0
ChipsRd_TON_12.03.25_LS,1234,false,0.0,0,0
ChipsRd_TON_12.03.25_LS,1235,false,0.0,0,0
ChipsRd_TON_12.03.25_LS,1236,false,0.0392,0,0
ChipsRd_TON_12.03.25_LS,1237,false,0.0,0,0
ChipsRd_TON_12.03.25_LS,1238,false,0.0,0,0
ChipsRd_TON_12.03.25_LS,1239,false,0.0,0,0
ChipsRd_TON_12.03.25_LS,1240,false,0.0,0,0
ChipsRd_TON_12.03.25_LS,1241,false,0.0,0,0
ChipsRd_TON_12.03.25_LS,1242,false,0.0,0,0
ChipsRd_TON_12.03.25_LS,1243,false,0.0,0,0
ChipsRd_TON_12.03.25_LS,1244,false,0.0,0,0
ChipsRd_TON_12.03.25_LS,1245,false,0.0,0,0
ChipsRd_TON_12.03.25_LS,1246,false,0.0,0,0
ChipsRd_TON_12.03.25_LS,1247,false,0.0,0,0
ChipsRd_TON_12.03.25_LS,1248,false,0.0,0,0
ChipsRd_TON_12.03.25_LS,1249,false,0.0,0,0
ChipsRd_TON_12.03.25_LS,1250,false,0.0,0,0
ChipsRd_TON_12.03.25_LS,1251,false,0.0,0,0
ChipsRd_TON_12.03.25_LS,1252,false,0.0,0,0
ChipsRd_TON_12.03.25_LS,1253,false,0.0,0,0
ChipsRd_TON_12.03.25_LS,1254,duplicate,0.0,0,0
ChipsRd_TON_12.03.25_LS,1255,false,0.0,0,0
ChipsRd_TON_12.03.25_LS,1256,primary,0.069,0,0
ChipsRd_TON_12.03.25_LS,1257,false,0.0,0,0
ChipsRd_TON_12.03.25_LS,1258,false,0.0,0,0
ChipsRd_TON_12.03.25_LS,1259,false,0.0,0,0
ChipsRd_TON_12.03.25_LS,1260,false,0.0,0,0
ChipsRd_TON_12.03.25_LS,1261,false,0.0,0,0
ChipsRd_TON_12.03.25_LS,1262,false,0.0,0,0
ChipsRd_TON_12.03.25_LS,1263,false,0.0,0,0
ChipsRd_TON_12.03.25_LS,1264,false,0.0,0,0
ChipsRd_TON_12.03.25_LS,1265,false,0.0,0,0
ChipsRd_TON_12.03.25_LS,1266,false,0.0,0,0
ChipsRd_TON_12.03.25_LS,1267,false,0.0,0,0
ChipsRd_TON_12.03.25_LS,1268,false,0.0,0,0
ChipsRd_TON_12.03.25_LS,1269,false,0.0,0,0
ChipsRd_TON_12.03.25_LS,1270,false,0.0,0,0
ChipsRd_TON_12.03.25_LS,1271,false,0.0,0,0
ChipsRd_TON_12.03.25_LS,1272,false,0.0,0,0
ChipsRd_TON_12.03.25_LS,1273,false,0.0,0,0
ChipsRd_TON_12.03.25_LS,1274,false,0.0,0,0
ChipsRd_TON_12.03.25_LS,1275,false,0.0,0,0
ChipsRd_TON_12.03.25_LS,1276,false,0.0,0,0
ChipsRd_TON_12.03.25_LS,1277,false,0.0,0,0
ChipsRd_TON_12.03.25_LS,1278,false,0.0,0,0
ChipsRd_TON_12.03.25_LS,1279,false,0.0,0,0
ChipsRd_TON_12.03.25_LS,1280,false,0.0,0,0
ChipsRd_TON_12.03.25_LS,1281,false,0.0,0,0
ChipsRd_TON_12.03.25_LS,1282,false,0.0,0,0
ChipsRd_TON_12.03.25_LS,1283,false,0.0,0,0
ChipsRd_TON_12.03.25_LS,1284,false,0.0,0,0
ChipsRd_TON_12.03.25_LS,1285,false,0.0,0,0
ChipsRd_TON_12.03.25_LS,1286,false,0.0,0,0
ChipsRd_TON_12.03.25_LS,1287,false,0.0,0,0
ChipsRd_TON_12.03.25_LS,1288,false,0.0,0,0
ChipsRd_TON_12.03.25_LS,1289,false,0.0,0,0
ChipsRd_TON_12.03.25_LS,1290,false,0.0,0,0
ChipsRd_TON_12.03.25_LS,1291,false,0.0,0,0
ChipsRd_TON_12.03.25_LS,1292,false,0.0,0,0
ChipsRd_TON_12.03.25_LS,1293,false,0.0,0,0
ChipsRd_TON_12.03.25_LS,1294,false,0.0,0,0
ChipsRd_TON_12.03.25_LS,1295,false,0.0,0,0
ChipsRd_TON_12.03.25_LS,1296,false,0.0,0,0
ChipsRd_TON_12.03.25_LS,1297,false,0.0,0,0
ChipsRd_TON_12.03.25_LS,1298,false,0.069,0,0
ChipsRd_TON_12.03.25_LS,1299,false,0.0,0,0
ChipsRd_TON_12.03.25_LS,1300,false,0.0,0,0
ChipsRd_TON_12.03.25_LS,1301,false,0.0,0,0
ChipsRd_TON_12.03.25_LS,1302,false,0.0,0,0
ChipsRd_TON_12.03.25_LS,1303,false,0.0,0,0
ChipsRd_TON_12.03.25_LS,1304,false,0.0,0,0
ChipsRd_TON_12.03.25_LS,1305,false,0.0392,0,0
ChipsRd_TON_12.03.25_LS,1306,false,0.0,0,0
ChipsRd_TON_12.03.25_LS,1307,false,0.0,0,0
ChipsRd_TON_12.03.25_LS,1308,false,0.0,0,0
ChipsRd_TON_12.03.25_LS,1309,false,0.0,0,0
ChipsRd_TON_12.03.25_LS,1310,false,0.0,0,0
ChipsRd_TON_12.03.25_LS,1311,false,0.0,0,0
ChipsRd_TON_12.03.25_LS,1312,false,0.0,0,0
ChipsRd_TON_12.03.25_LS,1313,false,0.0,0,0
ChipsRd_TON_12.03.25_LS,1314,false,0.0,0,0
ChipsRd_TON_12.03.25_LS,1315,false,0.0,0,0
ChipsRd_TON_12.03.25_LS,1316,false,0.0,0,0
ChipsRd_TON_12.03.25_LS,1317,false,0.0,0,0
ChipsRd_TON_12.03.25_LS,1318,false,0.0,0,0
ChipsRd_TON_12.03.25_LS,1319,false,0.0,0,0
ChipsRd_TON_12.03.25_LS,1320,false,0.0,0,0
ChipsRd_TON_12.03.25_LS,1321,false,0.0,0,0
ChipsRd_TON_12.03.25_LS,1322,false,0.0,0,0
ChipsRd_TON_12.03.25_LS,1323,false,0.0,0,0
ChipsRd_TON_12.03.25_LS,1324,false,0.0,0,0
ChipsRd_TON_12.03.25_LS,1325,false,0.0,0,0
ChipsRd_TON_12.03.25_LS,1326,false,0.0,0,0
ChipsRd_TON_12.03.25_LS,1327,false,0.0,0,0
ChipsRd_TON_12.03.25_LS,1328,false,0.0,0,0
ChipsRd_TON_12.03.25_LS,1329,false,0.0,0,0
ChipsRd_TON_12.03.25_LS,1330,false,0.0,0,0
ChipsRd_TON_12.03.25_LS,1331,false,0.0,0,0
ChipsRd_TON_12.03.25_LS,1332,false,0.0,0,0
ChipsRd_TON_12.03.25_LS,1333,false,0.0,0,0
ChipsRd_TON_12.03.25_LS,1334,false,0.0,0,0
ChipsRd_TON_12.03.25_LS,1335,false,0.0,0,0
ChipsRd_TON_12.03.25_LS,1336,false,0.0,0,0
ChipsRd_TON_12.03.25_LS,1337,false,0.0,0,0
ChipsRd_TON_12.03.25_LS,1338,false,0.0,0,0
ChipsRd_TON_12.03.25_LS,1339,false,0.0,0,0
ChipsRd_TON_12.03.25_LS,1340,false,0.0,0,0
ChipsRd_TON_12.03.25_LS,1341,false,0.0,0,0
ChipsRd_TON_12.03.25_LS,1342,false,0.0,0,0
ChipsRd_TON_12.03.25_LS,1343,false,0.0,0,0
ChipsRd_TON_12.03.25_LS,1344,false,0.0,0,0
ChipsRd_TON_12.03.25_LS,1345,false,0.0,0,0
ChipsRd_TON_12.03.25_LS,1346,false,0.0,0,0
ChipsRd_TON_12.03.25_LS,1347,false,0.0,0,0
ChipsRd_TON_12.03.25_LS,1348,false,0.0392,0,0
ChipsRd_TON_12.03.25_LS,1349,false,0.0,0,0
ChipsRd_TON_12.03.25_LS,1350,false,0.0392,0,0
ChipsRd_TON_12.03.25_LS,1351,false,0.0,0,0
ChipsRd_TON_12.03.25_LS,1352,false,0.0,0,0
ChipsRd_TON_12.03.25_LS,1353,false,0.0,0,0
ChipsRd_TON_12.03.25_LS,1354,false,0.0,0,0
ChipsRd_TON_12.03.25_LS,1355,false,0.0,0,0
ChipsRd_TON_12.03.25_LS,1356,false,0.0,0,0
ChipsRd_TON_12.03.25_LS,1357,false,0.0,0,0
GolfDr_SHB_12.11.2025,117,false,0.0,0,0
GolfDr_SHB_12.11.2025,142,false,0.0392,0,0
GolfDr_SHB_12.11.2025,160,false,0.0,0,0
GolfDr_SHB_12.11.2025,198,primary,1.0,1,0
GolfDr_SHB_12.11.2025,199,primary,1.0,1,0
GolfDr_SHB_12.11.2025,202,primary,1.0,1,0
GolfDr_SHB_12.11.2025,212,primary,1.0,1,0
GolfDr_SHB_12.11.2025,216,primary,0.6667,1,0
GolfDr_SHB_12.11.2025,222,primary,0.8,1,0
GolfDr_SHB_12.11.2025,232,primary,0.8,1,0
GolfDr_SHB_12.11.2025,238,primary,1.0,1,0
GolfDr_SHB_12.11.2025,241,duplicate,0.0392,0,0
GolfDr_SHB_12.11.2025,246,duplicate,0.069,0,0
GolfDr_SHB_12.11.2025,249,duplicate,0.5,1,0
GolfDr_SHB_12.11.2025,250,duplicate,0.3133,1,0
GolfDr_SHB_12.11.2025,266,duplicate,0.069,0,0
GolfDr_SHB_12.11.2025,267,duplicate,0.0,0,0
GolfDr_SHB_12.11.2025,317,duplicate,0.2632,0,0
GolfDr_SHB_12.11.2025,353,duplicate,0.0392,0,0
GolfDr_SHB_12.11.2025,377,duplicate,0.0392,0,0
GolfDr_SHB_12.11.2025,388,primary,0.2857,0,0
GolfDr_SHB_12.11.2025,392,primary,0.6667,1,0
GolfDr_SHB_12.11.2025,399,duplicate,0.0,0,0
GolfDr_SHB_12.11.2025,402,duplicate,0.0,0,0
GolfDr_SHB_12.11.2025,405,duplicate,0.0,0,0
GolfDr_SHB_12.11.2025,406,duplicate,0.0,0,0
GolfDr_SHB_12.11.2025,408,duplicate,0.069,0,0
GolfDr_SHB_12.11.2025,420,duplicate,0.0392,0,0
GolfDr_SHB_12.11.2025,435,duplicate,0.2857,0,0
GolfDr_SHB_12.11.2025,443,false,0.0,0,0
GolfDr_SHB_12.11.2025,481,false,0.0392,0,0
GolfDr_SHB_12.11.2025,484,duplicate,0.069,0,0
GolfDr_SHB_12.11.2025,487,duplicate,0.0392,0,0
GolfDr_SHB_12.11.2025,508,duplicate,0.0392,0,0
GolfDr_SHB_12.11.2025,543,duplicate,0.0,0,0
GolfDr_SHB_12.11.2025,546,duplicate,0.069,0,0
GolfDr_SHB_12.11.2025,548,duplicate,0.0,0,0
GolfDr_SHB_12.11.2025,569,false,0.0,0,0
GolfDr_SHB_12.11.2025,574,false,0.0392,0,0
GolfDr_SHB_12.11.2025,575,false,0.0,0,0
GolfDr_SHB_12.11.2025,580,false,0.0,0,0
GolfDr_SHB_12.11.2025,600,false,0.0,0,0
GolfDr_SHB_12.11.2025,607,false,0.0488,0,0
GolfDr_SHB_12.11.2025,626,false,0.0,0,0
GolfDr_SHB_12.11.2025,638,false,0.0392,0,0
GolfDr_SHB_12.11.2025,652,false,0.0,0,0
GolfDr_SHB_12.11.2025,1652,false,0.0,0,0
GolfDr_SHB_12.11.2025,1653,false,0.0,0,0
GolfDr_SHB_12.11.2025,1654,false,0.0,0,0
GolfDr_SHB_12.11.2025,1655,false,0.0,0,0
GolfDr_SHB_12.11.2025,1656,false,0.0,0,0
GolfDr_SHB_12.11.2025,1657,false,0.0,0,0
GolfDr_SHB_12.11.2025,1658,false,0.0392,0,0
GolfDr_SHB_12.11.2025,1659,false,0.0,0,0
GolfDr_SHB_12.11.2025,1660,false,0.0,0,0
GolfDr_SHB_12.11.2025,1661,false,0.0,0,0
GolfDr_SHB_12.11.2025,1662,false,0.0,0,0
GolfDr_SHB_12.11.2025,1663,false,0.0,0,0
GolfDr_SHB_12.11.2025,1664,false,0.0,0,0
GolfDr_SHB_12.11.2025,1665,false,0.0,0,0
GolfDr_SHB_12.11.2025,1666,false,0.0,0,0
GolfDr_SHB_12.11.2025,1667,false,0.0,0,0
GolfDr_SHB_12.11.2025,1668,false,0.0,0,0
GolfDr_SHB_12.11.2025,1669,false,0.0,0,0
GolfDr_SHB_12.11.2025,1670,false,0.0,0,0
GolfDr_SHB_12.11.2025,1671,false,0.0392,0,0
GolfDr_SHB_12.11.2025,1672,false,0.0392,0,0
GolfDr_SHB_12.11.2025,1673,false,0.0,0,0
GolfDr_SHB_12.11.2025,1674,false,0.0,0,0
GolfDr_SHB_12.11.2025,1675,false,0.069,0,0
GolfDr_SHB_12.11.2025,1676,false,0.0,0,0
GolfDr_SHB_12.11.2025,1677,false,0.0,0,0
GolfDr_SHB_12.11.2025,1678,false,0.0,0,0
GolfDr_SHB_12.11.2025,1679,duplicate,0.069,0,0
GolfDr_SHB_12.11.2025,1680,false,0.0,0,0
GolfDr_SHB_12.11.2025,1681,false,0.0,0,0
GolfDr_SHB_12.11.2025,1682,false,0.0,0,0
GolfDr_SHB_12.11.2025,1683,false,0.0,0,0
GolfDr_SHB_12.11.2025,1684,duplicate,0.069,0,0
GolfDr_SHB_12.11.2025,1685,false,0.0,0,0
GolfDr_SHB_12.11.2025,1686,duplicate,0.0,0,0
GolfDr_SHB_12.11.2025,1687,false,0.0,0,0
GolfDr_SHB_12.11.2025,1688,duplicate,0.0,0,0
GolfDr_SHB_12.11.2025,1689,duplicate,0.069,0,0
GolfDr_SHB_12.11.2025,1690,false,0.0,0,0
GolfDr_SHB_12.11.2025,1691,duplicate,0.069,0,0
GolfDr_SHB_12.11.2025,1692,false,0.0,0,0
GolfDr_SHB_12.11.2025,1693,false,0.0,0,0
GolfDr_SHB_12.11.2025,1694,duplicate,0.0392,0,0
GolfDr_SHB_12.11.2025,1695,false,0.069,0,0
GolfDr_SHB_12.11.2025,1696,false,0.0,0,0
GolfDr_SHB_12.11.2025,1697,duplicate,0.0,0,0
GolfDr_SHB_12.11.2025,1698,duplicate,0.069,0,0
GolfDr_SHB_12.11.2025,1699,false,0.0,0,0
GolfDr_SHB_12.11.2025,1700,false,0.069,0,0
GolfDr_SHB_12.11.2025,1701,false,0.0,0,0
GolfDr_SHB_12.11.2025,1702,false,0.0,0,0
GolfDr_SHB_12.11.2025,1703,false,0.0392,0,0
GolfDr_SHB_12.11.2025,1704,false,0.0,0,0
GolfDr_SHB_12.11.2025,1705,false,0.0,0,0
GolfDr_SHB_12.11.2025,1706,false,0.0,0,0
GolfDr_SHB_12.11.2025,1707,false,0.0,0,0
GolfDr_SHB_12.11.2025,1708,false,0.0,0,0
GolfDr_SHB_12.11.2025,1709,false,0.0,0,0
GolfDr_SHB_12.11.2025,1710,false,0.0,0,0
GolfDr_SHB_12.11.2025,1711,false,0.0,0,0
GolfDr_SHB_12.11.2025,1712,false,0.0,0,0
GolfDr_SHB_12.11.2025,1713,false,0.0,0,0
GolfDr_SHB_12.11.2025,1714,false,0.0,0,0
GolfDr_SHB_12.11.2025,1715,false,0.0,0,0
GolfDr_SHB_12.11.2025,1716,false,0.0,0,0
GolfDr_SHB_12.11.2025,1717,false,0.0,0,0
GolfDr_SHB_12.11.2025,1718,false,0.0,0,0
GolfDr_SHB_12.11.2025,1719,false,0.0,0,0
GolfDr_SHB_12.11.2025,1720,false,0.0,0,0
GolfDr_SHB_12.11.2025,1721,false,0.0,0,0
GolfDr_SHB_12.11.2025,1722,false,0.0,0,0
GolfDr_SHB_12.11.2025,1723,false,0.0,0,0
GolfDr_SHB_12.11.2025,1724,false,0.0,0,0
GolfDr_SHB_12.11.2025,1725,false,0.0,0,0
GolfDr_SHB_12.11.2025,1726,false,0.0,0,0
GolfDr_SHB_12.11.2025,1727,false,0.0,0,0
GolfDr_SHB_12.11.2025,1728,false,0.0,0,0
GolfDr_SHB_12.11.2025,1729,false,0.0,0,0
GolfDr_SHB_12.11.2025,1730,false,0.0,0,0
GolfDr_SHB_12.11.2025,1731,false,0.0,0,0
GolfDr_SHB_12.11.2025,1732,false,0.0392,0,0
GolfDr_SHB_12.11.2025,1733,false,0.0,0,0
GolfDr_SHB_12.11.2025,1734,false,0.0,0,0
GolfDr_SHB_12.11.2025,1735,false,0.0,0,0
GolfDr_SHB_12.11.2025,1736,false,0.069,0,0
GolfDr_SHB_12.11.2025,1737,false,0.0,0,0
GolfDr_SHB_12.11.2025,1738,false,0.0,0,0
GolfDr_SHB_12.11.2025,1739,false,0.0,0,0
GolfDr_SHB_12.11.2025,1740,false,0.0,0,0
GolfDr_SHB_12.11.2025,1741,false,0.0,0,0
GolfDr_SHB_12.11.2025,1742,false,0.0,0,0
GolfDr_SHB_12.11.2025,1743,false,0.0,0,0
GolfDr_SHB_12.11.2025,1744,false,0.0,0,0
GolfDr_SHB_12.11.2025,1745,false,0.0,0,0
GolfDr_SHB_12.11.2025,1746,false,0.0,0,0
GolfDr_SHB_12.11.2025,1747,false,0.0,0,0
NIron_SHW_01.18.2026_LS,2575,false,0.0,0,0
NIron_SHW_01.18.2026_LS,2615,false,0.8,1,0
NIron_SHW_01.18.2026_LS,2620,false,0.2857,0,0
NIron_SHW_01.18.2026_LS,2623,false,0.0,0,0
NIron_SHW_01.18.2026_LS,2628,false,0.2857,0,0
NIron_SHW_01.18.2026_LS,2637,false,0.2842,0,0
NIron_SHW_01.18.2026_LS,2638,false,0.0,0,0
NIron_SHW_01.18.2026_LS,2699,false,0.069,0,0
NIron_SHW_01.18.2026_LS,2712,false,0.0,0,0
NIron_SHW_01.18.2026_LS,2749,false,0.0,0,0
NIron_SHW_01.18.2026_LS,2786,false,0.2842,0,0
NIron_SHW_01.18.2026_LS,2789,false,0.0,0,0
NIron_SHW_01.18.2026_LS,2791,false,0.0,0,0
NIron_SHW_01.18.2026_LS,2792,false,0.3951,1,0
NIron_SHW_01.18.2026_LS,2798,false,0.069,0,0
NIron_SHW_01.18.2026_LS,2806,false,0.069,0,0
NIron_SHW_01.18.2026_LS,2807,false,0.0,0,0
NIron_SHW_01.18.2026_LS,2813,false,0.0392,0,0
NIron_SHW_01.18.2026_LS,2821,false,0.0392,0,0
NIron_SHW_01.18.2026_LS,2836,false,0.2857,0,0
NIron_SHW_01.18.2026_LS,2846,false,0.2857,0,0
NIron_SHW_01.18.2026_LS,2908,false,0.0392,0,0
NIron_SHW_01.18.2026_LS,2909,false,0.0392,0,0
NIron_SHW_01.18.2026_LS,2912,false,0.0,0,0
NIron_SHW_01.18.2026_LS,2917,false,0.0392,0,0
NIron_SHW_01.18.2026_LS,2958,false,0.0,0,0
NIron_SHW_01.18.2026_LS,2986,false,0.0392,0,0
NIron_SHW_01.18.2026_LS,2989,false,0.0,0,0
NIron_SHW_01.18.2026_LS,3126,false,0.0,0,0
NIron_SHW_01.18.2026_LS,3182,false,0.0,0,0
NIron_SHW_01.18.2026_LS,3284,false,0.0,0,0
NIron_SHW_01.18.2026_LS,3321,false,0.0,0,0
NIron_SHW_01.18.2026_LS,3378,false,0.0,0,0
NIron_SHW_01.18.2026_LS,3400,false,0.0,0,0
NIron_SHW_01.18.2026_LS,3415,false,0.0392,0,0
NIron_SHW_01.18.2026_LS,3447,primary,0.8,1,0
NIron_SHW_01.18.2026_LS,3588,false,0.0,0,0
NIron_SHW_01.18.2026_LS,3605,false,0.2644,0,0
NIron_SHW_01.18.2026_LS,3606,primary,0.2671,0,0
NIron_SHW_01.18.2026_LS,3611,primary,0.3951,1,0
NIron_SHW_01.18.2026_LS,3612,false,0.0,0,0
NIron_SHW_01.18.2026_LS,3613,primary,0.2857,0,0
NIron_SHW_01.18.2026_LS,3679,false,0.0392,0,0
NIron_SHW_01.18.2026_LS,3698,false,0.0,0,0
NIron_SHW_01.18.2026_LS,3700,false,0.0,0,0
NIron_SHW_01.18.2026_LS,3703,false,0.069,0,0
NIron_SHW_01.18.2026_LS,3705,false,0.0,0,0
NIron_SHW_01.18.2026_LS,3707,false,0.0,0,0
NIron_SHW_01.18.2026_LS,3726,false,0.0,0,0
NIron_SHW_01.18.2026_LS,3734,false,0.069,0,0
NIron_SHW_01.18.2026_LS,3752,false,0.0,0,0
NIron_SHW_01.18.2026_LS,3777,false,0.0,0,0
NIron_SHW_01.18.2026_LS,3804,false,0.0392,0,0
NIron_SHW_01.18.2026_LS,3809,false,0.0,0,0
NIron_SHW_01.18.2026_LS,3815,false,0.0392,0,0
NIron_SHW_01.18.2026_LS,3832,false,0.0392,0,0
NIron_SHW_01.18.2026_LS,3855,false,0.069,0,0
NIron_SHW_01.18.2026_LS,3857,false,0.0,0,0
NIron_SHW_01.18.2026_LS,3858,false,0.0,0,0
NIron_SHW_01.18.2026_LS,3868,false,0.0,0,0
NIron_SHW_01.18.2026_LS,3883,false,0.0392,0,0
NIron_SHW_01.18.2026_LS,3893,false,0.0,0,0
NIron_SHW_01.18.2026_LS,3906,false,0.069,0,0
NIron_SHW_01.18.2026_LS,3909,false,0.0392,0,0
NIron_SHW_01.18.2026_LS,3910,false,0.0392,0,0
NIron_SHW_01.18.2026_LS,3935,false,0.6667,1,0
NIron_SHW_01.18.2026_LS,3938,false,0.0392,0,0
NIron_SHW_01.18.2026_LS,3945,false,0.0,0,0
NIron_SHW_01.18.2026_LS,4945,false,0.0,0,0
NIron_SHW_01.18.2026_LS,4946,false,0.0,0,0
NIron_SHW_01.18.2026_LS,4947,false,0.0,0,0
NIron_SHW_01.18.2026_LS,4948,false,0.0,0,0
NIron_SHW_01.18.2026_LS,4949,false,0.0,0,0
NIron_SHW_01.18.2026_LS,4950,false,0.0,0,0
NIron_SHW_01.18.2026_LS,4951,false,0.0,0,0
NIron_SHW_01.18.2026_LS,4952,false,0.0,0,0
NIron_SHW_01.18.2026_LS,4953,false,0.0,0,0
NIron_SHW_01.18.2026_LS,4954,false,0.0,0,0
NIron_SHW_01.18.2026_LS,4955,false,0.0,0,0
NIron_SHW_01.18.2026_LS,4956,false,0.0,0,0
NIron_SHW_01.18.2026_LS,4957,false,0.0,0,0
NIron_SHW_01.18.2026_LS,4958,false,0.0,0,0
NIron_SHW_01.18.2026_LS,4959,false,0.0,0,0
NIron_SHW_01.18.2026_LS,4960,false,0.0,0,0
NIron_SHW_01.18.2026_LS,4961,false,0.0,0,0
NIron_SHW_01.18.2026_LS,4962,false,0.0,0,0
NIron_SHW_01.18.2026_LS,4963,false,0.0,0,0
NIron_SHW_01.18.2026_LS,4964,false,0.0,0,0
NIron_SHW_01.18.2026_LS,4965,false,0.0,0,0
NIron_SHW_01.18.2026_LS,4966,false,0.0,0,0
NIron_SHW_01.18.2026_LS,4967,false,0.0,0,0
NIron_SHW_01.18.2026_LS,4968,false,0.0,0,0
NIron_SHW_01.18.2026_LS,4969,false,0.0,0,0
NIron_SHW_01.18.2026_LS,4970,false,0.0,0,0
NIron_SHW_01.18.2026_LS,4971,false,0.0,0,0
NIron_SHW_01.18.2026_LS,4972,false,0.0,0,0
NIron_SHW_01.18.2026_LS,4973,false,0.0,0,0
NIron_SHW_01.18.2026_LS,4974,false,0.0,0,0
NIron_SHW_01.18.2026_LS,4975,false,0.0,0,0
NIron_SHW_01.18.2026_LS,4976,false,0.0,0,0
NIron_SHW_01.18.2026_LS,4977,false,0.0392,0,0
NIron_SHW_01.18.2026_LS,4978,false,0.0,0,0
NIron_SHW_01.18.2026_LS,4979,false,0.0,0,0
NIron_SHW_01.18.2026_LS,4980,false,0.0,0,0
NIron_SHW_01.18.2026_LS,4981,false,0.0,0,0
NIron_SHW_01.18.2026_LS,4982,false,0.0,0,0
NIron_SHW_01.18.2026_LS,4983,false,0.0392,0,0
NIron_SHW_01.18.2026_LS,4984,false,0.0,0,0
NIron_SHW_01.18.2026_LS,4985,false,0.0,0,0
NIron_SHW_01.18.2026_LS,4986,false,0.0,0,0
NIron_SHW_01.18.2026_LS,4987,false,0.0,0,0
NIron_SHW_01.18.2026_LS,4988,false,0.0,0,0
NIron_SHW_01.18.2026_LS,4989,false,0.0,0,0
NIron_SHW_01.18.2026_LS,4990,false,0.0,0,0
NIron_SHW_01.18.2026_LS,4991,false,0.0,0,0
NIron_SHW_01.18.2026_LS,4992,false,0.0,0,0
NIron_SHW_01.18.2026_LS,4993,false,0.0,0,0
NIron_SHW_01.18.2026_LS,4994,false,0.0,0,0
NIron_SHW_01.18.2026_LS,4995,false,0.0,0,0
NIron_SHW_01.18.2026_LS,4996,false,0.0,0,0
NIron_SHW_01.18.2026_LS,4997,false,0.0,0,0
NIron_SHW_01.18.2026_LS,4998,false,0.0,0,0
NIron_SHW_01.18.2026_LS,4999,false,0.0,0,0
NIron_SHW_01.18.2026_LS,5000,false,0.0,0,0
NIron_SHW_01.18.2026_LS,5001,false,0.0,0,0
NIron_SHW_01.18.2026_LS,5002,false,0.0,0,0
NIron_SHW_01.18.2026_LS,5003,false,0.0392,0,0
NIron_SHW_01.18.2026_LS,5004,false,0.0,0,0
NIron_SHW_01.18.2026_LS,5005,false,0.0,0,0
NIron_SHW_01.18.2026_LS,5006,false,0.0,0,0
NIron_SHW_01.18.2026_LS,5007,false,0.0,0,0
NIron_SHW_01.18.2026_LS,5008,false,0.0,0,0
NIron_SHW_01.18.2026_LS,5009,false,0.0,0,0
NIron_SHW_01.18.2026_LS,5010,false,0.0,0,0
NIron_SHW_01.18.2026_LS,5011,false,0.0,0,0
NIron_SHW_01.18.2026_LS,5012,false,0.0,0,0
NIron_SHW_01.18.2026_LS,5013,false,0.0,0,0
NIron_SHW_01.18.2026_LS,5014,false,0.0,0,0
NIron_SHW_01.18.2026_LS,5015,false,0.0,0,0
NIron_SHW_01.18.2026_LS,5016,false,0.0,0,0
NIron_SHW_01.18.2026_LS,5017,false,0.069,0,0
NIron_SHW_01.18.2026_LS,5018,false,0.0,0,0
NIron_SHW_01.18.2026_LS,5019,false,0.0,0,0
NIron_SHW_01.18.2026_LS,5020,false,0.0392,0,0
NIron_SHW_01.18.2026_LS,5021,false,0.0,0,0
NIron_SHW_01.18.2026_LS,5022,false,0.0,0,0
NIron_SHW_01.18.2026_LS,5023,false,0.0,0,0
NIron_SHW_01.18.2026_LS,5024,false,0.0,0,0
NIron_SHW_01.18.2026_LS,5025,false,0.0,0,0
NIron_SHW_01.18.2026_LS,5026,false,0.0,0,0
NIron_SHW_01.18.2026_LS,5027,false,0.0,0,0
NIron_SHW_01.18.2026_LS,5028,false,0.0,0,0
NIron_SHW_01.18.2026_LS,5029,false,0.0,0,0
NIron_SHW_01.18.2026_LS,5030,false,0.0392,0,0
NIron_SHW_01.18.2026_LS,5031,false,0.0,0,0
NIron_SHW_01.18.2026_LS,5032,false,0.0,0,0
NIron_SHW_01.18.2026_LS,5033,false,0.0,0,0
NIron_SHW_01.18.2026_LS,5034,false,0.0,0,0
NIron_SHW_01.18.2026_LS,5035,false,0.0,0,0
NIron_SHW_01.18.2026_LS,5036,false,0.0,0,0
NIron_SHW_01.18.2026_LS,5037,false,0.0,0,0
NIron_SHW_01.18.2026_LS,5038,false,0.0,0,0
NIron_SHW_01.18.2026_LS,5039,false,0.0,0,0
NIron_SHW_01.18.2026_LS,5040,false,0.0,0,0
NIron_SHW_01.18.2026_LS,5041,false,0.0,0,0
NIron_SHW_01.18.2026_LS,5042,false,0.0,0,0
NIron_SHW_01.18.2026_LS,5043,false,0.0,0,0
NIron_SHW_01.18.2026_LS,5044,false,0.0,0,0
NIron_SHW_01.18.2026_LS,5045,false,0.0,0,0
NIron_SHW_01.18.2026_LS,5046,false,0.0,0,0
NIron_SHW_01.18.2026_LS,5047,false,0.0,0,0
NIron_SHW_01.18.2026_LS,5048,false,0.0,0,0
NIron_SHW_01.18.2026_LS,5049,false,0.0,0,0
NIron_SHW_01.18.2026_LS,5050,false,0.0,0,0
NIron_SHW_01.18.2026_LS,5051,false,0.0,0,0
NIron_SHW_01.18.2026_LS,5052,false,0.0,0,0
NIron_SHW_01.18.2026_LS,5053,false,0.0,0,0
NIron_SHW_01.18.2026_LS,5054,false,0.0,0,0
NIron_SHW_01.18.2026_LS,5055,false,0.0,0,0
NIron_SHW_01.18.2026_LS,5056,false,0.0,0,0
NIron_SHW_01.18.2026_LS,5057,false,0.0,0,0
NIron_SHW_01.18.2026_LS,5058,false,0.0392,0,0
NIron_SHW_01.18.2026_LS,5059,false,0.0,0,0
NIron_SHW_01.18.2026_LS,5060,false,0.0392,0,0
NIron_SHW_01.18.2026_LS,5061,false,0.0,0,0
NIron_SHW_01.18.2026_LS,5062,false,0.0392,0,0
NIron_SHW_01.18.2026_LS,5063,false,0.0,0,0
NIron_SHW_01.18.2026_LS,5064,false,0.0,0,0
NIron_SHW_01.18.2026_LS,5065,false,0.0,0,0
NIron_SHW_01.18.2026_LS,5066,false,0.0392,0,0
NIron_SHW_01.18.2026_LS,5067,false,0.0,0,0
NIron_SHW_01.18.2026_LS,5068,false,0.0,0,0
NIron_SHW_01.18.2026_LS,5069,false,0.0,0,0
NIron_SHW_01.18.2026_LS,5070,false,0.0,0,0
NIron_SHW_01.18.2026_LS,5071,false,0.0,0,0
NIron_SHW_01.18.2026_LS,5072,false,0.0,0,0
NIron_SHW_01.18.2026_LS,5073,false,0.0,0,0
NIron_SHW_01.18.2026_LS,5074,false,0.0,0,0
NIron_SHW_01.18.2026_LS,5075,false,0.0,0,0
NIron_SHW_01.18.2026_LS,5076,false,0.0,0,0
NIron_SHW_01.18.2026_LS,5077,false,0.0,0,0
NIron_SHW_01.18.2026_LS,5078,false,0.0,0,0
NIron_SHW_01.18.2026_LS,5079,false,0.0,0,0
NIron_SHW_01.18.2026_LS,5080,false,0.0,0,0
NIron_SHW_01.18.2026_LS,5081,false,0.0,0,0
NIron_SHW_01.18.2026_LS,5082,false,0.0,0,0
NIron_SHW_01.18.2026_LS,5083,false,0.0,0,0
NIron_SHW_01.18.2026_LS,5084,false,0.0,0,0
NIron_SHW_01.18.2026_LS,5085,false,0.0,0,0
NIron_SHW_01.18.2026_LS,5086,false,0.0,0,0
NIron_SHW_01.18.2026_LS,5087,false,0.0,0,0
NIron_SHW_01.18.2026_LS,5088,false,0.0,0,0
NIron_SHW_01.18.2026_LS,5089,false,0.0,0,0
NIron_SHW_01.18.2026_LS,5090,false,0.0,0,0
NIron_SHW_01.18.2026_LS,5091,false,0.0,0,0
NIron_SHW_01.18.2026_LS,5092,false,0.0,0,0
NIron_SHW_01.18.2026_LS,5093,false,0.0,0,0
NIron_SHW_01.18.2026_LS,5094,false,0.0,0,0
NIron_SHW_01.18.2026_LS,5095,false,0.0,0,0
NIron_SHW_01.18.2026_LS,5096,false,0.0,0,0
NIron_SHW_01.18.2026_LS,5097,false,0.0,0,0
NIron_SHW_01.18.2026_LS,5098,false,0.0,0,0
NIron_SHW_01.18.2026_LS,5099,false,0.0,0,0
NIron_SHW_01.18.2026_LS,5100,false,0.0,0,0
NIron_SHW_01.18.2026_LS,5101,false,0.0,0,0
NIron_SHW_01.18.2026_LS,5102,false,0.0,0,0
NIron_SHW_01.18.2026_LS,5103,false,0.0,0,0
NIron_SHW_01.18.2026_LS,5104,false,0.0,0,0
NIron_SHW_01.18.2026_LS,5105,false,0.0,0,0
NIron_SHW_01.18.2026_LS,5106,false,0.0,0,0
NIron_SHW_01.18.2026_LS,5107,false,0.0,0,0
NIron_SHW_01.18.2026_LS,5108,false,0.0,0,0
NIron_SHW_01.18.2026_LS,5109,false,0.0,0,0
NIron_SHW_01.18.2026_LS,5110,false,0.0,0,0
NIron_SHW_01.18.2026_LS,5111,false,0.0,0,0
NIron_SHW_01.18.2026_LS,5112,false,0.0,0,0
NIron_SHW_01.18.2026_LS,5113,false,0.0,0,0
NIron_SHW_01.18.2026_LS,5114,false,0.0,0,0
NIron_SHW_01.18.2026_LS,5115,false,0.0392,0,0
NIron_SHW_01.18.2026_LS,5116,false,0.0,0,0
NIron_SHW_01.18.2026_LS,5117,false,0.0,0,0
NIron_SHW_01.18.2026_LS,5118,false,0.0,0,0
NIron_SHW_01.18.2026_LS,5119,false,0.0,0,0
NIron_SHW_01.18.2026_LS,5120,false,0.0,0,0
NIron_SHW_01.18.2026_LS,5121,false,0.0,0,0
NIron_SHW_01.18.2026_LS,5122,false,0.0392,0,0
NIron_SHW_01.18.2026_LS,5123,false,0.0392,0,0
NIron_SHW_01.18.2026_LS,5124,false,0.0392,0,0
NIron_SHW_01.18.2026_LS,5125,false,0.0,0,0
NIron_SHW_01.18.2026_LS,5126,false,0.0,0,0
NIron_SHW_01.18.2026_LS,5127,false,0.0,0,0
NIron_SHW_01.18.2026_LS,5128,false,0.0,0,0
NIron_SHW_01.18.2026_LS,5129,false,0.0,0,0
NIron_SHW_01.18.2026_LS,5130,false,0.0,0,0
NIron_SHW_01.18.2026_LS,5131,false,0.0,0,0
NIron_SHW_01.18.2026_LS,5132,false,0.0,0,0
NIron_SHW_01.18.2026_LS,5133,false,0.0,0,0
NIron_SHW_01.18.2026_LS,5134,false,0.0,0,0
NIron_SHW_01.18.2026_LS,5135,false,0.0,0,0
NIron_SHW_01.18.2026_LS,5136,false,0.0,0,0
NIron_SHW_01.18.2026_LS,5137,false,0.0,0,0
NIron_SHW_01.18.2026_LS,5138,false,0.0,0,0
NIron_SHW_01.18.2026_LS,5139,false,0.0,0,0
NIron_SHW_01.18.2026_LS,5140,false,0.0,0,0
NIron_SHW_01.18.2026_LS,5141,false,0.0,0,0
NIron_SHW_01.18.2026_LS,5142,false,0.0,0,0
NIron_SHW_01.18.2026_LS,5143,false,0.0,0,0
NIron_SHW_01.18.2026_LS,5144,false,0.0,0,0
NIron_SHW_01.18.2026_LS,5145,false,0.0,0,0
NIron_SHW_01.18.2026_LS,5146,false,0.0392,0,0
NIron_SHW_01.18.2026_LS,5147,false,0.0,0,0
NIron_SHW_01.18.2026_LS,5148,false,0.0,0,0
NIron_SHW_01.18.2026_LS,5149,false,0.0,0,0
NIron_SHW_01.18.2026_LS,5150,false,0.0,0,0
NIron_SHW_01.18.2026_LS,5151,false,0.0,0,0
NIron_SHW_01.18.2026_LS,5152,false,0.0,0,0
NIron_SHW_01.18.2026_LS,5153,false,0.0,0,0
NIron_SHW_01.18.2026_LS,5154,false,0.0,0,0
NIron_SHW_01.18.2026_LS,5155,false,0.0,0,0
NIron_SHW_01.18.2026_LS,5156,false,0.0,0,0
NIron_SHW_01.18.2026_LS,5157,false,0.0,0,0
NIron_SHW_01.18.2026_LS,5158,false,0.0,0,0
NIron_SHW_01.18.2026_LS,5159,false,0.0,0,0
NIron_SHW_01.18.2026_LS,5160,false,0.0,0,0
NIron_SHW_01.18.2026_LS,5161,false,0.0,0,0
NIron_SHW_01.18.2026_LS,5162,false,0.0,0,0
NIron_SHW_01.18.2026_LS,5163,false,0.0,0,0
NIron_SHW_01.18.2026_LS,5164,false,0.0,0,0
NIron_SHW_01.18.2026_LS,5165,false,0.0,0,0
NIron_SHW_01.18.2026_LS,5166,false,0.0,0,0
NIron_SHW_01.18.2026_LS,5167,false,0.0,0,0
NIron_SHW_01.18.2026_LS,5168,false,0.0,0,0
NIron_SHW_01.18.2026_LS,5169,false,0.0,0,0
NIron_SHW_01.18.2026_LS,5170,false,0.0,0,0
NIron_SHW_01.18.2026_LS,5171,false,0.0,0,0
NIron_SHW_01.18.2026_LS,5172,false,0.0,0,0
NIron_SHW_01.18.2026_LS,5173,false,0.0,0,0
NIron_SHW_01.18.2026_LS,5174,false,0.0,0,0
NIron_SHW_01.18.2026_LS,5175,false,0.0,0,0
NIron_SHW_01.18.2026_LS,5176,false,0.0,0,0
NIron_SHW_01.18.2026_LS,5177,false,0.0,0,0
NIron_SHW_01.18.2026_LS,5178,false,0.0,0,0
NIron_SHW_01.18.2026_LS,5179,false,0.0,0,0
NIron_SHW_01.18.2026_LS,5180,false,0.0,0,0
NIron_SHW_01.18.2026_LS,5181,false,0.0,0,0
NIron_SHW_01.18.2026_LS,5182,false,0.0,0,0
NIron_SHW_01.18.2026_LS,5183,false,0.0,0,0
NIron_SHW_01.18.2026_LS,5184,false,0.0,0,0
NIron_SHW_01.18.2026_LS,5185,false,0.0,0,0
NIron_SHW_01.18.2026_LS,5186,false,0.0,0,0
NIron_SHW_01.18.2026_LS,5187,false,0.0,0,0
NIron_SHW_01.18.2026_LS,5188,false,0.0,0,0
NIron_SHW_01.18.2026_LS,5189,false,0.0,0,0
NIron_SHW_01.18.2026_LS,5190,false,0.0,0,0
NIron_SHW_01.18.2026_LS,5191,false,0.0,0,0
NIron_SHW_01.18.2026_LS,5192,false,0.0,0,0
NIron_SHW_01.18.2026_LS,5193,false,0.0,0,0
NIron_SHW_01.18.2026_LS,5194,false,0.0,0,0
NIron_SHW_01.18.2026_LS,5195,false,0.0,0,0
NIron_SHW_01.18.2026_LS,5196,false,0.0,0,0
NIron_SHW_01.18.2026_LS,5197,false,0.0392,0,0
NIron_SHW_01.18.2026_LS,5198,false,0.0,0,0
NIron_SHW_01.18.2026_LS,5199,false,0.0392,0,0
NIron_SHW_01.18.2026_LS,5200,false,0.0,0,0
NIron_SHW_01.18.2026_LS,5201,false,0.0,0,0
NIron_SHW_01.18.2026_LS,5202,false,0.0,0,0
NIron_SHW_01.18.2026_LS,5203,false,0.0,0,0
NIron_SHW_01.18.2026_LS,5204,false,0.0,0,0
NIron_SHW_01.18.2026_LS,5205,false,0.0392,0,0
NIron_SHW_01.18.2026_LS,5206,false,0.0,0,0
NIron_SHW_01.18.2026_LS,5207,false,0.0,0,0
NIron_SHW_01.18.2026_LS,5208,false,0.0,0,0
NIron_SHW_01.18.2026_LS,5209,false,0.0,0,0
NIron_SHW_01.18.2026_LS,5210,false,0.0,0,0
NIron_SHW_01.18.2026_LS,5211,false,0.0,0,0
NIron_SHW_01.18.2026_LS,5212,false,0.0,0,0
NIron_SHW_01.18.2026_LS,5213,false,0.0,0,0
NIron_SHW_01.18.2026_LS,5214,false,0.0,0,0
NIron_SHW_01.18.2026_LS,5215,false,0.0,0,0
NIron_SHW_01.18.2026_LS,5216,false,0.0,0,0
NIron_SHW_01.18.2026_LS,5217,false,0.0,0,0
NIron_SHW_01.18.2026_LS,5218,false,0.069,0,0
NIron_SHW_01.18.2026_LS,5219,false,0.0,0,0
NIron_SHW_01.18.2026_LS,5220,false,0.069,0,0
NIron_SHW_01.18.2026_LS,5221,false,0.0,0,0
NIron_SHW_01.18.2026_LS,5222,false,0.0392,0,0
NIron_SHW_01.18.2026_LS,5223,false,0.0,0,0
NIron_SHW_01.18.2026_LS,5224,false,0.0,0,0
NIron_SHW_01.18.2026_LS,5225,false,0.0,0,0
NIron_SHW_01.18.2026_LS,5226,false,0.0,0,0
NIron_SHW_01.18.2026_LS,5227,false,0.0,0,0
NIron_SHW_01.18.2026_LS,5228,false,0.0,0,0
NIron_SHW_01.18.2026_LS,5229,false,0.0,0,0
NIron_SHW_01.18.2026_LS,5230,false,0.0,0,0
NIron_SHW_01.18.2026_LS,5231,false,0.0,0,0
NIron_SHW_01.18.2026_LS,5232,false,0.0,0,0
NIron_SHW_01.18.2026_LS,5233,false,0.0,0,0
NIron_SHW_01.18.2026_LS,5234,false,0.0,0,0
NIron_SHW_01.18.2026_LS,5235,false,0.0,0,0
NIron_SHW_01.18.2026_LS,5236,false,0.0,0,0
NIron_SHW_01.18.2026_LS,5237,false,0.0392,0,0
NIron_SHW_01.18.2026_LS,5238,false,0.0,0,0
NIron_SHW_01.18.2026_LS,5239,false,0.0,0,0
NIron_SHW_01.18.2026_LS,5240,false,0.0,0,0
NIron_SHW_01.18.2026_LS,5241,false,0.0,0,0
NIron_SHW_01.18.2026_LS,5242,false,0.0,0,0
NIron_SHW_01.18.2026_LS,5243,false,0.0,0,0
NIron_SHW_01.18.2026_LS,5244,false,0.0,0,0
NIron_SHW_01.18.2026_LS,5245,false,0.0,0,0
NIron_SHW_01.18.2026_LS,5246,false,0.0,0,0
NIron_SHW_01.18.2026_LS,5247,false,0.0,0,0
NIron_SHW_01.18.2026_LS,5248,false,0.0,0,0
NIron_SHW_01.18.2026_LS,5249,false,0.0,0,0
NIron_SHW_01.18.2026_LS,5250,false,0.0,0,0
NIron_SHW_01.18.2026_LS,5251,false,0.0,0,0
NIron_SHW_01.18.2026_LS,5252,false,0.0,0,0
NIron_SHW_01.18.2026_LS,5253,false,0.0,0,0
NIron_SHW_01.18.2026_LS,5254,false,0.0,0,0
NIron_SHW_01.18.2026_LS,5255,false,0.0,0,0
NIron_SHW_01.18.2026_LS,5256,false,0.0,0,0
NIron_SHW_01.18.2026_LS,5257,false,0.0,0,0
NIron_SHW_01.18.2026_LS,5258,false,0.0,0,0
NIron_SHW_01.18.2026_LS,5259,false,0.0,0,0
NIron_SHW_01.18.2026_LS,5260,false,0.0,0,0
NIron_SHW_01.18.2026_LS,5261,false,0.0,0,0
NIron_SHW_01.18.2026_LS,5262,false,0.0,0,0
NIron_SHW_01.18.2026_LS,5263,false,0.0,0,0
NIron_SHW_01.18.2026_LS,5264,false,0.0,0,0
NIron_SHW_01.18.2026_LS,5265,false,0.0,0,0
NIron_SHW_01.18.2026_LS,5266,false,0.0,0,0
NIron_SHW_01.18.2026_LS,5267,false,0.0,0,0
NIron_SHW_01.18.2026_LS,5268,false,0.0,0,0
NIron_SHW_01.18.2026_LS,5269,false,0.0,0,0
NIron_SHW_01.18.2026_LS,5270,false,0.0,0,0
NIron_SHW_01.18.2026_LS,5271,false,0.0,0,0
NIron_SHW_01.18.2026_LS,5272,false,0.0,0,0
NIron_SHW_01.18.2026_LS,5273,false,0.0,0,0
NIron_SHW_01.18.2026_LS,5274,false,0.0,0,0
NIron_SHW_01.18.2026_LS,5275,false,0.0,0,0
NIron_SHW_01.18.2026_LS,5276,false,0.0,0,0
NIron_SHW_01.18.2026_LS,5277,false,0.0,0,0
NIron_SHW_01.18.2026_LS,5278,false,0.0,0,0
NIron_SHW_01.18.2026_LS,5279,false,0.0,0,0
NIron_SHW_01.18.2026_LS,5280,false,0.0,0,0
NIron_SHW_01.18.2026_LS,5281,false,0.0,0,0
NIron_SHW_01.18.2026_LS,5282,false,0.0,0,0
NIron_SHW_01.18.2026_LS,5283,false,0.0,0,0
NIron_SHW_01.18.2026_LS,5284,false,0.0,0,0
NIron_SHW_01.18.2026_LS,5285,false,0.0,0,0
NIron_SHW_01.18.2026_LS,5286,false,0.0,0,0
NIron_SHW_01.18.2026_LS,5287,false,0.0,0,0
NIron_SHW_01.18.2026_LS,5288,false,0.0,0,0
NIron_SHW_01.18.2026_LS,5289,false,0.0,0,0
NIron_SHW_01.18.2026_LS,5290,false,0.0,0,0
NIron_SHW_01.18.2026_LS,5291,false,0.0,0,0
NIron_SHW_01.18.2026_LS,5292,false,0.0,0,0
NIron_SHW_01.18.2026_LS,5293,false,0.0,0,0
NIron_SHW_01.18.2026_LS,5294,false,0.0,0,0
NIron_SHW_01.18.2026_LS,5295,false,0.0,0,0
NIron_SHW_01.18.2026_LS,5296,false,0.0,0,0
NIron_SHW_01.18.2026_LS,5297,false,0.0,0,0
NIron_SHW_01.18.2026_LS,5298,false,0.0,0,0
NIron_SHW_01.18.2026_LS,5299,false,0.0,0,0
NIron_SHW_01.18.2026_LS,5300,false,0.0,0,0
NIron_SHW_01.18.2026_LS,5301,false,0.0,0,0
NIron_SHW_01.18.2026_LS,5302,false,0.0,0,0
NIron_SHW_01.18.2026_LS,5303,false,0.0,0,0
NIron_SHW_01.18.2026_LS,5304,false,0.0,0,0
NIron_SHW_01.18.2026_LS,5305,false,0.0,0,0
NIron_SHW_01.18.2026_LS,5306,false,0.0,0,0
NIron_SHW_01.18.2026_LS,5307,false,0.0,0,0
NIron_SHW_01.18.2026_LS,5308,false,0.0,0,0
NIron_SHW_01.18.2026_LS,5309,false,0.0,0,0
NIron_SHW_01.18.2026_LS,5310,false,0.0,0,0
NIron_SHW_01.18.2026_LS,5311,false,0.0,0,0
NIron_SHW_01.18.2026_LS,5312,false,0.0,0,0
NIron_SHW_01.18.2026_LS,5313,false,0.0,0,0
NIron_SHW_01.18.2026_LS,5314,false,0.0,0,0
NIron_SHW_01.18.2026_LS,5315,false,0.0,0,0
NIron_SHW_01.18.2026_LS,5316,false,0.0,0,0
NIron_SHW_01.18.2026_LS,5317,false,0.0,0,0
NIron_SHW_01.18.2026_LS,5318,false,0.0,0,0
NIron_SHW_01.18.2026_LS,5319,false,0.0,0,0
NIron_SHW_01.18.2026_LS,5320,false,0.0,0,0
NIron_SHW_01.18.2026_LS,5321,false,0.0,0,0
NIron_SHW_01.18.2026_LS,5322,false,0.0,0,0
NIron_SHW_01.18.2026_LS,5323,false,0.0,0,0
NIron_SHW_01.18.2026_LS,5324,false,0.0,0,0
NIron_SHW_01.18.2026_LS,5325,false,0.0,0,0
NIron_SHW_01.18.2026_LS,5326,false,0.0,0,0
NIron_SHW_01.18.2026_LS,5327,false,0.0,0,0
NIron_SHW_01.18.2026_LS,5328,false,0.0,0,0
NIron_SHW_01.18.2026_LS,5329,false,0.0,0,0
NIron_SHW_01.18.2026_LS,5330,false,0.0,0,0
NIron_SHW_01.18.2026_LS,5331,false,0.0,0,0
NIron_SHW_01.18.2026_LS,5332,false,0.0,0,0
NIron_SHW_01.18.2026_LS,5333,false,0.0,0,0
NIron_SHW_01.18.2026_LS,5334,false,0.0,0,0
NIron_SHW_01.18.2026_LS,5335,false,0.2632,0,0
NIron_SHW_01.18.2026_LS,5336,false,0.0,0,0
NIron_SHW_01.18.2026_LS,5337,false,0.0,0,0
NIron_SHW_01.18.2026_LS,5338,false,0.0,0,0
NIron_SHW_01.18.2026_LS,5339,false,0.0,0,0
NIron_SHW_01.18.2026_LS,5340,false,0.0,0,0
NIron_SHW_01.18.2026_LS,5341,false,0.069,0,0
NIron_SHW_01.18.2026_LS,5342,false,0.0488,0,0
NIron_SHW_01.18.2026_LS,5343,false,0.0,0,0
NIron_SHW_01.18.2026_LS,5344,false,0.0,0,0
NIron_SHW_01.18.2026_LS,5345,false,0.0,0,0
NIron_SHW_01.18.2026_LS,5346,false,0.0,0,0
NIron_SHW_01.18.2026_LS,5347,false,0.069,0,0
NIron_SHW_01.18.2026_LS,5348,false,0.0,0,0
NIron_SHW_01.18.2026_LS,5349,false,0.0,0,0
NIron_SHW_01.18.2026_LS,5350,false,0.0,0,0
NIron_SHW_01.18.2026_LS,5351,false,0.0,0,0
NIron_SHW_01.18.2026_LS,5352,false,0.0,0,0
NIron_SHW_01.18.2026_LS,5353,false,0.0,0,0
NIron_SHW_01.18.2026_LS,5354,false,0.0,0,0
NIron_SHW_01.18.2026_LS,5355,false,0.0,0,0
NIron_SHW_01.18.2026_LS,5356,false,0.0,0,0
NIron_SHW_01.18.2026_LS,5357,false,0.0,0,0
NIron_SHW_01.18.2026_LS,5358,false,0.0,0,0
NIron_SHW_01.18.2026_LS,5359,false,0.0,0,0
NIron_SHW_01.18.2026_LS,5360,false,0.0,0,0
NIron_SHW_01.18.2026_LS,5361,false,0.0,0,0
NIron_SHW_01.18.2026_LS,5362,false,0.0392,0,0
NIron_SHW_01.18.2026_LS,5363,false,0.069,0,0
NIron_SHW_01.18.2026_LS,5364,false,0.0392,0,0
NIron_SHW_01.18.2026_LS,5365,false,0.0,0,0
NIron_SHW_01.18.2026_LS,5366,false,0.0,0,0
NIron_SHW_01.18.2026_LS,5367,false,0.0392,0,0
NIron_SHW_01.18.2026_LS,5368,false,0.0,0,0
NIron_SHW_01.18.2026_LS,5369,false,0.0,0,0
NIron_SHW_01.18.2026_LS,5370,false,0.0,0,0
NIron_SHW_01.18.2026_LS,5371,false,0.0,0,0
NIron_SHW_01.18.2026_LS,5372,false,0.0,0,0
NIron_SHW_01.18.2026_LS,5373,false,0.0,0,0
NIron_SHW_01.18.2026_LS,5374,false,0.0,0,0
NIron_SHW_01.18.2026_LS,5375,false,0.0,0,0
NIron_SHW_01.18.2026_LS,5376,false,0.2632,0,0
NIron_SHW_01.18.2026_LS,5377,false,0.0,0,0
NIron_SHW_01.18.2026_LS,5378,false,0.0,0,0
NIron_SHW_01.18.2026_LS,5379,false,0.0,0,0
NIron_SHW_01.18.2026_LS,5380,false,0.0,0,0
NIron_SHW_01.18.2026_LS,5381,false,0.0392,0,0
NIron_SHW_01.18.2026_LS,5382,false,0.0,0,0
NIron_SHW_01.18.2026_LS,5383,false,0.0,0,0
NIron_SHW_01.18.2026_LS,5384,false,0.0392,0,0
NIron_SHW_01.18.2026_LS,5385,false,0.0,0,0
NIron_SHW_01.18.2026_LS,5386,false,0.0,0,0
NIron_SHW_01.18.2026_LS,5387,false,0.0,0,0
NIron_SHW_01.18.2026_LS,5388,false,0.0,0,0
NIron_SHW_01.18.2026_LS,5389,false,0.0,0,0
NIron_SHW_01.18.2026_LS,5390,false,0.0,0,0
NIron_SHW_01.18.2026_LS,5391,false,0.0,0,0
NIron_SHW_01.18.2026_LS,5392,false,0.0,0,0
NIron_SHW_01.18.2026_LS,5393,false,0.0,0,0
NIron_SHW_01.18.2026_LS,5394,false,0.0,0,0
NIron_SHW_01.18.2026_LS,5395,false,0.0,0,0
NIron_SHW_01.18.2026_LS,5396,false,0.0,0,0
NIron_SHW_01.18.2026_LS,5397,false,0.0,0,0
NIron_SHW_01.18.2026_LS,5398,false,0.0,0,0
NIron_SHW_01.18.2026_LS,5399,false,0.0,0,0
NIron_SHW_01.18.2026_LS,5400,false,0.0,0,0
NIron_SHW_01.18.2026_LS,5401,false,0.0,0,0
NIron_SHW_01.18.2026_LS,5402,false,0.0392,0,0
NIron_SHW_01.18.2026_LS,5403,false,0.0,0,0
NIron_SHW_01.18.2026_LS,5404,false,0.0,0,0
NIron_SHW_01.18.2026_LS,5405,false,0.0,0,0
NIron_SHW_01.18.2026_LS,5406,false,0.069,0,0
NIron_SHW_01.18.2026_LS,5407,false,0.069,0,0
NIron_SHW_01.18.2026_LS,5408,false,0.0,0,0
NIron_SHW_01.18.2026_LS,5409,false,0.0,0,0
NIron_SHW_01.18.2026_LS,5410,false,0.0,0,0
NIron_SHW_01.18.2026_LS,5411,false,0.0,0,0
NIron_SHW_01.18.2026_LS,5412,false,0.0,0,0
NIron_SHW_01.18.2026_LS,5413,false,0.0,0,0
NIron_SHW_01.18.2026_LS,5414,false,0.0,0,0
NIron_SHW_01.18.2026_LS,5415,false,0.0,0,0
NIron_SHW_01.18.2026_LS,5416,false,0.0,0,0
NIron_SHW_01.18.2026_LS,5417,false,0.0,0,0
NIron_SHW_01.18.2026_LS,5418,false,0.0,0,0
NIron_SHW_01.18.2026_LS,5419,false,0.0,0,0
NIron_SHW_01.18.2026_LS,5420,false,0.0,0,0
NIron_SHW_01.18.2026_LS,5421,false,0.0,0,0
NIron_SHW_01.18.2026_LS,5422,false,0.0,0,0
NIron_SHW_01.18.2026_LS,5423,false,0.0,0,0
NIron_SHW_01.18.2026_LS,5424,false,0.0,0,0
NIron_SHW_01.18.2026_LS,5425,false,0.0,0,0
NIron_SHW_01.18.2026_LS,5426,false,0.0,0,0
NIron_SHW_01.18.2026_LS,5427,false,0.0,0,0
NIron_SHW_01.18.2026_LS,5428,false,0.0,0,0
NIron_SHW_01.18.2026_LS,5429,false,0.0,0,0
NIron_SHW_01.18.2026_LS,5430,false,0.0,0,0
NIron_SHW_01.18.2026_LS,5431,false,0.0,0,0
NIron_SHW_01.18.2026_LS,5432,false,0.0,0,0
NIron_SHW_01.18.2026_LS,5433,false,0.0,0,0
NIron_SHW_01.18.2026_LS,5434,false,0.0,0,0
NIron_SHW_01.18.2026_LS,5435,false,0.0,0,0
NIron_SHW_01.18.2026_LS,5436,false,0.0,0,0
NIron_SHW_01.18.2026_LS,5437,false,0.069,0,0
NIron_SHW_01.18.2026_LS,5438,false,0.0,0,0
NIron_SHW_01.18.2026_LS,5439,false,0.0,0,0
NIron_SHW_01.18.2026_LS,5440,false,0.0,0,0
NIron_SHW_01.18.2026_LS,5441,false,0.0,0,0
NIron_SHW_01.18.2026_LS,5442,false,0.0,0,0
NIron_SHW_01.18.2026_LS,5443,false,0.0,0,0
NIron_SHW_01.18.2026_LS,5444,false,0.0,0,0
NIron_SHW_01.18.2026_LS,5445,false,0.0,0,0
NIron_SHW_01.18.2026_LS,5446,false,0.0,0,0
NIron_SHW_01.18.2026_LS,5447,false,0.0,0,0
NIron_SHW_01.18.2026_LS,5448,false,0.0,0,0
NIron_SHW_01.18.2026_LS,5449,false,0.069,0,0
NIron_SHW_01.18.2026_LS,5450,false,0.0,0,0
NIron_SHW_01.18.2026_LS,5451,false,0.0,0,0
NIron_SHW_01.18.2026_LS,5452,false,0.0,0,0
NIron_SHW_01.18.2026_LS,5453,false,0.0,0,0
NIron_SHW_01.18.2026_LS,5454,false,0.0,0,0
NIron_SHW_01.18.2026_LS,5455,false,0.0,0,0
NIron_SHW_01.18.2026_LS,5456,false,0.0,0,0
NIron_SHW_01.18.2026_LS,5457,false,0.0,0,0
NIron_SHW_01.18.2026_LS,5458,false,0.0,0,0
NIron_SHW_01.18.2026_LS,5459,false,0.0,0,0
NIron_SHW_01.18.2026_LS,5460,false,0.0,0,0
NIron_SHW_01.18.2026_LS,5461,false,0.0,0,0
NIron_SHW_01.18.2026_LS,5462,false,0.0,0,0
NIron_SHW_01.18.2026_LS,5463,false,0.0,0,0
NIron_SHW_01.18.2026_LS,5464,false,0.0,0,0
NIron_SHW_01.18.2026_LS,5465,false,0.0,0,0
NIron_SHW_01.18.2026_LS,5466,false,0.0,0,0
NIron_SHW_01.18.2026_LS,5467,false,0.0,0,0
NIron_SHW_01.18.2026_LS,5468,false,0.0,0,0
NIron_SHW_01.18.2026_LS,5469,false,0.0,0,0
NIron_SHW_01.18.2026_LS,5470,false,0.0,0,0
NIron_SHW_01.18.2026_LS,5471,false,0.0,0,0
NIron_SHW_01.18.2026_LS,5472,false,0.0392,0,0
NIron_SHW_01.18.2026_LS,5473,false,0.0,0,0
NIron_SHW_01.18.2026_LS,5474,false,0.0,0,0
NIron_SHW_01.18.2026_LS,5475,false,0.0,0,0
NIron_SHW_01.18.2026_LS,5476,false,0.0,0,0
NIron_SHW_01.18.2026_LS,5477,false,0.0,0,0
NIron_SHW_01.18.2026_LS,5478,false,0.0,0,0
NIron_SHW_01.18.2026_LS,5479,false,0.0,0,0
NIron_SHW_01.18.2026_LS,5480,false,0.0,0,0
NIron_SHW_01.18.2026_LS,5481,false,0.0,0,0
NIron_SHW_01.18.2026_LS,5482,false,0.0,0,0
NIron_SHW_01.18.2026_LS,5483,false,0.0,0,0
NIron_SHW_01.18.2026_LS,5484,false,0.0,0,0
NIron_SHW_01.18.2026_LS,5485,false,0.0,0,0
NIron_SHW_01.18.2026_LS,5486,false,0.0,0,0
NIron_SHW_01.18.2026_LS,5487,false,0.0,0,0
NIron_SHW_01.18.2026_LS,5488,false,0.0,0,0
NIron_SHW_01.18.2026_LS,5489,false,0.0,0,0
NIron_SHW_01.18.2026_LS,5490,false,0.0,0,0
NIron_SHW_01.18.2026_LS,5491,false,0.0,0,0
NIron_SHW_01.18.2026_LS,5492,false,0.0,0,0
NIron_SHW_01.18.2026_LS,5493,false,0.0,0,0
NIron_SHW_01.18.2026_LS,5494,false,0.0,0,0
NIron_SHW_01.18.2026_LS,5495,false,0.0,0,0
NIron_SHW_01.18.2026_LS,5496,false,0.0,0,0
NIron_SHW_01.18.2026_LS,5497,false,0.0,0,0
NIron_SHW_01.18.2026_LS,5498,false,0.0,0,0
NIron_SHW_01.18.2026_LS,5499,false,0.0392,0,0
NIron_SHW_01.18.2026_LS,5500,false,0.0,0,0
NIron_SHW_01.18.2026_LS,5501,false,0.0,0,0
NIron_SHW_01.18.2026_LS,5502,false,0.0,0,0
NIron_SHW_01.18.2026_LS,5503,false,0.0,0,0
NIron_SHW_01.18.2026_LS,5504,false,0.0,0,0
NIron_SHW_01.18.2026_LS,5505,false,0.0,0,0
NIron_SHW_01.18.2026_LS,5506,false,0.0,0,0
NIron_SHW_01.18.2026_LS,5507,false,0.0392,0,0
NIron_SHW_01.18.2026_LS,5508,false,0.0,0,0
NIron_SHW_01.18.2026_LS,5509,false,0.0392,0,0
NIron_SHW_01.18.2026_LS,5510,false,0.0,0,0
NIron_SHW_01.18.2026_LS,5511,duplicate,0.0,0,0
NIron_SHW_01.18.2026_LS,5512,false,0.0,0,0
NIron_SHW_01.18.2026_LS,5513,false,0.0,0,0
NIron_SHW_01.18.2026_LS,5514,false,0.0,0,0
NIron_SHW_01.18.2026_LS,5515,false,0.0,0,0
NIron_SHW_01.18.2026_LS,5516,false,0.0,0,0
NIron_SHW_01.18.2026_LS,5517,false,0.0,0,0
NIron_SHW_01.18.2026_LS,5518,false,0.0,0,0
NIron_SHW_01.18.2026_LS,5519,false,0.069,0,0
NIron_SHW_01.18.2026_LS,5520,false,0.0392,0,0
NIron_SHW_01.18.2026_LS,5521,false,0.069,0,0
NIron_SHW_01.18.2026_LS,5522,false,0.0,0,0
NIron_SHW_01.18.2026_LS,5523,false,0.0,0,0
NIron_SHW_01.18.2026_LS,5524,false,0.0,0,0
NIron_SHW_01.18.2026_LS,5525,false,0.0,0,0
NIron_SHW_01.18.2026_LS,5526,false,0.0,0,0
NIron_SHW_01.18.2026_LS,5527,false,0.0,0,0
NIron_SHW_01.18.2026_LS,5528,false,0.0,0,0
NIron_SHW_01.18.2026_LS,5529,false,0.0,0,0
NIron_SHW_01.18.2026_LS,5530,false,0.0,0,0
NIron_SHW_01.18.2026_LS,5531,false,0.0,0,0
NIron_SHW_01.18.2026_LS,5532,false,0.0,0,0
NIron_SHW_01.18.2026_LS,5533,false,0.0,0,0
NIron_SHW_01.18.2026_LS,5534,false,0.0,0,0
NIron_SHW_01.18.2026_LS,5535,false,0.0,0,0
NIron_SHW_01.18.2026_LS,5536,false,0.0,0,0
NIron_SHW_01.18.2026_LS,5537,false,0.0,0,0
NIron_SHW_01.18.2026_LS,5538,false,0.0,0,0
NIron_SHW_01.18.2026_LS,5539,false,0.0,0,0
NIron_SHW_01.18.2026_LS,5540,false,0.0,0,0
NIron_SHW_01.18.2026_LS,5541,false,0.0,0,0
NIron_SHW_01.18.2026_LS,5542,false,0.0,0,0
NIron_SHW_01.18.2026_LS,5543,false,0.0,0,0
NIron_SHW_01.18.2026_LS,5544,false,0.0,0,0
NIron_SHW_01.18.2026_LS,5545,false,0.0,0,0
NIron_SHW_01.18.2026_LS,5546,false,0.0,0,0
NIron_SHW_01.18.2026_LS,5547,false,0.0,0,0
NIron_SHW_01.18.2026_LS,5548,false,0.0,0,0
NIron_SHW_01.18.2026_LS,5549,false,0.0,0,0
NIron_SHW_01.18.2026_LS,5550,false,0.0,0,0
NIron_SHW_01.18.2026_LS,5551,false,0.0392,0,0
NIron_SHW_01.18.2026_LS,5552,false,0.0,0,0
NIron_SHW_01.18.2026_LS,5553,false,0.0,0,0
NIron_SHW_01.18.2026_LS,5554,false,0.0,0,0
NIron_SHW_01.18.2026_LS,5555,false,0.0,0,0
NIron_SHW_01.18.2026_LS,5556,false,0.0,0,0
NIron_SHW_01.18.2026_LS,5557,false,0.0,0,0
NIron_SHW_01.18.2026_LS,5558,false,0.0,0,0
NIron_SHW_01.18.2026_LS,5559,false,0.0,0,0
NIron_SHW_01.18.2026_LS,5560,false,0.0,0,0
NIron_SHW_01.18.2026_LS,5561,false,0.0392,0,0
NIron_SHW_01.18.2026_LS,5562,false,0.0,0,0
NIron_SHW_01.18.2026_LS,5563,false,0.0,0,0
NIron_SHW_01.18.2026_LS,5564,false,0.0,0,0
NIron_SHW_01.18.2026_LS,5565,false,0.0392,0,0
NIron_SHW_01.18.2026_LS,5566,false,0.0,0,0
NIron_SHW_01.18.2026_LS,5567,false,0.0,0,0
NIron_SHW_01.18.2026_LS,5568,false,0.0,0,0
NIron_SHW_01.18.2026_LS,5569,false,0.0,0,0
NIron_SHW_01.18.2026_LS,5570,false,0.0,0,0
NIron_SHW_01.18.2026_LS,5571,false,0.0,0,0
NIron_SHW_01.18.2026_LS,5572,false,0.0,0,0
NIron_SHW_01.18.2026_LS,5573,false,0.0,0,0
NIron_SHW_01.18.2026_LS,5574,false,0.0,0,0
NIron_SHW_01.18.2026_LS,5575,false,0.0,0,0
NIron_SHW_01.18.2026_LS,5576,false,0.0,0,0
NIron_SHW_01.18.2026_LS,5577,false,0.0,0,0
NIron_SHW_01.18.2026_LS,5578,false,0.0,0,0
NIron_SHW_01.18.2026_LS,5579,false,0.0392,0,0
NIron_SHW_01.18.2026_LS,5580,false,0.0,0,0
NIron_SHW_01.18.2026_LS,5581,false,0.0,0,0
NIron_SHW_01.18.2026_LS,5582,false,0.0,0,0
NIron_SHW_01.18.2026_LS,5583,false,0.0,0,0
NIron_SHW_01.18.2026_LS,5584,false,0.0,0,0
NIron_SHW_01.18.2026_LS,5585,false,0.069,0,0
NIron_SHW_01.18.2026_LS,5586,false,0.0,0,0
NIron_SHW_01.18.2026_LS,5587,false,0.0392,0,0
NIron_SHW_01.18.2026_LS,5588,false,0.0,0,0
NIron_SHW_01.18.2026_LS,5589,false,0.0,0,0
NIron_SHW_01.18.2026_LS,5590,false,0.0,0,0
NIron_SHW_01.18.2026_LS,5591,false,0.0,0,0
NIron_SHW_01.18.2026_LS,5592,false,0.0,0,0
NIron_SHW_01.18.2026_LS,5593,false,0.0,0,0
NIron_SHW_01.18.2026_LS,5594,false,0.0,0,0
NIron_SHW_01.18.2026_LS,5595,false,0.069,0,0
NIron_SHW_01.18.2026_LS,5596,false,0.0,0,0
NIron_SHW_01.18.2026_LS,5597,false,0.0392,0,0
NIron_SHW_01.18.2026_LS,5598,false,0.0,0,0
NIron_SHW_01.18.2026_LS,5599,false,0.0,0,0
NIron_SHW_01.18.2026_LS,5600,false,0.0,0,0
NIron_SHW_01.18.2026_LS,5601,false,0.0,0,0
NIron_SHW_01.18.2026_LS,5602,false,0.0,0,0
NIron_SHW_01.18.2026_LS,5603,false,0.069,0,0
NIron_SHW_01.18.2026_LS,5604,false,0.0,0,0
NIron_SHW_01.18.2026_LS,5605,false,0.0,0,0
NIron_SHW_01.18.2026_LS,5606,false,0.0,0,0
NIron_SHW_01.18.2026_LS,5607,false,0.0,0,0
NIron_SHW_01.18.2026_LS,5608,false,0.0,0,0
NIron_SHW_01.18.2026_LS,5609,false,0.0392,0,0
NIron_SHW_01.18.2026_LS,5610,false,0.0,0,0
NIron_SHW_01.18.2026_LS,5611,false,0.0,0,0
NIron_SHW_01.18.2026_LS,5612,false,0.0,0,0
NIron_SHW_01.18.2026_LS,5613,false,0.0,0,0
NIron_SHW_01.18.2026_LS,5614,false,0.0,0,0
NIron_SHW_01.18.2026_LS,5615,false,0.0,0,0
NIron_SHW_01.18.2026_LS,5616,false,0.0,0,0
NIron_SHW_01.18.2026_LS,5617,false,0.0,0,0
NIron_SHW_01.18.2026_LS,5618,false,0.0,0,0
NIron_SHW_01.18.2026_LS,5619,false,0.0,0,0
NIron_SHW_01.18.2026_LS,5620,false,0.0,0,0
NIron_SHW_01.18.2026_LS,5621,false,0.0,0,0
NIron_SHW_01.18.2026_LS,5622,false,0.0,0,0
NIron_SHW_01.18.2026_LS,5623,false,0.0,0,0
NIron_SHW_01.18.2026_LS,5624,false,0.0,0,0
NIron_SHW_01.18.2026_LS,5625,false,0.0,0,0
NIron_SHW_01.18.2026_LS,5626,false,0.0,0,0
NIron_SHW_01.18.2026_LS,5627,false,0.0,0,0
NIron_SHW_01.18.2026_LS,5628,false,0.0392,0,0
NIron_SHW_01.18.2026_LS,5629,false,0.0,0,0
NIron_SHW_01.18.2026_LS,5630,false,0.0,0,0
NIron_SHW_01.18.2026_LS,5631,false,0.0,0,0
NIron_SHW_01.18.2026_LS,5632,false,0.0,0,0
NIron_SHW_01.18.2026_LS,5633,false,0.0,0,0
NIron_SHW_01.18.2026_LS,5634,false,0.0,0,0
NIron_SHW_01.18.2026_LS,5635,false,0.0,0,0
OikosRd_TON_12.03.25_LS,1004,false,0.069,0,0
OikosRd_TON_12.03.25_LS,1015,false,0.0392,0,0
OikosRd_TON_12.03.25_LS,1019,false,0.0,0,0
OikosRd_TON_12.03.25_LS,1020,false,0.0488,0,0
OikosRd_TON_12.03.25_LS,1058,false,0.0,0,0
OikosRd_TON_12.03.25_LS,1063,false,0.0,0,0
OikosRd_TON_12.03.25_LS,1106,false,0.0,0,0
OikosRd_TON_12.03.25_LS,1119,primary,0.2632,0,0
OikosRd_TON_12.03.25_LS,1121,duplicate,0.0,0,0
OikosRd_TON_12.03.25_LS,1124,duplicate,0.0392,0,0
OikosRd_TON_12.03.25_LS,1133,primary,0.2632,0,0
OikosRd_TON_12.03.25_LS,1134,duplicate,0.0,0,0
OikosRd_TON_12.03.25_LS,1140,duplicate,0.0488,0,0
OikosRd_TON_12.03.25_LS,1150,duplicate,0.0392,0,0
OikosRd_TON_12.03.25_LS,1163,false,0.0,0,0
OikosRd_TON_12.03.25_LS,1167,false,0.0,0,0
OikosRd_TON_12.03.25_LS,1198,false,0.0,0,0
OikosRd_TON_12.03.25_LS,1213,false,0.0,0,0
OikosRd_TON_12.03.25_LS,1237,false,0.0,0,0
OikosRd_TON_12.03.25_LS,1266,false,0.0392,0,0
OikosRd_TON_12.03.25_LS,1295,false,0.0,0,0
OikosRd_TON_12.03.25_LS,1301,false,0.0,0,0
OikosRd_TON_12.03.25_LS,1310,false,0.0,0,0
OikosRd_TON_12.03.25_LS,2310,false,0.0,0,0
OikosRd_TON_12.03.25_LS,2311,false,0.0,0,0
OikosRd_TON_12.03.25_LS,2312,false,0.0,0,0
OikosRd_TON_12.03.25_LS,2313,false,0.0,0,0
OikosRd_TON_12.03.25_LS,2314,false,0.0,0,0
OikosRd_TON_12.03.25_LS,2315,false,0.0,0,0
OikosRd_TON_12.03.25_LS,2316,false,0.0,0,0
OikosRd_TON_12.03.25_LS,2317,false,0.0,0,0
OikosRd_TON_12.03.25_LS,2318,false,0.0,0,0
OikosRd_TON_12.03.25_LS,2319,false,0.069,0,0
OikosRd_TON_12.03.25_LS,2320,false,0.0,0,0
OikosRd_TON_12.03.25_LS,2321,false,0.0392,0,0
OikosRd_TON_12.03.25_LS,2322,false,0.0,0,0
OikosRd_TON_12.03.25_LS,2323,false,0.0,0,0
OikosRd_TON_12.03.25_LS,2324,false,0.0,0,0
OikosRd_TON_12.03.25_LS,2325,false,0.069,0,0
OikosRd_TON_12.03.25_LS,2326,false,0.0,0,0
OikosRd_TON_12.03.25_LS,2327,false,0.0,0,0
OikosRd_TON_12.03.25_LS,2328,false,0.0,0,0
OikosRd_TON_12.03.25_LS,2329,false,0.0,0,0
OikosRd_TON_12.03.25_LS,2330,false,0.0,0,0
OikosRd_TON_12.03.25_LS,2331,false,0.0,0,0
OikosRd_TON_12.03.25_LS,2332,false,0.0,0,0
OikosRd_TON_12.03.25_LS,2333,false,0.0,0,0
OikosRd_TON_12.03.25_LS,2334,false,0.0,0,0
OikosRd_TON_12.03.25_LS,2335,false,0.0,0,0
OikosRd_TON_12.03.25_LS,2336,false,0.0,0,0
OikosRd_TON_12.03.25_LS,2337,false,0.0,0,0
OikosRd_TON_12.03.25_LS,2338,false,0.0,0,0
OikosRd_TON_12.03.25_LS,2339,false,0.0,0,0
OikosRd_TON_12.03.25_LS,2340,false,0.0,0,0
OikosRd_TON_12.03.25_LS,2341,false,0.0392,0,0
OikosRd_TON_12.03.25_LS,2342,false,0.0,0,0
OikosRd_TON_12.03.25_LS,2343,false,0.0,0,0
OikosRd_TON_12.03.25_LS,2344,false,0.0,0,0
OikosRd_TON_12.03.25_LS,2345,false,0.0,0,0
OikosRd_TON_12.03.25_LS,2346,false,0.0,0,0
OikosRd_TON_12.03.25_LS,2347,false,0.0,0,0
OikosRd_TON_12.03.25_LS,2348,false,0.0,0,0
OikosRd_TON_12.03.25_LS,2349,false,0.0,0,0
OikosRd_TON_12.03.25_LS,2350,false,0.0,0,0
OikosRd_TON_12.03.25_LS,2351,false,0.0,0,0
OikosRd_TON_12.03.25_LS,2352,false,0.0,0,0
OikosRd_TON_12.03.25_LS,2353,false,0.0,0,0
OikosRd_TON_12.03.25_LS,2354,false,0.0,0,0
OikosRd_TON_12.03.25_LS,2355,false,0.0,0,0
OikosRd_TON_12.03.25_LS,2356,false,0.0,0,0
OikosRd_TON_12.03.25_LS,2357,false,0.0,0,0
OikosRd_TON_12.03.25_LS,2358,false,0.0,0,0
OikosRd_TON_12.03.25_LS,2359,false,0.0,0,0
OikosRd_TON_12.03.25_LS,2360,false,0.0,0,0
OikosRd_TON_12.03.25_LS,2361,false,0.0,0,0
OikosRd_TON_12.03.25_LS,2362,duplicate,0.27,0,0
OikosRd_TON_12.03.25_LS,2363,duplicate,0.069,0,0
OikosRd_TON_12.03.25_LS,2364,false,0.0,0,0
OikosRd_TON_12.03.25_LS,2365,false,0.0392,0,0
OikosRd_TON_12.03.25_LS,2366,false,0.0,0,0
OikosRd_TON_12.03.25_LS,2367,false,0.0,0,0
OikosRd_TON_12.03.25_LS,2368,false,0.0,0,0
OikosRd_TON_12.03.25_LS,2369,false,0.0,0,0
OikosRd_TON_12.03.25_LS,2370,false,0.0,0,0
OikosRd_TON_12.03.25_LS,2371,false,0.0,0,0
OikosRd_TON_12.03.25_LS,2372,false,0.0,0,0
OikosRd_TON_12.03.25_LS,2373,false,0.0,0,0
OikosRd_TON_12.03.25_LS,2374,false,0.0,0,0
OikosRd_TON_12.03.25_LS,2375,false,0.0,0,0
OikosRd_TON_12.03.25_LS,2376,false,0.0,0,0
OikosRd_TON_12.03.25_LS,2377,false,0.0,0,0
OikosRd_TON_12.03.25_LS,2378,false,0.0,0,0
OikosRd_TON_12.03.25_LS,2379,false,0.0,0,0
OikosRd_TON_12.03.25_LS,2380,false,0.0,0,0
OikosRd_TON_12.03.25_LS,2381,false,0.0,0,0
OikosRd_TON_12.03.25_LS,2382,false,0.0,0,0
OikosRd_TON_12.03.25_LS,2383,false,0.0,0,0
OikosRd_TON_12.03.25_LS,2384,false,0.0,0,0
OikosRd_TON_12.03.25_LS,2385,false,0.0,0,0
OikosRd_TON_12.03.25_LS,2386,false,0.0,0,0
OikosRd_TON_12.03.25_LS,2387,false,0.0,0,0
OikosRd_TON_12.03.25_LS,2388,false,0.0,0,0
OikosRd_TON_12.03.25_LS,2389,false,0.0,0,0
OikosRd_TON_12.03.25_LS,2390,false,0.0,0,0
OikosRd_TON_12.03.25_LS,2391,false,0.0,0,0
OikosRd_TON_12.03.25_LS,2392,false,0.0,0,0
OikosRd_TON_12.03.25_LS,2393,false,0.0,0,0
OikosRd_TON_12.03.25_LS,2394,false,0.0,0,0
OikosRd_TON_12.03.25_LS,2395,false,0.0,0,0
OikosRd_TON_12.03.25_LS,2396,false,0.0,0,0
OikosRd_TON_12.03.25_LS,2397,false,0.0,0,0
OikosRd_TON_12.03.25_LS,2398,false,0.0,0,0
OikosRd_TON_12.03.25_LS,2399,false,0.0,0,0
OikosRd_TON_12.03.25_LS,2400,false,0.0,0,0
OikosRd_TON_12.03.25_LS,2401,false,0.0,0,0
OikosRd_TON_12.03.25_LS,2402,false,0.0,0,0
OikosRd_TON_12.03.25_LS,2403,false,0.0,0,0
OikosRd_TON_12.03.25_LS,2404,false,0.0,0,0
OikosRd_TON_12.03.25_LS,2405,false,0.0,0,0
OikosRd_TON_12.03.25_LS,2406,false,0.0,0,0
OikosRd_TON_12.03.25_LS,2407,false,0.0,0,0
OikosRd_TON_12.03.25_LS,2408,false,0.0,0,0
OikosRd_TON_12.03.25_LS,2409,false,0.0,0,0
OikosRd_TON_12.03.25_LS,2410,false,0.0,0,0
OikosRd_TON_12.03.25_LS,2411,false,0.0,0,0
OikosRd_TON_12.03.25_LS,2412,false,0.0,0,0
OikosRd_TON_12.03.25_LS,2413,false,0.0,0,0
OikosRd_TON_12.03.25_LS,2414,false,0.0,0,0
OikosRd_TON_12.03.25_LS,2415,false,0.0,0,0
OikosRd_TON_12.03.25_LS,2416,false,0.0,0,0
OikosRd_TON_12.03.25_LS,2417,false,0.0,0,0
OikosRd_TON_12.03.25_LS,2418,false,0.0,0,0
OikosRd_TON_12.03.25_LS,2419,false,0.0,0,0
OikosRd_TON_12.03.25_LS,2420,false,0.0,0,0
OikosRd_TON_12.03.25_LS,2421,false,0.0392,0,0
OikosRd_TON_12.03.25_LS,2422,false,0.0,0,0
OikosRd_TON_12.03.25_LS,2423,false,0.0,0,0
OikosRd_TON_12.03.25_LS,2424,false,0.0,0,0
OikosRd_TON_12.03.25_LS,2425,false,0.0,0,0
OikosRd_TON_12.03.25_LS,2426,false,0.0,0,0
OikosRd_TON_12.03.25_LS,2427,false,0.0,0,0
OikosRd_TON_12.03.25_LS,2428,false,0.0,0,0
OikosRd_TON_12.03.25_LS,2429,false,0.0,0,0
OikosRd_TON_12.03.25_LS,2430,false,0.0,0,0
OikosRd_TON_12.03.25_LS,2431,false,0.0,0,0
OikosRd_TON_12.03.25_LS,2432,false,0.0,0,0
OikosRd_TON_12.03.25_LS,2433,false,0.0,0,0
OikosRd_TON_12.03.25_LS,2434,false,0.0,0,0
OikosRd_TON_12.03.25_LS,2435,false,0.0,0,0
OikosRd_TON_12.03.25_LS,2436,false,0.0,0,0
OikosRd_TON_12.03.25_LS,2437,false,0.0,0,0
OikosRd_TON_12.03.25_LS,2438,false,0.0,0,0
OikosRd_TON_12.03.25_LS,2439,false,0.0,0,0
OikosRd_TON_12.03.25_LS,2440,false,0.0,0,0
OikosRd_TON_12.03.25_LS,2441,false,0.0,0,0
OikosRd_TON_12.03.25_LS,2442,false,0.0,0,0
OikosRd_TON_12.03.25_LS,2443,false,0.0,0,0
OikosRd_TON_12.03.25_LS,2444,false,0.0,0,0
OikosRd_TON_12.03.25_LS,2445,false,0.0,0,0
OikosRd_TON_12.03.25_LS,2446,false,0.0,0,0
OikosRd_TON_12.03.25_LS,2447,false,0.0,0,0
OikosRd_TON_12.03.25_LS,2448,false,0.0,0,0
OikosRd_TON_12.03.25_LS,2449,false,0.0,0,0
OikosRd_TON_12.03.25_LS,2450,false,0.0,0,0
OikosRd_TON_12.03.25_LS,2451,false,0.0,0,0
OikosRd_TON_12.03.25_LS,2452,false,0.0,0,0
OikosRd_TON_12.03.25_LS,2453,false,0.0,0,0
OikosRd_TON_12.03.25_LS,2454,false,0.0,0,0
OikosRd_TON_12.03.25_LS,2455,false,0.0,0,0
OikosRd_TON_12.03.25_LS,2456,false,0.0,0,0
OikosRd_TON_12.03.25_LS,2457,false,0.0,0,0
OikosRd_TON_12.03.25_LS,2458,false,0.0,0,0
OikosRd_TON_12.03.25_LS,2459,false,0.0,0,0
OikosRd_TON_12.03.25_LS,2460,false,0.0,0,0
OikosRd_TON_12.03.25_LS,2461,false,0.0,0,0
OikosRd_TON_12.03.25_LS,2462,false,0.0,0,0
OikosRd_TON_12.03.25_LS,2463,false,0.0,0,0
OikosRd_TON_12.03.25_LS,2464,false,0.0,0,0
OikosRd_TON_12.03.25_LS,2465,false,0.0,0,0
OikosRd_TON_12.03.25_LS,2466,false,0.0,0,0
OikosRd_TON_12.03.25_LS,2467,false,0.0,0,0
OikosRd_TON_12.03.25_LS,2468,false,0.0,0,0
OikosRd_TON_12.03.25_LS,2469,false,0.0,0,0
OikosRd_TON_12.03.25_LS,2470,false,0.0,0,0
OikosRd_TON_12.03.25_LS,2471,false,0.0,0,0
OikosRd_TON_12.03.25_LS,2472,false,0.0,0,0
OikosRd_TON_12.03.25_LS,2473,false,0.0,0,0
OikosRd_TON_12.03.25_LS,2474,false,0.0,0,0
OikosRd_TON_12.03.25_LS,2475,false,0.0,0,0
OikosRd_TON_12.03.25_LS,2476,false,0.0,0,0
OikosRd_TON_12.03.25_LS,2477,false,0.0,0,0
OikosRd_TON_12.03.25_LS,2478,false,0.0,0,0
OikosRd_TON_12.03.25_LS,2479,false,0.0,0,0
OikosRd_TON_12.03.25_LS,2480,false,0.0,0,0
OikosRd_TON_12.03.25_LS,2481,false,0.0,0,0
OikosRd_TON_12.03.25_LS,2482,false,0.0,0,0
OikosRd_TON_12.03.25_LS,2483,false,0.0,0,0
OikosRd_TON_12.03.25_LS,2484,false,0.0,0,0
OikosRd_TON_12.03.25_LS,2485,false,0.0,0,0
OikosRd_TON_12.03.25_LS,2486,false,0.0,0,0
OikosRd_TON_12.03.25_LS,2487,false,0.0,0,0
OikosRd_TON_12.03.25_LS,2488,false,0.0,0,0
OikosRd_TON_12.03.25_LS,2489,false,0.0,0,0
OikosRd_TON_12.03.25_LS,2490,false,0.0,0,0
OikosRd_TON_12.03.25_LS,2491,false,0.0,0,0
OikosRd_TON_12.03.25_LS,2492,false,0.0,0,0
OikosRd_TON_12.03.25_LS,2493,false,0.0,0,0
OikosRd_TON_12.03.25_LS,2494,false,0.0,0,0
OikosRd_TON_12.03.25_LS,2495,false,0.0,0,0
OikosRd_TON_12.03.25_LS,2496,false,0.0,0,0
OikosRd_TON_12.03.25_LS,2497,false,0.0,0,0
OikosRd_TON_12.03.25_LS,2498,false,0.0,0,0
OikosRd_TON_12.03.25_LS,2499,false,0.0,0,0
N25thRdBlue_MAS_12.22.25_LS_V1,396,false,0.0545,0,0
N25thRdBlue_MAS_12.22.25_LS_V1,414,false,0.0,0,0
N25thRdBlue_MAS_12.22.25_LS_V1,420,false,0.0,0,0
N25thRdBlue_MAS_12.22.25_LS_V1,449,false,0.0,0,0
N25thRdBlue_MAS_12.22.25_LS_V1,469,false,0.0,0,0
N25thRdBlue_MAS_12.22.25_LS_V1,520,false,0.0,0,0
N25thRdBlue_MAS_12.22.25_LS_V1,529,false,0.0,0,0
N25thRdBlue_MAS_12.22.25_LS_V1,1529,false,0.0,0,0
N25thRdBlue_MAS_12.22.25_LS_V1,1530,false,0.1277,0,0
N25thRdBlue_MAS_12.22.25_LS_V1,1531,false,0.0,0,0
N25thRdBlue_MAS_12.22.25_LS_V1,1532,false,0.1277,0,0
N25thRdBlue_MAS_12.22.25_LS_V1,1533,false,0.0,0,0
N25thRdBlue_MAS_12.22.25_LS_V1,1534,false,0.0,0,0
N25thRdBlue_MAS_12.22.25_LS_V1,1535,false,0.0,0,0
N25thRdBlue_MAS_12.22.25_LS_V1,1536,false,0.0,0,0
N25thRdBlue_MAS_12.22.25_LS_V1,1537,false,0.0545,0,0
N25thRdBlue_MAS_12.22.25_LS_V1,1538,false,0.0545,0,0
N25thRdBlue_MAS_12.22.25_LS_V1,1539,false,0.0,0,0
N25thRdBlue_MAS_12.22.25_LS_V1,1540,false,0.0,0,0
N25thRdBlue_MAS_12.22.25_LS_V1,1541,false,0.0,0,0
N25thRdBlue_MAS_12.22.25_LS_V1,1542,false,0.0,0,0
N25thRdBlue_MAS_12.22.25_LS_V1,1543,false,0.0,0,0
N25thRdBlue_MAS_12.22.25_LS_V1,1544,false,0.0,0,0
N25thRdBlue_MAS_12.22.25_LS_V1,1545,false,0.0,0,0
N25thRdBlue_MAS_12.22.25_LS_V1,1546,false,0.0,0,0
N25thRdBlue_MAS_12.22.25_LS_V1,1547,false,0.1277,0,0
N25thRdBlue_MAS_12.22.25_LS_V1,1548,false,0.0,0,0
N25thRdBlue_MAS_12.22.25_LS_V1,1549,false,0.0,0,0
N25thRdBlue_MAS_12.22.25_LS_V1,1550,false,0.0,0,0
N25thRdBlue_MAS_12.22.25_LS_V1,1551,false,0.0545,0,0
N25thRdBlue_MAS_12.22.25_LS_V1,1552,false,0.0,0,0
N25thRdBlue_MAS_12.22.25_LS_V1,1553,false,0.0,0,0
N25thRdBlue_MAS_12.22.25_LS_V1,1554,false,0.0,0,0
N25thRdBlue_MAS_12.22.25_LS_V1,1555,false,0.0,0,0
N25thRdBlue_MAS_12.22.25_LS_V1,1556,false,0.0,0,0
N25thRdBlue_MAS_12.22.25_LS_V1,1557,false,0.0455,0,0
N25thRdBlue_MAS_12.22.25_LS_V1,1558,false,0.0,0,0
N25thRdBlue_MAS_12.22.25_LS_V1,1559,false,0.0,0,0
N25thRdBlue_MAS_12.22.25_LS_V1,1560,false,0.0,0,0
N25thRdBlue_MAS_12.22.25_LS_V1,1561,false,0.0,0,0
N25thRdBlue_MAS_12.22.25_LS_V1,1562,false,0.0,0,0
N25thRdBlue_MAS_12.22.25_LS_V1,1563,false,0.0,0,0
N25thRdBlue_MAS_12.22.25_LS_V1,1564,false,0.0,0,0
N25thRdBlue_MAS_12.22.25_LS_V1,1565,false,0.0,0,0
N25thRdBlue_MAS_12.22.25_LS_V1,1566,false,0.0,0,0
N25thRdBlue_MAS_12.22.25_LS_V1,1567,false,0.0,0,0
N25thRdBlue_MAS_12.22.25_LS_V1,1568,false,0.0,0,0
N25thRdBlue_MAS_12.22.25_LS_V1,1569,false,0.0,0,0
N25thRdBlue_MAS_12.22.25_LS_V1,1570,false,0.0,0,0
N25thRdBlue_MAS_12.22.25_LS_V1,1571,false,0.0,0,0
N25thRdBlue_MAS_12.22.25_LS_V1,1572,false,0.0,0,0
N25thRdBlue_MAS_12.22.25_LS_V1,1573,false,0.0,0,0
N25thRdBlue_MAS_12.22.25_LS_V1,1574,false,0.0,0,0
N25thRdBlue_MAS_12.22.25_LS_V1,1575,false,0.0,0,0
N25thRdBlue_MAS_12.22.25_LS_V1,1576,false,0.0,0,0
N25thRdBlue_MAS_12.22.25_LS_V1,1577,false,0.0,0,0
N25thRdBlue_MAS_12.22.25_LS_V1,1578,false,0.0,0,0
N25thRdBlue_MAS_12.22.25_LS_V1,1579,false,0.0,0,0
N25thRdBlue_MAS_12.22.25_LS_V1,1580,false,0.0,0,0
N25thRdBlue_MAS_12.22.25_LS_V1,1581,false,0.0,0,0
N25thRdBlue_MAS_12.22.25_LS_V1,1582,false,0.0,0,0
N25thRdBlue_MAS_12.22.25_LS_V1,1583,false,0.0,0,0
N25thRdBlue_MAS_12.22.25_LS_V1,1584,false,0.0,0,0
N25thRdBlue_MAS_12.22.25_LS_V1,1585,false,0.0,0,0
N25thRdBlue_MAS_12.22.25_LS_V1,1586,false,0.0,0,0
N25thRdBlue_MAS_12.22.25_LS_V1,1587,false,0.0,0,0
SBassett_SHW_01.18.2026_LS,3424,false,0.0545,0,0
SBassett_SHW_01.18.2026_LS,3456,false,0.0,0,0
SBassett_SHW_01.18.2026_LS,3462,false,0.0,0,0
SBassett_SHW_01.18.2026_LS,3464,false,0.0,0,0
SBassett_SHW_01.18.2026_LS,3469,false,0.0,0,0
SBassett_SHW_01.18.2026_LS,3473,false,0.0,0,0
SBassett_SHW_01.18.2026_LS,3587,false,0.0545,0,0
SBassett_SHW_01.18.2026_LS,3630,false,0.0,0,0
SBassett_SHW_01.18.2026_LS,3637,false,0.0,0,0
SBassett_SHW_01.18.2026_LS,3644,false,0.0,0,0
SBassett_SHW_01.18.2026_LS,3650,primary,0.7857,1,0
SBassett_SHW_01.18.2026_LS,3660,primary,0.7857,1,0
SBassett_SHW_01.18.2026_LS,3669,primary,0.7857,1,0
SBassett_SHW_01.18.2026_LS,3681,duplicate,0.0,0,0
SBassett_SHW_01.18.2026_LS,3694,duplicate,0.0,0,0
SBassett_SHW_01.18.2026_LS,3696,duplicate,0.0,0,0
SBassett_SHW_01.18.2026_LS,3697,duplicate,0.0,0,0
SBassett_SHW_01.18.2026_LS,3713,duplicate,0.0,0,0
SBassett_SHW_01.18.2026_LS,3771,false,0.0545,0,0
SBassett_SHW_01.18.2026_LS,3797,false,0.0545,0,0
SBassett_SHW_01.18.2026_LS,3801,false,0.0545,0,0
SBassett_SHW_01.18.2026_LS,3814,false,0.0545,0,0
SBassett_SHW_01.18.2026_LS,3815,false,0.0,0,0
SBassett_SHW_01.18.2026_LS,3816,false,0.0,0,0
SBassett_SHW_01.18.2026_LS,3824,false,0.0545,0,0
SBassett_SHW_01.18.2026_LS,3828,false,0.0,0,0
SBassett_SHW_01.18.2026_LS,3845,false,0.0545,0,0
SBassett_SHW_01.18.2026_LS,3847,false,0.0545,0,0
SBassett_SHW_01.18.2026_LS,3861,false,0.0,0,0
SBassett_SHW_01.18.2026_LS,3863,false,0.0,0,0
SBassett_SHW_01.18.2026_LS,3868,false,0.0,0,0
SBassett_SHW_01.18.2026_LS,3871,false,0.0545,0,0
SBassett_SHW_01.18.2026_LS,3873,false,0.0,0,0
SBassett_SHW_01.18.2026_LS,3879,false,0.0,0,0
SBassett_SHW_01.18.2026_LS,3880,false,0.0545,0,0
SBassett_SHW_01.18.2026_LS,3885,false,0.1277,0,0
SBassett_SHW_01.18.2026_LS,3892,false,0.0,0,0
SBassett_SHW_01.18.2026_LS,3906,false,0.0545,0,0
SBassett_SHW_01.18.2026_LS,3914,false,0.0545,0,0
SBassett_SHW_01.18.2026_LS,3925,false,0.0545,0,0
SBassett_SHW_01.18.2026_LS,3939,false,0.0,0,0
SBassett_SHW_01.18.2026_LS,3942,false,0.1277,0,0
SBassett_SHW_01.18.2026_LS,3946,false,0.0545,0,0
SBassett_SHW_01.18.2026_LS,3950,false,0.7857,1,0
SBassett_SHW_01.18.2026_LS,3979,false,0.1277,0,0
SBassett_SHW_01.18.2026_LS,3989,false,0.0545,0,0
SBassett_SHW_01.18.2026_LS,4014,false,0.0,0,0
SBassett_SHW_01.18.2026_LS,4107,false,0.4,1,0
SBassett_SHW_01.18.2026_LS,4138,false,0.0,0,0
SBassett_SHW_01.18.2026_LS,4140,primary,0.4,1,0
SBassett_SHW_01.18.2026_LS,4141,primary,0.1429,0,0
SBassett_SHW_01.18.2026_LS,4143,primary,0.1277,0,0
SBassett_SHW_01.18.2026_LS,4146,duplicate,0.4,1,0
SBassett_SHW_01.18.2026_LS,4150,false,0.0,0,0
SBassett_SHW_01.18.2026_LS,4153,false,0.0,0,0
SBassett_SHW_01.18.2026_LS,4157,duplicate,0.1277,0,0
SBassett_SHW_01.18.2026_LS,4161,duplicate,0.1277,0,0
SBassett_SHW_01.18.2026_LS,4166,primary,0.3925,1,0
SBassett_SHW_01.18.2026_LS,4167,primary,0.4,1,0
SBassett_SHW_01.18.2026_LS,4168,primary,0.7857,1,0
SBassett_SHW_01.18.2026_LS,4169,duplicate,0.1429,0,0
SBassett_SHW_01.18.2026_LS,4186,duplicate,0.0545,0,0
SBassett_SHW_01.18.2026_LS,4223,false,0.0545,0,0
SBassett_SHW_01.18.2026_LS,4225,false,0.1277,0,0
SBassett_SHW_01.18.2026_LS,4247,false,0.0,0,0
SBassett_SHW_01.18.2026_LS,4262,false,0.0,0,0
SBassett_SHW_01.18.2026_LS,4271,false,0.0545,0,0
SBassett_SHW_01.18.2026_LS,4286,false,0.0455,0,0
SBassett_SHW_01.18.2026_LS,4403,false,0.1429,0,0
SBassett_SHW_01.18.2026_LS,4407,primary,0.4,1,0
SBassett_SHW_01.18.2026_LS,4413,duplicate,0.0,0,0
SBassett_SHW_01.18.2026_LS,4417,duplicate,0.1277,0,0
SBassett_SHW_01.18.2026_LS,4429,false,0.0545,0,0
SBassett_SHW_01.18.2026_LS,5429,false,0.0,0,0
SBassett_SHW_01.18.2026_LS,5430,false,0.0,0,0
SBassett_SHW_01.18.2026_LS,5431,false,0.0,0,0
SBassett_SHW_01.18.2026_LS,5432,false,0.0,0,0
SBassett_SHW_01.18.2026_LS,5433,false,0.0,0,0
SBassett_SHW_01.18.2026_LS,5434,false,0.0,0,0
SBassett_SHW_01.18.2026_LS,5435,false,0.0,0,0
SBassett_SHW_01.18.2026_LS,5436,false,0.1277,0,0
SBassett_SHW_01.18.2026_LS,5437,false,0.0455,0,0
SBassett_SHW_01.18.2026_LS,5438,false,0.0,0,0
SBassett_SHW_01.18.2026_LS,5439,false,0.0,0,0
SBassett_SHW_01.18.2026_LS,5440,false,0.0,0,0
SBassett_SHW_01.18.2026_LS,5441,false,0.0,0,0
SBassett_SHW_01.18.2026_LS,5442,false,0.0,0,0
SBassett_SHW_01.18.2026_LS,5443,false,0.0,0,0
SBassett_SHW_01.18.2026_LS,5444,false,0.0,0,0
SBassett_SHW_01.18.2026_LS,5445,false,0.0,0,0
SBassett_SHW_01.18.2026_LS,5446,false,0.0545,0,0
SBassett_SHW_01.18.2026_LS,5447,false,0.0,0,0
SBassett_SHW_01.18.2026_LS,5448,false,0.0,0,0
SBassett_SHW_01.18.2026_LS,5449,false,0.0,0,0
SBassett_SHW_01.18.2026_LS,5450,false,0.0,0,0
SBassett_SHW_01.18.2026_LS,5451,false,0.0,0,0
SBassett_SHW_01.18.2026_LS,5452,false,0.0,0,0
SBassett_SHW_01.18.2026_LS,5453,false,0.0,0,0
SBassett_SHW_01.18.2026_LS,5454,false,0.0,0,0
SBassett_SHW_01.18.2026_LS,5455,false,0.0,0,0
SBassett_SHW_01.18.2026_LS,5456,false,0.0,0,0
SBassett_SHW_01.18.2026_LS,5457,false,0.0455,0,0
SBassett_SHW_01.18.2026_LS,5458,false,0.0,0,0
SBassett_SHW_01.18.2026_LS,5459,false,0.0545,0,0
SBassett_SHW_01.18.2026_LS,5460,false,0.0,0,0
SBassett_SHW_01.18.2026_LS,5461,false,0.0,0,0
SBassett_SHW_01.18.2026_LS,5462,false,0.0,0,0
SBassett_SHW_01.18.2026_LS,5463,false,0.0,0,0
SBassett_SHW_01.18.2026_LS,5464,false,0.0,0,0
SBassett_SHW_01.18.2026_LS,5465,false,0.0,0,0
SBassett_SHW_01.18.2026_LS,5466,false,0.0,0,0
SBassett_SHW_01.18.2026_LS,5467,false,0.0,0,0
SBassett_SHW_01.18.2026_LS,5468,false,0.0,0,0
SBassett_SHW_01.18.2026_LS,5469,false,0.0,0,0
SBassett_SHW_01.18.2026_LS,5470,false,0.0545,0,0
SBassett_SHW_01.18.2026_LS,5471,false,0.0,0,0
SBassett_SHW_01.18.2026_LS,5472,false,0.0545,0,0
SBassett_SHW_01.18.2026_LS,5473,false,0.0,0,0
SBassett_SHW_01.18.2026_LS,5474,false,0.0,0,0
SBassett_SHW_01.18.2026_LS,5475,false,0.0,0,0
SBassett_SHW_01.18.2026_LS,5476,false,0.0,0,0
SBassett_SHW_01.18.2026_LS,5477,false,0.0,0,0
SBassett_SHW_01.18.2026_LS,5478,false,0.0,0,0
SBassett_SHW_01.18.2026_LS,5479,false,0.0,0,0
SBassett_SHW_01.18.2026_LS,5480,false,0.0545,0,0
SBassett_SHW_01.18.2026_LS,5481,false,0.0,0,0
SBassett_SHW_01.18.2026_LS,5482,false,0.0545,0,0
SBassett_SHW_01.18.2026_LS,5483,false,0.0,0,0
SBassett_SHW_01.18.2026_LS,5484,false,0.0,0,0
SBassett_SHW_01.18.2026_LS,5485,false,0.0,0,0
SBassett_SHW_01.18.2026_LS,5486,false,0.0,0,0
SBassett_SHW_01.18.2026_LS,5487,false,0.0,0,0
SBassett_SHW_01.18.2026_LS,5488,false,0.0,0,0
SBassett_SHW_01.18.2026_LS,5489,false,0.0,0,0
SBassett_SHW_01.18.2026_LS,5490,false,0.0,0,0
SBassett_SHW_01.18.2026_LS,5491,false,0.0,0,0
SBassett_SHW_01.18.2026_LS,5492,false,0.0,0,0
SBassett_SHW_01.18.2026_LS,5493,false,0.0,0,0
SBassett_SHW_01.18.2026_LS,5494,false,0.0,0,0
SBassett_SHW_01.18.2026_LS,5495,false,0.0,0,0
SBassett_SHW_01.18.2026_LS,5496,false,0.0,0,0
SBassett_SHW_01.18.2026_LS,5497,false,0.0,0,0
SBassett_SHW_01.18.2026_LS,5498,false,0.0,0,0
SBassett_SHW_01.18.2026_LS,5499,false,0.0,0,0
SBassett_SHW_01.18.2026_LS,5500,false,0.0,0,0
SBassett_SHW_01.18.2026_LS,5501,false,0.1429,0,0
SBassett_SHW_01.18.2026_LS,5502,false,0.0,0,0
SBassett_SHW_01.18.2026_LS,5503,false,0.0,0,0
SBassett_SHW_01.18.2026_LS,5504,false,0.0,0,0
SBassett_SHW_01.18.2026_LS,5505,false,0.0,0,0
SBassett_SHW_01.18.2026_LS,5506,false,0.0,0,0
SBassett_SHW_01.18.2026_LS,5507,false,0.0,0,0
SBassett_SHW_01.18.2026_LS,5508,false,0.0,0,0
SBassett_SHW_01.18.2026_LS,5509,false,0.0,0,0
SBassett_SHW_01.18.2026_LS,5510,false,0.0,0,0
SBassett_SHW_01.18.2026_LS,5511,false,0.0,0,0
SBassett_SHW_01.18.2026_LS,5512,false,0.0,0,0
SBassett_SHW_01.18.2026_LS,5513,false,0.0,0,0
SBassett_SHW_01.18.2026_LS,5514,false,0.0,0,0
SBassett_SHW_01.18.2026_LS,5515,false,0.0,0,0
SBassett_SHW_01.18.2026_LS,5516,false,0.0,0,0
SBassett_SHW_01.18.2026_LS,5517,false,0.0,0,0
SBassett_SHW_01.18.2026_LS,5518,false,0.0545,0,0
SBassett_SHW_01.18.2026_LS,5519,false,0.0,0,0
SBassett_SHW_01.18.2026_LS,5520,false,0.0,0,0
SBassett_SHW_01.18.2026_LS,5521,false,0.0,0,0
SBassett_SHW_01.18.2026_LS,5522,false,0.0,0,0
SBassett_SHW_01.18.2026_LS,5523,false,0.0,0,0
SBassett_SHW_01.18.2026_LS,5524,false,0.0,0,0
SBassett_SHW_01.18.2026_LS,5525,false,0.0,0,0
SBassett_SHW_01.18.2026_LS,5526,false,0.0,0,0
SBassett_SHW_01.18.2026_LS,5527,false,0.0,0,0
SBassett_SHW_01.18.2026_LS,5528,false,0.0,0,0
SBassett_SHW_01.18.2026_LS,5529,false,0.0,0,0
SBassett_SHW_01.18.2026_LS,5530,false,0.0,0,0
SBassett_SHW_01.18.2026_LS,5531,false,0.0,0,0
SBassett_SHW_01.18.2026_LS,5532,false,0.0,0,0
SBassett_SHW_01.18.2026_LS,5533,false,0.0,0,0
SBassett_SHW_01.18.2026_LS,5534,false,0.0,0,0
SBassett_SHW_01.18.2026_LS,5535,false,0.0,0,0
SBassett_SHW_01.18.2026_LS,5536,false,0.0,0,0
SBassett_SHW_01.18.2026_LS,5537,false,0.0,0,0
SBassett_SHW_01.18.2026_LS,5538,false,0.0,0,0
SBassett_SHW_01.18.2026_LS,5539,false,0.0,0,0
SBassett_SHW_01.18.2026_LS,5540,false,0.0,0,0
SBassett_SHW_01.18.2026_LS,5541,false,0.0,0,0
SBassett_SHW_01.18.2026_LS,5542,false,0.0,0,0
SBassett_SHW_01.18.2026_LS,5543,false,0.0,0,0
SBassett_SHW_01.18.2026_LS,5544,false,0.0,0,0
SBassett_SHW_01.18.2026_LS,5545,false,0.0,0,0
SBassett_SHW_01.18.2026_LS,5546,false,0.0,0,0
SBassett_SHW_01.18.2026_LS,5547,false,0.0,0,0
SBassett_SHW_01.18.2026_LS,5548,false,0.0,0,0
SBassett_SHW_01.18.2026_LS,5549,false,0.0,0,0
SBassett_SHW_01.18.2026_LS,5550,false,0.0,0,0
SBassett_SHW_01.18.2026_LS,5551,false,0.0,0,0
SBassett_SHW_01.18.2026_LS,5552,false,0.0,0,0
SBassett_SHW_01.18.2026_LS,5553,false,0.0,0,0
SBassett_SHW_01.18.2026_LS,5554,false,0.0,0,0
SBassett_SHW_01.18.2026_LS,5555,false,0.0,0,0
SBassett_SHW_01.18.2026_LS,5556,false,0.0,0,0
SBassett_SHW_01.18.2026_LS,5557,false,0.0,0,0
SBassett_SHW_01.18.2026_LS,5558,false,0.0,0,0
SBassett_SHW_01.18.2026_LS,5559,false,0.1277,0,0
SBassett_SHW_01.18.2026_LS,5560,false,0.0455,0,0
SBassett_SHW_01.18.2026_LS,5561,false,0.0545,0,0
SBassett_SHW_01.18.2026_LS,5562,false,0.0,0,0
SBassett_SHW_01.18.2026_LS,5563,false,0.0,0,0
SBassett_SHW_01.18.2026_LS,5564,false,0.0,0,0
SBassett_SHW_01.18.2026_LS,5565,false,0.0,0,0
SBassett_SHW_01.18.2026_LS,5566,false,0.0,0,0
SBassett_SHW_01.18.2026_LS,5567,false,0.1277,0,0
SBassett_SHW_01.18.2026_LS,5568,false,0.1277,0,0
SBassett_SHW_01.18.2026_LS,5569,false,0.0,0,0
SBassett_SHW_01.18.2026_LS,5570,false,0.0,0,0
SBassett_SHW_01.18.2026_LS,5571,false,0.0,0,0
SBassett_SHW_01.18.2026_LS,5572,false,0.0,0,0
SBassett_SHW_01.18.2026_LS,5573,false,0.0,0,0
SBassett_SHW_01.18.2026_LS,5574,false,0.0,0,0
SBassett_SHW_01.18.2026_LS,5575,false,0.0,0,0
SBassett_SHW_01.18.2026_LS,5576,false,0.0545,0,0
SBassett_SHW_01.18.2026_LS,5577,false,0.0,0,0
SBassett_SHW_01.18.2026_LS,5578,false,0.0545,0,0
SBassett_SHW_01.18.2026_LS,5579,false,0.0545,0,0
SBassett_SHW_01.18.2026_LS,5580,false,0.0545,0,0
SBassett_SHW_01.18.2026_LS,5581,false,0.0545,0,0
SBassett_SHW_01.18.2026_LS,5582,false,0.0,0,0
SBassett_SHW_01.18.2026_LS,5583,false,0.0,0,0
SBassett_SHW_01.18.2026_LS,5584,false,0.0,0,0
SBassett_SHW_01.18.2026_LS,5585,false,0.0,0,0
SBassett_SHW_01.18.2026_LS,5586,false,0.0,0,0
SBassett_SHW_01.18.2026_LS,5587,false,0.0,0,0
SBassett_SHW_01.18.2026_LS,5588,false,0.0,0,0
SBassett_SHW_01.18.2026_LS,5589,false,0.1277,0,0
SBassett_SHW_01.18.2026_LS,5590,false,0.0,0,0
SBassett_SHW_01.18.2026_LS,5591,false,0.0,0,0
SBassett_SHW_01.18.2026_LS,5592,false,0.0,0,0
SBassett_SHW_01.18.2026_LS,5593,false,0.0,0,0
SBassett_SHW_01.18.2026_LS,5594,false,0.0,0,0
SBassett_SHW_01.18.2026_LS,5595,false,0.0,0,0
SBassett_SHW_01.18.2026_LS,5596,false,0.0,0,0
SBassett_SHW_01.18.2026_LS,5597,false,0.0,0,0
SBassett_SHW_01.18.2026_LS,5598,false,0.0,0,0
SBassett_SHW_01.18.2026_LS,5599,false,0.0,0,0
SBassett_SHW_01.18.2026_LS,5600,false,0.0,0,0
SBassett_SHW_01.18.2026_LS,5601,false,0.0,0,0
SBassett_SHW_01.18.2026_LS,5602,false,0.0,0,0
SBassett_SHW_01.18.2026_LS,5603,false,0.0,0,0
SBassett_SHW_01.18.2026_LS,5604,false,0.0,0,0
SBassett_SHW_01.18.2026_LS,5605,false,0.0,0,0
SBassett_SHW_01.18.2026_LS,5606,false,0.0,0,0
SBassett_SHW_01.18.2026_LS,5607,false,0.0,0,0
SBassett_SHW_01.18.2026_LS,5608,false,0.0,0,0
SBassett_SHW_01.18.2026_LS,5609,false,0.0,0,0
SBassett_SHW_01.18.2026_LS,5610,false,0.0,0,0
SBassett_SHW_01.18.2026_LS,5611,false,0.0,0,0
SBassett_SHW_01.18.2026_LS,5612,false,0.0,0,0
SBassett_SHW_01.18.2026_LS,5613,false,0.0,0,0
SBassett_SHW_01.18.2026_LS,5614,false,0.0,0,0
SBassett_SHW_01.18.2026_LS,5615,false,0.1277,0,0
SBassett_SHW_01.18.2026_LS,5616,false,0.0455,0,0
SBassett_SHW_01.18.2026_LS,5617,false,0.0455,0,0
SBassett_SHW_01.18.2026_LS,5618,false,0.0,0,0
SBassett_SHW_01.18.2026_LS,5619,false,0.0,0,0
SBassett_SHW_01.18.2026_LS,5620,false,0.0,0,0
SBassett_SHW_01.18.2026_LS,5621,false,0.0,0,0
SBassett_SHW_01.18.2026_LS,5622,false,0.0,0,0
SBassett_SHW_01.18.2026_LS,5623,false,0.0,0,0
SBassett_SHW_01.18.2026_LS,5624,false,0.0,0,0
SBassett_SHW_01.18.2026_LS,5625,false,0.0,0,0
SBassett_SHW_01.18.2026_LS,5626,false,0.0,0,0
SBassett_SHW_01.18.2026_LS,5627,false,0.0,0,0
SBassett_SHW_01.18.2026_LS,5628,false,0.0,0,0
SBassett_SHW_01.18.2026_LS,5629,false,0.0,0,0
SBassett_SHW_01.18.2026_LS,5630,false,0.0,0,0
SBassett_SHW_01.18.2026_LS,5631,false,0.0545,0,0
SBassett_SHW_01.18.2026_LS,5632,false,0.0,0,0
SBassett_SHW_01.18.2026_LS,5633,false,0.0,0,0
SBassett_SHW_01.18.2026_LS,5634,false,0.0,0,0
SBassett_SHW_01.18.2026_LS,5635,false,0.0,0,0
SBassett_SHW_01.18.2026_LS,5636,false,0.0,0,0
SBassett_SHW_01.18.2026_LS,5637,false,0.0,0,0
SBassett_SHW_01.18.2026_LS,5638,false,0.0,0,0
SBassett_SHW_01.18.2026_LS,5639,false,0.0,0,0
SBassett_SHW_01.18.2026_LS,5640,false,0.0,0,0
SBassett_SHW_01.18.2026_LS,5641,false,0.0,0,0
SBassett_SHW_01.18.2026_LS,5642,false,0.0,0,0
SBassett_SHW_01.18.2026_LS,5643,false,0.0,0,0
SBassett_SHW_01.18.2026_LS,5644,false,0.0,0,0
SBassett_SHW_01.18.2026_LS,5645,false,0.0,0,0
SBassett_SHW_01.18.2026_LS,5646,false,0.0,0,0
SBassett_SHW_01.18.2026_LS,5647,false,0.0,0,0
SBassett_SHW_01.18.2026_LS,5648,false,0.0,0,0
SBassett_SHW_01.18.2026_LS,5649,false,0.0,0,0
SBassett_SHW_01.18.2026_LS,5650,false,0.0,0,0
SBassett_SHW_01.18.2026_LS,5651,false,0.0,0,0
SBassett_SHW_01.18.2026_LS,5652,false,0.0,0,0
SBassett_SHW_01.18.2026_LS,5653,false,0.0,0,0
SBassett_SHW_01.18.2026_LS,5654,false,0.0,0,0
SBassett_SHW_01.18.2026_LS,5655,false,0.0,0,0
SBassett_SHW_01.18.2026_LS,5656,false,0.0,0,0
SBassett_SHW_01.18.2026_LS,5657,false,0.0,0,0
SBassett_SHW_01.18.2026_LS,5658,false,0.0,0,0
SBassett_SHW_01.18.2026_LS,5659,false,0.0,0,0
SBassett_SHW_01.18.2026_LS,5660,false,0.0,0,0
SBassett_SHW_01.18.2026_LS,5661,false,0.0,0,0
SBassett_SHW_01.18.2026_LS,5662,false,0.0,0,0
SBassett_SHW_01.18.2026_LS,5663,false,0.0,0,0
SBassett_SHW_01.18.2026_LS,5664,false,0.0,0,0
SBassett_SHW_01.18.2026_LS,5665,false,0.0,0,0
SBassett_SHW_01.18.2026_LS,5666,false,0.0,0,0
SBassett_SHW_01.18.2026_LS,5667,false,0.0,0,0
SBassett_SHW_01.18.2026_LS,5668,duplicate,0.0,0,0
SBassett_SHW_01.18.2026_LS,5669,duplicate,0.0545,0,0
SBassett_SHW_01.18.2026_LS,5670,duplicate,0.0,0,0
SBassett_SHW_01.18.2026_LS,5671,duplicate,0.0,0,0
SBassett_SHW_01.18.2026_LS,5672,false,0.0,0,0
SBassett_SHW_01.18.2026_LS,5673,false,0.0,0,0
SBassett_SHW_01.18.2026_LS,5674,false,0.0,0,0
SBassett_SHW_01.18.2026_LS,5675,false,0.0,0,0
SBassett_SHW_01.18.2026_LS,5676,false,0.0,0,0
SBassett_SHW_01.18.2026_LS,5677,false,0.0,0,0
SBassett_SHW_01.18.2026_LS,5678,false,0.0,0,0
SBassett_SHW_01.18.2026_LS,5679,false,0.0,0,0
SBassett_SHW_01.18.2026_LS,5680,false,0.0,0,0
SBassett_SHW_01.18.2026_LS,5681,false,0.0,0,0
SBassett_SHW_01.18.2026_LS,5682,false,0.0,0,0
SBassett_SHW_01.18.2026_LS,5683,false,0.0,0,0
SBassett_SHW_01.18.2026_LS,5684,false,0.0,0,0
SBassett_SHW_01.18.2026_LS,5685,false,0.0,0,0
SBassett_SHW_01.18.2026_LS,5686,false,0.0,0,0
SBassett_SHW_01.18.2026_LS,5687,false,0.0,0,0
SBassett_SHW_01.18.2026_LS,5688,false,0.0,0,0
SBassett_SHW_01.18.2026_LS,5689,false,0.0,0,0
SBassett_SHW_01.18.2026_LS,5690,false,0.0545,0,0
SBassett_SHW_01.18.2026_LS,5691,false,0.0,0,0
SBassett_SHW_01.18.2026_LS,5692,false,0.0,0,0
SBassett_SHW_01.18.2026_LS,5693,false,0.0,0,0
SBassett_SHW_01.18.2026_LS,5694,false,0.0,0,0
SBassett_SHW_01.18.2026_LS,5695,false,0.0,0,0
SBassett_SHW_01.18.2026_LS,5696,false,0.0,0,0
SBassett_SHW_01.18.2026_LS,5697,false,0.0,0,0
SBassett_SHW_01.18.2026_LS,5698,false,0.0,0,0
SBassett_SHW_01.18.2026_LS,5699,false,0.0,0,0
SBassett_SHW_01.18.2026_LS,5700,false,0.0,0,0
SBassett_SHW_01.18.2026_LS,5701,false,0.0,0,0
SBassett_SHW_01.18.2026_LS,5702,false,0.0,0,0
SBassett_SHW_01.18.2026_LS,5703,false,0.0,0,0
SBassett_SHW_01.18.2026_LS,5704,false,0.0,0,0
SBassett_SHW_01.18.2026_LS,5705,false,0.0,0,0
SBassett_SHW_01.18.2026_LS,5706,false,0.0,0,0
SBassett_SHW_01.18.2026_LS,5707,false,0.0,0,0
SBassett_SHW_01.18.2026_LS,5708,false,0.1277,0,0
SBassett_SHW_01.18.2026_LS,5709,false,0.0,0,0
SBassett_SHW_01.18.2026_LS,5710,false,0.0,0,0
SBassett_SHW_01.18.2026_LS,5711,false,0.0,0,0
SBassett_SHW_01.18.2026_LS,5712,false,0.0,0,0
SBassett_SHW_01.18.2026_LS,5713,false,0.0,0,0
SBassett_SHW_01.18.2026_LS,5714,false,0.0,0,0
SBassett_SHW_01.18.2026_LS,5715,false,0.0545,0,0
SBassett_SHW_01.18.2026_LS,5716,false,0.0,0,0
SBassett_SHW_01.18.2026_LS,5717,false,0.0,0,0
SBassett_SHW_01.18.2026_LS,5718,false,0.0,0,0
SBassett_SHW_01.18.2026_LS,5719,false,0.0,0,0
SBassett_SHW_01.18.2026_LS,5720,false,0.0,0,0
SBassett_SHW_01.18.2026_LS,5721,false,0.0,0,0
SBassett_SHW_01.18.2026_LS,5722,false,0.0,0,0
SBassett_SHW_01.18.2026_LS,5723,false,0.1277,0,0
SBassett_SHW_01.18.2026_LS,5724,false,0.0,0,0
SBassett_SHW_01.18.2026_LS,5725,false,0.0,0,0
SBassett_SHW_01.18.2026_LS,5726,false,0.0,0,0
SBassett_SHW_01.18.2026_LS,5727,false,0.0,0,0
SBassett_SHW_01.18.2026_LS,5728,false,0.0,0,0
SBassett_SHW_01.18.2026_LS,5729,false,0.0,0,0
SBassett_SHW_01.18.2026_LS,5730,false,0.0,0,0
SBassett_SHW_01.18.2026_LS,5731,false,0.0,0,0
SBassett_SHW_01.18.2026_LS,5732,false,0.0,0,0
SBassett_SHW_01.18.2026_LS,5733,false,0.0,0,0
SBassett_SHW_01.18.2026_LS,5734,false,0.0,0,0
SBassett_SHW_01.18.2026_LS,5735,false,0.0,0,0
SBassett_SHW_01.18.2026_LS,5736,false,0.0,0,0
SBassett_SHW_01.18.2026_LS,5737,false,0.0,0,0
SBassett_SHW_01.18.2026_LS,5738,false,0.0,0,0
SBassett_SHW_01.18.2026_LS,5739,false,0.0545,0,0
SBassett_SHW_01.18.2026_LS,5740,false,0.0455,0,0
SBassett_SHW_01.18.2026_LS,5741,false,0.0455,0,0
SBassett_SHW_01.18.2026_LS,5742,false,0.0,0,0
SBassett_SHW_01.18.2026_LS,5743,false,0.0,0,0
SBassett_SHW_01.18.2026_LS,5744,false,0.0,0,0
SBassett_SHW_01.18.2026_LS,5745,false,0.0,0,0
SBassett_SHW_01.18.2026_LS,5746,false,0.0,0,0
SBassett_SHW_01.18.2026_LS,5747,false,0.0455,0,0
SBassett_SHW_01.18.2026_LS,5748,false,0.0,0,0
SBassett_SHW_01.18.2026_LS,5749,false,0.0,0,0
SBassett_SHW_01.18.2026_LS,5750,false,0.0,0,0
SBassett_SHW_01.18.2026_LS,5751,false,0.0,0,0
SBassett_SHW_01.18.2026_LS,5752,false,0.0,0,0
SBassett_SHW_01.18.2026_LS,5753,false,0.0,0,0
SBassett_SHW_01.18.2026_LS,5754,false,0.0,0,0
SBassett_SHW_01.18.2026_LS,5755,false,0.0,0,0
SBassett_SHW_01.18.2026_LS,5756,false,0.0,0,0
SBassett_SHW_01.18.2026_LS,5757,false,0.0,0,0
SBassett_SHW_01.18.2026_LS,5758,false,0.0,0,0
SBassett_SHW_01.18.2026_LS,5759,false,0.0,0,0
SBassett_SHW_01.18.2026_LS,5760,false,0.0,0,0
SBassett_SHW_01.18.2026_LS,5761,false,0.0,0,0
SBassett_SHW_01.18.2026_LS,5762,duplicate,0.1277,0,0
SBassett_SHW_01.18.2026_LS,5763,duplicate,0.0545,0,0
SBassett_SHW_01.18.2026_LS,5764,false,0.0,0,0
SBassett_SHW_01.18.2026_LS,5765,false,0.0545,0,0
SBassett_SHW_01.18.2026_LS,5766,false,0.0,0,0
SBassett_SHW_01.18.2026_LS,5767,false,0.0,0,0
SBassett_SHW_01.18.2026_LS,5768,false,0.0,0,0
SBassett_SHW_01.18.2026_LS,5769,false,0.0,0,0
TouchofNatureRd_TON_12.03.25_LS,4618,false,0.0,0,0
TouchofNatureRd_TON_12.03.25_LS,4643,false,0.0,0,0
TouchofNatureRd_TON_12.03.25_LS,4653,false,0.0,0,0
TouchofNatureRd_TON_12.03.25_LS,4662,false,0.0,0,0
TouchofNatureRd_TON_12.03.25_LS,4669,false,0.0,0,0
TouchofNatureRd_TON_12.03.25_LS,4672,false,0.0545,0,0
TouchofNatureRd_TON_12.03.25_LS,4679,false,0.0,0,0
TouchofNatureRd_TON_12.03.25_LS,4682,false,0.0545,0,0
TouchofNatureRd_TON_12.03.25_LS,4684,false,0.0,0,0
TouchofNatureRd_TON_12.03.25_LS,4693,false,0.0,0,0
TouchofNatureRd_TON_12.03.25_LS,4697,false,0.0,0,0
TouchofNatureRd_TON_12.03.25_LS,4702,false,0.0,0,0
TouchofNatureRd_TON_12.03.25_LS,4706,false,0.0,0,0
TouchofNatureRd_TON_12.03.25_LS,4735,duplicate,0.0,0,0
TouchofNatureRd_TON_12.03.25_LS,4745,primary,0.1429,0,0
TouchofNatureRd_TON_12.03.25_LS,4754,duplicate,0.0,0,0
TouchofNatureRd_TON_12.03.25_LS,4756,false,0.0,0,0
TouchofNatureRd_TON_12.03.25_LS,4759,false,0.0,0,0
TouchofNatureRd_TON_12.03.25_LS,4780,false,0.0,0,0
TouchofNatureRd_TON_12.03.25_LS,4782,false,0.0,0,0
TouchofNatureRd_TON_12.03.25_LS,4783,false,0.0,0,0
TouchofNatureRd_TON_12.03.25_LS,4788,false,0.0455,0,0
TouchofNatureRd_TON_12.03.25_LS,4819,false,0.0455,0,0
TouchofNatureRd_TON_12.03.25_LS,4823,false,0.0545,0,0
TouchofNatureRd_TON_12.03.25_LS,4865,false,0.0455,0,0
TouchofNatureRd_TON_12.03.25_LS,5865,false,0.0,0,0
TouchofNatureRd_TON_12.03.25_LS,5866,false,0.0,0,0
TouchofNatureRd_TON_12.03.25_LS,5867,false,0.0,0,0
TouchofNatureRd_TON_12.03.25_LS,5868,false,0.0,0,0
TouchofNatureRd_TON_12.03.25_LS,5869,false,0.0,0,0
TouchofNatureRd_TON_12.03.25_LS,5870,false,0.0,0,0
TouchofNatureRd_TON_12.03.25_LS,5871,false,0.0,0,0
TouchofNatureRd_TON_12.03.25_LS,5872,false,0.0,0,0
TouchofNatureRd_TON_12.03.25_LS,5873,false,0.0,0,0
TouchofNatureRd_TON_12.03.25_LS,5874,false,0.0,0,0
TouchofNatureRd_TON_12.03.25_LS,5875,false,0.0,0,0
TouchofNatureRd_TON_12.03.25_LS,5876,false,0.0,0,0
TouchofNatureRd_TON_12.03.25_LS,5877,false,0.0,0,0
TouchofNatureRd_TON_12.03.25_LS,5878,false,0.0,0,0
TouchofNatureRd_TON_12.03.25_LS,5879,false,0.0,0,0
TouchofNatureRd_TON_12.03.25_LS,5880,false,0.0,0,0
TouchofNatureRd_TON_12.03.25_LS,5881,false,0.0,0,0
TouchofNatureRd_TON_12.03.25_LS,5882,false,0.0,0,0
TouchofNatureRd_TON_12.03.25_LS,5883,false,0.1277,0,0
TouchofNatureRd_TON_12.03.25_LS,5884,false,0.0,0,0
TouchofNatureRd_TON_12.03.25_LS,5885,false,0.0545,0,0
TouchofNatureRd_TON_12.03.25_LS,5886,false,0.1277,0,0
TouchofNatureRd_TON_12.03.25_LS,5887,false,0.0,0,0
TouchofNatureRd_TON_12.03.25_LS,5888,false,0.0,0,0
TouchofNatureRd_TON_12.03.25_LS,5889,false,0.0545,0,0
TouchofNatureRd_TON_12.03.25_LS,5890,false,0.0,0,0
TouchofNatureRd_TON_12.03.25_LS,5891,false,0.1277,0,0
TouchofNatureRd_TON_12.03.25_LS,5892,false,0.0,0,0
TouchofNatureRd_TON_12.03.25_LS,5893,false,0.0,0,0
TouchofNatureRd_TON_12.03.25_LS,5894,false,0.0,0,0
TouchofNatureRd_TON_12.03.25_LS,5895,false,0.1277,0,0
TouchofNatureRd_TON_12.03.25_LS,5896,false,0.0,0,0
TouchofNatureRd_TON_12.03.25_LS,5897,false,0.0,0,0
TouchofNatureRd_TON_12.03.25_LS,5898,false,0.0,0,0
TouchofNatureRd_TON_12.03.25_LS,5899,false,0.0,0,0
TouchofNatureRd_TON_12.03.25_LS,5900,false,0.0,0,0
TouchofNatureRd_TON_12.03.25_LS,5901,false,0.0,0,0
TouchofNatureRd_TON_12.03.25_LS,5902,false,0.0,0,0
TouchofNatureRd_TON_12.03.25_LS,5903,false,0.0,0,0
TouchofNatureRd_TON_12.03.25_LS,5904,false,0.0,0,0
TouchofNatureRd_TON_12.03.25_LS,5905,false,0.0,0,0
TouchofNatureRd_TON_12.03.25_LS,5906,false,0.0,0,0
TouchofNatureRd_TON_12.03.25_LS,5907,duplicate,0.1277,0,0
TouchofNatureRd_TON_12.03.25_LS,5908,duplicate,0.0,0,0
TouchofNatureRd_TON_12.03.25_LS,5909,duplicate,0.1277,0,0
TouchofNatureRd_TON_12.03.25_LS,5910,false,0.0,0,0
TouchofNatureRd_TON_12.03.25_LS,5911,false,0.0,0,0
TouchofNatureRd_TON_12.03.25_LS,5912,false,0.0,0,0
TouchofNatureRd_TON_12.03.25_LS,5913,false,0.0,0,0
TouchofNatureRd_TON_12.03.25_LS,5914,false,0.0,0,0
TouchofNatureRd_TON_12.03.25_LS,5915,false,0.0,0,0
TouchofNatureRd_TON_12.03.25_LS,5916,false,0.0,0,0
TouchofNatureRd_TON_12.03.25_LS,5917,false,0.0,0,0
TouchofNatureRd_TON_12.03.25_LS,5918,false,0.0,0,0
TouchofNatureRd_TON_12.03.25_LS,5919,false,0.0,0,0
TouchofNatureRd_TON_12.03.25_LS,5920,false,0.0,0,0
TouchofNatureRd_TON_12.03.25_LS,5921,false,0.0,0,0
TouchofNatureRd_TON_12.03.25_LS,5922,false,0.0,0,0
TouchofNatureRd_TON_12.03.25_LS,5923,false,0.0,0,0
TouchofNatureRd_TON_12.03.25_LS,5924,false,0.0,0,0
TouchofNatureRd_TON_12.03.25_LS,5925,false,0.0,0,0
TouchofNatureRd_TON_12.03.25_LS,5926,false,0.0,0,0
TouchofNatureRd_TON_12.03.25_LS,5927,false,0.0,0,0
TouchofNatureRd_TON_12.03.25_LS,5928,false,0.0,0,0
TouchofNatureRd_TON_12.03.25_LS,5929,false,0.0,0,0
TouchofNatureRd_TON_12.03.25_LS,5930,false,0.0,0,0
TouchofNatureRd_TON_12.03.25_LS,5931,false,0.0,0,0
TouchofNatureRd_TON_12.03.25_LS,5932,false,0.0,0,0
TouchofNatureRd_TON_12.03.25_LS,5933,false,0.0475,0,0
TouchofNatureRd_TON_12.03.25_LS,5934,false,0.0,0,0
TouchofNatureRd_TON_12.03.25_LS,5935,false,0.0,0,0
TouchofNatureRd_TON_12.03.25_LS,5936,false,0.0455,0,0
TouchofNatureRd_TON_12.03.25_LS,5937,false,0.0,0,0
TouchofNatureRd_TON_12.03.25_LS,5938,false,0.0,0,0
TouchofNatureRd_TON_12.03.25_LS,5939,false,0.0,0,0
TouchofNatureRd_TON_12.03.25_LS,5940,false,0.0,0,0
TouchofNatureRd_TON_12.03.25_LS,5941,false,0.0,0,0
TouchofNatureRd_TON_12.03.25_LS,5942,false,0.0,0,0
TouchofNatureRd_TON_12.03.25_LS,5943,false,0.0,0,0
TouchofNatureRd_TON_12.03.25_LS,5944,false,0.0,0,0
TouchofNatureRd_TON_12.03.25_LS,5945,false,0.0,0,0
TouchofNatureRd_TON_12.03.25_LS,5946,false,0.0,0,0
TouchofNatureRd_TON_12.03.25_LS,5947,false,0.0,0,0
TouchofNatureRd_TON_12.03.25_LS,5948,false,0.0,0,0
TouchofNatureRd_TON_12.03.25_LS,5949,false,0.0,0,0
TouchofNatureRd_TON_12.03.25_LS,5950,false,0.0,0,0
TouchofNatureRd_TON_12.03.25_LS,5951,false,0.0,0,0
TouchofNatureRd_TON_12.03.25_LS,5952,false,0.0,0,0
TouchofNatureRd_TON_12.03.25_LS,5953,false,0.0,0,0
TouchofNatureRd_TON_12.03.25_LS,5954,false,0.0,0,0
TouchofNatureRd_TON_12.03.25_LS,5955,false,0.0545,0,0
TouchofNatureRd_TON_12.03.25_LS,5956,false,0.0,0,0
TouchofNatureRd_TON_12.03.25_LS,5957,false,0.0,0,0
TouchofNatureRd_TON_12.03.25_LS,5958,false,0.0,0,0
TouchofNatureRd_TON_12.03.25_LS,5959,false,0.0,0,0
TouchofNatureRd_TON_12.03.25_LS,5960,false,0.0,0,0
TouchofNatureRd_TON_12.03.25_LS,5961,false,0.0,0,0
TouchofNatureRd_TON_12.03.25_LS,5962,false,0.0,0,0
TouchofNatureRd_TON_12.03.25_LS,5963,false,0.0,0,0
TouchofNatureRd_TON_12.03.25_LS,5964,false,0.0,0,0
TouchofNatureRd_TON_12.03.25_LS,5965,false,0.0,0,0
TouchofNatureRd_TON_12.03.25_LS,5966,false,0.0545,0,0
TouchofNatureRd_TON_12.03.25_LS,5967,false,0.0,0,0
TouchofNatureRd_TON_12.03.25_LS,5968,false,0.0,0,0
TouchofNatureRd_TON_12.03.25_LS,5969,false,0.0,0,0
TouchofNatureRd_TON_12.03.25_LS,5970,false,0.0,0,0
TouchofNatureRd_TON_12.03.25_LS,5971,false,0.0,0,0
TouchofNatureRd_TON_12.03.25_LS,5972,false,0.0,0,0
TouchofNatureRd_TON_12.03.25_LS,5973,false,0.0,0,0
TouchofNatureRd_TON_12.03.25_LS,5974,false,0.0,0,0
TouchofNatureRd_TON_12.03.25_LS,5975,false,0.0,0,0
TouchofNatureRd_TON_12.03.25_LS,5976,false,0.0,0,0
TouchofNatureRd_TON_12.03.25_LS,5977,false,0.0,0,0
TouchofNatureRd_TON_12.03.25_LS,5978,false,0.0,0,0
TouchofNatureRd_TON_12.03.25_LS,5979,false,0.0,0,0
TouchofNatureRd_TON_12.03.25_LS,5980,false,0.0,0,0
TouchofNatureRd_TON_12.03.25_LS,5981,false,0.0,0,0
TouchofNatureRd_TON_12.03.25_LS,5982,false,0.0,0,0
TouchofNatureRd_TON_12.03.25_LS,5983,false,0.0,0,0
TouchofNatureRd_TON_12.03.25_LS,5984,false,0.0,0,0
TouchofNatureRd_TON_12.03.25_LS,5985,false,0.0,0,0
TouchofNatureRd_TON_12.03.25_LS,5986,false,0.0,0,0
TouchofNatureRd_TON_12.03.25_LS,5987,false,0.0,0,0
WolfCreekRd_SHB_12.11.2025_LS,4891,duplicate,0.1277,0,0
WolfCreekRd_SHB_12.11.2025_LS,4906,duplicate,0.0,0,0
WolfCreekRd_SHB_12.11.2025_LS,4908,primary,0.1429,0,0
WolfCreekRd_SHB_12.11.2025_LS,4912,primary,0.1277,0,0
WolfCreekRd_SHB_12.11.2025_LS,4922,duplicate,0.1277,0,0
WolfCreekRd_SHB_12.11.2025_LS,4932,primary,0.4,1,0
WolfCreekRd_SHB_12.11.2025_LS,4937,duplicate,0.6667,1,0
WolfCreekRd_SHB_12.11.2025_LS,4955,false,0.0,0,0
WolfCreekRd_SHB_12.11.2025_LS,4963,false,0.0545,0,0
WolfCreekRd_SHB_12.11.2025_LS,4971,false,0.0,0,0
WolfCreekRd_SHB_12.11.2025_LS,4983,false,0.0,0,0
WolfCreekRd_SHB_12.11.2025_LS,5017,false,0.0,0,0
WolfCreekRd_SHB_12.11.2025_LS,5021,false,0.4,1,0
WolfCreekRd_SHB_12.11.2025_LS,5048,false,0.1277,0,0
WolfCreekRd_SHB_12.11.2025_LS,5052,false,0.1429,0,0
WolfCreekRd_SHB_12.11.2025_LS,5071,false,0.1429,0,0
WolfCreekRd_SHB_12.11.2025_LS,5082,false,0.0,0,0
WolfCreekRd_SHB_12.11.2025_LS,5085,false,0.0,0,0
WolfCreekRd_SHB_12.11.2025_LS,5093,false,0.0,0,0
WolfCreekRd_SHB_12.11.2025_LS,5094,false,0.0,0,0
WolfCreekRd_SHB_12.11.2025_LS,5106,false,0.0545,0,0
WolfCreekRd_SHB_12.11.2025_LS,5112,false,0.0,0,0
WolfCreekRd_SHB_12.11.2025_LS,5116,false,0.0,0,0
WolfCreekRd_SHB_12.11.2025_LS,5118,false,0.0,0,0
WolfCreekRd_SHB_12.11.2025_LS,5139,false,0.1277,0,0
WolfCreekRd_SHB_12.11.2025_LS,5142,false,0.0545,0,0
WolfCreekRd_SHB_12.11.2025_LS,5144,false,0.0,0,0
WolfCreekRd_SHB_12.11.2025_LS,5163,false,0.0545,0,0
WolfCreekRd_SHB_12.11.2025_LS,6163,false,0.0,0,0
WolfCreekRd_SHB_12.11.2025_LS,6164,false,0.0,0,0
WolfCreekRd_SHB_12.11.2025_LS,6165,false,0.0,0,0
WolfCreekRd_SHB_12.11.2025_LS,6166,false,0.0,0,0
WolfCreekRd_SHB_12.11.2025_LS,6167,false,0.0,0,0
WolfCreekRd_SHB_12.11.2025_LS,6168,false,0.0,0,0
WolfCreekRd_SHB_12.11.2025_LS,6169,false,0.0,0,0
WolfCreekRd_SHB_12.11.2025_LS,6170,false,0.0,0,0
WolfCreekRd_SHB_12.11.2025_LS,6171,false,0.0,0,0
WolfCreekRd_SHB_12.11.2025_LS,6172,false,0.0,0,0
WolfCreekRd_SHB_12.11.2025_LS,6173,false,0.0,0,0
WolfCreekRd_SHB_12.11.2025_LS,6174,false,0.0,0,0
WolfCreekRd_SHB_12.11.2025_LS,6175,false,0.0,0,0
WolfCreekRd_SHB_12.11.2025_LS,6176,false,0.0,0,0
WolfCreekRd_SHB_12.11.2025_LS,6177,false,0.0,0,0
WolfCreekRd_SHB_12.11.2025_LS,6178,false,0.0,0,0
WolfCreekRd_SHB_12.11.2025_LS,6179,false,0.0,0,0
WolfCreekRd_SHB_12.11.2025_LS,6180,false,0.0,0,0
WolfCreekRd_SHB_12.11.2025_LS,6181,false,0.0,0,0
WolfCreekRd_SHB_12.11.2025_LS,6182,false,0.0,0,0
WolfCreekRd_SHB_12.11.2025_LS,6183,false,0.0,0,0
WolfCreekRd_SHB_12.11.2025_LS,6184,false,0.0,0,0
WolfCreekRd_SHB_12.11.2025_LS,6185,duplicate,0.1277,0,0
WolfCreekRd_SHB_12.11.2025_LS,6186,false,0.0,0,0
WolfCreekRd_SHB_12.11.2025_LS,6187,false,0.0,0,0
WolfCreekRd_SHB_12.11.2025_LS,6188,false,0.0,0,0
WolfCreekRd_SHB_12.11.2025_LS,6189,false,0.0545,0,0
WolfCreekRd_SHB_12.11.2025_LS,6190,false,0.0,0,0
WolfCreekRd_SHB_12.11.2025_LS,6191,false,0.0,0,0
WolfCreekRd_SHB_12.11.2025_LS,6192,false,0.0,0,0
WolfCreekRd_SHB_12.11.2025_LS,6193,false,0.0,0,0
WolfCreekRd_SHB_12.11.2025_LS,6194,false,0.0,0,0
WolfCreekRd_SHB_12.11.2025_LS,6195,false,0.0,0,0
WolfCreekRd_SHB_12.11.2025_LS,6196,false,0.0,0,0
WolfCreekRd_SHB_12.11.2025_LS,6197,false,0.0,0,0
WolfCreekRd_SHB_12.11.2025_LS,6198,false,0.0,0,0
WolfCreekRd_SHB_12.11.2025_LS,6199,false,0.0455,0,0
WolfCreekRd_SHB_12.11.2025_LS,6200,false,0.0,0,0
WolfCreekRd_SHB_12.11.2025_LS,6201,false,0.0,0,0
WolfCreekRd_SHB_12.11.2025_LS,6202,false,0.0,0,0
WolfCreekRd_SHB_12.11.2025_LS,6203,false,0.0545,0,0
WolfCreekRd_SHB_12.11.2025_LS,6204,false,0.0,0,0
WolfCreekRd_SHB_12.11.2025_LS,6205,false,0.0545,0,0
WolfCreekRd_SHB_12.11.2025_LS,6206,false,0.0,0,0
WolfCreekRd_SHB_12.11.2025_LS,6207,false,0.0,0,0
WolfCreekRd_SHB_12.11.2025_LS,6208,false,0.0,0,0
WolfCreekRd_SHB_12.11.2025_LS,6209,false,0.0,0,0
WolfCreekRd_SHB_12.11.2025_LS,6210,false,0.0455,0,0
WolfCreekRd_SHB_12.11.2025_LS,6211,false,0.0,0,0
WolfCreekRd_SHB_12.11.2025_LS,6212,false,0.0,0,0
WolfCreekRd_SHB_12.11.2025_LS,6213,false,0.0,0,0
WolfCreekRd_SHB_12.11.2025_LS,6214,false,0.0,0,0
WolfCreekRd_SHB_12.11.2025_LS,6215,false,0.1277,0,0
WolfCreekRd_SHB_12.11.2025_LS,6216,false,0.1277,0,0
WolfCreekRd_SHB_12.11.2025_LS,6217,false,0.0,0,0
WolfCreekRd_SHB_12.11.2025_LS,6218,false,0.1277,0,0
WolfCreekRd_SHB_12.11.2025_LS,6219,false,0.1277,0,0
WolfCreekRd_SHB_12.11.2025_LS,6220,false,0.0,0,0
WolfCreekRd_SHB_12.11.2025_LS,6221,false,0.0545,0,0
WolfCreekRd_SHB_12.11.2025_LS,6222,false,0.0545,0,0
WolfCreekRd_SHB_12.11.2025_LS,6223,false,0.0545,0,0
WolfCreekRd_SHB_12.11.2025_LS,6224,false,0.0,0,0
WolfCreekRd_SHB_12.11.2025_LS,6225,false,0.0,0,0
WolfCreekRd_SHB_12.11.2025_LS,6226,false,0.0,0,0
WolfCreekRd_SHB_12.11.2025_LS,6227,false,0.0,0,0
WolfCreekRd_SHB_12.11.2025_LS,6228,false,0.0,0,0
WolfCreekRd_SHB_12.11.2025_LS,6229,false,0.0,0,0
WolfCreekRd_SHB_12.11.2025_LS,6230,false,0.1277,0,0
EMarseilles_MAS_12.22.25_LS_V1,4,false,0.0,0,0
EMarseilles_MAS_12.22.25_LS_V1,15,false,0.0,0,0
EMarseilles_MAS_12.22.25_LS_V1,79,false,0.0189,0,0
EMarseilles_MAS_12.22.25_LS_V1,85,false,0.0,0,0
EMarseilles_MAS_12.22.25_LS_V1,86,false,0.0189,0,0
EMarseilles_MAS_12.22.25_LS_V1,110,primary,0.75,1,0
EMarseilles_MAS_12.22.25_LS_V1,113,false,0.0517,0,0
EMarseilles_MAS_12.22.25_LS_V1,114,false,0.0,0,0
EMarseilles_MAS_12.22.25_LS_V1,128,false,0.0,0,0
EMarseilles_MAS_12.22.25_LS_V1,130,false,0.0,0,0
EMarseilles_MAS_12.22.25_LS_V1,1130,false,0.0,0,0
EMarseilles_MAS_12.22.25_LS_V1,1131,false,0.0,0,0
EMarseilles_MAS_12.22.25_LS_V1,1132,false,0.0,0,0
EMarseilles_MAS_12.22.25_LS_V1,1133,false,0.0,0,0
EMarseilles_MAS_12.22.25_LS_V1,1134,false,0.0,0,0
EMarseilles_MAS_12.22.25_LS_V1,1135,false,0.0,0,0
EMarseilles_MAS_12.22.25_LS_V1,1136,false,0.0,0,0
EMarseilles_MAS_12.22.25_LS_V1,1137,false,0.0,0,0
EMarseilles_MAS_12.22.25_LS_V1,1138,false,0.0,0,0
EMarseilles_MAS_12.22.25_LS_V1,1139,false,0.0,0,0
EMarseilles_MAS_12.22.25_LS_V1,1140,false,0.0,0,0
EMarseilles_MAS_12.22.25_LS_V1,1141,false,0.0,0,0
EMarseilles_MAS_12.22.25_LS_V1,1142,false,0.0,0,0
EMarseilles_MAS_12.22.25_LS_V1,1143,false,0.0,0,0
EMarseilles_MAS_12.22.25_LS_V1,1144,false,0.0,0,0
EMarseilles_MAS_12.22.25_LS_V1,1145,false,0.0,0,0
EMarseilles_MAS_12.22.25_LS_V1,1146,false,0.0,0,0
EMarseilles_MAS_12.22.25_LS_V1,1147,false,0.0,0,0
EMarseilles_MAS_12.22.25_LS_V1,1148,false,0.0,0,0
EMarseilles_MAS_12.22.25_LS_V1,1149,false,0.0,0,0
EMarseilles_MAS_12.22.25_LS_V1,1150,false,0.0,0,0
EMarseilles_MAS_12.22.25_LS_V1,1151,false,0.0,0,0
EMarseilles_MAS_12.22.25_LS_V1,1152,false,0.0,0,0
EMarseilles_MAS_12.22.25_LS_V1,1153,false,0.0,0,0
EMarseilles_MAS_12.22.25_LS_V1,1154,false,0.0,0,0
EMarseilles_MAS_12.22.25_LS_V1,1155,false,0.0,0,0
EMarseilles_MAS_12.22.25_LS_V1,1156,false,0.0,0,0
EMarseilles_MAS_12.22.25_LS_V1,1157,false,0.0,0,0
EMarseilles_MAS_12.22.25_LS_V1,1158,false,0.0,0,0
EMarseilles_MAS_12.22.25_LS_V1,1159,false,0.0,0,0
EMarseilles_MAS_12.22.25_LS_V1,1160,false,0.0,0,0
EMarseilles_MAS_12.22.25_LS_V1,1161,false,0.0,0,0
EMarseilles_MAS_12.22.25_LS_V1,1162,false,0.0,0,0
EMarseilles_MAS_12.22.25_LS_V1,1163,false,0.0,0,0
EMarseilles_MAS_12.22.25_LS_V1,1164,false,0.0,0,0
EMarseilles_MAS_12.22.25_LS_V1,1165,false,0.0,0,0
EMarseilles_MAS_12.22.25_LS_V1,1166,false,0.0,0,0
EMarseilles_MAS_12.22.25_LS_V1,1167,false,0.0,0,0
EMarseilles_MAS_12.22.25_LS_V1,1168,false,0.0,0,0
EMarseilles_MAS_12.22.25_LS_V1,1169,false,0.0,0,0
EMarseilles_MAS_12.22.25_LS_V1,1170,false,0.0,0,0
EMarseilles_MAS_12.22.25_LS_V1,1171,false,0.0,0,0
EMarseilles_MAS_12.22.25_LS_V1,1172,false,0.0,0,0
EMarseilles_MAS_12.22.25_LS_V1,1173,false,0.0,0,0
EMarseilles_MAS_12.22.25_LS_V1,1174,false,0.0,0,0
EMarseilles_MAS_12.22.25_LS_V1,1175,false,0.0,0,0
EMarseilles_MAS_12.22.25_LS_V1,1176,false,0.0,0,0
EMarseilles_MAS_12.22.25_LS_V1,1177,false,0.0,0,0
EMarseilles_MAS_12.22.25_LS_V1,1178,false,0.0,0,0
EMarseilles_MAS_12.22.25_LS_V1,1179,false,0.0,0,0
EMarseilles_MAS_12.22.25_LS_V1,1180,false,0.0,0,0
EMarseilles_MAS_12.22.25_LS_V1,1181,false,0.0,0,0
EMarseilles_MAS_12.22.25_LS_V1,1182,false,0.0,0,0
EMarseilles_MAS_12.22.25_LS_V1,1183,false,0.0,0,0
EMarseilles_MAS_12.22.25_LS_V1,1184,false,0.0,0,0
EMarseilles_MAS_12.22.25_LS_V1,1185,false,0.0,0,0
EMarseilles_MAS_12.22.25_LS_V1,1186,false,0.0,0,0
EMarseilles_MAS_12.22.25_LS_V1,1187,false,0.0,0,0
EMarseilles_MAS_12.22.25_LS_V1,1188,false,0.0,0,0
EMarseilles_MAS_12.22.25_LS_V1,1189,false,0.0,0,0
EMarseilles_MAS_12.22.25_LS_V1,1190,false,0.0,0,0
EMarseilles_MAS_12.22.25_LS_V1,1191,false,0.0,0,0
EMarseilles_MAS_12.22.25_LS_V1,1192,false,0.0,0,0
EMarseilles_MAS_12.22.25_LS_V1,1193,false,0.0,0,0
EMarseilles_MAS_12.22.25_LS_V1,1194,false,0.0,0,0
EMarseilles_MAS_12.22.25_LS_V1,1195,false,0.0,0,0
EMarseilles_MAS_12.22.25_LS_V1,1196,false,0.0,0,0
EMarseilles_MAS_12.22.25_LS_V1,1197,false,0.0,0,0
EMarseilles_MAS_12.22.25_LS_V1,1198,false,0.0,0,0
EMarseilles_MAS_12.22.25_LS_V1,1199,false,0.0,0,0
EMarseilles_MAS_12.22.25_LS_V1,1200,false,0.0,0,0
EMarseilles_MAS_12.22.25_LS_V1,1201,false,0.0,0,0
EMarseilles_MAS_12.22.25_LS_V1,1202,false,0.0,0,0
EMarseilles_MAS_12.22.25_LS_V1,1203,false,0.0,0,0
EMarseilles_MAS_12.22.25_LS_V1,1204,false,0.0,0,0
EMarseilles_MAS_12.22.25_LS_V1,1205,false,0.0,0,0
EMarseilles_MAS_12.22.25_LS_V1,1206,false,0.0,0,0
EMarseilles_MAS_12.22.25_LS_V1,1207,false,0.0,0,0
EMarseilles_MAS_12.22.25_LS_V1,1208,false,0.0,0,0
EMarseilles_MAS_12.22.25_LS_V1,1209,false,0.2778,1,0
EMarseilles_MAS_12.22.25_LS_V1,1210,false,0.0,0,0
EMarseilles_MAS_12.22.25_LS_V1,1211,false,0.0,0,0
EMarseilles_MAS_12.22.25_LS_V1,1212,false,0.0,0,0
EMarseilles_MAS_12.22.25_LS_V1,1213,false,0.0,0,0
EMarseilles_MAS_12.22.25_LS_V1,1214,false,0.0,0,0
EMarseilles_MAS_12.22.25_LS_V1,1215,false,0.0,0,0
EMarseilles_MAS_12.22.25_LS_V1,1216,false,0.0,0,0
EMarseilles_MAS_12.22.25_LS_V1,1217,false,0.0,0,0
EMarseilles_MAS_12.22.25_LS_V1,1218,false,0.0,0,0
EMarseilles_MAS_12.22.25_LS_V1,1219,false,0.1053,0,0
EMarseilles_MAS_12.22.25_LS_V2,40,false,0.0189,0,0
EMarseilles_MAS_12.22.25_LS_V2,75,false,0.0517,0,0
EMarseilles_MAS_12.22.25_LS_V2,79,false,0.0,0,0
EMarseilles_MAS_12.22.25_LS_V2,100,false,0.0189,0,0
EMarseilles_MAS_12.22.25_LS_V2,1100,false,0.0,0,0
EMarseilles_MAS_12.22.25_LS_V2,1101,false,0.0,0,0
EMarseilles_MAS_12.22.25_LS_V2,1102,false,0.0,0,0
EMarseilles_MAS_12.22.25_LS_V2,1103,false,0.0,0,0
EMarseilles_MAS_12.22.25_LS_V2,1104,false,0.0,0,0
EMarseilles_MAS_12.22.25_LS_V2,1105,false,0.0,0,0
EMarseilles_MAS_12.22.25_LS_V2,1106,false,0.0,0,0
EMarseilles_MAS_12.22.25_LS_V2,1107,false,0.0,0,0
EMarseilles_MAS_12.22.25_LS_V2,1108,false,0.0,0,0
EMarseilles_MAS_12.22.25_LS_V2,1109,false,0.0,0,0
EMarseilles_MAS_12.22.25_LS_V2,1110,false,0.0,0,0
EMarseilles_MAS_12.22.25_LS_V2,1111,false,0.0,0,0
EMarseilles_MAS_12.22.25_LS_V2,1112,false,0.0,0,0
EMarseilles_MAS_12.22.25_LS_V2,1113,false,0.0,0,0
EMarseilles_MAS_12.22.25_LS_V2,1114,false,0.0,0,0
EMarseilles_MAS_12.22.25_LS_V2,1115,false,0.0,0,0
EMarseilles_MAS_12.22.25_LS_V2,1116,false,0.0,0,0
EMarseilles_MAS_12.22.25_LS_V2,1117,false,0.0,0,0
EMarseilles_MAS_12.22.25_LS_V2,1118,false,0.0,0,0
EMarseilles_MAS_12.22.25_LS_V2,1119,false,0.0,0,0
EMarseilles_MAS_12.22.25_LS_V2,1120,false,0.0,0,0
EMarseilles_MAS_12.22.25_LS_V2,1121,false,0.0,0,0
EMarseilles_MAS_12.22.25_LS_V2,1122,false,0.0,0,0
EMarseilles_MAS_12.22.25_LS_V2,1123,false,0.0,0,0
EMarseilles_MAS_12.22.25_LS_V2,1124,false,0.0,0,0
EMarseilles_MAS_12.22.25_LS_V2,1125,false,0.0,0,0
EMarseilles_MAS_12.22.25_LS_V2,1126,false,0.0,0,0
EMarseilles_MAS_12.22.25_LS_V2,1127,false,0.0,0,0
EMarseilles_MAS_12.22.25_LS_V2,1128,false,0.0,0,0
EMarseilles_MAS_12.22.25_LS_V2,1129,false,0.0,0,0
EMarseilles_MAS_12.22.25_LS_V2,1130,false,0.0,0,0
EMarseilles_MAS_12.22.25_LS_V2,1131,false,0.0,0,0
EMarseilles_MAS_12.22.25_LS_V2,1132,false,0.0,0,0
EMarseilles_MAS_12.22.25_LS_V2,1133,false,0.0,0,0
EMarseilles_MAS_12.22.25_LS_V2,1134,false,0.0189,0,0
EMarseilles_MAS_12.22.25_LS_V2,1135,false,0.0,0,0
EMarseilles_MAS_12.22.25_LS_V2,1136,false,0.0,0,0
EMarseilles_MAS_12.22.25_LS_V2,1137,false,0.0,0,0
EMarseilles_MAS_12.22.25_LS_V2,1138,false,0.0,0,0
EMarseilles_MAS_12.22.25_LS_V2,1139,false,0.0189,0,0
EMarseilles_MAS_12.22.25_LS_V2,1140,false,0.0,0,0
EMarseilles_MAS_12.22.25_LS_V2,1141,false,0.0,0,0
EMarseilles_MAS_12.22.25_LS_V2,1142,false,0.0,0,0
EMarseilles_MAS_12.22.25_LS_V2,1143,false,0.0,0,0
EMarseilles_MAS_12.22.25_LS_V2,1144,false,0.0,0,0
EMarseilles_MAS_12.22.25_LS_V2,1145,false,0.0,0,0
EMarseilles_MAS_12.22.25_LS_V2,1146,false,0.0,0,0
EMarseilles_MAS_12.22.25_LS_V2,1147,false,0.0,0,0
EMarseilles_MAS_12.22.25_LS_V2,1148,false,0.0,0,0
EMarseilles_MAS_12.22.25_LS_V2,1149,false,0.0,0,0
EMarseilles_MAS_12.22.25_LS_V2,1150,false,0.0,0,0
EMarseilles_MAS_12.22.25_LS_V2,1151,false,0.0,0,0
EMarseilles_MAS_12.22.25_LS_V2,1152,false,0.0,0,0
EMarseilles_MAS_12.22.25_LS_V2,1153,false,0.0,0,0
EMarseilles_MAS_12.22.25_LS_V2,1154,false,0.0,0,0
EMarseilles_MAS_12.22.25_LS_V2,1155,false,0.0,0,0
EMarseilles_MAS_12.22.25_LS_V2,1156,false,0.0,0,0
EMarseilles_MAS_12.22.25_LS_V2,1157,false,0.1053,0,0
EMarseilles_MAS_12.22.25_LS_V2,1158,false,0.0189,0,0
EMarseilles_MAS_12.22.25_LS_V2,1159,false,0.0517,0,0
EMarseilles_MAS_12.22.25_LS_V2,1160,false,0.0,0,0
EMarseilles_MAS_12.22.25_LS_V2,1161,false,0.0,0,0
EMarseilles_MAS_12.22.25_LS_V2,1162,false,0.0,0,0
EMarseilles_MAS_12.22.25_LS_V2,1163,false,0.0,0,0
EMarseilles_MAS_12.22.25_LS_V2,1164,false,0.0,0,0
EMarseilles_MAS_12.22.25_LS_V2,1165,false,0.0,0,0
EMarseilles_MAS_12.22.25_LS_V2,1166,false,0.0,0,0
EMarseilles_MAS_12.22.25_LS_V2,1167,false,0.0,0,0
EMarseilles_MAS_12.22.25_LS_V2,1168,false,0.0,0,0
EMarseilles_MAS_12.22.25_LS_V2,1169,false,0.0,0,0
EMarseilles_MAS_12.22.25_LS_V2,1170,false,0.0,0,0
EMarseilles_MAS_12.22.25_LS_V2,1171,false,0.0,0,0
EMarseilles_MAS_12.22.25_LS_V2,1172,false,0.0,0,0
EMarseilles_MAS_12.22.25_LS_V2,1173,false,0.0,0,0
FernRidgeRd_TON_12.03.25_LS,247,false,0.0,0,0
FernRidgeRd_TON_12.03.25_LS,249,false,0.0,0,0
FernRidgeRd_TON_12.03.25_LS,285,false,0.0,0,0
FernRidgeRd_TON_12.03.25_LS,316,false,0.0,0,0
FernRidgeRd_TON_12.03.25_LS,335,primary,0.8,1,0
FernRidgeRd_TON_12.03.25_LS,358,duplicate,0.0,0,0
FernRidgeRd_TON_12.03.25_LS,360,duplicate,0.0,0,0
FernRidgeRd_TON_12.03.25_LS,368,false,0.0,0,0
FernRidgeRd_TON_12.03.25_LS,372,false,0.0,0,0
FernRidgeRd_TON_12.03.25_LS,384,false,0.0,0,0
FernRidgeRd_TON_12.03.25_LS,410,false,0.0,0,0
FernRidgeRd_TON_12.03.25_LS,413,primary,0.2778,1,0
FernRidgeRd_TON_12.03.25_LS,462,false,0.0517,0,0
FernRidgeRd_TON_12.03.25_LS,490,false,0.0,0,0
FernRidgeRd_TON_12.03.25_LS,497,duplicate,0.0435,0,0
FernRidgeRd_TON_12.03.25_LS,501,primary,0.1053,0,0
FernRidgeRd_TON_12.03.25_LS,504,false,0.0517,0,0
FernRidgeRd_TON_12.03.25_LS,698,false,0.0,0,0
FernRidgeRd_TON_12.03.25_LS,706,false,0.0,0,0
FernRidgeRd_TON_12.03.25_LS,717,primary,0.75,1,0
FernRidgeRd_TON_12.03.25_LS,725,primary,0.3093,1,0
FernRidgeRd_TON_12.03.25_LS,737,false,0.0,0,0
FernRidgeRd_TON_12.03.25_LS,760,primary,0.75,1,0
FernRidgeRd_TON_12.03.25_LS,787,duplicate,0.8,1,0
FernRidgeRd_TON_12.03.25_LS,802,false,0.0,0,0
FernRidgeRd_TON_12.03.25_LS,810,duplicate,0.8,1,0
FernRidgeRd_TON_12.03.25_LS,828,duplicate,0.25,0,0
FernRidgeRd_TON_12.03.25_LS,840,false,0.0,0,0
FernRidgeRd_TON_12.03.25_LS,873,false,0.0,0,0
FernRidgeRd_TON_12.03.25_LS,928,false,0.2778,1,0
FernRidgeRd_TON_12.03.25_LS,933,false,0.0,0,0
FernRidgeRd_TON_12.03.25_LS,936,false,0.0,0,0
FernRidgeRd_TON_12.03.25_LS,943,false,0.0,0,0
FernRidgeRd_TON_12.03.25_LS,947,primary,0.2778,1,0
FernRidgeRd_TON_12.03.25_LS,950,false,0.0,0,0
FernRidgeRd_TON_12.03.25_LS,953,false,0.0189,0,0
FernRidgeRd_TON_12.03.25_LS,962,false,0.0,0,0
FernRidgeRd_TON_12.03.25_LS,969,duplicate,0.1053,0,0
FernRidgeRd_TON_12.03.25_LS,977,false,0.0,0,0
FernRidgeRd_TON_12.03.25_LS,993,false,0.0,0,0
FernRidgeRd_TON_12.03.25_LS,1012,false,0.0517,0,0
FernRidgeRd_TON_12.03.25_LS,1026,false,0.0,0,0
FernRidgeRd_TON_12.03.25_LS,1048,false,0.0,0,0
FernRidgeRd_TON_12.03.25_LS,1053,false,0.0,0,0
FernRidgeRd_TON_12.03.25_LS,1057,false,0.0,0,0
FernRidgeRd_TON_12.03.25_LS,1082,false,0.0517,0,0
FernRidgeRd_TON_12.03.25_LS,1090,false,0.0189,0,0
FernRidgeRd_TON_12.03.25_LS,1113,false,0.0,0,0
FernRidgeRd_TON_12.03.25_LS,1114,false,0.0,0,0
FernRidgeRd_TON_12.03.25_LS,1120,false,0.0,0,0
FernRidgeRd_TON_12.03.25_LS,1131,false,0.0,0,0
FernRidgeRd_TON_12.03.25_LS,1132,false,0.0,0,0
FernRidgeRd_TON_12.03.25_LS,1137,false,0.1053,0,0
FernRidgeRd_TON_12.03.25_LS,1144,false,0.0,0,0
FernRidgeRd_TON_12.03.25_LS,1201,false,0.0,0,0
FernRidgeRd_TON_12.03.25_LS,1202,false,0.0517,0,0
FernRidgeRd_TON_12.03.25_LS,1228,false,0.0,0,0
FernRidgeRd_TON_12.03.25_LS,1249,false,0.0,0,0
FernRidgeRd_TON_12.03.25_LS,1263,false,0.0435,0,0
FernRidgeRd_TON_12.03.25_LS,1279,false,0.0,0,0
FernRidgeRd_TON_12.03.25_LS,1293,false,0.0,0,0
FernRidgeRd_TON_12.03.25_LS,1312,false,0.1053,0,0
FernRidgeRd_TON_12.03.25_LS,1318,false,0.0189,0,0
FernRidgeRd_TON_12.03.25_LS,1339,false,0.1053,0,0
FernRidgeRd_TON_12.03.25_LS,1340,false,0.0,0,0
FernRidgeRd_TON_12.03.25_LS,1351,false,0.0,0,0
FernRidgeRd_TON_12.03.25_LS,1356,false,0.0,0,0
FernRidgeRd_TON_12.03.25_LS,1364,false,0.0189,0,0
FernRidgeRd_TON_12.03.25_LS,1369,false,0.0,0,0
FernRidgeRd_TON_12.03.25_LS,1372,false,0.0,0,0
FernRidgeRd_TON_12.03.25_LS,1374,false,0.0,0,0
FernRidgeRd_TON_12.03.25_LS,1385,false,0.0435,0,0
FernRidgeRd_TON_12.03.25_LS,1393,false,0.0189,0,0
FernRidgeRd_TON_12.03.25_LS,1421,false,0.0,0,0
FernRidgeRd_TON_12.03.25_LS,1443,false,0.0,0,0
FernRidgeRd_TON_12.03.25_LS,1466,false,0.0,0,0
FernRidgeRd_TON_12.03.25_LS,1477,false,0.0189,0,0
FernRidgeRd_TON_12.03.25_LS,1521,false,0.0,0,0
FernRidgeRd_TON_12.03.25_LS,1544,false,0.0,0,0
FernRidgeRd_TON_12.03.25_LS,1580,false,0.0,0,0
FernRidgeRd_TON_12.03.25_LS,1583,false,0.0,0,0
FernRidgeRd_TON_12.03.25_LS,1585,false,0.0,0,0
FernRidgeRd_TON_12.03.25_LS,1604,false,0.0,0,0
FernRidgeRd_TON_12.03.25_LS,1632,duplicate,0.1053,0,0
FernRidgeRd_TON_12.03.25_LS,1646,duplicate,0.0,0,0
FernRidgeRd_TON_12.03.25_LS,1661,duplicate,0.1053,0,0
FernRidgeRd_TON_12.03.25_LS,1683,duplicate,0.0517,0,0
FernRidgeRd_TON_12.03.25_LS,1688,duplicate,0.0517,0,0
FernRidgeRd_TON_12.03.25_LS,1730,duplicate,0.1053,0,0
FernRidgeRd_TON_12.03.25_LS,1738,false,0.0189,0,0
FernRidgeRd_TON_12.03.25_LS,1753,duplicate,0.0,0,0
FernRidgeRd_TON_12.03.25_LS,1767,primary,0.1053,0,0
FernRidgeRd_TON_12.03.25_LS,1811,false,0.1053,0,0
FernRidgeRd_TON_12.03.25_LS,1812,false,0.1053,0,0
FernRidgeRd_TON_12.03.25_LS,1816,false,0.0189,0,0
FernRidgeRd_TON_12.03.25_LS,1826,duplicate,0.0435,0,0
FernRidgeRd_TON_12.03.25_LS,1846,primary,0.2778,1,0
FernRidgeRd_TON_12.03.25_LS,1847,false,0.0189,0,0
FernRidgeRd_TON_12.03.25_LS,1891,false,0.0517,0,0
FernRidgeRd_TON_12.03.25_LS,1895,false,0.0,0,0
FernRidgeRd_TON_12.03.25_LS,1909,false,0.0435,0,0
FernRidgeRd_TON_12.03.25_LS,1934,false,0.0,0,0
FernRidgeRd_TON_12.03.25_LS,1936,false,0.0,0,0
FernRidgeRd_TON_12.03.25_LS,1937,false,0.0,0,0
FernRidgeRd_TON_12.03.25_LS,1944,false,0.0,0,0
FernRidgeRd_TON_12.03.25_LS,1951,duplicate,0.3333,1,0
FernRidgeRd_TON_12.03.25_LS,1955,primary,0.9545,1,0
FernRidgeRd_TON_12.03.25_LS,1964,false,0.0,0,0
FernRidgeRd_TON_12.03.25_LS,1972,duplicate,0.2778,1,0
FernRidgeRd_TON_12.03.25_LS,1986,duplicate,0.6667,1,0
FernRidgeRd_TON_12.03.25_LS,1997,false,0.0,0,0
FernRidgeRd_TON_12.03.25_LS,2003,duplicate,0.75,1,0
FernRidgeRd_TON_12.03.25_LS,2028,primary,0.75,1,0
FernRidgeRd_TON_12.03.25_LS,2029,false,0.0517,0,0
FernRidgeRd_TON_12.03.25_LS,2035,duplicate,0.1053,0,0
FernRidgeRd_TON_12.03.25_LS,2044,duplicate,0.0,0,0
FernRidgeRd_TON_12.03.25_LS,2049,duplicate,0.2778,1,0
FernRidgeRd_TON_12.03.25_LS,2062,duplicate,0.8,1,0
FernRidgeRd_TON_12.03.25_LS,2069,duplicate,0.1053,0,0
FernRidgeRd_TON_12.03.25_LS,2070,primary,0.9545,1,0
FernRidgeRd_TON_12.03.25_LS,2099,duplicate,0.0435,0,0
FernRidgeRd_TON_12.03.25_LS,2106,duplicate,0.1053,0,0
FernRidgeRd_TON_12.03.25_LS,2136,duplicate,0.1053,0,0
FernRidgeRd_TON_12.03.25_LS,2148,false,0.0,0,0
FernRidgeRd_TON_12.03.25_LS,2168,false,0.0,0,0
FernRidgeRd_TON_12.03.25_LS,2169,primary,0.75,1,0
FernRidgeRd_TON_12.03.25_LS,2180,duplicate,0.75,1,0
FernRidgeRd_TON_12.03.25_LS,2239,primary,0.75,1,0
FernRidgeRd_TON_12.03.25_LS,2240,false,0.0,0,0
FernRidgeRd_TON_12.03.25_LS,3240,false,0.0,0,0
FernRidgeRd_TON_12.03.25_LS,3241,false,0.0,0,0
FernRidgeRd_TON_12.03.25_LS,3242,false,0.0189,0,0
FernRidgeRd_TON_12.03.25_LS,3243,false,0.0517,0,0
FernRidgeRd_TON_12.03.25_LS,3244,false,0.0,0,0
FernRidgeRd_TON_12.03.25_LS,3245,false,0.0,0,0
FernRidgeRd_TON_12.03.25_LS,3246,false,0.0,0,0
FernRidgeRd_TON_12.03.25_LS,3247,false,0.0,0,0
FernRidgeRd_TON_12.03.25_LS,3248,false,0.0,0,0
FernRidgeRd_TON_12.03.25_LS,3249,false,0.0,0,0
FernRidgeRd_TON_12.03.25_LS,3250,false,0.0,0,0
FernRidgeRd_TON_12.03.25_LS,3251,false,0.0,0,0
FernRidgeRd_TON_12.03.25_LS,3252,false,0.0,0,0
FernRidgeRd_TON_12.03.25_LS,3253,false,0.0,0,0
FernRidgeRd_TON_12.03.25_LS,3254,false,0.0,0,0
FernRidgeRd_TON_12.03.25_LS,3255,false,0.0,0,0
FernRidgeRd_TON_12.03.25_LS,3256,false,0.0,0,0
FernRidgeRd_TON_12.03.25_LS,3257,false,0.1053,0,0
FernRidgeRd_TON_12.03.25_LS,3258,false,0.0,0,0
FernRidgeRd_TON_12.03.25_LS,3259,false,0.0,0,0
FernRidgeRd_TON_12.03.25_LS,3260,false,0.0,0,0
FernRidgeRd_TON_12.03.25_LS,3261,false,0.0,0,0
FernRidgeRd_TON_12.03.25_LS,3262,false,0.0,0,0
FernRidgeRd_TON_12.03.25_LS,3263,false,0.0,0,0
FernRidgeRd_TON_12.03.25_LS,3264,false,0.0,0,0
FernRidgeRd_TON_12.03.25_LS,3265,false,0.0,0,0
FernRidgeRd_TON_12.03.25_LS,3266,false,0.0,0,0
FernRidgeRd_TON_12.03.25_LS,3267,false,0.0,0,0
FernRidgeRd_TON_12.03.25_LS,3268,false,0.0,0,0
FernRidgeRd_TON_12.03.25_LS,3269,duplicate,0.0,0,0
FernRidgeRd_TON_12.03.25_LS,3270,duplicate,0.0,0,0
FernRidgeRd_TON_12.03.25_LS,3271,duplicate,0.1053,0,0
FernRidgeRd_TON_12.03.25_LS,3272,false,0.0,0,0
FernRidgeRd_TON_12.03.25_LS,3273,false,0.0,0,0
FernRidgeRd_TON_12.03.25_LS,3274,false,0.1053,0,0
FernRidgeRd_TON_12.03.25_LS,3275,false,0.0,0,0
FernRidgeRd_TON_12.03.25_LS,3276,false,0.0,0,0
FernRidgeRd_TON_12.03.25_LS,3277,false,0.0189,0,0
FernRidgeRd_TON_12.03.25_LS,3278,false,0.0,0,0
FernRidgeRd_TON_12.03.25_LS,3279,false,0.0,0,0
FernRidgeRd_TON_12.03.25_LS,3280,false,0.0,0,0
FernRidgeRd_TON_12.03.25_LS,3281,false,0.0,0,0
FernRidgeRd_TON_12.03.25_LS,3282,false,0.0,0,0
FernRidgeRd_TON_12.03.25_LS,3283,false,0.0,0,0
FernRidgeRd_TON_12.03.25_LS,3284,false,0.0,0,0
FernRidgeRd_TON_12.03.25_LS,3285,false,0.0,0,0
FernRidgeRd_TON_12.03.25_LS,3286,false,0.0,0,0
FernRidgeRd_TON_12.03.25_LS,3287,false,0.0,0,0
FernRidgeRd_TON_12.03.25_LS,3288,false,0.0517,0,0
FernRidgeRd_TON_12.03.25_LS,3289,false,0.0,0,0
FernRidgeRd_TON_12.03.25_LS,3290,false,0.0,0,0
FernRidgeRd_TON_12.03.25_LS,3291,false,0.0,0,0
FernRidgeRd_TON_12.03.25_LS,3292,false,0.0,0,0
FernRidgeRd_TON_12.03.25_LS,3293,duplicate,0.0,0,0
FernRidgeRd_TON_12.03.25_LS,3294,duplicate,0.0517,0,0
FernRidgeRd_TON_12.03.25_LS,3295,false,0.0,0,0
FernRidgeRd_TON_12.03.25_LS,3296,false,0.0,0,0
FernRidgeRd_TON_12.03.25_LS,3297,duplicate,0.0517,0,0
FernRidgeRd_TON_12.03.25_LS,3298,false,0.0,0,0
FernRidgeRd_TON_12.03.25_LS,3299,false,0.0,0,0
FernRidgeRd_TON_12.03.25_LS,3300,false,0.0,0,0
FernRidgeRd_TON_12.03.25_LS,3301,false,0.0,0,0
FernRidgeRd_TON_12.03.25_LS,3302,false,0.0,0,0
FernRidgeRd_TON_12.03.25_LS,3303,false,0.0,0,0
FernRidgeRd_TON_12.03.25_LS,3304,false,0.0,0,0
FernRidgeRd_TON_12.03.25_LS,3305,false,0.0,0,0
FernRidgeRd_TON_12.03.25_LS,3306,false,0.0,0,0
FernRidgeRd_TON_12.03.25_LS,3307,false,0.1053,0,0
FernRidgeRd_TON_12.03.25_LS,3308,false,0.0,0,0
FernRidgeRd_TON_12.03.25_LS,3309,false,0.0,0,0
FernRidgeRd_TON_12.03.25_LS,3310,false,0.0,0,0
FernRidgeRd_TON_12.03.25_LS,3311,false,0.0,0,0
FernRidgeRd_TON_12.03.25_LS,3312,false,0.0,0,0
FernRidgeRd_TON_12.03.25_LS,3313,false,0.0,0,0
FernRidgeRd_TON_12.03.25_LS,3314,false,0.0,0,0
FernRidgeRd_TON_12.03.25_LS,3315,false,0.0,0,0
FernRidgeRd_TON_12.03.25_LS,3316,false,0.0,0,0
FernRidgeRd_TON_12.03.25_LS,3317,false,0.0,0,0
FernRidgeRd_TON_12.03.25_LS,3318,duplicate,0.0517,0,0
FernRidgeRd_TON_12.03.25_LS,3319,false,0.0,0,0
FernRidgeRd_TON_12.03.25_LS,3320,duplicate,0.0,0,0
FernRidgeRd_TON_12.03.25_LS,3321,false,0.0,0,0
FernRidgeRd_TON_12.03.25_LS,3322,false,0.0,0,0
FernRidgeRd_TON_12.03.25_LS,3323,false,0.0,0,0
FernRidgeRd_TON_12.03.25_LS,3324,false,0.0,0,0
FernRidgeRd_TON_12.03.25_LS,3325,false,0.0,0,0
FernRidgeRd_TON_12.03.25_LS,3326,false,0.0,0,0
FernRidgeRd_TON_12.03.25_LS,3327,false,0.0,0,0
FernRidgeRd_TON_12.03.25_LS,3328,false,0.0,0,0
FernRidgeRd_TON_12.03.25_LS,3329,false,0.0,0,0
FernRidgeRd_TON_12.03.25_LS,3330,false,0.0435,0,0
FernRidgeRd_TON_12.03.25_LS,3331,false,0.0,0,0
FernRidgeRd_TON_12.03.25_LS,3332,false,0.0,0,0
FernRidgeRd_TON_12.03.25_LS,3333,primary,0.1053,0,0
FernRidgeRd_TON_12.03.25_LS,3334,false,0.0,0,0
FernRidgeRd_TON_12.03.25_LS,3335,false,0.0517,0,0
FernRidgeRd_TON_12.03.25_LS,3336,duplicate,0.0,0,0
FernRidgeRd_TON_12.03.25_LS,3337,false,0.0,0,0
FernRidgeRd_TON_12.03.25_LS,3338,false,0.0,0,0
FernRidgeRd_TON_12.03.25_LS,3339,false,0.0,0,0
FernRidgeRd_TON_12.03.25_LS,3340,false,0.0,0,0
FernRidgeRd_TON_12.03.25_LS,3341,false,0.0,0,0
FernRidgeRd_TON_12.03.25_LS,3342,false,0.0189,0,0
FernRidgeRd_TON_12.03.25_LS,3343,false,0.0,0,0
FernRidgeRd_TON_12.03.25_LS,3344,false,0.0,0,0
FernRidgeRd_TON_12.03.25_LS,3345,false,0.0,0,0
FernRidgeRd_TON_12.03.25_LS,3346,false,0.0,0,0
FernRidgeRd_TON_12.03.25_LS,3347,false,0.0,0,0
FernRidgeRd_TON_12.03.25_LS,3348,false,0.0,0,0
FernRidgeRd_TON_12.03.25_LS,3349,false,0.0,0,0
FernRidgeRd_TON_12.03.25_LS,3350,false,0.0,0,0
FernRidgeRd_TON_12.03.25_LS,3351,false,0.0,0,0
FernRidgeRd_TON_12.03.25_LS,3352,false,0.0,0,0
FernRidgeRd_TON_12.03.25_LS,3353,false,0.0,0,0
FernRidgeRd_TON_12.03.25_LS,3354,false,0.0,0,0
FernRidgeRd_TON_12.03.25_LS,3355,false,0.0,0,0
FernRidgeRd_TON_12.03.25_LS,3356,false,0.0,0,0
FernRidgeRd_TON_12.03.25_LS,3357,false,0.0,0,0
FernRidgeRd_TON_12.03.25_LS,3358,false,0.0,0,0
FernRidgeRd_TON_12.03.25_LS,3359,false,0.0,0,0
FernRidgeRd_TON_12.03.25_LS,3360,false,0.0,0,0
FernRidgeRd_TON_12.03.25_LS,3361,false,0.0,0,0
FernRidgeRd_TON_12.03.25_LS,3362,false,0.0,0,0
FernRidgeRd_TON_12.03.25_LS,3363,false,0.0,0,0
FernRidgeRd_TON_12.03.25_LS,3364,false,0.0,0,0
FernRidgeRd_TON_12.03.25_LS,3365,false,0.0,0,0
FernRidgeRd_TON_12.03.25_LS,3366,false,0.0,0,0
FernRidgeRd_TON_12.03.25_LS,3367,false,0.0,0,0
FernRidgeRd_TON_12.03.25_LS,3368,false,0.0,0,0
FernRidgeRd_TON_12.03.25_LS,3369,false,0.0,0,0
FernRidgeRd_TON_12.03.25_LS,3370,false,0.0517,0,0
FernRidgeRd_TON_12.03.25_LS,3371,false,0.0,0,0
FernRidgeRd_TON_12.03.25_LS,3372,false,0.0,0,0
FernRidgeRd_TON_12.03.25_LS,3373,false,0.0,0,0
FernRidgeRd_TON_12.03.25_LS,3374,duplicate,0.0,0,0
FernRidgeRd_TON_12.03.25_LS,3375,false,0.0,0,0
FernRidgeRd_TON_12.03.25_LS,3376,false,0.0,0,0
FernRidgeRd_TON_12.03.25_LS,3377,false,0.0,0,0
FernRidgeRd_TON_12.03.25_LS,3378,false,0.0,0,0
FernRidgeRd_TON_12.03.25_LS,3379,false,0.0,0,0
FernRidgeRd_TON_12.03.25_LS,3380,false,0.0,0,0
FernRidgeRd_TON_12.03.25_LS,3381,false,0.0,0,0
FernRidgeRd_TON_12.03.25_LS,3382,false,0.0,0,0
FernRidgeRd_TON_12.03.25_LS,3383,false,0.0,0,0
FernRidgeRd_TON_12.03.25_LS,3384,false,0.0,0,0
FernRidgeRd_TON_12.03.25_LS,3385,duplicate,0.0,0,0
FernRidgeRd_TON_12.03.25_LS,3386,false,0.0,0,0
FernRidgeRd_TON_12.03.25_LS,3387,duplicate,0.0,0,0
FernRidgeRd_TON_12.03.25_LS,3388,duplicate,0.0,0,0
FernRidgeRd_TON_12.03.25_LS,3389,duplicate,0.1053,0,0
FernRidgeRd_TON_12.03.25_LS,3390,false,0.0,0,0
FernRidgeRd_TON_12.03.25_LS,3391,false,0.0,0,0
FernRidgeRd_TON_12.03.25_LS,3392,false,0.0,0,0
FernRidgeRd_TON_12.03.25_LS,3393,false,0.0,0,0
FernRidgeRd_TON_12.03.25_LS,3394,false,0.0,0,0
FernRidgeRd_TON_12.03.25_LS,3395,false,0.0,0,0
FernRidgeRd_TON_12.03.25_LS,3396,false,0.0,0,0
FernRidgeRd_TON_12.03.25_LS,3397,false,0.0,0,0
FernRidgeRd_TON_12.03.25_LS,3398,false,0.0,0,0
FernRidgeRd_TON_12.03.25_LS,3399,false,0.0,0,0
FernRidgeRd_TON_12.03.25_LS,3400,false,0.0517,0,0
FernRidgeRd_TON_12.03.25_LS,3401,false,0.0,0,0
FernRidgeRd_TON_12.03.25_LS,3402,false,0.0,0,0
FernRidgeRd_TON_12.03.25_LS,3403,false,0.0,0,0
FernRidgeRd_TON_12.03.25_LS,3404,false,0.0,0,0
FernRidgeRd_TON_12.03.25_LS,3405,false,0.0,0,0
FernRidgeRd_TON_12.03.25_LS,3406,false,0.0,0,0
FernRidgeRd_TON_12.03.25_LS,3407,false,0.0,0,0
FernRidgeRd_TON_12.03.25_LS,3408,false,0.0,0,0
FernRidgeRd_TON_12.03.25_LS,3409,false,0.0435,0,0
FernRidgeRd_TON_12.03.25_LS,3410,false,0.0,0,0
FernRidgeRd_TON_12.03.25_LS,3411,false,0.0,0,0
FernRidgeRd_TON_12.03.25_LS,3412,false,0.0,0,0
FernRidgeRd_TON_12.03.25_LS,3413,false,0.0189,0,0
FernRidgeRd_TON_12.03.25_LS,3414,false,0.0,0,0
FernRidgeRd_TON_12.03.25_LS,3415,false,0.0,0,0
FernRidgeRd_TON_12.03.25_LS,3416,false,0.0,0,0
FernRidgeRd_TON_12.03.25_LS,3417,false,0.0,0,0
FernRidgeRd_TON_12.03.25_LS,3418,false,0.0,0,0
FernRidgeRd_TON_12.03.25_LS,3419,false,0.0517,0,0
FernRidgeRd_TON_12.03.25_LS,3420,false,0.0,0,0
FernRidgeRd_TON_12.03.25_LS,3421,false,0.0,0,0
FernRidgeRd_TON_12.03.25_LS,3422,false,0.0,0,0
FernRidgeRd_TON_12.03.25_LS,3423,false,0.0,0,0
FernRidgeRd_TON_12.03.25_LS,3424,false,0.0,0,0
FernRidgeRd_TON_12.03.25_LS,3425,false,0.0,0,0
FernRidgeRd_TON_12.03.25_LS,3426,false,0.0,0,0
FernRidgeRd_TON_12.03.25_LS,3427,false,0.0,0,0
FernRidgeRd_TON_12.03.25_LS,3428,false,0.0,0,0
FernRidgeRd_TON_12.03.25_LS,3429,false,0.0,0,0
FernRidgeRd_TON_12.03.25_LS,3430,false,0.0189,0,0
FernRidgeRd_TON_12.03.25_LS,3431,false,0.0,0,0
FernRidgeRd_TON_12.03.25_LS,3432,false,0.0,0,0
FernRidgeRd_TON_12.03.25_LS,3433,false,0.0,0,0
FernRidgeRd_TON_12.03.25_LS,3434,false,0.0,0,0
FernRidgeRd_TON_12.03.25_LS,3435,false,0.0,0,0
FernRidgeRd_TON_12.03.25_LS,3436,duplicate,0.0,0,0
FernRidgeRd_TON_12.03.25_LS,3437,false,0.0435,0,0
FernRidgeRd_TON_12.03.25_LS,3438,false,0.1053,0,0
FernRidgeRd_TON_12.03.25_LS,3439,false,0.0,0,0
FernRidgeRd_TON_12.03.25_LS,3440,false,0.0,0,0
FernRidgeRd_TON_12.03.25_LS,3441,false,0.0,0,0
FernRidgeRd_TON_12.03.25_LS,3442,false,0.0,0,0
FernRidgeRd_TON_12.03.25_LS,3443,false,0.0,0,0
FernRidgeRd_TON_12.03.25_LS,3444,false,0.0,0,0
FernRidgeRd_TON_12.03.25_LS,3445,false,0.0,0,0
FernRidgeRd_TON_12.03.25_LS,3446,false,0.0,0,0
FernRidgeRd_TON_12.03.25_LS,3447,false,0.0,0,0
FernRidgeRd_TON_12.03.25_LS,3448,false,0.0517,0,0
FernRidgeRd_TON_12.03.25_LS,3449,false,0.0,0,0
FernRidgeRd_TON_12.03.25_LS,3450,false,0.0,0,0
FernRidgeRd_TON_12.03.25_LS,3451,false,0.1053,0,0
FernRidgeRd_TON_12.03.25_LS,3452,false,0.0,0,0
FernRidgeRd_TON_12.03.25_LS,3453,false,0.0,0,0
FernRidgeRd_TON_12.03.25_LS,3454,false,0.0189,0,0
FernRidgeRd_TON_12.03.25_LS,3455,false,0.0,0,0
FernRidgeRd_TON_12.03.25_LS,3456,false,0.0,0,0
FernRidgeRd_TON_12.03.25_LS,3457,false,0.0,0,0
FernRidgeRd_TON_12.03.25_LS,3458,false,0.0,0,0
FernRidgeRd_TON_12.03.25_LS,3459,false,0.0,0,0
FernRidgeRd_TON_12.03.25_LS,3460,false,0.0,0,0
FernRidgeRd_TON_12.03.25_LS,3461,false,0.0189,0,0
FernRidgeRd_TON_12.03.25_LS,3462,false,0.0,0,0
FernRidgeRd_TON_12.03.25_LS,3463,false,0.0517,0,0
FernRidgeRd_TON_12.03.25_LS,3464,false,0.0,0,0
FernRidgeRd_TON_12.03.25_LS,3465,false,0.1053,0,0
FernRidgeRd_TON_12.03.25_LS,3466,false,0.0517,0,0
FernRidgeRd_TON_12.03.25_LS,3467,false,0.0,0,0
FernRidgeRd_TON_12.03.25_LS,3468,false,0.0,0,0
FernRidgeRd_TON_12.03.25_LS,3469,false,0.1053,0,0
FernRidgeRd_TON_12.03.25_LS,3470,false,0.0,0,0
FernRidgeRd_TON_12.03.25_LS,3471,false,0.0,0,0
FernRidgeRd_TON_12.03.25_LS,3472,false,0.1053,0,0
FernRidgeRd_TON_12.03.25_LS,3473,false,0.0,0,0
FernRidgeRd_TON_12.03.25_LS,3474,false,0.0,0,0
FernRidgeRd_TON_12.03.25_LS,3475,false,0.0,0,0
FernRidgeRd_TON_12.03.25_LS,3476,false,0.0,0,0
FernRidgeRd_TON_12.03.25_LS,3477,false,0.0,0,0
FernRidgeRd_TON_12.03.25_LS,3478,false,0.0,0,0
FernRidgeRd_TON_12.03.25_LS,3479,false,0.0,0,0
FernRidgeRd_TON_12.03.25_LS,3480,false,0.0,0,0
FernRidgeRd_TON_12.03.25_LS,3481,false,0.0,0,0
FernRidgeRd_TON_12.03.25_LS,3482,false,0.0189,0,0
FernRidgeRd_TON_12.03.25_LS,3483,false,0.0,0,0
FernRidgeRd_TON_12.03.25_LS,3484,false,0.0,0,0
FernRidgeRd_TON_12.03.25_LS,3485,false,0.0,0,0
FernRidgeRd_TON_12.03.25_LS,3486,false,0.0,0,0
FernRidgeRd_TON_12.03.25_LS,3487,false,0.0,0,0
FernRidgeRd_TON_12.03.25_LS,3488,false,0.0,0,0
FernRidgeRd_TON_12.03.25_LS,3489,false,0.0,0,0
FernRidgeRd_TON_12.03.25_LS,3490,false,0.0,0,0
FernRidgeRd_TON_12.03.25_LS,3491,false,0.0,0,0
FernRidgeRd_TON_12.03.25_LS,3492,false,0.0,0,0
FernRidgeRd_TON_12.03.25_LS,3493,false,0.0,0,0
FernRidgeRd_TON_12.03.25_LS,3494,false,0.0,0,0
FernRidgeRd_TON_12.03.25_LS,3495,false,0.0,0,0
FernRidgeRd_TON_12.03.25_LS,3496,false,0.0,0,0
FernRidgeRd_TON_12.03.25_LS,3497,false,0.0,0,0
FernRidgeRd_TON_12.03.25_LS,3498,false,0.0,0,0
FernRidgeRd_TON_12.03.25_LS,3499,false,0.0,0,0
FernRidgeRd_TON_12.03.25_LS,3500,false,0.0,0,0
FernRidgeRd_TON_12.03.25_LS,3501,false,0.0,0,0
FernRidgeRd_TON_12.03.25_LS,3502,false,0.0,0,0
FernRidgeRd_TON_12.03.25_LS,3503,false,0.0,0,0
FernRidgeRd_TON_12.03.25_LS,3504,false,0.0,0,0
FernRidgeRd_TON_12.03.25_LS,3505,false,0.0,0,0
FernRidgeRd_TON_12.03.25_LS,3506,false,0.0,0,0
FernRidgeRd_TON_12.03.25_LS,3507,false,0.0,0,0
FernRidgeRd_TON_12.03.25_LS,3508,false,0.0,0,0
FernRidgeRd_TON_12.03.25_LS,3509,false,0.0,0,0
FernRidgeRd_TON_12.03.25_LS,3510,false,0.0,0,0
FernRidgeRd_TON_12.03.25_LS,3511,false,0.0,0,0
FernRidgeRd_TON_12.03.25_LS,3512,false,0.0,0,0
FernRidgeRd_TON_12.03.25_LS,3513,false,0.0,0,0
FernRidgeRd_TON_12.03.25_LS,3514,false,0.0,0,0
FernRidgeRd_TON_12.03.25_LS,3515,false,0.0,0,0
FernRidgeRd_TON_12.03.25_LS,3516,false,0.0,0,0
FernRidgeRd_TON_12.03.25_LS,3517,false,0.0,0,0
FernRidgeRd_TON_12.03.25_LS,3518,false,0.0,0,0
FernRidgeRd_TON_12.03.25_LS,3519,false,0.0,0,0
FernRidgeRd_TON_12.03.25_LS,3520,false,0.0,0,0
FernRidgeRd_TON_12.03.25_LS,3521,false,0.0,0,0
FernRidgeRd_TON_12.03.25_LS,3522,false,0.0,0,0
FernRidgeRd_TON_12.03.25_LS,3523,false,0.0,0,0
FernRidgeRd_TON_12.03.25_LS,3524,false,0.0,0,0
FernRidgeRd_TON_12.03.25_LS,3525,false,0.0,0,0
FernRidgeRd_TON_12.03.25_LS,3526,false,0.1053,0,0
FernRidgeRd_TON_12.03.25_LS,3527,false,0.0,0,0
FernRidgeRd_TON_12.03.25_LS,3528,false,0.0,0,0
FernRidgeRd_TON_12.03.25_LS,3529,false,0.0,0,0
FernRidgeRd_TON_12.03.25_LS,3530,false,0.0,0,0
FernRidgeRd_TON_12.03.25_LS,3531,false,0.0,0,0
FernRidgeRd_TON_12.03.25_LS,3532,false,0.0,0,0
FernRidgeRd_TON_12.03.25_LS,3533,false,0.0,0,0
FernRidgeRd_TON_12.03.25_LS,3534,false,0.0,0,0
FernRidgeRd_TON_12.03.25_LS,3535,false,0.0,0,0
FernRidgeRd_TON_12.03.25_LS,3536,false,0.0,0,0
FernRidgeRd_TON_12.03.25_LS,3537,false,0.0,0,0
FernRidgeRd_TON_12.03.25_LS,3538,false,0.0,0,0
FernRidgeRd_TON_12.03.25_LS,3539,false,0.0,0,0
FernRidgeRd_TON_12.03.25_LS,3540,false,0.0,0,0
FernRidgeRd_TON_12.03.25_LS,3541,false,0.0,0,0
FernRidgeRd_TON_12.03.25_LS,3542,false,0.0,0,0
FernRidgeRd_TON_12.03.25_LS,3543,false,0.0,0,0
FernRidgeRd_TON_12.03.25_LS,3544,false,0.0,0,0
FernRidgeRd_TON_12.03.25_LS,3545,false,0.0,0,0
FernRidgeRd_TON_12.03.25_LS,3546,false,0.0,0,0
FernRidgeRd_TON_12.03.25_LS,3547,false,0.0,0,0
FernRidgeRd_TON_12.03.25_LS,3548,false,0.0,0,0
FernRidgeRd_TON_12.03.25_LS,3549,false,0.0435,0,0
FernRidgeRd_TON_12.03.25_LS,3550,false,0.0,0,0
FernRidgeRd_TON_12.03.25_LS,3551,false,0.0,0,0
FernRidgeRd_TON_12.03.25_LS,3552,false,0.0,0,0
FernRidgeRd_TON_12.03.25_LS,3553,false,0.0,0,0
FernRidgeRd_TON_12.03.25_LS,3554,false,0.0,0,0
FernRidgeRd_TON_12.03.25_LS,3555,false,0.0,0,0
FernRidgeRd_TON_12.03.25_LS,3556,false,0.0,0,0
FernRidgeRd_TON_12.03.25_LS,3557,false,0.1053,0,0
FernRidgeRd_TON_12.03.25_LS,3558,false,0.0,0,0
FernRidgeRd_TON_12.03.25_LS,3559,false,0.0517,0,0
FernRidgeRd_TON_12.03.25_LS,3560,false,0.0,0,0
FernRidgeRd_TON_12.03.25_LS,3561,false,0.0,0,0
FernRidgeRd_TON_12.03.25_LS,3562,false,0.0,0,0
FernRidgeRd_TON_12.03.25_LS,3563,false,0.0,0,0
FernRidgeRd_TON_12.03.25_LS,3564,false,0.0,0,0
FernRidgeRd_TON_12.03.25_LS,3565,false,0.0,0,0
FernRidgeRd_TON_12.03.25_LS,3566,false,0.0,0,0
FernRidgeRd_TON_12.03.25_LS,3567,false,0.0,0,0
FernRidgeRd_TON_12.03.25_LS,3568,false,0.0,0,0
FernRidgeRd_TON_12.03.25_LS,3569,false,0.0,0,0
FernRidgeRd_TON_12.03.25_LS,3570,false,0.0,0,0
FernRidgeRd_TON_12.03.25_LS,3571,false,0.0,0,0
FernRidgeRd_TON_12.03.25_LS,3572,false,0.1053,0,0
FernRidgeRd_TON_12.03.25_LS,3573,false,0.0189,0,0
FernRidgeRd_TON_12.03.25_LS,3574,false,0.0,0,0
FernRidgeRd_TON_12.03.25_LS,3575,false,0.0,0,0
FernRidgeRd_TON_12.03.25_LS,3576,false,0.0,0,0
FernRidgeRd_TON_12.03.25_LS,3577,false,0.0,0,0
FernRidgeRd_TON_12.03.25_LS,3578,false,0.0,0,0
FernRidgeRd_TON_12.03.25_LS,3579,false,0.0,0,0
FernRidgeRd_TON_12.03.25_LS,3580,false,0.0,0,0
FernRidgeRd_TON_12.03.25_LS,3581,false,0.0,0,0
FernRidgeRd_TON_12.03.25_LS,3582,false,0.0,0,0
FernRidgeRd_TON_12.03.25_LS,3583,false,0.0,0,0
FernRidgeRd_TON_12.03.25_LS,3584,false,0.0,0,0
FernRidgeRd_TON_12.03.25_LS,3585,false,0.0517,0,0
FernRidgeRd_TON_12.03.25_LS,3586,false,0.0,0,0
FernRidgeRd_TON_12.03.25_LS,3587,false,0.0,0,0
FernRidgeRd_TON_12.03.25_LS,3588,false,0.0517,0,0
FernRidgeRd_TON_12.03.25_LS,3589,false,0.0,0,0
FernRidgeRd_TON_12.03.25_LS,3590,false,0.0,0,0
FernRidgeRd_TON_12.03.25_LS,3591,false,0.0,0,0
FernRidgeRd_TON_12.03.25_LS,3592,false,0.0517,0,0
FernRidgeRd_TON_12.03.25_LS,3593,false,0.0,0,0
FernRidgeRd_TON_12.03.25_LS,3594,false,0.0,0,0
FernRidgeRd_TON_12.03.25_LS,3595,false,0.0,0,0
FernRidgeRd_TON_12.03.25_LS,3596,false,0.0,0,0
FernRidgeRd_TON_12.03.25_LS,3597,false,0.0,0,0
FernRidgeRd_TON_12.03.25_LS,3598,false,0.0,0,0
FernRidgeRd_TON_12.03.25_LS,3599,false,0.0,0,0
FernRidgeRd_TON_12.03.25_LS,3600,false,0.0189,0,0
FernRidgeRd_TON_12.03.25_LS,3601,false,0.0,0,0
FernRidgeRd_TON_12.03.25_LS,3602,false,0.0517,0,0
FernRidgeRd_TON_12.03.25_LS,3603,false,0.0,0,0
FernRidgeRd_TON_12.03.25_LS,3604,false,0.0,0,0
FernRidgeRd_TON_12.03.25_LS,3605,false,0.0,0,0
FernRidgeRd_TON_12.03.25_LS,3606,false,0.0,0,0
FernRidgeRd_TON_12.03.25_LS,3607,false,0.0,0,0
FernRidgeRd_TON_12.03.25_LS,3608,false,0.1053,0,0
FernRidgeRd_TON_12.03.25_LS,3609,false,0.0,0,0
FernRidgeRd_TON_12.03.25_LS,3610,false,0.0,0,0
FernRidgeRd_TON_12.03.25_LS,3611,false,0.0,0,0
FernRidgeRd_TON_12.03.25_LS,3612,false,0.0,0,0
FernRidgeRd_TON_12.03.25_LS,3613,false,0.0,0,0
FernRidgeRd_TON_12.03.25_LS,3614,false,0.0,0,0
FernRidgeRd_TON_12.03.25_LS,3615,false,0.0,0,0
FernRidgeRd_TON_12.03.25_LS,3616,false,0.0,0,0
FernRidgeRd_TON_12.03.25_LS,3617,false,0.0,0,0
FernRidgeRd_TON_12.03.25_LS,3618,false,0.0,0,0
FernRidgeRd_TON_12.03.25_LS,3619,false,0.0,0,0
FernRidgeRd_TON_12.03.25_LS,3620,false,0.0,0,0
FernRidgeRd_TON_12.03.25_LS,3621,false,0.0,0,0
FernRidgeRd_TON_12.03.25_LS,3622,false,0.0,0,0
FernRidgeRd_TON_12.03.25_LS,3623,false,0.0,0,0
FernRidgeRd_TON_12.03.25_LS,3624,false,0.0,0,0
FernRidgeRd_TON_12.03.25_LS,3625,false,0.0,0,0
FernRidgeRd_TON_12.03.25_LS,3626,false,0.0,0,0
FernRidgeRd_TON_12.03.25_LS,3627,false,0.0,0,0
FernRidgeRd_TON_12.03.25_LS,3628,false,0.0,0,0
FernRidgeRd_TON_12.03.25_LS,3629,false,0.0,0,0
FernRidgeRd_TON_12.03.25_LS,3630,false,0.0,0,0
FernRidgeRd_TON_12.03.25_LS,3631,false,0.0,0,0
FernRidgeRd_TON_12.03.25_LS,3632,false,0.0,0,0
FernRidgeRd_TON_12.03.25_LS,3633,false,0.0,0,0
FernRidgeRd_TON_12.03.25_LS,3634,false,0.0,0,0
FernRidgeRd_TON_12.03.25_LS,3635,false,0.0,0,0
FernRidgeRd_TON_12.03.25_LS,3636,false,0.0189,0,0
FernRidgeRd_TON_12.03.25_LS,3637,false,0.0,0,0
FernRidgeRd_TON_12.03.25_LS,3638,false,0.0,0,0
FernRidgeRd_TON_12.03.25_LS,3639,false,0.0,0,0
FernRidgeRd_TON_12.03.25_LS,3640,false,0.0,0,0
FernRidgeRd_TON_12.03.25_LS,3641,false,0.0,0,0
FernRidgeRd_TON_12.03.25_LS,3642,false,0.0,0,0
FernRidgeRd_TON_12.03.25_LS,3643,false,0.0,0,0
FernRidgeRd_TON_12.03.25_LS,3644,false,0.0,0,0
FernRidgeRd_TON_12.03.25_LS,3645,false,0.0517,0,0
FernRidgeRd_TON_12.03.25_LS,3646,false,0.0,0,0
FernRidgeRd_TON_12.03.25_LS,3647,false,0.0,0,0
FernRidgeRd_TON_12.03.25_LS,3648,false,0.0,0,0
FernRidgeRd_TON_12.03.25_LS,3649,false,0.0,0,0
FernRidgeRd_TON_12.03.25_LS,3650,false,0.0517,0,0
FernRidgeRd_TON_12.03.25_LS,3651,false,0.0,0,0
FernRidgeRd_TON_12.03.25_LS,3652,false,0.0,0,0
FernRidgeRd_TON_12.03.25_LS,3653,false,0.0517,0,0
FernRidgeRd_TON_12.03.25_LS,3654,false,0.0,0,0
FernRidgeRd_TON_12.03.25_LS,3655,false,0.1053,0,0
FernRidgeRd_TON_12.03.25_LS,3656,false,0.0,0,0
FernRidgeRd_TON_12.03.25_LS,3657,false,0.0435,0,0
FernRidgeRd_TON_12.03.25_LS,3658,false,0.0,0,0
FernRidgeRd_TON_12.03.25_LS,3659,false,0.0,0,0
FernRidgeRd_TON_12.03.25_LS,3660,false,0.0,0,0
FernRidgeRd_TON_12.03.25_LS,3661,false,0.0,0,0
FernRidgeRd_TON_12.03.25_LS,3662,false,0.0,0,0
FernRidgeRd_TON_12.03.25_LS,3663,false,0.0,0,0
FernRidgeRd_TON_12.03.25_LS,3664,false,0.0,0,0
FernRidgeRd_TON_12.03.25_LS,3665,false,0.0,0,0
FernRidgeRd_TON_12.03.25_LS,3666,false,0.0,0,0
FernRidgeRd_TON_12.03.25_LS,3667,false,0.0,0,0
FernRidgeRd_TON_12.03.25_LS,3668,false,0.0,0,0
FernRidgeRd_TON_12.03.25_LS,3669,false,0.0,0,0
FernRidgeRd_TON_12.03.25_LS,3670,false,0.0,0,0
FernRidgeRd_TON_12.03.25_LS,3671,false,0.0,0,0
FernRidgeRd_TON_12.03.25_LS,3672,false,0.0,0,0
FernRidgeRd_TON_12.03.25_LS,3673,false,0.0,0,0
FernRidgeRd_TON_12.03.25_LS,3674,false,0.0,0,0
FernRidgeRd_TON_12.03.25_LS,3675,false,0.0,0,0
FernRidgeRd_TON_12.03.25_LS,3676,false,0.0435,0,0
FernRidgeRd_TON_12.03.25_LS,3677,false,0.0,0,0
FernRidgeRd_TON_12.03.25_LS,3678,false,0.0,0,0
FernRidgeRd_TON_12.03.25_LS,3679,false,0.0,0,0
FernRidgeRd_TON_12.03.25_LS,3680,false,0.0,0,0
FernRidgeRd_TON_12.03.25_LS,3681,false,0.0,0,0
FernRidgeRd_TON_12.03.25_LS,3682,false,0.0,0,0
FernRidgeRd_TON_12.03.25_LS,3683,false,0.0189,0,0
FernRidgeRd_TON_12.03.25_LS,3684,false,0.0,0,0
FernRidgeRd_TON_12.03.25_LS,3685,false,0.0,0,0
FernRidgeRd_TON_12.03.25_LS,3686,false,0.0517,0,0
FernRidgeRd_TON_12.03.25_LS,3687,false,0.0,0,0
FernRidgeRd_TON_12.03.25_LS,3688,false,0.0,0,0
FernRidgeRd_TON_12.03.25_LS,3689,false,0.0,0,0
FernRidgeRd_TON_12.03.25_LS,3690,false,0.1053,0,0
FernRidgeRd_TON_12.03.25_LS,3691,false,0.0,0,0
FernRidgeRd_TON_12.03.25_LS,3692,false,0.0,0,0
FernRidgeRd_TON_12.03.25_LS,3693,false,0.0,0,0
FernRidgeRd_TON_12.03.25_LS,3694,false,0.0,0,0
FernRidgeRd_TON_12.03.25_LS,3695,duplicate,0.0,0,0
FernRidgeRd_TON_12.03.25_LS,3696,false,0.0,0,0
FernRidgeRd_TON_12.03.25_LS,3697,duplicate,0.1053,0,0
FernRidgeRd_TON_12.03.25_LS,3698,false,0.0,0,0
FernRidgeRd_TON_12.03.25_LS,3699,duplicate,0.1053,0,0
FernRidgeRd_TON_12.03.25_LS,3700,false,0.0,0,0
FernRidgeRd_TON_12.03.25_LS,3701,duplicate,0.0,0,0
FernRidgeRd_TON_12.03.25_LS,3702,false,0.0,0,0
FernRidgeRd_TON_12.03.25_LS,3703,false,0.0,0,0
FernRidgeRd_TON_12.03.25_LS,3704,duplicate,0.1053,0,0
FernRidgeRd_TON_12.03.25_LS,3705,false,0.0,0,0
FernRidgeRd_TON_12.03.25_LS,3706,false,0.0,0,0
FernRidgeRd_TON_12.03.25_LS,3707,false,0.0,0,0
FernRidgeRd_TON_12.03.25_LS,3708,false,0.0,0,0
FernRidgeRd_TON_12.03.25_LS,3709,false,0.0,0,0
FernRidgeRd_TON_12.03.25_LS,3710,false,0.0,0,0
FernRidgeRd_TON_12.03.25_LS,3711,false,0.0,0,0
FernRidgeRd_TON_12.03.25_LS,3712,false,0.0,0,0
FernRidgeRd_TON_12.03.25_LS,3713,false,0.0,0,0
FernRidgeRd_TON_12.03.25_LS,3714,false,0.0,0,0
FernRidgeRd_TON_12.03.25_LS,3715,false,0.0,0,0
FernRidgeRd_TON_12.03.25_LS,3716,false,0.0,0,0
FernRidgeRd_TON_12.03.25_LS,3717,false,0.0,0,0
FernRidgeRd_TON_12.03.25_LS,3718,false,0.0,0,0
FernRidgeRd_TON_12.03.25_LS,3719,false,0.0,0,0
FernRidgeRd_TON_12.03.25_LS,3720,false,0.0,0,0
FernRidgeRd_TON_12.03.25_LS,3721,false,0.0,0,0
FernRidgeRd_TON_12.03.25_LS,3722,false,0.0,0,0
FernRidgeRd_TON_12.03.25_LS,3723,false,0.0,0,0
FernRidgeRd_TON_12.03.25_LS,3724,false,0.0,0,0
FernRidgeRd_TON_12.03.25_LS,3725,false,0.0,0,0
FernRidgeRd_TON_12.03.25_LS,3726,duplicate,0.0517,0,0
FernRidgeRd_TON_12.03.25_LS,3727,duplicate,0.1053,0,0
FernRidgeRd_TON_12.03.25_LS,3728,duplicate,0.0,0,0
FernRidgeRd_TON_12.03.25_LS,3729,false,0.0,0,0
FernRidgeRd_TON_12.03.25_LS,3730,false,0.0,0,0
FernRidgeRd_TON_12.03.25_LS,3731,false,0.0,0,0
FernRidgeRd_TON_12.03.25_LS,3732,false,0.0,0,0
FernRidgeRd_TON_12.03.25_LS,3733,false,0.0,0,0
FernRidgeRd_TON_12.03.25_LS,3734,false,0.0,0,0
FernRidgeRd_TON_12.03.25_LS,3735,false,0.0,0,0
FernRidgeRd_TON_12.03.25_LS,3736,false,0.0,0,0
FernRidgeRd_TON_12.03.25_LS,3737,false,0.0189,0,0
FernRidgeRd_TON_12.03.25_LS,3738,false,0.0,0,0
FernRidgeRd_TON_12.03.25_LS,3739,false,0.1053,0,0
FernRidgeRd_TON_12.03.25_LS,3740,false,0.0,0,0
FernRidgeRd_TON_12.03.25_LS,3741,false,0.0,0,0
FernRidgeRd_TON_12.03.25_LS,3742,false,0.0517,0,0
FernRidgeRd_TON_12.03.25_LS,3743,false,0.0435,0,0
FernRidgeRd_TON_12.03.25_LS,3744,false,0.0,0,0
FernRidgeRd_TON_12.03.25_LS,3745,false,0.1053,0,0
FernRidgeRd_TON_12.03.25_LS,3746,false,0.0,0,0
FernRidgeRd_TON_12.03.25_LS,3747,false,0.1053,0,0
FernRidgeRd_TON_12.03.25_LS,3748,false,0.0,0,0
FernRidgeRd_TON_12.03.25_LS,3749,false,0.0,0,0
FernRidgeRd_TON_12.03.25_LS,3750,false,0.0,0,0
FernRidgeRd_TON_12.03.25_LS,3751,false,0.0,0,0
FernRidgeRd_TON_12.03.25_LS,3752,false,0.0,0,0
FernRidgeRd_TON_12.03.25_LS,3753,false,0.0,0,0
FernRidgeRd_TON_12.03.25_LS,3754,false,0.0,0,0
FernRidgeRd_TON_12.03.25_LS,3755,false,0.0,0,0
FernRidgeRd_TON_12.03.25_LS,3756,false,0.0,0,0
FernRidgeRd_TON_12.03.25_LS,3757,false,0.0,0,0
FernRidgeRd_TON_12.03.25_LS,3758,false,0.0,0,0
FernRidgeRd_TON_12.03.25_LS,3759,false,0.0,0,0
FernRidgeRd_TON_12.03.25_LS,3760,false,0.0189,0,0
FernRidgeRd_TON_12.03.25_LS,3761,false,0.0,0,0
FernRidgeRd_TON_12.03.25_LS,3762,false,0.0,0,0
FernRidgeRd_TON_12.03.25_LS,3763,duplicate,0.0,0,0
FernRidgeRd_TON_12.03.25_LS,3764,duplicate,0.0,0,0
FernRidgeRd_TON_12.03.25_LS,3765,duplicate,0.1053,0,0
FernRidgeRd_TON_12.03.25_LS,3766,false,0.0,0,0
FernRidgeRd_TON_12.03.25_LS,3767,false,0.0,0,0
FernRidgeRd_TON_12.03.25_LS,3768,duplicate,0.0,0,0
FernRidgeRd_TON_12.03.25_LS,3769,duplicate,0.0517,0,0
FernRidgeRd_TON_12.03.25_LS,3770,false,0.0,0,0
FernRidgeRd_TON_12.03.25_LS,3771,false,0.1053,0,0
FernRidgeRd_TON_12.03.25_LS,3772,false,0.1053,0,0
FernRidgeRd_TON_12.03.25_LS,3773,false,0.0,0,0
FernRidgeRd_TON_12.03.25_LS,3774,false,0.0,0,0
FernRidgeRd_TON_12.03.25_LS,3775,duplicate,0.0,0,0
FernRidgeRd_TON_12.03.25_LS,3776,false,0.0,0,0
FernRidgeRd_TON_12.03.25_LS,3777,duplicate,0.0,0,0
FernRidgeRd_TON_12.03.25_LS,3778,false,0.0189,0,0
FernRidgeRd_TON_12.03.25_LS,3779,false,0.0,0,0
FernRidgeRd_TON_12.03.25_LS,3780,false,0.0,0,0
FernRidgeRd_TON_12.03.25_LS,3781,false,0.0,0,0
GiantCityRd_TON_12.03.25_LS,146,duplicate,0.0517,0,0
GiantCityRd_TON_12.03.25_LS,163,duplicate,0.0,0,0
GiantCityRd_TON_12.03.25_LS,165,duplicate,0.0517,0,0
GiantCityRd_TON_12.03.25_LS,169,duplicate,0.0189,0,0
GiantCityRd_TON_12.03.25_LS,184,duplicate,0.0517,0,0
GiantCityRd_TON_12.03.25_LS,192,false,0.0,0,0
GiantCityRd_TON_12.03.25_LS,195,false,0.0,0,0
GiantCityRd_TON_12.03.25_LS,203,false,0.0189,0,0
GiantCityRd_TON_12.03.25_LS,204,false,0.0,0,0
GiantCityRd_TON_12.03.25_LS,212,false,0.0,0,0
GiantCityRd_TON_12.03.25_LS,227,primary,0.2778,1,0
GiantCityRd_TON_12.03.25_LS,230,false,0.0517,0,0
GiantCityRd_TON_12.03.25_LS,233,primary,0.1053,0,0
GiantCityRd_TON_12.03.25_LS,258,duplicate,0.0435,0,0
GiantCityRd_TON_12.03.25_LS,261,false,0.0,0,0
GiantCityRd_TON_12.03.25_LS,263,false,0.0,0,0
GiantCityRd_TON_12.03.25_LS,270,false,0.0189,0,0
GiantCityRd_TON_12.03.25_LS,301,primary,0.2778,1,0
GiantCityRd_TON_12.03.25_LS,351,false,0.0189,0,0
GiantCityRd_TON_12.03.25_LS,352,false,0.0,0,0
GiantCityRd_TON_12.03.25_LS,355,false,0.0,0,0
GiantCityRd_TON_12.03.25_LS,369,false,0.0,0,0
GiantCityRd_TON_12.03.25_LS,1369,false,0.0,0,0
GiantCityRd_TON_12.03.25_LS,1370,false,0.0,0,0
GiantCityRd_TON_12.03.25_LS,1371,false,0.0,0,0
GiantCityRd_TON_12.03.25_LS,1372,false,0.0,0,0
GiantCityRd_TON_12.03.25_LS,1373,false,0.0,0,0
GiantCityRd_TON_12.03.25_LS,1374,false,0.0,0,0
GiantCityRd_TON_12.03.25_LS,1375,false,0.0,0,0
GiantCityRd_TON_12.03.25_LS,1376,primary,0.2778,1,0
GiantCityRd_TON_12.03.25_LS,1377,false,0.0,0,0
GiantCityRd_TON_12.03.25_LS,1378,false,0.0,0,0
GiantCityRd_TON_12.03.25_LS,1379,false,0.0,0,0
GiantCityRd_TON_12.03.25_LS,1380,false,0.0435,0,0
GiantCityRd_TON_12.03.25_LS,1381,false,0.0,0,0
GiantCityRd_TON_12.03.25_LS,1382,false,0.0,0,0
GiantCityRd_TON_12.03.25_LS,1383,false,0.1053,0,0
GiantCityRd_TON_12.03.25_LS,1384,false,0.0,0,0
GiantCityRd_TON_12.03.25_LS,1385,false,0.0,0,0
GiantCityRd_TON_12.03.25_LS,1386,false,0.0,0,0
GiantCityRd_TON_12.03.25_LS,1387,false,0.0,0,0
GiantCityRd_TON_12.03.25_LS,1388,false,0.0,0,0
GiantCityRd_TON_12.03.25_LS,1389,false,0.0,0,0
GiantCityRd_TON_12.03.25_LS,1390,false,0.0,0,0
GiantCityRd_TON_12.03.25_LS,1391,false,0.0,0,0
GiantCityRd_TON_12.03.25_LS,1392,false,0.0,0,0
GiantCityRd_TON_12.03.25_LS,1393,false,0.0,0,0
GiantCityRd_TON_12.03.25_LS,1394,false,0.0,0,0
GiantCityRd_TON_12.03.25_LS,1395,false,0.0,0,0
GiantCityRd_TON_12.03.25_LS,1396,false,0.0,0,0
GiantCityRd_TON_12.03.25_LS,1397,false,0.0,0,0
GiantCityRd_TON_12.03.25_LS,1398,duplicate,0.0435,0,0
GiantCityRd_TON_12.03.25_LS,1399,duplicate,0.0,0,0
GiantCityRd_TON_12.03.25_LS,1400,duplicate,0.0,0,0
GiantCityRd_TON_12.03.25_LS,1401,duplicate,0.0,0,0
GiantCityRd_TON_12.03.25_LS,1402,duplicate,0.0,0,0
GiantCityRd_TON_12.03.25_LS,1403,duplicate,0.0,0,0
GiantCityRd_TON_12.03.25_LS,1404,duplicate,0.0,0,0
GiantCityRd_TON_12.03.25_LS,1405,false,0.0,0,0
GiantCityRd_TON_12.03.25_LS,1406,false,0.0,0,0
GiantCityRd_TON_12.03.25_LS,1407,false,0.0,0,0
GiantCityRd_TON_12.03.25_LS,1408,false,0.0,0,0
GiantCityRd_TON_12.03.25_LS,1409,false,0.0189,0,0
GiantCityRd_TON_12.03.25_LS,1410,false,0.0,0,0
GiantCityRd_TON_12.03.25_LS,1411,false,0.0,0,0
GiantCityRd_TON_12.03.25_LS,1412,false,0.0,0,0
GiantCityRd_TON_12.03.25_LS,1413,false,0.0435,0,0
GiantCityRd_TON_12.03.25_LS,1414,false,0.0,0,0
GiantCityRd_TON_12.03.25_LS,1415,false,0.0,0,0
GiantCityRd_TON_12.03.25_LS,1416,false,0.0,0,0
GiantCityRd_TON_12.03.25_LS,1417,false,0.0,0,0
GiantCityRd_TON_12.03.25_LS,1418,false,0.0,0,0
GiantCityRd_TON_12.03.25_LS,1419,false,0.0,0,0
GiantCityRd_TON_12.03.25_LS,1420,false,0.0,0,0
GiantCityRd_TON_12.03.25_LS,1421,false,0.0,0,0
GiantCityRd_TON_12.03.25_LS,1422,false,0.0,0,0
GiantCityRd_TON_12.03.25_LS,1423,false,0.0,0,0
GiantCityRd_TON_12.03.25_LS,1424,false,0.0,0,0
GiantCityRd_TON_12.03.25_LS,1425,false,0.0,0,0
GiantCityRd_TON_12.03.25_LS,1426,false,0.0,0,0
GiantCityRd_TON_12.03.25_LS,1427,false,0.0,0,0
GiantCityRd_TON_12.03.25_LS,1428,false,0.0,0,0
GiantCityRd_TON_12.03.25_LS,1429,false,0.0,0,0
GiantCityRd_TON_12.03.25_LS,1430,false,0.0,0,0
GiantCityRd_TON_12.03.25_LS,1431,false,0.0,0,0
GiantCityRd_TON_12.03.25_LS,1432,false,0.0,0,0
GiantCityRd_TON_12.03.25_LS,1433,false,0.0,0,0
GiantCityRd_TON_12.03.25_LS,1434,false,0.0,0,0
GiantCityRd_TON_12.03.25_LS,1435,false,0.0,0,0
GiantCityRd_TON_12.03.25_LS,1436,false,0.0,0,0
GiantCityRd_TON_12.03.25_LS,1437,false,0.0,0,0
GiantCityRd_TON_12.03.25_LS,1438,duplicate,0.0,0,0
GiantCityRd_TON_12.03.25_LS,1439,primary,0.0,0,0
GiantCityRd_TON_12.03.25_LS,1440,duplicate,0.0,0,0
GiantCityRd_TON_12.03.25_LS,1441,duplicate,0.0,0,0
GiantCityRd_TON_12.03.25_LS,1442,false,0.0,0,0
GiantCityRd_TON_12.03.25_LS,1443,false,0.0,0,0
GiantCityRd_TON_12.03.25_LS,1444,false,0.0,0,0
GiantCityRd_TON_12.03.25_LS,1445,false,0.0,0,0
GiantCityRd_TON_12.03.25_LS,1446,false,0.0,0,0
GiantCityRd_TON_12.03.25_LS,1447,false,0.0,0,0
GiantCityRd_TON_12.03.25_LS,1448,false,0.0,0,0
GiantCityRd_TON_12.03.25_LS,1449,false,0.0435,0,0
GiantCityRd_TON_12.03.25_LS,1450,false,0.0,0,0
GiantCityRd_TON_12.03.25_LS,1451,false,0.0,0,0
GiantCityRd_TON_12.03.25_LS,1452,false,0.0,0,0
GiantCityRd_TON_12.03.25_LS,1453,false,0.25,0,0
GiantCityRd_TON_12.03.25_LS,1454,false,0.0,0,0
GiantCityRd_TON_12.03.25_LS,1455,false,0.0,0,0
GiantCityRd_TON_12.03.25_LS,1456,false,0.0,0,0
GiantCityRd_TON_12.03.25_LS,1457,false,0.0,0,0
GiantCityRd_TON_12.03.25_LS,1458,false,0.0,0,0
GiantCityRd_TON_12.03.25_LS,1459,false,0.0,0,0
GiantCityRd_TON_12.03.25_LS,1460,false,0.0,0,0
GiantCityRd_TON_12.03.25_LS,1461,false,0.0,0,0
GiantCityRd_TON_12.03.25_LS,1462,false,0.0,0,0
GiantCityRd_TON_12.03.25_LS,1463,false,0.0,0,0
GiantCityRd_TON_12.03.25_LS,1464,false,0.0,0,0
GiantCityRd_TON_12.03.25_LS,1465,false,0.0,0,0
GiantCityRd_TON_12.03.25_LS,1466,false,0.0,0,0
GiantCityRd_TON_12.03.25_LS,1467,false,0.0,0,0
GiantCityRd_TON_12.03.25_LS,1468,false,0.0,0,0
GiantCityRd_TON_12.03.25_LS,1469,false,0.0,0,0
GiantCityRd_TON_12.03.25_LS,1470,false,0.0,0,0
GiantCityRd_TON_12.03.25_LS,1471,false,0.0,0,0
GiantCityRd_TON_12.03.25_LS,1472,false,0.0,0,0
GiantCityRd_TON_12.03.25_LS,1473,false,0.0,0,0
GiantCityRd_TON_12.03.25_LS,1474,false,0.0,0,0
GiantCityRd_TON_12.03.25_LS,1475,false,0.0,0,0
GiantCityRd_TON_12.03.25_LS,1476,false,0.0,0,0
GiantCityRd_TON_12.03.25_LS,1477,false,0.0,0,0
GiantCityRd_TON_12.03.25_LS,1478,false,0.0,0,0
GiantCityRd_TON_12.03.25_LS,1479,primary,0.0,0,0
GiantCityRd_TON_12.03.25_LS,1480,primary,0.0,0,0
GiantCityRd_TON_12.03.25_LS,1481,false,0.0,0,0
GiantCityRd_TON_12.03.25_LS,1482,false,0.0,0,0
AquaCultureRd_TON_12.03.25_LS,53,false,0.0029,0,0
AquaCultureRd_TON_12.03.25_LS,61,false,0.0029,0,0
AquaCultureRd_TON_12.03.25_LS,64,false,0.0029,0,0
AquaCultureRd_TON_12.03.25_LS,95,false,0.0029,0,0
AquaCultureRd_TON_12.03.25_LS,115,false,0.0029,0,0
AquaCultureRd_TON_12.03.25_LS,140,false,0.0029,0,0
AquaCultureRd_TON_12.03.25_LS,141,false,0.0029,0,0
AquaCultureRd_TON_12.03.25_LS,150,false,0.0029,0,0
AquaCultureRd_TON_12.03.25_LS,178,false,0.0029,0,0
AquaCultureRd_TON_12.03.25_LS,217,false,0.0029,0,0
AquaCultureRd_TON_12.03.25_LS,219,false,0.0029,0,0
AquaCultureRd_TON_12.03.25_LS,1219,false,0.0029,0,0
AquaCultureRd_TON_12.03.25_LS,1220,false,0.0029,0,0
AquaCultureRd_TON_12.03.25_LS,1221,false,0.0029,0,0
AquaCultureRd_TON_12.03.25_LS,1222,false,0.0029,0,0
AquaCultureRd_TON_12.03.25_LS,1223,false,0.0029,0,0
AquaCultureRd_TON_12.03.25_LS,1224,false,0.0029,0,0
AquaCultureRd_TON_12.03.25_LS,1225,false,0.0029,0,0
AquaCultureRd_TON_12.03.25_LS,1226,false,0.0029,0,0
AquaCultureRd_TON_12.03.25_LS,1227,false,0.0029,0,0
AquaCultureRd_TON_12.03.25_LS,1228,false,0.0029,0,0
AquaCultureRd_TON_12.03.25_LS,1229,false,0.0029,0,0
AquaCultureRd_TON_12.03.25_LS,1230,false,0.0029,0,0
AquaCultureRd_TON_12.03.25_LS,1231,false,0.0029,0,0
AquaCultureRd_TON_12.03.25_LS,1232,false,0.0909,0,0
AquaCultureRd_TON_12.03.25_LS,1233,false,0.0029,0,0
AquaCultureRd_TON_12.03.25_LS,1234,false,0.0029,0,0
AquaCultureRd_TON_12.03.25_LS,1235,false,0.0029,0,0
AquaCultureRd_TON_12.03.25_LS,1236,false,0.0029,0,0
AquaCultureRd_TON_12.03.25_LS,1237,false,0.0029,0,0
AquaCultureRd_TON_12.03.25_LS,1238,false,0.0029,0,0
AquaCultureRd_TON_12.03.25_LS,1239,false,0.0029,0,0
AquaCultureRd_TON_12.03.25_LS,1240,false,0.0029,0,0
AquaCultureRd_TON_12.03.25_LS,1241,false,0.0029,0,0
AquaCultureRd_TON_12.03.25_LS,1242,false,0.0029,0,0
AquaCultureRd_TON_12.03.25_LS,1243,false,0.0029,0,0
AquaCultureRd_TON_12.03.25_LS,1244,false,0.0029,0,0
AquaCultureRd_TON_12.03.25_LS,1245,false,0.0029,0,0
AquaCultureRd_TON_12.03.25_LS,1246,false,0.0029,0,0
AquaCultureRd_TON_12.03.25_LS,1247,false,0.0029,0,0
AquaCultureRd_TON_12.03.25_LS,1248,false,0.0029,0,0
AquaCultureRd_TON_12.03.25_LS,1249,false,0.0029,0,0
AquaCultureRd_TON_12.03.25_LS,1250,false,0.0029,0,0
AquaCultureRd_TON_12.03.25_LS,1251,false,0.0029,0,0
AquaCultureRd_TON_12.03.25_LS,1252,false,0.0029,0,0
AquaCultureRd_TON_12.03.25_LS,1253,false,0.0029,0,0
AquaCultureRd_TON_12.03.25_LS,1254,false,0.0029,0,0
AquaCultureRd_TON_12.03.25_LS,1255,false,0.0029,0,0
AquaCultureRd_TON_12.03.25_LS,1256,false,0.0029,0,0
AquaCultureRd_TON_12.03.25_LS,1257,false,0.0029,0,0
AquaCultureRd_TON_12.03.25_LS,1258,false,0.0029,0,0
AquaCultureRd_TON_12.03.25_LS,1259,false,0.0029,0,0
AquaCultureRd_TON_12.03.25_LS,1260,false,0.0029,0,0
AquaCultureRd_TON_12.03.25_LS,1261,false,0.0029,0,0
AquaCultureRd_TON_12.03.25_LS,1262,false,0.0029,0,0
AquaCultureRd_TON_12.03.25_LS,1263,false,0.0029,0,0
AquaCultureRd_TON_12.03.25_LS,1264,false,0.0286,0,0
AquaCultureRd_TON_12.03.25_LS,1265,false,0.0029,0,0
AquaCultureRd_TON_12.03.25_LS,1266,false,0.0029,0,0
AquaCultureRd_TON_12.03.25_LS,1267,false,0.0029,0,0
AquaCultureRd_TON_12.03.25_LS,1268,false,0.0029,0,0
AquaCultureRd_TON_12.03.25_LS,1269,false,0.0029,0,0
AquaCultureRd_TON_12.03.25_LS,1270,false,0.0029,0,0
AquaCultureRd_TON_12.03.25_LS,1271,false,0.0029,0,0
AquaCultureRd_TON_12.03.25_LS,1272,false,0.0029,0,0
AquaCultureRd_TON_12.03.25_LS,1273,false,0.0029,0,0
AquaCultureRd_TON_12.03.25_LS,1274,false,0.0029,0,0
AquaCultureRd_TON_12.03.25_LS,1275,false,0.0029,0,0
AquaCultureRd_TON_12.03.25_LS,1276,false,0.0029,0,0
AquaCultureRd_TON_12.03.25_LS,1277,false,0.0286,0,0
AquaCultureRd_TON_12.03.25_LS,1278,false,0.0029,0,0
AquaCultureRd_TON_12.03.25_LS,1279,false,0.0029,0,0
AquaCultureRd_TON_12.03.25_LS,1280,false,0.0029,0,0
AquaCultureRd_TON_12.03.25_LS,1281,false,0.0029,0,0
AquaCultureRd_TON_12.03.25_LS,1282,false,0.0029,0,0
AquaCultureRd_TON_12.03.25_LS,1283,false,0.0029,0,0
AquaCultureRd_TON_12.03.25_LS,1284,false,0.0029,0,0
AquaCultureRd_TON_12.03.25_LS,1285,false,0.0029,0,0
AquaCultureRd_TON_12.03.25_LS,1286,false,0.0029,0,0
AquaCultureRd_TON_12.03.25_LS,1287,false,0.0029,0,0
AquaCultureRd_TON_12.03.25_LS,1288,false,0.0029,0,0
AquaCultureRd_TON_12.03.25_LS,1289,false,0.0029,0,0
AquaCultureRd_TON_12.03.25_LS,1290,false,0.0029,0,0
AquaCultureRd_TON_12.03.25_LS,1291,false,0.0029,0,0
AquaCultureRd_TON_12.03.25_LS,1292,false,0.0029,0,0
AquaCultureRd_TON_12.03.25_LS,1293,false,0.0029,0,0
AquaCultureRd_TON_12.03.25_LS,1294,false,0.0029,0,0
AquaCultureRd_TON_12.03.25_LS,1295,false,0.0029,0,0
AquaCultureRd_TON_12.03.25_LS,1296,false,0.0029,0,0
AquaCultureRd_TON_12.03.25_LS,1297,false,0.0029,0,0
AquaCultureRd_TON_12.03.25_LS,1298,false,0.0029,0,0
AquaCultureRd_TON_12.03.25_LS,1299,false,0.0029,0,0
AquaCultureRd_TON_12.03.25_LS,1300,false,0.0029,0,0
AquaCultureRd_TON_12.03.25_LS,1301,false,0.0029,0,0
AquaCultureRd_TON_12.03.25_LS,1302,false,0.0029,0,0
AquaCultureRd_TON_12.03.25_LS,1303,false,0.0029,0,0
AquaCultureRd_TON_12.03.25_LS,1304,false,0.0029,0,0
AquaCultureRd_TON_12.03.25_LS,1305,false,0.0029,0,0
AquaCultureRd_TON_12.03.25_LS,1306,false,0.0029,0,0
AquaCultureRd_TON_12.03.25_LS,1307,false,0.0029,0,0
AquaCultureRd_TON_12.03.25_LS,1308,false,0.0029,0,0
AquaCultureRd_TON_12.03.25_LS,1309,false,0.0029,0,0
AquaCultureRd_TON_12.03.25_LS,1310,false,0.0029,0,0
AquaCultureRd_TON_12.03.25_LS,1311,false,0.0029,0,0
AquaCultureRd_TON_12.03.25_LS,1312,false,0.0029,0,0
AquaCultureRd_TON_12.03.25_LS,1313,false,0.0029,0,0
AquaCultureRd_TON_12.03.25_LS,1314,false,0.0029,0,0
AquaCultureRd_TON_12.03.25_LS,1315,false,0.0029,0,0
AquaCultureRd_TON_12.03.25_LS,1316,false,0.0029,0,0
AquaCultureRd_TON_12.03.25_LS,1317,false,0.0286,0,0
AquaCultureRd_TON_12.03.25_LS,1318,false,0.0029,0,0
AquaCultureRd_TON_12.03.25_LS,1319,false,0.0029,0,0
AquaCultureRd_TON_12.03.25_LS,1320,false,0.0029,0,0
AquaCultureRd_TON_12.03.25_LS,1321,false,0.0029,0,0
AquaCultureRd_TON_12.03.25_LS,1322,false,0.0029,0,0
AquaCultureRd_TON_12.03.25_LS,1323,false,0.0029,0,0
AquaCultureRd_TON_12.03.25_LS,1324,false,0.0029,0,0
AquaCultureRd_TON_12.03.25_LS,1325,false,0.0029,0,0
AquaCultureRd_TON_12.03.25_LS,1326,false,0.0029,0,0
AquaCultureRd_TON_12.03.25_LS,1327,false,0.0029,0,0
AquaCultureRd_TON_12.03.25_LS,1328,false,0.0029,0,0
AquaCultureRd_TON_12.03.25_LS,1329,false,0.0029,0,0
AquaCultureRd_TON_12.03.25_LS,1330,false,0.0029,0,0
AquaCultureRd_TON_12.03.25_LS,1331,false,0.0029,0,0
AquaCultureRd_TON_12.03.25_LS,1332,false,0.0029,0,0
AquaCultureRd_TON_12.03.25_LS,1333,false,0.0029,0,0
AquaCultureRd_TON_12.03.25_LS,1334,false,0.0029,0,0
AquaCultureRd_TON_12.03.25_LS,1335,false,0.0029,0,0
AquaCultureRd_TON_12.03.25_LS,1336,false,0.0029,0,0
AquaCultureRd_TON_12.03.25_LS,1337,false,0.0029,0,0
AquaCultureRd_TON_12.03.25_LS,1338,false,0.0286,0,0
AquaCultureRd_TON_12.03.25_LS,1339,false,0.0029,0,0
AquaCultureRd_TON_12.03.25_LS,1340,false,0.0029,0,0
AquaCultureRd_TON_12.03.25_LS,1341,false,0.0029,0,0
AquaCultureRd_TON_12.03.25_LS,1342,false,0.0029,0,0
AquaCultureRd_TON_12.03.25_LS,1343,false,0.0029,0,0
AquaCultureRd_TON_12.03.25_LS,1344,false,0.0029,0,0
AquaCultureRd_TON_12.03.25_LS,1345,false,0.0029,0,0
AquaCultureRd_TON_12.03.25_LS,1346,false,0.0029,0,0
AquaCultureRd_TON_12.03.25_LS,1347,false,0.0029,0,0
AquaCultureRd_TON_12.03.25_LS,1348,false,0.0029,0,0
AquaCultureRd_TON_12.03.25_LS,1349,false,0.0029,0,0
AquaCultureRd_TON_12.03.25_LS,1350,false,0.0029,0,0
AquaCultureRd_TON_12.03.25_LS,1351,false,0.0029,0,0
AquaCultureRd_TON_12.03.25_LS,1352,false,0.0029,0,0
AquaCultureRd_TON_12.03.25_LS,1353,false,0.0029,0,0
AquaCultureRd_TON_12.03.25_LS,1354,false,0.0029,0,0
AquaCultureRd_TON_12.03.25_LS,1355,false,0.0029,0,0
AquaCultureRd_TON_12.03.25_LS,1356,false,0.0029,0,0
AquaCultureRd_TON_12.03.25_LS,1357,false,0.0029,0,0
AquaCultureRd_TON_12.03.25_LS,1358,duplicate,0.0029,0,0
AquaCultureRd_TON_12.03.25_LS,1359,false,0.0029,0,0
AquaCultureRd_TON_12.03.25_LS,1360,false,0.0029,0,0
AquaCultureRd_TON_12.03.25_LS,1361,primary,0.0286,0,0
AquaCultureRd_TON_12.03.25_LS,1362,false,0.0029,0,0
AquaCultureRd_TON_12.03.25_LS,1363,false,0.0029,0,0
EagleCreekDrEtc_SHB_12.11.2025_LS,253,primary,0.5789,1,0
EagleCreekDrEtc_SHB_12.11.2025_LS,257,primary,0.2857,0,0
EagleCreekDrEtc_SHB_12.11.2025_LS,281,duplicate,0.0029,0,0
EagleCreekDrEtc_SHB_12.11.2025_LS,319,duplicate,0.0029,0,0
EagleCreekDrEtc_SHB_12.11.2025_LS,356,primary,0.5789,1,0
EagleCreekDrEtc_SHB_12.11.2025_LS,357,duplicate,0.0029,0,0
EagleCreekDrEtc_SHB_12.11.2025_LS,372,primary,0.0029,0,0
EagleCreekDrEtc_SHB_12.11.2025_LS,395,false,0.0029,0,0
EagleCreekDrEtc_SHB_12.11.2025_LS,411,false,0.0029,0,0
EagleCreekDrEtc_SHB_12.11.2025_LS,418,false,0.0029,0,0
EagleCreekDrEtc_SHB_12.11.2025_LS,433,primary,0.5789,1,0
EagleCreekDrEtc_SHB_12.11.2025_LS,435,primary,0.5789,1,0
EagleCreekDrEtc_SHB_12.11.2025_LS,436,primary,0.5789,1,0
EagleCreekDrEtc_SHB_12.11.2025_LS,438,primary,0.5789,1,0
EagleCreekDrEtc_SHB_12.11.2025_LS,440,primary,0.5789,1,0
EagleCreekDrEtc_SHB_12.11.2025_LS,441,primary,0.5789,1,0
EagleCreekDrEtc_SHB_12.11.2025_LS,449,false,0.0029,0,0
EagleCreekDrEtc_SHB_12.11.2025_LS,452,false,0.0029,0,0
EagleCreekDrEtc_SHB_12.11.2025_LS,474,primary,0.5789,1,0
EagleCreekDrEtc_SHB_12.11.2025_LS,478,primary,0.5789,1,0
EagleCreekDrEtc_SHB_12.11.2025_LS,493,false,0.0029,0,0
EagleCreekDrEtc_SHB_12.11.2025_LS,510,duplicate,0.0029,0,0
EagleCreekDrEtc_SHB_12.11.2025_LS,513,false,0.0029,0,0
EagleCreekDrEtc_SHB_12.11.2025_LS,523,duplicate,0.5789,1,0
EagleCreekDrEtc_SHB_12.11.2025_LS,527,primary,1.0,1,0
EagleCreekDrEtc_SHB_12.11.2025_LS,553,duplicate,0.5789,1,0
EagleCreekDrEtc_SHB_12.11.2025_LS,555,false,0.0029,0,0
EagleCreekDrEtc_SHB_12.11.2025_LS,559,primary,0.5789,1,0
EagleCreekDrEtc_SHB_12.11.2025_LS,565,false,0.0029,0,0
EagleCreekDrEtc_SHB_12.11.2025_LS,586,primary,0.5789,1,0
EagleCreekDrEtc_SHB_12.11.2025_LS,609,false,0.0029,0,0
EagleCreekDrEtc_SHB_12.11.2025_LS,623,false,0.0029,0,0
EagleCreekDrEtc_SHB_12.11.2025_LS,632,false,0.0909,0,0
EagleCreekDrEtc_SHB_12.11.2025_LS,639,duplicate,0.0029,0,0
EagleCreekDrEtc_SHB_12.11.2025_LS,650,duplicate,0.0029,0,0
EagleCreekDrEtc_SHB_12.11.2025_LS,652,false,0.0029,0,0
EagleCreekDrEtc_SHB_12.11.2025_LS,670,false,0.0029,0,0
EagleCreekDrEtc_SHB_12.11.2025_LS,683,false,0.0029,0,0
EagleCreekDrEtc_SHB_12.11.2025_LS,693,false,0.0029,0,0
EagleCreekDrEtc_SHB_12.11.2025_LS,700,false,0.0029,0,0
EagleCreekDrEtc_SHB_12.11.2025_LS,708,false,0.0029,0,0
EagleCreekDrEtc_SHB_12.11.2025_LS,711,false,0.0029,0,0
EagleCreekDrEtc_SHB_12.11.2025_LS,713,duplicate,0.4,0,1
EagleCreekDrEtc_SHB_12.11.2025_LS,736,duplicate,0.4,0,1
EagleCreekDrEtc_SHB_12.11.2025_LS,746,duplicate,0.0909,0,0
EagleCreekDrEtc_SHB_12.11.2025_LS,751,duplicate,0.0909,0,0
EagleCreekDrEtc_SHB_12.11.2025_LS,762,false,0.0029,0,0
EagleCreekDrEtc_SHB_12.11.2025_LS,777,duplicate,0.0029,0,0
EagleCreekDrEtc_SHB_12.11.2025_LS,789,duplicate,0.4,0,1
EagleCreekDrEtc_SHB_12.11.2025_LS,793,duplicate,0.0029,0,0
EagleCreekDrEtc_SHB_12.11.2025_LS,813,duplicate,0.5789,1,0
EagleCreekDrEtc_SHB_12.11.2025_LS,821,false,0.0029,0,0
EagleCreekDrEtc_SHB_12.11.2025_LS,834,duplicate,0.0029,0,0
EagleCreekDrEtc_SHB_12.11.2025_LS,839,duplicate,0.0029,0,0
EagleCreekDrEtc_SHB_12.11.2025_LS,844,primary,0.5789,1,0
EagleCreekDrEtc_SHB_12.11.2025_LS,849,false,0.0029,0,0
EagleCreekDrEtc_SHB_12.11.2025_LS,863,false,0.0029,0,0
EagleCreekDrEtc_SHB_12.11.2025_LS,870,duplicate,0.0029,0,0
EagleCreekDrEtc_SHB_12.11.2025_LS,876,false,0.0029,0,0
EagleCreekDrEtc_SHB_12.11.2025_LS,880,false,0.0029,0,0
EagleCreekDrEtc_SHB_12.11.2025_LS,898,duplicate,1.0,1,0
EagleCreekDrEtc_SHB_12.11.2025_LS,899,false,0.0029,0,0
EagleCreekDrEtc_SHB_12.11.2025_LS,919,duplicate,0.5789,1,0
EagleCreekDrEtc_SHB_12.11.2025_LS,942,false,0.0029,0,0
EagleCreekDrEtc_SHB_12.11.2025_LS,960,duplicate,0.0029,0,0
EagleCreekDrEtc_SHB_12.11.2025_LS,989,duplicate,0.0029,0,0
EagleCreekDrEtc_SHB_12.11.2025_LS,990,duplicate,0.0029,0,0
EagleCreekDrEtc_SHB_12.11.2025_LS,993,duplicate,0.0909,0,0
EagleCreekDrEtc_SHB_12.11.2025_LS,1006,duplicate,0.0029,0,0
EagleCreekDrEtc_SHB_12.11.2025_LS,1008,false,0.0029,0,0
EagleCreekDrEtc_SHB_12.11.2025_LS,1022,duplicate,0.0029,0,0
EagleCreekDrEtc_SHB_12.11.2025_LS,1023,primary,1.0,1,0
EagleCreekDrEtc_SHB_12.11.2025_LS,1024,duplicate,0.5789,1,0
EagleCreekDrEtc_SHB_12.11.2025_LS,1055,duplicate,0.0029,0,0
EagleCreekDrEtc_SHB_12.11.2025_LS,1072,duplicate,0.0029,0,0
EagleCreekDrEtc_SHB_12.11.2025_LS,1075,primary,1.0,1,0
EagleCreekDrEtc_SHB_12.11.2025_LS,1103,false,0.0029,0,0
EagleCreekDrEtc_SHB_12.11.2025_LS,1107,duplicate,0.2857,0,0
EagleCreekDrEtc_SHB_12.11.2025_LS,1109,duplicate,0.5789,1,0
EagleCreekDrEtc_SHB_12.11.2025_LS,1124,false,0.0029,0,0
EagleCreekDrEtc_SHB_12.11.2025_LS,1154,false,0.0909,0,0
EagleCreekDrEtc_SHB_12.11.2025_LS,1167,duplicate,0.5789,1,0
EagleCreekDrEtc_SHB_12.11.2025_LS,1168,false,0.0029,0,0
EagleCreekDrEtc_SHB_12.11.2025_LS,1178,primary,0.0909,0,0
EagleCreekDrEtc_SHB_12.11.2025_LS,1195,false,0.0029,0,0
EagleCreekDrEtc_SHB_12.11.2025_LS,1230,false,0.0029,0,0
EagleCreekDrEtc_SHB_12.11.2025_LS,1231,false,0.0029,0,0
EagleCreekDrEtc_SHB_12.11.2025_LS,1235,primary,0.5789,1,0
EagleCreekDrEtc_SHB_12.11.2025_LS,1236,false,0.5789,1,0
EagleCreekDrEtc_SHB_12.11.2025_LS,1252,false,0.0029,0,0
EagleCreekDrEtc_SHB_12.11.2025_LS,1279,primary,0.2857,0,0
EagleCreekDrEtc_SHB_12.11.2025_LS,1288,primary,0.0029,0,0
EagleCreekDrEtc_SHB_12.11.2025_LS,1291,duplicate,0.0286,0,0
EagleCreekDrEtc_SHB_12.11.2025_LS,1298,duplicate,0.0029,0,0
EagleCreekDrEtc_SHB_12.11.2025_LS,1305,duplicate,0.0029,0,0
EagleCreekDrEtc_SHB_12.11.2025_LS,1316,primary,0.0909,0,0
EagleCreekDrEtc_SHB_12.11.2025_LS,1460,false,0.4,0,1
EagleCreekDrEtc_SHB_12.11.2025_LS,1465,false,0.5789,1,0
EagleCreekDrEtc_SHB_12.11.2025_LS,1469,false,0.0909,0,0
EagleCreekDrEtc_SHB_12.11.2025_LS,1482,false,0.0029,0,0
EagleCreekDrEtc_SHB_12.11.2025_LS,1484,primary,1.0,1,0
EagleCreekDrEtc_SHB_12.11.2025_LS,1486,primary,1.0,1,0
EagleCreekDrEtc_SHB_12.11.2025_LS,1487,false,0.0029,0,0
EagleCreekDrEtc_SHB_12.11.2025_LS,1488,primary,1.0,1,0
EagleCreekDrEtc_SHB_12.11.2025_LS,1491,primary,1.0,1,0
EagleCreekDrEtc_SHB_12.11.2025_LS,1498,duplicate,0.5789,1,0
EagleCreekDrEtc_SHB_12.11.2025_LS,1499,duplicate,0.0029,0,0
EagleCreekDrEtc_SHB_12.11.2025_LS,1502,duplicate,0.0286,0,0
EagleCreekDrEtc_SHB_12.11.2025_LS,1513,primary,0.5789,1,0
EagleCreekDrEtc_SHB_12.11.2025_LS,1514,duplicate,0.0029,0,0
EagleCreekDrEtc_SHB_12.11.2025_LS,1520,duplicate,0.2857,0,0
EagleCreekDrEtc_SHB_12.11.2025_LS,1521,duplicate,0.1421,0,0
EagleCreekDrEtc_SHB_12.11.2025_LS,1530,duplicate,0.0909,0,0
EagleCreekDrEtc_SHB_12.11.2025_LS,1545,false,0.0029,0,0
EagleCreekDrEtc_SHB_12.11.2025_LS,1572,false,0.0029,0,0
EagleCreekDrEtc_SHB_12.11.2025_LS,1573,false,0.4,0,1
EagleCreekDrEtc_SHB_12.11.2025_LS,1602,false,0.0029,0,0
EagleCreekDrEtc_SHB_12.11.2025_LS,1626,false,0.0909,0,0
EagleCreekDrEtc_SHB_12.11.2025_LS,1628,false,0.0029,0,0
EagleCreekDrEtc_SHB_12.11.2025_LS,1630,false,0.0029,0,0
EagleCreekDrEtc_SHB_12.11.2025_LS,1636,false,0.0633,0,0
EagleCreekDrEtc_SHB_12.11.2025_LS,1638,false,0.0029,0,0
EagleCreekDrEtc_SHB_12.11.2025_LS,1639,false,0.0029,0,0
EagleCreekDrEtc_SHB_12.11.2025_LS,1642,false,0.0029,0,0
EagleCreekDrEtc_SHB_12.11.2025_LS,1644,false,0.0029,0,0
EagleCreekDrEtc_SHB_12.11.2025_LS,1648,false,0.0029,0,0
EagleCreekDrEtc_SHB_12.11.2025_LS,1659,false,0.0029,0,0
EagleCreekDrEtc_SHB_12.11.2025_LS,1663,false,0.0029,0,0
EagleCreekDrEtc_SHB_12.11.2025_LS,1672,false,0.0029,0,0
EagleCreekDrEtc_SHB_12.11.2025_LS,1683,false,0.0029,0,0
EagleCreekDrEtc_SHB_12.11.2025_LS,1688,false,0.0029,0,0
EagleCreekDrEtc_SHB_12.11.2025_LS,1693,false,0.0029,0,0
EagleCreekDrEtc_SHB_12.11.2025_LS,1705,false,0.0909,0,0
EagleCreekDrEtc_SHB_12.11.2025_LS,1706,false,0.0909,0,0
EagleCreekDrEtc_SHB_12.11.2025_LS,1711,false,0.0029,0,0
EagleCreekDrEtc_SHB_12.11.2025_LS,1717,false,0.0909,0,0
EagleCreekDrEtc_SHB_12.11.2025_LS,1730,false,0.0029,0,0
EagleCreekDrEtc_SHB_12.11.2025_LS,1734,false,0.0029,0,0
EagleCreekDrEtc_SHB_12.11.2025_LS,1752,false,0.0029,0,0
EagleCreekDrEtc_SHB_12.11.2025_LS,1766,primary,1.0,1,0
EagleCreekDrEtc_SHB_12.11.2025_LS,1773,primary,1.0,1,0
EagleCreekDrEtc_SHB_12.11.2025_LS,1780,primary,0.5789,1,0
EagleCreekDrEtc_SHB_12.11.2025_LS,1789,primary,0.0029,0,0
EagleCreekDrEtc_SHB_12.11.2025_LS,1818,false,0.0029,0,0
EagleCreekDrEtc_SHB_12.11.2025_LS,1821,false,0.2857,0,0
EagleCreekDrEtc_SHB_12.11.2025_LS,1830,false,0.0029,0,0
EagleCreekDrEtc_SHB_12.11.2025_LS,1835,false,0.4677,1,0
EagleCreekDrEtc_SHB_12.11.2025_LS,1856,duplicate,0.0029,0,0
EagleCreekDrEtc_SHB_12.11.2025_LS,1860,false,0.0029,0,0
EagleCreekDrEtc_SHB_12.11.2025_LS,1870,duplicate,0.0029,0,0
EagleCreekDrEtc_SHB_12.11.2025_LS,1874,primary,0.5789,1,0
EagleCreekDrEtc_SHB_12.11.2025_LS,1876,duplicate,0.0029,0,0
EagleCreekDrEtc_SHB_12.11.2025_LS,1884,duplicate,0.0029,0,0
EagleCreekDrEtc_SHB_12.11.2025_LS,1891,primary,0.0909,0,0
EagleCreekDrEtc_SHB_12.11.2025_LS,1935,false,0.5789,1,0
EagleCreekDrEtc_SHB_12.11.2025_LS,1942,false,0.4337,1,0
EagleCreekDrEtc_SHB_12.11.2025_LS,1950,false,0.0029,0,0
EagleCreekDrEtc_SHB_12.11.2025_LS,1957,false,0.0909,0,0
EagleCreekDrEtc_SHB_12.11.2025_LS,1971,false,0.0029,0,0
EagleCreekDrEtc_SHB_12.11.2025_LS,1979,primary,1.0,1,0
EagleCreekDrEtc_SHB_12.11.2025_LS,1981,false,0.0909,0,0
EagleCreekDrEtc_SHB_12.11.2025_LS,2008,false,0.0029,0,0
EagleCreekDrEtc_SHB_12.11.2025_LS,2014,duplicate,0.0029,0,0
EagleCreekDrEtc_SHB_12.11.2025_LS,2015,false,0.0029,0,0
EagleCreekDrEtc_SHB_12.11.2025_LS,2019,primary,0.5789,1,0
EagleCreekDrEtc_SHB_12.11.2025_LS,2024,duplicate,0.4337,1,0
EagleCreekDrEtc_SHB_12.11.2025_LS,2068,primary,0.2857,0,0
EagleCreekDrEtc_SHB_12.11.2025_LS,2076,duplicate,0.0909,0,0
EagleCreekDrEtc_SHB_12.11.2025_LS,2080,duplicate,0.0029,0,0
EagleCreekDrEtc_SHB_12.11.2025_LS,2092,false,0.0029,0,0
EagleCreekDrEtc_SHB_12.11.2025_LS,2100,false,0.0029,0,0
EagleCreekDrEtc_SHB_12.11.2025_LS,2109,false,0.0029,0,0
EagleCreekDrEtc_SHB_12.11.2025_LS,2110,false,0.0029,0,0
EagleCreekDrEtc_SHB_12.11.2025_LS,2123,false,0.0029,0,0
EagleCreekDrEtc_SHB_12.11.2025_LS,2126,false,0.0029,0,0
EagleCreekDrEtc_SHB_12.11.2025_LS,2128,primary,0.5789,1,0
EagleCreekDrEtc_SHB_12.11.2025_LS,2130,false,0.0029,0,0
EagleCreekDrEtc_SHB_12.11.2025_LS,2138,primary,0.5789,1,0
EagleCreekDrEtc_SHB_12.11.2025_LS,2142,false,0.4,0,1
EagleCreekDrEtc_SHB_12.11.2025_LS,2154,false,0.0029,0,0
EagleCreekDrEtc_SHB_12.11.2025_LS,3154,false,0.0029,0,0
EagleCreekDrEtc_SHB_12.11.2025_LS,3155,false,0.0029,0,0
EagleCreekDrEtc_SHB_12.11.2025_LS,3156,false,0.0029,0,0
EagleCreekDrEtc_SHB_12.11.2025_LS,3157,false,0.0029,0,0
EagleCreekDrEtc_SHB_12.11.2025_LS,3158,false,0.0029,0,0
EagleCreekDrEtc_SHB_12.11.2025_LS,3159,duplicate,0.0029,0,0
EagleCreekDrEtc_SHB_12.11.2025_LS,3160,duplicate,0.0029,0,0
EagleCreekDrEtc_SHB_12.11.2025_LS,3161,false,0.0029,0,0
EagleCreekDrEtc_SHB_12.11.2025_LS,3162,false,0.0029,0,0
EagleCreekDrEtc_SHB_12.11.2025_LS,3163,false,0.0029,0,0
EagleCreekDrEtc_SHB_12.11.2025_LS,3164,false,0.0029,0,0
EagleCreekDrEtc_SHB_12.11.2025_LS,3165,false,0.0029,0,0
EagleCreekDrEtc_SHB_12.11.2025_LS,3166,false,0.0029,0,0
EagleCreekDrEtc_SHB_12.11.2025_LS,3167,primary,0.0029,0,0
EagleCreekDrEtc_SHB_12.11.2025_LS,3168,duplicate,0.0029,0,0
EagleCreekDrEtc_SHB_12.11.2025_LS,3169,false,0.0029,0,0
EagleCreekDrEtc_SHB_12.11.2025_LS,3170,primary,0.5789,1,0
EagleCreekDrEtc_SHB_12.11.2025_LS,3171,false,0.0029,0,0
EagleCreekDrEtc_SHB_12.11.2025_LS,3172,duplicate,0.2857,0,0
EagleCreekDrEtc_SHB_12.11.2025_LS,3173,duplicate,0.0029,0,0
EagleCreekDrEtc_SHB_12.11.2025_LS,3174,false,0.0029,0,0
EagleCreekDrEtc_SHB_12.11.2025_LS,3175,false,0.0029,0,0
EagleCreekDrEtc_SHB_12.11.2025_LS,3176,false,0.0029,0,0
EagleCreekDrEtc_SHB_12.11.2025_LS,3177,false,0.0029,0,0
EagleCreekDrEtc_SHB_12.11.2025_LS,3178,false,0.0029,0,0
EagleCreekDrEtc_SHB_12.11.2025_LS,3179,false,0.0029,0,0
EagleCreekDrEtc_SHB_12.11.2025_LS,3180,false,0.0029,0,0
EagleCreekDrEtc_SHB_12.11.2025_LS,3181,false,0.0029,0,0
EagleCreekDrEtc_SHB_12.11.2025_LS,3182,false,0.0029,0,0
EagleCreekDrEtc_SHB_12.11.2025_LS,3183,false,0.0029,0,0
EagleCreekDrEtc_SHB_12.11.2025_LS,3184,duplicate,0.0029,0,0
EagleCreekDrEtc_SHB_12.11.2025_LS,3185,duplicate,0.0029,0,0
EagleCreekDrEtc_SHB_12.11.2025_LS,3186,false,0.0029,0,0
EagleCreekDrEtc_SHB_12.11.2025_LS,3187,false,0.0029,0,0
EagleCreekDrEtc_SHB_12.11.2025_LS,3188,false,0.0029,0,0
EagleCreekDrEtc_SHB_12.11.2025_LS,3189,false,0.0029,0,0
EagleCreekDrEtc_SHB_12.11.2025_LS,3190,false,0.0029,0,0
EagleCreekDrEtc_SHB_12.11.2025_LS,3191,false,0.0029,0,0
EagleCreekDrEtc_SHB_12.11.2025_LS,3192,false,0.0029,0,0
EagleCreekDrEtc_SHB_12.11.2025_LS,3193,false,0.0029,0,0
EagleCreekDrEtc_SHB_12.11.2025_LS,3194,false,0.0029,0,0
EagleCreekDrEtc_SHB_12.11.2025_LS,3195,false,0.0029,0,0
EagleCreekDrEtc_SHB_12.11.2025_LS,3196,false,0.0029,0,0
EagleCreekDrEtc_SHB_12.11.2025_LS,3197,false,0.0029,0,0
EagleCreekDrEtc_SHB_12.11.2025_LS,3198,false,0.0029,0,0
EagleCreekDrEtc_SHB_12.11.2025_LS,3199,false,0.0029,0,0
EagleCreekDrEtc_SHB_12.11.2025_LS,3200,false,0.0029,0,0
EagleCreekDrEtc_SHB_12.11.2025_LS,3201,false,0.0029,0,0
EagleCreekDrEtc_SHB_12.11.2025_LS,3202,false,0.0029,0,0
EagleCreekDrEtc_SHB_12.11.2025_LS,3203,false,0.0029,0,0
EagleCreekDrEtc_SHB_12.11.2025_LS,3204,false,0.0029,0,0
EagleCreekDrEtc_SHB_12.11.2025_LS,3205,false,0.0029,0,0
EagleCreekDrEtc_SHB_12.11.2025_LS,3206,false,0.0029,0,0
EagleCreekDrEtc_SHB_12.11.2025_LS,3207,false,0.0029,0,0
EagleCreekDrEtc_SHB_12.11.2025_LS,3208,false,0.0029,0,0
EagleCreekDrEtc_SHB_12.11.2025_LS,3209,false,0.0029,0,0
EagleCreekDrEtc_SHB_12.11.2025_LS,3210,false,0.0029,0,0
EagleCreekDrEtc_SHB_12.11.2025_LS,3211,false,0.0029,0,0
EagleCreekDrEtc_SHB_12.11.2025_LS,3212,false,0.0029,0,0
EagleCreekDrEtc_SHB_12.11.2025_LS,3213,false,0.0029,0,0
EagleCreekDrEtc_SHB_12.11.2025_LS,3214,false,0.0029,0,0
EagleCreekDrEtc_SHB_12.11.2025_LS,3215,false,0.0029,0,0
EagleCreekDrEtc_SHB_12.11.2025_LS,3216,false,0.0029,0,0
EagleCreekDrEtc_SHB_12.11.2025_LS,3217,false,0.0029,0,0
EagleCreekDrEtc_SHB_12.11.2025_LS,3218,false,0.0029,0,0
EagleCreekDrEtc_SHB_12.11.2025_LS,3219,false,0.0029,0,0
EagleCreekDrEtc_SHB_12.11.2025_LS,3220,false,0.0029,0,0
EagleCreekDrEtc_SHB_12.11.2025_LS,3221,false,0.0029,0,0
EagleCreekDrEtc_SHB_12.11.2025_LS,3222,false,0.0029,0,0
EagleCreekDrEtc_SHB_12.11.2025_LS,3223,false,0.0029,0,0
EagleCreekDrEtc_SHB_12.11.2025_LS,3224,false,0.0029,0,0
EagleCreekDrEtc_SHB_12.11.2025_LS,3225,false,0.0029,0,0
EagleCreekDrEtc_SHB_12.11.2025_LS,3226,false,0.0029,0,0
EagleCreekDrEtc_SHB_12.11.2025_LS,3227,false,0.0029,0,0
EagleCreekDrEtc_SHB_12.11.2025_LS,3228,false,0.0029,0,0
EagleCreekDrEtc_SHB_12.11.2025_LS,3229,false,0.0029,0,0
EagleCreekDrEtc_SHB_12.11.2025_LS,3230,false,0.0029,0,0
EagleCreekDrEtc_SHB_12.11.2025_LS,3231,false,0.0029,0,0
EagleCreekDrEtc_SHB_12.11.2025_LS,3232,false,0.0029,0,0
EagleCreekDrEtc_SHB_12.11.2025_LS,3233,false,0.0029,0,0
EagleCreekDrEtc_SHB_12.11.2025_LS,3234,false,0.0029,0,0
EagleCreekDrEtc_SHB_12.11.2025_LS,3235,false,0.0029,0,0
EagleCreekDrEtc_SHB_12.11.2025_LS,3236,false,0.0029,0,0
EagleCreekDrEtc_SHB_12.11.2025_LS,3237,false,0.0029,0,0
EagleCreekDrEtc_SHB_12.11.2025_LS,3238,false,0.0029,0,0
EagleCreekDrEtc_SHB_12.11.2025_LS,3239,false,0.0029,0,0
EagleCreekDrEtc_SHB_12.11.2025_LS,3240,duplicate,0.0029,0,0
EagleCreekDrEtc_SHB_12.11.2025_LS,3241,duplicate,0.0029,0,0
EagleCreekDrEtc_SHB_12.11.2025_LS,3242,false,0.0029,0,0
EagleCreekDrEtc_SHB_12.11.2025_LS,3243,false,0.0029,0,0
EagleCreekDrEtc_SHB_12.11.2025_LS,3244,duplicate,0.0029,0,0
EagleCreekDrEtc_SHB_12.11.2025_LS,3245,false,0.0029,0,0
EagleCreekDrEtc_SHB_12.11.2025_LS,3246,duplicate,0.0029,0,0
EagleCreekDrEtc_SHB_12.11.2025_LS,3247,false,0.0029,0,0
EagleCreekDrEtc_SHB_12.11.2025_LS,3248,duplicate,0.0029,0,0
EagleCreekDrEtc_SHB_12.11.2025_LS,3249,duplicate,0.0029,0,0
EagleCreekDrEtc_SHB_12.11.2025_LS,3250,duplicate,0.0029,0,0
EagleCreekDrEtc_SHB_12.11.2025_LS,3251,false,0.0029,0,0
EagleCreekDrEtc_SHB_12.11.2025_LS,3252,duplicate,0.0029,0,0
EagleCreekDrEtc_SHB_12.11.2025_LS,3253,false,0.0029,0,0
EagleCreekDrEtc_SHB_12.11.2025_LS,3254,false,0.0286,0,0
EagleCreekDrEtc_SHB_12.11.2025_LS,3255,false,0.0029,0,0
EagleCreekDrEtc_SHB_12.11.2025_LS,3256,duplicate,0.0029,0,0
EagleCreekDrEtc_SHB_12.11.2025_LS,3257,false,0.0029,0,0
EagleCreekDrEtc_SHB_12.11.2025_LS,3258,false,0.0029,0,0
EagleCreekDrEtc_SHB_12.11.2025_LS,3259,false,0.0029,0,0
EagleCreekDrEtc_SHB_12.11.2025_LS,3260,false,0.0029,0,0
EagleCreekDrEtc_SHB_12.11.2025_LS,3261,false,0.0029,0,0
EagleCreekDrEtc_SHB_12.11.2025_LS,3262,false,0.0029,0,0
EagleCreekDrEtc_SHB_12.11.2025_LS,3263,false,0.0029,0,0
EagleCreekDrEtc_SHB_12.11.2025_LS,3264,false,0.0029,0,0
EagleCreekDrEtc_SHB_12.11.2025_LS,3265,false,0.0029,0,0
EagleCreekDrEtc_SHB_12.11.2025_LS,3266,false,0.0029,0,0
EagleCreekDrEtc_SHB_12.11.2025_LS,3267,primary,0.0286,0,0
EagleCreekDrEtc_SHB_12.11.2025_LS,3268,false,0.0029,0,0
EagleCreekDrEtc_SHB_12.11.2025_LS,3269,false,0.0029,0,0
EagleCreekDrEtc_SHB_12.11.2025_LS,3270,false,0.0029,0,0
EagleCreekDrEtc_SHB_12.11.2025_LS,3271,false,0.0029,0,0
EagleCreekDrEtc_SHB_12.11.2025_LS,3272,false,0.0029,0,0
EagleCreekDrEtc_SHB_12.11.2025_LS,3273,false,0.0029,0,0
EagleCreekDrEtc_SHB_12.11.2025_LS,3274,false,0.0029,0,0
EagleCreekDrEtc_SHB_12.11.2025_LS,3275,false,0.0029,0,0
EagleCreekDrEtc_SHB_12.11.2025_LS,3276,false,0.0029,0,0
EagleCreekDrEtc_SHB_12.11.2025_LS,3277,false,0.0029,0,0
EagleCreekDrEtc_SHB_12.11.2025_LS,3278,false,0.0029,0,0
EagleCreekDrEtc_SHB_12.11.2025_LS,3279,false,0.0029,0,0
EagleCreekDrEtc_SHB_12.11.2025_LS,3280,false,0.0029,0,0
EagleCreekDrEtc_SHB_12.11.2025_LS,3281,false,0.0029,0,0
EagleCreekDrEtc_SHB_12.11.2025_LS,3282,false,0.0029,0,0
EagleCreekDrEtc_SHB_12.11.2025_LS,3283,false,0.0029,0,0
EagleCreekDrEtc_SHB_12.11.2025_LS,3284,false,0.0029,0,0
EagleCreekDrEtc_SHB_12.11.2025_LS,3285,false,0.0029,0,0
EagleCreekDrEtc_SHB_12.11.2025_LS,3286,false,0.0029,0,0
EagleCreekDrEtc_SHB_12.11.2025_LS,3287,false,0.0029,0,0
EagleCreekDrEtc_SHB_12.11.2025_LS,3288,false,0.0029,0,0
EagleCreekDrEtc_SHB_12.11.2025_LS,3289,false,0.0029,0,0
EagleCreekDrEtc_SHB_12.11.2025_LS,3290,false,0.0029,0,0
EagleCreekDrEtc_SHB_12.11.2025_LS,3291,false,0.0029,0,0
EagleCreekDrEtc_SHB_12.11.2025_LS,3292,false,0.0029,0,0
EagleCreekDrEtc_SHB_12.11.2025_LS,3293,false,0.0909,0,0
EagleCreekDrEtc_SHB_12.11.2025_LS,3294,false,0.0029,0,0
EagleCreekDrEtc_SHB_12.11.2025_LS,3295,duplicate,0.0909,0,0
EagleCreekDrEtc_SHB_12.11.2025_LS,3296,false,0.0029,0,0
EagleCreekDrEtc_SHB_12.11.2025_LS,3297,false,0.0029,0,0
EagleCreekDrEtc_SHB_12.11.2025_LS,3298,duplicate,0.0909,0,0
EagleCreekDrEtc_SHB_12.11.2025_LS,3299,false,0.0029,0,0
EagleCreekDrEtc_SHB_12.11.2025_LS,3300,false,0.0029,0,0
EagleCreekDrEtc_SHB_12.11.2025_LS,3301,duplicate,0.0029,0,0
EagleCreekDrEtc_SHB_12.11.2025_LS,3302,false,0.0029,0,0
EagleCreekDrEtc_SHB_12.11.2025_LS,3303,false,0.0029,0,0
EagleCreekDrEtc_SHB_12.11.2025_LS,3304,duplicate,0.0029,0,0
EagleCreekDrEtc_SHB_12.11.2025_LS,3305,false,0.0029,0,0
EagleCreekDrEtc_SHB_12.11.2025_LS,3306,duplicate,0.0029,0,0
EagleCreekDrEtc_SHB_12.11.2025_LS,3307,false,0.0029,0,0
EagleCreekDrEtc_SHB_12.11.2025_LS,3308,duplicate,0.0909,0,0
EagleCreekDrEtc_SHB_12.11.2025_LS,3309,false,0.0029,0,0
EagleCreekDrEtc_SHB_12.11.2025_LS,3310,duplicate,0.0029,0,0
EagleCreekDrEtc_SHB_12.11.2025_LS,3311,duplicate,0.0029,0,0
EagleCreekDrEtc_SHB_12.11.2025_LS,3312,duplicate,0.0029,0,0
EagleCreekDrEtc_SHB_12.11.2025_LS,3313,duplicate,0.0029,0,0
EagleCreekDrEtc_SHB_12.11.2025_LS,3314,duplicate,0.0029,0,0
EagleCreekDrEtc_SHB_12.11.2025_LS,3315,duplicate,0.0029,0,0
EagleCreekDrEtc_SHB_12.11.2025_LS,3316,duplicate,0.0029,0,0
EagleCreekDrEtc_SHB_12.11.2025_LS,3317,duplicate,0.0029,0,0
EagleCreekDrEtc_SHB_12.11.2025_LS,3318,duplicate,0.0029,0,0
EagleCreekDrEtc_SHB_12.11.2025_LS,3319,duplicate,0.0286,0,0
EagleCreekDrEtc_SHB_12.11.2025_LS,3320,duplicate,0.0029,0,0
EagleCreekDrEtc_SHB_12.11.2025_LS,3321,false,0.0029,0,0
EagleCreekDrEtc_SHB_12.11.2025_LS,3322,false,0.0029,0,0
EagleCreekDrEtc_SHB_12.11.2025_LS,3323,false,0.0029,0,0
EagleCreekDrEtc_SHB_12.11.2025_LS,3324,false,0.0029,0,0
EagleCreekDrEtc_SHB_12.11.2025_LS,3325,false,0.0029,0,0
EagleCreekDrEtc_SHB_12.11.2025_LS,3326,false,0.0029,0,0
EagleCreekDrEtc_SHB_12.11.2025_LS,3327,false,0.0029,0,0
EagleCreekDrEtc_SHB_12.11.2025_LS,3328,false,0.0029,0,0
EagleCreekDrEtc_SHB_12.11.2025_LS,3329,duplicate,0.0286,0,0
EagleCreekDrEtc_SHB_12.11.2025_LS,3330,false,0.0029,0,0
EagleCreekDrEtc_SHB_12.11.2025_LS,3331,false,0.0029,0,0
EagleCreekDrEtc_SHB_12.11.2025_LS,3332,false,0.0029,0,0
EagleCreekDrEtc_SHB_12.11.2025_LS,3333,false,0.0029,0,0
EagleCreekDrEtc_SHB_12.11.2025_LS,3334,false,0.0029,0,0
EagleCreekDrEtc_SHB_12.11.2025_LS,3335,false,0.0029,0,0
EagleCreekDrEtc_SHB_12.11.2025_LS,3336,false,0.0029,0,0
EagleCreekDrEtc_SHB_12.11.2025_LS,3337,false,0.0029,0,0
EagleCreekDrEtc_SHB_12.11.2025_LS,3338,false,0.0029,0,0
EagleCreekDrEtc_SHB_12.11.2025_LS,3339,false,0.0286,0,0
EagleCreekDrEtc_SHB_12.11.2025_LS,3340,false,0.0029,0,0
EagleCreekDrEtc_SHB_12.11.2025_LS,3341,false,0.0029,0,0
EagleCreekDrEtc_SHB_12.11.2025_LS,3342,false,0.0029,0,0
EagleCreekDrEtc_SHB_12.11.2025_LS,3343,false,0.0029,0,0
EagleCreekDrEtc_SHB_12.11.2025_LS,3344,false,0.0029,0,0
EagleCreekDrEtc_SHB_12.11.2025_LS,3345,false,0.0029,0,0
EagleCreekDrEtc_SHB_12.11.2025_LS,3346,false,0.0029,0,0
EagleCreekDrEtc_SHB_12.11.2025_LS,3347,false,0.0029,0,0
EagleCreekDrEtc_SHB_12.11.2025_LS,3348,false,0.0029,0,0
EagleCreekDrEtc_SHB_12.11.2025_LS,3349,false,0.0029,0,0
EagleCreekDrEtc_SHB_12.11.2025_LS,3350,false,0.0029,0,0
EagleCreekDrEtc_SHB_12.11.2025_LS,3351,duplicate,0.0286,0,0
EagleCreekDrEtc_SHB_12.11.2025_LS,3352,false,0.0029,0,0
EagleCreekDrEtc_SHB_12.11.2025_LS,3353,false,0.0029,0,0
EagleCreekDrEtc_SHB_12.11.2025_LS,3354,false,0.0029,0,0
EagleCreekDrEtc_SHB_12.11.2025_LS,3355,false,0.0029,0,0
EagleCreekDrEtc_SHB_12.11.2025_LS,3356,false,0.0029,0,0
EagleCreekDrEtc_SHB_12.11.2025_LS,3357,false,0.0029,0,0
EagleCreekDrEtc_SHB_12.11.2025_LS,3358,false,0.0029,0,0
EagleCreekDrEtc_SHB_12.11.2025_LS,3359,false,0.0909,0,0
EagleCreekDrEtc_SHB_12.11.2025_LS,3360,false,0.0029,0,0
EagleCreekDrEtc_SHB_12.11.2025_LS,3361,false,0.0029,0,0
EagleCreekDrEtc_SHB_12.11.2025_LS,3362,false,0.0029,0,0
EagleCreekDrEtc_SHB_12.11.2025_LS,3363,false,0.0029,0,0
EagleCreekDrEtc_SHB_12.11.2025_LS,3364,false,0.0029,0,0
EagleCreekDrEtc_SHB_12.11.2025_LS,3365,false,0.0029,0,0
EagleCreekDrEtc_SHB_12.11.2025_LS,3366,false,0.0029,0,0
EagleCreekDrEtc_SHB_12.11.2025_LS,3367,duplicate,0.2857,0,0
EagleCreekDrEtc_SHB_12.11.2025_LS,3368,false,0.0223,0,0
EagleCreekDrEtc_SHB_12.11.2025_LS,3369,false,0.0029,0,0
EagleCreekDrEtc_SHB_12.11.2025_LS,3370,false,0.0029,0,0
EagleCreekDrEtc_SHB_12.11.2025_LS,3371,false,0.0029,0,0
EagleCreekDrEtc_SHB_12.11.2025_LS,3372,duplicate,0.0029,0,0
EagleCreekDrEtc_SHB_12.11.2025_LS,3373,duplicate,0.0029,0,0
EagleCreekDrEtc_SHB_12.11.2025_LS,3374,false,0.0029,0,0
EagleCreekDrEtc_SHB_12.11.2025_LS,3375,false,0.0029,0,0
EagleCreekDrEtc_SHB_12.11.2025_LS,3376,false,0.0029,0,0
EagleCreekDrEtc_SHB_12.11.2025_LS,3377,false,0.0029,0,0
EagleCreekDrEtc_SHB_12.11.2025_LS,3378,false,0.0029,0,0
EagleCreekDrEtc_SHB_12.11.2025_LS,3379,false,0.0029,0,0
EagleCreekDrEtc_SHB_12.11.2025_LS,3380,false,0.0029,0,0
EagleCreekDrEtc_SHB_12.11.2025_LS,3381,false,0.0029,0,0
EagleCreekDrEtc_SHB_12.11.2025_LS,3382,false,0.0029,0,0
EagleCreekDrEtc_SHB_12.11.2025_LS,3383,false,0.0029,0,0
EagleCreekDrEtc_SHB_12.11.2025_LS,3384,false,0.0029,0,0
EagleCreekDrEtc_SHB_12.11.2025_LS,3385,false,0.0029,0,0
EagleCreekDrEtc_SHB_12.11.2025_LS,3386,false,0.0029,0,0
EagleCreekDrEtc_SHB_12.11.2025_LS,3387,false,0.0029,0,0
EagleCreekDrEtc_SHB_12.11.2025_LS,3388,false,0.0029,0,0
EagleCreekDrEtc_SHB_12.11.2025_LS,3389,false,0.0029,0,0
EagleCreekDrEtc_SHB_12.11.2025_LS,3390,false,0.0029,0,0
EagleCreekDrEtc_SHB_12.11.2025_LS,3391,false,0.0029,0,0
EagleCreekDrEtc_SHB_12.11.2025_LS,3392,false,0.0029,0,0
EagleCreekDrEtc_SHB_12.11.2025_LS,3393,false,0.0029,0,0
EagleCreekDrEtc_SHB_12.11.2025_LS,3394,false,0.0029,0,0
EagleCreekDrEtc_SHB_12.11.2025_LS,3395,false,0.0029,0,0
EagleCreekDrEtc_SHB_12.11.2025_LS,3396,false,0.0029,0,0
EagleCreekDrEtc_SHB_12.11.2025_LS,3397,false,0.0029,0,0
EagleCreekDrEtc_SHB_12.11.2025_LS,3398,false,0.0029,0,0
EagleCreekDrEtc_SHB_12.11.2025_LS,3399,false,0.0029,0,0
EagleCreekDrEtc_SHB_12.11.2025_LS,3400,false,0.0029,0,0
EagleCreekDrEtc_SHB_12.11.2025_LS,3401,false,0.0029,0,0
EagleCreekDrEtc_SHB_12.11.2025_LS,3402,false,0.0286,0,0
EagleCreekDrEtc_SHB_12.11.2025_LS,3403,false,0.0029,0,0
EagleCreekDrEtc_SHB_12.11.2025_LS,3404,false,0.0029,0,0
EagleCreekDrEtc_SHB_12.11.2025_LS,3405,false,0.0029,0,0
EagleCreekDrEtc_SHB_12.11.2025_LS,3406,false,0.0029,0,0
EagleCreekDrEtc_SHB_12.11.2025_LS,3407,false,0.0029,0,0
EagleCreekDrEtc_SHB_12.11.2025_LS,3408,false,0.0029,0,0
EagleCreekDrEtc_SHB_12.11.2025_LS,3409,false,0.0029,0,0
EagleCreekDrEtc_SHB_12.11.2025_LS,3410,false,0.0029,0,0
EagleCreekDrEtc_SHB_12.11.2025_LS,3411,false,0.0029,0,0
EagleCreekDrEtc_SHB_12.11.2025_LS,3412,false,0.0029,0,0
EagleCreekDrEtc_SHB_12.11.2025_LS,3413,false,0.0029,0,0
EagleCreekDrEtc_SHB_12.11.2025_LS,3414,false,0.0029,0,0
EagleCreekDrEtc_SHB_12.11.2025_LS,3415,false,0.0029,0,0
EagleCreekDrEtc_SHB_12.11.2025_LS,3416,false,0.0029,0,0
EagleCreekDrEtc_SHB_12.11.2025_LS,3417,false,0.0029,0,0
EagleCreekDrEtc_SHB_12.11.2025_LS,3418,false,0.0029,0,0
EagleCreekDrEtc_SHB_12.11.2025_LS,3419,false,0.0029,0,0
EagleCreekDrEtc_SHB_12.11.2025_LS,3420,false,0.0029,0,0
EagleCreekDrEtc_SHB_12.11.2025_LS,3421,false,0.0029,0,0
EagleCreekDrEtc_SHB_12.11.2025_LS,3422,false,0.0286,0,0
EagleCreekDrEtc_SHB_12.11.2025_LS,3423,false,0.0029,0,0
EagleCreekDrEtc_SHB_12.11.2025_LS,3424,false,0.0029,0,0
EagleCreekDrEtc_SHB_12.11.2025_LS,3425,false,0.0029,0,0
EagleCreekDrEtc_SHB_12.11.2025_LS,3426,false,0.0029,0,0
EagleCreekDrEtc_SHB_12.11.2025_LS,3427,false,0.0029,0,0
EagleCreekDrEtc_SHB_12.11.2025_LS,3428,false,0.0909,0,0
EagleCreekDrEtc_SHB_12.11.2025_LS,3429,false,0.0029,0,0
EagleCreekDrEtc_SHB_12.11.2025_LS,3430,false,0.0029,0,0
EagleCreekDrEtc_SHB_12.11.2025_LS,3431,false,0.0029,0,0
EagleCreekDrEtc_SHB_12.11.2025_LS,3432,false,0.0029,0,0
EagleCreekDrEtc_SHB_12.11.2025_LS,3433,false,0.0029,0,0
EagleCreekDrEtc_SHB_12.11.2025_LS,3434,false,0.0029,0,0
EagleCreekDrEtc_SHB_12.11.2025_LS,3435,duplicate,0.0029,0,0
EagleCreekDrEtc_SHB_12.11.2025_LS,3436,false,0.0029,0,0
EagleCreekDrEtc_SHB_12.11.2025_LS,3437,duplicate,0.0029,0,0
EagleCreekDrEtc_SHB_12.11.2025_LS,3438,false,0.0029,0,0
EagleCreekDrEtc_SHB_12.11.2025_LS,3439,false,0.0029,0,0
EagleCreekDrEtc_SHB_12.11.2025_LS,3440,false,0.0029,0,0
EagleCreekDrEtc_SHB_12.11.2025_LS,3441,false,0.0029,0,0
EagleCreekDrEtc_SHB_12.11.2025_LS,3442,false,0.0029,0,0
EagleCreekDrEtc_SHB_12.11.2025_LS,3443,false,0.0029,0,0
EagleCreekDrEtc_SHB_12.11.2025_LS,3444,false,0.0029,0,0
EagleCreekDrEtc_SHB_12.11.2025_LS,3445,false,0.0029,0,0
EagleCreekDrEtc_SHB_12.11.2025_LS,3446,false,0.0029,0,0
EagleCreekDrEtc_SHB_12.11.2025_LS,3447,false,0.0029,0,0
EagleCreekDrEtc_SHB_12.11.2025_LS,3448,false,0.0029,0,0
EagleCreekDrEtc_SHB_12.11.2025_LS,3449,false,0.0029,0,0
EagleCreekDrEtc_SHB_12.11.2025_LS,3450,false,0.0029,0,0
EagleCreekDrEtc_SHB_12.11.2025_LS,3451,false,0.0029,0,0
EagleCreekDrEtc_SHB_12.11.2025_LS,3452,false,0.0029,0,0
EagleCreekDrEtc_SHB_12.11.2025_LS,3453,false,0.0029,0,0
EagleCreekDrEtc_SHB_12.11.2025_LS,3454,false,0.0029,0,0
EagleCreekDrEtc_SHB_12.11.2025_LS,3455,false,0.0029,0,0
EagleCreekDrEtc_SHB_12.11.2025_LS,3456,false,0.0029,0,0
EagleCreekDrEtc_SHB_12.11.2025_LS,3457,false,0.0029,0,0
EagleCreekDrEtc_SHB_12.11.2025_LS,3458,false,0.0029,0,0
EagleCreekDrEtc_SHB_12.11.2025_LS,3459,false,0.0029,0,0
EagleCreekDrEtc_SHB_12.11.2025_LS,3460,false,0.0029,0,0
EagleCreekDrEtc_SHB_12.11.2025_LS,3461,false,0.0029,0,0
EagleCreekDrEtc_SHB_12.11.2025_LS,3462,false,0.0029,0,0
EagleCreekDrEtc_SHB_12.11.2025_LS,3463,false,0.0029,0,0
EagleCreekDrEtc_SHB_12.11.2025_LS,3464,false,0.0029,0,0
EagleCreekDrEtc_SHB_12.11.2025_LS,3465,false,0.0029,0,0
EagleCreekDrEtc_SHB_12.11.2025_LS,3466,false,0.0029,0,0
EagleCreekDrEtc_SHB_12.11.2025_LS,3467,false,0.0029,0,0
EagleCreekDrEtc_SHB_12.11.2025_LS,3468,duplicate,0.0909,0,0
EagleCreekDrEtc_SHB_12.11.2025_LS,3469,duplicate,0.0029,0,0
EagleCreekDrEtc_SHB_12.11.2025_LS,3470,false,0.0029,0,0
EagleCreekDrEtc_SHB_12.11.2025_LS,3471,false,0.0029,0,0
EagleCreekDrEtc_SHB_12.11.2025_LS,3472,false,0.0029,0,0
EagleCreekDrEtc_SHB_12.11.2025_LS,3473,duplicate,0.0029,0,0
EagleCreekDrEtc_SHB_12.11.2025_LS,3474,false,0.0029,0,0
EagleCreekDrEtc_SHB_12.11.2025_LS,3475,false,0.0909,0,0
EagleCreekDrEtc_SHB_12.11.2025_LS,3476,false,0.0029,0,0
EagleCreekDrEtc_SHB_12.11.2025_LS,3477,false,0.0029,0,0
EagleCreekDrEtc_SHB_12.11.2025_LS,3478,false,0.0029,0,0
EagleCreekDrEtc_SHB_12.11.2025_LS,3479,false,0.0029,0,0
EagleCreekDrEtc_SHB_12.11.2025_LS,3480,false,0.0909,0,0
EagleCreekDrEtc_SHB_12.11.2025_LS,3481,false,0.0029,0,0
EagleCreekDrEtc_SHB_12.11.2025_LS,3482,duplicate,0.0029,0,0
EagleCreekDrEtc_SHB_12.11.2025_LS,3483,false,0.0029,0,0
EagleCreekDrEtc_SHB_12.11.2025_LS,3484,false,0.0029,0,0
EagleCreekDrEtc_SHB_12.11.2025_LS,3485,false,0.0029,0,0
EagleCreekDrEtc_SHB_12.11.2025_LS,3486,false,0.0029,0,0
EagleCreekDrEtc_SHB_12.11.2025_LS,3487,duplicate,0.0029,0,0
EagleCreekDrEtc_SHB_12.11.2025_LS,3488,duplicate,0.0029,0,0
EagleCreekDrEtc_SHB_12.11.2025_LS,3489,duplicate,0.0029,0,0
EagleCreekDrEtc_SHB_12.11.2025_LS,3490,duplicate,0.0029,0,0
EagleCreekDrEtc_SHB_12.11.2025_LS,3491,false,0.0029,0,0
EagleCreekDrEtc_SHB_12.11.2025_LS,3492,false,0.0029,0,0
EagleCreekDrEtc_SHB_12.11.2025_LS,3493,duplicate,0.0909,0,0
EagleCreekDrEtc_SHB_12.11.2025_LS,3494,false,0.0029,0,0
EagleCreekDrEtc_SHB_12.11.2025_LS,3495,duplicate,0.0909,0,0
EagleCreekDrEtc_SHB_12.11.2025_LS,3496,false,0.0029,0,0
EagleCreekDrEtc_SHB_12.11.2025_LS,3497,false,0.0029,0,0
EagleCreekDrEtc_SHB_12.11.2025_LS,3498,false,0.0029,0,0
EagleCreekDrEtc_SHB_12.11.2025_LS,3499,false,0.0029,0,0
EagleCreekDrEtc_SHB_12.11.2025_LS,3500,false,0.0029,0,0
EagleCreekDrEtc_SHB_12.11.2025_LS,3501,false,0.0029,0,0
EagleCreekDrEtc_SHB_12.11.2025_LS,3502,false,0.0029,0,0
EagleCreekDrEtc_SHB_12.11.2025_LS,3503,false,0.0029,0,0
EagleCreekDrEtc_SHB_12.11.2025_LS,3504,false,0.0029,0,0
EagleCreekDrEtc_SHB_12.11.2025_LS,3505,false,0.0029,0,0
EagleCreekDrEtc_SHB_12.11.2025_LS,3506,false,0.0029,0,0
NShelbyRd(blue)_SHB_12.11.2025_LS,2769,false,0.4337,1,0
NShelbyRd(blue)_SHB_12.11.2025_LS,2771,false,0.0909,0,0
NShelbyRd(blue)_SHB_12.11.2025_LS,2774,false,0.0029,0,0
NShelbyRd(blue)_SHB_12.11.2025_LS,2780,false,0.5789,1,0
NShelbyRd(blue)_SHB_12.11.2025_LS,2783,false,0.0029,0,0
NShelbyRd(blue)_SHB_12.11.2025_LS,2788,primary,0.2857,0,0
NShelbyRd(blue)_SHB_12.11.2025_LS,2791,primary,0.5789,1,0
NShelbyRd(blue)_SHB_12.11.2025_LS,2799,primary,0.5789,1,0
NShelbyRd(blue)_SHB_12.11.2025_LS,2802,primary,0.0909,0,0
NShelbyRd(blue)_SHB_12.11.2025_LS,2811,primary,0.5788,1,0
NShelbyRd(blue)_SHB_12.11.2025_LS,2853,false,0.0029,0,0
NShelbyRd(blue)_SHB_12.11.2025_LS,2870,false,0.0029,0,0
NShelbyRd(blue)_SHB_12.11.2025_LS,2884,duplicate,0.2857,0,0
NShelbyRd(blue)_SHB_12.11.2025_LS,2885,duplicate,0.0029,0,0
NShelbyRd(blue)_SHB_12.11.2025_LS,2906,duplicate,0.0029,0,0
NShelbyRd(blue)_SHB_12.11.2025_LS,2919,duplicate,0.0029,0,0
NShelbyRd(blue)_SHB_12.11.2025_LS,2923,duplicate,0.0029,0,0
NShelbyRd(blue)_SHB_12.11.2025_LS,2931,false,0.0029,0,0
NShelbyRd(blue)_SHB_12.11.2025_LS,2944,false,0.0029,0,0
NShelbyRd(blue)_SHB_12.11.2025_LS,2950,false,0.0029,0,0
NShelbyRd(blue)_SHB_12.11.2025_LS,2953,false,0.0029,0,0
NShelbyRd(blue)_SHB_12.11.2025_LS,2957,false,0.0029,0,0
NShelbyRd(blue)_SHB_12.11.2025_LS,2960,false,0.4,0,1
NShelbyRd(blue)_SHB_12.11.2025_LS,2963,false,0.0029,0,0
NShelbyRd(blue)_SHB_12.11.2025_LS,2965,primary,0.0909,0,0
NShelbyRd(blue)_SHB_12.11.2025_LS,2997,false,0.4,0,1
NShelbyRd(blue)_SHB_12.11.2025_LS,3031,false,0.0029,0,0
NShelbyRd(blue)_SHB_12.11.2025_LS,3034,duplicate,0.5789,1,0
NShelbyRd(blue)_SHB_12.11.2025_LS,3035,primary,1.0,1,0
NShelbyRd(blue)_SHB_12.11.2025_LS,3039,primary,0.5789,1,0
NShelbyRd(blue)_SHB_12.11.2025_LS,3040,primary,1.0,1,0
NShelbyRd(blue)_SHB_12.11.2025_LS,3041,duplicate,0.5789,1,0
NShelbyRd(blue)_SHB_12.11.2025_LS,3043,duplicate,1.0,1,0
NShelbyRd(blue)_SHB_12.11.2025_LS,3048,primary,1.0,1,0
NShelbyRd(blue)_SHB_12.11.2025_LS,3051,primary,0.5789,1,0
NShelbyRd(blue)_SHB_12.11.2025_LS,3056,primary,0.5789,1,0
NShelbyRd(blue)_SHB_12.11.2025_LS,3059,duplicate,0.0633,0,0
NShelbyRd(blue)_SHB_12.11.2025_LS,3062,primary,1.0,1,0
NShelbyRd(blue)_SHB_12.11.2025_LS,3065,duplicate,0.0029,0,0
NShelbyRd(blue)_SHB_12.11.2025_LS,3076,duplicate,0.0029,0,0
NShelbyRd(blue)_SHB_12.11.2025_LS,3080,duplicate,0.3736,0,1
NShelbyRd(blue)_SHB_12.11.2025_LS,3085,duplicate,1.0,1,0
NShelbyRd(blue)_SHB_12.11.2025_LS,3087,duplicate,0.0029,0,0
NShelbyRd(blue)_SHB_12.11.2025_LS,3094,duplicate,0.5789,1,0
NShelbyRd(blue)_SHB_12.11.2025_LS,3103,duplicate,0.0029,0,0
NShelbyRd(blue)_SHB_12.11.2025_LS,3119,primary,0.5789,1,0
NShelbyRd(blue)_SHB_12.11.2025_LS,3120,primary,0.5789,1,0
NShelbyRd(blue)_SHB_12.11.2025_LS,3127,duplicate,0.0909,0,0
NShelbyRd(blue)_SHB_12.11.2025_LS,3195,false,0.0029,0,0
NShelbyRd(blue)_SHB_12.11.2025_LS,3215,false,0.0029,0,0
NShelbyRd(blue)_SHB_12.11.2025_LS,3221,false,0.0029,0,0
NShelbyRd(blue)_SHB_12.11.2025_LS,3227,false,0.0029,0,0
NShelbyRd(blue)_SHB_12.11.2025_LS,4227,false,0.0029,0,0
NShelbyRd(blue)_SHB_12.11.2025_LS,4228,false,0.0029,0,0
NShelbyRd(blue)_SHB_12.11.2025_LS,4229,false,0.0029,0,0
NShelbyRd(blue)_SHB_12.11.2025_LS,4230,false,0.0029,0,0
NShelbyRd(blue)_SHB_12.11.2025_LS,4231,false,0.0029,0,0
NShelbyRd(blue)_SHB_12.11.2025_LS,4232,false,0.0029,0,0
NShelbyRd(blue)_SHB_12.11.2025_LS,4233,duplicate,0.0029,0,0
NShelbyRd(blue)_SHB_12.11.2025_LS,4234,false,0.0029,0,0
NShelbyRd(blue)_SHB_12.11.2025_LS,4235,false,0.0286,0,0
NShelbyRd(blue)_SHB_12.11.2025_LS,4236,false,0.0029,0,0
NShelbyRd(blue)_SHB_12.11.2025_LS,4237,false,0.0029,0,0
NShelbyRd(blue)_SHB_12.11.2025_LS,4238,false,0.0029,0,0
NShelbyRd(blue)_SHB_12.11.2025_LS,4239,false,0.0029,0,0
NShelbyRd(blue)_SHB_12.11.2025_LS,4240,false,0.0029,0,0
NShelbyRd(blue)_SHB_12.11.2025_LS,4241,false,0.0029,0,0
NShelbyRd(blue)_SHB_12.11.2025_LS,4242,false,0.0029,0,0
NShelbyRd(blue)_SHB_12.11.2025_LS,4243,duplicate,0.0286,0,0
NShelbyRd(blue)_SHB_12.11.2025_LS,4244,duplicate,0.0029,0,0
NShelbyRd(blue)_SHB_12.11.2025_LS,4245,primary,0.0286,0,0
NShelbyRd(blue)_SHB_12.11.2025_LS,4246,duplicate,0.0029,0,0
NShelbyRd(blue)_SHB_12.11.2025_LS,4247,false,0.0286,0,0
NShelbyRd(blue)_SHB_12.11.2025_LS,4248,false,0.0029,0,0
NShelbyRd(blue)_SHB_12.11.2025_LS,4249,false,0.0029,0,0
NShelbyRd(blue)_SHB_12.11.2025_LS,4250,false,0.0029,0,0
NShelbyRd(blue)_SHB_12.11.2025_LS,4251,false,0.0029,0,0
NShelbyRd(blue)_SHB_12.11.2025_LS,4252,false,0.0029,0,0
NShelbyRd(blue)_SHB_12.11.2025_LS,4253,false,0.0029,0,0
NShelbyRd(blue)_SHB_12.11.2025_LS,4254,false,0.0029,0,0
NShelbyRd(blue)_SHB_12.11.2025_LS,4255,false,0.0029,0,0
NShelbyRd(blue)_SHB_12.11.2025_LS,4256,false,0.0029,0,0
NShelbyRd(blue)_SHB_12.11.2025_LS,4257,false,0.0029,0,0
NShelbyRd(blue)_SHB_12.11.2025_LS,4258,duplicate,0.0029,0,0
NShelbyRd(blue)_SHB_12.11.2025_LS,4259,duplicate,0.0029,0,0
NShelbyRd(blue)_SHB_12.11.2025_LS,4260,false,0.0029,0,0
NShelbyRd(blue)_SHB_12.11.2025_LS,4261,false,0.0029,0,0
NShelbyRd(blue)_SHB_12.11.2025_LS,4262,false,0.0029,0,0
NShelbyRd(blue)_SHB_12.11.2025_LS,4263,false,0.0029,0,0
NShelbyRd(blue)_SHB_12.11.2025_LS,4264,false,0.0029,0,0
NShelbyRd(blue)_SHB_12.11.2025_LS,4265,false,0.0029,0,0
NShelbyRd(blue)_SHB_12.11.2025_LS,4266,false,0.0029,0,0
NShelbyRd(blue)_SHB_12.11.2025_LS,4267,false,0.0029,0,0
NShelbyRd(blue)_SHB_12.11.2025_LS,4268,false,0.0029,0,0
NShelbyRd(blue)_SHB_12.11.2025_LS,4269,false,0.0029,0,0
NShelbyRd(blue)_SHB_12.11.2025_LS,4270,false,0.0029,0,0
NShelbyRd(blue)_SHB_12.11.2025_LS,4271,false,0.0029,0,0
NShelbyRd(blue)_SHB_12.11.2025_LS,4272,false,0.0029,0,0
NShelbyRd(blue)_SHB_12.11.2025_LS,4273,false,0.0286,0,0
NShelbyRd(blue)_SHB_12.11.2025_LS,4274,false,0.0029,0,0
NShelbyRd(blue)_SHB_12.11.2025_LS,4275,false,0.0029,0,0
NShelbyRd(blue)_SHB_12.11.2025_LS,4276,false,0.0029,0,0
NShelbyRd(blue)_SHB_12.11.2025_LS,4277,false,0.0029,0,0
NShelbyRd(blue)_SHB_12.11.2025_LS,4278,false,0.0029,0,0
NShelbyRd(blue)_SHB_12.11.2025_LS,4279,false,0.0029,0,0
NShelbyRd(blue)_SHB_12.11.2025_LS,4280,false,0.0029,0,0
NShelbyRd(blue)_SHB_12.11.2025_LS,4281,false,0.0029,0,0
NShelbyRd(blue)_SHB_12.11.2025_LS,4282,false,0.0029,0,0
NShelbyRd(blue)_SHB_12.11.2025_LS,4283,false,0.0029,0,0
NShelbyRd(blue)_SHB_12.11.2025_LS,4284,false,0.0029,0,0
NShelbyRd(blue)_SHB_12.11.2025_LS,4285,false,0.0029,0,0
NShelbyRd(blue)_SHB_12.11.2025_LS,4286,false,0.0029,0,0
NShelbyRd(blue)_SHB_12.11.2025_LS,4287,false,0.0029,0,0
NShelbyRd(blue)_SHB_12.11.2025_LS,4288,false,0.0029,0,0
NShelbyRd(blue)_SHB_12.11.2025_LS,4289,false,0.0029,0,0
NShelbyRd(blue)_SHB_12.11.2025_LS,4290,duplicate,0.0029,0,0
NShelbyRd(blue)_SHB_12.11.2025_LS,4291,false,0.0029,0,0
NShelbyRd(blue)_SHB_12.11.2025_LS,4292,false,0.0029,0,0
NShelbyRd(blue)_SHB_12.11.2025_LS,4293,false,0.0029,0,0
NShelbyRd(blue)_SHB_12.11.2025_LS,4294,false,0.0904,0,0
NShelbyRd(blue)_SHB_12.11.2025_LS,4295,false,0.0029,0,0
NShelbyRd(blue)_SHB_12.11.2025_LS,4296,false,0.0029,0,0
NShelbyRd(blue)_SHB_12.11.2025_LS,4297,false,0.0029,0,0
NShelbyRd(blue)_SHB_12.11.2025_LS,4298,false,0.0029,0,0
NShelbyRd(blue)_SHB_12.11.2025_LS,4299,false,0.0029,0,0
NShelbyRd(blue)_SHB_12.11.2025_LS,4300,false,0.0029,0,0
NShelbyRd(blue)_SHB_12.11.2025_LS,4301,false,0.0029,0,0
NShelbyRd(blue)_SHB_12.11.2025_LS,4302,false,0.0029,0,0
NShelbyRd(blue)_SHB_12.11.2025_LS,4303,false,0.0029,0,0
NShelbyRd(blue)_SHB_12.11.2025_LS,4304,false,0.0029,0,0
NShelbyRd(blue)_SHB_12.11.2025_LS,4305,false,0.0029,0,0
NShelbyRd(blue)_SHB_12.11.2025_LS,4306,false,0.0029,0,0
NShelbyRd(blue)_SHB_12.11.2025_LS,4307,false,0.0029,0,0
NShelbyRd(blue)_SHB_12.11.2025_LS,4308,false,0.0029,0,0
NShelbyRd(blue)_SHB_12.11.2025_LS,4309,false,0.0029,0,0
NShelbyRd(blue)_SHB_12.11.2025_LS,4310,false,0.0029,0,0
NShelbyRd(blue)_SHB_12.11.2025_LS,4311,false,0.0029,0,0
NShelbyRd(blue)_SHB_12.11.2025_LS,4312,false,0.0286,0,0
NShelbyRd(green)_SHB_12.11.2025,3965,false,0.0029,0,0
NShelbyRd(green)_SHB_12.11.2025,3966,false,0.0909,0,0
NShelbyRd(green)_SHB_12.11.2025,3968,false,0.0029,0,0
NShelbyRd(green)_SHB_12.11.2025,3973,false,0.0909,0,0
NShelbyRd(green)_SHB_12.11.2025,3980,false,0.0029,0,0
NShelbyRd(green)_SHB_12.11.2025,3982,false,0.0029,0,0
NShelbyRd(green)_SHB_12.11.2025,4006,false,0.0029,0,0
NShelbyRd(green)_SHB_12.11.2025,4034,false,0.0029,0,0
NShelbyRd(green)_SHB_12.11.2025,4050,false,0.0029,0,0
NShelbyRd(green)_SHB_12.11.2025,4063,false,0.0029,0,0
NShelbyRd(green)_SHB_12.11.2025,4068,false,0.0909,0,0
NShelbyRd(green)_SHB_12.11.2025,4097,false,0.0029,0,0
NShelbyRd(green)_SHB_12.11.2025,4153,duplicate,0.0029,0,0
NShelbyRd(green)_SHB_12.11.2025,5153,false,0.0029,0,0
NShelbyRd(green)_SHB_12.11.2025,5154,false,0.0029,0,0
NShelbyRd(green)_SHB_12.11.2025,5155,false,0.0286,0,0
NShelbyRd(green)_SHB_12.11.2025,5156,false,0.0029,0,0
NShelbyRd(green)_SHB_12.11.2025,5157,false,0.0029,0,0
NShelbyRd(green)_SHB_12.11.2025,5158,false,0.0029,0,0
NShelbyRd(green)_SHB_12.11.2025,5159,false,0.0029,0,0
NShelbyRd(green)_SHB_12.11.2025,5160,false,0.0286,0,0
NShelbyRd(green)_SHB_12.11.2025,5161,false,0.0286,0,0
NShelbyRd(green)_SHB_12.11.2025,5162,false,0.0029,0,0
NShelbyRd(green)_SHB_12.11.2025,5163,false,0.0029,0,0
NShelbyRd(green)_SHB_12.11.2025,5164,false,0.0029,0,0
NShelbyRd(green)_SHB_12.11.2025,5165,false,0.0029,0,0
NShelbyRd(green)_SHB_12.11.2025,5166,false,0.0029,0,0
NShelbyRd(green)_SHB_12.11.2025,5167,false,0.0029,0,0
NShelbyRd(green)_SHB_12.11.2025,5168,false,0.0029,0,0
NShelbyRd(green)_SHB_12.11.2025,5169,false,0.0029,0,0
NShelbyRd(green)_SHB_12.11.2025,5170,primary,0.4,0,1
NShelbyRd(green)_SHB_12.11.2025,5171,primary,0.5789,1,0
NShelbyRd(green)_SHB_12.11.2025,5172,false,0.0029,0,0
NShelbyRd(green)_SHB_12.11.2025,5173,false,0.0029,0,0
NShelbyRd(green)_SHB_12.11.2025,5174,false,0.0029,0,0
NShelbyRd(green)_SHB_12.11.2025,5175,false,0.0029,0,0
NShelbyRd(green)_SHB_12.11.2025,5176,false,0.0029,0,0
NShelbyRd(green)_SHB_12.11.2025,5177,false,0.0029,0,0
NShelbyRd(green)_SHB_12.11.2025,5178,false,0.0029,0,0
NShelbyRd(green)_SHB_12.11.2025,5179,false,0.0029,0,0
NShelbyRd(green)_SHB_12.11.2025,5180,false,0.0029,0,0
NShelbyRd(green)_SHB_12.11.2025,5181,false,0.0029,0,0
Melvin_SHW_01.18.2026_LS,2158,false,0.0278,0,0
Melvin_SHW_01.18.2026_LS,2240,false,0.0,0,0
Melvin_SHW_01.18.2026_LS,2245,false,0.0,0,0
Melvin_SHW_01.18.2026_LS,2248,false,0.0278,0,0
Melvin_SHW_01.18.2026_LS,2278,duplicate,0.0,0,0
Melvin_SHW_01.18.2026_LS,2280,primary,0.4,1,0
Melvin_SHW_01.18.2026_LS,2290,false,0.0,0,0
Melvin_SHW_01.18.2026_LS,2294,false,0.0,0,0
Melvin_SHW_01.18.2026_LS,2302,false,0.0,0,0
Melvin_SHW_01.18.2026_LS,2304,false,0.0,0,0
Melvin_SHW_01.18.2026_LS,2312,false,0.0,0,0
Melvin_SHW_01.18.2026_LS,2316,false,0.0,0,0
Melvin_SHW_01.18.2026_LS,2319,duplicate,0.0843,0,0
Melvin_SHW_01.18.2026_LS,2329,false,0.0278,0,0
Melvin_SHW_01.18.2026_LS,2336,false,0.0278,0,0
Melvin_SHW_01.18.2026_LS,2352,primary,0.4,1,0
Melvin_SHW_01.18.2026_LS,2372,false,0.0843,0,0
Melvin_SHW_01.18.2026_LS,2381,false,0.0843,0,0
Melvin_SHW_01.18.2026_LS,2384,false,0.0,0,0
Melvin_SHW_01.18.2026_LS,2386,false,0.0843,0,0
Melvin_SHW_01.18.2026_LS,2387,false,0.0,0,0
Melvin_SHW_01.18.2026_LS,2428,false,0.0843,0,0
Melvin_SHW_01.18.2026_LS,2433,false,0.0,0,0
Melvin_SHW_01.18.2026_LS,2439,primary,0.0843,0,0
Melvin_SHW_01.18.2026_LS,2450,primary,0.0843,0,0
Melvin_SHW_01.18.2026_LS,2463,false,0.0,0,0
Melvin_SHW_01.18.2026_LS,2470,false,0.0843,0,0
Melvin_SHW_01.18.2026_LS,2494,false,0.0843,0,0
Melvin_SHW_01.18.2026_LS,2509,false,0.0,0,0
Melvin_SHW_01.18.2026_LS,2511,false,0.0,0,0
Melvin_SHW_01.18.2026_LS,2530,false,0.0,0,0
Melvin_SHW_01.18.2026_LS,2542,false,0.0278,0,0
Melvin_SHW_01.18.2026_LS,2543,false,0.0,0,0
Melvin_SHW_01.18.2026_LS,2544,false,0.0,0,0
Melvin_SHW_01.18.2026_LS,2545,false,0.0,0,0
Melvin_SHW_01.18.2026_LS,2553,false,0.0,0,0
Melvin_SHW_01.18.2026_LS,2554,false,0.0,0,0
Melvin_SHW_01.18.2026_LS,2569,false,0.0278,0,0
Melvin_SHW_01.18.2026_LS,2583,false,0.0,0,0
Melvin_SHW_01.18.2026_LS,2592,false,0.0,0,0
Melvin_SHW_01.18.2026_LS,2594,false,0.0,0,0
Melvin_SHW_01.18.2026_LS,2598,false,0.0,0,0
Melvin_SHW_01.18.2026_LS,2635,false,0.0278,0,0
Melvin_SHW_01.18.2026_LS,3635,false,0.0,0,0
Melvin_SHW_01.18.2026_LS,3636,false,0.0,0,0
Melvin_SHW_01.18.2026_LS,3637,false,0.0,0,0
Melvin_SHW_01.18.2026_LS,3638,false,0.0,0,0
Melvin_SHW_01.18.2026_LS,3639,false,0.0,0,0
Melvin_SHW_01.18.2026_LS,3640,false,0.0,0,0
Melvin_SHW_01.18.2026_LS,3641,false,0.0,0,0
Melvin_SHW_01.18.2026_LS,3642,false,0.0,0,0
Melvin_SHW_01.18.2026_LS,3643,false,0.0,0,0
Melvin_SHW_01.18.2026_LS,3644,false,0.0,0,0
Melvin_SHW_01.18.2026_LS,3645,false,0.0,0,0
Melvin_SHW_01.18.2026_LS,3646,false,0.0,0,0
Melvin_SHW_01.18.2026_LS,3647,false,0.0,0,0
Melvin_SHW_01.18.2026_LS,3648,false,0.0,0,0
Melvin_SHW_01.18.2026_LS,3649,false,0.0,0,0
Melvin_SHW_01.18.2026_LS,3650,false,0.0,0,0
Melvin_SHW_01.18.2026_LS,3651,false,0.0,0,0
Melvin_SHW_01.18.2026_LS,3652,false,0.0,0,0
Melvin_SHW_01.18.2026_LS,3653,false,0.0,0,0
Melvin_SHW_01.18.2026_LS,3654,false,0.0,0,0
Melvin_SHW_01.18.2026_LS,3655,false,0.0,0,0
Melvin_SHW_01.18.2026_LS,3656,false,0.0,0,0
Melvin_SHW_01.18.2026_LS,3657,false,0.0843,0,0
Melvin_SHW_01.18.2026_LS,3658,false,0.0,0,0
Melvin_SHW_01.18.2026_LS,3659,false,0.0,0,0
Melvin_SHW_01.18.2026_LS,3660,false,0.0,0,0
Melvin_SHW_01.18.2026_LS,3661,false,0.0,0,0
Melvin_SHW_01.18.2026_LS,3662,false,0.0,0,0
Melvin_SHW_01.18.2026_LS,3663,false,0.0,0,0
Melvin_SHW_01.18.2026_LS,3664,false,0.0,0,0
Melvin_SHW_01.18.2026_LS,3665,false,0.0,0,0
Melvin_SHW_01.18.2026_LS,3666,false,0.0,0,0
Melvin_SHW_01.18.2026_LS,3667,false,0.0,0,0
Melvin_SHW_01.18.2026_LS,3668,false,0.0,0,0
Melvin_SHW_01.18.2026_LS,3669,false,0.0843,0,0
Melvin_SHW_01.18.2026_LS,3670,false,0.0,0,0
Melvin_SHW_01.18.2026_LS,3671,false,0.0,0,0
Melvin_SHW_01.18.2026_LS,3672,false,0.0,0,0
Melvin_SHW_01.18.2026_LS,3673,false,0.0,0,0
Melvin_SHW_01.18.2026_LS,3674,false,0.0,0,0
Melvin_SHW_01.18.2026_LS,3675,false,0.0,0,0
Melvin_SHW_01.18.2026_LS,3676,false,0.0,0,0
Melvin_SHW_01.18.2026_LS,3677,false,0.0,0,0
Melvin_SHW_01.18.2026_LS,3678,false,0.0,0,0
Melvin_SHW_01.18.2026_LS,3679,false,0.0,0,0
Melvin_SHW_01.18.2026_LS,3680,false,0.0,0,0
Melvin_SHW_01.18.2026_LS,3681,false,0.0,0,0
Melvin_SHW_01.18.2026_LS,3682,false,0.0,0,0
Melvin_SHW_01.18.2026_LS,3683,false,0.0,0,0
Melvin_SHW_01.18.2026_LS,3684,false,0.0,0,0
Melvin_SHW_01.18.2026_LS,3685,false,0.0,0,0
Melvin_SHW_01.18.2026_LS,3686,false,0.0,0,0
Melvin_SHW_01.18.2026_LS,3687,false,0.0,0,0
Melvin_SHW_01.18.2026_LS,3688,false,0.0,0,0
Melvin_SHW_01.18.2026_LS,3689,false,0.0,0,0
Melvin_SHW_01.18.2026_LS,3690,false,0.0,0,0
Melvin_SHW_01.18.2026_LS,3691,false,0.0,0,0
Melvin_SHW_01.18.2026_LS,3692,false,0.0,0,0
Melvin_SHW_01.18.2026_LS,3693,false,0.0,0,0
Melvin_SHW_01.18.2026_LS,3694,false,0.0,0,0
Melvin_SHW_01.18.2026_LS,3695,false,0.0,0,0
Melvin_SHW_01.18.2026_LS,3696,false,0.0,0,0
Melvin_SHW_01.18.2026_LS,3697,false,0.0,0,0
Melvin_SHW_01.18.2026_LS,3698,false,0.0,0,0
Melvin_SHW_01.18.2026_LS,3699,false,0.0,0,0
Melvin_SHW_01.18.2026_LS,3700,false,0.0,0,0
Melvin_SHW_01.18.2026_LS,3701,false,0.0,0,0
Melvin_SHW_01.18.2026_LS,3702,false,0.0,0,0
Melvin_SHW_01.18.2026_LS,3703,false,0.0,0,0
Melvin_SHW_01.18.2026_LS,3704,false,0.0,0,0
Melvin_SHW_01.18.2026_LS,3705,false,0.0,0,0
Melvin_SHW_01.18.2026_LS,3706,false,0.0,0,0
Melvin_SHW_01.18.2026_LS,3707,false,0.0,0,0
Melvin_SHW_01.18.2026_LS,3708,false,0.0,0,0
Melvin_SHW_01.18.2026_LS,3709,duplicate,0.0843,0,0
Melvin_SHW_01.18.2026_LS,3710,duplicate,0.0,0,0
Melvin_SHW_01.18.2026_LS,3711,false,0.0,0,0
Melvin_SHW_01.18.2026_LS,3712,false,0.0,0,0
Melvin_SHW_01.18.2026_LS,3713,false,0.0,0,0
Melvin_SHW_01.18.2026_LS,3714,false,0.0,0,0
Melvin_SHW_01.18.2026_LS,3715,false,0.0,0,0
Melvin_SHW_01.18.2026_LS,3716,false,0.0,0,0
Melvin_SHW_01.18.2026_LS,3717,false,0.0,0,0
Melvin_SHW_01.18.2026_LS,3718,false,0.0,0,0
Melvin_SHW_01.18.2026_LS,3719,false,0.0,0,0
Melvin_SHW_01.18.2026_LS,3720,false,0.0843,0,0
Melvin_SHW_01.18.2026_LS,3721,duplicate,0.0843,0,0
Melvin_SHW_01.18.2026_LS,3722,false,0.0,0,0
Melvin_SHW_01.18.2026_LS,3723,false,0.0,0,0
Melvin_SHW_01.18.2026_LS,3724,false,0.0,0,0
Melvin_SHW_01.18.2026_LS,3725,false,0.0,0,0
Melvin_SHW_01.18.2026_LS,3726,primary,0.0843,0,0
Melvin_SHW_01.18.2026_LS,3727,duplicate,0.0,0,0
Melvin_SHW_01.18.2026_LS,3728,false,0.0843,0,0
Melvin_SHW_01.18.2026_LS,3729,duplicate,0.0,0,0
Melvin_SHW_01.18.2026_LS,3730,duplicate,0.0843,0,0
Melvin_SHW_01.18.2026_LS,3731,false,0.0,0,0
Melvin_SHW_01.18.2026_LS,3732,false,0.0,0,0
Melvin_SHW_01.18.2026_LS,3733,false,0.0278,0,0
Melvin_SHW_01.18.2026_LS,3734,false,0.0,0,0
Melvin_SHW_01.18.2026_LS,3735,false,0.0,0,0
Melvin_SHW_01.18.2026_LS,3736,false,0.0,0,0
Melvin_SHW_01.18.2026_LS,3737,false,0.0,0,0
Melvin_SHW_01.18.2026_LS,3738,false,0.0,0,0
Melvin_SHW_01.18.2026_LS,3739,false,0.0,0,0
Melvin_SHW_01.18.2026_LS,3740,false,0.0,0,0
Melvin_SHW_01.18.2026_LS,3741,duplicate,0.0,0,0
Melvin_SHW_01.18.2026_LS,3742,false,0.0,0,0
Melvin_SHW_01.18.2026_LS,3743,false,0.0278,0,0
Melvin_SHW_01.18.2026_LS,3744,false,0.0,0,0
Melvin_SHW_01.18.2026_LS,3745,false,0.0,0,0
Melvin_SHW_01.18.2026_LS,3746,false,0.0843,0,0
Melvin_SHW_01.18.2026_LS,3747,false,0.0,0,0
Melvin_SHW_01.18.2026_LS,3748,false,0.0,0,0
Melvin_SHW_01.18.2026_LS,3749,false,0.0,0,0
Melvin_SHW_01.18.2026_LS,3750,false,0.0,0,0
Melvin_SHW_01.18.2026_LS,3751,false,0.0,0,0
Melvin_SHW_01.18.2026_LS,3752,false,0.0278,0,0
Melvin_SHW_01.18.2026_LS,3753,false,0.0,0,0
Melvin_SHW_01.18.2026_LS,3754,false,0.0,0,0
Melvin_SHW_01.18.2026_LS,3755,false,0.0,0,0
Melvin_SHW_01.18.2026_LS,3756,false,0.0,0,0
Melvin_SHW_01.18.2026_LS,3757,false,0.0,0,0
Melvin_SHW_01.18.2026_LS,3758,false,0.0,0,0
Melvin_SHW_01.18.2026_LS,3759,false,0.0,0,0
Melvin_SHW_01.18.2026_LS,3760,false,0.0,0,0
Melvin_SHW_01.18.2026_LS,3761,false,0.0,0,0
Melvin_SHW_01.18.2026_LS,3762,false,0.0,0,0
Melvin_SHW_01.18.2026_LS,3763,false,0.0,0,0
Melvin_SHW_01.18.2026_LS,3764,false,0.0,0,0
Melvin_SHW_01.18.2026_LS,3765,false,0.0843,0,0
Melvin_SHW_01.18.2026_LS,3766,false,0.0,0,0
Melvin_SHW_01.18.2026_LS,3767,false,0.0,0,0
Melvin_SHW_01.18.2026_LS,3768,false,0.0,0,0
Melvin_SHW_01.18.2026_LS,3769,false,0.0,0,0
Melvin_SHW_01.18.2026_LS,3770,false,0.0,0,0
Melvin_SHW_01.18.2026_LS,3771,false,0.0,0,0
Melvin_SHW_01.18.2026_LS,3772,false,0.0,0,0
Melvin_SHW_01.18.2026_LS,3773,false,0.0843,0,0
Melvin_SHW_01.18.2026_LS,3774,false,0.0,0,0
Melvin_SHW_01.18.2026_LS,3775,false,0.0,0,0
Melvin_SHW_01.18.2026_LS,3776,false,0.0,0,0
Melvin_SHW_01.18.2026_LS,3777,false,0.0,0,0
Melvin_SHW_01.18.2026_LS,3778,false,0.0,0,0
Melvin_SHW_01.18.2026_LS,3779,false,0.0,0,0
Melvin_SHW_01.18.2026_LS,3780,duplicate,0.0,0,0
Melvin_SHW_01.18.2026_LS,3781,false,0.0,0,0
Melvin_SHW_01.18.2026_LS,3782,false,0.0,0,0
Melvin_SHW_01.18.2026_LS,3783,duplicate,0.0843,0,0
Melvin_SHW_01.18.2026_LS,3784,false,0.0,0,0
Melvin_SHW_01.18.2026_LS,3785,false,0.0,0,0
Melvin_SHW_01.18.2026_LS,3786,false,0.0843,0,0
Melvin_SHW_01.18.2026_LS,3787,false,0.0,0,0
Melvin_SHW_01.18.2026_LS,3788,false,0.0,0,0
Melvin_SHW_01.18.2026_LS,3789,false,0.0,0,0
Melvin_SHW_01.18.2026_LS,3790,false,0.0,0,0
Melvin_SHW_01.18.2026_LS,3791,false,0.0,0,0
Melvin_SHW_01.18.2026_LS,3792,false,0.0,0,0
Melvin_SHW_01.18.2026_LS,3793,false,0.0,0,0
Melvin_SHW_01.18.2026_LS,3794,false,0.0,0,0
Melvin_SHW_01.18.2026_LS,3795,false,0.0,0,0
Melvin_SHW_01.18.2026_LS,3796,false,0.0,0,0
Melvin_SHW_01.18.2026_LS,3797,false,0.0,0,0
Melvin_SHW_01.18.2026_LS,3798,false,0.0,0,0
Melvin_SHW_01.18.2026_LS,3799,false,0.0,0,0
Melvin_SHW_01.18.2026_LS,3800,false,0.0,0,0
Melvin_SHW_01.18.2026_LS,3801,false,0.0,0,0
Melvin_SHW_01.18.2026_LS,3802,false,0.0,0,0
Melvin_SHW_01.18.2026_LS,3803,false,0.0,0,0
Melvin_SHW_01.18.2026_LS,3804,false,0.0,0,0
Melvin_SHW_01.18.2026_LS,3805,false,0.0,0,0
Melvin_SHW_01.18.2026_LS,3806,false,0.0,0,0
Melvin_SHW_01.18.2026_LS,3807,false,0.0,0,0
Melvin_SHW_01.18.2026_LS,3808,false,0.0,0,0
Melvin_SHW_01.18.2026_LS,3809,false,0.0,0,0
Melvin_SHW_01.18.2026_LS,3810,false,0.0,0,0
Melvin_SHW_01.18.2026_LS,3811,false,0.0,0,0
Melvin_SHW_01.18.2026_LS,3812,false,0.0,0,0
Melvin_SHW_01.18.2026_LS,3813,false,0.0,0,0
Melvin_SHW_01.18.2026_LS,3814,false,0.0843,0,0
Melvin_SHW_01.18.2026_LS,3815,false,0.0,0,0
Melvin_SHW_01.18.2026_LS,3816,false,0.0,0,0
Melvin_SHW_01.18.2026_LS,3817,false,0.0,0,0
Melvin_SHW_01.18.2026_LS,3818,false,0.0,0,0
Melvin_SHW_01.18.2026_LS,3819,false,0.0,0,0
Melvin_SHW_01.18.2026_LS,3820,false,0.0,0,0
Melvin_SHW_01.18.2026_LS,3821,false,0.0,0,0
Melvin_SHW_01.18.2026_LS,3822,false,0.0,0,0
Melvin_SHW_01.18.2026_LS,3823,false,0.0843,0,0
Melvin_SHW_01.18.2026_LS,3824,false,0.0,0,0
Melvin_SHW_01.18.2026_LS,3825,false,0.0,0,0
Melvin_SHW_01.18.2026_LS,3826,false,0.0,0,0
Melvin_SHW_01.18.2026_LS,3827,false,0.0843,0,0
Melvin_SHW_01.18.2026_LS,3828,false,0.0,0,0
Melvin_SHW_01.18.2026_LS,3829,false,0.0,0,0
Melvin_SHW_01.18.2026_LS,3830,false,0.0,0,0
Melvin_SHW_01.18.2026_LS,3831,false,0.0,0,0
Melvin_SHW_01.18.2026_LS,3832,false,0.0,0,0
Melvin_SHW_01.18.2026_LS,3833,false,0.0,0,0
Melvin_SHW_01.18.2026_LS,3834,false,0.0,0,0
Melvin_SHW_01.18.2026_LS,3835,false,0.0,0,0
Melvin_SHW_01.18.2026_LS,3836,false,0.0,0,0
Melvin_SHW_01.18.2026_LS,3837,false,0.0,0,0
Melvin_SHW_01.18.2026_LS,3838,false,0.0,0,0
Melvin_SHW_01.18.2026_LS,3839,false,0.0,0,0
Melvin_SHW_01.18.2026_LS,3840,false,0.0,0,0
Melvin_SHW_01.18.2026_LS,3841,false,0.0,0,0
Melvin_SHW_01.18.2026_LS,3842,false,0.0,0,0
Melvin_SHW_01.18.2026_LS,3843,false,0.0,0,0
Melvin_SHW_01.18.2026_LS,3844,false,0.0,0,0
Melvin_SHW_01.18.2026_LS,3845,false,0.0,0,0
Melvin_SHW_01.18.2026_LS,3846,false,0.0,0,0
Melvin_SHW_01.18.2026_LS,3847,false,0.0,0,0
Melvin_SHW_01.18.2026_LS,3848,false,0.0,0,0
Melvin_SHW_01.18.2026_LS,3849,false,0.0,0,0
Melvin_SHW_01.18.2026_LS,3850,false,0.0,0,0
Melvin_SHW_01.18.2026_LS,3851,false,0.0,0,0
Melvin_SHW_01.18.2026_LS,3852,false,0.0,0,0
Melvin_SHW_01.18.2026_LS,3853,false,0.0,0,0
Melvin_SHW_01.18.2026_LS,3854,false,0.0,0,0
Melvin_SHW_01.18.2026_LS,3855,false,0.0,0,0
Melvin_SHW_01.18.2026_LS,3856,false,0.0,0,0
Melvin_SHW_01.18.2026_LS,3857,false,0.0,0,0
Melvin_SHW_01.18.2026_LS,3858,false,0.0,0,0
Melvin_SHW_01.18.2026_LS,3859,false,0.0,0,0
Melvin_SHW_01.18.2026_LS,3860,false,0.0278,0,0
Melvin_SHW_01.18.2026_LS,3861,false,0.0,0,0
Melvin_SHW_01.18.2026_LS,3862,false,0.0,0,0
Melvin_SHW_01.18.2026_LS,3863,false,0.0,0,0
Melvin_SHW_01.18.2026_LS,3864,false,0.0,0,0
Melvin_SHW_01.18.2026_LS,3865,false,0.0,0,0
Melvin_SHW_01.18.2026_LS,3866,false,0.0,0,0
Melvin_SHW_01.18.2026_LS,3867,false,0.0843,0,0
Melvin_SHW_01.18.2026_LS,3868,false,0.0843,0,0
Melvin_SHW_01.18.2026_LS,3869,false,0.0,0,0
Melvin_SHW_01.18.2026_LS,3870,false,0.0,0,0
Melvin_SHW_01.18.2026_LS,3871,false,0.0,0,0
Melvin_SHW_01.18.2026_LS,3872,false,0.0,0,0
Melvin_SHW_01.18.2026_LS,3873,false,0.0,0,0
Melvin_SHW_01.18.2026_LS,3874,false,0.0,0,0
Melvin_SHW_01.18.2026_LS,3875,false,0.0,0,0
Melvin_SHW_01.18.2026_LS,3876,false,0.0,0,0
Melvin_SHW_01.18.2026_LS,3877,false,0.0,0,0
Melvin_SHW_01.18.2026_LS,3878,false,0.0,0,0
Melvin_SHW_01.18.2026_LS,3879,false,0.0,0,0
Melvin_SHW_01.18.2026_LS,3880,false,0.0,0,0
NMarseillesRd_MAS_12.22.25_LS_V1,545,false,0.0843,0,0
NMarseillesRd_MAS_12.22.25_LS_V1,547,false,0.0,0,0
NMarseillesRd_MAS_12.22.25_LS_V1,555,primary,0.1429,0,0
NMarseillesRd_MAS_12.22.25_LS_V1,561,false,0.0,0,0
NMarseillesRd_MAS_12.22.25_LS_V1,587,false,0.0843,0,0
NMarseillesRd_MAS_12.22.25_LS_V1,613,false,0.7143,1,0
NMarseillesRd_MAS_12.22.25_LS_V1,615,false,0.0,0,0
NMarseillesRd_MAS_12.22.25_LS_V1,617,false,0.0843,0,0
NMarseillesRd_MAS_12.22.25_LS_V1,623,primary,0.7143,1,0
NMarseillesRd_MAS_12.22.25_LS_V1,629,primary,0.7143,1,0
NMarseillesRd_MAS_12.22.25_LS_V1,638,false,0.0843,0,0
NMarseillesRd_MAS_12.22.25_LS_V1,644,primary,0.0843,0,0
NMarseillesRd_MAS_12.22.25_LS_V1,649,primary,0.7143,1,0
NMarseillesRd_MAS_12.22.25_LS_V1,653,primary,0.7143,1,0
NMarseillesRd_MAS_12.22.25_LS_V1,659,false,0.0,0,0
NMarseillesRd_MAS_12.22.25_LS_V1,676,false,0.0,0,0
NMarseillesRd_MAS_12.22.25_LS_V1,1676,false,0.0,0,0
NMarseillesRd_MAS_12.22.25_LS_V1,1677,false,0.0,0,0
NMarseillesRd_MAS_12.22.25_LS_V1,1678,false,0.0,0,0
NMarseillesRd_MAS_12.22.25_LS_V1,1679,false,0.0,0,0
NMarseillesRd_MAS_12.22.25_LS_V1,1680,false,0.0,0,0
NMarseillesRd_MAS_12.22.25_LS_V1,1681,false,0.0,0,0
NMarseillesRd_MAS_12.22.25_LS_V1,1682,false,0.0,0,0
NMarseillesRd_MAS_12.22.25_LS_V1,1683,false,0.0,0,0
NMarseillesRd_MAS_12.22.25_LS_V1,1684,false,0.0,0,0
NMarseillesRd_MAS_12.22.25_LS_V1,1685,duplicate,0.0,0,0
NMarseillesRd_MAS_12.22.25_LS_V1,1686,duplicate,0.0,0,0
NMarseillesRd_MAS_12.22.25_LS_V1,1687,false,0.0,0,0
NMarseillesRd_MAS_12.22.25_LS_V1,1688,false,0.0,0,0
NMarseillesRd_MAS_12.22.25_LS_V1,1689,false,0.0,0,0
NMarseillesRd_MAS_12.22.25_LS_V1,1690,false,0.0,0,0
NMarseillesRd_MAS_12.22.25_LS_V1,1691,false,0.0,0,0
NMarseillesRd_MAS_12.22.25_LS_V1,1692,false,0.0,0,0
NMarseillesRd_MAS_12.22.25_LS_V1,1693,false,0.0,0,0
NMarseillesRd_MAS_12.22.25_LS_V1,1694,false,0.0,0,0
NMarseillesRd_MAS_12.22.25_LS_V1,1695,false,0.0,0,0
NMarseillesRd_MAS_12.22.25_LS_V1,1696,false,0.0,0,0
NMarseillesRd_MAS_12.22.25_LS_V1,1697,false,0.0,0,0
NMarseillesRd_MAS_12.22.25_LS_V1,1698,false,0.0,0,0
NMarseillesRd_MAS_12.22.25_LS_V1,1699,false,0.0,0,0
NMarseillesRd_MAS_12.22.25_LS_V1,1700,false,0.0,0,0
NMarseillesRd_MAS_12.22.25_LS_V1,1701,false,0.0,0,0
NMarseillesRd_MAS_12.22.25_LS_V1,1702,false,0.0,0,0
NMarseillesRd_MAS_12.22.25_LS_V1,1703,false,0.0,0,0
NMarseillesRd_MAS_12.22.25_LS_V1,1704,false,0.0,0,0
NMarseillesRd_MAS_12.22.25_LS_V1,1705,false,0.0843,0,0
NMarseillesRd_MAS_12.22.25_LS_V1,1706,false,0.0,0,0
NMarseillesRd_MAS_12.22.25_LS_V1,1707,false,0.0843,0,0
NMarseillesRd_MAS_12.22.25_LS_V1,1708,false,0.0,0,0
NMarseillesRd_MAS_12.22.25_LS_V1,1709,false,0.0,0,0
NMarseillesRd_MAS_12.22.25_LS_V1,1710,false,0.0,0,0
NMarseillesRd_MAS_12.22.25_LS_V1,1711,false,0.0,0,0
NMarseillesRd_MAS_12.22.25_LS_V1,1712,false,0.0,0,0
NMarseillesRd_MAS_12.22.25_LS_V1,1713,false,0.0,0,0
NMarseillesRd_MAS_12.22.25_LS_V1,1714,false,0.0,0,0
NMarseillesRd_MAS_12.22.25_LS_V1,1715,false,0.0,0,0
NMarseillesRd_MAS_12.22.25_LS_V1,1716,false,0.0,0,0
NMarseillesRd_MAS_12.22.25_LS_V1,1717,false,0.0,0,0
NMarseillesRd_MAS_12.22.25_LS_V1,1718,false,0.0,0,0
NMarseillesRd_MAS_12.22.25_LS_V1,1719,false,0.0278,0,0
NMarseillesRd_MAS_12.22.25_LS_V1,1720,false,0.0,0,0
NMarseillesRd_MAS_12.22.25_LS_V1,1721,false,0.0,0,0
NMarseillesRd_MAS_12.22.25_LS_V1,1722,false,0.0,0,0
NMarseillesRd_MAS_12.22.25_LS_V1,1723,false,0.0,0,0
NMarseillesRd_MAS_12.22.25_LS_V1,1724,duplicate,0.0,0,0
NMarseillesRd_MAS_12.22.25_LS_V1,1725,false,0.0,0,0
NMarseillesRd_MAS_12.22.25_LS_V1,1726,false,0.0,0,0
NMarseillesRd_MAS_12.22.25_LS_V1,1727,false,0.0,0,0
NMarseillesRd_MAS_12.22.25_LS_V1,1728,false,0.0,0,0
NMarseillesRd_MAS_12.22.25_LS_V1,1729,false,0.0,0,0
NMarseillesRd_MAS_12.22.25_LS_V1,1730,false,0.0,0,0
NMarseillesRd_MAS_12.22.25_LS_V1,1731,false,0.0,0,0
NMarseillesRd_MAS_12.22.25_LS_V1,1732,false,0.0,0,0
NMarseillesRd_MAS_12.22.25_LS_V1,1733,false,0.0,0,0
NMarseillesRd_MAS_12.22.25_LS_V1,1734,false,0.0,0,0
NMarseillesRd_MAS_12.22.25_LS_V1,1735,false,0.0,0,0
NMarseillesRd_MAS_12.22.25_LS_V1,1736,duplicate,0.0843,0,0
NMarseillesRd_MAS_12.22.25_LS_V1,1737,false,0.0278,0,0
NMarseillesRd_MAS_12.22.25_LS_V1,1738,false,0.0,0,0
NMarseillesRd_MAS_12.22.25_LS_V1,1739,false,0.0,0,0
NMarseillesRd_MAS_12.22.25_LS_V1,1740,false,0.0,0,0
NMarseillesRd_MAS_12.22.25_LS_V1,1741,false,0.0,0,0
NMarseillesRd_MAS_12.22.25_LS_V1,1742,false,0.0,0,0
NMarseillesRd_MAS_12.22.25_LS_V1,1743,false,0.0843,0,0
NMarseillesRd_MAS_12.22.25_LS_V1,1744,false,0.0,0,0
NMarseillesRd_MAS_12.22.25_LS_V1,1745,false,0.0843,0,0
NMarseillesRd_MAS_12.22.25_LS_V1,1746,false,0.0,0,0
NMarseillesRd_MAS_12.22.25_LS_V1,1747,false,0.0,0,0
NMarseillesRd_MAS_12.22.25_LS_V1,1748,false,0.0,0,0
NMarseillesRd_MAS_12.22.25_LS_V1,1749,false,0.0,0,0
NMarseillesRd_MAS_12.22.25_LS_V1,1750,false,0.0,0,0
NMarseillesRd_MAS_12.22.25_LS_V1,1751,false,0.0,0,0
NMarseillesRd_MAS_12.22.25_LS_V1,1752,primary,0.1429,0,0
NMarseillesRd_MAS_12.22.25_LS_V1,1753,false,0.0,0,0
NMarseillesRd_MAS_12.22.25_LS_V1,1754,false,0.0,0,0
NMarseillesRd_MAS_12.22.25_LS_V1,1755,false,0.0,0,0
NMarseillesRd_MAS_12.22.25_LS_V1,1756,false,0.0,0,0
NMarseillesRd_MAS_12.22.25_LS_V1,1757,false,0.0,0,0
NMarseillesRd_MAS_12.22.25_LS_V1,1758,false,0.0,0,0
NMarseillesRd_MAS_12.22.25_LS_V1,1759,false,0.0,0,0
NMarseillesRd_MAS_12.22.25_LS_V1,1760,false,0.0,0,0
NMarseillesRd_MAS_12.22.25_LS_V1,1761,false,0.0,0,0
NShelbyRd(pink)_SHB_12.11.2025_LS,719,false,0.0,0,0
NShelbyRd(pink)_SHB_12.11.2025_LS,753,false,0.0,0,0
NShelbyRd(pink)_SHB_12.11.2025_LS,759,false,0.0,0,0
NShelbyRd(pink)_SHB_12.11.2025_LS,761,false,0.0,0,0
NShelbyRd(pink)_SHB_12.11.2025_LS,773,primary,0.7143,1,0
NShelbyRd(pink)_SHB_12.11.2025_LS,774,primary,1.0,1,0
NShelbyRd(pink)_SHB_12.11.2025_LS,776,duplicate,0.7143,1,0
NShelbyRd(pink)_SHB_12.11.2025_LS,786,false,0.0,0,0
NShelbyRd(pink)_SHB_12.11.2025_LS,796,false,0.0278,0,0
NShelbyRd(pink)_SHB_12.11.2025_LS,801,false,0.0,0,0
NShelbyRd(pink)_SHB_12.11.2025_LS,811,false,0.1429,0,0
NShelbyRd(pink)_SHB_12.11.2025_LS,852,false,0.0,0,0
NShelbyRd(pink)_SHB_12.11.2025_LS,857,false,0.0,0,0
NShelbyRd(pink)_SHB_12.11.2025_LS,865,false,0.0,0,0
NShelbyRd(pink)_SHB_12.11.2025_LS,890,primary,1.0,1,0
NShelbyRd(pink)_SHB_12.11.2025_LS,891,false,0.0278,0,0
NShelbyRd(pink)_SHB_12.11.2025_LS,892,primary,0.3535,1,0
NShelbyRd(pink)_SHB_12.11.2025_LS,904,duplicate,0.0,0,0
NShelbyRd(pink)_SHB_12.11.2025_LS,910,duplicate,0.0,0,0
NShelbyRd(pink)_SHB_12.11.2025_LS,972,false,0.0843,0,0
NShelbyRd(pink)_SHB_12.11.2025_LS,1001,false,0.0278,0,0
NShelbyRd(pink)_SHB_12.11.2025_LS,2001,false,0.0,0,0
NShelbyRd(pink)_SHB_12.11.2025_LS,2002,false,0.0,0,0
NShelbyRd(pink)_SHB_12.11.2025_LS,2003,false,0.0,0,0
NShelbyRd(pink)_SHB_12.11.2025_LS,2004,false,0.0,0,0
NShelbyRd(pink)_SHB_12.11.2025_LS,2005,false,0.0,0,0
NShelbyRd(pink)_SHB_12.11.2025_LS,2006,false,0.0,0,0
NShelbyRd(pink)_SHB_12.11.2025_LS,2007,false,0.0,0,0
NShelbyRd(pink)_SHB_12.11.2025_LS,2008,false,0.0,0,0
NShelbyRd(pink)_SHB_12.11.2025_LS,2009,false,0.0,0,0
NShelbyRd(pink)_SHB_12.11.2025_LS,2010,false,0.0,0,0
NShelbyRd(pink)_SHB_12.11.2025_LS,2011,false,0.1429,0,0
NShelbyRd(pink)_SHB_12.11.2025_LS,2012,false,0.0843,0,0
NShelbyRd(pink)_SHB_12.11.2025_LS,2013,false,0.0,0,0
NShelbyRd(pink)_SHB_12.11.2025_LS,2014,false,0.0,0,0
NShelbyRd(pink)_SHB_12.11.2025_LS,2015,false,0.0,0,0
NShelbyRd(pink)_SHB_12.11.2025_LS,2016,false,0.0,0,0
NShelbyRd(pink)_SHB_12.11.2025_LS,2017,false,0.0,0,0
NShelbyRd(pink)_SHB_12.11.2025_LS,2018,false,0.0,0,0
NShelbyRd(pink)_SHB_12.11.2025_LS,2019,false,0.0,0,0
NShelbyRd(pink)_SHB_12.11.2025_LS,2020,false,0.0843,0,0
NShelbyRd(pink)_SHB_12.11.2025_LS,2021,false,0.0,0,0
NShelbyRd(pink)_SHB_12.11.2025_LS,2022,false,0.0,0,0
NShelbyRd(pink)_SHB_12.11.2025_LS,2023,false,0.0,0,0
NShelbyRd(pink)_SHB_12.11.2025_LS,2024,false,0.0,0,0
NShelbyRd(pink)_SHB_12.11.2025_LS,2025,false,0.0,0,0
NShelbyRd(pink)_SHB_12.11.2025_LS,2026,false,0.0,0,0
NShelbyRd(pink)_SHB_12.11.2025_LS,2027,false,0.0,0,0
NShelbyRd(pink)_SHB_12.11.2025_LS,2028,false,0.0,0,0
NShelbyRd(pink)_SHB_12.11.2025_LS,2029,false,0.0,0,0
NShelbyRd(pink)_SHB_12.11.2025_LS,2030,false,0.0,0,0
NShelbyRd(pink)_SHB_12.11.2025_LS,2031,false,0.0,0,0
NShelbyRd(pink)_SHB_12.11.2025_LS,2032,false,0.0,0,0
NShelbyRd(pink)_SHB_12.11.2025_LS,2033,false,0.0,0,0
NShelbyRd(pink)_SHB_12.11.2025_LS,2034,false,0.0,0,0
NShelbyRd(pink)_SHB_12.11.2025_LS,2035,false,0.0,0,0
NShelbyRd(pink)_SHB_12.11.2025_LS,2036,false,0.0,0,0
NShelbyRd(pink)_SHB_12.11.2025_LS,2037,false,0.0843,0,0
NShelbyRd(pink)_SHB_12.11.2025_LS,2038,false,0.0,0,0
NShelbyRd(pink)_SHB_12.11.2025_LS,2039,false,0.0,0,0
NShelbyRd(pink)_SHB_12.11.2025_LS,2040,false,0.0,0,0
NShelbyRd(pink)_SHB_12.11.2025_LS,2041,false,0.0,0,0
NShelbyRd(pink)_SHB_12.11.2025_LS,2042,false,0.0,0,0
NShelbyRd(pink)_SHB_12.11.2025_LS,2043,false,0.0,0,0
NShelbyRd(pink)_SHB_12.11.2025_LS,2044,false,0.0,0,0
NShelbyRd(pink)_SHB_12.11.2025_LS,2045,false,0.0,0,0
NShelbyRd(pink)_SHB_12.11.2025_LS,2046,false,0.0,0,0
NShelbyRd(pink)_SHB_12.11.2025_LS,2047,false,0.0,0,0
NShelbyRd(pink)_SHB_12.11.2025_LS,2048,false,0.0,0,0
NShelbyRd(pink)_SHB_12.11.2025_LS,2049,false,0.0,0,0
NShelbyRd(pink)_SHB_12.11.2025_LS,2050,false,0.0,0,0
NShelbyRd(pink)_SHB_12.11.2025_LS,2051,false,0.0,0,0
NShelbyRd(pink)_SHB_12.11.2025_LS,2052,false,0.0,0,0
NShelbyRd(pink)_SHB_12.11.2025_LS,2053,false,0.0,0,0
NShelbyRd(pink)_SHB_12.11.2025_LS,2054,false,0.0843,0,0
NShelbyRd(pink)_SHB_12.11.2025_LS,2055,false,0.0,0,0
NShelbyRd(pink)_SHB_12.11.2025_LS,2056,false,0.0843,0,0
NShelbyRd(pink)_SHB_12.11.2025_LS,2057,false,0.0,0,0
NShelbyRd(pink)_SHB_12.11.2025_LS,2058,false,0.0,0,0
NShelbyRd(pink)_SHB_12.11.2025_LS,2059,false,0.0,0,0
NShelbyRd(pink)_SHB_12.11.2025_LS,2060,false,0.0,0,0
NShelbyRd(pink)_SHB_12.11.2025_LS,2061,false,0.0,0,0
NShelbyRd(pink)_SHB_12.11.2025_LS,2062,false,0.0,0,0
NShelbyRd(pink)_SHB_12.11.2025_LS,2063,false,0.0,0,0
NShelbyRd(pink)_SHB_12.11.2025_LS,2064,false,0.0,0,0
NShelbyRd(pink)_SHB_12.11.2025_LS,2065,false,0.0,0,0
NShelbyRd(pink)_SHB_12.11.2025_LS,2066,false,0.0,0,0
NShelbyRd(pink)_SHB_12.11.2025_LS,2067,false,0.0,0,0
NShelbyRd(pink)_SHB_12.11.2025_LS,2068,false,0.0,0,0
NShelbyRd(pink)_SHB_12.11.2025_LS,2069,false,0.0,0,0
NShelbyRd(pink)_SHB_12.11.2025_LS,2070,false,0.0,0,0
NShelbyRd(pink)_SHB_12.11.2025_LS,2071,duplicate,0.0,0,0
NShelbyRd(pink)_SHB_12.11.2025_LS,2072,false,0.0,0,0
NShelbyRd(pink)_SHB_12.11.2025_LS,2073,duplicate,0.0,0,0
NShelbyRd(pink)_SHB_12.11.2025_LS,2074,duplicate,0.0,0,0
NShelbyRd(pink)_SHB_12.11.2025_LS,2075,false,0.0,0,0
NShelbyRd(pink)_SHB_12.11.2025_LS,2076,false,0.0,0,0
NShelbyRd(pink)_SHB_12.11.2025_LS,2077,false,0.0,0,0
NShelbyRd(pink)_SHB_12.11.2025_LS,2078,false,0.0,0,0
NShelbyRd(pink)_SHB_12.11.2025_LS,2079,false,0.0,0,0
NShelbyRd(pink)_SHB_12.11.2025_LS,2080,false,0.0,0,0
NShelbyRd(pink)_SHB_12.11.2025_LS,2081,false,0.0,0,0
NShelbyRd(pink)_SHB_12.11.2025_LS,2082,false,0.0,0,0
NShelbyRd(pink)_SHB_12.11.2025_LS,2083,false,0.0,0,0
NShelbyRd(pink)_SHB_12.11.2025_LS,2084,false,0.0,0,0
NShelbyRd(pink)_SHB_12.11.2025_LS,2085,false,0.0,0,0
NShelbyRd(pink)_SHB_12.11.2025_LS,2086,false,0.0,0,0
NShelbyRd(pink)_SHB_12.11.2025_LS,2087,false,0.0,0,0
NShelbyRd(pink)_SHB_12.11.2025_LS,2088,false,0.0,0,0
NShelbyRd(pink)_SHB_12.11.2025_LS,2089,false,0.0,0,0
NShelbyRd(pink)_SHB_12.11.2025_LS,2090,false,0.0,0,0
NShelbyRd(pink)_SHB_12.11.2025_LS,2091,false,0.0,0,0
NShelbyRd(pink)_SHB_12.11.2025_LS,2092,false,0.0,0,0
NShelbyRd(pink)_SHB_12.11.2025_LS,2093,false,0.0,0,0
NShelbyRd(pink)_SHB_12.11.2025_LS,2094,false,0.0,0,0
NShelbyRd(pink)_SHB_12.11.2025_LS,2095,false,0.0,0,0
NShelbyRd(pink)_SHB_12.11.2025_LS,2096,false,0.0,0,0
NShelbyRd(pink)_SHB_12.11.2025_LS,2097,false,0.0,0,0
NShelbyRd(pink)_SHB_12.11.2025_LS,2098,false,0.0,0,0
NShelbyRd(pink)_SHB_12.11.2025_LS,2099,false,0.0,0,0
NShelbyRd(pink)_SHB_12.11.2025_LS,2100,false,0.0,0,0
NShelbyRd(pink)_SHB_12.11.2025_LS,2101,false,0.0,0,0
NShelbyRd(pink)_SHB_12.11.2025_LS,2102,false,0.0843,0,0
NShelbyRd(pink)_SHB_12.11.2025_LS,2103,false,0.0,0,0
NShelbyRd(pink)_SHB_12.11.2025_LS,2104,false,0.0843,0,0
NatureTrail_TON_12.03.25_LS,4253,false,0.0278,0,0
NatureTrail_TON_12.03.25_LS,4260,primary,0.7143,1,0
NatureTrail_TON_12.03.25_LS,4263,false,0.0278,0,0
NatureTrail_TON_12.03.25_LS,4270,primary,0.7143,1,0
NatureTrail_TON_12.03.25_LS,4275,false,0.0,0,0
NatureTrail_TON_12.03.25_LS,4279,primary,0.2727,1,0
NatureTrail_TON_12.03.25_LS,4310,duplicate,0.0,0,0
NatureTrail_TON_12.03.25_LS,4320,primary,0.4,1,0
NatureTrail_TON_12.03.25_LS,4324,duplicate,0.0,0,0
NatureTrail_TON_12.03.25_LS,4332,duplicate,0.0,0,0
NatureTrail_TON_12.03.25_LS,4333,false,0.0278,0,0
NatureTrail_TON_12.03.25_LS,4339,duplicate,0.0,0,0
NatureTrail_TON_12.03.25_LS,4348,duplicate,0.1429,0,0
NatureTrail_TON_12.03.25_LS,4350,duplicate,0.0843,0,0
NatureTrail_TON_12.03.25_LS,4375,duplicate,0.0843,0,0
NatureTrail_TON_12.03.25_LS,4378,false,0.0278,0,0
NatureTrail_TON_12.03.25_LS,4394,false,0.0843,0,0
NatureTrail_TON_12.03.25_LS,4397,primary,0.1429,0,0
NatureTrail_TON_12.03.25_LS,4403,duplicate,0.0843,0,0
NatureTrail_TON_12.03.25_LS,4410,false,0.0,0,0
NatureTrail_TON_12.03.25_LS,4469,false,0.0,0,0
NatureTrail_TON_12.03.25_LS,4473,false,0.0,0,0
NatureTrail_TON_12.03.25_LS,4504,primary,0.2727,1,0
NatureTrail_TON_12.03.25_LS,4514,duplicate,0.7143,1,0
NatureTrail_TON_12.03.25_LS,4519,primary,0.2727,1,0
NatureTrail_TON_12.03.25_LS,4523,false,0.0,0,0
NatureTrail_TON_12.03.25_LS,4538,primary,0.0278,0,0
NatureTrail_TON_12.03.25_LS,4557,false,0.0843,0,0
NatureTrail_TON_12.03.25_LS,4567,duplicate,0.0843,0,0
NatureTrail_TON_12.03.25_LS,4583,duplicate,0.2727,1,0
NatureTrail_TON_12.03.25_LS,4602,duplicate,0.0,0,0
NatureTrail_TON_12.03.25_LS,4609,duplicate,0.1429,0,0
NatureTrail_TON_12.03.25_LS,4667,duplicate,0.0843,0,0
NatureTrail_TON_12.03.25_LS,4669,duplicate,0.1429,0,0
NatureTrail_TON_12.03.25_LS,4696,false,0.0,0,0
NatureTrail_TON_12.03.25_LS,4714,false,0.0,0,0
NatureTrail_TON_12.03.25_LS,4724,false,0.0843,0,0
NatureTrail_TON_12.03.25_LS,4728,false,0.0,0,0
NatureTrail_TON_12.03.25_LS,4745,primary,0.0843,0,0
NatureTrail_TON_12.03.25_LS,4757,false,0.0843,0,0
NatureTrail_TON_12.03.25_LS,4767,false,0.0,0,0
NatureTrail_TON_12.03.25_LS,4770,false,0.0,0,0
NatureTrail_TON_12.03.25_LS,4773,false,0.0,0,0
NatureTrail_TON_12.03.25_LS,4777,false,0.0278,0,0
NatureTrail_TON_12.03.25_LS,5777,false,0.0,0,0
NatureTrail_TON_12.03.25_LS,5778,false,0.0,0,0
NatureTrail_TON_12.03.25_LS,5779,false,0.0,0,0
NatureTrail_TON_12.03.25_LS,5780,false,0.0,0,0
NatureTrail_TON_12.03.25_LS,5781,false,0.0,0,0
NatureTrail_TON_12.03.25_LS,5782,false,0.0,0,0
NatureTrail_TON_12.03.25_LS,5783,false,0.0,0,0
NatureTrail_TON_12.03.25_LS,5784,false,0.0,0,0
NatureTrail_TON_12.03.25_LS,5785,false,0.0,0,0
NatureTrail_TON_12.03.25_LS,5786,false,0.0,0,0
NatureTrail_TON_12.03.25_LS,5787,false,0.0278,0,0
NatureTrail_TON_12.03.25_LS,5788,false,0.0,0,0
NatureTrail_TON_12.03.25_LS,5789,false,0.0,0,0
NatureTrail_TON_12.03.25_LS,5790,false,0.0,0,0
NatureTrail_TON_12.03.25_LS,5791,false,0.0,0,0
NatureTrail_TON_12.03.25_LS,5792,false,0.0,0,0
NatureTrail_TON_12.03.25_LS,5793,false,0.0,0,0
NatureTrail_TON_12.03.25_LS,5794,false,0.0,0,0
NatureTrail_TON_12.03.25_LS,5795,false,0.0,0,0
NatureTrail_TON_12.03.25_LS,5796,false,0.0,0,0
NatureTrail_TON_12.03.25_LS,5797,false,0.0,0,0
NatureTrail_TON_12.03.25_LS,5798,false,0.0,0,0
NatureTrail_TON_12.03.25_LS,5799,false,0.0,0,0
NatureTrail_TON_12.03.25_LS,5800,false,0.0,0,0
NatureTrail_TON_12.03.25_LS,5801,false,0.0,0,0
NatureTrail_TON_12.03.25_LS,5802,false,0.0843,0,0
NatureTrail_TON_12.03.25_LS,5803,false,0.0,0,0
NatureTrail_TON_12.03.25_LS,5804,false,0.0,0,0
NatureTrail_TON_12.03.25_LS,5805,duplicate,0.0843,0,0
NatureTrail_TON_12.03.25_LS,5806,duplicate,0.0,0,0
NatureTrail_TON_12.03.25_LS,5807,duplicate,0.0,0,0
NatureTrail_TON_12.03.25_LS,5808,false,0.0,0,0
NatureTrail_TON_12.03.25_LS,5809,false,0.0,0,0
NatureTrail_TON_12.03.25_LS,5810,primary,0.0,0,0
NatureTrail_TON_12.03.25_LS,5811,false,0.0,0,0
NatureTrail_TON_12.03.25_LS,5812,false,0.0,0,0
NatureTrail_TON_12.03.25_LS,5813,false,0.0,0,0
NatureTrail_TON_12.03.25_LS,5814,false,0.0,0,0
NatureTrail_TON_12.03.25_LS,5815,false,0.0,0,0
NatureTrail_TON_12.03.25_LS,5816,false,0.0,0,0
NatureTrail_TON_12.03.25_LS,5817,false,0.0,0,0
NatureTrail_TON_12.03.25_LS,5818,false,0.0,0,0
NatureTrail_TON_12.03.25_LS,5819,false,0.0,0,0
NatureTrail_TON_12.03.25_LS,5820,false,0.0,0,0
NatureTrail_TON_12.03.25_LS,5821,false,0.0,0,0
NatureTrail_TON_12.03.25_LS,5822,false,0.0,0,0
NatureTrail_TON_12.03.25_LS,5823,primary,0.0843,0,0
NatureTrail_TON_12.03.25_LS,5824,false,0.0,0,0
NatureTrail_TON_12.03.25_LS,5825,false,0.0,0,0
NatureTrail_TON_12.03.25_LS,5826,false,0.0,0,0
NatureTrail_TON_12.03.25_LS,5827,false,0.0,0,0
NatureTrail_TON_12.03.25_LS,5828,false,0.0,0,0
NatureTrail_TON_12.03.25_LS,5829,false,0.0,0,0
NatureTrail_TON_12.03.25_LS,5830,false,0.0,0,0
NatureTrail_TON_12.03.25_LS,5831,false,0.0,0,0
NatureTrail_TON_12.03.25_LS,5832,false,0.0,0,0
NatureTrail_TON_12.03.25_LS,5833,false,0.0,0,0
NatureTrail_TON_12.03.25_LS,5834,false,0.0,0,0
NatureTrail_TON_12.03.25_LS,5835,false,0.0,0,0
NatureTrail_TON_12.03.25_LS,5836,false,0.0,0,0
NatureTrail_TON_12.03.25_LS,5837,false,0.0,0,0
NatureTrail_TON_12.03.25_LS,5838,false,0.0843,0,0
NatureTrail_TON_12.03.25_LS,5839,false,0.0,0,0
NatureTrail_TON_12.03.25_LS,5840,false,0.0,0,0
NatureTrail_TON_12.03.25_LS,5841,false,0.0,0,0
NatureTrail_TON_12.03.25_LS,5842,false,0.0,0,0
NatureTrail_TON_12.03.25_LS,5843,false,0.0,0,0
NatureTrail_TON_12.03.25_LS,5844,false,0.0,0,0
NatureTrail_TON_12.03.25_LS,5845,false,0.0,0,0
NatureTrail_TON_12.03.25_LS,5846,false,0.0,0,0
NatureTrail_TON_12.03.25_LS,5847,false,0.0,0,0
NatureTrail_TON_12.03.25_LS,5848,false,0.0,0,0
NatureTrail_TON_12.03.25_LS,5849,false,0.0,0,0
NatureTrail_TON_12.03.25_LS,5850,false,0.0,0,0
NatureTrail_TON_12.03.25_LS,5851,false,0.0843,0,0
NatureTrail_TON_12.03.25_LS,5852,false,0.0,0,0
NatureTrail_TON_12.03.25_LS,5853,false,0.0,0,0
NatureTrail_TON_12.03.25_LS,5854,false,0.0,0,0
NatureTrail_TON_12.03.25_LS,5855,false,0.0,0,0
NatureTrail_TON_12.03.25_LS,5856,duplicate,0.0,0,0
NatureTrail_TON_12.03.25_LS,5857,duplicate,0.0,0,0
NatureTrail_TON_12.03.25_LS,5858,false,0.0,0,0
NatureTrail_TON_12.03.25_LS,5859,false,0.0,0,0
NatureTrail_TON_12.03.25_LS,5860,false,0.0,0,0
NatureTrail_TON_12.03.25_LS,5861,false,0.0,0,0
NatureTrail_TON_12.03.25_LS,5862,false,0.0,0,0
NatureTrail_TON_12.03.25_LS,5863,false,0.0,0,0
NatureTrail_TON_12.03.25_LS,5864,false,0.0,0,0
NatureTrail_TON_12.03.25_LS,5865,duplicate,0.0843,0,0
NatureTrail_TON_12.03.25_LS,5866,duplicate,0.0843,0,0
NatureTrail_TON_12.03.25_LS,5867,false,0.0,0,0
NatureTrail_TON_12.03.25_LS,5868,false,0.0,0,0
NatureTrail_TON_12.03.25_LS,5869,false,0.0,0,0
NatureTrail_TON_12.03.25_LS,5870,false,0.0,0,0
NatureTrail_TON_12.03.25_LS,5871,false,0.0,0,0
NatureTrail_TON_12.03.25_LS,5872,false,0.0,0,0
NatureTrail_TON_12.03.25_LS,5873,false,0.0,0,0
NatureTrail_TON_12.03.25_LS,5874,false,0.0,0,0
NatureTrail_TON_12.03.25_LS,5875,false,0.0,0,0
NatureTrail_TON_12.03.25_LS,5876,false,0.0843,0,0
NatureTrail_TON_12.03.25_LS,5877,primary,0.0843,0,0
NatureTrail_TON_12.03.25_LS,5878,false,0.0,0,0
NatureTrail_TON_12.03.25_LS,5879,false,0.0,0,0
NatureTrail_TON_12.03.25_LS,5880,false,0.0,0,0
NatureTrail_TON_12.03.25_LS,5881,duplicate,0.0843,0,0
NatureTrail_TON_12.03.25_LS,5882,false,0.0,0,0
NatureTrail_TON_12.03.25_LS,5883,false,0.0,0,0
NatureTrail_TON_12.03.25_LS,5884,duplicate,0.0,0,0
NatureTrail_TON_12.03.25_LS,5885,duplicate,0.0,0,0
NatureTrail_TON_12.03.25_LS,5886,false,0.0,0,0
NatureTrail_TON_12.03.25_LS,5887,primary,0.0843,0,0
NatureTrail_TON_12.03.25_LS,5888,false,0.0,0,0
NatureTrail_TON_12.03.25_LS,5889,false,0.0,0,0
NatureTrail_TON_12.03.25_LS,5890,false,0.0,0,0
NatureTrail_TON_12.03.25_LS,5891,false,0.0,0,0
NatureTrail_TON_12.03.25_LS,5892,false,0.0,0,0
NatureTrail_TON_12.03.25_LS,5893,false,0.0,0,0
NatureTrail_TON_12.03.25_LS,5894,false,0.0,0,0
NatureTrail_TON_12.03.25_LS,5895,false,0.0,0,0
NatureTrail_TON_12.03.25_LS,5896,false,0.0,0,0
NatureTrail_TON_12.03.25_LS,5897,false,0.0,0,0
NatureTrail_TON_12.03.25_LS,5898,false,0.0,0,0
NatureTrail_TON_12.03.25_LS,5899,false,0.0,0,0
NatureTrail_TON_12.03.25_LS,5900,false,0.0,0,0
NatureTrail_TON_12.03.25_LS,5901,primary,0.0843,0,0
NatureTrail_TON_12.03.25_LS,5902,false,0.0,0,0
NatureTrail_TON_12.03.25_LS,5903,false,0.0,0,0
NatureTrail_TON_12.03.25_LS,5904,false,0.0,0,0
NatureTrail_TON_12.03.25_LS,5905,false,0.0,0,0
NatureTrail_TON_12.03.25_LS,5906,false,0.0,0,0
NatureTrail_TON_12.03.25_LS,5907,false,0.0,0,0
NatureTrail_TON_12.03.25_LS,5908,false,0.0,0,0
NatureTrail_TON_12.03.25_LS,5909,false,0.0,0,0
NatureTrail_TON_12.03.25_LS,5910,false,0.0,0,0
NatureTrail_TON_12.03.25_LS,5911,false,0.0,0,0
NatureTrail_TON_12.03.25_LS,5912,false,0.0,0,0
NatureTrail_TON_12.03.25_LS,5913,false,0.0,0,0
NatureTrail_TON_12.03.25_LS,5914,false,0.0,0,0
NatureTrail_TON_12.03.25_LS,5915,false,0.0,0,0
NatureTrail_TON_12.03.25_LS,5916,false,0.0,0,0
NatureTrail_TON_12.03.25_LS,5917,false,0.0,0,0
NatureTrail_TON_12.03.25_LS,5918,false,0.0,0,0
NatureTrail_TON_12.03.25_LS,5919,false,0.0,0,0
NatureTrail_TON_12.03.25_LS,5920,false,0.0,0,0
NatureTrail_TON_12.03.25_LS,5921,false,0.0,0,0
NatureTrail_TON_12.03.25_LS,5922,false,0.0,0,0
NatureTrail_TON_12.03.25_LS,5923,false,0.0,0,0
NatureTrail_TON_12.03.25_LS,5924,false,0.0,0,0
NatureTrail_TON_12.03.25_LS,5925,false,0.0,0,0
NatureTrail_TON_12.03.25_LS,5926,false,0.0,0,0
NatureTrail_TON_12.03.25_LS,5927,false,0.0,0,0
NatureTrail_TON_12.03.25_LS,5928,false,0.0,0,0
NatureTrail_TON_12.03.25_LS,5929,false,0.0,0,0
NatureTrail_TON_12.03.25_LS,5930,false,0.0,0,0
NatureTrail_TON_12.03.25_LS,5931,false,0.0,0,0
NatureTrail_TON_12.03.25_LS,5932,false,0.0,0,0
NatureTrail_TON_12.03.25_LS,5933,false,0.0,0,0
NatureTrail_TON_12.03.25_LS,5934,false,0.0,0,0
NatureTrail_TON_12.03.25_LS,5935,false,0.0,0,0
NatureTrail_TON_12.03.25_LS,5936,false,0.0,0,0
NatureTrail_TON_12.03.25_LS,5937,false,0.0,0,0
NatureTrail_TON_12.03.25_LS,5938,false,0.0,0,0
NatureTrail_TON_12.03.25_LS,5939,false,0.0,0,0
NatureTrail_TON_12.03.25_LS,5940,false,0.0,0,0
NatureTrail_TON_12.03.25_LS,5941,false,0.0,0,0
NatureTrail_TON_12.03.25_LS,5942,false,0.0,0,0
NatureTrail_TON_12.03.25_LS,5943,false,0.0,0,0
NatureTrail_TON_12.03.25_LS,5944,false,0.0843,0,0
NatureTrail_TON_12.03.25_LS,5945,false,0.0,0,0
NatureTrail_TON_12.03.25_LS,5946,false,0.0,0,0
NatureTrail_TON_12.03.25_LS,5947,false,0.0,0,0
NatureTrail_TON_12.03.25_LS,5948,false,0.0,0,0
NatureTrail_TON_12.03.25_LS,5949,false,0.0,0,0
NatureTrail_TON_12.03.25_LS,5950,duplicate,0.0843,0,0
NatureTrail_TON_12.03.25_LS,5951,false,0.0,0,0
NatureTrail_TON_12.03.25_LS,5952,false,0.0,0,0
NatureTrail_TON_12.03.25_LS,5953,false,0.0,0,0
NatureTrail_TON_12.03.25_LS,5954,false,0.0,0,0
NatureTrail_TON_12.03.25_LS,5955,false,0.0,0,0
NatureTrail_TON_12.03.25_LS,5956,false,0.0,0,0
NatureTrail_TON_12.03.25_LS,5957,false,0.0,0,0
NatureTrail_TON_12.03.25_LS,5958,false,0.0,0,0
NatureTrail_TON_12.03.25_LS,5959,false,0.0,0,0
NatureTrail_TON_12.03.25_LS,5960,false,0.0,0,0
NatureTrail_TON_12.03.25_LS,5961,false,0.0,0,0
NatureTrail_TON_12.03.25_LS,5962,false,0.0,0,0
NatureTrail_TON_12.03.25_LS,5963,false,0.0843,0,0
NatureTrail_TON_12.03.25_LS,5964,false,0.0,0,0
NatureTrail_TON_12.03.25_LS,5965,false,0.0,0,0
NatureTrail_TON_12.03.25_LS,5966,false,0.0,0,0
NatureTrail_TON_12.03.25_LS,5967,false,0.0,0,0
NatureTrail_TON_12.03.25_LS,5968,false,0.0,0,0
NatureTrail_TON_12.03.25_LS,5969,false,0.0,0,0
NatureTrail_TON_12.03.25_LS,5970,false,0.0,0,0
NatureTrail_TON_12.03.25_LS,5971,false,0.0,0,0
NatureTrail_TON_12.03.25_LS,5972,false,0.0,0,0
NatureTrail_TON_12.03.25_LS,5973,false,0.0,0,0
NatureTrail_TON_12.03.25_LS,5974,false,0.0,0,0
NatureTrail_TON_12.03.25_LS,5975,false,0.0,0,0
NMarseilles_MAS_12.22.25_LS_V2,792,primary,0.5,1,0
NMarseilles_MAS_12.22.25_LS_V2,806,false,0.0,0,0
NMarseilles_MAS_12.22.25_LS_V2,807,false,0.0,0,0
NMarseilles_MAS_12.22.25_LS_V2,823,duplicate,0.0,0,0
NMarseilles_MAS_12.22.25_LS_V2,826,duplicate,0.0,0,0
NMarseilles_MAS_12.22.25_LS_V2,835,false,0.0556,0,0
NMarseilles_MAS_12.22.25_LS_V2,842,false,0.0,0,0
NMarseilles_MAS_12.22.25_LS_V2,1842,false,0.0,0,0
NMarseilles_MAS_12.22.25_LS_V2,1843,false,0.129,0,0
NMarseilles_MAS_12.22.25_LS_V2,1844,false,0.0,0,0
NMarseilles_MAS_12.22.25_LS_V2,1845,false,0.0,0,0
NMarseilles_MAS_12.22.25_LS_V2,1846,false,0.0,0,0
NMarseilles_MAS_12.22.25_LS_V2,1847,false,0.0,0,0
NMarseilles_MAS_12.22.25_LS_V2,1848,false,0.0,0,0
NMarseilles_MAS_12.22.25_LS_V2,1849,false,0.0,0,0
NMarseilles_MAS_12.22.25_LS_V2,1850,false,0.0,0,0
NMarseilles_MAS_12.22.25_LS_V2,1851,false,0.0,0,0
NMarseilles_MAS_12.22.25_LS_V2,1852,false,0.0,0,0
NMarseilles_MAS_12.22.25_LS_V2,1853,false,0.0,0,0
NMarseilles_MAS_12.22.25_LS_V2,1854,false,0.0,0,0
NMarseilles_MAS_12.22.25_LS_V2,1855,false,0.0,0,0
NMarseilles_MAS_12.22.25_LS_V2,1856,false,0.0,0,0
NMarseilles_MAS_12.22.25_LS_V2,1857,false,0.0,0,0
NMarseilles_MAS_12.22.25_LS_V2,1858,false,0.0,0,0
NMarseilles_MAS_12.22.25_LS_V2,1859,false,0.0,0,0
NMarseilles_MAS_12.22.25_LS_V2,1860,primary,0.0,0,0
NMarseilles_MAS_12.22.25_LS_V2,1861,duplicate,0.0,0,0
NMarseilles_MAS_12.22.25_LS_V2,1862,false,0.0,0,0
NMarseilles_MAS_12.22.25_LS_V2,1863,false,0.0,0,0
NMarseilles_MAS_12.22.25_LS_V2,1864,false,0.0,0,0
NMarseilles_MAS_12.22.25_LS_V2,1865,false,0.0,0,0
NMarseilles_MAS_12.22.25_LS_V2,1866,duplicate,0.0,0,0
NMarseilles_MAS_12.22.25_LS_V2,1867,duplicate,0.0,0,0
NMarseilles_MAS_12.22.25_LS_V2,1868,duplicate,0.0,0,0
NMarseilles_MAS_12.22.25_LS_V2,1869,false,0.0,0,0
NMarseilles_MAS_12.22.25_LS_V2,1870,false,0.0,0,0
NMarseilles_MAS_12.22.25_LS_V2,1871,false,0.0,0,0
NMarseilles_MAS_12.22.25_LS_V2,1872,false,0.0,0,0
NMarseilles_MAS_12.22.25_LS_V2,1873,false,0.0,0,0
NMarseilles_MAS_12.22.25_LS_V2,1874,false,0.0,0,0
NMarseilles_MAS_12.22.25_LS_V2,1875,false,0.0,0,0
NMarseilles_MAS_12.22.25_LS_V2,1876,false,0.0556,0,0
NMarseilles_MAS_12.22.25_LS_V2,1877,false,0.0,0,0
NMarseilles_MAS_12.22.25_LS_V2,1878,false,0.0,0,0
NMarseilles_MAS_12.22.25_LS_V2,1879,false,0.0,0,0
NMarseilles_MAS_12.22.25_LS_V2,1880,false,0.0,0,0
NMarseilles_MAS_12.22.25_LS_V2,1881,false,0.0,0,0
NMarseilles_MAS_12.22.25_LS_V2,1882,false,0.0556,0,0
NMarseilles_MAS_12.22.25_LS_V2,1883,false,0.0,0,0
NMarseilles_MAS_12.22.25_LS_V2,1884,false,0.0,0,0
NMarseilles_MAS_12.22.25_LS_V2,1885,false,0.0,0,0
NMarseilles_MAS_12.22.25_LS_V2,1886,false,0.0,0,0
NMarseilles_MAS_12.22.25_LS_V2,1887,false,0.0,0,0
NMarseilles_MAS_12.22.25_LS_V2,1888,primary,0.0,0,0
NMarseilles_MAS_12.22.25_LS_V2,1889,false,0.0,0,0
NMarseilles_MAS_12.22.25_LS_V2,1890,false,0.0189,0,0
NMarseilles_MAS_12.22.25_LS_V2,1891,false,0.0,0,0
NMarseilles_MAS_12.22.25_LS_V2,1892,false,0.0,0,0
NMarseilles_MAS_12.22.25_LS_V2,1893,false,0.0,0,0
NMarseilles_MAS_12.22.25_LS_V2,1894,false,0.0,0,0
NMarseilles_MAS_12.22.25_LS_V2,1895,false,0.0,0,0
NMarseilles_MAS_12.22.25_LS_V2,1896,false,0.0,0,0
Upper40_TON_12.03.25_LS,4448,false,0.0,0,0
Upper40_TON_12.03.25_LS,4498,false,0.0189,0,0
Upper40_TON_12.03.25_LS,4503,false,0.0,0,0
Upper40_TON_12.03.25_LS,4521,false,0.0556,0,0
Upper40_TON_12.03.25_LS,4522,false,0.3333,1,0
Upper40_TON_12.03.25_LS,4525,false,0.0,0,0
Upper40_TON_12.03.25_LS,4570,false,0.0,0,0
Upper40_TON_12.03.25_LS,4598,false,0.0189,0,0
Upper40_TON_12.03.25_LS,4616,false,0.129,0,0
Upper40_TON_12.03.25_LS,4624,false,0.0,0,0
Upper40_TON_12.03.25_LS,4630,false,0.0,0,0
Upper40_TON_12.03.25_LS,4640,duplicate,0.0556,0,0
Upper40_TON_12.03.25_LS,4655,primary,0.129,0,0
Upper40_TON_12.03.25_LS,4676,duplicate,0.0556,0,0
Upper40_TON_12.03.25_LS,4683,false,0.0,0,0
Upper40_TON_12.03.25_LS,5683,false,0.0,0,0
Upper40_TON_12.03.25_LS,5684,false,0.0,0,0
Upper40_TON_12.03.25_LS,5685,false,0.0,0,0
Upper40_TON_12.03.25_LS,5686,false,0.0,0,0
Upper40_TON_12.03.25_LS,5687,false,0.0,0,0
Upper40_TON_12.03.25_LS,5688,false,0.0,0,0
Upper40_TON_12.03.25_LS,5689,false,0.0,0,0
Upper40_TON_12.03.25_LS,5690,false,0.0,0,0
Upper40_TON_12.03.25_LS,5691,false,0.0,0,0
Upper40_TON_12.03.25_LS,5692,false,0.0,0,0
Upper40_TON_12.03.25_LS,5693,false,0.0,0,0
Upper40_TON_12.03.25_LS,5694,false,0.0,0,0
Upper40_TON_12.03.25_LS,5695,false,0.0,0,0
Upper40_TON_12.03.25_LS,5696,false,0.0,0,0
Upper40_TON_12.03.25_LS,5697,false,0.0,0,0
Upper40_TON_12.03.25_LS,5698,false,0.0,0,0
Upper40_TON_12.03.25_LS,5699,false,0.0189,0,0
Upper40_TON_12.03.25_LS,5700,false,0.0,0,0
Upper40_TON_12.03.25_LS,5701,false,0.0,0,0
Upper40_TON_12.03.25_LS,5702,false,0.0,0,0
Upper40_TON_12.03.25_LS,5703,false,0.0,0,0
Upper40_TON_12.03.25_LS,5704,false,0.0,0,0
Upper40_TON_12.03.25_LS,5705,false,0.0,0,0
Upper40_TON_12.03.25_LS,5706,false,0.0,0,0
Upper40_TON_12.03.25_LS,5707,false,0.0,0,0
Upper40_TON_12.03.25_LS,5708,false,0.0189,0,0
Upper40_TON_12.03.25_LS,5709,false,0.0,0,0
Upper40_TON_12.03.25_LS,5710,false,0.0,0,0
Upper40_TON_12.03.25_LS,5711,false,0.129,0,0
Upper40_TON_12.03.25_LS,5712,false,0.0556,0,0
Upper40_TON_12.03.25_LS,5713,false,0.0,0,0
Upper40_TON_12.03.25_LS,5714,false,0.0189,0,0
Upper40_TON_12.03.25_LS,5715,false,0.0,0,0
Upper40_TON_12.03.25_LS,5716,false,0.0,0,0
Upper40_TON_12.03.25_LS,5717,false,0.0,0,0
Upper40_TON_12.03.25_LS,5718,false,0.0,0,0
Upper40_TON_12.03.25_LS,5719,false,0.0189,0,0
Upper40_TON_12.03.25_LS,5720,false,0.0,0,0
Upper40_TON_12.03.25_LS,5721,false,0.0,0,0
Upper40_TON_12.03.25_LS,5722,false,0.0,0,0
Upper40_TON_12.03.25_LS,5723,false,0.0,0,0
Upper40_TON_12.03.25_LS,5724,false,0.0,0,0
Upper40_TON_12.03.25_LS,5725,false,0.0189,0,0
Upper40_TON_12.03.25_LS,5726,false,0.0,0,0
Upper40_TON_12.03.25_LS,5727,false,0.0,0,0
Upper40_TON_12.03.25_LS,5728,false,0.0,0,0
Upper40_TON_12.03.25_LS,5729,false,0.129,0,0
Upper40_TON_12.03.25_LS,5730,false,0.0,0,0
Upper40_TON_12.03.25_LS,5731,false,0.0,0,0
Upper40_TON_12.03.25_LS,5732,false,0.0,0,0
Upper40_TON_12.03.25_LS,5733,false,0.0,0,0
Upper40_TON_12.03.25_LS,5734,false,0.0,0,0
Upper40_TON_12.03.25_LS,5735,false,0.0,0,0
Upper40_TON_12.03.25_LS,5736,false,0.0,0,0
Upper40_TON_12.03.25_LS,5737,false,0.0,0,0
Upper40_TON_12.03.25_LS,5738,false,0.0,0,0
Upper40_TON_12.03.25_LS,5739,false,0.0,0,0
Upper40_TON_12.03.25_LS,5740,false,0.0,0,0
Upper40_TON_12.03.25_LS,5741,false,0.0,0,0
Upper40_TON_12.03.25_LS,5742,false,0.0,0,0
Upper40_TON_12.03.25_LS,5743,false,0.0,0,0
Upper40_TON_12.03.25_LS,5744,false,0.129,0,0
Upper40_TON_12.03.25_LS,5745,false,0.0556,0,0
Upper40_TON_12.03.25_LS,5746,false,0.0,0,0
Upper40_TON_12.03.25_LS,5747,false,0.0,0,0
Upper40_TON_12.03.25_LS,5748,false,0.0189,0,0
Upper40_TON_12.03.25_LS,5749,false,0.0,0,0
Upper40_TON_12.03.25_LS,5750,false,0.0,0,0
Upper40_TON_12.03.25_LS,5751,false,0.129,0,0
Upper40_TON_12.03.25_LS,5752,false,0.0,0,0
Upper40_TON_12.03.25_LS,5753,false,0.0,0,0
Upper40_TON_12.03.25_LS,5754,false,0.0,0,0
Upper40_TON_12.03.25_LS,5755,false,0.0,0,0
Upper40_TON_12.03.25_LS,5756,false,0.0,0,0
Upper40_TON_12.03.25_LS,5757,false,0.0,0,0
Upper40_TON_12.03.25_LS,5758,false,0.0,0,0
Upper40_TON_12.03.25_LS,5759,false,0.0,0,0
Upper40_TON_12.03.25_LS,5760,false,0.0,0,0
Upper40_TON_12.03.25_LS,5761,false,0.0,0,0
Upper40_TON_12.03.25_LS,5762,false,0.0,0,0
Upper40_TON_12.03.25_LS,5763,false,0.0,0,0
Upper40_TON_12.03.25_LS,5764,false,0.0,0,0
Upper40_TON_12.03.25_LS,5765,false,0.0,0,0
Upper40_TON_12.03.25_LS,5766,false,0.0,0,0
Upper40_TON_12.03.25_LS,5767,false,0.0,0,0
Upper40_TON_12.03.25_LS,5768,duplicate,0.129,0,0
Upper40_TON_12.03.25_LS,5769,false,0.0,0,0
Upper40_TON_12.03.25_LS,5770,false,0.0,0,0
UpperRichland_SHW_01.18.2026_LS,5159,false,0.0,0,0
UpperRichland_SHW_01.18.2026_LS,5176,false,0.0189,0,0
UpperRichland_SHW_01.18.2026_LS,5182,false,0.0556,0,0
UpperRichland_SHW_01.18.2026_LS,5188,false,0.0,0,0
UpperRichland_SHW_01.18.2026_LS,5194,false,0.5,1,0
UpperRichland_SHW_01.18.2026_LS,5278,false,0.0,0,0
UpperRichland_SHW_01.18.2026_LS,5286,false,0.0,0,0
UpperRichland_SHW_01.18.2026_LS,5291,false,0.0,0,0
UpperRichland_SHW_01.18.2026_LS,5310,false,0.0,0,0
UpperRichland_SHW_01.18.2026_LS,5323,false,0.0,0,0
UpperRichland_SHW_01.18.2026_LS,5332,false,0.0,0,0
UpperRichland_SHW_01.18.2026_LS,5397,false,0.0,0,0
UpperRichland_SHW_01.18.2026_LS,5400,false,0.0556,0,0
UpperRichland_SHW_01.18.2026_LS,5407,false,0.0556,0,0
UpperRichland_SHW_01.18.2026_LS,5433,false,0.0,0,0
UpperRichland_SHW_01.18.2026_LS,5436,false,0.0,0,0
UpperRichland_SHW_01.18.2026_LS,6436,false,0.0,0,0
UpperRichland_SHW_01.18.2026_LS,6437,false,0.0,0,0
UpperRichland_SHW_01.18.2026_LS,6438,false,0.0,0,0
UpperRichland_SHW_01.18.2026_LS,6439,false,0.0,0,0
UpperRichland_SHW_01.18.2026_LS,6440,false,0.0,0,0
UpperRichland_SHW_01.18.2026_LS,6441,false,0.0,0,0
UpperRichland_SHW_01.18.2026_LS,6442,false,0.0,0,0
UpperRichland_SHW_01.18.2026_LS,6443,false,0.0,0,0
UpperRichland_SHW_01.18.2026_LS,6444,false,0.0,0,0
UpperRichland_SHW_01.18.2026_LS,6445,false,0.0,0,0
UpperRichland_SHW_01.18.2026_LS,6446,false,0.0,0,0
UpperRichland_SHW_01.18.2026_LS,6447,false,0.0,0,0
UpperRichland_SHW_01.18.2026_LS,6448,false,0.0,0,0
UpperRichland_SHW_01.18.2026_LS,6449,false,0.0,0,0
UpperRichland_SHW_01.18.2026_LS,6450,false,0.0,0,0
UpperRichland_SHW_01.18.2026_LS,6451,false,0.0,0,0
UpperRichland_SHW_01.18.2026_LS,6452,false,0.0,0,0
UpperRichland_SHW_01.18.2026_LS,6453,false,0.0,0,0
UpperRichland_SHW_01.18.2026_LS,6454,false,0.0,0,0
UpperRichland_SHW_01.18.2026_LS,6455,false,0.0,0,0
UpperRichland_SHW_01.18.2026_LS,6456,false,0.0,0,0
UpperRichland_SHW_01.18.2026_LS,6457,false,0.0,0,0
UpperRichland_SHW_01.18.2026_LS,6458,false,0.0,0,0
UpperRichland_SHW_01.18.2026_LS,6459,false,0.0,0,0
UpperRichland_SHW_01.18.2026_LS,6460,false,0.0,0,0
UpperRichland_SHW_01.18.2026_LS,6461,false,0.0,0,0
UpperRichland_SHW_01.18.2026_LS,6462,false,0.0,0,0
UpperRichland_SHW_01.18.2026_LS,6463,false,0.0,0,0
UpperRichland_SHW_01.18.2026_LS,6464,false,0.0,0,0
UpperRichland_SHW_01.18.2026_LS,6465,false,0.0,0,0
UpperRichland_SHW_01.18.2026_LS,6466,false,0.0,0,0
UpperRichland_SHW_01.18.2026_LS,6467,false,0.0,0,0
UpperRichland_SHW_01.18.2026_LS,6468,false,0.0,0,0
UpperRichland_SHW_01.18.2026_LS,6469,false,0.0,0,0
UpperRichland_SHW_01.18.2026_LS,6470,false,0.0,0,0
UpperRichland_SHW_01.18.2026_LS,6471,false,0.0,0,0
UpperRichland_SHW_01.18.2026_LS,6472,false,0.0,0,0
UpperRichland_SHW_01.18.2026_LS,6473,false,0.0,0,0
UpperRichland_SHW_01.18.2026_LS,6474,false,0.0,0,0
UpperRichland_SHW_01.18.2026_LS,6475,false,0.0,0,0
UpperRichland_SHW_01.18.2026_LS,6476,false,0.0,0,0
UpperRichland_SHW_01.18.2026_LS,6477,false,0.0,0,0
UpperRichland_SHW_01.18.2026_LS,6478,false,0.0,0,0
UpperRichland_SHW_01.18.2026_LS,6479,false,0.0,0,0
UpperRichland_SHW_01.18.2026_LS,6480,false,0.0,0,0
UpperRichland_SHW_01.18.2026_LS,6481,false,0.0,0,0
UpperRichland_SHW_01.18.2026_LS,6482,false,0.0,0,0
UpperRichland_SHW_01.18.2026_LS,6483,false,0.0,0,0
UpperRichland_SHW_01.18.2026_LS,6484,false,0.0,0,0
UpperRichland_SHW_01.18.2026_LS,6485,false,0.0,0,0
UpperRichland_SHW_01.18.2026_LS,6486,false,0.0,0,0
UpperRichland_SHW_01.18.2026_LS,6487,false,0.0,0,0
UpperRichland_SHW_01.18.2026_LS,6488,false,0.0,0,0
UpperRichland_SHW_01.18.2026_LS,6489,false,0.0,0,0
UpperRichland_SHW_01.18.2026_LS,6490,false,0.0,0,0
UpperRichland_SHW_01.18.2026_LS,6491,false,0.0,0,0
UpperRichland_SHW_01.18.2026_LS,6492,false,0.0,0,0
UpperRichland_SHW_01.18.2026_LS,6493,false,0.0,0,0
UpperRichland_SHW_01.18.2026_LS,6494,false,0.0,0,0
UpperRichland_SHW_01.18.2026_LS,6495,false,0.0,0,0
UpperRichland_SHW_01.18.2026_LS,6496,false,0.0,0,0
UpperRichland_SHW_01.18.2026_LS,6497,false,0.0,0,0
UpperRichland_SHW_01.18.2026_LS,6498,false,0.0,0,0
UpperRichland_SHW_01.18.2026_LS,6499,false,0.0,0,0
UpperRichland_SHW_01.18.2026_LS,6500,false,0.0,0,0
UpperRichland_SHW_01.18.2026_LS,6501,false,0.0,0,0
UpperRichland_SHW_01.18.2026_LS,6502,false,0.0,0,0
UpperRichland_SHW_01.18.2026_LS,6503,false,0.0,0,0
UpperRichland_SHW_01.18.2026_LS,6504,false,0.0,0,0
UpperRichland_SHW_01.18.2026_LS,6505,false,0.0,0,0
UpperRichland_SHW_01.18.2026_LS,6506,false,0.0,0,0
UpperRichland_SHW_01.18.2026_LS,6507,false,0.0,0,0
UpperRichland_SHW_01.18.2026_LS,6508,false,0.0,0,0
UpperRichland_SHW_01.18.2026_LS,6509,false,0.0,0,0
UpperRichland_SHW_01.18.2026_LS,6510,false,0.0,0,0
UpperRichland_SHW_01.18.2026_LS,6511,false,0.0,0,0
UpperRichland_SHW_01.18.2026_LS,6512,false,0.0,0,0
UpperRichland_SHW_01.18.2026_LS,6513,false,0.0,0,0
UpperRichland_SHW_01.18.2026_LS,6514,false,0.129,0,0
UpperRichland_SHW_01.18.2026_LS,6515,false,0.0,0,0
UpperRichland_SHW_01.18.2026_LS,6516,false,0.0,0,0
UpperRichland_SHW_01.18.2026_LS,6517,false,0.0,0,0
UpperRichland_SHW_01.18.2026_LS,6518,false,0.0,0,0
UpperRichland_SHW_01.18.2026_LS,6519,false,0.0,0,0
UpperRichland_SHW_01.18.2026_LS,6520,false,0.0,0,0
UpperRichland_SHW_01.18.2026_LS,6521,false,0.0,0,0
UpperRichland_SHW_01.18.2026_LS,6522,false,0.0,0,0
UpperRichland_SHW_01.18.2026_LS,6523,false,0.0,0,0
UpperRichland_SHW_01.18.2026_LS,6524,false,0.0,0,0
UpperRichland_SHW_01.18.2026_LS,6525,false,0.0,0,0
UpperRichland_SHW_01.18.2026_LS,6526,false,0.0,0,0
UpperRichland_SHW_01.18.2026_LS,6527,false,0.0,0,0
UpperRichland_SHW_01.18.2026_LS,6528,false,0.0,0,0
UpperRichland_SHW_01.18.2026_LS,6529,false,0.0,0,0
UpperRichland_SHW_01.18.2026_LS,6530,false,0.0,0,0
UpperRichland_SHW_01.18.2026_LS,6531,false,0.0,0,0
UpperRichland_SHW_01.18.2026_LS,6532,false,0.0,0,0
UpperRichland_SHW_01.18.2026_LS,6533,false,0.0,0,0
UpperRichland_SHW_01.18.2026_LS,6534,false,0.0,0,0
UpperRichland_SHW_01.18.2026_LS,6535,false,0.0,0,0
UpperRichland_SHW_01.18.2026_LS,6536,false,0.0,0,0
UpperRichland_SHW_01.18.2026_LS,6537,false,0.0,0,0
UpperRichland_SHW_01.18.2026_LS,6538,false,0.0,0,0
UpperRichland_SHW_01.18.2026_LS,6539,false,0.0,0,0
UpperRichland_SHW_01.18.2026_LS,6540,false,0.0,0,0
UpperRichland_SHW_01.18.2026_LS,6541,false,0.0,0,0
UpperRichland_SHW_01.18.2026_LS,6542,false,0.0,0,0
UpperRichland_SHW_01.18.2026_LS,6543,false,0.0,0,0
UpperRichland_SHW_01.18.2026_LS,6544,false,0.0,0,0
UpperRichland_SHW_01.18.2026_LS,6545,false,0.0189,0,0
UpperRichland_SHW_01.18.2026_LS,6546,false,0.0,0,0
UpperRichland_SHW_01.18.2026_LS,6547,false,0.0,0,0
UpperRichland_SHW_01.18.2026_LS,6548,false,0.0,0,0
UpperRichland_SHW_01.18.2026_LS,6549,false,0.0,0,0
UpperRichland_SHW_01.18.2026_LS,6550,false,0.0189,0,0
UpperRichland_SHW_01.18.2026_LS,6551,false,0.0,0,0
UpperRichland_SHW_01.18.2026_LS,6552,false,0.0,0,0
UpperRichland_SHW_01.18.2026_LS,6553,false,0.0,0,0
UpperRichland_SHW_01.18.2026_LS,6554,false,0.0,0,0
UpperRichland_SHW_01.18.2026_LS,6555,false,0.0,0,0
UpperRichland_SHW_01.18.2026_LS,6556,false,0.0,0,0
UpperRichland_SHW_01.18.2026_LS,6557,false,0.0,0,0
UpperRichland_SHW_01.18.2026_LS,6558,false,0.0,0,0
UpperRichland_SHW_01.18.2026_LS,6559,false,0.0,0,0
UpperRichland_SHW_01.18.2026_LS,6560,false,0.0,0,0
UpperRichland_SHW_01.18.2026_LS,6561,false,0.0,0,0
UpperRichland_SHW_01.18.2026_LS,6562,false,0.0,0,0
UpperRichland_SHW_01.18.2026_LS,6563,false,0.0,0,0
UpperRichland_SHW_01.18.2026_LS,6564,false,0.0,0,0
UpperRichland_SHW_01.18.2026_LS,6565,false,0.0,0,0
UpperRichland_SHW_01.18.2026_LS,6566,false,0.0,0,0
UpperRichland_SHW_01.18.2026_LS,6567,false,0.0,0,0
UpperRichland_SHW_01.18.2026_LS,6568,false,0.0,0,0
UpperRichland_SHW_01.18.2026_LS,6569,false,0.0,0,0
UpperRichland_SHW_01.18.2026_LS,6570,false,0.0,0,0
UpperRichland_SHW_01.18.2026_LS,6571,false,0.0,0,0
UpperRichland_SHW_01.18.2026_LS,6572,false,0.0,0,0
UpperRichland_SHW_01.18.2026_LS,6573,false,0.0,0,0
UpperRichland_SHW_01.18.2026_LS,6574,false,0.0,0,0
UpperRichland_SHW_01.18.2026_LS,6575,false,0.0,0,0
UpperRichland_SHW_01.18.2026_LS,6576,false,0.0,0,0
UpperRichland_SHW_01.18.2026_LS,6577,false,0.0,0,0
UpperRichland_SHW_01.18.2026_LS,6578,false,0.0,0,0
UpperRichland_SHW_01.18.2026_LS,6579,false,0.0,0,0
UpperRichland_SHW_01.18.2026_LS,6580,false,0.0,0,0
UpperRichland_SHW_01.18.2026_LS,6581,false,0.0,0,0
UpperRichland_SHW_01.18.2026_LS,6582,false,0.0,0,0
UpperRichland_SHW_01.18.2026_LS,6583,false,0.0,0,0
UpperRichland_SHW_01.18.2026_LS,6584,false,0.0,0,0
UpperRichland_SHW_01.18.2026_LS,6585,false,0.0,0,0
UpperRichland_SHW_01.18.2026_LS,6586,false,0.0,0,0
UpperRichland_SHW_01.18.2026_LS,6587,false,0.0,0,0
UpperRichland_SHW_01.18.2026_LS,6588,false,0.0,0,0
UpperRichland_SHW_01.18.2026_LS,6589,false,0.0,0,0
UpperRichland_SHW_01.18.2026_LS,6590,false,0.0,0,0
UpperRichland_SHW_01.18.2026_LS,6591,false,0.0,0,0
UpperRichland_SHW_01.18.2026_LS,6592,false,0.0,0,0
UpperRichland_SHW_01.18.2026_LS,6593,false,0.0,0,0
UpperRichland_SHW_01.18.2026_LS,6594,false,0.0,0,0
UpperRichland_SHW_01.18.2026_LS,6595,false,0.0,0,0
UpperRichland_SHW_01.18.2026_LS,6596,false,0.0,0,0
UpperRichland_SHW_01.18.2026_LS,6597,false,0.0,0,0
UpperRichland_SHW_01.18.2026_LS,6598,false,0.0,0,0
UpperRichland_SHW_01.18.2026_LS,6599,false,0.0,0,0
UpperRichland_SHW_01.18.2026_LS,6600,false,0.0,0,0
UpperRichland_SHW_01.18.2026_LS,6601,false,0.0,0,0
UpperRichland_SHW_01.18.2026_LS,6602,false,0.0,0,0
UpperRichland_SHW_01.18.2026_LS,6603,false,0.0,0,0
UpperRichland_SHW_01.18.2026_LS,6604,false,0.0,0,0
UpperRichland_SHW_01.18.2026_LS,6605,false,0.0,0,0
UpperRichland_SHW_01.18.2026_LS,6606,false,0.0,0,0
UpperRichland_SHW_01.18.2026_LS,6607,false,0.0,0,0
UpperRichland_SHW_01.18.2026_LS,6608,false,0.0,0,0
UpperRichland_SHW_01.18.2026_LS,6609,false,0.0,0,0
UpperRichland_SHW_01.18.2026_LS,6610,false,0.0,0,0
UpperRichland_SHW_01.18.2026_LS,6611,false,0.0,0,0
UpperRichland_SHW_01.18.2026_LS,6612,false,0.0,0,0
UpperRichland_SHW_01.18.2026_LS,6613,false,0.0,0,0
UpperRichland_SHW_01.18.2026_LS,6614,false,0.0,0,0
UpperRichland_SHW_01.18.2026_LS,6615,false,0.0,0,0
UpperRichland_SHW_01.18.2026_LS,6616,false,0.0,0,0
UpperRichland_SHW_01.18.2026_LS,6617,false,0.0,0,0
UpperRichland_SHW_01.18.2026_LS,6618,false,0.0,0,0
UpperRichland_SHW_01.18.2026_LS,6619,false,0.0,0,0
UpperRichland_SHW_01.18.2026_LS,6620,false,0.0,0,0
UpperRichland_SHW_01.18.2026_LS,6621,false,0.0,0,0
UpperRichland_SHW_01.18.2026_LS,6622,false,0.0,0,0
UpperRichland_SHW_01.18.2026_LS,6623,false,0.0,0,0
UpperRichland_SHW_01.18.2026_LS,6624,false,0.0,0,0
UpperRichland_SHW_01.18.2026_LS,6625,false,0.0,0,0
UpperRichland_SHW_01.18.2026_LS,6626,false,0.0,0,0
UpperRichland_SHW_01.18.2026_LS,6627,false,0.0,0,0
UpperRichland_SHW_01.18.2026_LS,6628,false,0.0,0,0
UpperRichland_SHW_01.18.2026_LS,6629,false,0.0,0,0
UpperRichland_SHW_01.18.2026_LS,6630,false,0.0,0,0
UpperRichland_SHW_01.18.2026_LS,6631,false,0.0,0,0
UpperRichland_SHW_01.18.2026_LS,6632,false,0.0,0,0
UpperRichland_SHW_01.18.2026_LS,6633,false,0.0,0,0
UpperRichland_SHW_01.18.2026_LS,6634,false,0.0,0,0
UpperRichland_SHW_01.18.2026_LS,6635,false,0.0,0,0
UpperRichland_SHW_01.18.2026_LS,6636,false,0.0,0,0
UpperRichland_SHW_01.18.2026_LS,6637,false,0.0,0,0
UpperRichland_SHW_01.18.2026_LS,6638,false,0.0,0,0
UpperRichland_SHW_01.18.2026_LS,6639,false,0.0189,0,0
UpperRichland_SHW_01.18.2026_LS,6640,false,0.0,0,0
UpperRichland_SHW_01.18.2026_LS,6641,false,0.0,0,0
UpperRichland_SHW_01.18.2026_LS,6642,false,0.0,0,0
UpperRichland_SHW_01.18.2026_LS,6643,false,0.0,0,0
UpperRichland_SHW_01.18.2026_LS,6644,false,0.0,0,0
UpperRichland_SHW_01.18.2026_LS,6645,false,0.0,0,0
UpperRichland_SHW_01.18.2026_LS,6646,false,0.0,0,0
UpperRichland_SHW_01.18.2026_LS,6647,false,0.0,0,0
UpperRichland_SHW_01.18.2026_LS,6648,false,0.0,0,0
UpperRichland_SHW_01.18.2026_LS,6649,false,0.0,0,0
UpperRichland_SHW_01.18.2026_LS,6650,false,0.0,0,0
UpperRichland_SHW_01.18.2026_LS,6651,false,0.0,0,0
WhoopieCatDam_SHW_01.18.2026_LS,2235,duplicate,0.8571,1,0
WhoopieCatDam_SHW_01.18.2026_LS,2250,primary,0.88,1,0
WhoopieCatDam_SHW_01.18.2026_LS,2267,duplicate,0.0,0,0
WhoopieCatDam_SHW_01.18.2026_LS,3267,false,0.0,0,0
WhoopieCatDam_SHW_01.18.2026_LS,3268,false,0.0189,0,0
WhoopieCatDam_SHW_01.18.2026_LS,3269,false,0.0,0,0
WhoopieCatDam_SHW_01.18.2026_LS,3270,false,0.0,0,0
WhoopieCatDam_SHW_01.18.2026_LS,3271,false,0.0,0,0
WhoopieCatDam_SHW_01.18.2026_LS,3272,false,0.0,0,0
WhoopieCatDam_SHW_01.18.2026_LS,3273,false,0.0,0,0
WhoopieCatDam_SHW_01.18.2026_LS,3274,false,0.0,0,0
WhoopieCatDam_SHW_01.18.2026_LS,3275,false,0.0,0,0
WhoopieCatDam_SHW_01.18.2026_LS,3276,false,0.0189,0,0
WhoopieCatDam_SHW_01.18.2026_LS,3277,false,0.0,0,0
WhoopieCatDam_SHW_01.18.2026_LS,3278,false,0.0,0,0
WhoopieCatDam_SHW_01.18.2026_LS,3279,false,0.0,0,0
WhoopieCatDam_SHW_01.18.2026_LS,3280,false,0.0,0,0
WhoopieCatDam_SHW_01.18.2026_LS,3281,false,0.0,0,0
WhoopieCatDam_SHW_01.18.2026_LS,3282,false,0.0,0,0
WhoopieCatDam_SHW_01.18.2026_LS,3283,false,0.0,0,0
WhoopieCatDam_SHW_01.18.2026_LS,3284,false,0.0,0,0
WhoopieCatDam_SHW_01.18.2026_LS,3285,false,0.0,0,0
WhoopieCatDam_SHW_01.18.2026_LS,3286,false,0.0,0,0
WhoopieCatDam_SHW_01.18.2026_LS,3287,false,0.0,0,0
WhoopieCatDam_SHW_01.18.2026_LS,3288,false,0.0,0,0
WhoopieCatDam_SHW_01.18.2026_LS,3289,false,0.0,0,0
WhoopieCatDam_SHW_01.18.2026_LS,3290,false,0.0,0,0
WhoopieCatDam_SHW_01.18.2026_LS,3291,false,0.0,0,0
WhoopieCatDam_SHW_01.18.2026_LS,3292,false,0.0,0,0
WhoopieCatDam_SHW_01.18.2026_LS,3293,false,0.0,0,0
WhoopieCatDam_SHW_01.18.2026_LS,3294,false,0.0,0,0
WhoopieCatDam_SHW_01.18.2026_LS,3295,false,0.0,0,0
WhoopieCatDam_SHW_01.18.2026_LS,3296,false,0.0,0,0
WhoopieCatDam_SHW_01.18.2026_LS,3297,false,0.0,0,0
WhoopieCatDam_SHW_01.18.2026_LS,3298,false,0.0,0,0
WhoopieCatDam_SHW_01.18.2026_LS,3299,false,0.0,0,0
WhoopieCatDam_SHW_01.18.2026_LS,3300,false,0.0,0,0
WhoopieCatDam_SHW_01.18.2026_LS,3301,false,0.0,0,0
WhoopieCatDam_SHW_01.18.2026_LS,3302,false,0.0,0,0
WhoopieCatDam_SHW_01.18.2026_LS,3303,false,0.0,0,0
WhoopieCatDam_SHW_01.18.2026_LS,3304,false,0.0,0,0
WhoopieCatDam_SHW_01.18.2026_LS,3305,false,0.0,0,0
WhoopieCatDam_SHW_01.18.2026_LS,3306,false,0.0,0,0
WhoopieCatDam_SHW_01.18.2026_LS,3307,false,0.0,0,0
WhoopieCatDam_SHW_01.18.2026_LS,3308,false,0.0,0,0
WhoopieCatDam_SHW_01.18.2026_LS,3309,false,0.0,0,0
WhoopieCatDam_SHW_01.18.2026_LS,3310,false,0.0,0,0
WhoopieCatDam_SHW_01.18.2026_LS,3311,false,0.0,0,0
WhoopieCatDam_SHW_01.18.2026_LS,3312,false,0.0556,0,0
WhoopieCatDam_SHW_01.18.2026_LS,3313,duplicate,0.0189,0,0
WhoopieCatDam_SHW_01.18.2026_LS,3314,duplicate,0.0556,0,0
WhoopieCatDam_SHW_01.18.2026_LS,3315,duplicate,0.0,0,0
WhoopieCatDam_SHW_01.18.2026_LS,3316,false,0.0,0,0
WhoopieCatDam_SHW_01.18.2026_LS,3317,false,0.0,0,0
WhoopieCatDam_SHW_01.18.2026_LS,3318,false,0.0,0,0
WhoopieCatDam_SHW_01.18.2026_LS,3319,false,0.0,0,0
WhoopieCatDam_SHW_01.18.2026_LS,3320,false,0.0,0,0
WhoopieCatDam_SHW_01.18.2026_LS,3321,false,0.0,0,0
WhoopieCatDam_SHW_01.18.2026_LS,3322,false,0.0,0,0
WhoopieCatDam_SHW_01.18.2026_LS,3323,false,0.0,0,0
WhoopieCatDam_SHW_01.18.2026_LS,3324,false,0.0,0,0
WhoopieCatDam_SHW_01.18.2026_LS,3325,false,0.0,0,0
WhoopieCatDam_SHW_01.18.2026_LS,3326,false,0.0,0,0
WhoopieCatDam_SHW_01.18.2026_LS,3327,false,0.0,0,0
WhoopieCatDam_SHW_01.18.2026_LS,3328,false,0.0,0,0
WhoopieCatDam_SHW_01.18.2026_LS,3329,false,0.0,0,0
WhoopieCatDam_SHW_01.18.2026_LS,3330,false,0.0,0,0
WhoopieCatDam_SHW_01.18.2026_LS,3331,false,0.0,0,0
WhoopieCatDam_SHW_01.18.2026_LS,3332,false,0.0,0,0
WhoopieCatDam_SHW_01.18.2026_LS,3333,false,0.0,0,0
WhoopieCatDam_SHW_01.18.2026_LS,3334,false,0.0,0,0
WhoopieCatDam_SHW_01.18.2026_LS,3335,false,0.0189,0,0
WhoopieCatDam_SHW_01.18.2026_LS,3336,false,0.0,0,0
WhoopieCatDam_SHW_01.18.2026_LS,3337,false,0.0,0,0
WhoopieCatDam_SHW_01.18.2026_LS,3338,false,0.0,0,0
WhoopieCatDam_SHW_01.18.2026_LS,3339,false,0.0,0,0
WhoopieCatDam_SHW_01.18.2026_LS,3340,false,0.0,0,0
WhoopieCatDam_SHW_01.18.2026_LS,3341,false,0.0,0,0
WhoopieCatDam_SHW_01.18.2026_LS,3342,false,0.0,0,0
WhoopieCatDam_SHW_01.18.2026_LS,3343,false,0.0,0,0
WhoopieCatDam_SHW_01.18.2026_LS,3344,false,0.0,0,0
WhoopieCatDam_SHW_01.18.2026_LS,3345,false,0.0,0,0
WhoopieCatDam_SHW_01.18.2026_LS,3346,false,0.0,0,0
WhoopieCatDam_SHW_01.18.2026_LS,3347,false,0.0,0,0
WhoopieCatDam_SHW_01.18.2026_LS,3348,false,0.0,0,0
WhoopieCatDam_SHW_01.18.2026_LS,3349,false,0.0,0,0
WhoopieCatDam_SHW_01.18.2026_LS,3350,false,0.0,0,0
WhoopieCatDam_SHW_01.18.2026_LS,3351,false,0.0,0,0
WhoopieCatDam_SHW_01.18.2026_LS,3352,false,0.0,0,0
WhoopieCatDam_SHW_01.18.2026_LS,3353,false,0.0,0,0
WhoopieCatDam_SHW_01.18.2026_LS,3354,false,0.0,0,0
WhoopieCatDam_SHW_01.18.2026_LS,3355,false,0.0,0,0
WhoopieCatDam_SHW_01.18.2026_LS,3356,false,0.0,0,0
WhoopieCatDam_SHW_01.18.2026_LS,3357,false,0.0,0,0
WhoopieCatDam_SHW_01.18.2026_LS,3358,false,0.0,0,0
N25thRdOrange_MAS_12.22.25_LS_V2,2732,false,0.0,0,0
N25thRdOrange_MAS_12.22.25_LS_V2,2734,false,0.0,0,0
N25thRdOrange_MAS_12.22.25_LS_V2,2747,false,0.0,0,0
N25thRdOrange_MAS_12.22.25_LS_V2,3747,false,0.0,0,0
N25thRdOrange_MAS_12.22.25_LS_V2,3748,false,0.0,0,0
N25thRdOrange_MAS_12.22.25_LS_V2,3749,false,0.0,0,0
N25thRdOrange_MAS_12.22.25_LS_V2,3750,false,0.0,0,0
N25thRdOrange_MAS_12.22.25_LS_V2,3751,false,0.0,0,0
N25thRdOrange_MAS_12.22.25_LS_V2,3752,false,0.0,0,0
N25thRdOrange_MAS_12.22.25_LS_V2,3753,false,0.0,0,0
N25thRdOrange_MAS_12.22.25_LS_V2,3754,false,0.0,0,0
N25thRdOrange_MAS_12.22.25_LS_V2,3755,false,0.0,0,0
N25thRdOrange_MAS_12.22.25_LS_V2,3756,false,0.0,0,0
N25thRdOrange_MAS_12.22.25_LS_V2,3757,false,0.0,0,0
N25thRdOrange_MAS_12.22.25_LS_V2,3758,false,0.0,0,0
N25thRdOrange_MAS_12.22.25_LS_V2,3759,false,0.0,0,0
N25thRdOrange_MAS_12.22.25_LS_V2,3760,false,0.0,0,0
N25thRdOrange_MAS_12.22.25_LS_V2,3761,false,0.0,0,0
N25thRdOrange_MAS_12.22.25_LS_V2,3762,false,0.0,0,0
N25thRdOrange_MAS_12.22.25_LS_V2,3763,false,0.0,0,0
N25thRdOrange_MAS_12.22.25_LS_V2,3764,false,0.0,0,0
N25thRdOrange_MAS_12.22.25_LS_V2,3765,false,0.0,0,0
N25thRdOrange_MAS_12.22.25_LS_V2,3766,false,0.0,0,0
N25thRdOrange_MAS_12.22.25_LS_V2,3767,false,0.0,0,0
N25thRdOrange_MAS_12.22.25_LS_V2,3768,false,0.0,0,0
N25thRdOrange_MAS_12.22.25_LS_V2,3769,false,0.0,0,0
N25thRdOrange_MAS_12.22.25_LS_V2,3770,false,0.0,0,0
N25thRdOrange_MAS_12.22.25_LS_V2,3771,false,0.0,0,0
N25thRdOrange_MAS_12.22.25_LS_V2,3772,false,0.0,0,0
N25thRdOrange_MAS_12.22.25_LS_V2,3773,false,0.0,0,0
N25thRdOrange_MAS_12.22.25_LS_V2,3774,false,0.0,0,0
N25thRdOrange_MAS_12.22.25_LS_V2,3775,false,0.0,0,0
N25thRdOrange_MAS_12.22.25_LS_V2,3776,false,0.0,0,0
N25thRdOrange_MAS_12.22.25_LS_V2,3777,false,0.0,0,0
N25thRdOrange_MAS_12.22.25_LS_V2,3778,false,0.0,0,0
N25thRdOrange_MAS_12.22.25_LS_V2,3779,false,0.0,0,0
N25thRdOrange_MAS_12.22.25_LS_V2,3780,false,0.16,0,0
N25thRdOrange_MAS_12.22.25_LS_V2,3781,false,0.0,0,0
N25thRdOrange_MAS_12.22.25_LS_V2,3782,false,0.16,0,0
N25thRdOrange_MAS_12.22.25_LS_V2,3783,false,0.0,0,0
N25thRdOrange_MAS_12.22.25_LS_V2,3784,false,0.0,0,0
N25thRdOrange_MAS_12.22.25_LS_V2,3785,false,0.0,0,0
N25thRdOrange_MAS_12.22.25_LS_V2,3786,false,0.0,0,0
N25thRdOrange_MAS_12.22.25_LS_V2,3787,false,0.0,0,0
N25thRdOrange_MAS_12.22.25_LS_V2,3788,false,0.0,0,0
NWolfCreek(blue)_SHB_12.11.2025,856,primary,0.4444,1,0
NWolfCreek(blue)_SHB_12.11.2025,865,false,0.0,0,0
NWolfCreek(blue)_SHB_12.11.2025,887,false,0.0,0,0
NWolfCreek(blue)_SHB_12.11.2025,891,primary,0.16,0,0
NWolfCreek(blue)_SHB_12.11.2025,897,primary,0.4444,1,0
NWolfCreek(blue)_SHB_12.11.2025,903,duplicate,0.16,0,0
NWolfCreek(blue)_SHB_12.11.2025,905,duplicate,0.0,0,0
NWolfCreek(blue)_SHB_12.11.2025,910,duplicate,0.0769,0,0
NWolfCreek(blue)_SHB_12.11.2025,919,primary,0.4444,1,0
NWolfCreek(blue)_SHB_12.11.2025,935,false,0.0,0,0
NWolfCreek(blue)_SHB_12.11.2025,957,false,0.0,0,0
NWolfCreek(blue)_SHB_12.11.2025,971,false,0.0,0,0
NWolfCreek(blue)_SHB_12.11.2025,991,primary,0.0769,0,0
NWolfCreek(blue)_SHB_12.11.2025,1076,duplicate,0.16,0,0
NWolfCreek(blue)_SHB_12.11.2025,1077,duplicate,0.16,0,0
NWolfCreek(blue)_SHB_12.11.2025,1080,primary,0.16,0,0
NWolfCreek(blue)_SHB_12.11.2025,1081,duplicate,0.0776,0,0
NWolfCreek(blue)_SHB_12.11.2025,1083,duplicate,0.16,0,0
NWolfCreek(blue)_SHB_12.11.2025,1089,primary,0.16,0,0
NWolfCreek(blue)_SHB_12.11.2025,1099,duplicate,0.0769,0,0
NWolfCreek(blue)_SHB_12.11.2025,1112,duplicate,0.0,0,0
NWolfCreek(blue)_SHB_12.11.2025,1120,duplicate,0.0769,0,0
NWolfCreek(blue)_SHB_12.11.2025,1132,duplicate,0.0,0,0
NWolfCreek(blue)_SHB_12.11.2025,1135,duplicate,0.0,0,0
NWolfCreek(blue)_SHB_12.11.2025,1155,duplicate,0.8333,1,0
NWolfCreek(blue)_SHB_12.11.2025,1170,primary,0.9333,1,0
NWolfCreek(blue)_SHB_12.11.2025,1172,primary,0.9333,1,0
NWolfCreek(blue)_SHB_12.11.2025,1173,duplicate,0.8,1,0
NWolfCreek(blue)_SHB_12.11.2025,1181,primary,0.9333,1,0
NWolfCreek(blue)_SHB_12.11.2025,1190,duplicate,0.16,0,0
NWolfCreek(blue)_SHB_12.11.2025,1221,duplicate,0.0,0,0
NWolfCreek(blue)_SHB_12.11.2025,1226,duplicate,0.16,0,0
NWolfCreek(blue)_SHB_12.11.2025,1228,duplicate,0.8333,1,0
NWolfCreek(blue)_SHB_12.11.2025,1264,primary,0.8333,1,0
NWolfCreek(blue)_SHB_12.11.2025,1281,duplicate,0.0,0,0
NWolfCreek(blue)_SHB_12.11.2025,1296,false,0.4444,1,0
NWolfCreek(blue)_SHB_12.11.2025,1302,false,0.4444,1,0
NWolfCreek(blue)_SHB_12.11.2025,1311,false,0.16,0,0
NWolfCreek(blue)_SHB_12.11.2025,1315,false,0.0,0,0
NWolfCreek(blue)_SHB_12.11.2025,1340,false,0.0,0,0
NWolfCreek(blue)_SHB_12.11.2025,1367,primary,0.4444,1,0
NWolfCreek(blue)_SHB_12.11.2025,1387,duplicate,0.4444,1,0
NWolfCreek(blue)_SHB_12.11.2025,1407,false,0.0,0,0
NWolfCreek(blue)_SHB_12.11.2025,1413,false,0.9333,1,0
NWolfCreek(blue)_SHB_12.11.2025,1431,false,0.0,0,0
NWolfCreek(blue)_SHB_12.11.2025,1434,false,0.0,0,0
NWolfCreek(blue)_SHB_12.11.2025,1439,false,0.0769,0,0
NWolfCreek(blue)_SHB_12.11.2025,1445,false,0.0,0,0
NWolfCreek(blue)_SHB_12.11.2025,1458,false,0.0,0,0
NWolfCreek(blue)_SHB_12.11.2025,1475,false,0.0,0,0
NWolfCreek(blue)_SHB_12.11.2025,1526,false,0.0,0,0
NWolfCreek(blue)_SHB_12.11.2025,1527,false,0.0,0,0
NWolfCreek(blue)_SHB_12.11.2025,1544,false,0.0,0,0
NWolfCreek(blue)_SHB_12.11.2025,1567,false,0.0,0,0
NWolfCreek(blue)_SHB_12.11.2025,1573,false,0.0,0,0
NWolfCreek(blue)_SHB_12.11.2025,1607,false,0.0,0,0
NWolfCreek(blue)_SHB_12.11.2025,1610,duplicate,0.4444,1,0
NWolfCreek(blue)_SHB_12.11.2025,1619,primary,0.9333,1,0
NWolfCreek(blue)_SHB_12.11.2025,1622,duplicate,0.0,0,0
NWolfCreek(blue)_SHB_12.11.2025,1623,primary,0.9333,1,0
NWolfCreek(blue)_SHB_12.11.2025,1624,false,0.0,0,0
NWolfCreek(blue)_SHB_12.11.2025,1626,false,0.0,0,0
NWolfCreek(blue)_SHB_12.11.2025,1633,false,0.0,0,0
NWolfCreek(blue)_SHB_12.11.2025,1634,duplicate,0.0,0,0
NWolfCreek(blue)_SHB_12.11.2025,1643,duplicate,0.0,0,0
NWolfCreek(blue)_SHB_12.11.2025,1653,duplicate,0.4444,1,0
NWolfCreek(blue)_SHB_12.11.2025,1657,duplicate,0.0769,0,0
NWolfCreek(blue)_SHB_12.11.2025,1684,duplicate,0.0769,0,0
NWolfCreek(blue)_SHB_12.11.2025,1697,duplicate,0.4444,1,0
NWolfCreek(blue)_SHB_12.11.2025,1702,primary,0.4444,1,0
NWolfCreek(blue)_SHB_12.11.2025,1728,false,0.0,0,0
NWolfCreek(blue)_SHB_12.11.2025,1739,duplicate,0.0,0,0
NWolfCreek(blue)_SHB_12.11.2025,1743,false,0.0,0,0
NWolfCreek(blue)_SHB_12.11.2025,1750,primary,0.4444,1,0
NWolfCreek(blue)_SHB_12.11.2025,1751,primary,0.4444,1,0
NWolfCreek(blue)_SHB_12.11.2025,1757,duplicate,0.0,0,0
NWolfCreek(blue)_SHB_12.11.2025,1760,primary,0.16,0,0
NWolfCreek(blue)_SHB_12.11.2025,1795,duplicate,0.4444,1,0
NWolfCreek(blue)_SHB_12.11.2025,1797,duplicate,0.0,0,0
NWolfCreek(blue)_SHB_12.11.2025,1807,false,0.0769,0,0
NWolfCreek(blue)_SHB_12.11.2025,1808,false,0.0,0,0
NWolfCreek(blue)_SHB_12.11.2025,1820,false,0.16,0,0
NWolfCreek(blue)_SHB_12.11.2025,1841,false,0.0769,0,0
NWolfCreek(blue)_SHB_12.11.2025,1883,false,0.0,0,0
NWolfCreek(blue)_SHB_12.11.2025,1887,false,0.0,0,0
NWolfCreek(blue)_SHB_12.11.2025,1900,false,0.0,0,0
NWolfCreek(blue)_SHB_12.11.2025,1904,false,0.0,0,0
NWolfCreek(blue)_SHB_12.11.2025,1905,false,0.0,0,0
NWolfCreek(blue)_SHB_12.11.2025,1936,false,0.0,0,0
NWolfCreek(blue)_SHB_12.11.2025,1939,false,0.0,0,0
NWolfCreek(blue)_SHB_12.11.2025,1957,false,0.0,0,0
NWolfCreek(blue)_SHB_12.11.2025,1985,false,0.0769,0,0
NWolfCreek(blue)_SHB_12.11.2025,1995,false,0.0769,0,0
NWolfCreek(blue)_SHB_12.11.2025,2090,false,0.16,0,0
NWolfCreek(blue)_SHB_12.11.2025,2207,false,0.0,0,0
NWolfCreek(blue)_SHB_12.11.2025,2235,false,0.16,0,0
NWolfCreek(blue)_SHB_12.11.2025,2289,false,0.16,0,0
NWolfCreek(blue)_SHB_12.11.2025,2548,false,0.0,0,0
NWolfCreek(blue)_SHB_12.11.2025,2597,false,0.16,0,0
NWolfCreek(blue)_SHB_12.11.2025,2927,false,0.0,0,0
NWolfCreek(blue)_SHB_12.11.2025,3045,false,0.0,0,0
NWolfCreek(blue)_SHB_12.11.2025,3082,false,0.16,0,0
NWolfCreek(blue)_SHB_12.11.2025,3114,false,0.0,0,0
NWolfCreek(blue)_SHB_12.11.2025,3126,false,0.0,0,0
NWolfCreek(blue)_SHB_12.11.2025,3183,false,0.0,0,0
NWolfCreek(blue)_SHB_12.11.2025,3197,false,0.0769,0,0
NWolfCreek(blue)_SHB_12.11.2025,3198,false,0.4444,1,0
NWolfCreek(blue)_SHB_12.11.2025,3203,false,0.0769,0,0
NWolfCreek(blue)_SHB_12.11.2025,3205,false,0.16,0,0
NWolfCreek(blue)_SHB_12.11.2025,3207,primary,0.8333,1,0
NWolfCreek(blue)_SHB_12.11.2025,3210,false,0.0,0,0
NWolfCreek(blue)_SHB_12.11.2025,3217,false,0.0769,0,0
NWolfCreek(blue)_SHB_12.11.2025,3218,false,0.0,0,0
NWolfCreek(blue)_SHB_12.11.2025,3220,false,0.16,0,0
NWolfCreek(blue)_SHB_12.11.2025,3229,false,0.0769,0,0
NWolfCreek(blue)_SHB_12.11.2025,3239,false,0.0769,0,0
NWolfCreek(blue)_SHB_12.11.2025,3249,false,0.0,0,0
NWolfCreek(blue)_SHB_12.11.2025,3253,primary,0.0769,0,0
NWolfCreek(blue)_SHB_12.11.2025,3257,false,0.0,0,0
NWolfCreek(blue)_SHB_12.11.2025,3259,primary,0.16,0,0
NWolfCreek(blue)_SHB_12.11.2025,3263,duplicate,0.0769,0,0
NWolfCreek(blue)_SHB_12.11.2025,3275,primary,0.0769,0,0
NWolfCreek(blue)_SHB_12.11.2025,3279,false,0.0,0,0
NWolfCreek(blue)_SHB_12.11.2025,3284,primary,0.0769,0,0
NWolfCreek(blue)_SHB_12.11.2025,3289,false,0.0,0,0
NWolfCreek(blue)_SHB_12.11.2025,3296,duplicate,0.0769,0,0
NWolfCreek(blue)_SHB_12.11.2025,3343,false,0.0,0,0
NWolfCreek(blue)_SHB_12.11.2025,3347,false,0.0769,0,0
NWolfCreek(blue)_SHB_12.11.2025,3381,false,0.0,0,0
NWolfCreek(blue)_SHB_12.11.2025,3404,false,0.0,0,0
NWolfCreek(blue)_SHB_12.11.2025,3407,false,0.0,0,0
NWolfCreek(blue)_SHB_12.11.2025,3417,false,0.0,0,0
NWolfCreek(blue)_SHB_12.11.2025,3432,false,0.4444,1,0
NWolfCreek(blue)_SHB_12.11.2025,3477,false,0.0,0,0
NWolfCreek(blue)_SHB_12.11.2025,3496,false,0.16,0,0
NWolfCreek(blue)_SHB_12.11.2025,3533,false,0.0,0,0
NWolfCreek(blue)_SHB_12.11.2025,3543,false,0.0,0,0
NWolfCreek(blue)_SHB_12.11.2025,3565,false,0.16,0,0
NWolfCreek(blue)_SHB_12.11.2025,3580,false,0.0,0,0
NWolfCreek(blue)_SHB_12.11.2025,3604,false,0.0,0,0
NWolfCreek(blue)_SHB_12.11.2025,3620,false,0.0,0,0
NWolfCreek(blue)_SHB_12.11.2025,3625,false,0.0,0,0
NWolfCreek(blue)_SHB_12.11.2025,3628,false,0.0,0,0
NWolfCreek(blue)_SHB_12.11.2025,3631,false,0.0769,0,0
NWolfCreek(blue)_SHB_12.11.2025,3635,false,0.0,0,0
NWolfCreek(blue)_SHB_12.11.2025,3640,false,0.0,0,0
NWolfCreek(blue)_SHB_12.11.2025,3645,false,0.0,0,0
NWolfCreek(blue)_SHB_12.11.2025,3664,false,0.0,0,0
NWolfCreek(blue)_SHB_12.11.2025,3705,false,0.0,0,0
NWolfCreek(blue)_SHB_12.11.2025,3711,false,0.0,0,0
NWolfCreek(blue)_SHB_12.11.2025,3758,false,0.0,0,0
NWolfCreek(blue)_SHB_12.11.2025,3769,false,0.16,0,0
NWolfCreek(blue)_SHB_12.11.2025,3773,primary,0.4444,1,0
NWolfCreek(blue)_SHB_12.11.2025,3788,primary,0.0,0,0
NWolfCreek(blue)_SHB_12.11.2025,3803,duplicate,0.0,0,0
NWolfCreek(blue)_SHB_12.11.2025,3830,false,0.0,0,0
NWolfCreek(blue)_SHB_12.11.2025,3836,false,0.0,0,0
NWolfCreek(blue)_SHB_12.11.2025,3837,false,0.0,0,0
NWolfCreek(blue)_SHB_12.11.2025,3873,false,0.0769,0,0
NWolfCreek(blue)_SHB_12.11.2025,3874,false,0.0769,0,0
NWolfCreek(blue)_SHB_12.11.2025,3888,false,0.0769,0,0
NWolfCreek(blue)_SHB_12.11.2025,3904,false,0.0,0,0
NWolfCreek(blue)_SHB_12.11.2025,3911,false,0.0,0,0
NWolfCreek(blue)_SHB_12.11.2025,3928,false,0.0769,0,0
NWolfCreek(blue)_SHB_12.11.2025,3930,false,0.0,0,0
NWolfCreek(blue)_SHB_12.11.2025,3932,false,0.0769,0,0
NWolfCreek(blue)_SHB_12.11.2025,3937,false,0.0769,0,0
NWolfCreek(blue)_SHB_12.11.2025,3980,primary,0.4444,1,0
NWolfCreek(blue)_SHB_12.11.2025,4030,false,0.0,0,0
NWolfCreek(blue)_SHB_12.11.2025,4032,false,0.0,0,0
NWolfCreek(blue)_SHB_12.11.2025,4039,false,0.0769,0,0
NWolfCreek(blue)_SHB_12.11.2025,4051,false,0.0,0,0
NWolfCreek(blue)_SHB_12.11.2025,4053,false,0.0,0,0
NWolfCreek(blue)_SHB_12.11.2025,4066,false,0.0,0,0
NWolfCreek(blue)_SHB_12.11.2025,4079,false,0.0769,0,0
NWolfCreek(blue)_SHB_12.11.2025,4098,false,0.0769,0,0
NWolfCreek(blue)_SHB_12.11.2025,5098,false,0.0,0,0
NWolfCreek(blue)_SHB_12.11.2025,5099,false,0.0,0,0
NWolfCreek(blue)_SHB_12.11.2025,5100,false,0.0,0,0
NWolfCreek(blue)_SHB_12.11.2025,5101,false,0.0,0,0
NWolfCreek(blue)_SHB_12.11.2025,5102,false,0.0,0,0
NWolfCreek(blue)_SHB_12.11.2025,5103,false,0.0,0,0
NWolfCreek(blue)_SHB_12.11.2025,5104,false,0.0,0,0
NWolfCreek(blue)_SHB_12.11.2025,5105,duplicate,0.0,0,0
NWolfCreek(blue)_SHB_12.11.2025,5106,false,0.0,0,0
NWolfCreek(blue)_SHB_12.11.2025,5107,false,0.0,0,0
NWolfCreek(blue)_SHB_12.11.2025,5108,false,0.0,0,0
NWolfCreek(blue)_SHB_12.11.2025,5109,false,0.0,0,0
NWolfCreek(blue)_SHB_12.11.2025,5110,false,0.0,0,0
NWolfCreek(blue)_SHB_12.11.2025,5111,false,0.0,0,0
NWolfCreek(blue)_SHB_12.11.2025,5112,false,0.0,0,0
NWolfCreek(blue)_SHB_12.11.2025,5113,false,0.0,0,0
NWolfCreek(blue)_SHB_12.11.2025,5114,false,0.0,0,0
NWolfCreek(blue)_SHB_12.11.2025,5115,false,0.0,0,0
NWolfCreek(blue)_SHB_12.11.2025,5116,false,0.0,0,0
NWolfCreek(blue)_SHB_12.11.2025,5117,false,0.0,0,0
NWolfCreek(blue)_SHB_12.11.2025,5118,false,0.0,0,0
NWolfCreek(blue)_SHB_12.11.2025,5119,false,0.0,0,0
NWolfCreek(blue)_SHB_12.11.2025,5120,false,0.0,0,0
NWolfCreek(blue)_SHB_12.11.2025,5121,false,0.0,0,0
NWolfCreek(blue)_SHB_12.11.2025,5122,false,0.0,0,0
NWolfCreek(blue)_SHB_12.11.2025,5123,false,0.0,0,0
NWolfCreek(blue)_SHB_12.11.2025,5124,false,0.0,0,0
NWolfCreek(blue)_SHB_12.11.2025,5125,false,0.0,0,0
NWolfCreek(blue)_SHB_12.11.2025,5126,false,0.0,0,0
NWolfCreek(blue)_SHB_12.11.2025,5127,false,0.0,0,0
NWolfCreek(blue)_SHB_12.11.2025,5128,false,0.0,0,0
NWolfCreek(blue)_SHB_12.11.2025,5129,false,0.0,0,0
NWolfCreek(blue)_SHB_12.11.2025,5130,false,0.0,0,0
NWolfCreek(blue)_SHB_12.11.2025,5131,false,0.0,0,0
NWolfCreek(blue)_SHB_12.11.2025,5132,false,0.0,0,0
NWolfCreek(blue)_SHB_12.11.2025,5133,false,0.0,0,0
NWolfCreek(blue)_SHB_12.11.2025,5134,primary,0.0769,0,0
NWolfCreek(blue)_SHB_12.11.2025,5135,false,0.0,0,0
NWolfCreek(blue)_SHB_12.11.2025,5136,false,0.0,0,0
NWolfCreek(blue)_SHB_12.11.2025,5137,false,0.0,0,0
NWolfCreek(blue)_SHB_12.11.2025,5138,false,0.0769,0,0
NWolfCreek(blue)_SHB_12.11.2025,5139,false,0.0,0,0
NWolfCreek(blue)_SHB_12.11.2025,5140,false,0.0,0,0
NWolfCreek(blue)_SHB_12.11.2025,5141,false,0.0,0,0
NWolfCreek(blue)_SHB_12.11.2025,5142,false,0.0,0,0
NWolfCreek(blue)_SHB_12.11.2025,5143,false,0.0,0,0
NWolfCreek(blue)_SHB_12.11.2025,5144,false,0.0,0,0
NWolfCreek(blue)_SHB_12.11.2025,5145,false,0.0,0,0
NWolfCreek(blue)_SHB_12.11.2025,5146,false,0.0,0,0
NWolfCreek(blue)_SHB_12.11.2025,5147,false,0.0,0,0
NWolfCreek(blue)_SHB_12.11.2025,5148,false,0.0,0,0
NWolfCreek(blue)_SHB_12.11.2025,5149,false,0.0,0,0
NWolfCreek(blue)_SHB_12.11.2025,5150,false,0.0,0,0
NWolfCreek(blue)_SHB_12.11.2025,5151,false,0.0,0,0
NWolfCreek(blue)_SHB_12.11.2025,5152,false,0.0,0,0
NWolfCreek(blue)_SHB_12.11.2025,5153,false,0.0,0,0
NWolfCreek(blue)_SHB_12.11.2025,5154,false,0.0,0,0
NWolfCreek(blue)_SHB_12.11.2025,5155,false,0.0,0,0
NWolfCreek(blue)_SHB_12.11.2025,5156,false,0.0,0,0
NWolfCreek(blue)_SHB_12.11.2025,5157,false,0.0,0,0
NWolfCreek(blue)_SHB_12.11.2025,5158,false,0.0,0,0
NWolfCreek(blue)_SHB_12.11.2025,5159,false,0.0,0,0
NWolfCreek(blue)_SHB_12.11.2025,5160,false,0.0,0,0
NWolfCreek(blue)_SHB_12.11.2025,5161,false,0.0,0,0
NWolfCreek(blue)_SHB_12.11.2025,5162,false,0.0,0,0
NWolfCreek(blue)_SHB_12.11.2025,5163,false,0.0,0,0
NWolfCreek(blue)_SHB_12.11.2025,5164,false,0.0,0,0
NWolfCreek(blue)_SHB_12.11.2025,5165,false,0.0,0,0
NWolfCreek(blue)_SHB_12.11.2025,5166,false,0.0,0,0
NWolfCreek(blue)_SHB_12.11.2025,5167,false,0.0,0,0
NWolfCreek(blue)_SHB_12.11.2025,5168,false,0.0,0,0
NWolfCreek(blue)_SHB_12.11.2025,5169,false,0.0,0,0
NWolfCreek(blue)_SHB_12.11.2025,5170,false,0.0,0,0
NWolfCreek(blue)_SHB_12.11.2025,5171,false,0.0,0,0
NWolfCreek(blue)_SHB_12.11.2025,5172,false,0.0,0,0
NWolfCreek(blue)_SHB_12.11.2025,5173,false,0.0,0,0
NWolfCreek(blue)_SHB_12.11.2025,5174,false,0.0,0,0
NWolfCreek(blue)_SHB_12.11.2025,5175,false,0.0,0,0
NWolfCreek(blue)_SHB_12.11.2025,5176,false,0.0,0,0
NWolfCreek(blue)_SHB_12.11.2025,5177,false,0.0,0,0
NWolfCreek(blue)_SHB_12.11.2025,5178,false,0.0,0,0
NWolfCreek(blue)_SHB_12.11.2025,5179,false,0.0,0,0
NWolfCreek(blue)_SHB_12.11.2025,5180,false,0.0,0,0
NWolfCreek(blue)_SHB_12.11.2025,5181,false,0.0,0,0
NWolfCreek(blue)_SHB_12.11.2025,5182,false,0.0,0,0
NWolfCreek(blue)_SHB_12.11.2025,5183,false,0.0,0,0
NWolfCreek(blue)_SHB_12.11.2025,5184,false,0.0,0,0
NWolfCreek(blue)_SHB_12.11.2025,5185,false,0.0,0,0
NWolfCreek(blue)_SHB_12.11.2025,5186,false,0.0,0,0
NWolfCreek(blue)_SHB_12.11.2025,5187,false,0.0,0,0
NWolfCreek(blue)_SHB_12.11.2025,5188,false,0.0,0,0
NWolfCreek(blue)_SHB_12.11.2025,5189,false,0.0,0,0
NWolfCreek(blue)_SHB_12.11.2025,5190,false,0.0,0,0
NWolfCreek(blue)_SHB_12.11.2025,5191,false,0.0,0,0
NWolfCreek(blue)_SHB_12.11.2025,5192,false,0.0,0,0
NWolfCreek(blue)_SHB_12.11.2025,5193,false,0.0,0,0
NWolfCreek(blue)_SHB_12.11.2025,5194,false,0.0,0,0
NWolfCreek(blue)_SHB_12.11.2025,5195,false,0.0,0,0
NWolfCreek(blue)_SHB_12.11.2025,5196,false,0.0,0,0
NWolfCreek(blue)_SHB_12.11.2025,5197,false,0.0,0,0
NWolfCreek(blue)_SHB_12.11.2025,5198,false,0.0,0,0
NWolfCreek(blue)_SHB_12.11.2025,5199,false,0.0,0,0
NWolfCreek(blue)_SHB_12.11.2025,5200,false,0.0,0,0
NWolfCreek(blue)_SHB_12.11.2025,5201,false,0.0,0,0
NWolfCreek(blue)_SHB_12.11.2025,5202,false,0.0,0,0
NWolfCreek(blue)_SHB_12.11.2025,5203,false,0.0,0,0
NWolfCreek(blue)_SHB_12.11.2025,5204,false,0.0,0,0
NWolfCreek(blue)_SHB_12.11.2025,5205,false,0.0,0,0
NWolfCreek(blue)_SHB_12.11.2025,5206,false,0.0,0,0
NWolfCreek(blue)_SHB_12.11.2025,5207,false,0.0,0,0
NWolfCreek(blue)_SHB_12.11.2025,5208,false,0.0,0,0
NWolfCreek(blue)_SHB_12.11.2025,5209,false,0.0,0,0
NWolfCreek(blue)_SHB_12.11.2025,5210,false,0.0,0,0
NWolfCreek(blue)_SHB_12.11.2025,5211,false,0.0,0,0
NWolfCreek(blue)_SHB_12.11.2025,5212,false,0.0,0,0
NWolfCreek(blue)_SHB_12.11.2025,5213,false,0.0,0,0
NWolfCreek(blue)_SHB_12.11.2025,5214,false,0.0,0,0
NWolfCreek(blue)_SHB_12.11.2025,5215,false,0.0,0,0
NWolfCreek(blue)_SHB_12.11.2025,5216,false,0.0,0,0
NWolfCreek(blue)_SHB_12.11.2025,5217,duplicate,0.16,0,0
NWolfCreek(blue)_SHB_12.11.2025,5218,false,0.0,0,0
NWolfCreek(blue)_SHB_12.11.2025,5219,false,0.0,0,0
NWolfCreek(blue)_SHB_12.11.2025,5220,false,0.0,0,0
NWolfCreek(blue)_SHB_12.11.2025,5221,false,0.0,0,0
NWolfCreek(blue)_SHB_12.11.2025,5222,false,0.0,0,0
NWolfCreek(blue)_SHB_12.11.2025,5223,false,0.0,0,0
NWolfCreek(blue)_SHB_12.11.2025,5224,false,0.0,0,0
NWolfCreek(blue)_SHB_12.11.2025,5225,false,0.0,0,0
NWolfCreek(blue)_SHB_12.11.2025,5226,false,0.0,0,0
NWolfCreek(blue)_SHB_12.11.2025,5227,false,0.0,0,0
NWolfCreek(blue)_SHB_12.11.2025,5228,false,0.0,0,0
NWolfCreek(blue)_SHB_12.11.2025,5229,false,0.0,0,0
NWolfCreek(blue)_SHB_12.11.2025,5230,false,0.0,0,0
NWolfCreek(blue)_SHB_12.11.2025,5231,false,0.0,0,0
NWolfCreek(blue)_SHB_12.11.2025,5232,false,0.0,0,0
NWolfCreek(blue)_SHB_12.11.2025,5233,false,0.0,0,0
NWolfCreek(blue)_SHB_12.11.2025,5234,false,0.0,0,0
NWolfCreek(blue)_SHB_12.11.2025,5235,false,0.0,0,0
NWolfCreek(blue)_SHB_12.11.2025,5236,false,0.0,0,0
NWolfCreek(blue)_SHB_12.11.2025,5237,false,0.0,0,0
NWolfCreek(blue)_SHB_12.11.2025,5238,false,0.0,0,0
NWolfCreek(blue)_SHB_12.11.2025,5239,false,0.0,0,0
NWolfCreek(blue)_SHB_12.11.2025,5240,false,0.0,0,0
NWolfCreek(blue)_SHB_12.11.2025,5241,false,0.0,0,0
NWolfCreek(blue)_SHB_12.11.2025,5242,false,0.0,0,0
NWolfCreek(blue)_SHB_12.11.2025,5243,false,0.0,0,0
NWolfCreek(blue)_SHB_12.11.2025,5244,false,0.0,0,0
NWolfCreek(blue)_SHB_12.11.2025,5245,false,0.0,0,0
NWolfCreek(blue)_SHB_12.11.2025,5246,false,0.0,0,0
NWolfCreek(blue)_SHB_12.11.2025,5247,false,0.0,0,0
NWolfCreek(blue)_SHB_12.11.2025,5248,false,0.0,0,0
NWolfCreek(blue)_SHB_12.11.2025,5249,false,0.0,0,0
NWolfCreek(blue)_SHB_12.11.2025,5250,false,0.0,0,0
NWolfCreek(blue)_SHB_12.11.2025,5251,false,0.0,0,0
NWolfCreek(blue)_SHB_12.11.2025,5252,false,0.0,0,0
NWolfCreek(blue)_SHB_12.11.2025,5253,false,0.0,0,0
NWolfCreek(blue)_SHB_12.11.2025,5254,false,0.0,0,0
NWolfCreek(blue)_SHB_12.11.2025,5255,false,0.0,0,0
NWolfCreek(blue)_SHB_12.11.2025,5256,false,0.0,0,0
NWolfCreek(blue)_SHB_12.11.2025,5257,false,0.0,0,0
NWolfCreek(blue)_SHB_12.11.2025,5258,false,0.0,0,0
NWolfCreek(blue)_SHB_12.11.2025,5259,false,0.0,0,0
NWolfCreek(blue)_SHB_12.11.2025,5260,false,0.0,0,0
NWolfCreek(blue)_SHB_12.11.2025,5261,false,0.0,0,0
NWolfCreek(blue)_SHB_12.11.2025,5262,false,0.0,0,0
NWolfCreek(blue)_SHB_12.11.2025,5263,false,0.0,0,0
NWolfCreek(blue)_SHB_12.11.2025,5264,false,0.0,0,0
NWolfCreek(blue)_SHB_12.11.2025,5265,false,0.0,0,0
NWolfCreek(blue)_SHB_12.11.2025,5266,false,0.0,0,0
NWolfCreek(blue)_SHB_12.11.2025,5267,false,0.0,0,0
NWolfCreek(blue)_SHB_12.11.2025,5268,duplicate,0.16,0,0
NWolfCreek(blue)_SHB_12.11.2025,5269,false,0.0,0,0
NWolfCreek(blue)_SHB_12.11.2025,5270,false,0.0,0,0
NWolfCreek(blue)_SHB_12.11.2025,5271,duplicate,0.16,0,0
NWolfCreek(blue)_SHB_12.11.2025,5272,false,0.0,0,0
NWolfCreek(blue)_SHB_12.11.2025,5273,false,0.0,0,0
NWolfCreek(blue)_SHB_12.11.2025,5274,false,0.0,0,0
NWolfCreek(blue)_SHB_12.11.2025,5275,false,0.0,0,0
NWolfCreek(blue)_SHB_12.11.2025,5276,false,0.0,0,0
NWolfCreek(blue)_SHB_12.11.2025,5277,false,0.0,0,0
NWolfCreek(blue)_SHB_12.11.2025,5278,false,0.0,0,0
NWolfCreek(blue)_SHB_12.11.2025,5279,false,0.0,0,0
NWolfCreek(blue)_SHB_12.11.2025,5280,false,0.0,0,0
NWolfCreek(blue)_SHB_12.11.2025,5281,duplicate,0.0,0,0
NWolfCreek(blue)_SHB_12.11.2025,5282,false,0.0,0,0
NWolfCreek(blue)_SHB_12.11.2025,5283,duplicate,0.0,0,0
NWolfCreek(blue)_SHB_12.11.2025,5284,duplicate,0.16,0,0
NWolfCreek(blue)_SHB_12.11.2025,5285,duplicate,0.0,0,0
NWolfCreek(blue)_SHB_12.11.2025,5286,false,0.0,0,0
NWolfCreek(blue)_SHB_12.11.2025,5287,false,0.0,0,0
NWolfCreek(blue)_SHB_12.11.2025,5288,duplicate,0.0769,0,0
NWolfCreek(blue)_SHB_12.11.2025,5289,duplicate,0.16,0,0
NWolfCreek(blue)_SHB_12.11.2025,5290,false,0.0769,0,0
NWolfCreek(blue)_SHB_12.11.2025,5291,false,0.0,0,0
NWolfCreek(blue)_SHB_12.11.2025,5292,false,0.0,0,0
NWolfCreek(blue)_SHB_12.11.2025,5293,false,0.0,0,0
NWolfCreek(blue)_SHB_12.11.2025,5294,false,0.0,0,0
NWolfCreek(blue)_SHB_12.11.2025,5295,false,0.0,0,0
NWolfCreek(blue)_SHB_12.11.2025,5296,false,0.0,0,0
NWolfCreek(blue)_SHB_12.11.2025,5297,false,0.0,0,0
NWolfCreek(blue)_SHB_12.11.2025,5298,false,0.0,0,0
NWolfCreek(blue)_SHB_12.11.2025,5299,false,0.0,0,0
NWolfCreek(blue)_SHB_12.11.2025,5300,false,0.0,0,0
NWolfCreek(blue)_SHB_12.11.2025,5301,false,0.0,0,0
NWolfCreek(blue)_SHB_12.11.2025,5302,false,0.0,0,0
NWolfCreek(blue)_SHB_12.11.2025,5303,false,0.0,0,0
NWolfCreek(blue)_SHB_12.11.2025,5304,false,0.0,0,0
NWolfCreek(blue)_SHB_12.11.2025,5305,false,0.0,0,0
NWolfCreek(blue)_SHB_12.11.2025,5306,false,0.0,0,0
NWolfCreek(blue)_SHB_12.11.2025,5307,false,0.0,0,0
NWolfCreek(blue)_SHB_12.11.2025,5308,false,0.0,0,0
NWolfCreek(blue)_SHB_12.11.2025,5309,false,0.0,0,0
NWolfCreek(blue)_SHB_12.11.2025,5310,false,0.0,0,0
NWolfCreek(blue)_SHB_12.11.2025,5311,false,0.0,0,0
NWolfCreek(blue)_SHB_12.11.2025,5312,false,0.0,0,0
NWolfCreek(blue)_SHB_12.11.2025,5313,false,0.0,0,0
NWolfCreek(blue)_SHB_12.11.2025,5314,false,0.0,0,0
NWolfCreek(blue)_SHB_12.11.2025,5315,false,0.0,0,0
NWolfCreek(blue)_SHB_12.11.2025,5316,false,0.0,0,0
NWolfCreek(blue)_SHB_12.11.2025,5317,false,0.0,0,0
NWolfCreek(blue)_SHB_12.11.2025,5318,false,0.0,0,0
NWolfCreek(blue)_SHB_12.11.2025,5319,false,0.0,0,0
NWolfCreek(blue)_SHB_12.11.2025,5320,false,0.0,0,0
NWolfCreek(blue)_SHB_12.11.2025,5321,false,0.0,0,0
NWolfCreek(blue)_SHB_12.11.2025,5322,false,0.0,0,0
NWolfCreek(blue)_SHB_12.11.2025,5323,false,0.0,0,0
NWolfCreek(blue)_SHB_12.11.2025,5324,false,0.0,0,0
NWolfCreek(blue)_SHB_12.11.2025,5325,false,0.0,0,0
NWolfCreek(blue)_SHB_12.11.2025,5326,false,0.0,0,0
NWolfCreek(blue)_SHB_12.11.2025,5327,false,0.0,0,0
NWolfCreek(blue)_SHB_12.11.2025,5328,false,0.0,0,0
NWolfCreek(blue)_SHB_12.11.2025,5329,false,0.0,0,0
NWolfCreek(blue)_SHB_12.11.2025,5330,false,0.0,0,0
NWolfCreek(blue)_SHB_12.11.2025,5331,false,0.0,0,0
NWolfCreek(blue)_SHB_12.11.2025,5332,false,0.0,0,0
NWolfCreek(blue)_SHB_12.11.2025,5333,false,0.0,0,0
NWolfCreek(blue)_SHB_12.11.2025,5334,false,0.0,0,0
NWolfCreek(blue)_SHB_12.11.2025,5335,false,0.0,0,0
NWolfCreek(blue)_SHB_12.11.2025,5336,duplicate,0.16,0,0
NWolfCreek(blue)_SHB_12.11.2025,5337,false,0.0,0,0
NWolfCreek(blue)_SHB_12.11.2025,5338,false,0.0,0,0
NWolfCreek(blue)_SHB_12.11.2025,5339,false,0.0,0,0
NWolfCreek(blue)_SHB_12.11.2025,5340,false,0.0,0,0
NWolfCreek(blue)_SHB_12.11.2025,5341,false,0.0,0,0
NWolfCreek(blue)_SHB_12.11.2025,5342,false,0.0,0,0
NWolfCreek(blue)_SHB_12.11.2025,5343,false,0.0,0,0
NWolfCreek(blue)_SHB_12.11.2025,5344,false,0.0,0,0
NWolfCreek(blue)_SHB_12.11.2025,5345,false,0.0,0,0
NWolfCreek(blue)_SHB_12.11.2025,5346,false,0.0,0,0
NWolfCreek(blue)_SHB_12.11.2025,5347,false,0.0,0,0
NWolfCreek(blue)_SHB_12.11.2025,5348,false,0.0,0,0
NWolfCreek(blue)_SHB_12.11.2025,5349,false,0.0,0,0
NWolfCreek(blue)_SHB_12.11.2025,5350,false,0.0769,0,0
NWolfCreek(blue)_SHB_12.11.2025,5351,false,0.0,0,0
NWolfCreek(blue)_SHB_12.11.2025,5352,false,0.0,0,0
NWolfCreek(blue)_SHB_12.11.2025,5353,false,0.0,0,0
NWolfCreek(blue)_SHB_12.11.2025,5354,false,0.0,0,0
NWolfCreek(blue)_SHB_12.11.2025,5355,false,0.0769,0,0
NWolfCreek(blue)_SHB_12.11.2025,5356,false,0.0,0,0
NWolfCreek(blue)_SHB_12.11.2025,5357,false,0.0,0,0
NWolfCreek(blue)_SHB_12.11.2025,5358,false,0.0,0,0
NWolfCreek(blue)_SHB_12.11.2025,5359,false,0.0,0,0
NWolfCreek(blue)_SHB_12.11.2025,5360,false,0.0,0,0
NWolfCreek(blue)_SHB_12.11.2025,5361,false,0.0,0,0
NWolfCreek(blue)_SHB_12.11.2025,5362,false,0.0,0,0
NWolfCreek(blue)_SHB_12.11.2025,5363,false,0.0,0,0
NWolfCreek(blue)_SHB_12.11.2025,5364,false,0.16,0,0
NWolfCreek(blue)_SHB_12.11.2025,5365,false,0.16,0,0
NWolfCreek(blue)_SHB_12.11.2025,5366,false,0.0,0,0
NWolfCreek(blue)_SHB_12.11.2025,5367,false,0.0,0,0
NWolfCreek(blue)_SHB_12.11.2025,5368,false,0.16,0,0
NWolfCreek(blue)_SHB_12.11.2025,5369,false,0.0,0,0
NWolfCreek(blue)_SHB_12.11.2025,5370,false,0.0769,0,0
NWolfCreek(blue)_SHB_12.11.2025,5371,false,0.0769,0,0
NWolfCreek(blue)_SHB_12.11.2025,5372,false,0.0,0,0
NWolfCreek(blue)_SHB_12.11.2025,5373,false,0.0,0,0
NWolfCreek(blue)_SHB_12.11.2025,5374,false,0.0,0,0
NWolfCreek(blue)_SHB_12.11.2025,5375,false,0.0,0,0
NWolfCreek(blue)_SHB_12.11.2025,5376,false,0.0,0,0
NWolfCreek(blue)_SHB_12.11.2025,5377,false,0.0769,0,0
NWolfCreek(blue)_SHB_12.11.2025,5378,false,0.0,0,0
NWolfCreek(blue)_SHB_12.11.2025,5379,false,0.0,0,0
NWolfCreek(blue)_SHB_12.11.2025,5380,false,0.0,0,0
NWolfCreek(blue)_SHB_12.11.2025,5381,false,0.0,0,0
NWolfCreek(blue)_SHB_12.11.2025,5382,false,0.0,0,0
NWolfCreek(blue)_SHB_12.11.2025,5383,false,0.0,0,0
NWolfCreek(blue)_SHB_12.11.2025,5384,false,0.0,0,0
NWolfCreek(blue)_SHB_12.11.2025,5385,false,0.0,0,0
NWolfCreek(blue)_SHB_12.11.2025,5386,false,0.0,0,0
NWolfCreek(blue)_SHB_12.11.2025,5387,false,0.0,0,0
NWolfCreek(blue)_SHB_12.11.2025,5388,false,0.0,0,0
NWolfCreek(blue)_SHB_12.11.2025,5389,false,0.0,0,0
NWolfCreek(blue)_SHB_12.11.2025,5390,false,0.0,0,0
NWolfCreek(blue)_SHB_12.11.2025,5391,false,0.0,0,0
NWolfCreek(blue)_SHB_12.11.2025,5392,false,0.0,0,0
NWolfCreek(blue)_SHB_12.11.2025,5393,false,0.0,0,0
NWolfCreek(blue)_SHB_12.11.2025,5394,false,0.0,0,0
NWolfCreek(blue)_SHB_12.11.2025,5395,false,0.0,0,0
NWolfCreek(blue)_SHB_12.11.2025,5396,false,0.0,0,0
NWolfCreek(blue)_SHB_12.11.2025,5397,false,0.0,0,0
NWolfCreek(blue)_SHB_12.11.2025,5398,false,0.0,0,0
NWolfCreek(blue)_SHB_12.11.2025,5399,false,0.0,0,0
NWolfCreek(blue)_SHB_12.11.2025,5400,false,0.0,0,0
NWolfCreek(blue)_SHB_12.11.2025,5401,false,0.0,0,0
NWolfCreek(blue)_SHB_12.11.2025,5402,false,0.0,0,0
NWolfCreek(blue)_SHB_12.11.2025,5403,false,0.0,0,0
NWolfCreek(blue)_SHB_12.11.2025,5404,false,0.0,0,0
NWolfCreek(blue)_SHB_12.11.2025,5405,false,0.0,0,0
NWolfCreek(blue)_SHB_12.11.2025,5406,false,0.0,0,0
NWolfCreek(blue)_SHB_12.11.2025,5407,false,0.0,0,0
NWolfCreek(blue)_SHB_12.11.2025,5408,false,0.0,0,0
NWolfCreek(blue)_SHB_12.11.2025,5409,false,0.0,0,0
NWolfCreek(blue)_SHB_12.11.2025,5410,false,0.0,0,0
NWolfCreek(blue)_SHB_12.11.2025,5411,false,0.0,0,0
NWolfCreek(blue)_SHB_12.11.2025,5412,false,0.0,0,0
NWolfCreek(blue)_SHB_12.11.2025,5413,false,0.0,0,0
NWolfCreek(blue)_SHB_12.11.2025,5414,false,0.0,0,0
NWolfCreek(blue)_SHB_12.11.2025,5415,false,0.0,0,0
NWolfCreek(blue)_SHB_12.11.2025,5416,false,0.0,0,0
NWolfCreek(blue)_SHB_12.11.2025,5417,false,0.0,0,0
NWolfCreek(blue)_SHB_12.11.2025,5418,false,0.0,0,0
NWolfCreek(blue)_SHB_12.11.2025,5419,false,0.0,0,0
NWolfCreek(blue)_SHB_12.11.2025,5420,false,0.0,0,0
NWolfCreek(blue)_SHB_12.11.2025,5421,false,0.0,0,0
NWolfCreek(blue)_SHB_12.11.2025,5422,false,0.0,0,0
NWolfCreek(blue)_SHB_12.11.2025,5423,false,0.0,0,0
NWolfCreek(blue)_SHB_12.11.2025,5424,false,0.0,0,0
NWolfCreek(blue)_SHB_12.11.2025,5425,false,0.0,0,0
NWolfCreek(blue)_SHB_12.11.2025,5426,false,0.0,0,0
NWolfCreek(blue)_SHB_12.11.2025,5427,false,0.0,0,0
NWolfCreek(blue)_SHB_12.11.2025,5428,false,0.0,0,0
NWolfCreek(blue)_SHB_12.11.2025,5429,false,0.0,0,0
NWolfCreek(blue)_SHB_12.11.2025,5430,false,0.0769,0,0
NWolfCreek(blue)_SHB_12.11.2025,5431,false,0.0,0,0
NWolfCreek(blue)_SHB_12.11.2025,5432,duplicate,0.0,0,0
NWolfCreek(blue)_SHB_12.11.2025,5433,false,0.0,0,0
NWolfCreek(blue)_SHB_12.11.2025,5434,false,0.0,0,0
NWolfCreek(blue)_SHB_12.11.2025,5435,duplicate,0.0,0,0
NWolfCreek(blue)_SHB_12.11.2025,5436,duplicate,0.0,0,0
NWolfCreek(blue)_SHB_12.11.2025,5437,false,0.0,0,0
NWolfCreek(blue)_SHB_12.11.2025,5438,duplicate,0.0,0,0
NWolfCreek(blue)_SHB_12.11.2025,5439,false,0.0,0,0
NWolfCreek(blue)_SHB_12.11.2025,5440,false,0.0,0,0
NWolfCreek(blue)_SHB_12.11.2025,5441,false,0.0,0,0
NWolfCreek(blue)_SHB_12.11.2025,5442,false,0.0,0,0
NWolfCreek(blue)_SHB_12.11.2025,5443,duplicate,0.0,0,0
NWolfCreek(blue)_SHB_12.11.2025,5444,duplicate,0.16,0,0
NWolfCreek(blue)_SHB_12.11.2025,5445,false,0.0,0,0
NWolfCreek(blue)_SHB_12.11.2025,5446,duplicate,0.16,0,0
NWolfCreek(blue)_SHB_12.11.2025,5447,false,0.16,0,0
NWolfCreek(blue)_SHB_12.11.2025,5448,false,0.0769,0,0
NWolfCreek(blue)_SHB_12.11.2025,5449,false,0.0,0,0
NWolfCreek(blue)_SHB_12.11.2025,5450,false,0.0,0,0
NWolfCreek(blue)_SHB_12.11.2025,5451,false,0.0,0,0
NWolfCreek(blue)_SHB_12.11.2025,5452,false,0.0,0,0
NWolfCreek(blue)_SHB_12.11.2025,5453,false,0.0,0,0
NWolfCreek(blue)_SHB_12.11.2025,5454,false,0.0,0,0
NWolfCreek(blue)_SHB_12.11.2025,5455,false,0.0,0,0
NWolfCreek(blue)_SHB_12.11.2025,5456,false,0.0,0,0
NWolfCreek(blue)_SHB_12.11.2025,5457,false,0.16,0,0
NWolfCreek(blue)_SHB_12.11.2025,5458,false,0.0,0,0
NWolfCreek(blue)_SHB_12.11.2025,5459,false,0.0,0,0
NWolfCreek(blue)_SHB_12.11.2025,5460,false,0.0,0,0
NWolfCreek(blue)_SHB_12.11.2025,5461,false,0.0,0,0
NWolfCreek(blue)_SHB_12.11.2025,5462,false,0.0,0,0
NWolfCreek(blue)_SHB_12.11.2025,5463,false,0.0,0,0
NWolfCreek(blue)_SHB_12.11.2025,5464,false,0.0,0,0
NWolfCreek(blue)_SHB_12.11.2025,5465,false,0.16,0,0
NWolfCreek(blue)_SHB_12.11.2025,5466,false,0.16,0,0
NWolfCreek(blue)_SHB_12.11.2025,5467,false,0.0,0,0
NWolfCreek(blue)_SHB_12.11.2025,5468,false,0.0,0,0
NWolfCreek(blue)_SHB_12.11.2025,5469,false,0.0,0,0
NWolfCreek(blue)_SHB_12.11.2025,5470,false,0.0,0,0
NWolfCreek(blue)_SHB_12.11.2025,5471,false,0.0,0,0
NWolfCreek(blue)_SHB_12.11.2025,5472,false,0.0,0,0
NWolfCreek(blue)_SHB_12.11.2025,5473,false,0.0,0,0
NWolfCreek(blue)_SHB_12.11.2025,5474,false,0.16,0,0
NWolfCreek(blue)_SHB_12.11.2025,5475,false,0.0,0,0
NWolfCreek(blue)_SHB_12.11.2025,5476,false,0.16,0,0
NWolfCreek(blue)_SHB_12.11.2025,5477,false,0.16,0,0
NWolfCreek(blue)_SHB_12.11.2025,5478,false,0.16,0,0
NWolfCreek(blue)_SHB_12.11.2025,5479,false,0.0,0,0
NWolfCreek(blue)_SHB_12.11.2025,5480,false,0.16,0,0
NWolfCreek(blue)_SHB_12.11.2025,5481,false,0.16,0,0
NWolfCreek(blue)_SHB_12.11.2025,5482,false,0.16,0,0
NWolfCreek(blue)_SHB_12.11.2025,5483,false,0.16,0,0
NWolfCreek(blue)_SHB_12.11.2025,5484,false,0.0,0,0
NWolfCreek(blue)_SHB_12.11.2025,5485,false,0.16,0,0
NWolfCreek(blue)_SHB_12.11.2025,5486,false,0.0769,0,0
NWolfCreek(blue)_SHB_12.11.2025,5487,false,0.0,0,0
NWolfCreek(blue)_SHB_12.11.2025,5488,false,0.0,0,0
NWolfCreek(blue)_SHB_12.11.2025,5489,false,0.0,0,0
NWolfCreek(blue)_SHB_12.11.2025,5490,false,0.0,0,0
NWolfCreek(blue)_SHB_12.11.2025,5491,false,0.0,0,0
NWolfCreek(blue)_SHB_12.11.2025,5492,false,0.16,0,0
NWolfCreek(blue)_SHB_12.11.2025,5493,false,0.0,0,0
NWolfCreek(blue)_SHB_12.11.2025,5494,false,0.16,0,0
NWolfCreek(blue)_SHB_12.11.2025,5495,false,0.0,0,0
NWolfCreek(blue)_SHB_12.11.2025,5496,false,0.0,0,0
NWolfCreek(blue)_SHB_12.11.2025,5497,false,0.0,0,0
NWolfCreek(blue)_SHB_12.11.2025,5498,false,0.0,0,0
NWolfCreek(blue)_SHB_12.11.2025,5499,false,0.0,0,0
NWolfCreek(blue)_SHB_12.11.2025,5500,false,0.16,0,0
NWolfCreek(blue)_SHB_12.11.2025,5501,false,0.0,0,0
NWolfCreek(blue)_SHB_12.11.2025,5502,false,0.0,0,0
NWolfCreek(blue)_SHB_12.11.2025,5503,false,0.0,0,0
NWolfCreek(blue)_SHB_12.11.2025,5504,false,0.0,0,0
NWolfCreek(blue)_SHB_12.11.2025,5505,false,0.0,0,0
NWolfCreek(blue)_SHB_12.11.2025,5506,false,0.0,0,0
NWolfCreek(blue)_SHB_12.11.2025,5507,false,0.0,0,0
NWolfCreek(blue)_SHB_12.11.2025,5508,false,0.0,0,0
NWolfCreek(blue)_SHB_12.11.2025,5509,false,0.0,0,0
NWolfCreek(blue)_SHB_12.11.2025,5510,false,0.0,0,0
NWolfCreek(blue)_SHB_12.11.2025,5511,false,0.0,0,0
NWolfCreek(blue)_SHB_12.11.2025,5512,false,0.0,0,0
NWolfCreek(blue)_SHB_12.11.2025,5513,false,0.0,0,0
NWolfCreek(blue)_SHB_12.11.2025,5514,false,0.0,0,0
NWolfCreek(blue)_SHB_12.11.2025,5515,false,0.0,0,0
NWolfCreek(blue)_SHB_12.11.2025,5516,false,0.0,0,0
NWolfCreek(blue)_SHB_12.11.2025,5517,false,0.0,0,0
NWolfCreek(blue)_SHB_12.11.2025,5518,false,0.0,0,0
NWolfCreek(blue)_SHB_12.11.2025,5519,false,0.0,0,0
NWolfCreek(blue)_SHB_12.11.2025,5520,false,0.0,0,0
NWolfCreek(blue)_SHB_12.11.2025,5521,false,0.0,0,0
NWolfCreek(blue)_SHB_12.11.2025,5522,false,0.0,0,0
NWolfCreek(blue)_SHB_12.11.2025,5523,false,0.0,0,0
NWolfCreek(blue)_SHB_12.11.2025,5524,false,0.0,0,0
NWolfCreek(blue)_SHB_12.11.2025,5525,false,0.0,0,0
NWolfCreek(blue)_SHB_12.11.2025,5526,false,0.0,0,0
NWolfCreek(blue)_SHB_12.11.2025,5527,false,0.0,0,0
NWolfCreek(blue)_SHB_12.11.2025,5528,false,0.0,0,0
NWolfCreek(blue)_SHB_12.11.2025,5529,false,0.0,0,0
NWolfCreek(blue)_SHB_12.11.2025,5530,false,0.0,0,0
NWolfCreek(blue)_SHB_12.11.2025,5531,false,0.0,0,0
NWolfCreek(blue)_SHB_12.11.2025,5532,false,0.0,0,0
NWolfCreek(blue)_SHB_12.11.2025,5533,false,0.0,0,0
NWolfCreek(blue)_SHB_12.11.2025,5534,false,0.0,0,0
NWolfCreek(blue)_SHB_12.11.2025,5535,false,0.0,0,0
NWolfCreek(blue)_SHB_12.11.2025,5536,false,0.0,0,0
NWolfCreek(blue)_SHB_12.11.2025,5537,false,0.0,0,0
NWolfCreek(blue)_SHB_12.11.2025,5538,false,0.0,0,0
NWolfCreek(blue)_SHB_12.11.2025,5539,false,0.0,0,0
NWolfCreek(blue)_SHB_12.11.2025,5540,false,0.0,0,0
NWolfCreek(blue)_SHB_12.11.2025,5541,false,0.0,0,0
NWolfCreek(blue)_SHB_12.11.2025,5542,false,0.0,0,0
NWolfCreek(blue)_SHB_12.11.2025,5543,false,0.0,0,0
NWolfCreek(blue)_SHB_12.11.2025,5544,false,0.0,0,0
NWolfCreek(blue)_SHB_12.11.2025,5545,false,0.0,0,0
NWolfCreek(blue)_SHB_12.11.2025,5546,false,0.0,0,0
NWolfCreek(blue)_SHB_12.11.2025,5547,false,0.0,0,0
NWolfCreek(blue)_SHB_12.11.2025,5548,false,0.0,0,0
NWolfCreek(blue)_SHB_12.11.2025,5549,false,0.0,0,0
NWolfCreek(blue)_SHB_12.11.2025,5550,false,0.0,0,0
NWolfCreek(blue)_SHB_12.11.2025,5551,false,0.0,0,0
NWolfCreek(blue)_SHB_12.11.2025,5552,false,0.0,0,0
NWolfCreek(blue)_SHB_12.11.2025,5553,false,0.0,0,0
NWolfCreek(blue)_SHB_12.11.2025,5554,false,0.0,0,0
NWolfCreek(blue)_SHB_12.11.2025,5555,false,0.16,0,0
NWolfCreek(blue)_SHB_12.11.2025,5556,false,0.0,0,0
NWolfCreek(blue)_SHB_12.11.2025,5557,false,0.0,0,0
NWolfCreek(blue)_SHB_12.11.2025,5558,false,0.0,0,0
NWolfCreek(blue)_SHB_12.11.2025,5559,false,0.0,0,0
NWolfCreek(blue)_SHB_12.11.2025,5560,false,0.0,0,0
NWolfCreek(blue)_SHB_12.11.2025,5561,false,0.0,0,0
NWolfCreek(blue)_SHB_12.11.2025,5562,false,0.0,0,0
NWolfCreek(blue)_SHB_12.11.2025,5563,false,0.0,0,0
NWolfCreek(blue)_SHB_12.11.2025,5564,false,0.0,0,0
NWolfCreek(blue)_SHB_12.11.2025,5565,false,0.0,0,0
NWolfCreek(blue)_SHB_12.11.2025,5566,false,0.0,0,0
NWolfCreek(blue)_SHB_12.11.2025,5567,false,0.0,0,0
NWolfCreek(blue)_SHB_12.11.2025,5568,false,0.0,0,0
NWolfCreek(blue)_SHB_12.11.2025,5569,false,0.0,0,0
NWolfCreek(blue)_SHB_12.11.2025,5570,false,0.16,0,0
NWolfCreek(blue)_SHB_12.11.2025,5571,false,0.0,0,0
NWolfCreek(blue)_SHB_12.11.2025,5572,false,0.0,0,0
NWolfCreek(blue)_SHB_12.11.2025,5573,false,0.0,0,0
NWolfCreek(blue)_SHB_12.11.2025,5574,false,0.0,0,0
NWolfCreek(blue)_SHB_12.11.2025,5575,false,0.0,0,0
NWolfCreek(blue)_SHB_12.11.2025,5576,false,0.0,0,0
NWolfCreek(blue)_SHB_12.11.2025,5577,false,0.0,0,0
NWolfCreek(blue)_SHB_12.11.2025,5578,false,0.0,0,0
NWolfCreek(blue)_SHB_12.11.2025,5579,false,0.0,0,0
NWolfCreek(blue)_SHB_12.11.2025,5580,false,0.0,0,0
NWolfCreek(blue)_SHB_12.11.2025,5581,false,0.0,0,0
NWolfCreek(blue)_SHB_12.11.2025,5582,false,0.0,0,0
NWolfCreek(blue)_SHB_12.11.2025,5583,false,0.0,0,0
NWolfCreek(blue)_SHB_12.11.2025,5584,false,0.0,0,0
NWolfCreek(blue)_SHB_12.11.2025,5585,false,0.0,0,0
NWolfCreek(blue)_SHB_12.11.2025,5586,false,0.0,0,0
NWolfCreek(blue)_SHB_12.11.2025,5587,false,0.0,0,0
NWolfCreek(blue)_SHB_12.11.2025,5588,false,0.0,0,0
NWolfCreek(blue)_SHB_12.11.2025,5589,false,0.0,0,0
NWolfCreek(blue)_SHB_12.11.2025,5590,false,0.0,0,0
NWolfCreek(blue)_SHB_12.11.2025,5591,false,0.0,0,0
NWolfCreek(blue)_SHB_12.11.2025,5592,false,0.0,0,0
NWolfCreek(blue)_SHB_12.11.2025,5593,false,0.0,0,0
NWolfCreek(blue)_SHB_12.11.2025,5594,false,0.0,0,0
NWolfCreek(blue)_SHB_12.11.2025,5595,false,0.0,0,0
NWolfCreek(blue)_SHB_12.11.2025,5596,false,0.0,0,0
NWolfCreek(blue)_SHB_12.11.2025,5597,false,0.0,0,0
NWolfCreek(blue)_SHB_12.11.2025,5598,false,0.0,0,0
NWolfCreek(blue)_SHB_12.11.2025,5599,false,0.0,0,0
NWolfCreek(blue)_SHB_12.11.2025,5600,false,0.0,0,0
NWolfCreek(blue)_SHB_12.11.2025,5601,false,0.0,0,0
NWolfCreek(blue)_SHB_12.11.2025,5602,false,0.0,0,0
NWolfCreek(blue)_SHB_12.11.2025,5603,false,0.0,0,0
NWolfCreek(blue)_SHB_12.11.2025,5604,false,0.0,0,0
NWolfCreek(blue)_SHB_12.11.2025,5605,false,0.0,0,0
NWolfCreek(blue)_SHB_12.11.2025,5606,false,0.0,0,0
NWolfCreek(blue)_SHB_12.11.2025,5607,false,0.0,0,0
NWolfCreek(blue)_SHB_12.11.2025,5608,false,0.0,0,0
NWolfCreek(blue)_SHB_12.11.2025,5609,false,0.0,0,0
NWolfCreek(blue)_SHB_12.11.2025,5610,false,0.0,0,0
NWolfCreek(blue)_SHB_12.11.2025,5611,false,0.0,0,0
NWolfCreek(blue)_SHB_12.11.2025,5612,false,0.0,0,0
NWolfCreek(blue)_SHB_12.11.2025,5613,false,0.0,0,0
NWolfCreek(blue)_SHB_12.11.2025,5614,false,0.0,0,0
NWolfCreek(blue)_SHB_12.11.2025,5615,false,0.0,0,0
NWolfCreek(blue)_SHB_12.11.2025,5616,false,0.0,0,0
NWolfCreek(blue)_SHB_12.11.2025,5617,false,0.0,0,0
NWolfCreek(blue)_SHB_12.11.2025,5618,false,0.0,0,0
NWolfCreek(blue)_SHB_12.11.2025,5619,false,0.0,0,0
NWolfCreek(blue)_SHB_12.11.2025,5620,false,0.0,0,0
NWolfCreek(blue)_SHB_12.11.2025,5621,false,0.0,0,0
NWolfCreek(blue)_SHB_12.11.2025,5622,false,0.0,0,0
NWolfCreek(blue)_SHB_12.11.2025,5623,false,0.0,0,0
NWolfCreek(blue)_SHB_12.11.2025,5624,false,0.0,0,0
NWolfCreek(blue)_SHB_12.11.2025,5625,false,0.0,0,0
NWolfCreek(blue)_SHB_12.11.2025,5626,false,0.0,0,0
NWolfCreek(blue)_SHB_12.11.2025,5627,false,0.0,0,0
NWolfCreek(blue)_SHB_12.11.2025,5628,false,0.0,0,0
NWolfCreek(blue)_SHB_12.11.2025,5629,false,0.0,0,0
NWolfCreek(blue)_SHB_12.11.2025,5630,false,0.0,0,0
NWolfCreek(blue)_SHB_12.11.2025,5631,false,0.0,0,0
NWolfCreek(blue)_SHB_12.11.2025,5632,false,0.0,0,0
NWolfCreek(blue)_SHB_12.11.2025,5633,false,0.0,0,0
NWolfCreek(blue)_SHB_12.11.2025,5634,false,0.0,0,0
NWolfCreek(blue)_SHB_12.11.2025,5635,false,0.0,0,0
NWolfCreek(blue)_SHB_12.11.2025,5636,false,0.0,0,0
NWolfCreek(blue)_SHB_12.11.2025,5637,false,0.0,0,0
NWolfCreek(blue)_SHB_12.11.2025,5638,false,0.0,0,0
NWolfCreek(blue)_SHB_12.11.2025,5639,false,0.0,0,0
NWolfCreek(blue)_SHB_12.11.2025,5640,false,0.0,0,0
NWolfCreek(blue)_SHB_12.11.2025,5641,false,0.0,0,0
NWolfCreek(blue)_SHB_12.11.2025,5642,false,0.0,0,0
NWolfCreek(blue)_SHB_12.11.2025,5643,false,0.0,0,0
NWolfCreek(blue)_SHB_12.11.2025,5644,false,0.0,0,0
NWolfCreek(blue)_SHB_12.11.2025,5645,false,0.0769,0,0
NWolfCreek(blue)_SHB_12.11.2025,5646,false,0.0,0,0
NWolfCreek(blue)_SHB_12.11.2025,5647,false,0.0,0,0
NWolfCreek(blue)_SHB_12.11.2025,5648,false,0.0,0,0
NWolfCreek(blue)_SHB_12.11.2025,5649,false,0.0,0,0
NWolfCreek(blue)_SHB_12.11.2025,5650,false,0.0,0,0
NWolfCreek(blue)_SHB_12.11.2025,5651,false,0.0,0,0
NWolfCreek(blue)_SHB_12.11.2025,5652,false,0.0,0,0
NWolfCreek(blue)_SHB_12.11.2025,5653,false,0.0,0,0
NWolfCreek(blue)_SHB_12.11.2025,5654,duplicate,0.16,0,0
NWolfCreek(blue)_SHB_12.11.2025,5655,primary,0.0769,0,0
NWolfCreek(blue)_SHB_12.11.2025,5656,duplicate,0.16,0,0
NWolfCreek(blue)_SHB_12.11.2025,5657,false,0.0,0,0
NWolfCreek(blue)_SHB_12.11.2025,5658,false,0.0769,0,0
NWolfCreek(blue)_SHB_12.11.2025,5659,false,0.0,0,0
NWolfCreek(blue)_SHB_12.11.2025,5660,false,0.0769,0,0
NWolfCreek(blue)_SHB_12.11.2025,5661,false,0.0,0,0
NWolfCreek(blue)_SHB_12.11.2025,5662,false,0.0769,0,0
NWolfCreek(blue)_SHB_12.11.2025,5663,false,0.0,0,0
NWolfCreek(blue)_SHB_12.11.2025,5664,false,0.0,0,0
NWolfCreek(blue)_SHB_12.11.2025,5665,false,0.0,0,0
NWolfCreek(blue)_SHB_12.11.2025,5666,false,0.0,0,0
NWolfCreek(blue)_SHB_12.11.2025,5667,false,0.0,0,0
NWolfCreek(blue)_SHB_12.11.2025,5668,false,0.0,0,0
NWolfCreek(blue)_SHB_12.11.2025,5669,false,0.0,0,0
NWolfCreek(blue)_SHB_12.11.2025,5670,false,0.0,0,0
NWolfCreek(blue)_SHB_12.11.2025,5671,false,0.0,0,0
NWolfCreek(blue)_SHB_12.11.2025,5672,false,0.0,0,0
NWolfCreek(blue)_SHB_12.11.2025,5673,false,0.0,0,0
NWolfCreek(blue)_SHB_12.11.2025,5674,false,0.0,0,0
NWolfCreek(blue)_SHB_12.11.2025,5675,false,0.0,0,0
NWolfCreek(blue)_SHB_12.11.2025,5676,false,0.0769,0,0
NWolfCreek(blue)_SHB_12.11.2025,5677,false,0.0,0,0
NWolfCreek(blue)_SHB_12.11.2025,5678,false,0.0,0,0
NWolfCreek(blue)_SHB_12.11.2025,5679,false,0.0,0,0
NWolfCreek(blue)_SHB_12.11.2025,5680,false,0.0,0,0
NWolfCreek(blue)_SHB_12.11.2025,5681,false,0.0,0,0
NWolfCreek(blue)_SHB_12.11.2025,5682,false,0.0,0,0
NWolfCreek(blue)_SHB_12.11.2025,5683,false,0.0,0,0
NWolfCreek(blue)_SHB_12.11.2025,5684,false,0.0769,0,0
NWolfCreek(blue)_SHB_12.11.2025,5685,false,0.0,0,0
NWolfCreek(blue)_SHB_12.11.2025,5686,false,0.0,0,0
NWolfCreek(blue)_SHB_12.11.2025,5687,false,0.0,0,0
NWolfCreek(blue)_SHB_12.11.2025,5688,false,0.0769,0,0
NWolfCreek(blue)_SHB_12.11.2025,5689,false,0.0,0,0
NWolfCreek(blue)_SHB_12.11.2025,5690,false,0.0,0,0
NWolfCreek(blue)_SHB_12.11.2025,5691,false,0.0,0,0
NWolfCreek(blue)_SHB_12.11.2025,5692,false,0.0,0,0
NWolfCreek(blue)_SHB_12.11.2025,5693,false,0.0,0,0
NWolfCreek(blue)_SHB_12.11.2025,5694,false,0.0,0,0
NWolfCreek(blue)_SHB_12.11.2025,5695,false,0.0,0,0
NWolfCreek(blue)_SHB_12.11.2025,5696,false,0.0,0,0
NWolfCreek(blue)_SHB_12.11.2025,5697,false,0.0,0,0
NWolfCreek(blue)_SHB_12.11.2025,5698,false,0.0,0,0
NWolfCreek(blue)_SHB_12.11.2025,5699,false,0.0,0,0
NWolfCreek(blue)_SHB_12.11.2025,5700,duplicate,0.0,0,0
NWolfCreek(blue)_SHB_12.11.2025,5701,duplicate,0.0,0,0
NWolfCreek(blue)_SHB_12.11.2025,5702,duplicate,0.0,0,0
NWolfCreek(blue)_SHB_12.11.2025,5703,false,0.0,0,0
NWolfCreek(blue)_SHB_12.11.2025,5704,false,0.0,0,0
NWolfCreek(blue)_SHB_12.11.2025,5705,false,0.0,0,0
NWolfCreek(blue)_SHB_12.11.2025,5706,false,0.0,0,0
NWolfCreek(blue)_SHB_12.11.2025,5707,false,0.0,0,0
NWolfCreek(blue)_SHB_12.11.2025,5708,false,0.0,0,0
NWolfCreek(blue)_SHB_12.11.2025,5709,false,0.0,0,0
NWolfCreek(blue)_SHB_12.11.2025,5710,false,0.0,0,0
NWolfCreek(blue)_SHB_12.11.2025,5711,false,0.0,0,0
NWolfCreek(blue)_SHB_12.11.2025,5712,false,0.0,0,0
NWolfCreek(blue)_SHB_12.11.2025,5713,false,0.0,0,0
NWolfCreek(blue)_SHB_12.11.2025,5714,false,0.0,0,0
NWolfCreek(blue)_SHB_12.11.2025,5715,false,0.0,0,0
NWolfCreek(blue)_SHB_12.11.2025,5716,false,0.0,0,0
NWolfCreek(blue)_SHB_12.11.2025,5717,false,0.0,0,0
NWolfCreek(blue)_SHB_12.11.2025,5718,false,0.0,0,0
NWolfCreek(blue)_SHB_12.11.2025,5719,false,0.0,0,0
NWolfCreek(blue)_SHB_12.11.2025,5720,false,0.0,0,0
NWolfCreek(blue)_SHB_12.11.2025,5721,false,0.0,0,0
NWolfCreek(blue)_SHB_12.11.2025,5722,false,0.0,0,0
NWolfCreek(blue)_SHB_12.11.2025,5723,false,0.0,0,0
NWolfCreek(blue)_SHB_12.11.2025,5724,false,0.0,0,0
NWolfCreek(blue)_SHB_12.11.2025,5725,false,0.0,0,0
NWolfCreek(blue)_SHB_12.11.2025,5726,false,0.0,0,0
NWolfCreek(blue)_SHB_12.11.2025,5727,false,0.0,0,0
NWolfCreek(blue)_SHB_12.11.2025,5728,false,0.0,0,0
NWolfCreek(blue)_SHB_12.11.2025,5729,false,0.0,0,0
NWolfCreek(blue)_SHB_12.11.2025,5730,false,0.0,0,0
NWolfCreek(blue)_SHB_12.11.2025,5731,false,0.0,0,0
NWolfCreek(blue)_SHB_12.11.2025,5732,false,0.0,0,0
NWolfCreek(blue)_SHB_12.11.2025,5733,false,0.0,0,0
NWolfCreek(blue)_SHB_12.11.2025,5734,false,0.0,0,0
NWolfCreek(blue)_SHB_12.11.2025,5735,false,0.0,0,0
NWolfCreek(blue)_SHB_12.11.2025,5736,false,0.0,0,0
NWolfCreek(blue)_SHB_12.11.2025,5737,false,0.0,0,0
NWolfCreek(blue)_SHB_12.11.2025,5738,false,0.0,0,0
NWolfCreek(blue)_SHB_12.11.2025,5739,false,0.0,0,0
NWolfCreek(blue)_SHB_12.11.2025,5740,false,0.0,0,0
NWolfCreek(blue)_SHB_12.11.2025,5741,false,0.0,0,0
NWolfCreek(blue)_SHB_12.11.2025,5742,false,0.0,0,0
NWolfCreek(blue)_SHB_12.11.2025,5743,false,0.0,0,0
NWolfCreek(blue)_SHB_12.11.2025,5744,false,0.0,0,0
NWolfCreek(blue)_SHB_12.11.2025,5745,false,0.0,0,0
NWolfCreek(blue)_SHB_12.11.2025,5746,false,0.0,0,0
NWolfCreek(blue)_SHB_12.11.2025,5747,false,0.0,0,0
NWolfCreek(blue)_SHB_12.11.2025,5748,false,0.0,0,0
NWolfCreek(blue)_SHB_12.11.2025,5749,false,0.0769,0,0
NWolfCreek(blue)_SHB_12.11.2025,5750,false,0.0,0,0
NWolfCreek(blue)_SHB_12.11.2025,5751,false,0.0,0,0
NWolfCreek(blue)_SHB_12.11.2025,5752,false,0.0,0,0
NWolfCreek(blue)_SHB_12.11.2025,5753,false,0.0,0,0
NWolfCreek(blue)_SHB_12.11.2025,5754,false,0.0,0,0
NWolfCreek(blue)_SHB_12.11.2025,5755,false,0.0,0,0
NWolfCreek(blue)_SHB_12.11.2025,5756,false,0.0,0,0
NWolfCreek(blue)_SHB_12.11.2025,5757,false,0.0769,0,0
NWolfCreek(blue)_SHB_12.11.2025,5758,false,0.0,0,0
NWolfCreek(blue)_SHB_12.11.2025,5759,false,0.0,0,0
NWolfCreek(blue)_SHB_12.11.2025,5760,false,0.0,0,0
NWolfCreek(blue)_SHB_12.11.2025,5761,false,0.0769,0,0
NWolfCreek(blue)_SHB_12.11.2025,5762,false,0.0,0,0
NWolfCreek(blue)_SHB_12.11.2025,5763,false,0.0,0,0
NWolfCreek(blue)_SHB_12.11.2025,5764,false,0.0,0,0
NWolfCreek(blue)_SHB_12.11.2025,5765,false,0.0,0,0
NWolfCreek(blue)_SHB_12.11.2025,5766,false,0.0,0,0
NWolfCreek(blue)_SHB_12.11.2025,5767,false,0.0,0,0
NWolfCreek(blue)_SHB_12.11.2025,5768,false,0.16,0,0
NWolfCreek(blue)_SHB_12.11.2025,5769,false,0.0,0,0
NWolfCreek(blue)_SHB_12.11.2025,5770,false,0.0,0,0
NWolfCreek(blue)_SHB_12.11.2025,5771,false,0.0,0,0
NWolfCreek(blue)_SHB_12.11.2025,5772,false,0.0769,0,0
SHog_SHW_01.18.2026_LS,4810,false,0.0,0,0
SHog_SHW_01.18.2026_LS,4830,false,0.0,0,0
SHog_SHW_01.18.2026_LS,4832,false,0.0,0,0
SHog_SHW_01.18.2026_LS,4850,false,0.0,0,0
SHog_SHW_01.18.2026_LS,4854,primary,0.16,0,0
SHog_SHW_01.18.2026_LS,4857,duplicate,0.0,0,0
SHog_SHW_01.18.2026_LS,4860,duplicate,0.16,0,0
SHog_SHW_01.18.2026_LS,4884,primary,0.9333,1,0
SHog_SHW_01.18.2026_LS,4888,primary,0.9333,1,0
SHog_SHW_01.18.2026_LS,4898,false,0.0,0,0
SHog_SHW_01.18.2026_LS,4925,false,0.0,0,0
SHog_SHW_01.18.2026_LS,4946,false,0.0,0,0
SHog_SHW_01.18.2026_LS,4984,false,0.0,0,0
SHog_SHW_01.18.2026_LS,4985,false,0.0,0,0
SHog_SHW_01.18.2026_LS,4996,duplicate,0.4444,1,0
SHog_SHW_01.18.2026_LS,4999,primary,0.4444,1,0
SHog_SHW_01.18.2026_LS,5002,duplicate,0.0769,0,0
SHog_SHW_01.18.2026_LS,5005,primary,0.8333,1,0
SHog_SHW_01.18.2026_LS,5038,false,0.0,0,0
SHog_SHW_01.18.2026_LS,5050,false,0.0,0,0
SHog_SHW_01.18.2026_LS,5071,duplicate,0.0,0,0
SHog_SHW_01.18.2026_LS,5074,primary,0.0,0,0
SHog_SHW_01.18.2026_LS,5080,duplicate,0.0,0,0
SHog_SHW_01.18.2026_LS,5129,false,0.0,0,0
SHog_SHW_01.18.2026_LS,5143,false,0.0,0,0
SHog_SHW_01.18.2026_LS,6143,false,0.0,0,0
SHog_SHW_01.18.2026_LS,6144,false,0.0,0,0
SHog_SHW_01.18.2026_LS,6145,false,0.0,0,0
SHog_SHW_01.18.2026_LS,6146,false,0.0,0,0
SHog_SHW_01.18.2026_LS,6147,false,0.0,0,0
SHog_SHW_01.18.2026_LS,6148,false,0.0,0,0
SHog_SHW_01.18.2026_LS,6149,false,0.0,0,0
SHog_SHW_01.18.2026_LS,6150,false,0.0,0,0
SHog_SHW_01.18.2026_LS,6151,false,0.0,0,0
SHog_SHW_01.18.2026_LS,6152,false,0.0,0,0
SHog_SHW_01.18.2026_LS,6153,false,0.0,0,0
SHog_SHW_01.18.2026_LS,6154,false,0.0,0,0
SHog_SHW_01.18.2026_LS,6155,false,0.0,0,0
SHog_SHW_01.18.2026_LS,6156,false,0.0,0,0
SHog_SHW_01.18.2026_LS,6157,false,0.0,0,0
SHog_SHW_01.18.2026_LS,6158,false,0.0,0,0
SHog_SHW_01.18.2026_LS,6159,false,0.0,0,0
SHog_SHW_01.18.2026_LS,6160,false,0.0,0,0
SHog_SHW_01.18.2026_LS,6161,false,0.0,0,0
SHog_SHW_01.18.2026_LS,6162,false,0.0,0,0
SHog_SHW_01.18.2026_LS,6163,false,0.0,0,0
SHog_SHW_01.18.2026_LS,6164,false,0.0,0,0
SHog_SHW_01.18.2026_LS,6165,false,0.0,0,0
SHog_SHW_01.18.2026_LS,6166,false,0.0,0,0
SHog_SHW_01.18.2026_LS,6167,false,0.0,0,0
SHog_SHW_01.18.2026_LS,6168,false,0.0,0,0
SHog_SHW_01.18.2026_LS,6169,false,0.0,0,0
SHog_SHW_01.18.2026_LS,6170,false,0.0,0,0
SHog_SHW_01.18.2026_LS,6171,false,0.0,0,0
SHog_SHW_01.18.2026_LS,6172,false,0.0,0,0
SHog_SHW_01.18.2026_LS,6173,false,0.0,0,0
SHog_SHW_01.18.2026_LS,6174,false,0.0,0,0
SHog_SHW_01.18.2026_LS,6175,false,0.0,0,0
SHog_SHW_01.18.2026_LS,6176,false,0.0,0,0
SHog_SHW_01.18.2026_LS,6177,duplicate,0.16,0,0
SHog_SHW_01.18.2026_LS,6178,false,0.0,0,0
SHog_SHW_01.18.2026_LS,6179,false,0.0,0,0
SHog_SHW_01.18.2026_LS,6180,primary,0.16,0,0
SHog_SHW_01.18.2026_LS,6181,false,0.0,0,0
SHog_SHW_01.18.2026_LS,6182,duplicate,0.0,0,0
SHog_SHW_01.18.2026_LS,6183,false,0.0,0,0
SHog_SHW_01.18.2026_LS,6184,false,0.0,0,0
SHog_SHW_01.18.2026_LS,6185,false,0.0,0,0
SHog_SHW_01.18.2026_LS,6186,false,0.0,0,0
SHog_SHW_01.18.2026_LS,6187,false,0.0,0,0
SHog_SHW_01.18.2026_LS,6188,false,0.0,0,0
SHog_SHW_01.18.2026_LS,6189,false,0.0,0,0
SHog_SHW_01.18.2026_LS,6190,false,0.0,0,0
SHog_SHW_01.18.2026_LS,6191,false,0.0,0,0
SHog_SHW_01.18.2026_LS,6192,false,0.0,0,0
SHog_SHW_01.18.2026_LS,6193,false,0.0,0,0
SHog_SHW_01.18.2026_LS,6194,false,0.0,0,0
SHog_SHW_01.18.2026_LS,6195,false,0.0,0,0
SHog_SHW_01.18.2026_LS,6196,false,0.0,0,0
SHog_SHW_01.18.2026_LS,6197,false,0.0,0,0
SHog_SHW_01.18.2026_LS,6198,false,0.0,0,0
SHog_SHW_01.18.2026_LS,6199,false,0.16,0,0
SHog_SHW_01.18.2026_LS,6200,false,0.0,0,0
SHog_SHW_01.18.2026_LS,6201,false,0.0,0,0
SHog_SHW_01.18.2026_LS,6202,false,0.0,0,0
SHog_SHW_01.18.2026_LS,6203,false,0.16,0,0
SHog_SHW_01.18.2026_LS,6204,false,0.0,0,0
SHog_SHW_01.18.2026_LS,6205,false,0.0,0,0
SHog_SHW_01.18.2026_LS,6206,false,0.0,0,0
SHog_SHW_01.18.2026_LS,6207,false,0.0,0,0
SHog_SHW_01.18.2026_LS,6208,false,0.16,0,0
SHog_SHW_01.18.2026_LS,6209,false,0.0,0,0
SHog_SHW_01.18.2026_LS,6210,false,0.0,0,0
SHog_SHW_01.18.2026_LS,6211,false,0.0,0,0
SHog_SHW_01.18.2026_LS,6212,false,0.0,0,0
SHog_SHW_01.18.2026_LS,6213,false,0.0,0,0
SHog_SHW_01.18.2026_LS,6214,false,0.0,0,0
SHog_SHW_01.18.2026_LS,6215,false,0.0,0,0
SHog_SHW_01.18.2026_LS,6216,false,0.0,0,0
SHog_SHW_01.18.2026_LS,6217,false,0.0,0,0
SHog_SHW_01.18.2026_LS,6218,false,0.0,0,0
SHog_SHW_01.18.2026_LS,6219,false,0.0,0,0
SHog_SHW_01.18.2026_LS,6220,false,0.0,0,0
SHog_SHW_01.18.2026_LS,6221,false,0.0769,0,0
SHog_SHW_01.18.2026_LS,6222,false,0.0,0,0
SHog_SHW_01.18.2026_LS,6223,false,0.0,0,0
SHog_SHW_01.18.2026_LS,6224,false,0.0,0,0
SHog_SHW_01.18.2026_LS,6225,false,0.0,0,0
SHog_SHW_01.18.2026_LS,6226,false,0.0,0,0
SHog_SHW_01.18.2026_LS,6227,duplicate,0.16,0,0
SHog_SHW_01.18.2026_LS,6228,duplicate,0.0769,0,0
SHog_SHW_01.18.2026_LS,6229,false,0.0,0,0
SHog_SHW_01.18.2026_LS,6230,false,0.0,0,0
SHog_SHW_01.18.2026_LS,6231,duplicate,0.0,0,0
SHog_SHW_01.18.2026_LS,6232,false,0.0,0,0
SHog_SHW_01.18.2026_LS,6233,false,0.0,0,0
SHog_SHW_01.18.2026_LS,6234,false,0.0,0,0
SHog_SHW_01.18.2026_LS,6235,false,0.0,0,0
SHog_SHW_01.18.2026_LS,6236,false,0.0,0,0
SHog_SHW_01.18.2026_LS,6237,false,0.0,0,0
SHog_SHW_01.18.2026_LS,6238,false,0.0,0,0
SHog_SHW_01.18.2026_LS,6239,false,0.0,0,0
SHog_SHW_01.18.2026_LS,6240,false,0.0,0,0
SHog_SHW_01.18.2026_LS,6241,false,0.0,0,0
SHog_SHW_01.18.2026_LS,6242,false,0.0,0,0
SHog_SHW_01.18.2026_LS,6243,false,0.0,0,0
SHog_SHW_01.18.2026_LS,6244,false,0.0,0,0
SHog_SHW_01.18.2026_LS,6245,false,0.0,0,0
SHog_SHW_01.18.2026_LS,6246,false,0.0,0,0
SHog_SHW_01.18.2026_LS,6247,false,0.0,0,0
SHog_SHW_01.18.2026_LS,6248,false,0.0,0,0
SHog_SHW_01.18.2026_LS,6249,false,0.0,0,0
SHog_SHW_01.18.2026_LS,6250,false,0.0,0,0
SHog_SHW_01.18.2026_LS,6251,false,0.0,0,0
SHog_SHW_01.18.2026_LS,6252,false,0.0,0,0
SHog_SHW_01.18.2026_LS,6253,false,0.0,0,0
SHog_SHW_01.18.2026_LS,6254,false,0.0,0,0
SHog_SHW_01.18.2026_LS,6255,false,0.0,0,0
SHog_SHW_01.18.2026_LS,6256,false,0.0,0,0
SHog_SHW_01.18.2026_LS,6257,false,0.0,0,0
SHog_SHW_01.18.2026_LS,6258,false,0.0,0,0
SHog_SHW_01.18.2026_LS,6259,false,0.0,0,0
SHog_SHW_01.18.2026_LS,6260,false,0.0,0,0
SHog_SHW_01.18.2026_LS,6261,false,0.0,0,0
SHog_SHW_01.18.2026_LS,6262,false,0.0,0,0
SHog_SHW_01.18.2026_LS,6263,false,0.0,0,0
SHog_SHW_01.18.2026_LS,6264,false,0.0,0,0
SHog_SHW_01.18.2026_LS,6265,false,0.0,0,0
SHog_SHW_01.18.2026_LS,6266,false,0.0,0,0
SHog_SHW_01.18.2026_LS,6267,false,0.0,0,0
SHog_SHW_01.18.2026_LS,6268,false,0.0,0,0
SHog_SHW_01.18.2026_LS,6269,primary,0.0769,0,0
SHog_SHW_01.18.2026_LS,6270,false,0.0,0,0
SHog_SHW_01.18.2026_LS,6271,false,0.0,0,0
SHog_SHW_01.18.2026_LS,6272,false,0.0,0,0
SHog_SHW_01.18.2026_LS,6273,false,0.0,0,0
SHog_SHW_01.18.2026_LS,6274,false,0.0,0,0
SHog_SHW_01.18.2026_LS,6275,false,0.0,0,0
SHog_SHW_01.18.2026_LS,6276,false,0.0,0,0
SHog_SHW_01.18.2026_LS,6277,false,0.0,0,0
SHog_SHW_01.18.2026_LS,6278,false,0.0,0,0
SHog_SHW_01.18.2026_LS,6279,false,0.0,0,0
SHog_SHW_01.18.2026_LS,6280,false,0.0,0,0
SHog_SHW_01.18.2026_LS,6281,false,0.0,0,0
SHog_SHW_01.18.2026_LS,6282,false,0.0,0,0
SHog_SHW_01.18.2026_LS,6283,false,0.0,0,0
SHog_SHW_01.18.2026_LS,6284,false,0.0,0,0
SHog_SHW_01.18.2026_LS,6285,false,0.0,0,0
SHog_SHW_01.18.2026_LS,6286,false,0.0,0,0
SHog_SHW_01.18.2026_LS,6287,false,0.0,0,0
SHog_SHW_01.18.2026_LS,6288,false,0.0,0,0
SHog_SHW_01.18.2026_LS,6289,false,0.0,0,0
SHog_SHW_01.18.2026_LS,6290,false,0.0,0,0
SHog_SHW_01.18.2026_LS,6291,false,0.0,0,0
SHog_SHW_01.18.2026_LS,6292,false,0.0,0,0
SHog_SHW_01.18.2026_LS,6293,false,0.0,0,0
SHog_SHW_01.18.2026_LS,6294,false,0.0,0,0
SHog_SHW_01.18.2026_LS,6295,false,0.0,0,0
SHog_SHW_01.18.2026_LS,6296,false,0.0,0,0
SHog_SHW_01.18.2026_LS,6297,false,0.0,0,0
SHog_SHW_01.18.2026_LS,6298,false,0.0,0,0
SHog_SHW_01.18.2026_LS,6299,false,0.0,0,0
SHog_SHW_01.18.2026_LS,6300,false,0.0,0,0
SHog_SHW_01.18.2026_LS,6301,false,0.0,0,0
SHog_SHW_01.18.2026_LS,6302,false,0.0,0,0
SHog_SHW_01.18.2026_LS,6303,false,0.0,0,0
SHog_SHW_01.18.2026_LS,6304,false,0.0,0,0
SHog_SHW_01.18.2026_LS,6305,false,0.0,0,0
SHog_SHW_01.18.2026_LS,6306,false,0.0,0,0
SHog_SHW_01.18.2026_LS,6307,false,0.0,0,0
SHog_SHW_01.18.2026_LS,6308,false,0.0,0,0
SHog_SHW_01.18.2026_LS,6309,false,0.0,0,0
SHog_SHW_01.18.2026_LS,6310,false,0.0,0,0
SHog_SHW_01.18.2026_LS,6311,false,0.0,0,0
SHog_SHW_01.18.2026_LS,6312,false,0.0,0,0
SHog_SHW_01.18.2026_LS,6313,false,0.0,0,0
SHog_SHW_01.18.2026_LS,6314,false,0.0,0,0
SHog_SHW_01.18.2026_LS,6315,false,0.0,0,0
SHog_SHW_01.18.2026_LS,6316,false,0.16,0,0
SHog_SHW_01.18.2026_LS,6317,false,0.0,0,0
SHog_SHW_01.18.2026_LS,6318,false,0.0,0,0
SHog_SHW_01.18.2026_LS,6319,false,0.0,0,0
SHog_SHW_01.18.2026_LS,6320,false,0.0,0,0
SHog_SHW_01.18.2026_LS,6321,false,0.0,0,0
SHog_SHW_01.18.2026_LS,6322,false,0.0,0,0
SHog_SHW_01.18.2026_LS,6323,false,0.0,0,0
SHog_SHW_01.18.2026_LS,6324,false,0.0,0,0
SHog_SHW_01.18.2026_LS,6325,false,0.0,0,0
SHog_SHW_01.18.2026_LS,6326,false,0.0,0,0
SHog_SHW_01.18.2026_LS,6327,false,0.0,0,0
SHog_SHW_01.18.2026_LS,6328,false,0.0,0,0
SHog_SHW_01.18.2026_LS,6329,false,0.0,0,0
SIron_SHW_01.18.2026_LS,1419,false,0.0,0,0
SIron_SHW_01.18.2026_LS,1423,false,0.0,0,0
SIron_SHW_01.18.2026_LS,1439,false,0.0,0,0
SIron_SHW_01.18.2026_LS,1455,false,0.0769,0,0
SIron_SHW_01.18.2026_LS,1463,false,0.0,0,0
SIron_SHW_01.18.2026_LS,1488,false,0.0769,0,0
SIron_SHW_01.18.2026_LS,1492,false,0.0769,0,0
SIron_SHW_01.18.2026_LS,1539,primary,0.0,0,0
SIron_SHW_01.18.2026_LS,1564,false,0.0,0,0
SIron_SHW_01.18.2026_LS,1569,false,0.0,0,0
SIron_SHW_01.18.2026_LS,1591,false,0.0,0,0
SIron_SHW_01.18.2026_LS,1594,false,0.0,0,0
SIron_SHW_01.18.2026_LS,1604,false,0.0,0,0
SIron_SHW_01.18.2026_LS,1654,false,0.0,0,0
SIron_SHW_01.18.2026_LS,1664,false,0.0,0,0
SIron_SHW_01.18.2026_LS,1682,false,0.0,0,0
SIron_SHW_01.18.2026_LS,1693,false,0.0,0,0
SIron_SHW_01.18.2026_LS,1697,false,0.0769,0,0
SIron_SHW_01.18.2026_LS,1702,false,0.0,0,0
SIron_SHW_01.18.2026_LS,1708,false,0.0,0,0
SIron_SHW_01.18.2026_LS,1713,false,0.16,0,0
SIron_SHW_01.18.2026_LS,1719,false,0.0,0,0
SIron_SHW_01.18.2026_LS,1760,false,0.0,0,0
SIron_SHW_01.18.2026_LS,1761,false,0.0,0,0
SIron_SHW_01.18.2026_LS,1766,false,0.0769,0,0
SIron_SHW_01.18.2026_LS,1775,false,0.0,0,0
SIron_SHW_01.18.2026_LS,1820,false,0.0,0,0
SIron_SHW_01.18.2026_LS,1836,false,0.0769,0,0
SIron_SHW_01.18.2026_LS,1845,false,0.0,0,0
SIron_SHW_01.18.2026_LS,1875,false,0.0,0,0
SIron_SHW_01.18.2026_LS,1887,false,0.0769,0,0
SIron_SHW_01.18.2026_LS,1905,false,0.0,0,0
SIron_SHW_01.18.2026_LS,1913,false,0.16,0,0
SIron_SHW_01.18.2026_LS,1929,false,0.4444,1,0
SIron_SHW_01.18.2026_LS,1943,false,0.0,0,0
SIron_SHW_01.18.2026_LS,2039,false,0.0,0,0
SIron_SHW_01.18.2026_LS,2046,false,0.0,0,0
SIron_SHW_01.18.2026_LS,2047,false,0.0,0,0
SIron_SHW_01.18.2026_LS,2089,false,0.0,0,0
SIron_SHW_01.18.2026_LS,2091,false,0.0769,0,0
SIron_SHW_01.18.2026_LS,2112,false,0.0,0,0
SIron_SHW_01.18.2026_LS,2132,false,0.0,0,0
SIron_SHW_01.18.2026_LS,3132,false,0.0,0,0
SIron_SHW_01.18.2026_LS,3133,false,0.0,0,0
SIron_SHW_01.18.2026_LS,3134,false,0.0,0,0
SIron_SHW_01.18.2026_LS,3135,false,0.0,0,0
SIron_SHW_01.18.2026_LS,3136,false,0.0,0,0
SIron_SHW_01.18.2026_LS,3137,false,0.0,0,0
SIron_SHW_01.18.2026_LS,3138,false,0.0,0,0
SIron_SHW_01.18.2026_LS,3139,false,0.0,0,0
SIron_SHW_01.18.2026_LS,3140,false,0.0,0,0
SIron_SHW_01.18.2026_LS,3141,false,0.0,0,0
SIron_SHW_01.18.2026_LS,3142,false,0.0,0,0
SIron_SHW_01.18.2026_LS,3143,false,0.0,0,0
SIron_SHW_01.18.2026_LS,3144,false,0.0,0,0
SIron_SHW_01.18.2026_LS,3145,false,0.0,0,0
SIron_SHW_01.18.2026_LS,3146,false,0.0,0,0
SIron_SHW_01.18.2026_LS,3147,false,0.0,0,0
SIron_SHW_01.18.2026_LS,3148,false,0.0,0,0
SIron_SHW_01.18.2026_LS,3149,false,0.0,0,0
SIron_SHW_01.18.2026_LS,3150,false,0.0,0,0
SIron_SHW_01.18.2026_LS,3151,false,0.0,0,0
SIron_SHW_01.18.2026_LS,3152,false,0.0,0,0
SIron_SHW_01.18.2026_LS,3153,false,0.0,0,0
SIron_SHW_01.18.2026_LS,3154,false,0.0,0,0
SIron_SHW_01.18.2026_LS,3155,false,0.0,0,0
SIron_SHW_01.18.2026_LS,3156,false,0.0,0,0
SIron_SHW_01.18.2026_LS,3157,false,0.0,0,0
SIron_SHW_01.18.2026_LS,3158,false,0.0,0,0
SIron_SHW_01.18.2026_LS,3159,false,0.0,0,0
SIron_SHW_01.18.2026_LS,3160,false,0.0,0,0
SIron_SHW_01.18.2026_LS,3161,false,0.0,0,0
SIron_SHW_01.18.2026_LS,3162,false,0.0,0,0
SIron_SHW_01.18.2026_LS,3163,false,0.0,0,0
SIron_SHW_01.18.2026_LS,3164,false,0.0769,0,0
SIron_SHW_01.18.2026_LS,3165,false,0.0,0,0
SIron_SHW_01.18.2026_LS,3166,false,0.0,0,0
SIron_SHW_01.18.2026_LS,3167,false,0.0,0,0
SIron_SHW_01.18.2026_LS,3168,false,0.0,0,0
SIron_SHW_01.18.2026_LS,3169,false,0.0,0,0
SIron_SHW_01.18.2026_LS,3170,false,0.0,0,0
SIron_SHW_01.18.2026_LS,3171,false,0.0769,0,0
SIron_SHW_01.18.2026_LS,3172,false,0.0,0,0
SIron_SHW_01.18.2026_LS,3173,false,0.0,0,0
SIron_SHW_01.18.2026_LS,3174,false,0.0,0,0
SIron_SHW_01.18.2026_LS,3175,false,0.0,0,0
SIron_SHW_01.18.2026_LS,3176,false,0.0,0,0
SIron_SHW_01.18.2026_LS,3177,false,0.0,0,0
SIron_SHW_01.18.2026_LS,3178,false,0.0,0,0
SIron_SHW_01.18.2026_LS,3179,false,0.0,0,0
SIron_SHW_01.18.2026_LS,3180,false,0.0,0,0
SIron_SHW_01.18.2026_LS,3181,false,0.0,0,0
SIron_SHW_01.18.2026_LS,3182,false,0.0,0,0
SIron_SHW_01.18.2026_LS,3183,false,0.0,0,0
SIron_SHW_01.18.2026_LS,3184,false,0.0,0,0
SIron_SHW_01.18.2026_LS,3185,false,0.0,0,0
SIron_SHW_01.18.2026_LS,3186,false,0.0,0,0
SIron_SHW_01.18.2026_LS,3187,false,0.0,0,0
SIron_SHW_01.18.2026_LS,3188,false,0.0,0,0
SIron_SHW_01.18.2026_LS,3189,false,0.0,0,0
SIron_SHW_01.18.2026_LS,3190,false,0.0,0,0
SIron_SHW_01.18.2026_LS,3191,false,0.0,0,0
SIron_SHW_01.18.2026_LS,3192,false,0.0,0,0
SIron_SHW_01.18.2026_LS,3193,false,0.0,0,0
SIron_SHW_01.18.2026_LS,3194,false,0.0,0,0
SIron_SHW_01.18.2026_LS,3195,false,0.0,0,0
SIron_SHW_01.18.2026_LS,3196,false,0.0,0,0
SIron_SHW_01.18.2026_LS,3197,false,0.0,0,0
SIron_SHW_01.18.2026_LS,3198,false,0.0,0,0
SIron_SHW_01.18.2026_LS,3199,false,0.0,0,0
SIron_SHW_01.18.2026_LS,3200,false,0.0,0,0
SIron_SHW_01.18.2026_LS,3201,false,0.16,0,0
SIron_SHW_01.18.2026_LS,3202,false,0.0,0,0
SIron_SHW_01.18.2026_LS,3203,false,0.0,0,0
SIron_SHW_01.18.2026_LS,3204,false,0.16,0,0
SIron_SHW_01.18.2026_LS,3205,false,0.0,0,0
SIron_SHW_01.18.2026_LS,3206,false,0.0,0,0
SIron_SHW_01.18.2026_LS,3207,false,0.0,0,0
SIron_SHW_01.18.2026_LS,3208,false,0.0,0,0
SIron_SHW_01.18.2026_LS,3209,false,0.0,0,0
SIron_SHW_01.18.2026_LS,3210,false,0.0,0,0
SIron_SHW_01.18.2026_LS,3211,false,0.0,0,0
SIron_SHW_01.18.2026_LS,3212,duplicate,0.0,0,0
SIron_SHW_01.18.2026_LS,3213,duplicate,0.0,0,0
SIron_SHW_01.18.2026_LS,3214,false,0.0,0,0
SIron_SHW_01.18.2026_LS,3215,false,0.0,0,0
SIron_SHW_01.18.2026_LS,3216,false,0.0,0,0
SIron_SHW_01.18.2026_LS,3217,false,0.0,0,0
SIron_SHW_01.18.2026_LS,3218,false,0.0,0,0
SIron_SHW_01.18.2026_LS,3219,false,0.0769,0,0
SIron_SHW_01.18.2026_LS,3220,false,0.0769,0,0
SIron_SHW_01.18.2026_LS,3221,false,0.0,0,0
SIron_SHW_01.18.2026_LS,3222,false,0.0,0,0
SIron_SHW_01.18.2026_LS,3223,false,0.0,0,0
SIron_SHW_01.18.2026_LS,3224,false,0.0,0,0
SIron_SHW_01.18.2026_LS,3225,false,0.0,0,0
SIron_SHW_01.18.2026_LS,3226,false,0.16,0,0
SIron_SHW_01.18.2026_LS,3227,false,0.0,0,0
SIron_SHW_01.18.2026_LS,3228,false,0.0,0,0
SIron_SHW_01.18.2026_LS,3229,false,0.0,0,0
SIron_SHW_01.18.2026_LS,3230,false,0.0,0,0
SIron_SHW_01.18.2026_LS,3231,false,0.0,0,0
SIron_SHW_01.18.2026_LS,3232,false,0.0,0,0
SIron_SHW_01.18.2026_LS,3233,false,0.0,0,0
SIron_SHW_01.18.2026_LS,3234,false,0.0,0,0
SIron_SHW_01.18.2026_LS,3235,false,0.0769,0,0
SIron_SHW_01.18.2026_LS,3236,false,0.0769,0,0
SIron_SHW_01.18.2026_LS,3237,false,0.0769,0,0
SIron_SHW_01.18.2026_LS,3238,false,0.16,0,0
SIron_SHW_01.18.2026_LS,3239,false,0.0,0,0
SIron_SHW_01.18.2026_LS,3240,false,0.16,0,0
SIron_SHW_01.18.2026_LS,3241,false,0.16,0,0
SIron_SHW_01.18.2026_LS,3242,false,0.0769,0,0
SIron_SHW_01.18.2026_LS,3243,false,0.0,0,0
SIron_SHW_01.18.2026_LS,3244,false,0.0,0,0
SIron_SHW_01.18.2026_LS,3245,false,0.0,0,0
SIron_SHW_01.18.2026_LS,3246,false,0.4444,1,0
SIron_SHW_01.18.2026_LS,3247,false,0.0,0,0
SIron_SHW_01.18.2026_LS,3248,false,0.0,0,0
SIron_SHW_01.18.2026_LS,3249,false,0.0,0,0
SIron_SHW_01.18.2026_LS,3250,false,0.0,0,0
SIron_SHW_01.18.2026_LS,3251,false,0.0,0,0
SIron_SHW_01.18.2026_LS,3252,false,0.0,0,0
SIron_SHW_01.18.2026_LS,3253,false,0.0,0,0
SIron_SHW_01.18.2026_LS,3254,false,0.0,0,0
SIron_SHW_01.18.2026_LS,3255,false,0.0769,0,0
SIron_SHW_01.18.2026_LS,3256,false,0.0,0,0
SIron_SHW_01.18.2026_LS,3257,false,0.0,0,0
SIron_SHW_01.18.2026_LS,3258,false,0.0,0,0
SIron_SHW_01.18.2026_LS,3259,false,0.0,0,0
SIron_SHW_01.18.2026_LS,3260,false,0.0,0,0
SIron_SHW_01.18.2026_LS,3261,false,0.0,0,0
SIron_SHW_01.18.2026_LS,3262,false,0.0,0,0
SIron_SHW_01.18.2026_LS,3263,false,0.0,0,0
SIron_SHW_01.18.2026_LS,3264,false,0.0,0,0
SIron_SHW_01.18.2026_LS,3265,false,0.0,0,0
SIron_SHW_01.18.2026_LS,3266,false,0.0,0,0
SIron_SHW_01.18.2026_LS,3267,false,0.0,0,0
SIron_SHW_01.18.2026_LS,3268,false,0.0,0,0
SIron_SHW_01.18.2026_LS,3269,false,0.0,0,0
SIron_SHW_01.18.2026_LS,3270,false,0.0769,0,0
SIron_SHW_01.18.2026_LS,3271,false,0.0,0,0
SIron_SHW_01.18.2026_LS,3272,false,0.0,0,0
SIron_SHW_01.18.2026_LS,3273,false,0.0,0,0
SIron_SHW_01.18.2026_LS,3274,false,0.0,0,0
SIron_SHW_01.18.2026_LS,3275,false,0.16,0,0
SIron_SHW_01.18.2026_LS,3276,false,0.0,0,0
SIron_SHW_01.18.2026_LS,3277,false,0.0,0,0
SIron_SHW_01.18.2026_LS,3278,false,0.0,0,0
SIron_SHW_01.18.2026_LS,3279,false,0.0,0,0
SIron_SHW_01.18.2026_LS,3280,false,0.0,0,0
SIron_SHW_01.18.2026_LS,3281,false,0.0769,0,0
SIron_SHW_01.18.2026_LS,3282,false,0.0,0,0
SIron_SHW_01.18.2026_LS,3283,false,0.0,0,0
SIron_SHW_01.18.2026_LS,3284,false,0.0,0,0
SIron_SHW_01.18.2026_LS,3285,false,0.0,0,0
SIron_SHW_01.18.2026_LS,3286,false,0.0,0,0
SIron_SHW_01.18.2026_LS,3287,false,0.0,0,0
SIron_SHW_01.18.2026_LS,3288,false,0.0,0,0
SIron_SHW_01.18.2026_LS,3289,false,0.0,0,0
SIron_SHW_01.18.2026_LS,3290,false,0.0,0,0
SIron_SHW_01.18.2026_LS,3291,false,0.0,0,0
SIron_SHW_01.18.2026_LS,3292,false,0.0769,0,0
SIron_SHW_01.18.2026_LS,3293,false,0.0,0,0
SIron_SHW_01.18.2026_LS,3294,false,0.0,0,0
SIron_SHW_01.18.2026_LS,3295,false,0.0,0,0
SIron_SHW_01.18.2026_LS,3296,false,0.0,0,0
SIron_SHW_01.18.2026_LS,3297,false,0.0,0,0
SIron_SHW_01.18.2026_LS,3298,false,0.0,0,0
SIron_SHW_01.18.2026_LS,3299,false,0.0,0,0
SIron_SHW_01.18.2026_LS,3300,false,0.0,0,0
SIron_SHW_01.18.2026_LS,3301,false,0.0,0,0
SIron_SHW_01.18.2026_LS,3302,false,0.16,0,0
SIron_SHW_01.18.2026_LS,3303,false,0.0,0,0
SIron_SHW_01.18.2026_LS,3304,false,0.0,0,0
SIron_SHW_01.18.2026_LS,3305,false,0.0,0,0
SIron_SHW_01.18.2026_LS,3306,false,0.0,0,0
SIron_SHW_01.18.2026_LS,3307,false,0.0,0,0
SIron_SHW_01.18.2026_LS,3308,false,0.0,0,0
SIron_SHW_01.18.2026_LS,3309,false,0.0,0,0
SIron_SHW_01.18.2026_LS,3310,false,0.0,0,0
SIron_SHW_01.18.2026_LS,3311,false,0.0,0,0
SIron_SHW_01.18.2026_LS,3312,false,0.0,0,0
SIron_SHW_01.18.2026_LS,3313,false,0.0,0,0
SIron_SHW_01.18.2026_LS,3314,false,0.16,0,0
SIron_SHW_01.18.2026_LS,3315,false,0.0,0,0
SIron_SHW_01.18.2026_LS,3316,false,0.0,0,0
SIron_SHW_01.18.2026_LS,3317,false,0.0,0,0
SIron_SHW_01.18.2026_LS,3318,false,0.0,0,0
SIron_SHW_01.18.2026_LS,3319,false,0.0769,0,0
SIron_SHW_01.18.2026_LS,3320,false,0.16,0,0
SIron_SHW_01.18.2026_LS,3321,false,0.0,0,0
SIron_SHW_01.18.2026_LS,3322,false,0.0,0,0
SIron_SHW_01.18.2026_LS,3323,false,0.0,0,0
SIron_SHW_01.18.2026_LS,3324,false,0.0769,0,0
SIron_SHW_01.18.2026_LS,3325,false,0.0,0,0
SIron_SHW_01.18.2026_LS,3326,false,0.0,0,0
SIron_SHW_01.18.2026_LS,3327,false,0.0,0,0
SIron_SHW_01.18.2026_LS,3328,false,0.0,0,0
SIron_SHW_01.18.2026_LS,3329,false,0.0,0,0
SIron_SHW_01.18.2026_LS,3330,false,0.0,0,0
SIron_SHW_01.18.2026_LS,3331,false,0.0,0,0
SIron_SHW_01.18.2026_LS,3332,false,0.0,0,0
SIron_SHW_01.18.2026_LS,3333,false,0.0,0,0
SIron_SHW_01.18.2026_LS,3334,false,0.0,0,0
SIron_SHW_01.18.2026_LS,3335,false,0.0,0,0
SIron_SHW_01.18.2026_LS,3336,false,0.0,0,0
SIron_SHW_01.18.2026_LS,3337,false,0.0,0,0
SIron_SHW_01.18.2026_LS,3338,false,0.0,0,0
SIron_SHW_01.18.2026_LS,3339,false,0.0,0,0
SIron_SHW_01.18.2026_LS,3340,false,0.0,0,0
SIron_SHW_01.18.2026_LS,3341,false,0.0,0,0
SIron_SHW_01.18.2026_LS,3342,false,0.0,0,0
SIron_SHW_01.18.2026_LS,3343,false,0.0,0,0
SIron_SHW_01.18.2026_LS,3344,false,0.0,0,0
SIron_SHW_01.18.2026_LS,3345,false,0.0,0,0
SIron_SHW_01.18.2026_LS,3346,false,0.16,0,0
SIron_SHW_01.18.2026_LS,3347,false,0.0,0,0
SIron_SHW_01.18.2026_LS,3348,false,0.16,0,0
SIron_SHW_01.18.2026_LS,3349,false,0.0,0,0
SIron_SHW_01.18.2026_LS,3350,false,0.0769,0,0
SIron_SHW_01.18.2026_LS,3351,false,0.0,0,0
SIron_SHW_01.18.2026_LS,3352,false,0.0,0,0
SIron_SHW_01.18.2026_LS,3353,false,0.0,0,0
SIron_SHW_01.18.2026_LS,3354,false,0.0,0,0
SIron_SHW_01.18.2026_LS,3355,false,0.0,0,0
SIron_SHW_01.18.2026_LS,3356,false,0.16,0,0
SIron_SHW_01.18.2026_LS,3357,false,0.0,0,0
SIron_SHW_01.18.2026_LS,3358,false,0.0,0,0
SIron_SHW_01.18.2026_LS,3359,false,0.0769,0,0
SIron_SHW_01.18.2026_LS,3360,false,0.0,0,0
SIron_SHW_01.18.2026_LS,3361,false,0.0,0,0
SIron_SHW_01.18.2026_LS,3362,false,0.0,0,0
SIron_SHW_01.18.2026_LS,3363,false,0.0,0,0
SIron_SHW_01.18.2026_LS,3364,false,0.0,0,0
SIron_SHW_01.18.2026_LS,3365,false,0.0,0,0
SIron_SHW_01.18.2026_LS,3366,false,0.0,0,0
SIron_SHW_01.18.2026_LS,3367,false,0.0,0,0
SIron_SHW_01.18.2026_LS,3368,false,0.0,0,0
SIron_SHW_01.18.2026_LS,3369,false,0.0,0,0
SIron_SHW_01.18.2026_LS,3370,false,0.0,0,0
SIron_SHW_01.18.2026_LS,3371,false,0.0,0,0
SIron_SHW_01.18.2026_LS,3372,false,0.0,0,0
SIron_SHW_01.18.2026_LS,3373,false,0.0,0,0
SIron_SHW_01.18.2026_LS,3374,false,0.0,0,0
SIron_SHW_01.18.2026_LS,3375,false,0.0,0,0
SIron_SHW_01.18.2026_LS,3376,false,0.0,0,0
SIron_SHW_01.18.2026_LS,3377,false,0.0,0,0
SIron_SHW_01.18.2026_LS,3378,false,0.0,0,0
