name,key,site,event_id,src_frame,score
MAS__EMarseilles_v1_LS_f11418.png,MAS__EMarseilles_v1_LS,MAS,2,11418,20.5
MAS__EMarseilles_v1_LS_f11640.png,MAS__EMarseilles_v1_LS,MAS,3,11640,25.5
MAS__EMarseilles_v1_LS_f12072.png,MAS__EMarseilles_v1_LS,MAS,4,12072,25.6
MAS__EMarseilles_v1_LS_f13866.png,MAS__EMarseilles_v1_LS,MAS,5,13866,38.3
MAS__EMarseilles_v1_LS_f15966.png,MAS__EMarseilles_v1_LS,MAS,6,15966,21.6
MAS__EMarseilles_v1_LS_f16176.png,MAS__EMarseilles_v1_LS,MAS,7,16176,23.7
MAS__EMarseilles_v1_LS_f16452.png,MAS__EMarseilles_v1_LS,MAS,8,16452,29.4
MAS__EMarseilles_v1_LS_f16560.png,MAS__EMarseilles_v1_LS,MAS,9,16560,20.7
MAS__EMarseilles_v1_LS_f16812.png,MAS__EMarseilles_v1_LS,MAS,10,16812,23.9
MAS__EMarseilles_v1_LS_f16998.png,MAS__EMarseilles_v1_LS,MAS,11,16998,20.8
MAS__EMarseilles_v1_LS_f17280.png,MAS__EMarseilles_v1_LS,MAS,12,17280,22.8
MAS__EMarseilles_v1_LS_f17502.png,MAS__EMarseilles_v1_LS,MAS,13,17502,33.8
MAS__EMarseilles_v1_LS_f17976.png,MAS__EMarseilles_v1_LS,MAS,14,17976,21.4
MAS__EMarseilles_v1_LS_f18264.png,MAS__EMarseilles_v1_LS,MAS,15,18264,22.5
MAS__EMarseilles_v1_LS_f2556.png,MAS__EMarseilles_v1_LS,MAS,0,2556,33.8
MAS__EMarseilles_v1_LS_f3696.png,MAS__EMarseilles_v1_LS,MAS,1,3696,36.2
MAS__EMarseilles_v2_LS_f10692.png,MAS__EMarseilles_v2_LS,MAS,13,10692,45.2
MAS__EMarseilles_v2_LS_f1146.png,MAS__EMarseilles_v2_LS,MAS,5,1146,23.6
MAS__EMarseilles_v2_LS_f11748.png,MAS__EMarseilles_v2_LS,MAS,14,11748,26.6
MAS__EMarseilles_v2_LS_f1962.png,MAS__EMarseilles_v2_LS,MAS,6,1962,23.7
MAS__EMarseilles_v2_LS_f216.png,MAS__EMarseilles_v2_LS,MAS,1,216,26.4
MAS__EMarseilles_v2_LS_f2172.png,MAS__EMarseilles_v2_LS,MAS,7,2172,25.3
MAS__EMarseilles_v2_LS_f2466.png,MAS__EMarseilles_v2_LS,MAS,8,2466,24.8
MAS__EMarseilles_v2_LS_f2694.png,MAS__EMarseilles_v2_LS,MAS,9,2694,20.7
MAS__EMarseilles_v2_LS_f2820.png,MAS__EMarseilles_v2_LS,MAS,10,2820,34.5
MAS__EMarseilles_v2_LS_f3384.png,MAS__EMarseilles_v2_LS,MAS,11,3384,29.2
MAS__EMarseilles_v2_LS_f3906.png,MAS__EMarseilles_v2_LS,MAS,12,3906,32.0
MAS__EMarseilles_v2_LS_f474.png,MAS__EMarseilles_v2_LS,MAS,2,474,20.0
MAS__EMarseilles_v2_LS_f48.png,MAS__EMarseilles_v2_LS,MAS,0,48,29.3
MAS__EMarseilles_v2_LS_f666.png,MAS__EMarseilles_v2_LS,MAS,3,666,21.2
MAS__EMarseilles_v2_LS_f906.png,MAS__EMarseilles_v2_LS,MAS,4,906,20.6
MAS__N2379Rd_v1_LS_f126.png,MAS__N2379Rd_v1_LS,MAS,0,126,47.0
MAS__N2379Rd_v1_LS_f23568.png,MAS__N2379Rd_v1_LS,MAS,15,23568,47.1
MAS__N2379Rd_v1_LS_f25914.png,MAS__N2379Rd_v1_LS,MAS,16,25914,22.2
MAS__N2379Rd_v1_LS_f3126.png,MAS__N2379Rd_v1_LS,MAS,1,3126,28.3
MAS__N2379Rd_v1_LS_f3234.png,MAS__N2379Rd_v1_LS,MAS,2,3234,24.9
MAS__N2379Rd_v1_LS_f5862.png,MAS__N2379Rd_v1_LS,MAS,3,5862,25.5
MAS__N2379Rd_v1_LS_f6048.png,MAS__N2379Rd_v1_LS,MAS,4,6048,22.4
MAS__N2379Rd_v1_LS_f6270.png,MAS__N2379Rd_v1_LS,MAS,5,6270,21.8
MAS__N2379Rd_v1_LS_f6414.png,MAS__N2379Rd_v1_LS,MAS,6,6414,24.8
MAS__N2379Rd_v1_LS_f7218.png,MAS__N2379Rd_v1_LS,MAS,7,7218,24.8
MAS__N2379Rd_v1_LS_f7506.png,MAS__N2379Rd_v1_LS,MAS,8,7506,23.6
MAS__N2379Rd_v1_LS_f7770.png,MAS__N2379Rd_v1_LS,MAS,9,7770,22.5
MAS__N2379Rd_v1_LS_f7926.png,MAS__N2379Rd_v1_LS,MAS,10,7926,23.8
MAS__N2379Rd_v1_LS_f8262.png,MAS__N2379Rd_v1_LS,MAS,11,8262,26.8
MAS__N2379Rd_v1_LS_f8472.png,MAS__N2379Rd_v1_LS,MAS,12,8472,20.9
MAS__N2379Rd_v1_LS_f8742.png,MAS__N2379Rd_v1_LS,MAS,13,8742,21.2
MAS__N2379Rd_v1_LS_f9252.png,MAS__N2379Rd_v1_LS,MAS,14,9252,22.0
MAS__N2379Rd_v2_LS_f12132.png,MAS__N2379Rd_v2_LS,MAS,25,12132,41.8
MAS__N2379Rd_v2_LS_f1497.png,MAS__N2379Rd_v2_LS,MAS,2,1497,g1/lost
MAS__N2379Rd_v2_LS_f1506.png,MAS__N2379Rd_v2_LS,MAS,2,1506,g1/lost
MAS__N2379Rd_v2_LS_f1515.png,MAS__N2379Rd_v2_LS,MAS,2,1515,g1/lost
MAS__N2379Rd_v2_LS_f1524.png,MAS__N2379Rd_v2_LS,MAS,2,1524,g1/lost
MAS__N2379Rd_v2_LS_f1533.png,MAS__N2379Rd_v2_LS,MAS,2,1533,g1/lost
MAS__N2379Rd_v2_LS_f1542.png,MAS__N2379Rd_v2_LS,MAS,2,1542,g1/lost
MAS__N2379Rd_v2_LS_f1551.png,MAS__N2379Rd_v2_LS,MAS,2,1551,g1/lost
MAS__N2379Rd_v2_LS_f1560.png,MAS__N2379Rd_v2_LS,MAS,2,1560,g1/lost
MAS__N2379Rd_v2_LS_f1569.png,MAS__N2379Rd_v2_LS,MAS,2,1569,g1/propagated
MAS__N2379Rd_v2_LS_f1578.png,MAS__N2379Rd_v2_LS,MAS,2,1578,g1/verified
MAS__N2379Rd_v2_LS_f1587.png,MAS__N2379Rd_v2_LS,MAS,2,1587,g1/propagated
MAS__N2379Rd_v2_LS_f1596.png,MAS__N2379Rd_v2_LS,MAS,2,1596,g1/propagated
MAS__N2379Rd_v2_LS_f1770.png,MAS__N2379Rd_v2_LS,MAS,3,1770,g2/lost
MAS__N2379Rd_v2_LS_f1779.png,MAS__N2379Rd_v2_LS,MAS,3,1779,g2/propagated
MAS__N2379Rd_v2_LS_f1788.png,MAS__N2379Rd_v2_LS,MAS,3,1788,g2/propagated
MAS__N2379Rd_v2_LS_f1797.png,MAS__N2379Rd_v2_LS,MAS,3,1797,g2/propagated
MAS__N2379Rd_v2_LS_f1806.png,MAS__N2379Rd_v2_LS,MAS,3,1806,g2/propagated
MAS__N2379Rd_v2_LS_f1815.png,MAS__N2379Rd_v2_LS,MAS,3,1815,g2/propagated
MAS__N2379Rd_v2_LS_f1824.png,MAS__N2379Rd_v2_LS,MAS,3,1824,g2/propagated
MAS__N2379Rd_v2_LS_f1833.png,MAS__N2379Rd_v2_LS,MAS,3,1833,g2/propagated
MAS__N2379Rd_v2_LS_f1842.png,MAS__N2379Rd_v2_LS,MAS,3,1842,g2/propagated
MAS__N2379Rd_v2_LS_f1851.png,MAS__N2379Rd_v2_LS,MAS,3,1851,g2/propagated
MAS__N2379Rd_v2_LS_f1860.png,MAS__N2379Rd_v2_LS,MAS,3,1860,g2/verified
MAS__N2379Rd_v2_LS_f1869.png,MAS__N2379Rd_v2_LS,MAS,3,1869,g2/propagated
MAS__N2379Rd_v2_LS_f1878.png,MAS__N2379Rd_v2_LS,MAS,3,1878,g2/propagated
MAS__N2379Rd_v2_LS_f2142.png,MAS__N2379Rd_v2_LS,MAS,4,2142,26.2
MAS__N2379Rd_v2_LS_f23298.png,MAS__N2379Rd_v2_LS,MAS,26,23298,23.1
MAS__N2379Rd_v2_LS_f2406.png,MAS__N2379Rd_v2_LS,MAS,5,2406,31.5
MAS__N2379Rd_v2_LS_f3168.png,MAS__N2379Rd_v2_LS,MAS,6,3168,28.3
MAS__N2379Rd_v2_LS_f3678.png,MAS__N2379Rd_v2_LS,MAS,7,3678,NEW
MAS__N2379Rd_v2_LS_f3864.png,MAS__N2379Rd_v2_LS,MAS,8,3864,NEW
MAS__N2379Rd_v2_LS_f390.png,MAS__N2379Rd_v2_LS,MAS,0,390,g1/verified
MAS__N2379Rd_v2_LS_f399.png,MAS__N2379Rd_v2_LS,MAS,0,399,g1/propagated
MAS__N2379Rd_v2_LS_f408.png,MAS__N2379Rd_v2_LS,MAS,0,408,g1/propagated
MAS__N2379Rd_v2_LS_f4086.png,MAS__N2379Rd_v2_LS,MAS,9,4086,NEW
MAS__N2379Rd_v2_LS_f417.png,MAS__N2379Rd_v2_LS,MAS,0,417,g1/propagated
MAS__N2379Rd_v2_LS_f426.png,MAS__N2379Rd_v2_LS,MAS,0,426,g1/propagated
MAS__N2379Rd_v2_LS_f435.png,MAS__N2379Rd_v2_LS,MAS,0,435,g1/propagated
MAS__N2379Rd_v2_LS_f4962.png,MAS__N2379Rd_v2_LS,MAS,10,4962,25.2
MAS__N2379Rd_v2_LS_f5070.png,MAS__N2379Rd_v2_LS,MAS,11,5070,30.7
MAS__N2379Rd_v2_LS_f5196.png,MAS__N2379Rd_v2_LS,MAS,12,5196,26.9
MAS__N2379Rd_v2_LS_f5472.png,MAS__N2379Rd_v2_LS,MAS,13,5472,29.3
MAS__N2379Rd_v2_LS_f5712.png,MAS__N2379Rd_v2_LS,MAS,14,5712,22.8
MAS__N2379Rd_v2_LS_f5805.png,MAS__N2379Rd_v2_LS,MAS,15,5805,g1/propagated
MAS__N2379Rd_v2_LS_f5814.png,MAS__N2379Rd_v2_LS,MAS,15,5814,g1/propagated
MAS__N2379Rd_v2_LS_f5823.png,MAS__N2379Rd_v2_LS,MAS,15,5823,g1/propagated
MAS__N2379Rd_v2_LS_f5832.png,MAS__N2379Rd_v2_LS,MAS,15,5832,g1/verified
MAS__N2379Rd_v2_LS_f5841.png,MAS__N2379Rd_v2_LS,MAS,15,5841,g1/propagated
MAS__N2379Rd_v2_LS_f5850.png,MAS__N2379Rd_v2_LS,MAS,15,5850,g1/propagated
MAS__N2379Rd_v2_LS_f5859.png,MAS__N2379Rd_v2_LS,MAS,15,5859,g1/propagated
MAS__N2379Rd_v2_LS_f5868.png,MAS__N2379Rd_v2_LS,MAS,15,5868,g1/propagated
MAS__N2379Rd_v2_LS_f5877.png,MAS__N2379Rd_v2_LS,MAS,15,5877,g1/propagated
MAS__N2379Rd_v2_LS_f5886.png,MAS__N2379Rd_v2_LS,MAS,15,5886,g1/lost
MAS__N2379Rd_v2_LS_f6528.png,MAS__N2379Rd_v2_LS,MAS,16,6528,25.6
MAS__N2379Rd_v2_LS_f6612.png,MAS__N2379Rd_v2_LS,MAS,17,6612,31.0
MAS__N2379Rd_v2_LS_f7146.png,MAS__N2379Rd_v2_LS,MAS,18,7146,31.7
MAS__N2379Rd_v2_LS_f7410.png,MAS__N2379Rd_v2_LS,MAS,19,7410,21.2
MAS__N2379Rd_v2_LS_f7500.png,MAS__N2379Rd_v2_LS,MAS,20,7500,27.8
MAS__N2379Rd_v2_LS_f756.png,MAS__N2379Rd_v2_LS,MAS,1,756,21.5
MAS__N2379Rd_v2_LS_f7644.png,MAS__N2379Rd_v2_LS,MAS,21,7644,23.8
MAS__N2379Rd_v2_LS_f7902.png,MAS__N2379Rd_v2_LS,MAS,22,7902,27.7
MAS__N2379Rd_v2_LS_f8556.png,MAS__N2379Rd_v2_LS,MAS,23,8556,33.4
MAS__N2379Rd_v2_LS_f9570.png,MAS__N2379Rd_v2_LS,MAS,24,9570,41.9
MAS__N25thBlue_v2_LS_f11274.png,MAS__N25thBlue_v2_LS,MAS,10,11274,36.1
MAS__N25thBlue_v2_LS_f12408.png,MAS__N25thBlue_v2_LS,MAS,11,12408,30.6
MAS__N25thBlue_v2_LS_f12600.png,MAS__N25thBlue_v2_LS,MAS,12,12600,30.1
MAS__N25thBlue_v2_LS_f12708.png,MAS__N25thBlue_v2_LS,MAS,13,12708,20.7
MAS__N25thBlue_v2_LS_f14478.png,MAS__N25thBlue_v2_LS,MAS,14,14478,38.3
MAS__N25thBlue_v2_LS_f1632.png,MAS__N25thBlue_v2_LS,MAS,1,1632,30.5
MAS__N25thBlue_v2_LS_f17670.png,MAS__N25thBlue_v2_LS,MAS,15,17670,21.3
MAS__N25thBlue_v2_LS_f18066.png,MAS__N25thBlue_v2_LS,MAS,16,18066,NEW
MAS__N25thBlue_v2_LS_f18348.png,MAS__N25thBlue_v2_LS,MAS,17,18348,38.0
MAS__N25thBlue_v2_LS_f20640.png,MAS__N25thBlue_v2_LS,MAS,18,20640,44.5
MAS__N25thBlue_v2_LS_f23130.png,MAS__N25thBlue_v2_LS,MAS,19,23130,NEW
MAS__N25thBlue_v2_LS_f23196.png,MAS__N25thBlue_v2_LS,MAS,20,23196,21.1
MAS__N25thBlue_v2_LS_f23502.png,MAS__N25thBlue_v2_LS,MAS,21,23502,21.3
MAS__N25thBlue_v2_LS_f23838.png,MAS__N25thBlue_v2_LS,MAS,22,23838,28.2
MAS__N25thBlue_v2_LS_f24690.png,MAS__N25thBlue_v2_LS,MAS,23,24690,28.7
MAS__N25thBlue_v2_LS_f2502.png,MAS__N25thBlue_v2_LS,MAS,2,2502,23.4
MAS__N25thBlue_v2_LS_f390.png,MAS__N25thBlue_v2_LS,MAS,0,390,52.5
MAS__N25thBlue_v2_LS_f4194.png,MAS__N25thBlue_v2_LS,MAS,3,4194,41.6
MAS__N25thBlue_v2_LS_f6840.png,MAS__N25thBlue_v2_LS,MAS,4,6840,29.1
MAS__N25thBlue_v2_LS_f7122.png,MAS__N25thBlue_v2_LS,MAS,5,7122,33.6
MAS__N25thBlue_v2_LS_f7614.png,MAS__N25thBlue_v2_LS,MAS,6,7614,27.2
MAS__N25thBlue_v2_LS_f7848.png,MAS__N25thBlue_v2_LS,MAS,7,7848,23.2
MAS__N25thBlue_v2_LS_f8142.png,MAS__N25thBlue_v2_LS,MAS,8,8142,25.1
MAS__N25thBlue_v2_LS_f8340.png,MAS__N25thBlue_v2_LS,MAS,9,8340,27.3
MAS__N25thRdBlue_v1_LS_f1062.png,MAS__N25thRdBlue_v1_LS,MAS,2,1062,28.4
MAS__N25thRdBlue_v1_LS_f11622.png,MAS__N25thRdBlue_v1_LS,MAS,8,11622,41.8
MAS__N25thRdBlue_v1_LS_f13446.png,MAS__N25thRdBlue_v1_LS,MAS,9,13446,29.9
MAS__N25thRdBlue_v1_LS_f13680.png,MAS__N25thRdBlue_v1_LS,MAS,10,13680,21.1
MAS__N25thRdBlue_v1_LS_f13860.png,MAS__N25thRdBlue_v1_LS,MAS,11,13860,21.8
MAS__N25thRdBlue_v1_LS_f14286.png,MAS__N25thRdBlue_v1_LS,MAS,12,14286,21.1
MAS__N25thRdBlue_v1_LS_f14502.png,MAS__N25thRdBlue_v1_LS,MAS,13,14502,32.8
MAS__N25thRdBlue_v1_LS_f15.png,MAS__N25thRdBlue_v1_LS,MAS,0,15,g1/propagated
MAS__N25thRdBlue_v1_LS_f15012.png,MAS__N25thRdBlue_v1_LS,MAS,14,15012,28.7
MAS__N25thRdBlue_v1_LS_f2094.png,MAS__N25thRdBlue_v1_LS,MAS,3,2094,29.9
MAS__N25thRdBlue_v1_LS_f24.png,MAS__N25thRdBlue_v1_LS,MAS,0,24,g1/propagated
MAS__N25thRdBlue_v1_LS_f2442.png,MAS__N25thRdBlue_v1_LS,MAS,4,2442,20.7
MAS__N25thRdBlue_v1_LS_f2562.png,MAS__N25thRdBlue_v1_LS,MAS,5,2562,23.8
MAS__N25thRdBlue_v1_LS_f33.png,MAS__N25thRdBlue_v1_LS,MAS,0,33,g1/propagated
MAS__N25thRdBlue_v1_LS_f42.png,MAS__N25thRdBlue_v1_LS,MAS,0,42,g1/propagated
MAS__N25thRdBlue_v1_LS_f474.png,MAS__N25thRdBlue_v1_LS,MAS,1,474,21.3
MAS__N25thRdBlue_v1_LS_f51.png,MAS__N25thRdBlue_v1_LS,MAS,0,51,g1/propagated
MAS__N25thRdBlue_v1_LS_f6.png,MAS__N25thRdBlue_v1_LS,MAS,0,6,g1/verified
MAS__N25thRdBlue_v1_LS_f60.png,MAS__N25thRdBlue_v1_LS,MAS,0,60,g1/propagated
MAS__N25thRdBlue_v1_LS_f6570.png,MAS__N25thRdBlue_v1_LS,MAS,6,6570,58.1
MAS__N25thRdBlue_v1_LS_f69.png,MAS__N25thRdBlue_v1_LS,MAS,0,69,g1/propagated
MAS__N25thRdBlue_v1_LS_f78.png,MAS__N25thRdBlue_v1_LS,MAS,0,78,g1/propagated
MAS__N25thRdBlue_v1_LS_f8130.png,MAS__N25thRdBlue_v1_LS,MAS,7,8130,27.3
MAS__N25thRdBlue_v1_LS_f87.png,MAS__N25thRdBlue_v1_LS,MAS,0,87,g1/propagated
MAS__N25thRdBlue_v1_LS_f96.png,MAS__N25thRdBlue_v1_LS,MAS,0,96,g1/propagated
MAS__N25thRdOrange_v1_LS_f1698.png,MAS__N25thRdOrange_v1_LS,MAS,5,1698,22.8
MAS__N25thRdOrange_v1_LS_f18.png,MAS__N25thRdOrange_v1_LS,MAS,0,18,23.6
MAS__N25thRdOrange_v1_LS_f2802.png,MAS__N25thRdOrange_v1_LS,MAS,6,2802,27.6
MAS__N25thRdOrange_v1_LS_f330.png,MAS__N25thRdOrange_v1_LS,MAS,1,330,22.9
MAS__N25thRdOrange_v1_LS_f498.png,MAS__N25thRdOrange_v1_LS,MAS,2,498,28.2
MAS__N25thRdOrange_v1_LS_f5652.png,MAS__N25thRdOrange_v1_LS,MAS,7,5652,40.8
MAS__N25thRdOrange_v1_LS_f732.png,MAS__N25thRdOrange_v1_LS,MAS,3,732,22.0
MAS__N25thRdOrange_v1_LS_f7782.png,MAS__N25thRdOrange_v1_LS,MAS,8,7782,54.8
MAS__N25thRdOrange_v1_LS_f888.png,MAS__N25thRdOrange_v1_LS,MAS,4,888,29.5
MAS__N25thRdOrange_v2_LS_f2700.png,MAS__N25thRdOrange_v2_LS,MAS,0,2700,51.1
MAS__NMarseillesRd_v1_LS_f13032.png,MAS__NMarseillesRd_v1_LS,MAS,1,13032,43.6
MAS__NMarseillesRd_v1_LS_f14748.png,MAS__NMarseillesRd_v1_LS,MAS,2,14748,25.3
MAS__NMarseillesRd_v1_LS_f15348.png,MAS__NMarseillesRd_v1_LS,MAS,3,15348,20.1
MAS__NMarseillesRd_v1_LS_f16182.png,MAS__NMarseillesRd_v1_LS,MAS,4,16182,28.1
MAS__NMarseillesRd_v1_LS_f4302.png,MAS__NMarseillesRd_v1_LS,MAS,0,4302,44.8
MAS__NMarseilles_v2_LS_f4902.png,MAS__NMarseilles_v2_LS,MAS,0,4902,47.9
MAS__WMarseilles_v1_LS_f10434.png,MAS__WMarseilles_v1_LS,MAS,10,10434,28.4
MAS__WMarseilles_v1_LS_f10530.png,MAS__WMarseilles_v1_LS,MAS,11,10530,20.8
MAS__WMarseilles_v1_LS_f10704.png,MAS__WMarseilles_v1_LS,MAS,12,10704,24.0
MAS__WMarseilles_v1_LS_f11028.png,MAS__WMarseilles_v1_LS,MAS,13,11028,32.4
MAS__WMarseilles_v1_LS_f11268.png,MAS__WMarseilles_v1_LS,MAS,14,11268,26.8
MAS__WMarseilles_v1_LS_f11550.png,MAS__WMarseilles_v1_LS,MAS,15,11550,28.5
MAS__WMarseilles_v1_LS_f11880.png,MAS__WMarseilles_v1_LS,MAS,16,11880,25.7
MAS__WMarseilles_v1_LS_f12078.png,MAS__WMarseilles_v1_LS,MAS,17,12078,28.0
MAS__WMarseilles_v1_LS_f12528.png,MAS__WMarseilles_v1_LS,MAS,18,12528,36.1
MAS__WMarseilles_v1_LS_f13806.png,MAS__WMarseilles_v1_LS,MAS,19,13806,36.6
MAS__WMarseilles_v1_LS_f14994.png,MAS__WMarseilles_v1_LS,MAS,20,14994,25.3
MAS__WMarseilles_v1_LS_f15102.png,MAS__WMarseilles_v1_LS,MAS,21,15102,26.6
MAS__WMarseilles_v1_LS_f15480.png,MAS__WMarseilles_v1_LS,MAS,22,15480,28.3
MAS__WMarseilles_v1_LS_f15816.png,MAS__WMarseilles_v1_LS,MAS,23,15816,25.9
MAS__WMarseilles_v1_LS_f16200.png,MAS__WMarseilles_v1_LS,MAS,24,16200,22.3
MAS__WMarseilles_v1_LS_f16428.png,MAS__WMarseilles_v1_LS,MAS,25,16428,21.1
MAS__WMarseilles_v1_LS_f1644.png,MAS__WMarseilles_v1_LS,MAS,0,1644,42.8
MAS__WMarseilles_v1_LS_f16758.png,MAS__WMarseilles_v1_LS,MAS,26,16758,23.9
MAS__WMarseilles_v1_LS_f17118.png,MAS__WMarseilles_v1_LS,MAS,27,17118,24.2
MAS__WMarseilles_v1_LS_f17292.png,MAS__WMarseilles_v1_LS,MAS,28,17292,21.6
MAS__WMarseilles_v1_LS_f17382.png,MAS__WMarseilles_v1_LS,MAS,29,17382,22.3
MAS__WMarseilles_v1_LS_f17562.png,MAS__WMarseilles_v1_LS,MAS,30,17562,21.8
MAS__WMarseilles_v1_LS_f17640.png,MAS__WMarseilles_v1_LS,MAS,31,17640,24.0
MAS__WMarseilles_v1_LS_f17880.png,MAS__WMarseilles_v1_LS,MAS,32,17880,21.8
MAS__WMarseilles_v1_LS_f17982.png,MAS__WMarseilles_v1_LS,MAS,33,17982,25.9
MAS__WMarseilles_v1_LS_f18282.png,MAS__WMarseilles_v1_LS,MAS,34,18282,22.4
MAS__WMarseilles_v1_LS_f18504.png,MAS__WMarseilles_v1_LS,MAS,35,18504,31.6
MAS__WMarseilles_v1_LS_f19956.png,MAS__WMarseilles_v1_LS,MAS,36,19956,40.7
MAS__WMarseilles_v1_LS_f23616.png,MAS__WMarseilles_v1_LS,MAS,37,23616,28.0
MAS__WMarseilles_v1_LS_f23970.png,MAS__WMarseilles_v1_LS,MAS,38,23970,26.2
MAS__WMarseilles_v1_LS_f24288.png,MAS__WMarseilles_v1_LS,MAS,39,24288,24.5
MAS__WMarseilles_v1_LS_f24468.png,MAS__WMarseilles_v1_LS,MAS,40,24468,NEW
MAS__WMarseilles_v1_LS_f25434.png,MAS__WMarseilles_v1_LS,MAS,41,25434,32.1
MAS__WMarseilles_v1_LS_f27624.png,MAS__WMarseilles_v1_LS,MAS,42,27624,28.4
MAS__WMarseilles_v1_LS_f28836.png,MAS__WMarseilles_v1_LS,MAS,43,28836,28.9
MAS__WMarseilles_v1_LS_f30456.png,MAS__WMarseilles_v1_LS,MAS,44,30456,47.7
MAS__WMarseilles_v1_LS_f3366.png,MAS__WMarseilles_v1_LS,MAS,1,3366,31.2
MAS__WMarseilles_v1_LS_f3846.png,MAS__WMarseilles_v1_LS,MAS,2,3846,25.2
MAS__WMarseilles_v1_LS_f3966.png,MAS__WMarseilles_v1_LS,MAS,3,3966,23.2
MAS__WMarseilles_v1_LS_f4224.png,MAS__WMarseilles_v1_LS,MAS,4,4224,35.6
MAS__WMarseilles_v1_LS_f7434.png,MAS__WMarseilles_v1_LS,MAS,5,7434,30.8
MAS__WMarseilles_v1_LS_f7686.png,MAS__WMarseilles_v1_LS,MAS,6,7686,NEW
MAS__WMarseilles_v1_LS_f8238.png,MAS__WMarseilles_v1_LS,MAS,7,8238,32.8
MAS__WMarseilles_v1_LS_f9444.png,MAS__WMarseilles_v1_LS,MAS,8,9444,30.4
MAS__WMarseilles_v1_LS_f9984.png,MAS__WMarseilles_v1_LS,MAS,9,9984,21.3
MAS__WMarseilles_v2_LS_f11364.png,MAS__WMarseilles_v2_LS,MAS,19,11364,g1/propagated
MAS__WMarseilles_v2_LS_f11373.png,MAS__WMarseilles_v2_LS,MAS,19,11373,g1/propagated
MAS__WMarseilles_v2_LS_f11382.png,MAS__WMarseilles_v2_LS,MAS,19,11382,g1/propagated
MAS__WMarseilles_v2_LS_f11391.png,MAS__WMarseilles_v2_LS,MAS,19,11391,g1/propagated
MAS__WMarseilles_v2_LS_f11400.png,MAS__WMarseilles_v2_LS,MAS,19,11400,g1/propagated
MAS__WMarseilles_v2_LS_f11409.png,MAS__WMarseilles_v2_LS,MAS,19,11409,g1/propagated
MAS__WMarseilles_v2_LS_f11418.png,MAS__WMarseilles_v2_LS,MAS,19,11418,g1/propagated
MAS__WMarseilles_v2_LS_f11427.png,MAS__WMarseilles_v2_LS,MAS,19,11427,g1/propagated
MAS__WMarseilles_v2_LS_f11436.png,MAS__WMarseilles_v2_LS,MAS,19,11436,g1/propagated
MAS__WMarseilles_v2_LS_f11445.png,MAS__WMarseilles_v2_LS,MAS,19,11445,g1/propagated
MAS__WMarseilles_v2_LS_f11454.png,MAS__WMarseilles_v2_LS,MAS,19,11454,g1/verified
MAS__WMarseilles_v2_LS_f11970.png,MAS__WMarseilles_v2_LS,MAS,20,11970,43.9
MAS__WMarseilles_v2_LS_f14610.png,MAS__WMarseilles_v2_LS,MAS,21,14610,39.1
MAS__WMarseilles_v2_LS_f1488.png,MAS__WMarseilles_v2_LS,MAS,0,1488,g2/propagated
MAS__WMarseilles_v2_LS_f1497.png,MAS__WMarseilles_v2_LS,MAS,0,1497,g2/propagated
MAS__WMarseilles_v2_LS_f1506.png,MAS__WMarseilles_v2_LS,MAS,0,1506,g2/propagated
MAS__WMarseilles_v2_LS_f1515.png,MAS__WMarseilles_v2_LS,MAS,0,1515,g2/propagated
MAS__WMarseilles_v2_LS_f1524.png,MAS__WMarseilles_v2_LS,MAS,0,1524,g2/propagated
MAS__WMarseilles_v2_LS_f1533.png,MAS__WMarseilles_v2_LS,MAS,0,1533,g2/propagated
MAS__WMarseilles_v2_LS_f1542.png,MAS__WMarseilles_v2_LS,MAS,0,1542,g2/propagated
MAS__WMarseilles_v2_LS_f1551.png,MAS__WMarseilles_v2_LS,MAS,0,1551,g2/propagated
MAS__WMarseilles_v2_LS_f1560.png,MAS__WMarseilles_v2_LS,MAS,0,1560,g2/propagated
MAS__WMarseilles_v2_LS_f1569.png,MAS__WMarseilles_v2_LS,MAS,0,1569,g2/propagated
MAS__WMarseilles_v2_LS_f1578.png,MAS__WMarseilles_v2_LS,MAS,0,1578,g2/verified
MAS__WMarseilles_v2_LS_f1587.png,MAS__WMarseilles_v2_LS,MAS,0,1587,g2/propagated
MAS__WMarseilles_v2_LS_f1596.png,MAS__WMarseilles_v2_LS,MAS,0,1596,g2/propagated
MAS__WMarseilles_v2_LS_f1605.png,MAS__WMarseilles_v2_LS,MAS,0,1605,g2/propagated
MAS__WMarseilles_v2_LS_f1614.png,MAS__WMarseilles_v2_LS,MAS,0,1614,g2/propagated
MAS__WMarseilles_v2_LS_f1623.png,MAS__WMarseilles_v2_LS,MAS,0,1623,g2/lost
MAS__WMarseilles_v2_LS_f1632.png,MAS__WMarseilles_v2_LS,MAS,0,1632,g2/lost
MAS__WMarseilles_v2_LS_f1641.png,MAS__WMarseilles_v2_LS,MAS,0,1641,g2/lost
MAS__WMarseilles_v2_LS_f1650.png,MAS__WMarseilles_v2_LS,MAS,0,1650,g2/lost
MAS__WMarseilles_v2_LS_f1659.png,MAS__WMarseilles_v2_LS,MAS,0,1659,g2/lost
MAS__WMarseilles_v2_LS_f1668.png,MAS__WMarseilles_v2_LS,MAS,0,1668,g2/lost
MAS__WMarseilles_v2_LS_f18576.png,MAS__WMarseilles_v2_LS,MAS,22,18576,33.1
MAS__WMarseilles_v2_LS_f19956.png,MAS__WMarseilles_v2_LS,MAS,23,19956,38.3
MAS__WMarseilles_v2_LS_f25446.png,MAS__WMarseilles_v2_LS,MAS,24,25446,21.1
MAS__WMarseilles_v2_LS_f25866.png,MAS__WMarseilles_v2_LS,MAS,25,25866,41.9
MAS__WMarseilles_v2_LS_f2796.png,MAS__WMarseilles_v2_LS,MAS,1,2796,g1/propagated
MAS__WMarseilles_v2_LS_f2805.png,MAS__WMarseilles_v2_LS,MAS,1,2805,g1/propagated
MAS__WMarseilles_v2_LS_f2814.png,MAS__WMarseilles_v2_LS,MAS,1,2814,g1/propagated
MAS__WMarseilles_v2_LS_f2823.png,MAS__WMarseilles_v2_LS,MAS,1,2823,g1/propagated
MAS__WMarseilles_v2_LS_f2832.png,MAS__WMarseilles_v2_LS,MAS,1,2832,g1/propagated
MAS__WMarseilles_v2_LS_f2841.png,MAS__WMarseilles_v2_LS,MAS,1,2841,g1/propagated
MAS__WMarseilles_v2_LS_f2850.png,MAS__WMarseilles_v2_LS,MAS,1,2850,g1/propagated
MAS__WMarseilles_v2_LS_f2859.png,MAS__WMarseilles_v2_LS,MAS,1,2859,g1/propagated
MAS__WMarseilles_v2_LS_f2868.png,MAS__WMarseilles_v2_LS,MAS,1,2868,g1/propagated
MAS__WMarseilles_v2_LS_f2877.png,MAS__WMarseilles_v2_LS,MAS,1,2877,g1/propagated
MAS__WMarseilles_v2_LS_f2886.png,MAS__WMarseilles_v2_LS,MAS,1,2886,g1/verified
MAS__WMarseilles_v2_LS_f2895.png,MAS__WMarseilles_v2_LS,MAS,1,2895,g1/propagated
MAS__WMarseilles_v2_LS_f2904.png,MAS__WMarseilles_v2_LS,MAS,1,2904,g1/propagated
MAS__WMarseilles_v2_LS_f2913.png,MAS__WMarseilles_v2_LS,MAS,1,2913,g1/propagated
MAS__WMarseilles_v2_LS_f2922.png,MAS__WMarseilles_v2_LS,MAS,1,2922,g1/propagated
MAS__WMarseilles_v2_LS_f2931.png,MAS__WMarseilles_v2_LS,MAS,1,2931,g1/propagated
MAS__WMarseilles_v2_LS_f2940.png,MAS__WMarseilles_v2_LS,MAS,1,2940,g1/propagated
MAS__WMarseilles_v2_LS_f2949.png,MAS__WMarseilles_v2_LS,MAS,1,2949,g1/propagated
MAS__WMarseilles_v2_LS_f2958.png,MAS__WMarseilles_v2_LS,MAS,1,2958,g1/propagated
MAS__WMarseilles_v2_LS_f2967.png,MAS__WMarseilles_v2_LS,MAS,1,2967,g1/propagated
MAS__WMarseilles_v2_LS_f2976.png,MAS__WMarseilles_v2_LS,MAS,1,2976,g1/propagated
MAS__WMarseilles_v2_LS_f30060.png,MAS__WMarseilles_v2_LS,MAS,26,30060,22.3
MAS__WMarseilles_v2_LS_f30702.png,MAS__WMarseilles_v2_LS,MAS,27,30702,33.2
MAS__WMarseilles_v2_LS_f31020.png,MAS__WMarseilles_v2_LS,MAS,28,31020,21.8
MAS__WMarseilles_v2_LS_f31524.png,MAS__WMarseilles_v2_LS,MAS,29,31524,31.5
MAS__WMarseilles_v2_LS_f31686.png,MAS__WMarseilles_v2_LS,MAS,30,31686,20.5
MAS__WMarseilles_v2_LS_f32184.png,MAS__WMarseilles_v2_LS,MAS,31,32184,20.7
MAS__WMarseilles_v2_LS_f32616.png,MAS__WMarseilles_v2_LS,MAS,32,32616,20.3
MAS__WMarseilles_v2_LS_f32856.png,MAS__WMarseilles_v2_LS,MAS,33,32856,21.2
MAS__WMarseilles_v2_LS_f33462.png,MAS__WMarseilles_v2_LS,MAS,34,33462,23.1
MAS__WMarseilles_v2_LS_f34212.png,MAS__WMarseilles_v2_LS,MAS,35,34212,25.0
MAS__WMarseilles_v2_LS_f34344.png,MAS__WMarseilles_v2_LS,MAS,36,34344,21.2
MAS__WMarseilles_v2_LS_f34680.png,MAS__WMarseilles_v2_LS,MAS,37,34680,26.2
MAS__WMarseilles_v2_LS_f35022.png,MAS__WMarseilles_v2_LS,MAS,38,35022,22.0
MAS__WMarseilles_v2_LS_f35262.png,MAS__WMarseilles_v2_LS,MAS,39,35262,30.7
MAS__WMarseilles_v2_LS_f4236.png,MAS__WMarseilles_v2_LS,MAS,2,4236,33.4
MAS__WMarseilles_v2_LS_f4896.png,MAS__WMarseilles_v2_LS,MAS,3,4896,21.4
MAS__WMarseilles_v2_LS_f5022.png,MAS__WMarseilles_v2_LS,MAS,4,5022,26.9
MAS__WMarseilles_v2_LS_f5130.png,MAS__WMarseilles_v2_LS,MAS,5,5130,20.8
MAS__WMarseilles_v2_LS_f5700.png,MAS__WMarseilles_v2_LS,MAS,6,5700,33.6
MAS__WMarseilles_v2_LS_f6588.png,MAS__WMarseilles_v2_LS,MAS,7,6588,28.4
MAS__WMarseilles_v2_LS_f6726.png,MAS__WMarseilles_v2_LS,MAS,8,6726,24.6
MAS__WMarseilles_v2_LS_f6996.png,MAS__WMarseilles_v2_LS,MAS,9,6996,31.4
MAS__WMarseilles_v2_LS_f7128.png,MAS__WMarseilles_v2_LS,MAS,10,7128,25.0
MAS__WMarseilles_v2_LS_f7926.png,MAS__WMarseilles_v2_LS,MAS,11,7926,27.6
MAS__WMarseilles_v2_LS_f8088.png,MAS__WMarseilles_v2_LS,MAS,12,8088,21.6
MAS__WMarseilles_v2_LS_f8334.png,MAS__WMarseilles_v2_LS,MAS,13,8334,33.9
MAS__WMarseilles_v2_LS_f8508.png,MAS__WMarseilles_v2_LS,MAS,14,8508,20.6
MAS__WMarseilles_v2_LS_f8598.png,MAS__WMarseilles_v2_LS,MAS,15,8598,34.1
MAS__WMarseilles_v2_LS_f9012.png,MAS__WMarseilles_v2_LS,MAS,16,9012,26.1
MAS__WMarseilles_v2_LS_f9552.png,MAS__WMarseilles_v2_LS,MAS,17,9552,34.6
MAS__WMarseilles_v2_LS_f9972.png,MAS__WMarseilles_v2_LS,MAS,18,9972,41.2
SHB__EagleCreekDrEtc_v1_LS_f10242.png,SHB__EagleCreekDrEtc_v1_LS,SHB,17,10242,28.2
SHB__EagleCreekDrEtc_v1_LS_f10710.png,SHB__EagleCreekDrEtc_v1_LS,SHB,18,10710,40.7
SHB__EagleCreekDrEtc_v1_LS_f1128.png,SHB__EagleCreekDrEtc_v1_LS,SHB,3,1128,g3/propagated
SHB__EagleCreekDrEtc_v1_LS_f11286.png,SHB__EagleCreekDrEtc_v1_LS,SHB,19,11286,34.9
SHB__EagleCreekDrEtc_v1_LS_f1137.png,SHB__EagleCreekDrEtc_v1_LS,SHB,3,1137,g3/propagated
SHB__EagleCreekDrEtc_v1_LS_f1146.png,SHB__EagleCreekDrEtc_v1_LS,SHB,3,1146,g3/propagated
SHB__EagleCreekDrEtc_v1_LS_f1155.png,SHB__EagleCreekDrEtc_v1_LS,SHB,3,1155,g3/propagated
SHB__EagleCreekDrEtc_v1_LS_f1164.png,SHB__EagleCreekDrEtc_v1_LS,SHB,3,1164,g3/propagated
SHB__EagleCreekDrEtc_v1_LS_f1173.png,SHB__EagleCreekDrEtc_v1_LS,SHB,3,1173,g3/propagated
SHB__EagleCreekDrEtc_v1_LS_f1182.png,SHB__EagleCreekDrEtc_v1_LS,SHB,3,1182,g3/propagated
SHB__EagleCreekDrEtc_v1_LS_f1191.png,SHB__EagleCreekDrEtc_v1_LS,SHB,3,1191,g3/propagated
SHB__EagleCreekDrEtc_v1_LS_f1200.png,SHB__EagleCreekDrEtc_v1_LS,SHB,3,1200,g3/propagated
SHB__EagleCreekDrEtc_v1_LS_f1209.png,SHB__EagleCreekDrEtc_v1_LS,SHB,3,1209,g3/propagated
SHB__EagleCreekDrEtc_v1_LS_f1218.png,SHB__EagleCreekDrEtc_v1_LS,SHB,3,1218,g3/verified
SHB__EagleCreekDrEtc_v1_LS_f1227.png,SHB__EagleCreekDrEtc_v1_LS,SHB,3,1227,g3/propagated
SHB__EagleCreekDrEtc_v1_LS_f1236.png,SHB__EagleCreekDrEtc_v1_LS,SHB,3,1236,g3/propagated
SHB__EagleCreekDrEtc_v1_LS_f1245.png,SHB__EagleCreekDrEtc_v1_LS,SHB,3,1245,g3/propagated
SHB__EagleCreekDrEtc_v1_LS_f1254.png,SHB__EagleCreekDrEtc_v1_LS,SHB,3,1254,g3/propagated
SHB__EagleCreekDrEtc_v1_LS_f126.png,SHB__EagleCreekDrEtc_v1_LS,SHB,1,126,25.3
SHB__EagleCreekDrEtc_v1_LS_f1263.png,SHB__EagleCreekDrEtc_v1_LS,SHB,3,1263,g3/propagated
SHB__EagleCreekDrEtc_v1_LS_f1272.png,SHB__EagleCreekDrEtc_v1_LS,SHB,3,1272,g3/propagated
SHB__EagleCreekDrEtc_v1_LS_f1281.png,SHB__EagleCreekDrEtc_v1_LS,SHB,3,1281,g3/propagated
SHB__EagleCreekDrEtc_v1_LS_f1290.png,SHB__EagleCreekDrEtc_v1_LS,SHB,3,1290,g3/propagated
SHB__EagleCreekDrEtc_v1_LS_f1299.png,SHB__EagleCreekDrEtc_v1_LS,SHB,3,1299,g3/propagated
SHB__EagleCreekDrEtc_v1_LS_f1308.png,SHB__EagleCreekDrEtc_v1_LS,SHB,3,1308,g3/propagated
SHB__EagleCreekDrEtc_v1_LS_f15600.png,SHB__EagleCreekDrEtc_v1_LS,SHB,20,15600,g1/lost
SHB__EagleCreekDrEtc_v1_LS_f15609.png,SHB__EagleCreekDrEtc_v1_LS,SHB,20,15609,g1/lost
SHB__EagleCreekDrEtc_v1_LS_f15618.png,SHB__EagleCreekDrEtc_v1_LS,SHB,20,15618,g1/lost
SHB__EagleCreekDrEtc_v1_LS_f15627.png,SHB__EagleCreekDrEtc_v1_LS,SHB,20,15627,g1/lost
SHB__EagleCreekDrEtc_v1_LS_f15636.png,SHB__EagleCreekDrEtc_v1_LS,SHB,20,15636,g1/lost
SHB__EagleCreekDrEtc_v1_LS_f15645.png,SHB__EagleCreekDrEtc_v1_LS,SHB,20,15645,g1/propagated
SHB__EagleCreekDrEtc_v1_LS_f15654.png,SHB__EagleCreekDrEtc_v1_LS,SHB,20,15654,g1/propagated
SHB__EagleCreekDrEtc_v1_LS_f15663.png,SHB__EagleCreekDrEtc_v1_LS,SHB,20,15663,g1/propagated
SHB__EagleCreekDrEtc_v1_LS_f15672.png,SHB__EagleCreekDrEtc_v1_LS,SHB,20,15672,g1/propagated
SHB__EagleCreekDrEtc_v1_LS_f15681.png,SHB__EagleCreekDrEtc_v1_LS,SHB,20,15681,g1/propagated
SHB__EagleCreekDrEtc_v1_LS_f15690.png,SHB__EagleCreekDrEtc_v1_LS,SHB,20,15690,g1/verified
SHB__EagleCreekDrEtc_v1_LS_f15699.png,SHB__EagleCreekDrEtc_v1_LS,SHB,20,15699,g1/lost
SHB__EagleCreekDrEtc_v1_LS_f15708.png,SHB__EagleCreekDrEtc_v1_LS,SHB,20,15708,g1/lost
SHB__EagleCreekDrEtc_v1_LS_f15717.png,SHB__EagleCreekDrEtc_v1_LS,SHB,20,15717,g1/lost
SHB__EagleCreekDrEtc_v1_LS_f15726.png,SHB__EagleCreekDrEtc_v1_LS,SHB,20,15726,g1/lost
SHB__EagleCreekDrEtc_v1_LS_f15735.png,SHB__EagleCreekDrEtc_v1_LS,SHB,20,15735,g1/lost
SHB__EagleCreekDrEtc_v1_LS_f15744.png,SHB__EagleCreekDrEtc_v1_LS,SHB,20,15744,g1/lost
SHB__EagleCreekDrEtc_v1_LS_f15753.png,SHB__EagleCreekDrEtc_v1_LS,SHB,20,15753,g1/lost
SHB__EagleCreekDrEtc_v1_LS_f15762.png,SHB__EagleCreekDrEtc_v1_LS,SHB,20,15762,g1/lost
SHB__EagleCreekDrEtc_v1_LS_f15771.png,SHB__EagleCreekDrEtc_v1_LS,SHB,20,15771,g1/lost
SHB__EagleCreekDrEtc_v1_LS_f15780.png,SHB__EagleCreekDrEtc_v1_LS,SHB,20,15780,g1/lost
SHB__EagleCreekDrEtc_v1_LS_f17226.png,SHB__EagleCreekDrEtc_v1_LS,SHB,21,17226,39.5
SHB__EagleCreekDrEtc_v1_LS_f17490.png,SHB__EagleCreekDrEtc_v1_LS,SHB,22,17490,34.8
SHB__EagleCreekDrEtc_v1_LS_f19218.png,SHB__EagleCreekDrEtc_v1_LS,SHB,23,19218,g2/propagated
SHB__EagleCreekDrEtc_v1_LS_f19227.png,SHB__EagleCreekDrEtc_v1_LS,SHB,23,19227,g2/propagated
SHB__EagleCreekDrEtc_v1_LS_f19236.png,SHB__EagleCreekDrEtc_v1_LS,SHB,23,19236,g2/propagated
SHB__EagleCreekDrEtc_v1_LS_f19245.png,SHB__EagleCreekDrEtc_v1_LS,SHB,23,19245,g2/propagated
SHB__EagleCreekDrEtc_v1_LS_f19254.png,SHB__EagleCreekDrEtc_v1_LS,SHB,23,19254,g2/propagated
SHB__EagleCreekDrEtc_v1_LS_f19263.png,SHB__EagleCreekDrEtc_v1_LS,SHB,23,19263,g2/propagated
SHB__EagleCreekDrEtc_v1_LS_f19272.png,SHB__EagleCreekDrEtc_v1_LS,SHB,23,19272,g2/propagated
SHB__EagleCreekDrEtc_v1_LS_f19281.png,SHB__EagleCreekDrEtc_v1_LS,SHB,23,19281,g2/propagated
SHB__EagleCreekDrEtc_v1_LS_f19290.png,SHB__EagleCreekDrEtc_v1_LS,SHB,23,19290,g2/propagated
SHB__EagleCreekDrEtc_v1_LS_f19299.png,SHB__EagleCreekDrEtc_v1_LS,SHB,23,19299,g2/propagated
SHB__EagleCreekDrEtc_v1_LS_f19308.png,SHB__EagleCreekDrEtc_v1_LS,SHB,23,19308,g2/verified
SHB__EagleCreekDrEtc_v1_LS_f19317.png,SHB__EagleCreekDrEtc_v1_LS,SHB,23,19317,g2/propagated
SHB__EagleCreekDrEtc_v1_LS_f19326.png,SHB__EagleCreekDrEtc_v1_LS,SHB,23,19326,g2/propagated
SHB__EagleCreekDrEtc_v1_LS_f19335.png,SHB__EagleCreekDrEtc_v1_LS,SHB,23,19335,g2/propagated
SHB__EagleCreekDrEtc_v1_LS_f19344.png,SHB__EagleCreekDrEtc_v1_LS,SHB,23,19344,g2/propagated
SHB__EagleCreekDrEtc_v1_LS_f19353.png,SHB__EagleCreekDrEtc_v1_LS,SHB,23,19353,g2/propagated
SHB__EagleCreekDrEtc_v1_LS_f19362.png,SHB__EagleCreekDrEtc_v1_LS,SHB,23,19362,g2/propagated
SHB__EagleCreekDrEtc_v1_LS_f19371.png,SHB__EagleCreekDrEtc_v1_LS,SHB,23,19371,g2/propagated
SHB__EagleCreekDrEtc_v1_LS_f19380.png,SHB__EagleCreekDrEtc_v1_LS,SHB,23,19380,g2/propagated
SHB__EagleCreekDrEtc_v1_LS_f19389.png,SHB__EagleCreekDrEtc_v1_LS,SHB,23,19389,g2/propagated
SHB__EagleCreekDrEtc_v1_LS_f19398.png,SHB__EagleCreekDrEtc_v1_LS,SHB,23,19398,g2/propagated
SHB__EagleCreekDrEtc_v1_LS_f21612.png,SHB__EagleCreekDrEtc_v1_LS,SHB,24,21612,55.6
SHB__EagleCreekDrEtc_v1_LS_f2232.png,SHB__EagleCreekDrEtc_v1_LS,SHB,4,2232,25.8
SHB__EagleCreekDrEtc_v1_LS_f2442.png,SHB__EagleCreekDrEtc_v1_LS,SHB,5,2442,28.8
SHB__EagleCreekDrEtc_v1_LS_f2922.png,SHB__EagleCreekDrEtc_v1_LS,SHB,6,2922,26.0
SHB__EagleCreekDrEtc_v1_LS_f30.png,SHB__EagleCreekDrEtc_v1_LS,SHB,0,30,NEW
SHB__EagleCreekDrEtc_v1_LS_f3276.png,SHB__EagleCreekDrEtc_v1_LS,SHB,7,3276,22.2
SHB__EagleCreekDrEtc_v1_LS_f3426.png,SHB__EagleCreekDrEtc_v1_LS,SHB,8,3426,42.1
SHB__EagleCreekDrEtc_v1_LS_f5190.png,SHB__EagleCreekDrEtc_v1_LS,SHB,9,5190,34.3
SHB__EagleCreekDrEtc_v1_LS_f5586.png,SHB__EagleCreekDrEtc_v1_LS,SHB,10,5586,g1/propagated
SHB__EagleCreekDrEtc_v1_LS_f5595.png,SHB__EagleCreekDrEtc_v1_LS,SHB,10,5595,g1/propagated
SHB__EagleCreekDrEtc_v1_LS_f5604.png,SHB__EagleCreekDrEtc_v1_LS,SHB,10,5604,g1/propagated
SHB__EagleCreekDrEtc_v1_LS_f5613.png,SHB__EagleCreekDrEtc_v1_LS,SHB,10,5613,g1/propagated
SHB__EagleCreekDrEtc_v1_LS_f5622.png,SHB__EagleCreekDrEtc_v1_LS,SHB,10,5622,g1/propagated
SHB__EagleCreekDrEtc_v1_LS_f5631.png,SHB__EagleCreekDrEtc_v1_LS,SHB,10,5631,g1/propagated
SHB__EagleCreekDrEtc_v1_LS_f5640.png,SHB__EagleCreekDrEtc_v1_LS,SHB,10,5640,g1/propagated
SHB__EagleCreekDrEtc_v1_LS_f5649.png,SHB__EagleCreekDrEtc_v1_LS,SHB,10,5649,g1/propagated
SHB__EagleCreekDrEtc_v1_LS_f5658.png,SHB__EagleCreekDrEtc_v1_LS,SHB,10,5658,g1/propagated
SHB__EagleCreekDrEtc_v1_LS_f5667.png,SHB__EagleCreekDrEtc_v1_LS,SHB,10,5667,g1/propagated
SHB__EagleCreekDrEtc_v1_LS_f5676.png,SHB__EagleCreekDrEtc_v1_LS,SHB,10,5676,g1/verified
SHB__EagleCreekDrEtc_v1_LS_f5685.png,SHB__EagleCreekDrEtc_v1_LS,SHB,10,5685,g1/propagated
SHB__EagleCreekDrEtc_v1_LS_f5694.png,SHB__EagleCreekDrEtc_v1_LS,SHB,10,5694,g1/lost
SHB__EagleCreekDrEtc_v1_LS_f5703.png,SHB__EagleCreekDrEtc_v1_LS,SHB,10,5703,g1/lost
SHB__EagleCreekDrEtc_v1_LS_f5712.png,SHB__EagleCreekDrEtc_v1_LS,SHB,10,5712,g1/lost
SHB__EagleCreekDrEtc_v1_LS_f5721.png,SHB__EagleCreekDrEtc_v1_LS,SHB,10,5721,g1/lost
SHB__EagleCreekDrEtc_v1_LS_f5730.png,SHB__EagleCreekDrEtc_v1_LS,SHB,10,5730,g1/lost
SHB__EagleCreekDrEtc_v1_LS_f5739.png,SHB__EagleCreekDrEtc_v1_LS,SHB,10,5739,g1/lost
SHB__EagleCreekDrEtc_v1_LS_f5748.png,SHB__EagleCreekDrEtc_v1_LS,SHB,10,5748,g1/lost
SHB__EagleCreekDrEtc_v1_LS_f5757.png,SHB__EagleCreekDrEtc_v1_LS,SHB,10,5757,g1/lost
SHB__EagleCreekDrEtc_v1_LS_f5766.png,SHB__EagleCreekDrEtc_v1_LS,SHB,10,5766,g1/lost
SHB__EagleCreekDrEtc_v1_LS_f672.png,SHB__EagleCreekDrEtc_v1_LS,SHB,2,672,29.1
SHB__EagleCreekDrEtc_v1_LS_f7266.png,SHB__EagleCreekDrEtc_v1_LS,SHB,11,7266,21.5
SHB__EagleCreekDrEtc_v1_LS_f7374.png,SHB__EagleCreekDrEtc_v1_LS,SHB,12,7374,23.3
SHB__EagleCreekDrEtc_v1_LS_f7830.png,SHB__EagleCreekDrEtc_v1_LS,SHB,13,7830,30.5
SHB__EagleCreekDrEtc_v1_LS_f8250.png,SHB__EagleCreekDrEtc_v1_LS,SHB,14,8250,20.5
SHB__EagleCreekDrEtc_v1_LS_f8400.png,SHB__EagleCreekDrEtc_v1_LS,SHB,15,8400,g2/lost
SHB__EagleCreekDrEtc_v1_LS_f8409.png,SHB__EagleCreekDrEtc_v1_LS,SHB,15,8409,g2/lost
SHB__EagleCreekDrEtc_v1_LS_f8418.png,SHB__EagleCreekDrEtc_v1_LS,SHB,15,8418,g2/lost
SHB__EagleCreekDrEtc_v1_LS_f8427.png,SHB__EagleCreekDrEtc_v1_LS,SHB,15,8427,g2/lost
SHB__EagleCreekDrEtc_v1_LS_f8436.png,SHB__EagleCreekDrEtc_v1_LS,SHB,15,8436,g2/lost
SHB__EagleCreekDrEtc_v1_LS_f8445.png,SHB__EagleCreekDrEtc_v1_LS,SHB,15,8445,g2/lost
SHB__EagleCreekDrEtc_v1_LS_f8454.png,SHB__EagleCreekDrEtc_v1_LS,SHB,15,8454,g2/propagated
SHB__EagleCreekDrEtc_v1_LS_f8463.png,SHB__EagleCreekDrEtc_v1_LS,SHB,15,8463,g2/propagated
SHB__EagleCreekDrEtc_v1_LS_f8472.png,SHB__EagleCreekDrEtc_v1_LS,SHB,15,8472,g2/propagated
SHB__EagleCreekDrEtc_v1_LS_f8481.png,SHB__EagleCreekDrEtc_v1_LS,SHB,15,8481,g2/propagated
SHB__EagleCreekDrEtc_v1_LS_f8490.png,SHB__EagleCreekDrEtc_v1_LS,SHB,15,8490,g2/verified
SHB__EagleCreekDrEtc_v1_LS_f8499.png,SHB__EagleCreekDrEtc_v1_LS,SHB,15,8499,g2/propagated
SHB__EagleCreekDrEtc_v1_LS_f8508.png,SHB__EagleCreekDrEtc_v1_LS,SHB,15,8508,g2/propagated
SHB__EagleCreekDrEtc_v1_LS_f8517.png,SHB__EagleCreekDrEtc_v1_LS,SHB,15,8517,g2/propagated
SHB__EagleCreekDrEtc_v1_LS_f8526.png,SHB__EagleCreekDrEtc_v1_LS,SHB,15,8526,g2/propagated
SHB__EagleCreekDrEtc_v1_LS_f8535.png,SHB__EagleCreekDrEtc_v1_LS,SHB,15,8535,g2/propagated
SHB__EagleCreekDrEtc_v1_LS_f8544.png,SHB__EagleCreekDrEtc_v1_LS,SHB,15,8544,g2/lost
SHB__EagleCreekDrEtc_v1_LS_f8553.png,SHB__EagleCreekDrEtc_v1_LS,SHB,15,8553,g2/lost
SHB__EagleCreekDrEtc_v1_LS_f8562.png,SHB__EagleCreekDrEtc_v1_LS,SHB,15,8562,g2/lost
SHB__EagleCreekDrEtc_v1_LS_f8571.png,SHB__EagleCreekDrEtc_v1_LS,SHB,15,8571,g2/lost
SHB__EagleCreekDrEtc_v1_LS_f8580.png,SHB__EagleCreekDrEtc_v1_LS,SHB,15,8580,g2/lost
SHB__EagleCreekDrEtc_v1_LS_f9198.png,SHB__EagleCreekDrEtc_v1_LS,SHB,16,9198,35.7
SHB__GolfDr_v1_LS_f10620.png,SHB__GolfDr_v1_LS,SHB,11,10620,23.4
SHB__GolfDr_v1_LS_f2076.png,SHB__GolfDr_v1_LS,SHB,1,2076,26.4
SHB__GolfDr_v1_LS_f30.png,SHB__GolfDr_v1_LS,SHB,0,30,21.1
SHB__GolfDr_v1_LS_f3354.png,SHB__GolfDr_v1_LS,SHB,2,3354,g2/lost
SHB__GolfDr_v1_LS_f3363.png,SHB__GolfDr_v1_LS,SHB,2,3363,g2/lost
SHB__GolfDr_v1_LS_f3372.png,SHB__GolfDr_v1_LS,SHB,2,3372,g2/lost
SHB__GolfDr_v1_LS_f3381.png,SHB__GolfDr_v1_LS,SHB,2,3381,g2/propagated
SHB__GolfDr_v1_LS_f3390.png,SHB__GolfDr_v1_LS,SHB,2,3390,g2/propagated
SHB__GolfDr_v1_LS_f3399.png,SHB__GolfDr_v1_LS,SHB,2,3399,g2/propagated
SHB__GolfDr_v1_LS_f3408.png,SHB__GolfDr_v1_LS,SHB,2,3408,g2/propagated
SHB__GolfDr_v1_LS_f3417.png,SHB__GolfDr_v1_LS,SHB,2,3417,g2/propagated
SHB__GolfDr_v1_LS_f3426.png,SHB__GolfDr_v1_LS,SHB,2,3426,g2/propagated
SHB__GolfDr_v1_LS_f3435.png,SHB__GolfDr_v1_LS,SHB,2,3435,g2/propagated
SHB__GolfDr_v1_LS_f3444.png,SHB__GolfDr_v1_LS,SHB,2,3444,g2/verified
SHB__GolfDr_v1_LS_f3453.png,SHB__GolfDr_v1_LS,SHB,2,3453,g2/propagated
SHB__GolfDr_v1_LS_f3462.png,SHB__GolfDr_v1_LS,SHB,2,3462,g2/propagated
SHB__GolfDr_v1_LS_f3471.png,SHB__GolfDr_v1_LS,SHB,2,3471,g2/propagated
SHB__GolfDr_v1_LS_f3480.png,SHB__GolfDr_v1_LS,SHB,2,3480,g2/propagated
SHB__GolfDr_v1_LS_f3489.png,SHB__GolfDr_v1_LS,SHB,2,3489,g2/propagated
SHB__GolfDr_v1_LS_f3498.png,SHB__GolfDr_v1_LS,SHB,2,3498,g2/propagated
SHB__GolfDr_v1_LS_f3507.png,SHB__GolfDr_v1_LS,SHB,2,3507,g2/propagated
SHB__GolfDr_v1_LS_f3516.png,SHB__GolfDr_v1_LS,SHB,2,3516,g2/propagated
SHB__GolfDr_v1_LS_f3525.png,SHB__GolfDr_v1_LS,SHB,2,3525,g2/propagated
SHB__GolfDr_v1_LS_f3534.png,SHB__GolfDr_v1_LS,SHB,2,3534,g2/propagated
SHB__GolfDr_v1_LS_f5400.png,SHB__GolfDr_v1_LS,SHB,3,5400,20.1
SHB__GolfDr_v1_LS_f6078.png,SHB__GolfDr_v1_LS,SHB,4,6078,26.3
SHB__GolfDr_v1_LS_f6360.png,SHB__GolfDr_v1_LS,SHB,5,6360,21.7
SHB__GolfDr_v1_LS_f6954.png,SHB__GolfDr_v1_LS,SHB,6,6954,25.6
SHB__GolfDr_v1_LS_f7092.png,SHB__GolfDr_v1_LS,SHB,7,7092,22.1
SHB__GolfDr_v1_LS_f7248.png,SHB__GolfDr_v1_LS,SHB,8,7248,20.9
SHB__GolfDr_v1_LS_f7422.png,SHB__GolfDr_v1_LS,SHB,9,7422,20.4
SHB__GolfDr_v1_LS_f8406.png,SHB__GolfDr_v1_LS,SHB,10,8406,42.7
SHB__NShelbyRdblue_v1_LS_f10140.png,SHB__NShelbyRdblue_v1_LS,SHB,18,10140,36.9
SHB__NShelbyRdblue_v1_LS_f10830.png,SHB__NShelbyRdblue_v1_LS,SHB,19,10830,22.9
SHB__NShelbyRdblue_v1_LS_f11124.png,SHB__NShelbyRdblue_v1_LS,SHB,20,11124,31.1
SHB__NShelbyRdblue_v1_LS_f1440.png,SHB__NShelbyRdblue_v1_LS,SHB,2,1440,20.8
SHB__NShelbyRdblue_v1_LS_f1596.png,SHB__NShelbyRdblue_v1_LS,SHB,3,1596,g6/propagated
SHB__NShelbyRdblue_v1_LS_f1605.png,SHB__NShelbyRdblue_v1_LS,SHB,3,1605,g6/propagated
SHB__NShelbyRdblue_v1_LS_f1614.png,SHB__NShelbyRdblue_v1_LS,SHB,3,1614,g6/propagated
SHB__NShelbyRdblue_v1_LS_f1623.png,SHB__NShelbyRdblue_v1_LS,SHB,3,1623,g6/propagated
SHB__NShelbyRdblue_v1_LS_f1632.png,SHB__NShelbyRdblue_v1_LS,SHB,3,1632,g6/propagated
SHB__NShelbyRdblue_v1_LS_f1641.png,SHB__NShelbyRdblue_v1_LS,SHB,3,1641,g6/propagated
SHB__NShelbyRdblue_v1_LS_f1650.png,SHB__NShelbyRdblue_v1_LS,SHB,3,1650,g6/propagated
SHB__NShelbyRdblue_v1_LS_f1659.png,SHB__NShelbyRdblue_v1_LS,SHB,3,1659,g6/propagated
SHB__NShelbyRdblue_v1_LS_f1668.png,SHB__NShelbyRdblue_v1_LS,SHB,3,1668,g6/propagated
SHB__NShelbyRdblue_v1_LS_f1677.png,SHB__NShelbyRdblue_v1_LS,SHB,3,1677,g6/propagated
SHB__NShelbyRdblue_v1_LS_f1686.png,SHB__NShelbyRdblue_v1_LS,SHB,3,1686,g6/verified
SHB__NShelbyRdblue_v1_LS_f1695.png,SHB__NShelbyRdblue_v1_LS,SHB,3,1695,g6/propagated
SHB__NShelbyRdblue_v1_LS_f1704.png,SHB__NShelbyRdblue_v1_LS,SHB,3,1704,g6/propagated
SHB__NShelbyRdblue_v1_LS_f1713.png,SHB__NShelbyRdblue_v1_LS,SHB,3,1713,g6/propagated
SHB__NShelbyRdblue_v1_LS_f1722.png,SHB__NShelbyRdblue_v1_LS,SHB,3,1722,g6/propagated
SHB__NShelbyRdblue_v1_LS_f1731.png,SHB__NShelbyRdblue_v1_LS,SHB,3,1731,g6/propagated
SHB__NShelbyRdblue_v1_LS_f1740.png,SHB__NShelbyRdblue_v1_LS,SHB,3,1740,g6/propagated
SHB__NShelbyRdblue_v1_LS_f1749.png,SHB__NShelbyRdblue_v1_LS,SHB,3,1749,g6/propagated
SHB__NShelbyRdblue_v1_LS_f1758.png,SHB__NShelbyRdblue_v1_LS,SHB,3,1758,g6/propagated
SHB__NShelbyRdblue_v1_LS_f1767.png,SHB__NShelbyRdblue_v1_LS,SHB,3,1767,g6/propagated
SHB__NShelbyRdblue_v1_LS_f1776.png,SHB__NShelbyRdblue_v1_LS,SHB,3,1776,g6/propagated
SHB__NShelbyRdblue_v1_LS_f2700.png,SHB__NShelbyRdblue_v1_LS,SHB,4,2700,23.3
SHB__NShelbyRdblue_v1_LS_f3264.png,SHB__NShelbyRdblue_v1_LS,SHB,5,3264,g2/propagated
SHB__NShelbyRdblue_v1_LS_f3273.png,SHB__NShelbyRdblue_v1_LS,SHB,5,3273,g2/propagated
SHB__NShelbyRdblue_v1_LS_f3282.png,SHB__NShelbyRdblue_v1_LS,SHB,5,3282,g2/propagated
SHB__NShelbyRdblue_v1_LS_f3291.png,SHB__NShelbyRdblue_v1_LS,SHB,5,3291,g2/propagated
SHB__NShelbyRdblue_v1_LS_f3300.png,SHB__NShelbyRdblue_v1_LS,SHB,5,3300,g2/propagated
SHB__NShelbyRdblue_v1_LS_f3309.png,SHB__NShelbyRdblue_v1_LS,SHB,5,3309,g2/propagated
SHB__NShelbyRdblue_v1_LS_f3318.png,SHB__NShelbyRdblue_v1_LS,SHB,5,3318,g2/propagated
SHB__NShelbyRdblue_v1_LS_f3327.png,SHB__NShelbyRdblue_v1_LS,SHB,5,3327,g2/propagated
SHB__NShelbyRdblue_v1_LS_f3336.png,SHB__NShelbyRdblue_v1_LS,SHB,5,3336,g2/propagated
SHB__NShelbyRdblue_v1_LS_f3345.png,SHB__NShelbyRdblue_v1_LS,SHB,5,3345,g2/propagated
SHB__NShelbyRdblue_v1_LS_f3354.png,SHB__NShelbyRdblue_v1_LS,SHB,5,3354,g2/verified
SHB__NShelbyRdblue_v1_LS_f3363.png,SHB__NShelbyRdblue_v1_LS,SHB,5,3363,g2/propagated
SHB__NShelbyRdblue_v1_LS_f3372.png,SHB__NShelbyRdblue_v1_LS,SHB,5,3372,g2/propagated
SHB__NShelbyRdblue_v1_LS_f3381.png,SHB__NShelbyRdblue_v1_LS,SHB,5,3381,g2/propagated
SHB__NShelbyRdblue_v1_LS_f3390.png,SHB__NShelbyRdblue_v1_LS,SHB,5,3390,g2/propagated
SHB__NShelbyRdblue_v1_LS_f3399.png,SHB__NShelbyRdblue_v1_LS,SHB,5,3399,g2/propagated
SHB__NShelbyRdblue_v1_LS_f3408.png,SHB__NShelbyRdblue_v1_LS,SHB,5,3408,g2/propagated
SHB__NShelbyRdblue_v1_LS_f3417.png,SHB__NShelbyRdblue_v1_LS,SHB,5,3417,g2/propagated
SHB__NShelbyRdblue_v1_LS_f3426.png,SHB__NShelbyRdblue_v1_LS,SHB,5,3426,g2/propagated
SHB__NShelbyRdblue_v1_LS_f3435.png,SHB__NShelbyRdblue_v1_LS,SHB,5,3435,g2/propagated
SHB__NShelbyRdblue_v1_LS_f3444.png,SHB__NShelbyRdblue_v1_LS,SHB,5,3444,g2/propagated
SHB__NShelbyRdblue_v1_LS_f3570.png,SHB__NShelbyRdblue_v1_LS,SHB,6,3570,21.8
SHB__NShelbyRdblue_v1_LS_f4146.png,SHB__NShelbyRdblue_v1_LS,SHB,7,4146,23.5
SHB__NShelbyRdblue_v1_LS_f4572.png,SHB__NShelbyRdblue_v1_LS,SHB,8,4572,21.6
SHB__NShelbyRdblue_v1_LS_f4644.png,SHB__NShelbyRdblue_v1_LS,SHB,9,4644,NEW
SHB__NShelbyRdblue_v1_LS_f6354.png,SHB__NShelbyRdblue_v1_LS,SHB,10,6354,43.4
SHB__NShelbyRdblue_v1_LS_f6942.png,SHB__NShelbyRdblue_v1_LS,SHB,11,6942,20.1
SHB__NShelbyRdblue_v1_LS_f7428.png,SHB__NShelbyRdblue_v1_LS,SHB,12,7428,32.0
SHB__NShelbyRdblue_v1_LS_f7836.png,SHB__NShelbyRdblue_v1_LS,SHB,13,7836,29.2
SHB__NShelbyRdblue_v1_LS_f8484.png,SHB__NShelbyRdblue_v1_LS,SHB,14,8484,g6/propagated
SHB__NShelbyRdblue_v1_LS_f8493.png,SHB__NShelbyRdblue_v1_LS,SHB,14,8493,g6/propagated
SHB__NShelbyRdblue_v1_LS_f8502.png,SHB__NShelbyRdblue_v1_LS,SHB,14,8502,g6/propagated
SHB__NShelbyRdblue_v1_LS_f8511.png,SHB__NShelbyRdblue_v1_LS,SHB,14,8511,g6/propagated
SHB__NShelbyRdblue_v1_LS_f8520.png,SHB__NShelbyRdblue_v1_LS,SHB,14,8520,g6/propagated
SHB__NShelbyRdblue_v1_LS_f8529.png,SHB__NShelbyRdblue_v1_LS,SHB,14,8529,g6/propagated
SHB__NShelbyRdblue_v1_LS_f8538.png,SHB__NShelbyRdblue_v1_LS,SHB,14,8538,g6/propagated
SHB__NShelbyRdblue_v1_LS_f8547.png,SHB__NShelbyRdblue_v1_LS,SHB,14,8547,g6/propagated
SHB__NShelbyRdblue_v1_LS_f8556.png,SHB__NShelbyRdblue_v1_LS,SHB,14,8556,g6/propagated
SHB__NShelbyRdblue_v1_LS_f8565.png,SHB__NShelbyRdblue_v1_LS,SHB,14,8565,g6/propagated
SHB__NShelbyRdblue_v1_LS_f8574.png,SHB__NShelbyRdblue_v1_LS,SHB,14,8574,g6/verified
SHB__NShelbyRdblue_v1_LS_f8583.png,SHB__NShelbyRdblue_v1_LS,SHB,14,8583,g6/propagated
SHB__NShelbyRdblue_v1_LS_f8592.png,SHB__NShelbyRdblue_v1_LS,SHB,14,8592,g6/propagated
SHB__NShelbyRdblue_v1_LS_f8601.png,SHB__NShelbyRdblue_v1_LS,SHB,14,8601,g6/propagated
SHB__NShelbyRdblue_v1_LS_f8610.png,SHB__NShelbyRdblue_v1_LS,SHB,14,8610,g6/propagated
SHB__NShelbyRdblue_v1_LS_f8619.png,SHB__NShelbyRdblue_v1_LS,SHB,14,8619,g6/propagated
SHB__NShelbyRdblue_v1_LS_f8628.png,SHB__NShelbyRdblue_v1_LS,SHB,14,8628,g6/propagated
SHB__NShelbyRdblue_v1_LS_f8637.png,SHB__NShelbyRdblue_v1_LS,SHB,14,8637,g6/propagated
SHB__NShelbyRdblue_v1_LS_f8646.png,SHB__NShelbyRdblue_v1_LS,SHB,14,8646,g6/propagated
SHB__NShelbyRdblue_v1_LS_f8655.png,SHB__NShelbyRdblue_v1_LS,SHB,14,8655,g6/propagated
SHB__NShelbyRdblue_v1_LS_f8664.png,SHB__NShelbyRdblue_v1_LS,SHB,14,8664,g6/propagated
SHB__NShelbyRdblue_v1_LS_f870.png,SHB__NShelbyRdblue_v1_LS,SHB,1,870,21.1
SHB__NShelbyRdblue_v1_LS_f9390.png,SHB__NShelbyRdblue_v1_LS,SHB,15,9390,36.4
SHB__NShelbyRdblue_v1_LS_f9594.png,SHB__NShelbyRdblue_v1_LS,SHB,16,9594,23.1
SHB__NShelbyRdblue_v1_LS_f96.png,SHB__NShelbyRdblue_v1_LS,SHB,0,96,22.9
SHB__NShelbyRdblue_v1_LS_f9894.png,SHB__NShelbyRdblue_v1_LS,SHB,17,9894,36.0
SHB__NShelbyRdgreen_v1_LS_f1086.png,SHB__NShelbyRdgreen_v1_LS,SHB,1,1086,27.4
SHB__NShelbyRdgreen_v1_LS_f1560.png,SHB__NShelbyRdgreen_v1_LS,SHB,2,1560,20.4
SHB__NShelbyRdgreen_v1_LS_f1662.png,SHB__NShelbyRdgreen_v1_LS,SHB,3,1662,20.9
SHB__NShelbyRdgreen_v1_LS_f1722.png,SHB__NShelbyRdgreen_v1_LS,SHB,4,1722,21.1
SHB__NShelbyRdgreen_v1_LS_f1818.png,SHB__NShelbyRdgreen_v1_LS,SHB,5,1818,20.0
SHB__NShelbyRdgreen_v1_LS_f2118.png,SHB__NShelbyRdgreen_v1_LS,SHB,6,2118,22.8
SHB__NShelbyRdgreen_v1_LS_f2268.png,SHB__NShelbyRdgreen_v1_LS,SHB,7,2268,21.7
SHB__NShelbyRdgreen_v1_LS_f2436.png,SHB__NShelbyRdgreen_v1_LS,SHB,8,2436,21.1
SHB__NShelbyRdgreen_v1_LS_f2514.png,SHB__NShelbyRdgreen_v1_LS,SHB,9,2514,20.8
SHB__NShelbyRdgreen_v1_LS_f3078.png,SHB__NShelbyRdgreen_v1_LS,SHB,10,3078,g1/verified
SHB__NShelbyRdgreen_v1_LS_f3087.png,SHB__NShelbyRdgreen_v1_LS,SHB,10,3087,g1/propagated
SHB__NShelbyRdgreen_v1_LS_f3096.png,SHB__NShelbyRdgreen_v1_LS,SHB,10,3096,g1/propagated
SHB__NShelbyRdgreen_v1_LS_f3105.png,SHB__NShelbyRdgreen_v1_LS,SHB,10,3105,g1/propagated
SHB__NShelbyRdgreen_v1_LS_f3114.png,SHB__NShelbyRdgreen_v1_LS,SHB,10,3114,g1/propagated
SHB__NShelbyRdgreen_v1_LS_f3123.png,SHB__NShelbyRdgreen_v1_LS,SHB,10,3123,g1/propagated
SHB__NShelbyRdgreen_v1_LS_f3132.png,SHB__NShelbyRdgreen_v1_LS,SHB,10,3132,g1/propagated
SHB__NShelbyRdgreen_v1_LS_f3141.png,SHB__NShelbyRdgreen_v1_LS,SHB,10,3141,g1/propagated
SHB__NShelbyRdgreen_v1_LS_f3150.png,SHB__NShelbyRdgreen_v1_LS,SHB,10,3150,g1/propagated
SHB__NShelbyRdgreen_v1_LS_f3159.png,SHB__NShelbyRdgreen_v1_LS,SHB,10,3159,g1/propagated
SHB__NShelbyRdgreen_v1_LS_f3168.png,SHB__NShelbyRdgreen_v1_LS,SHB,10,3168,g1/propagated
SHB__NShelbyRdgreen_v1_LS_f3300.png,SHB__NShelbyRdgreen_v1_LS,SHB,11,3300,30.4
SHB__NShelbyRdgreen_v1_LS_f4044.png,SHB__NShelbyRdgreen_v1_LS,SHB,12,4044,NEW
SHB__NShelbyRdgreen_v1_LS_f4188.png,SHB__NShelbyRdgreen_v1_LS,SHB,13,4188,21.7
SHB__NShelbyRdgreen_v1_LS_f4626.png,SHB__NShelbyRdgreen_v1_LS,SHB,14,4626,22.2
SHB__NShelbyRdgreen_v1_LS_f750.png,SHB__NShelbyRdgreen_v1_LS,SHB,0,750,50.9
SHB__NShelbyRdpink_v1_LS_f1284.png,SHB__NShelbyRdpink_v1_LS,SHB,2,1284,21.0
SHB__NShelbyRdpink_v1_LS_f1416.png,SHB__NShelbyRdpink_v1_LS,SHB,3,1416,NEW
SHB__NShelbyRdpink_v1_LS_f1662.png,SHB__NShelbyRdpink_v1_LS,SHB,4,1662,31.3
SHB__NShelbyRdpink_v1_LS_f2004.png,SHB__NShelbyRdpink_v1_LS,SHB,5,2004,21.1
SHB__NShelbyRdpink_v1_LS_f240.png,SHB__NShelbyRdpink_v1_LS,SHB,0,240,22.4
SHB__NShelbyRdpink_v1_LS_f2460.png,SHB__NShelbyRdpink_v1_LS,SHB,6,2460,NEW
SHB__NShelbyRdpink_v1_LS_f2586.png,SHB__NShelbyRdpink_v1_LS,SHB,7,2586,30.4
SHB__NShelbyRdpink_v1_LS_f3120.png,SHB__NShelbyRdpink_v1_LS,SHB,8,3120,32.3
SHB__NShelbyRdpink_v1_LS_f3762.png,SHB__NShelbyRdpink_v1_LS,SHB,9,3762,g1/propagated
SHB__NShelbyRdpink_v1_LS_f3771.png,SHB__NShelbyRdpink_v1_LS,SHB,9,3771,g1/propagated
SHB__NShelbyRdpink_v1_LS_f3780.png,SHB__NShelbyRdpink_v1_LS,SHB,9,3780,g1/propagated
SHB__NShelbyRdpink_v1_LS_f3789.png,SHB__NShelbyRdpink_v1_LS,SHB,9,3789,g1/propagated
SHB__NShelbyRdpink_v1_LS_f3798.png,SHB__NShelbyRdpink_v1_LS,SHB,9,3798,g1/propagated
SHB__NShelbyRdpink_v1_LS_f3807.png,SHB__NShelbyRdpink_v1_LS,SHB,9,3807,g1/propagated
SHB__NShelbyRdpink_v1_LS_f3816.png,SHB__NShelbyRdpink_v1_LS,SHB,9,3816,g1/propagated
SHB__NShelbyRdpink_v1_LS_f3825.png,SHB__NShelbyRdpink_v1_LS,SHB,9,3825,g1/propagated
SHB__NShelbyRdpink_v1_LS_f3834.png,SHB__NShelbyRdpink_v1_LS,SHB,9,3834,g1/propagated
SHB__NShelbyRdpink_v1_LS_f3843.png,SHB__NShelbyRdpink_v1_LS,SHB,9,3843,g1/propagated
SHB__NShelbyRdpink_v1_LS_f3852.png,SHB__NShelbyRdpink_v1_LS,SHB,9,3852,g1/verified
SHB__NShelbyRdpink_v1_LS_f3861.png,SHB__NShelbyRdpink_v1_LS,SHB,9,3861,g1/propagated
SHB__NShelbyRdpink_v1_LS_f3870.png,SHB__NShelbyRdpink_v1_LS,SHB,9,3870,g1/propagated
SHB__NShelbyRdpink_v1_LS_f4002.png,SHB__NShelbyRdpink_v1_LS,SHB,10,4002,30.0
SHB__NShelbyRdpink_v1_LS_f4476.png,SHB__NShelbyRdpink_v1_LS,SHB,11,4476,25.6
SHB__NShelbyRdpink_v1_LS_f5550.png,SHB__NShelbyRdpink_v1_LS,SHB,12,5550,33.6
SHB__NShelbyRdpink_v1_LS_f5976.png,SHB__NShelbyRdpink_v1_LS,SHB,13,5976,33.4
SHB__NShelbyRdpink_v1_LS_f7164.png,SHB__NShelbyRdpink_v1_LS,SHB,14,7164,35.2
SHB__NShelbyRdpink_v1_LS_f7338.png,SHB__NShelbyRdpink_v1_LS,SHB,15,7338,30.7
SHB__NShelbyRdpink_v1_LS_f7446.png,SHB__NShelbyRdpink_v1_LS,SHB,16,7446,22.5
SHB__NShelbyRdpink_v1_LS_f7860.png,SHB__NShelbyRdpink_v1_LS,SHB,17,7860,21.0
SHB__NShelbyRdpink_v1_LS_f8040.png,SHB__NShelbyRdpink_v1_LS,SHB,18,8040,24.0
SHB__NShelbyRdpink_v1_LS_f8166.png,SHB__NShelbyRdpink_v1_LS,SHB,19,8166,NEW
SHB__NShelbyRdpink_v1_LS_f858.png,SHB__NShelbyRdpink_v1_LS,SHB,1,858,20.9
SHB__NShelbyRdpink_v1_LS_f9114.png,SHB__NShelbyRdpink_v1_LS,SHB,20,9114,56.8
SHB__NWolfCreekblue_v1_LS_f10482.png,SHB__NWolfCreekblue_v1_LS,SHB,33,10482,23.0
SHB__NWolfCreekblue_v1_LS_f1062.png,SHB__NWolfCreekblue_v1_LS,SHB,4,1062,23.1
SHB__NWolfCreekblue_v1_LS_f10692.png,SHB__NWolfCreekblue_v1_LS,SHB,34,10692,23.9
SHB__NWolfCreekblue_v1_LS_f11022.png,SHB__NWolfCreekblue_v1_LS,SHB,35,11022,20.6
SHB__NWolfCreekblue_v1_LS_f11238.png,SHB__NWolfCreekblue_v1_LS,SHB,36,11238,26.5
SHB__NWolfCreekblue_v1_LS_f11406.png,SHB__NWolfCreekblue_v1_LS,SHB,37,11406,21.4
SHB__NWolfCreekblue_v1_LS_f11862.png,SHB__NWolfCreekblue_v1_LS,SHB,38,11862,22.7
SHB__NWolfCreekblue_v1_LS_f11958.png,SHB__NWolfCreekblue_v1_LS,SHB,39,11958,31.9
SHB__NWolfCreekblue_v1_LS_f12222.png,SHB__NWolfCreekblue_v1_LS,SHB,40,12222,20.4
SHB__NWolfCreekblue_v1_LS_f14016.png,SHB__NWolfCreekblue_v1_LS,SHB,41,14016,44.6
SHB__NWolfCreekblue_v1_LS_f14940.png,SHB__NWolfCreekblue_v1_LS,SHB,42,14940,g1/lost
SHB__NWolfCreekblue_v1_LS_f14949.png,SHB__NWolfCreekblue_v1_LS,SHB,42,14949,g1/lost
SHB__NWolfCreekblue_v1_LS_f14958.png,SHB__NWolfCreekblue_v1_LS,SHB,42,14958,g1/lost
SHB__NWolfCreekblue_v1_LS_f14967.png,SHB__NWolfCreekblue_v1_LS,SHB,42,14967,g1/lost
SHB__NWolfCreekblue_v1_LS_f14976.png,SHB__NWolfCreekblue_v1_LS,SHB,42,14976,g1/propagated
SHB__NWolfCreekblue_v1_LS_f14985.png,SHB__NWolfCreekblue_v1_LS,SHB,42,14985,g1/propagated
SHB__NWolfCreekblue_v1_LS_f14994.png,SHB__NWolfCreekblue_v1_LS,SHB,42,14994,g1/verified
SHB__NWolfCreekblue_v1_LS_f15003.png,SHB__NWolfCreekblue_v1_LS,SHB,42,15003,g1/propagated
SHB__NWolfCreekblue_v1_LS_f15012.png,SHB__NWolfCreekblue_v1_LS,SHB,42,15012,g1/propagated
SHB__NWolfCreekblue_v1_LS_f15021.png,SHB__NWolfCreekblue_v1_LS,SHB,42,15021,g1/lost
SHB__NWolfCreekblue_v1_LS_f15030.png,SHB__NWolfCreekblue_v1_LS,SHB,42,15030,g1/lost
SHB__NWolfCreekblue_v1_LS_f15039.png,SHB__NWolfCreekblue_v1_LS,SHB,42,15039,g1/lost
SHB__NWolfCreekblue_v1_LS_f15048.png,SHB__NWolfCreekblue_v1_LS,SHB,42,15048,g1/lost
SHB__NWolfCreekblue_v1_LS_f15057.png,SHB__NWolfCreekblue_v1_LS,SHB,42,15057,g1/lost
SHB__NWolfCreekblue_v1_LS_f15066.png,SHB__NWolfCreekblue_v1_LS,SHB,42,15066,g1/lost
SHB__NWolfCreekblue_v1_LS_f15075.png,SHB__NWolfCreekblue_v1_LS,SHB,42,15075,g1/lost
SHB__NWolfCreekblue_v1_LS_f15084.png,SHB__NWolfCreekblue_v1_LS,SHB,42,15084,g1/lost
SHB__NWolfCreekblue_v1_LS_f1524.png,SHB__NWolfCreekblue_v1_LS,SHB,5,1524,20.7
SHB__NWolfCreekblue_v1_LS_f15384.png,SHB__NWolfCreekblue_v1_LS,SHB,43,15384,20.4
SHB__NWolfCreekblue_v1_LS_f16032.png,SHB__NWolfCreekblue_v1_LS,SHB,44,16032,g2/propagated
SHB__NWolfCreekblue_v1_LS_f16041.png,SHB__NWolfCreekblue_v1_LS,SHB,44,16041,g2/propagated
SHB__NWolfCreekblue_v1_LS_f16050.png,SHB__NWolfCreekblue_v1_LS,SHB,44,16050,g2/propagated
SHB__NWolfCreekblue_v1_LS_f16059.png,SHB__NWolfCreekblue_v1_LS,SHB,44,16059,g2/propagated
SHB__NWolfCreekblue_v1_LS_f16068.png,SHB__NWolfCreekblue_v1_LS,SHB,44,16068,g2/propagated
SHB__NWolfCreekblue_v1_LS_f16077.png,SHB__NWolfCreekblue_v1_LS,SHB,44,16077,g2/propagated
SHB__NWolfCreekblue_v1_LS_f16086.png,SHB__NWolfCreekblue_v1_LS,SHB,44,16086,g2/propagated
SHB__NWolfCreekblue_v1_LS_f16095.png,SHB__NWolfCreekblue_v1_LS,SHB,44,16095,g2/propagated
SHB__NWolfCreekblue_v1_LS_f16104.png,SHB__NWolfCreekblue_v1_LS,SHB,44,16104,g2/propagated
SHB__NWolfCreekblue_v1_LS_f16113.png,SHB__NWolfCreekblue_v1_LS,SHB,44,16113,g2/propagated
SHB__NWolfCreekblue_v1_LS_f16122.png,SHB__NWolfCreekblue_v1_LS,SHB,44,16122,g2/verified
SHB__NWolfCreekblue_v1_LS_f16131.png,SHB__NWolfCreekblue_v1_LS,SHB,44,16131,g2/propagated
SHB__NWolfCreekblue_v1_LS_f16140.png,SHB__NWolfCreekblue_v1_LS,SHB,44,16140,g2/propagated
SHB__NWolfCreekblue_v1_LS_f16149.png,SHB__NWolfCreekblue_v1_LS,SHB,44,16149,g2/propagated
SHB__NWolfCreekblue_v1_LS_f16158.png,SHB__NWolfCreekblue_v1_LS,SHB,44,16158,g2/propagated
SHB__NWolfCreekblue_v1_LS_f16167.png,SHB__NWolfCreekblue_v1_LS,SHB,44,16167,g2/propagated
SHB__NWolfCreekblue_v1_LS_f16176.png,SHB__NWolfCreekblue_v1_LS,SHB,44,16176,g2/propagated
SHB__NWolfCreekblue_v1_LS_f16185.png,SHB__NWolfCreekblue_v1_LS,SHB,44,16185,g2/propagated
SHB__NWolfCreekblue_v1_LS_f16194.png,SHB__NWolfCreekblue_v1_LS,SHB,44,16194,g2/propagated
SHB__NWolfCreekblue_v1_LS_f16203.png,SHB__NWolfCreekblue_v1_LS,SHB,44,16203,g2/propagated
SHB__NWolfCreekblue_v1_LS_f16212.png,SHB__NWolfCreekblue_v1_LS,SHB,44,16212,g2/propagated
SHB__NWolfCreekblue_v1_LS_f1740.png,SHB__NWolfCreekblue_v1_LS,SHB,6,1740,23.9
SHB__NWolfCreekblue_v1_LS_f18792.png,SHB__NWolfCreekblue_v1_LS,SHB,45,18792,41.2
SHB__NWolfCreekblue_v1_LS_f20244.png,SHB__NWolfCreekblue_v1_LS,SHB,46,20244,21.0
SHB__NWolfCreekblue_v1_LS_f2028.png,SHB__NWolfCreekblue_v1_LS,SHB,7,2028,22.4
SHB__NWolfCreekblue_v1_LS_f20622.png,SHB__NWolfCreekblue_v1_LS,SHB,47,20622,20.9
SHB__NWolfCreekblue_v1_LS_f21006.png,SHB__NWolfCreekblue_v1_LS,SHB,48,21006,20.4
SHB__NWolfCreekblue_v1_LS_f21126.png,SHB__NWolfCreekblue_v1_LS,SHB,49,21126,21.6
SHB__NWolfCreekblue_v1_LS_f21588.png,SHB__NWolfCreekblue_v1_LS,SHB,50,21588,22.2
SHB__NWolfCreekblue_v1_LS_f22038.png,SHB__NWolfCreekblue_v1_LS,SHB,51,22038,20.8
SHB__NWolfCreekblue_v1_LS_f22254.png,SHB__NWolfCreekblue_v1_LS,SHB,52,22254,23.9
SHB__NWolfCreekblue_v1_LS_f22590.png,SHB__NWolfCreekblue_v1_LS,SHB,53,22590,24.9
SHB__NWolfCreekblue_v1_LS_f23154.png,SHB__NWolfCreekblue_v1_LS,SHB,54,23154,22.0
SHB__NWolfCreekblue_v1_LS_f23412.png,SHB__NWolfCreekblue_v1_LS,SHB,55,23412,21.2
SHB__NWolfCreekblue_v1_LS_f23634.png,SHB__NWolfCreekblue_v1_LS,SHB,56,23634,20.8
SHB__NWolfCreekblue_v1_LS_f23988.png,SHB__NWolfCreekblue_v1_LS,SHB,57,23988,21.8
SHB__NWolfCreekblue_v1_LS_f24258.png,SHB__NWolfCreekblue_v1_LS,SHB,58,24258,21.1
SHB__NWolfCreekblue_v1_LS_f24342.png,SHB__NWolfCreekblue_v1_LS,SHB,59,24342,20.7
SHB__NWolfCreekblue_v1_LS_f24744.png,SHB__NWolfCreekblue_v1_LS,SHB,60,24744,20.0
SHB__NWolfCreekblue_v1_LS_f25770.png,SHB__NWolfCreekblue_v1_LS,SHB,61,25770,31.3
SHB__NWolfCreekblue_v1_LS_f26028.png,SHB__NWolfCreekblue_v1_LS,SHB,62,26028,21.2
SHB__NWolfCreekblue_v1_LS_f26160.png,SHB__NWolfCreekblue_v1_LS,SHB,63,26160,20.2
SHB__NWolfCreekblue_v1_LS_f26388.png,SHB__NWolfCreekblue_v1_LS,SHB,64,26388,30.0
SHB__NWolfCreekblue_v1_LS_f2658.png,SHB__NWolfCreekblue_v1_LS,SHB,8,2658,21.2
SHB__NWolfCreekblue_v1_LS_f26580.png,SHB__NWolfCreekblue_v1_LS,SHB,65,26580,21.0
SHB__NWolfCreekblue_v1_LS_f26772.png,SHB__NWolfCreekblue_v1_LS,SHB,66,26772,21.7
SHB__NWolfCreekblue_v1_LS_f27090.png,SHB__NWolfCreekblue_v1_LS,SHB,67,27090,22.8
SHB__NWolfCreekblue_v1_LS_f27228.png,SHB__NWolfCreekblue_v1_LS,SHB,68,27228,23.2
SHB__NWolfCreekblue_v1_LS_f28122.png,SHB__NWolfCreekblue_v1_LS,SHB,69,28122,g1/propagated
SHB__NWolfCreekblue_v1_LS_f28131.png,SHB__NWolfCreekblue_v1_LS,SHB,69,28131,g1/propagated
SHB__NWolfCreekblue_v1_LS_f28140.png,SHB__NWolfCreekblue_v1_LS,SHB,69,28140,g1/propagated
SHB__NWolfCreekblue_v1_LS_f28149.png,SHB__NWolfCreekblue_v1_LS,SHB,69,28149,g1/propagated
SHB__NWolfCreekblue_v1_LS_f28158.png,SHB__NWolfCreekblue_v1_LS,SHB,69,28158,g1/propagated
SHB__NWolfCreekblue_v1_LS_f28167.png,SHB__NWolfCreekblue_v1_LS,SHB,69,28167,g1/propagated
SHB__NWolfCreekblue_v1_LS_f28176.png,SHB__NWolfCreekblue_v1_LS,SHB,69,28176,g1/propagated
SHB__NWolfCreekblue_v1_LS_f28185.png,SHB__NWolfCreekblue_v1_LS,SHB,69,28185,g1/propagated
SHB__NWolfCreekblue_v1_LS_f28194.png,SHB__NWolfCreekblue_v1_LS,SHB,69,28194,g1/propagated
SHB__NWolfCreekblue_v1_LS_f28203.png,SHB__NWolfCreekblue_v1_LS,SHB,69,28203,g1/propagated
SHB__NWolfCreekblue_v1_LS_f28212.png,SHB__NWolfCreekblue_v1_LS,SHB,69,28212,g1/verified
SHB__NWolfCreekblue_v1_LS_f28221.png,SHB__NWolfCreekblue_v1_LS,SHB,69,28221,g1/propagated
SHB__NWolfCreekblue_v1_LS_f28230.png,SHB__NWolfCreekblue_v1_LS,SHB,69,28230,g1/propagated
SHB__NWolfCreekblue_v1_LS_f28239.png,SHB__NWolfCreekblue_v1_LS,SHB,69,28239,g1/propagated
SHB__NWolfCreekblue_v1_LS_f28248.png,SHB__NWolfCreekblue_v1_LS,SHB,69,28248,g1/lost
SHB__NWolfCreekblue_v1_LS_f28257.png,SHB__NWolfCreekblue_v1_LS,SHB,69,28257,g1/lost
SHB__NWolfCreekblue_v1_LS_f28266.png,SHB__NWolfCreekblue_v1_LS,SHB,69,28266,g1/lost
SHB__NWolfCreekblue_v1_LS_f28275.png,SHB__NWolfCreekblue_v1_LS,SHB,69,28275,g1/lost
SHB__NWolfCreekblue_v1_LS_f28284.png,SHB__NWolfCreekblue_v1_LS,SHB,69,28284,g1/lost
SHB__NWolfCreekblue_v1_LS_f28293.png,SHB__NWolfCreekblue_v1_LS,SHB,69,28293,g1/lost
SHB__NWolfCreekblue_v1_LS_f28302.png,SHB__NWolfCreekblue_v1_LS,SHB,69,28302,g1/lost
SHB__NWolfCreekblue_v1_LS_f28968.png,SHB__NWolfCreekblue_v1_LS,SHB,70,28968,23.2
SHB__NWolfCreekblue_v1_LS_f29214.png,SHB__NWolfCreekblue_v1_LS,SHB,71,29214,NEW
SHB__NWolfCreekblue_v1_LS_f2928.png,SHB__NWolfCreekblue_v1_LS,SHB,9,2928,21.8
SHB__NWolfCreekblue_v1_LS_f30.png,SHB__NWolfCreekblue_v1_LS,SHB,0,30,44.3
SHB__NWolfCreekblue_v1_LS_f30300.png,SHB__NWolfCreekblue_v1_LS,SHB,72,30300,26.9
SHB__NWolfCreekblue_v1_LS_f30900.png,SHB__NWolfCreekblue_v1_LS,SHB,73,30900,21.4
SHB__NWolfCreekblue_v1_LS_f31416.png,SHB__NWolfCreekblue_v1_LS,SHB,74,31416,NEW
SHB__NWolfCreekblue_v1_LS_f31584.png,SHB__NWolfCreekblue_v1_LS,SHB,75,31584,21.5
SHB__NWolfCreekblue_v1_LS_f31722.png,SHB__NWolfCreekblue_v1_LS,SHB,76,31722,20.9
SHB__NWolfCreekblue_v1_LS_f3186.png,SHB__NWolfCreekblue_v1_LS,SHB,10,3186,20.2
SHB__NWolfCreekblue_v1_LS_f31974.png,SHB__NWolfCreekblue_v1_LS,SHB,77,31974,20.4
SHB__NWolfCreekblue_v1_LS_f32100.png,SHB__NWolfCreekblue_v1_LS,SHB,78,32100,20.3
SHB__NWolfCreekblue_v1_LS_f32394.png,SHB__NWolfCreekblue_v1_LS,SHB,79,32394,20.7
SHB__NWolfCreekblue_v1_LS_f32706.png,SHB__NWolfCreekblue_v1_LS,SHB,80,32706,41.5
SHB__NWolfCreekblue_v1_LS_f33426.png,SHB__NWolfCreekblue_v1_LS,SHB,81,33426,23.8
SHB__NWolfCreekblue_v1_LS_f33612.png,SHB__NWolfCreekblue_v1_LS,SHB,82,33612,20.3
SHB__NWolfCreekblue_v1_LS_f34410.png,SHB__NWolfCreekblue_v1_LS,SHB,83,34410,23.0
SHB__NWolfCreekblue_v1_LS_f34824.png,SHB__NWolfCreekblue_v1_LS,SHB,84,34824,46.5
SHB__NWolfCreekblue_v1_LS_f3564.png,SHB__NWolfCreekblue_v1_LS,SHB,11,3564,27.0
SHB__NWolfCreekblue_v1_LS_f3762.png,SHB__NWolfCreekblue_v1_LS,SHB,12,3762,23.5
SHB__NWolfCreekblue_v1_LS_f38946.png,SHB__NWolfCreekblue_v1_LS,SHB,85,38946,25.5
SHB__NWolfCreekblue_v1_LS_f39138.png,SHB__NWolfCreekblue_v1_LS,SHB,86,39138,21.0
SHB__NWolfCreekblue_v1_LS_f3924.png,SHB__NWolfCreekblue_v1_LS,SHB,13,3924,g1/propagated
SHB__NWolfCreekblue_v1_LS_f3933.png,SHB__NWolfCreekblue_v1_LS,SHB,13,3933,g1/propagated
SHB__NWolfCreekblue_v1_LS_f3942.png,SHB__NWolfCreekblue_v1_LS,SHB,13,3942,g1/propagated
SHB__NWolfCreekblue_v1_LS_f3951.png,SHB__NWolfCreekblue_v1_LS,SHB,13,3951,g1/propagated
SHB__NWolfCreekblue_v1_LS_f3960.png,SHB__NWolfCreekblue_v1_LS,SHB,13,3960,g1/propagated
SHB__NWolfCreekblue_v1_LS_f3969.png,SHB__NWolfCreekblue_v1_LS,SHB,13,3969,g1/propagated
SHB__NWolfCreekblue_v1_LS_f3978.png,SHB__NWolfCreekblue_v1_LS,SHB,13,3978,g1/propagated
SHB__NWolfCreekblue_v1_LS_f3987.png,SHB__NWolfCreekblue_v1_LS,SHB,13,3987,g1/propagated
SHB__NWolfCreekblue_v1_LS_f39912.png,SHB__NWolfCreekblue_v1_LS,SHB,87,39912,g1/propagated
SHB__NWolfCreekblue_v1_LS_f39921.png,SHB__NWolfCreekblue_v1_LS,SHB,87,39921,g1/propagated
SHB__NWolfCreekblue_v1_LS_f39930.png,SHB__NWolfCreekblue_v1_LS,SHB,87,39930,g1/propagated
SHB__NWolfCreekblue_v1_LS_f39939.png,SHB__NWolfCreekblue_v1_LS,SHB,87,39939,g1/propagated
SHB__NWolfCreekblue_v1_LS_f39948.png,SHB__NWolfCreekblue_v1_LS,SHB,87,39948,g1/propagated
SHB__NWolfCreekblue_v1_LS_f39957.png,SHB__NWolfCreekblue_v1_LS,SHB,87,39957,g1/propagated
SHB__NWolfCreekblue_v1_LS_f3996.png,SHB__NWolfCreekblue_v1_LS,SHB,13,3996,g1/propagated
SHB__NWolfCreekblue_v1_LS_f39966.png,SHB__NWolfCreekblue_v1_LS,SHB,87,39966,g1/propagated
SHB__NWolfCreekblue_v1_LS_f39975.png,SHB__NWolfCreekblue_v1_LS,SHB,87,39975,g1/propagated
SHB__NWolfCreekblue_v1_LS_f39984.png,SHB__NWolfCreekblue_v1_LS,SHB,87,39984,g1/propagated
SHB__NWolfCreekblue_v1_LS_f39993.png,SHB__NWolfCreekblue_v1_LS,SHB,87,39993,g1/propagated
SHB__NWolfCreekblue_v1_LS_f40002.png,SHB__NWolfCreekblue_v1_LS,SHB,87,40002,g1/verified
SHB__NWolfCreekblue_v1_LS_f40011.png,SHB__NWolfCreekblue_v1_LS,SHB,87,40011,g1/propagated
SHB__NWolfCreekblue_v1_LS_f40020.png,SHB__NWolfCreekblue_v1_LS,SHB,87,40020,g1/propagated
SHB__NWolfCreekblue_v1_LS_f40029.png,SHB__NWolfCreekblue_v1_LS,SHB,87,40029,g1/propagated
SHB__NWolfCreekblue_v1_LS_f40038.png,SHB__NWolfCreekblue_v1_LS,SHB,87,40038,g1/lost
SHB__NWolfCreekblue_v1_LS_f40047.png,SHB__NWolfCreekblue_v1_LS,SHB,87,40047,g1/lost
SHB__NWolfCreekblue_v1_LS_f4005.png,SHB__NWolfCreekblue_v1_LS,SHB,13,4005,g1/propagated
SHB__NWolfCreekblue_v1_LS_f40056.png,SHB__NWolfCreekblue_v1_LS,SHB,87,40056,g1/lost
SHB__NWolfCreekblue_v1_LS_f40065.png,SHB__NWolfCreekblue_v1_LS,SHB,87,40065,g1/lost
SHB__NWolfCreekblue_v1_LS_f40074.png,SHB__NWolfCreekblue_v1_LS,SHB,87,40074,g1/lost
SHB__NWolfCreekblue_v1_LS_f40083.png,SHB__NWolfCreekblue_v1_LS,SHB,87,40083,g1/lost
SHB__NWolfCreekblue_v1_LS_f40092.png,SHB__NWolfCreekblue_v1_LS,SHB,87,40092,g1/lost
SHB__NWolfCreekblue_v1_LS_f4014.png,SHB__NWolfCreekblue_v1_LS,SHB,13,4014,g1/verified
SHB__NWolfCreekblue_v1_LS_f4023.png,SHB__NWolfCreekblue_v1_LS,SHB,13,4023,g1/propagated
SHB__NWolfCreekblue_v1_LS_f4032.png,SHB__NWolfCreekblue_v1_LS,SHB,13,4032,g1/propagated
SHB__NWolfCreekblue_v1_LS_f4041.png,SHB__NWolfCreekblue_v1_LS,SHB,13,4041,g1/propagated
SHB__NWolfCreekblue_v1_LS_f4050.png,SHB__NWolfCreekblue_v1_LS,SHB,13,4050,g1/propagated
SHB__NWolfCreekblue_v1_LS_f4059.png,SHB__NWolfCreekblue_v1_LS,SHB,13,4059,g1/propagated
SHB__NWolfCreekblue_v1_LS_f4068.png,SHB__NWolfCreekblue_v1_LS,SHB,13,4068,g1/propagated
SHB__NWolfCreekblue_v1_LS_f4077.png,SHB__NWolfCreekblue_v1_LS,SHB,13,4077,g1/propagated
SHB__NWolfCreekblue_v1_LS_f4086.png,SHB__NWolfCreekblue_v1_LS,SHB,13,4086,g1/propagated
SHB__NWolfCreekblue_v1_LS_f4095.png,SHB__NWolfCreekblue_v1_LS,SHB,13,4095,g1/propagated
SHB__NWolfCreekblue_v1_LS_f40974.png,SHB__NWolfCreekblue_v1_LS,SHB,88,40974,26.6
SHB__NWolfCreekblue_v1_LS_f4104.png,SHB__NWolfCreekblue_v1_LS,SHB,13,4104,g1/propagated
SHB__NWolfCreekblue_v1_LS_f41064.png,SHB__NWolfCreekblue_v1_LS,SHB,89,41064,23.1
SHB__NWolfCreekblue_v1_LS_f41244.png,SHB__NWolfCreekblue_v1_LS,SHB,90,41244,20.2
SHB__NWolfCreekblue_v1_LS_f41568.png,SHB__NWolfCreekblue_v1_LS,SHB,91,41568,21.1
SHB__NWolfCreekblue_v1_LS_f41748.png,SHB__NWolfCreekblue_v1_LS,SHB,92,41748,20.7
SHB__NWolfCreekblue_v1_LS_f42198.png,SHB__NWolfCreekblue_v1_LS,SHB,93,42198,25.6
SHB__NWolfCreekblue_v1_LS_f4278.png,SHB__NWolfCreekblue_v1_LS,SHB,14,4278,g1/lost
SHB__NWolfCreekblue_v1_LS_f4287.png,SHB__NWolfCreekblue_v1_LS,SHB,14,4287,g1/propagated
SHB__NWolfCreekblue_v1_LS_f42936.png,SHB__NWolfCreekblue_v1_LS,SHB,94,42936,23.8
SHB__NWolfCreekblue_v1_LS_f4296.png,SHB__NWolfCreekblue_v1_LS,SHB,14,4296,g1/verified
SHB__NWolfCreekblue_v1_LS_f43452.png,SHB__NWolfCreekblue_v1_LS,SHB,95,43452,21.9
SHB__NWolfCreekblue_v1_LS_f43944.png,SHB__NWolfCreekblue_v1_LS,SHB,96,43944,27.0
SHB__NWolfCreekblue_v1_LS_f44298.png,SHB__NWolfCreekblue_v1_LS,SHB,97,44298,21.9
SHB__NWolfCreekblue_v1_LS_f44490.png,SHB__NWolfCreekblue_v1_LS,SHB,98,44490,NEW
SHB__NWolfCreekblue_v1_LS_f45150.png,SHB__NWolfCreekblue_v1_LS,SHB,99,45150,23.5
SHB__NWolfCreekblue_v1_LS_f45672.png,SHB__NWolfCreekblue_v1_LS,SHB,100,45672,22.4
SHB__NWolfCreekblue_v1_LS_f45966.png,SHB__NWolfCreekblue_v1_LS,SHB,101,45966,22.8
SHB__NWolfCreekblue_v1_LS_f46158.png,SHB__NWolfCreekblue_v1_LS,SHB,102,46158,20.3
SHB__NWolfCreekblue_v1_LS_f4626.png,SHB__NWolfCreekblue_v1_LS,SHB,15,4626,28.7
SHB__NWolfCreekblue_v1_LS_f46350.png,SHB__NWolfCreekblue_v1_LS,SHB,103,46350,20.7
SHB__NWolfCreekblue_v1_LS_f46680.png,SHB__NWolfCreekblue_v1_LS,SHB,104,46680,20.5
SHB__NWolfCreekblue_v1_LS_f47004.png,SHB__NWolfCreekblue_v1_LS,SHB,105,47004,22.8
SHB__NWolfCreekblue_v1_LS_f47268.png,SHB__NWolfCreekblue_v1_LS,SHB,106,47268,20.1
SHB__NWolfCreekblue_v1_LS_f47604.png,SHB__NWolfCreekblue_v1_LS,SHB,107,47604,24.5
SHB__NWolfCreekblue_v1_LS_f47922.png,SHB__NWolfCreekblue_v1_LS,SHB,108,47922,23.0
SHB__NWolfCreekblue_v1_LS_f48258.png,SHB__NWolfCreekblue_v1_LS,SHB,109,48258,23.6
SHB__NWolfCreekblue_v1_LS_f48870.png,SHB__NWolfCreekblue_v1_LS,SHB,110,48870,23.3
SHB__NWolfCreekblue_v1_LS_f49188.png,SHB__NWolfCreekblue_v1_LS,SHB,111,49188,26.6
SHB__NWolfCreekblue_v1_LS_f4977.png,SHB__NWolfCreekblue_v1_LS,SHB,16,4977,g1/propagated
SHB__NWolfCreekblue_v1_LS_f4986.png,SHB__NWolfCreekblue_v1_LS,SHB,16,4986,g1/verified
SHB__NWolfCreekblue_v1_LS_f4995.png,SHB__NWolfCreekblue_v1_LS,SHB,16,4995,g1/propagated
SHB__NWolfCreekblue_v1_LS_f5004.png,SHB__NWolfCreekblue_v1_LS,SHB,16,5004,g1/propagated
SHB__NWolfCreekblue_v1_LS_f510.png,SHB__NWolfCreekblue_v1_LS,SHB,1,510,g1/propagated
SHB__NWolfCreekblue_v1_LS_f51036.png,SHB__NWolfCreekblue_v1_LS,SHB,112,51036,33.5
SHB__NWolfCreekblue_v1_LS_f51462.png,SHB__NWolfCreekblue_v1_LS,SHB,113,51462,NEW
SHB__NWolfCreekblue_v1_LS_f51534.png,SHB__NWolfCreekblue_v1_LS,SHB,114,51534,NEW
SHB__NWolfCreekblue_v1_LS_f51816.png,SHB__NWolfCreekblue_v1_LS,SHB,115,51816,20.2
SHB__NWolfCreekblue_v1_LS_f519.png,SHB__NWolfCreekblue_v1_LS,SHB,1,519,g1/propagated
SHB__NWolfCreekblue_v1_LS_f52002.png,SHB__NWolfCreekblue_v1_LS,SHB,116,52002,21.7
SHB__NWolfCreekblue_v1_LS_f5214.png,SHB__NWolfCreekblue_v1_LS,SHB,17,5214,20.7
SHB__NWolfCreekblue_v1_LS_f528.png,SHB__NWolfCreekblue_v1_LS,SHB,1,528,g1/propagated
SHB__NWolfCreekblue_v1_LS_f52860.png,SHB__NWolfCreekblue_v1_LS,SHB,117,52860,33.8
SHB__NWolfCreekblue_v1_LS_f53250.png,SHB__NWolfCreekblue_v1_LS,SHB,118,53250,21.9
SHB__NWolfCreekblue_v1_LS_f53670.png,SHB__NWolfCreekblue_v1_LS,SHB,119,53670,21.1
SHB__NWolfCreekblue_v1_LS_f537.png,SHB__NWolfCreekblue_v1_LS,SHB,1,537,g1/propagated
SHB__NWolfCreekblue_v1_LS_f53814.png,SHB__NWolfCreekblue_v1_LS,SHB,120,53814,32.1
SHB__NWolfCreekblue_v1_LS_f54042.png,SHB__NWolfCreekblue_v1_LS,SHB,121,54042,29.4
SHB__NWolfCreekblue_v1_LS_f54252.png,SHB__NWolfCreekblue_v1_LS,SHB,122,54252,27.8
SHB__NWolfCreekblue_v1_LS_f546.png,SHB__NWolfCreekblue_v1_LS,SHB,1,546,g1/propagated
SHB__NWolfCreekblue_v1_LS_f54900.png,SHB__NWolfCreekblue_v1_LS,SHB,123,54900,28.2
SHB__NWolfCreekblue_v1_LS_f54984.png,SHB__NWolfCreekblue_v1_LS,SHB,124,54984,22.0
SHB__NWolfCreekblue_v1_LS_f55254.png,SHB__NWolfCreekblue_v1_LS,SHB,125,55254,21.7
SHB__NWolfCreekblue_v1_LS_f55386.png,SHB__NWolfCreekblue_v1_LS,SHB,126,55386,22.6
SHB__NWolfCreekblue_v1_LS_f555.png,SHB__NWolfCreekblue_v1_LS,SHB,1,555,g1/propagated
SHB__NWolfCreekblue_v1_LS_f55662.png,SHB__NWolfCreekblue_v1_LS,SHB,127,55662,21.6
SHB__NWolfCreekblue_v1_LS_f56184.png,SHB__NWolfCreekblue_v1_LS,SHB,128,56184,20.9
SHB__NWolfCreekblue_v1_LS_f564.png,SHB__NWolfCreekblue_v1_LS,SHB,1,564,g1/propagated
SHB__NWolfCreekblue_v1_LS_f56430.png,SHB__NWolfCreekblue_v1_LS,SHB,129,56430,23.7
SHB__NWolfCreekblue_v1_LS_f56502.png,SHB__NWolfCreekblue_v1_LS,SHB,130,56502,20.4
SHB__NWolfCreekblue_v1_LS_f56652.png,SHB__NWolfCreekblue_v1_LS,SHB,131,56652,20.3
SHB__NWolfCreekblue_v1_LS_f57288.png,SHB__NWolfCreekblue_v1_LS,SHB,132,57288,24.5
SHB__NWolfCreekblue_v1_LS_f573.png,SHB__NWolfCreekblue_v1_LS,SHB,1,573,g1/propagated
SHB__NWolfCreekblue_v1_LS_f5748.png,SHB__NWolfCreekblue_v1_LS,SHB,18,5748,28.0
SHB__NWolfCreekblue_v1_LS_f57912.png,SHB__NWolfCreekblue_v1_LS,SHB,133,57912,21.1
SHB__NWolfCreekblue_v1_LS_f582.png,SHB__NWolfCreekblue_v1_LS,SHB,1,582,g1/verified
SHB__NWolfCreekblue_v1_LS_f58596.png,SHB__NWolfCreekblue_v1_LS,SHB,134,58596,22.9
SHB__NWolfCreekblue_v1_LS_f58734.png,SHB__NWolfCreekblue_v1_LS,SHB,135,58734,20.0
SHB__NWolfCreekblue_v1_LS_f591.png,SHB__NWolfCreekblue_v1_LS,SHB,1,591,g1/propagated
SHB__NWolfCreekblue_v1_LS_f59568.png,SHB__NWolfCreekblue_v1_LS,SHB,136,59568,20.6
SHB__NWolfCreekblue_v1_LS_f600.png,SHB__NWolfCreekblue_v1_LS,SHB,1,600,g1/propagated
SHB__NWolfCreekblue_v1_LS_f60084.png,SHB__NWolfCreekblue_v1_LS,SHB,137,60084,22.8
SHB__NWolfCreekblue_v1_LS_f60534.png,SHB__NWolfCreekblue_v1_LS,SHB,138,60534,21.9
SHB__NWolfCreekblue_v1_LS_f609.png,SHB__NWolfCreekblue_v1_LS,SHB,1,609,g1/propagated
SHB__NWolfCreekblue_v1_LS_f61020.png,SHB__NWolfCreekblue_v1_LS,SHB,139,61020,21.7
SHB__NWolfCreekblue_v1_LS_f61302.png,SHB__NWolfCreekblue_v1_LS,SHB,140,61302,20.0
SHB__NWolfCreekblue_v1_LS_f618.png,SHB__NWolfCreekblue_v1_LS,SHB,1,618,g1/propagated
SHB__NWolfCreekblue_v1_LS_f62424.png,SHB__NWolfCreekblue_v1_LS,SHB,141,62424,22.1
SHB__NWolfCreekblue_v1_LS_f627.png,SHB__NWolfCreekblue_v1_LS,SHB,1,627,g1/propagated
SHB__NWolfCreekblue_v1_LS_f62784.png,SHB__NWolfCreekblue_v1_LS,SHB,142,62784,21.6
SHB__NWolfCreekblue_v1_LS_f63420.png,SHB__NWolfCreekblue_v1_LS,SHB,143,63420,23.6
SHB__NWolfCreekblue_v1_LS_f636.png,SHB__NWolfCreekblue_v1_LS,SHB,1,636,g1/propagated
SHB__NWolfCreekblue_v1_LS_f63798.png,SHB__NWolfCreekblue_v1_LS,SHB,144,63798,20.1
SHB__NWolfCreekblue_v1_LS_f64482.png,SHB__NWolfCreekblue_v1_LS,SHB,145,64482,30.9
SHB__NWolfCreekblue_v1_LS_f645.png,SHB__NWolfCreekblue_v1_LS,SHB,1,645,g1/propagated
SHB__NWolfCreekblue_v1_LS_f654.png,SHB__NWolfCreekblue_v1_LS,SHB,1,654,g1/propagated
SHB__NWolfCreekblue_v1_LS_f65820.png,SHB__NWolfCreekblue_v1_LS,SHB,146,65820,21.0
SHB__NWolfCreekblue_v1_LS_f66162.png,SHB__NWolfCreekblue_v1_LS,SHB,147,66162,22.1
SHB__NWolfCreekblue_v1_LS_f66294.png,SHB__NWolfCreekblue_v1_LS,SHB,148,66294,21.0
SHB__NWolfCreekblue_v1_LS_f6720.png,SHB__NWolfCreekblue_v1_LS,SHB,19,6720,27.2
SHB__NWolfCreekblue_v1_LS_f67212.png,SHB__NWolfCreekblue_v1_LS,SHB,149,67212,21.9
SHB__NWolfCreekblue_v1_LS_f68016.png,SHB__NWolfCreekblue_v1_LS,SHB,150,68016,49.1
SHB__NWolfCreekblue_v1_LS_f7050.png,SHB__NWolfCreekblue_v1_LS,SHB,20,7050,22.6
SHB__NWolfCreekblue_v1_LS_f7548.png,SHB__NWolfCreekblue_v1_LS,SHB,21,7548,20.9
SHB__NWolfCreekblue_v1_LS_f7848.png,SHB__NWolfCreekblue_v1_LS,SHB,22,7848,22.9
SHB__NWolfCreekblue_v1_LS_f804.png,SHB__NWolfCreekblue_v1_LS,SHB,2,804,24.1
SHB__NWolfCreekblue_v1_LS_f8160.png,SHB__NWolfCreekblue_v1_LS,SHB,23,8160,22.7
SHB__NWolfCreekblue_v1_LS_f8502.png,SHB__NWolfCreekblue_v1_LS,SHB,24,8502,20.4
SHB__NWolfCreekblue_v1_LS_f8694.png,SHB__NWolfCreekblue_v1_LS,SHB,25,8694,23.3
SHB__NWolfCreekblue_v1_LS_f8928.png,SHB__NWolfCreekblue_v1_LS,SHB,26,8928,22.3
SHB__NWolfCreekblue_v1_LS_f906.png,SHB__NWolfCreekblue_v1_LS,SHB,3,906,20.6
SHB__NWolfCreekblue_v1_LS_f9072.png,SHB__NWolfCreekblue_v1_LS,SHB,27,9072,32.1
SHB__NWolfCreekblue_v1_LS_f9198.png,SHB__NWolfCreekblue_v1_LS,SHB,28,9198,21.0
SHB__NWolfCreekblue_v1_LS_f9468.png,SHB__NWolfCreekblue_v1_LS,SHB,29,9468,NEW
SHB__NWolfCreekblue_v1_LS_f9594.png,SHB__NWolfCreekblue_v1_LS,SHB,30,9594,21.4
SHB__NWolfCreekblue_v1_LS_f9780.png,SHB__NWolfCreekblue_v1_LS,SHB,31,9780,20.3
SHB__NWolfCreekblue_v1_LS_f9888.png,SHB__NWolfCreekblue_v1_LS,SHB,32,9888,21.3
SHB__NWolfCreekorange_v1_LS_f10248.png,SHB__NWolfCreekorange_v1_LS,SHB,17,10248,23.4
SHB__NWolfCreekorange_v1_LS_f1416.png,SHB__NWolfCreekorange_v1_LS,SHB,3,1416,23.6
SHB__NWolfCreekorange_v1_LS_f1668.png,SHB__NWolfCreekorange_v1_LS,SHB,4,1668,33.1
SHB__NWolfCreekorange_v1_LS_f1998.png,SHB__NWolfCreekorange_v1_LS,SHB,5,1998,22.9
SHB__NWolfCreekorange_v1_LS_f2400.png,SHB__NWolfCreekorange_v1_LS,SHB,6,2400,21.3
SHB__NWolfCreekorange_v1_LS_f2826.png,SHB__NWolfCreekorange_v1_LS,SHB,7,2826,35.9
SHB__NWolfCreekorange_v1_LS_f384.png,SHB__NWolfCreekorange_v1_LS,SHB,1,384,20.9
SHB__NWolfCreekorange_v1_LS_f5334.png,SHB__NWolfCreekorange_v1_LS,SHB,8,5334,26.5
SHB__NWolfCreekorange_v1_LS_f5514.png,SHB__NWolfCreekorange_v1_LS,SHB,9,5514,20.8
SHB__NWolfCreekorange_v1_LS_f582.png,SHB__NWolfCreekorange_v1_LS,SHB,2,582,21.5
SHB__NWolfCreekorange_v1_LS_f6120.png,SHB__NWolfCreekorange_v1_LS,SHB,10,6120,NEW
SHB__NWolfCreekorange_v1_LS_f7005.png,SHB__NWolfCreekorange_v1_LS,SHB,11,7005,g1/propagated
SHB__NWolfCreekorange_v1_LS_f7014.png,SHB__NWolfCreekorange_v1_LS,SHB,11,7014,g1/propagated
SHB__NWolfCreekorange_v1_LS_f7023.png,SHB__NWolfCreekorange_v1_LS,SHB,11,7023,g1/propagated
SHB__NWolfCreekorange_v1_LS_f7032.png,SHB__NWolfCreekorange_v1_LS,SHB,11,7032,g1/propagated
SHB__NWolfCreekorange_v1_LS_f7041.png,SHB__NWolfCreekorange_v1_LS,SHB,11,7041,g1/propagated
SHB__NWolfCreekorange_v1_LS_f7050.png,SHB__NWolfCreekorange_v1_LS,SHB,11,7050,g1/propagated
SHB__NWolfCreekorange_v1_LS_f7059.png,SHB__NWolfCreekorange_v1_LS,SHB,11,7059,g1/propagated
SHB__NWolfCreekorange_v1_LS_f7068.png,SHB__NWolfCreekorange_v1_LS,SHB,11,7068,g1/propagated
SHB__NWolfCreekorange_v1_LS_f7077.png,SHB__NWolfCreekorange_v1_LS,SHB,11,7077,g1/propagated
SHB__NWolfCreekorange_v1_LS_f7086.png,SHB__NWolfCreekorange_v1_LS,SHB,11,7086,g1/verified
SHB__NWolfCreekorange_v1_LS_f7095.png,SHB__NWolfCreekorange_v1_LS,SHB,11,7095,g1/propagated
SHB__NWolfCreekorange_v1_LS_f7191.png,SHB__NWolfCreekorange_v1_LS,SHB,12,7191,g3/propagated
SHB__NWolfCreekorange_v1_LS_f7200.png,SHB__NWolfCreekorange_v1_LS,SHB,12,7200,g3/propagated
SHB__NWolfCreekorange_v1_LS_f7209.png,SHB__NWolfCreekorange_v1_LS,SHB,12,7209,g3/propagated
SHB__NWolfCreekorange_v1_LS_f7218.png,SHB__NWolfCreekorange_v1_LS,SHB,12,7218,g3/propagated
SHB__NWolfCreekorange_v1_LS_f7227.png,SHB__NWolfCreekorange_v1_LS,SHB,12,7227,g3/propagated
SHB__NWolfCreekorange_v1_LS_f7236.png,SHB__NWolfCreekorange_v1_LS,SHB,12,7236,g3/verified
SHB__NWolfCreekorange_v1_LS_f7245.png,SHB__NWolfCreekorange_v1_LS,SHB,12,7245,g3/propagated
SHB__NWolfCreekorange_v1_LS_f7254.png,SHB__NWolfCreekorange_v1_LS,SHB,12,7254,g3/propagated
SHB__NWolfCreekorange_v1_LS_f7263.png,SHB__NWolfCreekorange_v1_LS,SHB,12,7263,g3/propagated
SHB__NWolfCreekorange_v1_LS_f7272.png,SHB__NWolfCreekorange_v1_LS,SHB,12,7272,g3/propagated
SHB__NWolfCreekorange_v1_LS_f7281.png,SHB__NWolfCreekorange_v1_LS,SHB,12,7281,g3/propagated
SHB__NWolfCreekorange_v1_LS_f7290.png,SHB__NWolfCreekorange_v1_LS,SHB,12,7290,g3/propagated
SHB__NWolfCreekorange_v1_LS_f7299.png,SHB__NWolfCreekorange_v1_LS,SHB,12,7299,g3/propagated
SHB__NWolfCreekorange_v1_LS_f7308.png,SHB__NWolfCreekorange_v1_LS,SHB,12,7308,g3/propagated
SHB__NWolfCreekorange_v1_LS_f7614.png,SHB__NWolfCreekorange_v1_LS,SHB,13,7614,NEW
SHB__NWolfCreekorange_v1_LS_f8376.png,SHB__NWolfCreekorange_v1_LS,SHB,14,8376,g1/lost
SHB__NWolfCreekorange_v1_LS_f8385.png,SHB__NWolfCreekorange_v1_LS,SHB,14,8385,g1/lost
SHB__NWolfCreekorange_v1_LS_f8394.png,SHB__NWolfCreekorange_v1_LS,SHB,14,8394,g1/propagated
SHB__NWolfCreekorange_v1_LS_f8403.png,SHB__NWolfCreekorange_v1_LS,SHB,14,8403,g1/propagated
SHB__NWolfCreekorange_v1_LS_f8412.png,SHB__NWolfCreekorange_v1_LS,SHB,14,8412,g1/propagated
SHB__NWolfCreekorange_v1_LS_f8421.png,SHB__NWolfCreekorange_v1_LS,SHB,14,8421,g1/propagated
SHB__NWolfCreekorange_v1_LS_f8430.png,SHB__NWolfCreekorange_v1_LS,SHB,14,8430,g1/propagated
SHB__NWolfCreekorange_v1_LS_f8439.png,SHB__NWolfCreekorange_v1_LS,SHB,14,8439,g1/propagated
SHB__NWolfCreekorange_v1_LS_f8448.png,SHB__NWolfCreekorange_v1_LS,SHB,14,8448,g1/propagated
SHB__NWolfCreekorange_v1_LS_f8457.png,SHB__NWolfCreekorange_v1_LS,SHB,14,8457,g1/propagated
SHB__NWolfCreekorange_v1_LS_f8466.png,SHB__NWolfCreekorange_v1_LS,SHB,14,8466,g1/verified
SHB__NWolfCreekorange_v1_LS_f8475.png,SHB__NWolfCreekorange_v1_LS,SHB,14,8475,g1/propagated
SHB__NWolfCreekorange_v1_LS_f8688.png,SHB__NWolfCreekorange_v1_LS,SHB,15,8688,21.1
SHB__NWolfCreekorange_v1_LS_f90.png,SHB__NWolfCreekorange_v1_LS,SHB,0,90,38.7
SHB__NWolfCreekorange_v1_LS_f9342.png,SHB__NWolfCreekorange_v1_LS,SHB,16,9342,30.9
SHB__OverlookDr_v1_LS_f10296.png,SHB__OverlookDr_v1_LS,SHB,13,10296,32.2
SHB__OverlookDr_v1_LS_f11106.png,SHB__OverlookDr_v1_LS,SHB,14,11106,26.8
SHB__OverlookDr_v1_LS_f11400.png,SHB__OverlookDr_v1_LS,SHB,15,11400,29.9
SHB__OverlookDr_v1_LS_f13722.png,SHB__OverlookDr_v1_LS,SHB,16,13722,22.1
SHB__OverlookDr_v1_LS_f15156.png,SHB__OverlookDr_v1_LS,SHB,17,15156,27.7
SHB__OverlookDr_v1_LS_f15516.png,SHB__OverlookDr_v1_LS,SHB,18,15516,24.3
SHB__OverlookDr_v1_LS_f15852.png,SHB__OverlookDr_v1_LS,SHB,19,15852,22.6
SHB__OverlookDr_v1_LS_f16212.png,SHB__OverlookDr_v1_LS,SHB,20,16212,26.0
SHB__OverlookDr_v1_LS_f168.png,SHB__OverlookDr_v1_LS,SHB,0,168,21.9
SHB__OverlookDr_v1_LS_f17274.png,SHB__OverlookDr_v1_LS,SHB,21,17274,25.4
SHB__OverlookDr_v1_LS_f17742.png,SHB__OverlookDr_v1_LS,SHB,22,17742,20.8
SHB__OverlookDr_v1_LS_f17958.png,SHB__OverlookDr_v1_LS,SHB,23,17958,21.7
SHB__OverlookDr_v1_LS_f18216.png,SHB__OverlookDr_v1_LS,SHB,24,18216,23.3
SHB__OverlookDr_v1_LS_f18828.png,SHB__OverlookDr_v1_LS,SHB,25,18828,NEW
SHB__OverlookDr_v1_LS_f19428.png,SHB__OverlookDr_v1_LS,SHB,26,19428,21.8
SHB__OverlookDr_v1_LS_f19674.png,SHB__OverlookDr_v1_LS,SHB,27,19674,21.4
SHB__OverlookDr_v1_LS_f19878.png,SHB__OverlookDr_v1_LS,SHB,28,19878,20.9
SHB__OverlookDr_v1_LS_f20214.png,SHB__OverlookDr_v1_LS,SHB,29,20214,23.9
SHB__OverlookDr_v1_LS_f20964.png,SHB__OverlookDr_v1_LS,SHB,30,20964,39.2
SHB__OverlookDr_v1_LS_f21396.png,SHB__OverlookDr_v1_LS,SHB,31,21396,g1/propagated
SHB__OverlookDr_v1_LS_f21405.png,SHB__OverlookDr_v1_LS,SHB,31,21405,g1/propagated
SHB__OverlookDr_v1_LS_f21414.png,SHB__OverlookDr_v1_LS,SHB,31,21414,g1/verified
SHB__OverlookDr_v1_LS_f22002.png,SHB__OverlookDr_v1_LS,SHB,32,22002,48.3
SHB__OverlookDr_v1_LS_f22440.png,SHB__OverlookDr_v1_LS,SHB,33,22440,32.4
SHB__OverlookDr_v1_LS_f22716.png,SHB__OverlookDr_v1_LS,SHB,34,22716,47.3
SHB__OverlookDr_v1_LS_f22860.png,SHB__OverlookDr_v1_LS,SHB,35,22860,31.3
SHB__OverlookDr_v1_LS_f23214.png,SHB__OverlookDr_v1_LS,SHB,36,23214,25.9
SHB__OverlookDr_v1_LS_f2496.png,SHB__OverlookDr_v1_LS,SHB,2,2496,30.2
SHB__OverlookDr_v1_LS_f4398.png,SHB__OverlookDr_v1_LS,SHB,3,4398,20.8
SHB__OverlookDr_v1_LS_f4962.png,SHB__OverlookDr_v1_LS,SHB,4,4962,20.2
SHB__OverlookDr_v1_LS_f5718.png,SHB__OverlookDr_v1_LS,SHB,5,5718,20.4
SHB__OverlookDr_v1_LS_f6102.png,SHB__OverlookDr_v1_LS,SHB,6,6102,20.9
SHB__OverlookDr_v1_LS_f6642.png,SHB__OverlookDr_v1_LS,SHB,7,6642,24.8
SHB__OverlookDr_v1_LS_f6996.png,SHB__OverlookDr_v1_LS,SHB,8,6996,24.0
SHB__OverlookDr_v1_LS_f7176.png,SHB__OverlookDr_v1_LS,SHB,9,7176,21.4
SHB__OverlookDr_v1_LS_f7260.png,SHB__OverlookDr_v1_LS,SHB,10,7260,20.5
SHB__OverlookDr_v1_LS_f7644.png,SHB__OverlookDr_v1_LS,SHB,11,7644,22.6
SHB__OverlookDr_v1_LS_f888.png,SHB__OverlookDr_v1_LS,SHB,1,888,21.2
SHB__OverlookDr_v1_LS_f9528.png,SHB__OverlookDr_v1_LS,SHB,12,9528,31.9
SHB__RedFoxLn_v1_LS_f10920.png,SHB__RedFoxLn_v1_LS,SHB,11,10920,20.5
SHB__RedFoxLn_v1_LS_f11280.png,SHB__RedFoxLn_v1_LS,SHB,12,11280,20.5
SHB__RedFoxLn_v1_LS_f11574.png,SHB__RedFoxLn_v1_LS,SHB,13,11574,24.1
SHB__RedFoxLn_v1_LS_f12024.png,SHB__RedFoxLn_v1_LS,SHB,14,12024,22.4
SHB__RedFoxLn_v1_LS_f12516.png,SHB__RedFoxLn_v1_LS,SHB,15,12516,21.4
SHB__RedFoxLn_v1_LS_f13164.png,SHB__RedFoxLn_v1_LS,SHB,16,13164,24.2
SHB__RedFoxLn_v1_LS_f13686.png,SHB__RedFoxLn_v1_LS,SHB,17,13686,20.5
SHB__RedFoxLn_v1_LS_f13938.png,SHB__RedFoxLn_v1_LS,SHB,18,13938,NEW
SHB__RedFoxLn_v1_LS_f14148.png,SHB__RedFoxLn_v1_LS,SHB,19,14148,NEW
SHB__RedFoxLn_v1_LS_f14334.png,SHB__RedFoxLn_v1_LS,SHB,20,14334,22.4
SHB__RedFoxLn_v1_LS_f14640.png,SHB__RedFoxLn_v1_LS,SHB,21,14640,20.6
SHB__RedFoxLn_v1_LS_f14724.png,SHB__RedFoxLn_v1_LS,SHB,22,14724,23.0
SHB__RedFoxLn_v1_LS_f15102.png,SHB__RedFoxLn_v1_LS,SHB,23,15102,31.6
SHB__RedFoxLn_v1_LS_f15378.png,SHB__RedFoxLn_v1_LS,SHB,24,15378,21.9
SHB__RedFoxLn_v1_LS_f1572.png,SHB__RedFoxLn_v1_LS,SHB,2,1572,g1/lost
SHB__RedFoxLn_v1_LS_f1581.png,SHB__RedFoxLn_v1_LS,SHB,2,1581,g1/lost
SHB__RedFoxLn_v1_LS_f1590.png,SHB__RedFoxLn_v1_LS,SHB,2,1590,g1/lost
SHB__RedFoxLn_v1_LS_f15942.png,SHB__RedFoxLn_v1_LS,SHB,25,15942,24.3
SHB__RedFoxLn_v1_LS_f1599.png,SHB__RedFoxLn_v1_LS,SHB,2,1599,g1/lost
SHB__RedFoxLn_v1_LS_f1608.png,SHB__RedFoxLn_v1_LS,SHB,2,1608,g1/lost
SHB__RedFoxLn_v1_LS_f1617.png,SHB__RedFoxLn_v1_LS,SHB,2,1617,g1/lost
SHB__RedFoxLn_v1_LS_f16218.png,SHB__RedFoxLn_v1_LS,SHB,26,16218,26.7
SHB__RedFoxLn_v1_LS_f1626.png,SHB__RedFoxLn_v1_LS,SHB,2,1626,g1/lost
SHB__RedFoxLn_v1_LS_f1635.png,SHB__RedFoxLn_v1_LS,SHB,2,1635,g1/lost
SHB__RedFoxLn_v1_LS_f16371.png,SHB__RedFoxLn_v1_LS,SHB,27,16371,g1/propagated
SHB__RedFoxLn_v1_LS_f16380.png,SHB__RedFoxLn_v1_LS,SHB,27,16380,g1/verified
SHB__RedFoxLn_v1_LS_f1644.png,SHB__RedFoxLn_v1_LS,SHB,2,1644,g1/lost
SHB__RedFoxLn_v1_LS_f1653.png,SHB__RedFoxLn_v1_LS,SHB,2,1653,g1/propagated
SHB__RedFoxLn_v1_LS_f1662.png,SHB__RedFoxLn_v1_LS,SHB,2,1662,g1/verified
SHB__RedFoxLn_v1_LS_f1671.png,SHB__RedFoxLn_v1_LS,SHB,2,1671,g1/propagated
SHB__RedFoxLn_v1_LS_f16986.png,SHB__RedFoxLn_v1_LS,SHB,28,16986,33.0
SHB__RedFoxLn_v1_LS_f17550.png,SHB__RedFoxLn_v1_LS,SHB,29,17550,44.1
SHB__RedFoxLn_v1_LS_f18036.png,SHB__RedFoxLn_v1_LS,SHB,30,18036,26.4
SHB__RedFoxLn_v1_LS_f18450.png,SHB__RedFoxLn_v1_LS,SHB,31,18450,20.6
SHB__RedFoxLn_v1_LS_f18750.png,SHB__RedFoxLn_v1_LS,SHB,32,18750,26.2
SHB__RedFoxLn_v1_LS_f20034.png,SHB__RedFoxLn_v1_LS,SHB,33,20034,36.4
SHB__RedFoxLn_v1_LS_f20478.png,SHB__RedFoxLn_v1_LS,SHB,34,20478,30.1
SHB__RedFoxLn_v1_LS_f2070.png,SHB__RedFoxLn_v1_LS,SHB,3,2070,26.7
SHB__RedFoxLn_v1_LS_f21618.png,SHB__RedFoxLn_v1_LS,SHB,35,21618,42.0
SHB__RedFoxLn_v1_LS_f21996.png,SHB__RedFoxLn_v1_LS,SHB,36,21996,23.8
SHB__RedFoxLn_v1_LS_f22590.png,SHB__RedFoxLn_v1_LS,SHB,37,22590,32.6
SHB__RedFoxLn_v1_LS_f22866.png,SHB__RedFoxLn_v1_LS,SHB,38,22866,43.6
SHB__RedFoxLn_v1_LS_f23670.png,SHB__RedFoxLn_v1_LS,SHB,39,23670,22.8
SHB__RedFoxLn_v1_LS_f23982.png,SHB__RedFoxLn_v1_LS,SHB,40,23982,21.1
SHB__RedFoxLn_v1_LS_f24120.png,SHB__RedFoxLn_v1_LS,SHB,41,24120,20.6
SHB__RedFoxLn_v1_LS_f24588.png,SHB__RedFoxLn_v1_LS,SHB,42,24588,21.9
SHB__RedFoxLn_v1_LS_f24822.png,SHB__RedFoxLn_v1_LS,SHB,43,24822,23.0
SHB__RedFoxLn_v1_LS_f25056.png,SHB__RedFoxLn_v1_LS,SHB,44,25056,34.9
SHB__RedFoxLn_v1_LS_f25542.png,SHB__RedFoxLn_v1_LS,SHB,45,25542,27.5
SHB__RedFoxLn_v1_LS_f25830.png,SHB__RedFoxLn_v1_LS,SHB,46,25830,25.7
SHB__RedFoxLn_v1_LS_f26886.png,SHB__RedFoxLn_v1_LS,SHB,47,26886,g3/lost
SHB__RedFoxLn_v1_LS_f26895.png,SHB__RedFoxLn_v1_LS,SHB,47,26895,g3/lost
SHB__RedFoxLn_v1_LS_f26904.png,SHB__RedFoxLn_v1_LS,SHB,47,26904,g3/lost
SHB__RedFoxLn_v1_LS_f26913.png,SHB__RedFoxLn_v1_LS,SHB,47,26913,g3/lost
SHB__RedFoxLn_v1_LS_f26922.png,SHB__RedFoxLn_v1_LS,SHB,47,26922,g3/lost
SHB__RedFoxLn_v1_LS_f26931.png,SHB__RedFoxLn_v1_LS,SHB,47,26931,g3/lost
SHB__RedFoxLn_v1_LS_f26940.png,SHB__RedFoxLn_v1_LS,SHB,47,26940,g3/lost
SHB__RedFoxLn_v1_LS_f26949.png,SHB__RedFoxLn_v1_LS,SHB,47,26949,g3/lost
SHB__RedFoxLn_v1_LS_f26958.png,SHB__RedFoxLn_v1_LS,SHB,47,26958,g3/lost
SHB__RedFoxLn_v1_LS_f26967.png,SHB__RedFoxLn_v1_LS,SHB,47,26967,g3/propagated
SHB__RedFoxLn_v1_LS_f26976.png,SHB__RedFoxLn_v1_LS,SHB,47,26976,g3/verified
SHB__RedFoxLn_v1_LS_f26985.png,SHB__RedFoxLn_v1_LS,SHB,47,26985,g3/propagated
SHB__RedFoxLn_v1_LS_f26994.png,SHB__RedFoxLn_v1_LS,SHB,47,26994,g3/propagated
SHB__RedFoxLn_v1_LS_f27003.png,SHB__RedFoxLn_v1_LS,SHB,47,27003,g3/propagated
SHB__RedFoxLn_v1_LS_f27012.png,SHB__RedFoxLn_v1_LS,SHB,47,27012,g3/propagated
SHB__RedFoxLn_v1_LS_f27021.png,SHB__RedFoxLn_v1_LS,SHB,47,27021,g3/propagated
SHB__RedFoxLn_v1_LS_f27030.png,SHB__RedFoxLn_v1_LS,SHB,47,27030,g3/propagated
SHB__RedFoxLn_v1_LS_f27039.png,SHB__RedFoxLn_v1_LS,SHB,47,27039,g3/propagated
SHB__RedFoxLn_v1_LS_f27048.png,SHB__RedFoxLn_v1_LS,SHB,47,27048,g3/propagated
SHB__RedFoxLn_v1_LS_f27057.png,SHB__RedFoxLn_v1_LS,SHB,47,27057,g3/propagated
SHB__RedFoxLn_v1_LS_f27066.png,SHB__RedFoxLn_v1_LS,SHB,47,27066,g3/propagated
SHB__RedFoxLn_v1_LS_f28290.png,SHB__RedFoxLn_v1_LS,SHB,48,28290,22.5
SHB__RedFoxLn_v1_LS_f28782.png,SHB__RedFoxLn_v1_LS,SHB,49,28782,23.5
SHB__RedFoxLn_v1_LS_f28944.png,SHB__RedFoxLn_v1_LS,SHB,50,28944,20.9
SHB__RedFoxLn_v1_LS_f29088.png,SHB__RedFoxLn_v1_LS,SHB,51,29088,g1/lost
SHB__RedFoxLn_v1_LS_f29097.png,SHB__RedFoxLn_v1_LS,SHB,51,29097,g1/lost
SHB__RedFoxLn_v1_LS_f29106.png,SHB__RedFoxLn_v1_LS,SHB,51,29106,g1/lost
SHB__RedFoxLn_v1_LS_f29115.png,SHB__RedFoxLn_v1_LS,SHB,51,29115,g1/lost
SHB__RedFoxLn_v1_LS_f29124.png,SHB__RedFoxLn_v1_LS,SHB,51,29124,g1/lost
SHB__RedFoxLn_v1_LS_f29133.png,SHB__RedFoxLn_v1_LS,SHB,51,29133,g1/lost
SHB__RedFoxLn_v1_LS_f29142.png,SHB__RedFoxLn_v1_LS,SHB,51,29142,g1/propagated
SHB__RedFoxLn_v1_LS_f29151.png,SHB__RedFoxLn_v1_LS,SHB,51,29151,g1/propagated
SHB__RedFoxLn_v1_LS_f29160.png,SHB__RedFoxLn_v1_LS,SHB,51,29160,g1/verified
SHB__RedFoxLn_v1_LS_f29169.png,SHB__RedFoxLn_v1_LS,SHB,51,29169,g1/propagated
SHB__RedFoxLn_v1_LS_f29178.png,SHB__RedFoxLn_v1_LS,SHB,51,29178,g1/propagated
SHB__RedFoxLn_v1_LS_f29187.png,SHB__RedFoxLn_v1_LS,SHB,51,29187,g1/propagated
SHB__RedFoxLn_v1_LS_f29196.png,SHB__RedFoxLn_v1_LS,SHB,51,29196,g1/propagated
SHB__RedFoxLn_v1_LS_f29205.png,SHB__RedFoxLn_v1_LS,SHB,51,29205,g1/propagated
SHB__RedFoxLn_v1_LS_f29214.png,SHB__RedFoxLn_v1_LS,SHB,51,29214,g1/propagated
SHB__RedFoxLn_v1_LS_f29223.png,SHB__RedFoxLn_v1_LS,SHB,51,29223,g1/propagated
SHB__RedFoxLn_v1_LS_f29232.png,SHB__RedFoxLn_v1_LS,SHB,51,29232,g1/propagated
SHB__RedFoxLn_v1_LS_f29241.png,SHB__RedFoxLn_v1_LS,SHB,51,29241,g1/propagated
SHB__RedFoxLn_v1_LS_f29250.png,SHB__RedFoxLn_v1_LS,SHB,51,29250,g1/propagated
SHB__RedFoxLn_v1_LS_f30072.png,SHB__RedFoxLn_v1_LS,SHB,52,30072,26.2
SHB__RedFoxLn_v1_LS_f30396.png,SHB__RedFoxLn_v1_LS,SHB,53,30396,g3/propagated
SHB__RedFoxLn_v1_LS_f30405.png,SHB__RedFoxLn_v1_LS,SHB,53,30405,g3/propagated
SHB__RedFoxLn_v1_LS_f30414.png,SHB__RedFoxLn_v1_LS,SHB,53,30414,g3/propagated
SHB__RedFoxLn_v1_LS_f30423.png,SHB__RedFoxLn_v1_LS,SHB,53,30423,g3/propagated
SHB__RedFoxLn_v1_LS_f30432.png,SHB__RedFoxLn_v1_LS,SHB,53,30432,g3/propagated
SHB__RedFoxLn_v1_LS_f30441.png,SHB__RedFoxLn_v1_LS,SHB,53,30441,g3/propagated
SHB__RedFoxLn_v1_LS_f30450.png,SHB__RedFoxLn_v1_LS,SHB,53,30450,g3/propagated
SHB__RedFoxLn_v1_LS_f30459.png,SHB__RedFoxLn_v1_LS,SHB,53,30459,g3/propagated
SHB__RedFoxLn_v1_LS_f30468.png,SHB__RedFoxLn_v1_LS,SHB,53,30468,g3/propagated
SHB__RedFoxLn_v1_LS_f30477.png,SHB__RedFoxLn_v1_LS,SHB,53,30477,g3/propagated
SHB__RedFoxLn_v1_LS_f30486.png,SHB__RedFoxLn_v1_LS,SHB,53,30486,g3/verified
SHB__RedFoxLn_v1_LS_f30495.png,SHB__RedFoxLn_v1_LS,SHB,53,30495,g3/propagated
SHB__RedFoxLn_v1_LS_f30504.png,SHB__RedFoxLn_v1_LS,SHB,53,30504,g3/lost
SHB__RedFoxLn_v1_LS_f30513.png,SHB__RedFoxLn_v1_LS,SHB,53,30513,g3/lost
SHB__RedFoxLn_v1_LS_f30522.png,SHB__RedFoxLn_v1_LS,SHB,53,30522,g3/lost
SHB__RedFoxLn_v1_LS_f30531.png,SHB__RedFoxLn_v1_LS,SHB,53,30531,g3/lost
SHB__RedFoxLn_v1_LS_f30540.png,SHB__RedFoxLn_v1_LS,SHB,53,30540,g3/lost
SHB__RedFoxLn_v1_LS_f30549.png,SHB__RedFoxLn_v1_LS,SHB,53,30549,g3/lost
SHB__RedFoxLn_v1_LS_f30558.png,SHB__RedFoxLn_v1_LS,SHB,53,30558,g3/lost
SHB__RedFoxLn_v1_LS_f30567.png,SHB__RedFoxLn_v1_LS,SHB,53,30567,g3/lost
SHB__RedFoxLn_v1_LS_f30576.png,SHB__RedFoxLn_v1_LS,SHB,53,30576,g3/lost
SHB__RedFoxLn_v1_LS_f34470.png,SHB__RedFoxLn_v1_LS,SHB,54,34470,21.3
SHB__RedFoxLn_v1_LS_f34584.png,SHB__RedFoxLn_v1_LS,SHB,55,34584,20.7
SHB__RedFoxLn_v1_LS_f34698.png,SHB__RedFoxLn_v1_LS,SHB,56,34698,21.6
SHB__RedFoxLn_v1_LS_f34770.png,SHB__RedFoxLn_v1_LS,SHB,57,34770,21.8
SHB__RedFoxLn_v1_LS_f35646.png,SHB__RedFoxLn_v1_LS,SHB,58,35646,NEW
SHB__RedFoxLn_v1_LS_f35934.png,SHB__RedFoxLn_v1_LS,SHB,59,35934,20.5
SHB__RedFoxLn_v1_LS_f36282.png,SHB__RedFoxLn_v1_LS,SHB,60,36282,65.2
SHB__RedFoxLn_v1_LS_f36426.png,SHB__RedFoxLn_v1_LS,SHB,61,36426,NEW
SHB__RedFoxLn_v1_LS_f36624.png,SHB__RedFoxLn_v1_LS,SHB,62,36624,20.8
SHB__RedFoxLn_v1_LS_f384.png,SHB__RedFoxLn_v1_LS,SHB,0,384,22.8
SHB__RedFoxLn_v1_LS_f39474.png,SHB__RedFoxLn_v1_LS,SHB,63,39474,55.2
SHB__RedFoxLn_v1_LS_f41712.png,SHB__RedFoxLn_v1_LS,SHB,64,41712,48.5
SHB__RedFoxLn_v1_LS_f45006.png,SHB__RedFoxLn_v1_LS,SHB,65,45006,41.6
SHB__RedFoxLn_v1_LS_f45558.png,SHB__RedFoxLn_v1_LS,SHB,66,45558,20.6
SHB__RedFoxLn_v1_LS_f45966.png,SHB__RedFoxLn_v1_LS,SHB,67,45966,32.5
SHB__RedFoxLn_v1_LS_f46740.png,SHB__RedFoxLn_v1_LS,SHB,68,46740,21.6
SHB__RedFoxLn_v1_LS_f48354.png,SHB__RedFoxLn_v1_LS,SHB,69,48354,22.6
SHB__RedFoxLn_v1_LS_f4854.png,SHB__RedFoxLn_v1_LS,SHB,4,4854,NEW
SHB__RedFoxLn_v1_LS_f48828.png,SHB__RedFoxLn_v1_LS,SHB,70,48828,25.4
SHB__RedFoxLn_v1_LS_f4938.png,SHB__RedFoxLn_v1_LS,SHB,5,4938,23.6
SHB__RedFoxLn_v1_LS_f49572.png,SHB__RedFoxLn_v1_LS,SHB,71,49572,29.9
SHB__RedFoxLn_v1_LS_f50088.png,SHB__RedFoxLn_v1_LS,SHB,72,50088,28.2
SHB__RedFoxLn_v1_LS_f50226.png,SHB__RedFoxLn_v1_LS,SHB,73,50226,32.7
SHB__RedFoxLn_v1_LS_f50472.png,SHB__RedFoxLn_v1_LS,SHB,74,50472,38.3
SHB__RedFoxLn_v1_LS_f5130.png,SHB__RedFoxLn_v1_LS,SHB,6,5130,g1/lost
SHB__RedFoxLn_v1_LS_f51300.png,SHB__RedFoxLn_v1_LS,SHB,75,51300,21.0
SHB__RedFoxLn_v1_LS_f5139.png,SHB__RedFoxLn_v1_LS,SHB,6,5139,g1/lost
SHB__RedFoxLn_v1_LS_f51402.png,SHB__RedFoxLn_v1_LS,SHB,76,51402,23.7
SHB__RedFoxLn_v1_LS_f5148.png,SHB__RedFoxLn_v1_LS,SHB,6,5148,g1/lost
SHB__RedFoxLn_v1_LS_f5157.png,SHB__RedFoxLn_v1_LS,SHB,6,5157,g1/lost
SHB__RedFoxLn_v1_LS_f5166.png,SHB__RedFoxLn_v1_LS,SHB,6,5166,g1/lost
SHB__RedFoxLn_v1_LS_f5175.png,SHB__RedFoxLn_v1_LS,SHB,6,5175,g1/lost
SHB__RedFoxLn_v1_LS_f5184.png,SHB__RedFoxLn_v1_LS,SHB,6,5184,g1/lost
SHB__RedFoxLn_v1_LS_f5193.png,SHB__RedFoxLn_v1_LS,SHB,6,5193,g1/propagated
SHB__RedFoxLn_v1_LS_f5202.png,SHB__RedFoxLn_v1_LS,SHB,6,5202,g1/propagated
SHB__RedFoxLn_v1_LS_f5211.png,SHB__RedFoxLn_v1_LS,SHB,6,5211,g1/propagated
SHB__RedFoxLn_v1_LS_f5220.png,SHB__RedFoxLn_v1_LS,SHB,6,5220,g1/verified
SHB__RedFoxLn_v1_LS_f5229.png,SHB__RedFoxLn_v1_LS,SHB,6,5229,g1/propagated
SHB__RedFoxLn_v1_LS_f5238.png,SHB__RedFoxLn_v1_LS,SHB,6,5238,g1/propagated
SHB__RedFoxLn_v1_LS_f52668.png,SHB__RedFoxLn_v1_LS,SHB,77,52668,44.1
SHB__RedFoxLn_v1_LS_f5376.png,SHB__RedFoxLn_v1_LS,SHB,7,5376,30.7
SHB__RedFoxLn_v1_LS_f54798.png,SHB__RedFoxLn_v1_LS,SHB,78,54798,52.1
SHB__RedFoxLn_v1_LS_f55470.png,SHB__RedFoxLn_v1_LS,SHB,79,55470,44.7
SHB__RedFoxLn_v1_LS_f56472.png,SHB__RedFoxLn_v1_LS,SHB,80,56472,g1/propagated
SHB__RedFoxLn_v1_LS_f56481.png,SHB__RedFoxLn_v1_LS,SHB,80,56481,g1/propagated
SHB__RedFoxLn_v1_LS_f56490.png,SHB__RedFoxLn_v1_LS,SHB,80,56490,g1/propagated
SHB__RedFoxLn_v1_LS_f56499.png,SHB__RedFoxLn_v1_LS,SHB,80,56499,g1/propagated
SHB__RedFoxLn_v1_LS_f56508.png,SHB__RedFoxLn_v1_LS,SHB,80,56508,g1/propagated
SHB__RedFoxLn_v1_LS_f56517.png,SHB__RedFoxLn_v1_LS,SHB,80,56517,g1/propagated
SHB__RedFoxLn_v1_LS_f56526.png,SHB__RedFoxLn_v1_LS,SHB,80,56526,g1/propagated
SHB__RedFoxLn_v1_LS_f56535.png,SHB__RedFoxLn_v1_LS,SHB,80,56535,g1/propagated
SHB__RedFoxLn_v1_LS_f56544.png,SHB__RedFoxLn_v1_LS,SHB,80,56544,g1/propagated
SHB__RedFoxLn_v1_LS_f56553.png,SHB__RedFoxLn_v1_LS,SHB,80,56553,g1/propagated
SHB__RedFoxLn_v1_LS_f56562.png,SHB__RedFoxLn_v1_LS,SHB,80,56562,g1/verified
SHB__RedFoxLn_v1_LS_f56571.png,SHB__RedFoxLn_v1_LS,SHB,80,56571,g1/propagated
SHB__RedFoxLn_v1_LS_f56580.png,SHB__RedFoxLn_v1_LS,SHB,80,56580,g1/propagated
SHB__RedFoxLn_v1_LS_f56589.png,SHB__RedFoxLn_v1_LS,SHB,80,56589,g1/propagated
SHB__RedFoxLn_v1_LS_f56598.png,SHB__RedFoxLn_v1_LS,SHB,80,56598,g1/lost
SHB__RedFoxLn_v1_LS_f56607.png,SHB__RedFoxLn_v1_LS,SHB,80,56607,g1/lost
SHB__RedFoxLn_v1_LS_f56616.png,SHB__RedFoxLn_v1_LS,SHB,80,56616,g1/lost
SHB__RedFoxLn_v1_LS_f56625.png,SHB__RedFoxLn_v1_LS,SHB,80,56625,g1/lost
SHB__RedFoxLn_v1_LS_f56634.png,SHB__RedFoxLn_v1_LS,SHB,80,56634,g1/lost
SHB__RedFoxLn_v1_LS_f56643.png,SHB__RedFoxLn_v1_LS,SHB,80,56643,g1/lost
SHB__RedFoxLn_v1_LS_f56652.png,SHB__RedFoxLn_v1_LS,SHB,80,56652,g1/lost
SHB__RedFoxLn_v1_LS_f56952.png,SHB__RedFoxLn_v1_LS,SHB,81,56952,21.9
SHB__RedFoxLn_v1_LS_f57054.png,SHB__RedFoxLn_v1_LS,SHB,82,57054,20.0
SHB__RedFoxLn_v1_LS_f57204.png,SHB__RedFoxLn_v1_LS,SHB,83,57204,21.3
SHB__RedFoxLn_v1_LS_f57492.png,SHB__RedFoxLn_v1_LS,SHB,84,57492,23.3
SHB__RedFoxLn_v1_LS_f57678.png,SHB__RedFoxLn_v1_LS,SHB,85,57678,23.5
SHB__RedFoxLn_v1_LS_f57858.png,SHB__RedFoxLn_v1_LS,SHB,86,57858,21.6
SHB__RedFoxLn_v1_LS_f5868.png,SHB__RedFoxLn_v1_LS,SHB,8,5868,20.6
SHB__RedFoxLn_v1_LS_f594.png,SHB__RedFoxLn_v1_LS,SHB,1,594,42.4
SHB__RedFoxLn_v1_LS_f6102.png,SHB__RedFoxLn_v1_LS,SHB,9,6102,g1/propagated
SHB__RedFoxLn_v1_LS_f6111.png,SHB__RedFoxLn_v1_LS,SHB,9,6111,g1/propagated
SHB__RedFoxLn_v1_LS_f61146.png,SHB__RedFoxLn_v1_LS,SHB,87,61146,21.4
SHB__RedFoxLn_v1_LS_f6120.png,SHB__RedFoxLn_v1_LS,SHB,9,6120,g1/propagated
SHB__RedFoxLn_v1_LS_f6129.png,SHB__RedFoxLn_v1_LS,SHB,9,6129,g1/propagated
SHB__RedFoxLn_v1_LS_f6138.png,SHB__RedFoxLn_v1_LS,SHB,9,6138,g1/propagated
SHB__RedFoxLn_v1_LS_f61398.png,SHB__RedFoxLn_v1_LS,SHB,88,61398,21.3
SHB__RedFoxLn_v1_LS_f6147.png,SHB__RedFoxLn_v1_LS,SHB,9,6147,g1/propagated
SHB__RedFoxLn_v1_LS_f61470.png,SHB__RedFoxLn_v1_LS,SHB,89,61470,20.2
SHB__RedFoxLn_v1_LS_f6156.png,SHB__RedFoxLn_v1_LS,SHB,9,6156,g1/verified
SHB__RedFoxLn_v1_LS_f61584.png,SHB__RedFoxLn_v1_LS,SHB,90,61584,20.2
SHB__RedFoxLn_v1_LS_f6165.png,SHB__RedFoxLn_v1_LS,SHB,9,6165,g1/propagated
SHB__RedFoxLn_v1_LS_f6174.png,SHB__RedFoxLn_v1_LS,SHB,9,6174,g1/propagated
SHB__RedFoxLn_v1_LS_f6183.png,SHB__RedFoxLn_v1_LS,SHB,9,6183,g1/propagated
SHB__RedFoxLn_v1_LS_f6192.png,SHB__RedFoxLn_v1_LS,SHB,9,6192,g1/propagated
SHB__RedFoxLn_v1_LS_f6201.png,SHB__RedFoxLn_v1_LS,SHB,9,6201,g1/propagated
SHB__RedFoxLn_v1_LS_f6210.png,SHB__RedFoxLn_v1_LS,SHB,9,6210,g1/propagated
SHB__RedFoxLn_v1_LS_f62100.png,SHB__RedFoxLn_v1_LS,SHB,91,62100,26.3
SHB__RedFoxLn_v1_LS_f6219.png,SHB__RedFoxLn_v1_LS,SHB,9,6219,g1/propagated
SHB__RedFoxLn_v1_LS_f6228.png,SHB__RedFoxLn_v1_LS,SHB,9,6228,g1/propagated
SHB__RedFoxLn_v1_LS_f62328.png,SHB__RedFoxLn_v1_LS,SHB,92,62328,22.0
SHB__RedFoxLn_v1_LS_f6237.png,SHB__RedFoxLn_v1_LS,SHB,9,6237,g1/propagated
SHB__RedFoxLn_v1_LS_f6246.png,SHB__RedFoxLn_v1_LS,SHB,9,6246,g1/propagated
SHB__RedFoxLn_v1_LS_f62682.png,SHB__RedFoxLn_v1_LS,SHB,93,62682,25.4
SHB__RedFoxLn_v1_LS_f63624.png,SHB__RedFoxLn_v1_LS,SHB,94,63624,24.3
SHB__RedFoxLn_v1_LS_f63882.png,SHB__RedFoxLn_v1_LS,SHB,95,63882,23.1
SHB__RedFoxLn_v1_LS_f64104.png,SHB__RedFoxLn_v1_LS,SHB,96,64104,20.6
SHB__RedFoxLn_v1_LS_f64278.png,SHB__RedFoxLn_v1_LS,SHB,97,64278,NEW
SHB__RedFoxLn_v1_LS_f64518.png,SHB__RedFoxLn_v1_LS,SHB,98,64518,24.1
SHB__RedFoxLn_v1_LS_f66492.png,SHB__RedFoxLn_v1_LS,SHB,99,66492,48.0
SHB__RedFoxLn_v1_LS_f70362.png,SHB__RedFoxLn_v1_LS,SHB,100,70362,20.6
SHB__RedFoxLn_v1_LS_f71382.png,SHB__RedFoxLn_v1_LS,SHB,101,71382,33.4
SHB__RedFoxLn_v1_LS_f71826.png,SHB__RedFoxLn_v1_LS,SHB,102,71826,27.6
SHB__RedFoxLn_v1_LS_f71916.png,SHB__RedFoxLn_v1_LS,SHB,103,71916,NEW
SHB__RedFoxLn_v1_LS_f72078.png,SHB__RedFoxLn_v1_LS,SHB,104,72078,21.2
SHB__RedFoxLn_v1_LS_f72216.png,SHB__RedFoxLn_v1_LS,SHB,105,72216,20.3
SHB__RedFoxLn_v1_LS_f72318.png,SHB__RedFoxLn_v1_LS,SHB,106,72318,21.1
SHB__RedFoxLn_v1_LS_f72492.png,SHB__RedFoxLn_v1_LS,SHB,107,72492,20.4
SHB__RedFoxLn_v1_LS_f72612.png,SHB__RedFoxLn_v1_LS,SHB,108,72612,22.4
SHB__RedFoxLn_v1_LS_f72930.png,SHB__RedFoxLn_v1_LS,SHB,109,72930,g2/propagated
SHB__RedFoxLn_v1_LS_f72939.png,SHB__RedFoxLn_v1_LS,SHB,109,72939,g2/propagated
SHB__RedFoxLn_v1_LS_f72948.png,SHB__RedFoxLn_v1_LS,SHB,109,72948,g2/verified
SHB__RedFoxLn_v1_LS_f72957.png,SHB__RedFoxLn_v1_LS,SHB,109,72957,g2/propagated
SHB__RedFoxLn_v1_LS_f72966.png,SHB__RedFoxLn_v1_LS,SHB,109,72966,g2/propagated
SHB__RedFoxLn_v1_LS_f72975.png,SHB__RedFoxLn_v1_LS,SHB,109,72975,g2/propagated
SHB__RedFoxLn_v1_LS_f72984.png,SHB__RedFoxLn_v1_LS,SHB,109,72984,g2/propagated
SHB__RedFoxLn_v1_LS_f72993.png,SHB__RedFoxLn_v1_LS,SHB,109,72993,g2/propagated
SHB__RedFoxLn_v1_LS_f73002.png,SHB__RedFoxLn_v1_LS,SHB,109,73002,g2/propagated
SHB__RedFoxLn_v1_LS_f73011.png,SHB__RedFoxLn_v1_LS,SHB,109,73011,g2/lost
SHB__RedFoxLn_v1_LS_f73020.png,SHB__RedFoxLn_v1_LS,SHB,109,73020,g2/lost
SHB__RedFoxLn_v1_LS_f73029.png,SHB__RedFoxLn_v1_LS,SHB,109,73029,g2/lost
SHB__RedFoxLn_v1_LS_f73038.png,SHB__RedFoxLn_v1_LS,SHB,109,73038,g2/lost
SHB__RedFoxLn_v1_LS_f73770.png,SHB__RedFoxLn_v1_LS,SHB,110,73770,23.7
SHB__RedFoxLn_v1_LS_f74010.png,SHB__RedFoxLn_v1_LS,SHB,111,74010,25.6
SHB__RedFoxLn_v1_LS_f74304.png,SHB__RedFoxLn_v1_LS,SHB,112,74304,29.2
SHB__RedFoxLn_v1_LS_f74382.png,SHB__RedFoxLn_v1_LS,SHB,113,74382,NEW
SHB__RedFoxLn_v1_LS_f75408.png,SHB__RedFoxLn_v1_LS,SHB,114,75408,21.0
SHB__RedFoxLn_v1_LS_f75828.png,SHB__RedFoxLn_v1_LS,SHB,115,75828,g1/lost
SHB__RedFoxLn_v1_LS_f75837.png,SHB__RedFoxLn_v1_LS,SHB,115,75837,g1/lost
SHB__RedFoxLn_v1_LS_f75846.png,SHB__RedFoxLn_v1_LS,SHB,115,75846,g1/lost
SHB__RedFoxLn_v1_LS_f75855.png,SHB__RedFoxLn_v1_LS,SHB,115,75855,g1/lost
SHB__RedFoxLn_v1_LS_f75864.png,SHB__RedFoxLn_v1_LS,SHB,115,75864,g1/lost
SHB__RedFoxLn_v1_LS_f75873.png,SHB__RedFoxLn_v1_LS,SHB,115,75873,g1/lost
SHB__RedFoxLn_v1_LS_f75882.png,SHB__RedFoxLn_v1_LS,SHB,115,75882,g1/lost
SHB__RedFoxLn_v1_LS_f75891.png,SHB__RedFoxLn_v1_LS,SHB,115,75891,g1/lost
SHB__RedFoxLn_v1_LS_f75900.png,SHB__RedFoxLn_v1_LS,SHB,115,75900,g1/propagated
SHB__RedFoxLn_v1_LS_f75909.png,SHB__RedFoxLn_v1_LS,SHB,115,75909,g1/propagated
SHB__RedFoxLn_v1_LS_f75918.png,SHB__RedFoxLn_v1_LS,SHB,115,75918,g1/verified
SHB__RedFoxLn_v1_LS_f75927.png,SHB__RedFoxLn_v1_LS,SHB,115,75927,g1/propagated
SHB__RedFoxLn_v1_LS_f75936.png,SHB__RedFoxLn_v1_LS,SHB,115,75936,g1/propagated
SHB__RedFoxLn_v1_LS_f75945.png,SHB__RedFoxLn_v1_LS,SHB,115,75945,g1/lost
SHB__RedFoxLn_v1_LS_f76038.png,SHB__RedFoxLn_v1_LS,SHB,116,76038,NEW
SHB__RedFoxLn_v1_LS_f76200.png,SHB__RedFoxLn_v1_LS,SHB,117,76200,NEW
SHB__RedFoxLn_v1_LS_f76548.png,SHB__RedFoxLn_v1_LS,SHB,118,76548,21.7
SHB__RedFoxLn_v1_LS_f76992.png,SHB__RedFoxLn_v1_LS,SHB,119,76992,24.8
SHB__RedFoxLn_v1_LS_f77166.png,SHB__RedFoxLn_v1_LS,SHB,120,77166,NEW
SHB__RedFoxLn_v1_LS_f77376.png,SHB__RedFoxLn_v1_LS,SHB,121,77376,26.7
SHB__RedFoxLn_v1_LS_f77466.png,SHB__RedFoxLn_v1_LS,SHB,122,77466,23.7
SHB__RedFoxLn_v1_LS_f77886.png,SHB__RedFoxLn_v1_LS,SHB,123,77886,23.8
SHB__RedFoxLn_v1_LS_f78180.png,SHB__RedFoxLn_v1_LS,SHB,124,78180,23.0
SHB__RedFoxLn_v1_LS_f78744.png,SHB__RedFoxLn_v1_LS,SHB,125,78744,23.8
SHB__RedFoxLn_v1_LS_f79395.png,SHB__RedFoxLn_v1_LS,SHB,126,79395,g1/propagated
SHB__RedFoxLn_v1_LS_f79404.png,SHB__RedFoxLn_v1_LS,SHB,126,79404,g1/propagated
SHB__RedFoxLn_v1_LS_f79413.png,SHB__RedFoxLn_v1_LS,SHB,126,79413,g1/propagated
SHB__RedFoxLn_v1_LS_f79422.png,SHB__RedFoxLn_v1_LS,SHB,126,79422,g1/verified
SHB__RedFoxLn_v1_LS_f79686.png,SHB__RedFoxLn_v1_LS,SHB,127,79686,20.2
SHB__RedFoxLn_v1_LS_f80094.png,SHB__RedFoxLn_v1_LS,SHB,128,80094,20.5
SHB__RedFoxLn_v1_LS_f80214.png,SHB__RedFoxLn_v1_LS,SHB,129,80214,NEW
SHB__RedFoxLn_v1_LS_f80628.png,SHB__RedFoxLn_v1_LS,SHB,130,80628,20.5
SHB__RedFoxLn_v1_LS_f83226.png,SHB__RedFoxLn_v1_LS,SHB,131,83226,20.8
SHB__RedFoxLn_v1_LS_f83484.png,SHB__RedFoxLn_v1_LS,SHB,132,83484,21.7
SHB__RedFoxLn_v1_LS_f84720.png,SHB__RedFoxLn_v1_LS,SHB,133,84720,20.5
SHB__RedFoxLn_v1_LS_f85008.png,SHB__RedFoxLn_v1_LS,SHB,134,85008,32.6
SHB__RedFoxLn_v1_LS_f85428.png,SHB__RedFoxLn_v1_LS,SHB,135,85428,29.9
SHB__RedFoxLn_v1_LS_f8586.png,SHB__RedFoxLn_v1_LS,SHB,10,8586,49.6
SHB__RedFoxLn_v1_LS_f86016.png,SHB__RedFoxLn_v1_LS,SHB,136,86016,29.6
SHB__RedFoxLn_v1_LS_f86832.png,SHB__RedFoxLn_v1_LS,SHB,137,86832,37.8
SHB__WolfCreekRd_v1_LS_f1686.png,SHB__WolfCreekRd_v1_LS,SHB,3,1686,20.3
SHB__WolfCreekRd_v1_LS_f2118.png,SHB__WolfCreekRd_v1_LS,SHB,4,2118,42.2
SHB__WolfCreekRd_v1_LS_f3438.png,SHB__WolfCreekRd_v1_LS,SHB,5,3438,NEW
SHB__WolfCreekRd_v1_LS_f360.png,SHB__WolfCreekRd_v1_LS,SHB,0,360,25.6
SHB__WolfCreekRd_v1_LS_f3954.png,SHB__WolfCreekRd_v1_LS,SHB,6,3954,57.2
SHB__WolfCreekRd_v1_LS_f4572.png,SHB__WolfCreekRd_v1_LS,SHB,7,4572,25.1
SHB__WolfCreekRd_v1_LS_f4794.png,SHB__WolfCreekRd_v1_LS,SHB,8,4794,21.1
SHB__WolfCreekRd_v1_LS_f5094.png,SHB__WolfCreekRd_v1_LS,SHB,9,5094,38.3
SHB__WolfCreekRd_v1_LS_f5520.png,SHB__WolfCreekRd_v1_LS,SHB,10,5520,21.2
SHB__WolfCreekRd_v1_LS_f5628.png,SHB__WolfCreekRd_v1_LS,SHB,11,5628,23.1
SHB__WolfCreekRd_v1_LS_f5778.png,SHB__WolfCreekRd_v1_LS,SHB,12,5778,22.6
SHB__WolfCreekRd_v1_LS_f6030.png,SHB__WolfCreekRd_v1_LS,SHB,13,6030,20.3
SHB__WolfCreekRd_v1_LS_f6486.png,SHB__WolfCreekRd_v1_LS,SHB,14,6486,35.3
SHB__WolfCreekRd_v1_LS_f666.png,SHB__WolfCreekRd_v1_LS,SHB,1,666,22.2
SHB__WolfCreekRd_v1_LS_f7452.png,SHB__WolfCreekRd_v1_LS,SHB,15,7452,38.9
SHB__WolfCreekRd_v1_LS_f7896.png,SHB__WolfCreekRd_v1_LS,SHB,16,7896,36.6
SHB__WolfCreekRd_v1_LS_f8202.png,SHB__WolfCreekRd_v1_LS,SHB,17,8202,NEW
SHB__WolfCreekRd_v1_LS_f8826.png,SHB__WolfCreekRd_v1_LS,SHB,18,8826,54.6
SHB__WolfCreekRd_v1_LS_f954.png,SHB__WolfCreekRd_v1_LS,SHB,2,954,20.8
SHW__HogThief_v1_LS_f10260.png,SHW__HogThief_v1_LS,SHW,14,10260,29.7
SHW__HogThief_v1_LS_f10512.png,SHW__HogThief_v1_LS,SHW,15,10512,20.2
SHW__HogThief_v1_LS_f10722.png,SHW__HogThief_v1_LS,SHW,16,10722,23.2
SHW__HogThief_v1_LS_f11472.png,SHW__HogThief_v1_LS,SHW,17,11472,26.4
SHW__HogThief_v1_LS_f11760.png,SHW__HogThief_v1_LS,SHW,18,11760,29.1
SHW__HogThief_v1_LS_f12150.png,SHW__HogThief_v1_LS,SHW,19,12150,20.5
SHW__HogThief_v1_LS_f12588.png,SHW__HogThief_v1_LS,SHW,20,12588,26.3
SHW__HogThief_v1_LS_f13038.png,SHW__HogThief_v1_LS,SHW,21,13038,23.0
SHW__HogThief_v1_LS_f13242.png,SHW__HogThief_v1_LS,SHW,22,13242,21.7
SHW__HogThief_v1_LS_f13596.png,SHW__HogThief_v1_LS,SHW,23,13596,26.1
SHW__HogThief_v1_LS_f14004.png,SHW__HogThief_v1_LS,SHW,24,14004,26.5
SHW__HogThief_v1_LS_f14802.png,SHW__HogThief_v1_LS,SHW,25,14802,23.8
SHW__HogThief_v1_LS_f15312.png,SHW__HogThief_v1_LS,SHW,26,15312,26.2
SHW__HogThief_v1_LS_f1542.png,SHW__HogThief_v1_LS,SHW,2,1542,NEW
SHW__HogThief_v1_LS_f16020.png,SHW__HogThief_v1_LS,SHW,27,16020,28.6
SHW__HogThief_v1_LS_f16146.png,SHW__HogThief_v1_LS,SHW,28,16146,20.4
SHW__HogThief_v1_LS_f16404.png,SHW__HogThief_v1_LS,SHW,29,16404,23.7
SHW__HogThief_v1_LS_f16728.png,SHW__HogThief_v1_LS,SHW,30,16728,23.0
SHW__HogThief_v1_LS_f17472.png,SHW__HogThief_v1_LS,SHW,31,17472,20.1
SHW__HogThief_v1_LS_f17694.png,SHW__HogThief_v1_LS,SHW,32,17694,22.7
SHW__HogThief_v1_LS_f1788.png,SHW__HogThief_v1_LS,SHW,3,1788,21.0
SHW__HogThief_v1_LS_f18006.png,SHW__HogThief_v1_LS,SHW,33,18006,20.6
SHW__HogThief_v1_LS_f18144.png,SHW__HogThief_v1_LS,SHW,34,18144,21.0
SHW__HogThief_v1_LS_f18270.png,SHW__HogThief_v1_LS,SHW,35,18270,22.0
SHW__HogThief_v1_LS_f18546.png,SHW__HogThief_v1_LS,SHW,36,18546,20.4
SHW__HogThief_v1_LS_f18732.png,SHW__HogThief_v1_LS,SHW,37,18732,20.9
SHW__HogThief_v1_LS_f18918.png,SHW__HogThief_v1_LS,SHW,38,18918,21.4
SHW__HogThief_v1_LS_f19044.png,SHW__HogThief_v1_LS,SHW,39,19044,21.0
SHW__HogThief_v1_LS_f19734.png,SHW__HogThief_v1_LS,SHW,40,19734,32.3
SHW__HogThief_v1_LS_f20292.png,SHW__HogThief_v1_LS,SHW,41,20292,NEW
SHW__HogThief_v1_LS_f204.png,SHW__HogThief_v1_LS,SHW,0,204,24.1
SHW__HogThief_v1_LS_f2064.png,SHW__HogThief_v1_LS,SHW,4,2064,22.8
SHW__HogThief_v1_LS_f20850.png,SHW__HogThief_v1_LS,SHW,42,20850,29.6
SHW__HogThief_v1_LS_f21630.png,SHW__HogThief_v1_LS,SHW,43,21630,23.7
SHW__HogThief_v1_LS_f21828.png,SHW__HogThief_v1_LS,SHW,44,21828,21.7
SHW__HogThief_v1_LS_f22452.png,SHW__HogThief_v1_LS,SHW,45,22452,32.4
SHW__HogThief_v1_LS_f22740.png,SHW__HogThief_v1_LS,SHW,46,22740,28.6
SHW__HogThief_v1_LS_f24228.png,SHW__HogThief_v1_LS,SHW,47,24228,25.4
SHW__HogThief_v1_LS_f24522.png,SHW__HogThief_v1_LS,SHW,48,24522,23.4
SHW__HogThief_v1_LS_f2460.png,SHW__HogThief_v1_LS,SHW,5,2460,39.5
SHW__HogThief_v1_LS_f24630.png,SHW__HogThief_v1_LS,SHW,49,24630,24.7
SHW__HogThief_v1_LS_f24744.png,SHW__HogThief_v1_LS,SHW,50,24744,NEW
SHW__HogThief_v1_LS_f24882.png,SHW__HogThief_v1_LS,SHW,51,24882,21.3
SHW__HogThief_v1_LS_f25428.png,SHW__HogThief_v1_LS,SHW,52,25428,NEW
SHW__HogThief_v1_LS_f25596.png,SHW__HogThief_v1_LS,SHW,53,25596,21.1
SHW__HogThief_v1_LS_f26046.png,SHW__HogThief_v1_LS,SHW,54,26046,23.7
SHW__HogThief_v1_LS_f26262.png,SHW__HogThief_v1_LS,SHW,55,26262,25.0
SHW__HogThief_v1_LS_f27468.png,SHW__HogThief_v1_LS,SHW,56,27468,30.9
SHW__HogThief_v1_LS_f4326.png,SHW__HogThief_v1_LS,SHW,6,4326,36.6
SHW__HogThief_v1_LS_f5250.png,SHW__HogThief_v1_LS,SHW,7,5250,43.5
SHW__HogThief_v1_LS_f7158.png,SHW__HogThief_v1_LS,SHW,8,7158,20.8
SHW__HogThief_v1_LS_f8040.png,SHW__HogThief_v1_LS,SHW,9,8040,30.0
SHW__HogThief_v1_LS_f8640.png,SHW__HogThief_v1_LS,SHW,10,8640,21.1
SHW__HogThief_v1_LS_f9090.png,SHW__HogThief_v1_LS,SHW,11,9090,23.3
SHW__HogThief_v1_LS_f924.png,SHW__HogThief_v1_LS,SHW,1,924,NEW
SHW__HogThief_v1_LS_f9396.png,SHW__HogThief_v1_LS,SHW,12,9396,NEW
SHW__HogThief_v1_LS_f9534.png,SHW__HogThief_v1_LS,SHW,13,9534,NEW
SHW__LowerRichland_v1_LS_f10308.png,SHW__LowerRichland_v1_LS,SHW,21,10308,22.6
SHW__LowerRichland_v1_LS_f10782.png,SHW__LowerRichland_v1_LS,SHW,22,10782,27.5
SHW__LowerRichland_v1_LS_f12144.png,SHW__LowerRichland_v1_LS,SHW,23,12144,21.0
SHW__LowerRichland_v1_LS_f13692.png,SHW__LowerRichland_v1_LS,SHW,24,13692,28.0
SHW__LowerRichland_v1_LS_f14112.png,SHW__LowerRichland_v1_LS,SHW,25,14112,21.5
SHW__LowerRichland_v1_LS_f14286.png,SHW__LowerRichland_v1_LS,SHW,26,14286,21.6
SHW__LowerRichland_v1_LS_f14370.png,SHW__LowerRichland_v1_LS,SHW,27,14370,20.3
SHW__LowerRichland_v1_LS_f14670.png,SHW__LowerRichland_v1_LS,SHW,28,14670,23.4
SHW__LowerRichland_v1_LS_f14868.png,SHW__LowerRichland_v1_LS,SHW,29,14868,20.7
SHW__LowerRichland_v1_LS_f15018.png,SHW__LowerRichland_v1_LS,SHW,30,15018,20.4
SHW__LowerRichland_v1_LS_f15150.png,SHW__LowerRichland_v1_LS,SHW,31,15150,20.8
SHW__LowerRichland_v1_LS_f15558.png,SHW__LowerRichland_v1_LS,SHW,32,15558,21.9
SHW__LowerRichland_v1_LS_f16404.png,SHW__LowerRichland_v1_LS,SHW,33,16404,21.5
SHW__LowerRichland_v1_LS_f16596.png,SHW__LowerRichland_v1_LS,SHW,34,16596,NEW
SHW__LowerRichland_v1_LS_f16938.png,SHW__LowerRichland_v1_LS,SHW,35,16938,21.2
SHW__LowerRichland_v1_LS_f17088.png,SHW__LowerRichland_v1_LS,SHW,36,17088,20.7
SHW__LowerRichland_v1_LS_f17436.png,SHW__LowerRichland_v1_LS,SHW,37,17436,23.0
SHW__LowerRichland_v1_LS_f180.png,SHW__LowerRichland_v1_LS,SHW,0,180,30.4
SHW__LowerRichland_v1_LS_f18006.png,SHW__LowerRichland_v1_LS,SHW,38,18006,22.2
SHW__LowerRichland_v1_LS_f18132.png,SHW__LowerRichland_v1_LS,SHW,39,18132,20.4
SHW__LowerRichland_v1_LS_f18426.png,SHW__LowerRichland_v1_LS,SHW,40,18426,20.5
SHW__LowerRichland_v1_LS_f18612.png,SHW__LowerRichland_v1_LS,SHW,41,18612,20.6
SHW__LowerRichland_v1_LS_f18720.png,SHW__LowerRichland_v1_LS,SHW,42,18720,21.5
SHW__LowerRichland_v1_LS_f18840.png,SHW__LowerRichland_v1_LS,SHW,43,18840,20.2
SHW__LowerRichland_v1_LS_f19068.png,SHW__LowerRichland_v1_LS,SHW,44,19068,20.2
SHW__LowerRichland_v1_LS_f19434.png,SHW__LowerRichland_v1_LS,SHW,45,19434,20.9
SHW__LowerRichland_v1_LS_f19662.png,SHW__LowerRichland_v1_LS,SHW,46,19662,21.3
SHW__LowerRichland_v1_LS_f19890.png,SHW__LowerRichland_v1_LS,SHW,47,19890,21.5
SHW__LowerRichland_v1_LS_f19980.png,SHW__LowerRichland_v1_LS,SHW,48,19980,21.4
SHW__LowerRichland_v1_LS_f20358.png,SHW__LowerRichland_v1_LS,SHW,49,20358,23.9
SHW__LowerRichland_v1_LS_f20430.png,SHW__LowerRichland_v1_LS,SHW,50,20430,20.4
SHW__LowerRichland_v1_LS_f20538.png,SHW__LowerRichland_v1_LS,SHW,51,20538,21.1
SHW__LowerRichland_v1_LS_f20808.png,SHW__LowerRichland_v1_LS,SHW,52,20808,20.9
SHW__LowerRichland_v1_LS_f20910.png,SHW__LowerRichland_v1_LS,SHW,53,20910,20.8
SHW__LowerRichland_v1_LS_f21354.png,SHW__LowerRichland_v1_LS,SHW,54,21354,26.7
SHW__LowerRichland_v1_LS_f21456.png,SHW__LowerRichland_v1_LS,SHW,55,21456,35.2
SHW__LowerRichland_v1_LS_f21840.png,SHW__LowerRichland_v1_LS,SHW,56,21840,21.3
SHW__LowerRichland_v1_LS_f21918.png,SHW__LowerRichland_v1_LS,SHW,57,21918,NEW
SHW__LowerRichland_v1_LS_f22038.png,SHW__LowerRichland_v1_LS,SHW,58,22038,NEW
SHW__LowerRichland_v1_LS_f22266.png,SHW__LowerRichland_v1_LS,SHW,59,22266,23.7
SHW__LowerRichland_v1_LS_f22728.png,SHW__LowerRichland_v1_LS,SHW,60,22728,24.1
SHW__LowerRichland_v1_LS_f22974.png,SHW__LowerRichland_v1_LS,SHW,61,22974,20.4
SHW__LowerRichland_v1_LS_f23232.png,SHW__LowerRichland_v1_LS,SHW,62,23232,21.8
SHW__LowerRichland_v1_LS_f23394.png,SHW__LowerRichland_v1_LS,SHW,63,23394,40.0
SHW__LowerRichland_v1_LS_f23688.png,SHW__LowerRichland_v1_LS,SHW,64,23688,24.4
SHW__LowerRichland_v1_LS_f23796.png,SHW__LowerRichland_v1_LS,SHW,65,23796,20.7
SHW__LowerRichland_v1_LS_f24030.png,SHW__LowerRichland_v1_LS,SHW,66,24030,NEW
SHW__LowerRichland_v1_LS_f24444.png,SHW__LowerRichland_v1_LS,SHW,67,24444,24.7
SHW__LowerRichland_v1_LS_f25134.png,SHW__LowerRichland_v1_LS,SHW,68,25134,21.3
SHW__LowerRichland_v1_LS_f25290.png,SHW__LowerRichland_v1_LS,SHW,69,25290,20.7
SHW__LowerRichland_v1_LS_f25500.png,SHW__LowerRichland_v1_LS,SHW,70,25500,20.1
SHW__LowerRichland_v1_LS_f25866.png,SHW__LowerRichland_v1_LS,SHW,71,25866,37.4
SHW__LowerRichland_v1_LS_f26166.png,SHW__LowerRichland_v1_LS,SHW,72,26166,24.4
SHW__LowerRichland_v1_LS_f26262.png,SHW__LowerRichland_v1_LS,SHW,73,26262,25.7
SHW__LowerRichland_v1_LS_f26478.png,SHW__LowerRichland_v1_LS,SHW,74,26478,23.5
SHW__LowerRichland_v1_LS_f2742.png,SHW__LowerRichland_v1_LS,SHW,1,2742,28.0
SHW__LowerRichland_v1_LS_f27750.png,SHW__LowerRichland_v1_LS,SHW,75,27750,31.3
SHW__LowerRichland_v1_LS_f28878.png,SHW__LowerRichland_v1_LS,SHW,76,28878,31.2
SHW__LowerRichland_v1_LS_f29676.png,SHW__LowerRichland_v1_LS,SHW,77,29676,37.3
SHW__LowerRichland_v1_LS_f29802.png,SHW__LowerRichland_v1_LS,SHW,78,29802,20.7
SHW__LowerRichland_v1_LS_f30144.png,SHW__LowerRichland_v1_LS,SHW,79,30144,g2/lost
SHW__LowerRichland_v1_LS_f30153.png,SHW__LowerRichland_v1_LS,SHW,79,30153,g2/lost
SHW__LowerRichland_v1_LS_f30162.png,SHW__LowerRichland_v1_LS,SHW,79,30162,g2/verified
SHW__LowerRichland_v1_LS_f30318.png,SHW__LowerRichland_v1_LS,SHW,80,30318,20.6
SHW__LowerRichland_v1_LS_f30720.png,SHW__LowerRichland_v1_LS,SHW,81,30720,38.1
SHW__LowerRichland_v1_LS_f31470.png,SHW__LowerRichland_v1_LS,SHW,82,31470,34.8
SHW__LowerRichland_v1_LS_f32040.png,SHW__LowerRichland_v1_LS,SHW,83,32040,21.3
SHW__LowerRichland_v1_LS_f32544.png,SHW__LowerRichland_v1_LS,SHW,84,32544,23.9
SHW__LowerRichland_v1_LS_f33618.png,SHW__LowerRichland_v1_LS,SHW,85,33618,21.8
SHW__LowerRichland_v1_LS_f33858.png,SHW__LowerRichland_v1_LS,SHW,86,33858,21.5
SHW__LowerRichland_v1_LS_f34014.png,SHW__LowerRichland_v1_LS,SHW,87,34014,20.4
SHW__LowerRichland_v1_LS_f34116.png,SHW__LowerRichland_v1_LS,SHW,88,34116,21.5
SHW__LowerRichland_v1_LS_f34344.png,SHW__LowerRichland_v1_LS,SHW,89,34344,20.3
SHW__LowerRichland_v1_LS_f34554.png,SHW__LowerRichland_v1_LS,SHW,90,34554,21.2
SHW__LowerRichland_v1_LS_f34776.png,SHW__LowerRichland_v1_LS,SHW,91,34776,20.7
SHW__LowerRichland_v1_LS_f35016.png,SHW__LowerRichland_v1_LS,SHW,92,35016,25.5
SHW__LowerRichland_v1_LS_f3522.png,SHW__LowerRichland_v1_LS,SHW,2,3522,21.6
SHW__LowerRichland_v1_LS_f35286.png,SHW__LowerRichland_v1_LS,SHW,93,35286,22.1
SHW__LowerRichland_v1_LS_f35442.png,SHW__LowerRichland_v1_LS,SHW,94,35442,22.1
SHW__LowerRichland_v1_LS_f35646.png,SHW__LowerRichland_v1_LS,SHW,95,35646,30.4
SHW__LowerRichland_v1_LS_f35934.png,SHW__LowerRichland_v1_LS,SHW,96,35934,20.9
SHW__LowerRichland_v1_LS_f36108.png,SHW__LowerRichland_v1_LS,SHW,97,36108,20.7
SHW__LowerRichland_v1_LS_f36210.png,SHW__LowerRichland_v1_LS,SHW,98,36210,20.8
SHW__LowerRichland_v1_LS_f36414.png,SHW__LowerRichland_v1_LS,SHW,99,36414,21.4
SHW__LowerRichland_v1_LS_f36576.png,SHW__LowerRichland_v1_LS,SHW,100,36576,NEW
SHW__LowerRichland_v1_LS_f36876.png,SHW__LowerRichland_v1_LS,SHW,101,36876,22.3
SHW__LowerRichland_v1_LS_f36996.png,SHW__LowerRichland_v1_LS,SHW,102,36996,21.2
SHW__LowerRichland_v1_LS_f37302.png,SHW__LowerRichland_v1_LS,SHW,103,37302,22.1
SHW__LowerRichland_v1_LS_f37836.png,SHW__LowerRichland_v1_LS,SHW,104,37836,20.8
SHW__LowerRichland_v1_LS_f3810.png,SHW__LowerRichland_v1_LS,SHW,3,3810,21.1
SHW__LowerRichland_v1_LS_f38784.png,SHW__LowerRichland_v1_LS,SHW,105,38784,21.7
SHW__LowerRichland_v1_LS_f39366.png,SHW__LowerRichland_v1_LS,SHW,106,39366,23.9
SHW__LowerRichland_v1_LS_f3942.png,SHW__LowerRichland_v1_LS,SHW,4,3942,NEW
SHW__LowerRichland_v1_LS_f39480.png,SHW__LowerRichland_v1_LS,SHW,107,39480,22.2
SHW__LowerRichland_v1_LS_f39792.png,SHW__LowerRichland_v1_LS,SHW,108,39792,20.6
SHW__LowerRichland_v1_LS_f39918.png,SHW__LowerRichland_v1_LS,SHW,109,39918,20.9
SHW__LowerRichland_v1_LS_f40140.png,SHW__LowerRichland_v1_LS,SHW,110,40140,21.1
SHW__LowerRichland_v1_LS_f40296.png,SHW__LowerRichland_v1_LS,SHW,111,40296,25.8
SHW__LowerRichland_v1_LS_f40506.png,SHW__LowerRichland_v1_LS,SHW,112,40506,20.4
SHW__LowerRichland_v1_LS_f40704.png,SHW__LowerRichland_v1_LS,SHW,113,40704,24.5
SHW__LowerRichland_v1_LS_f41124.png,SHW__LowerRichland_v1_LS,SHW,114,41124,23.5
SHW__LowerRichland_v1_LS_f41250.png,SHW__LowerRichland_v1_LS,SHW,115,41250,28.0
SHW__LowerRichland_v1_LS_f41472.png,SHW__LowerRichland_v1_LS,SHW,116,41472,21.8
SHW__LowerRichland_v1_LS_f4158.png,SHW__LowerRichland_v1_LS,SHW,5,4158,21.0
SHW__LowerRichland_v1_LS_f41802.png,SHW__LowerRichland_v1_LS,SHW,117,41802,21.4
SHW__LowerRichland_v1_LS_f42096.png,SHW__LowerRichland_v1_LS,SHW,118,42096,21.4
SHW__LowerRichland_v1_LS_f42408.png,SHW__LowerRichland_v1_LS,SHW,119,42408,30.5
SHW__LowerRichland_v1_LS_f42630.png,SHW__LowerRichland_v1_LS,SHW,120,42630,23.9
SHW__LowerRichland_v1_LS_f42768.png,SHW__LowerRichland_v1_LS,SHW,121,42768,22.5
SHW__LowerRichland_v1_LS_f42972.png,SHW__LowerRichland_v1_LS,SHW,122,42972,21.9
SHW__LowerRichland_v1_LS_f4314.png,SHW__LowerRichland_v1_LS,SHW,6,4314,21.7
SHW__LowerRichland_v1_LS_f44538.png,SHW__LowerRichland_v1_LS,SHW,123,44538,34.7
SHW__LowerRichland_v1_LS_f44850.png,SHW__LowerRichland_v1_LS,SHW,124,44850,20.9
SHW__LowerRichland_v1_LS_f45606.png,SHW__LowerRichland_v1_LS,SHW,125,45606,22.3
SHW__LowerRichland_v1_LS_f45774.png,SHW__LowerRichland_v1_LS,SHW,126,45774,20.7
SHW__LowerRichland_v1_LS_f46116.png,SHW__LowerRichland_v1_LS,SHW,127,46116,35.1
SHW__LowerRichland_v1_LS_f46212.png,SHW__LowerRichland_v1_LS,SHW,128,46212,NEW
SHW__LowerRichland_v1_LS_f46422.png,SHW__LowerRichland_v1_LS,SHW,129,46422,34.0
SHW__LowerRichland_v1_LS_f46788.png,SHW__LowerRichland_v1_LS,SHW,130,46788,26.9
SHW__LowerRichland_v1_LS_f46938.png,SHW__LowerRichland_v1_LS,SHW,131,46938,37.2
SHW__LowerRichland_v1_LS_f48444.png,SHW__LowerRichland_v1_LS,SHW,132,48444,48.5
SHW__LowerRichland_v1_LS_f49206.png,SHW__LowerRichland_v1_LS,SHW,133,49206,23.6
SHW__LowerRichland_v1_LS_f4956.png,SHW__LowerRichland_v1_LS,SHW,7,4956,26.4
SHW__LowerRichland_v1_LS_f49590.png,SHW__LowerRichland_v1_LS,SHW,134,49590,36.3
SHW__LowerRichland_v1_LS_f49824.png,SHW__LowerRichland_v1_LS,SHW,135,49824,20.3
SHW__LowerRichland_v1_LS_f50298.png,SHW__LowerRichland_v1_LS,SHW,136,50298,21.8
SHW__LowerRichland_v1_LS_f50586.png,SHW__LowerRichland_v1_LS,SHW,137,50586,21.0
SHW__LowerRichland_v1_LS_f51078.png,SHW__LowerRichland_v1_LS,SHW,138,51078,20.6
SHW__LowerRichland_v1_LS_f51372.png,SHW__LowerRichland_v1_LS,SHW,139,51372,21.9
SHW__LowerRichland_v1_LS_f51660.png,SHW__LowerRichland_v1_LS,SHW,140,51660,20.8
SHW__LowerRichland_v1_LS_f51888.png,SHW__LowerRichland_v1_LS,SHW,141,51888,20.5
SHW__LowerRichland_v1_LS_f52098.png,SHW__LowerRichland_v1_LS,SHW,142,52098,20.9
SHW__LowerRichland_v1_LS_f52428.png,SHW__LowerRichland_v1_LS,SHW,143,52428,20.3
SHW__LowerRichland_v1_LS_f53370.png,SHW__LowerRichland_v1_LS,SHW,144,53370,23.6
SHW__LowerRichland_v1_LS_f53640.png,SHW__LowerRichland_v1_LS,SHW,145,53640,21.4
SHW__LowerRichland_v1_LS_f54006.png,SHW__LowerRichland_v1_LS,SHW,146,54006,21.8
SHW__LowerRichland_v1_LS_f54414.png,SHW__LowerRichland_v1_LS,SHW,147,54414,23.8
SHW__LowerRichland_v1_LS_f54780.png,SHW__LowerRichland_v1_LS,SHW,148,54780,20.4
SHW__LowerRichland_v1_LS_f5484.png,SHW__LowerRichland_v1_LS,SHW,8,5484,35.1
SHW__LowerRichland_v1_LS_f5748.png,SHW__LowerRichland_v1_LS,SHW,9,5748,35.0
SHW__LowerRichland_v1_LS_f6294.png,SHW__LowerRichland_v1_LS,SHW,10,6294,NEW
SHW__LowerRichland_v1_LS_f6384.png,SHW__LowerRichland_v1_LS,SHW,11,6384,21.1
SHW__LowerRichland_v1_LS_f6540.png,SHW__LowerRichland_v1_LS,SHW,12,6540,25.2
SHW__LowerRichland_v1_LS_f6780.png,SHW__LowerRichland_v1_LS,SHW,13,6780,21.4
SHW__LowerRichland_v1_LS_f7386.png,SHW__LowerRichland_v1_LS,SHW,14,7386,22.3
SHW__LowerRichland_v1_LS_f7584.png,SHW__LowerRichland_v1_LS,SHW,15,7584,NEW
SHW__LowerRichland_v1_LS_f7704.png,SHW__LowerRichland_v1_LS,SHW,16,7704,20.6
SHW__LowerRichland_v1_LS_f8112.png,SHW__LowerRichland_v1_LS,SHW,17,8112,20.5
SHW__LowerRichland_v1_LS_f8610.png,SHW__LowerRichland_v1_LS,SHW,18,8610,21.1
SHW__LowerRichland_v1_LS_f9696.png,SHW__LowerRichland_v1_LS,SHW,19,9696,22.8
SHW__LowerRichland_v1_LS_f9996.png,SHW__LowerRichland_v1_LS,SHW,20,9996,20.5
SHW__Melvin_v1_LS_f10158.png,SHW__Melvin_v1_LS,SHW,13,10158,26.2
SHW__Melvin_v1_LS_f10380.png,SHW__Melvin_v1_LS,SHW,14,10380,g1/propagated
SHW__Melvin_v1_LS_f10389.png,SHW__Melvin_v1_LS,SHW,14,10389,g1/propagated
SHW__Melvin_v1_LS_f10398.png,SHW__Melvin_v1_LS,SHW,14,10398,g1/propagated
SHW__Melvin_v1_LS_f10407.png,SHW__Melvin_v1_LS,SHW,14,10407,g1/propagated
SHW__Melvin_v1_LS_f10416.png,SHW__Melvin_v1_LS,SHW,14,10416,g1/propagated
SHW__Melvin_v1_LS_f10425.png,SHW__Melvin_v1_LS,SHW,14,10425,g1/propagated
SHW__Melvin_v1_LS_f10434.png,SHW__Melvin_v1_LS,SHW,14,10434,g1/propagated
SHW__Melvin_v1_LS_f10443.png,SHW__Melvin_v1_LS,SHW,14,10443,g1/propagated
SHW__Melvin_v1_LS_f10452.png,SHW__Melvin_v1_LS,SHW,14,10452,g1/propagated
SHW__Melvin_v1_LS_f10461.png,SHW__Melvin_v1_LS,SHW,14,10461,g1/propagated
SHW__Melvin_v1_LS_f10470.png,SHW__Melvin_v1_LS,SHW,14,10470,g1/verified
SHW__Melvin_v1_LS_f10674.png,SHW__Melvin_v1_LS,SHW,15,10674,24.7
SHW__Melvin_v1_LS_f1080.png,SHW__Melvin_v1_LS,SHW,0,1080,36.2
SHW__Melvin_v1_LS_f11310.png,SHW__Melvin_v1_LS,SHW,16,11310,21.6
SHW__Melvin_v1_LS_f12312.png,SHW__Melvin_v1_LS,SHW,17,12312,24.6
SHW__Melvin_v1_LS_f12552.png,SHW__Melvin_v1_LS,SHW,18,12552,20.7
SHW__Melvin_v1_LS_f12972.png,SHW__Melvin_v1_LS,SHW,19,12972,28.0
SHW__Melvin_v1_LS_f13500.png,SHW__Melvin_v1_LS,SHW,20,13500,23.1
SHW__Melvin_v1_LS_f14166.png,SHW__Melvin_v1_LS,SHW,21,14166,22.7
SHW__Melvin_v1_LS_f14322.png,SHW__Melvin_v1_LS,SHW,22,14322,21.0
SHW__Melvin_v1_LS_f14514.png,SHW__Melvin_v1_LS,SHW,23,14514,23.9
SHW__Melvin_v1_LS_f14862.png,SHW__Melvin_v1_LS,SHW,24,14862,22.0
SHW__Melvin_v1_LS_f4806.png,SHW__Melvin_v1_LS,SHW,1,4806,20.2
SHW__Melvin_v1_LS_f4980.png,SHW__Melvin_v1_LS,SHW,2,4980,NEW
SHW__Melvin_v1_LS_f5364.png,SHW__Melvin_v1_LS,SHW,3,5364,g1/lost
SHW__Melvin_v1_LS_f5373.png,SHW__Melvin_v1_LS,SHW,3,5373,g1/lost
SHW__Melvin_v1_LS_f5382.png,SHW__Melvin_v1_LS,SHW,3,5382,g1/lost
SHW__Melvin_v1_LS_f5391.png,SHW__Melvin_v1_LS,SHW,3,5391,g1/lost
SHW__Melvin_v1_LS_f5400.png,SHW__Melvin_v1_LS,SHW,3,5400,g1/verified
SHW__Melvin_v1_LS_f5409.png,SHW__Melvin_v1_LS,SHW,3,5409,g1/propagated
SHW__Melvin_v1_LS_f5418.png,SHW__Melvin_v1_LS,SHW,3,5418,g1/propagated
SHW__Melvin_v1_LS_f5427.png,SHW__Melvin_v1_LS,SHW,3,5427,g1/propagated
SHW__Melvin_v1_LS_f5436.png,SHW__Melvin_v1_LS,SHW,3,5436,g1/lost
SHW__Melvin_v1_LS_f5445.png,SHW__Melvin_v1_LS,SHW,3,5445,g1/lost
SHW__Melvin_v1_LS_f5454.png,SHW__Melvin_v1_LS,SHW,3,5454,g1/lost
SHW__Melvin_v1_LS_f5463.png,SHW__Melvin_v1_LS,SHW,3,5463,g1/lost
SHW__Melvin_v1_LS_f5472.png,SHW__Melvin_v1_LS,SHW,3,5472,g1/lost
SHW__Melvin_v1_LS_f5481.png,SHW__Melvin_v1_LS,SHW,3,5481,g1/lost
SHW__Melvin_v1_LS_f5490.png,SHW__Melvin_v1_LS,SHW,3,5490,g1/lost
SHW__Melvin_v1_LS_f5688.png,SHW__Melvin_v1_LS,SHW,4,5688,20.0
SHW__Melvin_v1_LS_f5910.png,SHW__Melvin_v1_LS,SHW,5,5910,NEW
SHW__Melvin_v1_LS_f6072.png,SHW__Melvin_v1_LS,SHW,6,6072,31.9
SHW__Melvin_v1_LS_f6756.png,SHW__Melvin_v1_LS,SHW,7,6756,21.3
SHW__Melvin_v1_LS_f6942.png,SHW__Melvin_v1_LS,SHW,8,6942,g1/lost
SHW__Melvin_v1_LS_f6951.png,SHW__Melvin_v1_LS,SHW,8,6951,g1/lost
SHW__Melvin_v1_LS_f6960.png,SHW__Melvin_v1_LS,SHW,8,6960,g1/lost
SHW__Melvin_v1_LS_f6969.png,SHW__Melvin_v1_LS,SHW,8,6969,g1/lost
SHW__Melvin_v1_LS_f6978.png,SHW__Melvin_v1_LS,SHW,8,6978,g1/lost
SHW__Melvin_v1_LS_f6987.png,SHW__Melvin_v1_LS,SHW,8,6987,g1/lost
SHW__Melvin_v1_LS_f6996.png,SHW__Melvin_v1_LS,SHW,8,6996,g1/propagated
SHW__Melvin_v1_LS_f7005.png,SHW__Melvin_v1_LS,SHW,8,7005,g1/propagated
SHW__Melvin_v1_LS_f7014.png,SHW__Melvin_v1_LS,SHW,8,7014,g1/propagated
SHW__Melvin_v1_LS_f7023.png,SHW__Melvin_v1_LS,SHW,8,7023,g1/propagated
SHW__Melvin_v1_LS_f7032.png,SHW__Melvin_v1_LS,SHW,8,7032,g1/verified
SHW__Melvin_v1_LS_f7041.png,SHW__Melvin_v1_LS,SHW,8,7041,g1/propagated
SHW__Melvin_v1_LS_f7050.png,SHW__Melvin_v1_LS,SHW,8,7050,g1/propagated
SHW__Melvin_v1_LS_f7059.png,SHW__Melvin_v1_LS,SHW,8,7059,g1/propagated
SHW__Melvin_v1_LS_f7068.png,SHW__Melvin_v1_LS,SHW,8,7068,g1/propagated
SHW__Melvin_v1_LS_f7077.png,SHW__Melvin_v1_LS,SHW,8,7077,g1/propagated
SHW__Melvin_v1_LS_f7086.png,SHW__Melvin_v1_LS,SHW,8,7086,g1/propagated
SHW__Melvin_v1_LS_f7095.png,SHW__Melvin_v1_LS,SHW,8,7095,g1/propagated
SHW__Melvin_v1_LS_f7104.png,SHW__Melvin_v1_LS,SHW,8,7104,g1/propagated
SHW__Melvin_v1_LS_f7113.png,SHW__Melvin_v1_LS,SHW,8,7113,g1/propagated
SHW__Melvin_v1_LS_f7122.png,SHW__Melvin_v1_LS,SHW,8,7122,g1/propagated
SHW__Melvin_v1_LS_f7470.png,SHW__Melvin_v1_LS,SHW,9,7470,25.8
SHW__Melvin_v1_LS_f7932.png,SHW__Melvin_v1_LS,SHW,10,7932,32.5
SHW__Melvin_v1_LS_f8244.png,SHW__Melvin_v1_LS,SHW,11,8244,NEW
SHW__Melvin_v1_LS_f9330.png,SHW__Melvin_v1_LS,SHW,12,9330,32.6
SHW__NBassett_v1_LS_f10620.png,SHW__NBassett_v1_LS,SHW,24,10620,NEW
SHW__NBassett_v1_LS_f10890.png,SHW__NBassett_v1_LS,SHW,25,10890,25.4
SHW__NBassett_v1_LS_f11010.png,SHW__NBassett_v1_LS,SHW,26,11010,20.7
SHW__NBassett_v1_LS_f11088.png,SHW__NBassett_v1_LS,SHW,27,11088,NEW
SHW__NBassett_v1_LS_f11178.png,SHW__NBassett_v1_LS,SHW,28,11178,20.0
SHW__NBassett_v1_LS_f11298.png,SHW__NBassett_v1_LS,SHW,29,11298,23.4
SHW__NBassett_v1_LS_f11412.png,SHW__NBassett_v1_LS,SHW,30,11412,NEW
SHW__NBassett_v1_LS_f11910.png,SHW__NBassett_v1_LS,SHW,31,11910,30.3
SHW__NBassett_v1_LS_f12234.png,SHW__NBassett_v1_LS,SHW,32,12234,50.3
SHW__NBassett_v1_LS_f12504.png,SHW__NBassett_v1_LS,SHW,33,12504,21.3
SHW__NBassett_v1_LS_f12606.png,SHW__NBassett_v1_LS,SHW,34,12606,24.1
SHW__NBassett_v1_LS_f13848.png,SHW__NBassett_v1_LS,SHW,35,13848,45.1
SHW__NBassett_v1_LS_f14262.png,SHW__NBassett_v1_LS,SHW,36,14262,29.7
SHW__NBassett_v1_LS_f1506.png,SHW__NBassett_v1_LS,SHW,1,1506,20.3
SHW__NBassett_v1_LS_f16050.png,SHW__NBassett_v1_LS,SHW,37,16050,93.6
SHW__NBassett_v1_LS_f1644.png,SHW__NBassett_v1_LS,SHW,2,1644,22.2
SHW__NBassett_v1_LS_f1758.png,SHW__NBassett_v1_LS,SHW,3,1758,29.8
SHW__NBassett_v1_LS_f17934.png,SHW__NBassett_v1_LS,SHW,38,17934,34.1
SHW__NBassett_v1_LS_f18534.png,SHW__NBassett_v1_LS,SHW,39,18534,33.1
SHW__NBassett_v1_LS_f19065.png,SHW__NBassett_v1_LS,SHW,40,19065,g1/propagated
SHW__NBassett_v1_LS_f19074.png,SHW__NBassett_v1_LS,SHW,40,19074,g1/verified
SHW__NBassett_v1_LS_f19083.png,SHW__NBassett_v1_LS,SHW,40,19083,g1/propagated
SHW__NBassett_v1_LS_f19092.png,SHW__NBassett_v1_LS,SHW,40,19092,g1/propagated
SHW__NBassett_v1_LS_f19101.png,SHW__NBassett_v1_LS,SHW,40,19101,g1/propagated
SHW__NBassett_v1_LS_f19110.png,SHW__NBassett_v1_LS,SHW,40,19110,g1/propagated
SHW__NBassett_v1_LS_f19119.png,SHW__NBassett_v1_LS,SHW,40,19119,g1/propagated
SHW__NBassett_v1_LS_f19128.png,SHW__NBassett_v1_LS,SHW,40,19128,g1/propagated
SHW__NBassett_v1_LS_f19137.png,SHW__NBassett_v1_LS,SHW,40,19137,g1/propagated
SHW__NBassett_v1_LS_f19146.png,SHW__NBassett_v1_LS,SHW,40,19146,g1/propagated
SHW__NBassett_v1_LS_f19155.png,SHW__NBassett_v1_LS,SHW,40,19155,g1/propagated
SHW__NBassett_v1_LS_f19164.png,SHW__NBassett_v1_LS,SHW,40,19164,g1/propagated
SHW__NBassett_v1_LS_f19314.png,SHW__NBassett_v1_LS,SHW,41,19314,21.7
SHW__NBassett_v1_LS_f19584.png,SHW__NBassett_v1_LS,SHW,42,19584,39.7
SHW__NBassett_v1_LS_f19956.png,SHW__NBassett_v1_LS,SHW,43,19956,NEW
SHW__NBassett_v1_LS_f20352.png,SHW__NBassett_v1_LS,SHW,44,20352,26.8
SHW__NBassett_v1_LS_f2058.png,SHW__NBassett_v1_LS,SHW,4,2058,41.5
SHW__NBassett_v1_LS_f20652.png,SHW__NBassett_v1_LS,SHW,45,20652,27.9
SHW__NBassett_v1_LS_f21084.png,SHW__NBassett_v1_LS,SHW,46,21084,27.5
SHW__NBassett_v1_LS_f21234.png,SHW__NBassett_v1_LS,SHW,47,21234,30.0
SHW__NBassett_v1_LS_f21690.png,SHW__NBassett_v1_LS,SHW,48,21690,NEW
SHW__NBassett_v1_LS_f22050.png,SHW__NBassett_v1_LS,SHW,49,22050,26.4
SHW__NBassett_v1_LS_f22284.png,SHW__NBassett_v1_LS,SHW,50,22284,25.0
SHW__NBassett_v1_LS_f22620.png,SHW__NBassett_v1_LS,SHW,51,22620,46.5
SHW__NBassett_v1_LS_f23220.png,SHW__NBassett_v1_LS,SHW,52,23220,21.5
SHW__NBassett_v1_LS_f23550.png,SHW__NBassett_v1_LS,SHW,53,23550,22.8
SHW__NBassett_v1_LS_f23940.png,SHW__NBassett_v1_LS,SHW,54,23940,27.6
SHW__NBassett_v1_LS_f24348.png,SHW__NBassett_v1_LS,SHW,55,24348,39.6
SHW__NBassett_v1_LS_f2466.png,SHW__NBassett_v1_LS,SHW,5,2466,25.8
SHW__NBassett_v1_LS_f25206.png,SHW__NBassett_v1_LS,SHW,56,25206,30.0
SHW__NBassett_v1_LS_f26382.png,SHW__NBassett_v1_LS,SHW,57,26382,47.8
SHW__NBassett_v1_LS_f2712.png,SHW__NBassett_v1_LS,SHW,6,2712,29.3
SHW__NBassett_v1_LS_f28842.png,SHW__NBassett_v1_LS,SHW,58,28842,30.6
SHW__NBassett_v1_LS_f29904.png,SHW__NBassett_v1_LS,SHW,59,29904,35.7
SHW__NBassett_v1_LS_f30390.png,SHW__NBassett_v1_LS,SHW,60,30390,24.8
SHW__NBassett_v1_LS_f3066.png,SHW__NBassett_v1_LS,SHW,7,3066,26.7
SHW__NBassett_v1_LS_f3204.png,SHW__NBassett_v1_LS,SHW,8,3204,23.6
SHW__NBassett_v1_LS_f360.png,SHW__NBassett_v1_LS,SHW,0,360,22.1
SHW__NBassett_v1_LS_f3930.png,SHW__NBassett_v1_LS,SHW,9,3930,22.0
SHW__NBassett_v1_LS_f4122.png,SHW__NBassett_v1_LS,SHW,10,4122,20.5
SHW__NBassett_v1_LS_f4470.png,SHW__NBassett_v1_LS,SHW,11,4470,25.0
SHW__NBassett_v1_LS_f4656.png,SHW__NBassett_v1_LS,SHW,12,4656,22.8
SHW__NBassett_v1_LS_f4866.png,SHW__NBassett_v1_LS,SHW,13,4866,20.7
SHW__NBassett_v1_LS_f5304.png,SHW__NBassett_v1_LS,SHW,14,5304,37.6
SHW__NBassett_v1_LS_f6054.png,SHW__NBassett_v1_LS,SHW,15,6054,27.8
SHW__NBassett_v1_LS_f6384.png,SHW__NBassett_v1_LS,SHW,16,6384,24.6
SHW__NBassett_v1_LS_f7152.png,SHW__NBassett_v1_LS,SHW,17,7152,20.2
SHW__NBassett_v1_LS_f7332.png,SHW__NBassett_v1_LS,SHW,18,7332,30.3
SHW__NBassett_v1_LS_f7854.png,SHW__NBassett_v1_LS,SHW,19,7854,38.8
SHW__NBassett_v1_LS_f8190.png,SHW__NBassett_v1_LS,SHW,20,8190,32.6
SHW__NBassett_v1_LS_f8412.png,SHW__NBassett_v1_LS,SHW,21,8412,34.0
SHW__NBassett_v1_LS_f8490.png,SHW__NBassett_v1_LS,SHW,22,8490,25.2
SHW__NBassett_v1_LS_f9180.png,SHW__NBassett_v1_LS,SHW,23,9180,45.5
SHW__NIron_v1_LS_f0.png,SHW__NIron_v1_LS,SHW,0,0,34.0
SHW__NIron_v1_LS_f10914.png,SHW__NIron_v1_LS,SHW,22,10914,26.3
SHW__NIron_v1_LS_f12072.png,SHW__NIron_v1_LS,SHW,23,12072,40.4
SHW__NIron_v1_LS_f1278.png,SHW__NIron_v1_LS,SHW,3,1278,20.7
SHW__NIron_v1_LS_f12834.png,SHW__NIron_v1_LS,SHW,24,12834,46.3
SHW__NIron_v1_LS_f13560.png,SHW__NIron_v1_LS,SHW,25,13560,28.7
SHW__NIron_v1_LS_f13944.png,SHW__NIron_v1_LS,SHW,26,13944,22.2
SHW__NIron_v1_LS_f14526.png,SHW__NIron_v1_LS,SHW,27,14526,51.0
SHW__NIron_v1_LS_f15102.png,SHW__NIron_v1_LS,SHW,28,15102,28.4
SHW__NIron_v1_LS_f16242.png,SHW__NIron_v1_LS,SHW,29,16242,26.1
SHW__NIron_v1_LS_f16368.png,SHW__NIron_v1_LS,SHW,30,16368,23.9
SHW__NIron_v1_LS_f16836.png,SHW__NIron_v1_LS,SHW,31,16836,20.1
SHW__NIron_v1_LS_f17106.png,SHW__NIron_v1_LS,SHW,32,17106,25.2
SHW__NIron_v1_LS_f17460.png,SHW__NIron_v1_LS,SHW,33,17460,21.7
SHW__NIron_v1_LS_f17940.png,SHW__NIron_v1_LS,SHW,34,17940,21.3
SHW__NIron_v1_LS_f18612.png,SHW__NIron_v1_LS,SHW,35,18612,25.2
SHW__NIron_v1_LS_f18978.png,SHW__NIron_v1_LS,SHW,36,18978,23.4
SHW__NIron_v1_LS_f19404.png,SHW__NIron_v1_LS,SHW,37,19404,20.3
SHW__NIron_v1_LS_f19602.png,SHW__NIron_v1_LS,SHW,38,19602,22.0
SHW__NIron_v1_LS_f19746.png,SHW__NIron_v1_LS,SHW,39,19746,21.8
SHW__NIron_v1_LS_f19932.png,SHW__NIron_v1_LS,SHW,40,19932,21.2
SHW__NIron_v1_LS_f21288.png,SHW__NIron_v1_LS,SHW,41,21288,20.5
SHW__NIron_v1_LS_f21378.png,SHW__NIron_v1_LS,SHW,42,21378,20.1
SHW__NIron_v1_LS_f21606.png,SHW__NIron_v1_LS,SHW,43,21606,26.1
SHW__NIron_v1_LS_f2202.png,SHW__NIron_v1_LS,SHW,4,2202,20.4
SHW__NIron_v1_LS_f22158.png,SHW__NIron_v1_LS,SHW,44,22158,25.6
SHW__NIron_v1_LS_f22614.png,SHW__NIron_v1_LS,SHW,45,22614,22.7
SHW__NIron_v1_LS_f2328.png,SHW__NIron_v1_LS,SHW,5,2328,g2/lost
SHW__NIron_v1_LS_f23340.png,SHW__NIron_v1_LS,SHW,46,23340,21.8
SHW__NIron_v1_LS_f2337.png,SHW__NIron_v1_LS,SHW,5,2337,g2/propagated
SHW__NIron_v1_LS_f2346.png,SHW__NIron_v1_LS,SHW,5,2346,g2/verified
SHW__NIron_v1_LS_f2355.png,SHW__NIron_v1_LS,SHW,5,2355,g2/propagated
SHW__NIron_v1_LS_f2364.png,SHW__NIron_v1_LS,SHW,5,2364,g2/propagated
SHW__NIron_v1_LS_f23670.png,SHW__NIron_v1_LS,SHW,47,23670,28.3
SHW__NIron_v1_LS_f2373.png,SHW__NIron_v1_LS,SHW,5,2373,g2/propagated
SHW__NIron_v1_LS_f2382.png,SHW__NIron_v1_LS,SHW,5,2382,g2/propagated
SHW__NIron_v1_LS_f2391.png,SHW__NIron_v1_LS,SHW,5,2391,g2/propagated
SHW__NIron_v1_LS_f2400.png,SHW__NIron_v1_LS,SHW,5,2400,g2/propagated
SHW__NIron_v1_LS_f2409.png,SHW__NIron_v1_LS,SHW,5,2409,g2/propagated
SHW__NIron_v1_LS_f2418.png,SHW__NIron_v1_LS,SHW,5,2418,g2/propagated
SHW__NIron_v1_LS_f2427.png,SHW__NIron_v1_LS,SHW,5,2427,g2/propagated
SHW__NIron_v1_LS_f2436.png,SHW__NIron_v1_LS,SHW,5,2436,g2/propagated
SHW__NIron_v1_LS_f24504.png,SHW__NIron_v1_LS,SHW,48,24504,20.6
SHW__NIron_v1_LS_f24888.png,SHW__NIron_v1_LS,SHW,49,24888,22.6
SHW__NIron_v1_LS_f25170.png,SHW__NIron_v1_LS,SHW,50,25170,32.5
SHW__NIron_v1_LS_f25458.png,SHW__NIron_v1_LS,SHW,51,25458,NEW
SHW__NIron_v1_LS_f25680.png,SHW__NIron_v1_LS,SHW,52,25680,21.1
SHW__NIron_v1_LS_f26160.png,SHW__NIron_v1_LS,SHW,53,26160,20.3
SHW__NIron_v1_LS_f26256.png,SHW__NIron_v1_LS,SHW,54,26256,21.3
SHW__NIron_v1_LS_f26574.png,SHW__NIron_v1_LS,SHW,55,26574,21.3
SHW__NIron_v1_LS_f2664.png,SHW__NIron_v1_LS,SHW,6,2664,26.1
SHW__NIron_v1_LS_f26664.png,SHW__NIron_v1_LS,SHW,56,26664,21.0
SHW__NIron_v1_LS_f26850.png,SHW__NIron_v1_LS,SHW,57,26850,32.8
SHW__NIron_v1_LS_f27114.png,SHW__NIron_v1_LS,SHW,58,27114,23.1
SHW__NIron_v1_LS_f27474.png,SHW__NIron_v1_LS,SHW,59,27474,20.7
SHW__NIron_v1_LS_f27618.png,SHW__NIron_v1_LS,SHW,60,27618,21.0
SHW__NIron_v1_LS_f27972.png,SHW__NIron_v1_LS,SHW,61,27972,20.0
SHW__NIron_v1_LS_f28680.png,SHW__NIron_v1_LS,SHW,62,28680,g3/lost
SHW__NIron_v1_LS_f28689.png,SHW__NIron_v1_LS,SHW,62,28689,g3/lost
SHW__NIron_v1_LS_f28698.png,SHW__NIron_v1_LS,SHW,62,28698,g3/lost
SHW__NIron_v1_LS_f28707.png,SHW__NIron_v1_LS,SHW,62,28707,g3/lost
SHW__NIron_v1_LS_f28716.png,SHW__NIron_v1_LS,SHW,62,28716,g3/verified
SHW__NIron_v1_LS_f28725.png,SHW__NIron_v1_LS,SHW,62,28725,g3/propagated
SHW__NIron_v1_LS_f28734.png,SHW__NIron_v1_LS,SHW,62,28734,g3/propagated
SHW__NIron_v1_LS_f28743.png,SHW__NIron_v1_LS,SHW,62,28743,g3/propagated
SHW__NIron_v1_LS_f28752.png,SHW__NIron_v1_LS,SHW,62,28752,g3/propagated
SHW__NIron_v1_LS_f29244.png,SHW__NIron_v1_LS,SHW,63,29244,31.5
SHW__NIron_v1_LS_f29352.png,SHW__NIron_v1_LS,SHW,64,29352,22.3
SHW__NIron_v1_LS_f29622.png,SHW__NIron_v1_LS,SHW,65,29622,25.9
SHW__NIron_v1_LS_f29766.png,SHW__NIron_v1_LS,SHW,66,29766,20.3
SHW__NIron_v1_LS_f30024.png,SHW__NIron_v1_LS,SHW,67,30024,22.9
SHW__NIron_v1_LS_f30384.png,SHW__NIron_v1_LS,SHW,68,30384,NEW
SHW__NIron_v1_LS_f30618.png,SHW__NIron_v1_LS,SHW,69,30618,NEW
SHW__NIron_v1_LS_f30828.png,SHW__NIron_v1_LS,SHW,70,30828,20.3
SHW__NIron_v1_LS_f31032.png,SHW__NIron_v1_LS,SHW,71,31032,20.8
SHW__NIron_v1_LS_f31788.png,SHW__NIron_v1_LS,SHW,72,31788,23.2
SHW__NIron_v1_LS_f32010.png,SHW__NIron_v1_LS,SHW,73,32010,30.2
SHW__NIron_v1_LS_f32484.png,SHW__NIron_v1_LS,SHW,74,32484,24.0
SHW__NIron_v1_LS_f32886.png,SHW__NIron_v1_LS,SHW,75,32886,21.3
SHW__NIron_v1_LS_f33174.png,SHW__NIron_v1_LS,SHW,76,33174,22.9
SHW__NIron_v1_LS_f33264.png,SHW__NIron_v1_LS,SHW,77,33264,25.2
SHW__NIron_v1_LS_f33900.png,SHW__NIron_v1_LS,SHW,78,33900,32.6
SHW__NIron_v1_LS_f34302.png,SHW__NIron_v1_LS,SHW,79,34302,21.8
SHW__NIron_v1_LS_f3477.png,SHW__NIron_v1_LS,SHW,7,3477,g1/propagated
SHW__NIron_v1_LS_f34782.png,SHW__NIron_v1_LS,SHW,80,34782,24.5
SHW__NIron_v1_LS_f3486.png,SHW__NIron_v1_LS,SHW,7,3486,g1/propagated
SHW__NIron_v1_LS_f3495.png,SHW__NIron_v1_LS,SHW,7,3495,g1/propagated
SHW__NIron_v1_LS_f3504.png,SHW__NIron_v1_LS,SHW,7,3504,g1/propagated
SHW__NIron_v1_LS_f3513.png,SHW__NIron_v1_LS,SHW,7,3513,g1/propagated
SHW__NIron_v1_LS_f3522.png,SHW__NIron_v1_LS,SHW,7,3522,g1/verified
SHW__NIron_v1_LS_f3531.png,SHW__NIron_v1_LS,SHW,7,3531,g1/propagated
SHW__NIron_v1_LS_f35376.png,SHW__NIron_v1_LS,SHW,81,35376,20.7
SHW__NIron_v1_LS_f3540.png,SHW__NIron_v1_LS,SHW,7,3540,g1/propagated
SHW__NIron_v1_LS_f3549.png,SHW__NIron_v1_LS,SHW,7,3549,g1/lost
SHW__NIron_v1_LS_f3558.png,SHW__NIron_v1_LS,SHW,7,3558,g1/lost
SHW__NIron_v1_LS_f35640.png,SHW__NIron_v1_LS,SHW,82,35640,22.8
SHW__NIron_v1_LS_f3567.png,SHW__NIron_v1_LS,SHW,7,3567,g1/lost
SHW__NIron_v1_LS_f3576.png,SHW__NIron_v1_LS,SHW,7,3576,g1/lost
SHW__NIron_v1_LS_f3786.png,SHW__NIron_v1_LS,SHW,8,3786,35.3
SHW__NIron_v1_LS_f3942.png,SHW__NIron_v1_LS,SHW,9,3942,28.2
SHW__NIron_v1_LS_f4146.png,SHW__NIron_v1_LS,SHW,10,4146,20.6
SHW__NIron_v1_LS_f4362.png,SHW__NIron_v1_LS,SHW,11,4362,20.5
SHW__NIron_v1_LS_f4800.png,SHW__NIron_v1_LS,SHW,12,4800,20.6
SHW__NIron_v1_LS_f492.png,SHW__NIron_v1_LS,SHW,1,492,g1/propagated
SHW__NIron_v1_LS_f501.png,SHW__NIron_v1_LS,SHW,1,501,g1/propagated
SHW__NIron_v1_LS_f510.png,SHW__NIron_v1_LS,SHW,1,510,g1/propagated
SHW__NIron_v1_LS_f5136.png,SHW__NIron_v1_LS,SHW,13,5136,43.2
SHW__NIron_v1_LS_f519.png,SHW__NIron_v1_LS,SHW,1,519,g1/propagated
SHW__NIron_v1_LS_f528.png,SHW__NIron_v1_LS,SHW,1,528,g1/propagated
SHW__NIron_v1_LS_f537.png,SHW__NIron_v1_LS,SHW,1,537,g1/propagated
SHW__NIron_v1_LS_f546.png,SHW__NIron_v1_LS,SHW,1,546,g1/propagated
SHW__NIron_v1_LS_f555.png,SHW__NIron_v1_LS,SHW,1,555,g1/propagated
SHW__NIron_v1_LS_f564.png,SHW__NIron_v1_LS,SHW,1,564,g1/propagated
SHW__NIron_v1_LS_f573.png,SHW__NIron_v1_LS,SHW,1,573,g1/propagated
SHW__NIron_v1_LS_f582.png,SHW__NIron_v1_LS,SHW,1,582,g1/verified
SHW__NIron_v1_LS_f6372.png,SHW__NIron_v1_LS,SHW,14,6372,33.4
SHW__NIron_v1_LS_f6774.png,SHW__NIron_v1_LS,SHW,15,6774,26.6
SHW__NIron_v1_LS_f6990.png,SHW__NIron_v1_LS,SHW,16,6990,20.7
SHW__NIron_v1_LS_f7386.png,SHW__NIron_v1_LS,SHW,17,7386,27.3
SHW__NIron_v1_LS_f7452.png,SHW__NIron_v1_LS,SHW,18,7452,21.1
SHW__NIron_v1_LS_f7710.png,SHW__NIron_v1_LS,SHW,19,7710,24.8
SHW__NIron_v1_LS_f8436.png,SHW__NIron_v1_LS,SHW,20,8436,g1/lost
SHW__NIron_v1_LS_f8445.png,SHW__NIron_v1_LS,SHW,20,8445,g1/lost
SHW__NIron_v1_LS_f8454.png,SHW__NIron_v1_LS,SHW,20,8454,g1/lost
SHW__NIron_v1_LS_f8463.png,SHW__NIron_v1_LS,SHW,20,8463,g1/lost
SHW__NIron_v1_LS_f8472.png,SHW__NIron_v1_LS,SHW,20,8472,g1/lost
SHW__NIron_v1_LS_f8481.png,SHW__NIron_v1_LS,SHW,20,8481,g1/lost
SHW__NIron_v1_LS_f8490.png,SHW__NIron_v1_LS,SHW,20,8490,g1/lost
SHW__NIron_v1_LS_f8499.png,SHW__NIron_v1_LS,SHW,20,8499,g1/lost
SHW__NIron_v1_LS_f8508.png,SHW__NIron_v1_LS,SHW,20,8508,g1/propagated
SHW__NIron_v1_LS_f8517.png,SHW__NIron_v1_LS,SHW,20,8517,g1/propagated
SHW__NIron_v1_LS_f8526.png,SHW__NIron_v1_LS,SHW,20,8526,g1/verified
SHW__NIron_v1_LS_f8535.png,SHW__NIron_v1_LS,SHW,20,8535,g1/propagated
SHW__NIron_v1_LS_f8544.png,SHW__NIron_v1_LS,SHW,20,8544,g1/propagated
SHW__NIron_v1_LS_f8553.png,SHW__NIron_v1_LS,SHW,20,8553,g1/propagated
SHW__NIron_v1_LS_f8562.png,SHW__NIron_v1_LS,SHW,20,8562,g1/propagated
SHW__NIron_v1_LS_f8571.png,SHW__NIron_v1_LS,SHW,20,8571,g1/propagated
SHW__NIron_v1_LS_f8580.png,SHW__NIron_v1_LS,SHW,20,8580,g1/propagated
SHW__NIron_v1_LS_f8589.png,SHW__NIron_v1_LS,SHW,20,8589,g1/propagated
SHW__NIron_v1_LS_f8598.png,SHW__NIron_v1_LS,SHW,20,8598,g1/propagated
SHW__NIron_v1_LS_f8607.png,SHW__NIron_v1_LS,SHW,20,8607,g1/propagated
SHW__NIron_v1_LS_f8616.png,SHW__NIron_v1_LS,SHW,20,8616,g1/propagated
SHW__NIron_v1_LS_f9444.png,SHW__NIron_v1_LS,SHW,21,9444,34.0
SHW__NIron_v1_LS_f948.png,SHW__NIron_v1_LS,SHW,2,948,20.4
SHW__PleasantHick_v1_LS_f10404.png,SHW__PleasantHick_v1_LS,SHW,22,10404,26.0
SHW__PleasantHick_v1_LS_f1062.png,SHW__PleasantHick_v1_LS,SHW,2,1062,20.9
SHW__PleasantHick_v1_LS_f10866.png,SHW__PleasantHick_v1_LS,SHW,23,10866,21.5
SHW__PleasantHick_v1_LS_f11136.png,SHW__PleasantHick_v1_LS,SHW,24,11136,22.9
SHW__PleasantHick_v1_LS_f11622.png,SHW__PleasantHick_v1_LS,SHW,25,11622,31.0
SHW__PleasantHick_v1_LS_f1230.png,SHW__PleasantHick_v1_LS,SHW,3,1230,20.8
SHW__PleasantHick_v1_LS_f12456.png,SHW__PleasantHick_v1_LS,SHW,26,12456,27.5
SHW__PleasantHick_v1_LS_f12612.png,SHW__PleasantHick_v1_LS,SHW,27,12612,21.7
SHW__PleasantHick_v1_LS_f12948.png,SHW__PleasantHick_v1_LS,SHW,28,12948,34.9
SHW__PleasantHick_v1_LS_f14484.png,SHW__PleasantHick_v1_LS,SHW,29,14484,26.1
SHW__PleasantHick_v1_LS_f14994.png,SHW__PleasantHick_v1_LS,SHW,30,14994,29.8
SHW__PleasantHick_v1_LS_f15312.png,SHW__PleasantHick_v1_LS,SHW,31,15312,21.7
SHW__PleasantHick_v1_LS_f15876.png,SHW__PleasantHick_v1_LS,SHW,32,15876,24.2
SHW__PleasantHick_v1_LS_f16500.png,SHW__PleasantHick_v1_LS,SHW,33,16500,24.8
SHW__PleasantHick_v1_LS_f17238.png,SHW__PleasantHick_v1_LS,SHW,34,17238,28.5
SHW__PleasantHick_v1_LS_f18504.png,SHW__PleasantHick_v1_LS,SHW,35,18504,20.0
SHW__PleasantHick_v1_LS_f18954.png,SHW__PleasantHick_v1_LS,SHW,36,18954,21.2
SHW__PleasantHick_v1_LS_f19302.png,SHW__PleasantHick_v1_LS,SHW,37,19302,22.0
SHW__PleasantHick_v1_LS_f19530.png,SHW__PleasantHick_v1_LS,SHW,38,19530,22.2
SHW__PleasantHick_v1_LS_f19812.png,SHW__PleasantHick_v1_LS,SHW,39,19812,21.0
SHW__PleasantHick_v1_LS_f19902.png,SHW__PleasantHick_v1_LS,SHW,40,19902,21.4
SHW__PleasantHick_v1_LS_f20748.png,SHW__PleasantHick_v1_LS,SHW,41,20748,g1/propagated
SHW__PleasantHick_v1_LS_f20757.png,SHW__PleasantHick_v1_LS,SHW,41,20757,g1/propagated
SHW__PleasantHick_v1_LS_f20766.png,SHW__PleasantHick_v1_LS,SHW,41,20766,g1/propagated
SHW__PleasantHick_v1_LS_f20775.png,SHW__PleasantHick_v1_LS,SHW,41,20775,g1/propagated
SHW__PleasantHick_v1_LS_f20784.png,SHW__PleasantHick_v1_LS,SHW,41,20784,g1/propagated
SHW__PleasantHick_v1_LS_f20793.png,SHW__PleasantHick_v1_LS,SHW,41,20793,g1/propagated
SHW__PleasantHick_v1_LS_f20802.png,SHW__PleasantHick_v1_LS,SHW,41,20802,g1/propagated
SHW__PleasantHick_v1_LS_f20811.png,SHW__PleasantHick_v1_LS,SHW,41,20811,g1/propagated
SHW__PleasantHick_v1_LS_f20820.png,SHW__PleasantHick_v1_LS,SHW,41,20820,g1/propagated
SHW__PleasantHick_v1_LS_f20829.png,SHW__PleasantHick_v1_LS,SHW,41,20829,g1/propagated
SHW__PleasantHick_v1_LS_f20838.png,SHW__PleasantHick_v1_LS,SHW,41,20838,g1/verified
SHW__PleasantHick_v1_LS_f20847.png,SHW__PleasantHick_v1_LS,SHW,41,20847,g1/propagated
SHW__PleasantHick_v1_LS_f20856.png,SHW__PleasantHick_v1_LS,SHW,41,20856,g1/propagated
SHW__PleasantHick_v1_LS_f20865.png,SHW__PleasantHick_v1_LS,SHW,41,20865,g1/propagated
SHW__PleasantHick_v1_LS_f20874.png,SHW__PleasantHick_v1_LS,SHW,41,20874,g1/propagated
SHW__PleasantHick_v1_LS_f20883.png,SHW__PleasantHick_v1_LS,SHW,41,20883,g1/propagated
SHW__PleasantHick_v1_LS_f20892.png,SHW__PleasantHick_v1_LS,SHW,41,20892,g1/propagated
SHW__PleasantHick_v1_LS_f20901.png,SHW__PleasantHick_v1_LS,SHW,41,20901,g1/propagated
SHW__PleasantHick_v1_LS_f20910.png,SHW__PleasantHick_v1_LS,SHW,41,20910,g1/propagated
SHW__PleasantHick_v1_LS_f20919.png,SHW__PleasantHick_v1_LS,SHW,41,20919,g1/propagated
SHW__PleasantHick_v1_LS_f20928.png,SHW__PleasantHick_v1_LS,SHW,41,20928,g1/propagated
SHW__PleasantHick_v1_LS_f21204.png,SHW__PleasantHick_v1_LS,SHW,42,21204,21.6
SHW__PleasantHick_v1_LS_f21330.png,SHW__PleasantHick_v1_LS,SHW,43,21330,20.6
SHW__PleasantHick_v1_LS_f21588.png,SHW__PleasantHick_v1_LS,SHW,44,21588,22.4
SHW__PleasantHick_v1_LS_f22056.png,SHW__PleasantHick_v1_LS,SHW,45,22056,26.6
SHW__PleasantHick_v1_LS_f23028.png,SHW__PleasantHick_v1_LS,SHW,46,23028,22.0
SHW__PleasantHick_v1_LS_f23154.png,SHW__PleasantHick_v1_LS,SHW,47,23154,NEW
SHW__PleasantHick_v1_LS_f23394.png,SHW__PleasantHick_v1_LS,SHW,48,23394,22.9
SHW__PleasantHick_v1_LS_f23658.png,SHW__PleasantHick_v1_LS,SHW,49,23658,24.1
SHW__PleasantHick_v1_LS_f23934.png,SHW__PleasantHick_v1_LS,SHW,50,23934,23.2
SHW__PleasantHick_v1_LS_f24132.png,SHW__PleasantHick_v1_LS,SHW,51,24132,22.8
SHW__PleasantHick_v1_LS_f24564.png,SHW__PleasantHick_v1_LS,SHW,52,24564,24.5
SHW__PleasantHick_v1_LS_f24750.png,SHW__PleasantHick_v1_LS,SHW,53,24750,20.4
SHW__PleasantHick_v1_LS_f25188.png,SHW__PleasantHick_v1_LS,SHW,54,25188,26.7
SHW__PleasantHick_v1_LS_f2538.png,SHW__PleasantHick_v1_LS,SHW,4,2538,20.8
SHW__PleasantHick_v1_LS_f26064.png,SHW__PleasantHick_v1_LS,SHW,55,26064,22.3
SHW__PleasantHick_v1_LS_f2616.png,SHW__PleasantHick_v1_LS,SHW,5,2616,20.6
SHW__PleasantHick_v1_LS_f26184.png,SHW__PleasantHick_v1_LS,SHW,56,26184,24.9
SHW__PleasantHick_v1_LS_f26514.png,SHW__PleasantHick_v1_LS,SHW,57,26514,26.9
SHW__PleasantHick_v1_LS_f2766.png,SHW__PleasantHick_v1_LS,SHW,6,2766,21.4
SHW__PleasantHick_v1_LS_f28050.png,SHW__PleasantHick_v1_LS,SHW,58,28050,27.4
SHW__PleasantHick_v1_LS_f28986.png,SHW__PleasantHick_v1_LS,SHW,59,28986,NEW
SHW__PleasantHick_v1_LS_f29124.png,SHW__PleasantHick_v1_LS,SHW,60,29124,20.7
SHW__PleasantHick_v1_LS_f29382.png,SHW__PleasantHick_v1_LS,SHW,61,29382,21.4
SHW__PleasantHick_v1_LS_f29586.png,SHW__PleasantHick_v1_LS,SHW,62,29586,21.2
SHW__PleasantHick_v1_LS_f29886.png,SHW__PleasantHick_v1_LS,SHW,63,29886,22.2
SHW__PleasantHick_v1_LS_f3000.png,SHW__PleasantHick_v1_LS,SHW,7,3000,20.3
SHW__PleasantHick_v1_LS_f30036.png,SHW__PleasantHick_v1_LS,SHW,64,30036,20.0
SHW__PleasantHick_v1_LS_f30438.png,SHW__PleasantHick_v1_LS,SHW,65,30438,20.8
SHW__PleasantHick_v1_LS_f3114.png,SHW__PleasantHick_v1_LS,SHW,8,3114,21.8
SHW__PleasantHick_v1_LS_f31254.png,SHW__PleasantHick_v1_LS,SHW,66,31254,26.9
SHW__PleasantHick_v1_LS_f31806.png,SHW__PleasantHick_v1_LS,SHW,67,31806,22.1
SHW__PleasantHick_v1_LS_f32130.png,SHW__PleasantHick_v1_LS,SHW,68,32130,25.1
SHW__PleasantHick_v1_LS_f32370.png,SHW__PleasantHick_v1_LS,SHW,69,32370,25.4
SHW__PleasantHick_v1_LS_f3246.png,SHW__PleasantHick_v1_LS,SHW,9,3246,21.5
SHW__PleasantHick_v1_LS_f32928.png,SHW__PleasantHick_v1_LS,SHW,70,32928,22.9
SHW__PleasantHick_v1_LS_f33132.png,SHW__PleasantHick_v1_LS,SHW,71,33132,22.2
SHW__PleasantHick_v1_LS_f33330.png,SHW__PleasantHick_v1_LS,SHW,72,33330,21.7
SHW__PleasantHick_v1_LS_f3354.png,SHW__PleasantHick_v1_LS,SHW,10,3354,20.6
SHW__PleasantHick_v1_LS_f33564.png,SHW__PleasantHick_v1_LS,SHW,73,33564,34.7
SHW__PleasantHick_v1_LS_f34464.png,SHW__PleasantHick_v1_LS,SHW,74,34464,28.9
SHW__PleasantHick_v1_LS_f34824.png,SHW__PleasantHick_v1_LS,SHW,75,34824,21.9
SHW__PleasantHick_v1_LS_f35232.png,SHW__PleasantHick_v1_LS,SHW,76,35232,34.7
SHW__PleasantHick_v1_LS_f35748.png,SHW__PleasantHick_v1_LS,SHW,77,35748,20.7
SHW__PleasantHick_v1_LS_f36426.png,SHW__PleasantHick_v1_LS,SHW,78,36426,27.5
SHW__PleasantHick_v1_LS_f37344.png,SHW__PleasantHick_v1_LS,SHW,79,37344,29.9
SHW__PleasantHick_v1_LS_f38304.png,SHW__PleasantHick_v1_LS,SHW,80,38304,24.8
SHW__PleasantHick_v1_LS_f3882.png,SHW__PleasantHick_v1_LS,SHW,11,3882,24.6
SHW__PleasantHick_v1_LS_f38928.png,SHW__PleasantHick_v1_LS,SHW,81,38928,21.0
SHW__PleasantHick_v1_LS_f39840.png,SHW__PleasantHick_v1_LS,SHW,82,39840,31.2
SHW__PleasantHick_v1_LS_f40398.png,SHW__PleasantHick_v1_LS,SHW,83,40398,25.9
SHW__PleasantHick_v1_LS_f40962.png,SHW__PleasantHick_v1_LS,SHW,84,40962,20.0
SHW__PleasantHick_v1_LS_f41820.png,SHW__PleasantHick_v1_LS,SHW,85,41820,28.5
SHW__PleasantHick_v1_LS_f4230.png,SHW__PleasantHick_v1_LS,SHW,12,4230,20.6
SHW__PleasantHick_v1_LS_f42312.png,SHW__PleasantHick_v1_LS,SHW,86,42312,23.1
SHW__PleasantHick_v1_LS_f42660.png,SHW__PleasantHick_v1_LS,SHW,87,42660,20.1
SHW__PleasantHick_v1_LS_f43620.png,SHW__PleasantHick_v1_LS,SHW,88,43620,20.2
SHW__PleasantHick_v1_LS_f43860.png,SHW__PleasantHick_v1_LS,SHW,89,43860,24.5
SHW__PleasantHick_v1_LS_f43974.png,SHW__PleasantHick_v1_LS,SHW,90,43974,20.4
SHW__PleasantHick_v1_LS_f44358.png,SHW__PleasantHick_v1_LS,SHW,91,44358,22.1
SHW__PleasantHick_v1_LS_f44772.png,SHW__PleasantHick_v1_LS,SHW,92,44772,22.1
SHW__PleasantHick_v1_LS_f450.png,SHW__PleasantHick_v1_LS,SHW,0,450,25.6
SHW__PleasantHick_v1_LS_f45204.png,SHW__PleasantHick_v1_LS,SHW,93,45204,21.5
SHW__PleasantHick_v1_LS_f45324.png,SHW__PleasantHick_v1_LS,SHW,94,45324,22.1
SHW__PleasantHick_v1_LS_f46410.png,SHW__PleasantHick_v1_LS,SHW,95,46410,20.8
SHW__PleasantHick_v1_LS_f46812.png,SHW__PleasantHick_v1_LS,SHW,96,46812,21.1
SHW__PleasantHick_v1_LS_f46890.png,SHW__PleasantHick_v1_LS,SHW,97,46890,23.6
SHW__PleasantHick_v1_LS_f47250.png,SHW__PleasantHick_v1_LS,SHW,98,47250,20.1
SHW__PleasantHick_v1_LS_f47346.png,SHW__PleasantHick_v1_LS,SHW,99,47346,20.0
SHW__PleasantHick_v1_LS_f47490.png,SHW__PleasantHick_v1_LS,SHW,100,47490,20.6
SHW__PleasantHick_v1_LS_f47628.png,SHW__PleasantHick_v1_LS,SHW,101,47628,34.6
SHW__PleasantHick_v1_LS_f49266.png,SHW__PleasantHick_v1_LS,SHW,102,49266,32.5
SHW__PleasantHick_v1_LS_f49692.png,SHW__PleasantHick_v1_LS,SHW,103,49692,23.2
SHW__PleasantHick_v1_LS_f50208.png,SHW__PleasantHick_v1_LS,SHW,104,50208,26.2
SHW__PleasantHick_v1_LS_f50568.png,SHW__PleasantHick_v1_LS,SHW,105,50568,33.5
SHW__PleasantHick_v1_LS_f51168.png,SHW__PleasantHick_v1_LS,SHW,106,51168,21.7
SHW__PleasantHick_v1_LS_f51294.png,SHW__PleasantHick_v1_LS,SHW,107,51294,21.6
SHW__PleasantHick_v1_LS_f51456.png,SHW__PleasantHick_v1_LS,SHW,108,51456,23.4
SHW__PleasantHick_v1_LS_f51702.png,SHW__PleasantHick_v1_LS,SHW,109,51702,28.8
SHW__PleasantHick_v1_LS_f51882.png,SHW__PleasantHick_v1_LS,SHW,110,51882,33.5
SHW__PleasantHick_v1_LS_f52026.png,SHW__PleasantHick_v1_LS,SHW,111,52026,22.9
SHW__PleasantHick_v1_LS_f52212.png,SHW__PleasantHick_v1_LS,SHW,112,52212,22.6
SHW__PleasantHick_v1_LS_f5244.png,SHW__PleasantHick_v1_LS,SHW,13,5244,33.3
SHW__PleasantHick_v1_LS_f53538.png,SHW__PleasantHick_v1_LS,SHW,113,53538,30.0
SHW__PleasantHick_v1_LS_f53700.png,SHW__PleasantHick_v1_LS,SHW,114,53700,22.8
SHW__PleasantHick_v1_LS_f54054.png,SHW__PleasantHick_v1_LS,SHW,115,54054,34.7
SHW__PleasantHick_v1_LS_f54384.png,SHW__PleasantHick_v1_LS,SHW,116,54384,33.1
SHW__PleasantHick_v1_LS_f54846.png,SHW__PleasantHick_v1_LS,SHW,117,54846,30.0
SHW__PleasantHick_v1_LS_f5514.png,SHW__PleasantHick_v1_LS,SHW,14,5514,30.0
SHW__PleasantHick_v1_LS_f55344.png,SHW__PleasantHick_v1_LS,SHW,118,55344,20.1
SHW__PleasantHick_v1_LS_f55830.png,SHW__PleasantHick_v1_LS,SHW,119,55830,21.9
SHW__PleasantHick_v1_LS_f55896.png,SHW__PleasantHick_v1_LS,SHW,120,55896,NEW
SHW__PleasantHick_v1_LS_f55980.png,SHW__PleasantHick_v1_LS,SHW,121,55980,23.2
SHW__PleasantHick_v1_LS_f56232.png,SHW__PleasantHick_v1_LS,SHW,122,56232,33.0
SHW__PleasantHick_v1_LS_f56688.png,SHW__PleasantHick_v1_LS,SHW,123,56688,21.4
SHW__PleasantHick_v1_LS_f57714.png,SHW__PleasantHick_v1_LS,SHW,124,57714,g1/lost
SHW__PleasantHick_v1_LS_f57723.png,SHW__PleasantHick_v1_LS,SHW,124,57723,g1/lost
SHW__PleasantHick_v1_LS_f57732.png,SHW__PleasantHick_v1_LS,SHW,124,57732,g1/lost
SHW__PleasantHick_v1_LS_f57741.png,SHW__PleasantHick_v1_LS,SHW,124,57741,g1/lost
SHW__PleasantHick_v1_LS_f57750.png,SHW__PleasantHick_v1_LS,SHW,124,57750,g1/lost
SHW__PleasantHick_v1_LS_f57759.png,SHW__PleasantHick_v1_LS,SHW,124,57759,g1/lost
SHW__PleasantHick_v1_LS_f57768.png,SHW__PleasantHick_v1_LS,SHW,124,57768,g1/propagated
SHW__PleasantHick_v1_LS_f57777.png,SHW__PleasantHick_v1_LS,SHW,124,57777,g1/propagated
SHW__PleasantHick_v1_LS_f57786.png,SHW__PleasantHick_v1_LS,SHW,124,57786,g1/propagated
SHW__PleasantHick_v1_LS_f57795.png,SHW__PleasantHick_v1_LS,SHW,124,57795,g1/propagated
SHW__PleasantHick_v1_LS_f57804.png,SHW__PleasantHick_v1_LS,SHW,124,57804,g1/verified
SHW__PleasantHick_v1_LS_f57813.png,SHW__PleasantHick_v1_LS,SHW,124,57813,g1/propagated
SHW__PleasantHick_v1_LS_f57822.png,SHW__PleasantHick_v1_LS,SHW,124,57822,g1/propagated
SHW__PleasantHick_v1_LS_f57831.png,SHW__PleasantHick_v1_LS,SHW,124,57831,g1/lost
SHW__PleasantHick_v1_LS_f57840.png,SHW__PleasantHick_v1_LS,SHW,124,57840,g1/lost
SHW__PleasantHick_v1_LS_f57849.png,SHW__PleasantHick_v1_LS,SHW,124,57849,g1/lost
SHW__PleasantHick_v1_LS_f57858.png,SHW__PleasantHick_v1_LS,SHW,124,57858,g1/lost
SHW__PleasantHick_v1_LS_f57867.png,SHW__PleasantHick_v1_LS,SHW,124,57867,g1/lost
SHW__PleasantHick_v1_LS_f57876.png,SHW__PleasantHick_v1_LS,SHW,124,57876,g1/lost
SHW__PleasantHick_v1_LS_f57885.png,SHW__PleasantHick_v1_LS,SHW,124,57885,g1/lost
SHW__PleasantHick_v1_LS_f57894.png,SHW__PleasantHick_v1_LS,SHW,124,57894,g1/lost
SHW__PleasantHick_v1_LS_f5793.png,SHW__PleasantHick_v1_LS,SHW,15,5793,g1/propagated
SHW__PleasantHick_v1_LS_f5802.png,SHW__PleasantHick_v1_LS,SHW,15,5802,g1/propagated
SHW__PleasantHick_v1_LS_f5811.png,SHW__PleasantHick_v1_LS,SHW,15,5811,g1/propagated
SHW__PleasantHick_v1_LS_f5820.png,SHW__PleasantHick_v1_LS,SHW,15,5820,g1/propagated
SHW__PleasantHick_v1_LS_f5829.png,SHW__PleasantHick_v1_LS,SHW,15,5829,g1/propagated
SHW__PleasantHick_v1_LS_f5838.png,SHW__PleasantHick_v1_LS,SHW,15,5838,g1/verified
SHW__PleasantHick_v1_LS_f5847.png,SHW__PleasantHick_v1_LS,SHW,15,5847,g1/propagated
SHW__PleasantHick_v1_LS_f5856.png,SHW__PleasantHick_v1_LS,SHW,15,5856,g1/propagated
SHW__PleasantHick_v1_LS_f5865.png,SHW__PleasantHick_v1_LS,SHW,15,5865,g1/propagated
SHW__PleasantHick_v1_LS_f5874.png,SHW__PleasantHick_v1_LS,SHW,15,5874,g1/propagated
SHW__PleasantHick_v1_LS_f5883.png,SHW__PleasantHick_v1_LS,SHW,15,5883,g1/propagated
SHW__PleasantHick_v1_LS_f5892.png,SHW__PleasantHick_v1_LS,SHW,15,5892,g1/propagated
SHW__PleasantHick_v1_LS_f58992.png,SHW__PleasantHick_v1_LS,SHW,125,58992,22.6
SHW__PleasantHick_v1_LS_f59916.png,SHW__PleasantHick_v1_LS,SHW,126,59916,24.0
SHW__PleasantHick_v1_LS_f60198.png,SHW__PleasantHick_v1_LS,SHW,127,60198,32.2
SHW__PleasantHick_v1_LS_f60468.png,SHW__PleasantHick_v1_LS,SHW,128,60468,27.3
SHW__PleasantHick_v1_LS_f61140.png,SHW__PleasantHick_v1_LS,SHW,129,61140,21.7
SHW__PleasantHick_v1_LS_f61692.png,SHW__PleasantHick_v1_LS,SHW,130,61692,23.2
SHW__PleasantHick_v1_LS_f62028.png,SHW__PleasantHick_v1_LS,SHW,131,62028,NEW
SHW__PleasantHick_v1_LS_f62160.png,SHW__PleasantHick_v1_LS,SHW,132,62160,NEW
SHW__PleasantHick_v1_LS_f62280.png,SHW__PleasantHick_v1_LS,SHW,133,62280,22.0
SHW__PleasantHick_v1_LS_f62478.png,SHW__PleasantHick_v1_LS,SHW,134,62478,21.3
SHW__PleasantHick_v1_LS_f62682.png,SHW__PleasantHick_v1_LS,SHW,135,62682,29.8
SHW__PleasantHick_v1_LS_f62886.png,SHW__PleasantHick_v1_LS,SHW,136,62886,22.8
SHW__PleasantHick_v1_LS_f63078.png,SHW__PleasantHick_v1_LS,SHW,137,63078,20.4
SHW__PleasantHick_v1_LS_f63552.png,SHW__PleasantHick_v1_LS,SHW,138,63552,20.8
SHW__PleasantHick_v1_LS_f64026.png,SHW__PleasantHick_v1_LS,SHW,139,64026,20.3
SHW__PleasantHick_v1_LS_f64302.png,SHW__PleasantHick_v1_LS,SHW,140,64302,20.3
SHW__PleasantHick_v1_LS_f64422.png,SHW__PleasantHick_v1_LS,SHW,141,64422,20.9
SHW__PleasantHick_v1_LS_f64614.png,SHW__PleasantHick_v1_LS,SHW,142,64614,21.2
SHW__PleasantHick_v1_LS_f65136.png,SHW__PleasantHick_v1_LS,SHW,143,65136,37.8
SHW__PleasantHick_v1_LS_f65310.png,SHW__PleasantHick_v1_LS,SHW,144,65310,20.5
SHW__PleasantHick_v1_LS_f65556.png,SHW__PleasantHick_v1_LS,SHW,145,65556,30.1
SHW__PleasantHick_v1_LS_f65856.png,SHW__PleasantHick_v1_LS,SHW,146,65856,20.0
SHW__PleasantHick_v1_LS_f66024.png,SHW__PleasantHick_v1_LS,SHW,147,66024,20.2
SHW__PleasantHick_v1_LS_f6618.png,SHW__PleasantHick_v1_LS,SHW,16,6618,33.5
SHW__PleasantHick_v1_LS_f66540.png,SHW__PleasantHick_v1_LS,SHW,148,66540,21.2
SHW__PleasantHick_v1_LS_f66924.png,SHW__PleasantHick_v1_LS,SHW,149,66924,20.2
SHW__PleasantHick_v1_LS_f67182.png,SHW__PleasantHick_v1_LS,SHW,150,67182,24.5
SHW__PleasantHick_v1_LS_f67578.png,SHW__PleasantHick_v1_LS,SHW,151,67578,20.1
SHW__PleasantHick_v1_LS_f67878.png,SHW__PleasantHick_v1_LS,SHW,152,67878,22.4
SHW__PleasantHick_v1_LS_f68088.png,SHW__PleasantHick_v1_LS,SHW,153,68088,21.1
SHW__PleasantHick_v1_LS_f68250.png,SHW__PleasantHick_v1_LS,SHW,154,68250,21.1
SHW__PleasantHick_v1_LS_f68508.png,SHW__PleasantHick_v1_LS,SHW,155,68508,22.2
SHW__PleasantHick_v1_LS_f7914.png,SHW__PleasantHick_v1_LS,SHW,17,7914,29.9
SHW__PleasantHick_v1_LS_f810.png,SHW__PleasantHick_v1_LS,SHW,1,810,25.9
SHW__PleasantHick_v1_LS_f8670.png,SHW__PleasantHick_v1_LS,SHW,18,8670,20.9
SHW__PleasantHick_v1_LS_f9102.png,SHW__PleasantHick_v1_LS,SHW,19,9102,20.7
SHW__PleasantHick_v1_LS_f9372.png,SHW__PleasantHick_v1_LS,SHW,20,9372,26.9
SHW__PleasantHick_v1_LS_f9666.png,SHW__PleasantHick_v1_LS,SHW,21,9666,22.6
SHW__Robinson_v1_LS_f10182.png,SHW__Robinson_v1_LS,SHW,22,10182,38.1
SHW__Robinson_v1_LS_f10680.png,SHW__Robinson_v1_LS,SHW,23,10680,21.4
SHW__Robinson_v1_LS_f1086.png,SHW__Robinson_v1_LS,SHW,2,1086,21.4
SHW__Robinson_v1_LS_f11112.png,SHW__Robinson_v1_LS,SHW,24,11112,26.3
SHW__Robinson_v1_LS_f11766.png,SHW__Robinson_v1_LS,SHW,25,11766,NEW
SHW__Robinson_v1_LS_f12204.png,SHW__Robinson_v1_LS,SHW,26,12204,20.9
SHW__Robinson_v1_LS_f1236.png,SHW__Robinson_v1_LS,SHW,3,1236,20.4
SHW__Robinson_v1_LS_f12402.png,SHW__Robinson_v1_LS,SHW,27,12402,20.6
SHW__Robinson_v1_LS_f12756.png,SHW__Robinson_v1_LS,SHW,28,12756,34.2
SHW__Robinson_v1_LS_f13158.png,SHW__Robinson_v1_LS,SHW,29,13158,38.8
SHW__Robinson_v1_LS_f13416.png,SHW__Robinson_v1_LS,SHW,30,13416,26.6
SHW__Robinson_v1_LS_f13500.png,SHW__Robinson_v1_LS,SHW,31,13500,26.9
SHW__Robinson_v1_LS_f13824.png,SHW__Robinson_v1_LS,SHW,32,13824,NEW
SHW__Robinson_v1_LS_f13956.png,SHW__Robinson_v1_LS,SHW,33,13956,33.3
SHW__Robinson_v1_LS_f14262.png,SHW__Robinson_v1_LS,SHW,34,14262,20.7
SHW__Robinson_v1_LS_f1440.png,SHW__Robinson_v1_LS,SHW,4,1440,NEW
SHW__Robinson_v1_LS_f14418.png,SHW__Robinson_v1_LS,SHW,35,14418,NEW
SHW__Robinson_v1_LS_f14586.png,SHW__Robinson_v1_LS,SHW,36,14586,23.5
SHW__Robinson_v1_LS_f14700.png,SHW__Robinson_v1_LS,SHW,37,14700,g2/propagated
SHW__Robinson_v1_LS_f14709.png,SHW__Robinson_v1_LS,SHW,37,14709,g2/propagated
SHW__Robinson_v1_LS_f14718.png,SHW__Robinson_v1_LS,SHW,37,14718,g2/propagated
SHW__Robinson_v1_LS_f14727.png,SHW__Robinson_v1_LS,SHW,37,14727,g2/propagated
SHW__Robinson_v1_LS_f14736.png,SHW__Robinson_v1_LS,SHW,37,14736,g2/propagated
SHW__Robinson_v1_LS_f14745.png,SHW__Robinson_v1_LS,SHW,37,14745,g2/propagated
SHW__Robinson_v1_LS_f14754.png,SHW__Robinson_v1_LS,SHW,37,14754,g2/propagated
SHW__Robinson_v1_LS_f14763.png,SHW__Robinson_v1_LS,SHW,37,14763,g2/propagated
SHW__Robinson_v1_LS_f14772.png,SHW__Robinson_v1_LS,SHW,37,14772,g2/propagated
SHW__Robinson_v1_LS_f14781.png,SHW__Robinson_v1_LS,SHW,37,14781,g2/propagated
SHW__Robinson_v1_LS_f14790.png,SHW__Robinson_v1_LS,SHW,37,14790,g2/verified
SHW__Robinson_v1_LS_f14799.png,SHW__Robinson_v1_LS,SHW,37,14799,g2/propagated
SHW__Robinson_v1_LS_f14808.png,SHW__Robinson_v1_LS,SHW,37,14808,g2/propagated
SHW__Robinson_v1_LS_f14817.png,SHW__Robinson_v1_LS,SHW,37,14817,g2/propagated
SHW__Robinson_v1_LS_f14826.png,SHW__Robinson_v1_LS,SHW,37,14826,g2/propagated
SHW__Robinson_v1_LS_f14835.png,SHW__Robinson_v1_LS,SHW,37,14835,g2/propagated
SHW__Robinson_v1_LS_f14844.png,SHW__Robinson_v1_LS,SHW,37,14844,g2/propagated
SHW__Robinson_v1_LS_f14853.png,SHW__Robinson_v1_LS,SHW,37,14853,g2/propagated
SHW__Robinson_v1_LS_f14862.png,SHW__Robinson_v1_LS,SHW,37,14862,g2/propagated
SHW__Robinson_v1_LS_f14871.png,SHW__Robinson_v1_LS,SHW,37,14871,g2/propagated
SHW__Robinson_v1_LS_f14880.png,SHW__Robinson_v1_LS,SHW,37,14880,g2/propagated
SHW__Robinson_v1_LS_f16998.png,SHW__Robinson_v1_LS,SHW,38,16998,21.1
SHW__Robinson_v1_LS_f17646.png,SHW__Robinson_v1_LS,SHW,39,17646,46.8
SHW__Robinson_v1_LS_f1770.png,SHW__Robinson_v1_LS,SHW,5,1770,22.1
SHW__Robinson_v1_LS_f18006.png,SHW__Robinson_v1_LS,SHW,40,18006,26.9
SHW__Robinson_v1_LS_f2298.png,SHW__Robinson_v1_LS,SHW,6,2298,g2/propagated
SHW__Robinson_v1_LS_f2307.png,SHW__Robinson_v1_LS,SHW,6,2307,g2/propagated
SHW__Robinson_v1_LS_f2316.png,SHW__Robinson_v1_LS,SHW,6,2316,g2/propagated
SHW__Robinson_v1_LS_f2325.png,SHW__Robinson_v1_LS,SHW,6,2325,g2/propagated
SHW__Robinson_v1_LS_f2334.png,SHW__Robinson_v1_LS,SHW,6,2334,g2/propagated
SHW__Robinson_v1_LS_f2343.png,SHW__Robinson_v1_LS,SHW,6,2343,g2/propagated
SHW__Robinson_v1_LS_f2352.png,SHW__Robinson_v1_LS,SHW,6,2352,g2/propagated
SHW__Robinson_v1_LS_f2361.png,SHW__Robinson_v1_LS,SHW,6,2361,g2/propagated
SHW__Robinson_v1_LS_f2370.png,SHW__Robinson_v1_LS,SHW,6,2370,g2/propagated
SHW__Robinson_v1_LS_f2379.png,SHW__Robinson_v1_LS,SHW,6,2379,g2/propagated
SHW__Robinson_v1_LS_f2388.png,SHW__Robinson_v1_LS,SHW,6,2388,g2/verified
SHW__Robinson_v1_LS_f2397.png,SHW__Robinson_v1_LS,SHW,6,2397,g2/propagated
SHW__Robinson_v1_LS_f2406.png,SHW__Robinson_v1_LS,SHW,6,2406,g2/propagated
SHW__Robinson_v1_LS_f2415.png,SHW__Robinson_v1_LS,SHW,6,2415,g2/propagated
SHW__Robinson_v1_LS_f2424.png,SHW__Robinson_v1_LS,SHW,6,2424,g2/lost
SHW__Robinson_v1_LS_f2433.png,SHW__Robinson_v1_LS,SHW,6,2433,g2/lost
SHW__Robinson_v1_LS_f2442.png,SHW__Robinson_v1_LS,SHW,6,2442,g2/lost
SHW__Robinson_v1_LS_f2451.png,SHW__Robinson_v1_LS,SHW,6,2451,g2/lost
SHW__Robinson_v1_LS_f2460.png,SHW__Robinson_v1_LS,SHW,6,2460,g2/lost
SHW__Robinson_v1_LS_f2469.png,SHW__Robinson_v1_LS,SHW,6,2469,g2/lost
SHW__Robinson_v1_LS_f2478.png,SHW__Robinson_v1_LS,SHW,6,2478,g2/lost
SHW__Robinson_v1_LS_f3162.png,SHW__Robinson_v1_LS,SHW,7,3162,20.7
SHW__Robinson_v1_LS_f3450.png,SHW__Robinson_v1_LS,SHW,8,3450,21.1
SHW__Robinson_v1_LS_f372.png,SHW__Robinson_v1_LS,SHW,0,372,27.1
SHW__Robinson_v1_LS_f3942.png,SHW__Robinson_v1_LS,SHW,9,3942,35.8
SHW__Robinson_v1_LS_f5058.png,SHW__Robinson_v1_LS,SHW,10,5058,20.5
SHW__Robinson_v1_LS_f5388.png,SHW__Robinson_v1_LS,SHW,11,5388,27.1
SHW__Robinson_v1_LS_f5652.png,SHW__Robinson_v1_LS,SHW,12,5652,26.2
SHW__Robinson_v1_LS_f5784.png,SHW__Robinson_v1_LS,SHW,13,5784,NEW
SHW__Robinson_v1_LS_f6042.png,SHW__Robinson_v1_LS,SHW,14,6042,31.4
SHW__Robinson_v1_LS_f6624.png,SHW__Robinson_v1_LS,SHW,15,6624,20.6
SHW__Robinson_v1_LS_f6924.png,SHW__Robinson_v1_LS,SHW,16,6924,31.8
SHW__Robinson_v1_LS_f7614.png,SHW__Robinson_v1_LS,SHW,17,7614,25.8
SHW__Robinson_v1_LS_f8574.png,SHW__Robinson_v1_LS,SHW,18,8574,NEW
SHW__Robinson_v1_LS_f8682.png,SHW__Robinson_v1_LS,SHW,19,8682,24.0
SHW__Robinson_v1_LS_f894.png,SHW__Robinson_v1_LS,SHW,1,894,20.0
SHW__Robinson_v1_LS_f9192.png,SHW__Robinson_v1_LS,SHW,20,9192,23.7
SHW__Robinson_v1_LS_f9762.png,SHW__Robinson_v1_LS,SHW,21,9762,46.5
SHW__SBassett_v1_LS_f0.png,SHW__SBassett_v1_LS,SHW,0,0,32.3
SHW__SBassett_v1_LS_f10182.png,SHW__SBassett_v1_LS,SHW,18,10182,52.8
SHW__SBassett_v1_LS_f1038.png,SHW__SBassett_v1_LS,SHW,3,1038,32.8
SHW__SBassett_v1_LS_f12186.png,SHW__SBassett_v1_LS,SHW,19,12186,21.1
SHW__SBassett_v1_LS_f12408.png,SHW__SBassett_v1_LS,SHW,20,12408,22.0
SHW__SBassett_v1_LS_f12528.png,SHW__SBassett_v1_LS,SHW,21,12528,23.3
SHW__SBassett_v1_LS_f13998.png,SHW__SBassett_v1_LS,SHW,22,13998,53.0
SHW__SBassett_v1_LS_f1458.png,SHW__SBassett_v1_LS,SHW,4,1458,21.2
SHW__SBassett_v1_LS_f14610.png,SHW__SBassett_v1_LS,SHW,23,14610,20.8
SHW__SBassett_v1_LS_f14736.png,SHW__SBassett_v1_LS,SHW,24,14736,g4/propagated
SHW__SBassett_v1_LS_f14745.png,SHW__SBassett_v1_LS,SHW,24,14745,g4/propagated
SHW__SBassett_v1_LS_f14754.png,SHW__SBassett_v1_LS,SHW,24,14754,g4/propagated
SHW__SBassett_v1_LS_f14763.png,SHW__SBassett_v1_LS,SHW,24,14763,g4/propagated
SHW__SBassett_v1_LS_f14772.png,SHW__SBassett_v1_LS,SHW,24,14772,g4/propagated
SHW__SBassett_v1_LS_f14781.png,SHW__SBassett_v1_LS,SHW,24,14781,g4/propagated
SHW__SBassett_v1_LS_f14790.png,SHW__SBassett_v1_LS,SHW,24,14790,g4/propagated
SHW__SBassett_v1_LS_f14799.png,SHW__SBassett_v1_LS,SHW,24,14799,g4/propagated
SHW__SBassett_v1_LS_f14808.png,SHW__SBassett_v1_LS,SHW,24,14808,g4/verified
SHW__SBassett_v1_LS_f14817.png,SHW__SBassett_v1_LS,SHW,24,14817,g4/propagated
SHW__SBassett_v1_LS_f14826.png,SHW__SBassett_v1_LS,SHW,24,14826,g4/propagated
SHW__SBassett_v1_LS_f14835.png,SHW__SBassett_v1_LS,SHW,24,14835,g4/propagated
SHW__SBassett_v1_LS_f14844.png,SHW__SBassett_v1_LS,SHW,24,14844,g4/propagated
SHW__SBassett_v1_LS_f14853.png,SHW__SBassett_v1_LS,SHW,24,14853,g4/propagated
SHW__SBassett_v1_LS_f14862.png,SHW__SBassett_v1_LS,SHW,24,14862,g4/propagated
SHW__SBassett_v1_LS_f14871.png,SHW__SBassett_v1_LS,SHW,24,14871,g4/propagated
SHW__SBassett_v1_LS_f14880.png,SHW__SBassett_v1_LS,SHW,24,14880,g4/propagated
SHW__SBassett_v1_LS_f14889.png,SHW__SBassett_v1_LS,SHW,24,14889,g4/propagated
SHW__SBassett_v1_LS_f14898.png,SHW__SBassett_v1_LS,SHW,24,14898,g4/propagated
SHW__SBassett_v1_LS_f15030.png,SHW__SBassett_v1_LS,SHW,25,15030,22.8
SHW__SBassett_v1_LS_f15468.png,SHW__SBassett_v1_LS,SHW,26,15468,27.9
SHW__SBassett_v1_LS_f16452.png,SHW__SBassett_v1_LS,SHW,27,16452,41.8
SHW__SBassett_v1_LS_f1710.png,SHW__SBassett_v1_LS,SHW,5,1710,26.2
SHW__SBassett_v1_LS_f17142.png,SHW__SBassett_v1_LS,SHW,28,17142,24.6
SHW__SBassett_v1_LS_f18300.png,SHW__SBassett_v1_LS,SHW,29,18300,49.4
SHW__SBassett_v1_LS_f19218.png,SHW__SBassett_v1_LS,SHW,30,19218,g1/verified
SHW__SBassett_v1_LS_f19227.png,SHW__SBassett_v1_LS,SHW,30,19227,g1/lost
SHW__SBassett_v1_LS_f19236.png,SHW__SBassett_v1_LS,SHW,30,19236,g1/lost
SHW__SBassett_v1_LS_f19245.png,SHW__SBassett_v1_LS,SHW,30,19245,g1/lost
SHW__SBassett_v1_LS_f19254.png,SHW__SBassett_v1_LS,SHW,30,19254,g1/lost
SHW__SBassett_v1_LS_f19263.png,SHW__SBassett_v1_LS,SHW,30,19263,g1/lost
SHW__SBassett_v1_LS_f19272.png,SHW__SBassett_v1_LS,SHW,30,19272,g1/lost
SHW__SBassett_v1_LS_f1974.png,SHW__SBassett_v1_LS,SHW,6,1974,24.6
SHW__SBassett_v1_LS_f19878.png,SHW__SBassett_v1_LS,SHW,31,19878,41.5
SHW__SBassett_v1_LS_f20442.png,SHW__SBassett_v1_LS,SHW,32,20442,21.0
SHW__SBassett_v1_LS_f20634.png,SHW__SBassett_v1_LS,SHW,33,20634,20.9
SHW__SBassett_v1_LS_f2082.png,SHW__SBassett_v1_LS,SHW,7,2082,21.4
SHW__SBassett_v1_LS_f3486.png,SHW__SBassett_v1_LS,SHW,8,3486,23.9
SHW__SBassett_v1_LS_f3756.png,SHW__SBassett_v1_LS,SHW,9,3756,20.3
SHW__SBassett_v1_LS_f4110.png,SHW__SBassett_v1_LS,SHW,10,4110,31.1
SHW__SBassett_v1_LS_f414.png,SHW__SBassett_v1_LS,SHW,1,414,23.6
SHW__SBassett_v1_LS_f5604.png,SHW__SBassett_v1_LS,SHW,11,5604,34.8
SHW__SBassett_v1_LS_f6036.png,SHW__SBassett_v1_LS,SHW,12,6036,24.0
SHW__SBassett_v1_LS_f6252.png,SHW__SBassett_v1_LS,SHW,13,6252,20.2
SHW__SBassett_v1_LS_f6348.png,SHW__SBassett_v1_LS,SHW,14,6348,20.9
SHW__SBassett_v1_LS_f7194.png,SHW__SBassett_v1_LS,SHW,15,7194,30.9
SHW__SBassett_v1_LS_f876.png,SHW__SBassett_v1_LS,SHW,2,876,29.6
SHW__SBassett_v1_LS_f8916.png,SHW__SBassett_v1_LS,SHW,16,8916,g3/propagated
SHW__SBassett_v1_LS_f8925.png,SHW__SBassett_v1_LS,SHW,16,8925,g3/propagated
SHW__SBassett_v1_LS_f8934.png,SHW__SBassett_v1_LS,SHW,16,8934,g3/propagated
SHW__SBassett_v1_LS_f8943.png,SHW__SBassett_v1_LS,SHW,16,8943,g3/propagated
SHW__SBassett_v1_LS_f8952.png,SHW__SBassett_v1_LS,SHW,16,8952,g3/propagated
SHW__SBassett_v1_LS_f8961.png,SHW__SBassett_v1_LS,SHW,16,8961,g3/propagated
SHW__SBassett_v1_LS_f8970.png,SHW__SBassett_v1_LS,SHW,16,8970,g3/propagated
SHW__SBassett_v1_LS_f8979.png,SHW__SBassett_v1_LS,SHW,16,8979,g3/propagated
SHW__SBassett_v1_LS_f8988.png,SHW__SBassett_v1_LS,SHW,16,8988,g3/propagated
SHW__SBassett_v1_LS_f8997.png,SHW__SBassett_v1_LS,SHW,16,8997,g3/propagated
SHW__SBassett_v1_LS_f9006.png,SHW__SBassett_v1_LS,SHW,16,9006,g3/verified
SHW__SBassett_v1_LS_f9015.png,SHW__SBassett_v1_LS,SHW,16,9015,g3/propagated
SHW__SBassett_v1_LS_f9024.png,SHW__SBassett_v1_LS,SHW,16,9024,g3/propagated
SHW__SBassett_v1_LS_f9033.png,SHW__SBassett_v1_LS,SHW,16,9033,g3/propagated
SHW__SBassett_v1_LS_f9042.png,SHW__SBassett_v1_LS,SHW,16,9042,g3/propagated
SHW__SBassett_v1_LS_f9051.png,SHW__SBassett_v1_LS,SHW,16,9051,g3/propagated
SHW__SBassett_v1_LS_f9060.png,SHW__SBassett_v1_LS,SHW,16,9060,g3/propagated
SHW__SBassett_v1_LS_f9069.png,SHW__SBassett_v1_LS,SHW,16,9069,g3/propagated
SHW__SBassett_v1_LS_f9078.png,SHW__SBassett_v1_LS,SHW,16,9078,g3/propagated
SHW__SBassett_v1_LS_f9087.png,SHW__SBassett_v1_LS,SHW,16,9087,g3/propagated
SHW__SBassett_v1_LS_f9096.png,SHW__SBassett_v1_LS,SHW,16,9096,g3/propagated
SHW__SBassett_v1_LS_f9564.png,SHW__SBassett_v1_LS,SHW,17,9564,22.1
SHW__SHog_v1_LS_f10074.png,SHW__SHog_v1_LS,SHW,11,10074,24.1
SHW__SHog_v1_LS_f10338.png,SHW__SHog_v1_LS,SHW,12,10338,24.3
SHW__SHog_v1_LS_f10902.png,SHW__SHog_v1_LS,SHW,13,10902,42.2
SHW__SHog_v1_LS_f11796.png,SHW__SHog_v1_LS,SHW,14,11796,20.6
SHW__SHog_v1_LS_f12102.png,SHW__SHog_v1_LS,SHW,15,12102,24.3
SHW__SHog_v1_LS_f13128.png,SHW__SHog_v1_LS,SHW,16,13128,41.3
SHW__SHog_v1_LS_f15204.png,SHW__SHog_v1_LS,SHW,17,15204,48.6
SHW__SHog_v1_LS_f288.png,SHW__SHog_v1_LS,SHW,0,288,24.0
SHW__SHog_v1_LS_f3816.png,SHW__SHog_v1_LS,SHW,1,3816,50.2
SHW__SHog_v1_LS_f5748.png,SHW__SHog_v1_LS,SHW,2,5748,23.3
SHW__SHog_v1_LS_f6348.png,SHW__SHog_v1_LS,SHW,3,6348,21.1
SHW__SHog_v1_LS_f6630.png,SHW__SHog_v1_LS,SHW,4,6630,22.9
SHW__SHog_v1_LS_f6990.png,SHW__SHog_v1_LS,SHW,5,6990,57.7
SHW__SHog_v1_LS_f7686.png,SHW__SHog_v1_LS,SHW,6,7686,47.8
SHW__SHog_v1_LS_f7950.png,SHW__SHog_v1_LS,SHW,7,7950,21.7
SHW__SHog_v1_LS_f8676.png,SHW__SHog_v1_LS,SHW,8,8676,g1/lost
SHW__SHog_v1_LS_f8685.png,SHW__SHog_v1_LS,SHW,8,8685,g1/lost
SHW__SHog_v1_LS_f8694.png,SHW__SHog_v1_LS,SHW,8,8694,g1/lost
SHW__SHog_v1_LS_f8703.png,SHW__SHog_v1_LS,SHW,8,8703,g1/lost
SHW__SHog_v1_LS_f8712.png,SHW__SHog_v1_LS,SHW,8,8712,g1/lost
SHW__SHog_v1_LS_f8721.png,SHW__SHog_v1_LS,SHW,8,8721,g1/lost
SHW__SHog_v1_LS_f8730.png,SHW__SHog_v1_LS,SHW,8,8730,g1/lost
SHW__SHog_v1_LS_f8739.png,SHW__SHog_v1_LS,SHW,8,8739,g1/propagated
SHW__SHog_v1_LS_f8748.png,SHW__SHog_v1_LS,SHW,8,8748,g1/propagated
SHW__SHog_v1_LS_f8757.png,SHW__SHog_v1_LS,SHW,8,8757,g1/propagated
SHW__SHog_v1_LS_f8766.png,SHW__SHog_v1_LS,SHW,8,8766,g1/verified
SHW__SHog_v1_LS_f8775.png,SHW__SHog_v1_LS,SHW,8,8775,g1/lost
SHW__SHog_v1_LS_f8784.png,SHW__SHog_v1_LS,SHW,8,8784,g1/lost
SHW__SHog_v1_LS_f8793.png,SHW__SHog_v1_LS,SHW,8,8793,g1/lost
SHW__SHog_v1_LS_f8802.png,SHW__SHog_v1_LS,SHW,8,8802,g1/lost
SHW__SHog_v1_LS_f8811.png,SHW__SHog_v1_LS,SHW,8,8811,g1/lost
SHW__SHog_v1_LS_f8820.png,SHW__SHog_v1_LS,SHW,8,8820,g1/lost
SHW__SHog_v1_LS_f8829.png,SHW__SHog_v1_LS,SHW,8,8829,g1/lost
SHW__SHog_v1_LS_f8838.png,SHW__SHog_v1_LS,SHW,8,8838,g1/lost
SHW__SHog_v1_LS_f8847.png,SHW__SHog_v1_LS,SHW,8,8847,g1/lost
SHW__SHog_v1_LS_f8856.png,SHW__SHog_v1_LS,SHW,8,8856,g1/lost
SHW__SHog_v1_LS_f9336.png,SHW__SHog_v1_LS,SHW,9,9336,20.7
SHW__SHog_v1_LS_f9564.png,SHW__SHog_v1_LS,SHW,10,9564,27.0
SHW__SIron_v1_LS_f10326.png,SHW__SIron_v1_LS,SHW,9,10326,35.7
SHW__SIron_v1_LS_f10842.png,SHW__SIron_v1_LS,SHW,10,10842,30.6
SHW__SIron_v1_LS_f11022.png,SHW__SIron_v1_LS,SHW,11,11022,23.8
SHW__SIron_v1_LS_f11280.png,SHW__SIron_v1_LS,SHW,12,11280,25.0
SHW__SIron_v1_LS_f1164.png,SHW__SIron_v1_LS,SHW,2,1164,22.1
SHW__SIron_v1_LS_f11820.png,SHW__SIron_v1_LS,SHW,13,11820,23.2
SHW__SIron_v1_LS_f12.png,SHW__SIron_v1_LS,SHW,0,12,34.2
SHW__SIron_v1_LS_f12108.png,SHW__SIron_v1_LS,SHW,14,12108,22.8
SHW__SIron_v1_LS_f12636.png,SHW__SIron_v1_LS,SHW,15,12636,30.6
SHW__SIron_v1_LS_f13602.png,SHW__SIron_v1_LS,SHW,16,13602,36.9
SHW__SIron_v1_LS_f1362.png,SHW__SIron_v1_LS,SHW,3,1362,29.7
SHW__SIron_v1_LS_f13806.png,SHW__SIron_v1_LS,SHW,17,13806,g1/lost
SHW__SIron_v1_LS_f13815.png,SHW__SIron_v1_LS,SHW,17,13815,g1/lost
SHW__SIron_v1_LS_f13824.png,SHW__SIron_v1_LS,SHW,17,13824,g1/lost
SHW__SIron_v1_LS_f13833.png,SHW__SIron_v1_LS,SHW,17,13833,g1/lost
SHW__SIron_v1_LS_f13842.png,SHW__SIron_v1_LS,SHW,17,13842,g1/propagated
SHW__SIron_v1_LS_f13851.png,SHW__SIron_v1_LS,SHW,17,13851,g1/propagated
SHW__SIron_v1_LS_f13860.png,SHW__SIron_v1_LS,SHW,17,13860,g1/verified
SHW__SIron_v1_LS_f13869.png,SHW__SIron_v1_LS,SHW,17,13869,g1/propagated
SHW__SIron_v1_LS_f13878.png,SHW__SIron_v1_LS,SHW,17,13878,g1/lost
SHW__SIron_v1_LS_f13887.png,SHW__SIron_v1_LS,SHW,17,13887,g1/lost
SHW__SIron_v1_LS_f13896.png,SHW__SIron_v1_LS,SHW,17,13896,g1/lost
SHW__SIron_v1_LS_f13905.png,SHW__SIron_v1_LS,SHW,17,13905,g1/lost
SHW__SIron_v1_LS_f13914.png,SHW__SIron_v1_LS,SHW,17,13914,g1/lost
SHW__SIron_v1_LS_f13923.png,SHW__SIron_v1_LS,SHW,17,13923,g1/lost
SHW__SIron_v1_LS_f13932.png,SHW__SIron_v1_LS,SHW,17,13932,g1/lost
SHW__SIron_v1_LS_f13941.png,SHW__SIron_v1_LS,SHW,17,13941,g1/lost
SHW__SIron_v1_LS_f13950.png,SHW__SIron_v1_LS,SHW,17,13950,g1/lost
SHW__SIron_v1_LS_f14190.png,SHW__SIron_v1_LS,SHW,18,14190,28.4
SHW__SIron_v1_LS_f14670.png,SHW__SIron_v1_LS,SHW,19,14670,35.2
SHW__SIron_v1_LS_f348.png,SHW__SIron_v1_LS,SHW,1,348,34.2
SHW__SIron_v1_LS_f3930.png,SHW__SIron_v1_LS,SHW,4,3930,62.5
SHW__SIron_v1_LS_f6480.png,SHW__SIron_v1_LS,SHW,5,6480,39.8
SHW__SIron_v1_LS_f7662.png,SHW__SIron_v1_LS,SHW,6,7662,32.7
SHW__SIron_v1_LS_f8100.png,SHW__SIron_v1_LS,SHW,7,8100,49.4
SHW__SIron_v1_LS_f8898.png,SHW__SIron_v1_LS,SHW,8,8898,41.3
SHW__UpperRichland_v1_LS_f1368.png,SHW__UpperRichland_v1_LS,SHW,2,1368,28.3
SHW__UpperRichland_v1_LS_f1836.png,SHW__UpperRichland_v1_LS,SHW,3,1836,28.1
SHW__UpperRichland_v1_LS_f2052.png,SHW__UpperRichland_v1_LS,SHW,4,2052,21.1
SHW__UpperRichland_v1_LS_f2208.png,SHW__UpperRichland_v1_LS,SHW,5,2208,29.7
SHW__UpperRichland_v1_LS_f2448.png,SHW__UpperRichland_v1_LS,SHW,6,2448,26.3
SHW__UpperRichland_v1_LS_f30.png,SHW__UpperRichland_v1_LS,SHW,0,30,36.0
SHW__UpperRichland_v1_LS_f3210.png,SHW__UpperRichland_v1_LS,SHW,7,3210,21.3
SHW__UpperRichland_v1_LS_f3372.png,SHW__UpperRichland_v1_LS,SHW,8,3372,23.4
SHW__UpperRichland_v1_LS_f3870.png,SHW__UpperRichland_v1_LS,SHW,9,3870,31.3
SHW__UpperRichland_v1_LS_f4386.png,SHW__UpperRichland_v1_LS,SHW,10,4386,25.4
SHW__UpperRichland_v1_LS_f4512.png,SHW__UpperRichland_v1_LS,SHW,11,4512,28.1
SHW__UpperRichland_v1_LS_f4734.png,SHW__UpperRichland_v1_LS,SHW,12,4734,22.6
SHW__UpperRichland_v1_LS_f4812.png,SHW__UpperRichland_v1_LS,SHW,13,4812,20.9
SHW__UpperRichland_v1_LS_f5094.png,SHW__UpperRichland_v1_LS,SHW,14,5094,28.5
SHW__UpperRichland_v1_LS_f5496.png,SHW__UpperRichland_v1_LS,SHW,15,5496,22.5
SHW__UpperRichland_v1_LS_f5598.png,SHW__UpperRichland_v1_LS,SHW,16,5598,NEW
SHW__UpperRichland_v1_LS_f6024.png,SHW__UpperRichland_v1_LS,SHW,17,6024,NEW
SHW__UpperRichland_v1_LS_f606.png,SHW__UpperRichland_v1_LS,SHW,1,606,28.1
SHW__UpperRichland_v1_LS_f6402.png,SHW__UpperRichland_v1_LS,SHW,18,6402,28.0
SHW__UpperRichland_v1_LS_f7062.png,SHW__UpperRichland_v1_LS,SHW,19,7062,21.8
SHW__UpperRichland_v1_LS_f7620.png,SHW__UpperRichland_v1_LS,SHW,20,7620,31.8
SHW__UpperRichland_v1_LS_f8142.png,SHW__UpperRichland_v1_LS,SHW,21,8142,NEW
SHW__UpperRichland_v1_LS_f8820.png,SHW__UpperRichland_v1_LS,SHW,22,8820,20.9
SHW__UpperRichland_v1_LS_f9114.png,SHW__UpperRichland_v1_LS,SHW,23,9114,31.2
SHW__WhoopieCatDam_v1_LS_f192.png,SHW__WhoopieCatDam_v1_LS,SHW,0,192,50.4
SHW__WhoopieCatDam_v1_LS_f2118.png,SHW__WhoopieCatDam_v1_LS,SHW,3,2118,21.9
SHW__WhoopieCatDam_v1_LS_f2442.png,SHW__WhoopieCatDam_v1_LS,SHW,4,2442,20.8
SHW__WhoopieCatDam_v1_LS_f2700.png,SHW__WhoopieCatDam_v1_LS,SHW,5,2700,21.3
SHW__WhoopieCatDam_v1_LS_f2838.png,SHW__WhoopieCatDam_v1_LS,SHW,6,2838,g1/lost
SHW__WhoopieCatDam_v1_LS_f2847.png,SHW__WhoopieCatDam_v1_LS,SHW,6,2847,g1/lost
SHW__WhoopieCatDam_v1_LS_f2856.png,SHW__WhoopieCatDam_v1_LS,SHW,6,2856,g1/lost
SHW__WhoopieCatDam_v1_LS_f2865.png,SHW__WhoopieCatDam_v1_LS,SHW,6,2865,g1/lost
SHW__WhoopieCatDam_v1_LS_f2874.png,SHW__WhoopieCatDam_v1_LS,SHW,6,2874,g1/verified
SHW__WhoopieCatDam_v1_LS_f2883.png,SHW__WhoopieCatDam_v1_LS,SHW,6,2883,g1/propagated
SHW__WhoopieCatDam_v1_LS_f2892.png,SHW__WhoopieCatDam_v1_LS,SHW,6,2892,g1/propagated
SHW__WhoopieCatDam_v1_LS_f2901.png,SHW__WhoopieCatDam_v1_LS,SHW,6,2901,g1/propagated
SHW__WhoopieCatDam_v1_LS_f2910.png,SHW__WhoopieCatDam_v1_LS,SHW,6,2910,g1/propagated
SHW__WhoopieCatDam_v1_LS_f2919.png,SHW__WhoopieCatDam_v1_LS,SHW,6,2919,g1/propagated
SHW__WhoopieCatDam_v1_LS_f2928.png,SHW__WhoopieCatDam_v1_LS,SHW,6,2928,g1/propagated
SHW__WhoopieCatDam_v1_LS_f2937.png,SHW__WhoopieCatDam_v1_LS,SHW,6,2937,g1/propagated
SHW__WhoopieCatDam_v1_LS_f2946.png,SHW__WhoopieCatDam_v1_LS,SHW,6,2946,g1/propagated
SHW__WhoopieCatDam_v1_LS_f2955.png,SHW__WhoopieCatDam_v1_LS,SHW,6,2955,g1/propagated
SHW__WhoopieCatDam_v1_LS_f2964.png,SHW__WhoopieCatDam_v1_LS,SHW,6,2964,g1/propagated
SHW__WhoopieCatDam_v1_LS_f3282.png,SHW__WhoopieCatDam_v1_LS,SHW,7,3282,20.5
SHW__WhoopieCatDam_v1_LS_f3786.png,SHW__WhoopieCatDam_v1_LS,SHW,8,3786,21.0
SHW__WhoopieCatDam_v1_LS_f4104.png,SHW__WhoopieCatDam_v1_LS,SHW,9,4104,27.3
SHW__WhoopieCatDam_v1_LS_f4266.png,SHW__WhoopieCatDam_v1_LS,SHW,10,4266,33.9
SHW__WhoopieCatDam_v1_LS_f4536.png,SHW__WhoopieCatDam_v1_LS,SHW,11,4536,22.1
SHW__WhoopieCatDam_v1_LS_f456.png,SHW__WhoopieCatDam_v1_LS,SHW,1,456,31.5
SHW__WhoopieCatDam_v1_LS_f5394.png,SHW__WhoopieCatDam_v1_LS,SHW,12,5394,36.8
SHW__WhoopieCatDam_v1_LS_f5658.png,SHW__WhoopieCatDam_v1_LS,SHW,13,5658,21.1
SHW__WhoopieCatDam_v1_LS_f786.png,SHW__WhoopieCatDam_v1_LS,SHW,2,786,26.9
TON__AquaCultureRd_v1_LS_f19296.png,TON__AquaCultureRd_v1_LS,TON,3,19296,68.3
TON__AquaCultureRd_v1_LS_f4146.png,TON__AquaCultureRd_v1_LS,TON,0,4146,64.2
TON__AquaCultureRd_v1_LS_f5394.png,TON__AquaCultureRd_v1_LS,TON,1,5394,57.9
TON__AquaCultureRd_v1_LS_f8232.png,TON__AquaCultureRd_v1_LS,TON,2,8232,66.1
TON__ChipsRd_v1_LS_f3582.png,TON__ChipsRd_v1_LS,TON,0,3582,65.8
TON__FernRidgeRd_v1_LS_f21342.png,TON__FernRidgeRd_v1_LS,TON,0,21342,82.0
TON__GiantCityRd_v1_LS_f10140.png,TON__GiantCityRd_v1_LS,TON,31,10140,27.5
TON__GiantCityRd_v1_LS_f1068.png,TON__GiantCityRd_v1_LS,TON,2,1068,21.0
TON__GiantCityRd_v1_LS_f10998.png,TON__GiantCityRd_v1_LS,TON,32,10998,22.4
TON__GiantCityRd_v1_LS_f11322.png,TON__GiantCityRd_v1_LS,TON,33,11322,22.9
TON__GiantCityRd_v1_LS_f1146.png,TON__GiantCityRd_v1_LS,TON,3,1146,21.6
TON__GiantCityRd_v1_LS_f11700.png,TON__GiantCityRd_v1_LS,TON,34,11700,g1/lost
TON__GiantCityRd_v1_LS_f11709.png,TON__GiantCityRd_v1_LS,TON,34,11709,g1/lost
TON__GiantCityRd_v1_LS_f11718.png,TON__GiantCityRd_v1_LS,TON,34,11718,g1/lost
TON__GiantCityRd_v1_LS_f11727.png,TON__GiantCityRd_v1_LS,TON,34,11727,g1/lost
TON__GiantCityRd_v1_LS_f11736.png,TON__GiantCityRd_v1_LS,TON,34,11736,g1/lost
TON__GiantCityRd_v1_LS_f11745.png,TON__GiantCityRd_v1_LS,TON,34,11745,g1/lost
TON__GiantCityRd_v1_LS_f11754.png,TON__GiantCityRd_v1_LS,TON,34,11754,g1/lost
TON__GiantCityRd_v1_LS_f11763.png,TON__GiantCityRd_v1_LS,TON,34,11763,g1/lost
TON__GiantCityRd_v1_LS_f11772.png,TON__GiantCityRd_v1_LS,TON,34,11772,g1/lost
TON__GiantCityRd_v1_LS_f11781.png,TON__GiantCityRd_v1_LS,TON,34,11781,g1/lost
TON__GiantCityRd_v1_LS_f11790.png,TON__GiantCityRd_v1_LS,TON,34,11790,g1/verified
TON__GiantCityRd_v1_LS_f11799.png,TON__GiantCityRd_v1_LS,TON,34,11799,g1/propagated
TON__GiantCityRd_v1_LS_f11808.png,TON__GiantCityRd_v1_LS,TON,34,11808,g1/lost
TON__GiantCityRd_v1_LS_f11817.png,TON__GiantCityRd_v1_LS,TON,34,11817,g1/lost
TON__GiantCityRd_v1_LS_f11826.png,TON__GiantCityRd_v1_LS,TON,34,11826,g1/lost
TON__GiantCityRd_v1_LS_f11835.png,TON__GiantCityRd_v1_LS,TON,34,11835,g1/lost
TON__GiantCityRd_v1_LS_f11844.png,TON__GiantCityRd_v1_LS,TON,34,11844,g1/lost
TON__GiantCityRd_v1_LS_f11952.png,TON__GiantCityRd_v1_LS,TON,35,11952,32.4
TON__GiantCityRd_v1_LS_f12306.png,TON__GiantCityRd_v1_LS,TON,36,12306,23.2
TON__GiantCityRd_v1_LS_f1362.png,TON__GiantCityRd_v1_LS,TON,4,1362,20.6
TON__GiantCityRd_v1_LS_f1500.png,TON__GiantCityRd_v1_LS,TON,5,1500,g1/verified
TON__GiantCityRd_v1_LS_f1509.png,TON__GiantCityRd_v1_LS,TON,5,1509,g1/propagated
TON__GiantCityRd_v1_LS_f1518.png,TON__GiantCityRd_v1_LS,TON,5,1518,g1/propagated
TON__GiantCityRd_v1_LS_f1527.png,TON__GiantCityRd_v1_LS,TON,5,1527,g1/propagated
TON__GiantCityRd_v1_LS_f1536.png,TON__GiantCityRd_v1_LS,TON,5,1536,g1/propagated
TON__GiantCityRd_v1_LS_f1545.png,TON__GiantCityRd_v1_LS,TON,5,1545,g1/propagated
TON__GiantCityRd_v1_LS_f1554.png,TON__GiantCityRd_v1_LS,TON,5,1554,g1/propagated
TON__GiantCityRd_v1_LS_f1752.png,TON__GiantCityRd_v1_LS,TON,6,1752,26.2
TON__GiantCityRd_v1_LS_f1902.png,TON__GiantCityRd_v1_LS,TON,7,1902,20.9
TON__GiantCityRd_v1_LS_f2082.png,TON__GiantCityRd_v1_LS,TON,8,2082,21.5
TON__GiantCityRd_v1_LS_f2256.png,TON__GiantCityRd_v1_LS,TON,9,2256,22.8
TON__GiantCityRd_v1_LS_f2700.png,TON__GiantCityRd_v1_LS,TON,10,2700,26.2
TON__GiantCityRd_v1_LS_f2862.png,TON__GiantCityRd_v1_LS,TON,11,2862,21.5
TON__GiantCityRd_v1_LS_f3162.png,TON__GiantCityRd_v1_LS,TON,12,3162,25.9
TON__GiantCityRd_v1_LS_f3882.png,TON__GiantCityRd_v1_LS,TON,13,3882,47.2
TON__GiantCityRd_v1_LS_f4488.png,TON__GiantCityRd_v1_LS,TON,14,4488,21.2
TON__GiantCityRd_v1_LS_f558.png,TON__GiantCityRd_v1_LS,TON,0,558,43.5
TON__GiantCityRd_v1_LS_f5796.png,TON__GiantCityRd_v1_LS,TON,15,5796,36.3
TON__GiantCityRd_v1_LS_f6216.png,TON__GiantCityRd_v1_LS,TON,16,6216,24.2
TON__GiantCityRd_v1_LS_f6510.png,TON__GiantCityRd_v1_LS,TON,17,6510,20.4
TON__GiantCityRd_v1_LS_f6822.png,TON__GiantCityRd_v1_LS,TON,18,6822,23.4
TON__GiantCityRd_v1_LS_f7146.png,TON__GiantCityRd_v1_LS,TON,19,7146,25.9
TON__GiantCityRd_v1_LS_f7464.png,TON__GiantCityRd_v1_LS,TON,20,7464,25.1
TON__GiantCityRd_v1_LS_f7662.png,TON__GiantCityRd_v1_LS,TON,21,7662,31.7
TON__GiantCityRd_v1_LS_f8160.png,TON__GiantCityRd_v1_LS,TON,22,8160,22.1
TON__GiantCityRd_v1_LS_f8340.png,TON__GiantCityRd_v1_LS,TON,23,8340,32.8
TON__GiantCityRd_v1_LS_f8520.png,TON__GiantCityRd_v1_LS,TON,24,8520,23.8
TON__GiantCityRd_v1_LS_f8922.png,TON__GiantCityRd_v1_LS,TON,25,8922,20.9
TON__GiantCityRd_v1_LS_f900.png,TON__GiantCityRd_v1_LS,TON,1,900,NEW
TON__GiantCityRd_v1_LS_f9162.png,TON__GiantCityRd_v1_LS,TON,26,9162,27.0
TON__GiantCityRd_v1_LS_f9270.png,TON__GiantCityRd_v1_LS,TON,27,9270,21.0
TON__GiantCityRd_v1_LS_f9390.png,TON__GiantCityRd_v1_LS,TON,28,9390,20.3
TON__GiantCityRd_v1_LS_f9786.png,TON__GiantCityRd_v1_LS,TON,29,9786,27.5
TON__GiantCityRd_v1_LS_f9954.png,TON__GiantCityRd_v1_LS,TON,30,9954,21.9
TON__NatureTrail_v1_LS_f10080.png,TON__NatureTrail_v1_LS,TON,15,10080,32.7
TON__NatureTrail_v1_LS_f10542.png,TON__NatureTrail_v1_LS,TON,16,10542,29.1
TON__NatureTrail_v1_LS_f10962.png,TON__NatureTrail_v1_LS,TON,17,10962,30.2
TON__NatureTrail_v1_LS_f11478.png,TON__NatureTrail_v1_LS,TON,18,11478,32.8
TON__NatureTrail_v1_LS_f12834.png,TON__NatureTrail_v1_LS,TON,19,12834,33.9
TON__NatureTrail_v1_LS_f1398.png,TON__NatureTrail_v1_LS,TON,3,1398,24.8
TON__NatureTrail_v1_LS_f15348.png,TON__NatureTrail_v1_LS,TON,20,15348,25.6
TON__NatureTrail_v1_LS_f15624.png,TON__NatureTrail_v1_LS,TON,21,15624,22.0
TON__NatureTrail_v1_LS_f1566.png,TON__NatureTrail_v1_LS,TON,4,1566,33.8
TON__NatureTrail_v1_LS_f16446.png,TON__NatureTrail_v1_LS,TON,22,16446,29.1
TON__NatureTrail_v1_LS_f17166.png,TON__NatureTrail_v1_LS,TON,23,17166,g1/lost
TON__NatureTrail_v1_LS_f17175.png,TON__NatureTrail_v1_LS,TON,23,17175,g1/lost
TON__NatureTrail_v1_LS_f17184.png,TON__NatureTrail_v1_LS,TON,23,17184,g1/lost
TON__NatureTrail_v1_LS_f17193.png,TON__NatureTrail_v1_LS,TON,23,17193,g1/lost
TON__NatureTrail_v1_LS_f17202.png,TON__NatureTrail_v1_LS,TON,23,17202,g1/lost
TON__NatureTrail_v1_LS_f17211.png,TON__NatureTrail_v1_LS,TON,23,17211,g1/lost
TON__NatureTrail_v1_LS_f17220.png,TON__NatureTrail_v1_LS,TON,23,17220,g1/lost
TON__NatureTrail_v1_LS_f17229.png,TON__NatureTrail_v1_LS,TON,23,17229,g1/propagated
TON__NatureTrail_v1_LS_f17238.png,TON__NatureTrail_v1_LS,TON,23,17238,g1/propagated
TON__NatureTrail_v1_LS_f17247.png,TON__NatureTrail_v1_LS,TON,23,17247,g1/propagated
TON__NatureTrail_v1_LS_f17256.png,TON__NatureTrail_v1_LS,TON,23,17256,g1/verified
TON__NatureTrail_v1_LS_f17265.png,TON__NatureTrail_v1_LS,TON,23,17265,g1/propagated
TON__NatureTrail_v1_LS_f17274.png,TON__NatureTrail_v1_LS,TON,23,17274,g1/propagated
TON__NatureTrail_v1_LS_f17283.png,TON__NatureTrail_v1_LS,TON,23,17283,g1/propagated
TON__NatureTrail_v1_LS_f17292.png,TON__NatureTrail_v1_LS,TON,23,17292,g1/propagated
TON__NatureTrail_v1_LS_f17301.png,TON__NatureTrail_v1_LS,TON,23,17301,g1/lost
TON__NatureTrail_v1_LS_f17310.png,TON__NatureTrail_v1_LS,TON,23,17310,g1/lost
TON__NatureTrail_v1_LS_f17319.png,TON__NatureTrail_v1_LS,TON,23,17319,g1/lost
TON__NatureTrail_v1_LS_f17328.png,TON__NatureTrail_v1_LS,TON,23,17328,g1/lost
TON__NatureTrail_v1_LS_f17337.png,TON__NatureTrail_v1_LS,TON,23,17337,g1/lost
TON__NatureTrail_v1_LS_f17346.png,TON__NatureTrail_v1_LS,TON,23,17346,g1/lost
TON__NatureTrail_v1_LS_f18096.png,TON__NatureTrail_v1_LS,TON,24,18096,29.3
TON__NatureTrail_v1_LS_f18918.png,TON__NatureTrail_v1_LS,TON,25,18918,29.6
TON__NatureTrail_v1_LS_f258.png,TON__NatureTrail_v1_LS,TON,0,258,28.2
TON__NatureTrail_v1_LS_f2724.png,TON__NatureTrail_v1_LS,TON,5,2724,g1/lost
TON__NatureTrail_v1_LS_f2733.png,TON__NatureTrail_v1_LS,TON,5,2733,g1/lost
TON__NatureTrail_v1_LS_f2742.png,TON__NatureTrail_v1_LS,TON,5,2742,g1/lost
TON__NatureTrail_v1_LS_f2751.png,TON__NatureTrail_v1_LS,TON,5,2751,g1/lost
TON__NatureTrail_v1_LS_f2760.png,TON__NatureTrail_v1_LS,TON,5,2760,g1/lost
TON__NatureTrail_v1_LS_f2769.png,TON__NatureTrail_v1_LS,TON,5,2769,g1/lost
TON__NatureTrail_v1_LS_f2778.png,TON__NatureTrail_v1_LS,TON,5,2778,g1/lost
TON__NatureTrail_v1_LS_f2787.png,TON__NatureTrail_v1_LS,TON,5,2787,g1/lost
TON__NatureTrail_v1_LS_f2796.png,TON__NatureTrail_v1_LS,TON,5,2796,g1/lost
TON__NatureTrail_v1_LS_f2805.png,TON__NatureTrail_v1_LS,TON,5,2805,g1/propagated
TON__NatureTrail_v1_LS_f2814.png,TON__NatureTrail_v1_LS,TON,5,2814,g1/verified
TON__NatureTrail_v1_LS_f2823.png,TON__NatureTrail_v1_LS,TON,5,2823,g1/propagated
TON__NatureTrail_v1_LS_f2832.png,TON__NatureTrail_v1_LS,TON,5,2832,g1/propagated
TON__NatureTrail_v1_LS_f2841.png,TON__NatureTrail_v1_LS,TON,5,2841,g1/lost
TON__NatureTrail_v1_LS_f2850.png,TON__NatureTrail_v1_LS,TON,5,2850,g1/lost
TON__NatureTrail_v1_LS_f2859.png,TON__NatureTrail_v1_LS,TON,5,2859,g1/lost
TON__NatureTrail_v1_LS_f2868.png,TON__NatureTrail_v1_LS,TON,5,2868,g1/lost
TON__NatureTrail_v1_LS_f2877.png,TON__NatureTrail_v1_LS,TON,5,2877,g1/lost
TON__NatureTrail_v1_LS_f2886.png,TON__NatureTrail_v1_LS,TON,5,2886,g1/lost
TON__NatureTrail_v1_LS_f2895.png,TON__NatureTrail_v1_LS,TON,5,2895,g1/lost
TON__NatureTrail_v1_LS_f2904.png,TON__NatureTrail_v1_LS,TON,5,2904,g1/lost
TON__NatureTrail_v1_LS_f3630.png,TON__NatureTrail_v1_LS,TON,6,3630,26.6
TON__NatureTrail_v1_LS_f4392.png,TON__NatureTrail_v1_LS,TON,7,4392,g1/lost
TON__NatureTrail_v1_LS_f4401.png,TON__NatureTrail_v1_LS,TON,7,4401,g1/lost
TON__NatureTrail_v1_LS_f4410.png,TON__NatureTrail_v1_LS,TON,7,4410,g1/lost
TON__NatureTrail_v1_LS_f4419.png,TON__NatureTrail_v1_LS,TON,7,4419,g1/lost
TON__NatureTrail_v1_LS_f4428.png,TON__NatureTrail_v1_LS,TON,7,4428,g1/propagated
TON__NatureTrail_v1_LS_f4437.png,TON__NatureTrail_v1_LS,TON,7,4437,g1/propagated
TON__NatureTrail_v1_LS_f4446.png,TON__NatureTrail_v1_LS,TON,7,4446,g1/propagated
TON__NatureTrail_v1_LS_f4455.png,TON__NatureTrail_v1_LS,TON,7,4455,g1/propagated
TON__NatureTrail_v1_LS_f4464.png,TON__NatureTrail_v1_LS,TON,7,4464,g1/propagated
TON__NatureTrail_v1_LS_f4473.png,TON__NatureTrail_v1_LS,TON,7,4473,g1/propagated
TON__NatureTrail_v1_LS_f4482.png,TON__NatureTrail_v1_LS,TON,7,4482,g1/verified
TON__NatureTrail_v1_LS_f4491.png,TON__NatureTrail_v1_LS,TON,7,4491,g1/propagated
TON__NatureTrail_v1_LS_f4500.png,TON__NatureTrail_v1_LS,TON,7,4500,g1/propagated
TON__NatureTrail_v1_LS_f4509.png,TON__NatureTrail_v1_LS,TON,7,4509,g1/lost
TON__NatureTrail_v1_LS_f4518.png,TON__NatureTrail_v1_LS,TON,7,4518,g1/lost
TON__NatureTrail_v1_LS_f4527.png,TON__NatureTrail_v1_LS,TON,7,4527,g1/lost
TON__NatureTrail_v1_LS_f4536.png,TON__NatureTrail_v1_LS,TON,7,4536,g1/lost
TON__NatureTrail_v1_LS_f4545.png,TON__NatureTrail_v1_LS,TON,7,4545,g1/lost
TON__NatureTrail_v1_LS_f4554.png,TON__NatureTrail_v1_LS,TON,7,4554,g1/lost
TON__NatureTrail_v1_LS_f4563.png,TON__NatureTrail_v1_LS,TON,7,4563,g1/lost
TON__NatureTrail_v1_LS_f4572.png,TON__NatureTrail_v1_LS,TON,7,4572,g1/lost
TON__NatureTrail_v1_LS_f5286.png,TON__NatureTrail_v1_LS,TON,8,5286,22.4
TON__NatureTrail_v1_LS_f5598.png,TON__NatureTrail_v1_LS,TON,9,5598,27.5
TON__NatureTrail_v1_LS_f5712.png,TON__NatureTrail_v1_LS,TON,10,5712,25.0
TON__NatureTrail_v1_LS_f5970.png,TON__NatureTrail_v1_LS,TON,11,5970,21.4
TON__NatureTrail_v1_LS_f6042.png,TON__NatureTrail_v1_LS,TON,12,6042,21.0
TON__NatureTrail_v1_LS_f630.png,TON__NatureTrail_v1_LS,TON,1,630,21.9
TON__NatureTrail_v1_LS_f7530.png,TON__NatureTrail_v1_LS,TON,13,7530,32.1
TON__NatureTrail_v1_LS_f7752.png,TON__NatureTrail_v1_LS,TON,14,7752,22.6
TON__NatureTrail_v1_LS_f990.png,TON__NatureTrail_v1_LS,TON,2,990,24.1
TON__OikosRd_v1_LS_f1362.png,TON__OikosRd_v1_LS,TON,0,1362,53.2
TON__OikosRd_v1_LS_f15186.png,TON__OikosRd_v1_LS,TON,15,15186,50.0
TON__OikosRd_v1_LS_f1908.png,TON__OikosRd_v1_LS,TON,1,1908,20.6
TON__OikosRd_v1_LS_f2412.png,TON__OikosRd_v1_LS,TON,2,2412,32.0
TON__OikosRd_v1_LS_f3072.png,TON__OikosRd_v1_LS,TON,3,3072,NEW
TON__OikosRd_v1_LS_f3150.png,TON__OikosRd_v1_LS,TON,4,3150,30.1
TON__OikosRd_v1_LS_f4236.png,TON__OikosRd_v1_LS,TON,5,4236,59.1
TON__OikosRd_v1_LS_f4560.png,TON__OikosRd_v1_LS,TON,6,4560,22.8
TON__OikosRd_v1_LS_f4716.png,TON__OikosRd_v1_LS,TON,7,4716,20.6
TON__OikosRd_v1_LS_f4890.png,TON__OikosRd_v1_LS,TON,8,4890,g2/lost
TON__OikosRd_v1_LS_f4899.png,TON__OikosRd_v1_LS,TON,8,4899,g2/propagated
TON__OikosRd_v1_LS_f4908.png,TON__OikosRd_v1_LS,TON,8,4908,g2/verified
TON__OikosRd_v1_LS_f4917.png,TON__OikosRd_v1_LS,TON,8,4917,g2/propagated
TON__OikosRd_v1_LS_f4926.png,TON__OikosRd_v1_LS,TON,8,4926,g2/propagated
TON__OikosRd_v1_LS_f4935.png,TON__OikosRd_v1_LS,TON,8,4935,g2/propagated
TON__OikosRd_v1_LS_f4944.png,TON__OikosRd_v1_LS,TON,8,4944,g2/lost
TON__OikosRd_v1_LS_f4953.png,TON__OikosRd_v1_LS,TON,8,4953,g2/lost
TON__OikosRd_v1_LS_f4962.png,TON__OikosRd_v1_LS,TON,8,4962,g2/lost
TON__OikosRd_v1_LS_f4971.png,TON__OikosRd_v1_LS,TON,8,4971,g2/lost
TON__OikosRd_v1_LS_f4980.png,TON__OikosRd_v1_LS,TON,8,4980,g2/lost
TON__OikosRd_v1_LS_f6084.png,TON__OikosRd_v1_LS,TON,9,6084,31.3
TON__OikosRd_v1_LS_f6744.png,TON__OikosRd_v1_LS,TON,10,6744,24.8
TON__OikosRd_v1_LS_f7236.png,TON__OikosRd_v1_LS,TON,11,7236,20.6
TON__OikosRd_v1_LS_f7332.png,TON__OikosRd_v1_LS,TON,12,7332,30.4
TON__OikosRd_v1_LS_f7824.png,TON__OikosRd_v1_LS,TON,13,7824,36.7
TON__OikosRd_v1_LS_f8898.png,TON__OikosRd_v1_LS,TON,14,8898,33.3
TON__TouchofNatureRd_v1_LS_f6420.png,TON__TouchofNatureRd_v1_LS,TON,0,6420,g1/lost
TON__TouchofNatureRd_v1_LS_f6429.png,TON__TouchofNatureRd_v1_LS,TON,0,6429,g1/lost
TON__TouchofNatureRd_v1_LS_f6438.png,TON__TouchofNatureRd_v1_LS,TON,0,6438,g1/lost
TON__TouchofNatureRd_v1_LS_f6447.png,TON__TouchofNatureRd_v1_LS,TON,0,6447,g1/lost
TON__TouchofNatureRd_v1_LS_f6456.png,TON__TouchofNatureRd_v1_LS,TON,0,6456,g1/lost
TON__TouchofNatureRd_v1_LS_f6465.png,TON__TouchofNatureRd_v1_LS,TON,0,6465,g1/lost
TON__TouchofNatureRd_v1_LS_f6474.png,TON__TouchofNatureRd_v1_LS,TON,0,6474,g1/propagated
TON__TouchofNatureRd_v1_LS_f6483.png,TON__TouchofNatureRd_v1_LS,TON,0,6483,g1/propagated
TON__TouchofNatureRd_v1_LS_f6492.png,TON__TouchofNatureRd_v1_LS,TON,0,6492,g1/propagated
TON__TouchofNatureRd_v1_LS_f6501.png,TON__TouchofNatureRd_v1_LS,TON,0,6501,g1/propagated
TON__TouchofNatureRd_v1_LS_f6510.png,TON__TouchofNatureRd_v1_LS,TON,0,6510,g1/verified
TON__TouchofNatureRd_v1_LS_f6519.png,TON__TouchofNatureRd_v1_LS,TON,0,6519,g1/propagated
TON__TouchofNatureRd_v1_LS_f6528.png,TON__TouchofNatureRd_v1_LS,TON,0,6528,g1/propagated
TON__TouchofNatureRd_v1_LS_f6537.png,TON__TouchofNatureRd_v1_LS,TON,0,6537,g1/propagated
TON__TouchofNatureRd_v1_LS_f6546.png,TON__TouchofNatureRd_v1_LS,TON,0,6546,g1/lost
TON__TouchofNatureRd_v1_LS_f6555.png,TON__TouchofNatureRd_v1_LS,TON,0,6555,g1/lost
TON__TouchofNatureRd_v1_LS_f6564.png,TON__TouchofNatureRd_v1_LS,TON,0,6564,g1/lost
TON__TouchofNatureRd_v1_LS_f6573.png,TON__TouchofNatureRd_v1_LS,TON,0,6573,g1/lost
TON__TouchofNatureRd_v1_LS_f6582.png,TON__TouchofNatureRd_v1_LS,TON,0,6582,g1/lost
TON__TouchofNatureRd_v1_LS_f6591.png,TON__TouchofNatureRd_v1_LS,TON,0,6591,g1/lost
TON__TouchofNatureRd_v1_LS_f6600.png,TON__TouchofNatureRd_v1_LS,TON,0,6600,g1/lost
TON__Upper40_v1_LS_f12.png,TON__Upper40_v1_LS,TON,0,12,30.8
TON__Upper40_v1_LS_f1830.png,TON__Upper40_v1_LS,TON,1,1830,32.7
TON__Upper40_v1_LS_f1986.png,TON__Upper40_v1_LS,TON,2,1986,20.4
TON__Upper40_v1_LS_f2082.png,TON__Upper40_v1_LS,TON,3,2082,20.7
TON__Upper40_v1_LS_f2442.png,TON__Upper40_v1_LS,TON,4,2442,34.8
TON__Upper40_v1_LS_f2526.png,TON__Upper40_v1_LS,TON,5,2526,23.0
TON__Upper40_v1_LS_f2664.png,TON__Upper40_v1_LS,TON,6,2664,24.1
TON__Upper40_v1_LS_f2760.png,TON__Upper40_v1_LS,TON,7,2760,31.7
TON__Upper40_v1_LS_f3042.png,TON__Upper40_v1_LS,TON,8,3042,36.9
TON__Upper40_v1_LS_f3378.png,TON__Upper40_v1_LS,TON,9,3378,23.8
TON__Upper40_v1_LS_f3642.png,TON__Upper40_v1_LS,TON,10,3642,23.2
TON__Upper40_v1_LS_f4074.png,TON__Upper40_v1_LS,TON,11,4074,25.7
TON__Upper40_v1_LS_f4374.png,TON__Upper40_v1_LS,TON,12,4374,21.9
TON__Upper40_v1_LS_f4572.png,TON__Upper40_v1_LS,TON,13,4572,20.1
TON__Upper40_v1_LS_f4734.png,TON__Upper40_v1_LS,TON,14,4734,35.6
TON__Upper40_v1_LS_f5022.png,TON__Upper40_v1_LS,TON,15,5022,21.6
TON__Upper40_v1_LS_f5382.png,TON__Upper40_v1_LS,TON,16,5382,23.1
TON__Upper40_v1_LS_f5658.png,TON__Upper40_v1_LS,TON,17,5658,27.8
TON__Upper40_v1_LS_f5940.png,TON__Upper40_v1_LS,TON,18,5940,25.7
TON__Upper40_v1_LS_f6576.png,TON__Upper40_v1_LS,TON,19,6576,g1/propagated
TON__Upper40_v1_LS_f6585.png,TON__Upper40_v1_LS,TON,19,6585,g1/propagated
TON__Upper40_v1_LS_f6594.png,TON__Upper40_v1_LS,TON,19,6594,g1/propagated
TON__Upper40_v1_LS_f6603.png,TON__Upper40_v1_LS,TON,19,6603,g1/propagated
TON__Upper40_v1_LS_f6612.png,TON__Upper40_v1_LS,TON,19,6612,g1/propagated
TON__Upper40_v1_LS_f6621.png,TON__Upper40_v1_LS,TON,19,6621,g1/propagated
TON__Upper40_v1_LS_f6630.png,TON__Upper40_v1_LS,TON,19,6630,g1/propagated
TON__Upper40_v1_LS_f6639.png,TON__Upper40_v1_LS,TON,19,6639,g1/propagated
TON__Upper40_v1_LS_f6648.png,TON__Upper40_v1_LS,TON,19,6648,g1/propagated
TON__Upper40_v1_LS_f6657.png,TON__Upper40_v1_LS,TON,19,6657,g1/propagated
TON__Upper40_v1_LS_f6666.png,TON__Upper40_v1_LS,TON,19,6666,g1/verified
TON__Upper40_v1_LS_f6675.png,TON__Upper40_v1_LS,TON,19,6675,g1/lost
TON__Upper40_v1_LS_f6684.png,TON__Upper40_v1_LS,TON,19,6684,g1/lost
TON__Upper40_v1_LS_f6693.png,TON__Upper40_v1_LS,TON,19,6693,g1/lost
TON__Upper40_v1_LS_f6702.png,TON__Upper40_v1_LS,TON,19,6702,g1/lost
TON__Upper40_v1_LS_f6711.png,TON__Upper40_v1_LS,TON,19,6711,g1/lost
TON__Upper40_v1_LS_f6720.png,TON__Upper40_v1_LS,TON,19,6720,g1/lost
TON__Upper40_v1_LS_f6729.png,TON__Upper40_v1_LS,TON,19,6729,g1/lost
TON__Upper40_v1_LS_f6738.png,TON__Upper40_v1_LS,TON,19,6738,g1/lost
TON__Upper40_v1_LS_f6747.png,TON__Upper40_v1_LS,TON,19,6747,g1/lost
TON__Upper40_v1_LS_f6756.png,TON__Upper40_v1_LS,TON,19,6756,g1/lost
