video,site,track_id,frame,t_s,xc,yc,w,h,conf,confirmed
EMarseilles_MAS_12.22.25_LS_V1,MAS,8,1715,28.59,539.6,11.4,35.4,22.8,0.5426,0
EMarseilles_MAS_12.22.25_LS_V1,MAS,8,1716,28.61,530.2,13.2,42.9,25.8,0.3288,0
EMarseilles_MAS_12.22.25_LS_V1,MAS,8,1722,28.71,485.0,8.6,36.8,17.1,0.5603,0
EMarseilles_MAS_12.22.25_LS_V1,MAS,8,1723,28.72,476.5,7.6,40.7,15.1,0.1665,0
EMarseilles_MAS_12.22.25_LS_V1,MAS,84,17459,291.06,609.7,187.2,52.3,68.7,0.6634,1
EMarseilles_MAS_12.22.25_LS_V1,MAS,84,17460,291.08,597.4,188.7,66.6,72.3,0.6623,1
EMarseilles_MAS_12.22.25_LS_V1,MAS,84,17461,291.09,589.9,194.2,76.5,81.0,0.7781,1
EMarseilles_MAS_12.22.25_LS_V1,MAS,84,17462,291.11,583.1,196.0,85.7,87.8,0.7734,1
EMarseilles_MAS_12.22.25_LS_V1,MAS,84,17463,291.13,570.8,193.7,88.7,87.7,0.7905,1
EMarseilles_MAS_12.22.25_LS_V1,MAS,84,17464,291.14,561.3,194.0,91.2,89.1,0.7535,1
EMarseilles_MAS_12.22.25_LS_V1,MAS,84,17465,291.16,553.6,194.0,92.2,92.8,0.7549,1
EMarseilles_MAS_12.22.25_LS_V1,MAS,84,17466,291.18,537.9,194.5,92.0,96.0,0.7173,1
EMarseilles_MAS_12.22.25_LS_V1,MAS,84,17467,291.19,528.4,193.6,91.8,97.3,0.7719,1
EMarseilles_MAS_12.22.25_LS_V1,MAS,84,17468,291.21,517.5,194.5,90.8,95.3,0.7764,1
EMarseilles_MAS_12.22.25_LS_V1,MAS,84,17469,291.23,506.6,194.3,90.0,98.0,0.7659,1
EMarseilles_MAS_12.22.25_LS_V1,MAS,84,17470,291.24,495.6,194.0,88.5,96.1,0.787,1
EMarseilles_MAS_12.22.25_LS_V1,MAS,84,17471,291.26,483.5,194.3,92.6,101.6,0.7568,1
EMarseilles_MAS_12.22.25_LS_V1,MAS,84,17472,291.28,476.6,195.7,94.1,107.7,0.7609,1
EMarseilles_MAS_12.22.25_LS_V1,MAS,84,17473,291.29,460.6,200.2,94.4,106.9,0.7704,1
EMarseilles_MAS_12.22.25_LS_V1,MAS,84,17474,291.31,447.5,197.7,92.9,107.5,0.7738,1
EMarseilles_MAS_12.22.25_LS_V1,MAS,84,17475,291.33,434.7,198.3,92.3,106.2,0.7748,1
EMarseilles_MAS_12.22.25_LS_V1,MAS,84,17476,291.34,424.7,198.2,92.8,105.7,0.7633,1
EMarseilles_MAS_12.22.25_LS_V1,MAS,84,17477,291.36,411.8,198.8,96.1,106.1,0.7603,1
EMarseilles_MAS_12.22.25_LS_V1,MAS,84,17478,291.38,399.7,199.1,94.8,104.5,0.769,1
EMarseilles_MAS_12.22.25_LS_V1,MAS,84,17479,291.39,387.5,198.3,93.0,102.5,0.7693,1
EMarseilles_MAS_12.22.25_LS_V1,MAS,84,17480,291.41,375.8,197.4,89.9,99.0,0.7909,1
EMarseilles_MAS_12.22.25_LS_V1,MAS,84,17481,291.43,364.2,197.5,89.5,97.4,0.7716,1
EMarseilles_MAS_12.22.25_LS_V1,MAS,84,17482,291.44,352.3,201.7,87.1,97.1,0.7779,1
EMarseilles_MAS_12.22.25_LS_V1,MAS,84,17483,291.46,338.9,202.6,88.8,97.2,0.7615,1
EMarseilles_MAS_12.22.25_LS_V1,MAS,84,17484,291.48,328.8,202.2,90.0,99.9,0.7589,1
EMarseilles_MAS_12.22.25_LS_V1,MAS,84,17485,291.49,315.8,203.4,89.5,102.1,0.7802,1
EMarseilles_MAS_12.22.25_LS_V1,MAS,84,17486,291.51,303.1,205.9,90.4,101.9,0.78,1
EMarseilles_MAS_12.22.25_LS_V1,MAS,84,17487,291.53,296.3,208.3,79.1,99.0,0.7508,1
EMarseilles_MAS_12.22.25_LS_V1,MAS,84,17488,291.54,281.1,208.7,83.1,95.8,0.7805,1
EMarseilles_MAS_12.22.25_LS_V1,MAS,84,17489,291.56,268.0,209.8,83.7,97.6,0.7818,1
EMarseilles_MAS_12.22.25_LS_V1,MAS,84,17490,291.58,251.9,211.9,85.8,97.3,0.7673,1
EMarseilles_MAS_12.22.25_LS_V1,MAS,84,17491,291.59,242.2,213.8,88.6,101.9,0.7413,1
EMarseilles_MAS_12.22.25_LS_V1,MAS,84,17492,291.61,229.7,214.1,87.6,102.5,0.7586,1
EMarseilles_MAS_12.22.25_LS_V1,MAS,84,17493,291.63,214.4,214.6,90.1,101.6,0.7488,1
EMarseilles_MAS_12.22.25_LS_V1,MAS,84,17494,291.64,202.2,216.3,90.0,101.8,0.7636,1
EMarseilles_MAS_12.22.25_LS_V1,MAS,84,17495,291.66,184.7,216.5,91.2,102.3,0.7754,1
EMarseilles_MAS_12.22.25_LS_V1,MAS,84,17496,291.68,170.2,217.7,93.9,102.9,0.773,1
EMarseilles_MAS_12.22.25_LS_V1,MAS,84,17497,291.69,157.5,217.3,93.4,102.9,0.776,1
EMarseilles_MAS_12.22.25_LS_V1,MAS,84,17498,291.71,143.0,218.7,93.1,101.5,0.7594,1
EMarseilles_MAS_12.22.25_LS_V1,MAS,84,17499,291.73,130.5,219.5,94.2,104.2,0.7379,1
EMarseilles_MAS_12.22.25_LS_V1,MAS,84,17500,291.74,115.0,221.4,90.4,103.4,0.7392,1
EMarseilles_MAS_12.22.25_LS_V1,MAS,84,17501,291.76,103.4,221.7,90.4,103.6,0.7331,1
EMarseilles_MAS_12.22.25_LS_V1,MAS,84,17502,291.78,90.7,222.5,92.2,107.4,0.7531,1
EMarseilles_MAS_12.22.25_LS_V1,MAS,84,17503,291.79,79.5,224.6,90.1,106.6,0.7804,1
EMarseilles_MAS_12.22.25_LS_V1,MAS,84,17504,291.81,65.5,226.6,88.4,106.1,0.7665,1
EMarseilles_MAS_12.22.25_LS_V1,MAS,84,17505,291.83,57.2,227.4,87.0,105.0,0.757,1
EMarseilles_MAS_12.22.25_LS_V1,MAS,84,17506,291.84,43.3,227.6,86.3,106.8,0.7442,1
EMarseilles_MAS_12.22.25_LS_V1,MAS,84,17507,291.86,38.2,228.7,76.3,102.1,0.7434,1
EMarseilles_MAS_12.22.25_LS_V1,MAS,84,17508,291.88,27.1,228.0,54.2,98.6,0.7255,1
EMarseilles_MAS_12.22.25_LS_V1,MAS,84,17509,291.89,21.6,231.0,43.3,99.2,0.7316,1
GiantCityRd_TON_12.03.25_LS,TON,109,433,7.23,627.7,179.4,21.4,16.2,0.4003,1
GiantCityRd_TON_12.03.25_LS,TON,109,434,7.25,623.5,178.6,20.0,15.3,0.4855,1
GiantCityRd_TON_12.03.25_LS,TON,109,435,7.26,619.4,178.5,19.6,14.6,0.2861,1
GiantCityRd_TON_12.03.25_LS,TON,109,436,7.28,615.9,178.6,20.2,15.2,0.4829,1
GiantCityRd_TON_12.03.25_LS,TON,109,437,7.3,613.2,178.6,21.2,15.8,0.2903,1
GiantCityRd_TON_12.03.25_LS,TON,109,438,7.31,609.6,178.0,21.0,15.5,0.4775,1
GiantCityRd_TON_12.03.25_LS,TON,109,439,7.33,606.2,177.9,21.1,15.5,0.3723,1
GiantCityRd_TON_12.03.25_LS,TON,109,440,7.35,601.9,177.6,20.4,14.9,0.2847,1
GiantCityRd_TON_12.03.25_LS,TON,109,441,7.36,598.5,177.6,21.3,14.9,0.3277,1
GiantCityRd_TON_12.03.25_LS,TON,109,442,7.38,595.8,177.6,23.1,15.8,0.4656,1
GiantCityRd_TON_12.03.25_LS,TON,109,443,7.4,592.1,176.4,22.2,15.2,0.4923,1
GiantCityRd_TON_12.03.25_LS,TON,109,444,7.41,588.4,176.9,20.5,14.6,0.4078,1
GiantCityRd_TON_12.03.25_LS,TON,109,445,7.43,585.0,177.5,20.8,15.1,0.5736,1
GiantCityRd_TON_12.03.25_LS,TON,109,446,7.45,581.9,177.6,20.4,14.6,0.2866,1
GiantCityRd_TON_12.03.25_LS,TON,109,447,7.46,577.1,178.4,19.3,14.5,0.4561,1
GiantCityRd_TON_12.03.25_LS,TON,109,448,7.48,573.1,178.2,18.3,14.1,0.6203,1
GiantCityRd_TON_12.03.25_LS,TON,109,449,7.5,569.1,177.4,17.8,13.5,0.4367,1
GiantCityRd_TON_12.03.25_LS,TON,109,450,7.51,565.7,178.0,19.2,14.3,0.6065,1
GiantCityRd_TON_12.03.25_LS,TON,109,451,7.53,561.6,178.0,18.5,14.2,0.6497,1
GiantCityRd_TON_12.03.25_LS,TON,109,452,7.55,557.7,178.1,17.6,14.1,0.5944,1
GiantCityRd_TON_12.03.25_LS,TON,109,453,7.56,553.6,178.7,18.8,14.9,0.5391,1
GiantCityRd_TON_12.03.25_LS,TON,109,454,7.58,550.4,178.7,17.2,13.3,0.5588,1
GiantCityRd_TON_12.03.25_LS,TON,109,455,7.6,546.0,178.5,17.0,13.6,0.5184,1
GiantCityRd_TON_12.03.25_LS,TON,109,456,7.61,542.1,179.0,17.3,13.4,0.2729,1
GiantCityRd_TON_12.03.25_LS,TON,109,457,7.63,538.9,178.6,18.4,14.5,0.2062,1
GiantCityRd_TON_12.03.25_LS,TON,109,458,7.65,535.2,178.8,17.7,13.9,0.2601,1
GiantCityRd_TON_12.03.25_LS,TON,109,459,7.66,531.5,179.6,16.9,13.4,0.4515,1
GiantCityRd_TON_12.03.25_LS,TON,109,460,7.68,527.3,178.4,18.1,14.0,0.3089,1
GiantCityRd_TON_12.03.25_LS,TON,109,461,7.7,523.8,178.2,18.1,14.3,0.6238,1
GiantCityRd_TON_12.03.25_LS,TON,109,462,7.71,519.9,178.7,18.0,13.9,0.6881,1
GiantCityRd_TON_12.03.25_LS,TON,109,463,7.73,516.0,178.2,17.6,13.5,0.5551,1
GiantCityRd_TON_12.03.25_LS,TON,109,464,7.75,511.9,178.0,18.0,14.2,0.6127,1
GiantCityRd_TON_12.03.25_LS,TON,109,465,7.76,508.5,178.2,18.5,14.4,0.5224,1
GiantCityRd_TON_12.03.25_LS,TON,109,466,7.78,504.8,177.3,17.1,13.5,0.6481,1
GiantCityRd_TON_12.03.25_LS,TON,109,467,7.8,500.5,177.5,18.4,14.7,0.3751,1
GiantCityRd_TON_12.03.25_LS,TON,109,468,7.81,496.8,179.0,19.8,15.5,0.3237,1
GiantCityRd_TON_12.03.25_LS,TON,109,469,7.83,493.6,179.2,21.2,15.9,0.4184,1
GiantCityRd_TON_12.03.25_LS,TON,109,470,7.85,489.4,179.7,21.5,16.6,0.3659,1
GiantCityRd_TON_12.03.25_LS,TON,109,471,7.86,485.3,180.1,20.5,16.1,0.4314,1
GiantCityRd_TON_12.03.25_LS,TON,109,472,7.88,481.4,179.5,21.1,16.9,0.3971,1
GiantCityRd_TON_12.03.25_LS,TON,109,474,7.91,472.9,179.4,20.5,16.4,0.3535,1
GiantCityRd_TON_12.03.25_LS,TON,109,475,7.93,469.3,178.4,20.9,16.8,0.2345,1
GiantCityRd_TON_12.03.25_LS,TON,109,476,7.95,464.9,178.5,19.7,16.0,0.4733,1
GiantCityRd_TON_12.03.25_LS,TON,111,444,7.41,516.6,248.5,84.3,64.7,0.3748,0
GiantCityRd_TON_12.03.25_LS,TON,111,445,7.43,512.0,248.3,86.0,66.0,0.2464,0
GiantCityRd_TON_12.03.25_LS,TON,111,446,7.45,507.6,248.3,86.3,65.6,0.4087,0
GiantCityRd_TON_12.03.25_LS,TON,111,447,7.46,504.1,249.2,87.2,64.9,0.4289,0
GiantCityRd_TON_12.03.25_LS,TON,111,448,7.48,499.2,249.9,87.3,64.6,0.5457,0
GiantCityRd_TON_12.03.25_LS,TON,111,449,7.5,494.9,250.1,88.1,64.4,0.2859,0
GiantCityRd_TON_12.03.25_LS,TON,111,450,7.51,491.7,250.7,85.0,63.8,0.3912,0
GiantCityRd_TON_12.03.25_LS,TON,111,451,7.53,487.9,251.2,87.0,64.4,0.1343,0
GiantCityRd_TON_12.03.25_LS,TON,111,452,7.55,483.7,251.4,86.5,64.1,0.1329,0
GiantCityRd_TON_12.03.25_LS,TON,168,2001,33.41,159.5,290.3,39.1,26.8,0.6889,0
GiantCityRd_TON_12.03.25_LS,TON,168,2002,33.42,150.5,290.1,37.1,26.5,0.6876,0
GiantCityRd_TON_12.03.25_LS,TON,168,2003,33.44,134.7,289.2,45.1,30.5,0.213,0
GiantCityRd_TON_12.03.25_LS,TON,178,3672,61.31,601.1,315.4,25.5,19.9,0.4453,1
GiantCityRd_TON_12.03.25_LS,TON,178,3673,61.32,596.7,315.1,26.0,20.9,0.6405,1
GiantCityRd_TON_12.03.25_LS,TON,178,3674,61.34,592.0,315.7,25.7,20.4,0.5456,1
GiantCityRd_TON_12.03.25_LS,TON,178,3675,61.36,586.7,317.0,25.4,21.6,0.349,1
GiantCityRd_TON_12.03.25_LS,TON,178,3676,61.37,582.5,316.4,25.5,21.0,0.6129,1
GiantCityRd_TON_12.03.25_LS,TON,178,3677,61.39,578.7,316.7,23.7,21.7,0.5509,1
GiantCityRd_TON_12.03.25_LS,TON,178,3678,61.41,575.8,318.3,26.3,24.2,0.428,1
GiantCityRd_TON_12.03.25_LS,TON,178,3679,61.42,571.3,319.3,27.0,24.3,0.4422,1
GiantCityRd_TON_12.03.25_LS,TON,178,3680,61.44,566.8,318.8,25.6,23.5,0.5381,1
GiantCityRd_TON_12.03.25_LS,TON,178,3681,61.46,562.6,318.9,26.1,23.8,0.5805,1
GiantCityRd_TON_12.03.25_LS,TON,178,3682,61.47,558.3,319.2,26.0,22.8,0.6297,1
GiantCityRd_TON_12.03.25_LS,TON,178,3683,61.49,554.8,318.8,24.8,22.9,0.6427,1
GiantCityRd_TON_12.03.25_LS,TON,178,3684,61.51,550.9,319.5,25.0,22.4,0.6142,1
GiantCityRd_TON_12.03.25_LS,TON,178,3685,61.52,546.8,319.8,25.8,23.8,0.5944,1
GiantCityRd_TON_12.03.25_LS,TON,178,3686,61.54,542.8,320.0,25.4,21.7,0.5125,1
GiantCityRd_TON_12.03.25_LS,TON,178,3687,61.56,538.9,319.6,27.6,24.9,0.3837,1
GiantCityRd_TON_12.03.25_LS,TON,178,3694,61.67,508.9,320.5,28.2,19.7,0.504,1
GiantCityRd_TON_12.03.25_LS,TON,178,3712,61.97,435.3,324.9,27.0,20.4,0.6852,1
GiantCityRd_TON_12.03.25_LS,TON,178,3713,61.99,431.8,324.7,27.3,21.2,0.7001,1
GiantCityRd_TON_12.03.25_LS,TON,178,3714,62.01,427.4,325.0,26.5,21.7,0.703,1
GiantCityRd_TON_12.03.25_LS,TON,178,3715,62.02,422.5,325.0,26.6,22.3,0.6778,1
GiantCityRd_TON_12.03.25_LS,TON,178,3716,62.04,417.9,324.5,28.8,23.7,0.6712,1
GiantCityRd_TON_12.03.25_LS,TON,178,3717,62.06,413.6,325.2,29.3,24.3,0.6355,1
GiantCityRd_TON_12.03.25_LS,TON,178,3718,62.07,408.8,327.0,29.6,24.7,0.4728,1
GiantCityRd_TON_12.03.25_LS,TON,178,3719,62.09,404.6,325.9,31.6,23.0,0.4782,1
GiantCityRd_TON_12.03.25_LS,TON,178,3720,62.11,400.0,326.9,28.8,20.6,0.5777,1
GiantCityRd_TON_12.03.25_LS,TON,178,3721,62.12,396.2,327.2,27.8,19.2,0.5622,1
GiantCityRd_TON_12.03.25_LS,TON,178,3722,62.14,391.7,327.6,28.5,18.9,0.5881,1
GiantCityRd_TON_12.03.25_LS,TON,178,3723,62.16,387.3,330.0,29.4,19.7,0.5856,1
GiantCityRd_TON_12.03.25_LS,TON,178,3724,62.17,383.6,328.9,30.0,19.1,0.5516,1
GiantCityRd_TON_12.03.25_LS,TON,178,3725,62.19,379.2,329.1,31.1,19.3,0.5272,1
GiantCityRd_TON_12.03.25_LS,TON,178,3726,62.21,374.4,328.2,31.9,19.5,0.5202,1
GiantCityRd_TON_12.03.25_LS,TON,178,3727,62.22,371.2,329.2,33.2,20.3,0.604,1
GiantCityRd_TON_12.03.25_LS,TON,178,3728,62.24,367.4,330.1,34.8,20.3,0.6189,1
GiantCityRd_TON_12.03.25_LS,TON,178,3729,62.26,363.3,329.5,35.7,21.5,0.6069,1
GiantCityRd_TON_12.03.25_LS,TON,178,3730,62.28,358.4,329.0,34.7,22.5,0.475,1
GiantCityRd_TON_12.03.25_LS,TON,178,3731,62.29,352.7,330.1,34.5,20.8,0.3494,1
GiantCityRd_TON_12.03.25_LS,TON,179,3683,61.49,622.8,314.0,22.6,18.8,0.4786,1
GiantCityRd_TON_12.03.25_LS,TON,179,3684,61.51,620.5,316.0,22.8,20.5,0.395,1
GiantCityRd_TON_12.03.25_LS,TON,179,3685,61.52,617.9,316.7,22.8,21.1,0.4939,1
GiantCityRd_TON_12.03.25_LS,TON,179,3686,61.54,614.5,317.6,24.6,22.6,0.4155,1
GiantCityRd_TON_12.03.25_LS,TON,179,3687,61.56,610.8,318.7,24.6,22.9,0.518,1
GiantCityRd_TON_12.03.25_LS,TON,179,3688,61.57,607.5,318.6,24.9,20.2,0.4674,1
GiantCityRd_TON_12.03.25_LS,TON,179,3695,61.69,587.1,321.6,23.0,22.4,0.4153,1
GiantCityRd_TON_12.03.25_LS,TON,179,3696,61.71,585.1,321.3,24.3,21.8,0.4853,1
GiantCityRd_TON_12.03.25_LS,TON,179,3697,61.72,582.2,320.7,24.6,19.9,0.4051,1
GiantCityRd_TON_12.03.25_LS,TON,179,3698,61.74,578.8,321.0,23.9,18.8,0.2003,1
GiantCityRd_TON_12.03.25_LS,TON,179,3699,61.76,576.4,319.3,23.9,16.5,0.3055,1
GiantCityRd_TON_12.03.25_LS,TON,179,3700,61.77,573.5,319.3,23.7,15.3,0.3691,1
GiantCityRd_TON_12.03.25_LS,TON,179,3701,61.79,569.8,319.9,22.9,16.8,0.4913,1
GiantCityRd_TON_12.03.25_LS,TON,179,3702,61.81,566.8,319.2,22.4,15.7,0.5159,1
GiantCityRd_TON_12.03.25_LS,TON,179,3703,61.82,564.3,319.0,22.8,17.4,0.3581,1
GiantCityRd_TON_12.03.25_LS,TON,179,3704,61.84,561.0,319.7,23.0,17.5,0.2351,1
GiantCityRd_TON_12.03.25_LS,TON,179,3707,61.89,551.4,319.3,23.6,17.2,0.3827,1
GiantCityRd_TON_12.03.25_LS,TON,179,3708,61.91,548.4,319.1,23.8,17.0,0.3314,1
GiantCityRd_TON_12.03.25_LS,TON,179,3709,61.92,545.5,318.8,24.7,15.6,0.3249,1
GiantCityRd_TON_12.03.25_LS,TON,179,3710,61.94,542.8,319.2,23.9,15.7,0.2387,1
GiantCityRd_TON_12.03.25_LS,TON,179,3711,61.96,540.2,320.3,24.3,17.3,0.3879,1
GiantCityRd_TON_12.03.25_LS,TON,179,3712,61.97,538.2,320.6,25.3,18.4,0.477,1
GiantCityRd_TON_12.03.25_LS,TON,179,3713,61.99,535.1,320.8,25.2,18.0,0.2362,1
GiantCityRd_TON_12.03.25_LS,TON,179,3714,62.01,532.0,320.5,25.4,17.5,0.2398,1
GiantCityRd_TON_12.03.25_LS,TON,185,3754,62.68,256.8,324.5,34.9,21.6,0.5676,1
GiantCityRd_TON_12.03.25_LS,TON,185,3755,62.69,253.6,323.2,33.6,21.5,0.4784,1
GiantCityRd_TON_12.03.25_LS,TON,185,3756,62.71,250.1,323.3,31.6,20.8,0.4134,1
GiantCityRd_TON_12.03.25_LS,TON,185,3757,62.73,245.6,323.9,29.6,19.1,0.4233,1
GiantCityRd_TON_12.03.25_LS,TON,185,3758,62.74,240.8,321.5,33.4,19.3,0.4335,1
GiantCityRd_TON_12.03.25_LS,TON,185,3759,62.76,236.4,322.5,33.6,20.1,0.5442,1
GiantCityRd_TON_12.03.25_LS,TON,185,3760,62.78,231.8,322.9,35.0,19.4,0.4799,1
GiantCityRd_TON_12.03.25_LS,TON,185,3761,62.79,228.3,321.4,33.0,18.8,0.4926,1
GiantCityRd_TON_12.03.25_LS,TON,185,3762,62.81,224.0,322.8,31.5,19.7,0.4932,1
GiantCityRd_TON_12.03.25_LS,TON,185,3763,62.83,218.9,323.6,33.2,19.5,0.4701,1
GiantCityRd_TON_12.03.25_LS,TON,185,3764,62.84,214.4,322.5,30.4,18.4,0.4867,1
GiantCityRd_TON_12.03.25_LS,TON,185,3765,62.86,209.9,324.0,28.7,19.4,0.5357,1
GiantCityRd_TON_12.03.25_LS,TON,185,3766,62.88,206.2,323.8,28.8,18.9,0.5916,1
GiantCityRd_TON_12.03.25_LS,TON,185,3767,62.89,201.6,323.1,27.8,18.5,0.6001,1
GiantCityRd_TON_12.03.25_LS,TON,185,3768,62.91,197.1,323.9,29.5,18.2,0.5639,1
GiantCityRd_TON_12.03.25_LS,TON,185,3769,62.93,192.0,324.5,30.4,18.8,0.3126,1
GiantCityRd_TON_12.03.25_LS,TON,185,3770,62.94,188.0,324.3,31.1,18.9,0.319,1
GiantCityRd_TON_12.03.25_LS,TON,185,3771,62.96,183.0,325.3,31.9,18.3,0.5168,1
GiantCityRd_TON_12.03.25_LS,TON,185,3772,62.98,178.9,325.1,32.2,18.1,0.3954,1
GiantCityRd_TON_12.03.25_LS,TON,185,3773,62.99,174.5,325.4,32.4,18.1,0.621,1
GiantCityRd_TON_12.03.25_LS,TON,185,3774,63.01,170.7,326.3,34.0,19.6,0.5124,1
GiantCityRd_TON_12.03.25_LS,TON,185,3775,63.03,166.6,326.1,29.8,18.3,0.6536,1
GiantCityRd_TON_12.03.25_LS,TON,185,3776,63.04,162.9,326.8,27.2,19.1,0.657,1
GiantCityRd_TON_12.03.25_LS,TON,185,3777,63.06,158.7,327.1,28.4,19.8,0.5583,1
GiantCityRd_TON_12.03.25_LS,TON,185,3778,63.08,153.6,327.5,29.6,20.2,0.6175,1
GiantCityRd_TON_12.03.25_LS,TON,185,3779,63.09,149.6,327.5,33.0,22.8,0.6662,1
GiantCityRd_TON_12.03.25_LS,TON,185,3780,63.11,145.7,328.0,27.3,20.1,0.4559,1
GiantCityRd_TON_12.03.25_LS,TON,185,3781,63.13,141.7,329.2,26.1,18.9,0.4097,1
GiantCityRd_TON_12.03.25_LS,TON,185,3782,63.14,136.2,329.7,28.2,20.6,0.4848,1
GiantCityRd_TON_12.03.25_LS,TON,185,3783,63.16,131.8,329.3,28.5,21.2,0.3874,1
GiantCityRd_TON_12.03.25_LS,TON,185,3784,63.18,125.8,329.4,31.4,23.1,0.5457,1
GiantCityRd_TON_12.03.25_LS,TON,185,3785,63.19,121.1,328.9,32.1,24.9,0.5757,1
GiantCityRd_TON_12.03.25_LS,TON,185,3786,63.21,117.0,329.1,31.6,24.6,0.4792,1
GiantCityRd_TON_12.03.25_LS,TON,185,3787,63.23,112.2,330.8,31.3,25.5,0.3282,1
GiantCityRd_TON_12.03.25_LS,TON,185,3788,63.24,108.1,330.2,32.6,25.8,0.6201,1
GiantCityRd_TON_12.03.25_LS,TON,185,3789,63.26,104.2,330.0,31.7,26.0,0.409,1
GiantCityRd_TON_12.03.25_LS,TON,185,3790,63.28,99.1,329.9,35.2,28.4,0.2499,1
GiantCityRd_TON_12.03.25_LS,TON,187,3795,63.36,289.7,327.2,25.6,15.0,0.4537,0
GiantCityRd_TON_12.03.25_LS,TON,187,3796,63.38,286.8,327.6,26.3,14.7,0.2804,0
GiantCityRd_TON_12.03.25_LS,TON,187,3797,63.39,284.2,325.9,27.7,15.1,0.2545,0
GiantCityRd_TON_12.03.25_LS,TON,187,3800,63.44,273.7,322.7,30.5,16.0,0.4572,0
GiantCityRd_TON_12.03.25_LS,TON,187,3801,63.46,270.2,321.5,31.2,16.6,0.1378,0
GiantCityRd_TON_12.03.25_LS,TON,187,3802,63.48,266.1,322.9,29.9,17.8,0.1019,0
GiantCityRd_TON_12.03.25_LS,TON,187,3803,63.49,263.6,321.9,33.7,18.0,0.37,0
GiantCityRd_TON_12.03.25_LS,TON,188,3795,63.36,585.4,328.9,22.1,15.2,0.4555,0
GiantCityRd_TON_12.03.25_LS,TON,188,3796,63.38,581.3,329.1,22.0,14.8,0.3583,0
GiantCityRd_TON_12.03.25_LS,TON,188,3797,63.39,576.8,327.8,25.3,16.9,0.1128,0
GiantCityRd_TON_12.03.25_LS,TON,210,8303,138.62,589.2,369.6,39.0,27.3,0.6201,1
GiantCityRd_TON_12.03.25_LS,TON,210,8304,138.64,581.1,369.5,38.5,27.6,0.6778,1
GiantCityRd_TON_12.03.25_LS,TON,210,8305,138.66,572.6,368.8,36.8,28.4,0.6884,1
GiantCityRd_TON_12.03.25_LS,TON,210,8306,138.67,563.7,368.6,38.9,29.3,0.7222,1
GiantCityRd_TON_12.03.25_LS,TON,210,8307,138.69,554.7,367.9,39.9,29.6,0.6892,1
GiantCityRd_TON_12.03.25_LS,TON,210,8308,138.71,547.2,368.0,35.7,28.2,0.6317,1
GiantCityRd_TON_12.03.25_LS,TON,210,8309,138.72,538.6,369.1,36.7,27.9,0.6979,1
GiantCityRd_TON_12.03.25_LS,TON,210,8310,138.74,530.2,369.4,35.7,28.4,0.7013,1
GiantCityRd_TON_12.03.25_LS,TON,210,8311,138.76,522.4,368.9,34.9,27.5,0.7483,1
GiantCityRd_TON_12.03.25_LS,TON,210,8312,138.77,514.0,368.2,36.0,27.0,0.7135,1
GiantCityRd_TON_12.03.25_LS,TON,210,8313,138.79,505.0,367.0,36.5,25.8,0.6641,1
GiantCityRd_TON_12.03.25_LS,TON,210,8314,138.81,495.7,367.8,34.5,24.1,0.5655,1
GiantCityRd_TON_12.03.25_LS,TON,210,8315,138.83,489.4,368.2,33.5,23.0,0.5884,1
GiantCityRd_TON_12.03.25_LS,TON,210,8316,138.84,481.3,367.8,31.8,22.7,0.1027,1
GiantCityRd_TON_12.03.25_LS,TON,210,8321,138.93,444.0,362.1,36.0,28.4,0.4524,1
GiantCityRd_TON_12.03.25_LS,TON,210,8322,138.94,437.1,362.1,35.9,29.0,0.584,1
GiantCityRd_TON_12.03.25_LS,TON,210,8323,138.96,428.0,362.3,35.9,28.0,0.6769,1
GiantCityRd_TON_12.03.25_LS,TON,210,8324,138.98,420.2,362.3,34.7,27.3,0.5138,1
GiantCityRd_TON_12.03.25_LS,TON,210,8325,138.99,413.3,363.1,33.9,27.9,0.5782,1
GiantCityRd_TON_12.03.25_LS,TON,210,8326,139.01,404.0,363.2,32.9,27.7,0.3632,1
GiantCityRd_TON_12.03.25_LS,TON,210,8327,139.03,393.9,362.4,39.9,32.2,0.5439,1
GiantCityRd_TON_12.03.25_LS,TON,210,8328,139.04,385.4,361.9,42.8,32.6,0.5874,1
GiantCityRd_TON_12.03.25_LS,TON,210,8329,139.06,376.3,361.3,44.2,31.0,0.6277,1
GiantCityRd_TON_12.03.25_LS,TON,210,8330,139.08,367.2,361.1,42.5,30.7,0.6269,1
GiantCityRd_TON_12.03.25_LS,TON,210,8331,139.09,354.8,361.9,37.8,26.7,0.5111,1
GiantCityRd_TON_12.03.25_LS,TON,210,8332,139.11,352.9,359.2,36.8,26.5,0.5452,1
GiantCityRd_TON_12.03.25_LS,TON,210,8333,139.13,345.8,358.6,37.3,26.7,0.3329,1
GiantCityRd_TON_12.03.25_LS,TON,210,8334,139.14,341.6,357.2,37.1,25.9,0.5232,1
GiantCityRd_TON_12.03.25_LS,TON,210,8335,139.16,330.1,356.8,36.1,23.4,0.6551,1
GiantCityRd_TON_12.03.25_LS,TON,210,8336,139.18,320.5,356.6,36.2,22.9,0.6572,1
GiantCityRd_TON_12.03.25_LS,TON,210,8337,139.19,311.4,355.4,36.8,22.8,0.6495,1
GiantCityRd_TON_12.03.25_LS,TON,210,8338,139.21,303.0,355.5,37.3,22.6,0.6102,1
GiantCityRd_TON_12.03.25_LS,TON,210,8339,139.23,293.7,355.6,36.5,23.7,0.6791,1
GiantCityRd_TON_12.03.25_LS,TON,210,8340,139.24,285.3,357.0,32.9,23.3,0.6907,1
GiantCityRd_TON_12.03.25_LS,TON,210,8341,139.26,276.6,356.8,34.2,24.0,0.7341,1
GiantCityRd_TON_12.03.25_LS,TON,210,8342,139.28,270.6,354.6,31.0,24.1,0.6662,1
GiantCityRd_TON_12.03.25_LS,TON,210,8343,139.29,263.6,354.5,29.0,24.0,0.2736,1
GiantCityRd_TON_12.03.25_LS,TON,210,8344,139.31,255.5,353.5,29.3,23.4,0.3637,1
GiantCityRd_TON_12.03.25_LS,TON,210,8345,139.33,246.1,353.5,29.3,23.7,0.6333,1
GiantCityRd_TON_12.03.25_LS,TON,210,8346,139.34,239.3,353.1,29.6,23.0,0.5807,1
GiantCityRd_TON_12.03.25_LS,TON,210,8347,139.36,231.7,353.8,30.2,23.6,0.5563,1
GiantCityRd_TON_12.03.25_LS,TON,210,8348,139.38,222.8,353.2,27.6,21.9,0.4509,1
GiantCityRd_TON_12.03.25_LS,TON,210,8349,139.39,216.1,352.1,27.9,23.2,0.407,1
GiantCityRd_TON_12.03.25_LS,TON,210,8350,139.41,206.8,352.3,29.1,24.1,0.3883,1
GiantCityRd_TON_12.03.25_LS,TON,210,8351,139.43,195.4,353.1,30.8,24.4,0.6042,1
GiantCityRd_TON_12.03.25_LS,TON,210,8352,139.44,184.3,354.2,30.5,24.3,0.5655,1
GiantCityRd_TON_12.03.25_LS,TON,210,8362,139.61,101.1,351.5,28.4,20.5,0.6059,1
GiantCityRd_TON_12.03.25_LS,TON,210,8363,139.63,93.5,350.3,26.4,20.6,0.6451,1
GiantCityRd_TON_12.03.25_LS,TON,210,8365,139.66,79.0,348.6,26.6,20.5,0.5994,1
GiantCityRd_TON_12.03.25_LS,TON,210,8366,139.68,70.9,348.4,26.6,20.2,0.6878,1
GiantCityRd_TON_12.03.25_LS,TON,210,8367,139.69,64.0,347.8,25.3,18.8,0.5462,1
GiantCityRd_TON_12.03.25_LS,TON,210,8368,139.71,54.4,347.9,26.6,18.4,0.637,1
GiantCityRd_TON_12.03.25_LS,TON,210,8369,139.73,46.5,347.0,26.6,19.4,0.4161,1
GiantCityRd_TON_12.03.25_LS,TON,210,8370,139.74,38.6,346.2,27.5,21.4,0.4008,1
GiantCityRd_TON_12.03.25_LS,TON,210,8371,139.76,28.5,346.6,27.2,20.4,0.6603,1
GiantCityRd_TON_12.03.25_LS,TON,210,8372,139.78,19.6,347.3,26.7,18.6,0.6169,1
GiantCityRd_TON_12.03.25_LS,TON,210,8373,139.79,11.9,347.7,23.8,17.8,0.5383,1
GiantCityRd_TON_12.03.25_LS,TON,210,8374,139.81,8.0,347.2,15.9,19.8,0.4111,1
GiantCityRd_TON_12.03.25_LS,TON,256,10210,170.46,546.8,179.5,40.1,31.4,0.705,0
GiantCityRd_TON_12.03.25_LS,TON,256,10211,170.48,509.7,176.7,44.3,33.0,0.6106,0
GiantCityRd_TON_12.03.25_LS,TON,256,10212,170.5,470.6,176.4,46.3,34.8,0.6449,0
GiantCityRd_TON_12.03.25_LS,TON,256,10214,170.53,387.4,174.2,44.3,36.8,0.3544,0
GiantCityRd_TON_12.03.25_LS,TON,256,10215,170.55,346.1,172.0,52.0,38.0,0.5141,0
GiantCityRd_TON_12.03.25_LS,TON,256,10216,170.56,305.9,168.1,51.5,39.4,0.5512,0
GiantCityRd_TON_12.03.25_LS,TON,256,10217,170.58,266.1,165.8,58.4,40.4,0.4935,0
GiantCityRd_TON_12.03.25_LS,TON,256,10219,170.61,182.4,160.4,57.3,39.2,0.3735,0
GiantCityRd_TON_12.03.25_LS,TON,257,10217,170.58,478.1,154.8,45.4,36.5,0.6015,0
GiantCityRd_TON_12.03.25_LS,TON,257,10218,170.6,432.1,155.8,44.2,36.8,0.581,0
GiantCityRd_TON_12.03.25_LS,TON,257,10224,170.7,155.8,153.3,44.6,36.2,0.507,0
GiantCityRd_TON_12.03.25_LS,TON,257,10225,170.71,110.6,147.0,44.0,34.9,0.6367,0
GiantCityRd_TON_12.03.25_LS,TON,257,10226,170.73,61.4,144.6,45.3,35.1,0.1868,0
GiantCityRd_TON_12.03.25_LS,TON,261,11816,197.28,237.3,207.4,42.7,35.5,0.5778,0
GiantCityRd_TON_12.03.25_LS,TON,261,11817,197.29,234.8,206.5,43.6,36.2,0.3401,0
GiantCityRd_TON_12.03.25_LS,TON,261,11828,197.48,224.5,203.3,53.7,54.2,0.4912,0
N25thRdBlue_MAS_12.22.25_LS_V1,MAS,275,4073,67.88,552.6,333.2,32.6,28.8,0.4406,0
N25thRdBlue_MAS_12.22.25_LS_V1,MAS,275,4074,67.9,559.4,334.4,34.3,34.0,0.302,0
N25thRdBlue_MAS_12.22.25_LS_V1,MAS,275,4075,67.92,568.3,335.5,33.6,31.9,0.2318,0
N25thRdBlue_MAS_12.22.25_LS_V1,MAS,275,4076,67.93,575.3,334.2,33.7,31.9,0.4579,0
N25thRdBlue_MAS_12.22.25_LS_V1,MAS,275,4077,67.95,581.7,332.6,35.2,33.0,0.4007,0
N25thRdBlue_MAS_12.22.25_LS_V1,MAS,275,4078,67.97,590.4,331.9,33.9,27.4,0.4255,0
N25thRdBlue_MAS_12.22.25_LS_V1,MAS,275,4079,67.98,598.4,331.3,32.0,24.2,0.4569,0
N25thRdBlue_MAS_12.22.25_LS_V1,MAS,275,4080,68.0,605.0,330.0,30.2,24.1,0.5469,0
N25thRdBlue_MAS_12.22.25_LS_V1,MAS,275,4081,68.02,610.9,328.2,29.6,23.5,0.4884,0
N25thRdBlue_MAS_12.22.25_LS_V1,MAS,275,4082,68.03,619.1,326.8,29.2,23.9,0.2486,0
N25thRdBlue_MAS_12.22.25_LS_V1,MAS,278,6756,112.6,11.2,154.2,21.6,17.4,0.5883,1
N25thRdBlue_MAS_12.22.25_LS_V1,MAS,278,6757,112.62,14.9,153.1,24.6,17.2,0.161,1
N25thRdBlue_MAS_12.22.25_LS_V1,MAS,278,6758,112.63,20.8,152.9,25.9,17.7,0.5535,1
N25thRdBlue_MAS_12.22.25_LS_V1,MAS,278,6759,112.65,25.6,152.9,25.8,17.8,0.4143,1
N25thRdBlue_MAS_12.22.25_LS_V1,MAS,278,6760,112.67,31.1,153.5,27.1,18.0,0.2496,1
N25thRdBlue_MAS_12.22.25_LS_V1,MAS,278,6761,112.68,37.0,153.9,26.1,18.0,0.3859,1
N25thRdBlue_MAS_12.22.25_LS_V1,MAS,278,6762,112.7,42.6,154.0,26.8,17.0,0.4904,1
N25thRdBlue_MAS_12.22.25_LS_V1,MAS,278,6763,112.72,48.5,154.7,27.9,17.6,0.6441,1
N25thRdBlue_MAS_12.22.25_LS_V1,MAS,278,6764,112.73,53.0,154.8,27.3,17.5,0.6286,1
N25thRdBlue_MAS_12.22.25_LS_V1,MAS,278,6765,112.75,58.9,154.8,25.6,16.7,0.5526,1
N25thRdBlue_MAS_12.22.25_LS_V1,MAS,278,6766,112.77,64.7,155.7,28.0,18.7,0.6732,1
N25thRdBlue_MAS_12.22.25_LS_V1,MAS,278,6767,112.78,69.0,156.3,26.7,19.0,0.6675,1
N25thRdBlue_MAS_12.22.25_LS_V1,MAS,278,6768,112.8,72.4,156.2,26.3,19.5,0.5755,1
N25thRdBlue_MAS_12.22.25_LS_V1,MAS,278,6770,112.83,83.5,154.7,27.7,19.1,0.3383,1
N25thRdBlue_MAS_12.22.25_LS_V1,MAS,278,6771,112.85,86.8,154.3,27.3,19.6,0.2936,1
N25thRdBlue_MAS_12.22.25_LS_V1,MAS,278,6772,112.87,89.1,154.9,26.8,20.7,0.4419,1
N25thRdBlue_MAS_12.22.25_LS_V1,MAS,278,6773,112.88,93.3,154.4,27.2,19.3,0.5736,1
N25thRdBlue_MAS_12.22.25_LS_V1,MAS,278,6774,112.9,99.4,159.1,27.4,21.1,0.5817,1
N25thRdBlue_MAS_12.22.25_LS_V1,MAS,278,6775,112.92,102.7,159.3,27.9,21.2,0.5094,1
N25thRdBlue_MAS_12.22.25_LS_V1,MAS,278,6776,112.93,105.8,158.4,27.3,20.5,0.3969,1
N25thRdBlue_MAS_12.22.25_LS_V1,MAS,278,6777,112.95,109.8,158.1,28.2,21.0,0.6282,1
N25thRdBlue_MAS_12.22.25_LS_V1,MAS,278,6778,112.97,113.8,159.6,27.7,20.0,0.2941,1
N25thRdBlue_MAS_12.22.25_LS_V1,MAS,278,6779,112.98,117.7,158.2,27.8,18.3,0.3018,1
N25thRdBlue_MAS_12.22.25_LS_V1,MAS,278,6781,113.02,123.8,161.6,24.0,16.8,0.4666,1
N25thRdBlue_MAS_12.22.25_LS_V1,MAS,278,6782,113.03,124.8,162.7,23.6,16.9,0.332,1
N25thRdBlue_MAS_12.22.25_LS_V1,MAS,278,6783,113.05,129.4,164.2,25.2,16.2,0.392,1
N25thRdBlue_MAS_12.22.25_LS_V1,MAS,278,6784,113.07,134.1,165.5,26.6,17.2,0.2335,1
N25thRdBlue_MAS_12.22.25_LS_V1,MAS,278,6785,113.08,137.3,167.3,26.3,17.5,0.3495,1
N25thRdBlue_MAS_12.22.25_LS_V1,MAS,278,6786,113.1,140.5,167.7,26.3,17.7,0.3137,1
N25thRdBlue_MAS_12.22.25_LS_V1,MAS,278,6787,113.12,146.6,169.2,28.2,18.2,0.4688,1
N25thRdBlue_MAS_12.22.25_LS_V1,MAS,278,6788,113.13,151.4,171.0,26.9,18.4,0.4343,1
N25thRdBlue_MAS_12.22.25_LS_V1,MAS,278,6789,113.15,155.1,171.7,25.7,17.8,0.5235,1
N25thRdBlue_MAS_12.22.25_LS_V1,MAS,278,6790,113.17,159.0,172.0,25.6,17.2,0.6004,1
N25thRdBlue_MAS_12.22.25_LS_V1,MAS,278,6791,113.18,163.1,173.0,26.4,17.0,0.5405,1
N25thRdBlue_MAS_12.22.25_LS_V1,MAS,278,6792,113.2,167.0,174.8,25.4,17.2,0.4394,1
N25thRdBlue_MAS_12.22.25_LS_V1,MAS,278,6793,113.22,169.7,174.8,24.3,16.1,0.315,1
N25thRdBlue_MAS_12.22.25_LS_V1,MAS,278,6794,113.23,173.5,175.7,24.8,16.4,0.3973,1
N25thRdBlue_MAS_12.22.25_LS_V1,MAS,278,6795,113.25,176.3,175.9,24.4,15.5,0.3281,1
N25thRdBlue_MAS_12.22.25_LS_V1,MAS,278,6796,113.27,179.2,177.7,24.9,16.5,0.257,1
N25thRdBlue_MAS_12.22.25_LS_V1,MAS,278,6797,113.28,181.9,178.2,25.7,16.6,0.3825,1
N25thRdBlue_MAS_12.22.25_LS_V1,MAS,278,6798,113.3,185.0,179.8,27.0,17.5,0.4426,1
N25thRdBlue_MAS_12.22.25_LS_V1,MAS,278,6799,113.32,186.9,180.2,26.4,17.5,0.3909,1
N25thRdBlue_MAS_12.22.25_LS_V1,MAS,278,6800,113.33,188.1,179.5,26.4,16.9,0.5629,1
N25thRdBlue_MAS_12.22.25_LS_V1,MAS,278,6801,113.35,190.8,180.3,26.5,17.2,0.1926,1
N25thRdBlue_MAS_12.22.25_LS_V1,MAS,278,6802,113.37,192.8,181.9,26.6,18.1,0.1176,1
N25thRdBlue_MAS_12.22.25_LS_V1,MAS,278,6803,113.38,195.1,181.4,24.6,17.2,0.3588,1
N25thRdBlue_MAS_12.22.25_LS_V1,MAS,278,6804,113.4,196.9,181.2,23.0,15.8,0.4016,1
N25thRdBlue_MAS_12.22.25_LS_V1,MAS,278,6805,113.42,198.5,180.9,23.1,15.4,0.3602,1
N25thRdBlue_MAS_12.22.25_LS_V1,MAS,278,6806,113.43,201.1,180.5,23.5,15.1,0.3602,1
N25thRdBlue_MAS_12.22.25_LS_V1,MAS,278,6807,113.45,204.6,181.4,24.0,16.0,0.2476,1
N25thRdBlue_MAS_12.22.25_LS_V1,MAS,278,6808,113.47,206.2,180.8,23.6,16.1,0.2779,1
N25thRdBlue_MAS_12.22.25_LS_V1,MAS,278,6809,113.48,209.4,180.3,23.7,15.9,0.2328,1
N25thRdBlue_MAS_12.22.25_LS_V1,MAS,278,6810,113.5,211.3,178.9,23.6,16.0,0.2352,1
N25thRdBlue_MAS_12.22.25_LS_V1,MAS,278,6811,113.52,213.7,177.4,22.2,15.6,0.3319,1
N25thRdBlue_MAS_12.22.25_LS_V1,MAS,278,6812,113.53,216.3,176.2,22.2,16.6,0.3412,1
N25thRdBlue_MAS_12.22.25_LS_V1,MAS,278,6813,113.55,218.4,175.2,21.8,17.0,0.2637,1
N25thRdBlue_MAS_12.22.25_LS_V1,MAS,278,6814,113.57,222.0,174.4,23.3,17.9,0.4738,1
N25thRdBlue_MAS_12.22.25_LS_V1,MAS,278,6815,113.58,225.5,173.0,24.3,19.4,0.5918,1
N25thRdBlue_MAS_12.22.25_LS_V1,MAS,278,6816,113.6,227.9,172.6,24.5,20.1,0.561,1
N25thRdBlue_MAS_12.22.25_LS_V1,MAS,278,6817,113.62,230.0,171.4,24.2,19.3,0.2981,1
N25thRdBlue_MAS_12.22.25_LS_V1,MAS,278,6818,113.63,232.7,170.0,22.9,18.6,0.2177,1
N25thRdBlue_MAS_12.22.25_LS_V1,MAS,278,6819,113.65,236.3,168.8,21.8,17.7,0.2217,1
N25thRdBlue_MAS_12.22.25_LS_V1,MAS,278,6820,113.67,239.1,168.6,23.8,18.6,0.4573,1
N25thRdBlue_MAS_12.22.25_LS_V1,MAS,278,6821,113.68,241.2,168.3,23.6,18.3,0.3933,1
N25thRdBlue_MAS_12.22.25_LS_V1,MAS,278,6822,113.7,241.4,164.7,22.3,18.3,0.1027,1
N25thRdBlue_MAS_12.22.25_LS_V1,MAS,278,6823,113.72,243.9,163.6,23.5,18.3,0.1488,1
N25thRdBlue_MAS_12.22.25_LS_V1,MAS,278,6824,113.73,247.4,165.1,24.1,18.5,0.2198,1
N25thRdBlue_MAS_12.22.25_LS_V1,MAS,278,6825,113.75,249.5,164.2,23.4,18.2,0.1026,1
N25thRdBlue_MAS_12.22.25_LS_V1,MAS,284,7242,120.7,601.3,279.5,28.7,19.1,0.517,0
N25thRdBlue_MAS_12.22.25_LS_V1,MAS,284,7243,120.72,586.6,280.7,29.0,18.6,0.2657,0
N25thRdBlue_MAS_12.22.25_LS_V1,MAS,284,7244,120.73,574.9,281.5,26.6,18.4,0.1783,0
N25thRdBlue_MAS_12.22.25_LS_V1,MAS,284,7250,120.83,509.3,291.8,32.8,18.8,0.4203,0
N25thRdBlue_MAS_12.22.25_LS_V1,MAS,284,7251,120.85,495.2,292.5,32.0,19.1,0.2213,0
NMarseillesRd_MAS_12.22.25_LS_V1,MAS,316,1225,20.42,296.3,234.8,41.1,37.7,0.5858,1
NMarseillesRd_MAS_12.22.25_LS_V1,MAS,316,1226,20.43,286.3,234.1,36.4,33.1,0.5182,1
NMarseillesRd_MAS_12.22.25_LS_V1,MAS,316,1229,20.48,236.6,241.9,36.9,34.0,0.6939,1
NMarseillesRd_MAS_12.22.25_LS_V1,MAS,316,1230,20.5,225.5,242.9,38.9,34.6,0.6641,1
NMarseillesRd_MAS_12.22.25_LS_V1,MAS,316,1231,20.52,207.9,244.5,37.9,32.9,0.6696,1
NMarseillesRd_MAS_12.22.25_LS_V1,MAS,316,1232,20.53,189.6,244.8,37.4,32.9,0.6489,1
NMarseillesRd_MAS_12.22.25_LS_V1,MAS,316,1233,20.55,180.5,246.2,33.1,29.2,0.6468,1
NMarseillesRd_MAS_12.22.25_LS_V1,MAS,316,1234,20.57,170.7,246.7,32.0,27.5,0.7552,1
NMarseillesRd_MAS_12.22.25_LS_V1,MAS,316,1235,20.58,149.9,246.5,34.9,29.5,0.664,1
NMarseillesRd_MAS_12.22.25_LS_V1,MAS,316,1237,20.62,114.5,249.5,31.8,27.5,0.7112,1
NMarseillesRd_MAS_12.22.25_LS_V1,MAS,316,1238,20.63,108.6,252.2,34.1,29.5,0.7388,1
NMarseillesRd_MAS_12.22.25_LS_V1,MAS,316,1239,20.65,88.3,253.4,33.1,28.4,0.7585,1
NMarseillesRd_MAS_12.22.25_LS_V1,MAS,316,1240,20.67,67.9,256.4,33.2,30.0,0.3465,1
NMarseillesRd_MAS_12.22.25_LS_V1,MAS,316,1241,20.68,52.6,256.7,33.4,31.2,0.6706,1
NMarseillesRd_MAS_12.22.25_LS_V1,MAS,316,1242,20.7,42.7,257.7,35.2,32.6,0.6117,1
NMarseillesRd_MAS_12.22.25_LS_V1,MAS,316,1243,20.72,26.0,263.6,31.4,30.4,0.4232,1
NMarseillesRd_MAS_12.22.25_LS_V1,MAS,316,1244,20.73,11.6,266.3,23.2,31.0,0.3825,1
NMarseillesRd_MAS_12.22.25_LS_V1,MAS,338,7738,128.97,247.9,502.0,40.8,19.3,0.4533,1
NMarseillesRd_MAS_12.22.25_LS_V1,MAS,338,7739,128.98,254.9,502.1,43.1,19.9,0.5226,1
NMarseillesRd_MAS_12.22.25_LS_V1,MAS,338,7740,129.0,262.7,501.6,34.9,20.2,0.5381,1
NMarseillesRd_MAS_12.22.25_LS_V1,MAS,338,7741,129.02,267.9,501.1,32.9,21.3,0.5449,1
NMarseillesRd_MAS_12.22.25_LS_V1,MAS,338,7742,129.03,275.6,501.3,34.9,21.0,0.5752,1
NMarseillesRd_MAS_12.22.25_LS_V1,MAS,338,7743,129.05,283.3,500.9,37.2,22.1,0.5417,1
NMarseillesRd_MAS_12.22.25_LS_V1,MAS,338,7744,129.07,288.6,499.8,38.0,24.4,0.5385,1
NMarseillesRd_MAS_12.22.25_LS_V1,MAS,338,7745,129.08,293.7,499.4,37.6,25.1,0.4906,1
NMarseillesRd_MAS_12.22.25_LS_V1,MAS,338,7746,129.1,299.7,499.6,39.3,24.9,0.5237,1
NMarseillesRd_MAS_12.22.25_LS_V1,MAS,338,7747,129.12,307.0,500.1,40.5,23.8,0.5091,1
NMarseillesRd_MAS_12.22.25_LS_V1,MAS,338,7748,129.13,312.7,499.5,38.1,24.8,0.5977,1
NMarseillesRd_MAS_12.22.25_LS_V1,MAS,338,7749,129.15,318.6,499.4,37.3,24.8,0.5746,1
NMarseillesRd_MAS_12.22.25_LS_V1,MAS,338,7750,129.17,324.1,499.3,39.7,25.0,0.5198,1
NMarseillesRd_MAS_12.22.25_LS_V1,MAS,338,7751,129.18,329.8,498.7,42.9,26.2,0.4092,1
NMarseillesRd_MAS_12.22.25_LS_V1,MAS,338,7752,129.2,336.9,498.6,38.4,26.3,0.5835,1
NMarseillesRd_MAS_12.22.25_LS_V1,MAS,338,7753,129.22,343.6,498.1,40.5,26.9,0.5368,1
NMarseillesRd_MAS_12.22.25_LS_V1,MAS,338,7754,129.23,347.9,497.2,42.8,28.6,0.656,1
NMarseillesRd_MAS_12.22.25_LS_V1,MAS,338,7755,129.25,353.2,496.6,43.1,29.8,0.6461,1
NMarseillesRd_MAS_12.22.25_LS_V1,MAS,338,7756,129.27,361.2,496.3,44.4,30.5,0.5447,1
NMarseillesRd_MAS_12.22.25_LS_V1,MAS,338,7757,129.28,367.4,496.4,42.9,30.9,0.6436,1
NMarseillesRd_MAS_12.22.25_LS_V1,MAS,338,7758,129.3,372.6,495.1,46.1,32.0,0.6047,1
NMarseillesRd_MAS_12.22.25_LS_V1,MAS,338,7759,129.32,378.5,494.5,48.7,33.1,0.3498,1
NMarseillesRd_MAS_12.22.25_LS_V1,MAS,338,7760,129.33,386.5,494.6,48.2,33.3,0.5973,1
NMarseillesRd_MAS_12.22.25_LS_V1,MAS,338,7761,129.35,391.6,494.2,49.2,34.4,0.4559,1
NMarseillesRd_MAS_12.22.25_LS_V1,MAS,338,7762,129.37,398.5,493.0,45.1,35.9,0.717,1
NMarseillesRd_MAS_12.22.25_LS_V1,MAS,338,7763,129.38,404.2,493.4,44.1,34.8,0.6922,1
NMarseillesRd_MAS_12.22.25_LS_V1,MAS,338,7764,129.4,410.0,492.9,45.1,35.3,0.6926,1
NMarseillesRd_MAS_12.22.25_LS_V1,MAS,338,7765,129.42,417.0,492.7,44.0,36.0,0.6744,1
NMarseillesRd_MAS_12.22.25_LS_V1,MAS,338,7766,129.43,421.3,492.1,47.8,36.9,0.5459,1
NMarseillesRd_MAS_12.22.25_LS_V1,MAS,338,7767,129.45,425.0,491.2,48.7,38.1,0.5882,1
NMarseillesRd_MAS_12.22.25_LS_V1,MAS,338,7768,129.47,432.1,490.7,47.7,39.0,0.6396,1
NMarseillesRd_MAS_12.22.25_LS_V1,MAS,338,7769,129.48,437.6,490.3,50.4,39.8,0.4923,1
NMarseillesRd_MAS_12.22.25_LS_V1,MAS,338,7770,129.5,444.2,487.0,45.3,38.2,0.4911,1
NMarseillesRd_MAS_12.22.25_LS_V1,MAS,338,7771,129.52,448.5,484.5,42.2,35.6,0.4425,1
NMarseillesRd_MAS_12.22.25_LS_V1,MAS,338,7772,129.53,453.5,485.8,44.1,39.2,0.565,1
NMarseillesRd_MAS_12.22.25_LS_V1,MAS,338,7773,129.55,459.1,486.9,44.6,42.1,0.6272,1
NMarseillesRd_MAS_12.22.25_LS_V1,MAS,338,7774,129.57,464.9,488.2,44.7,43.3,0.5849,1
NMarseillesRd_MAS_12.22.25_LS_V1,MAS,338,7775,129.58,469.1,489.2,47.8,42.9,0.5567,1
NMarseillesRd_MAS_12.22.25_LS_V1,MAS,338,7776,129.6,472.6,488.9,50.8,43.4,0.4521,1
NMarseillesRd_MAS_12.22.25_LS_V1,MAS,338,7777,129.62,475.4,489.4,52.3,42.4,0.5245,1
NMarseillesRd_MAS_12.22.25_LS_V1,MAS,338,7778,129.63,481.8,489.6,51.6,41.9,0.3527,1
NMarseillesRd_MAS_12.22.25_LS_V1,MAS,338,7779,129.65,490.0,488.7,45.8,38.1,0.5208,1
NMarseillesRd_MAS_12.22.25_LS_V1,MAS,338,7780,129.67,494.8,488.2,43.4,35.3,0.6297,1
NMarseillesRd_MAS_12.22.25_LS_V1,MAS,338,7781,129.68,499.6,488.8,42.8,35.9,0.5697,1
NMarseillesRd_MAS_12.22.25_LS_V1,MAS,338,7782,129.7,504.7,490.7,46.6,37.3,0.5466,1
NMarseillesRd_MAS_12.22.25_LS_V1,MAS,338,7783,129.72,509.6,491.8,50.4,37.2,0.5003,1
NMarseillesRd_MAS_12.22.25_LS_V1,MAS,338,7784,129.73,515.6,491.6,51.6,37.7,0.588,1
NMarseillesRd_MAS_12.22.25_LS_V1,MAS,338,7785,129.75,517.1,489.8,56.7,39.1,0.4955,1
NMarseillesRd_MAS_12.22.25_LS_V1,MAS,338,7786,129.77,525.1,487.2,50.0,36.4,0.457,1
NMarseillesRd_MAS_12.22.25_LS_V1,MAS,338,7787,129.78,531.3,488.8,49.9,38.4,0.5189,1
NMarseillesRd_MAS_12.22.25_LS_V1,MAS,338,7788,129.8,538.4,489.0,49.6,40.9,0.4307,1
NMarseillesRd_MAS_12.22.25_LS_V1,MAS,338,7789,129.82,544.4,488.1,45.3,42.7,0.6418,1
NMarseillesRd_MAS_12.22.25_LS_V1,MAS,338,7790,129.83,547.9,487.0,44.4,42.3,0.5811,1
NMarseillesRd_MAS_12.22.25_LS_V1,MAS,338,7791,129.85,552.4,486.0,46.2,43.4,0.3052,1
NMarseillesRd_MAS_12.22.25_LS_V1,MAS,338,7792,129.87,558.6,484.0,42.3,39.5,0.5638,1
NMarseillesRd_MAS_12.22.25_LS_V1,MAS,338,7793,129.88,564.6,484.8,42.9,42.9,0.5283,1
NMarseillesRd_MAS_12.22.25_LS_V1,MAS,338,7794,129.9,570.4,484.9,43.6,45.7,0.2762,1
NMarseillesRd_MAS_12.22.25_LS_V1,MAS,338,7795,129.92,574.6,485.1,43.5,46.1,0.2064,1
NMarseillesRd_MAS_12.22.25_LS_V1,MAS,338,7796,129.93,579.0,484.2,43.9,46.1,0.2667,1
NMarseillesRd_MAS_12.22.25_LS_V1,MAS,338,7797,129.95,584.6,483.9,44.6,48.3,0.4941,1
NMarseillesRd_MAS_12.22.25_LS_V1,MAS,338,7798,129.97,588.9,483.1,42.4,47.5,0.5584,1
NMarseillesRd_MAS_12.22.25_LS_V1,MAS,338,7799,129.98,592.9,481.3,41.2,45.4,0.4507,1
NMarseillesRd_MAS_12.22.25_LS_V1,MAS,338,7800,130.0,596.8,481.4,41.3,44.8,0.5847,1
NMarseillesRd_MAS_12.22.25_LS_V1,MAS,338,7801,130.02,602.4,480.9,40.9,46.9,0.4686,1
NMarseillesRd_MAS_12.22.25_LS_V1,MAS,338,7802,130.03,605.9,474.8,38.7,36.9,0.1772,1
NMarseillesRd_MAS_12.22.25_LS_V1,MAS,338,7803,130.05,610.8,476.0,42.0,43.5,0.1299,1
NMarseillesRd_MAS_12.22.25_LS_V1,MAS,340,7760,129.33,209.5,503.1,49.4,17.8,0.3606,1
NMarseillesRd_MAS_12.22.25_LS_V1,MAS,340,7761,129.35,217.6,501.9,50.3,20.1,0.4723,1
NMarseillesRd_MAS_12.22.25_LS_V1,MAS,340,7762,129.37,226.1,501.7,47.5,20.2,0.5217,1
NMarseillesRd_MAS_12.22.25_LS_V1,MAS,340,7763,129.38,232.2,501.7,48.5,20.7,0.5621,1
NMarseillesRd_MAS_12.22.25_LS_V1,MAS,340,7764,129.4,238.3,501.4,46.0,20.9,0.6112,1
NMarseillesRd_MAS_12.22.25_LS_V1,MAS,340,7765,129.42,245.3,501.9,46.7,20.2,0.595,1
NMarseillesRd_MAS_12.22.25_LS_V1,MAS,340,7766,129.43,253.2,500.9,47.3,22.2,0.501,1
NMarseillesRd_MAS_12.22.25_LS_V1,MAS,340,7767,129.45,259.1,499.6,49.4,24.1,0.6425,1
NMarseillesRd_MAS_12.22.25_LS_V1,MAS,340,7768,129.47,265.2,499.2,51.3,25.1,0.6218,1
NMarseillesRd_MAS_12.22.25_LS_V1,MAS,340,7769,129.48,270.7,498.5,54.1,26.6,0.6423,1
NMarseillesRd_MAS_12.22.25_LS_V1,MAS,340,7770,129.5,277.7,497.7,53.6,28.3,0.5357,1
NMarseillesRd_MAS_12.22.25_LS_V1,MAS,340,7771,129.52,282.3,497.3,51.7,29.1,0.4988,1
NMarseillesRd_MAS_12.22.25_LS_V1,MAS,340,7772,129.53,284.0,497.5,54.2,28.9,0.3266,1
NMarseillesRd_MAS_12.22.25_LS_V1,MAS,340,7773,129.55,290.7,497.0,54.1,30.0,0.4729,1
NMarseillesRd_MAS_12.22.25_LS_V1,MAS,340,7774,129.57,297.9,498.2,53.3,27.6,0.5888,1
NMarseillesRd_MAS_12.22.25_LS_V1,MAS,340,7775,129.58,303.2,498.6,53.0,26.9,0.551,1
NMarseillesRd_MAS_12.22.25_LS_V1,MAS,340,7776,129.6,308.4,498.6,52.3,26.7,0.6188,1
NMarseillesRd_MAS_12.22.25_LS_V1,MAS,340,7777,129.62,312.8,498.6,53.4,26.8,0.3824,1
NMarseillesRd_MAS_12.22.25_LS_V1,MAS,340,7778,129.63,319.6,499.2,52.0,25.5,0.5981,1
NMarseillesRd_MAS_12.22.25_LS_V1,MAS,340,7779,129.65,325.1,499.1,52.3,25.7,0.6113,1
NMarseillesRd_MAS_12.22.25_LS_V1,MAS,340,7780,129.67,330.8,499.4,52.2,25.2,0.4219,1
NMarseillesRd_MAS_12.22.25_LS_V1,MAS,340,7783,129.72,346.9,499.5,54.6,25.0,0.3532,1
NMarseillesRd_MAS_12.22.25_LS_V1,MAS,340,7784,129.73,354.0,499.5,53.8,24.8,0.5456,1
NMarseillesRd_MAS_12.22.25_LS_V1,MAS,340,7785,129.75,359.4,499.2,54.5,24.9,0.6377,1
NMarseillesRd_MAS_12.22.25_LS_V1,MAS,340,7786,129.77,365.6,498.7,53.6,25.6,0.6068,1
NMarseillesRd_MAS_12.22.25_LS_V1,MAS,340,7787,129.78,372.2,498.9,51.6,25.4,0.5928,1
NMarseillesRd_MAS_12.22.25_LS_V1,MAS,340,7788,129.8,380.5,499.1,50.8,25.3,0.5679,1
NMarseillesRd_MAS_12.22.25_LS_V1,MAS,340,7789,129.82,385.1,497.9,51.4,27.2,0.6112,1
NMarseillesRd_MAS_12.22.25_LS_V1,MAS,340,7790,129.83,387.8,496.9,54.2,29.0,0.2712,1
NMarseillesRd_MAS_12.22.25_LS_V1,MAS,340,7791,129.85,385.3,497.5,55.2,27.8,0.3802,1
NMarseillesRd_MAS_12.22.25_LS_V1,MAS,340,7792,129.87,395.5,497.1,65.7,28.8,0.2923,1
NMarseillesRd_MAS_12.22.25_LS_V1,MAS,340,7793,129.88,393.5,498.2,59.7,26.8,0.1093,1
NMarseillesRd_MAS_12.22.25_LS_V1,MAS,340,7794,129.9,408.2,496.4,73.1,29.6,0.1262,1
NMarseillesRd_MAS_12.22.25_LS_V1,MAS,340,7795,129.92,404.4,497.0,63.0,28.9,0.1388,1
NMarseillesRd_MAS_12.22.25_LS_V1,MAS,340,7796,129.93,421.4,495.4,76.4,31.5,0.1039,1
NMarseillesRd_MAS_12.22.25_LS_V1,MAS,340,7797,129.95,424.3,494.5,80.0,32.9,0.2463,1
NMarseillesRd_MAS_12.22.25_LS_V1,MAS,340,7798,129.97,434.6,493.7,83.6,34.0,0.1756,1
NMarseillesRd_MAS_12.22.25_LS_V1,MAS,340,7799,129.98,427.2,494.4,73.5,33.5,0.1361,1
NMarseillesRd_MAS_12.22.25_LS_V1,MAS,340,7800,130.0,425.4,494.3,69.3,33.8,0.1914,1
NMarseillesRd_MAS_12.22.25_LS_V1,MAS,344,8233,137.22,8.5,504.0,16.3,14.6,0.418,1
NMarseillesRd_MAS_12.22.25_LS_V1,MAS,344,8234,137.23,9.0,503.9,16.5,14.1,0.3479,1
NMarseillesRd_MAS_12.22.25_LS_V1,MAS,344,8235,137.25,9.5,504.0,17.4,14.2,0.229,1
NMarseillesRd_MAS_12.22.25_LS_V1,MAS,344,8285,138.08,102.2,488.5,31.3,14.3,0.6088,1
NMarseillesRd_MAS_12.22.25_LS_V1,MAS,344,8286,138.1,103.5,488.1,32.6,14.2,0.4347,1
NMarseillesRd_MAS_12.22.25_LS_V1,MAS,344,8287,138.12,105.6,487.7,34.6,14.8,0.27,1
NMarseillesRd_MAS_12.22.25_LS_V1,MAS,344,8288,138.13,108.3,487.5,32.0,14.6,0.3019,1
NMarseillesRd_MAS_12.22.25_LS_V1,MAS,344,8314,138.57,175.9,486.4,33.4,15.3,0.3367,1
NMarseillesRd_MAS_12.22.25_LS_V1,MAS,344,8315,138.58,180.9,485.9,34.0,15.5,0.1904,1
NMarseillesRd_MAS_12.22.25_LS_V1,MAS,344,8316,138.6,182.4,487.2,32.3,14.5,0.1218,1
NMarseillesRd_MAS_12.22.25_LS_V1,MAS,344,8317,138.62,181.3,487.6,34.3,14.6,0.1286,1
NMarseillesRd_MAS_12.22.25_LS_V1,MAS,357,10044,167.4,608.7,325.0,48.8,52.3,0.7139,1
NMarseillesRd_MAS_12.22.25_LS_V1,MAS,357,10045,167.42,602.3,325.4,48.3,49.8,0.7047,1
NMarseillesRd_MAS_12.22.25_LS_V1,MAS,357,10046,167.43,596.5,326.2,47.1,47.8,0.6769,1
NMarseillesRd_MAS_12.22.25_LS_V1,MAS,357,10047,167.45,594.3,323.7,49.8,52.0,0.7439,1
NMarseillesRd_MAS_12.22.25_LS_V1,MAS,357,10048,167.47,587.6,323.2,48.7,53.2,0.7387,1
NMarseillesRd_MAS_12.22.25_LS_V1,MAS,357,10049,167.48,579.5,321.1,53.1,55.7,0.7547,1
NMarseillesRd_MAS_12.22.25_LS_V1,MAS,357,10050,167.5,570.2,319.8,51.1,54.8,0.7825,1
NMarseillesRd_MAS_12.22.25_LS_V1,MAS,357,10051,167.52,564.5,319.3,50.8,53.6,0.8014,1
NMarseillesRd_MAS_12.22.25_LS_V1,MAS,357,10052,167.53,558.5,319.8,51.2,53.4,0.7603,1
NMarseillesRd_MAS_12.22.25_LS_V1,MAS,357,10053,167.55,551.8,318.6,50.6,47.0,0.7159,1
NMarseillesRd_MAS_12.22.25_LS_V1,MAS,357,10054,167.57,544.5,319.1,49.8,45.6,0.6311,1
NMarseillesRd_MAS_12.22.25_LS_V1,MAS,357,10055,167.58,536.0,315.5,48.6,46.7,0.7673,1
NMarseillesRd_MAS_12.22.25_LS_V1,MAS,357,10056,167.6,530.5,315.2,45.5,49.0,0.7669,1
NMarseillesRd_MAS_12.22.25_LS_V1,MAS,357,10057,167.62,527.5,313.9,46.8,52.9,0.7789,1
NMarseillesRd_MAS_12.22.25_LS_V1,MAS,357,10058,167.63,520.0,313.9,47.3,53.6,0.7722,1
NMarseillesRd_MAS_12.22.25_LS_V1,MAS,357,10059,167.65,511.8,312.1,50.8,53.3,0.7213,1
NMarseillesRd_MAS_12.22.25_LS_V1,MAS,357,10060,167.67,504.3,310.0,49.5,51.6,0.7906,1
NMarseillesRd_MAS_12.22.25_LS_V1,MAS,357,10061,167.68,500.3,309.4,47.7,50.5,0.8395,1
NMarseillesRd_MAS_12.22.25_LS_V1,MAS,357,10062,167.7,496.8,307.5,46.7,51.1,0.8409,1
NMarseillesRd_MAS_12.22.25_LS_V1,MAS,357,10063,167.72,488.8,306.6,46.4,53.7,0.7983,1
NMarseillesRd_MAS_12.22.25_LS_V1,MAS,357,10064,167.73,480.1,305.1,45.4,53.9,0.7507,1
NMarseillesRd_MAS_12.22.25_LS_V1,MAS,357,10065,167.75,472.1,304.1,46.6,51.3,0.681,1
NMarseillesRd_MAS_12.22.25_LS_V1,MAS,357,10066,167.77,465.6,301.7,45.6,51.7,0.6966,1
NMarseillesRd_MAS_12.22.25_LS_V1,MAS,357,10067,167.78,462.5,299.7,44.3,52.1,0.5576,1
NMarseillesRd_MAS_12.22.25_LS_V1,MAS,357,10068,167.8,455.8,298.5,43.9,52.0,0.7496,1
NMarseillesRd_MAS_12.22.25_LS_V1,MAS,357,10069,167.82,448.0,293.2,44.1,54.1,0.7863,1
NMarseillesRd_MAS_12.22.25_LS_V1,MAS,357,10070,167.83,442.7,289.9,43.1,52.2,0.7221,1
NMarseillesRd_MAS_12.22.25_LS_V1,MAS,357,10071,167.85,436.6,286.0,42.2,53.7,0.7137,1
NMarseillesRd_MAS_12.22.25_LS_V1,MAS,357,10072,167.87,429.6,283.6,44.8,53.3,0.7864,1
NMarseillesRd_MAS_12.22.25_LS_V1,MAS,357,10073,167.88,421.7,279.7,46.5,53.2,0.8087,1
NMarseillesRd_MAS_12.22.25_LS_V1,MAS,357,10074,167.9,414.6,273.6,44.9,50.9,0.7728,1
NMarseillesRd_MAS_12.22.25_LS_V1,MAS,357,10075,167.92,408.3,271.0,45.3,49.3,0.7764,1
NMarseillesRd_MAS_12.22.25_LS_V1,MAS,357,10076,167.93,402.4,270.0,46.3,50.6,0.7462,1
NMarseillesRd_MAS_12.22.25_LS_V1,MAS,357,10077,167.95,395.9,269.6,47.8,51.7,0.7647,1
NMarseillesRd_MAS_12.22.25_LS_V1,MAS,357,10078,167.97,388.0,267.9,47.1,49.2,0.7233,1
NMarseillesRd_MAS_12.22.25_LS_V1,MAS,357,10079,167.98,381.8,266.1,47.0,48.5,0.7818,1
NMarseillesRd_MAS_12.22.25_LS_V1,MAS,357,10080,168.0,374.5,265.0,46.0,48.3,0.8131,1
NMarseillesRd_MAS_12.22.25_LS_V1,MAS,357,10081,168.02,368.5,265.1,42.2,47.3,0.7999,1
NMarseillesRd_MAS_12.22.25_LS_V1,MAS,357,10082,168.03,360.9,264.3,41.5,47.9,0.7365,1
NMarseillesRd_MAS_12.22.25_LS_V1,MAS,357,10083,168.05,353.0,264.1,39.9,47.5,0.1,1
NMarseillesRd_MAS_12.22.25_LS_V1,MAS,357,10084,168.07,344.1,260.9,41.5,44.0,0.221,1
NMarseillesRd_MAS_12.22.25_LS_V1,MAS,357,10085,168.08,336.5,261.6,42.5,45.7,0.611,1
NMarseillesRd_MAS_12.22.25_LS_V1,MAS,357,10089,168.15,318.7,253.2,46.9,61.2,0.6987,1
NMarseillesRd_MAS_12.22.25_LS_V1,MAS,357,10090,168.17,312.6,251.9,46.6,61.3,0.6978,1
NMarseillesRd_MAS_12.22.25_LS_V1,MAS,357,10091,168.18,311.8,250.4,40.6,58.0,0.687,1
NMarseillesRd_MAS_12.22.25_LS_V1,MAS,359,10094,168.23,280.6,243.1,36.9,42.0,0.7094,0
NMarseillesRd_MAS_12.22.25_LS_V1,MAS,359,10095,168.25,279.5,245.2,35.0,41.1,0.6452,0
NMarseillesRd_MAS_12.22.25_LS_V1,MAS,359,10096,168.27,271.5,244.9,34.5,39.0,0.6537,0
NMarseillesRd_MAS_12.22.25_LS_V1,MAS,359,10097,168.28,260.9,245.1,34.4,37.9,0.6856,0
NMarseillesRd_MAS_12.22.25_LS_V1,MAS,359,10098,168.3,253.9,243.7,35.3,39.7,0.6497,0
NMarseillesRd_MAS_12.22.25_LS_V1,MAS,359,10099,168.32,250.5,249.9,40.6,54.4,0.3893,0
NMarseillesRd_MAS_12.22.25_LS_V1,MAS,363,10116,168.6,120.6,228.3,40.3,46.5,0.7159,0
NMarseillesRd_MAS_12.22.25_LS_V1,MAS,363,10117,168.62,112.3,225.1,39.6,49.5,0.502,0
NMarseillesRd_MAS_12.22.25_LS_V1,MAS,363,10118,168.63,102.3,222.3,42.7,53.3,0.523,0
NMarseillesRd_MAS_12.22.25_LS_V1,MAS,363,10119,168.65,96.7,219.3,43.8,56.5,0.6591,0
NMarseillesRd_MAS_12.22.25_LS_V1,MAS,370,10572,176.2,509.1,124.4,51.5,44.1,0.4393,1
NMarseillesRd_MAS_12.22.25_LS_V1,MAS,370,10573,176.22,501.7,127.3,49.1,43.4,0.6277,1
NMarseillesRd_MAS_12.22.25_LS_V1,MAS,370,10574,176.23,492.7,128.3,44.4,44.1,0.6512,1
NMarseillesRd_MAS_12.22.25_LS_V1,MAS,370,10575,176.25,484.4,129.8,44.1,43.1,0.49,1
NMarseillesRd_MAS_12.22.25_LS_V1,MAS,370,10576,176.27,479.4,130.5,42.4,42.0,0.6106,1
NMarseillesRd_MAS_12.22.25_LS_V1,MAS,370,10577,176.28,472.8,130.2,41.4,40.8,0.6372,1
NMarseillesRd_MAS_12.22.25_LS_V1,MAS,370,10578,176.3,463.7,131.2,42.2,41.5,0.7109,1
NMarseillesRd_MAS_12.22.25_LS_V1,MAS,370,10579,176.32,455.3,133.0,46.3,43.2,0.6261,1
NMarseillesRd_MAS_12.22.25_LS_V1,MAS,370,10580,176.33,451.2,134.3,45.1,43.9,0.5608,1
NMarseillesRd_MAS_12.22.25_LS_V1,MAS,370,10581,176.35,444.0,135.0,43.2,43.1,0.669,1
NMarseillesRd_MAS_12.22.25_LS_V1,MAS,370,10582,176.37,436.1,135.3,46.2,45.2,0.6204,1
NMarseillesRd_MAS_12.22.25_LS_V1,MAS,370,10583,176.38,429.1,136.7,46.4,44.3,0.6804,1
NMarseillesRd_MAS_12.22.25_LS_V1,MAS,370,10584,176.4,423.9,137.6,43.4,42.6,0.7506,1
NMarseillesRd_MAS_12.22.25_LS_V1,MAS,370,10585,176.42,417.5,137.6,43.8,43.7,0.7341,1
NMarseillesRd_MAS_12.22.25_LS_V1,MAS,370,10586,176.43,410.4,139.0,44.3,43.1,0.7391,1
NMarseillesRd_MAS_12.22.25_LS_V1,MAS,370,10587,176.45,404.3,139.5,44.1,43.1,0.7324,1
NMarseillesRd_MAS_12.22.25_LS_V1,MAS,370,10588,176.47,399.3,139.6,43.9,42.6,0.759,1
NMarseillesRd_MAS_12.22.25_LS_V1,MAS,370,10589,176.48,390.7,140.2,42.7,42.5,0.7319,1
NMarseillesRd_MAS_12.22.25_LS_V1,MAS,370,10590,176.5,383.4,140.5,41.7,41.5,0.7054,1
NMarseillesRd_MAS_12.22.25_LS_V1,MAS,370,10591,176.52,376.2,141.9,42.7,42.1,0.6904,1
NMarseillesRd_MAS_12.22.25_LS_V1,MAS,370,10592,176.53,370.4,142.7,41.9,41.8,0.732,1
NMarseillesRd_MAS_12.22.25_LS_V1,MAS,370,10593,176.55,362.8,143.0,41.3,42.2,0.7132,1
NMarseillesRd_MAS_12.22.25_LS_V1,MAS,370,10594,176.57,355.2,143.1,40.8,41.7,0.6428,1
NMarseillesRd_MAS_12.22.25_LS_V1,MAS,370,10595,176.58,352.3,145.3,42.9,41.0,0.4826,1
NMarseillesRd_MAS_12.22.25_LS_V1,MAS,370,10596,176.6,344.7,146.8,43.0,41.8,0.743,1
NMarseillesRd_MAS_12.22.25_LS_V1,MAS,370,10597,176.62,337.8,147.7,43.4,41.2,0.6806,1
NMarseillesRd_MAS_12.22.25_LS_V1,MAS,370,10598,176.63,328.0,149.2,42.9,40.4,0.6824,1
NMarseillesRd_MAS_12.22.25_LS_V1,MAS,370,10599,176.65,318.7,149.6,40.5,38.5,0.707,1
NMarseillesRd_MAS_12.22.25_LS_V1,MAS,370,10600,176.67,313.3,150.7,45.6,42.4,0.4557,1
NMarseillesRd_MAS_12.22.25_LS_V1,MAS,370,10601,176.68,304.9,150.2,44.9,43.6,0.563,1
NMarseillesRd_MAS_12.22.25_LS_V1,MAS,370,10602,176.7,296.8,150.5,44.2,44.5,0.5906,1
NMarseillesRd_MAS_12.22.25_LS_V1,MAS,370,10603,176.72,289.9,153.0,44.9,41.8,0.5433,1
NMarseillesRd_MAS_12.22.25_LS_V1,MAS,370,10604,176.73,281.3,153.0,41.0,38.0,0.7072,1
NMarseillesRd_MAS_12.22.25_LS_V1,MAS,370,10605,176.75,274.2,152.9,40.2,38.2,0.7148,1
NMarseillesRd_MAS_12.22.25_LS_V1,MAS,370,10606,176.77,264.2,153.0,43.4,41.0,0.594,1
NMarseillesRd_MAS_12.22.25_LS_V1,MAS,370,10607,176.78,256.2,153.0,43.5,40.3,0.6411,1
NMarseillesRd_MAS_12.22.25_LS_V1,MAS,370,10608,176.8,249.5,153.6,47.4,42.0,0.4004,1
NMarseillesRd_MAS_12.22.25_LS_V1,MAS,370,10609,176.82,243.9,155.6,48.2,42.2,0.1372,1
NMarseillesRd_MAS_12.22.25_LS_V1,MAS,370,10611,176.85,225.4,152.9,43.1,43.3,0.4109,1
NMarseillesRd_MAS_12.22.25_LS_V1,MAS,370,10612,176.87,218.7,150.6,42.8,43.7,0.5304,1
NMarseillesRd_MAS_12.22.25_LS_V1,MAS,370,10622,177.03,139.0,141.8,40.4,41.3,0.5812,1
NMarseillesRd_MAS_12.22.25_LS_V1,MAS,370,10623,177.05,130.4,139.3,40.9,40.6,0.4605,1
NMarseillesRd_MAS_12.22.25_LS_V1,MAS,370,10624,177.07,125.3,137.4,43.1,40.8,0.6667,1
NMarseillesRd_MAS_12.22.25_LS_V1,MAS,370,10626,177.1,110.1,136.5,44.2,40.1,0.635,1
NMarseillesRd_MAS_12.22.25_LS_V1,MAS,370,10627,177.12,103.7,136.4,46.2,41.0,0.608,1
NMarseillesRd_MAS_12.22.25_LS_V1,MAS,370,10628,177.13,98.4,134.5,47.2,42.3,0.4427,1
NMarseillesRd_MAS_12.22.25_LS_V1,MAS,370,10629,177.15,86.9,134.6,45.3,42.5,0.503,1
NMarseillesRd_MAS_12.22.25_LS_V1,MAS,370,10631,177.18,71.0,130.7,42.5,41.2,0.6171,1
NMarseillesRd_MAS_12.22.25_LS_V1,MAS,370,10632,177.2,63.1,130.7,47.0,43.1,0.6502,1
NMarseillesRd_MAS_12.22.25_LS_V1,MAS,370,10633,177.22,60.0,132.4,49.3,42.7,0.5386,1
NMarseillesRd_MAS_12.22.25_LS_V1,MAS,370,10634,177.23,54.1,132.1,51.8,43.0,0.4754,1
NMarseillesRd_MAS_12.22.25_LS_V1,MAS,370,10635,177.25,46.5,131.8,51.9,40.4,0.5106,1
NMarseillesRd_MAS_12.22.25_LS_V1,MAS,370,10636,177.27,37.5,131.5,50.0,38.9,0.4305,1
NMarseillesRd_MAS_12.22.25_LS_V1,MAS,370,10637,177.28,28.8,130.5,48.3,39.2,0.5908,1
NMarseillesRd_MAS_12.22.25_LS_V1,MAS,375,10815,180.25,615.3,215.3,33.3,31.6,0.6917,1
NMarseillesRd_MAS_12.22.25_LS_V1,MAS,375,10816,180.27,605.4,216.3,33.0,33.3,0.7382,1
NMarseillesRd_MAS_12.22.25_LS_V1,MAS,375,10817,180.28,596.7,218.5,32.8,32.3,0.7366,1
NMarseillesRd_MAS_12.22.25_LS_V1,MAS,375,10818,180.3,583.9,217.8,35.1,34.2,0.7247,1
NMarseillesRd_MAS_12.22.25_LS_V1,MAS,375,10819,180.32,570.7,215.6,35.3,34.5,0.741,1
NMarseillesRd_MAS_12.22.25_LS_V1,MAS,375,10820,180.33,555.7,216.3,35.0,35.1,0.7434,1
NMarseillesRd_MAS_12.22.25_LS_V1,MAS,375,10821,180.35,541.7,217.9,36.7,36.4,0.7905,1
NMarseillesRd_MAS_12.22.25_LS_V1,MAS,375,10822,180.37,528.4,217.5,37.5,37.6,0.7824,1
NMarseillesRd_MAS_12.22.25_LS_V1,MAS,375,10823,180.38,514.6,216.5,36.1,36.4,0.7774,1
NMarseillesRd_MAS_12.22.25_LS_V1,MAS,375,10824,180.4,502.1,216.5,35.8,36.4,0.7735,1
NMarseillesRd_MAS_12.22.25_LS_V1,MAS,375,10825,180.42,489.3,215.8,35.2,36.4,0.7729,1
NMarseillesRd_MAS_12.22.25_LS_V1,MAS,375,10826,180.43,476.9,214.0,34.1,36.5,0.7472,1
NMarseillesRd_MAS_12.22.25_LS_V1,MAS,375,10827,180.45,465.9,214.5,34.3,36.4,0.7602,1
NMarseillesRd_MAS_12.22.25_LS_V1,MAS,375,10828,180.47,455.2,215.3,36.8,39.0,0.7553,1
NMarseillesRd_MAS_12.22.25_LS_V1,MAS,375,10829,180.48,438.4,214.1,35.3,38.9,0.7564,1
NMarseillesRd_MAS_12.22.25_LS_V1,MAS,375,10830,180.5,427.5,212.2,34.9,38.9,0.7423,1
NMarseillesRd_MAS_12.22.25_LS_V1,MAS,375,10831,180.52,418.3,214.4,38.7,42.7,0.756,1
NMarseillesRd_MAS_12.22.25_LS_V1,MAS,375,10832,180.53,400.3,215.8,38.9,44.5,0.771,1
NMarseillesRd_MAS_12.22.25_LS_V1,MAS,375,10833,180.55,386.3,218.2,40.9,47.4,0.7392,1
NMarseillesRd_MAS_12.22.25_LS_V1,MAS,375,10834,180.57,375.3,222.4,41.9,45.6,0.7768,1
NMarseillesRd_MAS_12.22.25_LS_V1,MAS,375,10835,180.58,362.4,222.9,40.6,44.2,0.7736,1
NMarseillesRd_MAS_12.22.25_LS_V1,MAS,375,10836,180.6,347.5,225.5,38.8,41.8,0.7692,1
NMarseillesRd_MAS_12.22.25_LS_V1,MAS,375,10837,180.62,333.3,227.9,40.9,41.2,0.8625,1
NMarseillesRd_MAS_12.22.25_LS_V1,MAS,375,10838,180.63,319.8,229.0,41.8,42.7,0.7931,1
NMarseillesRd_MAS_12.22.25_LS_V1,MAS,375,10839,180.65,307.5,233.2,39.3,41.0,0.7843,1
NMarseillesRd_MAS_12.22.25_LS_V1,MAS,375,10840,180.67,292.6,235.1,37.4,38.6,0.7594,1
NMarseillesRd_MAS_12.22.25_LS_V1,MAS,375,10841,180.68,275.4,239.4,37.8,39.6,0.7695,1
NMarseillesRd_MAS_12.22.25_LS_V1,MAS,375,10842,180.7,257.6,241.8,36.5,37.4,0.8148,1
NMarseillesRd_MAS_12.22.25_LS_V1,MAS,375,10843,180.72,244.7,246.1,36.5,37.4,0.7345,1
NMarseillesRd_MAS_12.22.25_LS_V1,MAS,375,10844,180.73,230.4,250.5,37.0,37.4,0.7383,1
NMarseillesRd_MAS_12.22.25_LS_V1,MAS,375,10845,180.75,215.1,252.9,35.6,35.1,0.7917,1
NMarseillesRd_MAS_12.22.25_LS_V1,MAS,375,10846,180.77,197.7,258.0,36.8,37.0,0.8008,1
NMarseillesRd_MAS_12.22.25_LS_V1,MAS,375,10847,180.78,182.1,261.9,36.6,36.6,0.7728,1
NMarseillesRd_MAS_12.22.25_LS_V1,MAS,375,10848,180.8,169.6,266.0,39.0,38.2,0.7083,1
NMarseillesRd_MAS_12.22.25_LS_V1,MAS,375,10849,180.82,156.9,269.3,37.3,38.7,0.7265,1
NMarseillesRd_MAS_12.22.25_LS_V1,MAS,375,10850,180.83,143.0,274.7,36.6,37.7,0.7697,1
NMarseillesRd_MAS_12.22.25_LS_V1,MAS,375,10851,180.85,127.2,278.1,35.9,37.3,0.7806,1
NMarseillesRd_MAS_12.22.25_LS_V1,MAS,375,10852,180.87,107.8,281.2,36.4,38.2,0.8002,1
NMarseillesRd_MAS_12.22.25_LS_V1,MAS,375,10853,180.88,89.2,282.8,35.8,39.6,0.803,1
NMarseillesRd_MAS_12.22.25_LS_V1,MAS,375,10854,180.9,76.2,283.5,35.5,39.9,0.7666,1
NMarseillesRd_MAS_12.22.25_LS_V1,MAS,375,10855,180.92,62.1,286.0,37.5,41.1,0.7918,1
NMarseillesRd_MAS_12.22.25_LS_V1,MAS,375,10856,180.93,44.3,288.6,37.9,40.9,0.737,1
NMarseillesRd_MAS_12.22.25_LS_V1,MAS,375,10857,180.95,27.6,290.6,36.2,38.3,0.7597,1
NMarseillesRd_MAS_12.22.25_LS_V1,MAS,375,10858,180.97,17.5,290.8,35.0,39.5,0.6371,1
NMarseillesRd_MAS_12.22.25_LS_V1,MAS,394,12834,213.9,553.8,21.6,38.3,42.5,0.3914,0
NMarseillesRd_MAS_12.22.25_LS_V1,MAS,394,12835,213.92,554.0,21.3,40.9,36.5,0.3441,0
NMarseillesRd_MAS_12.22.25_LS_V1,MAS,394,12836,213.93,554.3,23.1,43.5,38.5,0.3102,0
NMarseillesRd_MAS_12.22.25_LS_V1,MAS,401,12999,216.65,615.3,436.9,44.2,44.3,0.7709,1
NMarseillesRd_MAS_12.22.25_LS_V1,MAS,401,13000,216.67,606.6,438.9,48.0,46.1,0.7528,1
NMarseillesRd_MAS_12.22.25_LS_V1,MAS,401,13001,216.68,592.6,440.9,49.2,45.3,0.6269,1
NMarseillesRd_MAS_12.22.25_LS_V1,MAS,401,13002,216.7,572.3,443.0,46.9,42.2,0.6499,1
NMarseillesRd_MAS_12.22.25_LS_V1,MAS,401,13003,216.72,557.8,443.2,45.2,40.2,0.6062,1
NMarseillesRd_MAS_12.22.25_LS_V1,MAS,401,13004,216.73,544.6,449.2,44.5,40.8,0.683,1
NMarseillesRd_MAS_12.22.25_LS_V1,MAS,401,13005,216.75,525.6,451.2,44.6,39.7,0.6935,1
NMarseillesRd_MAS_12.22.25_LS_V1,MAS,401,13006,216.77,510.8,451.2,45.1,43.2,0.7908,1
NMarseillesRd_MAS_12.22.25_LS_V1,MAS,401,13007,216.78,495.8,457.2,47.0,43.5,0.7341,1
NMarseillesRd_MAS_12.22.25_LS_V1,MAS,401,13008,216.8,478.4,457.3,46.6,41.2,0.6767,1
NMarseillesRd_MAS_12.22.25_LS_V1,MAS,401,13009,216.82,461.9,462.2,48.9,45.5,0.6968,1
NMarseillesRd_MAS_12.22.25_LS_V1,MAS,401,13010,216.83,446.4,464.2,47.6,45.3,0.8122,1
NMarseillesRd_MAS_12.22.25_LS_V1,MAS,401,13011,216.85,432.3,468.8,47.1,46.0,0.7585,1
NMarseillesRd_MAS_12.22.25_LS_V1,MAS,401,13012,216.87,412.5,473.2,47.6,47.3,0.7373,1
NMarseillesRd_MAS_12.22.25_LS_V1,MAS,401,13013,216.88,392.6,472.8,46.3,46.7,0.7365,1
NMarseillesRd_MAS_12.22.25_LS_V1,MAS,401,13014,216.9,380.1,479.4,46.0,48.3,0.7275,1
NMarseillesRd_MAS_12.22.25_LS_V1,MAS,401,13015,216.92,366.4,482.0,46.4,47.3,0.7316,1
NMarseillesRd_MAS_12.22.25_LS_V1,MAS,401,13016,216.93,349.4,485.8,46.9,48.0,0.7753,1
NMarseillesRd_MAS_12.22.25_LS_V1,MAS,401,13017,216.95,328.2,489.1,46.6,45.7,0.63,1
NMarseillesRd_MAS_12.22.25_LS_V1,MAS,401,13018,216.97,309.4,489.7,47.1,44.3,0.6191,1
NMarseillesRd_MAS_12.22.25_LS_V1,MAS,401,13019,216.98,296.7,492.1,46.3,39.9,0.686,1
NMarseillesRd_MAS_12.22.25_LS_V1,MAS,401,13020,217.0,279.0,494.4,49.5,35.2,0.701,1
NMarseillesRd_MAS_12.22.25_LS_V1,MAS,401,13021,217.02,260.3,495.4,46.7,33.1,0.6333,1
NMarseillesRd_MAS_12.22.25_LS_V1,MAS,401,13022,217.03,239.2,497.1,52.4,29.8,0.1676,1
NMarseillesRd_MAS_12.22.25_LS_V1,MAS,405,13860,231.0,600.5,372.8,37.9,39.6,0.6147,1
NMarseillesRd_MAS_12.22.25_LS_V1,MAS,405,13861,231.01,591.1,379.5,41.7,52.6,0.6289,1
NMarseillesRd_MAS_12.22.25_LS_V1,MAS,405,13862,231.03,585.2,384.1,43.7,55.7,0.7223,1
NMarseillesRd_MAS_12.22.25_LS_V1,MAS,405,13863,231.05,574.4,381.2,45.2,49.0,0.6797,1
NMarseillesRd_MAS_12.22.25_LS_V1,MAS,405,13864,231.06,560.7,380.2,42.9,47.1,0.582,1
NMarseillesRd_MAS_12.22.25_LS_V1,MAS,405,13865,231.08,549.6,381.0,41.0,47.4,0.6615,1
NMarseillesRd_MAS_12.22.25_LS_V1,MAS,405,13866,231.1,543.6,381.7,39.9,42.1,0.6415,1
NMarseillesRd_MAS_12.22.25_LS_V1,MAS,405,13867,231.11,534.0,384.7,40.1,42.2,0.5485,1
NMarseillesRd_MAS_12.22.25_LS_V1,MAS,405,13868,231.13,519.6,384.1,39.5,41.5,0.5909,1
NMarseillesRd_MAS_12.22.25_LS_V1,MAS,405,13870,231.16,506.7,388.7,40.5,43.9,0.7149,1
NMarseillesRd_MAS_12.22.25_LS_V1,MAS,405,13871,231.18,492.9,388.9,36.8,40.6,0.6537,1
NMarseillesRd_MAS_12.22.25_LS_V1,MAS,405,13872,231.2,481.6,390.4,36.7,39.4,0.4327,1
NMarseillesRd_MAS_12.22.25_LS_V1,MAS,405,13873,231.21,476.8,392.7,38.1,43.7,0.5427,1
NMarseillesRd_MAS_12.22.25_LS_V1,MAS,405,13874,231.23,466.7,394.5,38.4,43.9,0.5811,1
NMarseillesRd_MAS_12.22.25_LS_V1,MAS,405,13875,231.25,452.2,396.0,40.3,44.5,0.6614,1
NMarseillesRd_MAS_12.22.25_LS_V1,MAS,405,13876,231.26,440.0,395.8,40.3,45.2,0.7686,1
NMarseillesRd_MAS_12.22.25_LS_V1,MAS,405,13877,231.28,423.2,397.7,37.5,43.9,0.7677,1
NMarseillesRd_MAS_12.22.25_LS_V1,MAS,405,13878,231.3,415.3,398.1,37.6,43.5,0.78,1
NMarseillesRd_MAS_12.22.25_LS_V1,MAS,405,13879,231.31,405.4,400.2,35.8,41.5,0.7355,1
NMarseillesRd_MAS_12.22.25_LS_V1,MAS,405,13880,231.33,395.2,402.3,35.7,42.8,0.7244,1
NMarseillesRd_MAS_12.22.25_LS_V1,MAS,405,13881,231.35,381.3,404.2,38.4,42.2,0.7223,1
NMarseillesRd_MAS_12.22.25_LS_V1,MAS,405,13882,231.36,373.9,405.5,37.9,39.8,0.7769,1
NMarseillesRd_MAS_12.22.25_LS_V1,MAS,405,13883,231.38,366.5,407.5,38.3,42.6,0.7877,1
NMarseillesRd_MAS_12.22.25_LS_V1,MAS,405,13884,231.4,354.2,407.6,38.0,42.3,0.7614,1
NMarseillesRd_MAS_12.22.25_LS_V1,MAS,405,13885,231.41,340.0,409.5,38.5,41.5,0.7845,1
NMarseillesRd_MAS_12.22.25_LS_V1,MAS,405,13886,231.43,329.9,409.4,39.4,42.9,0.7339,1
NMarseillesRd_MAS_12.22.25_LS_V1,MAS,405,13887,231.45,320.1,411.2,38.2,41.1,0.6854,1
NMarseillesRd_MAS_12.22.25_LS_V1,MAS,405,13888,231.46,310.2,412.5,37.3,38.7,0.7691,1
NMarseillesRd_MAS_12.22.25_LS_V1,MAS,405,13889,231.48,292.9,414.1,38.4,38.9,0.7277,1
NMarseillesRd_MAS_12.22.25_LS_V1,MAS,405,13890,231.5,281.7,416.6,40.4,42.3,0.7952,1
NMarseillesRd_MAS_12.22.25_LS_V1,MAS,405,13891,231.51,273.9,417.3,41.3,44.1,0.7447,1
NMarseillesRd_MAS_12.22.25_LS_V1,MAS,405,13892,231.53,264.3,419.5,37.4,39.8,0.6893,1
NMarseillesRd_MAS_12.22.25_LS_V1,MAS,405,13893,231.55,253.8,420.0,38.7,43.1,0.7652,1
NMarseillesRd_MAS_12.22.25_LS_V1,MAS,405,13894,231.56,242.9,421.6,37.4,42.4,0.7383,1
NMarseillesRd_MAS_12.22.25_LS_V1,MAS,405,13895,231.58,228.2,421.8,33.9,38.2,0.7783,1
NMarseillesRd_MAS_12.22.25_LS_V1,MAS,405,13896,231.6,216.5,425.4,38.5,40.0,0.8009,1
NMarseillesRd_MAS_12.22.25_LS_V1,MAS,405,13897,231.61,204.7,427.2,38.1,39.7,0.7845,1
NMarseillesRd_MAS_12.22.25_LS_V1,MAS,405,13898,231.63,195.0,427.9,35.8,39.9,0.7709,1
NMarseillesRd_MAS_12.22.25_LS_V1,MAS,405,13899,231.65,183.6,431.2,38.7,43.1,0.7492,1
NMarseillesRd_MAS_12.22.25_LS_V1,MAS,405,13900,231.66,171.7,429.6,38.8,42.0,0.7806,1
NMarseillesRd_MAS_12.22.25_LS_V1,MAS,405,13901,231.68,163.3,434.1,38.9,40.2,0.7407,1
NMarseillesRd_MAS_12.22.25_LS_V1,MAS,405,13902,231.7,153.1,432.8,37.8,39.2,0.768,1
NMarseillesRd_MAS_12.22.25_LS_V1,MAS,405,13903,231.71,141.2,434.8,39.3,43.6,0.7829,1
NMarseillesRd_MAS_12.22.25_LS_V1,MAS,405,13904,231.73,130.9,437.4,40.7,45.6,0.793,1
NMarseillesRd_MAS_12.22.25_LS_V1,MAS,405,13905,231.75,120.2,436.1,39.5,44.1,0.7844,1
NMarseillesRd_MAS_12.22.25_LS_V1,MAS,405,13906,231.76,109.5,438.0,39.5,45.1,0.781,1
NMarseillesRd_MAS_12.22.25_LS_V1,MAS,405,13907,231.78,95.6,436.8,41.2,44.5,0.7054,1
NMarseillesRd_MAS_12.22.25_LS_V1,MAS,405,13908,231.8,83.0,438.1,37.4,40.6,0.7764,1
NMarseillesRd_MAS_12.22.25_LS_V1,MAS,405,13909,231.81,77.7,440.1,36.6,39.9,0.7707,1
NMarseillesRd_MAS_12.22.25_LS_V1,MAS,405,13910,231.83,63.0,436.4,33.6,38.3,0.7667,1
NMarseillesRd_MAS_12.22.25_LS_V1,MAS,405,13911,231.85,44.5,439.0,30.9,36.8,0.7445,1
NMarseillesRd_MAS_12.22.25_LS_V1,MAS,405,13912,231.86,38.1,439.1,30.0,36.3,0.692,1
NMarseillesRd_MAS_12.22.25_LS_V1,MAS,405,13913,231.88,33.6,443.1,29.8,34.9,0.7589,1
NShelbyRd(pink)_SHB_12.11.2025_LS,SHB,494,3709,61.9,565.2,6.5,34.5,12.7,0.5436,1
NShelbyRd(pink)_SHB_12.11.2025_LS,SHB,494,3710,61.92,561.9,6.1,35.0,12.0,0.4884,1
NShelbyRd(pink)_SHB_12.11.2025_LS,SHB,494,3711,61.93,558.1,6.1,37.4,12.0,0.4739,1
NShelbyRd(pink)_SHB_12.11.2025_LS,SHB,494,3712,61.95,553.8,5.7,38.5,11.3,0.3444,1
NShelbyRd(pink)_SHB_12.11.2025_LS,SHB,494,3713,61.97,550.5,5.8,38.0,11.6,0.4104,1
NShelbyRd(pink)_SHB_12.11.2025_LS,SHB,494,3714,61.98,547.8,5.3,38.3,10.6,0.3236,1
NShelbyRd(pink)_SHB_12.11.2025_LS,SHB,494,3715,62.0,545.2,5.7,36.9,11.3,0.4207,1
NShelbyRd(pink)_SHB_12.11.2025_LS,SHB,494,3716,62.02,542.7,5.7,35.3,11.2,0.1863,1
NShelbyRd(pink)_SHB_12.11.2025_LS,SHB,494,3722,62.12,517.7,5.1,35.2,10.2,0.3465,1
NShelbyRd(pink)_SHB_12.11.2025_LS,SHB,494,3723,62.13,512.4,5.6,34.0,11.0,0.3488,1
NShelbyRd(pink)_SHB_12.11.2025_LS,SHB,494,3724,62.15,509.9,5.4,33.1,10.7,0.2729,1
NShelbyRd(pink)_SHB_12.11.2025_LS,SHB,494,3725,62.17,505.9,7.0,32.4,12.3,0.3228,1
NShelbyRd(pink)_SHB_12.11.2025_LS,SHB,494,3726,62.18,501.5,7.9,32.6,13.3,0.2797,1
NShelbyRd(pink)_SHB_12.11.2025_LS,SHB,494,3727,62.2,497.9,9.2,32.0,13.7,0.4966,1
NShelbyRd(pink)_SHB_12.11.2025_LS,SHB,494,3728,62.22,493.5,11.0,32.6,13.9,0.5654,1
NShelbyRd(pink)_SHB_12.11.2025_LS,SHB,494,3729,62.23,488.6,11.5,33.7,14.7,0.5861,1
NShelbyRd(pink)_SHB_12.11.2025_LS,SHB,494,3730,62.25,485.9,11.6,33.3,14.7,0.6111,1
NShelbyRd(pink)_SHB_12.11.2025_LS,SHB,494,3731,62.27,483.1,11.6,32.9,14.5,0.4298,1
NShelbyRd(pink)_SHB_12.11.2025_LS,SHB,494,3732,62.28,480.5,10.9,34.9,15.8,0.56,1
NShelbyRd(pink)_SHB_12.11.2025_LS,SHB,494,3733,62.3,477.2,10.2,35.2,16.2,0.6364,1
NShelbyRd(pink)_SHB_12.11.2025_LS,SHB,494,3734,62.32,472.9,10.9,35.4,16.4,0.5433,1
NShelbyRd(pink)_SHB_12.11.2025_LS,SHB,494,3735,62.33,468.3,11.1,35.9,16.7,0.4745,1
NShelbyRd(pink)_SHB_12.11.2025_LS,SHB,494,3736,62.35,464.3,10.9,35.5,16.8,0.6353,1
NShelbyRd(pink)_SHB_12.11.2025_LS,SHB,494,3737,62.37,461.1,10.6,35.8,16.5,0.5676,1
NShelbyRd(pink)_SHB_12.11.2025_LS,SHB,494,3738,62.38,456.4,9.6,36.9,16.8,0.5746,1
NShelbyRd(pink)_SHB_12.11.2025_LS,SHB,494,3739,62.4,452.5,9.3,37.6,17.1,0.5915,1
NShelbyRd(pink)_SHB_12.11.2025_LS,SHB,494,3740,62.42,449.3,10.7,36.3,17.2,0.3912,1
NShelbyRd(pink)_SHB_12.11.2025_LS,SHB,494,3741,62.43,445.5,12.1,36.5,17.9,0.4837,1
NShelbyRd(pink)_SHB_12.11.2025_LS,SHB,494,3742,62.45,442.0,12.4,36.6,17.9,0.4918,1
NShelbyRd(pink)_SHB_12.11.2025_LS,SHB,494,3743,62.47,438.0,11.2,35.4,16.9,0.532,1
NShelbyRd(pink)_SHB_12.11.2025_LS,SHB,494,3744,62.48,433.6,10.9,34.5,16.2,0.5701,1
NShelbyRd(pink)_SHB_12.11.2025_LS,SHB,494,3745,62.5,429.9,10.9,33.8,16.2,0.5347,1
NShelbyRd(pink)_SHB_12.11.2025_LS,SHB,494,3746,62.52,425.6,11.8,33.6,16.0,0.5959,1
NShelbyRd(pink)_SHB_12.11.2025_LS,SHB,494,3747,62.53,421.6,12.9,34.4,16.1,0.5951,1
NShelbyRd(pink)_SHB_12.11.2025_LS,SHB,494,3748,62.55,418.2,12.5,33.3,16.3,0.4741,1
NShelbyRd(pink)_SHB_12.11.2025_LS,SHB,494,3749,62.57,414.1,12.5,33.0,16.3,0.6035,1
NShelbyRd(pink)_SHB_12.11.2025_LS,SHB,494,3757,62.7,388.0,9.8,33.9,16.1,0.6034,1
NShelbyRd(pink)_SHB_12.11.2025_LS,SHB,494,3758,62.72,385.2,9.7,34.5,15.8,0.6239,1
NShelbyRd(pink)_SHB_12.11.2025_LS,SHB,494,3759,62.73,382.8,9.6,35.9,16.1,0.6484,1
NShelbyRd(pink)_SHB_12.11.2025_LS,SHB,494,3760,62.75,378.9,8.8,35.8,15.8,0.3624,1
NShelbyRd(pink)_SHB_12.11.2025_LS,SHB,494,3761,62.77,372.1,8.5,35.9,15.7,0.2929,1
NShelbyRd(pink)_SHB_12.11.2025_LS,SHB,494,3762,62.78,367.8,7.8,36.8,15.3,0.3008,1
NShelbyRd(pink)_SHB_12.11.2025_LS,SHB,494,3767,62.87,348.0,8.2,37.0,15.7,0.55,1
NShelbyRd(pink)_SHB_12.11.2025_LS,SHB,494,3768,62.88,344.1,7.4,36.6,14.3,0.4733,1
NShelbyRd(pink)_SHB_12.11.2025_LS,SHB,494,3769,62.9,339.9,6.4,36.0,12.7,0.1175,1
NShelbyRd(pink)_SHB_12.11.2025_LS,SHB,494,3770,62.92,334.6,6.5,35.7,12.9,0.4554,1
NShelbyRd(pink)_SHB_12.11.2025_LS,SHB,494,3771,62.93,331.4,6.6,36.5,12.9,0.4948,1
NShelbyRd(pink)_SHB_12.11.2025_LS,SHB,494,3772,62.95,327.2,6.8,35.3,13.5,0.5878,1
NShelbyRd(pink)_SHB_12.11.2025_LS,SHB,494,3773,62.97,322.6,6.8,34.3,13.4,0.531,1
NShelbyRd(pink)_SHB_12.11.2025_LS,SHB,494,3774,62.98,318.9,7.3,34.2,14.2,0.6026,1
NShelbyRd(pink)_SHB_12.11.2025_LS,SHB,494,3775,63.0,315.5,7.7,34.7,14.5,0.6227,1
NShelbyRd(pink)_SHB_12.11.2025_LS,SHB,494,3776,63.02,310.9,8.1,35.3,15.1,0.63,1
NShelbyRd(pink)_SHB_12.11.2025_LS,SHB,494,3777,63.03,307.7,8.1,34.6,15.3,0.6722,1
NShelbyRd(pink)_SHB_12.11.2025_LS,SHB,494,3778,63.05,302.9,7.7,33.8,14.4,0.5318,1
NShelbyRd(pink)_SHB_12.11.2025_LS,SHB,494,3779,63.07,298.7,7.9,34.4,15.2,0.66,1
NShelbyRd(pink)_SHB_12.11.2025_LS,SHB,494,3780,63.08,293.9,7.3,33.6,14.3,0.5063,1
NShelbyRd(pink)_SHB_12.11.2025_LS,SHB,494,3781,63.1,291.1,7.5,32.3,13.8,0.6193,1
NShelbyRd(pink)_SHB_12.11.2025_LS,SHB,494,3782,63.12,288.5,7.4,32.5,13.8,0.5855,1
NShelbyRd(pink)_SHB_12.11.2025_LS,SHB,494,3783,63.13,283.8,7.2,32.3,13.6,0.4493,1
NShelbyRd(pink)_SHB_12.11.2025_LS,SHB,494,3784,63.15,280.8,7.6,32.7,14.1,0.6119,1
NShelbyRd(pink)_SHB_12.11.2025_LS,SHB,494,3785,63.17,276.4,7.3,34.4,14.0,0.572,1
NShelbyRd(pink)_SHB_12.11.2025_LS,SHB,494,3786,63.18,272.3,7.4,34.1,13.9,0.6128,1
NShelbyRd(pink)_SHB_12.11.2025_LS,SHB,494,3787,63.2,268.1,8.5,34.1,14.9,0.6257,1
NShelbyRd(pink)_SHB_12.11.2025_LS,SHB,494,3788,63.22,264.7,8.9,33.8,15.6,0.6478,1
NShelbyRd(pink)_SHB_12.11.2025_LS,SHB,494,3789,63.23,261.5,9.2,32.8,15.5,0.6039,1
NShelbyRd(pink)_SHB_12.11.2025_LS,SHB,494,3790,63.25,257.9,8.7,34.8,16.0,0.6136,1
NShelbyRd(pink)_SHB_12.11.2025_LS,SHB,494,3791,63.27,253.2,8.8,35.1,16.3,0.5756,1
NShelbyRd(pink)_SHB_12.11.2025_LS,SHB,494,3792,63.28,249.4,8.6,33.0,15.5,0.363,1
NShelbyRd(pink)_SHB_12.11.2025_LS,SHB,494,3793,63.3,247.2,8.4,31.9,15.0,0.1971,1
NShelbyRd(pink)_SHB_12.11.2025_LS,SHB,494,3798,63.39,227.3,7.4,33.7,14.3,0.5331,1
NShelbyRd(pink)_SHB_12.11.2025_LS,SHB,494,3799,63.4,222.2,8.5,34.4,15.7,0.642,1
NShelbyRd(pink)_SHB_12.11.2025_LS,SHB,494,3800,63.42,218.4,8.5,35.1,16.2,0.6843,1
NShelbyRd(pink)_SHB_12.11.2025_LS,SHB,494,3801,63.44,213.2,8.6,34.7,16.2,0.6273,1
NShelbyRd(pink)_SHB_12.11.2025_LS,SHB,494,3802,63.45,210.8,8.9,35.1,16.3,0.6475,1
NShelbyRd(pink)_SHB_12.11.2025_LS,SHB,494,3803,63.47,210.1,8.6,35.2,16.0,0.6464,1
NShelbyRd(pink)_SHB_12.11.2025_LS,SHB,494,3807,63.54,190.2,8.4,37.6,16.3,0.5726,1
NShelbyRd(pink)_SHB_12.11.2025_LS,SHB,494,3808,63.55,186.4,8.1,37.5,16.1,0.644,1
NShelbyRd(pink)_SHB_12.11.2025_LS,SHB,494,3809,63.57,182.2,8.2,39.2,15.8,0.5833,1
NShelbyRd(pink)_SHB_12.11.2025_LS,SHB,494,3810,63.59,176.6,8.4,37.4,15.9,0.6226,1
NShelbyRd(pink)_SHB_12.11.2025_LS,SHB,494,3811,63.6,173.6,8.7,37.5,16.4,0.5856,1
NShelbyRd(pink)_SHB_12.11.2025_LS,SHB,494,3812,63.62,168.3,9.1,38.6,16.7,0.5352,1
NShelbyRd(pink)_SHB_12.11.2025_LS,SHB,494,3813,63.64,164.6,8.7,39.4,16.8,0.6263,1
NShelbyRd(pink)_SHB_12.11.2025_LS,SHB,494,3814,63.65,160.2,8.7,38.2,16.8,0.5862,1
NShelbyRd(pink)_SHB_12.11.2025_LS,SHB,494,3815,63.67,155.1,8.7,38.0,16.9,0.6559,1
NShelbyRd(pink)_SHB_12.11.2025_LS,SHB,494,3816,63.69,151.0,8.6,37.7,16.9,0.6331,1
NShelbyRd(pink)_SHB_12.11.2025_LS,SHB,494,3817,63.7,146.3,8.6,38.3,16.7,0.6171,1
NShelbyRd(pink)_SHB_12.11.2025_LS,SHB,494,3818,63.72,142.5,8.1,39.3,15.9,0.5663,1
NShelbyRd(pink)_SHB_12.11.2025_LS,SHB,494,3819,63.74,137.8,7.7,38.6,15.5,0.6395,1
NShelbyRd(pink)_SHB_12.11.2025_LS,SHB,494,3820,63.75,134.1,8.5,39.3,16.4,0.5464,1
NShelbyRd(pink)_SHB_12.11.2025_LS,SHB,494,3821,63.77,130.2,8.2,39.1,16.3,0.6227,1
NShelbyRd(pink)_SHB_12.11.2025_LS,SHB,494,3822,63.79,127.9,8.1,38.5,15.6,0.3568,1
NShelbyRd(pink)_SHB_12.11.2025_LS,SHB,494,3823,63.8,123.5,8.6,37.8,16.2,0.682,1
NShelbyRd(pink)_SHB_12.11.2025_LS,SHB,494,3824,63.82,120.7,8.4,36.9,15.8,0.6394,1
NShelbyRd(pink)_SHB_12.11.2025_LS,SHB,494,3825,63.84,118.5,8.2,35.1,15.0,0.5763,1
NShelbyRd(pink)_SHB_12.11.2025_LS,SHB,494,3826,63.85,112.8,8.9,35.4,15.4,0.6831,1
NShelbyRd(pink)_SHB_12.11.2025_LS,SHB,494,3827,63.87,109.0,8.4,35.7,15.3,0.6363,1
NShelbyRd(pink)_SHB_12.11.2025_LS,SHB,494,3828,63.89,105.1,8.0,36.0,14.9,0.6106,1
NShelbyRd(pink)_SHB_12.11.2025_LS,SHB,494,3829,63.9,101.1,8.1,36.6,15.1,0.6647,1
NShelbyRd(pink)_SHB_12.11.2025_LS,SHB,494,3830,63.92,96.9,8.3,37.2,15.9,0.6654,1
NShelbyRd(pink)_SHB_12.11.2025_LS,SHB,494,3831,63.94,92.6,8.6,38.0,16.4,0.6359,1
NShelbyRd(pink)_SHB_12.11.2025_LS,SHB,494,3832,63.95,88.5,8.7,37.4,16.4,0.6434,1
NShelbyRd(pink)_SHB_12.11.2025_LS,SHB,494,3833,63.97,84.4,9.2,36.7,16.3,0.6608,1
NShelbyRd(pink)_SHB_12.11.2025_LS,SHB,494,3834,63.99,81.0,9.2,37.4,16.4,0.6868,1
NShelbyRd(pink)_SHB_12.11.2025_LS,SHB,494,3835,64.0,77.2,9.4,37.7,16.6,0.6731,1
NShelbyRd(pink)_SHB_12.11.2025_LS,SHB,494,3836,64.02,73.3,9.8,38.6,17.0,0.6609,1
NShelbyRd(pink)_SHB_12.11.2025_LS,SHB,494,3837,64.04,69.8,9.5,40.1,17.4,0.6872,1
NShelbyRd(pink)_SHB_12.11.2025_LS,SHB,494,3838,64.05,65.0,9.6,39.9,17.4,0.6388,1
NShelbyRd(pink)_SHB_12.11.2025_LS,SHB,494,3839,64.07,59.9,10.0,39.5,17.3,0.6978,1
NShelbyRd(pink)_SHB_12.11.2025_LS,SHB,494,3840,64.09,55.5,10.2,38.8,17.3,0.4807,1
NShelbyRd(pink)_SHB_12.11.2025_LS,SHB,494,3841,64.1,51.2,10.8,38.6,17.7,0.6013,1
NShelbyRd(pink)_SHB_12.11.2025_LS,SHB,494,3842,64.12,46.0,10.6,38.8,17.4,0.5494,1
NShelbyRd(pink)_SHB_12.11.2025_LS,SHB,494,3843,64.14,42.6,10.5,40.9,17.9,0.5694,1
NShelbyRd(pink)_SHB_12.11.2025_LS,SHB,494,3844,64.15,40.1,10.2,39.8,17.6,0.4458,1
NShelbyRd(pink)_SHB_12.11.2025_LS,SHB,494,3845,64.17,36.6,9.1,40.6,16.4,0.3788,1
NShelbyRd(pink)_SHB_12.11.2025_LS,SHB,494,3846,64.19,32.4,10.5,39.3,16.2,0.4617,1
NShelbyRd(pink)_SHB_12.11.2025_LS,SHB,494,3847,64.2,27.5,12.8,39.3,15.6,0.4,1
NShelbyRd(pink)_SHB_12.11.2025_LS,SHB,494,3850,64.25,18.6,14.9,37.1,16.4,0.4236,1
NShelbyRd(pink)_SHB_12.11.2025_LS,SHB,494,3851,64.27,18.1,13.2,36.1,16.7,0.4835,1
NShelbyRd(pink)_SHB_12.11.2025_LS,SHB,494,3852,64.29,14.9,12.5,29.8,17.0,0.4367,1
NShelbyRd(pink)_SHB_12.11.2025_LS,SHB,494,3853,64.3,13.2,10.8,26.5,16.7,0.4743,1
NShelbyRd(pink)_SHB_12.11.2025_LS,SHB,495,3725,62.17,571.1,6.1,33.3,11.7,0.4314,1
NShelbyRd(pink)_SHB_12.11.2025_LS,SHB,495,3726,62.18,571.6,6.8,37.6,13.1,0.3791,1
NShelbyRd(pink)_SHB_12.11.2025_LS,SHB,495,3727,62.2,569.5,6.8,37.0,13.2,0.5775,1
NShelbyRd(pink)_SHB_12.11.2025_LS,SHB,495,3728,62.22,565.4,7.4,38.1,14.4,0.608,1
NShelbyRd(pink)_SHB_12.11.2025_LS,SHB,495,3729,62.23,561.9,8.0,39.0,15.5,0.6266,1
NShelbyRd(pink)_SHB_12.11.2025_LS,SHB,495,3730,62.25,558.7,8.4,38.7,16.3,0.6093,1
NShelbyRd(pink)_SHB_12.11.2025_LS,SHB,495,3731,62.27,554.6,9.1,39.5,17.5,0.6656,1
NShelbyRd(pink)_SHB_12.11.2025_LS,SHB,495,3732,62.28,551.0,9.5,40.1,18.1,0.6303,1
NShelbyRd(pink)_SHB_12.11.2025_LS,SHB,495,3733,62.3,546.5,9.2,39.8,18.1,0.5929,1
NShelbyRd(pink)_SHB_12.11.2025_LS,SHB,495,3734,62.32,544.4,9.3,39.7,18.0,0.5857,1
NShelbyRd(pink)_SHB_12.11.2025_LS,SHB,495,3735,62.33,541.7,9.7,39.6,18.1,0.5952,1
NShelbyRd(pink)_SHB_12.11.2025_LS,SHB,495,3736,62.35,535.3,10.1,40.1,18.4,0.5402,1
NShelbyRd(pink)_SHB_12.11.2025_LS,SHB,495,3737,62.37,532.8,10.8,41.8,18.7,0.603,1
NShelbyRd(pink)_SHB_12.11.2025_LS,SHB,495,3738,62.38,531.0,11.6,38.9,17.8,0.6072,1
NShelbyRd(pink)_SHB_12.11.2025_LS,SHB,495,3739,62.4,527.1,11.7,38.6,17.5,0.6038,1
NShelbyRd(pink)_SHB_12.11.2025_LS,SHB,495,3740,62.42,521.6,11.2,38.3,17.6,0.7218,1
NShelbyRd(pink)_SHB_12.11.2025_LS,SHB,495,3741,62.43,517.2,10.9,38.8,17.8,0.669,1
NShelbyRd(pink)_SHB_12.11.2025_LS,SHB,495,3742,62.45,512.2,11.4,38.1,17.7,0.7073,1
NShelbyRd(pink)_SHB_12.11.2025_LS,SHB,495,3743,62.47,508.6,11.6,38.4,17.9,0.6736,1
NShelbyRd(pink)_SHB_12.11.2025_LS,SHB,495,3744,62.48,503.7,12.2,36.3,16.6,0.5841,1
NShelbyRd(pink)_SHB_12.11.2025_LS,SHB,495,3745,62.5,499.3,12.6,34.5,15.7,0.6095,1
NShelbyRd(pink)_SHB_12.11.2025_LS,SHB,495,3746,62.52,496.6,12.5,35.2,16.2,0.6898,1
NShelbyRd(pink)_SHB_12.11.2025_LS,SHB,495,3747,62.53,494.5,12.3,35.6,16.8,0.6751,1
NShelbyRd(pink)_SHB_12.11.2025_LS,SHB,495,3748,62.55,490.2,11.8,37.1,17.8,0.5904,1
NShelbyRd(pink)_SHB_12.11.2025_LS,SHB,495,3749,62.57,485.6,12.4,36.0,16.6,0.599,1
NShelbyRd(pink)_SHB_12.11.2025_LS,SHB,495,3750,62.58,480.9,12.7,34.6,16.4,0.5781,1
NShelbyRd(pink)_SHB_12.11.2025_LS,SHB,495,3751,62.6,478.2,13.1,37.1,16.8,0.6057,1
NShelbyRd(pink)_SHB_12.11.2025_LS,SHB,495,3752,62.62,474.7,13.2,38.8,17.8,0.6081,1
NShelbyRd(pink)_SHB_12.11.2025_LS,SHB,495,3753,62.63,471.7,13.6,39.0,18.0,0.6704,1
NShelbyRd(pink)_SHB_12.11.2025_LS,SHB,495,3754,62.65,467.2,12.5,40.2,18.3,0.6097,1
NShelbyRd(pink)_SHB_12.11.2025_LS,SHB,495,3755,62.67,463.6,13.0,39.9,17.7,0.535,1
NShelbyRd(pink)_SHB_12.11.2025_LS,SHB,495,3756,62.68,458.9,13.0,39.1,17.3,0.4967,1
NShelbyRd(pink)_SHB_12.11.2025_LS,SHB,495,3757,62.7,455.3,13.1,39.2,17.5,0.6354,1
NShelbyRd(pink)_SHB_12.11.2025_LS,SHB,495,3758,62.72,452.3,11.9,39.9,17.8,0.5333,1
NShelbyRd(pink)_SHB_12.11.2025_LS,SHB,495,3759,62.73,448.3,9.4,40.6,16.8,0.6013,1
NShelbyRd(pink)_SHB_12.11.2025_LS,SHB,495,3760,62.75,444.4,8.8,41.8,16.9,0.5842,1
NShelbyRd(pink)_SHB_12.11.2025_LS,SHB,495,3761,62.77,439.4,10.0,40.4,17.1,0.477,1
NShelbyRd(pink)_SHB_12.11.2025_LS,SHB,495,3762,62.78,436.2,7.5,43.5,14.5,0.3621,1
NShelbyRd(pink)_SHB_12.11.2025_LS,SHB,495,3763,62.8,433.6,7.8,41.2,15.3,0.4174,1
NShelbyRd(pink)_SHB_12.11.2025_LS,SHB,495,3764,62.82,429.6,8.4,39.4,16.5,0.4931,1
NShelbyRd(pink)_SHB_12.11.2025_LS,SHB,495,3765,62.83,425.4,8.1,39.1,16.1,0.571,1
NShelbyRd(pink)_SHB_12.11.2025_LS,SHB,495,3766,62.85,421.4,8.9,37.1,16.2,0.6132,1
NShelbyRd(pink)_SHB_12.11.2025_LS,SHB,495,3767,62.87,417.9,8.5,36.4,15.7,0.6636,1
NShelbyRd(pink)_SHB_12.11.2025_LS,SHB,495,3768,62.88,413.6,8.2,35.6,15.2,0.6707,1
NShelbyRd(pink)_SHB_12.11.2025_LS,SHB,495,3769,62.9,409.4,8.3,36.1,15.4,0.6722,1
NShelbyRd(pink)_SHB_12.11.2025_LS,SHB,495,3770,62.92,404.8,7.8,36.3,15.0,0.61,1
NShelbyRd(pink)_SHB_12.11.2025_LS,SHB,495,3771,62.93,400.8,7.7,37.4,15.1,0.5298,1
NShelbyRd(pink)_SHB_12.11.2025_LS,SHB,495,3772,62.95,396.4,7.9,38.1,15.7,0.6323,1
NShelbyRd(pink)_SHB_12.11.2025_LS,SHB,495,3773,62.97,392.6,7.6,37.7,15.1,0.5996,1
NShelbyRd(pink)_SHB_12.11.2025_LS,SHB,495,3774,62.98,388.9,8.1,37.6,15.7,0.6693,1
NShelbyRd(pink)_SHB_12.11.2025_LS,SHB,495,3775,63.0,383.5,8.0,35.2,15.0,0.6536,1
NShelbyRd(pink)_SHB_12.11.2025_LS,SHB,495,3776,63.02,380.9,8.6,37.2,15.9,0.6697,1
NShelbyRd(pink)_SHB_12.11.2025_LS,SHB,495,3777,63.03,376.9,8.5,36.7,16.1,0.7163,1
NShelbyRd(pink)_SHB_12.11.2025_LS,SHB,495,3778,63.05,373.4,8.4,37.0,16.1,0.654,1
NShelbyRd(pink)_SHB_12.11.2025_LS,SHB,495,3779,63.07,369.9,8.8,38.5,16.1,0.6452,1
NShelbyRd(pink)_SHB_12.11.2025_LS,SHB,495,3780,63.08,365.2,7.5,36.7,14.6,0.5127,1
NShelbyRd(pink)_SHB_12.11.2025_LS,SHB,495,3781,63.1,361.5,7.6,37.7,14.8,0.5422,1
NShelbyRd(pink)_SHB_12.11.2025_LS,SHB,495,3782,63.12,356.8,8.2,36.3,15.1,0.6254,1
NShelbyRd(pink)_SHB_12.11.2025_LS,SHB,495,3783,63.13,352.2,8.4,34.6,14.7,0.6637,1
NShelbyRd(pink)_SHB_12.11.2025_LS,SHB,495,3784,63.15,349.1,8.6,36.5,15.2,0.6205,1
NShelbyRd(pink)_SHB_12.11.2025_LS,SHB,495,3785,63.17,345.1,8.5,36.6,15.6,0.6614,1
NShelbyRd(pink)_SHB_12.11.2025_LS,SHB,495,3786,63.18,340.2,9.4,34.1,14.9,0.5491,1
NShelbyRd(pink)_SHB_12.11.2025_LS,SHB,495,3787,63.2,338.0,9.7,35.7,15.3,0.6033,1
NShelbyRd(pink)_SHB_12.11.2025_LS,SHB,495,3788,63.22,338.1,9.5,35.3,15.0,0.62,1
NShelbyRd(pink)_SHB_12.11.2025_LS,SHB,495,3789,63.23,337.6,9.7,33.6,14.5,0.6633,1
NShelbyRd(pink)_SHB_12.11.2025_LS,SHB,495,3790,63.25,335.2,9.7,36.6,14.8,0.5778,1
NShelbyRd(pink)_SHB_12.11.2025_LS,SHB,495,3791,63.27,329.1,9.7,36.2,15.1,0.6121,1
NShelbyRd(pink)_SHB_12.11.2025_LS,SHB,495,3792,63.28,323.8,9.9,34.6,14.9,0.6239,1
NShelbyRd(pink)_SHB_12.11.2025_LS,SHB,495,3793,63.3,317.3,9.1,38.4,16.1,0.4143,1
NShelbyRd(pink)_SHB_12.11.2025_LS,SHB,495,3794,63.32,311.8,9.5,36.2,16.0,0.5109,1
NShelbyRd(pink)_SHB_12.11.2025_LS,SHB,495,3795,63.34,309.1,9.7,36.4,15.8,0.4731,1
NShelbyRd(pink)_SHB_12.11.2025_LS,SHB,495,3796,63.35,305.0,9.0,37.3,16.1,0.5693,1
NShelbyRd(pink)_SHB_12.11.2025_LS,SHB,495,3797,63.37,300.0,9.7,34.8,15.2,0.6434,1
NShelbyRd(pink)_SHB_12.11.2025_LS,SHB,495,3798,63.39,299.8,9.4,34.9,15.2,0.4467,1
NShelbyRd(pink)_SHB_12.11.2025_LS,SHB,495,3799,63.4,301.2,8.1,35.6,14.7,0.4817,1
NShelbyRd(pink)_SHB_12.11.2025_LS,SHB,495,3800,63.42,293.9,7.6,38.3,14.7,0.3896,1
NShelbyRd(pink)_SHB_12.11.2025_LS,SHB,495,3801,63.44,289.6,7.0,37.2,13.9,0.4578,1
NShelbyRd(pink)_SHB_12.11.2025_LS,SHB,495,3802,63.45,288.2,7.1,36.0,14.1,0.4955,1
NShelbyRd(pink)_SHB_12.11.2025_LS,SHB,495,3803,63.47,287.9,7.3,36.3,14.3,0.5734,1
NShelbyRd(pink)_SHB_12.11.2025_LS,SHB,495,3804,63.49,285.1,7.3,36.8,14.1,0.1277,1
NShelbyRd(pink)_SHB_12.11.2025_LS,SHB,495,3805,63.5,276.7,7.6,37.7,14.3,0.3445,1
NShelbyRd(pink)_SHB_12.11.2025_LS,SHB,495,3806,63.52,272.3,7.5,38.1,14.3,0.1802,1
NShelbyRd(pink)_SHB_12.11.2025_LS,SHB,495,3807,63.54,265.4,7.4,38.6,14.3,0.5117,1
NShelbyRd(pink)_SHB_12.11.2025_LS,SHB,495,3808,63.55,260.0,7.0,39.5,13.8,0.466,1
NShelbyRd(pink)_SHB_12.11.2025_LS,SHB,495,3809,63.57,257.9,7.2,39.8,13.9,0.4794,1
NShelbyRd(pink)_SHB_12.11.2025_LS,SHB,495,3810,63.59,257.6,7.3,39.0,13.8,0.418,1
NShelbyRd(pink)_SHB_12.11.2025_LS,SHB,495,3811,63.6,256.2,7.0,39.1,13.4,0.2071,1
NShelbyRd(pink)_SHB_12.11.2025_LS,SHB,495,3812,63.62,253.5,7.1,39.3,13.5,0.2655,1
NShelbyRd(pink)_SHB_12.11.2025_LS,SHB,495,3818,63.72,231.6,5.6,35.5,11.3,0.3444,1
NShelbyRd(pink)_SHB_12.11.2025_LS,SHB,495,3819,63.74,228.8,5.0,37.3,10.0,0.1736,1
NShelbyRd(pink)_SHB_12.11.2025_LS,SHB,495,3831,63.94,183.2,5.7,36.9,11.2,0.4601,1
NShelbyRd(pink)_SHB_12.11.2025_LS,SHB,495,3832,63.95,181.6,5.3,37.8,10.7,0.2703,1
NShelbyRd(pink)_SHB_12.11.2025_LS,SHB,495,3833,63.97,175.3,6.3,37.1,11.9,0.5357,1
NShelbyRd(pink)_SHB_12.11.2025_LS,SHB,495,3834,63.99,169.9,7.1,39.2,13.3,0.5264,1
NShelbyRd(pink)_SHB_12.11.2025_LS,SHB,495,3835,64.0,165.1,7.2,40.5,13.7,0.5552,1
NShelbyRd(pink)_SHB_12.11.2025_LS,SHB,495,3836,64.02,158.8,7.2,42.1,14.0,0.4993,1
NShelbyRd(pink)_SHB_12.11.2025_LS,SHB,495,3837,64.04,154.6,7.2,44.0,14.3,0.5396,1
NShelbyRd(pink)_SHB_12.11.2025_LS,SHB,495,3838,64.05,149.9,7.3,44.6,14.2,0.4439,1
NShelbyRd(pink)_SHB_12.11.2025_LS,SHB,495,3839,64.07,144.4,7.9,44.4,15.1,0.5202,1
NShelbyRd(pink)_SHB_12.11.2025_LS,SHB,495,3840,64.09,140.5,7.9,42.6,15.2,0.5312,1
NShelbyRd(pink)_SHB_12.11.2025_LS,SHB,495,3841,64.1,136.8,9.5,40.6,15.4,0.4777,1
NShelbyRd(pink)_SHB_12.11.2025_LS,SHB,495,3842,64.12,132.6,8.2,42.9,14.9,0.4401,1
NShelbyRd(pink)_SHB_12.11.2025_LS,SHB,495,3843,64.14,128.6,7.5,43.8,14.3,0.339,1
NShelbyRd(pink)_SHB_12.11.2025_LS,SHB,495,3844,64.15,123.7,7.4,42.8,14.1,0.4129,1
NShelbyRd(pink)_SHB_12.11.2025_LS,SHB,495,3845,64.17,120.0,7.4,43.7,14.5,0.4399,1
NShelbyRd(pink)_SHB_12.11.2025_LS,SHB,495,3846,64.19,116.1,7.2,43.0,14.2,0.4182,1
NShelbyRd(pink)_SHB_12.11.2025_LS,SHB,495,3847,64.2,112.1,7.5,42.6,14.2,0.446,1
NShelbyRd(pink)_SHB_12.11.2025_LS,SHB,495,3848,64.22,107.7,7.0,44.5,13.8,0.5135,1
NShelbyRd(pink)_SHB_12.11.2025_LS,SHB,495,3849,64.24,104.1,7.3,44.1,14.1,0.5347,1
NShelbyRd(pink)_SHB_12.11.2025_LS,SHB,495,3850,64.25,100.0,7.6,44.2,15.0,0.4332,1
NShelbyRd(pink)_SHB_12.11.2025_LS,SHB,495,3851,64.27,95.0,7.9,42.9,15.5,0.4788,1
NShelbyRd(pink)_SHB_12.11.2025_LS,SHB,495,3852,64.29,91.1,8.3,41.9,15.5,0.4833,1
NShelbyRd(pink)_SHB_12.11.2025_LS,SHB,495,3853,64.3,85.9,7.9,39.8,15.2,0.5003,1
NShelbyRd(pink)_SHB_12.11.2025_LS,SHB,495,3854,64.32,83.0,7.9,39.0,14.8,0.4574,1
NShelbyRd(pink)_SHB_12.11.2025_LS,SHB,495,3855,64.34,79.3,8.0,39.2,14.6,0.3572,1
NShelbyRd(pink)_SHB_12.11.2025_LS,SHB,495,3856,64.35,75.2,7.6,37.1,14.4,0.3648,1
NShelbyRd(pink)_SHB_12.11.2025_LS,SHB,495,3857,64.37,72.4,8.3,37.2,14.4,0.3743,1
NShelbyRd(pink)_SHB_12.11.2025_LS,SHB,495,3858,64.39,67.2,8.1,37.5,14.4,0.4012,1
NShelbyRd(pink)_SHB_12.11.2025_LS,SHB,495,3859,64.4,63.1,8.3,37.6,14.5,0.5583,1
NShelbyRd(pink)_SHB_12.11.2025_LS,SHB,495,3860,64.42,58.3,9.3,36.4,15.2,0.5683,1
NShelbyRd(pink)_SHB_12.11.2025_LS,SHB,495,3861,64.44,53.7,10.8,36.4,15.1,0.4983,1
NShelbyRd(pink)_SHB_12.11.2025_LS,SHB,495,3862,64.45,49.4,10.8,35.4,15.8,0.4988,1
NShelbyRd(pink)_SHB_12.11.2025_LS,SHB,495,3863,64.47,45.3,11.8,34.5,14.8,0.5312,1
NShelbyRd(pink)_SHB_12.11.2025_LS,SHB,495,3864,64.49,42.6,11.0,36.3,16.2,0.4863,1
NShelbyRd(pink)_SHB_12.11.2025_LS,SHB,495,3865,64.5,41.4,12.5,37.3,15.7,0.495,1
NShelbyRd(pink)_SHB_12.11.2025_LS,SHB,495,3866,64.52,40.3,12.5,38.7,16.8,0.6195,1
NShelbyRd(pink)_SHB_12.11.2025_LS,SHB,495,3867,64.54,36.0,12.7,38.5,17.3,0.6045,1
NShelbyRd(pink)_SHB_12.11.2025_LS,SHB,495,3868,64.55,32.8,12.7,40.2,17.6,0.594,1
NShelbyRd(pink)_SHB_12.11.2025_LS,SHB,495,3869,64.57,27.8,13.7,37.2,16.1,0.5414,1
NShelbyRd(pink)_SHB_12.11.2025_LS,SHB,495,3870,64.59,25.1,15.3,36.0,15.3,0.5905,1
NShelbyRd(pink)_SHB_12.11.2025_LS,SHB,495,3871,64.6,24.2,14.6,34.2,15.4,0.6379,1
NShelbyRd(pink)_SHB_12.11.2025_LS,SHB,495,3872,64.62,21.1,13.5,34.3,15.9,0.5685,1
NShelbyRd(pink)_SHB_12.11.2025_LS,SHB,495,3873,64.64,17.6,15.4,34.3,16.1,0.6412,1
NShelbyRd(pink)_SHB_12.11.2025_LS,SHB,495,3874,64.65,13.7,15.6,27.3,15.3,0.5497,1
NShelbyRd(pink)_SHB_12.11.2025_LS,SHB,495,3875,64.67,12.2,16.6,24.4,15.3,0.3763,1
NShelbyRd(pink)_SHB_12.11.2025_LS,SHB,495,3876,64.69,11.8,17.4,23.5,15.4,0.3763,1
NShelbyRd(pink)_SHB_12.11.2025_LS,SHB,495,3877,64.7,10.2,17.3,20.4,15.6,0.2452,1
NShelbyRd(pink)_SHB_12.11.2025_LS,SHB,509,5967,99.58,241.8,61.6,27.4,24.0,0.5369,1
NShelbyRd(pink)_SHB_12.11.2025_LS,SHB,509,5968,99.6,237.7,60.4,27.8,23.7,0.4736,1
NShelbyRd(pink)_SHB_12.11.2025_LS,SHB,509,5969,99.62,234.4,59.5,28.4,23.2,0.4924,1
NShelbyRd(pink)_SHB_12.11.2025_LS,SHB,509,5970,99.63,229.0,59.2,26.4,22.8,0.6208,1
NShelbyRd(pink)_SHB_12.11.2025_LS,SHB,509,5971,99.65,225.2,58.0,26.3,21.8,0.5148,1
NShelbyRd(pink)_SHB_12.11.2025_LS,SHB,509,5972,99.67,219.7,57.5,25.4,22.0,0.6335,1
NShelbyRd(pink)_SHB_12.11.2025_LS,SHB,509,5973,99.68,214.1,56.5,25.4,23.7,0.596,1
NShelbyRd(pink)_SHB_12.11.2025_LS,SHB,509,5974,99.7,209.1,55.1,27.6,23.9,0.5714,1
NShelbyRd(pink)_SHB_12.11.2025_LS,SHB,509,5975,99.72,204.9,54.3,26.9,23.7,0.3999,1
NShelbyRd(pink)_SHB_12.11.2025_LS,SHB,509,5976,99.73,201.7,53.8,25.9,24.2,0.5486,1
NShelbyRd(pink)_SHB_12.11.2025_LS,SHB,509,5977,99.75,196.8,51.9,24.4,23.4,0.2358,1
NShelbyRd(pink)_SHB_12.11.2025_LS,SHB,509,5979,99.78,186.7,49.9,23.8,22.8,0.3493,1
NShelbyRd(pink)_SHB_12.11.2025_LS,SHB,509,5980,99.8,183.9,49.0,25.1,21.8,0.3213,1
NShelbyRd(pink)_SHB_12.11.2025_LS,SHB,509,5981,99.82,179.2,47.2,24.6,23.1,0.1788,1
NShelbyRd(pink)_SHB_12.11.2025_LS,SHB,509,5982,99.83,173.6,48.6,24.1,21.8,0.1386,1
NShelbyRd(pink)_SHB_12.11.2025_LS,SHB,509,5989,99.95,144.9,46.5,29.2,24.9,0.3957,1
NShelbyRd(pink)_SHB_12.11.2025_LS,SHB,509,5994,100.03,122.6,45.3,30.9,24.6,0.3827,1
NShelbyRd(pink)_SHB_12.11.2025_LS,SHB,509,5995,100.05,119.3,45.5,28.8,23.8,0.314,1
NShelbyRd(pink)_SHB_12.11.2025_LS,SHB,509,5996,100.07,116.3,45.1,28.2,23.1,0.2191,1
NShelbyRd(pink)_SHB_12.11.2025_LS,SHB,509,5997,100.08,110.8,45.7,29.8,23.3,0.2743,1
NShelbyRd(pink)_SHB_12.11.2025_LS,SHB,509,5998,100.1,106.5,45.5,30.0,24.3,0.2522,1
NShelbyRd(pink)_SHB_12.11.2025_LS,SHB,512,6013,100.35,43.8,48.7,28.0,24.4,0.584,0
NShelbyRd(pink)_SHB_12.11.2025_LS,SHB,512,6014,100.37,39.8,49.4,26.8,23.6,0.3989,0
NShelbyRd(pink)_SHB_12.11.2025_LS,SHB,512,6015,100.38,35.1,47.9,27.0,23.6,0.4755,0
NShelbyRd(pink)_SHB_12.11.2025_LS,SHB,512,6016,100.4,31.0,47.3,27.0,23.6,0.457,0
NShelbyRd(pink)_SHB_12.11.2025_LS,SHB,512,6017,100.42,26.9,46.8,27.4,24.8,0.6133,0
NShelbyRd(pink)_SHB_12.11.2025_LS,SHB,512,6018,100.43,22.5,48.1,26.9,24.3,0.722,0
NShelbyRd(pink)_SHB_12.11.2025_LS,SHB,512,6019,100.45,18.3,47.8,25.9,23.3,0.5801,0
NShelbyRd(pink)_SHB_12.11.2025_LS,SHB,512,6020,100.47,13.7,47.4,25.4,24.4,0.5788,0
NShelbyRd(pink)_SHB_12.11.2025_LS,SHB,512,6021,100.48,11.0,47.3,22.0,25.3,0.3878,0
NShelbyRd(pink)_SHB_12.11.2025_LS,SHB,521,6935,115.74,629.5,63.2,20.7,21.1,0.7306,1
NShelbyRd(pink)_SHB_12.11.2025_LS,SHB,521,6936,115.76,627.7,62.6,23.9,22.1,0.7812,1
NShelbyRd(pink)_SHB_12.11.2025_LS,SHB,521,6937,115.77,625.9,62.7,26.0,22.6,0.7726,1
NShelbyRd(pink)_SHB_12.11.2025_LS,SHB,521,6938,115.79,623.3,62.1,28.4,23.5,0.7581,1
NShelbyRd(pink)_SHB_12.11.2025_LS,SHB,521,6939,115.81,621.5,62.1,29.1,23.3,0.7854,1
NShelbyRd(pink)_SHB_12.11.2025_LS,SHB,521,6940,115.82,617.3,62.8,29.2,23.2,0.7438,1
NShelbyRd(pink)_SHB_12.11.2025_LS,SHB,521,6941,115.84,614.7,62.5,29.1,23.1,0.6958,1
NShelbyRd(pink)_SHB_12.11.2025_LS,SHB,521,6942,115.86,611.3,63.3,27.4,22.0,0.4918,1
NShelbyRd(pink)_SHB_12.11.2025_LS,SHB,521,6944,115.89,606.6,64.5,27.4,23.5,0.2803,1
NShelbyRd(pink)_SHB_12.11.2025_LS,SHB,521,6947,115.94,598.3,64.1,29.2,24.0,0.2523,1
NShelbyRd(pink)_SHB_12.11.2025_LS,SHB,521,6948,115.96,597.0,65.3,28.3,24.8,0.3978,1
NShelbyRd(pink)_SHB_12.11.2025_LS,SHB,521,6949,115.97,593.5,63.7,29.0,24.6,0.1609,1
NShelbyRd(pink)_SHB_12.11.2025_LS,SHB,521,6950,115.99,591.0,62.7,28.8,24.1,0.6486,1
NShelbyRd(pink)_SHB_12.11.2025_LS,SHB,521,6951,116.01,587.9,61.8,27.3,23.1,0.711,1
NShelbyRd(pink)_SHB_12.11.2025_LS,SHB,521,6952,116.02,584.3,62.2,26.8,22.9,0.7316,1
NShelbyRd(pink)_SHB_12.11.2025_LS,SHB,521,6953,116.04,582.2,62.3,26.3,22.4,0.7768,1
NShelbyRd(pink)_SHB_12.11.2025_LS,SHB,521,6954,116.06,579.0,61.2,26.9,22.8,0.7372,1
NShelbyRd(pink)_SHB_12.11.2025_LS,SHB,521,6955,116.07,577.2,62.2,25.4,22.2,0.6887,1
NShelbyRd(pink)_SHB_12.11.2025_LS,SHB,521,6956,116.09,574.4,61.7,26.0,22.6,0.7686,1
NShelbyRd(pink)_SHB_12.11.2025_LS,SHB,521,6957,116.11,569.8,61.7,27.4,23.2,0.7887,1
NShelbyRd(pink)_SHB_12.11.2025_LS,SHB,521,6958,116.12,566.9,62.1,28.5,23.5,0.7744,1
NShelbyRd(pink)_SHB_12.11.2025_LS,SHB,521,6959,116.14,564.2,60.5,28.5,23.6,0.7623,1
NShelbyRd(pink)_SHB_12.11.2025_LS,SHB,521,6960,116.16,561.8,61.1,27.1,22.7,0.7836,1
NShelbyRd(pink)_SHB_12.11.2025_LS,SHB,521,6961,116.17,559.1,60.6,27.4,22.3,0.7746,1
NShelbyRd(pink)_SHB_12.11.2025_LS,SHB,521,6962,116.19,556.7,59.9,27.2,21.9,0.7236,1
NShelbyRd(pink)_SHB_12.11.2025_LS,SHB,521,6963,116.21,553.4,61.6,26.5,22.1,0.7787,1
NShelbyRd(pink)_SHB_12.11.2025_LS,SHB,521,6964,116.22,552.0,59.7,25.4,21.4,0.5883,1
NShelbyRd(pink)_SHB_12.11.2025_LS,SHB,521,6965,116.24,548.7,61.1,25.1,21.7,0.6859,1
NShelbyRd(pink)_SHB_12.11.2025_LS,SHB,521,6966,116.26,546.5,60.8,25.4,22.2,0.6144,1
NShelbyRd(pink)_SHB_12.11.2025_LS,SHB,521,6967,116.27,543.7,59.9,25.5,22.3,0.6193,1
NShelbyRd(pink)_SHB_12.11.2025_LS,SHB,521,6968,116.29,541.0,61.0,26.1,22.7,0.6902,1
NShelbyRd(pink)_SHB_12.11.2025_LS,SHB,521,6969,116.31,538.1,60.4,26.2,21.9,0.6941,1
NShelbyRd(pink)_SHB_12.11.2025_LS,SHB,521,6970,116.32,535.6,61.0,27.2,23.1,0.6527,1
NShelbyRd(pink)_SHB_12.11.2025_LS,SHB,521,6971,116.34,532.7,61.2,26.8,23.1,0.6542,1
NShelbyRd(pink)_SHB_12.11.2025_LS,SHB,521,6972,116.36,530.1,60.0,25.7,21.9,0.6892,1
NShelbyRd(pink)_SHB_12.11.2025_LS,SHB,521,6973,116.37,527.5,60.8,26.5,22.2,0.7403,1
NShelbyRd(pink)_SHB_12.11.2025_LS,SHB,521,6974,116.39,524.9,59.6,25.8,22.0,0.6702,1
NShelbyRd(pink)_SHB_12.11.2025_LS,SHB,521,6975,116.41,524.0,58.9,26.1,22.7,0.6833,1
NShelbyRd(pink)_SHB_12.11.2025_LS,SHB,521,6976,116.42,521.5,59.3,26.3,22.8,0.7333,1
NShelbyRd(pink)_SHB_12.11.2025_LS,SHB,521,6977,116.44,518.8,58.9,26.4,23.1,0.7122,1
NShelbyRd(pink)_SHB_12.11.2025_LS,SHB,521,6978,116.46,516.7,58.8,26.1,23.1,0.7471,1
NShelbyRd(pink)_SHB_12.11.2025_LS,SHB,521,6979,116.47,514.3,58.8,26.6,23.2,0.7711,1
NShelbyRd(pink)_SHB_12.11.2025_LS,SHB,521,6980,116.49,511.1,59.0,26.5,23.5,0.7455,1
NShelbyRd(pink)_SHB_12.11.2025_LS,SHB,521,6981,116.51,508.3,59.3,27.2,24.1,0.7596,1
NShelbyRd(pink)_SHB_12.11.2025_LS,SHB,521,6982,116.52,505.3,59.3,26.7,24.3,0.7556,1
NShelbyRd(pink)_SHB_12.11.2025_LS,SHB,521,6983,116.54,503.0,59.7,26.4,24.1,0.7449,1
NShelbyRd(pink)_SHB_12.11.2025_LS,SHB,521,6984,116.56,500.1,59.0,26.6,23.9,0.7843,1
NShelbyRd(pink)_SHB_12.11.2025_LS,SHB,521,6985,116.57,497.9,59.6,26.2,23.8,0.7616,1
NShelbyRd(pink)_SHB_12.11.2025_LS,SHB,521,6986,116.59,494.3,60.0,26.1,23.1,0.7577,1
NShelbyRd(pink)_SHB_12.11.2025_LS,SHB,521,6987,116.61,491.4,60.0,26.0,23.3,0.7635,1
NShelbyRd(pink)_SHB_12.11.2025_LS,SHB,521,6988,116.62,488.2,60.3,26.1,23.1,0.7705,1
NShelbyRd(pink)_SHB_12.11.2025_LS,SHB,521,6989,116.64,486.0,60.0,26.5,23.4,0.7674,1
NShelbyRd(pink)_SHB_12.11.2025_LS,SHB,521,6990,116.66,483.7,60.7,26.4,23.5,0.7741,1
NShelbyRd(pink)_SHB_12.11.2025_LS,SHB,521,6991,116.67,480.1,60.9,26.6,23.6,0.7633,1
NShelbyRd(pink)_SHB_12.11.2025_LS,SHB,521,6992,116.69,477.9,61.0,26.4,23.8,0.7678,1
NShelbyRd(pink)_SHB_12.11.2025_LS,SHB,521,6993,116.71,475.3,61.0,26.9,23.8,0.7798,1
NShelbyRd(pink)_SHB_12.11.2025_LS,SHB,521,6994,116.72,472.7,60.8,26.8,24.2,0.774,1
NShelbyRd(pink)_SHB_12.11.2025_LS,SHB,521,6995,116.74,469.5,60.2,26.6,24.1,0.7645,1
NShelbyRd(pink)_SHB_12.11.2025_LS,SHB,521,6996,116.76,466.7,60.9,26.5,23.6,0.7675,1
NShelbyRd(pink)_SHB_12.11.2025_LS,SHB,521,6997,116.77,463.8,60.7,27.1,23.8,0.7616,1
NShelbyRd(pink)_SHB_12.11.2025_LS,SHB,521,6998,116.79,461.2,61.6,26.3,23.1,0.7917,1
NShelbyRd(pink)_SHB_12.11.2025_LS,SHB,521,6999,116.81,458.2,61.4,26.3,22.9,0.7619,1
NShelbyRd(pink)_SHB_12.11.2025_LS,SHB,521,7000,116.82,455.0,61.0,27.3,23.6,0.7716,1
NShelbyRd(pink)_SHB_12.11.2025_LS,SHB,521,7001,116.84,452.6,61.9,26.7,23.0,0.7832,1
NShelbyRd(pink)_SHB_12.11.2025_LS,SHB,521,7002,116.86,449.8,61.4,26.5,23.1,0.7679,1
NShelbyRd(pink)_SHB_12.11.2025_LS,SHB,521,7003,116.87,446.9,61.4,27.3,23.5,0.7569,1
NShelbyRd(pink)_SHB_12.11.2025_LS,SHB,521,7004,116.89,444.1,61.0,27.7,24.0,0.7776,1
NShelbyRd(pink)_SHB_12.11.2025_LS,SHB,521,7005,116.91,441.0,61.0,27.2,23.7,0.7683,1
NShelbyRd(pink)_SHB_12.11.2025_LS,SHB,521,7006,116.92,438.1,61.5,26.9,23.8,0.7689,1
NShelbyRd(pink)_SHB_12.11.2025_LS,SHB,521,7007,116.94,435.2,60.4,26.9,23.9,0.789,1
NShelbyRd(pink)_SHB_12.11.2025_LS,SHB,521,7008,116.96,431.9,60.4,26.8,23.3,0.7849,1
NShelbyRd(pink)_SHB_12.11.2025_LS,SHB,521,7009,116.97,428.6,59.8,26.3,23.3,0.7694,1
NShelbyRd(pink)_SHB_12.11.2025_LS,SHB,521,7010,116.99,424.8,59.0,25.3,22.9,0.7691,1
NShelbyRd(pink)_SHB_12.11.2025_LS,SHB,521,7011,117.01,421.5,59.7,26.0,23.0,0.7596,1
NShelbyRd(pink)_SHB_12.11.2025_LS,SHB,521,7012,117.02,419.2,58.8,26.9,23.6,0.7807,1
NShelbyRd(pink)_SHB_12.11.2025_LS,SHB,521,7013,117.04,416.3,59.5,26.8,23.1,0.6603,1
NShelbyRd(pink)_SHB_12.11.2025_LS,SHB,521,7014,117.06,415.2,58.8,25.7,22.4,0.7181,1
NShelbyRd(pink)_SHB_12.11.2025_LS,SHB,521,7015,117.07,412.5,58.5,25.8,22.8,0.7486,1
NShelbyRd(pink)_SHB_12.11.2025_LS,SHB,521,7016,117.09,409.4,60.7,25.7,22.9,0.7647,1
NShelbyRd(pink)_SHB_12.11.2025_LS,SHB,521,7017,117.11,406.8,59.7,26.5,24.0,0.7883,1
NShelbyRd(pink)_SHB_12.11.2025_LS,SHB,521,7018,117.12,403.4,60.3,26.1,23.2,0.7605,1
NShelbyRd(pink)_SHB_12.11.2025_LS,SHB,521,7019,117.14,400.6,60.0,26.2,23.0,0.7718,1
NShelbyRd(pink)_SHB_12.11.2025_LS,SHB,521,7020,117.16,397.0,59.7,25.8,22.9,0.7698,1
NShelbyRd(pink)_SHB_12.11.2025_LS,SHB,521,7021,117.17,393.7,61.5,26.6,23.2,0.7742,1
NShelbyRd(pink)_SHB_12.11.2025_LS,SHB,521,7022,117.19,390.4,60.4,26.9,24.2,0.7992,1
NShelbyRd(pink)_SHB_12.11.2025_LS,SHB,521,7023,117.21,387.8,61.0,26.7,23.4,0.789,1
NShelbyRd(pink)_SHB_12.11.2025_LS,SHB,521,7024,117.22,384.8,60.7,26.1,22.4,0.7848,1
NShelbyRd(pink)_SHB_12.11.2025_LS,SHB,521,7025,117.24,382.2,60.5,26.0,23.0,0.7874,1
NShelbyRd(pink)_SHB_12.11.2025_LS,SHB,521,7026,117.26,379.6,61.4,26.8,23.0,0.7785,1
NShelbyRd(pink)_SHB_12.11.2025_LS,SHB,521,7027,117.27,377.0,59.9,27.0,22.8,0.8037,1
NShelbyRd(pink)_SHB_12.11.2025_LS,SHB,521,7028,117.29,374.4,59.9,26.5,22.8,0.7747,1
NShelbyRd(pink)_SHB_12.11.2025_LS,SHB,521,7029,117.31,371.1,60.1,26.6,22.4,0.761,1
NShelbyRd(pink)_SHB_12.11.2025_LS,SHB,521,7030,117.32,368.0,60.4,27.0,22.7,0.7683,1
NShelbyRd(pink)_SHB_12.11.2025_LS,SHB,521,7031,117.34,364.9,61.3,26.9,22.4,0.7843,1
NShelbyRd(pink)_SHB_12.11.2025_LS,SHB,521,7032,117.36,362.0,60.3,26.9,22.8,0.7998,1
NShelbyRd(pink)_SHB_12.11.2025_LS,SHB,521,7033,117.37,359.5,60.4,28.1,23.7,0.789,1
NShelbyRd(pink)_SHB_12.11.2025_LS,SHB,521,7034,117.39,357.1,60.6,28.1,23.5,0.7782,1
NShelbyRd(pink)_SHB_12.11.2025_LS,SHB,521,7035,117.41,354.8,60.6,27.0,22.4,0.7849,1
NShelbyRd(pink)_SHB_12.11.2025_LS,SHB,521,7036,117.42,352.0,61.6,26.9,22.5,0.8046,1
NShelbyRd(pink)_SHB_12.11.2025_LS,SHB,521,7037,117.44,349.1,61.4,27.4,22.8,0.8032,1
NShelbyRd(pink)_SHB_12.11.2025_LS,SHB,521,7038,117.46,346.4,62.9,27.5,22.9,0.8171,1
NShelbyRd(pink)_SHB_12.11.2025_LS,SHB,521,7039,117.47,343.9,63.2,27.5,23.3,0.8104,1
NShelbyRd(pink)_SHB_12.11.2025_LS,SHB,521,7040,117.49,341.3,63.1,27.0,23.1,0.8084,1
NShelbyRd(pink)_SHB_12.11.2025_LS,SHB,521,7041,117.51,338.2,64.4,27.7,22.7,0.7714,1
NShelbyRd(pink)_SHB_12.11.2025_LS,SHB,521,7042,117.52,334.8,63.4,27.7,23.0,0.8091,1
NShelbyRd(pink)_SHB_12.11.2025_LS,SHB,521,7043,117.54,331.7,64.5,27.0,22.7,0.7726,1
NShelbyRd(pink)_SHB_12.11.2025_LS,SHB,521,7044,117.56,328.3,65.2,25.9,21.8,0.7703,1
NShelbyRd(pink)_SHB_12.11.2025_LS,SHB,521,7047,117.61,321.1,64.0,24.7,21.2,0.7232,1
NShelbyRd(pink)_SHB_12.11.2025_LS,SHB,521,7048,117.62,318.4,65.5,27.0,22.9,0.7668,1
NShelbyRd(pink)_SHB_12.11.2025_LS,SHB,521,7049,117.64,315.8,66.1,28.0,23.6,0.7929,1
NShelbyRd(pink)_SHB_12.11.2025_LS,SHB,521,7050,117.66,312.7,66.0,28.2,23.6,0.7683,1
NShelbyRd(pink)_SHB_12.11.2025_LS,SHB,521,7051,117.67,310.3,66.7,29.1,24.0,0.783,1
NShelbyRd(pink)_SHB_12.11.2025_LS,SHB,521,7052,117.69,306.9,66.9,28.5,23.9,0.8202,1
NShelbyRd(pink)_SHB_12.11.2025_LS,SHB,521,7053,117.71,303.7,67.6,27.0,22.5,0.7912,1
NShelbyRd(pink)_SHB_12.11.2025_LS,SHB,521,7054,117.72,301.7,68.6,28.2,23.2,0.7951,1
NShelbyRd(pink)_SHB_12.11.2025_LS,SHB,521,7055,117.74,299.3,68.5,28.5,24.0,0.8109,1
NShelbyRd(pink)_SHB_12.11.2025_LS,SHB,521,7056,117.76,296.5,69.1,28.2,24.0,0.7749,1
NShelbyRd(pink)_SHB_12.11.2025_LS,SHB,521,7057,117.77,293.8,68.9,28.3,23.8,0.7749,1
NShelbyRd(pink)_SHB_12.11.2025_LS,SHB,521,7058,117.79,291.0,69.7,28.0,23.3,0.8039,1
NShelbyRd(pink)_SHB_12.11.2025_LS,SHB,521,7059,117.81,288.2,70.7,27.7,23.5,0.8079,1
NShelbyRd(pink)_SHB_12.11.2025_LS,SHB,521,7060,117.82,285.0,70.6,27.8,23.7,0.8021,1
NShelbyRd(pink)_SHB_12.11.2025_LS,SHB,521,7061,117.84,282.2,71.3,27.0,23.3,0.8094,1
NShelbyRd(pink)_SHB_12.11.2025_LS,SHB,521,7062,117.86,279.1,71.6,27.4,24.1,0.8152,1
NShelbyRd(pink)_SHB_12.11.2025_LS,SHB,521,7063,117.87,276.3,71.9,27.2,23.6,0.7939,1
NShelbyRd(pink)_SHB_12.11.2025_LS,SHB,521,7064,117.89,273.6,73.2,27.7,23.7,0.7573,1
NShelbyRd(pink)_SHB_12.11.2025_LS,SHB,521,7065,117.91,271.3,72.8,27.4,23.8,0.7881,1
NShelbyRd(pink)_SHB_12.11.2025_LS,SHB,521,7066,117.93,268.8,73.4,27.7,24.1,0.7839,1
NShelbyRd(pink)_SHB_12.11.2025_LS,SHB,521,7067,117.94,265.8,73.9,27.8,24.3,0.7733,1
NShelbyRd(pink)_SHB_12.11.2025_LS,SHB,521,7068,117.96,263.0,74.3,27.3,23.7,0.7803,1
NShelbyRd(pink)_SHB_12.11.2025_LS,SHB,521,7069,117.98,260.5,74.7,27.4,23.4,0.7943,1
NShelbyRd(pink)_SHB_12.11.2025_LS,SHB,521,7070,117.99,258.6,74.7,27.8,23.6,0.8019,1
NShelbyRd(pink)_SHB_12.11.2025_LS,SHB,521,7071,118.01,256.3,75.0,26.8,22.5,0.5921,1
NShelbyRd(pink)_SHB_12.11.2025_LS,SHB,521,7072,118.03,252.6,74.6,27.3,22.9,0.5747,1
NShelbyRd(pink)_SHB_12.11.2025_LS,SHB,521,7073,118.04,249.6,75.3,27.5,24.0,0.7632,1
NShelbyRd(pink)_SHB_12.11.2025_LS,SHB,521,7074,118.06,246.9,75.4,27.4,24.4,0.7811,1
NShelbyRd(pink)_SHB_12.11.2025_LS,SHB,521,7075,118.08,244.2,75.5,26.8,23.8,0.7915,1
NShelbyRd(pink)_SHB_12.11.2025_LS,SHB,521,7076,118.09,242.0,75.4,26.8,23.7,0.755,1
NShelbyRd(pink)_SHB_12.11.2025_LS,SHB,521,7077,118.11,239.5,76.2,26.1,23.0,0.7685,1
NShelbyRd(pink)_SHB_12.11.2025_LS,SHB,521,7078,118.13,236.8,77.1,25.5,21.6,0.5224,1
NShelbyRd(pink)_SHB_12.11.2025_LS,SHB,521,7084,118.23,217.6,78.5,24.4,19.5,0.4996,1
NShelbyRd(pink)_SHB_12.11.2025_LS,SHB,521,7086,118.26,214.2,77.7,25.3,20.3,0.537,1
NShelbyRd(pink)_SHB_12.11.2025_LS,SHB,521,7087,118.28,212.1,77.7,25.9,21.0,0.5755,1
NShelbyRd(pink)_SHB_12.11.2025_LS,SHB,521,7088,118.29,210.6,77.9,26.0,22.1,0.6921,1
NShelbyRd(pink)_SHB_12.11.2025_LS,SHB,521,7089,118.31,208.3,77.4,24.9,21.5,0.6856,1
NShelbyRd(pink)_SHB_12.11.2025_LS,SHB,521,7090,118.33,206.0,77.5,24.7,21.8,0.6987,1
NShelbyRd(pink)_SHB_12.11.2025_LS,SHB,521,7091,118.34,203.7,77.5,25.0,22.3,0.707,1
NShelbyRd(pink)_SHB_12.11.2025_LS,SHB,521,7092,118.36,201.0,75.8,25.2,22.8,0.7578,1
NShelbyRd(pink)_SHB_12.11.2025_LS,SHB,521,7093,118.38,198.3,76.9,25.6,23.4,0.7626,1
NShelbyRd(pink)_SHB_12.11.2025_LS,SHB,521,7094,118.39,195.5,76.3,26.1,24.0,0.7666,1
NShelbyRd(pink)_SHB_12.11.2025_LS,SHB,521,7095,118.41,193.7,75.6,25.4,23.5,0.7375,1
NShelbyRd(pink)_SHB_12.11.2025_LS,SHB,521,7096,118.43,191.3,76.5,25.2,23.3,0.7608,1
NShelbyRd(pink)_SHB_12.11.2025_LS,SHB,521,7097,118.44,188.4,76.2,25.8,24.0,0.778,1
NShelbyRd(pink)_SHB_12.11.2025_LS,SHB,521,7098,118.46,185.1,77.2,25.8,23.6,0.7741,1
NShelbyRd(pink)_SHB_12.11.2025_LS,SHB,521,7099,118.48,182.3,77.0,26.1,24.1,0.789,1
NShelbyRd(pink)_SHB_12.11.2025_LS,SHB,521,7100,118.49,180.5,77.1,25.9,23.9,0.7803,1
NShelbyRd(pink)_SHB_12.11.2025_LS,SHB,521,7101,118.51,178.6,77.0,26.2,24.2,0.7695,1
NShelbyRd(pink)_SHB_12.11.2025_LS,SHB,521,7102,118.53,176.4,76.8,25.6,23.8,0.7928,1
NShelbyRd(pink)_SHB_12.11.2025_LS,SHB,521,7103,118.54,173.8,77.7,26.0,23.9,0.7777,1
NShelbyRd(pink)_SHB_12.11.2025_LS,SHB,521,7104,118.56,170.6,77.3,26.6,23.9,0.7811,1
NShelbyRd(pink)_SHB_12.11.2025_LS,SHB,521,7105,118.58,167.5,77.2,27.4,24.1,0.7948,1
NShelbyRd(pink)_SHB_12.11.2025_LS,SHB,521,7106,118.59,164.9,77.6,27.7,23.6,0.7515,1
NShelbyRd(pink)_SHB_12.11.2025_LS,SHB,521,7107,118.61,162.1,76.9,27.3,23.8,0.7779,1
NShelbyRd(pink)_SHB_12.11.2025_LS,SHB,521,7108,118.63,160.0,77.4,26.7,23.2,0.7754,1
NShelbyRd(pink)_SHB_12.11.2025_LS,SHB,521,7109,118.64,157.0,76.8,27.6,24.5,0.7684,1
NShelbyRd(pink)_SHB_12.11.2025_LS,SHB,521,7110,118.66,155.3,76.5,26.8,23.9,0.7926,1
NShelbyRd(pink)_SHB_12.11.2025_LS,SHB,521,7111,118.68,152.7,77.5,26.8,23.4,0.7683,1
NShelbyRd(pink)_SHB_12.11.2025_LS,SHB,521,7112,118.69,149.7,77.2,26.4,23.8,0.7957,1
NShelbyRd(pink)_SHB_12.11.2025_LS,SHB,521,7113,118.71,147.5,77.6,26.5,23.5,0.8036,1
NShelbyRd(pink)_SHB_12.11.2025_LS,SHB,521,7114,118.73,145.0,77.5,26.5,23.8,0.7892,1
NShelbyRd(pink)_SHB_12.11.2025_LS,SHB,521,7115,118.74,142.6,77.2,26.2,24.0,0.7837,1
NShelbyRd(pink)_SHB_12.11.2025_LS,SHB,521,7116,118.76,140.5,77.3,25.9,23.6,0.8149,1
NShelbyRd(pink)_SHB_12.11.2025_LS,SHB,521,7117,118.78,138.0,77.0,25.9,23.9,0.8051,1
NShelbyRd(pink)_SHB_12.11.2025_LS,SHB,521,7118,118.79,135.6,77.2,26.1,23.7,0.8251,1
NShelbyRd(pink)_SHB_12.11.2025_LS,SHB,521,7119,118.81,132.9,77.2,26.5,23.7,0.792,1
NShelbyRd(pink)_SHB_12.11.2025_LS,SHB,521,7120,118.83,130.8,77.2,26.6,23.8,0.7854,1
NShelbyRd(pink)_SHB_12.11.2025_LS,SHB,521,7121,118.84,128.4,76.9,27.1,24.1,0.8032,1
NShelbyRd(pink)_SHB_12.11.2025_LS,SHB,521,7122,118.86,125.6,77.0,27.0,23.9,0.8033,1
NShelbyRd(pink)_SHB_12.11.2025_LS,SHB,521,7123,118.88,123.5,76.8,27.6,24.2,0.8015,1
NShelbyRd(pink)_SHB_12.11.2025_LS,SHB,521,7124,118.89,120.8,76.4,27.5,24.1,0.7748,1
NShelbyRd(pink)_SHB_12.11.2025_LS,SHB,521,7125,118.91,118.1,76.2,27.4,24.1,0.7927,1
NShelbyRd(pink)_SHB_12.11.2025_LS,SHB,521,7126,118.93,116.0,76.2,27.5,24.2,0.7939,1
NShelbyRd(pink)_SHB_12.11.2025_LS,SHB,521,7127,118.94,113.4,76.2,28.3,25.2,0.7783,1
NShelbyRd(pink)_SHB_12.11.2025_LS,SHB,521,7128,118.96,110.4,76.4,27.4,23.6,0.7861,1
NShelbyRd(pink)_SHB_12.11.2025_LS,SHB,521,7129,118.98,108.1,75.8,27.7,23.9,0.7845,1
NShelbyRd(pink)_SHB_12.11.2025_LS,SHB,521,7130,118.99,105.4,76.2,28.4,24.6,0.7935,1
NShelbyRd(pink)_SHB_12.11.2025_LS,SHB,521,7131,119.01,104.1,76.0,28.0,24.5,0.7965,1
NShelbyRd(pink)_SHB_12.11.2025_LS,SHB,521,7132,119.03,102.3,76.1,28.5,24.5,0.7652,1
NShelbyRd(pink)_SHB_12.11.2025_LS,SHB,521,7133,119.04,99.7,76.7,28.4,24.2,0.7836,1
NShelbyRd(pink)_SHB_12.11.2025_LS,SHB,521,7134,119.06,96.7,77.7,27.4,23.3,0.8071,1
NShelbyRd(pink)_SHB_12.11.2025_LS,SHB,521,7135,119.08,94.3,77.9,26.7,23.0,0.7823,1
NShelbyRd(pink)_SHB_12.11.2025_LS,SHB,521,7136,119.09,92.9,77.6,26.0,22.3,0.6904,1
NShelbyRd(pink)_SHB_12.11.2025_LS,SHB,521,7139,119.14,84.6,76.8,29.9,25.5,0.7669,1
NShelbyRd(pink)_SHB_12.11.2025_LS,SHB,521,7140,119.16,82.7,76.6,28.9,24.9,0.7585,1
NShelbyRd(pink)_SHB_12.11.2025_LS,SHB,521,7141,119.18,81.5,76.2,29.2,24.9,0.752,1
NShelbyRd(pink)_SHB_12.11.2025_LS,SHB,521,7142,119.19,78.4,76.3,29.0,25.3,0.7458,1
NShelbyRd(pink)_SHB_12.11.2025_LS,SHB,521,7143,119.21,77.0,76.3,28.3,24.7,0.7402,1
NShelbyRd(pink)_SHB_12.11.2025_LS,SHB,521,7144,119.23,74.5,75.0,29.7,25.4,0.7088,1
NShelbyRd(pink)_SHB_12.11.2025_LS,SHB,521,7145,119.24,72.1,75.3,28.8,25.4,0.701,1
NShelbyRd(pink)_SHB_12.11.2025_LS,SHB,521,7146,119.26,69.3,75.7,28.8,24.9,0.7269,1
NShelbyRd(pink)_SHB_12.11.2025_LS,SHB,521,7147,119.28,66.2,74.6,29.9,24.8,0.7546,1
NShelbyRd(pink)_SHB_12.11.2025_LS,SHB,521,7148,119.29,63.6,74.2,29.4,24.4,0.767,1
NShelbyRd(pink)_SHB_12.11.2025_LS,SHB,521,7149,119.31,61.7,74.3,27.4,23.4,0.684,1
NShelbyRd(pink)_SHB_12.11.2025_LS,SHB,521,7150,119.33,59.4,74.8,25.1,21.2,0.1288,1
NShelbyRd(pink)_SHB_12.11.2025_LS,SHB,521,7151,119.34,57.0,75.4,24.1,20.4,0.5557,1
NShelbyRd(pink)_SHB_12.11.2025_LS,SHB,521,7152,119.36,53.7,73.9,26.0,21.2,0.5859,1
NShelbyRd(pink)_SHB_12.11.2025_LS,SHB,521,7153,119.38,51.1,74.4,26.1,22.2,0.7373,1
NShelbyRd(pink)_SHB_12.11.2025_LS,SHB,521,7154,119.39,48.0,74.1,27.5,23.6,0.7212,1
NShelbyRd(pink)_SHB_12.11.2025_LS,SHB,521,7155,119.41,44.8,73.8,27.7,23.0,0.6981,1
NShelbyRd(pink)_SHB_12.11.2025_LS,SHB,521,7156,119.43,41.8,74.0,26.3,22.3,0.7313,1
NShelbyRd(pink)_SHB_12.11.2025_LS,SHB,521,7157,119.44,38.5,73.4,25.5,21.1,0.6483,1
NShelbyRd(pink)_SHB_12.11.2025_LS,SHB,521,7160,119.49,30.6,71.8,25.4,20.1,0.2684,1
NShelbyRd(pink)_SHB_12.11.2025_LS,SHB,521,7161,119.51,28.4,72.3,26.4,21.6,0.74,1
NShelbyRd(pink)_SHB_12.11.2025_LS,SHB,521,7162,119.53,24.4,72.7,26.6,22.3,0.7351,1
NShelbyRd(pink)_SHB_12.11.2025_LS,SHB,521,7163,119.54,20.8,72.4,26.5,22.2,0.7292,1
NShelbyRd(pink)_SHB_12.11.2025_LS,SHB,521,7164,119.56,17.7,73.6,26.5,22.6,0.6906,1
NShelbyRd(pink)_SHB_12.11.2025_LS,SHB,521,7165,119.58,15.4,73.4,26.9,23.2,0.6387,1
NShelbyRd(pink)_SHB_12.11.2025_LS,SHB,521,7166,119.59,13.2,72.5,26.3,23.6,0.67,1
NShelbyRd(pink)_SHB_12.11.2025_LS,SHB,521,7167,119.61,11.8,72.3,23.6,22.3,0.5978,1
NShelbyRd(pink)_SHB_12.11.2025_LS,SHB,521,7168,119.63,9.5,71.8,19.1,21.6,0.6279,1
NShelbyRd(pink)_SHB_12.11.2025_LS,SHB,521,7169,119.64,8.1,72.2,16.2,21.7,0.597,1
NShelbyRd(pink)_SHB_12.11.2025_LS,SHB,521,7170,119.66,6.5,71.7,12.9,21.4,0.4797,1
NShelbyRd(pink)_SHB_12.11.2025_LS,SHB,524,6979,116.47,395.6,64.7,22.0,18.0,0.5593,1
NShelbyRd(pink)_SHB_12.11.2025_LS,SHB,524,6980,116.49,394.2,65.0,21.6,17.3,0.6741,1
NShelbyRd(pink)_SHB_12.11.2025_LS,SHB,524,6981,116.51,393.8,64.9,21.8,17.0,0.6446,1
NShelbyRd(pink)_SHB_12.11.2025_LS,SHB,524,6982,116.52,390.7,65.2,21.9,17.0,0.6329,1
NShelbyRd(pink)_SHB_12.11.2025_LS,SHB,524,6983,116.54,387.8,65.8,21.4,16.9,0.504,1
NShelbyRd(pink)_SHB_12.11.2025_LS,SHB,524,6984,116.56,385.0,65.4,20.9,16.7,0.6025,1
NShelbyRd(pink)_SHB_12.11.2025_LS,SHB,524,6985,116.57,383.1,65.8,21.8,17.3,0.4803,1
NShelbyRd(pink)_SHB_12.11.2025_LS,SHB,524,6986,116.59,380.6,66.0,21.6,16.9,0.5513,1
NShelbyRd(pink)_SHB_12.11.2025_LS,SHB,524,6987,116.61,377.8,66.0,21.1,16.7,0.5154,1
NShelbyRd(pink)_SHB_12.11.2025_LS,SHB,524,6988,116.62,374.7,66.2,21.5,16.8,0.5354,1
NShelbyRd(pink)_SHB_12.11.2025_LS,SHB,524,6989,116.64,372.2,66.2,21.1,16.4,0.5971,1
NShelbyRd(pink)_SHB_12.11.2025_LS,SHB,524,6990,116.66,371.1,66.6,21.0,16.4,0.693,1
NShelbyRd(pink)_SHB_12.11.2025_LS,SHB,524,6991,116.67,367.8,66.4,20.9,16.8,0.6287,1
NShelbyRd(pink)_SHB_12.11.2025_LS,SHB,524,6992,116.69,365.6,66.2,20.9,16.5,0.6725,1
NShelbyRd(pink)_SHB_12.11.2025_LS,SHB,524,6993,116.71,363.1,66.3,21.2,16.4,0.5871,1
NShelbyRd(pink)_SHB_12.11.2025_LS,SHB,524,6994,116.72,361.6,66.5,21.0,16.1,0.5358,1
NShelbyRd(pink)_SHB_12.11.2025_LS,SHB,524,6995,116.74,358.6,65.9,21.1,16.5,0.4888,1
NShelbyRd(pink)_SHB_12.11.2025_LS,SHB,524,6996,116.76,355.3,65.9,21.4,16.9,0.5424,1
NShelbyRd(pink)_SHB_12.11.2025_LS,SHB,524,6997,116.77,352.8,65.8,21.2,16.9,0.6139,1
NShelbyRd(pink)_SHB_12.11.2025_LS,SHB,524,6998,116.79,351.5,66.0,21.2,16.9,0.5979,1
NShelbyRd(pink)_SHB_12.11.2025_LS,SHB,524,6999,116.81,350.2,66.2,20.8,16.7,0.5576,1
NShelbyRd(pink)_SHB_12.11.2025_LS,SHB,524,7000,116.82,348.3,66.6,20.9,16.5,0.5672,1
NShelbyRd(pink)_SHB_12.11.2025_LS,SHB,524,7001,116.84,345.6,66.6,21.3,17.1,0.4702,1
NShelbyRd(pink)_SHB_12.11.2025_LS,SHB,524,7002,116.86,342.0,66.9,21.6,17.4,0.4809,1
NShelbyRd(pink)_SHB_12.11.2025_LS,SHB,524,7003,116.87,339.5,67.2,21.6,17.6,0.4858,1
NShelbyRd(pink)_SHB_12.11.2025_LS,SHB,524,7004,116.89,337.9,67.0,21.3,17.1,0.5085,1
NShelbyRd(pink)_SHB_12.11.2025_LS,SHB,524,7005,116.91,335.9,67.0,21.0,16.9,0.5352,1
NShelbyRd(pink)_SHB_12.11.2025_LS,SHB,524,7006,116.92,333.8,66.2,21.3,17.0,0.4482,1
NShelbyRd(pink)_SHB_12.11.2025_LS,SHB,524,7007,116.94,331.1,65.9,21.4,17.1,0.5462,1
NShelbyRd(pink)_SHB_12.11.2025_LS,SHB,524,7008,116.96,328.4,65.9,21.3,17.2,0.542,1
NShelbyRd(pink)_SHB_12.11.2025_LS,SHB,524,7009,116.97,325.9,65.5,21.3,17.3,0.4084,1
NShelbyRd(pink)_SHB_12.11.2025_LS,SHB,524,7010,116.99,323.1,65.2,21.1,17.2,0.5253,1
NShelbyRd(pink)_SHB_12.11.2025_LS,SHB,524,7011,117.01,318.6,64.6,22.8,18.1,0.4233,1
NShelbyRd(pink)_SHB_12.11.2025_LS,SHB,524,7012,117.02,314.4,64.7,22.6,17.8,0.1598,1
NShelbyRd(pink)_SHB_12.11.2025_LS,SHB,524,7013,117.04,311.6,65.8,21.4,17.0,0.2533,1
NShelbyRd(pink)_SHB_12.11.2025_LS,SHB,524,7014,117.06,310.8,66.0,21.1,16.8,0.4792,1
NShelbyRd(pink)_SHB_12.11.2025_LS,SHB,524,7015,117.07,310.0,66.0,21.3,17.0,0.4427,1
NShelbyRd(pink)_SHB_12.11.2025_LS,SHB,524,7016,117.09,306.5,66.7,21.0,17.0,0.6308,1
NShelbyRd(pink)_SHB_12.11.2025_LS,SHB,524,7017,117.11,304.7,66.4,21.3,17.2,0.4338,1
NShelbyRd(pink)_SHB_12.11.2025_LS,SHB,524,7018,117.12,300.3,66.5,21.7,16.9,0.469,1
NShelbyRd(pink)_SHB_12.11.2025_LS,SHB,524,7019,117.14,297.2,66.4,21.5,16.8,0.604,1
NShelbyRd(pink)_SHB_12.11.2025_LS,SHB,524,7020,117.16,294.4,66.2,21.1,16.8,0.6807,1
NShelbyRd(pink)_SHB_12.11.2025_LS,SHB,524,7021,117.17,293.3,66.3,20.9,16.6,0.6611,1
NShelbyRd(pink)_SHB_12.11.2025_LS,SHB,524,7022,117.19,292.0,66.4,21.1,16.5,0.5742,1
NShelbyRd(pink)_SHB_12.11.2025_LS,SHB,524,7023,117.21,289.3,66.4,21.2,16.3,0.4389,1
NShelbyRd(pink)_SHB_12.11.2025_LS,SHB,524,7024,117.22,284.8,66.3,21.1,16.4,0.6464,1
NShelbyRd(pink)_SHB_12.11.2025_LS,SHB,524,7025,117.24,282.6,66.1,21.0,16.4,0.6571,1
NShelbyRd(pink)_SHB_12.11.2025_LS,SHB,524,7026,117.26,281.1,66.2,21.1,16.5,0.597,1
NShelbyRd(pink)_SHB_12.11.2025_LS,SHB,524,7027,117.27,277.2,64.9,21.1,17.5,0.6251,1
NShelbyRd(pink)_SHB_12.11.2025_LS,SHB,524,7028,117.29,274.0,65.3,21.1,16.8,0.649,1
NShelbyRd(pink)_SHB_12.11.2025_LS,SHB,524,7029,117.31,271.8,65.6,21.3,16.6,0.5387,1
NShelbyRd(pink)_SHB_12.11.2025_LS,SHB,524,7035,117.41,251.4,66.5,21.1,16.3,0.3655,1
NShelbyRd(pink)_SHB_12.11.2025_LS,SHB,524,7036,117.42,250.7,66.0,21.7,16.8,0.188,1
NShelbyRd(pink)_SHB_12.11.2025_LS,SHB,524,7037,117.44,251.3,66.3,21.4,16.5,0.344,1
NShelbyRd(pink)_SHB_12.11.2025_LS,SHB,524,7038,117.46,250.7,67.2,21.5,16.8,0.1406,1
NShelbyRd(pink)_SHB_12.11.2025_LS,SHB,524,7039,117.47,248.3,67.8,20.8,16.3,0.2245,1
NShelbyRd(pink)_SHB_12.11.2025_LS,SHB,524,7040,117.49,245.6,68.3,21.1,16.4,0.4119,1
NShelbyRd(pink)_SHB_12.11.2025_LS,SHB,524,7041,117.51,244.1,69.0,21.3,16.5,0.3462,1
NShelbyRd(pink)_SHB_12.11.2025_LS,SHB,524,7042,117.52,241.3,69.3,21.2,16.5,0.1414,1
NShelbyRd(pink)_SHB_12.11.2025_LS,SHB,524,7066,117.93,184.1,76.9,22.9,19.1,0.4288,1
NShelbyRd(pink)_SHB_12.11.2025_LS,SHB,524,7067,117.94,182.6,77.5,23.1,19.1,0.3616,1
NShelbyRd(pink)_SHB_12.11.2025_LS,SHB,524,7068,117.96,179.3,78.0,22.7,18.7,0.2651,1
NShelbyRd(pink)_SHB_12.11.2025_LS,SHB,524,7069,117.98,176.7,78.4,22.1,18.4,0.1354,1
NShelbyRd(pink)_SHB_12.11.2025_LS,SHB,524,7070,117.99,174.3,78.5,22.1,18.2,0.2062,1
NShelbyRd(pink)_SHB_12.11.2025_LS,SHB,524,7071,118.01,172.2,77.7,22.6,18.4,0.2426,1
NShelbyRd(pink)_SHB_12.11.2025_LS,SHB,524,7072,118.03,170.7,77.4,22.9,18.3,0.1702,1
NShelbyRd(pink)_SHB_12.11.2025_LS,SHB,524,7073,118.04,167.5,77.1,23.1,18.0,0.1092,1
NShelbyRd(pink)_SHB_12.11.2025_LS,SHB,524,7074,118.06,166.1,76.8,23.3,18.0,0.4432,1
NShelbyRd(pink)_SHB_12.11.2025_LS,SHB,524,7075,118.08,165.4,77.0,22.2,17.1,0.3134,1
NShelbyRd(pink)_SHB_12.11.2025_LS,SHB,524,7076,118.09,164.7,77.2,22.3,16.8,0.1141,1
NShelbyRd(pink)_SHB_12.11.2025_LS,SHB,524,7077,118.11,162.7,78.3,22.6,17.4,0.4276,1
NShelbyRd(pink)_SHB_12.11.2025_LS,SHB,524,7078,118.13,158.5,79.1,22.3,17.5,0.3902,1
NShelbyRd(pink)_SHB_12.11.2025_LS,SHB,524,7079,118.14,155.1,79.2,22.4,17.4,0.3624,1
NShelbyRd(pink)_SHB_12.11.2025_LS,SHB,527,7080,118.16,218.9,79.7,22.3,18.6,0.5658,0
NShelbyRd(pink)_SHB_12.11.2025_LS,SHB,527,7081,118.18,215.4,79.3,22.3,18.3,0.4792,0
NShelbyRd(pink)_SHB_12.11.2025_LS,SHB,527,7082,118.19,216.0,78.4,23.4,19.1,0.5781,0
NShelbyRd(pink)_SHB_12.11.2025_LS,SHB,527,7083,118.21,215.5,79.1,23.3,18.9,0.6391,0
NShelbyRd(pink)_SHB_12.11.2025_LS,SHB,527,7085,118.24,211.2,79.1,23.2,18.5,0.3616,0
OikosRd_TON_12.03.25_LS,TON,540,521,8.69,617.5,365.8,44.4,29.4,0.4603,1
OikosRd_TON_12.03.25_LS,TON,540,522,8.7,617.4,365.1,44.3,29.8,0.5066,1
OikosRd_TON_12.03.25_LS,TON,540,523,8.72,618.6,364.9,42.3,29.5,0.4969,1
OikosRd_TON_12.03.25_LS,TON,540,524,8.74,617.2,364.7,45.4,31.3,0.2105,1
OikosRd_TON_12.03.25_LS,TON,540,525,8.75,618.5,364.1,41.3,29.7,0.6065,1
OikosRd_TON_12.03.25_LS,TON,540,526,8.77,618.6,364.0,41.1,29.1,0.5984,1
OikosRd_TON_12.03.25_LS,TON,540,527,8.79,617.0,364.1,45.3,30.0,0.1976,1
OikosRd_TON_12.03.25_LS,TON,540,528,8.8,616.4,363.7,44.6,29.3,0.3852,1
OikosRd_TON_12.03.25_LS,TON,540,529,8.82,616.1,363.1,43.2,28.5,0.4954,1
OikosRd_TON_12.03.25_LS,TON,540,530,8.84,612.9,364.2,47.5,28.3,0.2025,1
OikosRd_TON_12.03.25_LS,TON,540,531,8.85,611.4,364.7,48.4,29.1,0.1318,1
OikosRd_TON_12.03.25_LS,TON,540,532,8.87,609.7,364.3,46.8,29.1,0.155,1
OikosRd_TON_12.03.25_LS,TON,540,537,8.95,600.4,365.8,45.8,27.9,0.3585,1
OikosRd_TON_12.03.25_LS,TON,540,538,8.97,599.7,365.9,44.9,28.3,0.3621,1
OikosRd_TON_12.03.25_LS,TON,540,539,8.99,597.2,366.6,44.2,28.3,0.3767,1
OikosRd_TON_12.03.25_LS,TON,540,540,9.0,594.1,366.1,45.9,30.3,0.163,1
OikosRd_TON_12.03.25_LS,TON,540,541,9.02,592.7,365.7,44.8,29.6,0.1395,1
OikosRd_TON_12.03.25_LS,TON,540,542,9.04,594.4,365.8,38.6,28.7,0.1357,1
OikosRd_TON_12.03.25_LS,TON,540,543,9.05,592.9,364.9,38.5,27.5,0.517,1
OikosRd_TON_12.03.25_LS,TON,540,544,9.07,590.4,364.2,42.7,26.9,0.3762,1
OikosRd_TON_12.03.25_LS,TON,540,545,9.09,589.5,364.4,39.6,25.7,0.5811,1
OikosRd_TON_12.03.25_LS,TON,540,546,9.1,586.6,362.5,40.4,25.9,0.4672,1
OikosRd_TON_12.03.25_LS,TON,540,547,9.12,585.2,361.7,41.6,26.1,0.5484,1
OikosRd_TON_12.03.25_LS,TON,540,548,9.14,585.3,361.1,37.6,26.9,0.6298,1
OikosRd_TON_12.03.25_LS,TON,540,549,9.15,584.2,359.0,34.9,26.4,0.5074,1
OikosRd_TON_12.03.25_LS,TON,540,550,9.17,582.8,358.9,33.9,25.9,0.4595,1
OikosRd_TON_12.03.25_LS,TON,540,551,9.19,583.3,357.3,35.0,28.6,0.3429,1
OikosRd_TON_12.03.25_LS,TON,540,552,9.2,582.8,355.6,35.6,28.4,0.2444,1
OikosRd_TON_12.03.25_LS,TON,540,553,9.22,583.2,355.9,36.1,29.8,0.2375,1
OikosRd_TON_12.03.25_LS,TON,540,564,9.4,560.2,341.7,34.4,30.0,0.5495,1
OikosRd_TON_12.03.25_LS,TON,540,565,9.42,556.1,341.7,36.4,31.5,0.5854,1
OikosRd_TON_12.03.25_LS,TON,540,566,9.44,552.7,339.5,36.6,30.2,0.5225,1
OikosRd_TON_12.03.25_LS,TON,540,567,9.45,550.7,338.8,36.7,31.0,0.4704,1
OikosRd_TON_12.03.25_LS,TON,540,568,9.47,549.6,340.3,35.9,30.3,0.5196,1
OikosRd_TON_12.03.25_LS,TON,540,570,9.5,549.2,339.4,36.6,29.8,0.3603,1
OikosRd_TON_12.03.25_LS,TON,540,571,9.52,546.1,339.9,35.4,29.7,0.2615,1
OikosRd_TON_12.03.25_LS,TON,544,1271,21.19,446.1,365.2,54.1,33.3,0.5244,0
OikosRd_TON_12.03.25_LS,TON,544,1272,21.21,441.0,364.6,52.1,35.1,0.5052,0
OikosRd_TON_12.03.25_LS,TON,544,1273,21.22,438.2,362.9,47.6,35.9,0.5138,0
OikosRd_TON_12.03.25_LS,TON,544,1274,21.24,432.4,363.3,43.7,38.1,0.1299,0
OikosRd_TON_12.03.25_LS,TON,548,1331,22.19,190.7,349.8,48.2,37.5,0.5473,0
OikosRd_TON_12.03.25_LS,TON,548,1332,22.21,186.6,351.5,55.6,42.5,0.583,0
OikosRd_TON_12.03.25_LS,TON,548,1333,22.22,181.6,352.7,56.8,41.5,0.6498,0
OikosRd_TON_12.03.25_LS,TON,548,1334,22.24,176.8,353.7,56.2,39.4,0.6209,0
OikosRd_TON_12.03.25_LS,TON,549,1338,22.31,153.4,357.4,43.7,24.8,0.646,0
OikosRd_TON_12.03.25_LS,TON,549,1339,22.32,149.7,360.5,54.1,31.2,0.6312,0
OikosRd_TON_12.03.25_LS,TON,549,1340,22.34,143.3,361.6,51.7,30.1,0.7446,0
OikosRd_TON_12.03.25_LS,TON,549,1341,22.36,135.3,360.1,49.6,28.4,0.5633,0
OikosRd_TON_12.03.25_LS,TON,549,1342,22.37,134.7,360.0,54.9,32.9,0.6057,0
OikosRd_TON_12.03.25_LS,TON,549,1343,22.39,131.2,362.6,59.1,33.8,0.6498,0
OikosRd_TON_12.03.25_LS,TON,549,1344,22.41,127.8,361.3,59.9,37.1,0.7276,0
OikosRd_TON_12.03.25_LS,TON,549,1345,22.42,123.3,363.0,59.0,37.1,0.608,0
OikosRd_TON_12.03.25_LS,TON,549,1346,22.44,118.4,365.0,60.0,38.5,0.7209,0
OikosRd_TON_12.03.25_LS,TON,549,1347,22.46,116.0,363.2,59.0,39.5,0.7322,0
OikosRd_TON_12.03.25_LS,TON,549,1348,22.47,112.0,364.8,58.9,39.4,0.6888,0
OikosRd_TON_12.03.25_LS,TON,549,1349,22.49,107.6,365.4,58.2,35.8,0.5698,0
OikosRd_TON_12.03.25_LS,TON,549,1350,22.51,104.5,362.7,58.7,36.8,0.4416,0
OikosRd_TON_12.03.25_LS,TON,549,1351,22.52,99.9,364.6,60.2,36.4,0.6122,0
OikosRd_TON_12.03.25_LS,TON,549,1352,22.54,95.9,364.5,60.2,33.9,0.6194,0
OikosRd_TON_12.03.25_LS,TON,549,1353,22.56,91.4,363.9,61.0,34.6,0.5712,0
OikosRd_TON_12.03.25_LS,TON,549,1354,22.57,83.3,366.0,53.9,33.4,0.5297,0
OikosRd_TON_12.03.25_LS,TON,567,3147,52.47,63.0,321.4,30.1,23.4,0.5335,0
OikosRd_TON_12.03.25_LS,TON,567,3148,52.48,57.6,322.1,28.4,21.8,0.5623,0
OikosRd_TON_12.03.25_LS,TON,567,3149,52.5,55.1,321.5,29.5,21.5,0.3478,0
OikosRd_TON_12.03.25_LS,TON,585,4894,81.59,590.6,24.3,51.0,47.0,0.6022,0
OikosRd_TON_12.03.25_LS,TON,585,4895,81.61,588.4,24.3,47.5,47.7,0.1279,0
OikosRd_TON_12.03.25_LS,TON,585,4898,81.66,563.1,23.5,49.9,45.3,0.5849,0
OikosRd_TON_12.03.25_LS,TON,585,4899,81.68,556.6,22.0,59.3,42.5,0.716,0
OikosRd_TON_12.03.25_LS,TON,585,4900,81.69,551.3,21.4,60.0,41.6,0.6448,0
OikosRd_TON_12.03.25_LS,TON,591,4904,81.76,524.4,22.8,58.1,44.2,0.616,0
OikosRd_TON_12.03.25_LS,TON,591,4911,81.88,474.5,20.5,43.8,40.9,0.5271,0
OikosRd_TON_12.03.25_LS,TON,591,4912,81.89,471.7,21.5,46.2,42.8,0.2739,0
OikosRd_TON_12.03.25_LS,TON,592,4906,81.79,513.5,22.2,62.0,43.5,0.4628,0
OikosRd_TON_12.03.25_LS,TON,592,4907,81.81,511.0,22.1,59.4,42.7,0.6757,0
OikosRd_TON_12.03.25_LS,TON,592,4908,81.83,502.8,22.1,60.5,42.6,0.6772,0
OikosRd_TON_12.03.25_LS,TON,592,4909,81.84,492.8,22.4,57.7,43.1,0.4594,0
OikosRd_TON_12.03.25_LS,TON,598,4924,82.09,356.7,73.4,54.6,45.5,0.6528,0
OikosRd_TON_12.03.25_LS,TON,598,4925,82.11,346.9,77.1,62.4,55.8,0.7707,0
OikosRd_TON_12.03.25_LS,TON,598,4926,82.13,336.8,75.8,66.5,56.2,0.7006,0
OikosRd_TON_12.03.25_LS,TON,598,4927,82.14,320.2,73.7,81.5,66.7,0.7585,0
OikosRd_TON_12.03.25_LS,TON,598,4928,82.16,309.5,72.6,91.0,67.1,0.7567,0
OikosRd_TON_12.03.25_LS,TON,598,4930,82.19,274.2,73.3,112.6,76.5,0.538,0
OikosRd_TON_12.03.25_LS,TON,598,4931,82.21,265.1,78.4,93.2,65.3,0.1455,0
OikosRd_TON_12.03.25_LS,TON,598,4932,82.23,252.9,79.2,81.7,59.9,0.7039,0
OikosRd_TON_12.03.25_LS,TON,598,4933,82.24,241.7,80.1,75.5,56.5,0.7394,0
OikosRd_TON_12.03.25_LS,TON,598,4934,82.26,232.4,80.5,65.0,53.2,0.7192,0
OikosRd_TON_12.03.25_LS,TON,598,4935,82.28,221.7,80.1,57.2,49.9,0.6765,0
OikosRd_TON_12.03.25_LS,TON,598,4936,82.29,211.7,77.7,60.1,48.9,0.6471,0
OikosRd_TON_12.03.25_LS,TON,598,4937,82.31,200.2,77.8,50.4,49.1,0.69,0
OikosRd_TON_12.03.25_LS,TON,598,4938,82.33,187.9,81.8,46.8,49.0,0.4114,0
OikosRd_TON_12.03.25_LS,TON,598,4939,82.34,178.6,78.2,47.8,51.1,0.3964,0
OikosRd_TON_12.03.25_LS,TON,598,4940,82.36,166.9,75.0,49.2,49.4,0.1966,0
OikosRd_TON_12.03.25_LS,TON,603,4942,82.39,206.9,60.7,46.4,43.2,0.6916,0
OikosRd_TON_12.03.25_LS,TON,603,4949,82.51,137.6,60.0,55.5,53.0,0.76,0
OikosRd_TON_12.03.25_LS,TON,603,4950,82.53,134.3,59.9,54.0,53.9,0.7915,0
OikosRd_TON_12.03.25_LS,TON,603,4951,82.54,122.2,60.4,55.6,55.6,0.7487,0
OikosRd_TON_12.03.25_LS,TON,622,8539,142.36,441.0,304.4,51.2,40.2,0.5798,0
OikosRd_TON_12.03.25_LS,TON,622,8540,142.38,431.4,303.4,52.4,40.0,0.5437,0
OikosRd_TON_12.03.25_LS,TON,622,8541,142.39,416.8,304.3,51.2,41.6,0.6199,0
OikosRd_TON_12.03.25_LS,TON,622,8542,142.41,404.6,301.6,53.4,45.1,0.6665,0
OikosRd_TON_12.03.25_LS,TON,622,8543,142.43,393.5,300.5,55.1,44.7,0.614,0
OikosRd_TON_12.03.25_LS,TON,622,8544,142.44,377.8,302.2,51.0,43.1,0.6561,0
OikosRd_TON_12.03.25_LS,TON,622,8545,142.46,364.6,303.2,52.8,41.9,0.44,0
OikosRd_TON_12.03.25_LS,TON,622,8546,142.48,350.9,305.0,53.2,40.5,0.2316,0
OikosRd_TON_12.03.25_LS,TON,631,8668,144.51,341.0,237.3,54.2,35.9,0.4771,0
OikosRd_TON_12.03.25_LS,TON,631,8669,144.53,329.9,238.0,53.0,35.5,0.5176,0
OikosRd_TON_12.03.25_LS,TON,631,8670,144.54,318.3,236.5,54.1,35.1,0.1005,0
OikosRd_TON_12.03.25_LS,TON,631,8671,144.56,304.0,237.8,56.2,34.3,0.4271,0
OikosRd_TON_12.03.25_LS,TON,631,8672,144.58,291.6,236.3,54.6,34.0,0.4258,0
OikosRd_TON_12.03.25_LS,TON,631,8673,144.59,277.5,235.9,54.8,34.1,0.272,0
OikosRd_TON_12.03.25_LS,TON,631,8674,144.61,265.0,236.9,53.1,32.8,0.4179,0
OikosRd_TON_12.03.25_LS,TON,631,8675,144.63,252.1,234.9,51.3,34.2,0.6175,0
OikosRd_TON_12.03.25_LS,TON,631,8676,144.64,240.9,234.0,51.5,35.0,0.3451,0
OikosRd_TON_12.03.25_LS,TON,631,8677,144.66,227.7,236.7,50.3,33.7,0.1972,0
OikosRd_TON_12.03.25_LS,TON,631,8678,144.68,213.3,234.2,50.2,34.2,0.1839,0
OikosRd_TON_12.03.25_LS,TON,631,8679,144.69,202.0,235.3,47.6,32.5,0.2198,0
OikosRd_TON_12.03.25_LS,TON,631,8680,144.71,190.0,237.1,48.3,30.5,0.2359,0
OikosRd_TON_12.03.25_LS,TON,631,8681,144.73,173.4,239.9,46.6,30.3,0.1395,0
OikosRd_TON_12.03.25_LS,TON,635,9383,156.43,362.9,204.5,33.0,32.2,0.6517,1
OikosRd_TON_12.03.25_LS,TON,635,9384,156.45,356.9,205.7,33.3,31.0,0.638,1
OikosRd_TON_12.03.25_LS,TON,635,9385,156.47,349.9,205.3,33.5,29.8,0.678,1
OikosRd_TON_12.03.25_LS,TON,635,9386,156.48,342.0,205.5,33.2,29.8,0.6773,1
OikosRd_TON_12.03.25_LS,TON,635,9387,156.5,333.3,206.4,33.0,30.1,0.6749,1
OikosRd_TON_12.03.25_LS,TON,635,9388,156.52,326.3,205.3,33.6,30.3,0.6298,1
OikosRd_TON_12.03.25_LS,TON,635,9389,156.53,318.7,205.9,33.1,29.7,0.6192,1
OikosRd_TON_12.03.25_LS,TON,635,9390,156.55,310.9,206.1,33.6,30.6,0.5712,1
OikosRd_TON_12.03.25_LS,TON,635,9391,156.57,302.9,204.3,33.3,30.6,0.6326,1
OikosRd_TON_12.03.25_LS,TON,635,9392,156.58,295.3,204.0,32.7,30.3,0.6591,1
OikosRd_TON_12.03.25_LS,TON,635,9393,156.6,289.2,204.0,32.3,29.7,0.7056,1
OikosRd_TON_12.03.25_LS,TON,635,9394,156.62,281.2,203.2,33.8,31.7,0.673,1
OikosRd_TON_12.03.25_LS,TON,635,9395,156.63,274.5,203.8,34.2,30.9,0.7144,1
OikosRd_TON_12.03.25_LS,TON,635,9396,156.65,266.9,203.1,33.4,30.8,0.7102,1
OikosRd_TON_12.03.25_LS,TON,635,9397,156.67,259.2,203.1,32.4,30.0,0.7107,1
OikosRd_TON_12.03.25_LS,TON,635,9398,156.68,251.2,201.5,32.3,30.0,0.6289,1
OikosRd_TON_12.03.25_LS,TON,635,9399,156.7,244.7,200.2,33.2,29.8,0.6536,1
OikosRd_TON_12.03.25_LS,TON,635,9400,156.72,237.5,200.1,36.0,33.2,0.4523,1
OikosRd_TON_12.03.25_LS,TON,635,9401,156.73,230.2,199.2,36.7,33.2,0.5469,1
OikosRd_TON_12.03.25_LS,TON,635,9402,156.75,222.0,195.9,40.1,38.1,0.2192,1
OikosRd_TON_12.03.25_LS,TON,635,9404,156.78,209.3,199.5,34.7,32.6,0.4021,1
OikosRd_TON_12.03.25_LS,TON,635,9424,157.12,66.6,200.9,27.6,22.3,0.3921,1
OikosRd_TON_12.03.25_LS,TON,635,9425,157.13,58.5,200.1,26.3,21.1,0.3152,1
OikosRd_TON_12.03.25_LS,TON,635,9426,157.15,51.7,199.6,27.3,21.9,0.4099,1
OikosRd_TON_12.03.25_LS,TON,635,9427,157.17,46.9,200.1,27.7,21.7,0.4075,1
OikosRd_TON_12.03.25_LS,TON,635,9428,157.18,37.6,201.2,26.4,19.1,0.5162,1
OikosRd_TON_12.03.25_LS,TON,635,9429,157.2,29.7,201.4,25.5,17.6,0.5205,1
OikosRd_TON_12.03.25_LS,TON,635,9430,157.22,24.7,200.3,26.4,20.3,0.6791,1
OikosRd_TON_12.03.25_LS,TON,635,9431,157.23,18.2,199.6,26.7,21.6,0.6474,1
OikosRd_TON_12.03.25_LS,TON,635,9432,157.25,11.7,199.2,23.3,19.2,0.5176,1
OikosRd_TON_12.03.25_LS,TON,667,11233,187.27,540.2,208.3,39.3,41.0,0.4932,0
OikosRd_TON_12.03.25_LS,TON,667,11234,187.29,539.5,209.0,37.9,40.3,0.1167,0
OikosRd_TON_12.03.25_LS,TON,667,11235,187.31,538.1,210.2,41.2,38.6,0.4223,0
OikosRd_TON_12.03.25_LS,TON,667,11236,187.32,537.0,211.1,44.0,38.2,0.1571,0
OikosRd_TON_12.03.25_LS,TON,688,11541,192.41,35.0,256.8,44.5,35.2,0.5412,0
OikosRd_TON_12.03.25_LS,TON,688,11542,192.43,28.9,256.2,50.1,37.4,0.4022,0
OikosRd_TON_12.03.25_LS,TON,688,11543,192.44,26.2,255.6,48.0,37.8,0.1012,0
OikosRd_TON_12.03.25_LS,TON,692,11547,192.51,144.2,247.3,59.6,37.2,0.5002,0
OikosRd_TON_12.03.25_LS,TON,692,11548,192.53,136.8,247.0,62.9,38.4,0.3001,0
OikosRd_TON_12.03.25_LS,TON,692,11549,192.54,130.8,243.8,65.3,43.5,0.2911,0
OikosRd_TON_12.03.25_LS,TON,692,11550,192.56,114.8,246.0,64.2,42.4,0.4641,0
OikosRd_TON_12.03.25_LS,TON,692,11551,192.58,99.6,246.9,59.7,41.0,0.5301,0
OikosRd_TON_12.03.25_LS,TON,692,11552,192.59,88.0,243.9,55.9,41.3,0.6874,0
OikosRd_TON_12.03.25_LS,TON,692,11553,192.61,81.5,243.5,50.0,40.1,0.7052,0
OikosRd_TON_12.03.25_LS,TON,692,11554,192.63,73.0,242.4,56.1,40.0,0.1135,0
OikosRd_TON_12.03.25_LS,TON,698,11735,195.64,289.6,167.9,47.1,31.3,0.4272,1
OikosRd_TON_12.03.25_LS,TON,698,11736,195.66,288.1,167.8,45.8,31.7,0.2925,1
OikosRd_TON_12.03.25_LS,TON,698,11737,195.68,287.6,166.7,46.8,33.0,0.3483,1
OikosRd_TON_12.03.25_LS,TON,698,11738,195.69,284.1,167.3,45.8,31.8,0.1774,1
OikosRd_TON_12.03.25_LS,TON,698,11740,195.73,284.6,164.8,41.4,29.0,0.2897,1
OikosRd_TON_12.03.25_LS,TON,698,11741,195.74,283.9,165.1,40.3,30.1,0.107,1
OikosRd_TON_12.03.25_LS,TON,698,11754,195.96,260.1,161.2,44.6,31.1,0.4538,1
OikosRd_TON_12.03.25_LS,TON,698,11755,195.98,260.0,159.9,45.7,34.4,0.1624,1
OikosRd_TON_12.03.25_LS,TON,698,11756,195.99,258.8,160.2,42.4,31.7,0.3278,1
OikosRd_TON_12.03.25_LS,TON,698,11757,196.01,256.9,159.8,41.9,31.0,0.3989,1
OikosRd_TON_12.03.25_LS,TON,698,11758,196.03,255.6,158.6,43.0,31.1,0.2277,1
OikosRd_TON_12.03.25_LS,TON,698,11759,196.04,256.7,159.4,41.9,29.6,0.1745,1
OikosRd_TON_12.03.25_LS,TON,698,11760,196.06,253.9,158.7,39.5,29.1,0.2161,1
OikosRd_TON_12.03.25_LS,TON,699,11771,196.24,238.1,160.0,43.3,31.9,0.4372,1
OikosRd_TON_12.03.25_LS,TON,699,11772,196.26,237.4,160.2,43.4,31.2,0.4223,1
OikosRd_TON_12.03.25_LS,TON,699,11773,196.28,235.0,160.5,42.6,30.9,0.4778,1
OikosRd_TON_12.03.25_LS,TON,699,11774,196.29,231.8,162.6,43.6,31.3,0.3381,1
OikosRd_TON_12.03.25_LS,TON,699,11775,196.31,230.6,163.0,43.1,30.9,0.2887,1
OikosRd_TON_12.03.25_LS,TON,699,11776,196.33,229.0,162.8,42.2,30.0,0.2563,1
OikosRd_TON_12.03.25_LS,TON,699,11777,196.34,228.5,163.3,41.9,29.4,0.1848,1
OikosRd_TON_12.03.25_LS,TON,699,11778,196.36,229.3,162.6,42.7,28.8,0.1005,1
OikosRd_TON_12.03.25_LS,TON,699,11779,196.38,227.4,162.2,42.8,28.6,0.1508,1
OikosRd_TON_12.03.25_LS,TON,699,11780,196.39,226.6,162.9,41.8,28.0,0.1423,1
OikosRd_TON_12.03.25_LS,TON,699,11783,196.44,218.3,163.2,38.1,27.7,0.4235,1
OikosRd_TON_12.03.25_LS,TON,699,11784,196.46,216.1,162.6,39.0,27.4,0.3815,1
OikosRd_TON_12.03.25_LS,TON,699,11785,196.48,214.9,161.9,39.2,27.3,0.3674,1
OikosRd_TON_12.03.25_LS,TON,699,11786,196.49,212.7,161.5,39.7,28.7,0.2841,1
OikosRd_TON_12.03.25_LS,TON,699,11787,196.51,209.0,160.6,37.7,27.8,0.2928,1
OikosRd_TON_12.03.25_LS,TON,699,11788,196.53,205.6,159.2,36.7,27.8,0.2026,1
OikosRd_TON_12.03.25_LS,TON,699,11794,196.63,199.6,155.4,36.1,25.5,0.402,1
OikosRd_TON_12.03.25_LS,TON,699,11795,196.64,198.9,155.3,35.4,24.4,0.4334,1
OikosRd_TON_12.03.25_LS,TON,699,11796,196.66,196.9,154.6,34.5,23.0,0.516,1
OikosRd_TON_12.03.25_LS,TON,699,11797,196.68,196.4,154.4,34.3,22.1,0.5443,1
OikosRd_TON_12.03.25_LS,TON,699,11798,196.69,196.5,154.2,35.9,22.4,0.3166,1
OikosRd_TON_12.03.25_LS,TON,722,14337,239.02,148.2,16.9,30.6,18.6,0.3988,0
OikosRd_TON_12.03.25_LS,TON,722,14338,239.04,147.9,17.0,29.8,17.4,0.5324,0
OikosRd_TON_12.03.25_LS,TON,722,14340,239.07,150.6,16.6,25.6,16.7,0.5445,0
OikosRd_TON_12.03.25_LS,TON,722,14341,239.09,153.4,17.8,24.2,18.4,0.5391,0
OikosRd_TON_12.03.25_LS,TON,722,14342,239.11,154.2,17.1,27.4,18.7,0.557,0
OikosRd_TON_12.03.25_LS,TON,722,14343,239.12,155.7,18.4,28.2,21.6,0.6687,0
OikosRd_TON_12.03.25_LS,TON,722,14344,239.14,157.3,21.4,27.2,20.6,0.1814,0
OikosRd_TON_12.03.25_LS,TON,722,14345,239.16,159.7,22.1,24.1,17.5,0.1497,0
OikosRd_TON_12.03.25_LS,TON,722,14346,239.17,159.9,23.3,30.5,20.3,0.3829,0
OikosRd_TON_12.03.25_LS,TON,736,15091,251.59,275.3,165.6,33.6,31.9,0.6576,1
OikosRd_TON_12.03.25_LS,TON,736,15092,251.61,272.9,165.8,33.0,31.7,0.7141,1
OikosRd_TON_12.03.25_LS,TON,736,15093,251.63,270.4,166.2,33.2,31.5,0.6554,1
OikosRd_TON_12.03.25_LS,TON,736,15094,251.64,267.3,167.0,32.6,31.9,0.3503,1
OikosRd_TON_12.03.25_LS,TON,736,15095,251.66,265.0,167.4,32.6,33.5,0.2686,1
OikosRd_TON_12.03.25_LS,TON,736,15096,251.68,260.8,168.7,32.9,34.9,0.3285,1
OikosRd_TON_12.03.25_LS,TON,736,15097,251.69,257.4,170.7,32.8,34.4,0.4066,1
OikosRd_TON_12.03.25_LS,TON,736,15098,251.71,254.5,173.0,34.8,34.2,0.4425,1
OikosRd_TON_12.03.25_LS,TON,736,15099,251.73,252.0,175.0,32.7,32.4,0.5575,1
OikosRd_TON_12.03.25_LS,TON,736,15100,251.74,248.8,176.6,34.0,33.6,0.1749,1
OikosRd_TON_12.03.25_LS,TON,736,15101,251.76,246.7,178.7,35.3,34.5,0.1058,1
OikosRd_TON_12.03.25_LS,TON,736,15102,251.78,244.8,180.1,33.4,33.5,0.3149,1
OikosRd_TON_12.03.25_LS,TON,736,15103,251.79,242.2,181.7,34.6,34.4,0.149,1
OikosRd_TON_12.03.25_LS,TON,736,15104,251.81,241.5,184.6,36.8,35.1,0.2897,1
OikosRd_TON_12.03.25_LS,TON,736,15105,251.83,240.3,184.1,36.8,34.4,0.3498,1
OikosRd_TON_12.03.25_LS,TON,736,15106,251.84,238.7,187.4,41.4,37.6,0.1157,1
OikosRd_TON_12.03.25_LS,TON,736,15107,251.86,234.9,191.8,40.2,37.2,0.2452,1
OikosRd_TON_12.03.25_LS,TON,736,15108,251.88,231.3,191.7,39.3,36.8,0.3525,1
OikosRd_TON_12.03.25_LS,TON,736,15109,251.89,227.6,194.4,42.7,37.0,0.2709,1
OikosRd_TON_12.03.25_LS,TON,736,15110,251.91,224.0,197.3,42.0,36.8,0.4705,1
OikosRd_TON_12.03.25_LS,TON,736,15111,251.93,220.5,197.2,40.2,36.6,0.5523,1
OikosRd_TON_12.03.25_LS,TON,736,15112,251.94,215.8,198.7,39.7,36.1,0.3681,1
OikosRd_TON_12.03.25_LS,TON,736,15113,251.96,212.1,199.9,38.6,35.8,0.3428,1
OikosRd_TON_12.03.25_LS,TON,736,15114,251.98,206.2,199.5,39.6,37.9,0.1965,1
OikosRd_TON_12.03.25_LS,TON,736,15115,251.99,202.9,200.6,39.0,38.3,0.2474,1
OikosRd_TON_12.03.25_LS,TON,736,15116,252.01,201.1,202.3,35.1,35.4,0.5144,1
OikosRd_TON_12.03.25_LS,TON,736,15117,252.03,198.4,202.0,34.0,33.7,0.5897,1
OikosRd_TON_12.03.25_LS,TON,736,15118,252.04,194.8,202.5,33.8,32.6,0.3317,1
OikosRd_TON_12.03.25_LS,TON,736,15119,252.06,192.5,203.3,33.7,31.6,0.4397,1
OikosRd_TON_12.03.25_LS,TON,736,15120,252.08,189.5,203.1,31.9,30.0,0.7366,1
OikosRd_TON_12.03.25_LS,TON,736,15121,252.09,186.8,203.3,31.7,29.0,0.708,1
OikosRd_TON_12.03.25_LS,TON,736,15122,252.11,185.2,203.4,32.9,29.5,0.6903,1
OikosRd_TON_12.03.25_LS,TON,736,15123,252.13,183.2,202.7,33.6,29.8,0.7013,1
OikosRd_TON_12.03.25_LS,TON,736,15124,252.14,179.0,201.8,35.0,32.3,0.5201,1
OikosRd_TON_12.03.25_LS,TON,736,15125,252.16,175.0,201.6,36.0,33.9,0.5676,1
OikosRd_TON_12.03.25_LS,TON,736,15126,252.18,176.0,199.3,38.4,34.1,0.4456,1
OikosRd_TON_12.03.25_LS,TON,736,15127,252.19,172.9,196.6,39.2,36.9,0.1291,1
OikosRd_TON_12.03.25_LS,TON,736,15128,252.21,169.5,198.0,38.2,35.1,0.3779,1
OikosRd_TON_12.03.25_LS,TON,736,15129,252.23,166.2,195.5,37.5,36.4,0.4368,1
OikosRd_TON_12.03.25_LS,TON,736,15130,252.24,163.8,194.5,38.5,37.6,0.4353,1
OikosRd_TON_12.03.25_LS,TON,736,15131,252.26,161.8,196.6,38.9,35.0,0.2342,1
OikosRd_TON_12.03.25_LS,TON,736,15132,252.28,159.0,194.4,38.8,36.9,0.2746,1
OikosRd_TON_12.03.25_LS,TON,736,15133,252.29,155.2,193.9,40.2,39.2,0.5044,1
OikosRd_TON_12.03.25_LS,TON,736,15134,252.31,152.8,196.5,40.6,37.9,0.4174,1
OikosRd_TON_12.03.25_LS,TON,736,15135,252.33,149.6,193.7,39.6,38.5,0.5861,1
OikosRd_TON_12.03.25_LS,TON,737,15155,252.66,96.6,210.6,27.4,28.7,0.5615,0
OikosRd_TON_12.03.25_LS,TON,737,15156,252.68,94.1,209.8,28.3,28.5,0.6715,0
OikosRd_TON_12.03.25_LS,TON,737,15157,252.7,92.6,210.1,28.7,28.3,0.607,0
OikosRd_TON_12.03.25_LS,TON,737,15158,252.71,89.1,210.5,27.6,28.2,0.4786,0
OikosRd_TON_12.03.25_LS,TON,737,15159,252.73,85.7,210.4,26.6,27.2,0.6686,0
OikosRd_TON_12.03.25_LS,TON,737,15160,252.75,82.0,211.0,26.3,27.9,0.553,0
OikosRd_TON_12.03.25_LS,TON,737,15161,252.76,79.7,211.6,27.1,28.3,0.6069,0
OikosRd_TON_12.03.25_LS,TON,737,15162,252.78,76.1,210.2,27.9,29.9,0.1223,0
OikosRd_TON_12.03.25_LS,TON,737,15165,252.83,65.2,210.1,25.0,28.5,0.3417,0
SIron_SHW_01.18.2026_LS,SHW,758,2430,40.5,275.1,283.1,54.6,38.7,0.5406,0
SIron_SHW_01.18.2026_LS,SHW,758,2431,40.52,263.8,286.6,51.6,38.8,0.6188,0
SIron_SHW_01.18.2026_LS,SHW,758,2432,40.53,247.3,291.1,55.5,41.2,0.5123,0
SIron_SHW_01.18.2026_LS,SHW,758,2433,40.55,229.5,296.0,53.1,40.4,0.6194,0
SIron_SHW_01.18.2026_LS,SHW,758,2434,40.57,219.1,299.6,56.5,41.7,0.4355,0
SIron_SHW_01.18.2026_LS,SHW,758,2435,40.58,199.1,306.9,54.3,38.3,0.2181,0
SIron_SHW_01.18.2026_LS,SHW,809,5445,90.75,599.7,159.4,53.5,39.8,0.5637,0
SIron_SHW_01.18.2026_LS,SHW,809,5446,90.77,574.8,164.1,50.7,37.9,0.4966,0
SIron_SHW_01.18.2026_LS,SHW,809,5447,90.78,555.6,167.6,49.4,38.2,0.2559,0
SIron_SHW_01.18.2026_LS,SHW,809,5448,90.8,534.8,174.4,48.7,39.7,0.2022,0
SIron_SHW_01.18.2026_LS,SHW,809,5452,90.87,438.3,196.8,52.2,39.8,0.4553,0
SIron_SHW_01.18.2026_LS,SHW,809,5453,90.88,411.2,201.2,50.4,37.6,0.111,0
SIron_SHW_01.18.2026_LS,SHW,809,5454,90.9,384.8,207.9,44.4,36.2,0.3595,0
SIron_SHW_01.18.2026_LS,SHW,854,6572,109.53,111.8,225.7,52.5,34.1,0.4478,0
SIron_SHW_01.18.2026_LS,SHW,854,6573,109.55,105.2,226.3,52.1,35.1,0.1648,0
SIron_SHW_01.18.2026_LS,SHW,854,6574,109.57,100.6,229.0,45.8,38.1,0.5915,0
SIron_SHW_01.18.2026_LS,SHW,854,6575,109.58,90.6,230.5,47.7,36.7,0.6883,0
SIron_SHW_01.18.2026_LS,SHW,854,6576,109.6,83.8,231.2,50.0,35.6,0.6566,0
SIron_SHW_01.18.2026_LS,SHW,854,6577,109.62,72.7,232.0,51.7,36.4,0.559,0
SIron_SHW_01.18.2026_LS,SHW,854,6578,109.63,66.3,232.9,52.9,36.4,0.5111,0
SIron_SHW_01.18.2026_LS,SHW,854,6579,109.65,58.7,234.0,50.3,35.5,0.3683,0
SIron_SHW_01.18.2026_LS,SHW,854,6580,109.67,49.5,232.5,49.0,37.2,0.4702,0
SIron_SHW_01.18.2026_LS,SHW,854,6581,109.68,42.0,233.5,49.7,37.1,0.2044,0
SIron_SHW_01.18.2026_LS,SHW,854,6582,109.7,37.5,238.1,46.9,36.3,0.1119,0
SIron_SHW_01.18.2026_LS,SHW,884,7861,131.02,157.9,421.5,26.8,18.6,0.5703,0
SIron_SHW_01.18.2026_LS,SHW,884,7862,131.03,150.6,422.0,28.3,19.8,0.5335,0
SIron_SHW_01.18.2026_LS,SHW,884,7863,131.05,145.0,422.4,29.4,22.8,0.547,0
SIron_SHW_01.18.2026_LS,SHW,884,7864,131.07,140.9,422.7,29.2,24.3,0.2466,0
SIron_SHW_01.18.2026_LS,SHW,884,7871,131.18,110.9,428.4,25.5,16.8,0.6203,0
SIron_SHW_01.18.2026_LS,SHW,884,7872,131.2,107.6,428.0,25.9,17.4,0.5616,0
SIron_SHW_01.18.2026_LS,SHW,884,7873,131.22,104.2,428.9,25.8,16.7,0.5139,0
SIron_SHW_01.18.2026_LS,SHW,891,7891,131.52,79.5,392.2,26.9,22.9,0.4887,0
SIron_SHW_01.18.2026_LS,SHW,891,7892,131.53,74.0,391.5,25.2,22.0,0.2098,0
SIron_SHW_01.18.2026_LS,SHW,891,7893,131.55,69.3,389.9,25.9,22.9,0.3374,0
SIron_SHW_01.18.2026_LS,SHW,916,8087,134.78,45.2,471.4,24.7,20.5,0.5296,0
SIron_SHW_01.18.2026_LS,SHW,916,8088,134.8,41.0,472.7,22.5,17.5,0.5414,0
SIron_SHW_01.18.2026_LS,SHW,916,8089,134.82,39.3,474.8,22.0,18.1,0.3817,0
SIron_SHW_01.18.2026_LS,SHW,928,8110,135.17,575.4,339.6,37.5,42.1,0.3564,0
SIron_SHW_01.18.2026_LS,SHW,928,8112,135.2,567.2,342.7,43.5,44.0,0.3938,0
SIron_SHW_01.18.2026_LS,SHW,928,8113,135.22,561.6,344.5,44.4,43.0,0.4135,0
SIron_SHW_01.18.2026_LS,SHW,986,9692,161.53,183.6,240.4,38.2,35.3,0.651,0
SIron_SHW_01.18.2026_LS,SHW,986,9693,161.55,176.0,242.7,38.6,35.6,0.6395,0
SIron_SHW_01.18.2026_LS,SHW,986,9694,161.56,166.1,245.4,37.9,34.3,0.5773,0
SIron_SHW_01.18.2026_LS,SHW,986,9695,161.58,156.2,245.7,38.0,32.4,0.5515,0
SIron_SHW_01.18.2026_LS,SHW,986,9696,161.6,144.4,246.4,38.2,31.2,0.5724,0
SIron_SHW_01.18.2026_LS,SHW,986,9697,161.61,134.7,247.5,38.5,30.1,0.6181,0
SIron_SHW_01.18.2026_LS,SHW,986,9698,161.63,124.7,250.5,37.8,31.1,0.6324,0
SIron_SHW_01.18.2026_LS,SHW,986,9699,161.65,117.1,253.3,39.8,30.0,0.4958,0
SIron_SHW_01.18.2026_LS,SHW,986,9700,161.66,104.4,256.8,36.4,28.2,0.607,0
SIron_SHW_01.18.2026_LS,SHW,986,9701,161.68,96.0,259.2,35.8,27.9,0.679,0
SIron_SHW_01.18.2026_LS,SHW,986,9702,161.7,87.9,261.2,38.3,29.3,0.6364,0
SIron_SHW_01.18.2026_LS,SHW,986,9703,161.71,78.5,263.1,40.3,32.1,0.1471,0
SIron_SHW_01.18.2026_LS,SHW,986,9704,161.73,64.6,266.1,38.3,32.5,0.5882,0
SIron_SHW_01.18.2026_LS,SHW,986,9705,161.75,56.3,267.5,41.1,31.8,0.1806,0
SIron_SHW_01.18.2026_LS,SHW,1059,13645,227.41,138.9,286.6,64.2,79.7,0.7445,0
SIron_SHW_01.18.2026_LS,SHW,1059,13646,227.43,134.5,290.3,61.1,77.1,0.7037,0
SIron_SHW_01.18.2026_LS,SHW,1059,13647,227.45,120.6,293.6,70.5,77.6,0.7374,0
SIron_SHW_01.18.2026_LS,SHW,1059,13648,227.46,106.2,293.3,71.9,84.9,0.4988,0
SIron_SHW_01.18.2026_LS,SHW,1059,13649,227.48,98.6,294.0,77.8,87.9,0.199,0
SIron_SHW_01.18.2026_LS,SHW,1059,13654,227.56,69.6,299.2,83.9,89.5,0.3549,0
SIron_SHW_01.18.2026_LS,SHW,1059,13655,227.58,61.0,302.8,86.3,90.9,0.4137,0
SIron_SHW_01.18.2026_LS,SHW,1059,13656,227.6,55.8,303.1,83.9,90.5,0.183,0
SIron_SHW_01.18.2026_LS,SHW,1059,13657,227.61,46.9,304.4,83.8,92.1,0.1011,0
SIron_SHW_01.18.2026_LS,SHW,1059,13661,227.68,33.8,306.7,67.6,84.8,0.4051,0
SIron_SHW_01.18.2026_LS,SHW,1069,13879,231.31,433.8,298.1,34.2,29.3,0.586,0
SIron_SHW_01.18.2026_LS,SHW,1069,13880,231.33,426.2,302.0,34.4,29.4,0.5893,0
SIron_SHW_01.18.2026_LS,SHW,1069,13881,231.35,415.9,306.0,34.4,28.9,0.648,0
SIron_SHW_01.18.2026_LS,SHW,1069,13882,231.36,405.2,310.9,33.6,28.3,0.5735,0
SIron_SHW_01.18.2026_LS,SHW,1069,13883,231.38,394.4,315.4,30.8,27.3,0.5785,0
SIron_SHW_01.18.2026_LS,SHW,1069,13887,231.45,353.8,334.0,24.8,22.1,0.6116,0
SIron_SHW_01.18.2026_LS,SHW,1069,13888,231.46,345.0,337.4,26.0,21.5,0.564,0
SIron_SHW_01.18.2026_LS,SHW,1069,13889,231.48,335.8,340.0,26.3,21.4,0.5102,0
SIron_SHW_01.18.2026_LS,SHW,1069,13890,231.5,326.5,345.7,27.4,18.9,0.4726,0
SIron_SHW_01.18.2026_LS,SHW,1069,13891,231.51,313.9,349.9,27.1,19.5,0.4333,0
SIron_SHW_01.18.2026_LS,SHW,1069,13892,231.53,304.7,353.8,27.6,20.8,0.308,0
SIron_SHW_01.18.2026_LS,SHW,1069,13894,231.56,281.8,362.0,27.6,18.8,0.5029,0
SIron_SHW_01.18.2026_LS,SHW,1102,14552,242.53,436.0,401.9,47.7,39.7,0.4769,0
SIron_SHW_01.18.2026_LS,SHW,1102,14553,242.55,429.9,404.0,45.4,38.6,0.6421,0
SIron_SHW_01.18.2026_LS,SHW,1102,14554,242.56,422.2,407.0,45.6,42.0,0.6354,0
SIron_SHW_01.18.2026_LS,SHW,1102,14555,242.58,419.5,411.3,47.7,41.4,0.2758,0
SIron_SHW_01.18.2026_LS,SHW,1102,14556,242.6,411.2,412.9,45.6,43.8,0.1881,0
WhoopieCatDam_SHW_01.18.2026_LS,SHW,1129,2844,47.4,625.6,203.9,28.6,37.2,0.5456,1
WhoopieCatDam_SHW_01.18.2026_LS,SHW,1129,2845,47.42,625.7,206.8,27.3,34.7,0.627,1
WhoopieCatDam_SHW_01.18.2026_LS,SHW,1129,2846,47.43,624.3,206.8,31.2,35.3,0.5098,1
WhoopieCatDam_SHW_01.18.2026_LS,SHW,1129,2847,47.45,622.6,206.5,34.4,34.6,0.5894,1
WhoopieCatDam_SHW_01.18.2026_LS,SHW,1129,2848,47.47,622.0,207.1,36.0,35.5,0.5267,1
WhoopieCatDam_SHW_01.18.2026_LS,SHW,1129,2849,47.48,620.4,208.5,39.2,36.4,0.5415,1
WhoopieCatDam_SHW_01.18.2026_LS,SHW,1129,2850,47.5,614.0,210.0,44.0,39.4,0.47,1
WhoopieCatDam_SHW_01.18.2026_LS,SHW,1129,2851,47.52,613.8,210.8,47.1,37.3,0.6038,1
WhoopieCatDam_SHW_01.18.2026_LS,SHW,1129,2852,47.53,611.6,211.9,49.5,39.5,0.5418,1
WhoopieCatDam_SHW_01.18.2026_LS,SHW,1129,2853,47.55,609.5,212.6,49.3,40.1,0.4057,1
WhoopieCatDam_SHW_01.18.2026_LS,SHW,1129,2854,47.57,607.9,215.2,47.9,37.7,0.6366,1
WhoopieCatDam_SHW_01.18.2026_LS,SHW,1129,2855,47.58,604.2,216.7,47.2,38.1,0.7144,1
WhoopieCatDam_SHW_01.18.2026_LS,SHW,1129,2856,47.6,601.5,217.2,43.8,37.1,0.6603,1
WhoopieCatDam_SHW_01.18.2026_LS,SHW,1129,2857,47.62,598.7,219.3,42.0,36.9,0.5744,1
WhoopieCatDam_SHW_01.18.2026_LS,SHW,1129,2858,47.63,595.6,220.5,42.8,37.7,0.6126,1
WhoopieCatDam_SHW_01.18.2026_LS,SHW,1129,2859,47.65,591.8,221.2,43.0,36.0,0.6638,1
WhoopieCatDam_SHW_01.18.2026_LS,SHW,1129,2860,47.67,586.0,223.3,37.8,34.9,0.2341,1
WhoopieCatDam_SHW_01.18.2026_LS,SHW,1129,2867,47.78,561.7,229.2,42.5,36.7,0.4738,1
WhoopieCatDam_SHW_01.18.2026_LS,SHW,1129,2868,47.8,557.7,229.7,44.6,37.8,0.7409,1
WhoopieCatDam_SHW_01.18.2026_LS,SHW,1129,2869,47.82,555.1,228.7,46.2,35.4,0.7186,1
WhoopieCatDam_SHW_01.18.2026_LS,SHW,1129,2870,47.83,552.7,230.3,47.8,36.6,0.6549,1
WhoopieCatDam_SHW_01.18.2026_LS,SHW,1129,2871,47.85,549.5,231.8,46.6,36.7,0.6667,1
WhoopieCatDam_SHW_01.18.2026_LS,SHW,1129,2872,47.87,546.6,232.0,47.1,37.5,0.6929,1
WhoopieCatDam_SHW_01.18.2026_LS,SHW,1129,2873,47.88,542.8,232.0,47.9,39.3,0.7123,1
WhoopieCatDam_SHW_01.18.2026_LS,SHW,1129,2874,47.9,538.0,231.6,46.0,39.5,0.6972,1
WhoopieCatDam_SHW_01.18.2026_LS,SHW,1129,2875,47.92,534.1,232.1,46.1,39.5,0.6839,1
WhoopieCatDam_SHW_01.18.2026_LS,SHW,1129,2876,47.93,529.0,234.5,39.6,38.5,0.6441,1
WhoopieCatDam_SHW_01.18.2026_LS,SHW,1129,2877,47.95,521.8,234.6,35.2,36.0,0.6272,1
WhoopieCatDam_SHW_01.18.2026_LS,SHW,1129,2878,47.97,521.4,234.9,38.1,36.1,0.2055,1
WhoopieCatDam_SHW_01.18.2026_LS,SHW,1129,2879,47.98,519.1,235.7,42.4,36.7,0.7164,1
WhoopieCatDam_SHW_01.18.2026_LS,SHW,1129,2880,48.0,518.3,236.9,45.6,36.6,0.7698,1
WhoopieCatDam_SHW_01.18.2026_LS,SHW,1129,2881,48.02,514.4,235.9,45.2,36.9,0.7493,1
WhoopieCatDam_SHW_01.18.2026_LS,SHW,1129,2882,48.03,512.7,235.3,46.5,36.1,0.6656,1
WhoopieCatDam_SHW_01.18.2026_LS,SHW,1129,2883,48.05,513.5,235.8,47.6,36.1,0.6514,1
WhoopieCatDam_SHW_01.18.2026_LS,SHW,1129,2884,48.07,509.7,235.7,48.6,35.7,0.7509,1
WhoopieCatDam_SHW_01.18.2026_LS,SHW,1129,2885,48.08,503.8,235.7,49.7,36.3,0.7102,1
WhoopieCatDam_SHW_01.18.2026_LS,SHW,1129,2886,48.1,500.4,237.4,48.5,36.9,0.6523,1
WhoopieCatDam_SHW_01.18.2026_LS,SHW,1129,2887,48.12,496.6,239.8,42.4,38.1,0.5334,1
WhoopieCatDam_SHW_01.18.2026_LS,SHW,1130,2919,48.65,382.6,274.1,48.1,37.5,0.59,0
WhoopieCatDam_SHW_01.18.2026_LS,SHW,1130,2920,48.67,379.5,278.1,43.7,35.7,0.5274,0
WhoopieCatDam_SHW_01.18.2026_LS,SHW,1130,2921,48.68,386.4,277.4,44.3,35.9,0.5255,0
WhoopieCatDam_SHW_01.18.2026_LS,SHW,1133,2925,48.75,375.3,282.9,43.6,38.3,0.3935,1
WhoopieCatDam_SHW_01.18.2026_LS,SHW,1133,2926,48.77,366.7,285.8,47.9,39.9,0.514,1
WhoopieCatDam_SHW_01.18.2026_LS,SHW,1133,2927,48.78,361.4,288.1,50.0,41.0,0.6176,1
WhoopieCatDam_SHW_01.18.2026_LS,SHW,1133,2928,48.8,353.4,287.3,47.0,39.9,0.4078,1
WhoopieCatDam_SHW_01.18.2026_LS,SHW,1133,2929,48.82,347.5,290.0,47.0,38.4,0.1003,1
WhoopieCatDam_SHW_01.18.2026_LS,SHW,1133,2930,48.83,344.9,289.6,50.0,39.2,0.5787,1
WhoopieCatDam_SHW_01.18.2026_LS,SHW,1133,2931,48.85,338.9,291.0,51.3,39.3,0.173,1
WhoopieCatDam_SHW_01.18.2026_LS,SHW,1133,2932,48.87,327.0,294.0,48.7,39.9,0.1676,1
WhoopieCatDam_SHW_01.18.2026_LS,SHW,1133,2934,48.9,325.9,295.7,46.0,35.4,0.5294,1
WhoopieCatDam_SHW_01.18.2026_LS,SHW,1133,2935,48.92,328.8,297.0,45.5,34.5,0.5438,1
WhoopieCatDam_SHW_01.18.2026_LS,SHW,1133,2936,48.93,322.5,297.5,45.5,36.5,0.4327,1
WhoopieCatDam_SHW_01.18.2026_LS,SHW,1133,2937,48.95,313.8,297.9,40.1,32.1,0.1754,1
WhoopieCatDam_SHW_01.18.2026_LS,SHW,1133,2939,48.98,312.0,303.5,48.0,39.6,0.4499,1
WhoopieCatDam_SHW_01.18.2026_LS,SHW,1133,2940,49.0,303.6,305.4,47.9,38.4,0.6585,1
WhoopieCatDam_SHW_01.18.2026_LS,SHW,1133,2941,49.02,295.8,305.4,47.5,36.8,0.6415,1
WhoopieCatDam_SHW_01.18.2026_LS,SHW,1133,2942,49.03,288.1,305.7,45.4,36.3,0.6154,1
WhoopieCatDam_SHW_01.18.2026_LS,SHW,1133,2943,49.05,281.5,305.0,43.0,34.7,0.2017,1
WhoopieCatDam_SHW_01.18.2026_LS,SHW,1133,2946,49.1,273.5,303.7,51.6,39.6,0.3851,1
WhoopieCatDam_SHW_01.18.2026_LS,SHW,1133,2947,49.12,270.2,305.1,51.7,41.8,0.3978,1
WhoopieCatDam_SHW_01.18.2026_LS,SHW,1133,2948,49.13,264.7,305.2,51.1,40.9,0.6303,1
WhoopieCatDam_SHW_01.18.2026_LS,SHW,1133,2949,49.15,261.5,304.6,51.8,41.5,0.6185,1
WhoopieCatDam_SHW_01.18.2026_LS,SHW,1133,2950,49.17,258.9,305.4,50.9,40.4,0.5823,1
WhoopieCatDam_SHW_01.18.2026_LS,SHW,1133,2951,49.18,254.6,305.6,48.0,40.2,0.5996,1
WhoopieCatDam_SHW_01.18.2026_LS,SHW,1133,2952,49.2,251.3,304.6,48.5,39.9,0.7065,1
WhoopieCatDam_SHW_01.18.2026_LS,SHW,1133,2953,49.22,249.3,305.6,48.7,40.0,0.5726,1
WhoopieCatDam_SHW_01.18.2026_LS,SHW,1133,2954,49.23,244.6,305.3,45.6,40.2,0.6962,1
WhoopieCatDam_SHW_01.18.2026_LS,SHW,1133,2955,49.25,239.3,305.2,42.3,39.9,0.61,1
WhoopieCatDam_SHW_01.18.2026_LS,SHW,1133,2957,49.28,236.6,305.9,45.6,39.5,0.6713,1
WhoopieCatDam_SHW_01.18.2026_LS,SHW,1133,2958,49.3,234.7,304.6,45.4,39.9,0.5828,1
WhoopieCatDam_SHW_01.18.2026_LS,SHW,1133,2959,49.32,229.6,305.2,45.5,39.9,0.5278,1
WhoopieCatDam_SHW_01.18.2026_LS,SHW,1133,2960,49.33,225.2,304.3,43.2,40.1,0.6618,1
WhoopieCatDam_SHW_01.18.2026_LS,SHW,1133,2961,49.35,222.2,304.5,46.5,40.6,0.4408,1
WhoopieCatDam_SHW_01.18.2026_LS,SHW,1133,2962,49.37,215.6,305.6,43.1,39.4,0.3513,1
WhoopieCatDam_SHW_01.18.2026_LS,SHW,1133,2963,49.38,207.4,303.8,37.8,38.9,0.3498,1
WhoopieCatDam_SHW_01.18.2026_LS,SHW,1133,2964,49.4,199.4,302.4,32.2,39.2,0.4678,1
WhoopieCatDam_SHW_01.18.2026_LS,SHW,1133,2965,49.42,191.6,304.2,27.9,34.9,0.3234,1
WhoopieCatDam_SHW_01.18.2026_LS,SHW,1139,2968,49.47,202.4,305.3,43.0,40.2,0.4168,1
WhoopieCatDam_SHW_01.18.2026_LS,SHW,1139,2969,49.48,202.8,308.2,44.8,40.4,0.3999,1
WhoopieCatDam_SHW_01.18.2026_LS,SHW,1139,2970,49.5,203.8,309.6,50.9,41.6,0.3237,1
WhoopieCatDam_SHW_01.18.2026_LS,SHW,1139,2971,49.52,192.6,310.9,50.7,41.9,0.5866,1
WhoopieCatDam_SHW_01.18.2026_LS,SHW,1139,2972,49.53,186.5,312.7,49.2,39.9,0.7386,1
WhoopieCatDam_SHW_01.18.2026_LS,SHW,1139,2973,49.55,180.7,312.6,51.3,41.4,0.7187,1
WhoopieCatDam_SHW_01.18.2026_LS,SHW,1139,2974,49.57,174.5,313.9,52.4,43.1,0.7621,1
WhoopieCatDam_SHW_01.18.2026_LS,SHW,1139,2975,49.58,170.3,315.4,52.2,42.7,0.7632,1
WhoopieCatDam_SHW_01.18.2026_LS,SHW,1139,2976,49.6,166.5,318.2,51.0,41.6,0.821,1
WhoopieCatDam_SHW_01.18.2026_LS,SHW,1139,2977,49.62,161.9,319.9,50.2,40.4,0.7782,1
WhoopieCatDam_SHW_01.18.2026_LS,SHW,1139,2978,49.63,157.3,321.1,50.3,39.3,0.7755,1
WhoopieCatDam_SHW_01.18.2026_LS,SHW,1139,2979,49.65,153.6,322.1,50.4,39.2,0.7139,1
WhoopieCatDam_SHW_01.18.2026_LS,SHW,1139,2980,49.67,151.3,322.9,51.1,39.4,0.7456,1
WhoopieCatDam_SHW_01.18.2026_LS,SHW,1139,2981,49.68,146.0,324.4,49.7,39.8,0.7249,1
WhoopieCatDam_SHW_01.18.2026_LS,SHW,1139,2982,49.7,142.8,326.5,49.2,39.2,0.7456,1
WhoopieCatDam_SHW_01.18.2026_LS,SHW,1139,2983,49.72,136.2,328.4,47.8,39.1,0.7699,1
WhoopieCatDam_SHW_01.18.2026_LS,SHW,1139,2984,49.73,131.5,328.8,43.7,38.7,0.556,1
WhoopieCatDam_SHW_01.18.2026_LS,SHW,1139,2985,49.75,134.8,332.0,49.1,40.5,0.7062,1
WhoopieCatDam_SHW_01.18.2026_LS,SHW,1139,2986,49.77,130.1,332.6,48.7,39.6,0.4429,1
WhoopieCatDam_SHW_01.18.2026_LS,SHW,1139,3002,50.03,81.5,342.3,47.3,45.1,0.5182,1
WhoopieCatDam_SHW_01.18.2026_LS,SHW,1139,3003,50.05,68.6,346.6,49.9,42.3,0.4696,1
WhoopieCatDam_SHW_01.18.2026_LS,SHW,1139,3004,50.07,61.1,345.3,46.9,44.1,0.2894,1
WhoopieCatDam_SHW_01.18.2026_LS,SHW,1139,3005,50.08,62.6,347.8,45.2,45.9,0.7362,1
WhoopieCatDam_SHW_01.18.2026_LS,SHW,1139,3006,50.1,53.0,346.8,45.4,46.1,0.7969,1
WhoopieCatDam_SHW_01.18.2026_LS,SHW,1139,3007,50.12,41.9,344.9,43.6,48.3,0.7934,1
WhoopieCatDam_SHW_01.18.2026_LS,SHW,1139,3008,50.13,35.4,344.4,44.0,47.4,0.7645,1
WhoopieCatDam_SHW_01.18.2026_LS,SHW,1139,3009,50.15,33.8,347.0,46.0,47.6,0.786,1
WhoopieCatDam_SHW_01.18.2026_LS,SHW,1139,3010,50.17,30.7,347.0,48.0,46.5,0.7409,1
WhoopieCatDam_SHW_01.18.2026_LS,SHW,1139,3011,50.18,22.7,346.2,44.5,48.1,0.6753,1
WhoopieCatDam_SHW_01.18.2026_LS,SHW,1139,3012,50.2,21.2,345.5,42.4,47.4,0.6487,1
WhoopieCatDam_SHW_01.18.2026_LS,SHW,1139,3013,50.22,18.9,346.7,37.9,48.4,0.6404,1
WhoopieCatDam_SHW_01.18.2026_LS,SHW,1139,3014,50.23,17.4,346.8,34.9,50.0,0.4412,1
