video,site,track_id,frame,t_s,xc,yc,w,h,conf,confirmed
AquaCultureRd_TON_12.03.25_LS,TON,18,2979,49.69,548.6,426.4,27.1,22.4,0.4905,1
AquaCultureRd_TON_12.03.25_LS,TON,18,2980,49.71,537.9,422.6,27.2,25.0,0.479,1
AquaCultureRd_TON_12.03.25_LS,TON,18,2981,49.72,528.7,419.2,26.4,22.9,0.7095,1
AquaCultureRd_TON_12.03.25_LS,TON,18,2984,49.77,501.9,416.8,28.1,23.3,0.5671,1
AquaCultureRd_TON_12.03.25_LS,TON,18,2985,49.79,492.7,420.4,29.8,23.6,0.6755,1
AquaCultureRd_TON_12.03.25_LS,TON,18,2986,49.81,482.7,414.6,33.3,25.0,0.4778,1
AquaCultureRd_TON_12.03.25_LS,TON,18,2992,49.91,427.1,407.1,43.6,26.0,0.391,1
AquaCultureRd_TON_12.03.25_LS,TON,18,2993,49.92,418.8,407.4,44.4,26.2,0.5057,1
AquaCultureRd_TON_12.03.25_LS,TON,18,2994,49.94,408.3,406.7,41.0,26.2,0.5783,1
AquaCultureRd_TON_12.03.25_LS,TON,18,2995,49.96,398.6,404.1,41.1,26.5,0.3305,1
AquaCultureRd_TON_12.03.25_LS,TON,18,2996,49.97,388.8,402.8,43.3,25.9,0.2339,1
AquaCultureRd_TON_12.03.25_LS,TON,18,2997,49.99,380.6,403.7,45.5,24.9,0.5369,1
AquaCultureRd_TON_12.03.25_LS,TON,18,2998,50.01,369.7,401.7,44.2,24.3,0.5772,1
AquaCultureRd_TON_12.03.25_LS,TON,18,2999,50.02,359.4,400.2,42.1,24.8,0.7057,1
AquaCultureRd_TON_12.03.25_LS,TON,18,3000,50.04,350.1,399.7,39.7,22.7,0.7099,1
AquaCultureRd_TON_12.03.25_LS,TON,18,3001,50.06,338.7,398.1,34.9,24.2,0.4442,1
AquaCultureRd_TON_12.03.25_LS,TON,18,3002,50.07,329.3,397.0,36.2,25.0,0.3901,1
AquaCultureRd_TON_12.03.25_LS,TON,18,3003,50.09,320.2,398.6,38.9,23.8,0.5728,1
AquaCultureRd_TON_12.03.25_LS,TON,18,3004,50.11,311.1,397.3,37.4,24.7,0.624,1
AquaCultureRd_TON_12.03.25_LS,TON,18,3005,50.12,304.3,395.2,40.9,24.0,0.6027,1
AquaCultureRd_TON_12.03.25_LS,TON,18,3006,50.14,295.2,396.8,38.1,22.5,0.6377,1
AquaCultureRd_TON_12.03.25_LS,TON,18,3007,50.16,285.8,394.4,36.3,24.2,0.1528,1
AquaCultureRd_TON_12.03.25_LS,TON,18,3010,50.21,256.2,392.5,31.3,25.3,0.3126,1
AquaCultureRd_TON_12.03.25_LS,TON,18,3011,50.22,248.2,391.5,35.2,26.2,0.5244,1
AquaCultureRd_TON_12.03.25_LS,TON,18,3012,50.24,237.9,393.8,34.8,25.6,0.4836,1
AquaCultureRd_TON_12.03.25_LS,TON,18,3015,50.29,207.2,391.5,30.0,21.0,0.3519,1
AquaCultureRd_TON_12.03.25_LS,TON,33,6056,101.01,449.3,414.7,24.0,22.3,0.5607,0
AquaCultureRd_TON_12.03.25_LS,TON,33,6057,101.03,444.8,413.9,32.9,25.3,0.3918,0
AquaCultureRd_TON_12.03.25_LS,TON,33,6058,101.05,444.0,417.3,34.6,25.8,0.1377,0
AquaCultureRd_TON_12.03.25_LS,TON,68,6687,111.54,524.6,307.7,29.8,21.2,0.552,0
AquaCultureRd_TON_12.03.25_LS,TON,68,6688,111.56,520.2,307.1,32.5,21.9,0.339,0
AquaCultureRd_TON_12.03.25_LS,TON,68,6689,111.57,516.3,306.6,34.4,24.2,0.1569,0
AquaCultureRd_TON_12.03.25_LS,TON,90,8706,145.22,375.0,282.3,34.8,30.4,0.5034,0
AquaCultureRd_TON_12.03.25_LS,TON,90,8707,145.23,368.6,281.9,34.6,32.5,0.4448,0
AquaCultureRd_TON_12.03.25_LS,TON,90,8708,145.25,363.9,279.2,32.5,30.1,0.6202,0
AquaCultureRd_TON_12.03.25_LS,TON,90,8709,145.27,358.7,279.2,33.1,32.0,0.5812,0
AquaCultureRd_TON_12.03.25_LS,TON,90,8710,145.28,354.2,279.2,32.3,31.4,0.4712,0
AquaCultureRd_TON_12.03.25_LS,TON,90,8711,145.3,350.7,279.3,36.1,34.5,0.1947,0
AquaCultureRd_TON_12.03.25_LS,TON,90,8713,145.33,339.2,279.1,37.6,36.0,0.4123,0
AquaCultureRd_TON_12.03.25_LS,TON,90,8717,145.4,317.9,279.4,35.4,34.0,0.3444,0
AquaCultureRd_TON_12.03.25_LS,TON,90,8718,145.42,314.8,282.2,39.6,36.5,0.1504,0
AquaCultureRd_TON_12.03.25_LS,TON,90,8719,145.43,310.8,282.1,43.6,38.1,0.2136,0
AquaCultureRd_TON_12.03.25_LS,TON,93,8772,146.32,47.2,257.0,34.2,33.1,0.4482,0
AquaCultureRd_TON_12.03.25_LS,TON,93,8773,146.33,38.1,259.2,38.9,34.9,0.1913,0
AquaCultureRd_TON_12.03.25_LS,TON,93,8775,146.37,28.2,259.0,34.3,32.7,0.5696,0
AquaCultureRd_TON_12.03.25_LS,TON,93,8776,146.38,23.2,258.2,32.3,31.7,0.6742,0
AquaCultureRd_TON_12.03.25_LS,TON,107,10075,168.05,16.6,368.7,32.7,18.8,0.5284,0
AquaCultureRd_TON_12.03.25_LS,TON,107,10076,168.07,16.7,364.5,33.1,18.5,0.3015,0
AquaCultureRd_TON_12.03.25_LS,TON,107,10077,168.08,16.5,362.9,32.6,17.6,0.5453,0
AquaCultureRd_TON_12.03.25_LS,TON,118,11900,198.49,396.4,502.1,27.3,18.5,0.3675,0
AquaCultureRd_TON_12.03.25_LS,TON,118,11901,198.51,394.4,501.8,26.8,18.9,0.3653,0
AquaCultureRd_TON_12.03.25_LS,TON,118,11902,198.53,392.2,501.7,26.7,19.1,0.1176,0
AquaCultureRd_TON_12.03.25_LS,TON,124,12111,202.01,505.3,504.8,21.5,13.1,0.3782,0
AquaCultureRd_TON_12.03.25_LS,TON,124,12112,202.03,503.0,505.3,21.3,12.5,0.217,0
AquaCultureRd_TON_12.03.25_LS,TON,124,12113,202.05,499.8,505.2,21.1,12.5,0.3865,0
AquaCultureRd_TON_12.03.25_LS,TON,127,13384,223.25,579.8,218.6,23.6,16.0,0.3958,0
AquaCultureRd_TON_12.03.25_LS,TON,127,13385,223.26,578.2,219.8,24.3,16.8,0.5235,0
AquaCultureRd_TON_12.03.25_LS,TON,127,13386,223.28,577.9,219.4,24.3,16.7,0.6757,0
AquaCultureRd_TON_12.03.25_LS,TON,127,13387,223.3,575.9,220.2,25.3,16.6,0.1286,0
AquaCultureRd_TON_12.03.25_LS,TON,127,13388,223.31,571.7,222.0,24.9,17.5,0.4963,0
AquaCultureRd_TON_12.03.25_LS,TON,127,13389,223.33,570.4,221.7,24.9,17.8,0.451,0
AquaCultureRd_TON_12.03.25_LS,TON,127,13390,223.35,569.4,221.1,25.4,18.1,0.4759,0
AquaCultureRd_TON_12.03.25_LS,TON,127,13391,223.36,566.8,221.9,26.3,18.0,0.3799,0
AquaCultureRd_TON_12.03.25_LS,TON,127,13392,223.38,565.9,221.6,27.2,18.2,0.1359,0
AquaCultureRd_TON_12.03.25_LS,TON,127,13393,223.4,565.4,220.9,28.2,18.9,0.182,0
AquaCultureRd_TON_12.03.25_LS,TON,145,14368,239.66,621.5,472.7,37.0,27.8,0.4578,0
AquaCultureRd_TON_12.03.25_LS,TON,145,14372,239.73,609.0,479.0,52.3,32.1,0.4224,0
AquaCultureRd_TON_12.03.25_LS,TON,145,14373,239.74,607.5,478.3,56.9,33.5,0.296,0
AquaCultureRd_TON_12.03.25_LS,TON,145,14374,239.76,607.1,479.0,60.3,35.0,0.3997,0
AquaCultureRd_TON_12.03.25_LS,TON,145,14375,239.78,603.1,483.0,65.4,38.5,0.2155,0
AquaCultureRd_TON_12.03.25_LS,TON,162,15557,259.49,193.4,150.8,25.2,20.7,0.4414,0
AquaCultureRd_TON_12.03.25_LS,TON,162,15558,259.51,193.2,150.0,23.2,19.7,0.5994,0
AquaCultureRd_TON_12.03.25_LS,TON,162,15559,259.52,193.5,150.3,22.9,19.3,0.5968,0
AquaCultureRd_TON_12.03.25_LS,TON,162,15560,259.54,192.5,149.9,23.1,19.8,0.6012,0
AquaCultureRd_TON_12.03.25_LS,TON,195,17281,288.25,410.4,297.6,38.1,18.4,0.5966,0
AquaCultureRd_TON_12.03.25_LS,TON,195,17282,288.26,407.4,299.9,38.4,18.0,0.1316,0
AquaCultureRd_TON_12.03.25_LS,TON,195,17284,288.3,398.9,306.8,40.1,18.3,0.2734,0
AquaCultureRd_TON_12.03.25_LS,TON,195,17286,288.33,392.8,306.4,46.0,21.6,0.4028,0
AquaCultureRd_TON_12.03.25_LS,TON,195,17287,288.35,388.1,308.5,45.5,21.5,0.5446,0
AquaCultureRd_TON_12.03.25_LS,TON,195,17288,288.36,381.4,307.4,45.4,22.1,0.1551,0
AquaCultureRd_TON_12.03.25_LS,TON,195,17289,288.38,378.3,310.8,43.6,21.3,0.3625,0
AquaCultureRd_TON_12.03.25_LS,TON,195,17290,288.4,376.2,311.2,43.1,21.0,0.3323,0
AquaCultureRd_TON_12.03.25_LS,TON,197,17317,288.85,172.0,293.0,47.0,23.1,0.5387,0
AquaCultureRd_TON_12.03.25_LS,TON,197,17318,288.86,169.3,293.2,48.7,24.4,0.3905,0
AquaCultureRd_TON_12.03.25_LS,TON,197,17319,288.88,166.7,291.7,52.2,25.1,0.4881,0
AquaCultureRd_TON_12.03.25_LS,TON,197,17320,288.9,165.3,292.3,53.1,25.0,0.4339,0
AquaCultureRd_TON_12.03.25_LS,TON,197,17321,288.91,163.9,296.0,58.6,27.1,0.2343,0
AquaCultureRd_TON_12.03.25_LS,TON,208,18935,315.84,40.8,256.4,17.3,15.8,0.4745,0
AquaCultureRd_TON_12.03.25_LS,TON,208,18937,315.87,35.9,258.0,15.4,15.3,0.427,0
AquaCultureRd_TON_12.03.25_LS,TON,208,18938,315.89,33.0,258.0,13.9,14.8,0.201,0
AquaCultureRd_TON_12.03.25_LS,TON,208,18939,315.9,29.6,258.6,14.6,15.4,0.4569,0
AquaCultureRd_TON_12.03.25_LS,TON,208,18940,315.92,27.8,259.4,14.6,15.1,0.5212,0
AquaCultureRd_TON_12.03.25_LS,TON,208,18941,315.94,23.6,259.4,14.3,14.7,0.4539,0
AquaCultureRd_TON_12.03.25_LS,TON,208,18942,315.95,20.8,260.3,13.9,14.2,0.5346,0
AquaCultureRd_TON_12.03.25_LS,TON,208,18943,315.97,18.4,259.7,14.0,13.8,0.4137,0
AquaCultureRd_TON_12.03.25_LS,TON,208,18944,315.99,16.7,258.2,14.5,14.9,0.1791,0
AquaCultureRd_TON_12.03.25_LS,TON,208,18945,316.0,14.7,258.0,15.5,15.4,0.3665,0
AquaCultureRd_TON_12.03.25_LS,TON,208,18947,316.04,9.0,253.6,14.8,14.4,0.2947,0
AquaCultureRd_TON_12.03.25_LS,TON,208,18948,316.05,6.6,252.8,12.6,13.9,0.1027,0
EagleCreekDrEtc_SHB_12.11.2025_LS,SHB,217,1117,18.62,589.0,257.9,32.8,26.6,0.725,1
EagleCreekDrEtc_SHB_12.11.2025_LS,SHB,217,1118,18.64,583.5,256.1,31.4,26.6,0.5953,1
EagleCreekDrEtc_SHB_12.11.2025_LS,SHB,217,1119,18.65,580.1,257.3,34.0,26.9,0.5945,1
EagleCreekDrEtc_SHB_12.11.2025_LS,SHB,217,1120,18.67,575.0,258.2,34.9,27.2,0.6984,1
EagleCreekDrEtc_SHB_12.11.2025_LS,SHB,217,1121,18.69,569.4,259.1,35.7,28.3,0.7006,1
EagleCreekDrEtc_SHB_12.11.2025_LS,SHB,217,1122,18.7,563.9,260.2,36.4,29.1,0.742,1
EagleCreekDrEtc_SHB_12.11.2025_LS,SHB,217,1123,18.72,558.4,260.7,38.2,31.0,0.7457,1
EagleCreekDrEtc_SHB_12.11.2025_LS,SHB,217,1124,18.74,554.4,262.3,39.3,31.9,0.7485,1
EagleCreekDrEtc_SHB_12.11.2025_LS,SHB,217,1125,18.75,548.7,262.4,37.8,31.7,0.779,1
EagleCreekDrEtc_SHB_12.11.2025_LS,SHB,217,1126,18.77,543.8,263.9,38.6,30.9,0.799,1
EagleCreekDrEtc_SHB_12.11.2025_LS,SHB,217,1127,18.79,538.3,263.3,37.8,30.2,0.7675,1
EagleCreekDrEtc_SHB_12.11.2025_LS,SHB,217,1128,18.8,532.3,262.7,37.5,30.3,0.7527,1
EagleCreekDrEtc_SHB_12.11.2025_LS,SHB,217,1129,18.82,526.3,262.7,37.3,29.6,0.6972,1
EagleCreekDrEtc_SHB_12.11.2025_LS,SHB,217,1130,18.84,521.8,262.8,37.1,29.6,0.6789,1
EagleCreekDrEtc_SHB_12.11.2025_LS,SHB,217,1131,18.85,515.8,262.1,39.6,31.2,0.7077,1
EagleCreekDrEtc_SHB_12.11.2025_LS,SHB,217,1132,18.87,512.1,259.8,38.4,29.3,0.5343,1
EagleCreekDrEtc_SHB_12.11.2025_LS,SHB,217,1133,18.89,508.0,257.7,37.5,28.8,0.5988,1
EagleCreekDrEtc_SHB_12.11.2025_LS,SHB,217,1134,18.9,502.0,256.2,31.8,25.2,0.6046,1
EagleCreekDrEtc_SHB_12.11.2025_LS,SHB,217,1136,18.94,493.8,254.6,32.5,25.8,0.5436,1
EagleCreekDrEtc_SHB_12.11.2025_LS,SHB,217,1137,18.95,488.3,255.5,37.3,29.0,0.663,1
EagleCreekDrEtc_SHB_12.11.2025_LS,SHB,217,1138,18.97,485.0,256.4,40.7,31.5,0.6843,1
EagleCreekDrEtc_SHB_12.11.2025_LS,SHB,217,1139,18.99,480.2,254.4,42.1,33.5,0.6006,1
EagleCreekDrEtc_SHB_12.11.2025_LS,SHB,217,1140,19.0,475.8,252.2,39.1,31.7,0.6232,1
EagleCreekDrEtc_SHB_12.11.2025_LS,SHB,217,1141,19.02,470.1,253.0,37.2,30.8,0.7175,1
EagleCreekDrEtc_SHB_12.11.2025_LS,SHB,217,1142,19.04,465.9,253.0,37.0,31.6,0.71,1
EagleCreekDrEtc_SHB_12.11.2025_LS,SHB,217,1143,19.05,460.1,251.9,36.4,32.3,0.6955,1
EagleCreekDrEtc_SHB_12.11.2025_LS,SHB,217,1144,19.07,456.0,250.9,37.8,32.7,0.6699,1
EagleCreekDrEtc_SHB_12.11.2025_LS,SHB,217,1145,19.09,452.1,248.8,38.7,31.2,0.6841,1
EagleCreekDrEtc_SHB_12.11.2025_LS,SHB,217,1146,19.1,447.2,246.9,39.4,30.9,0.6715,1
EagleCreekDrEtc_SHB_12.11.2025_LS,SHB,217,1147,19.12,441.0,243.7,37.8,30.7,0.6711,1
EagleCreekDrEtc_SHB_12.11.2025_LS,SHB,217,1148,19.14,437.1,241.2,37.0,30.3,0.7189,1
EagleCreekDrEtc_SHB_12.11.2025_LS,SHB,217,1149,19.15,430.8,239.1,36.4,29.2,0.6429,1
EagleCreekDrEtc_SHB_12.11.2025_LS,SHB,217,1150,19.17,427.6,237.4,36.7,29.1,0.3919,1
EagleCreekDrEtc_SHB_12.11.2025_LS,SHB,217,1151,19.19,423.8,234.9,38.9,30.7,0.3179,1
EagleCreekDrEtc_SHB_12.11.2025_LS,SHB,217,1152,19.2,420.1,236.0,37.3,30.0,0.575,1
EagleCreekDrEtc_SHB_12.11.2025_LS,SHB,217,1153,19.22,414.0,235.6,35.6,28.8,0.5201,1
EagleCreekDrEtc_SHB_12.11.2025_LS,SHB,217,1154,19.24,408.0,235.8,38.1,30.8,0.3311,1
EagleCreekDrEtc_SHB_12.11.2025_LS,SHB,217,1155,19.25,407.1,235.6,38.5,30.3,0.5119,1
EagleCreekDrEtc_SHB_12.11.2025_LS,SHB,217,1156,19.27,402.5,236.4,39.8,30.3,0.6139,1
EagleCreekDrEtc_SHB_12.11.2025_LS,SHB,217,1157,19.29,396.6,237.1,38.6,29.8,0.7369,1
EagleCreekDrEtc_SHB_12.11.2025_LS,SHB,217,1158,19.3,391.3,237.0,38.3,29.2,0.6834,1
EagleCreekDrEtc_SHB_12.11.2025_LS,SHB,217,1159,19.32,385.0,237.3,41.4,30.5,0.7082,1
EagleCreekDrEtc_SHB_12.11.2025_LS,SHB,217,1160,19.34,381.0,237.8,39.6,29.7,0.7177,1
EagleCreekDrEtc_SHB_12.11.2025_LS,SHB,217,1161,19.35,375.9,238.6,40.0,30.1,0.7023,1
EagleCreekDrEtc_SHB_12.11.2025_LS,SHB,217,1162,19.37,371.5,239.1,39.0,30.4,0.7022,1
EagleCreekDrEtc_SHB_12.11.2025_LS,SHB,217,1163,19.39,366.3,240.0,37.3,28.8,0.7169,1
EagleCreekDrEtc_SHB_12.11.2025_LS,SHB,217,1164,19.4,362.3,239.6,35.8,27.8,0.6883,1
EagleCreekDrEtc_SHB_12.11.2025_LS,SHB,217,1165,19.42,356.8,240.7,35.8,28.1,0.6534,1
EagleCreekDrEtc_SHB_12.11.2025_LS,SHB,217,1166,19.44,352.8,241.5,35.1,27.6,0.6626,1
EagleCreekDrEtc_SHB_12.11.2025_LS,SHB,217,1167,19.45,348.3,243.6,37.2,28.8,0.6873,1
EagleCreekDrEtc_SHB_12.11.2025_LS,SHB,217,1168,19.47,344.4,243.9,38.3,29.3,0.5926,1
EagleCreekDrEtc_SHB_12.11.2025_LS,SHB,217,1169,19.49,340.8,244.7,38.3,29.4,0.5988,1
EagleCreekDrEtc_SHB_12.11.2025_LS,SHB,217,1170,19.5,337.9,244.0,40.0,29.9,0.4613,1
EagleCreekDrEtc_SHB_12.11.2025_LS,SHB,217,1171,19.52,335.3,242.2,39.9,29.5,0.5076,1
EagleCreekDrEtc_SHB_12.11.2025_LS,SHB,217,1172,19.54,332.6,242.2,39.4,28.3,0.4968,1
EagleCreekDrEtc_SHB_12.11.2025_LS,SHB,217,1173,19.55,328.9,240.6,39.5,29.2,0.2092,1
EagleCreekDrEtc_SHB_12.11.2025_LS,SHB,217,1174,19.57,325.2,240.5,36.8,27.9,0.4616,1
EagleCreekDrEtc_SHB_12.11.2025_LS,SHB,217,1175,19.59,323.0,242.0,34.6,26.7,0.5818,1
EagleCreekDrEtc_SHB_12.11.2025_LS,SHB,217,1176,19.6,318.2,243.0,35.0,27.0,0.4666,1
EagleCreekDrEtc_SHB_12.11.2025_LS,SHB,217,1177,19.62,313.7,242.8,34.3,26.4,0.4975,1
EagleCreekDrEtc_SHB_12.11.2025_LS,SHB,217,1178,19.64,309.2,241.9,35.0,26.5,0.4857,1
EagleCreekDrEtc_SHB_12.11.2025_LS,SHB,217,1179,19.65,304.8,241.7,35.7,26.5,0.329,1
EagleCreekDrEtc_SHB_12.11.2025_LS,SHB,217,1180,19.67,295.8,242.5,36.0,27.5,0.6421,1
EagleCreekDrEtc_SHB_12.11.2025_LS,SHB,217,1181,19.69,290.8,241.8,36.6,28.2,0.3866,1
EagleCreekDrEtc_SHB_12.11.2025_LS,SHB,217,1182,19.7,283.9,242.4,35.5,27.8,0.5935,1
EagleCreekDrEtc_SHB_12.11.2025_LS,SHB,217,1183,19.72,274.3,243.8,35.3,28.1,0.4884,1
EagleCreekDrEtc_SHB_12.11.2025_LS,SHB,217,1184,19.74,267.4,243.4,35.4,27.4,0.4613,1
EagleCreekDrEtc_SHB_12.11.2025_LS,SHB,217,1185,19.75,259.7,241.6,37.3,28.2,0.3899,1
EagleCreekDrEtc_SHB_12.11.2025_LS,SHB,217,1186,19.77,257.3,241.5,36.8,29.2,0.4161,1
EagleCreekDrEtc_SHB_12.11.2025_LS,SHB,217,1187,19.79,250.9,240.5,38.8,29.9,0.303,1
EagleCreekDrEtc_SHB_12.11.2025_LS,SHB,217,1188,19.8,244.9,240.8,37.1,29.8,0.7223,1
EagleCreekDrEtc_SHB_12.11.2025_LS,SHB,217,1189,19.82,241.0,241.0,37.5,30.2,0.6971,1
EagleCreekDrEtc_SHB_12.11.2025_LS,SHB,217,1190,19.84,235.9,241.1,36.3,29.5,0.701,1
EagleCreekDrEtc_SHB_12.11.2025_LS,SHB,217,1191,19.85,231.3,241.6,36.9,29.6,0.6897,1
EagleCreekDrEtc_SHB_12.11.2025_LS,SHB,217,1192,19.87,226.9,242.7,36.8,29.5,0.6896,1
EagleCreekDrEtc_SHB_12.11.2025_LS,SHB,217,1193,19.89,220.5,243.1,37.1,30.2,0.7036,1
EagleCreekDrEtc_SHB_12.11.2025_LS,SHB,217,1194,19.9,215.2,245.1,37.0,30.2,0.6861,1
EagleCreekDrEtc_SHB_12.11.2025_LS,SHB,217,1195,19.92,209.2,246.7,37.2,29.5,0.5604,1
EagleCreekDrEtc_SHB_12.11.2025_LS,SHB,217,1196,19.94,203.4,249.8,38.0,29.4,0.5491,1
EagleCreekDrEtc_SHB_12.11.2025_LS,SHB,217,1197,19.95,198.3,251.6,39.2,30.4,0.5531,1
EagleCreekDrEtc_SHB_12.11.2025_LS,SHB,217,1198,19.97,193.6,253.1,38.3,29.8,0.5463,1
EagleCreekDrEtc_SHB_12.11.2025_LS,SHB,217,1199,19.99,181.9,254.3,39.5,29.3,0.1268,1
EagleCreekDrEtc_SHB_12.11.2025_LS,SHB,217,1200,20.0,179.7,257.7,38.0,29.9,0.6725,1
EagleCreekDrEtc_SHB_12.11.2025_LS,SHB,217,1201,20.02,175.6,260.2,38.6,30.8,0.6396,1
EagleCreekDrEtc_SHB_12.11.2025_LS,SHB,217,1202,20.04,172.3,263.7,37.5,31.5,0.6658,1
EagleCreekDrEtc_SHB_12.11.2025_LS,SHB,217,1203,20.05,167.2,265.8,37.0,31.4,0.692,1
EagleCreekDrEtc_SHB_12.11.2025_LS,SHB,217,1204,20.07,161.7,268.9,37.8,31.8,0.7512,1
EagleCreekDrEtc_SHB_12.11.2025_LS,SHB,217,1205,20.09,157.0,271.4,38.3,32.0,0.7276,1
EagleCreekDrEtc_SHB_12.11.2025_LS,SHB,217,1206,20.1,151.7,273.9,38.8,32.7,0.6902,1
EagleCreekDrEtc_SHB_12.11.2025_LS,SHB,217,1207,20.12,146.3,275.8,39.0,33.1,0.7478,1
EagleCreekDrEtc_SHB_12.11.2025_LS,SHB,217,1208,20.14,141.5,277.1,38.7,31.9,0.7842,1
EagleCreekDrEtc_SHB_12.11.2025_LS,SHB,217,1209,20.15,136.6,279.8,38.7,30.6,0.7518,1
EagleCreekDrEtc_SHB_12.11.2025_LS,SHB,217,1210,20.17,132.6,281.4,37.5,30.6,0.7581,1
EagleCreekDrEtc_SHB_12.11.2025_LS,SHB,217,1211,20.19,127.5,282.0,37.0,30.6,0.7876,1
EagleCreekDrEtc_SHB_12.11.2025_LS,SHB,217,1212,20.2,122.5,282.2,37.9,30.6,0.7881,1
EagleCreekDrEtc_SHB_12.11.2025_LS,SHB,217,1213,20.22,117.9,281.9,39.3,31.5,0.7958,1
EagleCreekDrEtc_SHB_12.11.2025_LS,SHB,217,1214,20.24,113.6,282.1,39.7,31.9,0.7895,1
EagleCreekDrEtc_SHB_12.11.2025_LS,SHB,217,1215,20.25,109.4,281.5,40.1,32.1,0.7783,1
EagleCreekDrEtc_SHB_12.11.2025_LS,SHB,217,1216,20.27,104.8,281.1,39.8,31.3,0.7728,1
EagleCreekDrEtc_SHB_12.11.2025_LS,SHB,217,1217,20.29,100.2,281.3,39.4,31.5,0.7867,1
EagleCreekDrEtc_SHB_12.11.2025_LS,SHB,217,1218,20.3,96.0,281.1,39.1,31.5,0.766,1
EagleCreekDrEtc_SHB_12.11.2025_LS,SHB,217,1219,20.32,90.9,281.5,39.9,31.7,0.775,1
EagleCreekDrEtc_SHB_12.11.2025_LS,SHB,217,1220,20.34,86.5,281.6,40.3,31.5,0.7785,1
EagleCreekDrEtc_SHB_12.11.2025_LS,SHB,217,1221,20.35,82.2,281.4,40.4,31.8,0.8099,1
EagleCreekDrEtc_SHB_12.11.2025_LS,SHB,217,1222,20.37,78.1,281.9,40.0,31.5,0.7957,1
EagleCreekDrEtc_SHB_12.11.2025_LS,SHB,217,1223,20.39,74.1,282.1,39.1,30.8,0.7737,1
EagleCreekDrEtc_SHB_12.11.2025_LS,SHB,217,1224,20.4,69.7,282.1,38.2,30.4,0.7874,1
EagleCreekDrEtc_SHB_12.11.2025_LS,SHB,217,1225,20.42,65.5,282.0,37.4,30.3,0.7962,1
EagleCreekDrEtc_SHB_12.11.2025_LS,SHB,217,1226,20.44,61.3,281.5,37.3,30.8,0.785,1
EagleCreekDrEtc_SHB_12.11.2025_LS,SHB,217,1227,20.45,57.4,281.5,36.7,31.1,0.794,1
EagleCreekDrEtc_SHB_12.11.2025_LS,SHB,217,1228,20.47,52.6,280.9,35.7,31.0,0.8109,1
EagleCreekDrEtc_SHB_12.11.2025_LS,SHB,217,1229,20.49,47.8,281.1,35.9,30.7,0.8027,1
EagleCreekDrEtc_SHB_12.11.2025_LS,SHB,217,1230,20.5,43.6,281.4,35.3,30.1,0.7947,1
EagleCreekDrEtc_SHB_12.11.2025_LS,SHB,217,1231,20.52,38.9,281.8,34.8,29.5,0.8128,1
EagleCreekDrEtc_SHB_12.11.2025_LS,SHB,217,1232,20.54,34.1,282.2,34.0,29.3,0.7839,1
EagleCreekDrEtc_SHB_12.11.2025_LS,SHB,217,1233,20.55,30.1,282.7,33.8,28.9,0.7807,1
EagleCreekDrEtc_SHB_12.11.2025_LS,SHB,217,1234,20.57,25.9,282.7,33.3,28.6,0.786,1
EagleCreekDrEtc_SHB_12.11.2025_LS,SHB,217,1235,20.59,21.5,283.6,33.9,29.0,0.7742,1
EagleCreekDrEtc_SHB_12.11.2025_LS,SHB,217,1236,20.6,17.8,283.8,33.4,28.7,0.7935,1
EagleCreekDrEtc_SHB_12.11.2025_LS,SHB,217,1237,20.62,14.5,283.9,29.0,28.6,0.7901,1
EagleCreekDrEtc_SHB_12.11.2025_LS,SHB,217,1238,20.64,12.2,285.0,24.4,28.8,0.7369,1
EagleCreekDrEtc_SHB_12.11.2025_LS,SHB,217,1239,20.65,10.1,285.1,20.2,28.8,0.6355,1
EagleCreekDrEtc_SHB_12.11.2025_LS,SHB,217,1240,20.67,8.8,284.2,17.6,28.8,0.4117,1
EagleCreekDrEtc_SHB_12.11.2025_LS,SHB,217,1241,20.69,6.8,284.0,13.6,31.2,0.4149,1
EagleCreekDrEtc_SHB_12.11.2025_LS,SHB,240,1210,20.17,353.2,276.0,20.4,18.2,0.3867,1
EagleCreekDrEtc_SHB_12.11.2025_LS,SHB,240,1211,20.19,348.8,275.9,19.6,17.3,0.4832,1
EagleCreekDrEtc_SHB_12.11.2025_LS,SHB,240,1212,20.2,345.1,276.5,19.4,17.2,0.416,1
EagleCreekDrEtc_SHB_12.11.2025_LS,SHB,240,1213,20.22,342.8,276.5,18.5,16.5,0.3685,1
EagleCreekDrEtc_SHB_12.11.2025_LS,SHB,240,1214,20.24,337.8,276.4,19.1,16.7,0.3849,1
EagleCreekDrEtc_SHB_12.11.2025_LS,SHB,240,1215,20.25,331.5,275.7,21.6,17.6,0.3664,1
EagleCreekDrEtc_SHB_12.11.2025_LS,SHB,240,1216,20.27,328.1,276.0,21.7,17.6,0.4323,1
EagleCreekDrEtc_SHB_12.11.2025_LS,SHB,240,1217,20.29,322.4,276.5,21.9,17.5,0.4653,1
EagleCreekDrEtc_SHB_12.11.2025_LS,SHB,240,1218,20.3,318.7,276.8,22.1,17.6,0.6462,1
EagleCreekDrEtc_SHB_12.11.2025_LS,SHB,240,1219,20.32,313.3,277.7,21.8,18.0,0.6723,1
EagleCreekDrEtc_SHB_12.11.2025_LS,SHB,240,1220,20.34,309.2,277.9,22.3,18.4,0.7067,1
EagleCreekDrEtc_SHB_12.11.2025_LS,SHB,240,1221,20.35,304.3,277.7,20.9,17.6,0.651,1
EagleCreekDrEtc_SHB_12.11.2025_LS,SHB,240,1222,20.37,300.6,278.3,20.5,17.6,0.579,1
EagleCreekDrEtc_SHB_12.11.2025_LS,SHB,240,1223,20.39,296.5,279.2,20.8,18.0,0.6333,1
EagleCreekDrEtc_SHB_12.11.2025_LS,SHB,240,1224,20.4,291.8,279.0,20.0,17.6,0.6503,1
EagleCreekDrEtc_SHB_12.11.2025_LS,SHB,240,1225,20.42,288.0,279.5,19.9,18.1,0.6053,1
EagleCreekDrEtc_SHB_12.11.2025_LS,SHB,240,1226,20.44,284.0,279.3,19.2,17.6,0.5902,1
EagleCreekDrEtc_SHB_12.11.2025_LS,SHB,240,1227,20.45,282.2,279.9,20.9,18.4,0.5704,1
EagleCreekDrEtc_SHB_12.11.2025_LS,SHB,240,1228,20.47,279.4,280.0,22.1,19.4,0.5459,1
EagleCreekDrEtc_SHB_12.11.2025_LS,SHB,240,1229,20.49,275.6,279.7,21.9,18.9,0.5378,1
EagleCreekDrEtc_SHB_12.11.2025_LS,SHB,240,1230,20.5,270.9,280.9,21.7,18.6,0.4329,1
EagleCreekDrEtc_SHB_12.11.2025_LS,SHB,240,1231,20.52,267.6,281.3,20.7,17.8,0.3278,1
EagleCreekDrEtc_SHB_12.11.2025_LS,SHB,240,1235,20.59,250.8,286.0,24.0,20.1,0.2997,1
EagleCreekDrEtc_SHB_12.11.2025_LS,SHB,240,1236,20.6,246.7,285.6,23.4,19.7,0.5075,1
EagleCreekDrEtc_SHB_12.11.2025_LS,SHB,240,1237,20.62,241.8,285.6,23.8,19.3,0.4446,1
EagleCreekDrEtc_SHB_12.11.2025_LS,SHB,249,1254,20.9,182.4,268.7,20.5,17.4,0.3875,1
EagleCreekDrEtc_SHB_12.11.2025_LS,SHB,249,1255,20.92,178.7,268.1,20.2,17.1,0.3856,1
EagleCreekDrEtc_SHB_12.11.2025_LS,SHB,249,1256,20.94,173.7,265.8,19.3,16.6,0.2955,1
EagleCreekDrEtc_SHB_12.11.2025_LS,SHB,249,1257,20.95,170.2,267.3,20.1,17.1,0.1992,1
EagleCreekDrEtc_SHB_12.11.2025_LS,SHB,249,1258,20.97,167.6,267.3,20.5,17.4,0.3279,1
EagleCreekDrEtc_SHB_12.11.2025_LS,SHB,249,1259,20.99,164.9,265.5,21.1,17.5,0.3172,1
EagleCreekDrEtc_SHB_12.11.2025_LS,SHB,249,1260,21.0,159.6,263.9,20.6,16.9,0.2962,1
EagleCreekDrEtc_SHB_12.11.2025_LS,SHB,249,1276,21.27,82.8,266.3,20.3,17.0,0.3423,1
EagleCreekDrEtc_SHB_12.11.2025_LS,SHB,249,1277,21.29,77.8,266.9,21.0,17.4,0.1515,1
EagleCreekDrEtc_SHB_12.11.2025_LS,SHB,249,1279,21.32,64.9,267.6,20.5,17.3,0.3001,1
EagleCreekDrEtc_SHB_12.11.2025_LS,SHB,249,1280,21.34,60.2,267.5,20.5,17.5,0.4771,1
EagleCreekDrEtc_SHB_12.11.2025_LS,SHB,249,1281,21.35,55.0,267.2,20.2,17.6,0.4968,1
EagleCreekDrEtc_SHB_12.11.2025_LS,SHB,307,2431,40.52,262.3,363.3,35.9,19.4,0.6918,0
EagleCreekDrEtc_SHB_12.11.2025_LS,SHB,307,2432,40.54,250.6,364.0,38.9,21.3,0.6712,0
EagleCreekDrEtc_SHB_12.11.2025_LS,SHB,307,2433,40.56,236.5,363.1,37.2,21.6,0.6906,0
EagleCreekDrEtc_SHB_12.11.2025_LS,SHB,307,2434,40.57,218.0,363.6,35.0,19.5,0.6646,0
EagleCreekDrEtc_SHB_12.11.2025_LS,SHB,307,2435,40.59,202.3,362.8,36.2,22.7,0.6197,0
EagleCreekDrEtc_SHB_12.11.2025_LS,SHB,307,2436,40.61,183.6,362.2,35.3,24.2,0.6804,0
EagleCreekDrEtc_SHB_12.11.2025_LS,SHB,307,2437,40.62,168.4,362.7,36.2,24.0,0.4482,0
EagleCreekDrEtc_SHB_12.11.2025_LS,SHB,307,2438,40.64,150.7,362.7,36.2,22.7,0.729,0
EagleCreekDrEtc_SHB_12.11.2025_LS,SHB,307,2439,40.66,132.5,362.8,37.9,20.9,0.6693,0
EagleCreekDrEtc_SHB_12.11.2025_LS,SHB,307,2440,40.67,115.8,362.6,38.0,21.2,0.6663,0
EagleCreekDrEtc_SHB_12.11.2025_LS,SHB,307,2441,40.69,98.3,362.5,37.9,20.0,0.6645,0
EagleCreekDrEtc_SHB_12.11.2025_LS,SHB,307,2442,40.71,82.0,362.4,37.2,18.4,0.6516,0
EagleCreekDrEtc_SHB_12.11.2025_LS,SHB,308,2444,40.74,50.0,361.1,33.9,19.7,0.6656,0
EagleCreekDrEtc_SHB_12.11.2025_LS,SHB,308,2445,40.76,35.9,360.8,34.0,21.0,0.6953,0
EagleCreekDrEtc_SHB_12.11.2025_LS,SHB,308,2446,40.77,20.0,359.8,34.6,21.2,0.7141,0
EagleCreekDrEtc_SHB_12.11.2025_LS,SHB,308,2447,40.79,14.2,360.2,25.6,21.3,0.5593,0
EagleCreekDrEtc_SHB_12.11.2025_LS,SHB,309,3039,50.66,372.0,362.5,30.5,22.3,0.6319,0
EagleCreekDrEtc_SHB_12.11.2025_LS,SHB,309,3040,50.67,365.1,362.4,30.2,22.1,0.4905,0
EagleCreekDrEtc_SHB_12.11.2025_LS,SHB,309,3041,50.69,360.6,363.4,29.7,21.0,0.5425,0
EagleCreekDrEtc_SHB_12.11.2025_LS,SHB,309,3042,50.71,356.5,362.5,28.9,20.8,0.3763,0
EagleCreekDrEtc_SHB_12.11.2025_LS,SHB,314,3392,56.54,529.1,202.7,23.5,18.2,0.4476,0
EagleCreekDrEtc_SHB_12.11.2025_LS,SHB,314,3393,56.56,524.9,201.4,24.9,19.3,0.2295,0
EagleCreekDrEtc_SHB_12.11.2025_LS,SHB,314,3394,56.57,519.8,201.5,25.0,19.0,0.1939,0
EagleCreekDrEtc_SHB_12.11.2025_LS,SHB,316,3474,57.91,169.4,212.4,30.4,29.6,0.4777,0
EagleCreekDrEtc_SHB_12.11.2025_LS,SHB,316,3475,57.92,164.0,211.9,31.4,27.3,0.1259,0
EagleCreekDrEtc_SHB_12.11.2025_LS,SHB,316,3484,58.07,126.0,215.2,30.7,35.4,0.5627,0
EagleCreekDrEtc_SHB_12.11.2025_LS,SHB,316,3485,58.09,120.9,214.5,28.6,34.2,0.1005,0
EagleCreekDrEtc_SHB_12.11.2025_LS,SHB,333,4140,69.01,63.6,331.6,31.5,22.2,0.463,0
EagleCreekDrEtc_SHB_12.11.2025_LS,SHB,333,4141,69.03,53.0,331.7,30.7,19.2,0.4424,0
EagleCreekDrEtc_SHB_12.11.2025_LS,SHB,333,4142,69.04,38.4,331.8,30.6,17.0,0.456,0
EagleCreekDrEtc_SHB_12.11.2025_LS,SHB,333,4143,69.06,25.8,332.4,31.4,16.0,0.4146,0
EagleCreekDrEtc_SHB_12.11.2025_LS,SHB,333,4144,69.08,15.2,332.8,30.4,15.8,0.2166,0
EagleCreekDrEtc_SHB_12.11.2025_LS,SHB,335,5160,86.01,434.5,438.8,21.7,15.5,0.6402,1
EagleCreekDrEtc_SHB_12.11.2025_LS,SHB,335,5161,86.03,428.7,438.5,22.0,15.5,0.4897,1
EagleCreekDrEtc_SHB_12.11.2025_LS,SHB,335,5162,86.04,423.8,438.9,24.7,16.1,0.675,1
EagleCreekDrEtc_SHB_12.11.2025_LS,SHB,335,5163,86.06,418.4,439.1,26.3,16.0,0.5293,1
EagleCreekDrEtc_SHB_12.11.2025_LS,SHB,335,5164,86.08,412.3,439.2,25.4,16.3,0.4382,1
EagleCreekDrEtc_SHB_12.11.2025_LS,SHB,335,5165,86.09,407.6,439.2,25.3,16.6,0.4106,1
EagleCreekDrEtc_SHB_12.11.2025_LS,SHB,335,5167,86.13,394.9,439.4,22.7,17.4,0.5239,1
EagleCreekDrEtc_SHB_12.11.2025_LS,SHB,335,5168,86.14,387.2,439.0,24.4,17.7,0.4506,1
EagleCreekDrEtc_SHB_12.11.2025_LS,SHB,335,5169,86.16,380.4,440.2,25.0,18.6,0.4128,1
EagleCreekDrEtc_SHB_12.11.2025_LS,SHB,335,5170,86.18,374.6,440.7,24.2,17.7,0.4591,1
EagleCreekDrEtc_SHB_12.11.2025_LS,SHB,335,5178,86.31,322.5,446.0,23.7,18.7,0.6431,1
EagleCreekDrEtc_SHB_12.11.2025_LS,SHB,335,5179,86.33,316.3,446.8,23.4,19.1,0.6631,1
EagleCreekDrEtc_SHB_12.11.2025_LS,SHB,335,5180,86.34,310.4,446.7,23.1,17.8,0.6132,1
EagleCreekDrEtc_SHB_12.11.2025_LS,SHB,335,5181,86.36,302.3,447.3,21.8,17.7,0.613,1
EagleCreekDrEtc_SHB_12.11.2025_LS,SHB,335,5182,86.38,297.4,448.0,22.0,18.5,0.3504,1
EagleCreekDrEtc_SHB_12.11.2025_LS,SHB,335,5183,86.39,288.5,448.4,25.0,20.4,0.3718,1
EagleCreekDrEtc_SHB_12.11.2025_LS,SHB,335,5184,86.41,281.6,450.0,24.5,19.0,0.4318,1
EagleCreekDrEtc_SHB_12.11.2025_LS,SHB,337,5191,86.53,233.1,450.5,21.3,16.4,0.5633,0
EagleCreekDrEtc_SHB_12.11.2025_LS,SHB,337,5192,86.54,228.9,450.8,25.1,17.6,0.4682,0
EagleCreekDrEtc_SHB_12.11.2025_LS,SHB,337,5193,86.56,222.6,451.2,25.6,17.7,0.2114,0
EagleCreekDrEtc_SHB_12.11.2025_LS,SHB,337,5194,86.58,213.9,452.5,28.5,17.9,0.2465,0
EagleCreekDrEtc_SHB_12.11.2025_LS,SHB,337,5195,86.59,206.2,454.4,27.3,17.9,0.3022,0
EagleCreekDrEtc_SHB_12.11.2025_LS,SHB,350,8452,140.88,625.1,291.3,24.6,46.0,0.7894,1
EagleCreekDrEtc_SHB_12.11.2025_LS,SHB,350,8453,140.9,613.4,293.5,28.2,45.1,0.7886,1
EagleCreekDrEtc_SHB_12.11.2025_LS,SHB,350,8454,140.92,601.0,293.1,27.6,43.8,0.7783,1
EagleCreekDrEtc_SHB_12.11.2025_LS,SHB,350,8455,140.93,588.9,293.0,29.0,43.5,0.7231,1
EagleCreekDrEtc_SHB_12.11.2025_LS,SHB,350,8456,140.95,576.5,293.5,28.4,44.7,0.7334,1
EagleCreekDrEtc_SHB_12.11.2025_LS,SHB,350,8457,140.97,565.8,292.7,33.0,46.1,0.8313,1
EagleCreekDrEtc_SHB_12.11.2025_LS,SHB,350,8458,140.98,553.8,291.6,33.9,46.9,0.7365,1
EagleCreekDrEtc_SHB_12.11.2025_LS,SHB,350,8459,141.0,539.6,291.8,31.7,44.4,0.6682,1
EagleCreekDrEtc_SHB_12.11.2025_LS,SHB,350,8460,141.02,526.3,291.2,30.9,43.9,0.6484,1
EagleCreekDrEtc_SHB_12.11.2025_LS,SHB,350,8461,141.03,510.3,290.3,30.3,43.5,0.4437,1
EagleCreekDrEtc_SHB_12.11.2025_LS,SHB,350,8465,141.1,467.5,293.3,32.1,38.1,0.46,1
EagleCreekDrEtc_SHB_12.11.2025_LS,SHB,350,8466,141.12,454.7,292.2,33.3,41.0,0.6177,1
EagleCreekDrEtc_SHB_12.11.2025_LS,SHB,350,8467,141.13,442.7,290.8,32.1,43.2,0.6963,1
EagleCreekDrEtc_SHB_12.11.2025_LS,SHB,350,8468,141.15,431.5,291.5,30.4,44.5,0.7266,1
EagleCreekDrEtc_SHB_12.11.2025_LS,SHB,350,8469,141.17,418.0,291.0,28.1,44.6,0.7226,1
EagleCreekDrEtc_SHB_12.11.2025_LS,SHB,350,8470,141.18,404.1,290.4,30.8,46.1,0.6941,1
EagleCreekDrEtc_SHB_12.11.2025_LS,SHB,350,8471,141.2,391.4,289.3,30.4,44.0,0.7579,1
EagleCreekDrEtc_SHB_12.11.2025_LS,SHB,350,8472,141.22,378.8,287.3,31.9,47.2,0.7444,1
EagleCreekDrEtc_SHB_12.11.2025_LS,SHB,350,8473,141.23,368.7,288.0,31.3,47.1,0.6699,1
EagleCreekDrEtc_SHB_12.11.2025_LS,SHB,350,8474,141.25,357.2,287.5,28.5,46.1,0.7239,1
EagleCreekDrEtc_SHB_12.11.2025_LS,SHB,350,8475,141.27,346.7,286.7,29.9,47.5,0.685,1
EagleCreekDrEtc_SHB_12.11.2025_LS,SHB,350,8476,141.28,335.1,287.0,30.1,46.6,0.7456,1
EagleCreekDrEtc_SHB_12.11.2025_LS,SHB,350,8477,141.3,324.5,286.6,28.7,45.2,0.7394,1
EagleCreekDrEtc_SHB_12.11.2025_LS,SHB,350,8478,141.32,312.5,287.4,27.5,43.1,0.7934,1
EagleCreekDrEtc_SHB_12.11.2025_LS,SHB,350,8479,141.33,300.3,286.2,28.7,43.9,0.7701,1
EagleCreekDrEtc_SHB_12.11.2025_LS,SHB,350,8480,141.35,288.4,286.7,27.7,43.5,0.7798,1
EagleCreekDrEtc_SHB_12.11.2025_LS,SHB,350,8481,141.37,276.9,286.3,28.2,43.7,0.7697,1
EagleCreekDrEtc_SHB_12.11.2025_LS,SHB,350,8482,141.38,264.9,285.9,28.2,42.9,0.763,1
EagleCreekDrEtc_SHB_12.11.2025_LS,SHB,350,8483,141.4,254.0,285.9,28.4,44.3,0.7458,1
EagleCreekDrEtc_SHB_12.11.2025_LS,SHB,350,8484,141.42,242.7,286.5,28.8,44.0,0.7464,1
EagleCreekDrEtc_SHB_12.11.2025_LS,SHB,350,8485,141.43,230.8,285.1,28.7,45.2,0.7289,1
EagleCreekDrEtc_SHB_12.11.2025_LS,SHB,350,8486,141.45,219.2,285.2,28.7,44.2,0.7569,1
EagleCreekDrEtc_SHB_12.11.2025_LS,SHB,350,8487,141.47,207.9,286.6,27.7,42.3,0.7657,1
EagleCreekDrEtc_SHB_12.11.2025_LS,SHB,350,8488,141.48,196.8,287.2,27.8,43.0,0.7938,1
EagleCreekDrEtc_SHB_12.11.2025_LS,SHB,350,8489,141.5,185.3,287.9,27.5,43.0,0.7889,1
EagleCreekDrEtc_SHB_12.11.2025_LS,SHB,350,8490,141.52,173.4,287.6,28.0,44.8,0.7653,1
EagleCreekDrEtc_SHB_12.11.2025_LS,SHB,350,8491,141.53,163.1,288.0,29.2,45.0,0.7704,1
EagleCreekDrEtc_SHB_12.11.2025_LS,SHB,350,8492,141.55,153.3,288.7,29.7,44.5,0.7961,1
EagleCreekDrEtc_SHB_12.11.2025_LS,SHB,350,8493,141.57,143.0,289.5,30.0,44.5,0.7605,1
EagleCreekDrEtc_SHB_12.11.2025_LS,SHB,350,8494,141.58,132.2,290.7,29.6,43.3,0.7849,1
EagleCreekDrEtc_SHB_12.11.2025_LS,SHB,350,8495,141.6,121.8,290.6,29.8,44.9,0.779,1
EagleCreekDrEtc_SHB_12.11.2025_LS,SHB,350,8496,141.62,109.7,291.7,30.6,45.5,0.752,1
EagleCreekDrEtc_SHB_12.11.2025_LS,SHB,350,8497,141.63,98.4,291.8,31.4,46.0,0.7216,1
EagleCreekDrEtc_SHB_12.11.2025_LS,SHB,350,8498,141.65,87.1,291.4,30.5,44.9,0.745,1
EagleCreekDrEtc_SHB_12.11.2025_LS,SHB,350,8499,141.67,76.7,292.9,30.2,44.6,0.8032,1
EagleCreekDrEtc_SHB_12.11.2025_LS,SHB,350,8500,141.68,66.3,293.6,29.4,44.4,0.7609,1
EagleCreekDrEtc_SHB_12.11.2025_LS,SHB,350,8501,141.7,55.4,293.5,29.6,45.7,0.7301,1
EagleCreekDrEtc_SHB_12.11.2025_LS,SHB,350,8502,141.72,45.2,294.7,29.3,44.7,0.7556,1
EagleCreekDrEtc_SHB_12.11.2025_LS,SHB,350,8503,141.73,35.4,295.8,29.2,43.5,0.8107,1
EagleCreekDrEtc_SHB_12.11.2025_LS,SHB,350,8504,141.75,24.4,295.9,29.5,45.0,0.7707,1
EagleCreekDrEtc_SHB_12.11.2025_LS,SHB,350,8505,141.77,14.7,296.0,28.8,44.9,0.7107,1
EagleCreekDrEtc_SHB_12.11.2025_LS,SHB,350,8506,141.78,10.5,296.2,21.0,43.4,0.6468,1
EagleCreekDrEtc_SHB_12.11.2025_LS,SHB,352,8488,141.48,621.1,290.1,31.2,39.8,0.5698,1
EagleCreekDrEtc_SHB_12.11.2025_LS,SHB,352,8489,141.5,615.4,287.4,38.1,51.5,0.724,1
EagleCreekDrEtc_SHB_12.11.2025_LS,SHB,352,8490,141.52,609.3,285.5,49.0,54.2,0.8002,1
EagleCreekDrEtc_SHB_12.11.2025_LS,SHB,352,8491,141.53,600.1,284.7,52.6,54.4,0.7834,1
EagleCreekDrEtc_SHB_12.11.2025_LS,SHB,352,8492,141.55,588.3,285.3,53.6,53.9,0.8059,1
EagleCreekDrEtc_SHB_12.11.2025_LS,SHB,352,8493,141.57,577.5,285.2,53.5,53.0,0.786,1
EagleCreekDrEtc_SHB_12.11.2025_LS,SHB,352,8494,141.58,566.4,287.0,54.4,54.3,0.7757,1
EagleCreekDrEtc_SHB_12.11.2025_LS,SHB,352,8495,141.6,554.9,287.1,53.4,54.7,0.758,1
EagleCreekDrEtc_SHB_12.11.2025_LS,SHB,352,8496,141.62,543.5,288.0,53.4,54.3,0.743,1
EagleCreekDrEtc_SHB_12.11.2025_LS,SHB,352,8497,141.63,532.3,289.1,54.2,53.3,0.788,1
EagleCreekDrEtc_SHB_12.11.2025_LS,SHB,352,8498,141.65,519.6,288.7,55.2,52.1,0.7598,1
EagleCreekDrEtc_SHB_12.11.2025_LS,SHB,352,8499,141.67,509.0,291.0,54.6,52.5,0.8044,1
EagleCreekDrEtc_SHB_12.11.2025_LS,SHB,352,8500,141.68,497.2,291.7,54.1,53.1,0.7996,1
EagleCreekDrEtc_SHB_12.11.2025_LS,SHB,352,8501,141.7,484.8,292.2,54.8,52.2,0.7972,1
EagleCreekDrEtc_SHB_12.11.2025_LS,SHB,352,8502,141.72,472.9,293.1,53.7,50.5,0.7855,1
EagleCreekDrEtc_SHB_12.11.2025_LS,SHB,352,8503,141.73,462.1,294.0,52.0,52.0,0.767,1
EagleCreekDrEtc_SHB_12.11.2025_LS,SHB,352,8504,141.75,451.2,294.0,51.8,50.7,0.8075,1
EagleCreekDrEtc_SHB_12.11.2025_LS,SHB,352,8505,141.77,439.0,295.2,52.0,52.8,0.8128,1
EagleCreekDrEtc_SHB_12.11.2025_LS,SHB,352,8506,141.78,427.2,296.2,51.2,52.9,0.804,1
EagleCreekDrEtc_SHB_12.11.2025_LS,SHB,352,8507,141.8,417.8,297.4,53.0,51.9,0.794,1
EagleCreekDrEtc_SHB_12.11.2025_LS,SHB,352,8508,141.82,407.1,298.1,53.5,53.4,0.7688,1
EagleCreekDrEtc_SHB_12.11.2025_LS,SHB,352,8509,141.83,395.2,299.4,51.8,50.7,0.7723,1
EagleCreekDrEtc_SHB_12.11.2025_LS,SHB,352,8510,141.85,382.8,300.1,50.5,47.4,0.7562,1
EagleCreekDrEtc_SHB_12.11.2025_LS,SHB,352,8511,141.87,369.2,299.5,55.1,47.4,0.6215,1
EagleCreekDrEtc_SHB_12.11.2025_LS,SHB,352,8512,141.88,364.1,301.2,57.0,49.9,0.5497,1
EagleCreekDrEtc_SHB_12.11.2025_LS,SHB,352,8513,141.9,349.8,303.5,56.5,48.2,0.5341,1
EagleCreekDrEtc_SHB_12.11.2025_LS,SHB,352,8514,141.92,337.5,302.9,55.0,50.7,0.5673,1
EagleCreekDrEtc_SHB_12.11.2025_LS,SHB,352,8515,141.93,327.1,306.1,51.7,49.1,0.535,1
EagleCreekDrEtc_SHB_12.11.2025_LS,SHB,352,8516,141.95,306.9,301.3,50.9,50.2,0.5626,1
EagleCreekDrEtc_SHB_12.11.2025_LS,SHB,352,8517,141.97,288.1,298.2,53.1,49.6,0.5045,1
EagleCreekDrEtc_SHB_12.11.2025_LS,SHB,352,8518,141.98,284.9,300.0,56.5,50.9,0.4545,1
EagleCreekDrEtc_SHB_12.11.2025_LS,SHB,352,8519,142.0,273.7,301.0,55.3,50.0,0.4236,1
EagleCreekDrEtc_SHB_12.11.2025_LS,SHB,352,8520,142.02,258.9,304.1,50.0,47.2,0.544,1
EagleCreekDrEtc_SHB_12.11.2025_LS,SHB,352,8521,142.03,242.6,305.8,47.3,44.4,0.6153,1
EagleCreekDrEtc_SHB_12.11.2025_LS,SHB,352,8522,142.05,227.1,305.4,47.7,45.6,0.5556,1
EagleCreekDrEtc_SHB_12.11.2025_LS,SHB,352,8523,142.07,207.7,302.8,49.6,49.4,0.4731,1
EagleCreekDrEtc_SHB_12.11.2025_LS,SHB,352,8524,142.08,199.0,304.4,51.1,50.2,0.5301,1
EagleCreekDrEtc_SHB_12.11.2025_LS,SHB,352,8525,142.1,189.8,304.4,52.9,51.4,0.5799,1
EagleCreekDrEtc_SHB_12.11.2025_LS,SHB,352,8526,142.12,178.6,304.1,54.2,52.2,0.5334,1
EagleCreekDrEtc_SHB_12.11.2025_LS,SHB,352,8527,142.13,166.1,305.0,52.3,53.7,0.7474,1
EagleCreekDrEtc_SHB_12.11.2025_LS,SHB,352,8528,142.15,152.5,306.6,46.2,52.6,0.7668,1
EagleCreekDrEtc_SHB_12.11.2025_LS,SHB,352,8529,142.17,138.1,308.4,45.7,50.4,0.6505,1
EagleCreekDrEtc_SHB_12.11.2025_LS,SHB,352,8530,142.18,125.4,309.9,45.3,49.4,0.7813,1
EagleCreekDrEtc_SHB_12.11.2025_LS,SHB,352,8531,142.2,113.2,311.2,48.0,49.3,0.7875,1
EagleCreekDrEtc_SHB_12.11.2025_LS,SHB,352,8532,142.22,99.7,311.5,48.8,49.5,0.8558,1
EagleCreekDrEtc_SHB_12.11.2025_LS,SHB,352,8533,142.23,87.4,312.7,50.3,49.7,0.8095,1
EagleCreekDrEtc_SHB_12.11.2025_LS,SHB,352,8534,142.25,76.0,313.0,50.4,51.0,0.8619,1
EagleCreekDrEtc_SHB_12.11.2025_LS,SHB,352,8535,142.27,63.2,314.0,51.5,50.6,0.8407,1
EagleCreekDrEtc_SHB_12.11.2025_LS,SHB,352,8536,142.28,50.9,315.1,52.8,51.8,0.8073,1
EagleCreekDrEtc_SHB_12.11.2025_LS,SHB,352,8537,142.3,38.7,316.2,52.9,50.8,0.8078,1
EagleCreekDrEtc_SHB_12.11.2025_LS,SHB,352,8538,142.32,27.2,318.1,51.2,47.6,0.735,1
EagleCreekDrEtc_SHB_12.11.2025_LS,SHB,352,8539,142.33,19.6,318.1,39.1,45.3,0.5766,1
EagleCreekDrEtc_SHB_12.11.2025_LS,SHB,353,8499,141.67,610.5,280.0,47.3,57.0,0.7838,1
EagleCreekDrEtc_SHB_12.11.2025_LS,SHB,353,8500,141.68,596.1,281.3,47.2,58.1,0.7776,1
EagleCreekDrEtc_SHB_12.11.2025_LS,SHB,353,8501,141.7,583.4,282.0,48.1,60.4,0.7461,1
EagleCreekDrEtc_SHB_12.11.2025_LS,SHB,353,8502,141.72,569.9,283.8,49.6,61.5,0.7961,1
EagleCreekDrEtc_SHB_12.11.2025_LS,SHB,353,8503,141.73,558.3,286.2,50.1,63.2,0.7929,1
EagleCreekDrEtc_SHB_12.11.2025_LS,SHB,353,8504,141.75,547.0,287.7,49.4,62.8,0.831,1
EagleCreekDrEtc_SHB_12.11.2025_LS,SHB,353,8505,141.77,535.2,289.0,48.7,62.3,0.791,1
EagleCreekDrEtc_SHB_12.11.2025_LS,SHB,353,8506,141.78,521.9,290.0,46.9,59.6,0.787,1
EagleCreekDrEtc_SHB_12.11.2025_LS,SHB,353,8507,141.8,507.9,292.3,43.9,59.3,0.6427,1
EagleCreekDrEtc_SHB_12.11.2025_LS,SHB,353,8508,141.82,491.6,295.0,41.7,54.8,0.5985,1
EagleCreekDrEtc_SHB_12.11.2025_LS,SHB,353,8510,141.85,477.9,294.5,43.2,53.2,0.7504,1
EagleCreekDrEtc_SHB_12.11.2025_LS,SHB,353,8511,141.87,466.7,296.0,43.7,55.8,0.7317,1
EagleCreekDrEtc_SHB_12.11.2025_LS,SHB,353,8512,141.88,453.4,298.1,45.1,55.1,0.8572,1
EagleCreekDrEtc_SHB_12.11.2025_LS,SHB,353,8513,141.9,440.4,297.9,47.9,56.3,0.8547,1
EagleCreekDrEtc_SHB_12.11.2025_LS,SHB,353,8514,141.92,428.3,297.3,48.4,56.5,0.8887,1
EagleCreekDrEtc_SHB_12.11.2025_LS,SHB,353,8515,141.93,417.7,298.8,48.5,57.6,0.8187,1
EagleCreekDrEtc_SHB_12.11.2025_LS,SHB,353,8516,141.95,405.6,298.4,47.1,56.6,0.838,1
EagleCreekDrEtc_SHB_12.11.2025_LS,SHB,353,8517,141.97,393.2,297.7,45.6,57.6,0.7721,1
EagleCreekDrEtc_SHB_12.11.2025_LS,SHB,353,8518,141.98,381.9,297.0,47.0,58.8,0.7907,1
EagleCreekDrEtc_SHB_12.11.2025_LS,SHB,353,8519,142.0,368.8,297.5,43.9,58.8,0.8395,1
EagleCreekDrEtc_SHB_12.11.2025_LS,SHB,353,8520,142.02,357.7,299.4,43.6,59.2,0.8082,1
EagleCreekDrEtc_SHB_12.11.2025_LS,SHB,353,8521,142.03,344.7,298.6,41.5,60.6,0.7811,1
EagleCreekDrEtc_SHB_12.11.2025_LS,SHB,353,8522,142.05,333.3,299.0,44.6,60.9,0.7982,1
EagleCreekDrEtc_SHB_12.11.2025_LS,SHB,353,8523,142.07,320.5,297.6,42.8,59.5,0.7784,1
EagleCreekDrEtc_SHB_12.11.2025_LS,SHB,353,8524,142.08,307.8,297.2,42.8,59.2,0.7376,1
EagleCreekDrEtc_SHB_12.11.2025_LS,SHB,353,8525,142.1,296.2,296.7,40.6,59.3,0.6976,1
EagleCreekDrEtc_SHB_12.11.2025_LS,SHB,353,8526,142.12,286.0,295.5,40.4,56.2,0.7175,1
EagleCreekDrEtc_SHB_12.11.2025_LS,SHB,353,8527,142.13,276.9,298.6,44.8,59.0,0.7024,1
EagleCreekDrEtc_SHB_12.11.2025_LS,SHB,353,8528,142.15,264.4,299.4,42.8,57.0,0.7746,1
EagleCreekDrEtc_SHB_12.11.2025_LS,SHB,353,8529,142.17,254.0,301.8,42.0,54.1,0.7664,1
EagleCreekDrEtc_SHB_12.11.2025_LS,SHB,353,8530,142.18,243.6,300.6,43.7,54.4,0.8122,1
EagleCreekDrEtc_SHB_12.11.2025_LS,SHB,353,8531,142.2,234.2,301.3,44.3,55.4,0.7838,1
EagleCreekDrEtc_SHB_12.11.2025_LS,SHB,353,8532,142.22,220.9,303.6,43.2,54.9,0.7704,1
EagleCreekDrEtc_SHB_12.11.2025_LS,SHB,353,8533,142.23,209.3,303.9,42.1,58.4,0.8282,1
EagleCreekDrEtc_SHB_12.11.2025_LS,SHB,353,8534,142.25,198.0,304.7,43.0,57.0,0.7934,1
EagleCreekDrEtc_SHB_12.11.2025_LS,SHB,353,8535,142.27,187.3,304.0,43.6,59.5,0.7472,1
EagleCreekDrEtc_SHB_12.11.2025_LS,SHB,353,8536,142.28,175.8,306.5,42.3,59.1,0.7749,1
EagleCreekDrEtc_SHB_12.11.2025_LS,SHB,353,8537,142.3,165.3,307.6,41.1,58.9,0.7281,1
EagleCreekDrEtc_SHB_12.11.2025_LS,SHB,353,8538,142.32,155.2,308.3,41.2,59.7,0.7097,1
EagleCreekDrEtc_SHB_12.11.2025_LS,SHB,353,8539,142.33,144.4,308.0,43.8,60.0,0.6356,1
EagleCreekDrEtc_SHB_12.11.2025_LS,SHB,353,8540,142.35,135.9,308.1,42.1,57.4,0.7116,1
EagleCreekDrEtc_SHB_12.11.2025_LS,SHB,353,8541,142.37,128.3,309.0,41.5,58.9,0.725,1
EagleCreekDrEtc_SHB_12.11.2025_LS,SHB,353,8542,142.38,116.5,308.7,40.1,58.5,0.6225,1
EagleCreekDrEtc_SHB_12.11.2025_LS,SHB,353,8543,142.4,107.7,308.3,43.4,55.2,0.7201,1
EagleCreekDrEtc_SHB_12.11.2025_LS,SHB,353,8544,142.42,97.6,310.1,44.8,57.0,0.6047,1
EagleCreekDrEtc_SHB_12.11.2025_LS,SHB,353,8545,142.43,84.5,310.7,42.4,59.3,0.6269,1
EagleCreekDrEtc_SHB_12.11.2025_LS,SHB,353,8546,142.45,77.9,310.7,41.3,57.9,0.6853,1
EagleCreekDrEtc_SHB_12.11.2025_LS,SHB,353,8547,142.47,66.9,310.3,41.6,56.5,0.6556,1
EagleCreekDrEtc_SHB_12.11.2025_LS,SHB,353,8548,142.48,55.9,309.9,41.8,57.5,0.6782,1
EagleCreekDrEtc_SHB_12.11.2025_LS,SHB,353,8549,142.5,47.5,309.8,42.7,56.8,0.7229,1
EagleCreekDrEtc_SHB_12.11.2025_LS,SHB,353,8550,142.52,34.2,308.0,43.6,57.5,0.6784,1
EagleCreekDrEtc_SHB_12.11.2025_LS,SHB,353,8551,142.53,22.6,306.8,43.9,57.0,0.6829,1
EagleCreekDrEtc_SHB_12.11.2025_LS,SHB,353,8552,142.55,17.5,305.1,35.1,56.7,0.6852,1
EagleCreekDrEtc_SHB_12.11.2025_LS,SHB,353,8553,142.57,13.5,305.0,27.0,56.3,0.654,1
EagleCreekDrEtc_SHB_12.11.2025_LS,SHB,353,8554,142.58,11.3,305.7,22.6,54.2,0.5919,1
EagleCreekDrEtc_SHB_12.11.2025_LS,SHB,356,8514,141.92,612.6,318.8,42.9,52.8,0.7639,1
EagleCreekDrEtc_SHB_12.11.2025_LS,SHB,356,8515,141.93,600.1,317.0,45.9,52.2,0.7882,1
EagleCreekDrEtc_SHB_12.11.2025_LS,SHB,356,8516,141.95,585.9,315.9,45.2,52.2,0.7852,1
EagleCreekDrEtc_SHB_12.11.2025_LS,SHB,356,8517,141.97,571.5,315.8,46.8,55.6,0.8233,1
EagleCreekDrEtc_SHB_12.11.2025_LS,SHB,356,8518,141.98,558.0,315.0,47.4,55.0,0.8174,1
EagleCreekDrEtc_SHB_12.11.2025_LS,SHB,356,8519,142.0,544.0,314.5,45.8,54.4,0.8811,1
EagleCreekDrEtc_SHB_12.11.2025_LS,SHB,356,8520,142.02,529.8,315.7,48.1,52.6,0.8245,1
EagleCreekDrEtc_SHB_12.11.2025_LS,SHB,356,8521,142.03,515.5,315.8,47.5,52.0,0.8263,1
EagleCreekDrEtc_SHB_12.11.2025_LS,SHB,356,8522,142.05,502.6,315.6,48.4,50.8,0.8389,1
EagleCreekDrEtc_SHB_12.11.2025_LS,SHB,356,8523,142.07,488.4,314.7,49.3,49.8,0.8028,1
EagleCreekDrEtc_SHB_12.11.2025_LS,SHB,356,8524,142.08,475.6,314.0,50.0,52.2,0.8518,1
EagleCreekDrEtc_SHB_12.11.2025_LS,SHB,356,8525,142.1,463.1,313.7,50.1,52.3,0.8133,1
EagleCreekDrEtc_SHB_12.11.2025_LS,SHB,356,8526,142.12,449.0,314.1,49.2,49.5,0.7814,1
EagleCreekDrEtc_SHB_12.11.2025_LS,SHB,356,8527,142.13,434.6,314.6,49.8,49.2,0.8279,1
EagleCreekDrEtc_SHB_12.11.2025_LS,SHB,356,8528,142.15,421.4,315.2,49.1,50.1,0.8252,1
EagleCreekDrEtc_SHB_12.11.2025_LS,SHB,356,8529,142.17,408.1,316.2,48.4,49.6,0.7997,1
EagleCreekDrEtc_SHB_12.11.2025_LS,SHB,356,8530,142.18,394.9,315.9,46.5,50.3,0.8684,1
EagleCreekDrEtc_SHB_12.11.2025_LS,SHB,356,8531,142.2,382.5,316.1,46.1,50.9,0.8439,1
EagleCreekDrEtc_SHB_12.11.2025_LS,SHB,356,8532,142.22,370.8,316.8,45.8,50.2,0.8347,1
EagleCreekDrEtc_SHB_12.11.2025_LS,SHB,356,8533,142.23,359.3,317.1,47.6,51.9,0.8138,1
EagleCreekDrEtc_SHB_12.11.2025_LS,SHB,356,8534,142.25,346.5,318.6,47.0,53.0,0.8388,1
EagleCreekDrEtc_SHB_12.11.2025_LS,SHB,356,8535,142.27,333.0,320.1,47.2,54.4,0.8529,1
EagleCreekDrEtc_SHB_12.11.2025_LS,SHB,356,8536,142.28,320.8,321.2,45.5,53.1,0.8675,1
EagleCreekDrEtc_SHB_12.11.2025_LS,SHB,356,8537,142.3,308.1,322.3,45.5,51.2,0.8654,1
EagleCreekDrEtc_SHB_12.11.2025_LS,SHB,356,8538,142.32,295.2,323.3,44.7,50.5,0.8261,1
EagleCreekDrEtc_SHB_12.11.2025_LS,SHB,356,8539,142.33,284.0,325.5,46.8,53.9,0.8352,1
EagleCreekDrEtc_SHB_12.11.2025_LS,SHB,356,8540,142.35,271.5,325.9,49.5,54.0,0.8118,1
EagleCreekDrEtc_SHB_12.11.2025_LS,SHB,356,8541,142.37,259.9,325.0,49.0,54.4,0.8609,1
EagleCreekDrEtc_SHB_12.11.2025_LS,SHB,356,8542,142.38,249.0,324.2,46.2,52.9,0.8237,1
EagleCreekDrEtc_SHB_12.11.2025_LS,SHB,356,8543,142.4,235.6,323.1,46.9,53.0,0.8327,1
EagleCreekDrEtc_SHB_12.11.2025_LS,SHB,356,8544,142.42,223.0,324.0,48.4,51.3,0.8355,1
EagleCreekDrEtc_SHB_12.11.2025_LS,SHB,356,8545,142.43,213.7,324.1,49.6,50.2,0.7489,1
EagleCreekDrEtc_SHB_12.11.2025_LS,SHB,356,8546,142.45,204.1,323.1,48.2,50.6,0.7508,1
EagleCreekDrEtc_SHB_12.11.2025_LS,SHB,356,8547,142.47,191.9,322.1,46.8,50.4,0.6589,1
EagleCreekDrEtc_SHB_12.11.2025_LS,SHB,356,8548,142.48,181.5,321.2,48.2,50.2,0.7555,1
EagleCreekDrEtc_SHB_12.11.2025_LS,SHB,356,8549,142.5,177.7,320.2,45.3,48.1,0.6442,1
EagleCreekDrEtc_SHB_12.11.2025_LS,SHB,356,8550,142.52,169.6,320.1,42.9,48.3,0.6637,1
EagleCreekDrEtc_SHB_12.11.2025_LS,SHB,356,8551,142.53,156.0,320.7,46.2,50.4,0.7839,1
EagleCreekDrEtc_SHB_12.11.2025_LS,SHB,356,8552,142.55,142.4,319.4,46.6,50.6,0.7504,1
EagleCreekDrEtc_SHB_12.11.2025_LS,SHB,356,8553,142.57,127.5,316.8,47.4,53.0,0.7504,1
EagleCreekDrEtc_SHB_12.11.2025_LS,SHB,356,8554,142.58,117.2,316.2,45.9,53.3,0.6144,1
EagleCreekDrEtc_SHB_12.11.2025_LS,SHB,356,8555,142.6,106.0,313.6,44.2,47.6,0.7039,1
EagleCreekDrEtc_SHB_12.11.2025_LS,SHB,356,8556,142.62,94.1,313.0,47.5,48.1,0.6745,1
EagleCreekDrEtc_SHB_12.11.2025_LS,SHB,356,8557,142.63,84.7,313.1,43.2,48.1,0.7082,1
EagleCreekDrEtc_SHB_12.11.2025_LS,SHB,356,8558,142.65,73.8,313.8,42.8,47.5,0.7906,1
EagleCreekDrEtc_SHB_12.11.2025_LS,SHB,356,8559,142.67,63.2,311.2,45.3,50.8,0.8059,1
EagleCreekDrEtc_SHB_12.11.2025_LS,SHB,356,8560,142.68,48.2,312.4,46.4,51.0,0.7999,1
EagleCreekDrEtc_SHB_12.11.2025_LS,SHB,356,8561,142.7,35.1,311.0,43.4,50.2,0.7893,1
EagleCreekDrEtc_SHB_12.11.2025_LS,SHB,356,8562,142.72,27.7,309.8,43.3,50.8,0.7731,1
EagleCreekDrEtc_SHB_12.11.2025_LS,SHB,356,8563,142.73,17.3,306.8,34.6,52.6,0.6208,1
EagleCreekDrEtc_SHB_12.11.2025_LS,SHB,358,8521,142.03,616.4,338.0,41.5,60.1,0.7619,1
EagleCreekDrEtc_SHB_12.11.2025_LS,SHB,358,8522,142.05,607.9,335.4,54.0,64.2,0.6184,1
EagleCreekDrEtc_SHB_12.11.2025_LS,SHB,358,8523,142.07,598.2,334.0,63.0,62.3,0.7759,1
EagleCreekDrEtc_SHB_12.11.2025_LS,SHB,358,8524,142.08,586.8,333.1,64.6,61.5,0.8115,1
EagleCreekDrEtc_SHB_12.11.2025_LS,SHB,358,8525,142.1,574.3,332.0,65.8,65.9,0.8168,1
EagleCreekDrEtc_SHB_12.11.2025_LS,SHB,358,8526,142.12,561.7,332.3,67.9,66.5,0.8241,1
EagleCreekDrEtc_SHB_12.11.2025_LS,SHB,358,8527,142.13,547.9,334.4,70.0,67.1,0.8216,1
EagleCreekDrEtc_SHB_12.11.2025_LS,SHB,358,8528,142.15,535.5,336.9,63.3,63.2,0.7761,1
EagleCreekDrEtc_SHB_12.11.2025_LS,SHB,358,8529,142.17,522.7,341.2,54.5,56.3,0.7303,1
EagleCreekDrEtc_SHB_12.11.2025_LS,SHB,358,8530,142.18,510.2,338.1,57.5,60.7,0.8314,1
EagleCreekDrEtc_SHB_12.11.2025_LS,SHB,358,8531,142.2,498.4,338.2,60.5,62.3,0.7621,1
EagleCreekDrEtc_SHB_12.11.2025_LS,SHB,358,8532,142.22,483.8,338.6,59.6,61.1,0.7296,1
EagleCreekDrEtc_SHB_12.11.2025_LS,SHB,358,8533,142.23,473.9,338.6,65.8,61.0,0.5609,1
EagleCreekDrEtc_SHB_12.11.2025_LS,SHB,358,8534,142.25,457.2,338.2,65.4,59.8,0.5324,1
EagleCreekDrEtc_SHB_12.11.2025_LS,SHB,358,8535,142.27,447.5,339.4,62.6,61.9,0.743,1
EagleCreekDrEtc_SHB_12.11.2025_LS,SHB,358,8536,142.28,439.8,337.9,60.5,69.3,0.684,1
EagleCreekDrEtc_SHB_12.11.2025_LS,SHB,358,8537,142.3,426.3,341.9,62.0,64.1,0.756,1
EagleCreekDrEtc_SHB_12.11.2025_LS,SHB,358,8538,142.32,412.2,344.1,61.7,61.0,0.8419,1
EagleCreekDrEtc_SHB_12.11.2025_LS,SHB,358,8539,142.33,400.9,344.0,63.7,61.0,0.8149,1
EagleCreekDrEtc_SHB_12.11.2025_LS,SHB,358,8540,142.35,389.6,343.1,65.1,61.3,0.772,1
EagleCreekDrEtc_SHB_12.11.2025_LS,SHB,358,8541,142.37,376.8,343.1,64.7,59.5,0.7888,1
EagleCreekDrEtc_SHB_12.11.2025_LS,SHB,358,8542,142.38,356.6,344.4,55.6,60.9,0.6874,1
EagleCreekDrEtc_SHB_12.11.2025_LS,SHB,358,8543,142.4,347.3,344.2,58.3,60.1,0.7794,1
EagleCreekDrEtc_SHB_12.11.2025_LS,SHB,358,8544,142.42,334.7,345.1,58.4,61.8,0.6881,1
EagleCreekDrEtc_SHB_12.11.2025_LS,SHB,358,8545,142.43,323.8,344.7,58.2,61.2,0.7615,1
EagleCreekDrEtc_SHB_12.11.2025_LS,SHB,358,8546,142.45,314.8,344.2,58.2,60.7,0.8389,1
EagleCreekDrEtc_SHB_12.11.2025_LS,SHB,358,8547,142.47,302.7,343.0,60.9,61.3,0.6762,1
EagleCreekDrEtc_SHB_12.11.2025_LS,SHB,358,8548,142.48,290.0,341.6,54.2,60.8,0.6907,1
EagleCreekDrEtc_SHB_12.11.2025_LS,SHB,358,8549,142.5,277.1,340.7,52.3,63.8,0.6293,1
EagleCreekDrEtc_SHB_12.11.2025_LS,SHB,358,8550,142.52,266.8,340.4,54.8,65.1,0.6304,1
EagleCreekDrEtc_SHB_12.11.2025_LS,SHB,358,8551,142.53,259.7,340.4,58.5,65.4,0.7271,1
EagleCreekDrEtc_SHB_12.11.2025_LS,SHB,358,8552,142.55,254.1,338.1,61.8,64.2,0.7766,1
EagleCreekDrEtc_SHB_12.11.2025_LS,SHB,358,8553,142.57,243.2,336.6,62.1,62.3,0.761,1
EagleCreekDrEtc_SHB_12.11.2025_LS,SHB,358,8554,142.58,233.6,335.5,60.0,62.3,0.7212,1
EagleCreekDrEtc_SHB_12.11.2025_LS,SHB,358,8555,142.6,226.2,333.5,66.1,63.8,0.6777,1
EagleCreekDrEtc_SHB_12.11.2025_LS,SHB,358,8556,142.62,210.4,331.0,64.8,60.8,0.5393,1
EagleCreekDrEtc_SHB_12.11.2025_LS,SHB,358,8557,142.63,202.4,328.8,58.8,62.4,0.4602,1
EagleCreekDrEtc_SHB_12.11.2025_LS,SHB,358,8558,142.65,197.2,329.8,59.1,60.1,0.2339,1
EagleCreekDrEtc_SHB_12.11.2025_LS,SHB,358,8559,142.67,175.8,331.3,54.6,60.0,0.5401,1
EagleCreekDrEtc_SHB_12.11.2025_LS,SHB,358,8560,142.68,164.7,329.1,59.9,64.2,0.4322,1
EagleCreekDrEtc_SHB_12.11.2025_LS,SHB,358,8561,142.7,153.8,328.5,61.8,63.1,0.7637,1
EagleCreekDrEtc_SHB_12.11.2025_LS,SHB,358,8562,142.72,146.7,326.6,65.2,63.3,0.8021,1
EagleCreekDrEtc_SHB_12.11.2025_LS,SHB,358,8563,142.73,138.6,326.1,70.0,62.8,0.7553,1
EagleCreekDrEtc_SHB_12.11.2025_LS,SHB,358,8564,142.75,123.4,326.1,67.2,62.7,0.7153,1
EagleCreekDrEtc_SHB_12.11.2025_LS,SHB,358,8565,142.77,114.8,326.6,67.3,64.8,0.7835,1
EagleCreekDrEtc_SHB_12.11.2025_LS,SHB,358,8566,142.78,105.3,325.4,67.3,64.0,0.7504,1
EagleCreekDrEtc_SHB_12.11.2025_LS,SHB,358,8567,142.8,97.5,323.9,68.8,64.5,0.6671,1
EagleCreekDrEtc_SHB_12.11.2025_LS,SHB,358,8568,142.82,84.0,323.9,68.4,64.2,0.7528,1
EagleCreekDrEtc_SHB_12.11.2025_LS,SHB,358,8569,142.83,71.2,324.8,63.9,64.6,0.7287,1
EagleCreekDrEtc_SHB_12.11.2025_LS,SHB,358,8570,142.85,60.8,326.7,58.0,64.8,0.635,1
EagleCreekDrEtc_SHB_12.11.2025_LS,SHB,358,8571,142.87,47.3,331.4,48.4,60.5,0.6028,1
EagleCreekDrEtc_SHB_12.11.2025_LS,SHB,358,8572,142.88,32.8,330.1,45.1,56.8,0.7057,1
EagleCreekDrEtc_SHB_12.11.2025_LS,SHB,358,8573,142.9,24.0,332.3,44.5,53.9,0.6859,1
EagleCreekDrEtc_SHB_12.11.2025_LS,SHB,358,8574,142.92,19.3,331.2,38.1,64.8,0.3673,1
EagleCreekDrEtc_SHB_12.11.2025_LS,SHB,358,8575,142.93,14.3,332.4,28.6,62.0,0.3541,1
EagleCreekDrEtc_SHB_12.11.2025_LS,SHB,365,8543,142.4,605.9,439.6,50.4,59.3,0.6331,1
EagleCreekDrEtc_SHB_12.11.2025_LS,SHB,365,8544,142.42,591.7,439.0,53.6,60.3,0.8167,1
EagleCreekDrEtc_SHB_12.11.2025_LS,SHB,365,8545,142.43,583.5,438.8,51.5,59.3,0.8285,1
EagleCreekDrEtc_SHB_12.11.2025_LS,SHB,365,8546,142.45,572.7,442.2,57.1,62.0,0.8478,1
EagleCreekDrEtc_SHB_12.11.2025_LS,SHB,365,8547,142.47,558.7,439.7,56.4,61.5,0.8312,1
EagleCreekDrEtc_SHB_12.11.2025_LS,SHB,365,8548,142.48,549.6,438.9,57.0,60.5,0.7831,1
EagleCreekDrEtc_SHB_12.11.2025_LS,SHB,365,8549,142.5,538.5,437.8,53.9,60.7,0.8275,1
EagleCreekDrEtc_SHB_12.11.2025_LS,SHB,365,8550,142.52,525.3,437.0,52.8,59.9,0.8541,1
EagleCreekDrEtc_SHB_12.11.2025_LS,SHB,365,8551,142.53,515.3,436.5,53.1,61.0,0.7704,1
EagleCreekDrEtc_SHB_12.11.2025_LS,SHB,365,8552,142.55,506.9,433.5,54.7,60.2,0.7712,1
EagleCreekDrEtc_SHB_12.11.2025_LS,SHB,365,8553,142.57,495.2,433.1,51.9,57.9,0.8141,1
EagleCreekDrEtc_SHB_12.11.2025_LS,SHB,365,8554,142.58,486.0,431.2,51.8,59.0,0.8693,1
EagleCreekDrEtc_SHB_12.11.2025_LS,SHB,365,8555,142.6,477.4,429.4,54.2,59.4,0.8362,1
EagleCreekDrEtc_SHB_12.11.2025_LS,SHB,365,8556,142.62,465.8,427.2,54.2,57.5,0.7895,1
EagleCreekDrEtc_SHB_12.11.2025_LS,SHB,365,8557,142.63,453.7,425.0,55.6,58.0,0.8311,1
EagleCreekDrEtc_SHB_12.11.2025_LS,SHB,365,8558,142.65,441.7,424.3,56.3,58.4,0.8474,1
EagleCreekDrEtc_SHB_12.11.2025_LS,SHB,365,8559,142.67,433.1,422.2,56.3,61.1,0.8256,1
EagleCreekDrEtc_SHB_12.11.2025_LS,SHB,365,8560,142.68,423.3,422.2,57.9,62.4,0.8037,1
EagleCreekDrEtc_SHB_12.11.2025_LS,SHB,365,8561,142.7,411.2,422.4,58.4,61.8,0.8136,1
EagleCreekDrEtc_SHB_12.11.2025_LS,SHB,365,8562,142.72,402.5,419.9,59.3,60.8,0.8056,1
EagleCreekDrEtc_SHB_12.11.2025_LS,SHB,365,8563,142.73,390.4,418.5,60.7,59.2,0.6415,1
EagleCreekDrEtc_SHB_12.11.2025_LS,SHB,365,8564,142.75,377.5,418.3,56.1,57.2,0.6328,1
EagleCreekDrEtc_SHB_12.11.2025_LS,SHB,365,8565,142.77,372.4,417.0,53.5,55.9,0.2101,1
EagleCreekDrEtc_SHB_12.11.2025_LS,SHB,365,8566,142.78,356.3,415.6,54.0,56.6,0.3392,1
EagleCreekDrEtc_SHB_12.11.2025_LS,SHB,365,8567,142.8,344.3,412.7,47.4,48.1,0.7342,1
EagleCreekDrEtc_SHB_12.11.2025_LS,SHB,365,8568,142.82,333.3,415.9,49.4,58.7,0.6316,1
EagleCreekDrEtc_SHB_12.11.2025_LS,SHB,365,8569,142.83,324.0,417.2,54.4,63.7,0.3083,1
EagleCreekDrEtc_SHB_12.11.2025_LS,SHB,365,8570,142.85,312.7,417.4,58.3,62.1,0.7725,1
EagleCreekDrEtc_SHB_12.11.2025_LS,SHB,381,8791,146.54,240.7,185.9,24.0,20.2,0.5709,1
EagleCreekDrEtc_SHB_12.11.2025_LS,SHB,381,8792,146.55,243.5,186.0,24.5,19.8,0.3292,1
EagleCreekDrEtc_SHB_12.11.2025_LS,SHB,381,8793,146.57,247.8,185.9,25.1,20.3,0.4573,1
EagleCreekDrEtc_SHB_12.11.2025_LS,SHB,381,8794,146.59,251.6,185.3,25.6,20.5,0.132,1
EagleCreekDrEtc_SHB_12.11.2025_LS,SHB,381,8796,146.62,261.5,184.9,25.8,20.6,0.366,1
EagleCreekDrEtc_SHB_12.11.2025_LS,SHB,381,8797,146.64,265.1,184.8,26.2,20.4,0.3864,1
EagleCreekDrEtc_SHB_12.11.2025_LS,SHB,381,8798,146.65,268.8,184.0,25.9,20.3,0.6069,1
EagleCreekDrEtc_SHB_12.11.2025_LS,SHB,381,8799,146.67,271.8,183.8,27.3,20.5,0.1791,1
EagleCreekDrEtc_SHB_12.11.2025_LS,SHB,381,8804,146.75,294.2,182.6,26.8,20.8,0.56,1
EagleCreekDrEtc_SHB_12.11.2025_LS,SHB,381,8805,146.77,297.8,182.2,25.9,20.7,0.5485,1
EagleCreekDrEtc_SHB_12.11.2025_LS,SHB,381,8806,146.79,301.8,182.8,25.0,21.2,0.6438,1
EagleCreekDrEtc_SHB_12.11.2025_LS,SHB,381,8807,146.8,305.6,183.2,24.8,21.3,0.4245,1
EagleCreekDrEtc_SHB_12.11.2025_LS,SHB,381,8808,146.82,310.5,183.9,23.6,20.9,0.5629,1
EagleCreekDrEtc_SHB_12.11.2025_LS,SHB,381,8813,146.9,328.1,185.6,20.5,19.7,0.6145,1
EagleCreekDrEtc_SHB_12.11.2025_LS,SHB,381,8814,146.92,331.2,185.7,19.4,18.8,0.6296,1
EagleCreekDrEtc_SHB_12.11.2025_LS,SHB,381,8815,146.94,335.8,185.8,20.1,19.1,0.707,1
EagleCreekDrEtc_SHB_12.11.2025_LS,SHB,382,8858,147.65,91.5,314.9,25.8,21.2,0.5445,1
EagleCreekDrEtc_SHB_12.11.2025_LS,SHB,382,8859,147.67,91.1,313.8,25.8,22.1,0.4916,1
EagleCreekDrEtc_SHB_12.11.2025_LS,SHB,382,8860,147.69,90.8,313.5,24.9,21.0,0.1926,1
EagleCreekDrEtc_SHB_12.11.2025_LS,SHB,382,8885,148.1,78.5,302.1,23.3,21.1,0.4218,1
EagleCreekDrEtc_SHB_12.11.2025_LS,SHB,382,8886,148.12,77.4,301.8,23.6,21.3,0.5334,1
EagleCreekDrEtc_SHB_12.11.2025_LS,SHB,382,8887,148.14,76.5,301.4,24.4,21.9,0.276,1
EagleCreekDrEtc_SHB_12.11.2025_LS,SHB,382,8888,148.15,74.7,301.0,25.5,22.9,0.1193,1
EagleCreekDrEtc_SHB_12.11.2025_LS,SHB,382,8889,148.17,74.1,301.7,26.6,23.9,0.1414,1
EagleCreekDrEtc_SHB_12.11.2025_LS,SHB,382,8890,148.19,72.9,302.3,26.8,24.4,0.6111,1
EagleCreekDrEtc_SHB_12.11.2025_LS,SHB,382,8891,148.2,71.2,302.2,26.5,24.2,0.3526,1
EagleCreekDrEtc_SHB_12.11.2025_LS,SHB,382,8892,148.22,68.9,301.9,27.9,23.7,0.1983,1
EagleCreekDrEtc_SHB_12.11.2025_LS,SHB,382,8893,148.24,68.7,302.0,28.0,23.1,0.1004,1
EagleCreekDrEtc_SHB_12.11.2025_LS,SHB,390,9325,155.44,18.6,289.2,25.7,25.7,0.6253,1
EagleCreekDrEtc_SHB_12.11.2025_LS,SHB,390,9326,155.45,27.7,288.9,28.6,26.3,0.6496,1
EagleCreekDrEtc_SHB_12.11.2025_LS,SHB,390,9327,155.47,36.8,289.1,30.7,26.1,0.5939,1
EagleCreekDrEtc_SHB_12.11.2025_LS,SHB,390,9328,155.49,45.8,286.9,32.0,27.0,0.6249,1
EagleCreekDrEtc_SHB_12.11.2025_LS,SHB,390,9329,155.5,55.1,285.8,31.4,25.9,0.6678,1
EagleCreekDrEtc_SHB_12.11.2025_LS,SHB,390,9330,155.52,64.6,283.2,33.4,28.5,0.6061,1
EagleCreekDrEtc_SHB_12.11.2025_LS,SHB,390,9331,155.54,73.1,282.7,33.1,28.7,0.6272,1
EagleCreekDrEtc_SHB_12.11.2025_LS,SHB,390,9332,155.55,81.8,284.0,32.8,27.2,0.6021,1
EagleCreekDrEtc_SHB_12.11.2025_LS,SHB,390,9333,155.57,89.6,283.8,31.5,26.9,0.5457,1
EagleCreekDrEtc_SHB_12.11.2025_LS,SHB,390,9334,155.59,96.3,284.4,30.9,28.8,0.6932,1
EagleCreekDrEtc_SHB_12.11.2025_LS,SHB,390,9335,155.6,104.5,284.5,30.3,27.8,0.6323,1
EagleCreekDrEtc_SHB_12.11.2025_LS,SHB,390,9336,155.62,113.9,284.7,30.6,28.9,0.6617,1
EagleCreekDrEtc_SHB_12.11.2025_LS,SHB,390,9337,155.64,122.7,286.5,31.2,29.1,0.6142,1
EagleCreekDrEtc_SHB_12.11.2025_LS,SHB,390,9338,155.65,130.8,286.3,29.5,25.6,0.5463,1
EagleCreekDrEtc_SHB_12.11.2025_LS,SHB,390,9339,155.67,135.9,284.9,31.7,26.0,0.1772,1
EagleCreekDrEtc_SHB_12.11.2025_LS,SHB,390,9346,155.79,200.8,280.0,30.2,36.6,0.7213,1
EagleCreekDrEtc_SHB_12.11.2025_LS,SHB,390,9347,155.8,208.9,281.1,29.8,35.6,0.7531,1
EagleCreekDrEtc_SHB_12.11.2025_LS,SHB,390,9348,155.82,216.7,282.2,32.9,35.4,0.7057,1
EagleCreekDrEtc_SHB_12.11.2025_LS,SHB,390,9349,155.84,225.1,284.5,33.8,33.8,0.7138,1
EagleCreekDrEtc_SHB_12.11.2025_LS,SHB,390,9350,155.85,233.4,287.8,33.3,33.1,0.7428,1
EagleCreekDrEtc_SHB_12.11.2025_LS,SHB,390,9351,155.87,241.1,288.9,32.1,35.4,0.7136,1
EagleCreekDrEtc_SHB_12.11.2025_LS,SHB,390,9352,155.89,251.4,291.6,33.0,35.2,0.692,1
EagleCreekDrEtc_SHB_12.11.2025_LS,SHB,390,9353,155.9,258.8,294.2,31.6,33.7,0.6723,1
EagleCreekDrEtc_SHB_12.11.2025_LS,SHB,390,9354,155.92,267.7,295.4,32.5,35.9,0.7123,1
EagleCreekDrEtc_SHB_12.11.2025_LS,SHB,390,9355,155.94,276.3,296.9,33.8,34.7,0.7275,1
EagleCreekDrEtc_SHB_12.11.2025_LS,SHB,390,9356,155.95,285.1,297.4,34.0,34.3,0.684,1
EagleCreekDrEtc_SHB_12.11.2025_LS,SHB,390,9357,155.97,295.7,298.3,32.5,33.6,0.6284,1
EagleCreekDrEtc_SHB_12.11.2025_LS,SHB,390,9358,155.99,303.8,296.3,33.8,32.8,0.6279,1
EagleCreekDrEtc_SHB_12.11.2025_LS,SHB,390,9359,156.0,312.9,296.5,32.0,33.7,0.6849,1
EagleCreekDrEtc_SHB_12.11.2025_LS,SHB,390,9360,156.02,321.9,297.0,30.4,33.7,0.6324,1
EagleCreekDrEtc_SHB_12.11.2025_LS,SHB,390,9361,156.04,330.0,296.3,31.3,34.8,0.5674,1
EagleCreekDrEtc_SHB_12.11.2025_LS,SHB,390,9362,156.05,338.7,293.8,30.5,34.9,0.5587,1
EagleCreekDrEtc_SHB_12.11.2025_LS,SHB,390,9363,156.07,347.4,292.8,29.5,32.9,0.6646,1
EagleCreekDrEtc_SHB_12.11.2025_LS,SHB,390,9364,156.09,356.0,292.9,32.4,36.7,0.5351,1
EagleCreekDrEtc_SHB_12.11.2025_LS,SHB,390,9368,156.15,394.2,286.8,36.9,29.5,0.5747,1
EagleCreekDrEtc_SHB_12.11.2025_LS,SHB,390,9369,156.17,398.7,284.8,34.7,31.5,0.5815,1
EagleCreekDrEtc_SHB_12.11.2025_LS,SHB,390,9371,156.2,411.8,283.0,32.6,33.8,0.4309,1
EagleCreekDrEtc_SHB_12.11.2025_LS,SHB,390,9372,156.22,422.8,280.6,31.9,34.9,0.4947,1
EagleCreekDrEtc_SHB_12.11.2025_LS,SHB,390,9373,156.24,433.5,279.9,32.5,35.5,0.265,1
EagleCreekDrEtc_SHB_12.11.2025_LS,SHB,390,9374,156.25,442.9,277.7,31.1,34.7,0.2544,1
EagleCreekDrEtc_SHB_12.11.2025_LS,SHB,390,9375,156.27,453.4,276.3,32.6,35.2,0.2336,1
EagleCreekDrEtc_SHB_12.11.2025_LS,SHB,390,9378,156.32,481.3,271.0,33.4,37.3,0.2849,1
EagleCreekDrEtc_SHB_12.11.2025_LS,SHB,395,9352,155.89,458.7,277.5,32.5,26.5,0.623,0
EagleCreekDrEtc_SHB_12.11.2025_LS,SHB,395,9353,155.9,465.2,278.9,31.2,25.1,0.4859,0
EagleCreekDrEtc_SHB_12.11.2025_LS,SHB,395,9354,155.92,477.0,280.0,30.6,25.7,0.6375,0
EagleCreekDrEtc_SHB_12.11.2025_LS,SHB,395,9355,155.94,486.7,281.3,31.0,24.8,0.3949,0
EagleCreekDrEtc_SHB_12.11.2025_LS,SHB,395,9356,155.95,496.5,280.8,28.9,24.1,0.5499,0
EagleCreekDrEtc_SHB_12.11.2025_LS,SHB,395,9357,155.97,508.3,282.3,30.2,25.8,0.4014,0
EagleCreekDrEtc_SHB_12.11.2025_LS,SHB,395,9358,155.99,512.9,282.3,30.1,25.7,0.1921,0
EagleCreekDrEtc_SHB_12.11.2025_LS,SHB,408,9402,156.72,23.6,257.1,30.5,22.5,0.5931,1
EagleCreekDrEtc_SHB_12.11.2025_LS,SHB,408,9403,156.74,28.7,255.5,30.5,22.4,0.6791,1
EagleCreekDrEtc_SHB_12.11.2025_LS,SHB,408,9404,156.75,35.0,255.1,29.8,22.2,0.7665,1
EagleCreekDrEtc_SHB_12.11.2025_LS,SHB,408,9405,156.77,42.1,253.9,30.7,22.8,0.7474,1
EagleCreekDrEtc_SHB_12.11.2025_LS,SHB,408,9406,156.79,48.7,253.8,29.6,22.6,0.7582,1
EagleCreekDrEtc_SHB_12.11.2025_LS,SHB,408,9407,156.8,54.6,252.4,29.9,22.7,0.7607,1
EagleCreekDrEtc_SHB_12.11.2025_LS,SHB,408,9408,156.82,60.2,251.6,30.0,22.6,0.7314,1
EagleCreekDrEtc_SHB_12.11.2025_LS,SHB,408,9409,156.84,66.0,250.7,30.4,22.6,0.7813,1
EagleCreekDrEtc_SHB_12.11.2025_LS,SHB,408,9410,156.85,71.7,249.9,29.8,22.4,0.7567,1
EagleCreekDrEtc_SHB_12.11.2025_LS,SHB,408,9411,156.87,77.0,249.4,30.2,22.6,0.7684,1
EagleCreekDrEtc_SHB_12.11.2025_LS,SHB,408,9412,156.89,82.5,248.0,31.2,22.8,0.7341,1
EagleCreekDrEtc_SHB_12.11.2025_LS,SHB,408,9413,156.9,87.0,247.9,31.7,23.6,0.7476,1
EagleCreekDrEtc_SHB_12.11.2025_LS,SHB,408,9414,156.92,92.4,247.5,31.8,23.6,0.7494,1
EagleCreekDrEtc_SHB_12.11.2025_LS,SHB,408,9415,156.94,97.2,246.7,31.5,23.2,0.7628,1
EagleCreekDrEtc_SHB_12.11.2025_LS,SHB,408,9416,156.95,102.4,245.8,31.9,23.4,0.7279,1
EagleCreekDrEtc_SHB_12.11.2025_LS,SHB,408,9417,156.97,105.6,245.2,31.8,23.8,0.6989,1
EagleCreekDrEtc_SHB_12.11.2025_LS,SHB,408,9418,156.99,111.3,244.4,30.9,23.7,0.7196,1
EagleCreekDrEtc_SHB_12.11.2025_LS,SHB,408,9419,157.0,117.1,243.0,30.2,23.4,0.7495,1
EagleCreekDrEtc_SHB_12.11.2025_LS,SHB,408,9420,157.02,122.0,242.4,28.3,22.6,0.7443,1
EagleCreekDrEtc_SHB_12.11.2025_LS,SHB,408,9421,157.04,126.2,241.9,27.7,22.3,0.7399,1
EagleCreekDrEtc_SHB_12.11.2025_LS,SHB,408,9422,157.05,129.9,241.2,27.6,22.1,0.7077,1
EagleCreekDrEtc_SHB_12.11.2025_LS,SHB,408,9423,157.07,134.2,241.2,28.2,22.8,0.7395,1
EagleCreekDrEtc_SHB_12.11.2025_LS,SHB,408,9424,157.09,138.8,240.5,27.8,22.0,0.7221,1
EagleCreekDrEtc_SHB_12.11.2025_LS,SHB,408,9425,157.1,143.3,240.9,28.7,22.7,0.7247,1
EagleCreekDrEtc_SHB_12.11.2025_LS,SHB,408,9426,157.12,148.1,241.1,28.2,22.9,0.7345,1
EagleCreekDrEtc_SHB_12.11.2025_LS,SHB,408,9427,157.14,152.2,240.9,28.2,23.1,0.7362,1
EagleCreekDrEtc_SHB_12.11.2025_LS,SHB,408,9428,157.15,156.0,242.2,29.0,23.3,0.7225,1
EagleCreekDrEtc_SHB_12.11.2025_LS,SHB,408,9429,157.17,160.1,242.6,28.8,22.9,0.721,1
EagleCreekDrEtc_SHB_12.11.2025_LS,SHB,408,9430,157.19,164.6,243.8,29.3,22.5,0.7476,1
EagleCreekDrEtc_SHB_12.11.2025_LS,SHB,408,9431,157.2,168.3,245.1,29.9,23.1,0.7061,1
EagleCreekDrEtc_SHB_12.11.2025_LS,SHB,408,9432,157.22,171.5,245.3,30.3,23.2,0.7239,1
EagleCreekDrEtc_SHB_12.11.2025_LS,SHB,408,9433,157.24,176.2,246.4,29.7,22.2,0.7912,1
EagleCreekDrEtc_SHB_12.11.2025_LS,SHB,408,9434,157.25,180.1,246.7,29.4,22.0,0.7732,1
EagleCreekDrEtc_SHB_12.11.2025_LS,SHB,408,9435,157.27,184.0,247.0,29.5,21.7,0.7949,1
EagleCreekDrEtc_SHB_12.11.2025_LS,SHB,408,9436,157.29,187.7,247.5,29.6,21.2,0.7845,1
EagleCreekDrEtc_SHB_12.11.2025_LS,SHB,408,9437,157.3,190.9,247.4,30.1,21.3,0.793,1
EagleCreekDrEtc_SHB_12.11.2025_LS,SHB,408,9438,157.32,194.4,248.1,31.1,21.3,0.7568,1
EagleCreekDrEtc_SHB_12.11.2025_LS,SHB,408,9439,157.34,197.8,248.3,31.0,21.2,0.8069,1
EagleCreekDrEtc_SHB_12.11.2025_LS,SHB,408,9440,157.35,199.6,248.2,29.9,21.2,0.8192,1
EagleCreekDrEtc_SHB_12.11.2025_LS,SHB,408,9441,157.37,202.9,248.4,29.9,22.0,0.8162,1
EagleCreekDrEtc_SHB_12.11.2025_LS,SHB,408,9442,157.39,206.3,249.0,31.2,22.3,0.7528,1
EagleCreekDrEtc_SHB_12.11.2025_LS,SHB,408,9443,157.4,210.4,249.4,31.4,22.9,0.7913,1
EagleCreekDrEtc_SHB_12.11.2025_LS,SHB,408,9444,157.42,213.6,249.9,30.8,23.4,0.7609,1
EagleCreekDrEtc_SHB_12.11.2025_LS,SHB,408,9445,157.44,214.6,250.5,28.9,22.9,0.789,1
EagleCreekDrEtc_SHB_12.11.2025_LS,SHB,408,9446,157.45,216.9,251.1,28.2,22.3,0.5886,1
EagleCreekDrEtc_SHB_12.11.2025_LS,SHB,408,9447,157.47,223.4,251.2,28.6,21.8,0.6553,1
EagleCreekDrEtc_SHB_12.11.2025_LS,SHB,408,9448,157.49,226.4,251.7,28.7,22.0,0.5012,1
EagleCreekDrEtc_SHB_12.11.2025_LS,SHB,408,9449,157.5,228.8,252.6,28.8,21.9,0.4153,1
EagleCreekDrEtc_SHB_12.11.2025_LS,SHB,408,9452,157.55,245.4,249.8,28.0,20.2,0.4984,1
EagleCreekDrEtc_SHB_12.11.2025_LS,SHB,408,9453,157.57,250.4,250.2,28.1,20.9,0.5613,1
EagleCreekDrEtc_SHB_12.11.2025_LS,SHB,408,9454,157.59,256.1,250.0,27.3,20.9,0.6894,1
EagleCreekDrEtc_SHB_12.11.2025_LS,SHB,408,9455,157.6,259.1,249.4,28.7,21.7,0.6906,1
EagleCreekDrEtc_SHB_12.11.2025_LS,SHB,408,9456,157.62,262.0,249.7,29.6,22.3,0.765,1
EagleCreekDrEtc_SHB_12.11.2025_LS,SHB,408,9457,157.64,264.8,249.3,30.5,22.7,0.7521,1
EagleCreekDrEtc_SHB_12.11.2025_LS,SHB,408,9458,157.65,267.3,249.0,31.4,23.5,0.7712,1
EagleCreekDrEtc_SHB_12.11.2025_LS,SHB,408,9459,157.67,270.8,249.1,32.2,23.9,0.7458,1
EagleCreekDrEtc_SHB_12.11.2025_LS,SHB,408,9460,157.69,273.8,247.5,32.2,24.1,0.7527,1
EagleCreekDrEtc_SHB_12.11.2025_LS,SHB,408,9461,157.7,276.7,247.1,32.0,24.1,0.774,1
EagleCreekDrEtc_SHB_12.11.2025_LS,SHB,408,9462,157.72,280.2,247.0,31.4,23.1,0.7842,1
EagleCreekDrEtc_SHB_12.11.2025_LS,SHB,408,9463,157.74,282.0,246.6,31.7,23.3,0.7478,1
EagleCreekDrEtc_SHB_12.11.2025_LS,SHB,408,9464,157.75,283.9,247.3,31.3,23.2,0.7797,1
EagleCreekDrEtc_SHB_12.11.2025_LS,SHB,408,9465,157.77,285.8,247.2,30.4,23.0,0.7705,1
EagleCreekDrEtc_SHB_12.11.2025_LS,SHB,408,9466,157.79,288.6,247.2,30.1,23.4,0.7776,1
EagleCreekDrEtc_SHB_12.11.2025_LS,SHB,408,9467,157.8,291.3,247.1,30.8,23.1,0.7656,1
EagleCreekDrEtc_SHB_12.11.2025_LS,SHB,408,9468,157.82,293.8,246.9,30.7,22.9,0.764,1
EagleCreekDrEtc_SHB_12.11.2025_LS,SHB,408,9469,157.84,296.6,247.5,29.6,22.3,0.7789,1
EagleCreekDrEtc_SHB_12.11.2025_LS,SHB,408,9470,157.85,299.3,247.1,29.5,21.8,0.796,1
EagleCreekDrEtc_SHB_12.11.2025_LS,SHB,408,9471,157.87,302.0,247.3,29.6,22.2,0.7839,1
EagleCreekDrEtc_SHB_12.11.2025_LS,SHB,408,9472,157.89,304.1,247.6,29.3,22.2,0.7941,1
EagleCreekDrEtc_SHB_12.11.2025_LS,SHB,408,9473,157.9,305.9,247.4,30.0,22.3,0.7689,1
EagleCreekDrEtc_SHB_12.11.2025_LS,SHB,408,9474,157.92,308.7,247.9,29.9,23.0,0.7482,1
EagleCreekDrEtc_SHB_12.11.2025_LS,SHB,408,9475,157.94,310.8,247.6,29.4,22.9,0.7631,1
EagleCreekDrEtc_SHB_12.11.2025_LS,SHB,408,9476,157.95,312.8,248.4,29.4,23.3,0.7678,1
EagleCreekDrEtc_SHB_12.11.2025_LS,SHB,408,9477,157.97,315.1,249.7,30.8,24.2,0.7651,1
EagleCreekDrEtc_SHB_12.11.2025_LS,SHB,408,9478,157.99,312.5,249.9,27.6,21.0,0.6584,1
EagleCreekDrEtc_SHB_12.11.2025_LS,SHB,408,9481,158.04,318.1,251.2,28.5,22.9,0.6588,1
EagleCreekDrEtc_SHB_12.11.2025_LS,SHB,408,9482,158.05,322.5,251.5,28.3,22.8,0.567,1
EagleCreekDrEtc_SHB_12.11.2025_LS,SHB,408,9483,158.07,325.3,251.2,26.6,21.4,0.6441,1
EagleCreekDrEtc_SHB_12.11.2025_LS,SHB,408,9484,158.09,328.4,251.8,27.3,21.7,0.6216,1
EagleCreekDrEtc_SHB_12.11.2025_LS,SHB,408,9485,158.1,330.4,253.0,28.5,22.1,0.6102,1
EagleCreekDrEtc_SHB_12.11.2025_LS,SHB,408,9486,158.12,332.9,253.7,30.7,22.8,0.6945,1
EagleCreekDrEtc_SHB_12.11.2025_LS,SHB,408,9487,158.14,334.2,253.6,31.0,22.5,0.6569,1
EagleCreekDrEtc_SHB_12.11.2025_LS,SHB,408,9488,158.15,334.3,253.5,31.3,22.5,0.6616,1
EagleCreekDrEtc_SHB_12.11.2025_LS,SHB,408,9489,158.17,335.4,253.9,31.6,23.0,0.6424,1
EagleCreekDrEtc_SHB_12.11.2025_LS,SHB,408,9490,158.19,334.9,253.7,31.4,23.2,0.69,1
EagleCreekDrEtc_SHB_12.11.2025_LS,SHB,408,9491,158.2,334.6,253.8,31.5,23.4,0.6565,1
EagleCreekDrEtc_SHB_12.11.2025_LS,SHB,408,9492,158.22,333.3,254.0,32.1,23.5,0.6177,1
EagleCreekDrEtc_SHB_12.11.2025_LS,SHB,408,9493,158.24,339.5,253.8,32.2,22.6,0.6275,1
EagleCreekDrEtc_SHB_12.11.2025_LS,SHB,408,9494,158.25,341.8,253.6,32.3,22.3,0.4242,1
EagleCreekDrEtc_SHB_12.11.2025_LS,SHB,408,9495,158.27,346.2,253.7,31.0,22.1,0.6514,1
EagleCreekDrEtc_SHB_12.11.2025_LS,SHB,408,9496,158.29,349.0,253.2,30.3,22.2,0.6432,1
EagleCreekDrEtc_SHB_12.11.2025_LS,SHB,408,9497,158.3,351.0,253.3,30.2,21.9,0.7152,1
EagleCreekDrEtc_SHB_12.11.2025_LS,SHB,408,9498,158.32,352.4,254.4,29.6,22.5,0.7415,1
EagleCreekDrEtc_SHB_12.11.2025_LS,SHB,408,9499,158.34,354.2,255.1,29.5,22.6,0.7371,1
EagleCreekDrEtc_SHB_12.11.2025_LS,SHB,408,9500,158.35,355.5,256.0,29.5,22.9,0.7627,1
EagleCreekDrEtc_SHB_12.11.2025_LS,SHB,408,9501,158.37,356.9,256.9,29.4,22.9,0.7458,1
EagleCreekDrEtc_SHB_12.11.2025_LS,SHB,408,9502,158.39,357.8,257.4,29.4,22.7,0.7345,1
EagleCreekDrEtc_SHB_12.11.2025_LS,SHB,408,9503,158.4,358.5,257.7,30.5,23.1,0.6831,1
EagleCreekDrEtc_SHB_12.11.2025_LS,SHB,408,9504,158.42,360.7,257.1,31.5,24.1,0.6309,1
EagleCreekDrEtc_SHB_12.11.2025_LS,SHB,408,9505,158.44,361.2,257.3,31.0,23.5,0.6713,1
EagleCreekDrEtc_SHB_12.11.2025_LS,SHB,408,9506,158.45,360.5,257.5,30.7,23.6,0.6826,1
EagleCreekDrEtc_SHB_12.11.2025_LS,SHB,408,9507,158.47,359.3,258.1,31.0,23.9,0.6247,1
EagleCreekDrEtc_SHB_12.11.2025_LS,SHB,408,9508,158.49,359.6,257.3,30.4,23.0,0.6773,1
EagleCreekDrEtc_SHB_12.11.2025_LS,SHB,408,9509,158.5,358.9,256.7,30.6,22.4,0.6759,1
EagleCreekDrEtc_SHB_12.11.2025_LS,SHB,408,9510,158.52,360.7,256.1,30.1,21.2,0.7025,1
EagleCreekDrEtc_SHB_12.11.2025_LS,SHB,408,9511,158.54,362.2,256.1,28.8,20.4,0.7161,1
EagleCreekDrEtc_SHB_12.11.2025_LS,SHB,408,9512,158.55,360.7,256.8,28.8,20.7,0.6849,1
EagleCreekDrEtc_SHB_12.11.2025_LS,SHB,408,9513,158.57,359.8,257.2,29.8,21.9,0.6383,1
EagleCreekDrEtc_SHB_12.11.2025_LS,SHB,408,9514,158.59,355.7,257.4,29.6,22.8,0.2271,1
EagleCreekDrEtc_SHB_12.11.2025_LS,SHB,408,9515,158.6,357.1,257.3,28.9,22.7,0.2343,1
EagleCreekDrEtc_SHB_12.11.2025_LS,SHB,412,9486,158.12,390.6,250.8,29.2,22.4,0.4979,0
EagleCreekDrEtc_SHB_12.11.2025_LS,SHB,412,9487,158.14,389.6,250.4,30.6,23.5,0.31,0
EagleCreekDrEtc_SHB_12.11.2025_LS,SHB,412,9488,158.15,389.1,250.5,30.3,23.2,0.2753,0
EagleCreekDrEtc_SHB_12.11.2025_LS,SHB,412,9489,158.17,388.4,250.5,29.7,22.6,0.3608,0
EagleCreekDrEtc_SHB_12.11.2025_LS,SHB,412,9490,158.19,387.5,250.5,29.6,22.3,0.2669,0
EagleCreekDrEtc_SHB_12.11.2025_LS,SHB,412,9491,158.2,386.5,250.7,28.8,21.5,0.3586,0
EagleCreekDrEtc_SHB_12.11.2025_LS,SHB,412,9492,158.22,385.7,251.0,28.7,21.1,0.3726,0
EagleCreekDrEtc_SHB_12.11.2025_LS,SHB,412,9493,158.24,385.8,251.5,29.1,21.2,0.1376,0
EagleCreekDrEtc_SHB_12.11.2025_LS,SHB,412,9494,158.25,380.0,250.9,32.2,22.4,0.1233,0
EagleCreekDrEtc_SHB_12.11.2025_LS,SHB,413,9515,158.6,368.1,257.0,28.2,22.3,0.4587,1
EagleCreekDrEtc_SHB_12.11.2025_LS,SHB,413,9516,158.62,363.0,257.8,29.9,22.6,0.7315,1
EagleCreekDrEtc_SHB_12.11.2025_LS,SHB,413,9517,158.64,361.3,258.2,29.0,21.5,0.7124,1
EagleCreekDrEtc_SHB_12.11.2025_LS,SHB,413,9518,158.65,360.7,258.8,29.2,21.1,0.6797,1
EagleCreekDrEtc_SHB_12.11.2025_LS,SHB,413,9519,158.67,359.7,258.6,29.4,21.7,0.6257,1
EagleCreekDrEtc_SHB_12.11.2025_LS,SHB,413,9520,158.69,357.7,260.5,29.9,22.1,0.6547,1
EagleCreekDrEtc_SHB_12.11.2025_LS,SHB,413,9521,158.7,358.6,260.4,29.1,21.7,0.7118,1
EagleCreekDrEtc_SHB_12.11.2025_LS,SHB,413,9522,158.72,359.1,260.5,28.7,21.5,0.7279,1
EagleCreekDrEtc_SHB_12.11.2025_LS,SHB,413,9523,158.74,359.5,261.6,28.0,21.9,0.6852,1
EagleCreekDrEtc_SHB_12.11.2025_LS,SHB,413,9524,158.75,360.0,261.3,27.5,21.8,0.713,1
EagleCreekDrEtc_SHB_12.11.2025_LS,SHB,413,9525,158.77,358.7,261.4,28.8,23.0,0.6709,1
EagleCreekDrEtc_SHB_12.11.2025_LS,SHB,413,9526,158.79,356.6,261.7,29.0,23.6,0.7253,1
EagleCreekDrEtc_SHB_12.11.2025_LS,SHB,413,9527,158.8,356.6,262.5,28.9,23.7,0.6951,1
EagleCreekDrEtc_SHB_12.11.2025_LS,SHB,413,9528,158.82,356.5,263.1,28.9,23.6,0.6472,1
EagleCreekDrEtc_SHB_12.11.2025_LS,SHB,413,9529,158.84,356.3,263.3,29.7,23.5,0.6465,1
EagleCreekDrEtc_SHB_12.11.2025_LS,SHB,413,9530,158.85,355.2,263.4,29.3,22.7,0.6941,1
EagleCreekDrEtc_SHB_12.11.2025_LS,SHB,413,9531,158.87,353.4,264.5,29.2,22.0,0.682,1
EagleCreekDrEtc_SHB_12.11.2025_LS,SHB,413,9532,158.89,352.8,264.7,28.3,20.8,0.6955,1
EagleCreekDrEtc_SHB_12.11.2025_LS,SHB,413,9533,158.9,351.2,266.0,28.5,20.6,0.6938,1
EagleCreekDrEtc_SHB_12.11.2025_LS,SHB,413,9534,158.92,347.8,266.0,28.9,21.3,0.573,1
EagleCreekDrEtc_SHB_12.11.2025_LS,SHB,413,9535,158.94,346.5,265.2,28.5,21.2,0.5825,1
EagleCreekDrEtc_SHB_12.11.2025_LS,SHB,413,9536,158.95,348.2,264.5,29.5,21.7,0.6743,1
EagleCreekDrEtc_SHB_12.11.2025_LS,SHB,413,9537,158.97,348.2,264.1,30.2,21.8,0.696,1
EagleCreekDrEtc_SHB_12.11.2025_LS,SHB,413,9538,158.99,347.5,264.4,32.1,23.1,0.7182,1
EagleCreekDrEtc_SHB_12.11.2025_LS,SHB,413,9539,159.0,346.4,263.4,31.2,23.7,0.6503,1
EagleCreekDrEtc_SHB_12.11.2025_LS,SHB,413,9540,159.02,346.5,264.9,30.0,22.0,0.7309,1
EagleCreekDrEtc_SHB_12.11.2025_LS,SHB,413,9541,159.04,346.7,264.6,32.1,22.2,0.7048,1
EagleCreekDrEtc_SHB_12.11.2025_LS,SHB,413,9542,159.05,346.1,265.4,31.6,22.2,0.7276,1
EagleCreekDrEtc_SHB_12.11.2025_LS,SHB,413,9543,159.07,343.1,264.9,30.8,22.6,0.724,1
EagleCreekDrEtc_SHB_12.11.2025_LS,SHB,413,9544,159.09,341.9,264.0,29.6,22.5,0.6889,1
EagleCreekDrEtc_SHB_12.11.2025_LS,SHB,413,9545,159.1,340.7,261.9,28.9,22.2,0.7169,1
EagleCreekDrEtc_SHB_12.11.2025_LS,SHB,413,9546,159.12,338.4,259.2,29.1,22.4,0.6127,1
EagleCreekDrEtc_SHB_12.11.2025_LS,SHB,413,9547,159.14,337.6,260.4,29.9,22.6,0.6635,1
EagleCreekDrEtc_SHB_12.11.2025_LS,SHB,413,9548,159.15,336.9,261.1,29.8,21.7,0.6953,1
EagleCreekDrEtc_SHB_12.11.2025_LS,SHB,413,9549,159.17,334.7,260.5,28.4,20.3,0.6247,1
EagleCreekDrEtc_SHB_12.11.2025_LS,SHB,413,9552,159.22,334.7,256.2,31.6,22.2,0.4133,1
EagleCreekDrEtc_SHB_12.11.2025_LS,SHB,413,9553,159.24,332.9,255.3,33.2,22.7,0.6608,1
EagleCreekDrEtc_SHB_12.11.2025_LS,SHB,413,9554,159.25,331.1,255.2,33.8,23.0,0.564,1
EagleCreekDrEtc_SHB_12.11.2025_LS,SHB,413,9555,159.27,329.0,256.2,32.7,23.0,0.6509,1
EagleCreekDrEtc_SHB_12.11.2025_LS,SHB,413,9559,159.34,326.0,251.4,30.1,21.8,0.6035,1
EagleCreekDrEtc_SHB_12.11.2025_LS,SHB,413,9560,159.35,323.8,252.1,30.9,22.2,0.72,1
EagleCreekDrEtc_SHB_12.11.2025_LS,SHB,413,9561,159.37,323.0,252.3,30.9,23.1,0.7565,1
EagleCreekDrEtc_SHB_12.11.2025_LS,SHB,413,9562,159.39,320.7,251.4,30.4,23.0,0.7192,1
EagleCreekDrEtc_SHB_12.11.2025_LS,SHB,413,9563,159.4,318.2,250.8,29.7,22.4,0.7187,1
EagleCreekDrEtc_SHB_12.11.2025_LS,SHB,413,9564,159.42,316.1,250.8,30.6,22.7,0.6768,1
EagleCreekDrEtc_SHB_12.11.2025_LS,SHB,413,9565,159.44,313.5,251.2,29.3,22.0,0.7192,1
EagleCreekDrEtc_SHB_12.11.2025_LS,SHB,413,9566,159.45,309.6,251.5,28.5,22.2,0.7282,1
EagleCreekDrEtc_SHB_12.11.2025_LS,SHB,413,9567,159.47,308.3,251.3,27.2,21.5,0.6965,1
EagleCreekDrEtc_SHB_12.11.2025_LS,SHB,413,9568,159.49,308.1,251.7,25.8,21.2,0.3875,1
EagleCreekDrEtc_SHB_12.11.2025_LS,SHB,413,9574,159.59,301.3,250.0,25.2,20.2,0.4139,1
EagleCreekDrEtc_SHB_12.11.2025_LS,SHB,413,9575,159.6,300.0,250.9,24.9,21.0,0.5893,1
EagleCreekDrEtc_SHB_12.11.2025_LS,SHB,413,9576,159.62,296.6,251.3,25.8,20.6,0.6013,1
EagleCreekDrEtc_SHB_12.11.2025_LS,SHB,413,9577,159.64,294.8,251.6,26.5,21.0,0.5986,1
EagleCreekDrEtc_SHB_12.11.2025_LS,SHB,413,9578,159.65,296.0,250.9,27.2,20.8,0.3706,1
EagleCreekDrEtc_SHB_12.11.2025_LS,SHB,413,9579,159.67,293.9,251.2,28.1,21.6,0.3721,1
EagleCreekDrEtc_SHB_12.11.2025_LS,SHB,413,9580,159.69,284.9,251.5,29.7,22.3,0.537,1
EagleCreekDrEtc_SHB_12.11.2025_LS,SHB,413,9581,159.7,286.4,252.0,28.6,21.1,0.5266,1
EagleCreekDrEtc_SHB_12.11.2025_LS,SHB,413,9582,159.72,287.9,251.9,27.7,20.2,0.6659,1
EagleCreekDrEtc_SHB_12.11.2025_LS,SHB,413,9583,159.74,287.5,253.4,27.3,20.5,0.4806,1
EagleCreekDrEtc_SHB_12.11.2025_LS,SHB,413,9584,159.75,286.4,253.1,28.4,21.6,0.6341,1
EagleCreekDrEtc_SHB_12.11.2025_LS,SHB,413,9585,159.77,284.8,252.9,28.5,21.8,0.7111,1
EagleCreekDrEtc_SHB_12.11.2025_LS,SHB,413,9586,159.79,282.1,254.3,28.5,21.8,0.5318,1
EagleCreekDrEtc_SHB_12.11.2025_LS,SHB,413,9587,159.8,278.9,254.7,28.5,21.5,0.6659,1
EagleCreekDrEtc_SHB_12.11.2025_LS,SHB,413,9588,159.82,277.2,254.9,29.1,21.6,0.6072,1
EagleCreekDrEtc_SHB_12.11.2025_LS,SHB,413,9589,159.84,275.9,255.1,28.7,21.2,0.7072,1
EagleCreekDrEtc_SHB_12.11.2025_LS,SHB,413,9590,159.85,274.1,255.6,28.6,21.4,0.6955,1
EagleCreekDrEtc_SHB_12.11.2025_LS,SHB,413,9591,159.87,273.5,257.0,28.1,21.3,0.6961,1
EagleCreekDrEtc_SHB_12.11.2025_LS,SHB,413,9592,159.89,272.4,258.4,27.9,21.4,0.7125,1
EagleCreekDrEtc_SHB_12.11.2025_LS,SHB,413,9593,159.9,270.7,258.0,27.8,21.1,0.7173,1
EagleCreekDrEtc_SHB_12.11.2025_LS,SHB,413,9594,159.92,271.2,257.9,28.8,21.1,0.5084,1
EagleCreekDrEtc_SHB_12.11.2025_LS,SHB,413,9595,159.94,272.3,257.5,28.3,21.0,0.5294,1
EagleCreekDrEtc_SHB_12.11.2025_LS,SHB,413,9596,159.95,270.2,256.2,29.0,21.6,0.6289,1
EagleCreekDrEtc_SHB_12.11.2025_LS,SHB,413,9597,159.97,266.5,257.6,29.8,22.5,0.5788,1
EagleCreekDrEtc_SHB_12.11.2025_LS,SHB,413,9598,159.99,266.5,257.3,28.2,21.7,0.5603,1
EagleCreekDrEtc_SHB_12.11.2025_LS,SHB,413,9599,160.0,266.5,258.2,28.4,21.7,0.5952,1
EagleCreekDrEtc_SHB_12.11.2025_LS,SHB,413,9600,160.02,268.4,258.0,28.0,21.2,0.6507,1
EagleCreekDrEtc_SHB_12.11.2025_LS,SHB,413,9601,160.04,266.2,258.1,27.4,21.3,0.5667,1
EagleCreekDrEtc_SHB_12.11.2025_LS,SHB,413,9602,160.05,263.7,259.1,27.8,22.3,0.5827,1
EagleCreekDrEtc_SHB_12.11.2025_LS,SHB,413,9603,160.07,259.8,258.9,28.2,22.1,0.4796,1
EagleCreekDrEtc_SHB_12.11.2025_LS,SHB,413,9604,160.09,257.6,259.3,28.1,21.6,0.4649,1
EagleCreekDrEtc_SHB_12.11.2025_LS,SHB,413,9605,160.1,256.1,257.6,27.3,20.7,0.5938,1
EagleCreekDrEtc_SHB_12.11.2025_LS,SHB,413,9606,160.12,256.2,258.8,29.3,22.2,0.5487,1
EagleCreekDrEtc_SHB_12.11.2025_LS,SHB,413,9607,160.14,257.0,260.8,28.4,21.7,0.6161,1
EagleCreekDrEtc_SHB_12.11.2025_LS,SHB,413,9608,160.15,255.9,260.7,27.1,21.3,0.6795,1
EagleCreekDrEtc_SHB_12.11.2025_LS,SHB,413,9609,160.17,253.7,262.6,27.3,22.1,0.7024,1
EagleCreekDrEtc_SHB_12.11.2025_LS,SHB,413,9610,160.19,251.7,263.2,28.2,22.4,0.722,1
EagleCreekDrEtc_SHB_12.11.2025_LS,SHB,413,9611,160.2,250.2,264.0,28.2,20.6,0.7272,1
EagleCreekDrEtc_SHB_12.11.2025_LS,SHB,413,9612,160.22,249.3,264.1,29.4,21.3,0.7403,1
EagleCreekDrEtc_SHB_12.11.2025_LS,SHB,413,9613,160.24,247.9,264.5,30.7,22.1,0.6881,1
EagleCreekDrEtc_SHB_12.11.2025_LS,SHB,413,9614,160.25,243.7,265.2,31.6,22.9,0.61,1
EagleCreekDrEtc_SHB_12.11.2025_LS,SHB,413,9615,160.27,240.9,266.5,30.3,21.6,0.6093,1
EagleCreekDrEtc_SHB_12.11.2025_LS,SHB,413,9616,160.29,239.6,266.0,28.7,20.6,0.6079,1
EagleCreekDrEtc_SHB_12.11.2025_LS,SHB,413,9617,160.3,237.1,265.7,28.5,20.8,0.5482,1
EagleCreekDrEtc_SHB_12.11.2025_LS,SHB,413,9618,160.32,235.4,265.1,27.8,20.4,0.5143,1
EagleCreekDrEtc_SHB_12.11.2025_LS,SHB,413,9619,160.34,238.2,264.7,28.2,20.7,0.6335,1
EagleCreekDrEtc_SHB_12.11.2025_LS,SHB,413,9620,160.35,238.8,265.3,27.1,20.8,0.6847,1
EagleCreekDrEtc_SHB_12.11.2025_LS,SHB,413,9621,160.37,237.7,264.6,27.5,21.0,0.7034,1
EagleCreekDrEtc_SHB_12.11.2025_LS,SHB,413,9622,160.39,234.8,264.1,29.1,21.5,0.7398,1
EagleCreekDrEtc_SHB_12.11.2025_LS,SHB,413,9623,160.4,233.5,264.1,29.4,21.7,0.7339,1
EagleCreekDrEtc_SHB_12.11.2025_LS,SHB,413,9624,160.42,232.1,264.6,30.1,22.7,0.7251,1
EagleCreekDrEtc_SHB_12.11.2025_LS,SHB,413,9625,160.44,230.1,264.5,31.0,22.7,0.7156,1
EagleCreekDrEtc_SHB_12.11.2025_LS,SHB,413,9626,160.45,228.1,264.9,31.6,22.7,0.7203,1
EagleCreekDrEtc_SHB_12.11.2025_LS,SHB,413,9627,160.47,226.3,264.6,30.9,21.8,0.7384,1
EagleCreekDrEtc_SHB_12.11.2025_LS,SHB,413,9628,160.49,225.2,264.5,31.5,21.8,0.7398,1
EagleCreekDrEtc_SHB_12.11.2025_LS,SHB,413,9629,160.5,224.3,264.8,29.8,21.0,0.7489,1
EagleCreekDrEtc_SHB_12.11.2025_LS,SHB,413,9630,160.52,222.6,264.8,29.4,20.8,0.7436,1
EagleCreekDrEtc_SHB_12.11.2025_LS,SHB,413,9631,160.54,222.0,264.8,29.7,21.2,0.7663,1
EagleCreekDrEtc_SHB_12.11.2025_LS,SHB,413,9632,160.55,222.1,263.6,28.6,20.7,0.7359,1
EagleCreekDrEtc_SHB_12.11.2025_LS,SHB,413,9633,160.57,219.5,263.4,28.7,20.8,0.7125,1
EagleCreekDrEtc_SHB_12.11.2025_LS,SHB,413,9634,160.59,219.9,263.1,27.1,20.6,0.7428,1
EagleCreekDrEtc_SHB_12.11.2025_LS,SHB,413,9635,160.6,218.2,263.0,27.9,21.5,0.737,1
EagleCreekDrEtc_SHB_12.11.2025_LS,SHB,413,9636,160.62,217.4,262.6,27.5,20.9,0.7141,1
EagleCreekDrEtc_SHB_12.11.2025_LS,SHB,413,9637,160.64,215.9,262.5,28.5,21.5,0.7496,1
EagleCreekDrEtc_SHB_12.11.2025_LS,SHB,413,9638,160.65,215.1,262.4,28.2,21.2,0.7389,1
EagleCreekDrEtc_SHB_12.11.2025_LS,SHB,413,9639,160.67,214.1,262.3,27.7,21.0,0.7406,1
EagleCreekDrEtc_SHB_12.11.2025_LS,SHB,413,9640,160.69,210.3,262.5,28.3,21.0,0.6957,1
EagleCreekDrEtc_SHB_12.11.2025_LS,SHB,413,9641,160.7,210.7,262.1,27.2,20.8,0.5136,1
EagleCreekDrEtc_SHB_12.11.2025_LS,SHB,413,9642,160.72,207.6,261.8,27.1,21.4,0.5927,1
EagleCreekDrEtc_SHB_12.11.2025_LS,SHB,413,9643,160.74,202.4,263.9,26.0,20.2,0.4783,1
EagleCreekDrEtc_SHB_12.11.2025_LS,SHB,413,9645,160.77,205.3,262.4,27.4,21.0,0.6975,1
EagleCreekDrEtc_SHB_12.11.2025_LS,SHB,413,9646,160.79,202.7,262.4,29.1,22.2,0.7624,1
EagleCreekDrEtc_SHB_12.11.2025_LS,SHB,413,9647,160.8,199.7,262.3,28.7,22.1,0.6541,1
EagleCreekDrEtc_SHB_12.11.2025_LS,SHB,413,9648,160.82,198.7,262.4,28.5,21.9,0.5939,1
EagleCreekDrEtc_SHB_12.11.2025_LS,SHB,413,9649,160.84,198.9,262.5,28.9,22.1,0.3915,1
EagleCreekDrEtc_SHB_12.11.2025_LS,SHB,413,9650,160.85,199.2,262.6,29.4,22.0,0.4881,1
EagleCreekDrEtc_SHB_12.11.2025_LS,SHB,413,9651,160.87,198.6,261.5,29.3,22.3,0.6807,1
EagleCreekDrEtc_SHB_12.11.2025_LS,SHB,413,9652,160.89,197.4,261.6,29.2,22.0,0.6186,1
EagleCreekDrEtc_SHB_12.11.2025_LS,SHB,413,9653,160.9,197.0,262.7,29.9,21.9,0.6961,1
EagleCreekDrEtc_SHB_12.11.2025_LS,SHB,413,9654,160.92,196.0,262.9,30.7,22.5,0.6499,1
EagleCreekDrEtc_SHB_12.11.2025_LS,SHB,413,9655,160.94,194.6,263.7,30.8,22.1,0.6118,1
EagleCreekDrEtc_SHB_12.11.2025_LS,SHB,413,9656,160.95,193.4,263.4,30.4,21.3,0.6109,1
EagleCreekDrEtc_SHB_12.11.2025_LS,SHB,413,9657,160.97,192.7,262.5,29.9,21.2,0.6463,1
EagleCreekDrEtc_SHB_12.11.2025_LS,SHB,413,9658,160.99,189.8,261.8,30.1,21.6,0.7253,1
EagleCreekDrEtc_SHB_12.11.2025_LS,SHB,413,9659,161.0,187.8,262.7,28.7,21.0,0.7352,1
EagleCreekDrEtc_SHB_12.11.2025_LS,SHB,413,9660,161.02,184.9,264.1,26.9,20.2,0.6857,1
EagleCreekDrEtc_SHB_12.11.2025_LS,SHB,413,9661,161.04,183.4,264.5,26.8,19.9,0.7027,1
EagleCreekDrEtc_SHB_12.11.2025_LS,SHB,413,9662,161.05,182.9,264.2,27.3,20.6,0.5956,1
EagleCreekDrEtc_SHB_12.11.2025_LS,SHB,413,9663,161.07,180.9,264.5,27.0,20.2,0.7245,1
EagleCreekDrEtc_SHB_12.11.2025_LS,SHB,413,9664,161.09,181.0,264.1,28.0,20.3,0.6739,1
EagleCreekDrEtc_SHB_12.11.2025_LS,SHB,413,9665,161.1,180.0,263.7,29.9,21.6,0.5442,1
EagleCreekDrEtc_SHB_12.11.2025_LS,SHB,413,9666,161.12,183.1,265.6,29.6,22.1,0.5434,1
EagleCreekDrEtc_SHB_12.11.2025_LS,SHB,413,9667,161.14,183.9,264.6,30.9,23.1,0.1999,1
EagleCreekDrEtc_SHB_12.11.2025_LS,SHB,413,9668,161.15,177.9,266.2,30.8,23.9,0.1488,1
EagleCreekDrEtc_SHB_12.11.2025_LS,SHB,413,9669,161.17,174.3,265.4,29.5,23.7,0.5929,1
EagleCreekDrEtc_SHB_12.11.2025_LS,SHB,427,9677,161.3,546.4,280.5,29.6,33.5,0.6748,1
EagleCreekDrEtc_SHB_12.11.2025_LS,SHB,427,9678,161.32,541.4,282.9,29.4,31.4,0.7816,1
EagleCreekDrEtc_SHB_12.11.2025_LS,SHB,427,9679,161.34,537.6,283.6,29.2,31.1,0.7607,1
EagleCreekDrEtc_SHB_12.11.2025_LS,SHB,427,9680,161.35,535.8,284.7,30.1,33.2,0.5854,1
EagleCreekDrEtc_SHB_12.11.2025_LS,SHB,427,9683,161.4,526.7,285.8,30.8,32.8,0.5516,1
EagleCreekDrEtc_SHB_12.11.2025_LS,SHB,427,9684,161.42,521.0,286.1,29.7,32.3,0.7232,1
EagleCreekDrEtc_SHB_12.11.2025_LS,SHB,427,9685,161.44,522.2,286.5,29.6,32.5,0.555,1
EagleCreekDrEtc_SHB_12.11.2025_LS,SHB,427,9686,161.45,519.5,287.4,29.2,34.0,0.5227,1
EagleCreekDrEtc_SHB_12.11.2025_LS,SHB,427,9687,161.47,515.9,289.0,28.8,31.9,0.3895,1
EagleCreekDrEtc_SHB_12.11.2025_LS,SHB,427,9688,161.49,512.7,289.8,27.5,30.5,0.4339,1
EagleCreekDrEtc_SHB_12.11.2025_LS,SHB,427,9689,161.5,510.1,289.8,29.2,32.6,0.6554,1
EagleCreekDrEtc_SHB_12.11.2025_LS,SHB,427,9690,161.52,507.4,290.2,28.1,33.2,0.7193,1
EagleCreekDrEtc_SHB_12.11.2025_LS,SHB,427,9691,161.54,503.4,291.0,28.6,31.6,0.7503,1
EagleCreekDrEtc_SHB_12.11.2025_LS,SHB,427,9692,161.55,501.0,292.2,30.6,30.8,0.7306,1
EagleCreekDrEtc_SHB_12.11.2025_LS,SHB,427,9693,161.57,498.8,294.5,31.9,29.4,0.1511,1
EagleCreekDrEtc_SHB_12.11.2025_LS,SHB,427,9694,161.59,492.5,294.9,33.1,32.3,0.3918,1
EagleCreekDrEtc_SHB_12.11.2025_LS,SHB,427,9695,161.6,490.7,296.0,32.1,32.6,0.7107,1
EagleCreekDrEtc_SHB_12.11.2025_LS,SHB,427,9696,161.62,486.6,297.8,30.3,32.0,0.6766,1
EagleCreekDrEtc_SHB_12.11.2025_LS,SHB,427,9697,161.64,485.7,299.0,28.7,32.3,0.7891,1
EagleCreekDrEtc_SHB_12.11.2025_LS,SHB,427,9698,161.65,483.4,300.3,26.8,32.4,0.7651,1
EagleCreekDrEtc_SHB_12.11.2025_LS,SHB,427,9699,161.67,478.9,301.6,28.3,32.9,0.7647,1
EagleCreekDrEtc_SHB_12.11.2025_LS,SHB,427,9700,161.69,475.8,303.0,28.6,33.6,0.772,1
EagleCreekDrEtc_SHB_12.11.2025_LS,SHB,427,9701,161.7,471.7,304.2,28.1,33.9,0.74,1
EagleCreekDrEtc_SHB_12.11.2025_LS,SHB,427,9702,161.72,468.9,304.7,28.6,34.8,0.7661,1
EagleCreekDrEtc_SHB_12.11.2025_LS,SHB,427,9703,161.74,464.8,306.6,28.4,35.1,0.6564,1
EagleCreekDrEtc_SHB_12.11.2025_LS,SHB,427,9704,161.75,461.9,307.3,29.2,36.2,0.701,1
EagleCreekDrEtc_SHB_12.11.2025_LS,SHB,427,9705,161.77,459.4,307.7,27.5,35.0,0.7228,1
EagleCreekDrEtc_SHB_12.11.2025_LS,SHB,427,9706,161.79,455.0,308.4,28.8,34.0,0.6999,1
EagleCreekDrEtc_SHB_12.11.2025_LS,SHB,427,9707,161.8,453.9,308.4,30.0,33.4,0.6792,1
EagleCreekDrEtc_SHB_12.11.2025_LS,SHB,427,9709,161.84,450.9,307.1,30.7,29.7,0.3157,1
EagleCreekDrEtc_SHB_12.11.2025_LS,SHB,427,9710,161.85,448.2,307.3,28.4,30.3,0.5613,1
EagleCreekDrEtc_SHB_12.11.2025_LS,SHB,427,9711,161.87,446.7,307.3,27.1,30.0,0.7431,1
EagleCreekDrEtc_SHB_12.11.2025_LS,SHB,427,9712,161.89,444.1,308.1,25.7,30.4,0.7868,1
EagleCreekDrEtc_SHB_12.11.2025_LS,SHB,427,9713,161.9,441.0,307.9,25.4,30.0,0.7516,1
EagleCreekDrEtc_SHB_12.11.2025_LS,SHB,427,9714,161.92,438.9,307.8,24.8,29.8,0.792,1
EagleCreekDrEtc_SHB_12.11.2025_LS,SHB,427,9715,161.94,436.8,308.6,25.8,31.6,0.7318,1
EagleCreekDrEtc_SHB_12.11.2025_LS,SHB,427,9716,161.95,434.3,308.3,25.5,31.5,0.7555,1
EagleCreekDrEtc_SHB_12.11.2025_LS,SHB,427,9717,161.97,429.9,308.6,25.4,31.1,0.7562,1
EagleCreekDrEtc_SHB_12.11.2025_LS,SHB,427,9718,161.99,425.3,308.9,25.6,30.6,0.7352,1
EagleCreekDrEtc_SHB_12.11.2025_LS,SHB,427,9719,162.0,420.7,310.1,27.4,31.7,0.7807,1
EagleCreekDrEtc_SHB_12.11.2025_LS,SHB,427,9720,162.02,417.8,310.7,26.1,31.4,0.7434,1
EagleCreekDrEtc_SHB_12.11.2025_LS,SHB,427,9721,162.04,414.2,310.4,25.9,31.3,0.7465,1
EagleCreekDrEtc_SHB_12.11.2025_LS,SHB,427,9722,162.05,413.5,310.6,28.6,29.7,0.2296,1
EagleCreekDrEtc_SHB_12.11.2025_LS,SHB,427,9723,162.07,411.6,310.6,28.1,31.1,0.6927,1
EagleCreekDrEtc_SHB_12.11.2025_LS,SHB,427,9724,162.09,408.0,311.5,27.5,31.7,0.7416,1
EagleCreekDrEtc_SHB_12.11.2025_LS,SHB,427,9725,162.1,403.3,311.5,26.6,30.6,0.8068,1
EagleCreekDrEtc_SHB_12.11.2025_LS,SHB,427,9726,162.12,399.8,310.6,27.0,30.9,0.8095,1
EagleCreekDrEtc_SHB_12.11.2025_LS,SHB,427,9727,162.14,396.4,311.7,28.0,31.7,0.8216,1
EagleCreekDrEtc_SHB_12.11.2025_LS,SHB,427,9728,162.15,393.4,311.0,27.4,30.9,0.7714,1
EagleCreekDrEtc_SHB_12.11.2025_LS,SHB,427,9729,162.17,390.3,311.3,26.7,30.7,0.8174,1
EagleCreekDrEtc_SHB_12.11.2025_LS,SHB,427,9730,162.19,387.7,312.8,26.6,31.2,0.8091,1
EagleCreekDrEtc_SHB_12.11.2025_LS,SHB,427,9731,162.2,384.1,312.5,25.4,30.1,0.7872,1
EagleCreekDrEtc_SHB_12.11.2025_LS,SHB,427,9732,162.22,381.1,313.0,25.4,31.9,0.7424,1
EagleCreekDrEtc_SHB_12.11.2025_LS,SHB,427,9733,162.24,376.8,312.9,23.3,29.6,0.6643,1
EagleCreekDrEtc_SHB_12.11.2025_LS,SHB,427,9734,162.25,373.8,313.1,25.1,30.7,0.6092,1
EagleCreekDrEtc_SHB_12.11.2025_LS,SHB,427,9735,162.27,371.2,313.0,27.7,31.6,0.5251,1
EagleCreekDrEtc_SHB_12.11.2025_LS,SHB,427,9739,162.34,360.3,310.5,28.8,33.9,0.7115,1
EagleCreekDrEtc_SHB_12.11.2025_LS,SHB,427,9740,162.35,356.7,309.5,27.2,32.5,0.685,1
EagleCreekDrEtc_SHB_12.11.2025_LS,SHB,427,9742,162.39,348.4,310.7,27.2,32.3,0.7382,1
EagleCreekDrEtc_SHB_12.11.2025_LS,SHB,427,9743,162.4,346.6,312.6,27.0,32.6,0.7822,1
EagleCreekDrEtc_SHB_12.11.2025_LS,SHB,427,9744,162.42,344.1,313.0,27.2,33.4,0.7798,1
EagleCreekDrEtc_SHB_12.11.2025_LS,SHB,427,9745,162.44,340.9,312.2,27.1,33.9,0.7734,1
EagleCreekDrEtc_SHB_12.11.2025_LS,SHB,427,9746,162.45,338.6,313.1,27.4,34.9,0.7889,1
EagleCreekDrEtc_SHB_12.11.2025_LS,SHB,427,9747,162.47,336.3,312.0,27.9,35.0,0.774,1
EagleCreekDrEtc_SHB_12.11.2025_LS,SHB,427,9748,162.49,333.8,312.2,28.5,33.6,0.7273,1
EagleCreekDrEtc_SHB_12.11.2025_LS,SHB,427,9749,162.5,331.9,311.3,28.2,31.4,0.663,1
EagleCreekDrEtc_SHB_12.11.2025_LS,SHB,427,9750,162.52,328.5,311.6,28.0,32.0,0.6983,1
EagleCreekDrEtc_SHB_12.11.2025_LS,SHB,427,9751,162.54,326.2,311.5,27.8,32.0,0.7637,1
EagleCreekDrEtc_SHB_12.11.2025_LS,SHB,427,9752,162.55,322.5,310.5,27.0,31.6,0.7621,1
EagleCreekDrEtc_SHB_12.11.2025_LS,SHB,427,9753,162.57,319.4,310.4,27.1,31.4,0.7551,1
EagleCreekDrEtc_SHB_12.11.2025_LS,SHB,427,9754,162.59,319.0,310.2,26.4,32.1,0.7194,1
EagleCreekDrEtc_SHB_12.11.2025_LS,SHB,427,9755,162.6,315.7,310.0,26.7,32.0,0.7804,1
EagleCreekDrEtc_SHB_12.11.2025_LS,SHB,427,9756,162.62,312.5,310.5,27.8,31.4,0.8346,1
EagleCreekDrEtc_SHB_12.11.2025_LS,SHB,427,9757,162.64,308.2,310.7,27.1,30.4,0.8359,1
EagleCreekDrEtc_SHB_12.11.2025_LS,SHB,427,9758,162.65,305.0,310.7,28.7,32.2,0.748,1
EagleCreekDrEtc_SHB_12.11.2025_LS,SHB,427,9759,162.67,300.6,310.8,29.9,34.1,0.5762,1
EagleCreekDrEtc_SHB_12.11.2025_LS,SHB,427,9761,162.7,295.8,310.3,27.9,30.9,0.5638,1
EagleCreekDrEtc_SHB_12.11.2025_LS,SHB,427,9762,162.72,290.6,309.4,29.5,32.4,0.7562,1
EagleCreekDrEtc_SHB_12.11.2025_LS,SHB,427,9763,162.74,287.7,310.3,29.2,32.9,0.7564,1
EagleCreekDrEtc_SHB_12.11.2025_LS,SHB,427,9764,162.75,287.2,311.2,31.6,34.5,0.6881,1
EagleCreekDrEtc_SHB_12.11.2025_LS,SHB,427,9765,162.77,281.8,311.2,32.2,32.7,0.6464,1
EagleCreekDrEtc_SHB_12.11.2025_LS,SHB,427,9766,162.79,282.3,310.3,33.0,29.0,0.6574,1
EagleCreekDrEtc_SHB_12.11.2025_LS,SHB,427,9767,162.8,281.4,308.9,31.0,29.1,0.5597,1
EagleCreekDrEtc_SHB_12.11.2025_LS,SHB,427,9768,162.82,273.5,309.5,30.1,29.7,0.5589,1
EagleCreekDrEtc_SHB_12.11.2025_LS,SHB,427,9769,162.84,268.8,309.9,29.6,31.1,0.5971,1
EagleCreekDrEtc_SHB_12.11.2025_LS,SHB,427,9770,162.85,265.9,311.1,29.8,30.0,0.654,1
EagleCreekDrEtc_SHB_12.11.2025_LS,SHB,427,9771,162.87,265.1,311.5,31.2,30.0,0.703,1
EagleCreekDrEtc_SHB_12.11.2025_LS,SHB,427,9772,162.89,263.3,312.0,30.8,30.7,0.6723,1
EagleCreekDrEtc_SHB_12.11.2025_LS,SHB,427,9773,162.9,260.6,313.0,30.1,30.6,0.708,1
EagleCreekDrEtc_SHB_12.11.2025_LS,SHB,427,9774,162.92,258.7,312.7,28.8,30.2,0.719,1
EagleCreekDrEtc_SHB_12.11.2025_LS,SHB,427,9775,162.94,256.7,313.3,29.1,30.5,0.7834,1
EagleCreekDrEtc_SHB_12.11.2025_LS,SHB,427,9776,162.95,253.4,314.4,30.5,32.1,0.7836,1
EagleCreekDrEtc_SHB_12.11.2025_LS,SHB,427,9777,162.97,250.7,315.0,31.3,32.9,0.8062,1
EagleCreekDrEtc_SHB_12.11.2025_LS,SHB,427,9778,162.99,245.0,314.7,32.0,33.3,0.7287,1
EagleCreekDrEtc_SHB_12.11.2025_LS,SHB,427,9779,163.0,242.5,315.2,31.1,33.1,0.7287,1
EagleCreekDrEtc_SHB_12.11.2025_LS,SHB,427,9780,163.02,239.1,315.4,33.0,33.9,0.716,1
EagleCreekDrEtc_SHB_12.11.2025_LS,SHB,427,9781,163.04,235.5,313.8,32.8,35.2,0.7681,1
EagleCreekDrEtc_SHB_12.11.2025_LS,SHB,427,9782,163.05,233.2,313.4,30.4,34.0,0.784,1
EagleCreekDrEtc_SHB_12.11.2025_LS,SHB,427,9783,163.07,231.1,311.1,29.5,33.6,0.7949,1
EagleCreekDrEtc_SHB_12.11.2025_LS,SHB,427,9784,163.09,229.3,310.7,29.2,33.7,0.8042,1
EagleCreekDrEtc_SHB_12.11.2025_LS,SHB,427,9785,163.1,226.6,310.7,28.8,33.4,0.778,1
EagleCreekDrEtc_SHB_12.11.2025_LS,SHB,427,9786,163.12,224.3,308.5,29.8,34.8,0.6189,1
EagleCreekDrEtc_SHB_12.11.2025_LS,SHB,427,9787,163.14,223.4,308.7,30.5,32.7,0.2489,1
EagleCreekDrEtc_SHB_12.11.2025_LS,SHB,427,9791,163.2,208.0,303.1,29.4,31.4,0.6976,1
EagleCreekDrEtc_SHB_12.11.2025_LS,SHB,427,9792,163.22,203.5,304.3,30.8,34.3,0.7593,1
EagleCreekDrEtc_SHB_12.11.2025_LS,SHB,427,9793,163.24,201.2,303.3,29.5,33.1,0.7604,1
EagleCreekDrEtc_SHB_12.11.2025_LS,SHB,427,9794,163.25,198.5,303.7,29.4,33.2,0.7855,1
EagleCreekDrEtc_SHB_12.11.2025_LS,SHB,427,9795,163.27,195.6,303.4,28.3,33.7,0.816,1
EagleCreekDrEtc_SHB_12.11.2025_LS,SHB,427,9796,163.29,191.1,302.5,27.3,31.6,0.7678,1
EagleCreekDrEtc_SHB_12.11.2025_LS,SHB,427,9797,163.3,189.3,303.2,27.4,31.8,0.7153,1
EagleCreekDrEtc_SHB_12.11.2025_LS,SHB,427,9798,163.32,186.5,302.9,29.7,33.5,0.6916,1
EagleCreekDrEtc_SHB_12.11.2025_LS,SHB,427,9799,163.34,182.8,302.2,29.6,32.6,0.756,1
EagleCreekDrEtc_SHB_12.11.2025_LS,SHB,427,9800,163.35,180.1,302.6,27.7,31.5,0.7933,1
EagleCreekDrEtc_SHB_12.11.2025_LS,SHB,427,9801,163.37,179.0,303.2,27.9,31.0,0.7615,1
EagleCreekDrEtc_SHB_12.11.2025_LS,SHB,427,9802,163.39,176.3,303.0,28.8,30.5,0.7345,1
EagleCreekDrEtc_SHB_12.11.2025_LS,SHB,427,9803,163.4,172.7,302.7,29.5,32.6,0.7215,1
EagleCreekDrEtc_SHB_12.11.2025_LS,SHB,427,9804,163.42,169.5,302.3,31.3,33.0,0.6927,1
EagleCreekDrEtc_SHB_12.11.2025_LS,SHB,427,9805,163.44,166.7,303.3,30.9,33.4,0.7603,1
EagleCreekDrEtc_SHB_12.11.2025_LS,SHB,427,9806,163.45,163.7,303.7,29.9,32.5,0.7723,1
EagleCreekDrEtc_SHB_12.11.2025_LS,SHB,427,9807,163.47,161.0,305.3,28.8,32.1,0.7936,1
EagleCreekDrEtc_SHB_12.11.2025_LS,SHB,427,9808,163.49,157.4,306.6,29.0,32.5,0.7601,1
EagleCreekDrEtc_SHB_12.11.2025_LS,SHB,427,9809,163.5,154.9,305.4,29.0,31.6,0.7632,1
EagleCreekDrEtc_SHB_12.11.2025_LS,SHB,427,9810,163.52,152.3,306.9,29.3,32.1,0.7569,1
EagleCreekDrEtc_SHB_12.11.2025_LS,SHB,427,9811,163.54,149.2,306.2,29.0,32.6,0.7271,1
EagleCreekDrEtc_SHB_12.11.2025_LS,SHB,427,9812,163.55,146.3,307.2,29.6,33.4,0.8112,1
EagleCreekDrEtc_SHB_12.11.2025_LS,SHB,427,9813,163.57,143.1,307.5,29.5,33.6,0.8047,1
EagleCreekDrEtc_SHB_12.11.2025_LS,SHB,427,9814,163.59,139.2,307.0,29.1,33.7,0.8113,1
EagleCreekDrEtc_SHB_12.11.2025_LS,SHB,427,9815,163.6,137.4,308.7,27.7,32.8,0.793,1
EagleCreekDrEtc_SHB_12.11.2025_LS,SHB,427,9816,163.62,133.4,307.9,27.9,33.0,0.7937,1
EagleCreekDrEtc_SHB_12.11.2025_LS,SHB,427,9817,163.64,130.8,307.1,28.3,32.7,0.7251,1
EagleCreekDrEtc_SHB_12.11.2025_LS,SHB,427,9818,163.65,126.4,307.4,30.5,33.0,0.5039,1
EagleCreekDrEtc_SHB_12.11.2025_LS,SHB,427,9819,163.67,121.2,308.4,32.4,30.5,0.2565,1
EagleCreekDrEtc_SHB_12.11.2025_LS,SHB,427,9820,163.69,121.2,307.0,30.8,32.1,0.6378,1
EagleCreekDrEtc_SHB_12.11.2025_LS,SHB,427,9821,163.7,120.7,307.7,29.4,33.8,0.7658,1
EagleCreekDrEtc_SHB_12.11.2025_LS,SHB,427,9822,163.72,119.0,306.7,29.0,35.4,0.7103,1
EagleCreekDrEtc_SHB_12.11.2025_LS,SHB,427,9823,163.74,117.4,307.1,28.1,35.2,0.7594,1
EagleCreekDrEtc_SHB_12.11.2025_LS,SHB,427,9824,163.75,117.8,306.5,29.6,37.5,0.1193,1
EagleCreekDrEtc_SHB_12.11.2025_LS,SHB,427,9826,163.79,107.7,307.1,28.5,35.5,0.771,1
EagleCreekDrEtc_SHB_12.11.2025_LS,SHB,427,9827,163.8,105.0,306.7,26.7,33.7,0.747,1
EagleCreekDrEtc_SHB_12.11.2025_LS,SHB,427,9828,163.82,102.3,306.8,25.8,32.1,0.7355,1
EagleCreekDrEtc_SHB_12.11.2025_LS,SHB,427,9829,163.84,98.6,305.9,27.4,32.7,0.7577,1
EagleCreekDrEtc_SHB_12.11.2025_LS,SHB,427,9830,163.85,97.0,304.9,26.7,33.0,0.7258,1
EagleCreekDrEtc_SHB_12.11.2025_LS,SHB,427,9831,163.87,92.9,304.8,27.2,33.6,0.7803,1
EagleCreekDrEtc_SHB_12.11.2025_LS,SHB,427,9832,163.89,90.1,305.1,26.7,34.2,0.7785,1
EagleCreekDrEtc_SHB_12.11.2025_LS,SHB,427,9833,163.9,85.9,304.0,27.7,32.5,0.6669,1
EagleCreekDrEtc_SHB_12.11.2025_LS,SHB,427,9834,163.92,83.5,303.8,27.9,31.8,0.1898,1
EagleCreekDrEtc_SHB_12.11.2025_LS,SHB,427,9835,163.94,81.7,303.9,27.7,30.5,0.1873,1
EagleCreekDrEtc_SHB_12.11.2025_LS,SHB,427,9836,163.95,79.3,303.4,29.5,30.6,0.1698,1
EagleCreekDrEtc_SHB_12.11.2025_LS,SHB,427,9837,163.97,76.8,303.0,28.9,30.9,0.6656,1
EagleCreekDrEtc_SHB_12.11.2025_LS,SHB,427,9838,163.99,73.4,303.8,28.2,32.2,0.7219,1
EagleCreekDrEtc_SHB_12.11.2025_LS,SHB,427,9839,164.0,71.0,303.8,27.8,34.1,0.7357,1
EagleCreekDrEtc_SHB_12.11.2025_LS,SHB,427,9840,164.02,66.9,304.5,29.0,34.8,0.7946,1
EagleCreekDrEtc_SHB_12.11.2025_LS,SHB,427,9841,164.04,63.9,305.2,28.9,34.2,0.7997,1
EagleCreekDrEtc_SHB_12.11.2025_LS,SHB,427,9842,164.05,60.8,305.7,29.5,33.1,0.7984,1
EagleCreekDrEtc_SHB_12.11.2025_LS,SHB,427,9843,164.07,58.6,305.7,28.9,32.7,0.7559,1
EagleCreekDrEtc_SHB_12.11.2025_LS,SHB,427,9844,164.09,55.8,306.0,28.3,32.3,0.7633,1
EagleCreekDrEtc_SHB_12.11.2025_LS,SHB,427,9845,164.1,53.4,306.2,25.3,33.3,0.7642,1
EagleCreekDrEtc_SHB_12.11.2025_LS,SHB,427,9846,164.12,51.3,306.1,24.6,33.5,0.7196,1
EagleCreekDrEtc_SHB_12.11.2025_LS,SHB,427,9847,164.14,47.2,307.3,24.8,34.1,0.6922,1
EagleCreekDrEtc_SHB_12.11.2025_LS,SHB,427,9848,164.15,49.3,307.6,22.4,35.0,0.5209,1
EagleCreekDrEtc_SHB_12.11.2025_LS,SHB,427,9849,164.17,44.1,308.0,26.5,32.8,0.1133,1
EagleCreekDrEtc_SHB_12.11.2025_LS,SHB,430,9682,161.39,160.9,275.4,29.5,22.9,0.6407,1
EagleCreekDrEtc_SHB_12.11.2025_LS,SHB,430,9683,161.4,159.1,276.8,29.8,22.8,0.4439,1
EagleCreekDrEtc_SHB_12.11.2025_LS,SHB,430,9684,161.42,157.9,278.2,30.1,22.5,0.5685,1
EagleCreekDrEtc_SHB_12.11.2025_LS,SHB,430,9685,161.44,157.0,279.4,30.2,21.5,0.551,1
EagleCreekDrEtc_SHB_12.11.2025_LS,SHB,430,9686,161.45,158.0,280.5,31.4,22.4,0.5973,1
EagleCreekDrEtc_SHB_12.11.2025_LS,SHB,430,9687,161.47,155.6,281.2,30.7,22.6,0.5099,1
EagleCreekDrEtc_SHB_12.11.2025_LS,SHB,430,9688,161.49,153.7,280.4,30.1,22.7,0.4792,1
EagleCreekDrEtc_SHB_12.11.2025_LS,SHB,430,9689,161.5,152.4,282.8,29.4,21.9,0.5218,1
EagleCreekDrEtc_SHB_12.11.2025_LS,SHB,430,9690,161.52,151.1,283.7,28.6,21.8,0.5738,1
EagleCreekDrEtc_SHB_12.11.2025_LS,SHB,430,9691,161.54,146.3,284.7,28.1,22.1,0.5444,1
EagleCreekDrEtc_SHB_12.11.2025_LS,SHB,430,9692,161.55,145.3,285.3,27.1,21.9,0.6484,1
EagleCreekDrEtc_SHB_12.11.2025_LS,SHB,430,9693,161.57,142.6,285.9,27.9,22.2,0.6437,1
EagleCreekDrEtc_SHB_12.11.2025_LS,SHB,430,9694,161.59,141.9,286.8,28.7,22.6,0.4851,1
EagleCreekDrEtc_SHB_12.11.2025_LS,SHB,430,9695,161.6,140.9,287.3,29.3,22.7,0.5922,1
EagleCreekDrEtc_SHB_12.11.2025_LS,SHB,430,9696,161.62,140.2,287.3,29.7,23.0,0.5433,1
EagleCreekDrEtc_SHB_12.11.2025_LS,SHB,430,9697,161.64,141.3,288.8,30.8,23.4,0.5007,1
EagleCreekDrEtc_SHB_12.11.2025_LS,SHB,430,9698,161.65,140.6,290.0,30.7,23.1,0.5297,1
EagleCreekDrEtc_SHB_12.11.2025_LS,SHB,430,9699,161.67,140.0,291.1,30.0,22.5,0.3954,1
EagleCreekDrEtc_SHB_12.11.2025_LS,SHB,430,9700,161.69,140.5,291.6,30.0,22.3,0.6772,1
EagleCreekDrEtc_SHB_12.11.2025_LS,SHB,430,9701,161.7,139.6,291.7,30.8,22.7,0.6487,1
EagleCreekDrEtc_SHB_12.11.2025_LS,SHB,430,9702,161.72,139.8,292.0,30.1,22.3,0.6284,1
EagleCreekDrEtc_SHB_12.11.2025_LS,SHB,430,9703,161.74,137.7,293.1,30.4,22.7,0.6107,1
EagleCreekDrEtc_SHB_12.11.2025_LS,SHB,430,9704,161.75,136.0,294.7,30.3,22.6,0.6734,1
EagleCreekDrEtc_SHB_12.11.2025_LS,SHB,430,9705,161.77,134.5,296.5,30.1,22.9,0.6491,1
EagleCreekDrEtc_SHB_12.11.2025_LS,SHB,430,9706,161.79,135.1,297.3,28.8,22.3,0.6992,1
EagleCreekDrEtc_SHB_12.11.2025_LS,SHB,430,9707,161.8,134.6,298.3,28.3,22.0,0.7261,1
EagleCreekDrEtc_SHB_12.11.2025_LS,SHB,430,9708,161.82,132.2,298.5,28.5,22.3,0.6991,1
EagleCreekDrEtc_SHB_12.11.2025_LS,SHB,430,9709,161.84,130.2,298.4,28.6,22.0,0.6806,1
EagleCreekDrEtc_SHB_12.11.2025_LS,SHB,430,9710,161.85,123.3,298.6,30.8,22.4,0.5617,1
EagleCreekDrEtc_SHB_12.11.2025_LS,SHB,430,9711,161.87,120.8,299.3,29.8,21.4,0.4772,1
EagleCreekDrEtc_SHB_12.11.2025_LS,SHB,430,9712,161.89,116.2,301.5,28.1,20.9,0.3669,1
EagleCreekDrEtc_SHB_12.11.2025_LS,SHB,430,9713,161.9,110.3,302.4,28.4,21.1,0.113,1
EagleCreekDrEtc_SHB_12.11.2025_LS,SHB,434,9722,162.05,114.7,301.0,32.3,24.5,0.6632,1
EagleCreekDrEtc_SHB_12.11.2025_LS,SHB,434,9723,162.07,113.5,299.7,31.8,24.3,0.6651,1
EagleCreekDrEtc_SHB_12.11.2025_LS,SHB,434,9724,162.09,110.9,301.3,35.1,24.7,0.7316,1
EagleCreekDrEtc_SHB_12.11.2025_LS,SHB,434,9725,162.1,110.2,302.4,34.8,24.6,0.7653,1
EagleCreekDrEtc_SHB_12.11.2025_LS,SHB,434,9726,162.12,109.1,301.9,37.1,26.1,0.7646,1
EagleCreekDrEtc_SHB_12.11.2025_LS,SHB,434,9727,162.14,107.5,301.8,37.4,26.0,0.7717,1
EagleCreekDrEtc_SHB_12.11.2025_LS,SHB,434,9728,162.15,106.6,301.2,35.6,25.4,0.7443,1
EagleCreekDrEtc_SHB_12.11.2025_LS,SHB,434,9729,162.17,105.6,301.2,37.2,26.7,0.7686,1
EagleCreekDrEtc_SHB_12.11.2025_LS,SHB,434,9730,162.19,104.8,301.2,38.4,26.3,0.7565,1
EagleCreekDrEtc_SHB_12.11.2025_LS,SHB,434,9731,162.2,104.3,301.0,38.6,25.5,0.76,1
EagleCreekDrEtc_SHB_12.11.2025_LS,SHB,434,9732,162.22,103.4,301.9,37.9,25.9,0.7769,1
EagleCreekDrEtc_SHB_12.11.2025_LS,SHB,434,9733,162.24,101.9,302.3,37.3,25.6,0.7008,1
EagleCreekDrEtc_SHB_12.11.2025_LS,SHB,434,9734,162.25,101.4,301.5,38.0,25.1,0.743,1
EagleCreekDrEtc_SHB_12.11.2025_LS,SHB,434,9735,162.27,100.3,301.8,36.8,24.8,0.7639,1
EagleCreekDrEtc_SHB_12.11.2025_LS,SHB,434,9736,162.29,99.2,302.1,37.0,24.8,0.7549,1
EagleCreekDrEtc_SHB_12.11.2025_LS,SHB,434,9737,162.3,97.8,302.0,38.3,25.6,0.7558,1
EagleCreekDrEtc_SHB_12.11.2025_LS,SHB,434,9738,162.32,98.0,302.3,38.3,25.2,0.7502,1
EagleCreekDrEtc_SHB_12.11.2025_LS,SHB,434,9739,162.34,96.8,301.9,38.4,24.8,0.7542,1
EagleCreekDrEtc_SHB_12.11.2025_LS,SHB,434,9740,162.35,95.0,301.5,36.1,23.9,0.7729,1
EagleCreekDrEtc_SHB_12.11.2025_LS,SHB,434,9741,162.37,94.6,302.3,36.3,24.6,0.797,1
EagleCreekDrEtc_SHB_12.11.2025_LS,SHB,434,9742,162.39,93.4,301.3,36.8,25.5,0.7741,1
EagleCreekDrEtc_SHB_12.11.2025_LS,SHB,434,9743,162.4,92.4,301.7,36.3,25.7,0.7808,1
EagleCreekDrEtc_SHB_12.11.2025_LS,SHB,434,9744,162.42,90.0,302.3,35.4,26.0,0.7612,1
EagleCreekDrEtc_SHB_12.11.2025_LS,SHB,434,9745,162.44,89.7,301.7,36.7,25.1,0.7336,1
EagleCreekDrEtc_SHB_12.11.2025_LS,SHB,434,9746,162.45,88.9,302.0,37.1,25.0,0.7807,1
EagleCreekDrEtc_SHB_12.11.2025_LS,SHB,434,9747,162.47,86.5,301.8,36.0,24.5,0.7739,1
EagleCreekDrEtc_SHB_12.11.2025_LS,SHB,434,9748,162.49,84.8,301.6,37.7,24.9,0.7445,1
EagleCreekDrEtc_SHB_12.11.2025_LS,SHB,434,9749,162.5,84.9,300.8,37.7,24.7,0.7365,1
EagleCreekDrEtc_SHB_12.11.2025_LS,SHB,434,9750,162.52,83.8,299.9,37.2,24.7,0.7537,1
EagleCreekDrEtc_SHB_12.11.2025_LS,SHB,434,9751,162.54,84.1,300.3,36.2,24.3,0.6907,1
EagleCreekDrEtc_SHB_12.11.2025_LS,SHB,434,9752,162.55,83.5,299.3,35.6,24.7,0.6909,1
EagleCreekDrEtc_SHB_12.11.2025_LS,SHB,434,9753,162.57,81.0,298.4,37.4,24.7,0.748,1
EagleCreekDrEtc_SHB_12.11.2025_LS,SHB,434,9754,162.59,78.5,298.5,37.9,24.1,0.7177,1
EagleCreekDrEtc_SHB_12.11.2025_LS,SHB,434,9755,162.6,76.2,297.7,36.9,24.4,0.7376,1
EagleCreekDrEtc_SHB_12.11.2025_LS,SHB,434,9756,162.62,74.9,297.6,35.3,24.6,0.7061,1
EagleCreekDrEtc_SHB_12.11.2025_LS,SHB,434,9757,162.64,73.9,297.3,35.4,24.4,0.7294,1
EagleCreekDrEtc_SHB_12.11.2025_LS,SHB,434,9758,162.65,72.7,297.0,36.6,24.7,0.5951,1
EagleCreekDrEtc_SHB_12.11.2025_LS,SHB,434,9759,162.67,71.8,296.2,37.8,24.0,0.618,1
EagleCreekDrEtc_SHB_12.11.2025_LS,SHB,434,9760,162.69,71.1,297.5,37.1,24.6,0.5228,1
EagleCreekDrEtc_SHB_12.11.2025_LS,SHB,434,9761,162.7,68.2,299.0,37.2,24.2,0.5588,1
EagleCreekDrEtc_SHB_12.11.2025_LS,SHB,434,9762,162.72,64.1,299.3,35.3,22.9,0.4014,1
EagleCreekDrEtc_SHB_12.11.2025_LS,SHB,434,9763,162.74,61.5,300.1,34.6,22.7,0.1057,1
EagleCreekDrEtc_SHB_12.11.2025_LS,SHB,434,9764,162.75,59.8,300.0,34.1,22.5,0.4089,1
EagleCreekDrEtc_SHB_12.11.2025_LS,SHB,434,9765,162.77,57.0,299.8,36.0,22.9,0.2764,1
EagleCreekDrEtc_SHB_12.11.2025_LS,SHB,434,9766,162.79,58.1,298.7,37.6,23.2,0.4081,1
EagleCreekDrEtc_SHB_12.11.2025_LS,SHB,434,9767,162.8,61.4,297.5,37.1,24.3,0.4043,1
EagleCreekDrEtc_SHB_12.11.2025_LS,SHB,434,9768,162.82,59.0,296.6,41.5,25.0,0.5468,1
EagleCreekDrEtc_SHB_12.11.2025_LS,SHB,434,9769,162.84,58.2,296.2,38.7,25.2,0.5386,1
EagleCreekDrEtc_SHB_12.11.2025_LS,SHB,434,9770,162.85,59.8,297.6,36.1,26.3,0.4991,1
EagleCreekDrEtc_SHB_12.11.2025_LS,SHB,434,9772,162.89,58.3,297.7,37.4,23.8,0.5722,1
EagleCreekDrEtc_SHB_12.11.2025_LS,SHB,434,9773,162.9,58.3,296.8,37.4,22.6,0.4439,1
EagleCreekDrEtc_SHB_12.11.2025_LS,SHB,434,9774,162.92,52.6,298.8,39.9,24.7,0.2268,1
EagleCreekDrEtc_SHB_12.11.2025_LS,SHB,434,9775,162.94,54.9,298.7,36.7,24.0,0.4387,1
EagleCreekDrEtc_SHB_12.11.2025_LS,SHB,434,9779,163.0,46.5,299.9,40.1,22.6,0.5138,1
EagleCreekDrEtc_SHB_12.11.2025_LS,SHB,434,9780,163.02,40.8,301.4,38.5,22.4,0.4424,1
EagleCreekDrEtc_SHB_12.11.2025_LS,SHB,434,9781,163.04,37.0,300.2,40.3,23.3,0.2372,1
EagleCreekDrEtc_SHB_12.11.2025_LS,SHB,434,9783,163.07,40.5,296.6,39.1,21.7,0.3969,1
EagleCreekDrEtc_SHB_12.11.2025_LS,SHB,434,9784,163.09,38.5,294.7,43.2,23.1,0.539,1
EagleCreekDrEtc_SHB_12.11.2025_LS,SHB,434,9785,163.1,40.6,293.7,43.7,25.0,0.2241,1
EagleCreekDrEtc_SHB_12.11.2025_LS,SHB,434,9786,163.12,41.1,290.4,45.0,27.1,0.1676,1
EagleCreekDrEtc_SHB_12.11.2025_LS,SHB,434,9787,163.14,38.7,290.7,42.0,27.6,0.4826,1
EagleCreekDrEtc_SHB_12.11.2025_LS,SHB,434,9788,163.15,36.1,291.2,39.0,27.8,0.5625,1
EagleCreekDrEtc_SHB_12.11.2025_LS,SHB,434,9789,163.17,33.3,291.5,36.8,27.1,0.4607,1
EagleCreekDrEtc_SHB_12.11.2025_LS,SHB,434,9795,163.27,26.2,286.8,39.9,22.9,0.3896,1
EagleCreekDrEtc_SHB_12.11.2025_LS,SHB,434,9801,163.37,22.2,283.8,33.5,26.5,0.366,1
EagleCreekDrEtc_SHB_12.11.2025_LS,SHB,434,9802,163.39,21.2,281.7,33.3,26.1,0.3864,1
EagleCreekDrEtc_SHB_12.11.2025_LS,SHB,434,9803,163.4,20.0,281.7,33.6,24.0,0.1552,1
EagleCreekDrEtc_SHB_12.11.2025_LS,SHB,434,9806,163.45,18.4,283.8,32.5,22.6,0.4369,1
EagleCreekDrEtc_SHB_12.11.2025_LS,SHB,434,9807,163.47,18.0,285.1,30.6,21.8,0.1526,1
EagleCreekDrEtc_SHB_12.11.2025_LS,SHB,434,9808,163.49,18.3,285.2,28.8,20.5,0.1927,1
EagleCreekDrEtc_SHB_12.11.2025_LS,SHB,434,9811,163.54,18.3,283.1,30.6,22.1,0.3088,1
EagleCreekDrEtc_SHB_12.11.2025_LS,SHB,442,9860,164.35,16.4,304.3,19.9,28.9,0.3924,0
EagleCreekDrEtc_SHB_12.11.2025_LS,SHB,442,9861,164.37,11.3,307.1,20.4,32.0,0.2977,0
EagleCreekDrEtc_SHB_12.11.2025_LS,SHB,442,9862,164.39,8.2,308.5,16.5,32.1,0.5295,0
EagleCreekDrEtc_SHB_12.11.2025_LS,SHB,442,9863,164.4,5.6,308.2,11.2,35.8,0.3783,0
EagleCreekDrEtc_SHB_12.11.2025_LS,SHB,445,9868,164.49,592.9,308.8,23.5,32.1,0.458,1
EagleCreekDrEtc_SHB_12.11.2025_LS,SHB,445,9869,164.5,588.0,308.4,30.0,34.4,0.3536,1
EagleCreekDrEtc_SHB_12.11.2025_LS,SHB,445,9870,164.52,589.4,307.9,30.1,34.9,0.1307,1
EagleCreekDrEtc_SHB_12.11.2025_LS,SHB,445,9871,164.54,588.3,309.3,32.7,33.9,0.2165,1
EagleCreekDrEtc_SHB_12.11.2025_LS,SHB,445,9872,164.55,588.7,311.8,41.4,35.8,0.3689,1
EagleCreekDrEtc_SHB_12.11.2025_LS,SHB,445,9873,164.57,585.7,312.5,46.5,36.3,0.3823,1
EagleCreekDrEtc_SHB_12.11.2025_LS,SHB,445,9874,164.59,581.8,314.8,48.3,35.2,0.6365,1
EagleCreekDrEtc_SHB_12.11.2025_LS,SHB,445,9875,164.6,579.3,314.1,47.8,33.9,0.6636,1
EagleCreekDrEtc_SHB_12.11.2025_LS,SHB,445,9876,164.62,576.3,314.3,49.4,34.4,0.7033,1
EagleCreekDrEtc_SHB_12.11.2025_LS,SHB,445,9877,164.64,561.8,313.0,44.7,32.1,0.5363,1
EagleCreekDrEtc_SHB_12.11.2025_LS,SHB,445,9878,164.65,563.0,313.1,48.3,32.0,0.5286,1
EagleCreekDrEtc_SHB_12.11.2025_LS,SHB,445,9879,164.67,562.2,315.8,45.3,30.1,0.7382,1
EagleCreekDrEtc_SHB_12.11.2025_LS,SHB,445,9880,164.69,560.8,316.1,44.9,30.4,0.6945,1
EagleCreekDrEtc_SHB_12.11.2025_LS,SHB,445,9881,164.7,558.5,317.3,46.0,31.7,0.6967,1
EagleCreekDrEtc_SHB_12.11.2025_LS,SHB,445,9882,164.72,554.9,317.9,47.6,32.2,0.508,1
EagleCreekDrEtc_SHB_12.11.2025_LS,SHB,445,9883,164.74,552.8,318.5,45.0,31.8,0.6714,1
EagleCreekDrEtc_SHB_12.11.2025_LS,SHB,445,9884,164.75,552.6,317.5,42.3,29.6,0.6296,1
EagleCreekDrEtc_SHB_12.11.2025_LS,SHB,445,9885,164.77,550.5,317.5,39.3,27.4,0.6788,1
EagleCreekDrEtc_SHB_12.11.2025_LS,SHB,445,9886,164.79,546.7,316.6,39.2,28.2,0.6166,1
EagleCreekDrEtc_SHB_12.11.2025_LS,SHB,445,9887,164.8,544.8,315.4,40.5,30.5,0.4027,1
EagleCreekDrEtc_SHB_12.11.2025_LS,SHB,445,9888,164.82,540.5,316.3,42.9,30.5,0.2244,1
EagleCreekDrEtc_SHB_12.11.2025_LS,SHB,445,9889,164.84,537.2,317.2,44.4,31.1,0.6207,1
EagleCreekDrEtc_SHB_12.11.2025_LS,SHB,445,9890,164.85,533.3,317.2,45.9,31.8,0.6283,1
EagleCreekDrEtc_SHB_12.11.2025_LS,SHB,445,9891,164.87,526.7,318.2,47.5,31.9,0.6378,1
EagleCreekDrEtc_SHB_12.11.2025_LS,SHB,445,9892,164.89,526.0,318.2,46.2,32.0,0.6786,1
EagleCreekDrEtc_SHB_12.11.2025_LS,SHB,445,9893,164.9,524.9,318.0,46.0,34.4,0.7011,1
EagleCreekDrEtc_SHB_12.11.2025_LS,SHB,445,9894,164.92,522.9,317.2,47.7,33.9,0.6657,1
EagleCreekDrEtc_SHB_12.11.2025_LS,SHB,445,9895,164.94,521.1,317.8,46.3,34.3,0.6647,1
EagleCreekDrEtc_SHB_12.11.2025_LS,SHB,445,9896,164.95,519.4,316.8,45.0,36.8,0.2473,1
EagleCreekDrEtc_SHB_12.11.2025_LS,SHB,445,9897,164.97,516.5,315.5,46.7,35.7,0.3969,1
EagleCreekDrEtc_SHB_12.11.2025_LS,SHB,445,9898,164.99,515.7,315.4,46.3,33.6,0.5991,1
EagleCreekDrEtc_SHB_12.11.2025_LS,SHB,445,9899,165.0,513.9,315.2,44.9,31.7,0.278,1
EagleCreekDrEtc_SHB_12.11.2025_LS,SHB,445,9901,165.04,513.4,319.2,42.1,31.2,0.5385,1
EagleCreekDrEtc_SHB_12.11.2025_LS,SHB,445,9902,165.05,513.6,319.8,39.3,31.5,0.1285,1
EagleCreekDrEtc_SHB_12.11.2025_LS,SHB,445,9903,165.07,508.9,318.9,40.7,32.6,0.2142,1
EagleCreekDrEtc_SHB_12.11.2025_LS,SHB,445,9904,165.09,506.8,319.0,40.1,32.3,0.6273,1
EagleCreekDrEtc_SHB_12.11.2025_LS,SHB,445,9905,165.1,501.1,318.2,40.4,31.7,0.3936,1
EagleCreekDrEtc_SHB_12.11.2025_LS,SHB,445,9906,165.12,493.1,317.7,42.7,32.8,0.5647,1
EagleCreekDrEtc_SHB_12.11.2025_LS,SHB,445,9907,165.14,487.0,316.5,44.5,33.5,0.488,1
EagleCreekDrEtc_SHB_12.11.2025_LS,SHB,445,9908,165.15,484.6,317.2,44.1,33.5,0.601,1
EagleCreekDrEtc_SHB_12.11.2025_LS,SHB,445,9909,165.17,479.2,316.8,43.1,31.9,0.6735,1
EagleCreekDrEtc_SHB_12.11.2025_LS,SHB,445,9910,165.19,476.3,317.3,44.5,32.0,0.6089,1
EagleCreekDrEtc_SHB_12.11.2025_LS,SHB,445,9911,165.2,475.8,315.8,45.2,32.7,0.466,1
EagleCreekDrEtc_SHB_12.11.2025_LS,SHB,445,9912,165.22,472.6,315.6,46.8,33.6,0.6307,1
EagleCreekDrEtc_SHB_12.11.2025_LS,SHB,445,9913,165.24,468.3,315.9,45.9,33.1,0.5453,1
EagleCreekDrEtc_SHB_12.11.2025_LS,SHB,445,9914,165.25,468.1,317.8,44.1,30.3,0.4713,1
EagleCreekDrEtc_SHB_12.11.2025_LS,SHB,445,9915,165.27,465.5,315.0,43.8,30.6,0.1352,1
EagleCreekDrEtc_SHB_12.11.2025_LS,SHB,445,9916,165.29,459.3,314.3,45.1,31.8,0.5914,1
EagleCreekDrEtc_SHB_12.11.2025_LS,SHB,445,9920,165.35,440.4,314.7,44.3,30.8,0.3922,1
EagleCreekDrEtc_SHB_12.11.2025_LS,SHB,445,9936,165.62,396.2,304.9,43.5,32.4,0.4112,1
EagleCreekDrEtc_SHB_12.11.2025_LS,SHB,445,9937,165.64,395.5,304.6,44.5,32.9,0.5005,1
EagleCreekDrEtc_SHB_12.11.2025_LS,SHB,445,9938,165.65,390.2,305.4,44.9,31.5,0.1469,1
EagleCreekDrEtc_SHB_12.11.2025_LS,SHB,445,9939,165.67,387.3,304.8,46.3,31.7,0.129,1
EagleCreekDrEtc_SHB_12.11.2025_LS,SHB,445,9949,165.84,365.5,301.5,45.7,32.1,0.6399,1
EagleCreekDrEtc_SHB_12.11.2025_LS,SHB,445,9950,165.85,364.1,301.5,49.2,33.1,0.7469,1
EagleCreekDrEtc_SHB_12.11.2025_LS,SHB,445,9951,165.87,362.4,302.2,48.2,32.2,0.744,1
EagleCreekDrEtc_SHB_12.11.2025_LS,SHB,445,9952,165.89,362.3,302.5,49.1,36.9,0.1849,1
EagleCreekDrEtc_SHB_12.11.2025_LS,SHB,447,9890,164.85,605.9,320.5,39.6,33.6,0.6315,1
EagleCreekDrEtc_SHB_12.11.2025_LS,SHB,447,9917,165.3,459.5,315.3,42.4,31.0,0.5764,1
EagleCreekDrEtc_SHB_12.11.2025_LS,SHB,447,9918,165.32,456.2,315.7,42.6,31.0,0.4677,1
EagleCreekDrEtc_SHB_12.11.2025_LS,SHB,447,9919,165.34,455.0,316.6,41.8,30.4,0.4926,1
EagleCreekDrEtc_SHB_12.11.2025_LS,SHB,447,9920,165.35,453.7,316.4,42.8,29.8,0.5232,1
EagleCreekDrEtc_SHB_12.11.2025_LS,SHB,447,9921,165.37,450.7,314.3,43.2,29.9,0.6805,1
EagleCreekDrEtc_SHB_12.11.2025_LS,SHB,447,9922,165.39,448.9,313.5,43.4,30.1,0.7352,1
EagleCreekDrEtc_SHB_12.11.2025_LS,SHB,447,9923,165.4,447.9,313.6,43.7,30.7,0.6737,1
EagleCreekDrEtc_SHB_12.11.2025_LS,SHB,447,9924,165.42,445.5,313.9,41.4,30.3,0.7032,1
EagleCreekDrEtc_SHB_12.11.2025_LS,SHB,447,9925,165.44,440.7,314.3,41.6,30.6,0.6265,1
EagleCreekDrEtc_SHB_12.11.2025_LS,SHB,447,9926,165.45,437.9,313.2,42.8,31.4,0.6063,1
EagleCreekDrEtc_SHB_12.11.2025_LS,SHB,447,9927,165.47,433.1,312.8,44.7,32.7,0.541,1
EagleCreekDrEtc_SHB_12.11.2025_LS,SHB,447,9928,165.49,431.8,311.4,44.2,32.1,0.6742,1
EagleCreekDrEtc_SHB_12.11.2025_LS,SHB,447,9929,165.5,430.0,309.8,43.3,31.8,0.6815,1
EagleCreekDrEtc_SHB_12.11.2025_LS,SHB,447,9930,165.52,428.2,309.8,44.4,32.1,0.5987,1
EagleCreekDrEtc_SHB_12.11.2025_LS,SHB,447,9931,165.54,426.8,308.6,45.0,32.0,0.6169,1
EagleCreekDrEtc_SHB_12.11.2025_LS,SHB,447,9932,165.55,425.2,308.8,46.0,32.4,0.6013,1
EagleCreekDrEtc_SHB_12.11.2025_LS,SHB,447,9933,165.57,426.8,308.7,44.4,31.3,0.5484,1
EagleCreekDrEtc_SHB_12.11.2025_LS,SHB,447,9934,165.59,417.5,308.4,44.2,31.0,0.6857,1
EagleCreekDrEtc_SHB_12.11.2025_LS,SHB,447,9935,165.6,412.2,307.4,44.1,31.7,0.3229,1
EagleCreekDrEtc_SHB_12.11.2025_LS,SHB,447,9936,165.62,409.2,307.0,43.6,31.5,0.2691,1
EagleCreekDrEtc_SHB_12.11.2025_LS,SHB,447,9938,165.65,403.5,306.7,41.9,30.8,0.4587,1
EagleCreekDrEtc_SHB_12.11.2025_LS,SHB,447,9939,165.67,402.0,305.6,41.7,31.4,0.4752,1
EagleCreekDrEtc_SHB_12.11.2025_LS,SHB,447,9940,165.69,400.1,305.3,44.0,32.1,0.5525,1
EagleCreekDrEtc_SHB_12.11.2025_LS,SHB,447,9941,165.7,397.0,304.6,45.2,33.1,0.5211,1
EagleCreekDrEtc_SHB_12.11.2025_LS,SHB,447,9942,165.72,395.6,304.6,43.9,32.4,0.4716,1
EagleCreekDrEtc_SHB_12.11.2025_LS,SHB,447,9943,165.74,393.7,304.7,42.4,31.9,0.3563,1
EagleCreekDrEtc_SHB_12.11.2025_LS,SHB,447,9944,165.75,389.4,304.4,42.3,32.5,0.482,1
EagleCreekDrEtc_SHB_12.11.2025_LS,SHB,447,9945,165.77,381.1,304.2,43.1,32.4,0.3614,1
EagleCreekDrEtc_SHB_12.11.2025_LS,SHB,447,9946,165.79,384.7,301.8,44.7,31.2,0.6261,1
EagleCreekDrEtc_SHB_12.11.2025_LS,SHB,447,9947,165.8,381.0,302.6,45.0,31.1,0.278,1
EagleCreekDrEtc_SHB_12.11.2025_LS,SHB,447,9948,165.82,375.1,301.9,45.7,32.2,0.4954,1
EagleCreekDrEtc_SHB_12.11.2025_LS,SHB,447,9960,166.02,327.2,303.1,40.8,31.3,0.6423,1
EagleCreekDrEtc_SHB_12.11.2025_LS,SHB,447,9961,166.04,326.8,302.9,42.2,32.3,0.6078,1
EagleCreekDrEtc_SHB_12.11.2025_LS,SHB,447,9962,166.05,322.6,301.9,39.7,32.5,0.1867,1
EagleCreekDrEtc_SHB_12.11.2025_LS,SHB,447,9964,166.09,321.7,300.7,44.3,34.1,0.4062,1
EagleCreekDrEtc_SHB_12.11.2025_LS,SHB,447,9965,166.1,321.3,302.0,46.3,33.0,0.4742,1
EagleCreekDrEtc_SHB_12.11.2025_LS,SHB,447,9966,166.12,317.0,300.8,45.4,32.0,0.3101,1
EagleCreekDrEtc_SHB_12.11.2025_LS,SHB,447,9967,166.14,311.4,302.0,49.0,35.0,0.1211,1
EagleCreekDrEtc_SHB_12.11.2025_LS,SHB,473,10293,171.57,376.8,362.5,27.6,20.3,0.4883,0
EagleCreekDrEtc_SHB_12.11.2025_LS,SHB,473,10294,171.59,372.5,362.5,27.5,21.0,0.5746,0
EagleCreekDrEtc_SHB_12.11.2025_LS,SHB,473,10295,171.61,368.2,361.8,27.9,22.4,0.2415,0
EagleCreekDrEtc_SHB_12.11.2025_LS,SHB,473,10297,171.64,365.6,360.8,26.5,21.9,0.3925,0
EagleCreekDrEtc_SHB_12.11.2025_LS,SHB,478,10316,171.96,307.8,354.9,24.6,19.8,0.4103,0
EagleCreekDrEtc_SHB_12.11.2025_LS,SHB,478,10317,171.97,305.7,355.3,24.8,19.8,0.2704,0
EagleCreekDrEtc_SHB_12.11.2025_LS,SHB,478,10318,171.99,304.2,355.8,24.1,18.2,0.6351,0
EagleCreekDrEtc_SHB_12.11.2025_LS,SHB,478,10319,172.01,301.9,355.9,25.3,18.1,0.5627,0
EagleCreekDrEtc_SHB_12.11.2025_LS,SHB,478,10320,172.02,299.7,355.8,23.0,17.9,0.5103,0
EagleCreekDrEtc_SHB_12.11.2025_LS,SHB,478,10321,172.04,296.7,357.0,23.6,18.1,0.5762,0
EagleCreekDrEtc_SHB_12.11.2025_LS,SHB,478,10322,172.06,294.1,357.3,23.6,18.0,0.602,0
EagleCreekDrEtc_SHB_12.11.2025_LS,SHB,478,10323,172.07,293.8,357.4,24.6,18.9,0.5887,0
EagleCreekDrEtc_SHB_12.11.2025_LS,SHB,478,10324,172.09,292.2,356.8,26.3,20.1,0.5835,0
EagleCreekDrEtc_SHB_12.11.2025_LS,SHB,478,10325,172.11,288.7,356.0,25.4,20.8,0.554,0
EagleCreekDrEtc_SHB_12.11.2025_LS,SHB,478,10326,172.12,286.8,356.0,26.3,21.2,0.4609,0
EagleCreekDrEtc_SHB_12.11.2025_LS,SHB,478,10327,172.14,284.2,355.7,25.8,21.3,0.6802,0
EagleCreekDrEtc_SHB_12.11.2025_LS,SHB,478,10328,172.16,280.9,354.5,25.9,21.5,0.7204,0
EagleCreekDrEtc_SHB_12.11.2025_LS,SHB,478,10329,172.17,278.5,354.3,24.8,20.8,0.7059,0
EagleCreekDrEtc_SHB_12.11.2025_LS,SHB,478,10330,172.19,275.1,354.9,23.6,20.4,0.6375,0
EagleCreekDrEtc_SHB_12.11.2025_LS,SHB,478,10331,172.21,270.6,355.4,23.8,21.3,0.4707,0
EagleCreekDrEtc_SHB_12.11.2025_LS,SHB,481,10368,172.82,493.1,390.8,45.2,41.4,0.5977,0
EagleCreekDrEtc_SHB_12.11.2025_LS,SHB,481,10369,172.84,479.8,391.0,46.7,42.3,0.5481,0
EagleCreekDrEtc_SHB_12.11.2025_LS,SHB,481,10370,172.86,464.6,393.7,40.9,39.5,0.5994,0
EagleCreekDrEtc_SHB_12.11.2025_LS,SHB,481,10371,172.87,446.2,394.4,42.5,39.3,0.6625,0
EagleCreekDrEtc_SHB_12.11.2025_LS,SHB,481,10372,172.89,431.6,394.5,44.5,39.6,0.496,0
EagleCreekDrEtc_SHB_12.11.2025_LS,SHB,481,10373,172.91,413.5,394.9,44.8,41.7,0.2462,0
EagleCreekDrEtc_SHB_12.11.2025_LS,SHB,481,10377,172.97,351.8,394.4,46.8,42.8,0.5306,0
EagleCreekDrEtc_SHB_12.11.2025_LS,SHB,494,11658,194.32,338.5,325.5,53.7,37.2,0.3323,0
EagleCreekDrEtc_SHB_12.11.2025_LS,SHB,494,11660,194.36,330.5,328.1,51.3,36.2,0.4168,0
EagleCreekDrEtc_SHB_12.11.2025_LS,SHB,494,11661,194.37,329.1,329.4,51.1,34.4,0.1957,0
EagleCreekDrEtc_SHB_12.11.2025_LS,SHB,494,11662,194.39,328.0,330.1,50.5,33.6,0.1752,0
EagleCreekDrEtc_SHB_12.11.2025_LS,SHB,494,11663,194.41,323.8,329.3,52.2,34.6,0.1317,0
EagleCreekDrEtc_SHB_12.11.2025_LS,SHB,502,11697,194.97,240.2,329.5,32.1,25.4,0.4051,0
EagleCreekDrEtc_SHB_12.11.2025_LS,SHB,502,11698,194.99,239.7,331.9,29.9,25.4,0.2694,0
EagleCreekDrEtc_SHB_12.11.2025_LS,SHB,502,11699,195.01,240.4,331.9,27.6,23.5,0.1163,0
EagleCreekDrEtc_SHB_12.11.2025_LS,SHB,508,11821,197.04,590.6,270.8,23.4,21.8,0.6148,0
EagleCreekDrEtc_SHB_12.11.2025_LS,SHB,508,11822,197.06,592.8,271.2,23.0,21.7,0.6218,0
EagleCreekDrEtc_SHB_12.11.2025_LS,SHB,508,11823,197.08,594.3,270.8,23.2,21.8,0.5631,0
EagleCreekDrEtc_SHB_12.11.2025_LS,SHB,508,11824,197.09,598.5,271.4,22.6,21.6,0.4785,0
EagleCreekDrEtc_SHB_12.11.2025_LS,SHB,508,11825,197.11,601.2,271.5,21.5,21.3,0.5778,0
EagleCreekDrEtc_SHB_12.11.2025_LS,SHB,508,11826,197.13,604.1,272.8,20.4,20.6,0.3698,0
EagleCreekDrEtc_SHB_12.11.2025_LS,SHB,510,12155,202.61,620.2,253.1,36.6,25.3,0.4956,0
EagleCreekDrEtc_SHB_12.11.2025_LS,SHB,510,12156,202.63,618.7,256.1,35.5,23.5,0.4942,0
EagleCreekDrEtc_SHB_12.11.2025_LS,SHB,510,12157,202.64,619.0,257.8,34.7,21.9,0.4125,0
EagleCreekDrEtc_SHB_12.11.2025_LS,SHB,510,12158,202.66,617.9,258.0,34.9,21.1,0.4812,0
EagleCreekDrEtc_SHB_12.11.2025_LS,SHB,521,12254,204.26,483.2,256.8,34.5,21.0,0.4037,0
EagleCreekDrEtc_SHB_12.11.2025_LS,SHB,521,12255,204.28,480.8,257.4,33.9,21.2,0.409,0
EagleCreekDrEtc_SHB_12.11.2025_LS,SHB,521,12256,204.29,481.4,259.9,33.6,22.4,0.6236,0
EagleCreekDrEtc_SHB_12.11.2025_LS,SHB,521,12257,204.31,481.5,260.3,31.6,21.5,0.5136,0
EagleCreekDrEtc_SHB_12.11.2025_LS,SHB,522,12256,204.29,87.8,213.7,25.9,32.7,0.5836,0
EagleCreekDrEtc_SHB_12.11.2025_LS,SHB,522,12257,204.31,83.0,214.6,26.2,35.2,0.3067,0
EagleCreekDrEtc_SHB_12.11.2025_LS,SHB,522,12258,204.33,79.8,216.4,27.2,34.9,0.3935,0
EagleCreekDrEtc_SHB_12.11.2025_LS,SHB,526,12267,204.48,470.1,265.3,36.2,24.5,0.5099,0
EagleCreekDrEtc_SHB_12.11.2025_LS,SHB,526,12268,204.49,468.6,266.8,38.2,24.6,0.4119,0
EagleCreekDrEtc_SHB_12.11.2025_LS,SHB,526,12269,204.51,466.7,266.0,40.9,24.0,0.4625,0
EagleCreekDrEtc_SHB_12.11.2025_LS,SHB,526,12270,204.53,465.3,265.4,41.3,23.1,0.446,0
EagleCreekDrEtc_SHB_12.11.2025_LS,SHB,526,12271,204.54,464.2,267.2,39.2,22.5,0.4791,0
EagleCreekDrEtc_SHB_12.11.2025_LS,SHB,526,12272,204.56,463.3,266.7,38.4,22.2,0.5148,0
EagleCreekDrEtc_SHB_12.11.2025_LS,SHB,526,12273,204.58,463.4,265.4,38.9,22.4,0.304,0
EagleCreekDrEtc_SHB_12.11.2025_LS,SHB,526,12274,204.59,459.0,266.6,39.8,23.0,0.1729,0
EagleCreekDrEtc_SHB_12.11.2025_LS,SHB,530,12331,205.54,391.1,243.8,35.9,20.7,0.533,0
EagleCreekDrEtc_SHB_12.11.2025_LS,SHB,530,12332,205.56,387.4,241.7,37.3,21.8,0.4529,0
EagleCreekDrEtc_SHB_12.11.2025_LS,SHB,530,12333,205.58,384.7,240.7,38.4,21.8,0.3255,0
EagleCreekDrEtc_SHB_12.11.2025_LS,SHB,530,12334,205.59,384.5,241.8,37.2,22.0,0.2492,0
EagleCreekDrEtc_SHB_12.11.2025_LS,SHB,530,12359,206.01,277.5,236.7,34.5,22.6,0.408,0
EagleCreekDrEtc_SHB_12.11.2025_LS,SHB,537,12361,206.04,557.5,215.4,37.0,21.6,0.4333,0
EagleCreekDrEtc_SHB_12.11.2025_LS,SHB,537,12362,206.06,552.3,218.6,37.5,21.7,0.3386,0
EagleCreekDrEtc_SHB_12.11.2025_LS,SHB,537,12363,206.08,550.0,221.8,38.0,21.6,0.3175,0
EagleCreekDrEtc_SHB_12.11.2025_LS,SHB,539,12367,206.14,619.5,212.7,39.1,25.6,0.4946,0
EagleCreekDrEtc_SHB_12.11.2025_LS,SHB,539,12368,206.16,617.8,213.7,39.9,24.2,0.6019,0
EagleCreekDrEtc_SHB_12.11.2025_LS,SHB,539,12369,206.18,617.5,214.3,38.6,22.7,0.5038,0
EagleCreekDrEtc_SHB_12.11.2025_LS,SHB,539,12370,206.19,618.4,216.3,37.2,22.4,0.1824,0
EagleCreekDrEtc_SHB_12.11.2025_LS,SHB,539,12371,206.21,611.3,215.4,41.1,22.8,0.1289,0
EagleCreekDrEtc_SHB_12.11.2025_LS,SHB,542,12374,206.26,340.7,221.2,38.4,22.6,0.4685,0
EagleCreekDrEtc_SHB_12.11.2025_LS,SHB,542,12375,206.28,337.8,218.2,38.5,22.8,0.5073,0
EagleCreekDrEtc_SHB_12.11.2025_LS,SHB,542,12376,206.29,336.4,215.7,37.9,22.0,0.187,0
EagleCreekDrEtc_SHB_12.11.2025_LS,SHB,544,12384,206.43,334.6,221.0,35.5,20.7,0.6063,0
EagleCreekDrEtc_SHB_12.11.2025_LS,SHB,544,12385,206.44,333.4,220.9,36.2,21.0,0.6496,0
EagleCreekDrEtc_SHB_12.11.2025_LS,SHB,544,12386,206.46,331.5,219.8,36.1,20.5,0.6694,0
EagleCreekDrEtc_SHB_12.11.2025_LS,SHB,544,12387,206.48,330.5,219.1,35.8,20.4,0.692,0
EagleCreekDrEtc_SHB_12.11.2025_LS,SHB,544,12388,206.49,328.8,218.5,35.8,20.7,0.7283,0
EagleCreekDrEtc_SHB_12.11.2025_LS,SHB,544,12389,206.51,328.7,218.2,36.8,21.4,0.6988,0
EagleCreekDrEtc_SHB_12.11.2025_LS,SHB,544,12390,206.53,327.6,218.3,37.6,21.7,0.6671,0
EagleCreekDrEtc_SHB_12.11.2025_LS,SHB,544,12391,206.54,326.4,218.3,37.6,22.0,0.6386,0
EagleCreekDrEtc_SHB_12.11.2025_LS,SHB,544,12392,206.56,324.8,218.4,36.6,21.6,0.6986,0
EagleCreekDrEtc_SHB_12.11.2025_LS,SHB,544,12393,206.58,323.2,217.8,37.7,22.1,0.5608,0
EagleCreekDrEtc_SHB_12.11.2025_LS,SHB,544,12394,206.59,320.7,218.3,38.5,22.3,0.4897,0
EagleCreekDrEtc_SHB_12.11.2025_LS,SHB,544,12395,206.61,319.9,217.3,37.9,22.1,0.3203,0
EagleCreekDrEtc_SHB_12.11.2025_LS,SHB,551,12411,206.88,582.4,196.8,44.8,25.0,0.5227,1
EagleCreekDrEtc_SHB_12.11.2025_LS,SHB,551,12412,206.89,581.3,197.5,47.4,26.3,0.5561,1
EagleCreekDrEtc_SHB_12.11.2025_LS,SHB,551,12413,206.91,581.1,197.9,48.1,27.1,0.5415,1
EagleCreekDrEtc_SHB_12.11.2025_LS,SHB,551,12414,206.93,578.9,199.7,45.9,27.1,0.4481,1
EagleCreekDrEtc_SHB_12.11.2025_LS,SHB,551,12415,206.94,576.5,200.5,43.3,25.8,0.5601,1
EagleCreekDrEtc_SHB_12.11.2025_LS,SHB,551,12416,206.96,576.5,200.5,42.7,25.8,0.3555,1
EagleCreekDrEtc_SHB_12.11.2025_LS,SHB,551,12417,206.98,575.5,199.5,42.1,25.4,0.4581,1
EagleCreekDrEtc_SHB_12.11.2025_LS,SHB,551,12418,206.99,574.6,198.5,39.2,24.9,0.618,1
EagleCreekDrEtc_SHB_12.11.2025_LS,SHB,551,12419,207.01,575.4,198.6,37.6,24.9,0.6013,1
EagleCreekDrEtc_SHB_12.11.2025_LS,SHB,551,12420,207.03,575.8,199.7,35.1,21.9,0.1824,1
EagleCreekDrEtc_SHB_12.11.2025_LS,SHB,551,12421,207.04,574.9,200.7,35.9,21.6,0.2355,1
EagleCreekDrEtc_SHB_12.11.2025_LS,SHB,551,12422,207.06,574.6,203.2,36.6,21.9,0.4503,1
EagleCreekDrEtc_SHB_12.11.2025_LS,SHB,551,12462,207.73,542.3,232.6,34.9,22.5,0.5666,1
EagleCreekDrEtc_SHB_12.11.2025_LS,SHB,551,12463,207.74,541.2,232.6,34.5,23.1,0.6736,1
EagleCreekDrEtc_SHB_12.11.2025_LS,SHB,551,12466,207.79,535.8,226.3,37.5,22.2,0.6653,1
EagleCreekDrEtc_SHB_12.11.2025_LS,SHB,551,12467,207.81,535.8,226.8,37.6,22.0,0.4904,1
EagleCreekDrEtc_SHB_12.11.2025_LS,SHB,551,12468,207.83,533.9,223.4,37.2,22.4,0.2223,1
EagleCreekDrEtc_SHB_12.11.2025_LS,SHB,551,12476,207.96,532.4,216.0,37.3,21.5,0.4207,1
EagleCreekDrEtc_SHB_12.11.2025_LS,SHB,551,12477,207.98,532.4,216.5,35.3,20.5,0.1634,1
EagleCreekDrEtc_SHB_12.11.2025_LS,SHB,556,12421,207.04,293.9,208.9,35.8,20.5,0.5642,0
EagleCreekDrEtc_SHB_12.11.2025_LS,SHB,556,12422,207.06,294.8,209.4,37.2,21.6,0.5639,0
EagleCreekDrEtc_SHB_12.11.2025_LS,SHB,556,12423,207.08,292.2,209.7,36.8,21.3,0.2867,0
EagleCreekDrEtc_SHB_12.11.2025_LS,SHB,556,12424,207.09,291.4,209.1,38.5,21.6,0.3131,0
EagleCreekDrEtc_SHB_12.11.2025_LS,SHB,556,12426,207.13,291.5,210.6,37.1,21.9,0.4014,0
EagleCreekDrEtc_SHB_12.11.2025_LS,SHB,556,12430,207.19,284.9,215.4,36.1,21.5,0.4449,0
EagleCreekDrEtc_SHB_12.11.2025_LS,SHB,556,12431,207.21,286.1,213.3,37.3,22.1,0.5244,0
EagleCreekDrEtc_SHB_12.11.2025_LS,SHB,556,12432,207.23,285.5,213.1,36.6,21.5,0.4227,0
EagleCreekDrEtc_SHB_12.11.2025_LS,SHB,559,12424,207.09,502.2,210.6,40.8,22.8,0.5634,1
EagleCreekDrEtc_SHB_12.11.2025_LS,SHB,559,12425,207.11,502.5,210.1,40.2,22.7,0.4348,1
EagleCreekDrEtc_SHB_12.11.2025_LS,SHB,559,12430,207.19,494.4,214.6,42.1,22.6,0.592,1
EagleCreekDrEtc_SHB_12.11.2025_LS,SHB,559,12431,207.21,495.1,215.3,40.7,22.2,0.6389,1
EagleCreekDrEtc_SHB_12.11.2025_LS,SHB,559,12432,207.23,494.0,217.1,39.7,22.6,0.3851,1
EagleCreekDrEtc_SHB_12.11.2025_LS,SHB,559,12433,207.24,491.8,216.7,39.7,22.8,0.4755,1
EagleCreekDrEtc_SHB_12.11.2025_LS,SHB,559,12434,207.26,489.0,217.8,39.7,23.1,0.4889,1
EagleCreekDrEtc_SHB_12.11.2025_LS,SHB,559,12435,207.28,487.1,217.9,40.3,23.2,0.385,1
EagleCreekDrEtc_SHB_12.11.2025_LS,SHB,559,12436,207.29,484.1,222.0,37.2,21.9,0.3698,1
EagleCreekDrEtc_SHB_12.11.2025_LS,SHB,559,12437,207.31,485.7,221.4,39.2,22.4,0.437,1
EagleCreekDrEtc_SHB_12.11.2025_LS,SHB,559,12438,207.33,489.2,220.8,42.0,23.0,0.577,1
EagleCreekDrEtc_SHB_12.11.2025_LS,SHB,559,12439,207.34,487.7,219.9,43.3,23.1,0.5695,1
EagleCreekDrEtc_SHB_12.11.2025_LS,SHB,559,12440,207.36,486.1,218.8,42.1,22.7,0.4934,1
EagleCreekDrEtc_SHB_12.11.2025_LS,SHB,559,12441,207.38,486.8,219.6,41.0,22.3,0.407,1
EagleCreekDrEtc_SHB_12.11.2025_LS,SHB,559,12442,207.39,490.1,219.3,39.3,22.0,0.3804,1
EagleCreekDrEtc_SHB_12.11.2025_LS,SHB,559,12443,207.41,490.7,219.2,37.5,21.2,0.5224,1
EagleCreekDrEtc_SHB_12.11.2025_LS,SHB,559,12444,207.43,494.9,219.8,35.9,21.4,0.1719,1
EagleCreekDrEtc_SHB_12.11.2025_LS,SHB,559,12445,207.44,496.3,219.0,35.8,21.3,0.1952,1
EagleCreekDrEtc_SHB_12.11.2025_LS,SHB,559,12446,207.46,492.4,220.7,38.2,22.4,0.592,1
EagleCreekDrEtc_SHB_12.11.2025_LS,SHB,559,12447,207.48,488.6,220.6,39.0,22.9,0.4837,1
EagleCreekDrEtc_SHB_12.11.2025_LS,SHB,559,12448,207.49,478.4,222.8,42.1,23.1,0.5647,1
EagleCreekDrEtc_SHB_12.11.2025_LS,SHB,559,12449,207.51,473.6,224.1,41.9,22.6,0.4789,1
EagleCreekDrEtc_SHB_12.11.2025_LS,SHB,559,12450,207.53,470.0,224.6,40.3,22.1,0.4826,1
EagleCreekDrEtc_SHB_12.11.2025_LS,SHB,559,12451,207.54,471.0,224.6,41.5,22.3,0.5144,1
EagleCreekDrEtc_SHB_12.11.2025_LS,SHB,559,12452,207.56,469.1,225.4,40.5,22.5,0.5551,1
EagleCreekDrEtc_SHB_12.11.2025_LS,SHB,559,12453,207.58,467.7,226.2,39.5,22.5,0.6088,1
EagleCreekDrEtc_SHB_12.11.2025_LS,SHB,559,12454,207.59,467.2,225.4,38.7,21.8,0.5738,1
EagleCreekDrEtc_SHB_12.11.2025_LS,SHB,559,12455,207.61,467.5,225.7,38.7,21.8,0.3499,1
EagleCreekDrEtc_SHB_12.11.2025_LS,SHB,559,12456,207.63,467.9,226.1,38.3,21.5,0.417,1
EagleCreekDrEtc_SHB_12.11.2025_LS,SHB,559,12462,207.73,455.2,224.8,39.3,22.0,0.2841,1
EagleCreekDrEtc_SHB_12.11.2025_LS,SHB,559,12466,207.79,451.9,225.9,39.4,23.1,0.5597,1
EagleCreekDrEtc_SHB_12.11.2025_LS,SHB,559,12467,207.81,450.8,225.5,39.2,23.1,0.4068,1
EagleCreekDrEtc_SHB_12.11.2025_LS,SHB,559,12468,207.83,453.4,225.8,42.6,23.6,0.4512,1
EagleCreekDrEtc_SHB_12.11.2025_LS,SHB,559,12469,207.84,458.2,226.1,44.3,23.2,0.3431,1
EagleCreekDrEtc_SHB_12.11.2025_LS,SHB,559,12470,207.86,453.5,226.0,41.9,23.0,0.3708,1
EagleCreekDrEtc_SHB_12.11.2025_LS,SHB,559,12471,207.88,447.9,224.7,39.5,22.6,0.4226,1
EagleCreekDrEtc_SHB_12.11.2025_LS,SHB,559,12472,207.89,448.3,224.4,39.1,22.3,0.5128,1
EagleCreekDrEtc_SHB_12.11.2025_LS,SHB,559,12473,207.91,456.6,223.4,37.8,22.6,0.7142,1
EagleCreekDrEtc_SHB_12.11.2025_LS,SHB,559,12474,207.93,459.8,222.2,39.5,23.3,0.6624,1
EagleCreekDrEtc_SHB_12.11.2025_LS,SHB,559,12475,207.94,457.4,221.9,40.6,23.4,0.6478,1
EagleCreekDrEtc_SHB_12.11.2025_LS,SHB,559,12476,207.96,455.3,221.3,41.3,23.2,0.6633,1
EagleCreekDrEtc_SHB_12.11.2025_LS,SHB,559,12477,207.98,452.4,220.5,42.2,23.0,0.6737,1
EagleCreekDrEtc_SHB_12.11.2025_LS,SHB,559,12478,207.99,449.0,220.4,44.0,23.8,0.5647,1
EagleCreekDrEtc_SHB_12.11.2025_LS,SHB,559,12479,208.01,446.0,218.8,41.8,23.6,0.6128,1
EagleCreekDrEtc_SHB_12.11.2025_LS,SHB,559,12480,208.03,444.9,218.9,38.4,22.1,0.505,1
EagleCreekDrEtc_SHB_12.11.2025_LS,SHB,559,12481,208.04,444.4,218.7,38.5,21.6,0.5867,1
EagleCreekDrEtc_SHB_12.11.2025_LS,SHB,559,12482,208.06,440.4,218.9,35.2,21.7,0.4899,1
EagleCreekDrEtc_SHB_12.11.2025_LS,SHB,559,12483,208.08,436.8,218.9,34.2,22.6,0.1935,1
EagleCreekDrEtc_SHB_12.11.2025_LS,SHB,559,12484,208.09,431.2,216.7,34.6,22.1,0.2042,1
EagleCreekDrEtc_SHB_12.11.2025_LS,SHB,559,12485,208.11,433.9,218.2,33.5,21.5,0.3759,1
EagleCreekDrEtc_SHB_12.11.2025_LS,SHB,559,12486,208.13,439.0,217.1,34.4,21.6,0.1907,1
EagleCreekDrEtc_SHB_12.11.2025_LS,SHB,559,12487,208.14,444.8,217.1,35.8,22.0,0.1375,1
EagleCreekDrEtc_SHB_12.11.2025_LS,SHB,559,12488,208.16,444.0,216.9,35.3,22.4,0.2284,1
EagleCreekDrEtc_SHB_12.11.2025_LS,SHB,559,12489,208.18,444.7,216.8,35.0,22.4,0.1591,1
EagleCreekDrEtc_SHB_12.11.2025_LS,SHB,559,12508,208.49,427.8,211.1,35.9,21.7,0.5913,1
EagleCreekDrEtc_SHB_12.11.2025_LS,SHB,559,12509,208.51,432.2,210.7,35.2,21.6,0.2017,1
EagleCreekDrEtc_SHB_12.11.2025_LS,SHB,564,12461,207.71,258.7,223.3,38.7,21.9,0.5253,0
EagleCreekDrEtc_SHB_12.11.2025_LS,SHB,564,12462,207.73,257.2,224.3,37.7,21.8,0.1597,0
EagleCreekDrEtc_SHB_12.11.2025_LS,SHB,564,12463,207.74,257.5,229.1,39.1,23.6,0.1296,0
EagleCreekDrEtc_SHB_12.11.2025_LS,SHB,564,12465,207.78,256.1,232.1,37.7,22.0,0.3794,0
EagleCreekDrEtc_SHB_12.11.2025_LS,SHB,564,12466,207.79,253.5,232.0,37.2,21.5,0.5744,0
EagleCreekDrEtc_SHB_12.11.2025_LS,SHB,564,12467,207.81,251.2,229.8,39.1,22.3,0.4819,0
EagleCreekDrEtc_SHB_12.11.2025_LS,SHB,564,12468,207.83,250.0,227.5,42.3,22.8,0.1633,0
EagleCreekDrEtc_SHB_12.11.2025_LS,SHB,564,12469,207.84,248.7,227.0,40.5,22.3,0.126,0
EagleCreekDrEtc_SHB_12.11.2025_LS,SHB,564,12470,207.86,245.5,225.0,40.6,22.6,0.2255,0
EagleCreekDrEtc_SHB_12.11.2025_LS,SHB,564,12471,207.88,247.3,226.5,37.5,21.8,0.4179,0
EagleCreekDrEtc_SHB_12.11.2025_LS,SHB,575,12490,208.19,514.4,218.6,33.1,21.8,0.6052,0
EagleCreekDrEtc_SHB_12.11.2025_LS,SHB,575,12491,208.21,514.5,219.1,34.5,21.4,0.3976,0
EagleCreekDrEtc_SHB_12.11.2025_LS,SHB,575,12492,208.23,511.3,218.3,34.5,21.4,0.1467,0
EagleCreekDrEtc_SHB_12.11.2025_LS,SHB,575,12493,208.24,510.3,215.7,37.5,22.8,0.4839,0
EagleCreekDrEtc_SHB_12.11.2025_LS,SHB,575,12494,208.26,512.6,214.5,37.0,22.2,0.1278,0
EagleCreekDrEtc_SHB_12.11.2025_LS,SHB,575,12496,208.29,510.2,215.1,36.0,21.6,0.4707,0
EagleCreekDrEtc_SHB_12.11.2025_LS,SHB,575,12497,208.31,507.1,216.4,34.2,21.2,0.4537,0
EagleCreekDrEtc_SHB_12.11.2025_LS,SHB,575,12498,208.33,504.2,216.8,31.6,20.6,0.6347,0
EagleCreekDrEtc_SHB_12.11.2025_LS,SHB,575,12499,208.34,503.4,216.1,32.3,20.3,0.5196,0
EagleCreekDrEtc_SHB_12.11.2025_LS,SHB,578,12500,208.36,221.4,217.2,39.1,22.2,0.5901,1
EagleCreekDrEtc_SHB_12.11.2025_LS,SHB,578,12501,208.38,219.8,215.6,37.9,21.4,0.5925,1
EagleCreekDrEtc_SHB_12.11.2025_LS,SHB,578,12502,208.39,219.5,214.5,37.0,21.4,0.5189,1
EagleCreekDrEtc_SHB_12.11.2025_LS,SHB,578,12503,208.41,221.3,214.3,37.6,21.9,0.313,1
EagleCreekDrEtc_SHB_12.11.2025_LS,SHB,578,12504,208.43,217.5,213.9,37.1,21.8,0.3148,1
EagleCreekDrEtc_SHB_12.11.2025_LS,SHB,578,12505,208.44,220.5,213.2,39.2,22.9,0.4409,1
EagleCreekDrEtc_SHB_12.11.2025_LS,SHB,578,12506,208.46,219.7,213.0,39.8,23.1,0.4736,1
EagleCreekDrEtc_SHB_12.11.2025_LS,SHB,578,12507,208.48,217.4,211.3,36.9,21.7,0.1538,1
EagleCreekDrEtc_SHB_12.11.2025_LS,SHB,578,12508,208.49,213.8,211.8,36.3,21.3,0.1129,1
EagleCreekDrEtc_SHB_12.11.2025_LS,SHB,578,12510,208.53,214.4,212.8,35.9,21.2,0.2731,1
EagleCreekDrEtc_SHB_12.11.2025_LS,SHB,578,12511,208.54,212.3,209.1,38.1,22.3,0.3617,1
EagleCreekDrEtc_SHB_12.11.2025_LS,SHB,578,12512,208.56,212.1,209.6,38.4,22.6,0.2224,1
EagleCreekDrEtc_SHB_12.11.2025_LS,SHB,578,12524,208.76,198.9,214.8,35.8,22.0,0.6273,1
EagleCreekDrEtc_SHB_12.11.2025_LS,SHB,578,12525,208.78,193.0,212.7,35.3,21.7,0.1258,1
EagleCreekDrEtc_SHB_12.11.2025_LS,SHB,578,12543,209.08,175.8,217.6,38.5,22.6,0.3709,1
EagleCreekDrEtc_SHB_12.11.2025_LS,SHB,578,12544,209.09,175.9,219.1,36.4,22.3,0.6102,1
EagleCreekDrEtc_SHB_12.11.2025_LS,SHB,578,12545,209.11,181.2,220.5,35.7,22.4,0.1633,1
EagleCreekDrEtc_SHB_12.11.2025_LS,SHB,578,12546,209.13,178.0,219.7,36.4,22.7,0.1926,1
EagleCreekDrEtc_SHB_12.11.2025_LS,SHB,578,12547,209.14,173.8,218.6,36.2,22.5,0.1572,1
EagleCreekDrEtc_SHB_12.11.2025_LS,SHB,578,12552,209.23,173.4,220.1,36.3,22.0,0.3086,1
EagleCreekDrEtc_SHB_12.11.2025_LS,SHB,578,12553,209.24,169.2,221.0,35.6,21.6,0.6378,1
EagleCreekDrEtc_SHB_12.11.2025_LS,SHB,578,12554,209.26,165.1,220.4,35.7,21.6,0.484,1
EagleCreekDrEtc_SHB_12.11.2025_LS,SHB,578,12555,209.28,163.0,220.7,35.1,21.7,0.6424,1
EagleCreekDrEtc_SHB_12.11.2025_LS,SHB,578,12556,209.29,161.2,221.2,34.9,21.4,0.6806,1
EagleCreekDrEtc_SHB_12.11.2025_LS,SHB,578,12557,209.31,159.9,221.2,35.0,21.4,0.702,1
EagleCreekDrEtc_SHB_12.11.2025_LS,SHB,578,12558,209.33,159.1,220.7,36.8,21.9,0.6398,1
EagleCreekDrEtc_SHB_12.11.2025_LS,SHB,578,12564,209.43,153.6,223.2,38.3,20.7,0.4073,1
EagleCreekDrEtc_SHB_12.11.2025_LS,SHB,578,12565,209.44,153.1,223.6,37.1,20.6,0.4416,1
EagleCreekDrEtc_SHB_12.11.2025_LS,SHB,578,12566,209.46,151.8,223.2,35.7,20.6,0.4615,1
EagleCreekDrEtc_SHB_12.11.2025_LS,SHB,578,12567,209.48,150.7,223.4,36.2,20.7,0.577,1
EagleCreekDrEtc_SHB_12.11.2025_LS,SHB,578,12568,209.49,148.6,223.1,35.6,20.8,0.6027,1
EagleCreekDrEtc_SHB_12.11.2025_LS,SHB,578,12569,209.51,148.2,223.1,35.8,21.0,0.6688,1
EagleCreekDrEtc_SHB_12.11.2025_LS,SHB,578,12570,209.53,148.3,224.1,36.7,21.9,0.7429,1
EagleCreekDrEtc_SHB_12.11.2025_LS,SHB,578,12571,209.54,147.2,224.6,36.2,22.0,0.7593,1
EagleCreekDrEtc_SHB_12.11.2025_LS,SHB,578,12572,209.56,144.8,225.2,35.9,21.8,0.7304,1
EagleCreekDrEtc_SHB_12.11.2025_LS,SHB,578,12573,209.58,142.9,225.0,34.5,20.7,0.7022,1
EagleCreekDrEtc_SHB_12.11.2025_LS,SHB,578,12574,209.59,142.5,225.4,36.4,21.4,0.7321,1
EagleCreekDrEtc_SHB_12.11.2025_LS,SHB,578,12575,209.61,142.1,225.6,37.3,21.8,0.7404,1
EagleCreekDrEtc_SHB_12.11.2025_LS,SHB,578,12576,209.63,140.4,225.9,37.6,22.1,0.6734,1
EagleCreekDrEtc_SHB_12.11.2025_LS,SHB,578,12577,209.64,139.5,225.8,37.5,22.2,0.6923,1
EagleCreekDrEtc_SHB_12.11.2025_LS,SHB,578,12578,209.66,139.1,225.6,36.8,21.6,0.7477,1
EagleCreekDrEtc_SHB_12.11.2025_LS,SHB,578,12579,209.68,138.2,225.3,36.4,20.6,0.7196,1
EagleCreekDrEtc_SHB_12.11.2025_LS,SHB,578,12580,209.69,136.4,225.5,36.8,21.0,0.7519,1
EagleCreekDrEtc_SHB_12.11.2025_LS,SHB,578,12581,209.71,134.9,225.6,35.8,20.8,0.7634,1
EagleCreekDrEtc_SHB_12.11.2025_LS,SHB,578,12582,209.73,133.9,224.9,34.4,20.4,0.7158,1
EagleCreekDrEtc_SHB_12.11.2025_LS,SHB,578,12583,209.74,134.7,225.5,34.5,20.9,0.7568,1
EagleCreekDrEtc_SHB_12.11.2025_LS,SHB,578,12584,209.76,135.4,225.3,35.4,21.5,0.7315,1
EagleCreekDrEtc_SHB_12.11.2025_LS,SHB,578,12585,209.78,134.6,224.3,37.4,22.1,0.7242,1
EagleCreekDrEtc_SHB_12.11.2025_LS,SHB,578,12586,209.79,132.7,223.7,37.3,22.3,0.7066,1
EagleCreekDrEtc_SHB_12.11.2025_LS,SHB,578,12587,209.81,131.3,223.5,37.1,22.6,0.743,1
EagleCreekDrEtc_SHB_12.11.2025_LS,SHB,578,12588,209.83,130.0,223.1,37.6,22.7,0.7488,1
EagleCreekDrEtc_SHB_12.11.2025_LS,SHB,578,12589,209.84,128.3,222.1,37.8,22.1,0.7438,1
EagleCreekDrEtc_SHB_12.11.2025_LS,SHB,578,12590,209.86,127.7,222.6,37.2,22.1,0.7542,1
EagleCreekDrEtc_SHB_12.11.2025_LS,SHB,578,12591,209.88,126.9,221.9,37.3,22.0,0.745,1
EagleCreekDrEtc_SHB_12.11.2025_LS,SHB,578,12592,209.89,125.6,221.3,38.1,22.5,0.7475,1
EagleCreekDrEtc_SHB_12.11.2025_LS,SHB,578,12593,209.91,124.2,221.2,38.3,22.3,0.7181,1
EagleCreekDrEtc_SHB_12.11.2025_LS,SHB,578,12594,209.93,122.6,220.3,37.7,22.5,0.6996,1
EagleCreekDrEtc_SHB_12.11.2025_LS,SHB,578,12595,209.94,121.8,220.9,36.9,22.8,0.682,1
EagleCreekDrEtc_SHB_12.11.2025_LS,SHB,578,12596,209.96,121.6,220.7,38.6,23.1,0.6868,1
EagleCreekDrEtc_SHB_12.11.2025_LS,SHB,578,12597,209.98,121.3,220.1,38.6,22.5,0.6817,1
EagleCreekDrEtc_SHB_12.11.2025_LS,SHB,578,12598,209.99,121.0,219.8,38.4,22.0,0.6999,1
EagleCreekDrEtc_SHB_12.11.2025_LS,SHB,578,12599,210.01,118.7,220.0,37.1,21.3,0.4699,1
EagleCreekDrEtc_SHB_12.11.2025_LS,SHB,578,12600,210.03,113.7,220.2,36.1,20.8,0.5758,1
EagleCreekDrEtc_SHB_12.11.2025_LS,SHB,578,12601,210.04,112.9,220.2,35.3,20.6,0.6296,1
EagleCreekDrEtc_SHB_12.11.2025_LS,SHB,578,12602,210.06,112.8,219.8,35.3,20.6,0.3417,1
EagleCreekDrEtc_SHB_12.11.2025_LS,SHB,578,12603,210.08,110.9,220.5,34.9,21.0,0.1945,1
EagleCreekDrEtc_SHB_12.11.2025_LS,SHB,578,12604,210.09,111.6,221.0,36.5,21.2,0.5222,1
EagleCreekDrEtc_SHB_12.11.2025_LS,SHB,578,12605,210.11,111.4,221.4,39.3,22.5,0.5542,1
EagleCreekDrEtc_SHB_12.11.2025_LS,SHB,578,12606,210.13,110.1,221.4,40.0,22.7,0.5118,1
EagleCreekDrEtc_SHB_12.11.2025_LS,SHB,578,12607,210.14,111.5,221.3,39.8,22.5,0.5715,1
EagleCreekDrEtc_SHB_12.11.2025_LS,SHB,578,12608,210.16,110.2,220.8,38.2,22.0,0.3621,1
EagleCreekDrEtc_SHB_12.11.2025_LS,SHB,578,12609,210.18,107.5,221.6,36.7,21.4,0.4258,1
EagleCreekDrEtc_SHB_12.11.2025_LS,SHB,578,12610,210.19,105.8,222.5,36.2,21.2,0.2585,1
EagleCreekDrEtc_SHB_12.11.2025_LS,SHB,578,12611,210.21,108.4,220.0,37.7,21.7,0.1959,1
EagleCreekDrEtc_SHB_12.11.2025_LS,SHB,578,12624,210.43,94.0,218.5,35.8,21.1,0.6479,1
EagleCreekDrEtc_SHB_12.11.2025_LS,SHB,578,12625,210.44,93.2,218.0,36.2,21.2,0.5682,1
EagleCreekDrEtc_SHB_12.11.2025_LS,SHB,578,12626,210.46,93.8,217.0,37.1,22.2,0.6201,1
EagleCreekDrEtc_SHB_12.11.2025_LS,SHB,578,12627,210.48,92.5,217.2,37.1,22.2,0.3604,1
EagleCreekDrEtc_SHB_12.11.2025_LS,SHB,578,12632,210.56,83.7,216.3,34.5,22.1,0.5841,1
EagleCreekDrEtc_SHB_12.11.2025_LS,SHB,578,12633,210.58,84.9,216.8,36.5,22.3,0.2166,1
EagleCreekDrEtc_SHB_12.11.2025_LS,SHB,578,12634,210.59,87.8,217.0,33.9,21.1,0.4061,1
EagleCreekDrEtc_SHB_12.11.2025_LS,SHB,578,12635,210.61,87.1,215.8,33.4,20.4,0.1979,1
EagleCreekDrEtc_SHB_12.11.2025_LS,SHB,578,12636,210.63,84.0,215.8,35.4,20.8,0.2035,1
EagleCreekDrEtc_SHB_12.11.2025_LS,SHB,578,12637,210.64,77.1,215.0,36.8,21.2,0.5674,1
EagleCreekDrEtc_SHB_12.11.2025_LS,SHB,578,12638,210.66,78.6,215.8,39.4,22.1,0.3583,1
EagleCreekDrEtc_SHB_12.11.2025_LS,SHB,578,12639,210.68,76.7,215.4,39.4,22.4,0.2286,1
EagleCreekDrEtc_SHB_12.11.2025_LS,SHB,578,12640,210.69,70.9,215.0,40.2,23.0,0.1085,1
EagleCreekDrEtc_SHB_12.11.2025_LS,SHB,578,12644,210.76,74.6,214.4,33.9,21.7,0.707,1
EagleCreekDrEtc_SHB_12.11.2025_LS,SHB,578,12645,210.78,72.8,213.7,32.7,22.1,0.7043,1
EagleCreekDrEtc_SHB_12.11.2025_LS,SHB,578,12646,210.79,71.8,213.4,33.8,21.7,0.6941,1
EagleCreekDrEtc_SHB_12.11.2025_LS,SHB,578,12647,210.81,70.5,212.7,35.9,21.6,0.5846,1
EagleCreekDrEtc_SHB_12.11.2025_LS,SHB,578,12648,210.83,71.8,213.9,37.0,22.0,0.5241,1
EagleCreekDrEtc_SHB_12.11.2025_LS,SHB,578,12649,210.84,70.4,213.5,37.2,22.3,0.3156,1
EagleCreekDrEtc_SHB_12.11.2025_LS,SHB,578,12650,210.86,67.8,214.1,38.4,22.4,0.3802,1
EagleCreekDrEtc_SHB_12.11.2025_LS,SHB,578,12651,210.88,69.2,215.3,35.8,22.1,0.5866,1
EagleCreekDrEtc_SHB_12.11.2025_LS,SHB,578,12652,210.89,68.1,216.3,35.9,22.1,0.4042,1
EagleCreekDrEtc_SHB_12.11.2025_LS,SHB,578,12653,210.91,68.1,215.9,36.4,21.5,0.2456,1
EagleCreekDrEtc_SHB_12.11.2025_LS,SHB,578,12654,210.93,68.7,215.0,36.4,21.7,0.3428,1
EagleCreekDrEtc_SHB_12.11.2025_LS,SHB,578,12657,210.98,66.2,212.4,38.3,22.4,0.4848,1
EagleCreekDrEtc_SHB_12.11.2025_LS,SHB,578,12658,210.99,64.5,210.4,36.2,21.4,0.4594,1
EagleCreekDrEtc_SHB_12.11.2025_LS,SHB,586,12512,208.56,494.6,205.9,39.1,23.1,0.5561,1
EagleCreekDrEtc_SHB_12.11.2025_LS,SHB,586,12513,208.58,491.2,205.5,39.2,23.3,0.6445,1
EagleCreekDrEtc_SHB_12.11.2025_LS,SHB,586,12514,208.59,491.0,205.9,38.1,23.2,0.6128,1
EagleCreekDrEtc_SHB_12.11.2025_LS,SHB,586,12515,208.61,490.5,205.7,38.4,23.5,0.6136,1
EagleCreekDrEtc_SHB_12.11.2025_LS,SHB,586,12516,208.63,491.6,205.5,38.1,24.6,0.5116,1
EagleCreekDrEtc_SHB_12.11.2025_LS,SHB,586,12517,208.64,491.2,205.4,37.3,24.3,0.5656,1
EagleCreekDrEtc_SHB_12.11.2025_LS,SHB,586,12518,208.66,488.5,205.4,37.4,24.2,0.4924,1
EagleCreekDrEtc_SHB_12.11.2025_LS,SHB,586,12519,208.68,488.0,210.3,36.0,23.5,0.6002,1
EagleCreekDrEtc_SHB_12.11.2025_LS,SHB,586,12522,208.73,485.7,207.7,36.9,21.8,0.3471,1
EagleCreekDrEtc_SHB_12.11.2025_LS,SHB,586,12523,208.74,486.1,209.0,38.6,22.1,0.275,1
EagleCreekDrEtc_SHB_12.11.2025_LS,SHB,586,12526,208.79,478.0,213.6,34.0,20.4,0.5656,1
EagleCreekDrEtc_SHB_12.11.2025_LS,SHB,586,12527,208.81,474.3,213.0,38.2,22.3,0.4316,1
EagleCreekDrEtc_SHB_12.11.2025_LS,SHB,586,12528,208.83,473.9,214.3,40.1,23.2,0.5811,1
EagleCreekDrEtc_SHB_12.11.2025_LS,SHB,586,12529,208.84,472.3,214.2,39.3,23.1,0.5888,1
EagleCreekDrEtc_SHB_12.11.2025_LS,SHB,586,12530,208.86,471.7,214.2,38.5,22.6,0.6166,1
EagleCreekDrEtc_SHB_12.11.2025_LS,SHB,586,12531,208.88,470.6,212.0,38.6,23.1,0.6345,1
EagleCreekDrEtc_SHB_12.11.2025_LS,SHB,586,12532,208.89,471.6,212.4,36.0,21.9,0.2991,1
EagleCreekDrEtc_SHB_12.11.2025_LS,SHB,586,12535,208.94,470.6,214.7,35.8,20.9,0.3242,1
EagleCreekDrEtc_SHB_12.11.2025_LS,SHB,586,12536,208.96,470.3,215.6,37.1,21.8,0.1077,1
EagleCreekDrEtc_SHB_12.11.2025_LS,SHB,586,12537,208.98,468.3,211.6,37.9,22.5,0.524,1
EagleCreekDrEtc_SHB_12.11.2025_LS,SHB,586,12538,208.99,466.6,209.7,38.6,22.4,0.459,1
EagleCreekDrEtc_SHB_12.11.2025_LS,SHB,586,12539,209.01,463.8,209.0,40.0,22.6,0.558,1
EagleCreekDrEtc_SHB_12.11.2025_LS,SHB,586,12540,209.03,463.9,208.4,36.9,21.1,0.4766,1
EagleCreekDrEtc_SHB_12.11.2025_LS,SHB,586,12541,209.04,462.4,207.6,36.9,21.0,0.4552,1
EagleCreekDrEtc_SHB_12.11.2025_LS,SHB,586,12542,209.06,463.6,207.1,39.1,21.5,0.3342,1
EagleCreekDrEtc_SHB_12.11.2025_LS,SHB,586,12543,209.08,463.9,207.5,39.6,22.0,0.3591,1
EagleCreekDrEtc_SHB_12.11.2025_LS,SHB,586,12544,209.09,463.7,206.9,40.1,22.4,0.3804,1
EagleCreekDrEtc_SHB_12.11.2025_LS,SHB,586,12545,209.11,463.4,206.0,40.2,22.7,0.1507,1
EagleCreekDrEtc_SHB_12.11.2025_LS,SHB,589,12531,208.88,402.3,215.2,40.2,22.5,0.6261,1
EagleCreekDrEtc_SHB_12.11.2025_LS,SHB,589,12532,208.89,397.6,215.9,38.4,22.1,0.6679,1
EagleCreekDrEtc_SHB_12.11.2025_LS,SHB,589,12533,208.91,396.6,214.4,36.2,22.1,0.6797,1
EagleCreekDrEtc_SHB_12.11.2025_LS,SHB,589,12534,208.93,395.5,213.4,37.5,22.5,0.711,1
EagleCreekDrEtc_SHB_12.11.2025_LS,SHB,589,12535,208.94,393.8,213.0,39.2,22.4,0.7239,1
EagleCreekDrEtc_SHB_12.11.2025_LS,SHB,589,12536,208.96,392.5,213.2,39.5,22.4,0.7245,1
EagleCreekDrEtc_SHB_12.11.2025_LS,SHB,589,12537,208.98,390.1,214.7,38.5,22.5,0.6685,1
EagleCreekDrEtc_SHB_12.11.2025_LS,SHB,589,12538,208.99,388.7,214.8,40.6,22.9,0.433,1
EagleCreekDrEtc_SHB_12.11.2025_LS,SHB,589,12539,209.01,390.8,214.6,39.0,22.5,0.2996,1
EagleCreekDrEtc_SHB_12.11.2025_LS,SHB,589,12546,209.13,384.9,216.5,43.2,23.2,0.6701,1
EagleCreekDrEtc_SHB_12.11.2025_LS,SHB,589,12547,209.14,382.9,217.0,43.0,23.1,0.7253,1
EagleCreekDrEtc_SHB_12.11.2025_LS,SHB,589,12548,209.16,382.1,216.8,42.7,23.4,0.739,1
EagleCreekDrEtc_SHB_12.11.2025_LS,SHB,589,12549,209.18,380.4,217.0,42.4,23.2,0.7256,1
EagleCreekDrEtc_SHB_12.11.2025_LS,SHB,589,12550,209.19,378.8,217.2,41.1,23.0,0.7242,1
EagleCreekDrEtc_SHB_12.11.2025_LS,SHB,589,12551,209.21,377.9,217.0,41.5,23.1,0.736,1
EagleCreekDrEtc_SHB_12.11.2025_LS,SHB,589,12552,209.23,376.9,217.4,42.9,23.6,0.7206,1
EagleCreekDrEtc_SHB_12.11.2025_LS,SHB,589,12553,209.24,376.2,217.4,41.5,23.1,0.7216,1
EagleCreekDrEtc_SHB_12.11.2025_LS,SHB,589,12554,209.26,373.8,217.7,42.3,23.4,0.717,1
EagleCreekDrEtc_SHB_12.11.2025_LS,SHB,589,12555,209.28,372.6,218.0,41.6,22.9,0.7345,1
EagleCreekDrEtc_SHB_12.11.2025_LS,SHB,589,12556,209.29,372.2,217.8,40.9,22.9,0.7102,1
EagleCreekDrEtc_SHB_12.11.2025_LS,SHB,589,12557,209.31,366.4,218.7,44.7,23.7,0.6741,1
EagleCreekDrEtc_SHB_12.11.2025_LS,SHB,589,12558,209.33,364.4,218.7,45.1,23.8,0.7024,1
EagleCreekDrEtc_SHB_12.11.2025_LS,SHB,589,12559,209.34,361.2,218.3,44.7,23.8,0.705,1
EagleCreekDrEtc_SHB_12.11.2025_LS,SHB,589,12560,209.36,359.2,217.5,44.5,23.9,0.7157,1
EagleCreekDrEtc_SHB_12.11.2025_LS,SHB,589,12561,209.38,358.0,217.4,43.7,23.9,0.7152,1
EagleCreekDrEtc_SHB_12.11.2025_LS,SHB,589,12562,209.39,358.2,217.6,43.8,23.7,0.7274,1
EagleCreekDrEtc_SHB_12.11.2025_LS,SHB,589,12563,209.41,358.1,217.0,43.5,23.5,0.6602,1
EagleCreekDrEtc_SHB_12.11.2025_LS,SHB,589,12564,209.43,359.1,216.6,41.8,23.3,0.7184,1
EagleCreekDrEtc_SHB_12.11.2025_LS,SHB,589,12565,209.44,356.2,216.9,41.7,23.6,0.7169,1
EagleCreekDrEtc_SHB_12.11.2025_LS,SHB,589,12566,209.46,354.1,216.6,42.9,24.1,0.6877,1
EagleCreekDrEtc_SHB_12.11.2025_LS,SHB,589,12567,209.48,352.7,216.9,44.1,24.1,0.7101,1
EagleCreekDrEtc_SHB_12.11.2025_LS,SHB,589,12568,209.49,350.5,217.2,44.4,24.3,0.7109,1
EagleCreekDrEtc_SHB_12.11.2025_LS,SHB,589,12569,209.51,349.5,217.6,44.7,24.0,0.6774,1
EagleCreekDrEtc_SHB_12.11.2025_LS,SHB,589,12570,209.53,348.4,218.0,43.2,23.5,0.6601,1
EagleCreekDrEtc_SHB_12.11.2025_LS,SHB,589,12571,209.54,352.3,217.3,40.0,22.8,0.4454,1
EagleCreekDrEtc_SHB_12.11.2025_LS,SHB,589,12572,209.56,353.1,217.6,39.4,22.3,0.3405,1
EagleCreekDrEtc_SHB_12.11.2025_LS,SHB,589,12579,209.68,341.1,218.8,41.1,23.2,0.6515,1
EagleCreekDrEtc_SHB_12.11.2025_LS,SHB,589,12580,209.69,340.1,218.6,40.6,23.6,0.7016,1
EagleCreekDrEtc_SHB_12.11.2025_LS,SHB,589,12581,209.71,340.5,219.3,40.3,23.2,0.6623,1
EagleCreekDrEtc_SHB_12.11.2025_LS,SHB,589,12582,209.73,339.9,218.6,41.0,24.1,0.7174,1
EagleCreekDrEtc_SHB_12.11.2025_LS,SHB,589,12583,209.74,339.5,218.6,40.2,24.4,0.6827,1
EagleCreekDrEtc_SHB_12.11.2025_LS,SHB,589,12584,209.76,336.4,217.2,41.9,24.8,0.6045,1
EagleCreekDrEtc_SHB_12.11.2025_LS,SHB,589,12585,209.78,335.7,216.4,41.1,25.0,0.664,1
EagleCreekDrEtc_SHB_12.11.2025_LS,SHB,589,12586,209.79,337.7,216.8,41.1,25.1,0.6328,1
EagleCreekDrEtc_SHB_12.11.2025_LS,SHB,589,12587,209.81,337.8,216.1,41.2,24.8,0.4643,1
EagleCreekDrEtc_SHB_12.11.2025_LS,SHB,589,12588,209.83,336.2,216.2,42.0,25.2,0.7075,1
EagleCreekDrEtc_SHB_12.11.2025_LS,SHB,589,12589,209.84,334.6,216.0,44.0,25.4,0.732,1
EagleCreekDrEtc_SHB_12.11.2025_LS,SHB,589,12590,209.86,333.4,215.4,44.4,25.0,0.7182,1
EagleCreekDrEtc_SHB_12.11.2025_LS,SHB,589,12591,209.88,333.4,215.0,44.8,24.9,0.7066,1
EagleCreekDrEtc_SHB_12.11.2025_LS,SHB,589,12592,209.89,334.0,214.1,42.3,24.3,0.6684,1
EagleCreekDrEtc_SHB_12.11.2025_LS,SHB,589,12593,209.91,334.3,214.5,41.3,24.2,0.6508,1
EagleCreekDrEtc_SHB_12.11.2025_LS,SHB,589,12594,209.93,333.6,214.4,40.7,23.3,0.7229,1
EagleCreekDrEtc_SHB_12.11.2025_LS,SHB,589,12595,209.94,332.1,214.5,39.8,22.8,0.6874,1
EagleCreekDrEtc_SHB_12.11.2025_LS,SHB,589,12596,209.96,332.0,215.1,39.7,23.1,0.6541,1
EagleCreekDrEtc_SHB_12.11.2025_LS,SHB,589,12597,209.98,330.0,213.9,40.4,23.2,0.4613,1
EagleCreekDrEtc_SHB_12.11.2025_LS,SHB,589,12598,209.99,328.2,212.6,43.3,24.2,0.5616,1
EagleCreekDrEtc_SHB_12.11.2025_LS,SHB,589,12602,210.06,310.7,213.6,41.1,22.6,0.4252,1
EagleCreekDrEtc_SHB_12.11.2025_LS,SHB,589,12608,210.16,299.0,209.2,38.5,22.1,0.3204,1
EagleCreekDrEtc_SHB_12.11.2025_LS,SHB,589,12609,210.18,293.5,206.9,41.3,23.7,0.1996,1
EagleCreekDrEtc_SHB_12.11.2025_LS,SHB,589,12610,210.19,291.6,206.1,41.0,24.6,0.1482,1
EagleCreekDrEtc_SHB_12.11.2025_LS,SHB,589,12611,210.21,289.0,205.9,39.4,23.6,0.2953,1
EagleCreekDrEtc_SHB_12.11.2025_LS,SHB,589,12612,210.23,288.4,206.8,38.1,23.5,0.1504,1
EagleCreekDrEtc_SHB_12.11.2025_LS,SHB,593,12560,209.36,454.0,213.9,35.7,22.6,0.7008,1
EagleCreekDrEtc_SHB_12.11.2025_LS,SHB,593,12561,209.38,451.5,212.8,35.3,22.5,0.5325,1
EagleCreekDrEtc_SHB_12.11.2025_LS,SHB,593,12562,209.39,449.7,214.3,35.4,22.4,0.1336,1
EagleCreekDrEtc_SHB_12.11.2025_LS,SHB,593,12564,209.43,447.2,214.6,36.4,22.8,0.7031,1
EagleCreekDrEtc_SHB_12.11.2025_LS,SHB,593,12565,209.44,446.6,214.8,35.0,23.2,0.7352,1
EagleCreekDrEtc_SHB_12.11.2025_LS,SHB,593,12566,209.46,445.7,215.0,34.9,23.3,0.7332,1
EagleCreekDrEtc_SHB_12.11.2025_LS,SHB,593,12567,209.48,444.6,214.8,33.6,23.5,0.7445,1
EagleCreekDrEtc_SHB_12.11.2025_LS,SHB,593,12568,209.49,442.9,214.4,33.5,23.7,0.7321,1
EagleCreekDrEtc_SHB_12.11.2025_LS,SHB,593,12569,209.51,441.7,214.4,33.7,24.0,0.7534,1
EagleCreekDrEtc_SHB_12.11.2025_LS,SHB,593,12570,209.53,439.3,214.8,32.8,24.2,0.7506,1
EagleCreekDrEtc_SHB_12.11.2025_LS,SHB,593,12571,209.54,438.2,215.4,33.0,24.8,0.7428,1
EagleCreekDrEtc_SHB_12.11.2025_LS,SHB,593,12572,209.56,438.1,215.8,32.5,24.5,0.748,1
EagleCreekDrEtc_SHB_12.11.2025_LS,SHB,593,12573,209.58,436.8,216.1,33.7,24.9,0.731,1
EagleCreekDrEtc_SHB_12.11.2025_LS,SHB,593,12574,209.59,435.0,216.7,33.2,24.6,0.7032,1
EagleCreekDrEtc_SHB_12.11.2025_LS,SHB,593,12575,209.61,433.1,217.1,33.5,24.7,0.705,1
EagleCreekDrEtc_SHB_12.11.2025_LS,SHB,593,12576,209.63,432.0,217.6,32.8,24.7,0.6448,1
EagleCreekDrEtc_SHB_12.11.2025_LS,SHB,593,12577,209.64,429.7,217.6,31.6,23.9,0.5638,1
EagleCreekDrEtc_SHB_12.11.2025_LS,SHB,593,12578,209.66,430.0,218.3,33.2,23.3,0.6761,1
EagleCreekDrEtc_SHB_12.11.2025_LS,SHB,593,12579,209.68,429.3,218.5,30.9,22.5,0.4793,1
EagleCreekDrEtc_SHB_12.11.2025_LS,SHB,593,12580,209.69,429.4,218.4,31.0,22.2,0.395,1
EagleCreekDrEtc_SHB_12.11.2025_LS,SHB,593,12581,209.71,432.3,218.9,30.3,21.3,0.3093,1
EagleCreekDrEtc_SHB_12.11.2025_LS,SHB,593,12582,209.73,433.3,218.4,30.7,22.0,0.5552,1
EagleCreekDrEtc_SHB_12.11.2025_LS,SHB,593,12583,209.74,432.7,218.8,33.1,22.8,0.3927,1
EagleCreekDrEtc_SHB_12.11.2025_LS,SHB,593,12584,209.76,429.2,218.2,32.6,22.9,0.5583,1
EagleCreekDrEtc_SHB_12.11.2025_LS,SHB,593,12585,209.78,427.4,218.2,32.1,22.8,0.4901,1
EagleCreekDrEtc_SHB_12.11.2025_LS,SHB,593,12586,209.79,427.6,217.9,30.5,22.4,0.6691,1
EagleCreekDrEtc_SHB_12.11.2025_LS,SHB,593,12587,209.81,424.9,217.2,31.1,22.5,0.5804,1
EagleCreekDrEtc_SHB_12.11.2025_LS,SHB,593,12588,209.83,428.0,217.4,31.3,22.6,0.4156,1
EagleCreekDrEtc_SHB_12.11.2025_LS,SHB,593,12589,209.84,428.6,217.4,31.5,22.5,0.2434,1
EagleCreekDrEtc_SHB_12.11.2025_LS,SHB,593,12590,209.86,427.5,217.3,31.8,22.7,0.5203,1
EagleCreekDrEtc_SHB_12.11.2025_LS,SHB,593,12591,209.88,425.8,217.6,32.7,22.5,0.656,1
EagleCreekDrEtc_SHB_12.11.2025_LS,SHB,593,12592,209.89,422.5,216.6,32.3,22.4,0.7213,1
EagleCreekDrEtc_SHB_12.11.2025_LS,SHB,593,12593,209.91,419.1,215.7,32.7,21.9,0.1413,1
EagleCreekDrEtc_SHB_12.11.2025_LS,SHB,593,12594,209.93,412.4,216.2,32.5,21.5,0.1235,1
EagleCreekDrEtc_SHB_12.11.2025_LS,SHB,593,12595,209.94,416.5,214.6,31.7,22.7,0.7054,1
EagleCreekDrEtc_SHB_12.11.2025_LS,SHB,593,12596,209.96,419.7,214.7,31.4,22.9,0.5153,1
EagleCreekDrEtc_SHB_12.11.2025_LS,SHB,593,12597,209.98,418.3,214.4,31.2,22.5,0.5619,1
EagleCreekDrEtc_SHB_12.11.2025_LS,SHB,593,12598,209.99,419.0,214.9,31.7,21.9,0.5087,1
EagleCreekDrEtc_SHB_12.11.2025_LS,SHB,593,12599,210.01,419.0,214.8,30.6,21.6,0.3148,1
EagleCreekDrEtc_SHB_12.11.2025_LS,SHB,593,12603,210.08,412.9,213.4,31.0,23.5,0.7328,1
EagleCreekDrEtc_SHB_12.11.2025_LS,SHB,593,12604,210.09,411.7,213.4,32.2,24.2,0.802,1
EagleCreekDrEtc_SHB_12.11.2025_LS,SHB,593,12605,210.11,410.3,213.5,32.8,24.2,0.7905,1
EagleCreekDrEtc_SHB_12.11.2025_LS,SHB,593,12606,210.13,408.1,213.0,32.9,23.1,0.7204,1
EagleCreekDrEtc_SHB_12.11.2025_LS,SHB,593,12609,210.18,403.3,210.8,31.5,23.1,0.2721,1
EagleCreekDrEtc_SHB_12.11.2025_LS,SHB,593,12610,210.19,405.0,211.3,33.0,24.0,0.1395,1
EagleCreekDrEtc_SHB_12.11.2025_LS,SHB,593,12611,210.21,402.0,209.7,32.2,23.8,0.1645,1
EagleCreekDrEtc_SHB_12.11.2025_LS,SHB,593,12612,210.23,402.5,208.6,32.9,23.1,0.7238,1
EagleCreekDrEtc_SHB_12.11.2025_LS,SHB,593,12613,210.24,400.5,210.2,33.0,23.1,0.6786,1
EagleCreekDrEtc_SHB_12.11.2025_LS,SHB,593,12614,210.26,399.3,210.3,33.5,23.0,0.6309,1
EagleCreekDrEtc_SHB_12.11.2025_LS,SHB,593,12615,210.28,399.7,210.2,32.6,23.1,0.5531,1
EagleCreekDrEtc_SHB_12.11.2025_LS,SHB,593,12616,210.29,400.7,210.0,33.3,23.6,0.6524,1
EagleCreekDrEtc_SHB_12.11.2025_LS,SHB,605,12604,210.09,320.8,210.8,37.1,22.4,0.5485,0
EagleCreekDrEtc_SHB_12.11.2025_LS,SHB,605,12605,210.11,324.9,209.4,36.5,23.4,0.4217,0
EagleCreekDrEtc_SHB_12.11.2025_LS,SHB,605,12606,210.13,321.8,210.4,35.2,23.1,0.1926,0
EagleCreekDrEtc_SHB_12.11.2025_LS,SHB,605,12607,210.14,316.3,211.8,34.3,22.2,0.2885,0
EagleCreekDrEtc_SHB_12.11.2025_LS,SHB,619,12632,210.56,297.5,210.4,34.1,23.7,0.4181,1
EagleCreekDrEtc_SHB_12.11.2025_LS,SHB,619,12633,210.58,295.5,209.8,35.7,23.4,0.265,1
EagleCreekDrEtc_SHB_12.11.2025_LS,SHB,619,12634,210.59,296.0,209.7,35.2,22.7,0.5831,1
EagleCreekDrEtc_SHB_12.11.2025_LS,SHB,619,12635,210.61,293.4,210.2,35.2,23.2,0.6816,1
EagleCreekDrEtc_SHB_12.11.2025_LS,SHB,619,12636,210.63,292.1,210.8,35.8,24.0,0.6558,1
EagleCreekDrEtc_SHB_12.11.2025_LS,SHB,619,12637,210.64,289.3,208.2,35.6,24.9,0.7003,1
EagleCreekDrEtc_SHB_12.11.2025_LS,SHB,619,12638,210.66,291.2,208.3,34.9,24.8,0.6579,1
EagleCreekDrEtc_SHB_12.11.2025_LS,SHB,619,12639,210.68,287.0,208.7,35.0,24.7,0.1203,1
EagleCreekDrEtc_SHB_12.11.2025_LS,SHB,619,12640,210.69,281.8,207.1,35.3,23.9,0.3283,1
EagleCreekDrEtc_SHB_12.11.2025_LS,SHB,619,12645,210.78,286.4,210.3,34.6,22.9,0.6244,1
EagleCreekDrEtc_SHB_12.11.2025_LS,SHB,619,12646,210.79,283.9,209.6,35.2,23.5,0.2818,1
EagleCreekDrEtc_SHB_12.11.2025_LS,SHB,619,12647,210.81,284.4,208.9,34.4,23.1,0.1593,1
EagleCreekDrEtc_SHB_12.11.2025_LS,SHB,619,12648,210.83,282.5,208.8,34.9,23.6,0.3222,1
EagleCreekDrEtc_SHB_12.11.2025_LS,SHB,619,12649,210.84,280.2,208.5,35.9,23.7,0.7358,1
EagleCreekDrEtc_SHB_12.11.2025_LS,SHB,619,12650,210.86,277.7,208.2,38.1,24.3,0.7034,1
EagleCreekDrEtc_SHB_12.11.2025_LS,SHB,619,12651,210.88,276.9,208.0,37.1,24.3,0.7327,1
EagleCreekDrEtc_SHB_12.11.2025_LS,SHB,619,12652,210.89,274.8,208.0,37.8,24.6,0.7227,1
EagleCreekDrEtc_SHB_12.11.2025_LS,SHB,619,12653,210.91,275.2,207.9,36.4,23.2,0.3955,1
EagleCreekDrEtc_SHB_12.11.2025_LS,SHB,619,12655,210.94,268.5,209.0,36.8,22.5,0.2991,1
EagleCreekDrEtc_SHB_12.11.2025_LS,SHB,619,12656,210.96,268.4,208.1,37.3,21.3,0.4294,1
EagleCreekDrEtc_SHB_12.11.2025_LS,SHB,619,12657,210.98,268.0,209.0,38.0,22.0,0.1427,1
EagleCreekDrEtc_SHB_12.11.2025_LS,SHB,619,12663,211.08,240.7,209.4,37.0,21.8,0.5547,1
EagleCreekDrEtc_SHB_12.11.2025_LS,SHB,619,12664,211.09,239.5,210.3,37.0,22.4,0.1507,1
EagleCreekDrEtc_SHB_12.11.2025_LS,SHB,619,12665,211.11,236.2,210.8,38.9,24.1,0.1312,1
EagleCreekDrEtc_SHB_12.11.2025_LS,SHB,619,12682,211.39,238.5,223.0,41.2,24.1,0.6594,1
EagleCreekDrEtc_SHB_12.11.2025_LS,SHB,619,12683,211.41,235.7,224.5,41.0,23.6,0.7189,1
EagleCreekDrEtc_SHB_12.11.2025_LS,SHB,619,12684,211.43,236.0,224.4,41.5,23.2,0.6273,1
EagleCreekDrEtc_SHB_12.11.2025_LS,SHB,619,12685,211.44,234.7,224.3,41.7,23.3,0.5872,1
EagleCreekDrEtc_SHB_12.11.2025_LS,SHB,619,12686,211.46,233.9,224.6,43.3,24.9,0.4602,1
EagleCreekDrEtc_SHB_12.11.2025_LS,SHB,619,12687,211.48,233.0,225.4,42.8,25.6,0.311,1
EagleCreekDrEtc_SHB_12.11.2025_LS,SHB,619,12688,211.49,233.5,227.5,40.9,25.1,0.1063,1
EagleCreekDrEtc_SHB_12.11.2025_LS,SHB,619,12700,211.69,224.6,233.6,40.5,23.0,0.6236,1
EagleCreekDrEtc_SHB_12.11.2025_LS,SHB,619,12701,211.71,224.1,234.1,40.7,23.4,0.5589,1
EagleCreekDrEtc_SHB_12.11.2025_LS,SHB,619,12702,211.73,225.5,234.8,38.3,22.9,0.1956,1
EagleCreekDrEtc_SHB_12.11.2025_LS,SHB,619,12715,211.94,211.0,238.9,36.4,21.8,0.6384,1
EagleCreekDrEtc_SHB_12.11.2025_LS,SHB,619,12716,211.96,214.6,240.1,37.6,22.4,0.6076,1
EagleCreekDrEtc_SHB_12.11.2025_LS,SHB,619,12717,211.98,213.9,241.1,40.0,22.3,0.6472,1
EagleCreekDrEtc_SHB_12.11.2025_LS,SHB,619,12718,211.99,213.3,241.3,39.8,22.5,0.7496,1
EagleCreekDrEtc_SHB_12.11.2025_LS,SHB,619,12719,212.01,209.8,241.2,35.9,23.0,0.6474,1
EagleCreekDrEtc_SHB_12.11.2025_LS,SHB,619,12720,212.03,210.0,239.8,39.9,23.6,0.5393,1
EagleCreekDrEtc_SHB_12.11.2025_LS,SHB,619,12721,212.04,211.6,239.7,38.5,24.1,0.1159,1
EagleCreekDrEtc_SHB_12.11.2025_LS,SHB,619,12722,212.06,207.9,240.5,38.5,24.3,0.4549,1
EagleCreekDrEtc_SHB_12.11.2025_LS,SHB,619,12723,212.08,205.4,241.0,39.0,23.8,0.3459,1
EagleCreekDrEtc_SHB_12.11.2025_LS,SHB,619,12724,212.09,206.4,243.1,41.4,24.3,0.4509,1
EagleCreekDrEtc_SHB_12.11.2025_LS,SHB,619,12725,212.11,208.2,245.0,38.6,24.4,0.5338,1
EagleCreekDrEtc_SHB_12.11.2025_LS,SHB,619,12726,212.13,206.5,247.1,36.1,24.0,0.3411,1
EagleCreekDrEtc_SHB_12.11.2025_LS,SHB,619,12727,212.14,203.1,247.3,35.7,23.5,0.5669,1
EagleCreekDrEtc_SHB_12.11.2025_LS,SHB,619,12728,212.16,200.6,246.5,38.7,23.6,0.5782,1
EagleCreekDrEtc_SHB_12.11.2025_LS,SHB,619,12729,212.18,196.5,243.3,39.0,23.5,0.2075,1
EagleCreekDrEtc_SHB_12.11.2025_LS,SHB,619,12730,212.19,194.2,243.7,39.4,23.4,0.1324,1
EagleCreekDrEtc_SHB_12.11.2025_LS,SHB,619,12732,212.23,194.6,242.8,38.4,23.4,0.3928,1
EagleCreekDrEtc_SHB_12.11.2025_LS,SHB,619,12733,212.24,191.3,243.5,37.6,23.2,0.1899,1
EagleCreekDrEtc_SHB_12.11.2025_LS,SHB,619,12735,212.28,190.8,242.6,33.5,22.5,0.6203,1
EagleCreekDrEtc_SHB_12.11.2025_LS,SHB,619,12736,212.29,185.0,242.5,35.3,22.8,0.1366,1
EagleCreekDrEtc_SHB_12.11.2025_LS,SHB,619,12740,212.36,187.6,240.5,37.5,22.3,0.5379,1
EagleCreekDrEtc_SHB_12.11.2025_LS,SHB,619,12741,212.38,186.7,239.6,39.1,22.9,0.5979,1
EagleCreekDrEtc_SHB_12.11.2025_LS,SHB,619,12742,212.39,182.9,239.2,39.2,23.0,0.6521,1
EagleCreekDrEtc_SHB_12.11.2025_LS,SHB,619,12743,212.41,182.0,238.6,39.0,23.6,0.5878,1
EagleCreekDrEtc_SHB_12.11.2025_LS,SHB,619,12744,212.43,180.4,239.0,39.7,24.0,0.6096,1
EagleCreekDrEtc_SHB_12.11.2025_LS,SHB,619,12745,212.44,179.3,239.4,38.3,22.8,0.6138,1
EagleCreekDrEtc_SHB_12.11.2025_LS,SHB,619,12746,212.46,176.3,239.7,40.4,22.5,0.6385,1
EagleCreekDrEtc_SHB_12.11.2025_LS,SHB,619,12747,212.48,173.8,239.4,40.8,22.4,0.3134,1
EagleCreekDrEtc_SHB_12.11.2025_LS,SHB,619,12748,212.49,169.9,239.6,38.4,22.9,0.1745,1
EagleCreekDrEtc_SHB_12.11.2025_LS,SHB,619,12749,212.51,167.7,239.0,36.7,22.3,0.4515,1
EagleCreekDrEtc_SHB_12.11.2025_LS,SHB,619,12750,212.53,160.9,239.0,36.2,23.1,0.143,1
EagleCreekDrEtc_SHB_12.11.2025_LS,SHB,619,12751,212.54,165.8,239.4,38.7,23.7,0.2388,1
EagleCreekDrEtc_SHB_12.11.2025_LS,SHB,619,12752,212.56,170.1,239.7,37.2,23.2,0.1802,1
EagleCreekDrEtc_SHB_12.11.2025_LS,SHB,619,12753,212.58,172.6,239.9,37.3,24.1,0.1787,1
EagleCreekDrEtc_SHB_12.11.2025_LS,SHB,619,12754,212.59,172.5,240.8,36.9,25.1,0.2366,1
EagleCreekDrEtc_SHB_12.11.2025_LS,SHB,619,12762,212.73,159.9,238.6,40.2,22.5,0.62,1
EagleCreekDrEtc_SHB_12.11.2025_LS,SHB,619,12763,212.74,160.5,238.4,39.7,22.8,0.6095,1
EagleCreekDrEtc_SHB_12.11.2025_LS,SHB,619,12764,212.76,159.6,238.0,37.9,23.1,0.6546,1
EagleCreekDrEtc_SHB_12.11.2025_LS,SHB,619,12765,212.78,159.2,238.1,38.8,23.6,0.6824,1
EagleCreekDrEtc_SHB_12.11.2025_LS,SHB,619,12766,212.79,158.0,237.9,38.4,23.8,0.725,1
EagleCreekDrEtc_SHB_12.11.2025_LS,SHB,619,12767,212.81,157.3,237.7,39.8,23.3,0.6633,1
EagleCreekDrEtc_SHB_12.11.2025_LS,SHB,619,12768,212.83,158.8,238.5,40.4,22.7,0.652,1
EagleCreekDrEtc_SHB_12.11.2025_LS,SHB,619,12769,212.84,160.6,239.8,39.1,21.6,0.7032,1
EagleCreekDrEtc_SHB_12.11.2025_LS,SHB,619,12770,212.86,159.0,239.9,40.1,21.9,0.7092,1
EagleCreekDrEtc_SHB_12.11.2025_LS,SHB,619,12771,212.88,155.9,239.4,39.5,21.8,0.7424,1
EagleCreekDrEtc_SHB_12.11.2025_LS,SHB,619,12772,212.89,155.5,240.0,40.3,21.6,0.764,1
EagleCreekDrEtc_SHB_12.11.2025_LS,SHB,619,12773,212.91,154.3,240.2,40.4,22.1,0.7502,1
EagleCreekDrEtc_SHB_12.11.2025_LS,SHB,619,12774,212.93,151.7,240.7,41.2,22.6,0.7479,1
EagleCreekDrEtc_SHB_12.11.2025_LS,SHB,619,12775,212.94,149.7,240.8,41.2,22.7,0.7701,1
EagleCreekDrEtc_SHB_12.11.2025_LS,SHB,619,12776,212.96,146.9,241.1,41.3,23.0,0.7791,1
EagleCreekDrEtc_SHB_12.11.2025_LS,SHB,619,12777,212.98,143.9,241.0,41.8,23.4,0.779,1
EagleCreekDrEtc_SHB_12.11.2025_LS,SHB,619,12778,212.99,141.2,241.0,41.6,23.8,0.7551,1
EagleCreekDrEtc_SHB_12.11.2025_LS,SHB,619,12779,213.01,139.8,240.8,41.9,24.5,0.7359,1
EagleCreekDrEtc_SHB_12.11.2025_LS,SHB,619,12780,213.03,138.7,241.3,39.2,23.4,0.7424,1
EagleCreekDrEtc_SHB_12.11.2025_LS,SHB,619,12781,213.04,138.3,242.0,38.7,23.2,0.7239,1
EagleCreekDrEtc_SHB_12.11.2025_LS,SHB,619,12782,213.06,136.3,241.3,38.6,22.9,0.7104,1
EagleCreekDrEtc_SHB_12.11.2025_LS,SHB,619,12783,213.08,135.2,241.3,39.8,23.0,0.7064,1
EagleCreekDrEtc_SHB_12.11.2025_LS,SHB,619,12784,213.09,133.6,241.4,40.8,23.3,0.7121,1
EagleCreekDrEtc_SHB_12.11.2025_LS,SHB,619,12785,213.11,132.8,241.4,41.2,23.3,0.7091,1
EagleCreekDrEtc_SHB_12.11.2025_LS,SHB,619,12786,213.13,132.9,241.8,40.6,23.0,0.7755,1
EagleCreekDrEtc_SHB_12.11.2025_LS,SHB,619,12787,213.14,131.5,241.5,41.7,23.6,0.7552,1
EagleCreekDrEtc_SHB_12.11.2025_LS,SHB,619,12788,213.16,129.8,240.8,42.3,24.1,0.7275,1
EagleCreekDrEtc_SHB_12.11.2025_LS,SHB,619,12789,213.18,128.4,241.0,40.8,23.4,0.7293,1
EagleCreekDrEtc_SHB_12.11.2025_LS,SHB,619,12790,213.19,127.8,240.9,38.8,22.4,0.719,1
EagleCreekDrEtc_SHB_12.11.2025_LS,SHB,619,12791,213.21,125.9,240.9,36.6,22.2,0.6382,1
EagleCreekDrEtc_SHB_12.11.2025_LS,SHB,619,12792,213.23,123.2,240.8,36.3,22.2,0.4955,1
EagleCreekDrEtc_SHB_12.11.2025_LS,SHB,619,12793,213.24,123.3,241.3,35.0,22.4,0.4657,1
EagleCreekDrEtc_SHB_12.11.2025_LS,SHB,619,12794,213.26,123.8,241.4,34.9,23.4,0.2595,1
EagleCreekDrEtc_SHB_12.11.2025_LS,SHB,619,12799,213.34,120.4,242.6,36.5,24.1,0.4184,1
EagleCreekDrEtc_SHB_12.11.2025_LS,SHB,619,12800,213.36,120.1,241.3,37.8,24.0,0.4546,1
EagleCreekDrEtc_SHB_12.11.2025_LS,SHB,619,12802,213.39,112.7,241.3,41.4,25.0,0.5113,1
EagleCreekDrEtc_SHB_12.11.2025_LS,SHB,619,12803,213.41,111.9,243.0,41.8,24.5,0.5056,1
EagleCreekDrEtc_SHB_12.11.2025_LS,SHB,619,12804,213.43,112.7,243.2,41.0,23.2,0.4607,1
EagleCreekDrEtc_SHB_12.11.2025_LS,SHB,619,12809,213.51,110.9,247.2,40.3,23.7,0.3831,1
EagleCreekDrEtc_SHB_12.11.2025_LS,SHB,619,12810,213.53,109.0,246.2,38.6,23.8,0.248,1
EagleCreekDrEtc_SHB_12.11.2025_LS,SHB,619,12811,213.54,106.8,246.0,42.2,24.6,0.2421,1
EagleCreekDrEtc_SHB_12.11.2025_LS,SHB,619,12812,213.56,105.5,245.0,41.3,24.2,0.402,1
EagleCreekDrEtc_SHB_12.11.2025_LS,SHB,619,12813,213.58,103.5,245.7,38.5,23.1,0.4559,1
EagleCreekDrEtc_SHB_12.11.2025_LS,SHB,619,12814,213.59,104.3,244.5,38.9,22.8,0.4936,1
EagleCreekDrEtc_SHB_12.11.2025_LS,SHB,619,12817,213.64,95.2,248.1,40.7,23.5,0.603,1
EagleCreekDrEtc_SHB_12.11.2025_LS,SHB,619,12818,213.66,96.8,249.1,37.3,22.8,0.6052,1
EagleCreekDrEtc_SHB_12.11.2025_LS,SHB,619,12819,213.68,96.4,248.2,35.7,21.6,0.5598,1
EagleCreekDrEtc_SHB_12.11.2025_LS,SHB,619,12820,213.69,96.4,248.1,35.6,23.1,0.4745,1
EagleCreekDrEtc_SHB_12.11.2025_LS,SHB,619,12821,213.71,92.1,247.0,37.6,23.1,0.4312,1
EagleCreekDrEtc_SHB_12.11.2025_LS,SHB,619,12822,213.73,91.4,246.3,36.9,22.8,0.6843,1
EagleCreekDrEtc_SHB_12.11.2025_LS,SHB,619,12823,213.74,88.9,245.1,39.1,23.1,0.6651,1
EagleCreekDrEtc_SHB_12.11.2025_LS,SHB,619,12824,213.76,87.6,244.2,41.3,24.0,0.6511,1
EagleCreekDrEtc_SHB_12.11.2025_LS,SHB,619,12825,213.78,85.0,244.4,44.3,25.0,0.6249,1
EagleCreekDrEtc_SHB_12.11.2025_LS,SHB,619,12826,213.79,86.3,245.1,40.0,24.2,0.4897,1
EagleCreekDrEtc_SHB_12.11.2025_LS,SHB,619,12827,213.81,82.2,242.4,36.2,23.4,0.1338,1
EagleCreekDrEtc_SHB_12.11.2025_LS,SHB,619,12828,213.83,79.9,242.3,34.9,23.6,0.3499,1
EagleCreekDrEtc_SHB_12.11.2025_LS,SHB,619,12829,213.84,78.7,242.1,35.5,24.1,0.3932,1
EagleCreekDrEtc_SHB_12.11.2025_LS,SHB,619,12830,213.86,76.4,242.8,36.2,23.4,0.1798,1
EagleCreekDrEtc_SHB_12.11.2025_LS,SHB,619,12831,213.88,78.0,245.2,34.7,23.4,0.5249,1
EagleCreekDrEtc_SHB_12.11.2025_LS,SHB,619,12832,213.89,75.6,243.9,35.0,23.2,0.6035,1
EagleCreekDrEtc_SHB_12.11.2025_LS,SHB,619,12833,213.91,75.1,243.1,34.0,22.9,0.558,1
EagleCreekDrEtc_SHB_12.11.2025_LS,SHB,619,12834,213.93,76.2,244.2,36.5,23.5,0.6507,1
EagleCreekDrEtc_SHB_12.11.2025_LS,SHB,619,12835,213.94,76.7,243.7,36.0,23.3,0.6991,1
EagleCreekDrEtc_SHB_12.11.2025_LS,SHB,619,12836,213.96,74.3,242.7,37.4,22.8,0.7446,1
EagleCreekDrEtc_SHB_12.11.2025_LS,SHB,619,12837,213.98,72.4,241.9,38.8,23.2,0.728,1
EagleCreekDrEtc_SHB_12.11.2025_LS,SHB,619,12838,213.99,67.7,241.4,37.6,23.2,0.6172,1
EagleCreekDrEtc_SHB_12.11.2025_LS,SHB,619,12839,214.01,63.5,240.9,38.1,23.6,0.6068,1
EagleCreekDrEtc_SHB_12.11.2025_LS,SHB,619,12840,214.03,56.0,241.5,40.2,22.6,0.4688,1
EagleCreekDrEtc_SHB_12.11.2025_LS,SHB,619,12841,214.04,51.1,242.0,40.2,22.6,0.4377,1
EagleCreekDrEtc_SHB_12.11.2025_LS,SHB,619,12842,214.06,49.8,241.4,39.0,22.2,0.4627,1
EagleCreekDrEtc_SHB_12.11.2025_LS,SHB,619,12843,214.08,41.2,242.7,32.5,21.2,0.5571,1
EagleCreekDrEtc_SHB_12.11.2025_LS,SHB,619,12844,214.09,35.5,242.3,32.9,21.2,0.6128,1
EagleCreekDrEtc_SHB_12.11.2025_LS,SHB,619,12845,214.11,34.0,241.9,32.7,21.3,0.5175,1
EagleCreekDrEtc_SHB_12.11.2025_LS,SHB,619,12846,214.13,33.6,242.4,35.8,22.2,0.5829,1
EagleCreekDrEtc_SHB_12.11.2025_LS,SHB,619,12847,214.14,34.6,241.1,37.3,22.7,0.6118,1
EagleCreekDrEtc_SHB_12.11.2025_LS,SHB,619,12848,214.16,32.9,240.7,37.1,22.2,0.6322,1
EagleCreekDrEtc_SHB_12.11.2025_LS,SHB,619,12849,214.18,31.1,240.1,37.3,21.8,0.294,1
EagleCreekDrEtc_SHB_12.11.2025_LS,SHB,619,12851,214.21,33.9,239.8,37.4,22.9,0.3388,1
EagleCreekDrEtc_SHB_12.11.2025_LS,SHB,619,12852,214.23,27.9,239.2,41.5,23.9,0.3955,1
EagleCreekDrEtc_SHB_12.11.2025_LS,SHB,619,12853,214.24,30.5,239.0,41.1,23.4,0.5902,1
EagleCreekDrEtc_SHB_12.11.2025_LS,SHB,619,12854,214.26,31.4,238.8,41.6,23.2,0.4977,1
EagleCreekDrEtc_SHB_12.11.2025_LS,SHB,619,12855,214.28,32.5,239.2,40.2,23.0,0.483,1
EagleCreekDrEtc_SHB_12.11.2025_LS,SHB,619,12856,214.29,31.7,239.7,40.7,22.9,0.23,1
EagleCreekDrEtc_SHB_12.11.2025_LS,SHB,619,12857,214.31,38.8,237.5,43.8,25.0,0.4581,1
EagleCreekDrEtc_SHB_12.11.2025_LS,SHB,619,12858,214.33,41.2,237.5,44.1,24.6,0.4162,1
EagleCreekDrEtc_SHB_12.11.2025_LS,SHB,619,12859,214.34,39.8,238.3,44.5,23.9,0.2917,1
EagleCreekDrEtc_SHB_12.11.2025_LS,SHB,619,12860,214.36,47.3,239.0,41.5,23.6,0.4721,1
EagleCreekDrEtc_SHB_12.11.2025_LS,SHB,619,12861,214.38,49.3,240.1,40.9,22.6,0.6858,1
EagleCreekDrEtc_SHB_12.11.2025_LS,SHB,619,12862,214.39,48.1,239.4,41.4,23.1,0.7016,1
EagleCreekDrEtc_SHB_12.11.2025_LS,SHB,619,12863,214.41,46.3,239.4,41.4,23.8,0.6058,1
EagleCreekDrEtc_SHB_12.11.2025_LS,SHB,619,12864,214.43,44.0,239.8,41.4,23.6,0.7138,1
EagleCreekDrEtc_SHB_12.11.2025_LS,SHB,619,12865,214.44,46.1,238.9,40.3,23.6,0.6093,1
EagleCreekDrEtc_SHB_12.11.2025_LS,SHB,619,12866,214.46,45.6,239.8,36.8,23.9,0.6531,1
EagleCreekDrEtc_SHB_12.11.2025_LS,SHB,619,12867,214.48,43.6,241.2,35.3,23.5,0.6845,1
EagleCreekDrEtc_SHB_12.11.2025_LS,SHB,619,12868,214.49,42.7,239.6,38.0,23.4,0.5892,1
EagleCreekDrEtc_SHB_12.11.2025_LS,SHB,619,12869,214.51,40.2,239.7,39.4,23.7,0.6262,1
EagleCreekDrEtc_SHB_12.11.2025_LS,SHB,619,12870,214.53,38.9,240.2,36.5,22.8,0.6476,1
EagleCreekDrEtc_SHB_12.11.2025_LS,SHB,619,12871,214.54,37.1,241.1,33.3,22.4,0.6764,1
EagleCreekDrEtc_SHB_12.11.2025_LS,SHB,619,12872,214.56,36.6,240.1,37.6,22.9,0.6477,1
EagleCreekDrEtc_SHB_12.11.2025_LS,SHB,619,12874,214.59,29.8,242.1,37.4,23.4,0.3742,1
EagleCreekDrEtc_SHB_12.11.2025_LS,SHB,619,12875,214.61,29.7,243.5,34.3,22.0,0.392,1
EagleCreekDrEtc_SHB_12.11.2025_LS,SHB,619,12876,214.63,28.5,243.0,36.0,21.5,0.6413,1
EagleCreekDrEtc_SHB_12.11.2025_LS,SHB,619,12877,214.64,27.5,241.5,37.1,21.8,0.5336,1
EagleCreekDrEtc_SHB_12.11.2025_LS,SHB,619,12878,214.66,29.9,240.6,34.9,20.9,0.2398,1
EagleCreekDrEtc_SHB_12.11.2025_LS,SHB,619,12879,214.68,26.0,240.0,30.7,19.5,0.203,1
EagleCreekDrEtc_SHB_12.11.2025_LS,SHB,626,12645,210.78,374.0,210.0,32.5,24.2,0.6735,1
EagleCreekDrEtc_SHB_12.11.2025_LS,SHB,626,12646,210.79,372.2,211.2,30.8,23.7,0.6448,1
EagleCreekDrEtc_SHB_12.11.2025_LS,SHB,626,12647,210.81,371.8,212.4,32.3,24.1,0.5564,1
EagleCreekDrEtc_SHB_12.11.2025_LS,SHB,626,12648,210.83,372.0,213.2,31.0,23.5,0.2651,1
EagleCreekDrEtc_SHB_12.11.2025_LS,SHB,626,12649,210.84,370.5,212.1,33.2,23.3,0.2463,1
EagleCreekDrEtc_SHB_12.11.2025_LS,SHB,626,12650,210.86,369.2,211.7,31.7,22.7,0.3728,1
EagleCreekDrEtc_SHB_12.11.2025_LS,SHB,626,12651,210.88,370.4,211.3,31.4,22.0,0.239,1
EagleCreekDrEtc_SHB_12.11.2025_LS,SHB,626,12652,210.89,370.4,211.4,31.6,21.5,0.1739,1
EagleCreekDrEtc_SHB_12.11.2025_LS,SHB,626,12698,211.66,330.7,229.5,28.9,22.1,0.5814,1
EagleCreekDrEtc_SHB_12.11.2025_LS,SHB,626,12699,211.68,329.5,229.0,29.3,22.2,0.376,1
EagleCreekDrEtc_SHB_12.11.2025_LS,SHB,626,12700,211.69,329.0,228.3,30.3,22.7,0.7254,1
EagleCreekDrEtc_SHB_12.11.2025_LS,SHB,626,12701,211.71,326.6,229.0,32.1,23.0,0.6822,1
EagleCreekDrEtc_SHB_12.11.2025_LS,SHB,626,12702,211.73,325.8,228.9,34.1,24.0,0.4581,1
EagleCreekDrEtc_SHB_12.11.2025_LS,SHB,626,12703,211.74,325.6,230.4,32.7,23.1,0.693,1
EagleCreekDrEtc_SHB_12.11.2025_LS,SHB,626,12704,211.76,325.1,231.4,32.6,23.7,0.6464,1
EagleCreekDrEtc_SHB_12.11.2025_LS,SHB,626,12705,211.78,323.4,232.4,33.8,24.3,0.4651,1
EagleCreekDrEtc_SHB_12.11.2025_LS,SHB,626,12706,211.79,322.4,233.1,33.9,24.7,0.5572,1
EagleCreekDrEtc_SHB_12.11.2025_LS,SHB,626,12707,211.81,320.2,234.4,32.6,25.0,0.3079,1
EagleCreekDrEtc_SHB_12.11.2025_LS,SHB,626,12708,211.83,317.8,235.7,34.8,25.9,0.4035,1
EagleCreekDrEtc_SHB_12.11.2025_LS,SHB,626,12709,211.84,319.4,232.9,34.3,23.6,0.5084,1
EagleCreekDrEtc_SHB_12.11.2025_LS,SHB,626,12710,211.86,318.6,233.4,35.5,21.9,0.1986,1
EagleCreekDrEtc_SHB_12.11.2025_LS,SHB,626,12711,211.88,315.5,236.8,33.0,22.0,0.3991,1
EagleCreekDrEtc_SHB_12.11.2025_LS,SHB,626,12712,211.89,313.1,238.0,33.2,22.9,0.4264,1
EagleCreekDrEtc_SHB_12.11.2025_LS,SHB,626,12713,211.91,312.8,238.5,32.0,23.2,0.6135,1
EagleCreekDrEtc_SHB_12.11.2025_LS,SHB,626,12714,211.93,315.1,239.3,31.2,22.9,0.5025,1
EagleCreekDrEtc_SHB_12.11.2025_LS,SHB,626,12716,211.96,316.1,240.4,31.7,22.5,0.5391,1
EagleCreekDrEtc_SHB_12.11.2025_LS,SHB,626,12717,211.98,316.4,239.8,33.7,22.6,0.3903,1
EagleCreekDrEtc_SHB_12.11.2025_LS,SHB,626,12719,212.01,310.7,242.5,32.3,23.7,0.4563,1
EagleCreekDrEtc_SHB_12.11.2025_LS,SHB,626,12720,212.03,308.7,245.1,32.4,23.0,0.5428,1
EagleCreekDrEtc_SHB_12.11.2025_LS,SHB,626,12721,212.04,306.8,244.2,32.1,22.1,0.5208,1
EagleCreekDrEtc_SHB_12.11.2025_LS,SHB,626,12722,212.06,305.2,244.2,32.5,22.5,0.5967,1
EagleCreekDrEtc_SHB_12.11.2025_LS,SHB,626,12723,212.08,304.6,243.2,32.3,22.9,0.6972,1
EagleCreekDrEtc_SHB_12.11.2025_LS,SHB,626,12724,212.09,302.7,242.9,32.0,23.3,0.716,1
EagleCreekDrEtc_SHB_12.11.2025_LS,SHB,626,12725,212.11,301.3,243.0,31.8,23.7,0.727,1
EagleCreekDrEtc_SHB_12.11.2025_LS,SHB,626,12726,212.13,300.3,243.4,31.5,23.2,0.7202,1
EagleCreekDrEtc_SHB_12.11.2025_LS,SHB,626,12727,212.14,299.2,243.1,30.8,22.9,0.7278,1
EagleCreekDrEtc_SHB_12.11.2025_LS,SHB,626,12728,212.16,297.4,243.6,30.4,23.4,0.7335,1
EagleCreekDrEtc_SHB_12.11.2025_LS,SHB,626,12729,212.18,295.3,244.0,31.4,23.2,0.7357,1
EagleCreekDrEtc_SHB_12.11.2025_LS,SHB,626,12730,212.19,294.0,244.3,31.2,23.2,0.7467,1
EagleCreekDrEtc_SHB_12.11.2025_LS,SHB,626,12731,212.21,291.6,243.4,31.9,23.4,0.7179,1
EagleCreekDrEtc_SHB_12.11.2025_LS,SHB,626,12734,212.26,289.2,241.8,31.6,23.7,0.7324,1
EagleCreekDrEtc_SHB_12.11.2025_LS,SHB,626,12735,212.28,288.4,241.5,32.3,23.7,0.7205,1
EagleCreekDrEtc_SHB_12.11.2025_LS,SHB,626,12736,212.29,287.2,239.0,34.8,22.9,0.6571,1
EagleCreekDrEtc_SHB_12.11.2025_LS,SHB,626,12737,212.31,285.5,239.8,32.8,22.8,0.6006,1
EagleCreekDrEtc_SHB_12.11.2025_LS,SHB,626,12740,212.36,278.0,240.8,30.8,23.8,0.3729,1
EagleCreekDrEtc_SHB_12.11.2025_LS,SHB,626,12742,212.39,278.0,241.7,30.4,23.5,0.4869,1
EagleCreekDrEtc_SHB_12.11.2025_LS,SHB,626,12743,212.41,272.1,239.5,33.6,24.3,0.5732,1
EagleCreekDrEtc_SHB_12.11.2025_LS,SHB,626,12744,212.43,274.2,239.7,31.3,24.2,0.4349,1
EagleCreekDrEtc_SHB_12.11.2025_LS,SHB,626,12745,212.44,275.3,239.3,33.9,25.0,0.6761,1
EagleCreekDrEtc_SHB_12.11.2025_LS,SHB,626,12746,212.46,276.5,239.1,35.6,25.5,0.7069,1
EagleCreekDrEtc_SHB_12.11.2025_LS,SHB,626,12747,212.48,276.0,239.0,33.5,24.9,0.7114,1
EagleCreekDrEtc_SHB_12.11.2025_LS,SHB,626,12748,212.49,275.8,238.8,33.7,24.6,0.712,1
EagleCreekDrEtc_SHB_12.11.2025_LS,SHB,626,12749,212.51,274.4,238.6,34.1,25.2,0.7644,1
EagleCreekDrEtc_SHB_12.11.2025_LS,SHB,626,12750,212.53,272.6,238.7,35.8,25.9,0.75,1
EagleCreekDrEtc_SHB_12.11.2025_LS,SHB,626,12751,212.54,271.7,237.6,36.7,25.6,0.6941,1
EagleCreekDrEtc_SHB_12.11.2025_LS,SHB,626,12752,212.56,270.8,237.0,35.2,24.9,0.7259,1
EagleCreekDrEtc_SHB_12.11.2025_LS,SHB,626,12753,212.58,269.2,237.1,35.0,25.4,0.7178,1
EagleCreekDrEtc_SHB_12.11.2025_LS,SHB,626,12754,212.59,267.6,237.6,34.0,25.2,0.7023,1
EagleCreekDrEtc_SHB_12.11.2025_LS,SHB,626,12755,212.61,266.8,238.7,32.2,25.5,0.6898,1
EagleCreekDrEtc_SHB_12.11.2025_LS,SHB,626,12756,212.63,267.2,241.1,31.1,25.7,0.3933,1
EagleCreekDrEtc_SHB_12.11.2025_LS,SHB,626,12758,212.66,265.4,238.3,32.6,24.8,0.3597,1
EagleCreekDrEtc_SHB_12.11.2025_LS,SHB,626,12759,212.68,261.3,237.6,34.5,24.7,0.6092,1
EagleCreekDrEtc_SHB_12.11.2025_LS,SHB,626,12760,212.69,258.4,237.0,36.2,24.8,0.6988,1
EagleCreekDrEtc_SHB_12.11.2025_LS,SHB,626,12761,212.71,257.8,237.2,34.5,24.4,0.5506,1
EagleCreekDrEtc_SHB_12.11.2025_LS,SHB,626,12762,212.73,258.3,238.0,33.2,24.4,0.6792,1
EagleCreekDrEtc_SHB_12.11.2025_LS,SHB,626,12763,212.74,258.0,237.7,31.2,23.6,0.6496,1
EagleCreekDrEtc_SHB_12.11.2025_LS,SHB,626,12767,212.81,251.1,235.8,32.5,24.4,0.7064,1
EagleCreekDrEtc_SHB_12.11.2025_LS,SHB,626,12768,212.83,249.7,236.2,32.4,24.2,0.7276,1
EagleCreekDrEtc_SHB_12.11.2025_LS,SHB,626,12769,212.84,249.3,237.3,33.1,24.1,0.7409,1
EagleCreekDrEtc_SHB_12.11.2025_LS,SHB,626,12770,212.86,247.8,237.9,33.8,24.3,0.7605,1
EagleCreekDrEtc_SHB_12.11.2025_LS,SHB,626,12771,212.88,246.2,238.8,32.6,24.0,0.7288,1
EagleCreekDrEtc_SHB_12.11.2025_LS,SHB,626,12772,212.89,246.9,237.9,33.8,24.3,0.7377,1
EagleCreekDrEtc_SHB_12.11.2025_LS,SHB,626,12773,212.91,246.4,236.6,34.5,24.5,0.7262,1
EagleCreekDrEtc_SHB_12.11.2025_LS,SHB,626,12774,212.93,246.4,236.5,33.1,24.0,0.7266,1
EagleCreekDrEtc_SHB_12.11.2025_LS,SHB,626,12775,212.94,244.3,237.2,33.0,24.0,0.7412,1
EagleCreekDrEtc_SHB_12.11.2025_LS,SHB,626,12776,212.96,244.1,237.4,32.5,24.1,0.7452,1
EagleCreekDrEtc_SHB_12.11.2025_LS,SHB,626,12777,212.98,241.0,238.1,34.3,24.8,0.6953,1
EagleCreekDrEtc_SHB_12.11.2025_LS,SHB,626,12778,212.99,239.6,238.1,35.8,25.6,0.604,1
EagleCreekDrEtc_SHB_12.11.2025_LS,SHB,626,12779,213.01,239.7,237.3,37.2,25.1,0.7049,1
EagleCreekDrEtc_SHB_12.11.2025_LS,SHB,626,12780,213.03,238.6,237.1,35.8,23.8,0.7369,1
EagleCreekDrEtc_SHB_12.11.2025_LS,SHB,626,12781,213.04,238.1,238.2,35.3,22.9,0.7218,1
EagleCreekDrEtc_SHB_12.11.2025_LS,SHB,626,12782,213.06,237.7,237.7,34.9,23.0,0.7406,1
EagleCreekDrEtc_SHB_12.11.2025_LS,SHB,626,12783,213.08,236.3,237.6,33.5,22.4,0.7182,1
EagleCreekDrEtc_SHB_12.11.2025_LS,SHB,626,12784,213.09,235.4,239.0,30.2,21.9,0.579,1
EagleCreekDrEtc_SHB_12.11.2025_LS,SHB,626,12785,213.11,235.2,239.5,30.3,22.1,0.5035,1
EagleCreekDrEtc_SHB_12.11.2025_LS,SHB,626,12786,213.13,235.8,238.8,31.4,22.1,0.2348,1
EagleCreekDrEtc_SHB_12.11.2025_LS,SHB,626,12795,213.28,226.2,237.9,29.2,22.9,0.4087,1
EagleCreekDrEtc_SHB_12.11.2025_LS,SHB,626,12796,213.29,225.3,238.5,29.7,22.9,0.6387,1
EagleCreekDrEtc_SHB_12.11.2025_LS,SHB,626,12797,213.31,224.7,238.9,29.7,23.3,0.6309,1
EagleCreekDrEtc_SHB_12.11.2025_LS,SHB,626,12798,213.33,222.9,238.1,30.0,23.0,0.6366,1
EagleCreekDrEtc_SHB_12.11.2025_LS,SHB,626,12799,213.34,221.2,238.8,30.1,23.2,0.6736,1
EagleCreekDrEtc_SHB_12.11.2025_LS,SHB,626,12800,213.36,219.9,238.9,30.3,23.5,0.7072,1
EagleCreekDrEtc_SHB_12.11.2025_LS,SHB,626,12801,213.38,217.7,239.4,30.9,23.5,0.7259,1
EagleCreekDrEtc_SHB_12.11.2025_LS,SHB,626,12802,213.39,216.6,240.4,32.2,24.5,0.6852,1
EagleCreekDrEtc_SHB_12.11.2025_LS,SHB,626,12803,213.41,214.2,240.9,32.7,24.2,0.58,1
EagleCreekDrEtc_SHB_12.11.2025_LS,SHB,626,12804,213.43,213.6,242.4,34.4,23.7,0.5983,1
EagleCreekDrEtc_SHB_12.11.2025_LS,SHB,626,12805,213.44,213.4,243.8,35.1,23.4,0.6047,1
EagleCreekDrEtc_SHB_12.11.2025_LS,SHB,626,12806,213.46,212.0,243.9,35.2,22.6,0.3193,1
EagleCreekDrEtc_SHB_12.11.2025_LS,SHB,626,12807,213.48,211.8,244.2,36.5,22.9,0.1428,1
EagleCreekDrEtc_SHB_12.11.2025_LS,SHB,626,12808,213.49,207.0,245.5,37.6,23.5,0.4202,1
EagleCreekDrEtc_SHB_12.11.2025_LS,SHB,626,12809,213.51,204.9,246.0,35.6,23.8,0.6683,1
EagleCreekDrEtc_SHB_12.11.2025_LS,SHB,626,12810,213.53,204.6,247.2,33.9,23.9,0.5174,1
EagleCreekDrEtc_SHB_12.11.2025_LS,SHB,626,12811,213.54,202.9,245.7,33.8,23.8,0.2061,1
EagleCreekDrEtc_SHB_12.11.2025_LS,SHB,626,12816,213.63,202.0,244.3,31.9,23.7,0.4062,1
EagleCreekDrEtc_SHB_12.11.2025_LS,SHB,626,12817,213.64,199.2,245.1,30.8,23.5,0.2163,1
EagleCreekDrEtc_SHB_12.11.2025_LS,SHB,626,12818,213.66,199.8,245.5,29.9,23.4,0.3207,1
EagleCreekDrEtc_SHB_12.11.2025_LS,SHB,626,12819,213.68,198.6,246.8,30.6,24.2,0.1387,1
EagleCreekDrEtc_SHB_12.11.2025_LS,SHB,626,12824,213.76,193.3,245.9,31.0,24.3,0.6061,1
EagleCreekDrEtc_SHB_12.11.2025_LS,SHB,626,12825,213.78,192.2,246.4,31.0,24.9,0.6788,1
EagleCreekDrEtc_SHB_12.11.2025_LS,SHB,626,12826,213.79,191.1,246.2,30.6,25.0,0.5672,1
EagleCreekDrEtc_SHB_12.11.2025_LS,SHB,626,12827,213.81,190.0,245.6,29.3,23.8,0.6681,1
EagleCreekDrEtc_SHB_12.11.2025_LS,SHB,626,12828,213.83,190.0,245.7,29.4,24.0,0.5756,1
EagleCreekDrEtc_SHB_12.11.2025_LS,SHB,626,12829,213.84,188.1,244.7,29.3,23.9,0.6236,1
EagleCreekDrEtc_SHB_12.11.2025_LS,SHB,626,12830,213.86,186.5,244.5,29.5,23.9,0.4391,1
EagleCreekDrEtc_SHB_12.11.2025_LS,SHB,626,12831,213.88,185.1,244.5,29.1,23.7,0.5654,1
EagleCreekDrEtc_SHB_12.11.2025_LS,SHB,626,12832,213.89,184.3,244.5,29.3,23.8,0.6708,1
EagleCreekDrEtc_SHB_12.11.2025_LS,SHB,626,12833,213.91,182.2,242.3,28.9,23.3,0.4025,1
EagleCreekDrEtc_SHB_12.11.2025_LS,SHB,626,12834,213.93,181.2,240.8,28.8,23.5,0.6981,1
EagleCreekDrEtc_SHB_12.11.2025_LS,SHB,626,12835,213.94,179.3,241.7,30.5,24.2,0.6767,1
EagleCreekDrEtc_SHB_12.11.2025_LS,SHB,626,12836,213.96,178.9,241.0,30.6,24.7,0.7134,1
EagleCreekDrEtc_SHB_12.11.2025_LS,SHB,626,12837,213.98,178.8,241.0,29.7,24.1,0.7091,1
EagleCreekDrEtc_SHB_12.11.2025_LS,SHB,626,12838,213.99,177.2,241.6,29.6,23.9,0.585,1
EagleCreekDrEtc_SHB_12.11.2025_LS,SHB,626,12839,214.01,176.7,240.7,29.3,23.4,0.5685,1
EagleCreekDrEtc_SHB_12.11.2025_LS,SHB,627,12645,210.78,320.6,212.6,34.6,23.7,0.4784,1
EagleCreekDrEtc_SHB_12.11.2025_LS,SHB,627,12646,210.79,319.7,213.3,33.9,23.2,0.585,1
EagleCreekDrEtc_SHB_12.11.2025_LS,SHB,627,12647,210.81,316.3,213.6,32.4,22.8,0.2377,1
EagleCreekDrEtc_SHB_12.11.2025_LS,SHB,627,12648,210.83,315.3,213.0,33.2,23.4,0.1015,1
EagleCreekDrEtc_SHB_12.11.2025_LS,SHB,627,12665,211.11,244.6,215.9,36.6,23.6,0.3965,1
EagleCreekDrEtc_SHB_12.11.2025_LS,SHB,627,12666,211.13,241.1,215.8,36.0,23.3,0.6625,1
EagleCreekDrEtc_SHB_12.11.2025_LS,SHB,627,12669,211.18,242.1,216.3,37.6,22.6,0.5855,1
EagleCreekDrEtc_SHB_12.11.2025_LS,SHB,627,12670,211.19,241.9,216.1,39.0,22.5,0.6766,1
EagleCreekDrEtc_SHB_12.11.2025_LS,SHB,627,12671,211.21,242.0,217.2,38.6,22.9,0.6833,1
EagleCreekDrEtc_SHB_12.11.2025_LS,SHB,627,12672,211.23,239.3,217.5,38.1,22.8,0.6804,1
EagleCreekDrEtc_SHB_12.11.2025_LS,SHB,627,12673,211.24,235.6,219.6,36.4,23.4,0.5527,1
EagleCreekDrEtc_SHB_12.11.2025_LS,SHB,627,12676,211.29,232.3,222.4,36.3,23.0,0.4618,1
EagleCreekDrEtc_SHB_12.11.2025_LS,SHB,627,12677,211.31,228.7,223.7,35.1,22.0,0.5034,1
EagleCreekDrEtc_SHB_12.11.2025_LS,SHB,627,12678,211.33,221.0,224.2,34.8,21.7,0.2201,1
EagleCreekDrEtc_SHB_12.11.2025_LS,SHB,627,12679,211.34,216.9,224.5,34.9,21.6,0.1194,1
EagleCreekDrEtc_SHB_12.11.2025_LS,SHB,633,12665,211.11,363.4,209.2,34.2,26.0,0.595,1
EagleCreekDrEtc_SHB_12.11.2025_LS,SHB,633,12666,211.13,363.4,208.7,33.2,26.2,0.4224,1
EagleCreekDrEtc_SHB_12.11.2025_LS,SHB,633,12667,211.14,361.0,213.1,32.4,25.3,0.1789,1
EagleCreekDrEtc_SHB_12.11.2025_LS,SHB,633,12668,211.16,357.1,214.7,31.3,24.4,0.1844,1
EagleCreekDrEtc_SHB_12.11.2025_LS,SHB,633,12669,211.18,355.4,215.8,31.5,24.3,0.5997,1
EagleCreekDrEtc_SHB_12.11.2025_LS,SHB,633,12670,211.19,354.1,216.7,30.7,23.9,0.6599,1
EagleCreekDrEtc_SHB_12.11.2025_LS,SHB,633,12671,211.21,352.7,217.1,29.3,22.8,0.6705,1
EagleCreekDrEtc_SHB_12.11.2025_LS,SHB,633,12672,211.23,351.5,217.1,31.3,23.4,0.1779,1
EagleCreekDrEtc_SHB_12.11.2025_LS,SHB,633,12673,211.24,350.6,216.6,31.7,23.8,0.6355,1
EagleCreekDrEtc_SHB_12.11.2025_LS,SHB,633,12674,211.26,347.6,216.3,30.8,24.0,0.7033,1
EagleCreekDrEtc_SHB_12.11.2025_LS,SHB,633,12675,211.28,347.0,215.7,32.0,24.7,0.6838,1
EagleCreekDrEtc_SHB_12.11.2025_LS,SHB,633,12676,211.29,346.1,215.3,32.4,24.4,0.7136,1
EagleCreekDrEtc_SHB_12.11.2025_LS,SHB,633,12677,211.31,346.6,214.6,32.5,24.0,0.7158,1
EagleCreekDrEtc_SHB_12.11.2025_LS,SHB,633,12678,211.33,345.9,214.8,31.6,23.5,0.7418,1
EagleCreekDrEtc_SHB_12.11.2025_LS,SHB,633,12679,211.34,345.0,215.6,30.5,22.3,0.6558,1
EagleCreekDrEtc_SHB_12.11.2025_LS,SHB,633,12680,211.36,344.2,215.6,29.8,22.0,0.694,1
EagleCreekDrEtc_SHB_12.11.2025_LS,SHB,633,12682,211.39,342.3,218.0,28.9,22.8,0.686,1
EagleCreekDrEtc_SHB_12.11.2025_LS,SHB,633,12683,211.41,343.4,219.1,29.5,22.9,0.7278,1
EagleCreekDrEtc_SHB_12.11.2025_LS,SHB,633,12684,211.43,341.3,218.9,30.4,23.7,0.7097,1
EagleCreekDrEtc_SHB_12.11.2025_LS,SHB,633,12685,211.44,341.4,219.8,30.1,23.7,0.6395,1
EagleCreekDrEtc_SHB_12.11.2025_LS,SHB,633,12686,211.46,339.3,218.6,31.0,23.9,0.627,1
EagleCreekDrEtc_SHB_12.11.2025_LS,SHB,633,12687,211.48,336.9,218.8,30.0,23.3,0.2034,1
EagleCreekDrEtc_SHB_12.11.2025_LS,SHB,633,12688,211.49,334.5,218.0,31.2,23.7,0.5337,1
EagleCreekDrEtc_SHB_12.11.2025_LS,SHB,633,12689,211.51,332.3,217.3,30.5,23.5,0.5976,1
EagleCreekDrEtc_SHB_12.11.2025_LS,SHB,633,12690,211.53,331.7,218.7,31.5,23.7,0.1636,1
EagleCreekDrEtc_SHB_12.11.2025_LS,SHB,672,12860,214.36,153.1,235.8,32.0,23.4,0.6077,0
EagleCreekDrEtc_SHB_12.11.2025_LS,SHB,672,12861,214.38,151.9,236.1,32.7,23.3,0.5843,0
EagleCreekDrEtc_SHB_12.11.2025_LS,SHB,672,12862,214.39,152.0,237.3,32.6,23.4,0.5622,0
EagleCreekDrEtc_SHB_12.11.2025_LS,SHB,672,12863,214.41,153.2,235.2,31.8,23.6,0.6105,0
EagleCreekDrEtc_SHB_12.11.2025_LS,SHB,672,12864,214.43,152.7,234.4,30.6,23.5,0.7155,0
EagleCreekDrEtc_SHB_12.11.2025_LS,SHB,672,12865,214.44,152.8,235.8,31.4,24.5,0.5091,0
EagleCreekDrEtc_SHB_12.11.2025_LS,SHB,672,12866,214.46,151.0,237.7,31.3,24.6,0.1664,0
EagleCreekDrEtc_SHB_12.11.2025_LS,SHB,672,12867,214.48,149.4,240.0,28.8,23.0,0.6246,0
EagleCreekDrEtc_SHB_12.11.2025_LS,SHB,672,12868,214.49,148.5,241.2,29.7,22.8,0.4328,0
EagleCreekDrEtc_SHB_12.11.2025_LS,SHB,672,12869,214.51,147.5,241.9,29.3,22.4,0.4147,0
EagleCreekDrEtc_SHB_12.11.2025_LS,SHB,675,12887,214.81,130.3,233.1,28.2,21.1,0.429,0
EagleCreekDrEtc_SHB_12.11.2025_LS,SHB,675,12888,214.83,129.3,234.5,29.3,21.1,0.3248,0
EagleCreekDrEtc_SHB_12.11.2025_LS,SHB,675,12889,214.84,125.8,235.1,29.4,21.4,0.2329,0
EagleCreekDrEtc_SHB_12.11.2025_LS,SHB,680,12928,215.49,80.7,257.9,29.1,20.6,0.5135,1
EagleCreekDrEtc_SHB_12.11.2025_LS,SHB,680,12929,215.51,78.6,256.7,30.6,20.6,0.1992,1
EagleCreekDrEtc_SHB_12.11.2025_LS,SHB,680,12930,215.53,78.9,256.8,28.6,20.6,0.6268,1
EagleCreekDrEtc_SHB_12.11.2025_LS,SHB,680,12931,215.54,78.0,256.1,30.1,21.4,0.4623,1
EagleCreekDrEtc_SHB_12.11.2025_LS,SHB,680,12942,215.73,69.8,257.8,27.4,23.2,0.6777,1
EagleCreekDrEtc_SHB_12.11.2025_LS,SHB,680,12943,215.74,67.2,257.9,27.1,23.0,0.6454,1
EagleCreekDrEtc_SHB_12.11.2025_LS,SHB,680,12944,215.76,66.2,259.4,28.6,23.6,0.6373,1
EagleCreekDrEtc_SHB_12.11.2025_LS,SHB,680,12945,215.78,66.2,259.9,28.6,22.8,0.5964,1
EagleCreekDrEtc_SHB_12.11.2025_LS,SHB,680,12946,215.79,66.0,260.0,28.1,22.4,0.6503,1
EagleCreekDrEtc_SHB_12.11.2025_LS,SHB,680,12947,215.81,65.2,260.8,27.9,22.2,0.6689,1
EagleCreekDrEtc_SHB_12.11.2025_LS,SHB,680,12948,215.83,64.1,260.9,29.4,22.3,0.6173,1
EagleCreekDrEtc_SHB_12.11.2025_LS,SHB,680,12949,215.84,64.2,260.9,29.0,22.8,0.4255,1
EagleCreekDrEtc_SHB_12.11.2025_LS,SHB,680,12950,215.86,62.5,261.0,29.4,23.4,0.2201,1
EagleCreekDrEtc_SHB_12.11.2025_LS,SHB,680,12953,215.91,59.5,261.5,29.1,24.5,0.2901,1
EagleCreekDrEtc_SHB_12.11.2025_LS,SHB,680,12954,215.93,61.3,261.6,28.4,23.4,0.2417,1
EagleCreekDrEtc_SHB_12.11.2025_LS,SHB,680,12955,215.94,60.2,259.2,30.2,23.3,0.465,1
EagleCreekDrEtc_SHB_12.11.2025_LS,SHB,680,12956,215.96,59.3,258.6,31.5,23.4,0.5191,1
EagleCreekDrEtc_SHB_12.11.2025_LS,SHB,680,12957,215.98,60.6,258.9,30.4,22.5,0.3403,1
EagleCreekDrEtc_SHB_12.11.2025_LS,SHB,680,12958,215.99,61.2,259.6,29.6,22.1,0.365,1
EagleCreekDrEtc_SHB_12.11.2025_LS,SHB,680,12959,216.01,61.0,259.7,27.3,20.9,0.1904,1
EagleCreekDrEtc_SHB_12.11.2025_LS,SHB,680,12960,216.03,60.2,260.0,27.2,20.8,0.4403,1
EagleCreekDrEtc_SHB_12.11.2025_LS,SHB,680,12961,216.04,59.5,261.3,26.7,21.0,0.3062,1
EagleCreekDrEtc_SHB_12.11.2025_LS,SHB,680,12962,216.06,58.6,261.2,26.0,21.9,0.311,1
EagleCreekDrEtc_SHB_12.11.2025_LS,SHB,680,12963,216.08,58.1,261.2,26.4,22.4,0.1114,1
EagleCreekDrEtc_SHB_12.11.2025_LS,SHB,680,12977,216.31,54.2,259.3,28.9,21.8,0.4317,1
EagleCreekDrEtc_SHB_12.11.2025_LS,SHB,680,12978,216.33,53.2,259.0,28.9,22.4,0.489,1
EagleCreekDrEtc_SHB_12.11.2025_LS,SHB,680,12979,216.34,52.9,258.7,28.5,22.4,0.633,1
EagleCreekDrEtc_SHB_12.11.2025_LS,SHB,680,12980,216.36,52.0,259.3,28.6,22.2,0.5863,1
EagleCreekDrEtc_SHB_12.11.2025_LS,SHB,680,12981,216.38,50.4,258.6,27.9,22.3,0.6561,1
EagleCreekDrEtc_SHB_12.11.2025_LS,SHB,680,12982,216.39,49.8,258.4,28.3,22.5,0.6474,1
EagleCreekDrEtc_SHB_12.11.2025_LS,SHB,680,12983,216.41,49.5,259.3,29.2,23.0,0.6734,1
EagleCreekDrEtc_SHB_12.11.2025_LS,SHB,680,12984,216.43,48.7,258.4,30.0,23.5,0.5482,1
EagleCreekDrEtc_SHB_12.11.2025_LS,SHB,680,12985,216.44,47.1,259.1,28.2,22.8,0.6983,1
EagleCreekDrEtc_SHB_12.11.2025_LS,SHB,680,12986,216.46,45.9,259.2,28.4,23.1,0.7277,1
EagleCreekDrEtc_SHB_12.11.2025_LS,SHB,680,12987,216.48,44.6,259.5,27.1,22.5,0.6706,1
EagleCreekDrEtc_SHB_12.11.2025_LS,SHB,680,12988,216.49,44.2,259.4,27.5,22.6,0.7156,1
EagleCreekDrEtc_SHB_12.11.2025_LS,SHB,680,12989,216.51,43.9,260.0,27.5,22.6,0.6943,1
EagleCreekDrEtc_SHB_12.11.2025_LS,SHB,680,12990,216.53,43.8,260.1,28.0,22.8,0.2568,1
EagleCreekDrEtc_SHB_12.11.2025_LS,SHB,680,12991,216.54,44.2,260.2,28.8,22.7,0.1545,1
EagleCreekDrEtc_SHB_12.11.2025_LS,SHB,680,12992,216.56,45.5,261.9,29.0,22.9,0.2272,1
EagleCreekDrEtc_SHB_12.11.2025_LS,SHB,683,13065,217.78,29.7,252.2,27.8,22.2,0.4981,1
EagleCreekDrEtc_SHB_12.11.2025_LS,SHB,683,13066,217.79,29.6,251.4,28.8,22.2,0.5709,1
EagleCreekDrEtc_SHB_12.11.2025_LS,SHB,683,13067,217.81,29.7,250.9,30.2,22.5,0.5641,1
EagleCreekDrEtc_SHB_12.11.2025_LS,SHB,683,13068,217.83,29.5,250.7,32.4,22.7,0.4757,1
EagleCreekDrEtc_SHB_12.11.2025_LS,SHB,683,13069,217.84,30.5,250.5,33.6,22.3,0.4926,1
EagleCreekDrEtc_SHB_12.11.2025_LS,SHB,683,13070,217.86,33.1,250.8,33.4,21.4,0.4391,1
EagleCreekDrEtc_SHB_12.11.2025_LS,SHB,683,13071,217.88,34.1,250.9,33.6,21.5,0.3491,1
EagleCreekDrEtc_SHB_12.11.2025_LS,SHB,683,13072,217.89,34.8,250.8,32.5,22.5,0.2438,1
EagleCreekDrEtc_SHB_12.11.2025_LS,SHB,683,13073,217.91,34.8,250.7,30.9,22.2,0.2709,1
EagleCreekDrEtc_SHB_12.11.2025_LS,SHB,683,13074,217.93,33.7,251.1,30.4,22.0,0.3912,1
EagleCreekDrEtc_SHB_12.11.2025_LS,SHB,683,13075,217.94,33.4,251.4,29.5,22.0,0.3595,1
EagleCreekDrEtc_SHB_12.11.2025_LS,SHB,683,13076,217.96,32.5,251.4,30.2,22.6,0.513,1
EagleCreekDrEtc_SHB_12.11.2025_LS,SHB,683,13077,217.98,31.8,250.9,30.6,23.2,0.3692,1
EagleCreekDrEtc_SHB_12.11.2025_LS,SHB,683,13078,217.99,31.4,251.0,30.2,24.1,0.3852,1
EagleCreekDrEtc_SHB_12.11.2025_LS,SHB,683,13079,218.01,31.0,251.1,30.5,24.0,0.2083,1
EagleCreekDrEtc_SHB_12.11.2025_LS,SHB,683,13080,218.03,31.2,250.4,28.8,22.7,0.3265,1
EagleCreekDrEtc_SHB_12.11.2025_LS,SHB,683,13081,218.04,31.3,249.9,28.6,22.1,0.3324,1
EagleCreekDrEtc_SHB_12.11.2025_LS,SHB,683,13082,218.06,31.3,249.8,28.2,21.7,0.2331,1
EagleCreekDrEtc_SHB_12.11.2025_LS,SHB,683,13083,218.08,31.4,249.6,27.8,21.6,0.1625,1
EagleCreekDrEtc_SHB_12.11.2025_LS,SHB,683,13084,218.09,31.5,249.3,27.8,21.9,0.1871,1
EagleCreekDrEtc_SHB_12.11.2025_LS,SHB,684,13087,218.14,541.4,237.1,20.9,18.8,0.3294,1
EagleCreekDrEtc_SHB_12.11.2025_LS,SHB,684,13088,218.16,541.7,236.9,21.1,19.1,0.469,1
EagleCreekDrEtc_SHB_12.11.2025_LS,SHB,684,13089,218.18,542.2,237.5,21.2,19.2,0.3451,1
EagleCreekDrEtc_SHB_12.11.2025_LS,SHB,684,13090,218.19,542.4,237.3,21.1,19.1,0.6106,1
EagleCreekDrEtc_SHB_12.11.2025_LS,SHB,684,13091,218.21,542.4,237.0,21.3,19.2,0.6515,1
EagleCreekDrEtc_SHB_12.11.2025_LS,SHB,684,13092,218.23,542.4,237.0,21.6,19.4,0.6578,1
EagleCreekDrEtc_SHB_12.11.2025_LS,SHB,684,13093,218.24,542.4,237.1,21.6,19.3,0.6199,1
EagleCreekDrEtc_SHB_12.11.2025_LS,SHB,684,13094,218.26,542.5,237.2,22.6,19.5,0.6366,1
EagleCreekDrEtc_SHB_12.11.2025_LS,SHB,684,13095,218.28,542.8,237.8,22.0,19.1,0.4798,1
EagleCreekDrEtc_SHB_12.11.2025_LS,SHB,684,13096,218.29,543.3,238.1,22.4,19.3,0.524,1
EagleCreekDrEtc_SHB_12.11.2025_LS,SHB,684,13097,218.31,543.8,238.2,22.4,19.1,0.5434,1
EagleCreekDrEtc_SHB_12.11.2025_LS,SHB,684,13098,218.33,543.9,238.3,22.0,18.7,0.4575,1
EagleCreekDrEtc_SHB_12.11.2025_LS,SHB,684,13099,218.34,543.8,238.5,22.4,19.0,0.378,1
EagleCreekDrEtc_SHB_12.11.2025_LS,SHB,684,13100,218.36,544.0,238.8,22.3,18.9,0.1471,1
EagleCreekDrEtc_SHB_12.11.2025_LS,SHB,684,13101,218.38,544.4,239.1,22.1,18.8,0.3495,1
EagleCreekDrEtc_SHB_12.11.2025_LS,SHB,684,13102,218.39,545.4,239.0,22.2,18.4,0.3488,1
EagleCreekDrEtc_SHB_12.11.2025_LS,SHB,684,13103,218.41,545.8,238.8,22.6,18.5,0.3778,1
EagleCreekDrEtc_SHB_12.11.2025_LS,SHB,684,13104,218.43,546.2,238.8,22.5,18.2,0.2912,1
EagleCreekDrEtc_SHB_12.11.2025_LS,SHB,684,13105,218.44,546.8,238.8,22.6,17.8,0.1832,1
EagleCreekDrEtc_SHB_12.11.2025_LS,SHB,686,13134,218.93,571.3,226.9,26.3,20.0,0.3717,0
EagleCreekDrEtc_SHB_12.11.2025_LS,SHB,686,13137,218.98,573.3,225.1,26.9,21.6,0.2942,0
EagleCreekDrEtc_SHB_12.11.2025_LS,SHB,686,13138,218.99,574.0,225.8,26.4,21.3,0.4888,0
EagleCreekDrEtc_SHB_12.11.2025_LS,SHB,686,13139,219.01,575.5,226.3,26.2,19.9,0.5776,0
EagleCreekDrEtc_SHB_12.11.2025_LS,SHB,688,13209,220.18,107.6,254.6,27.0,20.2,0.5054,1
EagleCreekDrEtc_SHB_12.11.2025_LS,SHB,688,13210,220.19,110.1,255.0,26.8,20.1,0.6442,1
EagleCreekDrEtc_SHB_12.11.2025_LS,SHB,688,13211,220.21,114.8,255.2,27.2,19.9,0.4158,1
EagleCreekDrEtc_SHB_12.11.2025_LS,SHB,688,13212,220.23,119.0,254.7,26.9,19.8,0.5422,1
EagleCreekDrEtc_SHB_12.11.2025_LS,SHB,688,13213,220.24,123.1,254.2,26.0,19.5,0.6949,1
EagleCreekDrEtc_SHB_12.11.2025_LS,SHB,688,13214,220.26,127.5,253.1,26.3,20.3,0.7117,1
EagleCreekDrEtc_SHB_12.11.2025_LS,SHB,688,13215,220.28,132.7,252.4,25.8,20.7,0.76,1
EagleCreekDrEtc_SHB_12.11.2025_LS,SHB,688,13216,220.29,137.6,252.3,26.8,22.1,0.7412,1
EagleCreekDrEtc_SHB_12.11.2025_LS,SHB,688,13217,220.31,142.3,251.6,27.4,22.2,0.6976,1
EagleCreekDrEtc_SHB_12.11.2025_LS,SHB,688,13218,220.33,147.6,251.5,26.2,20.9,0.7132,1
EagleCreekDrEtc_SHB_12.11.2025_LS,SHB,688,13219,220.34,153.0,250.7,27.0,21.8,0.6932,1
EagleCreekDrEtc_SHB_12.11.2025_LS,SHB,688,13220,220.36,158.0,250.3,27.6,21.8,0.7166,1
EagleCreekDrEtc_SHB_12.11.2025_LS,SHB,688,13221,220.38,163.6,250.4,27.0,21.9,0.6453,1
EagleCreekDrEtc_SHB_12.11.2025_LS,SHB,688,13222,220.39,169.2,250.1,27.4,22.6,0.6818,1
EagleCreekDrEtc_SHB_12.11.2025_LS,SHB,688,13223,220.41,175.6,249.6,27.3,22.1,0.7365,1
EagleCreekDrEtc_SHB_12.11.2025_LS,SHB,688,13224,220.43,181.7,248.8,27.5,21.9,0.7048,1
EagleCreekDrEtc_SHB_12.11.2025_LS,SHB,688,13225,220.44,187.8,248.4,27.8,22.2,0.6174,1
EagleCreekDrEtc_SHB_12.11.2025_LS,SHB,688,13226,220.46,193.2,248.8,27.7,20.8,0.4427,1
EagleCreekDrEtc_SHB_12.11.2025_LS,SHB,688,13227,220.48,200.7,247.7,28.3,21.1,0.5036,1
EagleCreekDrEtc_SHB_12.11.2025_LS,SHB,688,13228,220.49,207.6,248.4,28.1,21.4,0.5916,1
EagleCreekDrEtc_SHB_12.11.2025_LS,SHB,688,13229,220.51,214.0,245.6,28.8,21.6,0.3788,1
EagleCreekDrEtc_SHB_12.11.2025_LS,SHB,688,13230,220.53,221.6,244.6,27.2,21.3,0.5275,1
EagleCreekDrEtc_SHB_12.11.2025_LS,SHB,688,13231,220.54,227.9,243.0,26.0,20.5,0.587,1
EagleCreekDrEtc_SHB_12.11.2025_LS,SHB,688,13232,220.56,233.5,241.9,25.0,19.8,0.6053,1
EagleCreekDrEtc_SHB_12.11.2025_LS,SHB,688,13233,220.58,239.3,239.8,26.9,20.6,0.4243,1
EagleCreekDrEtc_SHB_12.11.2025_LS,SHB,688,13234,220.59,245.3,238.6,28.1,21.6,0.1755,1
EagleCreekDrEtc_SHB_12.11.2025_LS,SHB,688,13241,220.71,290.6,232.3,28.7,20.0,0.3729,1
EagleCreekDrEtc_SHB_12.11.2025_LS,SHB,688,13242,220.73,297.4,231.5,28.1,19.6,0.3896,1
EagleCreekDrEtc_SHB_12.11.2025_LS,SHB,688,13243,220.74,305.1,231.4,27.4,19.1,0.1428,1
EagleCreekDrEtc_SHB_12.11.2025_LS,SHB,688,13244,220.76,312.7,231.3,27.9,19.1,0.1124,1
EagleCreekDrEtc_SHB_12.11.2025_LS,SHB,688,13245,220.78,320.7,231.4,28.0,18.8,0.1639,1
EagleCreekDrEtc_SHB_12.11.2025_LS,SHB,688,13246,220.79,327.9,231.5,27.2,18.9,0.305,1
EagleCreekDrEtc_SHB_12.11.2025_LS,SHB,688,13247,220.81,334.3,232.3,27.2,19.0,0.2336,1
EagleCreekDrEtc_SHB_12.11.2025_LS,SHB,688,13249,220.84,346.8,233.4,26.6,19.3,0.2934,1
EagleCreekDrEtc_SHB_12.11.2025_LS,SHB,688,13254,220.93,381.0,238.1,25.8,19.4,0.5262,1
EagleCreekDrEtc_SHB_12.11.2025_LS,SHB,688,13255,220.94,387.0,238.9,26.6,19.0,0.4103,1
EagleCreekDrEtc_SHB_12.11.2025_LS,SHB,688,13256,220.96,393.1,239.7,28.0,20.9,0.6085,1
EagleCreekDrEtc_SHB_12.11.2025_LS,SHB,688,13257,220.98,400.0,240.7,28.7,21.0,0.6562,1
EagleCreekDrEtc_SHB_12.11.2025_LS,SHB,688,13258,220.99,405.6,242.0,28.1,21.2,0.5579,1
EagleCreekDrEtc_SHB_12.11.2025_LS,SHB,688,13259,221.01,412.1,242.0,28.5,21.8,0.6011,1
EagleCreekDrEtc_SHB_12.11.2025_LS,SHB,688,13260,221.03,420.1,242.5,27.6,21.7,0.627,1
EagleCreekDrEtc_SHB_12.11.2025_LS,SHB,688,13261,221.04,426.8,242.8,26.6,20.7,0.5629,1
EagleCreekDrEtc_SHB_12.11.2025_LS,SHB,688,13262,221.06,435.3,242.1,26.5,21.3,0.4451,1
EagleCreekDrEtc_SHB_12.11.2025_LS,SHB,688,13263,221.08,441.2,241.8,27.8,22.8,0.4566,1
EagleCreekDrEtc_SHB_12.11.2025_LS,SHB,688,13264,221.09,449.2,242.0,27.9,22.7,0.3374,1
EagleCreekDrEtc_SHB_12.11.2025_LS,SHB,688,13265,221.11,457.9,241.6,28.0,22.1,0.4493,1
EagleCreekDrEtc_SHB_12.11.2025_LS,SHB,688,13266,221.13,464.6,241.3,27.4,22.9,0.6004,1
EagleCreekDrEtc_SHB_12.11.2025_LS,SHB,688,13267,221.14,472.1,241.4,27.5,22.2,0.6576,1
EagleCreekDrEtc_SHB_12.11.2025_LS,SHB,688,13268,221.16,479.0,241.8,27.0,21.4,0.7225,1
EagleCreekDrEtc_SHB_12.11.2025_LS,SHB,688,13269,221.18,485.4,241.9,27.3,21.3,0.4667,1
EagleCreekDrEtc_SHB_12.11.2025_LS,SHB,688,13270,221.19,494.1,242.6,27.7,20.7,0.6163,1
EagleCreekDrEtc_SHB_12.11.2025_LS,SHB,688,13271,221.21,502.5,242.7,26.6,20.3,0.6614,1
EagleCreekDrEtc_SHB_12.11.2025_LS,SHB,688,13272,221.23,509.4,242.3,27.9,21.9,0.6242,1
EagleCreekDrEtc_SHB_12.11.2025_LS,SHB,688,13273,221.24,517.8,242.5,28.1,22.9,0.6449,1
EagleCreekDrEtc_SHB_12.11.2025_LS,SHB,688,13274,221.26,526.0,242.3,27.3,23.9,0.6869,1
EagleCreekDrEtc_SHB_12.11.2025_LS,SHB,688,13275,221.28,532.3,242.5,27.3,24.2,0.6453,1
EagleCreekDrEtc_SHB_12.11.2025_LS,SHB,688,13276,221.29,540.2,242.2,27.4,23.8,0.5579,1
EagleCreekDrEtc_SHB_12.11.2025_LS,SHB,688,13277,221.31,547.7,243.0,27.6,23.0,0.5728,1
EagleCreekDrEtc_SHB_12.11.2025_LS,SHB,688,13278,221.33,555.4,243.9,26.9,23.4,0.5099,1
EagleCreekDrEtc_SHB_12.11.2025_LS,SHB,688,13279,221.34,562.0,243.0,25.7,23.7,0.6151,1
EagleCreekDrEtc_SHB_12.11.2025_LS,SHB,688,13280,221.36,571.0,243.0,25.0,23.0,0.6738,1
EagleCreekDrEtc_SHB_12.11.2025_LS,SHB,688,13281,221.38,578.4,242.8,25.8,22.9,0.6592,1
EagleCreekDrEtc_SHB_12.11.2025_LS,SHB,688,13282,221.39,586.0,241.1,26.6,22.6,0.6288,1
EagleCreekDrEtc_SHB_12.11.2025_LS,SHB,688,13284,221.43,603.3,241.4,26.7,22.1,0.6416,1
EagleCreekDrEtc_SHB_12.11.2025_LS,SHB,688,13285,221.44,611.5,239.0,27.8,23.2,0.5636,1
EagleCreekDrEtc_SHB_12.11.2025_LS,SHB,688,13286,221.46,620.2,237.5,27.4,22.8,0.6153,1
EagleCreekDrEtc_SHB_12.11.2025_LS,SHB,688,13287,221.48,626.7,238.7,26.5,23.4,0.5932,1
EagleCreekDrEtc_SHB_12.11.2025_LS,SHB,689,13243,220.74,306.0,244.0,25.0,18.6,0.4315,0
EagleCreekDrEtc_SHB_12.11.2025_LS,SHB,689,13244,220.76,313.6,242.2,25.8,18.2,0.4343,0
EagleCreekDrEtc_SHB_12.11.2025_LS,SHB,689,13245,220.78,322.1,243.5,26.7,19.1,0.3589,0
EagleCreekDrEtc_SHB_12.11.2025_LS,SHB,689,13246,220.79,329.3,242.0,27.2,19.2,0.4001,0
EagleCreekDrEtc_SHB_12.11.2025_LS,SHB,689,13247,220.81,335.4,241.9,26.1,18.7,0.3176,0
EagleCreekDrEtc_SHB_12.11.2025_LS,SHB,689,13248,220.83,341.5,240.5,25.4,18.9,0.4402,0
EagleCreekDrEtc_SHB_12.11.2025_LS,SHB,689,13249,220.84,347.6,239.8,25.4,19.3,0.3341,0
EagleCreekDrEtc_SHB_12.11.2025_LS,SHB,689,13250,220.86,354.0,239.5,25.8,19.6,0.3827,0
EagleCreekDrEtc_SHB_12.11.2025_LS,SHB,689,13251,220.88,358.8,237.2,26.9,19.9,0.1309,0
EagleCreekDrEtc_SHB_12.11.2025_LS,SHB,705,13891,231.55,398.8,262.9,27.9,19.8,0.5088,0
EagleCreekDrEtc_SHB_12.11.2025_LS,SHB,705,13892,231.56,395.2,263.4,30.3,21.3,0.3953,0
EagleCreekDrEtc_SHB_12.11.2025_LS,SHB,705,13893,231.58,390.7,262.1,28.8,19.4,0.3925,0
EagleCreekDrEtc_SHB_12.11.2025_LS,SHB,705,13894,231.6,386.6,260.4,28.7,19.2,0.1772,0
EagleCreekDrEtc_SHB_12.11.2025_LS,SHB,713,13952,232.56,544.7,288.3,30.8,21.1,0.6225,1
EagleCreekDrEtc_SHB_12.11.2025_LS,SHB,713,13953,232.58,541.8,288.8,33.7,21.7,0.6894,1
EagleCreekDrEtc_SHB_12.11.2025_LS,SHB,713,13954,232.6,539.2,287.3,32.3,20.4,0.6959,1
EagleCreekDrEtc_SHB_12.11.2025_LS,SHB,713,13955,232.61,536.6,286.3,32.9,20.4,0.7256,1
EagleCreekDrEtc_SHB_12.11.2025_LS,SHB,713,13956,232.63,533.6,285.7,33.5,20.5,0.6767,1
EagleCreekDrEtc_SHB_12.11.2025_LS,SHB,713,13957,232.65,527.4,284.3,32.4,20.4,0.625,1
EagleCreekDrEtc_SHB_12.11.2025_LS,SHB,713,13958,232.66,522.6,282.6,32.7,21.1,0.3552,1
EagleCreekDrEtc_SHB_12.11.2025_LS,SHB,713,13959,232.68,521.0,280.1,36.3,22.0,0.5309,1
EagleCreekDrEtc_SHB_12.11.2025_LS,SHB,713,13960,232.7,518.3,280.4,35.7,21.4,0.7024,1
EagleCreekDrEtc_SHB_12.11.2025_LS,SHB,713,13961,232.71,511.6,279.9,37.6,22.3,0.7189,1
EagleCreekDrEtc_SHB_12.11.2025_LS,SHB,713,13962,232.73,508.3,279.0,40.1,22.5,0.7454,1
EagleCreekDrEtc_SHB_12.11.2025_LS,SHB,713,13963,232.75,504.4,278.0,38.7,22.9,0.6036,1
EagleCreekDrEtc_SHB_12.11.2025_LS,SHB,713,13964,232.76,499.0,276.9,32.8,23.4,0.5678,1
EagleCreekDrEtc_SHB_12.11.2025_LS,SHB,713,13965,232.78,495.7,277.5,31.8,22.9,0.5626,1
EagleCreekDrEtc_SHB_12.11.2025_LS,SHB,713,13966,232.8,493.1,277.7,32.9,23.1,0.7043,1
EagleCreekDrEtc_SHB_12.11.2025_LS,SHB,713,13967,232.81,489.7,278.6,32.2,23.3,0.6766,1
EagleCreekDrEtc_SHB_12.11.2025_LS,SHB,713,13968,232.83,486.6,278.4,32.5,23.4,0.706,1
EagleCreekDrEtc_SHB_12.11.2025_LS,SHB,713,13969,232.85,481.9,278.0,31.9,24.0,0.5511,1
EagleCreekDrEtc_SHB_12.11.2025_LS,SHB,713,13970,232.86,482.0,277.6,31.9,23.7,0.4735,1
EagleCreekDrEtc_SHB_12.11.2025_LS,SHB,713,13977,232.98,472.8,271.8,31.4,22.9,0.3585,1
EagleCreekDrEtc_SHB_12.11.2025_LS,SHB,713,13978,233.0,470.6,273.3,26.4,20.9,0.1036,1
EagleCreekDrEtc_SHB_12.11.2025_LS,SHB,714,13953,232.58,333.6,295.5,26.1,19.2,0.6145,1
EagleCreekDrEtc_SHB_12.11.2025_LS,SHB,714,13954,232.6,328.1,294.6,24.9,19.0,0.6562,1
EagleCreekDrEtc_SHB_12.11.2025_LS,SHB,714,13955,232.61,325.6,294.2,24.9,18.0,0.69,1
EagleCreekDrEtc_SHB_12.11.2025_LS,SHB,714,13956,232.63,320.9,291.2,25.1,17.8,0.6397,1
EagleCreekDrEtc_SHB_12.11.2025_LS,SHB,714,13957,232.65,317.5,291.0,24.7,18.0,0.5926,1
EagleCreekDrEtc_SHB_12.11.2025_LS,SHB,714,13958,232.66,313.3,289.0,25.3,18.5,0.6527,1
EagleCreekDrEtc_SHB_12.11.2025_LS,SHB,714,13959,232.68,312.1,286.8,24.6,20.9,0.407,1
EagleCreekDrEtc_SHB_12.11.2025_LS,SHB,714,13960,232.7,307.2,286.3,25.4,19.7,0.5997,1
EagleCreekDrEtc_SHB_12.11.2025_LS,SHB,714,13961,232.71,302.5,285.1,25.5,19.5,0.5558,1
EagleCreekDrEtc_SHB_12.11.2025_LS,SHB,714,13962,232.73,299.4,283.7,25.3,18.4,0.5893,1
EagleCreekDrEtc_SHB_12.11.2025_LS,SHB,714,13963,232.75,295.4,283.5,24.6,17.9,0.716,1
EagleCreekDrEtc_SHB_12.11.2025_LS,SHB,714,13964,232.76,291.9,283.4,25.3,18.2,0.584,1
EagleCreekDrEtc_SHB_12.11.2025_LS,SHB,714,13965,232.78,288.1,284.0,25.4,18.2,0.683,1
EagleCreekDrEtc_SHB_12.11.2025_LS,SHB,714,13966,232.8,284.5,283.9,27.4,19.2,0.6644,1
EagleCreekDrEtc_SHB_12.11.2025_LS,SHB,714,13967,232.81,280.5,285.6,27.4,18.7,0.6347,1
EagleCreekDrEtc_SHB_12.11.2025_LS,SHB,714,13968,232.83,275.8,285.5,29.1,19.1,0.5732,1
EagleCreekDrEtc_SHB_12.11.2025_LS,SHB,714,13969,232.85,269.8,284.4,31.5,20.5,0.5304,1
EagleCreekDrEtc_SHB_12.11.2025_LS,SHB,714,13970,232.86,266.7,286.6,32.6,21.4,0.4659,1
EagleCreekDrEtc_SHB_12.11.2025_LS,SHB,714,13971,232.88,262.7,285.8,32.0,22.9,0.3586,1
EagleCreekDrEtc_SHB_12.11.2025_LS,SHB,714,13972,232.9,259.4,287.2,28.8,22.0,0.3884,1
EagleCreekDrEtc_SHB_12.11.2025_LS,SHB,714,13973,232.91,257.0,285.2,24.6,19.8,0.3656,1
EagleCreekDrEtc_SHB_12.11.2025_LS,SHB,714,13974,232.93,254.0,284.2,24.8,20.6,0.4112,1
EagleCreekDrEtc_SHB_12.11.2025_LS,SHB,714,13975,232.95,250.5,286.4,25.0,20.3,0.584,1
EagleCreekDrEtc_SHB_12.11.2025_LS,SHB,714,13976,232.96,245.6,283.7,24.4,19.9,0.3447,1
EagleCreekDrEtc_SHB_12.11.2025_LS,SHB,714,13977,232.98,241.3,284.3,23.7,19.4,0.4326,1
EagleCreekDrEtc_SHB_12.11.2025_LS,SHB,714,13978,233.0,238.2,284.8,22.1,19.0,0.3688,1
EagleCreekDrEtc_SHB_12.11.2025_LS,SHB,714,13979,233.01,234.3,284.2,22.7,18.9,0.2485,1
EagleCreekDrEtc_SHB_12.11.2025_LS,SHB,714,13980,233.03,231.5,288.1,21.7,19.2,0.405,1
EagleCreekDrEtc_SHB_12.11.2025_LS,SHB,714,13981,233.05,226.9,287.2,21.3,19.0,0.4997,1
EagleCreekDrEtc_SHB_12.11.2025_LS,SHB,714,13982,233.06,225.1,290.5,22.5,18.6,0.5058,1
EagleCreekDrEtc_SHB_12.11.2025_LS,SHB,714,13983,233.08,221.3,291.2,23.1,18.6,0.4562,1
EagleCreekDrEtc_SHB_12.11.2025_LS,SHB,714,13984,233.1,216.1,288.8,24.7,18.5,0.496,1
EagleCreekDrEtc_SHB_12.11.2025_LS,SHB,714,13985,233.11,212.1,289.4,24.7,18.3,0.3964,1
EagleCreekDrEtc_SHB_12.11.2025_LS,SHB,714,13986,233.13,209.6,289.4,24.3,17.1,0.1917,1
EagleCreekDrEtc_SHB_12.11.2025_LS,SHB,714,13989,233.18,198.2,283.6,24.9,18.2,0.4509,1
EagleCreekDrEtc_SHB_12.11.2025_LS,SHB,714,13990,233.2,193.5,282.3,26.2,18.2,0.4563,1
EagleCreekDrEtc_SHB_12.11.2025_LS,SHB,714,13991,233.21,189.7,281.5,27.4,19.4,0.5609,1
EagleCreekDrEtc_SHB_12.11.2025_LS,SHB,714,13992,233.23,187.8,279.9,27.4,18.9,0.3998,1
EagleCreekDrEtc_SHB_12.11.2025_LS,SHB,714,13993,233.25,184.5,278.6,26.3,17.9,0.5728,1
EagleCreekDrEtc_SHB_12.11.2025_LS,SHB,714,13994,233.26,180.3,278.6,28.0,18.5,0.6854,1
EagleCreekDrEtc_SHB_12.11.2025_LS,SHB,714,13995,233.28,176.3,277.9,27.3,17.5,0.6796,1
EagleCreekDrEtc_SHB_12.11.2025_LS,SHB,714,13996,233.3,173.4,278.0,26.0,17.6,0.686,1
EagleCreekDrEtc_SHB_12.11.2025_LS,SHB,714,13997,233.31,169.0,278.7,26.3,17.5,0.6637,1
EagleCreekDrEtc_SHB_12.11.2025_LS,SHB,714,13998,233.33,164.9,278.5,26.0,17.4,0.7209,1
EagleCreekDrEtc_SHB_12.11.2025_LS,SHB,714,13999,233.35,160.7,279.0,26.5,17.7,0.7017,1
EagleCreekDrEtc_SHB_12.11.2025_LS,SHB,714,14000,233.36,157.2,279.5,26.3,17.4,0.6978,1
EagleCreekDrEtc_SHB_12.11.2025_LS,SHB,714,14001,233.38,153.2,279.2,26.3,17.4,0.6898,1
EagleCreekDrEtc_SHB_12.11.2025_LS,SHB,714,14002,233.4,148.8,280.0,25.9,17.0,0.6451,1
EagleCreekDrEtc_SHB_12.11.2025_LS,SHB,714,14003,233.41,146.7,279.1,26.7,18.3,0.5989,1
EagleCreekDrEtc_SHB_12.11.2025_LS,SHB,714,14004,233.43,145.1,279.6,25.7,18.0,0.5591,1
EagleCreekDrEtc_SHB_12.11.2025_LS,SHB,714,14005,233.45,143.0,279.9,25.6,17.7,0.6392,1
EagleCreekDrEtc_SHB_12.11.2025_LS,SHB,714,14006,233.46,138.6,279.6,25.9,17.3,0.7048,1
EagleCreekDrEtc_SHB_12.11.2025_LS,SHB,714,14007,233.48,134.5,281.0,25.8,17.2,0.7351,1
EagleCreekDrEtc_SHB_12.11.2025_LS,SHB,714,14008,233.5,130.9,280.4,25.5,17.1,0.7144,1
EagleCreekDrEtc_SHB_12.11.2025_LS,SHB,714,14009,233.51,127.8,280.9,26.0,17.2,0.722,1
EagleCreekDrEtc_SHB_12.11.2025_LS,SHB,714,14010,233.53,124.4,281.7,25.6,16.9,0.7287,1
EagleCreekDrEtc_SHB_12.11.2025_LS,SHB,714,14011,233.55,121.2,281.1,25.8,17.2,0.7378,1
EagleCreekDrEtc_SHB_12.11.2025_LS,SHB,714,14012,233.56,119.2,282.9,26.7,17.8,0.7368,1
EagleCreekDrEtc_SHB_12.11.2025_LS,SHB,714,14013,233.58,115.9,282.3,27.0,18.0,0.748,1
EagleCreekDrEtc_SHB_12.11.2025_LS,SHB,714,14014,233.6,113.1,283.0,25.9,17.9,0.7225,1
EagleCreekDrEtc_SHB_12.11.2025_LS,SHB,714,14015,233.61,111.0,283.9,25.5,17.8,0.7345,1
EagleCreekDrEtc_SHB_12.11.2025_LS,SHB,714,14016,233.63,108.0,283.4,26.2,17.9,0.6992,1
EagleCreekDrEtc_SHB_12.11.2025_LS,SHB,714,14017,233.65,105.8,284.7,25.6,17.5,0.7506,1
EagleCreekDrEtc_SHB_12.11.2025_LS,SHB,714,14018,233.66,103.0,283.8,25.9,17.5,0.7305,1
EagleCreekDrEtc_SHB_12.11.2025_LS,SHB,714,14019,233.68,100.8,284.5,26.0,17.3,0.7358,1
EagleCreekDrEtc_SHB_12.11.2025_LS,SHB,714,14020,233.7,98.5,285.0,25.3,16.9,0.742,1
EagleCreekDrEtc_SHB_12.11.2025_LS,SHB,714,14021,233.71,96.9,284.6,24.2,16.8,0.7434,1
EagleCreekDrEtc_SHB_12.11.2025_LS,SHB,714,14022,233.73,96.0,285.3,24.8,17.2,0.722,1
EagleCreekDrEtc_SHB_12.11.2025_LS,SHB,714,14023,233.75,95.0,284.9,25.4,17.8,0.6787,1
EagleCreekDrEtc_SHB_12.11.2025_LS,SHB,714,14024,233.76,96.2,284.7,26.5,17.9,0.698,1
EagleCreekDrEtc_SHB_12.11.2025_LS,SHB,714,14025,233.78,97.4,284.3,27.6,18.0,0.6891,1
EagleCreekDrEtc_SHB_12.11.2025_LS,SHB,714,14026,233.8,97.9,284.2,28.0,17.9,0.7127,1
EagleCreekDrEtc_SHB_12.11.2025_LS,SHB,714,14027,233.81,98.0,285.2,28.2,18.6,0.7441,1
EagleCreekDrEtc_SHB_12.11.2025_LS,SHB,714,14028,233.83,98.5,284.7,28.8,18.4,0.7318,1
EagleCreekDrEtc_SHB_12.11.2025_LS,SHB,714,14029,233.85,99.6,284.6,29.0,18.2,0.7273,1
EagleCreekDrEtc_SHB_12.11.2025_LS,SHB,714,14030,233.86,100.5,284.7,28.7,18.1,0.7368,1
EagleCreekDrEtc_SHB_12.11.2025_LS,SHB,714,14031,233.88,100.2,284.5,29.1,18.3,0.7276,1
EagleCreekDrEtc_SHB_12.11.2025_LS,SHB,714,14032,233.9,99.9,284.7,28.6,18.0,0.7305,1
EagleCreekDrEtc_SHB_12.11.2025_LS,SHB,714,14033,233.91,99.1,285.0,28.1,18.1,0.6852,1
EagleCreekDrEtc_SHB_12.11.2025_LS,SHB,714,14034,233.93,99.0,284.7,28.5,18.2,0.724,1
EagleCreekDrEtc_SHB_12.11.2025_LS,SHB,714,14035,233.95,100.1,285.2,28.1,18.1,0.757,1
EagleCreekDrEtc_SHB_12.11.2025_LS,SHB,714,14036,233.96,100.3,285.1,28.7,18.6,0.7429,1
EagleCreekDrEtc_SHB_12.11.2025_LS,SHB,714,14037,233.98,101.6,285.5,29.0,18.8,0.7512,1
EagleCreekDrEtc_SHB_12.11.2025_LS,SHB,714,14038,234.0,102.7,285.5,29.6,18.9,0.6976,1
EagleCreekDrEtc_SHB_12.11.2025_LS,SHB,714,14039,234.01,102.5,285.9,30.0,19.1,0.7718,1
EagleCreekDrEtc_SHB_12.11.2025_LS,SHB,714,14040,234.03,105.7,286.5,29.6,18.4,0.7265,1
EagleCreekDrEtc_SHB_12.11.2025_LS,SHB,714,14041,234.05,107.1,286.6,29.8,18.5,0.7408,1
EagleCreekDrEtc_SHB_12.11.2025_LS,SHB,714,14042,234.06,107.7,286.5,29.9,18.6,0.7396,1
EagleCreekDrEtc_SHB_12.11.2025_LS,SHB,714,14043,234.08,108.8,286.5,30.5,18.8,0.7466,1
EagleCreekDrEtc_SHB_12.11.2025_LS,SHB,714,14044,234.1,108.7,286.2,31.0,19.0,0.7385,1
EagleCreekDrEtc_SHB_12.11.2025_LS,SHB,714,14045,234.11,109.3,285.3,31.3,19.0,0.7219,1
EagleCreekDrEtc_SHB_12.11.2025_LS,SHB,714,14046,234.13,109.5,285.0,31.1,18.8,0.7237,1
EagleCreekDrEtc_SHB_12.11.2025_LS,SHB,714,14047,234.15,110.3,284.9,30.7,18.5,0.7304,1
EagleCreekDrEtc_SHB_12.11.2025_LS,SHB,714,14048,234.16,110.7,284.7,30.1,18.4,0.7421,1
EagleCreekDrEtc_SHB_12.11.2025_LS,SHB,714,14049,234.18,112.2,285.1,29.7,18.1,0.7439,1
EagleCreekDrEtc_SHB_12.11.2025_LS,SHB,714,14050,234.2,113.9,284.7,28.6,17.7,0.7661,1
EagleCreekDrEtc_SHB_12.11.2025_LS,SHB,714,14051,234.21,113.9,284.6,28.4,17.4,0.7576,1
EagleCreekDrEtc_SHB_12.11.2025_LS,SHB,714,14052,234.23,114.8,285.4,28.3,17.4,0.7624,1
EagleCreekDrEtc_SHB_12.11.2025_LS,SHB,714,14053,234.25,116.0,285.4,28.0,17.1,0.758,1
EagleCreekDrEtc_SHB_12.11.2025_LS,SHB,714,14054,234.26,117.6,286.4,29.3,17.6,0.7863,1
EagleCreekDrEtc_SHB_12.11.2025_LS,SHB,714,14055,234.28,118.9,286.0,29.6,17.9,0.7729,1
EagleCreekDrEtc_SHB_12.11.2025_LS,SHB,714,14056,234.3,118.9,286.1,29.8,17.9,0.7741,1
EagleCreekDrEtc_SHB_12.11.2025_LS,SHB,714,14057,234.31,118.8,286.9,30.4,18.3,0.7669,1
EagleCreekDrEtc_SHB_12.11.2025_LS,SHB,714,14058,234.33,119.3,286.3,30.1,18.2,0.762,1
EagleCreekDrEtc_SHB_12.11.2025_LS,SHB,714,14059,234.35,119.2,286.9,29.1,18.1,0.7846,1
EagleCreekDrEtc_SHB_12.11.2025_LS,SHB,714,14060,234.36,119.8,287.4,28.1,18.0,0.7619,1
EagleCreekDrEtc_SHB_12.11.2025_LS,SHB,714,14061,234.38,120.3,286.7,28.5,18.2,0.7619,1
EagleCreekDrEtc_SHB_12.11.2025_LS,SHB,714,14062,234.4,121.5,287.3,28.1,18.3,0.7669,1
EagleCreekDrEtc_SHB_12.11.2025_LS,SHB,714,14063,234.41,122.4,287.0,27.8,18.3,0.7913,1
EagleCreekDrEtc_SHB_12.11.2025_LS,SHB,714,14064,234.43,122.1,287.2,27.6,18.2,0.7711,1
EagleCreekDrEtc_SHB_12.11.2025_LS,SHB,714,14065,234.45,122.7,286.8,27.5,18.3,0.7771,1
EagleCreekDrEtc_SHB_12.11.2025_LS,SHB,714,14066,234.46,123.2,286.4,27.1,18.1,0.7655,1
EagleCreekDrEtc_SHB_12.11.2025_LS,SHB,714,14067,234.48,124.5,286.4,27.4,17.5,0.765,1
EagleCreekDrEtc_SHB_12.11.2025_LS,SHB,714,14068,234.5,125.9,286.6,27.3,16.9,0.7471,1
EagleCreekDrEtc_SHB_12.11.2025_LS,SHB,714,14069,234.51,125.3,286.9,26.2,17.0,0.754,1
EagleCreekDrEtc_SHB_12.11.2025_LS,SHB,714,14070,234.53,126.1,286.5,25.5,16.6,0.7305,1
EagleCreekDrEtc_SHB_12.11.2025_LS,SHB,714,14071,234.55,127.0,286.1,24.7,16.3,0.4679,1
EagleCreekDrEtc_SHB_12.11.2025_LS,SHB,714,14072,234.56,131.4,287.0,26.3,17.1,0.7583,1
EagleCreekDrEtc_SHB_12.11.2025_LS,SHB,714,14073,234.58,133.7,286.9,26.6,16.9,0.7333,1
EagleCreekDrEtc_SHB_12.11.2025_LS,SHB,714,14074,234.6,137.0,287.3,27.2,17.4,0.7659,1
EagleCreekDrEtc_SHB_12.11.2025_LS,SHB,714,14075,234.61,141.0,287.0,25.6,16.7,0.5441,1
EagleCreekDrEtc_SHB_12.11.2025_LS,SHB,714,14076,234.63,146.4,286.8,25.0,16.4,0.5325,1
EagleCreekDrEtc_SHB_12.11.2025_LS,SHB,714,14077,234.65,147.8,287.2,24.0,16.5,0.4199,1
EagleCreekDrEtc_SHB_12.11.2025_LS,SHB,714,14078,234.66,150.2,287.5,24.1,16.3,0.1904,1
EagleCreekDrEtc_SHB_12.11.2025_LS,SHB,714,14080,234.7,152.6,287.0,25.6,17.5,0.4927,1
EagleCreekDrEtc_SHB_12.11.2025_LS,SHB,714,14081,234.71,155.4,287.9,25.5,17.8,0.4045,1
EagleCreekDrEtc_SHB_12.11.2025_LS,SHB,714,14082,234.73,158.9,287.9,24.1,17.3,0.7093,1
EagleCreekDrEtc_SHB_12.11.2025_LS,SHB,714,14083,234.75,162.1,287.5,22.5,16.6,0.599,1
EagleCreekDrEtc_SHB_12.11.2025_LS,SHB,714,14084,234.76,165.7,288.1,22.7,16.4,0.6298,1
EagleCreekDrEtc_SHB_12.11.2025_LS,SHB,714,14085,234.78,169.9,287.2,21.9,16.3,0.1674,1
EagleCreekDrEtc_SHB_12.11.2025_LS,SHB,714,14086,234.8,175.0,286.8,22.2,16.3,0.1807,1
EagleCreekDrEtc_SHB_12.11.2025_LS,SHB,714,14087,234.81,181.3,285.6,22.0,15.5,0.2415,1
EagleCreekDrEtc_SHB_12.11.2025_LS,SHB,714,14088,234.83,183.7,284.0,22.1,15.4,0.342,1
EagleCreekDrEtc_SHB_12.11.2025_LS,SHB,714,14089,234.85,187.7,283.4,21.6,15.1,0.5228,1
EagleCreekDrEtc_SHB_12.11.2025_LS,SHB,714,14090,234.86,191.8,281.9,22.4,15.6,0.3254,1
EagleCreekDrEtc_SHB_12.11.2025_LS,SHB,714,14091,234.88,195.6,281.8,22.2,15.4,0.1353,1
EagleCreekDrEtc_SHB_12.11.2025_LS,SHB,717,13982,233.06,157.0,289.9,20.5,17.7,0.3921,1
EagleCreekDrEtc_SHB_12.11.2025_LS,SHB,717,13983,233.08,152.9,290.5,21.3,17.8,0.3982,1
EagleCreekDrEtc_SHB_12.11.2025_LS,SHB,717,13984,233.1,150.3,288.9,22.1,17.7,0.1075,1
EagleCreekDrEtc_SHB_12.11.2025_LS,SHB,717,13986,233.13,142.6,289.7,21.4,17.6,0.3463,1
EagleCreekDrEtc_SHB_12.11.2025_LS,SHB,717,13987,233.15,140.6,290.1,20.3,16.8,0.2183,1
EagleCreekDrEtc_SHB_12.11.2025_LS,SHB,717,13988,233.16,135.2,289.7,20.7,17.1,0.4002,1
EagleCreekDrEtc_SHB_12.11.2025_LS,SHB,717,13989,233.18,132.0,287.3,22.1,17.8,0.4448,1
EagleCreekDrEtc_SHB_12.11.2025_LS,SHB,717,13990,233.2,127.6,286.3,21.3,17.2,0.5381,1
EagleCreekDrEtc_SHB_12.11.2025_LS,SHB,717,13991,233.21,123.0,283.4,20.6,16.8,0.5501,1
EagleCreekDrEtc_SHB_12.11.2025_LS,SHB,717,13992,233.23,118.8,281.5,21.0,16.4,0.608,1
EagleCreekDrEtc_SHB_12.11.2025_LS,SHB,717,13993,233.25,115.2,280.7,21.1,16.6,0.5881,1
EagleCreekDrEtc_SHB_12.11.2025_LS,SHB,717,13994,233.26,112.7,279.7,22.1,17.0,0.6291,1
EagleCreekDrEtc_SHB_12.11.2025_LS,SHB,717,13995,233.28,109.4,279.3,22.3,17.4,0.5841,1
EagleCreekDrEtc_SHB_12.11.2025_LS,SHB,717,13996,233.3,107.0,280.2,22.9,17.2,0.5799,1
EagleCreekDrEtc_SHB_12.11.2025_LS,SHB,717,13997,233.31,103.7,280.8,22.8,16.6,0.624,1
EagleCreekDrEtc_SHB_12.11.2025_LS,SHB,717,13998,233.33,100.0,280.7,23.4,16.8,0.6556,1
EagleCreekDrEtc_SHB_12.11.2025_LS,SHB,717,13999,233.35,96.4,281.1,23.7,16.7,0.6432,1
EagleCreekDrEtc_SHB_12.11.2025_LS,SHB,717,14000,233.36,92.7,281.3,24.7,16.5,0.6156,1
EagleCreekDrEtc_SHB_12.11.2025_LS,SHB,717,14001,233.38,88.7,281.4,24.3,16.4,0.6605,1
EagleCreekDrEtc_SHB_12.11.2025_LS,SHB,717,14002,233.4,84.4,281.6,24.5,16.1,0.6025,1
EagleCreekDrEtc_SHB_12.11.2025_LS,SHB,717,14003,233.41,81.9,280.9,25.1,17.1,0.4003,1
EagleCreekDrEtc_SHB_12.11.2025_LS,SHB,717,14009,233.51,51.6,281.8,24.6,17.1,0.3595,1
EagleCreekDrEtc_SHB_12.11.2025_LS,SHB,717,14010,233.53,51.7,281.7,26.6,18.5,0.6748,1
EagleCreekDrEtc_SHB_12.11.2025_LS,SHB,717,14011,233.55,50.2,279.9,25.8,18.6,0.5327,1
EagleCreekDrEtc_SHB_12.11.2025_LS,SHB,717,14012,233.56,48.0,281.1,26.8,19.2,0.4397,1
EagleCreekDrEtc_SHB_12.11.2025_LS,SHB,717,14013,233.58,44.3,281.9,25.9,19.2,0.3368,1
EagleCreekDrEtc_SHB_12.11.2025_LS,SHB,717,14015,233.61,41.4,280.8,24.5,19.5,0.3259,1
EagleCreekDrEtc_SHB_12.11.2025_LS,SHB,717,14016,233.63,39.8,279.2,24.2,18.1,0.2898,1
EagleCreekDrEtc_SHB_12.11.2025_LS,SHB,717,14017,233.65,38.0,280.6,23.4,19.6,0.2138,1
EagleCreekDrEtc_SHB_12.11.2025_LS,SHB,717,14018,233.66,34.3,278.5,24.7,19.1,0.2917,1
EagleCreekDrEtc_SHB_12.11.2025_LS,SHB,717,14019,233.68,32.6,279.5,25.5,20.2,0.2444,1
EagleCreekDrEtc_SHB_12.11.2025_LS,SHB,717,14020,233.7,30.0,279.9,25.3,20.3,0.297,1
EagleCreekDrEtc_SHB_12.11.2025_LS,SHB,717,14021,233.71,29.0,280.6,25.0,19.8,0.155,1
EagleCreekDrEtc_SHB_12.11.2025_LS,SHB,720,13997,233.31,78.8,271.8,20.2,15.4,0.4129,0
EagleCreekDrEtc_SHB_12.11.2025_LS,SHB,720,13998,233.33,72.9,270.7,19.8,15.0,0.5164,0
EagleCreekDrEtc_SHB_12.11.2025_LS,SHB,720,13999,233.35,68.8,271.2,19.6,14.5,0.5473,0
EagleCreekDrEtc_SHB_12.11.2025_LS,SHB,720,14000,233.36,64.4,272.1,19.1,14.1,0.5525,0
EagleCreekDrEtc_SHB_12.11.2025_LS,SHB,720,14001,233.38,61.6,272.7,19.4,14.4,0.4434,0
EagleCreekDrEtc_SHB_12.11.2025_LS,SHB,720,14002,233.4,58.5,272.7,20.4,14.9,0.2993,0
EagleCreekDrEtc_SHB_12.11.2025_LS,SHB,720,14003,233.41,54.8,271.9,20.7,15.6,0.5104,0
EagleCreekDrEtc_SHB_12.11.2025_LS,SHB,722,14001,233.38,363.1,269.4,16.1,22.8,0.4528,0
EagleCreekDrEtc_SHB_12.11.2025_LS,SHB,722,14002,233.4,359.8,270.3,16.8,23.6,0.4429,0
EagleCreekDrEtc_SHB_12.11.2025_LS,SHB,722,14003,233.41,356.4,270.2,16.0,23.1,0.4864,0
EagleCreekDrEtc_SHB_12.11.2025_LS,SHB,722,14004,233.43,352.9,271.0,16.2,23.8,0.6057,0
EagleCreekDrEtc_SHB_12.11.2025_LS,SHB,722,14005,233.45,349.8,271.1,16.2,23.8,0.5486,0
EagleCreekDrEtc_SHB_12.11.2025_LS,SHB,722,14006,233.46,347.0,270.4,16.0,23.3,0.558,0
EagleCreekDrEtc_SHB_12.11.2025_LS,SHB,722,14007,233.48,343.9,271.5,15.5,22.2,0.4419,0
EagleCreekDrEtc_SHB_12.11.2025_LS,SHB,722,14008,233.5,340.3,270.9,15.2,21.1,0.3229,0
EagleCreekDrEtc_SHB_12.11.2025_LS,SHB,722,14009,233.51,338.0,271.3,15.4,20.1,0.3708,0
EagleCreekDrEtc_SHB_12.11.2025_LS,SHB,722,14010,233.53,334.8,271.8,14.9,20.2,0.435,0
EagleCreekDrEtc_SHB_12.11.2025_LS,SHB,722,14011,233.55,331.5,270.9,14.7,20.2,0.5349,0
EagleCreekDrEtc_SHB_12.11.2025_LS,SHB,722,14012,233.56,329.4,272.9,15.0,21.4,0.4575,0
EagleCreekDrEtc_SHB_12.11.2025_LS,SHB,722,14013,233.58,326.2,272.7,14.8,21.3,0.3879,0
EagleCreekDrEtc_SHB_12.11.2025_LS,SHB,722,14014,233.6,323.7,272.8,15.2,21.8,0.3212,0
EagleCreekDrEtc_SHB_12.11.2025_LS,SHB,722,14015,233.61,320.9,273.7,14.3,20.6,0.3217,0
EagleCreekDrEtc_SHB_12.11.2025_LS,SHB,722,14016,233.63,319.4,272.9,14.2,20.8,0.319,0
EagleCreekDrEtc_SHB_12.11.2025_LS,SHB,735,14025,233.78,315.7,274.3,14.4,19.1,0.5694,1
EagleCreekDrEtc_SHB_12.11.2025_LS,SHB,735,14026,233.8,316.1,274.3,13.9,18.9,0.4731,1
EagleCreekDrEtc_SHB_12.11.2025_LS,SHB,735,14027,233.81,316.1,274.5,13.8,18.7,0.6096,1
EagleCreekDrEtc_SHB_12.11.2025_LS,SHB,735,14028,233.83,315.2,275.0,14.2,18.9,0.5967,1
EagleCreekDrEtc_SHB_12.11.2025_LS,SHB,735,14029,233.85,315.6,274.7,14.3,19.3,0.612,1
EagleCreekDrEtc_SHB_12.11.2025_LS,SHB,735,14030,233.86,315.4,274.5,14.3,19.1,0.6141,1
EagleCreekDrEtc_SHB_12.11.2025_LS,SHB,735,14031,233.88,314.9,274.5,14.4,19.1,0.562,1
EagleCreekDrEtc_SHB_12.11.2025_LS,SHB,735,14032,233.9,314.7,274.6,14.4,18.9,0.5765,1
EagleCreekDrEtc_SHB_12.11.2025_LS,SHB,735,14033,233.91,313.2,274.6,15.0,19.5,0.5507,1
EagleCreekDrEtc_SHB_12.11.2025_LS,SHB,735,14034,233.93,312.5,274.6,15.3,19.5,0.5726,1
EagleCreekDrEtc_SHB_12.11.2025_LS,SHB,735,14035,233.95,312.2,274.8,15.2,19.3,0.5576,1
EagleCreekDrEtc_SHB_12.11.2025_LS,SHB,735,14036,233.96,311.9,275.0,14.9,18.9,0.5463,1
EagleCreekDrEtc_SHB_12.11.2025_LS,SHB,735,14037,233.98,311.5,275.3,15.1,19.2,0.4828,1
EagleCreekDrEtc_SHB_12.11.2025_LS,SHB,735,14038,234.0,310.3,275.8,15.5,19.5,0.4839,1
EagleCreekDrEtc_SHB_12.11.2025_LS,SHB,735,14039,234.01,310.1,276.4,14.9,19.3,0.5198,1
EagleCreekDrEtc_SHB_12.11.2025_LS,SHB,735,14040,234.03,309.0,277.2,14.5,19.0,0.5417,1
EagleCreekDrEtc_SHB_12.11.2025_LS,SHB,735,14041,234.05,308.9,277.6,14.6,19.1,0.547,1
EagleCreekDrEtc_SHB_12.11.2025_LS,SHB,735,14042,234.06,308.9,277.7,14.6,18.9,0.538,1
EagleCreekDrEtc_SHB_12.11.2025_LS,SHB,735,14043,234.08,308.8,278.0,14.6,18.9,0.5561,1
EagleCreekDrEtc_SHB_12.11.2025_LS,SHB,735,14044,234.1,308.7,278.2,14.7,19.1,0.5544,1
EagleCreekDrEtc_SHB_12.11.2025_LS,SHB,735,14045,234.11,308.7,277.7,14.7,19.0,0.5746,1
EagleCreekDrEtc_SHB_12.11.2025_LS,SHB,735,14046,234.13,308.4,277.6,14.8,19.1,0.5607,1
EagleCreekDrEtc_SHB_12.11.2025_LS,SHB,735,14047,234.15,308.0,277.6,14.7,19.0,0.5552,1
EagleCreekDrEtc_SHB_12.11.2025_LS,SHB,735,14048,234.16,307.6,277.9,14.7,18.9,0.5667,1
EagleCreekDrEtc_SHB_12.11.2025_LS,SHB,735,14049,234.18,307.1,278.7,14.7,18.7,0.5457,1
EagleCreekDrEtc_SHB_12.11.2025_LS,SHB,735,14050,234.2,307.1,278.4,14.8,18.8,0.5067,1
EagleCreekDrEtc_SHB_12.11.2025_LS,SHB,735,14051,234.21,306.4,279.0,15.3,18.9,0.3345,1
EagleCreekDrEtc_SHB_12.11.2025_LS,SHB,735,14052,234.23,304.8,280.2,15.2,18.6,0.2438,1
EagleCreekDrEtc_SHB_12.11.2025_LS,SHB,742,14043,234.08,17.9,287.1,23.2,20.0,0.357,1
EagleCreekDrEtc_SHB_12.11.2025_LS,SHB,742,14044,234.1,18.2,287.7,23.7,20.4,0.2765,1
EagleCreekDrEtc_SHB_12.11.2025_LS,SHB,742,14045,234.11,19.2,287.0,22.8,19.1,0.4045,1
EagleCreekDrEtc_SHB_12.11.2025_LS,SHB,742,14046,234.13,20.5,287.0,24.7,20.5,0.2526,1
EagleCreekDrEtc_SHB_12.11.2025_LS,SHB,742,14047,234.15,20.7,286.9,25.3,20.0,0.1775,1
EagleCreekDrEtc_SHB_12.11.2025_LS,SHB,742,14048,234.16,21.0,287.0,25.8,19.7,0.1373,1
EagleCreekDrEtc_SHB_12.11.2025_LS,SHB,742,14049,234.18,20.9,288.7,26.0,19.8,0.2345,1
EagleCreekDrEtc_SHB_12.11.2025_LS,SHB,742,14051,234.21,20.0,289.4,26.4,19.8,0.2878,1
EagleCreekDrEtc_SHB_12.11.2025_LS,SHB,742,14054,234.26,24.0,291.7,23.5,19.3,0.3973,1
EagleCreekDrEtc_SHB_12.11.2025_LS,SHB,742,14055,234.28,24.8,290.2,23.1,19.1,0.1557,1
EagleCreekDrEtc_SHB_12.11.2025_LS,SHB,742,14056,234.3,26.3,290.3,23.6,19.8,0.3806,1
EagleCreekDrEtc_SHB_12.11.2025_LS,SHB,742,14057,234.31,28.1,291.2,22.8,19.1,0.4397,1
EagleCreekDrEtc_SHB_12.11.2025_LS,SHB,742,14058,234.33,28.6,290.0,22.7,18.6,0.1957,1
EagleCreekDrEtc_SHB_12.11.2025_LS,SHB,742,14059,234.35,30.3,290.7,24.0,19.6,0.4383,1
EagleCreekDrEtc_SHB_12.11.2025_LS,SHB,742,14060,234.36,32.6,290.8,23.9,19.1,0.3579,1
EagleCreekDrEtc_SHB_12.11.2025_LS,SHB,742,14061,234.38,34.0,289.9,24.0,18.2,0.3576,1
EagleCreekDrEtc_SHB_12.11.2025_LS,SHB,742,14062,234.4,34.6,290.0,24.7,18.3,0.4773,1
EagleCreekDrEtc_SHB_12.11.2025_LS,SHB,742,14063,234.41,35.2,289.6,24.7,18.4,0.428,1
EagleCreekDrEtc_SHB_12.11.2025_LS,SHB,742,14064,234.43,36.6,289.8,25.7,18.6,0.5164,1
EagleCreekDrEtc_SHB_12.11.2025_LS,SHB,742,14065,234.45,37.4,289.4,26.5,18.9,0.4985,1
EagleCreekDrEtc_SHB_12.11.2025_LS,SHB,742,14066,234.46,38.2,288.8,26.6,18.5,0.3576,1
EagleCreekDrEtc_SHB_12.11.2025_LS,SHB,742,14067,234.48,40.9,289.2,26.0,18.5,0.406,1
EagleCreekDrEtc_SHB_12.11.2025_LS,SHB,742,14068,234.5,43.3,289.0,25.0,17.9,0.4896,1
EagleCreekDrEtc_SHB_12.11.2025_LS,SHB,742,14069,234.51,45.0,289.4,26.3,18.2,0.4746,1
EagleCreekDrEtc_SHB_12.11.2025_LS,SHB,742,14070,234.53,47.1,289.1,26.0,18.2,0.2903,1
EagleCreekDrEtc_SHB_12.11.2025_LS,SHB,742,14071,234.55,48.9,289.2,28.0,20.2,0.2065,1
EagleCreekDrEtc_SHB_12.11.2025_LS,SHB,742,14072,234.56,51.7,290.8,26.8,20.5,0.3472,1
EagleCreekDrEtc_SHB_12.11.2025_LS,SHB,742,14073,234.58,53.9,290.5,27.4,20.6,0.3693,1
EagleCreekDrEtc_SHB_12.11.2025_LS,SHB,742,14074,234.6,57.1,291.2,28.1,21.1,0.3891,1
EagleCreekDrEtc_SHB_12.11.2025_LS,SHB,743,14058,234.33,325.5,276.7,14.8,19.3,0.4426,0
EagleCreekDrEtc_SHB_12.11.2025_LS,SHB,743,14059,234.35,325.5,276.6,14.9,19.2,0.3673,0
EagleCreekDrEtc_SHB_12.11.2025_LS,SHB,743,14060,234.36,325.1,277.1,14.7,18.7,0.5038,0
EagleCreekDrEtc_SHB_12.11.2025_LS,SHB,743,14061,234.38,325.8,277.0,15.4,19.4,0.3487,0
EagleCreekDrEtc_SHB_12.11.2025_LS,SHB,755,14138,235.66,302.2,225.0,23.6,20.4,0.5824,0
EagleCreekDrEtc_SHB_12.11.2025_LS,SHB,755,14139,235.68,309.0,225.0,22.9,22.3,0.4675,0
EagleCreekDrEtc_SHB_12.11.2025_LS,SHB,755,14140,235.7,314.2,224.4,25.1,23.6,0.376,0
EagleCreekDrEtc_SHB_12.11.2025_LS,SHB,758,14150,235.86,378.6,215.0,25.3,23.9,0.5447,1
EagleCreekDrEtc_SHB_12.11.2025_LS,SHB,758,14151,235.88,384.5,214.2,24.0,22.7,0.379,1
EagleCreekDrEtc_SHB_12.11.2025_LS,SHB,758,14152,235.9,392.6,214.3,22.9,20.9,0.1171,1
EagleCreekDrEtc_SHB_12.11.2025_LS,SHB,758,14153,235.91,399.7,213.4,22.0,21.8,0.5181,1
EagleCreekDrEtc_SHB_12.11.2025_LS,SHB,758,14154,235.93,406.3,213.5,21.7,22.5,0.3855,1
EagleCreekDrEtc_SHB_12.11.2025_LS,SHB,758,14155,235.95,413.4,213.5,22.5,21.6,0.4294,1
EagleCreekDrEtc_SHB_12.11.2025_LS,SHB,758,14156,235.96,419.2,213.8,23.8,22.3,0.2784,1
EagleCreekDrEtc_SHB_12.11.2025_LS,SHB,758,14157,235.98,424.2,213.8,22.8,22.7,0.2183,1
EagleCreekDrEtc_SHB_12.11.2025_LS,SHB,758,14158,236.0,430.2,214.9,22.4,22.9,0.2017,1
EagleCreekDrEtc_SHB_12.11.2025_LS,SHB,758,14161,236.05,449.1,217.7,24.8,22.5,0.4386,1
EagleCreekDrEtc_SHB_12.11.2025_LS,SHB,758,14162,236.06,455.4,217.9,25.3,23.1,0.3199,1
EagleCreekDrEtc_SHB_12.11.2025_LS,SHB,758,14163,236.08,461.9,217.6,24.1,22.6,0.1901,1
EagleCreekDrEtc_SHB_12.11.2025_LS,SHB,758,14164,236.1,467.5,218.6,24.2,21.3,0.1622,1
EagleCreekDrEtc_SHB_12.11.2025_LS,SHB,758,14165,236.11,474.0,218.7,23.6,20.9,0.1578,1
EagleCreekDrEtc_SHB_12.11.2025_LS,SHB,758,14166,236.13,481.3,218.8,23.4,21.4,0.1514,1
EagleCreekDrEtc_SHB_12.11.2025_LS,SHB,758,14168,236.16,494.1,219.3,22.6,20.2,0.256,1
EagleCreekDrEtc_SHB_12.11.2025_LS,SHB,758,14169,236.18,500.7,218.5,23.8,21.5,0.3734,1
EagleCreekDrEtc_SHB_12.11.2025_LS,SHB,758,14170,236.2,506.6,218.0,24.3,22.2,0.2656,1
EagleCreekDrEtc_SHB_12.11.2025_LS,SHB,758,14171,236.21,513.2,217.8,24.7,22.0,0.2168,1
EagleCreekDrEtc_SHB_12.11.2025_LS,SHB,758,14172,236.23,519.0,217.0,26.0,22.9,0.2871,1
EagleCreekDrEtc_SHB_12.11.2025_LS,SHB,758,14173,236.25,526.6,216.9,25.6,22.8,0.2041,1
EagleCreekDrEtc_SHB_12.11.2025_LS,SHB,758,14174,236.26,534.8,216.8,24.7,23.0,0.2905,1
EagleCreekDrEtc_SHB_12.11.2025_LS,SHB,762,14373,239.58,631.5,289.5,15.5,20.7,0.6,1
EagleCreekDrEtc_SHB_12.11.2025_LS,SHB,762,14374,239.6,630.3,287.4,16.8,22.9,0.6289,1
EagleCreekDrEtc_SHB_12.11.2025_LS,SHB,762,14375,239.61,630.2,285.2,17.8,25.1,0.4986,1
EagleCreekDrEtc_SHB_12.11.2025_LS,SHB,762,14376,239.63,628.8,282.9,20.7,24.3,0.5283,1
EagleCreekDrEtc_SHB_12.11.2025_LS,SHB,762,14377,239.65,627.1,280.7,23.8,25.8,0.2687,1
EagleCreekDrEtc_SHB_12.11.2025_LS,SHB,762,14378,239.66,625.9,279.9,26.1,25.7,0.3467,1
EagleCreekDrEtc_SHB_12.11.2025_LS,SHB,762,14379,239.68,624.1,278.5,27.9,25.7,0.1637,1
EagleCreekDrEtc_SHB_12.11.2025_LS,SHB,762,14380,239.7,623.4,277.0,28.2,24.9,0.1009,1
EagleCreekDrEtc_SHB_12.11.2025_LS,SHB,762,14381,239.71,624.6,274.1,27.8,26.4,0.1445,1
EagleCreekDrEtc_SHB_12.11.2025_LS,SHB,762,14385,239.78,626.7,266.7,24.3,23.5,0.5565,1
EagleCreekDrEtc_SHB_12.11.2025_LS,SHB,762,14386,239.8,626.0,267.4,24.6,22.9,0.4951,1
EagleCreekDrEtc_SHB_12.11.2025_LS,SHB,762,14387,239.81,625.4,267.3,25.1,23.4,0.3137,1
EagleCreekDrEtc_SHB_12.11.2025_LS,SHB,762,14388,239.83,622.9,267.2,25.7,23.4,0.5463,1
EagleCreekDrEtc_SHB_12.11.2025_LS,SHB,762,14389,239.85,621.7,267.2,25.6,24.1,0.4389,1
EagleCreekDrEtc_SHB_12.11.2025_LS,SHB,762,14390,239.86,619.7,266.7,25.4,24.0,0.3967,1
EagleCreekDrEtc_SHB_12.11.2025_LS,SHB,762,14391,239.88,617.8,267.4,25.3,23.7,0.449,1
EagleCreekDrEtc_SHB_12.11.2025_LS,SHB,762,14392,239.9,615.3,267.4,26.8,23.9,0.5496,1
EagleCreekDrEtc_SHB_12.11.2025_LS,SHB,762,14393,239.91,614.6,268.8,26.5,23.4,0.4174,1
EagleCreekDrEtc_SHB_12.11.2025_LS,SHB,764,14391,239.88,600.2,271.1,27.6,21.2,0.4863,0
EagleCreekDrEtc_SHB_12.11.2025_LS,SHB,764,14392,239.9,597.3,271.3,27.7,21.4,0.6806,0
EagleCreekDrEtc_SHB_12.11.2025_LS,SHB,764,14393,239.91,595.9,273.0,28.2,22.0,0.6416,0
EagleCreekDrEtc_SHB_12.11.2025_LS,SHB,764,14394,239.93,591.7,273.0,27.6,21.4,0.7124,0
EagleCreekDrEtc_SHB_12.11.2025_LS,SHB,764,14395,239.95,590.1,273.7,26.6,21.2,0.7614,0
EagleCreekDrEtc_SHB_12.11.2025_LS,SHB,767,14403,240.08,604.3,273.8,28.6,24.3,0.4943,1
EagleCreekDrEtc_SHB_12.11.2025_LS,SHB,767,14405,240.11,577.2,275.7,26.6,22.3,0.7265,1
EagleCreekDrEtc_SHB_12.11.2025_LS,SHB,767,14406,240.13,574.8,276.9,25.9,21.6,0.7284,1
EagleCreekDrEtc_SHB_12.11.2025_LS,SHB,767,14407,240.15,569.8,275.7,27.0,22.3,0.6871,1
EagleCreekDrEtc_SHB_12.11.2025_LS,SHB,767,14408,240.16,569.3,274.4,28.3,22.3,0.7099,1
EagleCreekDrEtc_SHB_12.11.2025_LS,SHB,767,14409,240.18,571.6,274.9,28.7,22.2,0.7174,1
EagleCreekDrEtc_SHB_12.11.2025_LS,SHB,767,14410,240.2,571.8,273.3,27.8,21.6,0.7066,1
EagleCreekDrEtc_SHB_12.11.2025_LS,SHB,767,14411,240.21,571.4,272.3,27.2,20.6,0.7137,1
EagleCreekDrEtc_SHB_12.11.2025_LS,SHB,767,14412,240.23,570.6,270.1,28.3,21.0,0.7517,1
EagleCreekDrEtc_SHB_12.11.2025_LS,SHB,767,14413,240.25,569.7,268.4,27.9,20.9,0.7134,1
EagleCreekDrEtc_SHB_12.11.2025_LS,SHB,767,14414,240.26,569.5,266.6,28.1,21.2,0.7306,1
EagleCreekDrEtc_SHB_12.11.2025_LS,SHB,767,14415,240.28,569.0,265.0,26.9,20.6,0.7406,1
EagleCreekDrEtc_SHB_12.11.2025_LS,SHB,767,14416,240.3,568.5,263.1,27.1,21.3,0.71,1
EagleCreekDrEtc_SHB_12.11.2025_LS,SHB,767,14417,240.31,568.3,262.1,26.9,21.4,0.7593,1
EagleCreekDrEtc_SHB_12.11.2025_LS,SHB,767,14418,240.33,567.8,259.4,27.3,22.2,0.4809,1
EagleCreekDrEtc_SHB_12.11.2025_LS,SHB,767,14419,240.35,568.6,258.0,28.0,22.8,0.7382,1
EagleCreekDrEtc_SHB_12.11.2025_LS,SHB,767,14420,240.36,569.2,256.9,29.4,23.0,0.67,1
EagleCreekDrEtc_SHB_12.11.2025_LS,SHB,767,14421,240.38,569.0,255.4,29.5,23.3,0.6461,1
EagleCreekDrEtc_SHB_12.11.2025_LS,SHB,767,14422,240.4,568.8,254.2,29.7,23.3,0.72,1
EagleCreekDrEtc_SHB_12.11.2025_LS,SHB,767,14423,240.41,569.1,253.1,29.9,24.1,0.7423,1
EagleCreekDrEtc_SHB_12.11.2025_LS,SHB,767,14424,240.43,568.3,250.7,29.6,24.0,0.6485,1
EagleCreekDrEtc_SHB_12.11.2025_LS,SHB,767,14425,240.45,567.4,249.5,28.6,23.3,0.6949,1
EagleCreekDrEtc_SHB_12.11.2025_LS,SHB,767,14427,240.48,570.8,246.6,31.6,23.4,0.5745,1
EagleCreekDrEtc_SHB_12.11.2025_LS,SHB,767,14428,240.5,572.6,246.0,32.6,23.8,0.5158,1
EagleCreekDrEtc_SHB_12.11.2025_LS,SHB,767,14430,240.53,570.1,243.8,30.0,23.1,0.648,1
EagleCreekDrEtc_SHB_12.11.2025_LS,SHB,767,14431,240.55,569.5,243.0,28.6,22.9,0.765,1
EagleCreekDrEtc_SHB_12.11.2025_LS,SHB,767,14432,240.56,567.9,242.3,27.6,23.2,0.7288,1
EagleCreekDrEtc_SHB_12.11.2025_LS,SHB,767,14433,240.58,566.5,242.2,26.4,22.9,0.7378,1
EagleCreekDrEtc_SHB_12.11.2025_LS,SHB,767,14434,240.6,564.7,242.1,25.7,22.0,0.6645,1
EagleCreekDrEtc_SHB_12.11.2025_LS,SHB,767,14436,240.63,570.9,241.3,26.5,23.1,0.7056,1
EagleCreekDrEtc_SHB_12.11.2025_LS,SHB,767,14437,240.65,573.0,240.9,26.2,23.7,0.5336,1
EagleCreekDrEtc_SHB_12.11.2025_LS,SHB,767,14438,240.66,574.3,241.3,25.6,23.6,0.6701,1
EagleCreekDrEtc_SHB_12.11.2025_LS,SHB,767,14439,240.68,575.1,241.7,26.0,24.3,0.5802,1
EagleCreekDrEtc_SHB_12.11.2025_LS,SHB,767,14449,240.85,589.0,247.4,26.0,21.3,0.3413,1
EagleCreekDrEtc_SHB_12.11.2025_LS,SHB,767,14450,240.86,589.4,248.3,26.9,21.6,0.7272,1
EagleCreekDrEtc_SHB_12.11.2025_LS,SHB,767,14451,240.88,590.6,249.3,27.3,21.8,0.7332,1
EagleCreekDrEtc_SHB_12.11.2025_LS,SHB,767,14452,240.9,592.1,249.9,27.4,21.3,0.7358,1
EagleCreekDrEtc_SHB_12.11.2025_LS,SHB,767,14453,240.91,594.8,250.1,28.1,22.0,0.7524,1
EagleCreekDrEtc_SHB_12.11.2025_LS,SHB,767,14454,240.93,597.1,250.6,28.9,22.7,0.757,1
EagleCreekDrEtc_SHB_12.11.2025_LS,SHB,767,14455,240.95,599.3,250.7,29.1,23.0,0.7446,1
EagleCreekDrEtc_SHB_12.11.2025_LS,SHB,767,14456,240.96,601.7,250.4,29.4,23.2,0.7603,1
EagleCreekDrEtc_SHB_12.11.2025_LS,SHB,767,14457,240.98,604.9,250.6,28.8,23.1,0.7325,1
EagleCreekDrEtc_SHB_12.11.2025_LS,SHB,767,14458,241.0,607.6,250.7,28.5,22.8,0.7552,1
EagleCreekDrEtc_SHB_12.11.2025_LS,SHB,767,14459,241.01,610.8,250.7,27.3,22.4,0.7395,1
EagleCreekDrEtc_SHB_12.11.2025_LS,SHB,767,14460,241.03,615.1,250.7,25.2,20.7,0.7419,1
EagleCreekDrEtc_SHB_12.11.2025_LS,SHB,767,14461,241.05,617.4,248.9,26.6,20.4,0.7246,1
EagleCreekDrEtc_SHB_12.11.2025_LS,SHB,767,14462,241.06,619.9,248.9,28.0,21.5,0.7141,1
EagleCreekDrEtc_SHB_12.11.2025_LS,SHB,767,14463,241.08,621.0,247.7,26.9,21.4,0.697,1
EagleCreekDrEtc_SHB_12.11.2025_LS,SHB,768,14405,240.11,600.7,272.9,29.4,24.4,0.7458,0
EagleCreekDrEtc_SHB_12.11.2025_LS,SHB,768,14406,240.13,600.9,272.4,28.8,24.2,0.7687,0
EagleCreekDrEtc_SHB_12.11.2025_LS,SHB,768,14407,240.15,598.4,270.2,28.0,23.9,0.7405,0
EagleCreekDrEtc_SHB_12.11.2025_LS,SHB,768,14408,240.16,599.2,268.8,27.6,23.9,0.7428,0
EagleCreekDrEtc_SHB_12.11.2025_LS,SHB,768,14409,240.18,601.4,268.7,28.1,23.8,0.5459,0
EagleCreekDrEtc_SHB_12.11.2025_LS,SHB,768,14410,240.2,600.6,266.9,28.3,23.7,0.2028,0
EagleCreekDrEtc_SHB_12.11.2025_LS,SHB,771,14422,240.4,595.2,250.4,37.9,27.8,0.579,0
EagleCreekDrEtc_SHB_12.11.2025_LS,SHB,771,14423,240.41,592.6,250.3,38.1,28.3,0.279,0
EagleCreekDrEtc_SHB_12.11.2025_LS,SHB,771,14424,240.43,586.8,250.0,40.2,27.1,0.218,0
EagleCreekDrEtc_SHB_12.11.2025_LS,SHB,771,14425,240.45,590.0,249.0,40.4,28.7,0.4801,0
EagleCreekDrEtc_SHB_12.11.2025_LS,SHB,771,14426,240.46,591.1,245.2,40.8,28.5,0.3376,0
EagleCreekDrEtc_SHB_12.11.2025_LS,SHB,771,14427,240.48,591.7,242.6,38.9,27.3,0.2751,0
EagleCreekDrEtc_SHB_12.11.2025_LS,SHB,771,14428,240.5,596.2,239.6,34.5,25.5,0.2278,0
EagleCreekDrEtc_SHB_12.11.2025_LS,SHB,771,14432,240.56,603.3,236.0,30.6,24.5,0.4299,0
EagleCreekDrEtc_SHB_12.11.2025_LS,SHB,771,14433,240.58,606.0,235.1,29.6,24.0,0.4277,0
EagleCreekDrEtc_SHB_12.11.2025_LS,SHB,771,14434,240.6,606.8,235.4,28.7,23.5,0.5628,0
EagleCreekDrEtc_SHB_12.11.2025_LS,SHB,771,14435,240.61,609.0,235.0,27.0,23.5,0.4156,0
EagleCreekDrEtc_SHB_12.11.2025_LS,SHB,771,14436,240.63,607.9,236.1,28.0,23.4,0.5639,0
EagleCreekDrEtc_SHB_12.11.2025_LS,SHB,771,14437,240.65,610.1,236.4,28.7,24.4,0.1299,0
EagleCreekDrEtc_SHB_12.11.2025_LS,SHB,771,14438,240.66,608.1,237.5,30.4,25.3,0.1879,0
EagleCreekDrEtc_SHB_12.11.2025_LS,SHB,784,15153,252.58,586.8,288.4,35.9,49.7,0.8439,1
EagleCreekDrEtc_SHB_12.11.2025_LS,SHB,784,15154,252.6,579.1,289.2,35.8,50.1,0.8326,1
EagleCreekDrEtc_SHB_12.11.2025_LS,SHB,784,15155,252.62,572.9,290.7,36.8,51.3,0.8158,1
EagleCreekDrEtc_SHB_12.11.2025_LS,SHB,784,15156,252.63,565.4,288.0,37.3,51.3,0.8355,1
EagleCreekDrEtc_SHB_12.11.2025_LS,SHB,784,15157,252.65,560.7,291.4,36.9,51.6,0.8022,1
EagleCreekDrEtc_SHB_12.11.2025_LS,SHB,784,15158,252.67,555.2,291.9,37.9,53.4,0.7995,1
EagleCreekDrEtc_SHB_12.11.2025_LS,SHB,784,15159,252.68,546.8,291.3,38.4,54.5,0.8052,1
EagleCreekDrEtc_SHB_12.11.2025_LS,SHB,784,15160,252.7,540.1,292.2,37.7,52.8,0.8193,1
EagleCreekDrEtc_SHB_12.11.2025_LS,SHB,784,15161,252.72,531.9,292.3,37.4,52.1,0.8232,1
EagleCreekDrEtc_SHB_12.11.2025_LS,SHB,784,15162,252.73,523.4,289.9,37.2,51.7,0.8143,1
EagleCreekDrEtc_SHB_12.11.2025_LS,SHB,784,15163,252.75,514.3,290.6,37.3,51.5,0.8153,1
EagleCreekDrEtc_SHB_12.11.2025_LS,SHB,784,15164,252.77,506.3,290.2,37.4,52.8,0.8091,1
EagleCreekDrEtc_SHB_12.11.2025_LS,SHB,784,15165,252.78,497.5,290.8,38.0,54.2,0.8037,1
EagleCreekDrEtc_SHB_12.11.2025_LS,SHB,784,15166,252.8,490.6,291.7,38.8,54.3,0.826,1
EagleCreekDrEtc_SHB_12.11.2025_LS,SHB,784,15167,252.82,481.1,291.9,38.4,54.1,0.8112,1
EagleCreekDrEtc_SHB_12.11.2025_LS,SHB,784,15168,252.83,474.6,291.5,38.5,54.1,0.8373,1
EagleCreekDrEtc_SHB_12.11.2025_LS,SHB,784,15169,252.85,467.1,292.0,37.4,52.5,0.8154,1
EagleCreekDrEtc_SHB_12.11.2025_LS,SHB,784,15170,252.87,459.6,292.3,37.6,51.8,0.8553,1
EagleCreekDrEtc_SHB_12.11.2025_LS,SHB,784,15171,252.88,451.2,293.6,38.3,52.2,0.8168,1
EagleCreekDrEtc_SHB_12.11.2025_LS,SHB,784,15172,252.9,443.5,293.6,38.5,52.0,0.7926,1
EagleCreekDrEtc_SHB_12.11.2025_LS,SHB,784,15173,252.92,435.8,294.2,37.8,52.6,0.8011,1
EagleCreekDrEtc_SHB_12.11.2025_LS,SHB,784,15174,252.93,428.1,294.5,38.4,53.2,0.7951,1
EagleCreekDrEtc_SHB_12.11.2025_LS,SHB,784,15175,252.95,420.3,295.3,38.8,53.0,0.8254,1
EagleCreekDrEtc_SHB_12.11.2025_LS,SHB,784,15176,252.97,413.1,296.0,38.7,52.1,0.8124,1
EagleCreekDrEtc_SHB_12.11.2025_LS,SHB,784,15177,252.98,405.9,295.9,36.9,50.7,0.8385,1
EagleCreekDrEtc_SHB_12.11.2025_LS,SHB,784,15178,253.0,398.2,296.0,37.6,51.8,0.8526,1
EagleCreekDrEtc_SHB_12.11.2025_LS,SHB,784,15179,253.02,390.5,295.1,37.4,52.4,0.8363,1
EagleCreekDrEtc_SHB_12.11.2025_LS,SHB,784,15180,253.03,383.4,295.9,36.0,50.8,0.83,1
EagleCreekDrEtc_SHB_12.11.2025_LS,SHB,784,15181,253.05,376.1,297.3,35.9,50.1,0.8306,1
EagleCreekDrEtc_SHB_12.11.2025_LS,SHB,784,15182,253.07,367.8,295.5,35.3,48.6,0.8323,1
EagleCreekDrEtc_SHB_12.11.2025_LS,SHB,784,15183,253.08,359.9,296.9,35.8,50.2,0.8142,1
EagleCreekDrEtc_SHB_12.11.2025_LS,SHB,784,15184,253.1,353.1,297.7,35.8,50.4,0.7978,1
EagleCreekDrEtc_SHB_12.11.2025_LS,SHB,784,15185,253.12,346.3,295.9,36.6,51.7,0.7972,1
EagleCreekDrEtc_SHB_12.11.2025_LS,SHB,784,15186,253.13,338.1,297.0,37.3,51.4,0.8018,1
EagleCreekDrEtc_SHB_12.11.2025_LS,SHB,784,15187,253.15,330.9,296.6,36.2,51.3,0.8039,1
EagleCreekDrEtc_SHB_12.11.2025_LS,SHB,784,15188,253.17,323.7,298.1,36.8,52.0,0.8096,1
EagleCreekDrEtc_SHB_12.11.2025_LS,SHB,784,15189,253.18,316.6,300.3,36.2,51.1,0.8265,1
EagleCreekDrEtc_SHB_12.11.2025_LS,SHB,784,15190,253.2,309.3,299.9,35.3,50.9,0.8252,1
EagleCreekDrEtc_SHB_12.11.2025_LS,SHB,784,15191,253.22,302.5,301.6,35.6,51.2,0.8055,1
EagleCreekDrEtc_SHB_12.11.2025_LS,SHB,784,15192,253.23,295.9,302.1,35.7,51.6,0.8062,1
EagleCreekDrEtc_SHB_12.11.2025_LS,SHB,784,15193,253.25,288.1,303.7,36.0,52.2,0.8236,1
EagleCreekDrEtc_SHB_12.11.2025_LS,SHB,784,15194,253.27,281.2,304.6,36.6,53.0,0.7808,1
EagleCreekDrEtc_SHB_12.11.2025_LS,SHB,784,15195,253.28,273.9,304.2,36.9,53.1,0.8068,1
EagleCreekDrEtc_SHB_12.11.2025_LS,SHB,784,15196,253.3,266.8,305.5,37.2,53.1,0.8078,1
EagleCreekDrEtc_SHB_12.11.2025_LS,SHB,784,15197,253.32,259.1,306.2,37.4,52.8,0.8254,1
EagleCreekDrEtc_SHB_12.11.2025_LS,SHB,784,15198,253.33,251.5,306.6,37.5,52.3,0.8411,1
EagleCreekDrEtc_SHB_12.11.2025_LS,SHB,784,15199,253.35,244.0,306.9,37.3,52.3,0.863,1
EagleCreekDrEtc_SHB_12.11.2025_LS,SHB,784,15200,253.37,236.6,307.8,36.6,51.5,0.8409,1
EagleCreekDrEtc_SHB_12.11.2025_LS,SHB,784,15201,253.38,229.8,307.8,36.1,51.5,0.852,1
EagleCreekDrEtc_SHB_12.11.2025_LS,SHB,784,15202,253.4,222.6,307.5,35.9,51.5,0.8569,1
EagleCreekDrEtc_SHB_12.11.2025_LS,SHB,784,15203,253.42,214.9,308.3,36.4,51.2,0.8529,1
EagleCreekDrEtc_SHB_12.11.2025_LS,SHB,784,15204,253.43,207.7,309.6,36.5,51.1,0.7803,1
EagleCreekDrEtc_SHB_12.11.2025_LS,SHB,784,15205,253.45,201.1,310.3,36.3,51.3,0.8071,1
EagleCreekDrEtc_SHB_12.11.2025_LS,SHB,784,15206,253.47,194.3,310.3,36.4,51.5,0.7877,1
EagleCreekDrEtc_SHB_12.11.2025_LS,SHB,784,15207,253.48,187.4,310.7,36.4,52.4,0.7798,1
EagleCreekDrEtc_SHB_12.11.2025_LS,SHB,784,15208,253.5,180.8,311.4,35.8,50.5,0.7779,1
EagleCreekDrEtc_SHB_12.11.2025_LS,SHB,784,15209,253.52,174.5,311.2,36.4,50.9,0.817,1
EagleCreekDrEtc_SHB_12.11.2025_LS,SHB,784,15210,253.53,166.9,312.7,36.7,51.2,0.8222,1
EagleCreekDrEtc_SHB_12.11.2025_LS,SHB,784,15211,253.55,160.9,311.1,36.5,52.3,0.758,1
EagleCreekDrEtc_SHB_12.11.2025_LS,SHB,784,15212,253.57,154.3,310.9,36.9,53.6,0.778,1
EagleCreekDrEtc_SHB_12.11.2025_LS,SHB,784,15213,253.58,148.0,310.6,37.3,54.1,0.7402,1
EagleCreekDrEtc_SHB_12.11.2025_LS,SHB,784,15214,253.6,142.2,309.1,36.1,51.5,0.814,1
EagleCreekDrEtc_SHB_12.11.2025_LS,SHB,784,15215,253.62,135.3,308.6,36.4,51.7,0.7729,1
EagleCreekDrEtc_SHB_12.11.2025_LS,SHB,784,15216,253.63,129.0,307.2,36.4,52.3,0.7708,1
EagleCreekDrEtc_SHB_12.11.2025_LS,SHB,784,15217,253.65,122.7,305.8,36.9,53.4,0.7788,1
EagleCreekDrEtc_SHB_12.11.2025_LS,SHB,784,15218,253.67,116.7,305.1,35.8,52.8,0.7295,1
EagleCreekDrEtc_SHB_12.11.2025_LS,SHB,784,15219,253.68,109.9,302.7,36.1,52.4,0.7705,1
EagleCreekDrEtc_SHB_12.11.2025_LS,SHB,784,15220,253.7,103.2,302.7,37.1,52.8,0.7719,1
EagleCreekDrEtc_SHB_12.11.2025_LS,SHB,784,15221,253.72,96.9,301.2,36.7,50.3,0.7935,1
EagleCreekDrEtc_SHB_12.11.2025_LS,SHB,784,15222,253.73,90.3,299.8,37.5,51.5,0.7882,1
EagleCreekDrEtc_SHB_12.11.2025_LS,SHB,784,15223,253.75,84.3,298.6,37.5,52.3,0.7505,1
EagleCreekDrEtc_SHB_12.11.2025_LS,SHB,784,15224,253.77,77.0,296.3,38.3,51.5,0.8035,1
EagleCreekDrEtc_SHB_12.11.2025_LS,SHB,784,15225,253.78,70.5,296.1,38.9,51.0,0.8052,1
EagleCreekDrEtc_SHB_12.11.2025_LS,SHB,784,15226,253.8,64.9,295.4,38.4,50.3,0.798,1
EagleCreekDrEtc_SHB_12.11.2025_LS,SHB,784,15227,253.82,58.5,293.8,39.0,50.7,0.8142,1
EagleCreekDrEtc_SHB_12.11.2025_LS,SHB,784,15228,253.83,51.9,292.7,38.0,49.3,0.7935,1
EagleCreekDrEtc_SHB_12.11.2025_LS,SHB,784,15229,253.85,45.5,291.4,38.3,51.1,0.7996,1
EagleCreekDrEtc_SHB_12.11.2025_LS,SHB,784,15230,253.87,38.3,290.5,38.8,52.5,0.796,1
EagleCreekDrEtc_SHB_12.11.2025_LS,SHB,784,15231,253.88,32.3,289.6,38.1,50.5,0.7883,1
EagleCreekDrEtc_SHB_12.11.2025_LS,SHB,784,15232,253.9,26.0,287.7,38.6,51.0,0.8256,1
EagleCreekDrEtc_SHB_12.11.2025_LS,SHB,784,15233,253.92,19.3,285.8,38.7,52.0,0.7802,1
EagleCreekDrEtc_SHB_12.11.2025_LS,SHB,784,15234,253.93,16.2,284.4,32.4,51.6,0.7371,1
EagleCreekDrEtc_SHB_12.11.2025_LS,SHB,784,15235,253.95,13.4,283.5,26.8,53.0,0.7644,1
EagleCreekDrEtc_SHB_12.11.2025_LS,SHB,784,15236,253.97,10.8,282.4,21.6,51.3,0.7306,1
EagleCreekDrEtc_SHB_12.11.2025_LS,SHB,784,15237,253.98,10.0,284.2,20.1,46.9,0.4206,1
EagleCreekDrEtc_SHB_12.11.2025_LS,SHB,786,15190,253.2,617.5,298.4,43.1,69.5,0.7224,1
EagleCreekDrEtc_SHB_12.11.2025_LS,SHB,786,15191,253.22,612.0,299.5,47.2,68.6,0.7815,1
EagleCreekDrEtc_SHB_12.11.2025_LS,SHB,786,15192,253.23,605.7,300.6,52.0,67.2,0.8093,1
EagleCreekDrEtc_SHB_12.11.2025_LS,SHB,786,15193,253.25,597.4,301.7,50.8,67.4,0.7528,1
EagleCreekDrEtc_SHB_12.11.2025_LS,SHB,786,15194,253.27,590.0,303.8,50.7,67.3,0.7932,1
EagleCreekDrEtc_SHB_12.11.2025_LS,SHB,786,15195,253.28,582.1,303.4,52.3,69.4,0.8006,1
EagleCreekDrEtc_SHB_12.11.2025_LS,SHB,786,15196,253.3,575.0,304.8,53.8,70.5,0.8037,1
EagleCreekDrEtc_SHB_12.11.2025_LS,SHB,786,15197,253.32,567.1,305.7,55.2,71.2,0.8086,1
EagleCreekDrEtc_SHB_12.11.2025_LS,SHB,786,15198,253.33,559.4,305.4,56.3,72.3,0.8129,1
EagleCreekDrEtc_SHB_12.11.2025_LS,SHB,786,15199,253.35,550.8,305.8,54.3,72.8,0.8111,1
EagleCreekDrEtc_SHB_12.11.2025_LS,SHB,786,15200,253.37,543.8,306.1,54.0,73.4,0.8054,1
EagleCreekDrEtc_SHB_12.11.2025_LS,SHB,786,15201,253.38,535.3,305.7,54.5,73.6,0.8173,1
EagleCreekDrEtc_SHB_12.11.2025_LS,SHB,786,15202,253.4,527.0,305.9,55.4,73.4,0.8296,1
EagleCreekDrEtc_SHB_12.11.2025_LS,SHB,786,15203,253.42,519.3,307.0,55.4,72.7,0.8198,1
EagleCreekDrEtc_SHB_12.11.2025_LS,SHB,786,15204,253.43,512.2,307.9,55.5,72.0,0.8301,1
EagleCreekDrEtc_SHB_12.11.2025_LS,SHB,786,15205,253.45,504.5,308.8,55.4,71.6,0.8222,1
EagleCreekDrEtc_SHB_12.11.2025_LS,SHB,786,15206,253.47,496.7,308.0,56.3,73.1,0.8291,1
EagleCreekDrEtc_SHB_12.11.2025_LS,SHB,786,15207,253.48,488.8,309.1,56.0,72.2,0.8241,1
EagleCreekDrEtc_SHB_12.11.2025_LS,SHB,786,15208,253.5,481.0,310.4,55.7,70.0,0.8095,1
EagleCreekDrEtc_SHB_12.11.2025_LS,SHB,786,15209,253.52,474.2,310.1,56.4,72.1,0.8272,1
EagleCreekDrEtc_SHB_12.11.2025_LS,SHB,786,15210,253.53,466.0,311.8,53.8,70.6,0.837,1
EagleCreekDrEtc_SHB_12.11.2025_LS,SHB,786,15211,253.55,458.3,310.8,54.2,70.5,0.827,1
EagleCreekDrEtc_SHB_12.11.2025_LS,SHB,786,15212,253.57,450.8,310.8,54.1,71.1,0.8299,1
EagleCreekDrEtc_SHB_12.11.2025_LS,SHB,786,15213,253.58,443.5,311.3,53.5,71.1,0.8296,1
EagleCreekDrEtc_SHB_12.11.2025_LS,SHB,786,15214,253.6,436.4,309.9,53.2,70.9,0.8304,1
EagleCreekDrEtc_SHB_12.11.2025_LS,SHB,786,15215,253.62,429.2,309.5,52.4,70.5,0.815,1
EagleCreekDrEtc_SHB_12.11.2025_LS,SHB,786,15216,253.63,422.5,308.0,53.6,71.5,0.8158,1
EagleCreekDrEtc_SHB_12.11.2025_LS,SHB,786,15217,253.65,416.0,306.4,55.0,73.5,0.7932,1
EagleCreekDrEtc_SHB_12.11.2025_LS,SHB,786,15218,253.67,408.5,306.9,54.6,73.8,0.8071,1
EagleCreekDrEtc_SHB_12.11.2025_LS,SHB,786,15219,253.68,400.7,305.2,55.4,74.5,0.8039,1
EagleCreekDrEtc_SHB_12.11.2025_LS,SHB,786,15220,253.7,393.8,306.0,55.3,73.2,0.7872,1
EagleCreekDrEtc_SHB_12.11.2025_LS,SHB,786,15221,253.72,385.8,304.4,53.9,73.1,0.806,1
EagleCreekDrEtc_SHB_12.11.2025_LS,SHB,786,15222,253.73,377.8,304.1,53.5,72.5,0.8321,1
EagleCreekDrEtc_SHB_12.11.2025_LS,SHB,786,15223,253.75,368.9,304.0,49.1,71.0,0.7761,1
EagleCreekDrEtc_SHB_12.11.2025_LS,SHB,786,15224,253.77,362.7,301.6,55.8,74.3,0.7959,1
EagleCreekDrEtc_SHB_12.11.2025_LS,SHB,786,15225,253.78,356.4,300.9,56.1,73.7,0.7343,1
EagleCreekDrEtc_SHB_12.11.2025_LS,SHB,786,15226,253.8,349.7,299.3,55.3,72.2,0.7894,1
EagleCreekDrEtc_SHB_12.11.2025_LS,SHB,786,15227,253.82,342.5,298.1,56.7,71.7,0.7884,1
EagleCreekDrEtc_SHB_12.11.2025_LS,SHB,786,15228,253.83,335.7,297.2,55.2,70.7,0.7768,1
EagleCreekDrEtc_SHB_12.11.2025_LS,SHB,786,15229,253.85,329.1,295.7,54.0,70.7,0.8007,1
EagleCreekDrEtc_SHB_12.11.2025_LS,SHB,786,15230,253.87,322.8,294.9,50.5,70.2,0.8274,1
EagleCreekDrEtc_SHB_12.11.2025_LS,SHB,786,15231,253.88,315.0,293.5,51.7,69.4,0.8422,1
EagleCreekDrEtc_SHB_12.11.2025_LS,SHB,786,15232,253.9,306.2,292.7,53.7,69.0,0.8423,1
EagleCreekDrEtc_SHB_12.11.2025_LS,SHB,786,15233,253.92,298.3,291.6,55.6,69.8,0.8358,1
EagleCreekDrEtc_SHB_12.11.2025_LS,SHB,786,15234,253.93,291.3,289.7,54.0,69.9,0.8433,1
EagleCreekDrEtc_SHB_12.11.2025_LS,SHB,786,15235,253.95,283.6,288.8,54.2,69.2,0.8583,1
EagleCreekDrEtc_SHB_12.11.2025_LS,SHB,786,15236,253.97,276.5,287.2,53.6,70.1,0.8616,1
EagleCreekDrEtc_SHB_12.11.2025_LS,SHB,786,15237,253.98,270.1,286.2,53.7,71.2,0.8573,1
EagleCreekDrEtc_SHB_12.11.2025_LS,SHB,786,15238,254.0,262.8,285.6,53.2,69.5,0.846,1
EagleCreekDrEtc_SHB_12.11.2025_LS,SHB,786,15239,254.02,255.7,285.5,54.1,70.3,0.8558,1
EagleCreekDrEtc_SHB_12.11.2025_LS,SHB,786,15240,254.03,248.1,286.1,54.3,70.0,0.8562,1
EagleCreekDrEtc_SHB_12.11.2025_LS,SHB,786,15241,254.05,240.0,285.4,54.6,70.6,0.8655,1
EagleCreekDrEtc_SHB_12.11.2025_LS,SHB,786,15242,254.07,233.1,285.5,55.0,70.8,0.8563,1
EagleCreekDrEtc_SHB_12.11.2025_LS,SHB,786,15243,254.08,225.3,284.7,55.2,71.2,0.8551,1
EagleCreekDrEtc_SHB_12.11.2025_LS,SHB,786,15244,254.1,218.3,284.8,55.1,70.8,0.8452,1
EagleCreekDrEtc_SHB_12.11.2025_LS,SHB,786,15245,254.12,210.3,284.7,55.6,70.7,0.8366,1
EagleCreekDrEtc_SHB_12.11.2025_LS,SHB,786,15246,254.13,202.9,283.7,54.6,70.6,0.8482,1
EagleCreekDrEtc_SHB_12.11.2025_LS,SHB,786,15247,254.15,195.8,283.8,54.3,70.2,0.8549,1
EagleCreekDrEtc_SHB_12.11.2025_LS,SHB,786,15248,254.17,188.0,282.8,54.7,70.5,0.8559,1
EagleCreekDrEtc_SHB_12.11.2025_LS,SHB,786,15249,254.18,180.8,282.6,53.8,70.7,0.8461,1
EagleCreekDrEtc_SHB_12.11.2025_LS,SHB,786,15250,254.2,174.1,282.4,55.1,71.9,0.8486,1
EagleCreekDrEtc_SHB_12.11.2025_LS,SHB,786,15251,254.22,165.9,280.8,54.9,72.8,0.8545,1
EagleCreekDrEtc_SHB_12.11.2025_LS,SHB,786,15252,254.23,158.6,280.7,55.3,72.8,0.853,1
EagleCreekDrEtc_SHB_12.11.2025_LS,SHB,786,15253,254.25,150.5,279.5,55.3,73.1,0.8721,1
EagleCreekDrEtc_SHB_12.11.2025_LS,SHB,786,15254,254.27,143.5,278.7,55.6,73.5,0.8737,1
EagleCreekDrEtc_SHB_12.11.2025_LS,SHB,786,15255,254.28,136.2,278.0,54.9,73.6,0.8594,1
EagleCreekDrEtc_SHB_12.11.2025_LS,SHB,786,15256,254.3,128.3,277.1,54.7,73.7,0.8418,1
EagleCreekDrEtc_SHB_12.11.2025_LS,SHB,786,15257,254.32,120.8,275.7,54.4,72.7,0.841,1
EagleCreekDrEtc_SHB_12.11.2025_LS,SHB,786,15258,254.33,113.3,275.0,54.0,72.2,0.8251,1
EagleCreekDrEtc_SHB_12.11.2025_LS,SHB,786,15259,254.35,105.6,273.8,54.2,71.9,0.8333,1
EagleCreekDrEtc_SHB_12.11.2025_LS,SHB,786,15260,254.37,98.1,272.6,54.5,71.3,0.8588,1
EagleCreekDrEtc_SHB_12.11.2025_LS,SHB,786,15261,254.38,89.4,272.2,54.7,71.6,0.8559,1
EagleCreekDrEtc_SHB_12.11.2025_LS,SHB,786,15262,254.4,82.4,271.5,55.4,72.6,0.8571,1
EagleCreekDrEtc_SHB_12.11.2025_LS,SHB,786,15263,254.42,75.1,270.7,54.9,72.8,0.8488,1
EagleCreekDrEtc_SHB_12.11.2025_LS,SHB,786,15264,254.43,67.9,270.8,55.2,72.8,0.8558,1
EagleCreekDrEtc_SHB_12.11.2025_LS,SHB,786,15265,254.45,61.4,270.2,54.7,73.2,0.8485,1
EagleCreekDrEtc_SHB_12.11.2025_LS,SHB,786,15266,254.47,54.1,269.5,55.7,74.1,0.858,1
EagleCreekDrEtc_SHB_12.11.2025_LS,SHB,786,15267,254.48,47.1,269.6,55.8,74.4,0.8603,1
EagleCreekDrEtc_SHB_12.11.2025_LS,SHB,786,15268,254.5,39.4,269.8,54.8,72.8,0.8288,1
EagleCreekDrEtc_SHB_12.11.2025_LS,SHB,786,15269,254.52,31.7,270.7,54.4,72.3,0.8107,1
EagleCreekDrEtc_SHB_12.11.2025_LS,SHB,786,15270,254.53,25.0,270.2,50.1,69.8,0.7971,1
EagleCreekDrEtc_SHB_12.11.2025_LS,SHB,786,15271,254.55,20.9,271.5,41.7,67.5,0.7883,1
EagleCreekDrEtc_SHB_12.11.2025_LS,SHB,786,15272,254.57,18.1,273.4,36.2,66.7,0.7792,1
EagleCreekDrEtc_SHB_12.11.2025_LS,SHB,786,15273,254.58,14.7,275.7,29.4,67.5,0.7487,1
EagleCreekDrEtc_SHB_12.11.2025_LS,SHB,786,15274,254.6,12.1,278.7,24.1,66.7,0.6129,1
EagleCreekDrEtc_SHB_12.11.2025_LS,SHB,786,15275,254.62,8.5,278.2,17.0,67.0,0.3685,1
EagleCreekDrEtc_SHB_12.11.2025_LS,SHB,786,15276,254.63,5.4,272.4,10.7,60.8,0.1013,1
EagleCreekDrEtc_SHB_12.11.2025_LS,SHB,790,15279,254.68,566.0,249.2,37.9,38.9,0.7931,1
EagleCreekDrEtc_SHB_12.11.2025_LS,SHB,790,15280,254.7,560.9,250.2,36.6,38.6,0.8092,1
EagleCreekDrEtc_SHB_12.11.2025_LS,SHB,790,15281,254.72,555.0,250.9,38.1,38.4,0.839,1
EagleCreekDrEtc_SHB_12.11.2025_LS,SHB,790,15282,254.73,549.8,251.6,38.7,38.4,0.8205,1
EagleCreekDrEtc_SHB_12.11.2025_LS,SHB,790,15283,254.75,544.9,252.3,38.2,38.7,0.8339,1
EagleCreekDrEtc_SHB_12.11.2025_LS,SHB,790,15284,254.77,539.4,254.1,38.4,38.5,0.8676,1
EagleCreekDrEtc_SHB_12.11.2025_LS,SHB,790,15285,254.78,534.4,253.4,37.4,37.8,0.8584,1
EagleCreekDrEtc_SHB_12.11.2025_LS,SHB,790,15286,254.8,530.2,254.1,37.0,38.3,0.8974,1
EagleCreekDrEtc_SHB_12.11.2025_LS,SHB,790,15287,254.82,525.4,255.6,37.6,38.9,0.8865,1
EagleCreekDrEtc_SHB_12.11.2025_LS,SHB,790,15288,254.83,520.4,254.6,37.4,38.6,0.8632,1
EagleCreekDrEtc_SHB_12.11.2025_LS,SHB,790,15289,254.85,516.2,255.4,37.2,38.4,0.8582,1
EagleCreekDrEtc_SHB_12.11.2025_LS,SHB,790,15290,254.87,511.1,255.3,38.0,38.4,0.8705,1
EagleCreekDrEtc_SHB_12.11.2025_LS,SHB,790,15291,254.88,507.4,256.4,39.2,39.7,0.9093,1
EagleCreekDrEtc_SHB_12.11.2025_LS,SHB,790,15292,254.9,503.0,257.9,40.3,39.5,0.8613,1
EagleCreekDrEtc_SHB_12.11.2025_LS,SHB,790,15293,254.92,498.6,258.1,39.5,39.2,0.8819,1
EagleCreekDrEtc_SHB_12.11.2025_LS,SHB,790,15294,254.93,493.8,258.6,40.7,40.3,0.8713,1
EagleCreekDrEtc_SHB_12.11.2025_LS,SHB,790,15295,254.95,488.6,259.0,41.7,40.1,0.831,1
EagleCreekDrEtc_SHB_12.11.2025_LS,SHB,790,15296,254.97,483.2,258.9,41.0,40.2,0.838,1
EagleCreekDrEtc_SHB_12.11.2025_LS,SHB,790,15297,254.98,478.4,260.2,40.7,39.7,0.8602,1
EagleCreekDrEtc_SHB_12.11.2025_LS,SHB,790,15298,255.0,473.6,260.2,39.0,39.2,0.8432,1
EagleCreekDrEtc_SHB_12.11.2025_LS,SHB,790,15299,255.02,469.0,260.8,39.4,38.8,0.8385,1
EagleCreekDrEtc_SHB_12.11.2025_LS,SHB,790,15300,255.03,465.0,262.6,39.2,37.8,0.8682,1
EagleCreekDrEtc_SHB_12.11.2025_LS,SHB,790,15301,255.05,461.0,263.2,39.0,37.1,0.9143,1
EagleCreekDrEtc_SHB_12.11.2025_LS,SHB,790,15302,255.07,455.8,263.7,40.0,37.1,0.8634,1
EagleCreekDrEtc_SHB_12.11.2025_LS,SHB,790,15303,255.08,450.9,264.0,38.6,36.0,0.8436,1
EagleCreekDrEtc_SHB_12.11.2025_LS,SHB,790,15304,255.1,445.8,263.9,39.4,36.7,0.8712,1
EagleCreekDrEtc_SHB_12.11.2025_LS,SHB,790,15305,255.12,441.4,264.3,39.1,37.3,0.8504,1
EagleCreekDrEtc_SHB_12.11.2025_LS,SHB,790,15306,255.13,436.1,264.7,40.6,37.1,0.8796,1
EagleCreekDrEtc_SHB_12.11.2025_LS,SHB,790,15307,255.15,431.0,265.1,41.6,36.6,0.883,1
EagleCreekDrEtc_SHB_12.11.2025_LS,SHB,790,15308,255.17,425.2,265.6,41.5,36.3,0.8775,1
EagleCreekDrEtc_SHB_12.11.2025_LS,SHB,790,15309,255.18,419.2,266.1,41.0,37.2,0.8831,1
EagleCreekDrEtc_SHB_12.11.2025_LS,SHB,790,15310,255.2,414.5,266.2,40.1,37.2,0.8743,1
EagleCreekDrEtc_SHB_12.11.2025_LS,SHB,790,15311,255.22,408.7,266.2,40.9,37.8,0.8507,1
EagleCreekDrEtc_SHB_12.11.2025_LS,SHB,790,15312,255.23,404.5,267.2,41.1,37.8,0.8435,1
EagleCreekDrEtc_SHB_12.11.2025_LS,SHB,790,15313,255.25,399.5,267.0,40.4,37.3,0.8805,1
EagleCreekDrEtc_SHB_12.11.2025_LS,SHB,790,15314,255.27,394.6,267.8,40.7,37.6,0.8765,1
EagleCreekDrEtc_SHB_12.11.2025_LS,SHB,790,15315,255.28,389.3,268.7,40.8,37.0,0.8433,1
EagleCreekDrEtc_SHB_12.11.2025_LS,SHB,790,15316,255.3,385.2,268.3,40.4,35.7,0.8172,1
EagleCreekDrEtc_SHB_12.11.2025_LS,SHB,790,15317,255.32,380.4,269.4,40.7,36.3,0.8732,1
EagleCreekDrEtc_SHB_12.11.2025_LS,SHB,790,15318,255.33,375.4,270.0,40.4,36.7,0.8742,1
EagleCreekDrEtc_SHB_12.11.2025_LS,SHB,790,15319,255.35,371.3,270.4,41.0,36.3,0.9213,1
EagleCreekDrEtc_SHB_12.11.2025_LS,SHB,790,15320,255.37,365.2,270.9,41.1,35.2,0.8532,1
EagleCreekDrEtc_SHB_12.11.2025_LS,SHB,790,15321,255.38,359.8,270.2,40.8,35.0,0.8644,1
EagleCreekDrEtc_SHB_12.11.2025_LS,SHB,790,15322,255.4,355.7,270.9,40.8,35.4,0.9509,1
EagleCreekDrEtc_SHB_12.11.2025_LS,SHB,790,15323,255.42,349.5,270.6,41.3,35.1,0.8469,1
EagleCreekDrEtc_SHB_12.11.2025_LS,SHB,790,15324,255.43,344.6,270.4,41.2,34.7,0.8763,1
EagleCreekDrEtc_SHB_12.11.2025_LS,SHB,790,15325,255.45,340.0,270.6,42.0,35.3,0.9116,1
EagleCreekDrEtc_SHB_12.11.2025_LS,SHB,790,15326,255.47,333.5,269.1,42.4,36.1,0.8321,1
EagleCreekDrEtc_SHB_12.11.2025_LS,SHB,790,15327,255.48,328.6,268.3,42.3,36.0,0.8511,1
EagleCreekDrEtc_SHB_12.11.2025_LS,SHB,790,15328,255.5,323.7,266.9,43.2,36.4,0.8607,1
EagleCreekDrEtc_SHB_12.11.2025_LS,SHB,790,15329,255.52,317.6,267.1,43.2,36.2,0.872,1
EagleCreekDrEtc_SHB_12.11.2025_LS,SHB,790,15330,255.53,312.7,267.6,43.8,36.5,0.8796,1
EagleCreekDrEtc_SHB_12.11.2025_LS,SHB,790,15331,255.55,307.6,267.5,44.6,36.4,0.8793,1
EagleCreekDrEtc_SHB_12.11.2025_LS,SHB,790,15332,255.57,302.4,267.7,44.3,35.9,0.8505,1
EagleCreekDrEtc_SHB_12.11.2025_LS,SHB,790,15333,255.58,297.8,267.3,45.1,36.4,0.8511,1
EagleCreekDrEtc_SHB_12.11.2025_LS,SHB,790,15334,255.6,292.9,267.1,45.6,36.2,0.849,1
EagleCreekDrEtc_SHB_12.11.2025_LS,SHB,790,15335,255.62,287.8,267.0,45.5,36.9,0.8708,1
EagleCreekDrEtc_SHB_12.11.2025_LS,SHB,790,15336,255.63,283.3,266.7,45.1,37.9,0.8529,1
EagleCreekDrEtc_SHB_12.11.2025_LS,SHB,790,15337,255.65,277.9,265.7,45.4,38.8,0.8249,1
EagleCreekDrEtc_SHB_12.11.2025_LS,SHB,790,15338,255.67,273.2,265.2,46.7,40.0,0.8299,1
EagleCreekDrEtc_SHB_12.11.2025_LS,SHB,790,15339,255.68,268.1,265.2,45.9,40.2,0.8805,1
EagleCreekDrEtc_SHB_12.11.2025_LS,SHB,790,15340,255.7,262.1,263.3,46.4,39.7,0.8375,1
EagleCreekDrEtc_SHB_12.11.2025_LS,SHB,790,15341,255.72,256.3,262.6,46.0,39.9,0.7945,1
EagleCreekDrEtc_SHB_12.11.2025_LS,SHB,790,15342,255.73,251.2,262.1,45.1,38.5,0.7935,1
EagleCreekDrEtc_SHB_12.11.2025_LS,SHB,790,15343,255.75,245.1,261.5,44.5,38.2,0.832,1
EagleCreekDrEtc_SHB_12.11.2025_LS,SHB,790,15344,255.77,238.9,261.5,46.0,37.9,0.7834,1
EagleCreekDrEtc_SHB_12.11.2025_LS,SHB,790,15345,255.78,233.3,261.1,45.9,38.4,0.8302,1
EagleCreekDrEtc_SHB_12.11.2025_LS,SHB,790,15346,255.8,228.1,260.7,45.2,37.4,0.8281,1
EagleCreekDrEtc_SHB_12.11.2025_LS,SHB,790,15347,255.82,223.0,260.0,46.3,37.4,0.8615,1
EagleCreekDrEtc_SHB_12.11.2025_LS,SHB,790,15348,255.83,217.0,259.7,46.2,37.6,0.8629,1
EagleCreekDrEtc_SHB_12.11.2025_LS,SHB,790,15349,255.85,211.8,259.6,46.6,38.2,0.8296,1
EagleCreekDrEtc_SHB_12.11.2025_LS,SHB,790,15350,255.87,206.1,260.1,45.0,38.4,0.8159,1
EagleCreekDrEtc_SHB_12.11.2025_LS,SHB,790,15351,255.88,200.5,258.7,44.6,38.9,0.8319,1
EagleCreekDrEtc_SHB_12.11.2025_LS,SHB,790,15352,255.9,193.8,258.3,45.3,39.9,0.8111,1
EagleCreekDrEtc_SHB_12.11.2025_LS,SHB,790,15353,255.92,187.2,259.4,44.3,39.7,0.8341,1
EagleCreekDrEtc_SHB_12.11.2025_LS,SHB,790,15354,255.93,181.1,260.2,44.6,40.5,0.8393,1
EagleCreekDrEtc_SHB_12.11.2025_LS,SHB,790,15355,255.95,174.0,260.2,44.4,40.1,0.849,1
EagleCreekDrEtc_SHB_12.11.2025_LS,SHB,790,15356,255.97,167.4,259.6,44.6,38.8,0.8297,1
EagleCreekDrEtc_SHB_12.11.2025_LS,SHB,790,15357,255.98,160.9,259.1,45.3,38.9,0.8212,1
EagleCreekDrEtc_SHB_12.11.2025_LS,SHB,790,15358,256.0,155.6,258.5,45.0,39.1,0.7977,1
EagleCreekDrEtc_SHB_12.11.2025_LS,SHB,790,15359,256.02,149.1,259.0,44.4,39.3,0.8598,1
EagleCreekDrEtc_SHB_12.11.2025_LS,SHB,790,15360,256.03,142.8,258.5,44.0,39.2,0.8243,1
EagleCreekDrEtc_SHB_12.11.2025_LS,SHB,790,15361,256.05,136.4,259.1,44.6,39.9,0.8293,1
EagleCreekDrEtc_SHB_12.11.2025_LS,SHB,790,15362,256.07,130.9,259.2,44.6,40.3,0.8199,1
EagleCreekDrEtc_SHB_12.11.2025_LS,SHB,790,15363,256.08,124.2,258.9,44.3,38.2,0.817,1
EagleCreekDrEtc_SHB_12.11.2025_LS,SHB,790,15364,256.1,117.3,258.8,45.3,37.0,0.8237,1
EagleCreekDrEtc_SHB_12.11.2025_LS,SHB,790,15365,256.12,111.2,259.3,45.1,36.3,0.8267,1
EagleCreekDrEtc_SHB_12.11.2025_LS,SHB,790,15366,256.13,104.7,260.2,45.4,36.3,0.8407,1
EagleCreekDrEtc_SHB_12.11.2025_LS,SHB,790,15367,256.15,98.8,260.8,44.7,36.1,0.8986,1
EagleCreekDrEtc_SHB_12.11.2025_LS,SHB,790,15368,256.17,92.8,261.1,44.2,36.2,0.8885,1
EagleCreekDrEtc_SHB_12.11.2025_LS,SHB,790,15369,256.18,86.4,261.3,43.7,36.8,0.8554,1
EagleCreekDrEtc_SHB_12.11.2025_LS,SHB,790,15370,256.2,80.1,261.6,43.5,37.8,0.8324,1
EagleCreekDrEtc_SHB_12.11.2025_LS,SHB,790,15371,256.22,73.6,262.3,43.0,37.6,0.8582,1
EagleCreekDrEtc_SHB_12.11.2025_LS,SHB,790,15372,256.23,67.6,263.9,43.1,38.8,0.8523,1
EagleCreekDrEtc_SHB_12.11.2025_LS,SHB,790,15373,256.25,61.4,264.7,43.1,39.6,0.8607,1
EagleCreekDrEtc_SHB_12.11.2025_LS,SHB,790,15374,256.27,54.2,265.4,47.5,40.9,0.8069,1
EagleCreekDrEtc_SHB_12.11.2025_LS,SHB,790,15375,256.28,46.9,265.4,49.2,40.3,0.8174,1
EagleCreekDrEtc_SHB_12.11.2025_LS,SHB,790,15376,256.3,39.8,266.0,51.4,42.3,0.779,1
EagleCreekDrEtc_SHB_12.11.2025_LS,SHB,790,15377,256.32,33.4,267.7,50.9,42.6,0.7783,1
EagleCreekDrEtc_SHB_12.11.2025_LS,SHB,790,15378,256.33,26.6,267.7,51.7,42.9,0.7897,1
EagleCreekDrEtc_SHB_12.11.2025_LS,SHB,790,15379,256.35,22.7,269.0,45.4,43.8,0.8069,1
EagleCreekDrEtc_SHB_12.11.2025_LS,SHB,790,15380,256.37,19.5,269.3,39.0,42.7,0.7308,1
EagleCreekDrEtc_SHB_12.11.2025_LS,SHB,790,15381,256.38,16.5,270.3,32.9,43.1,0.7973,1
EagleCreekDrEtc_SHB_12.11.2025_LS,SHB,790,15382,256.4,13.4,271.1,26.7,44.5,0.7387,1
EagleCreekDrEtc_SHB_12.11.2025_LS,SHB,794,15317,255.32,627.1,264.0,25.5,44.6,0.5538,1
EagleCreekDrEtc_SHB_12.11.2025_LS,SHB,794,15318,255.33,625.9,263.6,27.6,47.7,0.7285,1
EagleCreekDrEtc_SHB_12.11.2025_LS,SHB,794,15319,255.35,623.2,264.1,33.4,43.8,0.7687,1
EagleCreekDrEtc_SHB_12.11.2025_LS,SHB,794,15320,255.37,620.3,265.3,39.0,41.8,0.7909,1
EagleCreekDrEtc_SHB_12.11.2025_LS,SHB,794,15321,255.38,617.3,263.9,42.1,41.7,0.8564,1
EagleCreekDrEtc_SHB_12.11.2025_LS,SHB,794,15322,255.4,614.2,265.0,43.3,41.7,0.8445,1
EagleCreekDrEtc_SHB_12.11.2025_LS,SHB,794,15323,255.42,609.8,264.6,42.8,41.4,0.8509,1
EagleCreekDrEtc_SHB_12.11.2025_LS,SHB,794,15324,255.43,605.2,263.5,41.4,41.9,0.8243,1
EagleCreekDrEtc_SHB_12.11.2025_LS,SHB,794,15325,255.45,600.7,262.9,40.3,41.3,0.8348,1
EagleCreekDrEtc_SHB_12.11.2025_LS,SHB,794,15326,255.47,596.4,262.0,40.0,40.8,0.8593,1
EagleCreekDrEtc_SHB_12.11.2025_LS,SHB,794,15327,255.48,591.8,261.5,39.9,40.7,0.8517,1
EagleCreekDrEtc_SHB_12.11.2025_LS,SHB,794,15328,255.5,587.1,258.4,40.1,40.0,0.808,1
EagleCreekDrEtc_SHB_12.11.2025_LS,SHB,794,15329,255.52,582.5,258.4,40.5,39.6,0.8479,1
EagleCreekDrEtc_SHB_12.11.2025_LS,SHB,794,15330,255.53,577.8,259.3,41.0,41.1,0.8187,1
EagleCreekDrEtc_SHB_12.11.2025_LS,SHB,794,15331,255.55,573.3,258.9,40.8,41.9,0.8063,1
EagleCreekDrEtc_SHB_12.11.2025_LS,SHB,794,15332,255.57,568.9,258.8,41.5,41.1,0.8546,1
EagleCreekDrEtc_SHB_12.11.2025_LS,SHB,794,15333,255.58,564.1,258.1,41.5,40.3,0.831,1
EagleCreekDrEtc_SHB_12.11.2025_LS,SHB,794,15334,255.6,559.8,258.0,41.2,40.6,0.8486,1
EagleCreekDrEtc_SHB_12.11.2025_LS,SHB,794,15335,255.62,555.5,257.0,40.8,39.5,0.8778,1
EagleCreekDrEtc_SHB_12.11.2025_LS,SHB,794,15336,255.63,551.1,255.8,41.0,40.0,0.8424,1
EagleCreekDrEtc_SHB_12.11.2025_LS,SHB,794,15337,255.65,546.5,254.9,40.0,38.4,0.8485,1
EagleCreekDrEtc_SHB_12.11.2025_LS,SHB,794,15338,255.67,541.7,253.4,40.5,40.1,0.8241,1
EagleCreekDrEtc_SHB_12.11.2025_LS,SHB,794,15339,255.68,537.1,252.4,40.3,40.4,0.8233,1
EagleCreekDrEtc_SHB_12.11.2025_LS,SHB,794,15340,255.7,531.9,252.0,38.9,40.8,0.8437,1
EagleCreekDrEtc_SHB_12.11.2025_LS,SHB,794,15341,255.72,527.5,251.6,39.3,41.0,0.8514,1
EagleCreekDrEtc_SHB_12.11.2025_LS,SHB,794,15342,255.73,522.6,251.2,39.4,40.8,0.8512,1
EagleCreekDrEtc_SHB_12.11.2025_LS,SHB,794,15343,255.75,517.8,250.5,39.6,40.8,0.8583,1
EagleCreekDrEtc_SHB_12.11.2025_LS,SHB,794,15344,255.77,513.5,250.2,40.1,40.5,0.8543,1
EagleCreekDrEtc_SHB_12.11.2025_LS,SHB,794,15345,255.78,508.3,250.2,39.3,40.6,0.8468,1
EagleCreekDrEtc_SHB_12.11.2025_LS,SHB,794,15346,255.8,503.9,250.0,39.2,40.6,0.8454,1
EagleCreekDrEtc_SHB_12.11.2025_LS,SHB,794,15347,255.82,498.7,250.0,39.7,40.8,0.874,1
EagleCreekDrEtc_SHB_12.11.2025_LS,SHB,794,15348,255.83,494.2,249.9,39.7,40.5,0.8832,1
EagleCreekDrEtc_SHB_12.11.2025_LS,SHB,794,15349,255.85,488.7,249.9,40.7,40.8,0.8607,1
EagleCreekDrEtc_SHB_12.11.2025_LS,SHB,794,15350,255.87,483.4,249.5,40.3,40.8,0.8734,1
EagleCreekDrEtc_SHB_12.11.2025_LS,SHB,794,15351,255.88,478.2,248.8,40.3,40.2,0.9244,1
EagleCreekDrEtc_SHB_12.11.2025_LS,SHB,794,15352,255.9,472.6,248.3,40.5,40.7,0.86,1
EagleCreekDrEtc_SHB_12.11.2025_LS,SHB,794,15353,255.92,467.3,249.0,39.7,40.5,0.8841,1
EagleCreekDrEtc_SHB_12.11.2025_LS,SHB,794,15354,255.93,462.1,249.2,39.3,40.1,0.8582,1
EagleCreekDrEtc_SHB_12.11.2025_LS,SHB,794,15355,255.95,456.0,248.8,40.3,40.6,0.8624,1
EagleCreekDrEtc_SHB_12.11.2025_LS,SHB,794,15356,255.97,450.5,248.8,39.4,40.2,0.8818,1
EagleCreekDrEtc_SHB_12.11.2025_LS,SHB,794,15357,255.98,445.0,248.5,39.8,39.6,0.9337,1
EagleCreekDrEtc_SHB_12.11.2025_LS,SHB,794,15358,256.0,440.1,248.7,42.2,39.9,0.8271,1
EagleCreekDrEtc_SHB_12.11.2025_LS,SHB,794,15359,256.02,435.1,249.3,41.4,37.9,0.5934,1
EagleCreekDrEtc_SHB_12.11.2025_LS,SHB,794,15360,256.03,428.9,250.1,35.5,36.8,0.6558,1
EagleCreekDrEtc_SHB_12.11.2025_LS,SHB,794,15361,256.05,424.5,249.0,37.6,38.6,0.8275,1
EagleCreekDrEtc_SHB_12.11.2025_LS,SHB,794,15362,256.07,418.1,248.8,40.2,39.3,0.8631,1
EagleCreekDrEtc_SHB_12.11.2025_LS,SHB,794,15363,256.08,412.7,248.6,40.9,40.1,0.8837,1
EagleCreekDrEtc_SHB_12.11.2025_LS,SHB,794,15364,256.1,407.2,248.7,41.2,40.4,0.8676,1
EagleCreekDrEtc_SHB_12.11.2025_LS,SHB,794,15365,256.12,401.7,248.6,41.2,40.3,0.8545,1
EagleCreekDrEtc_SHB_12.11.2025_LS,SHB,794,15366,256.13,397.1,249.1,40.8,40.1,0.8893,1
EagleCreekDrEtc_SHB_12.11.2025_LS,SHB,794,15367,256.15,391.5,248.8,41.2,41.0,0.8729,1
EagleCreekDrEtc_SHB_12.11.2025_LS,SHB,794,15368,256.17,385.6,248.6,41.5,41.2,0.8673,1
EagleCreekDrEtc_SHB_12.11.2025_LS,SHB,794,15369,256.18,380.8,249.1,41.2,40.9,0.9209,1
EagleCreekDrEtc_SHB_12.11.2025_LS,SHB,794,15370,256.2,375.2,249.0,40.5,40.9,0.8865,1
EagleCreekDrEtc_SHB_12.11.2025_LS,SHB,794,15371,256.22,370.0,249.6,40.6,41.4,0.8611,1
EagleCreekDrEtc_SHB_12.11.2025_LS,SHB,794,15372,256.23,365.5,250.5,40.3,40.7,0.8515,1
EagleCreekDrEtc_SHB_12.11.2025_LS,SHB,794,15373,256.25,360.0,250.7,40.8,41.4,0.8404,1
EagleCreekDrEtc_SHB_12.11.2025_LS,SHB,794,15374,256.27,354.3,251.5,40.3,41.5,0.8475,1
EagleCreekDrEtc_SHB_12.11.2025_LS,SHB,794,15375,256.28,349.3,251.6,40.1,40.8,0.8397,1
EagleCreekDrEtc_SHB_12.11.2025_LS,SHB,794,15376,256.3,343.7,253.4,40.6,41.8,0.8454,1
EagleCreekDrEtc_SHB_12.11.2025_LS,SHB,794,15377,256.32,338.2,253.5,40.1,42.1,0.842,1
EagleCreekDrEtc_SHB_12.11.2025_LS,SHB,794,15378,256.33,332.9,255.6,40.6,41.2,0.9205,1
EagleCreekDrEtc_SHB_12.11.2025_LS,SHB,794,15379,256.35,327.1,256.7,40.6,42.4,0.8398,1
EagleCreekDrEtc_SHB_12.11.2025_LS,SHB,794,15380,256.37,321.8,256.9,40.9,42.9,0.86,1
EagleCreekDrEtc_SHB_12.11.2025_LS,SHB,794,15381,256.38,316.0,256.8,41.4,41.4,0.8241,1
EagleCreekDrEtc_SHB_12.11.2025_LS,SHB,794,15382,256.4,310.7,257.9,40.6,40.5,0.8386,1
EagleCreekDrEtc_SHB_12.11.2025_LS,SHB,794,15383,256.42,305.3,258.1,39.2,40.8,0.8098,1
EagleCreekDrEtc_SHB_12.11.2025_LS,SHB,794,15384,256.43,299.9,259.3,39.4,40.3,0.8085,1
EagleCreekDrEtc_SHB_12.11.2025_LS,SHB,794,15385,256.45,294.8,259.7,39.3,40.2,0.8117,1
EagleCreekDrEtc_SHB_12.11.2025_LS,SHB,794,15386,256.47,289.3,260.3,38.8,40.5,0.804,1
EagleCreekDrEtc_SHB_12.11.2025_LS,SHB,794,15387,256.48,283.7,262.0,39.0,40.6,0.8134,1
EagleCreekDrEtc_SHB_12.11.2025_LS,SHB,794,15388,256.5,278.4,262.4,39.6,42.7,0.8159,1
EagleCreekDrEtc_SHB_12.11.2025_LS,SHB,794,15389,256.52,273.3,262.1,40.2,42.6,0.7811,1
EagleCreekDrEtc_SHB_12.11.2025_LS,SHB,794,15390,256.53,268.1,262.3,39.1,41.6,0.7939,1
EagleCreekDrEtc_SHB_12.11.2025_LS,SHB,794,15391,256.55,262.7,262.6,39.0,40.7,0.7941,1
EagleCreekDrEtc_SHB_12.11.2025_LS,SHB,794,15392,256.57,256.5,262.9,38.4,40.2,0.7763,1
EagleCreekDrEtc_SHB_12.11.2025_LS,SHB,794,15393,256.58,250.9,263.3,37.4,39.7,0.791,1
EagleCreekDrEtc_SHB_12.11.2025_LS,SHB,794,15394,256.6,245.8,263.2,37.4,40.5,0.8065,1
EagleCreekDrEtc_SHB_12.11.2025_LS,SHB,794,15395,256.62,240.4,263.2,38.6,40.6,0.7937,1
EagleCreekDrEtc_SHB_12.11.2025_LS,SHB,794,15396,256.63,235.0,263.1,38.7,40.8,0.8045,1
EagleCreekDrEtc_SHB_12.11.2025_LS,SHB,794,15397,256.65,229.7,262.7,39.2,42.6,0.8198,1
EagleCreekDrEtc_SHB_12.11.2025_LS,SHB,794,15398,256.67,224.0,263.7,38.7,41.7,0.7837,1
EagleCreekDrEtc_SHB_12.11.2025_LS,SHB,794,15399,256.68,218.9,265.8,38.2,40.1,0.7133,1
EagleCreekDrEtc_SHB_12.11.2025_LS,SHB,794,15402,256.73,203.0,265.1,41.4,40.7,0.8036,1
EagleCreekDrEtc_SHB_12.11.2025_LS,SHB,794,15403,256.75,196.7,266.6,36.3,35.3,0.6735,1
EagleCreekDrEtc_SHB_12.11.2025_LS,SHB,794,15405,256.78,190.6,265.1,32.0,33.6,0.371,1
EagleCreekDrEtc_SHB_12.11.2025_LS,SHB,794,15406,256.8,183.3,268.0,40.1,40.8,0.8316,1
EagleCreekDrEtc_SHB_12.11.2025_LS,SHB,794,15407,256.82,177.2,268.8,41.6,42.1,0.8387,1
EagleCreekDrEtc_SHB_12.11.2025_LS,SHB,794,15408,256.83,172.2,270.9,40.9,41.4,0.8857,1
EagleCreekDrEtc_SHB_12.11.2025_LS,SHB,794,15409,256.85,166.5,272.3,40.8,40.9,0.9282,1
EagleCreekDrEtc_SHB_12.11.2025_LS,SHB,794,15410,256.87,159.8,271.5,40.8,41.2,0.8779,1
EagleCreekDrEtc_SHB_12.11.2025_LS,SHB,794,15411,256.88,153.9,273.7,40.9,40.9,0.8419,1
EagleCreekDrEtc_SHB_12.11.2025_LS,SHB,794,15412,256.9,149.0,274.3,40.6,40.4,0.8499,1
EagleCreekDrEtc_SHB_12.11.2025_LS,SHB,794,15413,256.92,141.6,274.2,40.8,40.9,0.8597,1
EagleCreekDrEtc_SHB_12.11.2025_LS,SHB,794,15414,256.93,137.3,274.8,40.4,41.5,0.835,1
EagleCreekDrEtc_SHB_12.11.2025_LS,SHB,794,15415,256.95,132.5,274.9,39.8,41.9,0.8334,1
EagleCreekDrEtc_SHB_12.11.2025_LS,SHB,794,15416,256.97,127.0,274.9,39.5,41.3,0.8166,1
EagleCreekDrEtc_SHB_12.11.2025_LS,SHB,794,15417,256.98,121.5,275.3,38.7,41.0,0.8139,1
EagleCreekDrEtc_SHB_12.11.2025_LS,SHB,794,15418,257.0,116.2,275.6,39.1,40.4,0.8172,1
EagleCreekDrEtc_SHB_12.11.2025_LS,SHB,794,15419,257.02,110.8,276.2,38.9,40.5,0.8306,1
EagleCreekDrEtc_SHB_12.11.2025_LS,SHB,794,15420,257.03,104.9,279.9,39.1,40.9,0.8278,1
EagleCreekDrEtc_SHB_12.11.2025_LS,SHB,794,15421,257.05,98.8,281.3,40.4,40.5,0.8436,1
EagleCreekDrEtc_SHB_12.11.2025_LS,SHB,794,15422,257.07,92.4,282.6,41.6,39.9,0.8386,1
EagleCreekDrEtc_SHB_12.11.2025_LS,SHB,794,15423,257.08,87.4,284.0,41.0,41.0,0.815,1
EagleCreekDrEtc_SHB_12.11.2025_LS,SHB,794,15424,257.1,81.3,284.6,43.5,40.9,0.8007,1
EagleCreekDrEtc_SHB_12.11.2025_LS,SHB,794,15425,257.12,75.8,284.9,41.2,40.5,0.8158,1
EagleCreekDrEtc_SHB_12.11.2025_LS,SHB,794,15426,257.13,69.3,285.5,39.8,41.4,0.8417,1
EagleCreekDrEtc_SHB_12.11.2025_LS,SHB,794,15427,257.15,66.5,286.0,39.3,41.3,0.8525,1
EagleCreekDrEtc_SHB_12.11.2025_LS,SHB,794,15428,257.17,61.5,287.9,40.5,42.4,0.878,1
EagleCreekDrEtc_SHB_12.11.2025_LS,SHB,794,15429,257.18,55.8,288.1,40.5,42.7,0.845,1
EagleCreekDrEtc_SHB_12.11.2025_LS,SHB,794,15430,257.2,51.0,288.8,40.5,43.6,0.828,1
EagleCreekDrEtc_SHB_12.11.2025_LS,SHB,794,15431,257.22,44.9,289.3,41.5,43.6,0.8144,1
EagleCreekDrEtc_SHB_12.11.2025_LS,SHB,794,15432,257.23,40.1,290.0,41.3,43.8,0.8131,1
EagleCreekDrEtc_SHB_12.11.2025_LS,SHB,794,15433,257.25,34.1,290.8,40.4,43.7,0.8126,1
EagleCreekDrEtc_SHB_12.11.2025_LS,SHB,794,15434,257.27,28.5,289.8,39.9,44.0,0.7858,1
EagleCreekDrEtc_SHB_12.11.2025_LS,SHB,794,15435,257.28,22.8,291.5,41.5,43.7,0.8326,1
EagleCreekDrEtc_SHB_12.11.2025_LS,SHB,794,15436,257.3,19.4,291.4,38.8,43.9,0.8356,1
EagleCreekDrEtc_SHB_12.11.2025_LS,SHB,794,15437,257.32,16.1,292.0,32.2,43.7,0.7816,1
EagleCreekDrEtc_SHB_12.11.2025_LS,SHB,794,15438,257.33,13.3,293.2,26.6,43.1,0.7915,1
EagleCreekDrEtc_SHB_12.11.2025_LS,SHB,794,15439,257.35,10.2,293.5,20.3,42.2,0.643,1
EagleCreekDrEtc_SHB_12.11.2025_LS,SHB,795,15317,255.32,214.0,263.3,29.9,26.3,0.4862,0
EagleCreekDrEtc_SHB_12.11.2025_LS,SHB,795,15318,255.33,213.0,264.3,30.5,26.4,0.3588,0
EagleCreekDrEtc_SHB_12.11.2025_LS,SHB,795,15319,255.35,211.1,263.9,31.6,26.8,0.2881,0
EagleCreekDrEtc_SHB_12.11.2025_LS,SHB,802,15581,259.72,625.0,259.4,19.7,34.2,0.6387,1
EagleCreekDrEtc_SHB_12.11.2025_LS,SHB,802,15582,259.73,619.2,260.3,20.5,34.5,0.6066,1
EagleCreekDrEtc_SHB_12.11.2025_LS,SHB,802,15583,259.75,612.8,261.6,21.1,34.4,0.6864,1
EagleCreekDrEtc_SHB_12.11.2025_LS,SHB,802,15584,259.77,607.6,262.2,21.0,34.9,0.7377,1
EagleCreekDrEtc_SHB_12.11.2025_LS,SHB,802,15585,259.78,603.1,261.6,21.4,35.5,0.6009,1
EagleCreekDrEtc_SHB_12.11.2025_LS,SHB,802,15586,259.8,597.9,261.5,21.1,33.9,0.6913,1
EagleCreekDrEtc_SHB_12.11.2025_LS,SHB,802,15587,259.82,594.1,261.7,19.4,31.9,0.6524,1
EagleCreekDrEtc_SHB_12.11.2025_LS,SHB,802,15588,259.83,590.1,260.2,19.9,32.3,0.8259,1
EagleCreekDrEtc_SHB_12.11.2025_LS,SHB,802,15589,259.85,583.7,259.2,20.3,32.8,0.7076,1
EagleCreekDrEtc_SHB_12.11.2025_LS,SHB,802,15590,259.87,577.2,259.4,19.7,33.0,0.7387,1
EagleCreekDrEtc_SHB_12.11.2025_LS,SHB,802,15591,259.88,570.7,259.0,18.9,31.7,0.7641,1
EagleCreekDrEtc_SHB_12.11.2025_LS,SHB,802,15592,259.9,565.7,259.3,19.4,32.8,0.6724,1
EagleCreekDrEtc_SHB_12.11.2025_LS,SHB,802,15593,259.92,560.3,258.5,19.4,32.8,0.724,1
EagleCreekDrEtc_SHB_12.11.2025_LS,SHB,802,15594,259.93,555.6,257.9,19.4,32.7,0.6523,1
EagleCreekDrEtc_SHB_12.11.2025_LS,SHB,802,15595,259.95,549.8,258.2,19.1,32.5,0.5661,1
EagleCreekDrEtc_SHB_12.11.2025_LS,SHB,802,15596,259.97,544.8,259.8,18.5,31.5,0.6889,1
EagleCreekDrEtc_SHB_12.11.2025_LS,SHB,802,15597,259.98,542.6,261.5,17.5,29.2,0.5404,1
EagleCreekDrEtc_SHB_12.11.2025_LS,SHB,802,15598,260.0,538.5,261.8,17.2,29.7,0.4359,1
EagleCreekDrEtc_SHB_12.11.2025_LS,SHB,802,15599,260.02,532.5,263.0,18.2,31.0,0.6965,1
EagleCreekDrEtc_SHB_12.11.2025_LS,SHB,802,15600,260.03,524.8,261.7,18.4,31.3,0.8391,1
EagleCreekDrEtc_SHB_12.11.2025_LS,SHB,802,15601,260.05,518.5,260.7,19.1,31.9,0.789,1
EagleCreekDrEtc_SHB_12.11.2025_LS,SHB,802,15602,260.07,514.2,260.8,19.6,33.1,0.7969,1
EagleCreekDrEtc_SHB_12.11.2025_LS,SHB,802,15603,260.08,507.9,260.6,19.9,33.8,0.754,1
EagleCreekDrEtc_SHB_12.11.2025_LS,SHB,802,15604,260.1,501.9,260.9,20.7,34.3,0.7343,1
EagleCreekDrEtc_SHB_12.11.2025_LS,SHB,802,15605,260.12,499.7,261.6,21.0,33.9,0.7607,1
EagleCreekDrEtc_SHB_12.11.2025_LS,SHB,802,15607,260.15,486.4,261.4,21.1,33.9,0.5541,1
EagleCreekDrEtc_SHB_12.11.2025_LS,SHB,802,15608,260.17,480.6,261.8,19.7,32.1,0.6507,1
EagleCreekDrEtc_SHB_12.11.2025_LS,SHB,802,15610,260.2,476.1,262.3,20.4,34.0,0.3567,1
EagleCreekDrEtc_SHB_12.11.2025_LS,SHB,802,15611,260.22,466.5,261.8,19.6,33.1,0.8107,1
EagleCreekDrEtc_SHB_12.11.2025_LS,SHB,802,15612,260.23,458.2,263.1,19.6,33.6,0.8729,1
EagleCreekDrEtc_SHB_12.11.2025_LS,SHB,802,15613,260.25,453.0,263.6,19.6,33.7,0.8656,1
EagleCreekDrEtc_SHB_12.11.2025_LS,SHB,802,15614,260.27,447.8,264.6,19.6,33.5,0.827,1
EagleCreekDrEtc_SHB_12.11.2025_LS,SHB,802,15615,260.28,441.6,265.7,19.7,33.6,0.8356,1
EagleCreekDrEtc_SHB_12.11.2025_LS,SHB,802,15616,260.3,435.2,266.2,20.4,33.5,0.82,1
EagleCreekDrEtc_SHB_12.11.2025_LS,SHB,802,15617,260.32,428.0,266.7,19.7,32.9,0.818,1
EagleCreekDrEtc_SHB_12.11.2025_LS,SHB,802,15618,260.33,423.5,266.7,19.8,32.6,0.8184,1
EagleCreekDrEtc_SHB_12.11.2025_LS,SHB,802,15619,260.35,418.0,266.9,19.7,32.3,0.8245,1
EagleCreekDrEtc_SHB_12.11.2025_LS,SHB,802,15620,260.37,411.1,268.3,19.8,33.2,0.8092,1
EagleCreekDrEtc_SHB_12.11.2025_LS,SHB,802,15621,260.38,403.9,269.1,20.0,33.1,0.7956,1
EagleCreekDrEtc_SHB_12.11.2025_LS,SHB,802,15622,260.4,400.3,269.2,19.6,32.5,0.8092,1
EagleCreekDrEtc_SHB_12.11.2025_LS,SHB,802,15623,260.42,395.6,268.9,19.3,32.0,0.7962,1
EagleCreekDrEtc_SHB_12.11.2025_LS,SHB,802,15624,260.43,389.6,269.5,19.5,32.4,0.8117,1
EagleCreekDrEtc_SHB_12.11.2025_LS,SHB,802,15625,260.45,383.9,269.9,19.6,32.4,0.822,1
EagleCreekDrEtc_SHB_12.11.2025_LS,SHB,802,15626,260.47,379.4,269.8,19.8,33.0,0.8226,1
EagleCreekDrEtc_SHB_12.11.2025_LS,SHB,802,15627,260.48,373.4,269.6,19.4,32.9,0.8427,1
EagleCreekDrEtc_SHB_12.11.2025_LS,SHB,802,15628,260.5,368.2,269.7,19.4,32.7,0.8558,1
EagleCreekDrEtc_SHB_12.11.2025_LS,SHB,802,15629,260.52,362.1,269.6,19.3,32.6,0.7986,1
EagleCreekDrEtc_SHB_12.11.2025_LS,SHB,802,15630,260.53,357.0,269.8,19.6,33.1,0.8272,1
EagleCreekDrEtc_SHB_12.11.2025_LS,SHB,802,15631,260.55,351.9,270.0,20.0,33.5,0.8476,1
EagleCreekDrEtc_SHB_12.11.2025_LS,SHB,802,15632,260.57,346.0,270.2,20.1,33.6,0.8216,1
EagleCreekDrEtc_SHB_12.11.2025_LS,SHB,802,15633,260.58,340.0,270.5,19.7,33.2,0.8649,1
EagleCreekDrEtc_SHB_12.11.2025_LS,SHB,802,15634,260.6,335.0,270.3,19.9,32.9,0.8667,1
EagleCreekDrEtc_SHB_12.11.2025_LS,SHB,802,15635,260.62,329.4,270.4,20.0,33.1,0.8471,1
EagleCreekDrEtc_SHB_12.11.2025_LS,SHB,802,15636,260.63,323.9,271.2,19.6,34.1,0.8455,1
EagleCreekDrEtc_SHB_12.11.2025_LS,SHB,802,15637,260.65,318.7,271.0,19.8,33.1,0.8307,1
EagleCreekDrEtc_SHB_12.11.2025_LS,SHB,802,15638,260.67,314.0,271.1,19.9,33.0,0.8454,1
EagleCreekDrEtc_SHB_12.11.2025_LS,SHB,802,15639,260.68,308.5,270.2,19.3,32.9,0.859,1
EagleCreekDrEtc_SHB_12.11.2025_LS,SHB,802,15640,260.7,303.9,270.2,19.7,32.6,0.8386,1
EagleCreekDrEtc_SHB_12.11.2025_LS,SHB,802,15641,260.72,298.7,271.7,19.9,33.0,0.8333,1
EagleCreekDrEtc_SHB_12.11.2025_LS,SHB,802,15642,260.73,293.1,272.5,19.7,34.0,0.8571,1
EagleCreekDrEtc_SHB_12.11.2025_LS,SHB,802,15643,260.75,288.1,272.9,19.3,33.4,0.8515,1
EagleCreekDrEtc_SHB_12.11.2025_LS,SHB,802,15644,260.77,283.0,272.3,19.6,33.2,0.8366,1
EagleCreekDrEtc_SHB_12.11.2025_LS,SHB,802,15645,260.78,278.0,272.4,19.2,33.6,0.8185,1
EagleCreekDrEtc_SHB_12.11.2025_LS,SHB,802,15646,260.8,273.2,272.5,19.6,34.4,0.8516,1
EagleCreekDrEtc_SHB_12.11.2025_LS,SHB,802,15647,260.82,267.7,272.5,19.8,34.3,0.8169,1
EagleCreekDrEtc_SHB_12.11.2025_LS,SHB,802,15648,260.83,261.8,274.3,19.6,33.9,0.8172,1
EagleCreekDrEtc_SHB_12.11.2025_LS,SHB,802,15649,260.85,256.7,273.6,19.6,34.8,0.824,1
EagleCreekDrEtc_SHB_12.11.2025_LS,SHB,802,15650,260.87,251.1,273.8,18.8,33.6,0.778,1
EagleCreekDrEtc_SHB_12.11.2025_LS,SHB,802,15651,260.88,245.5,273.7,18.8,33.3,0.7569,1
EagleCreekDrEtc_SHB_12.11.2025_LS,SHB,802,15652,260.9,241.0,273.2,19.2,32.5,0.7599,1
EagleCreekDrEtc_SHB_12.11.2025_LS,SHB,802,15653,260.92,236.9,272.9,19.3,31.7,0.7067,1
EagleCreekDrEtc_SHB_12.11.2025_LS,SHB,802,15654,260.93,231.5,272.2,18.9,31.0,0.7217,1
EagleCreekDrEtc_SHB_12.11.2025_LS,SHB,802,15655,260.95,227.8,273.0,18.8,31.5,0.7413,1
EagleCreekDrEtc_SHB_12.11.2025_LS,SHB,802,15656,260.97,223.0,272.7,18.7,32.2,0.6876,1
EagleCreekDrEtc_SHB_12.11.2025_LS,SHB,802,15657,260.98,217.9,272.3,18.6,32.5,0.7265,1
EagleCreekDrEtc_SHB_12.11.2025_LS,SHB,802,15658,261.0,213.0,273.0,19.3,33.1,0.7235,1
EagleCreekDrEtc_SHB_12.11.2025_LS,SHB,802,15659,261.02,206.7,272.4,18.4,31.6,0.7567,1
EagleCreekDrEtc_SHB_12.11.2025_LS,SHB,802,15660,261.03,201.1,272.6,18.3,31.3,0.6476,1
EagleCreekDrEtc_SHB_12.11.2025_LS,SHB,802,15661,261.05,195.2,273.1,18.5,31.7,0.6001,1
EagleCreekDrEtc_SHB_12.11.2025_LS,SHB,802,15662,261.07,189.1,271.8,17.1,28.9,0.6588,1
EagleCreekDrEtc_SHB_12.11.2025_LS,SHB,802,15663,261.08,184.3,273.0,18.3,29.5,0.5874,1
EagleCreekDrEtc_SHB_12.11.2025_LS,SHB,802,15664,261.1,181.8,273.0,18.0,28.8,0.6784,1
EagleCreekDrEtc_SHB_12.11.2025_LS,SHB,802,15665,261.12,178.3,274.0,18.1,30.1,0.4503,1
EagleCreekDrEtc_SHB_12.11.2025_LS,SHB,802,15666,261.13,174.4,273.3,18.2,31.1,0.5208,1
EagleCreekDrEtc_SHB_12.11.2025_LS,SHB,802,15667,261.15,168.9,272.1,18.1,31.6,0.6317,1
EagleCreekDrEtc_SHB_12.11.2025_LS,SHB,802,15668,261.17,163.4,272.0,18.4,33.8,0.6691,1
EagleCreekDrEtc_SHB_12.11.2025_LS,SHB,802,15669,261.18,157.9,271.9,18.9,33.6,0.6906,1
EagleCreekDrEtc_SHB_12.11.2025_LS,SHB,802,15670,261.2,153.1,272.7,19.2,34.7,0.6205,1
EagleCreekDrEtc_SHB_12.11.2025_LS,SHB,802,15671,261.22,148.9,272.3,19.4,34.0,0.6326,1
EagleCreekDrEtc_SHB_12.11.2025_LS,SHB,802,15672,261.23,143.6,271.7,18.9,32.3,0.6655,1
EagleCreekDrEtc_SHB_12.11.2025_LS,SHB,802,15673,261.25,139.5,273.7,18.8,33.8,0.6674,1
EagleCreekDrEtc_SHB_12.11.2025_LS,SHB,802,15674,261.27,133.9,273.3,19.2,34.0,0.6114,1
EagleCreekDrEtc_SHB_12.11.2025_LS,SHB,802,15675,261.28,128.7,271.9,19.2,32.9,0.5869,1
EagleCreekDrEtc_SHB_12.11.2025_LS,SHB,802,15676,261.3,123.4,272.7,19.6,34.0,0.6399,1
EagleCreekDrEtc_SHB_12.11.2025_LS,SHB,802,15677,261.32,118.5,272.7,19.3,34.1,0.6437,1
EagleCreekDrEtc_SHB_12.11.2025_LS,SHB,802,15678,261.33,114.0,273.3,20.2,35.6,0.628,1
EagleCreekDrEtc_SHB_12.11.2025_LS,SHB,802,15679,261.35,107.8,272.1,19.2,33.3,0.6526,1
EagleCreekDrEtc_SHB_12.11.2025_LS,SHB,802,15680,261.37,104.5,272.9,19.6,34.5,0.6306,1
EagleCreekDrEtc_SHB_12.11.2025_LS,SHB,802,15681,261.38,99.9,272.8,19.5,33.5,0.6674,1
EagleCreekDrEtc_SHB_12.11.2025_LS,SHB,802,15682,261.4,95.6,271.8,19.4,33.3,0.6659,1
EagleCreekDrEtc_SHB_12.11.2025_LS,SHB,802,15683,261.42,91.8,272.4,19.5,33.9,0.7089,1
EagleCreekDrEtc_SHB_12.11.2025_LS,SHB,802,15684,261.43,86.0,270.9,19.0,31.9,0.664,1
EagleCreekDrEtc_SHB_12.11.2025_LS,SHB,802,15685,261.45,82.3,270.7,19.5,32.6,0.6811,1
EagleCreekDrEtc_SHB_12.11.2025_LS,SHB,802,15686,261.47,77.2,271.2,19.6,33.0,0.7494,1
EagleCreekDrEtc_SHB_12.11.2025_LS,SHB,802,15687,261.48,72.3,271.0,20.0,33.5,0.7386,1
EagleCreekDrEtc_SHB_12.11.2025_LS,SHB,802,15688,261.5,67.7,271.9,20.1,33.6,0.7763,1
EagleCreekDrEtc_SHB_12.11.2025_LS,SHB,802,15689,261.52,62.8,271.3,19.6,32.5,0.7558,1
EagleCreekDrEtc_SHB_12.11.2025_LS,SHB,802,15690,261.53,57.2,270.9,19.0,32.0,0.703,1
EagleCreekDrEtc_SHB_12.11.2025_LS,SHB,802,15691,261.55,52.6,270.8,19.2,32.5,0.6988,1
EagleCreekDrEtc_SHB_12.11.2025_LS,SHB,802,15692,261.57,47.7,271.3,19.8,32.7,0.5677,1
EagleCreekDrEtc_SHB_12.11.2025_LS,SHB,802,15693,261.58,47.7,272.6,18.1,30.2,0.5532,1
EagleCreekDrEtc_SHB_12.11.2025_LS,SHB,802,15694,261.6,41.3,272.3,18.7,31.5,0.7392,1
EagleCreekDrEtc_SHB_12.11.2025_LS,SHB,802,15695,261.62,36.0,271.8,19.6,33.9,0.8146,1
EagleCreekDrEtc_SHB_12.11.2025_LS,SHB,802,15696,261.63,32.6,271.1,20.8,36.0,0.759,1
EagleCreekDrEtc_SHB_12.11.2025_LS,SHB,802,15697,261.65,20.0,271.2,17.5,34.4,0.5487,1
EagleCreekDrEtc_SHB_12.11.2025_LS,SHB,802,15698,261.67,20.6,271.3,18.3,32.3,0.6257,1
EagleCreekDrEtc_SHB_12.11.2025_LS,SHB,802,15701,261.72,11.8,272.0,19.7,32.7,0.6706,1
EagleCreekDrEtc_SHB_12.11.2025_LS,SHB,802,15702,261.73,9.0,272.6,17.9,32.8,0.6901,1
EagleCreekDrEtc_SHB_12.11.2025_LS,SHB,802,15703,261.75,7.8,272.4,15.7,31.7,0.5033,1
EagleCreekDrEtc_SHB_12.11.2025_LS,SHB,802,15704,261.77,6.9,272.3,13.7,31.1,0.4348,1
EagleCreekDrEtc_SHB_12.11.2025_LS,SHB,802,15705,261.78,5.0,272.4,10.0,31.2,0.375,1
EagleCreekDrEtc_SHB_12.11.2025_LS,SHB,803,15581,259.72,612.9,260.7,15.0,25.6,0.7494,0
EagleCreekDrEtc_SHB_12.11.2025_LS,SHB,803,15582,259.73,607.2,261.8,14.5,24.2,0.7483,0
EagleCreekDrEtc_SHB_12.11.2025_LS,SHB,803,15583,259.75,600.6,262.5,14.0,24.5,0.7618,0
EagleCreekDrEtc_SHB_12.11.2025_LS,SHB,803,15584,259.77,595.6,263.4,14.4,24.2,0.7523,0
EagleCreekDrEtc_SHB_12.11.2025_LS,SHB,803,15585,259.78,589.4,262.8,13.9,24.2,0.7577,0
EagleCreekDrEtc_SHB_12.11.2025_LS,SHB,803,15586,259.8,584.9,262.5,13.6,24.1,0.764,0
EagleCreekDrEtc_SHB_12.11.2025_LS,SHB,803,15587,259.82,577.2,262.2,15.0,25.6,0.1154,0
EagleCreekDrEtc_SHB_12.11.2025_LS,SHB,803,15588,259.83,574.8,260.9,14.6,25.5,0.6999,0
EagleCreekDrEtc_SHB_12.11.2025_LS,SHB,803,15589,259.85,567.9,260.6,14.6,25.1,0.7148,0
EagleCreekDrEtc_SHB_12.11.2025_LS,SHB,803,15590,259.87,563.0,261.6,13.8,24.5,0.712,0
EagleCreekDrEtc_SHB_12.11.2025_LS,SHB,803,15591,259.88,558.1,261.4,13.9,24.7,0.6752,0
EagleCreekDrEtc_SHB_12.11.2025_LS,SHB,803,15592,259.9,552.3,261.5,14.1,24.8,0.7038,0
EagleCreekDrEtc_SHB_12.11.2025_LS,SHB,803,15593,259.92,547.1,261.6,13.8,24.2,0.7113,0
EagleCreekDrEtc_SHB_12.11.2025_LS,SHB,803,15594,259.93,541.3,261.6,13.6,24.2,0.7531,0
EagleCreekDrEtc_SHB_12.11.2025_LS,SHB,803,15595,259.95,536.6,261.3,13.4,24.0,0.6886,0
EagleCreekDrEtc_SHB_12.11.2025_LS,SHB,812,15602,260.07,499.5,262.5,14.2,24.2,0.7557,1
EagleCreekDrEtc_SHB_12.11.2025_LS,SHB,812,15603,260.08,493.1,262.0,13.8,24.2,0.7107,1
EagleCreekDrEtc_SHB_12.11.2025_LS,SHB,812,15604,260.1,487.3,262.0,14.3,24.9,0.7078,1
EagleCreekDrEtc_SHB_12.11.2025_LS,SHB,812,15605,260.12,484.6,262.4,14.4,24.6,0.7636,1
EagleCreekDrEtc_SHB_12.11.2025_LS,SHB,812,15606,260.13,481.8,265.3,14.0,24.5,0.4478,1
EagleCreekDrEtc_SHB_12.11.2025_LS,SHB,812,15607,260.15,472.9,263.0,14.6,26.0,0.3936,1
EagleCreekDrEtc_SHB_12.11.2025_LS,SHB,812,15608,260.17,467.2,263.9,13.7,26.1,0.5472,1
EagleCreekDrEtc_SHB_12.11.2025_LS,SHB,812,15609,260.18,461.8,263.6,13.9,26.1,0.2116,1
EagleCreekDrEtc_SHB_12.11.2025_LS,SHB,812,15610,260.2,460.3,264.9,14.7,27.7,0.355,1
EagleCreekDrEtc_SHB_12.11.2025_LS,SHB,812,15611,260.22,452.8,263.6,14.1,26.1,0.609,1
EagleCreekDrEtc_SHB_12.11.2025_LS,SHB,812,15612,260.23,444.5,264.3,14.5,25.6,0.7446,1
EagleCreekDrEtc_SHB_12.11.2025_LS,SHB,812,15613,260.25,439.7,265.3,14.6,25.3,0.7065,1
EagleCreekDrEtc_SHB_12.11.2025_LS,SHB,812,15614,260.27,434.7,265.6,14.1,25.0,0.7717,1
EagleCreekDrEtc_SHB_12.11.2025_LS,SHB,812,15615,260.28,428.9,266.3,13.9,24.4,0.7578,1
EagleCreekDrEtc_SHB_12.11.2025_LS,SHB,812,15616,260.3,422.7,266.5,13.5,24.3,0.7984,1
EagleCreekDrEtc_SHB_12.11.2025_LS,SHB,812,15617,260.32,415.8,267.2,13.4,24.1,0.748,1
EagleCreekDrEtc_SHB_12.11.2025_LS,SHB,812,15618,260.33,411.3,267.4,13.5,24.1,0.7955,1
EagleCreekDrEtc_SHB_12.11.2025_LS,SHB,812,15619,260.35,405.7,267.9,13.3,23.8,0.7777,1
EagleCreekDrEtc_SHB_12.11.2025_LS,SHB,812,15620,260.37,398.8,269.0,13.8,23.6,0.7412,1
EagleCreekDrEtc_SHB_12.11.2025_LS,SHB,812,15659,261.02,196.0,271.2,12.3,22.1,0.718,1
EagleCreekDrEtc_SHB_12.11.2025_LS,SHB,812,15660,261.03,192.0,271.6,12.5,21.8,0.6979,1
EagleCreekDrEtc_SHB_12.11.2025_LS,SHB,812,15661,261.05,187.3,270.7,12.3,22.0,0.5834,1
EagleCreekDrEtc_SHB_12.11.2025_LS,SHB,812,15662,261.07,182.2,270.5,12.6,21.5,0.5892,1
EagleCreekDrEtc_SHB_12.11.2025_LS,SHB,812,15663,261.08,176.7,272.3,12.5,21.8,0.6142,1
EagleCreekDrEtc_SHB_12.11.2025_LS,SHB,812,15668,261.17,154.4,269.3,13.6,24.0,0.6804,1
EagleCreekDrEtc_SHB_12.11.2025_LS,SHB,812,15669,261.18,148.5,269.7,13.0,23.5,0.674,1
EagleCreekDrEtc_SHB_12.11.2025_LS,SHB,812,15670,261.2,144.6,269.9,13.1,24.3,0.6521,1
EagleCreekDrEtc_SHB_12.11.2025_LS,SHB,812,15671,261.22,140.2,270.1,12.8,23.9,0.6479,1
EagleCreekDrEtc_SHB_12.11.2025_LS,SHB,812,15672,261.23,135.3,269.3,12.5,23.0,0.6378,1
EagleCreekDrEtc_SHB_12.11.2025_LS,SHB,812,15673,261.25,131.1,269.6,12.9,23.7,0.6502,1
EagleCreekDrEtc_SHB_12.11.2025_LS,SHB,812,15674,261.27,125.5,270.4,13.3,22.8,0.6123,1
EagleCreekDrEtc_SHB_12.11.2025_LS,SHB,812,15675,261.28,121.3,270.0,13.1,23.2,0.6532,1
EagleCreekDrEtc_SHB_12.11.2025_LS,SHB,812,15676,261.3,116.6,271.1,13.5,23.3,0.6847,1
EagleCreekDrEtc_SHB_12.11.2025_LS,SHB,812,15677,261.32,111.6,270.6,13.1,23.4,0.704,1
EagleCreekDrEtc_SHB_12.11.2025_LS,SHB,812,15678,261.33,107.2,271.1,13.6,24.6,0.6757,1
EagleCreekDrEtc_SHB_12.11.2025_LS,SHB,812,15679,261.35,101.6,269.7,13.5,23.6,0.6602,1
EagleCreekDrEtc_SHB_12.11.2025_LS,SHB,812,15680,261.37,97.7,269.7,14.2,24.1,0.6561,1
EagleCreekDrEtc_SHB_12.11.2025_LS,SHB,812,15681,261.38,92.8,269.6,14.1,24.1,0.6996,1
EagleCreekDrEtc_SHB_12.11.2025_LS,SHB,812,15682,261.4,88.7,268.5,14.1,24.3,0.6946,1
EagleCreekDrEtc_SHB_12.11.2025_LS,SHB,812,15683,261.42,84.7,268.4,13.8,24.7,0.6585,1
EagleCreekDrEtc_SHB_12.11.2025_LS,SHB,812,15684,261.43,79.5,267.9,13.5,24.7,0.5549,1
EagleCreekDrEtc_SHB_12.11.2025_LS,SHB,812,15685,261.45,75.3,267.2,14.4,25.2,0.6036,1
EagleCreekDrEtc_SHB_12.11.2025_LS,SHB,812,15686,261.47,70.6,267.4,14.6,25.3,0.6605,1
EagleCreekDrEtc_SHB_12.11.2025_LS,SHB,812,15687,261.48,65.8,267.2,14.5,25.1,0.6681,1
EagleCreekDrEtc_SHB_12.11.2025_LS,SHB,812,15688,261.5,60.7,267.7,13.8,25.0,0.6167,1
EagleCreekDrEtc_SHB_12.11.2025_LS,SHB,812,15689,261.52,56.0,267.5,13.4,25.2,0.5267,1
EagleCreekDrEtc_SHB_12.11.2025_LS,SHB,812,15690,261.53,50.6,267.4,14.2,25.2,0.5613,1
EagleCreekDrEtc_SHB_12.11.2025_LS,SHB,812,15691,261.55,45.3,267.2,15.1,27.5,0.5998,1
EagleCreekDrEtc_SHB_12.11.2025_LS,SHB,812,15692,261.57,40.5,267.1,15.3,26.3,0.4698,1
EagleCreekDrEtc_SHB_12.11.2025_LS,SHB,812,15695,261.62,26.1,269.4,15.1,28.3,0.666,1
EagleCreekDrEtc_SHB_12.11.2025_LS,SHB,812,15696,261.63,23.6,269.2,15.0,29.4,0.6819,1
EagleCreekDrEtc_SHB_12.11.2025_LS,SHB,812,15698,261.67,10.1,271.6,16.7,30.3,0.5686,1
EagleCreekDrEtc_SHB_12.11.2025_LS,SHB,814,15622,260.4,388.6,269.4,12.8,23.5,0.7503,1
EagleCreekDrEtc_SHB_12.11.2025_LS,SHB,814,15623,260.42,383.3,269.7,13.5,23.5,0.7582,1
EagleCreekDrEtc_SHB_12.11.2025_LS,SHB,814,15624,260.43,377.3,270.2,13.6,24.3,0.7891,1
EagleCreekDrEtc_SHB_12.11.2025_LS,SHB,814,15625,260.45,371.7,270.5,13.6,24.1,0.7392,1
EagleCreekDrEtc_SHB_12.11.2025_LS,SHB,814,15626,260.47,367.1,270.4,13.7,24.3,0.7906,1
EagleCreekDrEtc_SHB_12.11.2025_LS,SHB,814,15627,260.48,361.4,270.3,13.4,24.5,0.7782,1
EagleCreekDrEtc_SHB_12.11.2025_LS,SHB,814,15628,260.5,356.3,270.6,13.5,23.8,0.7715,1
EagleCreekDrEtc_SHB_12.11.2025_LS,SHB,814,15629,260.52,350.2,270.5,13.5,24.2,0.7927,1
EagleCreekDrEtc_SHB_12.11.2025_LS,SHB,814,15630,260.53,345.3,270.7,13.6,24.6,0.7916,1
EagleCreekDrEtc_SHB_12.11.2025_LS,SHB,814,15631,260.55,340.3,271.1,13.7,24.1,0.7705,1
EagleCreekDrEtc_SHB_12.11.2025_LS,SHB,814,15632,260.57,334.3,270.6,13.5,24.7,0.8028,1
EagleCreekDrEtc_SHB_12.11.2025_LS,SHB,814,15633,260.58,328.9,270.4,13.3,24.9,0.7369,1
EagleCreekDrEtc_SHB_12.11.2025_LS,SHB,814,15634,260.6,323.7,270.0,13.6,24.3,0.7845,1
EagleCreekDrEtc_SHB_12.11.2025_LS,SHB,814,15635,260.62,318.0,269.9,13.6,24.6,0.7892,1
EagleCreekDrEtc_SHB_12.11.2025_LS,SHB,814,15636,260.63,313.1,269.9,13.4,24.7,0.7908,1
EagleCreekDrEtc_SHB_12.11.2025_LS,SHB,814,15637,260.65,307.4,270.0,13.5,24.2,0.7579,1
EagleCreekDrEtc_SHB_12.11.2025_LS,SHB,814,15638,260.67,302.4,270.3,13.4,24.6,0.7897,1
EagleCreekDrEtc_SHB_12.11.2025_LS,SHB,814,15639,260.68,297.7,269.7,13.3,24.9,0.7516,1
EagleCreekDrEtc_SHB_12.11.2025_LS,SHB,814,15640,260.7,293.5,270.1,14.0,24.7,0.7518,1
EagleCreekDrEtc_SHB_12.11.2025_LS,SHB,814,15641,260.72,287.6,271.3,13.7,24.6,0.7678,1
EagleCreekDrEtc_SHB_12.11.2025_LS,SHB,814,15642,260.73,282.1,271.6,13.6,25.1,0.7802,1
EagleCreekDrEtc_SHB_12.11.2025_LS,SHB,814,15643,260.75,277.9,271.9,13.3,25.2,0.7022,1
EagleCreekDrEtc_SHB_12.11.2025_LS,SHB,814,15644,260.77,272.1,271.3,13.4,24.4,0.7639,1
EagleCreekDrEtc_SHB_12.11.2025_LS,SHB,814,15645,260.78,267.0,272.2,13.5,24.5,0.7731,1
EagleCreekDrEtc_SHB_12.11.2025_LS,SHB,814,15646,260.8,261.9,272.5,13.6,24.1,0.7767,1
EagleCreekDrEtc_SHB_12.11.2025_LS,SHB,814,15647,260.82,256.8,272.1,14.1,25.1,0.7392,1
EagleCreekDrEtc_SHB_12.11.2025_LS,SHB,814,15648,260.83,251.2,274.0,13.7,24.8,0.7846,1
EagleCreekDrEtc_SHB_12.11.2025_LS,SHB,814,15649,260.85,245.9,273.4,13.2,24.8,0.7429,1
EagleCreekDrEtc_SHB_12.11.2025_LS,SHB,814,15650,260.87,241.0,274.0,12.6,24.1,0.7194,1
EagleCreekDrEtc_SHB_12.11.2025_LS,SHB,814,15651,260.88,235.4,273.9,12.3,23.0,0.7243,1
EagleCreekDrEtc_SHB_12.11.2025_LS,SHB,814,15652,260.9,230.3,273.6,12.3,22.7,0.753,1
EagleCreekDrEtc_SHB_12.11.2025_LS,SHB,814,15653,260.92,226.7,273.3,12.5,23.5,0.6707,1
EagleCreekDrEtc_SHB_12.11.2025_LS,SHB,814,15654,260.93,222.5,271.9,12.4,23.1,0.6255,1
EagleCreekDrEtc_SHB_12.11.2025_LS,SHB,814,15655,260.95,218.2,272.4,13.3,23.2,0.7211,1
EagleCreekDrEtc_SHB_12.11.2025_LS,SHB,814,15656,260.97,213.4,271.1,13.4,23.1,0.7193,1
EagleCreekDrEtc_SHB_12.11.2025_LS,SHB,814,15657,260.98,208.3,270.0,13.0,22.8,0.6977,1
EagleCreekDrEtc_SHB_12.11.2025_LS,SHB,814,15658,261.0,203.7,270.4,13.6,23.2,0.6394,1
EagleCreekDrEtc_SHB_12.11.2025_LS,SHB,829,16197,269.98,395.1,146.2,20.0,17.1,0.7181,0
EagleCreekDrEtc_SHB_12.11.2025_LS,SHB,829,16198,270.0,393.3,145.9,20.2,17.7,0.432,0
EagleCreekDrEtc_SHB_12.11.2025_LS,SHB,829,16199,270.02,391.4,145.7,21.2,18.7,0.7344,0
EagleCreekDrEtc_SHB_12.11.2025_LS,SHB,843,16845,280.79,171.6,239.3,30.9,24.3,0.6364,0
EagleCreekDrEtc_SHB_12.11.2025_LS,SHB,843,16846,280.8,177.4,240.0,31.2,25.4,0.2103,0
EagleCreekDrEtc_SHB_12.11.2025_LS,SHB,843,16847,280.82,183.7,239.3,28.9,22.8,0.142,0
EagleCreekDrEtc_SHB_12.11.2025_LS,SHB,858,16917,281.99,566.1,208.8,19.6,18.9,0.5132,0
EagleCreekDrEtc_SHB_12.11.2025_LS,SHB,858,16918,282.0,573.4,209.2,19.4,17.5,0.4762,0
EagleCreekDrEtc_SHB_12.11.2025_LS,SHB,858,16919,282.02,581.8,210.6,15.3,19.2,0.4803,0
EagleCreekDrEtc_SHB_12.11.2025_LS,SHB,858,16920,282.04,589.5,210.5,14.6,17.9,0.4122,0
EagleCreekDrEtc_SHB_12.11.2025_LS,SHB,858,16921,282.05,596.1,209.1,16.9,17.6,0.495,0
EagleCreekDrEtc_SHB_12.11.2025_LS,SHB,858,16922,282.07,604.2,207.8,18.2,17.7,0.2729,0
EagleCreekDrEtc_SHB_12.11.2025_LS,SHB,858,16923,282.09,611.9,206.3,18.6,16.4,0.5574,0
EagleCreekDrEtc_SHB_12.11.2025_LS,SHB,858,16924,282.1,619.6,204.7,19.5,17.5,0.488,0
EagleCreekDrEtc_SHB_12.11.2025_LS,SHB,867,16955,282.62,506.3,202.8,24.5,22.8,0.4035,0
EagleCreekDrEtc_SHB_12.11.2025_LS,SHB,867,16956,282.64,513.6,203.2,24.0,23.6,0.409,0
EagleCreekDrEtc_SHB_12.11.2025_LS,SHB,867,16957,282.65,520.4,204.5,24.3,22.0,0.5199,0
EagleCreekDrEtc_SHB_12.11.2025_LS,SHB,867,16958,282.67,529.0,204.4,23.6,20.5,0.5088,0
EagleCreekDrEtc_SHB_12.11.2025_LS,SHB,867,16959,282.69,536.8,203.8,22.2,19.6,0.5866,0
EagleCreekDrEtc_SHB_12.11.2025_LS,SHB,895,17921,298.72,442.9,266.5,35.2,30.4,0.5858,0
EagleCreekDrEtc_SHB_12.11.2025_LS,SHB,895,17922,298.74,436.5,267.8,30.7,29.6,0.5932,0
EagleCreekDrEtc_SHB_12.11.2025_LS,SHB,895,17923,298.75,431.9,268.8,31.3,33.7,0.3103,0
EagleCreekDrEtc_SHB_12.11.2025_LS,SHB,904,18621,310.39,577.4,265.7,26.0,24.4,0.4733,0
EagleCreekDrEtc_SHB_12.11.2025_LS,SHB,904,18628,310.51,564.7,265.7,29.2,26.8,0.4742,0
EagleCreekDrEtc_SHB_12.11.2025_LS,SHB,904,18629,310.52,566.1,271.1,31.6,29.7,0.4806,0
EagleCreekDrEtc_SHB_12.11.2025_LS,SHB,904,18630,310.54,564.1,272.8,30.2,29.3,0.3026,0
EagleCreekDrEtc_SHB_12.11.2025_LS,SHB,904,18631,310.56,561.5,271.3,29.3,28.3,0.2011,0
EagleCreekDrEtc_SHB_12.11.2025_LS,SHB,904,18632,310.57,560.0,271.8,29.6,27.9,0.2364,0
EagleCreekDrEtc_SHB_12.11.2025_LS,SHB,906,18684,311.44,545.3,226.4,33.5,27.4,0.4883,0
EagleCreekDrEtc_SHB_12.11.2025_LS,SHB,906,18685,311.46,544.9,227.1,32.9,27.2,0.2618,0
EagleCreekDrEtc_SHB_12.11.2025_LS,SHB,906,18686,311.47,545.2,227.5,33.0,27.4,0.3229,0
EagleCreekDrEtc_SHB_12.11.2025_LS,SHB,906,18687,311.49,546.0,228.4,32.7,27.7,0.3949,0
EagleCreekDrEtc_SHB_12.11.2025_LS,SHB,906,18688,311.51,547.8,229.4,31.1,27.9,0.555,0
EagleCreekDrEtc_SHB_12.11.2025_LS,SHB,910,18736,312.31,559.2,264.2,28.7,27.2,0.3824,0
EagleCreekDrEtc_SHB_12.11.2025_LS,SHB,910,18737,312.32,560.0,264.5,27.0,27.2,0.2768,0
EagleCreekDrEtc_SHB_12.11.2025_LS,SHB,910,18738,312.34,560.6,264.3,25.9,26.2,0.215,0
EagleCreekDrEtc_SHB_12.11.2025_LS,SHB,910,18739,312.36,562.0,263.6,25.3,25.0,0.2903,0
EagleCreekDrEtc_SHB_12.11.2025_LS,SHB,910,18740,312.37,563.3,263.6,27.1,25.3,0.493,0
EagleCreekDrEtc_SHB_12.11.2025_LS,SHB,910,18741,312.39,565.0,262.6,25.5,25.6,0.3223,0
EagleCreekDrEtc_SHB_12.11.2025_LS,SHB,910,18749,312.52,568.3,257.2,27.8,23.4,0.4858,0
EagleCreekDrEtc_SHB_12.11.2025_LS,SHB,910,18750,312.54,568.8,257.4,27.9,23.1,0.4953,0
EagleCreekDrEtc_SHB_12.11.2025_LS,SHB,910,18751,312.56,569.5,257.4,27.3,22.2,0.2354,0
EagleCreekDrEtc_SHB_12.11.2025_LS,SHB,910,18752,312.57,570.1,257.2,27.6,22.5,0.2364,0
EagleCreekDrEtc_SHB_12.11.2025_LS,SHB,913,18790,313.21,618.6,253.8,35.5,32.3,0.4053,0
EagleCreekDrEtc_SHB_12.11.2025_LS,SHB,913,18791,313.22,618.9,253.5,35.6,32.8,0.2819,0
EagleCreekDrEtc_SHB_12.11.2025_LS,SHB,913,18792,313.24,619.5,253.8,32.9,32.4,0.2978,0
EagleCreekDrEtc_SHB_12.11.2025_LS,SHB,913,18793,313.26,619.8,253.9,32.6,32.4,0.1055,0
EagleCreekDrEtc_SHB_12.11.2025_LS,SHB,916,19158,319.34,625.2,274.7,29.3,58.5,0.5291,1
EagleCreekDrEtc_SHB_12.11.2025_LS,SHB,916,19159,319.36,623.1,276.4,32.7,58.9,0.6305,1
EagleCreekDrEtc_SHB_12.11.2025_LS,SHB,916,19160,319.37,619.1,277.0,39.8,61.2,0.7422,1
EagleCreekDrEtc_SHB_12.11.2025_LS,SHB,916,19161,319.39,615.6,278.3,46.5,59.1,0.7679,1
EagleCreekDrEtc_SHB_12.11.2025_LS,SHB,916,19162,319.41,612.6,278.7,53.2,58.6,0.7223,1
EagleCreekDrEtc_SHB_12.11.2025_LS,SHB,916,19163,319.42,609.3,279.3,59.6,58.8,0.7888,1
EagleCreekDrEtc_SHB_12.11.2025_LS,SHB,916,19164,319.44,605.0,279.1,65.4,60.4,0.7786,1
EagleCreekDrEtc_SHB_12.11.2025_LS,SHB,916,19165,319.46,598.9,279.5,67.1,60.2,0.7866,1
EagleCreekDrEtc_SHB_12.11.2025_LS,SHB,916,19166,319.47,591.6,279.5,66.1,60.0,0.7991,1
EagleCreekDrEtc_SHB_12.11.2025_LS,SHB,916,19167,319.49,585.9,279.7,66.9,60.0,0.7763,1
EagleCreekDrEtc_SHB_12.11.2025_LS,SHB,916,19168,319.51,584.8,280.6,76.6,63.0,0.7878,1
EagleCreekDrEtc_SHB_12.11.2025_LS,SHB,916,19169,319.52,576.6,279.6,72.6,62.1,0.7981,1
EagleCreekDrEtc_SHB_12.11.2025_LS,SHB,916,19170,319.54,568.9,279.6,69.5,60.7,0.7817,1
EagleCreekDrEtc_SHB_12.11.2025_LS,SHB,916,19171,319.56,562.2,279.7,69.6,61.4,0.8174,1
EagleCreekDrEtc_SHB_12.11.2025_LS,SHB,916,19172,319.57,559.0,280.1,73.8,60.8,0.7826,1
EagleCreekDrEtc_SHB_12.11.2025_LS,SHB,916,19173,319.59,550.0,280.2,66.9,59.9,0.7834,1
EagleCreekDrEtc_SHB_12.11.2025_LS,SHB,916,19174,319.61,541.2,280.4,61.4,57.9,0.8238,1
EagleCreekDrEtc_SHB_12.11.2025_LS,SHB,916,19175,319.62,536.0,280.7,61.0,57.0,0.8265,1
EagleCreekDrEtc_SHB_12.11.2025_LS,SHB,916,19176,319.64,530.7,280.2,62.8,57.3,0.8303,1
EagleCreekDrEtc_SHB_12.11.2025_LS,SHB,916,19177,319.66,525.4,279.2,65.6,57.7,0.8015,1
EagleCreekDrEtc_SHB_12.11.2025_LS,SHB,916,19178,319.67,519.9,279.1,67.2,57.7,0.7976,1
EagleCreekDrEtc_SHB_12.11.2025_LS,SHB,916,19179,319.69,515.0,278.4,69.6,58.2,0.7779,1
EagleCreekDrEtc_SHB_12.11.2025_LS,SHB,916,19180,319.71,508.3,278.5,68.1,59.0,0.79,1
EagleCreekDrEtc_SHB_12.11.2025_LS,SHB,916,19181,319.72,501.3,278.9,67.3,60.4,0.7695,1
EagleCreekDrEtc_SHB_12.11.2025_LS,SHB,916,19182,319.74,495.3,280.4,66.3,58.7,0.7784,1
EagleCreekDrEtc_SHB_12.11.2025_LS,SHB,916,19183,319.76,489.4,281.5,64.9,56.6,0.7621,1
EagleCreekDrEtc_SHB_12.11.2025_LS,SHB,916,19184,319.77,484.4,281.8,63.6,57.2,0.777,1
EagleCreekDrEtc_SHB_12.11.2025_LS,SHB,916,19185,319.79,477.5,282.5,62.6,57.0,0.7674,1
EagleCreekDrEtc_SHB_12.11.2025_LS,SHB,916,19186,319.81,472.3,282.3,61.7,58.6,0.6825,1
EagleCreekDrEtc_SHB_12.11.2025_LS,SHB,916,19187,319.82,464.4,283.6,63.3,55.2,0.7495,1
EagleCreekDrEtc_SHB_12.11.2025_LS,SHB,916,19188,319.84,457.8,284.7,64.0,57.3,0.7777,1
EagleCreekDrEtc_SHB_12.11.2025_LS,SHB,916,19189,319.86,452.6,285.9,63.2,58.7,0.8054,1
EagleCreekDrEtc_SHB_12.11.2025_LS,SHB,916,19190,319.87,447.3,286.7,62.3,59.9,0.8153,1
EagleCreekDrEtc_SHB_12.11.2025_LS,SHB,916,19191,319.89,440.5,286.6,62.8,60.7,0.8358,1
EagleCreekDrEtc_SHB_12.11.2025_LS,SHB,916,19192,319.91,435.8,287.9,62.7,59.8,0.8504,1
EagleCreekDrEtc_SHB_12.11.2025_LS,SHB,916,19193,319.92,428.4,288.3,61.7,59.2,0.8333,1
EagleCreekDrEtc_SHB_12.11.2025_LS,SHB,916,19194,319.94,423.1,288.8,59.8,58.7,0.8374,1
EagleCreekDrEtc_SHB_12.11.2025_LS,SHB,916,19195,319.96,416.4,289.6,63.2,59.8,0.7937,1
EagleCreekDrEtc_SHB_12.11.2025_LS,SHB,916,19196,319.97,410.7,289.2,66.6,59.5,0.7902,1
EagleCreekDrEtc_SHB_12.11.2025_LS,SHB,916,19197,319.99,406.7,289.8,68.0,58.2,0.7841,1
EagleCreekDrEtc_SHB_12.11.2025_LS,SHB,916,19198,320.01,402.4,291.0,68.6,58.7,0.7681,1
EagleCreekDrEtc_SHB_12.11.2025_LS,SHB,916,19199,320.02,396.6,291.4,66.0,57.4,0.7832,1
EagleCreekDrEtc_SHB_12.11.2025_LS,SHB,916,19200,320.04,393.2,293.5,64.8,55.6,0.7631,1
EagleCreekDrEtc_SHB_12.11.2025_LS,SHB,916,19201,320.06,387.5,295.8,59.1,53.9,0.7794,1
EagleCreekDrEtc_SHB_12.11.2025_LS,SHB,916,19202,320.07,381.5,296.5,58.4,56.0,0.8056,1
EagleCreekDrEtc_SHB_12.11.2025_LS,SHB,916,19203,320.09,376.7,297.2,56.8,56.7,0.7853,1
EagleCreekDrEtc_SHB_12.11.2025_LS,SHB,916,19204,320.11,371.4,297.5,55.4,55.6,0.7904,1
EagleCreekDrEtc_SHB_12.11.2025_LS,SHB,916,19205,320.12,367.0,298.4,58.3,55.5,0.7776,1
EagleCreekDrEtc_SHB_12.11.2025_LS,SHB,916,19206,320.14,362.5,299.9,56.7,55.0,0.8098,1
EagleCreekDrEtc_SHB_12.11.2025_LS,SHB,916,19207,320.16,357.4,300.7,55.7,54.0,0.8124,1
EagleCreekDrEtc_SHB_12.11.2025_LS,SHB,916,19208,320.17,354.4,301.8,53.8,55.2,0.7734,1
EagleCreekDrEtc_SHB_12.11.2025_LS,SHB,916,19209,320.19,348.1,301.6,51.0,55.8,0.7933,1
EagleCreekDrEtc_SHB_12.11.2025_LS,SHB,916,19210,320.21,343.5,302.4,47.6,56.3,0.7598,1
EagleCreekDrEtc_SHB_12.11.2025_LS,SHB,916,19211,320.22,338.7,302.8,45.9,57.4,0.7417,1
EagleCreekDrEtc_SHB_12.11.2025_LS,SHB,916,19212,320.24,334.1,303.7,44.5,58.0,0.7966,1
EagleCreekDrEtc_SHB_12.11.2025_LS,SHB,916,19213,320.26,327.4,303.7,49.9,58.2,0.7337,1
EagleCreekDrEtc_SHB_12.11.2025_LS,SHB,916,19214,320.27,319.4,303.2,53.9,56.8,0.7453,1
EagleCreekDrEtc_SHB_12.11.2025_LS,SHB,916,19215,320.29,313.4,302.9,54.7,56.2,0.7484,1
EagleCreekDrEtc_SHB_12.11.2025_LS,SHB,916,19216,320.31,307.8,302.9,55.2,54.4,0.7705,1
EagleCreekDrEtc_SHB_12.11.2025_LS,SHB,916,19217,320.32,304.8,303.7,53.9,53.7,0.7376,1
EagleCreekDrEtc_SHB_12.11.2025_LS,SHB,916,19218,320.34,301.5,302.6,55.6,54.5,0.7324,1
EagleCreekDrEtc_SHB_12.11.2025_LS,SHB,916,19219,320.36,296.4,301.0,59.5,54.3,0.7181,1
EagleCreekDrEtc_SHB_12.11.2025_LS,SHB,916,19220,320.37,292.9,299.9,62.4,56.2,0.6894,1
EagleCreekDrEtc_SHB_12.11.2025_LS,SHB,916,19221,320.39,291.6,300.4,61.4,57.0,0.7453,1
EagleCreekDrEtc_SHB_12.11.2025_LS,SHB,916,19222,320.41,289.8,301.0,62.1,58.1,0.7656,1
EagleCreekDrEtc_SHB_12.11.2025_LS,SHB,916,19223,320.42,286.7,300.6,60.7,58.0,0.7673,1
EagleCreekDrEtc_SHB_12.11.2025_LS,SHB,916,19224,320.44,283.2,299.8,61.3,57.9,0.774,1
EagleCreekDrEtc_SHB_12.11.2025_LS,SHB,916,19225,320.46,279.4,300.3,59.8,56.9,0.7791,1
EagleCreekDrEtc_SHB_12.11.2025_LS,SHB,916,19226,320.47,275.7,299.4,59.8,57.7,0.7737,1
EagleCreekDrEtc_SHB_12.11.2025_LS,SHB,916,19227,320.49,271.9,299.7,59.8,56.8,0.7768,1
EagleCreekDrEtc_SHB_12.11.2025_LS,SHB,916,19228,320.51,267.3,299.7,59.5,56.0,0.7923,1
EagleCreekDrEtc_SHB_12.11.2025_LS,SHB,916,19229,320.52,262.0,299.4,57.8,54.1,0.772,1
EagleCreekDrEtc_SHB_12.11.2025_LS,SHB,916,19230,320.54,257.5,299.7,56.7,56.0,0.7678,1
EagleCreekDrEtc_SHB_12.11.2025_LS,SHB,916,19231,320.56,252.7,299.8,57.1,56.8,0.7642,1
EagleCreekDrEtc_SHB_12.11.2025_LS,SHB,916,19232,320.57,246.8,300.2,56.8,56.0,0.7491,1
EagleCreekDrEtc_SHB_12.11.2025_LS,SHB,916,19233,320.59,241.7,299.9,56.6,56.4,0.7481,1
EagleCreekDrEtc_SHB_12.11.2025_LS,SHB,916,19234,320.61,236.2,299.7,57.7,56.9,0.7602,1
EagleCreekDrEtc_SHB_12.11.2025_LS,SHB,916,19235,320.62,231.7,300.1,56.0,55.0,0.781,1
EagleCreekDrEtc_SHB_12.11.2025_LS,SHB,916,19236,320.64,228.0,299.6,57.8,56.4,0.7763,1
EagleCreekDrEtc_SHB_12.11.2025_LS,SHB,916,19237,320.66,224.7,300.0,57.7,56.4,0.7624,1
EagleCreekDrEtc_SHB_12.11.2025_LS,SHB,916,19238,320.67,220.6,299.2,59.3,55.5,0.7657,1
EagleCreekDrEtc_SHB_12.11.2025_LS,SHB,916,19239,320.69,215.7,299.2,61.3,56.3,0.7668,1
EagleCreekDrEtc_SHB_12.11.2025_LS,SHB,916,19240,320.71,210.5,300.3,62.7,56.9,0.7727,1
EagleCreekDrEtc_SHB_12.11.2025_LS,SHB,916,19241,320.72,206.2,300.5,63.9,57.2,0.757,1
EagleCreekDrEtc_SHB_12.11.2025_LS,SHB,916,19242,320.74,201.0,301.8,63.7,57.3,0.7635,1
EagleCreekDrEtc_SHB_12.11.2025_LS,SHB,916,19243,320.76,195.4,302.3,62.0,57.2,0.7573,1
EagleCreekDrEtc_SHB_12.11.2025_LS,SHB,916,19244,320.77,190.9,301.9,61.9,57.5,0.7515,1
EagleCreekDrEtc_SHB_12.11.2025_LS,SHB,916,19245,320.79,186.6,301.6,61.9,57.5,0.778,1
EagleCreekDrEtc_SHB_12.11.2025_LS,SHB,916,19246,320.81,181.6,300.8,62.6,58.3,0.7625,1
EagleCreekDrEtc_SHB_12.11.2025_LS,SHB,916,19247,320.82,177.1,301.4,60.8,57.8,0.7707,1
EagleCreekDrEtc_SHB_12.11.2025_LS,SHB,916,19248,320.84,171.6,300.4,60.8,58.3,0.753,1
EagleCreekDrEtc_SHB_12.11.2025_LS,SHB,916,19249,320.86,165.1,299.9,59.1,57.2,0.7741,1
EagleCreekDrEtc_SHB_12.11.2025_LS,SHB,916,19250,320.87,160.9,299.2,56.7,54.9,0.7473,1
EagleCreekDrEtc_SHB_12.11.2025_LS,SHB,916,19251,320.89,156.3,298.0,55.7,54.6,0.7613,1
EagleCreekDrEtc_SHB_12.11.2025_LS,SHB,916,19252,320.91,152.4,297.7,54.7,53.9,0.7436,1
EagleCreekDrEtc_SHB_12.11.2025_LS,SHB,916,19253,320.92,145.5,297.3,52.0,53.3,0.7609,1
EagleCreekDrEtc_SHB_12.11.2025_LS,SHB,916,19254,320.94,141.5,296.6,51.1,53.8,0.7467,1
EagleCreekDrEtc_SHB_12.11.2025_LS,SHB,916,19255,320.96,135.6,296.4,48.8,53.8,0.7926,1
EagleCreekDrEtc_SHB_12.11.2025_LS,SHB,916,19256,320.97,131.2,294.7,50.2,54.7,0.7656,1
EagleCreekDrEtc_SHB_12.11.2025_LS,SHB,916,19257,320.99,126.9,293.5,50.8,56.1,0.7915,1
EagleCreekDrEtc_SHB_12.11.2025_LS,SHB,916,19258,321.01,122.8,292.6,49.2,55.7,0.7703,1
EagleCreekDrEtc_SHB_12.11.2025_LS,SHB,916,19259,321.02,117.9,291.2,48.0,55.0,0.7871,1
EagleCreekDrEtc_SHB_12.11.2025_LS,SHB,916,19260,321.04,113.8,290.4,48.3,53.2,0.7784,1
EagleCreekDrEtc_SHB_12.11.2025_LS,SHB,916,19261,321.06,109.9,289.9,47.1,52.8,0.8004,1
EagleCreekDrEtc_SHB_12.11.2025_LS,SHB,916,19262,321.07,105.9,290.0,45.9,52.1,0.7878,1
EagleCreekDrEtc_SHB_12.11.2025_LS,SHB,916,19263,321.09,102.1,289.9,45.8,52.3,0.7936,1
EagleCreekDrEtc_SHB_12.11.2025_LS,SHB,916,19264,321.11,99.0,289.1,46.2,53.7,0.8097,1
EagleCreekDrEtc_SHB_12.11.2025_LS,SHB,916,19265,321.12,95.4,288.3,48.3,55.4,0.8093,1
EagleCreekDrEtc_SHB_12.11.2025_LS,SHB,916,19266,321.14,91.7,287.9,47.7,54.7,0.8113,1
EagleCreekDrEtc_SHB_12.11.2025_LS,SHB,916,19267,321.16,88.2,286.2,46.9,55.3,0.783,1
EagleCreekDrEtc_SHB_12.11.2025_LS,SHB,916,19268,321.17,84.0,285.9,46.3,55.0,0.7941,1
EagleCreekDrEtc_SHB_12.11.2025_LS,SHB,916,19269,321.19,80.4,284.5,45.2,55.0,0.7863,1
EagleCreekDrEtc_SHB_12.11.2025_LS,SHB,916,19270,321.21,77.1,283.8,45.2,54.0,0.7784,1
EagleCreekDrEtc_SHB_12.11.2025_LS,SHB,916,19271,321.22,73.6,282.6,49.2,57.0,0.7941,1
EagleCreekDrEtc_SHB_12.11.2025_LS,SHB,916,19272,321.24,69.2,280.8,49.5,57.7,0.7839,1
EagleCreekDrEtc_SHB_12.11.2025_LS,SHB,916,19273,321.26,65.9,280.8,48.1,57.3,0.7888,1
EagleCreekDrEtc_SHB_12.11.2025_LS,SHB,916,19274,321.27,62.8,278.5,46.5,57.5,0.7801,1
EagleCreekDrEtc_SHB_12.11.2025_LS,SHB,916,19275,321.29,57.2,276.4,50.3,56.5,0.7822,1
EagleCreekDrEtc_SHB_12.11.2025_LS,SHB,916,19276,321.31,52.1,275.3,50.1,54.7,0.7519,1
EagleCreekDrEtc_SHB_12.11.2025_LS,SHB,916,19277,321.32,48.2,274.1,51.0,56.8,0.769,1
EagleCreekDrEtc_SHB_12.11.2025_LS,SHB,916,19278,321.34,45.3,273.2,51.1,58.0,0.7463,1
EagleCreekDrEtc_SHB_12.11.2025_LS,SHB,916,19279,321.36,41.4,272.6,49.9,58.5,0.7884,1
EagleCreekDrEtc_SHB_12.11.2025_LS,SHB,916,19280,321.37,37.2,272.2,48.9,57.6,0.7482,1
EagleCreekDrEtc_SHB_12.11.2025_LS,SHB,916,19281,321.39,34.2,272.5,47.3,55.7,0.7555,1
EagleCreekDrEtc_SHB_12.11.2025_LS,SHB,916,19282,321.41,30.8,272.2,46.5,56.7,0.7572,1
EagleCreekDrEtc_SHB_12.11.2025_LS,SHB,916,19283,321.42,26.3,272.4,45.5,56.9,0.6723,1
EagleCreekDrEtc_SHB_12.11.2025_LS,SHB,916,19284,321.44,22.4,271.6,43.5,57.6,0.6406,1
EagleCreekDrEtc_SHB_12.11.2025_LS,SHB,916,19285,321.46,20.7,271.1,41.3,57.6,0.6405,1
EagleCreekDrEtc_SHB_12.11.2025_LS,SHB,916,19286,321.47,17.4,271.0,34.8,56.5,0.6878,1
EagleCreekDrEtc_SHB_12.11.2025_LS,SHB,916,19287,321.49,14.8,270.0,29.6,56.0,0.6148,1
EagleCreekDrEtc_SHB_12.11.2025_LS,SHB,916,19288,321.51,12.5,267.8,24.9,55.3,0.5949,1
EagleCreekDrEtc_SHB_12.11.2025_LS,SHB,916,19289,321.52,10.9,266.0,21.8,56.5,0.6236,1
EagleCreekDrEtc_SHB_12.11.2025_LS,SHB,916,19290,321.54,9.9,264.9,19.8,57.6,0.4573,1
EagleCreekDrEtc_SHB_12.11.2025_LS,SHB,917,19228,320.51,625.5,304.3,28.6,51.7,0.6827,1
EagleCreekDrEtc_SHB_12.11.2025_LS,SHB,917,19229,320.52,621.9,305.6,34.2,55.0,0.6718,1
EagleCreekDrEtc_SHB_12.11.2025_LS,SHB,917,19230,320.54,616.5,305.5,44.2,60.8,0.7866,1
EagleCreekDrEtc_SHB_12.11.2025_LS,SHB,917,19231,320.56,612.1,304.8,53.4,61.5,0.7842,1
EagleCreekDrEtc_SHB_12.11.2025_LS,SHB,917,19232,320.57,607.7,305.3,60.5,63.3,0.8054,1
EagleCreekDrEtc_SHB_12.11.2025_LS,SHB,917,19233,320.59,602.8,305.2,67.3,63.0,0.8461,1
EagleCreekDrEtc_SHB_12.11.2025_LS,SHB,917,19234,320.61,596.0,304.1,71.3,63.6,0.8479,1
EagleCreekDrEtc_SHB_12.11.2025_LS,SHB,917,19235,320.62,588.0,303.1,73.5,63.8,0.8526,1
EagleCreekDrEtc_SHB_12.11.2025_LS,SHB,917,19236,320.64,580.3,301.8,72.1,65.4,0.8496,1
EagleCreekDrEtc_SHB_12.11.2025_LS,SHB,917,19237,320.66,572.1,302.0,71.5,64.7,0.8517,1
EagleCreekDrEtc_SHB_12.11.2025_LS,SHB,917,19238,320.67,563.7,301.6,71.6,65.4,0.8424,1
EagleCreekDrEtc_SHB_12.11.2025_LS,SHB,917,19239,320.69,555.5,301.2,71.3,65.8,0.8491,1
EagleCreekDrEtc_SHB_12.11.2025_LS,SHB,917,19240,320.71,547.2,301.8,70.8,64.9,0.8582,1
EagleCreekDrEtc_SHB_12.11.2025_LS,SHB,917,19241,320.72,539.4,302.4,69.5,63.5,0.8491,1
EagleCreekDrEtc_SHB_12.11.2025_LS,SHB,917,19242,320.74,531.2,303.0,68.6,63.8,0.8519,1
EagleCreekDrEtc_SHB_12.11.2025_LS,SHB,917,19243,320.76,523.2,302.6,69.0,64.1,0.8445,1
EagleCreekDrEtc_SHB_12.11.2025_LS,SHB,917,19244,320.77,515.2,302.4,68.1,64.3,0.8487,1
EagleCreekDrEtc_SHB_12.11.2025_LS,SHB,917,19245,320.79,507.4,302.2,66.3,64.6,0.8375,1
EagleCreekDrEtc_SHB_12.11.2025_LS,SHB,917,19246,320.81,498.7,301.9,66.3,64.9,0.8256,1
EagleCreekDrEtc_SHB_12.11.2025_LS,SHB,917,19247,320.82,490.5,302.1,65.5,63.8,0.8147,1
EagleCreekDrEtc_SHB_12.11.2025_LS,SHB,917,19248,320.84,481.4,303.0,65.9,64.0,0.8019,1
EagleCreekDrEtc_SHB_12.11.2025_LS,SHB,917,19249,320.86,473.7,302.0,66.8,63.4,0.8208,1
EagleCreekDrEtc_SHB_12.11.2025_LS,SHB,917,19250,320.87,465.4,301.7,67.0,62.1,0.8332,1
EagleCreekDrEtc_SHB_12.11.2025_LS,SHB,917,19251,320.89,457.0,300.7,68.5,61.9,0.8216,1
EagleCreekDrEtc_SHB_12.11.2025_LS,SHB,917,19252,320.91,448.0,299.4,70.5,62.0,0.8253,1
EagleCreekDrEtc_SHB_12.11.2025_LS,SHB,917,19253,320.92,439.9,298.6,71.2,62.8,0.8206,1
EagleCreekDrEtc_SHB_12.11.2025_LS,SHB,917,19254,320.94,430.7,299.1,71.8,62.7,0.8235,1
EagleCreekDrEtc_SHB_12.11.2025_LS,SHB,917,19255,320.96,423.1,298.0,72.6,63.0,0.8198,1
EagleCreekDrEtc_SHB_12.11.2025_LS,SHB,917,19256,320.97,415.5,296.7,72.7,63.4,0.8262,1
EagleCreekDrEtc_SHB_12.11.2025_LS,SHB,917,19257,320.99,406.6,294.4,71.5,64.4,0.829,1
EagleCreekDrEtc_SHB_12.11.2025_LS,SHB,917,19258,321.01,398.0,292.3,71.5,63.4,0.8181,1
EagleCreekDrEtc_SHB_12.11.2025_LS,SHB,917,19259,321.02,390.0,291.2,69.8,64.6,0.806,1
EagleCreekDrEtc_SHB_12.11.2025_LS,SHB,917,19260,321.04,382.0,293.5,66.4,62.3,0.808,1
EagleCreekDrEtc_SHB_12.11.2025_LS,SHB,917,19261,321.06,374.1,293.4,65.6,64.0,0.8058,1
EagleCreekDrEtc_SHB_12.11.2025_LS,SHB,917,19262,321.07,366.9,293.3,65.4,65.2,0.819,1
EagleCreekDrEtc_SHB_12.11.2025_LS,SHB,917,19263,321.09,359.7,293.0,64.9,65.0,0.863,1
EagleCreekDrEtc_SHB_12.11.2025_LS,SHB,917,19264,321.11,352.5,291.5,64.9,64.2,0.8916,1
EagleCreekDrEtc_SHB_12.11.2025_LS,SHB,917,19265,321.12,345.7,291.2,65.5,64.3,0.8783,1
EagleCreekDrEtc_SHB_12.11.2025_LS,SHB,917,19266,321.14,338.6,290.3,64.8,63.3,0.8785,1
EagleCreekDrEtc_SHB_12.11.2025_LS,SHB,917,19267,321.16,330.6,289.7,64.1,63.5,0.8842,1
EagleCreekDrEtc_SHB_12.11.2025_LS,SHB,917,19268,321.17,323.3,289.9,63.9,63.5,0.8776,1
EagleCreekDrEtc_SHB_12.11.2025_LS,SHB,917,19269,321.19,315.7,288.7,64.9,64.8,0.8454,1
EagleCreekDrEtc_SHB_12.11.2025_LS,SHB,917,19270,321.21,308.4,288.2,65.0,64.9,0.8472,1
EagleCreekDrEtc_SHB_12.11.2025_LS,SHB,917,19271,321.22,300.8,286.7,64.9,65.2,0.8305,1
EagleCreekDrEtc_SHB_12.11.2025_LS,SHB,917,19272,321.24,293.3,284.5,64.7,64.3,0.8612,1
EagleCreekDrEtc_SHB_12.11.2025_LS,SHB,917,19273,321.26,286.7,283.9,63.3,63.5,0.8481,1
EagleCreekDrEtc_SHB_12.11.2025_LS,SHB,917,19274,321.27,280.0,282.8,62.0,63.5,0.8239,1
EagleCreekDrEtc_SHB_12.11.2025_LS,SHB,917,19275,321.29,272.5,282.7,62.5,63.9,0.8323,1
EagleCreekDrEtc_SHB_12.11.2025_LS,SHB,917,19276,321.31,264.7,282.7,63.5,64.0,0.8385,1
EagleCreekDrEtc_SHB_12.11.2025_LS,SHB,917,19277,321.32,256.9,281.8,63.8,63.3,0.8476,1
EagleCreekDrEtc_SHB_12.11.2025_LS,SHB,917,19278,321.34,248.9,281.3,64.0,64.6,0.8254,1
EagleCreekDrEtc_SHB_12.11.2025_LS,SHB,917,19279,321.36,240.5,280.1,63.4,62.8,0.8381,1
EagleCreekDrEtc_SHB_12.11.2025_LS,SHB,917,19280,321.37,233.1,279.5,64.1,61.7,0.8441,1
EagleCreekDrEtc_SHB_12.11.2025_LS,SHB,917,19281,321.39,226.2,279.0,64.8,62.1,0.8306,1
EagleCreekDrEtc_SHB_12.11.2025_LS,SHB,917,19282,321.41,219.0,278.3,66.2,63.1,0.826,1
EagleCreekDrEtc_SHB_12.11.2025_LS,SHB,917,19283,321.42,211.8,278.0,66.2,62.2,0.8386,1
EagleCreekDrEtc_SHB_12.11.2025_LS,SHB,917,19284,321.44,204.2,277.1,66.6,62.0,0.8405,1
EagleCreekDrEtc_SHB_12.11.2025_LS,SHB,917,19285,321.46,197.4,276.7,67.5,61.2,0.8369,1
EagleCreekDrEtc_SHB_12.11.2025_LS,SHB,917,19286,321.47,190.0,275.6,68.8,62.3,0.8531,1
EagleCreekDrEtc_SHB_12.11.2025_LS,SHB,917,19287,321.49,183.2,274.0,68.2,60.6,0.8612,1
EagleCreekDrEtc_SHB_12.11.2025_LS,SHB,917,19288,321.51,176.2,272.9,67.5,60.1,0.8635,1
EagleCreekDrEtc_SHB_12.11.2025_LS,SHB,917,19289,321.52,169.0,271.6,67.2,60.8,0.863,1
EagleCreekDrEtc_SHB_12.11.2025_LS,SHB,917,19290,321.54,162.1,271.1,66.2,61.3,0.8729,1
EagleCreekDrEtc_SHB_12.11.2025_LS,SHB,917,19291,321.56,155.5,270.4,65.2,62.9,0.8503,1
EagleCreekDrEtc_SHB_12.11.2025_LS,SHB,917,19292,321.57,148.1,269.3,64.6,63.9,0.848,1
EagleCreekDrEtc_SHB_12.11.2025_LS,SHB,917,19293,321.59,140.6,268.5,64.9,64.6,0.8651,1
EagleCreekDrEtc_SHB_12.11.2025_LS,SHB,917,19294,321.61,132.7,267.6,63.5,63.3,0.8825,1
EagleCreekDrEtc_SHB_12.11.2025_LS,SHB,917,19295,321.62,126.1,267.6,63.0,63.3,0.8826,1
EagleCreekDrEtc_SHB_12.11.2025_LS,SHB,917,19296,321.64,119.2,267.7,61.6,63.6,0.8975,1
EagleCreekDrEtc_SHB_12.11.2025_LS,SHB,917,19297,321.66,112.8,267.6,62.1,65.4,0.8895,1
EagleCreekDrEtc_SHB_12.11.2025_LS,SHB,917,19298,321.67,106.9,267.9,62.6,66.2,0.9007,1
EagleCreekDrEtc_SHB_12.11.2025_LS,SHB,917,19299,321.69,100.0,267.7,62.7,66.2,0.891,1
EagleCreekDrEtc_SHB_12.11.2025_LS,SHB,917,19300,321.71,92.7,267.5,62.2,64.7,0.8823,1
EagleCreekDrEtc_SHB_12.11.2025_LS,SHB,917,19301,321.72,85.5,267.7,62.0,64.1,0.8611,1
EagleCreekDrEtc_SHB_12.11.2025_LS,SHB,917,19302,321.74,77.6,267.2,63.6,64.6,0.8707,1
EagleCreekDrEtc_SHB_12.11.2025_LS,SHB,917,19303,321.76,70.5,266.7,64.8,64.7,0.8701,1
EagleCreekDrEtc_SHB_12.11.2025_LS,SHB,917,19304,321.77,63.2,266.8,65.0,63.3,0.8568,1
EagleCreekDrEtc_SHB_12.11.2025_LS,SHB,917,19305,321.79,55.4,266.3,64.7,62.2,0.8571,1
EagleCreekDrEtc_SHB_12.11.2025_LS,SHB,917,19306,321.81,48.5,265.6,64.0,63.5,0.8703,1
EagleCreekDrEtc_SHB_12.11.2025_LS,SHB,917,19307,321.82,41.4,265.3,61.5,62.5,0.8513,1
EagleCreekDrEtc_SHB_12.11.2025_LS,SHB,917,19308,321.84,33.9,264.4,59.5,61.0,0.8425,1
EagleCreekDrEtc_SHB_12.11.2025_LS,SHB,917,19309,321.86,28.8,265.0,55.7,61.0,0.8251,1
EagleCreekDrEtc_SHB_12.11.2025_LS,SHB,917,19310,321.87,24.9,265.7,49.8,61.1,0.8077,1
EagleCreekDrEtc_SHB_12.11.2025_LS,SHB,917,19311,321.89,20.8,265.6,41.6,61.4,0.7416,1
EagleCreekDrEtc_SHB_12.11.2025_LS,SHB,917,19312,321.91,17.7,267.3,35.5,58.7,0.7697,1
EagleCreekDrEtc_SHB_12.11.2025_LS,SHB,917,19313,321.92,15.7,267.1,31.5,58.5,0.7711,1
EagleCreekDrEtc_SHB_12.11.2025_LS,SHB,917,19314,321.94,13.4,266.8,26.7,59.9,0.5644,1
EagleCreekDrEtc_SHB_12.11.2025_LS,SHB,917,19315,321.96,8.6,267.4,17.2,60.6,0.3941,1
EagleCreekDrEtc_SHB_12.11.2025_LS,SHB,918,19296,321.64,621.6,273.3,34.7,57.9,0.6787,1
EagleCreekDrEtc_SHB_12.11.2025_LS,SHB,918,19297,321.66,615.8,273.4,45.1,60.7,0.7595,1
EagleCreekDrEtc_SHB_12.11.2025_LS,SHB,918,19298,321.67,610.3,274.4,56.1,59.3,0.7699,1
EagleCreekDrEtc_SHB_12.11.2025_LS,SHB,918,19299,321.69,603.6,274.9,69.5,58.0,0.8186,1
EagleCreekDrEtc_SHB_12.11.2025_LS,SHB,918,19300,321.71,595.4,274.7,77.8,57.0,0.8094,1
EagleCreekDrEtc_SHB_12.11.2025_LS,SHB,918,19301,321.72,584.2,275.3,81.6,57.7,0.8108,1
EagleCreekDrEtc_SHB_12.11.2025_LS,SHB,918,19302,321.74,571.8,274.7,85.8,59.0,0.8044,1
EagleCreekDrEtc_SHB_12.11.2025_LS,SHB,918,19303,321.76,559.8,274.8,87.0,59.1,0.8358,1
EagleCreekDrEtc_SHB_12.11.2025_LS,SHB,918,19304,321.77,547.7,275.0,87.0,59.1,0.8415,1
EagleCreekDrEtc_SHB_12.11.2025_LS,SHB,918,19305,321.79,535.4,274.3,86.4,58.4,0.8321,1
EagleCreekDrEtc_SHB_12.11.2025_LS,SHB,918,19306,321.81,522.6,273.6,85.1,57.1,0.8331,1
EagleCreekDrEtc_SHB_12.11.2025_LS,SHB,918,19307,321.82,510.1,274.7,84.0,56.2,0.8218,1
EagleCreekDrEtc_SHB_12.11.2025_LS,SHB,918,19308,321.84,497.6,274.3,83.9,54.4,0.835,1
EagleCreekDrEtc_SHB_12.11.2025_LS,SHB,918,19309,321.86,486.2,274.6,82.4,53.7,0.8267,1
EagleCreekDrEtc_SHB_12.11.2025_LS,SHB,918,19310,321.87,473.5,275.0,83.4,53.3,0.8483,1
EagleCreekDrEtc_SHB_12.11.2025_LS,SHB,918,19311,321.89,461.6,275.6,81.7,54.6,0.8522,1
EagleCreekDrEtc_SHB_12.11.2025_LS,SHB,918,19312,321.91,449.3,275.3,82.0,54.0,0.8463,1
EagleCreekDrEtc_SHB_12.11.2025_LS,SHB,918,19313,321.92,437.0,274.0,81.6,54.5,0.8594,1
EagleCreekDrEtc_SHB_12.11.2025_LS,SHB,918,19314,321.94,424.2,273.9,82.0,54.8,0.8526,1
EagleCreekDrEtc_SHB_12.11.2025_LS,SHB,918,19315,321.96,414.0,274.6,81.0,56.0,0.8284,1
EagleCreekDrEtc_SHB_12.11.2025_LS,SHB,918,19316,321.97,402.5,275.1,81.3,56.8,0.843,1
EagleCreekDrEtc_SHB_12.11.2025_LS,SHB,918,19317,321.99,390.6,274.9,79.8,56.2,0.7959,1
EagleCreekDrEtc_SHB_12.11.2025_LS,SHB,918,19318,322.01,378.0,274.2,78.3,56.6,0.844,1
EagleCreekDrEtc_SHB_12.11.2025_LS,SHB,918,19319,322.02,366.4,274.1,79.9,57.5,0.8152,1
EagleCreekDrEtc_SHB_12.11.2025_LS,SHB,918,19320,322.04,355.8,272.6,79.4,56.4,0.8302,1
EagleCreekDrEtc_SHB_12.11.2025_LS,SHB,918,19321,322.06,342.8,271.9,75.0,55.4,0.7958,1
EagleCreekDrEtc_SHB_12.11.2025_LS,SHB,918,19322,322.07,327.1,273.8,70.1,58.4,0.7553,1
EagleCreekDrEtc_SHB_12.11.2025_LS,SHB,918,19323,322.09,312.5,270.6,63.6,55.7,0.7831,1
EagleCreekDrEtc_SHB_12.11.2025_LS,SHB,918,19324,322.11,300.3,270.1,66.3,56.5,0.7594,1
EagleCreekDrEtc_SHB_12.11.2025_LS,SHB,918,19325,322.12,285.3,267.4,59.8,55.0,0.7355,1
EagleCreekDrEtc_SHB_12.11.2025_LS,SHB,918,19326,322.14,275.0,265.3,63.2,57.3,0.7125,1
EagleCreekDrEtc_SHB_12.11.2025_LS,SHB,918,19327,322.16,267.8,268.8,60.4,52.4,0.5813,1
EagleCreekDrEtc_SHB_12.11.2025_LS,SHB,918,19328,322.17,263.8,269.2,58.7,51.3,0.1861,1
EagleCreekDrEtc_SHB_12.11.2025_LS,SHB,918,19329,322.19,241.2,270.2,63.4,55.1,0.1075,1
EagleCreekDrEtc_SHB_12.11.2025_LS,SHB,918,19330,322.21,231.0,269.4,70.4,57.0,0.6417,1
EagleCreekDrEtc_SHB_12.11.2025_LS,SHB,918,19331,322.22,223.4,269.1,71.8,57.0,0.5214,1
EagleCreekDrEtc_SHB_12.11.2025_LS,SHB,918,19332,322.24,215.7,269.8,71.5,57.5,0.4823,1
EagleCreekDrEtc_SHB_12.11.2025_LS,SHB,918,19333,322.26,212.0,269.9,68.1,57.5,0.653,1
EagleCreekDrEtc_SHB_12.11.2025_LS,SHB,918,19334,322.27,193.5,269.4,81.8,58.8,0.6363,1
EagleCreekDrEtc_SHB_12.11.2025_LS,SHB,918,19335,322.29,181.1,268.7,82.6,59.6,0.729,1
EagleCreekDrEtc_SHB_12.11.2025_LS,SHB,918,19336,322.31,171.0,268.1,79.8,61.8,0.7173,1
EagleCreekDrEtc_SHB_12.11.2025_LS,SHB,918,19337,322.32,162.6,269.4,73.2,59.2,0.3094,1
EagleCreekDrEtc_SHB_12.11.2025_LS,SHB,918,19338,322.34,152.2,269.4,68.5,57.9,0.7676,1
EagleCreekDrEtc_SHB_12.11.2025_LS,SHB,918,19339,322.36,139.2,267.7,65.3,56.8,0.8104,1
EagleCreekDrEtc_SHB_12.11.2025_LS,SHB,918,19340,322.37,127.7,267.2,66.8,56.4,0.8243,1
EagleCreekDrEtc_SHB_12.11.2025_LS,SHB,918,19341,322.39,116.0,268.7,70.1,55.7,0.8131,1
EagleCreekDrEtc_SHB_12.11.2025_LS,SHB,918,19342,322.41,104.0,268.3,70.3,55.1,0.7959,1
EagleCreekDrEtc_SHB_12.11.2025_LS,SHB,918,19343,322.42,93.5,268.1,69.2,54.5,0.8034,1
EagleCreekDrEtc_SHB_12.11.2025_LS,SHB,918,19344,322.44,81.7,270.2,66.6,54.5,0.8148,1
EagleCreekDrEtc_SHB_12.11.2025_LS,SHB,918,19345,322.46,70.9,271.0,66.0,54.0,0.8075,1
EagleCreekDrEtc_SHB_12.11.2025_LS,SHB,918,19346,322.47,60.1,271.1,64.5,52.0,0.8109,1
EagleCreekDrEtc_SHB_12.11.2025_LS,SHB,918,19347,322.49,48.7,271.2,64.8,50.2,0.8138,1
EagleCreekDrEtc_SHB_12.11.2025_LS,SHB,918,19348,322.51,37.6,270.6,63.6,49.4,0.8316,1
EagleCreekDrEtc_SHB_12.11.2025_LS,SHB,918,19349,322.52,29.9,270.6,59.8,50.5,0.8111,1
EagleCreekDrEtc_SHB_12.11.2025_LS,SHB,918,19350,322.54,25.0,270.9,50.1,53.0,0.7594,1
EagleCreekDrEtc_SHB_12.11.2025_LS,SHB,918,19351,322.56,19.2,271.9,38.5,55.1,0.7836,1
EagleCreekDrEtc_SHB_12.11.2025_LS,SHB,918,19352,322.57,15.6,272.7,31.2,55.3,0.795,1
EagleCreekDrEtc_SHB_12.11.2025_LS,SHB,918,19353,322.59,12.6,273.4,25.2,57.8,0.6801,1
EagleCreekDrEtc_SHB_12.11.2025_LS,SHB,918,19354,322.61,6.7,273.3,13.4,61.5,0.1739,1
EagleCreekDrEtc_SHB_12.11.2025_LS,SHB,934,20723,345.43,283.6,151.9,30.8,30.7,0.5105,0
EagleCreekDrEtc_SHB_12.11.2025_LS,SHB,934,20724,345.44,287.4,151.5,30.7,28.5,0.4191,0
EagleCreekDrEtc_SHB_12.11.2025_LS,SHB,934,20725,345.46,292.8,151.3,32.0,29.0,0.4707,0
EagleCreekDrEtc_SHB_12.11.2025_LS,SHB,934,20727,345.49,305.2,151.6,30.4,28.4,0.6636,0
EagleCreekDrEtc_SHB_12.11.2025_LS,SHB,934,20728,345.51,311.1,149.7,29.4,28.8,0.5506,0
EagleCreekDrEtc_SHB_12.11.2025_LS,SHB,935,20725,345.46,77.4,150.7,27.1,22.2,0.6535,1
EagleCreekDrEtc_SHB_12.11.2025_LS,SHB,935,20726,345.48,84.4,149.1,29.7,22.2,0.4742,1
EagleCreekDrEtc_SHB_12.11.2025_LS,SHB,935,20727,345.49,90.3,149.1,30.4,23.1,0.7096,1
EagleCreekDrEtc_SHB_12.11.2025_LS,SHB,935,20728,345.51,96.8,149.9,27.1,22.8,0.6651,1
EagleCreekDrEtc_SHB_12.11.2025_LS,SHB,935,20729,345.53,103.3,149.6,27.1,22.6,0.7068,1
EagleCreekDrEtc_SHB_12.11.2025_LS,SHB,935,20730,345.54,109.3,149.4,28.0,22.6,0.6643,1
EagleCreekDrEtc_SHB_12.11.2025_LS,SHB,935,20731,345.56,115.8,149.4,28.5,23.7,0.673,1
EagleCreekDrEtc_SHB_12.11.2025_LS,SHB,935,20732,345.58,122.0,148.2,30.4,25.4,0.7286,1
EagleCreekDrEtc_SHB_12.11.2025_LS,SHB,935,20733,345.59,127.7,147.9,30.7,25.3,0.7373,1
EagleCreekDrEtc_SHB_12.11.2025_LS,SHB,935,20734,345.61,133.6,147.3,30.6,25.2,0.7381,1
EagleCreekDrEtc_SHB_12.11.2025_LS,SHB,935,20735,345.63,137.7,149.0,31.6,24.7,0.4431,1
EagleCreekDrEtc_SHB_12.11.2025_LS,SHB,935,20736,345.64,146.2,147.9,28.6,22.9,0.715,1
EagleCreekDrEtc_SHB_12.11.2025_LS,SHB,935,20737,345.66,153.2,147.3,28.9,23.8,0.6014,1
EagleCreekDrEtc_SHB_12.11.2025_LS,SHB,935,20738,345.68,157.8,149.0,32.0,26.8,0.3937,1
EagleCreekDrEtc_SHB_12.11.2025_LS,SHB,935,20739,345.69,163.0,148.4,33.1,25.7,0.5042,1
EagleCreekDrEtc_SHB_12.11.2025_LS,SHB,935,20740,345.71,170.4,149.4,31.9,25.8,0.5946,1
EagleCreekDrEtc_SHB_12.11.2025_LS,SHB,935,20741,345.73,174.5,149.8,30.8,26.0,0.5431,1
EagleCreekDrEtc_SHB_12.11.2025_LS,SHB,935,20742,345.74,177.8,150.3,32.5,26.3,0.1884,1
EagleCreekDrEtc_SHB_12.11.2025_LS,SHB,935,20743,345.76,179.1,149.0,30.2,25.7,0.1143,1
EagleCreekDrEtc_SHB_12.11.2025_LS,SHB,944,20763,346.09,121.2,161.9,32.0,33.2,0.4258,0
EagleCreekDrEtc_SHB_12.11.2025_LS,SHB,944,20764,346.11,127.2,164.4,30.1,31.6,0.1232,0
EagleCreekDrEtc_SHB_12.11.2025_LS,SHB,944,20765,346.13,137.6,166.1,29.0,32.8,0.486,0
EagleCreekDrEtc_SHB_12.11.2025_LS,SHB,944,20766,346.14,144.2,167.4,29.1,33.4,0.2487,0
EagleCreekDrEtc_SHB_12.11.2025_LS,SHB,944,20770,346.21,167.2,171.4,28.5,29.4,0.3719,0
EagleCreekDrEtc_SHB_12.11.2025_LS,SHB,944,20774,346.28,190.0,172.9,26.8,28.3,0.3319,0
EagleCreekDrEtc_SHB_12.11.2025_LS,SHB,944,20775,346.29,196.0,175.9,27.0,28.3,0.1457,0
EagleCreekDrEtc_SHB_12.11.2025_LS,SHB,948,20777,346.33,220.9,175.2,31.2,29.2,0.4668,1
EagleCreekDrEtc_SHB_12.11.2025_LS,SHB,948,20778,346.34,227.2,175.3,31.9,29.6,0.5949,1
EagleCreekDrEtc_SHB_12.11.2025_LS,SHB,948,20779,346.36,235.3,176.9,32.2,31.5,0.4102,1
EagleCreekDrEtc_SHB_12.11.2025_LS,SHB,948,20780,346.38,243.0,178.9,32.0,32.5,0.2239,1
EagleCreekDrEtc_SHB_12.11.2025_LS,SHB,948,20781,346.39,251.5,181.4,30.7,32.7,0.1142,1
EagleCreekDrEtc_SHB_12.11.2025_LS,SHB,948,20782,346.41,257.2,181.4,30.1,33.6,0.115,1
EagleCreekDrEtc_SHB_12.11.2025_LS,SHB,948,20783,346.43,262.0,181.5,29.7,34.6,0.3028,1
EagleCreekDrEtc_SHB_12.11.2025_LS,SHB,948,20784,346.44,267.0,182.7,29.4,33.8,0.1115,1
EagleCreekDrEtc_SHB_12.11.2025_LS,SHB,948,20785,346.46,273.5,180.2,32.0,34.7,0.6511,1
EagleCreekDrEtc_SHB_12.11.2025_LS,SHB,948,20786,346.48,279.2,179.5,34.5,36.2,0.5428,1
EagleCreekDrEtc_SHB_12.11.2025_LS,SHB,948,20787,346.49,285.7,179.1,34.6,36.1,0.5585,1
EagleCreekDrEtc_SHB_12.11.2025_LS,SHB,948,20788,346.51,292.0,179.1,34.4,35.8,0.647,1
EagleCreekDrEtc_SHB_12.11.2025_LS,SHB,948,20789,346.53,297.2,179.4,32.9,34.6,0.7066,1
EagleCreekDrEtc_SHB_12.11.2025_LS,SHB,948,20790,346.54,303.3,178.8,31.4,32.8,0.6853,1
EagleCreekDrEtc_SHB_12.11.2025_LS,SHB,948,20791,346.56,309.1,177.6,30.5,31.5,0.7227,1
EagleCreekDrEtc_SHB_12.11.2025_LS,SHB,948,20792,346.58,313.3,176.8,30.1,29.1,0.5771,1
EagleCreekDrEtc_SHB_12.11.2025_LS,SHB,948,20793,346.59,321.8,177.2,30.5,30.5,0.6039,1
EagleCreekDrEtc_SHB_12.11.2025_LS,SHB,948,20794,346.61,327.1,176.7,29.5,29.6,0.705,1
EagleCreekDrEtc_SHB_12.11.2025_LS,SHB,948,20795,346.63,332.7,176.0,31.7,29.9,0.3449,1
EagleCreekDrEtc_SHB_12.11.2025_LS,SHB,948,20798,346.68,356.3,173.5,30.9,30.1,0.4748,1
EagleCreekDrEtc_SHB_12.11.2025_LS,SHB,948,20799,346.69,363.1,172.9,28.9,29.3,0.4466,1
EagleCreekDrEtc_SHB_12.11.2025_LS,SHB,948,20800,346.71,370.0,173.2,28.9,29.2,0.5934,1
EagleCreekDrEtc_SHB_12.11.2025_LS,SHB,948,20801,346.73,371.7,173.4,28.4,29.5,0.5109,1
EagleCreekDrEtc_SHB_12.11.2025_LS,SHB,948,20802,346.74,380.7,172.8,27.9,28.9,0.127,1
EagleCreekDrEtc_SHB_12.11.2025_LS,SHB,948,20803,346.76,388.9,173.3,28.0,29.6,0.3629,1
EagleCreekDrEtc_SHB_12.11.2025_LS,SHB,948,20804,346.78,393.4,174.0,28.0,30.9,0.5955,1
EagleCreekDrEtc_SHB_12.11.2025_LS,SHB,948,20805,346.79,397.5,173.6,28.6,31.2,0.7025,1
EagleCreekDrEtc_SHB_12.11.2025_LS,SHB,948,20806,346.81,400.7,173.9,30.2,31.8,0.5016,1
EagleCreekDrEtc_SHB_12.11.2025_LS,SHB,948,20810,346.88,431.3,173.2,30.1,30.6,0.5628,1
EagleCreekDrEtc_SHB_12.11.2025_LS,SHB,948,20811,346.89,435.4,173.5,29.9,29.8,0.5658,1
EagleCreekDrEtc_SHB_12.11.2025_LS,SHB,948,20812,346.91,442.2,173.4,30.7,31.6,0.6163,1
EagleCreekDrEtc_SHB_12.11.2025_LS,SHB,948,20813,346.93,449.7,173.6,31.9,32.5,0.6767,1
EagleCreekDrEtc_SHB_12.11.2025_LS,SHB,948,20814,346.94,455.7,172.9,30.9,32.8,0.7412,1
EagleCreekDrEtc_SHB_12.11.2025_LS,SHB,948,20815,346.96,461.5,172.3,30.6,32.4,0.6882,1
EagleCreekDrEtc_SHB_12.11.2025_LS,SHB,948,20816,346.98,467.1,172.2,28.5,30.1,0.7577,1
EagleCreekDrEtc_SHB_12.11.2025_LS,SHB,948,20817,346.99,472.0,172.5,27.0,29.9,0.7083,1
EagleCreekDrEtc_SHB_12.11.2025_LS,SHB,948,20818,347.01,479.4,171.9,28.2,29.5,0.1416,1
EagleCreekDrEtc_SHB_12.11.2025_LS,SHB,948,20825,347.13,522.0,172.6,30.0,32.2,0.4915,1
EagleCreekDrEtc_SHB_12.11.2025_LS,SHB,948,20826,347.14,525.3,173.5,30.9,32.4,0.5218,1
EagleCreekDrEtc_SHB_12.11.2025_LS,SHB,948,20827,347.16,529.9,173.3,31.4,33.4,0.622,1
EagleCreekDrEtc_SHB_12.11.2025_LS,SHB,948,20828,347.18,534.1,174.7,30.7,32.6,0.6554,1
EagleCreekDrEtc_SHB_12.11.2025_LS,SHB,948,20829,347.19,537.4,175.2,29.9,32.0,0.6211,1
EagleCreekDrEtc_SHB_12.11.2025_LS,SHB,948,20830,347.21,543.4,175.7,29.7,32.2,0.5494,1
EagleCreekDrEtc_SHB_12.11.2025_LS,SHB,948,20831,347.23,549.3,176.8,29.4,32.6,0.4009,1
EagleCreekDrEtc_SHB_12.11.2025_LS,SHB,948,20832,347.24,551.7,176.6,28.5,29.9,0.6674,1
EagleCreekDrEtc_SHB_12.11.2025_LS,SHB,948,20833,347.26,557.8,176.6,30.5,31.5,0.4574,1
EagleCreekDrEtc_SHB_12.11.2025_LS,SHB,948,20834,347.28,560.5,176.1,30.0,29.6,0.5676,1
EagleCreekDrEtc_SHB_12.11.2025_LS,SHB,948,20835,347.29,564.9,174.7,29.2,30.3,0.4585,1
EagleCreekDrEtc_SHB_12.11.2025_LS,SHB,948,20836,347.31,567.2,173.7,29.3,27.8,0.3829,1
EagleCreekDrEtc_SHB_12.11.2025_LS,SHB,948,20837,347.33,571.1,174.7,30.0,28.6,0.2017,1
EagleCreekDrEtc_SHB_12.11.2025_LS,SHB,948,20838,347.34,568.8,174.8,30.8,29.8,0.1126,1
EagleCreekDrEtc_SHB_12.11.2025_LS,SHB,949,20783,346.43,454.9,171.8,28.7,28.9,0.5829,0
EagleCreekDrEtc_SHB_12.11.2025_LS,SHB,949,20784,346.44,459.9,172.9,28.9,27.5,0.5906,0
EagleCreekDrEtc_SHB_12.11.2025_LS,SHB,949,20785,346.46,458.9,173.9,29.5,26.0,0.3421,0
EagleCreekDrEtc_SHB_12.11.2025_LS,SHB,951,20793,346.59,520.3,172.8,28.0,27.5,0.4925,0
EagleCreekDrEtc_SHB_12.11.2025_LS,SHB,951,20794,346.61,521.0,173.3,26.9,27.7,0.5126,0
EagleCreekDrEtc_SHB_12.11.2025_LS,SHB,951,20795,346.63,520.2,175.2,26.9,26.6,0.602,0
EagleCreekDrEtc_SHB_12.11.2025_LS,SHB,951,20796,346.64,520.7,175.2,27.3,25.8,0.5885,0
EagleCreekDrEtc_SHB_12.11.2025_LS,SHB,951,20797,346.66,521.1,175.6,27.8,26.2,0.5341,0
EagleCreekDrEtc_SHB_12.11.2025_LS,SHB,951,20798,346.68,524.2,175.6,27.0,24.7,0.4805,0
EagleCreekDrEtc_SHB_12.11.2025_LS,SHB,951,20799,346.69,524.5,176.1,26.5,24.4,0.6037,0
EagleCreekDrEtc_SHB_12.11.2025_LS,SHB,951,20800,346.71,524.2,175.7,26.0,24.1,0.5481,0
EagleCreekDrEtc_SHB_12.11.2025_LS,SHB,951,20801,346.73,526.2,175.7,26.0,23.8,0.3984,0
EagleCreekDrEtc_SHB_12.11.2025_LS,SHB,951,20802,346.74,527.0,175.3,26.0,23.8,0.247,0
EagleCreekDrEtc_SHB_12.11.2025_LS,SHB,952,20802,346.74,552.8,174.3,25.4,23.5,0.6171,0
EagleCreekDrEtc_SHB_12.11.2025_LS,SHB,952,20803,346.76,556.5,174.2,25.5,24.0,0.5946,0
EagleCreekDrEtc_SHB_12.11.2025_LS,SHB,952,20804,346.78,563.3,173.5,25.8,24.5,0.6743,0
EagleCreekDrEtc_SHB_12.11.2025_LS,SHB,952,20805,346.79,566.1,174.1,27.5,25.4,0.6241,0
EagleCreekDrEtc_SHB_12.11.2025_LS,SHB,952,20806,346.81,570.1,173.8,27.3,25.7,0.7166,0
EagleCreekDrEtc_SHB_12.11.2025_LS,SHB,952,20807,346.83,575.4,173.5,27.5,26.0,0.663,0
EagleCreekDrEtc_SHB_12.11.2025_LS,SHB,952,20808,346.84,577.9,173.7,28.4,27.0,0.643,0
EagleCreekDrEtc_SHB_12.11.2025_LS,SHB,952,20812,346.91,593.2,175.4,26.9,25.5,0.4388,0
EagleCreekDrEtc_SHB_12.11.2025_LS,SHB,952,20813,346.93,595.6,175.8,27.8,25.6,0.468,0
EagleCreekDrEtc_SHB_12.11.2025_LS,SHB,952,20814,346.94,597.3,175.5,28.3,26.0,0.4449,0
EagleCreekDrEtc_SHB_12.11.2025_LS,SHB,952,20815,346.96,601.9,175.3,28.6,24.7,0.2782,0
EagleCreekDrEtc_SHB_12.11.2025_LS,SHB,952,20816,346.98,609.8,175.3,26.4,23.5,0.244,0
EagleCreekDrEtc_SHB_12.11.2025_LS,SHB,952,20817,346.99,615.3,175.8,25.5,22.5,0.11,0
EagleCreekDrEtc_SHB_12.11.2025_LS,SHB,963,20876,347.98,222.1,324.7,23.9,19.6,0.5406,0
EagleCreekDrEtc_SHB_12.11.2025_LS,SHB,963,20877,347.99,219.0,325.6,25.1,21.3,0.1007,0
EagleCreekDrEtc_SHB_12.11.2025_LS,SHB,963,20878,348.01,214.5,326.3,24.0,22.5,0.1987,0
EagleCreekDrEtc_SHB_12.11.2025_LS,SHB,963,20879,348.03,212.0,325.0,22.0,20.2,0.3141,0
EagleCreekDrEtc_SHB_12.11.2025_LS,SHB,970,20887,348.16,316.7,189.3,27.3,21.0,0.3885,0
EagleCreekDrEtc_SHB_12.11.2025_LS,SHB,970,20888,348.18,319.1,188.7,25.5,20.5,0.432,0
EagleCreekDrEtc_SHB_12.11.2025_LS,SHB,970,20889,348.19,319.0,188.2,26.6,21.2,0.286,0
EagleCreekDrEtc_SHB_12.11.2025_LS,SHB,970,20890,348.21,319.9,187.5,26.3,21.5,0.327,0
EagleCreekDrEtc_SHB_12.11.2025_LS,SHB,970,20891,348.23,320.1,188.6,28.6,23.7,0.4807,0
EagleCreekDrEtc_SHB_12.11.2025_LS,SHB,970,20892,348.24,322.2,190.6,27.4,24.3,0.4201,0
EagleCreekDrEtc_SHB_12.11.2025_LS,SHB,970,20893,348.26,324.2,190.8,27.0,24.1,0.584,0
EagleCreekDrEtc_SHB_12.11.2025_LS,SHB,970,20894,348.28,325.0,190.6,24.4,22.5,0.5265,0
EagleCreekDrEtc_SHB_12.11.2025_LS,SHB,970,20895,348.29,323.8,190.3,22.5,21.2,0.5336,0
EagleCreekDrEtc_SHB_12.11.2025_LS,SHB,970,20896,348.31,321.4,189.8,22.1,21.0,0.4211,0
EagleCreekDrEtc_SHB_12.11.2025_LS,SHB,970,20897,348.33,320.0,189.7,22.0,21.4,0.3878,0
EagleCreekDrEtc_SHB_12.11.2025_LS,SHB,970,20898,348.34,318.4,189.3,23.7,21.4,0.3274,0
EagleCreekDrEtc_SHB_12.11.2025_LS,SHB,970,20899,348.36,313.0,189.9,25.1,21.1,0.4371,0
EagleCreekDrEtc_SHB_12.11.2025_LS,SHB,974,20920,348.71,296.0,185.1,21.6,21.1,0.5559,0
EagleCreekDrEtc_SHB_12.11.2025_LS,SHB,974,20921,348.73,295.1,186.1,21.0,20.2,0.5474,0
EagleCreekDrEtc_SHB_12.11.2025_LS,SHB,974,20922,348.74,295.4,184.5,20.4,25.5,0.4996,0
EagleCreekDrEtc_SHB_12.11.2025_LS,SHB,974,20925,348.79,289.9,183.4,21.0,29.4,0.3102,0
EagleCreekDrEtc_SHB_12.11.2025_LS,SHB,974,20926,348.81,288.5,185.2,18.4,26.6,0.5741,0
EagleCreekDrEtc_SHB_12.11.2025_LS,SHB,974,20927,348.83,286.4,185.0,20.2,26.3,0.5557,0
EagleCreekDrEtc_SHB_12.11.2025_LS,SHB,974,20928,348.84,284.2,185.6,21.5,24.8,0.3499,0
EagleCreekDrEtc_SHB_12.11.2025_LS,SHB,974,20930,348.88,276.9,184.5,23.7,22.0,0.4244,0
EagleCreekDrEtc_SHB_12.11.2025_LS,SHB,983,20985,349.79,614.5,163.8,24.1,17.5,0.5874,1
EagleCreekDrEtc_SHB_12.11.2025_LS,SHB,983,20986,349.81,612.3,163.6,24.0,18.4,0.7038,1
EagleCreekDrEtc_SHB_12.11.2025_LS,SHB,983,20987,349.83,611.5,164.2,23.9,18.9,0.6699,1
EagleCreekDrEtc_SHB_12.11.2025_LS,SHB,983,20988,349.84,609.4,164.3,24.2,19.8,0.6556,1
EagleCreekDrEtc_SHB_12.11.2025_LS,SHB,983,20989,349.86,607.3,164.7,25.3,21.5,0.6537,1
EagleCreekDrEtc_SHB_12.11.2025_LS,SHB,983,20990,349.88,606.3,164.3,25.5,22.8,0.709,1
EagleCreekDrEtc_SHB_12.11.2025_LS,SHB,983,20991,349.89,604.5,164.7,26.7,23.7,0.6803,1
EagleCreekDrEtc_SHB_12.11.2025_LS,SHB,983,20992,349.91,602.4,166.5,26.2,24.4,0.2383,1
EagleCreekDrEtc_SHB_12.11.2025_LS,SHB,983,20993,349.93,600.3,166.4,26.0,23.3,0.6833,1
EagleCreekDrEtc_SHB_12.11.2025_LS,SHB,983,20994,349.94,597.1,166.1,25.4,22.3,0.5091,1
EagleCreekDrEtc_SHB_12.11.2025_LS,SHB,983,20995,349.96,595.3,165.4,25.1,20.2,0.4447,1
EagleCreekDrEtc_SHB_12.11.2025_LS,SHB,983,20996,349.98,593.1,165.7,25.5,21.5,0.3838,1
EagleCreekDrEtc_SHB_12.11.2025_LS,SHB,983,20997,349.99,592.0,165.0,24.8,21.2,0.5037,1
EagleCreekDrEtc_SHB_12.11.2025_LS,SHB,983,20998,350.01,590.2,165.4,24.0,20.1,0.5718,1
EagleCreekDrEtc_SHB_12.11.2025_LS,SHB,983,20999,350.03,586.1,165.6,22.4,19.8,0.2714,1
EagleCreekDrEtc_SHB_12.11.2025_LS,SHB,983,21000,350.04,585.1,164.7,22.4,21.1,0.2115,1
EagleCreekDrEtc_SHB_12.11.2025_LS,SHB,983,21001,350.06,584.2,167.2,22.9,19.7,0.3022,1
EagleCreekDrEtc_SHB_12.11.2025_LS,SHB,983,21002,350.08,586.4,167.3,23.4,19.7,0.3905,1
EagleCreekDrEtc_SHB_12.11.2025_LS,SHB,983,21004,350.11,581.7,167.8,24.6,20.5,0.4335,1
EagleCreekDrEtc_SHB_12.11.2025_LS,SHB,983,21007,350.16,577.3,170.7,22.3,18.0,0.5008,1
EagleCreekDrEtc_SHB_12.11.2025_LS,SHB,983,21008,350.18,574.0,170.5,23.9,19.1,0.7086,1
EagleCreekDrEtc_SHB_12.11.2025_LS,SHB,983,21009,350.19,571.1,170.8,24.5,20.1,0.677,1
EagleCreekDrEtc_SHB_12.11.2025_LS,SHB,983,21010,350.21,568.7,171.3,24.1,19.2,0.6896,1
EagleCreekDrEtc_SHB_12.11.2025_LS,SHB,983,21013,350.26,568.9,172.7,23.4,17.8,0.4975,1
EagleCreekDrEtc_SHB_12.11.2025_LS,SHB,983,21014,350.28,566.3,173.0,24.1,18.0,0.4897,1
EagleCreekDrEtc_SHB_12.11.2025_LS,SHB,983,21015,350.29,561.5,173.2,24.8,18.5,0.6631,1
EagleCreekDrEtc_SHB_12.11.2025_LS,SHB,983,21016,350.31,558.2,174.2,24.7,18.8,0.6971,1
EagleCreekDrEtc_SHB_12.11.2025_LS,SHB,983,21017,350.33,556.1,174.7,23.6,18.7,0.3274,1
EagleCreekDrEtc_SHB_12.11.2025_LS,SHB,983,21018,350.34,555.5,173.7,23.5,20.0,0.2319,1
EagleCreekDrEtc_SHB_12.11.2025_LS,SHB,983,21019,350.36,553.3,173.4,24.8,20.8,0.7513,1
EagleCreekDrEtc_SHB_12.11.2025_LS,SHB,983,21020,350.38,553.0,172.5,24.8,20.9,0.7059,1
EagleCreekDrEtc_SHB_12.11.2025_LS,SHB,983,21021,350.39,551.1,172.5,25.9,21.3,0.6525,1
EagleCreekDrEtc_SHB_12.11.2025_LS,SHB,983,21022,350.41,547.5,172.7,25.3,20.5,0.6442,1
EagleCreekDrEtc_SHB_12.11.2025_LS,SHB,983,21023,350.43,545.1,173.4,25.8,20.4,0.7096,1
EagleCreekDrEtc_SHB_12.11.2025_LS,SHB,983,21024,350.44,543.5,173.9,24.8,18.8,0.6786,1
EagleCreekDrEtc_SHB_12.11.2025_LS,SHB,983,21025,350.46,540.8,175.4,24.3,19.4,0.6082,1
EagleCreekDrEtc_SHB_12.11.2025_LS,SHB,983,21026,350.48,540.5,176.3,25.0,19.7,0.2392,1
EagleCreekDrEtc_SHB_12.11.2025_LS,SHB,983,21030,350.54,530.3,174.8,23.0,19.9,0.4264,1
EagleCreekDrEtc_SHB_12.11.2025_LS,SHB,983,21031,350.56,528.7,176.3,23.4,19.9,0.4812,1
EagleCreekDrEtc_SHB_12.11.2025_LS,SHB,983,21032,350.58,526.3,176.5,23.5,19.8,0.5631,1
EagleCreekDrEtc_SHB_12.11.2025_LS,SHB,983,21033,350.59,525.9,177.2,22.9,20.8,0.6476,1
EagleCreekDrEtc_SHB_12.11.2025_LS,SHB,983,21034,350.61,523.5,178.5,22.8,21.0,0.7012,1
EagleCreekDrEtc_SHB_12.11.2025_LS,SHB,983,21035,350.63,522.9,179.7,23.7,21.0,0.621,1
EagleCreekDrEtc_SHB_12.11.2025_LS,SHB,983,21036,350.64,519.9,180.2,22.7,19.5,0.6933,1
EagleCreekDrEtc_SHB_12.11.2025_LS,SHB,983,21037,350.66,518.2,181.8,23.1,20.0,0.2455,1
EagleCreekDrEtc_SHB_12.11.2025_LS,SHB,983,21038,350.68,515.9,181.8,22.1,18.9,0.7422,1
EagleCreekDrEtc_SHB_12.11.2025_LS,SHB,983,21039,350.69,514.8,182.1,22.3,18.3,0.6651,1
EagleCreekDrEtc_SHB_12.11.2025_LS,SHB,983,21040,350.71,513.8,184.1,22.0,18.7,0.7095,1
EagleCreekDrEtc_SHB_12.11.2025_LS,SHB,983,21041,350.73,511.5,184.1,23.1,19.3,0.6561,1
EagleCreekDrEtc_SHB_12.11.2025_LS,SHB,983,21042,350.74,509.3,185.9,22.4,20.4,0.7268,1
EagleCreekDrEtc_SHB_12.11.2025_LS,SHB,983,21043,350.76,506.4,187.3,22.8,20.1,0.7133,1
EagleCreekDrEtc_SHB_12.11.2025_LS,SHB,983,21044,350.78,505.0,187.7,22.8,20.6,0.7221,1
EagleCreekDrEtc_SHB_12.11.2025_LS,SHB,983,21045,350.79,502.7,189.0,23.8,20.2,0.7781,1
EagleCreekDrEtc_SHB_12.11.2025_LS,SHB,983,21046,350.81,500.1,189.6,23.7,19.6,0.7577,1
EagleCreekDrEtc_SHB_12.11.2025_LS,SHB,983,21047,350.83,496.9,190.9,24.7,19.9,0.6801,1
EagleCreekDrEtc_SHB_12.11.2025_LS,SHB,983,21048,350.84,496.0,192.0,24.5,19.8,0.5558,1
EagleCreekDrEtc_SHB_12.11.2025_LS,SHB,983,21050,350.88,491.6,192.6,23.9,19.8,0.3736,1
EagleCreekDrEtc_SHB_12.11.2025_LS,SHB,983,21051,350.89,489.6,193.0,23.3,20.3,0.2237,1
EagleCreekDrEtc_SHB_12.11.2025_LS,SHB,983,21052,350.91,488.3,192.5,22.6,19.4,0.5998,1
EagleCreekDrEtc_SHB_12.11.2025_LS,SHB,983,21053,350.93,486.2,192.8,21.8,18.6,0.4991,1
EagleCreekDrEtc_SHB_12.11.2025_LS,SHB,983,21054,350.94,484.9,193.9,22.1,18.7,0.5991,1
EagleCreekDrEtc_SHB_12.11.2025_LS,SHB,983,21055,350.96,483.1,195.3,21.9,19.1,0.7341,1
EagleCreekDrEtc_SHB_12.11.2025_LS,SHB,983,21056,350.98,480.7,195.5,22.9,19.5,0.7239,1
EagleCreekDrEtc_SHB_12.11.2025_LS,SHB,983,21057,350.99,479.3,195.8,22.5,19.4,0.7447,1
EagleCreekDrEtc_SHB_12.11.2025_LS,SHB,983,21058,351.01,478.1,196.5,22.1,19.4,0.7477,1
EagleCreekDrEtc_SHB_12.11.2025_LS,SHB,983,21059,351.03,476.1,197.5,22.7,19.4,0.7213,1
EagleCreekDrEtc_SHB_12.11.2025_LS,SHB,983,21060,351.04,473.4,198.9,23.1,19.6,0.6679,1
EagleCreekDrEtc_SHB_12.11.2025_LS,SHB,983,21061,351.06,471.3,199.1,22.5,18.8,0.4502,1
EagleCreekDrEtc_SHB_12.11.2025_LS,SHB,983,21062,351.08,470.5,199.1,21.6,17.8,0.354,1
EagleCreekDrEtc_SHB_12.11.2025_LS,SHB,983,21063,351.09,469.8,199.4,22.3,18.9,0.4525,1
EagleCreekDrEtc_SHB_12.11.2025_LS,SHB,983,21064,351.11,467.9,199.7,23.5,19.7,0.6651,1
EagleCreekDrEtc_SHB_12.11.2025_LS,SHB,983,21065,351.13,466.7,199.8,24.1,20.1,0.6763,1
EagleCreekDrEtc_SHB_12.11.2025_LS,SHB,983,21066,351.14,464.4,199.2,23.5,19.6,0.5972,1
EagleCreekDrEtc_SHB_12.11.2025_LS,SHB,983,21067,351.16,462.7,199.3,23.5,19.1,0.6588,1
EagleCreekDrEtc_SHB_12.11.2025_LS,SHB,983,21068,351.18,460.2,199.0,23.8,19.0,0.5972,1
EagleCreekDrEtc_SHB_12.11.2025_LS,SHB,983,21069,351.19,456.3,199.6,23.7,18.8,0.5333,1
EagleCreekDrEtc_SHB_12.11.2025_LS,SHB,983,21070,351.21,455.2,200.0,23.0,18.6,0.3627,1
EagleCreekDrEtc_SHB_12.11.2025_LS,SHB,983,21074,351.28,448.9,206.7,23.1,19.0,0.3733,1
EagleCreekDrEtc_SHB_12.11.2025_LS,SHB,983,21075,351.29,445.5,208.6,23.3,19.8,0.4908,1
EagleCreekDrEtc_SHB_12.11.2025_LS,SHB,983,21076,351.31,443.0,210.3,24.2,20.7,0.5304,1
EagleCreekDrEtc_SHB_12.11.2025_LS,SHB,983,21077,351.33,441.3,210.3,25.5,21.7,0.4297,1
EagleCreekDrEtc_SHB_12.11.2025_LS,SHB,983,21078,351.34,440.5,210.5,25.8,21.9,0.5532,1
EagleCreekDrEtc_SHB_12.11.2025_LS,SHB,983,21079,351.36,438.9,211.0,24.8,23.1,0.4126,1
EagleCreekDrEtc_SHB_12.11.2025_LS,SHB,983,21080,351.38,435.3,210.7,24.3,21.6,0.1313,1
EagleCreekDrEtc_SHB_12.11.2025_LS,SHB,993,21085,351.46,433.6,213.5,23.3,19.8,0.4768,0
EagleCreekDrEtc_SHB_12.11.2025_LS,SHB,993,21086,351.48,427.4,215.3,23.9,19.9,0.4968,0
EagleCreekDrEtc_SHB_12.11.2025_LS,SHB,993,21087,351.49,425.0,215.8,24.3,20.3,0.6452,0
EagleCreekDrEtc_SHB_12.11.2025_LS,SHB,993,21088,351.51,422.7,216.9,24.2,20.3,0.6773,0
EagleCreekDrEtc_SHB_12.11.2025_LS,SHB,993,21089,351.53,422.3,217.9,24.6,20.6,0.6418,0
EagleCreekDrEtc_SHB_12.11.2025_LS,SHB,993,21090,351.54,420.6,218.5,23.9,20.3,0.6678,0
EagleCreekDrEtc_SHB_12.11.2025_LS,SHB,993,21091,351.56,420.3,219.2,24.2,20.2,0.6616,0
EagleCreekDrEtc_SHB_12.11.2025_LS,SHB,993,21092,351.58,420.1,218.7,24.7,20.7,0.6126,0
EagleCreekDrEtc_SHB_12.11.2025_LS,SHB,993,21093,351.59,419.1,217.8,24.5,20.8,0.5507,0
EagleCreekDrEtc_SHB_12.11.2025_LS,SHB,993,21094,351.61,414.9,216.5,22.8,19.5,0.4492,0
EagleCreekDrEtc_SHB_12.11.2025_LS,SHB,993,21098,351.68,415.4,213.9,21.5,18.6,0.444,0
EagleCreekDrEtc_SHB_12.11.2025_LS,SHB,993,21099,351.69,415.0,212.7,22.1,19.3,0.3378,0
EagleCreekDrEtc_SHB_12.11.2025_LS,SHB,995,21101,351.73,407.8,207.2,23.9,20.3,0.5756,1
EagleCreekDrEtc_SHB_12.11.2025_LS,SHB,995,21102,351.74,406.6,206.1,24.3,20.8,0.6228,1
EagleCreekDrEtc_SHB_12.11.2025_LS,SHB,995,21103,351.76,404.2,208.3,25.4,21.0,0.4676,1
EagleCreekDrEtc_SHB_12.11.2025_LS,SHB,995,21104,351.78,405.8,208.5,26.0,20.8,0.4804,1
EagleCreekDrEtc_SHB_12.11.2025_LS,SHB,995,21108,351.84,400.3,205.8,22.8,19.3,0.6588,1
EagleCreekDrEtc_SHB_12.11.2025_LS,SHB,995,21109,351.86,398.5,205.6,23.0,19.8,0.7012,1
EagleCreekDrEtc_SHB_12.11.2025_LS,SHB,995,21110,351.88,397.2,206.0,23.1,20.7,0.6785,1
EagleCreekDrEtc_SHB_12.11.2025_LS,SHB,995,21111,351.89,395.6,205.6,23.2,21.4,0.727,1
EagleCreekDrEtc_SHB_12.11.2025_LS,SHB,995,21112,351.91,393.9,205.2,21.7,19.9,0.7266,1
EagleCreekDrEtc_SHB_12.11.2025_LS,SHB,995,21113,351.93,393.2,205.7,22.4,20.1,0.698,1
EagleCreekDrEtc_SHB_12.11.2025_LS,SHB,995,21114,351.94,391.2,205.7,22.3,20.5,0.7646,1
EagleCreekDrEtc_SHB_12.11.2025_LS,SHB,995,21115,351.96,388.9,206.0,22.5,20.8,0.7206,1
EagleCreekDrEtc_SHB_12.11.2025_LS,SHB,995,21116,351.98,387.9,206.3,22.2,20.4,0.7575,1
EagleCreekDrEtc_SHB_12.11.2025_LS,SHB,995,21117,351.99,385.6,207.0,22.0,19.7,0.7242,1
EagleCreekDrEtc_SHB_12.11.2025_LS,SHB,995,21118,352.01,382.5,208.2,22.9,19.8,0.7328,1
EagleCreekDrEtc_SHB_12.11.2025_LS,SHB,995,21119,352.03,379.3,209.3,23.6,20.2,0.713,1
EagleCreekDrEtc_SHB_12.11.2025_LS,SHB,995,21120,352.04,378.9,210.3,21.9,18.4,0.5125,1
EagleCreekDrEtc_SHB_12.11.2025_LS,SHB,995,21121,352.06,380.3,210.9,20.5,17.2,0.5085,1
EagleCreekDrEtc_SHB_12.11.2025_LS,SHB,995,21122,352.08,373.2,212.2,21.3,17.4,0.1464,1
EagleCreekDrEtc_SHB_12.11.2025_LS,SHB,995,21123,352.09,370.9,213.1,21.1,17.9,0.5374,1
EagleCreekDrEtc_SHB_12.11.2025_LS,SHB,995,21124,352.11,369.7,214.5,21.8,18.8,0.6342,1
EagleCreekDrEtc_SHB_12.11.2025_LS,SHB,995,21125,352.13,367.9,216.7,22.3,19.3,0.6141,1
EagleCreekDrEtc_SHB_12.11.2025_LS,SHB,995,21126,352.14,366.4,217.4,22.4,19.3,0.5919,1
EagleCreekDrEtc_SHB_12.11.2025_LS,SHB,995,21127,352.16,365.0,217.5,23.4,19.8,0.6391,1
EagleCreekDrEtc_SHB_12.11.2025_LS,SHB,995,21128,352.18,362.4,217.3,23.0,19.9,0.6976,1
EagleCreekDrEtc_SHB_12.11.2025_LS,SHB,995,21129,352.19,359.7,216.4,23.2,20.0,0.6867,1
EagleCreekDrEtc_SHB_12.11.2025_LS,SHB,995,21130,352.21,357.6,216.7,22.7,20.1,0.7243,1
EagleCreekDrEtc_SHB_12.11.2025_LS,SHB,995,21131,352.23,355.1,215.6,23.4,20.1,0.7049,1
EagleCreekDrEtc_SHB_12.11.2025_LS,SHB,995,21132,352.24,351.9,214.8,22.9,20.4,0.6984,1
EagleCreekDrEtc_SHB_12.11.2025_LS,SHB,995,21133,352.26,348.8,214.6,22.3,20.2,0.7271,1
EagleCreekDrEtc_SHB_12.11.2025_LS,SHB,995,21134,352.28,345.6,213.9,22.8,20.6,0.7355,1
EagleCreekDrEtc_SHB_12.11.2025_LS,SHB,995,21135,352.29,343.3,213.9,22.3,20.0,0.7471,1
EagleCreekDrEtc_SHB_12.11.2025_LS,SHB,995,21136,352.31,341.1,213.9,23.0,20.8,0.7348,1
EagleCreekDrEtc_SHB_12.11.2025_LS,SHB,995,21137,352.33,338.6,214.1,22.9,20.7,0.6943,1
EagleCreekDrEtc_SHB_12.11.2025_LS,SHB,995,21138,352.34,335.5,215.1,23.3,20.5,0.7349,1
EagleCreekDrEtc_SHB_12.11.2025_LS,SHB,995,21139,352.36,332.0,215.1,23.7,20.2,0.7422,1
EagleCreekDrEtc_SHB_12.11.2025_LS,SHB,995,21140,352.38,328.8,216.3,23.3,19.6,0.7279,1
EagleCreekDrEtc_SHB_12.11.2025_LS,SHB,995,21141,352.39,326.1,217.6,23.2,20.4,0.7009,1
EagleCreekDrEtc_SHB_12.11.2025_LS,SHB,995,21142,352.41,323.0,217.4,23.2,20.0,0.6653,1
EagleCreekDrEtc_SHB_12.11.2025_LS,SHB,995,21143,352.43,319.0,217.7,22.9,19.8,0.6919,1
EagleCreekDrEtc_SHB_12.11.2025_LS,SHB,995,21144,352.44,315.5,217.4,22.6,19.3,0.7249,1
EagleCreekDrEtc_SHB_12.11.2025_LS,SHB,995,21145,352.46,313.3,217.2,22.5,19.5,0.6723,1
EagleCreekDrEtc_SHB_12.11.2025_LS,SHB,995,21146,352.48,309.9,217.6,22.3,19.0,0.594,1
EagleCreekDrEtc_SHB_12.11.2025_LS,SHB,995,21147,352.49,308.9,218.3,20.7,17.7,0.5202,1
EagleCreekDrEtc_SHB_12.11.2025_LS,SHB,995,21148,352.51,306.2,219.7,20.9,17.7,0.5896,1
EagleCreekDrEtc_SHB_12.11.2025_LS,SHB,995,21149,352.53,300.6,219.4,22.7,19.8,0.5131,1
EagleCreekDrEtc_SHB_12.11.2025_LS,SHB,995,21150,352.54,296.3,218.7,22.9,19.4,0.1549,1
EagleCreekDrEtc_SHB_12.11.2025_LS,SHB,998,21148,352.51,576.0,211.6,23.5,20.3,0.4721,0
EagleCreekDrEtc_SHB_12.11.2025_LS,SHB,998,21149,352.53,570.5,209.3,25.0,21.9,0.3776,0
EagleCreekDrEtc_SHB_12.11.2025_LS,SHB,998,21150,352.54,568.6,209.9,24.2,20.9,0.4493,0
EagleCreekDrEtc_SHB_12.11.2025_LS,SHB,998,21151,352.56,565.8,210.2,24.0,20.5,0.3133,0
EagleCreekDrEtc_SHB_12.11.2025_LS,SHB,999,21154,352.61,551.0,221.8,31.3,29.2,0.5849,1
EagleCreekDrEtc_SHB_12.11.2025_LS,SHB,999,21155,352.63,547.5,222.8,33.7,29.8,0.5862,1
EagleCreekDrEtc_SHB_12.11.2025_LS,SHB,999,21156,352.64,541.4,224.6,36.5,30.2,0.6597,1
EagleCreekDrEtc_SHB_12.11.2025_LS,SHB,999,21157,352.66,535.3,224.8,36.5,29.8,0.6846,1
EagleCreekDrEtc_SHB_12.11.2025_LS,SHB,999,21158,352.68,531.1,226.5,34.9,29.7,0.7148,1
EagleCreekDrEtc_SHB_12.11.2025_LS,SHB,999,21159,352.69,523.3,227.7,35.0,30.1,0.7364,1
EagleCreekDrEtc_SHB_12.11.2025_LS,SHB,999,21160,352.71,519.5,227.6,33.2,29.3,0.7283,1
EagleCreekDrEtc_SHB_12.11.2025_LS,SHB,999,21161,352.73,515.6,228.2,32.6,29.3,0.7232,1
EagleCreekDrEtc_SHB_12.11.2025_LS,SHB,999,21162,352.74,509.4,228.9,31.7,28.2,0.7498,1
EagleCreekDrEtc_SHB_12.11.2025_LS,SHB,999,21163,352.76,506.6,228.3,33.5,29.4,0.7149,1
EagleCreekDrEtc_SHB_12.11.2025_LS,SHB,999,21164,352.78,499.7,229.4,34.3,28.8,0.7017,1
EagleCreekDrEtc_SHB_12.11.2025_LS,SHB,999,21165,352.79,493.5,230.2,33.3,28.1,0.7872,1
EagleCreekDrEtc_SHB_12.11.2025_LS,SHB,999,21166,352.81,489.4,230.5,32.7,28.5,0.7504,1
EagleCreekDrEtc_SHB_12.11.2025_LS,SHB,999,21167,352.83,485.5,231.1,33.4,29.4,0.71,1
EagleCreekDrEtc_SHB_12.11.2025_LS,SHB,999,21168,352.84,481.2,232.2,32.4,28.1,0.7098,1
EagleCreekDrEtc_SHB_12.11.2025_LS,SHB,999,21169,352.86,479.5,232.2,31.5,27.4,0.5945,1
EagleCreekDrEtc_SHB_12.11.2025_LS,SHB,999,21171,352.89,470.3,232.9,32.5,26.8,0.5898,1
EagleCreekDrEtc_SHB_12.11.2025_LS,SHB,999,21172,352.91,464.9,234.3,34.5,28.2,0.7072,1
EagleCreekDrEtc_SHB_12.11.2025_LS,SHB,999,21173,352.93,456.8,235.8,33.6,27.4,0.6531,1
EagleCreekDrEtc_SHB_12.11.2025_LS,SHB,999,21174,352.94,450.8,236.7,33.8,28.1,0.7396,1
EagleCreekDrEtc_SHB_12.11.2025_LS,SHB,999,21175,352.96,444.7,236.9,33.5,27.6,0.7722,1
EagleCreekDrEtc_SHB_12.11.2025_LS,SHB,999,21176,352.98,440.2,238.2,33.4,28.9,0.7205,1
EagleCreekDrEtc_SHB_12.11.2025_LS,SHB,999,21177,352.99,435.7,238.6,31.1,27.5,0.7022,1
EagleCreekDrEtc_SHB_12.11.2025_LS,SHB,999,21178,353.01,428.7,239.3,30.9,27.2,0.6323,1
EagleCreekDrEtc_SHB_12.11.2025_LS,SHB,999,21179,353.03,423.3,239.3,33.0,28.0,0.601,1
EagleCreekDrEtc_SHB_12.11.2025_LS,SHB,999,21180,353.04,420.2,238.7,31.4,26.4,0.1923,1
EagleCreekDrEtc_SHB_12.11.2025_LS,SHB,999,21187,353.16,378.1,246.9,31.2,25.8,0.6713,1
EagleCreekDrEtc_SHB_12.11.2025_LS,SHB,999,21188,353.18,374.8,248.0,30.5,25.3,0.3336,1
EagleCreekDrEtc_SHB_12.11.2025_LS,SHB,999,21189,353.19,368.9,249.1,30.8,26.0,0.6203,1
EagleCreekDrEtc_SHB_12.11.2025_LS,SHB,999,21190,353.21,363.1,250.4,29.5,25.2,0.6829,1
EagleCreekDrEtc_SHB_12.11.2025_LS,SHB,999,21191,353.23,357.4,251.7,29.4,25.5,0.6846,1
EagleCreekDrEtc_SHB_12.11.2025_LS,SHB,999,21192,353.24,350.5,253.2,30.0,25.5,0.3584,1
EagleCreekDrEtc_SHB_12.11.2025_LS,SHB,999,21193,353.26,344.1,255.6,31.3,26.8,0.3656,1
EagleCreekDrEtc_SHB_12.11.2025_LS,SHB,999,21194,353.28,340.1,258.2,33.2,27.0,0.5701,1
EagleCreekDrEtc_SHB_12.11.2025_LS,SHB,999,21195,353.29,338.8,258.3,33.5,28.1,0.4925,1
EagleCreekDrEtc_SHB_12.11.2025_LS,SHB,999,21206,353.48,272.3,277.3,35.5,30.4,0.4485,1
EagleCreekDrEtc_SHB_12.11.2025_LS,SHB,999,21207,353.49,266.4,278.3,36.1,30.2,0.6943,1
EagleCreekDrEtc_SHB_12.11.2025_LS,SHB,999,21208,353.51,262.2,280.2,34.3,29.6,0.5782,1
EagleCreekDrEtc_SHB_12.11.2025_LS,SHB,999,21209,353.53,256.9,281.0,36.1,31.5,0.517,1
EagleCreekDrEtc_SHB_12.11.2025_LS,SHB,999,21210,353.54,251.2,281.5,36.5,30.8,0.5094,1
EagleCreekDrEtc_SHB_12.11.2025_LS,SHB,999,21211,353.56,245.1,285.2,36.4,32.1,0.2994,1
EagleCreekDrEtc_SHB_12.11.2025_LS,SHB,999,21212,353.58,238.6,288.4,35.8,31.2,0.3207,1
EagleCreekDrEtc_SHB_12.11.2025_LS,SHB,999,21213,353.59,232.8,290.0,35.6,31.3,0.3084,1
EagleCreekDrEtc_SHB_12.11.2025_LS,SHB,999,21214,353.61,229.7,290.1,35.3,29.1,0.3856,1
EagleCreekDrEtc_SHB_12.11.2025_LS,SHB,999,21215,353.63,222.9,291.4,34.3,30.0,0.4114,1
EagleCreekDrEtc_SHB_12.11.2025_LS,SHB,999,21216,353.64,217.6,294.1,33.7,28.5,0.5058,1
EagleCreekDrEtc_SHB_12.11.2025_LS,SHB,999,21217,353.66,212.6,295.0,34.0,28.5,0.5899,1
EagleCreekDrEtc_SHB_12.11.2025_LS,SHB,999,21218,353.68,204.6,295.3,32.9,27.3,0.6916,1
EagleCreekDrEtc_SHB_12.11.2025_LS,SHB,999,21219,353.69,199.6,295.2,31.6,27.4,0.6901,1
EagleCreekDrEtc_SHB_12.11.2025_LS,SHB,999,21220,353.71,192.8,294.4,31.3,27.2,0.674,1
EagleCreekDrEtc_SHB_12.11.2025_LS,SHB,999,21221,353.73,190.9,293.8,31.5,27.3,0.5832,1
EagleCreekDrEtc_SHB_12.11.2025_LS,SHB,999,21222,353.74,187.2,294.2,30.1,26.6,0.6493,1
EagleCreekDrEtc_SHB_12.11.2025_LS,SHB,999,21223,353.76,177.7,292.7,31.4,27.5,0.5867,1
EagleCreekDrEtc_SHB_12.11.2025_LS,SHB,999,21224,353.78,172.5,292.9,32.3,27.7,0.5006,1
EagleCreekDrEtc_SHB_12.11.2025_LS,SHB,999,21225,353.79,167.5,292.2,33.8,29.3,0.4094,1
EagleCreekDrEtc_SHB_12.11.2025_LS,SHB,999,21226,353.81,160.5,291.5,32.4,28.1,0.4131,1
EagleCreekDrEtc_SHB_12.11.2025_LS,SHB,999,21227,353.83,153.8,291.8,31.3,27.2,0.6268,1
EagleCreekDrEtc_SHB_12.11.2025_LS,SHB,999,21228,353.84,144.3,291.1,29.4,26.0,0.4419,1
EagleCreekDrEtc_SHB_12.11.2025_LS,SHB,999,21229,353.86,139.3,291.5,32.0,26.8,0.3907,1
EagleCreekDrEtc_SHB_12.11.2025_LS,SHB,999,21230,353.88,133.7,290.0,30.0,26.1,0.6262,1
EagleCreekDrEtc_SHB_12.11.2025_LS,SHB,999,21231,353.89,124.6,289.4,31.5,26.2,0.6837,1
EagleCreekDrEtc_SHB_12.11.2025_LS,SHB,999,21232,353.91,119.2,288.7,31.9,26.4,0.6665,1
EagleCreekDrEtc_SHB_12.11.2025_LS,SHB,999,21233,353.93,115.1,288.5,30.6,25.9,0.7236,1
EagleCreekDrEtc_SHB_12.11.2025_LS,SHB,999,21234,353.94,108.8,288.4,29.9,26.3,0.7152,1
EagleCreekDrEtc_SHB_12.11.2025_LS,SHB,999,21235,353.96,101.5,288.1,29.6,26.0,0.6914,1
EagleCreekDrEtc_SHB_12.11.2025_LS,SHB,999,21236,353.98,96.1,288.3,29.0,25.7,0.6737,1
EagleCreekDrEtc_SHB_12.11.2025_LS,SHB,999,21237,353.99,91.4,287.3,29.4,25.8,0.6977,1
EagleCreekDrEtc_SHB_12.11.2025_LS,SHB,999,21238,354.01,86.8,287.6,31.5,26.7,0.6644,1
EagleCreekDrEtc_SHB_12.11.2025_LS,SHB,999,21239,354.03,82.7,287.4,29.2,26.4,0.6654,1
EagleCreekDrEtc_SHB_12.11.2025_LS,SHB,999,21240,354.05,75.5,289.5,29.2,24.6,0.6946,1
EagleCreekDrEtc_SHB_12.11.2025_LS,SHB,999,21241,354.06,69.8,290.4,27.6,23.0,0.6902,1
EagleCreekDrEtc_SHB_12.11.2025_LS,SHB,999,21242,354.08,64.5,289.9,24.7,21.1,0.6652,1
EagleCreekDrEtc_SHB_12.11.2025_LS,SHB,999,21243,354.1,59.5,291.5,24.5,21.1,0.4925,1
EagleCreekDrEtc_SHB_12.11.2025_LS,SHB,1000,21158,352.68,260.0,229.5,21.9,18.3,0.5718,1
EagleCreekDrEtc_SHB_12.11.2025_LS,SHB,1000,21159,352.69,256.5,228.1,22.6,18.7,0.5097,1
EagleCreekDrEtc_SHB_12.11.2025_LS,SHB,1000,21160,352.71,249.5,228.7,21.8,18.5,0.3527,1
EagleCreekDrEtc_SHB_12.11.2025_LS,SHB,1000,21161,352.73,244.7,227.8,20.7,18.6,0.3976,1
EagleCreekDrEtc_SHB_12.11.2025_LS,SHB,1000,21163,352.76,237.4,230.1,22.1,18.1,0.5212,1
EagleCreekDrEtc_SHB_12.11.2025_LS,SHB,1000,21164,352.78,233.7,230.6,21.9,17.4,0.233,1
EagleCreekDrEtc_SHB_12.11.2025_LS,SHB,1000,21169,352.86,210.7,236.6,21.8,19.3,0.5078,1
EagleCreekDrEtc_SHB_12.11.2025_LS,SHB,1000,21170,352.88,206.7,240.5,21.4,19.3,0.3878,1
EagleCreekDrEtc_SHB_12.11.2025_LS,SHB,1000,21171,352.89,201.4,239.8,22.5,20.6,0.5259,1
EagleCreekDrEtc_SHB_12.11.2025_LS,SHB,1000,21172,352.91,196.7,240.6,23.1,21.6,0.5453,1
EagleCreekDrEtc_SHB_12.11.2025_LS,SHB,1000,21173,352.93,191.7,241.2,22.3,20.5,0.6104,1
EagleCreekDrEtc_SHB_12.11.2025_LS,SHB,1000,21174,352.94,186.9,241.6,22.0,20.1,0.5882,1
EagleCreekDrEtc_SHB_12.11.2025_LS,SHB,1000,21175,352.96,181.9,240.3,22.4,20.2,0.5686,1
EagleCreekDrEtc_SHB_12.11.2025_LS,SHB,1000,21176,352.98,179.8,241.5,23.0,20.4,0.206,1
EagleCreekDrEtc_SHB_12.11.2025_LS,SHB,1000,21181,353.06,147.2,247.9,20.5,18.2,0.6554,1
EagleCreekDrEtc_SHB_12.11.2025_LS,SHB,1000,21182,353.08,144.8,248.6,20.4,18.3,0.6782,1
EagleCreekDrEtc_SHB_12.11.2025_LS,SHB,1000,21186,353.14,119.5,253.4,21.1,19.0,0.6858,1
EagleCreekDrEtc_SHB_12.11.2025_LS,SHB,1000,21187,353.16,112.7,254.3,21.7,19.0,0.6146,1
EagleCreekDrEtc_SHB_12.11.2025_LS,SHB,1000,21188,353.18,108.1,254.9,22.7,20.2,0.4769,1
EagleCreekDrEtc_SHB_12.11.2025_LS,SHB,1000,21189,353.19,102.2,256.5,22.2,20.2,0.5176,1
EagleCreekDrEtc_SHB_12.11.2025_LS,SHB,1000,21190,353.21,95.9,257.6,22.0,19.7,0.4658,1
EagleCreekDrEtc_SHB_12.11.2025_LS,SHB,1000,21191,353.23,90.3,259.9,22.4,20.1,0.5183,1
EagleCreekDrEtc_SHB_12.11.2025_LS,SHB,1000,21192,353.24,86.2,260.0,21.4,19.1,0.6618,1
EagleCreekDrEtc_SHB_12.11.2025_LS,SHB,1000,21199,353.36,49.0,272.4,21.9,19.9,0.3136,1
EagleCreekDrEtc_SHB_12.11.2025_LS,SHB,1000,21200,353.38,41.8,275.5,21.7,19.5,0.1723,1
EagleCreekDrEtc_SHB_12.11.2025_LS,SHB,1000,21201,353.39,33.3,279.1,21.7,18.9,0.6806,1
EagleCreekDrEtc_SHB_12.11.2025_LS,SHB,1000,21202,353.41,26.9,280.7,21.2,18.7,0.6593,1
EagleCreekDrEtc_SHB_12.11.2025_LS,SHB,1000,21203,353.43,21.6,282.2,21.8,19.2,0.6834,1
EagleCreekDrEtc_SHB_12.11.2025_LS,SHB,1000,21204,353.44,16.3,282.8,22.6,19.4,0.5874,1
EagleCreekDrEtc_SHB_12.11.2025_LS,SHB,1000,21205,353.46,11.4,285.1,22.8,19.3,0.4995,1
EagleCreekDrEtc_SHB_12.11.2025_LS,SHB,1015,21269,354.53,285.8,269.1,31.0,23.8,0.7075,1
EagleCreekDrEtc_SHB_12.11.2025_LS,SHB,1015,21270,354.55,280.0,267.4,30.4,23.7,0.5719,1
EagleCreekDrEtc_SHB_12.11.2025_LS,SHB,1015,21271,354.56,274.8,267.8,28.6,21.9,0.4844,1
EagleCreekDrEtc_SHB_12.11.2025_LS,SHB,1015,21272,354.58,269.4,266.1,27.5,21.1,0.5535,1
EagleCreekDrEtc_SHB_12.11.2025_LS,SHB,1015,21280,354.71,228.5,261.3,30.5,22.0,0.5164,1
EagleCreekDrEtc_SHB_12.11.2025_LS,SHB,1015,21281,354.73,224.1,261.6,29.3,21.8,0.6215,1
EagleCreekDrEtc_SHB_12.11.2025_LS,SHB,1015,21282,354.75,219.4,261.4,28.9,21.6,0.5849,1
EagleCreekDrEtc_SHB_12.11.2025_LS,SHB,1015,21290,354.88,187.3,254.0,31.1,22.3,0.4217,1
EagleCreekDrEtc_SHB_12.11.2025_LS,SHB,1015,21291,354.9,176.1,255.1,32.6,22.2,0.6687,1
EagleCreekDrEtc_SHB_12.11.2025_LS,SHB,1015,21292,354.91,170.3,255.0,33.5,22.4,0.6574,1
EagleCreekDrEtc_SHB_12.11.2025_LS,SHB,1015,21293,354.93,169.1,253.9,34.0,24.5,0.5467,1
EagleCreekDrEtc_SHB_12.11.2025_LS,SHB,1015,21294,354.95,162.2,255.1,33.5,23.5,0.371,1
EagleCreekDrEtc_SHB_12.11.2025_LS,SHB,1015,21295,354.96,157.1,255.2,32.4,22.6,0.7062,1
EagleCreekDrEtc_SHB_12.11.2025_LS,SHB,1015,21296,354.98,150.4,256.8,31.5,20.8,0.6059,1
EagleCreekDrEtc_SHB_12.11.2025_LS,SHB,1015,21297,355.0,145.2,256.7,30.0,21.3,0.5573,1
EagleCreekDrEtc_SHB_12.11.2025_LS,SHB,1015,21298,355.01,141.6,256.3,29.2,20.6,0.4438,1
EagleCreekDrEtc_SHB_12.11.2025_LS,SHB,1015,21299,355.03,136.5,257.7,26.6,20.2,0.1373,1
EagleCreekDrEtc_SHB_12.11.2025_LS,SHB,1020,21307,355.16,99.7,258.8,26.4,20.1,0.5672,0
EagleCreekDrEtc_SHB_12.11.2025_LS,SHB,1020,21308,355.18,93.1,259.5,26.9,18.9,0.6182,0
EagleCreekDrEtc_SHB_12.11.2025_LS,SHB,1020,21309,355.2,90.3,260.4,27.4,18.8,0.4884,0
EagleCreekDrEtc_SHB_12.11.2025_LS,SHB,1020,21310,355.21,88.2,259.2,27.2,17.6,0.5239,0
EagleCreekDrEtc_SHB_12.11.2025_LS,SHB,1020,21311,355.23,86.3,258.2,28.6,17.9,0.4896,0
EagleCreekDrEtc_SHB_12.11.2025_LS,SHB,1020,21312,355.25,82.1,258.8,28.4,18.8,0.4668,0
EagleCreekDrEtc_SHB_12.11.2025_LS,SHB,1020,21313,355.26,81.0,259.2,29.0,19.1,0.5216,0
EagleCreekDrEtc_SHB_12.11.2025_LS,SHB,1020,21314,355.28,78.5,259.8,29.5,18.5,0.1637,0
EagleCreekDrEtc_SHB_12.11.2025_LS,SHB,1029,21378,356.35,221.6,251.1,28.0,21.2,0.5264,0
EagleCreekDrEtc_SHB_12.11.2025_LS,SHB,1029,21379,356.36,225.3,250.0,29.3,22.4,0.4236,0
EagleCreekDrEtc_SHB_12.11.2025_LS,SHB,1029,21380,356.38,227.9,248.2,31.1,21.4,0.1288,0
EagleCreekDrEtc_SHB_12.11.2025_LS,SHB,1029,21381,356.4,232.2,247.4,31.3,20.1,0.2845,0
EagleCreekDrEtc_SHB_12.11.2025_LS,SHB,1029,21382,356.41,237.0,246.1,30.4,18.0,0.4259,0
EagleCreekDrEtc_SHB_12.11.2025_LS,SHB,1029,21383,356.43,242.6,245.2,29.3,19.3,0.2797,0
EagleCreekDrEtc_SHB_12.11.2025_LS,SHB,1029,21384,356.45,245.0,243.1,30.7,20.2,0.5379,0
EagleCreekDrEtc_SHB_12.11.2025_LS,SHB,1029,21385,356.46,249.9,242.0,31.0,21.0,0.5699,0
EagleCreekDrEtc_SHB_12.11.2025_LS,SHB,1029,21386,356.48,254.2,240.4,30.4,22.8,0.2998,0
EagleCreekDrEtc_SHB_12.11.2025_LS,SHB,1029,21387,356.5,256.3,240.0,32.4,23.3,0.1194,0
EagleCreekDrEtc_SHB_12.11.2025_LS,SHB,1036,21416,356.98,426.6,230.7,23.7,17.7,0.5373,0
EagleCreekDrEtc_SHB_12.11.2025_LS,SHB,1036,21417,357.0,430.8,230.6,22.1,17.1,0.6304,0
EagleCreekDrEtc_SHB_12.11.2025_LS,SHB,1036,21418,357.01,435.4,230.8,22.3,17.2,0.4046,0
EagleCreekDrEtc_SHB_12.11.2025_LS,SHB,1041,21428,357.18,306.7,249.0,26.7,22.8,0.6301,1
EagleCreekDrEtc_SHB_12.11.2025_LS,SHB,1041,21429,357.2,312.6,248.7,26.3,23.7,0.4065,1
EagleCreekDrEtc_SHB_12.11.2025_LS,SHB,1041,21430,357.21,315.9,247.3,25.1,22.3,0.3574,1
EagleCreekDrEtc_SHB_12.11.2025_LS,SHB,1041,21431,357.23,319.4,246.9,24.3,22.1,0.4029,1
EagleCreekDrEtc_SHB_12.11.2025_LS,SHB,1041,21432,357.25,325.1,247.0,23.9,23.5,0.4268,1
EagleCreekDrEtc_SHB_12.11.2025_LS,SHB,1041,21433,357.26,330.2,247.0,23.8,23.1,0.4222,1
EagleCreekDrEtc_SHB_12.11.2025_LS,SHB,1041,21434,357.28,334.8,247.0,24.9,23.5,0.446,1
EagleCreekDrEtc_SHB_12.11.2025_LS,SHB,1041,21435,357.3,340.5,246.6,26.6,23.6,0.5368,1
EagleCreekDrEtc_SHB_12.11.2025_LS,SHB,1041,21436,357.31,347.5,246.1,25.9,23.4,0.4498,1
EagleCreekDrEtc_SHB_12.11.2025_LS,SHB,1041,21437,357.33,351.9,244.1,26.1,23.1,0.6247,1
EagleCreekDrEtc_SHB_12.11.2025_LS,SHB,1041,21438,357.35,357.7,243.5,26.6,24.0,0.3257,1
EagleCreekDrEtc_SHB_12.11.2025_LS,SHB,1041,21439,357.36,364.9,241.9,25.6,22.3,0.5046,1
EagleCreekDrEtc_SHB_12.11.2025_LS,SHB,1041,21440,357.38,371.8,240.9,25.3,22.1,0.6344,1
EagleCreekDrEtc_SHB_12.11.2025_LS,SHB,1041,21441,357.4,378.1,239.3,24.7,22.4,0.6945,1
EagleCreekDrEtc_SHB_12.11.2025_LS,SHB,1041,21442,357.41,384.4,237.9,23.9,21.2,0.7169,1
EagleCreekDrEtc_SHB_12.11.2025_LS,SHB,1041,21443,357.43,390.4,237.2,24.7,21.7,0.7052,1
EagleCreekDrEtc_SHB_12.11.2025_LS,SHB,1041,21444,357.45,397.1,236.5,25.2,22.5,0.6824,1
EagleCreekDrEtc_SHB_12.11.2025_LS,SHB,1041,21445,357.46,402.5,235.1,24.5,20.5,0.2697,1
EagleCreekDrEtc_SHB_12.11.2025_LS,SHB,1041,21455,357.63,463.6,229.5,30.8,24.4,0.3501,1
EagleCreekDrEtc_SHB_12.11.2025_LS,SHB,1041,21456,357.65,471.2,229.1,31.8,23.8,0.7114,1
EagleCreekDrEtc_SHB_12.11.2025_LS,SHB,1041,21457,357.66,479.4,229.2,31.4,24.2,0.6214,1
EagleCreekDrEtc_SHB_12.11.2025_LS,SHB,1041,21458,357.68,486.5,228.9,29.1,24.3,0.6066,1
EagleCreekDrEtc_SHB_12.11.2025_LS,SHB,1041,21459,357.7,493.0,228.6,28.0,24.5,0.7028,1
EagleCreekDrEtc_SHB_12.11.2025_LS,SHB,1041,21460,357.71,500.4,228.4,26.1,24.4,0.5966,1
EagleCreekDrEtc_SHB_12.11.2025_LS,SHB,1041,21461,357.73,507.2,228.0,25.9,24.0,0.6068,1
EagleCreekDrEtc_SHB_12.11.2025_LS,SHB,1041,21462,357.75,513.9,227.0,27.5,24.0,0.698,1
EagleCreekDrEtc_SHB_12.11.2025_LS,SHB,1041,21463,357.76,520.2,226.3,26.1,23.4,0.656,1
EagleCreekDrEtc_SHB_12.11.2025_LS,SHB,1041,21464,357.78,526.5,225.6,25.7,23.4,0.7109,1
EagleCreekDrEtc_SHB_12.11.2025_LS,SHB,1041,21465,357.8,533.3,225.4,27.2,24.7,0.6991,1
EagleCreekDrEtc_SHB_12.11.2025_LS,SHB,1041,21466,357.81,540.7,224.7,27.9,24.9,0.6589,1
EagleCreekDrEtc_SHB_12.11.2025_LS,SHB,1041,21467,357.83,547.6,223.4,27.4,24.5,0.6737,1
EagleCreekDrEtc_SHB_12.11.2025_LS,SHB,1041,21468,357.85,554.7,223.9,26.0,25.0,0.7396,1
EagleCreekDrEtc_SHB_12.11.2025_LS,SHB,1041,21469,357.86,561.8,223.7,25.7,25.2,0.7593,1
EagleCreekDrEtc_SHB_12.11.2025_LS,SHB,1041,21470,357.88,569.1,223.9,25.9,26.5,0.7359,1
EagleCreekDrEtc_SHB_12.11.2025_LS,SHB,1041,21471,357.9,574.8,223.8,27.5,26.9,0.7494,1
EagleCreekDrEtc_SHB_12.11.2025_LS,SHB,1041,21472,357.91,581.2,223.2,27.6,27.3,0.7629,1
EagleCreekDrEtc_SHB_12.11.2025_LS,SHB,1041,21473,357.93,588.1,222.2,27.3,26.3,0.7504,1
EagleCreekDrEtc_SHB_12.11.2025_LS,SHB,1041,21474,357.95,594.8,221.1,27.4,25.9,0.7456,1
EagleCreekDrEtc_SHB_12.11.2025_LS,SHB,1041,21475,357.96,599.9,220.0,29.3,25.8,0.7316,1
EagleCreekDrEtc_SHB_12.11.2025_LS,SHB,1041,21476,357.98,606.8,219.4,28.3,25.3,0.7435,1
EagleCreekDrEtc_SHB_12.11.2025_LS,SHB,1041,21477,358.0,613.6,218.7,27.3,24.8,0.6929,1
EagleCreekDrEtc_SHB_12.11.2025_LS,SHB,1041,21478,358.01,620.0,217.5,26.8,25.3,0.7155,1
EagleCreekDrEtc_SHB_12.11.2025_LS,SHB,1041,21479,358.03,627.6,216.0,24.7,24.3,0.6787,1
EagleCreekDrEtc_SHB_12.11.2025_LS,SHB,1044,21517,358.66,428.5,193.1,21.4,20.7,0.6002,1
EagleCreekDrEtc_SHB_12.11.2025_LS,SHB,1044,21518,358.68,433.1,194.1,20.6,20.1,0.7034,1
EagleCreekDrEtc_SHB_12.11.2025_LS,SHB,1044,21519,358.7,438.2,195.7,20.7,19.9,0.7406,1
EagleCreekDrEtc_SHB_12.11.2025_LS,SHB,1044,21520,358.71,442.3,197.7,21.0,20.3,0.7006,1
EagleCreekDrEtc_SHB_12.11.2025_LS,SHB,1044,21521,358.73,447.1,199.0,20.7,20.5,0.7266,1
EagleCreekDrEtc_SHB_12.11.2025_LS,SHB,1044,21522,358.75,451.6,201.5,19.9,19.8,0.6913,1
EagleCreekDrEtc_SHB_12.11.2025_LS,SHB,1044,21523,358.76,456.3,202.2,20.0,20.1,0.7267,1
EagleCreekDrEtc_SHB_12.11.2025_LS,SHB,1044,21524,358.78,460.9,202.7,20.6,20.4,0.7273,1
EagleCreekDrEtc_SHB_12.11.2025_LS,SHB,1044,21525,358.8,465.0,203.1,21.0,21.1,0.7306,1
EagleCreekDrEtc_SHB_12.11.2025_LS,SHB,1044,21526,358.81,469.4,203.1,21.5,21.6,0.7449,1
EagleCreekDrEtc_SHB_12.11.2025_LS,SHB,1044,21527,358.83,474.3,203.9,21.6,21.4,0.7602,1
EagleCreekDrEtc_SHB_12.11.2025_LS,SHB,1044,21528,358.85,479.1,204.3,21.3,21.4,0.7326,1
EagleCreekDrEtc_SHB_12.11.2025_LS,SHB,1044,21529,358.86,483.7,204.2,22.2,21.8,0.7445,1
EagleCreekDrEtc_SHB_12.11.2025_LS,SHB,1044,21530,358.88,488.4,204.1,22.1,21.6,0.7479,1
EagleCreekDrEtc_SHB_12.11.2025_LS,SHB,1044,21531,358.9,493.5,203.7,22.8,21.8,0.7588,1
EagleCreekDrEtc_SHB_12.11.2025_LS,SHB,1044,21532,358.91,498.3,203.7,21.7,21.9,0.7655,1
EagleCreekDrEtc_SHB_12.11.2025_LS,SHB,1044,21533,358.93,503.6,203.3,21.8,21.7,0.7508,1
EagleCreekDrEtc_SHB_12.11.2025_LS,SHB,1044,21534,358.95,508.2,203.7,22.1,22.0,0.7695,1
EagleCreekDrEtc_SHB_12.11.2025_LS,SHB,1044,21535,358.96,513.5,203.9,21.9,21.9,0.7365,1
EagleCreekDrEtc_SHB_12.11.2025_LS,SHB,1044,21536,358.98,518.1,204.2,22.2,22.0,0.7201,1
EagleCreekDrEtc_SHB_12.11.2025_LS,SHB,1044,21537,359.0,522.9,204.3,22.7,22.1,0.7218,1
EagleCreekDrEtc_SHB_12.11.2025_LS,SHB,1044,21538,359.01,527.7,203.6,22.9,22.1,0.7309,1
EagleCreekDrEtc_SHB_12.11.2025_LS,SHB,1044,21539,359.03,532.3,203.3,22.7,22.8,0.7332,1
EagleCreekDrEtc_SHB_12.11.2025_LS,SHB,1044,21540,359.05,537.0,203.3,22.3,23.0,0.7489,1
EagleCreekDrEtc_SHB_12.11.2025_LS,SHB,1044,21541,359.06,541.9,203.2,22.4,21.5,0.7301,1
EagleCreekDrEtc_SHB_12.11.2025_LS,SHB,1044,21542,359.08,546.2,202.5,21.4,21.1,0.7131,1
EagleCreekDrEtc_SHB_12.11.2025_LS,SHB,1044,21543,359.1,550.9,201.5,20.9,20.8,0.6961,1
EagleCreekDrEtc_SHB_12.11.2025_LS,SHB,1044,21544,359.11,555.7,201.2,21.2,20.8,0.6883,1
EagleCreekDrEtc_SHB_12.11.2025_LS,SHB,1044,21545,359.13,560.7,201.2,21.6,20.5,0.7102,1
EagleCreekDrEtc_SHB_12.11.2025_LS,SHB,1044,21546,359.15,565.1,201.0,22.7,20.8,0.6871,1
EagleCreekDrEtc_SHB_12.11.2025_LS,SHB,1044,21547,359.16,569.3,200.6,23.2,21.3,0.6629,1
EagleCreekDrEtc_SHB_12.11.2025_LS,SHB,1044,21548,359.18,573.7,199.4,22.2,20.7,0.6306,1
EagleCreekDrEtc_SHB_12.11.2025_LS,SHB,1044,21549,359.2,578.0,198.2,21.9,20.3,0.6637,1
EagleCreekDrEtc_SHB_12.11.2025_LS,SHB,1044,21550,359.21,582.7,197.9,22.7,21.0,0.6769,1
EagleCreekDrEtc_SHB_12.11.2025_LS,SHB,1044,21551,359.23,587.2,198.1,22.9,21.1,0.6791,1
EagleCreekDrEtc_SHB_12.11.2025_LS,SHB,1044,21552,359.25,592.0,198.8,23.4,21.1,0.6099,1
EagleCreekDrEtc_SHB_12.11.2025_LS,SHB,1044,21553,359.26,597.4,200.7,24.2,20.8,0.6676,1
EagleCreekDrEtc_SHB_12.11.2025_LS,SHB,1044,21554,359.28,602.0,200.6,25.1,21.5,0.7243,1
EagleCreekDrEtc_SHB_12.11.2025_LS,SHB,1044,21555,359.3,606.5,200.9,24.8,21.8,0.697,1
EagleCreekDrEtc_SHB_12.11.2025_LS,SHB,1044,21556,359.31,610.9,200.3,25.2,21.8,0.6784,1
EagleCreekDrEtc_SHB_12.11.2025_LS,SHB,1044,21557,359.33,616.2,200.5,23.8,20.8,0.7102,1
EagleCreekDrEtc_SHB_12.11.2025_LS,SHB,1044,21558,359.35,621.6,201.5,23.5,21.3,0.6964,1
EagleCreekDrEtc_SHB_12.11.2025_LS,SHB,1044,21559,359.36,626.9,202.0,23.1,20.5,0.6702,1
EagleCreekDrEtc_SHB_12.11.2025_LS,SHB,1044,21560,359.38,630.0,203.2,20.0,19.9,0.5232,1
EagleCreekDrEtc_SHB_12.11.2025_LS,SHB,1044,21561,359.4,631.9,203.3,16.2,20.4,0.2258,1
EagleCreekDrEtc_SHB_12.11.2025_LS,SHB,1046,21610,360.21,10.0,247.8,18.2,22.3,0.5539,1
EagleCreekDrEtc_SHB_12.11.2025_LS,SHB,1046,21611,360.23,14.2,247.2,23.9,21.4,0.4969,1
EagleCreekDrEtc_SHB_12.11.2025_LS,SHB,1046,21612,360.25,18.5,247.0,27.7,21.2,0.3525,1
EagleCreekDrEtc_SHB_12.11.2025_LS,SHB,1046,21613,360.26,23.8,247.4,27.9,20.2,0.5487,1
EagleCreekDrEtc_SHB_12.11.2025_LS,SHB,1046,21614,360.28,29.9,246.6,28.3,18.7,0.2374,1
EagleCreekDrEtc_SHB_12.11.2025_LS,SHB,1046,21615,360.3,36.2,246.4,28.0,18.9,0.4402,1
EagleCreekDrEtc_SHB_12.11.2025_LS,SHB,1046,21616,360.31,43.0,245.7,28.8,21.8,0.301,1
EagleCreekDrEtc_SHB_12.11.2025_LS,SHB,1046,21617,360.33,48.9,245.2,29.0,22.3,0.3725,1
EagleCreekDrEtc_SHB_12.11.2025_LS,SHB,1046,21618,360.35,54.9,245.3,29.4,22.0,0.3781,1
EagleCreekDrEtc_SHB_12.11.2025_LS,SHB,1046,21619,360.36,61.2,245.8,29.6,21.3,0.2858,1
EagleCreekDrEtc_SHB_12.11.2025_LS,SHB,1046,21620,360.38,68.5,247.7,29.4,20.6,0.4126,1
EagleCreekDrEtc_SHB_12.11.2025_LS,SHB,1046,21621,360.4,75.8,248.5,29.1,21.3,0.3994,1
EagleCreekDrEtc_SHB_12.11.2025_LS,SHB,1046,21622,360.41,82.3,247.8,28.6,19.2,0.1654,1
EagleCreekDrEtc_SHB_12.11.2025_LS,SHB,1046,21623,360.43,89.4,248.7,28.0,18.4,0.1906,1
EagleCreekDrEtc_SHB_12.11.2025_LS,SHB,1046,21624,360.45,96.2,248.9,27.5,18.2,0.5517,1
EagleCreekDrEtc_SHB_12.11.2025_LS,SHB,1046,21625,360.46,105.3,248.6,28.0,18.4,0.5493,1
EagleCreekDrEtc_SHB_12.11.2025_LS,SHB,1046,21626,360.48,112.1,248.6,28.8,18.2,0.5709,1
EagleCreekDrEtc_SHB_12.11.2025_LS,SHB,1046,21627,360.5,118.9,248.2,29.5,19.3,0.6381,1
EagleCreekDrEtc_SHB_12.11.2025_LS,SHB,1046,21628,360.51,125.2,248.1,30.0,19.8,0.6274,1
EagleCreekDrEtc_SHB_12.11.2025_LS,SHB,1046,21629,360.53,131.2,247.9,29.6,19.9,0.7052,1
EagleCreekDrEtc_SHB_12.11.2025_LS,SHB,1046,21630,360.55,136.8,247.4,28.7,19.6,0.6085,1
EagleCreekDrEtc_SHB_12.11.2025_LS,SHB,1046,21631,360.56,142.7,247.1,28.7,20.4,0.5958,1
EagleCreekDrEtc_SHB_12.11.2025_LS,SHB,1046,21632,360.58,147.6,246.4,29.9,20.6,0.4344,1
EagleCreekDrEtc_SHB_12.11.2025_LS,SHB,1046,21633,360.6,154.1,245.8,31.7,20.4,0.4851,1
EagleCreekDrEtc_SHB_12.11.2025_LS,SHB,1046,21634,360.61,162.3,244.8,32.5,20.5,0.6496,1
EagleCreekDrEtc_SHB_12.11.2025_LS,SHB,1046,21635,360.63,169.9,244.5,33.5,21.2,0.671,1
EagleCreekDrEtc_SHB_12.11.2025_LS,SHB,1046,21636,360.65,177.1,243.6,32.5,22.0,0.7063,1
EagleCreekDrEtc_SHB_12.11.2025_LS,SHB,1046,21637,360.66,184.2,242.6,32.7,22.4,0.6536,1
EagleCreekDrEtc_SHB_12.11.2025_LS,SHB,1046,21638,360.68,190.6,241.4,34.2,23.3,0.6536,1
EagleCreekDrEtc_SHB_12.11.2025_LS,SHB,1046,21639,360.7,197.3,240.3,32.8,24.9,0.5835,1
EagleCreekDrEtc_SHB_12.11.2025_LS,SHB,1046,21640,360.71,204.0,240.3,31.2,24.0,0.6098,1
EagleCreekDrEtc_SHB_12.11.2025_LS,SHB,1046,21641,360.73,210.7,240.5,31.1,23.4,0.6331,1
EagleCreekDrEtc_SHB_12.11.2025_LS,SHB,1046,21642,360.75,217.1,240.5,31.7,23.8,0.6426,1
EagleCreekDrEtc_SHB_12.11.2025_LS,SHB,1046,21643,360.76,222.8,240.7,30.7,23.0,0.564,1
EagleCreekDrEtc_SHB_12.11.2025_LS,SHB,1046,21644,360.78,229.0,241.2,29.5,21.8,0.6569,1
EagleCreekDrEtc_SHB_12.11.2025_LS,SHB,1046,21645,360.8,235.0,240.7,29.0,21.9,0.619,1
EagleCreekDrEtc_SHB_12.11.2025_LS,SHB,1046,21646,360.81,241.3,240.8,29.5,22.0,0.5785,1
Melvin_SHW_01.18.2026_LS,SHW,1060,1245,20.75,35.0,13.1,34.4,25.1,0.5992,0
Melvin_SHW_01.18.2026_LS,SHW,1060,1246,20.77,30.1,14.4,31.9,24.7,0.6334,0
Melvin_SHW_01.18.2026_LS,SHW,1060,1247,20.78,24.7,15.5,31.3,24.9,0.4992,0
Melvin_SHW_01.18.2026_LS,SHW,1060,1248,20.8,19.9,16.0,33.1,25.6,0.6578,0
Melvin_SHW_01.18.2026_LS,SHW,1060,1249,20.82,14.5,17.6,29.0,26.4,0.3703,0
Melvin_SHW_01.18.2026_LS,SHW,1060,1250,20.83,10.9,18.4,21.9,25.6,0.2129,0
Melvin_SHW_01.18.2026_LS,SHW,1060,1251,20.85,7.9,17.2,15.8,23.9,0.1917,0
Melvin_SHW_01.18.2026_LS,SHW,1073,3828,63.8,514.4,47.1,50.8,35.8,0.6129,0
Melvin_SHW_01.18.2026_LS,SHW,1073,3829,63.82,495.6,47.5,53.9,34.9,0.6651,0
Melvin_SHW_01.18.2026_LS,SHW,1073,3830,63.83,481.0,51.4,54.5,36.8,0.6859,0
Melvin_SHW_01.18.2026_LS,SHW,1073,3831,63.85,464.4,54.5,55.9,36.1,0.6556,0
Melvin_SHW_01.18.2026_LS,SHW,1073,3832,63.87,444.5,58.6,54.5,36.6,0.6918,0
Melvin_SHW_01.18.2026_LS,SHW,1073,3833,63.88,426.0,61.6,54.0,35.7,0.6811,0
Melvin_SHW_01.18.2026_LS,SHW,1073,3834,63.9,407.2,64.4,56.3,36.1,0.6491,0
Melvin_SHW_01.18.2026_LS,SHW,1073,3835,63.92,389.0,70.0,54.7,37.8,0.6261,0
Melvin_SHW_01.18.2026_LS,SHW,1073,3836,63.93,370.2,73.1,55.6,38.4,0.6399,0
Melvin_SHW_01.18.2026_LS,SHW,1074,3838,63.97,332.7,77.9,53.5,38.9,0.7238,0
Melvin_SHW_01.18.2026_LS,SHW,1074,3839,63.98,313.6,81.3,56.9,39.0,0.6212,0
Melvin_SHW_01.18.2026_LS,SHW,1074,3840,64.0,288.3,88.2,52.6,35.0,0.6561,0
Melvin_SHW_01.18.2026_LS,SHW,1074,3841,64.02,267.4,89.8,49.7,33.9,0.7107,0
Melvin_SHW_01.18.2026_LS,SHW,1074,3842,64.03,243.2,90.8,49.5,32.6,0.6234,0
Melvin_SHW_01.18.2026_LS,SHW,1074,3843,64.05,223.8,93.1,51.2,33.2,0.601,0
Melvin_SHW_01.18.2026_LS,SHW,1074,3844,64.07,206.2,97.3,51.1,34.3,0.5615,0
Melvin_SHW_01.18.2026_LS,SHW,1074,3845,64.08,187.2,101.6,50.5,34.7,0.6265,0
Melvin_SHW_01.18.2026_LS,SHW,1074,3846,64.1,164.2,106.6,51.5,35.6,0.6579,0
Melvin_SHW_01.18.2026_LS,SHW,1074,3847,64.12,142.2,109.3,52.1,36.6,0.4848,0
Melvin_SHW_01.18.2026_LS,SHW,1074,3848,64.13,120.6,114.3,49.6,37.0,0.3145,0
Melvin_SHW_01.18.2026_LS,SHW,1074,3849,64.15,101.2,120.4,54.0,37.8,0.3928,0
Melvin_SHW_01.18.2026_LS,SHW,1074,3850,64.17,75.3,123.1,56.0,36.8,0.2865,0
Melvin_SHW_01.18.2026_LS,SHW,1078,5398,89.97,627.1,34.1,22.0,18.6,0.5426,1
Melvin_SHW_01.18.2026_LS,SHW,1078,5399,89.98,622.6,34.9,23.2,18.9,0.5546,1
Melvin_SHW_01.18.2026_LS,SHW,1078,5400,90.0,617.0,34.3,21.7,17.8,0.5749,1
Melvin_SHW_01.18.2026_LS,SHW,1078,5401,90.02,613.9,34.6,21.2,18.7,0.4939,1
Melvin_SHW_01.18.2026_LS,SHW,1078,5402,90.03,608.9,36.9,22.6,18.9,0.5593,1
Melvin_SHW_01.18.2026_LS,SHW,1078,5403,90.05,604.9,39.1,23.4,21.3,0.3496,1
Melvin_SHW_01.18.2026_LS,SHW,1078,5404,90.07,601.2,40.0,26.2,20.8,0.4969,1
Melvin_SHW_01.18.2026_LS,SHW,1078,5405,90.08,597.2,40.5,26.4,21.3,0.5104,1
Melvin_SHW_01.18.2026_LS,SHW,1078,5406,90.1,591.9,41.3,26.2,21.2,0.6872,1
Melvin_SHW_01.18.2026_LS,SHW,1078,5407,90.12,587.5,42.3,27.4,22.6,0.5935,1
Melvin_SHW_01.18.2026_LS,SHW,1078,5408,90.13,582.8,42.8,28.1,23.0,0.5577,1
Melvin_SHW_01.18.2026_LS,SHW,1078,5409,90.15,577.4,42.4,28.4,23.9,0.6245,1
Melvin_SHW_01.18.2026_LS,SHW,1078,5410,90.17,572.9,42.9,27.7,23.2,0.7095,1
Melvin_SHW_01.18.2026_LS,SHW,1078,5411,90.18,568.5,43.8,28.0,23.9,0.6734,1
Melvin_SHW_01.18.2026_LS,SHW,1078,5412,90.2,564.9,44.6,26.7,23.4,0.7049,1
Melvin_SHW_01.18.2026_LS,SHW,1078,5413,90.22,560.4,44.3,26.0,24.3,0.7291,1
Melvin_SHW_01.18.2026_LS,SHW,1078,5414,90.23,556.5,45.4,24.8,24.5,0.6857,1
Melvin_SHW_01.18.2026_LS,SHW,1078,5415,90.25,550.6,46.1,24.9,25.3,0.7174,1
Melvin_SHW_01.18.2026_LS,SHW,1078,5427,90.45,506.9,48.4,27.8,24.7,0.494,1
Melvin_SHW_01.18.2026_LS,SHW,1078,5428,90.47,498.8,49.9,25.5,23.6,0.3765,1
Melvin_SHW_01.18.2026_LS,SHW,1078,5430,90.5,489.2,54.1,27.2,25.1,0.3484,1
Melvin_SHW_01.18.2026_LS,SHW,1078,5434,90.57,468.2,61.9,33.5,31.6,0.3803,1
Melvin_SHW_01.18.2026_LS,SHW,1078,5435,90.58,464.9,63.9,34.3,31.4,0.4964,1
Melvin_SHW_01.18.2026_LS,SHW,1078,5436,90.6,458.9,67.1,35.0,32.5,0.2117,1
Melvin_SHW_01.18.2026_LS,SHW,1078,5437,90.62,456.3,69.4,34.4,31.9,0.2466,1
Melvin_SHW_01.18.2026_LS,SHW,1078,5438,90.63,449.9,71.9,38.0,36.0,0.3944,1
Melvin_SHW_01.18.2026_LS,SHW,1078,5439,90.65,444.4,73.6,36.8,34.5,0.197,1
Melvin_SHW_01.18.2026_LS,SHW,1078,5440,90.67,438.4,73.2,35.7,31.5,0.2805,1
Melvin_SHW_01.18.2026_LS,SHW,1078,5441,90.68,436.2,76.4,35.0,32.5,0.3816,1
Melvin_SHW_01.18.2026_LS,SHW,1078,5442,90.7,432.8,77.9,38.7,34.3,0.4115,1
Melvin_SHW_01.18.2026_LS,SHW,1078,5443,90.72,427.9,81.8,39.2,35.6,0.3562,1
Melvin_SHW_01.18.2026_LS,SHW,1078,5444,90.73,422.6,84.9,37.4,35.8,0.5854,1
Melvin_SHW_01.18.2026_LS,SHW,1078,5445,90.75,417.2,87.2,37.9,34.8,0.5206,1
Melvin_SHW_01.18.2026_LS,SHW,1078,5446,90.77,412.3,90.0,31.0,32.1,0.4676,1
Melvin_SHW_01.18.2026_LS,SHW,1078,5447,90.78,407.2,91.6,32.8,32.5,0.4869,1
Melvin_SHW_01.18.2026_LS,SHW,1078,5456,90.93,367.2,105.6,34.1,34.0,0.296,1
Melvin_SHW_01.18.2026_LS,SHW,1078,5457,90.95,363.5,106.6,34.0,34.4,0.3754,1
Melvin_SHW_01.18.2026_LS,SHW,1078,5458,90.97,358.6,105.8,35.5,33.9,0.3641,1
Melvin_SHW_01.18.2026_LS,SHW,1078,5459,90.98,355.1,105.9,36.7,35.4,0.5055,1
Melvin_SHW_01.18.2026_LS,SHW,1078,5460,91.0,349.1,106.3,39.8,36.5,0.4706,1
Melvin_SHW_01.18.2026_LS,SHW,1078,5461,91.02,343.7,108.0,41.5,36.9,0.5554,1
Melvin_SHW_01.18.2026_LS,SHW,1078,5462,91.03,338.0,110.8,43.3,37.0,0.5824,1
Melvin_SHW_01.18.2026_LS,SHW,1078,5463,91.05,330.2,112.4,44.5,36.2,0.6266,1
Melvin_SHW_01.18.2026_LS,SHW,1078,5464,91.07,325.7,113.4,45.1,37.6,0.7196,1
Melvin_SHW_01.18.2026_LS,SHW,1078,5465,91.08,321.4,115.1,44.2,37.7,0.6534,1
Melvin_SHW_01.18.2026_LS,SHW,1078,5466,91.1,315.4,115.2,45.2,37.5,0.5924,1
Melvin_SHW_01.18.2026_LS,SHW,1078,5467,91.12,312.3,116.6,43.7,37.9,0.5614,1
Melvin_SHW_01.18.2026_LS,SHW,1078,5468,91.13,307.1,117.6,42.8,38.0,0.5992,1
Melvin_SHW_01.18.2026_LS,SHW,1078,5469,91.15,302.7,118.5,42.5,39.8,0.4375,1
Melvin_SHW_01.18.2026_LS,SHW,1078,5470,91.17,296.2,117.4,41.6,40.2,0.5892,1
Melvin_SHW_01.18.2026_LS,SHW,1078,5471,91.18,291.9,119.0,41.0,39.4,0.5471,1
Melvin_SHW_01.18.2026_LS,SHW,1078,5472,91.2,289.0,120.5,40.7,39.5,0.5843,1
Melvin_SHW_01.18.2026_LS,SHW,1078,5473,91.22,283.5,120.8,42.8,39.2,0.5277,1
Melvin_SHW_01.18.2026_LS,SHW,1078,5474,91.23,277.1,122.2,42.7,38.2,0.6888,1
Melvin_SHW_01.18.2026_LS,SHW,1078,5475,91.25,272.8,123.5,43.3,37.5,0.5183,1
Melvin_SHW_01.18.2026_LS,SHW,1078,5476,91.27,267.5,126.8,38.0,36.1,0.5715,1
Melvin_SHW_01.18.2026_LS,SHW,1078,5477,91.28,263.8,128.3,38.7,36.2,0.4556,1
Melvin_SHW_01.18.2026_LS,SHW,1078,5478,91.3,259.3,130.9,36.2,36.0,0.4681,1
Melvin_SHW_01.18.2026_LS,SHW,1078,5479,91.32,253.9,130.7,34.3,35.4,0.5393,1
Melvin_SHW_01.18.2026_LS,SHW,1078,5480,91.33,250.7,132.6,35.1,36.6,0.3363,1
Melvin_SHW_01.18.2026_LS,SHW,1078,5481,91.35,244.8,136.0,36.9,39.8,0.3369,1
Melvin_SHW_01.18.2026_LS,SHW,1078,5482,91.37,240.9,138.1,37.6,39.8,0.3304,1
Melvin_SHW_01.18.2026_LS,SHW,1078,5483,91.38,235.9,140.1,37.2,39.9,0.3209,1
Melvin_SHW_01.18.2026_LS,SHW,1078,5484,91.4,231.0,142.3,37.7,39.5,0.1522,1
Melvin_SHW_01.18.2026_LS,SHW,1078,5485,91.42,225.7,144.1,38.7,39.9,0.5212,1
Melvin_SHW_01.18.2026_LS,SHW,1078,5486,91.43,220.1,146.1,40.1,39.5,0.4731,1
Melvin_SHW_01.18.2026_LS,SHW,1078,5487,91.45,214.9,147.2,37.9,40.4,0.6424,1
Melvin_SHW_01.18.2026_LS,SHW,1078,5488,91.47,209.1,147.4,39.5,41.3,0.3173,1
Melvin_SHW_01.18.2026_LS,SHW,1078,5489,91.48,205.1,149.8,38.3,41.4,0.1912,1
Melvin_SHW_01.18.2026_LS,SHW,1078,5490,91.5,199.5,151.3,39.6,41.5,0.2301,1
Melvin_SHW_01.18.2026_LS,SHW,1078,5491,91.52,194.7,152.8,40.0,41.4,0.5603,1
Melvin_SHW_01.18.2026_LS,SHW,1078,5492,91.53,190.7,155.6,39.8,40.6,0.1288,1
Melvin_SHW_01.18.2026_LS,SHW,1078,5493,91.55,184.7,155.7,37.1,41.2,0.1119,1
Melvin_SHW_01.18.2026_LS,SHW,1078,5494,91.57,177.7,156.0,34.9,41.3,0.4061,1
Melvin_SHW_01.18.2026_LS,SHW,1078,5495,91.58,172.9,155.7,35.5,42.0,0.5769,1
Melvin_SHW_01.18.2026_LS,SHW,1078,5496,91.6,167.2,155.6,35.0,41.4,0.6744,1
Melvin_SHW_01.18.2026_LS,SHW,1078,5497,91.62,162.5,157.1,31.8,38.6,0.6222,1
Melvin_SHW_01.18.2026_LS,SHW,1078,5498,91.63,157.0,157.9,31.4,39.7,0.5758,1
Melvin_SHW_01.18.2026_LS,SHW,1078,5499,91.65,150.7,159.0,32.9,39.0,0.6738,1
Melvin_SHW_01.18.2026_LS,SHW,1078,5500,91.67,143.6,159.9,30.9,37.6,0.613,1
Melvin_SHW_01.18.2026_LS,SHW,1078,5501,91.68,137.1,162.7,28.9,34.7,0.5567,1
Melvin_SHW_01.18.2026_LS,SHW,1096,6209,103.48,414.4,97.3,29.9,26.4,0.4891,1
Melvin_SHW_01.18.2026_LS,SHW,1096,6210,103.5,414.3,99.3,26.3,24.3,0.4534,1
Melvin_SHW_01.18.2026_LS,SHW,1096,6211,103.52,411.3,98.7,28.1,25.1,0.5161,1
Melvin_SHW_01.18.2026_LS,SHW,1096,6212,103.53,407.7,97.8,28.9,26.9,0.4617,1
Melvin_SHW_01.18.2026_LS,SHW,1096,6213,103.55,406.8,97.9,27.2,25.5,0.5164,1
Melvin_SHW_01.18.2026_LS,SHW,1096,6214,103.57,407.1,99.3,24.3,23.7,0.5133,1
Melvin_SHW_01.18.2026_LS,SHW,1096,6215,103.58,406.1,99.6,23.8,22.7,0.5539,1
Melvin_SHW_01.18.2026_LS,SHW,1096,6216,103.6,404.4,99.5,24.3,22.5,0.4049,1
Melvin_SHW_01.18.2026_LS,SHW,1096,6217,103.62,401.4,98.8,25.6,23.3,0.3991,1
Melvin_SHW_01.18.2026_LS,SHW,1096,6220,103.67,399.9,99.4,25.6,22.5,0.2788,1
Melvin_SHW_01.18.2026_LS,SHW,1096,6221,103.68,396.5,98.4,27.5,24.7,0.3365,1
Melvin_SHW_01.18.2026_LS,SHW,1096,6222,103.7,393.5,97.9,27.4,24.3,0.5882,1
Melvin_SHW_01.18.2026_LS,SHW,1096,6224,103.73,392.9,100.0,27.0,23.3,0.6339,1
Melvin_SHW_01.18.2026_LS,SHW,1096,6225,103.75,392.2,99.8,28.3,24.9,0.4961,1
Melvin_SHW_01.18.2026_LS,SHW,1096,6226,103.77,390.1,100.1,27.8,25.4,0.2167,1
Melvin_SHW_01.18.2026_LS,SHW,1096,6227,103.78,388.8,101.4,27.9,26.6,0.1365,1
Melvin_SHW_01.18.2026_LS,SHW,1104,7015,116.92,305.3,125.4,35.3,22.8,0.4044,0
Melvin_SHW_01.18.2026_LS,SHW,1104,7016,116.93,292.5,126.0,35.5,25.1,0.5187,0
Melvin_SHW_01.18.2026_LS,SHW,1104,7017,116.95,278.9,129.2,34.9,26.4,0.5428,0
Melvin_SHW_01.18.2026_LS,SHW,1104,7018,116.97,264.4,131.1,37.8,27.7,0.5048,0
Melvin_SHW_01.18.2026_LS,SHW,1104,7019,116.98,250.3,133.3,39.5,30.2,0.6268,0
Melvin_SHW_01.18.2026_LS,SHW,1104,7020,117.0,237.4,135.9,40.9,35.4,0.6891,0
Melvin_SHW_01.18.2026_LS,SHW,1104,7021,117.02,225.0,140.5,40.8,38.6,0.5621,0
Melvin_SHW_01.18.2026_LS,SHW,1104,7022,117.03,209.2,145.0,42.5,40.0,0.7083,0
Melvin_SHW_01.18.2026_LS,SHW,1104,7023,117.05,196.0,150.0,43.4,44.1,0.795,0
Melvin_SHW_01.18.2026_LS,SHW,1104,7024,117.07,184.3,157.1,45.0,43.2,0.755,0
Melvin_SHW_01.18.2026_LS,SHW,1104,7025,117.08,171.9,159.7,46.7,47.4,0.8187,0
Melvin_SHW_01.18.2026_LS,SHW,1104,7026,117.1,157.0,163.8,44.4,46.3,0.7794,0
Melvin_SHW_01.18.2026_LS,SHW,1104,7027,117.12,143.4,169.4,42.0,41.8,0.7634,0
Melvin_SHW_01.18.2026_LS,SHW,1104,7028,117.13,129.5,174.4,39.5,38.3,0.7553,0
Melvin_SHW_01.18.2026_LS,SHW,1104,7029,117.15,119.6,177.3,38.5,35.7,0.6432,0
Melvin_SHW_01.18.2026_LS,SHW,1110,7036,117.27,507.8,130.6,46.8,39.4,0.5707,0
Melvin_SHW_01.18.2026_LS,SHW,1110,7037,117.28,499.7,132.5,47.1,40.7,0.3558,0
Melvin_SHW_01.18.2026_LS,SHW,1110,7038,117.3,492.2,136.2,49.0,41.2,0.2463,0
Melvin_SHW_01.18.2026_LS,SHW,1123,9138,152.3,216.6,415.1,33.5,29.8,0.3718,1
Melvin_SHW_01.18.2026_LS,SHW,1123,9139,152.31,218.8,414.4,35.7,30.8,0.301,1
Melvin_SHW_01.18.2026_LS,SHW,1123,9140,152.33,220.2,414.2,34.8,30.7,0.4897,1
Melvin_SHW_01.18.2026_LS,SHW,1123,9141,152.35,222.2,413.9,34.2,30.4,0.3152,1
Melvin_SHW_01.18.2026_LS,SHW,1123,9142,152.36,224.3,413.6,33.6,30.8,0.2145,1
Melvin_SHW_01.18.2026_LS,SHW,1123,9143,152.38,226.3,413.0,35.3,31.2,0.2098,1
Melvin_SHW_01.18.2026_LS,SHW,1123,9144,152.4,227.9,413.4,35.1,31.8,0.219,1
Melvin_SHW_01.18.2026_LS,SHW,1123,9145,152.41,229.4,413.8,34.4,31.4,0.1957,1
Melvin_SHW_01.18.2026_LS,SHW,1123,9146,152.43,231.6,414.2,35.1,31.2,0.3184,1
Melvin_SHW_01.18.2026_LS,SHW,1123,9147,152.45,234.1,414.1,36.2,31.8,0.1413,1
Melvin_SHW_01.18.2026_LS,SHW,1123,9148,152.46,235.6,413.3,36.3,32.4,0.2486,1
Melvin_SHW_01.18.2026_LS,SHW,1123,9149,152.48,236.9,413.5,35.6,32.4,0.2238,1
Melvin_SHW_01.18.2026_LS,SHW,1123,9150,152.5,239.1,413.6,34.1,31.3,0.1653,1
Melvin_SHW_01.18.2026_LS,SHW,1123,9151,152.51,241.4,413.0,33.0,30.6,0.3206,1
Melvin_SHW_01.18.2026_LS,SHW,1123,9152,152.53,242.8,412.7,33.4,30.6,0.326,1
Melvin_SHW_01.18.2026_LS,SHW,1123,9155,152.58,249.4,412.8,33.9,30.4,0.4688,1
Melvin_SHW_01.18.2026_LS,SHW,1123,9156,152.6,251.0,413.2,33.6,30.5,0.4273,1
Melvin_SHW_01.18.2026_LS,SHW,1123,9157,152.61,253.0,413.4,34.1,30.6,0.2303,1
Melvin_SHW_01.18.2026_LS,SHW,1123,9158,152.63,255.4,413.1,32.6,29.6,0.2868,1
Melvin_SHW_01.18.2026_LS,SHW,1123,9159,152.65,257.8,412.7,32.8,29.5,0.3543,1
Melvin_SHW_01.18.2026_LS,SHW,1123,9160,152.66,259.4,412.9,32.6,29.0,0.1109,1
Melvin_SHW_01.18.2026_LS,SHW,1123,9161,152.68,261.9,413.8,33.7,29.7,0.1527,1
Melvin_SHW_01.18.2026_LS,SHW,1123,9162,152.7,264.1,414.2,31.9,29.5,0.1106,1
Melvin_SHW_01.18.2026_LS,SHW,1123,9163,152.71,266.7,414.1,33.5,30.6,0.1443,1
Melvin_SHW_01.18.2026_LS,SHW,1123,9164,152.73,268.6,414.3,32.1,29.5,0.2161,1
Melvin_SHW_01.18.2026_LS,SHW,1123,9165,152.75,270.0,414.9,32.0,29.1,0.2633,1
Melvin_SHW_01.18.2026_LS,SHW,1123,9166,152.76,272.7,415.0,31.5,29.3,0.4467,1
Melvin_SHW_01.18.2026_LS,SHW,1123,9167,152.78,274.9,415.0,31.8,29.7,0.5109,1
Melvin_SHW_01.18.2026_LS,SHW,1123,9168,152.8,276.5,415.2,31.7,29.3,0.3516,1
Melvin_SHW_01.18.2026_LS,SHW,1123,9169,152.81,278.9,415.2,32.9,30.2,0.3899,1
Melvin_SHW_01.18.2026_LS,SHW,1123,9170,152.83,280.8,415.2,32.2,29.8,0.2676,1
Melvin_SHW_01.18.2026_LS,SHW,1123,9171,152.85,282.7,415.2,32.5,29.3,0.2886,1
Melvin_SHW_01.18.2026_LS,SHW,1123,9172,152.86,284.9,415.4,32.2,29.7,0.3773,1
Melvin_SHW_01.18.2026_LS,SHW,1123,9173,152.88,287.3,416.5,31.6,29.4,0.2551,1
Melvin_SHW_01.18.2026_LS,SHW,1123,9174,152.9,289.4,416.6,32.3,30.0,0.2247,1
Melvin_SHW_01.18.2026_LS,SHW,1123,9175,152.91,291.0,416.2,33.5,30.7,0.3359,1
Melvin_SHW_01.18.2026_LS,SHW,1123,9176,152.93,292.6,416.8,33.8,31.0,0.1318,1
Melvin_SHW_01.18.2026_LS,SHW,1123,9177,152.95,294.5,417.8,35.6,32.0,0.1223,1
Melvin_SHW_01.18.2026_LS,SHW,1129,10040,167.33,191.9,254.0,24.3,22.3,0.6609,0
Melvin_SHW_01.18.2026_LS,SHW,1129,10041,167.35,199.6,253.4,25.7,22.1,0.2364,0
Melvin_SHW_01.18.2026_LS,SHW,1129,10042,167.36,207.7,253.4,26.2,21.5,0.1519,0
Melvin_SHW_01.18.2026_LS,SHW,1138,10381,173.01,125.5,213.5,26.9,22.3,0.5517,1
Melvin_SHW_01.18.2026_LS,SHW,1138,10382,173.03,123.3,213.6,27.3,22.3,0.2061,1
Melvin_SHW_01.18.2026_LS,SHW,1138,10383,173.05,122.6,214.3,27.0,22.9,0.6121,1
Melvin_SHW_01.18.2026_LS,SHW,1138,10384,173.06,120.1,213.7,28.1,24.2,0.5438,1
Melvin_SHW_01.18.2026_LS,SHW,1138,10385,173.08,118.4,213.5,30.8,26.0,0.309,1
Melvin_SHW_01.18.2026_LS,SHW,1138,10386,173.1,116.5,214.1,30.8,26.2,0.3542,1
Melvin_SHW_01.18.2026_LS,SHW,1138,10387,173.11,114.2,214.0,29.6,25.2,0.4584,1
Melvin_SHW_01.18.2026_LS,SHW,1138,10390,173.16,105.9,212.8,27.7,23.5,0.5681,1
Melvin_SHW_01.18.2026_LS,SHW,1138,10391,173.18,103.0,212.6,27.7,22.9,0.4861,1
Melvin_SHW_01.18.2026_LS,SHW,1138,10392,173.2,100.9,212.7,27.6,24.6,0.5338,1
Melvin_SHW_01.18.2026_LS,SHW,1138,10393,173.21,98.7,211.6,28.7,25.7,0.1378,1
Melvin_SHW_01.18.2026_LS,SHW,1138,10394,173.23,95.7,211.2,27.7,25.2,0.4135,1
Melvin_SHW_01.18.2026_LS,SHW,1138,10395,173.25,94.1,210.6,27.8,26.0,0.3669,1
Melvin_SHW_01.18.2026_LS,SHW,1138,10405,173.41,71.8,202.1,26.4,22.3,0.5973,1
Melvin_SHW_01.18.2026_LS,SHW,1138,10406,173.43,70.0,202.2,26.1,22.6,0.4893,1
Melvin_SHW_01.18.2026_LS,SHW,1138,10407,173.45,67.1,202.2,24.1,21.8,0.1149,1
Melvin_SHW_01.18.2026_LS,SHW,1142,10442,174.03,28.7,227.6,24.1,20.9,0.3892,0
Melvin_SHW_01.18.2026_LS,SHW,1142,10443,174.05,28.8,228.2,23.4,19.5,0.3443,0
Melvin_SHW_01.18.2026_LS,SHW,1142,10444,174.06,27.9,228.2,23.8,20.1,0.3796,0
Melvin_SHW_01.18.2026_LS,SHW,1142,10445,174.08,27.2,227.8,23.9,20.5,0.3987,0
Melvin_SHW_01.18.2026_LS,SHW,1142,10446,174.1,26.3,227.6,24.5,20.9,0.2108,0
Melvin_SHW_01.18.2026_LS,SHW,1142,10447,174.11,25.8,227.6,24.8,22.0,0.1762,0
Melvin_SHW_01.18.2026_LS,SHW,1155,10872,181.2,366.2,39.3,54.5,41.7,0.5366,0
Melvin_SHW_01.18.2026_LS,SHW,1155,10873,181.21,357.9,41.2,54.9,41.6,0.5886,0
Melvin_SHW_01.18.2026_LS,SHW,1155,10874,181.23,357.9,41.2,58.8,42.8,0.5454,0
N25thRdOrange_MAS_12.22.25_LS_V2,MAS,1192,133,2.22,468.4,499.0,50.3,26.1,0.4036,0
N25thRdOrange_MAS_12.22.25_LS_V2,MAS,1192,134,2.23,464.5,499.8,50.0,24.4,0.3049,0
N25thRdOrange_MAS_12.22.25_LS_V2,MAS,1192,135,2.25,453.2,501.1,46.6,21.7,0.3454,0
N25thRdOrange_MAS_12.22.25_LS_V2,MAS,1192,139,2.32,423.2,503.1,40.6,17.8,0.3559,0
N25thRdOrange_MAS_12.22.25_LS_V2,MAS,1192,140,2.33,415.1,503.6,47.8,16.4,0.1587,0
N25thRdOrange_MAS_12.22.25_LS_V2,MAS,1221,2724,45.4,191.6,403.3,37.6,44.1,0.665,0
N25thRdOrange_MAS_12.22.25_LS_V2,MAS,1221,2725,45.42,184.5,409.6,39.3,48.4,0.6021,0
N25thRdOrange_MAS_12.22.25_LS_V2,MAS,1221,2726,45.43,174.6,407.1,40.4,47.4,0.7007,0
N25thRdOrange_MAS_12.22.25_LS_V2,MAS,1221,2727,45.45,159.6,407.6,39.6,47.7,0.7508,0
N25thRdOrange_MAS_12.22.25_LS_V2,MAS,1221,2728,45.47,144.6,408.2,37.0,45.2,0.5556,0
N25thRdOrange_MAS_12.22.25_LS_V2,MAS,1221,2729,45.48,132.8,409.6,36.1,43.8,0.8105,0
N25thRdOrange_MAS_12.22.25_LS_V2,MAS,1221,2730,45.5,122.0,411.5,35.4,45.0,0.7436,0
N25thRdOrange_MAS_12.22.25_LS_V2,MAS,1221,2731,45.52,107.7,414.6,34.1,44.6,0.5915,0
N25thRdOrange_MAS_12.22.25_LS_V2,MAS,1221,2732,45.53,93.6,418.0,32.6,41.2,0.3943,0
N25thRdOrange_MAS_12.22.25_LS_V2,MAS,1236,5588,93.13,406.0,192.6,35.1,30.9,0.6159,0
N25thRdOrange_MAS_12.22.25_LS_V2,MAS,1236,5590,93.17,390.2,195.1,35.8,31.2,0.417,0
N25thRdOrange_MAS_12.22.25_LS_V2,MAS,1236,5591,93.18,385.5,195.9,34.5,27.7,0.3452,0
N25thRdOrange_MAS_12.22.25_LS_V2,MAS,1263,7128,118.8,579.7,198.2,30.7,29.6,0.5068,0
N25thRdOrange_MAS_12.22.25_LS_V2,MAS,1263,7129,118.82,568.3,200.1,30.8,26.3,0.2256,0
N25thRdOrange_MAS_12.22.25_LS_V2,MAS,1263,7130,118.83,564.2,199.4,33.2,24.3,0.5719,0
N25thRdOrange_MAS_12.22.25_LS_V2,MAS,1264,7133,118.88,526.3,200.6,32.0,29.0,0.5729,0
N25thRdOrange_MAS_12.22.25_LS_V2,MAS,1264,7140,119.0,445.7,210.8,29.4,26.3,0.4103,0
N25thRdOrange_MAS_12.22.25_LS_V2,MAS,1264,7141,119.02,431.2,212.1,29.4,26.4,0.4204,0
N25thRdOrange_MAS_12.22.25_LS_V2,MAS,1264,7142,119.03,417.7,213.3,28.0,26.4,0.4595,0
NShelbyRd(blue)_SHB_12.11.2025_LS,SHB,1270,1600,26.67,622.6,286.4,25.9,27.3,0.4784,1
NShelbyRd(blue)_SHB_12.11.2025_LS,SHB,1270,1601,26.69,616.4,286.6,25.3,26.7,0.5807,1
NShelbyRd(blue)_SHB_12.11.2025_LS,SHB,1270,1602,26.71,610.9,287.6,26.4,27.1,0.5674,1
NShelbyRd(blue)_SHB_12.11.2025_LS,SHB,1270,1603,26.72,604.9,287.9,26.6,25.9,0.6267,1
NShelbyRd(blue)_SHB_12.11.2025_LS,SHB,1270,1604,26.74,599.1,287.1,26.5,23.9,0.6548,1
NShelbyRd(blue)_SHB_12.11.2025_LS,SHB,1270,1605,26.76,592.0,287.0,26.9,24.3,0.6811,1
NShelbyRd(blue)_SHB_12.11.2025_LS,SHB,1270,1606,26.77,585.9,286.4,27.1,24.4,0.6825,1
NShelbyRd(blue)_SHB_12.11.2025_LS,SHB,1270,1607,26.79,578.2,286.4,27.4,24.2,0.716,1
NShelbyRd(blue)_SHB_12.11.2025_LS,SHB,1270,1608,26.81,573.0,285.8,29.3,23.7,0.6328,1
NShelbyRd(blue)_SHB_12.11.2025_LS,SHB,1270,1609,26.82,565.9,286.2,27.8,23.9,0.6762,1
NShelbyRd(blue)_SHB_12.11.2025_LS,SHB,1270,1610,26.84,560.8,285.2,27.3,24.0,0.6681,1
NShelbyRd(blue)_SHB_12.11.2025_LS,SHB,1270,1611,26.86,555.3,286.2,27.1,25.1,0.6687,1
NShelbyRd(blue)_SHB_12.11.2025_LS,SHB,1270,1612,26.87,549.6,287.9,27.5,25.1,0.4711,1
NShelbyRd(blue)_SHB_12.11.2025_LS,SHB,1270,1613,26.89,543.0,287.0,29.3,25.6,0.6414,1
NShelbyRd(blue)_SHB_12.11.2025_LS,SHB,1270,1614,26.91,535.6,285.8,29.1,26.3,0.6855,1
NShelbyRd(blue)_SHB_12.11.2025_LS,SHB,1270,1615,26.92,529.5,285.6,27.8,25.6,0.701,1
NShelbyRd(blue)_SHB_12.11.2025_LS,SHB,1270,1616,26.94,524.1,285.5,27.7,25.4,0.6879,1
NShelbyRd(blue)_SHB_12.11.2025_LS,SHB,1270,1617,26.96,517.3,285.4,27.7,24.9,0.6642,1
NShelbyRd(blue)_SHB_12.11.2025_LS,SHB,1270,1618,26.97,510.2,284.5,28.7,25.2,0.6646,1
NShelbyRd(blue)_SHB_12.11.2025_LS,SHB,1270,1619,26.99,503.8,284.0,27.9,25.3,0.703,1
NShelbyRd(blue)_SHB_12.11.2025_LS,SHB,1270,1620,27.01,498.0,283.6,26.0,23.1,0.5752,1
NShelbyRd(blue)_SHB_12.11.2025_LS,SHB,1270,1621,27.02,492.5,283.5,25.3,23.0,0.5891,1
NShelbyRd(blue)_SHB_12.11.2025_LS,SHB,1270,1622,27.04,484.0,282.8,25.0,23.4,0.6416,1
NShelbyRd(blue)_SHB_12.11.2025_LS,SHB,1270,1623,27.06,476.6,282.9,26.4,23.6,0.6579,1
NShelbyRd(blue)_SHB_12.11.2025_LS,SHB,1270,1624,27.07,470.5,283.4,27.4,23.7,0.6365,1
NShelbyRd(blue)_SHB_12.11.2025_LS,SHB,1270,1625,27.09,463.3,283.8,28.0,24.9,0.6624,1
NShelbyRd(blue)_SHB_12.11.2025_LS,SHB,1270,1626,27.11,456.0,284.8,27.9,24.8,0.644,1
NShelbyRd(blue)_SHB_12.11.2025_LS,SHB,1270,1627,27.12,447.9,286.2,28.6,25.5,0.6993,1
NShelbyRd(blue)_SHB_12.11.2025_LS,SHB,1270,1628,27.14,441.4,287.7,28.1,27.3,0.6206,1
NShelbyRd(blue)_SHB_12.11.2025_LS,SHB,1270,1629,27.16,433.5,289.2,26.8,27.3,0.6141,1
NShelbyRd(blue)_SHB_12.11.2025_LS,SHB,1270,1630,27.17,426.0,291.8,27.9,26.6,0.6722,1
NShelbyRd(blue)_SHB_12.11.2025_LS,SHB,1270,1631,27.19,417.3,293.8,28.2,27.1,0.657,1
NShelbyRd(blue)_SHB_12.11.2025_LS,SHB,1270,1632,27.21,411.5,294.9,29.2,27.2,0.661,1
NShelbyRd(blue)_SHB_12.11.2025_LS,SHB,1270,1633,27.22,403.8,296.0,29.8,27.8,0.6186,1
NShelbyRd(blue)_SHB_12.11.2025_LS,SHB,1270,1634,27.24,396.5,297.5,30.4,27.3,0.5716,1
NShelbyRd(blue)_SHB_12.11.2025_LS,SHB,1270,1635,27.26,389.0,298.7,30.8,26.9,0.6576,1
NShelbyRd(blue)_SHB_12.11.2025_LS,SHB,1270,1636,27.27,383.0,299.6,31.8,27.6,0.6155,1
NShelbyRd(blue)_SHB_12.11.2025_LS,SHB,1270,1637,27.29,374.4,300.6,30.8,27.3,0.679,1
NShelbyRd(blue)_SHB_12.11.2025_LS,SHB,1270,1638,27.31,368.3,300.2,32.3,28.2,0.6454,1
NShelbyRd(blue)_SHB_12.11.2025_LS,SHB,1270,1639,27.32,360.6,300.6,32.5,28.4,0.6972,1
NShelbyRd(blue)_SHB_12.11.2025_LS,SHB,1270,1640,27.34,352.7,301.8,34.8,29.0,0.7043,1
NShelbyRd(blue)_SHB_12.11.2025_LS,SHB,1270,1641,27.36,344.8,302.2,35.4,29.6,0.687,1
NShelbyRd(blue)_SHB_12.11.2025_LS,SHB,1270,1642,27.37,338.4,302.1,34.9,29.2,0.7406,1
NShelbyRd(blue)_SHB_12.11.2025_LS,SHB,1270,1643,27.39,329.4,303.1,32.7,28.0,0.7864,1
NShelbyRd(blue)_SHB_12.11.2025_LS,SHB,1270,1644,27.41,323.3,302.6,33.9,28.4,0.7513,1
NShelbyRd(blue)_SHB_12.11.2025_LS,SHB,1270,1645,27.42,313.8,303.3,32.4,28.1,0.712,1
NShelbyRd(blue)_SHB_12.11.2025_LS,SHB,1270,1646,27.44,305.9,304.3,31.5,27.7,0.6677,1
NShelbyRd(blue)_SHB_12.11.2025_LS,SHB,1270,1647,27.46,297.6,304.5,30.9,27.6,0.628,1
NShelbyRd(blue)_SHB_12.11.2025_LS,SHB,1270,1648,27.47,289.5,304.6,31.4,27.7,0.5365,1
NShelbyRd(blue)_SHB_12.11.2025_LS,SHB,1270,1649,27.49,282.2,304.9,31.1,27.8,0.6047,1
NShelbyRd(blue)_SHB_12.11.2025_LS,SHB,1270,1650,27.51,275.9,304.3,31.3,27.5,0.522,1
NShelbyRd(blue)_SHB_12.11.2025_LS,SHB,1270,1651,27.52,267.1,306.5,33.6,27.5,0.6051,1
NShelbyRd(blue)_SHB_12.11.2025_LS,SHB,1270,1652,27.54,258.4,306.8,34.4,28.3,0.5434,1
NShelbyRd(blue)_SHB_12.11.2025_LS,SHB,1270,1653,27.56,248.3,308.9,34.2,27.8,0.673,1
NShelbyRd(blue)_SHB_12.11.2025_LS,SHB,1270,1654,27.57,239.9,310.6,34.5,28.2,0.6667,1
NShelbyRd(blue)_SHB_12.11.2025_LS,SHB,1270,1655,27.59,234.0,311.0,35.4,27.7,0.3692,1
NShelbyRd(blue)_SHB_12.11.2025_LS,SHB,1270,1656,27.61,225.2,311.0,38.4,27.4,0.4999,1
NShelbyRd(blue)_SHB_12.11.2025_LS,SHB,1270,1657,27.62,216.0,310.5,37.1,28.1,0.4396,1
NShelbyRd(blue)_SHB_12.11.2025_LS,SHB,1270,1658,27.64,207.8,310.7,34.6,28.4,0.4391,1
NShelbyRd(blue)_SHB_12.11.2025_LS,SHB,1270,1659,27.66,199.7,309.8,34.1,28.1,0.4411,1
NShelbyRd(blue)_SHB_12.11.2025_LS,SHB,1270,1660,27.67,189.6,307.5,31.1,27.4,0.3602,1
NShelbyRd(blue)_SHB_12.11.2025_LS,SHB,1270,1661,27.69,178.9,305.5,29.6,25.8,0.5247,1
NShelbyRd(blue)_SHB_12.11.2025_LS,SHB,1270,1662,27.71,171.2,303.5,30.8,24.6,0.3563,1
NShelbyRd(blue)_SHB_12.11.2025_LS,SHB,1270,1663,27.72,160.8,299.3,29.3,24.9,0.4821,1
NShelbyRd(blue)_SHB_12.11.2025_LS,SHB,1270,1664,27.74,150.7,296.9,28.7,25.1,0.4505,1
NShelbyRd(blue)_SHB_12.11.2025_LS,SHB,1270,1665,27.76,142.3,295.8,27.6,25.9,0.5512,1
NShelbyRd(blue)_SHB_12.11.2025_LS,SHB,1270,1666,27.77,132.2,294.0,28.8,25.5,0.625,1
NShelbyRd(blue)_SHB_12.11.2025_LS,SHB,1270,1667,27.79,122.3,292.2,27.6,25.3,0.6484,1
NShelbyRd(blue)_SHB_12.11.2025_LS,SHB,1270,1668,27.81,113.7,291.0,28.1,24.7,0.5327,1
NShelbyRd(blue)_SHB_12.11.2025_LS,SHB,1270,1669,27.82,108.3,290.1,36.6,24.8,0.2114,1
NShelbyRd(blue)_SHB_12.11.2025_LS,SHB,1270,1670,27.84,96.0,290.4,30.2,23.4,0.5943,1
NShelbyRd(blue)_SHB_12.11.2025_LS,SHB,1270,1671,27.86,84.9,290.9,26.2,22.8,0.5204,1
NShelbyRd(blue)_SHB_12.11.2025_LS,SHB,1270,1672,27.87,75.0,291.8,26.9,20.9,0.3748,1
NShelbyRd(blue)_SHB_12.11.2025_LS,SHB,1270,1673,27.89,66.3,291.9,24.8,21.0,0.5427,1
NShelbyRd(blue)_SHB_12.11.2025_LS,SHB,1270,1674,27.91,57.1,292.4,24.7,21.1,0.3563,1
NShelbyRd(blue)_SHB_12.11.2025_LS,SHB,1270,1675,27.92,49.0,292.0,27.1,20.6,0.1751,1
NShelbyRd(blue)_SHB_12.11.2025_LS,SHB,1270,1676,27.94,38.3,291.7,26.2,19.7,0.1109,1
NShelbyRd(blue)_SHB_12.11.2025_LS,SHB,1270,1677,27.96,25.6,292.6,29.6,18.9,0.1475,1
NShelbyRd(blue)_SHB_12.11.2025_LS,SHB,1274,1609,26.82,600.5,284.8,41.6,26.5,0.3379,0
NShelbyRd(blue)_SHB_12.11.2025_LS,SHB,1274,1610,26.84,597.1,284.7,37.9,26.3,0.2405,0
NShelbyRd(blue)_SHB_12.11.2025_LS,SHB,1274,1611,26.86,589.4,285.9,41.3,27.2,0.3088,0
NShelbyRd(blue)_SHB_12.11.2025_LS,SHB,1278,1622,27.04,584.6,279.0,28.8,25.3,0.4717,1
NShelbyRd(blue)_SHB_12.11.2025_LS,SHB,1278,1623,27.06,577.5,279.2,29.1,26.3,0.5849,1
NShelbyRd(blue)_SHB_12.11.2025_LS,SHB,1278,1624,27.07,572.2,280.4,30.1,27.3,0.5931,1
NShelbyRd(blue)_SHB_12.11.2025_LS,SHB,1278,1625,27.09,563.5,281.3,29.5,27.9,0.5985,1
NShelbyRd(blue)_SHB_12.11.2025_LS,SHB,1278,1626,27.11,555.4,282.3,31.6,29.2,0.6586,1
NShelbyRd(blue)_SHB_12.11.2025_LS,SHB,1278,1627,27.12,546.3,283.3,30.9,28.6,0.7604,1
NShelbyRd(blue)_SHB_12.11.2025_LS,SHB,1278,1628,27.14,540.1,284.5,30.3,28.1,0.705,1
NShelbyRd(blue)_SHB_12.11.2025_LS,SHB,1278,1629,27.16,532.9,284.9,30.2,26.7,0.5827,1
NShelbyRd(blue)_SHB_12.11.2025_LS,SHB,1278,1630,27.17,525.8,286.4,30.1,26.4,0.6365,1
NShelbyRd(blue)_SHB_12.11.2025_LS,SHB,1278,1631,27.19,517.3,288.7,29.6,26.2,0.7037,1
NShelbyRd(blue)_SHB_12.11.2025_LS,SHB,1278,1632,27.21,509.9,290.0,30.3,26.8,0.7186,1
NShelbyRd(blue)_SHB_12.11.2025_LS,SHB,1278,1633,27.22,502.3,291.4,29.7,26.8,0.7315,1
NShelbyRd(blue)_SHB_12.11.2025_LS,SHB,1278,1634,27.24,495.2,292.5,30.0,26.9,0.6573,1
NShelbyRd(blue)_SHB_12.11.2025_LS,SHB,1278,1635,27.26,487.9,293.5,30.0,26.2,0.6746,1
NShelbyRd(blue)_SHB_12.11.2025_LS,SHB,1278,1636,27.27,481.3,294.3,29.5,25.6,0.6379,1
NShelbyRd(blue)_SHB_12.11.2025_LS,SHB,1278,1637,27.29,472.6,295.1,30.6,26.4,0.7065,1
NShelbyRd(blue)_SHB_12.11.2025_LS,SHB,1278,1638,27.31,465.9,296.0,30.8,27.7,0.6991,1
NShelbyRd(blue)_SHB_12.11.2025_LS,SHB,1278,1639,27.32,457.9,296.2,31.0,27.9,0.731,1
NShelbyRd(blue)_SHB_12.11.2025_LS,SHB,1278,1640,27.34,449.7,296.7,30.2,27.4,0.7093,1
NShelbyRd(blue)_SHB_12.11.2025_LS,SHB,1278,1641,27.36,442.6,297.3,31.5,27.2,0.649,1
NShelbyRd(blue)_SHB_12.11.2025_LS,SHB,1278,1642,27.37,435.3,296.9,31.5,26.8,0.6849,1
NShelbyRd(blue)_SHB_12.11.2025_LS,SHB,1278,1643,27.39,426.7,297.8,31.6,26.2,0.6483,1
NShelbyRd(blue)_SHB_12.11.2025_LS,SHB,1278,1644,27.41,419.6,297.4,30.7,25.8,0.6541,1
NShelbyRd(blue)_SHB_12.11.2025_LS,SHB,1278,1645,27.42,411.7,297.7,31.1,25.6,0.5367,1
NShelbyRd(blue)_SHB_12.11.2025_LS,SHB,1278,1646,27.44,403.9,297.9,31.4,25.4,0.5752,1
NShelbyRd(blue)_SHB_12.11.2025_LS,SHB,1278,1647,27.46,395.5,298.6,29.8,24.7,0.5533,1
NShelbyRd(blue)_SHB_12.11.2025_LS,SHB,1278,1648,27.47,387.8,299.0,29.0,25.1,0.6525,1
NShelbyRd(blue)_SHB_12.11.2025_LS,SHB,1278,1649,27.49,379.4,299.6,29.2,25.4,0.6306,1
NShelbyRd(blue)_SHB_12.11.2025_LS,SHB,1278,1650,27.51,372.4,298.3,30.1,24.7,0.5265,1
NShelbyRd(blue)_SHB_12.11.2025_LS,SHB,1278,1651,27.52,363.9,301.4,31.1,24.7,0.6086,1
NShelbyRd(blue)_SHB_12.11.2025_LS,SHB,1278,1652,27.54,354.7,301.8,31.3,24.7,0.5135,1
NShelbyRd(blue)_SHB_12.11.2025_LS,SHB,1278,1653,27.56,347.2,302.8,31.3,24.2,0.5274,1
NShelbyRd(blue)_SHB_12.11.2025_LS,SHB,1278,1654,27.57,339.0,305.6,31.5,25.2,0.3768,1
NShelbyRd(blue)_SHB_12.11.2025_LS,SHB,1278,1655,27.59,329.6,304.9,29.2,25.0,0.5478,1
NShelbyRd(blue)_SHB_12.11.2025_LS,SHB,1278,1656,27.61,320.1,305.8,29.8,25.1,0.5403,1
NShelbyRd(blue)_SHB_12.11.2025_LS,SHB,1278,1657,27.62,312.0,304.3,28.4,23.0,0.2682,1
NShelbyRd(blue)_SHB_12.11.2025_LS,SHB,1278,1659,27.66,293.5,302.3,29.0,22.1,0.2962,1
NShelbyRd(blue)_SHB_12.11.2025_LS,SHB,1280,1623,27.06,621.0,273.1,29.6,28.0,0.5609,1
NShelbyRd(blue)_SHB_12.11.2025_LS,SHB,1280,1624,27.07,614.8,273.8,28.2,28.5,0.7142,1
NShelbyRd(blue)_SHB_12.11.2025_LS,SHB,1280,1625,27.09,605.6,275.1,29.5,28.1,0.722,1
NShelbyRd(blue)_SHB_12.11.2025_LS,SHB,1280,1626,27.11,598.0,277.3,31.2,29.8,0.7339,1
NShelbyRd(blue)_SHB_12.11.2025_LS,SHB,1280,1627,27.12,589.1,278.5,30.6,29.5,0.7622,1
NShelbyRd(blue)_SHB_12.11.2025_LS,SHB,1280,1628,27.14,582.8,279.6,29.1,28.9,0.7743,1
NShelbyRd(blue)_SHB_12.11.2025_LS,SHB,1280,1629,27.16,575.9,280.3,28.1,28.0,0.7561,1
NShelbyRd(blue)_SHB_12.11.2025_LS,SHB,1280,1630,27.17,568.5,281.3,27.5,27.6,0.7967,1
NShelbyRd(blue)_SHB_12.11.2025_LS,SHB,1280,1631,27.19,560.5,283.5,27.5,28.3,0.7941,1
NShelbyRd(blue)_SHB_12.11.2025_LS,SHB,1280,1632,27.21,553.7,284.2,27.6,28.4,0.7727,1
NShelbyRd(blue)_SHB_12.11.2025_LS,SHB,1280,1633,27.22,545.7,286.3,28.1,28.4,0.7706,1
NShelbyRd(blue)_SHB_12.11.2025_LS,SHB,1280,1634,27.24,537.8,287.8,28.0,28.5,0.7583,1
NShelbyRd(blue)_SHB_12.11.2025_LS,SHB,1280,1635,27.26,530.9,288.8,28.5,27.7,0.7285,1
NShelbyRd(blue)_SHB_12.11.2025_LS,SHB,1280,1636,27.27,523.8,289.3,27.9,27.8,0.7292,1
NShelbyRd(blue)_SHB_12.11.2025_LS,SHB,1280,1637,27.29,515.3,289.9,27.3,27.8,0.6975,1
NShelbyRd(blue)_SHB_12.11.2025_LS,SHB,1280,1638,27.31,508.3,290.5,27.5,27.8,0.6863,1
NShelbyRd(blue)_SHB_12.11.2025_LS,SHB,1280,1639,27.32,500.3,290.6,26.9,27.2,0.7122,1
NShelbyRd(blue)_SHB_12.11.2025_LS,SHB,1280,1640,27.34,492.3,291.4,27.4,28.3,0.6837,1
NShelbyRd(blue)_SHB_12.11.2025_LS,SHB,1280,1641,27.36,484.1,292.4,26.8,28.3,0.6761,1
NShelbyRd(blue)_SHB_12.11.2025_LS,SHB,1280,1642,27.37,476.5,292.4,26.6,28.7,0.6814,1
NShelbyRd(blue)_SHB_12.11.2025_LS,SHB,1280,1643,27.39,467.8,293.4,26.8,28.5,0.6649,1
NShelbyRd(blue)_SHB_12.11.2025_LS,SHB,1280,1644,27.41,460.5,293.3,28.4,28.8,0.608,1
NShelbyRd(blue)_SHB_12.11.2025_LS,SHB,1280,1645,27.42,451.8,293.5,27.8,28.1,0.7373,1
NShelbyRd(blue)_SHB_12.11.2025_LS,SHB,1280,1646,27.44,443.8,294.0,28.0,27.7,0.5939,1
NShelbyRd(blue)_SHB_12.11.2025_LS,SHB,1281,1628,27.14,472.6,288.1,36.9,29.4,0.4991,1
NShelbyRd(blue)_SHB_12.11.2025_LS,SHB,1281,1629,27.16,465.3,289.3,37.0,29.7,0.5854,1
NShelbyRd(blue)_SHB_12.11.2025_LS,SHB,1281,1630,27.17,457.7,290.2,40.1,31.2,0.4725,1
NShelbyRd(blue)_SHB_12.11.2025_LS,SHB,1281,1631,27.19,449.7,291.7,41.8,32.3,0.3964,1
NShelbyRd(blue)_SHB_12.11.2025_LS,SHB,1281,1632,27.21,443.8,292.2,44.1,33.6,0.5299,1
NShelbyRd(blue)_SHB_12.11.2025_LS,SHB,1281,1633,27.22,436.2,294.5,42.7,34.2,0.6512,1
NShelbyRd(blue)_SHB_12.11.2025_LS,SHB,1281,1634,27.24,428.5,295.6,43.3,34.3,0.34,1
NShelbyRd(blue)_SHB_12.11.2025_LS,SHB,1281,1635,27.26,420.6,296.3,43.8,33.9,0.5899,1
NShelbyRd(blue)_SHB_12.11.2025_LS,SHB,1281,1636,27.27,414.2,298.2,41.8,30.0,0.4554,1
NShelbyRd(blue)_SHB_12.11.2025_LS,SHB,1281,1637,27.29,405.7,298.8,43.6,31.2,0.4646,1
NShelbyRd(blue)_SHB_12.11.2025_LS,SHB,1281,1638,27.31,397.8,299.0,44.3,32.6,0.4186,1
NShelbyRd(blue)_SHB_12.11.2025_LS,SHB,1281,1639,27.32,390.2,299.1,45.4,33.1,0.3605,1
NShelbyRd(blue)_SHB_12.11.2025_LS,SHB,1281,1640,27.34,382.0,299.9,46.3,33.3,0.5384,1
NShelbyRd(blue)_SHB_12.11.2025_LS,SHB,1281,1641,27.36,374.7,299.8,47.6,33.7,0.3945,1
NShelbyRd(blue)_SHB_12.11.2025_LS,SHB,1281,1642,27.37,367.9,299.7,48.0,33.1,0.5274,1
NShelbyRd(blue)_SHB_12.11.2025_LS,SHB,1281,1643,27.39,359.0,301.7,47.8,31.0,0.3937,1
NShelbyRd(blue)_SHB_12.11.2025_LS,SHB,1281,1644,27.41,352.8,301.6,48.1,30.3,0.2203,1
NShelbyRd(blue)_SHB_12.11.2025_LS,SHB,1281,1645,27.42,343.8,302.4,47.0,29.5,0.2201,1
NShelbyRd(blue)_SHB_12.11.2025_LS,SHB,1281,1646,27.44,336.2,302.8,46.1,30.3,0.306,1
NShelbyRd(blue)_SHB_12.11.2025_LS,SHB,1281,1647,27.46,327.7,302.7,44.4,30.0,0.193,1
NShelbyRd(blue)_SHB_12.11.2025_LS,SHB,1281,1648,27.47,319.4,302.7,43.8,31.8,0.3408,1
NShelbyRd(blue)_SHB_12.11.2025_LS,SHB,1281,1649,27.49,311.5,303.4,42.4,32.2,0.2333,1
NShelbyRd(blue)_SHB_12.11.2025_LS,SHB,1281,1650,27.51,304.8,302.3,42.1,33.2,0.3254,1
NShelbyRd(blue)_SHB_12.11.2025_LS,SHB,1281,1651,27.52,296.3,304.8,41.4,32.2,0.4641,1
NShelbyRd(blue)_SHB_12.11.2025_LS,SHB,1281,1652,27.54,287.2,305.0,42.5,33.3,0.2871,1
NShelbyRd(blue)_SHB_12.11.2025_LS,SHB,1281,1653,27.56,278.4,306.7,42.8,31.7,0.6235,1
NShelbyRd(blue)_SHB_12.11.2025_LS,SHB,1281,1654,27.57,270.3,308.9,44.0,31.1,0.3592,1
NShelbyRd(blue)_SHB_12.11.2025_LS,SHB,1281,1655,27.59,261.9,308.1,45.2,31.4,0.3829,1
NShelbyRd(blue)_SHB_12.11.2025_LS,SHB,1281,1656,27.61,253.4,307.8,48.3,32.7,0.2006,1
NShelbyRd(blue)_SHB_12.11.2025_LS,SHB,1281,1657,27.62,244.7,308.2,46.3,31.4,0.4262,1
NShelbyRd(blue)_SHB_12.11.2025_LS,SHB,1281,1658,27.64,235.3,308.4,45.2,31.4,0.5714,1
NShelbyRd(blue)_SHB_12.11.2025_LS,SHB,1281,1659,27.66,226.9,307.4,44.0,31.2,0.4499,1
NShelbyRd(blue)_SHB_12.11.2025_LS,SHB,1281,1660,27.67,218.1,304.8,41.7,32.5,0.4639,1
NShelbyRd(blue)_SHB_12.11.2025_LS,SHB,1281,1661,27.69,209.3,302.4,42.0,31.7,0.5571,1
NShelbyRd(blue)_SHB_12.11.2025_LS,SHB,1281,1662,27.71,200.7,300.3,42.3,30.0,0.4021,1
NShelbyRd(blue)_SHB_12.11.2025_LS,SHB,1281,1663,27.72,190.5,296.1,40.9,31.9,0.6342,1
NShelbyRd(blue)_SHB_12.11.2025_LS,SHB,1281,1664,27.74,181.1,294.4,40.8,32.5,0.5227,1
NShelbyRd(blue)_SHB_12.11.2025_LS,SHB,1281,1665,27.76,173.2,293.5,41.0,30.4,0.4844,1
NShelbyRd(blue)_SHB_12.11.2025_LS,SHB,1281,1666,27.77,163.4,291.6,42.0,30.0,0.4962,1
NShelbyRd(blue)_SHB_12.11.2025_LS,SHB,1281,1667,27.79,153.1,289.0,40.9,30.6,0.4618,1
NShelbyRd(blue)_SHB_12.11.2025_LS,SHB,1281,1668,27.81,143.1,288.5,38.9,28.9,0.6319,1
NShelbyRd(blue)_SHB_12.11.2025_LS,SHB,1281,1669,27.82,133.2,287.9,38.4,28.0,0.5015,1
NShelbyRd(blue)_SHB_12.11.2025_LS,SHB,1281,1670,27.84,123.9,287.9,36.2,27.6,0.2483,1
NShelbyRd(blue)_SHB_12.11.2025_LS,SHB,1281,1671,27.86,114.5,287.7,35.6,27.8,0.4539,1
NShelbyRd(blue)_SHB_12.11.2025_LS,SHB,1281,1672,27.87,104.6,287.2,36.3,28.3,0.197,1
NShelbyRd(blue)_SHB_12.11.2025_LS,SHB,1281,1673,27.89,95.7,288.1,35.1,27.5,0.2765,1
NShelbyRd(blue)_SHB_12.11.2025_LS,SHB,1281,1674,27.91,85.1,288.4,31.7,25.1,0.3523,1
NShelbyRd(blue)_SHB_12.11.2025_LS,SHB,1281,1675,27.92,74.4,288.5,29.6,23.4,0.3046,1
NShelbyRd(blue)_SHB_12.11.2025_LS,SHB,1281,1676,27.94,65.1,288.2,29.6,22.7,0.2544,1
NShelbyRd(blue)_SHB_12.11.2025_LS,SHB,1281,1678,27.97,44.7,287.2,27.7,24.0,0.5798,1
NShelbyRd(blue)_SHB_12.11.2025_LS,SHB,1281,1679,27.99,35.6,285.8,26.8,23.7,0.4019,1
NShelbyRd(blue)_SHB_12.11.2025_LS,SHB,1281,1680,28.01,24.9,284.5,24.0,21.4,0.6514,1
NShelbyRd(blue)_SHB_12.11.2025_LS,SHB,1281,1681,28.02,15.0,282.3,25.2,18.9,0.4754,1
NShelbyRd(blue)_SHB_12.11.2025_LS,SHB,1283,1629,27.16,622.0,278.4,25.6,24.6,0.5398,0
NShelbyRd(blue)_SHB_12.11.2025_LS,SHB,1283,1630,27.17,612.8,279.0,24.6,23.2,0.1076,0
NShelbyRd(blue)_SHB_12.11.2025_LS,SHB,1283,1631,27.19,606.5,282.3,25.2,21.9,0.4126,0
NShelbyRd(blue)_SHB_12.11.2025_LS,SHB,1283,1632,27.21,599.8,283.4,24.5,21.5,0.3309,0
NShelbyRd(blue)_SHB_12.11.2025_LS,SHB,1285,1635,27.26,623.7,281.7,22.3,19.8,0.6167,1
NShelbyRd(blue)_SHB_12.11.2025_LS,SHB,1285,1636,27.27,616.4,283.1,23.4,20.2,0.6695,1
NShelbyRd(blue)_SHB_12.11.2025_LS,SHB,1285,1637,27.29,608.7,283.4,24.3,20.7,0.7147,1
NShelbyRd(blue)_SHB_12.11.2025_LS,SHB,1285,1638,27.31,601.3,283.9,25.6,21.8,0.7029,1
NShelbyRd(blue)_SHB_12.11.2025_LS,SHB,1285,1639,27.32,593.1,283.8,26.1,22.4,0.6986,1
NShelbyRd(blue)_SHB_12.11.2025_LS,SHB,1285,1640,27.34,584.9,285.0,26.7,22.7,0.7229,1
NShelbyRd(blue)_SHB_12.11.2025_LS,SHB,1285,1641,27.36,577.1,285.4,27.3,23.1,0.7031,1
NShelbyRd(blue)_SHB_12.11.2025_LS,SHB,1285,1642,27.37,569.7,284.6,26.8,23.1,0.7174,1
NShelbyRd(blue)_SHB_12.11.2025_LS,SHB,1285,1643,27.39,561.7,286.1,28.5,23.9,0.751,1
NShelbyRd(blue)_SHB_12.11.2025_LS,SHB,1285,1644,27.41,554.6,285.6,28.9,24.1,0.7442,1
NShelbyRd(blue)_SHB_12.11.2025_LS,SHB,1285,1645,27.42,546.4,286.1,29.5,24.3,0.7591,1
NShelbyRd(blue)_SHB_12.11.2025_LS,SHB,1285,1646,27.44,538.7,286.7,30.2,24.5,0.7568,1
NShelbyRd(blue)_SHB_12.11.2025_LS,SHB,1285,1647,27.46,529.8,287.1,29.8,24.7,0.7301,1
NShelbyRd(blue)_SHB_12.11.2025_LS,SHB,1285,1648,27.47,521.5,288.0,30.6,25.1,0.7226,1
NShelbyRd(blue)_SHB_12.11.2025_LS,SHB,1285,1649,27.49,512.8,288.7,29.9,24.7,0.73,1
NShelbyRd(blue)_SHB_12.11.2025_LS,SHB,1285,1650,27.51,505.3,287.6,30.9,24.8,0.7035,1
NShelbyRd(blue)_SHB_12.11.2025_LS,SHB,1285,1651,27.52,496.5,290.3,29.0,24.6,0.7418,1
NShelbyRd(blue)_SHB_12.11.2025_LS,SHB,1285,1652,27.54,487.9,291.2,30.0,24.9,0.7459,1
NShelbyRd(blue)_SHB_12.11.2025_LS,SHB,1285,1653,27.56,479.3,293.1,31.5,26.1,0.7022,1
NShelbyRd(blue)_SHB_12.11.2025_LS,SHB,1285,1654,27.57,470.8,295.0,31.6,26.1,0.7644,1
NShelbyRd(blue)_SHB_12.11.2025_LS,SHB,1285,1655,27.59,462.0,294.3,30.9,25.4,0.7464,1
NShelbyRd(blue)_SHB_12.11.2025_LS,SHB,1285,1656,27.61,452.8,295.2,30.6,25.4,0.7416,1
NShelbyRd(blue)_SHB_12.11.2025_LS,SHB,1285,1657,27.62,444.4,294.8,31.6,25.9,0.7637,1
NShelbyRd(blue)_SHB_12.11.2025_LS,SHB,1285,1658,27.64,435.3,293.9,31.3,26.5,0.7001,1
NShelbyRd(blue)_SHB_12.11.2025_LS,SHB,1285,1659,27.66,426.3,291.9,30.5,26.2,0.7015,1
NShelbyRd(blue)_SHB_12.11.2025_LS,SHB,1285,1660,27.67,416.7,289.3,30.1,25.8,0.6849,1
NShelbyRd(blue)_SHB_12.11.2025_LS,SHB,1285,1661,27.69,407.8,287.6,30.3,25.6,0.7205,1
NShelbyRd(blue)_SHB_12.11.2025_LS,SHB,1285,1662,27.71,399.1,285.5,30.6,25.9,0.6827,1
NShelbyRd(blue)_SHB_12.11.2025_LS,SHB,1285,1663,27.72,389.4,283.4,30.2,26.2,0.7002,1
NShelbyRd(blue)_SHB_12.11.2025_LS,SHB,1285,1664,27.74,379.9,282.0,29.8,25.1,0.6033,1
NShelbyRd(blue)_SHB_12.11.2025_LS,SHB,1285,1665,27.76,370.2,280.6,28.9,24.6,0.6657,1
NShelbyRd(blue)_SHB_12.11.2025_LS,SHB,1285,1666,27.77,360.9,279.0,29.5,24.5,0.6381,1
NShelbyRd(blue)_SHB_12.11.2025_LS,SHB,1285,1667,27.79,351.0,277.0,29.8,24.8,0.6961,1
NShelbyRd(blue)_SHB_12.11.2025_LS,SHB,1285,1668,27.81,340.9,276.9,30.1,24.3,0.608,1
NShelbyRd(blue)_SHB_12.11.2025_LS,SHB,1285,1669,27.82,331.4,276.1,29.2,25.0,0.6451,1
NShelbyRd(blue)_SHB_12.11.2025_LS,SHB,1285,1670,27.84,322.4,275.5,29.1,24.4,0.6606,1
NShelbyRd(blue)_SHB_12.11.2025_LS,SHB,1285,1671,27.86,312.5,275.0,29.0,24.8,0.6547,1
NShelbyRd(blue)_SHB_12.11.2025_LS,SHB,1285,1672,27.87,303.1,275.2,29.0,25.1,0.7033,1
NShelbyRd(blue)_SHB_12.11.2025_LS,SHB,1285,1673,27.89,293.4,275.1,29.2,25.0,0.7258,1
NShelbyRd(blue)_SHB_12.11.2025_LS,SHB,1285,1674,27.91,284.3,274.9,29.0,24.7,0.7454,1
NShelbyRd(blue)_SHB_12.11.2025_LS,SHB,1285,1675,27.92,274.0,274.7,29.6,25.0,0.7049,1
NShelbyRd(blue)_SHB_12.11.2025_LS,SHB,1285,1676,27.94,264.4,274.2,29.0,25.1,0.7379,1
NShelbyRd(blue)_SHB_12.11.2025_LS,SHB,1285,1677,27.96,255.1,274.1,29.0,25.2,0.7505,1
NShelbyRd(blue)_SHB_12.11.2025_LS,SHB,1285,1678,27.97,245.6,272.6,29.9,26.0,0.7012,1
NShelbyRd(blue)_SHB_12.11.2025_LS,SHB,1285,1679,27.99,235.7,271.6,29.2,25.7,0.6489,1
NShelbyRd(blue)_SHB_12.11.2025_LS,SHB,1285,1680,28.01,226.0,271.4,27.5,23.5,0.6928,1
NShelbyRd(blue)_SHB_12.11.2025_LS,SHB,1285,1681,28.02,216.5,269.6,27.6,24.2,0.6909,1
NShelbyRd(blue)_SHB_12.11.2025_LS,SHB,1285,1682,28.04,206.4,268.7,28.6,25.0,0.6713,1
NShelbyRd(blue)_SHB_12.11.2025_LS,SHB,1285,1683,28.06,196.5,267.3,31.4,25.5,0.6595,1
NShelbyRd(blue)_SHB_12.11.2025_LS,SHB,1285,1684,28.07,187.7,267.3,30.8,24.6,0.6687,1
NShelbyRd(blue)_SHB_12.11.2025_LS,SHB,1285,1685,28.09,177.0,265.6,31.1,25.4,0.6552,1
NShelbyRd(blue)_SHB_12.11.2025_LS,SHB,1285,1686,28.11,167.6,265.7,30.6,26.1,0.6818,1
NShelbyRd(blue)_SHB_12.11.2025_LS,SHB,1285,1687,28.12,157.9,265.3,31.3,26.7,0.675,1
NShelbyRd(blue)_SHB_12.11.2025_LS,SHB,1285,1688,28.14,149.2,265.3,31.6,26.0,0.7172,1
NShelbyRd(blue)_SHB_12.11.2025_LS,SHB,1285,1689,28.16,138.8,265.3,30.7,25.1,0.7125,1
NShelbyRd(blue)_SHB_12.11.2025_LS,SHB,1285,1690,28.17,129.4,265.8,31.0,24.7,0.7188,1
NShelbyRd(blue)_SHB_12.11.2025_LS,SHB,1285,1691,28.19,118.5,265.6,31.1,24.6,0.7126,1
NShelbyRd(blue)_SHB_12.11.2025_LS,SHB,1285,1692,28.21,107.8,263.7,30.5,24.5,0.6754,1
NShelbyRd(blue)_SHB_12.11.2025_LS,SHB,1285,1693,28.22,96.8,264.3,29.1,24.3,0.7272,1
NShelbyRd(blue)_SHB_12.11.2025_LS,SHB,1285,1694,28.24,86.7,263.3,29.2,24.7,0.7076,1
NShelbyRd(blue)_SHB_12.11.2025_LS,SHB,1285,1695,28.26,76.0,263.6,29.0,23.4,0.6869,1
NShelbyRd(blue)_SHB_12.11.2025_LS,SHB,1285,1696,28.27,64.9,264.6,28.3,22.7,0.6151,1
NShelbyRd(blue)_SHB_12.11.2025_LS,SHB,1285,1697,28.29,53.2,263.3,27.6,23.0,0.6673,1
NShelbyRd(blue)_SHB_12.11.2025_LS,SHB,1285,1698,28.31,41.3,261.0,28.9,23.6,0.6291,1
NShelbyRd(blue)_SHB_12.11.2025_LS,SHB,1285,1699,28.32,30.4,260.6,29.4,23.0,0.6682,1
NShelbyRd(blue)_SHB_12.11.2025_LS,SHB,1285,1700,28.34,19.5,258.6,30.0,23.4,0.6405,1
NShelbyRd(blue)_SHB_12.11.2025_LS,SHB,1287,1647,27.46,623.4,284.0,28.9,31.9,0.7378,1
NShelbyRd(blue)_SHB_12.11.2025_LS,SHB,1287,1648,27.47,616.2,285.1,33.3,31.8,0.7722,1
NShelbyRd(blue)_SHB_12.11.2025_LS,SHB,1287,1649,27.49,607.6,286.1,34.9,32.8,0.7841,1
NShelbyRd(blue)_SHB_12.11.2025_LS,SHB,1287,1650,27.51,599.1,284.6,35.6,33.0,0.8145,1
NShelbyRd(blue)_SHB_12.11.2025_LS,SHB,1287,1651,27.52,590.7,287.1,35.3,31.8,0.8176,1
NShelbyRd(blue)_SHB_12.11.2025_LS,SHB,1287,1652,27.54,581.3,287.8,36.7,32.0,0.7645,1
NShelbyRd(blue)_SHB_12.11.2025_LS,SHB,1287,1653,27.56,573.1,289.5,36.3,31.5,0.8019,1
NShelbyRd(blue)_SHB_12.11.2025_LS,SHB,1287,1654,27.57,565.2,291.6,35.6,30.8,0.7257,1
NShelbyRd(blue)_SHB_12.11.2025_LS,SHB,1287,1655,27.59,555.9,291.0,35.3,30.6,0.7436,1
NShelbyRd(blue)_SHB_12.11.2025_LS,SHB,1287,1656,27.61,546.2,291.8,35.1,29.7,0.7191,1
NShelbyRd(blue)_SHB_12.11.2025_LS,SHB,1287,1657,27.62,536.6,289.6,35.0,27.4,0.7385,1
NShelbyRd(blue)_SHB_12.11.2025_LS,SHB,1287,1658,27.64,526.8,288.6,35.5,26.6,0.7393,1
NShelbyRd(blue)_SHB_12.11.2025_LS,SHB,1287,1659,27.66,517.3,287.4,36.4,26.7,0.6957,1
NShelbyRd(blue)_SHB_12.11.2025_LS,SHB,1287,1660,27.67,508.7,284.2,34.4,26.4,0.6737,1
NShelbyRd(blue)_SHB_12.11.2025_LS,SHB,1287,1661,27.69,499.0,282.8,34.9,28.0,0.674,1
NShelbyRd(blue)_SHB_12.11.2025_LS,SHB,1287,1662,27.71,491.1,280.6,35.4,28.3,0.6102,1
NShelbyRd(blue)_SHB_12.11.2025_LS,SHB,1287,1663,27.72,482.1,277.5,34.2,28.8,0.4912,1
NShelbyRd(blue)_SHB_12.11.2025_LS,SHB,1287,1664,27.74,473.5,276.4,35.3,29.5,0.6647,1
NShelbyRd(blue)_SHB_12.11.2025_LS,SHB,1287,1665,27.76,462.2,275.0,37.2,29.2,0.3859,1
NShelbyRd(blue)_SHB_12.11.2025_LS,SHB,1287,1666,27.77,453.6,272.6,32.7,28.3,0.6883,1
NShelbyRd(blue)_SHB_12.11.2025_LS,SHB,1287,1667,27.79,444.6,269.8,32.1,27.2,0.5621,1
NShelbyRd(blue)_SHB_12.11.2025_LS,SHB,1287,1668,27.81,434.4,269.8,34.1,28.8,0.5583,1
NShelbyRd(blue)_SHB_12.11.2025_LS,SHB,1287,1669,27.82,424.9,270.7,34.3,30.0,0.4407,1
NShelbyRd(blue)_SHB_12.11.2025_LS,SHB,1287,1670,27.84,414.6,270.2,35.3,29.6,0.4619,1
NShelbyRd(blue)_SHB_12.11.2025_LS,SHB,1287,1671,27.86,403.9,269.8,35.1,28.1,0.419,1
NShelbyRd(blue)_SHB_12.11.2025_LS,SHB,1287,1672,27.87,393.6,270.3,35.3,27.7,0.6187,1
NShelbyRd(blue)_SHB_12.11.2025_LS,SHB,1287,1673,27.89,383.6,270.5,36.3,28.8,0.3636,1
NShelbyRd(blue)_SHB_12.11.2025_LS,SHB,1287,1674,27.91,372.8,271.8,37.2,30.8,0.722,1
NShelbyRd(blue)_SHB_12.11.2025_LS,SHB,1287,1675,27.92,362.2,270.7,36.2,29.1,0.6918,1
NShelbyRd(blue)_SHB_12.11.2025_LS,SHB,1287,1676,27.94,352.1,270.5,37.4,27.9,0.411,1
NShelbyRd(blue)_SHB_12.11.2025_LS,SHB,1287,1677,27.96,342.1,270.6,36.6,28.2,0.3329,1
NShelbyRd(blue)_SHB_12.11.2025_LS,SHB,1287,1678,27.97,330.5,269.3,39.2,28.3,0.1657,1
NShelbyRd(blue)_SHB_12.11.2025_LS,SHB,1287,1679,27.99,321.7,268.2,37.3,26.7,0.4796,1
NShelbyRd(blue)_SHB_12.11.2025_LS,SHB,1287,1681,28.02,298.9,267.7,33.4,22.9,0.4022,1
NShelbyRd(blue)_SHB_12.11.2025_LS,SHB,1287,1682,28.04,287.5,267.2,33.0,22.2,0.3881,1
NShelbyRd(blue)_SHB_12.11.2025_LS,SHB,1287,1683,28.06,275.9,265.1,34.2,23.9,0.3469,1
NShelbyRd(blue)_SHB_12.11.2025_LS,SHB,1287,1688,28.14,230.3,261.5,42.3,28.2,0.479,1
NShelbyRd(blue)_SHB_12.11.2025_LS,SHB,1287,1691,28.19,209.5,259.6,35.0,30.9,0.4557,1
NShelbyRd(blue)_SHB_12.11.2025_LS,SHB,1287,1692,28.21,198.5,257.4,32.5,30.0,0.2006,1
NShelbyRd(blue)_SHB_12.11.2025_LS,SHB,1288,1648,27.47,472.7,293.7,25.6,20.7,0.536,1
NShelbyRd(blue)_SHB_12.11.2025_LS,SHB,1288,1649,27.49,463.5,293.8,25.8,21.2,0.6377,1
NShelbyRd(blue)_SHB_12.11.2025_LS,SHB,1288,1650,27.51,456.2,292.8,27.3,20.7,0.6036,1
NShelbyRd(blue)_SHB_12.11.2025_LS,SHB,1288,1651,27.52,447.4,295.1,27.9,21.5,0.5143,1
NShelbyRd(blue)_SHB_12.11.2025_LS,SHB,1288,1652,27.54,438.3,295.4,29.6,22.5,0.5737,1
NShelbyRd(blue)_SHB_12.11.2025_LS,SHB,1288,1653,27.56,430.3,297.2,30.8,23.7,0.6494,1
NShelbyRd(blue)_SHB_12.11.2025_LS,SHB,1288,1654,27.57,421.1,299.3,33.0,23.8,0.5068,1
NShelbyRd(blue)_SHB_12.11.2025_LS,SHB,1288,1655,27.59,412.6,298.9,31.2,23.6,0.4105,1
NShelbyRd(blue)_SHB_12.11.2025_LS,SHB,1288,1656,27.61,404.1,298.9,31.1,23.8,0.4094,1
NShelbyRd(blue)_SHB_12.11.2025_LS,SHB,1288,1657,27.62,394.8,298.4,30.0,23.5,0.3781,1
NShelbyRd(blue)_SHB_12.11.2025_LS,SHB,1288,1658,27.64,385.0,298.5,29.0,23.4,0.4121,1
NShelbyRd(blue)_SHB_12.11.2025_LS,SHB,1288,1659,27.66,376.7,298.1,28.3,22.9,0.4585,1
NShelbyRd(blue)_SHB_12.11.2025_LS,SHB,1288,1660,27.67,367.0,294.6,27.5,23.6,0.5489,1
NShelbyRd(blue)_SHB_12.11.2025_LS,SHB,1288,1661,27.69,358.0,292.2,27.1,22.9,0.6236,1
NShelbyRd(blue)_SHB_12.11.2025_LS,SHB,1288,1662,27.71,350.3,290.6,28.2,22.7,0.4777,1
NShelbyRd(blue)_SHB_12.11.2025_LS,SHB,1288,1663,27.72,339.9,287.4,26.2,24.0,0.6313,1
NShelbyRd(blue)_SHB_12.11.2025_LS,SHB,1288,1664,27.74,330.1,285.7,25.8,24.1,0.6056,1
NShelbyRd(blue)_SHB_12.11.2025_LS,SHB,1288,1665,27.76,321.1,283.7,26.6,22.4,0.6065,1
NShelbyRd(blue)_SHB_12.11.2025_LS,SHB,1288,1666,27.77,311.9,282.2,27.1,23.0,0.5864,1
NShelbyRd(blue)_SHB_12.11.2025_LS,SHB,1288,1667,27.79,302.6,280.8,27.4,23.2,0.5862,1
NShelbyRd(blue)_SHB_12.11.2025_LS,SHB,1288,1668,27.81,293.6,280.6,28.8,22.9,0.515,1
NShelbyRd(blue)_SHB_12.11.2025_LS,SHB,1288,1669,27.82,283.7,280.4,28.1,22.8,0.2221,1
NShelbyRd(blue)_SHB_12.11.2025_LS,SHB,1288,1670,27.84,274.2,279.7,26.6,21.9,0.5668,1
NShelbyRd(blue)_SHB_12.11.2025_LS,SHB,1288,1671,27.86,265.4,278.9,27.3,22.8,0.6685,1
NShelbyRd(blue)_SHB_12.11.2025_LS,SHB,1288,1672,27.87,255.8,279.0,27.3,23.2,0.6038,1
NShelbyRd(blue)_SHB_12.11.2025_LS,SHB,1288,1673,27.89,246.1,279.6,28.8,23.7,0.4762,1
NShelbyRd(blue)_SHB_12.11.2025_LS,SHB,1288,1674,27.91,236.1,280.2,28.4,23.9,0.3633,1
NShelbyRd(blue)_SHB_12.11.2025_LS,SHB,1288,1675,27.92,225.8,279.9,28.3,23.1,0.364,1
NShelbyRd(blue)_SHB_12.11.2025_LS,SHB,1288,1676,27.94,216.5,278.9,28.1,23.9,0.551,1
NShelbyRd(blue)_SHB_12.11.2025_LS,SHB,1288,1677,27.96,206.6,278.2,28.5,24.3,0.5316,1
NShelbyRd(blue)_SHB_12.11.2025_LS,SHB,1288,1678,27.97,197.0,277.1,28.0,23.3,0.3527,1
NShelbyRd(blue)_SHB_12.11.2025_LS,SHB,1288,1679,27.99,187.0,276.4,26.8,22.3,0.501,1
NShelbyRd(blue)_SHB_12.11.2025_LS,SHB,1288,1680,28.01,177.1,276.2,24.7,20.8,0.2351,1
NShelbyRd(blue)_SHB_12.11.2025_LS,SHB,1288,1681,28.02,168.5,274.6,26.5,22.6,0.5413,1
NShelbyRd(blue)_SHB_12.11.2025_LS,SHB,1288,1682,28.04,158.4,273.3,27.9,23.9,0.4735,1
NShelbyRd(blue)_SHB_12.11.2025_LS,SHB,1288,1683,28.06,149.0,271.9,30.6,22.6,0.3661,1
NShelbyRd(blue)_SHB_12.11.2025_LS,SHB,1288,1684,28.07,140.3,272.5,30.5,22.5,0.4107,1
NShelbyRd(blue)_SHB_12.11.2025_LS,SHB,1288,1685,28.09,129.6,271.1,29.9,22.7,0.5501,1
NShelbyRd(blue)_SHB_12.11.2025_LS,SHB,1288,1686,28.11,119.7,270.7,28.8,23.2,0.5755,1
NShelbyRd(blue)_SHB_12.11.2025_LS,SHB,1288,1687,28.12,109.5,270.3,28.1,22.4,0.4644,1
NShelbyRd(blue)_SHB_12.11.2025_LS,SHB,1288,1688,28.14,100.7,270.6,29.6,23.0,0.4439,1
NShelbyRd(blue)_SHB_12.11.2025_LS,SHB,1288,1689,28.16,90.1,270.4,27.4,22.1,0.5784,1
NShelbyRd(blue)_SHB_12.11.2025_LS,SHB,1288,1690,28.17,80.1,270.5,27.8,22.8,0.5298,1
NShelbyRd(blue)_SHB_12.11.2025_LS,SHB,1288,1691,28.19,69.6,270.3,28.0,22.6,0.5675,1
NShelbyRd(blue)_SHB_12.11.2025_LS,SHB,1288,1692,28.21,59.5,268.8,28.4,23.1,0.5753,1
NShelbyRd(blue)_SHB_12.11.2025_LS,SHB,1288,1693,28.22,48.9,270.1,28.9,23.2,0.5632,1
NShelbyRd(blue)_SHB_12.11.2025_LS,SHB,1288,1694,28.24,37.7,268.8,27.9,21.9,0.5337,1
NShelbyRd(blue)_SHB_12.11.2025_LS,SHB,1288,1695,28.26,27.7,269.2,29.0,22.2,0.4393,1
NShelbyRd(blue)_SHB_12.11.2025_LS,SHB,1288,1696,28.27,16.4,270.0,29.3,23.2,0.5854,1
NShelbyRd(blue)_SHB_12.11.2025_LS,SHB,1288,1697,28.29,9.2,269.1,18.3,21.4,0.3967,1
NShelbyRd(blue)_SHB_12.11.2025_LS,SHB,1289,1662,27.71,307.8,291.6,29.5,27.4,0.5288,1
NShelbyRd(blue)_SHB_12.11.2025_LS,SHB,1289,1663,27.72,297.8,288.3,29.2,31.4,0.5608,1
NShelbyRd(blue)_SHB_12.11.2025_LS,SHB,1289,1664,27.74,288.4,286.1,28.5,30.5,0.7206,1
NShelbyRd(blue)_SHB_12.11.2025_LS,SHB,1289,1665,27.76,279.9,284.1,27.6,29.4,0.6935,1
NShelbyRd(blue)_SHB_12.11.2025_LS,SHB,1289,1666,27.77,270.4,282.7,28.6,28.2,0.6787,1
NShelbyRd(blue)_SHB_12.11.2025_LS,SHB,1289,1667,27.79,261.2,281.2,29.4,28.6,0.402,1
NShelbyRd(blue)_SHB_12.11.2025_LS,SHB,1289,1668,27.81,252.2,281.1,29.6,29.1,0.3896,1
NShelbyRd(blue)_SHB_12.11.2025_LS,SHB,1289,1669,27.82,244.4,280.1,30.9,29.4,0.1639,1
NShelbyRd(blue)_SHB_12.11.2025_LS,SHB,1289,1670,27.84,235.0,279.9,29.8,29.0,0.44,1
NShelbyRd(blue)_SHB_12.11.2025_LS,SHB,1289,1671,27.86,225.3,279.9,29.2,28.9,0.4717,1
NShelbyRd(blue)_SHB_12.11.2025_LS,SHB,1289,1672,27.87,215.5,280.0,29.7,29.4,0.4438,1
NShelbyRd(blue)_SHB_12.11.2025_LS,SHB,1289,1673,27.89,207.1,280.1,29.8,29.2,0.4575,1
NShelbyRd(blue)_SHB_12.11.2025_LS,SHB,1289,1674,27.91,197.5,280.4,31.2,28.8,0.5255,1
NShelbyRd(blue)_SHB_12.11.2025_LS,SHB,1289,1675,27.92,187.1,279.9,29.8,28.4,0.4806,1
NShelbyRd(blue)_SHB_12.11.2025_LS,SHB,1289,1676,27.94,177.4,278.9,29.7,28.8,0.5692,1
NShelbyRd(blue)_SHB_12.11.2025_LS,SHB,1289,1677,27.96,167.6,278.9,29.9,28.9,0.382,1
NShelbyRd(blue)_SHB_12.11.2025_LS,SHB,1289,1678,27.97,158.6,277.1,30.7,29.3,0.6264,1
NShelbyRd(blue)_SHB_12.11.2025_LS,SHB,1289,1679,27.99,149.2,276.8,30.3,29.6,0.6488,1
NShelbyRd(blue)_SHB_12.11.2025_LS,SHB,1289,1680,28.01,139.7,276.5,29.3,29.1,0.5956,1
NShelbyRd(blue)_SHB_12.11.2025_LS,SHB,1289,1681,28.02,130.7,275.8,29.3,28.9,0.6201,1
NShelbyRd(blue)_SHB_12.11.2025_LS,SHB,1289,1682,28.04,120.8,274.6,28.8,28.4,0.6963,1
NShelbyRd(blue)_SHB_12.11.2025_LS,SHB,1289,1683,28.06,111.0,272.6,30.4,29.0,0.5496,1
NShelbyRd(blue)_SHB_12.11.2025_LS,SHB,1289,1684,28.07,102.1,273.0,31.8,29.8,0.6767,1
NShelbyRd(blue)_SHB_12.11.2025_LS,SHB,1289,1685,28.09,91.6,271.4,31.6,30.4,0.5998,1
NShelbyRd(blue)_SHB_12.11.2025_LS,SHB,1289,1686,28.11,82.0,271.3,31.8,29.8,0.5958,1
NShelbyRd(blue)_SHB_12.11.2025_LS,SHB,1289,1687,28.12,72.6,270.4,32.8,28.8,0.5978,1
NShelbyRd(blue)_SHB_12.11.2025_LS,SHB,1289,1688,28.14,64.4,271.0,32.2,27.9,0.6241,1
NShelbyRd(blue)_SHB_12.11.2025_LS,SHB,1289,1689,28.16,54.0,270.4,31.9,28.2,0.6911,1
NShelbyRd(blue)_SHB_12.11.2025_LS,SHB,1289,1690,28.17,44.1,270.6,32.1,28.1,0.6849,1
NShelbyRd(blue)_SHB_12.11.2025_LS,SHB,1289,1691,28.19,34.2,271.2,32.6,27.5,0.6353,1
NShelbyRd(blue)_SHB_12.11.2025_LS,SHB,1289,1692,28.21,23.1,269.8,32.8,28.7,0.6377,1
NShelbyRd(blue)_SHB_12.11.2025_LS,SHB,1289,1693,28.22,14.4,270.2,28.9,29.2,0.7012,1
NShelbyRd(blue)_SHB_12.11.2025_LS,SHB,1289,1694,28.24,9.1,268.3,18.3,27.3,0.2117,1
NShelbyRd(blue)_SHB_12.11.2025_LS,SHB,1291,1676,27.94,138.4,283.6,26.6,21.6,0.4146,0
NShelbyRd(blue)_SHB_12.11.2025_LS,SHB,1291,1677,27.96,127.4,283.1,25.7,19.6,0.288,0
NShelbyRd(blue)_SHB_12.11.2025_LS,SHB,1291,1678,27.97,117.8,282.5,26.0,22.8,0.3056,0
NShelbyRd(blue)_SHB_12.11.2025_LS,SHB,1291,1679,27.99,108.1,281.3,26.1,23.3,0.5436,0
NShelbyRd(blue)_SHB_12.11.2025_LS,SHB,1291,1680,28.01,98.7,281.4,24.9,22.1,0.2625,0
NShelbyRd(blue)_SHB_12.11.2025_LS,SHB,1291,1681,28.02,89.3,279.6,25.5,22.1,0.4055,0
NShelbyRd(blue)_SHB_12.11.2025_LS,SHB,1291,1682,28.04,79.9,278.8,26.0,22.4,0.5138,0
NShelbyRd(blue)_SHB_12.11.2025_LS,SHB,1291,1683,28.06,70.2,277.0,26.8,21.2,0.4868,0
NShelbyRd(blue)_SHB_12.11.2025_LS,SHB,1291,1684,28.07,60.5,276.8,27.3,20.7,0.514,0
NShelbyRd(blue)_SHB_12.11.2025_LS,SHB,1291,1685,28.09,51.1,275.3,27.4,22.4,0.6004,0
NShelbyRd(blue)_SHB_12.11.2025_LS,SHB,1291,1686,28.11,41.2,275.0,28.0,21.2,0.5697,0
NShelbyRd(blue)_SHB_12.11.2025_LS,SHB,1291,1687,28.12,31.7,274.7,28.2,21.8,0.5162,0
NShelbyRd(blue)_SHB_12.11.2025_LS,SHB,1291,1688,28.14,23.4,275.3,28.1,21.6,0.4927,0
NShelbyRd(blue)_SHB_12.11.2025_LS,SHB,1291,1689,28.16,13.6,274.3,26.6,19.9,0.3342,0
NShelbyRd(blue)_SHB_12.11.2025_LS,SHB,1293,1705,28.42,41.4,248.8,44.9,36.7,0.4343,0
NShelbyRd(blue)_SHB_12.11.2025_LS,SHB,1293,1707,28.46,19.5,246.3,39.0,36.6,0.4543,0
NShelbyRd(blue)_SHB_12.11.2025_LS,SHB,1293,1708,28.47,14.1,244.1,28.3,35.6,0.3289,0
NShelbyRd(blue)_SHB_12.11.2025_LS,SHB,1293,1709,28.49,12.7,244.4,25.5,39.8,0.6174,0
NShelbyRd(blue)_SHB_12.11.2025_LS,SHB,1314,2153,35.89,616.1,325.4,36.8,43.9,0.7505,1
NShelbyRd(blue)_SHB_12.11.2025_LS,SHB,1314,2154,35.91,610.2,321.5,37.2,38.7,0.6933,1
NShelbyRd(blue)_SHB_12.11.2025_LS,SHB,1314,2155,35.93,602.8,320.5,39.6,35.7,0.6228,1
NShelbyRd(blue)_SHB_12.11.2025_LS,SHB,1314,2156,35.94,595.8,320.4,40.3,35.1,0.6483,1
NShelbyRd(blue)_SHB_12.11.2025_LS,SHB,1314,2157,35.96,588.3,318.5,40.8,37.1,0.6068,1
NShelbyRd(blue)_SHB_12.11.2025_LS,SHB,1314,2158,35.98,581.5,317.5,42.2,36.7,0.5781,1
NShelbyRd(blue)_SHB_12.11.2025_LS,SHB,1314,2159,35.99,576.4,318.1,41.2,34.0,0.743,1
NShelbyRd(blue)_SHB_12.11.2025_LS,SHB,1314,2160,36.01,570.1,317.9,35.8,34.4,0.6392,1
NShelbyRd(blue)_SHB_12.11.2025_LS,SHB,1314,2162,36.04,553.9,315.9,33.3,35.2,0.5472,1
NShelbyRd(blue)_SHB_12.11.2025_LS,SHB,1314,2163,36.06,544.9,316.4,32.3,32.5,0.6176,1
NShelbyRd(blue)_SHB_12.11.2025_LS,SHB,1314,2164,36.08,536.8,317.1,34.0,32.5,0.5328,1
NShelbyRd(blue)_SHB_12.11.2025_LS,SHB,1314,2165,36.09,529.0,316.6,32.7,30.0,0.7082,1
NShelbyRd(blue)_SHB_12.11.2025_LS,SHB,1314,2166,36.11,521.9,317.1,32.1,30.1,0.4393,1
NShelbyRd(blue)_SHB_12.11.2025_LS,SHB,1314,2167,36.13,516.2,317.0,30.8,29.9,0.659,1
NShelbyRd(blue)_SHB_12.11.2025_LS,SHB,1314,2168,36.14,509.6,316.7,30.0,30.8,0.7055,1
NShelbyRd(blue)_SHB_12.11.2025_LS,SHB,1314,2169,36.16,502.8,318.0,31.4,32.8,0.6973,1
NShelbyRd(blue)_SHB_12.11.2025_LS,SHB,1314,2170,36.18,497.3,319.2,35.1,34.1,0.6403,1
NShelbyRd(blue)_SHB_12.11.2025_LS,SHB,1314,2171,36.19,489.8,319.4,34.1,34.8,0.7554,1
NShelbyRd(blue)_SHB_12.11.2025_LS,SHB,1314,2172,36.21,483.9,320.7,34.1,34.1,0.7295,1
NShelbyRd(blue)_SHB_12.11.2025_LS,SHB,1314,2173,36.23,477.0,320.8,33.1,36.0,0.7822,1
NShelbyRd(blue)_SHB_12.11.2025_LS,SHB,1314,2174,36.24,471.2,321.7,33.6,35.6,0.7628,1
NShelbyRd(blue)_SHB_12.11.2025_LS,SHB,1314,2175,36.26,463.8,321.1,31.9,37.2,0.6996,1
NShelbyRd(blue)_SHB_12.11.2025_LS,SHB,1314,2176,36.28,458.8,320.0,33.4,37.7,0.7282,1
NShelbyRd(blue)_SHB_12.11.2025_LS,SHB,1314,2177,36.29,452.5,318.1,30.2,28.9,0.5957,1
NShelbyRd(blue)_SHB_12.11.2025_LS,SHB,1314,2180,36.34,427.2,318.2,31.9,31.7,0.6116,1
NShelbyRd(blue)_SHB_12.11.2025_LS,SHB,1314,2181,36.36,420.7,319.5,30.7,35.8,0.6294,1
NShelbyRd(blue)_SHB_12.11.2025_LS,SHB,1314,2182,36.38,416.5,322.5,28.1,37.1,0.4888,1
NShelbyRd(blue)_SHB_12.11.2025_LS,SHB,1314,2183,36.39,411.8,320.9,26.6,34.7,0.4146,1
NShelbyRd(blue)_SHB_12.11.2025_LS,SHB,1314,2184,36.41,405.3,320.0,30.1,30.6,0.1606,1
NShelbyRd(blue)_SHB_12.11.2025_LS,SHB,1314,2187,36.46,378.4,322.9,32.1,28.6,0.6266,1
NShelbyRd(blue)_SHB_12.11.2025_LS,SHB,1314,2188,36.48,373.4,323.9,33.2,33.3,0.5867,1
NShelbyRd(blue)_SHB_12.11.2025_LS,SHB,1314,2195,36.59,326.8,327.3,29.5,30.5,0.3677,1
NShelbyRd(blue)_SHB_12.11.2025_LS,SHB,1314,2196,36.61,323.2,328.7,27.6,30.6,0.3583,1
NShelbyRd(blue)_SHB_12.11.2025_LS,SHB,1314,2197,36.63,317.8,331.1,30.6,33.3,0.6086,1
NShelbyRd(blue)_SHB_12.11.2025_LS,SHB,1314,2198,36.64,310.0,331.5,31.3,33.4,0.4179,1
NShelbyRd(blue)_SHB_12.11.2025_LS,SHB,1314,2199,36.66,304.8,331.9,31.9,32.2,0.5191,1
NShelbyRd(blue)_SHB_12.11.2025_LS,SHB,1314,2200,36.68,299.1,334.3,31.5,31.4,0.6218,1
NShelbyRd(blue)_SHB_12.11.2025_LS,SHB,1314,2201,36.69,293.5,334.8,31.3,31.4,0.6166,1
NShelbyRd(blue)_SHB_12.11.2025_LS,SHB,1314,2202,36.71,288.7,336.1,32.8,33.1,0.542,1
NShelbyRd(blue)_SHB_12.11.2025_LS,SHB,1314,2203,36.73,283.8,337.9,34.5,34.3,0.5412,1
NShelbyRd(blue)_SHB_12.11.2025_LS,SHB,1314,2204,36.74,276.0,338.6,30.8,36.7,0.6822,1
NShelbyRd(blue)_SHB_12.11.2025_LS,SHB,1314,2205,36.76,269.6,339.5,30.3,36.4,0.6536,1
NShelbyRd(blue)_SHB_12.11.2025_LS,SHB,1314,2206,36.78,265.7,340.9,25.2,34.8,0.6033,1
NShelbyRd(blue)_SHB_12.11.2025_LS,SHB,1314,2210,36.84,241.6,337.2,23.4,22.9,0.6405,1
NShelbyRd(blue)_SHB_12.11.2025_LS,SHB,1314,2211,36.86,241.4,335.8,23.3,21.0,0.2344,1
NShelbyRd(blue)_SHB_12.11.2025_LS,SHB,1324,2163,36.06,316.3,164.2,24.1,24.6,0.4185,0
NShelbyRd(blue)_SHB_12.11.2025_LS,SHB,1324,2164,36.08,306.4,162.6,25.1,25.1,0.1978,0
NShelbyRd(blue)_SHB_12.11.2025_LS,SHB,1324,2165,36.09,297.0,160.8,25.9,26.1,0.1958,0
NShelbyRd(blue)_SHB_12.11.2025_LS,SHB,1325,2167,36.13,423.3,318.8,32.3,25.7,0.5054,1
NShelbyRd(blue)_SHB_12.11.2025_LS,SHB,1325,2168,36.14,419.5,319.2,30.5,27.7,0.3852,1
NShelbyRd(blue)_SHB_12.11.2025_LS,SHB,1325,2178,36.31,362.6,320.7,35.0,29.0,0.7115,1
NShelbyRd(blue)_SHB_12.11.2025_LS,SHB,1325,2179,36.33,358.8,321.4,32.3,28.4,0.5713,1
NShelbyRd(blue)_SHB_12.11.2025_LS,SHB,1325,2180,36.34,354.9,321.0,31.9,28.1,0.3502,1
NShelbyRd(blue)_SHB_12.11.2025_LS,SHB,1325,2187,36.46,312.0,325.6,34.8,26.3,0.4679,1
NShelbyRd(blue)_SHB_12.11.2025_LS,SHB,1325,2188,36.48,313.1,326.3,28.4,25.9,0.492,1
NShelbyRd(blue)_SHB_12.11.2025_LS,SHB,1325,2189,36.49,309.8,328.3,26.3,25.5,0.2588,1
NShelbyRd(blue)_SHB_12.11.2025_LS,SHB,1325,2190,36.51,309.4,328.4,29.5,27.8,0.4885,1
NShelbyRd(blue)_SHB_12.11.2025_LS,SHB,1325,2191,36.53,303.2,328.1,31.4,27.0,0.3342,1
NShelbyRd(blue)_SHB_12.11.2025_LS,SHB,1325,2204,36.74,239.9,338.8,35.7,28.7,0.3168,1
NShelbyRd(blue)_SHB_12.11.2025_LS,SHB,1325,2205,36.76,233.9,340.3,35.9,27.7,0.493,1
NShelbyRd(blue)_SHB_12.11.2025_LS,SHB,1325,2206,36.78,229.1,340.8,37.2,30.1,0.5658,1
NShelbyRd(blue)_SHB_12.11.2025_LS,SHB,1325,2207,36.79,221.4,341.2,30.3,28.9,0.5856,1
NShelbyRd(blue)_SHB_12.11.2025_LS,SHB,1325,2208,36.81,215.1,342.4,28.1,26.4,0.7402,1
NShelbyRd(blue)_SHB_12.11.2025_LS,SHB,1325,2209,36.83,208.9,342.5,27.0,23.5,0.6541,1
NShelbyRd(blue)_SHB_12.11.2025_LS,SHB,1325,2210,36.84,206.6,343.5,26.1,23.6,0.5999,1
NShelbyRd(blue)_SHB_12.11.2025_LS,SHB,1325,2211,36.86,201.8,341.3,22.5,24.9,0.4553,1
NShelbyRd(blue)_SHB_12.11.2025_LS,SHB,1325,2212,36.88,196.0,344.2,21.8,26.6,0.56,1
NShelbyRd(blue)_SHB_12.11.2025_LS,SHB,1325,2213,36.89,186.8,343.8,24.7,26.0,0.6436,1
NShelbyRd(blue)_SHB_12.11.2025_LS,SHB,1325,2214,36.91,180.5,344.4,23.8,26.0,0.4427,1
NShelbyRd(blue)_SHB_12.11.2025_LS,SHB,1325,2215,36.93,175.6,345.1,24.8,27.4,0.5985,1
NShelbyRd(blue)_SHB_12.11.2025_LS,SHB,1325,2216,36.94,173.5,345.6,27.5,26.0,0.3633,1
NShelbyRd(blue)_SHB_12.11.2025_LS,SHB,1325,2217,36.96,170.4,346.0,27.6,23.8,0.5676,1
NShelbyRd(blue)_SHB_12.11.2025_LS,SHB,1325,2218,36.98,166.6,346.5,27.9,22.3,0.6085,1
NShelbyRd(blue)_SHB_12.11.2025_LS,SHB,1325,2219,36.99,163.0,346.8,30.2,22.6,0.5928,1
NShelbyRd(blue)_SHB_12.11.2025_LS,SHB,1325,2220,37.01,158.1,348.5,27.8,21.7,0.6625,1
NShelbyRd(blue)_SHB_12.11.2025_LS,SHB,1325,2221,37.03,153.0,348.7,26.7,21.6,0.6281,1
NShelbyRd(blue)_SHB_12.11.2025_LS,SHB,1325,2229,37.16,114.6,351.9,28.7,23.0,0.4764,1
NShelbyRd(blue)_SHB_12.11.2025_LS,SHB,1325,2230,37.18,109.3,352.0,29.2,22.2,0.6133,1
NShelbyRd(blue)_SHB_12.11.2025_LS,SHB,1325,2231,37.19,107.4,352.2,28.7,20.7,0.6373,1
NShelbyRd(blue)_SHB_12.11.2025_LS,SHB,1325,2232,37.21,103.4,352.3,29.1,22.1,0.63,1
NShelbyRd(blue)_SHB_12.11.2025_LS,SHB,1325,2233,37.23,98.9,351.8,29.4,22.0,0.6801,1
NShelbyRd(blue)_SHB_12.11.2025_LS,SHB,1325,2234,37.24,94.9,350.6,28.4,22.1,0.647,1
NShelbyRd(blue)_SHB_12.11.2025_LS,SHB,1325,2235,37.26,92.0,348.7,26.2,24.7,0.395,1
NShelbyRd(blue)_SHB_12.11.2025_LS,SHB,1325,2237,37.29,89.8,349.1,26.3,28.2,0.5128,1
NShelbyRd(blue)_SHB_12.11.2025_LS,SHB,1325,2238,37.31,89.7,348.7,26.9,31.6,0.6092,1
NShelbyRd(blue)_SHB_12.11.2025_LS,SHB,1325,2239,37.33,86.9,350.3,28.4,32.4,0.6342,1
NShelbyRd(blue)_SHB_12.11.2025_LS,SHB,1325,2240,37.34,83.5,349.6,27.6,32.5,0.5837,1
NShelbyRd(blue)_SHB_12.11.2025_LS,SHB,1325,2241,37.36,84.1,349.9,25.6,32.8,0.4742,1
NShelbyRd(blue)_SHB_12.11.2025_LS,SHB,1325,2245,37.43,60.6,346.4,23.7,30.5,0.7525,1
NShelbyRd(blue)_SHB_12.11.2025_LS,SHB,1325,2246,37.44,56.3,346.4,22.1,30.7,0.5844,1
NShelbyRd(blue)_SHB_12.11.2025_LS,SHB,1325,2247,37.46,51.2,346.8,22.8,31.9,0.6688,1
NShelbyRd(blue)_SHB_12.11.2025_LS,SHB,1325,2248,37.48,47.6,347.1,22.1,31.6,0.7109,1
NShelbyRd(blue)_SHB_12.11.2025_LS,SHB,1325,2249,37.49,43.3,347.1,23.9,31.5,0.6409,1
NShelbyRd(blue)_SHB_12.11.2025_LS,SHB,1325,2250,37.51,39.3,347.9,25.0,32.5,0.5281,1
NShelbyRd(blue)_SHB_12.11.2025_LS,SHB,1325,2251,37.53,34.4,347.2,25.1,31.2,0.7283,1
NShelbyRd(blue)_SHB_12.11.2025_LS,SHB,1325,2252,37.54,30.0,347.8,26.4,30.8,0.6891,1
NShelbyRd(blue)_SHB_12.11.2025_LS,SHB,1325,2253,37.56,25.3,348.3,27.4,31.6,0.6405,1
NShelbyRd(blue)_SHB_12.11.2025_LS,SHB,1325,2254,37.58,19.0,349.1,26.2,31.7,0.4804,1
NShelbyRd(blue)_SHB_12.11.2025_LS,SHB,1325,2255,37.59,13.8,348.5,25.7,34.7,0.7007,1
NShelbyRd(blue)_SHB_12.11.2025_LS,SHB,1325,2256,37.61,11.7,349.0,23.4,35.5,0.5643,1
NShelbyRd(blue)_SHB_12.11.2025_LS,SHB,1338,2249,37.49,23.9,347.0,33.3,33.1,0.5494,0
NShelbyRd(blue)_SHB_12.11.2025_LS,SHB,1338,2250,37.51,18.7,346.8,32.4,28.7,0.4865,0
NShelbyRd(blue)_SHB_12.11.2025_LS,SHB,1338,2251,37.53,15.3,347.1,30.5,28.1,0.3394,0
NShelbyRd(blue)_SHB_12.11.2025_LS,SHB,1338,2252,37.54,13.0,348.1,26.0,28.4,0.3081,0
NShelbyRd(blue)_SHB_12.11.2025_LS,SHB,1338,2253,37.56,10.7,349.2,21.4,29.4,0.3498,0
NShelbyRd(blue)_SHB_12.11.2025_LS,SHB,1338,2254,37.58,9.0,350.4,18.1,30.4,0.5593,0
NShelbyRd(blue)_SHB_12.11.2025_LS,SHB,1340,2299,38.33,318.0,288.3,40.3,22.2,0.4015,0
NShelbyRd(blue)_SHB_12.11.2025_LS,SHB,1340,2300,38.34,315.1,286.1,39.4,22.7,0.5518,0
NShelbyRd(blue)_SHB_12.11.2025_LS,SHB,1340,2301,38.36,313.5,286.5,37.2,22.1,0.5761,0
NShelbyRd(blue)_SHB_12.11.2025_LS,SHB,1340,2303,38.39,308.5,286.2,39.0,23.6,0.5112,0
NShelbyRd(blue)_SHB_12.11.2025_LS,SHB,1340,2304,38.41,307.0,284.8,36.2,23.0,0.6121,0
NShelbyRd(blue)_SHB_12.11.2025_LS,SHB,1340,2305,38.43,305.3,286.3,36.1,22.8,0.5292,0
NShelbyRd(blue)_SHB_12.11.2025_LS,SHB,1340,2306,38.44,303.1,286.4,36.5,22.6,0.474,0
NShelbyRd(blue)_SHB_12.11.2025_LS,SHB,1340,2307,38.46,299.8,284.7,35.3,22.4,0.3104,0
NShelbyRd(blue)_SHB_12.11.2025_LS,SHB,1340,2308,38.48,298.7,284.3,35.0,23.8,0.3676,0
NShelbyRd(blue)_SHB_12.11.2025_LS,SHB,1347,2458,40.98,14.4,248.7,26.2,25.1,0.584,0
NShelbyRd(blue)_SHB_12.11.2025_LS,SHB,1347,2459,40.99,13.1,249.2,25.3,24.5,0.6813,0
NShelbyRd(blue)_SHB_12.11.2025_LS,SHB,1347,2460,41.01,11.4,249.6,22.1,21.7,0.391,0
NShelbyRd(blue)_SHB_12.11.2025_LS,SHB,1347,2461,41.03,9.7,249.8,19.4,21.3,0.1889,0
NShelbyRd(blue)_SHB_12.11.2025_LS,SHB,1347,2462,41.04,8.8,249.7,17.6,21.1,0.1058,0
NShelbyRd(blue)_SHB_12.11.2025_LS,SHB,1347,2464,41.08,6.9,250.6,13.7,23.3,0.2769,0
NShelbyRd(blue)_SHB_12.11.2025_LS,SHB,1347,2465,41.09,5.8,250.8,11.6,23.7,0.1245,0
NShelbyRd(blue)_SHB_12.11.2025_LS,SHB,1358,3023,50.4,522.0,44.5,49.5,64.1,0.5806,1
NShelbyRd(blue)_SHB_12.11.2025_LS,SHB,1358,3024,50.41,515.4,43.0,50.4,61.9,0.6745,1
NShelbyRd(blue)_SHB_12.11.2025_LS,SHB,1358,3025,50.43,502.7,46.1,46.6,64.7,0.5383,1
NShelbyRd(blue)_SHB_12.11.2025_LS,SHB,1358,3026,50.45,492.9,45.5,47.5,62.2,0.1826,1
NShelbyRd(blue)_SHB_12.11.2025_LS,SHB,1358,3027,50.46,481.8,44.1,48.9,59.2,0.3493,1
NShelbyRd(blue)_SHB_12.11.2025_LS,SHB,1358,3028,50.48,471.4,44.4,51.1,58.0,0.2127,1
NShelbyRd(blue)_SHB_12.11.2025_LS,SHB,1358,3029,50.5,461.2,44.8,48.8,55.3,0.4507,1
NShelbyRd(blue)_SHB_12.11.2025_LS,SHB,1358,3030,50.51,451.4,46.8,48.4,55.5,0.4331,1
NShelbyRd(blue)_SHB_12.11.2025_LS,SHB,1358,3031,50.53,440.1,48.3,50.0,60.6,0.288,1
NShelbyRd(blue)_SHB_12.11.2025_LS,SHB,1358,3032,50.55,431.0,49.5,50.4,63.3,0.3003,1
NShelbyRd(blue)_SHB_12.11.2025_LS,SHB,1358,3033,50.56,421.1,51.4,49.5,65.2,0.6441,1
NShelbyRd(blue)_SHB_12.11.2025_LS,SHB,1358,3034,50.58,410.1,49.6,50.4,63.3,0.4688,1
NShelbyRd(blue)_SHB_12.11.2025_LS,SHB,1358,3035,50.6,400.1,48.8,51.1,62.8,0.3294,1
NShelbyRd(blue)_SHB_12.11.2025_LS,SHB,1358,3036,50.61,389.5,49.3,52.6,63.3,0.4562,1
NShelbyRd(blue)_SHB_12.11.2025_LS,SHB,1358,3037,50.63,377.4,48.9,51.8,63.1,0.5527,1
NShelbyRd(blue)_SHB_12.11.2025_LS,SHB,1358,3038,50.65,366.3,50.6,49.4,65.7,0.7062,1
NShelbyRd(blue)_SHB_12.11.2025_LS,SHB,1358,3039,50.66,357.2,49.3,52.4,63.5,0.6453,1
NShelbyRd(blue)_SHB_12.11.2025_LS,SHB,1358,3040,50.68,346.5,52.3,52.9,66.9,0.3248,1
NShelbyRd(blue)_SHB_12.11.2025_LS,SHB,1358,3041,50.7,336.2,50.0,52.0,62.5,0.3662,1
NShelbyRd(blue)_SHB_12.11.2025_LS,SHB,1358,3042,50.71,326.0,49.7,51.4,58.7,0.3784,1
NShelbyRd(blue)_SHB_12.11.2025_LS,SHB,1358,3045,50.76,295.1,52.1,50.6,56.4,0.4746,1
NShelbyRd(blue)_SHB_12.11.2025_LS,SHB,1358,3047,50.8,272.8,50.7,54.1,56.1,0.472,1
NShelbyRd(blue)_SHB_12.11.2025_LS,SHB,1358,3054,50.91,199.4,57.5,51.2,57.1,0.393,1
NShelbyRd(blue)_SHB_12.11.2025_LS,SHB,1358,3055,50.93,189.6,58.3,50.8,58.3,0.5992,1
NShelbyRd(blue)_SHB_12.11.2025_LS,SHB,1358,3056,50.95,177.7,59.9,48.6,58.2,0.1601,1
NShelbyRd(blue)_SHB_12.11.2025_LS,SHB,1358,3057,50.96,168.2,59.1,48.1,57.9,0.1547,1
NShelbyRd(blue)_SHB_12.11.2025_LS,SHB,1358,3058,50.98,158.3,60.3,46.6,58.3,0.5875,1
NShelbyRd(blue)_SHB_12.11.2025_LS,SHB,1358,3059,51.0,149.9,62.6,52.0,64.7,0.1683,1
NShelbyRd(blue)_SHB_12.11.2025_LS,SHB,1389,5459,91.01,207.5,68.9,40.7,40.9,0.3425,0
NShelbyRd(blue)_SHB_12.11.2025_LS,SHB,1389,5460,91.02,209.9,68.5,36.8,38.5,0.1277,0
NShelbyRd(blue)_SHB_12.11.2025_LS,SHB,1389,5461,91.04,212.2,68.4,40.5,39.3,0.1323,0
NShelbyRd(blue)_SHB_12.11.2025_LS,SHB,1390,5478,91.32,265.0,64.1,44.9,41.6,0.4438,0
NShelbyRd(blue)_SHB_12.11.2025_LS,SHB,1390,5479,91.34,268.3,63.5,41.6,42.0,0.3926,0
NShelbyRd(blue)_SHB_12.11.2025_LS,SHB,1390,5480,91.36,271.7,62.2,42.9,42.6,0.1091,0
NShelbyRd(blue)_SHB_12.11.2025_LS,SHB,1390,5481,91.37,274.9,64.0,41.4,49.3,0.1329,0
NShelbyRd(blue)_SHB_12.11.2025_LS,SHB,1390,5482,91.39,276.7,64.0,40.1,52.2,0.103,0
NShelbyRd(blue)_SHB_12.11.2025_LS,SHB,1390,5483,91.41,277.8,62.2,40.8,51.1,0.1011,0
NShelbyRd(blue)_SHB_12.11.2025_LS,SHB,1390,5484,91.42,280.8,62.4,39.5,53.8,0.1911,0
NShelbyRd(blue)_SHB_12.11.2025_LS,SHB,1390,5485,91.44,282.5,60.8,40.6,51.4,0.417,0
NShelbyRd(blue)_SHB_12.11.2025_LS,SHB,1390,5486,91.46,286.4,61.3,40.7,52.8,0.4138,0
NShelbyRd(blue)_SHB_12.11.2025_LS,SHB,1390,5487,91.47,289.1,59.7,38.2,51.1,0.1409,0
NShelbyRd(blue)_SHB_12.11.2025_LS,SHB,1390,5488,91.49,291.0,60.3,37.9,55.0,0.2367,0
NShelbyRd(blue)_SHB_12.11.2025_LS,SHB,1390,5489,91.51,293.0,60.7,36.7,56.0,0.2011,0
NShelbyRd(blue)_SHB_12.11.2025_LS,SHB,1390,5490,91.52,296.4,59.5,35.5,55.1,0.1438,0
NShelbyRd(blue)_SHB_12.11.2025_LS,SHB,1390,5491,91.54,298.7,54.5,32.9,45.5,0.1236,0
NShelbyRd(blue)_SHB_12.11.2025_LS,SHB,1390,5492,91.56,302.2,53.3,30.2,41.0,0.1179,0
NShelbyRd(blue)_SHB_12.11.2025_LS,SHB,1395,6672,111.23,122.8,237.8,24.9,23.5,0.6439,0
NShelbyRd(blue)_SHB_12.11.2025_LS,SHB,1395,6673,111.24,128.2,237.1,24.9,24.8,0.4854,0
NShelbyRd(blue)_SHB_12.11.2025_LS,SHB,1395,6674,111.26,134.1,237.2,25.4,25.1,0.3277,0
NShelbyRd(blue)_SHB_12.11.2025_LS,SHB,1395,6675,111.28,141.7,239.6,24.7,24.4,0.4032,0
NShelbyRd(blue)_SHB_12.11.2025_LS,SHB,1395,6676,111.3,146.7,240.6,26.3,25.5,0.2012,0
NShelbyRd(blue)_SHB_12.11.2025_LS,SHB,1395,6677,111.31,153.5,241.5,26.2,24.3,0.2545,0
NShelbyRd(blue)_SHB_12.11.2025_LS,SHB,1395,6678,111.33,161.9,242.1,25.8,24.1,0.3785,0
NShelbyRd(blue)_SHB_12.11.2025_LS,SHB,1395,6679,111.35,169.5,242.4,26.3,23.4,0.2141,0
NShelbyRd(blue)_SHB_12.11.2025_LS,SHB,1413,7871,131.22,593.9,278.2,27.9,20.8,0.638,0
NShelbyRd(blue)_SHB_12.11.2025_LS,SHB,1413,7872,131.23,590.4,280.4,25.7,20.1,0.5896,0
NShelbyRd(blue)_SHB_12.11.2025_LS,SHB,1413,7874,131.27,584.8,283.1,27.4,21.2,0.4405,0
NShelbyRd(blue)_SHB_12.11.2025_LS,SHB,1413,7875,131.28,584.2,283.7,29.1,20.7,0.1879,0
NShelbyRd(blue)_SHB_12.11.2025_LS,SHB,1413,7877,131.32,578.5,287.0,32.9,22.3,0.3942,0
NShelbyRd(blue)_SHB_12.11.2025_LS,SHB,1415,8414,140.27,617.0,301.4,39.6,57.0,0.5993,1
NShelbyRd(blue)_SHB_12.11.2025_LS,SHB,1415,8415,140.29,609.7,301.1,41.5,57.4,0.5577,1
NShelbyRd(blue)_SHB_12.11.2025_LS,SHB,1415,8416,140.3,595.9,301.0,37.6,57.3,0.4847,1
NShelbyRd(blue)_SHB_12.11.2025_LS,SHB,1415,8417,140.32,586.5,299.6,39.9,57.5,0.6108,1
NShelbyRd(blue)_SHB_12.11.2025_LS,SHB,1415,8418,140.34,576.1,299.6,38.2,55.6,0.4387,1
NShelbyRd(blue)_SHB_12.11.2025_LS,SHB,1415,8419,140.35,568.3,298.6,41.7,54.5,0.6372,1
NShelbyRd(blue)_SHB_12.11.2025_LS,SHB,1415,8420,140.37,559.5,296.3,45.0,54.4,0.7006,1
NShelbyRd(blue)_SHB_12.11.2025_LS,SHB,1415,8421,140.39,550.0,296.9,44.8,55.8,0.7467,1
NShelbyRd(blue)_SHB_12.11.2025_LS,SHB,1415,8422,140.4,539.7,296.6,45.2,55.5,0.7498,1
NShelbyRd(blue)_SHB_12.11.2025_LS,SHB,1415,8423,140.42,531.6,296.1,43.8,54.3,0.6835,1
NShelbyRd(blue)_SHB_12.11.2025_LS,SHB,1415,8424,140.44,521.8,295.8,43.8,53.5,0.7491,1
NShelbyRd(blue)_SHB_12.11.2025_LS,SHB,1415,8425,140.45,513.5,295.7,44.3,53.2,0.7465,1
NShelbyRd(blue)_SHB_12.11.2025_LS,SHB,1415,8426,140.47,505.1,295.5,43.3,51.1,0.7204,1
NShelbyRd(blue)_SHB_12.11.2025_LS,SHB,1415,8427,140.49,497.0,294.7,42.4,49.6,0.6285,1
NShelbyRd(blue)_SHB_12.11.2025_LS,SHB,1415,8428,140.5,489.1,295.0,42.0,49.1,0.6276,1
NShelbyRd(blue)_SHB_12.11.2025_LS,SHB,1415,8429,140.52,480.5,294.2,41.2,48.7,0.6966,1
NShelbyRd(blue)_SHB_12.11.2025_LS,SHB,1415,8430,140.54,471.5,294.4,42.2,51.1,0.7054,1
NShelbyRd(blue)_SHB_12.11.2025_LS,SHB,1415,8431,140.55,462.3,294.2,44.1,49.5,0.6975,1
NShelbyRd(blue)_SHB_12.11.2025_LS,SHB,1415,8432,140.57,454.0,294.1,46.3,49.5,0.6953,1
NShelbyRd(blue)_SHB_12.11.2025_LS,SHB,1415,8433,140.59,446.0,294.8,46.1,49.8,0.7043,1
NShelbyRd(blue)_SHB_12.11.2025_LS,SHB,1415,8434,140.6,437.2,295.4,46.5,49.8,0.709,1
NShelbyRd(blue)_SHB_12.11.2025_LS,SHB,1415,8435,140.62,429.9,296.9,45.7,51.9,0.7509,1
NShelbyRd(blue)_SHB_12.11.2025_LS,SHB,1415,8436,140.64,422.1,298.3,44.4,51.7,0.7465,1
NShelbyRd(blue)_SHB_12.11.2025_LS,SHB,1415,8437,140.65,412.9,297.3,47.1,52.9,0.7859,1
NShelbyRd(blue)_SHB_12.11.2025_LS,SHB,1415,8438,140.67,406.3,298.2,47.2,52.2,0.7606,1
NShelbyRd(blue)_SHB_12.11.2025_LS,SHB,1415,8439,140.69,400.5,299.3,46.0,51.5,0.7768,1
NShelbyRd(blue)_SHB_12.11.2025_LS,SHB,1415,8440,140.7,391.8,299.2,45.7,52.4,0.7362,1
NShelbyRd(blue)_SHB_12.11.2025_LS,SHB,1415,8441,140.72,385.1,300.5,42.4,52.8,0.733,1
NShelbyRd(blue)_SHB_12.11.2025_LS,SHB,1415,8442,140.74,375.6,300.9,39.5,53.3,0.5166,1
NShelbyRd(blue)_SHB_12.11.2025_LS,SHB,1415,8443,140.75,366.0,301.0,38.5,52.7,0.2608,1
NShelbyRd(blue)_SHB_12.11.2025_LS,SHB,1415,8444,140.77,359.4,301.0,38.4,50.3,0.1414,1
NShelbyRd(blue)_SHB_12.11.2025_LS,SHB,1415,8445,140.79,350.0,302.4,37.3,52.5,0.2745,1
NShelbyRd(blue)_SHB_12.11.2025_LS,SHB,1415,8446,140.8,341.4,303.9,35.8,54.0,0.2532,1
NShelbyRd(blue)_SHB_12.11.2025_LS,SHB,1415,8447,140.82,334.8,303.3,38.5,51.1,0.3127,1
NShelbyRd(blue)_SHB_12.11.2025_LS,SHB,1415,8448,140.84,329.8,303.7,41.4,49.8,0.4781,1
NShelbyRd(blue)_SHB_12.11.2025_LS,SHB,1415,8449,140.85,320.9,300.9,41.3,42.9,0.1055,1
NShelbyRd(blue)_SHB_12.11.2025_LS,SHB,1415,8454,140.94,295.4,311.2,34.1,43.2,0.5673,1
NShelbyRd(blue)_SHB_12.11.2025_LS,SHB,1415,8455,140.95,285.7,311.6,35.8,44.3,0.5672,1
NShelbyRd(blue)_SHB_12.11.2025_LS,SHB,1415,8456,140.97,278.2,312.9,36.1,45.4,0.4593,1
NShelbyRd(blue)_SHB_12.11.2025_LS,SHB,1415,8457,140.99,270.5,313.5,39.0,49.6,0.5003,1
NShelbyRd(blue)_SHB_12.11.2025_LS,SHB,1415,8458,141.0,261.9,311.9,43.5,53.2,0.7283,1
NShelbyRd(blue)_SHB_12.11.2025_LS,SHB,1415,8459,141.02,255.2,310.2,44.8,54.4,0.7566,1
NShelbyRd(blue)_SHB_12.11.2025_LS,SHB,1415,8460,141.04,247.0,310.8,45.4,55.3,0.7649,1
NShelbyRd(blue)_SHB_12.11.2025_LS,SHB,1415,8461,141.05,239.9,309.5,46.7,53.6,0.7623,1
NShelbyRd(blue)_SHB_12.11.2025_LS,SHB,1415,8462,141.07,232.5,310.2,44.6,54.7,0.7944,1
NShelbyRd(blue)_SHB_12.11.2025_LS,SHB,1415,8463,141.09,224.7,310.1,45.5,54.7,0.783,1
NShelbyRd(blue)_SHB_12.11.2025_LS,SHB,1415,8464,141.1,218.7,309.5,43.1,55.2,0.7868,1
NShelbyRd(blue)_SHB_12.11.2025_LS,SHB,1415,8465,141.12,210.6,309.7,41.2,55.3,0.7439,1
NShelbyRd(blue)_SHB_12.11.2025_LS,SHB,1415,8466,141.14,204.5,309.6,42.1,56.2,0.7638,1
NShelbyRd(blue)_SHB_12.11.2025_LS,SHB,1415,8467,141.15,198.9,310.0,42.3,55.4,0.7809,1
NShelbyRd(blue)_SHB_12.11.2025_LS,SHB,1415,8468,141.17,191.1,309.1,42.3,56.2,0.7844,1
NShelbyRd(blue)_SHB_12.11.2025_LS,SHB,1415,8469,141.19,183.7,309.4,43.0,56.5,0.7891,1
NShelbyRd(blue)_SHB_12.11.2025_LS,SHB,1415,8470,141.2,176.1,309.7,40.5,55.2,0.7816,1
NShelbyRd(blue)_SHB_12.11.2025_LS,SHB,1415,8471,141.22,170.6,309.3,41.2,54.5,0.7625,1
NShelbyRd(blue)_SHB_12.11.2025_LS,SHB,1415,8472,141.24,164.3,309.8,40.6,52.0,0.7634,1
NShelbyRd(blue)_SHB_12.11.2025_LS,SHB,1415,8473,141.25,156.8,310.2,40.8,51.5,0.7793,1
NShelbyRd(blue)_SHB_12.11.2025_LS,SHB,1415,8474,141.27,151.6,310.3,40.7,52.2,0.8095,1
NShelbyRd(blue)_SHB_12.11.2025_LS,SHB,1415,8475,141.29,144.5,310.2,39.2,53.2,0.7795,1
NShelbyRd(blue)_SHB_12.11.2025_LS,SHB,1415,8476,141.3,138.4,309.8,38.5,53.7,0.7758,1
NShelbyRd(blue)_SHB_12.11.2025_LS,SHB,1415,8477,141.32,130.9,311.6,40.4,52.9,0.7456,1
NShelbyRd(blue)_SHB_12.11.2025_LS,SHB,1415,8478,141.34,123.6,311.6,40.6,51.5,0.7679,1
NShelbyRd(blue)_SHB_12.11.2025_LS,SHB,1415,8479,141.35,116.5,311.6,40.3,49.8,0.7574,1
NShelbyRd(blue)_SHB_12.11.2025_LS,SHB,1415,8480,141.37,110.4,313.4,39.7,51.0,0.7658,1
NShelbyRd(blue)_SHB_12.11.2025_LS,SHB,1415,8481,141.39,103.9,313.8,39.2,51.6,0.7424,1
NShelbyRd(blue)_SHB_12.11.2025_LS,SHB,1415,8482,141.4,96.5,313.3,38.5,52.0,0.7315,1
NShelbyRd(blue)_SHB_12.11.2025_LS,SHB,1415,8483,141.42,90.6,314.3,40.8,51.9,0.6937,1
NShelbyRd(blue)_SHB_12.11.2025_LS,SHB,1415,8484,141.44,84.4,315.0,42.1,52.7,0.7162,1
NShelbyRd(blue)_SHB_12.11.2025_LS,SHB,1415,8485,141.45,77.3,315.4,42.0,52.1,0.7102,1
NShelbyRd(blue)_SHB_12.11.2025_LS,SHB,1415,8486,141.47,71.9,315.7,42.0,52.0,0.7464,1
NShelbyRd(blue)_SHB_12.11.2025_LS,SHB,1415,8487,141.49,66.1,316.7,42.0,53.1,0.7786,1
NShelbyRd(blue)_SHB_12.11.2025_LS,SHB,1415,8488,141.5,59.9,316.4,42.3,52.9,0.7801,1
NShelbyRd(blue)_SHB_12.11.2025_LS,SHB,1415,8489,141.52,54.3,315.5,45.1,52.3,0.77,1
NShelbyRd(blue)_SHB_12.11.2025_LS,SHB,1415,8490,141.54,46.7,315.5,42.6,53.8,0.7427,1
NShelbyRd(blue)_SHB_12.11.2025_LS,SHB,1415,8491,141.55,40.1,317.2,41.6,54.2,0.7815,1
NShelbyRd(blue)_SHB_12.11.2025_LS,SHB,1415,8492,141.57,32.9,318.0,42.1,53.5,0.7883,1
NShelbyRd(blue)_SHB_12.11.2025_LS,SHB,1415,8493,141.59,25.0,317.9,41.9,53.0,0.762,1
NShelbyRd(blue)_SHB_12.11.2025_LS,SHB,1415,8494,141.6,21.0,317.3,42.0,52.1,0.8058,1
NShelbyRd(blue)_SHB_12.11.2025_LS,SHB,1415,8495,141.62,17.4,316.3,34.8,52.2,0.7894,1
NShelbyRd(blue)_SHB_12.11.2025_LS,SHB,1415,8496,141.64,13.8,316.9,27.5,53.2,0.6249,1
NShelbyRd(blue)_SHB_12.11.2025_LS,SHB,1415,8497,141.65,11.6,318.6,23.2,51.0,0.6294,1
NShelbyRd(blue)_SHB_12.11.2025_LS,SHB,1416,8422,140.4,620.2,285.4,35.3,37.3,0.7728,1
NShelbyRd(blue)_SHB_12.11.2025_LS,SHB,1416,8423,140.42,614.8,285.3,41.9,37.0,0.7711,1
NShelbyRd(blue)_SHB_12.11.2025_LS,SHB,1416,8424,140.44,610.4,286.1,48.1,35.9,0.7492,1
NShelbyRd(blue)_SHB_12.11.2025_LS,SHB,1416,8425,140.45,605.0,287.5,51.0,35.2,0.7767,1
NShelbyRd(blue)_SHB_12.11.2025_LS,SHB,1416,8426,140.47,598.9,288.5,51.7,35.7,0.7272,1
NShelbyRd(blue)_SHB_12.11.2025_LS,SHB,1416,8427,140.49,591.1,288.8,52.2,36.4,0.7944,1
NShelbyRd(blue)_SHB_12.11.2025_LS,SHB,1416,8428,140.5,583.7,289.0,51.4,36.6,0.8023,1
NShelbyRd(blue)_SHB_12.11.2025_LS,SHB,1416,8429,140.52,575.1,288.1,49.9,37.1,0.8176,1
NShelbyRd(blue)_SHB_12.11.2025_LS,SHB,1416,8430,140.54,568.7,288.2,49.7,36.9,0.81,1
NShelbyRd(blue)_SHB_12.11.2025_LS,SHB,1416,8431,140.55,561.5,288.0,51.5,36.3,0.7671,1
NShelbyRd(blue)_SHB_12.11.2025_LS,SHB,1416,8432,140.57,554.8,288.4,52.0,36.7,0.7521,1
NShelbyRd(blue)_SHB_12.11.2025_LS,SHB,1416,8433,140.59,548.4,288.8,53.1,36.9,0.7978,1
NShelbyRd(blue)_SHB_12.11.2025_LS,SHB,1416,8434,140.6,541.6,289.2,53.0,37.1,0.793,1
NShelbyRd(blue)_SHB_12.11.2025_LS,SHB,1416,8435,140.62,534.6,289.3,52.0,36.6,0.7423,1
NShelbyRd(blue)_SHB_12.11.2025_LS,SHB,1416,8436,140.64,528.0,290.3,51.8,36.6,0.8157,1
NShelbyRd(blue)_SHB_12.11.2025_LS,SHB,1416,8437,140.65,522.9,289.8,51.7,36.4,0.7956,1
NShelbyRd(blue)_SHB_12.11.2025_LS,SHB,1416,8438,140.67,515.2,290.0,52.1,35.7,0.7689,1
NShelbyRd(blue)_SHB_12.11.2025_LS,SHB,1416,8439,140.69,509.2,288.8,51.5,34.0,0.7366,1
NShelbyRd(blue)_SHB_12.11.2025_LS,SHB,1416,8440,140.7,501.7,287.9,51.8,33.7,0.7476,1
NShelbyRd(blue)_SHB_12.11.2025_LS,SHB,1416,8441,140.72,496.3,288.6,50.6,33.4,0.8074,1
NShelbyRd(blue)_SHB_12.11.2025_LS,SHB,1416,8442,140.74,489.8,289.6,51.0,35.3,0.812,1
NShelbyRd(blue)_SHB_12.11.2025_LS,SHB,1416,8443,140.75,481.9,289.5,50.8,36.1,0.8105,1
NShelbyRd(blue)_SHB_12.11.2025_LS,SHB,1416,8444,140.77,476.1,290.6,51.9,36.1,0.7411,1
NShelbyRd(blue)_SHB_12.11.2025_LS,SHB,1416,8445,140.79,468.6,290.0,50.9,35.5,0.7614,1
NShelbyRd(blue)_SHB_12.11.2025_LS,SHB,1416,8446,140.8,461.5,291.8,52.0,37.5,0.7967,1
NShelbyRd(blue)_SHB_12.11.2025_LS,SHB,1416,8447,140.82,457.0,292.0,51.1,35.6,0.7832,1
NShelbyRd(blue)_SHB_12.11.2025_LS,SHB,1416,8448,140.84,450.5,293.2,52.1,37.1,0.7754,1
NShelbyRd(blue)_SHB_12.11.2025_LS,SHB,1416,8449,140.85,443.6,293.9,52.6,37.6,0.7528,1
NShelbyRd(blue)_SHB_12.11.2025_LS,SHB,1416,8450,140.87,437.3,294.1,52.3,38.5,0.765,1
NShelbyRd(blue)_SHB_12.11.2025_LS,SHB,1416,8451,140.89,430.6,294.9,52.3,37.7,0.7762,1
NShelbyRd(blue)_SHB_12.11.2025_LS,SHB,1416,8452,140.9,425.3,295.2,49.5,36.0,0.7954,1
NShelbyRd(blue)_SHB_12.11.2025_LS,SHB,1416,8453,140.92,416.5,294.9,50.2,35.1,0.7862,1
NShelbyRd(blue)_SHB_12.11.2025_LS,SHB,1416,8454,140.94,408.7,293.9,50.5,34.1,0.8135,1
NShelbyRd(blue)_SHB_12.11.2025_LS,SHB,1416,8455,140.95,404.1,294.9,49.1,33.0,0.7391,1
NShelbyRd(blue)_SHB_12.11.2025_LS,SHB,1416,8456,140.97,398.0,295.7,50.2,34.4,0.8174,1
NShelbyRd(blue)_SHB_12.11.2025_LS,SHB,1416,8457,140.99,392.8,297.2,50.5,36.6,0.7922,1
NShelbyRd(blue)_SHB_12.11.2025_LS,SHB,1416,8458,141.0,386.0,297.5,51.0,37.9,0.7531,1
NShelbyRd(blue)_SHB_12.11.2025_LS,SHB,1416,8459,141.02,380.7,297.6,49.0,37.3,0.7404,1
NShelbyRd(blue)_SHB_12.11.2025_LS,SHB,1416,8460,141.04,372.8,296.8,48.2,34.8,0.8519,1
NShelbyRd(blue)_SHB_12.11.2025_LS,SHB,1416,8461,141.05,366.5,295.7,46.5,34.1,0.828,1
NShelbyRd(blue)_SHB_12.11.2025_LS,SHB,1416,8462,141.07,360.3,295.7,47.2,33.2,0.8269,1
NShelbyRd(blue)_SHB_12.11.2025_LS,SHB,1416,8463,141.09,354.7,295.1,46.3,33.0,0.829,1
NShelbyRd(blue)_SHB_12.11.2025_LS,SHB,1416,8464,141.1,350.1,294.9,45.1,33.3,0.8228,1
NShelbyRd(blue)_SHB_12.11.2025_LS,SHB,1416,8465,141.12,344.1,295.6,46.7,34.0,0.8448,1
NShelbyRd(blue)_SHB_12.11.2025_LS,SHB,1416,8466,141.14,339.1,294.9,48.4,35.1,0.8034,1
NShelbyRd(blue)_SHB_12.11.2025_LS,SHB,1416,8467,141.15,334.2,294.7,48.1,35.8,0.8548,1
NShelbyRd(blue)_SHB_12.11.2025_LS,SHB,1416,8468,141.17,328.5,294.8,48.3,36.4,0.8823,1
NShelbyRd(blue)_SHB_12.11.2025_LS,SHB,1416,8469,141.19,323.4,294.8,48.8,36.5,0.8561,1
NShelbyRd(blue)_SHB_12.11.2025_LS,SHB,1416,8470,141.2,316.6,295.1,47.6,37.0,0.8739,1
NShelbyRd(blue)_SHB_12.11.2025_LS,SHB,1416,8471,141.22,311.9,294.7,47.9,36.8,0.8766,1
NShelbyRd(blue)_SHB_12.11.2025_LS,SHB,1416,8472,141.24,306.6,294.9,48.4,36.9,0.8452,1
NShelbyRd(blue)_SHB_12.11.2025_LS,SHB,1416,8473,141.25,301.7,294.9,48.4,36.3,0.8619,1
NShelbyRd(blue)_SHB_12.11.2025_LS,SHB,1416,8474,141.27,297.2,294.6,49.2,36.7,0.8664,1
NShelbyRd(blue)_SHB_12.11.2025_LS,SHB,1416,8475,141.29,291.0,294.7,49.0,37.1,0.8231,1
NShelbyRd(blue)_SHB_12.11.2025_LS,SHB,1416,8476,141.3,286.2,294.6,46.9,37.9,0.8615,1
NShelbyRd(blue)_SHB_12.11.2025_LS,SHB,1416,8477,141.32,280.8,295.9,46.5,37.8,0.8557,1
NShelbyRd(blue)_SHB_12.11.2025_LS,SHB,1416,8478,141.34,275.3,295.4,46.8,37.3,0.8448,1
NShelbyRd(blue)_SHB_12.11.2025_LS,SHB,1416,8479,141.35,269.9,295.4,48.0,36.3,0.8537,1
NShelbyRd(blue)_SHB_12.11.2025_LS,SHB,1416,8480,141.37,264.1,296.0,46.4,36.8,0.8507,1
NShelbyRd(blue)_SHB_12.11.2025_LS,SHB,1416,8481,141.39,258.6,296.8,47.2,38.1,0.8179,1
NShelbyRd(blue)_SHB_12.11.2025_LS,SHB,1416,8482,141.4,253.1,297.2,48.0,38.3,0.8511,1
NShelbyRd(blue)_SHB_12.11.2025_LS,SHB,1416,8483,141.42,247.3,297.7,48.0,38.3,0.8465,1
NShelbyRd(blue)_SHB_12.11.2025_LS,SHB,1416,8484,141.44,242.3,297.4,47.7,37.8,0.8517,1
NShelbyRd(blue)_SHB_12.11.2025_LS,SHB,1416,8485,141.45,237.4,297.4,47.6,37.6,0.8484,1
NShelbyRd(blue)_SHB_12.11.2025_LS,SHB,1416,8486,141.47,232.8,298.0,47.1,37.8,0.8338,1
NShelbyRd(blue)_SHB_12.11.2025_LS,SHB,1416,8487,141.49,227.6,297.5,47.2,36.3,0.8298,1
NShelbyRd(blue)_SHB_12.11.2025_LS,SHB,1416,8488,141.5,222.6,298.2,46.8,37.0,0.8445,1
NShelbyRd(blue)_SHB_12.11.2025_LS,SHB,1416,8489,141.52,217.0,298.8,47.6,36.4,0.8485,1
NShelbyRd(blue)_SHB_12.11.2025_LS,SHB,1416,8490,141.54,210.7,299.0,45.5,35.9,0.86,1
NShelbyRd(blue)_SHB_12.11.2025_LS,SHB,1416,8491,141.55,205.4,299.8,45.0,35.9,0.8565,1
NShelbyRd(blue)_SHB_12.11.2025_LS,SHB,1416,8492,141.57,200.0,300.7,44.6,35.5,0.8594,1
NShelbyRd(blue)_SHB_12.11.2025_LS,SHB,1416,8493,141.59,195.7,301.1,44.3,34.2,0.8349,1
NShelbyRd(blue)_SHB_12.11.2025_LS,SHB,1416,8494,141.6,190.6,301.8,43.0,34.1,0.9357,1
NShelbyRd(blue)_SHB_12.11.2025_LS,SHB,1416,8495,141.62,185.3,302.0,44.2,33.7,0.8627,1
NShelbyRd(blue)_SHB_12.11.2025_LS,SHB,1416,8496,141.64,181.0,302.3,43.7,33.3,0.898,1
NShelbyRd(blue)_SHB_12.11.2025_LS,SHB,1416,8497,141.65,175.2,302.2,44.2,33.3,0.8545,1
NShelbyRd(blue)_SHB_12.11.2025_LS,SHB,1416,8498,141.67,170.1,302.7,47.0,33.7,0.8675,1
NShelbyRd(blue)_SHB_12.11.2025_LS,SHB,1416,8499,141.69,164.7,303.1,47.5,34.3,0.855,1
NShelbyRd(blue)_SHB_12.11.2025_LS,SHB,1416,8500,141.7,158.7,302.9,47.4,33.2,0.8253,1
NShelbyRd(blue)_SHB_12.11.2025_LS,SHB,1416,8501,141.72,154.0,303.5,48.2,33.2,0.8373,1
NShelbyRd(blue)_SHB_12.11.2025_LS,SHB,1416,8502,141.74,148.9,303.9,47.7,33.5,0.8256,1
NShelbyRd(blue)_SHB_12.11.2025_LS,SHB,1416,8503,141.75,143.9,304.3,47.5,33.5,0.7977,1
NShelbyRd(blue)_SHB_12.11.2025_LS,SHB,1416,8504,141.77,138.8,305.2,47.3,32.9,0.7998,1
NShelbyRd(blue)_SHB_12.11.2025_LS,SHB,1416,8505,141.79,134.4,305.9,47.1,32.4,0.8047,1
NShelbyRd(blue)_SHB_12.11.2025_LS,SHB,1416,8506,141.8,129.3,306.6,47.1,33.6,0.8522,1
NShelbyRd(blue)_SHB_12.11.2025_LS,SHB,1416,8507,141.82,125.1,307.8,48.2,34.1,0.8338,1
NShelbyRd(blue)_SHB_12.11.2025_LS,SHB,1416,8508,141.84,120.2,307.9,48.8,34.6,0.8304,1
NShelbyRd(blue)_SHB_12.11.2025_LS,SHB,1416,8509,141.85,116.3,308.2,48.7,34.5,0.7666,1
NShelbyRd(blue)_SHB_12.11.2025_LS,SHB,1416,8510,141.87,110.8,308.1,49.5,34.1,0.8164,1
NShelbyRd(blue)_SHB_12.11.2025_LS,SHB,1416,8511,141.89,106.2,308.4,48.5,33.4,0.6892,1
NShelbyRd(blue)_SHB_12.11.2025_LS,SHB,1416,8512,141.9,101.4,308.5,49.9,34.0,0.7741,1
NShelbyRd(blue)_SHB_12.11.2025_LS,SHB,1416,8513,141.92,96.4,308.8,49.4,33.8,0.7941,1
NShelbyRd(blue)_SHB_12.11.2025_LS,SHB,1416,8514,141.94,92.1,309.4,49.1,34.3,0.7599,1
NShelbyRd(blue)_SHB_12.11.2025_LS,SHB,1416,8515,141.95,87.7,309.2,49.0,34.7,0.7494,1
NShelbyRd(blue)_SHB_12.11.2025_LS,SHB,1416,8516,141.97,83.5,309.3,47.9,33.5,0.7434,1
NShelbyRd(blue)_SHB_12.11.2025_LS,SHB,1416,8517,141.99,78.3,309.3,47.1,33.0,0.749,1
NShelbyRd(blue)_SHB_12.11.2025_LS,SHB,1416,8518,142.0,73.7,308.2,48.7,35.2,0.7678,1
NShelbyRd(blue)_SHB_12.11.2025_LS,SHB,1416,8519,142.02,69.5,309.1,48.4,33.5,0.7477,1
NShelbyRd(blue)_SHB_12.11.2025_LS,SHB,1416,8520,142.04,63.1,308.1,47.0,34.4,0.7721,1
NShelbyRd(blue)_SHB_12.11.2025_LS,SHB,1416,8521,142.05,59.1,308.4,46.7,33.3,0.7451,1
NShelbyRd(blue)_SHB_12.11.2025_LS,SHB,1416,8522,142.07,54.7,308.4,46.5,32.4,0.7552,1
NShelbyRd(blue)_SHB_12.11.2025_LS,SHB,1416,8523,142.09,49.7,308.5,45.5,32.6,0.7303,1
NShelbyRd(blue)_SHB_12.11.2025_LS,SHB,1416,8524,142.1,45.5,309.0,45.5,31.6,0.7172,1
NShelbyRd(blue)_SHB_12.11.2025_LS,SHB,1416,8525,142.12,40.1,308.6,45.3,32.0,0.7189,1
NShelbyRd(blue)_SHB_12.11.2025_LS,SHB,1416,8526,142.14,37.1,308.5,45.8,31.8,0.6901,1
NShelbyRd(blue)_SHB_12.11.2025_LS,SHB,1416,8527,142.15,33.3,307.6,45.4,32.0,0.6753,1
NShelbyRd(blue)_SHB_12.11.2025_LS,SHB,1416,8528,142.17,30.0,307.2,44.0,32.5,0.6646,1
NShelbyRd(blue)_SHB_12.11.2025_LS,SHB,1416,8529,142.19,24.7,307.0,44.2,32.8,0.6692,1
NShelbyRd(blue)_SHB_12.11.2025_LS,SHB,1416,8530,142.2,21.0,306.5,41.9,33.6,0.7098,1
NShelbyRd(blue)_SHB_12.11.2025_LS,SHB,1416,8531,142.22,18.2,307.1,36.5,33.0,0.7134,1
NShelbyRd(blue)_SHB_12.11.2025_LS,SHB,1416,8532,142.24,15.0,306.9,30.0,34.5,0.6779,1
NShelbyRd(blue)_SHB_12.11.2025_LS,SHB,1416,8533,142.25,13.0,306.7,26.1,35.7,0.6091,1
NShelbyRd(blue)_SHB_12.11.2025_LS,SHB,1416,8534,142.27,11.9,308.6,23.7,33.5,0.4541,1
NShelbyRd(blue)_SHB_12.11.2025_LS,SHB,1416,8535,142.29,11.3,308.1,22.6,32.2,0.2079,1
NShelbyRd(blue)_SHB_12.11.2025_LS,SHB,1416,8536,142.3,7.4,307.3,14.7,34.8,0.1726,1
NShelbyRd(blue)_SHB_12.11.2025_LS,SHB,1416,8537,142.32,4.1,307.9,8.3,35.7,0.1562,1
NShelbyRd(blue)_SHB_12.11.2025_LS,SHB,1417,8463,141.09,626.3,280.1,26.4,38.9,0.7086,1
NShelbyRd(blue)_SHB_12.11.2025_LS,SHB,1417,8464,141.1,623.4,280.7,31.2,41.3,0.8091,1
NShelbyRd(blue)_SHB_12.11.2025_LS,SHB,1417,8465,141.12,621.0,281.0,36.9,41.5,0.8648,1
NShelbyRd(blue)_SHB_12.11.2025_LS,SHB,1417,8466,141.14,617.6,280.7,43.3,44.6,0.8005,1
NShelbyRd(blue)_SHB_12.11.2025_LS,SHB,1417,8467,141.15,614.1,280.6,47.8,43.7,0.8033,1
NShelbyRd(blue)_SHB_12.11.2025_LS,SHB,1417,8468,141.17,609.0,280.2,49.9,44.0,0.8305,1
NShelbyRd(blue)_SHB_12.11.2025_LS,SHB,1417,8469,141.19,604.9,279.9,52.2,43.1,0.8051,1
NShelbyRd(blue)_SHB_12.11.2025_LS,SHB,1417,8470,141.2,596.8,281.0,48.5,43.9,0.8183,1
NShelbyRd(blue)_SHB_12.11.2025_LS,SHB,1417,8471,141.22,592.1,280.5,49.1,44.7,0.8575,1
NShelbyRd(blue)_SHB_12.11.2025_LS,SHB,1417,8472,141.24,585.7,281.2,47.0,44.3,0.7964,1
NShelbyRd(blue)_SHB_12.11.2025_LS,SHB,1417,8473,141.25,580.9,280.9,46.5,43.6,0.7892,1
NShelbyRd(blue)_SHB_12.11.2025_LS,SHB,1417,8474,141.27,576.1,281.3,48.3,44.4,0.8004,1
NShelbyRd(blue)_SHB_12.11.2025_LS,SHB,1417,8475,141.29,570.8,281.7,48.9,44.8,0.8328,1
NShelbyRd(blue)_SHB_12.11.2025_LS,SHB,1417,8476,141.3,564.9,281.2,48.3,43.9,0.7543,1
NShelbyRd(blue)_SHB_12.11.2025_LS,SHB,1417,8477,141.32,559.0,280.8,46.2,44.0,0.7806,1
NShelbyRd(blue)_SHB_12.11.2025_LS,SHB,1417,8478,141.34,553.7,281.1,46.7,44.3,0.8242,1
NShelbyRd(blue)_SHB_12.11.2025_LS,SHB,1417,8479,141.35,547.5,281.3,46.4,44.5,0.8144,1
NShelbyRd(blue)_SHB_12.11.2025_LS,SHB,1417,8480,141.37,542.1,281.6,46.2,43.6,0.7961,1
NShelbyRd(blue)_SHB_12.11.2025_LS,SHB,1417,8481,141.39,536.0,281.7,45.9,43.3,0.8129,1
NShelbyRd(blue)_SHB_12.11.2025_LS,SHB,1417,8482,141.4,530.5,282.1,46.5,41.4,0.8022,1
NShelbyRd(blue)_SHB_12.11.2025_LS,SHB,1417,8483,141.42,525.4,282.2,45.6,42.8,0.7977,1
NShelbyRd(blue)_SHB_12.11.2025_LS,SHB,1417,8484,141.44,519.1,282.2,43.7,43.6,0.8336,1
NShelbyRd(blue)_SHB_12.11.2025_LS,SHB,1417,8485,141.45,514.2,282.6,44.0,43.6,0.8292,1
NShelbyRd(blue)_SHB_12.11.2025_LS,SHB,1417,8486,141.47,508.3,282.8,42.6,44.0,0.8228,1
NShelbyRd(blue)_SHB_12.11.2025_LS,SHB,1417,8487,141.49,503.3,283.0,43.2,43.7,0.842,1
NShelbyRd(blue)_SHB_12.11.2025_LS,SHB,1417,8488,141.5,498.2,283.6,44.2,45.0,0.8032,1
NShelbyRd(blue)_SHB_12.11.2025_LS,SHB,1417,8489,141.52,492.3,285.4,42.7,44.3,0.7958,1
NShelbyRd(blue)_SHB_12.11.2025_LS,SHB,1417,8490,141.54,486.0,284.8,44.0,43.4,0.774,1
NShelbyRd(blue)_SHB_12.11.2025_LS,SHB,1417,8491,141.55,480.2,285.1,43.5,42.6,0.8064,1
NShelbyRd(blue)_SHB_12.11.2025_LS,SHB,1417,8492,141.57,475.0,286.2,42.4,42.2,0.7975,1
NShelbyRd(blue)_SHB_12.11.2025_LS,SHB,1417,8493,141.59,470.0,286.4,41.8,42.4,0.8107,1
NShelbyRd(blue)_SHB_12.11.2025_LS,SHB,1417,8494,141.6,465.0,286.5,44.0,41.6,0.7696,1
NShelbyRd(blue)_SHB_12.11.2025_LS,SHB,1417,8495,141.62,459.9,286.8,43.3,42.5,0.8155,1
NShelbyRd(blue)_SHB_12.11.2025_LS,SHB,1417,8496,141.64,454.1,287.1,42.3,41.9,0.8333,1
NShelbyRd(blue)_SHB_12.11.2025_LS,SHB,1417,8497,141.65,448.3,287.7,42.4,41.1,0.7756,1
NShelbyRd(blue)_SHB_12.11.2025_LS,SHB,1417,8498,141.67,443.0,288.4,41.3,41.1,0.8112,1
NShelbyRd(blue)_SHB_12.11.2025_LS,SHB,1417,8499,141.69,438.3,289.2,40.6,40.6,0.8198,1
NShelbyRd(blue)_SHB_12.11.2025_LS,SHB,1417,8500,141.7,433.9,288.6,41.7,41.8,0.8608,1
NShelbyRd(blue)_SHB_12.11.2025_LS,SHB,1417,8501,141.72,429.6,289.3,42.0,41.7,0.7907,1
NShelbyRd(blue)_SHB_12.11.2025_LS,SHB,1417,8502,141.74,425.6,290.1,43.5,41.8,0.8047,1
NShelbyRd(blue)_SHB_12.11.2025_LS,SHB,1417,8503,141.75,420.5,290.2,43.0,41.1,0.7956,1
NShelbyRd(blue)_SHB_12.11.2025_LS,SHB,1417,8504,141.77,415.3,290.6,44.1,41.3,0.8509,1
NShelbyRd(blue)_SHB_12.11.2025_LS,SHB,1417,8505,141.79,410.3,290.5,43.6,41.6,0.8227,1
NShelbyRd(blue)_SHB_12.11.2025_LS,SHB,1417,8506,141.8,405.1,290.8,44.6,42.7,0.8031,1
NShelbyRd(blue)_SHB_12.11.2025_LS,SHB,1417,8507,141.82,400.0,291.3,44.7,42.3,0.8688,1
NShelbyRd(blue)_SHB_12.11.2025_LS,SHB,1417,8508,141.84,395.5,291.1,45.2,40.3,0.8281,1
NShelbyRd(blue)_SHB_12.11.2025_LS,SHB,1417,8509,141.85,391.2,292.0,48.2,40.1,0.8551,1
NShelbyRd(blue)_SHB_12.11.2025_LS,SHB,1417,8510,141.87,385.9,291.6,47.3,41.0,0.8195,1
NShelbyRd(blue)_SHB_12.11.2025_LS,SHB,1417,8511,141.89,380.4,291.2,45.7,40.5,0.8215,1
NShelbyRd(blue)_SHB_12.11.2025_LS,SHB,1417,8512,141.9,375.5,291.0,45.6,41.1,0.8294,1
NShelbyRd(blue)_SHB_12.11.2025_LS,SHB,1417,8513,141.92,370.8,291.7,44.8,41.1,0.8393,1
NShelbyRd(blue)_SHB_12.11.2025_LS,SHB,1417,8514,141.94,365.9,292.3,44.9,41.2,0.7639,1
NShelbyRd(blue)_SHB_12.11.2025_LS,SHB,1417,8515,141.95,361.3,292.4,45.0,41.2,0.7864,1
NShelbyRd(blue)_SHB_12.11.2025_LS,SHB,1417,8516,141.97,356.6,292.0,45.0,41.8,0.8091,1
NShelbyRd(blue)_SHB_12.11.2025_LS,SHB,1417,8517,141.99,351.3,291.7,43.7,40.8,0.8209,1
NShelbyRd(blue)_SHB_12.11.2025_LS,SHB,1417,8518,142.0,346.5,291.2,43.8,40.4,0.8192,1
NShelbyRd(blue)_SHB_12.11.2025_LS,SHB,1417,8519,142.02,341.6,291.8,43.4,39.8,0.768,1
NShelbyRd(blue)_SHB_12.11.2025_LS,SHB,1417,8520,142.04,337.3,293.1,43.7,42.0,0.7569,1
NShelbyRd(blue)_SHB_12.11.2025_LS,SHB,1417,8521,142.05,333.8,292.9,46.1,42.5,0.7354,1
NShelbyRd(blue)_SHB_12.11.2025_LS,SHB,1417,8522,142.07,329.1,291.9,46.7,42.4,0.7725,1
NShelbyRd(blue)_SHB_12.11.2025_LS,SHB,1417,8523,142.09,324.9,293.3,47.5,45.0,0.7448,1
NShelbyRd(blue)_SHB_12.11.2025_LS,SHB,1417,8524,142.1,318.3,292.5,44.5,41.5,0.7296,1
NShelbyRd(blue)_SHB_12.11.2025_LS,SHB,1417,8525,142.12,313.9,292.3,45.7,41.3,0.7349,1
NShelbyRd(blue)_SHB_12.11.2025_LS,SHB,1417,8526,142.14,309.5,292.5,46.3,41.0,0.752,1
NShelbyRd(blue)_SHB_12.11.2025_LS,SHB,1417,8527,142.15,303.7,292.5,45.2,40.9,0.8081,1
NShelbyRd(blue)_SHB_12.11.2025_LS,SHB,1417,8528,142.17,298.1,292.6,44.2,40.9,0.7984,1
NShelbyRd(blue)_SHB_12.11.2025_LS,SHB,1417,8529,142.19,292.4,293.6,42.9,42.0,0.7644,1
NShelbyRd(blue)_SHB_12.11.2025_LS,SHB,1417,8530,142.2,287.9,293.6,42.0,41.6,0.7568,1
NShelbyRd(blue)_SHB_12.11.2025_LS,SHB,1417,8531,142.22,284.1,293.8,43.9,41.2,0.7828,1
NShelbyRd(blue)_SHB_12.11.2025_LS,SHB,1417,8532,142.24,278.6,294.6,44.4,41.2,0.8347,1
NShelbyRd(blue)_SHB_12.11.2025_LS,SHB,1417,8533,142.25,273.7,294.1,43.5,40.9,0.7965,1
NShelbyRd(blue)_SHB_12.11.2025_LS,SHB,1417,8534,142.27,268.5,295.2,43.3,39.5,0.8056,1
NShelbyRd(blue)_SHB_12.11.2025_LS,SHB,1417,8535,142.29,263.9,295.0,43.8,40.4,0.815,1
NShelbyRd(blue)_SHB_12.11.2025_LS,SHB,1417,8536,142.3,259.4,295.2,44.0,40.4,0.8272,1
NShelbyRd(blue)_SHB_12.11.2025_LS,SHB,1417,8537,142.32,254.2,295.4,42.3,40.1,0.8321,1
NShelbyRd(blue)_SHB_12.11.2025_LS,SHB,1417,8538,142.34,249.7,295.2,42.9,41.2,0.8,1
NShelbyRd(blue)_SHB_12.11.2025_LS,SHB,1417,8539,142.35,245.8,295.1,45.0,40.9,0.7948,1
NShelbyRd(blue)_SHB_12.11.2025_LS,SHB,1417,8540,142.37,240.6,295.6,43.1,40.5,0.8132,1
NShelbyRd(blue)_SHB_12.11.2025_LS,SHB,1417,8541,142.39,235.9,295.2,42.9,40.8,0.7975,1
NShelbyRd(blue)_SHB_12.11.2025_LS,SHB,1417,8542,142.4,230.7,294.8,41.5,40.5,0.8218,1
NShelbyRd(blue)_SHB_12.11.2025_LS,SHB,1417,8543,142.42,226.5,295.2,42.2,41.5,0.8161,1
NShelbyRd(blue)_SHB_12.11.2025_LS,SHB,1417,8544,142.44,222.3,295.0,43.1,41.5,0.8156,1
NShelbyRd(blue)_SHB_12.11.2025_LS,SHB,1417,8545,142.45,217.5,294.9,43.5,41.8,0.8245,1
NShelbyRd(blue)_SHB_12.11.2025_LS,SHB,1417,8546,142.47,212.6,295.2,41.9,41.3,0.8078,1
NShelbyRd(blue)_SHB_12.11.2025_LS,SHB,1417,8547,142.49,207.9,295.4,41.9,41.5,0.8395,1
NShelbyRd(blue)_SHB_12.11.2025_LS,SHB,1417,8548,142.5,203.1,295.8,41.8,41.7,0.8546,1
NShelbyRd(blue)_SHB_12.11.2025_LS,SHB,1417,8549,142.52,199.0,295.7,42.8,41.8,0.842,1
NShelbyRd(blue)_SHB_12.11.2025_LS,SHB,1417,8550,142.54,194.1,295.8,42.3,41.9,0.8644,1
NShelbyRd(blue)_SHB_12.11.2025_LS,SHB,1417,8551,142.55,189.6,296.5,41.6,41.1,0.7896,1
NShelbyRd(blue)_SHB_12.11.2025_LS,SHB,1417,8552,142.57,185.4,296.8,42.2,40.9,0.7969,1
NShelbyRd(blue)_SHB_12.11.2025_LS,SHB,1417,8553,142.59,180.6,297.1,41.7,40.7,0.7829,1
NShelbyRd(blue)_SHB_12.11.2025_LS,SHB,1417,8554,142.6,175.8,298.0,40.2,39.4,0.8073,1
NShelbyRd(blue)_SHB_12.11.2025_LS,SHB,1417,8555,142.62,171.4,298.3,41.6,40.5,0.8258,1
NShelbyRd(blue)_SHB_12.11.2025_LS,SHB,1417,8556,142.64,165.6,298.7,39.1,40.2,0.8432,1
NShelbyRd(blue)_SHB_12.11.2025_LS,SHB,1417,8557,142.65,161.0,298.8,38.4,41.0,0.8364,1
NShelbyRd(blue)_SHB_12.11.2025_LS,SHB,1417,8558,142.67,156.6,299.0,39.4,40.6,0.8228,1
NShelbyRd(blue)_SHB_12.11.2025_LS,SHB,1417,8559,142.69,152.3,299.2,40.7,40.5,0.8211,1
NShelbyRd(blue)_SHB_12.11.2025_LS,SHB,1417,8560,142.7,147.5,299.2,39.8,40.4,0.82,1
NShelbyRd(blue)_SHB_12.11.2025_LS,SHB,1417,8561,142.72,143.8,299.8,41.4,39.6,0.8247,1
NShelbyRd(blue)_SHB_12.11.2025_LS,SHB,1417,8562,142.74,140.2,300.0,42.8,39.8,0.8067,1
NShelbyRd(blue)_SHB_12.11.2025_LS,SHB,1417,8563,142.75,135.4,300.3,42.6,39.2,0.7683,1
NShelbyRd(blue)_SHB_12.11.2025_LS,SHB,1417,8564,142.77,130.5,300.1,42.2,39.9,0.8553,1
NShelbyRd(blue)_SHB_12.11.2025_LS,SHB,1417,8565,142.79,125.6,300.1,41.2,41.1,0.8379,1
NShelbyRd(blue)_SHB_12.11.2025_LS,SHB,1417,8566,142.8,122.0,300.7,41.3,41.4,0.7806,1
NShelbyRd(blue)_SHB_12.11.2025_LS,SHB,1417,8567,142.82,117.5,301.1,41.2,40.9,0.7909,1
NShelbyRd(blue)_SHB_12.11.2025_LS,SHB,1417,8568,142.84,113.1,301.1,40.8,41.1,0.8038,1
NShelbyRd(blue)_SHB_12.11.2025_LS,SHB,1417,8569,142.85,108.9,301.1,41.4,42.1,0.8088,1
NShelbyRd(blue)_SHB_12.11.2025_LS,SHB,1417,8570,142.87,103.8,300.4,40.0,41.8,0.7936,1
NShelbyRd(blue)_SHB_12.11.2025_LS,SHB,1417,8571,142.89,99.7,300.2,40.5,41.7,0.8062,1
NShelbyRd(blue)_SHB_12.11.2025_LS,SHB,1417,8572,142.9,95.0,300.3,40.9,42.1,0.8399,1
NShelbyRd(blue)_SHB_12.11.2025_LS,SHB,1417,8573,142.92,91.1,300.1,42.2,41.9,0.8245,1
NShelbyRd(blue)_SHB_12.11.2025_LS,SHB,1417,8574,142.94,86.6,300.8,42.1,41.2,0.8167,1
NShelbyRd(blue)_SHB_12.11.2025_LS,SHB,1417,8575,142.95,82.7,300.5,43.3,40.7,0.8238,1
NShelbyRd(blue)_SHB_12.11.2025_LS,SHB,1417,8576,142.97,78.9,300.6,45.7,40.4,0.8628,1
NShelbyRd(blue)_SHB_12.11.2025_LS,SHB,1417,8577,142.99,75.4,300.9,46.7,40.1,0.8833,1
NShelbyRd(blue)_SHB_12.11.2025_LS,SHB,1417,8578,143.0,70.8,300.0,47.6,40.2,0.8393,1
NShelbyRd(blue)_SHB_12.11.2025_LS,SHB,1417,8579,143.02,64.6,300.3,45.4,40.5,0.8539,1
NShelbyRd(blue)_SHB_12.11.2025_LS,SHB,1417,8580,143.04,59.8,300.6,43.4,40.3,0.821,1
NShelbyRd(blue)_SHB_12.11.2025_LS,SHB,1417,8581,143.05,55.1,300.2,42.3,39.9,0.8596,1
NShelbyRd(blue)_SHB_12.11.2025_LS,SHB,1417,8582,143.07,51.5,300.5,43.7,39.6,0.8416,1
NShelbyRd(blue)_SHB_12.11.2025_LS,SHB,1417,8583,143.09,47.0,301.0,44.9,39.9,0.8688,1
NShelbyRd(blue)_SHB_12.11.2025_LS,SHB,1417,8584,143.1,42.5,300.5,46.0,40.1,0.8665,1
NShelbyRd(blue)_SHB_12.11.2025_LS,SHB,1417,8585,143.12,39.0,301.6,49.4,41.1,0.7896,1
NShelbyRd(blue)_SHB_12.11.2025_LS,SHB,1417,8586,143.14,34.4,300.9,46.7,41.6,0.8231,1
NShelbyRd(blue)_SHB_12.11.2025_LS,SHB,1417,8587,143.15,30.5,301.3,47.0,42.3,0.7807,1
NShelbyRd(blue)_SHB_12.11.2025_LS,SHB,1417,8588,143.17,25.9,301.0,47.5,43.3,0.8284,1
NShelbyRd(blue)_SHB_12.11.2025_LS,SHB,1417,8589,143.19,22.2,301.0,44.5,42.6,0.7933,1
NShelbyRd(blue)_SHB_12.11.2025_LS,SHB,1417,8590,143.2,20.6,301.5,41.2,44.3,0.694,1
NShelbyRd(blue)_SHB_12.11.2025_LS,SHB,1417,8591,143.22,18.3,301.6,36.7,45.5,0.5426,1
NShelbyRd(blue)_SHB_12.11.2025_LS,SHB,1417,8592,143.24,16.0,302.2,31.9,45.6,0.5586,1
NShelbyRd(blue)_SHB_12.11.2025_LS,SHB,1417,8593,143.25,13.4,301.8,26.8,47.2,0.5697,1
NShelbyRd(blue)_SHB_12.11.2025_LS,SHB,1417,8595,143.29,10.2,302.4,20.4,45.0,0.4381,1
NShelbyRd(blue)_SHB_12.11.2025_LS,SHB,1418,8469,141.19,627.3,279.6,24.8,44.5,0.6368,1
NShelbyRd(blue)_SHB_12.11.2025_LS,SHB,1418,8470,141.2,623.8,280.5,29.5,49.1,0.7332,1
NShelbyRd(blue)_SHB_12.11.2025_LS,SHB,1418,8471,141.22,621.8,280.2,34.7,48.1,0.7588,1
NShelbyRd(blue)_SHB_12.11.2025_LS,SHB,1418,8472,141.24,618.3,279.6,39.8,46.0,0.818,1
NShelbyRd(blue)_SHB_12.11.2025_LS,SHB,1418,8473,141.25,614.3,279.7,41.6,45.3,0.7487,1
NShelbyRd(blue)_SHB_12.11.2025_LS,SHB,1418,8474,141.27,608.3,279.5,40.7,46.6,0.7669,1
NShelbyRd(blue)_SHB_12.11.2025_LS,SHB,1418,8475,141.29,602.8,279.6,40.7,46.6,0.7888,1
NShelbyRd(blue)_SHB_12.11.2025_LS,SHB,1418,8476,141.3,597.1,279.7,40.1,47.2,0.7765,1
NShelbyRd(blue)_SHB_12.11.2025_LS,SHB,1418,8477,141.32,591.7,279.8,39.8,45.9,0.7829,1
NShelbyRd(blue)_SHB_12.11.2025_LS,SHB,1418,8478,141.34,585.9,280.1,40.1,45.9,0.7555,1
NShelbyRd(blue)_SHB_12.11.2025_LS,SHB,1418,8479,141.35,580.2,279.7,38.7,46.0,0.787,1
NShelbyRd(blue)_SHB_12.11.2025_LS,SHB,1418,8480,141.37,574.4,281.5,40.1,42.0,0.734,1
NShelbyRd(blue)_SHB_12.11.2025_LS,SHB,1418,8481,141.39,568.9,282.6,39.9,39.4,0.7572,1
NShelbyRd(blue)_SHB_12.11.2025_LS,SHB,1418,8482,141.4,562.5,283.2,40.1,37.9,0.8204,1
NShelbyRd(blue)_SHB_12.11.2025_LS,SHB,1418,8483,141.42,557.3,283.9,40.1,37.0,0.7647,1
NShelbyRd(blue)_SHB_12.11.2025_LS,SHB,1418,8484,141.44,551.4,283.5,39.4,37.2,0.8191,1
NShelbyRd(blue)_SHB_12.11.2025_LS,SHB,1418,8485,141.45,546.1,283.6,39.0,37.4,0.7968,1
NShelbyRd(blue)_SHB_12.11.2025_LS,SHB,1418,8486,141.47,540.7,282.2,38.5,41.2,0.7764,1
NShelbyRd(blue)_SHB_12.11.2025_LS,SHB,1418,8487,141.49,535.1,283.4,37.6,39.6,0.7892,1
NShelbyRd(blue)_SHB_12.11.2025_LS,SHB,1418,8488,141.5,529.4,282.4,38.2,42.0,0.7422,1
NShelbyRd(blue)_SHB_12.11.2025_LS,SHB,1418,8489,141.52,524.4,282.5,37.6,43.6,0.807,1
NShelbyRd(blue)_SHB_12.11.2025_LS,SHB,1418,8490,141.54,518.7,283.7,38.0,40.6,0.736,1
NShelbyRd(blue)_SHB_12.11.2025_LS,SHB,1418,8491,141.55,513.5,283.5,39.6,42.8,0.7814,1
NShelbyRd(blue)_SHB_12.11.2025_LS,SHB,1418,8492,141.57,508.2,284.7,38.4,41.2,0.736,1
NShelbyRd(blue)_SHB_12.11.2025_LS,SHB,1418,8493,141.59,503.4,284.6,38.9,41.6,0.7539,1
NShelbyRd(blue)_SHB_12.11.2025_LS,SHB,1418,8494,141.6,498.5,286.1,38.8,41.1,0.7409,1
NShelbyRd(blue)_SHB_12.11.2025_LS,SHB,1418,8495,141.62,493.7,286.4,38.3,41.6,0.7204,1
NShelbyRd(blue)_SHB_12.11.2025_LS,SHB,1418,8496,141.64,488.1,286.5,38.7,42.0,0.7622,1
NShelbyRd(blue)_SHB_12.11.2025_LS,SHB,1418,8497,141.65,483.3,286.0,38.4,42.9,0.6864,1
NShelbyRd(blue)_SHB_12.11.2025_LS,SHB,1418,8498,141.67,478.1,288.4,36.8,38.7,0.6678,1
NShelbyRd(blue)_SHB_12.11.2025_LS,SHB,1418,8499,141.69,472.7,289.1,37.1,39.4,0.6037,1
NShelbyRd(blue)_SHB_12.11.2025_LS,SHB,1418,8500,141.7,467.6,288.2,35.6,40.3,0.5378,1
NShelbyRd(blue)_SHB_12.11.2025_LS,SHB,1418,8501,141.72,462.8,289.3,35.3,39.5,0.6593,1
NShelbyRd(blue)_SHB_12.11.2025_LS,SHB,1418,8502,141.74,456.7,290.5,37.1,40.5,0.7126,1
NShelbyRd(blue)_SHB_12.11.2025_LS,SHB,1418,8503,141.75,452.0,289.0,36.5,43.0,0.6509,1
NShelbyRd(blue)_SHB_12.11.2025_LS,SHB,1418,8504,141.77,446.9,290.6,38.1,41.3,0.6886,1
NShelbyRd(blue)_SHB_12.11.2025_LS,SHB,1418,8505,141.79,440.8,291.7,38.6,40.4,0.7196,1
NShelbyRd(blue)_SHB_12.11.2025_LS,SHB,1418,8506,141.8,435.7,291.8,37.8,40.8,0.6808,1
NShelbyRd(blue)_SHB_12.11.2025_LS,SHB,1418,8507,141.82,430.7,290.6,37.5,41.8,0.7204,1
NShelbyRd(blue)_SHB_12.11.2025_LS,SHB,1418,8508,141.84,425.9,290.4,36.9,41.8,0.6525,1
NShelbyRd(blue)_SHB_12.11.2025_LS,SHB,1418,8509,141.85,421.4,291.5,39.4,40.6,0.6977,1
NShelbyRd(blue)_SHB_12.11.2025_LS,SHB,1418,8510,141.87,416.2,291.2,39.0,41.4,0.5303,1
NShelbyRd(blue)_SHB_12.11.2025_LS,SHB,1418,8511,141.89,411.3,290.9,38.3,41.8,0.6472,1
NShelbyRd(blue)_SHB_12.11.2025_LS,SHB,1418,8512,141.9,406.3,290.4,40.6,44.3,0.6345,1
NShelbyRd(blue)_SHB_12.11.2025_LS,SHB,1418,8513,141.92,401.8,291.0,39.8,43.1,0.6176,1
NShelbyRd(blue)_SHB_12.11.2025_LS,SHB,1418,8514,141.94,396.6,291.7,38.9,41.0,0.6405,1
NShelbyRd(blue)_SHB_12.11.2025_LS,SHB,1418,8515,141.95,391.6,291.9,37.7,41.3,0.6438,1
NShelbyRd(blue)_SHB_12.11.2025_LS,SHB,1418,8516,141.97,386.9,290.9,36.2,42.2,0.694,1
NShelbyRd(blue)_SHB_12.11.2025_LS,SHB,1418,8517,141.99,381.4,291.6,36.0,39.9,0.6453,1
NShelbyRd(blue)_SHB_12.11.2025_LS,SHB,1418,8518,142.0,376.5,291.3,34.2,40.0,0.6842,1
NShelbyRd(blue)_SHB_12.11.2025_LS,SHB,1418,8519,142.02,372.1,291.3,34.6,39.0,0.6468,1
NShelbyRd(blue)_SHB_12.11.2025_LS,SHB,1418,8520,142.04,367.4,292.6,34.8,38.9,0.4543,1
NShelbyRd(blue)_SHB_12.11.2025_LS,SHB,1418,8521,142.05,362.4,291.6,33.7,40.8,0.649,1
NShelbyRd(blue)_SHB_12.11.2025_LS,SHB,1418,8522,142.07,357.4,291.5,32.4,40.5,0.6484,1
NShelbyRd(blue)_SHB_12.11.2025_LS,SHB,1418,8523,142.09,352.5,292.8,33.5,39.0,0.6006,1
NShelbyRd(blue)_SHB_12.11.2025_LS,SHB,1418,8524,142.1,347.5,293.0,35.9,38.6,0.652,1
NShelbyRd(blue)_SHB_12.11.2025_LS,SHB,1418,8525,142.12,343.3,291.5,38.2,42.8,0.6678,1
NShelbyRd(blue)_SHB_12.11.2025_LS,SHB,1418,8526,142.14,339.2,292.0,39.0,41.4,0.6081,1
NShelbyRd(blue)_SHB_12.11.2025_LS,SHB,1418,8527,142.15,333.8,291.8,37.3,41.4,0.6693,1
NShelbyRd(blue)_SHB_12.11.2025_LS,SHB,1418,8528,142.17,328.7,293.2,36.9,38.9,0.6892,1
NShelbyRd(blue)_SHB_12.11.2025_LS,SHB,1418,8529,142.19,323.5,295.1,36.3,39.1,0.5969,1
NShelbyRd(blue)_SHB_12.11.2025_LS,SHB,1418,8530,142.2,318.4,295.9,36.6,38.6,0.6045,1
NShelbyRd(blue)_SHB_12.11.2025_LS,SHB,1418,8531,142.22,313.7,296.5,36.1,39.7,0.5388,1
NShelbyRd(blue)_SHB_12.11.2025_LS,SHB,1418,8532,142.24,308.6,297.9,36.4,40.1,0.5736,1
NShelbyRd(blue)_SHB_12.11.2025_LS,SHB,1418,8533,142.25,303.2,298.0,36.6,38.9,0.52,1
NShelbyRd(blue)_SHB_12.11.2025_LS,SHB,1418,8534,142.27,298.0,296.6,34.9,41.0,0.5686,1
NShelbyRd(blue)_SHB_12.11.2025_LS,SHB,1418,8535,142.29,293.3,296.0,36.6,44.1,0.4626,1
NShelbyRd(blue)_SHB_12.11.2025_LS,SHB,1418,8536,142.3,289.0,296.6,35.7,42.0,0.4386,1
NShelbyRd(blue)_SHB_12.11.2025_LS,SHB,1418,8537,142.32,283.7,297.3,35.0,40.5,0.5479,1
NShelbyRd(blue)_SHB_12.11.2025_LS,SHB,1418,8538,142.34,278.8,297.2,36.0,40.4,0.5953,1
NShelbyRd(blue)_SHB_12.11.2025_LS,SHB,1418,8539,142.35,274.4,298.0,35.7,40.0,0.3768,1
NShelbyRd(blue)_SHB_12.11.2025_LS,SHB,1418,8540,142.37,269.5,297.2,34.1,38.6,0.463,1
NShelbyRd(blue)_SHB_12.11.2025_LS,SHB,1418,8541,142.39,264.2,297.4,32.3,36.5,0.4505,1
NShelbyRd(blue)_SHB_12.11.2025_LS,SHB,1418,8542,142.4,258.6,296.4,33.9,40.3,0.5037,1
NShelbyRd(blue)_SHB_12.11.2025_LS,SHB,1418,8543,142.42,254.6,296.3,34.9,41.2,0.5043,1
NShelbyRd(blue)_SHB_12.11.2025_LS,SHB,1418,8544,142.44,249.8,295.7,34.5,43.1,0.4803,1
NShelbyRd(blue)_SHB_12.11.2025_LS,SHB,1418,8545,142.45,245.1,295.8,34.9,42.1,0.1831,1
NShelbyRd(blue)_SHB_12.11.2025_LS,SHB,1418,8546,142.47,240.2,296.0,34.2,40.0,0.4695,1
NShelbyRd(blue)_SHB_12.11.2025_LS,SHB,1418,8547,142.49,235.1,295.5,33.9,40.8,0.4712,1
NShelbyRd(blue)_SHB_12.11.2025_LS,SHB,1418,8548,142.5,230.2,296.2,33.5,39.6,0.3277,1
NShelbyRd(blue)_SHB_12.11.2025_LS,SHB,1418,8549,142.52,225.2,296.8,34.3,39.4,0.1648,1
NShelbyRd(blue)_SHB_12.11.2025_LS,SHB,1418,8550,142.54,219.5,296.3,34.7,39.9,0.2133,1
NShelbyRd(blue)_SHB_12.11.2025_LS,SHB,1418,8551,142.55,215.6,297.0,35.1,41.8,0.4402,1
NShelbyRd(blue)_SHB_12.11.2025_LS,SHB,1418,8552,142.57,210.9,296.8,35.2,42.0,0.3429,1
NShelbyRd(blue)_SHB_12.11.2025_LS,SHB,1418,8553,142.59,205.6,297.7,33.2,41.8,0.6094,1
NShelbyRd(blue)_SHB_12.11.2025_LS,SHB,1418,8554,142.6,200.2,298.7,31.8,40.3,0.6439,1
NShelbyRd(blue)_SHB_12.11.2025_LS,SHB,1418,8555,142.62,195.5,299.1,30.9,39.7,0.5704,1
NShelbyRd(blue)_SHB_12.11.2025_LS,SHB,1418,8556,142.64,190.6,299.0,30.4,40.9,0.5524,1
NShelbyRd(blue)_SHB_12.11.2025_LS,SHB,1418,8557,142.65,185.5,298.7,29.7,41.5,0.5641,1
NShelbyRd(blue)_SHB_12.11.2025_LS,SHB,1418,8558,142.67,180.6,300.2,30.0,38.9,0.2177,1
NShelbyRd(blue)_SHB_12.11.2025_LS,SHB,1418,8559,142.69,175.9,300.4,31.1,38.9,0.2978,1
NShelbyRd(blue)_SHB_12.11.2025_LS,SHB,1418,8560,142.7,171.4,300.9,31.3,38.1,0.4764,1
NShelbyRd(blue)_SHB_12.11.2025_LS,SHB,1418,8561,142.72,166.8,301.6,32.6,37.7,0.1689,1
NShelbyRd(blue)_SHB_12.11.2025_LS,SHB,1418,8572,142.9,114.1,300.9,31.4,42.7,0.2767,1
NShelbyRd(blue)_SHB_12.11.2025_LS,SHB,1419,8491,141.55,633.1,280.8,12.7,33.0,0.5198,1
NShelbyRd(blue)_SHB_12.11.2025_LS,SHB,1419,8492,141.57,630.8,280.1,16.4,33.8,0.5017,1
NShelbyRd(blue)_SHB_12.11.2025_LS,SHB,1419,8493,141.59,628.4,279.7,21.1,35.6,0.7464,1
NShelbyRd(blue)_SHB_12.11.2025_LS,SHB,1419,8494,141.6,625.7,280.8,26.7,35.5,0.7525,1
NShelbyRd(blue)_SHB_12.11.2025_LS,SHB,1419,8495,141.62,623.3,281.2,32.2,36.5,0.8005,1
NShelbyRd(blue)_SHB_12.11.2025_LS,SHB,1419,8496,141.64,620.4,282.5,36.2,36.7,0.8185,1
NShelbyRd(blue)_SHB_12.11.2025_LS,SHB,1419,8497,141.65,616.4,283.2,37.8,36.3,0.8146,1
NShelbyRd(blue)_SHB_12.11.2025_LS,SHB,1419,8498,141.67,612.2,283.1,39.0,35.5,0.8174,1
NShelbyRd(blue)_SHB_12.11.2025_LS,SHB,1419,8499,141.69,607.0,284.6,37.6,34.2,0.7392,1
NShelbyRd(blue)_SHB_12.11.2025_LS,SHB,1419,8500,141.7,602.0,284.3,37.0,35.4,0.7452,1
NShelbyRd(blue)_SHB_12.11.2025_LS,SHB,1419,8501,141.72,598.1,284.2,35.4,35.5,0.7631,1
NShelbyRd(blue)_SHB_12.11.2025_LS,SHB,1419,8502,141.74,593.1,284.9,35.1,35.0,0.7679,1
NShelbyRd(blue)_SHB_12.11.2025_LS,SHB,1419,8503,141.75,588.9,284.9,35.6,35.9,0.7363,1
NShelbyRd(blue)_SHB_12.11.2025_LS,SHB,1419,8504,141.77,583.8,286.1,35.9,34.8,0.7907,1
NShelbyRd(blue)_SHB_12.11.2025_LS,SHB,1419,8505,141.79,579.0,286.5,35.3,34.4,0.7819,1
NShelbyRd(blue)_SHB_12.11.2025_LS,SHB,1419,8506,141.8,574.7,286.5,34.9,35.0,0.7901,1
NShelbyRd(blue)_SHB_12.11.2025_LS,SHB,1419,8507,141.82,569.8,286.0,34.0,33.7,0.7625,1
NShelbyRd(blue)_SHB_12.11.2025_LS,SHB,1419,8508,141.84,565.6,286.5,34.6,35.4,0.7768,1
NShelbyRd(blue)_SHB_12.11.2025_LS,SHB,1419,8509,141.85,561.1,286.3,34.8,35.3,0.7388,1
NShelbyRd(blue)_SHB_12.11.2025_LS,SHB,1419,8510,141.87,556.4,286.4,35.9,35.1,0.7728,1
NShelbyRd(blue)_SHB_12.11.2025_LS,SHB,1419,8511,141.89,551.9,286.2,35.8,35.3,0.7601,1
NShelbyRd(blue)_SHB_12.11.2025_LS,SHB,1419,8512,141.9,547.4,285.9,36.3,34.4,0.7907,1
NShelbyRd(blue)_SHB_12.11.2025_LS,SHB,1419,8513,141.92,543.2,286.9,36.2,35.1,0.7885,1
NShelbyRd(blue)_SHB_12.11.2025_LS,SHB,1419,8514,141.94,539.0,287.1,36.3,35.1,0.7512,1
NShelbyRd(blue)_SHB_12.11.2025_LS,SHB,1419,8515,141.95,534.8,286.8,36.0,35.3,0.7928,1
NShelbyRd(blue)_SHB_12.11.2025_LS,SHB,1419,8516,141.97,530.9,286.7,34.8,34.2,0.7755,1
NShelbyRd(blue)_SHB_12.11.2025_LS,SHB,1419,8517,141.99,527.0,287.1,35.2,35.2,0.8117,1
NShelbyRd(blue)_SHB_12.11.2025_LS,SHB,1419,8518,142.0,522.5,286.3,35.5,34.1,0.7845,1
NShelbyRd(blue)_SHB_12.11.2025_LS,SHB,1419,8519,142.02,518.7,287.0,35.5,34.7,0.8267,1
NShelbyRd(blue)_SHB_12.11.2025_LS,SHB,1419,8520,142.04,514.7,285.9,34.0,34.3,0.7863,1
NShelbyRd(blue)_SHB_12.11.2025_LS,SHB,1419,8521,142.05,511.0,286.3,33.5,34.5,0.799,1
NShelbyRd(blue)_SHB_12.11.2025_LS,SHB,1419,8522,142.07,506.8,286.1,33.1,33.3,0.7536,1
NShelbyRd(blue)_SHB_12.11.2025_LS,SHB,1419,8523,142.09,502.8,285.8,33.7,33.6,0.789,1
NShelbyRd(blue)_SHB_12.11.2025_LS,SHB,1419,8524,142.1,498.5,285.9,33.6,33.1,0.7746,1
NShelbyRd(blue)_SHB_12.11.2025_LS,SHB,1419,8525,142.12,494.6,286.1,33.5,33.4,0.7951,1
NShelbyRd(blue)_SHB_12.11.2025_LS,SHB,1419,8526,142.14,490.1,286.1,33.7,33.2,0.7114,1
NShelbyRd(blue)_SHB_12.11.2025_LS,SHB,1419,8527,142.15,485.9,286.4,34.2,33.2,0.7399,1
NShelbyRd(blue)_SHB_12.11.2025_LS,SHB,1419,8528,142.17,481.5,286.5,32.6,33.4,0.6805,1
NShelbyRd(blue)_SHB_12.11.2025_LS,SHB,1419,8529,142.19,477.6,287.7,32.0,34.5,0.7093,1
NShelbyRd(blue)_SHB_12.11.2025_LS,SHB,1419,8530,142.2,472.6,287.2,31.2,33.2,0.5716,1
NShelbyRd(blue)_SHB_12.11.2025_LS,SHB,1419,8531,142.22,468.1,288.8,33.1,35.2,0.6935,1
NShelbyRd(blue)_SHB_12.11.2025_LS,SHB,1419,8532,142.24,464.4,289.3,32.3,35.1,0.707,1
NShelbyRd(blue)_SHB_12.11.2025_LS,SHB,1419,8533,142.25,460.5,289.9,32.1,36.5,0.7138,1
NShelbyRd(blue)_SHB_12.11.2025_LS,SHB,1419,8534,142.27,456.2,289.7,31.7,36.3,0.6627,1
NShelbyRd(blue)_SHB_12.11.2025_LS,SHB,1419,8535,142.29,451.3,289.6,32.8,35.5,0.6363,1
NShelbyRd(blue)_SHB_12.11.2025_LS,SHB,1419,8536,142.3,447.4,289.1,32.1,35.6,0.6893,1
NShelbyRd(blue)_SHB_12.11.2025_LS,SHB,1419,8537,142.32,442.6,289.6,31.8,35.6,0.7757,1
NShelbyRd(blue)_SHB_12.11.2025_LS,SHB,1419,8538,142.34,439.0,289.0,31.0,36.0,0.7404,1
NShelbyRd(blue)_SHB_12.11.2025_LS,SHB,1419,8539,142.35,434.7,288.8,30.5,36.1,0.7538,1
NShelbyRd(blue)_SHB_12.11.2025_LS,SHB,1419,8540,142.37,430.0,288.9,28.5,35.3,0.7521,1
NShelbyRd(blue)_SHB_12.11.2025_LS,SHB,1419,8541,142.39,425.7,288.8,29.6,35.5,0.7551,1
NShelbyRd(blue)_SHB_12.11.2025_LS,SHB,1419,8542,142.4,421.2,288.8,28.9,35.5,0.7207,1
NShelbyRd(blue)_SHB_12.11.2025_LS,SHB,1419,8543,142.42,416.6,289.8,29.8,34.9,0.7457,1
NShelbyRd(blue)_SHB_12.11.2025_LS,SHB,1419,8544,142.44,412.7,289.4,29.8,35.5,0.6877,1
NShelbyRd(blue)_SHB_12.11.2025_LS,SHB,1419,8545,142.45,408.9,289.6,30.9,35.8,0.7136,1
NShelbyRd(blue)_SHB_12.11.2025_LS,SHB,1419,8546,142.47,404.8,289.4,30.6,35.7,0.7322,1
NShelbyRd(blue)_SHB_12.11.2025_LS,SHB,1419,8547,142.49,400.3,290.1,30.0,36.0,0.7145,1
NShelbyRd(blue)_SHB_12.11.2025_LS,SHB,1419,8548,142.5,397.3,289.7,29.6,35.5,0.6747,1
NShelbyRd(blue)_SHB_12.11.2025_LS,SHB,1419,8549,142.52,392.3,290.1,30.4,35.4,0.7125,1
NShelbyRd(blue)_SHB_12.11.2025_LS,SHB,1419,8550,142.54,388.9,290.2,30.0,36.2,0.7028,1
NShelbyRd(blue)_SHB_12.11.2025_LS,SHB,1419,8551,142.55,384.6,290.8,30.1,36.4,0.7296,1
NShelbyRd(blue)_SHB_12.11.2025_LS,SHB,1419,8552,142.57,380.6,290.2,29.1,36.3,0.6504,1
NShelbyRd(blue)_SHB_12.11.2025_LS,SHB,1419,8553,142.59,376.7,290.9,29.6,36.5,0.7074,1
NShelbyRd(blue)_SHB_12.11.2025_LS,SHB,1419,8554,142.6,372.9,291.6,29.2,37.2,0.7348,1
NShelbyRd(blue)_SHB_12.11.2025_LS,SHB,1419,8555,142.62,368.7,291.5,28.8,37.4,0.7112,1
NShelbyRd(blue)_SHB_12.11.2025_LS,SHB,1419,8556,142.64,364.5,291.9,27.5,37.3,0.6709,1
NShelbyRd(blue)_SHB_12.11.2025_LS,SHB,1419,8557,142.65,361.4,292.3,29.3,37.8,0.6283,1
NShelbyRd(blue)_SHB_12.11.2025_LS,SHB,1419,8558,142.67,358.4,292.3,28.7,37.6,0.6701,1
NShelbyRd(blue)_SHB_12.11.2025_LS,SHB,1419,8559,142.69,354.5,292.3,29.1,37.6,0.6589,1
NShelbyRd(blue)_SHB_12.11.2025_LS,SHB,1419,8560,142.7,350.7,293.2,29.2,38.0,0.7218,1
NShelbyRd(blue)_SHB_12.11.2025_LS,SHB,1419,8561,142.72,346.9,294.4,30.3,38.6,0.6561,1
NShelbyRd(blue)_SHB_12.11.2025_LS,SHB,1419,8562,142.74,342.7,294.7,30.9,39.0,0.6685,1
NShelbyRd(blue)_SHB_12.11.2025_LS,SHB,1419,8563,142.75,338.9,294.8,31.2,39.5,0.6172,1
NShelbyRd(blue)_SHB_12.11.2025_LS,SHB,1419,8564,142.77,334.4,294.5,31.1,38.3,0.5107,1
NShelbyRd(blue)_SHB_12.11.2025_LS,SHB,1419,8565,142.79,331.6,295.2,32.0,39.8,0.5551,1
NShelbyRd(blue)_SHB_12.11.2025_LS,SHB,1419,8566,142.8,328.2,295.6,31.7,40.3,0.5031,1
NShelbyRd(blue)_SHB_12.11.2025_LS,SHB,1419,8568,142.84,321.0,295.3,31.6,39.8,0.5233,1
NShelbyRd(blue)_SHB_12.11.2025_LS,SHB,1419,8570,142.87,313.9,296.0,32.8,38.7,0.6027,1
NShelbyRd(blue)_SHB_12.11.2025_LS,SHB,1420,8501,141.72,631.7,285.8,15.4,37.0,0.5499,1
NShelbyRd(blue)_SHB_12.11.2025_LS,SHB,1420,8502,141.74,628.9,288.7,19.7,30.6,0.6412,1
NShelbyRd(blue)_SHB_12.11.2025_LS,SHB,1420,8503,141.75,626.6,289.0,24.7,27.6,0.6683,1
NShelbyRd(blue)_SHB_12.11.2025_LS,SHB,1420,8504,141.77,624.4,291.0,29.3,27.7,0.6908,1
NShelbyRd(blue)_SHB_12.11.2025_LS,SHB,1420,8505,141.79,621.3,291.2,33.7,27.8,0.7475,1
NShelbyRd(blue)_SHB_12.11.2025_LS,SHB,1420,8506,141.8,617.2,291.6,35.4,27.5,0.7054,1
NShelbyRd(blue)_SHB_12.11.2025_LS,SHB,1420,8507,141.82,612.1,291.8,35.2,27.4,0.7147,1
NShelbyRd(blue)_SHB_12.11.2025_LS,SHB,1420,8508,141.84,607.4,291.2,34.7,27.0,0.7293,1
NShelbyRd(blue)_SHB_12.11.2025_LS,SHB,1420,8509,141.85,602.6,291.4,35.3,27.7,0.6681,1
NShelbyRd(blue)_SHB_12.11.2025_LS,SHB,1420,8510,141.87,597.4,291.5,36.1,27.4,0.6812,1
NShelbyRd(blue)_SHB_12.11.2025_LS,SHB,1420,8511,141.89,592.8,291.0,35.9,28.9,0.6153,1
NShelbyRd(blue)_SHB_12.11.2025_LS,SHB,1420,8512,141.9,587.8,291.4,36.1,28.6,0.6449,1
NShelbyRd(blue)_SHB_12.11.2025_LS,SHB,1420,8513,141.92,583.4,291.5,35.9,28.6,0.7002,1
NShelbyRd(blue)_SHB_12.11.2025_LS,SHB,1420,8514,141.94,578.2,291.8,35.8,28.0,0.6964,1
NShelbyRd(blue)_SHB_12.11.2025_LS,SHB,1420,8515,141.95,573.6,291.7,35.6,27.7,0.7312,1
NShelbyRd(blue)_SHB_12.11.2025_LS,SHB,1420,8516,141.97,569.3,291.8,35.4,28.6,0.7246,1
NShelbyRd(blue)_SHB_12.11.2025_LS,SHB,1420,8517,141.99,564.4,291.9,35.9,28.5,0.6773,1
NShelbyRd(blue)_SHB_12.11.2025_LS,SHB,1420,8518,142.0,560.5,291.8,35.7,28.3,0.7037,1
NShelbyRd(blue)_SHB_12.11.2025_LS,SHB,1420,8519,142.02,555.8,291.6,36.1,29.3,0.6744,1
NShelbyRd(blue)_SHB_12.11.2025_LS,SHB,1420,8520,142.04,551.3,291.6,34.6,27.8,0.7057,1
NShelbyRd(blue)_SHB_12.11.2025_LS,SHB,1420,8521,142.05,546.9,291.7,34.4,27.6,0.677,1
NShelbyRd(blue)_SHB_12.11.2025_LS,SHB,1420,8522,142.07,542.6,291.7,33.3,27.4,0.7158,1
NShelbyRd(blue)_SHB_12.11.2025_LS,SHB,1420,8523,142.09,537.9,291.6,33.5,27.7,0.7195,1
NShelbyRd(blue)_SHB_12.11.2025_LS,SHB,1420,8524,142.1,533.2,292.0,33.1,26.7,0.6987,1
NShelbyRd(blue)_SHB_12.11.2025_LS,SHB,1420,8525,142.12,528.9,292.3,32.8,26.4,0.7136,1
NShelbyRd(blue)_SHB_12.11.2025_LS,SHB,1420,8526,142.14,524.2,292.6,33.0,27.3,0.7089,1
NShelbyRd(blue)_SHB_12.11.2025_LS,SHB,1420,8527,142.15,519.1,292.3,32.9,27.7,0.7256,1
NShelbyRd(blue)_SHB_12.11.2025_LS,SHB,1420,8528,142.17,514.7,292.6,33.2,29.0,0.7292,1
NShelbyRd(blue)_SHB_12.11.2025_LS,SHB,1420,8529,142.19,509.7,293.4,32.9,29.9,0.6568,1
NShelbyRd(blue)_SHB_12.11.2025_LS,SHB,1420,8530,142.2,505.2,293.8,33.1,29.8,0.7236,1
NShelbyRd(blue)_SHB_12.11.2025_LS,SHB,1420,8531,142.22,500.6,294.5,33.3,29.0,0.6713,1
NShelbyRd(blue)_SHB_12.11.2025_LS,SHB,1420,8532,142.24,495.4,294.6,32.7,30.0,0.6497,1
NShelbyRd(blue)_SHB_12.11.2025_LS,SHB,1420,8533,142.25,490.9,294.1,33.2,30.2,0.6458,1
NShelbyRd(blue)_SHB_12.11.2025_LS,SHB,1420,8534,142.27,486.1,294.7,32.4,30.2,0.6928,1
NShelbyRd(blue)_SHB_12.11.2025_LS,SHB,1420,8535,142.29,482.0,294.5,31.6,30.1,0.7119,1
NShelbyRd(blue)_SHB_12.11.2025_LS,SHB,1420,8536,142.3,477.6,294.3,31.1,30.0,0.7459,1
NShelbyRd(blue)_SHB_12.11.2025_LS,SHB,1420,8537,142.32,473.4,295.4,31.4,30.4,0.7658,1
NShelbyRd(blue)_SHB_12.11.2025_LS,SHB,1420,8538,142.34,468.8,294.2,31.8,31.4,0.6838,1
NShelbyRd(blue)_SHB_12.11.2025_LS,SHB,1420,8539,142.35,464.1,293.0,31.5,33.6,0.6886,1
NShelbyRd(blue)_SHB_12.11.2025_LS,SHB,1420,8540,142.37,459.7,293.0,33.1,35.2,0.6737,1
NShelbyRd(blue)_SHB_12.11.2025_LS,SHB,1420,8541,142.39,455.4,293.1,32.4,34.6,0.6617,1
NShelbyRd(blue)_SHB_12.11.2025_LS,SHB,1420,8542,142.4,450.9,292.0,32.0,35.8,0.7077,1
NShelbyRd(blue)_SHB_12.11.2025_LS,SHB,1420,8543,142.42,446.2,293.9,32.2,33.6,0.7518,1
NShelbyRd(blue)_SHB_12.11.2025_LS,SHB,1420,8544,142.44,441.2,292.6,33.2,36.1,0.7335,1
NShelbyRd(blue)_SHB_12.11.2025_LS,SHB,1420,8545,142.45,437.4,293.8,33.2,35.2,0.7225,1
NShelbyRd(blue)_SHB_12.11.2025_LS,SHB,1420,8546,142.47,432.8,293.0,33.2,36.6,0.7199,1
NShelbyRd(blue)_SHB_12.11.2025_LS,SHB,1420,8547,142.49,427.8,292.8,34.0,37.3,0.7265,1
NShelbyRd(blue)_SHB_12.11.2025_LS,SHB,1420,8548,142.5,423.2,293.8,35.6,38.6,0.737,1
NShelbyRd(blue)_SHB_12.11.2025_LS,SHB,1420,8549,142.52,418.2,294.2,36.8,39.8,0.7228,1
NShelbyRd(blue)_SHB_12.11.2025_LS,SHB,1420,8550,142.54,413.2,294.5,37.2,39.4,0.7547,1
NShelbyRd(blue)_SHB_12.11.2025_LS,SHB,1420,8551,142.55,409.0,294.2,35.4,39.1,0.7093,1
NShelbyRd(blue)_SHB_12.11.2025_LS,SHB,1420,8552,142.57,404.7,294.1,34.2,38.0,0.6975,1
NShelbyRd(blue)_SHB_12.11.2025_LS,SHB,1420,8553,142.59,400.4,295.4,34.2,38.2,0.6927,1
NShelbyRd(blue)_SHB_12.11.2025_LS,SHB,1420,8554,142.6,395.8,296.1,34.4,40.0,0.6788,1
NShelbyRd(blue)_SHB_12.11.2025_LS,SHB,1420,8555,142.62,391.6,295.7,35.2,41.3,0.6955,1
NShelbyRd(blue)_SHB_12.11.2025_LS,SHB,1420,8556,142.64,387.1,296.8,34.8,41.9,0.7082,1
NShelbyRd(blue)_SHB_12.11.2025_LS,SHB,1420,8557,142.65,382.0,295.7,35.1,41.2,0.6982,1
NShelbyRd(blue)_SHB_12.11.2025_LS,SHB,1420,8558,142.67,378.3,295.9,34.7,40.0,0.7118,1
NShelbyRd(blue)_SHB_12.11.2025_LS,SHB,1420,8559,142.69,373.3,295.2,33.9,39.5,0.681,1
NShelbyRd(blue)_SHB_12.11.2025_LS,SHB,1420,8560,142.7,369.1,295.6,32.9,38.2,0.7442,1
NShelbyRd(blue)_SHB_12.11.2025_LS,SHB,1420,8561,142.72,365.4,296.8,32.6,38.2,0.7035,1
NShelbyRd(blue)_SHB_12.11.2025_LS,SHB,1420,8562,142.74,360.5,296.3,32.1,38.2,0.7025,1
NShelbyRd(blue)_SHB_12.11.2025_LS,SHB,1420,8563,142.75,355.9,296.7,33.5,39.2,0.5707,1
NShelbyRd(blue)_SHB_12.11.2025_LS,SHB,1420,8564,142.77,351.7,297.1,32.0,38.8,0.6642,1
NShelbyRd(blue)_SHB_12.11.2025_LS,SHB,1420,8565,142.79,344.9,297.1,38.6,39.3,0.5803,1
NShelbyRd(blue)_SHB_12.11.2025_LS,SHB,1420,8566,142.8,342.4,297.8,34.4,38.9,0.6286,1
NShelbyRd(blue)_SHB_12.11.2025_LS,SHB,1420,8567,142.82,335.3,297.1,39.0,39.1,0.6702,1
NShelbyRd(blue)_SHB_12.11.2025_LS,SHB,1420,8568,142.84,333.7,298.0,34.3,38.5,0.5503,1
NShelbyRd(blue)_SHB_12.11.2025_LS,SHB,1420,8569,142.85,327.2,298.0,39.1,39.5,0.7353,1
NShelbyRd(blue)_SHB_12.11.2025_LS,SHB,1420,8570,142.87,325.6,299.0,34.3,37.9,0.2432,1
NShelbyRd(blue)_SHB_12.11.2025_LS,SHB,1420,8571,142.89,319.5,298.1,40.2,39.9,0.6913,1
NShelbyRd(blue)_SHB_12.11.2025_LS,SHB,1420,8572,142.9,312.4,297.6,41.9,41.1,0.6882,1
NShelbyRd(blue)_SHB_12.11.2025_LS,SHB,1420,8573,142.92,308.5,297.9,39.5,40.9,0.6988,1
NShelbyRd(blue)_SHB_12.11.2025_LS,SHB,1420,8574,142.94,304.9,298.1,41.1,41.0,0.6335,1
NShelbyRd(blue)_SHB_12.11.2025_LS,SHB,1420,8575,142.95,301.1,297.8,39.2,41.2,0.6865,1
NShelbyRd(blue)_SHB_12.11.2025_LS,SHB,1420,8576,142.97,296.8,297.0,39.2,40.6,0.7022,1
NShelbyRd(blue)_SHB_12.11.2025_LS,SHB,1420,8577,142.99,292.9,296.7,38.2,40.6,0.7066,1
NShelbyRd(blue)_SHB_12.11.2025_LS,SHB,1420,8578,143.0,288.2,295.6,36.7,41.1,0.7039,1
NShelbyRd(blue)_SHB_12.11.2025_LS,SHB,1420,8579,143.02,283.6,296.0,35.6,42.9,0.7074,1
NShelbyRd(blue)_SHB_12.11.2025_LS,SHB,1420,8580,143.04,279.5,296.2,34.8,40.7,0.733,1
NShelbyRd(blue)_SHB_12.11.2025_LS,SHB,1420,8581,143.05,276.0,295.5,34.9,40.0,0.7283,1
NShelbyRd(blue)_SHB_12.11.2025_LS,SHB,1420,8582,143.07,272.4,296.4,35.7,40.3,0.7766,1
NShelbyRd(blue)_SHB_12.11.2025_LS,SHB,1420,8583,143.09,268.7,296.4,36.6,40.1,0.7354,1
NShelbyRd(blue)_SHB_12.11.2025_LS,SHB,1420,8584,143.1,264.2,294.5,38.2,41.1,0.7453,1
NShelbyRd(blue)_SHB_12.11.2025_LS,SHB,1420,8585,143.12,259.4,295.3,38.6,43.1,0.7674,1
NShelbyRd(blue)_SHB_12.11.2025_LS,SHB,1420,8586,143.14,255.4,294.9,36.5,43.5,0.7517,1
NShelbyRd(blue)_SHB_12.11.2025_LS,SHB,1420,8587,143.15,251.1,295.4,36.9,44.6,0.7693,1
NShelbyRd(blue)_SHB_12.11.2025_LS,SHB,1420,8588,143.17,247.6,296.3,36.8,43.0,0.7494,1
NShelbyRd(blue)_SHB_12.11.2025_LS,SHB,1420,8589,143.19,242.9,296.8,36.8,42.5,0.7903,1
NShelbyRd(blue)_SHB_12.11.2025_LS,SHB,1420,8590,143.2,238.3,297.0,38.1,43.4,0.7683,1
NShelbyRd(blue)_SHB_12.11.2025_LS,SHB,1420,8591,143.22,233.1,297.7,39.6,41.9,0.7107,1
NShelbyRd(blue)_SHB_12.11.2025_LS,SHB,1420,8592,143.24,226.0,297.2,44.4,42.6,0.819,1
NShelbyRd(blue)_SHB_12.11.2025_LS,SHB,1420,8593,143.25,222.3,297.8,43.1,40.8,0.7833,1
NShelbyRd(blue)_SHB_12.11.2025_LS,SHB,1420,8594,143.27,219.1,298.3,42.0,39.5,0.7925,1
NShelbyRd(blue)_SHB_12.11.2025_LS,SHB,1420,8595,143.29,214.6,298.5,42.3,40.5,0.8052,1
NShelbyRd(blue)_SHB_12.11.2025_LS,SHB,1420,8596,143.3,210.3,300.3,41.6,40.5,0.8199,1
NShelbyRd(blue)_SHB_12.11.2025_LS,SHB,1420,8597,143.32,206.2,299.6,40.8,41.3,0.8324,1
NShelbyRd(blue)_SHB_12.11.2025_LS,SHB,1420,8598,143.34,202.2,300.5,40.1,41.4,0.8019,1
NShelbyRd(blue)_SHB_12.11.2025_LS,SHB,1420,8599,143.35,197.3,300.9,41.0,40.7,0.8446,1
NShelbyRd(blue)_SHB_12.11.2025_LS,SHB,1420,8600,143.37,192.8,299.7,41.0,42.0,0.7449,1
NShelbyRd(blue)_SHB_12.11.2025_LS,SHB,1420,8601,143.39,188.3,299.6,41.2,41.0,0.7803,1
NShelbyRd(blue)_SHB_12.11.2025_LS,SHB,1420,8602,143.4,183.0,299.4,42.9,43.2,0.8084,1
NShelbyRd(blue)_SHB_12.11.2025_LS,SHB,1420,8603,143.42,178.7,300.4,41.9,42.5,0.8028,1
NShelbyRd(blue)_SHB_12.11.2025_LS,SHB,1420,8604,143.44,173.8,299.4,44.1,42.9,0.8007,1
NShelbyRd(blue)_SHB_12.11.2025_LS,SHB,1420,8605,143.45,168.5,300.1,45.7,43.1,0.7821,1
NShelbyRd(blue)_SHB_12.11.2025_LS,SHB,1420,8606,143.47,164.8,299.7,45.9,41.8,0.7761,1
NShelbyRd(blue)_SHB_12.11.2025_LS,SHB,1420,8607,143.49,159.2,299.1,46.9,40.9,0.7964,1
NShelbyRd(blue)_SHB_12.11.2025_LS,SHB,1420,8608,143.5,154.1,298.6,48.4,43.7,0.7853,1
NShelbyRd(blue)_SHB_12.11.2025_LS,SHB,1420,8609,143.52,149.4,301.8,47.2,42.5,0.7888,1
NShelbyRd(blue)_SHB_12.11.2025_LS,SHB,1420,8610,143.54,144.4,299.2,46.1,44.9,0.7946,1
NShelbyRd(blue)_SHB_12.11.2025_LS,SHB,1420,8611,143.55,139.6,300.6,46.5,46.2,0.7741,1
NShelbyRd(blue)_SHB_12.11.2025_LS,SHB,1420,8612,143.57,135.7,302.4,46.9,46.3,0.5171,1
NShelbyRd(blue)_SHB_12.11.2025_LS,SHB,1420,8613,143.59,133.3,299.3,46.5,45.8,0.6428,1
NShelbyRd(blue)_SHB_12.11.2025_LS,SHB,1420,8614,143.6,128.7,302.0,48.4,47.8,0.7249,1
NShelbyRd(blue)_SHB_12.11.2025_LS,SHB,1420,8615,143.62,124.6,299.7,48.6,47.6,0.7321,1
NShelbyRd(blue)_SHB_12.11.2025_LS,SHB,1420,8616,143.64,119.8,299.7,48.2,45.2,0.5756,1
NShelbyRd(blue)_SHB_12.11.2025_LS,SHB,1420,8617,143.65,110.3,303.6,42.9,38.7,0.6272,1
NShelbyRd(blue)_SHB_12.11.2025_LS,SHB,1420,8618,143.67,101.3,302.7,38.6,39.3,0.4582,1
NShelbyRd(blue)_SHB_12.11.2025_LS,SHB,1420,8619,143.69,93.8,304.5,34.3,35.4,0.682,1
NShelbyRd(blue)_SHB_12.11.2025_LS,SHB,1421,8516,141.97,627.3,280.3,24.4,34.7,0.6708,1
NShelbyRd(blue)_SHB_12.11.2025_LS,SHB,1421,8517,141.99,625.2,280.3,27.9,35.5,0.737,1
NShelbyRd(blue)_SHB_12.11.2025_LS,SHB,1421,8518,142.0,623.2,280.2,32.2,37.2,0.7849,1
NShelbyRd(blue)_SHB_12.11.2025_LS,SHB,1421,8519,142.02,621.0,280.7,37.0,37.9,0.8352,1
NShelbyRd(blue)_SHB_12.11.2025_LS,SHB,1421,8520,142.04,618.7,280.3,41.1,38.2,0.801,1
NShelbyRd(blue)_SHB_12.11.2025_LS,SHB,1421,8521,142.05,616.5,280.2,45.5,38.2,0.8435,1
NShelbyRd(blue)_SHB_12.11.2025_LS,SHB,1421,8522,142.07,613.8,280.2,48.3,38.0,0.8097,1
NShelbyRd(blue)_SHB_12.11.2025_LS,SHB,1421,8523,142.09,609.9,279.9,49.6,37.5,0.8236,1
NShelbyRd(blue)_SHB_12.11.2025_LS,SHB,1421,8524,142.1,605.2,280.0,48.6,37.1,0.8231,1
NShelbyRd(blue)_SHB_12.11.2025_LS,SHB,1421,8525,142.12,600.2,279.9,47.6,36.6,0.8127,1
NShelbyRd(blue)_SHB_12.11.2025_LS,SHB,1421,8526,142.14,595.7,279.8,45.6,36.7,0.7579,1
NShelbyRd(blue)_SHB_12.11.2025_LS,SHB,1421,8527,142.15,590.6,279.6,44.1,36.0,0.7675,1
NShelbyRd(blue)_SHB_12.11.2025_LS,SHB,1421,8528,142.17,585.9,279.4,43.8,36.4,0.8167,1
NShelbyRd(blue)_SHB_12.11.2025_LS,SHB,1421,8529,142.19,581.2,280.2,43.5,36.5,0.848,1
NShelbyRd(blue)_SHB_12.11.2025_LS,SHB,1421,8530,142.2,576.4,280.8,43.0,34.8,0.8606,1
NShelbyRd(blue)_SHB_12.11.2025_LS,SHB,1421,8531,142.22,572.3,281.7,43.0,33.9,0.8602,1
NShelbyRd(blue)_SHB_12.11.2025_LS,SHB,1421,8532,142.24,567.9,283.3,43.2,34.6,0.8321,1
NShelbyRd(blue)_SHB_12.11.2025_LS,SHB,1421,8533,142.25,563.7,282.7,42.8,36.1,0.8544,1
NShelbyRd(blue)_SHB_12.11.2025_LS,SHB,1421,8534,142.27,558.9,283.3,43.2,35.5,0.8127,1
NShelbyRd(blue)_SHB_12.11.2025_LS,SHB,1421,8535,142.29,554.5,283.6,41.9,35.1,0.8049,1
NShelbyRd(blue)_SHB_12.11.2025_LS,SHB,1421,8536,142.3,549.5,283.4,41.7,35.4,0.7727,1
NShelbyRd(blue)_SHB_12.11.2025_LS,SHB,1421,8537,142.32,545.7,283.6,41.6,36.0,0.8049,1
NShelbyRd(blue)_SHB_12.11.2025_LS,SHB,1421,8538,142.34,541.4,282.7,41.3,36.3,0.8094,1
NShelbyRd(blue)_SHB_12.11.2025_LS,SHB,1421,8539,142.35,536.4,282.0,40.2,36.3,0.8149,1
NShelbyRd(blue)_SHB_12.11.2025_LS,SHB,1421,8540,142.37,532.1,282.5,39.8,36.0,0.7918,1
NShelbyRd(blue)_SHB_12.11.2025_LS,SHB,1421,8541,142.39,527.6,282.4,39.3,36.2,0.8126,1
NShelbyRd(blue)_SHB_12.11.2025_LS,SHB,1421,8542,142.4,523.4,282.4,38.9,35.7,0.8351,1
NShelbyRd(blue)_SHB_12.11.2025_LS,SHB,1421,8543,142.42,519.4,283.4,37.8,34.4,0.7854,1
NShelbyRd(blue)_SHB_12.11.2025_LS,SHB,1421,8544,142.44,514.9,283.0,36.5,34.6,0.8172,1
NShelbyRd(blue)_SHB_12.11.2025_LS,SHB,1421,8545,142.45,510.7,283.1,36.0,34.3,0.7965,1
NShelbyRd(blue)_SHB_12.11.2025_LS,SHB,1421,8546,142.47,506.1,283.1,34.9,33.9,0.7882,1
NShelbyRd(blue)_SHB_12.11.2025_LS,SHB,1421,8547,142.49,501.4,283.3,34.2,33.1,0.7886,1
NShelbyRd(blue)_SHB_12.11.2025_LS,SHB,1421,8548,142.5,497.2,283.2,34.0,32.9,0.7904,1
NShelbyRd(blue)_SHB_12.11.2025_LS,SHB,1421,8549,142.52,492.9,283.2,33.6,31.7,0.7918,1
NShelbyRd(blue)_SHB_12.11.2025_LS,SHB,1421,8550,142.54,488.4,283.4,32.5,31.3,0.8085,1
NShelbyRd(blue)_SHB_12.11.2025_LS,SHB,1421,8551,142.55,484.1,283.8,31.9,30.9,0.824,1
NShelbyRd(blue)_SHB_12.11.2025_LS,SHB,1421,8552,142.57,479.8,283.9,32.3,31.2,0.8165,1
NShelbyRd(blue)_SHB_12.11.2025_LS,SHB,1421,8553,142.59,475.8,284.2,33.3,31.0,0.8088,1
NShelbyRd(blue)_SHB_12.11.2025_LS,SHB,1421,8554,142.6,470.3,285.0,31.9,30.9,0.7164,1
NShelbyRd(blue)_SHB_12.11.2025_LS,SHB,1421,8555,142.62,467.4,285.2,33.2,31.8,0.7515,1
NShelbyRd(blue)_SHB_12.11.2025_LS,SHB,1421,8556,142.64,462.0,285.2,32.3,30.7,0.6664,1
NShelbyRd(blue)_SHB_12.11.2025_LS,SHB,1421,8557,142.65,456.9,284.7,31.0,30.2,0.6952,1
NShelbyRd(blue)_SHB_12.11.2025_LS,SHB,1421,8558,142.67,453.0,283.9,31.1,29.1,0.6564,1
NShelbyRd(blue)_SHB_12.11.2025_LS,SHB,1421,8559,142.69,448.4,283.6,30.1,27.8,0.6434,1
NShelbyRd(blue)_SHB_12.11.2025_LS,SHB,1421,8560,142.7,444.2,284.1,29.0,26.9,0.6392,1
NShelbyRd(blue)_SHB_12.11.2025_LS,SHB,1421,8561,142.72,439.8,284.4,28.5,25.7,0.6266,1
NShelbyRd(blue)_SHB_12.11.2025_LS,SHB,1421,8562,142.74,435.8,284.0,28.3,25.5,0.6484,1
NShelbyRd(blue)_SHB_12.11.2025_LS,SHB,1421,8563,142.75,431.3,284.7,27.1,24.3,0.5909,1
NShelbyRd(blue)_SHB_12.11.2025_LS,SHB,1421,8564,142.77,426.5,284.9,26.8,23.9,0.5472,1
NShelbyRd(blue)_SHB_12.11.2025_LS,SHB,1421,8565,142.79,422.4,285.0,27.2,23.4,0.5101,1
NShelbyRd(blue)_SHB_12.11.2025_LS,SHB,1421,8566,142.8,418.2,285.1,25.8,22.8,0.5627,1
NShelbyRd(blue)_SHB_12.11.2025_LS,SHB,1421,8567,142.82,414.0,285.9,26.0,22.3,0.3494,1
NShelbyRd(blue)_SHB_12.11.2025_LS,SHB,1421,8568,142.84,409.9,285.9,25.3,20.8,0.4386,1
NShelbyRd(blue)_SHB_12.11.2025_LS,SHB,1421,8569,142.85,405.2,286.1,24.6,20.4,0.2648,1
NShelbyRd(blue)_SHB_12.11.2025_LS,SHB,1421,8570,142.87,401.0,285.7,24.5,19.8,0.2508,1
NShelbyRd(blue)_SHB_12.11.2025_LS,SHB,1421,8571,142.89,396.1,285.9,24.0,20.6,0.3739,1
NShelbyRd(blue)_SHB_12.11.2025_LS,SHB,1421,8572,142.9,392.4,285.7,24.5,20.8,0.4186,1
NShelbyRd(blue)_SHB_12.11.2025_LS,SHB,1421,8573,142.92,388.9,285.3,24.8,21.1,0.206,1
NShelbyRd(blue)_SHB_12.11.2025_LS,SHB,1421,8574,142.94,383.5,286.1,24.3,21.8,0.2049,1
NShelbyRd(blue)_SHB_12.11.2025_LS,SHB,1421,8575,142.95,379.0,286.0,24.9,23.7,0.1055,1
NShelbyRd(blue)_SHB_12.11.2025_LS,SHB,1421,8576,142.97,374.6,287.0,25.8,26.9,0.2468,1
NShelbyRd(blue)_SHB_12.11.2025_LS,SHB,1421,8577,142.99,373.0,285.2,25.1,23.6,0.1827,1
NShelbyRd(blue)_SHB_12.11.2025_LS,SHB,1423,8532,142.24,626.9,286.8,24.8,38.8,0.6136,1
NShelbyRd(blue)_SHB_12.11.2025_LS,SHB,1423,8533,142.25,625.1,284.0,27.7,35.3,0.6579,1
NShelbyRd(blue)_SHB_12.11.2025_LS,SHB,1423,8534,142.27,622.8,286.2,32.3,37.4,0.7098,1
NShelbyRd(blue)_SHB_12.11.2025_LS,SHB,1423,8535,142.29,620.5,287.2,36.5,38.3,0.7528,1
NShelbyRd(blue)_SHB_12.11.2025_LS,SHB,1423,8536,142.3,618.0,287.4,41.0,39.5,0.7579,1
NShelbyRd(blue)_SHB_12.11.2025_LS,SHB,1423,8537,142.32,614.0,286.8,42.5,38.8,0.6992,1
NShelbyRd(blue)_SHB_12.11.2025_LS,SHB,1423,8538,142.34,609.9,285.1,42.8,35.4,0.7274,1
NShelbyRd(blue)_SHB_12.11.2025_LS,SHB,1423,8539,142.35,606.0,283.7,43.0,32.4,0.7048,1
NShelbyRd(blue)_SHB_12.11.2025_LS,SHB,1423,8540,142.37,602.1,284.8,43.1,33.1,0.7605,1
NShelbyRd(blue)_SHB_12.11.2025_LS,SHB,1423,8541,142.39,598.2,284.0,42.9,31.9,0.6977,1
NShelbyRd(blue)_SHB_12.11.2025_LS,SHB,1423,8542,142.4,594.5,283.9,42.7,31.0,0.7347,1
NShelbyRd(blue)_SHB_12.11.2025_LS,SHB,1423,8543,142.42,590.5,284.8,42.2,31.4,0.7718,1
NShelbyRd(blue)_SHB_12.11.2025_LS,SHB,1423,8544,142.44,586.5,284.7,42.0,31.5,0.7906,1
NShelbyRd(blue)_SHB_12.11.2025_LS,SHB,1423,8545,142.45,582.3,285.2,42.4,32.1,0.7966,1
NShelbyRd(blue)_SHB_12.11.2025_LS,SHB,1423,8546,142.47,577.9,285.1,42.2,33.7,0.7884,1
NShelbyRd(blue)_SHB_12.11.2025_LS,SHB,1423,8547,142.49,574.1,285.7,41.6,30.9,0.7634,1
NShelbyRd(blue)_SHB_12.11.2025_LS,SHB,1423,8548,142.5,570.2,286.8,41.3,31.7,0.7639,1
NShelbyRd(blue)_SHB_12.11.2025_LS,SHB,1423,8549,142.52,565.7,287.2,40.6,31.9,0.735,1
NShelbyRd(blue)_SHB_12.11.2025_LS,SHB,1423,8550,142.54,562.0,287.4,40.7,30.9,0.7666,1
NShelbyRd(blue)_SHB_12.11.2025_LS,SHB,1423,8551,142.55,558.1,288.2,40.0,30.2,0.7457,1
NShelbyRd(blue)_SHB_12.11.2025_LS,SHB,1423,8552,142.57,553.8,288.1,39.7,30.0,0.7778,1
NShelbyRd(blue)_SHB_12.11.2025_LS,SHB,1423,8553,142.59,549.5,288.6,40.5,29.7,0.7314,1
NShelbyRd(blue)_SHB_12.11.2025_LS,SHB,1423,8554,142.6,545.7,289.2,40.1,29.4,0.7464,1
NShelbyRd(blue)_SHB_12.11.2025_LS,SHB,1423,8555,142.62,542.0,289.1,41.1,29.6,0.7866,1
NShelbyRd(blue)_SHB_12.11.2025_LS,SHB,1423,8556,142.64,537.7,290.0,41.2,29.9,0.7352,1
NShelbyRd(blue)_SHB_12.11.2025_LS,SHB,1423,8557,142.65,533.5,290.4,41.8,29.8,0.7467,1
NShelbyRd(blue)_SHB_12.11.2025_LS,SHB,1423,8558,142.67,529.0,290.5,41.4,29.6,0.759,1
NShelbyRd(blue)_SHB_12.11.2025_LS,SHB,1423,8559,142.69,525.6,290.1,41.5,30.1,0.7582,1
NShelbyRd(blue)_SHB_12.11.2025_LS,SHB,1423,8560,142.7,520.9,290.1,41.4,30.6,0.7542,1
NShelbyRd(blue)_SHB_12.11.2025_LS,SHB,1423,8561,142.72,517.0,291.6,41.2,30.3,0.7759,1
NShelbyRd(blue)_SHB_12.11.2025_LS,SHB,1423,8562,142.74,512.9,291.8,40.7,30.8,0.766,1
NShelbyRd(blue)_SHB_12.11.2025_LS,SHB,1423,8563,142.75,509.0,292.7,41.5,30.5,0.786,1
NShelbyRd(blue)_SHB_12.11.2025_LS,SHB,1423,8564,142.77,504.7,292.7,41.2,30.7,0.7752,1
NShelbyRd(blue)_SHB_12.11.2025_LS,SHB,1423,8565,142.79,501.4,292.5,41.4,29.8,0.7686,1
NShelbyRd(blue)_SHB_12.11.2025_LS,SHB,1423,8566,142.8,497.9,292.8,41.9,29.9,0.7793,1
NShelbyRd(blue)_SHB_12.11.2025_LS,SHB,1423,8567,142.82,494.0,292.6,42.1,29.2,0.79,1
NShelbyRd(blue)_SHB_12.11.2025_LS,SHB,1423,8568,142.84,489.9,292.7,42.3,29.7,0.77,1
NShelbyRd(blue)_SHB_12.11.2025_LS,SHB,1423,8569,142.85,485.6,293.1,42.2,30.5,0.7741,1
NShelbyRd(blue)_SHB_12.11.2025_LS,SHB,1423,8570,142.87,481.9,293.8,42.5,31.2,0.7643,1
NShelbyRd(blue)_SHB_12.11.2025_LS,SHB,1423,8571,142.89,478.2,294.4,43.0,32.5,0.7697,1
NShelbyRd(blue)_SHB_12.11.2025_LS,SHB,1423,8572,142.9,474.3,294.9,43.2,33.7,0.7554,1
NShelbyRd(blue)_SHB_12.11.2025_LS,SHB,1423,8573,142.92,470.7,294.1,42.8,32.0,0.7764,1
NShelbyRd(blue)_SHB_12.11.2025_LS,SHB,1423,8574,142.94,467.4,294.0,42.9,30.8,0.7224,1
NShelbyRd(blue)_SHB_12.11.2025_LS,SHB,1423,8575,142.95,463.8,292.7,42.9,30.0,0.771,1
NShelbyRd(blue)_SHB_12.11.2025_LS,SHB,1423,8576,142.97,458.7,292.4,42.5,29.9,0.774,1
NShelbyRd(blue)_SHB_12.11.2025_LS,SHB,1423,8577,142.99,453.2,291.8,38.9,29.1,0.7393,1
NShelbyRd(blue)_SHB_12.11.2025_LS,SHB,1423,8578,143.0,448.3,291.1,37.0,27.6,0.7429,1
NShelbyRd(blue)_SHB_12.11.2025_LS,SHB,1423,8579,143.02,443.4,290.6,34.5,26.8,0.7118,1
NShelbyRd(blue)_SHB_12.11.2025_LS,SHB,1423,8580,143.04,438.6,290.8,33.5,27.8,0.6849,1
NShelbyRd(blue)_SHB_12.11.2025_LS,SHB,1423,8581,143.05,433.8,290.7,33.1,28.1,0.6564,1
NShelbyRd(blue)_SHB_12.11.2025_LS,SHB,1423,8582,143.07,428.4,290.1,31.2,28.3,0.4948,1
NShelbyRd(blue)_SHB_12.11.2025_LS,SHB,1425,8541,142.39,630.2,278.5,18.5,23.9,0.6906,0
NShelbyRd(blue)_SHB_12.11.2025_LS,SHB,1425,8542,142.4,627.9,278.6,21.0,23.9,0.6676,0
NShelbyRd(blue)_SHB_12.11.2025_LS,SHB,1425,8543,142.42,624.7,280.1,23.4,25.3,0.6836,0
NShelbyRd(blue)_SHB_12.11.2025_LS,SHB,1425,8544,142.44,621.7,280.3,24.9,26.2,0.6451,0
NShelbyRd(blue)_SHB_12.11.2025_LS,SHB,1425,8545,142.45,618.6,280.2,24.8,26.1,0.7173,0
NShelbyRd(blue)_SHB_12.11.2025_LS,SHB,1425,8546,142.47,615.9,280.2,24.0,25.4,0.7416,0
NShelbyRd(blue)_SHB_12.11.2025_LS,SHB,1425,8547,142.49,612.9,280.3,24.6,25.3,0.7307,0
NShelbyRd(blue)_SHB_12.11.2025_LS,SHB,1425,8548,142.5,609.5,281.4,25.6,26.6,0.7773,0
NShelbyRd(blue)_SHB_12.11.2025_LS,SHB,1425,8549,142.52,606.1,281.3,24.7,25.2,0.7522,0
NShelbyRd(blue)_SHB_12.11.2025_LS,SHB,1425,8550,142.54,603.3,281.2,24.5,23.4,0.7439,0
NShelbyRd(blue)_SHB_12.11.2025_LS,SHB,1425,8551,142.55,599.8,281.8,24.5,22.7,0.7249,0
NShelbyRd(blue)_SHB_12.11.2025_LS,SHB,1425,8552,142.57,596.6,281.6,24.7,22.4,0.4647,0
NShelbyRd(blue)_SHB_12.11.2025_LS,SHB,1425,8553,142.59,594.1,281.5,24.8,21.4,0.3344,0
NShelbyRd(blue)_SHB_12.11.2025_LS,SHB,1425,8554,142.6,591.2,282.2,25.5,20.7,0.1086,0
NShelbyRd(blue)_SHB_12.11.2025_LS,SHB,1426,8554,142.6,519.1,286.2,28.8,31.5,0.551,1
NShelbyRd(blue)_SHB_12.11.2025_LS,SHB,1426,8555,142.62,513.4,284.7,26.1,29.4,0.5262,1
NShelbyRd(blue)_SHB_12.11.2025_LS,SHB,1426,8556,142.64,509.1,286.4,27.1,28.5,0.5498,1
NShelbyRd(blue)_SHB_12.11.2025_LS,SHB,1426,8557,142.65,503.3,286.1,25.1,28.9,0.6577,1
NShelbyRd(blue)_SHB_12.11.2025_LS,SHB,1426,8558,142.67,500.5,286.8,27.3,29.4,0.6005,1
NShelbyRd(blue)_SHB_12.11.2025_LS,SHB,1426,8559,142.69,496.8,286.7,27.8,30.4,0.4708,1
NShelbyRd(blue)_SHB_12.11.2025_LS,SHB,1426,8560,142.7,493.7,287.0,27.9,30.5,0.5437,1
NShelbyRd(blue)_SHB_12.11.2025_LS,SHB,1426,8561,142.72,490.6,288.0,28.9,30.2,0.4456,1
NShelbyRd(blue)_SHB_12.11.2025_LS,SHB,1426,8562,142.74,486.4,288.4,27.4,30.3,0.2018,1
NShelbyRd(blue)_SHB_12.11.2025_LS,SHB,1426,8563,142.75,482.4,289.6,27.2,31.2,0.2142,1
NShelbyRd(blue)_SHB_12.11.2025_LS,SHB,1426,8564,142.77,478.5,289.1,27.5,31.8,0.2423,1
NShelbyRd(blue)_SHB_12.11.2025_LS,SHB,1426,8565,142.79,474.4,289.7,26.1,31.2,0.3665,1
NShelbyRd(blue)_SHB_12.11.2025_LS,SHB,1426,8566,142.8,470.9,290.6,26.1,32.1,0.4178,1
NShelbyRd(blue)_SHB_12.11.2025_LS,SHB,1426,8567,142.82,467.6,290.4,25.6,31.5,0.161,1
NShelbyRd(blue)_SHB_12.11.2025_LS,SHB,1426,8568,142.84,462.7,290.5,24.3,30.8,0.3496,1
NShelbyRd(blue)_SHB_12.11.2025_LS,SHB,1426,8573,142.92,444.5,290.1,23.1,31.2,0.402,1
NShelbyRd(blue)_SHB_12.11.2025_LS,SHB,1426,8574,142.94,440.9,289.5,22.8,30.9,0.2793,1
NShelbyRd(blue)_SHB_12.11.2025_LS,SHB,1426,8575,142.95,437.5,288.9,23.9,31.7,0.1055,1
NShelbyRd(blue)_SHB_12.11.2025_LS,SHB,1426,8576,142.97,433.4,288.7,23.3,29.2,0.107,1
NShelbyRd(blue)_SHB_12.11.2025_LS,SHB,1426,8585,143.12,406.6,289.8,33.7,29.3,0.4902,1
NShelbyRd(blue)_SHB_12.11.2025_LS,SHB,1426,8586,143.14,404.0,288.3,36.2,32.3,0.5965,1
NShelbyRd(blue)_SHB_12.11.2025_LS,SHB,1426,8587,143.15,399.0,288.8,34.0,31.4,0.5132,1
NShelbyRd(blue)_SHB_12.11.2025_LS,SHB,1426,8588,143.17,393.7,290.3,30.7,29.4,0.3992,1
NShelbyRd(blue)_SHB_12.11.2025_LS,SHB,1426,8589,143.19,390.3,289.5,32.3,28.5,0.2778,1
NShelbyRd(blue)_SHB_12.11.2025_LS,SHB,1426,8590,143.2,384.2,289.1,28.6,28.2,0.1768,1
NShelbyRd(blue)_SHB_12.11.2025_LS,SHB,1426,8591,143.22,380.9,290.3,29.6,27.4,0.5235,1
NShelbyRd(blue)_SHB_12.11.2025_LS,SHB,1426,8592,143.24,375.3,292.3,28.5,27.3,0.5322,1
NShelbyRd(blue)_SHB_12.11.2025_LS,SHB,1426,8593,143.25,370.5,293.2,27.6,28.1,0.5214,1
NShelbyRd(blue)_SHB_12.11.2025_LS,SHB,1427,8572,142.9,627.8,277.7,22.5,41.4,0.6834,1
NShelbyRd(blue)_SHB_12.11.2025_LS,SHB,1427,8573,142.92,625.2,278.8,25.9,43.8,0.7684,1
NShelbyRd(blue)_SHB_12.11.2025_LS,SHB,1427,8574,142.94,623.3,280.4,30.7,44.2,0.7964,1
NShelbyRd(blue)_SHB_12.11.2025_LS,SHB,1427,8575,142.95,621.1,280.2,35.5,42.8,0.7964,1
NShelbyRd(blue)_SHB_12.11.2025_LS,SHB,1427,8576,142.97,617.8,279.8,38.3,44.0,0.7859,1
NShelbyRd(blue)_SHB_12.11.2025_LS,SHB,1427,8577,142.99,614.5,279.9,39.5,44.8,0.8204,1
NShelbyRd(blue)_SHB_12.11.2025_LS,SHB,1427,8578,143.0,610.6,279.6,38.9,44.5,0.7687,1
NShelbyRd(blue)_SHB_12.11.2025_LS,SHB,1427,8579,143.02,607.6,279.3,37.8,44.5,0.7817,1
NShelbyRd(blue)_SHB_12.11.2025_LS,SHB,1427,8580,143.04,602.6,280.0,37.6,44.7,0.8,1
NShelbyRd(blue)_SHB_12.11.2025_LS,SHB,1427,8581,143.05,598.8,279.7,37.9,43.6,0.8177,1
NShelbyRd(blue)_SHB_12.11.2025_LS,SHB,1427,8582,143.07,594.3,279.5,38.6,43.3,0.7708,1
NShelbyRd(blue)_SHB_12.11.2025_LS,SHB,1427,8583,143.09,590.9,279.7,37.7,43.8,0.7972,1
NShelbyRd(blue)_SHB_12.11.2025_LS,SHB,1427,8584,143.1,586.6,279.0,38.3,44.4,0.8106,1
NShelbyRd(blue)_SHB_12.11.2025_LS,SHB,1427,8585,143.12,582.7,279.5,37.2,44.4,0.8118,1
NShelbyRd(blue)_SHB_12.11.2025_LS,SHB,1427,8586,143.14,578.2,279.2,37.9,44.0,0.7949,1
NShelbyRd(blue)_SHB_12.11.2025_LS,SHB,1427,8587,143.15,573.7,279.6,38.6,44.3,0.8508,1
NShelbyRd(blue)_SHB_12.11.2025_LS,SHB,1427,8588,143.17,569.6,279.2,37.8,44.3,0.7923,1
NShelbyRd(blue)_SHB_12.11.2025_LS,SHB,1427,8589,143.19,565.4,279.0,36.1,44.2,0.8316,1
NShelbyRd(blue)_SHB_12.11.2025_LS,SHB,1427,8590,143.2,560.7,279.6,35.5,44.1,0.7855,1
NShelbyRd(blue)_SHB_12.11.2025_LS,SHB,1427,8591,143.22,555.1,280.5,36.3,43.7,0.773,1
NShelbyRd(blue)_SHB_12.11.2025_LS,SHB,1427,8592,143.24,551.4,280.6,36.2,44.2,0.7785,1
NShelbyRd(blue)_SHB_12.11.2025_LS,SHB,1427,8593,143.25,547.3,280.9,36.5,44.7,0.7712,1
NShelbyRd(blue)_SHB_12.11.2025_LS,SHB,1427,8594,143.27,543.6,280.8,36.2,44.1,0.8039,1
NShelbyRd(blue)_SHB_12.11.2025_LS,SHB,1427,8595,143.29,538.9,280.7,37.4,44.4,0.8003,1
NShelbyRd(blue)_SHB_12.11.2025_LS,SHB,1427,8596,143.3,534.3,281.0,37.3,44.1,0.8033,1
NShelbyRd(blue)_SHB_12.11.2025_LS,SHB,1427,8597,143.32,530.1,280.4,38.0,44.6,0.798,1
NShelbyRd(blue)_SHB_12.11.2025_LS,SHB,1427,8598,143.34,526.5,280.8,37.3,44.8,0.7998,1
NShelbyRd(blue)_SHB_12.11.2025_LS,SHB,1427,8599,143.35,522.0,281.3,36.1,44.9,0.8056,1
NShelbyRd(blue)_SHB_12.11.2025_LS,SHB,1427,8600,143.37,517.2,281.1,34.3,45.2,0.7824,1
NShelbyRd(blue)_SHB_12.11.2025_LS,SHB,1427,8601,143.39,511.9,281.5,33.6,44.8,0.7829,1
NShelbyRd(blue)_SHB_12.11.2025_LS,SHB,1427,8602,143.4,506.6,280.9,33.8,44.2,0.7611,1
NShelbyRd(blue)_SHB_12.11.2025_LS,SHB,1427,8603,143.42,502.1,281.1,32.8,42.6,0.78,1
NShelbyRd(blue)_SHB_12.11.2025_LS,SHB,1427,8604,143.44,497.2,281.3,32.3,41.8,0.7989,1
NShelbyRd(blue)_SHB_12.11.2025_LS,SHB,1427,8605,143.45,493.5,281.8,31.6,42.5,0.7831,1
NShelbyRd(blue)_SHB_12.11.2025_LS,SHB,1427,8606,143.47,489.4,281.7,32.1,43.2,0.7989,1
NShelbyRd(blue)_SHB_12.11.2025_LS,SHB,1427,8607,143.49,484.8,281.1,32.8,44.4,0.7811,1
NShelbyRd(blue)_SHB_12.11.2025_LS,SHB,1427,8608,143.5,480.6,281.2,31.6,44.1,0.7952,1
NShelbyRd(blue)_SHB_12.11.2025_LS,SHB,1427,8609,143.52,475.8,283.3,31.7,44.4,0.7038,1
NShelbyRd(blue)_SHB_12.11.2025_LS,SHB,1427,8610,143.54,473.1,281.0,35.2,46.6,0.8073,1
NShelbyRd(blue)_SHB_12.11.2025_LS,SHB,1427,8611,143.55,468.9,285.4,36.2,48.3,0.7058,1
NShelbyRd(blue)_SHB_12.11.2025_LS,SHB,1427,8612,143.57,464.8,286.6,35.0,48.0,0.6724,1
NShelbyRd(blue)_SHB_12.11.2025_LS,SHB,1427,8613,143.59,459.1,285.1,33.4,42.2,0.1211,1
NShelbyRd(blue)_SHB_12.11.2025_LS,SHB,1427,8621,143.72,427.3,280.7,31.3,43.7,0.6326,1
NShelbyRd(blue)_SHB_12.11.2025_LS,SHB,1427,8622,143.74,421.3,283.2,31.8,42.9,0.7566,1
NShelbyRd(blue)_SHB_12.11.2025_LS,SHB,1427,8623,143.75,412.8,283.5,34.7,43.3,0.7672,1
NShelbyRd(blue)_SHB_12.11.2025_LS,SHB,1427,8624,143.77,408.0,284.1,36.6,43.4,0.7699,1
NShelbyRd(blue)_SHB_12.11.2025_LS,SHB,1427,8625,143.79,400.9,284.3,41.3,42.8,0.8122,1
NShelbyRd(blue)_SHB_12.11.2025_LS,SHB,1427,8626,143.8,393.4,283.7,43.6,43.5,0.8225,1
NShelbyRd(blue)_SHB_12.11.2025_LS,SHB,1427,8627,143.82,387.9,284.9,43.3,42.8,0.8075,1
NShelbyRd(blue)_SHB_12.11.2025_LS,SHB,1427,8628,143.84,383.3,284.9,41.1,42.4,0.8137,1
NShelbyRd(blue)_SHB_12.11.2025_LS,SHB,1427,8629,143.85,378.5,285.6,40.9,42.2,0.8516,1
NShelbyRd(blue)_SHB_12.11.2025_LS,SHB,1427,8630,143.87,373.8,287.4,40.7,42.4,0.8258,1
NShelbyRd(blue)_SHB_12.11.2025_LS,SHB,1427,8631,143.89,368.6,286.9,40.0,43.4,0.8217,1
NShelbyRd(blue)_SHB_12.11.2025_LS,SHB,1427,8632,143.9,363.3,287.1,40.3,43.6,0.8239,1
NShelbyRd(blue)_SHB_12.11.2025_LS,SHB,1427,8633,143.92,359.8,287.2,39.9,44.4,0.8134,1
NShelbyRd(blue)_SHB_12.11.2025_LS,SHB,1427,8634,143.94,356.5,286.6,39.4,44.9,0.7905,1
NShelbyRd(blue)_SHB_12.11.2025_LS,SHB,1427,8635,143.95,352.7,287.1,38.5,46.1,0.7766,1
NShelbyRd(blue)_SHB_12.11.2025_LS,SHB,1427,8636,143.97,348.6,287.1,38.3,47.0,0.7838,1
NShelbyRd(blue)_SHB_12.11.2025_LS,SHB,1427,8637,143.99,343.2,287.3,38.4,47.5,0.7743,1
NShelbyRd(blue)_SHB_12.11.2025_LS,SHB,1427,8638,144.0,337.3,287.1,39.5,46.5,0.7765,1
NShelbyRd(blue)_SHB_12.11.2025_LS,SHB,1427,8639,144.02,331.6,287.0,39.4,47.1,0.7862,1
NShelbyRd(blue)_SHB_12.11.2025_LS,SHB,1427,8640,144.04,328.0,287.8,35.4,45.7,0.7768,1
NShelbyRd(blue)_SHB_12.11.2025_LS,SHB,1427,8641,144.05,323.3,287.8,36.5,45.4,0.7474,1
NShelbyRd(blue)_SHB_12.11.2025_LS,SHB,1427,8642,144.07,319.2,287.2,38.0,45.9,0.7335,1
NShelbyRd(blue)_SHB_12.11.2025_LS,SHB,1427,8643,144.09,313.4,288.2,36.3,43.7,0.739,1
NShelbyRd(blue)_SHB_12.11.2025_LS,SHB,1427,8644,144.1,308.7,288.0,40.5,44.3,0.6968,1
NShelbyRd(blue)_SHB_12.11.2025_LS,SHB,1427,8645,144.12,302.4,288.8,40.7,44.4,0.727,1
NShelbyRd(blue)_SHB_12.11.2025_LS,SHB,1427,8646,144.14,299.0,288.7,40.5,45.1,0.7465,1
NShelbyRd(blue)_SHB_12.11.2025_LS,SHB,1427,8647,144.15,296.2,289.0,41.6,45.0,0.7095,1
NShelbyRd(blue)_SHB_12.11.2025_LS,SHB,1427,8648,144.17,292.6,289.5,38.2,44.5,0.6819,1
NShelbyRd(blue)_SHB_12.11.2025_LS,SHB,1427,8649,144.19,283.1,289.9,33.5,42.8,0.699,1
NShelbyRd(blue)_SHB_12.11.2025_LS,SHB,1427,8650,144.2,276.5,290.7,32.3,43.4,0.712,1
NShelbyRd(blue)_SHB_12.11.2025_LS,SHB,1427,8651,144.22,270.1,290.9,33.0,43.2,0.7488,1
NShelbyRd(blue)_SHB_12.11.2025_LS,SHB,1427,8652,144.24,264.1,291.3,33.7,42.9,0.7592,1
NShelbyRd(blue)_SHB_12.11.2025_LS,SHB,1427,8653,144.25,259.3,292.0,34.5,42.9,0.7557,1
NShelbyRd(blue)_SHB_12.11.2025_LS,SHB,1427,8654,144.27,254.6,292.0,35.8,43.2,0.761,1
NShelbyRd(blue)_SHB_12.11.2025_LS,SHB,1427,8655,144.29,251.0,291.7,35.8,43.8,0.7508,1
NShelbyRd(blue)_SHB_12.11.2025_LS,SHB,1427,8656,144.3,244.4,292.3,35.8,43.7,0.7308,1
NShelbyRd(blue)_SHB_12.11.2025_LS,SHB,1427,8657,144.32,239.7,291.5,36.3,44.7,0.7377,1
NShelbyRd(blue)_SHB_12.11.2025_LS,SHB,1427,8658,144.34,234.8,292.4,36.1,44.7,0.7701,1
NShelbyRd(blue)_SHB_12.11.2025_LS,SHB,1427,8659,144.35,230.3,293.4,35.4,45.3,0.7872,1
NShelbyRd(blue)_SHB_12.11.2025_LS,SHB,1427,8660,144.37,223.9,292.7,35.8,44.0,0.7964,1
NShelbyRd(blue)_SHB_12.11.2025_LS,SHB,1427,8661,144.39,218.6,294.1,35.8,44.4,0.7543,1
NShelbyRd(blue)_SHB_12.11.2025_LS,SHB,1427,8662,144.4,213.9,293.9,34.5,43.0,0.7643,1
NShelbyRd(blue)_SHB_12.11.2025_LS,SHB,1427,8663,144.42,208.4,293.0,35.5,43.2,0.6956,1
NShelbyRd(blue)_SHB_12.11.2025_LS,SHB,1427,8664,144.44,203.7,294.3,34.7,44.1,0.717,1
NShelbyRd(blue)_SHB_12.11.2025_LS,SHB,1427,8665,144.45,198.8,294.9,34.2,45.0,0.7457,1
NShelbyRd(blue)_SHB_12.11.2025_LS,SHB,1427,8666,144.47,192.6,294.4,34.6,44.3,0.7048,1
NShelbyRd(blue)_SHB_12.11.2025_LS,SHB,1427,8667,144.49,187.8,294.1,35.1,44.1,0.7449,1
NShelbyRd(blue)_SHB_12.11.2025_LS,SHB,1427,8668,144.5,182.7,294.3,35.2,43.7,0.6923,1
NShelbyRd(blue)_SHB_12.11.2025_LS,SHB,1427,8669,144.52,176.4,293.7,36.7,43.1,0.7082,1
NShelbyRd(blue)_SHB_12.11.2025_LS,SHB,1427,8670,144.54,171.4,294.0,36.7,43.2,0.715,1
NShelbyRd(blue)_SHB_12.11.2025_LS,SHB,1427,8671,144.55,166.6,294.7,36.9,43.8,0.7048,1
NShelbyRd(blue)_SHB_12.11.2025_LS,SHB,1427,8672,144.57,160.6,294.2,36.2,43.3,0.6683,1
NShelbyRd(blue)_SHB_12.11.2025_LS,SHB,1427,8673,144.59,153.6,293.1,34.7,44.0,0.648,1
NShelbyRd(blue)_SHB_12.11.2025_LS,SHB,1427,8674,144.6,149.0,293.6,34.5,42.7,0.6411,1
NShelbyRd(blue)_SHB_12.11.2025_LS,SHB,1427,8675,144.62,143.4,293.0,34.8,42.3,0.6882,1
NShelbyRd(blue)_SHB_12.11.2025_LS,SHB,1427,8676,144.64,138.7,293.8,35.9,43.6,0.6855,1
NShelbyRd(blue)_SHB_12.11.2025_LS,SHB,1427,8677,144.65,133.3,294.2,34.2,42.7,0.6008,1
NShelbyRd(blue)_SHB_12.11.2025_LS,SHB,1427,8678,144.67,128.4,293.4,34.3,42.8,0.7082,1
NShelbyRd(blue)_SHB_12.11.2025_LS,SHB,1427,8679,144.69,123.2,295.0,33.6,43.5,0.6335,1
NShelbyRd(blue)_SHB_12.11.2025_LS,SHB,1427,8680,144.7,117.1,292.9,35.0,41.7,0.7169,1
NShelbyRd(blue)_SHB_12.11.2025_LS,SHB,1427,8681,144.72,111.3,294.2,35.3,43.0,0.6958,1
NShelbyRd(blue)_SHB_12.11.2025_LS,SHB,1427,8682,144.74,106.9,293.6,36.8,42.6,0.6406,1
NShelbyRd(blue)_SHB_12.11.2025_LS,SHB,1427,8683,144.75,101.7,293.3,36.0,41.6,0.5948,1
NShelbyRd(blue)_SHB_12.11.2025_LS,SHB,1427,8684,144.77,95.6,294.2,35.8,41.3,0.6966,1
NShelbyRd(blue)_SHB_12.11.2025_LS,SHB,1427,8685,144.79,89.1,294.1,36.8,41.6,0.7257,1
NShelbyRd(blue)_SHB_12.11.2025_LS,SHB,1427,8686,144.8,83.5,294.7,35.7,42.2,0.7034,1
NShelbyRd(blue)_SHB_12.11.2025_LS,SHB,1427,8687,144.82,78.9,294.3,35.8,41.8,0.6658,1
NShelbyRd(blue)_SHB_12.11.2025_LS,SHB,1427,8688,144.84,73.8,294.1,36.4,40.8,0.714,1
NShelbyRd(blue)_SHB_12.11.2025_LS,SHB,1427,8689,144.85,68.5,295.2,37.2,41.9,0.6555,1
NShelbyRd(blue)_SHB_12.11.2025_LS,SHB,1427,8690,144.87,63.0,295.8,35.3,42.9,0.7285,1
NShelbyRd(blue)_SHB_12.11.2025_LS,SHB,1427,8691,144.89,56.8,296.3,34.8,43.3,0.7524,1
NShelbyRd(blue)_SHB_12.11.2025_LS,SHB,1427,8692,144.9,51.0,297.1,36.5,43.3,0.7338,1
NShelbyRd(blue)_SHB_12.11.2025_LS,SHB,1427,8693,144.92,46.5,296.9,37.5,44.1,0.7558,1
NShelbyRd(blue)_SHB_12.11.2025_LS,SHB,1427,8694,144.94,40.8,296.8,37.0,44.6,0.7736,1
NShelbyRd(blue)_SHB_12.11.2025_LS,SHB,1427,8695,144.95,33.8,296.5,36.7,43.7,0.753,1
NShelbyRd(blue)_SHB_12.11.2025_LS,SHB,1427,8696,144.97,28.3,297.6,36.7,43.6,0.7718,1
NShelbyRd(blue)_SHB_12.11.2025_LS,SHB,1427,8697,144.99,22.8,296.4,37.8,43.8,0.6634,1
NShelbyRd(blue)_SHB_12.11.2025_LS,SHB,1427,8698,145.0,17.4,297.2,34.7,43.3,0.7463,1
NShelbyRd(blue)_SHB_12.11.2025_LS,SHB,1427,8699,145.02,13.7,296.3,27.4,44.1,0.6859,1
NShelbyRd(blue)_SHB_12.11.2025_LS,SHB,1427,8700,145.04,11.9,296.7,23.9,44.1,0.7391,1
NShelbyRd(blue)_SHB_12.11.2025_LS,SHB,1432,8591,143.22,340.5,289.9,32.7,29.5,0.3766,0
NShelbyRd(blue)_SHB_12.11.2025_LS,SHB,1432,8592,143.24,337.1,289.0,32.2,28.1,0.1895,0
NShelbyRd(blue)_SHB_12.11.2025_LS,SHB,1432,8593,143.25,332.4,288.8,34.3,28.3,0.436,0
NShelbyRd(blue)_SHB_12.11.2025_LS,SHB,1432,8594,143.27,329.4,288.9,32.6,28.2,0.5392,0
NShelbyRd(blue)_SHB_12.11.2025_LS,SHB,1432,8595,143.29,323.9,289.2,34.4,28.7,0.6123,0
NShelbyRd(blue)_SHB_12.11.2025_LS,SHB,1432,8596,143.3,319.0,290.4,35.4,30.0,0.6932,0
NShelbyRd(blue)_SHB_12.11.2025_LS,SHB,1432,8597,143.32,314.0,289.6,36.3,30.9,0.5896,0
NShelbyRd(blue)_SHB_12.11.2025_LS,SHB,1432,8598,143.34,308.8,290.4,37.7,30.9,0.4911,0
NShelbyRd(blue)_SHB_12.11.2025_LS,SHB,1432,8601,143.39,287.2,289.6,29.6,25.0,0.4193,0
NShelbyRd(blue)_SHB_12.11.2025_LS,SHB,1432,8602,143.4,278.4,289.6,27.8,22.8,0.4669,0
NShelbyRd(blue)_SHB_12.11.2025_LS,SHB,1432,8603,143.42,276.0,289.3,28.0,22.2,0.226,0
NShelbyRd(blue)_SHB_12.11.2025_LS,SHB,1433,8595,143.29,475.2,285.1,23.9,23.7,0.5528,1
NShelbyRd(blue)_SHB_12.11.2025_LS,SHB,1433,8596,143.3,471.8,285.2,24.4,22.8,0.5731,1
NShelbyRd(blue)_SHB_12.11.2025_LS,SHB,1433,8597,143.32,468.9,285.2,24.6,23.2,0.5809,1
NShelbyRd(blue)_SHB_12.11.2025_LS,SHB,1433,8598,143.34,466.1,285.6,24.2,22.5,0.6931,1
NShelbyRd(blue)_SHB_12.11.2025_LS,SHB,1433,8599,143.35,462.7,285.6,24.0,22.2,0.7232,1
NShelbyRd(blue)_SHB_12.11.2025_LS,SHB,1433,8600,143.37,459.2,285.1,25.2,23.3,0.7615,1
NShelbyRd(blue)_SHB_12.11.2025_LS,SHB,1433,8601,143.39,455.3,285.4,25.6,23.0,0.6854,1
NShelbyRd(blue)_SHB_12.11.2025_LS,SHB,1433,8602,143.4,452.5,285.2,25.4,21.8,0.7042,1
NShelbyRd(blue)_SHB_12.11.2025_LS,SHB,1433,8603,143.42,449.5,285.1,24.3,21.8,0.6967,1
NShelbyRd(blue)_SHB_12.11.2025_LS,SHB,1433,8604,143.44,445.6,285.2,23.8,21.6,0.7377,1
NShelbyRd(blue)_SHB_12.11.2025_LS,SHB,1433,8605,143.45,443.1,285.8,24.7,21.4,0.731,1
NShelbyRd(blue)_SHB_12.11.2025_LS,SHB,1433,8606,143.47,440.1,285.8,24.9,21.9,0.6618,1
NShelbyRd(blue)_SHB_12.11.2025_LS,SHB,1433,8607,143.49,436.5,285.2,25.1,23.1,0.7436,1
NShelbyRd(blue)_SHB_12.11.2025_LS,SHB,1433,8608,143.5,433.4,284.3,24.2,23.5,0.715,1
NShelbyRd(blue)_SHB_12.11.2025_LS,SHB,1433,8609,143.52,430.0,286.3,24.1,24.3,0.7255,1
NShelbyRd(blue)_SHB_12.11.2025_LS,SHB,1433,8610,143.54,427.0,283.4,24.2,24.1,0.7244,1
NShelbyRd(blue)_SHB_12.11.2025_LS,SHB,1433,8611,143.55,423.9,285.7,23.8,25.3,0.6868,1
NShelbyRd(blue)_SHB_12.11.2025_LS,SHB,1433,8612,143.57,421.7,287.0,23.6,25.5,0.7252,1
NShelbyRd(blue)_SHB_12.11.2025_LS,SHB,1433,8613,143.59,417.2,282.4,24.6,24.3,0.6793,1
NShelbyRd(blue)_SHB_12.11.2025_LS,SHB,1433,8614,143.6,414.5,285.9,24.9,24.6,0.6378,1
NShelbyRd(blue)_SHB_12.11.2025_LS,SHB,1433,8615,143.62,412.4,284.8,24.3,25.2,0.624,1
NShelbyRd(blue)_SHB_12.11.2025_LS,SHB,1433,8616,143.64,408.9,284.9,25.7,25.6,0.6522,1
NShelbyRd(blue)_SHB_12.11.2025_LS,SHB,1433,8617,143.65,407.3,286.9,25.5,25.8,0.6276,1
NShelbyRd(blue)_SHB_12.11.2025_LS,SHB,1434,8602,143.4,336.2,287.2,24.7,19.6,0.4144,0
NShelbyRd(blue)_SHB_12.11.2025_LS,SHB,1434,8603,143.42,332.3,287.6,24.1,19.7,0.4851,0
NShelbyRd(blue)_SHB_12.11.2025_LS,SHB,1434,8604,143.44,324.5,287.4,24.8,20.4,0.4756,0
NShelbyRd(blue)_SHB_12.11.2025_LS,SHB,1434,8605,143.45,318.0,289.0,25.4,21.5,0.5293,0
NShelbyRd(blue)_SHB_12.11.2025_LS,SHB,1434,8606,143.47,312.5,289.2,24.5,20.7,0.541,0
NShelbyRd(blue)_SHB_12.11.2025_LS,SHB,1434,8607,143.49,310.0,288.8,24.3,20.3,0.6389,0
NShelbyRd(blue)_SHB_12.11.2025_LS,SHB,1434,8608,143.5,305.9,287.6,25.1,19.8,0.4507,0
NShelbyRd(blue)_SHB_12.11.2025_LS,SHB,1434,8609,143.52,301.2,288.3,23.4,18.8,0.656,0
NShelbyRd(blue)_SHB_12.11.2025_LS,SHB,1434,8610,143.54,298.1,286.0,24.5,19.8,0.5705,0
NShelbyRd(blue)_SHB_12.11.2025_LS,SHB,1434,8611,143.55,292.2,287.9,22.8,19.4,0.4891,0
NShelbyRd(blue)_SHB_12.11.2025_LS,SHB,1436,8617,143.65,227.7,292.3,27.6,26.8,0.5439,1
NShelbyRd(blue)_SHB_12.11.2025_LS,SHB,1436,8619,143.69,218.0,290.1,28.9,25.1,0.3959,1
NShelbyRd(blue)_SHB_12.11.2025_LS,SHB,1436,8620,143.7,211.9,288.7,31.9,25.9,0.5331,1
NShelbyRd(blue)_SHB_12.11.2025_LS,SHB,1436,8621,143.72,206.9,288.8,33.4,27.4,0.5404,1
NShelbyRd(blue)_SHB_12.11.2025_LS,SHB,1436,8622,143.74,202.1,292.3,36.6,27.9,0.7552,1
NShelbyRd(blue)_SHB_12.11.2025_LS,SHB,1436,8623,143.75,194.9,291.2,38.8,29.1,0.7017,1
NShelbyRd(blue)_SHB_12.11.2025_LS,SHB,1436,8624,143.77,189.7,292.4,41.8,31.1,0.7233,1
NShelbyRd(blue)_SHB_12.11.2025_LS,SHB,1436,8625,143.79,183.2,293.1,45.1,32.9,0.7987,1
NShelbyRd(blue)_SHB_12.11.2025_LS,SHB,1436,8626,143.8,178.0,292.9,46.4,33.8,0.7634,1
NShelbyRd(blue)_SHB_12.11.2025_LS,SHB,1436,8627,143.82,173.2,293.2,46.6,34.1,0.7835,1
NShelbyRd(blue)_SHB_12.11.2025_LS,SHB,1436,8628,143.84,168.5,293.3,45.3,34.3,0.7981,1
NShelbyRd(blue)_SHB_12.11.2025_LS,SHB,1436,8629,143.85,164.1,292.9,45.1,34.0,0.8089,1
NShelbyRd(blue)_SHB_12.11.2025_LS,SHB,1436,8630,143.87,159.1,293.8,44.5,33.3,0.8204,1
NShelbyRd(blue)_SHB_12.11.2025_LS,SHB,1436,8631,143.89,154.2,294.0,43.0,32.8,0.8079,1
NShelbyRd(blue)_SHB_12.11.2025_LS,SHB,1436,8632,143.9,149.8,294.5,42.9,32.1,0.7754,1
NShelbyRd(blue)_SHB_12.11.2025_LS,SHB,1436,8633,143.92,144.4,294.5,42.7,33.4,0.7718,1
NShelbyRd(blue)_SHB_12.11.2025_LS,SHB,1436,8634,143.94,140.6,294.8,42.6,34.8,0.7012,1
NShelbyRd(blue)_SHB_12.11.2025_LS,SHB,1436,8635,143.95,136.6,295.2,42.6,34.2,0.7644,1
NShelbyRd(blue)_SHB_12.11.2025_LS,SHB,1436,8636,143.97,131.0,294.7,39.4,32.9,0.7239,1
NShelbyRd(blue)_SHB_12.11.2025_LS,SHB,1436,8637,143.99,125.5,294.8,40.8,31.9,0.7733,1
NShelbyRd(blue)_SHB_12.11.2025_LS,SHB,1436,8638,144.0,120.1,294.5,38.2,31.7,0.7636,1
NShelbyRd(blue)_SHB_12.11.2025_LS,SHB,1436,8639,144.02,114.7,294.3,37.5,30.9,0.8113,1
NShelbyRd(blue)_SHB_12.11.2025_LS,SHB,1436,8640,144.04,109.6,294.6,36.6,30.9,0.7744,1
NShelbyRd(blue)_SHB_12.11.2025_LS,SHB,1436,8641,144.05,104.4,294.7,36.6,30.4,0.7673,1
NShelbyRd(blue)_SHB_12.11.2025_LS,SHB,1436,8642,144.07,98.6,294.8,32.8,30.3,0.7815,1
NShelbyRd(blue)_SHB_12.11.2025_LS,SHB,1436,8643,144.09,92.4,295.5,30.3,30.1,0.7645,1
NShelbyRd(blue)_SHB_12.11.2025_LS,SHB,1436,8644,144.1,87.3,295.6,29.2,29.4,0.757,1
NShelbyRd(blue)_SHB_12.11.2025_LS,SHB,1436,8645,144.12,81.2,296.3,28.9,30.8,0.7287,1
NShelbyRd(blue)_SHB_12.11.2025_LS,SHB,1436,8646,144.14,74.9,296.0,28.8,31.2,0.71,1
NShelbyRd(blue)_SHB_12.11.2025_LS,SHB,1436,8647,144.15,70.3,296.8,29.0,28.4,0.7518,1
NShelbyRd(blue)_SHB_12.11.2025_LS,SHB,1436,8648,144.17,64.2,296.4,26.9,28.1,0.7055,1
NShelbyRd(blue)_SHB_12.11.2025_LS,SHB,1436,8649,144.19,59.3,296.6,25.0,26.9,0.7095,1
NShelbyRd(blue)_SHB_12.11.2025_LS,SHB,1436,8650,144.2,54.7,297.0,25.6,26.1,0.7176,1
NShelbyRd(blue)_SHB_12.11.2025_LS,SHB,1436,8651,144.22,51.0,296.4,26.2,25.1,0.6397,1
NShelbyRd(blue)_SHB_12.11.2025_LS,SHB,1438,8626,143.8,82.0,296.4,31.0,27.9,0.6132,0
NShelbyRd(blue)_SHB_12.11.2025_LS,SHB,1438,8627,143.82,79.1,300.0,29.7,33.3,0.6532,0
NShelbyRd(blue)_SHB_12.11.2025_LS,SHB,1438,8628,143.84,73.6,303.0,30.0,37.8,0.6858,0
NShelbyRd(blue)_SHB_12.11.2025_LS,SHB,1438,8629,143.85,65.1,304.7,38.1,41.8,0.7412,0
NShelbyRd(blue)_SHB_12.11.2025_LS,SHB,1438,8630,143.87,61.9,306.0,35.5,45.2,0.5261,0
NShelbyRd(blue)_SHB_12.11.2025_LS,SHB,1438,8631,143.89,54.3,306.0,39.3,45.2,0.5688,0
NShelbyRd(blue)_SHB_12.11.2025_LS,SHB,1438,8632,143.9,53.0,305.3,33.6,43.5,0.3488,0
NShelbyRd(blue)_SHB_12.11.2025_LS,SHB,1438,8633,143.92,48.4,304.5,32.6,39.8,0.5462,0
NShelbyRd(blue)_SHB_12.11.2025_LS,SHB,1438,8634,143.94,45.2,304.0,29.6,37.2,0.6136,0
NShelbyRd(blue)_SHB_12.11.2025_LS,SHB,1438,8635,143.95,40.6,305.2,29.3,38.0,0.5197,0
NShelbyRd(blue)_SHB_12.11.2025_LS,SHB,1438,8636,143.97,37.2,304.6,26.8,36.5,0.7274,0
NShelbyRd(blue)_SHB_12.11.2025_LS,SHB,1438,8637,143.99,33.8,304.6,24.8,36.5,0.6463,0
NShelbyRd(blue)_SHB_12.11.2025_LS,SHB,1438,8638,144.0,29.2,304.3,21.6,34.1,0.5095,0
NShelbyRd(blue)_SHB_12.11.2025_LS,SHB,1440,8633,143.92,26.4,309.8,30.3,31.0,0.3811,0
NShelbyRd(blue)_SHB_12.11.2025_LS,SHB,1440,8634,143.94,20.8,308.6,28.8,30.9,0.4634,0
NShelbyRd(blue)_SHB_12.11.2025_LS,SHB,1440,8635,143.95,15.1,308.5,28.9,31.4,0.3903,0
NShelbyRd(blue)_SHB_12.11.2025_LS,SHB,1440,8636,143.97,11.6,308.3,23.3,30.5,0.4851,0
NShelbyRd(blue)_SHB_12.11.2025_LS,SHB,1440,8637,143.99,9.8,308.3,19.6,31.9,0.5384,0
NShelbyRd(blue)_SHB_12.11.2025_LS,SHB,1440,8638,144.0,6.9,307.7,13.8,31.6,0.1923,0
NShelbyRd(blue)_SHB_12.11.2025_LS,SHB,1442,8635,143.95,202.8,302.0,26.9,23.3,0.4489,1
NShelbyRd(blue)_SHB_12.11.2025_LS,SHB,1442,8636,143.97,195.6,301.9,27.0,22.8,0.6418,1
NShelbyRd(blue)_SHB_12.11.2025_LS,SHB,1442,8637,143.99,190.5,301.8,27.1,23.1,0.6841,1
NShelbyRd(blue)_SHB_12.11.2025_LS,SHB,1442,8638,144.0,186.7,301.8,29.7,24.4,0.4332,1
NShelbyRd(blue)_SHB_12.11.2025_LS,SHB,1442,8649,144.19,130.9,304.0,25.7,26.7,0.7665,1
NShelbyRd(blue)_SHB_12.11.2025_LS,SHB,1442,8650,144.2,124.5,304.3,27.9,28.4,0.8122,1
NShelbyRd(blue)_SHB_12.11.2025_LS,SHB,1442,8651,144.22,118.4,304.1,30.5,29.5,0.7795,1
NShelbyRd(blue)_SHB_12.11.2025_LS,SHB,1442,8652,144.24,111.1,304.2,33.0,31.2,0.7838,1
NShelbyRd(blue)_SHB_12.11.2025_LS,SHB,1442,8653,144.25,105.4,305.3,34.5,31.1,0.8237,1
NShelbyRd(blue)_SHB_12.11.2025_LS,SHB,1442,8654,144.27,98.9,304.7,36.8,32.2,0.7687,1
NShelbyRd(blue)_SHB_12.11.2025_LS,SHB,1442,8655,144.29,93.8,304.2,38.8,33.9,0.7544,1
NShelbyRd(blue)_SHB_12.11.2025_LS,SHB,1442,8656,144.3,86.8,304.5,39.6,36.1,0.7075,1
NShelbyRd(blue)_SHB_12.11.2025_LS,SHB,1442,8657,144.32,82.2,303.9,40.5,37.0,0.6954,1
NShelbyRd(blue)_SHB_12.11.2025_LS,SHB,1442,8658,144.34,77.6,304.1,40.7,37.9,0.6364,1
NShelbyRd(blue)_SHB_12.11.2025_LS,SHB,1442,8659,144.35,71.6,303.9,41.5,38.3,0.6127,1
NShelbyRd(blue)_SHB_12.11.2025_LS,SHB,1442,8660,144.37,64.7,302.9,40.9,40.2,0.6535,1
NShelbyRd(blue)_SHB_12.11.2025_LS,SHB,1442,8661,144.39,60.1,304.7,41.4,39.0,0.598,1
NShelbyRd(blue)_SHB_12.11.2025_LS,SHB,1442,8662,144.4,55.0,304.6,42.0,40.2,0.7136,1
NShelbyRd(blue)_SHB_12.11.2025_LS,SHB,1442,8663,144.42,49.4,304.4,42.3,41.0,0.7427,1
NShelbyRd(blue)_SHB_12.11.2025_LS,SHB,1442,8664,144.44,44.7,304.1,43.2,41.3,0.7611,1
NShelbyRd(blue)_SHB_12.11.2025_LS,SHB,1442,8665,144.45,39.4,303.5,43.3,40.4,0.5525,1
NShelbyRd(blue)_SHB_12.11.2025_LS,SHB,1442,8666,144.47,34.4,304.3,43.0,38.2,0.7447,1
NShelbyRd(blue)_SHB_12.11.2025_LS,SHB,1442,8667,144.49,29.5,303.8,44.1,39.0,0.7478,1
NShelbyRd(blue)_SHB_12.11.2025_LS,SHB,1442,8668,144.5,23.4,304.8,44.5,38.6,0.7832,1
NShelbyRd(blue)_SHB_12.11.2025_LS,SHB,1442,8669,144.52,20.9,305.1,41.8,39.6,0.7678,1
NShelbyRd(blue)_SHB_12.11.2025_LS,SHB,1442,8670,144.54,17.2,304.7,34.4,39.8,0.6141,1
NShelbyRd(blue)_SHB_12.11.2025_LS,SHB,1442,8671,144.55,14.8,305.2,29.7,37.6,0.7185,1
NShelbyRd(blue)_SHB_12.11.2025_LS,SHB,1442,8672,144.57,13.4,304.2,26.9,39.3,0.7217,1
NShelbyRd(blue)_SHB_12.11.2025_LS,SHB,1442,8673,144.59,12.0,302.8,24.0,41.5,0.5599,1
NShelbyRd(blue)_SHB_12.11.2025_LS,SHB,1443,8643,144.09,628.0,272.0,21.8,36.2,0.6797,1
NShelbyRd(blue)_SHB_12.11.2025_LS,SHB,1443,8644,144.1,625.7,272.2,24.4,36.8,0.7212,1
NShelbyRd(blue)_SHB_12.11.2025_LS,SHB,1443,8645,144.12,623.9,273.5,29.2,35.2,0.7929,1
NShelbyRd(blue)_SHB_12.11.2025_LS,SHB,1443,8646,144.14,620.7,274.4,32.6,35.3,0.8478,1
NShelbyRd(blue)_SHB_12.11.2025_LS,SHB,1443,8647,144.15,617.5,274.6,34.9,35.7,0.8257,1
NShelbyRd(blue)_SHB_12.11.2025_LS,SHB,1443,8648,144.17,612.1,276.3,36.6,38.0,0.837,1
NShelbyRd(blue)_SHB_12.11.2025_LS,SHB,1443,8649,144.19,607.6,275.9,36.7,38.3,0.8363,1
NShelbyRd(blue)_SHB_12.11.2025_LS,SHB,1443,8650,144.2,604.1,276.4,37.0,38.3,0.838,1
NShelbyRd(blue)_SHB_12.11.2025_LS,SHB,1443,8651,144.22,599.1,276.5,37.5,38.2,0.8465,1
NShelbyRd(blue)_SHB_12.11.2025_LS,SHB,1443,8652,144.24,594.5,277.1,37.1,38.6,0.8358,1
NShelbyRd(blue)_SHB_12.11.2025_LS,SHB,1443,8653,144.25,591.0,277.6,36.6,38.6,0.8379,1
NShelbyRd(blue)_SHB_12.11.2025_LS,SHB,1443,8654,144.27,586.9,277.2,36.2,38.5,0.8271,1
NShelbyRd(blue)_SHB_12.11.2025_LS,SHB,1443,8655,144.29,581.7,277.0,36.4,38.7,0.8311,1
NShelbyRd(blue)_SHB_12.11.2025_LS,SHB,1443,8656,144.3,576.0,278.6,36.9,39.2,0.8173,1
NShelbyRd(blue)_SHB_12.11.2025_LS,SHB,1443,8657,144.32,571.6,277.7,36.9,39.3,0.8219,1
NShelbyRd(blue)_SHB_12.11.2025_LS,SHB,1443,8658,144.34,566.8,278.4,38.2,39.9,0.8358,1
NShelbyRd(blue)_SHB_12.11.2025_LS,SHB,1443,8659,144.35,563.1,278.8,39.1,40.0,0.8422,1
NShelbyRd(blue)_SHB_12.11.2025_LS,SHB,1443,8660,144.37,559.1,278.9,39.2,39.8,0.8514,1
NShelbyRd(blue)_SHB_12.11.2025_LS,SHB,1443,8661,144.39,553.8,280.6,39.0,39.0,0.8106,1
NShelbyRd(blue)_SHB_12.11.2025_LS,SHB,1443,8662,144.4,548.5,280.3,39.1,38.6,0.834,1
NShelbyRd(blue)_SHB_12.11.2025_LS,SHB,1443,8663,144.42,542.8,279.3,38.7,38.4,0.8513,1
NShelbyRd(blue)_SHB_12.11.2025_LS,SHB,1443,8664,144.44,538.9,280.0,38.1,38.3,0.8515,1
NShelbyRd(blue)_SHB_12.11.2025_LS,SHB,1443,8665,144.45,534.2,279.9,38.5,38.8,0.8614,1
NShelbyRd(blue)_SHB_12.11.2025_LS,SHB,1443,8666,144.47,529.6,280.3,39.1,39.1,0.842,1
NShelbyRd(blue)_SHB_12.11.2025_LS,SHB,1443,8667,144.49,524.7,279.7,39.6,39.2,0.8319,1
NShelbyRd(blue)_SHB_12.11.2025_LS,SHB,1443,8668,144.5,520.9,279.2,39.3,38.2,0.8015,1
NShelbyRd(blue)_SHB_12.11.2025_LS,SHB,1443,8669,144.52,516.7,280.1,39.4,38.9,0.8434,1
NShelbyRd(blue)_SHB_12.11.2025_LS,SHB,1443,8670,144.54,512.0,279.6,39.6,39.6,0.8642,1
NShelbyRd(blue)_SHB_12.11.2025_LS,SHB,1443,8671,144.55,507.5,280.5,41.0,40.0,0.8591,1
NShelbyRd(blue)_SHB_12.11.2025_LS,SHB,1443,8672,144.57,503.1,281.1,41.8,39.9,0.8477,1
NShelbyRd(blue)_SHB_12.11.2025_LS,SHB,1443,8673,144.59,497.2,281.0,41.4,40.2,0.8233,1
NShelbyRd(blue)_SHB_12.11.2025_LS,SHB,1443,8674,144.6,492.4,280.1,40.6,39.8,0.8334,1
NShelbyRd(blue)_SHB_12.11.2025_LS,SHB,1443,8675,144.62,487.6,280.0,41.9,40.1,0.843,1
NShelbyRd(blue)_SHB_12.11.2025_LS,SHB,1443,8676,144.64,484.0,280.5,42.0,40.1,0.8433,1
NShelbyRd(blue)_SHB_12.11.2025_LS,SHB,1443,8677,144.65,478.6,281.1,41.3,39.6,0.8376,1
NShelbyRd(blue)_SHB_12.11.2025_LS,SHB,1443,8678,144.67,473.9,280.3,41.4,38.5,0.8129,1
NShelbyRd(blue)_SHB_12.11.2025_LS,SHB,1443,8679,144.69,470.1,281.3,42.5,39.0,0.8321,1
NShelbyRd(blue)_SHB_12.11.2025_LS,SHB,1443,8680,144.7,464.5,279.8,42.0,38.7,0.7958,1
NShelbyRd(blue)_SHB_12.11.2025_LS,SHB,1443,8681,144.72,460.8,281.3,41.7,38.8,0.8229,1
NShelbyRd(blue)_SHB_12.11.2025_LS,SHB,1443,8682,144.74,456.1,281.6,41.6,38.9,0.8293,1
NShelbyRd(blue)_SHB_12.11.2025_LS,SHB,1443,8683,144.75,450.4,280.2,41.2,38.8,0.8083,1
NShelbyRd(blue)_SHB_12.11.2025_LS,SHB,1443,8684,144.77,446.1,281.0,41.8,37.8,0.812,1
NShelbyRd(blue)_SHB_12.11.2025_LS,SHB,1443,8685,144.79,442.2,281.7,43.4,37.8,0.7903,1
NShelbyRd(blue)_SHB_12.11.2025_LS,SHB,1443,8686,144.8,436.8,281.5,43.0,37.8,0.8001,1
NShelbyRd(blue)_SHB_12.11.2025_LS,SHB,1443,8687,144.82,430.3,280.7,42.8,36.9,0.7927,1
NShelbyRd(blue)_SHB_12.11.2025_LS,SHB,1443,8688,144.84,426.3,281.3,42.7,37.7,0.7854,1
NShelbyRd(blue)_SHB_12.11.2025_LS,SHB,1443,8689,144.85,421.8,281.3,42.0,38.2,0.7815,1
NShelbyRd(blue)_SHB_12.11.2025_LS,SHB,1443,8690,144.87,417.1,281.5,40.3,37.9,0.7785,1
NShelbyRd(blue)_SHB_12.11.2025_LS,SHB,1443,8691,144.89,411.9,281.7,39.5,38.0,0.7541,1
NShelbyRd(blue)_SHB_12.11.2025_LS,SHB,1443,8692,144.9,406.7,282.1,39.6,38.0,0.7964,1
NShelbyRd(blue)_SHB_12.11.2025_LS,SHB,1443,8693,144.92,401.6,282.4,39.8,37.4,0.7683,1
NShelbyRd(blue)_SHB_12.11.2025_LS,SHB,1443,8694,144.94,397.1,282.7,40.2,37.7,0.7502,1
NShelbyRd(blue)_SHB_12.11.2025_LS,SHB,1443,8695,144.95,391.2,281.9,40.6,38.3,0.7964,1
NShelbyRd(blue)_SHB_12.11.2025_LS,SHB,1443,8696,144.97,386.3,282.1,40.5,38.2,0.75,1
NShelbyRd(blue)_SHB_12.11.2025_LS,SHB,1443,8697,144.99,381.5,281.5,40.2,37.4,0.7507,1
NShelbyRd(blue)_SHB_12.11.2025_LS,SHB,1443,8698,145.0,376.4,281.3,39.8,37.6,0.7112,1
NShelbyRd(blue)_SHB_12.11.2025_LS,SHB,1443,8699,145.02,371.3,279.8,38.3,36.5,0.6951,1
NShelbyRd(blue)_SHB_12.11.2025_LS,SHB,1443,8700,145.04,366.3,279.4,38.0,35.3,0.7522,1
NShelbyRd(blue)_SHB_12.11.2025_LS,SHB,1443,8701,145.05,361.7,279.8,38.9,34.4,0.7288,1
NShelbyRd(blue)_SHB_12.11.2025_LS,SHB,1443,8702,145.07,356.7,281.1,40.3,35.0,0.6977,1
NShelbyRd(blue)_SHB_12.11.2025_LS,SHB,1443,8703,145.09,350.9,283.0,40.6,36.6,0.7676,1
NShelbyRd(blue)_SHB_12.11.2025_LS,SHB,1443,8704,145.1,345.5,283.4,40.3,36.2,0.7718,1
NShelbyRd(blue)_SHB_12.11.2025_LS,SHB,1443,8705,145.12,340.9,283.9,41.4,36.3,0.7761,1
NShelbyRd(blue)_SHB_12.11.2025_LS,SHB,1443,8706,145.14,336.3,284.4,40.6,36.7,0.7655,1
NShelbyRd(blue)_SHB_12.11.2025_LS,SHB,1443,8707,145.15,331.6,284.8,39.9,36.2,0.7326,1
NShelbyRd(blue)_SHB_12.11.2025_LS,SHB,1443,8708,145.17,327.2,285.9,40.2,36.5,0.7394,1
NShelbyRd(blue)_SHB_12.11.2025_LS,SHB,1443,8709,145.19,322.7,286.2,40.9,36.9,0.7432,1
NShelbyRd(blue)_SHB_12.11.2025_LS,SHB,1443,8710,145.2,316.4,286.5,38.8,35.6,0.7397,1
NShelbyRd(blue)_SHB_12.11.2025_LS,SHB,1443,8711,145.22,311.8,285.5,40.7,36.7,0.7608,1
NShelbyRd(blue)_SHB_12.11.2025_LS,SHB,1443,8712,145.24,306.7,287.0,40.2,36.5,0.7578,1
NShelbyRd(blue)_SHB_12.11.2025_LS,SHB,1443,8713,145.25,301.2,287.5,40.3,36.9,0.7668,1
NShelbyRd(blue)_SHB_12.11.2025_LS,SHB,1443,8714,145.27,296.3,287.0,40.8,35.6,0.7376,1
NShelbyRd(blue)_SHB_12.11.2025_LS,SHB,1443,8715,145.29,291.0,287.2,40.8,34.5,0.7414,1
NShelbyRd(blue)_SHB_12.11.2025_LS,SHB,1443,8716,145.3,286.0,287.8,40.1,34.5,0.7825,1
NShelbyRd(blue)_SHB_12.11.2025_LS,SHB,1443,8717,145.32,281.2,289.2,41.1,37.1,0.7851,1
NShelbyRd(blue)_SHB_12.11.2025_LS,SHB,1443,8718,145.34,275.8,288.7,40.3,37.2,0.7146,1
NShelbyRd(blue)_SHB_12.11.2025_LS,SHB,1443,8719,145.35,270.6,288.6,39.7,35.7,0.699,1
NShelbyRd(blue)_SHB_12.11.2025_LS,SHB,1443,8720,145.37,265.7,288.4,40.9,38.0,0.6365,1
NShelbyRd(blue)_SHB_12.11.2025_LS,SHB,1443,8721,145.39,260.6,289.0,41.7,36.6,0.6628,1
NShelbyRd(blue)_SHB_12.11.2025_LS,SHB,1443,8722,145.4,255.4,289.7,40.8,35.9,0.737,1
NShelbyRd(blue)_SHB_12.11.2025_LS,SHB,1443,8723,145.42,250.4,289.9,41.0,37.1,0.6845,1
NShelbyRd(blue)_SHB_12.11.2025_LS,SHB,1443,8724,145.44,245.6,291.6,40.7,34.2,0.6824,1
NShelbyRd(blue)_SHB_12.11.2025_LS,SHB,1443,8725,145.45,240.2,293.6,39.7,31.7,0.6643,1
NShelbyRd(blue)_SHB_12.11.2025_LS,SHB,1443,8726,145.47,234.9,294.1,37.3,30.4,0.608,1
NShelbyRd(blue)_SHB_12.11.2025_LS,SHB,1443,8727,145.49,229.3,294.9,35.4,28.8,0.5755,1
NShelbyRd(blue)_SHB_12.11.2025_LS,SHB,1443,8728,145.5,224.4,294.7,35.0,29.1,0.5622,1
NShelbyRd(blue)_SHB_12.11.2025_LS,SHB,1443,8729,145.52,219.3,294.3,35.4,29.0,0.5553,1
NShelbyRd(blue)_SHB_12.11.2025_LS,SHB,1443,8730,145.54,214.3,294.9,34.4,27.5,0.4961,1
NShelbyRd(blue)_SHB_12.11.2025_LS,SHB,1443,8731,145.55,208.5,295.5,37.8,27.9,0.3961,1
NShelbyRd(blue)_SHB_12.11.2025_LS,SHB,1443,8732,145.57,203.2,295.3,38.0,27.5,0.4442,1
NShelbyRd(blue)_SHB_12.11.2025_LS,SHB,1443,8733,145.59,198.2,296.6,37.3,28.2,0.4377,1
NShelbyRd(blue)_SHB_12.11.2025_LS,SHB,1443,8734,145.6,193.1,295.6,37.7,28.8,0.4729,1
NShelbyRd(blue)_SHB_12.11.2025_LS,SHB,1443,8735,145.62,188.2,296.2,37.0,28.3,0.5088,1
NShelbyRd(blue)_SHB_12.11.2025_LS,SHB,1443,8736,145.64,182.1,295.8,38.8,28.6,0.4912,1
NShelbyRd(blue)_SHB_12.11.2025_LS,SHB,1443,8737,145.65,176.3,297.5,37.6,28.2,0.4146,1
NShelbyRd(blue)_SHB_12.11.2025_LS,SHB,1443,8738,145.67,171.8,297.7,36.2,27.6,0.5545,1
NShelbyRd(blue)_SHB_12.11.2025_LS,SHB,1443,8739,145.69,166.7,297.8,35.0,27.1,0.5126,1
NShelbyRd(blue)_SHB_12.11.2025_LS,SHB,1443,8740,145.7,162.4,297.4,34.8,27.2,0.5413,1
NShelbyRd(blue)_SHB_12.11.2025_LS,SHB,1443,8741,145.72,157.7,297.9,32.8,25.3,0.315,1
NShelbyRd(blue)_SHB_12.11.2025_LS,SHB,1443,8742,145.74,153.5,298.3,31.2,23.3,0.5188,1
NShelbyRd(blue)_SHB_12.11.2025_LS,SHB,1446,8653,144.25,283.9,297.0,25.8,28.4,0.5684,1
NShelbyRd(blue)_SHB_12.11.2025_LS,SHB,1446,8654,144.27,281.3,296.5,25.3,27.5,0.5418,1
NShelbyRd(blue)_SHB_12.11.2025_LS,SHB,1446,8655,144.29,278.5,296.2,24.6,27.1,0.6412,1
NShelbyRd(blue)_SHB_12.11.2025_LS,SHB,1446,8656,144.3,274.1,296.7,25.6,27.6,0.6357,1
NShelbyRd(blue)_SHB_12.11.2025_LS,SHB,1446,8657,144.32,271.8,296.3,26.5,28.4,0.6112,1
NShelbyRd(blue)_SHB_12.11.2025_LS,SHB,1446,8658,144.34,268.4,297.3,26.1,28.5,0.6503,1
NShelbyRd(blue)_SHB_12.11.2025_LS,SHB,1446,8659,144.35,265.1,297.5,26.0,29.1,0.6553,1
NShelbyRd(blue)_SHB_12.11.2025_LS,SHB,1446,8660,144.37,260.6,297.3,25.3,28.6,0.6846,1
NShelbyRd(blue)_SHB_12.11.2025_LS,SHB,1446,8661,144.39,256.1,297.8,25.5,29.1,0.7297,1
NShelbyRd(blue)_SHB_12.11.2025_LS,SHB,1446,8662,144.4,252.6,297.2,25.4,28.1,0.7285,1
NShelbyRd(blue)_SHB_12.11.2025_LS,SHB,1446,8663,144.42,248.4,296.3,25.5,29.3,0.7035,1
NShelbyRd(blue)_SHB_12.11.2025_LS,SHB,1446,8664,144.44,244.6,297.1,26.0,28.8,0.7071,1
NShelbyRd(blue)_SHB_12.11.2025_LS,SHB,1446,8665,144.45,240.9,296.6,25.7,28.1,0.7156,1
NShelbyRd(blue)_SHB_12.11.2025_LS,SHB,1446,8666,144.47,237.2,297.2,25.8,27.8,0.7535,1
NShelbyRd(blue)_SHB_12.11.2025_LS,SHB,1446,8667,144.49,233.1,296.0,25.4,27.0,0.7649,1
NShelbyRd(blue)_SHB_12.11.2025_LS,SHB,1446,8668,144.5,229.7,295.9,25.1,26.0,0.7395,1
NShelbyRd(blue)_SHB_12.11.2025_LS,SHB,1446,8669,144.52,226.2,296.3,23.9,25.7,0.7384,1
NShelbyRd(blue)_SHB_12.11.2025_LS,SHB,1446,8670,144.54,222.8,296.1,23.6,24.7,0.7264,1
NShelbyRd(blue)_SHB_12.11.2025_LS,SHB,1446,8671,144.55,218.9,297.2,23.5,25.4,0.7292,1
NShelbyRd(blue)_SHB_12.11.2025_LS,SHB,1446,8672,144.57,215.5,297.5,23.3,25.5,0.7371,1
NShelbyRd(blue)_SHB_12.11.2025_LS,SHB,1446,8673,144.59,210.7,296.5,23.4,25.3,0.7168,1
NShelbyRd(blue)_SHB_12.11.2025_LS,SHB,1446,8674,144.6,207.5,297.0,23.3,26.0,0.7036,1
NShelbyRd(blue)_SHB_12.11.2025_LS,SHB,1446,8675,144.62,203.8,296.3,23.0,25.8,0.7099,1
NShelbyRd(blue)_SHB_12.11.2025_LS,SHB,1446,8676,144.64,201.0,297.0,23.4,25.5,0.7094,1
NShelbyRd(blue)_SHB_12.11.2025_LS,SHB,1446,8677,144.65,196.4,296.8,24.1,25.6,0.7165,1
NShelbyRd(blue)_SHB_12.11.2025_LS,SHB,1446,8678,144.67,193.2,296.6,24.6,26.8,0.673,1
NShelbyRd(blue)_SHB_12.11.2025_LS,SHB,1446,8679,144.69,189.5,297.2,25.4,27.0,0.7001,1
NShelbyRd(blue)_SHB_12.11.2025_LS,SHB,1446,8680,144.7,184.9,295.8,25.2,26.7,0.6901,1
NShelbyRd(blue)_SHB_12.11.2025_LS,SHB,1446,8681,144.72,180.9,297.5,25.2,28.4,0.7183,1
NShelbyRd(blue)_SHB_12.11.2025_LS,SHB,1446,8682,144.74,177.4,296.8,24.4,26.7,0.7266,1
NShelbyRd(blue)_SHB_12.11.2025_LS,SHB,1446,8683,144.75,172.5,295.9,25.0,26.9,0.6349,1
NShelbyRd(blue)_SHB_12.11.2025_LS,SHB,1446,8684,144.77,168.5,295.5,25.5,25.9,0.7067,1
NShelbyRd(blue)_SHB_12.11.2025_LS,SHB,1446,8685,144.79,165.4,295.3,25.8,26.7,0.658,1
NShelbyRd(blue)_SHB_12.11.2025_LS,SHB,1446,8686,144.8,161.1,296.2,24.8,26.9,0.745,1
NShelbyRd(blue)_SHB_12.11.2025_LS,SHB,1446,8687,144.82,157.5,296.2,24.6,27.9,0.6464,1
NShelbyRd(blue)_SHB_12.11.2025_LS,SHB,1446,8688,144.84,154.2,297.2,25.1,27.8,0.6703,1
NShelbyRd(blue)_SHB_12.11.2025_LS,SHB,1446,8689,144.85,149.9,297.2,24.8,26.3,0.641,1
NShelbyRd(blue)_SHB_12.11.2025_LS,SHB,1446,8690,144.87,146.0,298.2,24.5,25.8,0.5794,1
NShelbyRd(blue)_SHB_12.11.2025_LS,SHB,1446,8694,144.94,129.9,300.7,25.4,25.0,0.4278,1
NShelbyRd(blue)_SHB_12.11.2025_LS,SHB,1446,8695,144.95,124.2,300.4,26.6,25.8,0.5853,1
NShelbyRd(blue)_SHB_12.11.2025_LS,SHB,1446,8696,144.97,121.1,301.0,25.6,26.7,0.5726,1
NShelbyRd(blue)_SHB_12.11.2025_LS,SHB,1446,8697,144.99,117.8,301.5,25.9,28.6,0.6102,1
NShelbyRd(blue)_SHB_12.11.2025_LS,SHB,1446,8698,145.0,113.9,300.4,25.0,28.0,0.6265,1
NShelbyRd(blue)_SHB_12.11.2025_LS,SHB,1446,8699,145.02,110.2,299.3,25.1,26.5,0.6223,1
NShelbyRd(blue)_SHB_12.11.2025_LS,SHB,1446,8700,145.04,106.1,300.6,24.6,27.2,0.4292,1
NShelbyRd(blue)_SHB_12.11.2025_LS,SHB,1446,8701,145.05,103.5,300.5,25.2,26.4,0.5175,1
NShelbyRd(blue)_SHB_12.11.2025_LS,SHB,1446,8702,145.07,100.8,298.8,26.4,23.6,0.4899,1
NShelbyRd(blue)_SHB_12.11.2025_LS,SHB,1446,8703,145.09,95.2,299.9,26.3,21.3,0.3021,1
NShelbyRd(blue)_SHB_12.11.2025_LS,SHB,1446,8704,145.1,90.6,299.9,27.3,22.3,0.5976,1
NShelbyRd(blue)_SHB_12.11.2025_LS,SHB,1446,8705,145.12,86.6,300.1,27.5,24.1,0.6051,1
NShelbyRd(blue)_SHB_12.11.2025_LS,SHB,1446,8706,145.14,82.9,300.8,28.4,25.6,0.5239,1
NShelbyRd(blue)_SHB_12.11.2025_LS,SHB,1446,8707,145.15,79.6,302.1,29.2,26.0,0.4888,1
NShelbyRd(blue)_SHB_12.11.2025_LS,SHB,1446,8708,145.17,76.1,302.0,30.3,22.7,0.5972,1
NShelbyRd(blue)_SHB_12.11.2025_LS,SHB,1446,8709,145.19,73.7,302.4,30.7,24.0,0.6007,1
NShelbyRd(blue)_SHB_12.11.2025_LS,SHB,1446,8710,145.2,70.0,302.7,30.5,24.9,0.5552,1
NShelbyRd(blue)_SHB_12.11.2025_LS,SHB,1446,8711,145.22,67.2,302.5,30.1,25.1,0.5963,1
NShelbyRd(blue)_SHB_12.11.2025_LS,SHB,1446,8712,145.24,62.6,302.6,30.1,25.0,0.637,1
NShelbyRd(blue)_SHB_12.11.2025_LS,SHB,1446,8713,145.25,57.7,302.4,30.0,24.9,0.5767,1
NShelbyRd(blue)_SHB_12.11.2025_LS,SHB,1446,8714,145.27,53.7,303.2,29.2,25.4,0.5871,1
NShelbyRd(blue)_SHB_12.11.2025_LS,SHB,1446,8715,145.29,49.2,303.9,29.2,26.0,0.5898,1
NShelbyRd(blue)_SHB_12.11.2025_LS,SHB,1446,8716,145.3,45.0,304.6,29.7,26.3,0.6172,1
NShelbyRd(blue)_SHB_12.11.2025_LS,SHB,1446,8717,145.32,40.7,305.2,28.7,26.4,0.6518,1
NShelbyRd(blue)_SHB_12.11.2025_LS,SHB,1446,8718,145.34,36.9,305.0,28.2,25.6,0.4997,1
NShelbyRd(blue)_SHB_12.11.2025_LS,SHB,1446,8719,145.35,33.8,304.5,26.7,24.6,0.5163,1
NShelbyRd(blue)_SHB_12.11.2025_LS,SHB,1446,8720,145.37,29.4,306.2,28.3,25.7,0.5933,1
NShelbyRd(blue)_SHB_12.11.2025_LS,SHB,1446,8721,145.39,25.7,306.5,27.8,26.1,0.4776,1
NShelbyRd(blue)_SHB_12.11.2025_LS,SHB,1446,8722,145.4,21.1,307.4,27.8,26.7,0.4399,1
NShelbyRd(blue)_SHB_12.11.2025_LS,SHB,1446,8723,145.42,16.8,307.5,26.7,25.8,0.4899,1
NShelbyRd(blue)_SHB_12.11.2025_LS,SHB,1446,8724,145.44,13.4,307.3,26.2,26.7,0.4947,1
NShelbyRd(blue)_SHB_12.11.2025_LS,SHB,1446,8725,145.45,11.5,308.5,23.0,28.2,0.4463,1
NShelbyRd(blue)_SHB_12.11.2025_LS,SHB,1446,8726,145.47,9.0,309.4,18.0,29.1,0.584,1
NShelbyRd(blue)_SHB_12.11.2025_LS,SHB,1446,8727,145.49,6.0,309.8,11.9,30.7,0.3858,1
NShelbyRd(blue)_SHB_12.11.2025_LS,SHB,1446,8728,145.5,4.4,310.6,8.9,32.9,0.1347,1
NShelbyRd(blue)_SHB_12.11.2025_LS,SHB,1474,9378,156.34,369.3,284.4,30.4,21.5,0.5456,1
NShelbyRd(blue)_SHB_12.11.2025_LS,SHB,1474,9379,156.36,361.7,283.9,31.1,21.8,0.5949,1
NShelbyRd(blue)_SHB_12.11.2025_LS,SHB,1474,9380,156.37,353.4,284.5,30.2,21.2,0.5847,1
NShelbyRd(blue)_SHB_12.11.2025_LS,SHB,1474,9381,156.39,345.2,283.2,32.3,21.7,0.4783,1
NShelbyRd(blue)_SHB_12.11.2025_LS,SHB,1474,9382,156.41,337.7,283.6,32.8,21.7,0.536,1
NShelbyRd(blue)_SHB_12.11.2025_LS,SHB,1474,9383,156.42,329.9,282.9,32.1,21.8,0.5623,1
NShelbyRd(blue)_SHB_12.11.2025_LS,SHB,1474,9384,156.44,321.2,283.0,31.4,21.6,0.6244,1
NShelbyRd(blue)_SHB_12.11.2025_LS,SHB,1474,9385,156.46,312.3,281.8,33.1,22.6,0.3807,1
NShelbyRd(blue)_SHB_12.11.2025_LS,SHB,1474,9386,156.47,303.9,281.8,32.6,21.1,0.5092,1
NShelbyRd(blue)_SHB_12.11.2025_LS,SHB,1474,9387,156.49,295.8,281.5,32.3,21.2,0.5332,1
NShelbyRd(blue)_SHB_12.11.2025_LS,SHB,1474,9388,156.51,288.1,281.3,31.9,23.0,0.4645,1
NShelbyRd(blue)_SHB_12.11.2025_LS,SHB,1474,9389,156.52,279.0,282.0,32.5,23.0,0.5397,1
NShelbyRd(blue)_SHB_12.11.2025_LS,SHB,1474,9390,156.54,270.9,281.3,32.4,23.6,0.6156,1
NShelbyRd(blue)_SHB_12.11.2025_LS,SHB,1474,9391,156.56,263.2,280.9,31.8,23.3,0.5825,1
NShelbyRd(blue)_SHB_12.11.2025_LS,SHB,1474,9392,156.57,254.7,280.7,31.0,23.6,0.6714,1
NShelbyRd(blue)_SHB_12.11.2025_LS,SHB,1474,9393,156.59,246.5,281.0,30.6,23.2,0.6121,1
NShelbyRd(blue)_SHB_12.11.2025_LS,SHB,1474,9394,156.61,238.3,281.4,30.6,23.0,0.633,1
NShelbyRd(blue)_SHB_12.11.2025_LS,SHB,1474,9395,156.62,229.4,281.9,29.4,22.5,0.6519,1
NShelbyRd(blue)_SHB_12.11.2025_LS,SHB,1474,9396,156.64,221.1,282.1,29.0,22.8,0.671,1
NShelbyRd(blue)_SHB_12.11.2025_LS,SHB,1474,9397,156.66,212.6,281.9,28.4,23.9,0.7224,1
NShelbyRd(blue)_SHB_12.11.2025_LS,SHB,1474,9398,156.67,204.0,281.8,28.5,24.1,0.7155,1
NShelbyRd(blue)_SHB_12.11.2025_LS,SHB,1474,9399,156.69,195.7,282.0,29.6,25.1,0.6828,1
NShelbyRd(blue)_SHB_12.11.2025_LS,SHB,1474,9400,156.71,187.4,282.3,29.7,25.1,0.6553,1
NShelbyRd(blue)_SHB_12.11.2025_LS,SHB,1474,9401,156.72,179.3,281.5,29.9,24.6,0.647,1
NShelbyRd(blue)_SHB_12.11.2025_LS,SHB,1474,9402,156.74,170.7,281.2,29.4,24.6,0.6575,1
NShelbyRd(blue)_SHB_12.11.2025_LS,SHB,1474,9403,156.76,163.0,282.5,30.3,25.3,0.6662,1
NShelbyRd(blue)_SHB_12.11.2025_LS,SHB,1474,9404,156.77,154.8,282.8,29.9,24.4,0.578,1
NShelbyRd(blue)_SHB_12.11.2025_LS,SHB,1474,9405,156.79,147.0,283.5,29.8,24.4,0.5287,1
NShelbyRd(blue)_SHB_12.11.2025_LS,SHB,1474,9406,156.81,138.7,284.5,29.0,23.5,0.5349,1
NShelbyRd(blue)_SHB_12.11.2025_LS,SHB,1474,9407,156.82,131.8,286.6,29.7,23.8,0.5965,1
NShelbyRd(blue)_SHB_12.11.2025_LS,SHB,1474,9408,156.84,124.1,289.0,28.6,24.3,0.5341,1
NShelbyRd(blue)_SHB_12.11.2025_LS,SHB,1474,9409,156.86,117.4,289.8,27.8,22.4,0.4912,1
NShelbyRd(blue)_SHB_12.11.2025_LS,SHB,1474,9410,156.87,108.1,291.5,27.8,23.2,0.5368,1
NShelbyRd(blue)_SHB_12.11.2025_LS,SHB,1474,9413,156.92,81.1,294.4,28.7,23.9,0.515,1
NShelbyRd(blue)_SHB_12.11.2025_LS,SHB,1474,9414,156.94,72.1,293.9,29.7,23.7,0.4039,1
NShelbyRd(blue)_SHB_12.11.2025_LS,SHB,1474,9415,156.96,67.0,293.7,30.7,24.4,0.609,1
NShelbyRd(blue)_SHB_12.11.2025_LS,SHB,1474,9416,156.97,56.5,293.3,29.6,24.2,0.55,1
NShelbyRd(blue)_SHB_12.11.2025_LS,SHB,1474,9417,156.99,47.3,292.0,28.8,23.8,0.6884,1
NShelbyRd(blue)_SHB_12.11.2025_LS,SHB,1474,9418,157.01,39.3,293.2,29.3,24.1,0.6052,1
NShelbyRd(blue)_SHB_12.11.2025_LS,SHB,1474,9419,157.02,32.8,292.2,28.0,21.9,0.4433,1
NShelbyRd(blue)_SHB_12.11.2025_LS,SHB,1474,9420,157.04,25.8,291.3,26.1,20.0,0.4024,1
NShelbyRd(blue)_SHB_12.11.2025_LS,SHB,1494,10105,168.46,190.0,113.6,27.7,26.8,0.3468,0
NShelbyRd(blue)_SHB_12.11.2025_LS,SHB,1494,10107,168.49,167.7,113.9,26.6,26.1,0.6514,0
NShelbyRd(blue)_SHB_12.11.2025_LS,SHB,1494,10108,168.51,158.8,112.0,26.2,23.1,0.5599,0
NShelbyRd(blue)_SHB_12.11.2025_LS,SHB,1494,10109,168.53,148.8,110.4,25.0,21.9,0.3854,0
NShelbyRd(blue)_SHB_12.11.2025_LS,SHB,1494,10110,168.54,136.3,111.1,25.7,23.6,0.3073,0
NShelbyRd(blue)_SHB_12.11.2025_LS,SHB,1494,10115,168.63,86.2,111.3,24.4,23.7,0.5239,0
NShelbyRd(blue)_SHB_12.11.2025_LS,SHB,1494,10116,168.64,75.6,112.4,24.8,25.1,0.1902,0
NShelbyRd(blue)_SHB_12.11.2025_LS,SHB,1494,10117,168.66,63.7,112.0,24.1,24.8,0.2437,0
NWolfCreek(orange)_SHB_12.11.2025_LS,SHB,1511,1641,27.35,535.6,285.9,51.3,43.7,0.5447,0
NWolfCreek(orange)_SHB_12.11.2025_LS,SHB,1511,1642,27.37,529.6,287.1,53.0,43.4,0.6143,0
NWolfCreek(orange)_SHB_12.11.2025_LS,SHB,1511,1643,27.38,522.0,285.5,53.8,43.3,0.2983,0
NWolfCreek(orange)_SHB_12.11.2025_LS,SHB,1511,1644,27.4,514.9,286.2,52.5,40.6,0.4532,0
NWolfCreek(orange)_SHB_12.11.2025_LS,SHB,1518,2869,47.82,477.4,273.2,27.1,19.7,0.5457,0
NWolfCreek(orange)_SHB_12.11.2025_LS,SHB,1518,2870,47.83,476.4,273.7,26.8,19.0,0.4106,0
NWolfCreek(orange)_SHB_12.11.2025_LS,SHB,1518,2871,47.85,472.8,273.6,26.6,19.4,0.4634,0
NWolfCreek(orange)_SHB_12.11.2025_LS,SHB,1518,2872,47.87,470.5,273.4,24.5,19.5,0.4756,0
NWolfCreek(orange)_SHB_12.11.2025_LS,SHB,1518,2873,47.88,468.1,274.3,24.8,19.3,0.1855,0
NWolfCreek(orange)_SHB_12.11.2025_LS,SHB,1518,2874,47.9,465.2,274.7,24.7,19.0,0.366,0
NWolfCreek(orange)_SHB_12.11.2025_LS,SHB,1518,2875,47.92,462.3,275.4,25.2,19.2,0.4121,0
NWolfCreek(orange)_SHB_12.11.2025_LS,SHB,1518,2876,47.93,459.1,276.6,25.1,18.5,0.5439,0
NWolfCreek(orange)_SHB_12.11.2025_LS,SHB,1518,2877,47.95,455.7,276.0,23.9,19.0,0.2929,0
NWolfCreek(orange)_SHB_12.11.2025_LS,SHB,1518,2882,48.03,446.3,276.7,24.8,20.1,0.3499,0
NWolfCreek(orange)_SHB_12.11.2025_LS,SHB,1518,2883,48.05,443.1,277.8,24.0,18.9,0.2445,0
NWolfCreek(orange)_SHB_12.11.2025_LS,SHB,1531,7040,117.33,374.7,268.7,23.3,24.5,0.5388,0
NWolfCreek(orange)_SHB_12.11.2025_LS,SHB,1531,7041,117.35,369.3,268.2,25.5,24.6,0.4257,0
NWolfCreek(orange)_SHB_12.11.2025_LS,SHB,1531,7042,117.37,363.5,268.8,26.5,26.0,0.5581,0
NWolfCreek(orange)_SHB_12.11.2025_LS,SHB,1531,7043,117.38,357.3,270.4,26.0,25.7,0.3361,0
NWolfCreek(orange)_SHB_12.11.2025_LS,SHB,1538,7087,118.12,108.9,265.4,33.8,30.1,0.6959,0
NWolfCreek(orange)_SHB_12.11.2025_LS,SHB,1538,7088,118.13,102.9,265.4,33.0,29.9,0.4202,0
NWolfCreek(orange)_SHB_12.11.2025_LS,SHB,1538,7089,118.15,96.5,265.5,32.7,28.3,0.5675,0
NWolfCreek(orange)_SHB_12.11.2025_LS,SHB,1538,7090,118.17,89.8,265.0,30.9,28.1,0.414,0
NWolfCreek(orange)_SHB_12.11.2025_LS,SHB,1538,7091,118.18,84.9,263.9,33.8,29.9,0.4309,0
NWolfCreek(orange)_SHB_12.11.2025_LS,SHB,1538,7092,118.2,79.4,264.5,32.7,30.0,0.4741,0
NWolfCreek(orange)_SHB_12.11.2025_LS,SHB,1538,7093,118.22,74.8,264.6,30.5,28.6,0.1051,0
NWolfCreek(orange)_SHB_12.11.2025_LS,SHB,1538,7094,118.23,68.1,264.0,28.9,28.9,0.4578,0
NWolfCreek(orange)_SHB_12.11.2025_LS,SHB,1538,7095,118.25,63.6,263.9,31.2,29.0,0.6053,0
NWolfCreek(orange)_SHB_12.11.2025_LS,SHB,1538,7096,118.27,58.2,263.0,32.5,29.6,0.4958,0
NWolfCreek(orange)_SHB_12.11.2025_LS,SHB,1538,7097,118.28,55.1,262.7,35.3,30.3,0.3911,0
NWolfCreek(orange)_SHB_12.11.2025_LS,SHB,1538,7098,118.3,48.5,263.2,35.6,30.6,0.2549,0
NWolfCreek(orange)_SHB_12.11.2025_LS,SHB,1538,7099,118.32,42.7,262.7,34.1,30.4,0.1818,0
NWolfCreek(orange)_SHB_12.11.2025_LS,SHB,1538,7100,118.33,34.0,263.2,29.7,28.7,0.4407,0
NWolfCreek(orange)_SHB_12.11.2025_LS,SHB,1538,7102,118.37,25.1,263.3,31.3,29.1,0.5333,0
NWolfCreek(orange)_SHB_12.11.2025_LS,SHB,1538,7103,118.38,18.2,263.3,28.4,27.9,0.307,0
NWolfCreek(orange)_SHB_12.11.2025_LS,SHB,1543,7205,120.08,541.3,280.3,45.9,40.2,0.6631,1
NWolfCreek(orange)_SHB_12.11.2025_LS,SHB,1543,7206,120.1,537.0,280.8,46.6,40.3,0.1333,1
NWolfCreek(orange)_SHB_12.11.2025_LS,SHB,1543,7207,120.12,525.4,279.3,43.0,43.6,0.5202,1
NWolfCreek(orange)_SHB_12.11.2025_LS,SHB,1543,7208,120.13,517.7,279.0,43.7,43.3,0.6066,1
NWolfCreek(orange)_SHB_12.11.2025_LS,SHB,1543,7209,120.15,510.6,278.1,44.5,46.6,0.6439,1
NWolfCreek(orange)_SHB_12.11.2025_LS,SHB,1543,7210,120.17,502.7,278.1,42.4,45.1,0.5978,1
NWolfCreek(orange)_SHB_12.11.2025_LS,SHB,1543,7211,120.18,494.7,276.7,41.3,44.9,0.6514,1
NWolfCreek(orange)_SHB_12.11.2025_LS,SHB,1543,7212,120.2,487.9,275.5,39.7,45.8,0.5468,1
NWolfCreek(orange)_SHB_12.11.2025_LS,SHB,1543,7213,120.22,482.6,275.1,39.8,44.5,0.322,1
NWolfCreek(orange)_SHB_12.11.2025_LS,SHB,1543,7214,120.23,475.1,275.5,41.0,43.4,0.6862,1
NWolfCreek(orange)_SHB_12.11.2025_LS,SHB,1543,7215,120.25,467.4,275.9,39.8,43.4,0.6987,1
NWolfCreek(orange)_SHB_12.11.2025_LS,SHB,1543,7216,120.27,461.1,276.0,40.4,44.2,0.5914,1
NWolfCreek(orange)_SHB_12.11.2025_LS,SHB,1543,7217,120.28,454.1,275.6,39.3,44.2,0.5094,1
NWolfCreek(orange)_SHB_12.11.2025_LS,SHB,1543,7218,120.3,451.4,276.1,46.1,47.7,0.2002,1
NWolfCreek(orange)_SHB_12.11.2025_LS,SHB,1543,7224,120.4,413.5,274.5,35.9,33.6,0.5132,1
NWolfCreek(orange)_SHB_12.11.2025_LS,SHB,1543,7225,120.42,405.4,272.9,36.2,35.0,0.6532,1
NWolfCreek(orange)_SHB_12.11.2025_LS,SHB,1543,7226,120.43,398.5,272.1,38.4,36.5,0.6838,1
NWolfCreek(orange)_SHB_12.11.2025_LS,SHB,1543,7227,120.45,391.7,272.6,39.1,36.7,0.6753,1
NWolfCreek(orange)_SHB_12.11.2025_LS,SHB,1543,7228,120.47,384.9,272.5,38.5,34.4,0.6793,1
NWolfCreek(orange)_SHB_12.11.2025_LS,SHB,1543,7229,120.48,378.5,271.5,35.7,32.8,0.7361,1
NWolfCreek(orange)_SHB_12.11.2025_LS,SHB,1543,7230,120.5,373.7,272.0,39.1,36.7,0.7187,1
NWolfCreek(orange)_SHB_12.11.2025_LS,SHB,1543,7231,120.52,366.4,273.0,39.8,39.1,0.7813,1
NWolfCreek(orange)_SHB_12.11.2025_LS,SHB,1543,7232,120.53,358.3,273.3,39.5,39.8,0.7239,1
NWolfCreek(orange)_SHB_12.11.2025_LS,SHB,1543,7233,120.55,350.7,274.2,38.6,38.2,0.7249,1
NWolfCreek(orange)_SHB_12.11.2025_LS,SHB,1543,7234,120.57,345.3,275.1,38.4,39.8,0.7468,1
NWolfCreek(orange)_SHB_12.11.2025_LS,SHB,1543,7235,120.58,337.4,275.3,38.3,39.9,0.7648,1
NWolfCreek(orange)_SHB_12.11.2025_LS,SHB,1543,7236,120.6,330.6,275.7,38.6,39.1,0.7591,1
NWolfCreek(orange)_SHB_12.11.2025_LS,SHB,1543,7237,120.62,323.8,276.2,40.3,39.9,0.7069,1
NWolfCreek(orange)_SHB_12.11.2025_LS,SHB,1543,7238,120.63,317.9,275.5,43.0,40.3,0.6429,1
NWolfCreek(orange)_SHB_12.11.2025_LS,SHB,1543,7239,120.65,308.7,274.7,44.3,40.5,0.4887,1
NWolfCreek(orange)_SHB_12.11.2025_LS,SHB,1543,7240,120.67,300.9,274.7,40.6,37.6,0.5933,1
NWolfCreek(orange)_SHB_12.11.2025_LS,SHB,1543,7241,120.68,295.5,273.7,43.3,37.4,0.4671,1
NWolfCreek(orange)_SHB_12.11.2025_LS,SHB,1543,7242,120.7,288.1,274.4,41.9,37.0,0.4975,1
NWolfCreek(orange)_SHB_12.11.2025_LS,SHB,1543,7243,120.72,280.4,274.3,40.6,36.0,0.5283,1
NWolfCreek(orange)_SHB_12.11.2025_LS,SHB,1543,7244,120.73,272.3,274.2,37.8,34.9,0.6137,1
NWolfCreek(orange)_SHB_12.11.2025_LS,SHB,1543,7247,120.78,250.0,273.6,35.8,34.2,0.4558,1
NWolfCreek(orange)_SHB_12.11.2025_LS,SHB,1543,7248,120.8,244.0,272.6,37.6,36.5,0.4042,1
NWolfCreek(orange)_SHB_12.11.2025_LS,SHB,1543,7250,120.83,230.9,272.9,36.8,37.3,0.2944,1
NWolfCreek(orange)_SHB_12.11.2025_LS,SHB,1543,7251,120.85,222.1,270.9,35.5,36.8,0.1322,1
NWolfCreek(orange)_SHB_12.11.2025_LS,SHB,1543,7252,120.87,216.6,271.3,35.7,34.8,0.5489,1
NWolfCreek(orange)_SHB_12.11.2025_LS,SHB,1543,7253,120.88,210.2,271.2,31.2,32.7,0.6645,1
NWolfCreek(orange)_SHB_12.11.2025_LS,SHB,1543,7254,120.9,201.8,270.2,30.7,31.5,0.5379,1
NWolfCreek(orange)_SHB_12.11.2025_LS,SHB,1543,7255,120.92,195.1,270.1,30.8,31.8,0.6003,1
NWolfCreek(orange)_SHB_12.11.2025_LS,SHB,1543,7256,120.93,189.0,270.3,32.1,31.8,0.6012,1
NWolfCreek(orange)_SHB_12.11.2025_LS,SHB,1543,7257,120.95,182.8,269.8,33.6,34.0,0.3762,1
NWolfCreek(orange)_SHB_12.11.2025_LS,SHB,1543,7258,120.97,178.0,269.4,37.4,36.7,0.3649,1
NWolfCreek(orange)_SHB_12.11.2025_LS,SHB,1543,7259,120.98,170.6,268.3,37.9,37.8,0.5319,1
NWolfCreek(orange)_SHB_12.11.2025_LS,SHB,1543,7260,121.0,165.6,269.9,37.0,35.7,0.3502,1
NWolfCreek(orange)_SHB_12.11.2025_LS,SHB,1543,7263,121.05,146.8,267.2,34.8,33.6,0.4614,1
NWolfCreek(orange)_SHB_12.11.2025_LS,SHB,1543,7264,121.07,141.4,267.5,37.7,34.4,0.2876,1
NWolfCreek(orange)_SHB_12.11.2025_LS,SHB,1543,7265,121.08,136.6,267.6,40.2,36.7,0.1112,1
NWolfCreek(orange)_SHB_12.11.2025_LS,SHB,1543,7270,121.17,104.1,265.7,29.7,28.7,0.5059,1
NWolfCreek(orange)_SHB_12.11.2025_LS,SHB,1543,7271,121.18,97.8,267.1,28.9,28.2,0.2937,1
NWolfCreek(orange)_SHB_12.11.2025_LS,SHB,1543,7272,121.2,92.1,267.3,30.3,30.1,0.1621,1
NWolfCreek(orange)_SHB_12.11.2025_LS,SHB,1543,7284,121.4,27.2,265.1,31.8,30.8,0.606,1
NWolfCreek(orange)_SHB_12.11.2025_LS,SHB,1543,7285,121.42,23.5,263.0,28.7,30.2,0.4035,1
NWolfCreek(orange)_SHB_12.11.2025_LS,SHB,1554,7249,120.82,539.3,270.2,63.6,49.9,0.4878,1
NWolfCreek(orange)_SHB_12.11.2025_LS,SHB,1554,7250,120.83,530.8,268.6,56.9,49.4,0.6399,1
NWolfCreek(orange)_SHB_12.11.2025_LS,SHB,1554,7251,120.85,517.1,267.1,57.6,45.7,0.5821,1
NWolfCreek(orange)_SHB_12.11.2025_LS,SHB,1554,7252,120.87,509.9,266.3,57.6,49.5,0.765,1
NWolfCreek(orange)_SHB_12.11.2025_LS,SHB,1554,7253,120.88,501.5,264.9,55.0,45.6,0.7384,1
NWolfCreek(orange)_SHB_12.11.2025_LS,SHB,1554,7254,120.9,489.2,264.4,55.2,43.8,0.5885,1
NWolfCreek(orange)_SHB_12.11.2025_LS,SHB,1554,7255,120.92,481.9,267.4,55.2,43.7,0.7082,1
NWolfCreek(orange)_SHB_12.11.2025_LS,SHB,1554,7256,120.93,472.8,268.5,55.5,41.1,0.5856,1
NWolfCreek(orange)_SHB_12.11.2025_LS,SHB,1554,7257,120.95,461.9,269.1,53.8,41.5,0.6285,1
NWolfCreek(orange)_SHB_12.11.2025_LS,SHB,1554,7258,120.97,453.0,267.5,51.6,38.2,0.6772,1
NWolfCreek(orange)_SHB_12.11.2025_LS,SHB,1554,7259,120.98,442.6,267.8,52.6,39.4,0.6477,1
NWolfCreek(orange)_SHB_12.11.2025_LS,SHB,1554,7260,121.0,436.2,269.8,52.1,38.5,0.6625,1
NWolfCreek(orange)_SHB_12.11.2025_LS,SHB,1554,7261,121.02,425.8,270.2,52.3,38.9,0.5296,1
NWolfCreek(orange)_SHB_12.11.2025_LS,SHB,1554,7262,121.03,420.3,270.6,51.6,37.9,0.456,1
NWolfCreek(orange)_SHB_12.11.2025_LS,SHB,1554,7263,121.05,413.1,270.5,51.8,36.6,0.32,1
NWolfCreek(orange)_SHB_12.11.2025_LS,SHB,1554,7265,121.08,393.8,269.3,49.3,37.0,0.5406,1
NWolfCreek(orange)_SHB_12.11.2025_LS,SHB,1554,7272,121.2,329.6,267.3,43.4,41.5,0.6135,1
NWolfCreek(orange)_SHB_12.11.2025_LS,SHB,1554,7273,121.22,319.5,267.2,45.2,46.3,0.6802,1
NWolfCreek(orange)_SHB_12.11.2025_LS,SHB,1554,7274,121.23,310.8,268.4,45.6,45.7,0.6375,1
NWolfCreek(orange)_SHB_12.11.2025_LS,SHB,1554,7275,121.25,303.1,269.0,42.9,44.5,0.6754,1
NWolfCreek(orange)_SHB_12.11.2025_LS,SHB,1554,7276,121.27,295.4,269.4,40.8,42.4,0.7589,1
NWolfCreek(orange)_SHB_12.11.2025_LS,SHB,1554,7277,121.28,285.4,270.6,41.7,42.4,0.7499,1
NWolfCreek(orange)_SHB_12.11.2025_LS,SHB,1554,7278,121.3,277.8,270.4,43.2,42.6,0.7144,1
NWolfCreek(orange)_SHB_12.11.2025_LS,SHB,1554,7279,121.32,270.3,270.3,43.2,41.5,0.3867,1
NWolfCreek(orange)_SHB_12.11.2025_LS,SHB,1554,7280,121.33,261.1,270.1,43.9,42.9,0.2599,1
NWolfCreek(orange)_SHB_12.11.2025_LS,SHB,1554,7281,121.35,253.4,270.3,42.9,39.4,0.6065,1
NWolfCreek(orange)_SHB_12.11.2025_LS,SHB,1554,7282,121.37,244.8,270.9,43.1,39.9,0.6332,1
NWolfCreek(orange)_SHB_12.11.2025_LS,SHB,1554,7283,121.38,238.4,271.3,42.3,39.9,0.1423,1
NWolfCreek(orange)_SHB_12.11.2025_LS,SHB,1554,7290,121.5,177.6,269.3,37.4,36.8,0.4028,1
NWolfCreek(orange)_SHB_12.11.2025_LS,SHB,1554,7292,121.53,163.3,271.3,36.4,37.9,0.6429,1
NWolfCreek(orange)_SHB_12.11.2025_LS,SHB,1554,7293,121.55,155.2,271.9,34.7,36.5,0.7175,1
NWolfCreek(orange)_SHB_12.11.2025_LS,SHB,1554,7294,121.57,146.7,270.6,34.1,34.4,0.5704,1
NWolfCreek(orange)_SHB_12.11.2025_LS,SHB,1554,7295,121.58,137.8,270.2,33.8,33.9,0.6256,1
NWolfCreek(orange)_SHB_12.11.2025_LS,SHB,1554,7296,121.6,128.2,270.6,33.0,33.3,0.3368,1
NWolfCreek(orange)_SHB_12.11.2025_LS,SHB,1554,7297,121.62,120.3,272.1,33.2,35.9,0.6005,1
NWolfCreek(orange)_SHB_12.11.2025_LS,SHB,1554,7298,121.63,111.5,271.8,34.1,35.4,0.6201,1
NWolfCreek(orange)_SHB_12.11.2025_LS,SHB,1554,7299,121.65,104.4,271.9,36.2,35.5,0.6791,1
NWolfCreek(orange)_SHB_12.11.2025_LS,SHB,1554,7300,121.67,96.8,271.6,37.7,35.8,0.7116,1
NWolfCreek(orange)_SHB_12.11.2025_LS,SHB,1554,7301,121.68,90.0,271.1,38.7,35.7,0.6583,1
NWolfCreek(orange)_SHB_12.11.2025_LS,SHB,1554,7302,121.7,84.1,272.1,39.1,36.7,0.5469,1
NWolfCreek(orange)_SHB_12.11.2025_LS,SHB,1554,7303,121.72,77.1,272.1,40.5,36.6,0.5845,1
NWolfCreek(orange)_SHB_12.11.2025_LS,SHB,1554,7304,121.73,69.8,271.5,38.9,35.3,0.6114,1
NWolfCreek(orange)_SHB_12.11.2025_LS,SHB,1554,7305,121.75,61.5,270.4,35.5,35.5,0.6164,1
NWolfCreek(orange)_SHB_12.11.2025_LS,SHB,1554,7306,121.77,53.0,269.7,34.6,35.4,0.6678,1
NWolfCreek(orange)_SHB_12.11.2025_LS,SHB,1554,7307,121.78,43.9,270.6,36.8,35.3,0.6694,1
NWolfCreek(orange)_SHB_12.11.2025_LS,SHB,1554,7308,121.8,36.0,269.7,38.6,38.8,0.5119,1
NWolfCreek(orange)_SHB_12.11.2025_LS,SHB,1554,7309,121.82,26.8,268.1,39.9,41.2,0.7155,1
NWolfCreek(orange)_SHB_12.11.2025_LS,SHB,1554,7310,121.83,19.3,267.9,38.5,41.4,0.673,1
NWolfCreek(orange)_SHB_12.11.2025_LS,SHB,1554,7311,121.85,15.4,271.1,30.8,45.0,0.6141,1
NWolfCreek(orange)_SHB_12.11.2025_LS,SHB,1554,7312,121.87,12.0,271.6,24.1,45.8,0.5771,1
NWolfCreek(orange)_SHB_12.11.2025_LS,SHB,1557,7257,120.95,409.4,277.5,41.6,37.4,0.5455,1
NWolfCreek(orange)_SHB_12.11.2025_LS,SHB,1557,7260,121.0,382.4,280.0,40.3,36.7,0.6356,1
NWolfCreek(orange)_SHB_12.11.2025_LS,SHB,1557,7261,121.02,372.1,277.9,38.5,36.1,0.5084,1
NWolfCreek(orange)_SHB_12.11.2025_LS,SHB,1557,7262,121.03,366.2,278.5,41.2,37.5,0.3951,1
NWolfCreek(orange)_SHB_12.11.2025_LS,SHB,1557,7263,121.05,357.4,279.2,41.3,38.8,0.4963,1
NWolfCreek(orange)_SHB_12.11.2025_LS,SHB,1557,7264,121.07,347.3,279.4,42.7,39.9,0.6694,1
NWolfCreek(orange)_SHB_12.11.2025_LS,SHB,1557,7265,121.08,337.8,278.9,46.3,43.8,0.5147,1
NWolfCreek(orange)_SHB_12.11.2025_LS,SHB,1557,7266,121.1,328.6,277.8,51.2,46.3,0.3542,1
NWolfCreek(orange)_SHB_12.11.2025_LS,SHB,1557,7267,121.12,319.4,277.8,51.5,48.0,0.4217,1
NWolfCreek(orange)_SHB_12.11.2025_LS,SHB,1557,7270,121.17,293.7,275.6,51.7,48.3,0.2886,1
NWolfCreek(orange)_SHB_12.11.2025_LS,SHB,1557,7271,121.18,284.4,274.0,58.4,52.9,0.1239,1
NWolfCreek(orange)_SHB_12.11.2025_LS,SHB,1557,7276,121.27,247.1,266.9,46.0,43.2,0.5408,1
NWolfCreek(orange)_SHB_12.11.2025_LS,SHB,1557,7277,121.28,232.0,269.5,51.5,44.1,0.5274,1
NWolfCreek(orange)_SHB_12.11.2025_LS,SHB,1557,7278,121.3,223.6,269.6,56.9,46.3,0.3253,1
NWolfCreek(orange)_SHB_12.11.2025_LS,SHB,1557,7279,121.32,215.2,271.5,61.5,49.0,0.4732,1
NWolfCreek(orange)_SHB_12.11.2025_LS,SHB,1557,7280,121.33,207.5,272.0,66.9,53.6,0.3411,1
NWolfCreek(orange)_SHB_12.11.2025_LS,SHB,1557,7281,121.35,199.3,272.4,65.5,52.9,0.6372,1
NWolfCreek(orange)_SHB_12.11.2025_LS,SHB,1557,7282,121.37,191.3,273.5,65.4,52.5,0.2976,1
NWolfCreek(orange)_SHB_12.11.2025_LS,SHB,1557,7283,121.38,183.4,273.3,65.6,52.0,0.5709,1
NWolfCreek(orange)_SHB_12.11.2025_LS,SHB,1557,7284,121.4,176.2,273.6,64.8,50.9,0.3617,1
NWolfCreek(orange)_SHB_12.11.2025_LS,SHB,1557,7285,121.42,167.5,273.1,70.4,51.2,0.3365,1
NWolfCreek(orange)_SHB_12.11.2025_LS,SHB,1557,7298,121.63,64.9,273.1,51.4,42.5,0.691,1
NWolfCreek(orange)_SHB_12.11.2025_LS,SHB,1557,7299,121.65,59.2,273.5,49.7,41.0,0.5359,1
NWolfCreek(orange)_SHB_12.11.2025_LS,SHB,1557,7300,121.67,51.8,274.6,48.6,39.0,0.3102,1
NWolfCreek(orange)_SHB_12.11.2025_LS,SHB,1557,7301,121.68,43.2,272.8,43.2,41.0,0.1143,1
NWolfCreek(orange)_SHB_12.11.2025_LS,SHB,1557,7302,121.7,32.1,273.2,36.4,37.7,0.5397,1
NWolfCreek(orange)_SHB_12.11.2025_LS,SHB,1557,7303,121.72,27.9,272.7,43.2,37.1,0.546,1
NWolfCreek(orange)_SHB_12.11.2025_LS,SHB,1557,7304,121.73,21.2,273.7,41.7,38.3,0.7309,1
NWolfCreek(orange)_SHB_12.11.2025_LS,SHB,1557,7305,121.75,17.9,273.2,35.9,39.5,0.6772,1
NWolfCreek(orange)_SHB_12.11.2025_LS,SHB,1557,7306,121.77,14.8,272.9,29.6,43.2,0.6017,1
NWolfCreek(orange)_SHB_12.11.2025_LS,SHB,1557,7307,121.78,10.3,272.3,20.6,43.6,0.6162,1
NWolfCreek(orange)_SHB_12.11.2025_LS,SHB,1557,7308,121.8,5.9,271.2,11.7,47.1,0.1206,1
NWolfCreek(orange)_SHB_12.11.2025_LS,SHB,1563,7279,121.32,85.8,265.1,29.4,28.8,0.4825,0
NWolfCreek(orange)_SHB_12.11.2025_LS,SHB,1563,7280,121.33,79.9,266.1,27.3,28.8,0.4073,0
NWolfCreek(orange)_SHB_12.11.2025_LS,SHB,1563,7281,121.35,74.7,266.1,27.4,28.5,0.2229,0
NWolfCreek(orange)_SHB_12.11.2025_LS,SHB,1578,8344,139.07,566.8,251.8,34.0,32.5,0.4219,1
NWolfCreek(orange)_SHB_12.11.2025_LS,SHB,1578,8345,139.08,560.2,253.6,34.8,33.0,0.4971,1
NWolfCreek(orange)_SHB_12.11.2025_LS,SHB,1578,8346,139.1,555.1,254.6,33.1,31.7,0.4618,1
NWolfCreek(orange)_SHB_12.11.2025_LS,SHB,1578,8347,139.12,550.4,254.4,30.4,30.5,0.3097,1
NWolfCreek(orange)_SHB_12.11.2025_LS,SHB,1578,8348,139.13,544.2,254.8,30.8,29.8,0.3077,1
NWolfCreek(orange)_SHB_12.11.2025_LS,SHB,1578,8349,139.15,541.7,255.4,28.1,28.8,0.4286,1
NWolfCreek(orange)_SHB_12.11.2025_LS,SHB,1578,8350,139.17,538.0,254.3,28.5,29.1,0.258,1
NWolfCreek(orange)_SHB_12.11.2025_LS,SHB,1578,8352,139.2,530.1,253.0,27.7,27.2,0.5556,1
NWolfCreek(orange)_SHB_12.11.2025_LS,SHB,1578,8353,139.22,525.7,252.2,26.7,25.0,0.535,1
NWolfCreek(orange)_SHB_12.11.2025_LS,SHB,1578,8354,139.23,520.7,252.1,26.7,24.4,0.5889,1
NWolfCreek(orange)_SHB_12.11.2025_LS,SHB,1578,8355,139.25,515.7,251.9,25.4,24.2,0.6098,1
NWolfCreek(orange)_SHB_12.11.2025_LS,SHB,1578,8356,139.27,511.2,251.5,24.8,23.6,0.5906,1
NWolfCreek(orange)_SHB_12.11.2025_LS,SHB,1578,8363,139.38,483.1,245.1,28.6,22.7,0.5769,1
NWolfCreek(orange)_SHB_12.11.2025_LS,SHB,1578,8364,139.4,479.2,243.7,30.7,23.9,0.5749,1
NWolfCreek(orange)_SHB_12.11.2025_LS,SHB,1578,8365,139.42,473.7,242.5,29.0,24.0,0.3855,1
NWolfCreek(orange)_SHB_12.11.2025_LS,SHB,1578,8366,139.43,468.5,241.9,29.0,24.6,0.2621,1
NWolfCreek(orange)_SHB_12.11.2025_LS,SHB,1578,8367,139.45,464.0,241.7,28.6,23.0,0.3279,1
NWolfCreek(orange)_SHB_12.11.2025_LS,SHB,1578,8368,139.47,459.1,242.5,28.4,22.2,0.4507,1
NWolfCreek(orange)_SHB_12.11.2025_LS,SHB,1578,8369,139.48,454.8,243.3,28.2,24.2,0.5086,1
NWolfCreek(orange)_SHB_12.11.2025_LS,SHB,1578,8370,139.5,449.7,243.2,28.9,25.5,0.5983,1
NWolfCreek(orange)_SHB_12.11.2025_LS,SHB,1578,8371,139.52,446.3,244.6,29.3,26.2,0.6068,1
NWolfCreek(orange)_SHB_12.11.2025_LS,SHB,1578,8372,139.53,442.4,246.4,29.8,27.0,0.4561,1
NWolfCreek(orange)_SHB_12.11.2025_LS,SHB,1578,8373,139.55,438.3,247.2,27.7,26.7,0.4058,1
NWolfCreek(orange)_SHB_12.11.2025_LS,SHB,1578,8374,139.57,433.8,246.3,28.9,27.7,0.531,1
NWolfCreek(orange)_SHB_12.11.2025_LS,SHB,1578,8375,139.58,429.2,245.6,30.0,27.1,0.4343,1
NWolfCreek(orange)_SHB_12.11.2025_LS,SHB,1578,8376,139.6,424.8,246.4,32.0,30.9,0.3236,1
NWolfCreek(orange)_SHB_12.11.2025_LS,SHB,1578,8377,139.62,419.4,243.5,30.9,27.3,0.4907,1
NWolfCreek(orange)_SHB_12.11.2025_LS,SHB,1578,8378,139.63,414.8,244.4,32.5,28.7,0.5823,1
NWolfCreek(orange)_SHB_12.11.2025_LS,SHB,1578,8379,139.65,409.9,244.2,30.8,28.2,0.4362,1
NWolfCreek(orange)_SHB_12.11.2025_LS,SHB,1578,8380,139.67,405.0,246.9,32.5,30.8,0.6137,1
NWolfCreek(orange)_SHB_12.11.2025_LS,SHB,1578,8381,139.68,399.5,246.4,34.3,34.4,0.4374,1
NWolfCreek(orange)_SHB_12.11.2025_LS,SHB,1578,8382,139.7,393.9,247.0,33.5,36.5,0.4481,1
NWolfCreek(orange)_SHB_12.11.2025_LS,SHB,1578,8383,139.72,389.3,247.9,36.4,36.7,0.4208,1
NWolfCreek(orange)_SHB_12.11.2025_LS,SHB,1578,8384,139.73,385.9,246.3,37.7,36.6,0.4841,1
NWolfCreek(orange)_SHB_12.11.2025_LS,SHB,1578,8385,139.75,376.2,248.2,44.5,39.3,0.311,1
NWolfCreek(orange)_SHB_12.11.2025_LS,SHB,1578,8386,139.77,374.4,245.7,39.5,36.7,0.4024,1
NWolfCreek(orange)_SHB_12.11.2025_LS,SHB,1578,8387,139.78,370.5,244.1,37.0,34.8,0.494,1
NWolfCreek(orange)_SHB_12.11.2025_LS,SHB,1578,8388,139.8,368.1,243.3,35.3,33.9,0.5913,1
NWolfCreek(orange)_SHB_12.11.2025_LS,SHB,1578,8390,139.83,360.2,242.4,30.5,28.9,0.4807,1
NWolfCreek(orange)_SHB_12.11.2025_LS,SHB,1578,8391,139.85,355.9,240.5,31.1,27.8,0.5161,1
NWolfCreek(orange)_SHB_12.11.2025_LS,SHB,1578,8392,139.87,350.1,239.3,31.6,26.7,0.5281,1
NWolfCreek(orange)_SHB_12.11.2025_LS,SHB,1578,8393,139.88,345.1,239.7,32.6,26.5,0.6426,1
NWolfCreek(orange)_SHB_12.11.2025_LS,SHB,1578,8394,139.9,339.4,239.7,33.5,28.0,0.596,1
NWolfCreek(orange)_SHB_12.11.2025_LS,SHB,1578,8395,139.92,335.6,240.8,31.1,27.3,0.6026,1
NWolfCreek(orange)_SHB_12.11.2025_LS,SHB,1578,8396,139.93,331.3,240.1,30.3,27.2,0.6612,1
NWolfCreek(orange)_SHB_12.11.2025_LS,SHB,1578,8397,139.95,325.0,239.5,32.9,29.2,0.4751,1
NWolfCreek(orange)_SHB_12.11.2025_LS,SHB,1578,8398,139.97,322.3,240.4,31.5,29.9,0.614,1
NWolfCreek(orange)_SHB_12.11.2025_LS,SHB,1578,8399,139.98,317.6,238.9,31.7,29.3,0.6464,1
NWolfCreek(orange)_SHB_12.11.2025_LS,SHB,1578,8400,140.0,312.7,239.8,30.1,28.8,0.6187,1
NWolfCreek(orange)_SHB_12.11.2025_LS,SHB,1578,8401,140.02,308.8,239.7,30.2,27.7,0.6804,1
NWolfCreek(orange)_SHB_12.11.2025_LS,SHB,1578,8402,140.03,304.4,239.5,27.9,25.8,0.6573,1
NWolfCreek(orange)_SHB_12.11.2025_LS,SHB,1578,8403,140.05,301.9,239.7,26.3,25.2,0.6903,1
NWolfCreek(orange)_SHB_12.11.2025_LS,SHB,1578,8404,140.07,297.3,239.4,27.2,24.9,0.7236,1
NWolfCreek(orange)_SHB_12.11.2025_LS,SHB,1578,8405,140.08,291.9,239.6,27.6,25.8,0.6732,1
NWolfCreek(orange)_SHB_12.11.2025_LS,SHB,1578,8406,140.1,287.4,238.9,27.9,25.7,0.713,1
NWolfCreek(orange)_SHB_12.11.2025_LS,SHB,1578,8407,140.12,282.3,238.2,30.2,26.5,0.6937,1
NWolfCreek(orange)_SHB_12.11.2025_LS,SHB,1578,8408,140.13,277.6,238.2,31.0,26.7,0.7023,1
NWolfCreek(orange)_SHB_12.11.2025_LS,SHB,1578,8409,140.15,273.3,237.3,32.9,27.8,0.6162,1
NWolfCreek(orange)_SHB_12.11.2025_LS,SHB,1578,8410,140.17,269.2,236.6,33.8,27.6,0.5924,1
NWolfCreek(orange)_SHB_12.11.2025_LS,SHB,1578,8411,140.18,265.4,235.6,34.8,27.9,0.6738,1
NWolfCreek(orange)_SHB_12.11.2025_LS,SHB,1578,8412,140.2,259.5,235.8,36.2,28.4,0.6933,1
NWolfCreek(orange)_SHB_12.11.2025_LS,SHB,1578,8413,140.22,257.4,234.9,34.0,27.5,0.5433,1
NWolfCreek(orange)_SHB_12.11.2025_LS,SHB,1578,8414,140.23,255.0,233.7,32.2,26.7,0.6009,1
NWolfCreek(orange)_SHB_12.11.2025_LS,SHB,1578,8415,140.25,252.3,234.1,31.5,27.1,0.6895,1
NWolfCreek(orange)_SHB_12.11.2025_LS,SHB,1578,8416,140.27,249.1,233.4,31.6,27.3,0.6381,1
NWolfCreek(orange)_SHB_12.11.2025_LS,SHB,1578,8417,140.28,244.9,233.9,31.4,26.9,0.5972,1
NWolfCreek(orange)_SHB_12.11.2025_LS,SHB,1578,8418,140.3,240.9,233.3,30.4,26.1,0.703,1
NWolfCreek(orange)_SHB_12.11.2025_LS,SHB,1578,8419,140.32,237.1,233.3,29.4,26.0,0.6351,1
NWolfCreek(orange)_SHB_12.11.2025_LS,SHB,1578,8420,140.33,234.3,232.4,29.0,26.2,0.6997,1
NWolfCreek(orange)_SHB_12.11.2025_LS,SHB,1578,8421,140.35,230.5,232.7,30.1,27.3,0.6406,1
NWolfCreek(orange)_SHB_12.11.2025_LS,SHB,1578,8422,140.37,228.1,233.1,31.0,27.9,0.6953,1
NWolfCreek(orange)_SHB_12.11.2025_LS,SHB,1578,8423,140.38,223.0,232.2,31.5,29.6,0.6577,1
NWolfCreek(orange)_SHB_12.11.2025_LS,SHB,1578,8424,140.4,219.0,232.6,31.1,28.9,0.6327,1
NWolfCreek(orange)_SHB_12.11.2025_LS,SHB,1578,8425,140.42,215.0,231.3,31.0,28.4,0.6602,1
NWolfCreek(orange)_SHB_12.11.2025_LS,SHB,1578,8426,140.43,210.8,231.7,30.3,27.7,0.5433,1
NWolfCreek(orange)_SHB_12.11.2025_LS,SHB,1578,8427,140.45,207.5,231.3,29.7,28.0,0.6728,1
NWolfCreek(orange)_SHB_12.11.2025_LS,SHB,1578,8428,140.47,203.0,231.4,30.6,28.7,0.6145,1
NWolfCreek(orange)_SHB_12.11.2025_LS,SHB,1578,8429,140.48,197.4,233.9,33.6,32.5,0.6036,1
NWolfCreek(orange)_SHB_12.11.2025_LS,SHB,1578,8430,140.5,194.8,233.3,33.1,32.3,0.7108,1
NWolfCreek(orange)_SHB_12.11.2025_LS,SHB,1578,8431,140.52,190.2,234.8,32.3,32.0,0.6972,1
NWolfCreek(orange)_SHB_12.11.2025_LS,SHB,1578,8432,140.53,187.0,234.1,34.9,31.9,0.6516,1
NWolfCreek(orange)_SHB_12.11.2025_LS,SHB,1578,8433,140.55,183.0,233.3,33.5,30.3,0.6947,1
NWolfCreek(orange)_SHB_12.11.2025_LS,SHB,1578,8434,140.57,179.0,234.1,32.5,30.1,0.6887,1
NWolfCreek(orange)_SHB_12.11.2025_LS,SHB,1578,8435,140.58,174.0,234.4,32.2,29.7,0.7748,1
NWolfCreek(orange)_SHB_12.11.2025_LS,SHB,1578,8436,140.6,170.2,233.2,31.0,29.0,0.6097,1
NWolfCreek(orange)_SHB_12.11.2025_LS,SHB,1578,8437,140.62,166.6,233.3,30.3,28.7,0.6611,1
NWolfCreek(orange)_SHB_12.11.2025_LS,SHB,1578,8438,140.63,161.9,233.5,28.9,27.7,0.7136,1
NWolfCreek(orange)_SHB_12.11.2025_LS,SHB,1578,8439,140.65,158.0,233.6,30.7,29.0,0.5921,1
NWolfCreek(orange)_SHB_12.11.2025_LS,SHB,1578,8440,140.67,154.3,233.1,30.4,28.1,0.679,1
NWolfCreek(orange)_SHB_12.11.2025_LS,SHB,1578,8441,140.68,149.9,233.2,29.6,28.0,0.6243,1
NWolfCreek(orange)_SHB_12.11.2025_LS,SHB,1578,8442,140.7,146.4,233.7,30.0,28.4,0.7393,1
NWolfCreek(orange)_SHB_12.11.2025_LS,SHB,1578,8443,140.72,142.1,233.2,29.6,27.4,0.6334,1
NWolfCreek(orange)_SHB_12.11.2025_LS,SHB,1578,8444,140.73,138.2,233.9,30.2,27.7,0.6855,1
NWolfCreek(orange)_SHB_12.11.2025_LS,SHB,1578,8445,140.75,133.5,233.9,31.5,28.6,0.6495,1
NWolfCreek(orange)_SHB_12.11.2025_LS,SHB,1578,8446,140.77,128.5,234.6,32.3,30.9,0.5575,1
NWolfCreek(orange)_SHB_12.11.2025_LS,SHB,1578,8447,140.78,126.7,234.0,32.3,31.3,0.6532,1
NWolfCreek(orange)_SHB_12.11.2025_LS,SHB,1578,8448,140.8,122.7,233.9,32.0,31.0,0.5944,1
NWolfCreek(orange)_SHB_12.11.2025_LS,SHB,1578,8449,140.82,118.7,234.7,31.4,31.0,0.7635,1
NWolfCreek(orange)_SHB_12.11.2025_LS,SHB,1578,8450,140.83,114.9,234.6,30.2,29.9,0.7808,1
NWolfCreek(orange)_SHB_12.11.2025_LS,SHB,1578,8451,140.85,110.7,234.2,29.1,29.7,0.7623,1
NWolfCreek(orange)_SHB_12.11.2025_LS,SHB,1578,8452,140.87,106.6,235.0,28.6,30.0,0.7193,1
NWolfCreek(orange)_SHB_12.11.2025_LS,SHB,1578,8453,140.88,102.8,235.5,28.8,29.7,0.7875,1
NWolfCreek(orange)_SHB_12.11.2025_LS,SHB,1578,8454,140.9,99.2,236.0,30.7,29.2,0.7359,1
NWolfCreek(orange)_SHB_12.11.2025_LS,SHB,1578,8455,140.92,95.2,235.9,31.2,29.3,0.7292,1
NWolfCreek(orange)_SHB_12.11.2025_LS,SHB,1578,8456,140.93,91.5,235.9,32.1,29.6,0.6025,1
NWolfCreek(orange)_SHB_12.11.2025_LS,SHB,1578,8457,140.95,88.1,235.5,31.8,28.9,0.6952,1
NWolfCreek(orange)_SHB_12.11.2025_LS,SHB,1578,8458,140.97,83.5,235.5,31.3,29.5,0.7148,1
NWolfCreek(orange)_SHB_12.11.2025_LS,SHB,1578,8459,140.98,80.5,235.4,31.4,30.4,0.7397,1
NWolfCreek(orange)_SHB_12.11.2025_LS,SHB,1578,8460,141.0,76.7,234.4,29.8,30.3,0.6976,1
NWolfCreek(orange)_SHB_12.11.2025_LS,SHB,1578,8461,141.02,73.6,233.5,30.1,30.2,0.6579,1
NWolfCreek(orange)_SHB_12.11.2025_LS,SHB,1578,8462,141.03,70.0,233.6,30.1,30.7,0.4926,1
NWolfCreek(orange)_SHB_12.11.2025_LS,SHB,1578,8463,141.05,65.8,234.0,28.9,30.5,0.7126,1
NWolfCreek(orange)_SHB_12.11.2025_LS,SHB,1578,8464,141.07,61.5,233.8,30.6,31.8,0.6348,1
NWolfCreek(orange)_SHB_12.11.2025_LS,SHB,1578,8465,141.08,56.8,234.6,31.6,33.5,0.6088,1
NWolfCreek(orange)_SHB_12.11.2025_LS,SHB,1578,8466,141.1,53.0,234.4,32.4,34.6,0.6983,1
NWolfCreek(orange)_SHB_12.11.2025_LS,SHB,1578,8467,141.12,49.1,234.6,32.8,35.0,0.7639,1
NWolfCreek(orange)_SHB_12.11.2025_LS,SHB,1578,8468,141.13,45.8,235.2,33.5,35.2,0.8098,1
NWolfCreek(orange)_SHB_12.11.2025_LS,SHB,1578,8469,141.15,42.4,234.6,33.9,34.6,0.7646,1
NWolfCreek(orange)_SHB_12.11.2025_LS,SHB,1578,8470,141.17,38.1,234.8,33.8,33.3,0.7251,1
NWolfCreek(orange)_SHB_12.11.2025_LS,SHB,1578,8471,141.18,34.9,234.4,33.5,33.3,0.5031,1
NWolfCreek(orange)_SHB_12.11.2025_LS,SHB,1578,8472,141.2,30.7,234.3,30.8,33.1,0.6711,1
NWolfCreek(orange)_SHB_12.11.2025_LS,SHB,1578,8473,141.22,27.2,235.1,28.7,32.8,0.707,1
NWolfCreek(orange)_SHB_12.11.2025_LS,SHB,1578,8474,141.23,23.6,235.8,29.5,33.2,0.6312,1
NWolfCreek(orange)_SHB_12.11.2025_LS,SHB,1578,8475,141.25,19.2,237.9,32.1,33.2,0.6219,1
NWolfCreek(orange)_SHB_12.11.2025_LS,SHB,1578,8476,141.27,16.3,238.5,31.2,33.6,0.3631,1
NWolfCreek(orange)_SHB_12.11.2025_LS,SHB,1578,8477,141.28,14.8,238.5,29.5,33.9,0.4332,1
NWolfCreek(orange)_SHB_12.11.2025_LS,SHB,1578,8478,141.3,12.5,237.4,25.0,33.1,0.4806,1
NWolfCreek(orange)_SHB_12.11.2025_LS,SHB,1578,8479,141.32,11.9,236.6,23.7,34.5,0.4591,1
NWolfCreek(orange)_SHB_12.11.2025_LS,SHB,1578,8480,141.33,10.4,237.5,20.8,34.3,0.5413,1
NWolfCreek(orange)_SHB_12.11.2025_LS,SHB,1578,8481,141.35,8.5,237.5,17.0,33.9,0.5091,1
NWolfCreek(orange)_SHB_12.11.2025_LS,SHB,1582,8423,140.38,17.9,236.2,20.9,19.9,0.6735,0
NWolfCreek(orange)_SHB_12.11.2025_LS,SHB,1582,8424,140.4,14.5,238.3,21.6,20.2,0.6565,0
NWolfCreek(orange)_SHB_12.11.2025_LS,SHB,1582,8425,140.42,11.2,236.7,21.1,18.2,0.4854,0
NWolfCreek(orange)_SHB_12.11.2025_LS,SHB,1582,8426,140.43,8.9,236.7,17.9,18.6,0.2974,0
NWolfCreek(orange)_SHB_12.11.2025_LS,SHB,1582,8427,140.45,7.4,237.0,14.9,18.3,0.4331,0
NWolfCreek(orange)_SHB_12.11.2025_LS,SHB,1582,8428,140.47,4.8,238.0,9.6,19.2,0.372,0
SBassett_SHW_01.18.2026_LS,SHW,1593,302,5.03,146.1,92.6,38.9,25.7,0.6085,0
SBassett_SHW_01.18.2026_LS,SHW,1593,303,5.05,136.1,94.6,35.6,25.1,0.4969,0
SBassett_SHW_01.18.2026_LS,SHW,1593,304,5.07,127.5,96.7,35.2,25.7,0.5039,0
SBassett_SHW_01.18.2026_LS,SHW,1593,305,5.08,114.7,99.5,32.9,25.1,0.1583,0
SBassett_SHW_01.18.2026_LS,SHW,1593,306,5.1,100.4,103.3,32.8,25.0,0.2499,0
SBassett_SHW_01.18.2026_LS,SHW,1593,307,5.12,89.4,106.2,31.6,24.8,0.2145,0
SBassett_SHW_01.18.2026_LS,SHW,1593,308,5.13,78.5,109.0,31.0,24.7,0.2541,0
SBassett_SHW_01.18.2026_LS,SHW,1593,309,5.15,66.7,110.6,32.8,25.3,0.4429,0
SBassett_SHW_01.18.2026_LS,SHW,1593,310,5.17,50.1,113.5,36.2,27.4,0.1944,0
SBassett_SHW_01.18.2026_LS,SHW,1593,311,5.18,39.2,116.7,33.2,27.3,0.1718,0
SBassett_SHW_01.18.2026_LS,SHW,1593,312,5.2,28.5,120.1,35.0,27.5,0.2404,0
SBassett_SHW_01.18.2026_LS,SHW,1593,313,5.22,16.6,121.8,33.1,26.5,0.4283,0
SBassett_SHW_01.18.2026_LS,SHW,1649,8128,135.48,404.0,6.9,39.4,13.8,0.5117,1
SBassett_SHW_01.18.2026_LS,SHW,1649,8129,135.49,400.4,8.0,38.4,15.8,0.4444,1
SBassett_SHW_01.18.2026_LS,SHW,1649,8130,135.51,394.4,8.1,40.0,16.3,0.5553,1
SBassett_SHW_01.18.2026_LS,SHW,1649,8131,135.53,390.1,9.2,39.2,18.0,0.6903,1
SBassett_SHW_01.18.2026_LS,SHW,1649,8132,135.54,387.9,11.4,39.3,22.5,0.6199,1
SBassett_SHW_01.18.2026_LS,SHW,1649,8133,135.56,382.6,11.8,41.1,23.6,0.6305,1
SBassett_SHW_01.18.2026_LS,SHW,1649,8134,135.58,377.3,11.4,42.3,22.8,0.6515,1
SBassett_SHW_01.18.2026_LS,SHW,1649,8135,135.59,372.5,11.5,39.9,22.9,0.6509,1
SBassett_SHW_01.18.2026_LS,SHW,1649,8136,135.61,369.7,14.0,39.9,24.7,0.7286,1
SBassett_SHW_01.18.2026_LS,SHW,1649,8137,135.63,365.8,13.6,38.3,26.1,0.6453,1
SBassett_SHW_01.18.2026_LS,SHW,1649,8138,135.64,359.6,12.6,38.8,25.2,0.6395,1
SBassett_SHW_01.18.2026_LS,SHW,1649,8139,135.66,354.3,12.7,36.4,24.5,0.6765,1
SBassett_SHW_01.18.2026_LS,SHW,1649,8140,135.68,351.1,13.5,37.3,24.4,0.6906,1
SBassett_SHW_01.18.2026_LS,SHW,1649,8141,135.69,347.2,13.7,37.3,24.5,0.6705,1
SBassett_SHW_01.18.2026_LS,SHW,1649,8142,135.71,342.5,13.6,39.1,24.6,0.677,1
SBassett_SHW_01.18.2026_LS,SHW,1649,8143,135.73,337.1,13.7,37.9,24.7,0.7129,1
SBassett_SHW_01.18.2026_LS,SHW,1649,8144,135.74,332.5,13.5,38.0,24.6,0.6945,1
SBassett_SHW_01.18.2026_LS,SHW,1649,8145,135.76,328.7,13.5,38.0,24.4,0.7111,1
SBassett_SHW_01.18.2026_LS,SHW,1649,8146,135.78,324.7,13.9,38.2,24.7,0.6903,1
SBassett_SHW_01.18.2026_LS,SHW,1649,8147,135.79,320.2,13.7,37.4,25.3,0.6675,1
SBassett_SHW_01.18.2026_LS,SHW,1649,8148,135.81,315.8,13.5,36.8,25.0,0.6898,1
SBassett_SHW_01.18.2026_LS,SHW,1649,8149,135.83,311.8,14.3,37.4,24.6,0.7261,1
SBassett_SHW_01.18.2026_LS,SHW,1649,8150,135.84,307.4,15.5,36.9,25.2,0.7034,1
SBassett_SHW_01.18.2026_LS,SHW,1649,8151,135.86,303.4,14.8,36.7,24.6,0.6557,1
SBassett_SHW_01.18.2026_LS,SHW,1649,8152,135.88,298.5,15.1,35.1,24.3,0.6942,1
SBassett_SHW_01.18.2026_LS,SHW,1649,8153,135.89,293.4,16.3,37.1,25.2,0.7103,1
SBassett_SHW_01.18.2026_LS,SHW,1649,8154,135.91,289.6,17.5,36.9,25.1,0.7156,1
SBassett_SHW_01.18.2026_LS,SHW,1649,8155,135.93,285.9,18.9,37.5,25.0,0.7083,1
SBassett_SHW_01.18.2026_LS,SHW,1649,8156,135.94,281.8,21.4,38.5,24.2,0.706,1
SBassett_SHW_01.18.2026_LS,SHW,1649,8157,135.96,276.8,22.3,39.1,25.1,0.6917,1
SBassett_SHW_01.18.2026_LS,SHW,1649,8158,135.98,271.7,23.8,39.5,25.0,0.706,1
SBassett_SHW_01.18.2026_LS,SHW,1649,8159,135.99,267.5,25.1,38.7,24.7,0.7291,1
SBassett_SHW_01.18.2026_LS,SHW,1649,8160,136.01,263.5,27.1,39.1,24.8,0.7088,1
SBassett_SHW_01.18.2026_LS,SHW,1649,8161,136.03,258.8,28.6,38.6,24.3,0.6782,1
SBassett_SHW_01.18.2026_LS,SHW,1649,8162,136.04,253.4,29.3,37.9,23.0,0.6994,1
SBassett_SHW_01.18.2026_LS,SHW,1649,8163,136.06,248.3,30.6,38.4,22.7,0.7254,1
SBassett_SHW_01.18.2026_LS,SHW,1649,8164,136.08,244.6,33.8,39.9,23.9,0.7504,1
SBassett_SHW_01.18.2026_LS,SHW,1649,8165,136.09,240.0,34.7,40.0,24.5,0.7251,1
SBassett_SHW_01.18.2026_LS,SHW,1649,8166,136.11,235.2,34.9,40.6,24.0,0.7206,1
SBassett_SHW_01.18.2026_LS,SHW,1649,8167,136.13,230.1,36.7,40.9,23.9,0.7066,1
SBassett_SHW_01.18.2026_LS,SHW,1649,8168,136.14,225.4,38.4,41.9,24.6,0.7237,1
SBassett_SHW_01.18.2026_LS,SHW,1649,8169,136.16,220.3,39.0,41.7,24.7,0.6894,1
SBassett_SHW_01.18.2026_LS,SHW,1649,8170,136.18,214.8,40.3,42.4,24.5,0.6991,1
SBassett_SHW_01.18.2026_LS,SHW,1649,8171,136.19,210.7,42.1,41.2,24.3,0.7504,1
SBassett_SHW_01.18.2026_LS,SHW,1649,8172,136.21,206.2,43.2,42.2,24.7,0.711,1
SBassett_SHW_01.18.2026_LS,SHW,1649,8173,136.23,200.0,44.4,41.4,24.7,0.7188,1
SBassett_SHW_01.18.2026_LS,SHW,1649,8174,136.24,194.9,44.6,40.5,25.3,0.6998,1
SBassett_SHW_01.18.2026_LS,SHW,1649,8175,136.26,190.6,46.2,40.8,24.8,0.7491,1
SBassett_SHW_01.18.2026_LS,SHW,1649,8176,136.28,185.0,47.6,39.9,24.6,0.7226,1
SBassett_SHW_01.18.2026_LS,SHW,1649,8177,136.29,179.8,47.5,39.3,25.3,0.7206,1
SBassett_SHW_01.18.2026_LS,SHW,1649,8178,136.31,174.6,48.2,39.7,24.9,0.7272,1
SBassett_SHW_01.18.2026_LS,SHW,1649,8179,136.33,170.0,49.1,39.2,24.5,0.7308,1
SBassett_SHW_01.18.2026_LS,SHW,1649,8180,136.34,165.1,49.1,38.1,24.3,0.712,1
SBassett_SHW_01.18.2026_LS,SHW,1649,8181,136.36,159.8,49.3,37.9,23.4,0.6988,1
SBassett_SHW_01.18.2026_LS,SHW,1649,8182,136.38,153.5,50.5,36.1,23.9,0.7281,1
SBassett_SHW_01.18.2026_LS,SHW,1649,8183,136.39,148.1,49.6,35.2,23.7,0.6665,1
SBassett_SHW_01.18.2026_LS,SHW,1649,8184,136.41,141.8,50.0,35.5,23.2,0.7489,1
SBassett_SHW_01.18.2026_LS,SHW,1649,8185,136.43,136.7,51.4,34.8,23.2,0.6871,1
SBassett_SHW_01.18.2026_LS,SHW,1649,8186,136.44,131.4,51.0,34.5,23.8,0.6617,1
SBassett_SHW_01.18.2026_LS,SHW,1649,8187,136.46,124.7,51.1,34.8,23.5,0.6942,1
SBassett_SHW_01.18.2026_LS,SHW,1649,8188,136.48,118.9,50.9,34.5,23.3,0.7151,1
SBassett_SHW_01.18.2026_LS,SHW,1649,8189,136.49,113.9,52.0,34.5,23.3,0.71,1
SBassett_SHW_01.18.2026_LS,SHW,1649,8190,136.51,107.7,52.6,35.6,24.2,0.7049,1
SBassett_SHW_01.18.2026_LS,SHW,1649,8191,136.53,101.7,52.6,36.0,24.4,0.7369,1
SBassett_SHW_01.18.2026_LS,SHW,1649,8192,136.54,97.2,53.7,37.5,25.4,0.7291,1
SBassett_SHW_01.18.2026_LS,SHW,1649,8193,136.56,92.4,56.9,37.3,25.5,0.7038,1
SBassett_SHW_01.18.2026_LS,SHW,1649,8194,136.58,85.8,57.8,37.0,26.4,0.6593,1
SBassett_SHW_01.18.2026_LS,SHW,1649,8195,136.59,79.3,57.1,35.9,25.8,0.6561,1
SBassett_SHW_01.18.2026_LS,SHW,1649,8196,136.61,73.3,57.5,36.4,25.4,0.7373,1
SBassett_SHW_01.18.2026_LS,SHW,1649,8197,136.63,68.6,59.5,36.1,25.5,0.6956,1
SBassett_SHW_01.18.2026_LS,SHW,1649,8198,136.64,63.2,60.2,36.1,26.8,0.6426,1
SBassett_SHW_01.18.2026_LS,SHW,1649,8199,136.66,56.7,60.2,35.1,26.0,0.6874,1
SBassett_SHW_01.18.2026_LS,SHW,1649,8200,136.68,50.6,60.9,34.2,25.5,0.6817,1
SBassett_SHW_01.18.2026_LS,SHW,1649,8201,136.69,45.2,61.9,34.6,25.5,0.7455,1
SBassett_SHW_01.18.2026_LS,SHW,1649,8202,136.71,40.4,62.9,34.1,25.9,0.6742,1
SBassett_SHW_01.18.2026_LS,SHW,1649,8203,136.73,34.9,62.8,31.5,25.8,0.662,1
SBassett_SHW_01.18.2026_LS,SHW,1649,8204,136.74,28.1,63.3,29.6,26.0,0.6424,1
SBassett_SHW_01.18.2026_LS,SHW,1649,8205,136.76,21.6,63.6,28.6,26.1,0.6975,1
SBassett_SHW_01.18.2026_LS,SHW,1649,8206,136.78,16.0,63.9,28.2,25.9,0.6329,1
SBassett_SHW_01.18.2026_LS,SHW,1649,8207,136.79,11.6,65.6,23.3,27.0,0.418,1
SBassett_SHW_01.18.2026_LS,SHW,1649,8208,136.81,8.7,67.0,17.5,25.3,0.3339,1
SBassett_SHW_01.18.2026_LS,SHW,1654,8159,135.99,383.2,10.4,22.6,20.4,0.4971,1
SBassett_SHW_01.18.2026_LS,SHW,1654,8160,136.01,378.7,12.2,21.8,21.5,0.6501,1
SBassett_SHW_01.18.2026_LS,SHW,1654,8161,136.03,374.2,14.0,21.8,22.2,0.616,1
SBassett_SHW_01.18.2026_LS,SHW,1654,8162,136.04,367.6,14.3,20.9,21.5,0.5997,1
SBassett_SHW_01.18.2026_LS,SHW,1654,8163,136.06,362.5,15.8,20.4,21.2,0.6133,1
SBassett_SHW_01.18.2026_LS,SHW,1654,8164,136.08,359.5,19.6,21.3,21.6,0.6296,1
SBassett_SHW_01.18.2026_LS,SHW,1654,8165,136.09,355.1,20.1,21.4,21.0,0.634,1
SBassett_SHW_01.18.2026_LS,SHW,1654,8166,136.11,349.4,20.9,20.6,20.6,0.6537,1
SBassett_SHW_01.18.2026_LS,SHW,1654,8167,136.13,344.1,23.6,20.7,20.1,0.6392,1
SBassett_SHW_01.18.2026_LS,SHW,1654,8168,136.14,339.6,25.2,22.0,21.1,0.6162,1
SBassett_SHW_01.18.2026_LS,SHW,1654,8169,136.16,334.3,25.7,22.5,21.6,0.7193,1
SBassett_SHW_01.18.2026_LS,SHW,1654,8170,136.18,329.3,27.5,22.6,21.5,0.6532,1
SBassett_SHW_01.18.2026_LS,SHW,1654,8171,136.19,325.1,29.0,22.6,21.8,0.7042,1
SBassett_SHW_01.18.2026_LS,SHW,1654,8172,136.21,320.0,30.5,22.9,21.9,0.6876,1
SBassett_SHW_01.18.2026_LS,SHW,1654,8173,136.23,314.3,31.3,22.7,22.1,0.6491,1
SBassett_SHW_01.18.2026_LS,SHW,1654,8174,136.24,308.9,31.2,22.8,22.2,0.6782,1
SBassett_SHW_01.18.2026_LS,SHW,1654,8175,136.26,303.8,33.4,23.6,22.7,0.7023,1
SBassett_SHW_01.18.2026_LS,SHW,1654,8176,136.28,298.8,34.4,23.3,22.6,0.6696,1
SBassett_SHW_01.18.2026_LS,SHW,1654,8177,136.29,293.3,34.3,23.0,22.4,0.6658,1
SBassett_SHW_01.18.2026_LS,SHW,1654,8178,136.31,287.9,35.4,22.6,22.0,0.6507,1
SBassett_SHW_01.18.2026_LS,SHW,1654,8179,136.33,282.5,36.8,22.7,21.8,0.7298,1
SBassett_SHW_01.18.2026_LS,SHW,1654,8180,136.34,277.0,36.8,22.2,21.1,0.7018,1
SBassett_SHW_01.18.2026_LS,SHW,1654,8181,136.36,271.1,37.0,22.0,20.9,0.7841,1
SBassett_SHW_01.18.2026_LS,SHW,1654,8182,136.38,264.8,37.9,21.7,21.4,0.7252,1
SBassett_SHW_01.18.2026_LS,SHW,1654,8183,136.39,259.0,37.1,22.0,21.3,0.741,1
SBassett_SHW_01.18.2026_LS,SHW,1654,8184,136.41,253.8,38.0,21.8,21.8,0.7296,1
SBassett_SHW_01.18.2026_LS,SHW,1654,8185,136.43,249.6,39.3,22.0,21.7,0.6863,1
SBassett_SHW_01.18.2026_LS,SHW,1654,8186,136.44,242.9,38.7,23.0,22.2,0.6865,1
SBassett_SHW_01.18.2026_LS,SHW,1654,8187,136.46,236.5,40.1,22.5,21.3,0.6915,1
SBassett_SHW_01.18.2026_LS,SHW,1654,8188,136.48,231.3,40.8,21.8,20.8,0.7527,1
SBassett_SHW_01.18.2026_LS,SHW,1654,8189,136.49,226.9,41.9,22.3,21.1,0.7197,1
SBassett_SHW_01.18.2026_LS,SHW,1654,8190,136.51,220.6,42.6,22.3,20.8,0.71,1
SBassett_SHW_01.18.2026_LS,SHW,1654,8191,136.53,214.0,42.4,22.6,21.1,0.7388,1
SBassett_SHW_01.18.2026_LS,SHW,1654,8192,136.54,208.7,43.7,22.6,21.2,0.6983,1
SBassett_SHW_01.18.2026_LS,SHW,1654,8193,136.56,204.8,46.7,23.2,22.4,0.7059,1
SBassett_SHW_01.18.2026_LS,SHW,1654,8194,136.58,197.8,46.1,23.3,22.4,0.7409,1
SBassett_SHW_01.18.2026_LS,SHW,1654,8195,136.59,190.8,45.4,22.8,21.9,0.7357,1
SBassett_SHW_01.18.2026_LS,SHW,1654,8196,136.61,185.0,46.9,22.9,22.4,0.6835,1
SBassett_SHW_01.18.2026_LS,SHW,1654,8197,136.63,180.8,48.9,22.9,22.2,0.7429,1
SBassett_SHW_01.18.2026_LS,SHW,1654,8198,136.64,174.3,48.5,23.3,22.4,0.7386,1
SBassett_SHW_01.18.2026_LS,SHW,1654,8199,136.66,167.7,49.5,22.6,22.0,0.7534,1
SBassett_SHW_01.18.2026_LS,SHW,1654,8200,136.68,162.1,50.1,22.5,21.9,0.7415,1
SBassett_SHW_01.18.2026_LS,SHW,1654,8201,136.69,156.5,51.3,23.0,22.2,0.7063,1
SBassett_SHW_01.18.2026_LS,SHW,1654,8202,136.71,150.4,51.7,23.4,22.4,0.7403,1
SBassett_SHW_01.18.2026_LS,SHW,1654,8203,136.73,144.1,51.9,23.4,22.5,0.7072,1
SBassett_SHW_01.18.2026_LS,SHW,1654,8204,136.74,137.8,53.0,23.3,22.8,0.7112,1
SBassett_SHW_01.18.2026_LS,SHW,1654,8205,136.76,131.7,53.7,22.7,22.6,0.7246,1
SBassett_SHW_01.18.2026_LS,SHW,1654,8206,136.78,126.2,54.8,22.2,22.0,0.6958,1
SBassett_SHW_01.18.2026_LS,SHW,1654,8207,136.79,120.7,57.2,22.1,22.2,0.6774,1
SBassett_SHW_01.18.2026_LS,SHW,1654,8208,136.81,114.5,58.3,21.7,21.7,0.705,1
SBassett_SHW_01.18.2026_LS,SHW,1654,8209,136.83,108.5,59.4,22.3,21.5,0.6948,1
SBassett_SHW_01.18.2026_LS,SHW,1654,8210,136.84,103.4,61.9,22.0,22.3,0.7175,1
SBassett_SHW_01.18.2026_LS,SHW,1654,8211,136.86,98.2,63.4,22.6,22.6,0.6981,1
SBassett_SHW_01.18.2026_LS,SHW,1654,8212,136.88,91.5,64.0,22.4,22.5,0.7271,1
SBassett_SHW_01.18.2026_LS,SHW,1654,8213,136.89,85.6,66.7,22.5,21.9,0.7004,1
SBassett_SHW_01.18.2026_LS,SHW,1654,8214,136.91,80.6,68.9,22.9,22.8,0.6969,1
SBassett_SHW_01.18.2026_LS,SHW,1654,8215,136.93,74.8,70.8,22.8,22.5,0.6775,1
SBassett_SHW_01.18.2026_LS,SHW,1654,8216,136.94,68.4,72.6,23.3,23.0,0.7227,1
SBassett_SHW_01.18.2026_LS,SHW,1654,8217,136.96,62.7,74.3,22.9,22.9,0.7053,1
SBassett_SHW_01.18.2026_LS,SHW,1654,8218,136.98,57.3,76.3,22.9,23.1,0.6547,1
SBassett_SHW_01.18.2026_LS,SHW,1654,8219,136.99,51.1,78.0,22.1,22.7,0.6329,1
SBassett_SHW_01.18.2026_LS,SHW,1654,8220,137.01,44.4,78.9,21.9,22.1,0.5624,1
SBassett_SHW_01.18.2026_LS,SHW,1654,8221,137.03,39.7,81.8,21.3,22.4,0.6006,1
SBassett_SHW_01.18.2026_LS,SHW,1654,8222,137.04,35.2,84.8,21.0,22.6,0.3634,1
SBassett_SHW_01.18.2026_LS,SHW,1654,8223,137.06,28.9,86.0,21.0,22.3,0.4922,1
SBassett_SHW_01.18.2026_LS,SHW,1654,8224,137.08,22.4,87.3,21.3,23.8,0.6785,1
SBassett_SHW_01.18.2026_LS,SHW,1654,8225,137.09,17.7,90.9,22.0,24.0,0.3688,1
SBassett_SHW_01.18.2026_LS,SHW,1654,8226,137.11,12.3,94.0,22.0,23.4,0.4762,1
SBassett_SHW_01.18.2026_LS,SHW,1654,8227,137.13,8.5,94.6,17.0,24.7,0.337,1
SBassett_SHW_01.18.2026_LS,SHW,1654,8228,137.14,6.5,96.2,13.0,26.7,0.1113,1
SBassett_SHW_01.18.2026_LS,SHW,1659,8163,136.06,403.6,10.0,22.6,19.8,0.5471,1
SBassett_SHW_01.18.2026_LS,SHW,1659,8164,136.08,400.4,12.8,23.5,22.6,0.6568,1
SBassett_SHW_01.18.2026_LS,SHW,1659,8165,136.09,395.5,14.3,24.2,23.5,0.6893,1
SBassett_SHW_01.18.2026_LS,SHW,1659,8166,136.11,389.9,14.8,23.0,23.2,0.6712,1
SBassett_SHW_01.18.2026_LS,SHW,1659,8167,136.13,384.2,16.1,22.8,23.6,0.6858,1
SBassett_SHW_01.18.2026_LS,SHW,1659,8168,136.14,379.3,17.6,22.6,23.4,0.6995,1
SBassett_SHW_01.18.2026_LS,SHW,1659,8169,136.16,373.8,18.3,22.7,23.2,0.7425,1
SBassett_SHW_01.18.2026_LS,SHW,1659,8170,136.18,368.5,19.7,22.8,23.1,0.6861,1
SBassett_SHW_01.18.2026_LS,SHW,1659,8171,136.19,364.3,21.8,23.1,23.1,0.6871,1
SBassett_SHW_01.18.2026_LS,SHW,1659,8172,136.21,358.9,23.3,23.2,23.5,0.6979,1
SBassett_SHW_01.18.2026_LS,SHW,1659,8173,136.23,353.1,24.7,23.5,22.8,0.7252,1
SBassett_SHW_01.18.2026_LS,SHW,1659,8174,136.24,347.1,24.4,23.5,23.1,0.7252,1
SBassett_SHW_01.18.2026_LS,SHW,1659,8175,136.26,342.4,25.9,23.8,23.3,0.7007,1
SBassett_SHW_01.18.2026_LS,SHW,1659,8176,136.28,337.2,27.4,24.4,22.8,0.7424,1
SBassett_SHW_01.18.2026_LS,SHW,1659,8177,136.29,331.5,27.5,25.0,23.4,0.7078,1
SBassett_SHW_01.18.2026_LS,SHW,1659,8178,136.31,325.7,28.6,25.1,23.8,0.7224,1
SBassett_SHW_01.18.2026_LS,SHW,1659,8179,136.33,320.8,30.1,25.4,23.2,0.7239,1
SBassett_SHW_01.18.2026_LS,SHW,1659,8180,136.34,315.5,30.0,25.2,23.0,0.7016,1
SBassett_SHW_01.18.2026_LS,SHW,1659,8181,136.36,309.4,30.5,24.6,23.2,0.7279,1
SBassett_SHW_01.18.2026_LS,SHW,1659,8182,136.38,303.8,31.3,24.8,23.2,0.7046,1
SBassett_SHW_01.18.2026_LS,SHW,1659,8183,136.39,297.4,30.6,25.0,24.0,0.7311,1
SBassett_SHW_01.18.2026_LS,SHW,1659,8184,136.41,291.6,30.7,23.4,23.5,0.6385,1
SBassett_SHW_01.18.2026_LS,SHW,1659,8185,136.43,287.0,32.4,23.9,23.7,0.6843,1
SBassett_SHW_01.18.2026_LS,SHW,1659,8186,136.44,281.3,33.0,24.9,23.8,0.7305,1
SBassett_SHW_01.18.2026_LS,SHW,1659,8187,136.46,274.4,33.7,24.9,23.8,0.7271,1
SBassett_SHW_01.18.2026_LS,SHW,1659,8188,136.48,268.8,34.0,24.5,23.7,0.727,1
SBassett_SHW_01.18.2026_LS,SHW,1659,8189,136.49,263.9,34.7,24.7,23.6,0.6741,1
SBassett_SHW_01.18.2026_LS,SHW,1659,8190,136.51,257.9,35.3,24.6,22.3,0.6815,1
SBassett_SHW_01.18.2026_LS,SHW,1659,8191,136.53,251.0,35.5,24.3,22.5,0.7135,1
SBassett_SHW_01.18.2026_LS,SHW,1659,8192,136.54,246.2,36.5,24.3,23.0,0.6818,1
SBassett_SHW_01.18.2026_LS,SHW,1659,8193,136.56,241.4,38.9,24.6,22.9,0.6885,1
SBassett_SHW_01.18.2026_LS,SHW,1659,8194,136.58,234.3,40.0,25.6,22.9,0.673,1
SBassett_SHW_01.18.2026_LS,SHW,1659,8195,136.59,227.8,40.0,24.2,22.9,0.7228,1
SBassett_SHW_01.18.2026_LS,SHW,1659,8196,136.61,222.0,40.5,24.0,23.2,0.7124,1
SBassett_SHW_01.18.2026_LS,SHW,1659,8197,136.63,216.6,42.1,24.1,22.9,0.6808,1
SBassett_SHW_01.18.2026_LS,SHW,1659,8198,136.64,210.3,42.2,24.7,23.0,0.7195,1
SBassett_SHW_01.18.2026_LS,SHW,1659,8199,136.66,203.5,42.7,24.0,22.5,0.7099,1
SBassett_SHW_01.18.2026_LS,SHW,1659,8200,136.68,197.6,42.8,23.3,21.8,0.7267,1
SBassett_SHW_01.18.2026_LS,SHW,1659,8201,136.69,192.3,44.1,24.3,22.8,0.6896,1
SBassett_SHW_01.18.2026_LS,SHW,1659,8202,136.71,186.1,45.6,24.3,22.7,0.7263,1
SBassett_SHW_01.18.2026_LS,SHW,1659,8203,136.73,179.6,45.8,24.7,23.1,0.7,1
SBassett_SHW_01.18.2026_LS,SHW,1659,8204,136.74,173.7,46.5,24.2,22.6,0.6685,1
SBassett_SHW_01.18.2026_LS,SHW,1659,8205,136.76,166.9,47.0,23.7,22.2,0.7045,1
SBassett_SHW_01.18.2026_LS,SHW,1659,8206,136.78,160.8,47.8,24.2,22.8,0.7168,1
SBassett_SHW_01.18.2026_LS,SHW,1659,8207,136.79,154.5,49.7,25.0,22.9,0.668,1
SBassett_SHW_01.18.2026_LS,SHW,1659,8208,136.81,147.6,51.0,24.5,22.6,0.6338,1
SBassett_SHW_01.18.2026_LS,SHW,1659,8209,136.83,141.7,52.2,24.2,22.9,0.6994,1
SBassett_SHW_01.18.2026_LS,SHW,1659,8210,136.84,136.6,54.4,24.1,23.0,0.7008,1
SBassett_SHW_01.18.2026_LS,SHW,1659,8211,136.86,130.6,55.8,24.0,22.6,0.673,1
SBassett_SHW_01.18.2026_LS,SHW,1659,8212,136.88,123.4,56.6,23.8,23.4,0.6952,1
SBassett_SHW_01.18.2026_LS,SHW,1659,8213,136.89,117.6,58.6,23.7,23.0,0.6916,1
SBassett_SHW_01.18.2026_LS,SHW,1659,8214,136.91,112.1,60.8,24.0,22.2,0.7108,1
SBassett_SHW_01.18.2026_LS,SHW,1659,8215,136.93,106.3,62.4,24.2,22.3,0.6633,1
SBassett_SHW_01.18.2026_LS,SHW,1659,8216,136.94,99.6,64.0,24.1,22.3,0.6624,1
SBassett_SHW_01.18.2026_LS,SHW,1659,8217,136.96,93.0,65.6,25.0,22.6,0.6758,1
SBassett_SHW_01.18.2026_LS,SHW,1659,8218,136.98,87.8,68.3,25.1,23.6,0.6345,1
SBassett_SHW_01.18.2026_LS,SHW,1659,8219,136.99,81.3,71.0,24.7,23.0,0.7106,1
SBassett_SHW_01.18.2026_LS,SHW,1659,8220,137.01,74.3,72.8,24.0,22.4,0.6873,1
SBassett_SHW_01.18.2026_LS,SHW,1659,8221,137.03,69.3,74.4,23.1,22.6,0.6932,1
SBassett_SHW_01.18.2026_LS,SHW,1659,8222,137.04,64.9,78.2,23.4,23.1,0.6243,1
SBassett_SHW_01.18.2026_LS,SHW,1659,8223,137.06,57.3,80.6,23.7,22.3,0.5854,1
SBassett_SHW_01.18.2026_LS,SHW,1659,8224,137.08,51.1,81.7,22.5,22.7,0.6701,1
SBassett_SHW_01.18.2026_LS,SHW,1659,8225,137.09,45.5,86.4,23.7,24.9,0.6506,1
SBassett_SHW_01.18.2026_LS,SHW,1659,8226,137.11,39.6,88.8,23.9,24.6,0.6743,1
SBassett_SHW_01.18.2026_LS,SHW,1659,8227,137.13,30.3,91.2,30.8,29.6,0.4857,1
SBassett_SHW_01.18.2026_LS,SHW,1659,8228,137.14,22.6,92.2,35.0,33.3,0.6246,1
SBassett_SHW_01.18.2026_LS,SHW,1659,8229,137.16,16.2,92.8,32.4,35.7,0.3224,1
SBassett_SHW_01.18.2026_LS,SHW,1659,8230,137.18,14.6,95.7,29.2,35.9,0.5495,1
SBassett_SHW_01.18.2026_LS,SHW,1659,8231,137.19,13.1,97.9,26.2,39.8,0.154,1
SBassett_SHW_01.18.2026_LS,SHW,1660,8163,136.06,379.7,10.3,18.9,18.8,0.4,1
SBassett_SHW_01.18.2026_LS,SHW,1660,8164,136.08,376.0,15.5,17.8,18.4,0.5809,1
SBassett_SHW_01.18.2026_LS,SHW,1660,8165,136.09,372.0,16.9,18.4,18.4,0.4675,1
SBassett_SHW_01.18.2026_LS,SHW,1660,8166,136.11,365.7,18.0,17.3,17.3,0.541,1
SBassett_SHW_01.18.2026_LS,SHW,1660,8167,136.13,360.6,19.1,18.0,18.2,0.5313,1
SBassett_SHW_01.18.2026_LS,SHW,1660,8168,136.14,355.9,19.6,18.6,18.7,0.4216,1
SBassett_SHW_01.18.2026_LS,SHW,1660,8169,136.16,351.4,20.0,18.4,17.8,0.3725,1
SBassett_SHW_01.18.2026_LS,SHW,1660,8170,136.18,345.6,22.3,19.5,19.1,0.5835,1
SBassett_SHW_01.18.2026_LS,SHW,1660,8171,136.19,340.7,25.1,18.8,18.3,0.5897,1
SBassett_SHW_01.18.2026_LS,SHW,1660,8172,136.21,336.2,26.5,18.6,17.8,0.5872,1
SBassett_SHW_01.18.2026_LS,SHW,1660,8173,136.23,329.5,28.7,18.6,18.1,0.5174,1
SBassett_SHW_01.18.2026_LS,SHW,1660,8174,136.24,324.0,28.7,18.9,17.3,0.5963,1
SBassett_SHW_01.18.2026_LS,SHW,1660,8175,136.26,318.6,30.1,18.6,17.6,0.5718,1
SBassett_SHW_01.18.2026_LS,SHW,1660,8176,136.28,313.7,32.2,18.7,16.9,0.6483,1
SBassett_SHW_01.18.2026_LS,SHW,1660,8177,136.29,308.0,33.2,18.3,17.2,0.579,1
SBassett_SHW_01.18.2026_LS,SHW,1660,8178,136.31,302.4,34.1,18.2,16.4,0.6297,1
SBassett_SHW_01.18.2026_LS,SHW,1660,8179,136.33,298.0,35.3,17.7,15.9,0.642,1
SBassett_SHW_01.18.2026_LS,SHW,1660,8180,136.34,293.0,35.2,17.6,15.9,0.5991,1
SBassett_SHW_01.18.2026_LS,SHW,1660,8181,136.36,286.8,35.7,17.4,15.4,0.6533,1
SBassett_SHW_01.18.2026_LS,SHW,1660,8182,136.38,281.3,36.2,17.5,15.4,0.5625,1
SBassett_SHW_01.18.2026_LS,SHW,1660,8183,136.39,275.4,35.5,16.8,15.3,0.6683,1
SBassett_SHW_01.18.2026_LS,SHW,1660,8184,136.41,269.8,35.8,16.3,14.9,0.6081,1
SBassett_SHW_01.18.2026_LS,SHW,1660,8185,136.43,263.7,38.0,17.0,16.4,0.6381,1
SBassett_SHW_01.18.2026_LS,SHW,1660,8186,136.44,258.1,37.4,17.7,15.8,0.6362,1
SBassett_SHW_01.18.2026_LS,SHW,1660,8187,136.46,251.7,38.2,17.3,16.1,0.5865,1
SBassett_SHW_01.18.2026_LS,SHW,1660,8188,136.48,246.5,38.9,17.2,15.9,0.6436,1
SBassett_SHW_01.18.2026_LS,SHW,1660,8189,136.49,241.0,40.8,16.9,15.8,0.6285,1
SBassett_SHW_01.18.2026_LS,SHW,1660,8190,136.51,234.5,41.6,17.0,15.2,0.5809,1
SBassett_SHW_01.18.2026_LS,SHW,1660,8191,136.53,229.9,41.3,16.7,14.9,0.6499,1
SBassett_SHW_01.18.2026_LS,SHW,1660,8192,136.54,223.9,42.6,16.7,15.4,0.6886,1
SBassett_SHW_01.18.2026_LS,SHW,1660,8193,136.56,219.1,46.1,17.3,16.2,0.6256,1
SBassett_SHW_01.18.2026_LS,SHW,1660,8194,136.58,212.2,46.1,18.2,16.8,0.6653,1
SBassett_SHW_01.18.2026_LS,SHW,1660,8195,136.59,205.6,45.3,18.1,16.4,0.7027,1
SBassett_SHW_01.18.2026_LS,SHW,1660,8196,136.61,199.6,46.1,17.7,16.6,0.6429,1
SBassett_SHW_01.18.2026_LS,SHW,1660,8197,136.63,195.1,48.4,18.0,16.2,0.6806,1
SBassett_SHW_01.18.2026_LS,SHW,1660,8198,136.64,189.2,48.4,17.9,16.4,0.6873,1
SBassett_SHW_01.18.2026_LS,SHW,1660,8199,136.66,182.1,49.2,17.5,16.3,0.6712,1
SBassett_SHW_01.18.2026_LS,SHW,1660,8200,136.68,176.2,49.4,17.0,15.8,0.6849,1
SBassett_SHW_01.18.2026_LS,SHW,1660,8201,136.69,170.6,50.8,17.0,15.3,0.7295,1
SBassett_SHW_01.18.2026_LS,SHW,1660,8202,136.71,164.6,51.5,17.1,15.9,0.7036,1
SBassett_SHW_01.18.2026_LS,SHW,1660,8203,136.73,158.5,51.7,17.2,15.7,0.7125,1
SBassett_SHW_01.18.2026_LS,SHW,1660,8204,136.74,152.0,52.3,16.8,15.7,0.7546,1
SBassett_SHW_01.18.2026_LS,SHW,1660,8205,136.76,145.4,52.6,16.9,15.2,0.7275,1
SBassett_SHW_01.18.2026_LS,SHW,1660,8206,136.78,139.9,53.5,17.3,16.0,0.7226,1
SBassett_SHW_01.18.2026_LS,SHW,1660,8207,136.79,134.5,55.8,17.1,15.3,0.7348,1
SBassett_SHW_01.18.2026_LS,SHW,1660,8208,136.81,127.5,57.1,17.1,15.1,0.7238,1
SBassett_SHW_01.18.2026_LS,SHW,1660,8209,136.83,122.2,58.1,16.8,15.2,0.7091,1
SBassett_SHW_01.18.2026_LS,SHW,1660,8210,136.84,117.0,59.7,17.1,15.1,0.692,1
SBassett_SHW_01.18.2026_LS,SHW,1660,8211,136.86,110.5,61.2,16.9,14.8,0.7212,1
SBassett_SHW_01.18.2026_LS,SHW,1660,8212,136.88,103.9,62.0,17.1,15.0,0.747,1
SBassett_SHW_01.18.2026_LS,SHW,1660,8213,136.89,98.3,64.3,17.1,15.3,0.711,1
SBassett_SHW_01.18.2026_LS,SHW,1660,8214,136.91,92.9,66.9,16.6,14.6,0.6936,1
SBassett_SHW_01.18.2026_LS,SHW,1660,8215,136.93,86.6,68.8,16.9,15.0,0.7137,1
SBassett_SHW_01.18.2026_LS,SHW,1660,8216,136.94,81.0,71.1,17.7,15.6,0.6118,1
SBassett_SHW_01.18.2026_LS,SHW,1660,8217,136.96,74.7,72.6,16.6,16.1,0.5506,1
SBassett_SHW_01.18.2026_LS,SHW,1660,8218,136.98,70.6,74.7,17.7,16.4,0.7054,1
SBassett_SHW_01.18.2026_LS,SHW,1660,8219,136.99,63.2,77.0,17.5,16.3,0.6916,1
SBassett_SHW_01.18.2026_LS,SHW,1660,8220,137.01,55.9,78.0,16.7,15.7,0.7286,1
SBassett_SHW_01.18.2026_LS,SHW,1660,8221,137.03,51.3,79.9,16.3,16.1,0.5941,1
SBassett_SHW_01.18.2026_LS,SHW,1660,8222,137.04,47.9,83.8,17.9,18.7,0.6078,1
SBassett_SHW_01.18.2026_LS,SHW,1660,8223,137.06,39.2,85.6,17.0,18.3,0.4289,1
SBassett_SHW_01.18.2026_LS,SHW,1660,8224,137.08,34.4,86.5,17.0,18.1,0.5911,1
SBassett_SHW_01.18.2026_LS,SHW,1660,8225,137.09,27.9,90.2,15.6,17.8,0.4278,1
SBassett_SHW_01.18.2026_LS,SHW,1660,8226,137.11,22.4,92.8,15.2,17.6,0.5191,1
SBassett_SHW_01.18.2026_LS,SHW,1660,8227,137.13,16.0,94.1,16.7,19.0,0.4985,1
SBassett_SHW_01.18.2026_LS,SHW,1673,8250,137.51,332.1,160.9,35.7,32.0,0.5224,0
SBassett_SHW_01.18.2026_LS,SHW,1673,8251,137.53,324.6,164.7,37.9,35.1,0.5527,0
SBassett_SHW_01.18.2026_LS,SHW,1673,8252,137.55,313.7,167.1,40.5,33.9,0.2221,0
SBassett_SHW_01.18.2026_LS,SHW,1673,8253,137.56,300.6,168.9,37.3,32.6,0.5198,0
SBassett_SHW_01.18.2026_LS,SHW,1673,8254,137.58,291.3,171.2,39.0,34.9,0.6033,0
SBassett_SHW_01.18.2026_LS,SHW,1673,8255,137.6,283.1,174.3,38.5,34.2,0.5524,0
SBassett_SHW_01.18.2026_LS,SHW,1673,8256,137.61,272.9,176.9,37.8,31.5,0.3956,0
SBassett_SHW_01.18.2026_LS,SHW,1673,8257,137.63,262.8,181.0,38.6,32.3,0.6422,0
SBassett_SHW_01.18.2026_LS,SHW,1673,8258,137.65,250.8,183.1,36.9,30.3,0.5983,0
SBassett_SHW_01.18.2026_LS,SHW,1673,8259,137.66,241.7,185.5,39.1,29.6,0.6385,0
SBassett_SHW_01.18.2026_LS,SHW,1673,8260,137.68,231.9,188.3,39.6,29.6,0.6533,0
SBassett_SHW_01.18.2026_LS,SHW,1673,8261,137.7,223.6,191.4,38.5,28.2,0.639,0
SBassett_SHW_01.18.2026_LS,SHW,1673,8262,137.71,210.3,194.0,38.5,28.1,0.4854,0
SBassett_SHW_01.18.2026_LS,SHW,1673,8263,137.73,198.2,194.3,37.5,28.8,0.4764,0
SBassett_SHW_01.18.2026_LS,SHW,1673,8264,137.75,188.0,196.7,37.6,29.8,0.6261,0
SBassett_SHW_01.18.2026_LS,SHW,1673,8265,137.76,181.6,200.9,38.6,31.1,0.4723,0
SBassett_SHW_01.18.2026_LS,SHW,1673,8266,137.78,176.6,204.5,40.1,31.1,0.3414,0
SBassett_SHW_01.18.2026_LS,SHW,1678,8251,137.53,462.6,108.0,46.4,27.6,0.4538,1
SBassett_SHW_01.18.2026_LS,SHW,1678,8252,137.55,454.7,110.3,46.2,29.0,0.1546,1
SBassett_SHW_01.18.2026_LS,SHW,1678,8253,137.56,445.8,111.4,46.7,31.7,0.3752,1
SBassett_SHW_01.18.2026_LS,SHW,1678,8254,137.58,436.3,113.4,47.4,32.8,0.3767,1
SBassett_SHW_01.18.2026_LS,SHW,1678,8255,137.6,428.2,116.4,49.5,31.2,0.2743,1
SBassett_SHW_01.18.2026_LS,SHW,1678,8256,137.61,420.6,119.5,50.3,31.4,0.3468,1
SBassett_SHW_01.18.2026_LS,SHW,1678,8257,137.63,412.9,122.8,49.5,31.6,0.1642,1
SBassett_SHW_01.18.2026_LS,SHW,1678,8258,137.65,402.8,123.8,47.9,31.6,0.1299,1
SBassett_SHW_01.18.2026_LS,SHW,1678,8260,137.68,387.4,128.5,48.9,33.3,0.3,1
SBassett_SHW_01.18.2026_LS,SHW,1678,8261,137.7,378.4,131.5,49.5,33.3,0.2191,1
SBassett_SHW_01.18.2026_LS,SHW,1678,8262,137.71,368.9,133.3,48.6,35.6,0.1581,1
SBassett_SHW_01.18.2026_LS,SHW,1678,8265,137.76,344.1,139.9,49.9,34.0,0.5769,1
SBassett_SHW_01.18.2026_LS,SHW,1678,8266,137.78,336.8,143.6,48.6,32.3,0.4504,1
SBassett_SHW_01.18.2026_LS,SHW,1678,8271,137.86,289.3,158.2,47.2,29.6,0.4094,1
SBassett_SHW_01.18.2026_LS,SHW,1678,8272,137.88,278.8,161.5,46.1,29.9,0.2271,1
SBassett_SHW_01.18.2026_LS,SHW,1683,8254,137.58,171.4,166.3,35.6,29.7,0.6628,0
SBassett_SHW_01.18.2026_LS,SHW,1683,8255,137.6,168.0,167.4,34.5,28.1,0.6756,0
SBassett_SHW_01.18.2026_LS,SHW,1683,8256,137.61,161.2,169.1,36.8,27.9,0.5563,0
SBassett_SHW_01.18.2026_LS,SHW,1685,8255,137.6,587.5,136.4,28.9,26.0,0.7403,1
SBassett_SHW_01.18.2026_LS,SHW,1685,8256,137.61,580.0,139.3,30.4,26.6,0.5842,1
SBassett_SHW_01.18.2026_LS,SHW,1685,8257,137.63,569.6,142.7,30.2,27.4,0.6653,1
SBassett_SHW_01.18.2026_LS,SHW,1685,8258,137.65,555.7,144.7,31.1,27.5,0.5796,1
SBassett_SHW_01.18.2026_LS,SHW,1685,8259,137.66,545.1,147.8,31.3,29.1,0.5833,1
SBassett_SHW_01.18.2026_LS,SHW,1685,8260,137.68,536.2,150.5,31.2,28.9,0.6468,1
SBassett_SHW_01.18.2026_LS,SHW,1685,8261,137.7,526.9,153.2,31.4,27.6,0.579,1
SBassett_SHW_01.18.2026_LS,SHW,1685,8262,137.71,516.5,155.4,32.5,27.5,0.3587,1
SBassett_SHW_01.18.2026_LS,SHW,1685,8263,137.73,503.4,156.2,31.7,26.8,0.3729,1
SBassett_SHW_01.18.2026_LS,SHW,1685,8264,137.75,493.1,159.2,32.2,27.4,0.5374,1
SBassett_SHW_01.18.2026_LS,SHW,1685,8265,137.76,484.7,163.6,33.8,27.8,0.5808,1
SBassett_SHW_01.18.2026_LS,SHW,1685,8266,137.78,474.5,168.0,32.8,28.2,0.4952,1
SBassett_SHW_01.18.2026_LS,SHW,1685,8267,137.8,465.2,170.9,33.3,28.4,0.6284,1
SBassett_SHW_01.18.2026_LS,SHW,1685,8268,137.81,452.6,173.8,31.3,27.5,0.7266,1
SBassett_SHW_01.18.2026_LS,SHW,1685,8269,137.83,443.6,176.7,31.9,28.3,0.7143,1
SBassett_SHW_01.18.2026_LS,SHW,1685,8270,137.85,434.8,179.8,34.6,29.3,0.6407,1
SBassett_SHW_01.18.2026_LS,SHW,1685,8271,137.86,425.2,184.2,36.5,31.2,0.6621,1
SBassett_SHW_01.18.2026_LS,SHW,1685,8272,137.88,416.3,187.1,39.9,32.1,0.5842,1
SBassett_SHW_01.18.2026_LS,SHW,1685,8273,137.9,404.8,190.6,40.4,31.9,0.5967,1
SBassett_SHW_01.18.2026_LS,SHW,1685,8274,137.91,396.5,192.7,45.6,34.0,0.4449,1
SBassett_SHW_01.18.2026_LS,SHW,1685,8275,137.93,383.4,195.3,46.5,32.6,0.1986,1
SBassett_SHW_01.18.2026_LS,SHW,1685,8276,137.95,370.4,198.7,43.2,30.6,0.231,1
SBassett_SHW_01.18.2026_LS,SHW,1685,8277,137.96,356.9,203.1,40.6,29.8,0.329,1
SBassett_SHW_01.18.2026_LS,SHW,1685,8278,137.98,347.0,206.9,39.5,28.6,0.1728,1
SBassett_SHW_01.18.2026_LS,SHW,1686,8256,137.61,373.0,122.7,47.7,28.7,0.5044,1
SBassett_SHW_01.18.2026_LS,SHW,1686,8257,137.63,363.4,125.7,43.3,26.3,0.4951,1
SBassett_SHW_01.18.2026_LS,SHW,1686,8258,137.65,351.6,127.6,39.6,24.2,0.5687,1
SBassett_SHW_01.18.2026_LS,SHW,1686,8259,137.66,342.8,129.5,41.7,24.6,0.5052,1
SBassett_SHW_01.18.2026_LS,SHW,1686,8260,137.68,336.6,132.0,49.6,27.8,0.397,1
SBassett_SHW_01.18.2026_LS,SHW,1686,8261,137.7,328.1,134.7,50.7,29.8,0.3437,1
SBassett_SHW_01.18.2026_LS,SHW,1686,8264,137.75,298.5,138.3,48.0,29.9,0.3191,1
SBassett_SHW_01.18.2026_LS,SHW,1686,8265,137.76,289.6,143.7,45.5,29.9,0.5914,1
SBassett_SHW_01.18.2026_LS,SHW,1686,8266,137.78,282.9,147.3,47.7,28.7,0.5664,1
SBassett_SHW_01.18.2026_LS,SHW,1686,8267,137.8,271.6,149.8,47.4,28.3,0.347,1
SBassett_SHW_01.18.2026_LS,SHW,1686,8268,137.81,260.9,151.6,47.5,26.8,0.2372,1
SBassett_SHW_01.18.2026_LS,SHW,1686,8269,137.83,251.9,153.7,45.1,26.4,0.4097,1
SBassett_SHW_01.18.2026_LS,SHW,1686,8270,137.85,242.3,156.9,43.7,27.2,0.3657,1
SBassett_SHW_01.18.2026_LS,SHW,1686,8271,137.86,234.1,160.6,43.4,27.1,0.4578,1
SBassett_SHW_01.18.2026_LS,SHW,1686,8272,137.88,226.2,163.3,44.0,26.0,0.5033,1
SBassett_SHW_01.18.2026_LS,SHW,1686,8275,137.93,194.6,169.5,42.8,26.5,0.457,1
SBassett_SHW_01.18.2026_LS,SHW,1686,8276,137.95,185.5,172.2,42.4,26.4,0.3688,1
SBassett_SHW_01.18.2026_LS,SHW,1686,8277,137.96,175.5,175.0,41.9,28.1,0.2982,1
SBassett_SHW_01.18.2026_LS,SHW,1686,8278,137.98,167.0,178.1,43.0,29.1,0.2193,1
SBassett_SHW_01.18.2026_LS,SHW,1686,8282,138.05,126.9,189.3,47.6,31.5,0.4403,1
SBassett_SHW_01.18.2026_LS,SHW,1694,8606,143.45,415.4,123.7,46.1,40.3,0.6147,0
SBassett_SHW_01.18.2026_LS,SHW,1694,8607,143.46,414.5,125.0,47.8,40.8,0.6124,0
SBassett_SHW_01.18.2026_LS,SHW,1694,8608,143.48,411.7,128.9,50.4,41.9,0.1668,0
SBassett_SHW_01.18.2026_LS,SHW,1695,8621,143.7,383.6,115.3,47.4,52.0,0.611,1
SBassett_SHW_01.18.2026_LS,SHW,1695,8622,143.71,382.5,116.5,47.6,54.3,0.4415,1
SBassett_SHW_01.18.2026_LS,SHW,1695,8623,143.73,368.7,115.8,64.8,58.3,0.2301,1
SBassett_SHW_01.18.2026_LS,SHW,1695,8625,143.76,371.0,117.4,53.1,59.9,0.3957,1
SBassett_SHW_01.18.2026_LS,SHW,1695,8626,143.78,373.2,117.4,49.6,60.1,0.5196,1
SBassett_SHW_01.18.2026_LS,SHW,1695,8627,143.8,372.7,117.8,51.0,59.1,0.3469,1
SBassett_SHW_01.18.2026_LS,SHW,1695,8628,143.81,371.5,118.2,50.3,58.2,0.3924,1
SBassett_SHW_01.18.2026_LS,SHW,1695,8631,143.86,354.2,117.3,52.8,55.4,0.4062,1
SBassett_SHW_01.18.2026_LS,SHW,1695,8632,143.88,351.5,120.2,55.2,57.6,0.4043,1
SBassett_SHW_01.18.2026_LS,SHW,1695,8633,143.9,349.1,119.8,57.0,60.2,0.4472,1
SBassett_SHW_01.18.2026_LS,SHW,1695,8634,143.91,347.7,122.4,57.0,56.3,0.5186,1
SBassett_SHW_01.18.2026_LS,SHW,1695,8635,143.93,349.2,122.2,53.5,56.5,0.3834,1
SBassett_SHW_01.18.2026_LS,SHW,1695,8636,143.95,344.5,121.6,56.9,56.7,0.5118,1
SBassett_SHW_01.18.2026_LS,SHW,1695,8637,143.96,344.7,122.5,53.1,57.2,0.6719,1
SBassett_SHW_01.18.2026_LS,SHW,1695,8638,143.98,345.3,123.4,51.5,56.5,0.4902,1
SBassett_SHW_01.18.2026_LS,SHW,1695,8639,144.0,341.7,125.0,53.4,57.1,0.5883,1
SBassett_SHW_01.18.2026_LS,SHW,1695,8640,144.01,338.6,124.3,47.8,55.5,0.7527,1
SBassett_SHW_01.18.2026_LS,SHW,1695,8646,144.11,317.9,116.7,48.1,36.5,0.582,1
SBassett_SHW_01.18.2026_LS,SHW,1695,8647,144.13,315.9,115.8,49.9,36.6,0.5941,1
SBassett_SHW_01.18.2026_LS,SHW,1695,8648,144.15,320.4,116.0,51.8,36.9,0.1281,1
SBassett_SHW_01.18.2026_LS,SHW,1695,8656,144.28,295.6,119.5,39.2,33.6,0.5496,1
SBassett_SHW_01.18.2026_LS,SHW,1695,8660,144.35,281.9,126.5,47.6,35.9,0.3678,1
SBassett_SHW_01.18.2026_LS,SHW,1696,8621,143.7,624.7,63.1,30.1,73.3,0.698,1
SBassett_SHW_01.18.2026_LS,SHW,1696,8622,143.71,621.5,62.8,36.1,73.1,0.7868,1
SBassett_SHW_01.18.2026_LS,SHW,1696,8623,143.73,616.9,63.1,43.2,73.9,0.7369,1
SBassett_SHW_01.18.2026_LS,SHW,1696,8624,143.75,614.4,64.3,50.4,74.3,0.7301,1
SBassett_SHW_01.18.2026_LS,SHW,1696,8625,143.76,610.2,66.9,57.4,75.8,0.7018,1
SBassett_SHW_01.18.2026_LS,SHW,1696,8626,143.78,606.5,67.5,65.9,77.7,0.7548,1
SBassett_SHW_01.18.2026_LS,SHW,1696,8627,143.8,603.4,67.6,71.2,77.1,0.7746,1
SBassett_SHW_01.18.2026_LS,SHW,1696,8628,143.81,600.5,68.1,77.3,78.1,0.7845,1
SBassett_SHW_01.18.2026_LS,SHW,1696,8629,143.83,597.7,69.7,82.7,77.3,0.8053,1
SBassett_SHW_01.18.2026_LS,SHW,1696,8630,143.85,593.6,70.3,88.2,77.5,0.7867,1
SBassett_SHW_01.18.2026_LS,SHW,1696,8631,143.86,584.6,70.8,86.3,78.2,0.7298,1
SBassett_SHW_01.18.2026_LS,SHW,1696,8632,143.88,573.6,71.6,81.9,79.5,0.6421,1
SBassett_SHW_01.18.2026_LS,SHW,1696,8633,143.9,559.2,74.8,67.5,77.5,0.7693,1
SBassett_SHW_01.18.2026_LS,SHW,1696,8639,144.0,517.7,73.3,67.0,54.4,0.6377,1
SBassett_SHW_01.18.2026_LS,SHW,1696,8640,144.01,505.9,74.9,61.6,54.8,0.1748,1
SBassett_SHW_01.18.2026_LS,SHW,1696,8644,144.08,493.7,80.0,55.7,48.2,0.64,1
SBassett_SHW_01.18.2026_LS,SHW,1696,8645,144.1,476.4,86.7,55.3,46.2,0.6977,1
SBassett_SHW_01.18.2026_LS,SHW,1696,8646,144.11,463.5,92.2,53.8,40.5,0.5051,1
SBassett_SHW_01.18.2026_LS,SHW,1702,8649,144.16,623.5,73.0,32.9,58.6,0.6983,1
SBassett_SHW_01.18.2026_LS,SHW,1702,8650,144.18,619.6,72.2,38.4,55.3,0.6387,1
SBassett_SHW_01.18.2026_LS,SHW,1702,8651,144.2,614.7,75.9,48.8,58.4,0.4353,1
SBassett_SHW_01.18.2026_LS,SHW,1702,8653,144.23,605.0,80.5,66.8,71.3,0.4283,1
SBassett_SHW_01.18.2026_LS,SHW,1702,8654,144.25,603.3,82.0,69.5,73.4,0.2567,1
SBassett_SHW_01.18.2026_LS,SHW,1702,8655,144.26,598.0,84.6,76.4,75.3,0.7304,1
SBassett_SHW_01.18.2026_LS,SHW,1702,8656,144.28,592.1,86.8,80.7,73.9,0.5177,1
SBassett_SHW_01.18.2026_LS,SHW,1702,8657,144.3,579.4,91.0,74.8,69.6,0.3853,1
SBassett_SHW_01.18.2026_LS,SHW,1702,8658,144.31,564.7,97.6,72.0,66.2,0.5556,1
SBassett_SHW_01.18.2026_LS,SHW,1702,8659,144.33,549.4,103.8,63.1,60.3,0.131,1
SBassett_SHW_01.18.2026_LS,SHW,1702,8663,144.4,536.6,100.4,75.4,70.6,0.6229,1
SBassett_SHW_01.18.2026_LS,SHW,1702,8664,144.41,538.2,99.8,93.8,76.1,0.2341,1
SBassett_SHW_01.18.2026_LS,SHW,1702,8665,144.43,522.4,103.4,78.6,69.1,0.759,1
SBassett_SHW_01.18.2026_LS,SHW,1702,8666,144.45,512.9,107.2,71.7,65.7,0.7086,1
SBassett_SHW_01.18.2026_LS,SHW,1702,8667,144.46,515.4,107.3,88.2,72.8,0.4891,1
SBassett_SHW_01.18.2026_LS,SHW,1702,8668,144.48,503.7,106.9,85.6,71.6,0.4938,1
SBassett_SHW_01.18.2026_LS,SHW,1702,8669,144.5,488.7,108.9,67.9,64.2,0.738,1
SBassett_SHW_01.18.2026_LS,SHW,1702,8670,144.51,477.8,111.9,61.2,59.3,0.6536,1
SBassett_SHW_01.18.2026_LS,SHW,1702,8685,144.76,355.8,133.3,77.5,74.1,0.385,1
SBassett_SHW_01.18.2026_LS,SHW,1702,8738,145.65,52.6,211.9,89.7,86.0,0.6883,1
SBassett_SHW_01.18.2026_LS,SHW,1702,8739,145.66,42.8,213.1,83.5,85.9,0.4485,1
SBassett_SHW_01.18.2026_LS,SHW,1703,8649,144.16,479.6,82.2,118.3,80.2,0.7906,0
SBassett_SHW_01.18.2026_LS,SHW,1703,8650,144.18,461.8,79.8,119.2,78.3,0.6398,0
SBassett_SHW_01.18.2026_LS,SHW,1703,8651,144.2,465.8,90.0,115.2,81.7,0.6769,0
SBassett_SHW_01.18.2026_LS,SHW,1703,8652,144.21,434.7,93.4,97.4,82.2,0.7136,0
SBassett_SHW_01.18.2026_LS,SHW,1703,8653,144.23,422.0,98.5,95.5,80.3,0.6181,0
SBassett_SHW_01.18.2026_LS,SHW,1703,8654,144.25,416.0,101.8,97.4,80.5,0.5483,0
SBassett_SHW_01.18.2026_LS,SHW,1704,8651,144.2,555.5,103.2,33.8,30.9,0.4336,0
SBassett_SHW_01.18.2026_LS,SHW,1704,8652,144.21,552.7,103.0,34.2,32.9,0.4547,0
SBassett_SHW_01.18.2026_LS,SHW,1704,8653,144.23,548.5,103.5,34.4,30.3,0.3664,0
SBassett_SHW_01.18.2026_LS,SHW,1704,8654,144.25,550.9,108.4,45.7,35.1,0.1951,0
SBassett_SHW_01.18.2026_LS,SHW,1704,8655,144.26,546.1,109.0,46.3,37.9,0.159,0
SBassett_SHW_01.18.2026_LS,SHW,1706,8653,144.23,484.5,92.5,69.3,66.3,0.6405,1
SBassett_SHW_01.18.2026_LS,SHW,1706,8654,144.25,469.9,98.0,83.7,77.6,0.6581,1
SBassett_SHW_01.18.2026_LS,SHW,1706,8655,144.26,451.2,100.0,110.9,86.7,0.3092,1
SBassett_SHW_01.18.2026_LS,SHW,1706,8656,144.28,429.4,94.8,120.9,86.0,0.567,1
SBassett_SHW_01.18.2026_LS,SHW,1706,8657,144.3,407.0,103.0,125.5,86.6,0.5678,1
SBassett_SHW_01.18.2026_LS,SHW,1706,8658,144.31,394.5,106.6,124.9,88.8,0.5921,1
SBassett_SHW_01.18.2026_LS,SHW,1706,8659,144.33,381.6,112.5,126.2,88.8,0.6015,1
SBassett_SHW_01.18.2026_LS,SHW,1706,8660,144.35,372.9,114.9,127.5,89.7,0.6553,1
SBassett_SHW_01.18.2026_LS,SHW,1706,8661,144.36,364.1,116.4,126.9,88.6,0.6336,1
SBassett_SHW_01.18.2026_LS,SHW,1706,8662,144.38,360.9,117.8,130.2,88.9,0.6213,1
SBassett_SHW_01.18.2026_LS,SHW,1706,8663,144.4,355.0,119.8,129.1,87.5,0.7268,1
SBassett_SHW_01.18.2026_LS,SHW,1706,8664,144.41,343.0,120.4,129.8,88.2,0.6801,1
SBassett_SHW_01.18.2026_LS,SHW,1706,8665,144.43,331.3,124.8,128.5,87.4,0.1329,1
SBassett_SHW_01.18.2026_LS,SHW,1706,8666,144.45,314.6,129.7,125.5,93.2,0.3601,1
SBassett_SHW_01.18.2026_LS,SHW,1706,8667,144.46,307.8,132.9,127.0,90.0,0.5779,1
SBassett_SHW_01.18.2026_LS,SHW,1706,8668,144.48,300.7,131.6,124.8,89.1,0.7379,1
SBassett_SHW_01.18.2026_LS,SHW,1706,8669,144.5,285.7,135.8,104.3,89.1,0.3489,1
SBassett_SHW_01.18.2026_LS,SHW,1706,8672,144.55,265.5,140.4,120.3,90.8,0.3094,1
SBassett_SHW_01.18.2026_LS,SHW,1706,8676,144.61,225.3,147.1,100.4,94.5,0.3147,1
SBassett_SHW_01.18.2026_LS,SHW,1706,8680,144.68,180.7,149.4,107.2,106.7,0.5967,1
SBassett_SHW_01.18.2026_LS,SHW,1706,8681,144.7,174.9,152.3,105.6,104.4,0.1082,1
SBassett_SHW_01.18.2026_LS,SHW,1706,8682,144.71,165.4,156.3,98.2,102.7,0.4677,1
SBassett_SHW_01.18.2026_LS,SHW,1706,8683,144.73,154.1,159.1,90.5,100.6,0.4022,1
SBassett_SHW_01.18.2026_LS,SHW,1706,8688,144.81,101.0,174.2,78.8,85.2,0.2997,1
SBassett_SHW_01.18.2026_LS,SHW,1722,8671,144.53,534.9,104.7,99.3,81.3,0.5251,0
SBassett_SHW_01.18.2026_LS,SHW,1722,8672,144.55,514.7,102.4,89.1,77.9,0.7585,0
SBassett_SHW_01.18.2026_LS,SHW,1722,8673,144.56,499.4,104.0,81.9,79.4,0.3907,0
SBassett_SHW_01.18.2026_LS,SHW,1726,8682,144.71,234.2,145.9,57.3,62.2,0.6643,0
SBassett_SHW_01.18.2026_LS,SHW,1726,8683,144.73,227.4,149.5,66.0,70.9,0.7544,0
SBassett_SHW_01.18.2026_LS,SHW,1726,8684,144.75,218.5,153.5,76.7,77.1,0.5357,0
SBassett_SHW_01.18.2026_LS,SHW,1726,8685,144.76,207.4,156.3,82.9,79.2,0.2463,0
SBassett_SHW_01.18.2026_LS,SHW,1726,8686,144.78,192.2,160.7,74.5,78.2,0.2037,0
SBassett_SHW_01.18.2026_LS,SHW,1727,8697,144.96,581.9,119.3,25.8,16.5,0.6193,1
SBassett_SHW_01.18.2026_LS,SHW,1727,8705,145.1,550.5,121.8,30.0,22.5,0.4816,1
SBassett_SHW_01.18.2026_LS,SHW,1727,8707,145.13,537.3,118.1,47.6,26.9,0.5776,1
SBassett_SHW_01.18.2026_LS,SHW,1727,8708,145.15,531.9,118.5,51.9,28.4,0.2938,1
SBassett_SHW_01.18.2026_LS,SHW,1727,8709,145.16,528.0,119.5,52.0,27.6,0.1346,1
SBassett_SHW_01.18.2026_LS,SHW,1727,8719,145.33,493.7,120.6,41.0,27.4,0.6049,1
SBassett_SHW_01.18.2026_LS,SHW,1727,8720,145.35,482.8,122.4,43.4,33.2,0.4496,1
SBassett_SHW_01.18.2026_LS,SHW,1727,8721,145.36,472.1,124.9,46.4,33.7,0.6135,1
SBassett_SHW_01.18.2026_LS,SHW,1727,8728,145.48,449.8,135.7,38.6,29.2,0.7088,1
SBassett_SHW_01.18.2026_LS,SHW,1727,8729,145.5,438.9,138.1,35.9,27.7,0.1459,1
SBassett_SHW_01.18.2026_LS,SHW,1729,8700,145.01,568.4,121.9,30.8,21.0,0.6644,1
SBassett_SHW_01.18.2026_LS,SHW,1729,8701,145.03,563.7,121.7,33.7,22.3,0.6301,1
SBassett_SHW_01.18.2026_LS,SHW,1729,8702,145.05,554.1,121.5,29.5,22.8,0.6782,1
SBassett_SHW_01.18.2026_LS,SHW,1729,8709,145.16,512.1,120.2,34.0,25.9,0.2871,1
SBassett_SHW_01.18.2026_LS,SHW,1729,8710,145.18,508.9,120.3,35.3,27.2,0.4731,1
SBassett_SHW_01.18.2026_LS,SHW,1729,8711,145.2,503.1,121.6,31.8,26.8,0.5976,1
SBassett_SHW_01.18.2026_LS,SHW,1729,8712,145.21,503.7,122.3,38.5,28.7,0.5976,1
SBassett_SHW_01.18.2026_LS,SHW,1729,8713,145.23,497.9,121.8,40.5,28.1,0.656,1
SBassett_SHW_01.18.2026_LS,SHW,1729,8714,145.25,489.3,122.9,38.9,25.9,0.54,1
SBassett_SHW_01.18.2026_LS,SHW,1729,8715,145.26,481.3,124.8,35.9,26.2,0.665,1
SBassett_SHW_01.18.2026_LS,SHW,1729,8716,145.28,474.8,125.0,33.9,25.5,0.6116,1
SBassett_SHW_01.18.2026_LS,SHW,1729,8717,145.3,466.6,124.8,33.7,26.5,0.4251,1
SBassett_SHW_01.18.2026_LS,SHW,1730,8700,145.01,460.7,127.8,62.9,51.5,0.6317,1
SBassett_SHW_01.18.2026_LS,SHW,1730,8702,145.05,436.6,128.2,71.5,53.2,0.6711,1
SBassett_SHW_01.18.2026_LS,SHW,1730,8703,145.06,422.9,131.3,76.7,53.8,0.6191,1
SBassett_SHW_01.18.2026_LS,SHW,1730,8718,145.31,313.5,150.2,44.6,45.1,0.7308,1
SBassett_SHW_01.18.2026_LS,SHW,1730,8719,145.33,300.8,150.6,52.0,46.6,0.735,1
SBassett_SHW_01.18.2026_LS,SHW,1730,8720,145.35,288.8,154.9,55.4,44.7,0.7226,1
SBassett_SHW_01.18.2026_LS,SHW,1730,8721,145.36,274.1,159.9,66.5,49.3,0.1714,1
SBassett_SHW_01.18.2026_LS,SHW,1730,8724,145.41,259.8,163.4,46.1,33.6,0.6095,1
SBassett_SHW_01.18.2026_LS,SHW,1730,8725,145.43,252.4,170.7,48.5,39.8,0.553,1
SBassett_SHW_01.18.2026_LS,SHW,1730,8726,145.45,242.7,175.0,50.5,43.7,0.6464,1
SBassett_SHW_01.18.2026_LS,SHW,1730,8727,145.46,229.2,177.2,56.6,44.4,0.7256,1
SBassett_SHW_01.18.2026_LS,SHW,1730,8728,145.48,215.6,182.1,66.9,44.1,0.6917,1
SBassett_SHW_01.18.2026_LS,SHW,1730,8729,145.5,210.1,185.1,60.2,45.7,0.6847,1
SBassett_SHW_01.18.2026_LS,SHW,1730,8730,145.51,198.4,187.0,62.3,45.9,0.7312,1
SBassett_SHW_01.18.2026_LS,SHW,1730,8731,145.53,185.7,192.1,71.6,50.4,0.7397,1
SBassett_SHW_01.18.2026_LS,SHW,1730,8732,145.55,175.1,195.5,76.4,52.6,0.3289,1
SBassett_SHW_01.18.2026_LS,SHW,1730,8733,145.56,160.0,197.8,86.0,58.2,0.2179,1
SBassett_SHW_01.18.2026_LS,SHW,1730,8738,145.65,124.8,205.1,62.9,54.1,0.61,1
SBassett_SHW_01.18.2026_LS,SHW,1730,8739,145.66,111.6,208.1,70.7,56.2,0.741,1
SBassett_SHW_01.18.2026_LS,SHW,1730,8740,145.68,96.1,210.8,79.1,59.0,0.7094,1
SBassett_SHW_01.18.2026_LS,SHW,1730,8741,145.7,81.4,212.5,86.0,62.4,0.1819,1
SBassett_SHW_01.18.2026_LS,SHW,1730,8742,145.71,63.9,215.8,104.3,67.4,0.4541,1
SBassett_SHW_01.18.2026_LS,SHW,1730,8743,145.73,53.9,217.0,107.8,72.5,0.765,1
SBassett_SHW_01.18.2026_LS,SHW,1730,8744,145.75,48.7,217.3,97.4,79.6,0.7435,1
SBassett_SHW_01.18.2026_LS,SHW,1730,8745,145.76,43.6,216.0,87.2,80.1,0.668,1
SBassett_SHW_01.18.2026_LS,SHW,1730,8746,145.78,38.2,216.9,76.4,81.7,0.7376,1
SBassett_SHW_01.18.2026_LS,SHW,1730,8747,145.8,32.8,218.0,65.7,83.1,0.4389,1
SBassett_SHW_01.18.2026_LS,SHW,1730,8748,145.81,24.3,218.1,48.6,83.7,0.6939,1
SBassett_SHW_01.18.2026_LS,SHW,1745,8735,145.6,385.9,153.3,33.9,22.5,0.5147,1
SBassett_SHW_01.18.2026_LS,SHW,1745,8736,145.61,383.1,153.1,33.0,22.4,0.5991,1
SBassett_SHW_01.18.2026_LS,SHW,1745,8737,145.63,379.0,154.6,32.0,21.2,0.4355,1
SBassett_SHW_01.18.2026_LS,SHW,1745,8738,145.65,375.5,154.9,31.1,21.0,0.3958,1
SBassett_SHW_01.18.2026_LS,SHW,1745,8739,145.66,371.7,154.5,31.8,21.9,0.3928,1
SBassett_SHW_01.18.2026_LS,SHW,1745,8740,145.68,367.9,155.0,31.8,21.2,0.4552,1
SBassett_SHW_01.18.2026_LS,SHW,1745,8741,145.7,364.5,155.8,33.1,21.5,0.4023,1
SBassett_SHW_01.18.2026_LS,SHW,1745,8742,145.71,361.1,156.1,33.6,20.9,0.6352,1
SBassett_SHW_01.18.2026_LS,SHW,1745,8743,145.73,359.5,157.6,31.2,22.0,0.5437,1
SBassett_SHW_01.18.2026_LS,SHW,1745,8744,145.75,356.4,157.9,32.3,22.3,0.6543,1
SBassett_SHW_01.18.2026_LS,SHW,1745,8745,145.76,352.7,157.4,32.7,22.8,0.4526,1
SBassett_SHW_01.18.2026_LS,SHW,1745,8746,145.78,348.9,158.2,33.0,23.9,0.4839,1
SBassett_SHW_01.18.2026_LS,SHW,1745,8747,145.8,345.7,159.0,34.1,23.9,0.2931,1
SBassett_SHW_01.18.2026_LS,SHW,1745,8748,145.81,341.9,158.8,34.0,23.5,0.329,1
SBassett_SHW_01.18.2026_LS,SHW,1745,8749,145.83,339.0,158.6,34.6,23.5,0.4568,1
SBassett_SHW_01.18.2026_LS,SHW,1745,8750,145.85,336.7,159.6,33.4,23.5,0.5473,1
SBassett_SHW_01.18.2026_LS,SHW,1745,8752,145.88,328.8,158.6,33.4,22.9,0.2757,1
SBassett_SHW_01.18.2026_LS,SHW,1745,8753,145.9,325.4,158.3,33.3,22.9,0.441,1
SBassett_SHW_01.18.2026_LS,SHW,1745,8754,145.91,322.4,157.8,32.8,22.1,0.5043,1
SBassett_SHW_01.18.2026_LS,SHW,1745,8755,145.93,319.1,158.1,32.6,20.9,0.4684,1
SBassett_SHW_01.18.2026_LS,SHW,1745,8756,145.95,315.4,157.8,32.2,20.4,0.5353,1
SBassett_SHW_01.18.2026_LS,SHW,1745,8757,145.96,312.4,158.0,32.9,21.9,0.51,1
SBassett_SHW_01.18.2026_LS,SHW,1745,8758,145.98,309.1,158.0,32.2,22.4,0.5413,1
SBassett_SHW_01.18.2026_LS,SHW,1745,8759,146.0,307.0,159.3,32.1,22.2,0.681,1
SBassett_SHW_01.18.2026_LS,SHW,1745,8760,146.01,304.1,160.3,32.3,20.3,0.4578,1
SBassett_SHW_01.18.2026_LS,SHW,1745,8761,146.03,300.5,159.7,33.3,20.4,0.624,1
SBassett_SHW_01.18.2026_LS,SHW,1745,8762,146.05,298.0,160.2,32.7,20.9,0.7087,1
SBassett_SHW_01.18.2026_LS,SHW,1745,8763,146.06,294.9,161.3,33.8,20.5,0.305,1
SBassett_SHW_01.18.2026_LS,SHW,1745,8765,146.1,288.1,160.8,33.9,20.2,0.5176,1
SBassett_SHW_01.18.2026_LS,SHW,1745,8766,146.11,285.0,161.4,34.2,20.4,0.544,1
SBassett_SHW_01.18.2026_LS,SHW,1745,8767,146.13,281.8,160.9,35.3,21.5,0.3628,1
SBassett_SHW_01.18.2026_LS,SHW,1745,8768,146.15,277.0,160.4,35.4,20.0,0.2845,1
SBassett_SHW_01.18.2026_LS,SHW,1745,8769,146.16,273.1,159.4,35.7,19.5,0.2645,1
SBassett_SHW_01.18.2026_LS,SHW,1745,8770,146.18,270.2,158.9,34.6,19.6,0.7007,1
SBassett_SHW_01.18.2026_LS,SHW,1745,8771,146.2,266.7,158.4,34.3,19.4,0.6064,1
SBassett_SHW_01.18.2026_LS,SHW,1745,8772,146.21,261.6,156.6,32.8,19.6,0.5731,1
SBassett_SHW_01.18.2026_LS,SHW,1745,8773,146.23,257.6,155.2,32.7,19.3,0.3826,1
SBassett_SHW_01.18.2026_LS,SHW,1745,8774,146.25,255.0,155.0,33.6,19.7,0.3704,1
SBassett_SHW_01.18.2026_LS,SHW,1745,8775,146.26,252.4,155.4,33.4,19.1,0.3189,1
SBassett_SHW_01.18.2026_LS,SHW,1745,8776,146.28,249.1,153.4,33.2,20.2,0.2054,1
SBassett_SHW_01.18.2026_LS,SHW,1745,8777,146.3,244.5,152.1,34.1,20.0,0.1895,1
SBassett_SHW_01.18.2026_LS,SHW,1745,8778,146.31,241.1,151.1,34.7,19.7,0.2336,1
SBassett_SHW_01.18.2026_LS,SHW,1745,8779,146.33,237.2,150.0,35.4,19.4,0.4192,1
SBassett_SHW_01.18.2026_LS,SHW,1745,8780,146.35,234.1,149.9,35.4,18.8,0.587,1
SBassett_SHW_01.18.2026_LS,SHW,1745,8781,146.36,230.6,149.1,35.3,20.2,0.3993,1
SBassett_SHW_01.18.2026_LS,SHW,1748,8746,145.78,285.3,161.0,34.3,27.3,0.565,1
SBassett_SHW_01.18.2026_LS,SHW,1748,8747,145.8,281.9,160.4,39.9,32.4,0.6925,1
SBassett_SHW_01.18.2026_LS,SHW,1748,8748,145.81,276.1,159.7,43.2,36.3,0.6528,1
SBassett_SHW_01.18.2026_LS,SHW,1748,8749,145.83,270.8,159.8,44.4,36.4,0.7128,1
SBassett_SHW_01.18.2026_LS,SHW,1748,8750,145.85,266.8,160.7,46.0,37.2,0.6226,1
SBassett_SHW_01.18.2026_LS,SHW,1748,8751,145.86,263.4,160.6,47.8,37.7,0.5841,1
SBassett_SHW_01.18.2026_LS,SHW,1748,8752,145.88,258.0,159.3,49.0,37.4,0.5244,1
SBassett_SHW_01.18.2026_LS,SHW,1748,8753,145.9,254.6,158.2,49.7,37.6,0.5719,1
SBassett_SHW_01.18.2026_LS,SHW,1748,8754,145.91,252.9,157.7,49.8,36.6,0.5799,1
SBassett_SHW_01.18.2026_LS,SHW,1748,8755,145.93,250.4,157.7,52.2,38.9,0.3764,1
SBassett_SHW_01.18.2026_LS,SHW,1748,8756,145.95,246.7,157.1,51.3,38.0,0.5068,1
SBassett_SHW_01.18.2026_LS,SHW,1748,8757,145.96,243.9,157.5,50.4,36.9,0.4694,1
SBassett_SHW_01.18.2026_LS,SHW,1748,8758,145.98,240.5,157.8,49.6,36.7,0.7151,1
SBassett_SHW_01.18.2026_LS,SHW,1748,8759,146.0,238.8,158.7,50.5,38.1,0.553,1
SBassett_SHW_01.18.2026_LS,SHW,1748,8760,146.01,235.0,159.3,49.0,37.2,0.3166,1
SBassett_SHW_01.18.2026_LS,SHW,1748,8761,146.03,230.7,158.9,47.6,36.8,0.627,1
SBassett_SHW_01.18.2026_LS,SHW,1748,8762,146.05,229.2,160.3,47.5,37.6,0.6557,1
SBassett_SHW_01.18.2026_LS,SHW,1748,8763,146.06,226.6,160.8,47.6,37.6,0.5725,1
SBassett_SHW_01.18.2026_LS,SHW,1748,8764,146.08,224.1,160.6,48.4,37.5,0.7577,1
SBassett_SHW_01.18.2026_LS,SHW,1748,8765,146.1,221.6,159.4,48.8,36.3,0.667,1
SBassett_SHW_01.18.2026_LS,SHW,1748,8766,146.11,218.5,159.3,48.4,36.0,0.4247,1
SBassett_SHW_01.18.2026_LS,SHW,1748,8767,146.13,215.4,158.5,48.7,35.7,0.4186,1
SBassett_SHW_01.18.2026_LS,SHW,1748,8768,146.15,210.7,157.8,47.7,35.3,0.5435,1
SBassett_SHW_01.18.2026_LS,SHW,1748,8769,146.16,207.6,156.7,48.8,35.5,0.4426,1
SBassett_SHW_01.18.2026_LS,SHW,1748,8770,146.18,205.6,155.7,49.0,36.0,0.4533,1
SBassett_SHW_01.18.2026_LS,SHW,1748,8771,146.2,201.9,155.3,48.6,37.0,0.5316,1
SBassett_SHW_01.18.2026_LS,SHW,1748,8772,146.21,196.5,153.9,47.7,38.6,0.4902,1
SBassett_SHW_01.18.2026_LS,SHW,1748,8773,146.23,193.2,152.5,48.2,38.1,0.5902,1
SBassett_SHW_01.18.2026_LS,SHW,1748,8774,146.25,191.0,152.4,48.6,38.0,0.4664,1
SBassett_SHW_01.18.2026_LS,SHW,1748,8775,146.26,187.2,151.5,48.6,37.5,0.3998,1
SBassett_SHW_01.18.2026_LS,SHW,1748,8776,146.28,183.1,150.4,47.4,38.6,0.3918,1
SBassett_SHW_01.18.2026_LS,SHW,1748,8777,146.3,178.9,148.9,48.0,38.5,0.5132,1
SBassett_SHW_01.18.2026_LS,SHW,1748,8778,146.31,176.6,147.2,49.1,39.1,0.4696,1
SBassett_SHW_01.18.2026_LS,SHW,1748,8779,146.33,174.0,145.6,48.1,39.5,0.5209,1
SBassett_SHW_01.18.2026_LS,SHW,1748,8780,146.35,171.1,144.7,48.2,39.2,0.3227,1
SBassett_SHW_01.18.2026_LS,SHW,1748,8781,146.36,169.1,144.5,47.5,38.9,0.4054,1
SBassett_SHW_01.18.2026_LS,SHW,1748,8782,146.38,164.3,143.9,49.1,39.5,0.5091,1
SBassett_SHW_01.18.2026_LS,SHW,1748,8783,146.4,161.7,143.8,49.9,39.3,0.2627,1
SBassett_SHW_01.18.2026_LS,SHW,1748,8784,146.41,158.6,143.0,49.4,38.6,0.465,1
SBassett_SHW_01.18.2026_LS,SHW,1748,8785,146.43,155.4,142.9,48.1,37.5,0.1366,1
SBassett_SHW_01.18.2026_LS,SHW,1748,8786,146.45,152.5,142.9,48.0,36.8,0.2447,1
SBassett_SHW_01.18.2026_LS,SHW,1748,8788,146.48,143.7,141.4,48.6,39.3,0.479,1
SBassett_SHW_01.18.2026_LS,SHW,1748,8789,146.5,139.6,140.7,49.0,39.9,0.1731,1
SBassett_SHW_01.18.2026_LS,SHW,1748,8791,146.53,134.1,138.9,49.2,41.0,0.4032,1
SBassett_SHW_01.18.2026_LS,SHW,1748,8792,146.55,129.4,137.9,51.4,42.5,0.1139,1
SBassett_SHW_01.18.2026_LS,SHW,1748,8793,146.56,125.6,137.1,49.5,41.5,0.2069,1
SBassett_SHW_01.18.2026_LS,SHW,1748,8794,146.58,122.0,137.2,49.4,41.1,0.3138,1
SBassett_SHW_01.18.2026_LS,SHW,1748,8795,146.6,118.1,137.1,48.9,41.2,0.2189,1
SBassett_SHW_01.18.2026_LS,SHW,1748,8796,146.61,113.4,137.3,48.5,41.3,0.2646,1
SBassett_SHW_01.18.2026_LS,SHW,1748,8797,146.63,109.5,137.0,48.6,41.4,0.3889,1
SBassett_SHW_01.18.2026_LS,SHW,1748,8798,146.65,105.4,138.3,49.7,40.5,0.4466,1
SBassett_SHW_01.18.2026_LS,SHW,1748,8799,146.66,102.1,139.1,49.8,40.6,0.3958,1
SBassett_SHW_01.18.2026_LS,SHW,1748,8800,146.68,96.4,138.1,50.3,40.8,0.3583,1
SBassett_SHW_01.18.2026_LS,SHW,1748,8801,146.7,93.0,139.1,50.9,40.4,0.4354,1
SBassett_SHW_01.18.2026_LS,SHW,1748,8802,146.71,88.1,140.5,50.7,39.7,0.2941,1
SBassett_SHW_01.18.2026_LS,SHW,1748,8803,146.73,84.6,141.2,50.3,39.3,0.1524,1
SBassett_SHW_01.18.2026_LS,SHW,1748,8804,146.75,80.5,142.1,51.0,39.0,0.1977,1
SBassett_SHW_01.18.2026_LS,SHW,1748,8808,146.81,64.8,146.1,51.2,41.0,0.3387,1
SBassett_SHW_01.18.2026_LS,SHW,1748,8809,146.83,60.6,146.9,50.9,40.8,0.407,1
SBassett_SHW_01.18.2026_LS,SHW,1748,8810,146.85,55.7,148.9,51.4,40.5,0.5631,1
SBassett_SHW_01.18.2026_LS,SHW,1748,8811,146.86,52.1,151.1,51.8,40.0,0.4783,1
SBassett_SHW_01.18.2026_LS,SHW,1748,8812,146.88,48.2,152.9,52.2,40.4,0.4589,1
SBassett_SHW_01.18.2026_LS,SHW,1748,8813,146.9,43.6,153.7,52.6,40.7,0.267,1
SBassett_SHW_01.18.2026_LS,SHW,1748,8814,146.91,40.5,154.7,51.3,41.2,0.391,1
SBassett_SHW_01.18.2026_LS,SHW,1748,8815,146.93,37.0,155.6,52.5,41.8,0.3678,1
SBassett_SHW_01.18.2026_LS,SHW,1748,8816,146.95,33.4,158.1,52.0,41.6,0.5441,1
SBassett_SHW_01.18.2026_LS,SHW,1748,8817,146.96,29.4,158.9,51.8,41.5,0.6075,1
SBassett_SHW_01.18.2026_LS,SHW,1748,8818,146.98,25.9,160.2,51.6,41.8,0.6123,1
SBassett_SHW_01.18.2026_LS,SHW,1748,8819,147.0,23.8,161.7,47.5,41.8,0.5293,1
SBassett_SHW_01.18.2026_LS,SHW,1748,8820,147.01,22.3,161.7,44.5,42.3,0.3794,1
SBassett_SHW_01.18.2026_LS,SHW,1748,8821,147.03,19.5,160.6,39.1,41.9,0.4739,1
SBassett_SHW_01.18.2026_LS,SHW,1748,8822,147.05,17.8,161.4,35.7,42.8,0.4318,1
SBassett_SHW_01.18.2026_LS,SHW,1748,8823,147.06,16.6,161.0,33.3,42.0,0.3823,1
SBassett_SHW_01.18.2026_LS,SHW,1748,8824,147.08,13.8,160.4,27.7,42.8,0.1514,1
SBassett_SHW_01.18.2026_LS,SHW,1759,8957,149.3,448.9,167.0,34.7,24.6,0.447,1
SBassett_SHW_01.18.2026_LS,SHW,1759,8958,149.31,446.4,168.1,36.0,24.1,0.3883,1
SBassett_SHW_01.18.2026_LS,SHW,1759,8959,149.33,443.8,168.0,34.8,22.0,0.4381,1
SBassett_SHW_01.18.2026_LS,SHW,1759,8960,149.35,440.4,169.9,36.3,22.9,0.5517,1
SBassett_SHW_01.18.2026_LS,SHW,1759,8961,149.36,437.1,172.2,35.8,21.3,0.4639,1
SBassett_SHW_01.18.2026_LS,SHW,1759,8962,149.38,435.1,172.5,34.9,21.8,0.4713,1
SBassett_SHW_01.18.2026_LS,SHW,1759,8963,149.4,433.8,176.1,36.1,20.7,0.4375,1
SBassett_SHW_01.18.2026_LS,SHW,1759,8964,149.41,432.3,179.0,36.2,21.1,0.3156,1
SBassett_SHW_01.18.2026_LS,SHW,1759,8965,149.43,429.5,182.0,38.2,19.8,0.3445,1
SBassett_SHW_01.18.2026_LS,SHW,1759,8966,149.45,426.1,184.8,39.7,19.6,0.419,1
SBassett_SHW_01.18.2026_LS,SHW,1759,8968,149.48,421.9,184.6,36.9,27.7,0.492,1
SBassett_SHW_01.18.2026_LS,SHW,1759,8969,149.5,418.2,185.7,38.6,27.0,0.5365,1
SBassett_SHW_01.18.2026_LS,SHW,1759,8970,149.51,414.6,189.9,39.6,22.5,0.4471,1
SBassett_SHW_01.18.2026_LS,SHW,1759,8971,149.53,412.8,188.4,39.4,23.5,0.5168,1
SBassett_SHW_01.18.2026_LS,SHW,1759,8972,149.55,410.3,191.8,39.1,21.7,0.3412,1
SBassett_SHW_01.18.2026_LS,SHW,1759,8973,149.56,407.1,193.9,40.6,21.3,0.3313,1
SBassett_SHW_01.18.2026_LS,SHW,1759,8974,149.58,404.4,193.5,39.8,20.9,0.3313,1
SBassett_SHW_01.18.2026_LS,SHW,1759,8975,149.6,402.1,193.6,39.0,21.6,0.4995,1
SBassett_SHW_01.18.2026_LS,SHW,1759,8976,149.61,399.1,194.4,38.9,24.0,0.4238,1
SBassett_SHW_01.18.2026_LS,SHW,1759,8977,149.63,396.5,195.2,38.7,24.4,0.4614,1
SBassett_SHW_01.18.2026_LS,SHW,1759,8978,149.65,394.2,196.0,39.4,23.7,0.4871,1
SBassett_SHW_01.18.2026_LS,SHW,1759,8979,149.66,391.9,197.3,38.2,26.2,0.4413,1
SBassett_SHW_01.18.2026_LS,SHW,1759,8980,149.68,390.2,197.5,36.9,25.6,0.3352,1
SBassett_SHW_01.18.2026_LS,SHW,1759,8981,149.7,387.1,198.1,35.0,24.6,0.4271,1
SBassett_SHW_01.18.2026_LS,SHW,1759,8982,149.71,384.2,198.3,34.4,24.2,0.3286,1
SBassett_SHW_01.18.2026_LS,SHW,1759,8983,149.73,381.9,199.1,34.4,23.4,0.3484,1
SBassett_SHW_01.18.2026_LS,SHW,1759,8984,149.75,379.3,200.2,34.4,24.6,0.4685,1
SBassett_SHW_01.18.2026_LS,SHW,1759,8985,149.76,376.4,201.3,34.0,24.0,0.3334,1
SBassett_SHW_01.18.2026_LS,SHW,1759,8986,149.78,373.6,202.0,35.4,23.5,0.3871,1
SBassett_SHW_01.18.2026_LS,SHW,1759,8987,149.8,371.0,202.8,34.5,24.5,0.1857,1
SBassett_SHW_01.18.2026_LS,SHW,1759,8988,149.81,368.7,203.8,34.4,24.8,0.1115,1
SBassett_SHW_01.18.2026_LS,SHW,1760,8962,149.38,288.7,188.7,53.8,30.6,0.6338,0
SBassett_SHW_01.18.2026_LS,SHW,1760,8963,149.4,283.4,191.4,56.9,29.5,0.1298,0
SBassett_SHW_01.18.2026_LS,SHW,1760,8964,149.41,284.5,194.7,52.5,30.2,0.3313,0
SBassett_SHW_01.18.2026_LS,SHW,1760,8965,149.43,281.4,195.9,49.8,29.0,0.516,0
SBassett_SHW_01.18.2026_LS,SHW,1760,8966,149.45,276.4,195.0,56.1,29.0,0.6351,0
SBassett_SHW_01.18.2026_LS,SHW,1760,8967,149.46,271.2,195.2,60.5,30.1,0.5456,0
SBassett_SHW_01.18.2026_LS,SHW,1760,8968,149.48,272.9,197.1,53.1,29.5,0.6168,0
SBassett_SHW_01.18.2026_LS,SHW,1760,8969,149.5,271.4,199.4,59.0,27.0,0.1474,0
SBassett_SHW_01.18.2026_LS,SHW,1760,8970,149.51,268.2,200.2,59.5,25.1,0.1773,0
SBassett_SHW_01.18.2026_LS,SHW,1760,8971,149.53,266.2,200.8,57.0,26.1,0.1017,0
SBassett_SHW_01.18.2026_LS,SHW,1762,8976,149.61,627.6,171.6,23.7,29.2,0.5624,0
SBassett_SHW_01.18.2026_LS,SHW,1762,8977,149.63,624.6,173.1,29.2,30.8,0.5867,0
SBassett_SHW_01.18.2026_LS,SHW,1762,8978,149.65,622.0,174.0,33.5,34.1,0.3483,0
SBassett_SHW_01.18.2026_LS,SHW,1762,8979,149.66,618.3,174.3,37.3,36.4,0.2822,0
SBassett_SHW_01.18.2026_LS,SHW,1762,8980,149.68,612.5,176.8,37.2,34.0,0.1266,0
SBassett_SHW_01.18.2026_LS,SHW,1762,8981,149.7,605.6,178.0,34.4,32.1,0.1445,0
SBassett_SHW_01.18.2026_LS,SHW,1762,8984,149.75,591.0,181.4,35.9,32.0,0.3054,0
SBassett_SHW_01.18.2026_LS,SHW,1762,8985,149.76,585.6,183.6,36.3,32.6,0.4557,0
SBassett_SHW_01.18.2026_LS,SHW,1762,8986,149.78,578.8,184.8,33.1,31.5,0.3884,0
SBassett_SHW_01.18.2026_LS,SHW,1764,8993,149.9,611.8,194.9,49.0,39.2,0.5991,0
SBassett_SHW_01.18.2026_LS,SHW,1764,8994,149.91,605.4,195.5,48.5,36.5,0.4429,0
SBassett_SHW_01.18.2026_LS,SHW,1764,8995,149.93,596.6,194.7,40.0,29.8,0.5075,0
SBassett_SHW_01.18.2026_LS,SHW,1773,9015,150.26,292.4,248.9,29.7,27.0,0.4603,1
SBassett_SHW_01.18.2026_LS,SHW,1773,9016,150.28,289.7,248.9,29.8,26.1,0.4401,1
SBassett_SHW_01.18.2026_LS,SHW,1773,9017,150.3,285.9,248.7,31.3,24.9,0.468,1
SBassett_SHW_01.18.2026_LS,SHW,1773,9018,150.31,281.6,248.7,37.8,32.0,0.2152,1
SBassett_SHW_01.18.2026_LS,SHW,1773,9019,150.33,278.6,250.8,36.9,30.8,0.5379,1
SBassett_SHW_01.18.2026_LS,SHW,1773,9020,150.35,275.6,251.8,35.0,28.7,0.2419,1
SBassett_SHW_01.18.2026_LS,SHW,1773,9021,150.36,272.6,254.3,32.7,28.1,0.1846,1
SBassett_SHW_01.18.2026_LS,SHW,1773,9022,150.38,270.8,255.9,29.6,25.7,0.1351,1
SBassett_SHW_01.18.2026_LS,SHW,1773,9023,150.4,269.0,258.9,28.5,26.3,0.1033,1
SBassett_SHW_01.18.2026_LS,SHW,1773,9027,150.46,257.0,265.5,30.0,25.5,0.4161,1
SBassett_SHW_01.18.2026_LS,SHW,1773,9028,150.48,253.7,266.4,30.1,26.1,0.2117,1
SBassett_SHW_01.18.2026_LS,SHW,1773,9029,150.5,248.1,265.8,33.1,28.1,0.4132,1
SBassett_SHW_01.18.2026_LS,SHW,1773,9030,150.51,243.1,265.5,31.0,28.2,0.3757,1
SBassett_SHW_01.18.2026_LS,SHW,1773,9031,150.53,241.0,267.1,31.9,28.2,0.2268,1
SBassett_SHW_01.18.2026_LS,SHW,1773,9033,150.56,236.8,268.3,34.2,31.5,0.3955,1
SBassett_SHW_01.18.2026_LS,SHW,1773,9036,150.61,228.2,270.8,35.0,26.2,0.2959,1
SBassett_SHW_01.18.2026_LS,SHW,1773,9037,150.63,224.0,270.9,32.7,26.1,0.5079,1
SBassett_SHW_01.18.2026_LS,SHW,1773,9038,150.65,220.4,269.3,30.8,24.7,0.486,1
SBassett_SHW_01.18.2026_LS,SHW,1773,9039,150.66,218.5,270.8,31.0,25.5,0.4707,1
SBassett_SHW_01.18.2026_LS,SHW,1773,9040,150.68,215.6,270.6,32.2,25.4,0.4453,1
SBassett_SHW_01.18.2026_LS,SHW,1773,9041,150.7,212.3,268.7,31.0,25.4,0.4549,1
SBassett_SHW_01.18.2026_LS,SHW,1773,9042,150.71,209.9,268.5,31.8,25.7,0.2232,1
SBassett_SHW_01.18.2026_LS,SHW,1773,9043,150.73,206.4,267.2,29.9,24.9,0.3055,1
SBassett_SHW_01.18.2026_LS,SHW,1773,9044,150.75,201.5,265.3,28.1,23.6,0.3341,1
SBassett_SHW_01.18.2026_LS,SHW,1773,9045,150.76,198.9,264.9,29.1,23.2,0.4165,1
SBassett_SHW_01.18.2026_LS,SHW,1773,9046,150.78,196.5,265.4,29.5,21.6,0.244,1
SBassett_SHW_01.18.2026_LS,SHW,1773,9047,150.8,193.7,265.8,30.3,20.4,0.3195,1
SBassett_SHW_01.18.2026_LS,SHW,1773,9048,150.81,190.8,265.5,33.2,19.0,0.2546,1
SBassett_SHW_01.18.2026_LS,SHW,1773,9066,151.11,126.5,263.4,33.8,28.0,0.51,1
SBassett_SHW_01.18.2026_LS,SHW,1773,9067,151.13,122.5,265.0,31.8,28.3,0.3551,1
SBassett_SHW_01.18.2026_LS,SHW,1773,9068,151.15,118.6,265.9,32.4,29.3,0.2699,1
SBassett_SHW_01.18.2026_LS,SHW,1773,9069,151.16,116.1,267.8,30.9,27.2,0.137,1
SBassett_SHW_01.18.2026_LS,SHW,1774,9016,150.28,65.7,280.9,23.6,18.2,0.5967,1
SBassett_SHW_01.18.2026_LS,SHW,1774,9017,150.3,61.9,281.9,23.1,17.9,0.4157,1
SBassett_SHW_01.18.2026_LS,SHW,1774,9018,150.31,58.4,283.9,23.2,18.0,0.2718,1
SBassett_SHW_01.18.2026_LS,SHW,1774,9019,150.33,55.7,284.7,24.7,18.6,0.1058,1
SBassett_SHW_01.18.2026_LS,SHW,1774,9022,150.38,46.3,289.9,25.4,20.2,0.4963,1
SBassett_SHW_01.18.2026_LS,SHW,1774,9023,150.4,43.8,291.6,26.5,20.6,0.6638,1
SBassett_SHW_01.18.2026_LS,SHW,1774,9024,150.41,40.8,291.9,27.6,20.6,0.5751,1
SBassett_SHW_01.18.2026_LS,SHW,1774,9025,150.43,36.2,292.6,27.7,19.5,0.4819,1
SBassett_SHW_01.18.2026_LS,SHW,1774,9026,150.45,32.6,293.9,27.5,19.8,0.5621,1
SBassett_SHW_01.18.2026_LS,SHW,1774,9027,150.46,32.0,298.1,25.7,21.6,0.4867,1
SBassett_SHW_01.18.2026_LS,SHW,1774,9028,150.48,30.1,299.1,26.2,20.4,0.476,1
SBassett_SHW_01.18.2026_LS,SHW,1774,9029,150.5,25.7,297.9,25.5,18.0,0.4835,1
SBassett_SHW_01.18.2026_LS,SHW,1774,9030,150.51,21.2,297.7,23.5,17.7,0.471,1
SBassett_SHW_01.18.2026_LS,SHW,1774,9032,150.55,17.9,303.0,23.5,16.9,0.6605,1
SBassett_SHW_01.18.2026_LS,SHW,1774,9033,150.56,13.7,302.4,23.3,17.3,0.5849,1
SBassett_SHW_01.18.2026_LS,SHW,1774,9034,150.58,9.4,302.6,18.9,17.0,0.5274,1
SBassett_SHW_01.18.2026_LS,SHW,1774,9035,150.6,7.6,303.8,15.2,15.9,0.5122,1
SBassett_SHW_01.18.2026_LS,SHW,1782,9030,150.51,429.6,253.1,68.7,47.2,0.676,1
SBassett_SHW_01.18.2026_LS,SHW,1782,9032,150.55,428.4,259.4,53.7,40.1,0.6601,1
SBassett_SHW_01.18.2026_LS,SHW,1782,9033,150.56,415.9,261.0,66.7,42.3,0.1403,1
SBassett_SHW_01.18.2026_LS,SHW,1782,9034,150.58,414.4,261.2,53.5,41.5,0.4666,1
SBassett_SHW_01.18.2026_LS,SHW,1782,9035,150.6,401.8,262.0,65.2,43.3,0.5804,1
SBassett_SHW_01.18.2026_LS,SHW,1782,9036,150.61,396.8,263.5,65.5,42.4,0.7212,1
SBassett_SHW_01.18.2026_LS,SHW,1782,9037,150.63,396.7,262.6,53.6,43.7,0.5539,1
SBassett_SHW_01.18.2026_LS,SHW,1782,9038,150.65,384.4,262.1,66.0,45.1,0.6398,1
SBassett_SHW_01.18.2026_LS,SHW,1782,9039,150.66,378.0,264.1,68.8,45.3,0.7047,1
SBassett_SHW_01.18.2026_LS,SHW,1782,9040,150.68,371.2,264.9,69.9,45.8,0.6828,1
SBassett_SHW_01.18.2026_LS,SHW,1782,9041,150.7,364.6,264.3,70.4,44.6,0.657,1
SBassett_SHW_01.18.2026_LS,SHW,1782,9042,150.71,358.8,265.0,70.9,45.2,0.6588,1
SBassett_SHW_01.18.2026_LS,SHW,1782,9043,150.73,359.1,264.0,56.7,43.9,0.6789,1
SBassett_SHW_01.18.2026_LS,SHW,1782,9044,150.75,348.2,264.5,63.0,46.7,0.7102,1
SBassett_SHW_01.18.2026_LS,SHW,1782,9045,150.76,340.3,265.1,66.5,47.1,0.5952,1
SBassett_SHW_01.18.2026_LS,SHW,1782,9046,150.78,334.0,267.2,68.0,47.2,0.6004,1
SBassett_SHW_01.18.2026_LS,SHW,1782,9047,150.8,329.0,268.1,67.2,46.5,0.6223,1
SBassett_SHW_01.18.2026_LS,SHW,1782,9048,150.81,321.6,268.2,69.2,46.1,0.4907,1
SBassett_SHW_01.18.2026_LS,SHW,1782,9049,150.83,313.7,269.2,69.6,45.6,0.3172,1
SBassett_SHW_01.18.2026_LS,SHW,1782,9050,150.85,308.0,269.5,68.2,44.7,0.5566,1
SBassett_SHW_01.18.2026_LS,SHW,1782,9051,150.86,302.0,271.7,71.2,46.3,0.3782,1
SBassett_SHW_01.18.2026_LS,SHW,1782,9052,150.88,294.4,270.6,72.3,50.2,0.5971,1
SBassett_SHW_01.18.2026_LS,SHW,1782,9053,150.9,288.4,271.5,70.0,50.0,0.4624,1
SBassett_SHW_01.18.2026_LS,SHW,1782,9054,150.91,282.4,271.4,72.2,52.0,0.292,1
SBassett_SHW_01.18.2026_LS,SHW,1782,9055,150.93,283.5,273.3,58.9,51.4,0.6802,1
SBassett_SHW_01.18.2026_LS,SHW,1782,9056,150.95,271.0,273.2,70.4,49.4,0.3162,1
SBassett_SHW_01.18.2026_LS,SHW,1782,9057,150.96,262.0,274.0,74.0,49.4,0.4872,1
SBassett_SHW_01.18.2026_LS,SHW,1782,9058,150.98,256.6,275.5,73.0,47.1,0.2223,1
SBassett_SHW_01.18.2026_LS,SHW,1782,9059,151.0,249.9,275.3,73.4,48.2,0.1548,1
SBassett_SHW_01.18.2026_LS,SHW,1782,9069,151.16,177.8,294.2,71.3,46.8,0.4319,1
SBassett_SHW_01.18.2026_LS,SHW,1782,9070,151.18,171.3,297.5,70.5,45.5,0.369,1
SBassett_SHW_01.18.2026_LS,SHW,1782,9071,151.2,164.4,300.0,72.6,43.3,0.1783,1
SBassett_SHW_01.18.2026_LS,SHW,1782,9072,151.21,161.7,301.9,61.7,39.2,0.1175,1
SBassett_SHW_01.18.2026_LS,SHW,1790,9042,150.71,228.6,288.3,81.4,69.7,0.5801,0
SBassett_SHW_01.18.2026_LS,SHW,1790,9043,150.73,221.6,287.6,81.0,70.8,0.3896,0
SBassett_SHW_01.18.2026_LS,SHW,1790,9044,150.75,213.1,289.3,79.4,66.9,0.1328,0
SBassett_SHW_01.18.2026_LS,SHW,1791,9052,150.88,17.6,278.8,27.2,26.5,0.438,0
SBassett_SHW_01.18.2026_LS,SHW,1791,9054,150.91,11.4,276.6,22.8,27.8,0.3122,0
SBassett_SHW_01.18.2026_LS,SHW,1791,9055,150.93,9.6,277.1,19.3,29.6,0.2827,0
SBassett_SHW_01.18.2026_LS,SHW,1791,9056,150.95,7.8,276.0,15.6,30.0,0.2452,0
SBassett_SHW_01.18.2026_LS,SHW,1809,9088,151.48,412.3,265.3,86.1,77.5,0.3591,1
SBassett_SHW_01.18.2026_LS,SHW,1809,9091,151.53,386.8,270.6,86.8,79.1,0.4479,1
SBassett_SHW_01.18.2026_LS,SHW,1809,9092,151.55,375.6,273.9,82.9,78.5,0.5126,1
SBassett_SHW_01.18.2026_LS,SHW,1809,9093,151.56,369.0,274.7,92.7,80.3,0.5404,1
SBassett_SHW_01.18.2026_LS,SHW,1809,9094,151.58,360.3,276.8,89.6,80.6,0.7059,1
SBassett_SHW_01.18.2026_LS,SHW,1809,9095,151.6,352.1,278.6,87.7,80.3,0.7384,1
SBassett_SHW_01.18.2026_LS,SHW,1809,9096,151.61,343.0,280.5,88.7,79.7,0.6682,1
SBassett_SHW_01.18.2026_LS,SHW,1809,9097,151.63,330.0,279.8,89.3,80.9,0.3843,1
SBassett_SHW_01.18.2026_LS,SHW,1809,9098,151.65,323.3,282.4,90.0,80.9,0.6011,1
SBassett_SHW_01.18.2026_LS,SHW,1809,9099,151.66,315.8,284.7,91.7,81.5,0.266,1
SBassett_SHW_01.18.2026_LS,SHW,1809,9100,151.68,306.6,285.1,91.8,81.7,0.3377,1
SBassett_SHW_01.18.2026_LS,SHW,1809,9101,151.7,298.0,288.9,89.9,82.2,0.3098,1
SBassett_SHW_01.18.2026_LS,SHW,1809,9102,151.71,288.2,292.2,89.5,81.4,0.3445,1
SBassett_SHW_01.18.2026_LS,SHW,1809,9103,151.73,278.3,293.5,88.3,80.6,0.42,1
SBassett_SHW_01.18.2026_LS,SHW,1809,9108,151.81,231.8,301.4,87.4,83.0,0.4327,1
SBassett_SHW_01.18.2026_LS,SHW,1809,9109,151.83,226.3,302.6,96.7,85.9,0.2196,1
SBassett_SHW_01.18.2026_LS,SHW,1809,9110,151.85,213.3,304.5,92.2,85.8,0.4464,1
SBassett_SHW_01.18.2026_LS,SHW,1809,9111,151.86,201.2,307.4,86.9,85.9,0.1229,1
SBassett_SHW_01.18.2026_LS,SHW,1809,9112,151.88,194.5,308.0,87.9,85.7,0.1249,1
SBassett_SHW_01.18.2026_LS,SHW,1809,9113,151.9,185.9,309.2,87.9,83.5,0.266,1
SBassett_SHW_01.18.2026_LS,SHW,1809,9115,151.93,160.6,311.0,85.6,84.8,0.3527,1
SBassett_SHW_01.18.2026_LS,SHW,1809,9116,151.95,153.6,311.9,92.6,88.4,0.5028,1
SBassett_SHW_01.18.2026_LS,SHW,1809,9117,151.96,149.4,314.9,97.3,88.1,0.2729,1
SBassett_SHW_01.18.2026_LS,SHW,1809,9118,151.98,141.1,316.4,98.5,91.6,0.1523,1
SBassett_SHW_01.18.2026_LS,SHW,1809,9119,152.0,131.3,318.2,98.5,91.5,0.239,1
SBassett_SHW_01.18.2026_LS,SHW,1809,9125,152.1,80.5,333.0,119.4,94.0,0.3635,1
SBassett_SHW_01.18.2026_LS,SHW,1809,9126,152.11,71.1,334.5,124.5,89.6,0.2266,1
SBassett_SHW_01.18.2026_LS,SHW,1809,9127,152.13,58.1,337.5,116.2,97.9,0.2585,1
SBassett_SHW_01.18.2026_LS,SHW,1822,9116,151.95,202.9,309.5,107.5,88.4,0.6348,0
SBassett_SHW_01.18.2026_LS,SHW,1822,9117,151.96,192.8,310.7,113.3,88.2,0.4678,0
SBassett_SHW_01.18.2026_LS,SHW,1822,9118,151.98,178.7,312.7,118.7,88.1,0.5642,0
SBassett_SHW_01.18.2026_LS,SHW,1822,9119,152.0,167.6,315.7,121.1,86.0,0.7323,0
SBassett_SHW_01.18.2026_LS,SHW,1826,9996,166.61,544.3,60.7,32.9,26.7,0.3978,1
SBassett_SHW_01.18.2026_LS,SHW,1826,9997,166.63,540.9,61.1,33.0,25.8,0.6143,1
SBassett_SHW_01.18.2026_LS,SHW,1826,9998,166.65,541.1,64.1,37.1,25.6,0.5643,1
SBassett_SHW_01.18.2026_LS,SHW,1826,9999,166.66,539.9,68.2,41.6,25.8,0.4974,1
SBassett_SHW_01.18.2026_LS,SHW,1826,10000,166.68,536.9,68.1,40.9,27.4,0.3275,1
SBassett_SHW_01.18.2026_LS,SHW,1826,10001,166.7,534.7,68.3,39.8,28.5,0.3864,1
SBassett_SHW_01.18.2026_LS,SHW,1826,10002,166.71,535.4,69.8,41.1,28.3,0.2442,1
SBassett_SHW_01.18.2026_LS,SHW,1826,10003,166.73,536.9,72.1,38.6,26.7,0.3401,1
SBassett_SHW_01.18.2026_LS,SHW,1826,10004,166.75,536.6,72.0,37.2,26.3,0.1734,1
SBassett_SHW_01.18.2026_LS,SHW,1826,10009,166.83,522.2,76.4,43.2,26.3,0.378,1
SBassett_SHW_01.18.2026_LS,SHW,1826,10010,166.85,521.0,78.9,43.0,27.2,0.3491,1
SBassett_SHW_01.18.2026_LS,SHW,1826,10011,166.86,519.5,79.6,41.4,26.3,0.2682,1
SBassett_SHW_01.18.2026_LS,SHW,1826,10012,166.88,518.9,79.8,39.5,25.9,0.1027,1
SBassett_SHW_01.18.2026_LS,SHW,1826,10013,166.9,519.4,79.9,37.0,25.6,0.2829,1
SBassett_SHW_01.18.2026_LS,SHW,1826,10014,166.91,519.1,80.9,36.8,25.4,0.1535,1
SBassett_SHW_01.18.2026_LS,SHW,1826,10015,166.93,518.4,81.5,37.1,26.2,0.2463,1
SBassett_SHW_01.18.2026_LS,SHW,1826,10016,166.95,514.0,82.0,38.1,26.3,0.1986,1
SBassett_SHW_01.18.2026_LS,SHW,1826,10017,166.96,513.0,83.3,36.9,26.7,0.2049,1
SBassett_SHW_01.18.2026_LS,SHW,1829,10033,167.23,474.0,89.7,35.7,24.0,0.4957,0
SBassett_SHW_01.18.2026_LS,SHW,1829,10034,167.25,473.9,89.6,35.1,24.4,0.6108,0
SBassett_SHW_01.18.2026_LS,SHW,1829,10035,167.26,471.7,90.7,37.9,24.6,0.3445,0
SBassett_SHW_01.18.2026_LS,SHW,1829,10036,167.28,470.5,90.6,40.1,24.8,0.1055,0
SBassett_SHW_01.18.2026_LS,SHW,1885,13684,228.09,447.5,138.1,41.2,29.4,0.5983,1
SBassett_SHW_01.18.2026_LS,SHW,1885,13685,228.1,443.4,137.8,33.5,27.9,0.6966,1
SBassett_SHW_01.18.2026_LS,SHW,1885,13686,228.12,436.7,137.5,29.9,27.6,0.699,1
SBassett_SHW_01.18.2026_LS,SHW,1885,13687,228.14,431.1,136.0,38.3,30.5,0.5538,1
SBassett_SHW_01.18.2026_LS,SHW,1885,13688,228.15,425.5,134.4,38.5,31.4,0.541,1
SBassett_SHW_01.18.2026_LS,SHW,1885,13689,228.17,420.5,134.3,37.6,29.5,0.5704,1
SBassett_SHW_01.18.2026_LS,SHW,1885,13690,228.19,415.2,133.3,40.0,30.3,0.5133,1
SBassett_SHW_01.18.2026_LS,SHW,1885,13691,228.2,409.6,133.0,40.9,30.4,0.4241,1
SBassett_SHW_01.18.2026_LS,SHW,1885,13692,228.22,405.1,132.4,41.9,30.7,0.5477,1
SBassett_SHW_01.18.2026_LS,SHW,1885,13693,228.24,399.3,132.7,45.1,31.3,0.3173,1
SBassett_SHW_01.18.2026_LS,SHW,1885,13694,228.25,393.6,132.1,44.7,29.9,0.4696,1
SBassett_SHW_01.18.2026_LS,SHW,1885,13695,228.27,388.6,132.8,47.1,30.5,0.4968,1
SBassett_SHW_01.18.2026_LS,SHW,1885,13696,228.29,383.0,134.0,45.9,29.5,0.5416,1
SBassett_SHW_01.18.2026_LS,SHW,1885,13697,228.3,378.7,134.5,46.8,29.6,0.4652,1
SBassett_SHW_01.18.2026_LS,SHW,1885,13698,228.32,373.6,135.1,44.5,29.3,0.5599,1
SBassett_SHW_01.18.2026_LS,SHW,1885,13699,228.34,366.6,135.0,42.0,28.6,0.636,1
SBassett_SHW_01.18.2026_LS,SHW,1885,13700,228.35,361.5,135.5,40.0,27.4,0.6117,1
SBassett_SHW_01.18.2026_LS,SHW,1885,13701,228.37,356.0,135.7,40.6,28.4,0.5259,1
SBassett_SHW_01.18.2026_LS,SHW,1885,13702,228.39,350.2,137.3,41.9,28.4,0.5601,1
SBassett_SHW_01.18.2026_LS,SHW,1885,13703,228.4,344.6,137.5,41.4,27.9,0.5137,1
SBassett_SHW_01.18.2026_LS,SHW,1885,13704,228.42,339.2,137.5,40.9,28.8,0.5639,1
SBassett_SHW_01.18.2026_LS,SHW,1885,13705,228.44,333.2,139.0,41.8,31.1,0.5701,1
SBassett_SHW_01.18.2026_LS,SHW,1885,13706,228.45,326.3,140.1,42.8,30.9,0.6523,1
SBassett_SHW_01.18.2026_LS,SHW,1885,13707,228.47,319.9,141.0,43.4,31.4,0.6399,1
SBassett_SHW_01.18.2026_LS,SHW,1885,13708,228.49,315.5,142.2,46.1,32.4,0.6364,1
SBassett_SHW_01.18.2026_LS,SHW,1885,13709,228.5,311.0,143.3,46.3,32.6,0.6945,1
SBassett_SHW_01.18.2026_LS,SHW,1885,13710,228.52,303.7,142.7,44.1,31.3,0.7074,1
SBassett_SHW_01.18.2026_LS,SHW,1885,13711,228.54,299.8,142.9,49.2,32.5,0.6839,1
SBassett_SHW_01.18.2026_LS,SHW,1885,13712,228.55,293.3,144.5,46.3,33.6,0.6731,1
SBassett_SHW_01.18.2026_LS,SHW,1885,13713,228.57,286.2,144.7,42.5,31.3,0.6917,1
SBassett_SHW_01.18.2026_LS,SHW,1885,13714,228.59,279.5,145.5,39.4,31.0,0.6936,1
SBassett_SHW_01.18.2026_LS,SHW,1885,13715,228.6,272.6,146.4,39.2,30.3,0.6727,1
SBassett_SHW_01.18.2026_LS,SHW,1885,13716,228.62,267.3,147.4,38.2,28.7,0.7282,1
SBassett_SHW_01.18.2026_LS,SHW,1885,13717,228.64,261.1,149.4,37.1,28.0,0.639,1
SBassett_SHW_01.18.2026_LS,SHW,1885,13718,228.65,255.2,152.3,38.1,30.8,0.6511,1
SBassett_SHW_01.18.2026_LS,SHW,1885,13719,228.67,249.9,152.6,38.5,29.2,0.6807,1
SBassett_SHW_01.18.2026_LS,SHW,1885,13720,228.69,243.9,154.0,39.0,29.8,0.6599,1
SBassett_SHW_01.18.2026_LS,SHW,1885,13721,228.7,239.6,157.6,42.5,31.6,0.5403,1
SBassett_SHW_01.18.2026_LS,SHW,1885,13722,228.72,234.1,160.0,42.8,31.8,0.6558,1
SBassett_SHW_01.18.2026_LS,SHW,1885,13723,228.74,227.6,162.3,44.6,33.3,0.6554,1
SBassett_SHW_01.18.2026_LS,SHW,1885,13724,228.75,220.6,162.5,43.1,32.1,0.629,1
SBassett_SHW_01.18.2026_LS,SHW,1885,13725,228.77,213.5,163.8,42.6,30.3,0.661,1
SBassett_SHW_01.18.2026_LS,SHW,1885,13726,228.79,207.4,167.5,42.0,33.9,0.6431,1
SBassett_SHW_01.18.2026_LS,SHW,1885,13727,228.8,202.1,169.8,43.0,32.8,0.6848,1
SBassett_SHW_01.18.2026_LS,SHW,1885,13728,228.82,195.5,169.6,43.6,32.4,0.6738,1
SBassett_SHW_01.18.2026_LS,SHW,1885,13729,228.84,187.8,171.1,40.1,31.8,0.6875,1
SBassett_SHW_01.18.2026_LS,SHW,1885,13730,228.85,182.4,173.7,43.3,34.9,0.6493,1
SBassett_SHW_01.18.2026_LS,SHW,1885,13731,228.87,175.7,175.0,43.4,33.6,0.6759,1
SBassett_SHW_01.18.2026_LS,SHW,1885,13732,228.89,169.1,175.9,41.7,31.6,0.656,1
SBassett_SHW_01.18.2026_LS,SHW,1885,13733,228.9,163.2,177.2,40.7,28.8,0.6724,1
SBassett_SHW_01.18.2026_LS,SHW,1885,13734,228.92,157.8,177.1,41.9,27.3,0.7511,1
SBassett_SHW_01.18.2026_LS,SHW,1885,13735,228.94,152.5,177.8,39.9,26.3,0.7134,1
SBassett_SHW_01.18.2026_LS,SHW,1885,13736,228.95,145.1,178.5,37.9,25.5,0.6677,1
SBassett_SHW_01.18.2026_LS,SHW,1885,13737,228.97,138.3,178.5,40.9,26.1,0.5957,1
SBassett_SHW_01.18.2026_LS,SHW,1885,13738,228.99,132.1,179.4,39.7,26.7,0.6461,1
SBassett_SHW_01.18.2026_LS,SHW,1885,13739,229.0,126.0,180.9,37.1,25.2,0.5779,1
SBassett_SHW_01.18.2026_LS,SHW,1885,13740,229.02,119.6,182.0,35.8,25.2,0.4097,1
SBassett_SHW_01.18.2026_LS,SHW,1885,13741,229.04,112.4,182.3,33.8,24.8,0.3361,1
SBassett_SHW_01.18.2026_LS,SHW,1885,13742,229.05,105.5,183.2,32.9,24.6,0.6135,1
SBassett_SHW_01.18.2026_LS,SHW,1885,13743,229.07,98.2,184.0,33.5,25.0,0.6221,1
SBassett_SHW_01.18.2026_LS,SHW,1885,13744,229.09,90.9,183.5,35.2,24.4,0.6174,1
SBassett_SHW_01.18.2026_LS,SHW,1885,13745,229.1,84.5,184.1,34.3,24.7,0.7,1
SBassett_SHW_01.18.2026_LS,SHW,1885,13746,229.12,77.1,184.3,34.0,24.3,0.6779,1
SBassett_SHW_01.18.2026_LS,SHW,1885,13747,229.14,69.5,183.9,36.5,24.8,0.6393,1
SBassett_SHW_01.18.2026_LS,SHW,1885,13748,229.15,61.9,184.8,38.6,25.7,0.5634,1
SBassett_SHW_01.18.2026_LS,SHW,1885,13749,229.17,55.8,185.1,40.9,26.8,0.5615,1
SBassett_SHW_01.18.2026_LS,SHW,1885,13750,229.19,48.9,186.4,39.5,27.3,0.3861,1
SBassett_SHW_01.18.2026_LS,SHW,1885,13751,229.2,43.5,186.8,39.1,28.8,0.6414,1
SBassett_SHW_01.18.2026_LS,SHW,1885,13752,229.22,36.2,189.1,46.1,32.0,0.4265,1
SBassett_SHW_01.18.2026_LS,SHW,1885,13754,229.25,23.3,189.7,44.4,31.4,0.4252,1
SBassett_SHW_01.18.2026_LS,SHW,1885,13755,229.27,19.4,191.8,38.7,36.3,0.577,1
SBassett_SHW_01.18.2026_LS,SHW,1885,13756,229.29,14.6,192.2,29.3,37.3,0.5274,1
SBassett_SHW_01.18.2026_LS,SHW,1885,13757,229.3,13.1,191.9,26.2,36.1,0.4917,1
SBassett_SHW_01.18.2026_LS,SHW,1885,13758,229.32,13.6,193.9,27.2,37.1,0.3922,1
SBassett_SHW_01.18.2026_LS,SHW,1887,13740,229.02,629.1,48.3,21.0,18.7,0.5236,0
SBassett_SHW_01.18.2026_LS,SHW,1887,13741,229.04,628.0,47.1,22.5,18.1,0.5168,0
SBassett_SHW_01.18.2026_LS,SHW,1887,13742,229.05,626.4,45.9,24.6,18.3,0.5618,0
SBassett_SHW_01.18.2026_LS,SHW,1887,13743,229.07,623.0,45.9,27.1,18.9,0.3585,0
SBassett_SHW_01.18.2026_LS,SHW,1887,13744,229.09,622.5,43.5,27.1,18.8,0.3078,0
SBassett_SHW_01.18.2026_LS,SHW,1887,13745,229.1,620.2,43.3,26.6,18.9,0.3681,0
SBassett_SHW_01.18.2026_LS,SHW,1887,13746,229.12,618.7,42.3,26.1,18.4,0.4889,0
SBassett_SHW_01.18.2026_LS,SHW,1887,13747,229.14,617.3,41.3,25.2,17.8,0.1998,0
SBassett_SHW_01.18.2026_LS,SHW,1887,13748,229.15,613.5,40.5,25.5,17.9,0.2214,0
SBassett_SHW_01.18.2026_LS,SHW,1887,13749,229.17,608.5,40.9,26.6,18.8,0.2136,0
SBassett_SHW_01.18.2026_LS,SHW,1887,13750,229.19,605.5,40.6,27.5,19.3,0.4088,0
SBassett_SHW_01.18.2026_LS,SHW,1887,13751,229.2,603.3,39.7,26.0,18.7,0.3216,0
SBassett_SHW_01.18.2026_LS,SHW,1887,13752,229.22,599.9,39.0,26.2,19.6,0.1137,0
SBassett_SHW_01.18.2026_LS,SHW,1899,13928,232.15,334.2,102.1,42.1,29.9,0.7405,0
SBassett_SHW_01.18.2026_LS,SHW,1899,13929,232.17,326.4,103.9,37.5,30.3,0.5201,0
SBassett_SHW_01.18.2026_LS,SHW,1899,13930,232.19,326.0,104.1,35.3,31.0,0.3874,0
SBassett_SHW_01.18.2026_LS,SHW,1899,13931,232.2,320.5,106.0,34.3,30.3,0.6614,0
SBassett_SHW_01.18.2026_LS,SHW,1899,13932,232.22,320.7,105.9,41.2,31.9,0.2211,0
SBassett_SHW_01.18.2026_LS,SHW,1899,13940,232.35,289.5,116.6,31.2,21.5,0.5975,0
SBassett_SHW_01.18.2026_LS,SHW,1899,13941,232.37,282.7,118.9,31.7,22.1,0.6253,0
SBassett_SHW_01.18.2026_LS,SHW,1899,13942,232.39,275.3,119.9,29.1,21.9,0.4073,0
SBassett_SHW_01.18.2026_LS,SHW,1904,13956,232.62,53.0,215.7,56.2,40.0,0.3757,0
SBassett_SHW_01.18.2026_LS,SHW,1904,13957,232.64,43.1,218.8,55.8,40.5,0.1885,0
SBassett_SHW_01.18.2026_LS,SHW,1904,13958,232.65,31.9,219.7,52.0,40.1,0.5431,0
SBassett_SHW_01.18.2026_LS,SHW,1904,13959,232.67,23.1,220.3,46.1,38.8,0.5124,0
SBassett_SHW_01.18.2026_LS,SHW,1904,13960,232.69,15.5,219.8,30.9,37.2,0.2261,0
SBassett_SHW_01.18.2026_LS,SHW,1911,14760,246.02,253.5,11.7,40.0,23.2,0.6021,1
SBassett_SHW_01.18.2026_LS,SHW,1911,14761,246.04,248.5,11.3,37.5,22.6,0.6169,1
SBassett_SHW_01.18.2026_LS,SHW,1911,14762,246.05,244.4,13.2,34.4,23.0,0.7722,1
SBassett_SHW_01.18.2026_LS,SHW,1911,14763,246.07,243.7,13.7,34.2,23.4,0.4663,1
SBassett_SHW_01.18.2026_LS,SHW,1911,14765,246.1,232.3,15.7,33.7,25.3,0.5443,1
SBassett_SHW_01.18.2026_LS,SHW,1911,14766,246.12,226.7,19.2,36.8,26.7,0.7426,1
SBassett_SHW_01.18.2026_LS,SHW,1911,14767,246.14,223.4,23.9,39.3,28.6,0.6472,1
SBassett_SHW_01.18.2026_LS,SHW,1911,14768,246.15,217.9,24.3,39.5,29.0,0.607,1
SBassett_SHW_01.18.2026_LS,SHW,1911,14769,246.17,212.2,24.4,42.8,31.5,0.5394,1
SBassett_SHW_01.18.2026_LS,SHW,1911,14770,246.19,208.3,25.7,44.5,31.6,0.6757,1
SBassett_SHW_01.18.2026_LS,SHW,1911,14771,246.2,203.1,29.1,47.2,32.7,0.5108,1
SBassett_SHW_01.18.2026_LS,SHW,1911,14772,246.22,199.6,32.4,49.9,34.6,0.4136,1
SBassett_SHW_01.18.2026_LS,SHW,1911,14773,246.24,193.8,33.6,50.7,33.1,0.6719,1
SBassett_SHW_01.18.2026_LS,SHW,1911,14774,246.25,189.7,35.7,49.7,31.2,0.7002,1
SBassett_SHW_01.18.2026_LS,SHW,1911,14775,246.27,185.7,39.9,49.3,31.4,0.5923,1
SBassett_SHW_01.18.2026_LS,SHW,1911,14776,246.29,181.5,42.7,49.6,33.9,0.5877,1
SBassett_SHW_01.18.2026_LS,SHW,1911,14777,246.3,177.8,44.4,51.2,34.3,0.6124,1
SBassett_SHW_01.18.2026_LS,SHW,1911,14778,246.32,173.7,47.8,49.7,34.2,0.5841,1
SBassett_SHW_01.18.2026_LS,SHW,1911,14779,246.34,169.2,49.7,49.4,32.9,0.6021,1
SBassett_SHW_01.18.2026_LS,SHW,1911,14780,246.35,164.9,52.2,50.4,31.5,0.6492,1
SBassett_SHW_01.18.2026_LS,SHW,1911,14781,246.37,162.8,54.5,51.8,31.3,0.5607,1
SBassett_SHW_01.18.2026_LS,SHW,1911,14782,246.39,161.1,57.5,51.5,32.0,0.3911,1
SBassett_SHW_01.18.2026_LS,SHW,1911,14783,246.4,155.3,59.1,45.6,30.8,0.1453,1
SBassett_SHW_01.18.2026_LS,SHW,1911,14784,246.42,148.0,61.6,44.8,30.8,0.5351,1
SBassett_SHW_01.18.2026_LS,SHW,1911,14785,246.44,144.6,64.5,47.0,33.5,0.599,1
SBassett_SHW_01.18.2026_LS,SHW,1911,14786,246.45,140.8,66.2,49.5,33.4,0.6569,1
SBassett_SHW_01.18.2026_LS,SHW,1911,14787,246.47,134.6,68.3,47.3,33.3,0.5956,1
SBassett_SHW_01.18.2026_LS,SHW,1911,14788,246.49,130.5,72.4,44.4,29.7,0.5137,1
SBassett_SHW_01.18.2026_LS,SHW,1911,14789,246.5,126.2,73.6,50.1,31.8,0.6281,1
SBassett_SHW_01.18.2026_LS,SHW,1911,14790,246.52,119.6,75.1,50.8,33.0,0.5806,1
SBassett_SHW_01.18.2026_LS,SHW,1911,14791,246.54,117.6,76.6,53.5,31.5,0.5442,1
SBassett_SHW_01.18.2026_LS,SHW,1911,14792,246.55,113.7,81.1,54.6,34.3,0.5008,1
SBassett_SHW_01.18.2026_LS,SHW,1911,14793,246.57,105.8,85.2,50.9,33.2,0.5337,1
SBassett_SHW_01.18.2026_LS,SHW,1912,14762,246.05,132.7,27.1,32.9,25.9,0.6716,1
SBassett_SHW_01.18.2026_LS,SHW,1912,14763,246.07,129.7,31.0,35.0,25.0,0.6466,1
SBassett_SHW_01.18.2026_LS,SHW,1912,14764,246.09,124.1,32.1,37.0,27.0,0.5594,1
SBassett_SHW_01.18.2026_LS,SHW,1912,14765,246.1,118.5,32.1,34.8,28.0,0.6317,1
SBassett_SHW_01.18.2026_LS,SHW,1912,14766,246.12,118.8,34.2,32.1,25.8,0.104,1
SBassett_SHW_01.18.2026_LS,SHW,1912,14768,246.15,106.4,35.8,30.5,26.6,0.5299,1
SBassett_SHW_01.18.2026_LS,SHW,1912,14769,246.17,100.9,37.9,34.8,28.2,0.5617,1
SBassett_SHW_01.18.2026_LS,SHW,1912,14770,246.19,95.5,40.3,35.1,27.5,0.663,1
SBassett_SHW_01.18.2026_LS,SHW,1912,14771,246.2,92.2,44.9,35.4,28.9,0.5096,1
SBassett_SHW_01.18.2026_LS,SHW,1912,14772,246.22,86.5,48.3,39.5,30.7,0.5683,1
SBassett_SHW_01.18.2026_LS,SHW,1912,14773,246.24,82.3,50.3,41.1,33.1,0.3167,1
SBassett_SHW_01.18.2026_LS,SHW,1912,14774,246.25,78.9,52.9,41.8,32.2,0.616,1
SBassett_SHW_01.18.2026_LS,SHW,1912,14775,246.27,76.1,55.1,41.6,31.5,0.411,1
SBassett_SHW_01.18.2026_LS,SHW,1912,14776,246.29,73.6,57.3,42.5,32.2,0.4198,1
SBassett_SHW_01.18.2026_LS,SHW,1912,14777,246.3,71.9,58.4,43.8,32.6,0.2767,1
SBassett_SHW_01.18.2026_LS,SHW,1912,14778,246.32,65.0,62.0,42.7,31.0,0.5205,1
SBassett_SHW_01.18.2026_LS,SHW,1912,14779,246.34,60.3,64.5,40.1,30.0,0.5402,1
SBassett_SHW_01.18.2026_LS,SHW,1912,14780,246.35,55.9,68.1,38.9,30.2,0.4185,1
SBassett_SHW_01.18.2026_LS,SHW,1912,14781,246.37,51.5,71.0,37.5,29.1,0.5155,1
SBassett_SHW_01.18.2026_LS,SHW,1912,14782,246.39,45.7,72.9,35.8,28.9,0.5535,1
SBassett_SHW_01.18.2026_LS,SHW,1912,14783,246.4,41.4,75.0,35.5,29.5,0.5698,1
SBassett_SHW_01.18.2026_LS,SHW,1912,14784,246.42,37.4,77.2,32.7,27.4,0.4377,1
SBassett_SHW_01.18.2026_LS,SHW,1912,14785,246.44,33.0,80.9,31.0,25.2,0.3058,1
SBassett_SHW_01.18.2026_LS,SHW,1912,14789,246.5,15.4,90.6,30.8,29.1,0.6053,1
SBassett_SHW_01.18.2026_LS,SHW,1912,14790,246.52,12.6,91.0,25.3,28.0,0.5372,1
SBassett_SHW_01.18.2026_LS,SHW,1912,14791,246.54,11.0,93.8,22.0,27.4,0.4375,1
SBassett_SHW_01.18.2026_LS,SHW,1912,14792,246.55,6.8,96.7,13.7,29.6,0.1184,1
SBassett_SHW_01.18.2026_LS,SHW,1914,14764,246.09,78.8,32.7,42.1,28.5,0.5712,1
SBassett_SHW_01.18.2026_LS,SHW,1914,14765,246.1,74.4,33.3,44.9,31.9,0.6378,1
SBassett_SHW_01.18.2026_LS,SHW,1914,14766,246.12,71.3,35.9,44.0,30.7,0.6471,1
SBassett_SHW_01.18.2026_LS,SHW,1914,14767,246.14,65.2,39.7,39.8,29.8,0.3372,1
SBassett_SHW_01.18.2026_LS,SHW,1914,14770,246.19,51.5,44.9,34.2,29.1,0.5988,1
SBassett_SHW_01.18.2026_LS,SHW,1914,14771,246.2,49.9,48.3,42.0,29.2,0.7018,1
SBassett_SHW_01.18.2026_LS,SHW,1914,14772,246.22,47.3,51.3,43.9,31.1,0.4553,1
SBassett_SHW_01.18.2026_LS,SHW,1914,14773,246.24,42.6,52.8,44.8,31.3,0.7262,1
SBassett_SHW_01.18.2026_LS,SHW,1914,14774,246.25,37.5,54.5,43.2,30.7,0.6837,1
SBassett_SHW_01.18.2026_LS,SHW,1914,14775,246.27,33.9,57.6,41.8,31.3,0.6442,1
SBassett_SHW_01.18.2026_LS,SHW,1914,14776,246.29,27.4,58.9,37.3,31.3,0.4901,1
SBassett_SHW_01.18.2026_LS,SHW,1914,14778,246.32,24.9,61.5,34.5,26.7,0.4535,1
SBassett_SHW_01.18.2026_LS,SHW,1914,14779,246.34,20.6,64.3,35.6,27.6,0.227,1
SBassett_SHW_01.18.2026_LS,SHW,1914,14780,246.35,15.8,68.1,31.5,27.1,0.5064,1
SBassett_SHW_01.18.2026_LS,SHW,1914,14781,246.37,13.5,70.6,26.9,26.0,0.411,1
SBassett_SHW_01.18.2026_LS,SHW,1914,14782,246.39,11.6,73.4,23.2,26.3,0.3351,1
SBassett_SHW_01.18.2026_LS,SHW,1914,14783,246.4,9.8,76.4,19.6,24.7,0.2303,1
SBassett_SHW_01.18.2026_LS,SHW,1914,14784,246.42,7.3,78.7,14.7,22.0,0.1883,1
SBassett_SHW_01.18.2026_LS,SHW,1915,14773,246.24,329.2,20.2,35.6,31.6,0.421,1
SBassett_SHW_01.18.2026_LS,SHW,1915,14774,246.25,325.7,22.4,34.2,31.7,0.6385,1
SBassett_SHW_01.18.2026_LS,SHW,1915,14775,246.27,320.9,26.2,34.2,31.5,0.5901,1
SBassett_SHW_01.18.2026_LS,SHW,1915,14776,246.29,317.1,28.2,37.7,35.5,0.527,1
SBassett_SHW_01.18.2026_LS,SHW,1915,14780,246.35,296.7,42.5,35.3,32.4,0.6008,1
SBassett_SHW_01.18.2026_LS,SHW,1915,14781,246.37,292.8,45.3,35.8,33.9,0.6189,1
SBassett_SHW_01.18.2026_LS,SHW,1915,14782,246.39,287.6,47.8,37.1,35.9,0.5566,1
SBassett_SHW_01.18.2026_LS,SHW,1915,14783,246.4,283.4,48.8,37.0,34.9,0.3787,1
SBassett_SHW_01.18.2026_LS,SHW,1915,14784,246.42,278.7,49.9,38.4,34.4,0.4691,1
SBassett_SHW_01.18.2026_LS,SHW,1915,14785,246.44,274.0,51.9,40.2,35.7,0.3618,1
SBassett_SHW_01.18.2026_LS,SHW,1915,14786,246.45,269.0,54.7,43.7,38.0,0.2798,1
SBassett_SHW_01.18.2026_LS,SHW,1915,14787,246.47,265.8,57.9,49.4,38.7,0.3548,1
SBassett_SHW_01.18.2026_LS,SHW,1915,14788,246.49,261.3,60.5,56.0,39.4,0.4534,1
SBassett_SHW_01.18.2026_LS,SHW,1915,14790,246.52,246.2,65.1,55.7,40.2,0.3647,1
SBassett_SHW_01.18.2026_LS,SHW,1915,14791,246.54,242.9,65.8,57.0,39.8,0.1327,1
SBassett_SHW_01.18.2026_LS,SHW,1915,14792,246.55,240.4,69.1,48.9,37.7,0.5059,1
SBassett_SHW_01.18.2026_LS,SHW,1915,14793,246.57,235.9,72.1,44.2,35.1,0.5412,1
SBassett_SHW_01.18.2026_LS,SHW,1921,14787,246.47,462.7,23.9,46.0,37.4,0.6031,0
SBassett_SHW_01.18.2026_LS,SHW,1921,14788,246.49,459.9,25.8,39.4,36.2,0.7151,0
SBassett_SHW_01.18.2026_LS,SHW,1921,14789,246.5,452.6,28.3,39.3,35.3,0.7461,0
SBassett_SHW_01.18.2026_LS,SHW,1921,14790,246.52,447.9,29.4,38.0,34.8,0.7539,0
SBassett_SHW_01.18.2026_LS,SHW,1921,14791,246.54,443.5,32.2,38.5,36.2,0.7491,0
SBassett_SHW_01.18.2026_LS,SHW,1921,14792,246.55,440.2,37.8,37.0,38.3,0.7869,0
SBassett_SHW_01.18.2026_LS,SHW,1921,14793,246.57,433.3,40.1,40.4,35.5,0.7168,0
SBassett_SHW_01.18.2026_LS,SHW,1926,14797,246.64,88.3,94.9,55.2,34.3,0.5946,1
SBassett_SHW_01.18.2026_LS,SHW,1926,14798,246.65,86.3,98.6,49.5,32.4,0.4753,1
SBassett_SHW_01.18.2026_LS,SHW,1926,14799,246.67,79.8,103.0,47.8,30.1,0.6182,1
SBassett_SHW_01.18.2026_LS,SHW,1926,14800,246.69,74.9,106.0,45.5,30.6,0.7358,1
SBassett_SHW_01.18.2026_LS,SHW,1926,14801,246.7,70.6,109.9,46.3,30.9,0.7108,1
SBassett_SHW_01.18.2026_LS,SHW,1926,14802,246.72,66.6,114.2,44.4,29.5,0.7295,1
SBassett_SHW_01.18.2026_LS,SHW,1926,14803,246.74,61.5,116.6,43.8,29.9,0.7093,1
SBassett_SHW_01.18.2026_LS,SHW,1926,14804,246.75,58.0,120.4,43.7,29.5,0.7145,1
SBassett_SHW_01.18.2026_LS,SHW,1926,14805,246.77,53.1,123.7,45.2,29.1,0.751,1
SBassett_SHW_01.18.2026_LS,SHW,1926,14806,246.79,47.5,125.1,45.0,30.2,0.7222,1
SBassett_SHW_01.18.2026_LS,SHW,1926,14807,246.8,41.7,127.7,44.0,28.5,0.7101,1
SBassett_SHW_01.18.2026_LS,SHW,1926,14808,246.82,38.0,131.1,45.7,28.9,0.6448,1
SBassett_SHW_01.18.2026_LS,SHW,1926,14809,246.84,32.6,133.3,46.0,29.3,0.7625,1
SBassett_SHW_01.18.2026_LS,SHW,1926,14810,246.85,27.3,135.6,45.5,28.1,0.6871,1
SBassett_SHW_01.18.2026_LS,SHW,1926,14811,246.87,23.3,138.2,44.4,27.3,0.7288,1
SBassett_SHW_01.18.2026_LS,SHW,1926,14812,246.89,20.6,139.9,41.2,28.7,0.6908,1
SBassett_SHW_01.18.2026_LS,SHW,1926,14813,246.9,16.8,140.7,33.7,28.8,0.6522,1
SBassett_SHW_01.18.2026_LS,SHW,1926,14814,246.92,14.6,143.5,29.1,29.4,0.5845,1
SBassett_SHW_01.18.2026_LS,SHW,1926,14815,246.94,12.6,147.7,25.3,27.7,0.4413,1
SBassett_SHW_01.18.2026_LS,SHW,1926,14816,246.95,11.7,149.7,23.5,28.5,0.5351,1
SBassett_SHW_01.18.2026_LS,SHW,1929,14800,246.69,400.8,61.7,40.0,37.6,0.7788,1
SBassett_SHW_01.18.2026_LS,SHW,1929,14801,246.7,395.6,67.0,40.3,38.2,0.7456,1
SBassett_SHW_01.18.2026_LS,SHW,1929,14802,246.72,390.5,67.0,45.7,40.2,0.7533,1
SBassett_SHW_01.18.2026_LS,SHW,1929,14803,246.74,386.3,69.9,49.9,42.1,0.1905,1
SBassett_SHW_01.18.2026_LS,SHW,1929,14804,246.75,383.2,71.7,53.5,44.6,0.1784,1
SBassett_SHW_01.18.2026_LS,SHW,1929,14805,246.77,377.5,73.3,48.2,39.6,0.6671,1
SBassett_SHW_01.18.2026_LS,SHW,1929,14806,246.79,371.0,74.9,44.0,39.5,0.7505,1
SBassett_SHW_01.18.2026_LS,SHW,1929,14807,246.8,363.8,78.2,41.0,37.7,0.7475,1
SBassett_SHW_01.18.2026_LS,SHW,1929,14808,246.82,357.8,82.4,39.0,36.7,0.7423,1
SBassett_SHW_01.18.2026_LS,SHW,1929,14809,246.84,351.8,86.4,39.2,35.6,0.7414,1
SBassett_SHW_01.18.2026_LS,SHW,1929,14810,246.85,345.8,89.0,39.6,34.8,0.7245,1
SBassett_SHW_01.18.2026_LS,SHW,1929,14811,246.87,340.4,91.7,39.8,34.1,0.6233,1
SBassett_SHW_01.18.2026_LS,SHW,1929,14812,246.89,335.1,93.1,40.1,35.7,0.6872,1
SBassett_SHW_01.18.2026_LS,SHW,1929,14813,246.9,329.0,95.4,43.0,33.0,0.183,1
SBassett_SHW_01.18.2026_LS,SHW,1929,14819,247.0,298.8,101.7,40.3,31.6,0.4963,1
SBassett_SHW_01.18.2026_LS,SHW,1929,14820,247.02,292.7,107.9,36.0,31.1,0.6724,1
SBassett_SHW_01.18.2026_LS,SHW,1929,14821,247.04,287.2,108.8,35.1,29.7,0.6986,1
SBassett_SHW_01.18.2026_LS,SHW,1929,14822,247.05,280.9,110.9,36.5,31.3,0.7085,1
SBassett_SHW_01.18.2026_LS,SHW,1929,14823,247.07,274.6,112.2,39.9,31.2,0.1403,1
SBassett_SHW_01.18.2026_LS,SHW,1929,14824,247.09,268.1,111.5,37.4,32.1,0.7247,1
SBassett_SHW_01.18.2026_LS,SHW,1929,14825,247.1,261.2,112.4,37.3,32.8,0.738,1
SBassett_SHW_01.18.2026_LS,SHW,1929,14826,247.12,256.0,114.0,38.1,33.5,0.6918,1
SBassett_SHW_01.18.2026_LS,SHW,1929,14827,247.14,250.4,111.3,37.7,33.4,0.6349,1
SBassett_SHW_01.18.2026_LS,SHW,1929,14828,247.15,244.2,111.8,37.3,33.8,0.6865,1
SBassett_SHW_01.18.2026_LS,SHW,1929,14829,247.17,237.2,111.7,37.5,33.8,0.7323,1
SBassett_SHW_01.18.2026_LS,SHW,1929,14830,247.19,229.9,112.1,38.1,32.7,0.735,1
SBassett_SHW_01.18.2026_LS,SHW,1929,14831,247.2,224.3,112.2,38.0,31.9,0.7288,1
SBassett_SHW_01.18.2026_LS,SHW,1929,14832,247.22,219.8,113.8,38.0,33.7,0.7665,1
SBassett_SHW_01.18.2026_LS,SHW,1929,14833,247.24,213.5,114.5,39.4,33.1,0.7599,1
SBassett_SHW_01.18.2026_LS,SHW,1929,14834,247.25,206.6,113.4,39.7,34.1,0.6969,1
SBassett_SHW_01.18.2026_LS,SHW,1929,14835,247.27,199.3,111.9,39.4,33.3,0.7194,1
SBassett_SHW_01.18.2026_LS,SHW,1929,14836,247.29,194.4,109.2,35.2,30.3,0.707,1
SBassett_SHW_01.18.2026_LS,SHW,1929,14837,247.3,186.5,110.6,37.6,32.6,0.735,1
SBassett_SHW_01.18.2026_LS,SHW,1929,14838,247.32,179.2,110.6,38.0,33.9,0.7651,1
SBassett_SHW_01.18.2026_LS,SHW,1929,14839,247.34,172.4,111.8,38.6,34.8,0.7415,1
SBassett_SHW_01.18.2026_LS,SHW,1929,14840,247.35,164.8,111.2,38.7,35.5,0.7423,1
SBassett_SHW_01.18.2026_LS,SHW,1929,14841,247.37,158.4,112.5,40.4,35.4,0.7008,1
SBassett_SHW_01.18.2026_LS,SHW,1929,14842,247.39,152.0,113.2,39.0,34.1,0.7188,1
SBassett_SHW_01.18.2026_LS,SHW,1929,14843,247.4,145.5,114.1,39.2,33.7,0.7496,1
SBassett_SHW_01.18.2026_LS,SHW,1929,14846,247.45,124.7,113.8,36.9,32.7,0.6822,1
SBassett_SHW_01.18.2026_LS,SHW,1929,14847,247.47,118.5,114.9,36.7,32.5,0.5159,1
SBassett_SHW_01.18.2026_LS,SHW,1929,14848,247.49,110.0,117.2,38.7,33.6,0.6135,1
SBassett_SHW_01.18.2026_LS,SHW,1929,14849,247.5,101.6,116.6,39.2,33.6,0.7162,1
SBassett_SHW_01.18.2026_LS,SHW,1929,14850,247.52,94.7,117.5,38.9,33.1,0.6553,1
SBassett_SHW_01.18.2026_LS,SHW,1929,14851,247.54,88.1,118.2,38.4,34.2,0.7193,1
SBassett_SHW_01.18.2026_LS,SHW,1929,14852,247.55,80.5,117.1,37.6,32.4,0.6062,1
SBassett_SHW_01.18.2026_LS,SHW,1929,14853,247.57,72.7,115.9,37.3,31.6,0.6399,1
SBassett_SHW_01.18.2026_LS,SHW,1929,14854,247.59,64.3,118.8,38.2,31.6,0.6345,1
SBassett_SHW_01.18.2026_LS,SHW,1929,14857,247.64,44.5,121.1,36.1,31.6,0.6914,1
SBassett_SHW_01.18.2026_LS,SHW,1929,14858,247.65,37.4,124.6,38.4,33.2,0.7444,1
SBassett_SHW_01.18.2026_LS,SHW,1929,14859,247.67,29.4,128.1,37.3,34.0,0.7495,1
SBassett_SHW_01.18.2026_LS,SHW,1929,14860,247.69,21.1,131.2,38.5,35.2,0.7178,1
SBassett_SHW_01.18.2026_LS,SHW,1929,14861,247.7,15.5,134.9,31.1,37.4,0.6347,1
SBassett_SHW_01.18.2026_LS,SHW,1929,14862,247.72,12.6,137.1,25.3,38.3,0.5825,1
SBassett_SHW_01.18.2026_LS,SHW,1929,14863,247.74,9.1,139.6,18.3,41.2,0.3928,1
SBassett_SHW_01.18.2026_LS,SHW,1930,14800,246.69,203.3,92.4,33.5,31.6,0.7061,1
SBassett_SHW_01.18.2026_LS,SHW,1930,14801,246.7,197.8,97.7,32.6,30.6,0.692,1
SBassett_SHW_01.18.2026_LS,SHW,1930,14802,246.72,192.7,99.9,36.1,31.1,0.7101,1
SBassett_SHW_01.18.2026_LS,SHW,1930,14803,246.74,187.4,102.2,34.6,31.8,0.6227,1
SBassett_SHW_01.18.2026_LS,SHW,1930,14804,246.75,183.1,106.4,33.9,30.6,0.6909,1
SBassett_SHW_01.18.2026_LS,SHW,1930,14805,246.77,177.4,109.5,33.7,31.8,0.7174,1
SBassett_SHW_01.18.2026_LS,SHW,1930,14806,246.79,170.6,110.5,33.0,31.5,0.6956,1
SBassett_SHW_01.18.2026_LS,SHW,1930,14807,246.8,165.0,112.3,32.7,31.0,0.6926,1
SBassett_SHW_01.18.2026_LS,SHW,1930,14808,246.82,160.4,116.4,34.0,32.3,0.7104,1
SBassett_SHW_01.18.2026_LS,SHW,1930,14809,246.84,156.9,119.9,34.7,29.5,0.6736,1
SBassett_SHW_01.18.2026_LS,SHW,1930,14810,246.85,151.4,121.1,36.8,28.9,0.6745,1
SBassett_SHW_01.18.2026_LS,SHW,1930,14811,246.87,144.9,123.9,35.1,29.4,0.7304,1
SBassett_SHW_01.18.2026_LS,SHW,1930,14812,246.89,138.1,125.7,35.0,31.3,0.6715,1
SBassett_SHW_01.18.2026_LS,SHW,1930,14813,246.9,132.3,128.2,35.4,31.4,0.6442,1
SBassett_SHW_01.18.2026_LS,SHW,1930,14814,246.92,126.5,131.0,35.9,32.1,0.6786,1
SBassett_SHW_01.18.2026_LS,SHW,1930,14815,246.94,122.8,136.5,36.2,32.5,0.6432,1
SBassett_SHW_01.18.2026_LS,SHW,1930,14816,246.95,118.2,139.0,37.4,33.3,0.697,1
SBassett_SHW_01.18.2026_LS,SHW,1930,14817,246.97,111.9,140.9,39.9,34.1,0.6322,1
SBassett_SHW_01.18.2026_LS,SHW,1930,14818,246.99,105.8,142.3,40.9,33.8,0.5624,1
SBassett_SHW_01.18.2026_LS,SHW,1930,14819,247.0,104.0,143.7,39.1,29.5,0.103,1
SBassett_SHW_01.18.2026_LS,SHW,1931,14800,246.69,250.4,89.2,35.9,30.4,0.6072,1
SBassett_SHW_01.18.2026_LS,SHW,1931,14801,246.7,248.5,93.6,39.7,32.8,0.5764,1
SBassett_SHW_01.18.2026_LS,SHW,1931,14802,246.72,244.0,95.8,42.6,32.9,0.4521,1
SBassett_SHW_01.18.2026_LS,SHW,1931,14803,246.74,235.9,97.4,40.1,32.4,0.5885,1
SBassett_SHW_01.18.2026_LS,SHW,1931,14804,246.75,230.5,100.5,39.3,32.6,0.6061,1
SBassett_SHW_01.18.2026_LS,SHW,1931,14805,246.77,224.1,104.3,35.7,31.8,0.6308,1
SBassett_SHW_01.18.2026_LS,SHW,1931,14806,246.79,217.9,105.4,34.1,31.5,0.6365,1
SBassett_SHW_01.18.2026_LS,SHW,1931,14807,246.8,212.8,106.6,33.7,29.1,0.5766,1
SBassett_SHW_01.18.2026_LS,SHW,1931,14808,246.82,211.4,110.3,37.5,27.3,0.6205,1
SBassett_SHW_01.18.2026_LS,SHW,1931,14809,246.84,204.8,112.7,39.0,28.5,0.6121,1
SBassett_SHW_01.18.2026_LS,SHW,1931,14810,246.85,198.8,113.6,38.3,28.3,0.6278,1
SBassett_SHW_01.18.2026_LS,SHW,1931,14811,246.87,192.8,116.7,36.7,29.9,0.676,1
SBassett_SHW_01.18.2026_LS,SHW,1931,14812,246.89,187.2,118.6,38.0,29.5,0.5999,1
SBassett_SHW_01.18.2026_LS,SHW,1931,14813,246.9,180.9,121.9,39.2,30.5,0.5623,1
SBassett_SHW_01.18.2026_LS,SHW,1931,14814,246.92,176.2,124.7,39.4,31.8,0.618,1
SBassett_SHW_01.18.2026_LS,SHW,1931,14815,246.94,173.5,129.1,40.9,31.2,0.6173,1
SBassett_SHW_01.18.2026_LS,SHW,1931,14816,246.95,169.7,131.8,39.8,29.5,0.5726,1
SBassett_SHW_01.18.2026_LS,SHW,1931,14817,246.97,163.4,135.2,41.1,29.0,0.3736,1
SBassett_SHW_01.18.2026_LS,SHW,1931,14818,246.99,158.5,136.6,39.7,28.3,0.2083,1
SBassett_SHW_01.18.2026_LS,SHW,1932,14826,247.12,63.8,143.0,36.2,30.5,0.4855,0
SBassett_SHW_01.18.2026_LS,SHW,1932,14827,247.14,56.0,145.4,36.8,30.2,0.4083,0
SBassett_SHW_01.18.2026_LS,SHW,1932,14828,247.15,51.0,143.6,38.9,33.4,0.4849,0
SBassett_SHW_01.18.2026_LS,SHW,1932,14829,247.17,43.2,142.9,37.3,31.1,0.1613,0
SBassett_SHW_01.18.2026_LS,SHW,1932,14830,247.19,34.2,142.0,34.9,30.0,0.6511,0
SBassett_SHW_01.18.2026_LS,SHW,1932,14831,247.2,27.9,142.2,34.2,30.5,0.5785,0
SBassett_SHW_01.18.2026_LS,SHW,1932,14832,247.22,25.0,143.7,32.4,29.2,0.5905,0
SBassett_SHW_01.18.2026_LS,SHW,1932,14833,247.24,18.8,145.3,33.5,29.0,0.5182,0
SBassett_SHW_01.18.2026_LS,SHW,1932,14834,247.25,13.7,143.6,27.3,28.6,0.3088,0
SBassett_SHW_01.18.2026_LS,SHW,1934,14830,247.19,81.3,140.0,35.7,28.4,0.4524,0
SBassett_SHW_01.18.2026_LS,SHW,1934,14831,247.2,75.9,139.5,36.7,27.9,0.4788,0
SBassett_SHW_01.18.2026_LS,SHW,1934,14832,247.22,73.4,139.9,37.6,27.8,0.4603,0
SBassett_SHW_01.18.2026_LS,SHW,1934,14833,247.24,65.6,140.2,38.1,29.4,0.563,0
SBassett_SHW_01.18.2026_LS,SHW,1934,14834,247.25,59.4,140.1,38.3,29.5,0.2936,0
SBassett_SHW_01.18.2026_LS,SHW,1934,14835,247.27,49.1,139.3,35.6,29.7,0.3941,0
SBassett_SHW_01.18.2026_LS,SHW,1934,14836,247.29,41.0,139.0,35.5,30.3,0.4659,0
SBassett_SHW_01.18.2026_LS,SHW,1934,14837,247.3,34.0,139.7,35.2,30.8,0.516,0
SBassett_SHW_01.18.2026_LS,SHW,1934,14838,247.32,26.5,139.2,35.8,30.4,0.3655,0
SBassett_SHW_01.18.2026_LS,SHW,1934,14839,247.34,20.6,140.0,38.0,32.0,0.3786,0
SBassett_SHW_01.18.2026_LS,SHW,1934,14840,247.35,15.9,139.4,31.8,31.7,0.3739,0
SBassett_SHW_01.18.2026_LS,SHW,1934,14842,247.39,9.3,140.3,18.6,31.1,0.4183,0
SBassett_SHW_01.18.2026_LS,SHW,1974,15896,264.96,509.6,99.3,39.2,30.1,0.6269,1
SBassett_SHW_01.18.2026_LS,SHW,1974,15897,264.97,503.5,102.3,39.8,29.1,0.4538,1
SBassett_SHW_01.18.2026_LS,SHW,1974,15898,264.99,500.2,104.7,41.8,30.9,0.4748,1
SBassett_SHW_01.18.2026_LS,SHW,1974,15899,265.01,497.1,106.1,41.7,31.0,0.5072,1
SBassett_SHW_01.18.2026_LS,SHW,1974,15900,265.02,493.1,107.8,37.9,29.5,0.6815,1
SBassett_SHW_01.18.2026_LS,SHW,1974,15901,265.04,489.5,109.1,36.6,28.8,0.6948,1
SBassett_SHW_01.18.2026_LS,SHW,1974,15902,265.06,484.0,110.4,37.5,28.2,0.6715,1
SBassett_SHW_01.18.2026_LS,SHW,1974,15903,265.07,478.9,111.5,39.4,27.9,0.6378,1
SBassett_SHW_01.18.2026_LS,SHW,1974,15904,265.09,476.1,112.3,39.9,26.6,0.4135,1
SBassett_SHW_01.18.2026_LS,SHW,1974,15905,265.11,473.6,112.8,38.2,26.6,0.3521,1
SBassett_SHW_01.18.2026_LS,SHW,1974,15906,265.12,458.8,113.8,36.2,27.5,0.5858,1
SBassett_SHW_01.18.2026_LS,SHW,1974,15907,265.14,450.1,113.6,37.5,28.7,0.6679,1
SBassett_SHW_01.18.2026_LS,SHW,1974,15908,265.16,444.3,113.4,40.8,30.6,0.588,1
SBassett_SHW_01.18.2026_LS,SHW,1974,15909,265.17,437.3,112.9,40.1,29.6,0.2832,1
SBassett_SHW_01.18.2026_LS,SHW,1974,15913,265.24,413.3,110.9,46.1,32.2,0.5225,1
SBassett_SHW_01.18.2026_LS,SHW,1974,15914,265.26,408.7,111.7,45.4,31.8,0.6018,1
SBassett_SHW_01.18.2026_LS,SHW,1974,15915,265.27,401.9,112.3,48.8,33.0,0.5045,1
SBassett_SHW_01.18.2026_LS,SHW,1974,15916,265.29,394.5,115.0,48.6,33.5,0.5074,1
SBassett_SHW_01.18.2026_LS,SHW,1974,15917,265.31,387.4,115.9,46.8,32.5,0.5222,1
SBassett_SHW_01.18.2026_LS,SHW,1974,15918,265.32,380.0,116.5,44.9,30.9,0.5515,1
SBassett_SHW_01.18.2026_LS,SHW,1974,15919,265.34,373.3,118.0,44.7,30.9,0.4046,1
SBassett_SHW_01.18.2026_LS,SHW,1974,15920,265.36,367.0,120.3,46.9,31.6,0.5446,1
SBassett_SHW_01.18.2026_LS,SHW,1974,15921,265.37,359.4,123.3,46.0,31.6,0.2835,1
SBassett_SHW_01.18.2026_LS,SHW,2006,17454,290.92,28.1,342.1,30.5,23.7,0.4929,0
SBassett_SHW_01.18.2026_LS,SHW,2006,17455,290.94,21.9,345.0,28.7,20.8,0.5616,0
SBassett_SHW_01.18.2026_LS,SHW,2006,17456,290.96,19.5,345.7,30.2,24.3,0.1566,0
SBassett_SHW_01.18.2026_LS,SHW,2063,18266,304.46,612.7,329.1,51.5,41.2,0.5065,0
SBassett_SHW_01.18.2026_LS,SHW,2063,18267,304.48,610.2,328.8,58.2,42.0,0.4464,0
SBassett_SHW_01.18.2026_LS,SHW,2063,18268,304.49,607.9,332.3,63.6,42.2,0.4962,0
SBassett_SHW_01.18.2026_LS,SHW,2063,18269,304.51,606.6,336.4,62.0,45.0,0.6399,0
SBassett_SHW_01.18.2026_LS,SHW,2063,18270,304.53,598.3,338.8,53.4,44.9,0.533,0
SBassett_SHW_01.18.2026_LS,SHW,2063,18271,304.54,592.8,338.5,51.8,46.1,0.7018,0
SBassett_SHW_01.18.2026_LS,SHW,2063,18273,304.58,586.6,336.5,55.1,44.4,0.3565,0
SBassett_SHW_01.18.2026_LS,SHW,2063,18274,304.59,578.7,333.8,62.1,45.6,0.5641,0
SBassett_SHW_01.18.2026_LS,SHW,2063,18275,304.61,571.1,338.5,70.4,49.4,0.5322,0
SBassett_SHW_01.18.2026_LS,SHW,2063,18276,304.63,561.8,347.6,67.0,50.0,0.6768,0
SBassett_SHW_01.18.2026_LS,SHW,2063,18277,304.64,549.2,348.9,65.5,51.6,0.7181,0
SBassett_SHW_01.18.2026_LS,SHW,2063,18279,304.68,523.8,351.2,55.1,44.3,0.4828,0
SBassett_SHW_01.18.2026_LS,SHW,2110,18859,314.34,439.5,323.0,48.5,41.5,0.5796,0
SBassett_SHW_01.18.2026_LS,SHW,2110,18860,314.36,430.3,324.9,53.8,40.2,0.4494,0
SBassett_SHW_01.18.2026_LS,SHW,2110,18861,314.38,421.4,326.5,56.7,40.8,0.1433,0
SBassett_SHW_01.18.2026_LS,SHW,2115,19873,331.24,620.8,218.7,27.5,24.8,0.7506,1
SBassett_SHW_01.18.2026_LS,SHW,2115,19874,331.26,615.0,219.3,33.6,27.2,0.6099,1
SBassett_SHW_01.18.2026_LS,SHW,2115,19875,331.28,612.6,221.2,33.4,27.6,0.3688,1
SBassett_SHW_01.18.2026_LS,SHW,2115,19876,331.29,611.5,222.2,31.5,27.0,0.3397,1
SBassett_SHW_01.18.2026_LS,SHW,2115,19877,331.31,611.0,223.2,27.6,26.5,0.3402,1
SBassett_SHW_01.18.2026_LS,SHW,2115,19878,331.33,609.3,223.3,25.9,25.0,0.3868,1
SBassett_SHW_01.18.2026_LS,SHW,2115,19879,331.34,606.9,224.1,25.2,24.0,0.4212,1
SBassett_SHW_01.18.2026_LS,SHW,2115,19880,331.36,605.5,224.3,26.3,25.2,0.3572,1
SBassett_SHW_01.18.2026_LS,SHW,2115,19881,331.38,603.0,225.5,24.9,24.8,0.5725,1
SBassett_SHW_01.18.2026_LS,SHW,2115,19882,331.39,599.8,225.7,25.4,23.7,0.4493,1
SBassett_SHW_01.18.2026_LS,SHW,2115,19883,331.41,596.9,226.4,26.7,24.9,0.2586,1
SBassett_SHW_01.18.2026_LS,SHW,2115,19884,331.43,593.2,227.5,26.8,26.5,0.4902,1
SBassett_SHW_01.18.2026_LS,SHW,2115,19885,331.44,592.0,228.1,26.5,27.4,0.2174,1
SBassett_SHW_01.18.2026_LS,SHW,2115,19886,331.46,590.4,228.9,28.1,27.0,0.4214,1
SBassett_SHW_01.18.2026_LS,SHW,2115,19887,331.48,586.1,229.3,31.8,28.6,0.5203,1
SBassett_SHW_01.18.2026_LS,SHW,2115,19888,331.49,580.7,229.4,34.6,29.3,0.5078,1
SBassett_SHW_01.18.2026_LS,SHW,2115,19889,331.51,577.8,229.4,36.2,31.1,0.4432,1
SBassett_SHW_01.18.2026_LS,SHW,2115,19890,331.53,575.8,230.9,35.0,31.3,0.5891,1
SBassett_SHW_01.18.2026_LS,SHW,2115,19891,331.54,572.3,232.4,35.4,30.4,0.4315,1
SBassett_SHW_01.18.2026_LS,SHW,2115,19892,331.56,567.3,232.5,34.0,29.6,0.5345,1
SBassett_SHW_01.18.2026_LS,SHW,2115,19893,331.58,561.6,233.4,34.2,28.2,0.39,1
SBassett_SHW_01.18.2026_LS,SHW,2115,19894,331.59,558.6,234.3,34.4,28.0,0.5165,1
SBassett_SHW_01.18.2026_LS,SHW,2115,19895,331.61,557.4,234.2,33.4,27.6,0.5753,1
SBassett_SHW_01.18.2026_LS,SHW,2115,19896,331.63,553.7,235.6,33.5,28.4,0.2875,1
SBassett_SHW_01.18.2026_LS,SHW,2116,19904,331.76,545.8,236.6,29.2,27.6,0.5679,1
SBassett_SHW_01.18.2026_LS,SHW,2116,19905,331.78,542.8,237.2,28.2,27.6,0.6318,1
SBassett_SHW_01.18.2026_LS,SHW,2116,19906,331.79,540.8,238.5,29.5,27.5,0.6196,1
SBassett_SHW_01.18.2026_LS,SHW,2116,19907,331.81,537.9,239.8,29.9,26.9,0.5604,1
SBassett_SHW_01.18.2026_LS,SHW,2116,19908,331.83,534.2,240.0,31.0,26.9,0.5115,1
SBassett_SHW_01.18.2026_LS,SHW,2116,19909,331.84,532.3,240.6,31.3,27.1,0.4004,1
SBassett_SHW_01.18.2026_LS,SHW,2116,19910,331.86,530.3,241.0,28.1,25.3,0.4615,1
SBassett_SHW_01.18.2026_LS,SHW,2116,19911,331.88,526.5,241.3,31.2,25.2,0.6273,1
SBassett_SHW_01.18.2026_LS,SHW,2116,19914,331.93,521.2,239.7,28.5,25.0,0.511,1
SBassett_SHW_01.18.2026_LS,SHW,2116,19915,331.94,518.9,239.7,28.9,25.7,0.6433,1
SBassett_SHW_01.18.2026_LS,SHW,2116,19916,331.96,514.7,241.8,30.8,25.7,0.6178,1
SBassett_SHW_01.18.2026_LS,SHW,2116,19917,331.98,510.0,242.1,30.3,25.7,0.6558,1
SBassett_SHW_01.18.2026_LS,SHW,2116,19918,331.99,506.8,242.8,30.4,25.3,0.5849,1
SBassett_SHW_01.18.2026_LS,SHW,2116,19919,332.01,503.4,243.9,29.9,25.4,0.6605,1
SBassett_SHW_01.18.2026_LS,SHW,2116,19920,332.03,499.3,245.6,29.2,23.9,0.6721,1
SBassett_SHW_01.18.2026_LS,SHW,2116,19921,332.04,495.5,246.9,29.2,23.6,0.6795,1
SBassett_SHW_01.18.2026_LS,SHW,2116,19922,332.06,492.7,248.3,29.1,23.8,0.6466,1
SBassett_SHW_01.18.2026_LS,SHW,2116,19923,332.08,490.5,248.6,29.4,24.5,0.6106,1
SBassett_SHW_01.18.2026_LS,SHW,2116,19924,332.09,487.2,248.6,29.0,24.9,0.6413,1
SBassett_SHW_01.18.2026_LS,SHW,2116,19925,332.11,480.8,249.8,27.4,24.8,0.5736,1
SBassett_SHW_01.18.2026_LS,SHW,2116,19926,332.13,475.5,250.6,27.8,25.0,0.2185,1
SBassett_SHW_01.18.2026_LS,SHW,2116,19927,332.14,474.9,251.9,29.7,24.3,0.2284,1
SBassett_SHW_01.18.2026_LS,SHW,2116,19970,332.86,327.9,286.3,30.0,22.2,0.6184,1
SBassett_SHW_01.18.2026_LS,SHW,2116,19971,332.88,324.5,287.9,30.4,23.5,0.6025,1
SBassett_SHW_01.18.2026_LS,SHW,2116,19972,332.89,322.6,290.2,30.3,24.9,0.4162,1
SBassett_SHW_01.18.2026_LS,SHW,2116,19973,332.91,319.6,291.5,29.3,24.8,0.3807,1
SBassett_SHW_01.18.2026_LS,SHW,2116,19976,332.96,306.1,293.6,30.0,25.0,0.494,1
SBassett_SHW_01.18.2026_LS,SHW,2116,19977,332.98,301.6,295.4,30.9,25.2,0.6907,1
SBassett_SHW_01.18.2026_LS,SHW,2116,19978,332.99,297.9,296.3,31.0,25.4,0.5527,1
SBassett_SHW_01.18.2026_LS,SHW,2116,19979,333.01,294.3,296.0,32.1,26.2,0.4096,1
SBassett_SHW_01.18.2026_LS,SHW,2116,19980,333.03,291.6,296.4,30.7,26.2,0.1963,1
SBassett_SHW_01.18.2026_LS,SHW,2116,19981,333.04,288.6,297.9,31.7,24.8,0.4214,1
SBassett_SHW_01.18.2026_LS,SHW,2116,19982,333.06,281.0,300.3,31.3,22.1,0.4916,1
SBassett_SHW_01.18.2026_LS,SHW,2116,19983,333.08,275.5,301.1,30.7,21.5,0.341,1
SBassett_SHW_01.18.2026_LS,SHW,2118,19963,332.74,14.5,382.3,22.7,21.9,0.5414,0
SBassett_SHW_01.18.2026_LS,SHW,2118,19964,332.76,13.3,382.4,23.5,22.2,0.4647,0
SBassett_SHW_01.18.2026_LS,SHW,2118,19965,332.78,10.4,382.7,20.2,19.3,0.1304,0
SBassett_SHW_01.18.2026_LS,SHW,2120,19986,333.13,277.7,294.6,28.1,24.1,0.6032,1
SBassett_SHW_01.18.2026_LS,SHW,2120,19987,333.14,270.4,294.1,29.7,24.4,0.6176,1
SBassett_SHW_01.18.2026_LS,SHW,2120,19988,333.16,262.1,296.4,32.0,26.4,0.3824,1
SBassett_SHW_01.18.2026_LS,SHW,2120,19989,333.18,258.6,296.6,32.4,26.3,0.4023,1
SBassett_SHW_01.18.2026_LS,SHW,2120,19990,333.19,252.2,297.6,34.3,27.7,0.3475,1
SBassett_SHW_01.18.2026_LS,SHW,2120,19995,333.28,232.7,295.1,32.4,24.7,0.6062,1
SBassett_SHW_01.18.2026_LS,SHW,2120,19996,333.29,230.7,295.4,30.0,22.5,0.1063,1
SBassett_SHW_01.18.2026_LS,SHW,2120,19997,333.31,226.9,296.1,29.2,20.4,0.6055,1
SBassett_SHW_01.18.2026_LS,SHW,2120,19998,333.33,222.6,297.2,28.7,21.7,0.5752,1
SBassett_SHW_01.18.2026_LS,SHW,2120,19999,333.34,217.3,296.8,29.8,21.5,0.4881,1
SBassett_SHW_01.18.2026_LS,SHW,2120,20000,333.36,212.0,298.0,30.2,20.9,0.6644,1
SBassett_SHW_01.18.2026_LS,SHW,2120,20001,333.38,208.2,299.4,28.6,18.8,0.4407,1
SBassett_SHW_01.18.2026_LS,SHW,2120,20002,333.39,203.9,299.3,27.6,18.3,0.3775,1
SBassett_SHW_01.18.2026_LS,SHW,2120,20003,333.41,198.4,301.6,28.7,19.3,0.5233,1
SBassett_SHW_01.18.2026_LS,SHW,2120,20019,333.68,130.8,313.6,24.5,19.3,0.5445,1
SBassett_SHW_01.18.2026_LS,SHW,2120,20020,333.7,127.4,313.4,25.3,19.6,0.5348,1
SBassett_SHW_01.18.2026_LS,SHW,2120,20021,333.71,121.2,313.6,25.4,20.3,0.6575,1
SBassett_SHW_01.18.2026_LS,SHW,2120,20022,333.73,116.4,314.9,25.0,20.2,0.2619,1
SBassett_SHW_01.18.2026_LS,SHW,2127,20122,335.4,251.0,117.5,58.4,58.7,0.7276,0
SBassett_SHW_01.18.2026_LS,SHW,2127,20123,335.41,246.2,119.3,67.8,63.3,0.5379,0
SBassett_SHW_01.18.2026_LS,SHW,2127,20124,335.43,243.3,119.6,74.6,65.0,0.1489,0
SBassett_SHW_01.18.2026_LS,SHW,2127,20130,335.53,234.4,117.0,50.0,46.4,0.4642,0
Upper40_TON_12.03.25_LS,TON,2131,15,0.25,257.1,299.6,35.9,28.4,0.4352,1
Upper40_TON_12.03.25_LS,TON,2131,16,0.27,254.3,299.6,39.6,29.0,0.1541,1
Upper40_TON_12.03.25_LS,TON,2131,17,0.28,250.1,299.4,38.7,29.2,0.387,1
Upper40_TON_12.03.25_LS,TON,2131,25,0.42,225.3,296.9,50.5,35.1,0.5228,1
Upper40_TON_12.03.25_LS,TON,2131,26,0.43,222.2,296.5,50.6,36.2,0.6679,1
Upper40_TON_12.03.25_LS,TON,2131,27,0.45,219.4,295.3,51.0,38.0,0.6848,1
Upper40_TON_12.03.25_LS,TON,2131,28,0.47,216.8,295.3,51.1,38.3,0.7067,1
Upper40_TON_12.03.25_LS,TON,2131,29,0.48,213.7,295.6,51.9,38.1,0.5886,1
Upper40_TON_12.03.25_LS,TON,2131,30,0.5,210.1,295.1,51.8,37.2,0.6098,1
Upper40_TON_12.03.25_LS,TON,2131,31,0.52,206.1,294.7,53.0,38.7,0.5765,1
Upper40_TON_12.03.25_LS,TON,2131,32,0.53,201.9,293.2,54.0,39.7,0.6191,1
Upper40_TON_12.03.25_LS,TON,2131,33,0.55,197.9,292.7,55.3,41.0,0.5921,1
Upper40_TON_12.03.25_LS,TON,2131,34,0.57,192.9,293.0,56.8,41.2,0.6067,1
Upper40_TON_12.03.25_LS,TON,2131,35,0.58,189.7,292.5,58.9,40.9,0.5772,1
Upper40_TON_12.03.25_LS,TON,2131,36,0.6,186.2,292.6,61.5,41.2,0.4524,1
Upper40_TON_12.03.25_LS,TON,2131,37,0.62,181.4,292.6,62.5,40.5,0.7032,1
Upper40_TON_12.03.25_LS,TON,2131,38,0.63,177.0,291.1,65.3,41.2,0.6873,1
Upper40_TON_12.03.25_LS,TON,2131,39,0.65,172.0,291.4,65.9,41.3,0.7332,1
Upper40_TON_12.03.25_LS,TON,2131,40,0.67,168.6,291.6,69.0,42.0,0.6047,1
Upper40_TON_12.03.25_LS,TON,2131,41,0.68,163.6,291.0,71.0,44.8,0.6975,1
Upper40_TON_12.03.25_LS,TON,2131,42,0.7,157.2,290.5,71.4,46.9,0.5836,1
Upper40_TON_12.03.25_LS,TON,2131,43,0.72,159.0,291.5,62.8,44.6,0.6101,1
Upper40_TON_12.03.25_LS,TON,2131,44,0.73,150.3,290.5,72.9,47.5,0.6511,1
Upper40_TON_12.03.25_LS,TON,2131,45,0.75,144.8,290.0,76.7,47.1,0.5101,1
Upper40_TON_12.03.25_LS,TON,2131,46,0.77,146.5,288.6,64.2,45.4,0.5859,1
Upper40_TON_12.03.25_LS,TON,2131,47,0.78,134.4,288.7,72.1,47.6,0.3608,1
Upper40_TON_12.03.25_LS,TON,2131,48,0.8,126.2,288.8,77.0,47.7,0.3679,1
Upper40_TON_12.03.25_LS,TON,2131,49,0.82,117.1,288.3,71.8,46.3,0.121,1
Upper40_TON_12.03.25_LS,TON,2132,18,0.3,116.4,293.8,60.3,49.4,0.5319,1
Upper40_TON_12.03.25_LS,TON,2132,19,0.32,113.8,294.2,59.3,49.6,0.4877,1
Upper40_TON_12.03.25_LS,TON,2132,20,0.33,110.1,294.1,59.8,49.4,0.2562,1
Upper40_TON_12.03.25_LS,TON,2132,21,0.35,106.9,293.4,60.5,49.3,0.3708,1
Upper40_TON_12.03.25_LS,TON,2132,22,0.37,101.5,293.3,58.9,48.3,0.1404,1
Upper40_TON_12.03.25_LS,TON,2132,23,0.38,98.0,293.5,59.4,47.7,0.3103,1
Upper40_TON_12.03.25_LS,TON,2132,24,0.4,93.7,293.2,59.0,47.3,0.2493,1
Upper40_TON_12.03.25_LS,TON,2132,25,0.42,91.5,293.3,57.2,46.8,0.3046,1
Upper40_TON_12.03.25_LS,TON,2132,26,0.43,87.9,293.5,56.8,48.3,0.1305,1
Upper40_TON_12.03.25_LS,TON,2132,27,0.45,83.9,294.0,56.4,48.2,0.4862,1
Upper40_TON_12.03.25_LS,TON,2132,28,0.47,79.7,293.8,55.9,48.4,0.1091,1
Upper40_TON_12.03.25_LS,TON,2132,42,0.7,19.1,288.3,37.7,59.7,0.3745,1
Upper40_TON_12.03.25_LS,TON,2132,43,0.72,16.4,289.0,32.8,57.3,0.394,1
Upper40_TON_12.03.25_LS,TON,2132,44,0.73,14.6,288.9,29.3,56.7,0.4856,1
Upper40_TON_12.03.25_LS,TON,2132,45,0.75,13.3,288.1,26.5,58.4,0.1852,1
Upper40_TON_12.03.25_LS,TON,2134,39,0.65,246.4,289.1,53.5,37.5,0.4846,0
Upper40_TON_12.03.25_LS,TON,2134,40,0.67,241.9,289.7,54.0,38.1,0.4546,0
Upper40_TON_12.03.25_LS,TON,2134,43,0.72,221.3,288.4,59.0,38.4,0.4761,0
Upper40_TON_12.03.25_LS,TON,2134,48,0.8,203.0,288.7,62.9,39.4,0.4258,0
Upper40_TON_12.03.25_LS,TON,2134,49,0.82,195.6,286.8,64.3,38.8,0.1731,0
Upper40_TON_12.03.25_LS,TON,2134,58,0.97,157.9,283.1,46.6,41.4,0.4568,0
Upper40_TON_12.03.25_LS,TON,2136,52,0.87,125.1,288.6,48.6,39.4,0.5525,0
Upper40_TON_12.03.25_LS,TON,2136,53,0.88,119.7,287.0,51.0,42.1,0.6015,0
Upper40_TON_12.03.25_LS,TON,2136,54,0.9,116.9,287.7,54.8,42.2,0.2829,0
Upper40_TON_12.03.25_LS,TON,2136,55,0.92,111.5,285.7,55.8,42.9,0.1309,0
Upper40_TON_12.03.25_LS,TON,2136,56,0.93,111.6,285.1,53.3,42.4,0.1515,0
Upper40_TON_12.03.25_LS,TON,2243,6500,108.33,503.6,136.7,44.3,41.1,0.4994,1
Upper40_TON_12.03.25_LS,TON,2243,6501,108.35,497.9,140.2,46.5,42.2,0.438,1
Upper40_TON_12.03.25_LS,TON,2243,6502,108.37,491.0,139.6,44.8,41.4,0.3076,1
Upper40_TON_12.03.25_LS,TON,2243,6503,108.38,484.7,140.1,42.5,40.0,0.5988,1
Upper40_TON_12.03.25_LS,TON,2243,6504,108.4,477.0,141.8,44.0,39.8,0.5729,1
Upper40_TON_12.03.25_LS,TON,2243,6505,108.42,470.5,142.0,44.5,41.0,0.5169,1
Upper40_TON_12.03.25_LS,TON,2243,6506,108.43,465.0,142.1,43.8,40.8,0.271,1
Upper40_TON_12.03.25_LS,TON,2243,6507,108.45,459.7,146.0,42.8,38.1,0.5373,1
Upper40_TON_12.03.25_LS,TON,2243,6508,108.47,453.2,147.8,43.1,39.2,0.5416,1
Upper40_TON_12.03.25_LS,TON,2243,6509,108.48,447.1,148.6,42.8,38.2,0.369,1
Upper40_TON_12.03.25_LS,TON,2243,6510,108.5,441.7,151.1,47.3,37.7,0.4317,1
Upper40_TON_12.03.25_LS,TON,2243,6511,108.52,433.7,152.0,48.1,39.8,0.455,1
Upper40_TON_12.03.25_LS,TON,2243,6512,108.53,426.9,153.8,48.5,40.2,0.1455,1
Upper40_TON_12.03.25_LS,TON,2243,6513,108.55,422.6,157.0,49.0,40.2,0.2118,1
Upper40_TON_12.03.25_LS,TON,2243,6520,108.67,381.5,173.4,39.6,41.2,0.5162,1
Upper40_TON_12.03.25_LS,TON,2243,6521,108.68,377.8,173.8,40.3,41.3,0.4276,1
Upper40_TON_12.03.25_LS,TON,2243,6522,108.7,372.4,175.5,42.0,40.2,0.3363,1
Upper40_TON_12.03.25_LS,TON,2243,6523,108.72,368.8,175.9,44.5,39.6,0.1176,1
Upper40_TON_12.03.25_LS,TON,2243,6524,108.73,360.3,176.9,45.8,40.8,0.1853,1
Upper40_TON_12.03.25_LS,TON,2243,6525,108.75,354.3,178.9,45.3,39.5,0.2772,1
Upper40_TON_12.03.25_LS,TON,2245,6523,108.72,341.6,414.5,42.9,33.9,0.5306,0
Upper40_TON_12.03.25_LS,TON,2245,6524,108.73,334.7,416.6,41.2,34.3,0.4866,0
Upper40_TON_12.03.25_LS,TON,2245,6525,108.75,330.9,417.7,42.3,35.6,0.3319,0
Upper40_TON_12.03.25_LS,TON,2265,6625,110.42,379.5,270.0,47.3,59.8,0.4252,1
Upper40_TON_12.03.25_LS,TON,2265,6626,110.43,383.6,269.7,46.2,59.6,0.6756,1
Upper40_TON_12.03.25_LS,TON,2265,6627,110.45,386.5,267.3,45.9,58.4,0.6956,1
Upper40_TON_12.03.25_LS,TON,2265,6628,110.47,391.5,267.5,43.2,56.8,0.2838,1
Upper40_TON_12.03.25_LS,TON,2265,6629,110.48,396.9,266.7,42.8,61.4,0.3682,1
Upper40_TON_12.03.25_LS,TON,2265,6632,110.53,411.0,267.4,42.2,62.4,0.2776,1
Upper40_TON_12.03.25_LS,TON,2265,6635,110.58,424.1,262.9,42.0,71.7,0.3336,1
Upper40_TON_12.03.25_LS,TON,2265,6636,110.6,428.6,265.5,42.1,66.1,0.1717,1
Upper40_TON_12.03.25_LS,TON,2265,6637,110.62,433.8,266.7,42.7,65.2,0.1095,1
Upper40_TON_12.03.25_LS,TON,2265,6638,110.63,439.4,267.1,43.1,62.2,0.5879,1
Upper40_TON_12.03.25_LS,TON,2265,6643,110.72,465.4,257.6,35.7,48.3,0.4494,1
Upper40_TON_12.03.25_LS,TON,2265,6646,110.77,477.6,251.8,40.6,50.4,0.3136,1
