video,site,track_id,frame,t_s,xc,yc,w,h,conf,confirmed
ChipsRd_TON_12.03.25_LS,TON,1,18,0.3,508.0,417.0,29.6,21.1,0.5065,0
ChipsRd_TON_12.03.25_LS,TON,1,19,0.32,508.3,417.0,29.5,21.3,0.4466,0
ChipsRd_TON_12.03.25_LS,TON,1,20,0.33,508.7,417.4,29.8,21.1,0.2773,0
ChipsRd_TON_12.03.25_LS,TON,1,21,0.35,507.6,418.1,28.1,20.6,0.1316,0
ChipsRd_TON_12.03.25_LS,TON,9,1093,18.22,625.5,328.0,27.4,35.9,0.6815,0
ChipsRd_TON_12.03.25_LS,TON,9,1094,18.23,623.0,327.8,32.3,35.0,0.771,0
ChipsRd_TON_12.03.25_LS,TON,9,1095,18.25,619.8,329.3,37.9,35.1,0.5952,0
ChipsRd_TON_12.03.25_LS,TON,9,1100,18.33,601.0,333.4,40.9,37.7,0.7437,0
ChipsRd_TON_12.03.25_LS,TON,9,1101,18.35,598.5,337.2,40.8,39.6,0.5345,0
ChipsRd_TON_12.03.25_LS,TON,9,1102,18.37,594.2,337.5,39.8,39.7,0.7049,0
ChipsRd_TON_12.03.25_LS,TON,9,1103,18.38,592.1,335.7,38.7,38.9,0.6698,0
ChipsRd_TON_12.03.25_LS,TON,9,1104,18.4,587.9,337.4,40.2,37.9,0.684,0
ChipsRd_TON_12.03.25_LS,TON,9,1105,18.42,583.6,336.9,37.7,37.4,0.7161,0
ChipsRd_TON_12.03.25_LS,TON,9,1106,18.43,579.9,336.6,36.7,38.2,0.7405,0
ChipsRd_TON_12.03.25_LS,TON,9,1107,18.45,575.4,336.9,35.2,37.5,0.7252,0
ChipsRd_TON_12.03.25_LS,TON,9,1108,18.47,572.6,336.2,35.4,38.1,0.7483,0
ChipsRd_TON_12.03.25_LS,TON,9,1109,18.48,569.3,337.2,38.1,39.0,0.7394,0
ChipsRd_TON_12.03.25_LS,TON,15,1236,20.6,117.8,338.9,44.5,34.4,0.3723,1
ChipsRd_TON_12.03.25_LS,TON,15,1237,20.62,114.6,339.1,42.7,35.4,0.4949,1
ChipsRd_TON_12.03.25_LS,TON,15,1238,20.63,110.5,339.2,44.6,34.6,0.5352,1
ChipsRd_TON_12.03.25_LS,TON,15,1239,20.65,106.9,338.6,44.6,35.2,0.5312,1
ChipsRd_TON_12.03.25_LS,TON,15,1240,20.67,102.1,337.1,46.1,35.2,0.4694,1
ChipsRd_TON_12.03.25_LS,TON,15,1241,20.68,98.6,336.8,45.7,35.2,0.2845,1
ChipsRd_TON_12.03.25_LS,TON,15,1242,20.7,95.4,338.3,41.8,36.6,0.5409,1
ChipsRd_TON_12.03.25_LS,TON,15,1243,20.72,91.4,337.3,44.0,35.6,0.2462,1
ChipsRd_TON_12.03.25_LS,TON,15,1244,20.73,89.2,337.1,41.1,36.4,0.416,1
ChipsRd_TON_12.03.25_LS,TON,15,1245,20.75,84.6,337.6,39.9,36.3,0.653,1
ChipsRd_TON_12.03.25_LS,TON,15,1246,20.77,80.6,337.0,42.2,35.3,0.4266,1
ChipsRd_TON_12.03.25_LS,TON,15,1247,20.78,77.1,338.7,41.0,36.3,0.3433,1
ChipsRd_TON_12.03.25_LS,TON,15,1248,20.8,73.8,340.5,40.3,36.8,0.4062,1
ChipsRd_TON_12.03.25_LS,TON,15,1250,20.83,66.8,341.8,38.9,37.0,0.2907,1
ChipsRd_TON_12.03.25_LS,TON,15,1251,20.85,63.0,342.2,40.7,37.0,0.1683,1
ChipsRd_TON_12.03.25_LS,TON,15,1252,20.87,58.9,343.4,40.9,38.5,0.4891,1
ChipsRd_TON_12.03.25_LS,TON,15,1253,20.88,55.4,342.6,40.8,38.5,0.5732,1
ChipsRd_TON_12.03.25_LS,TON,15,1254,20.9,51.1,342.7,41.8,39.0,0.4746,1
ChipsRd_TON_12.03.25_LS,TON,15,1255,20.92,47.8,343.4,40.5,38.8,0.5849,1
ChipsRd_TON_12.03.25_LS,TON,15,1256,20.93,44.3,341.4,40.6,38.1,0.6986,1
ChipsRd_TON_12.03.25_LS,TON,15,1257,20.95,39.9,340.9,43.3,37.3,0.5178,1
ChipsRd_TON_12.03.25_LS,TON,15,1258,20.97,35.9,340.5,45.8,36.8,0.701,1
ChipsRd_TON_12.03.25_LS,TON,15,1259,20.98,33.1,338.9,42.4,38.2,0.754,1
ChipsRd_TON_12.03.25_LS,TON,15,1260,21.0,28.7,339.4,39.8,36.8,0.5739,1
ChipsRd_TON_12.03.25_LS,TON,15,1261,21.02,25.4,339.6,39.0,36.7,0.7155,1
ChipsRd_TON_12.03.25_LS,TON,15,1262,21.03,22.4,338.4,38.7,37.7,0.5702,1
ChipsRd_TON_12.03.25_LS,TON,15,1263,21.05,17.5,339.6,35.0,37.8,0.4875,1
ChipsRd_TON_12.03.25_LS,TON,15,1264,21.07,16.7,339.2,33.5,37.8,0.6066,1
ChipsRd_TON_12.03.25_LS,TON,15,1265,21.08,15.0,338.5,30.0,38.0,0.554,1
ChipsRd_TON_12.03.25_LS,TON,15,1266,21.1,12.2,339.4,24.4,38.0,0.5614,1
ChipsRd_TON_12.03.25_LS,TON,32,3293,54.88,387.0,297.2,22.9,19.8,0.463,0
ChipsRd_TON_12.03.25_LS,TON,32,3294,54.9,386.7,297.2,23.6,20.0,0.2017,0
ChipsRd_TON_12.03.25_LS,TON,32,3295,54.92,385.1,296.6,24.5,20.6,0.1794,0
ChipsRd_TON_12.03.25_LS,TON,32,3296,54.93,383.4,296.5,23.9,20.2,0.2489,0
ChipsRd_TON_12.03.25_LS,TON,32,3297,54.95,380.7,296.0,25.0,21.0,0.223,0
FernRidgeRd_TON_12.03.25_LS,TON,59,3075,51.25,510.2,420.2,26.4,20.0,0.4476,0
FernRidgeRd_TON_12.03.25_LS,TON,59,3076,51.27,505.3,423.6,26.1,19.2,0.249,0
FernRidgeRd_TON_12.03.25_LS,TON,59,3077,51.28,500.5,424.0,26.4,19.7,0.1188,0
FernRidgeRd_TON_12.03.25_LS,TON,59,3078,51.3,496.7,426.5,28.1,22.3,0.1309,0
FernRidgeRd_TON_12.03.25_LS,TON,59,3079,51.32,493.5,428.1,27.4,21.6,0.1838,0
FernRidgeRd_TON_12.03.25_LS,TON,59,3080,51.33,489.0,427.7,27.2,21.9,0.2786,0
FernRidgeRd_TON_12.03.25_LS,TON,59,3081,51.35,484.4,429.5,26.9,25.3,0.1678,0
FernRidgeRd_TON_12.03.25_LS,TON,65,3195,53.25,17.3,408.1,34.7,25.7,0.4,0
FernRidgeRd_TON_12.03.25_LS,TON,65,3196,53.27,15.1,409.7,30.2,24.7,0.2081,0
FernRidgeRd_TON_12.03.25_LS,TON,65,3197,53.28,12.1,409.8,24.1,22.6,0.2206,0
FernRidgeRd_TON_12.03.25_LS,TON,77,4152,69.2,599.1,451.3,32.5,17.2,0.6211,1
FernRidgeRd_TON_12.03.25_LS,TON,77,4153,69.22,598.1,451.6,32.1,16.6,0.6541,1
FernRidgeRd_TON_12.03.25_LS,TON,77,4154,69.23,594.8,451.4,36.0,18.0,0.6434,1
FernRidgeRd_TON_12.03.25_LS,TON,77,4155,69.25,591.5,450.4,35.0,17.4,0.7054,1
FernRidgeRd_TON_12.03.25_LS,TON,77,4156,69.27,589.0,450.4,33.3,16.5,0.7254,1
FernRidgeRd_TON_12.03.25_LS,TON,77,4157,69.28,585.9,450.1,32.6,15.9,0.7203,1
FernRidgeRd_TON_12.03.25_LS,TON,77,4158,69.3,583.5,448.9,31.8,16.0,0.7004,1
FernRidgeRd_TON_12.03.25_LS,TON,77,4159,69.32,579.6,449.1,32.7,16.1,0.705,1
FernRidgeRd_TON_12.03.25_LS,TON,77,4160,69.33,576.7,448.3,33.7,16.4,0.7032,1
FernRidgeRd_TON_12.03.25_LS,TON,77,4161,69.35,574.2,447.1,32.8,16.1,0.7197,1
FernRidgeRd_TON_12.03.25_LS,TON,77,4162,69.37,571.5,447.3,33.9,16.6,0.7205,1
FernRidgeRd_TON_12.03.25_LS,TON,77,4163,69.38,568.6,447.2,35.5,17.2,0.7407,1
FernRidgeRd_TON_12.03.25_LS,TON,77,4164,69.4,566.5,446.6,35.4,17.1,0.7339,1
FernRidgeRd_TON_12.03.25_LS,TON,77,4165,69.42,563.6,447.5,34.9,16.9,0.7374,1
FernRidgeRd_TON_12.03.25_LS,TON,77,4166,69.43,560.6,447.2,36.0,17.0,0.725,1
FernRidgeRd_TON_12.03.25_LS,TON,77,4167,69.45,557.6,446.9,35.8,17.2,0.7121,1
FernRidgeRd_TON_12.03.25_LS,TON,77,4168,69.47,556.4,446.0,35.1,16.6,0.3232,1
FernRidgeRd_TON_12.03.25_LS,TON,77,4177,69.62,532.1,448.7,34.1,18.2,0.5067,1
FernRidgeRd_TON_12.03.25_LS,TON,77,4178,69.63,527.1,448.7,34.7,18.6,0.3417,1
FernRidgeRd_TON_12.03.25_LS,TON,77,4179,69.65,524.4,449.7,33.6,17.6,0.6447,1
FernRidgeRd_TON_12.03.25_LS,TON,77,4180,69.67,522.1,450.1,32.9,17.0,0.6272,1
FernRidgeRd_TON_12.03.25_LS,TON,77,4181,69.68,521.5,449.7,33.5,17.0,0.5919,1
FernRidgeRd_TON_12.03.25_LS,TON,77,4182,69.7,516.7,450.2,34.4,17.8,0.6009,1
FernRidgeRd_TON_12.03.25_LS,TON,77,4185,69.75,510.3,450.1,30.9,17.2,0.5869,1
FernRidgeRd_TON_12.03.25_LS,TON,77,4186,69.77,508.6,449.0,32.9,16.7,0.6089,1
FernRidgeRd_TON_12.03.25_LS,TON,77,4187,69.78,505.8,448.8,32.8,16.3,0.6263,1
FernRidgeRd_TON_12.03.25_LS,TON,77,4188,69.8,501.9,449.2,33.8,15.8,0.5747,1
FernRidgeRd_TON_12.03.25_LS,TON,77,4189,69.82,496.8,447.6,33.2,15.3,0.6506,1
FernRidgeRd_TON_12.03.25_LS,TON,77,4190,69.83,492.3,447.4,33.6,15.2,0.6364,1
FernRidgeRd_TON_12.03.25_LS,TON,77,4191,69.85,488.9,447.0,35.1,16.0,0.6749,1
FernRidgeRd_TON_12.03.25_LS,TON,77,4192,69.87,485.9,446.7,35.9,15.9,0.6942,1
FernRidgeRd_TON_12.03.25_LS,TON,77,4193,69.88,482.1,446.4,37.7,16.2,0.6829,1
FernRidgeRd_TON_12.03.25_LS,TON,77,4194,69.9,478.8,444.6,37.9,16.8,0.6961,1
FernRidgeRd_TON_12.03.25_LS,TON,77,4195,69.92,474.9,444.0,38.8,17.5,0.7159,1
FernRidgeRd_TON_12.03.25_LS,TON,77,4196,69.93,471.8,443.9,38.5,17.6,0.7164,1
FernRidgeRd_TON_12.03.25_LS,TON,77,4197,69.95,468.9,443.1,38.6,17.6,0.7354,1
FernRidgeRd_TON_12.03.25_LS,TON,77,4198,69.97,466.3,442.7,38.1,17.5,0.7332,1
FernRidgeRd_TON_12.03.25_LS,TON,77,4199,69.98,463.3,443.2,37.8,17.4,0.7236,1
FernRidgeRd_TON_12.03.25_LS,TON,77,4200,70.0,460.3,442.7,37.1,17.2,0.6819,1
FernRidgeRd_TON_12.03.25_LS,TON,77,4201,70.02,458.3,442.4,36.1,17.1,0.6944,1
FernRidgeRd_TON_12.03.25_LS,TON,77,4202,70.03,456.6,443.4,35.2,16.5,0.6793,1
FernRidgeRd_TON_12.03.25_LS,TON,77,4203,70.05,453.3,442.7,34.1,15.9,0.6413,1
FernRidgeRd_TON_12.03.25_LS,TON,77,4204,70.07,450.6,443.3,35.1,16.5,0.6622,1
FernRidgeRd_TON_12.03.25_LS,TON,77,4205,70.08,446.7,442.7,35.2,16.5,0.643,1
FernRidgeRd_TON_12.03.25_LS,TON,77,4206,70.1,443.6,442.0,33.8,15.9,0.6532,1
FernRidgeRd_TON_12.03.25_LS,TON,77,4207,70.12,440.0,442.5,34.4,16.6,0.4918,1
FernRidgeRd_TON_12.03.25_LS,TON,77,4214,70.23,422.1,442.4,33.6,15.7,0.4663,1
FernRidgeRd_TON_12.03.25_LS,TON,77,4215,70.25,419.8,441.8,32.9,15.6,0.5588,1
FernRidgeRd_TON_12.03.25_LS,TON,77,4216,70.27,417.3,442.0,31.1,15.6,0.6939,1
FernRidgeRd_TON_12.03.25_LS,TON,77,4217,70.28,414.3,442.1,31.6,15.6,0.645,1
FernRidgeRd_TON_12.03.25_LS,TON,77,4218,70.3,411.2,441.4,31.2,15.4,0.6546,1
FernRidgeRd_TON_12.03.25_LS,TON,77,4219,70.32,407.6,441.3,32.3,15.6,0.6788,1
FernRidgeRd_TON_12.03.25_LS,TON,77,4220,70.33,403.4,441.3,33.7,16.0,0.6814,1
FernRidgeRd_TON_12.03.25_LS,TON,77,4221,70.35,400.2,440.7,33.7,16.0,0.7007,1
FernRidgeRd_TON_12.03.25_LS,TON,77,4222,70.37,397.7,439.9,34.6,15.8,0.6835,1
FernRidgeRd_TON_12.03.25_LS,TON,77,4223,70.38,394.7,438.9,34.3,15.5,0.689,1
FernRidgeRd_TON_12.03.25_LS,TON,77,4224,70.4,393.1,438.3,34.6,15.7,0.6917,1
FernRidgeRd_TON_12.03.25_LS,TON,77,4225,70.42,390.8,437.5,34.9,16.1,0.6847,1
FernRidgeRd_TON_12.03.25_LS,TON,77,4226,70.43,387.2,436.9,35.1,16.1,0.6669,1
FernRidgeRd_TON_12.03.25_LS,TON,77,4227,70.45,384.1,435.9,34.2,15.6,0.6912,1
FernRidgeRd_TON_12.03.25_LS,TON,77,4228,70.47,381.1,435.1,33.5,15.3,0.6837,1
FernRidgeRd_TON_12.03.25_LS,TON,77,4229,70.48,378.0,433.9,32.4,15.3,0.6314,1
FernRidgeRd_TON_12.03.25_LS,TON,77,4230,70.5,373.7,432.7,30.9,14.6,0.6351,1
FernRidgeRd_TON_12.03.25_LS,TON,77,4231,70.52,373.9,432.6,32.9,15.0,0.5705,1
FernRidgeRd_TON_12.03.25_LS,TON,77,4232,70.53,371.3,432.4,33.5,15.0,0.5423,1
FernRidgeRd_TON_12.03.25_LS,TON,77,4233,70.55,368.5,430.7,33.4,15.5,0.5666,1
FernRidgeRd_TON_12.03.25_LS,TON,77,4234,70.57,365.1,430.3,33.6,15.6,0.5576,1
FernRidgeRd_TON_12.03.25_LS,TON,77,4235,70.58,363.2,431.2,33.2,15.4,0.413,1
FernRidgeRd_TON_12.03.25_LS,TON,77,4237,70.62,359.0,431.7,33.2,15.5,0.3788,1
FernRidgeRd_TON_12.03.25_LS,TON,77,4238,70.63,354.4,430.9,32.6,15.3,0.3766,1
FernRidgeRd_TON_12.03.25_LS,TON,77,4240,70.67,351.5,428.3,32.0,15.2,0.4984,1
FernRidgeRd_TON_12.03.25_LS,TON,77,4241,70.68,349.9,428.0,31.9,15.0,0.614,1
FernRidgeRd_TON_12.03.25_LS,TON,77,4242,70.7,347.1,427.4,32.2,15.3,0.6452,1
FernRidgeRd_TON_12.03.25_LS,TON,77,4243,70.72,342.8,427.4,33.0,15.5,0.6816,1
FernRidgeRd_TON_12.03.25_LS,TON,77,4244,70.73,339.6,427.6,32.7,15.2,0.6418,1
FernRidgeRd_TON_12.03.25_LS,TON,77,4245,70.75,337.0,427.0,32.7,14.9,0.6447,1
FernRidgeRd_TON_12.03.25_LS,TON,77,4246,70.77,333.9,427.2,33.0,15.2,0.6451,1
FernRidgeRd_TON_12.03.25_LS,TON,77,4247,70.78,331.7,427.3,33.1,15.0,0.6221,1
FernRidgeRd_TON_12.03.25_LS,TON,77,4248,70.8,330.1,427.8,34.5,15.5,0.5801,1
FernRidgeRd_TON_12.03.25_LS,TON,77,4249,70.82,328.1,426.3,33.9,15.7,0.6424,1
FernRidgeRd_TON_12.03.25_LS,TON,77,4250,70.83,326.1,426.1,34.0,15.6,0.6087,1
FernRidgeRd_TON_12.03.25_LS,TON,77,4251,70.85,323.0,426.4,33.1,15.3,0.6811,1
FernRidgeRd_TON_12.03.25_LS,TON,77,4252,70.87,319.7,425.5,32.6,15.2,0.6568,1
FernRidgeRd_TON_12.03.25_LS,TON,77,4253,70.88,317.2,425.2,32.5,15.4,0.6828,1
FernRidgeRd_TON_12.03.25_LS,TON,77,4254,70.9,313.6,425.5,31.7,15.2,0.6537,1
FernRidgeRd_TON_12.03.25_LS,TON,77,4255,70.92,310.8,425.3,31.8,15.1,0.5875,1
FernRidgeRd_TON_12.03.25_LS,TON,77,4256,70.93,309.5,425.4,32.0,15.3,0.6049,1
FernRidgeRd_TON_12.03.25_LS,TON,77,4257,70.95,305.7,424.9,34.4,16.2,0.4438,1
FernRidgeRd_TON_12.03.25_LS,TON,77,4258,70.97,302.3,424.4,33.8,15.7,0.4015,1
FernRidgeRd_TON_12.03.25_LS,TON,77,4259,70.98,301.0,424.8,33.3,15.3,0.3415,1
FernRidgeRd_TON_12.03.25_LS,TON,77,4260,71.0,300.9,425.6,32.4,15.4,0.4219,1
FernRidgeRd_TON_12.03.25_LS,TON,77,4261,71.02,296.0,425.4,33.9,15.8,0.212,1
FernRidgeRd_TON_12.03.25_LS,TON,77,4262,71.03,294.8,426.6,33.7,16.0,0.3884,1
FernRidgeRd_TON_12.03.25_LS,TON,77,4263,71.05,290.4,426.4,33.2,15.9,0.4787,1
FernRidgeRd_TON_12.03.25_LS,TON,77,4264,71.07,285.7,426.1,32.9,16.2,0.3474,1
FernRidgeRd_TON_12.03.25_LS,TON,77,4265,71.08,282.9,423.5,32.7,15.9,0.2207,1
FernRidgeRd_TON_12.03.25_LS,TON,80,4274,71.23,261.4,421.7,34.1,16.2,0.5069,0
FernRidgeRd_TON_12.03.25_LS,TON,80,4275,71.25,257.5,421.0,32.4,15.8,0.6093,0
FernRidgeRd_TON_12.03.25_LS,TON,80,4276,71.27,257.7,419.0,33.1,16.0,0.1339,0
FernRidgeRd_TON_12.03.25_LS,TON,84,4296,71.6,199.0,418.3,33.5,15.7,0.3705,0
FernRidgeRd_TON_12.03.25_LS,TON,84,4297,71.62,193.5,419.0,32.8,15.4,0.2996,0
FernRidgeRd_TON_12.03.25_LS,TON,84,4298,71.63,192.3,419.1,33.1,15.2,0.4104,0
FernRidgeRd_TON_12.03.25_LS,TON,84,4299,71.65,193.4,418.6,34.8,16.2,0.1383,0
FernRidgeRd_TON_12.03.25_LS,TON,84,4300,71.67,190.0,418.0,35.1,16.4,0.2341,0
FernRidgeRd_TON_12.03.25_LS,TON,85,4302,71.7,184.1,421.8,33.6,15.4,0.4265,1
FernRidgeRd_TON_12.03.25_LS,TON,85,4303,71.72,180.9,420.4,34.6,16.7,0.4517,1
FernRidgeRd_TON_12.03.25_LS,TON,85,4309,71.82,162.8,419.2,33.4,15.9,0.4755,1
FernRidgeRd_TON_12.03.25_LS,TON,85,4310,71.83,158.9,420.0,31.4,15.5,0.4871,1
FernRidgeRd_TON_12.03.25_LS,TON,85,4312,71.87,152.9,418.9,32.5,15.9,0.4046,1
FernRidgeRd_TON_12.03.25_LS,TON,85,4313,71.88,151.2,418.5,31.7,16.0,0.4105,1
FernRidgeRd_TON_12.03.25_LS,TON,85,4314,71.9,149.6,416.0,30.6,15.5,0.3477,1
FernRidgeRd_TON_12.03.25_LS,TON,85,4315,71.92,148.1,416.8,31.6,15.8,0.4538,1
FernRidgeRd_TON_12.03.25_LS,TON,85,4316,71.93,144.4,417.0,32.6,16.4,0.3304,1
FernRidgeRd_TON_12.03.25_LS,TON,85,4317,71.95,140.8,416.6,31.2,15.9,0.443,1
FernRidgeRd_TON_12.03.25_LS,TON,85,4318,71.97,140.4,417.2,30.8,14.5,0.4156,1
FernRidgeRd_TON_12.03.25_LS,TON,85,4319,71.98,137.1,416.9,30.6,15.0,0.4314,1
FernRidgeRd_TON_12.03.25_LS,TON,85,4320,72.0,133.2,416.7,29.1,14.9,0.5162,1
FernRidgeRd_TON_12.03.25_LS,TON,85,4321,72.02,130.8,416.8,28.8,14.8,0.5061,1
FernRidgeRd_TON_12.03.25_LS,TON,85,4322,72.03,129.2,416.4,30.0,14.9,0.4772,1
FernRidgeRd_TON_12.03.25_LS,TON,85,4323,72.05,126.4,416.1,31.9,15.2,0.4982,1
FernRidgeRd_TON_12.03.25_LS,TON,85,4324,72.07,121.9,415.3,31.8,15.3,0.4046,1
FernRidgeRd_TON_12.03.25_LS,TON,85,4325,72.08,118.9,414.5,31.9,15.2,0.4739,1
FernRidgeRd_TON_12.03.25_LS,TON,85,4326,72.1,116.0,414.3,32.6,15.7,0.4837,1
FernRidgeRd_TON_12.03.25_LS,TON,85,4327,72.12,113.9,414.5,32.9,15.7,0.408,1
FernRidgeRd_TON_12.03.25_LS,TON,85,4335,72.25,103.9,414.5,33.6,14.8,0.4437,1
FernRidgeRd_TON_12.03.25_LS,TON,91,4564,76.07,400.9,266.0,31.8,32.4,0.3975,0
FernRidgeRd_TON_12.03.25_LS,TON,91,4565,76.08,398.4,266.8,29.8,30.6,0.6394,0
FernRidgeRd_TON_12.03.25_LS,TON,91,4566,76.1,397.1,266.3,30.6,30.4,0.7288,0
FernRidgeRd_TON_12.03.25_LS,TON,112,5340,89.0,197.1,502.8,34.7,17.1,0.4142,0
FernRidgeRd_TON_12.03.25_LS,TON,112,5341,89.02,189.5,505.1,32.9,13.8,0.5372,0
FernRidgeRd_TON_12.03.25_LS,TON,112,5342,89.03,183.2,505.1,30.8,13.7,0.4967,0
FernRidgeRd_TON_12.03.25_LS,TON,112,5343,89.05,178.2,505.9,32.2,11.6,0.5378,0
FernRidgeRd_TON_12.03.25_LS,TON,112,5344,89.07,172.1,506.8,33.9,10.4,0.4774,0
FernRidgeRd_TON_12.03.25_LS,TON,112,5349,89.15,138.4,506.5,31.5,10.5,0.4287,0
FernRidgeRd_TON_12.03.25_LS,TON,112,5350,89.17,132.7,505.9,31.4,10.4,0.3629,0
FernRidgeRd_TON_12.03.25_LS,TON,112,5351,89.18,126.9,505.8,36.7,11.4,0.3615,0
FernRidgeRd_TON_12.03.25_LS,TON,112,5352,89.2,121.6,504.8,30.8,13.5,0.4218,0
FernRidgeRd_TON_12.03.25_LS,TON,117,5715,95.25,573.3,335.2,25.4,21.5,0.3552,1
FernRidgeRd_TON_12.03.25_LS,TON,117,5716,95.27,568.4,334.3,25.3,21.0,0.4349,1
FernRidgeRd_TON_12.03.25_LS,TON,117,5717,95.28,562.6,336.3,23.3,20.3,0.6017,1
FernRidgeRd_TON_12.03.25_LS,TON,117,5718,95.3,557.3,338.9,23.6,21.0,0.6661,1
FernRidgeRd_TON_12.03.25_LS,TON,117,5719,95.32,553.4,336.8,24.0,21.3,0.3673,1
FernRidgeRd_TON_12.03.25_LS,TON,117,5720,95.33,550.3,336.6,25.5,22.4,0.4943,1
FernRidgeRd_TON_12.03.25_LS,TON,117,5721,95.35,546.5,337.8,27.3,22.8,0.5455,1
FernRidgeRd_TON_12.03.25_LS,TON,117,5722,95.37,542.1,336.7,25.7,22.2,0.3761,1
FernRidgeRd_TON_12.03.25_LS,TON,117,5723,95.38,538.8,337.3,27.4,23.6,0.3155,1
FernRidgeRd_TON_12.03.25_LS,TON,117,5724,95.4,538.7,336.0,28.2,25.4,0.1492,1
FernRidgeRd_TON_12.03.25_LS,TON,117,5725,95.42,531.6,332.5,24.5,23.9,0.1239,1
FernRidgeRd_TON_12.03.25_LS,TON,117,5726,95.43,527.2,333.5,22.7,22.5,0.3945,1
FernRidgeRd_TON_12.03.25_LS,TON,117,5727,95.45,524.9,333.5,22.3,22.0,0.6267,1
FernRidgeRd_TON_12.03.25_LS,TON,117,5728,95.47,522.3,332.2,22.4,20.9,0.6661,1
FernRidgeRd_TON_12.03.25_LS,TON,117,5729,95.48,517.7,334.1,20.6,19.3,0.6549,1
FernRidgeRd_TON_12.03.25_LS,TON,117,5730,95.5,514.7,333.4,21.6,19.6,0.6056,1
FernRidgeRd_TON_12.03.25_LS,TON,117,5731,95.52,509.5,330.7,21.2,19.7,0.5945,1
FernRidgeRd_TON_12.03.25_LS,TON,117,5732,95.53,507.6,331.5,19.7,19.2,0.1371,1
FernRidgeRd_TON_12.03.25_LS,TON,117,5733,95.55,503.9,331.1,19.8,19.2,0.2748,1
FernRidgeRd_TON_12.03.25_LS,TON,117,5734,95.57,500.0,330.3,19.5,17.9,0.512,1
FernRidgeRd_TON_12.03.25_LS,TON,117,5735,95.58,496.0,331.4,19.8,18.2,0.5768,1
FernRidgeRd_TON_12.03.25_LS,TON,117,5736,95.6,493.2,330.1,20.7,18.4,0.461,1
FernRidgeRd_TON_12.03.25_LS,TON,117,5737,95.62,488.8,330.7,20.1,18.1,0.5607,1
FernRidgeRd_TON_12.03.25_LS,TON,117,5738,95.63,484.7,331.7,20.1,18.6,0.4859,1
FernRidgeRd_TON_12.03.25_LS,TON,117,5739,95.65,480.5,330.8,20.6,19.4,0.5064,1
FernRidgeRd_TON_12.03.25_LS,TON,117,5740,95.67,476.6,331.2,19.9,19.1,0.5101,1
FernRidgeRd_TON_12.03.25_LS,TON,117,5741,95.68,473.3,331.0,19.9,18.8,0.4503,1
FernRidgeRd_TON_12.03.25_LS,TON,117,5742,95.7,470.2,330.4,19.1,18.7,0.2461,1
FernRidgeRd_TON_12.03.25_LS,TON,117,5744,95.73,461.7,329.3,18.4,17.6,0.4226,1
FernRidgeRd_TON_12.03.25_LS,TON,117,5745,95.75,460.0,328.2,17.7,17.0,0.2305,1
FernRidgeRd_TON_12.03.25_LS,TON,117,5746,95.77,456.8,328.0,18.3,17.2,0.2935,1
FernRidgeRd_TON_12.03.25_LS,TON,117,5747,95.78,454.6,327.9,18.3,16.9,0.3698,1
FernRidgeRd_TON_12.03.25_LS,TON,117,5748,95.8,450.0,329.2,19.2,18.6,0.5047,1
FernRidgeRd_TON_12.03.25_LS,TON,117,5749,95.82,445.4,330.8,19.5,19.0,0.4555,1
FernRidgeRd_TON_12.03.25_LS,TON,117,5750,95.83,441.7,330.9,19.5,18.6,0.3632,1
FernRidgeRd_TON_12.03.25_LS,TON,117,5751,95.85,437.5,331.2,19.3,18.2,0.412,1
FernRidgeRd_TON_12.03.25_LS,TON,117,5752,95.87,433.9,331.2,19.2,17.8,0.4718,1
FernRidgeRd_TON_12.03.25_LS,TON,117,5753,95.88,429.5,332.2,18.3,17.3,0.4048,1
FernRidgeRd_TON_12.03.25_LS,TON,117,5754,95.9,426.5,332.5,18.7,17.1,0.3965,1
FernRidgeRd_TON_12.03.25_LS,TON,117,5755,95.92,422.6,331.6,18.1,16.9,0.3363,1
FernRidgeRd_TON_12.03.25_LS,TON,117,5756,95.93,419.2,331.7,18.6,16.7,0.4181,1
FernRidgeRd_TON_12.03.25_LS,TON,117,5757,95.95,415.4,331.4,18.3,16.6,0.5515,1
FernRidgeRd_TON_12.03.25_LS,TON,117,5758,95.97,412.6,331.9,19.0,17.7,0.5681,1
FernRidgeRd_TON_12.03.25_LS,TON,117,5759,95.98,409.0,332.9,18.9,17.6,0.3872,1
FernRidgeRd_TON_12.03.25_LS,TON,117,5761,96.02,401.0,334.7,18.2,17.5,0.2922,1
FernRidgeRd_TON_12.03.25_LS,TON,117,5783,96.38,329.7,334.5,19.8,18.0,0.446,1
FernRidgeRd_TON_12.03.25_LS,TON,117,5787,96.45,321.9,332.5,18.3,16.1,0.3024,1
FernRidgeRd_TON_12.03.25_LS,TON,117,5788,96.47,320.2,332.0,19.3,17.4,0.3747,1
FernRidgeRd_TON_12.03.25_LS,TON,117,5798,96.63,296.3,329.0,20.3,18.7,0.5388,1
FernRidgeRd_TON_12.03.25_LS,TON,117,5799,96.65,294.7,330.5,20.2,18.5,0.604,1
FernRidgeRd_TON_12.03.25_LS,TON,117,5800,96.67,292.4,330.9,20.4,18.6,0.5358,1
FernRidgeRd_TON_12.03.25_LS,TON,117,5801,96.68,289.1,331.0,20.9,18.6,0.6513,1
FernRidgeRd_TON_12.03.25_LS,TON,117,5802,96.7,286.6,332.4,21.4,18.5,0.6614,1
FernRidgeRd_TON_12.03.25_LS,TON,117,5803,96.72,283.9,332.2,21.0,18.0,0.6474,1
FernRidgeRd_TON_12.03.25_LS,TON,117,5804,96.73,280.7,331.0,20.3,16.7,0.5878,1
FernRidgeRd_TON_12.03.25_LS,TON,117,5805,96.75,278.9,330.7,21.9,17.6,0.5358,1
FernRidgeRd_TON_12.03.25_LS,TON,117,5806,96.77,275.1,328.3,22.5,18.8,0.4999,1
FernRidgeRd_TON_12.03.25_LS,TON,117,5807,96.78,272.4,327.7,23.2,19.1,0.4972,1
FernRidgeRd_TON_12.03.25_LS,TON,117,5808,96.8,270.0,328.5,23.9,20.1,0.465,1
FernRidgeRd_TON_12.03.25_LS,TON,117,5809,96.82,266.9,327.8,25.5,22.8,0.3125,1
FernRidgeRd_TON_12.03.25_LS,TON,117,5810,96.83,264.9,327.5,24.5,22.8,0.126,1
FernRidgeRd_TON_12.03.25_LS,TON,117,5814,96.9,256.2,324.8,20.2,18.9,0.3876,1
FernRidgeRd_TON_12.03.25_LS,TON,117,5815,96.92,254.2,321.7,19.1,17.4,0.431,1
FernRidgeRd_TON_12.03.25_LS,TON,117,5816,96.93,251.7,323.5,19.6,17.3,0.4727,1
FernRidgeRd_TON_12.03.25_LS,TON,117,5817,96.95,248.7,324.7,21.4,19.8,0.3073,1
FernRidgeRd_TON_12.03.25_LS,TON,117,5818,96.97,245.8,321.0,22.9,21.3,0.1587,1
FernRidgeRd_TON_12.03.25_LS,TON,117,5819,96.98,243.7,321.9,24.2,22.1,0.5648,1
FernRidgeRd_TON_12.03.25_LS,TON,117,5820,97.0,241.9,320.2,22.9,20.8,0.5174,1
FernRidgeRd_TON_12.03.25_LS,TON,117,5821,97.02,240.1,317.9,20.7,19.1,0.5327,1
FernRidgeRd_TON_12.03.25_LS,TON,117,5822,97.03,237.6,318.6,20.5,19.7,0.5402,1
FernRidgeRd_TON_12.03.25_LS,TON,117,5823,97.05,234.9,318.5,21.6,19.7,0.4627,1
FernRidgeRd_TON_12.03.25_LS,TON,117,5824,97.07,232.7,317.4,20.5,19.0,0.4475,1
FernRidgeRd_TON_12.03.25_LS,TON,117,5825,97.08,230.0,317.8,20.4,19.1,0.4944,1
FernRidgeRd_TON_12.03.25_LS,TON,117,5826,97.1,228.0,317.5,20.1,17.9,0.538,1
FernRidgeRd_TON_12.03.25_LS,TON,117,5827,97.12,225.8,316.0,19.2,16.8,0.49,1
FernRidgeRd_TON_12.03.25_LS,TON,117,5828,97.13,223.1,317.9,18.6,16.0,0.6476,1
FernRidgeRd_TON_12.03.25_LS,TON,117,5829,97.15,220.7,318.3,18.5,15.6,0.6708,1
FernRidgeRd_TON_12.03.25_LS,TON,117,5830,97.17,218.4,317.5,18.3,16.3,0.5307,1
FernRidgeRd_TON_12.03.25_LS,TON,117,5831,97.18,218.3,317.4,19.1,17.0,0.5946,1
FernRidgeRd_TON_12.03.25_LS,TON,117,5832,97.2,216.1,317.5,19.8,17.1,0.6126,1
FernRidgeRd_TON_12.03.25_LS,TON,117,5833,97.22,213.2,317.1,19.9,17.3,0.5331,1
FernRidgeRd_TON_12.03.25_LS,TON,117,5834,97.23,211.0,318.2,20.4,17.9,0.603,1
FernRidgeRd_TON_12.03.25_LS,TON,117,5835,97.25,208.7,318.2,20.0,17.6,0.6438,1
FernRidgeRd_TON_12.03.25_LS,TON,117,5836,97.27,209.0,318.1,19.9,18.0,0.1526,1
FernRidgeRd_TON_12.03.25_LS,TON,117,5837,97.28,210.6,319.2,19.4,17.8,0.113,1
FernRidgeRd_TON_12.03.25_LS,TON,117,5839,97.32,202.1,318.4,18.4,17.2,0.5328,1
FernRidgeRd_TON_12.03.25_LS,TON,117,5840,97.33,199.2,318.5,18.3,17.0,0.1086,1
FernRidgeRd_TON_12.03.25_LS,TON,117,5845,97.42,184.6,317.7,18.6,16.6,0.6638,1
FernRidgeRd_TON_12.03.25_LS,TON,117,5846,97.43,182.8,317.3,19.3,17.6,0.6384,1
FernRidgeRd_TON_12.03.25_LS,TON,117,5847,97.45,181.0,315.6,20.3,17.9,0.5807,1
FernRidgeRd_TON_12.03.25_LS,TON,117,5848,97.47,178.2,315.7,20.1,17.2,0.6589,1
FernRidgeRd_TON_12.03.25_LS,TON,117,5849,97.48,175.9,315.8,20.1,16.9,0.6596,1
FernRidgeRd_TON_12.03.25_LS,TON,117,5850,97.5,173.9,315.5,20.8,17.2,0.6354,1
FernRidgeRd_TON_12.03.25_LS,TON,117,5851,97.52,172.0,315.1,20.3,17.0,0.617,1
FernRidgeRd_TON_12.03.25_LS,TON,117,5852,97.53,169.3,315.5,19.8,17.0,0.5938,1
FernRidgeRd_TON_12.03.25_LS,TON,117,5853,97.55,167.0,315.1,19.9,17.3,0.6377,1
FernRidgeRd_TON_12.03.25_LS,TON,117,5854,97.57,163.9,314.6,19.1,17.0,0.5782,1
FernRidgeRd_TON_12.03.25_LS,TON,117,5855,97.58,163.1,315.3,19.4,17.3,0.1492,1
FernRidgeRd_TON_12.03.25_LS,TON,117,5856,97.6,162.6,315.6,19.1,17.1,0.1658,1
FernRidgeRd_TON_12.03.25_LS,TON,117,5874,97.9,121.0,308.5,19.5,17.0,0.478,1
FernRidgeRd_TON_12.03.25_LS,TON,117,5875,97.92,118.1,308.6,17.3,15.3,0.5206,1
FernRidgeRd_TON_12.03.25_LS,TON,117,5876,97.93,117.5,308.3,17.0,15.5,0.1808,1
FernRidgeRd_TON_12.03.25_LS,TON,132,6783,113.05,390.8,355.9,27.2,20.0,0.4334,1
FernRidgeRd_TON_12.03.25_LS,TON,132,6784,113.07,386.1,356.1,29.4,21.9,0.5498,1
FernRidgeRd_TON_12.03.25_LS,TON,132,6785,113.08,377.0,357.6,26.6,22.0,0.5134,1
FernRidgeRd_TON_12.03.25_LS,TON,132,6786,113.1,368.3,358.9,26.2,20.8,0.3899,1
FernRidgeRd_TON_12.03.25_LS,TON,132,6787,113.12,362.6,360.5,27.9,22.9,0.5166,1
FernRidgeRd_TON_12.03.25_LS,TON,132,6788,113.13,354.1,363.5,29.3,23.9,0.1864,1
FernRidgeRd_TON_12.03.25_LS,TON,132,6789,113.15,346.8,364.5,29.7,21.8,0.3946,1
FernRidgeRd_TON_12.03.25_LS,TON,132,6790,113.17,339.3,366.3,30.3,20.6,0.3261,1
FernRidgeRd_TON_12.03.25_LS,TON,132,6791,113.18,331.4,366.0,31.0,20.5,0.4663,1
FernRidgeRd_TON_12.03.25_LS,TON,132,6792,113.2,324.3,366.7,31.0,20.9,0.4889,1
FernRidgeRd_TON_12.03.25_LS,TON,132,6793,113.22,317.9,368.6,31.3,21.2,0.1507,1
FernRidgeRd_TON_12.03.25_LS,TON,132,6794,113.23,311.1,368.2,29.8,20.7,0.3226,1
FernRidgeRd_TON_12.03.25_LS,TON,132,6799,113.32,278.4,369.4,32.1,23.9,0.3807,1
FernRidgeRd_TON_12.03.25_LS,TON,132,6800,113.33,269.7,367.7,30.8,23.8,0.3733,1
FernRidgeRd_TON_12.03.25_LS,TON,132,6801,113.35,264.3,368.7,31.4,24.6,0.4733,1
FernRidgeRd_TON_12.03.25_LS,TON,132,6802,113.37,258.3,369.1,31.9,24.5,0.4738,1
FernRidgeRd_TON_12.03.25_LS,TON,132,6803,113.38,249.7,369.1,31.8,22.7,0.2765,1
FernRidgeRd_TON_12.03.25_LS,TON,132,6804,113.4,242.3,370.7,32.9,21.9,0.4064,1
FernRidgeRd_TON_12.03.25_LS,TON,132,6805,113.42,234.0,371.8,32.4,21.9,0.1291,1
FernRidgeRd_TON_12.03.25_LS,TON,147,7221,120.35,504.7,465.4,25.1,22.3,0.4905,1
FernRidgeRd_TON_12.03.25_LS,TON,147,7222,120.37,499.7,464.9,23.5,19.2,0.6466,1
FernRidgeRd_TON_12.03.25_LS,TON,147,7223,120.38,494.2,466.4,24.3,18.1,0.5892,1
FernRidgeRd_TON_12.03.25_LS,TON,147,7224,120.4,488.4,466.6,24.0,19.0,0.6161,1
FernRidgeRd_TON_12.03.25_LS,TON,147,7225,120.42,484.1,466.3,27.6,19.5,0.2888,1
FernRidgeRd_TON_12.03.25_LS,TON,147,7234,120.57,441.5,469.7,20.6,15.7,0.5722,1
FernRidgeRd_TON_12.03.25_LS,TON,147,7235,120.58,436.7,469.4,22.3,15.6,0.6229,1
FernRidgeRd_TON_12.03.25_LS,TON,147,7236,120.6,432.2,469.3,21.1,15.5,0.6637,1
FernRidgeRd_TON_12.03.25_LS,TON,147,7237,120.62,427.7,470.0,20.8,15.8,0.6387,1
FernRidgeRd_TON_12.03.25_LS,TON,147,7238,120.63,422.7,470.2,21.5,16.5,0.6728,1
FernRidgeRd_TON_12.03.25_LS,TON,147,7239,120.65,417.7,470.5,21.7,16.9,0.5867,1
FernRidgeRd_TON_12.03.25_LS,TON,147,7240,120.67,413.9,470.5,21.0,16.7,0.6472,1
FernRidgeRd_TON_12.03.25_LS,TON,147,7241,120.68,408.9,470.9,21.2,17.4,0.629,1
FernRidgeRd_TON_12.03.25_LS,TON,147,7243,120.72,399.0,470.3,20.3,17.3,0.4273,1
FernRidgeRd_TON_12.03.25_LS,TON,147,7244,120.73,393.1,469.7,20.4,17.0,0.6422,1
FernRidgeRd_TON_12.03.25_LS,TON,147,7245,120.75,387.3,469.6,21.1,16.9,0.6245,1
FernRidgeRd_TON_12.03.25_LS,TON,147,7246,120.77,383.1,467.8,21.5,17.5,0.631,1
FernRidgeRd_TON_12.03.25_LS,TON,147,7247,120.78,377.7,464.2,22.1,18.3,0.5104,1
FernRidgeRd_TON_12.03.25_LS,TON,147,7248,120.8,374.7,462.0,21.5,18.0,0.6439,1
FernRidgeRd_TON_12.03.25_LS,TON,147,7249,120.82,368.9,458.6,22.0,18.8,0.5279,1
FernRidgeRd_TON_12.03.25_LS,TON,147,7250,120.83,364.2,454.2,21.8,17.5,0.5503,1
FernRidgeRd_TON_12.03.25_LS,TON,147,7251,120.85,360.0,453.7,20.5,16.0,0.6044,1
FernRidgeRd_TON_12.03.25_LS,TON,147,7252,120.87,357.1,449.7,24.1,19.1,0.4247,1
FernRidgeRd_TON_12.03.25_LS,TON,147,7255,120.92,343.7,438.3,25.2,20.6,0.2843,1
FernRidgeRd_TON_12.03.25_LS,TON,147,7259,120.98,320.1,430.3,21.9,17.6,0.4949,1
FernRidgeRd_TON_12.03.25_LS,TON,147,7260,121.0,316.2,429.5,21.8,16.9,0.1647,1
FernRidgeRd_TON_12.03.25_LS,TON,147,7261,121.02,311.2,427.3,22.1,17.7,0.34,1
FernRidgeRd_TON_12.03.25_LS,TON,147,7262,121.03,306.7,422.7,21.8,17.2,0.3849,1
FernRidgeRd_TON_12.03.25_LS,TON,147,7263,121.05,301.5,422.2,20.2,15.7,0.6688,1
FernRidgeRd_TON_12.03.25_LS,TON,147,7264,121.07,296.5,419.5,20.4,16.4,0.5581,1
FernRidgeRd_TON_12.03.25_LS,TON,147,7265,121.08,291.1,415.0,21.5,17.3,0.263,1
FernRidgeRd_TON_12.03.25_LS,TON,147,7266,121.1,286.4,415.3,22.6,17.5,0.1408,1
FernRidgeRd_TON_12.03.25_LS,TON,147,7267,121.12,280.9,413.3,21.6,17.7,0.6229,1
FernRidgeRd_TON_12.03.25_LS,TON,147,7268,121.13,276.7,412.0,22.8,18.6,0.4809,1
FernRidgeRd_TON_12.03.25_LS,TON,147,7271,121.18,263.3,414.1,23.6,17.8,0.4407,1
FernRidgeRd_TON_12.03.25_LS,TON,147,7272,121.2,257.1,418.4,23.1,16.9,0.6062,1
FernRidgeRd_TON_12.03.25_LS,TON,147,7274,121.23,246.5,420.3,21.9,16.8,0.4466,1
FernRidgeRd_TON_12.03.25_LS,TON,147,7275,121.25,240.7,424.0,23.8,18.2,0.3439,1
FernRidgeRd_TON_12.03.25_LS,TON,147,7276,121.27,235.9,423.1,23.6,18.2,0.5592,1
FernRidgeRd_TON_12.03.25_LS,TON,147,7277,121.28,230.1,425.5,23.8,19.8,0.3459,1
FernRidgeRd_TON_12.03.25_LS,TON,147,7278,121.3,224.4,430.9,21.6,17.7,0.6664,1
FernRidgeRd_TON_12.03.25_LS,TON,147,7279,121.32,219.1,429.4,23.2,18.4,0.5222,1
FernRidgeRd_TON_12.03.25_LS,TON,147,7280,121.33,213.9,432.4,24.7,20.6,0.3036,1
FernRidgeRd_TON_12.03.25_LS,TON,147,7281,121.35,208.4,437.2,21.6,18.0,0.5094,1
FernRidgeRd_TON_12.03.25_LS,TON,147,7282,121.37,203.0,436.2,22.4,18.7,0.2095,1
FernRidgeRd_TON_12.03.25_LS,TON,147,7283,121.38,197.3,441.0,23.6,19.8,0.2121,1
FernRidgeRd_TON_12.03.25_LS,TON,147,7290,121.5,157.1,452.2,24.4,18.7,0.4954,1
FernRidgeRd_TON_12.03.25_LS,TON,147,7291,121.51,149.8,451.3,25.0,19.3,0.1965,1
FernRidgeRd_TON_12.03.25_LS,TON,147,7292,121.53,143.5,455.5,23.7,18.9,0.3413,1
FernRidgeRd_TON_12.03.25_LS,TON,147,7293,121.55,136.9,456.6,23.1,17.6,0.5421,1
FernRidgeRd_TON_12.03.25_LS,TON,147,7294,121.56,132.3,454.6,26.6,20.2,0.1271,1
FernRidgeRd_TON_12.03.25_LS,TON,147,7295,121.58,125.3,458.6,25.2,18.8,0.5944,1
FernRidgeRd_TON_12.03.25_LS,TON,147,7296,121.6,119.6,458.6,22.8,17.3,0.6171,1
FernRidgeRd_TON_12.03.25_LS,TON,147,7297,121.61,113.9,456.1,23.6,18.2,0.5714,1
FernRidgeRd_TON_12.03.25_LS,TON,147,7298,121.63,108.8,457.5,22.3,17.1,0.5575,1
FernRidgeRd_TON_12.03.25_LS,TON,147,7301,121.68,94.0,450.3,24.4,19.5,0.4103,1
FernRidgeRd_TON_12.03.25_LS,TON,147,7302,121.7,87.0,447.4,24.6,20.1,0.6056,1
FernRidgeRd_TON_12.03.25_LS,TON,147,7303,121.71,80.8,441.5,25.2,20.1,0.5214,1
FernRidgeRd_TON_12.03.25_LS,TON,147,7304,121.73,75.7,442.4,25.4,19.4,0.5537,1
FernRidgeRd_TON_12.03.25_LS,TON,147,7305,121.75,70.1,439.1,25.7,20.1,0.5898,1
FernRidgeRd_TON_12.03.25_LS,TON,147,7306,121.76,64.3,434.1,25.1,19.9,0.5319,1
FernRidgeRd_TON_12.03.25_LS,TON,147,7307,121.78,60.1,435.0,24.5,19.5,0.5723,1
FernRidgeRd_TON_12.03.25_LS,TON,147,7308,121.8,54.4,434.6,26.2,21.0,0.3624,1
FernRidgeRd_TON_12.03.25_LS,TON,147,7309,121.81,48.9,427.3,27.1,21.1,0.3281,1
FernRidgeRd_TON_12.03.25_LS,TON,147,7310,121.83,44.3,427.7,25.6,19.1,0.5606,1
FernRidgeRd_TON_12.03.25_LS,TON,147,7311,121.85,39.4,426.9,25.1,19.5,0.4379,1
FernRidgeRd_TON_12.03.25_LS,TON,147,7312,121.86,34.3,421.8,26.3,20.7,0.5281,1
FernRidgeRd_TON_12.03.25_LS,TON,147,7313,121.88,30.1,421.4,26.0,19.2,0.6612,1
FernRidgeRd_TON_12.03.25_LS,TON,147,7314,121.9,24.2,420.9,26.7,20.7,0.528,1
FernRidgeRd_TON_12.03.25_LS,TON,147,7315,121.91,19.6,414.9,25.1,19.4,0.5171,1
FernRidgeRd_TON_12.03.25_LS,TON,147,7316,121.93,15.7,414.5,25.3,19.5,0.5436,1
FernRidgeRd_TON_12.03.25_LS,TON,147,7317,121.95,11.8,415.1,23.6,19.1,0.454,1
FernRidgeRd_TON_12.03.25_LS,TON,147,7318,121.96,8.7,412.9,17.3,18.8,0.479,1
FernRidgeRd_TON_12.03.25_LS,TON,150,7828,130.46,617.9,326.7,43.5,20.1,0.5117,0
FernRidgeRd_TON_12.03.25_LS,TON,150,7829,130.48,616.5,327.3,44.8,21.0,0.6002,0
FernRidgeRd_TON_12.03.25_LS,TON,150,7830,130.5,616.3,327.3,46.4,22.0,0.5524,0
FernRidgeRd_TON_12.03.25_LS,TON,150,7831,130.51,614.4,326.9,49.2,24.0,0.3157,0
FernRidgeRd_TON_12.03.25_LS,TON,150,7832,130.53,610.6,327.7,46.8,23.1,0.2303,0
FernRidgeRd_TON_12.03.25_LS,TON,150,7833,130.55,609.1,327.0,47.0,23.9,0.4956,0
FernRidgeRd_TON_12.03.25_LS,TON,150,7834,130.56,607.3,328.1,48.1,23.9,0.3714,0
FernRidgeRd_TON_12.03.25_LS,TON,150,7835,130.58,602.3,329.1,40.2,22.4,0.1712,0
FernRidgeRd_TON_12.03.25_LS,TON,163,8075,134.58,127.5,295.9,22.6,20.4,0.5276,0
FernRidgeRd_TON_12.03.25_LS,TON,163,8076,134.6,124.4,295.4,25.2,21.1,0.4984,0
FernRidgeRd_TON_12.03.25_LS,TON,163,8077,134.61,122.3,295.7,25.6,20.8,0.5134,0
FernRidgeRd_TON_12.03.25_LS,TON,163,8078,134.63,117.7,296.7,22.0,19.2,0.3757,0
FernRidgeRd_TON_12.03.25_LS,TON,165,8214,136.9,375.3,462.2,31.2,16.3,0.5273,0
FernRidgeRd_TON_12.03.25_LS,TON,165,8215,136.91,370.1,462.7,32.2,15.7,0.4596,0
FernRidgeRd_TON_12.03.25_LS,TON,165,8216,136.93,362.5,463.3,30.8,15.9,0.3596,0
FernRidgeRd_TON_12.03.25_LS,TON,165,8217,136.95,355.7,463.8,29.9,17.0,0.1655,0
FernRidgeRd_TON_12.03.25_LS,TON,165,8218,136.96,350.1,464.5,31.7,17.6,0.1783,0
FernRidgeRd_TON_12.03.25_LS,TON,165,8221,137.01,328.4,466.2,25.4,15.2,0.3972,0
FernRidgeRd_TON_12.03.25_LS,TON,174,8443,140.71,365.1,442.2,28.8,15.9,0.5259,0
FernRidgeRd_TON_12.03.25_LS,TON,174,8444,140.73,356.3,441.8,30.0,15.7,0.6114,0
FernRidgeRd_TON_12.03.25_LS,TON,174,8445,140.75,349.6,444.1,28.0,16.8,0.5125,0
FernRidgeRd_TON_12.03.25_LS,TON,174,8446,140.76,344.9,445.4,30.9,18.3,0.4139,0
FernRidgeRd_TON_12.03.25_LS,TON,176,8486,141.43,107.4,435.9,31.6,23.4,0.5762,0
FernRidgeRd_TON_12.03.25_LS,TON,176,8487,141.45,99.7,436.4,32.0,25.7,0.631,0
FernRidgeRd_TON_12.03.25_LS,TON,176,8488,141.46,93.4,438.1,36.7,29.4,0.7002,0
FernRidgeRd_TON_12.03.25_LS,TON,176,8489,141.48,84.5,441.5,35.0,27.2,0.4698,0
FernRidgeRd_TON_12.03.25_LS,TON,176,8490,141.5,77.9,442.4,36.2,26.3,0.6502,0
FernRidgeRd_TON_12.03.25_LS,TON,176,8491,141.51,69.5,444.9,37.5,26.5,0.5671,0
FernRidgeRd_TON_12.03.25_LS,TON,176,8492,141.53,62.4,448.1,35.8,26.0,0.532,0
FernRidgeRd_TON_12.03.25_LS,TON,176,8493,141.55,54.9,448.4,37.2,25.3,0.5389,0
FernRidgeRd_TON_12.03.25_LS,TON,176,8496,141.6,34.6,454.6,36.9,24.3,0.5891,0
FernRidgeRd_TON_12.03.25_LS,TON,176,8498,141.63,18.7,455.9,36.6,33.4,0.3807,0
FernRidgeRd_TON_12.03.25_LS,TON,176,8499,141.65,15.2,458.5,30.3,38.1,0.1131,0
FernRidgeRd_TON_12.03.25_LS,TON,186,10686,178.1,20.2,331.0,40.3,37.3,0.5156,0
FernRidgeRd_TON_12.03.25_LS,TON,186,10687,178.11,17.2,329.4,34.3,33.6,0.1945,0
FernRidgeRd_TON_12.03.25_LS,TON,186,10688,178.13,14.1,326.8,28.3,32.6,0.158,0
FernRidgeRd_TON_12.03.25_LS,TON,186,10689,178.15,12.4,323.5,24.8,32.6,0.1109,0
FernRidgeRd_TON_12.03.25_LS,TON,202,11937,198.95,21.5,190.6,43.0,45.5,0.3759,0
FernRidgeRd_TON_12.03.25_LS,TON,202,11941,199.01,17.2,193.5,34.4,41.2,0.3457,0
FernRidgeRd_TON_12.03.25_LS,TON,202,11942,199.03,17.0,192.0,34.0,44.9,0.1985,0
FernRidgeRd_TON_12.03.25_LS,TON,202,11943,199.05,16.5,193.7,32.9,41.9,0.2667,0
FernRidgeRd_TON_12.03.25_LS,TON,202,11944,199.06,15.5,194.5,31.1,43.1,0.4488,0
FernRidgeRd_TON_12.03.25_LS,TON,202,11945,199.08,14.3,194.1,28.6,44.9,0.6385,0
FernRidgeRd_TON_12.03.25_LS,TON,202,11946,199.1,13.5,194.3,26.8,47.5,0.5845,0
FernRidgeRd_TON_12.03.25_LS,TON,202,11947,199.11,13.8,192.8,27.4,50.3,0.6019,0
FernRidgeRd_TON_12.03.25_LS,TON,202,11948,199.13,13.0,193.0,25.8,50.6,0.3051,0
FernRidgeRd_TON_12.03.25_LS,TON,207,11995,199.91,25.4,188.5,39.2,48.0,0.3958,0
FernRidgeRd_TON_12.03.25_LS,TON,207,11996,199.93,20.6,188.5,38.1,46.6,0.6263,0
FernRidgeRd_TON_12.03.25_LS,TON,207,11997,199.95,18.5,186.6,37.1,47.4,0.7009,0
FernRidgeRd_TON_12.03.25_LS,TON,207,11998,199.96,17.0,188.2,33.9,51.5,0.4931,0
FernRidgeRd_TON_12.03.25_LS,TON,207,11999,199.98,15.1,182.7,30.1,42.1,0.4801,0
FernRidgeRd_TON_12.03.25_LS,TON,207,12000,200.0,13.0,179.9,26.1,38.6,0.6411,0
FernRidgeRd_TON_12.03.25_LS,TON,207,12001,200.01,15.5,188.5,30.9,49.9,0.5448,0
FernRidgeRd_TON_12.03.25_LS,TON,207,12002,200.03,14.0,188.2,28.0,47.9,0.5978,0
FernRidgeRd_TON_12.03.25_LS,TON,207,12003,200.05,15.1,188.2,29.4,48.2,0.5017,0
FernRidgeRd_TON_12.03.25_LS,TON,207,12004,200.06,15.3,185.9,29.5,47.9,0.5141,0
FernRidgeRd_TON_12.03.25_LS,TON,207,12005,200.08,13.3,188.0,26.2,47.1,0.5014,0
FernRidgeRd_TON_12.03.25_LS,TON,207,12006,200.1,11.6,189.4,23.2,46.2,0.3943,0
FernRidgeRd_TON_12.03.25_LS,TON,212,12084,201.4,618.9,305.9,39.4,38.2,0.717,1
FernRidgeRd_TON_12.03.25_LS,TON,212,12085,201.41,612.3,307.0,40.2,34.8,0.7318,1
FernRidgeRd_TON_12.03.25_LS,TON,212,12086,201.43,607.4,307.9,41.6,33.8,0.7262,1
FernRidgeRd_TON_12.03.25_LS,TON,212,12087,201.45,598.3,308.7,42.4,34.5,0.7646,1
FernRidgeRd_TON_12.03.25_LS,TON,212,12088,201.46,591.8,307.0,42.6,34.9,0.7327,1
FernRidgeRd_TON_12.03.25_LS,TON,212,12089,201.48,584.1,305.0,43.4,37.4,0.6798,1
FernRidgeRd_TON_12.03.25_LS,TON,212,12090,201.5,577.8,306.5,42.2,36.0,0.6843,1
FernRidgeRd_TON_12.03.25_LS,TON,212,12091,201.51,570.1,308.5,40.1,34.5,0.7294,1
FernRidgeRd_TON_12.03.25_LS,TON,212,12092,201.53,563.2,308.0,41.7,34.9,0.728,1
FernRidgeRd_TON_12.03.25_LS,TON,212,12093,201.55,556.9,308.6,41.3,33.8,0.6689,1
FernRidgeRd_TON_12.03.25_LS,TON,212,12094,201.56,550.2,309.2,40.6,32.2,0.6778,1
FernRidgeRd_TON_12.03.25_LS,TON,212,12095,201.58,542.9,308.7,40.7,33.4,0.6828,1
FernRidgeRd_TON_12.03.25_LS,TON,212,12096,201.6,536.8,309.3,41.0,33.5,0.6686,1
FernRidgeRd_TON_12.03.25_LS,TON,212,12097,201.61,528.8,310.4,40.6,34.9,0.7114,1
FernRidgeRd_TON_12.03.25_LS,TON,212,12098,201.63,522.1,310.9,39.8,33.6,0.7137,1
FernRidgeRd_TON_12.03.25_LS,TON,212,12099,201.65,514.2,311.6,39.7,34.5,0.7006,1
FernRidgeRd_TON_12.03.25_LS,TON,212,12100,201.66,507.9,311.3,39.5,34.0,0.7154,1
FernRidgeRd_TON_12.03.25_LS,TON,212,12101,201.68,501.0,310.8,39.3,33.2,0.7159,1
FernRidgeRd_TON_12.03.25_LS,TON,212,12102,201.7,494.4,311.1,40.2,34.5,0.7192,1
FernRidgeRd_TON_12.03.25_LS,TON,212,12103,201.71,485.9,310.2,42.0,36.9,0.7222,1
FernRidgeRd_TON_12.03.25_LS,TON,212,12104,201.73,479.9,308.6,42.1,37.2,0.6809,1
FernRidgeRd_TON_12.03.25_LS,TON,212,12105,201.75,472.7,307.6,42.7,38.0,0.6728,1
FernRidgeRd_TON_12.03.25_LS,TON,212,12106,201.76,461.5,308.6,41.5,37.1,0.611,1
FernRidgeRd_TON_12.03.25_LS,TON,212,12107,201.78,455.9,307.6,43.5,38.6,0.5965,1
FernRidgeRd_TON_12.03.25_LS,TON,212,12108,201.8,449.8,307.6,45.5,39.3,0.7113,1
FernRidgeRd_TON_12.03.25_LS,TON,212,12109,201.81,441.3,307.4,44.5,37.6,0.6219,1
FernRidgeRd_TON_12.03.25_LS,TON,212,12110,201.83,434.0,307.9,43.0,35.1,0.6862,1
FernRidgeRd_TON_12.03.25_LS,TON,212,12111,201.85,425.9,308.4,41.7,34.8,0.7809,1
FernRidgeRd_TON_12.03.25_LS,TON,212,12112,201.86,417.4,307.4,41.0,34.3,0.76,1
FernRidgeRd_TON_12.03.25_LS,TON,212,12113,201.88,411.0,307.0,40.0,33.4,0.7549,1
FernRidgeRd_TON_12.03.25_LS,TON,212,12114,201.9,401.6,306.1,40.9,33.7,0.7284,1
FernRidgeRd_TON_12.03.25_LS,TON,212,12115,201.91,392.1,305.7,40.3,34.1,0.7167,1
FernRidgeRd_TON_12.03.25_LS,TON,212,12116,201.93,383.9,304.7,39.9,33.2,0.7268,1
FernRidgeRd_TON_12.03.25_LS,TON,212,12117,201.95,379.3,303.2,41.2,34.6,0.7422,1
FernRidgeRd_TON_12.03.25_LS,TON,212,12118,201.96,372.8,302.8,41.4,34.8,0.7378,1
FernRidgeRd_TON_12.03.25_LS,TON,212,12119,201.98,365.1,303.3,41.2,34.7,0.7237,1
FernRidgeRd_TON_12.03.25_LS,TON,212,12120,202.0,361.2,303.4,42.2,36.3,0.7583,1
FernRidgeRd_TON_12.03.25_LS,TON,212,12121,202.01,354.2,304.2,41.1,36.1,0.7568,1
FernRidgeRd_TON_12.03.25_LS,TON,212,12122,202.03,345.4,304.7,40.2,35.3,0.7721,1
FernRidgeRd_TON_12.03.25_LS,TON,212,12123,202.05,338.4,305.0,40.9,36.3,0.7505,1
FernRidgeRd_TON_12.03.25_LS,TON,212,12124,202.06,330.5,305.3,39.7,36.6,0.7292,1
FernRidgeRd_TON_12.03.25_LS,TON,212,12125,202.08,320.1,305.6,39.5,36.2,0.7495,1
FernRidgeRd_TON_12.03.25_LS,TON,212,12126,202.1,313.8,304.5,40.9,36.8,0.7328,1
FernRidgeRd_TON_12.03.25_LS,TON,212,12127,202.11,305.7,303.7,40.7,36.0,0.7437,1
FernRidgeRd_TON_12.03.25_LS,TON,212,12128,202.13,297.2,304.1,43.4,37.4,0.7315,1
FernRidgeRd_TON_12.03.25_LS,TON,212,12129,202.15,286.4,305.5,41.1,36.3,0.7568,1
FernRidgeRd_TON_12.03.25_LS,TON,212,12130,202.16,278.9,303.8,41.9,38.4,0.7729,1
FernRidgeRd_TON_12.03.25_LS,TON,212,12131,202.18,272.8,304.4,42.5,37.1,0.6864,1
FernRidgeRd_TON_12.03.25_LS,TON,212,12132,202.2,266.2,304.3,41.5,36.9,0.7028,1
FernRidgeRd_TON_12.03.25_LS,TON,212,12133,202.21,256.1,304.3,40.6,36.6,0.7553,1
FernRidgeRd_TON_12.03.25_LS,TON,212,12134,202.23,247.5,306.3,39.6,33.4,0.6756,1
FernRidgeRd_TON_12.03.25_LS,TON,212,12135,202.25,239.8,306.4,39.5,34.2,0.7136,1
FernRidgeRd_TON_12.03.25_LS,TON,212,12136,202.26,231.2,307.2,42.0,35.9,0.7117,1
FernRidgeRd_TON_12.03.25_LS,TON,212,12137,202.28,221.8,308.8,40.9,34.4,0.7421,1
FernRidgeRd_TON_12.03.25_LS,TON,212,12138,202.3,213.0,309.8,42.0,35.5,0.7634,1
FernRidgeRd_TON_12.03.25_LS,TON,212,12139,202.31,202.9,310.0,43.0,36.4,0.7428,1
FernRidgeRd_TON_12.03.25_LS,TON,212,12140,202.33,195.4,311.2,44.2,36.4,0.7143,1
FernRidgeRd_TON_12.03.25_LS,TON,212,12141,202.35,186.7,313.1,44.6,35.7,0.7313,1
FernRidgeRd_TON_12.03.25_LS,TON,212,12142,202.36,177.9,314.0,45.8,36.8,0.6824,1
FernRidgeRd_TON_12.03.25_LS,TON,212,12143,202.38,168.1,314.4,42.1,34.9,0.7162,1
FernRidgeRd_TON_12.03.25_LS,TON,212,12144,202.4,158.6,315.5,43.7,35.2,0.7109,1
FernRidgeRd_TON_12.03.25_LS,TON,212,12145,202.41,147.6,315.8,41.3,34.9,0.7442,1
FernRidgeRd_TON_12.03.25_LS,TON,212,12146,202.43,138.5,315.7,41.6,34.1,0.5614,1
FernRidgeRd_TON_12.03.25_LS,TON,212,12147,202.45,127.2,315.9,39.9,31.8,0.2789,1
FernRidgeRd_TON_12.03.25_LS,TON,212,12159,202.65,34.0,317.8,39.4,34.7,0.4694,1
FernRidgeRd_TON_12.03.25_LS,TON,214,12135,202.25,626.4,317.9,25.2,14.5,0.5391,1
FernRidgeRd_TON_12.03.25_LS,TON,214,12136,202.26,623.8,319.2,25.9,15.8,0.4839,1
FernRidgeRd_TON_12.03.25_LS,TON,214,12137,202.28,617.7,318.7,25.3,19.1,0.218,1
FernRidgeRd_TON_12.03.25_LS,TON,214,12138,202.3,610.5,320.5,24.7,17.8,0.5936,1
FernRidgeRd_TON_12.03.25_LS,TON,214,12139,202.31,604.4,321.7,27.6,18.3,0.5657,1
FernRidgeRd_TON_12.03.25_LS,TON,214,12140,202.33,598.6,322.5,27.1,17.8,0.53,1
FernRidgeRd_TON_12.03.25_LS,TON,214,12141,202.35,592.5,323.8,26.5,17.6,0.5345,1
FernRidgeRd_TON_12.03.25_LS,TON,214,12142,202.36,586.7,324.4,26.1,17.6,0.5658,1
FernRidgeRd_TON_12.03.25_LS,TON,214,12143,202.38,579.2,324.9,24.8,17.4,0.5315,1
FernRidgeRd_TON_12.03.25_LS,TON,214,12144,202.4,574.5,325.5,25.0,17.5,0.5756,1
FernRidgeRd_TON_12.03.25_LS,TON,214,12145,202.41,567.4,326.3,24.1,17.0,0.6079,1
FernRidgeRd_TON_12.03.25_LS,TON,214,12146,202.43,564.2,325.8,25.4,17.4,0.599,1
FernRidgeRd_TON_12.03.25_LS,TON,214,12147,202.45,559.2,327.1,24.8,16.9,0.5917,1
FernRidgeRd_TON_12.03.25_LS,TON,214,12148,202.46,553.6,327.1,25.6,17.3,0.614,1
FernRidgeRd_TON_12.03.25_LS,TON,214,12149,202.48,548.2,328.2,25.6,16.9,0.5609,1
FernRidgeRd_TON_12.03.25_LS,TON,214,12150,202.5,541.4,329.5,26.0,17.1,0.5209,1
FernRidgeRd_TON_12.03.25_LS,TON,214,12151,202.51,537.3,329.3,26.1,17.1,0.5854,1
FernRidgeRd_TON_12.03.25_LS,TON,214,12152,202.53,532.2,329.9,25.6,16.4,0.597,1
FernRidgeRd_TON_12.03.25_LS,TON,214,12153,202.55,527.3,329.3,24.8,16.2,0.6114,1
FernRidgeRd_TON_12.03.25_LS,TON,214,12154,202.56,522.8,328.4,24.9,17.8,0.6917,1
FernRidgeRd_TON_12.03.25_LS,TON,214,12155,202.58,517.6,328.6,24.9,17.8,0.6868,1
FernRidgeRd_TON_12.03.25_LS,TON,214,12156,202.6,513.2,329.8,25.7,18.6,0.6831,1
FernRidgeRd_TON_12.03.25_LS,TON,214,12157,202.61,504.9,330.9,25.6,17.9,0.6,1
FernRidgeRd_TON_12.03.25_LS,TON,214,12158,202.63,497.9,332.0,25.0,18.0,0.5848,1
FernRidgeRd_TON_12.03.25_LS,TON,214,12159,202.65,495.1,330.5,25.1,17.2,0.5389,1
FernRidgeRd_TON_12.03.25_LS,TON,214,12160,202.66,490.6,330.6,25.3,16.5,0.5867,1
FernRidgeRd_TON_12.03.25_LS,TON,214,12161,202.68,483.8,331.3,24.7,16.2,0.6054,1
FernRidgeRd_TON_12.03.25_LS,TON,214,12162,202.7,479.5,332.1,25.1,16.9,0.5402,1
FernRidgeRd_TON_12.03.25_LS,TON,214,12163,202.71,473.4,331.5,25.5,17.1,0.6202,1
FernRidgeRd_TON_12.03.25_LS,TON,214,12164,202.73,467.7,331.3,24.8,16.8,0.6102,1
FernRidgeRd_TON_12.03.25_LS,TON,214,12165,202.75,460.6,332.3,26.0,17.6,0.5989,1
FernRidgeRd_TON_12.03.25_LS,TON,214,12166,202.76,457.6,332.1,25.7,17.7,0.5751,1
FernRidgeRd_TON_12.03.25_LS,TON,214,12167,202.78,451.2,331.6,24.6,17.5,0.5933,1
FernRidgeRd_TON_12.03.25_LS,TON,214,12168,202.8,444.0,331.7,27.3,18.2,0.5847,1
FernRidgeRd_TON_12.03.25_LS,TON,214,12169,202.81,437.7,331.1,25.8,17.9,0.4538,1
FernRidgeRd_TON_12.03.25_LS,TON,214,12175,202.91,403.7,333.0,27.7,18.6,0.6092,1
FernRidgeRd_TON_12.03.25_LS,TON,214,12176,202.93,400.8,333.9,29.5,18.2,0.7026,1
FernRidgeRd_TON_12.03.25_LS,TON,214,12177,202.95,393.4,334.1,29.4,17.9,0.6614,1
FernRidgeRd_TON_12.03.25_LS,TON,214,12178,202.96,386.8,333.4,29.2,18.0,0.6618,1
FernRidgeRd_TON_12.03.25_LS,TON,214,12179,202.98,380.8,333.3,28.8,18.1,0.6868,1
FernRidgeRd_TON_12.03.25_LS,TON,214,12180,203.0,373.9,333.1,27.5,18.1,0.6949,1
FernRidgeRd_TON_12.03.25_LS,TON,214,12181,203.01,369.6,332.2,27.7,19.3,0.671,1
FernRidgeRd_TON_12.03.25_LS,TON,214,12182,203.03,364.2,332.7,29.2,19.4,0.6477,1
FernRidgeRd_TON_12.03.25_LS,TON,214,12183,203.05,358.6,332.8,27.9,17.9,0.6674,1
FernRidgeRd_TON_12.03.25_LS,TON,214,12184,203.06,352.8,332.4,28.7,18.5,0.7368,1
FernRidgeRd_TON_12.03.25_LS,TON,214,12185,203.08,348.2,332.5,28.7,18.3,0.7461,1
FernRidgeRd_TON_12.03.25_LS,TON,214,12186,203.1,341.0,331.8,27.2,18.0,0.6762,1
FernRidgeRd_TON_12.03.25_LS,TON,214,12187,203.11,336.1,331.4,26.4,17.6,0.6708,1
FernRidgeRd_TON_12.03.25_LS,TON,214,12188,203.13,328.9,329.7,26.2,16.9,0.5984,1
FernRidgeRd_TON_12.03.25_LS,TON,214,12189,203.15,324.6,330.9,26.6,18.0,0.5221,1
FernRidgeRd_TON_12.03.25_LS,TON,214,12190,203.16,318.3,330.4,28.2,19.5,0.6127,1
FernRidgeRd_TON_12.03.25_LS,TON,214,12191,203.18,314.8,329.6,28.1,22.1,0.4789,1
FernRidgeRd_TON_12.03.25_LS,TON,214,12193,203.21,304.6,329.9,27.2,20.0,0.3783,1
FernRidgeRd_TON_12.03.25_LS,TON,214,12194,203.23,297.9,330.3,27.5,21.1,0.625,1
FernRidgeRd_TON_12.03.25_LS,TON,214,12195,203.25,291.1,330.4,28.1,19.1,0.6212,1
FernRidgeRd_TON_12.03.25_LS,TON,214,12196,203.26,285.5,330.5,27.9,18.2,0.4201,1
FernRidgeRd_TON_12.03.25_LS,TON,214,12197,203.28,280.2,330.9,27.0,17.6,0.5418,1
FernRidgeRd_TON_12.03.25_LS,TON,214,12198,203.3,274.6,331.6,25.6,18.2,0.1842,1
FernRidgeRd_TON_12.03.25_LS,TON,214,12199,203.31,266.3,331.0,24.4,18.4,0.4277,1
FernRidgeRd_TON_12.03.25_LS,TON,214,12200,203.33,260.7,330.3,25.1,20.1,0.717,1
FernRidgeRd_TON_12.03.25_LS,TON,214,12201,203.35,255.1,331.5,26.9,19.2,0.6507,1
FernRidgeRd_TON_12.03.25_LS,TON,214,12202,203.36,248.7,332.8,24.1,16.6,0.6405,1
FernRidgeRd_TON_12.03.25_LS,TON,214,12203,203.38,242.9,333.1,24.2,16.9,0.6674,1
FernRidgeRd_TON_12.03.25_LS,TON,214,12204,203.4,236.4,332.9,25.3,17.7,0.7104,1
FernRidgeRd_TON_12.03.25_LS,TON,214,12205,203.41,229.8,333.5,24.4,16.5,0.6492,1
FernRidgeRd_TON_12.03.25_LS,TON,214,12206,203.43,224.3,332.6,24.2,17.6,0.6583,1
FernRidgeRd_TON_12.03.25_LS,TON,214,12207,203.45,218.1,332.6,25.0,18.7,0.6926,1
FernRidgeRd_TON_12.03.25_LS,TON,214,12208,203.46,211.8,334.0,24.6,19.4,0.685,1
FernRidgeRd_TON_12.03.25_LS,TON,214,12209,203.48,206.0,333.7,24.7,18.5,0.6564,1
FernRidgeRd_TON_12.03.25_LS,TON,214,12210,203.5,198.6,333.2,24.8,17.8,0.6672,1
FernRidgeRd_TON_12.03.25_LS,TON,214,12211,203.51,192.3,335.0,25.7,17.8,0.6644,1
FernRidgeRd_TON_12.03.25_LS,TON,214,12212,203.53,187.1,335.1,26.6,17.7,0.6935,1
FernRidgeRd_TON_12.03.25_LS,TON,214,12213,203.55,181.4,335.1,25.9,18.1,0.6468,1
FernRidgeRd_TON_12.03.25_LS,TON,214,12214,203.56,175.1,336.0,25.9,18.4,0.5989,1
FernRidgeRd_TON_12.03.25_LS,TON,214,12215,203.58,170.1,335.7,26.8,18.7,0.5459,1
FernRidgeRd_TON_12.03.25_LS,TON,214,12216,203.6,165.0,335.8,26.0,19.3,0.6375,1
FernRidgeRd_TON_12.03.25_LS,TON,214,12217,203.61,157.9,337.5,26.5,19.4,0.6028,1
FernRidgeRd_TON_12.03.25_LS,TON,214,12218,203.63,151.9,336.8,27.5,18.8,0.581,1
FernRidgeRd_TON_12.03.25_LS,TON,214,12219,203.65,144.6,336.3,26.6,17.4,0.6427,1
FernRidgeRd_TON_12.03.25_LS,TON,214,12220,203.66,138.4,337.5,25.6,16.3,0.6227,1
FernRidgeRd_TON_12.03.25_LS,TON,214,12221,203.68,132.3,336.6,25.5,15.9,0.6377,1
FernRidgeRd_TON_12.03.25_LS,TON,214,12222,203.7,126.7,336.8,25.5,16.7,0.5915,1
FernRidgeRd_TON_12.03.25_LS,TON,214,12223,203.71,121.8,337.2,24.5,17.7,0.3241,1
FernRidgeRd_TON_12.03.25_LS,TON,214,12224,203.73,113.9,337.2,25.0,17.1,0.6186,1
FernRidgeRd_TON_12.03.25_LS,TON,214,12225,203.75,106.9,338.3,25.3,16.7,0.6521,1
FernRidgeRd_TON_12.03.25_LS,TON,214,12226,203.76,101.1,339.5,24.6,16.1,0.6503,1
FernRidgeRd_TON_12.03.25_LS,TON,214,12227,203.78,95.3,338.7,25.1,15.9,0.6597,1
FernRidgeRd_TON_12.03.25_LS,TON,214,12228,203.8,89.4,339.3,25.7,16.8,0.6611,1
FernRidgeRd_TON_12.03.25_LS,TON,214,12229,203.81,84.7,340.5,25.2,17.4,0.5911,1
FernRidgeRd_TON_12.03.25_LS,TON,214,12235,203.91,43.4,345.1,24.4,16.0,0.6427,1
FernRidgeRd_TON_12.03.25_LS,TON,214,12236,203.93,38.2,344.4,22.5,15.1,0.4822,1
FernRidgeRd_TON_12.03.25_LS,TON,214,12237,203.95,31.0,345.2,22.3,14.6,0.6266,1
FernRidgeRd_TON_12.03.25_LS,TON,214,12238,203.96,25.2,345.0,22.6,14.6,0.6315,1
FernRidgeRd_TON_12.03.25_LS,TON,214,12239,203.98,18.3,344.0,24.7,15.3,0.6459,1
FernRidgeRd_TON_12.03.25_LS,TON,214,12240,204.0,11.7,345.3,23.5,15.1,0.6812,1
FernRidgeRd_TON_12.03.25_LS,TON,214,12241,204.01,9.2,345.8,18.3,14.7,0.6624,1
FernRidgeRd_TON_12.03.25_LS,TON,220,12225,203.75,58.7,151.5,37.6,28.6,0.4699,0
FernRidgeRd_TON_12.03.25_LS,TON,220,12226,203.76,54.7,152.3,34.8,27.4,0.2992,0
FernRidgeRd_TON_12.03.25_LS,TON,220,12227,203.78,52.1,151.9,32.9,26.7,0.2331,0
FernRidgeRd_TON_12.03.25_LS,TON,220,12228,203.8,49.9,151.7,33.9,26.2,0.4687,0
FernRidgeRd_TON_12.03.25_LS,TON,220,12229,203.81,44.9,154.4,29.5,25.1,0.156,0
FernRidgeRd_TON_12.03.25_LS,TON,220,12230,203.83,40.7,154.5,27.3,23.7,0.4656,0
FernRidgeRd_TON_12.03.25_LS,TON,221,12235,203.91,47.4,361.8,51.2,57.3,0.6245,0
FernRidgeRd_TON_12.03.25_LS,TON,221,12236,203.93,41.5,360.6,47.4,54.7,0.5095,0
FernRidgeRd_TON_12.03.25_LS,TON,221,12237,203.95,37.9,359.4,50.8,52.1,0.5611,0
FernRidgeRd_TON_12.03.25_LS,TON,221,12238,203.96,35.0,358.5,53.7,53.2,0.3212,0
FernRidgeRd_TON_12.03.25_LS,TON,221,12239,203.98,25.9,360.1,48.7,56.9,0.102,0
FernRidgeRd_TON_12.03.25_LS,TON,225,12542,209.03,632.8,461.8,13.5,26.8,0.4618,0
FernRidgeRd_TON_12.03.25_LS,TON,225,12543,209.05,631.6,461.1,15.3,27.1,0.5607,0
FernRidgeRd_TON_12.03.25_LS,TON,225,12544,209.06,630.6,463.4,17.5,28.5,0.5876,0
FernRidgeRd_TON_12.03.25_LS,TON,225,12545,209.08,630.1,462.3,18.7,28.8,0.522,0
FernRidgeRd_TON_12.03.25_LS,TON,225,12546,209.1,629.8,461.8,20.1,29.0,0.4904,0
FernRidgeRd_TON_12.03.25_LS,TON,225,12547,209.11,629.2,463.5,21.0,28.2,0.4199,0
FernRidgeRd_TON_12.03.25_LS,TON,225,12548,209.13,629.2,461.8,21.5,27.5,0.3159,0
FernRidgeRd_TON_12.03.25_LS,TON,225,12549,209.15,627.9,463.3,23.5,27.8,0.1618,0
FernRidgeRd_TON_12.03.25_LS,TON,225,12550,209.16,628.8,464.3,22.2,27.8,0.1978,0
FernRidgeRd_TON_12.03.25_LS,TON,225,12551,209.18,628.5,463.8,23.1,28.5,0.129,0
FernRidgeRd_TON_12.03.25_LS,TON,226,12578,209.63,598.5,452.6,29.5,32.9,0.596,1
FernRidgeRd_TON_12.03.25_LS,TON,226,12579,209.65,598.2,452.4,30.4,34.2,0.5673,1
FernRidgeRd_TON_12.03.25_LS,TON,226,12580,209.66,597.0,452.0,31.0,34.8,0.5024,1
FernRidgeRd_TON_12.03.25_LS,TON,226,12581,209.68,596.8,452.4,28.5,31.9,0.6056,1
FernRidgeRd_TON_12.03.25_LS,TON,226,12582,209.7,596.2,451.8,27.3,31.1,0.6803,1
FernRidgeRd_TON_12.03.25_LS,TON,226,12583,209.71,596.0,449.6,26.1,30.2,0.7307,1
FernRidgeRd_TON_12.03.25_LS,TON,226,12584,209.73,595.7,449.1,26.3,31.2,0.6778,1
FernRidgeRd_TON_12.03.25_LS,TON,226,12585,209.75,593.7,448.6,27.3,30.2,0.6248,1
FernRidgeRd_TON_12.03.25_LS,TON,226,12586,209.76,593.6,447.5,29.6,32.9,0.3969,1
FernRidgeRd_TON_12.03.25_LS,TON,226,12587,209.78,592.7,447.2,29.4,32.6,0.4924,1
FernRidgeRd_TON_12.03.25_LS,TON,226,12588,209.8,591.3,444.3,30.4,33.1,0.5754,1
FernRidgeRd_TON_12.03.25_LS,TON,226,12589,209.81,590.6,444.3,29.2,32.1,0.5238,1
FernRidgeRd_TON_12.03.25_LS,TON,226,12590,209.83,588.8,444.6,28.9,31.6,0.6271,1
FernRidgeRd_TON_12.03.25_LS,TON,226,12591,209.85,588.2,444.4,28.5,31.4,0.6872,1
FernRidgeRd_TON_12.03.25_LS,TON,226,12592,209.86,587.4,445.1,28.7,31.2,0.6843,1
FernRidgeRd_TON_12.03.25_LS,TON,226,12593,209.88,586.7,445.1,28.7,31.5,0.6227,1
FernRidgeRd_TON_12.03.25_LS,TON,226,12594,209.9,585.8,442.8,29.8,33.5,0.5818,1
FernRidgeRd_TON_12.03.25_LS,TON,226,12595,209.91,585.5,443.2,30.4,33.5,0.6458,1
FernRidgeRd_TON_12.03.25_LS,TON,226,12596,209.93,583.6,442.8,31.6,34.5,0.6458,1
FernRidgeRd_TON_12.03.25_LS,TON,226,12597,209.95,581.2,442.1,31.6,33.4,0.4557,1
FernRidgeRd_TON_12.03.25_LS,TON,226,12598,209.96,580.7,442.6,29.5,29.7,0.5632,1
FernRidgeRd_TON_12.03.25_LS,TON,226,12599,209.98,580.2,440.9,27.4,28.6,0.5398,1
FernRidgeRd_TON_12.03.25_LS,TON,226,12605,210.08,577.0,432.1,27.8,33.2,0.5132,1
FernRidgeRd_TON_12.03.25_LS,TON,226,12606,210.1,576.9,431.2,28.9,34.5,0.4834,1
FernRidgeRd_TON_12.03.25_LS,TON,226,12607,210.11,577.2,430.8,30.1,33.9,0.5024,1
FernRidgeRd_TON_12.03.25_LS,TON,226,12608,210.13,576.2,430.5,30.6,34.0,0.5528,1
FernRidgeRd_TON_12.03.25_LS,TON,226,12609,210.15,574.0,429.2,30.6,34.4,0.5841,1
FernRidgeRd_TON_12.03.25_LS,TON,226,12610,210.16,572.1,429.1,30.2,34.3,0.592,1
FernRidgeRd_TON_12.03.25_LS,TON,226,12611,210.18,570.3,428.3,29.8,33.7,0.5378,1
FernRidgeRd_TON_12.03.25_LS,TON,226,12612,210.2,569.1,426.7,29.3,33.9,0.6447,1
FernRidgeRd_TON_12.03.25_LS,TON,226,12613,210.21,567.3,428.1,29.1,33.9,0.6726,1
FernRidgeRd_TON_12.03.25_LS,TON,226,12614,210.23,565.2,428.2,30.4,34.1,0.5654,1
FernRidgeRd_TON_12.03.25_LS,TON,226,12615,210.25,564.5,426.6,29.0,32.7,0.5763,1
FernRidgeRd_TON_12.03.25_LS,TON,226,12616,210.26,564.7,427.6,28.7,32.6,0.6261,1
FernRidgeRd_TON_12.03.25_LS,TON,226,12617,210.28,562.6,426.9,27.9,32.4,0.6917,1
FernRidgeRd_TON_12.03.25_LS,TON,226,12618,210.3,561.1,426.3,27.8,31.4,0.6685,1
FernRidgeRd_TON_12.03.25_LS,TON,226,12619,210.31,558.5,428.2,25.6,29.0,0.7009,1
FernRidgeRd_TON_12.03.25_LS,TON,226,12620,210.33,555.4,427.8,26.5,29.1,0.511,1
FernRidgeRd_TON_12.03.25_LS,TON,226,12621,210.35,555.0,426.0,26.0,29.4,0.7087,1
FernRidgeRd_TON_12.03.25_LS,TON,226,12622,210.36,554.0,428.2,25.2,28.2,0.7391,1
FernRidgeRd_TON_12.03.25_LS,TON,226,12623,210.38,552.4,428.3,26.4,31.0,0.6721,1
FernRidgeRd_TON_12.03.25_LS,TON,226,12624,210.4,551.8,425.3,26.1,30.2,0.7663,1
FernRidgeRd_TON_12.03.25_LS,TON,226,12625,210.41,549.9,426.6,25.0,28.9,0.665,1
FernRidgeRd_TON_12.03.25_LS,TON,226,12626,210.43,548.0,426.1,25.5,29.1,0.6149,1
FernRidgeRd_TON_12.03.25_LS,TON,226,12627,210.45,546.1,423.4,27.3,30.7,0.5576,1
FernRidgeRd_TON_12.03.25_LS,TON,226,12628,210.46,544.1,423.6,30.9,36.3,0.2303,1
FernRidgeRd_TON_12.03.25_LS,TON,226,12629,210.48,543.4,424.6,29.4,33.7,0.5205,1
FernRidgeRd_TON_12.03.25_LS,TON,226,12630,210.5,542.0,422.1,28.4,33.1,0.6567,1
FernRidgeRd_TON_12.03.25_LS,TON,226,12631,210.51,540.3,424.1,27.2,30.8,0.7066,1
FernRidgeRd_TON_12.03.25_LS,TON,226,12632,210.53,538.0,424.7,28.3,30.7,0.6602,1
FernRidgeRd_TON_12.03.25_LS,TON,226,12633,210.55,536.4,424.6,27.7,30.0,0.6912,1
FernRidgeRd_TON_12.03.25_LS,TON,226,12634,210.56,534.3,425.7,27.0,29.8,0.6738,1
FernRidgeRd_TON_12.03.25_LS,TON,226,12635,210.58,532.9,425.5,26.0,29.6,0.7118,1
FernRidgeRd_TON_12.03.25_LS,TON,226,12636,210.6,532.2,426.0,25.7,30.1,0.7602,1
FernRidgeRd_TON_12.03.25_LS,TON,226,12637,210.61,530.9,426.7,25.5,30.1,0.7362,1
FernRidgeRd_TON_12.03.25_LS,TON,226,12638,210.63,529.3,426.1,25.0,29.2,0.7069,1
FernRidgeRd_TON_12.03.25_LS,TON,226,12639,210.65,527.2,425.9,25.1,29.0,0.7297,1
FernRidgeRd_TON_12.03.25_LS,TON,226,12640,210.66,525.0,427.4,24.7,28.2,0.6643,1
FernRidgeRd_TON_12.03.25_LS,TON,226,12641,210.68,523.9,425.6,26.1,29.9,0.6952,1
FernRidgeRd_TON_12.03.25_LS,TON,226,12642,210.7,522.2,421.8,28.5,32.0,0.1688,1
FernRidgeRd_TON_12.03.25_LS,TON,226,12643,210.71,523.6,423.6,26.2,29.5,0.6319,1
FernRidgeRd_TON_12.03.25_LS,TON,226,12644,210.73,521.0,423.8,25.9,29.2,0.6786,1
FernRidgeRd_TON_12.03.25_LS,TON,226,12645,210.75,518.5,422.6,25.2,29.2,0.6596,1
FernRidgeRd_TON_12.03.25_LS,TON,226,12646,210.76,516.8,423.0,24.9,28.7,0.7179,1
FernRidgeRd_TON_12.03.25_LS,TON,226,12647,210.78,514.9,421.3,25.0,28.2,0.754,1
FernRidgeRd_TON_12.03.25_LS,TON,226,12648,210.8,514.1,420.9,25.0,28.6,0.7284,1
FernRidgeRd_TON_12.03.25_LS,TON,226,12649,210.81,511.6,421.2,25.2,28.5,0.7323,1
FernRidgeRd_TON_12.03.25_LS,TON,226,12650,210.83,510.5,420.3,25.5,28.4,0.7143,1
FernRidgeRd_TON_12.03.25_LS,TON,226,12651,210.85,509.9,420.2,24.7,27.8,0.7094,1
FernRidgeRd_TON_12.03.25_LS,TON,226,12652,210.86,508.8,420.5,24.1,27.5,0.692,1
FernRidgeRd_TON_12.03.25_LS,TON,226,12653,210.88,507.0,419.4,23.6,26.9,0.6408,1
FernRidgeRd_TON_12.03.25_LS,TON,226,12654,210.9,506.0,419.0,24.8,27.3,0.6301,1
FernRidgeRd_TON_12.03.25_LS,TON,226,12655,210.91,504.8,419.6,25.8,27.9,0.5141,1
FernRidgeRd_TON_12.03.25_LS,TON,226,12656,210.93,504.3,419.0,26.8,28.9,0.3825,1
FernRidgeRd_TON_12.03.25_LS,TON,226,12657,210.95,498.6,418.3,26.9,28.0,0.1755,1
FernRidgeRd_TON_12.03.25_LS,TON,227,12644,210.73,389.4,396.6,32.0,32.8,0.3708,0
FernRidgeRd_TON_12.03.25_LS,TON,227,12645,210.75,388.6,394.7,34.5,34.0,0.4038,0
FernRidgeRd_TON_12.03.25_LS,TON,227,12646,210.76,386.6,396.1,33.5,32.9,0.396,0
FernRidgeRd_TON_12.03.25_LS,TON,227,12647,210.78,384.9,396.1,30.4,29.6,0.3291,0
FernRidgeRd_TON_12.03.25_LS,TON,229,12674,211.23,477.2,408.9,27.6,29.0,0.6581,1
FernRidgeRd_TON_12.03.25_LS,TON,229,12675,211.25,474.5,410.2,27.4,29.1,0.6426,1
FernRidgeRd_TON_12.03.25_LS,TON,229,12676,211.26,473.7,411.6,25.2,28.1,0.6753,1
FernRidgeRd_TON_12.03.25_LS,TON,229,12677,211.28,471.5,410.9,25.8,28.6,0.6118,1
FernRidgeRd_TON_12.03.25_LS,TON,229,12678,211.3,470.4,412.4,28.5,31.2,0.6532,1
FernRidgeRd_TON_12.03.25_LS,TON,229,12679,211.31,469.0,412.0,28.1,31.5,0.6989,1
FernRidgeRd_TON_12.03.25_LS,TON,229,12680,211.33,467.5,410.2,27.5,31.1,0.7199,1
FernRidgeRd_TON_12.03.25_LS,TON,229,12681,211.35,465.2,410.8,26.7,30.4,0.6984,1
FernRidgeRd_TON_12.03.25_LS,TON,229,12682,211.36,462.9,409.9,25.9,30.1,0.7322,1
FernRidgeRd_TON_12.03.25_LS,TON,229,12683,211.38,461.7,408.6,26.3,30.0,0.6599,1
FernRidgeRd_TON_12.03.25_LS,TON,229,12684,211.4,462.9,408.9,27.0,30.0,0.5022,1
FernRidgeRd_TON_12.03.25_LS,TON,229,12685,211.41,459.3,407.5,27.3,31.5,0.2359,1
FernRidgeRd_TON_12.03.25_LS,TON,229,12686,211.43,459.8,403.6,27.1,31.6,0.5656,1
FernRidgeRd_TON_12.03.25_LS,TON,229,12687,211.45,456.7,406.3,27.7,32.3,0.7017,1
FernRidgeRd_TON_12.03.25_LS,TON,229,12691,211.51,451.7,405.1,23.0,26.5,0.6542,1
FernRidgeRd_TON_12.03.25_LS,TON,229,12692,211.53,449.0,402.2,23.3,26.3,0.657,1
FernRidgeRd_TON_12.03.25_LS,TON,229,12696,211.6,444.1,403.4,24.5,28.1,0.4043,1
FernRidgeRd_TON_12.03.25_LS,TON,229,12697,211.61,444.2,401.1,25.0,29.5,0.6899,1
FernRidgeRd_TON_12.03.25_LS,TON,229,12698,211.63,443.8,399.3,25.0,29.0,0.741,1
FernRidgeRd_TON_12.03.25_LS,TON,229,12699,211.65,441.7,401.8,25.1,29.4,0.7007,1
FernRidgeRd_TON_12.03.25_LS,TON,229,12700,211.66,440.1,402.9,24.5,28.4,0.7354,1
FernRidgeRd_TON_12.03.25_LS,TON,229,12701,211.68,438.4,400.8,24.9,28.9,0.7418,1
FernRidgeRd_TON_12.03.25_LS,TON,229,12702,211.7,436.8,401.5,25.4,29.4,0.7604,1
FernRidgeRd_TON_12.03.25_LS,TON,229,12703,211.71,434.6,400.4,24.7,28.7,0.7647,1
FernRidgeRd_TON_12.03.25_LS,TON,229,12704,211.73,432.5,399.9,25.3,29.3,0.7522,1
FernRidgeRd_TON_12.03.25_LS,TON,229,12705,211.75,430.0,401.0,24.7,28.6,0.7414,1
FernRidgeRd_TON_12.03.25_LS,TON,229,12706,211.76,429.2,400.7,25.7,29.1,0.662,1
FernRidgeRd_TON_12.03.25_LS,TON,229,12707,211.78,426.8,400.0,25.3,28.5,0.6772,1
FernRidgeRd_TON_12.03.25_LS,TON,229,12708,211.8,426.8,399.6,25.6,29.0,0.6946,1
FernRidgeRd_TON_12.03.25_LS,TON,229,12709,211.81,425.5,399.1,25.9,29.6,0.6551,1
FernRidgeRd_TON_12.03.25_LS,TON,229,12710,211.83,423.4,399.5,26.0,30.4,0.6828,1
FernRidgeRd_TON_12.03.25_LS,TON,229,12711,211.85,422.4,399.6,25.9,29.9,0.6743,1
FernRidgeRd_TON_12.03.25_LS,TON,229,12712,211.86,420.9,398.9,27.2,31.1,0.6191,1
FernRidgeRd_TON_12.03.25_LS,TON,229,12713,211.88,419.6,397.2,26.2,29.5,0.4495,1
FernRidgeRd_TON_12.03.25_LS,TON,229,12714,211.9,417.2,399.3,25.5,29.3,0.6445,1
FernRidgeRd_TON_12.03.25_LS,TON,229,12715,211.91,415.7,399.9,25.7,29.8,0.6484,1
FernRidgeRd_TON_12.03.25_LS,TON,229,12716,211.93,414.4,400.5,25.4,30.1,0.6472,1
FernRidgeRd_TON_12.03.25_LS,TON,229,12717,211.95,413.4,399.6,25.5,29.6,0.6676,1
FernRidgeRd_TON_12.03.25_LS,TON,229,12718,211.96,412.0,399.7,25.3,29.7,0.6614,1
FernRidgeRd_TON_12.03.25_LS,TON,229,12719,211.98,410.8,399.5,25.6,30.0,0.656,1
FernRidgeRd_TON_12.03.25_LS,TON,229,12720,212.0,409.0,399.9,23.9,28.7,0.6927,1
FernRidgeRd_TON_12.03.25_LS,TON,229,12721,212.01,407.1,398.9,24.0,28.2,0.6367,1
FernRidgeRd_TON_12.03.25_LS,TON,229,12722,212.03,405.5,399.4,24.3,28.7,0.6298,1
FernRidgeRd_TON_12.03.25_LS,TON,229,12723,212.05,404.1,398.4,25.0,29.1,0.6471,1
FernRidgeRd_TON_12.03.25_LS,TON,229,12724,212.06,403.7,397.4,24.4,28.5,0.6552,1
FernRidgeRd_TON_12.03.25_LS,TON,229,12725,212.08,401.7,398.2,24.0,28.8,0.6479,1
FernRidgeRd_TON_12.03.25_LS,TON,229,12726,212.1,399.3,397.1,24.1,28.7,0.6566,1
FernRidgeRd_TON_12.03.25_LS,TON,229,12727,212.11,398.2,397.8,23.8,28.3,0.6776,1
FernRidgeRd_TON_12.03.25_LS,TON,229,12728,212.13,396.7,397.8,24.5,28.4,0.3908,1
FernRidgeRd_TON_12.03.25_LS,TON,229,12729,212.15,394.7,398.1,24.5,28.5,0.4753,1
FernRidgeRd_TON_12.03.25_LS,TON,229,12730,212.16,394.3,395.9,25.5,28.6,0.4975,1
FernRidgeRd_TON_12.03.25_LS,TON,232,12749,212.48,367.9,392.2,26.2,27.9,0.5689,1
FernRidgeRd_TON_12.03.25_LS,TON,232,12752,212.53,360.5,391.0,28.4,32.6,0.434,1
FernRidgeRd_TON_12.03.25_LS,TON,232,12753,212.55,359.3,389.6,26.4,31.4,0.5902,1
FernRidgeRd_TON_12.03.25_LS,TON,232,12754,212.56,358.4,388.8,26.7,30.9,0.5871,1
FernRidgeRd_TON_12.03.25_LS,TON,232,12755,212.58,356.7,390.4,26.5,30.4,0.6404,1
FernRidgeRd_TON_12.03.25_LS,TON,232,12756,212.6,356.2,389.6,26.6,30.7,0.6924,1
FernRidgeRd_TON_12.03.25_LS,TON,232,12757,212.61,353.9,389.6,26.8,31.0,0.6269,1
FernRidgeRd_TON_12.03.25_LS,TON,232,12758,212.63,351.4,390.6,24.9,28.8,0.6958,1
FernRidgeRd_TON_12.03.25_LS,TON,232,12759,212.65,350.3,389.5,25.5,29.7,0.6628,1
FernRidgeRd_TON_12.03.25_LS,TON,232,12760,212.66,349.7,388.9,25.9,30.3,0.6552,1
FernRidgeRd_TON_12.03.25_LS,TON,232,12761,212.68,348.2,389.1,25.5,30.0,0.6297,1
FernRidgeRd_TON_12.03.25_LS,TON,232,12762,212.7,348.6,388.5,25.6,29.1,0.4344,1
FernRidgeRd_TON_12.03.25_LS,TON,232,12771,212.85,337.6,389.3,27.5,28.3,0.3954,1
FernRidgeRd_TON_12.03.25_LS,TON,232,12772,212.86,334.6,388.0,28.0,28.9,0.5297,1
FernRidgeRd_TON_12.03.25_LS,TON,232,12773,212.88,331.2,388.4,28.8,29.1,0.6046,1
FernRidgeRd_TON_12.03.25_LS,TON,232,12774,212.9,329.2,388.4,27.5,29.3,0.6959,1
FernRidgeRd_TON_12.03.25_LS,TON,232,12775,212.91,326.0,388.8,28.2,29.7,0.6571,1
FernRidgeRd_TON_12.03.25_LS,TON,232,12776,212.93,325.0,388.7,28.4,30.2,0.4153,1
FernRidgeRd_TON_12.03.25_LS,TON,232,12777,212.95,323.9,387.1,26.7,29.7,0.6479,1
FernRidgeRd_TON_12.03.25_LS,TON,232,12778,212.96,323.0,387.0,25.9,29.4,0.6757,1
FernRidgeRd_TON_12.03.25_LS,TON,232,12779,212.98,321.6,387.1,25.6,29.0,0.6459,1
FernRidgeRd_TON_12.03.25_LS,TON,232,12780,213.0,321.3,386.6,26.0,29.3,0.6022,1
FernRidgeRd_TON_12.03.25_LS,TON,232,12781,213.01,319.5,386.1,27.0,30.7,0.402,1
FernRidgeRd_TON_12.03.25_LS,TON,232,12782,213.03,318.1,384.3,27.1,29.9,0.4342,1
FernRidgeRd_TON_12.03.25_LS,TON,232,12783,213.05,317.2,381.9,26.2,29.0,0.5017,1
FernRidgeRd_TON_12.03.25_LS,TON,232,12784,213.06,316.6,382.1,26.5,27.9,0.3943,1
FernRidgeRd_TON_12.03.25_LS,TON,232,12785,213.08,314.7,383.0,26.4,28.1,0.5253,1
FernRidgeRd_TON_12.03.25_LS,TON,232,12786,213.1,313.4,383.3,25.5,27.3,0.24,1
FernRidgeRd_TON_12.03.25_LS,TON,232,12787,213.11,312.5,382.3,26.2,28.5,0.2884,1
FernRidgeRd_TON_12.03.25_LS,TON,232,12788,213.13,312.7,382.0,26.4,29.7,0.1353,1
FernRidgeRd_TON_12.03.25_LS,TON,232,12789,213.15,313.1,383.4,27.0,29.4,0.3393,1
FernRidgeRd_TON_12.03.25_LS,TON,232,12798,213.3,299.2,381.2,27.4,30.7,0.4734,1
FernRidgeRd_TON_12.03.25_LS,TON,232,12799,213.31,296.6,381.8,27.4,30.8,0.4581,1
FernRidgeRd_TON_12.03.25_LS,TON,232,12800,213.33,294.0,382.3,26.9,30.3,0.2406,1
FernRidgeRd_TON_12.03.25_LS,TON,233,12815,213.58,269.5,378.7,28.5,32.2,0.4754,0
FernRidgeRd_TON_12.03.25_LS,TON,233,12816,213.6,270.2,379.6,26.6,30.2,0.4299,0
FernRidgeRd_TON_12.03.25_LS,TON,233,12817,213.61,269.5,379.4,28.0,31.5,0.325,0
FernRidgeRd_TON_12.03.25_LS,TON,233,12818,213.63,268.0,379.8,28.0,30.4,0.422,0
FernRidgeRd_TON_12.03.25_LS,TON,233,12819,213.65,268.1,378.9,28.9,31.0,0.1694,0
FernRidgeRd_TON_12.03.25_LS,TON,233,12820,213.66,265.5,377.2,28.5,31.4,0.1588,0
FernRidgeRd_TON_12.03.25_LS,TON,233,12821,213.68,265.3,376.8,26.7,30.1,0.1987,0
FernRidgeRd_TON_12.03.25_LS,TON,233,12822,213.7,265.8,377.1,24.6,28.0,0.1771,0
FernRidgeRd_TON_12.03.25_LS,TON,234,12828,213.8,256.7,377.0,25.0,28.0,0.4191,0
FernRidgeRd_TON_12.03.25_LS,TON,234,12829,213.81,254.8,377.0,25.7,29.0,0.3795,0
FernRidgeRd_TON_12.03.25_LS,TON,234,12830,213.83,254.0,377.1,26.0,29.5,0.4772,0
FernRidgeRd_TON_12.03.25_LS,TON,234,12831,213.85,253.5,378.4,27.3,30.1,0.229,0
FernRidgeRd_TON_12.03.25_LS,TON,234,12832,213.86,254.9,379.0,26.6,28.4,0.1344,0
FernRidgeRd_TON_12.03.25_LS,TON,234,12833,213.88,251.7,379.6,25.3,27.1,0.3377,0
FernRidgeRd_TON_12.03.25_LS,TON,234,12834,213.9,249.3,379.0,25.1,27.1,0.1245,0
FernRidgeRd_TON_12.03.25_LS,TON,234,12843,214.05,234.5,376.6,24.4,26.2,0.5372,0
FernRidgeRd_TON_12.03.25_LS,TON,234,12844,214.06,231.9,376.7,22.9,25.1,0.5492,0
FernRidgeRd_TON_12.03.25_LS,TON,234,12845,214.08,229.4,378.2,25.6,27.0,0.1024,0
FernRidgeRd_TON_12.03.25_LS,TON,238,12919,215.31,405.7,349.5,28.6,29.1,0.354,0
FernRidgeRd_TON_12.03.25_LS,TON,238,12920,215.33,401.6,350.3,27.2,28.8,0.219,0
FernRidgeRd_TON_12.03.25_LS,TON,238,12921,215.35,403.3,349.0,27.4,30.0,0.4678,0
FernRidgeRd_TON_12.03.25_LS,TON,238,12922,215.36,402.6,347.9,28.2,30.6,0.5436,0
FernRidgeRd_TON_12.03.25_LS,TON,238,12923,215.38,402.4,346.6,28.1,30.7,0.3653,0
FernRidgeRd_TON_12.03.25_LS,TON,238,12925,215.41,400.6,344.8,27.6,28.6,0.2991,0
FernRidgeRd_TON_12.03.25_LS,TON,238,12926,215.43,400.1,345.0,28.1,30.3,0.1683,0
FernRidgeRd_TON_12.03.25_LS,TON,239,12923,215.38,132.2,385.2,27.1,30.8,0.6716,1
FernRidgeRd_TON_12.03.25_LS,TON,239,12924,215.4,130.6,385.0,26.2,31.0,0.6657,1
FernRidgeRd_TON_12.03.25_LS,TON,239,12925,215.41,130.3,385.3,25.0,30.1,0.7029,1
FernRidgeRd_TON_12.03.25_LS,TON,239,12926,215.43,128.2,385.4,24.7,28.4,0.7192,1
FernRidgeRd_TON_12.03.25_LS,TON,239,12927,215.45,128.4,383.7,25.3,28.1,0.648,1
FernRidgeRd_TON_12.03.25_LS,TON,239,12928,215.46,126.6,384.0,23.6,26.4,0.698,1
FernRidgeRd_TON_12.03.25_LS,TON,239,12929,215.48,125.1,383.6,23.7,26.3,0.5705,1
FernRidgeRd_TON_12.03.25_LS,TON,239,12930,215.5,123.6,383.7,24.1,26.2,0.3646,1
FernRidgeRd_TON_12.03.25_LS,TON,239,12931,215.51,125.8,381.5,25.4,27.8,0.5514,1
FernRidgeRd_TON_12.03.25_LS,TON,239,12932,215.53,124.2,380.8,25.1,27.4,0.7252,1
FernRidgeRd_TON_12.03.25_LS,TON,239,12933,215.55,122.2,381.1,25.3,27.1,0.552,1
FernRidgeRd_TON_12.03.25_LS,TON,239,12934,215.56,121.1,381.2,26.1,27.8,0.1956,1
FernRidgeRd_TON_12.03.25_LS,TON,239,12973,216.21,96.5,373.0,25.5,27.0,0.5245,1
FernRidgeRd_TON_12.03.25_LS,TON,243,12975,216.25,86.7,367.1,29.8,32.8,0.5114,1
FernRidgeRd_TON_12.03.25_LS,TON,243,12976,216.26,84.8,366.6,28.5,32.0,0.6967,1
FernRidgeRd_TON_12.03.25_LS,TON,243,12977,216.28,82.7,364.8,27.2,31.3,0.6097,1
FernRidgeRd_TON_12.03.25_LS,TON,243,12978,216.3,81.1,365.1,27.8,31.1,0.3466,1
FernRidgeRd_TON_12.03.25_LS,TON,243,12979,216.31,82.4,363.8,29.3,34.0,0.3416,1
FernRidgeRd_TON_12.03.25_LS,TON,243,12980,216.33,84.6,360.7,29.8,36.1,0.1462,1
FernRidgeRd_TON_12.03.25_LS,TON,243,12981,216.35,83.4,360.4,32.0,34.9,0.4428,1
FernRidgeRd_TON_12.03.25_LS,TON,243,12982,216.36,79.6,361.6,32.2,32.7,0.559,1
FernRidgeRd_TON_12.03.25_LS,TON,243,12983,216.38,74.8,361.0,30.1,30.9,0.6345,1
FernRidgeRd_TON_12.03.25_LS,TON,243,12984,216.4,71.2,362.4,27.3,29.2,0.5352,1
FernRidgeRd_TON_12.03.25_LS,TON,243,12985,216.41,67.7,362.4,28.9,28.5,0.6027,1
FernRidgeRd_TON_12.03.25_LS,TON,243,12986,216.43,67.0,361.6,27.9,27.5,0.3435,1
FernRidgeRd_TON_12.03.25_LS,TON,243,12987,216.45,67.2,360.3,29.3,26.8,0.1065,1
FernRidgeRd_TON_12.03.25_LS,TON,243,12988,216.46,66.4,359.0,30.2,26.0,0.1789,1
FernRidgeRd_TON_12.03.25_LS,TON,243,12993,216.55,59.9,352.9,39.9,44.7,0.5204,1
FernRidgeRd_TON_12.03.25_LS,TON,250,13587,226.45,499.3,469.8,29.3,23.8,0.6369,0
FernRidgeRd_TON_12.03.25_LS,TON,250,13589,226.48,489.2,472.7,27.3,20.9,0.4295,0
FernRidgeRd_TON_12.03.25_LS,TON,250,13591,226.51,481.5,475.2,29.2,22.1,0.3854,0
FernRidgeRd_TON_12.03.25_LS,TON,250,13593,226.55,476.6,474.9,30.6,19.9,0.5997,0
FernRidgeRd_TON_12.03.25_LS,TON,254,14208,236.8,416.9,391.6,44.8,24.7,0.4427,0
FernRidgeRd_TON_12.03.25_LS,TON,254,14209,236.81,414.9,392.0,44.5,25.3,0.7049,0
FernRidgeRd_TON_12.03.25_LS,TON,254,14210,236.83,411.3,390.5,44.9,26.8,0.1436,0
FernRidgeRd_TON_12.03.25_LS,TON,254,14211,236.85,405.1,388.6,43.2,27.0,0.4066,0
FernRidgeRd_TON_12.03.25_LS,TON,254,14212,236.86,400.1,389.2,45.5,26.7,0.4612,0
FernRidgeRd_TON_12.03.25_LS,TON,254,14216,236.93,378.2,386.5,42.5,26.2,0.3171,0
FernRidgeRd_TON_12.03.25_LS,TON,254,14220,237.0,359.3,388.7,43.5,24.8,0.476,0
FernRidgeRd_TON_12.03.25_LS,TON,257,14237,237.28,470.3,367.0,47.4,22.2,0.462,0
FernRidgeRd_TON_12.03.25_LS,TON,257,14238,237.3,466.0,366.5,48.3,22.8,0.5906,0
FernRidgeRd_TON_12.03.25_LS,TON,257,14239,237.31,462.9,366.9,49.0,22.3,0.4922,0
FernRidgeRd_TON_12.03.25_LS,TON,257,14240,237.33,462.8,365.6,49.5,24.0,0.1673,0
FernRidgeRd_TON_12.03.25_LS,TON,257,14241,237.35,461.6,364.5,48.2,22.3,0.3236,0
FernRidgeRd_TON_12.03.25_LS,TON,260,14245,237.41,256.6,381.8,44.4,21.7,0.6541,1
FernRidgeRd_TON_12.03.25_LS,TON,260,14246,237.43,253.2,380.7,43.5,21.5,0.6643,1
FernRidgeRd_TON_12.03.25_LS,TON,260,14247,237.45,247.8,380.3,44.1,21.0,0.6103,1
FernRidgeRd_TON_12.03.25_LS,TON,260,14248,237.46,244.4,379.0,44.9,22.1,0.5085,1
FernRidgeRd_TON_12.03.25_LS,TON,260,14249,237.48,239.9,378.5,42.6,21.3,0.5241,1
FernRidgeRd_TON_12.03.25_LS,TON,260,14253,237.55,224.8,377.5,41.7,22.7,0.2973,1
FernRidgeRd_TON_12.03.25_LS,TON,260,14254,237.56,221.2,379.2,41.9,21.5,0.2537,1
FernRidgeRd_TON_12.03.25_LS,TON,260,14255,237.58,214.7,377.6,41.9,20.8,0.6553,1
FernRidgeRd_TON_12.03.25_LS,TON,260,14256,237.6,212.4,377.2,42.4,20.6,0.5473,1
FernRidgeRd_TON_12.03.25_LS,TON,260,14257,237.61,208.6,377.7,41.2,20.7,0.5788,1
FernRidgeRd_TON_12.03.25_LS,TON,260,14258,237.63,204.4,376.2,42.2,20.8,0.5653,1
FernRidgeRd_TON_12.03.25_LS,TON,260,14269,237.81,168.9,372.9,45.4,22.6,0.4762,1
FernRidgeRd_TON_12.03.25_LS,TON,260,14270,237.83,165.6,374.4,43.2,22.8,0.2098,1
FernRidgeRd_TON_12.03.25_LS,TON,260,14272,237.86,162.2,373.4,41.5,21.5,0.415,1
FernRidgeRd_TON_12.03.25_LS,TON,260,14273,237.88,159.7,374.9,42.8,21.1,0.2959,1
FernRidgeRd_TON_12.03.25_LS,TON,260,14275,237.91,153.2,373.1,42.9,21.2,0.3899,1
FernRidgeRd_TON_12.03.25_LS,TON,260,14276,237.93,148.3,374.1,44.8,21.0,0.6262,1
FernRidgeRd_TON_12.03.25_LS,TON,260,14277,237.95,145.3,373.5,41.1,20.2,0.5771,1
FernRidgeRd_TON_12.03.25_LS,TON,260,14281,238.01,135.1,373.3,36.0,22.8,0.321,1
FernRidgeRd_TON_12.03.25_LS,TON,260,14282,238.03,132.1,374.9,38.2,22.0,0.1141,1
FernRidgeRd_TON_12.03.25_LS,TON,261,14294,238.23,106.7,377.8,39.1,17.5,0.422,0
FernRidgeRd_TON_12.03.25_LS,TON,261,14295,238.25,105.5,377.6,36.3,16.7,0.402,0
FernRidgeRd_TON_12.03.25_LS,TON,261,14296,238.26,104.1,378.7,38.0,17.1,0.3085,0
FernRidgeRd_TON_12.03.25_LS,TON,261,14298,238.3,100.6,379.2,36.7,17.3,0.3035,0
FernRidgeRd_TON_12.03.25_LS,TON,261,14299,238.31,98.7,379.1,37.3,17.4,0.2285,0
FernRidgeRd_TON_12.03.25_LS,TON,261,14309,238.48,77.1,369.3,39.4,20.8,0.3759,0
FernRidgeRd_TON_12.03.25_LS,TON,261,14315,238.58,68.2,361.6,39.2,18.3,0.4037,0
FernRidgeRd_TON_12.03.25_LS,TON,263,14419,240.31,276.5,368.7,44.2,19.7,0.5261,1
FernRidgeRd_TON_12.03.25_LS,TON,263,14420,240.33,275.9,369.0,43.4,19.0,0.6432,1
FernRidgeRd_TON_12.03.25_LS,TON,263,14421,240.35,275.7,368.9,43.4,19.0,0.6336,1
FernRidgeRd_TON_12.03.25_LS,TON,263,14422,240.36,275.5,369.0,43.7,19.0,0.6719,1
FernRidgeRd_TON_12.03.25_LS,TON,263,14423,240.38,275.6,369.2,42.9,19.0,0.6705,1
FernRidgeRd_TON_12.03.25_LS,TON,263,14424,240.4,275.2,369.5,42.7,19.0,0.6829,1
FernRidgeRd_TON_12.03.25_LS,TON,263,14425,240.41,274.7,369.8,43.0,19.2,0.7099,1
FernRidgeRd_TON_12.03.25_LS,TON,263,14426,240.43,274.5,370.1,41.9,18.9,0.6457,1
FernRidgeRd_TON_12.03.25_LS,TON,263,14427,240.45,273.8,371.2,42.8,19.5,0.6353,1
FernRidgeRd_TON_12.03.25_LS,TON,263,14428,240.46,273.4,371.5,43.9,19.9,0.6327,1
FernRidgeRd_TON_12.03.25_LS,TON,263,14429,240.48,274.0,372.7,42.5,19.4,0.6315,1
FernRidgeRd_TON_12.03.25_LS,TON,263,14430,240.5,273.6,373.0,41.9,19.2,0.6052,1
FernRidgeRd_TON_12.03.25_LS,TON,263,14431,240.51,272.2,372.8,43.4,19.7,0.6544,1
FernRidgeRd_TON_12.03.25_LS,TON,263,14432,240.53,272.3,373.7,43.7,20.6,0.6433,1
FernRidgeRd_TON_12.03.25_LS,TON,263,14433,240.55,272.4,373.3,43.3,20.4,0.6766,1
FernRidgeRd_TON_12.03.25_LS,TON,263,14434,240.56,272.3,372.9,43.1,20.4,0.6693,1
FernRidgeRd_TON_12.03.25_LS,TON,263,14435,240.58,271.7,374.2,43.1,21.0,0.6618,1
FernRidgeRd_TON_12.03.25_LS,TON,263,14436,240.6,271.9,374.1,43.5,21.5,0.6832,1
FernRidgeRd_TON_12.03.25_LS,TON,263,14437,240.61,271.7,374.4,44.0,21.7,0.6709,1
FernRidgeRd_TON_12.03.25_LS,TON,263,14438,240.63,271.6,374.9,44.1,21.8,0.6686,1
FernRidgeRd_TON_12.03.25_LS,TON,263,14439,240.65,271.3,374.2,44.9,22.0,0.6753,1
FernRidgeRd_TON_12.03.25_LS,TON,263,14440,240.66,270.8,374.3,44.9,21.8,0.6682,1
FernRidgeRd_TON_12.03.25_LS,TON,263,14441,240.68,271.1,374.2,45.4,22.1,0.6614,1
FernRidgeRd_TON_12.03.25_LS,TON,263,14442,240.7,270.8,374.5,45.6,21.8,0.675,1
FernRidgeRd_TON_12.03.25_LS,TON,263,14443,240.71,271.6,374.2,42.9,20.9,0.6346,1
FernRidgeRd_TON_12.03.25_LS,TON,263,14444,240.73,272.9,374.4,43.3,20.7,0.6579,1
FernRidgeRd_TON_12.03.25_LS,TON,263,14445,240.75,271.8,374.8,43.2,20.0,0.5908,1
FernRidgeRd_TON_12.03.25_LS,TON,263,14446,240.76,272.2,376.3,43.9,20.4,0.6367,1
FernRidgeRd_TON_12.03.25_LS,TON,263,14447,240.78,273.3,377.3,45.6,21.6,0.6261,1
FernRidgeRd_TON_12.03.25_LS,TON,263,14448,240.8,272.4,378.7,45.9,21.7,0.6202,1
FernRidgeRd_TON_12.03.25_LS,TON,263,14449,240.81,274.3,381.0,44.6,20.9,0.5497,1
FernRidgeRd_TON_12.03.25_LS,TON,263,14450,240.83,275.1,381.6,45.6,21.4,0.6133,1
FernRidgeRd_TON_12.03.25_LS,TON,263,14451,240.85,275.3,383.9,45.7,20.7,0.6713,1
FernRidgeRd_TON_12.03.25_LS,TON,263,14452,240.86,274.7,384.7,44.2,19.7,0.632,1
FernRidgeRd_TON_12.03.25_LS,TON,263,14453,240.88,273.9,384.8,44.8,19.4,0.5838,1
FernRidgeRd_TON_12.03.25_LS,TON,263,14454,240.9,277.2,386.2,46.4,20.4,0.6053,1
FernRidgeRd_TON_12.03.25_LS,TON,263,14455,240.91,277.2,387.8,44.8,19.8,0.5378,1
FernRidgeRd_TON_12.03.25_LS,TON,263,14456,240.93,276.1,389.6,44.6,19.7,0.6055,1
FernRidgeRd_TON_12.03.25_LS,TON,263,14457,240.95,274.4,391.4,44.5,19.3,0.4982,1
FernRidgeRd_TON_12.03.25_LS,TON,263,14458,240.96,274.2,391.5,45.5,19.2,0.4602,1
FernRidgeRd_TON_12.03.25_LS,TON,263,14459,240.98,274.3,392.6,45.3,19.5,0.3648,1
FernRidgeRd_TON_12.03.25_LS,TON,263,14460,241.0,274.2,393.6,41.8,18.8,0.4896,1
FernRidgeRd_TON_12.03.25_LS,TON,263,14461,241.01,274.1,393.3,40.4,18.6,0.5521,1
FernRidgeRd_TON_12.03.25_LS,TON,263,14462,241.03,272.4,394.9,41.4,18.6,0.5024,1
FernRidgeRd_TON_12.03.25_LS,TON,263,14463,241.05,272.7,396.1,42.1,19.2,0.5588,1
FernRidgeRd_TON_12.03.25_LS,TON,263,14464,241.06,273.6,397.0,41.1,19.0,0.5417,1
FernRidgeRd_TON_12.03.25_LS,TON,263,14465,241.08,271.2,398.3,42.4,19.5,0.5905,1
FernRidgeRd_TON_12.03.25_LS,TON,263,14466,241.1,273.5,399.8,42.2,19.2,0.6588,1
FernRidgeRd_TON_12.03.25_LS,TON,263,14467,241.11,274.7,399.3,41.6,19.1,0.6696,1
FernRidgeRd_TON_12.03.25_LS,TON,263,14468,241.13,275.4,400.7,41.4,19.0,0.7127,1
FernRidgeRd_TON_12.03.25_LS,TON,263,14469,241.15,274.4,402.3,39.5,18.3,0.6307,1
FernRidgeRd_TON_12.03.25_LS,TON,263,14470,241.16,276.5,401.2,40.9,18.5,0.6748,1
FernRidgeRd_TON_12.03.25_LS,TON,263,14471,241.18,276.6,402.4,42.3,19.0,0.5892,1
FernRidgeRd_TON_12.03.25_LS,TON,263,14472,241.2,277.1,403.2,43.7,19.5,0.5604,1
FernRidgeRd_TON_12.03.25_LS,TON,263,14473,241.21,278.6,402.6,44.4,19.8,0.658,1
FernRidgeRd_TON_12.03.25_LS,TON,263,14474,241.23,279.1,402.5,46.3,20.9,0.647,1
FernRidgeRd_TON_12.03.25_LS,TON,263,14475,241.25,279.7,402.9,45.8,20.6,0.6064,1
FernRidgeRd_TON_12.03.25_LS,TON,263,14476,241.26,281.4,402.5,46.1,21.0,0.6668,1
FernRidgeRd_TON_12.03.25_LS,TON,263,14477,241.28,282.0,403.4,45.7,20.8,0.6545,1
FernRidgeRd_TON_12.03.25_LS,TON,263,14478,241.3,282.3,403.0,45.6,20.9,0.6719,1
FernRidgeRd_TON_12.03.25_LS,TON,263,14479,241.31,283.5,402.5,46.5,21.7,0.6821,1
FernRidgeRd_TON_12.03.25_LS,TON,263,14480,241.33,283.9,402.7,47.7,22.4,0.6678,1
FernRidgeRd_TON_12.03.25_LS,TON,263,14481,241.35,284.2,402.4,46.3,22.1,0.6566,1
FernRidgeRd_TON_12.03.25_LS,TON,263,14482,241.36,284.3,403.0,44.5,21.0,0.6445,1
FernRidgeRd_TON_12.03.25_LS,TON,263,14483,241.38,285.0,404.4,44.6,20.9,0.6522,1
FernRidgeRd_TON_12.03.25_LS,TON,263,14484,241.4,285.5,403.6,43.3,20.5,0.6616,1
FernRidgeRd_TON_12.03.25_LS,TON,263,14485,241.41,285.6,403.1,44.2,20.9,0.6984,1
FernRidgeRd_TON_12.03.25_LS,TON,263,14486,241.43,287.4,404.5,44.3,20.6,0.6622,1
FernRidgeRd_TON_12.03.25_LS,TON,263,14487,241.45,288.7,402.7,45.1,21.2,0.6646,1
FernRidgeRd_TON_12.03.25_LS,TON,263,14488,241.46,289.3,402.6,45.7,21.7,0.6803,1
FernRidgeRd_TON_12.03.25_LS,TON,263,14489,241.48,289.6,403.8,45.9,21.3,0.6179,1
FernRidgeRd_TON_12.03.25_LS,TON,263,14490,241.5,290.7,403.0,46.9,22.3,0.7159,1
FernRidgeRd_TON_12.03.25_LS,TON,263,14491,241.51,291.6,403.2,46.3,21.9,0.6538,1
FernRidgeRd_TON_12.03.25_LS,TON,263,14492,241.53,291.8,404.5,45.7,22.1,0.6782,1
FernRidgeRd_TON_12.03.25_LS,TON,263,14493,241.55,292.1,404.5,46.6,22.6,0.6511,1
FernRidgeRd_TON_12.03.25_LS,TON,263,14494,241.56,292.4,405.3,46.6,22.7,0.6616,1
FernRidgeRd_TON_12.03.25_LS,TON,263,14495,241.58,292.4,406.0,45.6,22.2,0.6543,1
FernRidgeRd_TON_12.03.25_LS,TON,263,14496,241.6,293.8,406.2,47.1,22.3,0.6952,1
FernRidgeRd_TON_12.03.25_LS,TON,263,14497,241.61,294.8,407.1,46.0,21.8,0.6649,1
FernRidgeRd_TON_12.03.25_LS,TON,263,14498,241.63,295.2,407.2,45.6,21.8,0.6892,1
FernRidgeRd_TON_12.03.25_LS,TON,263,14499,241.65,295.4,407.4,44.8,21.4,0.5811,1
FernRidgeRd_TON_12.03.25_LS,TON,263,14500,241.66,296.6,408.5,44.2,21.3,0.6644,1
FernRidgeRd_TON_12.03.25_LS,TON,263,14501,241.68,297.6,408.0,44.4,21.0,0.6665,1
FernRidgeRd_TON_12.03.25_LS,TON,263,14502,241.7,297.5,408.6,43.9,21.1,0.6883,1
FernRidgeRd_TON_12.03.25_LS,TON,263,14503,241.71,298.0,408.4,43.2,21.0,0.6847,1
FernRidgeRd_TON_12.03.25_LS,TON,263,14504,241.73,298.7,408.3,43.8,21.4,0.7084,1
FernRidgeRd_TON_12.03.25_LS,TON,263,14505,241.75,298.4,409.4,43.1,21.2,0.6793,1
FernRidgeRd_TON_12.03.25_LS,TON,263,14506,241.76,298.5,409.8,42.9,21.1,0.6681,1
FernRidgeRd_TON_12.03.25_LS,TON,263,14507,241.78,299.0,409.1,43.0,21.4,0.641,1
FernRidgeRd_TON_12.03.25_LS,TON,263,14508,241.8,299.5,409.8,42.6,21.4,0.6754,1
FernRidgeRd_TON_12.03.25_LS,TON,263,14509,241.81,299.9,409.7,44.2,22.0,0.7024,1
FernRidgeRd_TON_12.03.25_LS,TON,263,14510,241.83,301.0,408.7,44.3,22.0,0.6809,1
FernRidgeRd_TON_12.03.25_LS,TON,263,14511,241.85,302.1,409.0,45.7,22.8,0.6906,1
FernRidgeRd_TON_12.03.25_LS,TON,263,14512,241.86,303.4,408.9,45.3,23.0,0.6943,1
FernRidgeRd_TON_12.03.25_LS,TON,263,14513,241.88,304.2,408.7,44.6,23.0,0.6838,1
FernRidgeRd_TON_12.03.25_LS,TON,263,14514,241.9,305.2,407.8,43.9,22.8,0.6713,1
FernRidgeRd_TON_12.03.25_LS,TON,263,14515,241.91,306.1,406.8,43.7,22.7,0.6778,1
FernRidgeRd_TON_12.03.25_LS,TON,263,14516,241.93,306.6,405.9,43.7,22.6,0.6292,1
FernRidgeRd_TON_12.03.25_LS,TON,263,14517,241.95,307.7,404.9,43.9,22.4,0.6837,1
FernRidgeRd_TON_12.03.25_LS,TON,263,14518,241.96,308.9,403.0,44.2,22.3,0.648,1
FernRidgeRd_TON_12.03.25_LS,TON,263,14519,241.98,309.7,401.9,45.7,22.4,0.6247,1
FernRidgeRd_TON_12.03.25_LS,TON,263,14520,242.0,310.3,402.0,43.6,21.4,0.6144,1
FernRidgeRd_TON_12.03.25_LS,TON,263,14521,242.01,312.6,401.0,45.3,21.2,0.4785,1
FernRidgeRd_TON_12.03.25_LS,TON,263,14522,242.03,314.2,401.1,48.2,21.7,0.4415,1
FernRidgeRd_TON_12.03.25_LS,TON,263,14523,242.05,314.0,401.0,47.8,21.6,0.3814,1
FernRidgeRd_TON_12.03.25_LS,TON,263,14524,242.06,314.5,402.1,43.5,19.7,0.1483,1
FernRidgeRd_TON_12.03.25_LS,TON,264,14482,241.36,568.4,396.5,49.2,25.8,0.5619,0
FernRidgeRd_TON_12.03.25_LS,TON,264,14483,241.38,567.7,396.1,49.1,25.9,0.5402,0
FernRidgeRd_TON_12.03.25_LS,TON,264,14484,241.4,569.2,396.3,50.1,27.3,0.476,0
FernRidgeRd_TON_12.03.25_LS,TON,264,14485,241.41,569.3,396.5,50.7,27.8,0.4205,0
FernRidgeRd_TON_12.03.25_LS,TON,264,14486,241.43,569.9,397.1,52.0,28.3,0.2948,0
FernRidgeRd_TON_12.03.25_LS,TON,267,14533,242.21,612.2,381.3,44.0,21.0,0.4958,0
FernRidgeRd_TON_12.03.25_LS,TON,267,14534,242.23,612.7,381.1,44.2,21.3,0.421,0
FernRidgeRd_TON_12.03.25_LS,TON,267,14535,242.25,615.2,379.7,44.9,21.0,0.3249,0
FernRidgeRd_TON_12.03.25_LS,TON,267,14536,242.26,616.4,377.4,44.4,20.9,0.3149,0
FernRidgeRd_TON_12.03.25_LS,TON,267,14537,242.28,618.1,376.4,43.6,19.9,0.2443,0
FernRidgeRd_TON_12.03.25_LS,TON,267,14538,242.3,618.9,375.8,42.3,19.1,0.2205,0
FernRidgeRd_TON_12.03.25_LS,TON,267,14540,242.33,620.7,374.4,38.6,19.6,0.279,0
FernRidgeRd_TON_12.03.25_LS,TON,268,14542,242.36,335.0,382.2,41.0,18.8,0.4886,1
FernRidgeRd_TON_12.03.25_LS,TON,268,14543,242.38,335.2,382.7,41.1,18.7,0.5758,1
FernRidgeRd_TON_12.03.25_LS,TON,268,14544,242.4,335.3,383.4,41.0,18.7,0.559,1
FernRidgeRd_TON_12.03.25_LS,TON,268,14545,242.41,334.9,384.4,40.0,18.6,0.47,1
FernRidgeRd_TON_12.03.25_LS,TON,268,14546,242.43,333.5,387.3,41.6,19.7,0.5763,1
FernRidgeRd_TON_12.03.25_LS,TON,268,14547,242.45,334.3,388.3,42.2,19.8,0.5712,1
FernRidgeRd_TON_12.03.25_LS,TON,268,14548,242.46,335.1,388.4,42.8,19.9,0.5926,1
FernRidgeRd_TON_12.03.25_LS,TON,268,14549,242.48,335.6,389.0,43.1,20.4,0.6068,1
FernRidgeRd_TON_12.03.25_LS,TON,268,14550,242.5,336.1,390.1,43.9,21.0,0.6531,1
FernRidgeRd_TON_12.03.25_LS,TON,268,14551,242.51,336.9,389.5,43.9,21.4,0.6608,1
FernRidgeRd_TON_12.03.25_LS,TON,268,14552,242.53,337.8,390.0,44.4,21.5,0.6793,1
FernRidgeRd_TON_12.03.25_LS,TON,268,14553,242.55,339.1,390.1,43.8,21.3,0.6716,1
FernRidgeRd_TON_12.03.25_LS,TON,268,14554,242.56,339.9,389.9,43.2,21.2,0.6534,1
FernRidgeRd_TON_12.03.25_LS,TON,268,14555,242.58,340.7,389.9,42.8,21.1,0.6807,1
FernRidgeRd_TON_12.03.25_LS,TON,268,14556,242.6,341.2,390.3,43.0,20.5,0.6731,1
FernRidgeRd_TON_12.03.25_LS,TON,268,14557,242.61,342.9,390.2,43.0,20.4,0.6695,1
FernRidgeRd_TON_12.03.25_LS,TON,268,14558,242.63,343.7,390.5,43.2,20.3,0.682,1
FernRidgeRd_TON_12.03.25_LS,TON,268,14559,242.65,345.3,389.6,43.9,20.6,0.6723,1
FernRidgeRd_TON_12.03.25_LS,TON,268,14560,242.66,346.5,390.1,43.8,20.9,0.6796,1
FernRidgeRd_TON_12.03.25_LS,TON,268,14561,242.68,348.5,390.2,43.7,21.0,0.6339,1
FernRidgeRd_TON_12.03.25_LS,TON,268,14562,242.7,349.4,389.7,43.7,21.4,0.6399,1
FernRidgeRd_TON_12.03.25_LS,TON,268,14563,242.71,350.7,389.4,42.7,20.7,0.5734,1
FernRidgeRd_TON_12.03.25_LS,TON,268,14564,242.73,350.9,388.7,43.2,20.5,0.6181,1
FernRidgeRd_TON_12.03.25_LS,TON,268,14565,242.75,351.1,389.8,42.4,19.9,0.5923,1
FernRidgeRd_TON_12.03.25_LS,TON,268,14566,242.76,351.4,390.0,42.0,19.7,0.5308,1
FernRidgeRd_TON_12.03.25_LS,TON,268,14567,242.78,353.1,390.4,41.9,19.3,0.4795,1
FernRidgeRd_TON_12.03.25_LS,TON,268,14568,242.8,353.8,390.4,41.7,19.0,0.5036,1
FernRidgeRd_TON_12.03.25_LS,TON,268,14569,242.81,353.8,390.5,42.2,19.0,0.4091,1
FernRidgeRd_TON_12.03.25_LS,TON,268,14570,242.83,353.4,390.4,41.6,19.0,0.4265,1
FernRidgeRd_TON_12.03.25_LS,TON,268,14571,242.85,353.0,390.1,42.6,19.6,0.2701,1
FernRidgeRd_TON_12.03.25_LS,TON,268,14572,242.86,351.7,390.5,42.6,19.6,0.1093,1
FernRidgeRd_TON_12.03.25_LS,TON,268,14576,242.93,372.1,387.3,47.5,20.7,0.681,1
FernRidgeRd_TON_12.03.25_LS,TON,268,14577,242.95,374.5,387.0,47.2,20.6,0.7104,1
FernRidgeRd_TON_12.03.25_LS,TON,268,14578,242.96,376.2,386.7,47.9,21.2,0.7139,1
FernRidgeRd_TON_12.03.25_LS,TON,268,14579,242.98,377.2,387.0,48.2,21.5,0.7265,1
FernRidgeRd_TON_12.03.25_LS,TON,268,14580,243.0,377.3,386.8,46.6,21.5,0.7719,1
FernRidgeRd_TON_12.03.25_LS,TON,268,14581,243.01,378.9,385.8,45.2,21.0,0.72,1
FernRidgeRd_TON_12.03.25_LS,TON,268,14582,243.03,379.6,385.6,44.8,20.8,0.7339,1
FernRidgeRd_TON_12.03.25_LS,TON,268,14583,243.05,382.2,384.5,45.2,20.7,0.7555,1
FernRidgeRd_TON_12.03.25_LS,TON,268,14584,243.06,384.0,384.1,45.0,20.5,0.753,1
FernRidgeRd_TON_12.03.25_LS,TON,268,14585,243.08,385.6,384.0,45.3,20.8,0.76,1
FernRidgeRd_TON_12.03.25_LS,TON,268,14586,243.1,386.6,382.7,45.7,21.7,0.744,1
FernRidgeRd_TON_12.03.25_LS,TON,268,14587,243.11,388.5,382.9,45.1,21.1,0.7115,1
FernRidgeRd_TON_12.03.25_LS,TON,268,14588,243.13,389.5,383.3,44.7,21.4,0.713,1
FernRidgeRd_TON_12.03.25_LS,TON,268,14589,243.15,391.0,382.3,45.0,21.5,0.724,1
FernRidgeRd_TON_12.03.25_LS,TON,268,14590,243.16,392.2,382.0,45.7,21.8,0.7321,1
FernRidgeRd_TON_12.03.25_LS,TON,268,14591,243.18,394.1,382.6,48.6,22.6,0.6984,1
FernRidgeRd_TON_12.03.25_LS,TON,268,14592,243.2,395.4,382.0,48.9,22.7,0.7345,1
FernRidgeRd_TON_12.03.25_LS,TON,268,14593,243.21,397.3,381.6,48.5,23.2,0.7517,1
FernRidgeRd_TON_12.03.25_LS,TON,268,14594,243.23,399.9,383.3,46.5,22.3,0.7106,1
FernRidgeRd_TON_12.03.25_LS,TON,268,14595,243.25,400.3,383.2,45.1,21.4,0.7205,1
FernRidgeRd_TON_12.03.25_LS,TON,268,14596,243.26,400.2,383.0,46.0,21.6,0.7325,1
FernRidgeRd_TON_12.03.25_LS,TON,268,14597,243.28,403.0,384.7,46.4,21.8,0.7376,1
FernRidgeRd_TON_12.03.25_LS,TON,268,14598,243.3,404.2,384.1,47.6,22.4,0.7525,1
FernRidgeRd_TON_12.03.25_LS,TON,268,14599,243.31,405.4,384.0,47.5,22.7,0.7767,1
FernRidgeRd_TON_12.03.25_LS,TON,268,14600,243.33,406.4,385.7,47.9,23.4,0.7602,1
FernRidgeRd_TON_12.03.25_LS,TON,268,14601,243.35,408.6,385.0,46.4,22.2,0.7636,1
FernRidgeRd_TON_12.03.25_LS,TON,268,14602,243.36,410.4,386.0,47.8,23.0,0.7383,1
FernRidgeRd_TON_12.03.25_LS,TON,268,14603,243.38,411.8,387.3,47.2,22.8,0.7501,1
FernRidgeRd_TON_12.03.25_LS,TON,268,14604,243.4,413.8,386.8,47.8,23.2,0.7372,1
FernRidgeRd_TON_12.03.25_LS,TON,268,14605,243.41,416.4,388.0,47.7,23.5,0.6944,1
FernRidgeRd_TON_12.03.25_LS,TON,268,14606,243.43,417.5,389.9,46.8,23.4,0.7085,1
FernRidgeRd_TON_12.03.25_LS,TON,268,14607,243.45,418.9,390.2,46.6,23.0,0.707,1
FernRidgeRd_TON_12.03.25_LS,TON,268,14608,243.46,420.4,390.2,49.3,24.3,0.6702,1
FernRidgeRd_TON_12.03.25_LS,TON,268,14609,243.48,423.1,392.7,48.2,22.9,0.6919,1
FernRidgeRd_TON_12.03.25_LS,TON,268,14610,243.5,424.1,393.7,46.4,22.1,0.6694,1
FernRidgeRd_TON_12.03.25_LS,TON,268,14611,243.51,424.9,394.5,45.3,21.6,0.6735,1
FernRidgeRd_TON_12.03.25_LS,TON,268,14612,243.53,427.1,395.6,46.7,22.2,0.6924,1
FernRidgeRd_TON_12.03.25_LS,TON,268,14613,243.55,428.5,395.7,46.5,22.1,0.7035,1
FernRidgeRd_TON_12.03.25_LS,TON,268,14614,243.56,429.5,395.6,47.1,22.4,0.6971,1
FernRidgeRd_TON_12.03.25_LS,TON,268,14615,243.58,431.1,396.6,47.0,22.1,0.6927,1
FernRidgeRd_TON_12.03.25_LS,TON,268,14616,243.6,432.3,397.1,46.4,21.2,0.6348,1
FernRidgeRd_TON_12.03.25_LS,TON,268,14617,243.61,435.6,396.2,44.3,20.8,0.6328,1
FernRidgeRd_TON_12.03.25_LS,TON,268,14618,243.63,437.2,395.9,44.6,20.8,0.6237,1
FernRidgeRd_TON_12.03.25_LS,TON,268,14619,243.65,440.5,395.7,44.9,21.4,0.5783,1
FernRidgeRd_TON_12.03.25_LS,TON,268,14620,243.66,443.7,393.9,43.0,20.6,0.5502,1
FernRidgeRd_TON_12.03.25_LS,TON,268,14621,243.68,445.6,394.2,42.4,20.7,0.5274,1
FernRidgeRd_TON_12.03.25_LS,TON,268,14622,243.7,447.0,393.2,43.0,20.7,0.5906,1
FernRidgeRd_TON_12.03.25_LS,TON,268,14623,243.71,450.1,392.0,44.1,21.4,0.6327,1
FernRidgeRd_TON_12.03.25_LS,TON,268,14624,243.73,452.2,392.5,43.6,20.8,0.6181,1
FernRidgeRd_TON_12.03.25_LS,TON,268,14625,243.75,453.6,392.6,44.2,21.7,0.2213,1
FernRidgeRd_TON_12.03.25_LS,TON,273,14616,243.6,15.4,400.6,30.4,23.2,0.3826,0
FernRidgeRd_TON_12.03.25_LS,TON,273,14617,243.61,15.5,400.4,30.5,22.8,0.5246,0
FernRidgeRd_TON_12.03.25_LS,TON,273,14618,243.63,17.5,400.0,34.6,22.0,0.4168,0
FernRidgeRd_TON_12.03.25_LS,TON,273,14619,243.65,18.6,400.1,36.1,21.5,0.1362,0
FernRidgeRd_TON_12.03.25_LS,TON,276,14650,244.16,527.8,376.6,40.0,18.9,0.3647,0
FernRidgeRd_TON_12.03.25_LS,TON,276,14651,244.18,530.4,378.2,39.3,18.1,0.1275,0
FernRidgeRd_TON_12.03.25_LS,TON,276,14653,244.21,541.0,380.8,40.9,18.9,0.4192,0
FernRidgeRd_TON_12.03.25_LS,TON,276,14654,244.23,546.3,384.4,41.7,19.4,0.2836,0
FernRidgeRd_TON_12.03.25_LS,TON,276,14655,244.25,550.2,385.5,41.8,19.6,0.4589,0
FernRidgeRd_TON_12.03.25_LS,TON,276,14656,244.26,550.6,387.1,42.5,19.9,0.5816,0
FernRidgeRd_TON_12.03.25_LS,TON,276,14657,244.28,552.5,388.9,42.6,20.6,0.3426,0
FernRidgeRd_TON_12.03.25_LS,TON,276,14658,244.3,561.9,391.4,43.6,20.1,0.2366,0
FernRidgeRd_TON_12.03.25_LS,TON,276,14659,244.31,565.8,395.8,44.1,20.1,0.1772,0
FernRidgeRd_TON_12.03.25_LS,TON,276,14660,244.33,566.7,397.7,44.2,19.8,0.1556,0
FernRidgeRd_TON_12.03.25_LS,TON,276,14662,244.36,573.5,405.0,43.8,21.0,0.5651,0
FernRidgeRd_TON_12.03.25_LS,TON,276,14663,244.38,574.7,406.2,45.0,21.6,0.3912,0
FernRidgeRd_TON_12.03.25_LS,TON,276,14664,244.4,578.4,408.9,45.9,21.5,0.1138,0
FernRidgeRd_TON_12.03.25_LS,TON,278,14656,244.26,108.3,383.1,42.1,19.0,0.5187,0
FernRidgeRd_TON_12.03.25_LS,TON,278,14657,244.28,112.3,384.8,40.9,18.7,0.4005,0
FernRidgeRd_TON_12.03.25_LS,TON,278,14658,244.3,114.6,387.2,43.7,19.2,0.5486,0
FernRidgeRd_TON_12.03.25_LS,TON,278,14659,244.31,118.9,390.0,43.2,20.2,0.2691,0
FernRidgeRd_TON_12.03.25_LS,TON,278,14660,244.33,116.7,390.6,44.9,20.4,0.1189,0
FernRidgeRd_TON_12.03.25_LS,TON,280,14659,244.31,251.2,390.5,44.1,20.9,0.3495,1
FernRidgeRd_TON_12.03.25_LS,TON,280,14660,244.33,254.2,390.8,46.3,21.4,0.3225,1
FernRidgeRd_TON_12.03.25_LS,TON,280,14661,244.35,257.9,394.9,45.4,21.1,0.3697,1
FernRidgeRd_TON_12.03.25_LS,TON,280,14662,244.36,258.6,397.9,46.2,21.4,0.1019,1
FernRidgeRd_TON_12.03.25_LS,TON,280,14665,244.41,271.5,406.6,44.9,20.2,0.3224,1
FernRidgeRd_TON_12.03.25_LS,TON,280,14666,244.43,274.9,409.6,45.0,19.7,0.2899,1
FernRidgeRd_TON_12.03.25_LS,TON,280,14677,244.61,320.7,414.7,36.8,16.8,0.444,1
FernRidgeRd_TON_12.03.25_LS,TON,280,14681,244.68,334.0,407.4,32.3,15.9,0.5059,1
FernRidgeRd_TON_12.03.25_LS,TON,280,14682,244.7,337.3,405.3,33.9,17.2,0.3074,1
FernRidgeRd_TON_12.03.25_LS,TON,280,14687,244.78,357.8,399.2,37.4,17.2,0.4307,1
FernRidgeRd_TON_12.03.25_LS,TON,280,14688,244.8,360.6,396.5,37.5,18.2,0.1915,1
FernRidgeRd_TON_12.03.25_LS,TON,280,14689,244.81,361.3,395.4,37.6,18.6,0.4888,1
FernRidgeRd_TON_12.03.25_LS,TON,280,14692,244.86,370.6,389.4,40.6,20.4,0.4031,1
FernRidgeRd_TON_12.03.25_LS,TON,280,14693,244.88,372.7,388.5,42.6,20.8,0.3821,1
FernRidgeRd_TON_12.03.25_LS,TON,280,14694,244.9,376.3,387.1,42.6,20.4,0.1726,1
FernRidgeRd_TON_12.03.25_LS,TON,280,14695,244.91,380.9,387.7,39.8,19.4,0.6787,1
FernRidgeRd_TON_12.03.25_LS,TON,280,14696,244.93,385.1,387.4,42.1,19.8,0.1944,1
FernRidgeRd_TON_12.03.25_LS,TON,280,14697,244.95,389.4,386.6,40.6,19.6,0.21,1
FernRidgeRd_TON_12.03.25_LS,TON,280,14699,244.98,401.1,388.0,43.4,20.4,0.5873,1
FernRidgeRd_TON_12.03.25_LS,TON,280,14700,245.0,403.8,388.6,42.0,19.3,0.5785,1
FernRidgeRd_TON_12.03.25_LS,TON,280,14701,245.01,406.8,390.0,42.4,18.9,0.5064,1
FernRidgeRd_TON_12.03.25_LS,TON,280,14702,245.03,409.5,391.4,41.2,18.8,0.4204,1
FernRidgeRd_TON_12.03.25_LS,TON,280,14705,245.08,412.3,394.5,48.3,22.5,0.5858,1
FernRidgeRd_TON_12.03.25_LS,TON,280,14706,245.1,414.1,394.7,48.3,22.8,0.1538,1
FernRidgeRd_TON_12.03.25_LS,TON,285,14694,244.9,273.7,383.3,45.4,20.9,0.6167,1
FernRidgeRd_TON_12.03.25_LS,TON,285,14695,244.91,277.8,382.3,45.1,21.1,0.5284,1
FernRidgeRd_TON_12.03.25_LS,TON,285,14696,244.93,281.7,382.2,47.6,21.9,0.5754,1
FernRidgeRd_TON_12.03.25_LS,TON,285,14697,244.95,285.0,379.8,50.0,21.6,0.5006,1
FernRidgeRd_TON_12.03.25_LS,TON,285,14698,244.96,288.1,381.2,48.9,21.4,0.3951,1
FernRidgeRd_TON_12.03.25_LS,TON,285,14699,244.98,292.7,382.2,48.1,20.3,0.2439,1
FernRidgeRd_TON_12.03.25_LS,TON,285,14700,245.0,299.4,383.0,46.2,20.2,0.4001,1
FernRidgeRd_TON_12.03.25_LS,TON,285,14703,245.05,314.0,389.3,45.6,21.2,0.3549,1
FernRidgeRd_TON_12.03.25_LS,TON,285,14704,245.06,317.7,391.7,46.8,21.5,0.2493,1
FernRidgeRd_TON_12.03.25_LS,TON,285,14705,245.08,318.3,391.2,47.1,21.4,0.2003,1
FernRidgeRd_TON_12.03.25_LS,TON,285,14706,245.1,322.2,393.7,48.4,21.7,0.2921,1
FernRidgeRd_TON_12.03.25_LS,TON,285,14707,245.11,329.2,395.7,48.8,22.0,0.2897,1
FernRidgeRd_TON_12.03.25_LS,TON,285,14708,245.13,332.5,396.7,48.5,21.2,0.5183,1
FernRidgeRd_TON_12.03.25_LS,TON,285,14709,245.15,335.2,398.2,47.8,20.5,0.4486,1
FernRidgeRd_TON_12.03.25_LS,TON,285,14710,245.16,339.6,399.8,48.4,21.2,0.3195,1
FernRidgeRd_TON_12.03.25_LS,TON,285,14711,245.18,341.8,399.9,48.6,21.1,0.1206,1
FernRidgeRd_TON_12.03.25_LS,TON,285,14730,245.5,421.9,391.5,46.4,21.4,0.5605,1
FernRidgeRd_TON_12.03.25_LS,TON,285,14731,245.51,426.8,390.3,46.7,21.5,0.4616,1
FernRidgeRd_TON_12.03.25_LS,TON,285,14732,245.53,432.4,386.5,45.5,21.4,0.5131,1
FernRidgeRd_TON_12.03.25_LS,TON,285,14733,245.55,436.7,385.2,47.0,21.6,0.5739,1
FernRidgeRd_TON_12.03.25_LS,TON,285,14734,245.56,444.8,382.9,47.1,22.0,0.1226,1
FernRidgeRd_TON_12.03.25_LS,TON,285,14739,245.65,464.1,379.1,46.9,22.1,0.401,1
FernRidgeRd_TON_12.03.25_LS,TON,285,14740,245.66,468.3,376.9,46.5,21.3,0.2069,1
FernRidgeRd_TON_12.03.25_LS,TON,285,14747,245.78,491.7,381.7,41.9,19.5,0.3299,1
FernRidgeRd_TON_12.03.25_LS,TON,285,14748,245.8,496.1,381.5,46.7,21.1,0.5819,1
FernRidgeRd_TON_12.03.25_LS,TON,285,14749,245.81,496.5,381.1,45.8,21.1,0.2385,1
FernRidgeRd_TON_12.03.25_LS,TON,285,14752,245.86,513.8,387.8,45.2,21.4,0.566,1
FernRidgeRd_TON_12.03.25_LS,TON,285,14753,245.88,517.3,389.8,44.4,21.7,0.6492,1
FernRidgeRd_TON_12.03.25_LS,TON,285,14754,245.9,520.1,390.7,41.9,20.0,0.6224,1
FernRidgeRd_TON_12.03.25_LS,TON,285,14755,245.91,523.4,392.8,42.2,20.3,0.3674,1
FernRidgeRd_TON_12.03.25_LS,TON,285,14756,245.93,529.9,394.0,45.1,20.9,0.1306,1
FernRidgeRd_TON_12.03.25_LS,TON,285,14757,245.95,533.5,394.6,43.1,20.3,0.3429,1
FernRidgeRd_TON_12.03.25_LS,TON,292,15102,251.7,602.3,426.7,46.0,50.0,0.4858,0
FernRidgeRd_TON_12.03.25_LS,TON,292,15103,251.71,595.6,427.5,45.8,53.9,0.7198,0
FernRidgeRd_TON_12.03.25_LS,TON,292,15104,251.73,589.3,426.2,46.5,54.4,0.5735,0
FernRidgeRd_TON_12.03.25_LS,TON,313,18722,312.03,597.9,477.5,29.0,24.2,0.4736,0
FernRidgeRd_TON_12.03.25_LS,TON,313,18723,312.05,591.9,477.3,28.6,24.9,0.4194,0
FernRidgeRd_TON_12.03.25_LS,TON,313,18725,312.08,578.6,479.7,29.1,24.3,0.5254,0
FernRidgeRd_TON_12.03.25_LS,TON,317,18767,312.78,404.9,494.6,29.8,30.2,0.5441,0
FernRidgeRd_TON_12.03.25_LS,TON,317,18768,312.8,399.0,494.7,27.9,28.4,0.5538,0
FernRidgeRd_TON_12.03.25_LS,TON,317,18769,312.81,394.1,494.3,29.5,29.5,0.5779,0
FernRidgeRd_TON_12.03.25_LS,TON,317,18770,312.83,388.6,494.8,28.6,28.3,0.1455,0
FernRidgeRd_TON_12.03.25_LS,TON,329,19225,320.41,297.9,367.9,47.7,36.5,0.3707,0
FernRidgeRd_TON_12.03.25_LS,TON,329,19226,320.43,296.8,366.6,49.0,35.4,0.377,0
FernRidgeRd_TON_12.03.25_LS,TON,329,19227,320.45,295.2,364.2,49.6,34.6,0.2195,0
FernRidgeRd_TON_12.03.25_LS,TON,361,22026,367.09,612.5,373.6,26.0,22.8,0.4986,0
FernRidgeRd_TON_12.03.25_LS,TON,361,22027,367.11,610.6,374.1,26.5,22.7,0.5535,0
FernRidgeRd_TON_12.03.25_LS,TON,361,22028,367.13,605.9,373.2,28.6,24.9,0.1689,0
FernRidgeRd_TON_12.03.25_LS,TON,372,22383,373.04,386.4,349.5,34.3,34.2,0.4939,0
FernRidgeRd_TON_12.03.25_LS,TON,372,22384,373.06,383.0,351.4,33.1,32.7,0.5469,0
FernRidgeRd_TON_12.03.25_LS,TON,372,22386,373.09,369.8,352.4,36.5,37.5,0.3993,0
FernRidgeRd_TON_12.03.25_LS,TON,372,22387,373.11,364.9,354.4,36.8,36.7,0.533,0
FernRidgeRd_TON_12.03.25_LS,TON,372,22388,373.13,359.5,355.0,36.1,34.3,0.5703,0
FernRidgeRd_TON_12.03.25_LS,TON,372,22389,373.14,353.7,353.6,34.0,33.3,0.4765,0
FernRidgeRd_TON_12.03.25_LS,TON,372,22390,373.16,347.0,357.4,34.1,33.2,0.3825,0
FernRidgeRd_TON_12.03.25_LS,TON,389,22999,383.31,321.2,355.8,46.7,35.6,0.6217,1
FernRidgeRd_TON_12.03.25_LS,TON,389,23000,383.33,316.1,357.5,49.4,37.3,0.2064,1
FernRidgeRd_TON_12.03.25_LS,TON,389,23001,383.34,312.2,359.6,41.3,35.5,0.107,1
FernRidgeRd_TON_12.03.25_LS,TON,389,23006,383.43,294.4,358.4,43.8,34.1,0.3302,1
FernRidgeRd_TON_12.03.25_LS,TON,389,23007,383.44,291.2,358.0,46.8,34.9,0.524,1
FernRidgeRd_TON_12.03.25_LS,TON,389,23008,383.46,285.3,358.7,45.5,33.7,0.4171,1
FernRidgeRd_TON_12.03.25_LS,TON,389,23009,383.48,280.2,359.6,46.3,33.6,0.3393,1
FernRidgeRd_TON_12.03.25_LS,TON,389,23017,383.61,255.5,362.6,41.0,31.7,0.508,1
FernRidgeRd_TON_12.03.25_LS,TON,389,23018,383.63,250.4,363.2,42.5,32.1,0.6274,1
FernRidgeRd_TON_12.03.25_LS,TON,389,23019,383.64,246.1,363.3,48.1,33.8,0.6152,1
FernRidgeRd_TON_12.03.25_LS,TON,389,23020,383.66,242.1,362.4,49.6,37.2,0.3679,1
FernRidgeRd_TON_12.03.25_LS,TON,389,23021,383.68,237.2,364.3,46.6,37.6,0.2637,1
FernRidgeRd_TON_12.03.25_LS,TON,395,23094,384.89,51.7,355.9,39.4,34.5,0.5541,0
FernRidgeRd_TON_12.03.25_LS,TON,395,23095,384.91,44.6,354.9,44.5,33.5,0.1684,0
FernRidgeRd_TON_12.03.25_LS,TON,395,23096,384.93,35.5,353.1,49.3,33.2,0.4545,0
FernRidgeRd_TON_12.03.25_LS,TON,395,23097,384.94,24.8,352.1,47.5,33.6,0.3208,0
FernRidgeRd_TON_12.03.25_LS,TON,395,23098,384.96,16.4,349.8,32.7,33.4,0.1643,0
FernRidgeRd_TON_12.03.25_LS,TON,396,23137,385.61,250.5,301.8,40.4,38.3,0.5576,1
FernRidgeRd_TON_12.03.25_LS,TON,396,23138,385.63,242.4,303.7,39.9,35.4,0.5836,1
FernRidgeRd_TON_12.03.25_LS,TON,396,23139,385.64,232.6,302.9,41.9,36.1,0.4551,1
FernRidgeRd_TON_12.03.25_LS,TON,396,23140,385.66,223.1,300.8,43.0,35.4,0.4847,1
FernRidgeRd_TON_12.03.25_LS,TON,396,23141,385.68,214.8,299.4,40.6,30.9,0.5574,1
FernRidgeRd_TON_12.03.25_LS,TON,396,23142,385.69,205.3,299.1,41.1,30.4,0.5042,1
FernRidgeRd_TON_12.03.25_LS,TON,396,23143,385.71,196.7,297.5,42.9,31.2,0.55,1
FernRidgeRd_TON_12.03.25_LS,TON,396,23144,385.73,187.8,297.1,42.9,31.0,0.5715,1
FernRidgeRd_TON_12.03.25_LS,TON,396,23145,385.74,179.7,295.9,42.1,30.6,0.626,1
FernRidgeRd_TON_12.03.25_LS,TON,396,23146,385.76,170.8,294.3,44.6,30.6,0.6324,1
FernRidgeRd_TON_12.03.25_LS,TON,396,23147,385.78,162.1,294.7,43.0,32.1,0.6243,1
FernRidgeRd_TON_12.03.25_LS,TON,396,23148,385.79,154.1,293.9,43.8,34.2,0.6317,1
FernRidgeRd_TON_12.03.25_LS,TON,396,23149,385.81,145.4,292.9,44.3,34.9,0.6354,1
FernRidgeRd_TON_12.03.25_LS,TON,396,23150,385.83,136.7,291.7,44.6,34.9,0.5987,1
FernRidgeRd_TON_12.03.25_LS,TON,396,23151,385.84,129.2,290.8,43.8,34.9,0.6251,1
FernRidgeRd_TON_12.03.25_LS,TON,396,23152,385.86,119.3,289.6,43.6,33.7,0.6139,1
FernRidgeRd_TON_12.03.25_LS,TON,396,23153,385.88,110.1,289.1,42.6,32.4,0.603,1
FernRidgeRd_TON_12.03.25_LS,TON,396,23154,385.89,102.0,288.5,41.4,31.1,0.6315,1
FernRidgeRd_TON_12.03.25_LS,TON,396,23155,385.91,95.1,287.5,43.3,31.3,0.6019,1
FernRidgeRd_TON_12.03.25_LS,TON,396,23156,385.93,86.4,286.8,43.2,31.5,0.5815,1
FernRidgeRd_TON_12.03.25_LS,TON,396,23157,385.94,78.6,285.8,45.4,34.3,0.4104,1
FernRidgeRd_TON_12.03.25_LS,TON,396,23158,385.96,71.7,284.9,43.7,34.8,0.4665,1
FernRidgeRd_TON_12.03.25_LS,TON,396,23160,385.99,54.4,284.5,45.4,34.6,0.464,1
FernRidgeRd_TON_12.03.25_LS,TON,396,23161,386.01,46.8,284.5,43.9,33.9,0.6214,1
FernRidgeRd_TON_12.03.25_LS,TON,396,23162,386.03,39.6,285.7,44.3,32.7,0.6101,1
FernRidgeRd_TON_12.03.25_LS,TON,396,23163,386.04,31.3,285.7,41.5,33.3,0.7053,1
FernRidgeRd_TON_12.03.25_LS,TON,396,23164,386.06,25.5,284.8,44.5,33.1,0.5991,1
FernRidgeRd_TON_12.03.25_LS,TON,396,23165,386.08,18.3,286.9,36.7,32.2,0.4114,1
FernRidgeRd_TON_12.03.25_LS,TON,396,23166,386.09,13.6,288.0,27.2,30.4,0.4635,1
FernRidgeRd_TON_12.03.25_LS,TON,396,23167,386.11,9.3,290.1,18.6,30.7,0.2394,1
FernRidgeRd_TON_12.03.25_LS,TON,398,23322,388.69,184.5,468.1,19.5,17.2,0.4256,0
FernRidgeRd_TON_12.03.25_LS,TON,398,23323,388.71,184.0,467.8,19.5,16.4,0.3257,0
FernRidgeRd_TON_12.03.25_LS,TON,398,23324,388.73,182.5,466.8,20.3,17.5,0.3796,0
FernRidgeRd_TON_12.03.25_LS,TON,398,23325,388.74,182.9,465.7,21.0,18.4,0.1092,0
FernRidgeRd_TON_12.03.25_LS,TON,404,24758,412.63,129.2,216.1,44.3,40.6,0.452,0
FernRidgeRd_TON_12.03.25_LS,TON,404,24759,412.64,129.9,216.8,44.5,39.5,0.5281,0
FernRidgeRd_TON_12.03.25_LS,TON,404,24760,412.66,138.0,218.6,50.0,41.1,0.4273,0
FernRidgeRd_TON_12.03.25_LS,TON,404,24761,412.68,142.2,218.1,53.7,40.9,0.4436,0
FernRidgeRd_TON_12.03.25_LS,TON,404,24762,412.69,149.3,219.2,51.5,39.2,0.6463,0
FernRidgeRd_TON_12.03.25_LS,TON,404,24763,412.71,155.3,220.2,51.0,37.8,0.6587,0
FernRidgeRd_TON_12.03.25_LS,TON,404,24764,412.73,158.7,221.7,48.8,37.2,0.6813,0
FernRidgeRd_TON_12.03.25_LS,TON,404,24765,412.74,163.6,221.2,43.6,37.6,0.6669,0
FernRidgeRd_TON_12.03.25_LS,TON,404,24766,412.76,168.1,221.4,42.1,37.9,0.6796,0
FernRidgeRd_TON_12.03.25_LS,TON,404,24767,412.78,172.1,221.2,40.6,37.3,0.6687,0
FernRidgeRd_TON_12.03.25_LS,TON,404,24768,412.79,176.5,220.1,40.4,38.6,0.6678,0
FernRidgeRd_TON_12.03.25_LS,TON,404,24769,412.81,180.1,220.8,40.0,37.5,0.7126,0
FernRidgeRd_TON_12.03.25_LS,TON,404,24770,412.83,182.9,220.1,38.8,35.7,0.6668,0
FernRidgeRd_TON_12.03.25_LS,TON,404,24771,412.84,186.8,218.2,39.7,37.6,0.5487,0
FernRidgeRd_TON_12.03.25_LS,TON,404,24772,412.86,191.3,217.1,39.4,37.0,0.5242,0
FernRidgeRd_TON_12.03.25_LS,TON,404,24773,412.88,194.4,218.3,43.3,37.5,0.2202,0
FernRidgeRd_TON_12.03.25_LS,TON,410,24888,414.79,223.8,502.4,25.3,19.2,0.3786,0
FernRidgeRd_TON_12.03.25_LS,TON,410,24889,414.81,222.4,502.0,26.1,19.9,0.1225,0
FernRidgeRd_TON_12.03.25_LS,TON,410,24890,414.83,218.6,502.9,26.9,18.1,0.1322,0
FernRidgeRd_TON_12.03.25_LS,TON,410,24891,414.84,216.2,503.0,28.9,17.8,0.1792,0
FernRidgeRd_TON_12.03.25_LS,TON,425,25312,421.86,189.3,163.2,35.4,26.6,0.5669,0
FernRidgeRd_TON_12.03.25_LS,TON,425,25313,421.88,182.9,163.3,32.7,25.9,0.45,0
FernRidgeRd_TON_12.03.25_LS,TON,425,25314,421.89,178.5,164.9,29.7,28.3,0.5591,0
FernRidgeRd_TON_12.03.25_LS,TON,425,25315,421.91,173.8,164.6,29.0,27.3,0.144,0
FernRidgeRd_TON_12.03.25_LS,TON,449,27537,458.94,510.8,259.0,37.0,17.5,0.437,0
FernRidgeRd_TON_12.03.25_LS,TON,449,27538,458.96,504.2,257.5,36.8,18.4,0.4749,0
FernRidgeRd_TON_12.03.25_LS,TON,449,27539,458.98,494.7,255.5,36.1,18.4,0.4542,0
FernRidgeRd_TON_12.03.25_LS,TON,449,27540,458.99,486.3,255.5,34.7,17.3,0.386,0
FernRidgeRd_TON_12.03.25_LS,TON,449,27541,459.01,482.1,253.7,35.0,16.9,0.5457,0
FernRidgeRd_TON_12.03.25_LS,TON,449,27542,459.03,471.5,251.6,36.1,16.7,0.3832,0
FernRidgeRd_TON_12.03.25_LS,TON,455,27962,466.03,615.9,271.9,32.3,23.4,0.5338,0
FernRidgeRd_TON_12.03.25_LS,TON,455,27963,466.04,607.2,268.3,32.2,21.2,0.5283,0
FernRidgeRd_TON_12.03.25_LS,TON,455,27964,466.06,597.5,264.9,35.6,27.5,0.3495,0
FernRidgeRd_TON_12.03.25_LS,TON,456,27986,466.43,455.2,134.0,26.2,20.2,0.5358,0
FernRidgeRd_TON_12.03.25_LS,TON,456,27987,466.44,450.5,135.5,28.1,21.1,0.3997,0
FernRidgeRd_TON_12.03.25_LS,TON,456,27990,466.49,433.0,139.7,29.3,24.7,0.3581,0
FernRidgeRd_TON_12.03.25_LS,TON,456,27991,466.51,425.7,141.7,29.4,24.9,0.5597,0
FernRidgeRd_TON_12.03.25_LS,TON,456,27992,466.53,420.1,143.6,29.3,24.7,0.5457,0
FernRidgeRd_TON_12.03.25_LS,TON,456,27993,466.54,412.6,145.9,30.4,25.6,0.4312,0
FernRidgeRd_TON_12.03.25_LS,TON,456,27994,466.56,408.4,146.1,28.3,23.1,0.412,0
FernRidgeRd_TON_12.03.25_LS,TON,462,28026,467.09,307.5,138.6,27.6,22.2,0.6269,1
FernRidgeRd_TON_12.03.25_LS,TON,462,28027,467.11,305.0,136.8,27.2,21.6,0.6179,1
FernRidgeRd_TON_12.03.25_LS,TON,462,28028,467.13,303.4,134.2,27.4,20.3,0.5884,1
FernRidgeRd_TON_12.03.25_LS,TON,462,28029,467.14,301.4,132.5,29.2,20.8,0.5203,1
FernRidgeRd_TON_12.03.25_LS,TON,462,28030,467.16,300.9,130.0,28.9,21.2,0.4337,1
FernRidgeRd_TON_12.03.25_LS,TON,462,28031,467.18,299.5,127.0,27.6,20.5,0.4405,1
FernRidgeRd_TON_12.03.25_LS,TON,462,28032,467.19,297.8,123.8,28.2,20.9,0.3516,1
FernRidgeRd_TON_12.03.25_LS,TON,462,28033,467.21,296.1,121.5,27.6,20.7,0.4022,1
FernRidgeRd_TON_12.03.25_LS,TON,462,28034,467.23,293.9,119.7,27.2,19.7,0.1044,1
FernRidgeRd_TON_12.03.25_LS,TON,462,28035,467.24,291.4,119.2,26.4,18.2,0.2621,1
FernRidgeRd_TON_12.03.25_LS,TON,462,28036,467.26,289.2,118.0,27.4,18.4,0.3688,1
FernRidgeRd_TON_12.03.25_LS,TON,462,28037,467.28,286.6,117.7,27.0,18.7,0.4049,1
FernRidgeRd_TON_12.03.25_LS,TON,462,28038,467.29,284.8,119.5,26.8,19.4,0.4845,1
FernRidgeRd_TON_12.03.25_LS,TON,462,28039,467.31,284.0,120.4,28.1,21.0,0.4483,1
FernRidgeRd_TON_12.03.25_LS,TON,462,28040,467.33,281.9,120.6,29.7,23.4,0.4717,1
FernRidgeRd_TON_12.03.25_LS,TON,462,28044,467.39,277.0,122.6,27.8,22.5,0.4304,1
FernRidgeRd_TON_12.03.25_LS,TON,462,28045,467.41,276.2,120.1,28.6,23.4,0.1099,1
FernRidgeRd_TON_12.03.25_LS,TON,462,28046,467.43,277.1,120.6,28.3,20.5,0.2408,1
FernRidgeRd_TON_12.03.25_LS,TON,462,28051,467.51,271.4,118.2,28.1,23.4,0.6153,1
FernRidgeRd_TON_12.03.25_LS,TON,462,28052,467.53,270.7,118.5,28.7,24.0,0.66,1
FernRidgeRd_TON_12.03.25_LS,TON,462,28053,467.54,267.6,117.6,30.3,25.7,0.6065,1
FernRidgeRd_TON_12.03.25_LS,TON,462,28054,467.56,263.2,116.6,29.3,27.9,0.6779,1
FernRidgeRd_TON_12.03.25_LS,TON,462,28055,467.58,263.8,114.9,33.0,29.1,0.4494,1
FernRidgeRd_TON_12.03.25_LS,TON,462,28060,467.66,263.8,102.1,28.4,19.9,0.5213,1
FernRidgeRd_TON_12.03.25_LS,TON,462,28062,467.69,260.1,100.5,26.6,25.1,0.585,1
FernRidgeRd_TON_12.03.25_LS,TON,462,28063,467.71,256.6,99.3,26.7,21.7,0.3831,1
FernRidgeRd_TON_12.03.25_LS,TON,462,28064,467.73,254.5,99.3,27.9,19.7,0.1093,1
FernRidgeRd_TON_12.03.25_LS,TON,467,28101,468.34,117.5,79.1,24.0,19.5,0.4272,0
FernRidgeRd_TON_12.03.25_LS,TON,467,28102,468.36,112.0,81.8,24.0,21.1,0.39,0
FernRidgeRd_TON_12.03.25_LS,TON,467,28103,468.38,107.4,81.4,24.2,19.2,0.3262,0
FernRidgeRd_TON_12.03.25_LS,TON,467,28104,468.39,102.1,83.0,23.7,20.0,0.4057,0
FernRidgeRd_TON_12.03.25_LS,TON,467,28105,468.41,98.5,85.7,24.4,22.0,0.5707,0
FernRidgeRd_TON_12.03.25_LS,TON,467,28106,468.43,92.8,85.7,25.1,19.6,0.3214,0
FernRidgeRd_TON_12.03.25_LS,TON,467,28107,468.44,89.8,86.8,23.1,21.7,0.2215,0
FernRidgeRd_TON_12.03.25_LS,TON,467,28109,468.48,82.4,84.1,20.4,20.5,0.5133,0
FernRidgeRd_TON_12.03.25_LS,TON,467,28110,468.49,78.9,84.1,21.8,20.2,0.3782,0
FernRidgeRd_TON_12.03.25_LS,TON,481,29380,489.66,45.1,347.6,29.4,19.8,0.5295,0
FernRidgeRd_TON_12.03.25_LS,TON,481,29381,489.68,40.4,346.7,29.2,18.2,0.3283,0
FernRidgeRd_TON_12.03.25_LS,TON,481,29382,489.69,35.9,345.4,29.5,18.3,0.5837,0
FernRidgeRd_TON_12.03.25_LS,TON,481,29383,489.71,30.2,343.7,29.9,19.1,0.6425,0
FernRidgeRd_TON_12.03.25_LS,TON,481,29384,489.73,24.4,342.4,29.2,19.1,0.1688,0
FernRidgeRd_TON_12.03.25_LS,TON,481,29385,489.74,18.2,340.5,28.6,19.9,0.2249,0
FernRidgeRd_TON_12.03.25_LS,TON,481,29386,489.76,13.2,339.7,26.3,20.1,0.1386,0
FernRidgeRd_TON_12.03.25_LS,TON,481,29387,489.78,10.6,336.8,21.2,19.1,0.1485,0
FernRidgeRd_TON_12.03.25_LS,TON,487,30560,509.33,367.4,115.1,42.3,43.9,0.6155,0
FernRidgeRd_TON_12.03.25_LS,TON,487,30561,509.34,355.4,114.3,40.2,42.5,0.6284,0
FernRidgeRd_TON_12.03.25_LS,TON,487,30562,509.36,346.3,111.7,42.9,40.2,0.2264,0
FernRidgeRd_TON_12.03.25_LS,TON,487,30563,509.38,334.7,113.1,40.2,38.1,0.5144,0
FernRidgeRd_TON_12.03.25_LS,TON,487,30564,509.39,325.4,111.7,41.2,40.5,0.4609,0
FernRidgeRd_TON_12.03.25_LS,TON,487,30565,509.41,315.9,109.0,44.2,42.5,0.3887,0
FernRidgeRd_TON_12.03.25_LS,TON,491,30636,510.59,598.9,228.1,19.3,14.2,0.4374,1
FernRidgeRd_TON_12.03.25_LS,TON,491,30637,510.61,593.3,227.4,20.9,15.4,0.3787,1
FernRidgeRd_TON_12.03.25_LS,TON,491,30638,510.63,587.3,225.5,22.5,16.6,0.4267,1
FernRidgeRd_TON_12.03.25_LS,TON,491,30639,510.64,581.0,225.6,23.0,16.7,0.474,1
FernRidgeRd_TON_12.03.25_LS,TON,491,30640,510.66,576.2,224.8,23.4,17.1,0.5211,1
FernRidgeRd_TON_12.03.25_LS,TON,491,30641,510.68,571.1,221.8,23.0,16.6,0.4916,1
FernRidgeRd_TON_12.03.25_LS,TON,491,30642,510.69,564.8,223.2,22.1,16.2,0.4536,1
FernRidgeRd_TON_12.03.25_LS,TON,491,30643,510.71,559.9,223.1,21.8,16.1,0.497,1
FernRidgeRd_TON_12.03.25_LS,TON,491,30644,510.73,555.2,221.5,21.6,16.1,0.5159,1
FernRidgeRd_TON_12.03.25_LS,TON,491,30645,510.74,549.0,223.3,21.5,15.8,0.5205,1
FernRidgeRd_TON_12.03.25_LS,TON,491,30646,510.76,544.3,222.8,21.5,16.2,0.3912,1
FernRidgeRd_TON_12.03.25_LS,TON,491,30647,510.78,539.6,221.2,21.4,16.2,0.4542,1
FernRidgeRd_TON_12.03.25_LS,TON,491,30648,510.79,535.4,221.8,21.1,16.2,0.4812,1
FernRidgeRd_TON_12.03.25_LS,TON,491,30649,510.81,530.8,220.1,21.7,16.8,0.5368,1
FernRidgeRd_TON_12.03.25_LS,TON,491,30650,510.83,527.4,219.6,22.0,16.5,0.5368,1
FernRidgeRd_TON_12.03.25_LS,TON,491,30651,510.84,522.7,219.2,22.1,16.6,0.5363,1
FernRidgeRd_TON_12.03.25_LS,TON,491,30652,510.86,518.1,217.0,22.3,16.9,0.4178,1
FernRidgeRd_TON_12.03.25_LS,TON,491,30653,510.88,515.8,213.5,22.5,17.7,0.414,1
FernRidgeRd_TON_12.03.25_LS,TON,491,30654,510.89,512.4,212.6,22.7,18.0,0.4614,1
FernRidgeRd_TON_12.03.25_LS,TON,491,30655,510.91,508.2,209.2,24.5,19.4,0.4807,1
FernRidgeRd_TON_12.03.25_LS,TON,491,30656,510.93,505.0,207.0,24.2,19.4,0.444,1
FernRidgeRd_TON_12.03.25_LS,TON,491,30657,510.94,498.2,204.6,22.1,19.0,0.4785,1
FernRidgeRd_TON_12.03.25_LS,TON,491,30658,510.96,494.3,201.6,22.6,19.0,0.5375,1
FernRidgeRd_TON_12.03.25_LS,TON,491,30659,510.98,490.1,200.0,22.5,18.4,0.4818,1
FernRidgeRd_TON_12.03.25_LS,TON,491,30660,510.99,485.9,196.8,21.3,17.2,0.5053,1
FernRidgeRd_TON_12.03.25_LS,TON,491,30661,511.01,482.3,194.9,21.2,17.3,0.5408,1
FernRidgeRd_TON_12.03.25_LS,TON,491,30662,511.03,476.4,192.7,20.5,16.3,0.4841,1
FernRidgeRd_TON_12.03.25_LS,TON,491,30663,511.04,472.6,188.5,21.1,17.1,0.4657,1
FernRidgeRd_TON_12.03.25_LS,TON,491,30664,511.06,469.0,187.7,22.4,17.7,0.5176,1
FernRidgeRd_TON_12.03.25_LS,TON,491,30665,511.08,463.2,186.1,22.4,17.4,0.4484,1
FernRidgeRd_TON_12.03.25_LS,TON,491,30666,511.09,459.0,182.0,22.8,17.5,0.3891,1
FernRidgeRd_TON_12.03.25_LS,TON,491,30667,511.11,455.4,179.1,23.1,17.0,0.353,1
FernRidgeRd_TON_12.03.25_LS,TON,491,30668,511.13,449.0,178.1,21.8,16.8,0.466,1
FernRidgeRd_TON_12.03.25_LS,TON,491,30669,511.14,444.4,173.7,22.7,17.5,0.4642,1
FernRidgeRd_TON_12.03.25_LS,TON,491,30670,511.16,440.3,169.6,23.7,18.5,0.4983,1
FernRidgeRd_TON_12.03.25_LS,TON,491,30671,511.18,434.2,168.6,23.0,18.1,0.5233,1
FernRidgeRd_TON_12.03.25_LS,TON,491,30672,511.19,430.5,164.3,22.3,17.4,0.4584,1
FernRidgeRd_TON_12.03.25_LS,TON,491,30673,511.21,428.0,161.5,22.0,16.4,0.4076,1
FernRidgeRd_TON_12.03.25_LS,TON,491,30674,511.23,422.8,160.1,21.0,16.3,0.5646,1
FernRidgeRd_TON_12.03.25_LS,TON,491,30675,511.24,418.9,155.9,21.0,16.5,0.5535,1
FernRidgeRd_TON_12.03.25_LS,TON,491,30676,511.26,415.4,154.6,21.2,15.8,0.4961,1
FernRidgeRd_TON_12.03.25_LS,TON,491,30677,511.28,411.8,150.7,21.6,16.3,0.4672,1
FernRidgeRd_TON_12.03.25_LS,TON,491,30678,511.29,408.7,148.1,21.1,16.0,0.2932,1
FernRidgeRd_TON_12.03.25_LS,TON,491,30679,511.31,404.2,148.0,20.5,15.8,0.4019,1
FernRidgeRd_TON_12.03.25_LS,TON,491,30680,511.33,400.6,147.5,20.6,15.8,0.3206,1
FernRidgeRd_TON_12.03.25_LS,TON,491,30681,511.34,396.1,143.0,20.6,15.7,0.3726,1
FernRidgeRd_TON_12.03.25_LS,TON,491,30682,511.36,393.4,141.1,21.1,16.1,0.3836,1
FernRidgeRd_TON_12.03.25_LS,TON,491,30683,511.38,389.7,139.6,20.6,15.8,0.5081,1
FernRidgeRd_TON_12.03.25_LS,TON,491,30684,511.39,386.3,137.7,20.5,15.5,0.4967,1
FernRidgeRd_TON_12.03.25_LS,TON,491,30685,511.41,383.6,137.5,20.5,14.9,0.617,1
FernRidgeRd_TON_12.03.25_LS,TON,491,30686,511.43,380.1,135.9,20.1,14.7,0.5988,1
FernRidgeRd_TON_12.03.25_LS,TON,491,30687,511.44,376.5,133.6,19.7,14.9,0.5766,1
FernRidgeRd_TON_12.03.25_LS,TON,491,30688,511.46,372.1,131.8,19.5,14.8,0.5355,1
FernRidgeRd_TON_12.03.25_LS,TON,491,30689,511.48,367.9,132.8,19.9,15.4,0.5847,1
FernRidgeRd_TON_12.03.25_LS,TON,491,30690,511.49,364.9,131.0,20.3,15.6,0.5787,1
FernRidgeRd_TON_12.03.25_LS,TON,491,30691,511.51,360.0,131.4,20.0,16.0,0.6219,1
FernRidgeRd_TON_12.03.25_LS,TON,491,30692,511.53,356.0,130.6,19.8,16.1,0.5723,1
FernRidgeRd_TON_12.03.25_LS,TON,491,30693,511.54,352.4,129.6,20.8,16.6,0.636,1
FernRidgeRd_TON_12.03.25_LS,TON,491,30694,511.56,348.5,127.1,21.1,16.5,0.5934,1
FernRidgeRd_TON_12.03.25_LS,TON,491,30695,511.58,344.5,125.5,20.9,16.0,0.5867,1
FernRidgeRd_TON_12.03.25_LS,TON,491,30696,511.59,341.0,125.5,21.9,16.1,0.5957,1
FernRidgeRd_TON_12.03.25_LS,TON,491,30697,511.61,335.7,125.4,21.6,16.0,0.5592,1
FernRidgeRd_TON_12.03.25_LS,TON,491,30698,511.63,333.0,124.8,22.0,16.4,0.5217,1
FernRidgeRd_TON_12.03.25_LS,TON,491,30699,511.64,329.2,124.3,21.9,16.7,0.5333,1
FernRidgeRd_TON_12.03.25_LS,TON,491,30700,511.66,324.4,122.9,21.6,17.6,0.4486,1
FernRidgeRd_TON_12.03.25_LS,TON,491,30701,511.68,320.6,122.2,22.2,19.3,0.2281,1
FernRidgeRd_TON_12.03.25_LS,TON,491,30702,511.69,319.1,121.8,21.4,19.6,0.4235,1
FernRidgeRd_TON_12.03.25_LS,TON,491,30703,511.71,315.8,118.6,21.0,19.2,0.5381,1
FernRidgeRd_TON_12.03.25_LS,TON,491,30704,511.73,313.2,117.6,21.1,18.9,0.5321,1
FernRidgeRd_TON_12.03.25_LS,TON,491,30705,511.74,308.9,117.1,20.4,17.1,0.5178,1
FernRidgeRd_TON_12.03.25_LS,TON,491,30706,511.76,305.6,114.3,21.4,17.6,0.5375,1
FernRidgeRd_TON_12.03.25_LS,TON,491,30707,511.78,302.3,114.3,21.9,17.8,0.5449,1
FernRidgeRd_TON_12.03.25_LS,TON,491,30708,511.79,297.3,112.5,21.4,17.3,0.5224,1
FernRidgeRd_TON_12.03.25_LS,TON,491,30709,511.81,294.9,110.3,21.4,16.6,0.4916,1
FernRidgeRd_TON_12.03.25_LS,TON,491,30710,511.83,292.0,109.6,21.4,16.1,0.5503,1
FernRidgeRd_TON_12.03.25_LS,TON,491,30711,511.84,288.8,108.3,20.4,15.4,0.5427,1
FernRidgeRd_TON_12.03.25_LS,TON,491,30712,511.86,285.7,106.9,20.7,15.8,0.5623,1
FernRidgeRd_TON_12.03.25_LS,TON,491,30713,511.88,283.6,105.6,20.2,15.4,0.2973,1
FernRidgeRd_TON_12.03.25_LS,TON,491,30717,511.94,272.5,102.5,21.9,17.3,0.5419,1
FernRidgeRd_TON_12.03.25_LS,TON,491,30718,511.96,268.7,101.1,21.7,16.9,0.5415,1
FernRidgeRd_TON_12.03.25_LS,TON,491,30719,511.98,264.6,100.8,21.8,16.8,0.5323,1
FernRidgeRd_TON_12.03.25_LS,TON,491,30720,511.99,259.3,99.2,21.0,16.2,0.5127,1
FernRidgeRd_TON_12.03.25_LS,TON,491,30721,512.01,256.7,97.6,20.6,15.9,0.4973,1
FernRidgeRd_TON_12.03.25_LS,TON,491,30724,512.06,246.8,91.8,21.0,16.1,0.4764,1
FernRidgeRd_TON_12.03.25_LS,TON,491,30725,512.08,244.5,89.5,21.7,16.8,0.3819,1
FernRidgeRd_TON_12.03.25_LS,TON,491,30726,512.09,241.5,87.3,23.5,18.9,0.2366,1
FernRidgeRd_TON_12.03.25_LS,TON,491,30727,512.11,238.9,85.9,22.4,19.0,0.2049,1
FernRidgeRd_TON_12.03.25_LS,TON,491,30731,512.18,226.6,81.5,22.2,18.1,0.4614,1
FernRidgeRd_TON_12.03.25_LS,TON,491,30732,512.19,222.8,79.1,21.3,17.5,0.4909,1
FernRidgeRd_TON_12.03.25_LS,TON,491,30733,512.21,220.3,78.5,21.4,17.2,0.5091,1
FernRidgeRd_TON_12.03.25_LS,TON,491,30734,512.23,216.6,77.0,22.3,17.3,0.4753,1
FernRidgeRd_TON_12.03.25_LS,TON,491,30735,512.24,214.1,75.3,22.7,17.6,0.5384,1
FernRidgeRd_TON_12.03.25_LS,TON,491,30736,512.26,212.2,75.3,23.2,17.6,0.5539,1
FernRidgeRd_TON_12.03.25_LS,TON,491,30737,512.28,209.3,74.6,23.1,17.3,0.5625,1
FernRidgeRd_TON_12.03.25_LS,TON,491,30738,512.29,206.6,73.3,23.1,17.1,0.5431,1
FernRidgeRd_TON_12.03.25_LS,TON,491,30739,512.31,204.4,73.1,22.2,16.4,0.5678,1
FernRidgeRd_TON_12.03.25_LS,TON,491,30740,512.33,202.9,71.4,21.5,16.2,0.5438,1
FernRidgeRd_TON_12.03.25_LS,TON,491,30741,512.34,201.0,70.3,21.4,16.2,0.5953,1
FernRidgeRd_TON_12.03.25_LS,TON,491,30742,512.36,198.8,69.8,21.4,15.9,0.5589,1
FernRidgeRd_TON_12.03.25_LS,TON,491,30743,512.38,195.5,68.7,21.2,16.0,0.5042,1
FernRidgeRd_TON_12.03.25_LS,TON,491,30744,512.39,193.9,69.1,21.8,16.3,0.5345,1
FernRidgeRd_TON_12.03.25_LS,TON,491,30745,512.41,191.9,69.5,21.8,16.3,0.5262,1
FernRidgeRd_TON_12.03.25_LS,TON,491,30746,512.43,189.9,69.3,22.2,16.6,0.5785,1
FernRidgeRd_TON_12.03.25_LS,TON,491,30747,512.44,187.5,70.0,21.3,16.3,0.5199,1
FernRidgeRd_TON_12.03.25_LS,TON,491,30748,512.46,185.0,71.9,20.3,15.4,0.3382,1
FernRidgeRd_TON_12.03.25_LS,TON,491,30749,512.48,182.3,72.4,19.0,14.3,0.4067,1
FernRidgeRd_TON_12.03.25_LS,TON,491,30750,512.49,179.7,75.2,18.8,14.4,0.4664,1
FernRidgeRd_TON_12.03.25_LS,TON,491,30751,512.51,177.4,77.8,19.9,15.1,0.3709,1
FernRidgeRd_TON_12.03.25_LS,TON,491,30752,512.53,175.6,80.2,21.0,16.0,0.3819,1
FernRidgeRd_TON_12.03.25_LS,TON,491,30753,512.54,172.3,84.5,21.2,16.7,0.4346,1
FernRidgeRd_TON_12.03.25_LS,TON,491,30754,512.56,170.6,86.6,20.9,16.8,0.5801,1
FernRidgeRd_TON_12.03.25_LS,TON,491,30755,512.58,169.2,88.7,21.1,16.5,0.5134,1
FernRidgeRd_TON_12.03.25_LS,TON,491,30756,512.59,168.4,91.1,21.6,16.7,0.5286,1
FernRidgeRd_TON_12.03.25_LS,TON,491,30757,512.61,166.6,92.9,21.9,17.1,0.4053,1
FernRidgeRd_TON_12.03.25_LS,TON,491,30758,512.63,164.5,94.9,21.3,17.0,0.5297,1
FernRidgeRd_TON_12.03.25_LS,TON,491,30759,512.64,162.5,95.4,20.2,16.8,0.5229,1
FernRidgeRd_TON_12.03.25_LS,TON,493,30768,512.79,156.9,99.0,20.5,15.8,0.5267,0
FernRidgeRd_TON_12.03.25_LS,TON,493,30769,512.81,157.4,97.9,21.6,16.2,0.4776,0
FernRidgeRd_TON_12.03.25_LS,TON,493,30770,512.83,157.5,97.7,22.3,16.6,0.4884,0
FernRidgeRd_TON_12.03.25_LS,TON,493,30771,512.84,156.8,95.1,22.3,17.0,0.5015,0
FernRidgeRd_TON_12.03.25_LS,TON,493,30772,512.86,157.0,94.2,21.3,16.2,0.5426,0
FernRidgeRd_TON_12.03.25_LS,TON,493,30773,512.88,157.8,91.6,21.1,15.6,0.5095,0
FernRidgeRd_TON_12.03.25_LS,TON,493,30774,512.89,158.1,90.3,22.2,16.2,0.4944,0
FernRidgeRd_TON_12.03.25_LS,TON,493,30775,512.91,158.4,87.8,23.0,16.6,0.5217,0
FernRidgeRd_TON_12.03.25_LS,TON,493,30776,512.93,159.1,85.7,23.7,16.9,0.4902,0
FernRidgeRd_TON_12.03.25_LS,TON,493,30777,512.94,159.7,80.7,24.5,17.8,0.4466,0
FernRidgeRd_TON_12.03.25_LS,TON,493,30778,512.96,161.0,78.1,24.6,18.1,0.4218,0
FernRidgeRd_TON_12.03.25_LS,TON,493,30779,512.98,162.2,75.0,23.3,17.3,0.5081,0
FernRidgeRd_TON_12.03.25_LS,TON,493,30781,513.01,164.4,69.4,21.5,16.3,0.4128,0
FernRidgeRd_TON_12.03.25_LS,TON,493,30782,513.03,165.2,66.4,21.1,15.6,0.346,0
FernRidgeRd_TON_12.03.25_LS,TON,493,30783,513.04,166.5,62.7,20.1,15.3,0.2302,0
FernRidgeRd_TON_12.03.25_LS,TON,494,30791,513.18,184.1,52.1,19.1,14.6,0.4259,1
FernRidgeRd_TON_12.03.25_LS,TON,494,30792,513.19,184.5,50.4,20.4,15.2,0.4768,1
FernRidgeRd_TON_12.03.25_LS,TON,494,30793,513.21,186.3,50.4,21.1,15.6,0.411,1
FernRidgeRd_TON_12.03.25_LS,TON,494,30794,513.23,188.0,52.6,21.7,15.9,0.4085,1
FernRidgeRd_TON_12.03.25_LS,TON,494,30795,513.24,189.9,50.5,21.4,15.6,0.4594,1
FernRidgeRd_TON_12.03.25_LS,TON,494,30796,513.26,191.0,51.6,22.0,16.3,0.5256,1
FernRidgeRd_TON_12.03.25_LS,TON,494,30797,513.28,192.6,54.1,22.8,17.0,0.5039,1
FernRidgeRd_TON_12.03.25_LS,TON,494,30798,513.29,194.4,56.0,22.4,16.6,0.4384,1
FernRidgeRd_TON_12.03.25_LS,TON,494,30799,513.31,194.7,58.3,23.6,17.5,0.4502,1
FernRidgeRd_TON_12.03.25_LS,TON,494,30800,513.33,196.3,61.0,23.9,17.5,0.4015,1
FernRidgeRd_TON_12.03.25_LS,TON,494,30801,513.34,197.3,62.1,22.6,16.9,0.3487,1
FernRidgeRd_TON_12.03.25_LS,TON,494,30802,513.36,197.8,63.8,22.6,17.1,0.3939,1
FernRidgeRd_TON_12.03.25_LS,TON,494,30803,513.38,198.6,66.1,22.9,17.1,0.4791,1
FernRidgeRd_TON_12.03.25_LS,TON,494,30804,513.39,200.0,68.7,22.6,16.9,0.4767,1
FernRidgeRd_TON_12.03.25_LS,TON,494,30805,513.41,200.2,71.2,23.0,17.4,0.5947,1
FernRidgeRd_TON_12.03.25_LS,TON,494,30806,513.43,200.9,72.8,22.4,16.7,0.4492,1
FernRidgeRd_TON_12.03.25_LS,TON,494,30807,513.44,201.5,74.8,22.1,16.5,0.4609,1
FernRidgeRd_TON_12.03.25_LS,TON,494,30808,513.46,202.3,77.4,22.7,16.6,0.4764,1
FernRidgeRd_TON_12.03.25_LS,TON,494,30809,513.48,202.4,77.0,22.1,16.1,0.458,1
FernRidgeRd_TON_12.03.25_LS,TON,494,30810,513.49,202.4,77.1,22.5,16.3,0.4408,1
FernRidgeRd_TON_12.03.25_LS,TON,494,30817,513.61,210.5,76.4,22.2,15.9,0.4639,1
FernRidgeRd_TON_12.03.25_LS,TON,494,30818,513.63,212.2,74.1,22.1,16.1,0.4859,1
FernRidgeRd_TON_12.03.25_LS,TON,494,30819,513.64,214.5,72.9,21.3,15.7,0.4505,1
FernRidgeRd_TON_12.03.25_LS,TON,494,30820,513.66,216.3,73.5,20.2,15.2,0.5178,1
FernRidgeRd_TON_12.03.25_LS,TON,494,30821,513.68,216.6,70.8,20.4,15.1,0.5426,1
FernRidgeRd_TON_12.03.25_LS,TON,494,30822,513.69,218.9,70.3,19.4,14.3,0.4939,1
FernRidgeRd_TON_12.03.25_LS,TON,494,30823,513.71,220.7,70.3,20.0,14.8,0.5292,1
FernRidgeRd_TON_12.03.25_LS,TON,494,30824,513.73,223.1,69.6,20.2,14.9,0.4632,1
FernRidgeRd_TON_12.03.25_LS,TON,494,30825,513.74,224.7,67.8,20.2,14.9,0.524,1
FernRidgeRd_TON_12.03.25_LS,TON,494,30826,513.76,227.0,68.4,20.7,14.7,0.5737,1
FernRidgeRd_TON_12.03.25_LS,TON,494,30827,513.78,227.8,66.5,20.7,14.7,0.5566,1
FernRidgeRd_TON_12.03.25_LS,TON,494,30828,513.79,229.4,64.4,21.8,15.1,0.4849,1
FernRidgeRd_TON_12.03.25_LS,TON,494,30829,513.81,230.9,64.7,22.5,15.5,0.4105,1
FernRidgeRd_TON_12.03.25_LS,TON,494,30830,513.83,233.3,62.9,23.4,15.9,0.2875,1
FernRidgeRd_TON_12.03.25_LS,TON,494,30831,513.84,236.1,61.4,23.6,16.2,0.2402,1
FernRidgeRd_TON_12.03.25_LS,TON,494,30832,513.86,237.2,63.7,23.7,16.3,0.5037,1
FernRidgeRd_TON_12.03.25_LS,TON,494,30833,513.88,238.8,64.4,23.0,16.0,0.503,1
FernRidgeRd_TON_12.03.25_LS,TON,494,30834,513.89,239.2,64.6,23.5,16.2,0.512,1
FernRidgeRd_TON_12.03.25_LS,TON,494,30835,513.91,240.2,69.1,23.4,16.4,0.485,1
FernRidgeRd_TON_12.03.25_LS,TON,494,30836,513.93,243.0,70.0,23.3,16.6,0.3002,1
FernRidgeRd_TON_12.03.25_LS,TON,494,30837,513.94,243.8,70.8,23.8,17.0,0.4622,1
FernRidgeRd_TON_12.03.25_LS,TON,494,30838,513.96,244.4,74.7,24.3,17.1,0.3193,1
FernRidgeRd_TON_12.03.25_LS,TON,494,30839,513.98,245.3,75.5,24.4,17.0,0.3679,1
FernRidgeRd_TON_12.03.25_LS,TON,494,30840,513.99,245.9,76.7,22.7,16.1,0.5917,1
FernRidgeRd_TON_12.03.25_LS,TON,494,30841,514.01,247.0,78.9,21.1,14.9,0.5704,1
FernRidgeRd_TON_12.03.25_LS,TON,494,30842,514.03,248.3,79.7,20.6,15.0,0.6091,1
FernRidgeRd_TON_12.03.25_LS,TON,494,30843,514.04,248.4,81.2,22.3,15.9,0.5508,1
FernRidgeRd_TON_12.03.25_LS,TON,494,30844,514.06,249.1,84.0,22.8,15.6,0.4795,1
FernRidgeRd_TON_12.03.25_LS,TON,494,30845,514.08,250.3,84.7,23.7,16.3,0.4757,1
FernRidgeRd_TON_12.03.25_LS,TON,494,30846,514.09,251.8,86.4,22.3,16.0,0.5774,1
FernRidgeRd_TON_12.03.25_LS,TON,494,30847,514.11,254.5,88.7,21.2,15.9,0.1866,1
FernRidgeRd_TON_12.03.25_LS,TON,494,30857,514.28,261.5,105.9,23.1,20.4,0.361,1
FernRidgeRd_TON_12.03.25_LS,TON,496,30863,514.38,275.3,103.1,24.0,19.6,0.506,0
FernRidgeRd_TON_12.03.25_LS,TON,496,30864,514.39,275.0,102.0,25.3,20.2,0.297,0
FernRidgeRd_TON_12.03.25_LS,TON,496,30865,514.41,277.1,102.6,25.2,19.4,0.3457,0
FernRidgeRd_TON_12.03.25_LS,TON,496,30866,514.43,278.9,100.7,25.5,19.2,0.3823,0
FernRidgeRd_TON_12.03.25_LS,TON,496,30867,514.44,283.8,100.5,23.7,17.8,0.3898,0
FernRidgeRd_TON_12.03.25_LS,TON,496,30868,514.46,285.6,100.9,22.4,16.7,0.412,0
FernRidgeRd_TON_12.03.25_LS,TON,496,30869,514.48,286.5,100.2,22.8,16.8,0.359,0
FernRidgeRd_TON_12.03.25_LS,TON,496,30870,514.49,286.8,101.3,23.0,17.1,0.4267,0
FernRidgeRd_TON_12.03.25_LS,TON,496,30871,514.51,288.3,102.1,22.0,16.7,0.5536,0
FernRidgeRd_TON_12.03.25_LS,TON,496,30872,514.53,289.1,101.7,21.5,15.9,0.4106,0
FernRidgeRd_TON_12.03.25_LS,TON,499,30891,514.84,335.7,118.7,22.9,16.9,0.5215,0
FernRidgeRd_TON_12.03.25_LS,TON,499,30892,514.86,336.7,119.6,23.8,17.2,0.5109,0
FernRidgeRd_TON_12.03.25_LS,TON,499,30893,514.88,335.5,119.0,24.7,17.5,0.3618,0
FernRidgeRd_TON_12.03.25_LS,TON,499,30894,514.89,335.1,119.8,24.8,17.8,0.3246,0
FernRidgeRd_TON_12.03.25_LS,TON,499,30895,514.91,335.4,120.1,24.4,17.5,0.3665,0
FernRidgeRd_TON_12.03.25_LS,TON,499,30897,514.94,336.9,119.7,23.9,17.8,0.3738,0
FernRidgeRd_TON_12.03.25_LS,TON,499,30898,514.96,337.6,121.5,24.2,17.7,0.1938,0
FernRidgeRd_TON_12.03.25_LS,TON,499,30899,514.98,336.9,120.4,24.0,17.6,0.1172,0
FernRidgeRd_TON_12.03.25_LS,TON,499,30900,514.99,335.9,118.1,21.9,16.3,0.1671,0
FernRidgeRd_TON_12.03.25_LS,TON,499,30903,515.04,333.8,116.3,21.3,15.3,0.3504,0
FernRidgeRd_TON_12.03.25_LS,TON,499,30904,515.06,332.6,115.4,21.6,15.5,0.3674,0
FernRidgeRd_TON_12.03.25_LS,TON,499,30905,515.08,332.1,116.0,21.5,15.4,0.22,0
FernRidgeRd_TON_12.03.25_LS,TON,499,30907,515.11,332.2,114.6,21.7,15.9,0.3393,0
FernRidgeRd_TON_12.03.25_LS,TON,499,30908,515.13,331.3,113.8,21.6,15.8,0.3605,0
FernRidgeRd_TON_12.03.25_LS,TON,501,30918,515.29,331.0,113.1,22.5,16.3,0.3736,1
FernRidgeRd_TON_12.03.25_LS,TON,501,30919,515.31,331.3,113.5,22.0,15.9,0.3424,1
FernRidgeRd_TON_12.03.25_LS,TON,501,30920,515.33,331.3,111.3,21.1,15.4,0.4488,1
FernRidgeRd_TON_12.03.25_LS,TON,501,30921,515.34,332.8,110.6,20.9,15.2,0.474,1
FernRidgeRd_TON_12.03.25_LS,TON,501,30922,515.36,332.9,110.3,21.3,15.5,0.4998,1
FernRidgeRd_TON_12.03.25_LS,TON,501,30923,515.38,332.6,109.0,21.7,16.0,0.3418,1
FernRidgeRd_TON_12.03.25_LS,TON,501,30924,515.39,334.7,107.8,22.4,16.1,0.3183,1
FernRidgeRd_TON_12.03.25_LS,TON,501,30925,515.41,333.3,107.9,21.9,16.0,0.5079,1
FernRidgeRd_TON_12.03.25_LS,TON,501,30926,515.43,332.3,107.9,21.5,15.9,0.5542,1
FernRidgeRd_TON_12.03.25_LS,TON,501,30927,515.44,331.9,107.6,21.7,16.1,0.4647,1
FernRidgeRd_TON_12.03.25_LS,TON,501,30928,515.46,332.2,107.3,21.6,16.0,0.4245,1
FernRidgeRd_TON_12.03.25_LS,TON,501,30929,515.48,332.5,107.5,21.7,16.1,0.1024,1
FernRidgeRd_TON_12.03.25_LS,TON,501,30930,515.49,332.5,108.0,21.7,16.0,0.1084,1
FernRidgeRd_TON_12.03.25_LS,TON,501,30948,515.79,335.5,95.6,24.2,18.2,0.3452,1
FernRidgeRd_TON_12.03.25_LS,TON,501,30949,515.81,338.4,94.3,24.0,17.9,0.3655,1
FernRidgeRd_TON_12.03.25_LS,TON,501,30950,515.83,339.4,93.6,23.9,17.9,0.4551,1
FernRidgeRd_TON_12.03.25_LS,TON,501,30951,515.84,338.4,92.4,24.0,18.1,0.46,1
FernRidgeRd_TON_12.03.25_LS,TON,501,30952,515.86,336.4,92.2,23.7,18.0,0.5286,1
FernRidgeRd_TON_12.03.25_LS,TON,501,30953,515.88,334.8,91.5,23.7,18.0,0.4372,1
FernRidgeRd_TON_12.03.25_LS,TON,501,30954,515.89,332.6,91.2,24.4,18.4,0.402,1
FernRidgeRd_TON_12.03.25_LS,TON,501,30955,515.91,332.0,91.4,22.6,17.3,0.5292,1
FernRidgeRd_TON_12.03.25_LS,TON,501,30956,515.93,330.9,91.4,22.5,17.0,0.557,1
FernRidgeRd_TON_12.03.25_LS,TON,501,30957,515.94,329.4,91.4,22.6,16.9,0.4445,1
FernRidgeRd_TON_12.03.25_LS,TON,501,30958,515.96,328.4,91.4,21.9,16.0,0.4806,1
FernRidgeRd_TON_12.03.25_LS,TON,501,30959,515.98,326.4,90.9,22.3,16.5,0.4675,1
FernRidgeRd_TON_12.03.25_LS,TON,501,30960,515.99,325.7,90.7,21.7,15.7,0.5917,1
FernRidgeRd_TON_12.03.25_LS,TON,501,30961,516.01,324.8,90.8,22.6,16.1,0.54,1
FernRidgeRd_TON_12.03.25_LS,TON,501,30962,516.03,322.8,90.7,23.6,16.6,0.4338,1
FernRidgeRd_TON_12.03.25_LS,TON,501,30963,516.04,321.2,89.4,24.7,17.3,0.4535,1
FernRidgeRd_TON_12.03.25_LS,TON,501,30964,516.06,319.6,87.9,25.4,17.7,0.3817,1
FernRidgeRd_TON_12.03.25_LS,TON,501,30965,516.08,319.6,87.0,24.5,17.1,0.515,1
FernRidgeRd_TON_12.03.25_LS,TON,501,30966,516.09,318.9,86.3,23.8,16.6,0.4856,1
FernRidgeRd_TON_12.03.25_LS,TON,501,30967,516.11,318.0,84.8,23.3,16.6,0.4041,1
FernRidgeRd_TON_12.03.25_LS,TON,501,30968,516.13,316.2,84.0,23.4,16.7,0.352,1
FernRidgeRd_TON_12.03.25_LS,TON,501,30969,516.14,313.9,82.8,23.7,16.9,0.3964,1
FernRidgeRd_TON_12.03.25_LS,TON,501,30970,516.16,313.2,81.9,23.5,17.1,0.3167,1
FernRidgeRd_TON_12.03.25_LS,TON,501,30971,516.18,311.6,81.6,23.4,17.2,0.2931,1
FernRidgeRd_TON_12.03.25_LS,TON,501,30972,516.19,310.8,80.7,23.2,17.1,0.2806,1
FernRidgeRd_TON_12.03.25_LS,TON,501,30973,516.21,309.9,80.4,23.6,17.2,0.4017,1
FernRidgeRd_TON_12.03.25_LS,TON,501,30974,516.23,308.8,81.0,23.1,16.7,0.4256,1
FernRidgeRd_TON_12.03.25_LS,TON,501,30975,516.24,307.8,79.6,23.4,16.8,0.4698,1
FernRidgeRd_TON_12.03.25_LS,TON,501,30976,516.26,306.6,78.2,23.4,16.9,0.6139,1
FernRidgeRd_TON_12.03.25_LS,TON,501,30977,516.28,306.1,76.7,22.6,16.7,0.55,1
FernRidgeRd_TON_12.03.25_LS,TON,501,30978,516.29,304.4,75.1,22.2,16.5,0.5911,1
FernRidgeRd_TON_12.03.25_LS,TON,501,30979,516.31,302.9,74.6,22.3,16.9,0.6432,1
FernRidgeRd_TON_12.03.25_LS,TON,501,30980,516.33,302.0,74.2,22.4,16.9,0.634,1
FernRidgeRd_TON_12.03.25_LS,TON,501,30981,516.34,300.4,73.2,22.0,16.8,0.5961,1
FernRidgeRd_TON_12.03.25_LS,TON,501,30982,516.36,299.4,73.3,21.9,16.7,0.5407,1
FernRidgeRd_TON_12.03.25_LS,TON,501,30983,516.38,297.9,73.4,21.6,16.4,0.3866,1
FernRidgeRd_TON_12.03.25_LS,TON,501,30984,516.39,295.6,73.6,22.2,16.8,0.455,1
FernRidgeRd_TON_12.03.25_LS,TON,501,30985,516.41,294.4,74.3,22.4,17.0,0.5246,1
FernRidgeRd_TON_12.03.25_LS,TON,501,30986,516.43,292.4,75.1,22.8,17.1,0.4734,1
FernRidgeRd_TON_12.03.25_LS,TON,501,30987,516.44,291.1,75.9,23.4,17.6,0.3377,1
FernRidgeRd_TON_12.03.25_LS,TON,501,30988,516.46,289.6,76.3,22.9,17.4,0.4323,1
FernRidgeRd_TON_12.03.25_LS,TON,501,30989,516.48,288.0,77.0,23.4,17.4,0.392,1
FernRidgeRd_TON_12.03.25_LS,TON,501,30990,516.49,286.3,76.8,23.7,17.4,0.3816,1
FernRidgeRd_TON_12.03.25_LS,TON,501,30991,516.51,284.3,75.0,23.7,17.3,0.1486,1
FernRidgeRd_TON_12.03.25_LS,TON,501,30992,516.53,282.7,74.0,23.3,17.6,0.2469,1
FernRidgeRd_TON_12.03.25_LS,TON,501,30993,516.54,281.4,73.4,22.8,17.5,0.3844,1
FernRidgeRd_TON_12.03.25_LS,TON,501,30994,516.56,280.2,73.7,22.3,17.5,0.3318,1
FernRidgeRd_TON_12.03.25_LS,TON,501,30995,516.58,279.3,73.6,22.1,17.4,0.2351,1
FernRidgeRd_TON_12.03.25_LS,TON,501,30996,516.59,277.8,77.1,22.5,17.1,0.1757,1
FernRidgeRd_TON_12.03.25_LS,TON,501,30997,516.61,276.8,78.5,22.4,16.8,0.1785,1
FernRidgeRd_TON_12.03.25_LS,TON,501,30998,516.63,275.5,78.5,22.6,16.8,0.2192,1
FernRidgeRd_TON_12.03.25_LS,TON,501,30999,516.64,274.3,79.7,22.2,16.7,0.2493,1
FernRidgeRd_TON_12.03.25_LS,TON,501,31000,516.66,273.3,80.4,22.3,16.9,0.3383,1
FernRidgeRd_TON_12.03.25_LS,TON,501,31001,516.68,272.1,81.3,22.4,17.0,0.408,1
FernRidgeRd_TON_12.03.25_LS,TON,501,31002,516.69,270.9,81.6,22.4,16.9,0.4106,1
FernRidgeRd_TON_12.03.25_LS,TON,501,31003,516.71,269.0,81.2,22.1,17.0,0.3662,1
FernRidgeRd_TON_12.03.25_LS,TON,501,31004,516.73,267.4,81.8,21.4,16.2,0.188,1
FernRidgeRd_TON_12.03.25_LS,TON,501,31005,516.74,265.6,78.8,21.2,16.5,0.3057,1
FernRidgeRd_TON_12.03.25_LS,TON,501,31006,516.76,263.7,75.1,21.0,16.7,0.392,1
FernRidgeRd_TON_12.03.25_LS,TON,501,31007,516.78,262.2,70.9,21.3,16.9,0.3896,1
FernRidgeRd_TON_12.03.25_LS,TON,501,31008,516.79,259.6,65.7,22.7,17.9,0.3713,1
FernRidgeRd_TON_12.03.25_LS,TON,501,31009,516.81,258.9,64.4,22.5,17.3,0.3987,1
FernRidgeRd_TON_12.03.25_LS,TON,501,31010,516.83,258.0,63.4,22.7,17.5,0.4603,1
FernRidgeRd_TON_12.03.25_LS,TON,501,31011,516.84,256.9,60.5,22.4,17.2,0.1358,1
FernRidgeRd_TON_12.03.25_LS,TON,501,31013,516.88,256.5,56.4,21.9,17.4,0.4057,1
FernRidgeRd_TON_12.03.25_LS,TON,501,31014,516.89,256.5,55.1,21.7,17.2,0.3304,1
FernRidgeRd_TON_12.03.25_LS,TON,501,31015,516.91,256.2,54.7,21.6,17.3,0.3988,1
FernRidgeRd_TON_12.03.25_LS,TON,501,31016,516.93,255.4,56.4,21.9,17.2,0.261,1
FernRidgeRd_TON_12.03.25_LS,TON,501,31017,516.94,255.1,56.4,21.8,17.0,0.2877,1
FernRidgeRd_TON_12.03.25_LS,TON,501,31018,516.96,254.5,57.6,22.2,16.7,0.2734,1
FernRidgeRd_TON_12.03.25_LS,TON,501,31019,516.98,253.0,55.5,22.0,17.1,0.1891,1
FernRidgeRd_TON_12.03.25_LS,TON,501,31020,516.99,251.6,55.2,20.0,15.9,0.2385,1
FernRidgeRd_TON_12.03.25_LS,TON,501,31021,517.01,250.1,54.2,20.1,15.9,0.3654,1
FernRidgeRd_TON_12.03.25_LS,TON,501,31022,517.03,249.0,53.3,20.0,16.3,0.3977,1
FernRidgeRd_TON_12.03.25_LS,TON,501,31023,517.04,248.1,52.3,21.2,18.1,0.3332,1
FernRidgeRd_TON_12.03.25_LS,TON,501,31024,517.06,247.8,50.0,21.6,18.3,0.2923,1
FernRidgeRd_TON_12.03.25_LS,TON,501,31025,517.08,247.2,46.8,21.7,18.4,0.4407,1
FernRidgeRd_TON_12.03.25_LS,TON,501,31026,517.09,246.0,44.1,22.2,17.9,0.3454,1
FernRidgeRd_TON_12.03.25_LS,TON,501,31027,517.11,244.3,42.1,22.0,18.1,0.3155,1
FernRidgeRd_TON_12.03.25_LS,TON,501,31028,517.13,242.9,40.8,22.1,18.1,0.3154,1
FernRidgeRd_TON_12.03.25_LS,TON,501,31029,517.14,242.5,37.8,21.2,17.3,0.4041,1
FernRidgeRd_TON_12.03.25_LS,TON,501,31030,517.16,242.2,38.6,20.5,16.9,0.4373,1
FernRidgeRd_TON_12.03.25_LS,TON,501,31031,517.18,241.5,39.9,20.4,16.3,0.364,1
FernRidgeRd_TON_12.03.25_LS,TON,502,30997,516.61,276.7,68.0,22.1,17.8,0.3529,0
FernRidgeRd_TON_12.03.25_LS,TON,502,30998,516.63,275.7,68.5,21.8,17.4,0.368,0
FernRidgeRd_TON_12.03.25_LS,TON,502,30999,516.64,273.7,69.3,21.3,16.9,0.3436,0
FernRidgeRd_TON_12.03.25_LS,TON,502,31000,516.66,272.3,68.5,22.0,17.0,0.2993,0
FernRidgeRd_TON_12.03.25_LS,TON,502,31001,516.68,270.1,67.7,22.4,16.7,0.2736,0
FernRidgeRd_TON_12.03.25_LS,TON,502,31002,516.69,269.0,67.9,22.7,16.9,0.2534,0
FernRidgeRd_TON_12.03.25_LS,TON,502,31003,516.71,267.4,68.5,22.2,16.6,0.2058,0
FernRidgeRd_TON_12.03.25_LS,TON,502,31004,516.73,266.3,68.8,21.6,16.1,0.2208,0
FernRidgeRd_TON_12.03.25_LS,TON,502,31005,516.74,264.4,68.5,21.6,16.3,0.1864,0
FernRidgeRd_TON_12.03.25_LS,TON,502,31006,516.76,262.5,68.3,21.6,16.6,0.1291,0
FernRidgeRd_TON_12.03.25_LS,TON,502,31007,516.78,261.1,64.1,22.5,16.8,0.1045,0
FernRidgeRd_TON_12.03.25_LS,TON,502,31008,516.79,259.0,59.1,22.8,17.1,0.1235,0
FernRidgeRd_TON_12.03.25_LS,TON,502,31009,516.81,258.1,55.0,22.2,16.7,0.1054,0
FernRidgeRd_TON_12.03.25_LS,TON,502,31010,516.83,257.0,55.4,22.2,17.4,0.1733,0
FernRidgeRd_TON_12.03.25_LS,TON,504,31036,517.26,239.0,57.0,25.3,19.2,0.4044,0
FernRidgeRd_TON_12.03.25_LS,TON,504,31037,517.28,239.9,56.8,23.0,17.9,0.3824,0
FernRidgeRd_TON_12.03.25_LS,TON,504,31038,517.29,238.4,56.7,22.3,17.0,0.3363,0
FernRidgeRd_TON_12.03.25_LS,TON,504,31039,517.31,236.8,57.1,21.5,16.6,0.3907,0
FernRidgeRd_TON_12.03.25_LS,TON,504,31040,517.33,235.5,56.9,20.5,15.6,0.3065,0
FernRidgeRd_TON_12.03.25_LS,TON,504,31041,517.34,234.3,55.6,19.6,15.0,0.3699,0
FernRidgeRd_TON_12.03.25_LS,TON,504,31042,517.36,233.1,56.1,19.8,14.8,0.3505,0
FernRidgeRd_TON_12.03.25_LS,TON,504,31043,517.38,232.6,55.2,19.8,14.9,0.4074,0
FernRidgeRd_TON_12.03.25_LS,TON,504,31044,517.39,231.4,54.9,19.5,14.8,0.3108,0
FernRidgeRd_TON_12.03.25_LS,TON,515,31058,517.63,214.1,79.7,22.7,16.3,0.4842,1
FernRidgeRd_TON_12.03.25_LS,TON,515,31060,517.66,210.4,80.2,23.6,16.8,0.3543,1
FernRidgeRd_TON_12.03.25_LS,TON,515,31061,517.68,210.4,80.8,21.9,16.3,0.377,1
FernRidgeRd_TON_12.03.25_LS,TON,515,31062,517.69,210.1,79.0,21.6,16.2,0.3993,1
FernRidgeRd_TON_12.03.25_LS,TON,515,31063,517.71,209.9,80.8,22.3,16.6,0.331,1
FernRidgeRd_TON_12.03.25_LS,TON,515,31064,517.73,209.5,82.4,22.2,16.5,0.3918,1
FernRidgeRd_TON_12.03.25_LS,TON,515,31065,517.74,207.7,81.8,22.0,16.6,0.4352,1
FernRidgeRd_TON_12.03.25_LS,TON,515,31066,517.76,205.8,83.4,21.8,16.5,0.527,1
FernRidgeRd_TON_12.03.25_LS,TON,515,31067,517.78,205.4,84.7,22.5,16.9,0.4871,1
FernRidgeRd_TON_12.03.25_LS,TON,515,31068,517.79,204.7,84.5,21.7,16.6,0.4779,1
FernRidgeRd_TON_12.03.25_LS,TON,515,31069,517.81,204.0,86.2,21.4,16.3,0.4654,1
FernRidgeRd_TON_12.03.25_LS,TON,515,31070,517.83,203.0,84.9,20.9,16.1,0.4651,1
FernRidgeRd_TON_12.03.25_LS,TON,515,31071,517.84,202.4,85.3,21.4,16.3,0.4459,1
FernRidgeRd_TON_12.03.25_LS,TON,515,31072,517.86,202.0,87.6,21.0,15.9,0.4749,1
FernRidgeRd_TON_12.03.25_LS,TON,515,31073,517.88,201.4,86.1,20.6,15.9,0.4328,1
FernRidgeRd_TON_12.03.25_LS,TON,515,31074,517.89,200.7,85.4,20.6,15.7,0.4403,1
FernRidgeRd_TON_12.03.25_LS,TON,515,31075,517.91,199.7,86.0,20.8,16.0,0.4811,1
FernRidgeRd_TON_12.03.25_LS,TON,515,31076,517.93,199.3,85.6,20.4,15.6,0.4812,1
FernRidgeRd_TON_12.03.25_LS,TON,515,31077,517.94,198.5,85.0,20.5,15.5,0.4417,1
FernRidgeRd_TON_12.03.25_LS,TON,515,31078,517.96,197.3,85.4,20.4,15.2,0.4938,1
FernRidgeRd_TON_12.03.25_LS,TON,515,31079,517.98,196.5,84.4,21.3,15.6,0.5315,1
FernRidgeRd_TON_12.03.25_LS,TON,515,31080,517.99,195.2,83.2,19.2,14.7,0.5136,1
FernRidgeRd_TON_12.03.25_LS,TON,515,31081,518.01,193.5,83.5,19.0,14.3,0.5093,1
FernRidgeRd_TON_12.03.25_LS,TON,515,31082,518.03,192.0,82.3,19.4,14.7,0.5242,1
FernRidgeRd_TON_12.03.25_LS,TON,515,31083,518.04,190.4,82.0,20.6,15.3,0.5248,1
FernRidgeRd_TON_12.03.25_LS,TON,515,31084,518.06,189.5,82.7,20.8,15.4,0.5053,1
FernRidgeRd_TON_12.03.25_LS,TON,515,31085,518.08,187.1,81.5,22.8,16.2,0.5006,1
FernRidgeRd_TON_12.03.25_LS,TON,515,31086,518.09,186.3,82.2,23.4,16.5,0.5512,1
FernRidgeRd_TON_12.03.25_LS,TON,515,31087,518.11,186.1,82.9,23.5,16.4,0.5228,1
FernRidgeRd_TON_12.03.25_LS,TON,515,31088,518.13,186.2,81.9,23.9,16.9,0.516,1
FernRidgeRd_TON_12.03.25_LS,TON,515,31089,518.14,185.0,81.8,24.1,16.7,0.5532,1
FernRidgeRd_TON_12.03.25_LS,TON,515,31090,518.16,185.1,81.8,23.9,16.5,0.5275,1
FernRidgeRd_TON_12.03.25_LS,TON,515,31091,518.18,185.7,79.9,23.1,16.4,0.5007,1
FernRidgeRd_TON_12.03.25_LS,TON,515,31092,518.19,184.5,80.5,22.7,16.2,0.5523,1
FernRidgeRd_TON_12.03.25_LS,TON,515,31093,518.21,183.6,80.0,22.7,16.3,0.4617,1
FernRidgeRd_TON_12.03.25_LS,TON,515,31094,518.23,182.1,76.4,22.5,16.2,0.5901,1
FernRidgeRd_TON_12.03.25_LS,TON,515,31095,518.24,181.6,76.8,22.3,16.3,0.4792,1
FernRidgeRd_TON_12.03.25_LS,TON,515,31096,518.26,180.7,75.8,22.5,16.3,0.4415,1
FernRidgeRd_TON_12.03.25_LS,TON,515,31097,518.28,180.3,75.0,23.5,17.0,0.3049,1
FernRidgeRd_TON_12.03.25_LS,TON,515,31098,518.29,179.9,76.5,21.9,16.2,0.3489,1
FernRidgeRd_TON_12.03.25_LS,TON,515,31099,518.31,179.6,76.6,21.1,15.5,0.3359,1
FernRidgeRd_TON_12.03.25_LS,TON,515,31100,518.33,177.0,76.2,22.1,15.8,0.258,1
FernRidgeRd_TON_12.03.25_LS,TON,515,31101,518.34,175.4,79.4,22.9,16.5,0.1942,1
FernRidgeRd_TON_12.03.25_LS,TON,515,31102,518.36,174.5,79.7,23.0,16.7,0.3021,1
FernRidgeRd_TON_12.03.25_LS,TON,515,31103,518.38,173.0,79.1,22.6,16.6,0.2898,1
FernRidgeRd_TON_12.03.25_LS,TON,515,31104,518.39,171.5,81.3,22.3,16.8,0.2609,1
FernRidgeRd_TON_12.03.25_LS,TON,515,31105,518.41,169.8,82.9,23.5,17.1,0.1842,1
FernRidgeRd_TON_12.03.25_LS,TON,515,31106,518.43,169.2,85.0,23.2,17.1,0.3628,1
FernRidgeRd_TON_12.03.25_LS,TON,515,31107,518.44,168.1,86.3,23.3,17.3,0.3825,1
FernRidgeRd_TON_12.03.25_LS,TON,515,31108,518.46,167.3,86.4,22.8,17.0,0.3901,1
FernRidgeRd_TON_12.03.25_LS,TON,515,31109,518.48,166.0,86.5,22.3,16.6,0.3607,1
FernRidgeRd_TON_12.03.25_LS,TON,515,31110,518.49,165.9,88.6,22.2,16.3,0.1248,1
FernRidgeRd_TON_12.03.25_LS,TON,515,31111,518.51,165.1,86.8,21.8,16.7,0.3271,1
FernRidgeRd_TON_12.03.25_LS,TON,515,31112,518.53,163.9,86.8,21.0,16.6,0.3679,1
FernRidgeRd_TON_12.03.25_LS,TON,515,31113,518.54,163.8,88.7,21.1,16.6,0.3311,1
FernRidgeRd_TON_12.03.25_LS,TON,515,31114,518.56,163.3,89.2,21.0,16.6,0.3143,1
FernRidgeRd_TON_12.03.25_LS,TON,515,31115,518.58,162.5,90.4,21.3,16.8,0.4129,1
FernRidgeRd_TON_12.03.25_LS,TON,515,31116,518.59,162.0,90.9,20.7,16.1,0.4806,1
FernRidgeRd_TON_12.03.25_LS,TON,515,31117,518.61,161.1,91.0,20.6,15.8,0.4788,1
FernRidgeRd_TON_12.03.25_LS,TON,515,31118,518.63,160.5,93.0,20.7,15.7,0.4934,1
FernRidgeRd_TON_12.03.25_LS,TON,515,31119,518.64,160.1,94.2,20.5,15.6,0.4505,1
FernRidgeRd_TON_12.03.25_LS,TON,515,31120,518.66,159.4,94.2,20.3,15.3,0.3934,1
FernRidgeRd_TON_12.03.25_LS,TON,515,31121,518.68,158.2,97.4,21.5,16.4,0.4218,1
FernRidgeRd_TON_12.03.25_LS,TON,515,31122,518.69,157.2,98.8,20.7,16.1,0.3856,1
FernRidgeRd_TON_12.03.25_LS,TON,515,31123,518.71,155.8,99.7,20.0,15.9,0.3311,1
FernRidgeRd_TON_12.03.25_LS,TON,515,31124,518.73,154.1,102.7,21.5,16.9,0.3078,1
FernRidgeRd_TON_12.03.25_LS,TON,515,31125,518.74,153.6,103.0,21.6,16.8,0.3621,1
FernRidgeRd_TON_12.03.25_LS,TON,515,31126,518.76,152.2,104.8,21.8,16.4,0.3743,1
FernRidgeRd_TON_12.03.25_LS,TON,515,31127,518.78,150.4,107.3,22.6,16.7,0.4313,1
FernRidgeRd_TON_12.03.25_LS,TON,515,31128,518.79,148.4,107.9,21.8,16.2,0.415,1
FernRidgeRd_TON_12.03.25_LS,TON,515,31129,518.81,145.3,108.8,22.7,16.6,0.4086,1
FernRidgeRd_TON_12.03.25_LS,TON,515,31130,518.83,144.8,109.9,21.7,15.8,0.4916,1
FernRidgeRd_TON_12.03.25_LS,TON,515,31131,518.84,143.3,109.6,21.6,15.7,0.4586,1
FernRidgeRd_TON_12.03.25_LS,TON,515,31132,518.86,141.1,111.0,22.2,16.6,0.3014,1
FernRidgeRd_TON_12.03.25_LS,TON,515,31133,518.88,139.8,110.5,21.9,16.2,0.3795,1
FernRidgeRd_TON_12.03.25_LS,TON,515,31134,518.89,138.5,110.7,21.9,15.9,0.3694,1
FernRidgeRd_TON_12.03.25_LS,TON,515,31135,518.91,137.1,111.4,23.2,16.4,0.2553,1
FernRidgeRd_TON_12.03.25_LS,TON,515,31136,518.93,134.9,110.6,23.4,16.2,0.2474,1
FernRidgeRd_TON_12.03.25_LS,TON,515,31137,518.94,133.9,111.0,22.8,15.9,0.2244,1
FernRidgeRd_TON_12.03.25_LS,TON,515,31138,518.96,133.0,112.3,23.1,16.4,0.335,1
FernRidgeRd_TON_12.03.25_LS,TON,515,31139,518.98,131.7,112.0,22.2,15.9,0.2739,1
FernRidgeRd_TON_12.03.25_LS,TON,515,31140,518.99,131.1,111.8,20.9,14.7,0.4489,1
FernRidgeRd_TON_12.03.25_LS,TON,515,31141,519.01,130.3,113.0,21.0,14.9,0.3716,1
FernRidgeRd_TON_12.03.25_LS,TON,515,31142,519.03,129.7,112.2,20.9,14.7,0.4312,1
FernRidgeRd_TON_12.03.25_LS,TON,515,31143,519.04,128.4,112.6,21.1,15.0,0.461,1
FernRidgeRd_TON_12.03.25_LS,TON,515,31144,519.06,127.0,112.3,21.0,14.4,0.5631,1
FernRidgeRd_TON_12.03.25_LS,TON,515,31145,519.08,125.7,111.7,20.7,14.4,0.5858,1
FernRidgeRd_TON_12.03.25_LS,TON,515,31146,519.09,124.7,111.5,20.2,14.2,0.5235,1
FernRidgeRd_TON_12.03.25_LS,TON,515,31147,519.11,123.3,111.6,19.7,13.9,0.5146,1
FernRidgeRd_TON_12.03.25_LS,TON,515,31148,519.13,120.9,110.3,20.3,14.6,0.3033,1
FernRidgeRd_TON_12.03.25_LS,TON,515,31149,519.14,119.0,109.8,20.0,15.1,0.4581,1
FernRidgeRd_TON_12.03.25_LS,TON,515,31150,519.16,116.8,110.0,21.2,16.0,0.4513,1
FernRidgeRd_TON_12.03.25_LS,TON,515,31151,519.18,114.6,110.5,21.2,16.1,0.4311,1
FernRidgeRd_TON_12.03.25_LS,TON,515,31152,519.19,113.4,109.2,21.0,15.8,0.3838,1
FernRidgeRd_TON_12.03.25_LS,TON,515,31154,519.23,110.5,108.8,20.5,15.5,0.3333,1
FernRidgeRd_TON_12.03.25_LS,TON,515,31155,519.24,108.5,109.0,21.7,16.0,0.3158,1
FernRidgeRd_TON_12.03.25_LS,TON,515,31156,519.26,106.2,109.0,21.1,15.6,0.3328,1
FernRidgeRd_TON_12.03.25_LS,TON,515,31157,519.28,103.2,112.0,21.5,16.1,0.5158,1
FernRidgeRd_TON_12.03.25_LS,TON,515,31158,519.29,101.0,113.1,22.1,16.3,0.5206,1
FernRidgeRd_TON_12.03.25_LS,TON,515,31159,519.31,98.6,113.2,21.8,16.1,0.48,1
FernRidgeRd_TON_12.03.25_LS,TON,515,31160,519.33,96.4,113.8,22.6,16.8,0.528,1
FernRidgeRd_TON_12.03.25_LS,TON,515,31161,519.34,94.8,114.4,22.0,16.6,0.483,1
FernRidgeRd_TON_12.03.25_LS,TON,515,31162,519.36,93.4,114.9,22.0,16.8,0.4673,1
FernRidgeRd_TON_12.03.25_LS,TON,515,31163,519.38,91.8,116.2,21.9,16.8,0.4118,1
FernRidgeRd_TON_12.03.25_LS,TON,515,31164,519.39,90.9,117.1,20.9,16.0,0.3895,1
FernRidgeRd_TON_12.03.25_LS,TON,515,31165,519.41,89.4,118.2,20.4,15.8,0.4171,1
FernRidgeRd_TON_12.03.25_LS,TON,515,31166,519.43,87.6,120.1,20.4,15.8,0.4238,1
FernRidgeRd_TON_12.03.25_LS,TON,515,31167,519.44,86.0,121.6,21.3,16.1,0.4489,1
FernRidgeRd_TON_12.03.25_LS,TON,515,31168,519.46,84.3,121.9,21.5,16.2,0.4104,1
FernRidgeRd_TON_12.03.25_LS,TON,515,31169,519.48,82.8,122.4,22.2,16.8,0.4082,1
FernRidgeRd_TON_12.03.25_LS,TON,515,31170,519.49,81.5,122.1,22.2,17.0,0.4359,1
FernRidgeRd_TON_12.03.25_LS,TON,515,31171,519.51,80.3,122.5,22.8,17.2,0.4408,1
FernRidgeRd_TON_12.03.25_LS,TON,515,31172,519.53,79.0,122.8,22.2,17.1,0.3965,1
FernRidgeRd_TON_12.03.25_LS,TON,515,31173,519.54,77.4,123.2,21.8,16.9,0.3536,1
FernRidgeRd_TON_12.03.25_LS,TON,515,31174,519.56,75.6,123.4,21.0,16.5,0.3793,1
FernRidgeRd_TON_12.03.25_LS,TON,515,31175,519.58,73.9,123.5,20.3,16.0,0.3738,1
FernRidgeRd_TON_12.03.25_LS,TON,515,31176,519.59,72.4,124.3,20.1,15.6,0.4327,1
FernRidgeRd_TON_12.03.25_LS,TON,515,31177,519.61,71.7,124.3,20.0,15.5,0.4145,1
FernRidgeRd_TON_12.03.25_LS,TON,515,31178,519.63,69.4,123.9,20.2,15.6,0.434,1
FernRidgeRd_TON_12.03.25_LS,TON,515,31179,519.64,67.4,123.8,20.8,16.0,0.4372,1
FernRidgeRd_TON_12.03.25_LS,TON,515,31180,519.66,65.3,123.7,20.7,15.8,0.4556,1
FernRidgeRd_TON_12.03.25_LS,TON,515,31181,519.68,63.4,122.8,21.2,16.3,0.2436,1
FernRidgeRd_TON_12.03.25_LS,TON,515,31182,519.69,61.3,122.9,21.5,16.4,0.3366,1
FernRidgeRd_TON_12.03.25_LS,TON,515,31183,519.71,58.8,122.7,20.9,16.0,0.3941,1
FernRidgeRd_TON_12.03.25_LS,TON,515,31184,519.73,57.4,122.1,21.0,15.9,0.3429,1
FernRidgeRd_TON_12.03.25_LS,TON,515,31185,519.74,55.5,121.7,21.1,15.5,0.3227,1
FernRidgeRd_TON_12.03.25_LS,TON,515,31186,519.76,52.9,121.5,21.1,15.5,0.2446,1
FernRidgeRd_TON_12.03.25_LS,TON,515,31187,519.78,50.8,119.3,20.5,15.6,0.2429,1
FernRidgeRd_TON_12.03.25_LS,TON,515,31188,519.79,48.2,119.8,20.1,15.7,0.3161,1
FernRidgeRd_TON_12.03.25_LS,TON,515,31189,519.81,46.8,119.3,19.6,15.6,0.324,1
FernRidgeRd_TON_12.03.25_LS,TON,515,31190,519.83,45.3,117.4,20.5,15.6,0.4266,1
FernRidgeRd_TON_12.03.25_LS,TON,515,31191,519.84,42.3,117.6,20.8,15.7,0.412,1
FernRidgeRd_TON_12.03.25_LS,TON,515,31192,519.86,39.3,118.7,19.7,15.2,0.4799,1
FernRidgeRd_TON_12.03.25_LS,TON,515,31193,519.88,36.8,119.1,19.8,15.2,0.5062,1
FernRidgeRd_TON_12.03.25_LS,TON,515,31194,519.89,34.1,120.1,19.9,15.1,0.5097,1
FernRidgeRd_TON_12.03.25_LS,TON,515,31195,519.91,32.3,120.6,19.9,15.3,0.5063,1
FernRidgeRd_TON_12.03.25_LS,TON,515,31196,519.93,30.4,120.7,20.2,15.6,0.4876,1
FernRidgeRd_TON_12.03.25_LS,TON,515,31197,519.94,27.9,122.6,21.0,16.7,0.371,1
FernRidgeRd_TON_12.03.25_LS,TON,515,31198,519.96,26.0,122.3,20.5,16.6,0.3632,1
FernRidgeRd_TON_12.03.25_LS,TON,515,31199,519.98,23.1,122.2,19.7,15.9,0.2628,1
FernRidgeRd_TON_12.03.25_LS,TON,515,31200,519.99,20.5,122.8,20.9,15.9,0.3691,1
FernRidgeRd_TON_12.03.25_LS,TON,515,31201,520.01,18.7,124.0,21.0,15.7,0.3087,1
FernRidgeRd_TON_12.03.25_LS,TON,515,31202,520.03,16.6,124.3,21.1,15.8,0.2445,1
FernRidgeRd_TON_12.03.25_LS,TON,515,31203,520.04,13.9,126.0,22.2,16.5,0.2862,1
FernRidgeRd_TON_12.03.25_LS,TON,515,31204,520.06,12.0,127.4,22.5,16.9,0.1233,1
FernRidgeRd_TON_12.03.25_LS,TON,515,31205,520.08,9.9,127.4,19.9,17.4,0.1235,1
FernRidgeRd_TON_12.03.25_LS,TON,515,31206,520.09,8.6,129.4,17.1,17.6,0.2251,1
FernRidgeRd_TON_12.03.25_LS,TON,535,31798,529.96,617.9,247.2,27.1,18.0,0.5161,1
FernRidgeRd_TON_12.03.25_LS,TON,535,31801,530.01,596.1,250.6,27.4,20.5,0.4491,1
FernRidgeRd_TON_12.03.25_LS,TON,535,31802,530.03,591.3,250.9,29.6,21.4,0.3558,1
FernRidgeRd_TON_12.03.25_LS,TON,535,31803,530.04,583.4,253.3,30.7,24.6,0.3167,1
FernRidgeRd_TON_12.03.25_LS,TON,535,31804,530.06,577.5,253.1,30.1,22.7,0.4301,1
FernRidgeRd_TON_12.03.25_LS,TON,535,31805,530.08,569.8,252.2,29.6,20.5,0.5159,1
FernRidgeRd_TON_12.03.25_LS,TON,535,31806,530.09,563.0,252.2,30.9,21.2,0.3407,1
FernRidgeRd_TON_12.03.25_LS,TON,535,31807,530.11,557.3,253.1,29.4,20.9,0.5022,1
FernRidgeRd_TON_12.03.25_LS,TON,535,31824,530.39,438.3,252.9,30.5,20.5,0.3657,1
FernRidgeRd_TON_12.03.25_LS,TON,535,31825,530.41,431.1,253.3,29.4,20.2,0.5779,1
FernRidgeRd_TON_12.03.25_LS,TON,535,31826,530.43,421.9,253.6,30.3,20.9,0.3958,1
FernRidgeRd_TON_12.03.25_LS,TON,535,31827,530.44,416.8,252.6,29.8,19.7,0.5212,1
FernRidgeRd_TON_12.03.25_LS,TON,535,31828,530.46,408.8,253.1,30.6,21.4,0.564,1
FernRidgeRd_TON_12.03.25_LS,TON,535,31829,530.48,402.3,253.4,29.7,21.5,0.5786,1
FernRidgeRd_TON_12.03.25_LS,TON,535,31830,530.49,395.5,253.3,29.5,21.0,0.5666,1
FernRidgeRd_TON_12.03.25_LS,TON,535,31831,530.51,389.1,254.2,29.3,21.1,0.6183,1
FernRidgeRd_TON_12.03.25_LS,TON,535,31832,530.53,381.7,255.3,29.6,20.4,0.5343,1
FernRidgeRd_TON_12.03.25_LS,TON,535,31833,530.54,373.8,256.3,27.9,19.1,0.5836,1
FernRidgeRd_TON_12.03.25_LS,TON,535,31834,530.56,365.5,257.4,28.4,19.3,0.5584,1
FernRidgeRd_TON_12.03.25_LS,TON,535,31835,530.58,358.3,257.5,26.8,18.3,0.4554,1
FernRidgeRd_TON_12.03.25_LS,TON,540,31843,530.71,302.7,261.4,26.5,16.5,0.3877,1
FernRidgeRd_TON_12.03.25_LS,TON,540,31844,530.73,296.6,263.0,26.2,16.4,0.17,1
FernRidgeRd_TON_12.03.25_LS,TON,540,31845,530.74,288.2,262.5,26.7,18.7,0.3556,1
FernRidgeRd_TON_12.03.25_LS,TON,540,31846,530.76,280.8,264.0,27.4,17.4,0.161,1
FernRidgeRd_TON_12.03.25_LS,TON,540,31847,530.78,273.5,264.4,27.6,18.2,0.3058,1
FernRidgeRd_TON_12.03.25_LS,TON,540,31848,530.79,267.3,266.3,26.7,16.8,0.2397,1
FernRidgeRd_TON_12.03.25_LS,TON,540,31858,530.96,196.4,269.6,27.9,18.0,0.3525,1
FernRidgeRd_TON_12.03.25_LS,TON,540,31859,530.98,187.4,270.1,29.2,18.0,0.3253,1
FernRidgeRd_TON_12.03.25_LS,TON,540,31860,530.99,179.9,269.1,28.4,17.4,0.1952,1
FernRidgeRd_TON_12.03.25_LS,TON,540,31861,531.01,170.3,268.7,29.1,17.9,0.1967,1
FernRidgeRd_TON_12.03.25_LS,TON,540,31862,531.03,163.5,269.2,28.2,17.1,0.3061,1
FernRidgeRd_TON_12.03.25_LS,TON,540,31863,531.04,157.1,268.9,29.2,17.1,0.2204,1
FernRidgeRd_TON_12.03.25_LS,TON,540,31864,531.06,151.5,268.6,29.9,18.2,0.4028,1
FernRidgeRd_TON_12.03.25_LS,TON,540,31865,531.08,145.7,268.9,29.7,18.9,0.2929,1
FernRidgeRd_TON_12.03.25_LS,TON,540,31866,531.09,137.1,268.4,29.1,18.5,0.549,1
FernRidgeRd_TON_12.03.25_LS,TON,540,31867,531.11,130.3,268.2,28.2,18.7,0.5884,1
FernRidgeRd_TON_12.03.25_LS,TON,540,31868,531.13,121.3,268.5,28.6,18.8,0.5464,1
FernRidgeRd_TON_12.03.25_LS,TON,540,31869,531.14,113.2,268.5,28.7,19.0,0.5312,1
FernRidgeRd_TON_12.03.25_LS,TON,540,31872,531.19,92.8,268.2,28.3,21.7,0.4818,1
FernRidgeRd_TON_12.03.25_LS,TON,540,31873,531.21,83.7,268.7,28.7,20.9,0.2202,1
FernRidgeRd_TON_12.03.25_LS,TON,540,31875,531.24,69.8,268.9,29.9,19.2,0.4061,1
FernRidgeRd_TON_12.03.25_LS,TON,540,31876,531.26,61.3,270.5,30.2,20.1,0.2942,1
FernRidgeRd_TON_12.03.25_LS,TON,540,31877,531.28,54.8,271.2,30.4,19.5,0.3274,1
FernRidgeRd_TON_12.03.25_LS,TON,540,31878,531.29,47.9,269.9,30.5,19.7,0.4819,1
FernRidgeRd_TON_12.03.25_LS,TON,540,31879,531.31,42.0,269.6,30.2,19.6,0.6513,1
FernRidgeRd_TON_12.03.25_LS,TON,540,31880,531.33,35.4,270.5,29.4,18.7,0.5993,1
FernRidgeRd_TON_12.03.25_LS,TON,540,31881,531.34,27.1,269.6,28.8,17.9,0.5988,1
FernRidgeRd_TON_12.03.25_LS,TON,540,31883,531.38,14.9,271.3,28.5,18.5,0.4216,1
FernRidgeRd_TON_12.03.25_LS,TON,540,31884,531.39,10.4,270.1,20.8,20.0,0.4907,1
FernRidgeRd_TON_12.03.25_LS,TON,541,31875,531.24,74.6,287.5,55.1,60.1,0.6637,0
FernRidgeRd_TON_12.03.25_LS,TON,541,31876,531.26,68.1,288.5,55.7,59.8,0.2219,0
FernRidgeRd_TON_12.03.25_LS,TON,541,31877,531.28,63.5,289.3,67.2,61.6,0.1209,0
FernRidgeRd_TON_12.03.25_LS,TON,545,31930,532.16,457.5,188.4,14.7,12.9,0.5332,0
FernRidgeRd_TON_12.03.25_LS,TON,545,31931,532.18,454.4,189.1,14.1,12.7,0.5092,0
FernRidgeRd_TON_12.03.25_LS,TON,545,31932,532.19,451.1,189.0,13.9,12.5,0.4922,0
FernRidgeRd_TON_12.03.25_LS,TON,545,31933,532.21,445.9,186.3,15.1,13.6,0.4402,0
FernRidgeRd_TON_12.03.25_LS,TON,545,31934,532.23,441.7,188.5,14.8,13.7,0.536,0
FernRidgeRd_TON_12.03.25_LS,TON,545,31935,532.24,439.3,187.7,15.4,14.1,0.5549,0
FernRidgeRd_TON_12.03.25_LS,TON,545,31936,532.26,433.3,186.0,14.0,12.5,0.324,0
FernRidgeRd_TON_12.03.25_LS,TON,547,31967,532.78,308.4,180.1,15.1,13.2,0.5192,0
FernRidgeRd_TON_12.03.25_LS,TON,547,31968,532.79,303.5,179.4,15.1,13.3,0.4805,0
FernRidgeRd_TON_12.03.25_LS,TON,547,31969,532.81,299.7,176.8,14.3,12.9,0.5309,0
FernRidgeRd_TON_12.03.25_LS,TON,549,31972,532.86,288.6,175.0,14.8,13.2,0.5441,1
FernRidgeRd_TON_12.03.25_LS,TON,549,31973,532.88,284.5,176.2,14.3,12.7,0.4393,1
FernRidgeRd_TON_12.03.25_LS,TON,549,31974,532.89,280.7,175.2,13.8,12.0,0.5352,1
FernRidgeRd_TON_12.03.25_LS,TON,549,31975,532.91,275.8,173.1,14.4,12.6,0.5743,1
FernRidgeRd_TON_12.03.25_LS,TON,549,31976,532.93,271.3,173.6,14.6,12.9,0.4456,1
FernRidgeRd_TON_12.03.25_LS,TON,549,31978,532.96,264.8,172.7,14.8,12.7,0.5637,1
FernRidgeRd_TON_12.03.25_LS,TON,549,31979,532.98,259.2,174.1,14.6,12.9,0.5492,1
FernRidgeRd_TON_12.03.25_LS,TON,549,31980,532.99,255.4,173.6,14.5,12.4,0.6066,1
FernRidgeRd_TON_12.03.25_LS,TON,549,31982,533.03,246.1,174.5,14.3,12.1,0.647,1
FernRidgeRd_TON_12.03.25_LS,TON,549,31983,533.04,242.6,173.4,14.5,12.5,0.6206,1
FernRidgeRd_TON_12.03.25_LS,TON,549,31984,533.06,239.3,172.2,15.0,13.3,0.5927,1
FernRidgeRd_TON_12.03.25_LS,TON,549,31985,533.08,233.1,174.6,14.0,12.8,0.6424,1
FernRidgeRd_TON_12.03.25_LS,TON,549,31986,533.09,230.4,173.0,14.5,13.2,0.6383,1
FernRidgeRd_TON_12.03.25_LS,TON,549,31987,533.11,226.8,172.7,13.9,12.8,0.6056,1
FernRidgeRd_TON_12.03.25_LS,TON,549,31988,533.13,221.9,174.4,13.6,12.4,0.6168,1
FernRidgeRd_TON_12.03.25_LS,TON,549,31989,533.14,217.8,172.7,14.3,12.8,0.5277,1
FernRidgeRd_TON_12.03.25_LS,TON,549,31991,533.18,208.6,172.7,13.5,12.5,0.5089,1
FernRidgeRd_TON_12.03.25_LS,TON,549,31992,533.19,204.9,170.9,12.8,11.8,0.489,1
FernRidgeRd_TON_12.03.25_LS,TON,549,31993,533.21,200.0,172.6,12.9,11.9,0.548,1
FernRidgeRd_TON_12.03.25_LS,TON,549,31994,533.23,196.4,173.2,13.3,11.9,0.5444,1
FernRidgeRd_TON_12.03.25_LS,TON,549,31995,533.24,192.1,170.8,13.3,11.8,0.5344,1
FernRidgeRd_TON_12.03.25_LS,TON,549,31996,533.26,187.9,172.2,13.2,11.9,0.5736,1
FernRidgeRd_TON_12.03.25_LS,TON,549,31997,533.28,184.8,172.4,13.8,12.4,0.6077,1
FernRidgeRd_TON_12.03.25_LS,TON,549,31998,533.29,180.8,170.7,13.8,12.2,0.4711,1
FernRidgeRd_TON_12.03.25_LS,TON,549,31999,533.31,177.1,170.7,13.8,12.1,0.3691,1
FernRidgeRd_TON_12.03.25_LS,TON,549,32000,533.33,173.3,170.6,14.9,13.1,0.5622,1
FernRidgeRd_TON_12.03.25_LS,TON,549,32001,533.34,168.0,169.7,15.4,13.8,0.6276,1
FernRidgeRd_TON_12.03.25_LS,TON,549,32002,533.36,163.9,170.7,14.8,12.4,0.5946,1
FernRidgeRd_TON_12.03.25_LS,TON,549,32003,533.38,159.3,169.8,15.4,12.7,0.5942,1
FernRidgeRd_TON_12.03.25_LS,TON,549,32004,533.39,155.8,169.3,15.4,12.8,0.5056,1
FernRidgeRd_TON_12.03.25_LS,TON,549,32005,533.41,150.5,167.7,14.9,12.9,0.6158,1
FernRidgeRd_TON_12.03.25_LS,TON,549,32006,533.43,147.5,166.7,15.2,12.7,0.6064,1
FernRidgeRd_TON_12.03.25_LS,TON,549,32007,533.44,143.6,166.3,15.1,12.8,0.6599,1
FernRidgeRd_TON_12.03.25_LS,TON,549,32008,533.46,140.0,166.0,15.4,13.1,0.6038,1
FernRidgeRd_TON_12.03.25_LS,TON,549,32009,533.48,135.5,164.9,15.1,13.3,0.5857,1
FernRidgeRd_TON_12.03.25_LS,TON,549,32010,533.49,129.9,164.3,15.4,14.1,0.6266,1
FernRidgeRd_TON_12.03.25_LS,TON,549,32011,533.51,127.4,163.7,16.4,14.8,0.5608,1
FernRidgeRd_TON_12.03.25_LS,TON,570,33697,561.61,387.7,272.3,33.7,22.4,0.5935,1
FernRidgeRd_TON_12.03.25_LS,TON,570,33698,561.63,386.8,271.8,34.1,21.9,0.5914,1
FernRidgeRd_TON_12.03.25_LS,TON,570,33699,561.64,385.5,274.1,33.5,21.9,0.2706,1
FernRidgeRd_TON_12.03.25_LS,TON,570,33700,561.66,384.1,276.4,31.5,20.7,0.6147,1
FernRidgeRd_TON_12.03.25_LS,TON,570,33701,561.68,384.5,274.3,31.1,20.7,0.5216,1
FernRidgeRd_TON_12.03.25_LS,TON,570,33702,561.69,383.4,276.4,32.3,20.5,0.4923,1
FernRidgeRd_TON_12.03.25_LS,TON,570,33703,561.71,381.7,278.2,32.5,20.3,0.6165,1
FernRidgeRd_TON_12.03.25_LS,TON,570,33704,561.73,380.6,277.1,31.5,20.3,0.5895,1
FernRidgeRd_TON_12.03.25_LS,TON,570,33705,561.74,379.8,279.5,31.4,20.1,0.6802,1
FernRidgeRd_TON_12.03.25_LS,TON,570,33706,561.76,379.2,281.1,30.7,20.3,0.685,1
FernRidgeRd_TON_12.03.25_LS,TON,570,33707,561.78,379.2,279.9,30.0,20.5,0.7124,1
FernRidgeRd_TON_12.03.25_LS,TON,570,33708,561.79,377.9,281.9,29.8,20.4,0.6845,1
FernRidgeRd_TON_12.03.25_LS,TON,570,33709,561.81,376.4,282.0,32.0,21.2,0.6213,1
FernRidgeRd_TON_12.03.25_LS,TON,570,33710,561.83,375.0,281.1,32.6,21.4,0.6623,1
FernRidgeRd_TON_12.03.25_LS,TON,570,33711,561.84,378.4,282.9,35.4,22.7,0.4432,1
FernRidgeRd_TON_12.03.25_LS,TON,570,33712,561.86,378.2,283.0,36.1,23.0,0.1843,1
FernRidgeRd_TON_12.03.25_LS,TON,570,33713,561.88,376.8,281.5,35.0,22.3,0.1595,1
FernRidgeRd_TON_12.03.25_LS,TON,570,33714,561.89,377.5,281.3,34.5,22.1,0.109,1
FernRidgeRd_TON_12.03.25_LS,TON,570,33715,561.91,378.0,281.1,34.9,22.3,0.1306,1
FernRidgeRd_TON_12.03.25_LS,TON,570,33717,561.94,369.1,276.6,33.8,21.4,0.5613,1
FernRidgeRd_TON_12.03.25_LS,TON,570,33718,561.96,366.8,273.2,33.9,21.3,0.5538,1
FernRidgeRd_TON_12.03.25_LS,TON,570,33719,561.98,366.4,272.0,32.2,21.4,0.5403,1
FernRidgeRd_TON_12.03.25_LS,TON,570,33720,561.99,365.7,272.6,28.2,20.4,0.6562,1
FernRidgeRd_TON_12.03.25_LS,TON,570,33721,562.01,365.9,269.7,28.4,20.1,0.5536,1
FernRidgeRd_TON_12.03.25_LS,TON,570,33727,562.11,357.9,260.6,32.6,23.1,0.4102,1
FernRidgeRd_TON_12.03.25_LS,TON,570,33728,562.13,358.0,259.1,32.9,22.3,0.6549,1
FernRidgeRd_TON_12.03.25_LS,TON,570,33730,562.16,357.9,254.0,34.9,22.8,0.309,1
FernRidgeRd_TON_12.03.25_LS,TON,570,33731,562.18,356.8,254.1,36.0,22.9,0.55,1
FernRidgeRd_TON_12.03.25_LS,TON,570,33732,562.19,358.4,253.0,34.4,21.8,0.7125,1
FernRidgeRd_TON_12.03.25_LS,TON,570,33733,562.21,358.0,250.6,34.3,22.1,0.6343,1
FernRidgeRd_TON_12.03.25_LS,TON,570,33734,562.23,357.8,249.3,34.2,22.2,0.7082,1
FernRidgeRd_TON_12.03.25_LS,TON,570,33735,562.24,356.6,248.1,33.2,21.5,0.6598,1
FernRidgeRd_TON_12.03.25_LS,TON,570,33736,562.26,353.8,246.7,31.5,20.3,0.5404,1
FernRidgeRd_TON_12.03.25_LS,TON,570,33738,562.29,355.7,245.9,29.6,19.3,0.5736,1
FernRidgeRd_TON_12.03.25_LS,TON,570,33739,562.31,356.4,245.1,30.3,19.8,0.747,1
FernRidgeRd_TON_12.03.25_LS,TON,570,33740,562.33,356.9,244.5,30.6,20.2,0.7658,1
FernRidgeRd_TON_12.03.25_LS,TON,570,33741,562.34,356.2,244.2,30.5,19.8,0.7662,1
FernRidgeRd_TON_12.03.25_LS,TON,570,33742,562.36,355.6,243.9,31.3,20.3,0.7341,1
FernRidgeRd_TON_12.03.25_LS,TON,570,33743,562.38,354.9,243.2,31.9,20.7,0.738,1
FernRidgeRd_TON_12.03.25_LS,TON,570,33744,562.39,354.5,242.8,30.9,20.0,0.5176,1
FernRidgeRd_TON_12.03.25_LS,TON,570,33745,562.41,353.2,242.9,30.7,20.0,0.712,1
FernRidgeRd_TON_12.03.25_LS,TON,570,33746,562.43,352.7,242.7,31.1,20.5,0.6965,1
FernRidgeRd_TON_12.03.25_LS,TON,570,33747,562.44,351.2,242.8,31.9,21.0,0.7368,1
FernRidgeRd_TON_12.03.25_LS,TON,570,33748,562.46,350.6,241.9,32.7,21.7,0.7529,1
FernRidgeRd_TON_12.03.25_LS,TON,570,33749,562.48,350.2,241.9,32.9,22.0,0.7638,1
FernRidgeRd_TON_12.03.25_LS,TON,570,33750,562.49,349.9,242.2,34.0,24.0,0.6668,1
FernRidgeRd_TON_12.03.25_LS,TON,570,33756,562.59,344.7,238.7,31.6,21.1,0.7598,1
FernRidgeRd_TON_12.03.25_LS,TON,570,33757,562.61,344.7,238.8,30.6,20.5,0.7637,1
FernRidgeRd_TON_12.03.25_LS,TON,570,33758,562.63,344.2,238.4,30.6,20.9,0.7723,1
FernRidgeRd_TON_12.03.25_LS,TON,570,33759,562.64,343.6,237.0,30.1,20.6,0.7753,1
FernRidgeRd_TON_12.03.25_LS,TON,570,33760,562.66,343.1,237.3,30.1,20.8,0.7626,1
FernRidgeRd_TON_12.03.25_LS,TON,570,33761,562.68,342.3,236.0,30.3,20.3,0.7763,1
FernRidgeRd_TON_12.03.25_LS,TON,570,33762,562.69,340.2,234.5,31.8,21.0,0.7508,1
FernRidgeRd_TON_12.03.25_LS,TON,570,33763,562.71,340.4,234.0,31.0,20.9,0.7674,1
FernRidgeRd_TON_12.03.25_LS,TON,570,33764,562.73,339.8,232.0,31.7,20.9,0.7697,1
FernRidgeRd_TON_12.03.25_LS,TON,570,33765,562.74,339.2,231.1,32.3,21.0,0.7428,1
FernRidgeRd_TON_12.03.25_LS,TON,570,33766,562.76,338.8,230.0,32.6,21.7,0.7527,1
FernRidgeRd_TON_12.03.25_LS,TON,570,33767,562.78,338.4,227.7,32.0,20.9,0.7249,1
FernRidgeRd_TON_12.03.25_LS,TON,570,33768,562.79,338.4,227.0,31.9,21.1,0.7422,1
FernRidgeRd_TON_12.03.25_LS,TON,570,33769,562.81,338.2,226.3,31.5,21.5,0.7616,1
FernRidgeRd_TON_12.03.25_LS,TON,570,33770,562.83,337.4,224.4,31.2,20.6,0.7856,1
FernRidgeRd_TON_12.03.25_LS,TON,570,33771,562.84,336.9,223.6,30.5,20.0,0.7782,1
FernRidgeRd_TON_12.03.25_LS,TON,570,33772,562.86,336.5,222.8,30.3,20.0,0.7861,1
FernRidgeRd_TON_12.03.25_LS,TON,570,33773,562.88,336.1,220.9,30.7,20.4,0.7873,1
FernRidgeRd_TON_12.03.25_LS,TON,570,33774,562.89,335.4,220.6,30.8,20.7,0.7893,1
FernRidgeRd_TON_12.03.25_LS,TON,570,33775,562.91,335.0,219.3,31.6,21.3,0.7557,1
FernRidgeRd_TON_12.03.25_LS,TON,570,33776,562.93,334.5,217.4,31.7,21.2,0.7852,1
FernRidgeRd_TON_12.03.25_LS,TON,570,33777,562.94,334.3,217.7,31.7,21.5,0.7615,1
FernRidgeRd_TON_12.03.25_LS,TON,570,33778,562.96,333.5,217.6,32.6,21.7,0.7291,1
FernRidgeRd_TON_12.03.25_LS,TON,570,33779,562.98,332.8,217.6,32.8,21.4,0.6747,1
FernRidgeRd_TON_12.03.25_LS,TON,570,33780,562.99,331.1,217.5,31.0,20.0,0.703,1
FernRidgeRd_TON_12.03.25_LS,TON,570,33781,563.01,331.4,216.0,31.4,20.3,0.6362,1
FernRidgeRd_TON_12.03.25_LS,TON,570,33782,563.03,331.9,216.3,32.8,21.2,0.6985,1
FernRidgeRd_TON_12.03.25_LS,TON,570,33783,563.04,330.2,215.5,32.7,21.0,0.575,1
FernRidgeRd_TON_12.03.25_LS,TON,570,33784,563.06,330.6,212.8,31.9,20.7,0.7292,1
FernRidgeRd_TON_12.03.25_LS,TON,570,33785,563.08,330.4,212.8,31.7,21.0,0.7457,1
FernRidgeRd_TON_12.03.25_LS,TON,570,33786,563.09,330.9,212.1,31.2,20.8,0.7234,1
FernRidgeRd_TON_12.03.25_LS,TON,570,33787,563.11,329.9,211.5,31.3,21.1,0.7044,1
FernRidgeRd_TON_12.03.25_LS,TON,570,33788,563.13,330.1,210.9,30.4,20.5,0.6638,1
FernRidgeRd_TON_12.03.25_LS,TON,570,33789,563.14,328.9,210.4,30.1,20.4,0.7143,1
FernRidgeRd_TON_12.03.25_LS,TON,570,33790,563.16,328.0,209.8,30.9,20.9,0.743,1
FernRidgeRd_TON_12.03.25_LS,TON,570,33791,563.18,327.4,209.5,31.9,21.4,0.7373,1
FernRidgeRd_TON_12.03.25_LS,TON,570,33792,563.19,328.2,209.4,30.4,20.5,0.7615,1
FernRidgeRd_TON_12.03.25_LS,TON,570,33793,563.21,327.8,208.9,30.8,20.7,0.7616,1
FernRidgeRd_TON_12.03.25_LS,TON,570,33794,563.23,327.1,208.9,30.8,20.5,0.7524,1
FernRidgeRd_TON_12.03.25_LS,TON,570,33795,563.24,327.4,209.5,30.1,20.7,0.6456,1
FernRidgeRd_TON_12.03.25_LS,TON,570,33796,563.26,326.7,209.2,29.8,20.7,0.5564,1
FernRidgeRd_TON_12.03.25_LS,TON,570,33797,563.28,321.4,208.4,30.7,21.0,0.1792,1
FernRidgeRd_TON_12.03.25_LS,TON,570,33798,563.29,322.1,207.8,32.3,21.1,0.7263,1
FernRidgeRd_TON_12.03.25_LS,TON,570,33799,563.31,322.7,206.1,32.0,21.1,0.7483,1
FernRidgeRd_TON_12.03.25_LS,TON,570,33800,563.33,323.1,206.1,31.6,21.5,0.7638,1
FernRidgeRd_TON_12.03.25_LS,TON,570,33801,563.34,322.8,206.0,31.3,21.1,0.766,1
FernRidgeRd_TON_12.03.25_LS,TON,570,33802,563.36,323.1,204.4,31.9,21.3,0.7406,1
FernRidgeRd_TON_12.03.25_LS,TON,570,33803,563.38,322.8,204.1,31.7,20.6,0.7295,1
FernRidgeRd_TON_12.03.25_LS,TON,570,33804,563.39,322.7,203.7,31.4,20.4,0.7629,1
FernRidgeRd_TON_12.03.25_LS,TON,570,33805,563.41,322.6,202.5,31.0,20.7,0.7627,1
FernRidgeRd_TON_12.03.25_LS,TON,570,33806,563.43,322.2,202.7,30.7,20.6,0.7053,1
FernRidgeRd_TON_12.03.25_LS,TON,570,33807,563.44,321.6,201.2,30.4,20.2,0.765,1
FernRidgeRd_TON_12.03.25_LS,TON,570,33808,563.46,321.4,200.7,30.1,20.2,0.7785,1
FernRidgeRd_TON_12.03.25_LS,TON,570,33809,563.48,320.7,200.8,30.4,20.4,0.7747,1
FernRidgeRd_TON_12.03.25_LS,TON,570,33810,563.49,319.7,199.6,31.4,20.3,0.7774,1
FernRidgeRd_TON_12.03.25_LS,TON,570,33811,563.51,319.2,199.5,31.6,20.0,0.7803,1
FernRidgeRd_TON_12.03.25_LS,TON,570,33812,563.53,318.8,199.5,31.5,20.2,0.7857,1
FernRidgeRd_TON_12.03.25_LS,TON,570,33813,563.54,318.1,198.2,32.0,21.3,0.7781,1
FernRidgeRd_TON_12.03.25_LS,TON,570,33814,563.56,316.0,197.7,31.8,21.1,0.7463,1
FernRidgeRd_TON_12.03.25_LS,TON,570,33815,563.58,314.5,198.0,31.1,20.6,0.6925,1
FernRidgeRd_TON_12.03.25_LS,TON,570,33816,563.59,316.3,197.1,31.9,21.8,0.6241,1
FernRidgeRd_TON_12.03.25_LS,TON,570,33817,563.61,317.1,197.4,33.6,22.8,0.6663,1
FernRidgeRd_TON_12.03.25_LS,TON,570,33818,563.63,317.5,196.6,33.2,22.1,0.6732,1
FernRidgeRd_TON_12.03.25_LS,TON,570,33819,563.64,318.2,194.8,32.4,22.0,0.758,1
FernRidgeRd_TON_12.03.25_LS,TON,570,33820,563.66,317.5,195.1,31.8,21.4,0.7282,1
FernRidgeRd_TON_12.03.25_LS,TON,570,33821,563.68,317.5,194.2,31.3,21.7,0.7786,1
FernRidgeRd_TON_12.03.25_LS,TON,570,33822,563.69,317.2,193.8,31.9,22.2,0.7829,1
FernRidgeRd_TON_12.03.25_LS,TON,570,33823,563.71,316.4,194.3,31.7,21.6,0.7803,1
FernRidgeRd_TON_12.03.25_LS,TON,570,33824,563.73,316.2,193.3,32.2,21.8,0.7904,1
FernRidgeRd_TON_12.03.25_LS,TON,570,33825,563.74,315.9,192.8,32.1,21.4,0.7268,1
FernRidgeRd_TON_12.03.25_LS,TON,570,33826,563.76,315.8,193.2,31.9,21.1,0.7297,1
FernRidgeRd_TON_12.03.25_LS,TON,570,33827,563.78,315.4,191.6,31.4,21.0,0.7073,1
FernRidgeRd_TON_12.03.25_LS,TON,570,33828,563.79,315.1,191.3,31.2,20.4,0.725,1
FernRidgeRd_TON_12.03.25_LS,TON,570,33829,563.81,315.3,191.0,30.7,20.3,0.7317,1
FernRidgeRd_TON_12.03.25_LS,TON,570,33830,563.83,316.3,189.6,31.2,20.6,0.6002,1
FernRidgeRd_TON_12.03.25_LS,TON,570,33831,563.84,315.8,189.4,32.0,20.8,0.585,1
FernRidgeRd_TON_12.03.25_LS,TON,570,33832,563.86,315.5,190.0,32.7,21.2,0.3665,1
FernRidgeRd_TON_12.03.25_LS,TON,570,33833,563.88,316.2,188.7,31.4,20.2,0.4501,1
FernRidgeRd_TON_12.03.25_LS,TON,570,33834,563.89,317.2,188.8,31.1,20.0,0.7142,1
FernRidgeRd_TON_12.03.25_LS,TON,570,33835,563.91,318.3,187.6,30.7,20.0,0.726,1
FernRidgeRd_TON_12.03.25_LS,TON,570,33836,563.93,318.3,187.6,31.2,20.6,0.7312,1
FernRidgeRd_TON_12.03.25_LS,TON,570,33837,563.94,318.1,188.1,31.6,21.0,0.7383,1
FernRidgeRd_TON_12.03.25_LS,TON,570,33838,563.96,318.0,187.9,32.0,21.5,0.7324,1
FernRidgeRd_TON_12.03.25_LS,TON,570,33839,563.98,318.0,187.0,32.6,21.8,0.7568,1
FernRidgeRd_TON_12.03.25_LS,TON,570,33840,563.99,318.1,187.3,32.5,21.6,0.7495,1
FernRidgeRd_TON_12.03.25_LS,TON,570,33841,564.01,318.3,187.6,32.4,21.4,0.7522,1
FernRidgeRd_TON_12.03.25_LS,TON,570,33842,564.03,318.3,186.3,33.1,22.2,0.7326,1
FernRidgeRd_TON_12.03.25_LS,TON,570,33843,564.04,317.9,186.7,33.0,22.2,0.7116,1
FernRidgeRd_TON_12.03.25_LS,TON,570,33844,564.06,318.8,187.2,30.7,20.6,0.5897,1
FernRidgeRd_TON_12.03.25_LS,TON,570,33845,564.08,317.5,186.0,30.8,20.8,0.563,1
FernRidgeRd_TON_12.03.25_LS,TON,570,33846,564.09,317.1,186.3,31.1,21.3,0.5671,1
FernRidgeRd_TON_12.03.25_LS,TON,570,33847,564.11,317.5,186.0,31.5,21.6,0.5194,1
FernRidgeRd_TON_12.03.25_LS,TON,570,33848,564.13,317.7,185.2,31.8,21.6,0.553,1
FernRidgeRd_TON_12.03.25_LS,TON,570,33849,564.14,315.8,184.9,30.7,20.6,0.5265,1
FernRidgeRd_TON_12.03.25_LS,TON,570,33850,564.16,319.2,184.4,30.2,19.8,0.6629,1
FernRidgeRd_TON_12.03.25_LS,TON,570,33851,564.18,320.4,184.3,30.6,19.6,0.7373,1
FernRidgeRd_TON_12.03.25_LS,TON,570,33852,564.19,320.3,185.3,31.6,20.2,0.7034,1
FernRidgeRd_TON_12.03.25_LS,TON,570,33853,564.21,320.8,185.1,31.2,20.1,0.7,1
FernRidgeRd_TON_12.03.25_LS,TON,570,33854,564.23,320.6,185.7,32.8,21.2,0.7293,1
FernRidgeRd_TON_12.03.25_LS,TON,570,33855,564.24,320.4,185.2,30.6,19.7,0.7285,1
FernRidgeRd_TON_12.03.25_LS,TON,570,33856,564.26,317.8,184.9,29.7,19.2,0.7122,1
FernRidgeRd_TON_12.03.25_LS,TON,570,33857,564.28,320.2,185.6,31.7,21.0,0.7324,1
FernRidgeRd_TON_12.03.25_LS,TON,570,33858,564.29,320.4,186.2,32.2,21.5,0.7774,1
FernRidgeRd_TON_12.03.25_LS,TON,570,33859,564.31,320.1,186.5,32.9,21.6,0.7603,1
FernRidgeRd_TON_12.03.25_LS,TON,570,33860,564.33,320.2,187.0,32.5,21.0,0.674,1
FernRidgeRd_TON_12.03.25_LS,TON,570,33861,564.34,319.8,187.4,31.3,20.6,0.6289,1
FernRidgeRd_TON_12.03.25_LS,TON,570,33862,564.36,322.0,187.4,31.2,20.7,0.7093,1
FernRidgeRd_TON_12.03.25_LS,TON,570,33863,564.38,323.1,187.0,31.2,20.3,0.7301,1
FernRidgeRd_TON_12.03.25_LS,TON,570,33864,564.39,323.2,187.7,31.6,20.3,0.7363,1
FernRidgeRd_TON_12.03.25_LS,TON,570,33865,564.41,323.4,186.9,32.1,20.8,0.714,1
FernRidgeRd_TON_12.03.25_LS,TON,570,33866,564.43,323.5,186.2,32.5,21.8,0.7316,1
FernRidgeRd_TON_12.03.25_LS,TON,570,33867,564.44,322.8,187.5,33.1,21.2,0.7012,1
FernRidgeRd_TON_12.03.25_LS,TON,570,33868,564.46,323.0,187.0,30.9,20.7,0.5575,1
FernRidgeRd_TON_12.03.25_LS,TON,570,33869,564.48,322.4,186.5,29.0,19.4,0.692,1
FernRidgeRd_TON_12.03.25_LS,TON,570,33870,564.49,321.9,187.4,29.2,19.2,0.6298,1
FernRidgeRd_TON_12.03.25_LS,TON,570,33871,564.51,323.4,187.5,29.3,19.6,0.6628,1
FernRidgeRd_TON_12.03.25_LS,TON,570,33872,564.53,327.9,187.3,30.4,20.5,0.5646,1
FernRidgeRd_TON_12.03.25_LS,TON,570,33873,564.54,326.8,188.0,33.0,21.7,0.6247,1
FernRidgeRd_TON_12.03.25_LS,TON,570,33874,564.56,327.4,187.1,32.7,22.0,0.6036,1
FernRidgeRd_TON_12.03.25_LS,TON,570,33875,564.58,328.2,186.8,34.1,22.4,0.5589,1
FernRidgeRd_TON_12.03.25_LS,TON,570,33876,564.59,328.7,185.8,34.3,22.3,0.6374,1
FernRidgeRd_TON_12.03.25_LS,TON,570,33877,564.61,328.6,185.5,33.0,21.7,0.6586,1
FernRidgeRd_TON_12.03.25_LS,TON,570,33878,564.63,322.2,186.6,33.9,22.3,0.5166,1
FernRidgeRd_TON_12.03.25_LS,TON,570,33879,564.64,320.3,186.5,34.1,22.1,0.5496,1
FernRidgeRd_TON_12.03.25_LS,TON,570,33880,564.66,319.1,186.3,33.6,22.0,0.4366,1
FernRidgeRd_TON_12.03.25_LS,TON,570,33881,564.68,316.7,186.7,33.5,21.8,0.1649,1
FernRidgeRd_TON_12.03.25_LS,TON,573,33819,563.64,56.1,183.3,21.8,23.7,0.5682,0
FernRidgeRd_TON_12.03.25_LS,TON,573,33820,563.66,56.4,183.1,23.5,25.2,0.6056,0
FernRidgeRd_TON_12.03.25_LS,TON,573,33821,563.68,56.2,182.4,24.2,26.1,0.4545,0
FernRidgeRd_TON_12.03.25_LS,TON,573,33825,563.74,49.9,182.2,24.1,25.0,0.4083,0
FernRidgeRd_TON_12.03.25_LS,TON,573,33826,563.76,48.9,182.9,23.9,24.8,0.3429,0
FernRidgeRd_TON_12.03.25_LS,TON,573,33827,563.78,48.9,179.9,23.2,23.8,0.551,0
FernRidgeRd_TON_12.03.25_LS,TON,573,33828,563.79,48.4,179.9,24.0,24.4,0.5718,0
FernRidgeRd_TON_12.03.25_LS,TON,573,33829,563.81,47.5,180.3,23.5,23.3,0.3591,0
FernRidgeRd_TON_12.03.25_LS,TON,573,33831,563.84,45.9,179.9,24.8,24.5,0.3329,0
FernRidgeRd_TON_12.03.25_LS,TON,573,33832,563.86,45.2,178.8,24.1,23.4,0.4,0
FernRidgeRd_TON_12.03.25_LS,TON,573,33833,563.88,44.1,177.4,22.3,21.8,0.27,0
FernRidgeRd_TON_12.03.25_LS,TON,573,33834,563.89,43.0,178.2,22.5,22.2,0.3185,0
FernRidgeRd_TON_12.03.25_LS,TON,573,33835,563.91,42.1,178.7,22.2,20.4,0.2212,0
FernRidgeRd_TON_12.03.25_LS,TON,577,33880,564.66,74.8,176.3,23.2,24.9,0.4442,1
FernRidgeRd_TON_12.03.25_LS,TON,577,33881,564.68,76.7,175.9,23.4,24.9,0.4668,1
FernRidgeRd_TON_12.03.25_LS,TON,577,33882,564.69,77.4,176.0,23.5,24.9,0.3933,1
FernRidgeRd_TON_12.03.25_LS,TON,577,33883,564.71,77.7,175.2,24.2,26.2,0.2497,1
FernRidgeRd_TON_12.03.25_LS,TON,577,33884,564.73,77.5,175.3,24.6,26.6,0.2826,1
FernRidgeRd_TON_12.03.25_LS,TON,577,33885,564.74,77.7,175.4,24.2,26.2,0.4275,1
FernRidgeRd_TON_12.03.25_LS,TON,577,33886,564.76,77.5,175.3,24.0,25.8,0.5228,1
FernRidgeRd_TON_12.03.25_LS,TON,577,33887,564.78,77.5,175.6,23.8,26.4,0.2163,1
FernRidgeRd_TON_12.03.25_LS,TON,577,33888,564.79,78.8,174.8,23.9,26.1,0.196,1
FernRidgeRd_TON_12.03.25_LS,TON,577,33889,564.81,80.4,173.8,23.9,26.1,0.161,1
FernRidgeRd_TON_12.03.25_LS,TON,577,33890,564.83,81.7,173.3,23.6,24.9,0.6976,1
FernRidgeRd_TON_12.03.25_LS,TON,577,33891,564.84,82.3,173.2,23.4,24.4,0.6881,1
FernRidgeRd_TON_12.03.25_LS,TON,577,33892,564.86,82.5,172.7,23.7,24.3,0.7046,1
FernRidgeRd_TON_12.03.25_LS,TON,577,33893,564.88,83.2,172.5,23.6,24.3,0.6765,1
FernRidgeRd_TON_12.03.25_LS,TON,577,33894,564.89,83.7,172.1,23.8,24.5,0.6543,1
FernRidgeRd_TON_12.03.25_LS,TON,577,33895,564.91,84.2,172.0,24.0,24.7,0.613,1
FernRidgeRd_TON_12.03.25_LS,TON,577,33896,564.93,85.4,172.2,24.3,24.8,0.5689,1
FernRidgeRd_TON_12.03.25_LS,TON,577,33897,564.94,85.6,171.8,24.6,24.6,0.6516,1
FernRidgeRd_TON_12.03.25_LS,TON,577,33898,564.96,86.5,172.0,24.7,24.6,0.6156,1
FernRidgeRd_TON_12.03.25_LS,TON,577,33899,564.98,88.0,172.7,25.1,25.0,0.4075,1
FernRidgeRd_TON_12.03.25_LS,TON,577,33902,565.03,94.8,171.2,22.7,24.4,0.4311,1
FernRidgeRd_TON_12.03.25_LS,TON,577,33903,565.04,95.6,170.3,21.8,24.0,0.4679,1
FernRidgeRd_TON_12.03.25_LS,TON,577,33904,565.06,95.9,170.4,21.8,23.8,0.4083,1
FernRidgeRd_TON_12.03.25_LS,TON,577,33905,565.08,94.8,171.7,23.0,24.2,0.6026,1
FernRidgeRd_TON_12.03.25_LS,TON,577,33906,565.09,93.9,172.4,24.2,25.2,0.5813,1
FernRidgeRd_TON_12.03.25_LS,TON,577,33907,565.11,93.6,172.2,24.8,25.7,0.5027,1
FernRidgeRd_TON_12.03.25_LS,TON,577,33908,565.13,97.8,172.2,24.4,25.4,0.3718,1
FernRidgeRd_TON_12.03.25_LS,TON,577,33909,565.14,97.4,171.2,25.2,25.9,0.5971,1
FernRidgeRd_TON_12.03.25_LS,TON,577,33910,565.16,99.3,172.3,25.4,26.1,0.6578,1
FernRidgeRd_TON_12.03.25_LS,TON,577,33911,565.18,97.7,173.3,24.1,24.6,0.7125,1
FernRidgeRd_TON_12.03.25_LS,TON,577,33912,565.19,98.0,172.8,24.2,24.7,0.6716,1
FernRidgeRd_TON_12.03.25_LS,TON,577,33913,565.21,97.8,171.7,24.0,24.9,0.6926,1
FernRidgeRd_TON_12.03.25_LS,TON,577,33914,565.23,97.5,171.4,23.5,25.3,0.5829,1
FernRidgeRd_TON_12.03.25_LS,TON,577,33919,565.31,107.1,170.6,23.0,24.9,0.6905,1
FernRidgeRd_TON_12.03.25_LS,TON,577,33920,565.33,107.5,170.3,23.0,24.7,0.6543,1
FernRidgeRd_TON_12.03.25_LS,TON,577,33921,565.34,115.7,170.1,23.5,24.5,0.6618,1
FernRidgeRd_TON_12.03.25_LS,TON,577,33922,565.36,117.0,169.4,24.1,24.7,0.6778,1
FernRidgeRd_TON_12.03.25_LS,TON,577,33923,565.38,117.0,170.5,24.2,25.0,0.7084,1
FernRidgeRd_TON_12.03.25_LS,TON,577,33924,565.39,119.1,171.6,24.3,25.3,0.5087,1
FernRidgeRd_TON_12.03.25_LS,TON,577,33927,565.44,120.4,172.0,23.9,24.5,0.6132,1
FernRidgeRd_TON_12.03.25_LS,TON,577,33928,565.46,119.4,172.0,23.0,24.2,0.5087,1
FernRidgeRd_TON_12.03.25_LS,TON,577,33929,565.48,125.0,173.6,23.4,24.0,0.709,1
FernRidgeRd_TON_12.03.25_LS,TON,577,33930,565.49,127.0,173.1,22.5,24.7,0.1289,1
FernRidgeRd_TON_12.03.25_LS,TON,577,33931,565.51,127.9,173.4,23.0,24.2,0.58,1
FernRidgeRd_TON_12.03.25_LS,TON,577,33932,565.53,129.0,174.0,23.2,24.6,0.3448,1
FernRidgeRd_TON_12.03.25_LS,TON,577,33943,565.71,151.1,173.2,29.1,31.2,0.4669,1
FernRidgeRd_TON_12.03.25_LS,TON,577,33953,565.88,169.7,174.5,24.7,26.1,0.6622,1
FernRidgeRd_TON_12.03.25_LS,TON,577,33954,565.89,173.0,175.2,24.8,26.2,0.6809,1
FernRidgeRd_TON_12.03.25_LS,TON,577,33955,565.91,174.4,176.3,24.0,25.9,0.7266,1
FernRidgeRd_TON_12.03.25_LS,TON,577,33956,565.93,174.5,175.4,24.6,25.9,0.6142,1
FernRidgeRd_TON_12.03.25_LS,TON,577,33957,565.94,175.3,176.2,25.4,26.6,0.5901,1
FernRidgeRd_TON_12.03.25_LS,TON,577,33958,565.96,175.9,175.8,26.7,26.8,0.4047,1
FernRidgeRd_TON_12.03.25_LS,TON,577,33959,565.98,178.2,175.7,26.5,27.0,0.3535,1
FernRidgeRd_TON_12.03.25_LS,TON,577,33971,566.18,205.6,180.6,24.2,25.3,0.6844,1
FernRidgeRd_TON_12.03.25_LS,TON,577,33972,566.19,205.5,184.0,24.6,25.1,0.6807,1
FernRidgeRd_TON_12.03.25_LS,TON,577,33973,566.21,206.5,184.7,25.2,25.3,0.6182,1
FernRidgeRd_TON_12.03.25_LS,TON,577,33974,566.23,208.2,185.3,25.5,25.3,0.4811,1
FernRidgeRd_TON_12.03.25_LS,TON,577,33980,566.33,222.7,186.9,22.3,23.5,0.7258,1
FernRidgeRd_TON_12.03.25_LS,TON,577,33981,566.34,224.6,188.6,22.6,23.6,0.7681,1
FernRidgeRd_TON_12.03.25_LS,TON,577,33982,566.36,225.9,187.7,23.2,23.9,0.7449,1
FernRidgeRd_TON_12.03.25_LS,TON,577,33983,566.38,227.2,188.1,25.4,25.2,0.7348,1
FernRidgeRd_TON_12.03.25_LS,TON,577,33984,566.39,228.4,190.6,26.0,25.2,0.746,1
FernRidgeRd_TON_12.03.25_LS,TON,577,33985,566.41,230.3,190.9,26.0,24.4,0.7455,1
FernRidgeRd_TON_12.03.25_LS,TON,577,33986,566.43,232.3,191.4,26.0,24.5,0.6787,1
FernRidgeRd_TON_12.03.25_LS,TON,577,33987,566.44,234.2,193.1,24.8,24.0,0.7147,1
FernRidgeRd_TON_12.03.25_LS,TON,577,33988,566.46,235.9,193.7,23.3,24.0,0.711,1
FernRidgeRd_TON_12.03.25_LS,TON,577,33989,566.48,237.8,194.6,22.9,23.9,0.7638,1
FernRidgeRd_TON_12.03.25_LS,TON,577,33990,566.49,239.4,195.1,22.8,24.5,0.7738,1
FernRidgeRd_TON_12.03.25_LS,TON,577,33991,566.51,240.9,196.2,23.3,25.2,0.7529,1
FernRidgeRd_TON_12.03.25_LS,TON,577,33992,566.53,241.9,196.7,23.7,24.9,0.7664,1
FernRidgeRd_TON_12.03.25_LS,TON,577,33993,566.54,242.7,197.0,24.0,24.8,0.7692,1
FernRidgeRd_TON_12.03.25_LS,TON,577,33994,566.56,244.2,198.4,25.2,24.9,0.7791,1
FernRidgeRd_TON_12.03.25_LS,TON,577,33995,566.58,245.8,199.1,25.1,24.9,0.7937,1
FernRidgeRd_TON_12.03.25_LS,TON,577,33996,566.59,247.3,200.0,25.1,25.4,0.7727,1
FernRidgeRd_TON_12.03.25_LS,TON,577,33997,566.61,249.1,200.9,24.7,25.1,0.8138,1
FernRidgeRd_TON_12.03.25_LS,TON,577,33998,566.63,251.1,200.6,24.6,25.0,0.7731,1
FernRidgeRd_TON_12.03.25_LS,TON,577,33999,566.64,252.5,201.3,24.3,24.9,0.8098,1
FernRidgeRd_TON_12.03.25_LS,TON,577,34000,566.66,253.5,202.2,24.1,24.4,0.8295,1
FernRidgeRd_TON_12.03.25_LS,TON,577,34001,566.68,254.7,202.3,23.5,24.0,0.7978,1
FernRidgeRd_TON_12.03.25_LS,TON,577,34002,566.69,255.7,202.7,23.0,23.6,0.7974,1
FernRidgeRd_TON_12.03.25_LS,TON,577,34003,566.71,257.5,202.8,22.9,23.7,0.7805,1
FernRidgeRd_TON_12.03.25_LS,TON,577,34004,566.73,258.9,202.3,23.5,23.9,0.7631,1
FernRidgeRd_TON_12.03.25_LS,TON,577,34005,566.74,260.3,202.7,23.1,23.4,0.7726,1
FernRidgeRd_TON_12.03.25_LS,TON,577,34006,566.76,262.5,202.8,22.8,23.3,0.784,1
FernRidgeRd_TON_12.03.25_LS,TON,577,34007,566.78,265.2,202.4,22.0,23.1,0.7561,1
FernRidgeRd_TON_12.03.25_LS,TON,577,34008,566.79,267.4,202.7,22.0,22.9,0.796,1
FernRidgeRd_TON_12.03.25_LS,TON,577,34009,566.81,268.6,203.3,23.4,23.7,0.7765,1
FernRidgeRd_TON_12.03.25_LS,TON,577,34010,566.83,270.2,203.5,22.8,23.7,0.8114,1
FernRidgeRd_TON_12.03.25_LS,TON,577,34011,566.84,271.7,204.5,22.5,24.7,0.8294,1
FernRidgeRd_TON_12.03.25_LS,TON,577,34012,566.86,273.4,204.9,23.1,25.3,0.8223,1
FernRidgeRd_TON_12.03.25_LS,TON,577,34013,566.88,275.1,205.1,23.0,25.6,0.8677,1
FernRidgeRd_TON_12.03.25_LS,TON,577,34014,566.89,277.0,205.8,22.5,25.1,0.8659,1
FernRidgeRd_TON_12.03.25_LS,TON,577,34015,566.91,278.6,206.7,22.1,24.6,0.8542,1
FernRidgeRd_TON_12.03.25_LS,TON,577,34016,566.93,280.4,207.4,21.5,25.1,0.7718,1
FernRidgeRd_TON_12.03.25_LS,TON,577,34017,566.94,281.2,209.3,20.7,24.4,0.7918,1
FernRidgeRd_TON_12.03.25_LS,TON,577,34018,566.96,282.5,209.1,20.9,24.9,0.7881,1
FernRidgeRd_TON_12.03.25_LS,TON,577,34019,566.98,284.5,209.8,21.6,24.8,0.8097,1
FernRidgeRd_TON_12.03.25_LS,TON,577,34020,566.99,286.1,210.1,21.9,24.4,0.7472,1
FernRidgeRd_TON_12.03.25_LS,TON,577,34021,567.01,288.0,210.2,22.3,24.1,0.7689,1
FernRidgeRd_TON_12.03.25_LS,TON,577,34022,567.03,289.1,211.5,23.5,25.2,0.6941,1
FernRidgeRd_TON_12.03.25_LS,TON,577,34023,567.04,290.8,211.3,24.7,26.0,0.4918,1
FernRidgeRd_TON_12.03.25_LS,TON,577,34024,567.06,293.1,211.8,24.2,24.9,0.7239,1
FernRidgeRd_TON_12.03.25_LS,TON,577,34025,567.08,294.5,213.5,23.6,24.3,0.7721,1
FernRidgeRd_TON_12.03.25_LS,TON,577,34026,567.09,295.7,213.0,24.4,24.4,0.7163,1
FernRidgeRd_TON_12.03.25_LS,TON,577,34027,567.11,296.1,213.9,24.2,24.7,0.723,1
FernRidgeRd_TON_12.03.25_LS,TON,577,34028,567.13,296.6,215.4,24.4,25.7,0.4886,1
FernRidgeRd_TON_12.03.25_LS,TON,577,34029,567.14,298.3,214.9,24.2,26.1,0.4045,1
FernRidgeRd_TON_12.03.25_LS,TON,577,34030,567.16,300.6,215.9,25.6,28.4,0.3894,1
FernRidgeRd_TON_12.03.25_LS,TON,577,34031,567.18,302.3,216.4,24.4,27.7,0.6977,1
FernRidgeRd_TON_12.03.25_LS,TON,577,34032,567.19,305.7,217.3,22.5,26.2,0.7418,1
FernRidgeRd_TON_12.03.25_LS,TON,577,34033,567.21,306.5,219.7,21.4,26.2,0.7301,1
FernRidgeRd_TON_12.03.25_LS,TON,577,34034,567.23,307.8,220.5,20.3,26.1,0.7523,1
FernRidgeRd_TON_12.03.25_LS,TON,577,34035,567.24,308.8,220.9,20.3,25.5,0.7309,1
FernRidgeRd_TON_12.03.25_LS,TON,577,34036,567.26,310.8,222.3,21.0,25.8,0.7408,1
FernRidgeRd_TON_12.03.25_LS,TON,577,34037,567.28,312.0,222.2,21.0,25.5,0.7362,1
FernRidgeRd_TON_12.03.25_LS,TON,577,34038,567.29,314.5,222.8,21.7,25.6,0.7751,1
FernRidgeRd_TON_12.03.25_LS,TON,577,34039,567.31,317.1,224.1,22.0,26.2,0.7083,1
FernRidgeRd_TON_12.03.25_LS,TON,577,34040,567.33,319.4,224.6,21.9,26.7,0.7216,1
FernRidgeRd_TON_12.03.25_LS,TON,577,34041,567.34,320.7,226.2,22.2,26.8,0.7922,1
FernRidgeRd_TON_12.03.25_LS,TON,577,34042,567.36,321.1,227.9,22.9,27.4,0.868,1
FernRidgeRd_TON_12.03.25_LS,TON,577,34043,567.38,322.0,228.7,23.3,27.7,0.8743,1
FernRidgeRd_TON_12.03.25_LS,TON,577,34044,567.39,324.1,230.2,23.7,28.3,0.8264,1
FernRidgeRd_TON_12.03.25_LS,TON,577,34045,567.41,325.2,231.5,23.3,28.7,0.8419,1
FernRidgeRd_TON_12.03.25_LS,TON,577,34046,567.43,326.5,231.3,23.3,28.7,0.801,1
FernRidgeRd_TON_12.03.25_LS,TON,577,34047,567.44,328.2,232.0,23.3,28.5,0.759,1
FernRidgeRd_TON_12.03.25_LS,TON,577,34048,567.46,329.9,232.6,23.3,27.7,0.7804,1
FernRidgeRd_TON_12.03.25_LS,TON,577,34049,567.48,331.9,232.4,23.7,27.5,0.7394,1
FernRidgeRd_TON_12.03.25_LS,TON,577,34050,567.49,333.2,232.9,23.6,27.8,0.8249,1
FernRidgeRd_TON_12.03.25_LS,TON,577,34051,567.51,334.6,233.4,23.6,27.7,0.8005,1
FernRidgeRd_TON_12.03.25_LS,TON,577,34052,567.53,336.5,233.8,23.9,27.4,0.7844,1
FernRidgeRd_TON_12.03.25_LS,TON,577,34053,567.54,338.0,235.3,24.0,28.0,0.7747,1
FernRidgeRd_TON_12.03.25_LS,TON,577,34054,567.56,338.9,235.5,23.7,28.2,0.8116,1
FernRidgeRd_TON_12.03.25_LS,TON,577,34055,567.58,340.7,236.1,23.6,28.2,0.8662,1
FernRidgeRd_TON_12.03.25_LS,TON,577,34056,567.59,342.7,235.9,23.6,28.1,0.8264,1
FernRidgeRd_TON_12.03.25_LS,TON,577,34057,567.61,344.9,235.9,23.8,27.9,0.8184,1
FernRidgeRd_TON_12.03.25_LS,TON,577,34058,567.63,346.5,236.4,23.7,27.8,0.8447,1
FernRidgeRd_TON_12.03.25_LS,TON,577,34059,567.64,348.5,236.2,23.3,27.4,0.8377,1
FernRidgeRd_TON_12.03.25_LS,TON,577,34060,567.66,349.9,236.3,23.1,27.3,0.8472,1
FernRidgeRd_TON_12.03.25_LS,TON,577,34061,567.68,351.8,236.7,23.5,27.8,0.8237,1
FernRidgeRd_TON_12.03.25_LS,TON,577,34062,567.69,353.8,235.9,23.3,27.7,0.8431,1
FernRidgeRd_TON_12.03.25_LS,TON,577,34063,567.71,355.5,236.9,24.1,28.6,0.8295,1
FernRidgeRd_TON_12.03.25_LS,TON,577,34064,567.73,357.6,237.1,24.1,28.4,0.8192,1
FernRidgeRd_TON_12.03.25_LS,TON,577,34065,567.74,359.5,236.7,24.4,28.2,0.7946,1
FernRidgeRd_TON_12.03.25_LS,TON,577,34066,567.76,361.4,237.8,23.6,28.9,0.7641,1
FernRidgeRd_TON_12.03.25_LS,TON,577,34067,567.78,364.3,237.7,23.5,28.8,0.7813,1
FernRidgeRd_TON_12.03.25_LS,TON,577,34068,567.79,366.1,237.0,23.6,28.4,0.7467,1
FernRidgeRd_TON_12.03.25_LS,TON,577,34069,567.81,367.0,238.5,23.5,28.2,0.7467,1
FernRidgeRd_TON_12.03.25_LS,TON,577,34070,567.83,368.8,237.1,23.2,27.7,0.6898,1
FernRidgeRd_TON_12.03.25_LS,TON,577,34071,567.84,367.1,236.4,22.7,27.6,0.3861,1
FernRidgeRd_TON_12.03.25_LS,TON,577,34078,567.96,384.2,232.3,26.2,27.6,0.7344,1
FernRidgeRd_TON_12.03.25_LS,TON,577,34079,567.98,389.7,229.9,27.1,28.4,0.6031,1
FernRidgeRd_TON_12.03.25_LS,TON,577,34080,567.99,389.9,229.2,27.3,28.4,0.5615,1
FernRidgeRd_TON_12.03.25_LS,TON,577,34081,568.01,392.2,229.3,25.5,27.0,0.6975,1
FernRidgeRd_TON_12.03.25_LS,TON,577,34082,568.03,392.6,227.6,25.7,26.5,0.6592,1
FernRidgeRd_TON_12.03.25_LS,TON,577,34083,568.04,396.9,227.6,26.0,26.8,0.6481,1
FernRidgeRd_TON_12.03.25_LS,TON,577,34084,568.06,398.6,228.2,27.0,26.4,0.6189,1
FernRidgeRd_TON_12.03.25_LS,TON,577,34085,568.08,399.7,227.6,27.7,25.6,0.4029,1
FernRidgeRd_TON_12.03.25_LS,TON,577,34086,568.09,400.6,226.9,29.1,26.7,0.561,1
FernRidgeRd_TON_12.03.25_LS,TON,577,34087,568.11,402.9,227.0,27.3,26.7,0.354,1
FernRidgeRd_TON_12.03.25_LS,TON,577,34088,568.13,405.2,225.4,27.5,26.9,0.2548,1
FernRidgeRd_TON_12.03.25_LS,TON,577,34089,568.14,406.6,225.4,27.1,27.8,0.1836,1
FernRidgeRd_TON_12.03.25_LS,TON,577,34090,568.16,403.7,225.2,25.3,26.6,0.2919,1
FernRidgeRd_TON_12.03.25_LS,TON,578,33885,564.74,333.3,185.0,34.3,22.4,0.6282,1
FernRidgeRd_TON_12.03.25_LS,TON,578,33886,564.76,334.4,184.0,34.2,22.2,0.6903,1
FernRidgeRd_TON_12.03.25_LS,TON,578,33887,564.78,335.7,183.8,33.8,21.7,0.699,1
FernRidgeRd_TON_12.03.25_LS,TON,578,33888,564.79,336.6,183.7,33.5,21.7,0.6918,1
FernRidgeRd_TON_12.03.25_LS,TON,578,33889,564.81,338.2,182.4,33.8,22.3,0.6968,1
FernRidgeRd_TON_12.03.25_LS,TON,578,33890,564.83,338.7,182.7,33.3,22.1,0.6936,1
FernRidgeRd_TON_12.03.25_LS,TON,578,33891,564.84,339.7,182.1,34.0,22.4,0.6892,1
FernRidgeRd_TON_12.03.25_LS,TON,578,33892,564.86,340.2,180.9,34.4,22.2,0.6714,1
FernRidgeRd_TON_12.03.25_LS,TON,578,33893,564.88,342.3,181.1,33.7,22.4,0.6713,1
FernRidgeRd_TON_12.03.25_LS,TON,578,33894,564.89,345.2,179.2,32.0,21.7,0.6674,1
FernRidgeRd_TON_12.03.25_LS,TON,578,33895,564.91,346.2,178.2,32.1,21.8,0.7249,1
FernRidgeRd_TON_12.03.25_LS,TON,578,33896,564.93,346.5,179.3,31.3,21.3,0.7214,1
FernRidgeRd_TON_12.03.25_LS,TON,578,33897,564.94,344.3,178.4,31.2,20.7,0.4729,1
FernRidgeRd_TON_12.03.25_LS,TON,578,33898,564.96,346.7,178.6,32.0,21.1,0.3981,1
FernRidgeRd_TON_12.03.25_LS,TON,578,33899,564.98,350.3,179.5,32.8,21.8,0.7052,1
FernRidgeRd_TON_12.03.25_LS,TON,578,33900,564.99,350.8,178.8,32.8,21.7,0.7387,1
FernRidgeRd_TON_12.03.25_LS,TON,578,33901,565.01,352.5,179.2,32.8,22.2,0.7365,1
FernRidgeRd_TON_12.03.25_LS,TON,578,33902,565.03,354.6,179.4,31.9,21.6,0.7316,1
FernRidgeRd_TON_12.03.25_LS,TON,578,33903,565.04,355.8,179.2,31.2,21.0,0.7735,1
FernRidgeRd_TON_12.03.25_LS,TON,578,33904,565.06,356.9,179.2,32.1,20.9,0.7454,1
FernRidgeRd_TON_12.03.25_LS,TON,578,33905,565.08,357.9,180.3,33.2,21.4,0.7788,1
FernRidgeRd_TON_12.03.25_LS,TON,578,33906,565.09,359.2,180.2,32.9,21.1,0.7537,1
FernRidgeRd_TON_12.03.25_LS,TON,578,33907,565.11,360.1,180.5,33.8,22.0,0.7388,1
FernRidgeRd_TON_12.03.25_LS,TON,578,33908,565.13,360.0,181.4,33.7,22.0,0.6994,1
FernRidgeRd_TON_12.03.25_LS,TON,578,33909,565.14,360.7,180.9,32.9,21.7,0.6701,1
FernRidgeRd_TON_12.03.25_LS,TON,578,33910,565.16,364.5,180.6,32.4,21.7,0.4559,1
FernRidgeRd_TON_12.03.25_LS,TON,578,33911,565.18,366.0,181.1,32.9,22.1,0.3659,1
FernRidgeRd_TON_12.03.25_LS,TON,578,33912,565.19,368.6,181.4,33.3,21.8,0.2163,1
FernRidgeRd_TON_12.03.25_LS,TON,578,33913,565.21,367.7,180.6,33.5,21.3,0.3131,1
FernRidgeRd_TON_12.03.25_LS,TON,578,33914,565.23,369.4,180.7,33.0,21.8,0.5319,1
FernRidgeRd_TON_12.03.25_LS,TON,578,33915,565.24,370.2,179.7,32.1,20.7,0.246,1
FernRidgeRd_TON_12.03.25_LS,TON,578,33916,565.26,370.0,180.2,32.0,20.5,0.3563,1
FernRidgeRd_TON_12.03.25_LS,TON,578,33917,565.28,370.0,180.9,32.4,21.2,0.3834,1
FernRidgeRd_TON_12.03.25_LS,TON,578,33918,565.29,371.8,182.1,32.1,20.9,0.1406,1
FernRidgeRd_TON_12.03.25_LS,TON,578,33919,565.31,368.9,181.9,32.7,21.3,0.3771,1
FernRidgeRd_TON_12.03.25_LS,TON,578,33923,565.38,382.4,182.4,32.3,21.1,0.5509,1
FernRidgeRd_TON_12.03.25_LS,TON,578,33924,565.39,384.9,182.3,31.5,20.9,0.7239,1
FernRidgeRd_TON_12.03.25_LS,TON,578,33925,565.41,387.3,182.5,31.5,20.9,0.7387,1
FernRidgeRd_TON_12.03.25_LS,TON,578,33926,565.43,388.6,183.8,32.7,21.4,0.759,1
FernRidgeRd_TON_12.03.25_LS,TON,578,33927,565.44,390.1,182.6,34.5,23.0,0.7252,1
FernRidgeRd_TON_12.03.25_LS,TON,578,33928,565.46,391.6,182.2,34.8,23.1,0.7474,1
FernRidgeRd_TON_12.03.25_LS,TON,578,33929,565.48,393.3,183.1,32.9,21.9,0.642,1
FernRidgeRd_TON_12.03.25_LS,TON,578,33930,565.49,394.3,180.9,31.4,21.4,0.3899,1
FernRidgeRd_TON_12.03.25_LS,TON,578,33931,565.51,396.8,181.6,33.4,22.4,0.5049,1
FernRidgeRd_TON_12.03.25_LS,TON,578,33932,565.53,402.7,185.0,35.5,23.3,0.3834,1
FernRidgeRd_TON_12.03.25_LS,TON,578,33933,565.54,402.8,182.9,34.7,22.8,0.4096,1
FernRidgeRd_TON_12.03.25_LS,TON,578,33934,565.56,402.9,183.1,33.9,22.3,0.4841,1
FernRidgeRd_TON_12.03.25_LS,TON,578,33935,565.58,402.8,184.2,32.8,22.1,0.6267,1
FernRidgeRd_TON_12.03.25_LS,TON,578,33936,565.59,402.6,180.6,32.9,21.8,0.6813,1
FernRidgeRd_TON_12.03.25_LS,TON,578,33937,565.61,406.4,182.1,31.9,21.6,0.7042,1
FernRidgeRd_TON_12.03.25_LS,TON,578,33938,565.63,407.2,182.7,31.8,21.7,0.7789,1
FernRidgeRd_TON_12.03.25_LS,TON,578,33939,565.64,408.3,181.1,32.2,21.7,0.7551,1
FernRidgeRd_TON_12.03.25_LS,TON,578,33940,565.66,409.5,182.4,33.5,22.2,0.7327,1
FernRidgeRd_TON_12.03.25_LS,TON,578,33941,565.68,410.7,182.8,32.7,21.8,0.7656,1
FernRidgeRd_TON_12.03.25_LS,TON,578,33942,565.69,412.0,181.9,31.9,21.7,0.8118,1
FernRidgeRd_TON_12.03.25_LS,TON,578,33943,565.71,413.4,182.7,32.5,21.9,0.8057,1
FernRidgeRd_TON_12.03.25_LS,TON,578,33944,565.73,414.8,183.2,33.4,22.4,0.7954,1
FernRidgeRd_TON_12.03.25_LS,TON,578,33945,565.74,415.9,182.6,33.2,21.9,0.7658,1
FernRidgeRd_TON_12.03.25_LS,TON,578,33946,565.76,417.5,182.8,31.8,21.0,0.7858,1
FernRidgeRd_TON_12.03.25_LS,TON,578,33947,565.78,419.2,183.0,32.6,21.5,0.765,1
FernRidgeRd_TON_12.03.25_LS,TON,578,33948,565.79,421.0,182.9,32.2,21.5,0.7559,1
FernRidgeRd_TON_12.03.25_LS,TON,578,33949,565.81,423.3,182.8,31.5,21.4,0.7436,1
FernRidgeRd_TON_12.03.25_LS,TON,578,33950,565.83,425.1,182.8,31.7,21.4,0.7807,1
FernRidgeRd_TON_12.03.25_LS,TON,578,33951,565.84,427.0,182.9,32.1,21.2,0.7669,1
FernRidgeRd_TON_12.03.25_LS,TON,578,33952,565.86,429.1,182.9,31.7,21.4,0.7383,1
FernRidgeRd_TON_12.03.25_LS,TON,578,33953,565.88,430.3,183.2,32.3,21.1,0.7528,1
FernRidgeRd_TON_12.03.25_LS,TON,578,33954,565.89,432.3,183.4,32.4,20.7,0.7552,1
FernRidgeRd_TON_12.03.25_LS,TON,578,33955,565.91,434.6,183.9,32.1,20.6,0.7631,1
FernRidgeRd_TON_12.03.25_LS,TON,578,33956,565.93,436.3,183.9,32.4,21.0,0.7719,1
FernRidgeRd_TON_12.03.25_LS,TON,578,33957,565.94,438.3,184.5,32.9,21.3,0.7457,1
FernRidgeRd_TON_12.03.25_LS,TON,578,33958,565.96,440.4,185.1,33.3,21.2,0.7418,1
FernRidgeRd_TON_12.03.25_LS,TON,578,33959,565.98,442.4,185.1,33.1,21.3,0.7785,1
FernRidgeRd_TON_12.03.25_LS,TON,578,33960,565.99,444.4,185.5,32.8,21.6,0.7788,1
FernRidgeRd_TON_12.03.25_LS,TON,578,33961,566.01,446.1,185.8,32.8,21.7,0.7858,1
FernRidgeRd_TON_12.03.25_LS,TON,578,33962,566.03,448.3,185.8,32.5,22.0,0.7994,1
FernRidgeRd_TON_12.03.25_LS,TON,578,33963,566.04,449.9,187.0,31.4,21.7,0.7379,1
FernRidgeRd_TON_12.03.25_LS,TON,578,33964,566.06,451.4,187.3,30.9,21.4,0.7467,1
FernRidgeRd_TON_12.03.25_LS,TON,578,33965,566.08,453.2,186.7,30.7,21.9,0.7536,1
FernRidgeRd_TON_12.03.25_LS,TON,578,33966,566.09,454.4,188.1,31.6,21.6,0.7848,1
FernRidgeRd_TON_12.03.25_LS,TON,578,33967,566.11,456.2,187.6,32.5,21.6,0.7104,1
FernRidgeRd_TON_12.03.25_LS,TON,578,33968,566.13,457.8,186.8,33.1,21.9,0.7331,1
FernRidgeRd_TON_12.03.25_LS,TON,578,33969,566.14,460.3,188.3,33.3,22.2,0.7603,1
FernRidgeRd_TON_12.03.25_LS,TON,578,33970,566.16,462.5,188.6,33.4,22.1,0.7536,1
FernRidgeRd_TON_12.03.25_LS,TON,578,33971,566.18,465.3,187.9,32.3,21.3,0.7299,1
FernRidgeRd_TON_12.03.25_LS,TON,578,33972,566.19,467.4,189.6,31.3,21.1,0.7493,1
FernRidgeRd_TON_12.03.25_LS,TON,578,33973,566.21,469.5,189.3,30.7,20.8,0.7647,1
FernRidgeRd_TON_12.03.25_LS,TON,578,33974,566.23,469.3,189.5,31.1,20.1,0.516,1
FernRidgeRd_TON_12.03.25_LS,TON,578,33975,566.24,472.3,190.8,30.7,20.4,0.7346,1
FernRidgeRd_TON_12.03.25_LS,TON,578,33976,566.26,473.9,190.9,30.8,20.9,0.7633,1
FernRidgeRd_TON_12.03.25_LS,TON,578,33977,566.28,475.0,191.8,32.1,21.2,0.7798,1
FernRidgeRd_TON_12.03.25_LS,TON,578,33978,566.29,478.8,193.4,31.0,21.5,0.7289,1
FernRidgeRd_TON_12.03.25_LS,TON,578,33979,566.31,481.8,193.6,31.2,21.5,0.7428,1
FernRidgeRd_TON_12.03.25_LS,TON,578,33980,566.33,483.1,194.1,31.0,21.5,0.7441,1
FernRidgeRd_TON_12.03.25_LS,TON,578,33981,566.34,478.8,195.4,30.6,21.1,0.6319,1
FernRidgeRd_TON_12.03.25_LS,TON,578,33982,566.36,480.7,195.0,30.4,21.1,0.7109,1
FernRidgeRd_TON_12.03.25_LS,TON,578,33983,566.38,486.1,195.6,31.9,21.5,0.7087,1
FernRidgeRd_TON_12.03.25_LS,TON,578,33984,566.39,487.7,196.6,32.2,21.5,0.7066,1
FernRidgeRd_TON_12.03.25_LS,TON,578,33985,566.41,490.1,195.9,32.5,21.4,0.6916,1
FernRidgeRd_TON_12.03.25_LS,TON,578,33986,566.43,491.9,196.8,32.8,21.8,0.7099,1
FernRidgeRd_TON_12.03.25_LS,TON,578,33987,566.44,493.9,197.9,31.5,20.9,0.6358,1
FernRidgeRd_TON_12.03.25_LS,TON,578,33988,566.46,496.2,197.8,30.1,20.7,0.7291,1
FernRidgeRd_TON_12.03.25_LS,TON,578,33989,566.48,498.1,198.1,29.6,20.5,0.7676,1
FernRidgeRd_TON_12.03.25_LS,TON,578,33990,566.49,499.6,198.3,30.8,20.9,0.7817,1
FernRidgeRd_TON_12.03.25_LS,TON,578,33991,566.51,500.3,199.5,32.5,21.3,0.7606,1
FernRidgeRd_TON_12.03.25_LS,TON,578,33992,566.53,501.3,199.7,33.1,21.4,0.7512,1
FernRidgeRd_TON_12.03.25_LS,TON,578,33993,566.54,503.7,199.9,32.9,21.4,0.7697,1
FernRidgeRd_TON_12.03.25_LS,TON,578,33994,566.56,505.5,201.0,31.9,21.3,0.7795,1
FernRidgeRd_TON_12.03.25_LS,TON,578,33995,566.58,506.9,201.9,32.1,21.9,0.7537,1
FernRidgeRd_TON_12.03.25_LS,TON,578,33996,566.59,508.3,202.3,32.3,21.9,0.7694,1
FernRidgeRd_TON_12.03.25_LS,TON,578,33997,566.61,509.9,203.1,31.6,21.2,0.7527,1
FernRidgeRd_TON_12.03.25_LS,TON,578,33998,566.63,511.2,203.1,32.0,21.6,0.7431,1
FernRidgeRd_TON_12.03.25_LS,TON,578,33999,566.64,512.6,203.8,32.0,21.1,0.6933,1
FernRidgeRd_TON_12.03.25_LS,TON,578,34000,566.66,514.3,205.2,31.8,21.1,0.6806,1
FernRidgeRd_TON_12.03.25_LS,TON,578,34001,566.68,515.4,205.1,31.3,20.6,0.6572,1
FernRidgeRd_TON_12.03.25_LS,TON,578,34002,566.69,516.0,205.5,31.1,20.7,0.7093,1
FernRidgeRd_TON_12.03.25_LS,TON,578,34003,566.71,520.2,206.8,32.7,20.8,0.6192,1
FernRidgeRd_TON_12.03.25_LS,TON,578,34004,566.73,523.9,207.4,33.8,21.6,0.6795,1
FernRidgeRd_TON_12.03.25_LS,TON,578,34005,566.74,525.4,207.9,33.6,21.7,0.698,1
FernRidgeRd_TON_12.03.25_LS,TON,578,34006,566.76,528.2,207.2,33.3,21.5,0.5538,1
FernRidgeRd_TON_12.03.25_LS,TON,578,34007,566.78,529.5,206.5,32.9,21.4,0.509,1
FernRidgeRd_TON_12.03.25_LS,TON,578,34008,566.79,530.7,206.8,32.9,21.5,0.5622,1
FernRidgeRd_TON_12.03.25_LS,TON,578,34009,566.81,530.2,207.1,32.1,21.2,0.5897,1
FernRidgeRd_TON_12.03.25_LS,TON,578,34010,566.83,531.1,207.0,31.7,21.2,0.6089,1
FernRidgeRd_TON_12.03.25_LS,TON,578,34011,566.84,532.3,207.3,32.3,21.6,0.6627,1
FernRidgeRd_TON_12.03.25_LS,TON,578,34012,566.86,534.4,208.0,32.6,21.6,0.7487,1
FernRidgeRd_TON_12.03.25_LS,TON,578,34013,566.88,536.6,208.4,33.1,21.6,0.7313,1
FernRidgeRd_TON_12.03.25_LS,TON,578,34014,566.89,538.7,208.8,31.9,20.9,0.7343,1
FernRidgeRd_TON_12.03.25_LS,TON,578,34015,566.91,541.3,209.3,31.3,20.8,0.6766,1
FernRidgeRd_TON_12.03.25_LS,TON,578,34016,566.93,542.8,209.7,31.2,21.3,0.6667,1
FernRidgeRd_TON_12.03.25_LS,TON,578,34017,566.94,543.6,211.1,33.2,21.7,0.4995,1
FernRidgeRd_TON_12.03.25_LS,TON,578,34018,566.96,546.2,212.3,33.6,21.9,0.7385,1
FernRidgeRd_TON_12.03.25_LS,TON,578,34019,566.98,548.1,212.7,33.5,21.6,0.7226,1
FernRidgeRd_TON_12.03.25_LS,TON,578,34020,566.99,542.8,213.1,33.3,21.5,0.4919,1
FernRidgeRd_TON_12.03.25_LS,TON,578,34021,567.01,548.4,212.5,31.5,20.9,0.2452,1
FernRidgeRd_TON_12.03.25_LS,TON,578,34022,567.03,550.5,213.1,31.5,21.2,0.1954,1
FernRidgeRd_TON_12.03.25_LS,TON,578,34023,567.04,553.8,213.3,31.3,20.8,0.4611,1
FernRidgeRd_TON_12.03.25_LS,TON,578,34024,567.06,556.4,215.0,31.9,21.0,0.7136,1
FernRidgeRd_TON_12.03.25_LS,TON,578,34025,567.08,557.7,216.4,32.1,20.9,0.6895,1
FernRidgeRd_TON_12.03.25_LS,TON,578,34026,567.09,559.3,216.2,32.4,20.8,0.683,1
FernRidgeRd_TON_12.03.25_LS,TON,578,34027,567.11,560.9,218.2,32.8,21.6,0.7154,1
FernRidgeRd_TON_12.03.25_LS,TON,578,34028,567.13,562.2,220.0,32.1,21.5,0.7495,1
FernRidgeRd_TON_12.03.25_LS,TON,578,34029,567.14,563.7,219.8,30.9,20.7,0.748,1
FernRidgeRd_TON_12.03.25_LS,TON,578,34030,567.16,565.3,220.1,29.6,19.7,0.6757,1
FernRidgeRd_TON_12.03.25_LS,TON,578,34031,567.18,567.2,220.2,29.4,19.3,0.5605,1
FernRidgeRd_TON_12.03.25_LS,TON,578,34032,567.19,569.3,219.6,30.1,19.7,0.4152,1
FernRidgeRd_TON_12.03.25_LS,TON,578,34037,567.28,582.0,223.6,31.8,20.6,0.3849,1
FernRidgeRd_TON_12.03.25_LS,TON,578,34038,567.29,585.3,224.0,31.8,20.7,0.4469,1
FernRidgeRd_TON_12.03.25_LS,TON,578,34039,567.31,585.4,224.5,30.2,20.2,0.4184,1
FernRidgeRd_TON_12.03.25_LS,TON,578,34040,567.33,586.0,223.2,29.4,19.7,0.2085,1
FernRidgeRd_TON_12.03.25_LS,TON,578,34041,567.34,585.4,225.4,29.7,19.6,0.4228,1
FernRidgeRd_TON_12.03.25_LS,TON,578,34042,567.36,585.3,227.6,30.1,19.9,0.1902,1
FernRidgeRd_TON_12.03.25_LS,TON,578,34043,567.38,585.4,227.5,29.9,20.4,0.335,1
FernRidgeRd_TON_12.03.25_LS,TON,578,34044,567.39,590.9,227.1,30.4,20.5,0.5939,1
FernRidgeRd_TON_12.03.25_LS,TON,578,34045,567.41,593.3,227.5,30.5,20.2,0.6176,1
FernRidgeRd_TON_12.03.25_LS,TON,578,34046,567.43,593.4,226.4,31.1,20.7,0.6673,1
FernRidgeRd_TON_12.03.25_LS,TON,578,34047,567.44,592.6,226.9,30.6,20.7,0.5384,1
FernRidgeRd_TON_12.03.25_LS,TON,578,34048,567.46,592.9,226.7,31.5,20.5,0.236,1
FernRidgeRd_TON_12.03.25_LS,TON,578,34049,567.48,595.3,227.6,30.2,19.8,0.6951,1
FernRidgeRd_TON_12.03.25_LS,TON,578,34050,567.49,596.3,229.7,29.8,20.3,0.7409,1
FernRidgeRd_TON_12.03.25_LS,TON,578,34051,567.51,595.4,231.0,30.8,20.5,0.6801,1
FernRidgeRd_TON_12.03.25_LS,TON,578,34052,567.53,597.8,232.2,31.4,20.7,0.605,1
FernRidgeRd_TON_12.03.25_LS,TON,578,34053,567.54,599.8,233.4,33.3,21.3,0.6303,1
FernRidgeRd_TON_12.03.25_LS,TON,578,34054,567.56,600.4,234.3,34.2,21.8,0.648,1
FernRidgeRd_TON_12.03.25_LS,TON,578,34055,567.58,600.3,233.8,34.6,21.7,0.4713,1
FernRidgeRd_TON_12.03.25_LS,TON,578,34056,567.59,601.2,232.7,32.6,20.7,0.5779,1
FernRidgeRd_TON_12.03.25_LS,TON,578,34057,567.61,601.8,232.6,32.2,20.9,0.5829,1
FernRidgeRd_TON_12.03.25_LS,TON,578,34058,567.63,601.7,233.2,32.5,21.4,0.4426,1
FernRidgeRd_TON_12.03.25_LS,TON,578,34059,567.64,601.8,233.3,32.3,21.2,0.5235,1
FernRidgeRd_TON_12.03.25_LS,TON,578,34060,567.66,600.6,234.9,32.0,20.9,0.5121,1
FernRidgeRd_TON_12.03.25_LS,TON,578,34063,567.71,614.2,237.2,33.8,24.4,0.6964,1
FernRidgeRd_TON_12.03.25_LS,TON,578,34064,567.73,611.2,238.8,33.1,22.8,0.4793,1
FernRidgeRd_TON_12.03.25_LS,TON,578,34067,567.78,622.7,240.6,31.5,23.5,0.5946,1
FernRidgeRd_TON_12.03.25_LS,TON,578,34068,567.79,623.9,239.3,32.2,24.5,0.4407,1
FernRidgeRd_TON_12.03.25_LS,TON,578,34069,567.81,620.2,239.5,34.0,22.5,0.4284,1
FernRidgeRd_TON_12.03.25_LS,TON,605,34216,570.26,415.7,220.6,36.5,33.3,0.3665,1
FernRidgeRd_TON_12.03.25_LS,TON,605,34217,570.28,418.3,220.3,33.2,33.2,0.4391,1
FernRidgeRd_TON_12.03.25_LS,TON,605,34218,570.29,422.5,219.1,32.9,33.3,0.3023,1
FernRidgeRd_TON_12.03.25_LS,TON,605,34219,570.31,425.0,219.8,32.1,33.3,0.2997,1
FernRidgeRd_TON_12.03.25_LS,TON,605,34223,570.38,429.3,220.1,37.2,38.4,0.4099,1
FernRidgeRd_TON_12.03.25_LS,TON,605,34224,570.39,433.3,218.2,34.4,36.9,0.5438,1
FernRidgeRd_TON_12.03.25_LS,TON,605,34225,570.41,437.0,219.2,32.9,35.8,0.4436,1
FernRidgeRd_TON_12.03.25_LS,TON,605,34226,570.43,439.7,219.8,31.9,34.6,0.4623,1
FernRidgeRd_TON_12.03.25_LS,TON,605,34227,570.44,442.8,220.0,32.1,35.6,0.4815,1
FernRidgeRd_TON_12.03.25_LS,TON,605,34228,570.46,445.1,220.2,30.6,33.0,0.5603,1
FernRidgeRd_TON_12.03.25_LS,TON,605,34229,570.48,447.9,220.0,29.5,31.0,0.1469,1
FernRidgeRd_TON_12.03.25_LS,TON,605,34230,570.49,451.7,219.6,29.7,31.3,0.1039,1
FernRidgeRd_TON_12.03.25_LS,TON,605,34231,570.51,453.7,219.3,28.8,30.9,0.1436,1
FernRidgeRd_TON_12.03.25_LS,TON,605,34232,570.53,454.4,219.3,29.0,31.7,0.1554,1
FernRidgeRd_TON_12.03.25_LS,TON,605,34237,570.61,466.2,223.4,28.7,31.8,0.6013,1
FernRidgeRd_TON_12.03.25_LS,TON,605,34238,570.63,466.1,224.8,29.8,33.4,0.5864,1
FernRidgeRd_TON_12.03.25_LS,TON,605,34239,570.64,469.3,224.3,30.8,34.3,0.652,1
FernRidgeRd_TON_12.03.25_LS,TON,605,34240,570.66,470.6,225.5,31.6,35.9,0.6778,1
FernRidgeRd_TON_12.03.25_LS,TON,605,34241,570.68,469.9,225.7,32.1,35.4,0.7112,1
FernRidgeRd_TON_12.03.25_LS,TON,605,34242,570.69,471.4,225.3,32.6,34.9,0.6822,1
FernRidgeRd_TON_12.03.25_LS,TON,605,34243,570.71,472.0,225.6,32.3,35.1,0.6794,1
FernRidgeRd_TON_12.03.25_LS,TON,605,34244,570.73,474.9,225.4,32.1,34.4,0.7427,1
FernRidgeRd_TON_12.03.25_LS,TON,605,34245,570.74,476.6,224.7,33.2,34.8,0.6567,1
FernRidgeRd_TON_12.03.25_LS,TON,605,34246,570.76,477.8,226.0,32.6,34.0,0.6175,1
FernRidgeRd_TON_12.03.25_LS,TON,605,34247,570.78,479.1,226.0,32.5,33.6,0.5589,1
FernRidgeRd_TON_12.03.25_LS,TON,605,34248,570.79,480.6,225.5,32.6,32.9,0.6329,1
FernRidgeRd_TON_12.03.25_LS,TON,605,34249,570.81,480.4,227.8,31.5,32.8,0.6805,1
FernRidgeRd_TON_12.03.25_LS,TON,605,34250,570.83,481.2,229.1,30.6,31.4,0.743,1
FernRidgeRd_TON_12.03.25_LS,TON,605,34251,570.84,482.6,229.6,29.6,30.2,0.5616,1
FernRidgeRd_TON_12.03.25_LS,TON,605,34252,570.86,482.8,228.9,29.4,29.7,0.6987,1
FernRidgeRd_TON_12.03.25_LS,TON,605,34253,570.88,482.0,228.9,28.0,29.4,0.3115,1
FernRidgeRd_TON_12.03.25_LS,TON,605,34254,570.89,481.7,228.5,28.1,29.7,0.393,1
FernRidgeRd_TON_12.03.25_LS,TON,610,34249,570.81,628.9,287.6,20.6,27.3,0.6208,0
FernRidgeRd_TON_12.03.25_LS,TON,610,34250,570.83,629.8,286.9,19.5,26.9,0.4678,0
FernRidgeRd_TON_12.03.25_LS,TON,610,34251,570.84,630.4,287.5,18.7,27.9,0.2225,0
FernRidgeRd_TON_12.03.25_LS,TON,610,34252,570.86,630.4,287.7,19.3,28.4,0.2891,0
FernRidgeRd_TON_12.03.25_LS,TON,610,34253,570.88,630.6,288.5,18.8,27.6,0.4058,0
FernRidgeRd_TON_12.03.25_LS,TON,610,34254,570.89,631.0,288.3,18.1,26.7,0.4465,0
FernRidgeRd_TON_12.03.25_LS,TON,610,34255,570.91,629.7,287.0,20.3,27.4,0.4986,0
FernRidgeRd_TON_12.03.25_LS,TON,610,34256,570.93,627.7,286.8,22.8,28.8,0.3333,0
FernRidgeRd_TON_12.03.25_LS,TON,610,34257,570.94,627.9,287.0,22.4,29.4,0.2497,0
FernRidgeRd_TON_12.03.25_LS,TON,610,34258,570.96,627.6,286.8,22.8,28.8,0.3788,0
FernRidgeRd_TON_12.03.25_LS,TON,610,34259,570.98,627.6,286.5,23.0,28.4,0.1098,0
FernRidgeRd_TON_12.03.25_LS,TON,610,34265,571.08,631.4,288.2,17.1,28.9,0.4318,0
FernRidgeRd_TON_12.03.25_LS,TON,610,34266,571.09,632.1,288.6,15.6,28.9,0.3612,0
FernRidgeRd_TON_12.03.25_LS,TON,612,34266,571.09,517.3,235.7,30.8,31.4,0.5385,1
FernRidgeRd_TON_12.03.25_LS,TON,612,34267,571.11,516.8,236.4,30.2,31.1,0.411,1
FernRidgeRd_TON_12.03.25_LS,TON,612,34268,571.13,517.7,236.3,30.7,31.9,0.4828,1
FernRidgeRd_TON_12.03.25_LS,TON,612,34269,571.14,518.6,236.6,29.8,30.1,0.4084,1
FernRidgeRd_TON_12.03.25_LS,TON,612,34270,571.16,520.7,236.3,31.4,30.6,0.3935,1
FernRidgeRd_TON_12.03.25_LS,TON,612,34271,571.18,527.2,235.4,32.4,32.4,0.523,1
FernRidgeRd_TON_12.03.25_LS,TON,612,34272,571.19,529.7,236.6,31.5,32.4,0.5223,1
FernRidgeRd_TON_12.03.25_LS,TON,612,34273,571.21,532.4,236.6,30.8,31.7,0.5931,1
FernRidgeRd_TON_12.03.25_LS,TON,612,34274,571.23,534.9,237.7,29.4,31.8,0.6586,1
FernRidgeRd_TON_12.03.25_LS,TON,612,34275,571.24,536.5,238.7,30.8,32.6,0.5567,1
FernRidgeRd_TON_12.03.25_LS,TON,612,34276,571.26,537.7,239.4,30.3,32.2,0.2314,1
FernRidgeRd_TON_12.03.25_LS,TON,612,34279,571.31,545.2,239.2,33.3,34.7,0.5675,1
FernRidgeRd_TON_12.03.25_LS,TON,612,34280,571.33,546.3,239.3,32.0,33.4,0.631,1
FernRidgeRd_TON_12.03.25_LS,TON,612,34281,571.34,546.9,241.9,31.3,35.2,0.6629,1
FernRidgeRd_TON_12.03.25_LS,TON,612,34282,571.36,547.7,242.0,30.8,33.6,0.6434,1
FernRidgeRd_TON_12.03.25_LS,TON,612,34283,571.38,549.6,241.4,30.3,32.1,0.6576,1
FernRidgeRd_TON_12.03.25_LS,TON,612,34284,571.39,551.9,240.2,30.6,30.4,0.6227,1
FernRidgeRd_TON_12.03.25_LS,TON,612,34285,571.41,553.0,239.6,33.1,33.5,0.5633,1
FernRidgeRd_TON_12.03.25_LS,TON,612,34286,571.43,553.7,240.0,35.1,35.3,0.6236,1
FernRidgeRd_TON_12.03.25_LS,TON,612,34287,571.44,557.5,241.3,33.1,34.0,0.6832,1
FernRidgeRd_TON_12.03.25_LS,TON,612,34288,571.46,559.6,241.1,32.6,34.4,0.7203,1
FernRidgeRd_TON_12.03.25_LS,TON,612,34289,571.48,561.3,240.5,32.4,34.1,0.7153,1
FernRidgeRd_TON_12.03.25_LS,TON,612,34290,571.49,562.3,242.6,31.1,34.4,0.7319,1
FernRidgeRd_TON_12.03.25_LS,TON,612,34291,571.51,561.8,241.6,31.8,34.5,0.6649,1
FernRidgeRd_TON_12.03.25_LS,TON,612,34292,571.53,563.4,240.8,30.3,34.1,0.6951,1
FernRidgeRd_TON_12.03.25_LS,TON,612,34293,571.54,563.4,241.2,30.8,34.3,0.6849,1
FernRidgeRd_TON_12.03.25_LS,TON,612,34294,571.56,564.3,240.1,31.9,34.3,0.6927,1
FernRidgeRd_TON_12.03.25_LS,TON,612,34295,571.58,564.7,240.4,31.6,34.2,0.6985,1
FernRidgeRd_TON_12.03.25_LS,TON,612,34296,571.59,565.6,239.9,32.5,33.2,0.6937,1
FernRidgeRd_TON_12.03.25_LS,TON,612,34297,571.61,566.9,239.4,33.9,33.9,0.5882,1
FernRidgeRd_TON_12.03.25_LS,TON,612,34298,571.63,566.8,239.2,34.3,33.7,0.5932,1
FernRidgeRd_TON_12.03.25_LS,TON,612,34299,571.64,568.1,239.1,34.4,34.2,0.2271,1
FernRidgeRd_TON_12.03.25_LS,TON,612,34300,571.66,569.6,240.2,33.2,33.6,0.4118,1
FernRidgeRd_TON_12.03.25_LS,TON,612,34301,571.68,571.1,240.2,34.3,34.1,0.3189,1
FernRidgeRd_TON_12.03.25_LS,TON,612,34302,571.69,574.4,240.0,32.5,33.3,0.659,1
FernRidgeRd_TON_12.03.25_LS,TON,612,34303,571.71,572.2,241.6,31.0,32.3,0.6954,1
FernRidgeRd_TON_12.03.25_LS,TON,612,34304,571.73,573.2,241.1,30.7,31.1,0.4589,1
FernRidgeRd_TON_12.03.25_LS,TON,612,34305,571.74,578.2,239.9,30.8,31.3,0.2163,1
FernRidgeRd_TON_12.03.25_LS,TON,612,34306,571.76,577.5,240.1,31.9,31.7,0.6291,1
FernRidgeRd_TON_12.03.25_LS,TON,612,34309,571.81,587.0,240.4,28.1,31.9,0.5421,1
FernRidgeRd_TON_12.03.25_LS,TON,612,34310,571.83,588.3,241.1,29.6,32.4,0.699,1
FernRidgeRd_TON_12.03.25_LS,TON,612,34311,571.84,586.4,243.2,31.2,31.9,0.3662,1
FernRidgeRd_TON_12.03.25_LS,TON,612,34312,571.86,586.4,242.7,30.0,31.1,0.4569,1
FernRidgeRd_TON_12.03.25_LS,TON,612,34313,571.88,589.8,243.1,30.6,32.5,0.4754,1
FernRidgeRd_TON_12.03.25_LS,TON,612,34314,571.89,588.6,245.5,31.1,33.0,0.3648,1
FernRidgeRd_TON_12.03.25_LS,TON,612,34315,571.91,590.5,244.5,31.1,32.7,0.4841,1
FernRidgeRd_TON_12.03.25_LS,TON,612,34316,571.93,592.4,244.2,28.5,31.3,0.609,1
FernRidgeRd_TON_12.03.25_LS,TON,612,34317,571.94,591.2,246.2,28.9,31.8,0.5674,1
FernRidgeRd_TON_12.03.25_LS,TON,612,34318,571.96,592.3,244.3,28.8,32.0,0.6339,1
FernRidgeRd_TON_12.03.25_LS,TON,612,34319,571.98,592.0,243.5,27.9,32.2,0.5252,1
FernRidgeRd_TON_12.03.25_LS,TON,612,34320,571.99,593.0,244.0,27.6,32.0,0.5711,1
FernRidgeRd_TON_12.03.25_LS,TON,612,34321,572.01,595.1,244.1,28.9,34.0,0.4086,1
FernRidgeRd_TON_12.03.25_LS,TON,612,34322,572.03,596.4,242.9,31.9,34.2,0.1256,1
FernRidgeRd_TON_12.03.25_LS,TON,612,34331,572.18,613.5,247.2,27.6,30.9,0.5847,1
FernRidgeRd_TON_12.03.25_LS,TON,612,34332,572.19,614.8,247.6,28.8,32.0,0.3329,1
FernRidgeRd_TON_12.03.25_LS,TON,612,34333,572.21,615.4,247.8,30.5,31.3,0.5989,1
FernRidgeRd_TON_12.03.25_LS,TON,612,34334,572.23,615.9,247.4,30.7,30.7,0.7174,1
FernRidgeRd_TON_12.03.25_LS,TON,612,34335,572.24,615.2,248.2,31.8,31.1,0.111,1
FernRidgeRd_TON_12.03.25_LS,TON,618,34363,572.71,620.6,246.6,29.1,32.4,0.5547,0
FernRidgeRd_TON_12.03.25_LS,TON,618,34364,572.73,622.1,246.7,29.4,31.7,0.2357,0
FernRidgeRd_TON_12.03.25_LS,TON,618,34365,572.74,622.8,246.6,30.6,33.3,0.3398,0
FernRidgeRd_TON_12.03.25_LS,TON,618,34366,572.76,622.6,246.8,30.2,33.2,0.1926,0
FernRidgeRd_TON_12.03.25_LS,TON,618,34367,572.78,625.7,246.3,27.7,32.2,0.1657,0
FernRidgeRd_TON_12.03.25_LS,TON,618,34368,572.79,626.2,247.1,26.8,31.6,0.11,0
FernRidgeRd_TON_12.03.25_LS,TON,621,34623,577.04,510.9,302.4,24.2,25.8,0.5371,1
FernRidgeRd_TON_12.03.25_LS,TON,621,34624,577.06,510.1,298.1,26.8,29.3,0.4726,1
FernRidgeRd_TON_12.03.25_LS,TON,621,34625,577.08,507.3,291.5,26.1,28.1,0.1929,1
FernRidgeRd_TON_12.03.25_LS,TON,621,34626,577.09,505.3,285.1,24.3,26.9,0.173,1
FernRidgeRd_TON_12.03.25_LS,TON,621,34627,577.11,504.0,275.3,24.7,27.0,0.1458,1
FernRidgeRd_TON_12.03.25_LS,TON,621,34630,577.16,506.7,263.0,22.0,23.2,0.4796,1
FernRidgeRd_TON_12.03.25_LS,TON,621,34631,577.18,505.8,262.5,19.8,21.7,0.6468,1
FernRidgeRd_TON_12.03.25_LS,TON,621,34632,577.19,505.2,261.1,19.4,22.2,0.6388,1
FernRidgeRd_TON_12.03.25_LS,TON,621,34633,577.21,504.7,259.8,19.6,22.0,0.5767,1
FernRidgeRd_TON_12.03.25_LS,TON,621,34634,577.23,503.3,260.9,20.6,22.7,0.5773,1
FernRidgeRd_TON_12.03.25_LS,TON,621,34635,577.24,501.9,260.8,20.4,22.5,0.6416,1
FernRidgeRd_TON_12.03.25_LS,TON,621,34636,577.26,499.5,262.3,20.2,22.6,0.6201,1
FernRidgeRd_TON_12.03.25_LS,TON,621,34637,577.28,497.5,263.2,19.4,21.9,0.6778,1
FernRidgeRd_TON_12.03.25_LS,TON,621,34638,577.29,495.7,262.8,19.7,22.5,0.6967,1
FernRidgeRd_TON_12.03.25_LS,TON,621,34639,577.31,493.5,267.1,19.6,21.8,0.6621,1
FernRidgeRd_TON_12.03.25_LS,TON,621,34640,577.33,491.4,267.9,19.9,22.2,0.6783,1
FernRidgeRd_TON_12.03.25_LS,TON,621,34641,577.34,489.3,266.7,19.3,21.5,0.6639,1
FernRidgeRd_TON_12.03.25_LS,TON,621,34642,577.36,486.4,271.0,20.5,22.3,0.6185,1
FernRidgeRd_TON_12.03.25_LS,TON,621,34643,577.38,483.4,273.4,20.6,21.7,0.6908,1
FernRidgeRd_TON_12.03.25_LS,TON,621,34644,577.39,481.6,273.0,20.9,21.7,0.7039,1
FernRidgeRd_TON_12.03.25_LS,TON,621,34645,577.41,478.4,277.8,21.4,22.2,0.6912,1
FernRidgeRd_TON_12.03.25_LS,TON,621,34646,577.43,476.5,280.7,21.2,23.0,0.314,1
FernRidgeRd_TON_12.03.25_LS,TON,621,34647,577.44,472.5,282.1,24.4,24.6,0.4511,1
FernRidgeRd_TON_12.03.25_LS,TON,621,34648,577.46,472.1,289.8,24.1,25.2,0.3505,1
FernRidgeRd_TON_12.03.25_LS,TON,621,34649,577.48,471.7,292.1,22.6,24.4,0.2492,1
FernRidgeRd_TON_12.03.25_LS,TON,621,34654,577.56,467.0,310.1,22.2,24.0,0.5888,1
FernRidgeRd_TON_12.03.25_LS,TON,621,34655,577.58,466.0,308.5,20.5,23.1,0.5928,1
FernRidgeRd_TON_12.03.25_LS,TON,621,34656,577.59,464.9,309.2,20.2,23.4,0.6144,1
FernRidgeRd_TON_12.03.25_LS,TON,621,34657,577.61,463.6,313.6,20.5,23.3,0.6178,1
FernRidgeRd_TON_12.03.25_LS,TON,621,34658,577.63,462.9,312.6,20.8,24.1,0.5791,1
FernRidgeRd_TON_12.03.25_LS,TON,621,34659,577.64,461.2,312.2,20.8,24.2,0.5804,1
FernRidgeRd_TON_12.03.25_LS,TON,621,34660,577.66,459.2,311.8,21.9,25.0,0.5655,1
FernRidgeRd_TON_12.03.25_LS,TON,621,34661,577.68,457.0,309.1,21.5,24.5,0.6117,1
FernRidgeRd_TON_12.03.25_LS,TON,621,34662,577.69,455.5,310.2,21.6,24.5,0.6639,1
FernRidgeRd_TON_12.03.25_LS,TON,621,34663,577.71,452.9,309.5,20.6,24.0,0.6301,1
FernRidgeRd_TON_12.03.25_LS,TON,621,34664,577.73,452.0,306.9,20.6,23.7,0.566,1
FernRidgeRd_TON_12.03.25_LS,TON,621,34665,577.74,449.4,309.2,20.9,24.0,0.5517,1
FernRidgeRd_TON_12.03.25_LS,TON,621,34666,577.76,447.8,306.4,20.5,23.3,0.5814,1
FernRidgeRd_TON_12.03.25_LS,TON,621,34667,577.78,444.9,307.1,20.2,23.3,0.5543,1
FernRidgeRd_TON_12.03.25_LS,TON,621,34668,577.79,442.4,309.0,21.0,24.8,0.5711,1
FernRidgeRd_TON_12.03.25_LS,TON,621,34669,577.81,439.8,306.1,20.3,23.0,0.6331,1
FernRidgeRd_TON_12.03.25_LS,TON,621,34670,577.83,438.1,305.5,20.1,22.7,0.5563,1
FernRidgeRd_TON_12.03.25_LS,TON,621,34671,577.84,434.8,305.5,19.3,22.0,0.5656,1
FernRidgeRd_TON_12.03.25_LS,TON,621,34672,577.86,434.4,302.9,20.6,22.8,0.6359,1
FernRidgeRd_TON_12.03.25_LS,TON,621,34673,577.88,432.0,302.4,20.5,22.7,0.5546,1
FernRidgeRd_TON_12.03.25_LS,TON,621,34674,577.89,428.8,299.4,19.9,22.4,0.5257,1
FernRidgeRd_TON_12.03.25_LS,TON,621,34675,577.91,425.5,296.3,20.6,23.4,0.5284,1
FernRidgeRd_TON_12.03.25_LS,TON,621,34676,577.93,423.3,295.4,20.5,23.1,0.6261,1
FernRidgeRd_TON_12.03.25_LS,TON,621,34677,577.94,419.7,295.9,20.9,24.1,0.6555,1
FernRidgeRd_TON_12.03.25_LS,TON,621,34678,577.96,419.1,294.8,22.7,25.6,0.5892,1
FernRidgeRd_TON_12.03.25_LS,TON,621,34679,577.98,417.9,291.7,23.7,26.6,0.5282,1
FernRidgeRd_TON_12.03.25_LS,TON,621,34680,577.99,416.5,291.2,24.2,26.3,0.506,1
FernRidgeRd_TON_12.03.25_LS,TON,621,34681,578.01,415.5,289.7,25.5,27.2,0.5889,1
FernRidgeRd_TON_12.03.25_LS,TON,621,34682,578.03,415.0,287.0,27.9,28.2,0.5406,1
FernRidgeRd_TON_12.03.25_LS,TON,621,34683,578.04,415.2,286.1,25.8,26.9,0.5852,1
FernRidgeRd_TON_12.03.25_LS,TON,621,34684,578.06,415.1,283.8,24.2,26.2,0.6199,1
FernRidgeRd_TON_12.03.25_LS,TON,621,34685,578.08,414.2,281.8,25.1,26.8,0.4329,1
FernRidgeRd_TON_12.03.25_LS,TON,621,34686,578.09,412.9,282.4,25.8,27.6,0.4445,1
FernRidgeRd_TON_12.03.25_LS,TON,621,34687,578.11,414.8,281.9,24.6,26.2,0.2237,1
FernRidgeRd_TON_12.03.25_LS,TON,621,34688,578.13,416.1,281.0,25.3,26.4,0.1468,1
FernRidgeRd_TON_12.03.25_LS,TON,621,34694,578.23,416.7,285.6,36.0,30.9,0.4109,1
FernRidgeRd_TON_12.03.25_LS,TON,623,34631,577.18,621.2,258.4,33.4,31.3,0.4983,1
FernRidgeRd_TON_12.03.25_LS,TON,623,34632,577.19,621.4,255.8,35.7,31.9,0.5958,1
FernRidgeRd_TON_12.03.25_LS,TON,623,34633,577.21,620.4,253.5,36.6,32.3,0.5542,1
FernRidgeRd_TON_12.03.25_LS,TON,623,34634,577.23,618.7,253.7,38.2,32.6,0.5253,1
FernRidgeRd_TON_12.03.25_LS,TON,623,34635,577.24,615.5,251.6,38.9,33.4,0.568,1
FernRidgeRd_TON_12.03.25_LS,TON,623,34636,577.26,611.6,252.7,40.8,35.0,0.698,1
FernRidgeRd_TON_12.03.25_LS,TON,623,34637,577.28,608.8,253.3,39.2,35.1,0.6598,1
FernRidgeRd_TON_12.03.25_LS,TON,623,34638,577.29,606.3,252.7,40.1,38.3,0.6789,1
FernRidgeRd_TON_12.03.25_LS,TON,623,34639,577.31,601.8,257.4,39.5,36.5,0.7074,1
FernRidgeRd_TON_12.03.25_LS,TON,623,34640,577.33,599.0,258.4,37.8,34.9,0.7058,1
FernRidgeRd_TON_12.03.25_LS,TON,623,34641,577.34,596.2,257.4,38.2,36.2,0.6522,1
FernRidgeRd_TON_12.03.25_LS,TON,623,34642,577.36,591.5,260.5,37.2,34.2,0.6808,1
FernRidgeRd_TON_12.03.25_LS,TON,623,34643,577.38,587.6,262.1,35.9,32.5,0.7231,1
FernRidgeRd_TON_12.03.25_LS,TON,623,34644,577.39,583.5,262.3,37.3,33.4,0.6891,1
FernRidgeRd_TON_12.03.25_LS,TON,623,34645,577.41,577.8,268.7,37.7,32.6,0.6945,1
FernRidgeRd_TON_12.03.25_LS,TON,623,34646,577.43,575.1,271.0,37.0,31.3,0.7185,1
FernRidgeRd_TON_12.03.25_LS,TON,623,34647,577.44,570.3,273.2,37.0,31.5,0.5466,1
FernRidgeRd_TON_12.03.25_LS,TON,623,34648,577.46,564.9,280.1,37.1,31.1,0.499,1
FernRidgeRd_TON_12.03.25_LS,TON,623,34649,577.48,561.3,282.2,35.3,29.3,0.6143,1
FernRidgeRd_TON_12.03.25_LS,TON,623,34650,577.49,558.5,285.1,35.6,31.0,0.6129,1
FernRidgeRd_TON_12.03.25_LS,TON,623,34651,577.51,552.9,294.1,35.4,31.5,0.6526,1
FernRidgeRd_TON_12.03.25_LS,TON,623,34652,577.53,549.5,295.5,36.1,31.5,0.6928,1
FernRidgeRd_TON_12.03.25_LS,TON,623,34653,577.54,546.0,298.8,37.6,33.4,0.7049,1
FernRidgeRd_TON_12.03.25_LS,TON,623,34654,577.56,543.5,306.5,37.3,32.6,0.7286,1
FernRidgeRd_TON_12.03.25_LS,TON,623,34655,577.58,541.2,306.2,36.6,32.0,0.7348,1
FernRidgeRd_TON_12.03.25_LS,TON,623,34656,577.59,538.0,308.1,36.7,31.9,0.7562,1
FernRidgeRd_TON_12.03.25_LS,TON,623,34657,577.61,535.4,312.0,37.2,31.5,0.7502,1
FernRidgeRd_TON_12.03.25_LS,TON,623,34658,577.63,533.4,311.0,36.4,31.7,0.7816,1
FernRidgeRd_TON_12.03.25_LS,TON,623,34659,577.64,530.5,311.4,36.2,31.9,0.7662,1
FernRidgeRd_TON_12.03.25_LS,TON,623,34660,577.66,528.9,311.8,36.9,31.9,0.7776,1
FernRidgeRd_TON_12.03.25_LS,TON,623,34661,577.68,526.2,310.5,36.9,32.1,0.7821,1
FernRidgeRd_TON_12.03.25_LS,TON,623,34662,577.69,522.3,311.0,37.2,31.5,0.7733,1
FernRidgeRd_TON_12.03.25_LS,TON,623,34663,577.71,519.6,309.8,37.7,31.5,0.7591,1
FernRidgeRd_TON_12.03.25_LS,TON,623,34664,577.73,516.9,308.1,38.8,32.5,0.7399,1
FernRidgeRd_TON_12.03.25_LS,TON,623,34665,577.74,513.5,309.6,37.4,31.7,0.7592,1
FernRidgeRd_TON_12.03.25_LS,TON,623,34666,577.76,510.5,308.7,36.1,31.4,0.7611,1
FernRidgeRd_TON_12.03.25_LS,TON,623,34667,577.78,506.5,308.2,36.1,31.8,0.7513,1
FernRidgeRd_TON_12.03.25_LS,TON,623,34668,577.79,503.4,309.0,36.3,31.7,0.7702,1
FernRidgeRd_TON_12.03.25_LS,TON,623,34669,577.81,501.2,308.2,35.3,30.4,0.7595,1
FernRidgeRd_TON_12.03.25_LS,TON,623,34670,577.83,497.0,308.3,37.0,31.4,0.746,1
FernRidgeRd_TON_12.03.25_LS,TON,623,34671,577.84,494.4,307.8,37.8,31.1,0.6872,1
FernRidgeRd_TON_12.03.25_LS,TON,623,34672,577.86,493.6,305.5,40.0,32.2,0.6977,1
FernRidgeRd_TON_12.03.25_LS,TON,623,34673,577.88,489.1,304.8,39.2,32.3,0.7227,1
FernRidgeRd_TON_12.03.25_LS,TON,623,34674,577.89,487.4,302.3,41.3,34.3,0.5652,1
FernRidgeRd_TON_12.03.25_LS,TON,623,34675,577.91,483.6,298.6,43.1,34.6,0.3916,1
FernRidgeRd_TON_12.03.25_LS,TON,623,34696,578.26,420.2,293.4,41.3,34.8,0.361,1
FernRidgeRd_TON_12.03.25_LS,TON,623,34705,578.41,377.4,314.9,37.5,33.7,0.5268,1
FernRidgeRd_TON_12.03.25_LS,TON,623,34706,578.43,374.2,316.5,39.7,33.7,0.5799,1
FernRidgeRd_TON_12.03.25_LS,TON,623,34707,578.44,369.7,318.4,38.5,32.2,0.63,1
FernRidgeRd_TON_12.03.25_LS,TON,623,34708,578.46,366.4,315.4,38.3,31.5,0.5287,1
FernRidgeRd_TON_12.03.25_LS,TON,623,34709,578.48,362.0,314.1,39.0,33.4,0.5811,1
FernRidgeRd_TON_12.03.25_LS,TON,623,34710,578.49,359.7,315.7,38.6,33.6,0.611,1
FernRidgeRd_TON_12.03.25_LS,TON,623,34711,578.51,358.8,313.7,36.1,32.0,0.6849,1
FernRidgeRd_TON_12.03.25_LS,TON,623,34712,578.53,357.0,315.8,36.0,32.7,0.5756,1
FernRidgeRd_TON_12.03.25_LS,TON,623,34713,578.54,356.5,316.2,34.4,31.8,0.6639,1
FernRidgeRd_TON_12.03.25_LS,TON,623,34714,578.56,354.4,313.9,34.6,32.4,0.6783,1
FernRidgeRd_TON_12.03.25_LS,TON,623,34715,578.58,351.9,313.8,36.1,33.5,0.6538,1
FernRidgeRd_TON_12.03.25_LS,TON,623,34716,578.59,350.7,312.5,36.2,32.4,0.7562,1
FernRidgeRd_TON_12.03.25_LS,TON,623,34717,578.61,348.6,309.8,36.8,33.5,0.694,1
FernRidgeRd_TON_12.03.25_LS,TON,623,34718,578.63,345.8,311.5,36.6,33.5,0.6773,1
FernRidgeRd_TON_12.03.25_LS,TON,623,34719,578.64,343.3,310.3,37.2,34.1,0.5837,1
FernRidgeRd_TON_12.03.25_LS,TON,623,34720,578.66,341.0,308.3,39.3,34.8,0.5098,1
FernRidgeRd_TON_12.03.25_LS,TON,623,34721,578.68,339.0,311.1,41.0,36.1,0.5191,1
FernRidgeRd_TON_12.03.25_LS,TON,623,34722,578.69,336.7,311.4,40.4,37.3,0.5416,1
FernRidgeRd_TON_12.03.25_LS,TON,623,34723,578.71,333.0,310.5,41.0,38.1,0.3439,1
FernRidgeRd_TON_12.03.25_LS,TON,623,34724,578.73,330.2,312.5,42.0,37.6,0.1164,1
FernRidgeRd_TON_12.03.25_LS,TON,623,34725,578.74,325.8,308.4,41.4,37.0,0.3249,1
FernRidgeRd_TON_12.03.25_LS,TON,623,34726,578.76,322.6,307.5,41.8,37.7,0.2586,1
FernRidgeRd_TON_12.03.25_LS,TON,623,34727,578.78,318.5,308.5,42.3,36.7,0.3632,1
FernRidgeRd_TON_12.03.25_LS,TON,623,34728,578.79,315.2,307.1,42.2,35.5,0.2619,1
FernRidgeRd_TON_12.03.25_LS,TON,623,34729,578.81,311.7,302.6,42.8,35.6,0.4191,1
FernRidgeRd_TON_12.03.25_LS,TON,623,34730,578.83,306.4,300.5,37.7,33.0,0.4714,1
FernRidgeRd_TON_12.03.25_LS,TON,623,34731,578.84,304.5,297.6,37.7,32.8,0.4367,1
FernRidgeRd_TON_12.03.25_LS,TON,623,34732,578.86,301.4,292.9,38.8,33.6,0.1419,1
FernRidgeRd_TON_12.03.25_LS,TON,623,34733,578.88,296.1,296.6,37.6,31.6,0.1405,1
FernRidgeRd_TON_12.03.25_LS,TON,623,34734,578.89,292.6,295.4,38.3,31.9,0.1324,1
FernRidgeRd_TON_12.03.25_LS,TON,624,34655,577.58,610.2,262.2,15.1,16.4,0.4318,0
FernRidgeRd_TON_12.03.25_LS,TON,624,34656,577.59,610.4,263.4,16.2,17.1,0.4622,0
FernRidgeRd_TON_12.03.25_LS,TON,624,34657,577.61,609.7,264.7,16.1,16.8,0.3805,0
FernRidgeRd_TON_12.03.25_LS,TON,624,34658,577.63,609.9,263.2,16.6,17.2,0.5519,0
FernRidgeRd_TON_12.03.25_LS,TON,624,34659,577.64,610.0,263.0,17.4,17.7,0.5014,0
FernRidgeRd_TON_12.03.25_LS,TON,624,34660,577.66,609.8,263.6,17.0,17.4,0.5903,0
FernRidgeRd_TON_12.03.25_LS,TON,624,34661,577.68,611.0,263.1,17.2,17.1,0.609,0
FernRidgeRd_TON_12.03.25_LS,TON,624,34662,577.69,610.6,263.3,17.5,17.0,0.5872,0
FernRidgeRd_TON_12.03.25_LS,TON,624,34663,577.71,609.0,262.6,18.1,17.3,0.6086,0
FernRidgeRd_TON_12.03.25_LS,TON,624,34664,577.73,608.5,262.3,17.4,17.1,0.5924,0
FernRidgeRd_TON_12.03.25_LS,TON,624,34665,577.74,608.7,263.6,17.3,16.9,0.5492,0
FernRidgeRd_TON_12.03.25_LS,TON,624,34666,577.76,609.4,263.1,17.7,17.0,0.5526,0
FernRidgeRd_TON_12.03.25_LS,TON,624,34667,577.78,607.2,261.7,19.3,18.7,0.1042,0
FernRidgeRd_TON_12.03.25_LS,TON,631,34761,579.34,216.2,306.7,35.4,32.1,0.6078,1
FernRidgeRd_TON_12.03.25_LS,TON,631,34762,579.36,211.8,306.5,35.9,31.2,0.7299,1
FernRidgeRd_TON_12.03.25_LS,TON,631,34763,579.38,207.8,308.3,34.2,30.7,0.6835,1
FernRidgeRd_TON_12.03.25_LS,TON,631,34764,579.39,203.8,308.5,34.7,30.7,0.7677,1
FernRidgeRd_TON_12.03.25_LS,TON,631,34765,579.41,200.3,308.9,35.4,31.3,0.7327,1
FernRidgeRd_TON_12.03.25_LS,TON,631,34766,579.43,196.9,309.4,35.7,31.0,0.7711,1
FernRidgeRd_TON_12.03.25_LS,TON,631,34767,579.44,194.2,307.8,36.3,30.8,0.7156,1
FernRidgeRd_TON_12.03.25_LS,TON,631,34768,579.46,192.0,307.8,36.2,31.5,0.72,1
FernRidgeRd_TON_12.03.25_LS,TON,631,34769,579.48,189.0,308.1,35.9,32.0,0.7067,1
FernRidgeRd_TON_12.03.25_LS,TON,631,34770,579.49,185.6,307.4,37.0,33.2,0.6865,1
FernRidgeRd_TON_12.03.25_LS,TON,631,34771,579.51,182.1,306.2,37.4,32.6,0.7015,1
FernRidgeRd_TON_12.03.25_LS,TON,631,34772,579.53,179.0,307.0,39.1,33.6,0.7048,1
FernRidgeRd_TON_12.03.25_LS,TON,631,34773,579.54,174.7,304.8,38.1,33.0,0.7285,1
FernRidgeRd_TON_12.03.25_LS,TON,631,34774,579.56,171.7,303.2,39.5,33.6,0.7245,1
FernRidgeRd_TON_12.03.25_LS,TON,631,34775,579.58,168.4,304.3,39.7,32.9,0.7343,1
FernRidgeRd_TON_12.03.25_LS,TON,631,34776,579.59,165.0,303.6,39.1,32.9,0.7293,1
FernRidgeRd_TON_12.03.25_LS,TON,631,34777,579.61,161.6,303.8,38.6,33.7,0.7633,1
FernRidgeRd_TON_12.03.25_LS,TON,631,34778,579.63,157.9,305.0,37.4,33.3,0.7371,1
FernRidgeRd_TON_12.03.25_LS,TON,631,34779,579.64,154.7,304.4,37.7,33.4,0.6957,1
FernRidgeRd_TON_12.03.25_LS,TON,631,34780,579.66,152.0,304.5,38.2,33.8,0.7324,1
FernRidgeRd_TON_12.03.25_LS,TON,631,34781,579.68,148.0,304.3,37.3,33.8,0.7432,1
FernRidgeRd_TON_12.03.25_LS,TON,631,34782,579.69,144.4,304.4,38.8,35.1,0.7346,1
FernRidgeRd_TON_12.03.25_LS,TON,631,34783,579.71,141.1,305.7,37.7,34.2,0.7771,1
FernRidgeRd_TON_12.03.25_LS,TON,631,34784,579.73,139.2,306.6,36.8,33.6,0.7455,1
FernRidgeRd_TON_12.03.25_LS,TON,631,34785,579.74,137.6,307.8,35.9,32.5,0.7357,1
FernRidgeRd_TON_12.03.25_LS,TON,631,34786,579.76,134.0,308.6,36.6,32.4,0.7555,1
FernRidgeRd_TON_12.03.25_LS,TON,631,34787,579.78,130.0,309.2,35.9,30.9,0.764,1
FernRidgeRd_TON_12.03.25_LS,TON,631,34788,579.79,126.8,308.8,36.9,31.8,0.7645,1
FernRidgeRd_TON_12.03.25_LS,TON,631,34789,579.81,123.6,310.0,35.9,31.0,0.7936,1
FernRidgeRd_TON_12.03.25_LS,TON,631,34790,579.83,120.0,310.0,36.7,31.0,0.7854,1
FernRidgeRd_TON_12.03.25_LS,TON,631,34791,579.84,116.1,308.2,36.7,31.3,0.7549,1
FernRidgeRd_TON_12.03.25_LS,TON,631,34792,579.86,113.0,308.6,35.1,30.8,0.7785,1
FernRidgeRd_TON_12.03.25_LS,TON,631,34793,579.88,109.3,308.2,36.3,31.4,0.787,1
FernRidgeRd_TON_12.03.25_LS,TON,631,34794,579.89,105.8,307.2,36.7,31.8,0.7803,1
FernRidgeRd_TON_12.03.25_LS,TON,631,34795,579.91,103.2,308.3,37.5,31.1,0.7874,1
FernRidgeRd_TON_12.03.25_LS,TON,631,34796,579.93,99.7,307.8,39.0,31.8,0.768,1
FernRidgeRd_TON_12.03.25_LS,TON,631,34797,579.94,96.3,307.4,39.3,32.5,0.7772,1
FernRidgeRd_TON_12.03.25_LS,TON,631,34798,579.96,92.7,308.9,38.9,32.3,0.7951,1
FernRidgeRd_TON_12.03.25_LS,TON,631,34799,579.98,89.8,307.0,38.9,32.9,0.7678,1
FernRidgeRd_TON_12.03.25_LS,TON,631,34800,579.99,87.0,306.5,36.5,31.3,0.7408,1
FernRidgeRd_TON_12.03.25_LS,TON,631,34801,580.01,83.2,307.6,36.8,30.9,0.7516,1
FernRidgeRd_TON_12.03.25_LS,TON,631,34802,580.03,80.3,306.3,37.8,31.7,0.7861,1
FernRidgeRd_TON_12.03.25_LS,TON,631,34803,580.04,76.1,305.8,37.0,31.6,0.7776,1
FernRidgeRd_TON_12.03.25_LS,TON,631,34804,580.06,73.2,307.3,36.1,30.8,0.7489,1
FernRidgeRd_TON_12.03.25_LS,TON,631,34805,580.08,68.7,305.1,37.0,31.8,0.7818,1
FernRidgeRd_TON_12.03.25_LS,TON,631,34806,580.09,65.4,304.0,38.9,33.0,0.7572,1
FernRidgeRd_TON_12.03.25_LS,TON,631,34807,580.11,62.8,304.6,40.1,33.0,0.7694,1
FernRidgeRd_TON_12.03.25_LS,TON,631,34808,580.13,59.5,303.5,40.8,34.1,0.7775,1
FernRidgeRd_TON_12.03.25_LS,TON,631,34809,580.14,57.0,302.8,40.9,33.9,0.7774,1
FernRidgeRd_TON_12.03.25_LS,TON,631,34810,580.16,53.0,303.6,41.3,34.6,0.7601,1
FernRidgeRd_TON_12.03.25_LS,TON,631,34811,580.18,49.3,302.8,42.4,35.4,0.7818,1
FernRidgeRd_TON_12.03.25_LS,TON,631,34812,580.19,46.2,301.8,41.8,34.6,0.7465,1
FernRidgeRd_TON_12.03.25_LS,TON,631,34813,580.21,43.7,303.0,41.9,33.9,0.7715,1
FernRidgeRd_TON_12.03.25_LS,TON,631,34814,580.23,40.8,302.6,41.5,34.1,0.7701,1
FernRidgeRd_TON_12.03.25_LS,TON,631,34815,580.24,37.9,302.9,39.8,33.5,0.7879,1
FernRidgeRd_TON_12.03.25_LS,TON,631,34816,580.26,34.2,304.6,38.7,31.7,0.7848,1
FernRidgeRd_TON_12.03.25_LS,TON,631,34817,580.28,31.3,303.1,39.0,31.8,0.7603,1
FernRidgeRd_TON_12.03.25_LS,TON,631,34818,580.29,28.6,302.8,40.2,31.9,0.746,1
FernRidgeRd_TON_12.03.25_LS,TON,631,34819,580.31,27.4,303.7,40.3,31.8,0.7566,1
FernRidgeRd_TON_12.03.25_LS,TON,631,34820,580.33,23.8,302.4,40.3,32.2,0.7627,1
FernRidgeRd_TON_12.03.25_LS,TON,631,34821,580.34,22.0,302.4,42.8,33.1,0.7496,1
FernRidgeRd_TON_12.03.25_LS,TON,631,34822,580.36,20.8,303.4,41.6,32.4,0.8208,1
FernRidgeRd_TON_12.03.25_LS,TON,631,34823,580.38,19.7,302.6,39.4,32.8,0.6996,1
FernRidgeRd_TON_12.03.25_LS,TON,631,34824,580.39,17.7,302.9,35.4,32.2,0.6715,1
FernRidgeRd_TON_12.03.25_LS,TON,631,34825,580.41,14.2,303.9,28.4,32.4,0.5748,1
FernRidgeRd_TON_12.03.25_LS,TON,631,34826,580.43,13.6,304.2,27.3,32.9,0.2477,1
FernRidgeRd_TON_12.03.25_LS,TON,631,34827,580.44,17.0,304.2,34.0,30.6,0.3755,1
FernRidgeRd_TON_12.03.25_LS,TON,631,34828,580.46,13.9,304.9,27.9,29.6,0.4436,1
FernRidgeRd_TON_12.03.25_LS,TON,631,34829,580.48,12.6,305.0,25.2,29.5,0.4948,1
N25thBlue_MAS_12.22.25_LS_V2,MAS,634,203,3.38,613.8,61.3,32.0,21.2,0.5638,1
N25thBlue_MAS_12.22.25_LS_V2,MAS,634,204,3.4,603.0,62.2,32.1,22.0,0.608,1
N25thBlue_MAS_12.22.25_LS_V2,MAS,634,205,3.42,596.3,63.3,30.7,21.9,0.4373,1
N25thBlue_MAS_12.22.25_LS_V2,MAS,634,206,3.43,587.7,63.3,33.5,22.3,0.3994,1
N25thBlue_MAS_12.22.25_LS_V2,MAS,634,207,3.45,579.7,64.0,33.7,22.1,0.5059,1
N25thBlue_MAS_12.22.25_LS_V2,MAS,634,208,3.47,568.1,65.6,31.7,21.5,0.556,1
N25thBlue_MAS_12.22.25_LS_V2,MAS,634,209,3.48,558.2,66.4,31.4,20.8,0.5507,1
N25thBlue_MAS_12.22.25_LS_V2,MAS,634,210,3.5,550.1,66.4,31.4,21.1,0.4442,1
N25thBlue_MAS_12.22.25_LS_V2,MAS,634,211,3.52,540.9,67.0,31.7,20.7,0.4817,1
N25thBlue_MAS_12.22.25_LS_V2,MAS,634,212,3.53,529.8,67.6,30.3,20.3,0.4143,1
N25thBlue_MAS_12.22.25_LS_V2,MAS,634,213,3.55,521.6,67.7,29.6,20.0,0.4207,1
N25thBlue_MAS_12.22.25_LS_V2,MAS,634,214,3.57,514.4,69.6,30.5,20.7,0.4195,1
N25thBlue_MAS_12.22.25_LS_V2,MAS,634,215,3.58,505.2,70.1,29.0,19.8,0.6287,1
N25thBlue_MAS_12.22.25_LS_V2,MAS,634,216,3.6,494.9,69.8,30.4,20.9,0.5949,1
N25thBlue_MAS_12.22.25_LS_V2,MAS,634,217,3.62,485.9,69.5,32.2,22.2,0.5659,1
N25thBlue_MAS_12.22.25_LS_V2,MAS,634,218,3.63,478.5,70.3,31.8,22.4,0.6623,1
N25thBlue_MAS_12.22.25_LS_V2,MAS,634,219,3.65,471.5,71.1,30.5,20.8,0.5935,1
N25thBlue_MAS_12.22.25_LS_V2,MAS,634,220,3.67,461.7,71.7,32.4,22.7,0.6663,1
N25thBlue_MAS_12.22.25_LS_V2,MAS,634,221,3.68,450.6,71.4,32.7,22.6,0.6337,1
N25thBlue_MAS_12.22.25_LS_V2,MAS,634,222,3.7,443.1,71.7,32.4,22.5,0.5767,1
N25thBlue_MAS_12.22.25_LS_V2,MAS,634,223,3.72,436.9,74.3,31.9,23.4,0.6091,1
N25thBlue_MAS_12.22.25_LS_V2,MAS,634,224,3.73,426.0,74.6,32.5,23.7,0.6835,1
N25thBlue_MAS_12.22.25_LS_V2,MAS,634,225,3.75,415.4,73.7,32.3,24.0,0.6427,1
N25thBlue_MAS_12.22.25_LS_V2,MAS,634,226,3.77,407.1,72.6,28.6,21.3,0.4547,1
N25thBlue_MAS_12.22.25_LS_V2,MAS,634,227,3.78,400.6,74.1,29.5,21.3,0.4536,1
N25thBlue_MAS_12.22.25_LS_V2,MAS,634,228,3.8,389.3,75.5,30.5,21.1,0.6593,1
N25thBlue_MAS_12.22.25_LS_V2,MAS,634,229,3.82,378.3,75.6,32.4,21.1,0.5834,1
N25thBlue_MAS_12.22.25_LS_V2,MAS,634,230,3.83,369.7,76.6,31.7,22.6,0.2215,1
N25thBlue_MAS_12.22.25_LS_V2,MAS,634,232,3.87,352.7,80.2,34.4,24.3,0.6835,1
N25thBlue_MAS_12.22.25_LS_V2,MAS,634,233,3.88,344.9,79.5,35.5,25.0,0.5352,1
N25thBlue_MAS_12.22.25_LS_V2,MAS,634,235,3.92,332.3,82.1,34.2,24.8,0.44,1
N25thBlue_MAS_12.22.25_LS_V2,MAS,634,236,3.93,321.8,82.3,33.3,23.6,0.2554,1
N25thBlue_MAS_12.22.25_LS_V2,MAS,634,237,3.95,313.0,82.8,30.7,21.0,0.3275,1
N25thBlue_MAS_12.22.25_LS_V2,MAS,634,238,3.97,306.5,83.3,30.4,20.7,0.1848,1
N25thBlue_MAS_12.22.25_LS_V2,MAS,634,239,3.98,300.3,84.5,32.6,21.2,0.3675,1
N25thBlue_MAS_12.22.25_LS_V2,MAS,634,240,4.0,289.4,88.7,30.7,19.9,0.3807,1
N25thBlue_MAS_12.22.25_LS_V2,MAS,634,241,4.02,280.0,88.4,32.0,20.5,0.4233,1
N25thBlue_MAS_12.22.25_LS_V2,MAS,634,242,4.03,274.8,90.2,32.6,20.4,0.2672,1
N25thBlue_MAS_12.22.25_LS_V2,MAS,634,243,4.05,267.7,91.1,32.5,20.6,0.4247,1
N25thBlue_MAS_12.22.25_LS_V2,MAS,634,244,4.07,258.3,91.6,33.1,22.6,0.2804,1
N25thBlue_MAS_12.22.25_LS_V2,MAS,634,245,4.08,247.8,93.9,32.7,21.7,0.2442,1
N25thBlue_MAS_12.22.25_LS_V2,MAS,634,246,4.1,240.6,96.5,30.6,22.2,0.206,1
N25thBlue_MAS_12.22.25_LS_V2,MAS,634,247,4.12,237.1,100.7,29.5,22.1,0.3726,1
N25thBlue_MAS_12.22.25_LS_V2,MAS,634,248,4.13,226.6,102.6,30.6,22.0,0.3832,1
N25thBlue_MAS_12.22.25_LS_V2,MAS,634,249,4.15,216.1,104.9,30.6,21.9,0.2505,1
N25thBlue_MAS_12.22.25_LS_V2,MAS,634,250,4.17,209.7,108.4,31.6,24.2,0.4951,1
N25thBlue_MAS_12.22.25_LS_V2,MAS,634,251,4.18,205.4,110.2,31.4,24.7,0.4914,1
N25thBlue_MAS_12.22.25_LS_V2,MAS,634,252,4.2,196.9,112.4,30.4,23.4,0.6037,1
N25thBlue_MAS_12.22.25_LS_V2,MAS,634,253,4.22,187.8,114.5,29.9,22.4,0.5835,1
N25thBlue_MAS_12.22.25_LS_V2,MAS,634,254,4.23,181.2,117.2,30.9,23.7,0.5382,1
N25thBlue_MAS_12.22.25_LS_V2,MAS,634,255,4.25,175.6,119.3,30.5,23.5,0.4154,1
N25thBlue_MAS_12.22.25_LS_V2,MAS,634,256,4.27,165.9,122.7,28.5,23.4,0.1701,1
N25thBlue_MAS_12.22.25_LS_V2,MAS,634,257,4.28,158.7,124.2,27.9,22.1,0.4382,1
N25thBlue_MAS_12.22.25_LS_V2,MAS,634,258,4.3,151.4,126.2,27.3,20.5,0.4544,1
N25thBlue_MAS_12.22.25_LS_V2,MAS,634,259,4.32,143.3,127.9,26.8,19.7,0.3923,1
N25thBlue_MAS_12.22.25_LS_V2,MAS,634,260,4.33,136.1,128.1,25.6,19.4,0.1769,1
N25thBlue_MAS_12.22.25_LS_V2,MAS,634,261,4.35,128.2,130.5,27.9,20.0,0.2292,1
N25thBlue_MAS_12.22.25_LS_V2,MAS,634,262,4.37,121.4,131.8,28.4,19.3,0.4283,1
N25thBlue_MAS_12.22.25_LS_V2,MAS,634,263,4.38,115.0,133.4,27.7,19.0,0.3032,1
N25thBlue_MAS_12.22.25_LS_V2,MAS,634,264,4.4,109.0,134.5,27.7,19.2,0.2966,1
N25thBlue_MAS_12.22.25_LS_V2,MAS,638,854,14.23,599.1,97.6,28.6,27.6,0.6207,1
N25thBlue_MAS_12.22.25_LS_V2,MAS,638,855,14.25,591.0,99.0,28.1,27.0,0.7015,1
N25thBlue_MAS_12.22.25_LS_V2,MAS,638,856,14.27,582.6,101.1,29.6,28.5,0.7331,1
N25thBlue_MAS_12.22.25_LS_V2,MAS,638,857,14.28,576.0,101.5,30.0,28.1,0.6846,1
N25thBlue_MAS_12.22.25_LS_V2,MAS,638,858,14.3,570.0,104.7,31.0,29.6,0.6511,1
N25thBlue_MAS_12.22.25_LS_V2,MAS,638,859,14.32,564.6,107.6,32.6,29.8,0.4439,1
N25thBlue_MAS_12.22.25_LS_V2,MAS,638,860,14.33,559.2,109.9,35.5,30.5,0.4808,1
N25thBlue_MAS_12.22.25_LS_V2,MAS,638,865,14.42,526.0,125.8,36.6,32.1,0.5492,1
N25thBlue_MAS_12.22.25_LS_V2,MAS,638,866,14.43,515.9,130.0,34.8,31.9,0.6133,1
N25thBlue_MAS_12.22.25_LS_V2,MAS,638,867,14.45,509.9,130.4,33.6,30.9,0.6028,1
N25thBlue_MAS_12.22.25_LS_V2,MAS,638,868,14.47,501.4,133.8,32.3,30.9,0.6244,1
N25thBlue_MAS_12.22.25_LS_V2,MAS,638,869,14.48,493.5,136.3,33.1,30.6,0.7182,1
N25thBlue_MAS_12.22.25_LS_V2,MAS,638,870,14.5,486.2,137.8,33.1,30.2,0.714,1
N25thBlue_MAS_12.22.25_LS_V2,MAS,638,871,14.52,480.4,139.2,32.8,30.1,0.7243,1
N25thBlue_MAS_12.22.25_LS_V2,MAS,638,872,14.53,471.7,140.0,33.4,30.8,0.7305,1
N25thBlue_MAS_12.22.25_LS_V2,MAS,638,873,14.55,463.3,142.5,32.8,30.7,0.7542,1
N25thBlue_MAS_12.22.25_LS_V2,MAS,638,874,14.57,458.8,142.8,33.6,30.6,0.7047,1
N25thBlue_MAS_12.22.25_LS_V2,MAS,638,875,14.58,450.8,145.1,33.8,30.6,0.6723,1
N25thBlue_MAS_12.22.25_LS_V2,MAS,638,876,14.6,442.8,145.7,33.5,30.4,0.7276,1
N25thBlue_MAS_12.22.25_LS_V2,MAS,638,877,14.62,435.6,146.6,33.2,30.5,0.7369,1
N25thBlue_MAS_12.22.25_LS_V2,MAS,638,878,14.63,428.5,147.0,33.7,30.3,0.7228,1
N25thBlue_MAS_12.22.25_LS_V2,MAS,638,879,14.65,422.0,147.2,35.4,32.3,0.7059,1
N25thBlue_MAS_12.22.25_LS_V2,MAS,638,880,14.67,413.3,149.2,33.8,31.1,0.7214,1
N25thBlue_MAS_12.22.25_LS_V2,MAS,638,881,14.68,408.6,149.9,35.1,31.2,0.7107,1
N25thBlue_MAS_12.22.25_LS_V2,MAS,638,882,14.7,403.3,152.3,35.3,31.1,0.7441,1
N25thBlue_MAS_12.22.25_LS_V2,MAS,638,883,14.72,393.9,152.0,35.6,32.0,0.7108,1
N25thBlue_MAS_12.22.25_LS_V2,MAS,638,884,14.73,386.4,154.0,36.1,32.2,0.74,1
N25thBlue_MAS_12.22.25_LS_V2,MAS,638,885,14.75,379.8,155.5,35.8,31.7,0.7284,1
N25thBlue_MAS_12.22.25_LS_V2,MAS,638,886,14.77,373.8,157.3,36.7,32.0,0.7376,1
N25thBlue_MAS_12.22.25_LS_V2,MAS,638,887,14.78,364.0,159.1,35.7,32.2,0.6252,1
N25thBlue_MAS_12.22.25_LS_V2,MAS,638,888,14.8,355.7,160.0,36.4,32.0,0.6973,1
N25thBlue_MAS_12.22.25_LS_V2,MAS,638,889,14.82,349.3,160.1,37.1,32.1,0.6203,1
N25thBlue_MAS_12.22.25_LS_V2,MAS,638,890,14.83,343.8,163.1,37.6,32.5,0.6675,1
N25thBlue_MAS_12.22.25_LS_V2,MAS,638,891,14.85,334.6,163.2,35.4,30.8,0.659,1
N25thBlue_MAS_12.22.25_LS_V2,MAS,638,892,14.87,324.8,164.8,37.1,32.0,0.6704,1
N25thBlue_MAS_12.22.25_LS_V2,MAS,638,893,14.88,317.1,166.4,35.7,30.7,0.6522,1
N25thBlue_MAS_12.22.25_LS_V2,MAS,638,894,14.9,312.8,167.6,35.3,30.6,0.7318,1
N25thBlue_MAS_12.22.25_LS_V2,MAS,638,895,14.92,307.5,170.0,34.9,31.0,0.728,1
N25thBlue_MAS_12.22.25_LS_V2,MAS,638,896,14.93,296.1,170.1,33.1,30.0,0.661,1
N25thBlue_MAS_12.22.25_LS_V2,MAS,638,897,14.95,289.3,171.7,34.4,31.2,0.7208,1
N25thBlue_MAS_12.22.25_LS_V2,MAS,638,898,14.97,284.3,173.5,33.1,30.0,0.7312,1
N25thBlue_MAS_12.22.25_LS_V2,MAS,638,899,14.98,278.3,175.2,34.3,30.8,0.6958,1
N25thBlue_MAS_12.22.25_LS_V2,MAS,638,900,15.0,271.0,175.9,31.4,28.1,0.4276,1
N25thBlue_MAS_12.22.25_LS_V2,MAS,638,901,15.02,261.7,177.7,31.0,27.8,0.2378,1
N25thBlue_MAS_12.22.25_LS_V2,MAS,638,902,15.03,254.4,177.4,32.0,28.2,0.5594,1
N25thBlue_MAS_12.22.25_LS_V2,MAS,638,903,15.05,251.3,177.5,33.0,29.0,0.5983,1
N25thBlue_MAS_12.22.25_LS_V2,MAS,638,904,15.07,243.7,179.2,32.2,28.1,0.4493,1
N25thBlue_MAS_12.22.25_LS_V2,MAS,638,916,15.27,160.7,199.5,26.8,26.7,0.5331,1
N25thBlue_MAS_12.22.25_LS_V2,MAS,638,917,15.28,151.5,198.4,27.1,26.2,0.5574,1
N25thBlue_MAS_12.22.25_LS_V2,MAS,638,918,15.3,142.9,198.8,29.2,28.4,0.6527,1
N25thBlue_MAS_12.22.25_LS_V2,MAS,638,919,15.32,135.4,198.0,29.7,29.2,0.6179,1
N25thBlue_MAS_12.22.25_LS_V2,MAS,638,920,15.33,128.9,197.3,31.5,29.7,0.7035,1
N25thBlue_MAS_12.22.25_LS_V2,MAS,638,921,15.35,121.0,196.9,31.6,29.9,0.6969,1
N25thBlue_MAS_12.22.25_LS_V2,MAS,638,922,15.37,114.9,194.7,31.1,29.6,0.6566,1
N25thBlue_MAS_12.22.25_LS_V2,MAS,638,923,15.38,110.2,193.2,31.2,29.6,0.503,1
N25thBlue_MAS_12.22.25_LS_V2,MAS,638,924,15.4,101.8,188.7,32.4,29.8,0.3863,1
N25thBlue_MAS_12.22.25_LS_V2,MAS,650,1850,30.83,571.0,351.1,31.8,32.8,0.7403,0
N25thBlue_MAS_12.22.25_LS_V2,MAS,650,1851,30.85,555.3,354.8,30.0,29.7,0.7229,0
N25thBlue_MAS_12.22.25_LS_V2,MAS,650,1852,30.87,542.3,356.5,28.9,27.7,0.6855,0
N25thBlue_MAS_12.22.25_LS_V2,MAS,650,1853,30.88,531.1,358.7,29.7,29.2,0.7067,0
N25thBlue_MAS_12.22.25_LS_V2,MAS,650,1854,30.9,519.4,360.5,31.4,30.2,0.2352,0
N25thBlue_MAS_12.22.25_LS_V2,MAS,666,4669,77.82,457.5,259.7,44.1,28.0,0.4824,1
N25thBlue_MAS_12.22.25_LS_V2,MAS,666,4670,77.84,450.0,261.4,41.5,29.5,0.5821,1
N25thBlue_MAS_12.22.25_LS_V2,MAS,666,4671,77.85,441.2,263.3,42.6,28.8,0.3535,1
N25thBlue_MAS_12.22.25_LS_V2,MAS,666,4674,77.9,414.6,272.4,39.9,33.2,0.5133,1
N25thBlue_MAS_12.22.25_LS_V2,MAS,666,4675,77.92,407.7,273.3,41.1,33.8,0.6188,1
N25thBlue_MAS_12.22.25_LS_V2,MAS,666,4676,77.94,395.4,275.6,37.6,31.3,0.4899,1
N25thBlue_MAS_12.22.25_LS_V2,MAS,666,4677,77.95,385.4,277.3,37.3,30.8,0.4124,1
N25thBlue_MAS_12.22.25_LS_V2,MAS,666,4678,77.97,375.7,279.5,37.9,29.6,0.4577,1
N25thBlue_MAS_12.22.25_LS_V2,MAS,666,4679,77.99,366.0,281.5,37.6,29.2,0.3095,1
N25thBlue_MAS_12.22.25_LS_V2,MAS,666,4680,78.0,357.6,283.1,34.5,25.9,0.6326,1
N25thBlue_MAS_12.22.25_LS_V2,MAS,666,4681,78.02,350.0,285.8,32.6,27.9,0.7337,1
N25thBlue_MAS_12.22.25_LS_V2,MAS,666,4682,78.04,342.1,287.4,34.2,29.9,0.5654,1
N25thBlue_MAS_12.22.25_LS_V2,MAS,666,4683,78.05,332.5,287.9,37.6,30.7,0.1847,1
N25thBlue_MAS_12.22.25_LS_V2,MAS,666,4684,78.07,321.3,289.1,38.1,30.2,0.3198,1
N25thBlue_MAS_12.22.25_LS_V2,MAS,666,4685,78.09,310.5,290.2,39.0,32.2,0.5651,1
N25thBlue_MAS_12.22.25_LS_V2,MAS,666,4686,78.1,298.5,290.6,39.1,32.9,0.1182,1
N25thBlue_MAS_12.22.25_LS_V2,MAS,666,4687,78.12,293.2,292.8,40.8,34.1,0.3151,1
N25thBlue_MAS_12.22.25_LS_V2,MAS,666,4688,78.14,283.8,293.4,41.8,32.6,0.4787,1
N25thBlue_MAS_12.22.25_LS_V2,MAS,703,8136,135.6,419.6,179.4,43.9,37.2,0.4313,0
N25thBlue_MAS_12.22.25_LS_V2,MAS,703,8137,135.62,417.5,181.4,42.1,36.6,0.5102,0
N25thBlue_MAS_12.22.25_LS_V2,MAS,703,8138,135.64,404.8,183.3,43.4,36.5,0.1228,0
N25thBlue_MAS_12.22.25_LS_V2,MAS,703,8139,135.65,396.4,183.8,46.6,34.0,0.2701,0
N25thBlue_MAS_12.22.25_LS_V2,MAS,703,8140,135.67,392.4,186.2,44.9,33.7,0.4727,0
N25thBlue_MAS_12.22.25_LS_V2,MAS,703,8141,135.69,384.7,186.2,50.1,42.8,0.2164,0
N25thBlue_MAS_12.22.25_LS_V2,MAS,703,8144,135.74,364.1,193.7,43.9,41.0,0.4947,0
N25thBlue_MAS_12.22.25_LS_V2,MAS,703,8146,135.77,351.4,195.5,45.3,36.4,0.6702,0
N25thBlue_MAS_12.22.25_LS_V2,MAS,703,8147,135.79,344.2,196.6,46.8,34.9,0.6871,0
N25thBlue_MAS_12.22.25_LS_V2,MAS,703,8148,135.8,339.7,198.4,43.6,33.1,0.674,0
N25thBlue_MAS_12.22.25_LS_V2,MAS,703,8149,135.82,331.8,200.2,41.6,31.7,0.6874,0
N25thBlue_MAS_12.22.25_LS_V2,MAS,703,8150,135.84,325.8,199.9,40.5,30.9,0.4303,0
N25thBlue_MAS_12.22.25_LS_V2,MAS,703,8151,135.85,321.4,199.8,38.7,29.8,0.4781,0
N25thBlue_MAS_12.22.25_LS_V2,MAS,703,8152,135.87,315.3,199.9,39.6,30.1,0.3627,0
N25thBlue_MAS_12.22.25_LS_V2,MAS,706,8177,136.29,145.4,209.0,37.0,33.6,0.4703,0
N25thBlue_MAS_12.22.25_LS_V2,MAS,706,8178,136.3,137.0,210.5,37.7,31.4,0.4178,0
N25thBlue_MAS_12.22.25_LS_V2,MAS,706,8179,136.32,131.2,210.7,34.2,30.6,0.52,0
N25thBlue_MAS_12.22.25_LS_V2,MAS,706,8181,136.35,113.4,212.8,35.1,31.0,0.6379,0
N25thBlue_MAS_12.22.25_LS_V2,MAS,706,8182,136.37,104.0,213.3,39.1,34.7,0.4839,0
N25thBlue_MAS_12.22.25_LS_V2,MAS,706,8183,136.39,98.3,213.7,40.9,35.5,0.3729,0
N25thBlue_MAS_12.22.25_LS_V2,MAS,706,8184,136.4,87.5,213.0,38.8,33.6,0.2433,0
N25thBlue_MAS_12.22.25_LS_V2,MAS,706,8185,136.42,83.6,213.8,39.5,34.6,0.1726,0
N25thBlue_MAS_12.22.25_LS_V2,MAS,706,8186,136.44,76.5,212.3,40.6,33.3,0.2402,0
N25thBlue_MAS_12.22.25_LS_V2,MAS,706,8187,136.45,70.0,211.4,43.8,30.1,0.6035,0
N25thBlue_MAS_12.22.25_LS_V2,MAS,730,10980,183.01,461.7,218.1,47.7,61.4,0.5295,1
N25thBlue_MAS_12.22.25_LS_V2,MAS,730,10981,183.02,451.6,218.2,48.6,54.1,0.3021,1
N25thBlue_MAS_12.22.25_LS_V2,MAS,730,10982,183.04,437.5,215.3,46.9,45.0,0.6076,1
N25thBlue_MAS_12.22.25_LS_V2,MAS,730,10985,183.09,404.6,223.5,46.8,46.9,0.5983,1
N25thBlue_MAS_12.22.25_LS_V2,MAS,730,10986,183.11,394.6,225.1,46.8,47.6,0.2996,1
N25thBlue_MAS_12.22.25_LS_V2,MAS,730,10987,183.12,379.6,224.9,42.5,50.1,0.1115,1
N25thBlue_MAS_12.22.25_LS_V2,MAS,730,10988,183.14,366.4,225.4,38.4,50.4,0.2041,1
N25thBlue_MAS_12.22.25_LS_V2,MAS,730,11002,183.37,195.0,233.2,40.5,57.5,0.4956,1
N25thBlue_MAS_12.22.25_LS_V2,MAS,730,11003,183.39,182.5,234.4,46.2,58.7,0.5236,1
N25thBlue_MAS_12.22.25_LS_V2,MAS,730,11004,183.41,167.1,225.4,42.3,46.2,0.1401,1
N25thBlue_MAS_12.22.25_LS_V2,MAS,730,11005,183.42,154.6,221.0,41.1,38.6,0.4223,1
N25thBlue_MAS_12.22.25_LS_V2,MAS,730,11006,183.44,142.3,226.1,42.6,49.2,0.624,1
N25thBlue_MAS_12.22.25_LS_V2,MAS,730,11007,183.46,131.0,227.8,41.5,48.5,0.1589,1
N25thBlue_MAS_12.22.25_LS_V2,MAS,730,11011,183.52,75.3,220.3,34.1,35.8,0.4483,1
N25thBlue_MAS_12.22.25_LS_V2,MAS,730,11012,183.54,64.1,219.3,39.7,38.0,0.215,1
N25thBlue_MAS_12.22.25_LS_V2,MAS,730,11014,183.57,35.9,221.9,32.0,25.6,0.5295,1
N25thBlue_MAS_12.22.25_LS_V2,MAS,741,11237,187.29,288.2,242.7,47.2,47.2,0.4862,0
N25thBlue_MAS_12.22.25_LS_V2,MAS,741,11238,187.31,284.6,242.9,47.5,44.8,0.449,0
N25thBlue_MAS_12.22.25_LS_V2,MAS,741,11239,187.32,273.2,248.6,40.4,46.2,0.4574,0
N25thBlue_MAS_12.22.25_LS_V2,MAS,862,22174,369.58,493.2,357.5,35.4,38.8,0.4628,0
N25thBlue_MAS_12.22.25_LS_V2,MAS,862,22187,369.8,257.6,410.1,35.3,40.0,0.7354,0
N25thBlue_MAS_12.22.25_LS_V2,MAS,862,22188,369.81,237.4,408.8,34.7,41.1,0.4964,0
N25thBlue_MAS_12.22.25_LS_V2,MAS,862,22189,369.83,222.4,411.0,33.8,37.8,0.6029,0
N25thBlue_MAS_12.22.25_LS_V2,MAS,862,22190,369.85,205.5,414.2,33.7,36.0,0.262,0
N25thBlue_MAS_12.22.25_LS_V2,MAS,862,22191,369.86,183.8,414.7,34.4,36.5,0.4963,0
N25thBlue_MAS_12.22.25_LS_V2,MAS,863,22186,369.78,190.5,436.3,30.2,31.7,0.6786,0
N25thBlue_MAS_12.22.25_LS_V2,MAS,863,22187,369.8,167.5,440.3,30.6,29.2,0.3439,0
N25thBlue_MAS_12.22.25_LS_V2,MAS,863,22188,369.81,147.0,441.7,29.3,26.7,0.6114,0
N25thBlue_MAS_12.22.25_LS_V2,MAS,863,22189,369.83,132.4,444.8,28.7,24.6,0.6372,0
N25thBlue_MAS_12.22.25_LS_V2,MAS,863,22190,369.85,113.8,449.9,28.6,27.6,0.3191,0
N25thBlue_MAS_12.22.25_LS_V2,MAS,863,22192,369.88,71.7,455.4,26.9,24.8,0.5573,0
N25thBlue_MAS_12.22.25_LS_V2,MAS,863,22193,369.9,55.8,463.1,24.1,19.1,0.185,0
N25thBlue_MAS_12.22.25_LS_V2,MAS,865,22613,376.9,389.3,282.7,51.6,29.1,0.5014,0
N25thBlue_MAS_12.22.25_LS_V2,MAS,865,22614,376.91,364.0,286.2,55.6,27.6,0.187,0
N25thBlue_MAS_12.22.25_LS_V2,MAS,865,22615,376.93,336.0,289.9,58.3,30.3,0.5811,0
N25thBlue_MAS_12.22.25_LS_V2,MAS,865,22616,376.95,306.5,294.3,56.4,29.8,0.3665,0
N25thBlue_MAS_12.22.25_LS_V2,MAS,865,22617,376.96,276.9,298.6,53.9,29.4,0.5355,0
N25thBlue_MAS_12.22.25_LS_V2,MAS,865,22618,376.98,249.5,302.8,54.6,28.9,0.3555,0
N25thBlue_MAS_12.22.25_LS_V2,MAS,865,22619,377.0,216.1,305.7,50.7,26.4,0.3055,0
N25thBlue_MAS_12.22.25_LS_V2,MAS,865,22620,377.01,187.5,310.7,46.4,22.7,0.2401,0
N25thBlue_MAS_12.22.25_LS_V2,MAS,865,22623,377.06,95.0,320.2,51.2,29.0,0.5638,0
N25thBlue_MAS_12.22.25_LS_V2,MAS,865,22624,377.08,69.2,326.1,51.6,28.3,0.1844,0
N25thBlue_MAS_12.22.25_LS_V2,MAS,865,22625,377.1,37.7,331.6,55.1,27.4,0.4441,0
N25thBlue_MAS_12.22.25_LS_V2,MAS,899,24321,405.36,315.2,50.1,47.3,37.6,0.3666,0
N25thBlue_MAS_12.22.25_LS_V2,MAS,899,24322,405.38,314.3,49.8,47.4,37.4,0.4946,0
N25thBlue_MAS_12.22.25_LS_V2,MAS,899,24323,405.4,310.7,50.4,48.8,37.2,0.3828,0
N25thBlue_MAS_12.22.25_LS_V2,MAS,899,24324,405.41,309.2,49.9,48.7,37.2,0.2707,0
N25thBlue_MAS_12.22.25_LS_V2,MAS,899,24325,405.43,309.3,49.6,50.1,38.1,0.2997,0
N25thBlue_MAS_12.22.25_LS_V2,MAS,899,24326,405.45,309.4,49.6,49.6,37.8,0.2289,0
N25thBlue_MAS_12.22.25_LS_V2,MAS,899,24327,405.46,308.8,48.6,49.3,38.0,0.174,0
N25thBlue_MAS_12.22.25_LS_V2,MAS,899,24328,405.48,308.1,48.4,49.7,38.3,0.1763,0
N25thBlue_MAS_12.22.25_LS_V2,MAS,899,24329,405.5,307.9,48.6,50.5,38.7,0.112,0
NIron_SHW_01.18.2026_LS,SHW,906,2322,38.72,625.3,60.0,28.4,36.5,0.5082,1
NIron_SHW_01.18.2026_LS,SHW,906,2323,38.73,622.7,59.3,34.0,42.9,0.4553,1
NIron_SHW_01.18.2026_LS,SHW,906,2324,38.75,619.2,60.6,40.2,47.1,0.518,1
NIron_SHW_01.18.2026_LS,SHW,906,2325,38.77,617.0,61.5,45.5,47.5,0.6511,1
NIron_SHW_01.18.2026_LS,SHW,906,2326,38.78,614.1,61.9,51.0,48.6,0.6179,1
NIron_SHW_01.18.2026_LS,SHW,906,2327,38.8,610.9,64.1,55.6,53.1,0.7193,1
NIron_SHW_01.18.2026_LS,SHW,906,2328,38.82,607.3,66.1,55.8,53.8,0.7731,1
NIron_SHW_01.18.2026_LS,SHW,906,2329,38.83,600.8,67.7,56.0,52.5,0.4042,1
NIron_SHW_01.18.2026_LS,SHW,906,2330,38.85,592.7,69.0,50.6,51.3,0.7066,1
NIron_SHW_01.18.2026_LS,SHW,906,2331,38.87,588.3,71.0,50.1,49.5,0.5219,1
NIron_SHW_01.18.2026_LS,SHW,906,2332,38.88,582.8,73.3,46.4,44.8,0.6051,1
NIron_SHW_01.18.2026_LS,SHW,906,2333,38.9,581.3,73.9,56.7,51.4,0.4876,1
NIron_SHW_01.18.2026_LS,SHW,906,2334,38.92,576.3,75.6,58.6,52.3,0.3807,1
NIron_SHW_01.18.2026_LS,SHW,906,2335,38.93,567.6,76.3,51.3,48.0,0.4268,1
NIron_SHW_01.18.2026_LS,SHW,906,2336,38.95,566.4,79.7,59.6,53.7,0.566,1
NIron_SHW_01.18.2026_LS,SHW,906,2337,38.97,561.3,81.2,60.9,52.7,0.3462,1
NIron_SHW_01.18.2026_LS,SHW,906,2338,38.98,552.9,80.3,55.1,48.4,0.4832,1
NIron_SHW_01.18.2026_LS,SHW,906,2339,39.0,544.3,80.6,46.6,44.2,0.6541,1
NIron_SHW_01.18.2026_LS,SHW,906,2340,39.02,539.7,82.8,45.3,43.7,0.6144,1
NIron_SHW_01.18.2026_LS,SHW,906,2341,39.03,535.4,83.9,46.1,45.5,0.6395,1
NIron_SHW_01.18.2026_LS,SHW,906,2342,39.05,528.4,84.8,44.6,46.3,0.4921,1
NIron_SHW_01.18.2026_LS,SHW,906,2343,39.07,522.3,86.3,44.3,45.7,0.5115,1
NIron_SHW_01.18.2026_LS,SHW,906,2344,39.08,516.0,87.4,45.8,48.7,0.4002,1
NIron_SHW_01.18.2026_LS,SHW,906,2345,39.1,510.3,88.4,45.9,45.3,0.5145,1
NIron_SHW_01.18.2026_LS,SHW,906,2346,39.12,504.0,88.6,45.1,44.7,0.6302,1
NIron_SHW_01.18.2026_LS,SHW,906,2347,39.13,499.8,90.3,47.8,44.2,0.6194,1
NIron_SHW_01.18.2026_LS,SHW,906,2348,39.15,495.2,91.8,52.5,45.5,0.6482,1
NIron_SHW_01.18.2026_LS,SHW,906,2349,39.17,489.9,93.7,54.8,46.2,0.7198,1
NIron_SHW_01.18.2026_LS,SHW,906,2350,39.18,482.8,95.1,52.4,47.0,0.6329,1
NIron_SHW_01.18.2026_LS,SHW,906,2351,39.2,476.8,95.5,51.1,47.8,0.6723,1
NIron_SHW_01.18.2026_LS,SHW,906,2352,39.22,472.5,95.6,54.2,47.8,0.7143,1
NIron_SHW_01.18.2026_LS,SHW,906,2353,39.23,467.0,96.9,55.7,49.2,0.7559,1
NIron_SHW_01.18.2026_LS,SHW,906,2354,39.25,461.4,98.5,55.6,50.6,0.7833,1
NIron_SHW_01.18.2026_LS,SHW,906,2355,39.27,455.8,98.8,55.5,50.8,0.7785,1
NIron_SHW_01.18.2026_LS,SHW,906,2356,39.28,448.9,100.2,55.0,50.5,0.75,1
NIron_SHW_01.18.2026_LS,SHW,906,2357,39.3,442.6,101.1,54.9,49.6,0.7576,1
NIron_SHW_01.18.2026_LS,SHW,906,2358,39.32,437.0,101.6,54.6,49.7,0.7858,1
NIron_SHW_01.18.2026_LS,SHW,906,2359,39.33,431.3,103.6,56.8,50.3,0.8107,1
NIron_SHW_01.18.2026_LS,SHW,906,2360,39.35,425.7,105.6,59.7,50.8,0.7766,1
NIron_SHW_01.18.2026_LS,SHW,906,2361,39.37,419.4,107.2,60.7,50.7,0.7788,1
NIron_SHW_01.18.2026_LS,SHW,906,2362,39.38,412.0,108.7,60.0,50.7,0.7819,1
NIron_SHW_01.18.2026_LS,SHW,906,2363,39.4,406.1,112.2,59.6,53.6,0.7648,1
NIron_SHW_01.18.2026_LS,SHW,906,2364,39.42,399.7,114.1,58.7,53.8,0.7752,1
NIron_SHW_01.18.2026_LS,SHW,906,2365,39.43,394.0,116.6,59.8,55.1,0.7782,1
NIron_SHW_01.18.2026_LS,SHW,906,2366,39.45,386.8,117.0,61.0,55.4,0.7765,1
NIron_SHW_01.18.2026_LS,SHW,906,2367,39.47,379.7,118.6,63.6,57.6,0.8107,1
NIron_SHW_01.18.2026_LS,SHW,906,2368,39.48,373.4,119.7,64.1,57.3,0.7989,1
NIron_SHW_01.18.2026_LS,SHW,906,2369,39.5,366.4,120.2,64.0,57.3,0.8128,1
NIron_SHW_01.18.2026_LS,SHW,906,2370,39.52,360.9,121.8,62.6,56.5,0.7993,1
NIron_SHW_01.18.2026_LS,SHW,906,2371,39.53,354.6,123.3,62.9,55.9,0.7988,1
NIron_SHW_01.18.2026_LS,SHW,906,2372,39.55,347.5,125.5,61.5,57.7,0.7896,1
NIron_SHW_01.18.2026_LS,SHW,906,2373,39.57,340.2,127.6,60.6,57.9,0.795,1
NIron_SHW_01.18.2026_LS,SHW,906,2374,39.59,333.0,129.2,59.1,58.0,0.7844,1
NIron_SHW_01.18.2026_LS,SHW,906,2375,39.6,325.9,130.1,58.3,58.2,0.7731,1
NIron_SHW_01.18.2026_LS,SHW,906,2376,39.62,319.9,131.7,59.7,59.3,0.773,1
NIron_SHW_01.18.2026_LS,SHW,906,2377,39.64,313.9,133.4,61.3,59.6,0.7693,1
NIron_SHW_01.18.2026_LS,SHW,906,2378,39.65,306.5,134.7,60.5,59.6,0.776,1
NIron_SHW_01.18.2026_LS,SHW,906,2379,39.67,298.6,135.7,61.9,58.7,0.7435,1
NIron_SHW_01.18.2026_LS,SHW,906,2380,39.69,289.8,137.7,58.5,58.6,0.7488,1
NIron_SHW_01.18.2026_LS,SHW,906,2381,39.7,284.8,137.9,58.2,60.2,0.7082,1
NIron_SHW_01.18.2026_LS,SHW,906,2382,39.72,276.7,139.7,57.7,59.4,0.6325,1
NIron_SHW_01.18.2026_LS,SHW,906,2383,39.74,270.1,139.1,60.8,56.0,0.4552,1
NIron_SHW_01.18.2026_LS,SHW,906,2384,39.75,263.1,140.4,63.8,54.7,0.6783,1
NIron_SHW_01.18.2026_LS,SHW,906,2385,39.77,257.5,143.4,63.6,56.8,0.7432,1
NIron_SHW_01.18.2026_LS,SHW,906,2386,39.79,250.8,146.2,62.9,57.2,0.7831,1
NIron_SHW_01.18.2026_LS,SHW,906,2387,39.8,241.8,147.8,62.0,58.4,0.7961,1
NIron_SHW_01.18.2026_LS,SHW,906,2388,39.82,233.1,149.8,63.5,59.2,0.7539,1
NIron_SHW_01.18.2026_LS,SHW,906,2389,39.84,227.0,150.0,62.0,57.4,0.6806,1
NIron_SHW_01.18.2026_LS,SHW,906,2390,39.85,221.4,152.3,63.8,56.6,0.72,1
NIron_SHW_01.18.2026_LS,SHW,906,2391,39.87,213.0,153.8,62.4,55.1,0.6516,1
NIron_SHW_01.18.2026_LS,SHW,906,2392,39.89,204.0,155.2,61.0,56.6,0.6615,1
NIron_SHW_01.18.2026_LS,SHW,906,2393,39.9,193.9,157.4,55.8,59.1,0.6725,1
NIron_SHW_01.18.2026_LS,SHW,906,2394,39.92,186.4,162.2,53.0,59.5,0.77,1
NIron_SHW_01.18.2026_LS,SHW,906,2395,39.94,181.7,163.5,59.6,60.5,0.7712,1
NIron_SHW_01.18.2026_LS,SHW,906,2396,39.95,173.2,165.0,62.5,60.7,0.678,1
NIron_SHW_01.18.2026_LS,SHW,906,2397,39.97,166.5,168.3,65.6,59.0,0.7601,1
NIron_SHW_01.18.2026_LS,SHW,906,2398,39.99,158.6,168.0,64.7,57.4,0.4263,1
NIron_SHW_01.18.2026_LS,SHW,906,2399,40.0,147.7,169.6,58.6,59.9,0.6332,1
NIron_SHW_01.18.2026_LS,SHW,906,2400,40.02,143.0,173.9,62.2,59.0,0.5914,1
NIron_SHW_01.18.2026_LS,SHW,906,2401,40.04,135.9,176.1,65.4,60.8,0.5811,1
NIron_SHW_01.18.2026_LS,SHW,906,2402,40.05,129.3,178.7,67.1,61.5,0.6314,1
NIron_SHW_01.18.2026_LS,SHW,906,2403,40.07,120.2,181.0,64.9,60.8,0.7364,1
NIron_SHW_01.18.2026_LS,SHW,906,2404,40.09,110.4,183.5,65.9,58.0,0.7257,1
NIron_SHW_01.18.2026_LS,SHW,906,2405,40.1,102.3,183.7,67.5,58.2,0.6949,1
NIron_SHW_01.18.2026_LS,SHW,906,2406,40.12,94.8,185.4,67.5,56.8,0.7988,1
NIron_SHW_01.18.2026_LS,SHW,906,2407,40.14,86.6,187.2,66.8,55.9,0.8355,1
NIron_SHW_01.18.2026_LS,SHW,906,2408,40.15,80.5,187.7,67.2,56.8,0.7369,1
NIron_SHW_01.18.2026_LS,SHW,906,2409,40.17,71.0,190.9,64.0,60.9,0.6129,1
NIron_SHW_01.18.2026_LS,SHW,906,2410,40.19,63.9,194.8,61.8,56.6,0.6774,1
NIron_SHW_01.18.2026_LS,SHW,906,2411,40.2,51.1,194.9,55.0,56.1,0.1404,1
NIron_SHW_01.18.2026_LS,SHW,906,2412,40.22,46.1,196.9,61.4,58.2,0.1496,1
NIron_SHW_01.18.2026_LS,SHW,906,2413,40.24,40.5,200.4,60.8,58.0,0.5445,1
NIron_SHW_01.18.2026_LS,SHW,906,2414,40.25,35.3,202.7,61.0,52.5,0.2871,1
NIron_SHW_01.18.2026_LS,SHW,906,2415,40.27,27.5,201.1,55.0,54.6,0.1073,1
NIron_SHW_01.18.2026_LS,SHW,906,2416,40.29,22.4,206.0,44.8,55.7,0.1165,1
NIron_SHW_01.18.2026_LS,SHW,906,2417,40.3,18.4,210.2,36.7,52.5,0.2389,1
NIron_SHW_01.18.2026_LS,SHW,907,2328,38.82,624.3,60.4,31.4,48.3,0.3488,1
NIron_SHW_01.18.2026_LS,SHW,907,2329,38.83,622.0,60.8,36.0,48.2,0.4592,1
NIron_SHW_01.18.2026_LS,SHW,907,2330,38.85,618.9,60.4,40.3,47.0,0.5725,1
NIron_SHW_01.18.2026_LS,SHW,907,2331,38.87,612.3,62.1,38.9,43.9,0.2073,1
NIron_SHW_01.18.2026_LS,SHW,907,2332,38.88,607.2,65.2,36.5,43.9,0.2565,1
NIron_SHW_01.18.2026_LS,SHW,907,2333,38.9,601.1,66.3,39.4,43.0,0.3584,1
NIron_SHW_01.18.2026_LS,SHW,907,2335,38.93,591.8,69.7,38.2,44.8,0.5726,1
NIron_SHW_01.18.2026_LS,SHW,907,2336,38.95,589.9,69.6,39.5,45.9,0.5325,1
NIron_SHW_01.18.2026_LS,SHW,907,2337,38.97,585.7,71.1,41.9,47.6,0.5269,1
NIron_SHW_01.18.2026_LS,SHW,907,2338,38.98,580.2,70.8,42.8,50.0,0.5694,1
NIron_SHW_01.18.2026_LS,SHW,907,2339,39.0,575.1,74.2,46.1,45.1,0.4646,1
NIron_SHW_01.18.2026_LS,SHW,907,2340,39.02,569.5,77.1,43.0,41.1,0.639,1
NIron_SHW_01.18.2026_LS,SHW,907,2341,39.03,565.6,75.0,41.8,38.6,0.6375,1
NIron_SHW_01.18.2026_LS,SHW,907,2344,39.08,551.0,77.9,39.4,37.3,0.5011,1
NIron_SHW_01.18.2026_LS,SHW,907,2345,39.1,546.2,82.6,42.1,46.9,0.4347,1
NIron_SHW_01.18.2026_LS,SHW,907,2346,39.12,540.2,85.2,40.6,46.3,0.2721,1
NIron_SHW_01.18.2026_LS,SHW,907,2349,39.17,525.1,82.0,36.6,37.2,0.3965,1
NIron_SHW_01.18.2026_LS,SHW,907,2350,39.18,519.5,81.1,35.3,33.8,0.4623,1
NIron_SHW_01.18.2026_LS,SHW,907,2351,39.2,514.4,81.0,36.2,32.7,0.2928,1
NIron_SHW_01.18.2026_LS,SHW,907,2352,39.22,509.5,81.2,36.0,33.5,0.5828,1
NIron_SHW_01.18.2026_LS,SHW,907,2353,39.23,504.8,81.3,36.3,35.6,0.217,1
NIron_SHW_01.18.2026_LS,SHW,907,2357,39.3,483.2,83.5,35.8,33.9,0.315,1
NIron_SHW_01.18.2026_LS,SHW,907,2365,39.43,437.8,94.9,34.1,35.6,0.312,1
NIron_SHW_01.18.2026_LS,SHW,907,2366,39.45,432.2,95.7,32.7,34.2,0.3193,1
NIron_SHW_01.18.2026_LS,SHW,907,2367,39.47,429.3,98.2,40.8,38.9,0.3545,1
NIron_SHW_01.18.2026_LS,SHW,907,2369,39.5,417.8,100.3,42.2,41.7,0.3382,1
NIron_SHW_01.18.2026_LS,SHW,907,2370,39.52,412.5,103.2,42.9,41.5,0.5756,1
NIron_SHW_01.18.2026_LS,SHW,907,2371,39.53,406.2,104.7,42.5,41.0,0.4762,1
NIron_SHW_01.18.2026_LS,SHW,907,2372,39.55,400.7,106.8,43.6,40.0,0.5933,1
NIron_SHW_01.18.2026_LS,SHW,907,2374,39.59,389.2,109.8,44.6,40.3,0.4737,1
NIron_SHW_01.18.2026_LS,SHW,908,2335,38.93,628.9,67.1,21.7,26.1,0.5108,1
NIron_SHW_01.18.2026_LS,SHW,908,2336,38.95,626.6,69.3,25.6,27.0,0.5243,1
NIron_SHW_01.18.2026_LS,SHW,908,2337,38.97,624.1,71.1,29.7,29.9,0.5322,1
NIron_SHW_01.18.2026_LS,SHW,908,2338,38.98,618.7,70.9,31.3,30.1,0.3343,1
NIron_SHW_01.18.2026_LS,SHW,908,2339,39.0,613.3,72.1,29.0,26.7,0.4544,1
NIron_SHW_01.18.2026_LS,SHW,908,2340,39.02,607.1,74.1,27.6,24.1,0.5124,1
NIron_SHW_01.18.2026_LS,SHW,908,2341,39.03,601.3,75.0,28.1,24.6,0.2869,1
NIron_SHW_01.18.2026_LS,SHW,908,2342,39.05,595.4,77.2,29.1,27.3,0.4316,1
NIron_SHW_01.18.2026_LS,SHW,908,2343,39.07,589.9,78.9,29.2,27.1,0.3132,1
NIron_SHW_01.18.2026_LS,SHW,908,2344,39.08,582.8,80.8,31.0,29.0,0.4066,1
NIron_SHW_01.18.2026_LS,SHW,908,2347,39.13,563.7,83.5,34.1,27.0,0.3982,1
NIron_SHW_01.18.2026_LS,SHW,908,2348,39.15,556.6,84.8,34.7,28.8,0.3228,1
NIron_SHW_01.18.2026_LS,SHW,908,2349,39.17,550.7,84.1,32.6,26.8,0.1582,1
NIron_SHW_01.18.2026_LS,SHW,908,2350,39.18,545.4,84.1,32.2,27.9,0.2237,1
NIron_SHW_01.18.2026_LS,SHW,908,2362,39.38,476.1,96.8,35.7,32.8,0.3519,1
NIron_SHW_01.18.2026_LS,SHW,908,2365,39.43,457.2,99.8,35.6,32.5,0.3328,1
NIron_SHW_01.18.2026_LS,SHW,908,2366,39.45,451.3,100.3,32.9,31.1,0.139,1
NIron_SHW_01.18.2026_LS,SHW,913,2347,39.13,580.3,87.0,47.5,34.8,0.3781,1
NIron_SHW_01.18.2026_LS,SHW,913,2348,39.15,573.2,88.7,50.3,38.0,0.4912,1
NIron_SHW_01.18.2026_LS,SHW,913,2349,39.17,567.3,89.3,50.3,38.0,0.4939,1
NIron_SHW_01.18.2026_LS,SHW,913,2350,39.18,565.3,88.9,44.2,36.6,0.3807,1
NIron_SHW_01.18.2026_LS,SHW,913,2351,39.2,558.1,89.3,45.6,36.2,0.4733,1
NIron_SHW_01.18.2026_LS,SHW,913,2352,39.22,550.8,91.0,48.4,36.8,0.6374,1
NIron_SHW_01.18.2026_LS,SHW,913,2353,39.23,545.3,91.9,49.6,37.6,0.4452,1
NIron_SHW_01.18.2026_LS,SHW,913,2354,39.25,539.0,92.5,49.2,39.9,0.119,1
NIron_SHW_01.18.2026_LS,SHW,913,2355,39.27,533.9,93.3,48.0,39.1,0.1723,1
NIron_SHW_01.18.2026_LS,SHW,913,2356,39.28,527.2,94.7,48.8,40.3,0.2079,1
NIron_SHW_01.18.2026_LS,SHW,913,2357,39.3,520.0,96.3,52.4,41.6,0.2625,1
NIron_SHW_01.18.2026_LS,SHW,913,2358,39.32,506.8,96.0,66.7,46.6,0.3736,1
NIron_SHW_01.18.2026_LS,SHW,913,2359,39.33,504.4,97.9,62.1,44.5,0.3845,1
NIron_SHW_01.18.2026_LS,SHW,913,2360,39.35,500.4,99.3,57.8,42.1,0.5089,1
NIron_SHW_01.18.2026_LS,SHW,913,2361,39.37,493.4,100.8,57.1,45.3,0.4695,1
NIron_SHW_01.18.2026_LS,SHW,913,2362,39.38,487.2,102.4,55.9,42.7,0.4851,1
NIron_SHW_01.18.2026_LS,SHW,913,2363,39.4,482.2,103.9,55.6,41.2,0.5412,1
NIron_SHW_01.18.2026_LS,SHW,913,2364,39.42,475.3,104.8,56.1,42.0,0.4077,1
NIron_SHW_01.18.2026_LS,SHW,913,2365,39.43,474.7,106.4,53.5,39.4,0.3731,1
NIron_SHW_01.18.2026_LS,SHW,913,2366,39.45,466.1,107.1,56.2,40.5,0.2674,1
NIron_SHW_01.18.2026_LS,SHW,913,2367,39.47,458.7,108.2,54.8,41.5,0.3244,1
NIron_SHW_01.18.2026_LS,SHW,913,2369,39.5,448.1,111.1,48.5,41.1,0.3125,1
NIron_SHW_01.18.2026_LS,SHW,913,2370,39.52,441.8,113.6,50.0,40.5,0.2551,1
NIron_SHW_01.18.2026_LS,SHW,913,2373,39.57,409.3,113.6,66.3,48.1,0.4989,1
NIron_SHW_01.18.2026_LS,SHW,913,2375,39.6,393.6,115.6,63.3,50.3,0.2784,1
NIron_SHW_01.18.2026_LS,SHW,913,2376,39.62,386.8,116.2,65.3,52.3,0.5608,1
NIron_SHW_01.18.2026_LS,SHW,913,2377,39.64,380.7,116.5,63.5,51.8,0.6696,1
NIron_SHW_01.18.2026_LS,SHW,913,2378,39.65,374.8,119.0,64.0,53.6,0.7161,1
NIron_SHW_01.18.2026_LS,SHW,913,2379,39.67,368.2,120.7,61.7,54.5,0.7044,1
NIron_SHW_01.18.2026_LS,SHW,913,2380,39.69,362.2,122.3,61.8,55.7,0.7762,1
NIron_SHW_01.18.2026_LS,SHW,913,2381,39.7,358.1,124.2,62.8,54.2,0.7265,1
NIron_SHW_01.18.2026_LS,SHW,913,2382,39.72,351.8,126.3,63.1,53.3,0.7679,1
NIron_SHW_01.18.2026_LS,SHW,913,2383,39.74,344.2,126.9,63.1,53.4,0.7806,1
NIron_SHW_01.18.2026_LS,SHW,913,2384,39.75,336.4,127.4,63.4,54.0,0.7764,1
NIron_SHW_01.18.2026_LS,SHW,913,2385,39.77,330.8,128.6,60.5,54.9,0.81,1
NIron_SHW_01.18.2026_LS,SHW,913,2386,39.79,323.5,130.4,60.0,55.5,0.8105,1
NIron_SHW_01.18.2026_LS,SHW,913,2387,39.8,314.8,131.4,60.2,55.7,0.8133,1
NIron_SHW_01.18.2026_LS,SHW,913,2388,39.82,306.2,132.8,59.9,54.8,0.8037,1
NIron_SHW_01.18.2026_LS,SHW,913,2389,39.84,299.4,135.4,58.2,55.2,0.7668,1
NIron_SHW_01.18.2026_LS,SHW,913,2390,39.85,294.6,138.9,58.6,55.5,0.6875,1
NIron_SHW_01.18.2026_LS,SHW,913,2391,39.87,287.5,140.8,60.3,55.0,0.702,1
NIron_SHW_01.18.2026_LS,SHW,913,2392,39.89,278.9,141.7,61.7,54.8,0.5864,1
NIron_SHW_01.18.2026_LS,SHW,913,2393,39.9,272.0,141.8,60.4,54.4,0.6286,1
NIron_SHW_01.18.2026_LS,SHW,913,2394,39.92,260.6,139.5,47.7,46.4,0.4809,1
NIron_SHW_01.18.2026_LS,SHW,913,2395,39.94,257.8,144.1,53.1,51.2,0.4477,1
NIron_SHW_01.18.2026_LS,SHW,913,2396,39.95,250.1,146.8,55.4,54.2,0.5997,1
NIron_SHW_01.18.2026_LS,SHW,913,2397,39.97,244.0,149.6,59.0,58.2,0.6836,1
NIron_SHW_01.18.2026_LS,SHW,913,2398,39.99,236.3,152.9,60.1,60.0,0.7748,1
NIron_SHW_01.18.2026_LS,SHW,913,2399,40.0,228.4,154.6,60.7,61.7,0.7444,1
NIron_SHW_01.18.2026_LS,SHW,913,2400,40.02,218.9,156.2,59.8,61.2,0.6721,1
NIron_SHW_01.18.2026_LS,SHW,913,2401,40.04,211.5,156.3,62.9,61.9,0.7237,1
NIron_SHW_01.18.2026_LS,SHW,913,2402,40.05,206.6,156.8,66.3,61.3,0.4642,1
NIron_SHW_01.18.2026_LS,SHW,913,2403,40.07,198.7,158.0,67.9,59.9,0.2659,1
NIron_SHW_01.18.2026_LS,SHW,913,2404,40.09,188.7,159.8,64.6,59.7,0.7074,1
NIron_SHW_01.18.2026_LS,SHW,913,2405,40.1,178.8,161.0,60.6,58.8,0.7626,1
NIron_SHW_01.18.2026_LS,SHW,913,2406,40.12,169.9,162.5,59.1,57.0,0.773,1
NIron_SHW_01.18.2026_LS,SHW,913,2407,40.14,162.2,170.4,59.1,51.8,0.7611,1
NIron_SHW_01.18.2026_LS,SHW,913,2408,40.15,156.1,172.8,58.7,50.5,0.7913,1
NIron_SHW_01.18.2026_LS,SHW,913,2409,40.17,146.3,172.9,60.5,58.3,0.7186,1
NIron_SHW_01.18.2026_LS,SHW,913,2410,40.19,138.7,173.8,63.2,63.4,0.6998,1
NIron_SHW_01.18.2026_LS,SHW,913,2411,40.2,128.8,182.6,56.1,51.0,0.6293,1
NIron_SHW_01.18.2026_LS,SHW,913,2412,40.22,119.1,186.2,53.7,45.7,0.4418,1
NIron_SHW_01.18.2026_LS,SHW,913,2413,40.24,111.2,186.9,53.8,45.7,0.5177,1
NIron_SHW_01.18.2026_LS,SHW,913,2414,40.25,103.8,190.1,53.8,43.6,0.388,1
NIron_SHW_01.18.2026_LS,SHW,913,2415,40.27,94.8,194.1,52.5,42.8,0.4342,1
NIron_SHW_01.18.2026_LS,SHW,913,2419,40.34,52.7,201.2,38.6,43.6,0.5066,1
NIron_SHW_01.18.2026_LS,SHW,913,2420,40.35,42.2,203.1,36.4,45.7,0.5171,1
NIron_SHW_01.18.2026_LS,SHW,913,2421,40.37,39.5,205.9,48.9,44.5,0.5986,1
NIron_SHW_01.18.2026_LS,SHW,913,2422,40.39,31.2,208.0,48.2,41.8,0.6325,1
NIron_SHW_01.18.2026_LS,SHW,913,2423,40.4,21.0,210.4,40.0,44.3,0.4802,1
NIron_SHW_01.18.2026_LS,SHW,913,2424,40.42,20.0,213.5,40.0,45.2,0.3889,1
NIron_SHW_01.18.2026_LS,SHW,913,2425,40.44,16.8,217.2,33.6,42.9,0.5721,1
NIron_SHW_01.18.2026_LS,SHW,913,2426,40.45,13.7,219.5,27.5,44.9,0.3999,1
NIron_SHW_01.18.2026_LS,SHW,913,2427,40.47,11.6,221.5,23.3,41.6,0.53,1
NIron_SHW_01.18.2026_LS,SHW,915,2348,39.15,629.7,65.7,19.5,34.0,0.6377,1
NIron_SHW_01.18.2026_LS,SHW,915,2349,39.17,627.0,65.9,24.2,33.5,0.6568,1
NIron_SHW_01.18.2026_LS,SHW,915,2350,39.18,624.1,66.4,29.7,34.3,0.698,1
NIron_SHW_01.18.2026_LS,SHW,915,2351,39.2,621.2,68.0,35.9,37.5,0.7103,1
NIron_SHW_01.18.2026_LS,SHW,915,2352,39.22,618.2,69.9,40.8,39.9,0.6908,1
NIron_SHW_01.18.2026_LS,SHW,915,2353,39.23,613.5,71.4,43.9,41.1,0.7681,1
NIron_SHW_01.18.2026_LS,SHW,915,2354,39.25,608.8,71.8,45.5,42.0,0.747,1
NIron_SHW_01.18.2026_LS,SHW,915,2355,39.27,604.0,72.1,46.6,42.4,0.7183,1
NIron_SHW_01.18.2026_LS,SHW,915,2356,39.28,598.5,72.8,45.1,42.1,0.7403,1
NIron_SHW_01.18.2026_LS,SHW,915,2357,39.3,593.8,74.0,44.7,40.6,0.7673,1
NIron_SHW_01.18.2026_LS,SHW,915,2358,39.32,589.0,74.5,45.2,39.5,0.7668,1
NIron_SHW_01.18.2026_LS,SHW,915,2359,39.33,582.9,74.7,45.3,38.7,0.7483,1
NIron_SHW_01.18.2026_LS,SHW,915,2360,39.35,576.7,75.5,43.4,36.4,0.7684,1
NIron_SHW_01.18.2026_LS,SHW,915,2361,39.37,570.4,75.9,44.1,35.3,0.7554,1
NIron_SHW_01.18.2026_LS,SHW,915,2362,39.38,565.0,76.8,44.2,34.9,0.7092,1
NIron_SHW_01.18.2026_LS,SHW,915,2363,39.4,560.5,78.8,44.5,37.5,0.7297,1
NIron_SHW_01.18.2026_LS,SHW,915,2364,39.42,554.9,80.8,46.4,39.5,0.794,1
NIron_SHW_01.18.2026_LS,SHW,915,2365,39.43,550.6,82.7,46.0,38.4,0.7759,1
NIron_SHW_01.18.2026_LS,SHW,915,2366,39.45,543.4,84.2,46.8,41.4,0.7734,1
NIron_SHW_01.18.2026_LS,SHW,915,2367,39.47,537.8,85.5,45.4,44.4,0.7202,1
NIron_SHW_01.18.2026_LS,SHW,915,2368,39.48,531.7,86.0,45.9,42.7,0.725,1
NIron_SHW_01.18.2026_LS,SHW,915,2369,39.5,525.9,86.6,46.9,43.1,0.7292,1
NIron_SHW_01.18.2026_LS,SHW,915,2370,39.52,520.3,88.6,46.5,41.9,0.7235,1
NIron_SHW_01.18.2026_LS,SHW,915,2371,39.53,515.4,90.6,47.9,44.1,0.7092,1
NIron_SHW_01.18.2026_LS,SHW,915,2372,39.55,509.2,91.4,47.1,41.0,0.7417,1
NIron_SHW_01.18.2026_LS,SHW,915,2373,39.57,501.8,89.8,44.8,38.2,0.7158,1
NIron_SHW_01.18.2026_LS,SHW,915,2374,39.59,495.2,89.3,41.7,34.8,0.6762,1
NIron_SHW_01.18.2026_LS,SHW,915,2375,39.6,489.3,90.7,42.3,35.2,0.7087,1
NIron_SHW_01.18.2026_LS,SHW,915,2376,39.62,483.1,93.1,44.6,37.4,0.7693,1
NIron_SHW_01.18.2026_LS,SHW,915,2377,39.64,477.0,95.1,45.0,39.0,0.7648,1
NIron_SHW_01.18.2026_LS,SHW,915,2378,39.65,471.0,95.3,45.8,39.9,0.7842,1
NIron_SHW_01.18.2026_LS,SHW,915,2379,39.67,466.4,97.3,47.1,40.0,0.7059,1
NIron_SHW_01.18.2026_LS,SHW,915,2380,39.69,459.0,98.1,46.1,41.8,0.6962,1
NIron_SHW_01.18.2026_LS,SHW,915,2381,39.7,454.4,100.7,45.7,42.9,0.7236,1
NIron_SHW_01.18.2026_LS,SHW,915,2382,39.72,448.1,102.0,45.2,45.0,0.7545,1
NIron_SHW_01.18.2026_LS,SHW,915,2383,39.74,441.4,103.5,43.9,43.8,0.7112,1
NIron_SHW_01.18.2026_LS,SHW,915,2384,39.75,434.8,103.4,44.7,43.6,0.7341,1
NIron_SHW_01.18.2026_LS,SHW,915,2385,39.77,429.0,104.5,43.6,42.7,0.7116,1
NIron_SHW_01.18.2026_LS,SHW,915,2386,39.79,423.1,105.1,41.9,40.5,0.6857,1
NIron_SHW_01.18.2026_LS,SHW,915,2387,39.8,415.8,106.2,43.0,38.3,0.6577,1
NIron_SHW_01.18.2026_LS,SHW,915,2388,39.82,409.3,108.4,44.9,38.5,0.7019,1
NIron_SHW_01.18.2026_LS,SHW,915,2389,39.84,403.4,110.9,46.5,41.6,0.7434,1
NIron_SHW_01.18.2026_LS,SHW,915,2390,39.85,398.2,114.6,47.2,41.9,0.7411,1
NIron_SHW_01.18.2026_LS,SHW,915,2391,39.87,391.1,116.0,46.2,39.5,0.7787,1
NIron_SHW_01.18.2026_LS,SHW,915,2392,39.89,383.2,116.5,45.2,38.0,0.7679,1
NIron_SHW_01.18.2026_LS,SHW,915,2393,39.9,376.9,117.2,45.5,38.7,0.7458,1
NIron_SHW_01.18.2026_LS,SHW,915,2394,39.92,371.4,120.1,45.0,40.4,0.8069,1
NIron_SHW_01.18.2026_LS,SHW,915,2395,39.94,366.3,122.1,45.4,40.3,0.7845,1
NIron_SHW_01.18.2026_LS,SHW,915,2396,39.95,357.4,122.6,45.9,39.5,0.7517,1
NIron_SHW_01.18.2026_LS,SHW,915,2397,39.97,351.6,126.1,46.7,42.9,0.7953,1
NIron_SHW_01.18.2026_LS,SHW,915,2398,39.99,345.1,127.2,48.2,43.0,0.7464,1
NIron_SHW_01.18.2026_LS,SHW,915,2399,40.0,339.1,128.5,48.3,43.0,0.6777,1
NIron_SHW_01.18.2026_LS,SHW,915,2400,40.02,331.6,130.4,47.4,41.3,0.7871,1
NIron_SHW_01.18.2026_LS,SHW,915,2401,40.04,324.6,133.9,46.8,45.5,0.6575,1
NIron_SHW_01.18.2026_LS,SHW,915,2402,40.05,318.8,135.6,47.9,48.4,0.7391,1
NIron_SHW_01.18.2026_LS,SHW,915,2403,40.07,310.9,136.2,47.3,46.5,0.7586,1
NIron_SHW_01.18.2026_LS,SHW,915,2404,40.09,302.5,136.9,47.4,43.0,0.7407,1
NIron_SHW_01.18.2026_LS,SHW,915,2405,40.1,294.4,137.6,46.9,41.0,0.7483,1
NIron_SHW_01.18.2026_LS,SHW,915,2406,40.12,287.9,139.4,49.7,47.5,0.7683,1
NIron_SHW_01.18.2026_LS,SHW,915,2407,40.14,281.4,142.9,49.7,49.4,0.7608,1
NIron_SHW_01.18.2026_LS,SHW,915,2408,40.15,276.0,144.1,49.6,49.4,0.7699,1
NIron_SHW_01.18.2026_LS,SHW,915,2409,40.17,266.6,146.0,48.1,48.6,0.7638,1
NIron_SHW_01.18.2026_LS,SHW,915,2410,40.19,258.1,146.2,46.8,44.7,0.7063,1
NIron_SHW_01.18.2026_LS,SHW,915,2411,40.2,249.9,149.2,46.5,45.4,0.8037,1
NIron_SHW_01.18.2026_LS,SHW,915,2412,40.22,241.8,150.6,45.8,48.6,0.7577,1
NIron_SHW_01.18.2026_LS,SHW,915,2413,40.24,234.2,153.1,46.0,47.7,0.7685,1
NIron_SHW_01.18.2026_LS,SHW,915,2414,40.25,227.8,156.7,45.1,49.2,0.754,1
NIron_SHW_01.18.2026_LS,SHW,915,2415,40.27,220.3,159.4,44.1,51.4,0.7426,1
NIron_SHW_01.18.2026_LS,SHW,915,2416,40.29,212.5,161.2,45.5,52.4,0.7186,1
NIron_SHW_01.18.2026_LS,SHW,915,2417,40.3,205.4,162.9,45.5,52.4,0.6482,1
NIron_SHW_01.18.2026_LS,SHW,915,2418,40.32,196.4,165.5,42.5,51.8,0.5999,1
NIron_SHW_01.18.2026_LS,SHW,915,2419,40.34,188.1,164.7,39.9,44.2,0.5168,1
NIron_SHW_01.18.2026_LS,SHW,915,2420,40.35,179.2,168.2,38.9,49.5,0.6911,1
NIron_SHW_01.18.2026_LS,SHW,915,2421,40.37,171.0,171.0,37.8,51.2,0.5606,1
NIron_SHW_01.18.2026_LS,SHW,915,2422,40.39,162.8,170.8,37.8,46.9,0.5791,1
NIron_SHW_01.18.2026_LS,SHW,915,2423,40.4,157.7,172.6,40.7,45.9,0.5296,1
NIron_SHW_01.18.2026_LS,SHW,915,2424,40.42,147.7,172.5,40.5,42.8,0.6759,1
NIron_SHW_01.18.2026_LS,SHW,915,2425,40.44,140.9,176.7,43.4,45.9,0.436,1
NIron_SHW_01.18.2026_LS,SHW,915,2426,40.45,133.8,180.0,46.1,49.5,0.1845,1
NIron_SHW_01.18.2026_LS,SHW,915,2427,40.47,127.7,183.6,43.8,51.9,0.4184,1
NIron_SHW_01.18.2026_LS,SHW,915,2428,40.49,118.2,184.1,45.8,49.7,0.2195,1
NIron_SHW_01.18.2026_LS,SHW,915,2429,40.5,116.6,183.8,56.9,53.8,0.3258,1
NIron_SHW_01.18.2026_LS,SHW,915,2430,40.52,103.8,184.8,50.1,46.4,0.4732,1
NIron_SHW_01.18.2026_LS,SHW,915,2431,40.54,107.0,183.3,69.9,55.4,0.633,1
NIron_SHW_01.18.2026_LS,SHW,915,2432,40.55,92.1,187.9,58.0,52.3,0.5382,1
NIron_SHW_01.18.2026_LS,SHW,915,2433,40.57,90.0,189.4,71.1,55.5,0.6846,1
NIron_SHW_01.18.2026_LS,SHW,915,2434,40.59,88.1,189.8,73.9,58.2,0.2243,1
NIron_SHW_01.18.2026_LS,SHW,915,2435,40.6,76.9,194.1,73.7,56.0,0.4867,1
NIron_SHW_01.18.2026_LS,SHW,915,2436,40.62,66.0,197.4,70.7,53.8,0.6071,1
NIron_SHW_01.18.2026_LS,SHW,915,2437,40.64,56.6,197.5,69.1,48.5,0.636,1
NIron_SHW_01.18.2026_LS,SHW,915,2438,40.65,48.7,198.2,74.4,51.3,0.4778,1
NIron_SHW_01.18.2026_LS,SHW,915,2439,40.67,38.2,202.7,74.5,56.7,0.7616,1
NIron_SHW_01.18.2026_LS,SHW,915,2440,40.69,33.7,203.2,67.4,56.9,0.609,1
NIron_SHW_01.18.2026_LS,SHW,915,2441,40.7,31.1,203.7,61.9,56.9,0.4414,1
NIron_SHW_01.18.2026_LS,SHW,915,2442,40.72,26.8,206.8,53.5,59.4,0.5906,1
NIron_SHW_01.18.2026_LS,SHW,915,2443,40.74,21.3,208.8,42.6,61.1,0.6436,1
NIron_SHW_01.18.2026_LS,SHW,915,2444,40.75,17.4,210.4,34.8,63.8,0.6058,1
NIron_SHW_01.18.2026_LS,SHW,915,2445,40.77,13.8,215.2,27.5,59.9,0.127,1
NIron_SHW_01.18.2026_LS,SHW,918,2360,39.35,629.3,67.8,20.0,45.6,0.5977,1
NIron_SHW_01.18.2026_LS,SHW,918,2361,39.37,625.3,69.3,27.0,46.6,0.6933,1
NIron_SHW_01.18.2026_LS,SHW,918,2362,39.38,622.3,69.5,31.9,49.8,0.6367,1
NIron_SHW_01.18.2026_LS,SHW,918,2363,39.4,618.2,71.1,38.0,51.5,0.7409,1
NIron_SHW_01.18.2026_LS,SHW,918,2364,39.42,613.5,72.9,40.3,54.2,0.7304,1
NIron_SHW_01.18.2026_LS,SHW,918,2365,39.43,609.2,74.5,40.4,52.6,0.7848,1
NIron_SHW_01.18.2026_LS,SHW,918,2366,39.45,602.9,75.3,41.5,53.1,0.7065,1
NIron_SHW_01.18.2026_LS,SHW,918,2367,39.47,596.7,76.3,42.4,52.5,0.7063,1
NIron_SHW_01.18.2026_LS,SHW,918,2368,39.48,590.7,76.4,43.5,52.5,0.6909,1
NIron_SHW_01.18.2026_LS,SHW,918,2369,39.5,585.2,77.6,41.9,52.9,0.6821,1
NIron_SHW_01.18.2026_LS,SHW,918,2370,39.52,577.8,79.6,40.0,52.5,0.6776,1
NIron_SHW_01.18.2026_LS,SHW,918,2371,39.53,570.7,81.4,40.9,49.6,0.6616,1
NIron_SHW_01.18.2026_LS,SHW,918,2372,39.55,563.6,82.8,41.0,50.6,0.6397,1
NIron_SHW_01.18.2026_LS,SHW,918,2373,39.57,557.7,82.9,43.4,52.0,0.6904,1
NIron_SHW_01.18.2026_LS,SHW,918,2374,39.59,553.1,83.6,42.4,52.4,0.6889,1
NIron_SHW_01.18.2026_LS,SHW,918,2375,39.6,546.8,84.3,41.1,52.3,0.7454,1
NIron_SHW_01.18.2026_LS,SHW,918,2376,39.62,539.7,84.7,41.4,52.8,0.795,1
NIron_SHW_01.18.2026_LS,SHW,918,2377,39.64,534.2,85.8,40.2,52.5,0.7699,1
NIron_SHW_01.18.2026_LS,SHW,918,2378,39.65,527.6,86.5,42.3,53.2,0.753,1
NIron_SHW_01.18.2026_LS,SHW,918,2379,39.67,521.4,88.0,42.1,53.6,0.7679,1
NIron_SHW_01.18.2026_LS,SHW,918,2380,39.69,515.5,89.6,43.9,53.2,0.757,1
NIron_SHW_01.18.2026_LS,SHW,918,2381,39.7,510.3,91.2,44.6,52.9,0.7546,1
NIron_SHW_01.18.2026_LS,SHW,918,2382,39.72,503.9,92.4,45.3,54.5,0.7413,1
NIron_SHW_01.18.2026_LS,SHW,918,2383,39.74,496.4,92.7,45.0,54.6,0.716,1
NIron_SHW_01.18.2026_LS,SHW,918,2384,39.75,489.8,93.7,44.7,54.9,0.7608,1
NIron_SHW_01.18.2026_LS,SHW,918,2385,39.77,483.8,95.9,42.9,56.3,0.7482,1
NIron_SHW_01.18.2026_LS,SHW,918,2386,39.79,476.9,98.3,44.3,55.6,0.7659,1
NIron_SHW_01.18.2026_LS,SHW,918,2387,39.8,468.6,98.1,44.0,54.1,0.6794,1
NIron_SHW_01.18.2026_LS,SHW,918,2388,39.82,462.1,99.3,45.7,53.8,0.713,1
NIron_SHW_01.18.2026_LS,SHW,918,2389,39.84,455.5,102.2,43.6,53.6,0.6825,1
NIron_SHW_01.18.2026_LS,SHW,918,2390,39.85,450.5,104.5,41.7,52.6,0.706,1
NIron_SHW_01.18.2026_LS,SHW,918,2391,39.87,443.3,106.7,43.7,52.3,0.6878,1
NIron_SHW_01.18.2026_LS,SHW,918,2392,39.89,435.2,108.1,44.2,52.1,0.7065,1
NIron_SHW_01.18.2026_LS,SHW,918,2393,39.9,428.1,109.5,44.3,52.8,0.6936,1
NIron_SHW_01.18.2026_LS,SHW,918,2394,39.92,421.7,112.2,44.5,53.1,0.6654,1
NIron_SHW_01.18.2026_LS,SHW,918,2395,39.94,415.6,113.0,44.7,53.4,0.674,1
NIron_SHW_01.18.2026_LS,SHW,918,2396,39.95,405.9,113.6,45.0,54.1,0.6916,1
NIron_SHW_01.18.2026_LS,SHW,918,2397,39.97,400.0,116.7,46.5,55.0,0.7143,1
NIron_SHW_01.18.2026_LS,SHW,918,2398,39.99,393.5,118.9,47.0,55.2,0.7259,1
NIron_SHW_01.18.2026_LS,SHW,918,2399,40.0,387.5,121.1,45.9,54.9,0.7608,1
NIron_SHW_01.18.2026_LS,SHW,918,2400,40.02,379.9,122.9,45.5,56.0,0.7912,1
NIron_SHW_01.18.2026_LS,SHW,918,2401,40.04,372.2,123.7,45.2,56.6,0.7739,1
NIron_SHW_01.18.2026_LS,SHW,918,2402,40.05,365.2,125.4,45.3,57.4,0.7619,1
NIron_SHW_01.18.2026_LS,SHW,918,2403,40.07,356.3,127.5,44.6,57.6,0.7379,1
NIron_SHW_01.18.2026_LS,SHW,918,2404,40.09,348.3,129.3,46.3,56.8,0.7636,1
NIron_SHW_01.18.2026_LS,SHW,918,2405,40.1,339.9,130.6,45.3,56.2,0.7777,1
NIron_SHW_01.18.2026_LS,SHW,918,2406,40.12,332.1,131.2,46.0,56.4,0.7565,1
NIron_SHW_01.18.2026_LS,SHW,918,2407,40.14,324.8,133.3,47.6,55.9,0.7582,1
NIron_SHW_01.18.2026_LS,SHW,918,2408,40.15,319.3,135.4,48.2,56.0,0.7164,1
NIron_SHW_01.18.2026_LS,SHW,918,2409,40.17,309.2,137.1,48.6,57.7,0.7317,1
NIron_SHW_01.18.2026_LS,SHW,918,2410,40.19,300.1,139.3,48.9,57.4,0.7191,1
NIron_SHW_01.18.2026_LS,SHW,918,2411,40.2,291.4,141.5,49.0,57.1,0.7087,1
NIron_SHW_01.18.2026_LS,SHW,918,2412,40.22,283.6,143.4,48.7,58.1,0.7549,1
NIron_SHW_01.18.2026_LS,SHW,918,2413,40.24,275.4,145.7,48.8,59.2,0.6727,1
NIron_SHW_01.18.2026_LS,SHW,918,2414,40.25,268.2,147.7,48.5,59.6,0.6387,1
NIron_SHW_01.18.2026_LS,SHW,918,2415,40.27,261.0,151.0,47.4,59.2,0.6537,1
NIron_SHW_01.18.2026_LS,SHW,918,2416,40.29,252.7,153.3,47.8,58.6,0.6744,1
NIron_SHW_01.18.2026_LS,SHW,918,2417,40.3,244.9,153.8,47.1,58.3,0.5951,1
NIron_SHW_01.18.2026_LS,SHW,918,2418,40.32,236.6,154.7,47.5,57.4,0.6084,1
NIron_SHW_01.18.2026_LS,SHW,918,2419,40.34,228.0,155.3,48.4,55.4,0.5369,1
NIron_SHW_01.18.2026_LS,SHW,918,2420,40.35,220.2,158.2,47.6,54.9,0.487,1
NIron_SHW_01.18.2026_LS,SHW,918,2421,40.37,213.6,161.1,41.4,55.7,0.4463,1
NIron_SHW_01.18.2026_LS,SHW,918,2422,40.39,203.1,162.6,44.4,54.5,0.4864,1
NIron_SHW_01.18.2026_LS,SHW,918,2423,40.4,194.9,164.4,44.0,54.4,0.3206,1
NIron_SHW_01.18.2026_LS,SHW,918,2424,40.42,185.9,165.4,44.9,52.6,0.5331,1
NIron_SHW_01.18.2026_LS,SHW,918,2425,40.44,177.6,168.4,45.4,52.3,0.4081,1
NIron_SHW_01.18.2026_LS,SHW,918,2426,40.45,169.2,170.5,48.2,53.8,0.7075,1
NIron_SHW_01.18.2026_LS,SHW,918,2427,40.47,163.1,173.4,51.0,56.4,0.4728,1
NIron_SHW_01.18.2026_LS,SHW,918,2428,40.49,152.5,175.7,51.3,57.0,0.5427,1
NIron_SHW_01.18.2026_LS,SHW,918,2429,40.5,145.0,177.7,49.2,56.4,0.4716,1
NIron_SHW_01.18.2026_LS,SHW,918,2430,40.52,135.1,180.6,50.6,60.3,0.6111,1
NIron_SHW_01.18.2026_LS,SHW,918,2432,40.55,114.3,184.8,59.1,61.3,0.5454,1
NIron_SHW_01.18.2026_LS,SHW,928,2428,40.49,35.7,196.0,62.5,51.6,0.7293,0
NIron_SHW_01.18.2026_LS,SHW,928,2429,40.5,32.7,198.4,57.9,51.9,0.5634,0
NIron_SHW_01.18.2026_LS,SHW,928,2430,40.52,26.2,200.9,52.5,50.1,0.2388,0
NIron_SHW_01.18.2026_LS,SHW,928,2431,40.54,22.4,204.8,43.7,51.6,0.2416,0
NIron_SHW_01.18.2026_LS,SHW,928,2432,40.55,18.3,210.1,36.5,53.8,0.2069,0
NIron_SHW_01.18.2026_LS,SHW,928,2433,40.57,15.8,209.2,31.0,46.9,0.1162,0
NIron_SHW_01.18.2026_LS,SHW,949,3479,58.01,591.8,15.6,49.3,30.3,0.4665,1
NIron_SHW_01.18.2026_LS,SHW,949,3480,58.03,584.6,15.3,48.6,29.8,0.4067,1
NIron_SHW_01.18.2026_LS,SHW,949,3481,58.04,572.9,17.5,48.6,33.9,0.5504,1
NIron_SHW_01.18.2026_LS,SHW,949,3482,58.06,564.7,19.8,54.4,37.5,0.4955,1
NIron_SHW_01.18.2026_LS,SHW,949,3483,58.08,554.9,20.4,55.0,39.8,0.6073,1
NIron_SHW_01.18.2026_LS,SHW,949,3484,58.09,545.6,21.0,56.7,40.4,0.5771,1
NIron_SHW_01.18.2026_LS,SHW,949,3485,58.11,535.8,20.2,56.0,39.4,0.6472,1
NIron_SHW_01.18.2026_LS,SHW,949,3486,58.13,526.8,20.1,54.4,38.9,0.5846,1
NIron_SHW_01.18.2026_LS,SHW,949,3487,58.14,521.3,21.2,58.8,41.4,0.5468,1
NIron_SHW_01.18.2026_LS,SHW,949,3488,58.16,512.7,22.3,64.3,43.3,0.4728,1
NIron_SHW_01.18.2026_LS,SHW,949,3489,58.18,502.2,22.7,64.6,44.4,0.4542,1
NIron_SHW_01.18.2026_LS,SHW,949,3490,58.19,488.1,23.9,58.2,46.2,0.4831,1
NIron_SHW_01.18.2026_LS,SHW,949,3491,58.21,477.6,25.0,54.9,48.6,0.5951,1
NIron_SHW_01.18.2026_LS,SHW,949,3492,58.23,467.6,26.3,57.1,50.9,0.3955,1
NIron_SHW_01.18.2026_LS,SHW,949,3493,58.24,455.1,27.7,54.2,54.3,0.2703,1
NIron_SHW_01.18.2026_LS,SHW,949,3494,58.26,445.9,28.3,52.0,55.0,0.2255,1
NIron_SHW_01.18.2026_LS,SHW,949,3495,58.28,437.2,27.1,48.4,52.8,0.6383,1
NIron_SHW_01.18.2026_LS,SHW,949,3496,58.29,427.8,27.7,48.0,53.1,0.6476,1
NIron_SHW_01.18.2026_LS,SHW,949,3497,58.31,414.4,30.6,49.5,59.3,0.3197,1
NIron_SHW_01.18.2026_LS,SHW,949,3498,58.33,403.7,33.7,50.8,66.3,0.491,1
NIron_SHW_01.18.2026_LS,SHW,949,3499,58.34,392.4,36.0,55.6,72.0,0.1394,1
NIron_SHW_01.18.2026_LS,SHW,949,3500,58.36,381.0,37.7,55.1,75.3,0.5564,1
NIron_SHW_01.18.2026_LS,SHW,949,3501,58.38,371.5,38.8,54.1,77.5,0.6087,1
NIron_SHW_01.18.2026_LS,SHW,949,3502,58.39,360.7,39.4,54.7,78.9,0.7566,1
NIron_SHW_01.18.2026_LS,SHW,949,3503,58.41,349.7,40.6,57.7,79.2,0.6552,1
NIron_SHW_01.18.2026_LS,SHW,949,3504,58.43,338.1,42.2,58.9,80.5,0.344,1
NIron_SHW_01.18.2026_LS,SHW,949,3505,58.44,327.0,42.7,58.9,76.7,0.5941,1
NIron_SHW_01.18.2026_LS,SHW,949,3506,58.46,315.9,42.1,56.1,73.7,0.6948,1
NIron_SHW_01.18.2026_LS,SHW,949,3507,58.48,303.6,41.9,58.8,74.4,0.5595,1
NIron_SHW_01.18.2026_LS,SHW,949,3508,58.49,293.1,43.9,57.4,73.3,0.5725,1
NIron_SHW_01.18.2026_LS,SHW,949,3509,58.51,283.9,45.2,62.7,79.1,0.4178,1
NIron_SHW_01.18.2026_LS,SHW,949,3510,58.53,269.4,47.1,60.1,75.2,0.4342,1
NIron_SHW_01.18.2026_LS,SHW,949,3511,58.54,254.6,51.4,62.0,80.0,0.1038,1
NIron_SHW_01.18.2026_LS,SHW,949,3516,58.63,191.3,61.1,56.8,69.8,0.5075,1
NIron_SHW_01.18.2026_LS,SHW,949,3518,58.66,166.6,67.2,57.3,75.3,0.3175,1
NIron_SHW_01.18.2026_LS,SHW,949,3519,58.68,154.2,70.8,58.3,76.5,0.2817,1
NIron_SHW_01.18.2026_LS,SHW,949,3520,58.69,141.4,75.9,59.5,77.1,0.1837,1
NIron_SHW_01.18.2026_LS,SHW,955,3492,58.23,528.5,19.6,42.9,37.5,0.4939,0
NIron_SHW_01.18.2026_LS,SHW,955,3493,58.24,519.4,20.2,46.4,38.7,0.501,0
NIron_SHW_01.18.2026_LS,SHW,955,3494,58.26,508.6,21.2,43.1,40.4,0.432,0
NIron_SHW_01.18.2026_LS,SHW,955,3495,58.28,499.1,21.4,40.9,41.2,0.7414,0
NIron_SHW_01.18.2026_LS,SHW,955,3496,58.29,487.9,22.8,43.0,43.9,0.523,0
NIron_SHW_01.18.2026_LS,SHW,955,3497,58.31,477.9,23.4,42.6,45.8,0.4712,0
NIron_SHW_01.18.2026_LS,SHW,955,3499,58.34,442.2,27.7,67.5,54.0,0.5998,0
NIron_SHW_01.18.2026_LS,SHW,955,3500,58.36,431.5,27.5,70.4,52.8,0.567,0
NIron_SHW_01.18.2026_LS,SHW,955,3501,58.38,416.6,29.0,73.2,55.6,0.3184,0
NIron_SHW_01.18.2026_LS,SHW,996,5795,96.63,610.4,59.4,24.3,23.5,0.6634,1
NIron_SHW_01.18.2026_LS,SHW,996,5796,96.64,604.6,58.2,22.0,21.8,0.6177,1
NIron_SHW_01.18.2026_LS,SHW,996,5797,96.66,601.0,58.7,22.1,21.8,0.6279,1
NIron_SHW_01.18.2026_LS,SHW,996,5798,96.68,597.5,59.4,21.7,21.5,0.6196,1
NIron_SHW_01.18.2026_LS,SHW,996,5799,96.69,593.8,59.5,21.2,21.8,0.6092,1
NIron_SHW_01.18.2026_LS,SHW,996,5800,96.71,590.1,60.7,24.6,24.4,0.588,1
NIron_SHW_01.18.2026_LS,SHW,996,5808,96.84,561.0,68.9,35.2,30.5,0.4169,1
NIron_SHW_01.18.2026_LS,SHW,996,5809,96.86,557.3,68.5,35.0,29.8,0.3676,1
NIron_SHW_01.18.2026_LS,SHW,996,5810,96.88,554.6,69.5,33.4,28.5,0.5589,1
NIron_SHW_01.18.2026_LS,SHW,996,5811,96.89,552.2,69.9,32.8,28.5,0.5223,1
NIron_SHW_01.18.2026_LS,SHW,996,5812,96.91,548.6,70.5,34.5,30.1,0.3533,1
NIron_SHW_01.18.2026_LS,SHW,996,5813,96.93,541.7,70.1,37.2,31.2,0.1168,1
NIron_SHW_01.18.2026_LS,SHW,996,5814,96.94,538.3,69.9,39.9,32.6,0.2832,1
NIron_SHW_01.18.2026_LS,SHW,996,5815,96.96,535.6,71.6,42.7,32.2,0.2042,1
NIron_SHW_01.18.2026_LS,SHW,996,5816,96.98,532.3,73.3,42.5,34.4,0.3883,1
NIron_SHW_01.18.2026_LS,SHW,996,5817,96.99,526.0,71.5,43.1,35.9,0.1318,1
NIron_SHW_01.18.2026_LS,SHW,996,5818,97.01,522.3,69.8,42.0,35.4,0.3021,1
NIron_SHW_01.18.2026_LS,SHW,996,5819,97.03,522.7,73.0,41.3,33.2,0.3749,1
NIron_SHW_01.18.2026_LS,SHW,996,5820,97.04,522.9,76.8,41.2,32.8,0.4565,1
NIron_SHW_01.18.2026_LS,SHW,996,5821,97.06,516.3,77.3,37.8,31.4,0.338,1
NIron_SHW_01.18.2026_LS,SHW,996,5822,97.08,507.6,76.6,38.5,33.3,0.2338,1
NIron_SHW_01.18.2026_LS,SHW,996,5823,97.09,502.1,76.2,44.9,37.6,0.185,1
NIron_SHW_01.18.2026_LS,SHW,996,5825,97.13,498.5,79.8,42.4,35.2,0.3231,1
NIron_SHW_01.18.2026_LS,SHW,996,5826,97.15,490.8,80.2,40.1,34.8,0.3907,1
NIron_SHW_01.18.2026_LS,SHW,996,5827,97.16,486.6,80.5,37.7,32.6,0.3067,1
NIron_SHW_01.18.2026_LS,SHW,996,5828,97.18,483.1,81.7,33.6,30.2,0.4618,1
NIron_SHW_01.18.2026_LS,SHW,996,5830,97.21,477.0,84.0,31.5,30.4,0.3233,1
NIron_SHW_01.18.2026_LS,SHW,996,5831,97.23,472.0,83.1,34.8,32.0,0.3402,1
NIron_SHW_01.18.2026_LS,SHW,996,5832,97.25,466.8,82.9,35.5,32.3,0.403,1
NIron_SHW_01.18.2026_LS,SHW,996,5833,97.26,464.9,84.2,34.6,29.4,0.4239,1
NIron_SHW_01.18.2026_LS,SHW,996,5834,97.28,462.4,85.6,29.8,28.0,0.2959,1
NIron_SHW_01.18.2026_LS,SHW,996,5835,97.3,457.3,86.0,27.0,27.1,0.4871,1
NIron_SHW_01.18.2026_LS,SHW,996,5838,97.35,444.0,86.8,31.5,29.1,0.3112,1
NIron_SHW_01.18.2026_LS,SHW,996,5839,97.36,440.6,87.5,34.7,31.3,0.3665,1
NIron_SHW_01.18.2026_LS,SHW,996,5840,97.38,435.3,88.1,34.9,31.8,0.581,1
NIron_SHW_01.18.2026_LS,SHW,996,5841,97.4,431.9,89.2,34.4,29.9,0.4492,1
NIron_SHW_01.18.2026_LS,SHW,996,5842,97.41,429.4,91.7,33.0,28.2,0.1784,1
NIron_SHW_01.18.2026_LS,SHW,996,5843,97.43,426.9,93.3,34.1,29.8,0.3843,1
NIron_SHW_01.18.2026_LS,SHW,996,5844,97.45,419.9,92.8,35.3,32.4,0.4893,1
NIron_SHW_01.18.2026_LS,SHW,996,5845,97.46,416.6,93.1,35.9,31.9,0.4105,1
NIron_SHW_01.18.2026_LS,SHW,996,5846,97.48,413.8,95.1,36.2,30.3,0.1137,1
NIron_SHW_01.18.2026_LS,SHW,996,5847,97.5,409.3,95.4,36.9,30.9,0.3757,1
NIron_SHW_01.18.2026_LS,SHW,996,5848,97.51,404.6,94.8,36.7,32.4,0.5887,1
NIron_SHW_01.18.2026_LS,SHW,996,5849,97.53,402.1,96.5,38.1,30.8,0.2639,1
NIron_SHW_01.18.2026_LS,SHW,999,5809,96.86,598.8,59.3,26.4,24.4,0.5192,1
NIron_SHW_01.18.2026_LS,SHW,999,5810,96.88,595.9,60.2,27.9,26.0,0.304,1
NIron_SHW_01.18.2026_LS,SHW,999,5811,96.89,594.4,61.2,29.4,27.0,0.2604,1
NIron_SHW_01.18.2026_LS,SHW,999,5812,96.91,588.3,61.3,30.2,29.8,0.3428,1
NIron_SHW_01.18.2026_LS,SHW,999,5813,96.93,582.7,61.7,30.7,29.7,0.44,1
NIron_SHW_01.18.2026_LS,SHW,999,5814,96.94,578.8,61.1,32.6,30.8,0.3598,1
NIron_SHW_01.18.2026_LS,SHW,999,5815,96.96,580.6,62.5,38.9,29.7,0.373,1
NIron_SHW_01.18.2026_LS,SHW,999,5816,96.98,579.0,64.4,42.5,32.1,0.4712,1
NIron_SHW_01.18.2026_LS,SHW,999,5817,96.99,568.9,64.0,39.3,32.9,0.4646,1
NIron_SHW_01.18.2026_LS,SHW,999,5818,97.01,563.1,62.8,38.3,33.0,0.2089,1
NIron_SHW_01.18.2026_LS,SHW,999,5819,97.03,567.9,65.7,49.4,32.5,0.4304,1
NIron_SHW_01.18.2026_LS,SHW,999,5820,97.04,565.5,68.0,51.7,32.5,0.4752,1
NIron_SHW_01.18.2026_LS,SHW,999,5821,97.06,560.4,68.6,44.6,31.4,0.4843,1
NIron_SHW_01.18.2026_LS,SHW,999,5822,97.08,552.9,69.0,41.7,31.0,0.414,1
NIron_SHW_01.18.2026_LS,SHW,999,5823,97.09,547.7,69.5,41.6,32.7,0.2188,1
NIron_SHW_01.18.2026_LS,SHW,999,5824,97.11,546.4,70.7,44.0,32.3,0.3594,1
NIron_SHW_01.18.2026_LS,SHW,999,5825,97.13,543.2,72.0,43.7,33.8,0.3707,1
NIron_SHW_01.18.2026_LS,SHW,999,5827,97.16,529.0,72.5,37.5,32.5,0.3663,1
NIron_SHW_01.18.2026_LS,SHW,999,5828,97.18,524.5,73.4,31.8,29.4,0.5198,1
NIron_SHW_01.18.2026_LS,SHW,999,5829,97.2,524.8,74.9,36.6,30.7,0.5054,1
NIron_SHW_01.18.2026_LS,SHW,999,5830,97.21,519.7,74.9,35.7,32.4,0.4797,1
NIron_SHW_01.18.2026_LS,SHW,999,5831,97.23,513.5,74.4,36.5,32.7,0.4126,1
NIron_SHW_01.18.2026_LS,SHW,999,5832,97.25,508.7,75.3,37.1,33.1,0.4768,1
NIron_SHW_01.18.2026_LS,SHW,999,5833,97.26,505.9,76.6,35.9,31.0,0.4937,1
NIron_SHW_01.18.2026_LS,SHW,999,5834,97.28,502.3,77.3,32.4,29.5,0.5364,1
NIron_SHW_01.18.2026_LS,SHW,999,5835,97.3,497.1,77.8,33.2,29.8,0.3861,1
NIron_SHW_01.18.2026_LS,SHW,999,5837,97.33,484.6,78.0,33.2,31.4,0.5987,1
NIron_SHW_01.18.2026_LS,SHW,999,5838,97.35,484.3,79.2,35.8,30.5,0.4478,1
NIron_SHW_01.18.2026_LS,SHW,999,5839,97.36,482.3,80.5,40.7,31.8,0.3173,1
NIron_SHW_01.18.2026_LS,SHW,999,5840,97.38,478.5,81.4,42.1,32.6,0.4215,1
NIron_SHW_01.18.2026_LS,SHW,999,5841,97.4,474.3,82.3,40.5,31.8,0.4267,1
NIron_SHW_01.18.2026_LS,SHW,999,5842,97.41,471.7,84.2,40.8,30.7,0.3621,1
NIron_SHW_01.18.2026_LS,SHW,999,5843,97.43,467.5,85.3,40.0,31.9,0.3718,1
NIron_SHW_01.18.2026_LS,SHW,999,5844,97.45,461.0,84.9,38.4,32.6,0.4115,1
NIron_SHW_01.18.2026_LS,SHW,999,5845,97.46,455.5,85.1,36.1,31.8,0.4431,1
NIron_SHW_01.18.2026_LS,SHW,999,5846,97.48,454.0,86.6,34.9,29.9,0.4434,1
NIron_SHW_01.18.2026_LS,SHW,999,5847,97.5,451.6,86.6,36.1,29.7,0.5289,1
NIron_SHW_01.18.2026_LS,SHW,1002,5826,97.15,448.7,92.5,42.6,37.0,0.5468,1
NIron_SHW_01.18.2026_LS,SHW,1002,5827,97.16,443.0,91.4,40.2,36.9,0.5714,1
NIron_SHW_01.18.2026_LS,SHW,1002,5828,97.18,439.7,93.1,43.4,33.1,0.3425,1
NIron_SHW_01.18.2026_LS,SHW,1002,5829,97.2,438.8,94.6,43.4,33.1,0.2191,1
NIron_SHW_01.18.2026_LS,SHW,1002,5830,97.21,433.8,95.0,43.7,32.9,0.4213,1
NIron_SHW_01.18.2026_LS,SHW,1002,5831,97.23,426.0,94.9,39.9,32.2,0.4545,1
NIron_SHW_01.18.2026_LS,SHW,1002,5832,97.25,421.0,94.1,36.6,31.3,0.5649,1
NIron_SHW_01.18.2026_LS,SHW,1002,5833,97.26,417.7,95.7,35.0,29.3,0.4503,1
NIron_SHW_01.18.2026_LS,SHW,1002,5834,97.28,415.7,96.6,35.4,29.1,0.378,1
NIron_SHW_01.18.2026_LS,SHW,1002,5835,97.3,410.5,97.9,34.4,30.3,0.3989,1
NIron_SHW_01.18.2026_LS,SHW,1002,5836,97.31,403.3,97.1,32.4,29.4,0.5174,1
NIron_SHW_01.18.2026_LS,SHW,1002,5837,97.33,400.2,96.2,35.4,29.8,0.4748,1
NIron_SHW_01.18.2026_LS,SHW,1002,5838,97.35,398.7,97.7,40.4,29.6,0.4207,1
NIron_SHW_01.18.2026_LS,SHW,1002,5839,97.36,394.7,99.0,43.7,31.1,0.4423,1
NIron_SHW_01.18.2026_LS,SHW,1002,5840,97.38,388.4,101.0,42.6,31.5,0.5129,1
NIron_SHW_01.18.2026_LS,SHW,1002,5841,97.4,384.9,102.3,44.7,30.0,0.2857,1
NIron_SHW_01.18.2026_LS,SHW,1002,5842,97.41,382.3,103.7,45.0,30.2,0.2542,1
NIron_SHW_01.18.2026_LS,SHW,1002,5843,97.43,379.3,104.9,44.0,30.8,0.4388,1
NIron_SHW_01.18.2026_LS,SHW,1002,5844,97.45,372.2,105.4,41.6,31.9,0.472,1
NIron_SHW_01.18.2026_LS,SHW,1002,5845,97.46,367.7,105.8,38.1,30.6,0.4827,1
NIron_SHW_01.18.2026_LS,SHW,1002,5846,97.48,364.1,106.9,39.6,30.2,0.1432,1
NIron_SHW_01.18.2026_LS,SHW,1002,5847,97.5,360.8,108.3,40.9,31.4,0.4028,1
NIron_SHW_01.18.2026_LS,SHW,1002,5848,97.51,354.7,107.6,38.4,30.5,0.4354,1
NIron_SHW_01.18.2026_LS,SHW,1002,5849,97.53,349.1,107.6,36.8,29.6,0.6166,1
NIron_SHW_01.18.2026_LS,SHW,1002,5850,97.55,344.3,108.5,38.0,28.8,0.1046,1
NIron_SHW_01.18.2026_LS,SHW,1009,5859,97.7,353.4,94.3,31.4,28.2,0.4853,0
NIron_SHW_01.18.2026_LS,SHW,1009,5860,97.71,349.6,93.6,30.6,29.0,0.353,0
NIron_SHW_01.18.2026_LS,SHW,1009,5861,97.73,343.3,93.9,31.0,28.0,0.3374,0
NIron_SHW_01.18.2026_LS,SHW,1009,5867,97.83,318.3,97.0,29.9,28.0,0.4184,0
NIron_SHW_01.18.2026_LS,SHW,1009,5868,97.85,312.8,97.5,32.5,29.2,0.2646,0
NIron_SHW_01.18.2026_LS,SHW,1009,5869,97.86,307.6,98.8,30.2,26.0,0.1439,0
NIron_SHW_01.18.2026_LS,SHW,1009,5875,97.96,281.7,103.3,30.7,27.6,0.4388,0
NIron_SHW_01.18.2026_LS,SHW,1013,5866,97.81,362.4,90.5,36.8,28.7,0.392,0
NIron_SHW_01.18.2026_LS,SHW,1013,5867,97.83,358.3,91.1,34.4,28.0,0.301,0
NIron_SHW_01.18.2026_LS,SHW,1013,5868,97.85,348.4,92.1,32.2,28.3,0.1752,0
NIron_SHW_01.18.2026_LS,SHW,1013,5869,97.86,339.0,92.1,34.8,29.1,0.1644,0
NIron_SHW_01.18.2026_LS,SHW,1017,5920,98.71,83.2,170.5,37.1,29.7,0.5183,0
NIron_SHW_01.18.2026_LS,SHW,1017,5921,98.73,78.3,172.0,35.1,28.7,0.437,0
NIron_SHW_01.18.2026_LS,SHW,1017,5922,98.75,73.2,173.2,37.8,30.1,0.4372,0
NIron_SHW_01.18.2026_LS,SHW,1017,5923,98.76,69.0,175.0,36.7,29.8,0.393,0
NIron_SHW_01.18.2026_LS,SHW,1017,5924,98.78,63.3,177.6,35.8,27.4,0.4847,0
NIron_SHW_01.18.2026_LS,SHW,1017,5925,98.8,58.4,180.6,33.8,26.8,0.4694,0
NIron_SHW_01.18.2026_LS,SHW,1017,5926,98.81,53.4,183.1,33.6,25.4,0.2803,0
NIron_SHW_01.18.2026_LS,SHW,1017,5927,98.83,46.6,185.2,30.4,24.8,0.2213,0
NIron_SHW_01.18.2026_LS,SHW,1017,5928,98.85,44.7,186.2,26.6,22.9,0.1488,0
NIron_SHW_01.18.2026_LS,SHW,1017,5929,98.86,38.6,187.0,28.1,23.2,0.4937,0
NIron_SHW_01.18.2026_LS,SHW,1017,5930,98.88,33.3,188.8,28.9,21.4,0.5334,0
NIron_SHW_01.18.2026_LS,SHW,1017,5931,98.9,26.9,190.7,29.2,19.5,0.4998,0
NIron_SHW_01.18.2026_LS,SHW,1017,5932,98.91,22.5,193.0,29.3,19.8,0.289,0
NIron_SHW_01.18.2026_LS,SHW,1017,5933,98.93,17.3,194.8,30.1,20.9,0.3721,0
NIron_SHW_01.18.2026_LS,SHW,1021,6379,106.37,602.0,95.7,48.0,40.7,0.4731,1
NIron_SHW_01.18.2026_LS,SHW,1021,6380,106.38,593.6,96.4,48.7,40.7,0.5757,1
NIron_SHW_01.18.2026_LS,SHW,1021,6381,106.4,585.2,98.7,49.7,41.5,0.5412,1
NIron_SHW_01.18.2026_LS,SHW,1021,6382,106.42,577.0,100.3,51.9,41.7,0.7079,1
NIron_SHW_01.18.2026_LS,SHW,1021,6383,106.43,569.2,101.5,52.6,42.8,0.6412,1
NIron_SHW_01.18.2026_LS,SHW,1021,6384,106.45,561.2,103.5,51.9,44.1,0.7001,1
NIron_SHW_01.18.2026_LS,SHW,1021,6385,106.47,554.5,105.6,53.0,44.3,0.6991,1
NIron_SHW_01.18.2026_LS,SHW,1021,6386,106.48,545.6,106.9,52.9,45.8,0.7346,1
NIron_SHW_01.18.2026_LS,SHW,1021,6387,106.5,538.5,107.8,53.5,46.8,0.6988,1
NIron_SHW_01.18.2026_LS,SHW,1021,6388,106.52,529.9,109.7,51.3,47.2,0.5338,1
NIron_SHW_01.18.2026_LS,SHW,1021,6389,106.53,522.3,110.3,52.4,48.2,0.2952,1
NIron_SHW_01.18.2026_LS,SHW,1021,6390,106.55,514.2,111.8,48.4,46.2,0.2158,1
NIron_SHW_01.18.2026_LS,SHW,1021,6391,106.57,508.4,117.4,50.8,49.9,0.3432,1
NIron_SHW_01.18.2026_LS,SHW,1021,6392,106.58,499.3,118.2,52.5,50.6,0.3074,1
NIron_SHW_01.18.2026_LS,SHW,1021,6393,106.6,491.3,120.1,53.9,53.4,0.3121,1
NIron_SHW_01.18.2026_LS,SHW,1021,6394,106.62,484.1,122.1,52.6,52.8,0.5439,1
NIron_SHW_01.18.2026_LS,SHW,1021,6395,106.63,475.8,124.7,51.0,54.6,0.6071,1
NIron_SHW_01.18.2026_LS,SHW,1021,6396,106.65,468.7,126.4,48.4,54.4,0.7636,1
NIron_SHW_01.18.2026_LS,SHW,1021,6397,106.67,459.4,127.6,44.2,51.8,0.7402,1
NIron_SHW_01.18.2026_LS,SHW,1021,6398,106.68,450.3,124.9,43.2,43.4,0.6194,1
NIron_SHW_01.18.2026_LS,SHW,1021,6399,106.7,441.2,124.2,42.3,42.0,0.292,1
NIron_SHW_01.18.2026_LS,SHW,1021,6400,106.72,433.0,127.1,43.9,49.5,0.3921,1
NIron_SHW_01.18.2026_LS,SHW,1021,6401,106.73,425.4,129.7,43.5,53.8,0.3707,1
NIron_SHW_01.18.2026_LS,SHW,1021,6402,106.75,416.6,130.3,45.4,56.2,0.18,1
NIron_SHW_01.18.2026_LS,SHW,1026,6429,107.2,177.2,158.0,42.7,40.2,0.717,0
NIron_SHW_01.18.2026_LS,SHW,1026,6430,107.22,168.0,162.2,43.9,38.2,0.5564,0
NIron_SHW_01.18.2026_LS,SHW,1026,6431,107.23,158.3,163.0,47.9,37.4,0.7007,0
NIron_SHW_01.18.2026_LS,SHW,1026,6432,107.25,145.9,165.0,44.7,36.6,0.7321,0
NIron_SHW_01.18.2026_LS,SHW,1026,6433,107.27,135.1,167.5,45.0,36.6,0.7496,0
NIron_SHW_01.18.2026_LS,SHW,1026,6434,107.28,124.7,168.8,46.2,35.3,0.6511,0
NIron_SHW_01.18.2026_LS,SHW,1026,6435,107.3,113.4,169.8,45.1,35.8,0.6929,0
NIron_SHW_01.18.2026_LS,SHW,1026,6436,107.32,103.4,172.2,44.7,35.8,0.6703,0
NIron_SHW_01.18.2026_LS,SHW,1026,6437,107.33,87.9,174.0,36.7,31.7,0.4462,0
NIron_SHW_01.18.2026_LS,SHW,1026,6438,107.35,79.6,175.3,39.6,33.7,0.5194,0
NIron_SHW_01.18.2026_LS,SHW,1026,6439,107.37,72.1,176.5,42.6,36.8,0.562,0
NIron_SHW_01.18.2026_LS,SHW,1026,6440,107.38,58.9,178.9,37.6,35.2,0.4286,0
NIron_SHW_01.18.2026_LS,SHW,1026,6441,107.4,50.4,179.9,39.4,35.9,0.3411,0
NIron_SHW_01.18.2026_LS,SHW,1026,6442,107.42,39.5,181.6,38.1,37.0,0.4081,0
NIron_SHW_01.18.2026_LS,SHW,1026,6443,107.43,31.5,182.3,43.2,38.3,0.5375,0
NIron_SHW_01.18.2026_LS,SHW,1026,6444,107.45,20.3,184.6,40.5,38.9,0.5709,0
NIron_SHW_01.18.2026_LS,SHW,1026,6445,107.47,14.2,186.6,28.5,36.9,0.3954,0
NIron_SHW_01.18.2026_LS,SHW,1040,8781,146.42,615.4,164.3,46.0,40.4,0.6575,0
NIron_SHW_01.18.2026_LS,SHW,1040,8783,146.45,604.2,169.7,52.9,41.2,0.4847,0
NIron_SHW_01.18.2026_LS,SHW,1040,8784,146.47,595.4,172.6,53.7,40.5,0.2332,0
NIron_SHW_01.18.2026_LS,SHW,1050,9347,155.86,158.5,84.1,46.3,26.4,0.5537,0
NIron_SHW_01.18.2026_LS,SHW,1050,9348,155.87,139.9,90.9,45.4,30.8,0.54,0
NIron_SHW_01.18.2026_LS,SHW,1050,9349,155.89,122.1,96.9,54.3,36.9,0.1637,0
NIron_SHW_01.18.2026_LS,SHW,1099,11461,191.11,459.4,82.8,47.2,36.7,0.5538,1
NIron_SHW_01.18.2026_LS,SHW,1099,11462,191.12,442.9,83.3,44.6,34.7,0.311,1
NIron_SHW_01.18.2026_LS,SHW,1099,11465,191.17,403.0,84.6,43.8,32.8,0.3792,1
NIron_SHW_01.18.2026_LS,SHW,1099,11466,191.19,393.9,88.1,42.6,33.5,0.5012,1
NIron_SHW_01.18.2026_LS,SHW,1099,11467,191.21,386.1,91.4,46.4,37.3,0.1728,1
NIron_SHW_01.18.2026_LS,SHW,1099,11469,191.24,357.0,98.3,55.6,39.6,0.3615,1
NIron_SHW_01.18.2026_LS,SHW,1099,11470,191.26,347.2,104.8,55.0,40.0,0.4105,1
NIron_SHW_01.18.2026_LS,SHW,1099,11471,191.27,337.7,106.8,56.7,40.7,0.5044,1
NIron_SHW_01.18.2026_LS,SHW,1099,11472,191.29,323.4,107.8,55.6,36.9,0.4633,1
NIron_SHW_01.18.2026_LS,SHW,1099,11473,191.31,310.4,112.0,56.2,35.4,0.5,1
NIron_SHW_01.18.2026_LS,SHW,1099,11477,191.37,254.2,128.3,62.4,39.4,0.3076,1
NIron_SHW_01.18.2026_LS,SHW,1099,11482,191.46,180.1,150.9,57.4,35.5,0.5006,1
NIron_SHW_01.18.2026_LS,SHW,1099,11483,191.47,166.3,156.4,58.1,37.2,0.408,1
NIron_SHW_01.18.2026_LS,SHW,1099,11484,191.49,151.8,158.3,58.9,37.9,0.3818,1
NIron_SHW_01.18.2026_LS,SHW,1099,11485,191.51,134.3,161.1,55.8,36.8,0.4886,1
NIron_SHW_01.18.2026_LS,SHW,1099,11486,191.52,120.1,166.8,49.5,34.0,0.2107,1
NIron_SHW_01.18.2026_LS,SHW,1099,11487,191.54,107.4,170.5,49.3,32.7,0.1863,1
NIron_SHW_01.18.2026_LS,SHW,1099,11488,191.56,92.6,173.8,44.0,33.6,0.18,1
NIron_SHW_01.18.2026_LS,SHW,1128,17014,283.7,214.7,100.8,51.6,36.4,0.4541,0
NIron_SHW_01.18.2026_LS,SHW,1128,17015,283.71,207.8,98.8,50.3,35.4,0.5428,0
NIron_SHW_01.18.2026_LS,SHW,1128,17016,283.73,200.2,96.6,46.5,34.9,0.5695,0
NIron_SHW_01.18.2026_LS,SHW,1285,25143,419.24,622.4,81.9,34.2,24.6,0.5245,1
NIron_SHW_01.18.2026_LS,SHW,1285,25144,419.26,617.2,82.7,39.7,28.8,0.4996,1
NIron_SHW_01.18.2026_LS,SHW,1285,25145,419.28,608.3,85.4,51.3,29.4,0.5017,1
NIron_SHW_01.18.2026_LS,SHW,1285,25146,419.29,600.3,85.6,46.7,29.2,0.6115,1
NIron_SHW_01.18.2026_LS,SHW,1285,25147,419.31,594.0,87.9,44.5,29.2,0.6562,1
NIron_SHW_01.18.2026_LS,SHW,1285,25148,419.33,585.9,89.2,46.3,30.1,0.5745,1
NIron_SHW_01.18.2026_LS,SHW,1285,25149,419.34,575.9,90.2,45.5,30.0,0.6722,1
NIron_SHW_01.18.2026_LS,SHW,1285,25150,419.36,568.1,92.1,46.3,30.8,0.6271,1
NIron_SHW_01.18.2026_LS,SHW,1285,25151,419.38,560.8,95.6,42.7,30.0,0.6531,1
NIron_SHW_01.18.2026_LS,SHW,1285,25152,419.39,551.9,96.9,42.1,29.7,0.679,1
NIron_SHW_01.18.2026_LS,SHW,1285,25153,419.41,543.0,97.9,43.9,29.5,0.7153,1
NIron_SHW_01.18.2026_LS,SHW,1285,25154,419.43,535.4,99.0,44.9,29.7,0.6626,1
NIron_SHW_01.18.2026_LS,SHW,1285,25155,419.44,526.3,101.2,44.8,29.9,0.6746,1
NIron_SHW_01.18.2026_LS,SHW,1285,25156,419.46,517.9,103.4,45.1,28.5,0.6933,1
NIron_SHW_01.18.2026_LS,SHW,1285,25157,419.48,510.1,106.1,44.0,27.1,0.688,1
NIron_SHW_01.18.2026_LS,SHW,1285,25158,419.49,502.4,108.1,45.4,26.8,0.6419,1
NIron_SHW_01.18.2026_LS,SHW,1285,25159,419.51,492.7,110.4,47.7,26.5,0.563,1
NIron_SHW_01.18.2026_LS,SHW,1285,25160,419.53,485.0,111.0,49.4,28.2,0.6631,1
NIron_SHW_01.18.2026_LS,SHW,1285,25161,419.54,475.7,112.6,48.0,26.5,0.5315,1
NIron_SHW_01.18.2026_LS,SHW,1285,25162,419.56,465.2,113.5,41.7,24.9,0.625,1
NIron_SHW_01.18.2026_LS,SHW,1285,25163,419.58,456.8,114.0,45.2,25.6,0.5994,1
NIron_SHW_01.18.2026_LS,SHW,1285,25164,419.59,452.3,116.6,45.5,26.6,0.6845,1
NIron_SHW_01.18.2026_LS,SHW,1285,25165,419.61,446.1,117.8,45.0,25.5,0.5489,1
NIron_SHW_01.18.2026_LS,SHW,1285,25166,419.63,437.6,119.7,45.5,25.5,0.6497,1
NIron_SHW_01.18.2026_LS,SHW,1285,25167,419.64,426.5,122.6,51.4,27.3,0.5161,1
NIron_SHW_01.18.2026_LS,SHW,1285,25168,419.66,410.8,124.2,48.5,25.1,0.5604,1
NIron_SHW_01.18.2026_LS,SHW,1285,25169,419.68,399.0,127.2,44.3,23.5,0.5627,1
NIron_SHW_01.18.2026_LS,SHW,1285,25170,419.69,390.9,130.3,47.6,26.4,0.2985,1
NIron_SHW_01.18.2026_LS,SHW,1285,25171,419.71,382.3,131.3,53.0,27.9,0.5595,1
NIron_SHW_01.18.2026_LS,SHW,1285,25172,419.73,369.6,133.4,50.7,27.6,0.5887,1
NIron_SHW_01.18.2026_LS,SHW,1285,25173,419.74,359.0,135.6,47.4,26.8,0.6366,1
NIron_SHW_01.18.2026_LS,SHW,1285,25174,419.76,351.1,138.2,49.2,27.7,0.6374,1
NIron_SHW_01.18.2026_LS,SHW,1285,25175,419.78,341.4,140.6,48.7,27.8,0.7248,1
NIron_SHW_01.18.2026_LS,SHW,1285,25176,419.79,333.2,142.9,50.6,28.6,0.7118,1
NIron_SHW_01.18.2026_LS,SHW,1285,25177,419.81,323.8,145.4,48.9,29.0,0.7367,1
NIron_SHW_01.18.2026_LS,SHW,1285,25178,419.83,315.0,147.0,51.3,29.7,0.699,1
NIron_SHW_01.18.2026_LS,SHW,1285,25179,419.84,304.1,149.3,48.5,28.6,0.7224,1
NIron_SHW_01.18.2026_LS,SHW,1285,25180,419.86,294.9,152.0,48.9,29.6,0.7288,1
NIron_SHW_01.18.2026_LS,SHW,1285,25181,419.88,284.1,154.6,48.2,30.4,0.755,1
NIron_SHW_01.18.2026_LS,SHW,1285,25182,419.89,272.9,156.3,46.9,31.4,0.7644,1
NIron_SHW_01.18.2026_LS,SHW,1285,25183,419.91,262.8,159.7,46.5,32.2,0.7434,1
NIron_SHW_01.18.2026_LS,SHW,1285,25184,419.93,251.0,161.5,47.0,31.8,0.703,1
NIron_SHW_01.18.2026_LS,SHW,1285,25185,419.94,239.0,164.8,46.3,29.6,0.2339,1
NIron_SHW_01.18.2026_LS,SHW,1285,25186,419.96,234.4,164.8,44.1,28.2,0.1709,1
NIron_SHW_01.18.2026_LS,SHW,1285,25187,419.98,222.5,167.9,42.1,28.4,0.6258,1
NIron_SHW_01.18.2026_LS,SHW,1285,25188,419.99,211.4,171.0,43.3,29.3,0.6009,1
NIron_SHW_01.18.2026_LS,SHW,1285,25189,420.01,201.6,173.8,42.2,28.9,0.5695,1
NIron_SHW_01.18.2026_LS,SHW,1285,25190,420.03,192.9,175.9,40.9,28.7,0.4748,1
NIron_SHW_01.18.2026_LS,SHW,1285,25191,420.04,180.3,178.1,46.7,29.7,0.5313,1
NIron_SHW_01.18.2026_LS,SHW,1285,25192,420.06,169.7,180.6,43.9,27.6,0.676,1
NIron_SHW_01.18.2026_LS,SHW,1285,25193,420.08,160.7,182.9,44.6,28.5,0.6095,1
NIron_SHW_01.18.2026_LS,SHW,1285,25194,420.09,149.8,186.1,44.4,27.7,0.6741,1
NIron_SHW_01.18.2026_LS,SHW,1285,25195,420.11,139.0,188.1,44.1,27.1,0.6917,1
NIron_SHW_01.18.2026_LS,SHW,1285,25196,420.13,128.4,190.3,41.2,27.6,0.6065,1
NIron_SHW_01.18.2026_LS,SHW,1285,25197,420.14,118.8,192.6,39.5,27.1,0.6869,1
NIron_SHW_01.18.2026_LS,SHW,1285,25201,420.21,81.1,201.6,34.2,27.8,0.4556,1
NIron_SHW_01.18.2026_LS,SHW,1285,25202,420.23,71.4,203.0,30.2,25.5,0.4556,1
NIron_SHW_01.18.2026_LS,SHW,1302,26877,448.16,237.4,276.9,32.3,30.5,0.3572,0
NIron_SHW_01.18.2026_LS,SHW,1302,26878,448.17,234.8,277.3,33.8,28.7,0.1916,0
NIron_SHW_01.18.2026_LS,SHW,1302,26879,448.19,235.5,276.7,34.6,29.6,0.4435,0
NIron_SHW_01.18.2026_LS,SHW,1320,28682,478.25,339.9,157.5,71.3,38.3,0.4054,1
NIron_SHW_01.18.2026_LS,SHW,1320,28683,478.27,335.2,160.2,56.0,35.2,0.4427,1
NIron_SHW_01.18.2026_LS,SHW,1320,28684,478.29,331.5,159.0,61.6,36.3,0.2055,1
NIron_SHW_01.18.2026_LS,SHW,1320,28685,478.3,321.8,160.6,48.8,33.4,0.1867,1
NIron_SHW_01.18.2026_LS,SHW,1320,28686,478.32,327.6,162.2,55.6,36.4,0.4216,1
NIron_SHW_01.18.2026_LS,SHW,1320,28687,478.34,319.3,163.0,48.7,34.1,0.2283,1
NIron_SHW_01.18.2026_LS,SHW,1320,28688,478.35,320.9,162.0,58.6,36.3,0.4015,1
NIron_SHW_01.18.2026_LS,SHW,1320,28689,478.37,317.6,165.9,56.2,37.8,0.4453,1
NIron_SHW_01.18.2026_LS,SHW,1320,28700,478.56,299.0,174.4,46.9,37.6,0.3771,1
NIron_SHW_01.18.2026_LS,SHW,1320,28701,478.57,300.9,173.2,40.4,34.5,0.3328,1
NIron_SHW_01.18.2026_LS,SHW,1323,28685,478.3,358.9,156.2,38.9,32.2,0.5812,1
NIron_SHW_01.18.2026_LS,SHW,1323,28686,478.32,362.5,158.2,38.7,31.3,0.3541,1
NIron_SHW_01.18.2026_LS,SHW,1323,28687,478.34,353.6,160.5,37.7,30.8,0.4603,1
NIron_SHW_01.18.2026_LS,SHW,1323,28688,478.35,348.5,159.0,41.0,30.2,0.2412,1
NIron_SHW_01.18.2026_LS,SHW,1323,28689,478.37,351.7,162.3,37.9,31.0,0.5442,1
NIron_SHW_01.18.2026_LS,SHW,1323,28690,478.39,346.4,163.8,41.0,33.6,0.5197,1
NIron_SHW_01.18.2026_LS,SHW,1323,28691,478.4,344.8,165.6,41.9,34.1,0.3261,1
NIron_SHW_01.18.2026_LS,SHW,1323,28692,478.42,333.3,166.1,38.3,33.0,0.4621,1
NIron_SHW_01.18.2026_LS,SHW,1323,28693,478.44,335.5,168.3,36.9,32.4,0.5283,1
NIron_SHW_01.18.2026_LS,SHW,1323,28694,478.45,327.3,168.8,41.2,34.3,0.5214,1
NIron_SHW_01.18.2026_LS,SHW,1323,28695,478.47,322.6,169.3,46.3,35.7,0.3496,1
NIron_SHW_01.18.2026_LS,SHW,1323,28696,478.49,323.6,170.8,44.8,35.6,0.3318,1
NIron_SHW_01.18.2026_LS,SHW,1323,28697,478.5,321.8,172.4,47.6,36.3,0.3173,1
NIron_SHW_01.18.2026_LS,SHW,1323,28705,478.64,292.6,184.7,34.8,31.7,0.4713,1
NIron_SHW_01.18.2026_LS,SHW,1323,28706,478.66,287.0,188.9,36.4,33.6,0.4559,1
NIron_SHW_01.18.2026_LS,SHW,1323,28707,478.67,279.7,189.1,39.3,35.1,0.416,1
NIron_SHW_01.18.2026_LS,SHW,1323,28708,478.69,273.8,190.7,38.9,33.9,0.3668,1
NIron_SHW_01.18.2026_LS,SHW,1323,28709,478.71,271.5,193.3,37.9,33.3,0.4083,1
NIron_SHW_01.18.2026_LS,SHW,1323,28710,478.72,267.9,194.8,34.2,32.0,0.5089,1
NIron_SHW_01.18.2026_LS,SHW,1323,28711,478.74,263.2,195.6,31.8,31.8,0.511,1
NIron_SHW_01.18.2026_LS,SHW,1323,28712,478.76,260.0,196.7,33.9,33.5,0.3959,1
NIron_SHW_01.18.2026_LS,SHW,1323,28713,478.77,254.5,197.9,34.6,34.1,0.38,1
NIron_SHW_01.18.2026_LS,SHW,1323,28714,478.79,247.4,200.0,35.4,34.3,0.476,1
NIron_SHW_01.18.2026_LS,SHW,1323,28715,478.81,244.1,200.8,33.7,32.0,0.5339,1
NIron_SHW_01.18.2026_LS,SHW,1323,28716,478.82,238.7,201.7,33.0,31.2,0.4493,1
NIron_SHW_01.18.2026_LS,SHW,1323,28717,478.84,236.5,202.3,32.1,31.0,0.4225,1
NIron_SHW_01.18.2026_LS,SHW,1323,28718,478.86,232.9,203.1,32.9,31.0,0.3119,1
NIron_SHW_01.18.2026_LS,SHW,1323,28719,478.87,231.5,203.8,32.7,30.9,0.4028,1
NIron_SHW_01.18.2026_LS,SHW,1323,28720,478.89,229.1,204.7,32.5,32.1,0.3882,1
NIron_SHW_01.18.2026_LS,SHW,1323,28721,478.91,225.1,205.0,33.9,33.0,0.2498,1
NIron_SHW_01.18.2026_LS,SHW,1323,28722,478.92,226.7,205.2,32.8,31.8,0.1948,1
NIron_SHW_01.18.2026_LS,SHW,1323,28723,478.94,226.4,205.9,31.9,31.1,0.2147,1
NIron_SHW_01.18.2026_LS,SHW,1325,28693,478.44,221.2,191.7,46.9,32.1,0.5775,1
NIron_SHW_01.18.2026_LS,SHW,1325,28694,478.45,219.2,194.3,47.9,32.6,0.4946,1
NIron_SHW_01.18.2026_LS,SHW,1325,28695,478.47,214.9,195.2,45.2,31.9,0.4153,1
NIron_SHW_01.18.2026_LS,SHW,1325,28696,478.49,206.5,194.6,52.4,33.6,0.3377,1
NIron_SHW_01.18.2026_LS,SHW,1325,28697,478.5,203.6,195.8,59.8,35.9,0.4612,1
NIron_SHW_01.18.2026_LS,SHW,1325,28698,478.52,198.4,195.6,62.8,36.2,0.524,1
NIron_SHW_01.18.2026_LS,SHW,1325,28701,478.57,193.7,202.8,68.0,35.4,0.5474,1
NIron_SHW_01.18.2026_LS,SHW,1325,28702,478.59,187.9,202.5,66.2,34.6,0.4264,1
NIron_SHW_01.18.2026_LS,SHW,1325,28703,478.61,180.0,203.7,61.5,33.6,0.1847,1
NIron_SHW_01.18.2026_LS,SHW,1325,28705,478.64,172.4,207.9,61.6,36.0,0.3434,1
NIron_SHW_01.18.2026_LS,SHW,1325,28706,478.66,169.1,210.2,65.3,37.7,0.5298,1
NIron_SHW_01.18.2026_LS,SHW,1325,28707,478.67,161.7,212.6,71.6,38.8,0.4908,1
NIron_SHW_01.18.2026_LS,SHW,1325,28708,478.69,156.4,212.7,74.8,40.0,0.5086,1
NIron_SHW_01.18.2026_LS,SHW,1325,28709,478.71,153.9,214.5,75.4,40.7,0.4975,1
NIron_SHW_01.18.2026_LS,SHW,1325,28710,478.72,152.6,217.4,73.0,40.9,0.54,1
NIron_SHW_01.18.2026_LS,SHW,1325,28711,478.74,149.3,217.4,71.8,40.4,0.5568,1
NIron_SHW_01.18.2026_LS,SHW,1325,28712,478.76,140.9,218.8,74.5,39.8,0.5486,1
NIron_SHW_01.18.2026_LS,SHW,1325,28713,478.77,132.9,220.1,73.5,39.6,0.5751,1
NIron_SHW_01.18.2026_LS,SHW,1325,28714,478.79,129.7,222.7,74.3,39.9,0.5307,1
NIron_SHW_01.18.2026_LS,SHW,1325,28715,478.81,127.8,224.2,73.7,39.1,0.5389,1
NIron_SHW_01.18.2026_LS,SHW,1325,28716,478.82,121.1,226.1,73.7,39.2,0.5405,1
NIron_SHW_01.18.2026_LS,SHW,1325,28717,478.84,111.5,224.6,68.4,37.6,0.5523,1
NIron_SHW_01.18.2026_LS,SHW,1325,28718,478.86,108.0,226.0,61.0,36.0,0.573,1
NIron_SHW_01.18.2026_LS,SHW,1325,28719,478.87,104.5,228.5,72.1,39.5,0.4946,1
NIron_SHW_01.18.2026_LS,SHW,1325,28720,478.89,104.8,230.3,68.7,40.2,0.22,1
NIron_SHW_01.18.2026_LS,SHW,1325,28721,478.91,95.6,228.9,66.8,38.9,0.4102,1
NIron_SHW_01.18.2026_LS,SHW,1325,28722,478.92,85.3,230.0,68.1,40.6,0.3405,1
NIron_SHW_01.18.2026_LS,SHW,1325,28723,478.94,82.1,232.2,67.6,39.8,0.2591,1
NIron_SHW_01.18.2026_LS,SHW,1325,28725,478.97,74.3,233.7,67.9,37.5,0.2799,1
NIron_SHW_01.18.2026_LS,SHW,1325,28726,478.99,68.9,233.3,67.2,36.6,0.5516,1
NIron_SHW_01.18.2026_LS,SHW,1325,28727,479.01,68.8,234.3,61.4,35.8,0.5375,1
NIron_SHW_01.18.2026_LS,SHW,1325,28728,479.02,66.0,236.6,56.6,35.3,0.3736,1
NIron_SHW_01.18.2026_LS,SHW,1325,28729,479.04,60.0,238.9,51.6,34.8,0.3202,1
NIron_SHW_01.18.2026_LS,SHW,1325,28740,479.22,15.6,253.8,31.1,30.2,0.4075,1
NIron_SHW_01.18.2026_LS,SHW,1326,28699,478.54,267.2,179.6,63.7,37.5,0.5344,1
NIron_SHW_01.18.2026_LS,SHW,1326,28701,478.57,262.7,183.6,49.7,36.3,0.5654,1
NIron_SHW_01.18.2026_LS,SHW,1326,28702,478.59,256.2,185.5,42.1,37.0,0.5551,1
NIron_SHW_01.18.2026_LS,SHW,1326,28703,478.61,253.2,187.5,42.2,36.0,0.5327,1
NIron_SHW_01.18.2026_LS,SHW,1326,28704,478.62,249.6,189.8,41.6,35.4,0.5064,1
NIron_SHW_01.18.2026_LS,SHW,1326,28705,478.64,246.5,191.9,39.8,34.4,0.557,1
NIron_SHW_01.18.2026_LS,SHW,1326,28706,478.66,240.2,193.7,40.4,34.6,0.4106,1
NIron_SHW_01.18.2026_LS,SHW,1326,28707,478.67,233.1,193.3,45.2,36.1,0.5667,1
NIron_SHW_01.18.2026_LS,SHW,1326,28708,478.69,228.5,194.2,45.8,36.1,0.5471,1
NIron_SHW_01.18.2026_LS,SHW,1326,28709,478.71,224.4,196.1,42.3,34.6,0.6373,1
NIron_SHW_01.18.2026_LS,SHW,1326,28713,478.77,205.7,202.7,44.9,36.8,0.5914,1
NIron_SHW_01.18.2026_LS,SHW,1326,28714,478.79,196.2,202.1,44.8,37.0,0.1512,1
NIron_SHW_01.18.2026_LS,SHW,1326,28715,478.81,196.2,203.8,43.1,34.7,0.4765,1
NIron_SHW_01.18.2026_LS,SHW,1326,28716,478.82,195.7,206.8,46.5,37.5,0.5215,1
NIron_SHW_01.18.2026_LS,SHW,1326,28717,478.84,194.6,206.5,44.0,36.0,0.408,1
NIron_SHW_01.18.2026_LS,SHW,1326,28719,478.87,183.6,210.5,43.5,35.2,0.5608,1
NIron_SHW_01.18.2026_LS,SHW,1326,28720,478.89,180.7,211.6,38.0,33.0,0.3006,1
NIron_SHW_01.18.2026_LS,SHW,1326,28721,478.91,177.4,211.4,34.6,31.1,0.4179,1
NIron_SHW_01.18.2026_LS,SHW,1326,28722,478.92,170.9,209.9,37.5,33.7,0.3238,1
NIron_SHW_01.18.2026_LS,SHW,1326,28723,478.94,168.0,209.7,39.9,34.4,0.1922,1
NIron_SHW_01.18.2026_LS,SHW,1326,28752,479.42,53.3,244.4,45.9,32.1,0.5415,1
NIron_SHW_01.18.2026_LS,SHW,1326,28753,479.44,48.1,246.7,42.4,30.0,0.5288,1
NIron_SHW_01.18.2026_LS,SHW,1326,28754,479.46,40.3,246.8,41.6,30.9,0.3476,1
NIron_SHW_01.18.2026_LS,SHW,1326,28755,479.47,37.3,248.3,45.5,32.2,0.3223,1
NIron_SHW_01.18.2026_LS,SHW,1326,28756,479.49,32.6,250.1,44.7,33.7,0.6156,1
NIron_SHW_01.18.2026_LS,SHW,1326,28757,479.51,26.8,251.6,42.9,33.2,0.5371,1
NIron_SHW_01.18.2026_LS,SHW,1326,28758,479.52,27.1,254.1,39.3,32.1,0.5821,1
NIron_SHW_01.18.2026_LS,SHW,1333,28753,479.44,12.5,250.9,25.0,30.7,0.4428,0
NIron_SHW_01.18.2026_LS,SHW,1333,28754,479.46,13.4,251.6,26.7,33.1,0.2562,0
NIron_SHW_01.18.2026_LS,SHW,1333,28759,479.54,12.3,251.5,24.5,35.8,0.652,0
NIron_SHW_01.18.2026_LS,SHW,1333,28760,479.56,12.1,254.2,24.1,37.6,0.5794,0
NIron_SHW_01.18.2026_LS,SHW,1333,28761,479.57,12.5,256.2,25.1,39.1,0.1183,0
NIron_SHW_01.18.2026_LS,SHW,1361,31608,527.04,263.3,177.0,61.9,40.9,0.4906,0
NIron_SHW_01.18.2026_LS,SHW,1361,31609,527.06,251.1,184.2,61.0,40.1,0.6306,0
NIron_SHW_01.18.2026_LS,SHW,1361,31610,527.08,231.3,188.9,64.2,41.1,0.4621,0
NIron_SHW_01.18.2026_LS,SHW,1361,31611,527.09,212.5,196.4,61.7,42.4,0.5836,0
NIron_SHW_01.18.2026_LS,SHW,1361,31612,527.11,189.3,202.8,62.3,43.3,0.5445,0
NIron_SHW_01.18.2026_LS,SHW,1361,31613,527.13,164.8,209.0,59.5,42.0,0.4672,0
NIron_SHW_01.18.2026_LS,SHW,1361,31614,527.14,145.1,213.7,60.4,41.1,0.6482,0
NIron_SHW_01.18.2026_LS,SHW,1361,31615,527.16,130.6,222.2,58.8,40.8,0.6512,0
NIron_SHW_01.18.2026_LS,SHW,1361,31616,527.18,122.3,224.9,59.3,42.6,0.5224,0
NIron_SHW_01.18.2026_LS,SHW,1361,31617,527.19,95.2,230.2,60.4,43.3,0.4103,0
NIron_SHW_01.18.2026_LS,SHW,1361,31618,527.21,75.7,235.2,60.3,43.6,0.4494,0
NIron_SHW_01.18.2026_LS,SHW,1361,31619,527.23,66.9,239.7,59.1,43.4,0.5272,0
NIron_SHW_01.18.2026_LS,SHW,1361,31620,527.24,49.2,246.7,57.4,41.9,0.646,0
NIron_SHW_01.18.2026_LS,SHW,1423,33001,550.27,596.5,146.4,53.2,35.7,0.4692,0
NIron_SHW_01.18.2026_LS,SHW,1423,33002,550.29,593.0,145.2,58.1,37.0,0.1049,0
NIron_SHW_01.18.2026_LS,SHW,1423,33003,550.3,586.4,145.7,59.7,37.4,0.2314,0
NIron_SHW_01.18.2026_LS,SHW,1423,33004,550.32,580.8,147.5,63.0,37.0,0.6055,0
NIron_SHW_01.18.2026_LS,SHW,1423,33005,550.34,581.8,149.5,58.7,37.0,0.3139,0
NIron_SHW_01.18.2026_LS,SHW,1428,33078,551.56,379.0,243.1,60.9,37.2,0.5826,1
NIron_SHW_01.18.2026_LS,SHW,1428,33079,551.57,374.7,243.8,62.5,37.1,0.6105,1
NIron_SHW_01.18.2026_LS,SHW,1428,33080,551.59,372.2,244.7,63.4,38.0,0.6167,1
NIron_SHW_01.18.2026_LS,SHW,1428,33081,551.61,367.0,245.6,62.4,37.8,0.5809,1
NIron_SHW_01.18.2026_LS,SHW,1428,33082,551.62,362.5,246.7,63.3,37.8,0.5173,1
NIron_SHW_01.18.2026_LS,SHW,1428,33083,551.64,358.1,247.9,63.8,37.6,0.636,1
NIron_SHW_01.18.2026_LS,SHW,1428,33084,551.66,355.9,249.5,63.3,37.8,0.622,1
NIron_SHW_01.18.2026_LS,SHW,1428,33085,551.67,351.4,250.7,64.5,37.2,0.5595,1
NIron_SHW_01.18.2026_LS,SHW,1428,33086,551.69,347.1,252.4,58.7,35.5,0.5396,1
NIron_SHW_01.18.2026_LS,SHW,1428,33087,551.71,341.4,254.9,49.3,33.2,0.1895,1
NIron_SHW_01.18.2026_LS,SHW,1428,33090,551.76,330.5,255.0,57.0,36.0,0.3692,1
NIron_SHW_01.18.2026_LS,SHW,1428,33091,551.77,329.0,255.2,59.8,36.9,0.5018,1
NIron_SHW_01.18.2026_LS,SHW,1428,33092,551.79,328.2,256.5,58.6,37.2,0.474,1
NIron_SHW_01.18.2026_LS,SHW,1428,33093,551.81,326.5,257.1,51.9,36.7,0.4977,1
NIron_SHW_01.18.2026_LS,SHW,1428,33094,551.82,319.3,258.9,46.4,34.8,0.4323,1
NIron_SHW_01.18.2026_LS,SHW,1428,33095,551.84,316.2,260.4,44.2,33.4,0.499,1
NIron_SHW_01.18.2026_LS,SHW,1428,33096,551.86,315.8,262.4,42.4,33.3,0.4997,1
NIron_SHW_01.18.2026_LS,SHW,1428,33097,551.87,314.9,263.5,43.1,34.2,0.384,1
NIron_SHW_01.18.2026_LS,SHW,1428,33100,551.92,305.6,265.9,51.6,35.5,0.3945,1
NIron_SHW_01.18.2026_LS,SHW,1428,33101,551.94,300.0,267.2,46.4,33.9,0.178,1
NIron_SHW_01.18.2026_LS,SHW,1428,33102,551.96,298.4,267.6,41.4,34.2,0.2352,1
NIron_SHW_01.18.2026_LS,SHW,1428,33103,551.97,296.6,267.2,37.9,33.5,0.1965,1
NIron_SHW_01.18.2026_LS,SHW,1428,33104,551.99,291.8,265.8,49.2,35.4,0.6518,1
NIron_SHW_01.18.2026_LS,SHW,1428,33105,552.01,289.5,266.8,50.9,35.9,0.4023,1
NIron_SHW_01.18.2026_LS,SHW,1428,33106,552.02,284.9,270.0,47.6,34.1,0.4108,1
NIron_SHW_01.18.2026_LS,SHW,1428,33108,552.06,275.7,268.8,52.2,35.6,0.3209,1
NIron_SHW_01.18.2026_LS,SHW,1428,33109,552.07,265.5,269.1,45.6,33.7,0.1314,1
NIron_SHW_01.18.2026_LS,SHW,1428,33110,552.09,270.7,269.0,50.3,34.3,0.2319,1
NIron_SHW_01.18.2026_LS,SHW,1428,33111,552.11,271.7,270.3,56.8,36.5,0.3519,1
NIron_SHW_01.18.2026_LS,SHW,1428,33112,552.12,268.7,271.2,59.1,37.0,0.221,1
NIron_SHW_01.18.2026_LS,SHW,1428,33113,552.14,266.5,273.8,53.6,36.0,0.2419,1
NIron_SHW_01.18.2026_LS,SHW,1428,33117,552.21,257.1,279.7,54.2,36.8,0.3111,1
NIron_SHW_01.18.2026_LS,SHW,1432,33111,552.11,215.4,283.0,60.2,36.4,0.4349,0
NIron_SHW_01.18.2026_LS,SHW,1432,33112,552.12,211.4,282.9,57.9,36.2,0.2002,0
NIron_SHW_01.18.2026_LS,SHW,1432,33113,552.14,203.2,285.4,57.2,37.3,0.5883,0
NIron_SHW_01.18.2026_LS,SHW,1432,33114,552.16,199.9,287.2,47.9,34.9,0.4917,0
NIron_SHW_01.18.2026_LS,SHW,1432,33115,552.17,198.8,287.2,45.5,34.7,0.3275,0
NIron_SHW_01.18.2026_LS,SHW,1432,33116,552.19,195.0,289.3,49.8,35.5,0.1717,0
NIron_SHW_01.18.2026_LS,SHW,1447,34254,571.16,483.1,197.5,59.7,35.5,0.6156,1
NIron_SHW_01.18.2026_LS,SHW,1447,34255,571.18,475.7,199.1,58.5,34.4,0.4896,1
NIron_SHW_01.18.2026_LS,SHW,1447,34256,571.2,466.2,201.2,52.2,33.1,0.1219,1
NIron_SHW_01.18.2026_LS,SHW,1447,34257,571.21,457.7,202.2,52.1,32.3,0.5319,1
NIron_SHW_01.18.2026_LS,SHW,1447,34258,571.23,446.8,204.4,53.7,32.7,0.5851,1
NIron_SHW_01.18.2026_LS,SHW,1447,34259,571.25,437.5,206.6,52.7,32.7,0.5425,1
NIron_SHW_01.18.2026_LS,SHW,1447,34260,571.26,425.1,209.4,55.8,34.0,0.4981,1
NIron_SHW_01.18.2026_LS,SHW,1447,34261,571.28,419.5,210.4,54.2,33.0,0.521,1
NIron_SHW_01.18.2026_LS,SHW,1447,34262,571.3,410.3,211.6,51.7,31.5,0.5484,1
NIron_SHW_01.18.2026_LS,SHW,1447,34263,571.31,398.8,214.4,54.3,33.4,0.5413,1
NIron_SHW_01.18.2026_LS,SHW,1447,34264,571.33,391.1,215.7,53.7,33.0,0.4858,1
NIron_SHW_01.18.2026_LS,SHW,1447,34265,571.35,379.8,216.7,51.0,32.2,0.6117,1
NIron_SHW_01.18.2026_LS,SHW,1447,34266,571.36,367.9,219.0,53.3,32.5,0.6033,1
NIron_SHW_01.18.2026_LS,SHW,1447,34267,571.38,358.0,220.4,53.7,32.0,0.5069,1
NIron_SHW_01.18.2026_LS,SHW,1447,34268,571.4,350.8,222.8,48.9,32.0,0.5645,1
NIron_SHW_01.18.2026_LS,SHW,1447,34269,571.41,342.8,223.7,47.5,31.7,0.4702,1
NIron_SHW_01.18.2026_LS,SHW,1447,34270,571.43,329.1,226.2,45.6,31.5,0.5154,1
NIron_SHW_01.18.2026_LS,SHW,1447,34271,571.45,319.5,227.5,45.8,31.2,0.5721,1
NIron_SHW_01.18.2026_LS,SHW,1447,34272,571.46,311.6,229.5,48.9,31.9,0.5773,1
NIron_SHW_01.18.2026_LS,SHW,1447,34273,571.48,306.1,230.9,50.8,31.5,0.5989,1
NIron_SHW_01.18.2026_LS,SHW,1447,34274,571.5,294.4,233.6,49.7,30.4,0.5847,1
NIron_SHW_01.18.2026_LS,SHW,1447,34275,571.51,285.0,236.1,53.7,32.0,0.5678,1
NIron_SHW_01.18.2026_LS,SHW,1447,34276,571.53,275.5,239.7,58.1,35.0,0.5827,1
NIron_SHW_01.18.2026_LS,SHW,1447,34277,571.55,266.6,242.8,60.4,35.6,0.5828,1
NIron_SHW_01.18.2026_LS,SHW,1447,34278,571.56,254.9,246.7,61.4,35.8,0.6378,1
NIron_SHW_01.18.2026_LS,SHW,1447,34279,571.58,244.8,249.3,59.5,35.3,0.612,1
NIron_SHW_01.18.2026_LS,SHW,1447,34280,571.6,233.2,252.7,56.4,35.2,0.5945,1
NIron_SHW_01.18.2026_LS,SHW,1447,34281,571.61,223.9,256.5,52.2,35.6,0.6572,1
NIron_SHW_01.18.2026_LS,SHW,1447,34282,571.63,214.9,259.7,56.6,36.1,0.6309,1
NIron_SHW_01.18.2026_LS,SHW,1447,34283,571.65,211.8,259.9,55.6,34.6,0.3853,1
NIron_SHW_01.18.2026_LS,SHW,1447,34284,571.66,198.5,263.4,54.4,34.9,0.1337,1
NIron_SHW_01.18.2026_LS,SHW,1447,34285,571.68,185.4,265.2,54.9,34.3,0.5546,1
NIron_SHW_01.18.2026_LS,SHW,1447,34286,571.7,175.7,267.9,57.4,34.6,0.4933,1
NIron_SHW_01.18.2026_LS,SHW,1447,34287,571.71,166.7,271.2,55.3,34.2,0.268,1
NIron_SHW_01.18.2026_LS,SHW,1447,34289,571.75,144.3,276.4,46.7,33.0,0.2706,1
NShelbyRd(green)_SHB_12.11.2025,SHB,1461,581,9.7,605.8,35.0,33.6,25.9,0.6696,1
NShelbyRd(green)_SHB_12.11.2025,SHB,1461,582,9.72,602.8,38.8,35.6,31.3,0.5758,1
NShelbyRd(green)_SHB_12.11.2025,SHB,1461,583,9.73,600.5,35.3,36.3,28.5,0.5978,1
NShelbyRd(green)_SHB_12.11.2025,SHB,1461,584,9.75,597.8,35.5,36.6,27.5,0.7108,1
NShelbyRd(green)_SHB_12.11.2025,SHB,1461,585,9.77,595.6,35.9,36.8,27.7,0.5833,1
NShelbyRd(green)_SHB_12.11.2025,SHB,1461,586,9.78,593.9,36.1,36.9,29.5,0.6335,1
NShelbyRd(green)_SHB_12.11.2025,SHB,1461,587,9.8,592.2,37.1,38.0,31.2,0.6173,1
NShelbyRd(green)_SHB_12.11.2025,SHB,1461,588,9.82,590.0,37.6,39.3,34.6,0.1368,1
NShelbyRd(green)_SHB_12.11.2025,SHB,1461,589,9.84,587.9,38.3,39.2,34.5,0.573,1
NShelbyRd(green)_SHB_12.11.2025,SHB,1461,590,9.85,584.9,37.5,40.2,34.4,0.2593,1
NShelbyRd(green)_SHB_12.11.2025,SHB,1461,591,9.87,582.7,36.8,40.4,32.4,0.352,1
NShelbyRd(green)_SHB_12.11.2025,SHB,1461,594,9.92,575.8,39.0,41.9,34.7,0.444,1
NShelbyRd(green)_SHB_12.11.2025,SHB,1461,595,9.94,573.2,39.2,43.7,35.7,0.1192,1
NShelbyRd(green)_SHB_12.11.2025,SHB,1461,597,9.97,567.2,38.9,43.7,33.4,0.2819,1
NShelbyRd(green)_SHB_12.11.2025,SHB,1461,620,10.35,516.2,44.7,39.8,38.3,0.442,1
NShelbyRd(green)_SHB_12.11.2025,SHB,1461,621,10.37,515.7,42.3,39.3,32.7,0.3907,1
NShelbyRd(green)_SHB_12.11.2025,SHB,1461,622,10.39,513.2,40.8,39.0,28.4,0.2034,1
NShelbyRd(green)_SHB_12.11.2025,SHB,1461,623,10.4,510.3,40.0,37.8,25.6,0.1423,1
NShelbyRd(green)_SHB_12.11.2025,SHB,1465,661,11.04,301.4,75.5,25.6,21.1,0.5446,1
NShelbyRd(green)_SHB_12.11.2025,SHB,1465,663,11.07,296.2,76.9,24.9,19.6,0.3279,1
NShelbyRd(green)_SHB_12.11.2025,SHB,1465,668,11.15,282.8,79.5,26.5,19.1,0.3214,1
NShelbyRd(green)_SHB_12.11.2025,SHB,1465,685,11.44,233.9,86.3,26.7,22.4,0.4569,1
NShelbyRd(green)_SHB_12.11.2025,SHB,1465,687,11.47,227.0,85.8,26.5,21.0,0.2525,1
NShelbyRd(green)_SHB_12.11.2025,SHB,1465,688,11.49,224.1,85.0,27.3,20.8,0.1287,1
NShelbyRd(green)_SHB_12.11.2025,SHB,1465,689,11.5,221.6,85.4,29.2,22.1,0.2146,1
NShelbyRd(green)_SHB_12.11.2025,SHB,1465,691,11.54,217.4,86.0,32.2,24.7,0.287,1
NShelbyRd(green)_SHB_12.11.2025,SHB,1465,692,11.55,214.8,85.9,32.3,25.1,0.4968,1
NShelbyRd(green)_SHB_12.11.2025,SHB,1465,693,11.57,209.5,85.4,30.0,22.1,0.3615,1
NShelbyRd(green)_SHB_12.11.2025,SHB,1473,708,11.82,176.6,91.1,23.2,18.0,0.5098,1
NShelbyRd(green)_SHB_12.11.2025,SHB,1473,709,11.84,174.3,91.5,22.3,16.7,0.4581,1
NShelbyRd(green)_SHB_12.11.2025,SHB,1473,710,11.86,170.1,92.4,21.3,15.4,0.1144,1
NShelbyRd(green)_SHB_12.11.2025,SHB,1473,713,11.91,161.2,92.5,23.5,17.8,0.519,1
NShelbyRd(green)_SHB_12.11.2025,SHB,1473,714,11.92,158.6,93.1,23.9,18.1,0.5028,1
NShelbyRd(green)_SHB_12.11.2025,SHB,1473,715,11.94,155.2,93.0,23.5,17.7,0.4858,1
NShelbyRd(green)_SHB_12.11.2025,SHB,1473,716,11.96,151.3,94.0,23.6,18.1,0.627,1
NShelbyRd(green)_SHB_12.11.2025,SHB,1473,717,11.97,148.7,94.7,24.0,18.8,0.5123,1
NShelbyRd(green)_SHB_12.11.2025,SHB,1473,718,11.99,145.2,95.1,24.3,18.9,0.6812,1
NShelbyRd(green)_SHB_12.11.2025,SHB,1473,719,12.01,142.2,95.7,23.9,18.9,0.7016,1
NShelbyRd(green)_SHB_12.11.2025,SHB,1473,720,12.02,139.1,96.5,23.5,19.1,0.7167,1
NShelbyRd(green)_SHB_12.11.2025,SHB,1473,721,12.04,136.1,96.6,23.5,19.0,0.7079,1
NShelbyRd(green)_SHB_12.11.2025,SHB,1473,722,12.06,133.4,97.1,22.8,18.5,0.6443,1
NShelbyRd(green)_SHB_12.11.2025,SHB,1473,723,12.07,130.1,96.5,23.4,19.1,0.5953,1
NShelbyRd(green)_SHB_12.11.2025,SHB,1473,724,12.09,126.7,96.7,23.8,19.7,0.661,1
NShelbyRd(green)_SHB_12.11.2025,SHB,1473,725,12.11,123.9,97.0,23.0,19.0,0.6178,1
NShelbyRd(green)_SHB_12.11.2025,SHB,1473,726,12.12,119.9,96.4,22.7,19.0,0.6672,1
NShelbyRd(green)_SHB_12.11.2025,SHB,1473,727,12.14,116.3,96.7,22.5,19.6,0.6837,1
NShelbyRd(green)_SHB_12.11.2025,SHB,1473,728,12.16,113.0,97.5,21.1,18.0,0.6896,1
NShelbyRd(green)_SHB_12.11.2025,SHB,1473,729,12.17,109.3,97.9,21.7,18.1,0.6732,1
NShelbyRd(green)_SHB_12.11.2025,SHB,1473,730,12.19,105.0,97.7,22.6,18.5,0.2009,1
NShelbyRd(green)_SHB_12.11.2025,SHB,1473,733,12.24,104.1,98.6,21.0,18.0,0.6897,1
NShelbyRd(green)_SHB_12.11.2025,SHB,1473,734,12.26,102.0,98.7,21.0,17.3,0.681,1
NShelbyRd(green)_SHB_12.11.2025,SHB,1473,735,12.27,98.4,99.2,21.3,17.9,0.6504,1
NShelbyRd(green)_SHB_12.11.2025,SHB,1476,759,12.67,28.8,98.6,28.1,17.8,0.566,0
NShelbyRd(green)_SHB_12.11.2025,SHB,1476,760,12.69,25.9,97.9,27.9,17.0,0.4061,0
NShelbyRd(green)_SHB_12.11.2025,SHB,1476,761,12.71,24.5,98.2,26.8,16.2,0.2559,0
NShelbyRd(green)_SHB_12.11.2025,SHB,1476,762,12.72,21.5,96.8,25.3,15.6,0.4419,0
NShelbyRd(green)_SHB_12.11.2025,SHB,1476,763,12.74,19.0,98.1,25.5,15.7,0.2034,0
NShelbyRd(green)_SHB_12.11.2025,SHB,1476,764,12.76,16.7,98.1,25.0,15.4,0.2797,0
NShelbyRd(green)_SHB_12.11.2025,SHB,1476,765,12.77,14.5,97.7,24.7,15.3,0.2175,0
NShelbyRd(green)_SHB_12.11.2025,SHB,1476,770,12.86,6.5,96.7,13.0,15.2,0.4355,0
NShelbyRd(green)_SHB_12.11.2025,SHB,1476,771,12.87,4.9,97.2,9.7,14.7,0.297,0
NShelbyRd(green)_SHB_12.11.2025,SHB,1481,910,15.2,626.9,56.2,25.4,20.5,0.5057,0
NShelbyRd(green)_SHB_12.11.2025,SHB,1481,914,15.26,622.5,55.6,25.0,19.6,0.3838,0
NShelbyRd(green)_SHB_12.11.2025,SHB,1481,915,15.28,620.4,55.5,23.6,19.5,0.4892,0
NShelbyRd(green)_SHB_12.11.2025,SHB,1481,916,15.3,617.0,55.6,24.5,19.4,0.436,0
NShelbyRd(green)_SHB_12.11.2025,SHB,1481,917,15.31,615.4,56.2,24.9,18.8,0.5429,0
NShelbyRd(green)_SHB_12.11.2025,SHB,1481,918,15.33,614.6,56.4,24.2,17.2,0.4504,0
NShelbyRd(green)_SHB_12.11.2025,SHB,1482,951,15.88,560.7,29.1,26.8,22.5,0.4581,0
NShelbyRd(green)_SHB_12.11.2025,SHB,1482,952,15.9,558.9,28.1,28.5,23.7,0.3412,0
NShelbyRd(green)_SHB_12.11.2025,SHB,1482,953,15.91,556.5,25.9,29.2,24.6,0.2648,0
NShelbyRd(green)_SHB_12.11.2025,SHB,1482,954,15.93,554.9,24.8,27.4,22.7,0.1543,0
NShelbyRd(green)_SHB_12.11.2025,SHB,1482,955,15.95,554.5,22.4,27.5,22.7,0.1943,0
NShelbyRd(green)_SHB_12.11.2025,SHB,1483,987,16.48,496.5,12.2,36.3,22.7,0.4356,0
NShelbyRd(green)_SHB_12.11.2025,SHB,1483,988,16.5,495.1,13.3,35.1,23.2,0.3145,0
NShelbyRd(green)_SHB_12.11.2025,SHB,1483,989,16.51,494.2,14.4,31.1,23.7,0.3413,0
NShelbyRd(green)_SHB_12.11.2025,SHB,1483,990,16.53,492.4,14.8,31.2,24.2,0.3276,0
NShelbyRd(green)_SHB_12.11.2025,SHB,1483,991,16.55,490.7,15.4,32.6,24.6,0.452,0
NShelbyRd(green)_SHB_12.11.2025,SHB,1483,992,16.56,491.1,16.2,35.1,25.4,0.4625,0
NShelbyRd(green)_SHB_12.11.2025,SHB,1483,993,16.58,489.6,16.9,34.6,25.5,0.3779,0
NShelbyRd(green)_SHB_12.11.2025,SHB,1483,994,16.6,487.3,18.7,33.5,25.3,0.4158,0
NShelbyRd(green)_SHB_12.11.2025,SHB,1483,996,16.63,483.3,24.3,31.0,24.1,0.3362,0
NShelbyRd(green)_SHB_12.11.2025,SHB,1483,997,16.65,481.7,26.1,32.1,24.3,0.4434,0
NShelbyRd(green)_SHB_12.11.2025,SHB,1483,998,16.66,478.2,28.3,31.4,24.7,0.4621,0
NShelbyRd(green)_SHB_12.11.2025,SHB,1483,999,16.68,475.5,29.8,30.0,24.2,0.4603,0
NShelbyRd(green)_SHB_12.11.2025,SHB,1483,1000,16.7,472.3,31.3,29.2,23.9,0.4868,0
NShelbyRd(green)_SHB_12.11.2025,SHB,1483,1001,16.71,471.3,32.1,29.2,23.6,0.5918,0
NShelbyRd(green)_SHB_12.11.2025,SHB,1483,1002,16.73,469.2,33.6,28.4,23.6,0.2946,0
NShelbyRd(green)_SHB_12.11.2025,SHB,1487,1067,17.82,349.4,40.5,26.6,20.5,0.4439,1
NShelbyRd(green)_SHB_12.11.2025,SHB,1487,1068,17.83,348.0,41.6,26.9,21.1,0.3794,1
NShelbyRd(green)_SHB_12.11.2025,SHB,1487,1069,17.85,346.2,41.2,28.5,22.0,0.5935,1
NShelbyRd(green)_SHB_12.11.2025,SHB,1487,1070,17.87,344.1,41.6,28.0,21.9,0.5715,1
NShelbyRd(green)_SHB_12.11.2025,SHB,1487,1071,17.88,342.5,42.1,27.7,21.5,0.3416,1
NShelbyRd(green)_SHB_12.11.2025,SHB,1487,1080,18.03,330.1,45.5,36.0,24.7,0.5359,1
NShelbyRd(green)_SHB_12.11.2025,SHB,1487,1081,18.05,326.9,45.5,34.3,24.3,0.5885,1
NShelbyRd(green)_SHB_12.11.2025,SHB,1487,1082,18.07,324.9,46.3,32.9,24.0,0.5261,1
NShelbyRd(green)_SHB_12.11.2025,SHB,1487,1083,18.08,322.3,47.4,31.6,23.5,0.4596,1
NShelbyRd(green)_SHB_12.11.2025,SHB,1487,1084,18.1,322.3,47.2,33.1,23.8,0.5875,1
NShelbyRd(green)_SHB_12.11.2025,SHB,1487,1085,18.12,321.4,47.6,35.2,25.2,0.5288,1
NShelbyRd(green)_SHB_12.11.2025,SHB,1487,1086,18.13,320.7,47.9,37.5,25.9,0.4677,1
NShelbyRd(green)_SHB_12.11.2025,SHB,1487,1087,18.15,320.3,47.6,40.1,26.7,0.4167,1
NShelbyRd(green)_SHB_12.11.2025,SHB,1487,1088,18.17,319.0,47.2,41.1,26.9,0.372,1
NShelbyRd(green)_SHB_12.11.2025,SHB,1491,1104,18.43,283.5,35.9,29.8,21.4,0.3429,1
NShelbyRd(green)_SHB_12.11.2025,SHB,1491,1105,18.45,281.9,34.9,30.6,22.4,0.2757,1
NShelbyRd(green)_SHB_12.11.2025,SHB,1491,1107,18.48,275.6,33.1,29.2,20.4,0.3823,1
NShelbyRd(green)_SHB_12.11.2025,SHB,1491,1127,18.82,241.9,15.1,27.0,19.4,0.4905,1
NShelbyRd(green)_SHB_12.11.2025,SHB,1491,1128,18.84,242.1,13.9,30.0,20.5,0.4283,1
NShelbyRd(green)_SHB_12.11.2025,SHB,1491,1129,18.85,241.5,13.4,30.2,19.8,0.1719,1
NShelbyRd(green)_SHB_12.11.2025,SHB,1491,1130,18.87,239.8,12.8,29.2,20.3,0.1105,1
NShelbyRd(green)_SHB_12.11.2025,SHB,1491,1134,18.94,234.7,12.6,29.7,19.0,0.4717,1
NShelbyRd(green)_SHB_12.11.2025,SHB,1491,1135,18.95,233.1,13.1,29.9,18.7,0.1042,1
NShelbyRd(green)_SHB_12.11.2025,SHB,1491,1136,18.97,229.1,12.9,27.7,18.6,0.2888,1
NShelbyRd(green)_SHB_12.11.2025,SHB,1493,1147,19.15,214.8,17.0,38.5,27.7,0.4264,0
NShelbyRd(green)_SHB_12.11.2025,SHB,1493,1148,19.17,214.4,16.9,38.9,27.5,0.5261,0
NShelbyRd(green)_SHB_12.11.2025,SHB,1493,1149,19.19,214.4,17.4,42.4,27.5,0.3994,0
NShelbyRd(green)_SHB_12.11.2025,SHB,1493,1150,19.2,214.6,18.4,44.2,28.3,0.1371,0
NShelbyRd(green)_SHB_12.11.2025,SHB,1498,1210,20.2,143.4,47.5,36.8,30.0,0.4025,0
NShelbyRd(green)_SHB_12.11.2025,SHB,1498,1211,20.22,144.9,47.1,39.3,29.6,0.4204,0
NShelbyRd(green)_SHB_12.11.2025,SHB,1498,1212,20.24,144.6,47.4,39.1,28.1,0.4612,0
NShelbyRd(green)_SHB_12.11.2025,SHB,1498,1213,20.25,139.2,46.7,33.8,26.4,0.3786,0
NShelbyRd(green)_SHB_12.11.2025,SHB,1498,1214,20.27,138.5,47.1,33.3,25.4,0.3198,0
NShelbyRd(green)_SHB_12.11.2025,SHB,1498,1215,20.29,136.6,46.6,34.6,25.1,0.3888,0
NShelbyRd(green)_SHB_12.11.2025,SHB,1498,1216,20.3,136.0,46.0,34.4,24.7,0.3935,0
NShelbyRd(green)_SHB_12.11.2025,SHB,1498,1217,20.32,133.8,45.4,32.2,23.9,0.245,0
NatureTrail_TON_12.03.25_LS,TON,1589,2681,44.7,450.6,264.5,33.7,33.9,0.4946,1
NatureTrail_TON_12.03.25_LS,TON,1589,2682,44.72,445.3,263.7,35.3,36.9,0.4171,1
NatureTrail_TON_12.03.25_LS,TON,1589,2683,44.74,440.9,264.8,37.3,35.0,0.4253,1
NatureTrail_TON_12.03.25_LS,TON,1589,2684,44.75,434.0,267.7,39.9,36.7,0.5321,1
NatureTrail_TON_12.03.25_LS,TON,1589,2685,44.77,430.4,266.3,36.7,35.9,0.6159,1
NatureTrail_TON_12.03.25_LS,TON,1589,2686,44.79,427.1,262.4,36.0,35.0,0.5548,1
NatureTrail_TON_12.03.25_LS,TON,1589,2687,44.8,422.6,262.8,36.9,35.2,0.6016,1
NatureTrail_TON_12.03.25_LS,TON,1589,2688,44.82,416.9,262.3,39.1,36.0,0.584,1
NatureTrail_TON_12.03.25_LS,TON,1589,2689,44.84,413.6,261.5,37.1,35.5,0.6738,1
NatureTrail_TON_12.03.25_LS,TON,1589,2690,44.85,408.8,262.4,40.2,37.1,0.5475,1
NatureTrail_TON_12.03.25_LS,TON,1589,2691,44.87,404.0,263.4,36.3,34.8,0.5265,1
NatureTrail_TON_12.03.25_LS,TON,1589,2692,44.89,399.5,263.9,36.9,34.7,0.501,1
NatureTrail_TON_12.03.25_LS,TON,1589,2693,44.9,399.3,263.3,35.7,32.6,0.5873,1
NatureTrail_TON_12.03.25_LS,TON,1589,2694,44.92,397.6,262.6,33.4,31.3,0.5418,1
NatureTrail_TON_12.03.25_LS,TON,1589,2695,44.94,398.7,261.6,32.8,30.4,0.2112,1
NatureTrail_TON_12.03.25_LS,TON,1589,2702,45.05,369.0,264.2,32.8,27.6,0.6476,1
NatureTrail_TON_12.03.25_LS,TON,1589,2703,45.07,365.0,264.5,32.1,27.1,0.5208,1
NatureTrail_TON_12.03.25_LS,TON,1589,2704,45.09,358.8,265.2,29.8,25.9,0.4688,1
NatureTrail_TON_12.03.25_LS,TON,1589,2705,45.1,354.5,265.7,29.8,25.0,0.3957,1
NatureTrail_TON_12.03.25_LS,TON,1589,2708,45.15,338.6,268.3,27.7,24.4,0.6301,1
NatureTrail_TON_12.03.25_LS,TON,1589,2734,45.59,223.4,278.1,33.5,31.6,0.5873,1
NatureTrail_TON_12.03.25_LS,TON,1589,2735,45.6,219.6,277.3,34.3,31.4,0.5764,1
NatureTrail_TON_12.03.25_LS,TON,1589,2736,45.62,216.3,279.2,32.3,30.9,0.6349,1
NatureTrail_TON_12.03.25_LS,TON,1589,2737,45.64,209.5,281.2,32.9,30.7,0.5311,1
NatureTrail_TON_12.03.25_LS,TON,1589,2738,45.65,206.5,279.9,32.5,30.0,0.4263,1
NatureTrail_TON_12.03.25_LS,TON,1589,2739,45.67,200.3,282.7,34.3,30.0,0.429,1
NatureTrail_TON_12.03.25_LS,TON,1589,2740,45.69,197.5,283.3,36.7,30.8,0.1709,1
NatureTrail_TON_12.03.25_LS,TON,1589,2743,45.74,189.1,282.6,35.6,30.2,0.6574,1
NatureTrail_TON_12.03.25_LS,TON,1589,2744,45.75,184.5,283.4,35.9,30.3,0.6341,1
NatureTrail_TON_12.03.25_LS,TON,1589,2745,45.77,181.8,283.7,35.9,31.2,0.6369,1
NatureTrail_TON_12.03.25_LS,TON,1589,2746,45.79,177.8,284.5,33.7,30.0,0.7242,1
NatureTrail_TON_12.03.25_LS,TON,1589,2747,45.8,173.6,282.4,33.9,30.2,0.665,1
NatureTrail_TON_12.03.25_LS,TON,1589,2748,45.82,170.9,283.0,34.2,30.1,0.6383,1
NatureTrail_TON_12.03.25_LS,TON,1589,2749,45.84,167.6,282.2,34.8,29.8,0.6683,1
NatureTrail_TON_12.03.25_LS,TON,1589,2750,45.85,162.8,282.8,33.4,29.3,0.6212,1
NatureTrail_TON_12.03.25_LS,TON,1589,2751,45.87,159.4,282.7,35.6,30.3,0.5162,1
NatureTrail_TON_12.03.25_LS,TON,1589,2752,45.89,154.8,283.2,36.3,30.5,0.3408,1
NatureTrail_TON_12.03.25_LS,TON,1589,2753,45.9,152.6,281.7,35.7,30.6,0.1795,1
NatureTrail_TON_12.03.25_LS,TON,1589,2754,45.92,147.7,279.8,35.8,31.3,0.1939,1
NatureTrail_TON_12.03.25_LS,TON,1589,2757,45.97,136.3,278.0,34.6,28.9,0.3704,1
NatureTrail_TON_12.03.25_LS,TON,1589,2760,46.02,125.6,270.9,34.5,27.6,0.5411,1
NatureTrail_TON_12.03.25_LS,TON,1589,2761,46.04,121.3,268.7,34.3,27.6,0.5272,1
NatureTrail_TON_12.03.25_LS,TON,1589,2762,46.05,115.1,265.3,35.6,28.5,0.2332,1
NatureTrail_TON_12.03.25_LS,TON,1592,2696,44.95,556.7,270.6,36.8,35.8,0.3995,1
NatureTrail_TON_12.03.25_LS,TON,1592,2697,44.97,548.0,269.3,41.1,34.7,0.5101,1
NatureTrail_TON_12.03.25_LS,TON,1592,2698,44.99,543.0,268.6,43.3,33.6,0.4249,1
NatureTrail_TON_12.03.25_LS,TON,1592,2699,45.0,536.9,268.4,44.2,32.4,0.1656,1
NatureTrail_TON_12.03.25_LS,TON,1592,2700,45.02,534.1,270.6,41.6,31.6,0.1804,1
NatureTrail_TON_12.03.25_LS,TON,1592,2701,45.04,521.4,271.1,39.2,32.6,0.55,1
NatureTrail_TON_12.03.25_LS,TON,1592,2702,45.05,514.6,271.9,38.1,32.6,0.4836,1
NatureTrail_TON_12.03.25_LS,TON,1592,2703,45.07,509.1,272.1,36.7,32.5,0.6327,1
NatureTrail_TON_12.03.25_LS,TON,1592,2704,45.09,503.4,272.7,33.7,31.9,0.612,1
NatureTrail_TON_12.03.25_LS,TON,1592,2705,45.1,499.2,274.4,34.0,30.5,0.5698,1
NatureTrail_TON_12.03.25_LS,TON,1592,2706,45.12,494.7,275.1,35.7,30.9,0.5946,1
NatureTrail_TON_12.03.25_LS,TON,1592,2707,45.14,489.0,276.2,37.5,32.2,0.297,1
NatureTrail_TON_12.03.25_LS,TON,1592,2708,45.15,483.6,276.0,35.5,29.9,0.5697,1
NatureTrail_TON_12.03.25_LS,TON,1592,2709,45.17,479.7,276.8,37.0,31.3,0.625,1
NatureTrail_TON_12.03.25_LS,TON,1592,2710,45.19,473.8,276.2,35.9,29.6,0.6202,1
NatureTrail_TON_12.03.25_LS,TON,1592,2711,45.2,469.1,275.5,35.0,28.3,0.6459,1
NatureTrail_TON_12.03.25_LS,TON,1592,2712,45.22,466.7,274.0,35.8,29.4,0.7123,1
NatureTrail_TON_12.03.25_LS,TON,1592,2713,45.24,459.6,276.4,38.4,31.4,0.124,1
NatureTrail_TON_12.03.25_LS,TON,1592,2714,45.25,456.3,277.7,39.5,32.4,0.217,1
NatureTrail_TON_12.03.25_LS,TON,1592,2716,45.29,446.4,279.1,39.2,32.7,0.5116,1
NatureTrail_TON_12.03.25_LS,TON,1592,2717,45.3,441.7,278.5,39.8,32.9,0.2646,1
NatureTrail_TON_12.03.25_LS,TON,1592,2719,45.34,433.8,277.4,43.2,34.8,0.2809,1
NatureTrail_TON_12.03.25_LS,TON,1592,2720,45.35,429.9,278.9,42.3,33.6,0.3806,1
NatureTrail_TON_12.03.25_LS,TON,1592,2721,45.37,424.3,278.4,38.9,32.8,0.5448,1
NatureTrail_TON_12.03.25_LS,TON,1592,2722,45.39,421.8,278.9,38.4,33.1,0.4466,1
NatureTrail_TON_12.03.25_LS,TON,1592,2723,45.4,420.4,281.0,38.6,33.2,0.1524,1
NatureTrail_TON_12.03.25_LS,TON,1592,2726,45.45,408.0,283.2,38.3,32.2,0.2773,1
NatureTrail_TON_12.03.25_LS,TON,1592,2727,45.47,403.2,281.7,40.4,33.5,0.2908,1
NatureTrail_TON_12.03.25_LS,TON,1592,2728,45.49,397.6,282.2,40.7,32.9,0.5702,1
NatureTrail_TON_12.03.25_LS,TON,1592,2729,45.5,388.6,282.0,40.8,34.2,0.2987,1
NatureTrail_TON_12.03.25_LS,TON,1592,2730,45.52,386.2,281.2,41.5,34.6,0.4503,1
NatureTrail_TON_12.03.25_LS,TON,1592,2731,45.54,383.0,282.4,40.7,35.6,0.585,1
NatureTrail_TON_12.03.25_LS,TON,1592,2732,45.55,378.2,283.5,41.4,35.7,0.4083,1
NatureTrail_TON_12.03.25_LS,TON,1592,2733,45.57,374.3,282.8,40.3,34.1,0.3449,1
NatureTrail_TON_12.03.25_LS,TON,1592,2734,45.59,370.2,286.5,38.3,34.3,0.4038,1
NatureTrail_TON_12.03.25_LS,TON,1592,2735,45.6,366.5,283.6,36.1,32.8,0.5239,1
NatureTrail_TON_12.03.25_LS,TON,1592,2736,45.62,362.4,283.6,38.2,32.7,0.4916,1
NatureTrail_TON_12.03.25_LS,TON,1592,2737,45.64,357.9,286.0,37.3,32.7,0.6263,1
NatureTrail_TON_12.03.25_LS,TON,1592,2738,45.65,354.4,284.2,38.6,34.4,0.5495,1
NatureTrail_TON_12.03.25_LS,TON,1592,2739,45.67,349.6,285.0,36.6,33.5,0.4068,1
NatureTrail_TON_12.03.25_LS,TON,1592,2740,45.69,344.6,285.8,38.0,32.6,0.604,1
NatureTrail_TON_12.03.25_LS,TON,1592,2741,45.7,340.7,285.0,38.1,33.3,0.6338,1
NatureTrail_TON_12.03.25_LS,TON,1592,2742,45.72,335.2,287.0,40.6,35.8,0.4836,1
NatureTrail_TON_12.03.25_LS,TON,1592,2743,45.74,329.6,287.1,37.1,33.1,0.4979,1
NatureTrail_TON_12.03.25_LS,TON,1592,2744,45.75,327.3,284.8,38.9,34.4,0.6408,1
NatureTrail_TON_12.03.25_LS,TON,1592,2745,45.77,324.5,285.5,38.8,34.0,0.5699,1
NatureTrail_TON_12.03.25_LS,TON,1592,2746,45.79,321.0,285.4,39.1,34.5,0.6011,1
NatureTrail_TON_12.03.25_LS,TON,1592,2747,45.8,316.4,283.1,39.4,34.2,0.6486,1
NatureTrail_TON_12.03.25_LS,TON,1592,2748,45.82,313.1,283.9,40.6,33.7,0.4941,1
NatureTrail_TON_12.03.25_LS,TON,1592,2749,45.84,306.8,284.9,39.7,34.0,0.4988,1
NatureTrail_TON_12.03.25_LS,TON,1592,2750,45.85,303.5,282.2,41.0,34.8,0.2337,1
NatureTrail_TON_12.03.25_LS,TON,1592,2751,45.87,300.4,284.1,40.2,33.5,0.4052,1
NatureTrail_TON_12.03.25_LS,TON,1592,2752,45.89,297.6,283.1,42.8,33.9,0.3588,1
NatureTrail_TON_12.03.25_LS,TON,1592,2753,45.9,292.0,281.2,41.8,34.7,0.2633,1
NatureTrail_TON_12.03.25_LS,TON,1592,2754,45.92,285.8,281.3,37.0,31.8,0.2228,1
NatureTrail_TON_12.03.25_LS,TON,1592,2755,45.94,281.8,281.8,35.3,32.2,0.3724,1
NatureTrail_TON_12.03.25_LS,TON,1592,2756,45.95,277.6,281.8,37.4,33.2,0.1024,1
NatureTrail_TON_12.03.25_LS,TON,1598,2718,45.32,579.9,288.4,27.3,27.3,0.5781,1
NatureTrail_TON_12.03.25_LS,TON,1598,2719,45.34,577.2,288.7,27.6,28.0,0.3899,1
NatureTrail_TON_12.03.25_LS,TON,1598,2721,45.37,565.9,288.0,29.4,28.8,0.4002,1
NatureTrail_TON_12.03.25_LS,TON,1598,2722,45.39,561.9,288.8,29.9,29.2,0.1948,1
NatureTrail_TON_12.03.25_LS,TON,1598,2723,45.4,559.6,290.6,28.5,28.5,0.6024,1
NatureTrail_TON_12.03.25_LS,TON,1598,2724,45.42,555.0,288.9,29.6,30.6,0.5869,1
NatureTrail_TON_12.03.25_LS,TON,1598,2725,45.44,548.8,289.7,29.6,31.9,0.6927,1
NatureTrail_TON_12.03.25_LS,TON,1598,2726,45.45,542.9,289.6,28.7,31.5,0.6533,1
NatureTrail_TON_12.03.25_LS,TON,1598,2727,45.47,539.3,288.7,30.1,30.9,0.5938,1
NatureTrail_TON_12.03.25_LS,TON,1598,2728,45.49,535.4,290.2,29.7,29.7,0.6258,1
NatureTrail_TON_12.03.25_LS,TON,1598,2729,45.5,531.0,289.4,29.2,29.5,0.6447,1
NatureTrail_TON_12.03.25_LS,TON,1598,2730,45.52,526.9,287.9,30.6,29.2,0.6617,1
NatureTrail_TON_12.03.25_LS,TON,1598,2731,45.54,523.5,290.0,30.9,28.3,0.6097,1
NatureTrail_TON_12.03.25_LS,TON,1598,2732,45.55,518.5,289.0,30.8,29.3,0.6606,1
NatureTrail_TON_12.03.25_LS,TON,1598,2733,45.57,513.7,288.3,28.7,29.8,0.6706,1
NatureTrail_TON_12.03.25_LS,TON,1598,2734,45.59,508.4,290.6,28.2,29.9,0.5431,1
NatureTrail_TON_12.03.25_LS,TON,1598,2735,45.6,505.2,289.3,27.4,30.7,0.7221,1
NatureTrail_TON_12.03.25_LS,TON,1598,2736,45.62,502.4,290.6,27.1,30.4,0.5524,1
NatureTrail_TON_12.03.25_LS,TON,1598,2737,45.64,498.5,290.8,28.9,31.5,0.1869,1
NatureTrail_TON_12.03.25_LS,TON,1598,2738,45.65,494.4,292.2,29.5,32.0,0.2788,1
NatureTrail_TON_12.03.25_LS,TON,1598,2739,45.67,489.5,293.6,29.6,30.7,0.2361,1
NatureTrail_TON_12.03.25_LS,TON,1598,2740,45.69,485.1,294.1,30.0,32.5,0.1179,1
NatureTrail_TON_12.03.25_LS,TON,1598,2741,45.7,484.0,292.0,31.4,31.2,0.2232,1
NatureTrail_TON_12.03.25_LS,TON,1607,2750,45.85,320.5,283.0,38.1,31.9,0.4934,0
NatureTrail_TON_12.03.25_LS,TON,1607,2751,45.87,321.1,283.4,37.8,31.3,0.4165,0
NatureTrail_TON_12.03.25_LS,TON,1607,2752,45.89,323.2,283.6,38.5,32.3,0.1307,0
NatureTrail_TON_12.03.25_LS,TON,1607,2753,45.9,321.5,282.2,39.8,33.2,0.2444,0
NatureTrail_TON_12.03.25_LS,TON,1607,2754,45.92,326.1,282.0,37.3,31.9,0.4294,0
NatureTrail_TON_12.03.25_LS,TON,1607,2755,45.94,328.6,282.7,36.2,31.6,0.5209,0
NatureTrail_TON_12.03.25_LS,TON,1607,2756,45.95,328.2,283.3,36.9,31.2,0.4986,0
NatureTrail_TON_12.03.25_LS,TON,1607,2757,45.97,327.6,284.4,37.2,30.8,0.1778,0
NatureTrail_TON_12.03.25_LS,TON,1607,2760,46.02,333.5,286.4,36.3,31.5,0.3348,0
NatureTrail_TON_12.03.25_LS,TON,1607,2761,46.04,332.4,284.8,35.6,32.3,0.1888,0
NatureTrail_TON_12.03.25_LS,TON,1608,2754,45.92,363.3,290.0,36.3,32.9,0.4466,0
NatureTrail_TON_12.03.25_LS,TON,1608,2755,45.94,361.7,287.5,37.0,32.8,0.2345,0
NatureTrail_TON_12.03.25_LS,TON,1608,2756,45.95,353.9,287.2,41.1,32.4,0.1609,0
NatureTrail_TON_12.03.25_LS,TON,1608,2762,46.05,329.8,280.6,37.6,30.3,0.4902,0
NatureTrail_TON_12.03.25_LS,TON,1608,2763,46.07,326.3,279.1,38.6,31.7,0.3088,0
NatureTrail_TON_12.03.25_LS,TON,1617,2785,46.44,131.9,256.6,39.5,33.8,0.4344,0
NatureTrail_TON_12.03.25_LS,TON,1617,2786,46.45,128.4,255.2,36.9,30.4,0.6383,0
NatureTrail_TON_12.03.25_LS,TON,1617,2787,46.47,122.4,254.7,32.7,28.6,0.6159,0
NatureTrail_TON_12.03.25_LS,TON,1617,2788,46.49,117.5,250.2,31.6,28.1,0.5017,0
NatureTrail_TON_12.03.25_LS,TON,1620,2802,46.72,98.2,225.1,33.6,30.8,0.4072,0
NatureTrail_TON_12.03.25_LS,TON,1620,2803,46.74,96.4,224.7,32.4,30.8,0.3849,0
NatureTrail_TON_12.03.25_LS,TON,1620,2804,46.75,94.6,223.4,33.8,30.7,0.4343,0
NatureTrail_TON_12.03.25_LS,TON,1624,2813,46.9,168.2,223.7,32.9,46.4,0.6657,0
NatureTrail_TON_12.03.25_LS,TON,1624,2814,46.92,163.5,223.5,35.3,47.1,0.6794,0
NatureTrail_TON_12.03.25_LS,TON,1624,2815,46.94,157.8,223.5,35.2,47.3,0.6756,0
NatureTrail_TON_12.03.25_LS,TON,1624,2816,46.95,152.2,223.6,34.9,46.6,0.7341,0
NatureTrail_TON_12.03.25_LS,TON,1624,2817,46.97,143.6,223.5,34.9,45.8,0.7345,0
NatureTrail_TON_12.03.25_LS,TON,1624,2818,46.99,142.6,224.5,34.4,44.7,0.7302,0
NatureTrail_TON_12.03.25_LS,TON,1624,2819,47.0,139.3,225.3,32.8,44.3,0.7082,0
NatureTrail_TON_12.03.25_LS,TON,1624,2820,47.02,134.9,225.3,32.3,44.0,0.7387,0
NatureTrail_TON_12.03.25_LS,TON,1624,2821,47.04,131.0,226.7,32.2,43.5,0.7404,0
NatureTrail_TON_12.03.25_LS,TON,1624,2822,47.05,128.0,228.3,33.5,44.0,0.7046,0
NatureTrail_TON_12.03.25_LS,TON,1624,2823,47.07,124.4,227.6,33.1,45.3,0.5233,0
NatureTrail_TON_12.03.25_LS,TON,1624,2824,47.09,122.5,229.4,31.8,38.8,0.1138,0
NatureTrail_TON_12.03.25_LS,TON,1624,2825,47.1,118.2,232.2,33.7,41.3,0.5809,0
NatureTrail_TON_12.03.25_LS,TON,1624,2826,47.12,112.4,231.9,32.9,41.8,0.6594,0
NatureTrail_TON_12.03.25_LS,TON,1624,2827,47.14,105.2,233.0,30.4,43.9,0.4073,0
NatureTrail_TON_12.03.25_LS,TON,1628,2824,47.09,77.9,218.6,24.8,21.7,0.6167,0
NatureTrail_TON_12.03.25_LS,TON,1628,2825,47.1,75.4,222.0,25.2,22.7,0.1983,0
NatureTrail_TON_12.03.25_LS,TON,1628,2826,47.12,68.7,224.4,24.5,25.0,0.5853,0
NatureTrail_TON_12.03.25_LS,TON,1631,2842,47.39,37.1,247.7,31.2,37.4,0.6654,0
NatureTrail_TON_12.03.25_LS,TON,1631,2843,47.4,31.8,247.4,29.5,38.4,0.6575,0
NatureTrail_TON_12.03.25_LS,TON,1631,2844,47.42,26.6,246.6,27.4,37.2,0.6869,0
NatureTrail_TON_12.03.25_LS,TON,1631,2845,47.44,23.6,246.3,28.5,36.5,0.699,0
NatureTrail_TON_12.03.25_LS,TON,1631,2846,47.45,21.5,245.5,29.8,37.1,0.7085,0
NatureTrail_TON_12.03.25_LS,TON,1631,2847,47.47,16.8,245.6,29.1,37.5,0.6776,0
NatureTrail_TON_12.03.25_LS,TON,1631,2848,47.49,13.6,243.2,27.3,40.5,0.6965,0
NatureTrail_TON_12.03.25_LS,TON,1631,2849,47.5,12.1,242.9,24.3,40.2,0.5268,0
NatureTrail_TON_12.03.25_LS,TON,1631,2850,47.52,11.4,245.8,22.9,42.5,0.4458,0
NatureTrail_TON_12.03.25_LS,TON,1631,2851,47.54,11.7,248.4,23.4,39.6,0.4887,0
NatureTrail_TON_12.03.25_LS,TON,1631,2852,47.55,9.5,250.3,19.1,37.2,0.4383,0
NatureTrail_TON_12.03.25_LS,TON,1631,2853,47.57,8.8,249.3,17.6,35.9,0.3699,0
NatureTrail_TON_12.03.25_LS,TON,1631,2854,47.59,6.4,248.7,12.7,37.2,0.1619,0
NatureTrail_TON_12.03.25_LS,TON,1645,4483,74.75,97.2,391.9,27.4,24.5,0.474,0
NatureTrail_TON_12.03.25_LS,TON,1645,4484,74.77,94.6,391.3,27.5,25.4,0.4554,0
NatureTrail_TON_12.03.25_LS,TON,1645,4493,74.92,82.8,386.6,26.6,22.6,0.3296,0
NatureTrail_TON_12.03.25_LS,TON,1653,7418,123.69,501.0,358.4,25.2,19.3,0.5176,0
NatureTrail_TON_12.03.25_LS,TON,1653,7419,123.71,497.1,359.0,25.9,20.3,0.6043,0
NatureTrail_TON_12.03.25_LS,TON,1653,7420,123.72,492.1,359.8,26.0,20.5,0.6117,0
NatureTrail_TON_12.03.25_LS,TON,1653,7421,123.74,486.6,361.5,25.6,20.6,0.3793,0
NatureTrail_TON_12.03.25_LS,TON,1655,7532,125.59,526.4,315.0,27.1,16.6,0.4714,0
NatureTrail_TON_12.03.25_LS,TON,1655,7533,125.61,520.3,315.5,26.2,16.1,0.1628,0
NatureTrail_TON_12.03.25_LS,TON,1655,7534,125.62,511.6,316.2,27.3,15.7,0.1057,0
NatureTrail_TON_12.03.25_LS,TON,1655,7535,125.64,503.9,315.7,26.4,15.1,0.2007,0
NatureTrail_TON_12.03.25_LS,TON,1655,7536,125.66,498.3,315.9,28.6,14.8,0.1839,0
NatureTrail_TON_12.03.25_LS,TON,1664,8294,138.3,549.7,320.5,29.1,24.6,0.6934,1
NatureTrail_TON_12.03.25_LS,TON,1664,8295,138.31,542.8,320.4,29.6,24.4,0.6427,1
NatureTrail_TON_12.03.25_LS,TON,1664,8296,138.33,535.4,321.0,30.8,24.3,0.5962,1
NatureTrail_TON_12.03.25_LS,TON,1664,8297,138.35,526.8,320.4,31.9,25.1,0.6147,1
NatureTrail_TON_12.03.25_LS,TON,1664,8298,138.36,518.6,320.8,31.5,24.2,0.6069,1
NatureTrail_TON_12.03.25_LS,TON,1664,8299,138.38,511.2,320.1,31.8,23.4,0.564,1
NatureTrail_TON_12.03.25_LS,TON,1664,8300,138.4,505.0,319.5,31.5,22.3,0.3404,1
NatureTrail_TON_12.03.25_LS,TON,1664,8301,138.41,498.5,318.8,30.7,20.8,0.4115,1
NatureTrail_TON_12.03.25_LS,TON,1664,8302,138.43,493.0,318.6,30.7,20.5,0.4087,1
NatureTrail_TON_12.03.25_LS,TON,1664,8303,138.45,486.0,318.5,30.6,20.9,0.2583,1
NatureTrail_TON_12.03.25_LS,TON,1664,8315,138.65,400.9,312.6,35.9,21.1,0.4472,1
NatureTrail_TON_12.03.25_LS,TON,1664,8316,138.66,394.4,312.3,35.4,20.7,0.3977,1
NatureTrail_TON_12.03.25_LS,TON,1664,8317,138.68,387.2,311.1,36.2,21.6,0.4419,1
NatureTrail_TON_12.03.25_LS,TON,1664,8318,138.7,378.8,311.8,35.3,21.3,0.4542,1
NatureTrail_TON_12.03.25_LS,TON,1664,8319,138.71,370.2,312.1,34.0,20.7,0.4692,1
NatureTrail_TON_12.03.25_LS,TON,1664,8320,138.73,362.5,312.2,33.6,20.0,0.4044,1
NatureTrail_TON_12.03.25_LS,TON,1664,8321,138.75,354.9,312.4,33.1,20.4,0.5302,1
NatureTrail_TON_12.03.25_LS,TON,1664,8322,138.76,348.3,312.0,34.2,21.0,0.5537,1
NatureTrail_TON_12.03.25_LS,TON,1664,8323,138.78,341.6,311.0,34.2,21.2,0.5836,1
NatureTrail_TON_12.03.25_LS,TON,1664,8324,138.8,334.6,310.8,34.4,21.3,0.5588,1
NatureTrail_TON_12.03.25_LS,TON,1664,8325,138.81,327.4,310.5,35.2,21.6,0.5661,1
NatureTrail_TON_12.03.25_LS,TON,1664,8326,138.83,319.9,310.6,36.1,22.2,0.5388,1
NatureTrail_TON_12.03.25_LS,TON,1664,8327,138.85,312.1,309.4,37.2,23.6,0.4802,1
NatureTrail_TON_12.03.25_LS,TON,1664,8328,138.86,305.8,308.8,37.2,23.3,0.4885,1
NatureTrail_TON_12.03.25_LS,TON,1664,8329,138.88,298.0,308.8,37.1,23.4,0.5303,1
NatureTrail_TON_12.03.25_LS,TON,1664,8330,138.9,290.7,309.2,36.0,22.8,0.5937,1
NatureTrail_TON_12.03.25_LS,TON,1664,8331,138.91,283.9,309.5,34.9,22.2,0.6079,1
NatureTrail_TON_12.03.25_LS,TON,1664,8332,138.93,276.9,309.8,34.8,22.3,0.6043,1
NatureTrail_TON_12.03.25_LS,TON,1664,8333,138.95,269.7,309.5,34.5,21.8,0.5897,1
NatureTrail_TON_12.03.25_LS,TON,1664,8334,138.96,263.0,308.5,33.3,21.3,0.5735,1
NatureTrail_TON_12.03.25_LS,TON,1664,8335,138.98,255.6,308.8,33.2,21.3,0.5968,1
NatureTrail_TON_12.03.25_LS,TON,1664,8336,139.0,249.0,308.9,33.8,21.4,0.5864,1
NatureTrail_TON_12.03.25_LS,TON,1664,8337,139.01,240.1,307.3,32.3,21.2,0.5518,1
NatureTrail_TON_12.03.25_LS,TON,1664,8338,139.03,232.0,306.1,32.6,21.7,0.5994,1
NatureTrail_TON_12.03.25_LS,TON,1664,8339,139.05,226.5,307.0,32.1,22.2,0.4,1
NatureTrail_TON_12.03.25_LS,TON,1664,8349,139.21,153.4,305.1,27.4,19.0,0.5222,1
NatureTrail_TON_12.03.25_LS,TON,1664,8350,139.23,145.5,304.0,28.2,18.7,0.3797,1
NatureTrail_TON_12.03.25_LS,TON,1664,8351,139.25,138.8,302.3,28.5,17.5,0.4872,1
NatureTrail_TON_12.03.25_LS,TON,1664,8352,139.26,131.2,301.4,30.1,18.6,0.4197,1
NatureTrail_TON_12.03.25_LS,TON,1664,8353,139.28,122.1,300.9,31.1,20.2,0.5955,1
NatureTrail_TON_12.03.25_LS,TON,1664,8354,139.3,114.1,299.2,31.6,21.6,0.393,1
NatureTrail_TON_12.03.25_LS,TON,1664,8355,139.31,107.4,300.4,30.9,20.9,0.5895,1
NatureTrail_TON_12.03.25_LS,TON,1664,8356,139.33,101.5,299.8,29.4,20.2,0.5793,1
NatureTrail_TON_12.03.25_LS,TON,1664,8357,139.35,94.0,299.6,32.3,24.0,0.659,1
NatureTrail_TON_12.03.25_LS,TON,1664,8358,139.36,85.6,298.4,35.8,24.6,0.5587,1
NatureTrail_TON_12.03.25_LS,TON,1664,8359,139.38,77.6,300.1,32.9,23.3,0.544,1
NatureTrail_TON_12.03.25_LS,TON,1664,8360,139.4,71.8,299.7,33.1,22.9,0.5768,1
NatureTrail_TON_12.03.25_LS,TON,1664,8361,139.41,67.1,298.3,32.1,24.2,0.2275,1
NatureTrail_TON_12.03.25_LS,TON,1664,8367,139.51,16.6,299.4,30.3,20.5,0.4943,1
NatureTrail_TON_12.03.25_LS,TON,1664,8368,139.53,11.7,302.1,23.4,19.6,0.3983,1
NatureTrail_TON_12.03.25_LS,TON,1672,9230,153.9,160.0,283.3,26.6,25.7,0.3459,0
NatureTrail_TON_12.03.25_LS,TON,1672,9231,153.92,160.1,282.3,27.9,27.3,0.1909,0
NatureTrail_TON_12.03.25_LS,TON,1672,9232,153.94,162.4,278.6,24.3,28.3,0.1062,0
NatureTrail_TON_12.03.25_LS,TON,1672,9233,153.95,166.9,275.3,22.3,25.2,0.1012,0
NatureTrail_TON_12.03.25_LS,TON,1674,9504,158.47,381.0,363.6,26.2,29.1,0.5036,1
NatureTrail_TON_12.03.25_LS,TON,1674,9505,158.49,383.5,362.2,27.6,29.8,0.5377,1
NatureTrail_TON_12.03.25_LS,TON,1674,9506,158.5,384.2,361.6,28.1,30.3,0.6199,1
NatureTrail_TON_12.03.25_LS,TON,1674,9507,158.52,385.3,361.2,27.8,29.8,0.4071,1
NatureTrail_TON_12.03.25_LS,TON,1674,9508,158.54,387.7,360.3,27.0,28.9,0.4058,1
NatureTrail_TON_12.03.25_LS,TON,1674,9509,158.55,392.3,359.6,28.9,30.3,0.2165,1
NatureTrail_TON_12.03.25_LS,TON,1674,9510,158.57,395.5,359.5,28.7,29.2,0.3289,1
NatureTrail_TON_12.03.25_LS,TON,1674,9511,158.59,397.8,360.0,29.2,30.1,0.5669,1
NatureTrail_TON_12.03.25_LS,TON,1674,9512,158.6,399.5,359.6,28.7,30.3,0.4203,1
NatureTrail_TON_12.03.25_LS,TON,1674,9513,158.62,400.1,359.7,28.1,29.5,0.5151,1
NatureTrail_TON_12.03.25_LS,TON,1674,9514,158.64,401.1,358.3,29.3,30.6,0.3288,1
NatureTrail_TON_12.03.25_LS,TON,1674,9515,158.65,402.2,357.1,30.3,32.0,0.4991,1
NatureTrail_TON_12.03.25_LS,TON,1674,9516,158.67,404.3,355.9,30.1,31.1,0.4985,1
NatureTrail_TON_12.03.25_LS,TON,1674,9517,158.69,405.8,354.5,28.6,29.7,0.5092,1
NatureTrail_TON_12.03.25_LS,TON,1674,9518,158.7,407.3,353.0,27.4,28.3,0.5985,1
NatureTrail_TON_12.03.25_LS,TON,1674,9519,158.72,408.8,350.9,27.4,28.0,0.5927,1
NatureTrail_TON_12.03.25_LS,TON,1674,9520,158.74,410.0,349.3,27.3,27.4,0.6376,1
NatureTrail_TON_12.03.25_LS,TON,1674,9521,158.75,412.0,348.1,28.0,27.5,0.5632,1
NatureTrail_TON_12.03.25_LS,TON,1674,9522,158.77,413.1,347.8,28.5,28.0,0.5599,1
NatureTrail_TON_12.03.25_LS,TON,1674,9523,158.79,414.8,346.5,27.6,27.5,0.5149,1
NatureTrail_TON_12.03.25_LS,TON,1674,9524,158.8,417.1,345.3,26.8,26.5,0.6533,1
NatureTrail_TON_12.03.25_LS,TON,1674,9525,158.82,418.2,343.8,26.2,26.2,0.6018,1
NatureTrail_TON_12.03.25_LS,TON,1674,9526,158.84,418.9,344.5,25.1,25.3,0.6784,1
NatureTrail_TON_12.03.25_LS,TON,1674,9527,158.85,418.8,345.6,25.2,25.7,0.5754,1
NatureTrail_TON_12.03.25_LS,TON,1674,9528,158.87,419.3,346.8,25.9,27.0,0.1254,1
NatureTrail_TON_12.03.25_LS,TON,1674,9548,159.2,427.1,344.0,28.7,27.4,0.5995,1
NatureTrail_TON_12.03.25_LS,TON,1674,9549,159.22,428.6,343.9,28.9,27.2,0.6434,1
NatureTrail_TON_12.03.25_LS,TON,1674,9550,159.24,429.3,343.9,29.3,27.3,0.6456,1
NatureTrail_TON_12.03.25_LS,TON,1674,9551,159.25,429.8,343.9,28.5,26.8,0.6578,1
NatureTrail_TON_12.03.25_LS,TON,1674,9552,159.27,429.8,344.4,28.1,27.1,0.474,1
NatureTrail_TON_12.03.25_LS,TON,1674,9553,159.29,429.8,344.9,28.2,27.5,0.2335,1
NatureTrail_TON_12.03.25_LS,TON,1674,9564,159.47,439.3,355.3,27.2,26.9,0.4256,1
NatureTrail_TON_12.03.25_LS,TON,1674,9565,159.49,438.9,355.7,27.3,26.7,0.5513,1
NatureTrail_TON_12.03.25_LS,TON,1674,9566,159.5,438.2,357.3,27.4,27.0,0.5167,1
NatureTrail_TON_12.03.25_LS,TON,1674,9567,159.52,440.9,357.8,27.1,26.0,0.5702,1
NatureTrail_TON_12.03.25_LS,TON,1674,9568,159.54,440.3,358.5,27.1,26.2,0.6832,1
NatureTrail_TON_12.03.25_LS,TON,1674,9569,159.55,440.0,359.5,27.1,26.2,0.6983,1
NatureTrail_TON_12.03.25_LS,TON,1674,9570,159.57,440.3,361.4,27.6,25.6,0.6907,1
NatureTrail_TON_12.03.25_LS,TON,1674,9571,159.59,440.7,363.2,26.8,25.8,0.6656,1
NatureTrail_TON_12.03.25_LS,TON,1674,9572,159.6,440.4,363.7,27.1,26.7,0.6592,1
NatureTrail_TON_12.03.25_LS,TON,1674,9573,159.62,440.5,365.3,28.3,26.7,0.6352,1
NatureTrail_TON_12.03.25_LS,TON,1674,9574,159.64,443.2,365.3,28.4,28.4,0.5647,1
NatureTrail_TON_12.03.25_LS,TON,1674,9575,159.65,444.6,364.5,26.9,29.2,0.5671,1
NatureTrail_TON_12.03.25_LS,TON,1674,9576,159.67,445.4,363.3,25.5,28.9,0.5446,1
NatureTrail_TON_12.03.25_LS,TON,1674,9577,159.69,446.5,363.3,26.3,30.2,0.1451,1
NatureTrail_TON_12.03.25_LS,TON,1674,9578,159.7,446.3,364.9,26.6,30.4,0.3245,1
NatureTrail_TON_12.03.25_LS,TON,1674,9579,159.72,445.4,367.0,27.2,30.5,0.3246,1
NatureTrail_TON_12.03.25_LS,TON,1674,9580,159.74,444.6,367.6,27.5,30.2,0.4611,1
NatureTrail_TON_12.03.25_LS,TON,1674,9581,159.75,444.2,367.7,28.0,30.6,0.5501,1
NatureTrail_TON_12.03.25_LS,TON,1674,9582,159.77,444.0,367.9,27.7,30.4,0.495,1
NatureTrail_TON_12.03.25_LS,TON,1674,9583,159.79,444.4,368.2,27.8,31.1,0.23,1
NatureTrail_TON_12.03.25_LS,TON,1674,9584,159.8,445.0,368.5,27.7,30.6,0.3157,1
NatureTrail_TON_12.03.25_LS,TON,1687,10063,167.79,361.1,361.3,28.4,23.6,0.4558,0
NatureTrail_TON_12.03.25_LS,TON,1687,10064,167.81,359.2,361.0,30.3,24.0,0.4119,0
NatureTrail_TON_12.03.25_LS,TON,1687,10065,167.83,357.4,359.3,29.5,23.3,0.4273,0
NatureTrail_TON_12.03.25_LS,TON,1687,10066,167.84,354.9,358.4,29.4,23.8,0.3584,0
NatureTrail_TON_12.03.25_LS,TON,1687,10067,167.86,353.8,357.2,28.5,23.5,0.3077,0
NatureTrail_TON_12.03.25_LS,TON,1687,10068,167.88,352.5,358.1,29.1,23.5,0.3924,0
NatureTrail_TON_12.03.25_LS,TON,1687,10069,167.89,351.4,358.9,29.7,23.6,0.3363,0
NatureTrail_TON_12.03.25_LS,TON,1687,10070,167.91,350.4,358.4,29.6,22.6,0.4646,0
NatureTrail_TON_12.03.25_LS,TON,1687,10071,167.93,347.7,357.1,29.8,22.4,0.4595,0
NatureTrail_TON_12.03.25_LS,TON,1687,10072,167.94,346.3,356.2,29.1,21.8,0.5319,0
NatureTrail_TON_12.03.25_LS,TON,1687,10073,167.96,344.5,355.6,28.9,21.7,0.3307,0
NatureTrail_TON_12.03.25_LS,TON,1691,10204,170.14,296.6,331.4,32.5,23.8,0.4954,0
NatureTrail_TON_12.03.25_LS,TON,1691,10205,170.16,296.4,332.2,33.4,23.6,0.1559,0
NatureTrail_TON_12.03.25_LS,TON,1691,10206,170.18,296.5,332.1,32.5,22.9,0.2478,0
NatureTrail_TON_12.03.25_LS,TON,1691,10207,170.19,298.3,331.7,31.3,23.0,0.1536,0
NatureTrail_TON_12.03.25_LS,TON,1691,10208,170.21,298.8,330.7,31.2,22.9,0.1202,0
NatureTrail_TON_12.03.25_LS,TON,1694,10289,171.56,258.9,311.4,34.7,25.9,0.4383,0
NatureTrail_TON_12.03.25_LS,TON,1694,10290,171.58,258.7,310.0,34.3,25.5,0.2433,0
NatureTrail_TON_12.03.25_LS,TON,1694,10291,171.59,257.7,310.3,35.9,25.7,0.4403,0
NatureTrail_TON_12.03.25_LS,TON,1694,10292,171.61,257.0,309.9,36.5,26.0,0.3526,0
NatureTrail_TON_12.03.25_LS,TON,1694,10293,171.63,255.5,308.9,35.7,25.7,0.3365,0
NatureTrail_TON_12.03.25_LS,TON,1694,10294,171.64,255.5,308.9,34.4,25.1,0.1581,0
NatureTrail_TON_12.03.25_LS,TON,1694,10295,171.66,255.2,308.3,33.3,24.2,0.2153,0
NatureTrail_TON_12.03.25_LS,TON,1694,10302,171.78,254.4,307.8,35.9,25.3,0.2954,0
NatureTrail_TON_12.03.25_LS,TON,1694,10303,171.79,253.9,305.6,36.1,25.8,0.1335,0
NatureTrail_TON_12.03.25_LS,TON,1705,11469,191.24,404.6,170.2,28.4,18.6,0.5995,0
NatureTrail_TON_12.03.25_LS,TON,1705,11470,191.25,397.4,167.4,29.7,21.8,0.6263,0
NatureTrail_TON_12.03.25_LS,TON,1705,11471,191.27,387.6,166.3,29.5,23.1,0.6501,0
NatureTrail_TON_12.03.25_LS,TON,1705,11472,191.29,378.3,165.1,31.3,23.9,0.3302,0
NatureTrail_TON_12.03.25_LS,TON,1705,11473,191.3,362.3,163.2,32.2,25.2,0.4613,0
NatureTrail_TON_12.03.25_LS,TON,1712,11486,191.52,235.1,153.6,35.3,21.0,0.5535,0
NatureTrail_TON_12.03.25_LS,TON,1712,11487,191.54,221.0,153.4,37.5,21.0,0.3699,0
NatureTrail_TON_12.03.25_LS,TON,1712,11489,191.57,204.3,156.4,35.3,21.7,0.3738,0
NatureTrail_TON_12.03.25_LS,TON,1736,17194,286.7,431.4,318.4,29.4,18.6,0.4319,0
NatureTrail_TON_12.03.25_LS,TON,1736,17195,286.71,430.3,317.8,28.8,19.0,0.6005,0
NatureTrail_TON_12.03.25_LS,TON,1736,17196,286.73,426.1,317.8,30.1,22.0,0.3718,0
NatureTrail_TON_12.03.25_LS,TON,1736,17197,286.75,416.9,319.0,28.8,21.1,0.5054,0
NatureTrail_TON_12.03.25_LS,TON,1736,17212,287.0,355.1,313.8,29.2,23.8,0.4315,0
NatureTrail_TON_12.03.25_LS,TON,1736,17213,287.01,347.8,313.2,30.7,25.2,0.2309,0
NatureTrail_TON_12.03.25_LS,TON,1736,17214,287.03,343.4,312.8,31.4,26.2,0.3181,0
NatureTrail_TON_12.03.25_LS,TON,1739,17242,287.5,233.2,285.4,28.6,16.2,0.5058,0
NatureTrail_TON_12.03.25_LS,TON,1739,17243,287.51,228.0,287.2,28.5,16.8,0.5375,0
NatureTrail_TON_12.03.25_LS,TON,1739,17244,287.53,224.5,288.4,29.5,16.4,0.5385,0
NatureTrail_TON_12.03.25_LS,TON,1739,17245,287.55,219.1,288.3,27.8,18.1,0.477,0
NatureTrail_TON_12.03.25_LS,TON,1739,17246,287.56,216.0,290.5,28.5,21.7,0.3359,0
NatureTrail_TON_12.03.25_LS,TON,1739,17247,287.58,211.3,291.2,28.6,21.5,0.4714,0
NatureTrail_TON_12.03.25_LS,TON,1739,17248,287.6,207.5,292.7,28.9,22.4,0.4835,0
NatureTrail_TON_12.03.25_LS,TON,1739,17249,287.61,201.8,293.6,29.0,23.6,0.3661,0
NatureTrail_TON_12.03.25_LS,TON,1739,17250,287.63,200.5,293.8,29.3,22.7,0.1894,0
NatureTrail_TON_12.03.25_LS,TON,1746,17277,288.08,73.9,271.2,29.6,19.6,0.6003,0
NatureTrail_TON_12.03.25_LS,TON,1746,17278,288.1,70.7,268.7,29.4,21.1,0.5006,0
NatureTrail_TON_12.03.25_LS,TON,1746,17280,288.13,61.9,267.0,27.8,20.4,0.5789,0
NatureTrail_TON_12.03.25_LS,TON,1746,17281,288.15,58.1,266.2,29.4,23.4,0.5603,0
NatureTrail_TON_12.03.25_LS,TON,1746,17282,288.16,54.4,264.3,28.8,22.7,0.5346,0
NatureTrail_TON_12.03.25_LS,TON,1746,17283,288.18,48.9,263.5,27.9,21.3,0.446,0
NatureTrail_TON_12.03.25_LS,TON,1746,17284,288.2,48.1,262.7,29.8,23.1,0.3896,0
NatureTrail_TON_12.03.25_LS,TON,1746,17285,288.21,44.8,261.6,30.6,24.4,0.1959,0
NatureTrail_TON_12.03.25_LS,TON,1748,17293,288.35,12.9,261.3,25.7,20.5,0.4014,0
NatureTrail_TON_12.03.25_LS,TON,1748,17294,288.36,11.1,261.9,22.3,21.3,0.3092,0
NatureTrail_TON_12.03.25_LS,TON,1748,17295,288.38,8.8,262.1,17.6,22.3,0.1783,0
SHog_SHW_01.18.2026_LS,SHW,1771,3489,58.16,409.7,488.2,59.2,47.2,0.6007,0
SHog_SHW_01.18.2026_LS,SHW,1771,3490,58.18,400.0,488.8,64.9,44.7,0.526,0
SHog_SHW_01.18.2026_LS,SHW,1771,3491,58.2,377.8,491.8,70.4,38.7,0.1705,0
SHog_SHW_01.18.2026_LS,SHW,1782,4680,78.02,119.4,11.4,28.1,21.6,0.4661,0
SHog_SHW_01.18.2026_LS,SHW,1782,4681,78.03,117.3,13.9,28.8,23.4,0.2793,0
SHog_SHW_01.18.2026_LS,SHW,1782,4683,78.07,105.8,11.0,30.9,22.1,0.4521,0
SHog_SHW_01.18.2026_LS,SHW,1782,4684,78.08,106.9,13.6,34.2,27.2,0.2002,0
SHog_SHW_01.18.2026_LS,SHW,1782,4685,78.1,105.9,14.8,34.9,27.3,0.1836,0
SHog_SHW_01.18.2026_LS,SHW,1782,4686,78.12,102.2,13.9,35.3,27.4,0.2451,0
SHog_SHW_01.18.2026_LS,SHW,1784,4692,78.22,80.8,17.4,29.0,23.9,0.5938,1
SHog_SHW_01.18.2026_LS,SHW,1784,4693,78.23,79.2,20.8,32.3,25.6,0.3623,1
SHog_SHW_01.18.2026_LS,SHW,1784,4694,78.25,77.7,22.9,31.9,24.2,0.4512,1
SHog_SHW_01.18.2026_LS,SHW,1784,4695,78.27,72.7,21.9,32.0,24.3,0.5035,1
SHog_SHW_01.18.2026_LS,SHW,1784,4696,78.28,67.6,21.9,31.8,25.1,0.5388,1
SHog_SHW_01.18.2026_LS,SHW,1784,4697,78.3,64.5,22.7,30.8,25.6,0.4254,1
SHog_SHW_01.18.2026_LS,SHW,1784,4698,78.32,63.2,24.7,30.2,25.8,0.2655,1
SHog_SHW_01.18.2026_LS,SHW,1784,4699,78.33,60.2,25.2,33.0,26.3,0.4194,1
SHog_SHW_01.18.2026_LS,SHW,1784,4700,78.35,54.8,23.7,33.4,28.4,0.4092,1
SHog_SHW_01.18.2026_LS,SHW,1784,4701,78.37,50.7,23.4,32.6,28.3,0.5628,1
SHog_SHW_01.18.2026_LS,SHW,1784,4702,78.38,49.2,27.1,33.4,27.6,0.3358,1
SHog_SHW_01.18.2026_LS,SHW,1784,4703,78.4,45.9,27.7,31.6,25.6,0.5248,1
SHog_SHW_01.18.2026_LS,SHW,1784,4704,78.42,41.6,27.0,31.7,26.5,0.368,1
SHog_SHW_01.18.2026_LS,SHW,1784,4705,78.43,37.6,26.6,30.9,26.5,0.5257,1
SHog_SHW_01.18.2026_LS,SHW,1784,4706,78.45,35.6,27.9,31.7,25.6,0.5451,1
SHog_SHW_01.18.2026_LS,SHW,1784,4707,78.47,32.9,29.1,31.4,25.0,0.5821,1
SHog_SHW_01.18.2026_LS,SHW,1784,4708,78.48,29.1,30.7,29.8,23.7,0.3896,1
SHog_SHW_01.18.2026_LS,SHW,1784,4709,78.5,26.0,30.7,31.5,24.3,0.446,1
SHog_SHW_01.18.2026_LS,SHW,1784,4710,78.52,22.5,32.5,31.5,22.8,0.2505,1
SHog_SHW_01.18.2026_LS,SHW,1806,4828,80.48,79.5,40.9,39.9,36.2,0.5359,0
SHog_SHW_01.18.2026_LS,SHW,1806,4833,80.57,69.7,47.6,41.8,35.5,0.4281,0
SHog_SHW_01.18.2026_LS,SHW,1806,4834,80.59,67.8,50.0,39.5,34.6,0.2079,0
SHog_SHW_01.18.2026_LS,SHW,1807,5120,85.35,611.8,132.8,50.6,42.8,0.5574,1
SHog_SHW_01.18.2026_LS,SHW,1807,5121,85.37,606.9,134.5,55.3,41.8,0.3452,1
SHog_SHW_01.18.2026_LS,SHW,1807,5122,85.39,604.8,133.4,60.6,43.9,0.7367,1
SHog_SHW_01.18.2026_LS,SHW,1807,5123,85.4,603.1,135.7,65.4,46.1,0.7641,1
SHog_SHW_01.18.2026_LS,SHW,1807,5124,85.42,597.4,138.3,70.1,45.6,0.6347,1
SHog_SHW_01.18.2026_LS,SHW,1807,5125,85.44,583.6,144.6,57.4,37.7,0.5815,1
SHog_SHW_01.18.2026_LS,SHW,1807,5126,85.45,575.3,148.0,51.4,35.3,0.6626,1
SHog_SHW_01.18.2026_LS,SHW,1807,5127,85.47,569.0,149.6,48.4,34.4,0.6672,1
SHog_SHW_01.18.2026_LS,SHW,1807,5128,85.49,560.8,151.6,47.3,34.2,0.6173,1
SHog_SHW_01.18.2026_LS,SHW,1807,5129,85.5,554.5,151.4,46.7,34.9,0.5487,1
SHog_SHW_01.18.2026_LS,SHW,1807,5130,85.52,550.4,152.6,46.8,35.5,0.6343,1
SHog_SHW_01.18.2026_LS,SHW,1807,5131,85.54,543.3,156.7,48.0,37.5,0.7526,1
SHog_SHW_01.18.2026_LS,SHW,1807,5132,85.55,535.4,155.4,48.9,37.5,0.7787,1
SHog_SHW_01.18.2026_LS,SHW,1807,5133,85.57,528.9,152.5,48.0,37.9,0.7627,1
SHog_SHW_01.18.2026_LS,SHW,1807,5134,85.59,526.5,156.3,48.8,38.3,0.7853,1
SHog_SHW_01.18.2026_LS,SHW,1807,5135,85.6,520.1,159.9,48.2,38.9,0.7907,1
SHog_SHW_01.18.2026_LS,SHW,1807,5136,85.62,511.4,158.2,48.7,38.0,0.7321,1
SHog_SHW_01.18.2026_LS,SHW,1807,5137,85.64,503.0,156.1,48.6,37.0,0.776,1
SHog_SHW_01.18.2026_LS,SHW,1807,5138,85.65,499.0,159.6,49.0,36.6,0.6914,1
SHog_SHW_01.18.2026_LS,SHW,1807,5139,85.67,493.5,164.8,50.6,37.1,0.7721,1
SHog_SHW_01.18.2026_LS,SHW,1807,5140,85.69,488.0,163.8,51.7,37.4,0.6854,1
SHog_SHW_01.18.2026_LS,SHW,1807,5141,85.7,476.0,163.4,48.2,38.3,0.6105,1
SHog_SHW_01.18.2026_LS,SHW,1807,5142,85.72,470.8,163.2,49.1,36.8,0.7096,1
SHog_SHW_01.18.2026_LS,SHW,1807,5143,85.74,466.4,168.2,46.7,37.8,0.7207,1
SHog_SHW_01.18.2026_LS,SHW,1807,5144,85.75,460.2,169.6,50.2,37.6,0.7658,1
SHog_SHW_01.18.2026_LS,SHW,1807,5145,85.77,454.3,170.6,52.8,37.7,0.7524,1
SHog_SHW_01.18.2026_LS,SHW,1807,5146,85.79,443.5,172.1,51.4,35.8,0.6667,1
SHog_SHW_01.18.2026_LS,SHW,1807,5147,85.8,437.3,173.8,51.4,36.8,0.8081,1
SHog_SHW_01.18.2026_LS,SHW,1807,5148,85.82,433.6,177.0,52.2,36.7,0.7929,1
SHog_SHW_01.18.2026_LS,SHW,1807,5149,85.84,427.6,179.4,51.4,38.3,0.7043,1
SHog_SHW_01.18.2026_LS,SHW,1807,5150,85.85,421.1,179.7,53.4,38.9,0.671,1
SHog_SHW_01.18.2026_LS,SHW,1807,5151,85.87,412.5,180.3,52.2,35.1,0.68,1
SHog_SHW_01.18.2026_LS,SHW,1807,5152,85.89,408.3,183.1,50.8,36.1,0.6825,1
SHog_SHW_01.18.2026_LS,SHW,1807,5153,85.9,401.2,187.2,51.2,33.6,0.7442,1
SHog_SHW_01.18.2026_LS,SHW,1807,5154,85.92,389.3,188.6,52.7,35.3,0.6817,1
SHog_SHW_01.18.2026_LS,SHW,1807,5155,85.94,381.3,189.0,52.7,36.4,0.7338,1
SHog_SHW_01.18.2026_LS,SHW,1807,5156,85.95,376.5,195.8,53.3,38.1,0.7762,1
SHog_SHW_01.18.2026_LS,SHW,1807,5157,85.97,372.6,201.0,52.5,37.8,0.6939,1
SHog_SHW_01.18.2026_LS,SHW,1807,5158,85.99,362.9,198.8,54.6,39.1,0.766,1
SHog_SHW_01.18.2026_LS,SHW,1807,5159,86.0,351.8,200.6,53.7,38.8,0.8144,1
SHog_SHW_01.18.2026_LS,SHW,1807,5160,86.02,345.9,205.3,51.6,37.1,0.7274,1
SHog_SHW_01.18.2026_LS,SHW,1807,5161,86.04,340.6,209.0,53.9,39.0,0.7801,1
SHog_SHW_01.18.2026_LS,SHW,1807,5162,86.05,331.2,210.1,53.7,38.6,0.7732,1
SHog_SHW_01.18.2026_LS,SHW,1807,5163,86.07,322.6,209.1,55.3,39.1,0.7422,1
SHog_SHW_01.18.2026_LS,SHW,1807,5164,86.09,315.5,212.0,56.6,39.5,0.7421,1
SHog_SHW_01.18.2026_LS,SHW,1807,5165,86.1,308.9,215.8,56.4,39.2,0.7026,1
SHog_SHW_01.18.2026_LS,SHW,1807,5166,86.12,301.4,214.7,56.9,40.4,0.7391,1
SHog_SHW_01.18.2026_LS,SHW,1807,5167,86.14,294.4,217.4,56.6,39.2,0.724,1
SHog_SHW_01.18.2026_LS,SHW,1807,5168,86.15,286.4,218.2,57.3,39.2,0.7632,1
SHog_SHW_01.18.2026_LS,SHW,1807,5169,86.17,275.3,218.2,58.3,39.4,0.754,1
SHog_SHW_01.18.2026_LS,SHW,1807,5170,86.19,267.2,220.6,56.1,37.4,0.737,1
SHog_SHW_01.18.2026_LS,SHW,1807,5171,86.2,262.0,222.6,59.1,40.5,0.7474,1
SHog_SHW_01.18.2026_LS,SHW,1807,5172,86.22,254.7,224.8,57.3,39.8,0.7286,1
SHog_SHW_01.18.2026_LS,SHW,1807,5173,86.24,245.9,222.2,58.9,41.9,0.7536,1
SHog_SHW_01.18.2026_LS,SHW,1807,5174,86.25,236.7,221.4,59.2,41.8,0.7684,1
SHog_SHW_01.18.2026_LS,SHW,1807,5175,86.27,227.7,222.3,57.9,39.6,0.7667,1
SHog_SHW_01.18.2026_LS,SHW,1807,5176,86.29,220.7,223.4,59.9,41.6,0.767,1
SHog_SHW_01.18.2026_LS,SHW,1807,5177,86.3,215.3,228.4,61.3,42.4,0.7131,1
SHog_SHW_01.18.2026_LS,SHW,1807,5178,86.32,212.8,229.7,56.7,39.2,0.6181,1
SHog_SHW_01.18.2026_LS,SHW,1807,5179,86.34,198.3,229.4,57.0,41.3,0.7575,1
SHog_SHW_01.18.2026_LS,SHW,1807,5180,86.35,183.2,228.0,57.6,42.9,0.773,1
SHog_SHW_01.18.2026_LS,SHW,1807,5181,86.37,182.1,239.0,55.6,42.3,0.7738,1
SHog_SHW_01.18.2026_LS,SHW,1807,5182,86.39,176.3,243.0,55.7,41.4,0.7742,1
SHog_SHW_01.18.2026_LS,SHW,1807,5183,86.4,168.8,244.2,55.9,40.2,0.7659,1
SHog_SHW_01.18.2026_LS,SHW,1807,5184,86.42,159.8,246.9,56.4,40.6,0.7544,1
SHog_SHW_01.18.2026_LS,SHW,1807,5185,86.44,148.5,248.5,55.5,40.4,0.757,1
SHog_SHW_01.18.2026_LS,SHW,1807,5186,86.45,139.0,251.8,57.5,40.5,0.7411,1
SHog_SHW_01.18.2026_LS,SHW,1807,5187,86.47,131.8,257.2,54.9,40.0,0.803,1
SHog_SHW_01.18.2026_LS,SHW,1807,5188,86.49,126.5,257.5,56.4,40.7,0.738,1
SHog_SHW_01.18.2026_LS,SHW,1807,5189,86.5,113.3,259.0,57.0,40.8,0.759,1
SHog_SHW_01.18.2026_LS,SHW,1807,5190,86.52,104.9,260.3,56.8,41.3,0.7504,1
SHog_SHW_01.18.2026_LS,SHW,1807,5191,86.54,99.7,266.1,57.2,42.1,0.7523,1
SHog_SHW_01.18.2026_LS,SHW,1807,5192,86.55,88.8,271.1,57.4,41.2,0.7437,1
SHog_SHW_01.18.2026_LS,SHW,1807,5193,86.57,75.6,270.2,59.8,43.1,0.7545,1
SHog_SHW_01.18.2026_LS,SHW,1807,5194,86.59,69.1,269.9,59.0,42.7,0.7299,1
SHog_SHW_01.18.2026_LS,SHW,1807,5195,86.6,61.1,280.8,59.2,43.0,0.7525,1
SHog_SHW_01.18.2026_LS,SHW,1807,5196,86.62,54.6,282.2,60.0,41.8,0.7864,1
SHog_SHW_01.18.2026_LS,SHW,1807,5197,86.64,41.6,284.5,57.4,42.7,0.7579,1
SHog_SHW_01.18.2026_LS,SHW,1807,5198,86.65,28.7,282.7,57.4,43.6,0.6913,1
SHog_SHW_01.18.2026_LS,SHW,1807,5199,86.67,26.0,292.4,52.1,41.7,0.7465,1
SHog_SHW_01.18.2026_LS,SHW,1807,5200,86.69,23.4,294.7,46.8,41.3,0.7852,1
SHog_SHW_01.18.2026_LS,SHW,1807,5201,86.7,16.5,295.9,32.9,40.6,0.7426,1
SHog_SHW_01.18.2026_LS,SHW,1808,5124,85.42,616.1,131.7,37.9,35.2,0.6329,1
SHog_SHW_01.18.2026_LS,SHW,1808,5125,85.44,610.5,133.2,38.1,34.2,0.7049,1
SHog_SHW_01.18.2026_LS,SHW,1808,5126,85.45,606.2,134.2,37.7,34.1,0.7096,1
SHog_SHW_01.18.2026_LS,SHW,1808,5127,85.47,601.5,135.9,38.4,34.6,0.6704,1
SHog_SHW_01.18.2026_LS,SHW,1808,5128,85.49,594.1,138.5,38.6,33.5,0.7077,1
SHog_SHW_01.18.2026_LS,SHW,1808,5129,85.5,587.6,138.4,39.4,34.4,0.7229,1
SHog_SHW_01.18.2026_LS,SHW,1808,5130,85.52,583.2,138.4,38.9,34.0,0.7226,1
SHog_SHW_01.18.2026_LS,SHW,1808,5131,85.54,577.0,143.0,38.2,33.6,0.7311,1
SHog_SHW_01.18.2026_LS,SHW,1808,5132,85.55,570.9,142.5,39.8,33.7,0.7202,1
SHog_SHW_01.18.2026_LS,SHW,1808,5133,85.57,564.4,138.9,42.0,35.1,0.7328,1
SHog_SHW_01.18.2026_LS,SHW,1808,5134,85.59,560.3,142.1,39.9,34.6,0.7712,1
SHog_SHW_01.18.2026_LS,SHW,1808,5135,85.6,553.0,145.1,41.7,35.8,0.748,1
SHog_SHW_01.18.2026_LS,SHW,1808,5136,85.62,544.3,143.4,41.8,36.9,0.7522,1
SHog_SHW_01.18.2026_LS,SHW,1808,5137,85.64,536.9,141.0,38.8,33.3,0.6752,1
SHog_SHW_01.18.2026_LS,SHW,1808,5138,85.65,533.3,143.7,37.4,32.5,0.6646,1
SHog_SHW_01.18.2026_LS,SHW,1808,5139,85.67,528.1,148.7,39.4,34.8,0.7572,1
SHog_SHW_01.18.2026_LS,SHW,1808,5140,85.69,522.3,148.3,41.7,38.2,0.5699,1
SHog_SHW_01.18.2026_LS,SHW,1808,5141,85.7,514.8,147.1,41.8,37.3,0.6507,1
SHog_SHW_01.18.2026_LS,SHW,1808,5142,85.72,507.8,147.9,42.1,35.9,0.7783,1
SHog_SHW_01.18.2026_LS,SHW,1808,5143,85.74,502.8,154.8,40.2,34.4,0.6286,1
SHog_SHW_01.18.2026_LS,SHW,1808,5144,85.75,496.7,156.0,41.9,35.8,0.7156,1
SHog_SHW_01.18.2026_LS,SHW,1808,5145,85.77,492.1,156.0,42.4,36.3,0.7337,1
SHog_SHW_01.18.2026_LS,SHW,1808,5146,85.79,481.3,156.9,41.6,34.4,0.7137,1
SHog_SHW_01.18.2026_LS,SHW,1808,5147,85.8,475.5,157.4,42.0,34.5,0.7372,1
SHog_SHW_01.18.2026_LS,SHW,1808,5148,85.82,471.3,159.0,41.8,33.4,0.7455,1
SHog_SHW_01.18.2026_LS,SHW,1808,5149,85.84,466.3,162.5,41.6,33.5,0.6371,1
SHog_SHW_01.18.2026_LS,SHW,1808,5150,85.85,460.1,165.2,40.3,35.0,0.6676,1
SHog_SHW_01.18.2026_LS,SHW,1808,5151,85.87,452.1,165.3,43.2,36.3,0.6752,1
SHog_SHW_01.18.2026_LS,SHW,1808,5152,85.89,446.4,166.8,41.7,34.5,0.6725,1
SHog_SHW_01.18.2026_LS,SHW,1808,5153,85.9,438.5,171.1,41.4,38.3,0.7271,1
SHog_SHW_01.18.2026_LS,SHW,1808,5154,85.92,428.2,172.2,43.6,37.6,0.7489,1
SHog_SHW_01.18.2026_LS,SHW,1808,5155,85.94,421.3,171.6,43.3,36.5,0.756,1
SHog_SHW_01.18.2026_LS,SHW,1808,5156,85.95,416.9,177.6,43.0,37.4,0.7425,1
SHog_SHW_01.18.2026_LS,SHW,1808,5157,85.97,413.5,181.9,45.1,40.0,0.7349,1
SHog_SHW_01.18.2026_LS,SHW,1808,5158,85.99,404.6,181.3,45.5,38.6,0.7402,1
SHog_SHW_01.18.2026_LS,SHW,1808,5159,86.0,394.3,182.9,44.0,37.1,0.7672,1
SHog_SHW_01.18.2026_LS,SHW,1808,5160,86.02,389.5,187.4,42.1,38.1,0.739,1
SHog_SHW_01.18.2026_LS,SHW,1808,5161,86.04,384.2,191.9,41.5,36.5,0.7346,1
SHog_SHW_01.18.2026_LS,SHW,1808,5162,86.05,374.9,193.3,42.7,36.9,0.7751,1
SHog_SHW_01.18.2026_LS,SHW,1808,5163,86.07,366.9,191.6,43.3,36.4,0.7762,1
SHog_SHW_01.18.2026_LS,SHW,1808,5164,86.09,359.5,193.9,45.2,39.3,0.7553,1
SHog_SHW_01.18.2026_LS,SHW,1808,5165,86.1,351.8,196.5,45.5,39.5,0.7439,1
SHog_SHW_01.18.2026_LS,SHW,1808,5166,86.12,344.7,195.7,47.2,40.1,0.7502,1
SHog_SHW_01.18.2026_LS,SHW,1808,5167,86.14,338.6,196.8,46.4,39.8,0.7554,1
SHog_SHW_01.18.2026_LS,SHW,1808,5168,86.15,331.5,198.3,45.0,39.9,0.6996,1
SHog_SHW_01.18.2026_LS,SHW,1808,5169,86.17,321.2,199.1,44.6,40.5,0.7349,1
SHog_SHW_01.18.2026_LS,SHW,1808,5170,86.19,313.7,201.0,42.7,40.5,0.7668,1
SHog_SHW_01.18.2026_LS,SHW,1808,5171,86.2,308.6,203.1,43.0,39.7,0.7991,1
SHog_SHW_01.18.2026_LS,SHW,1808,5172,86.22,300.7,205.4,43.0,39.1,0.7543,1
SHog_SHW_01.18.2026_LS,SHW,1808,5173,86.24,292.5,203.7,42.6,38.5,0.7789,1
SHog_SHW_01.18.2026_LS,SHW,1808,5174,86.25,284.3,204.1,42.5,38.5,0.7829,1
SHog_SHW_01.18.2026_LS,SHW,1808,5175,86.27,276.4,204.0,42.0,39.4,0.8074,1
SHog_SHW_01.18.2026_LS,SHW,1808,5176,86.29,269.6,204.5,42.7,36.4,0.7315,1
SHog_SHW_01.18.2026_LS,SHW,1808,5177,86.3,266.5,210.5,40.4,33.8,0.15,1
SHog_SHW_01.18.2026_LS,SHW,1808,5178,86.32,259.9,212.1,40.7,34.3,0.7577,1
SHog_SHW_01.18.2026_LS,SHW,1808,5179,86.34,247.1,210.4,40.2,35.9,0.727,1
SHog_SHW_01.18.2026_LS,SHW,1808,5180,86.35,233.6,210.0,40.7,37.3,0.7566,1
SHog_SHW_01.18.2026_LS,SHW,1808,5181,86.37,232.4,220.8,39.0,37.2,0.7867,1
SHog_SHW_01.18.2026_LS,SHW,1808,5182,86.39,226.5,224.7,38.6,36.0,0.7803,1
SHog_SHW_01.18.2026_LS,SHW,1808,5183,86.4,219.4,225.7,38.7,35.5,0.7853,1
SHog_SHW_01.18.2026_LS,SHW,1808,5184,86.42,210.0,228.2,40.1,36.8,0.7882,1
SHog_SHW_01.18.2026_LS,SHW,1808,5185,86.44,200.6,230.0,39.5,36.8,0.7887,1
SHog_SHW_01.18.2026_LS,SHW,1808,5186,86.45,192.5,232.8,40.2,37.1,0.7804,1
SHog_SHW_01.18.2026_LS,SHW,1808,5187,86.47,185.6,237.6,41.0,37.9,0.7916,1
SHog_SHW_01.18.2026_LS,SHW,1808,5188,86.49,179.3,239.1,42.1,37.1,0.7748,1
SHog_SHW_01.18.2026_LS,SHW,1808,5189,86.5,167.0,240.9,43.8,37.8,0.8053,1
SHog_SHW_01.18.2026_LS,SHW,1808,5190,86.52,158.5,241.1,43.1,38.4,0.8029,1
SHog_SHW_01.18.2026_LS,SHW,1808,5191,86.54,153.9,245.4,43.3,38.2,0.7347,1
SHog_SHW_01.18.2026_LS,SHW,1808,5192,86.55,142.9,251.2,43.6,37.8,0.776,1
SHog_SHW_01.18.2026_LS,SHW,1808,5193,86.57,131.4,250.4,44.2,38.5,0.7835,1
SHog_SHW_01.18.2026_LS,SHW,1808,5194,86.59,123.9,248.9,44.4,40.1,0.7818,1
SHog_SHW_01.18.2026_LS,SHW,1808,5195,86.6,117.0,257.8,43.7,39.9,0.733,1
SHog_SHW_01.18.2026_LS,SHW,1808,5196,86.62,112.0,260.8,43.4,37.2,0.7949,1
SHog_SHW_01.18.2026_LS,SHW,1808,5197,86.64,99.3,263.5,42.7,36.5,0.7804,1
SHog_SHW_01.18.2026_LS,SHW,1808,5198,86.65,86.4,261.3,44.6,39.1,0.7927,1
SHog_SHW_01.18.2026_LS,SHW,1808,5199,86.67,81.9,270.7,40.7,38.4,0.7686,1
SHog_SHW_01.18.2026_LS,SHW,1808,5200,86.69,76.4,273.6,39.9,36.7,0.7929,1
SHog_SHW_01.18.2026_LS,SHW,1808,5201,86.7,64.0,275.1,40.2,35.7,0.7676,1
SHog_SHW_01.18.2026_LS,SHW,1808,5202,86.72,52.5,274.7,40.9,35.9,0.727,1
SHog_SHW_01.18.2026_LS,SHW,1808,5203,86.74,45.1,281.7,40.7,36.5,0.7448,1
SHog_SHW_01.18.2026_LS,SHW,1808,5204,86.75,40.7,285.7,39.5,35.2,0.7569,1
SHog_SHW_01.18.2026_LS,SHW,1808,5205,86.77,29.2,288.2,40.0,34.2,0.8129,1
SHog_SHW_01.18.2026_LS,SHW,1808,5206,86.79,22.5,287.2,39.8,34.9,0.7335,1
SHog_SHW_01.18.2026_LS,SHW,1808,5207,86.8,17.5,289.7,34.7,37.0,0.7388,1
SHog_SHW_01.18.2026_LS,SHW,1808,5208,86.82,13.9,295.0,27.9,34.6,0.5957,1
SHog_SHW_01.18.2026_LS,SHW,1813,5659,94.34,222.6,105.9,46.7,38.9,0.4979,0
SHog_SHW_01.18.2026_LS,SHW,1813,5660,94.35,218.5,108.0,48.6,39.2,0.5458,0
SHog_SHW_01.18.2026_LS,SHW,1813,5661,94.37,212.4,109.6,48.5,39.8,0.5564,0
SHog_SHW_01.18.2026_LS,SHW,1813,5662,94.39,206.1,110.1,52.4,40.1,0.334,0
SHog_SHW_01.18.2026_LS,SHW,1813,5663,94.4,199.3,109.6,51.3,39.6,0.5029,0
SHog_SHW_01.18.2026_LS,SHW,1813,5664,94.42,196.1,109.5,58.8,43.4,0.1358,0
SHog_SHW_01.18.2026_LS,SHW,1844,8528,142.17,472.0,18.5,43.9,25.1,0.5724,0
SHog_SHW_01.18.2026_LS,SHW,1844,8529,142.18,462.5,19.5,37.5,24.2,0.571,0
SHog_SHW_01.18.2026_LS,SHW,1844,8530,142.2,460.4,18.3,38.0,24.4,0.6216,0
SHog_SHW_01.18.2026_LS,SHW,1844,8531,142.22,460.1,19.3,38.9,26.9,0.1587,0
SHog_SHW_01.18.2026_LS,SHW,1847,8567,142.82,299.1,17.3,43.6,26.9,0.605,1
SHog_SHW_01.18.2026_LS,SHW,1847,8568,142.83,293.3,19.2,45.0,27.6,0.6596,1
SHog_SHW_01.18.2026_LS,SHW,1847,8569,142.85,288.0,20.6,46.9,28.8,0.6468,1
SHog_SHW_01.18.2026_LS,SHW,1847,8570,142.87,284.9,23.8,44.9,28.7,0.519,1
SHog_SHW_01.18.2026_LS,SHW,1847,8571,142.88,280.9,28.1,45.0,30.6,0.5023,1
SHog_SHW_01.18.2026_LS,SHW,1847,8572,142.9,276.0,29.9,47.8,30.4,0.528,1
SHog_SHW_01.18.2026_LS,SHW,1847,8573,142.92,270.3,31.3,45.8,28.8,0.6716,1
SHog_SHW_01.18.2026_LS,SHW,1847,8574,142.93,266.5,36.3,43.3,31.4,0.4475,1
SHog_SHW_01.18.2026_LS,SHW,1847,8575,142.95,260.6,40.0,40.7,29.0,0.6019,1
SHog_SHW_01.18.2026_LS,SHW,1847,8576,142.97,254.4,41.9,39.3,27.9,0.4522,1
SHog_SHW_01.18.2026_LS,SHW,1847,8578,143.0,246.0,49.1,38.9,25.7,0.3565,1
SHog_SHW_01.18.2026_LS,SHW,1847,8579,143.02,241.2,50.3,38.8,26.0,0.4663,1
SHog_SHW_01.18.2026_LS,SHW,1847,8588,143.17,198.3,82.5,40.5,23.9,0.6951,1
SHog_SHW_01.18.2026_LS,SHW,1847,8589,143.18,195.7,86.9,44.3,26.1,0.5077,1
SHog_SHW_01.18.2026_LS,SHW,1847,8591,143.22,182.5,95.5,40.4,24.1,0.4112,1
SHog_SHW_01.18.2026_LS,SHW,1847,8592,143.23,177.1,96.8,37.9,22.2,0.6828,1
SHog_SHW_01.18.2026_LS,SHW,1847,8593,143.25,171.9,98.9,38.9,22.1,0.6472,1
SHog_SHW_01.18.2026_LS,SHW,1847,8594,143.27,168.2,101.8,40.4,23.1,0.7004,1
SHog_SHW_01.18.2026_LS,SHW,1847,8595,143.28,164.3,104.4,38.8,24.2,0.6852,1
SHog_SHW_01.18.2026_LS,SHW,1847,8596,143.3,159.4,105.7,38.8,23.9,0.7683,1
SHog_SHW_01.18.2026_LS,SHW,1847,8597,143.32,156.3,107.5,42.1,25.7,0.6988,1
SHog_SHW_01.18.2026_LS,SHW,1847,8598,143.33,153.2,110.5,39.2,25.9,0.6381,1
SHog_SHW_01.18.2026_LS,SHW,1847,8599,143.35,149.0,112.2,40.6,27.2,0.6907,1
SHog_SHW_01.18.2026_LS,SHW,1847,8600,143.37,143.3,113.6,41.7,27.3,0.7379,1
SHog_SHW_01.18.2026_LS,SHW,1847,8601,143.38,139.4,115.4,43.9,26.3,0.71,1
SHog_SHW_01.18.2026_LS,SHW,1847,8602,143.4,133.2,117.7,42.8,25.4,0.7269,1
SHog_SHW_01.18.2026_LS,SHW,1847,8603,143.42,130.1,120.4,45.3,26.8,0.7033,1
SHog_SHW_01.18.2026_LS,SHW,1847,8604,143.43,124.0,121.9,43.0,26.6,0.7044,1
SHog_SHW_01.18.2026_LS,SHW,1847,8605,143.45,119.2,124.2,45.5,28.3,0.7588,1
SHog_SHW_01.18.2026_LS,SHW,1847,8606,143.47,115.1,126.0,44.8,27.1,0.78,1
SHog_SHW_01.18.2026_LS,SHW,1847,8607,143.48,111.1,127.2,45.3,26.5,0.7561,1
SHog_SHW_01.18.2026_LS,SHW,1847,8608,143.5,106.2,128.0,46.2,26.7,0.7748,1
SHog_SHW_01.18.2026_LS,SHW,1847,8609,143.52,101.4,129.6,44.3,27.4,0.7631,1
SHog_SHW_01.18.2026_LS,SHW,1847,8610,143.53,97.9,131.8,45.6,27.8,0.7567,1
SHog_SHW_01.18.2026_LS,SHW,1847,8611,143.55,92.9,134.5,43.9,27.6,0.7289,1
SHog_SHW_01.18.2026_LS,SHW,1847,8612,143.57,89.5,136.3,45.2,27.0,0.7827,1
SHog_SHW_01.18.2026_LS,SHW,1847,8613,143.58,81.9,138.0,41.7,27.8,0.4852,1
SHog_SHW_01.18.2026_LS,SHW,1847,8614,143.6,76.5,138.3,43.4,28.7,0.6154,1
SHog_SHW_01.18.2026_LS,SHW,1847,8615,143.62,73.0,140.2,42.3,28.1,0.6081,1
SHog_SHW_01.18.2026_LS,SHW,1851,8626,143.8,14.4,155.7,28.4,27.1,0.4862,0
SHog_SHW_01.18.2026_LS,SHW,1851,8627,143.82,12.4,156.9,24.9,25.5,0.4787,0
SHog_SHW_01.18.2026_LS,SHW,1851,8628,143.83,11.2,158.9,22.4,25.6,0.23,0
SHog_SHW_01.18.2026_LS,SHW,1851,8629,143.85,8.3,159.3,16.6,24.9,0.353,0
SHog_SHW_01.18.2026_LS,SHW,1851,8630,143.87,5.7,160.2,11.1,24.8,0.1454,0
SHog_SHW_01.18.2026_LS,SHW,1853,8714,145.27,595.1,68.1,53.0,49.6,0.7812,1
SHog_SHW_01.18.2026_LS,SHW,1853,8715,145.28,583.4,68.4,52.2,50.2,0.6849,1
SHog_SHW_01.18.2026_LS,SHW,1853,8716,145.3,571.3,69.2,62.8,50.6,0.469,1
SHog_SHW_01.18.2026_LS,SHW,1853,8718,145.33,548.9,73.5,65.9,55.6,0.2822,1
SHog_SHW_01.18.2026_LS,SHW,1853,8719,145.35,539.6,73.7,64.6,52.3,0.737,1
SHog_SHW_01.18.2026_LS,SHW,1853,8720,145.37,530.2,73.5,65.0,53.4,0.8466,1
SHog_SHW_01.18.2026_LS,SHW,1853,8721,145.38,520.9,74.7,65.6,52.9,0.7874,1
SHog_SHW_01.18.2026_LS,SHW,1853,8722,145.4,512.6,79.7,68.1,54.9,0.7618,1
SHog_SHW_01.18.2026_LS,SHW,1853,8723,145.42,497.0,85.8,60.5,50.9,0.7984,1
SHog_SHW_01.18.2026_LS,SHW,1853,8724,145.43,490.6,84.6,72.1,59.1,0.6882,1
SHog_SHW_01.18.2026_LS,SHW,1853,8725,145.45,478.7,86.2,61.3,59.3,0.7332,1
SHog_SHW_01.18.2026_LS,SHW,1853,8726,145.47,469.4,85.9,69.7,58.3,0.7847,1
SHog_SHW_01.18.2026_LS,SHW,1853,8727,145.48,464.3,93.4,63.5,57.8,0.7709,1
SHog_SHW_01.18.2026_LS,SHW,1853,8728,145.5,452.0,98.5,69.3,57.2,0.754,1
SHog_SHW_01.18.2026_LS,SHW,1853,8729,145.52,441.3,96.4,75.1,59.3,0.8,1
SHog_SHW_01.18.2026_LS,SHW,1853,8730,145.53,434.1,92.8,79.3,58.9,0.7887,1
SHog_SHW_01.18.2026_LS,SHW,1853,8731,145.55,424.4,99.4,77.7,58.2,0.8204,1
SHog_SHW_01.18.2026_LS,SHW,1853,8732,145.57,415.2,101.9,81.5,59.5,0.7506,1
SHog_SHW_01.18.2026_LS,SHW,1853,8733,145.58,407.0,99.5,85.5,62.1,0.7675,1
SHog_SHW_01.18.2026_LS,SHW,1853,8734,145.6,391.2,103.1,83.9,59.6,0.8054,1
SHog_SHW_01.18.2026_LS,SHW,1853,8735,145.62,385.7,103.9,84.2,59.6,0.7873,1
SHog_SHW_01.18.2026_LS,SHW,1853,8743,145.75,306.2,115.6,81.3,63.2,0.7442,1
SHog_SHW_01.18.2026_LS,SHW,1853,8744,145.77,298.8,117.9,83.1,63.0,0.8019,1
SHog_SHW_01.18.2026_LS,SHW,1853,8745,145.78,290.6,122.0,81.4,61.3,0.8053,1
SHog_SHW_01.18.2026_LS,SHW,1853,8746,145.8,272.9,122.7,86.2,64.2,0.7683,1
SHog_SHW_01.18.2026_LS,SHW,1853,8747,145.82,260.3,127.9,85.6,61.2,0.7912,1
SHog_SHW_01.18.2026_LS,SHW,1853,8748,145.83,256.0,133.0,82.4,61.9,0.7802,1
SHog_SHW_01.18.2026_LS,SHW,1853,8749,145.85,242.3,138.1,82.7,59.9,0.8086,1
SHog_SHW_01.18.2026_LS,SHW,1853,8750,145.87,232.0,142.1,86.4,62.0,0.8085,1
SHog_SHW_01.18.2026_LS,SHW,1853,8751,145.88,219.8,144.5,86.0,62.4,0.8034,1
SHog_SHW_01.18.2026_LS,SHW,1853,8752,145.9,210.2,147.6,83.9,60.7,0.8078,1
SHog_SHW_01.18.2026_LS,SHW,1853,8753,145.92,198.1,152.4,89.1,60.9,0.8146,1
SHog_SHW_01.18.2026_LS,SHW,1853,8754,145.93,192.5,151.3,89.5,60.9,0.824,1
SHog_SHW_01.18.2026_LS,SHW,1853,8755,145.95,184.7,153.7,89.3,60.9,0.8157,1
SHog_SHW_01.18.2026_LS,SHW,1853,8756,145.97,175.6,160.2,95.2,61.7,0.8221,1
SHog_SHW_01.18.2026_LS,SHW,1853,8757,145.98,162.8,160.7,98.5,60.8,0.7832,1
SHog_SHW_01.18.2026_LS,SHW,1853,8758,146.0,150.5,162.0,99.3,60.1,0.8059,1
SHog_SHW_01.18.2026_LS,SHW,1853,8759,146.02,140.9,165.9,96.3,60.6,0.7936,1
SHog_SHW_01.18.2026_LS,SHW,1853,8760,146.03,119.3,169.0,98.3,61.6,0.7611,1
SHog_SHW_01.18.2026_LS,SHW,1853,8761,146.05,104.2,168.9,103.1,63.0,0.7668,1
SHog_SHW_01.18.2026_LS,SHW,1853,8762,146.07,100.9,172.3,102.1,62.3,0.813,1
SHog_SHW_01.18.2026_LS,SHW,1853,8763,146.08,88.0,178.6,97.8,60.3,0.8025,1
SHog_SHW_01.18.2026_LS,SHW,1853,8764,146.1,79.4,178.6,99.7,59.2,0.3158,1
SHog_SHW_01.18.2026_LS,SHW,1853,8765,146.12,68.8,178.2,97.5,57.6,0.7033,1
SHog_SHW_01.18.2026_LS,SHW,1853,8766,146.13,59.4,182.9,101.9,59.8,0.8352,1
SHog_SHW_01.18.2026_LS,SHW,1853,8767,146.15,52.6,189.3,98.6,61.0,0.7573,1
SHog_SHW_01.18.2026_LS,SHW,1853,8768,146.17,43.8,189.6,84.4,58.8,0.7743,1
SHog_SHW_01.18.2026_LS,SHW,1853,8769,146.18,35.4,190.9,70.7,63.8,0.6998,1
SHog_SHW_01.18.2026_LS,SHW,1853,8770,146.2,26.6,194.3,53.2,72.3,0.648,1
SHog_SHW_01.18.2026_LS,SHW,1853,8771,146.22,19.7,195.4,39.4,70.4,0.3507,1
SHog_SHW_01.18.2026_LS,SHW,1853,8772,146.23,15.0,197.1,29.9,65.2,0.2912,1
SHog_SHW_01.18.2026_LS,SHW,1885,10688,178.17,565.7,68.4,110.4,119.3,0.6544,0
SHog_SHW_01.18.2026_LS,SHW,1885,10689,178.19,566.2,66.4,106.8,116.3,0.3743,0
SHog_SHW_01.18.2026_LS,SHW,1885,10690,178.21,560.9,67.9,102.0,115.1,0.1979,0
SHog_SHW_01.18.2026_LS,SHW,1885,10691,178.22,558.9,70.1,105.4,117.1,0.2267,0
SHog_SHW_01.18.2026_LS,SHW,1889,10764,179.44,441.2,124.7,92.6,87.7,0.5385,0
SHog_SHW_01.18.2026_LS,SHW,1889,10765,179.46,431.7,131.1,78.7,81.5,0.4427,0
SHog_SHW_01.18.2026_LS,SHW,1889,10766,179.47,421.7,139.6,59.3,71.4,0.1256,0
SHog_SHW_01.18.2026_LS,SHW,1892,10790,179.87,271.7,256.1,57.4,39.1,0.4769,0
SHog_SHW_01.18.2026_LS,SHW,1892,10791,179.89,262.3,264.6,66.4,49.6,0.4207,0
SHog_SHW_01.18.2026_LS,SHW,1892,10792,179.91,253.3,270.4,73.4,53.8,0.5106,0
SHog_SHW_01.18.2026_LS,SHW,1892,10793,179.92,243.3,272.8,79.5,58.1,0.2048,0
SHog_SHW_01.18.2026_LS,SHW,1892,10794,179.94,235.5,275.4,83.0,62.1,0.402,0
SHog_SHW_01.18.2026_LS,SHW,1913,10905,181.79,278.4,157.8,43.7,26.4,0.5645,0
SHog_SHW_01.18.2026_LS,SHW,1913,10906,181.81,271.7,160.6,41.7,26.2,0.4808,0
SHog_SHW_01.18.2026_LS,SHW,1913,10907,181.82,257.9,166.5,40.2,25.8,0.4639,0
SHog_SHW_01.18.2026_LS,SHW,1913,10908,181.84,251.7,169.9,39.0,27.1,0.3919,0
SHog_SHW_01.18.2026_LS,SHW,1913,10909,181.86,243.0,174.1,35.4,26.6,0.2152,0
SHog_SHW_01.18.2026_LS,SHW,1914,10910,181.87,270.0,155.7,46.5,31.4,0.5871,0
SHog_SHW_01.18.2026_LS,SHW,1914,10911,181.89,261.7,160.1,42.1,28.9,0.5261,0
SHog_SHW_01.18.2026_LS,SHW,1914,10912,181.91,253.6,167.8,40.2,26.3,0.404,0
SHog_SHW_01.18.2026_LS,SHW,1914,10913,181.92,244.2,172.7,38.3,24.5,0.3363,0
SHog_SHW_01.18.2026_LS,SHW,1914,10914,181.94,226.8,176.8,36.8,24.2,0.4705,0
SHog_SHW_01.18.2026_LS,SHW,1914,10915,181.96,216.2,180.0,37.3,25.2,0.4505,0
SHog_SHW_01.18.2026_LS,SHW,1930,11613,193.59,124.9,105.4,27.7,24.1,0.5186,0
SHog_SHW_01.18.2026_LS,SHW,1930,11614,193.61,119.8,104.8,29.8,25.3,0.4685,0
SHog_SHW_01.18.2026_LS,SHW,1930,11616,193.64,113.2,112.7,28.7,24.7,0.4828,0
SHog_SHW_01.18.2026_LS,SHW,1956,15108,251.86,275.4,99.1,28.0,21.7,0.3867,0
SHog_SHW_01.18.2026_LS,SHW,1956,15109,251.87,266.4,98.7,29.6,22.6,0.1509,0
SHog_SHW_01.18.2026_LS,SHW,1956,15111,251.91,251.4,103.2,27.4,20.7,0.6024,0
SHog_SHW_01.18.2026_LS,SHW,1956,15112,251.92,248.1,104.2,28.8,21.0,0.4977,0
SHog_SHW_01.18.2026_LS,SHW,1956,15113,251.94,239.9,106.1,29.3,21.6,0.4463,0
SHog_SHW_01.18.2026_LS,SHW,1956,15114,251.96,230.3,106.2,28.4,22.0,0.1483,0
UpperRichland_SHW_01.18.2026_LS,SHW,2003,1781,29.83,576.0,335.1,50.2,40.5,0.5451,0
UpperRichland_SHW_01.18.2026_LS,SHW,2003,1782,29.85,570.1,332.8,50.2,41.4,0.2439,0
UpperRichland_SHW_01.18.2026_LS,SHW,2003,1785,29.9,557.0,340.8,55.2,41.9,0.4058,0
UpperRichland_SHW_01.18.2026_LS,SHW,2003,1786,29.91,552.1,343.9,49.0,41.1,0.1343,0
UpperRichland_SHW_01.18.2026_LS,SHW,2003,1787,29.93,547.5,345.9,44.6,39.0,0.3885,0
UpperRichland_SHW_01.18.2026_LS,SHW,2003,1788,29.95,540.0,346.9,42.2,37.6,0.2271,0
UpperRichland_SHW_01.18.2026_LS,SHW,2003,1789,29.97,537.7,351.5,36.0,36.9,0.1688,0
