video,site,track_id,first_frame,last_frame,first_s,last_s,n_frames,span_s,mean_conf,topk_conf,mean_box_px,confirmed
AquaCultureRd_TON_12.03.25_LS,TON,1270,6039,6176,100.73,103.02,26,2.3,0.2824,0.5046,748.5,1
AquaCultureRd_TON_12.03.25_LS,TON,1232,2778,2809,46.34,46.85,26,0.53,0.3125,0.4879,463.1,1
AquaCultureRd_TON_12.03.25_LS,TON,142,6679,6688,111.41,111.56,10,0.17,0.5476,0.6001,849.1,0
AquaCultureRd_TON_12.03.25_LS,TON,152,8061,8061,134.46,134.46,1,0.02,0.5227,0.5227,675.6,0
AquaCultureRd_TON_12.03.25_LS,TON,116,6425,6425,107.17,107.17,1,0.02,0.5219,0.5219,1786.4,0
AquaCultureRd_TON_12.03.25_LS,TON,1285,6678,6678,111.39,111.39,1,0.02,0.513,0.513,594.6,0
AquaCultureRd_TON_12.03.25_LS,TON,49,2973,2973,49.59,49.59,1,0.02,0.4929,0.4929,719.9,0
AquaCultureRd_TON_12.03.25_LS,TON,141,6623,6623,110.47,110.47,1,0.02,0.4925,0.4925,704.4,0
AquaCultureRd_TON_12.03.25_LS,TON,54,2979,2990,49.69,49.87,8,0.2,0.4076,0.4596,488.1,0
AquaCultureRd_TON_12.03.25_LS,TON,218,15374,15374,256.44,256.44,1,0.02,0.4547,0.4547,680.1,0
AquaCultureRd_TON_12.03.25_LS,TON,1305,8811,8816,146.97,147.05,5,0.1,0.4467,0.4467,738.8,0
AquaCultureRd_TON_12.03.25_LS,TON,1282,6611,6622,110.27,110.46,12,0.2,0.3003,0.4209,449.1,0
AquaCultureRd_TON_12.03.25_LS,TON,1296,8114,8114,135.34,135.34,1,0.02,0.3922,0.3922,438.0,0
AquaCultureRd_TON_12.03.25_LS,TON,181,9631,9644,160.65,160.86,6,0.23,0.3624,0.3869,2975.3,0
AquaCultureRd_TON_12.03.25_LS,TON,1280,6585,6592,109.84,109.95,7,0.13,0.3382,0.3841,495.8,0
AquaCultureRd_TON_12.03.25_LS,TON,1234,2797,2798,46.65,46.67,2,0.03,0.3807,0.3807,475.5,0
AquaCultureRd_TON_12.03.25_LS,TON,1241,2970,2978,49.54,49.67,8,0.15,0.3222,0.3707,558.7,0
AquaCultureRd_TON_12.03.25_LS,TON,69,3037,3037,50.66,50.66,1,0.02,0.3634,0.3634,340.8,0
AquaCultureRd_TON_12.03.25_LS,TON,15,1177,1177,19.63,19.63,1,0.02,0.3615,0.3615,2092.2,0
AquaCultureRd_TON_12.03.25_LS,TON,61,2998,2998,50.01,50.01,1,0.02,0.3438,0.3438,412.2,0
AquaCultureRd_TON_12.03.25_LS,TON,1252,4351,4351,72.57,72.57,1,0.02,0.3391,0.3391,1438.0,0
AquaCultureRd_TON_12.03.25_LS,TON,1242,2991,3007,49.89,50.16,13,0.28,0.2285,0.3317,370.8,0
AquaCultureRd_TON_12.03.25_LS,TON,1257,4997,4999,83.35,83.38,3,0.05,0.3264,0.3264,3053.5,0
AquaCultureRd_TON_12.03.25_LS,TON,1300,8637,8637,144.07,144.07,1,0.02,0.313,0.313,620.9,0
AquaCultureRd_TON_12.03.25_LS,TON,1267,5874,5875,97.98,98.0,2,0.03,0.3061,0.3061,774.3,0
AquaCultureRd_TON_12.03.25_LS,TON,1223,1073,1074,17.9,17.91,2,0.03,0.3002,0.3002,410.9,0
AquaCultureRd_TON_12.03.25_LS,TON,1244,3029,3039,50.52,50.69,10,0.18,0.239,0.2994,420.5,0
AquaCultureRd_TON_12.03.25_LS,TON,1346,15738,15739,262.51,262.53,2,0.03,0.2937,0.2937,1973.9,0
AquaCultureRd_TON_12.03.25_LS,TON,1247,3133,3135,52.26,52.29,2,0.05,0.2907,0.2907,398.0,0
AquaCultureRd_TON_12.03.25_LS,TON,1253,4385,4385,73.14,73.14,1,0.02,0.2838,0.2838,2610.9,0
AquaCultureRd_TON_12.03.25_LS,TON,1343,15367,15389,256.32,256.69,11,0.38,0.1933,0.2715,897.1,0
AquaCultureRd_TON_12.03.25_LS,TON,1351,16230,16230,270.72,270.72,1,0.02,0.2665,0.2665,618.9,0
AquaCultureRd_TON_12.03.25_LS,TON,1297,8119,8119,135.43,135.43,1,0.02,0.264,0.264,515.6,0
AquaCultureRd_TON_12.03.25_LS,TON,1331,13714,13714,228.75,228.75,1,0.02,0.2536,0.2536,1392.9,0
AquaCultureRd_TON_12.03.25_LS,TON,1278,6574,6574,109.65,109.65,1,0.02,0.2518,0.2518,565.0,0
AquaCultureRd_TON_12.03.25_LS,TON,1219,908,908,15.15,15.15,1,0.02,0.2512,0.2512,1374.8,0
AquaCultureRd_TON_12.03.25_LS,TON,1322,10980,10980,183.15,183.15,1,0.02,0.2478,0.2478,693.4,0
AquaCultureRd_TON_12.03.25_LS,TON,1315,9624,9659,160.53,161.11,19,0.6,0.1667,0.2435,2967.4,0
AquaCultureRd_TON_12.03.25_LS,TON,1307,9129,9135,152.27,152.37,4,0.12,0.2428,0.2428,1956.6,0
AquaCultureRd_TON_12.03.25_LS,TON,1321,10591,10599,176.66,176.79,6,0.15,0.2162,0.2379,773.1,0
AquaCultureRd_TON_12.03.25_LS,TON,1218,618,622,10.31,10.37,2,0.08,0.2344,0.2344,633.7,0
AquaCultureRd_TON_12.03.25_LS,TON,1358,18924,18956,315.65,316.19,21,0.55,0.1749,0.2337,290.2,0
AquaCultureRd_TON_12.03.25_LS,TON,1263,5391,5393,89.92,89.96,3,0.05,0.2317,0.2317,498.5,0
AquaCultureRd_TON_12.03.25_LS,TON,1354,17413,17416,290.45,290.5,2,0.07,0.2277,0.2277,949.2,0
AquaCultureRd_TON_12.03.25_LS,TON,1230,2398,2398,40.0,40.0,1,0.02,0.2242,0.2242,348.4,0
AquaCultureRd_TON_12.03.25_LS,TON,1344,15420,15420,257.21,257.21,1,0.02,0.223,0.223,760.9,0
AquaCultureRd_TON_12.03.25_LS,TON,1274,6424,6426,107.15,107.19,2,0.05,0.2213,0.2213,1751.9,0
AquaCultureRd_TON_12.03.25_LS,TON,1347,15782,15805,263.24,263.63,10,0.4,0.1632,0.2153,442.4,0
AquaCultureRd_TON_12.03.25_LS,TON,1225,1087,1117,18.13,18.63,4,0.52,0.2141,0.2141,1537.4,0
AquaCultureRd_TON_12.03.25_LS,TON,1301,8643,8688,144.17,144.92,6,0.77,0.1938,0.2123,868.8,0
AquaCultureRd_TON_12.03.25_LS,TON,1224,1074,1114,17.91,18.58,7,0.68,0.1798,0.2093,982.4,0
AquaCultureRd_TON_12.03.25_LS,TON,1341,15199,15207,253.52,253.65,4,0.15,0.2091,0.2091,207.1,0
AquaCultureRd_TON_12.03.25_LS,TON,1254,4523,4523,75.44,75.44,1,0.02,0.2085,0.2085,1008.8,0
AquaCultureRd_TON_12.03.25_LS,TON,1233,2781,2782,46.39,46.4,2,0.03,0.2078,0.2078,264.2,0
AquaCultureRd_TON_12.03.25_LS,TON,1295,8071,8072,134.62,134.64,2,0.03,0.2072,0.2072,821.8,0
AquaCultureRd_TON_12.03.25_LS,TON,1316,9766,9766,162.9,162.9,1,0.02,0.2026,0.2026,756.4,0
AquaCultureRd_TON_12.03.25_LS,TON,1318,9792,9792,163.33,163.33,1,0.02,0.1992,0.1992,339.4,0
AquaCultureRd_TON_12.03.25_LS,TON,1228,1175,1176,19.6,19.62,2,0.03,0.1962,0.1962,2223.0,0
AquaCultureRd_TON_12.03.25_LS,TON,1222,1066,1075,17.78,17.93,5,0.17,0.1947,0.1947,867.2,0
AquaCultureRd_TON_12.03.25_LS,TON,1275,6426,6426,107.19,107.19,1,0.02,0.1909,0.1909,2023.1,0
AquaCultureRd_TON_12.03.25_LS,TON,1327,12564,12565,209.57,209.58,2,0.03,0.1909,0.1909,212.6,0
AquaCultureRd_TON_12.03.25_LS,TON,1304,8759,8759,146.1,146.1,1,0.02,0.1908,0.1908,435.1,0
AquaCultureRd_TON_12.03.25_LS,TON,1255,4861,4861,81.08,81.08,1,0.02,0.1889,0.1889,1179.6,0
AquaCultureRd_TON_12.03.25_LS,TON,1279,6576,6593,109.69,109.97,3,0.3,0.1861,0.1861,1141.2,0
AquaCultureRd_TON_12.03.25_LS,TON,1235,2815,2819,46.95,47.02,3,0.08,0.1839,0.1839,426.8,0
AquaCultureRd_TON_12.03.25_LS,TON,1335,15081,15130,251.55,252.37,21,0.83,0.1366,0.1822,240.2,0
AquaCultureRd_TON_12.03.25_LS,TON,1294,8028,8060,133.91,134.44,3,0.55,0.1792,0.1792,655.5,0
AquaCultureRd_TON_12.03.25_LS,TON,1281,6600,6600,110.09,110.09,1,0.02,0.1781,0.1781,559.5,0
AquaCultureRd_TON_12.03.25_LS,TON,1298,8615,8641,143.7,144.13,2,0.45,0.1749,0.1749,603.9,0
AquaCultureRd_TON_12.03.25_LS,TON,1286,6700,6701,111.76,111.77,2,0.03,0.174,0.174,1012.8,0
AquaCultureRd_TON_12.03.25_LS,TON,1340,15196,15196,253.47,253.47,1,0.02,0.1737,0.1737,340.1,0
AquaCultureRd_TON_12.03.25_LS,TON,1288,7229,7229,120.58,120.58,1,0.02,0.1733,0.1733,734.7,0
AquaCultureRd_TON_12.03.25_LS,TON,1320,10585,10585,176.56,176.56,1,0.02,0.1724,0.1724,380.7,0
AquaCultureRd_TON_12.03.25_LS,TON,1258,5065,5065,84.48,84.48,1,0.02,0.1719,0.1719,456.4,0
AquaCultureRd_TON_12.03.25_LS,TON,1271,6085,6085,101.5,101.5,1,0.02,0.1684,0.1684,1549.3,0
AquaCultureRd_TON_12.03.25_LS,TON,1290,7720,7720,128.77,128.77,1,0.02,0.166,0.166,3500.5,0
AquaCultureRd_TON_12.03.25_LS,TON,1238,2844,2844,47.44,47.44,1,0.02,0.1658,0.1658,402.3,0
AquaCultureRd_TON_12.03.25_LS,TON,1259,5097,5097,85.02,85.02,1,0.02,0.1654,0.1654,984.4,0
AquaCultureRd_TON_12.03.25_LS,TON,1287,7108,7108,118.56,118.56,1,0.02,0.1635,0.1635,922.2,0
AquaCultureRd_TON_12.03.25_LS,TON,1237,2844,2847,47.44,47.49,2,0.07,0.1629,0.1629,389.0,0
AquaCultureRd_TON_12.03.25_LS,TON,1268,5921,5921,98.76,98.76,1,0.02,0.1626,0.1626,1170.6,0
AquaCultureRd_TON_12.03.25_LS,TON,1289,7505,7505,125.18,125.18,1,0.02,0.1623,0.1623,583.2,0
AquaCultureRd_TON_12.03.25_LS,TON,1319,10394,10394,173.37,173.37,1,0.02,0.1602,0.1602,342.9,0
AquaCultureRd_TON_12.03.25_LS,TON,1334,14788,14792,246.66,246.73,5,0.08,0.1579,0.1579,428.4,0
AquaCultureRd_TON_12.03.25_LS,TON,1350,16192,16195,270.08,270.13,2,0.07,0.1577,0.1577,1064.1,0
AquaCultureRd_TON_12.03.25_LS,TON,1227,1166,1166,19.45,19.45,1,0.02,0.1575,0.1575,2202.9,0
AquaCultureRd_TON_12.03.25_LS,TON,1261,5302,5302,88.44,88.44,1,0.02,0.1567,0.1567,601.8,0
AquaCultureRd_TON_12.03.25_LS,TON,1353,17129,17129,285.71,285.71,1,0.02,0.1563,0.1563,283.5,0
AquaCultureRd_TON_12.03.25_LS,TON,1251,4153,4153,69.27,69.27,1,0.02,0.1556,0.1556,651.2,0
AquaCultureRd_TON_12.03.25_LS,TON,1339,15147,15164,252.65,252.94,5,0.3,0.1536,0.1536,255.0,0
AquaCultureRd_TON_12.03.25_LS,TON,1262,5314,5317,88.64,88.69,2,0.07,0.1517,0.1517,582.3,0
AquaCultureRd_TON_12.03.25_LS,TON,1359,18924,18932,315.65,315.79,7,0.15,0.1386,0.1513,365.4,0
AquaCultureRd_TON_12.03.25_LS,TON,1303,8663,8669,144.5,144.6,2,0.12,0.1509,0.1509,862.8,0
AquaCultureRd_TON_12.03.25_LS,TON,1273,6149,6186,102.57,103.18,4,0.63,0.1502,0.1502,867.5,0
AquaCultureRd_TON_12.03.25_LS,TON,1311,9384,9384,156.53,156.53,1,0.02,0.1501,0.1501,506.1,0
AquaCultureRd_TON_12.03.25_LS,TON,1313,9454,9487,157.69,158.24,5,0.57,0.1494,0.1494,442.3,0
AquaCultureRd_TON_12.03.25_LS,TON,1323,10990,10992,183.31,183.35,3,0.05,0.1493,0.1493,347.7,0
AquaCultureRd_TON_12.03.25_LS,TON,1246,3121,3121,52.06,52.06,1,0.02,0.149,0.149,209.1,0
AquaCultureRd_TON_12.03.25_LS,TON,1302,8663,8663,144.5,144.5,1,0.02,0.1489,0.1489,980.2,0
AquaCultureRd_TON_12.03.25_LS,TON,1291,7770,7792,129.6,129.97,4,0.38,0.1486,0.1486,313.6,0
AquaCultureRd_TON_12.03.25_LS,TON,1312,9417,9428,157.08,157.26,3,0.2,0.1485,0.1485,720.9,0
AquaCultureRd_TON_12.03.25_LS,TON,1348,15872,15876,264.75,264.81,2,0.08,0.1484,0.1484,2940.7,0
AquaCultureRd_TON_12.03.25_LS,TON,1328,12564,12567,209.57,209.62,4,0.07,0.146,0.146,223.0,0
AquaCultureRd_TON_12.03.25_LS,TON,1249,3756,3757,62.65,62.67,2,0.03,0.1449,0.1449,478.6,0
AquaCultureRd_TON_12.03.25_LS,TON,1245,3082,3082,51.41,51.41,1,0.02,0.1447,0.1447,2334.7,0
AquaCultureRd_TON_12.03.25_LS,TON,1276,6502,6502,108.45,108.45,1,0.02,0.1436,0.1436,1153.9,0
AquaCultureRd_TON_12.03.25_LS,TON,1349,15881,15889,264.9,265.03,4,0.15,0.1436,0.1436,4385.7,0
AquaCultureRd_TON_12.03.25_LS,TON,1239,2856,2856,47.64,47.64,1,0.02,0.1412,0.1412,278.3,0
AquaCultureRd_TON_12.03.25_LS,TON,1266,5768,5773,96.21,96.29,3,0.1,0.1408,0.1408,551.4,0
AquaCultureRd_TON_12.03.25_LS,TON,1310,9311,9311,155.31,155.31,1,0.02,0.1392,0.1392,828.5,0
AquaCultureRd_TON_12.03.25_LS,TON,1283,6613,6622,110.31,110.46,5,0.17,0.1383,0.1383,562.1,0
AquaCultureRd_TON_12.03.25_LS,TON,1248,3462,3462,57.75,57.75,1,0.02,0.1358,0.1358,580.3,0
AquaCultureRd_TON_12.03.25_LS,TON,1269,5998,5998,100.05,100.05,1,0.02,0.1348,0.1348,612.6,0
AquaCultureRd_TON_12.03.25_LS,TON,1329,13483,13485,224.9,224.93,2,0.05,0.1336,0.1336,444.1,0
AquaCultureRd_TON_12.03.25_LS,TON,1229,1373,1390,22.9,23.19,3,0.3,0.1335,0.1335,376.9,0
AquaCultureRd_TON_12.03.25_LS,TON,1326,12235,12237,204.08,204.11,2,0.05,0.1335,0.1335,237.9,0
AquaCultureRd_TON_12.03.25_LS,TON,1260,5126,5152,85.5,85.94,2,0.45,0.1334,0.1334,664.4,0
AquaCultureRd_TON_12.03.25_LS,TON,1356,18760,18763,312.92,312.97,2,0.07,0.1327,0.1327,610.8,0
AquaCultureRd_TON_12.03.25_LS,TON,1330,13488,13488,224.98,224.98,1,0.02,0.1325,0.1325,401.8,0
AquaCultureRd_TON_12.03.25_LS,TON,1314,9454,9454,157.69,157.69,1,0.02,0.1314,0.1314,502.2,0
AquaCultureRd_TON_12.03.25_LS,TON,1325,12113,12114,202.05,202.06,2,0.03,0.1309,0.1309,281.8,0
AquaCultureRd_TON_12.03.25_LS,TON,1299,8632,8632,143.98,143.98,1,0.02,0.1308,0.1308,327.9,0
AquaCultureRd_TON_12.03.25_LS,TON,1308,9259,9263,154.44,154.51,3,0.08,0.1307,0.1307,474.7,0
AquaCultureRd_TON_12.03.25_LS,TON,1277,6570,6571,109.59,109.6,2,0.03,0.1294,0.1294,671.0,0
AquaCultureRd_TON_12.03.25_LS,TON,1361,19599,19599,326.91,326.91,1,0.02,0.1268,0.1268,226.6,0
AquaCultureRd_TON_12.03.25_LS,TON,1306,8965,8965,149.54,149.54,1,0.02,0.1241,0.1241,558.0,0
AquaCultureRd_TON_12.03.25_LS,TON,1292,7792,7792,129.97,129.97,1,0.02,0.1239,0.1239,314.7,0
AquaCultureRd_TON_12.03.25_LS,TON,1231,2433,2433,40.58,40.58,1,0.02,0.1229,0.1229,358.4,0
AquaCultureRd_TON_12.03.25_LS,TON,1256,4973,4973,82.95,82.95,1,0.02,0.1214,0.1214,925.1,0
AquaCultureRd_TON_12.03.25_LS,TON,1336,15090,15132,251.7,252.4,7,0.72,0.1171,0.1214,226.8,0
AquaCultureRd_TON_12.03.25_LS,TON,1272,6105,6105,101.83,101.83,1,0.02,0.1209,0.1209,976.4,0
AquaCultureRd_TON_12.03.25_LS,TON,1345,15663,15663,261.26,261.26,1,0.02,0.1203,0.1203,974.2,0
AquaCultureRd_TON_12.03.25_LS,TON,1355,17430,17430,290.73,290.73,1,0.02,0.1191,0.1191,381.0,0
AquaCultureRd_TON_12.03.25_LS,TON,1264,5413,5413,90.29,90.29,1,0.02,0.1179,0.1179,1197.7,0
AquaCultureRd_TON_12.03.25_LS,TON,1284,6630,6630,110.59,110.59,1,0.02,0.1171,0.1171,551.9,0
AquaCultureRd_TON_12.03.25_LS,TON,1309,9296,9302,155.06,155.16,2,0.12,0.1152,0.1152,447.0,0
AquaCultureRd_TON_12.03.25_LS,TON,1243,3016,3016,50.31,50.31,1,0.02,0.1149,0.1149,333.5,0
AquaCultureRd_TON_12.03.25_LS,TON,1337,15108,15129,252.0,252.35,5,0.37,0.1144,0.1144,229.9,0
AquaCultureRd_TON_12.03.25_LS,TON,1352,17044,17044,284.29,284.29,1,0.02,0.1144,0.1144,690.2,0
AquaCultureRd_TON_12.03.25_LS,TON,1357,18776,18776,313.18,313.18,1,0.02,0.1144,0.1144,968.4,0
AquaCultureRd_TON_12.03.25_LS,TON,1360,18924,18932,315.65,315.79,2,0.15,0.1138,0.1138,356.2,0
AquaCultureRd_TON_12.03.25_LS,TON,1338,15108,15114,252.0,252.1,3,0.12,0.1114,0.1114,216.5,0
AquaCultureRd_TON_12.03.25_LS,TON,1317,9779,9779,163.11,163.11,1,0.02,0.111,0.111,174.9,0
AquaCultureRd_TON_12.03.25_LS,TON,1332,14252,14252,237.72,237.72,1,0.02,0.11,0.11,182.0,0
AquaCultureRd_TON_12.03.25_LS,TON,1221,1023,1023,17.06,17.06,1,0.02,0.1083,0.1083,604.6,0
AquaCultureRd_TON_12.03.25_LS,TON,1226,1106,1106,18.45,18.45,1,0.02,0.1079,0.1079,1890.9,0
AquaCultureRd_TON_12.03.25_LS,TON,1236,2835,2838,47.29,47.34,2,0.07,0.1077,0.1077,394.4,0
AquaCultureRd_TON_12.03.25_LS,TON,1333,14732,14732,245.73,245.73,1,0.02,0.1066,0.1066,5587.2,0
AquaCultureRd_TON_12.03.25_LS,TON,1324,11586,11586,193.25,193.25,1,0.02,0.1063,0.1063,1552.5,0
AquaCultureRd_TON_12.03.25_LS,TON,1342,15285,15311,254.95,255.39,2,0.45,0.1042,0.1042,682.3,0
AquaCultureRd_TON_12.03.25_LS,TON,1250,3839,3839,64.03,64.03,1,0.02,0.1034,0.1034,665.7,0
AquaCultureRd_TON_12.03.25_LS,TON,1220,967,967,16.13,16.13,1,0.02,0.1029,0.1029,1315.3,0
AquaCultureRd_TON_12.03.25_LS,TON,1265,5671,5672,94.59,94.61,2,0.03,0.102,0.102,325.6,0
AquaCultureRd_TON_12.03.25_LS,TON,1293,7908,7908,131.91,131.91,1,0.02,0.1012,0.1012,544.0,0
AquaCultureRd_TON_12.03.25_LS,TON,1240,2924,2924,48.77,48.77,1,0.02,0.1002,0.1002,420.3,0
EagleCreekDrEtc_SHB_12.11.2025_LS,SHB,1511,15188,15275,253.17,254.62,88,1.47,0.8234,0.8812,3743.8,1
EagleCreekDrEtc_SHB_12.11.2025_LS,SHB,1805,19296,19353,321.64,322.59,57,0.97,0.7589,0.8805,4259.1,1
EagleCreekDrEtc_SHB_12.11.2025_LS,SHB,1797,19228,19315,320.51,321.96,88,1.47,0.7973,0.8521,3998.1,1
EagleCreekDrEtc_SHB_12.11.2025_LS,SHB,441,8489,8539,141.5,142.33,51,0.85,0.7442,0.8488,2552.6,1
EagleCreekDrEtc_SHB_12.11.2025_LS,SHB,1513,15279,15384,254.68,256.43,106,1.77,0.795,0.8458,1690.1,1
EagleCreekDrEtc_SHB_12.11.2025_LS,SHB,444,8514,8564,141.92,142.75,51,0.85,0.775,0.8313,2512.3,1
EagleCreekDrEtc_SHB_12.11.2025_LS,SHB,1791,19157,19290,319.32,321.54,134,2.23,0.7319,0.8279,3150.5,1
EagleCreekDrEtc_SHB_12.11.2025_LS,SHB,1509,15154,15238,252.6,254.0,85,1.42,0.7947,0.8267,1837.7,1
EagleCreekDrEtc_SHB_12.11.2025_LS,SHB,1517,15316,15440,255.3,257.37,124,2.08,0.7782,0.8186,1571.8,1
EagleCreekDrEtc_SHB_12.11.2025_LS,SHB,446,8521,8573,142.03,142.9,53,0.88,0.7381,0.8172,3928.2,1
EagleCreekDrEtc_SHB_12.11.2025_LS,SHB,448,8542,8573,142.38,142.9,32,0.53,0.7344,0.8129,3324.3,1
EagleCreekDrEtc_SHB_12.11.2025_LS,SHB,442,8499,8553,141.67,142.57,54,0.92,0.727,0.79,2585.9,1
EagleCreekDrEtc_SHB_12.11.2025_LS,SHB,571,9676,9863,161.29,164.4,175,3.13,0.7026,0.7839,980.7,1
EagleCreekDrEtc_SHB_12.11.2025_LS,SHB,439,8452,8506,140.88,141.78,52,0.92,0.7437,0.7828,1345.0,1
EagleCreekDrEtc_SHB_12.11.2025_LS,SHB,2176,21425,21479,357.13,358.03,45,0.92,0.6458,0.7788,660.2,1
EagleCreekDrEtc_SHB_12.11.2025_LS,SHB,1897,20781,20842,346.39,347.41,51,1.03,0.6002,0.7785,1049.1,1
EagleCreekDrEtc_SHB_12.11.2025_LS,SHB,3222,2229,2250,37.15,37.5,21,0.37,0.6931,0.7784,2125.8,1
EagleCreekDrEtc_SHB_12.11.2025_LS,SHB,538,9452,9795,157.55,163.27,309,5.73,0.6199,0.7744,757.7,1
EagleCreekDrEtc_SHB_12.11.2025_LS,SHB,254,1117,1241,18.62,20.69,124,2.08,0.6605,0.7741,1184.7,1
EagleCreekDrEtc_SHB_12.11.2025_LS,SHB,535,9403,9449,156.74,157.5,47,0.78,0.7376,0.7735,676.3,1
EagleCreekDrEtc_SHB_12.11.2025_LS,SHB,2187,21518,21561,358.68,359.4,44,0.73,0.6624,0.7724,519.5,1
EagleCreekDrEtc_SHB_12.11.2025_LS,SHB,1523,15581,15705,259.72,261.78,98,2.08,0.7099,0.7706,622.0,1
EagleCreekDrEtc_SHB_12.11.2025_LS,SHB,2064,21149,21242,352.53,354.08,85,1.57,0.613,0.7691,896.5,1
EagleCreekDrEtc_SHB_12.11.2025_LS,SHB,926,12512,12624,208.56,210.43,81,1.88,0.5927,0.7682,767.2,1
EagleCreekDrEtc_SHB_12.11.2025_LS,SHB,1097,12754,12795,212.59,213.28,40,0.7,0.6804,0.7651,850.5,1
EagleCreekDrEtc_SHB_12.11.2025_LS,SHB,1258,13953,14085,232.58,234.78,129,2.22,0.6675,0.7614,490.8,1
EagleCreekDrEtc_SHB_12.11.2025_LS,SHB,601,9869,9976,164.5,166.29,94,1.8,0.6697,0.7611,1567.0,1
EagleCreekDrEtc_SHB_12.11.2025_LS,SHB,958,12543,12669,209.08,211.18,97,2.12,0.5831,0.7597,813.8,1
EagleCreekDrEtc_SHB_12.11.2025_LS,SHB,1044,12664,12845,211.09,214.11,146,3.03,0.6386,0.7541,732.4,1
EagleCreekDrEtc_SHB_12.11.2025_LS,SHB,1525,15587,15609,259.82,260.18,21,0.38,0.6285,0.7538,680.8,1
EagleCreekDrEtc_SHB_12.11.2025_LS,SHB,2022,20988,21149,349.84,352.53,140,2.7,0.625,0.7455,449.8,1
EagleCreekDrEtc_SHB_12.11.2025_LS,SHB,1192,13197,13287,219.98,221.48,79,1.52,0.4897,0.7436,561.2,1
EagleCreekDrEtc_SHB_12.11.2025_LS,SHB,945,12530,12614,208.86,210.26,69,1.42,0.6326,0.743,931.3,1
EagleCreekDrEtc_SHB_12.11.2025_LS,SHB,486,9330,9378,155.52,156.32,36,0.82,0.5966,0.7402,1206.0,1
EagleCreekDrEtc_SHB_12.11.2025_LS,SHB,1114,12801,12826,213.38,213.79,20,0.43,0.5234,0.7222,803.6,1
EagleCreekDrEtc_SHB_12.11.2025_LS,SHB,1011,12627,12759,210.48,212.68,76,2.22,0.5471,0.7216,896.5,1
EagleCreekDrEtc_SHB_12.11.2025_LS,SHB,367,2423,2442,40.39,40.71,20,0.33,0.7019,0.7204,874.9,1
EagleCreekDrEtc_SHB_12.11.2025_LS,SHB,1135,12860,12989,214.36,216.51,72,2.17,0.5553,0.7203,669.3,1
EagleCreekDrEtc_SHB_12.11.2025_LS,SHB,490,9344,9364,155.75,156.09,17,0.35,0.5788,0.7166,831.7,1
EagleCreekDrEtc_SHB_12.11.2025_LS,SHB,840,12407,12491,206.81,208.21,70,1.42,0.5169,0.6995,940.2,1
EagleCreekDrEtc_SHB_12.11.2025_LS,SHB,872,12452,12535,207.56,208.94,53,1.4,0.5268,0.698,849.5,1
EagleCreekDrEtc_SHB_12.11.2025_LS,SHB,1303,13992,14021,233.23,233.71,27,0.5,0.5285,0.6864,422.3,1
EagleCreekDrEtc_SHB_12.11.2025_LS,SHB,760,12325,12376,205.44,206.29,34,0.87,0.5012,0.6849,883.2,1
EagleCreekDrEtc_SHB_12.11.2025_LS,SHB,1846,20180,20212,336.38,336.91,23,0.55,0.5026,0.6849,1498.3,1
EagleCreekDrEtc_SHB_12.11.2025_LS,SHB,2190,21610,21646,360.21,360.81,32,0.62,0.5082,0.6799,651.7,1
EagleCreekDrEtc_SHB_12.11.2025_LS,SHB,1128,12828,12861,213.83,214.38,25,0.57,0.5284,0.6749,836.9,1
EagleCreekDrEtc_SHB_12.11.2025_LS,SHB,814,12385,12407,206.44,206.81,15,0.38,0.5281,0.6741,823.0,1
EagleCreekDrEtc_SHB_12.11.2025_LS,SHB,2084,21168,21205,352.84,353.46,27,0.63,0.528,0.673,446.8,1
EagleCreekDrEtc_SHB_12.11.2025_LS,SHB,744,12251,12272,204.21,204.56,19,0.37,0.5333,0.6709,839.8,1
EagleCreekDrEtc_SHB_12.11.2025_LS,SHB,1601,16844,16863,280.77,281.09,15,0.33,0.5629,0.667,802.3,1
EagleCreekDrEtc_SHB_12.11.2025_LS,SHB,1966,20902,20938,348.41,349.01,32,0.62,0.5343,0.6555,497.5,1
EagleCreekDrEtc_SHB_12.11.2025_LS,SHB,2120,21263,21298,354.43,355.01,20,0.6,0.495,0.651,696.1,1
EagleCreekDrEtc_SHB_12.11.2025_LS,SHB,269,1207,1238,20.12,20.64,30,0.53,0.5146,0.6478,449.0,1
EagleCreekDrEtc_SHB_12.11.2025_LS,SHB,1493,14417,14461,240.31,241.05,29,0.75,0.5174,0.6415,592.3,1
EagleCreekDrEtc_SHB_12.11.2025_LS,SHB,1540,15622,15655,260.4,260.95,33,0.57,0.5555,0.633,297.0,1
EagleCreekDrEtc_SHB_12.11.2025_LS,SHB,1000,12618,12639,210.33,210.68,13,0.37,0.4827,0.6267,909.1,1
EagleCreekDrEtc_SHB_12.11.2025_LS,SHB,1132,12857,12877,214.31,214.64,17,0.35,0.4814,0.6183,864.4,1
EagleCreekDrEtc_SHB_12.11.2025_LS,SHB,1534,15601,15658,260.05,261.0,16,0.97,0.5027,0.5951,310.5,1
EagleCreekDrEtc_SHB_12.11.2025_LS,SHB,284,1245,1262,20.75,21.04,11,0.3,0.4789,0.5787,470.0,1
EagleCreekDrEtc_SHB_12.11.2025_LS,SHB,1552,15668,15697,261.17,261.65,26,0.5,0.4832,0.5722,320.7,1
EagleCreekDrEtc_SHB_12.11.2025_LS,SHB,1178,13065,13089,217.78,218.18,25,0.42,0.4264,0.5222,726.5,1
EagleCreekDrEtc_SHB_12.11.2025_LS,SHB,3584,20916,21028,348.64,350.51,43,1.88,0.3179,0.5125,589.1,1
EagleCreekDrEtc_SHB_12.11.2025_LS,SHB,788,12361,12422,206.04,207.06,15,1.03,0.403,0.5093,937.7,1
EagleCreekDrEtc_SHB_12.11.2025_LS,SHB,3445,14368,14462,239.5,241.06,33,1.58,0.2343,0.4999,520.6,1
EagleCreekDrEtc_SHB_12.11.2025_LS,SHB,2154,21391,21432,356.56,357.25,23,0.7,0.382,0.4979,557.9,1
EagleCreekDrEtc_SHB_12.11.2025_LS,SHB,774,12346,12370,205.79,206.19,11,0.42,0.4201,0.4798,973.2,1
EagleCreekDrEtc_SHB_12.11.2025_LS,SHB,1336,14025,14052,233.78,234.23,28,0.47,0.39,0.4785,305.7,1
EagleCreekDrEtc_SHB_12.11.2025_LS,SHB,3220,1646,1666,27.44,27.77,19,0.35,0.381,0.4749,460.1,1
EagleCreekDrEtc_SHB_12.11.2025_LS,SHB,3568,20724,20780,345.44,346.38,19,0.95,0.326,0.4655,837.7,1
EagleCreekDrEtc_SHB_12.11.2025_LS,SHB,3356,12222,12342,203.73,205.73,22,2.02,0.2521,0.4653,880.3,1
EagleCreekDrEtc_SHB_12.11.2025_LS,SHB,3589,20965,21037,349.46,350.66,13,1.22,0.3193,0.447,482.4,1
EagleCreekDrEtc_SHB_12.11.2025_LS,SHB,260,1175,1198,19.59,19.97,15,0.4,0.3803,0.4403,446.5,1
EagleCreekDrEtc_SHB_12.11.2025_LS,SHB,3354,12191,12259,203.21,204.34,35,1.15,0.2411,0.4347,924.5,1
EagleCreekDrEtc_SHB_12.11.2025_LS,SHB,3609,21290,21332,354.88,355.58,14,0.72,0.3217,0.429,682.8,1
EagleCreekDrEtc_SHB_12.11.2025_LS,SHB,3529,18614,18827,310.27,313.82,79,3.57,0.2075,0.4128,665.4,1
EagleCreekDrEtc_SHB_12.11.2025_LS,SHB,3580,20843,20918,347.43,348.68,22,1.27,0.2433,0.3968,539.6,1
EagleCreekDrEtc_SHB_12.11.2025_LS,SHB,3336,10597,10623,176.64,177.07,10,0.45,0.2704,0.3938,1140.7,1
EagleCreekDrEtc_SHB_12.11.2025_LS,SHB,3296,9343,9397,155.74,156.64,9,0.92,0.2942,0.3808,941.5,1
EagleCreekDrEtc_SHB_12.11.2025_LS,SHB,3611,21376,21455,356.31,357.63,31,1.33,0.2479,0.3744,593.1,1
EagleCreekDrEtc_SHB_12.11.2025_LS,SHB,3328,10289,10326,171.51,172.12,20,0.63,0.2491,0.3709,561.5,1
EagleCreekDrEtc_SHB_12.11.2025_LS,SHB,3499,16899,16916,281.69,281.97,11,0.3,0.273,0.3643,507.1,1
EagleCreekDrEtc_SHB_12.11.2025_LS,SHB,3363,12377,12494,206.31,208.26,21,1.97,0.2305,0.3556,856.0,1
EagleCreekDrEtc_SHB_12.11.2025_LS,SHB,3410,13481,13527,224.71,225.48,13,0.78,0.2238,0.355,793.6,1
EagleCreekDrEtc_SHB_12.11.2025_LS,SHB,3389,12851,13002,214.21,216.73,23,2.53,0.2201,0.3457,666.4,1
EagleCreekDrEtc_SHB_12.11.2025_LS,SHB,3500,16903,16926,281.75,282.14,9,0.4,0.2669,0.3451,555.2,1
EagleCreekDrEtc_SHB_12.11.2025_LS,SHB,3360,12313,12444,205.24,207.43,19,2.2,0.2583,0.3411,900.4,1
EagleCreekDrEtc_SHB_12.11.2025_LS,SHB,3316,9953,10025,165.9,167.1,16,1.22,0.2388,0.3383,1547.2,1
EagleCreekDrEtc_SHB_12.11.2025_LS,SHB,3430,14086,14174,234.8,236.26,48,1.48,0.184,0.3216,363.2,1
EagleCreekDrEtc_SHB_12.11.2025_LS,SHB,3237,5171,5195,86.19,86.59,15,0.42,0.2398,0.3152,552.5,1
EagleCreekDrEtc_SHB_12.11.2025_LS,SHB,3522,17887,17918,298.15,298.67,21,0.53,0.211,0.3089,893.9,1
EagleCreekDrEtc_SHB_12.11.2025_LS,SHB,3272,8404,8444,140.08,140.75,14,0.68,0.2117,0.3073,796.4,1
EagleCreekDrEtc_SHB_12.11.2025_LS,SHB,3460,15278,15278,254.67,254.67,1,0.02,0.7658,0.7658,1182.9,0
EagleCreekDrEtc_SHB_12.11.2025_LS,SHB,1490,14405,14414,240.11,240.26,10,0.17,0.6601,0.7332,629.1,0
EagleCreekDrEtc_SHB_12.11.2025_LS,SHB,1507,15148,15149,252.5,252.52,2,0.03,0.7327,0.7327,1794.1,0
EagleCreekDrEtc_SHB_12.11.2025_LS,SHB,1261,13955,13970,232.61,232.86,16,0.27,0.6612,0.7162,376.3,0
EagleCreekDrEtc_SHB_12.11.2025_LS,SHB,1959,20886,20900,348.14,348.38,15,0.25,0.5713,0.7153,572.2,0
EagleCreekDrEtc_SHB_12.11.2025_LS,SHB,1843,20144,20144,335.78,335.78,1,0.02,0.7015,0.7015,1344.6,0
EagleCreekDrEtc_SHB_12.11.2025_LS,SHB,3224,2411,2422,40.19,40.37,10,0.2,0.5678,0.6984,752.0,0
EagleCreekDrEtc_SHB_12.11.2025_LS,SHB,1483,14385,14395,239.78,239.95,11,0.18,0.605,0.6923,752.4,0
EagleCreekDrEtc_SHB_12.11.2025_LS,SHB,1860,20725,20741,345.46,345.73,16,0.28,0.5722,0.6848,715.1,0
EagleCreekDrEtc_SHB_12.11.2025_LS,SHB,1522,15580,15596,259.7,259.97,16,0.28,0.6163,0.6802,500.8,0
EagleCreekDrEtc_SHB_12.11.2025_LS,SHB,566,9665,9666,161.1,161.12,2,0.03,0.6761,0.6761,829.9,0
EagleCreekDrEtc_SHB_12.11.2025_LS,SHB,3458,15145,15153,252.45,252.58,5,0.15,0.6603,0.6603,1446.9,0
EagleCreekDrEtc_SHB_12.11.2025_LS,SHB,368,2444,2448,40.74,40.81,5,0.08,0.6488,0.6488,675.4,0
EagleCreekDrEtc_SHB_12.11.2025_LS,SHB,3274,8451,8451,140.87,140.87,1,0.02,0.6441,0.6441,653.0,0
EagleCreekDrEtc_SHB_12.11.2025_LS,SHB,1094,12748,12748,212.49,212.49,1,0.02,0.6408,0.6408,941.3,0
EagleCreekDrEtc_SHB_12.11.2025_LS,SHB,1814,19434,19436,323.94,323.97,3,0.05,0.6281,0.6281,1038.1,0
EagleCreekDrEtc_SHB_12.11.2025_LS,SHB,1726,18583,18596,309.76,309.97,14,0.23,0.5095,0.6216,997.6,0
EagleCreekDrEtc_SHB_12.11.2025_LS,SHB,1727,18616,18631,310.31,310.56,11,0.27,0.5167,0.6149,863.0,0
EagleCreekDrEtc_SHB_12.11.2025_LS,SHB,499,9372,9381,156.22,156.37,10,0.17,0.5617,0.614,1195.1,0
EagleCreekDrEtc_SHB_12.11.2025_LS,SHB,1884,20766,20766,346.14,346.14,1,0.02,0.5967,0.5967,1157.9,0
EagleCreekDrEtc_SHB_12.11.2025_LS,SHB,1651,16917,16929,281.99,282.19,12,0.22,0.4904,0.5964,524.4,0
EagleCreekDrEtc_SHB_12.11.2025_LS,SHB,722,12214,12220,203.59,203.69,6,0.12,0.5541,0.5923,901.0,0
EagleCreekDrEtc_SHB_12.11.2025_LS,SHB,1735,18676,18687,311.31,311.49,11,0.2,0.4933,0.5897,668.8,0
EagleCreekDrEtc_SHB_12.11.2025_LS,SHB,2130,21305,21313,355.13,355.26,9,0.15,0.5431,0.5843,645.5,0
EagleCreekDrEtc_SHB_12.11.2025_LS,SHB,1512,15271,15271,254.55,254.55,1,0.02,0.584,0.584,846.9,0
EagleCreekDrEtc_SHB_12.11.2025_LS,SHB,1894,20779,20779,346.36,346.36,1,0.02,0.583,0.583,960.4,0
EagleCreekDrEtc_SHB_12.11.2025_LS,SHB,457,8597,8598,143.3,143.32,2,0.03,0.5799,0.5799,1687.8,0
EagleCreekDrEtc_SHB_12.11.2025_LS,SHB,1596,16826,16827,280.47,280.49,2,0.03,0.5786,0.5786,931.6,0
EagleCreekDrEtc_SHB_12.11.2025_LS,SHB,3208,1116,1116,18.6,18.6,1,0.02,0.5774,0.5774,1209.8,0
EagleCreekDrEtc_SHB_12.11.2025_LS,SHB,853,12418,12424,206.99,207.09,7,0.12,0.5324,0.5744,865.6,0
EagleCreekDrEtc_SHB_12.11.2025_LS,SHB,649,10043,10052,167.4,167.55,10,0.17,0.5031,0.567,1474.3,0
EagleCreekDrEtc_SHB_12.11.2025_LS,SHB,1597,16839,16839,280.69,280.69,1,0.02,0.5667,0.5667,602.0,0
EagleCreekDrEtc_SHB_12.11.2025_LS,SHB,985,12604,12605,210.09,210.11,2,0.03,0.566,0.566,868.5,0
EagleCreekDrEtc_SHB_12.11.2025_LS,SHB,382,5163,5170,86.06,86.18,7,0.13,0.5256,0.5629,473.9,0
EagleCreekDrEtc_SHB_12.11.2025_LS,SHB,1535,15605,15611,260.12,260.22,6,0.12,0.5405,0.5596,579.1,0
EagleCreekDrEtc_SHB_12.11.2025_LS,SHB,741,12244,12245,204.09,204.11,2,0.03,0.5587,0.5587,877.7,0
EagleCreekDrEtc_SHB_12.11.2025_LS,SHB,1710,17929,17931,298.85,298.89,3,0.05,0.5572,0.5572,1405.1,0
EagleCreekDrEtc_SHB_12.11.2025_LS,SHB,2136,21321,21331,355.4,355.56,11,0.18,0.4789,0.55,713.9,0
EagleCreekDrEtc_SHB_12.11.2025_LS,SHB,698,11814,11819,196.93,197.01,6,0.1,0.5099,0.5407,841.5,0
EagleCreekDrEtc_SHB_12.11.2025_LS,SHB,578,9719,9719,162.0,162.0,1,0.02,0.5389,0.5389,1057.6,0
EagleCreekDrEtc_SHB_12.11.2025_LS,SHB,1662,16933,16943,282.25,282.42,11,0.18,0.4729,0.5373,435.0,0
EagleCreekDrEtc_SHB_12.11.2025_LS,SHB,2024,20989,20999,349.86,350.03,11,0.18,0.4599,0.534,588.3,0
EagleCreekDrEtc_SHB_12.11.2025_LS,SHB,1180,13100,13113,218.36,218.58,14,0.23,0.4275,0.5333,632.7,0
EagleCreekDrEtc_SHB_12.11.2025_LS,SHB,1976,20920,20923,348.71,348.76,4,0.07,0.531,0.531,487.8,0
EagleCreekDrEtc_SHB_12.11.2025_LS,SHB,927,12515,12515,208.61,208.61,1,0.02,0.5291,0.5291,830.2,0
EagleCreekDrEtc_SHB_12.11.2025_LS,SHB,1654,16918,16920,282.0,282.04,3,0.05,0.5242,0.5242,541.0,0
EagleCreekDrEtc_SHB_12.11.2025_LS,SHB,1026,12644,12647,210.76,210.81,4,0.07,0.5231,0.5231,857.6,0
EagleCreekDrEtc_SHB_12.11.2025_LS,SHB,2072,21158,21161,352.68,352.73,4,0.07,0.5123,0.5123,391.1,0
EagleCreekDrEtc_SHB_12.11.2025_LS,SHB,2058,21135,21163,352.29,352.76,2,0.48,0.5112,0.5112,441.9,0
EagleCreekDrEtc_SHB_12.11.2025_LS,SHB,1914,20801,20815,346.73,346.96,13,0.25,0.4108,0.5107,790.0,0
EagleCreekDrEtc_SHB_12.11.2025_LS,SHB,1674,16965,16968,282.79,282.84,3,0.07,0.5068,0.5068,421.5,0
EagleCreekDrEtc_SHB_12.11.2025_LS,SHB,1752,18766,18769,312.81,312.86,4,0.07,0.5057,0.5057,1293.7,0
EagleCreekDrEtc_SHB_12.11.2025_LS,SHB,627,9972,9974,166.22,166.25,3,0.05,0.5054,0.5054,1579.6,0
EagleCreekDrEtc_SHB_12.11.2025_LS,SHB,1689,17888,17888,298.17,298.17,1,0.02,0.5046,0.5046,495.5,0
EagleCreekDrEtc_SHB_12.11.2025_LS,SHB,1907,20795,20797,346.63,346.66,3,0.05,0.5027,0.5027,663.7,0
EagleCreekDrEtc_SHB_12.11.2025_LS,SHB,1678,17064,17064,284.44,284.44,1,0.02,0.5015,0.5015,3034.1,0
EagleCreekDrEtc_SHB_12.11.2025_LS,SHB,2052,21097,21097,351.66,351.66,1,0.02,0.4983,0.4983,459.5,0
EagleCreekDrEtc_SHB_12.11.2025_LS,SHB,1880,20763,20765,346.09,346.13,3,0.05,0.4965,0.4965,1065.3,0
EagleCreekDrEtc_SHB_12.11.2025_LS,SHB,3540,19433,19433,323.92,323.92,1,0.02,0.4946,0.4946,919.3,0
EagleCreekDrEtc_SHB_12.11.2025_LS,SHB,1899,20782,20784,346.41,346.44,3,0.05,0.4939,0.4939,816.5,0
EagleCreekDrEtc_SHB_12.11.2025_LS,SHB,1746,18730,18736,312.21,312.31,7,0.12,0.4418,0.4923,670.8,0
EagleCreekDrEtc_SHB_12.11.2025_LS,SHB,1991,20951,20955,349.23,349.29,4,0.08,0.4916,0.4916,690.9,0
EagleCreekDrEtc_SHB_12.11.2025_LS,SHB,327,1655,1655,27.59,27.59,1,0.02,0.4813,0.4813,457.2,0
EagleCreekDrEtc_SHB_12.11.2025_LS,SHB,588,9802,9812,163.39,163.55,10,0.18,0.426,0.4811,781.5,0
EagleCreekDrEtc_SHB_12.11.2025_LS,SHB,851,12412,12412,206.89,206.89,1,0.02,0.4791,0.4791,913.3,0
EagleCreekDrEtc_SHB_12.11.2025_LS,SHB,908,12497,12504,208.31,208.43,8,0.13,0.4282,0.4772,819.0,0
EagleCreekDrEtc_SHB_12.11.2025_LS,SHB,1981,20942,20942,349.08,349.08,1,0.02,0.4756,0.4756,475.6,0
EagleCreekDrEtc_SHB_12.11.2025_LS,SHB,1127,12822,12823,213.73,213.74,2,0.03,0.472,0.472,744.6,0
EagleCreekDrEtc_SHB_12.11.2025_LS,SHB,877,12461,12498,207.71,208.33,6,0.63,0.4486,0.4712,902.1,0
EagleCreekDrEtc_SHB_12.11.2025_LS,SHB,1627,16904,16905,281.77,281.79,2,0.03,0.4698,0.4698,495.4,0
EagleCreekDrEtc_SHB_12.11.2025_LS,SHB,1656,16919,16919,282.02,282.02,1,0.02,0.467,0.467,508.9,0
EagleCreekDrEtc_SHB_12.11.2025_LS,SHB,676,10601,10602,176.71,176.72,2,0.03,0.4652,0.4652,1314.5,0
EagleCreekDrEtc_SHB_12.11.2025_LS,SHB,864,12431,12432,207.21,207.23,2,0.03,0.4638,0.4638,854.9,0
EagleCreekDrEtc_SHB_12.11.2025_LS,SHB,889,12476,12476,207.96,207.96,1,0.02,0.4628,0.4628,929.0,0
EagleCreekDrEtc_SHB_12.11.2025_LS,SHB,2175,21423,21425,357.1,357.13,3,0.05,0.4605,0.4605,2131.3,0
EagleCreekDrEtc_SHB_12.11.2025_LS,SHB,3564,20427,20427,340.49,340.49,1,0.02,0.4599,0.4599,927.1,0
EagleCreekDrEtc_SHB_12.11.2025_LS,SHB,3464,15579,15579,259.68,259.68,1,0.02,0.4587,0.4587,447.3,0
EagleCreekDrEtc_SHB_12.11.2025_LS,SHB,418,7725,7725,128.77,128.77,1,0.02,0.4579,0.4579,680.5,0
EagleCreekDrEtc_SHB_12.11.2025_LS,SHB,460,8661,8661,144.37,144.37,1,0.02,0.4538,0.4538,972.3,0
EagleCreekDrEtc_SHB_12.11.2025_LS,SHB,1150,12896,12899,214.96,215.01,4,0.07,0.4488,0.4488,474.9,0
EagleCreekDrEtc_SHB_12.11.2025_LS,SHB,1708,17923,17923,298.75,298.75,1,0.02,0.4478,0.4478,780.7,0
EagleCreekDrEtc_SHB_12.11.2025_LS,SHB,3380,12697,12697,211.64,211.64,1,0.02,0.4466,0.4466,782.5,0
EagleCreekDrEtc_SHB_12.11.2025_LS,SHB,1698,17902,17902,298.4,298.4,1,0.02,0.4456,0.4456,841.0,0
EagleCreekDrEtc_SHB_12.11.2025_LS,SHB,712,12195,12196,203.28,203.29,2,0.03,0.4432,0.4432,976.6,0
EagleCreekDrEtc_SHB_12.11.2025_LS,SHB,867,12445,12445,207.44,207.44,1,0.02,0.4431,0.4431,887.0,0
EagleCreekDrEtc_SHB_12.11.2025_LS,SHB,537,9437,9437,157.3,157.3,1,0.02,0.443,0.443,779.0,0
EagleCreekDrEtc_SHB_12.11.2025_LS,SHB,3518,17508,17512,291.84,291.9,4,0.08,0.4409,0.4409,1649.4,0
EagleCreekDrEtc_SHB_12.11.2025_LS,SHB,2163,21410,21410,356.88,356.88,1,0.02,0.4401,0.4401,749.3,0
EagleCreekDrEtc_SHB_12.11.2025_LS,SHB,1254,13891,13893,231.55,231.58,3,0.05,0.437,0.437,482.9,0
EagleCreekDrEtc_SHB_12.11.2025_LS,SHB,1277,13981,13982,233.05,233.06,2,0.03,0.4365,0.4365,380.2,0
EagleCreekDrEtc_SHB_12.11.2025_LS,SHB,969,12564,12564,209.43,209.43,1,0.02,0.4353,0.4353,751.6,0
EagleCreekDrEtc_SHB_12.11.2025_LS,SHB,915,12501,12506,208.38,208.46,2,0.1,0.4335,0.4335,911.4,0
EagleCreekDrEtc_SHB_12.11.2025_LS,SHB,1898,20781,20781,346.39,346.39,1,0.02,0.4326,0.4326,1137.6,0
EagleCreekDrEtc_SHB_12.11.2025_LS,SHB,1219,13502,13503,225.06,225.08,2,0.03,0.4325,0.4325,890.4,0
EagleCreekDrEtc_SHB_12.11.2025_LS,SHB,897,12490,12490,208.19,208.19,1,0.02,0.4321,0.4321,902.3,0
EagleCreekDrEtc_SHB_12.11.2025_LS,SHB,3461,15441,15442,257.38,257.4,2,0.03,0.432,0.432,406.6,0
EagleCreekDrEtc_SHB_12.11.2025_LS,SHB,2179,21439,21439,357.36,357.36,1,0.02,0.4319,0.4319,2149.2,0
EagleCreekDrEtc_SHB_12.11.2025_LS,SHB,928,12516,12520,208.63,208.69,4,0.08,0.4295,0.4295,836.1,0
EagleCreekDrEtc_SHB_12.11.2025_LS,SHB,3530,18745,18747,312.46,312.49,2,0.05,0.4231,0.4231,916.4,0
EagleCreekDrEtc_SHB_12.11.2025_LS,SHB,1315,14003,14016,233.41,233.63,14,0.23,0.3728,0.423,327.3,0
EagleCreekDrEtc_SHB_12.11.2025_LS,SHB,404,7003,7004,116.73,116.75,2,0.03,0.4213,0.4213,1033.0,0
EagleCreekDrEtc_SHB_12.11.2025_LS,SHB,1196,13219,13219,220.34,220.34,1,0.02,0.4208,0.4208,500.2,0
EagleCreekDrEtc_SHB_12.11.2025_LS,SHB,818,12388,12391,206.49,206.54,4,0.07,0.4186,0.4186,1091.4,0
EagleCreekDrEtc_SHB_12.11.2025_LS,SHB,659,10294,10297,171.59,171.64,3,0.07,0.4185,0.4185,533.3,0
EagleCreekDrEtc_SHB_12.11.2025_LS,SHB,1173,12992,12993,216.56,216.58,2,0.03,0.4151,0.4151,653.5,0
EagleCreekDrEtc_SHB_12.11.2025_LS,SHB,328,1657,1657,27.62,27.62,1,0.02,0.4141,0.4141,437.0,0
EagleCreekDrEtc_SHB_12.11.2025_LS,SHB,402,6982,6982,116.38,116.38,1,0.02,0.4097,0.4097,1465.0,0
EagleCreekDrEtc_SHB_12.11.2025_LS,SHB,1755,18774,18775,312.94,312.96,2,0.03,0.4049,0.4049,612.6,0
EagleCreekDrEtc_SHB_12.11.2025_LS,SHB,3471,15778,15789,263.0,263.18,7,0.2,0.3493,0.4046,1019.8,0
EagleCreekDrEtc_SHB_12.11.2025_LS,SHB,593,9815,9815,163.6,163.6,1,0.02,0.4043,0.4043,490.0,0
EagleCreekDrEtc_SHB_12.11.2025_LS,SHB,672,10324,10330,172.09,172.19,6,0.12,0.382,0.4036,611.6,0
EagleCreekDrEtc_SHB_12.11.2025_LS,SHB,3225,2443,2449,40.72,40.82,2,0.12,0.4029,0.4029,682.1,0
EagleCreekDrEtc_SHB_12.11.2025_LS,SHB,2112,21224,21224,353.78,353.78,1,0.02,0.4028,0.4028,781.9,0
EagleCreekDrEtc_SHB_12.11.2025_LS,SHB,526,9395,9395,156.6,156.6,1,0.02,0.3986,0.3986,1095.8,0
EagleCreekDrEtc_SHB_12.11.2025_LS,SHB,1312,13997,14005,233.31,233.45,9,0.15,0.3741,0.3976,351.3,0
EagleCreekDrEtc_SHB_12.11.2025_LS,SHB,3551,19839,19839,330.69,330.69,1,0.02,0.3961,0.3961,626.5,0
EagleCreekDrEtc_SHB_12.11.2025_LS,SHB,1775,18810,18811,313.54,313.56,2,0.03,0.3915,0.3915,533.0,0
EagleCreekDrEtc_SHB_12.11.2025_LS,SHB,3570,20735,20762,345.63,346.08,6,0.47,0.348,0.3914,872.3,0
EagleCreekDrEtc_SHB_12.11.2025_LS,SHB,757,12314,12315,205.26,205.28,2,0.03,0.3904,0.3904,882.0,0
EagleCreekDrEtc_SHB_12.11.2025_LS,SHB,3539,19354,19354,322.61,322.61,1,0.02,0.389,0.389,840.3,0
EagleCreekDrEtc_SHB_12.11.2025_LS,SHB,1714,18571,18571,309.56,309.56,1,0.02,0.3869,0.3869,525.9,0
EagleCreekDrEtc_SHB_12.11.2025_LS,SHB,1663,16937,16941,282.32,282.39,5,0.08,0.3858,0.3858,432.5,0
EagleCreekDrEtc_SHB_12.11.2025_LS,SHB,523,9388,9391,156.49,156.54,4,0.07,0.3854,0.3854,1219.4,0
EagleCreekDrEtc_SHB_12.11.2025_LS,SHB,1550,15662,15667,261.07,261.15,3,0.1,0.3842,0.3842,336.4,0
EagleCreekDrEtc_SHB_12.11.2025_LS,SHB,1672,16956,16959,282.64,282.69,4,0.07,0.3841,0.3841,395.2,0
EagleCreekDrEtc_SHB_12.11.2025_LS,SHB,1075,12698,12698,211.66,211.66,1,0.02,0.384,0.384,734.2,0
EagleCreekDrEtc_SHB_12.11.2025_LS,SHB,2203,21624,21624,360.45,360.45,1,0.02,0.378,0.378,1876.1,0
EagleCreekDrEtc_SHB_12.11.2025_LS,SHB,3486,16424,16424,273.77,273.77,1,0.02,0.3777,0.3777,949.1,0
EagleCreekDrEtc_SHB_12.11.2025_LS,SHB,1669,16947,16952,282.49,282.57,5,0.1,0.3776,0.3776,399.8,0
EagleCreekDrEtc_SHB_12.11.2025_LS,SHB,426,8153,8156,135.9,135.95,3,0.07,0.3749,0.3749,1555.8,0
EagleCreekDrEtc_SHB_12.11.2025_LS,SHB,1947,20871,20871,347.89,347.89,1,0.02,0.3722,0.3722,521.0,0
EagleCreekDrEtc_SHB_12.11.2025_LS,SHB,1684,17513,17517,291.92,291.99,3,0.08,0.365,0.365,1483.5,0
EagleCreekDrEtc_SHB_12.11.2025_LS,SHB,514,9382,9395,156.39,156.6,5,0.23,0.3627,0.3627,1229.4,0
EagleCreekDrEtc_SHB_12.11.2025_LS,SHB,3597,21154,21155,352.61,352.63,2,0.03,0.3614,0.3614,639.2,0
EagleCreekDrEtc_SHB_12.11.2025_LS,SHB,3508,16964,16966,282.77,282.8,2,0.05,0.3612,0.3612,434.0,0
EagleCreekDrEtc_SHB_12.11.2025_LS,SHB,3291,9205,9205,153.44,153.44,1,0.02,0.3602,0.3602,726.5,0
EagleCreekDrEtc_SHB_12.11.2025_LS,SHB,3292,9252,9252,154.22,154.22,1,0.02,0.3591,0.3591,811.2,0
EagleCreekDrEtc_SHB_12.11.2025_LS,SHB,1028,12646,12647,210.79,210.81,2,0.03,0.3587,0.3587,680.2,0
EagleCreekDrEtc_SHB_12.11.2025_LS,SHB,3558,20142,20145,335.74,335.79,3,0.07,0.3545,0.3545,1015.5,0
EagleCreekDrEtc_SHB_12.11.2025_LS,SHB,1731,18665,18667,311.12,311.16,3,0.05,0.3525,0.3525,636.7,0
EagleCreekDrEtc_SHB_12.11.2025_LS,SHB,3424,13986,13989,233.13,233.18,4,0.07,0.3485,0.3485,397.9,0
EagleCreekDrEtc_SHB_12.11.2025_LS,SHB,3268,8139,8145,135.67,135.77,4,0.12,0.3437,0.3437,758.0,0
EagleCreekDrEtc_SHB_12.11.2025_LS,SHB,3527,18570,18582,309.54,309.74,12,0.22,0.2706,0.3415,751.6,0
EagleCreekDrEtc_SHB_12.11.2025_LS,SHB,1821,19704,19704,328.44,328.44,1,0.02,0.3407,0.3407,1539.9,0
EagleCreekDrEtc_SHB_12.11.2025_LS,SHB,3311,9651,9668,160.87,161.15,4,0.3,0.339,0.339,786.5,0
EagleCreekDrEtc_SHB_12.11.2025_LS,SHB,3260,7673,7674,127.9,127.92,2,0.03,0.3347,0.3347,782.3,0
EagleCreekDrEtc_SHB_12.11.2025_LS,SHB,289,1250,1250,20.84,20.84,1,0.02,0.3327,0.3327,429.5,0
EagleCreekDrEtc_SHB_12.11.2025_LS,SHB,3622,21609,21623,360.2,360.43,5,0.25,0.3319,0.3319,1095.4,0
EagleCreekDrEtc_SHB_12.11.2025_LS,SHB,434,8436,8436,140.62,140.62,1,0.02,0.3317,0.3317,696.3,0
EagleCreekDrEtc_SHB_12.11.2025_LS,SHB,3304,9398,9402,156.65,156.72,5,0.08,0.3231,0.3231,517.2,0
EagleCreekDrEtc_SHB_12.11.2025_LS,SHB,730,12227,12228,203.81,203.83,2,0.03,0.3217,0.3217,923.2,0
EagleCreekDrEtc_SHB_12.11.2025_LS,SHB,3209,1242,1242,20.7,20.7,1,0.02,0.321,0.321,330.8,0
EagleCreekDrEtc_SHB_12.11.2025_LS,SHB,3506,16946,16955,282.47,282.62,4,0.17,0.3168,0.3168,409.2,0
EagleCreekDrEtc_SHB_12.11.2025_LS,SHB,3536,19155,19156,319.29,319.31,2,0.03,0.3168,0.3168,612.5,0
EagleCreekDrEtc_SHB_12.11.2025_LS,SHB,3523,17912,17928,298.57,298.84,6,0.28,0.2816,0.3162,1058.3,0
EagleCreekDrEtc_SHB_12.11.2025_LS,SHB,3309,9570,9603,159.52,160.07,5,0.57,0.3137,0.3137,686.9,0
EagleCreekDrEtc_SHB_12.11.2025_LS,SHB,3519,17534,17535,292.27,292.29,2,0.03,0.3123,0.3123,903.8,0
EagleCreekDrEtc_SHB_12.11.2025_LS,SHB,3561,20178,20179,336.34,336.36,2,0.03,0.311,0.311,1662.4,0
EagleCreekDrEtc_SHB_12.11.2025_LS,SHB,3262,7723,7723,128.73,128.73,1,0.02,0.3087,0.3087,710.1,0
EagleCreekDrEtc_SHB_12.11.2025_LS,SHB,3503,16926,16946,282.14,282.47,5,0.35,0.308,0.308,425.1,0
EagleCreekDrEtc_SHB_12.11.2025_LS,SHB,3501,16906,16916,281.8,281.97,6,0.18,0.2912,0.3058,418.4,0
EagleCreekDrEtc_SHB_12.11.2025_LS,SHB,3239,5571,5571,92.86,92.86,1,0.02,0.3056,0.3056,279.0,0
EagleCreekDrEtc_SHB_12.11.2025_LS,SHB,3277,8595,8596,143.27,143.28,2,0.03,0.3041,0.3041,1454.2,0
EagleCreekDrEtc_SHB_12.11.2025_LS,SHB,3417,13836,13841,230.63,230.71,6,0.1,0.2793,0.303,297.8,0
EagleCreekDrEtc_SHB_12.11.2025_LS,SHB,3465,15597,15598,259.98,260.0,2,0.03,0.302,0.302,496.2,0
EagleCreekDrEtc_SHB_12.11.2025_LS,SHB,3258,7508,7520,125.15,125.35,5,0.22,0.2991,0.2991,1374.4,0
EagleCreekDrEtc_SHB_12.11.2025_LS,SHB,3412,13509,13597,225.18,226.65,18,1.48,0.1881,0.2976,857.9,0
EagleCreekDrEtc_SHB_12.11.2025_LS,SHB,3210,1242,1263,20.7,21.05,10,0.37,0.2325,0.2974,438.7,0
EagleCreekDrEtc_SHB_12.11.2025_LS,SHB,3234,4652,4652,77.54,77.54,1,0.02,0.2957,0.2957,274.4,0
EagleCreekDrEtc_SHB_12.11.2025_LS,SHB,3269,8152,8155,135.88,135.93,2,0.07,0.2949,0.2949,1550.7,0
EagleCreekDrEtc_SHB_12.11.2025_LS,SHB,3373,12617,12656,210.31,210.96,8,0.67,0.2486,0.2945,877.0,0
EagleCreekDrEtc_SHB_12.11.2025_LS,SHB,3252,7180,7180,119.68,119.68,1,0.02,0.2925,0.2925,632.0,0
EagleCreekDrEtc_SHB_12.11.2025_LS,SHB,3368,12485,12521,208.11,208.71,7,0.62,0.2573,0.2918,893.8,0
EagleCreekDrEtc_SHB_12.11.2025_LS,SHB,3339,10814,10814,180.26,180.26,1,0.02,0.2913,0.2913,844.1,0
EagleCreekDrEtc_SHB_12.11.2025_LS,SHB,3400,13185,13196,219.78,219.96,7,0.2,0.2411,0.2894,503.6,0
EagleCreekDrEtc_SHB_12.11.2025_LS,SHB,3571,20750,20780,345.88,346.38,8,0.52,0.2299,0.2894,996.6,0
EagleCreekDrEtc_SHB_12.11.2025_LS,SHB,3575,20821,20844,347.06,347.44,6,0.4,0.2678,0.2892,1078.4,0
EagleCreekDrEtc_SHB_12.11.2025_LS,SHB,3315,9867,9868,164.47,164.49,2,0.03,0.2887,0.2887,737.4,0
EagleCreekDrEtc_SHB_12.11.2025_LS,SHB,3452,14489,14512,241.51,241.9,4,0.4,0.2885,0.2885,964.2,0
EagleCreekDrEtc_SHB_12.11.2025_LS,SHB,3494,16838,16874,280.67,281.27,12,0.62,0.207,0.2881,506.4,0
EagleCreekDrEtc_SHB_12.11.2025_LS,SHB,3399,13157,13173,219.31,219.58,6,0.28,0.2587,0.2868,1448.9,0
EagleCreekDrEtc_SHB_12.11.2025_LS,SHB,3243,5680,5682,94.68,94.71,3,0.05,0.2829,0.2829,1611.2,0
EagleCreekDrEtc_SHB_12.11.2025_LS,SHB,3598,21154,21214,352.61,353.61,4,1.02,0.2823,0.2823,625.3,0
EagleCreekDrEtc_SHB_12.11.2025_LS,SHB,3533,18933,18933,315.59,315.59,1,0.02,0.2816,0.2816,493.1,0
EagleCreekDrEtc_SHB_12.11.2025_LS,SHB,3278,8609,8609,143.5,143.5,1,0.02,0.2808,0.2808,1707.1,0
EagleCreekDrEtc_SHB_12.11.2025_LS,SHB,3472,15778,15822,263.0,263.73,9,0.75,0.2237,0.2804,1777.3,0
EagleCreekDrEtc_SHB_12.11.2025_LS,SHB,3213,1282,1301,21.37,21.69,8,0.33,0.2318,0.2797,606.6,0
EagleCreekDrEtc_SHB_12.11.2025_LS,SHB,3320,10037,10070,167.3,167.85,7,0.57,0.2452,0.2796,1393.3,0
EagleCreekDrEtc_SHB_12.11.2025_LS,SHB,3593,21017,21029,350.33,350.53,2,0.22,0.2792,0.2792,403.1,0
EagleCreekDrEtc_SHB_12.11.2025_LS,SHB,3287,8854,8855,147.59,147.6,2,0.03,0.2788,0.2788,898.1,0
EagleCreekDrEtc_SHB_12.11.2025_LS,SHB,3219,1630,1636,27.17,27.27,6,0.12,0.2516,0.2749,577.2,0
EagleCreekDrEtc_SHB_12.11.2025_LS,SHB,3482,16078,16080,268.0,268.03,2,0.05,0.2744,0.2744,1085.5,0
EagleCreekDrEtc_SHB_12.11.2025_LS,SHB,3405,13288,13288,221.49,221.49,1,0.02,0.271,0.271,326.1,0
EagleCreekDrEtc_SHB_12.11.2025_LS,SHB,3426,13986,13989,233.13,233.18,4,0.07,0.2706,0.2706,392.9,0
EagleCreekDrEtc_SHB_12.11.2025_LS,SHB,3555,20029,20039,333.86,334.03,6,0.18,0.2506,0.2687,688.1,0
EagleCreekDrEtc_SHB_12.11.2025_LS,SHB,3397,13063,13064,217.74,217.76,2,0.03,0.2684,0.2684,841.7,0
EagleCreekDrEtc_SHB_12.11.2025_LS,SHB,3317,9955,10005,165.94,166.77,7,0.85,0.226,0.2666,1712.5,0
EagleCreekDrEtc_SHB_12.11.2025_LS,SHB,3418,13890,13890,231.53,231.53,1,0.02,0.2666,0.2666,529.9,0
EagleCreekDrEtc_SHB_12.11.2025_LS,SHB,3521,17834,17834,297.27,297.27,1,0.02,0.2664,0.2664,685.4,0
EagleCreekDrEtc_SHB_12.11.2025_LS,SHB,3236,5156,5162,85.94,86.04,6,0.12,0.242,0.2663,399.1,0
EagleCreekDrEtc_SHB_12.11.2025_LS,SHB,3612,21377,21420,356.33,357.05,14,0.73,0.1779,0.2657,619.7,0
EagleCreekDrEtc_SHB_12.11.2025_LS,SHB,3542,19582,19582,326.41,326.41,1,0.02,0.2633,0.2633,509.7,0
EagleCreekDrEtc_SHB_12.11.2025_LS,SHB,3401,13233,13262,220.58,221.06,12,0.5,0.1935,0.2604,579.6,0
EagleCreekDrEtc_SHB_12.11.2025_LS,SHB,3218,1615,1623,26.92,27.05,9,0.15,0.2143,0.2602,491.6,0
EagleCreekDrEtc_SHB_12.11.2025_LS,SHB,3366,12444,12458,207.43,207.66,2,0.25,0.2592,0.2592,834.9,0
EagleCreekDrEtc_SHB_12.11.2025_LS,SHB,3403,13251,13251,220.88,220.88,1,0.02,0.2574,0.2574,596.3,0
EagleCreekDrEtc_SHB_12.11.2025_LS,SHB,3496,16882,16889,281.4,281.52,3,0.13,0.2568,0.2568,376.7,0
EagleCreekDrEtc_SHB_12.11.2025_LS,SHB,3338,10612,10640,176.89,177.36,2,0.48,0.256,0.256,1667.7,0
EagleCreekDrEtc_SHB_12.11.2025_LS,SHB,3480,15941,15943,265.72,265.75,3,0.05,0.2553,0.2553,1433.0,0
EagleCreekDrEtc_SHB_12.11.2025_LS,SHB,3305,9451,9480,157.54,158.02,2,0.5,0.2548,0.2548,633.3,0
EagleCreekDrEtc_SHB_12.11.2025_LS,SHB,3560,20169,20214,336.19,336.94,10,0.77,0.1934,0.2516,1403.8,0
EagleCreekDrEtc_SHB_12.11.2025_LS,SHB,3387,12814,12814,213.59,213.59,1,0.02,0.2508,0.2508,805.8,0
EagleCreekDrEtc_SHB_12.11.2025_LS,SHB,3490,16735,16735,278.95,278.95,1,0.02,0.2491,0.2491,3272.5,0
EagleCreekDrEtc_SHB_12.11.2025_LS,SHB,3585,20917,20917,348.66,348.66,1,0.02,0.2486,0.2486,474.5,0
EagleCreekDrEtc_SHB_12.11.2025_LS,SHB,3376,12617,12661,210.31,211.04,7,0.75,0.2107,0.2484,848.7,0
EagleCreekDrEtc_SHB_12.11.2025_LS,SHB,3601,21181,21185,353.06,353.13,4,0.08,0.2483,0.2483,887.4,0
EagleCreekDrEtc_SHB_12.11.2025_LS,SHB,3442,14162,14164,236.06,236.1,3,0.05,0.2473,0.2473,664.9,0
EagleCreekDrEtc_SHB_12.11.2025_LS,SHB,3420,13946,13952,232.46,232.56,4,0.12,0.2472,0.2472,323.2,0
EagleCreekDrEtc_SHB_12.11.2025_LS,SHB,3563,20370,20372,339.54,339.58,3,0.05,0.247,0.247,680.5,0
EagleCreekDrEtc_SHB_12.11.2025_LS,SHB,3619,21562,21562,359.41,359.41,1,0.02,0.244,0.244,313.2,0
EagleCreekDrEtc_SHB_12.11.2025_LS,SHB,3544,19657,19662,327.66,327.74,4,0.1,0.243,0.243,823.1,0
EagleCreekDrEtc_SHB_12.11.2025_LS,SHB,3345,11682,11682,194.72,194.72,1,0.02,0.242,0.242,1090.9,0
EagleCreekDrEtc_SHB_12.11.2025_LS,SHB,3553,19863,19871,331.09,331.23,3,0.15,0.2406,0.2406,579.3,0
EagleCreekDrEtc_SHB_12.11.2025_LS,SHB,3312,9670,9670,161.19,161.19,1,0.02,0.2405,0.2405,929.6,0
EagleCreekDrEtc_SHB_12.11.2025_LS,SHB,3293,9265,9265,154.44,154.44,1,0.02,0.2403,0.2403,851.1,0
EagleCreekDrEtc_SHB_12.11.2025_LS,SHB,3552,19858,19858,331.01,331.01,1,0.02,0.2387,0.2387,731.8,0
EagleCreekDrEtc_SHB_12.11.2025_LS,SHB,3374,12617,12655,210.31,210.94,5,0.65,0.238,0.238,835.0,0
EagleCreekDrEtc_SHB_12.11.2025_LS,SHB,3479,15879,15879,264.68,264.68,1,0.02,0.238,0.238,247.7,0
EagleCreekDrEtc_SHB_12.11.2025_LS,SHB,3313,9824,9853,163.75,164.24,4,0.5,0.2361,0.2361,1023.2,0
EagleCreekDrEtc_SHB_12.11.2025_LS,SHB,3492,16820,16850,280.37,280.87,10,0.52,0.18,0.2358,648.8,0
EagleCreekDrEtc_SHB_12.11.2025_LS,SHB,3353,12147,12158,202.48,202.66,8,0.2,0.1975,0.2334,732.2,0
EagleCreekDrEtc_SHB_12.11.2025_LS,SHB,3294,9295,9329,154.94,155.5,8,0.58,0.198,0.2325,744.7,0
EagleCreekDrEtc_SHB_12.11.2025_LS,SHB,3306,9479,9479,158.0,158.0,1,0.02,0.2319,0.2319,989.2,0
EagleCreekDrEtc_SHB_12.11.2025_LS,SHB,3572,20760,20780,346.04,346.38,4,0.35,0.2319,0.2319,1016.5,0
EagleCreekDrEtc_SHB_12.11.2025_LS,SHB,3600,21181,21185,353.06,353.13,3,0.08,0.2314,0.2314,459.9,0
EagleCreekDrEtc_SHB_12.11.2025_LS,SHB,3547,19729,19741,328.86,329.06,2,0.22,0.2309,0.2309,1003.7,0
EagleCreekDrEtc_SHB_12.11.2025_LS,SHB,3567,20697,20697,344.99,344.99,1,0.02,0.2308,0.2308,665.7,0
EagleCreekDrEtc_SHB_12.11.2025_LS,SHB,3411,13501,13532,225.05,225.56,5,0.53,0.2307,0.2307,895.7,0
EagleCreekDrEtc_SHB_12.11.2025_LS,SHB,3324,10115,10115,168.6,168.6,1,0.02,0.2301,0.2301,688.0,0
EagleCreekDrEtc_SHB_12.11.2025_LS,SHB,3594,21073,21096,351.26,351.64,6,0.4,0.2055,0.2265,480.6,0
EagleCreekDrEtc_SHB_12.11.2025_LS,SHB,3223,2290,2290,38.17,38.17,1,0.02,0.226,0.226,2521.8,0
EagleCreekDrEtc_SHB_12.11.2025_LS,SHB,3240,5577,5578,92.96,92.98,2,0.03,0.2257,0.2257,1528.5,0
EagleCreekDrEtc_SHB_12.11.2025_LS,SHB,3545,19702,19708,328.41,328.51,4,0.12,0.2254,0.2254,1640.3,0
EagleCreekDrEtc_SHB_12.11.2025_LS,SHB,3229,2988,2990,49.81,49.84,3,0.05,0.2252,0.2252,892.7,0
EagleCreekDrEtc_SHB_12.11.2025_LS,SHB,3249,6981,7002,116.36,116.71,4,0.37,0.2246,0.2246,1300.7,0
EagleCreekDrEtc_SHB_12.11.2025_LS,SHB,3557,20094,20097,334.94,334.99,3,0.07,0.2242,0.2242,498.0,0
EagleCreekDrEtc_SHB_12.11.2025_LS,SHB,3421,13947,13952,232.48,232.56,3,0.1,0.2239,0.2239,320.3,0
EagleCreekDrEtc_SHB_12.11.2025_LS,SHB,3549,19756,19757,329.31,329.33,2,0.03,0.2239,0.2239,477.7,0
EagleCreekDrEtc_SHB_12.11.2025_LS,SHB,3617,21450,21480,357.55,358.05,3,0.52,0.2237,0.2237,385.2,0
EagleCreekDrEtc_SHB_12.11.2025_LS,SHB,3432,14087,14131,234.81,235.55,30,0.75,0.1502,0.2234,329.8,0
EagleCreekDrEtc_SHB_12.11.2025_LS,SHB,3326,10152,10152,169.22,169.22,1,0.02,0.2233,0.2233,551.1,0
EagleCreekDrEtc_SHB_12.11.2025_LS,SHB,3516,17123,17138,285.42,285.67,3,0.27,0.2223,0.2223,742.1,0
EagleCreekDrEtc_SHB_12.11.2025_LS,SHB,3398,13098,13133,218.33,218.91,8,0.6,0.1903,0.2219,607.8,0
EagleCreekDrEtc_SHB_12.11.2025_LS,SHB,3608,21260,21268,354.38,354.51,5,0.15,0.221,0.221,878.5,0
EagleCreekDrEtc_SHB_12.11.2025_LS,SHB,3550,19769,19794,329.53,329.94,2,0.43,0.219,0.219,506.2,0
EagleCreekDrEtc_SHB_12.11.2025_LS,SHB,3347,11813,11825,196.91,197.11,2,0.22,0.217,0.217,658.4,0
EagleCreekDrEtc_SHB_12.11.2025_LS,SHB,3295,9320,9342,155.35,155.72,6,0.38,0.1975,0.2163,1009.3,0
EagleCreekDrEtc_SHB_12.11.2025_LS,SHB,3425,13986,13989,233.13,233.18,3,0.07,0.2153,0.2153,393.7,0
EagleCreekDrEtc_SHB_12.11.2025_LS,SHB,3350,12005,12005,200.11,200.11,1,0.02,0.2122,0.2122,536.7,0
EagleCreekDrEtc_SHB_12.11.2025_LS,SHB,3537,19155,19156,319.29,319.31,2,0.03,0.2122,0.2122,1241.3,0
EagleCreekDrEtc_SHB_12.11.2025_LS,SHB,3577,20837,20870,347.33,347.88,6,0.57,0.1958,0.21,505.5,0
EagleCreekDrEtc_SHB_12.11.2025_LS,SHB,3385,12738,12738,212.33,212.33,1,0.02,0.2096,0.2096,790.7,0
EagleCreekDrEtc_SHB_12.11.2025_LS,SHB,3414,13565,13582,226.11,226.4,5,0.3,0.2095,0.2095,912.1,0
EagleCreekDrEtc_SHB_12.11.2025_LS,SHB,3257,7475,7475,124.6,124.6,1,0.02,0.2092,0.2092,688.0,0
EagleCreekDrEtc_SHB_12.11.2025_LS,SHB,3605,21243,21250,354.1,354.21,5,0.13,0.2091,0.2091,748.7,0
EagleCreekDrEtc_SHB_12.11.2025_LS,SHB,3466,15597,15598,259.98,260.0,2,0.03,0.2076,0.2076,493.8,0
EagleCreekDrEtc_SHB_12.11.2025_LS,SHB,3525,18047,18047,300.82,300.82,1,0.02,0.2072,0.2072,472.8,0
EagleCreekDrEtc_SHB_12.11.2025_LS,SHB,3457,14934,14934,248.93,248.93,1,0.02,0.2056,0.2056,343.3,0
EagleCreekDrEtc_SHB_12.11.2025_LS,SHB,3446,14368,14404,239.5,240.1,5,0.62,0.2045,0.2045,552.1,0
EagleCreekDrEtc_SHB_12.11.2025_LS,SHB,3390,12856,12856,214.29,214.29,1,0.02,0.2033,0.2033,860.8,0
EagleCreekDrEtc_SHB_12.11.2025_LS,SHB,3337,10610,10628,176.86,177.16,4,0.32,0.2032,0.2032,910.5,0
EagleCreekDrEtc_SHB_12.11.2025_LS,SHB,3618,21517,21517,358.66,358.66,1,0.02,0.2028,0.2028,523.2,0
EagleCreekDrEtc_SHB_12.11.2025_LS,SHB,3538,19328,19328,322.17,322.17,1,0.02,0.2016,0.2016,5337.9,0
EagleCreekDrEtc_SHB_12.11.2025_LS,SHB,3276,8591,8591,143.2,143.2,1,0.02,0.1997,0.1997,5334.6,0
EagleCreekDrEtc_SHB_12.11.2025_LS,SHB,3495,16850,16858,280.87,281.0,2,0.15,0.198,0.198,450.2,0
EagleCreekDrEtc_SHB_12.11.2025_LS,SHB,3310,9570,9570,159.52,159.52,1,0.02,0.1978,0.1978,788.6,0
EagleCreekDrEtc_SHB_12.11.2025_LS,SHB,3607,21246,21246,354.15,354.15,1,0.02,0.1955,0.1955,645.8,0
EagleCreekDrEtc_SHB_12.11.2025_LS,SHB,3610,21339,21339,355.7,355.7,1,0.02,0.1954,0.1954,859.2,0
EagleCreekDrEtc_SHB_12.11.2025_LS,SHB,3428,13989,13989,233.18,233.18,1,0.02,0.1951,0.1951,419.2,0
EagleCreekDrEtc_SHB_12.11.2025_LS,SHB,3297,9365,9396,156.1,156.62,4,0.53,0.1948,0.1948,801.1,0
EagleCreekDrEtc_SHB_12.11.2025_LS,SHB,3485,16349,16356,272.52,272.63,2,0.13,0.1938,0.1938,280.3,0
EagleCreekDrEtc_SHB_12.11.2025_LS,SHB,3498,16893,16908,281.59,281.84,5,0.27,0.1924,0.1924,533.6,0
EagleCreekDrEtc_SHB_12.11.2025_LS,SHB,3562,20366,20366,339.48,339.48,1,0.02,0.192,0.192,452.5,0
EagleCreekDrEtc_SHB_12.11.2025_LS,SHB,3231,3549,3550,59.16,59.17,2,0.03,0.19,0.19,2152.0,0
EagleCreekDrEtc_SHB_12.11.2025_LS,SHB,3307,9550,9550,159.19,159.19,1,0.02,0.19,0.19,416.2,0
EagleCreekDrEtc_SHB_12.11.2025_LS,SHB,3212,1265,1265,21.09,21.09,1,0.02,0.1897,0.1897,638.3,0
EagleCreekDrEtc_SHB_12.11.2025_LS,SHB,3620,21564,21564,359.45,359.45,1,0.02,0.1878,0.1878,460.0,0
EagleCreekDrEtc_SHB_12.11.2025_LS,SHB,3375,12617,12656,210.31,210.96,5,0.67,0.1875,0.1875,924.6,0
EagleCreekDrEtc_SHB_12.11.2025_LS,SHB,3255,7329,7329,122.17,122.17,1,0.02,0.1857,0.1857,942.8,0
EagleCreekDrEtc_SHB_12.11.2025_LS,SHB,3415,13575,13584,226.28,226.43,3,0.17,0.184,0.184,787.7,0
EagleCreekDrEtc_SHB_12.11.2025_LS,SHB,3270,8165,8169,136.1,136.17,2,0.08,0.1839,0.1839,1273.2,0
EagleCreekDrEtc_SHB_12.11.2025_LS,SHB,3361,12341,12383,205.71,206.41,4,0.72,0.1839,0.1839,808.5,0
EagleCreekDrEtc_SHB_12.11.2025_LS,SHB,3241,5608,5608,93.48,93.48,1,0.02,0.1837,0.1837,774.9,0
EagleCreekDrEtc_SHB_12.11.2025_LS,SHB,3206,954,957,15.9,15.95,4,0.07,0.1832,0.1832,776.4,0
EagleCreekDrEtc_SHB_12.11.2025_LS,SHB,3216,1540,1540,25.67,25.67,1,0.02,0.1825,0.1825,1166.3,0
EagleCreekDrEtc_SHB_12.11.2025_LS,SHB,3532,18900,18901,315.04,315.06,2,0.03,0.1817,0.1817,382.6,0
EagleCreekDrEtc_SHB_12.11.2025_LS,SHB,3513,17063,17063,284.42,284.42,1,0.02,0.1815,0.1815,2821.8,0
EagleCreekDrEtc_SHB_12.11.2025_LS,SHB,3586,20939,20949,349.03,349.19,5,0.18,0.181,0.181,613.8,0
EagleCreekDrEtc_SHB_12.11.2025_LS,SHB,3341,11628,11628,193.82,193.82,1,0.02,0.1808,0.1808,523.2,0
EagleCreekDrEtc_SHB_12.11.2025_LS,SHB,3409,13459,13461,224.35,224.38,3,0.05,0.1803,0.1803,766.7,0
EagleCreekDrEtc_SHB_12.11.2025_LS,SHB,3534,18956,18956,315.97,315.97,1,0.02,0.1799,0.1799,248.2,0
EagleCreekDrEtc_SHB_12.11.2025_LS,SHB,3290,9113,9117,151.9,151.97,5,0.08,0.1784,0.1784,359.9,0
EagleCreekDrEtc_SHB_12.11.2025_LS,SHB,3370,12496,12521,208.29,208.71,2,0.43,0.178,0.178,877.3,0
EagleCreekDrEtc_SHB_12.11.2025_LS,SHB,3233,3691,3696,61.52,61.61,5,0.1,0.1774,0.1774,948.1,0
EagleCreekDrEtc_SHB_12.11.2025_LS,SHB,3286,8853,8865,147.57,147.77,2,0.22,0.1772,0.1772,853.7,0
EagleCreekDrEtc_SHB_12.11.2025_LS,SHB,3346,11759,11790,196.01,196.52,5,0.53,0.1767,0.1767,526.1,0
EagleCreekDrEtc_SHB_12.11.2025_LS,SHB,3318,9968,9994,166.15,166.59,4,0.45,0.1765,0.1765,1623.3,0
EagleCreekDrEtc_SHB_12.11.2025_LS,SHB,3204,286,286,4.77,4.77,1,0.02,0.1755,0.1755,476.6,0
EagleCreekDrEtc_SHB_12.11.2025_LS,SHB,3327,10284,10284,171.42,171.42,1,0.02,0.1748,0.1748,546.3,0
EagleCreekDrEtc_SHB_12.11.2025_LS,SHB,3487,16433,16434,273.92,273.93,2,0.03,0.1744,0.1744,1473.9,0
EagleCreekDrEtc_SHB_12.11.2025_LS,SHB,3588,20960,20961,349.38,349.39,2,0.03,0.1744,0.1744,600.9,0
EagleCreekDrEtc_SHB_12.11.2025_LS,SHB,3592,20985,20985,349.79,349.79,1,0.02,0.1742,0.1742,1283.5,0
EagleCreekDrEtc_SHB_12.11.2025_LS,SHB,3298,9371,9387,156.2,156.47,3,0.28,0.1741,0.1741,1223.6,0
EagleCreekDrEtc_SHB_12.11.2025_LS,SHB,3355,12198,12231,203.33,203.88,4,0.57,0.174,0.174,1025.5,0
EagleCreekDrEtc_SHB_12.11.2025_LS,SHB,3388,12814,12814,213.59,213.59,1,0.02,0.1724,0.1724,711.7,0
EagleCreekDrEtc_SHB_12.11.2025_LS,SHB,3623,21621,21621,360.4,360.4,1,0.02,0.1714,0.1714,682.4,0
EagleCreekDrEtc_SHB_12.11.2025_LS,SHB,3470,15770,15777,262.87,262.98,4,0.13,0.1713,0.1713,1701.5,0
EagleCreekDrEtc_SHB_12.11.2025_LS,SHB,3348,11905,11905,198.44,198.44,1,0.02,0.1702,0.1702,1062.0,0
EagleCreekDrEtc_SHB_12.11.2025_LS,SHB,3381,12697,12697,211.64,211.64,1,0.02,0.1699,0.1699,926.9,0
EagleCreekDrEtc_SHB_12.11.2025_LS,SHB,3406,13352,13397,222.56,223.31,7,0.77,0.1523,0.1697,689.9,0
EagleCreekDrEtc_SHB_12.11.2025_LS,SHB,3559,20164,20164,336.11,336.11,1,0.02,0.1697,0.1697,822.8,0
EagleCreekDrEtc_SHB_12.11.2025_LS,SHB,3228,2927,2930,48.79,48.84,4,0.07,0.1688,0.1688,601.5,0
EagleCreekDrEtc_SHB_12.11.2025_LS,SHB,3235,4730,4730,78.84,78.84,1,0.02,0.1688,0.1688,268.5,0
EagleCreekDrEtc_SHB_12.11.2025_LS,SHB,3261,7711,7724,128.53,128.75,3,0.23,0.1688,0.1688,724.7,0
EagleCreekDrEtc_SHB_12.11.2025_LS,SHB,3429,13989,13989,233.18,233.18,1,0.02,0.1688,0.1688,396.6,0
EagleCreekDrEtc_SHB_12.11.2025_LS,SHB,3599,21155,21155,352.63,352.63,1,0.02,0.1686,0.1686,619.8,0
EagleCreekDrEtc_SHB_12.11.2025_LS,SHB,3319,9980,9982,166.35,166.39,2,0.05,0.1682,0.1682,1553.7,0
EagleCreekDrEtc_SHB_12.11.2025_LS,SHB,3207,1069,1070,17.82,17.84,2,0.03,0.1675,0.1675,489.2,0
EagleCreekDrEtc_SHB_12.11.2025_LS,SHB,3250,7060,7060,117.68,117.68,1,0.02,0.1664,0.1664,338.4,0
EagleCreekDrEtc_SHB_12.11.2025_LS,SHB,3364,12377,12377,206.31,206.31,1,0.02,0.166,0.166,814.6,0
EagleCreekDrEtc_SHB_12.11.2025_LS,SHB,3284,8822,8838,147.05,147.32,4,0.28,0.1657,0.1657,378.4,0
EagleCreekDrEtc_SHB_12.11.2025_LS,SHB,3535,19114,19115,318.61,318.62,2,0.03,0.1651,0.1651,1665.5,0
EagleCreekDrEtc_SHB_12.11.2025_LS,SHB,3413,13547,13551,225.81,225.88,5,0.08,0.165,0.165,761.5,0
EagleCreekDrEtc_SHB_12.11.2025_LS,SHB,3323,10067,10067,167.8,167.8,1,0.02,0.1647,0.1647,500.8,0
EagleCreekDrEtc_SHB_12.11.2025_LS,SHB,3283,8779,8781,146.34,146.37,3,0.05,0.1632,0.1632,497.4,0
EagleCreekDrEtc_SHB_12.11.2025_LS,SHB,3469,15727,15727,262.15,262.15,1,0.02,0.1632,0.1632,1382.7,0
EagleCreekDrEtc_SHB_12.11.2025_LS,SHB,3333,10495,10495,174.94,174.94,1,0.02,0.1627,0.1627,877.4,0
EagleCreekDrEtc_SHB_12.11.2025_LS,SHB,3541,19560,19560,326.04,326.04,1,0.02,0.162,0.162,986.5,0
EagleCreekDrEtc_SHB_12.11.2025_LS,SHB,3214,1283,1285,21.39,21.42,3,0.05,0.1618,0.1618,591.3,0
EagleCreekDrEtc_SHB_12.11.2025_LS,SHB,3433,14090,14128,234.86,235.5,22,0.65,0.1302,0.161,332.1,0
EagleCreekDrEtc_SHB_12.11.2025_LS,SHB,3507,16955,16976,282.62,282.97,4,0.37,0.1609,0.1609,1443.1,0
EagleCreekDrEtc_SHB_12.11.2025_LS,SHB,3511,17057,17057,284.32,284.32,1,0.02,0.1606,0.1606,474.1,0
EagleCreekDrEtc_SHB_12.11.2025_LS,SHB,3382,12697,12697,211.64,211.64,1,0.02,0.1599,0.1599,982.2,0
EagleCreekDrEtc_SHB_12.11.2025_LS,SHB,3215,1284,1284,21.4,21.4,1,0.02,0.1592,0.1592,526.6,0
EagleCreekDrEtc_SHB_12.11.2025_LS,SHB,3402,13233,13252,220.58,220.89,6,0.33,0.1505,0.1586,589.3,0
EagleCreekDrEtc_SHB_12.11.2025_LS,SHB,3267,8064,8064,134.42,134.42,1,0.02,0.1579,0.1579,547.0,0
EagleCreekDrEtc_SHB_12.11.2025_LS,SHB,3468,15722,15742,262.07,262.4,3,0.35,0.1578,0.1578,364.7,0
EagleCreekDrEtc_SHB_12.11.2025_LS,SHB,3285,8831,8831,147.2,147.2,1,0.02,0.1569,0.1569,325.8,0
EagleCreekDrEtc_SHB_12.11.2025_LS,SHB,3444,14361,14363,239.38,239.41,3,0.05,0.1568,0.1568,1232.7,0
EagleCreekDrEtc_SHB_12.11.2025_LS,SHB,3408,13401,13424,223.38,223.76,2,0.4,0.1561,0.1561,825.9,0
EagleCreekDrEtc_SHB_12.11.2025_LS,SHB,3565,20434,20434,340.61,340.61,1,0.02,0.1554,0.1554,882.0,0
EagleCreekDrEtc_SHB_12.11.2025_LS,SHB,3263,7749,7767,129.17,129.47,4,0.32,0.1552,0.1552,768.5,0
EagleCreekDrEtc_SHB_12.11.2025_LS,SHB,3566,20498,20498,341.68,341.68,1,0.02,0.1551,0.1551,867.6,0
EagleCreekDrEtc_SHB_12.11.2025_LS,SHB,3515,17086,17086,284.8,284.8,1,0.02,0.155,0.155,699.0,0
EagleCreekDrEtc_SHB_12.11.2025_LS,SHB,3520,17762,17762,296.07,296.07,1,0.02,0.1547,0.1547,407.0,0
EagleCreekDrEtc_SHB_12.11.2025_LS,SHB,3497,16882,16906,281.4,281.8,4,0.42,0.1544,0.1544,670.5,0
EagleCreekDrEtc_SHB_12.11.2025_LS,SHB,3342,11653,11653,194.24,194.24,1,0.02,0.1543,0.1543,743.9,0
EagleCreekDrEtc_SHB_12.11.2025_LS,SHB,3473,15779,15785,263.02,263.12,2,0.12,0.1535,0.1535,1929.8,0
EagleCreekDrEtc_SHB_12.11.2025_LS,SHB,3477,15848,15855,264.17,264.28,4,0.13,0.1531,0.1531,644.4,0
EagleCreekDrEtc_SHB_12.11.2025_LS,SHB,3614,21390,21390,356.55,356.55,1,0.02,0.1529,0.1529,628.4,0
EagleCreekDrEtc_SHB_12.11.2025_LS,SHB,3391,12888,12889,214.83,214.84,2,0.03,0.1519,0.1519,730.9,0
EagleCreekDrEtc_SHB_12.11.2025_LS,SHB,3362,12359,12406,206.01,206.79,7,0.8,0.1373,0.1517,903.6,0
EagleCreekDrEtc_SHB_12.11.2025_LS,SHB,3369,12485,12521,208.11,208.71,5,0.62,0.1517,0.1517,859.8,0
EagleCreekDrEtc_SHB_12.11.2025_LS,SHB,3244,6236,6237,103.95,103.96,2,0.03,0.151,0.151,474.3,0
EagleCreekDrEtc_SHB_12.11.2025_LS,SHB,3329,10311,10315,171.87,171.94,4,0.08,0.151,0.151,575.9,0
EagleCreekDrEtc_SHB_12.11.2025_LS,SHB,3300,9371,9371,156.2,156.2,1,0.02,0.1506,0.1506,1023.7,0
EagleCreekDrEtc_SHB_12.11.2025_LS,SHB,3279,8634,8662,143.92,144.39,5,0.48,0.1503,0.1503,1050.9,0
EagleCreekDrEtc_SHB_12.11.2025_LS,SHB,3340,11397,11397,189.97,189.97,1,0.02,0.1501,0.1501,536.1,0
EagleCreekDrEtc_SHB_12.11.2025_LS,SHB,3502,16911,16911,281.89,281.89,1,0.02,0.1495,0.1495,330.3,0
EagleCreekDrEtc_SHB_12.11.2025_LS,SHB,3524,17928,17928,298.84,298.84,1,0.02,0.1494,0.1494,1620.6,0
EagleCreekDrEtc_SHB_12.11.2025_LS,SHB,3393,12925,12991,215.44,216.54,5,1.12,0.1493,0.1493,695.6,0
EagleCreekDrEtc_SHB_12.11.2025_LS,SHB,3476,15832,15833,263.9,263.92,2,0.03,0.1493,0.1493,698.3,0
EagleCreekDrEtc_SHB_12.11.2025_LS,SHB,3416,13754,13759,229.26,229.35,2,0.1,0.1492,0.1492,904.6,0
EagleCreekDrEtc_SHB_12.11.2025_LS,SHB,3343,11658,11660,194.32,194.36,2,0.05,0.149,0.149,835.7,0
EagleCreekDrEtc_SHB_12.11.2025_LS,SHB,3528,18578,18579,309.67,309.69,2,0.03,0.149,0.149,812.3,0
EagleCreekDrEtc_SHB_12.11.2025_LS,SHB,3581,20870,20874,347.88,347.94,3,0.08,0.1483,0.1483,516.3,0
EagleCreekDrEtc_SHB_12.11.2025_LS,SHB,3603,21185,21185,353.13,353.13,1,0.02,0.1482,0.1482,447.6,0
EagleCreekDrEtc_SHB_12.11.2025_LS,SHB,3463,15464,15472,257.77,257.9,3,0.15,0.1481,0.1481,573.3,0
EagleCreekDrEtc_SHB_12.11.2025_LS,SHB,3467,15706,15706,261.8,261.8,1,0.02,0.148,0.148,324.4,0
EagleCreekDrEtc_SHB_12.11.2025_LS,SHB,3232,3639,3639,60.66,60.66,1,0.02,0.1468,0.1468,776.0,0
EagleCreekDrEtc_SHB_12.11.2025_LS,SHB,3211,1242,1252,20.7,20.87,6,0.18,0.1395,0.1467,361.8,0
EagleCreekDrEtc_SHB_12.11.2025_LS,SHB,3596,21095,21095,351.63,351.63,1,0.02,0.1467,0.1467,431.3,0
EagleCreekDrEtc_SHB_12.11.2025_LS,SHB,3435,14103,14128,235.08,235.5,11,0.43,0.1297,0.1455,335.4,0
EagleCreekDrEtc_SHB_12.11.2025_LS,SHB,3434,14090,14092,234.86,234.9,2,0.05,0.1452,0.1452,519.2,0
EagleCreekDrEtc_SHB_12.11.2025_LS,SHB,3474,15793,15794,263.25,263.27,2,0.03,0.1439,0.1439,1875.5,0
EagleCreekDrEtc_SHB_12.11.2025_LS,SHB,3254,7312,7312,121.88,121.88,1,0.02,0.1438,0.1438,1208.4,0
EagleCreekDrEtc_SHB_12.11.2025_LS,SHB,3590,20973,20976,349.59,349.64,3,0.07,0.1433,0.1433,480.3,0
EagleCreekDrEtc_SHB_12.11.2025_LS,SHB,3281,8718,8718,145.32,145.32,1,0.02,0.1432,0.1432,647.2,0
EagleCreekDrEtc_SHB_12.11.2025_LS,SHB,3379,12659,12659,211.01,211.01,1,0.02,0.143,0.143,1017.5,0
EagleCreekDrEtc_SHB_12.11.2025_LS,SHB,3569,20735,20735,345.63,345.63,1,0.02,0.1427,0.1427,1002.0,0
EagleCreekDrEtc_SHB_12.11.2025_LS,SHB,3489,16701,16701,278.39,278.39,1,0.02,0.1425,0.1425,2231.7,0
EagleCreekDrEtc_SHB_12.11.2025_LS,SHB,3514,17069,17069,284.52,284.52,1,0.02,0.1423,0.1423,309.5,0
EagleCreekDrEtc_SHB_12.11.2025_LS,SHB,3576,20821,20860,347.06,347.71,4,0.67,0.1418,0.1418,1153.5,0
EagleCreekDrEtc_SHB_12.11.2025_LS,SHB,3289,9056,9056,150.95,150.95,1,0.02,0.1409,0.1409,293.1,0
EagleCreekDrEtc_SHB_12.11.2025_LS,SHB,3352,12127,12149,202.14,202.51,3,0.38,0.1407,0.1407,977.6,0
EagleCreekDrEtc_SHB_12.11.2025_LS,SHB,3217,1593,1593,26.55,26.55,1,0.02,0.1394,0.1394,734.5,0
EagleCreekDrEtc_SHB_12.11.2025_LS,SHB,3371,12496,12496,208.29,208.29,1,0.02,0.1394,0.1394,915.1,0
EagleCreekDrEtc_SHB_12.11.2025_LS,SHB,3264,7755,7765,129.27,129.43,3,0.18,0.1389,0.1389,835.3,0
EagleCreekDrEtc_SHB_12.11.2025_LS,SHB,3280,8665,8665,144.44,144.44,1,0.02,0.1388,0.1388,1024.7,0
EagleCreekDrEtc_SHB_12.11.2025_LS,SHB,3325,10118,10119,168.65,168.67,2,0.03,0.1386,0.1386,876.4,0
EagleCreekDrEtc_SHB_12.11.2025_LS,SHB,3554,19933,19933,332.26,332.26,1,0.02,0.1382,0.1382,1204.5,0
EagleCreekDrEtc_SHB_12.11.2025_LS,SHB,3265,7829,7829,130.5,130.5,1,0.02,0.1381,0.1381,406.9,0
EagleCreekDrEtc_SHB_12.11.2025_LS,SHB,3604,21185,21185,353.13,353.13,1,0.02,0.1371,0.1371,499.6,0
EagleCreekDrEtc_SHB_12.11.2025_LS,SHB,3344,11669,11669,194.51,194.51,1,0.02,0.137,0.137,850.5,0
EagleCreekDrEtc_SHB_12.11.2025_LS,SHB,3357,12240,12240,204.03,204.03,1,0.02,0.1367,0.1367,235.8,0
EagleCreekDrEtc_SHB_12.11.2025_LS,SHB,3359,12298,12321,204.99,205.38,3,0.4,0.1364,0.1364,870.5,0
EagleCreekDrEtc_SHB_12.11.2025_LS,SHB,3517,17490,17490,291.54,291.54,1,0.02,0.1363,0.1363,718.5,0
EagleCreekDrEtc_SHB_12.11.2025_LS,SHB,3483,16101,16101,268.38,268.38,1,0.02,0.136,0.136,592.8,0
EagleCreekDrEtc_SHB_12.11.2025_LS,SHB,3386,12738,12738,212.33,212.33,1,0.02,0.1359,0.1359,812.8,0
EagleCreekDrEtc_SHB_12.11.2025_LS,SHB,3548,19736,19736,328.98,328.98,1,0.02,0.1358,0.1358,427.8,0
EagleCreekDrEtc_SHB_12.11.2025_LS,SHB,3392,12914,12914,215.26,215.26,1,0.02,0.1357,0.1357,267.2,0
EagleCreekDrEtc_SHB_12.11.2025_LS,SHB,3543,19624,19624,327.11,327.11,1,0.02,0.1354,0.1354,462.0,0
EagleCreekDrEtc_SHB_12.11.2025_LS,SHB,3491,16738,16738,279.0,279.0,1,0.02,0.1339,0.1339,664.9,0
EagleCreekDrEtc_SHB_12.11.2025_LS,SHB,3578,20837,20860,347.33,347.71,2,0.4,0.1338,0.1338,1092.7,0
EagleCreekDrEtc_SHB_12.11.2025_LS,SHB,3253,7284,7284,121.42,121.42,1,0.02,0.1326,0.1326,547.5,0
EagleCreekDrEtc_SHB_12.11.2025_LS,SHB,3378,12633,12633,210.58,210.58,1,0.02,0.1325,0.1325,441.3,0
EagleCreekDrEtc_SHB_12.11.2025_LS,SHB,3431,14086,14092,234.8,234.9,3,0.12,0.1324,0.1324,541.3,0
EagleCreekDrEtc_SHB_12.11.2025_LS,SHB,3488,16640,16645,277.37,277.45,3,0.1,0.1319,0.1319,480.4,0
EagleCreekDrEtc_SHB_12.11.2025_LS,SHB,3302,9386,9386,156.45,156.45,1,0.02,0.1313,0.1313,1385.2,0
EagleCreekDrEtc_SHB_12.11.2025_LS,SHB,3582,20874,20874,347.94,347.94,1,0.02,0.1305,0.1305,1500.9,0
EagleCreekDrEtc_SHB_12.11.2025_LS,SHB,3423,13951,13951,232.55,232.55,1,0.02,0.1299,0.1299,324.1,0
EagleCreekDrEtc_SHB_12.11.2025_LS,SHB,3459,15276,15276,254.63,254.63,1,0.02,0.1298,0.1298,745.1,0
EagleCreekDrEtc_SHB_12.11.2025_LS,SHB,3615,21402,21402,356.75,356.75,1,0.02,0.1298,0.1298,531.8,0
EagleCreekDrEtc_SHB_12.11.2025_LS,SHB,3299,9371,9396,156.2,156.62,5,0.43,0.1296,0.1296,1175.7,0
EagleCreekDrEtc_SHB_12.11.2025_LS,SHB,3377,12629,12656,210.51,210.96,3,0.47,0.1296,0.1296,843.6,0
EagleCreekDrEtc_SHB_12.11.2025_LS,SHB,3259,7576,7576,126.28,126.28,1,0.02,0.1293,0.1293,756.6,0
EagleCreekDrEtc_SHB_12.11.2025_LS,SHB,3509,16970,16976,282.87,282.97,4,0.12,0.1292,0.1292,371.4,0
EagleCreekDrEtc_SHB_12.11.2025_LS,SHB,3271,8264,8264,137.75,137.75,1,0.02,0.1287,0.1287,985.7,0
EagleCreekDrEtc_SHB_12.11.2025_LS,SHB,3602,21183,21183,353.09,353.09,1,0.02,0.1286,0.1286,512.0,0
EagleCreekDrEtc_SHB_12.11.2025_LS,SHB,3396,13020,13026,217.03,217.13,3,0.12,0.1284,0.1284,666.4,0
EagleCreekDrEtc_SHB_12.11.2025_LS,SHB,3504,16926,16926,282.14,282.14,1,0.02,0.1284,0.1284,617.6,0
EagleCreekDrEtc_SHB_12.11.2025_LS,SHB,3583,20883,20883,348.09,348.09,1,0.02,0.1283,0.1283,461.3,0
EagleCreekDrEtc_SHB_12.11.2025_LS,SHB,3455,14777,14779,246.31,246.35,3,0.05,0.1282,0.1282,515.7,0
EagleCreekDrEtc_SHB_12.11.2025_LS,SHB,3493,16835,16835,280.62,280.62,1,0.02,0.1282,0.1282,625.3,0
EagleCreekDrEtc_SHB_12.11.2025_LS,SHB,3613,21385,21385,356.46,356.46,1,0.02,0.128,0.128,496.5,0
EagleCreekDrEtc_SHB_12.11.2025_LS,SHB,3450,14415,14415,240.28,240.28,1,0.02,0.1276,0.1276,1002.1,0
EagleCreekDrEtc_SHB_12.11.2025_LS,SHB,3395,12991,12997,216.54,216.64,2,0.12,0.1274,0.1274,1018.6,0
EagleCreekDrEtc_SHB_12.11.2025_LS,SHB,3256,7400,7400,123.35,123.35,1,0.02,0.1273,0.1273,994.3,0
EagleCreekDrEtc_SHB_12.11.2025_LS,SHB,3546,19714,19714,328.61,328.61,1,0.02,0.1268,0.1268,615.5,0
EagleCreekDrEtc_SHB_12.11.2025_LS,SHB,3308,9550,9550,159.19,159.19,1,0.02,0.1266,0.1266,711.6,0
EagleCreekDrEtc_SHB_12.11.2025_LS,SHB,3591,20976,20987,349.64,349.83,4,0.2,0.1264,0.1264,573.2,0
EagleCreekDrEtc_SHB_12.11.2025_LS,SHB,3282,8726,8728,145.45,145.49,3,0.05,0.1261,0.1261,592.9,0
EagleCreekDrEtc_SHB_12.11.2025_LS,SHB,3248,6905,6905,115.1,115.1,1,0.02,0.1252,0.1252,480.2,0
EagleCreekDrEtc_SHB_12.11.2025_LS,SHB,3372,12496,12496,208.29,208.29,1,0.02,0.1252,0.1252,922.4,0
EagleCreekDrEtc_SHB_12.11.2025_LS,SHB,3475,15799,15799,263.35,263.35,1,0.02,0.1249,0.1249,751.1,0
EagleCreekDrEtc_SHB_12.11.2025_LS,SHB,3332,10474,10474,174.59,174.59,1,0.02,0.1246,0.1246,903.8,0
EagleCreekDrEtc_SHB_12.11.2025_LS,SHB,3273,8422,8422,140.38,140.38,1,0.02,0.1241,0.1241,677.2,0
EagleCreekDrEtc_SHB_12.11.2025_LS,SHB,3443,14333,14333,238.91,238.91,1,0.02,0.1232,0.1232,721.5,0
EagleCreekDrEtc_SHB_12.11.2025_LS,SHB,3484,16160,16160,269.37,269.37,1,0.02,0.1218,0.1218,561.7,0
EagleCreekDrEtc_SHB_12.11.2025_LS,SHB,3275,8576,8576,142.95,142.95,1,0.02,0.1213,0.1213,4243.2,0
EagleCreekDrEtc_SHB_12.11.2025_LS,SHB,3365,12384,12406,206.43,206.79,3,0.38,0.1212,0.1212,803.2,0
EagleCreekDrEtc_SHB_12.11.2025_LS,SHB,3616,21420,21420,357.05,357.05,1,0.02,0.121,0.121,1202.9,0
EagleCreekDrEtc_SHB_12.11.2025_LS,SHB,3303,9386,9386,156.45,156.45,1,0.02,0.1208,0.1208,1310.8,0
EagleCreekDrEtc_SHB_12.11.2025_LS,SHB,3579,20837,20837,347.33,347.33,1,0.02,0.1205,0.1205,991.0,0
EagleCreekDrEtc_SHB_12.11.2025_LS,SHB,3331,10417,10417,173.64,173.64,1,0.02,0.1201,0.1201,597.4,0
EagleCreekDrEtc_SHB_12.11.2025_LS,SHB,3422,13951,13952,232.55,232.56,2,0.03,0.1201,0.1201,325.3,0
EagleCreekDrEtc_SHB_12.11.2025_LS,SHB,3301,9386,9387,156.45,156.47,2,0.03,0.1195,0.1195,1340.2,0
EagleCreekDrEtc_SHB_12.11.2025_LS,SHB,3245,6236,6236,103.95,103.95,1,0.02,0.1188,0.1188,458.9,0
EagleCreekDrEtc_SHB_12.11.2025_LS,SHB,3330,10350,10350,172.52,172.52,1,0.02,0.1188,0.1188,828.1,0
EagleCreekDrEtc_SHB_12.11.2025_LS,SHB,3449,14404,14404,240.1,240.1,1,0.02,0.1185,0.1185,994.9,0
EagleCreekDrEtc_SHB_12.11.2025_LS,SHB,3288,8905,8933,148.44,148.9,2,0.48,0.1174,0.1174,993.4,0
EagleCreekDrEtc_SHB_12.11.2025_LS,SHB,3247,6719,6719,112.0,112.0,1,0.02,0.1168,0.1168,893.1,0
EagleCreekDrEtc_SHB_12.11.2025_LS,SHB,3351,12070,12070,201.19,201.19,1,0.02,0.1168,0.1168,1096.9,0
EagleCreekDrEtc_SHB_12.11.2025_LS,SHB,3436,14103,14116,235.08,235.3,5,0.23,0.1168,0.1168,326.8,0
EagleCreekDrEtc_SHB_12.11.2025_LS,SHB,3512,17058,17058,284.34,284.34,1,0.02,0.1168,0.1168,753.2,0
EagleCreekDrEtc_SHB_12.11.2025_LS,SHB,3230,3038,3038,50.64,50.64,1,0.02,0.1167,0.1167,780.5,0
EagleCreekDrEtc_SHB_12.11.2025_LS,SHB,3349,11921,11921,198.71,198.71,1,0.02,0.1163,0.1163,810.6,0
EagleCreekDrEtc_SHB_12.11.2025_LS,SHB,3427,13987,13989,233.15,233.18,2,0.05,0.1159,0.1159,404.2,0
EagleCreekDrEtc_SHB_12.11.2025_LS,SHB,3462,15444,15444,257.43,257.43,1,0.02,0.1158,0.1158,580.7,0
EagleCreekDrEtc_SHB_12.11.2025_LS,SHB,3322,10063,10063,167.74,167.74,1,0.02,0.1154,0.1154,1871.8,0
EagleCreekDrEtc_SHB_12.11.2025_LS,SHB,3440,14110,14157,235.2,235.98,5,0.8,0.1148,0.1148,350.6,0
EagleCreekDrEtc_SHB_12.11.2025_LS,SHB,3266,8054,8068,134.25,134.48,2,0.25,0.1147,0.1147,1255.9,0
EagleCreekDrEtc_SHB_12.11.2025_LS,SHB,3556,20072,20072,334.58,334.58,1,0.02,0.1145,0.1145,1451.5,0
EagleCreekDrEtc_SHB_12.11.2025_LS,SHB,3453,14599,14601,243.35,243.38,2,0.05,0.1144,0.1144,1017.5,0
EagleCreekDrEtc_SHB_12.11.2025_LS,SHB,3246,6713,6713,111.9,111.9,1,0.02,0.1143,0.1143,272.0,0
EagleCreekDrEtc_SHB_12.11.2025_LS,SHB,3451,14448,14448,240.83,240.83,1,0.02,0.1142,0.1142,346.7,0
EagleCreekDrEtc_SHB_12.11.2025_LS,SHB,3595,21081,21081,351.39,351.39,1,0.02,0.1142,0.1142,458.6,0
EagleCreekDrEtc_SHB_12.11.2025_LS,SHB,3437,14107,14116,235.15,235.3,3,0.17,0.114,0.114,338.1,0
EagleCreekDrEtc_SHB_12.11.2025_LS,SHB,3438,14107,14107,235.15,235.15,1,0.02,0.114,0.114,331.8,0
EagleCreekDrEtc_SHB_12.11.2025_LS,SHB,3367,12444,12444,207.43,207.43,1,0.02,0.1136,0.1136,782.7,0
EagleCreekDrEtc_SHB_12.11.2025_LS,SHB,3404,13251,13251,220.88,220.88,1,0.02,0.1132,0.1132,595.4,0
EagleCreekDrEtc_SHB_12.11.2025_LS,SHB,3226,2548,2548,42.47,42.47,1,0.02,0.1128,0.1128,537.9,0
EagleCreekDrEtc_SHB_12.11.2025_LS,SHB,3587,20939,20939,349.03,349.03,1,0.02,0.1128,0.1128,616.0,0
EagleCreekDrEtc_SHB_12.11.2025_LS,SHB,3203,20,20,0.33,0.33,1,0.02,0.1123,0.1123,477.4,0
EagleCreekDrEtc_SHB_12.11.2025_LS,SHB,3358,12290,12290,204.86,204.86,1,0.02,0.1123,0.1123,812.2,0
EagleCreekDrEtc_SHB_12.11.2025_LS,SHB,3447,14372,14372,239.56,239.56,1,0.02,0.1119,0.1119,680.3,0
EagleCreekDrEtc_SHB_12.11.2025_LS,SHB,3419,13909,13909,231.85,231.85,1,0.02,0.1114,0.1114,269.4,0
EagleCreekDrEtc_SHB_12.11.2025_LS,SHB,3510,17048,17048,284.17,284.17,1,0.02,0.1107,0.1107,671.8,0
EagleCreekDrEtc_SHB_12.11.2025_LS,SHB,3441,14110,14111,235.2,235.21,2,0.03,0.1099,0.1099,348.3,0
EagleCreekDrEtc_SHB_12.11.2025_LS,SHB,3481,16063,16063,267.75,267.75,1,0.02,0.1096,0.1096,478.4,0
EagleCreekDrEtc_SHB_12.11.2025_LS,SHB,3531,18812,18812,313.57,313.57,1,0.02,0.1095,0.1095,1229.0,0
EagleCreekDrEtc_SHB_12.11.2025_LS,SHB,3448,14397,14397,239.98,239.98,1,0.02,0.1093,0.1093,1053.6,0
EagleCreekDrEtc_SHB_12.11.2025_LS,SHB,3321,10057,10057,167.64,167.64,1,0.02,0.109,0.109,1793.4,0
EagleCreekDrEtc_SHB_12.11.2025_LS,SHB,3454,14601,14601,243.38,243.38,1,0.02,0.1086,0.1086,2041.6,0
EagleCreekDrEtc_SHB_12.11.2025_LS,SHB,3227,2551,2551,42.52,42.52,1,0.02,0.1082,0.1082,1489.6,0
EagleCreekDrEtc_SHB_12.11.2025_LS,SHB,3238,5180,5180,86.34,86.34,1,0.02,0.1075,0.1075,528.4,0
EagleCreekDrEtc_SHB_12.11.2025_LS,SHB,3394,12991,12991,216.54,216.54,1,0.02,0.1068,0.1068,689.5,0
EagleCreekDrEtc_SHB_12.11.2025_LS,SHB,3407,13355,13355,222.61,222.61,1,0.02,0.1067,0.1067,721.8,0
EagleCreekDrEtc_SHB_12.11.2025_LS,SHB,3573,20777,20777,346.33,346.33,1,0.02,0.106,0.106,902.1,0
EagleCreekDrEtc_SHB_12.11.2025_LS,SHB,3335,10539,10546,175.67,175.79,2,0.13,0.1054,0.1054,834.3,0
EagleCreekDrEtc_SHB_12.11.2025_LS,SHB,3314,9824,9824,163.75,163.75,1,0.02,0.1051,0.1051,1021.3,0
EagleCreekDrEtc_SHB_12.11.2025_LS,SHB,3606,21243,21243,354.1,354.1,1,0.02,0.1051,0.1051,1158.3,0
EagleCreekDrEtc_SHB_12.11.2025_LS,SHB,3242,5614,5614,93.58,93.58,1,0.02,0.1049,0.1049,364.3,0
EagleCreekDrEtc_SHB_12.11.2025_LS,SHB,3621,21590,21590,359.88,359.88,1,0.02,0.1034,0.1034,705.6,0
EagleCreekDrEtc_SHB_12.11.2025_LS,SHB,3334,10533,10533,175.57,175.57,1,0.02,0.1033,0.1033,839.4,0
EagleCreekDrEtc_SHB_12.11.2025_LS,SHB,3383,12697,12697,211.64,211.64,1,0.02,0.1032,0.1032,854.6,0
EagleCreekDrEtc_SHB_12.11.2025_LS,SHB,3456,14819,14819,247.01,247.01,1,0.02,0.1031,0.1031,168.0,0
EagleCreekDrEtc_SHB_12.11.2025_LS,SHB,3439,14107,14107,235.15,235.15,1,0.02,0.103,0.103,330.4,0
EagleCreekDrEtc_SHB_12.11.2025_LS,SHB,3526,18064,18064,301.1,301.1,1,0.02,0.103,0.103,737.6,0
EagleCreekDrEtc_SHB_12.11.2025_LS,SHB,3384,12697,12697,211.64,211.64,1,0.02,0.1027,0.1027,802.0,0
EagleCreekDrEtc_SHB_12.11.2025_LS,SHB,3478,15855,15855,264.28,264.28,1,0.02,0.1019,0.1019,623.2,0
EagleCreekDrEtc_SHB_12.11.2025_LS,SHB,3505,16926,16926,282.14,282.14,1,0.02,0.1007,0.1007,528.8,0
EagleCreekDrEtc_SHB_12.11.2025_LS,SHB,3574,20780,20780,346.38,346.38,1,0.02,0.1005,0.1005,1380.8,0
EagleCreekDrEtc_SHB_12.11.2025_LS,SHB,3205,478,478,7.97,7.97,1,0.02,0.1004,0.1004,552.9,0
EagleCreekDrEtc_SHB_12.11.2025_LS,SHB,3221,2201,2201,36.69,36.69,1,0.02,0.1004,0.1004,667.3,0
EagleCreekDrEtc_SHB_12.11.2025_LS,SHB,3251,7134,7134,118.92,118.92,1,0.02,0.1004,0.1004,854.3,0
Melvin_SHW_01.18.2026_LS,SHW,2339,5443,5501,90.72,91.68,43,0.98,0.6062,0.7428,1546.2,1
Melvin_SHW_01.18.2026_LS,SHW,3844,10026,10063,167.1,167.71,22,0.63,0.3173,0.5343,396.4,1
Melvin_SHW_01.18.2026_LS,SHW,3801,6517,6541,108.62,109.02,10,0.42,0.3378,0.4613,762.2,1
Melvin_SHW_01.18.2026_LS,SHW,3934,14318,14368,238.63,239.46,12,0.85,0.3097,0.4381,1872.9,1
Melvin_SHW_01.18.2026_LS,SHW,3819,7221,7247,120.35,120.78,10,0.45,0.284,0.3973,1645.8,1
Melvin_SHW_01.18.2026_LS,SHW,3764,3823,3852,63.72,64.2,14,0.5,0.2617,0.3925,1534.2,1
Melvin_SHW_01.18.2026_LS,SHW,3933,14308,14346,238.46,239.1,12,0.65,0.2532,0.3859,973.7,1
Melvin_SHW_01.18.2026_LS,SHW,3791,6051,6230,100.85,103.83,20,3.0,0.214,0.376,1037.9,1
Melvin_SHW_01.18.2026_LS,SHW,3893,12160,12224,202.66,203.73,16,1.08,0.229,0.3653,1631.4,1
Melvin_SHW_01.18.2026_LS,SHW,3904,13084,13128,218.06,218.8,8,0.75,0.2654,0.333,960.7,1
Melvin_SHW_01.18.2026_LS,SHW,3779,5397,5448,89.95,90.8,26,0.87,0.2136,0.3324,822.6,1
Melvin_SHW_01.18.2026_LS,SHW,3854,10531,10567,175.51,176.11,12,0.62,0.246,0.3266,867.5,1
Melvin_SHW_01.18.2026_LS,SHW,3705,48,72,0.8,1.2,9,0.42,0.2246,0.3003,2173.0,1
Melvin_SHW_01.18.2026_LS,SHW,3790,6048,6048,100.8,100.8,1,0.02,0.7548,0.7548,1864.7,0
Melvin_SHW_01.18.2026_LS,SHW,2414,7014,7029,116.9,117.15,16,0.27,0.6204,0.7028,1534.8,0
Melvin_SHW_01.18.2026_LS,SHW,2445,7552,7553,125.87,125.88,2,0.03,0.6571,0.6571,1444.9,0
Melvin_SHW_01.18.2026_LS,SHW,2390,6445,6445,107.42,107.42,1,0.02,0.6517,0.6517,1313.1,0
Melvin_SHW_01.18.2026_LS,SHW,3837,8759,8759,145.98,145.98,1,0.02,0.6472,0.6472,1155.8,0
Melvin_SHW_01.18.2026_LS,SHW,2701,14590,14590,243.16,243.16,1,0.02,0.6471,0.6471,1616.4,0
Melvin_SHW_01.18.2026_LS,SHW,2489,10048,10060,167.46,167.66,9,0.22,0.5628,0.6298,388.2,0
Melvin_SHW_01.18.2026_LS,SHW,2436,7480,7492,124.67,124.87,12,0.22,0.538,0.6279,1828.8,0
Melvin_SHW_01.18.2026_LS,SHW,2398,6528,6528,108.8,108.8,1,0.02,0.6161,0.6161,628.0,0
Melvin_SHW_01.18.2026_LS,SHW,2562,11280,11282,188.0,188.03,3,0.05,0.6139,0.6139,1081.2,0
Melvin_SHW_01.18.2026_LS,SHW,2535,10556,10557,175.93,175.95,2,0.03,0.6103,0.6103,784.7,0
Melvin_SHW_01.18.2026_LS,SHW,2639,13106,13106,218.43,218.43,1,0.02,0.6003,0.6003,865.0,0
Melvin_SHW_01.18.2026_LS,SHW,2450,8303,8317,138.38,138.62,12,0.25,0.492,0.5977,1376.2,0
Melvin_SHW_01.18.2026_LS,SHW,2484,10039,10040,167.31,167.33,2,0.03,0.5951,0.5951,349.2,0
Melvin_SHW_01.18.2026_LS,SHW,3816,7054,7054,117.57,117.57,1,0.02,0.5937,0.5937,1788.0,0
Melvin_SHW_01.18.2026_LS,SHW,2705,14735,14735,245.58,245.58,1,0.02,0.5782,0.5782,2697.0,0
Melvin_SHW_01.18.2026_LS,SHW,2415,7031,7032,117.18,117.2,2,0.03,0.5744,0.5744,1235.7,0
Melvin_SHW_01.18.2026_LS,SHW,3926,13801,13801,230.01,230.01,1,0.02,0.5694,0.5694,1176.8,0
Melvin_SHW_01.18.2026_LS,SHW,2297,3825,3825,63.75,63.75,1,0.02,0.5636,0.5636,1489.8,0
Melvin_SHW_01.18.2026_LS,SHW,2608,12161,12169,202.68,202.81,5,0.15,0.5527,0.5527,1340.5,0
Melvin_SHW_01.18.2026_LS,SHW,3880,11513,11513,191.88,191.88,1,0.02,0.5431,0.5431,878.5,0
Melvin_SHW_01.18.2026_LS,SHW,2355,5997,5997,99.95,99.95,1,0.02,0.5312,0.5312,2638.2,0
Melvin_SHW_01.18.2026_LS,SHW,3804,6660,6662,111.0,111.03,3,0.05,0.5293,0.5293,1288.5,0
Melvin_SHW_01.18.2026_LS,SHW,2451,8314,8315,138.57,138.58,2,0.03,0.5224,0.5224,1050.2,0
Melvin_SHW_01.18.2026_LS,SHW,2578,11544,11544,192.4,192.4,1,0.02,0.5082,0.5082,1127.2,0
Melvin_SHW_01.18.2026_LS,SHW,3830,8313,8320,138.55,138.67,2,0.13,0.4968,0.4968,968.1,0
Melvin_SHW_01.18.2026_LS,SHW,2381,6279,6288,104.65,104.8,9,0.17,0.4298,0.4924,913.2,0
Melvin_SHW_01.18.2026_LS,SHW,2505,10201,10207,170.01,170.11,6,0.12,0.4776,0.4911,603.4,0
Melvin_SHW_01.18.2026_LS,SHW,2306,3848,3851,64.13,64.18,4,0.07,0.4905,0.4905,1637.3,0
Melvin_SHW_01.18.2026_LS,SHW,3718,899,900,14.98,15.0,2,0.03,0.4868,0.4868,1746.7,0
Melvin_SHW_01.18.2026_LS,SHW,2515,10391,10406,173.18,173.43,11,0.27,0.4197,0.4845,648.4,0
Melvin_SHW_01.18.2026_LS,SHW,2301,3831,3833,63.85,63.88,3,0.05,0.4801,0.4801,1361.5,0
Melvin_SHW_01.18.2026_LS,SHW,2207,51,62,0.85,1.03,10,0.2,0.3927,0.4787,3272.8,0
Melvin_SHW_01.18.2026_LS,SHW,2662,13685,13687,228.08,228.11,3,0.05,0.475,0.475,1522.5,0
Melvin_SHW_01.18.2026_LS,SHW,2337,5438,5440,90.63,90.67,3,0.05,0.4746,0.4746,1375.3,0
Melvin_SHW_01.18.2026_LS,SHW,2363,6084,6086,101.4,101.43,3,0.05,0.4729,0.4729,1258.2,0
Melvin_SHW_01.18.2026_LS,SHW,3916,13541,13541,225.68,225.68,1,0.02,0.47,0.47,2060.9,0
Melvin_SHW_01.18.2026_LS,SHW,2704,14675,14675,244.58,244.58,1,0.02,0.4553,0.4553,934.7,0
Melvin_SHW_01.18.2026_LS,SHW,3814,7030,7035,117.17,117.25,4,0.1,0.4539,0.4539,1253.6,0
Melvin_SHW_01.18.2026_LS,SHW,3883,11617,11617,193.61,193.61,1,0.02,0.449,0.449,1742.0,0
Melvin_SHW_01.18.2026_LS,SHW,3915,13514,13514,225.23,225.23,1,0.02,0.4481,0.4481,1673.2,0
Melvin_SHW_01.18.2026_LS,SHW,2528,10532,10535,175.53,175.58,3,0.07,0.4417,0.4417,1002.2,0
Melvin_SHW_01.18.2026_LS,SHW,3822,7381,7381,123.02,123.02,1,0.02,0.4411,0.4411,2052.2,0
Melvin_SHW_01.18.2026_LS,SHW,2660,13657,13659,227.61,227.65,3,0.05,0.44,0.44,1093.9,0
Melvin_SHW_01.18.2026_LS,SHW,3896,12491,12491,208.18,208.18,1,0.02,0.4309,0.4309,724.0,0
Melvin_SHW_01.18.2026_LS,SHW,3787,5930,5930,98.83,98.83,1,0.02,0.415,0.415,2276.8,0
Melvin_SHW_01.18.2026_LS,SHW,2623,12492,12493,208.2,208.21,2,0.03,0.4133,0.4133,741.7,0
Melvin_SHW_01.18.2026_LS,SHW,2498,10157,10159,169.28,169.31,2,0.05,0.413,0.413,569.5,0
Melvin_SHW_01.18.2026_LS,SHW,3862,10860,10860,181.0,181.0,1,0.02,0.4114,0.4114,1173.0,0
Melvin_SHW_01.18.2026_LS,SHW,2510,10375,10381,172.91,173.01,3,0.12,0.4112,0.4112,679.4,0
Melvin_SHW_01.18.2026_LS,SHW,3937,14386,14391,239.76,239.85,2,0.1,0.4062,0.4062,1082.2,0
Melvin_SHW_01.18.2026_LS,SHW,2621,12218,12223,203.63,203.71,3,0.1,0.4035,0.4035,866.3,0
Melvin_SHW_01.18.2026_LS,SHW,2457,8321,8322,138.68,138.7,2,0.03,0.3972,0.3972,993.6,0
Melvin_SHW_01.18.2026_LS,SHW,2652,13427,13429,223.78,223.81,3,0.05,0.3943,0.3943,2382.2,0
Melvin_SHW_01.18.2026_LS,SHW,3799,6444,6447,107.4,107.45,3,0.07,0.3936,0.3936,1238.8,0
Melvin_SHW_01.18.2026_LS,SHW,2613,12182,12183,203.03,203.05,2,0.03,0.3883,0.3883,1115.7,0
Melvin_SHW_01.18.2026_LS,SHW,3826,7538,7551,125.63,125.85,6,0.23,0.3507,0.3882,1871.9,0
Melvin_SHW_01.18.2026_LS,SHW,2365,6101,6101,101.68,101.68,1,0.02,0.3867,0.3867,1859.2,0
Melvin_SHW_01.18.2026_LS,SHW,2597,12085,12085,201.41,201.41,1,0.02,0.3849,0.3849,1900.3,0
Melvin_SHW_01.18.2026_LS,SHW,3836,8739,8744,145.65,145.73,3,0.1,0.3768,0.3768,819.0,0
Melvin_SHW_01.18.2026_LS,SHW,3749,2082,2104,34.7,35.07,3,0.38,0.3726,0.3726,767.8,0
Melvin_SHW_01.18.2026_LS,SHW,3807,6812,6812,113.53,113.53,1,0.02,0.3704,0.3704,1283.0,0
Melvin_SHW_01.18.2026_LS,SHW,2667,13802,13802,230.03,230.03,1,0.02,0.3688,0.3688,1326.7,0
Melvin_SHW_01.18.2026_LS,SHW,3716,866,867,14.43,14.45,2,0.03,0.3632,0.3632,646.0,0
Melvin_SHW_01.18.2026_LS,SHW,3821,7318,7318,121.97,121.97,1,0.02,0.3602,0.3602,1802.9,0
Melvin_SHW_01.18.2026_LS,SHW,3899,12780,12780,213.0,213.0,1,0.02,0.3594,0.3594,523.5,0
Melvin_SHW_01.18.2026_LS,SHW,3919,13626,13626,227.1,227.1,1,0.02,0.3588,0.3588,1754.5,0
Melvin_SHW_01.18.2026_LS,SHW,3717,890,894,14.83,14.9,2,0.08,0.3551,0.3551,751.2,0
Melvin_SHW_01.18.2026_LS,SHW,2374,6134,6137,102.23,102.28,4,0.07,0.3528,0.3528,2619.7,0
Melvin_SHW_01.18.2026_LS,SHW,3738,1512,1524,25.2,25.4,12,0.22,0.2509,0.3464,388.7,0
Melvin_SHW_01.18.2026_LS,SHW,3742,1606,1606,26.77,26.77,1,0.02,0.3413,0.3413,4903.0,0
Melvin_SHW_01.18.2026_LS,SHW,2350,5931,5931,98.85,98.85,1,0.02,0.3406,0.3406,2172.0,0
Melvin_SHW_01.18.2026_LS,SHW,3783,5568,5569,92.8,92.82,2,0.03,0.3386,0.3386,1812.1,0
Melvin_SHW_01.18.2026_LS,SHW,3855,10555,10581,175.91,176.35,6,0.45,0.3094,0.3379,1014.1,0
Melvin_SHW_01.18.2026_LS,SHW,3905,13089,13089,218.15,218.15,1,0.02,0.3357,0.3357,554.9,0
Melvin_SHW_01.18.2026_LS,SHW,3841,9442,9464,157.36,157.73,2,0.38,0.335,0.335,935.1,0
Melvin_SHW_01.18.2026_LS,SHW,3806,6760,6760,112.67,112.67,1,0.02,0.3342,0.3342,1586.0,0
Melvin_SHW_01.18.2026_LS,SHW,3766,3933,3933,65.55,65.55,1,0.02,0.33,0.33,1181.6,0
Melvin_SHW_01.18.2026_LS,SHW,3709,382,382,6.37,6.37,1,0.02,0.3204,0.3204,1279.0,0
Melvin_SHW_01.18.2026_LS,SHW,3881,11535,11552,192.25,192.53,14,0.3,0.2256,0.3111,1245.8,0
Melvin_SHW_01.18.2026_LS,SHW,3784,5578,5578,92.97,92.97,1,0.02,0.3097,0.3097,2095.8,0
Melvin_SHW_01.18.2026_LS,SHW,3838,8868,8869,147.8,147.82,2,0.03,0.3052,0.3052,1109.9,0
Melvin_SHW_01.18.2026_LS,SHW,3941,14589,14603,243.15,243.38,3,0.25,0.3041,0.3041,1340.4,0
Melvin_SHW_01.18.2026_LS,SHW,3873,11226,11226,187.1,187.1,1,0.02,0.3039,0.3039,1094.0,0
Melvin_SHW_01.18.2026_LS,SHW,3858,10635,10637,177.25,177.28,2,0.05,0.3034,0.3034,1918.0,0
Melvin_SHW_01.18.2026_LS,SHW,3907,13112,13113,218.53,218.55,2,0.03,0.3028,0.3028,2005.4,0
Melvin_SHW_01.18.2026_LS,SHW,3788,5934,5996,98.9,99.93,6,1.05,0.2699,0.2997,2164.0,0
Melvin_SHW_01.18.2026_LS,SHW,3758,3463,3463,57.72,57.72,1,0.02,0.2942,0.2942,1060.8,0
Melvin_SHW_01.18.2026_LS,SHW,3792,6094,6133,101.57,102.22,6,0.67,0.2605,0.2905,1995.4,0
Melvin_SHW_01.18.2026_LS,SHW,3908,13126,13127,218.76,218.78,2,0.03,0.2841,0.2841,751.7,0
Melvin_SHW_01.18.2026_LS,SHW,3818,7074,7075,117.9,117.92,2,0.03,0.2811,0.2811,1110.6,0
Melvin_SHW_01.18.2026_LS,SHW,3851,10374,10444,172.9,174.06,25,1.18,0.1895,0.2806,690.9,0
Melvin_SHW_01.18.2026_LS,SHW,3940,14476,14477,241.26,241.28,2,0.03,0.2769,0.2769,1948.6,0
Melvin_SHW_01.18.2026_LS,SHW,3827,7567,7574,126.12,126.23,5,0.13,0.2741,0.2741,2077.9,0
Melvin_SHW_01.18.2026_LS,SHW,3901,12980,12980,216.33,216.33,1,0.02,0.2737,0.2737,374.9,0
Melvin_SHW_01.18.2026_LS,SHW,3770,4617,4619,76.95,76.98,3,0.05,0.2709,0.2709,1536.6,0
Melvin_SHW_01.18.2026_LS,SHW,3902,13058,13070,217.63,217.83,2,0.22,0.2708,0.2708,1282.2,0
Melvin_SHW_01.18.2026_LS,SHW,3918,13579,13580,226.31,226.33,2,0.03,0.2695,0.2695,2409.5,0
Melvin_SHW_01.18.2026_LS,SHW,3935,14327,14334,238.78,238.9,5,0.13,0.2689,0.2689,1117.7,0
Melvin_SHW_01.18.2026_LS,SHW,3856,10606,10606,176.76,176.76,1,0.02,0.2683,0.2683,452.9,0
Melvin_SHW_01.18.2026_LS,SHW,3802,6529,6549,108.82,109.15,5,0.35,0.2638,0.2638,1211.3,0
Melvin_SHW_01.18.2026_LS,SHW,3832,8530,8541,142.17,142.35,4,0.2,0.2629,0.2629,1317.4,0
Melvin_SHW_01.18.2026_LS,SHW,3769,4237,4238,70.62,70.63,2,0.03,0.2607,0.2607,1466.6,0
Melvin_SHW_01.18.2026_LS,SHW,3846,10154,10164,169.23,169.4,9,0.18,0.1985,0.2538,548.8,0
Melvin_SHW_01.18.2026_LS,SHW,3938,14405,14405,240.08,240.08,1,0.02,0.2502,0.2502,978.0,0
Melvin_SHW_01.18.2026_LS,SHW,3947,14978,14978,249.63,249.63,1,0.02,0.2495,0.2495,1299.0,0
Melvin_SHW_01.18.2026_LS,SHW,3794,6119,6119,101.98,101.98,1,0.02,0.2492,0.2492,1780.3,0
Melvin_SHW_01.18.2026_LS,SHW,3823,7381,7381,123.02,123.02,1,0.02,0.2469,0.2469,1318.5,0
Melvin_SHW_01.18.2026_LS,SHW,3726,1056,1093,17.6,18.22,10,0.63,0.1943,0.2468,414.3,0
Melvin_SHW_01.18.2026_LS,SHW,3785,5802,5802,96.7,96.7,1,0.02,0.2442,0.2442,1592.4,0
Melvin_SHW_01.18.2026_LS,SHW,3796,6270,6307,104.5,105.12,16,0.63,0.1704,0.2441,862.5,0
Melvin_SHW_01.18.2026_LS,SHW,3743,1643,1643,27.38,27.38,1,0.02,0.2438,0.2438,873.2,0
Melvin_SHW_01.18.2026_LS,SHW,3829,8293,8320,138.22,138.67,4,0.47,0.2431,0.2431,1121.9,0
Melvin_SHW_01.18.2026_LS,SHW,3831,8435,8463,140.58,141.05,2,0.48,0.2429,0.2429,1071.7,0
Melvin_SHW_01.18.2026_LS,SHW,3921,13654,13692,227.56,228.2,6,0.65,0.2201,0.2425,957.8,0
Melvin_SHW_01.18.2026_LS,SHW,3719,915,915,15.25,15.25,1,0.02,0.2416,0.2416,1411.5,0
Melvin_SHW_01.18.2026_LS,SHW,3772,4712,4712,78.53,78.53,1,0.02,0.2397,0.2397,2118.1,0
Melvin_SHW_01.18.2026_LS,SHW,3768,4168,4168,69.47,69.47,1,0.02,0.2386,0.2386,3348.2,0
Melvin_SHW_01.18.2026_LS,SHW,3900,12837,12838,213.95,213.96,2,0.03,0.2385,0.2385,448.7,0
Melvin_SHW_01.18.2026_LS,SHW,3762,3780,3780,63.0,63.0,1,0.02,0.2373,0.2373,556.3,0
Melvin_SHW_01.18.2026_LS,SHW,3875,11275,11294,187.91,188.23,7,0.33,0.2049,0.2356,1384.9,0
Melvin_SHW_01.18.2026_LS,SHW,3884,11705,11716,195.08,195.26,7,0.2,0.1999,0.2354,844.0,0
Melvin_SHW_01.18.2026_LS,SHW,3752,2454,2487,40.9,41.45,4,0.57,0.2351,0.2351,1058.6,0
Melvin_SHW_01.18.2026_LS,SHW,3849,10198,10208,169.96,170.13,4,0.18,0.2343,0.2343,580.3,0
Melvin_SHW_01.18.2026_LS,SHW,3711,437,460,7.28,7.67,5,0.4,0.2323,0.2323,717.2,0
Melvin_SHW_01.18.2026_LS,SHW,3889,12084,12117,201.4,201.95,11,0.57,0.1796,0.2322,1374.9,0
Melvin_SHW_01.18.2026_LS,SHW,3708,259,259,4.32,4.32,1,0.02,0.2313,0.2313,1274.9,0
Melvin_SHW_01.18.2026_LS,SHW,3825,7478,7512,124.63,125.2,6,0.58,0.2138,0.2303,1628.5,0
Melvin_SHW_01.18.2026_LS,SHW,3847,10177,10177,169.61,169.61,1,0.02,0.2293,0.2293,1105.9,0
Melvin_SHW_01.18.2026_LS,SHW,3879,11498,11514,191.63,191.9,2,0.28,0.225,0.225,1127.2,0
Melvin_SHW_01.18.2026_LS,SHW,3923,13684,13688,228.06,228.13,2,0.08,0.2249,0.2249,1629.9,0
Melvin_SHW_01.18.2026_LS,SHW,3748,2064,2065,34.4,34.42,2,0.03,0.223,0.223,2736.7,0
Melvin_SHW_01.18.2026_LS,SHW,3868,11029,11029,183.81,183.81,1,0.02,0.222,0.222,2428.7,0
Melvin_SHW_01.18.2026_LS,SHW,3745,1834,1855,30.57,30.92,3,0.37,0.2207,0.2207,3905.9,0
Melvin_SHW_01.18.2026_LS,SHW,3833,8688,8691,144.8,144.85,3,0.07,0.2201,0.2201,745.6,0
Melvin_SHW_01.18.2026_LS,SHW,3712,441,447,7.35,7.45,6,0.12,0.2072,0.2199,969.2,0
Melvin_SHW_01.18.2026_LS,SHW,3878,11490,11490,191.5,191.5,1,0.02,0.2192,0.2192,2068.8,0
Melvin_SHW_01.18.2026_LS,SHW,3909,13158,13158,219.3,219.3,1,0.02,0.219,0.219,2424.9,0
Melvin_SHW_01.18.2026_LS,SHW,3720,924,928,15.4,15.47,2,0.08,0.2179,0.2179,2673.5,0
Melvin_SHW_01.18.2026_LS,SHW,3795,6120,6133,102.0,102.22,6,0.23,0.1949,0.2137,1804.1,0
Melvin_SHW_01.18.2026_LS,SHW,3727,1084,1090,18.07,18.17,6,0.12,0.2037,0.213,369.3,0
Melvin_SHW_01.18.2026_LS,SHW,3803,6648,6648,110.8,110.8,1,0.02,0.2124,0.2124,327.4,0
Melvin_SHW_01.18.2026_LS,SHW,3828,7945,7945,132.42,132.42,1,0.02,0.2107,0.2107,876.1,0
Melvin_SHW_01.18.2026_LS,SHW,3906,13093,13108,218.21,218.46,5,0.27,0.2099,0.2099,1104.5,0
Melvin_SHW_01.18.2026_LS,SHW,3725,1033,1033,17.22,17.22,1,0.02,0.2074,0.2074,1160.8,0
Melvin_SHW_01.18.2026_LS,SHW,3777,5323,5351,88.72,89.18,2,0.48,0.2058,0.2058,663.8,0
Melvin_SHW_01.18.2026_LS,SHW,3887,11977,11980,199.61,199.66,4,0.07,0.2042,0.2042,1395.2,0
Melvin_SHW_01.18.2026_LS,SHW,3888,12049,12052,200.81,200.86,4,0.07,0.2033,0.2033,830.5,0
Melvin_SHW_01.18.2026_LS,SHW,3876,11360,11360,189.33,189.33,1,0.02,0.2028,0.2028,1133.0,0
Melvin_SHW_01.18.2026_LS,SHW,3793,6102,6102,101.7,101.7,1,0.02,0.2001,0.2001,2017.7,0
Melvin_SHW_01.18.2026_LS,SHW,3866,10982,10985,183.03,183.08,2,0.07,0.199,0.199,1159.7,0
Melvin_SHW_01.18.2026_LS,SHW,3765,3908,3911,65.13,65.18,3,0.07,0.1989,0.1989,897.7,0
Melvin_SHW_01.18.2026_LS,SHW,3860,10709,10717,178.48,178.61,6,0.15,0.1802,0.1944,1522.6,0
Melvin_SHW_01.18.2026_LS,SHW,3877,11399,11408,189.98,190.13,4,0.17,0.1928,0.1928,996.4,0
Melvin_SHW_01.18.2026_LS,SHW,3715,863,863,14.38,14.38,1,0.02,0.1891,0.1891,574.6,0
Melvin_SHW_01.18.2026_LS,SHW,3813,7010,7013,116.83,116.88,4,0.07,0.1882,0.1882,860.6,0
Melvin_SHW_01.18.2026_LS,SHW,3722,998,998,16.63,16.63,1,0.02,0.1879,0.1879,693.8,0
Melvin_SHW_01.18.2026_LS,SHW,3786,5864,5864,97.73,97.73,1,0.02,0.1875,0.1875,1659.6,0
Melvin_SHW_01.18.2026_LS,SHW,3845,10074,10078,167.9,167.96,4,0.08,0.1874,0.1874,382.7,0
Melvin_SHW_01.18.2026_LS,SHW,3751,2407,2419,40.12,40.32,2,0.22,0.1872,0.1872,745.4,0
Melvin_SHW_01.18.2026_LS,SHW,3733,1260,1260,21.0,21.0,1,0.02,0.185,0.185,904.1,0
Melvin_SHW_01.18.2026_LS,SHW,3842,9942,9959,165.7,165.98,7,0.3,0.1655,0.1843,1187.9,0
Melvin_SHW_01.18.2026_LS,SHW,3747,2024,2033,33.73,33.88,4,0.17,0.181,0.181,2369.7,0
Melvin_SHW_01.18.2026_LS,SHW,3929,14003,14008,233.38,233.46,5,0.1,0.181,0.181,812.4,0
Melvin_SHW_01.18.2026_LS,SHW,3886,11843,11843,197.38,197.38,1,0.02,0.1805,0.1805,2406.8,0
Melvin_SHW_01.18.2026_LS,SHW,3892,12124,12124,202.06,202.06,1,0.02,0.18,0.18,1889.0,0
Melvin_SHW_01.18.2026_LS,SHW,3850,10245,10268,170.75,171.13,4,0.4,0.1797,0.1797,1350.9,0
Melvin_SHW_01.18.2026_LS,SHW,3890,12097,12100,201.61,201.66,4,0.07,0.1789,0.1789,605.3,0
Melvin_SHW_01.18.2026_LS,SHW,3917,13543,13550,225.71,225.83,3,0.13,0.1786,0.1786,1937.8,0
Melvin_SHW_01.18.2026_LS,SHW,3910,13191,13196,219.85,219.93,3,0.1,0.1785,0.1785,2114.4,0
Melvin_SHW_01.18.2026_LS,SHW,3891,12098,12115,201.63,201.91,2,0.3,0.1777,0.1777,1746.2,0
Melvin_SHW_01.18.2026_LS,SHW,3898,12622,12625,210.36,210.41,3,0.07,0.1776,0.1776,580.1,0
Melvin_SHW_01.18.2026_LS,SHW,3740,1543,1543,25.72,25.72,1,0.02,0.1766,0.1766,611.4,0
Melvin_SHW_01.18.2026_LS,SHW,3903,13072,13077,217.86,217.95,3,0.1,0.1754,0.1754,684.5,0
Melvin_SHW_01.18.2026_LS,SHW,3894,12181,12185,203.01,203.08,3,0.08,0.1749,0.1749,1111.9,0
Melvin_SHW_01.18.2026_LS,SHW,3782,5547,5548,92.45,92.47,2,0.03,0.1748,0.1748,1200.6,0
Melvin_SHW_01.18.2026_LS,SHW,3728,1115,1118,18.58,18.63,2,0.07,0.1747,0.1747,992.6,0
Melvin_SHW_01.18.2026_LS,SHW,3736,1423,1446,23.72,24.1,9,0.4,0.1499,0.1744,710.1,0
Melvin_SHW_01.18.2026_LS,SHW,3789,6012,6019,100.2,100.32,8,0.13,0.1497,0.1735,584.4,0
Melvin_SHW_01.18.2026_LS,SHW,3869,11036,11036,183.93,183.93,1,0.02,0.1725,0.1725,2321.3,0
Melvin_SHW_01.18.2026_LS,SHW,3863,10924,10952,182.06,182.53,2,0.48,0.1712,0.1712,773.1,0
Melvin_SHW_01.18.2026_LS,SHW,3812,7000,7000,116.67,116.67,1,0.02,0.1701,0.1701,819.7,0
Melvin_SHW_01.18.2026_LS,SHW,3732,1240,1241,20.67,20.68,2,0.03,0.1681,0.1681,1215.9,0
Melvin_SHW_01.18.2026_LS,SHW,3721,996,997,16.6,16.62,2,0.03,0.1662,0.1662,847.7,0
Melvin_SHW_01.18.2026_LS,SHW,3767,4109,4117,68.48,68.62,3,0.15,0.1655,0.1655,1723.0,0
Melvin_SHW_01.18.2026_LS,SHW,3731,1239,1239,20.65,20.65,1,0.02,0.1648,0.1648,3458.1,0
Melvin_SHW_01.18.2026_LS,SHW,3761,3750,3752,62.5,62.53,3,0.05,0.1645,0.1645,415.7,0
Melvin_SHW_01.18.2026_LS,SHW,3724,1021,1051,17.02,17.52,2,0.52,0.1643,0.1643,539.4,0
Melvin_SHW_01.18.2026_LS,SHW,3871,11135,11147,185.58,185.78,5,0.22,0.1625,0.1625,1366.8,0
Melvin_SHW_01.18.2026_LS,SHW,3780,5479,5490,91.32,91.5,3,0.2,0.1612,0.1612,1676.6,0
Melvin_SHW_01.18.2026_LS,SHW,3945,14734,14734,245.56,245.56,1,0.02,0.1602,0.1602,3028.6,0
Melvin_SHW_01.18.2026_LS,SHW,3939,14463,14463,241.05,241.05,1,0.02,0.1585,0.1585,1405.9,0
Melvin_SHW_01.18.2026_LS,SHW,3775,5125,5132,85.42,85.53,2,0.13,0.1582,0.1582,1663.8,0
Melvin_SHW_01.18.2026_LS,SHW,3925,13797,13811,229.95,230.18,4,0.25,0.1572,0.1572,1200.8,0
Melvin_SHW_01.18.2026_LS,SHW,3739,1513,1522,25.22,25.37,7,0.17,0.1405,0.1561,376.2,0
Melvin_SHW_01.18.2026_LS,SHW,3746,1836,1836,30.6,30.6,1,0.02,0.1561,0.1561,6802.0,0
Melvin_SHW_01.18.2026_LS,SHW,3857,10618,10618,176.96,176.96,1,0.02,0.1559,0.1559,1199.3,0
Melvin_SHW_01.18.2026_LS,SHW,3815,7037,7038,117.28,117.3,2,0.03,0.1553,0.1553,1344.1,0
Melvin_SHW_01.18.2026_LS,SHW,3931,14026,14026,233.76,233.76,1,0.02,0.1551,0.1551,953.2,0
Melvin_SHW_01.18.2026_LS,SHW,3914,13426,13430,223.76,223.83,2,0.08,0.155,0.155,2382.3,0
Melvin_SHW_01.18.2026_LS,SHW,3927,13970,13972,232.83,232.86,2,0.05,0.1537,0.1537,1292.8,0
Melvin_SHW_01.18.2026_LS,SHW,3730,1213,1213,20.22,20.22,1,0.02,0.1533,0.1533,357.1,0
Melvin_SHW_01.18.2026_LS,SHW,3781,5530,5530,92.17,92.17,1,0.02,0.1533,0.1533,1687.1,0
Melvin_SHW_01.18.2026_LS,SHW,3773,4858,4858,80.97,80.97,1,0.02,0.1517,0.1517,499.3,0
Melvin_SHW_01.18.2026_LS,SHW,3707,218,220,3.63,3.67,2,0.05,0.1513,0.1513,1088.2,0
Melvin_SHW_01.18.2026_LS,SHW,3839,9007,9007,150.11,150.11,1,0.02,0.1457,0.1457,1034.6,0
Melvin_SHW_01.18.2026_LS,SHW,3817,7058,7058,117.63,117.63,1,0.02,0.1452,0.1452,2388.1,0
Melvin_SHW_01.18.2026_LS,SHW,3874,11248,11249,187.46,187.48,2,0.03,0.1435,0.1435,764.0,0
Melvin_SHW_01.18.2026_LS,SHW,3756,3343,3343,55.72,55.72,1,0.02,0.143,0.143,700.2,0
Melvin_SHW_01.18.2026_LS,SHW,3734,1289,1289,21.48,21.48,1,0.02,0.1419,0.1419,2480.9,0
Melvin_SHW_01.18.2026_LS,SHW,3872,11208,11208,186.8,186.8,1,0.02,0.14,0.14,788.5,0
Melvin_SHW_01.18.2026_LS,SHW,3744,1759,1759,29.32,29.32,1,0.02,0.1396,0.1396,248.6,0
Melvin_SHW_01.18.2026_LS,SHW,3861,10710,10710,178.5,178.5,1,0.02,0.1395,0.1395,1570.8,0
Melvin_SHW_01.18.2026_LS,SHW,3853,10470,10470,174.5,174.5,1,0.02,0.1387,0.1387,2272.6,0
Melvin_SHW_01.18.2026_LS,SHW,3810,6878,6878,114.63,114.63,1,0.02,0.137,0.137,1800.6,0
Melvin_SHW_01.18.2026_LS,SHW,3943,14674,14680,244.56,244.66,3,0.12,0.1367,0.1367,1268.7,0
Melvin_SHW_01.18.2026_LS,SHW,3706,66,66,1.1,1.1,1,0.02,0.1365,0.1365,2947.4,0
Melvin_SHW_01.18.2026_LS,SHW,3760,3723,3723,62.05,62.05,1,0.02,0.1357,0.1357,339.0,0
Melvin_SHW_01.18.2026_LS,SHW,3798,6390,6437,106.5,107.28,3,0.8,0.1346,0.1346,1123.1,0
Melvin_SHW_01.18.2026_LS,SHW,3809,6849,6849,114.15,114.15,1,0.02,0.1346,0.1346,871.9,0
Melvin_SHW_01.18.2026_LS,SHW,3834,8704,8704,145.07,145.07,1,0.02,0.1337,0.1337,671.2,0
Melvin_SHW_01.18.2026_LS,SHW,3932,14108,14108,235.13,235.13,1,0.02,0.1331,0.1331,509.1,0
Melvin_SHW_01.18.2026_LS,SHW,3848,10181,10181,169.68,169.68,1,0.02,0.1313,0.1313,1265.0,0
Melvin_SHW_01.18.2026_LS,SHW,3913,13346,13347,222.43,222.45,2,0.03,0.131,0.131,1287.1,0
Melvin_SHW_01.18.2026_LS,SHW,3737,1423,1423,23.72,23.72,1,0.02,0.1302,0.1302,656.7,0
Melvin_SHW_01.18.2026_LS,SHW,3859,10646,10658,177.43,177.63,4,0.22,0.1299,0.1299,893.2,0
Melvin_SHW_01.18.2026_LS,SHW,3865,10937,10937,182.28,182.28,1,0.02,0.1278,0.1278,1234.2,0
Melvin_SHW_01.18.2026_LS,SHW,3930,14006,14007,233.43,233.45,2,0.03,0.1271,0.1271,764.5,0
Melvin_SHW_01.18.2026_LS,SHW,3824,7470,7470,124.5,124.5,1,0.02,0.1268,0.1268,2431.4,0
Melvin_SHW_01.18.2026_LS,SHW,3911,13219,13219,220.31,220.31,1,0.02,0.1264,0.1264,2083.9,0
Melvin_SHW_01.18.2026_LS,SHW,3750,2318,2318,38.63,38.63,1,0.02,0.1248,0.1248,500.0,0
Melvin_SHW_01.18.2026_LS,SHW,3763,3816,3816,63.6,63.6,1,0.02,0.1243,0.1243,1326.1,0
Melvin_SHW_01.18.2026_LS,SHW,3870,11062,11062,184.36,184.36,1,0.02,0.124,0.124,511.7,0
Melvin_SHW_01.18.2026_LS,SHW,3897,12505,12505,208.41,208.41,1,0.02,0.1237,0.1237,1440.6,0
Melvin_SHW_01.18.2026_LS,SHW,3729,1160,1164,19.33,19.4,5,0.08,0.1227,0.1227,220.9,0
Melvin_SHW_01.18.2026_LS,SHW,3944,14674,14674,244.56,244.56,1,0.02,0.1226,0.1226,686.7,0
Melvin_SHW_01.18.2026_LS,SHW,3759,3568,3568,59.47,59.47,1,0.02,0.1219,0.1219,829.0,0
Melvin_SHW_01.18.2026_LS,SHW,3735,1355,1355,22.58,22.58,1,0.02,0.1217,0.1217,264.1,0
Melvin_SHW_01.18.2026_LS,SHW,3895,12379,12379,206.31,206.31,1,0.02,0.1213,0.1213,2264.1,0
Melvin_SHW_01.18.2026_LS,SHW,3778,5353,5353,89.22,89.22,1,0.02,0.1209,0.1209,992.1,0
Melvin_SHW_01.18.2026_LS,SHW,3843,9943,9945,165.71,165.75,2,0.05,0.1197,0.1197,1242.5,0
Melvin_SHW_01.18.2026_LS,SHW,3852,10416,10419,173.6,173.65,3,0.07,0.1189,0.1189,932.8,0
Melvin_SHW_01.18.2026_LS,SHW,3946,14859,14862,247.65,247.7,2,0.07,0.117,0.117,1861.5,0
Melvin_SHW_01.18.2026_LS,SHW,3840,9034,9034,150.56,150.56,1,0.02,0.1169,0.1169,782.7,0
Melvin_SHW_01.18.2026_LS,SHW,3774,5042,5042,84.03,84.03,1,0.02,0.116,0.116,2450.9,0
Melvin_SHW_01.18.2026_LS,SHW,3864,10932,10932,182.2,182.2,1,0.02,0.116,0.116,1125.6,0
Melvin_SHW_01.18.2026_LS,SHW,3922,13660,13660,227.66,227.66,1,0.02,0.1151,0.1151,1314.7,0
Melvin_SHW_01.18.2026_LS,SHW,3936,14338,14338,238.96,238.96,1,0.02,0.1148,0.1148,960.0,0
Melvin_SHW_01.18.2026_LS,SHW,3755,2815,2816,46.92,46.93,2,0.03,0.1147,0.1147,649.1,0
Melvin_SHW_01.18.2026_LS,SHW,3714,834,834,13.9,13.9,1,0.02,0.1138,0.1138,1800.9,0
Melvin_SHW_01.18.2026_LS,SHW,3811,6901,6901,115.02,115.02,1,0.02,0.1135,0.1135,1055.1,0
Melvin_SHW_01.18.2026_LS,SHW,3920,13643,13655,227.38,227.58,2,0.22,0.1132,0.1132,1187.2,0
Melvin_SHW_01.18.2026_LS,SHW,3924,13742,13742,229.03,229.03,1,0.02,0.1132,0.1132,846.1,0
Melvin_SHW_01.18.2026_LS,SHW,3882,11562,11562,192.7,192.7,1,0.02,0.1112,0.1112,2396.6,0
Melvin_SHW_01.18.2026_LS,SHW,3808,6825,6825,113.75,113.75,1,0.02,0.1101,0.1101,1427.2,0
Melvin_SHW_01.18.2026_LS,SHW,3797,6270,6290,104.5,104.83,2,0.35,0.1099,0.1099,954.4,0
Melvin_SHW_01.18.2026_LS,SHW,3741,1590,1590,26.5,26.5,1,0.02,0.1083,0.1083,688.9,0
Melvin_SHW_01.18.2026_LS,SHW,3942,14639,14639,243.98,243.98,1,0.02,0.1082,0.1082,1163.2,0
Melvin_SHW_01.18.2026_LS,SHW,3776,5264,5264,87.73,87.73,1,0.02,0.1078,0.1078,1320.6,0
Melvin_SHW_01.18.2026_LS,SHW,3912,13295,13295,221.58,221.58,1,0.02,0.1073,0.1073,383.8,0
Melvin_SHW_01.18.2026_LS,SHW,3754,2653,2653,44.22,44.22,1,0.02,0.1067,0.1067,680.1,0
Melvin_SHW_01.18.2026_LS,SHW,3805,6729,6729,112.15,112.15,1,0.02,0.1066,0.1066,838.1,0
Melvin_SHW_01.18.2026_LS,SHW,3835,8711,8711,145.18,145.18,1,0.02,0.1064,0.1064,638.1,0
Melvin_SHW_01.18.2026_LS,SHW,3710,429,429,7.15,7.15,1,0.02,0.1063,0.1063,760.1,0
Melvin_SHW_01.18.2026_LS,SHW,3867,11020,11020,183.66,183.66,1,0.02,0.1063,0.1063,1407.5,0
Melvin_SHW_01.18.2026_LS,SHW,3771,4666,4666,77.77,77.77,1,0.02,0.1056,0.1056,2047.6,0
Melvin_SHW_01.18.2026_LS,SHW,3928,13989,13989,233.15,233.15,1,0.02,0.1041,0.1041,786.3,0
Melvin_SHW_01.18.2026_LS,SHW,3713,747,747,12.45,12.45,1,0.02,0.1035,0.1035,1291.4,0
Melvin_SHW_01.18.2026_LS,SHW,3800,6470,6470,107.83,107.83,1,0.02,0.1035,0.1035,586.6,0
Melvin_SHW_01.18.2026_LS,SHW,3757,3448,3448,57.47,57.47,1,0.02,0.1033,0.1033,895.9,0
Melvin_SHW_01.18.2026_LS,SHW,3885,11738,11738,195.63,195.63,1,0.02,0.1032,0.1032,552.3,0
Melvin_SHW_01.18.2026_LS,SHW,3723,1010,1010,16.83,16.83,1,0.02,0.103,0.103,924.6,0
Melvin_SHW_01.18.2026_LS,SHW,3820,7229,7229,120.48,120.48,1,0.02,0.1026,0.1026,1906.7,0
Melvin_SHW_01.18.2026_LS,SHW,3753,2479,2479,41.32,41.32,1,0.02,0.1003,0.1003,1062.5,0
N25thRdOrange_MAS_12.22.25_LS_V2,MAS,3829,6052,6103,100.87,101.72,43,0.87,0.3181,0.5295,643.6,1
N25thRdOrange_MAS_12.22.25_LS_V2,MAS,3825,5609,5640,93.48,94.0,19,0.53,0.1909,0.3127,728.8,1
N25thRdOrange_MAS_12.22.25_LS_V2,MAS,2770,6055,6055,100.92,100.92,1,0.02,0.4462,0.4462,716.3,0
N25thRdOrange_MAS_12.22.25_LS_V2,MAS,3799,1074,1088,17.9,18.13,7,0.25,0.3326,0.3988,4525.1,0
N25thRdOrange_MAS_12.22.25_LS_V2,MAS,2759,5628,5628,93.8,93.8,1,0.02,0.3857,0.3857,1095.4,0
N25thRdOrange_MAS_12.22.25_LS_V2,MAS,2791,6086,6086,101.43,101.43,1,0.02,0.3382,0.3382,633.9,0
N25thRdOrange_MAS_12.22.25_LS_V2,MAS,3833,6806,6810,113.43,113.5,3,0.08,0.3015,0.3015,1377.8,0
N25thRdOrange_MAS_12.22.25_LS_V2,MAS,3821,5372,5374,89.53,89.57,3,0.05,0.2746,0.2746,638.6,0
N25thRdOrange_MAS_12.22.25_LS_V2,MAS,3812,2724,2739,45.4,45.65,7,0.27,0.2257,0.2688,2198.7,0
N25thRdOrange_MAS_12.22.25_LS_V2,MAS,3830,6113,6122,101.88,102.03,10,0.17,0.2273,0.2654,440.5,0
N25thRdOrange_MAS_12.22.25_LS_V2,MAS,3796,282,282,4.7,4.7,1,0.02,0.2572,0.2572,1088.9,0
N25thRdOrange_MAS_12.22.25_LS_V2,MAS,3818,4624,4625,77.07,77.08,2,0.03,0.2424,0.2424,675.6,0
N25thRdOrange_MAS_12.22.25_LS_V2,MAS,3834,6810,6810,113.5,113.5,1,0.02,0.2287,0.2287,546.7,0
N25thRdOrange_MAS_12.22.25_LS_V2,MAS,3813,3094,3095,51.57,51.58,2,0.03,0.2284,0.2284,1363.5,0
N25thRdOrange_MAS_12.22.25_LS_V2,MAS,3804,1820,1821,30.33,30.35,2,0.03,0.2236,0.2236,951.5,0
N25thRdOrange_MAS_12.22.25_LS_V2,MAS,3828,6017,6031,100.28,100.52,2,0.25,0.2236,0.2236,1387.6,0
N25thRdOrange_MAS_12.22.25_LS_V2,MAS,3802,1726,1730,28.77,28.83,3,0.08,0.2217,0.2217,837.7,0
N25thRdOrange_MAS_12.22.25_LS_V2,MAS,3792,78,80,1.3,1.33,3,0.05,0.219,0.219,1824.8,0
N25thRdOrange_MAS_12.22.25_LS_V2,MAS,3803,1811,1817,30.18,30.28,4,0.12,0.2179,0.2179,972.7,0
N25thRdOrange_MAS_12.22.25_LS_V2,MAS,3823,5560,5572,92.67,92.87,7,0.22,0.1894,0.2138,830.9,0
N25thRdOrange_MAS_12.22.25_LS_V2,MAS,3814,3715,3715,61.92,61.92,1,0.02,0.206,0.206,2879.5,0
N25thRdOrange_MAS_12.22.25_LS_V2,MAS,3797,518,518,8.63,8.63,1,0.02,0.2026,0.2026,3958.4,0
N25thRdOrange_MAS_12.22.25_LS_V2,MAS,3795,268,275,4.47,4.58,3,0.13,0.1983,0.1983,2269.6,0
N25thRdOrange_MAS_12.22.25_LS_V2,MAS,3809,2566,2589,42.77,43.15,4,0.4,0.1884,0.1884,550.8,0
N25thRdOrange_MAS_12.22.25_LS_V2,MAS,3806,1878,1883,31.3,31.38,5,0.1,0.187,0.187,638.9,0
N25thRdOrange_MAS_12.22.25_LS_V2,MAS,3820,4987,4988,83.12,83.13,2,0.03,0.1829,0.1829,1723.1,0
N25thRdOrange_MAS_12.22.25_LS_V2,MAS,3836,7320,7320,122.0,122.0,1,0.02,0.1771,0.1771,1520.0,0
N25thRdOrange_MAS_12.22.25_LS_V2,MAS,3808,2390,2391,39.83,39.85,2,0.03,0.1741,0.1741,4701.6,0
N25thRdOrange_MAS_12.22.25_LS_V2,MAS,3822,5372,5372,89.53,89.53,1,0.02,0.174,0.174,1067.9,0
N25thRdOrange_MAS_12.22.25_LS_V2,MAS,3810,2646,2667,44.1,44.45,2,0.37,0.1694,0.1694,712.6,0
N25thRdOrange_MAS_12.22.25_LS_V2,MAS,3807,2250,2251,37.5,37.52,2,0.03,0.1681,0.1681,3114.3,0
N25thRdOrange_MAS_12.22.25_LS_V2,MAS,3835,7128,7131,118.8,118.85,3,0.07,0.1522,0.1522,570.0,0
N25thRdOrange_MAS_12.22.25_LS_V2,MAS,3793,126,139,2.1,2.32,4,0.23,0.1462,0.1462,960.5,0
N25thRdOrange_MAS_12.22.25_LS_V2,MAS,3811,2659,2670,44.32,44.5,2,0.2,0.1399,0.1399,3720.7,0
N25thRdOrange_MAS_12.22.25_LS_V2,MAS,3831,6791,6791,113.18,113.18,1,0.02,0.139,0.139,844.4,0
N25thRdOrange_MAS_12.22.25_LS_V2,MAS,3798,1011,1011,16.85,16.85,1,0.02,0.1359,0.1359,2622.8,0
N25thRdOrange_MAS_12.22.25_LS_V2,MAS,3794,196,196,3.27,3.27,1,0.02,0.1253,0.1253,1095.6,0
N25thRdOrange_MAS_12.22.25_LS_V2,MAS,3800,1461,1461,24.35,24.35,1,0.02,0.1248,0.1248,664.2,0
N25thRdOrange_MAS_12.22.25_LS_V2,MAS,3815,3843,3843,64.05,64.05,1,0.02,0.1223,0.1223,3282.8,0
N25thRdOrange_MAS_12.22.25_LS_V2,MAS,3805,1842,1842,30.7,30.7,1,0.02,0.1181,0.1181,403.8,0
N25thRdOrange_MAS_12.22.25_LS_V2,MAS,3832,6803,6806,113.38,113.43,3,0.07,0.1139,0.1139,788.5,0
N25thRdOrange_MAS_12.22.25_LS_V2,MAS,3824,5591,5591,93.18,93.18,1,0.02,0.112,0.112,691.2,0
N25thRdOrange_MAS_12.22.25_LS_V2,MAS,3791,76,76,1.27,1.27,1,0.02,0.1118,0.1118,634.7,0
N25thRdOrange_MAS_12.22.25_LS_V2,MAS,3816,4300,4300,71.67,71.67,1,0.02,0.1112,0.1112,1342.2,0
N25thRdOrange_MAS_12.22.25_LS_V2,MAS,3801,1518,1518,25.3,25.3,1,0.02,0.1083,0.1083,1454.0,0
N25thRdOrange_MAS_12.22.25_LS_V2,MAS,3827,6003,6003,100.05,100.05,1,0.02,0.1033,0.1033,889.9,0
N25thRdOrange_MAS_12.22.25_LS_V2,MAS,3826,5863,5863,97.72,97.72,1,0.02,0.1022,0.1022,1317.6,0
N25thRdOrange_MAS_12.22.25_LS_V2,MAS,3817,4517,4517,75.28,75.28,1,0.02,0.1013,0.1013,1590.6,0
N25thRdOrange_MAS_12.22.25_LS_V2,MAS,3819,4824,4824,80.4,80.4,1,0.02,0.1008,0.1008,2488.6,0
NShelbyRd(blue)_SHB_12.11.2025_LS,SHB,3132,8572,8689,142.9,144.85,109,1.97,0.6827,0.8268,1397.5,1
NShelbyRd(blue)_SHB_12.11.2025_LS,SHB,3104,8422,8535,140.4,142.29,114,1.9,0.7594,0.8183,1636.3,1
NShelbyRd(blue)_SHB_12.11.2025_LS,SHB,3109,8464,8591,141.1,143.22,128,2.13,0.7757,0.8134,2220.8,1
NShelbyRd(blue)_SHB_12.11.2025_LS,SHB,3191,8644,8768,144.1,146.17,119,2.08,0.6712,0.8038,1223.2,1
NShelbyRd(blue)_SHB_12.11.2025_LS,SHB,3120,8514,8570,141.94,142.87,56,0.95,0.6927,0.7862,1275.4,1
NShelbyRd(blue)_SHB_12.11.2025_LS,SHB,3164,8617,8650,143.65,144.2,33,0.57,0.6972,0.7827,1044.0,1
NShelbyRd(blue)_SHB_12.11.2025_LS,SHB,3108,8458,8496,141.0,141.64,39,0.65,0.7447,0.7763,2169.8,1
NShelbyRd(blue)_SHB_12.11.2025_LS,SHB,3118,8505,8617,141.79,143.65,113,1.88,0.6964,0.7752,1536.2,1
NShelbyRd(blue)_SHB_12.11.2025_LS,SHB,3112,8493,8555,141.59,142.62,63,1.05,0.7158,0.7741,1255.5,1
NShelbyRd(blue)_SHB_12.11.2025_LS,SHB,3193,8654,8701,144.27,145.05,48,0.8,0.6972,0.7655,1432.5,1
NShelbyRd(blue)_SHB_12.11.2025_LS,SHB,3192,8650,8674,144.2,144.6,25,0.42,0.6923,0.7598,1426.9,1
NShelbyRd(blue)_SHB_12.11.2025_LS,SHB,2840,1624,1645,27.07,27.42,22,0.37,0.7017,0.7595,860.9,1
NShelbyRd(blue)_SHB_12.11.2025_LS,SHB,2854,1636,1700,27.27,28.34,65,1.08,0.6742,0.7523,784.5,1
NShelbyRd(blue)_SHB_12.11.2025_LS,SHB,2869,1647,1677,27.46,27.96,28,0.52,0.6564,0.7483,1160.3,1
NShelbyRd(blue)_SHB_12.11.2025_LS,SHB,3110,8470,8512,141.2,141.9,26,0.72,0.6043,0.7288,1682.9,1
NShelbyRd(blue)_SHB_12.11.2025_LS,SHB,3103,8413,8437,140.25,140.65,25,0.42,0.6081,0.7235,2174.2,1
NShelbyRd(blue)_SHB_12.11.2025_LS,SHB,3127,8539,8584,142.35,143.1,43,0.77,0.5854,0.7216,1517.7,1
NShelbyRd(blue)_SHB_12.11.2025_LS,SHB,2880,1664,1692,27.74,28.21,29,0.48,0.5453,0.6986,1060.1,1
NShelbyRd(blue)_SHB_12.11.2025_LS,SHB,3060,5393,5618,89.91,93.66,141,3.77,0.4765,0.6876,1779.0,1
NShelbyRd(blue)_SHB_12.11.2025_LS,SHB,3022,3030,3053,50.51,50.9,21,0.4,0.5729,0.6866,2060.7,1
NShelbyRd(blue)_SHB_12.11.2025_LS,SHB,3146,8589,8633,143.19,143.92,18,0.75,0.5243,0.6785,1322.0,1
NShelbyRd(blue)_SHB_12.11.2025_LS,SHB,2827,1601,1628,26.69,27.14,24,0.47,0.5215,0.6666,555.4,1
NShelbyRd(blue)_SHB_12.11.2025_LS,SHB,2946,2162,2183,36.04,36.39,17,0.37,0.5174,0.6578,1048.9,1
NShelbyRd(blue)_SHB_12.11.2025_LS,SHB,3153,8598,8617,143.34,143.65,19,0.33,0.4956,0.6318,610.1,1
NShelbyRd(blue)_SHB_12.11.2025_LS,SHB,2872,1652,1693,27.54,28.22,28,0.7,0.4351,0.6277,886.8,1
NShelbyRd(blue)_SHB_12.11.2025_LS,SHB,3028,3303,3355,55.06,55.93,25,0.88,0.4069,0.594,1526.9,1
NShelbyRd(blue)_SHB_12.11.2025_LS,SHB,4365,9349,9384,155.86,156.44,34,0.6,0.237,0.4163,1162.6,1
NShelbyRd(blue)_SHB_12.11.2025_LS,SHB,4314,2135,2256,35.59,37.61,50,2.03,0.2312,0.3752,919.9,1
NShelbyRd(blue)_SHB_12.11.2025_LS,SHB,4305,1816,1855,30.27,30.92,12,0.67,0.2501,0.3618,2450.7,1
NShelbyRd(blue)_SHB_12.11.2025_LS,SHB,4367,9392,9426,156.57,157.14,28,0.58,0.207,0.3385,1711.7,1
NShelbyRd(blue)_SHB_12.11.2025_LS,SHB,4313,2129,2163,35.49,36.06,16,0.58,0.215,0.3203,753.3,1
NShelbyRd(blue)_SHB_12.11.2025_LS,SHB,4329,3296,3352,54.95,55.88,23,0.95,0.1984,0.3119,1602.7,1
NShelbyRd(blue)_SHB_12.11.2025_LS,SHB,3200,8699,8711,145.02,145.22,13,0.22,0.5127,0.6322,574.6,0
NShelbyRd(blue)_SHB_12.11.2025_LS,SHB,3128,8544,8553,142.44,142.59,10,0.17,0.5397,0.627,849.8,0
NShelbyRd(blue)_SHB_12.11.2025_LS,SHB,2863,1639,1654,27.32,27.57,16,0.27,0.4458,0.5938,867.5,0
NShelbyRd(blue)_SHB_12.11.2025_LS,SHB,2913,1703,1708,28.39,28.47,6,0.1,0.5216,0.5638,1555.3,0
NShelbyRd(blue)_SHB_12.11.2025_LS,SHB,2933,2137,2137,35.63,35.63,1,0.02,0.5603,0.5603,921.0,0
NShelbyRd(blue)_SHB_12.11.2025_LS,SHB,2948,2167,2168,36.13,36.14,2,0.03,0.5558,0.5558,700.0,0
NShelbyRd(blue)_SHB_12.11.2025_LS,SHB,2829,1609,1613,26.82,26.89,5,0.08,0.5449,0.5449,863.9,0
NShelbyRd(blue)_SHB_12.11.2025_LS,SHB,2834,1617,1633,26.96,27.22,14,0.28,0.4542,0.5403,841.9,0
NShelbyRd(blue)_SHB_12.11.2025_LS,SHB,3285,10142,10143,169.08,169.09,2,0.03,0.5296,0.5296,623.7,0
NShelbyRd(blue)_SHB_12.11.2025_LS,SHB,3007,2506,2508,41.78,41.81,3,0.05,0.5259,0.5259,678.3,0
NShelbyRd(blue)_SHB_12.11.2025_LS,SHB,3019,3021,3025,50.36,50.43,4,0.08,0.5253,0.5253,2159.3,0
NShelbyRd(blue)_SHB_12.11.2025_LS,SHB,2917,1818,1818,30.31,30.31,1,0.02,0.5018,0.5018,4768.2,0
NShelbyRd(blue)_SHB_12.11.2025_LS,SHB,2993,2461,2465,41.03,41.09,5,0.08,0.4826,0.4826,768.5,0
NShelbyRd(blue)_SHB_12.11.2025_LS,SHB,4360,8412,8412,140.24,140.24,1,0.02,0.4757,0.4757,1861.3,0
NShelbyRd(blue)_SHB_12.11.2025_LS,SHB,3156,8604,8611,143.44,143.55,6,0.13,0.4512,0.468,594.8,0
NShelbyRd(blue)_SHB_12.11.2025_LS,SHB,2958,2188,2188,36.48,36.48,1,0.02,0.4672,0.4672,1077.3,0
NShelbyRd(blue)_SHB_12.11.2025_LS,SHB,3264,9420,9421,157.04,157.06,2,0.03,0.4537,0.4537,3086.9,0
NShelbyRd(blue)_SHB_12.11.2025_LS,SHB,2835,1618,1630,26.97,27.17,10,0.22,0.3928,0.452,874.7,0
NShelbyRd(blue)_SHB_12.11.2025_LS,SHB,4328,3073,3074,51.23,51.25,2,0.03,0.4371,0.4371,823.1,0
NShelbyRd(blue)_SHB_12.11.2025_LS,SHB,3175,8634,8634,143.94,143.94,1,0.02,0.4366,0.4366,983.3,0
NShelbyRd(blue)_SHB_12.11.2025_LS,SHB,2981,2233,2233,37.23,37.23,1,0.02,0.4145,0.4145,742.0,0
NShelbyRd(blue)_SHB_12.11.2025_LS,SHB,2968,2203,2213,36.73,36.89,2,0.18,0.412,0.412,803.7,0
NShelbyRd(blue)_SHB_12.11.2025_LS,SHB,3015,2687,2688,44.79,44.81,2,0.03,0.401,0.401,883.5,0
NShelbyRd(blue)_SHB_12.11.2025_LS,SHB,3292,10588,10588,176.51,176.51,1,0.02,0.3973,0.3973,422.7,0
NShelbyRd(blue)_SHB_12.11.2025_LS,SHB,3008,2513,2522,41.89,42.04,4,0.17,0.3889,0.3889,650.4,0
NShelbyRd(blue)_SHB_12.11.2025_LS,SHB,3135,8574,8578,142.94,143.0,3,0.08,0.3774,0.3774,1581.4,0
NShelbyRd(blue)_SHB_12.11.2025_LS,SHB,3297,11049,11049,184.2,184.2,1,0.02,0.3751,0.3751,923.6,0
NShelbyRd(blue)_SHB_12.11.2025_LS,SHB,4326,3017,3029,50.3,50.5,5,0.22,0.3689,0.3689,2144.4,0
NShelbyRd(blue)_SHB_12.11.2025_LS,SHB,3101,7876,7879,131.3,131.35,4,0.07,0.3641,0.3641,682.8,0
NShelbyRd(blue)_SHB_12.11.2025_LS,SHB,4373,9859,9862,164.36,164.41,3,0.07,0.3542,0.3542,1169.0,0
NShelbyRd(blue)_SHB_12.11.2025_LS,SHB,4378,10141,10141,169.06,169.06,1,0.02,0.353,0.353,558.5,0
NShelbyRd(blue)_SHB_12.11.2025_LS,SHB,2984,2248,2249,37.48,37.49,2,0.03,0.3436,0.3436,1608.9,0
NShelbyRd(blue)_SHB_12.11.2025_LS,SHB,4312,2115,2115,35.26,35.26,1,0.02,0.3418,0.3418,697.1,0
NShelbyRd(blue)_SHB_12.11.2025_LS,SHB,4322,2686,2686,44.78,44.78,1,0.02,0.3216,0.3216,832.5,0
NShelbyRd(blue)_SHB_12.11.2025_LS,SHB,4316,2177,2209,36.29,36.83,7,0.55,0.2694,0.3196,1025.6,0
NShelbyRd(blue)_SHB_12.11.2025_LS,SHB,4375,10066,10066,167.81,167.81,1,0.02,0.2955,0.2955,930.4,0
NShelbyRd(blue)_SHB_12.11.2025_LS,SHB,4371,9823,9860,163.76,164.38,8,0.63,0.2337,0.2934,1845.9,0
NShelbyRd(blue)_SHB_12.11.2025_LS,SHB,4333,3605,3616,60.1,60.28,11,0.2,0.2055,0.2781,1028.3,0
NShelbyRd(blue)_SHB_12.11.2025_LS,SHB,4303,1702,1710,28.37,28.51,3,0.15,0.2744,0.2744,932.9,0
NShelbyRd(blue)_SHB_12.11.2025_LS,SHB,4318,2424,2529,40.41,42.16,37,1.77,0.1866,0.2726,718.9,0
NShelbyRd(blue)_SHB_12.11.2025_LS,SHB,4382,10583,10587,176.43,176.49,3,0.08,0.2625,0.2625,398.2,0
NShelbyRd(blue)_SHB_12.11.2025_LS,SHB,4361,8733,8733,145.59,145.59,1,0.02,0.2545,0.2545,1483.6,0
NShelbyRd(blue)_SHB_12.11.2025_LS,SHB,4372,9838,9848,164.01,164.18,7,0.18,0.2164,0.2507,724.8,0
NShelbyRd(blue)_SHB_12.11.2025_LS,SHB,4363,9009,9013,150.19,150.25,2,0.08,0.245,0.245,805.3,0
NShelbyRd(blue)_SHB_12.11.2025_LS,SHB,4337,4024,4025,67.08,67.1,2,0.03,0.2407,0.2407,1468.5,0
NShelbyRd(blue)_SHB_12.11.2025_LS,SHB,4304,1774,1774,29.57,29.57,1,0.02,0.2352,0.2352,440.1,0
NShelbyRd(blue)_SHB_12.11.2025_LS,SHB,4345,5524,5617,92.09,93.64,22,1.57,0.1877,0.2341,1717.2,0
NShelbyRd(blue)_SHB_12.11.2025_LS,SHB,4385,11045,11069,184.13,184.53,13,0.42,0.1796,0.2324,865.2,0
NShelbyRd(blue)_SHB_12.11.2025_LS,SHB,4376,10091,10097,168.23,168.33,4,0.12,0.2307,0.2307,537.5,0
NShelbyRd(blue)_SHB_12.11.2025_LS,SHB,4384,10830,10852,180.55,180.91,5,0.38,0.2293,0.2293,509.1,0
NShelbyRd(blue)_SHB_12.11.2025_LS,SHB,4381,10496,10503,174.98,175.09,4,0.13,0.2282,0.2282,420.5,0
NShelbyRd(blue)_SHB_12.11.2025_LS,SHB,4307,1979,1979,32.99,32.99,1,0.02,0.228,0.228,687.3,0
NShelbyRd(blue)_SHB_12.11.2025_LS,SHB,4306,1950,1950,32.51,32.51,1,0.02,0.2203,0.2203,1416.0,0
NShelbyRd(blue)_SHB_12.11.2025_LS,SHB,4362,8758,8771,146.0,146.22,7,0.23,0.1865,0.2181,795.0,0
NShelbyRd(blue)_SHB_12.11.2025_LS,SHB,4344,5391,5487,89.87,91.47,25,1.62,0.1557,0.2165,1768.7,0
NShelbyRd(blue)_SHB_12.11.2025_LS,SHB,4325,2894,2894,48.25,48.25,1,0.02,0.2106,0.2106,1385.2,0
NShelbyRd(blue)_SHB_12.11.2025_LS,SHB,4302,1599,1600,26.66,26.67,2,0.03,0.2087,0.2087,481.6,0
NShelbyRd(blue)_SHB_12.11.2025_LS,SHB,4349,6947,6950,115.81,115.86,4,0.07,0.208,0.208,867.4,0
NShelbyRd(blue)_SHB_12.11.2025_LS,SHB,4350,7120,7120,118.7,118.7,1,0.02,0.2076,0.2076,1086.2,0
NShelbyRd(blue)_SHB_12.11.2025_LS,SHB,4351,7158,7165,119.33,119.45,2,0.13,0.2071,0.2071,1116.6,0
NShelbyRd(blue)_SHB_12.11.2025_LS,SHB,4330,3314,3314,55.25,55.25,1,0.02,0.206,0.206,1684.7,0
NShelbyRd(blue)_SHB_12.11.2025_LS,SHB,4374,9890,9890,164.88,164.88,1,0.02,0.1883,0.1883,483.6,0
NShelbyRd(blue)_SHB_12.11.2025_LS,SHB,4342,5096,5097,84.95,84.97,2,0.03,0.1828,0.1828,584.0,0
NShelbyRd(blue)_SHB_12.11.2025_LS,SHB,4364,9079,9080,151.36,151.37,2,0.03,0.1818,0.1818,611.6,0
NShelbyRd(blue)_SHB_12.11.2025_LS,SHB,4298,732,738,12.2,12.3,5,0.12,0.1812,0.1812,1427.9,0
NShelbyRd(blue)_SHB_12.11.2025_LS,SHB,4366,9356,9363,155.97,156.09,7,0.13,0.1591,0.1792,811.0,0
NShelbyRd(blue)_SHB_12.11.2025_LS,SHB,4327,3041,3055,50.7,50.93,3,0.25,0.1791,0.1791,1941.6,0
NShelbyRd(blue)_SHB_12.11.2025_LS,SHB,4297,625,626,10.42,10.44,2,0.03,0.1771,0.1771,713.8,0
NShelbyRd(blue)_SHB_12.11.2025_LS,SHB,4310,2084,2096,34.74,34.94,2,0.22,0.1768,0.1768,1026.9,0
NShelbyRd(blue)_SHB_12.11.2025_LS,SHB,4355,7872,7880,131.23,131.37,5,0.15,0.1672,0.1672,615.8,0
NShelbyRd(blue)_SHB_12.11.2025_LS,SHB,4359,8400,8400,140.04,140.04,1,0.02,0.1658,0.1658,979.3,0
NShelbyRd(blue)_SHB_12.11.2025_LS,SHB,4347,6350,6357,105.86,105.98,4,0.13,0.165,0.165,360.5,0
NShelbyRd(blue)_SHB_12.11.2025_LS,SHB,4334,3606,3609,60.12,60.17,2,0.07,0.1613,0.1613,927.9,0
NShelbyRd(blue)_SHB_12.11.2025_LS,SHB,4301,1537,1537,25.62,25.62,1,0.02,0.159,0.159,403.8,0
NShelbyRd(blue)_SHB_12.11.2025_LS,SHB,4368,9403,9419,156.76,157.02,10,0.28,0.1388,0.1589,1274.4,0
NShelbyRd(blue)_SHB_12.11.2025_LS,SHB,4341,5010,5010,83.52,83.52,1,0.02,0.1585,0.1585,640.7,0
NShelbyRd(blue)_SHB_12.11.2025_LS,SHB,4335,3780,3782,63.02,63.05,3,0.05,0.1535,0.1535,1921.3,0
NShelbyRd(blue)_SHB_12.11.2025_LS,SHB,4352,7570,7571,126.2,126.22,2,0.03,0.1517,0.1517,846.9,0
NShelbyRd(blue)_SHB_12.11.2025_LS,SHB,4379,10187,10217,169.83,170.33,4,0.52,0.1498,0.1498,579.3,0
NShelbyRd(blue)_SHB_12.11.2025_LS,SHB,4339,4925,4927,82.1,82.14,2,0.05,0.1493,0.1493,409.4,0
NShelbyRd(blue)_SHB_12.11.2025_LS,SHB,4320,2596,2596,43.28,43.28,1,0.02,0.138,0.138,1363.4,0
NShelbyRd(blue)_SHB_12.11.2025_LS,SHB,4370,9434,9434,157.27,157.27,1,0.02,0.1376,0.1376,427.2,0
NShelbyRd(blue)_SHB_12.11.2025_LS,SHB,4324,2740,2742,45.68,45.71,3,0.05,0.1367,0.1367,439.5,0
NShelbyRd(blue)_SHB_12.11.2025_LS,SHB,4300,1051,1051,17.52,17.52,1,0.02,0.1362,0.1362,554.7,0
NShelbyRd(blue)_SHB_12.11.2025_LS,SHB,4354,7836,7840,130.63,130.7,3,0.08,0.1362,0.1362,3556.6,0
NShelbyRd(blue)_SHB_12.11.2025_LS,SHB,4323,2709,2709,45.16,45.16,1,0.02,0.1338,0.1338,1982.5,0
NShelbyRd(blue)_SHB_12.11.2025_LS,SHB,4311,2091,2091,34.86,34.86,1,0.02,0.1325,0.1325,774.6,0
NShelbyRd(blue)_SHB_12.11.2025_LS,SHB,4383,10633,10633,177.26,177.26,1,0.02,0.1325,0.1325,739.2,0
NShelbyRd(blue)_SHB_12.11.2025_LS,SHB,4340,4974,4976,82.92,82.95,3,0.05,0.1321,0.1321,222.3,0
NShelbyRd(blue)_SHB_12.11.2025_LS,SHB,4321,2673,2677,44.56,44.63,3,0.08,0.1311,0.1311,1128.2,0
NShelbyRd(blue)_SHB_12.11.2025_LS,SHB,4346,5647,5647,94.14,94.14,1,0.02,0.13,0.13,281.7,0
NShelbyRd(blue)_SHB_12.11.2025_LS,SHB,4348,6802,6802,113.4,113.4,1,0.02,0.1243,0.1243,555.2,0
NShelbyRd(blue)_SHB_12.11.2025_LS,SHB,4331,3450,3450,57.51,57.51,1,0.02,0.1234,0.1234,529.4,0
NShelbyRd(blue)_SHB_12.11.2025_LS,SHB,4319,2459,2459,40.99,40.99,1,0.02,0.1204,0.1204,710.7,0
NShelbyRd(blue)_SHB_12.11.2025_LS,SHB,4356,7923,7925,132.08,132.12,2,0.05,0.1181,0.1181,1285.3,0
NShelbyRd(blue)_SHB_12.11.2025_LS,SHB,4343,5135,5161,85.61,86.04,3,0.45,0.1175,0.1175,382.4,0
NShelbyRd(blue)_SHB_12.11.2025_LS,SHB,4377,10107,10109,168.49,168.53,3,0.05,0.1162,0.1162,639.2,0
NShelbyRd(blue)_SHB_12.11.2025_LS,SHB,4317,2306,2306,38.44,38.44,1,0.02,0.113,0.113,632.0,0
NShelbyRd(blue)_SHB_12.11.2025_LS,SHB,4338,4890,4890,81.52,81.52,1,0.02,0.1129,0.1129,404.3,0
NShelbyRd(blue)_SHB_12.11.2025_LS,SHB,4369,9414,9417,156.94,156.99,2,0.07,0.1094,0.1094,1436.5,0
NShelbyRd(blue)_SHB_12.11.2025_LS,SHB,4315,2156,2156,35.94,35.94,1,0.02,0.1079,0.1079,683.3,0
NShelbyRd(blue)_SHB_12.11.2025_LS,SHB,4358,8382,8382,139.74,139.74,1,0.02,0.107,0.107,733.4,0
NShelbyRd(blue)_SHB_12.11.2025_LS,SHB,4353,7662,7662,127.73,127.73,1,0.02,0.106,0.106,1264.4,0
NShelbyRd(blue)_SHB_12.11.2025_LS,SHB,4308,1984,1984,33.08,33.08,1,0.02,0.1054,0.1054,1074.6,0
NShelbyRd(blue)_SHB_12.11.2025_LS,SHB,4380,10420,10420,173.71,173.71,1,0.02,0.1033,0.1033,408.6,0
NShelbyRd(blue)_SHB_12.11.2025_LS,SHB,4309,2081,2081,34.69,34.69,1,0.02,0.1027,0.1027,687.8,0
NShelbyRd(blue)_SHB_12.11.2025_LS,SHB,4336,3908,3908,65.15,65.15,1,0.02,0.1021,0.1021,291.3,0
NShelbyRd(blue)_SHB_12.11.2025_LS,SHB,4299,878,878,14.64,14.64,1,0.02,0.1012,0.1012,318.6,0
NShelbyRd(blue)_SHB_12.11.2025_LS,SHB,4332,3585,3585,59.77,59.77,1,0.02,0.101,0.101,760.1,0
NShelbyRd(blue)_SHB_12.11.2025_LS,SHB,4357,8297,8297,138.32,138.32,1,0.02,0.101,0.101,982.9,0
NWolfCreek(orange)_SHB_12.11.2025_LS,SHB,3426,7242,7300,120.7,121.67,47,0.98,0.6442,0.7812,2735.0,1
NWolfCreek(orange)_SHB_12.11.2025_LS,SHB,3432,7257,7290,120.95,121.5,30,0.57,0.6288,0.7787,2772.3,1
NWolfCreek(orange)_SHB_12.11.2025_LS,SHB,3417,7195,7285,119.92,121.42,66,1.52,0.6064,0.7398,1342.2,1
NWolfCreek(orange)_SHB_12.11.2025_LS,SHB,3344,1682,1717,28.03,28.62,29,0.6,0.5138,0.7335,1016.3,1
NWolfCreek(orange)_SHB_12.11.2025_LS,SHB,3476,8380,8475,139.67,141.25,89,1.6,0.5875,0.7204,1080.7,1
NWolfCreek(orange)_SHB_12.11.2025_LS,SHB,3410,7084,7102,118.07,118.37,16,0.32,0.5002,0.6449,1234.2,1
NWolfCreek(orange)_SHB_12.11.2025_LS,SHB,4501,2837,2896,47.28,48.27,19,1.0,0.2601,0.38,405.7,1
NWolfCreek(orange)_SHB_12.11.2025_LS,SHB,4493,1626,1646,27.1,27.43,11,0.35,0.233,0.3596,1293.9,1
NWolfCreek(orange)_SHB_12.11.2025_LS,SHB,4514,7030,7103,117.17,118.38,27,1.23,0.2134,0.3406,1495.2,1
NWolfCreek(orange)_SHB_12.11.2025_LS,SHB,4525,8368,8399,139.47,139.98,17,0.53,0.225,0.324,789.4,1
NWolfCreek(orange)_SHB_12.11.2025_LS,SHB,3358,2839,2856,47.32,47.6,12,0.3,0.4809,0.5844,482.6,0
NWolfCreek(orange)_SHB_12.11.2025_LS,SHB,3464,8341,8346,139.02,139.1,6,0.1,0.5344,0.5727,771.0,0
NWolfCreek(orange)_SHB_12.11.2025_LS,SHB,3382,2963,2964,49.38,49.4,2,0.03,0.571,0.571,616.3,0
NWolfCreek(orange)_SHB_12.11.2025_LS,SHB,3341,1676,1676,27.93,27.93,1,0.02,0.5655,0.5655,952.0,0
NWolfCreek(orange)_SHB_12.11.2025_LS,SHB,3430,7254,7271,120.9,121.18,10,0.3,0.476,0.5642,859.4,0
NWolfCreek(orange)_SHB_12.11.2025_LS,SHB,3423,7235,7241,120.58,120.68,5,0.12,0.5351,0.5351,2248.9,0
NWolfCreek(orange)_SHB_12.11.2025_LS,SHB,3380,2959,2959,49.32,49.32,1,0.02,0.5309,0.5309,667.6,0
NWolfCreek(orange)_SHB_12.11.2025_LS,SHB,4513,7010,7010,116.83,116.83,1,0.02,0.5264,0.5264,1256.4,0
NWolfCreek(orange)_SHB_12.11.2025_LS,SHB,3455,7296,7303,121.6,121.72,4,0.13,0.4934,0.4934,2011.2,0
NWolfCreek(orange)_SHB_12.11.2025_LS,SHB,4479,237,237,3.95,3.95,1,0.02,0.4674,0.4674,282.0,0
NWolfCreek(orange)_SHB_12.11.2025_LS,SHB,3466,8353,8355,139.22,139.25,3,0.05,0.421,0.421,384.5,0
NWolfCreek(orange)_SHB_12.11.2025_LS,SHB,4490,1054,1054,17.57,17.57,1,0.02,0.4144,0.4144,1043.4,0
NWolfCreek(orange)_SHB_12.11.2025_LS,SHB,3397,7042,7042,117.37,117.37,1,0.02,0.4139,0.4139,1307.3,0
NWolfCreek(orange)_SHB_12.11.2025_LS,SHB,3384,2969,2975,49.48,49.58,3,0.12,0.4049,0.4049,337.8,0
NWolfCreek(orange)_SHB_12.11.2025_LS,SHB,4510,5339,5339,88.98,88.98,1,0.02,0.3865,0.3865,1033.0,0
NWolfCreek(orange)_SHB_12.11.2025_LS,SHB,3371,2886,2886,48.1,48.1,1,0.02,0.3815,0.3815,348.2,0
NWolfCreek(orange)_SHB_12.11.2025_LS,SHB,4503,2957,2968,49.28,49.47,7,0.2,0.3162,0.378,567.1,0
NWolfCreek(orange)_SHB_12.11.2025_LS,SHB,4512,6937,6938,115.62,115.63,2,0.03,0.3667,0.3667,829.6,0
NWolfCreek(orange)_SHB_12.11.2025_LS,SHB,3460,7310,7313,121.83,121.88,4,0.07,0.3625,0.3625,1450.1,0
NWolfCreek(orange)_SHB_12.11.2025_LS,SHB,4502,2889,2892,48.15,48.2,4,0.07,0.3538,0.3538,1897.0,0
NWolfCreek(orange)_SHB_12.11.2025_LS,SHB,4508,4472,4472,74.53,74.53,1,0.02,0.3451,0.3451,1067.5,0
NWolfCreek(orange)_SHB_12.11.2025_LS,SHB,4511,6297,6297,104.95,104.95,1,0.02,0.3444,0.3444,794.4,0
NWolfCreek(orange)_SHB_12.11.2025_LS,SHB,4519,7293,7309,121.55,121.82,8,0.28,0.2595,0.3266,1990.2,0
NWolfCreek(orange)_SHB_12.11.2025_LS,SHB,4495,1675,1681,27.92,28.02,4,0.12,0.3252,0.3252,1027.3,0
NWolfCreek(orange)_SHB_12.11.2025_LS,SHB,4515,7190,7194,119.83,119.9,4,0.08,0.3177,0.3177,1084.0,0
NWolfCreek(orange)_SHB_12.11.2025_LS,SHB,4521,7420,7420,123.67,123.67,1,0.02,0.2946,0.2946,2213.8,0
NWolfCreek(orange)_SHB_12.11.2025_LS,SHB,4524,8338,8352,138.97,139.2,8,0.25,0.2208,0.2768,567.8,0
NWolfCreek(orange)_SHB_12.11.2025_LS,SHB,4494,1663,1720,27.72,28.67,10,0.97,0.216,0.2625,963.1,0
NWolfCreek(orange)_SHB_12.11.2025_LS,SHB,4527,8426,8426,140.43,140.43,1,0.02,0.2521,0.2521,587.3,0
NWolfCreek(orange)_SHB_12.11.2025_LS,SHB,4499,2400,2400,40.0,40.0,1,0.02,0.2429,0.2429,896.3,0
NWolfCreek(orange)_SHB_12.11.2025_LS,SHB,4528,8476,8482,141.27,141.37,7,0.12,0.2051,0.2395,775.6,0
NWolfCreek(orange)_SHB_12.11.2025_LS,SHB,4492,1400,1416,23.33,23.6,3,0.28,0.2146,0.2146,2224.8,0
NWolfCreek(orange)_SHB_12.11.2025_LS,SHB,4486,506,508,8.43,8.47,2,0.05,0.2111,0.2111,413.3,0
NWolfCreek(orange)_SHB_12.11.2025_LS,SHB,4517,7224,7224,120.4,120.4,1,0.02,0.2097,0.2097,2158.5,0
NWolfCreek(orange)_SHB_12.11.2025_LS,SHB,4484,457,458,7.62,7.63,2,0.03,0.2065,0.2065,378.2,0
NWolfCreek(orange)_SHB_12.11.2025_LS,SHB,4485,484,484,8.07,8.07,1,0.02,0.1994,0.1994,284.4,0
NWolfCreek(orange)_SHB_12.11.2025_LS,SHB,4476,30,94,0.5,1.57,37,1.08,0.1424,0.1946,390.0,0
NWolfCreek(orange)_SHB_12.11.2025_LS,SHB,4516,7218,7224,120.3,120.4,3,0.12,0.1911,0.1911,1166.4,0
NWolfCreek(orange)_SHB_12.11.2025_LS,SHB,4506,4439,4439,73.98,73.98,1,0.02,0.1891,0.1891,1142.9,0
NWolfCreek(orange)_SHB_12.11.2025_LS,SHB,4491,1076,1076,17.93,17.93,1,0.02,0.184,0.184,926.8,0
NWolfCreek(orange)_SHB_12.11.2025_LS,SHB,4480,271,298,4.52,4.97,5,0.47,0.1822,0.1822,296.1,0
NWolfCreek(orange)_SHB_12.11.2025_LS,SHB,4500,2724,2726,45.4,45.43,3,0.05,0.1811,0.1811,624.3,0
NWolfCreek(orange)_SHB_12.11.2025_LS,SHB,4505,4077,4079,67.95,67.98,3,0.05,0.1782,0.1782,1645.1,0
NWolfCreek(orange)_SHB_12.11.2025_LS,SHB,4507,4443,4448,74.05,74.13,2,0.1,0.1676,0.1676,2240.8,0
NWolfCreek(orange)_SHB_12.11.2025_LS,SHB,4529,8615,8615,143.58,143.58,1,0.02,0.1588,0.1588,737.6,0
NWolfCreek(orange)_SHB_12.11.2025_LS,SHB,4526,8376,8377,139.6,139.62,2,0.03,0.1579,0.1579,1217.7,0
NWolfCreek(orange)_SHB_12.11.2025_LS,SHB,4488,738,738,12.3,12.3,1,0.02,0.1469,0.1469,483.3,0
NWolfCreek(orange)_SHB_12.11.2025_LS,SHB,4477,42,43,0.7,0.72,2,0.03,0.1446,0.1446,296.8,0
NWolfCreek(orange)_SHB_12.11.2025_LS,SHB,4482,396,396,6.6,6.6,1,0.02,0.1412,0.1412,466.0,0
NWolfCreek(orange)_SHB_12.11.2025_LS,SHB,4509,5063,5063,84.38,84.38,1,0.02,0.1377,0.1377,1433.8,0
NWolfCreek(orange)_SHB_12.11.2025_LS,SHB,4498,2355,2355,39.25,39.25,1,0.02,0.1366,0.1366,832.7,0
NWolfCreek(orange)_SHB_12.11.2025_LS,SHB,4489,830,833,13.83,13.88,2,0.07,0.1358,0.1358,433.9,0
NWolfCreek(orange)_SHB_12.11.2025_LS,SHB,4478,210,210,3.5,3.5,1,0.02,0.1354,0.1354,283.1,0
NWolfCreek(orange)_SHB_12.11.2025_LS,SHB,4487,722,722,12.03,12.03,1,0.02,0.1331,0.1331,1388.5,0
NWolfCreek(orange)_SHB_12.11.2025_LS,SHB,4520,7305,7305,121.75,121.75,1,0.02,0.1308,0.1308,2187.9,0
NWolfCreek(orange)_SHB_12.11.2025_LS,SHB,4504,3985,3985,66.42,66.42,1,0.02,0.1296,0.1296,2152.8,0
NWolfCreek(orange)_SHB_12.11.2025_LS,SHB,4496,2012,2012,33.53,33.53,1,0.02,0.1238,0.1238,1833.8,0
NWolfCreek(orange)_SHB_12.11.2025_LS,SHB,4481,369,369,6.15,6.15,1,0.02,0.123,0.123,1352.8,0
NWolfCreek(orange)_SHB_12.11.2025_LS,SHB,4523,8298,8298,138.3,138.3,1,0.02,0.1198,0.1198,683.9,0
NWolfCreek(orange)_SHB_12.11.2025_LS,SHB,4483,445,445,7.42,7.42,1,0.02,0.1103,0.1103,453.8,0
NWolfCreek(orange)_SHB_12.11.2025_LS,SHB,4518,7224,7224,120.4,120.4,1,0.02,0.109,0.109,1072.2,0
NWolfCreek(orange)_SHB_12.11.2025_LS,SHB,4497,2281,2281,38.02,38.02,1,0.02,0.1037,0.1037,1378.1,0
NWolfCreek(orange)_SHB_12.11.2025_LS,SHB,4522,7533,7533,125.55,125.55,1,0.02,0.1017,0.1017,1199.3,0
SBassett_SHW_01.18.2026_LS,SHW,4239,14796,14862,246.62,247.72,60,1.12,0.6811,0.7735,1380.5,1
SBassett_SHW_01.18.2026_LS,SHW,4024,9019,9088,150.33,151.48,51,1.17,0.6062,0.7578,2883.0,1
SBassett_SHW_01.18.2026_LS,SHW,4227,14781,14818,246.37,246.99,32,0.63,0.6426,0.7363,1264.6,1
SBassett_SHW_01.18.2026_LS,SHW,3742,8127,8206,135.46,136.78,80,1.33,0.6729,0.7289,892.1,1
SBassett_SHW_01.18.2026_LS,SHW,3761,8163,8226,136.06,137.11,64,1.07,0.6649,0.7247,579.3,1
SBassett_SHW_01.18.2026_LS,SHW,4212,14759,14793,246.0,246.57,33,0.58,0.6519,0.7216,1405.1,1
SBassett_SHW_01.18.2026_LS,SHW,3752,8157,8225,135.96,137.09,68,1.15,0.6212,0.7021,509.6,1
SBassett_SHW_01.18.2026_LS,SHW,4179,13684,13702,228.09,228.39,19,0.32,0.5777,0.6878,1084.7,1
SBassett_SHW_01.18.2026_LS,SHW,4218,14768,14793,246.15,246.57,23,0.43,0.5655,0.6878,1231.9,1
SBassett_SHW_01.18.2026_LS,SHW,4237,14796,14818,246.62,246.99,23,0.38,0.5972,0.6864,1465.5,1
SBassett_SHW_01.18.2026_LS,SHW,4481,19901,19926,331.71,332.13,25,0.43,0.548,0.6827,761.2,1
SBassett_SHW_01.18.2026_LS,SHW,4213,14762,14780,246.05,246.35,16,0.32,0.5695,0.6733,1325.4,1
SBassett_SHW_01.18.2026_LS,SHW,5586,6077,6115,101.29,101.93,31,0.65,0.4432,0.6345,878.6,1
SBassett_SHW_01.18.2026_LS,SHW,3933,8711,8728,145.2,145.48,9,0.3,0.5405,0.6134,1071.5,1
SBassett_SHW_01.18.2026_LS,SHW,3958,8748,8801,145.81,146.7,26,0.9,0.441,0.6108,2186.8,1
SBassett_SHW_01.18.2026_LS,SHW,5518,275,313,4.58,5.22,31,0.65,0.3403,0.6035,833.1,1
SBassett_SHW_01.18.2026_LS,SHW,4490,19970,20003,332.86,333.41,29,0.57,0.4864,0.5931,794.3,1
SBassett_SHW_01.18.2026_LS,SHW,4015,9015,9033,150.26,150.56,14,0.32,0.505,0.593,1042.8,1
SBassett_SHW_01.18.2026_LS,SHW,5709,12727,12780,212.13,213.02,17,0.9,0.3405,0.5681,1161.9,1
SBassett_SHW_01.18.2026_LS,SHW,5529,1038,1076,17.3,17.93,14,0.65,0.3084,0.5493,2661.4,1
SBassett_SHW_01.18.2026_LS,SHW,3883,8621,8639,143.7,144.0,8,0.32,0.4068,0.4939,2993.2,1
SBassett_SHW_01.18.2026_LS,SHW,5648,8241,8300,137.36,138.35,14,1.0,0.3053,0.4837,724.8,1
SBassett_SHW_01.18.2026_LS,SHW,5881,20051,20156,334.21,335.96,19,1.77,0.2576,0.4562,1642.2,1
SBassett_SHW_01.18.2026_LS,SHW,5655,8626,8829,143.78,147.16,40,3.4,0.2304,0.4418,2014.9,1
SBassett_SHW_01.18.2026_LS,SHW,5849,18212,18277,303.56,304.64,14,1.1,0.2536,0.4178,1297.8,1
SBassett_SHW_01.18.2026_LS,SHW,5654,8585,8683,143.1,144.73,20,1.65,0.2445,0.4115,2966.6,1
SBassett_SHW_01.18.2026_LS,SHW,5670,8975,9014,149.6,150.25,16,0.67,0.23,0.3887,1809.7,1
SBassett_SHW_01.18.2026_LS,SHW,5646,8230,8282,137.18,138.05,20,0.88,0.2673,0.3844,889.8,1
SBassett_SHW_01.18.2026_LS,SHW,5875,19875,19900,331.28,331.69,8,0.43,0.3002,0.364,706.3,1
SBassett_SHW_01.18.2026_LS,SHW,5647,8236,8280,137.28,138.01,10,0.75,0.2461,0.3588,822.8,1
SBassett_SHW_01.18.2026_LS,SHW,5827,17616,17677,293.62,294.64,28,1.03,0.219,0.3447,451.2,1
SBassett_SHW_01.18.2026_LS,SHW,5832,17704,17749,295.09,295.84,9,0.77,0.2599,0.3424,596.5,1
SBassett_SHW_01.18.2026_LS,SHW,5788,15895,15931,264.94,265.54,13,0.62,0.2293,0.3412,986.5,1
SBassett_SHW_01.18.2026_LS,SHW,5658,8651,8724,144.2,145.41,8,1.23,0.2584,0.3362,3781.2,1
SBassett_SHW_01.18.2026_LS,SHW,5812,17297,17354,288.31,289.26,20,0.97,0.2021,0.3306,523.4,1
SBassett_SHW_01.18.2026_LS,SHW,5686,9976,10046,166.28,167.45,25,1.18,0.1754,0.3032,915.6,1
SBassett_SHW_01.18.2026_LS,SHW,4240,14796,14810,246.62,246.85,15,0.25,0.7034,0.7237,1537.8,0
SBassett_SHW_01.18.2026_LS,SHW,4231,14787,14793,246.47,246.57,7,0.12,0.7104,0.7212,1311.8,0
SBassett_SHW_01.18.2026_LS,SHW,4292,15907,15908,265.14,265.16,2,0.03,0.7145,0.7145,1044.2,0
SBassett_SHW_01.18.2026_LS,SHW,3888,8631,8649,143.86,144.16,6,0.32,0.68,0.7037,5697.8,0
SBassett_SHW_01.18.2026_LS,SHW,3670,6112,6114,101.88,101.91,3,0.05,0.6978,0.6978,1154.6,0
SBassett_SHW_01.18.2026_LS,SHW,3857,8250,8250,137.51,137.51,1,0.02,0.6977,0.6977,857.4,0
SBassett_SHW_01.18.2026_LS,SHW,4477,19881,19897,331.38,331.64,17,0.28,0.5403,0.6971,712.0,0
SBassett_SHW_01.18.2026_LS,SHW,3544,1039,1039,17.32,17.32,1,0.02,0.6942,0.6942,2511.0,0
SBassett_SHW_01.18.2026_LS,SHW,4064,9076,9076,151.28,151.28,1,0.02,0.6794,0.6794,2454.0,0
SBassett_SHW_01.18.2026_LS,SHW,5600,6737,6737,112.29,112.29,1,0.02,0.6782,0.6782,2624.2,0
SBassett_SHW_01.18.2026_LS,SHW,4215,14764,14776,246.09,246.29,11,0.22,0.5834,0.6573,1355.9,0
SBassett_SHW_01.18.2026_LS,SHW,5546,3338,3338,55.64,55.64,1,0.02,0.6503,0.6503,1774.4,0
SBassett_SHW_01.18.2026_LS,SHW,4294,15914,15921,265.26,265.37,8,0.13,0.5662,0.633,1240.3,0
SBassett_SHW_01.18.2026_LS,SHW,4363,17462,17465,291.06,291.11,4,0.07,0.629,0.629,1076.6,0
SBassett_SHW_01.18.2026_LS,SHW,4054,9058,9069,150.98,151.16,11,0.2,0.5095,0.6165,791.1,0
SBassett_SHW_01.18.2026_LS,SHW,3955,8739,8739,145.66,145.66,1,0.02,0.6124,0.6124,3534.9,0
SBassett_SHW_01.18.2026_LS,SHW,5542,2356,2359,39.27,39.32,4,0.07,0.6063,0.6063,1481.9,0
SBassett_SHW_01.18.2026_LS,SHW,5637,7839,7839,130.66,130.66,1,0.02,0.6052,0.6052,1216.5,0
SBassett_SHW_01.18.2026_LS,SHW,5739,13683,13683,228.07,228.07,1,0.02,0.599,0.599,1072.7,0
SBassett_SHW_01.18.2026_LS,SHW,3729,7844,7844,130.74,130.74,1,0.02,0.5923,0.5923,1447.4,0
SBassett_SHW_01.18.2026_LS,SHW,5638,7843,7845,130.73,130.76,2,0.05,0.592,0.592,1335.8,0
SBassett_SHW_01.18.2026_LS,SHW,5575,5589,5589,93.16,93.16,1,0.02,0.5808,0.5808,2607.8,0
SBassett_SHW_01.18.2026_LS,SHW,4020,9018,9037,150.31,150.63,7,0.33,0.5144,0.5807,3489.7,0
SBassett_SHW_01.18.2026_LS,SHW,3909,8655,8670,144.26,144.51,5,0.27,0.578,0.578,5069.3,0
SBassett_SHW_01.18.2026_LS,SHW,4251,14826,14832,247.12,247.22,6,0.12,0.5205,0.5679,1200.1,0
SBassett_SHW_01.18.2026_LS,SHW,4223,14778,14778,246.32,246.32,1,0.02,0.5659,0.5659,800.2,0
SBassett_SHW_01.18.2026_LS,SHW,5764,14794,14795,246.59,246.6,2,0.03,0.5655,0.5655,1672.7,0
SBassett_SHW_01.18.2026_LS,SHW,3939,8719,8723,145.33,145.4,4,0.08,0.5591,0.5591,3314.6,0
SBassett_SHW_01.18.2026_LS,SHW,3942,8721,8721,145.36,145.36,1,0.02,0.5585,0.5585,1530.2,0
SBassett_SHW_01.18.2026_LS,SHW,4484,19935,19936,332.28,332.29,2,0.03,0.5537,0.5537,658.3,0
SBassett_SHW_01.18.2026_LS,SHW,3949,8726,8732,145.45,145.55,7,0.12,0.4907,0.5494,3238.7,0
SBassett_SHW_01.18.2026_LS,SHW,4238,14796,14798,246.62,246.65,3,0.05,0.5336,0.5336,1620.6,0
SBassett_SHW_01.18.2026_LS,SHW,3505,287,287,4.78,4.78,1,0.02,0.5324,0.5324,902.7,0
SBassett_SHW_01.18.2026_LS,SHW,4348,17389,17395,289.84,289.94,7,0.12,0.4565,0.531,2380.8,0
SBassett_SHW_01.18.2026_LS,SHW,3736,8116,8116,135.28,135.28,1,0.02,0.5278,0.5278,745.0,0
SBassett_SHW_01.18.2026_LS,SHW,3540,799,802,13.32,13.37,4,0.07,0.5224,0.5224,3648.3,0
SBassett_SHW_01.18.2026_LS,SHW,3547,1042,1045,17.37,17.42,3,0.07,0.5205,0.5205,8320.5,0
SBassett_SHW_01.18.2026_LS,SHW,3999,8997,9002,149.96,150.05,6,0.1,0.5001,0.5193,2562.2,0
SBassett_SHW_01.18.2026_LS,SHW,3900,8649,8650,144.16,144.18,2,0.03,0.5113,0.5113,1881.7,0
SBassett_SHW_01.18.2026_LS,SHW,3947,8725,8730,145.43,145.51,3,0.1,0.5112,0.5112,1020.5,0
SBassett_SHW_01.18.2026_LS,SHW,3925,8698,8702,144.98,145.05,4,0.08,0.5058,0.5058,734.1,0
SBassett_SHW_01.18.2026_LS,SHW,3867,8257,8257,137.63,137.63,1,0.02,0.5039,0.5039,864.1,0
SBassett_SHW_01.18.2026_LS,SHW,5558,3959,3965,65.99,66.09,6,0.12,0.4568,0.5034,1226.1,0
SBassett_SHW_01.18.2026_LS,SHW,4510,20122,20123,335.4,335.41,2,0.03,0.5017,0.5017,3285.9,0
SBassett_SHW_01.18.2026_LS,SHW,5566,4357,4391,72.62,73.19,6,0.58,0.4364,0.5009,1685.2,0
SBassett_SHW_01.18.2026_LS,SHW,5690,10155,10155,169.26,169.26,1,0.02,0.4958,0.4958,636.8,0
SBassett_SHW_01.18.2026_LS,SHW,3553,1071,1072,17.85,17.87,2,0.03,0.4929,0.4929,1264.1,0
SBassett_SHW_01.18.2026_LS,SHW,3718,7336,7337,122.28,122.29,2,0.03,0.4902,0.4902,1513.9,0
SBassett_SHW_01.18.2026_LS,SHW,3926,8699,8700,145.0,145.01,2,0.03,0.488,0.488,4882.4,0
SBassett_SHW_01.18.2026_LS,SHW,5531,1165,1168,19.42,19.47,2,0.07,0.4735,0.4735,1699.9,0
SBassett_SHW_01.18.2026_LS,SHW,4221,14773,14775,246.24,246.27,3,0.05,0.4665,0.4665,1136.4,0
SBassett_SHW_01.18.2026_LS,SHW,3940,8719,8720,145.33,145.35,2,0.03,0.4645,0.4645,1517.1,0
SBassett_SHW_01.18.2026_LS,SHW,4255,14830,14838,247.19,247.32,9,0.15,0.4228,0.4608,1449.3,0
SBassett_SHW_01.18.2026_LS,SHW,3912,8659,8659,144.33,144.33,1,0.02,0.4607,0.4607,7350.4,0
SBassett_SHW_01.18.2026_LS,SHW,3987,8962,8969,149.38,149.5,8,0.13,0.4241,0.4606,1245.2,0
SBassett_SHW_01.18.2026_LS,SHW,5556,3941,3947,65.69,65.79,6,0.12,0.4149,0.4509,783.6,0
SBassett_SHW_01.18.2026_LS,SHW,3559,1169,1171,19.48,19.52,3,0.05,0.4482,0.4482,1791.8,0
SBassett_SHW_01.18.2026_LS,SHW,3783,8177,8177,136.29,136.29,1,0.02,0.4444,0.4444,311.8,0
SBassett_SHW_01.18.2026_LS,SHW,5727,13011,13037,216.87,217.3,2,0.45,0.4382,0.4382,1175.3,0
SBassett_SHW_01.18.2026_LS,SHW,5564,4302,4320,71.71,72.01,6,0.32,0.3819,0.4272,1977.9,0
SBassett_SHW_01.18.2026_LS,SHW,5626,7334,7338,122.24,122.31,3,0.08,0.4257,0.4257,1617.1,0
SBassett_SHW_01.18.2026_LS,SHW,5886,20340,20346,339.03,339.13,5,0.12,0.4199,0.4199,1954.2,0
SBassett_SHW_01.18.2026_LS,SHW,3784,8179,8180,136.33,136.34,2,0.03,0.4196,0.4196,304.5,0
SBassett_SHW_01.18.2026_LS,SHW,3781,8176,8176,136.28,136.28,1,0.02,0.4188,0.4188,292.6,0
SBassett_SHW_01.18.2026_LS,SHW,3981,8956,8969,149.28,149.5,6,0.23,0.3971,0.4159,619.2,0
SBassett_SHW_01.18.2026_LS,SHW,5563,4140,4143,69.01,69.06,2,0.07,0.4137,0.4137,801.1,0
SBassett_SHW_01.18.2026_LS,SHW,3772,8168,8168,136.14,136.14,1,0.02,0.4127,0.4127,301.1,0
SBassett_SHW_01.18.2026_LS,SHW,5765,14794,14823,246.59,247.07,3,0.5,0.4112,0.4112,1698.4,0
SBassett_SHW_01.18.2026_LS,SHW,5602,6867,6887,114.46,114.79,2,0.35,0.4017,0.4017,1276.2,0
SBassett_SHW_01.18.2026_LS,SHW,5702,11701,11701,195.03,195.03,1,0.02,0.4001,0.4001,1363.0,0
SBassett_SHW_01.18.2026_LS,SHW,5631,7560,7562,126.01,126.04,2,0.05,0.3988,0.3988,1660.0,0
SBassett_SHW_01.18.2026_LS,SHW,5753,14120,14143,235.35,235.74,4,0.4,0.3947,0.3947,2347.6,0
SBassett_SHW_01.18.2026_LS,SHW,5519,448,454,7.47,7.57,6,0.12,0.3544,0.3928,1062.4,0
SBassett_SHW_01.18.2026_LS,SHW,5850,18229,18237,303.84,303.98,8,0.15,0.3206,0.3892,903.2,0
SBassett_SHW_01.18.2026_LS,SHW,5781,15506,15509,258.46,258.51,4,0.07,0.389,0.389,1442.0,0
SBassett_SHW_01.18.2026_LS,SHW,5750,14086,14087,234.79,234.8,2,0.03,0.3872,0.3872,4056.5,0
SBassett_SHW_01.18.2026_LS,SHW,3779,8173,8174,136.23,136.24,2,0.03,0.3867,0.3867,310.5,0
SBassett_SHW_01.18.2026_LS,SHW,5796,16407,16407,273.47,273.47,1,0.02,0.3844,0.3844,296.6,0
SBassett_SHW_01.18.2026_LS,SHW,5770,14913,14913,248.57,248.57,1,0.02,0.3812,0.3812,1055.2,0
SBassett_SHW_01.18.2026_LS,SHW,5724,12994,12997,216.59,216.64,2,0.07,0.3783,0.3783,1354.7,0
SBassett_SHW_01.18.2026_LS,SHW,3901,8650,8653,144.18,144.23,3,0.07,0.3767,0.3767,941.1,0
SBassett_SHW_01.18.2026_LS,SHW,4339,17336,17339,288.96,289.01,4,0.07,0.3766,0.3766,665.7,0
SBassett_SHW_01.18.2026_LS,SHW,4088,10022,10022,167.05,167.05,1,0.02,0.3657,0.3657,881.7,0
SBassett_SHW_01.18.2026_LS,SHW,5734,13541,13544,225.7,225.75,3,0.07,0.3628,0.3628,1497.5,0
SBassett_SHW_01.18.2026_LS,SHW,5608,6949,6949,115.83,115.83,1,0.02,0.359,0.359,579.3,0
SBassett_SHW_01.18.2026_LS,SHW,5719,12826,12827,213.78,213.8,2,0.03,0.3585,0.3585,753.0,0
SBassett_SHW_01.18.2026_LS,SHW,5780,15410,15413,256.86,256.91,3,0.07,0.3577,0.3577,1182.6,0
SBassett_SHW_01.18.2026_LS,SHW,3967,8813,8813,146.9,146.9,1,0.02,0.3561,0.3561,2269.9,0
SBassett_SHW_01.18.2026_LS,SHW,4402,17724,17724,295.43,295.43,1,0.02,0.351,0.351,1590.3,0
SBassett_SHW_01.18.2026_LS,SHW,5860,18445,18445,307.44,307.44,1,0.02,0.3509,0.3509,805.3,0
SBassett_SHW_01.18.2026_LS,SHW,5741,13707,13707,228.47,228.47,1,0.02,0.3507,0.3507,1774.2,0
SBassett_SHW_01.18.2026_LS,SHW,5842,18036,18036,300.63,300.63,1,0.02,0.3505,0.3505,1823.1,0
SBassett_SHW_01.18.2026_LS,SHW,5582,5846,5847,97.44,97.46,2,0.03,0.3504,0.3504,1574.7,0
SBassett_SHW_01.18.2026_LS,SHW,5544,3205,3251,53.42,54.19,7,0.78,0.2857,0.3498,1580.8,0
SBassett_SHW_01.18.2026_LS,SHW,5640,7969,7971,132.83,132.86,3,0.05,0.3492,0.3492,652.6,0
SBassett_SHW_01.18.2026_LS,SHW,4479,19899,19899,331.68,331.68,1,0.02,0.3488,0.3488,977.8,0
SBassett_SHW_01.18.2026_LS,SHW,5561,4019,4020,66.99,67.01,2,0.03,0.3486,0.3486,1513.0,0
SBassett_SHW_01.18.2026_LS,SHW,3800,8192,8192,136.54,136.54,1,0.02,0.344,0.344,265.7,0
SBassett_SHW_01.18.2026_LS,SHW,5861,18480,18480,308.03,308.03,1,0.02,0.3434,0.3434,1799.2,0
SBassett_SHW_01.18.2026_LS,SHW,3931,8707,8709,145.13,145.16,2,0.05,0.3425,0.3425,1287.7,0
SBassett_SHW_01.18.2026_LS,SHW,5661,8717,8724,145.3,145.41,4,0.13,0.3416,0.3416,2329.9,0
SBassett_SHW_01.18.2026_LS,SHW,5712,12750,12778,212.52,212.98,5,0.48,0.3403,0.3403,1217.3,0
SBassett_SHW_01.18.2026_LS,SHW,4321,17299,17301,288.34,288.37,2,0.05,0.3367,0.3367,528.7,0
SBassett_SHW_01.18.2026_LS,SHW,5823,17461,17466,291.04,291.12,2,0.1,0.3366,0.3366,1241.0,0
SBassett_SHW_01.18.2026_LS,SHW,5588,6182,6182,103.04,103.04,1,0.02,0.3356,0.3356,1143.0,0
SBassett_SHW_01.18.2026_LS,SHW,5522,725,737,12.08,12.28,5,0.22,0.332,0.332,1387.6,0
SBassett_SHW_01.18.2026_LS,SHW,5524,796,798,13.27,13.3,3,0.05,0.3303,0.3303,1305.8,0
SBassett_SHW_01.18.2026_LS,SHW,5766,14794,14795,246.59,246.6,2,0.03,0.3299,0.3299,1744.4,0
SBassett_SHW_01.18.2026_LS,SHW,5863,18569,18569,309.51,309.51,1,0.02,0.3272,0.3272,681.6,0
SBassett_SHW_01.18.2026_LS,SHW,5590,6331,6335,105.53,105.59,5,0.08,0.3224,0.3224,1438.3,0
SBassett_SHW_01.18.2026_LS,SHW,5562,4109,4109,68.49,68.49,1,0.02,0.3221,0.3221,4554.2,0
SBassett_SHW_01.18.2026_LS,SHW,5763,14757,14758,245.97,245.99,2,0.03,0.3218,0.3218,696.0,0
SBassett_SHW_01.18.2026_LS,SHW,5628,7425,7427,123.76,123.79,3,0.05,0.318,0.318,1972.0,0
SBassett_SHW_01.18.2026_LS,SHW,5869,18839,18839,314.01,314.01,1,0.02,0.3172,0.3172,443.0,0
SBassett_SHW_01.18.2026_LS,SHW,5547,3347,3348,55.79,55.8,2,0.03,0.3165,0.3165,2888.1,0
SBassett_SHW_01.18.2026_LS,SHW,5717,12802,12802,213.38,213.38,1,0.02,0.314,0.314,1032.3,0
SBassett_SHW_01.18.2026_LS,SHW,5708,12720,12720,212.02,212.02,1,0.02,0.3133,0.3133,1037.1,0
SBassett_SHW_01.18.2026_LS,SHW,5768,14856,14863,247.62,247.74,2,0.13,0.312,0.312,1020.3,0
SBassett_SHW_01.18.2026_LS,SHW,5536,2106,2119,35.1,35.32,2,0.23,0.3096,0.3096,1580.7,0
SBassett_SHW_01.18.2026_LS,SHW,5555,3872,3873,64.54,64.56,2,0.03,0.3083,0.3083,1704.1,0
SBassett_SHW_01.18.2026_LS,SHW,4011,9011,9012,150.2,150.21,2,0.03,0.3074,0.3074,2076.0,0
SBassett_SHW_01.18.2026_LS,SHW,5545,3303,3317,55.05,55.29,5,0.25,0.3066,0.3066,1527.5,0
SBassett_SHW_01.18.2026_LS,SHW,5521,478,479,7.97,7.98,2,0.03,0.3058,0.3058,1782.2,0
SBassett_SHW_01.18.2026_LS,SHW,5585,6001,6027,100.03,100.46,5,0.45,0.3025,0.3025,1294.0,0
SBassett_SHW_01.18.2026_LS,SHW,5762,14719,14722,245.34,245.39,2,0.07,0.3024,0.3024,1325.4,0
SBassett_SHW_01.18.2026_LS,SHW,5804,16980,16980,283.02,283.02,1,0.02,0.3016,0.3016,439.8,0
SBassett_SHW_01.18.2026_LS,SHW,5656,8634,8646,143.91,144.11,2,0.22,0.3002,0.3002,1103.3,0
SBassett_SHW_01.18.2026_LS,SHW,5880,20009,20009,333.51,333.51,1,0.02,0.2998,0.2998,587.5,0
SBassett_SHW_01.18.2026_LS,SHW,5858,18387,18410,306.48,306.86,5,0.4,0.2948,0.2948,2578.9,0
SBassett_SHW_01.18.2026_LS,SHW,5673,9005,9031,150.1,150.53,4,0.45,0.2924,0.2924,3090.8,0
SBassett_SHW_01.18.2026_LS,SHW,5641,7977,8007,132.96,133.46,3,0.52,0.2922,0.2922,1172.8,0
SBassett_SHW_01.18.2026_LS,SHW,5805,17013,17013,283.57,283.57,1,0.02,0.2912,0.2912,1215.5,0
SBassett_SHW_01.18.2026_LS,SHW,5660,8657,8657,144.3,144.3,1,0.02,0.2888,0.2888,1470.3,0
SBassett_SHW_01.18.2026_LS,SHW,5629,7483,7484,124.73,124.74,2,0.03,0.2882,0.2882,1805.5,0
SBassett_SHW_01.18.2026_LS,SHW,5682,9481,9484,158.03,158.08,4,0.07,0.2881,0.2881,1583.8,0
SBassett_SHW_01.18.2026_LS,SHW,5663,8718,8738,145.31,145.65,3,0.35,0.2867,0.2867,3857.2,0
SBassett_SHW_01.18.2026_LS,SHW,5535,1981,1982,33.02,33.04,2,0.03,0.2865,0.2865,1357.3,0
SBassett_SHW_01.18.2026_LS,SHW,5790,15971,15971,266.21,266.21,1,0.02,0.2845,0.2845,1140.1,0
SBassett_SHW_01.18.2026_LS,SHW,5643,8114,8123,135.24,135.39,5,0.17,0.2841,0.2841,789.5,0
SBassett_SHW_01.18.2026_LS,SHW,5657,8636,8679,143.95,144.66,7,0.73,0.2397,0.2835,3302.7,0
SBassett_SHW_01.18.2026_LS,SHW,5681,9473,9496,157.9,158.28,3,0.4,0.2808,0.2808,995.6,0
SBassett_SHW_01.18.2026_LS,SHW,5852,18247,18272,304.14,304.56,6,0.43,0.2524,0.2801,1118.2,0
SBassett_SHW_01.18.2026_LS,SHW,5878,19959,20022,332.68,333.73,15,1.07,0.2014,0.2792,725.1,0
SBassett_SHW_01.18.2026_LS,SHW,5622,7126,7126,118.78,118.78,1,0.02,0.2786,0.2786,1502.9,0
SBassett_SHW_01.18.2026_LS,SHW,5738,13674,13674,227.92,227.92,1,0.02,0.2783,0.2783,1729.9,0
SBassett_SHW_01.18.2026_LS,SHW,5538,2209,2210,36.82,36.84,2,0.03,0.2769,0.2769,783.5,0
SBassett_SHW_01.18.2026_LS,SHW,5716,12791,12793,213.2,213.23,2,0.05,0.2765,0.2765,3422.8,0
SBassett_SHW_01.18.2026_LS,SHW,5782,15516,15518,258.62,258.66,2,0.05,0.2765,0.2765,1519.6,0
SBassett_SHW_01.18.2026_LS,SHW,5714,12754,12754,212.58,212.58,1,0.02,0.2764,0.2764,1435.9,0
SBassett_SHW_01.18.2026_LS,SHW,5672,9003,9052,150.06,150.88,12,0.83,0.1887,0.2732,1608.6,0
SBassett_SHW_01.18.2026_LS,SHW,5721,12847,12847,214.13,214.13,1,0.02,0.2705,0.2705,888.5,0
SBassett_SHW_01.18.2026_LS,SHW,5667,8916,8970,148.61,149.51,19,0.92,0.1931,0.2694,641.9,0
SBassett_SHW_01.18.2026_LS,SHW,5771,15005,15005,250.1,250.1,1,0.02,0.2674,0.2674,1319.6,0
SBassett_SHW_01.18.2026_LS,SHW,5644,8122,8126,135.38,135.44,5,0.08,0.2658,0.2658,341.1,0
SBassett_SHW_01.18.2026_LS,SHW,5787,15778,15779,262.99,263.01,2,0.03,0.2652,0.2652,1666.1,0
SBassett_SHW_01.18.2026_LS,SHW,5819,17386,17457,289.79,290.97,12,1.2,0.2037,0.265,1744.6,0
SBassett_SHW_01.18.2026_LS,SHW,5722,12852,12883,214.22,214.73,4,0.53,0.2638,0.2638,1062.3,0
SBassett_SHW_01.18.2026_LS,SHW,5767,14795,14823,246.6,247.07,2,0.48,0.2638,0.2638,1482.3,0
SBassett_SHW_01.18.2026_LS,SHW,5773,15070,15071,251.19,251.2,2,0.03,0.2586,0.2586,767.2,0
SBassett_SHW_01.18.2026_LS,SHW,5798,16547,16547,275.81,275.81,1,0.02,0.2583,0.2583,544.3,0
SBassett_SHW_01.18.2026_LS,SHW,5747,13927,13943,232.14,232.4,6,0.28,0.2309,0.2522,836.2,0
SBassett_SHW_01.18.2026_LS,SHW,5784,15651,15651,260.87,260.87,1,0.02,0.2495,0.2495,2276.4,0
SBassett_SHW_01.18.2026_LS,SHW,5774,15157,15159,252.64,252.67,3,0.05,0.249,0.249,1251.2,0
SBassett_SHW_01.18.2026_LS,SHW,5834,17721,17725,295.38,295.44,3,0.08,0.2477,0.2477,1451.4,0
SBassett_SHW_01.18.2026_LS,SHW,5759,14577,14578,242.97,242.99,2,0.03,0.2471,0.2471,1067.0,0
SBassett_SHW_01.18.2026_LS,SHW,5624,7277,7279,121.29,121.33,2,0.05,0.2447,0.2447,994.0,0
SBassett_SHW_01.18.2026_LS,SHW,5825,17505,17534,291.77,292.26,3,0.5,0.2445,0.2445,883.9,0
SBassett_SHW_01.18.2026_LS,SHW,5671,9003,9093,150.06,151.56,19,1.52,0.1693,0.2438,1779.0,0
SBassett_SHW_01.18.2026_LS,SHW,5814,17306,17320,288.46,288.69,3,0.25,0.2432,0.2432,1752.4,0
SBassett_SHW_01.18.2026_LS,SHW,5517,261,261,4.35,4.35,1,0.02,0.2422,0.2422,816.6,0
SBassett_SHW_01.18.2026_LS,SHW,5769,14867,14867,247.8,247.8,1,0.02,0.2417,0.2417,1049.2,0
SBassett_SHW_01.18.2026_LS,SHW,5887,20466,20466,341.13,341.13,1,0.02,0.2413,0.2413,922.5,0
SBassett_SHW_01.18.2026_LS,SHW,5811,17274,17276,287.92,287.96,3,0.05,0.2412,0.2412,1707.5,0
SBassett_SHW_01.18.2026_LS,SHW,5559,3995,4004,66.59,66.74,2,0.17,0.2409,0.2409,2271.4,0
SBassett_SHW_01.18.2026_LS,SHW,5868,18823,18824,313.74,313.76,2,0.03,0.2406,0.2406,1398.1,0
SBassett_SHW_01.18.2026_LS,SHW,5755,14203,14203,236.74,236.74,1,0.02,0.2397,0.2397,775.1,0
SBassett_SHW_01.18.2026_LS,SHW,5824,17485,17486,291.44,291.46,2,0.03,0.2395,0.2395,366.3,0
SBassett_SHW_01.18.2026_LS,SHW,5662,8717,8717,145.3,145.3,1,0.02,0.239,0.239,1733.9,0
SBassett_SHW_01.18.2026_LS,SHW,5746,13873,13874,231.24,231.25,2,0.03,0.2387,0.2387,409.3,0
SBassett_SHW_01.18.2026_LS,SHW,5581,5835,5837,97.26,97.29,3,0.05,0.2375,0.2375,627.5,0
SBassett_SHW_01.18.2026_LS,SHW,5707,12663,12693,211.07,211.57,5,0.52,0.237,0.237,774.3,0
SBassett_SHW_01.18.2026_LS,SHW,5578,5723,5726,95.39,95.44,3,0.07,0.2366,0.2366,973.2,0
SBassett_SHW_01.18.2026_LS,SHW,5550,3616,3616,60.27,60.27,1,0.02,0.2363,0.2363,2201.2,0
SBassett_SHW_01.18.2026_LS,SHW,5786,15703,15703,261.74,261.74,1,0.02,0.2361,0.2361,1230.3,0
SBassett_SHW_01.18.2026_LS,SHW,5821,17414,17447,290.26,290.81,7,0.57,0.2078,0.2359,792.9,0
SBassett_SHW_01.18.2026_LS,SHW,5885,20266,20266,337.8,337.8,1,0.02,0.2344,0.2344,1310.6,0
SBassett_SHW_01.18.2026_LS,SHW,5720,12827,12827,213.8,213.8,1,0.02,0.234,0.234,709.7,0
SBassett_SHW_01.18.2026_LS,SHW,5856,18334,18345,305.59,305.78,4,0.2,0.233,0.233,717.0,0
SBassett_SHW_01.18.2026_LS,SHW,5604,6921,6930,115.36,115.51,3,0.17,0.2329,0.2329,810.2,0
SBassett_SHW_01.18.2026_LS,SHW,5614,6996,6998,116.61,116.64,3,0.05,0.2312,0.2312,802.1,0
SBassett_SHW_01.18.2026_LS,SHW,5833,17718,17720,295.33,295.36,3,0.05,0.2311,0.2311,519.9,0
SBassett_SHW_01.18.2026_LS,SHW,5873,19249,19280,320.84,321.36,3,0.53,0.2295,0.2295,882.9,0
SBassett_SHW_01.18.2026_LS,SHW,5696,11188,11188,186.48,186.48,1,0.02,0.2294,0.2294,1034.1,0
SBassett_SHW_01.18.2026_LS,SHW,5820,17412,17413,290.22,290.24,2,0.03,0.2284,0.2284,613.6,0
SBassett_SHW_01.18.2026_LS,SHW,5565,4318,4318,71.97,71.97,1,0.02,0.2269,0.2269,1964.1,0
SBassett_SHW_01.18.2026_LS,SHW,5598,6503,6507,108.39,108.46,4,0.08,0.2263,0.2263,1089.8,0
SBassett_SHW_01.18.2026_LS,SHW,5706,12647,12685,210.8,211.43,8,0.65,0.1813,0.2247,959.6,0
SBassett_SHW_01.18.2026_LS,SHW,5855,18314,18349,305.26,305.84,8,0.6,0.1827,0.2237,575.0,0
SBassett_SHW_01.18.2026_LS,SHW,5735,13563,13580,226.07,226.35,5,0.3,0.2209,0.2209,739.0,0
SBassett_SHW_01.18.2026_LS,SHW,5772,15014,15016,250.25,250.29,3,0.05,0.2206,0.2206,882.9,0
SBassett_SHW_01.18.2026_LS,SHW,5857,18358,18358,305.99,305.99,1,0.02,0.2206,0.2206,1061.4,0
SBassett_SHW_01.18.2026_LS,SHW,5776,15173,15203,252.9,253.4,2,0.52,0.2203,0.2203,1406.3,0
SBassett_SHW_01.18.2026_LS,SHW,5859,18426,18462,307.13,307.73,5,0.62,0.2194,0.2194,855.1,0
SBassett_SHW_01.18.2026_LS,SHW,5674,9031,9031,150.53,150.53,1,0.02,0.2185,0.2185,915.1,0
SBassett_SHW_01.18.2026_LS,SHW,5530,1040,1044,17.33,17.4,3,0.08,0.2177,0.2177,4764.5,0
SBassett_SHW_01.18.2026_LS,SHW,5526,874,874,14.57,14.57,1,0.02,0.2175,0.2175,2035.5,0
SBassett_SHW_01.18.2026_LS,SHW,5725,12996,12996,216.62,216.62,1,0.02,0.2169,0.2169,1657.7,0
SBassett_SHW_01.18.2026_LS,SHW,5609,6950,6950,115.84,115.84,1,0.02,0.2154,0.2154,651.8,0
SBassett_SHW_01.18.2026_LS,SHW,5676,9075,9098,151.26,151.65,5,0.4,0.214,0.214,4551.1,0
SBassett_SHW_01.18.2026_LS,SHW,5597,6496,6510,108.28,108.51,3,0.25,0.2136,0.2136,1219.1,0
SBassett_SHW_01.18.2026_LS,SHW,5752,14105,14115,235.1,235.27,4,0.18,0.2126,0.2126,4469.8,0
SBassett_SHW_01.18.2026_LS,SHW,5573,5539,5576,92.32,92.94,5,0.63,0.211,0.211,4356.4,0
SBassett_SHW_01.18.2026_LS,SHW,5839,17872,17872,297.89,297.89,1,0.02,0.2109,0.2109,851.6,0
SBassett_SHW_01.18.2026_LS,SHW,5700,11452,11452,190.88,190.88,1,0.02,0.2106,0.2106,538.5,0
SBassett_SHW_01.18.2026_LS,SHW,5645,8227,8229,137.13,137.16,3,0.05,0.2093,0.2093,968.7,0
SBassett_SHW_01.18.2026_LS,SHW,5843,18088,18094,301.49,301.59,4,0.12,0.2089,0.2089,722.1,0
SBassett_SHW_01.18.2026_LS,SHW,5623,7154,7159,119.24,119.33,2,0.1,0.2084,0.2084,1445.5,0
SBassett_SHW_01.18.2026_LS,SHW,5591,6355,6355,105.93,105.93,1,0.02,0.2076,0.2076,784.3,0
SBassett_SHW_01.18.2026_LS,SHW,5810,17263,17288,287.74,288.16,6,0.43,0.1974,0.2061,815.4,0
SBassett_SHW_01.18.2026_LS,SHW,5711,12739,12751,212.33,212.53,3,0.22,0.206,0.206,1425.6,0
SBassett_SHW_01.18.2026_LS,SHW,5830,17670,17675,294.53,294.61,5,0.1,0.206,0.206,511.5,0
SBassett_SHW_01.18.2026_LS,SHW,5594,6471,6510,107.86,108.51,7,0.67,0.1824,0.2058,1157.4,0
SBassett_SHW_01.18.2026_LS,SHW,5866,18761,18769,312.71,312.84,4,0.15,0.2046,0.2046,3185.6,0
SBassett_SHW_01.18.2026_LS,SHW,5607,6940,6945,115.68,115.76,2,0.1,0.2043,0.2043,700.9,0
SBassett_SHW_01.18.2026_LS,SHW,5723,12917,12919,215.3,215.33,2,0.05,0.2041,0.2041,1192.6,0
SBassett_SHW_01.18.2026_LS,SHW,5848,18181,18181,303.04,303.04,1,0.02,0.2037,0.2037,874.4,0
SBassett_SHW_01.18.2026_LS,SHW,5876,19898,19934,331.66,332.26,6,0.62,0.1891,0.2035,738.5,0
SBassett_SHW_01.18.2026_LS,SHW,5665,8868,8868,147.81,147.81,1,0.02,0.2034,0.2034,1312.8,0
SBassett_SHW_01.18.2026_LS,SHW,5611,6980,6981,116.34,116.36,2,0.03,0.2028,0.2028,1435.2,0
SBassett_SHW_01.18.2026_LS,SHW,5715,12784,12796,213.08,213.28,2,0.22,0.2024,0.2024,1410.6,0
SBassett_SHW_01.18.2026_LS,SHW,5601,6789,6789,113.16,113.16,1,0.02,0.201,0.201,1031.9,0
SBassett_SHW_01.18.2026_LS,SHW,5701,11491,11491,191.53,191.53,1,0.02,0.2007,0.2007,836.0,0
SBassett_SHW_01.18.2026_LS,SHW,5794,16227,16227,270.47,270.47,1,0.02,0.2002,0.2002,1844.0,0
SBassett_SHW_01.18.2026_LS,SHW,5728,13031,13031,217.2,217.2,1,0.02,0.2,0.2,719.5,0
SBassett_SHW_01.18.2026_LS,SHW,5801,16822,16827,280.39,280.47,3,0.1,0.199,0.199,1641.5,0
SBassett_SHW_01.18.2026_LS,SHW,5838,17870,17870,297.86,297.86,1,0.02,0.199,0.199,1551.1,0
SBassett_SHW_01.18.2026_LS,SHW,5730,13247,13250,220.8,220.85,3,0.07,0.1971,0.1971,1588.9,0
SBassett_SHW_01.18.2026_LS,SHW,5619,7035,7067,117.26,117.79,4,0.55,0.1963,0.1963,782.2,0
SBassett_SHW_01.18.2026_LS,SHW,5652,8332,8332,138.88,138.88,1,0.02,0.1963,0.1963,1570.8,0
SBassett_SHW_01.18.2026_LS,SHW,5617,7012,7034,116.88,117.24,6,0.38,0.1804,0.196,794.4,0
SBassett_SHW_01.18.2026_LS,SHW,5797,16486,16487,274.79,274.81,2,0.03,0.1958,0.1958,414.3,0
SBassett_SHW_01.18.2026_LS,SHW,5541,2241,2242,37.35,37.37,2,0.03,0.1945,0.1945,764.8,0
SBassett_SHW_01.18.2026_LS,SHW,5813,17302,17314,288.39,288.59,8,0.22,0.165,0.1935,498.5,0
SBassett_SHW_01.18.2026_LS,SHW,5649,8245,8245,137.43,137.43,1,0.02,0.1932,0.1932,855.6,0
SBassett_SHW_01.18.2026_LS,SHW,5537,2204,2207,36.74,36.79,2,0.07,0.1928,0.1928,904.2,0
SBassett_SHW_01.18.2026_LS,SHW,5845,18102,18102,301.73,301.73,1,0.02,0.1928,0.1928,537.7,0
SBassett_SHW_01.18.2026_LS,SHW,5642,8030,8031,133.84,133.86,2,0.03,0.1925,0.1925,787.4,0
SBassett_SHW_01.18.2026_LS,SHW,5514,137,146,2.28,2.43,9,0.17,0.1555,0.1891,576.0,0
SBassett_SHW_01.18.2026_LS,SHW,5653,8508,8510,141.81,141.85,2,0.05,0.189,0.189,714.3,0
SBassett_SHW_01.18.2026_LS,SHW,5511,31,55,0.52,0.92,8,0.42,0.1592,0.1889,644.1,0
SBassett_SHW_01.18.2026_LS,SHW,5744,13740,13748,229.02,229.15,3,0.15,0.1889,0.1889,1143.5,0
SBassett_SHW_01.18.2026_LS,SHW,5685,9857,9857,164.3,164.3,1,0.02,0.1877,0.1877,1809.9,0
SBassett_SHW_01.18.2026_LS,SHW,5595,6485,6485,108.09,108.09,1,0.02,0.1873,0.1873,803.2,0
SBassett_SHW_01.18.2026_LS,SHW,5525,837,850,13.95,14.17,2,0.23,0.1864,0.1864,5713.9,0
SBassett_SHW_01.18.2026_LS,SHW,5710,12733,12745,212.23,212.43,3,0.22,0.1864,0.1864,1228.2,0
SBassett_SHW_01.18.2026_LS,SHW,5633,7636,7645,127.28,127.43,5,0.17,0.1859,0.1859,1205.7,0
SBassett_SHW_01.18.2026_LS,SHW,5756,14213,14214,236.9,236.92,2,0.03,0.1853,0.1853,756.8,0
SBassett_SHW_01.18.2026_LS,SHW,5777,15284,15286,254.75,254.79,3,0.05,0.185,0.185,1506.3,0
SBassett_SHW_01.18.2026_LS,SHW,5733,13473,13473,224.57,224.57,1,0.02,0.1845,0.1845,1362.5,0
SBassett_SHW_01.18.2026_LS,SHW,5851,18229,18231,303.84,303.88,2,0.05,0.1839,0.1839,808.2,0
SBassett_SHW_01.18.2026_LS,SHW,5867,18812,18813,313.56,313.58,2,0.03,0.1833,0.1833,581.0,0
SBassett_SHW_01.18.2026_LS,SHW,5693,10554,10554,175.91,175.91,1,0.02,0.1831,0.1831,787.1,0
SBassett_SHW_01.18.2026_LS,SHW,5758,14308,14338,238.49,238.99,2,0.52,0.1828,0.1828,2011.4,0
SBassett_SHW_01.18.2026_LS,SHW,5816,17333,17333,288.91,288.91,1,0.02,0.1821,0.1821,509.7,0
SBassett_SHW_01.18.2026_LS,SHW,5695,11145,11176,185.77,186.28,4,0.53,0.1819,0.1819,1924.4,0
SBassett_SHW_01.18.2026_LS,SHW,5527,882,882,14.7,14.7,1,0.02,0.18,0.18,690.9,0
SBassett_SHW_01.18.2026_LS,SHW,5552,3741,3741,62.36,62.36,1,0.02,0.18,0.18,1338.8,0
SBassett_SHW_01.18.2026_LS,SHW,5592,6362,6362,106.04,106.04,1,0.02,0.1799,0.1799,2161.3,0
SBassett_SHW_01.18.2026_LS,SHW,5523,729,729,12.15,12.15,1,0.02,0.1796,0.1796,1251.4,0
SBassett_SHW_01.18.2026_LS,SHW,5807,17205,17205,286.77,286.77,1,0.02,0.1796,0.1796,481.1,0
SBassett_SHW_01.18.2026_LS,SHW,5669,8953,8970,149.23,149.51,4,0.3,0.1788,0.1788,929.0,0
SBassett_SHW_01.18.2026_LS,SHW,5748,13943,13955,232.4,232.6,2,0.22,0.1767,0.1767,1798.7,0
SBassett_SHW_01.18.2026_LS,SHW,5732,13450,13456,224.19,224.29,3,0.12,0.1757,0.1757,1440.4,0
SBassett_SHW_01.18.2026_LS,SHW,5680,9461,9472,157.7,157.88,4,0.2,0.1752,0.1752,1033.1,0
SBassett_SHW_01.18.2026_LS,SHW,5554,3839,3841,63.99,64.02,2,0.05,0.1748,0.1748,2271.0,0
SBassett_SHW_01.18.2026_LS,SHW,5698,11313,11335,188.57,188.93,2,0.38,0.1738,0.1738,1372.4,0
SBassett_SHW_01.18.2026_LS,SHW,5854,18303,18303,305.08,305.08,1,0.02,0.1738,0.1738,2262.8,0
SBassett_SHW_01.18.2026_LS,SHW,5726,13004,13010,216.75,216.85,2,0.12,0.1724,0.1724,842.0,0
SBassett_SHW_01.18.2026_LS,SHW,5872,19029,19029,317.18,317.18,1,0.02,0.1724,0.1724,734.7,0
SBassett_SHW_01.18.2026_LS,SHW,5704,12410,12411,206.85,206.87,2,0.03,0.1721,0.1721,1374.0,0
SBassett_SHW_01.18.2026_LS,SHW,5862,18511,18550,308.54,309.19,6,0.67,0.1612,0.1719,992.7,0
SBassett_SHW_01.18.2026_LS,SHW,5650,8255,8256,137.6,137.61,2,0.03,0.1713,0.1713,737.1,0
SBassett_SHW_01.18.2026_LS,SHW,5577,5706,5706,95.11,95.11,1,0.02,0.171,0.171,895.5,0
SBassett_SHW_01.18.2026_LS,SHW,5847,18169,18174,302.84,302.93,2,0.1,0.1709,0.1709,2411.4,0
SBassett_SHW_01.18.2026_LS,SHW,5874,19308,19308,321.83,321.83,1,0.02,0.1709,0.1709,803.4,0
SBassett_SHW_01.18.2026_LS,SHW,5829,17664,17667,294.43,294.48,2,0.07,0.17,0.17,391.1,0
SBassett_SHW_01.18.2026_LS,SHW,5625,7307,7307,121.79,121.79,1,0.02,0.1679,0.1679,2710.3,0
SBassett_SHW_01.18.2026_LS,SHW,5532,1452,1452,24.2,24.2,1,0.02,0.1649,0.1649,934.2,0
SBassett_SHW_01.18.2026_LS,SHW,5570,5473,5474,91.22,91.24,2,0.03,0.1648,0.1648,1364.1,0
SBassett_SHW_01.18.2026_LS,SHW,5742,13713,13739,228.57,229.0,5,0.45,0.1643,0.1643,587.1,0
SBassett_SHW_01.18.2026_LS,SHW,5882,20114,20114,335.26,335.26,1,0.02,0.1611,0.1611,1501.4,0
SBassett_SHW_01.18.2026_LS,SHW,5743,13729,13759,228.84,229.34,3,0.52,0.1607,0.1607,1576.1,0
SBassett_SHW_01.18.2026_LS,SHW,5621,7117,7117,118.63,118.63,1,0.02,0.1604,0.1604,1799.6,0
SBassett_SHW_01.18.2026_LS,SHW,5697,11294,11295,188.25,188.27,2,0.03,0.1599,0.1599,1321.6,0
SBassett_SHW_01.18.2026_LS,SHW,5815,17308,17308,288.49,288.49,1,0.02,0.1598,0.1598,1997.0,0
SBassett_SHW_01.18.2026_LS,SHW,5792,16117,16117,268.64,268.64,1,0.02,0.1573,0.1573,1532.4,0
SBassett_SHW_01.18.2026_LS,SHW,5828,17621,17621,293.71,293.71,1,0.02,0.1571,0.1571,402.6,0
SBassett_SHW_01.18.2026_LS,SHW,5549,3609,3609,60.16,60.16,1,0.02,0.1568,0.1568,2110.1,0
SBassett_SHW_01.18.2026_LS,SHW,5737,13588,13588,226.49,226.49,1,0.02,0.1565,0.1565,1925.4,0
SBassett_SHW_01.18.2026_LS,SHW,5576,5641,5641,94.02,94.02,1,0.02,0.156,0.156,3320.8,0
SBassett_SHW_01.18.2026_LS,SHW,5785,15697,15698,261.64,261.66,2,0.03,0.1556,0.1556,654.4,0
SBassett_SHW_01.18.2026_LS,SHW,5835,17722,17722,295.39,295.39,1,0.02,0.1555,0.1555,3081.7,0
SBassett_SHW_01.18.2026_LS,SHW,5548,3391,3391,56.52,56.52,1,0.02,0.1554,0.1554,2185.6,0
SBassett_SHW_01.18.2026_LS,SHW,5610,6969,6969,116.16,116.16,1,0.02,0.1552,0.1552,524.1,0
SBassett_SHW_01.18.2026_LS,SHW,5846,18159,18161,302.68,302.71,2,0.05,0.1552,0.1552,640.0,0
SBassett_SHW_01.18.2026_LS,SHW,5580,5783,5783,96.39,96.39,1,0.02,0.1551,0.1551,975.0,0
SBassett_SHW_01.18.2026_LS,SHW,5745,13809,13811,230.17,230.2,2,0.05,0.1538,0.1538,1671.8,0
SBassett_SHW_01.18.2026_LS,SHW,5817,17340,17348,289.02,289.16,7,0.15,0.1418,0.1533,426.3,0
SBassett_SHW_01.18.2026_LS,SHW,5718,12819,12840,213.67,214.02,6,0.37,0.146,0.1514,898.4,0
SBassett_SHW_01.18.2026_LS,SHW,5569,5442,5442,90.71,90.71,1,0.02,0.1507,0.1507,820.9,0
SBassett_SHW_01.18.2026_LS,SHW,5799,16547,16547,275.81,275.81,1,0.02,0.1507,0.1507,593.5,0
SBassett_SHW_01.18.2026_LS,SHW,5740,13703,13720,228.4,228.69,2,0.3,0.1506,0.1506,1216.0,0
SBassett_SHW_01.18.2026_LS,SHW,5808,17230,17231,287.19,287.21,2,0.03,0.1506,0.1506,901.8,0
SBassett_SHW_01.18.2026_LS,SHW,5822,17430,17430,290.52,290.52,1,0.02,0.1489,0.1489,2711.4,0
SBassett_SHW_01.18.2026_LS,SHW,5639,7848,7848,130.81,130.81,1,0.02,0.1485,0.1485,2511.4,0
SBassett_SHW_01.18.2026_LS,SHW,5593,6371,6372,106.19,106.21,2,0.03,0.1484,0.1484,833.1,0
SBassett_SHW_01.18.2026_LS,SHW,5636,7795,7795,129.93,129.93,1,0.02,0.1483,0.1483,1314.6,0
SBassett_SHW_01.18.2026_LS,SHW,5783,15634,15634,260.59,260.59,1,0.02,0.1482,0.1482,1255.4,0
SBassett_SHW_01.18.2026_LS,SHW,5584,5963,5963,99.39,99.39,1,0.02,0.1473,0.1473,1314.8,0
SBassett_SHW_01.18.2026_LS,SHW,5528,1027,1027,17.12,17.12,1,0.02,0.1469,0.1469,1039.0,0
SBassett_SHW_01.18.2026_LS,SHW,5587,6172,6172,102.88,102.88,1,0.02,0.1462,0.1462,1804.1,0
SBassett_SHW_01.18.2026_LS,SHW,5627,7391,7391,123.19,123.19,1,0.02,0.1457,0.1457,326.9,0
SBassett_SHW_01.18.2026_LS,SHW,5778,15297,15315,254.97,255.27,2,0.32,0.1455,0.1455,1519.5,0
SBassett_SHW_01.18.2026_LS,SHW,5651,8321,8322,138.7,138.71,2,0.03,0.1444,0.1444,782.1,0
SBassett_SHW_01.18.2026_LS,SHW,5705,12623,12655,210.4,210.93,5,0.55,0.1434,0.1434,923.4,0
SBassett_SHW_01.18.2026_LS,SHW,5879,19980,19980,333.03,333.03,1,0.02,0.1431,0.1431,750.9,0
SBassett_SHW_01.18.2026_LS,SHW,5818,17346,17368,289.12,289.49,3,0.38,0.1429,0.1429,688.9,0
SBassett_SHW_01.18.2026_LS,SHW,5729,13059,13059,217.67,217.67,1,0.02,0.1428,0.1428,809.7,0
SBassett_SHW_01.18.2026_LS,SHW,5659,8651,8651,144.2,144.2,1,0.02,0.1425,0.1425,6868.1,0
SBassett_SHW_01.18.2026_LS,SHW,5567,5408,5408,90.14,90.14,1,0.02,0.1381,0.1381,1555.4,0
SBassett_SHW_01.18.2026_LS,SHW,5516,202,205,3.37,3.42,2,0.07,0.1378,0.1378,757.0,0
SBassett_SHW_01.18.2026_LS,SHW,5589,6248,6248,104.14,104.14,1,0.02,0.1367,0.1367,1340.9,0
SBassett_SHW_01.18.2026_LS,SHW,5864,18594,18631,309.93,310.54,4,0.63,0.1365,0.1365,581.0,0
SBassett_SHW_01.18.2026_LS,SHW,5731,13398,13400,223.32,223.35,2,0.05,0.1358,0.1358,1134.8,0
SBassett_SHW_01.18.2026_LS,SHW,5620,7054,7058,117.58,117.64,2,0.08,0.1339,0.1339,542.0,0
SBassett_SHW_01.18.2026_LS,SHW,5557,3954,3954,65.91,65.91,1,0.02,0.1332,0.1332,817.0,0
SBassett_SHW_01.18.2026_LS,SHW,5664,8766,8766,146.11,146.11,1,0.02,0.133,0.133,760.5,0
SBassett_SHW_01.18.2026_LS,SHW,5699,11393,11393,189.9,189.9,1,0.02,0.1326,0.1326,1742.3,0
SBassett_SHW_01.18.2026_LS,SHW,5692,10361,10361,172.7,172.7,1,0.02,0.1325,0.1325,829.5,0
SBassett_SHW_01.18.2026_LS,SHW,5553,3800,3801,63.34,63.36,2,0.03,0.132,0.132,1223.4,0
SBassett_SHW_01.18.2026_LS,SHW,5596,6491,6491,108.19,108.19,1,0.02,0.1312,0.1312,886.6,0
SBassett_SHW_01.18.2026_LS,SHW,5677,9083,9090,151.4,151.51,2,0.13,0.1307,0.1307,1846.3,0
SBassett_SHW_01.18.2026_LS,SHW,5579,5767,5772,96.12,96.21,3,0.1,0.1305,0.1305,1310.9,0
SBassett_SHW_01.18.2026_LS,SHW,5831,17671,17671,294.54,294.54,1,0.02,0.1284,0.1284,604.5,0
SBassett_SHW_01.18.2026_LS,SHW,5865,18693,18693,311.58,311.58,1,0.02,0.1273,0.1273,630.0,0
SBassett_SHW_01.18.2026_LS,SHW,5612,6981,6981,116.36,116.36,1,0.02,0.1267,0.1267,1318.5,0
SBassett_SHW_01.18.2026_LS,SHW,5666,8908,8908,148.48,148.48,1,0.02,0.1263,0.1263,708.6,0
SBassett_SHW_01.18.2026_LS,SHW,5513,103,103,1.72,1.72,1,0.02,0.1259,0.1259,2352.6,0
SBassett_SHW_01.18.2026_LS,SHW,5802,16885,16885,281.44,281.44,1,0.02,0.1258,0.1258,391.5,0
SBassett_SHW_01.18.2026_LS,SHW,5775,15160,15161,252.69,252.7,2,0.03,0.1256,0.1256,898.7,0
SBassett_SHW_01.18.2026_LS,SHW,5510,10,10,0.17,0.17,1,0.02,0.1247,0.1247,449.1,0
SBassett_SHW_01.18.2026_LS,SHW,5795,16240,16240,270.69,270.69,1,0.02,0.1242,0.1242,1139.2,0
SBassett_SHW_01.18.2026_LS,SHW,5634,7707,7707,128.46,128.46,1,0.02,0.1239,0.1239,331.0,0
SBassett_SHW_01.18.2026_LS,SHW,5543,2364,2366,39.4,39.44,2,0.05,0.1235,0.1235,1843.4,0
SBassett_SHW_01.18.2026_LS,SHW,5560,4002,4002,66.71,66.71,1,0.02,0.123,0.123,3143.2,0
SBassett_SHW_01.18.2026_LS,SHW,5751,14096,14096,234.95,234.95,1,0.02,0.123,0.123,2078.1,0
SBassett_SHW_01.18.2026_LS,SHW,5599,6507,6531,108.46,108.86,2,0.42,0.1226,0.1226,1825.2,0
SBassett_SHW_01.18.2026_LS,SHW,5791,15980,15980,266.36,266.36,1,0.02,0.122,0.122,838.6,0
SBassett_SHW_01.18.2026_LS,SHW,5603,6895,6895,114.93,114.93,1,0.02,0.1217,0.1217,1882.8,0
SBassett_SHW_01.18.2026_LS,SHW,5760,14577,14577,242.97,242.97,1,0.02,0.1207,0.1207,844.8,0
SBassett_SHW_01.18.2026_LS,SHW,5870,18887,18887,314.81,314.81,1,0.02,0.1203,0.1203,1843.8,0
SBassett_SHW_01.18.2026_LS,SHW,5616,7003,7003,116.73,116.73,1,0.02,0.1201,0.1201,492.4,0
SBassett_SHW_01.18.2026_LS,SHW,5568,5411,5413,90.19,90.22,3,0.05,0.1196,0.1196,1580.1,0
SBassett_SHW_01.18.2026_LS,SHW,5703,12337,12337,205.63,205.63,1,0.02,0.1195,0.1195,1566.1,0
SBassett_SHW_01.18.2026_LS,SHW,5713,12750,12750,212.52,212.52,1,0.02,0.1195,0.1195,715.0,0
SBassett_SHW_01.18.2026_LS,SHW,5761,14652,14652,244.22,244.22,1,0.02,0.1194,0.1194,1153.0,0
SBassett_SHW_01.18.2026_LS,SHW,5800,16780,16780,279.69,279.69,1,0.02,0.1192,0.1192,2459.8,0
SBassett_SHW_01.18.2026_LS,SHW,5853,18270,18270,304.53,304.53,1,0.02,0.1188,0.1188,1000.9,0
SBassett_SHW_01.18.2026_LS,SHW,5618,7018,7030,116.98,117.18,4,0.22,0.1184,0.1184,740.0,0
SBassett_SHW_01.18.2026_LS,SHW,5840,17926,17926,298.79,298.79,1,0.02,0.1184,0.1184,321.1,0
SBassett_SHW_01.18.2026_LS,SHW,5837,17764,17764,296.09,296.09,1,0.02,0.1173,0.1173,1964.6,0
SBassett_SHW_01.18.2026_LS,SHW,5635,7787,7787,129.79,129.79,1,0.02,0.1172,0.1172,1608.9,0
SBassett_SHW_01.18.2026_LS,SHW,5630,7499,7499,124.99,124.99,1,0.02,0.1169,0.1169,1869.2,0
SBassett_SHW_01.18.2026_LS,SHW,5540,2227,2227,37.12,37.12,1,0.02,0.1168,0.1168,786.7,0
SBassett_SHW_01.18.2026_LS,SHW,5809,17257,17257,287.64,287.64,1,0.02,0.1163,0.1163,585.7,0
SBassett_SHW_01.18.2026_LS,SHW,5836,17722,17722,295.39,295.39,1,0.02,0.1163,0.1163,2699.3,0
SBassett_SHW_01.18.2026_LS,SHW,5688,10026,10032,167.11,167.21,2,0.12,0.1148,0.1148,1014.3,0
SBassett_SHW_01.18.2026_LS,SHW,5779,15373,15374,256.24,256.26,2,0.03,0.1147,0.1147,775.6,0
SBassett_SHW_01.18.2026_LS,SHW,5691,10281,10281,171.36,171.36,1,0.02,0.1146,0.1146,2152.9,0
SBassett_SHW_01.18.2026_LS,SHW,5615,7002,7002,116.71,116.71,1,0.02,0.1132,0.1132,1873.1,0
SBassett_SHW_01.18.2026_LS,SHW,5749,14033,14053,233.9,234.24,2,0.35,0.1132,0.1132,258.3,0
SBassett_SHW_01.18.2026_LS,SHW,5877,19900,19927,331.69,332.14,2,0.47,0.1129,0.1129,863.3,0
SBassett_SHW_01.18.2026_LS,SHW,5841,17942,17942,299.06,299.06,1,0.02,0.1126,0.1126,967.9,0
SBassett_SHW_01.18.2026_LS,SHW,5679,9380,9380,156.35,156.35,1,0.02,0.1118,0.1118,900.9,0
SBassett_SHW_01.18.2026_LS,SHW,5793,16117,16117,268.64,268.64,1,0.02,0.1117,0.1117,1506.4,0
SBassett_SHW_01.18.2026_LS,SHW,5571,5536,5536,92.27,92.27,1,0.02,0.1108,0.1108,1641.7,0
SBassett_SHW_01.18.2026_LS,SHW,5694,10786,10786,179.78,179.78,1,0.02,0.11,0.11,2072.2,0
SBassett_SHW_01.18.2026_LS,SHW,5803,16886,16886,281.46,281.46,1,0.02,0.1099,0.1099,695.6,0
SBassett_SHW_01.18.2026_LS,SHW,5572,5536,5536,92.27,92.27,1,0.02,0.1092,0.1092,1317.2,0
SBassett_SHW_01.18.2026_LS,SHW,5668,8949,8949,149.16,149.16,1,0.02,0.1091,0.1091,832.9,0
SBassett_SHW_01.18.2026_LS,SHW,5683,9496,9496,158.28,158.28,1,0.02,0.1086,0.1086,2023.5,0
SBassett_SHW_01.18.2026_LS,SHW,5689,10066,10066,167.78,167.78,1,0.02,0.1086,0.1086,938.1,0
SBassett_SHW_01.18.2026_LS,SHW,5632,7622,7622,127.04,127.04,1,0.02,0.1079,0.1079,757.6,0
SBassett_SHW_01.18.2026_LS,SHW,5884,20232,20232,337.23,337.23,1,0.02,0.1077,0.1077,965.6,0
SBassett_SHW_01.18.2026_LS,SHW,5687,9979,9979,166.33,166.33,1,0.02,0.1076,0.1076,457.3,0
SBassett_SHW_01.18.2026_LS,SHW,5754,14158,14158,235.99,235.99,1,0.02,0.107,0.107,1018.0,0
SBassett_SHW_01.18.2026_LS,SHW,5534,1931,1931,32.19,32.19,1,0.02,0.1068,0.1068,779.3,0
SBassett_SHW_01.18.2026_LS,SHW,5551,3729,3729,62.16,62.16,1,0.02,0.1066,0.1066,1185.2,0
SBassett_SHW_01.18.2026_LS,SHW,5883,20114,20114,335.26,335.26,1,0.02,0.1065,0.1065,1420.5,0
SBassett_SHW_01.18.2026_LS,SHW,5605,6922,6922,115.38,115.38,1,0.02,0.1052,0.1052,824.4,0
SBassett_SHW_01.18.2026_LS,SHW,5520,471,471,7.85,7.85,1,0.02,0.1051,0.1051,1617.0,0
SBassett_SHW_01.18.2026_LS,SHW,5583,5932,5932,98.88,98.88,1,0.02,0.1051,0.1051,1309.0,0
SBassett_SHW_01.18.2026_LS,SHW,5826,17505,17505,291.77,291.77,1,0.02,0.1048,0.1048,801.7,0
SBassett_SHW_01.18.2026_LS,SHW,5806,17192,17192,286.56,286.56,1,0.02,0.1045,0.1045,1097.1,0
SBassett_SHW_01.18.2026_LS,SHW,5844,18092,18092,301.56,301.56,1,0.02,0.103,0.103,760.8,0
SBassett_SHW_01.18.2026_LS,SHW,5871,18964,18964,316.09,316.09,1,0.02,0.103,0.103,858.9,0
SBassett_SHW_01.18.2026_LS,SHW,5539,2209,2209,36.82,36.82,1,0.02,0.1029,0.1029,749.2,0
SBassett_SHW_01.18.2026_LS,SHW,5574,5588,5588,93.14,93.14,1,0.02,0.1026,0.1026,437.2,0
SBassett_SHW_01.18.2026_LS,SHW,5533,1894,1894,31.57,31.57,1,0.02,0.1024,0.1024,2352.8,0
SBassett_SHW_01.18.2026_LS,SHW,5678,9090,9090,151.51,151.51,1,0.02,0.1023,0.1023,1994.7,0
SBassett_SHW_01.18.2026_LS,SHW,5515,180,182,3.0,3.03,2,0.05,0.102,0.102,930.7,0
SBassett_SHW_01.18.2026_LS,SHW,5606,6922,6922,115.38,115.38,1,0.02,0.102,0.102,801.8,0
SBassett_SHW_01.18.2026_LS,SHW,5675,9051,9051,150.86,150.86,1,0.02,0.102,0.102,422.4,0
SBassett_SHW_01.18.2026_LS,SHW,5512,99,99,1.65,1.65,1,0.02,0.1019,0.1019,616.7,0
SBassett_SHW_01.18.2026_LS,SHW,5684,9653,9653,160.9,160.9,1,0.02,0.1017,0.1017,950.9,0
SBassett_SHW_01.18.2026_LS,SHW,5736,13585,13585,226.44,226.44,1,0.02,0.1008,0.1008,668.7,0
SBassett_SHW_01.18.2026_LS,SHW,5757,14248,14248,237.49,237.49,1,0.02,0.1007,0.1007,1228.5,0
SBassett_SHW_01.18.2026_LS,SHW,5613,6991,6991,116.53,116.53,1,0.02,0.1006,0.1006,646.1,0
SBassett_SHW_01.18.2026_LS,SHW,5789,15960,15960,266.02,266.02,1,0.02,0.1003,0.1003,854.6,0
Upper40_TON_12.03.25_LS,TON,5783,1813,1842,30.22,30.7,17,0.5,0.5481,0.6901,1972.6,1
Upper40_TON_12.03.25_LS,TON,4599,2423,2454,40.38,40.9,31,0.53,0.5518,0.6798,1101.7,1
Upper40_TON_12.03.25_LS,TON,4710,6564,6609,109.4,110.15,32,0.77,0.3396,0.4136,574.1,1
Upper40_TON_12.03.25_LS,TON,5843,6540,6628,109.0,110.47,34,1.48,0.2196,0.3443,553.2,1
Upper40_TON_12.03.25_LS,TON,4685,5518,5522,91.97,92.03,5,0.08,0.6919,0.6919,605.5,0
Upper40_TON_12.03.25_LS,TON,4598,2421,2421,40.35,40.35,1,0.02,0.6641,0.6641,1356.1,0
Upper40_TON_12.03.25_LS,TON,4573,1832,1832,30.53,30.53,1,0.02,0.6545,0.6545,2538.9,0
Upper40_TON_12.03.25_LS,TON,5819,4330,4331,72.17,72.18,2,0.03,0.6409,0.6409,1392.6,0
Upper40_TON_12.03.25_LS,TON,5769,1093,1093,18.22,18.22,1,0.02,0.6301,0.6301,2742.0,0
Upper40_TON_12.03.25_LS,TON,4615,2763,2763,46.05,46.05,1,0.02,0.6284,0.6284,1155.6,0
Upper40_TON_12.03.25_LS,TON,5818,4306,4322,71.77,72.03,17,0.28,0.4243,0.6224,747.0,0
Upper40_TON_12.03.25_LS,TON,5785,1839,1839,30.65,30.65,1,0.02,0.6125,0.6125,1850.6,0
Upper40_TON_12.03.25_LS,TON,4667,4832,4832,80.53,80.53,1,0.02,0.6006,0.6006,854.9,0
Upper40_TON_12.03.25_LS,TON,5816,4125,4125,68.75,68.75,1,0.02,0.5709,0.5709,1967.2,0
Upper40_TON_12.03.25_LS,TON,5802,2757,2767,45.95,46.12,9,0.18,0.4247,0.5507,1366.6,0
Upper40_TON_12.03.25_LS,TON,4601,2429,2429,40.48,40.48,1,0.02,0.5415,0.5415,2871.7,0
Upper40_TON_12.03.25_LS,TON,4525,738,738,12.3,12.3,1,0.02,0.5351,0.5351,1053.9,0
Upper40_TON_12.03.25_LS,TON,5828,5020,5027,83.67,83.78,8,0.13,0.4121,0.5315,608.9,0
Upper40_TON_12.03.25_LS,TON,4640,4208,4208,70.13,70.13,1,0.02,0.5175,0.5175,512.4,0
Upper40_TON_12.03.25_LS,TON,4551,1488,1488,24.8,24.8,1,0.02,0.5144,0.5144,3230.8,0
Upper40_TON_12.03.25_LS,TON,4698,6512,6512,108.53,108.53,1,0.02,0.4987,0.4987,1477.6,0
Upper40_TON_12.03.25_LS,TON,5762,737,739,12.28,12.32,2,0.05,0.4902,0.4902,1008.5,0
Upper40_TON_12.03.25_LS,TON,4754,6665,6665,111.08,111.08,1,0.02,0.479,0.479,1827.8,0
Upper40_TON_12.03.25_LS,TON,5771,1136,1136,18.93,18.93,1,0.02,0.473,0.473,635.0,0
Upper40_TON_12.03.25_LS,TON,5805,3642,3642,60.7,60.7,1,0.02,0.4629,0.4629,983.1,0
Upper40_TON_12.03.25_LS,TON,4745,6615,6626,110.25,110.43,12,0.2,0.3924,0.4522,490.3,0
Upper40_TON_12.03.25_LS,TON,5793,2358,2361,39.3,39.35,4,0.07,0.4368,0.4368,2208.4,0
Upper40_TON_12.03.25_LS,TON,4693,6485,6488,108.08,108.13,2,0.07,0.4238,0.4238,1680.2,0
Upper40_TON_12.03.25_LS,TON,5822,4714,4724,78.57,78.73,7,0.18,0.341,0.4211,948.6,0
Upper40_TON_12.03.25_LS,TON,5790,2294,2305,38.23,38.42,8,0.2,0.3113,0.4208,1124.3,0
Upper40_TON_12.03.25_LS,TON,4579,1987,1987,33.12,33.12,1,0.02,0.4143,0.4143,986.0,0
Upper40_TON_12.03.25_LS,TON,5796,2415,2422,40.25,40.37,7,0.13,0.3191,0.3964,1163.2,0
Upper40_TON_12.03.25_LS,TON,5763,743,744,12.38,12.4,2,0.03,0.3905,0.3905,876.7,0
Upper40_TON_12.03.25_LS,TON,5760,733,733,12.22,12.22,1,0.02,0.3834,0.3834,651.5,0
Upper40_TON_12.03.25_LS,TON,4724,6577,6584,109.62,109.73,7,0.13,0.3645,0.3784,568.5,0
Upper40_TON_12.03.25_LS,TON,5779,1483,1490,24.72,24.83,5,0.13,0.3779,0.3779,3174.5,0
Upper40_TON_12.03.25_LS,TON,5829,5027,5044,83.78,84.07,2,0.3,0.3734,0.3734,748.3,0
Upper40_TON_12.03.25_LS,TON,5817,4192,4209,69.87,70.15,7,0.3,0.33,0.3656,879.1,0
Upper40_TON_12.03.25_LS,TON,5784,1826,1829,30.43,30.48,2,0.07,0.3519,0.3519,1903.3,0
Upper40_TON_12.03.25_LS,TON,5834,5517,5523,91.95,92.05,2,0.12,0.3256,0.3256,388.4,0
Upper40_TON_12.03.25_LS,TON,5788,1986,1986,33.1,33.1,1,0.02,0.3227,0.3227,954.7,0
Upper40_TON_12.03.25_LS,TON,5806,3848,3851,64.13,64.18,4,0.07,0.3134,0.3134,821.0,0
Upper40_TON_12.03.25_LS,TON,5801,2713,2713,45.22,45.22,1,0.02,0.3126,0.3126,1131.5,0
Upper40_TON_12.03.25_LS,TON,5765,855,855,14.25,14.25,1,0.02,0.3101,0.3101,499.3,0
Upper40_TON_12.03.25_LS,TON,5799,2455,2456,40.92,40.93,2,0.03,0.3079,0.3079,887.1,0
Upper40_TON_12.03.25_LS,TON,5786,1849,1849,30.82,30.82,1,0.02,0.3076,0.3076,1890.8,0
Upper40_TON_12.03.25_LS,TON,5800,2527,2527,42.12,42.12,1,0.02,0.3062,0.3062,1390.0,0
Upper40_TON_12.03.25_LS,TON,5776,1320,1325,22.0,22.08,3,0.1,0.3055,0.3055,1001.8,0
Upper40_TON_12.03.25_LS,TON,5815,4109,4109,68.48,68.48,1,0.02,0.3003,0.3003,1489.5,0
Upper40_TON_12.03.25_LS,TON,5814,4072,4074,67.87,67.9,2,0.05,0.2952,0.2952,688.2,0
Upper40_TON_12.03.25_LS,TON,5798,2448,2448,40.8,40.8,1,0.02,0.2886,0.2886,918.9,0
Upper40_TON_12.03.25_LS,TON,5835,5809,5810,96.82,96.83,2,0.03,0.2799,0.2799,2156.2,0
Upper40_TON_12.03.25_LS,TON,5795,2390,2390,39.83,39.83,1,0.02,0.2749,0.2749,916.8,0
Upper40_TON_12.03.25_LS,TON,5789,2189,2208,36.48,36.8,2,0.33,0.2744,0.2744,1666.5,0
Upper40_TON_12.03.25_LS,TON,5827,5009,5013,83.48,83.55,3,0.08,0.2712,0.2712,606.2,0
Upper40_TON_12.03.25_LS,TON,5770,1122,1124,18.7,18.73,2,0.05,0.267,0.267,734.2,0
Upper40_TON_12.03.25_LS,TON,5830,5040,5043,84.0,84.05,4,0.07,0.2645,0.2645,878.2,0
Upper40_TON_12.03.25_LS,TON,5804,3635,3635,60.58,60.58,1,0.02,0.2601,0.2601,673.1,0
Upper40_TON_12.03.25_LS,TON,5775,1296,1297,21.6,21.62,2,0.03,0.2522,0.2522,1088.6,0
Upper40_TON_12.03.25_LS,TON,5781,1608,1611,26.8,26.85,3,0.07,0.2522,0.2522,796.5,0
Upper40_TON_12.03.25_LS,TON,5848,6627,6666,110.45,111.1,7,0.67,0.2257,0.2519,2270.6,0
Upper40_TON_12.03.25_LS,TON,5794,2363,2363,39.38,39.38,1,0.02,0.2518,0.2518,727.9,0
Upper40_TON_12.03.25_LS,TON,5842,6522,6524,108.7,108.73,2,0.05,0.2496,0.2496,975.4,0
Upper40_TON_12.03.25_LS,TON,5826,4877,4878,81.28,81.3,2,0.03,0.2334,0.2334,627.6,0
Upper40_TON_12.03.25_LS,TON,5833,5263,5263,87.72,87.72,1,0.02,0.2193,0.2193,2058.5,0
Upper40_TON_12.03.25_LS,TON,5759,572,572,9.53,9.53,1,0.02,0.2187,0.2187,937.5,0
Upper40_TON_12.03.25_LS,TON,5840,6483,6511,108.05,108.52,9,0.48,0.1898,0.2184,1584.2,0
Upper40_TON_12.03.25_LS,TON,5810,4028,4031,67.13,67.18,3,0.07,0.2158,0.2158,622.8,0
Upper40_TON_12.03.25_LS,TON,5807,3865,3865,64.42,64.42,1,0.02,0.2128,0.2128,645.6,0
Upper40_TON_12.03.25_LS,TON,5844,6556,6613,109.27,110.22,18,0.97,0.1509,0.2083,562.5,0
Upper40_TON_12.03.25_LS,TON,5764,755,755,12.58,12.58,1,0.02,0.2065,0.2065,2045.7,0
Upper40_TON_12.03.25_LS,TON,5767,1018,1019,16.97,16.98,2,0.03,0.2013,0.2013,721.4,0
Upper40_TON_12.03.25_LS,TON,5777,1369,1369,22.82,22.82,1,0.02,0.2,0.2,365.5,0
Upper40_TON_12.03.25_LS,TON,5754,27,36,0.45,0.6,2,0.17,0.1986,0.1986,2201.6,0
Upper40_TON_12.03.25_LS,TON,5772,1141,1142,19.02,19.03,2,0.03,0.1976,0.1976,462.9,0
Upper40_TON_12.03.25_LS,TON,5825,4830,4831,80.5,80.52,2,0.03,0.1918,0.1918,867.2,0
Upper40_TON_12.03.25_LS,TON,5766,942,943,15.7,15.72,2,0.03,0.1917,0.1917,1036.1,0
Upper40_TON_12.03.25_LS,TON,5823,4718,4718,78.63,78.63,1,0.02,0.1915,0.1915,1779.4,0
Upper40_TON_12.03.25_LS,TON,5811,4036,4037,67.27,67.28,2,0.03,0.1904,0.1904,1558.4,0
Upper40_TON_12.03.25_LS,TON,5780,1483,1492,24.72,24.87,2,0.17,0.1897,0.1897,1008.2,0
Upper40_TON_12.03.25_LS,TON,5832,5089,5089,84.82,84.82,1,0.02,0.1894,0.1894,1198.1,0
Upper40_TON_12.03.25_LS,TON,5778,1458,1458,24.3,24.3,1,0.02,0.1887,0.1887,864.9,0
Upper40_TON_12.03.25_LS,TON,5803,2761,2762,46.02,46.03,2,0.03,0.188,0.188,1818.6,0
Upper40_TON_12.03.25_LS,TON,5792,2353,2355,39.22,39.25,2,0.05,0.1784,0.1784,1574.2,0
Upper40_TON_12.03.25_LS,TON,5808,3940,3941,65.67,65.68,2,0.03,0.1781,0.1781,872.9,0
Upper40_TON_12.03.25_LS,TON,5809,4019,4022,66.98,67.03,2,0.07,0.1756,0.1756,590.9,0
Upper40_TON_12.03.25_LS,TON,5847,6572,6573,109.53,109.55,2,0.03,0.1756,0.1756,1140.9,0
Upper40_TON_12.03.25_LS,TON,5787,1923,1923,32.05,32.05,1,0.02,0.1733,0.1733,883.0,0
Upper40_TON_12.03.25_LS,TON,5756,223,223,3.72,3.72,1,0.02,0.1662,0.1662,1017.5,0
Upper40_TON_12.03.25_LS,TON,5768,1046,1047,17.43,17.45,2,0.03,0.1638,0.1638,1395.6,0
Upper40_TON_12.03.25_LS,TON,5757,313,313,5.22,5.22,1,0.02,0.1633,0.1633,1604.5,0
Upper40_TON_12.03.25_LS,TON,5837,5954,5956,99.23,99.27,3,0.05,0.16,0.16,550.5,0
Upper40_TON_12.03.25_LS,TON,5791,2320,2320,38.67,38.67,1,0.02,0.1552,0.1552,1666.9,0
Upper40_TON_12.03.25_LS,TON,5839,6458,6458,107.63,107.63,1,0.02,0.152,0.152,1269.9,0
Upper40_TON_12.03.25_LS,TON,5812,4054,4055,67.57,67.58,2,0.03,0.1506,0.1506,1131.2,0
Upper40_TON_12.03.25_LS,TON,5813,4064,4064,67.73,67.73,1,0.02,0.1478,0.1478,1053.3,0
Upper40_TON_12.03.25_LS,TON,5841,6517,6535,108.62,108.92,5,0.32,0.1441,0.1441,1066.4,0
Upper40_TON_12.03.25_LS,TON,5774,1260,1260,21.0,21.0,1,0.02,0.1436,0.1436,1183.7,0
Upper40_TON_12.03.25_LS,TON,5761,736,736,12.27,12.27,1,0.02,0.142,0.142,704.0,0
Upper40_TON_12.03.25_LS,TON,5836,5943,5943,99.05,99.05,1,0.02,0.1396,0.1396,502.0,0
Upper40_TON_12.03.25_LS,TON,5797,2416,2422,40.27,40.37,2,0.12,0.1341,0.1341,1289.9,0
Upper40_TON_12.03.25_LS,TON,5845,6562,6613,109.37,110.22,8,0.87,0.1228,0.1331,543.9,0
Upper40_TON_12.03.25_LS,TON,5850,6671,6671,111.18,111.18,1,0.02,0.1283,0.1283,1131.6,0
Upper40_TON_12.03.25_LS,TON,5820,4334,4334,72.23,72.23,1,0.02,0.1271,0.1271,852.5,0
Upper40_TON_12.03.25_LS,TON,5755,68,68,1.13,1.13,1,0.02,0.1256,0.1256,860.0,0
Upper40_TON_12.03.25_LS,TON,5831,5062,5062,84.37,84.37,1,0.02,0.1202,0.1202,1119.0,0
Upper40_TON_12.03.25_LS,TON,5838,6366,6366,106.1,106.1,1,0.02,0.1197,0.1197,719.1,0
Upper40_TON_12.03.25_LS,TON,5821,4460,4460,74.33,74.33,1,0.02,0.1137,0.1137,904.2,0
Upper40_TON_12.03.25_LS,TON,5846,6563,6563,109.38,109.38,1,0.02,0.1096,0.1096,536.4,0
Upper40_TON_12.03.25_LS,TON,5824,4806,4806,80.1,80.1,1,0.02,0.107,0.107,1124.0,0
Upper40_TON_12.03.25_LS,TON,5758,558,559,9.3,9.32,2,0.03,0.1061,0.1061,951.8,0
Upper40_TON_12.03.25_LS,TON,5849,6630,6630,110.5,110.5,1,0.02,0.1059,0.1059,551.2,0
Upper40_TON_12.03.25_LS,TON,5773,1147,1147,19.12,19.12,1,0.02,0.1054,0.1054,591.1,0
Upper40_TON_12.03.25_LS,TON,5782,1711,1711,28.52,28.52,1,0.02,0.1003,0.1003,742.4,0
ChipsRd_TON_12.03.25_LS,TON,68,1238,1262,20.63,21.03,21,0.42,0.475,0.6638,1467.3,1
ChipsRd_TON_12.03.25_LS,TON,220,8582,8604,143.03,143.4,18,0.38,0.3761,0.4972,801.5,1
ChipsRd_TON_12.03.25_LS,TON,1357,8570,8606,142.83,143.43,18,0.62,0.2358,0.3579,664.0,1
ChipsRd_TON_12.03.25_LS,TON,1262,1174,1267,19.57,21.12,24,1.57,0.2095,0.346,1151.5,1
ChipsRd_TON_12.03.25_LS,TON,1241,473,518,7.88,8.63,9,0.77,0.2416,0.3281,798.7,1
ChipsRd_TON_12.03.25_LS,TON,195,8016,8016,133.6,133.6,1,0.02,0.6752,0.6752,590.9,0
ChipsRd_TON_12.03.25_LS,TON,57,1177,1190,19.62,19.83,8,0.23,0.4926,0.5659,982.8,0
ChipsRd_TON_12.03.25_LS,TON,54,1100,1107,18.33,18.45,5,0.13,0.5189,0.5189,1264.0,0
ChipsRd_TON_12.03.25_LS,TON,158,4021,4022,67.02,67.03,2,0.03,0.5163,0.5163,682.2,0
ChipsRd_TON_12.03.25_LS,TON,19,489,494,8.15,8.23,5,0.1,0.5031,0.5031,943.1,0
ChipsRd_TON_12.03.25_LS,TON,1343,7922,7922,132.03,132.03,1,0.02,0.4642,0.4642,1181.0,0
ChipsRd_TON_12.03.25_LS,TON,93,1503,1503,25.05,25.05,1,0.02,0.4526,0.4526,275.4,0
ChipsRd_TON_12.03.25_LS,TON,116,2588,2588,43.13,43.13,1,0.02,0.4479,0.4479,1434.5,0
ChipsRd_TON_12.03.25_LS,TON,236,8670,8671,144.5,144.51,2,0.03,0.4422,0.4422,1334.1,0
ChipsRd_TON_12.03.25_LS,TON,205,8188,8188,136.46,136.46,1,0.02,0.4325,0.4325,664.9,0
ChipsRd_TON_12.03.25_LS,TON,200,8040,8046,134.0,134.1,3,0.12,0.4264,0.4264,619.3,0
ChipsRd_TON_12.03.25_LS,TON,1354,8432,8432,140.53,140.53,1,0.02,0.4241,0.4241,450.3,0
ChipsRd_TON_12.03.25_LS,TON,1279,1643,1645,27.38,27.42,3,0.05,0.421,0.421,388.9,0
ChipsRd_TON_12.03.25_LS,TON,1251,781,784,13.02,13.07,4,0.07,0.3881,0.3881,346.4,0
ChipsRd_TON_12.03.25_LS,TON,44,987,987,16.45,16.45,1,0.02,0.387,0.387,572.0,0
ChipsRd_TON_12.03.25_LS,TON,1273,1502,1502,25.03,25.03,1,0.02,0.3824,0.3824,294.3,0
ChipsRd_TON_12.03.25_LS,TON,86,1496,1497,24.93,24.95,2,0.03,0.369,0.369,258.0,0
ChipsRd_TON_12.03.25_LS,TON,7,464,465,7.73,7.75,2,0.03,0.3577,0.3577,1385.2,0
ChipsRd_TON_12.03.25_LS,TON,1297,2751,2751,45.85,45.85,1,0.02,0.3468,0.3468,1085.5,0
ChipsRd_TON_12.03.25_LS,TON,1290,1995,1998,33.25,33.3,4,0.07,0.3233,0.3233,4171.5,0
ChipsRd_TON_12.03.25_LS,TON,1261,1099,1108,18.32,18.47,3,0.17,0.3129,0.3129,1240.3,0
ChipsRd_TON_12.03.25_LS,TON,1306,3351,3351,55.85,55.85,1,0.02,0.3129,0.3129,446.9,0
ChipsRd_TON_12.03.25_LS,TON,1348,8184,8187,136.4,136.45,2,0.07,0.3107,0.3107,674.8,0
ChipsRd_TON_12.03.25_LS,TON,1255,902,906,15.03,15.1,5,0.08,0.3096,0.3096,253.9,0
ChipsRd_TON_12.03.25_LS,TON,1305,3320,3359,55.33,55.98,26,0.67,0.1872,0.2932,287.5,0
ChipsRd_TON_12.03.25_LS,TON,1267,1453,1454,24.22,24.23,2,0.03,0.2903,0.2903,324.1,0
ChipsRd_TON_12.03.25_LS,TON,1346,7994,8041,133.23,134.01,9,0.8,0.2206,0.2867,670.4,0
ChipsRd_TON_12.03.25_LS,TON,1361,8651,8654,144.18,144.23,3,0.07,0.281,0.281,986.5,0
ChipsRd_TON_12.03.25_LS,TON,1356,8557,8557,142.61,142.61,1,0.02,0.2783,0.2783,572.6,0
ChipsRd_TON_12.03.25_LS,TON,1350,8263,8263,137.71,137.71,1,0.02,0.2708,0.2708,570.6,0
ChipsRd_TON_12.03.25_LS,TON,1240,461,484,7.68,8.07,6,0.4,0.2414,0.269,1330.7,0
ChipsRd_TON_12.03.25_LS,TON,1265,1449,1454,24.15,24.23,3,0.1,0.2658,0.2658,351.2,0
ChipsRd_TON_12.03.25_LS,TON,1245,483,534,8.05,8.9,12,0.87,0.1963,0.2631,1006.2,0
ChipsRd_TON_12.03.25_LS,TON,1271,1494,1501,24.9,25.02,4,0.13,0.254,0.254,261.5,0
ChipsRd_TON_12.03.25_LS,TON,1320,5130,5138,85.5,85.63,2,0.15,0.2535,0.2535,418.3,0
ChipsRd_TON_12.03.25_LS,TON,1359,8632,8676,143.86,144.6,14,0.75,0.1814,0.2523,930.9,0
ChipsRd_TON_12.03.25_LS,TON,1296,2692,2752,44.87,45.87,7,1.02,0.2188,0.2519,491.0,0
ChipsRd_TON_12.03.25_LS,TON,1249,758,758,12.63,12.63,1,0.02,0.2503,0.2503,933.0,0
ChipsRd_TON_12.03.25_LS,TON,1289,1937,1937,32.28,32.28,1,0.02,0.2501,0.2501,399.7,0
ChipsRd_TON_12.03.25_LS,TON,1293,2533,2534,42.22,42.23,2,0.03,0.2491,0.2491,345.4,0
ChipsRd_TON_12.03.25_LS,TON,1269,1482,1514,24.7,25.23,10,0.55,0.1912,0.2405,268.3,0
ChipsRd_TON_12.03.25_LS,TON,1339,7794,7796,129.9,129.93,3,0.05,0.2354,0.2354,756.4,0
ChipsRd_TON_12.03.25_LS,TON,1326,6682,6682,111.36,111.36,1,0.02,0.2323,0.2323,1000.6,0
ChipsRd_TON_12.03.25_LS,TON,1242,477,526,7.95,8.77,7,0.83,0.1914,0.2242,828.9,0
ChipsRd_TON_12.03.25_LS,TON,1307,3377,3381,56.28,56.35,4,0.08,0.224,0.224,345.0,0
ChipsRd_TON_12.03.25_LS,TON,1364,8731,8748,145.51,145.8,8,0.3,0.1895,0.2222,584.9,0
ChipsRd_TON_12.03.25_LS,TON,1259,1052,1056,17.53,17.6,5,0.08,0.222,0.222,693.0,0
ChipsRd_TON_12.03.25_LS,TON,1270,1487,1488,24.78,24.8,2,0.03,0.2203,0.2203,322.1,0
ChipsRd_TON_12.03.25_LS,TON,1337,7692,7693,128.2,128.21,2,0.03,0.2186,0.2186,721.4,0
ChipsRd_TON_12.03.25_LS,TON,1287,1842,1845,30.7,30.75,3,0.07,0.2174,0.2174,428.3,0
ChipsRd_TON_12.03.25_LS,TON,1367,9159,9159,152.65,152.65,1,0.02,0.2156,0.2156,472.3,0
ChipsRd_TON_12.03.25_LS,TON,1313,3623,3625,60.38,60.42,3,0.05,0.2144,0.2144,334.2,0
ChipsRd_TON_12.03.25_LS,TON,1314,3960,4020,66.0,67.0,13,1.02,0.1521,0.2131,743.7,0
ChipsRd_TON_12.03.25_LS,TON,1285,1699,1699,28.32,28.32,1,0.02,0.2117,0.2117,385.4,0
ChipsRd_TON_12.03.25_LS,TON,1244,480,482,8.0,8.03,2,0.05,0.2092,0.2092,485.8,0
ChipsRd_TON_12.03.25_LS,TON,1352,8336,8336,138.93,138.93,1,0.02,0.2067,0.2067,501.6,0
ChipsRd_TON_12.03.25_LS,TON,1288,1931,1931,32.18,32.18,1,0.02,0.2063,0.2063,435.1,0
ChipsRd_TON_12.03.25_LS,TON,1349,8212,8212,136.86,136.86,1,0.02,0.2049,0.2049,1474.4,0
ChipsRd_TON_12.03.25_LS,TON,1340,7820,7820,130.33,130.33,1,0.02,0.1998,0.1998,739.8,0
ChipsRd_TON_12.03.25_LS,TON,1294,2587,2590,43.12,43.17,3,0.07,0.1993,0.1993,1811.2,0
ChipsRd_TON_12.03.25_LS,TON,1358,8601,8601,143.35,143.35,1,0.02,0.1992,0.1992,639.9,0
ChipsRd_TON_12.03.25_LS,TON,1283,1689,1689,28.15,28.15,1,0.02,0.1982,0.1982,264.2,0
ChipsRd_TON_12.03.25_LS,TON,1316,4873,4881,81.22,81.35,3,0.15,0.198,0.198,361.1,0
ChipsRd_TON_12.03.25_LS,TON,1366,9066,9066,151.1,151.1,1,0.02,0.1979,0.1979,749.5,0
ChipsRd_TON_12.03.25_LS,TON,1280,1643,1644,27.38,27.4,2,0.03,0.1976,0.1976,386.2,0
ChipsRd_TON_12.03.25_LS,TON,1338,7739,7739,128.98,128.98,1,0.02,0.1965,0.1965,1337.2,0
ChipsRd_TON_12.03.25_LS,TON,1237,198,225,3.3,3.75,3,0.47,0.1956,0.1956,388.4,0
ChipsRd_TON_12.03.25_LS,TON,1303,3220,3220,53.67,53.67,1,0.02,0.1944,0.1944,807.5,0
ChipsRd_TON_12.03.25_LS,TON,1257,986,1005,16.43,16.75,4,0.33,0.1931,0.1931,586.5,0
ChipsRd_TON_12.03.25_LS,TON,1304,3240,3243,54.0,54.05,2,0.07,0.19,0.19,277.0,0
ChipsRd_TON_12.03.25_LS,TON,1300,3135,3135,52.25,52.25,1,0.02,0.1861,0.1861,566.5,0
ChipsRd_TON_12.03.25_LS,TON,1239,299,299,4.98,4.98,1,0.02,0.1847,0.1847,673.4,0
ChipsRd_TON_12.03.25_LS,TON,1336,7584,7587,126.4,126.45,3,0.07,0.1843,0.1843,594.5,0
ChipsRd_TON_12.03.25_LS,TON,1250,771,787,12.85,13.12,5,0.28,0.1835,0.1835,371.8,0
ChipsRd_TON_12.03.25_LS,TON,1315,4063,4065,67.72,67.75,3,0.05,0.1835,0.1835,752.3,0
ChipsRd_TON_12.03.25_LS,TON,1347,8041,8063,134.01,134.38,4,0.38,0.1799,0.1799,486.6,0
ChipsRd_TON_12.03.25_LS,TON,1360,8643,8651,144.05,144.18,2,0.15,0.178,0.178,568.0,0
ChipsRd_TON_12.03.25_LS,TON,1299,3124,3127,52.07,52.12,4,0.07,0.1766,0.1766,1304.0,0
ChipsRd_TON_12.03.25_LS,TON,1325,6259,6260,104.31,104.33,2,0.03,0.1732,0.1732,445.1,0
ChipsRd_TON_12.03.25_LS,TON,1311,3617,3617,60.28,60.28,1,0.02,0.1719,0.1719,468.6,0
ChipsRd_TON_12.03.25_LS,TON,1322,5163,5168,86.05,86.13,5,0.1,0.1719,0.1719,3335.2,0
ChipsRd_TON_12.03.25_LS,TON,1266,1449,1454,24.15,24.23,2,0.1,0.171,0.171,355.6,0
ChipsRd_TON_12.03.25_LS,TON,1264,1444,1472,24.07,24.53,3,0.48,0.1688,0.1688,232.5,0
ChipsRd_TON_12.03.25_LS,TON,1329,7108,7109,118.46,118.48,2,0.03,0.1645,0.1645,415.6,0
ChipsRd_TON_12.03.25_LS,TON,1286,1740,1743,29.0,29.05,3,0.07,0.1631,0.1631,464.8,0
ChipsRd_TON_12.03.25_LS,TON,1328,6928,6931,115.46,115.51,4,0.07,0.1631,0.1631,3428.8,0
ChipsRd_TON_12.03.25_LS,TON,1365,8823,8823,147.05,147.05,1,0.02,0.1622,0.1622,607.0,0
ChipsRd_TON_12.03.25_LS,TON,1236,56,56,0.93,0.93,1,0.02,0.1602,0.1602,642.4,0
ChipsRd_TON_12.03.25_LS,TON,1260,1055,1056,17.58,17.6,2,0.03,0.1598,0.1598,438.3,0
ChipsRd_TON_12.03.25_LS,TON,1282,1682,1683,28.03,28.05,2,0.03,0.1573,0.1573,680.8,0
ChipsRd_TON_12.03.25_LS,TON,1321,5157,5158,85.95,85.97,2,0.03,0.154,0.154,398.2,0
ChipsRd_TON_12.03.25_LS,TON,1258,1011,1011,16.85,16.85,1,0.02,0.1533,0.1533,619.7,0
ChipsRd_TON_12.03.25_LS,TON,1334,7560,7560,126.0,126.0,1,0.02,0.1529,0.1529,828.2,0
ChipsRd_TON_12.03.25_LS,TON,1333,7321,7343,122.01,122.38,2,0.38,0.1528,0.1528,673.0,0
ChipsRd_TON_12.03.25_LS,TON,1272,1501,1502,25.02,25.03,2,0.03,0.1509,0.1509,224.8,0
ChipsRd_TON_12.03.25_LS,TON,1276,1638,1657,27.3,27.62,3,0.33,0.1489,0.1489,379.9,0
ChipsRd_TON_12.03.25_LS,TON,1274,1509,1511,25.15,25.18,3,0.05,0.1426,0.1426,187.2,0
ChipsRd_TON_12.03.25_LS,TON,1295,2668,2669,44.47,44.48,2,0.03,0.1384,0.1384,444.2,0
ChipsRd_TON_12.03.25_LS,TON,1252,783,783,13.05,13.05,1,0.02,0.1365,0.1365,388.9,0
ChipsRd_TON_12.03.25_LS,TON,1319,5093,5104,84.88,85.07,4,0.2,0.1358,0.1358,415.3,0
ChipsRd_TON_12.03.25_LS,TON,1353,8379,8379,139.65,139.65,1,0.02,0.1353,0.1353,527.4,0
ChipsRd_TON_12.03.25_LS,TON,1248,729,729,12.15,12.15,1,0.02,0.1342,0.1342,430.5,0
ChipsRd_TON_12.03.25_LS,TON,1342,7901,7923,131.68,132.05,3,0.38,0.1329,0.1329,937.4,0
ChipsRd_TON_12.03.25_LS,TON,1331,7155,7155,119.25,119.25,1,0.02,0.1325,0.1325,650.9,0
ChipsRd_TON_12.03.25_LS,TON,1284,1695,1695,28.25,28.25,1,0.02,0.1321,0.1321,296.7,0
ChipsRd_TON_12.03.25_LS,TON,1344,7935,7935,132.25,132.25,1,0.02,0.132,0.132,785.5,0
ChipsRd_TON_12.03.25_LS,TON,1330,7139,7139,118.98,118.98,1,0.02,0.1315,0.1315,532.9,0
ChipsRd_TON_12.03.25_LS,TON,1355,8493,8504,141.55,141.73,3,0.2,0.1312,0.1312,556.4,0
ChipsRd_TON_12.03.25_LS,TON,1238,263,263,4.38,4.38,1,0.02,0.13,0.13,653.7,0
ChipsRd_TON_12.03.25_LS,TON,1324,6078,6085,101.3,101.41,2,0.13,0.1292,0.1292,994.1,0
ChipsRd_TON_12.03.25_LS,TON,1308,3455,3455,57.58,57.58,1,0.02,0.1286,0.1286,306.5,0
ChipsRd_TON_12.03.25_LS,TON,1335,7560,7560,126.0,126.0,1,0.02,0.1282,0.1282,854.7,0
ChipsRd_TON_12.03.25_LS,TON,1263,1412,1412,23.53,23.53,1,0.02,0.1278,0.1278,383.5,0
ChipsRd_TON_12.03.25_LS,TON,1327,6832,6832,113.86,113.86,1,0.02,0.1268,0.1268,749.2,0
ChipsRd_TON_12.03.25_LS,TON,1301,3177,3181,52.95,53.02,4,0.08,0.125,0.125,287.3,0
ChipsRd_TON_12.03.25_LS,TON,1275,1633,1651,27.22,27.52,2,0.32,0.124,0.124,404.3,0
ChipsRd_TON_12.03.25_LS,TON,1291,2301,2301,38.35,38.35,1,0.02,0.123,0.123,493.8,0
ChipsRd_TON_12.03.25_LS,TON,1246,484,485,8.07,8.08,2,0.03,0.1224,0.1224,1185.6,0
ChipsRd_TON_12.03.25_LS,TON,1309,3586,3586,59.77,59.77,1,0.02,0.1224,0.1224,358.2,0
ChipsRd_TON_12.03.25_LS,TON,1345,7965,7965,132.75,132.75,1,0.02,0.1205,0.1205,1866.9,0
ChipsRd_TON_12.03.25_LS,TON,1363,8702,8706,145.03,145.1,2,0.08,0.1189,0.1189,712.5,0
ChipsRd_TON_12.03.25_LS,TON,1341,7890,7890,131.5,131.5,1,0.02,0.1176,0.1176,226.0,0
ChipsRd_TON_12.03.25_LS,TON,1268,1463,1463,24.38,24.38,1,0.02,0.1168,0.1168,740.3,0
ChipsRd_TON_12.03.25_LS,TON,1310,3586,3586,59.77,59.77,1,0.02,0.1156,0.1156,351.0,0
ChipsRd_TON_12.03.25_LS,TON,1351,8308,8308,138.46,138.46,1,0.02,0.1137,0.1137,697.8,0
ChipsRd_TON_12.03.25_LS,TON,1298,2955,2955,49.25,49.25,1,0.02,0.1134,0.1134,353.1,0
ChipsRd_TON_12.03.25_LS,TON,1281,1660,1660,27.67,27.67,1,0.02,0.1123,0.1123,353.9,0
ChipsRd_TON_12.03.25_LS,TON,1312,3619,3619,60.32,60.32,1,0.02,0.1123,0.1123,1154.0,0
ChipsRd_TON_12.03.25_LS,TON,1292,2379,2388,39.65,39.8,2,0.17,0.1118,0.1118,582.3,0
ChipsRd_TON_12.03.25_LS,TON,1369,9401,9401,156.68,156.68,1,0.02,0.1109,0.1109,632.8,0
ChipsRd_TON_12.03.25_LS,TON,1278,1639,1639,27.32,27.32,1,0.02,0.1107,0.1107,384.3,0
ChipsRd_TON_12.03.25_LS,TON,1362,8651,8651,144.18,144.18,1,0.02,0.1099,0.1099,494.0,0
ChipsRd_TON_12.03.25_LS,TON,1253,783,783,13.05,13.05,1,0.02,0.1095,0.1095,372.6,0
ChipsRd_TON_12.03.25_LS,TON,1247,513,513,8.55,8.55,1,0.02,0.1093,0.1093,866.7,0
ChipsRd_TON_12.03.25_LS,TON,1368,9207,9207,153.45,153.45,1,0.02,0.1067,0.1067,1076.2,0
ChipsRd_TON_12.03.25_LS,TON,1323,5719,5719,95.31,95.31,1,0.02,0.1061,0.1061,314.5,0
ChipsRd_TON_12.03.25_LS,TON,1243,479,479,7.98,7.98,1,0.02,0.1059,0.1059,301.8,0
ChipsRd_TON_12.03.25_LS,TON,1332,7222,7222,120.36,120.36,1,0.02,0.1059,0.1059,1556.1,0
ChipsRd_TON_12.03.25_LS,TON,1277,1638,1638,27.3,27.3,1,0.02,0.1056,0.1056,415.9,0
ChipsRd_TON_12.03.25_LS,TON,1318,4929,4929,82.15,82.15,1,0.02,0.1037,0.1037,313.5,0
ChipsRd_TON_12.03.25_LS,TON,1302,3202,3204,53.37,53.4,2,0.05,0.1017,0.1017,207.9,0
ChipsRd_TON_12.03.25_LS,TON,1256,965,965,16.08,16.08,1,0.02,0.1016,0.1016,200.5,0
ChipsRd_TON_12.03.25_LS,TON,1254,899,899,14.98,14.98,1,0.02,0.1009,0.1009,994.2,0
ChipsRd_TON_12.03.25_LS,TON,1317,4925,4925,82.08,82.08,1,0.02,0.1002,0.1002,505.9,0
FernRidgeRd_TON_12.03.25_LS,TON,2219,34633,34829,577.21,580.48,172,3.28,0.6711,0.816,1242.9,1
FernRidgeRd_TON_12.03.25_LS,TON,2073,33980,34139,566.33,568.98,134,2.67,0.6992,0.8008,625.9,1
FernRidgeRd_TON_12.03.25_LS,TON,2117,34213,34354,570.21,572.56,130,2.37,0.6506,0.792,951.9,1
FernRidgeRd_TON_12.03.25_LS,TON,2005,33692,34063,561.53,567.71,354,6.2,0.6922,0.7807,685.2,1
FernRidgeRd_TON_12.03.25_LS,TON,737,12082,12157,201.36,202.61,72,1.27,0.712,0.7732,1379.7,1
FernRidgeRd_TON_12.03.25_LS,TON,829,12888,12947,214.8,215.78,35,1.0,0.5725,0.7697,836.4,1
FernRidgeRd_TON_12.03.25_LS,TON,778,12539,12876,208.98,214.6,264,5.63,0.6183,0.7691,872.9,1
FernRidgeRd_TON_12.03.25_LS,TON,2109,34162,34250,569.36,570.83,63,1.48,0.5654,0.7576,684.4,1
FernRidgeRd_TON_12.03.25_LS,TON,2285,34692,34712,578.19,578.53,20,0.35,0.6543,0.7425,1292.4,1
FernRidgeRd_TON_12.03.25_LS,TON,2208,34623,34688,577.04,578.13,60,1.1,0.6594,0.7351,465.1,1
FernRidgeRd_TON_12.03.25_LS,TON,336,4142,4265,69.03,71.08,111,2.07,0.6311,0.7349,588.3,1
FernRidgeRd_TON_12.03.25_LS,TON,2038,33857,33974,564.28,566.23,108,1.97,0.5848,0.731,607.2,1
FernRidgeRd_TON_12.03.25_LS,TON,753,12176,12239,202.93,203.98,56,1.07,0.6335,0.7172,439.0,1
FernRidgeRd_TON_12.03.25_LS,TON,746,12140,12169,202.33,202.81,30,0.5,0.6406,0.7053,415.6,1
FernRidgeRd_TON_12.03.25_LS,TON,2022,33818,33838,563.63,563.96,21,0.35,0.635,0.6987,574.9,1
FernRidgeRd_TON_12.03.25_LS,TON,967,14412,14624,240.2,243.73,165,3.55,0.6023,0.6967,1061.5,1
FernRidgeRd_TON_12.03.25_LS,TON,425,5710,5876,95.17,97.93,112,2.78,0.5361,0.6816,415.7,1
FernRidgeRd_TON_12.03.25_LS,TON,845,12946,12985,215.76,216.41,19,0.67,0.5445,0.6776,773.9,1
FernRidgeRd_TON_12.03.25_LS,TON,346,4272,4358,71.2,72.63,48,1.45,0.5531,0.6774,554.6,1
FernRidgeRd_TON_12.03.25_LS,TON,952,14222,14277,237.03,237.95,51,0.93,0.5517,0.6773,939.9,1
FernRidgeRd_TON_12.03.25_LS,TON,1900,31980,32011,532.99,533.51,31,0.53,0.5903,0.6668,181.1,1
FernRidgeRd_TON_12.03.25_LS,TON,1820,31051,31205,517.51,520.08,154,2.58,0.499,0.637,301.8,1
FernRidgeRd_TON_12.03.25_LS,TON,1863,31823,31867,530.38,531.11,32,0.75,0.5158,0.6352,517.4,1
FernRidgeRd_TON_12.03.25_LS,TON,1369,24751,24773,412.51,412.88,17,0.38,0.5164,0.6336,2305.8,1
FernRidgeRd_TON_12.03.25_LS,TON,519,7235,7317,120.58,121.95,76,1.38,0.5178,0.6315,467.0,1
FernRidgeRd_TON_12.03.25_LS,TON,984,14542,14575,242.36,242.91,34,0.57,0.5157,0.6202,1038.8,1
FernRidgeRd_TON_12.03.25_LS,TON,1677,30636,30715,510.59,511.91,78,1.33,0.5222,0.5975,327.7,1
FernRidgeRd_TON_12.03.25_LS,TON,1780,30947,31031,515.78,517.18,83,1.42,0.4536,0.5968,340.2,1
FernRidgeRd_TON_12.03.25_LS,TON,1018,14710,14761,245.16,246.01,14,0.87,0.4434,0.5825,893.6,1
FernRidgeRd_TON_12.03.25_LS,TON,1684,30717,30776,511.94,512.93,52,1.0,0.4915,0.5788,327.1,1
FernRidgeRd_TON_12.03.25_LS,TON,2148,34253,34296,570.88,571.59,44,0.73,0.4534,0.5775,563.6,1
FernRidgeRd_TON_12.03.25_LS,TON,1712,30806,30872,513.43,514.53,46,1.12,0.4697,0.5518,336.5,1
FernRidgeRd_TON_12.03.25_LS,TON,1335,23140,23162,385.66,386.03,17,0.38,0.4277,0.5192,1361.0,1
FernRidgeRd_TON_12.03.25_LS,TON,1152,17035,17063,283.91,284.38,27,0.48,0.3915,0.5094,1024.2,1
FernRidgeRd_TON_12.03.25_LS,TON,3893,34076,34166,567.93,569.43,22,1.52,0.2728,0.4957,723.3,1
FernRidgeRd_TON_12.03.25_LS,TON,472,6754,6774,112.57,112.9,9,0.35,0.4101,0.478,514.5,1
FernRidgeRd_TON_12.03.25_LS,TON,3768,28016,28064,466.93,467.73,27,0.82,0.2584,0.4666,582.5,1
FernRidgeRd_TON_12.03.25_LS,TON,3848,31948,31979,532.46,532.98,18,0.53,0.3222,0.4562,220.0,1
FernRidgeRd_TON_12.03.25_LS,TON,3383,7203,7256,120.05,120.93,21,0.9,0.2781,0.4307,568.3,1
FernRidgeRd_TON_12.03.25_LS,TON,3323,4211,4357,70.18,72.62,17,2.45,0.3054,0.4284,601.0,1
FernRidgeRd_TON_12.03.25_LS,TON,3371,6747,6814,112.45,113.57,38,1.13,0.2315,0.4165,538.3,1
FernRidgeRd_TON_12.03.25_LS,TON,3814,30848,30946,514.13,515.76,36,1.65,0.235,0.4156,313.4,1
FernRidgeRd_TON_12.03.25_LS,TON,3674,22996,23051,383.26,384.18,11,0.93,0.2683,0.39,2202.5,1
FernRidgeRd_TON_12.03.25_LS,TON,3676,23018,23097,383.63,384.94,11,1.33,0.2475,0.3898,1652.4,1
FernRidgeRd_TON_12.03.25_LS,TON,3862,32487,32574,541.44,542.89,31,1.47,0.2198,0.3882,521.0,1
FernRidgeRd_TON_12.03.25_LS,TON,3766,27959,27990,465.98,466.49,13,0.53,0.2558,0.3835,930.7,1
FernRidgeRd_TON_12.03.25_LS,TON,3530,14648,14753,244.13,245.88,47,1.77,0.2175,0.3787,1079.3,1
FernRidgeRd_TON_12.03.25_LS,TON,3470,12790,12988,213.16,216.46,32,3.32,0.234,0.3786,824.7,1
FernRidgeRd_TON_12.03.25_LS,TON,3823,31020,31050,516.99,517.49,16,0.52,0.2945,0.3765,326.0,1
FernRidgeRd_TON_12.03.25_LS,TON,3810,30777,30811,512.94,513.51,22,0.58,0.2907,0.3751,342.3,1
FernRidgeRd_TON_12.03.25_LS,TON,3622,20391,20414,339.85,340.23,16,0.4,0.2799,0.3699,1044.2,1
FernRidgeRd_TON_12.03.25_LS,TON,3307,3043,3147,50.72,52.45,56,1.75,0.2281,0.3692,737.5,1
FernRidgeRd_TON_12.03.25_LS,TON,3868,32643,32664,544.04,544.39,12,0.37,0.2856,0.3666,639.9,1
FernRidgeRd_TON_12.03.25_LS,TON,3907,34541,34629,575.68,577.14,23,1.48,0.2127,0.3665,630.1,1
FernRidgeRd_TON_12.03.25_LS,TON,3328,4486,4562,74.77,76.03,24,1.28,0.218,0.3625,499.3,1
FernRidgeRd_TON_12.03.25_LS,TON,3844,31918,31939,531.96,532.31,13,0.37,0.2538,0.3625,200.7,1
FernRidgeRd_TON_12.03.25_LS,TON,3899,34327,34374,572.11,572.89,10,0.8,0.2646,0.3598,807.6,1
FernRidgeRd_TON_12.03.25_LS,TON,3717,25100,25192,418.33,419.86,13,1.55,0.239,0.3588,1842.4,1
FernRidgeRd_TON_12.03.25_LS,TON,3799,30248,30273,504.13,504.54,13,0.43,0.2211,0.3391,525.1,1
FernRidgeRd_TON_12.03.25_LS,TON,3695,24749,24787,412.48,413.11,11,0.65,0.2519,0.3376,2021.8,1
FernRidgeRd_TON_12.03.25_LS,TON,3770,28086,28123,468.09,468.71,16,0.63,0.2402,0.3352,471.4,1
FernRidgeRd_TON_12.03.25_LS,TON,3557,16596,16670,276.6,277.83,26,1.25,0.2254,0.3344,1116.5,1
FernRidgeRd_TON_12.03.25_LS,TON,3744,26063,26096,434.38,434.93,11,0.57,0.2543,0.3325,2247.1,1
FernRidgeRd_TON_12.03.25_LS,TON,3903,34423,34455,573.71,574.24,18,0.55,0.2166,0.3324,742.6,1
FernRidgeRd_TON_12.03.25_LS,TON,3763,27520,27542,458.66,459.03,11,0.38,0.2216,0.3322,548.0,1
FernRidgeRd_TON_12.03.25_LS,TON,3544,15786,15864,263.1,264.4,32,1.32,0.1943,0.3277,906.7,1
FernRidgeRd_TON_12.03.25_LS,TON,3720,25147,25205,419.11,420.08,11,0.98,0.2403,0.3229,950.7,1
FernRidgeRd_TON_12.03.25_LS,TON,3803,30538,30604,508.96,510.06,25,1.12,0.2035,0.3199,1412.8,1
FernRidgeRd_TON_12.03.25_LS,TON,3566,16972,17102,282.86,285.03,25,2.18,0.1848,0.315,954.5,1
FernRidgeRd_TON_12.03.25_LS,TON,3345,5330,5349,88.83,89.15,18,0.33,0.2254,0.3119,510.7,1
FernRidgeRd_TON_12.03.25_LS,TON,3654,22331,22358,372.18,372.63,13,0.47,0.2223,0.3108,539.8,1
FernRidgeRd_TON_12.03.25_LS,TON,3483,13069,13108,217.81,218.46,10,0.67,0.2175,0.3071,894.2,1
FernRidgeRd_TON_12.03.25_LS,TON,3867,32619,32680,543.64,544.66,18,1.03,0.2033,0.3035,458.3,1
FernRidgeRd_TON_12.03.25_LS,TON,3451,12175,12175,202.91,202.91,1,0.02,0.6769,0.6769,367.7,0
FernRidgeRd_TON_12.03.25_LS,TON,2094,34133,34135,568.88,568.91,3,0.05,0.6651,0.6651,654.0,0
FernRidgeRd_TON_12.03.25_LS,TON,1901,32013,32014,533.54,533.56,2,0.03,0.604,0.604,207.0,0
FernRidgeRd_TON_12.03.25_LS,TON,1512,26177,26180,436.28,436.33,4,0.07,0.6029,0.6029,1388.1,0
FernRidgeRd_TON_12.03.25_LS,TON,1396,24851,24852,414.18,414.19,2,0.03,0.586,0.586,1229.8,0
FernRidgeRd_TON_12.03.25_LS,TON,1389,24788,24790,413.13,413.16,3,0.05,0.5813,0.5813,1719.4,0
FernRidgeRd_TON_12.03.25_LS,TON,726,11997,11998,199.95,199.96,2,0.03,0.5805,0.5805,1459.7,0
FernRidgeRd_TON_12.03.25_LS,TON,1990,32840,32840,547.33,547.33,1,0.02,0.5685,0.5685,1608.0,0
FernRidgeRd_TON_12.03.25_LS,TON,1272,22024,22028,367.06,367.13,5,0.08,0.559,0.559,490.1,0
FernRidgeRd_TON_12.03.25_LS,TON,1991,32907,32909,548.44,548.48,3,0.05,0.5578,0.5578,1922.9,0
FernRidgeRd_TON_12.03.25_LS,TON,1223,19725,19731,328.75,328.85,7,0.12,0.4797,0.5375,1505.8,0
FernRidgeRd_TON_12.03.25_LS,TON,679,8097,8097,134.95,134.95,1,0.02,0.5364,0.5364,428.4,0
FernRidgeRd_TON_12.03.25_LS,TON,3699,24850,24850,414.16,414.16,1,0.02,0.5293,0.5293,1238.6,0
FernRidgeRd_TON_12.03.25_LS,TON,2172,34358,34371,572.63,572.84,13,0.23,0.4995,0.5269,960.5,0
FernRidgeRd_TON_12.03.25_LS,TON,1648,30267,30267,504.44,504.44,1,0.02,0.5241,0.5241,619.1,0
FernRidgeRd_TON_12.03.25_LS,TON,862,13099,13099,218.31,218.31,1,0.02,0.5237,0.5237,926.2,0
FernRidgeRd_TON_12.03.25_LS,TON,1475,25244,25244,420.73,420.73,1,0.02,0.5228,0.5228,2594.7,0
FernRidgeRd_TON_12.03.25_LS,TON,3726,25243,25243,420.71,420.71,1,0.02,0.5213,0.5213,2982.2,0
FernRidgeRd_TON_12.03.25_LS,TON,1011,14702,14702,245.03,245.03,1,0.02,0.5181,0.5181,803.6,0
FernRidgeRd_TON_12.03.25_LS,TON,1556,28040,28040,467.33,467.33,1,0.02,0.5173,0.5173,670.9,0
FernRidgeRd_TON_12.03.25_LS,TON,362,4333,4335,72.22,72.25,2,0.05,0.5154,0.5154,605.2,0
FernRidgeRd_TON_12.03.25_LS,TON,1998,33652,33658,560.86,560.96,4,0.12,0.5116,0.5116,657.2,0
FernRidgeRd_TON_12.03.25_LS,TON,1740,30891,30899,514.84,514.98,9,0.15,0.4661,0.5112,322.0,0
FernRidgeRd_TON_12.03.25_LS,TON,1415,24946,24982,415.76,416.36,5,0.62,0.5087,0.5087,1533.3,0
FernRidgeRd_TON_12.03.25_LS,TON,3912,34690,34713,578.16,578.54,3,0.4,0.4986,0.4986,1259.1,0
FernRidgeRd_TON_12.03.25_LS,TON,3349,5709,5709,95.15,95.15,1,0.02,0.4892,0.4892,444.1,0
FernRidgeRd_TON_12.03.25_LS,TON,522,7315,7324,121.91,122.06,7,0.17,0.4236,0.4882,438.5,0
FernRidgeRd_TON_12.03.25_LS,TON,954,14239,14239,237.31,237.31,1,0.02,0.4875,0.4875,998.3,0
FernRidgeRd_TON_12.03.25_LS,TON,1879,31930,31935,532.16,532.24,6,0.1,0.4667,0.4848,215.6,0
FernRidgeRd_TON_12.03.25_LS,TON,3305,2925,2925,48.75,48.75,1,0.02,0.4845,0.4845,1030.9,0
FernRidgeRd_TON_12.03.25_LS,TON,1097,16610,16616,276.83,276.93,7,0.12,0.4576,0.4783,1057.6,0
FernRidgeRd_TON_12.03.25_LS,TON,1370,24754,24754,412.56,412.56,1,0.02,0.4782,0.4782,776.4,0
FernRidgeRd_TON_12.03.25_LS,TON,1950,32654,32657,544.23,544.28,4,0.07,0.4775,0.4775,825.7,0
FernRidgeRd_TON_12.03.25_LS,TON,1625,29947,29947,499.11,499.11,1,0.02,0.477,0.477,1378.0,0
FernRidgeRd_TON_12.03.25_LS,TON,2048,33918,33918,565.29,565.29,1,0.02,0.4761,0.4761,708.6,0
FernRidgeRd_TON_12.03.25_LS,TON,2074,34020,34031,566.99,567.18,7,0.2,0.4405,0.4757,354.7,0
FernRidgeRd_TON_12.03.25_LS,TON,950,14219,14219,236.98,236.98,1,0.02,0.4741,0.4741,773.6,0
FernRidgeRd_TON_12.03.25_LS,TON,1319,23002,23021,383.36,383.68,4,0.33,0.473,0.473,2760.1,0
FernRidgeRd_TON_12.03.25_LS,TON,1953,32661,32663,544.34,544.38,3,0.05,0.4726,0.4726,710.0,0
FernRidgeRd_TON_12.03.25_LS,TON,830,12903,12903,215.05,215.05,1,0.02,0.472,0.472,594.4,0
FernRidgeRd_TON_12.03.25_LS,TON,2011,33736,33746,562.26,562.43,8,0.18,0.4213,0.4682,582.0,0
FernRidgeRd_TON_12.03.25_LS,TON,1065,15899,15899,264.98,264.98,1,0.02,0.4667,0.4667,900.8,0
FernRidgeRd_TON_12.03.25_LS,TON,1041,15721,15721,262.01,262.01,1,0.02,0.4642,0.4642,588.4,0
FernRidgeRd_TON_12.03.25_LS,TON,364,4339,4341,72.32,72.35,3,0.05,0.4639,0.4639,594.6,0
FernRidgeRd_TON_12.03.25_LS,TON,285,3063,3063,51.05,51.05,1,0.02,0.4623,0.4623,999.0,0
FernRidgeRd_TON_12.03.25_LS,TON,1383,24777,24780,412.94,412.99,2,0.07,0.4582,0.4582,1225.8,0
FernRidgeRd_TON_12.03.25_LS,TON,389,4624,4625,77.07,77.08,2,0.03,0.4581,0.4581,832.1,0
FernRidgeRd_TON_12.03.25_LS,TON,1222,19576,19576,326.26,326.26,1,0.02,0.4565,0.4565,567.5,0
FernRidgeRd_TON_12.03.25_LS,TON,1144,16984,16986,283.06,283.1,3,0.05,0.4445,0.4445,840.4,0
FernRidgeRd_TON_12.03.25_LS,TON,1988,32833,32833,547.21,547.21,1,0.02,0.4426,0.4426,375.3,0
FernRidgeRd_TON_12.03.25_LS,TON,1735,30881,30887,514.68,514.78,7,0.12,0.4108,0.442,277.7,0
FernRidgeRd_TON_12.03.25_LS,TON,3320,4100,4109,68.33,68.48,2,0.17,0.442,0.442,880.0,0
FernRidgeRd_TON_12.03.25_LS,TON,1400,24889,24891,414.81,414.84,3,0.05,0.4417,0.4417,1063.2,0
FernRidgeRd_TON_12.03.25_LS,TON,3807,30635,30635,510.58,510.58,1,0.02,0.4407,0.4407,253.9,0
FernRidgeRd_TON_12.03.25_LS,TON,1929,32532,32532,542.19,542.19,1,0.02,0.4397,0.4397,477.8,0
FernRidgeRd_TON_12.03.25_LS,TON,1288,22333,22337,372.21,372.28,5,0.08,0.4383,0.4383,574.5,0
FernRidgeRd_TON_12.03.25_LS,TON,2133,34235,34238,570.58,570.63,4,0.07,0.4377,0.4377,738.5,0
FernRidgeRd_TON_12.03.25_LS,TON,1145,16985,16985,283.08,283.08,1,0.02,0.4332,0.4332,823.0,0
FernRidgeRd_TON_12.03.25_LS,TON,978,14535,14535,242.25,242.25,1,0.02,0.4299,0.4299,890.1,0
FernRidgeRd_TON_12.03.25_LS,TON,289,3081,3082,51.35,51.37,2,0.03,0.4297,0.4297,714.5,0
FernRidgeRd_TON_12.03.25_LS,TON,1899,31973,31978,532.88,532.96,5,0.1,0.4282,0.4282,193.1,0
FernRidgeRd_TON_12.03.25_LS,TON,3861,32476,32476,541.26,541.26,1,0.02,0.4256,0.4256,781.0,0
FernRidgeRd_TON_12.03.25_LS,TON,891,13339,13339,222.31,222.31,1,0.02,0.4229,0.4229,816.5,0
FernRidgeRd_TON_12.03.25_LS,TON,718,11947,11947,199.11,199.11,1,0.02,0.4194,0.4194,1207.9,0
FernRidgeRd_TON_12.03.25_LS,TON,3836,31803,31803,530.04,530.04,1,0.02,0.4169,0.4169,348.3,0
FernRidgeRd_TON_12.03.25_LS,TON,3685,23609,23609,393.48,393.48,1,0.02,0.4143,0.4143,515.1,0
FernRidgeRd_TON_12.03.25_LS,TON,851,12989,12990,216.48,216.5,2,0.03,0.4137,0.4137,774.9,0
FernRidgeRd_TON_12.03.25_LS,TON,2286,34692,34692,578.19,578.19,1,0.02,0.4087,0.4087,1027.3,0
FernRidgeRd_TON_12.03.25_LS,TON,1422,24984,24987,416.39,416.44,4,0.07,0.4072,0.4072,1453.9,0
FernRidgeRd_TON_12.03.25_LS,TON,1404,24918,24918,415.29,415.29,1,0.02,0.4055,0.4055,1297.4,0
FernRidgeRd_TON_12.03.25_LS,TON,3712,24983,24983,416.38,416.38,1,0.02,0.4041,0.4041,1310.1,0
FernRidgeRd_TON_12.03.25_LS,TON,3842,31871,31871,531.18,531.18,1,0.02,0.4031,0.4031,908.4,0
FernRidgeRd_TON_12.03.25_LS,TON,1252,20468,20468,341.13,341.13,1,0.02,0.4023,0.4023,5650.1,0
FernRidgeRd_TON_12.03.25_LS,TON,822,12838,12839,213.96,213.98,2,0.03,0.4019,0.4019,790.0,0
FernRidgeRd_TON_12.03.25_LS,TON,1216,19368,19368,322.8,322.8,1,0.02,0.3998,0.3998,546.4,0
FernRidgeRd_TON_12.03.25_LS,TON,3746,26176,26176,436.26,436.26,1,0.02,0.3987,0.3987,1075.3,0
FernRidgeRd_TON_12.03.25_LS,TON,3889,33934,33934,565.56,565.56,1,0.02,0.3984,0.3984,753.5,0
FernRidgeRd_TON_12.03.25_LS,TON,1452,25159,25159,419.31,419.31,1,0.02,0.3983,0.3983,2472.5,0
FernRidgeRd_TON_12.03.25_LS,TON,1945,32649,32649,544.14,544.14,1,0.02,0.3977,0.3977,395.2,0
FernRidgeRd_TON_12.03.25_LS,TON,1628,30107,30107,501.78,501.78,1,0.02,0.3949,0.3949,578.9,0
FernRidgeRd_TON_12.03.25_LS,TON,1403,24915,24916,415.24,415.26,2,0.03,0.3909,0.3909,1459.7,0
FernRidgeRd_TON_12.03.25_LS,TON,3329,4513,4513,75.22,75.22,1,0.02,0.3902,0.3902,668.8,0
FernRidgeRd_TON_12.03.25_LS,TON,3704,24888,24945,414.79,415.74,7,0.97,0.3236,0.3899,1116.0,0
FernRidgeRd_TON_12.03.25_LS,TON,972,14504,14508,241.73,241.8,5,0.08,0.389,0.389,603.7,0
FernRidgeRd_TON_12.03.25_LS,TON,3882,33628,33628,560.46,560.46,1,0.02,0.3889,0.3889,720.9,0
FernRidgeRd_TON_12.03.25_LS,TON,2187,34432,34434,573.86,573.89,3,0.05,0.3839,0.3839,1085.6,0
FernRidgeRd_TON_12.03.25_LS,TON,1789,30999,31004,516.64,516.73,6,0.1,0.3702,0.3827,346.6,0
FernRidgeRd_TON_12.03.25_LS,TON,995,14662,14662,244.36,244.36,1,0.02,0.3815,0.3815,1221.4,0
FernRidgeRd_TON_12.03.25_LS,TON,1964,32690,32690,544.83,544.83,1,0.02,0.3815,0.3815,554.0,0
FernRidgeRd_TON_12.03.25_LS,TON,3443,11801,11801,196.68,196.68,1,0.02,0.3815,0.3815,862.9,0
FernRidgeRd_TON_12.03.25_LS,TON,1071,15938,15938,265.63,265.63,1,0.02,0.3808,0.3808,860.2,0
FernRidgeRd_TON_12.03.25_LS,TON,2207,34615,34618,576.91,576.96,4,0.07,0.3792,0.3792,1237.6,0
FernRidgeRd_TON_12.03.25_LS,TON,320,3125,3126,52.08,52.1,2,0.03,0.3785,0.3785,820.2,0
FernRidgeRd_TON_12.03.25_LS,TON,1133,16857,16858,280.95,280.96,2,0.03,0.3783,0.3783,1146.9,0
FernRidgeRd_TON_12.03.25_LS,TON,1698,30793,30796,513.21,513.26,4,0.07,0.3751,0.3751,344.0,0
FernRidgeRd_TON_12.03.25_LS,TON,502,7188,7188,119.8,119.8,1,0.02,0.3749,0.3749,910.2,0
FernRidgeRd_TON_12.03.25_LS,TON,3385,7284,7284,121.4,121.4,1,0.02,0.3729,0.3729,476.7,0
FernRidgeRd_TON_12.03.25_LS,TON,3632,21658,21659,360.96,360.98,2,0.03,0.3729,0.3729,383.1,0
FernRidgeRd_TON_12.03.25_LS,TON,758,12226,12227,203.76,203.78,2,0.03,0.3714,0.3714,1118.3,0
FernRidgeRd_TON_12.03.25_LS,TON,422,5350,5352,89.17,89.2,3,0.05,0.3689,0.3689,397.2,0
FernRidgeRd_TON_12.03.25_LS,TON,1893,31965,31968,532.74,532.79,3,0.07,0.368,0.368,196.8,0
FernRidgeRd_TON_12.03.25_LS,TON,3479,13019,13019,216.98,216.98,1,0.02,0.368,0.368,529.5,0
FernRidgeRd_TON_12.03.25_LS,TON,1966,32704,32715,545.06,545.24,5,0.2,0.3652,0.3652,503.1,0
FernRidgeRd_TON_12.03.25_LS,TON,3520,14211,14218,236.85,236.96,3,0.13,0.363,0.363,726.5,0
FernRidgeRd_TON_12.03.25_LS,TON,309,3112,3113,51.87,51.88,2,0.03,0.3608,0.3608,844.3,0
FernRidgeRd_TON_12.03.25_LS,TON,372,4519,4521,75.32,75.35,3,0.05,0.3604,0.3604,508.9,0
FernRidgeRd_TON_12.03.25_LS,TON,3619,20182,20182,336.36,336.36,1,0.02,0.3599,0.3599,451.3,0
FernRidgeRd_TON_12.03.25_LS,TON,3630,20958,20958,349.3,349.3,1,0.02,0.3599,0.3599,1359.4,0
FernRidgeRd_TON_12.03.25_LS,TON,1621,29927,29929,498.78,498.81,3,0.05,0.3577,0.3577,784.2,0
FernRidgeRd_TON_12.03.25_LS,TON,3808,30701,30730,511.68,512.16,6,0.5,0.3155,0.3571,344.3,0
FernRidgeRd_TON_12.03.25_LS,TON,1106,16646,16650,277.43,277.5,4,0.08,0.3567,0.3567,1052.4,0
FernRidgeRd_TON_12.03.25_LS,TON,3890,33934,33934,565.56,565.56,1,0.02,0.3558,0.3558,918.4,0
FernRidgeRd_TON_12.03.25_LS,TON,970,14458,14458,240.96,240.96,1,0.02,0.3542,0.3542,1045.7,0
FernRidgeRd_TON_12.03.25_LS,TON,1809,31038,31042,517.29,517.36,5,0.08,0.3533,0.3533,294.5,0
FernRidgeRd_TON_12.03.25_LS,TON,3673,22959,22964,382.64,382.73,3,0.1,0.3519,0.3519,2495.3,0
FernRidgeRd_TON_12.03.25_LS,TON,3496,13335,13365,222.25,222.75,7,0.52,0.2991,0.35,665.9,0
FernRidgeRd_TON_12.03.25_LS,TON,3916,34752,34752,579.19,579.19,1,0.02,0.35,0.35,1355.9,0
FernRidgeRd_TON_12.03.25_LS,TON,1329,23045,23045,384.08,384.08,1,0.02,0.3497,0.3497,3360.0,0
FernRidgeRd_TON_12.03.25_LS,TON,1074,16323,16323,272.05,272.05,1,0.02,0.344,0.344,494.5,0
FernRidgeRd_TON_12.03.25_LS,TON,252,581,584,9.68,9.73,4,0.07,0.3433,0.3433,424.4,0
FernRidgeRd_TON_12.03.25_LS,TON,3447,11989,12006,199.81,200.1,13,0.3,0.2695,0.343,1246.7,0
FernRidgeRd_TON_12.03.25_LS,TON,3631,21641,21641,360.68,360.68,1,0.02,0.3412,0.3412,404.6,0
FernRidgeRd_TON_12.03.25_LS,TON,3453,12230,12230,203.83,203.83,1,0.02,0.3398,0.3398,667.6,0
FernRidgeRd_TON_12.03.25_LS,TON,2081,34038,34043,567.29,567.38,6,0.1,0.322,0.3395,620.2,0
FernRidgeRd_TON_12.03.25_LS,TON,3659,22379,22391,372.98,373.18,13,0.22,0.2432,0.336,665.5,0
FernRidgeRd_TON_12.03.25_LS,TON,945,14212,14216,236.86,236.93,5,0.08,0.3357,0.3357,1062.7,0
FernRidgeRd_TON_12.03.25_LS,TON,974,14512,14512,241.86,241.86,1,0.02,0.3335,0.3335,2487.9,0
FernRidgeRd_TON_12.03.25_LS,TON,3528,14531,14540,242.18,242.33,7,0.17,0.2768,0.3317,875.5,0
FernRidgeRd_TON_12.03.25_LS,TON,1346,23610,23614,393.49,393.56,5,0.08,0.331,0.331,510.2,0
FernRidgeRd_TON_12.03.25_LS,TON,3494,13228,13228,220.46,220.46,1,0.02,0.3297,0.3297,878.8,0
FernRidgeRd_TON_12.03.25_LS,TON,3541,15720,15723,262.0,262.05,3,0.07,0.3272,0.3272,596.7,0
FernRidgeRd_TON_12.03.25_LS,TON,1730,30864,30864,514.39,514.39,1,0.02,0.3252,0.3252,382.2,0
FernRidgeRd_TON_12.03.25_LS,TON,3396,7657,7670,127.61,127.83,9,0.23,0.2509,0.3235,324.0,0
FernRidgeRd_TON_12.03.25_LS,TON,3856,32319,32324,538.64,538.73,3,0.1,0.3195,0.3195,705.2,0
FernRidgeRd_TON_12.03.25_LS,TON,3290,585,585,9.75,9.75,1,0.02,0.3128,0.3128,392.8,0
FernRidgeRd_TON_12.03.25_LS,TON,3647,22159,22175,369.31,369.58,6,0.28,0.2767,0.3107,538.7,0
FernRidgeRd_TON_12.03.25_LS,TON,3352,5764,5797,96.07,96.62,6,0.57,0.28,0.3106,475.6,0
FernRidgeRd_TON_12.03.25_LS,TON,3851,32012,32016,533.53,533.59,3,0.08,0.3101,0.3101,194.9,0
FernRidgeRd_TON_12.03.25_LS,TON,3416,8491,8501,141.51,141.68,6,0.18,0.2794,0.3057,1211.6,0
FernRidgeRd_TON_12.03.25_LS,TON,1130,16841,16853,280.68,280.88,5,0.22,0.3053,0.3053,1160.1,0
FernRidgeRd_TON_12.03.25_LS,TON,3708,24926,24940,415.43,415.66,6,0.25,0.2723,0.3045,1061.5,0
FernRidgeRd_TON_12.03.25_LS,TON,3723,25208,25235,420.13,420.58,3,0.47,0.3017,0.3017,1819.1,0
FernRidgeRd_TON_12.03.25_LS,TON,3860,32457,32461,540.94,541.01,5,0.08,0.301,0.301,749.4,0
FernRidgeRd_TON_12.03.25_LS,TON,3300,2521,2521,42.02,42.02,1,0.02,0.3002,0.3002,719.5,0
FernRidgeRd_TON_12.03.25_LS,TON,3707,24917,24925,415.28,415.41,2,0.15,0.2994,0.2994,1481.0,0
FernRidgeRd_TON_12.03.25_LS,TON,3331,4620,4626,77.0,77.1,5,0.12,0.2991,0.2991,771.8,0
FernRidgeRd_TON_12.03.25_LS,TON,3401,7928,8078,132.13,134.63,138,2.52,0.1736,0.298,207.8,0
FernRidgeRd_TON_12.03.25_LS,TON,3793,29919,29948,498.64,499.13,9,0.5,0.2274,0.2953,1006.2,0
FernRidgeRd_TON_12.03.25_LS,TON,3534,14709,14718,245.15,245.3,2,0.17,0.2952,0.2952,1056.8,0
FernRidgeRd_TON_12.03.25_LS,TON,3821,30932,30934,515.53,515.56,2,0.05,0.2938,0.2938,268.7,0
FernRidgeRd_TON_12.03.25_LS,TON,3464,12535,12560,208.91,209.33,9,0.43,0.2206,0.2935,1193.4,0
FernRidgeRd_TON_12.03.25_LS,TON,3874,32839,32839,547.31,547.31,1,0.02,0.2929,0.2929,1436.9,0
FernRidgeRd_TON_12.03.25_LS,TON,3829,31387,31415,523.11,523.58,3,0.48,0.2904,0.2904,497.5,0
FernRidgeRd_TON_12.03.25_LS,TON,3321,4139,4141,68.98,69.02,3,0.05,0.2897,0.2897,450.1,0
FernRidgeRd_TON_12.03.25_LS,TON,3920,34839,34847,580.64,580.78,5,0.15,0.2888,0.2888,722.1,0
FernRidgeRd_TON_12.03.25_LS,TON,3801,30345,30345,505.74,505.74,1,0.02,0.2886,0.2886,444.0,0
FernRidgeRd_TON_12.03.25_LS,TON,3571,17123,17134,285.38,285.56,9,0.2,0.2417,0.2877,996.2,0
FernRidgeRd_TON_12.03.25_LS,TON,3913,34690,34691,578.16,578.18,2,0.03,0.2876,0.2876,1048.1,0
FernRidgeRd_TON_12.03.25_LS,TON,3710,24949,24950,415.81,415.83,2,0.03,0.2871,0.2871,1192.5,0
FernRidgeRd_TON_12.03.25_LS,TON,3796,30106,30139,501.76,502.31,7,0.57,0.2441,0.2866,590.6,0
FernRidgeRd_TON_12.03.25_LS,TON,3649,22189,22191,369.81,369.84,2,0.05,0.2834,0.2834,608.2,0
FernRidgeRd_TON_12.03.25_LS,TON,3506,13726,13743,228.76,229.05,12,0.3,0.2102,0.2833,929.7,0
FernRidgeRd_TON_12.03.25_LS,TON,3754,26522,26522,442.03,442.03,1,0.02,0.278,0.278,962.9,0
FernRidgeRd_TON_12.03.25_LS,TON,3870,32702,32738,545.03,545.63,16,0.62,0.2,0.2777,568.9,0
FernRidgeRd_TON_12.03.25_LS,TON,3468,12731,12750,212.18,212.5,9,0.33,0.2179,0.2767,838.8,0
FernRidgeRd_TON_12.03.25_LS,TON,3501,13531,13536,225.51,225.6,5,0.1,0.2757,0.2757,831.2,0
FernRidgeRd_TON_12.03.25_LS,TON,3693,24663,24674,411.04,411.23,7,0.2,0.251,0.2756,626.0,0
FernRidgeRd_TON_12.03.25_LS,TON,3757,26636,26661,443.93,444.34,11,0.43,0.2261,0.275,471.0,0
FernRidgeRd_TON_12.03.25_LS,TON,3797,30108,30124,501.79,502.06,9,0.28,0.2166,0.2734,570.7,0
FernRidgeRd_TON_12.03.25_LS,TON,3356,5836,5877,97.27,97.95,18,0.7,0.1981,0.2731,390.8,0
FernRidgeRd_TON_12.03.25_LS,TON,3835,31795,31807,529.91,530.11,7,0.22,0.2327,0.2722,724.6,0
FernRidgeRd_TON_12.03.25_LS,TON,3427,10680,10709,178.0,178.48,5,0.5,0.272,0.272,3140.8,0
FernRidgeRd_TON_12.03.25_LS,TON,3694,24719,24755,411.98,412.58,6,0.62,0.2495,0.2719,1073.2,0
FernRidgeRd_TON_12.03.25_LS,TON,3737,25529,25535,425.48,425.58,2,0.12,0.2718,0.2718,760.9,0
FernRidgeRd_TON_12.03.25_LS,TON,3711,24972,25015,416.19,416.91,12,0.73,0.2067,0.2697,2103.8,0
FernRidgeRd_TON_12.03.25_LS,TON,3816,30888,30890,514.79,514.83,3,0.05,0.2696,0.2696,267.7,0
FernRidgeRd_TON_12.03.25_LS,TON,3350,5742,5767,95.7,96.12,4,0.43,0.2678,0.2678,466.5,0
FernRidgeRd_TON_12.03.25_LS,TON,3526,14409,14411,240.15,240.18,3,0.05,0.2678,0.2678,834.8,0
FernRidgeRd_TON_12.03.25_LS,TON,3815,30854,30944,514.23,515.73,22,1.52,0.1913,0.2677,326.9,0
FernRidgeRd_TON_12.03.25_LS,TON,3562,16821,16859,280.35,280.98,20,0.65,0.1783,0.2672,1114.2,0
FernRidgeRd_TON_12.03.25_LS,TON,3792,29886,29887,498.09,498.11,2,0.03,0.2658,0.2658,824.2,0
FernRidgeRd_TON_12.03.25_LS,TON,3794,29926,29932,498.76,498.86,2,0.12,0.2655,0.2655,753.8,0
FernRidgeRd_TON_12.03.25_LS,TON,3878,33372,33373,556.19,556.21,2,0.03,0.265,0.265,739.2,0
FernRidgeRd_TON_12.03.25_LS,TON,3697,24774,24816,412.89,413.59,8,0.72,0.2054,0.2612,1589.8,0
FernRidgeRd_TON_12.03.25_LS,TON,3872,32772,32832,546.19,547.19,16,1.02,0.1887,0.2591,502.2,0
FernRidgeRd_TON_12.03.25_LS,TON,3559,16703,16738,278.38,278.96,14,0.6,0.1972,0.2586,930.7,0
FernRidgeRd_TON_12.03.25_LS,TON,3735,25435,25466,423.91,424.43,6,0.53,0.2325,0.2576,5362.3,0
FernRidgeRd_TON_12.03.25_LS,TON,3505,13716,13754,228.6,229.23,9,0.65,0.2041,0.2569,462.0,0
FernRidgeRd_TON_12.03.25_LS,TON,3578,17310,17344,288.5,289.06,10,0.58,0.1982,0.2565,1185.7,0
FernRidgeRd_TON_12.03.25_LS,TON,3725,25240,25242,420.66,420.69,3,0.05,0.2541,0.2541,1976.4,0
FernRidgeRd_TON_12.03.25_LS,TON,3617,19979,19979,332.98,332.98,1,0.02,0.2539,0.2539,653.3,0
FernRidgeRd_TON_12.03.25_LS,TON,3721,25157,25206,419.28,420.09,10,0.83,0.1935,0.2526,1136.9,0
FernRidgeRd_TON_12.03.25_LS,TON,3756,26600,26609,443.33,443.48,5,0.17,0.2524,0.2524,528.0,0
FernRidgeRd_TON_12.03.25_LS,TON,3523,14292,14295,238.2,238.25,4,0.07,0.252,0.252,298.5,0
FernRidgeRd_TON_12.03.25_LS,TON,3633,21669,21669,361.15,361.15,1,0.02,0.2512,0.2512,478.5,0
FernRidgeRd_TON_12.03.25_LS,TON,3883,33628,33628,560.46,560.46,1,0.02,0.2489,0.2489,1093.9,0
FernRidgeRd_TON_12.03.25_LS,TON,3634,21672,21686,361.2,361.43,3,0.25,0.2463,0.2463,424.3,0
FernRidgeRd_TON_12.03.25_LS,TON,3714,25024,25038,417.06,417.29,4,0.25,0.2459,0.2459,818.3,0
FernRidgeRd_TON_12.03.25_LS,TON,3509,13852,13872,230.86,231.2,11,0.35,0.1914,0.2449,494.5,0
FernRidgeRd_TON_12.03.25_LS,TON,3653,22319,22319,371.98,371.98,1,0.02,0.2437,0.2437,1118.7,0
FernRidgeRd_TON_12.03.25_LS,TON,3918,34824,34831,580.39,580.51,3,0.13,0.2435,0.2435,649.0,0
FernRidgeRd_TON_12.03.25_LS,TON,3610,19355,19376,322.58,322.93,10,0.37,0.1959,0.243,547.1,0
FernRidgeRd_TON_12.03.25_LS,TON,3384,7209,7213,120.15,120.22,2,0.08,0.2405,0.2405,857.2,0
FernRidgeRd_TON_12.03.25_LS,TON,3460,12495,12496,208.25,208.26,2,0.03,0.2403,0.2403,908.7,0
FernRidgeRd_TON_12.03.25_LS,TON,3463,12534,12538,208.9,208.96,5,0.08,0.2366,0.2366,430.3,0
FernRidgeRd_TON_12.03.25_LS,TON,3489,13163,13175,219.38,219.58,7,0.22,0.2144,0.2357,913.2,0
FernRidgeRd_TON_12.03.25_LS,TON,3597,18677,18677,311.28,311.28,1,0.02,0.2354,0.2354,1065.2,0
FernRidgeRd_TON_12.03.25_LS,TON,3625,20466,20489,341.1,341.48,4,0.4,0.2353,0.2353,2671.0,0
FernRidgeRd_TON_12.03.25_LS,TON,3291,639,652,10.65,10.87,6,0.23,0.2206,0.2352,453.9,0
FernRidgeRd_TON_12.03.25_LS,TON,3689,24342,24349,405.69,405.81,8,0.13,0.2006,0.2345,411.7,0
FernRidgeRd_TON_12.03.25_LS,TON,3418,8751,8752,145.85,145.86,2,0.03,0.2335,0.2335,514.5,0
FernRidgeRd_TON_12.03.25_LS,TON,3444,11835,11871,197.25,197.85,6,0.62,0.2129,0.2333,1379.1,0
FernRidgeRd_TON_12.03.25_LS,TON,3852,32154,32154,535.89,535.89,1,0.02,0.2328,0.2328,592.7,0
FernRidgeRd_TON_12.03.25_LS,TON,3745,26156,26170,435.93,436.16,11,0.25,0.1684,0.2327,1090.4,0
FernRidgeRd_TON_12.03.25_LS,TON,3898,34199,34203,569.98,570.04,2,0.08,0.2321,0.2321,684.0,0
FernRidgeRd_TON_12.03.25_LS,TON,3869,32689,32689,544.81,544.81,1,0.02,0.2319,0.2319,590.9,0
FernRidgeRd_TON_12.03.25_LS,TON,3327,4465,4468,74.42,74.47,3,0.07,0.2308,0.2308,464.5,0
FernRidgeRd_TON_12.03.25_LS,TON,3906,34460,34460,574.33,574.33,1,0.02,0.2307,0.2307,875.6,0
FernRidgeRd_TON_12.03.25_LS,TON,3377,6919,6919,115.32,115.32,1,0.02,0.2302,0.2302,356.1,0
FernRidgeRd_TON_12.03.25_LS,TON,3379,7010,7015,116.83,116.92,4,0.1,0.2299,0.2299,488.2,0
FernRidgeRd_TON_12.03.25_LS,TON,3382,7181,7187,119.68,119.78,3,0.12,0.2298,0.2298,1038.6,0
FernRidgeRd_TON_12.03.25_LS,TON,3813,30814,30815,513.56,513.58,2,0.03,0.2295,0.2295,484.4,0
FernRidgeRd_TON_12.03.25_LS,TON,3531,14650,14717,244.16,245.28,11,1.13,0.1658,0.2291,1100.6,0
FernRidgeRd_TON_12.03.25_LS,TON,3415,8095,8098,134.91,134.96,3,0.07,0.2289,0.2289,406.1,0
FernRidgeRd_TON_12.03.25_LS,TON,3477,12991,13024,216.51,217.06,4,0.57,0.2289,0.2289,796.9,0
FernRidgeRd_TON_12.03.25_LS,TON,3580,17336,17346,288.93,289.1,11,0.18,0.1771,0.2289,907.1,0
FernRidgeRd_TON_12.03.25_LS,TON,3439,11616,11616,193.6,193.6,1,0.02,0.2278,0.2278,486.7,0
FernRidgeRd_TON_12.03.25_LS,TON,3629,20790,20806,346.5,346.76,8,0.28,0.1933,0.2266,714.1,0
FernRidgeRd_TON_12.03.25_LS,TON,3527,14525,14540,242.08,242.33,3,0.27,0.2262,0.2262,1152.0,0
FernRidgeRd_TON_12.03.25_LS,TON,3748,26349,26349,439.14,439.14,1,0.02,0.2236,0.2236,813.5,0
FernRidgeRd_TON_12.03.25_LS,TON,3875,32899,32933,548.31,548.88,3,0.58,0.2232,0.2232,2149.5,0
FernRidgeRd_TON_12.03.25_LS,TON,3532,14655,14670,244.25,244.5,5,0.27,0.2229,0.2229,976.8,0
FernRidgeRd_TON_12.03.25_LS,TON,3800,30302,30336,505.03,505.59,8,0.58,0.1827,0.2227,578.2,0
FernRidgeRd_TON_12.03.25_LS,TON,3677,23136,23139,385.59,385.64,3,0.07,0.2226,0.2226,1172.3,0
FernRidgeRd_TON_12.03.25_LS,TON,3910,34619,34630,576.98,577.16,6,0.2,0.2085,0.2225,737.2,0
FernRidgeRd_TON_12.03.25_LS,TON,3887,33691,33751,561.51,562.51,6,1.02,0.207,0.2224,759.1,0
FernRidgeRd_TON_12.03.25_LS,TON,3297,1261,1281,21.02,21.35,7,0.35,0.1889,0.2217,639.6,0
FernRidgeRd_TON_12.03.25_LS,TON,3449,12055,12074,200.91,201.23,7,0.33,0.1901,0.2215,456.6,0
FernRidgeRd_TON_12.03.25_LS,TON,3378,6963,6963,116.05,116.05,1,0.02,0.2214,0.2214,564.8,0
FernRidgeRd_TON_12.03.25_LS,TON,3435,11024,11034,183.73,183.9,3,0.18,0.2211,0.2211,2535.5,0
FernRidgeRd_TON_12.03.25_LS,TON,3455,12291,12304,204.85,205.06,6,0.23,0.2026,0.2197,911.8,0
FernRidgeRd_TON_12.03.25_LS,TON,3705,24911,24923,415.18,415.38,4,0.22,0.2196,0.2196,1329.7,0
FernRidgeRd_TON_12.03.25_LS,TON,3485,13098,13168,218.3,219.46,13,1.18,0.1596,0.2194,864.5,0
FernRidgeRd_TON_12.03.25_LS,TON,3642,22019,22023,366.98,367.04,3,0.08,0.2194,0.2194,406.2,0
FernRidgeRd_TON_12.03.25_LS,TON,3841,31853,31869,530.88,531.14,5,0.28,0.2187,0.2187,541.9,0
FernRidgeRd_TON_12.03.25_LS,TON,3567,16981,16983,283.01,283.05,3,0.05,0.2183,0.2183,907.2,0
FernRidgeRd_TON_12.03.25_LS,TON,3718,25123,25150,418.71,419.16,4,0.47,0.2179,0.2179,983.0,0
FernRidgeRd_TON_12.03.25_LS,TON,3595,18632,18636,310.53,310.6,2,0.08,0.2173,0.2173,2231.6,0
FernRidgeRd_TON_12.03.25_LS,TON,3779,28977,29026,482.94,483.76,8,0.83,0.1836,0.2169,1125.9,0
FernRidgeRd_TON_12.03.25_LS,TON,3884,33643,33691,560.71,561.51,10,0.82,0.1808,0.2165,673.8,0
FernRidgeRd_TON_12.03.25_LS,TON,3343,5298,5328,88.3,88.8,6,0.52,0.198,0.2158,801.1,0
FernRidgeRd_TON_12.03.25_LS,TON,3787,29490,29494,491.49,491.56,3,0.08,0.2156,0.2156,702.3,0
FernRidgeRd_TON_12.03.25_LS,TON,3908,34610,34614,576.83,576.89,3,0.08,0.2147,0.2147,1252.7,0
FernRidgeRd_TON_12.03.25_LS,TON,3769,28032,28033,467.19,467.21,2,0.03,0.2144,0.2144,416.0,0
FernRidgeRd_TON_12.03.25_LS,TON,3334,4882,4892,81.37,81.53,7,0.18,0.1843,0.2142,900.6,0
FernRidgeRd_TON_12.03.25_LS,TON,3696,24774,24785,412.89,413.08,6,0.2,0.2018,0.2135,1054.0,0
FernRidgeRd_TON_12.03.25_LS,TON,3553,16448,16450,274.13,274.16,3,0.05,0.2119,0.2119,778.4,0
FernRidgeRd_TON_12.03.25_LS,TON,3762,27375,27375,456.24,456.24,1,0.02,0.2116,0.2116,594.9,0
FernRidgeRd_TON_12.03.25_LS,TON,3602,18837,18837,313.95,313.95,1,0.02,0.2115,0.2115,808.6,0
FernRidgeRd_TON_12.03.25_LS,TON,3488,13157,13193,219.28,219.88,10,0.62,0.1645,0.211,465.3,0
FernRidgeRd_TON_12.03.25_LS,TON,3391,7381,7389,123.01,123.15,2,0.15,0.2099,0.2099,383.1,0
FernRidgeRd_TON_12.03.25_LS,TON,3788,29490,29499,491.49,491.64,5,0.17,0.2098,0.2098,488.7,0
FernRidgeRd_TON_12.03.25_LS,TON,3780,29075,29094,484.58,484.89,4,0.33,0.2093,0.2093,567.8,0
FernRidgeRd_TON_12.03.25_LS,TON,3775,28515,28515,475.24,475.24,1,0.02,0.2088,0.2088,883.6,0
FernRidgeRd_TON_12.03.25_LS,TON,3838,31810,31810,530.16,530.16,1,0.02,0.2088,0.2088,690.5,0
FernRidgeRd_TON_12.03.25_LS,TON,3894,34142,34166,569.03,569.43,6,0.42,0.2045,0.2088,654.8,0
FernRidgeRd_TON_12.03.25_LS,TON,3474,12911,12944,215.18,215.73,4,0.57,0.2087,0.2087,840.8,0
FernRidgeRd_TON_12.03.25_LS,TON,3554,16485,16510,274.75,275.16,11,0.43,0.1709,0.2085,888.4,0
FernRidgeRd_TON_12.03.25_LS,TON,3583,17419,17419,290.31,290.31,1,0.02,0.2084,0.2084,706.1,0
FernRidgeRd_TON_12.03.25_LS,TON,3672,22953,22958,382.54,382.63,5,0.1,0.2083,0.2083,899.4,0
FernRidgeRd_TON_12.03.25_LS,TON,3776,28875,28875,481.24,481.24,1,0.02,0.2074,0.2074,653.2,0
FernRidgeRd_TON_12.03.25_LS,TON,3316,3712,3726,61.87,62.1,6,0.25,0.1891,0.2069,481.9,0
FernRidgeRd_TON_12.03.25_LS,TON,3521,14221,14221,237.01,237.01,1,0.02,0.2061,0.2061,1145.8,0
FernRidgeRd_TON_12.03.25_LS,TON,3679,23439,23439,390.64,390.64,1,0.02,0.2061,0.2061,469.5,0
FernRidgeRd_TON_12.03.25_LS,TON,3493,13203,13229,220.05,220.48,6,0.45,0.1887,0.2058,750.1,0
FernRidgeRd_TON_12.03.25_LS,TON,3452,12191,12199,203.18,203.31,2,0.15,0.2055,0.2055,485.7,0
FernRidgeRd_TON_12.03.25_LS,TON,3540,15650,15661,260.83,261.01,11,0.2,0.1707,0.2041,1072.8,0
FernRidgeRd_TON_12.03.25_LS,TON,3402,7942,8078,132.36,134.63,113,2.28,0.1358,0.203,206.6,0
FernRidgeRd_TON_12.03.25_LS,TON,3440,11620,11620,193.66,193.66,1,0.02,0.2028,0.2028,561.0,0
FernRidgeRd_TON_12.03.25_LS,TON,3314,3532,3536,58.87,58.93,4,0.08,0.2027,0.2027,844.0,0
FernRidgeRd_TON_12.03.25_LS,TON,3399,7825,7837,130.41,130.61,8,0.22,0.1734,0.2024,370.7,0
FernRidgeRd_TON_12.03.25_LS,TON,3491,13175,13175,219.58,219.58,1,0.02,0.2022,0.2022,928.2,0
FernRidgeRd_TON_12.03.25_LS,TON,3288,572,586,9.53,9.77,8,0.25,0.1687,0.2017,331.6,0
FernRidgeRd_TON_12.03.25_LS,TON,3476,12988,13024,216.46,217.06,5,0.62,0.2016,0.2016,593.3,0
FernRidgeRd_TON_12.03.25_LS,TON,3804,30553,30585,509.21,509.74,4,0.55,0.2011,0.2011,1536.7,0
FernRidgeRd_TON_12.03.25_LS,TON,3306,2944,2944,49.07,49.07,1,0.02,0.2008,0.2008,1373.5,0
FernRidgeRd_TON_12.03.25_LS,TON,3393,7560,7582,126.0,126.36,9,0.38,0.1687,0.2005,474.3,0
FernRidgeRd_TON_12.03.25_LS,TON,3587,18045,18047,300.75,300.78,3,0.05,0.2003,0.2003,807.5,0
FernRidgeRd_TON_12.03.25_LS,TON,3742,25725,25726,428.74,428.76,2,0.03,0.2003,0.2003,3120.9,0
FernRidgeRd_TON_12.03.25_LS,TON,3576,17232,17261,287.2,287.68,8,0.5,0.1674,0.1997,1132.8,0
FernRidgeRd_TON_12.03.25_LS,TON,3613,19575,19579,326.25,326.31,2,0.08,0.1997,0.1997,530.2,0
FernRidgeRd_TON_12.03.25_LS,TON,3609,19121,19121,318.68,318.68,1,0.02,0.1987,0.1987,774.5,0
FernRidgeRd_TON_12.03.25_LS,TON,3390,7372,7372,122.86,122.86,1,0.02,0.1985,0.1985,441.5,0
FernRidgeRd_TON_12.03.25_LS,TON,3678,23152,23163,385.86,386.04,6,0.2,0.1846,0.198,1557.2,0
FernRidgeRd_TON_12.03.25_LS,TON,3590,18410,18410,306.83,306.83,1,0.02,0.1979,0.1979,1096.5,0
FernRidgeRd_TON_12.03.25_LS,TON,3341,5167,5169,86.12,86.15,3,0.05,0.1966,0.1966,693.7,0
FernRidgeRd_TON_12.03.25_LS,TON,3515,13996,14026,233.26,233.76,7,0.52,0.179,0.1963,892.7,0
FernRidgeRd_TON_12.03.25_LS,TON,3518,14073,14074,234.55,234.56,2,0.03,0.196,0.196,901.8,0
FernRidgeRd_TON_12.03.25_LS,TON,3522,14273,14285,237.88,238.08,5,0.22,0.196,0.196,841.1,0
FernRidgeRd_TON_12.03.25_LS,TON,3500,13491,13517,224.85,225.28,5,0.45,0.1955,0.1955,591.8,0
FernRidgeRd_TON_12.03.25_LS,TON,3552,16320,16365,272.0,272.75,7,0.77,0.1725,0.1954,573.9,0
FernRidgeRd_TON_12.03.25_LS,TON,3324,4268,4338,71.13,72.3,7,1.18,0.1761,0.195,633.5,0
FernRidgeRd_TON_12.03.25_LS,TON,3499,13486,13486,224.76,224.76,1,0.02,0.1948,0.1948,646.3,0
FernRidgeRd_TON_12.03.25_LS,TON,3432,10852,10852,180.86,180.86,1,0.02,0.1947,0.1947,371.9,0
FernRidgeRd_TON_12.03.25_LS,TON,3886,33680,33680,561.33,561.33,1,0.02,0.1944,0.1944,598.9,0
FernRidgeRd_TON_12.03.25_LS,TON,3422,9200,9229,153.33,153.81,2,0.5,0.1938,0.1938,795.4,0
FernRidgeRd_TON_12.03.25_LS,TON,3448,11989,11992,199.81,199.86,3,0.07,0.1937,0.1937,764.3,0
FernRidgeRd_TON_12.03.25_LS,TON,3652,22288,22290,371.46,371.49,3,0.05,0.1935,0.1935,439.8,0
FernRidgeRd_TON_12.03.25_LS,TON,3713,25004,25004,416.73,416.73,1,0.02,0.1934,0.1934,1796.1,0
FernRidgeRd_TON_12.03.25_LS,TON,3871,32728,32741,545.46,545.68,3,0.23,0.1934,0.1934,838.3,0
FernRidgeRd_TON_12.03.25_LS,TON,3313,3422,3422,57.03,57.03,1,0.02,0.1931,0.1931,646.8,0
FernRidgeRd_TON_12.03.25_LS,TON,3431,10849,10853,180.81,180.88,2,0.08,0.1931,0.1931,472.9,0
FernRidgeRd_TON_12.03.25_LS,TON,3739,25567,25567,426.11,426.11,1,0.02,0.1923,0.1923,492.4,0
FernRidgeRd_TON_12.03.25_LS,TON,3389,7366,7386,122.76,123.1,4,0.35,0.192,0.192,530.3,0
FernRidgeRd_TON_12.03.25_LS,TON,3730,25287,25348,421.44,422.46,6,1.03,0.1795,0.192,1070.1,0
FernRidgeRd_TON_12.03.25_LS,TON,3716,25066,25089,417.76,418.14,5,0.4,0.1887,0.1887,552.7,0
FernRidgeRd_TON_12.03.25_LS,TON,3514,13905,13905,231.75,231.75,1,0.02,0.1886,0.1886,598.7,0
FernRidgeRd_TON_12.03.25_LS,TON,3572,17144,17152,285.73,285.86,9,0.15,0.1642,0.1873,959.1,0
FernRidgeRd_TON_12.03.25_LS,TON,3582,17408,17408,290.13,290.13,1,0.02,0.1861,0.1861,882.0,0
FernRidgeRd_TON_12.03.25_LS,TON,3655,22347,22349,372.44,372.48,3,0.05,0.1856,0.1856,493.3,0
FernRidgeRd_TON_12.03.25_LS,TON,3295,942,942,15.7,15.7,1,0.02,0.1852,0.1852,408.8,0
FernRidgeRd_TON_12.03.25_LS,TON,3795,29994,29994,499.89,499.89,1,0.02,0.1845,0.1845,565.0,0
FernRidgeRd_TON_12.03.25_LS,TON,3601,18814,18815,313.56,313.58,2,0.03,0.1843,0.1843,818.6,0
FernRidgeRd_TON_12.03.25_LS,TON,3369,6660,6662,111.0,111.03,3,0.05,0.1841,0.1841,464.1,0
FernRidgeRd_TON_12.03.25_LS,TON,3428,10700,10702,178.33,178.36,3,0.05,0.1835,0.1835,2013.1,0
FernRidgeRd_TON_12.03.25_LS,TON,3564,16893,16928,281.55,282.13,5,0.6,0.1829,0.1829,931.3,0
FernRidgeRd_TON_12.03.25_LS,TON,3811,30797,30805,513.28,513.41,9,0.15,0.1571,0.1829,373.3,0
FernRidgeRd_TON_12.03.25_LS,TON,3568,16982,16982,283.03,283.03,1,0.02,0.1825,0.1825,779.1,0
FernRidgeRd_TON_12.03.25_LS,TON,3832,31622,31622,527.03,527.03,1,0.02,0.1821,0.1821,227.5,0
FernRidgeRd_TON_12.03.25_LS,TON,3616,19891,19891,331.51,331.51,1,0.02,0.182,0.182,760.4,0
FernRidgeRd_TON_12.03.25_LS,TON,3789,29551,29571,492.51,492.84,5,0.35,0.1816,0.1816,547.2,0
FernRidgeRd_TON_12.03.25_LS,TON,3548,15897,15937,264.95,265.61,9,0.68,0.1529,0.1814,837.9,0
FernRidgeRd_TON_12.03.25_LS,TON,3888,33796,33797,563.26,563.28,2,0.03,0.1814,0.1814,776.5,0
FernRidgeRd_TON_12.03.25_LS,TON,3790,29614,29623,493.56,493.71,9,0.17,0.1548,0.181,453.0,0
FernRidgeRd_TON_12.03.25_LS,TON,3675,23000,23009,383.33,383.48,3,0.17,0.1806,0.1806,1477.8,0
FernRidgeRd_TON_12.03.25_LS,TON,3538,15532,15532,258.86,258.86,1,0.02,0.1805,0.1805,1605.5,0
FernRidgeRd_TON_12.03.25_LS,TON,3330,4538,4538,75.63,75.63,1,0.02,0.1797,0.1797,639.8,0
FernRidgeRd_TON_12.03.25_LS,TON,3437,11546,11547,192.43,192.45,2,0.03,0.1793,0.1793,611.5,0
FernRidgeRd_TON_12.03.25_LS,TON,3840,31838,31842,530.63,530.69,5,0.08,0.1793,0.1793,619.3,0
FernRidgeRd_TON_12.03.25_LS,TON,3687,24255,24255,404.24,404.24,1,0.02,0.1792,0.1792,1148.6,0
FernRidgeRd_TON_12.03.25_LS,TON,3397,7720,7723,128.66,128.71,3,0.07,0.1791,0.1791,1342.3,0
FernRidgeRd_TON_12.03.25_LS,TON,3319,3989,3989,66.48,66.48,1,0.02,0.1789,0.1789,639.3,0
FernRidgeRd_TON_12.03.25_LS,TON,3461,12497,12533,208.28,208.88,4,0.62,0.1788,0.1788,1016.1,0
FernRidgeRd_TON_12.03.25_LS,TON,3361,5860,5860,97.67,97.67,1,0.02,0.178,0.178,370.2,0
FernRidgeRd_TON_12.03.25_LS,TON,3837,31803,31822,530.04,530.36,3,0.33,0.1774,0.1774,1170.5,0
FernRidgeRd_TON_12.03.25_LS,TON,3594,18573,18573,309.55,309.55,1,0.02,0.1772,0.1772,1308.8,0
FernRidgeRd_TON_12.03.25_LS,TON,3885,33678,33679,561.29,561.31,2,0.03,0.1766,0.1766,519.1,0
FernRidgeRd_TON_12.03.25_LS,TON,3598,18698,18701,311.63,311.68,4,0.07,0.1762,0.1762,363.4,0
FernRidgeRd_TON_12.03.25_LS,TON,3643,22060,22069,367.66,367.81,2,0.17,0.1762,0.1762,1193.4,0
FernRidgeRd_TON_12.03.25_LS,TON,3709,24928,24928,415.46,415.46,1,0.02,0.1756,0.1756,1355.2,0
FernRidgeRd_TON_12.03.25_LS,TON,3465,12659,12672,210.98,211.2,6,0.23,0.1626,0.175,1045.1,0
FernRidgeRd_TON_12.03.25_LS,TON,3818,30901,30922,515.01,515.36,6,0.37,0.1686,0.1747,310.9,0
FernRidgeRd_TON_12.03.25_LS,TON,3624,20397,20411,339.95,340.18,2,0.25,0.1746,0.1746,982.0,0
FernRidgeRd_TON_12.03.25_LS,TON,3413,8075,8075,134.58,134.58,1,0.02,0.1742,0.1742,294.8,0
FernRidgeRd_TON_12.03.25_LS,TON,3333,4835,4861,80.58,81.02,2,0.45,0.1737,0.1737,718.3,0
FernRidgeRd_TON_12.03.25_LS,TON,3339,5061,5061,84.35,84.35,1,0.02,0.1737,0.1737,565.8,0
FernRidgeRd_TON_12.03.25_LS,TON,3423,9672,9672,161.2,161.2,1,0.02,0.1737,0.1737,450.8,0
FernRidgeRd_TON_12.03.25_LS,TON,3495,13321,13321,222.01,222.01,1,0.02,0.1736,0.1736,473.2,0
FernRidgeRd_TON_12.03.25_LS,TON,3645,22105,22116,368.41,368.59,5,0.2,0.1735,0.1735,1099.5,0
FernRidgeRd_TON_12.03.25_LS,TON,3581,17361,17364,289.35,289.4,3,0.07,0.1732,0.1732,837.8,0
FernRidgeRd_TON_12.03.25_LS,TON,3302,2641,2659,44.02,44.32,6,0.32,0.1624,0.173,856.7,0
FernRidgeRd_TON_12.03.25_LS,TON,3855,32255,32257,537.58,537.61,2,0.05,0.173,0.173,388.9,0
FernRidgeRd_TON_12.03.25_LS,TON,3354,5771,5774,96.18,96.23,4,0.07,0.1725,0.1725,473.8,0
FernRidgeRd_TON_12.03.25_LS,TON,3510,13863,13897,231.05,231.61,5,0.58,0.1725,0.1725,566.3,0
FernRidgeRd_TON_12.03.25_LS,TON,3344,5315,5316,88.58,88.6,2,0.03,0.1723,0.1723,398.4,0
FernRidgeRd_TON_12.03.25_LS,TON,3322,4168,4169,69.47,69.48,2,0.03,0.172,0.172,604.1,0
FernRidgeRd_TON_12.03.25_LS,TON,3459,12437,12438,207.28,207.3,2,0.03,0.1719,0.1719,389.8,0
FernRidgeRd_TON_12.03.25_LS,TON,3525,14344,14344,239.06,239.06,1,0.02,0.1714,0.1714,527.3,0
FernRidgeRd_TON_12.03.25_LS,TON,3681,23509,23509,391.81,391.81,1,0.02,0.1709,0.1709,1365.4,0
FernRidgeRd_TON_12.03.25_LS,TON,3421,8957,8957,149.28,149.28,1,0.02,0.1703,0.1703,610.5,0
FernRidgeRd_TON_12.03.25_LS,TON,3623,20396,20396,339.93,339.93,1,0.02,0.1694,0.1694,818.5,0
FernRidgeRd_TON_12.03.25_LS,TON,3680,23472,23472,391.19,391.19,1,0.02,0.169,0.169,516.2,0
FernRidgeRd_TON_12.03.25_LS,TON,3434,10944,10944,182.4,182.4,1,0.02,0.1687,0.1687,480.8,0
FernRidgeRd_TON_12.03.25_LS,TON,3603,18840,18855,314.0,314.25,5,0.27,0.1686,0.1686,651.6,0
FernRidgeRd_TON_12.03.25_LS,TON,3607,19093,19093,318.21,318.21,1,0.02,0.1683,0.1683,867.5,0
FernRidgeRd_TON_12.03.25_LS,TON,3403,7943,8076,132.38,134.6,73,2.23,0.12,0.168,200.1,0
FernRidgeRd_TON_12.03.25_LS,TON,3786,29378,29378,489.63,489.63,1,0.02,0.1678,0.1678,705.7,0
FernRidgeRd_TON_12.03.25_LS,TON,3824,31020,31049,516.99,517.48,13,0.5,0.1354,0.1677,357.2,0
FernRidgeRd_TON_12.03.25_LS,TON,3873,32837,32838,547.28,547.29,2,0.03,0.1677,0.1677,594.4,0
FernRidgeRd_TON_12.03.25_LS,TON,3565,16907,16910,281.78,281.83,2,0.07,0.1673,0.1673,1011.8,0
FernRidgeRd_TON_12.03.25_LS,TON,3828,31374,31377,522.89,522.94,2,0.07,0.1666,0.1666,534.5,0
FernRidgeRd_TON_12.03.25_LS,TON,3834,31792,31793,529.86,529.88,2,0.03,0.1664,0.1664,230.2,0
FernRidgeRd_TON_12.03.25_LS,TON,3478,12997,12997,216.61,216.61,1,0.02,0.1663,0.1663,376.4,0
FernRidgeRd_TON_12.03.25_LS,TON,3614,19723,19738,328.71,328.96,4,0.27,0.1659,0.1659,1666.5,0
FernRidgeRd_TON_12.03.25_LS,TON,3450,12080,12081,201.33,201.35,2,0.03,0.1658,0.1658,346.4,0
FernRidgeRd_TON_12.03.25_LS,TON,3508,13800,13834,230.0,230.56,4,0.58,0.1656,0.1656,420.5,0
FernRidgeRd_TON_12.03.25_LS,TON,3700,24871,24875,414.51,414.58,5,0.08,0.1655,0.1655,350.0,0
FernRidgeRd_TON_12.03.25_LS,TON,3785,29306,29306,488.43,488.43,1,0.02,0.1643,0.1643,623.3,0
FernRidgeRd_TON_12.03.25_LS,TON,3346,5359,5360,89.32,89.33,2,0.03,0.164,0.164,424.2,0
FernRidgeRd_TON_12.03.25_LS,TON,3798,30133,30137,502.21,502.28,2,0.08,0.1634,0.1634,548.9,0
FernRidgeRd_TON_12.03.25_LS,TON,3698,24832,24844,413.86,414.06,3,0.22,0.1631,0.1631,1321.0,0
FernRidgeRd_TON_12.03.25_LS,TON,3765,27878,27878,464.63,464.63,1,0.02,0.1631,0.1631,946.4,0
FernRidgeRd_TON_12.03.25_LS,TON,3484,13087,13087,218.11,218.11,1,0.02,0.1628,0.1628,781.0,0
FernRidgeRd_TON_12.03.25_LS,TON,3734,25405,25411,423.41,423.51,5,0.12,0.1628,0.1628,786.7,0
FernRidgeRd_TON_12.03.25_LS,TON,3600,18777,18797,312.95,313.28,2,0.35,0.1627,0.1627,628.6,0
FernRidgeRd_TON_12.03.25_LS,TON,3445,11935,11946,198.91,199.1,6,0.2,0.1539,0.1623,1532.3,0
FernRidgeRd_TON_12.03.25_LS,TON,3732,25309,25335,421.81,422.24,8,0.45,0.1427,0.1623,715.2,0
FernRidgeRd_TON_12.03.25_LS,TON,3386,7318,7322,121.96,122.03,3,0.08,0.1622,0.1622,284.6,0
FernRidgeRd_TON_12.03.25_LS,TON,3287,525,531,8.75,8.85,4,0.12,0.162,0.162,270.6,0
FernRidgeRd_TON_12.03.25_LS,TON,3469,12746,12746,212.43,212.43,1,0.02,0.1619,0.1619,888.6,0
FernRidgeRd_TON_12.03.25_LS,TON,3618,20031,20031,333.85,333.85,1,0.02,0.1617,0.1617,324.1,0
FernRidgeRd_TON_12.03.25_LS,TON,3556,16554,16558,275.9,275.96,5,0.08,0.1616,0.1616,679.6,0
FernRidgeRd_TON_12.03.25_LS,TON,3826,31206,31207,520.09,520.11,2,0.03,0.1613,0.1613,262.1,0
FernRidgeRd_TON_12.03.25_LS,TON,3373,6826,6826,113.77,113.77,1,0.02,0.1603,0.1603,449.9,0
FernRidgeRd_TON_12.03.25_LS,TON,3430,10792,10829,179.86,180.48,3,0.63,0.1597,0.1597,811.4,0
FernRidgeRd_TON_12.03.25_LS,TON,3628,20679,20679,344.65,344.65,1,0.02,0.1588,0.1588,3610.7,0
FernRidgeRd_TON_12.03.25_LS,TON,3722,25192,25192,419.86,419.86,1,0.02,0.1586,0.1586,675.6,0
FernRidgeRd_TON_12.03.25_LS,TON,3475,12936,12958,215.6,215.96,4,0.38,0.1585,0.1585,730.3,0
FernRidgeRd_TON_12.03.25_LS,TON,3436,11326,11326,188.76,188.76,1,0.02,0.158,0.158,684.2,0
FernRidgeRd_TON_12.03.25_LS,TON,3805,30576,30577,509.59,509.61,2,0.03,0.1577,0.1577,882.7,0
FernRidgeRd_TON_12.03.25_LS,TON,3482,13056,13058,217.6,217.63,3,0.05,0.1568,0.1568,802.3,0
FernRidgeRd_TON_12.03.25_LS,TON,3550,15935,15937,265.58,265.61,3,0.05,0.1567,0.1567,965.1,0
FernRidgeRd_TON_12.03.25_LS,TON,3644,22071,22071,367.84,367.84,1,0.02,0.1564,0.1564,682.8,0
FernRidgeRd_TON_12.03.25_LS,TON,3294,683,709,11.38,11.82,5,0.45,0.1554,0.1554,426.0,0
FernRidgeRd_TON_12.03.25_LS,TON,3486,13128,13128,218.8,218.8,1,0.02,0.1554,0.1554,868.9,0
FernRidgeRd_TON_12.03.25_LS,TON,3667,22470,22476,374.49,374.59,3,0.12,0.1553,0.1553,420.4,0
FernRidgeRd_TON_12.03.25_LS,TON,3293,641,643,10.68,10.72,3,0.05,0.1552,0.1552,444.8,0
FernRidgeRd_TON_12.03.25_LS,TON,3611,19366,19366,322.76,322.76,1,0.02,0.1552,0.1552,738.6,0
FernRidgeRd_TON_12.03.25_LS,TON,3736,25507,25528,425.11,425.46,4,0.37,0.1548,0.1548,960.2,0
FernRidgeRd_TON_12.03.25_LS,TON,3336,4931,4932,82.18,82.2,2,0.03,0.1546,0.1546,975.3,0
FernRidgeRd_TON_12.03.25_LS,TON,3902,34372,34373,572.86,572.88,2,0.03,0.1546,0.1546,761.9,0
FernRidgeRd_TON_12.03.25_LS,TON,3854,32204,32204,536.73,536.73,1,0.02,0.1545,0.1545,1090.4,0
FernRidgeRd_TON_12.03.25_LS,TON,3419,8752,8752,145.86,145.86,1,0.02,0.1537,0.1537,482.2,0
FernRidgeRd_TON_12.03.25_LS,TON,3347,5529,5529,92.15,92.15,1,0.02,0.1535,0.1535,545.0,0
FernRidgeRd_TON_12.03.25_LS,TON,3891,33934,33934,565.56,565.56,1,0.02,0.1533,0.1533,775.6,0
FernRidgeRd_TON_12.03.25_LS,TON,3774,28510,28510,475.16,475.16,1,0.02,0.1531,0.1531,972.6,0
FernRidgeRd_TON_12.03.25_LS,TON,3627,20560,20560,342.66,342.66,1,0.02,0.1528,0.1528,190.6,0
FernRidgeRd_TON_12.03.25_LS,TON,3325,4268,4268,71.13,71.13,1,0.02,0.1525,0.1525,683.1,0
FernRidgeRd_TON_12.03.25_LS,TON,3420,8786,8786,146.43,146.43,1,0.02,0.1524,0.1524,752.3,0
FernRidgeRd_TON_12.03.25_LS,TON,3332,4661,4661,77.68,77.68,1,0.02,0.1517,0.1517,590.2,0
FernRidgeRd_TON_12.03.25_LS,TON,3849,31954,31972,532.56,532.86,7,0.32,0.1379,0.1513,215.6,0
FernRidgeRd_TON_12.03.25_LS,TON,3519,14195,14218,236.58,236.96,5,0.4,0.1512,0.1512,1287.4,0
FernRidgeRd_TON_12.03.25_LS,TON,3901,34339,34339,572.31,572.31,1,0.02,0.1511,0.1511,1195.6,0
FernRidgeRd_TON_12.03.25_LS,TON,3529,14540,14540,242.33,242.33,1,0.02,0.151,0.151,832.7,0
FernRidgeRd_TON_12.03.25_LS,TON,3585,17727,17731,295.45,295.51,4,0.08,0.151,0.151,871.8,0
FernRidgeRd_TON_12.03.25_LS,TON,3592,18475,18481,307.91,308.01,2,0.12,0.1507,0.1507,1093.9,0
FernRidgeRd_TON_12.03.25_LS,TON,3561,16768,16769,279.46,279.48,2,0.03,0.1506,0.1506,922.3,0
FernRidgeRd_TON_12.03.25_LS,TON,3819,30902,30905,515.03,515.08,2,0.07,0.1506,0.1506,286.5,0
FernRidgeRd_TON_12.03.25_LS,TON,3335,4924,4929,82.07,82.15,3,0.1,0.1503,0.1503,1414.9,0
FernRidgeRd_TON_12.03.25_LS,TON,3454,12240,12241,204.0,204.01,2,0.03,0.1502,0.1502,406.7,0
FernRidgeRd_TON_12.03.25_LS,TON,3827,31250,31250,520.83,520.83,1,0.02,0.15,0.15,555.4,0
FernRidgeRd_TON_12.03.25_LS,TON,3923,34951,34952,582.51,582.53,2,0.03,0.1497,0.1497,1453.5,0
FernRidgeRd_TON_12.03.25_LS,TON,3806,30625,30634,510.41,510.56,5,0.17,0.1496,0.1496,683.9,0
FernRidgeRd_TON_12.03.25_LS,TON,3772,28395,28399,473.24,473.31,3,0.08,0.1494,0.1494,770.7,0
FernRidgeRd_TON_12.03.25_LS,TON,3497,13364,13364,222.73,222.73,1,0.02,0.1493,0.1493,765.7,0
FernRidgeRd_TON_12.03.25_LS,TON,3684,23600,23609,393.33,393.48,2,0.17,0.1493,0.1493,310.9,0
FernRidgeRd_TON_12.03.25_LS,TON,3438,11614,11614,193.56,193.56,1,0.02,0.1492,0.1492,457.4,0
FernRidgeRd_TON_12.03.25_LS,TON,3782,29195,29195,486.58,486.58,1,0.02,0.1492,0.1492,463.6,0
FernRidgeRd_TON_12.03.25_LS,TON,3859,32394,32394,539.89,539.89,1,0.02,0.1491,0.1491,290.2,0
FernRidgeRd_TON_12.03.25_LS,TON,3502,13531,13532,225.51,225.53,2,0.03,0.1487,0.1487,998.5,0
FernRidgeRd_TON_12.03.25_LS,TON,3569,16983,16983,283.05,283.05,1,0.02,0.1486,0.1486,1178.9,0
FernRidgeRd_TON_12.03.25_LS,TON,3820,30905,30905,515.08,515.08,1,0.02,0.1485,0.1485,286.1,0
FernRidgeRd_TON_12.03.25_LS,TON,3298,2303,2303,38.38,38.38,1,0.02,0.1484,0.1484,837.7,0
FernRidgeRd_TON_12.03.25_LS,TON,3490,13172,13181,219.53,219.68,5,0.17,0.1481,0.1481,657.0,0
FernRidgeRd_TON_12.03.25_LS,TON,3802,30353,30353,505.88,505.88,1,0.02,0.1477,0.1477,465.8,0
FernRidgeRd_TON_12.03.25_LS,TON,3512,13895,13895,231.58,231.58,1,0.02,0.1475,0.1475,599.6,0
FernRidgeRd_TON_12.03.25_LS,TON,3781,29075,29093,484.58,484.88,2,0.32,0.1473,0.1473,761.6,0
FernRidgeRd_TON_12.03.25_LS,TON,3650,22231,22231,370.51,370.51,1,0.02,0.1467,0.1467,818.8,0
FernRidgeRd_TON_12.03.25_LS,TON,3591,18443,18445,307.38,307.41,3,0.05,0.1462,0.1462,1096.2,0
FernRidgeRd_TON_12.03.25_LS,TON,3301,2556,2556,42.6,42.6,1,0.02,0.1455,0.1455,959.2,0
FernRidgeRd_TON_12.03.25_LS,TON,3728,25264,25264,421.06,421.06,1,0.02,0.1455,0.1455,705.1,0
FernRidgeRd_TON_12.03.25_LS,TON,3355,5796,5796,96.6,96.6,1,0.02,0.1453,0.1453,426.2,0
FernRidgeRd_TON_12.03.25_LS,TON,3892,33934,33934,565.56,565.56,1,0.02,0.1447,0.1447,799.4,0
FernRidgeRd_TON_12.03.25_LS,TON,3546,15859,15860,264.31,264.33,2,0.03,0.1441,0.1441,1219.5,0
FernRidgeRd_TON_12.03.25_LS,TON,3729,25277,25277,421.28,421.28,1,0.02,0.1441,0.1441,1143.0,0
FernRidgeRd_TON_12.03.25_LS,TON,3392,7386,7386,123.1,123.1,1,0.02,0.1438,0.1438,386.5,0
FernRidgeRd_TON_12.03.25_LS,TON,3663,22441,22441,374.01,374.01,1,0.02,0.1437,0.1437,524.1,0
FernRidgeRd_TON_12.03.25_LS,TON,3353,5764,5796,96.07,96.6,4,0.55,0.143,0.143,472.1,0
FernRidgeRd_TON_12.03.25_LS,TON,3406,7970,8008,132.83,133.46,15,0.65,0.1202,0.1427,197.8,0
FernRidgeRd_TON_12.03.25_LS,TON,3387,7322,7328,122.03,122.13,4,0.12,0.1424,0.1424,488.6,0
FernRidgeRd_TON_12.03.25_LS,TON,3880,33463,33466,557.71,557.76,4,0.07,0.1423,0.1423,998.9,0
FernRidgeRd_TON_12.03.25_LS,TON,3358,5842,5854,97.37,97.57,2,0.22,0.1422,0.1422,406.6,0
FernRidgeRd_TON_12.03.25_LS,TON,3615,19724,19737,328.73,328.95,5,0.23,0.1421,0.1421,1835.5,0
FernRidgeRd_TON_12.03.25_LS,TON,3362,5863,5863,97.72,97.72,1,0.02,0.1414,0.1414,920.1,0
FernRidgeRd_TON_12.03.25_LS,TON,3683,23585,23586,393.08,393.09,2,0.03,0.1413,0.1413,1270.2,0
FernRidgeRd_TON_12.03.25_LS,TON,3771,28109,28109,468.48,468.48,1,0.02,0.1413,0.1413,750.2,0
FernRidgeRd_TON_12.03.25_LS,TON,3640,21943,21943,365.71,365.71,1,0.02,0.1412,0.1412,586.7,0
FernRidgeRd_TON_12.03.25_LS,TON,3719,25125,25125,418.74,418.74,1,0.02,0.141,0.141,521.5,0
FernRidgeRd_TON_12.03.25_LS,TON,3809,30711,30716,511.84,511.93,2,0.1,0.1409,0.1409,373.4,0
FernRidgeRd_TON_12.03.25_LS,TON,3498,13450,13450,224.16,224.16,1,0.02,0.1408,0.1408,1081.0,0
FernRidgeRd_TON_12.03.25_LS,TON,3660,22415,22417,373.58,373.61,3,0.05,0.1408,0.1408,391.1,0
FernRidgeRd_TON_12.03.25_LS,TON,3424,10045,10045,167.41,167.41,1,0.02,0.1404,0.1404,492.5,0
FernRidgeRd_TON_12.03.25_LS,TON,3326,4278,4289,71.3,71.48,3,0.2,0.1403,0.1403,521.9,0
FernRidgeRd_TON_12.03.25_LS,TON,3635,21909,21932,365.14,365.53,7,0.4,0.1299,0.1397,282.1,0
FernRidgeRd_TON_12.03.25_LS,TON,3312,3289,3289,54.82,54.82,1,0.02,0.1395,0.1395,535.5,0
FernRidgeRd_TON_12.03.25_LS,TON,3904,34428,34453,573.79,574.21,5,0.43,0.1395,0.1395,865.1,0
FernRidgeRd_TON_12.03.25_LS,TON,3668,22514,22514,375.23,375.23,1,0.02,0.1391,0.1391,509.0,0
FernRidgeRd_TON_12.03.25_LS,TON,3593,18484,18484,308.06,308.06,1,0.02,0.1386,0.1386,507.2,0
FernRidgeRd_TON_12.03.25_LS,TON,3504,13626,13626,227.1,227.1,1,0.02,0.1384,0.1384,1305.8,0
FernRidgeRd_TON_12.03.25_LS,TON,3621,20338,20338,338.96,338.96,1,0.02,0.1384,0.1384,404.4,0
FernRidgeRd_TON_12.03.25_LS,TON,3648,22188,22188,369.79,369.79,1,0.02,0.138,0.138,542.4,0
FernRidgeRd_TON_12.03.25_LS,TON,3825,31045,31045,517.41,517.41,1,0.02,0.138,0.138,311.8,0
FernRidgeRd_TON_12.03.25_LS,TON,3471,12790,12824,213.16,213.73,3,0.58,0.1378,0.1378,830.5,0
FernRidgeRd_TON_12.03.25_LS,TON,3690,24344,24349,405.73,405.81,5,0.1,0.1374,0.1374,417.1,0
FernRidgeRd_TON_12.03.25_LS,TON,3877,33213,33213,553.54,553.54,1,0.02,0.1373,0.1373,735.4,0
FernRidgeRd_TON_12.03.25_LS,TON,3922,34901,34902,581.68,581.69,2,0.03,0.1373,0.1373,641.1,0
FernRidgeRd_TON_12.03.25_LS,TON,3715,25043,25062,417.38,417.69,3,0.33,0.1372,0.1372,1238.9,0
FernRidgeRd_TON_12.03.25_LS,TON,3364,5995,5999,99.92,99.98,5,0.08,0.1369,0.1369,420.0,0
FernRidgeRd_TON_12.03.25_LS,TON,3503,13589,13590,226.48,226.5,2,0.03,0.1365,0.1365,1046.6,0
FernRidgeRd_TON_12.03.25_LS,TON,3555,16487,16490,274.78,274.83,3,0.07,0.1363,0.1363,588.4,0
FernRidgeRd_TON_12.03.25_LS,TON,3626,20506,20523,341.76,342.05,2,0.3,0.1361,0.1361,2848.1,0
FernRidgeRd_TON_12.03.25_LS,TON,3866,32604,32604,543.39,543.39,1,0.02,0.136,0.136,1721.3,0
FernRidgeRd_TON_12.03.25_LS,TON,3426,10623,10623,177.05,177.05,1,0.02,0.1356,0.1356,5126.1,0
FernRidgeRd_TON_12.03.25_LS,TON,3441,11652,11675,194.2,194.58,5,0.4,0.1355,0.1355,764.0,0
FernRidgeRd_TON_12.03.25_LS,TON,3857,32346,32374,539.09,539.56,3,0.48,0.1355,0.1355,434.9,0
FernRidgeRd_TON_12.03.25_LS,TON,3549,15925,15937,265.41,265.61,5,0.22,0.1354,0.1354,647.3,0
FernRidgeRd_TON_12.03.25_LS,TON,3542,15722,15723,262.03,262.05,2,0.03,0.1353,0.1353,652.9,0
FernRidgeRd_TON_12.03.25_LS,TON,3375,6895,6895,114.92,114.92,1,0.02,0.1351,0.1351,756.5,0
FernRidgeRd_TON_12.03.25_LS,TON,3646,22136,22136,368.93,368.93,1,0.02,0.1349,0.1349,546.5,0
FernRidgeRd_TON_12.03.25_LS,TON,3372,6764,6764,112.73,112.73,1,0.02,0.1348,0.1348,465.8,0
FernRidgeRd_TON_12.03.25_LS,TON,3895,34143,34166,569.04,569.43,5,0.4,0.1348,0.1348,797.5,0
FernRidgeRd_TON_12.03.25_LS,TON,3584,17479,17507,291.31,291.78,5,0.48,0.1347,0.1347,1199.3,0
FernRidgeRd_TON_12.03.25_LS,TON,3348,5604,5604,93.4,93.4,1,0.02,0.1346,0.1346,1117.5,0
FernRidgeRd_TON_12.03.25_LS,TON,3292,639,639,10.65,10.65,1,0.02,0.1344,0.1344,503.7,0
FernRidgeRd_TON_12.03.25_LS,TON,3570,17019,17040,283.65,284.0,3,0.37,0.1342,0.1342,835.3,0
FernRidgeRd_TON_12.03.25_LS,TON,3752,26490,26490,441.49,441.49,1,0.02,0.1339,0.1339,804.7,0
FernRidgeRd_TON_12.03.25_LS,TON,3863,32535,32535,542.24,542.24,1,0.02,0.1338,0.1338,553.6,0
FernRidgeRd_TON_12.03.25_LS,TON,3360,5854,5854,97.57,97.57,1,0.02,0.133,0.133,379.6,0
FernRidgeRd_TON_12.03.25_LS,TON,3456,12315,12315,205.25,205.25,1,0.02,0.1326,0.1326,414.4,0
FernRidgeRd_TON_12.03.25_LS,TON,3398,7797,7797,129.95,129.95,1,0.02,0.1324,0.1324,372.5,0
FernRidgeRd_TON_12.03.25_LS,TON,3359,5854,5855,97.57,97.58,2,0.03,0.1323,0.1323,367.6,0
FernRidgeRd_TON_12.03.25_LS,TON,3733,25331,25331,422.18,422.18,1,0.02,0.132,0.132,1589.0,0
FernRidgeRd_TON_12.03.25_LS,TON,3376,6905,6906,115.08,115.1,2,0.03,0.1319,0.1319,526.7,0
FernRidgeRd_TON_12.03.25_LS,TON,3466,12670,12670,211.16,211.16,1,0.02,0.1315,0.1315,1062.3,0
FernRidgeRd_TON_12.03.25_LS,TON,3351,5752,5767,95.87,96.12,2,0.27,0.1313,0.1313,433.1,0
FernRidgeRd_TON_12.03.25_LS,TON,3773,28431,28475,473.84,474.58,4,0.75,0.1313,0.1313,1680.5,0
FernRidgeRd_TON_12.03.25_LS,TON,3784,29272,29272,487.86,487.86,1,0.02,0.1312,0.1312,527.0,0
FernRidgeRd_TON_12.03.25_LS,TON,3845,31918,31918,531.96,531.96,1,0.02,0.1312,0.1312,256.2,0
FernRidgeRd_TON_12.03.25_LS,TON,3405,7967,8058,132.78,134.3,41,1.53,0.1127,0.1311,198.9,0
FernRidgeRd_TON_12.03.25_LS,TON,3858,32354,32354,539.23,539.23,1,0.02,0.1302,0.1302,1335.1,0
FernRidgeRd_TON_12.03.25_LS,TON,3524,14324,14324,238.73,238.73,1,0.02,0.1301,0.1301,831.2,0
FernRidgeRd_TON_12.03.25_LS,TON,3853,32159,32159,535.98,535.98,1,0.02,0.13,0.13,928.4,0
FernRidgeRd_TON_12.03.25_LS,TON,3370,6706,6706,111.77,111.77,1,0.02,0.1295,0.1295,1204.7,0
FernRidgeRd_TON_12.03.25_LS,TON,3703,24874,24888,414.56,414.79,2,0.25,0.1285,0.1285,1900.5,0
FernRidgeRd_TON_12.03.25_LS,TON,3651,22233,22233,370.54,370.54,1,0.02,0.128,0.128,545.1,0
FernRidgeRd_TON_12.03.25_LS,TON,3876,33212,33212,553.53,553.53,1,0.02,0.1278,0.1278,585.3,0
FernRidgeRd_TON_12.03.25_LS,TON,3303,2798,2798,46.63,46.63,1,0.02,0.1277,0.1277,804.1,0
FernRidgeRd_TON_12.03.25_LS,TON,3296,942,942,15.7,15.7,1,0.02,0.1276,0.1276,369.7,0
FernRidgeRd_TON_12.03.25_LS,TON,3662,22430,22430,373.83,373.83,1,0.02,0.1275,0.1275,489.5,0
FernRidgeRd_TON_12.03.25_LS,TON,3688,24260,24288,404.33,404.79,8,0.48,0.1188,0.1275,343.5,0
FernRidgeRd_TON_12.03.25_LS,TON,3914,34690,34691,578.16,578.18,2,0.03,0.1272,0.1272,1451.0,0
FernRidgeRd_TON_12.03.25_LS,TON,3560,16755,16760,279.25,279.33,4,0.1,0.1268,0.1268,939.3,0
FernRidgeRd_TON_12.03.25_LS,TON,3414,8076,8076,134.6,134.6,1,0.02,0.1267,0.1267,229.2,0
FernRidgeRd_TON_12.03.25_LS,TON,3764,27635,27635,460.58,460.58,1,0.02,0.1266,0.1266,390.4,0
FernRidgeRd_TON_12.03.25_LS,TON,3472,12812,12824,213.53,213.73,2,0.22,0.1265,0.1265,849.1,0
FernRidgeRd_TON_12.03.25_LS,TON,3702,24874,24874,414.56,414.56,1,0.02,0.1265,0.1265,1150.3,0
FernRidgeRd_TON_12.03.25_LS,TON,3833,31719,31743,528.64,529.04,2,0.42,0.1265,0.1265,266.8,0
FernRidgeRd_TON_12.03.25_LS,TON,3338,4988,4988,83.13,83.13,1,0.02,0.1263,0.1263,809.8,0
FernRidgeRd_TON_12.03.25_LS,TON,3318,3867,3867,64.45,64.45,1,0.02,0.1262,0.1262,521.1,0
FernRidgeRd_TON_12.03.25_LS,TON,3367,6239,6239,103.98,103.98,1,0.02,0.1262,0.1262,620.8,0
FernRidgeRd_TON_12.03.25_LS,TON,3638,21925,21925,365.41,365.41,1,0.02,0.1262,0.1262,435.0,0
FernRidgeRd_TON_12.03.25_LS,TON,3407,7971,8008,132.85,133.46,11,0.63,0.1137,0.1261,199.4,0
FernRidgeRd_TON_12.03.25_LS,TON,3317,3820,3821,63.67,63.68,2,0.03,0.126,0.126,1302.3,0
FernRidgeRd_TON_12.03.25_LS,TON,3575,17229,17231,287.15,287.18,2,0.05,0.1259,0.1259,978.8,0
FernRidgeRd_TON_12.03.25_LS,TON,3533,14656,14656,244.26,244.26,1,0.02,0.1257,0.1257,985.5,0
FernRidgeRd_TON_12.03.25_LS,TON,3304,2806,2807,46.77,46.78,2,0.03,0.1249,0.1249,692.6,0
FernRidgeRd_TON_12.03.25_LS,TON,3492,13191,13191,219.85,219.85,1,0.02,0.1245,0.1245,452.5,0
FernRidgeRd_TON_12.03.25_LS,TON,3911,34624,34627,577.06,577.11,2,0.07,0.1245,0.1245,442.7,0
FernRidgeRd_TON_12.03.25_LS,TON,3535,15089,15089,251.48,251.48,1,0.02,0.1244,0.1244,5579.6,0
FernRidgeRd_TON_12.03.25_LS,TON,3586,17813,17813,296.88,296.88,1,0.02,0.1243,0.1243,1063.1,0
FernRidgeRd_TON_12.03.25_LS,TON,3588,18144,18145,302.4,302.41,2,0.03,0.1238,0.1238,833.3,0
FernRidgeRd_TON_12.03.25_LS,TON,3395,7654,7654,127.56,127.56,1,0.02,0.1237,0.1237,304.8,0
FernRidgeRd_TON_12.03.25_LS,TON,3536,15164,15164,252.73,252.73,1,0.02,0.1237,0.1237,805.7,0
FernRidgeRd_TON_12.03.25_LS,TON,3747,26193,26199,436.54,436.64,2,0.12,0.1234,0.1234,749.8,0
FernRidgeRd_TON_12.03.25_LS,TON,3753,26521,26521,442.01,442.01,1,0.02,0.1233,0.1233,783.6,0
FernRidgeRd_TON_12.03.25_LS,TON,3915,34691,34691,578.18,578.18,1,0.02,0.1233,0.1233,1276.9,0
FernRidgeRd_TON_12.03.25_LS,TON,3579,17319,17320,288.65,288.66,2,0.03,0.1226,0.1226,1115.7,0
FernRidgeRd_TON_12.03.25_LS,TON,3315,3699,3700,61.65,61.67,2,0.03,0.122,0.122,921.8,0
FernRidgeRd_TON_12.03.25_LS,TON,3417,8528,8528,142.13,142.13,1,0.02,0.1219,0.1219,1089.2,0
FernRidgeRd_TON_12.03.25_LS,TON,3517,14059,14059,234.31,234.31,1,0.02,0.1219,0.1219,246.3,0
FernRidgeRd_TON_12.03.25_LS,TON,3516,14011,14011,233.51,233.51,1,0.02,0.1217,0.1217,824.7,0
FernRidgeRd_TON_12.03.25_LS,TON,3656,22347,22349,372.44,372.48,3,0.05,0.1217,0.1217,483.4,0
FernRidgeRd_TON_12.03.25_LS,TON,3921,34847,34847,580.78,580.78,1,0.02,0.1217,0.1217,980.5,0
FernRidgeRd_TON_12.03.25_LS,TON,3760,26723,26741,445.38,445.68,4,0.32,0.1216,0.1216,560.8,0
FernRidgeRd_TON_12.03.25_LS,TON,3380,7108,7108,118.47,118.47,1,0.02,0.1215,0.1215,924.2,0
FernRidgeRd_TON_12.03.25_LS,TON,3563,16827,16850,280.45,280.83,3,0.4,0.1214,0.1214,1145.8,0
FernRidgeRd_TON_12.03.25_LS,TON,3758,26638,26639,443.96,443.98,2,0.03,0.1213,0.1213,561.9,0
FernRidgeRd_TON_12.03.25_LS,TON,3309,3097,3097,51.62,51.62,1,0.02,0.1212,0.1212,202.8,0
FernRidgeRd_TON_12.03.25_LS,TON,3446,11942,11942,199.03,199.03,1,0.02,0.1212,0.1212,1755.4,0
FernRidgeRd_TON_12.03.25_LS,TON,3551,16086,16086,268.1,268.1,1,0.02,0.1212,0.1212,226.1,0
FernRidgeRd_TON_12.03.25_LS,TON,3596,18641,18641,310.68,310.68,1,0.02,0.1211,0.1211,811.3,0
FernRidgeRd_TON_12.03.25_LS,TON,3342,5167,5169,86.12,86.15,2,0.05,0.121,0.121,605.1,0
FernRidgeRd_TON_12.03.25_LS,TON,3743,25847,25853,430.78,430.88,2,0.12,0.1208,0.1208,653.2,0
FernRidgeRd_TON_12.03.25_LS,TON,3749,26395,26397,439.91,439.94,2,0.05,0.1208,0.1208,599.9,0
FernRidgeRd_TON_12.03.25_LS,TON,3641,21946,21946,365.76,365.76,1,0.02,0.1202,0.1202,347.4,0
FernRidgeRd_TON_12.03.25_LS,TON,3909,34614,34614,576.89,576.89,1,0.02,0.1202,0.1202,1368.1,0
FernRidgeRd_TON_12.03.25_LS,TON,3783,29264,29264,487.73,487.73,1,0.02,0.1199,0.1199,602.6,0
FernRidgeRd_TON_12.03.25_LS,TON,3881,33480,33480,557.99,557.99,1,0.02,0.1188,0.1188,1079.8,0
FernRidgeRd_TON_12.03.25_LS,TON,3831,31531,31531,525.51,525.51,1,0.02,0.1184,0.1184,1233.6,0
FernRidgeRd_TON_12.03.25_LS,TON,3381,7125,7125,118.75,118.75,1,0.02,0.1183,0.1183,1132.8,0
FernRidgeRd_TON_12.03.25_LS,TON,3724,25225,25225,420.41,420.41,1,0.02,0.1181,0.1181,673.0,0
FernRidgeRd_TON_12.03.25_LS,TON,3850,31960,31960,532.66,532.66,1,0.02,0.1175,0.1175,286.2,0
FernRidgeRd_TON_12.03.25_LS,TON,3458,12434,12436,207.23,207.26,2,0.05,0.1174,0.1174,298.4,0
FernRidgeRd_TON_12.03.25_LS,TON,3727,25243,25243,420.71,420.71,1,0.02,0.1173,0.1173,2300.6,0
FernRidgeRd_TON_12.03.25_LS,TON,3357,5836,5836,97.27,97.27,1,0.02,0.1169,0.1169,374.5,0
FernRidgeRd_TON_12.03.25_LS,TON,3865,32597,32597,543.28,543.28,1,0.02,0.1169,0.1169,786.7,0
FernRidgeRd_TON_12.03.25_LS,TON,3846,31929,31937,532.14,532.28,3,0.15,0.1165,0.1165,182.3,0
FernRidgeRd_TON_12.03.25_LS,TON,3286,427,427,7.12,7.12,1,0.02,0.1163,0.1163,658.4,0
FernRidgeRd_TON_12.03.25_LS,TON,3537,15368,15368,256.13,256.13,1,0.02,0.1162,0.1162,527.5,0
FernRidgeRd_TON_12.03.25_LS,TON,3605,18900,18900,315.0,315.0,1,0.02,0.1162,0.1162,1007.0,0
FernRidgeRd_TON_12.03.25_LS,TON,3433,10910,10911,181.83,181.85,2,0.03,0.116,0.116,1227.6,0
FernRidgeRd_TON_12.03.25_LS,TON,3917,34752,34752,579.19,579.19,1,0.02,0.1159,0.1159,1260.5,0
FernRidgeRd_TON_12.03.25_LS,TON,3919,34831,34831,580.51,580.51,1,0.02,0.1159,0.1159,649.2,0
FernRidgeRd_TON_12.03.25_LS,TON,3574,17194,17196,286.56,286.6,2,0.05,0.1156,0.1156,993.1,0
FernRidgeRd_TON_12.03.25_LS,TON,3365,5997,5997,99.95,99.95,1,0.02,0.1154,0.1154,404.7,0
FernRidgeRd_TON_12.03.25_LS,TON,3664,22448,22448,374.13,374.13,1,0.02,0.1153,0.1153,508.6,0
FernRidgeRd_TON_12.03.25_LS,TON,3547,15882,15882,264.7,264.7,1,0.02,0.1152,0.1152,658.5,0
FernRidgeRd_TON_12.03.25_LS,TON,3791,29800,29815,496.66,496.91,2,0.27,0.1152,0.1152,1193.3,0
FernRidgeRd_TON_12.03.25_LS,TON,3671,22930,22930,382.16,382.16,1,0.02,0.1151,0.1151,270.3,0
FernRidgeRd_TON_12.03.25_LS,TON,3767,27972,27972,466.19,466.19,1,0.02,0.1151,0.1151,2918.8,0
FernRidgeRd_TON_12.03.25_LS,TON,3604,18895,18895,314.91,314.91,1,0.02,0.115,0.115,1244.4,0
FernRidgeRd_TON_12.03.25_LS,TON,3480,13024,13047,217.06,217.45,2,0.4,0.1147,0.1147,982.9,0
FernRidgeRd_TON_12.03.25_LS,TON,3731,25299,25299,421.64,421.64,1,0.02,0.1146,0.1146,777.4,0
FernRidgeRd_TON_12.03.25_LS,TON,3558,16659,16659,277.65,277.65,1,0.02,0.1143,0.1143,1067.7,0
FernRidgeRd_TON_12.03.25_LS,TON,3665,22465,22465,374.41,374.41,1,0.02,0.1143,0.1143,488.9,0
FernRidgeRd_TON_12.03.25_LS,TON,3701,24872,24875,414.53,414.58,2,0.07,0.114,0.114,1462.4,0
FernRidgeRd_TON_12.03.25_LS,TON,3822,30940,30940,515.66,515.66,1,0.02,0.1139,0.1139,374.0,0
FernRidgeRd_TON_12.03.25_LS,TON,3657,22347,22348,372.44,372.46,2,0.03,0.1137,0.1137,453.1,0
FernRidgeRd_TON_12.03.25_LS,TON,3368,6382,6382,106.37,106.37,1,0.02,0.1133,0.1133,309.6,0
FernRidgeRd_TON_12.03.25_LS,TON,3682,23554,23554,392.56,392.56,1,0.02,0.113,0.113,369.0,0
FernRidgeRd_TON_12.03.25_LS,TON,3545,15824,15838,263.73,263.96,2,0.25,0.1129,0.1129,1012.1,0
FernRidgeRd_TON_12.03.25_LS,TON,3755,26560,26560,442.66,442.66,1,0.02,0.1127,0.1127,614.0,0
FernRidgeRd_TON_12.03.25_LS,TON,3363,5918,5918,98.63,98.63,1,0.02,0.1126,0.1126,263.7,0
FernRidgeRd_TON_12.03.25_LS,TON,3750,26431,26431,440.51,440.51,1,0.02,0.1123,0.1123,917.4,0
FernRidgeRd_TON_12.03.25_LS,TON,3412,8054,8056,134.23,134.26,2,0.05,0.1122,0.1122,208.6,0
FernRidgeRd_TON_12.03.25_LS,TON,3411,8022,8022,133.7,133.7,1,0.02,0.1115,0.1115,976.8,0
FernRidgeRd_TON_12.03.25_LS,TON,3543,15765,15765,262.75,262.75,1,0.02,0.1108,0.1108,436.4,0
FernRidgeRd_TON_12.03.25_LS,TON,3905,34451,34453,574.18,574.21,2,0.05,0.1107,0.1107,758.9,0
FernRidgeRd_TON_12.03.25_LS,TON,3299,2514,2514,41.9,41.9,1,0.02,0.1106,0.1106,993.3,0
FernRidgeRd_TON_12.03.25_LS,TON,3751,26438,26438,440.63,440.63,1,0.02,0.1106,0.1106,443.3,0
FernRidgeRd_TON_12.03.25_LS,TON,3408,7985,8008,133.08,133.46,3,0.4,0.1104,0.1104,198.9,0
FernRidgeRd_TON_12.03.25_LS,TON,3577,17260,17260,287.66,287.66,1,0.02,0.1104,0.1104,997.8,0
FernRidgeRd_TON_12.03.25_LS,TON,3830,31457,31457,524.28,524.28,1,0.02,0.1104,0.1104,544.8,0
FernRidgeRd_TON_12.03.25_LS,TON,3669,22516,22516,375.26,375.26,1,0.02,0.1101,0.1101,564.8,0
FernRidgeRd_TON_12.03.25_LS,TON,3310,3101,3109,51.68,51.82,3,0.15,0.1098,0.1098,798.3,0
FernRidgeRd_TON_12.03.25_LS,TON,3573,17177,17177,286.28,286.28,1,0.02,0.1097,0.1097,388.6,0
FernRidgeRd_TON_12.03.25_LS,TON,3812,30797,30802,513.28,513.36,5,0.1,0.1094,0.1094,380.0,0
FernRidgeRd_TON_12.03.25_LS,TON,3404,7958,7959,132.63,132.65,2,0.03,0.1092,0.1092,192.9,0
FernRidgeRd_TON_12.03.25_LS,TON,3777,28939,28939,482.31,482.31,1,0.02,0.1091,0.1091,908.4,0
FernRidgeRd_TON_12.03.25_LS,TON,3670,22840,22840,380.66,380.66,1,0.02,0.109,0.109,955.2,0
FernRidgeRd_TON_12.03.25_LS,TON,3661,22425,22425,373.74,373.74,1,0.02,0.1088,0.1088,524.1,0
FernRidgeRd_TON_12.03.25_LS,TON,3847,31937,31937,532.28,532.28,1,0.02,0.1088,0.1088,184.6,0
FernRidgeRd_TON_12.03.25_LS,TON,3425,10110,10110,168.5,168.5,1,0.02,0.1087,0.1087,274.6,0
FernRidgeRd_TON_12.03.25_LS,TON,3589,18147,18147,302.45,302.45,1,0.02,0.1087,0.1087,913.9,0
FernRidgeRd_TON_12.03.25_LS,TON,3539,15624,15624,260.4,260.4,1,0.02,0.1086,0.1086,880.6,0
FernRidgeRd_TON_12.03.25_LS,TON,3879,33380,33380,556.33,556.33,1,0.02,0.1085,0.1085,552.3,0
FernRidgeRd_TON_12.03.25_LS,TON,3636,21919,21920,365.31,365.33,2,0.03,0.1084,0.1084,268.3,0
FernRidgeRd_TON_12.03.25_LS,TON,3778,28963,28963,482.71,482.71,1,0.02,0.1084,0.1084,459.9,0
FernRidgeRd_TON_12.03.25_LS,TON,3337,4943,4945,82.38,82.42,2,0.05,0.1083,0.1083,720.7,0
FernRidgeRd_TON_12.03.25_LS,TON,3467,12672,12672,211.2,211.2,1,0.02,0.108,0.108,1174.4,0
FernRidgeRd_TON_12.03.25_LS,TON,3691,24362,24366,406.03,406.09,2,0.08,0.108,0.108,785.7,0
FernRidgeRd_TON_12.03.25_LS,TON,3308,3068,3068,51.13,51.13,1,0.02,0.1079,0.1079,920.9,0
FernRidgeRd_TON_12.03.25_LS,TON,3366,5997,5997,99.95,99.95,1,0.02,0.1075,0.1075,392.6,0
FernRidgeRd_TON_12.03.25_LS,TON,3606,18968,18968,316.13,316.13,1,0.02,0.1072,0.1072,498.0,0
FernRidgeRd_TON_12.03.25_LS,TON,3741,25588,25588,426.46,426.46,1,0.02,0.1071,0.1071,844.4,0
FernRidgeRd_TON_12.03.25_LS,TON,3900,34327,34330,572.11,572.16,3,0.07,0.1071,0.1071,537.7,0
FernRidgeRd_TON_12.03.25_LS,TON,3388,7354,7354,122.56,122.56,1,0.02,0.107,0.107,1421.1,0
FernRidgeRd_TON_12.03.25_LS,TON,3740,25571,25571,426.18,426.18,1,0.02,0.107,0.107,832.5,0
FernRidgeRd_TON_12.03.25_LS,TON,3706,24912,24912,415.19,415.19,1,0.02,0.1068,0.1068,622.5,0
FernRidgeRd_TON_12.03.25_LS,TON,3394,7650,7650,127.5,127.5,1,0.02,0.1062,0.1062,531.6,0
FernRidgeRd_TON_12.03.25_LS,TON,3666,22468,22468,374.46,374.46,1,0.02,0.1058,0.1058,478.4,0
FernRidgeRd_TON_12.03.25_LS,TON,3864,32535,32535,542.24,542.24,1,0.02,0.1058,0.1058,510.6,0
FernRidgeRd_TON_12.03.25_LS,TON,3289,572,572,9.53,9.53,1,0.02,0.1054,0.1054,437.9,0
FernRidgeRd_TON_12.03.25_LS,TON,3658,22347,22347,372.44,372.44,1,0.02,0.1051,0.1051,444.4,0
FernRidgeRd_TON_12.03.25_LS,TON,3409,7985,8018,133.08,133.63,4,0.57,0.1049,0.1049,201.3,0
FernRidgeRd_TON_12.03.25_LS,TON,3457,12414,12414,206.9,206.9,1,0.02,0.1049,0.1049,512.6,0
FernRidgeRd_TON_12.03.25_LS,TON,3410,8008,8008,133.46,133.46,1,0.02,0.1041,0.1041,204.6,0
FernRidgeRd_TON_12.03.25_LS,TON,3599,18773,18774,312.88,312.9,2,0.03,0.104,0.104,625.7,0
FernRidgeRd_TON_12.03.25_LS,TON,3692,24582,24582,409.69,409.69,1,0.02,0.1038,0.1038,949.7,0
FernRidgeRd_TON_12.03.25_LS,TON,3620,20197,20217,336.61,336.95,3,0.35,0.1036,0.1036,674.6,0
FernRidgeRd_TON_12.03.25_LS,TON,3686,23609,23609,393.48,393.48,1,0.02,0.1034,0.1034,349.3,0
FernRidgeRd_TON_12.03.25_LS,TON,3738,25560,25560,425.99,425.99,1,0.02,0.1034,0.1034,515.7,0
FernRidgeRd_TON_12.03.25_LS,TON,3340,5161,5161,86.02,86.02,1,0.02,0.1033,0.1033,513.0,0
FernRidgeRd_TON_12.03.25_LS,TON,3487,13128,13128,218.8,218.8,1,0.02,0.1033,0.1033,847.8,0
FernRidgeRd_TON_12.03.25_LS,TON,3637,21920,21920,365.33,365.33,1,0.02,0.103,0.103,264.6,0
FernRidgeRd_TON_12.03.25_LS,TON,3481,13036,13036,217.26,217.26,1,0.02,0.1026,0.1026,838.8,0
FernRidgeRd_TON_12.03.25_LS,TON,3442,11712,11712,195.2,195.2,1,0.02,0.1025,0.1025,1971.6,0
FernRidgeRd_TON_12.03.25_LS,TON,3759,26700,26700,444.99,444.99,1,0.02,0.1025,0.1025,509.8,0
FernRidgeRd_TON_12.03.25_LS,TON,3311,3186,3186,53.1,53.1,1,0.02,0.1023,0.1023,795.6,0
FernRidgeRd_TON_12.03.25_LS,TON,3608,19095,19095,318.25,318.25,1,0.02,0.102,0.102,910.5,0
FernRidgeRd_TON_12.03.25_LS,TON,3429,10701,10701,178.35,178.35,1,0.02,0.1019,0.1019,913.7,0
FernRidgeRd_TON_12.03.25_LS,TON,3462,12533,12533,208.88,208.88,1,0.02,0.1019,0.1019,956.4,0
FernRidgeRd_TON_12.03.25_LS,TON,3843,31881,31881,531.34,531.34,1,0.02,0.1018,0.1018,612.1,0
FernRidgeRd_TON_12.03.25_LS,TON,3374,6836,6836,113.93,113.93,1,0.02,0.1016,0.1016,499.7,0
FernRidgeRd_TON_12.03.25_LS,TON,3612,19408,19408,323.46,323.46,1,0.02,0.1016,0.1016,521.4,0
FernRidgeRd_TON_12.03.25_LS,TON,3896,34148,34148,569.13,569.13,1,0.02,0.1016,0.1016,588.9,0
FernRidgeRd_TON_12.03.25_LS,TON,3400,7828,7829,130.46,130.48,2,0.03,0.1014,0.1014,347.5,0
FernRidgeRd_TON_12.03.25_LS,TON,3839,31810,31810,530.16,530.16,1,0.02,0.1013,0.1013,270.8,0
FernRidgeRd_TON_12.03.25_LS,TON,3817,30890,30890,514.83,514.83,1,0.02,0.1012,0.1012,321.5,0
FernRidgeRd_TON_12.03.25_LS,TON,3897,34149,34149,569.14,569.14,1,0.02,0.1011,0.1011,919.1,0
FernRidgeRd_TON_12.03.25_LS,TON,3511,13869,13869,231.15,231.15,1,0.02,0.101,0.101,371.3,0
FernRidgeRd_TON_12.03.25_LS,TON,3761,27347,27347,455.78,455.78,1,0.02,0.1007,0.1007,332.0,0
FernRidgeRd_TON_12.03.25_LS,TON,3473,12840,12840,214.0,214.0,1,0.02,0.1005,0.1005,724.3,0
FernRidgeRd_TON_12.03.25_LS,TON,3513,13896,13896,231.6,231.6,1,0.02,0.1005,0.1005,742.3,0
FernRidgeRd_TON_12.03.25_LS,TON,3639,21932,21932,365.53,365.53,1,0.02,0.1002,0.1002,223.8,0
FernRidgeRd_TON_12.03.25_LS,TON,3507,13735,13735,228.91,228.91,1,0.02,0.1001,0.1001,914.4,0
N25thBlue_MAS_12.22.25_LS_V2,MAS,2386,8147,8195,135.79,136.59,25,0.82,0.5885,0.7223,1248.8,1
N25thBlue_MAS_12.22.25_LS_V2,MAS,2587,24381,24449,406.36,407.5,36,1.15,0.5186,0.7086,670.4,1
N25thBlue_MAS_12.22.25_LS_V2,MAS,2304,246,279,4.1,4.65,34,0.57,0.5346,0.6783,428.6,1
N25thBlue_MAS_12.22.25_LS_V2,MAS,2585,24330,24367,405.51,406.13,36,0.63,0.4854,0.63,900.5,1
N25thBlue_MAS_12.22.25_LS_V2,MAS,2441,10988,11015,183.14,183.59,20,0.47,0.4779,0.6182,2178.8,1
N25thBlue_MAS_12.22.25_LS_V2,MAS,3596,1708,1725,28.47,28.75,8,0.3,0.372,0.4773,1487.1,1
N25thBlue_MAS_12.22.25_LS_V2,MAS,3629,8113,8185,135.22,136.42,21,1.22,0.2503,0.4653,1166.1,1
N25thBlue_MAS_12.22.25_LS_V2,MAS,3696,16584,16627,276.41,277.13,14,0.73,0.2622,0.432,957.2,1
N25thBlue_MAS_12.22.25_LS_V2,MAS,3591,867,898,14.45,14.97,19,0.53,0.2328,0.386,1004.8,1
N25thBlue_MAS_12.22.25_LS_V2,MAS,3708,18510,18540,308.51,309.01,14,0.52,0.2272,0.3709,664.8,1
N25thBlue_MAS_12.22.25_LS_V2,MAS,3732,24293,24536,404.9,408.95,64,4.07,0.1865,0.3487,766.4,1
N25thBlue_MAS_12.22.25_LS_V2,MAS,3683,15047,15104,250.79,251.74,17,0.97,0.1977,0.3361,1289.3,1
N25thBlue_MAS_12.22.25_LS_V2,MAS,2541,22178,22189,369.65,369.83,11,0.2,0.6531,0.7246,1870.6,0
N25thBlue_MAS_12.22.25_LS_V2,MAS,2505,16670,16670,277.84,277.84,1,0.02,0.6688,0.6688,1830.3,0
N25thBlue_MAS_12.22.25_LS_V2,MAS,2542,22183,22193,369.73,369.9,6,0.18,0.6054,0.6306,2097.8,0
N25thBlue_MAS_12.22.25_LS_V2,MAS,2327,1711,1711,28.52,28.52,1,0.02,0.6294,0.6294,703.3,0
N25thBlue_MAS_12.22.25_LS_V2,MAS,2496,16597,16603,276.63,276.73,6,0.12,0.5675,0.5953,905.1,0
N25thBlue_MAS_12.22.25_LS_V2,MAS,2574,24226,24227,403.78,403.8,2,0.03,0.5886,0.5886,711.8,0
N25thBlue_MAS_12.22.25_LS_V2,MAS,2318,895,904,14.92,15.07,8,0.17,0.5383,0.5757,1062.8,0
N25thBlue_MAS_12.22.25_LS_V2,MAS,2445,11045,11046,184.09,184.11,2,0.03,0.5224,0.5224,1506.4,0
N25thBlue_MAS_12.22.25_LS_V2,MAS,2525,18523,18523,308.73,308.73,1,0.02,0.4733,0.4733,645.9,0
N25thBlue_MAS_12.22.25_LS_V2,MAS,2552,22613,22613,376.9,376.9,1,0.02,0.464,0.464,1575.2,0
N25thBlue_MAS_12.22.25_LS_V2,MAS,3628,8024,8024,133.74,133.74,1,0.02,0.4498,0.4498,1406.7,0
N25thBlue_MAS_12.22.25_LS_V2,MAS,3615,5870,5881,97.84,98.02,7,0.2,0.3748,0.4432,1283.7,0
N25thBlue_MAS_12.22.25_LS_V2,MAS,3589,280,280,4.67,4.67,1,0.02,0.4114,0.4114,186.6,0
N25thBlue_MAS_12.22.25_LS_V2,MAS,3701,17726,17726,295.44,295.44,1,0.02,0.4041,0.4041,783.1,0
N25thBlue_MAS_12.22.25_LS_V2,MAS,2420,9954,9959,165.91,165.99,4,0.1,0.399,0.399,2019.2,0
N25thBlue_MAS_12.22.25_LS_V2,MAS,3664,11044,11049,184.07,184.16,3,0.1,0.3755,0.3755,1385.0,0
N25thBlue_MAS_12.22.25_LS_V2,MAS,2457,14527,14528,242.12,242.14,2,0.03,0.3639,0.3639,1863.0,0
N25thBlue_MAS_12.22.25_LS_V2,MAS,3720,22608,22624,376.81,377.08,13,0.28,0.276,0.3569,1646.0,0
N25thBlue_MAS_12.22.25_LS_V2,MAS,2563,23325,23339,388.76,389.0,5,0.25,0.3332,0.3332,600.7,0
N25thBlue_MAS_12.22.25_LS_V2,MAS,3607,4502,4502,75.04,75.04,1,0.02,0.3288,0.3288,1375.9,0
N25thBlue_MAS_12.22.25_LS_V2,MAS,3677,14218,14218,236.97,236.97,1,0.02,0.3277,0.3277,1375.2,0
N25thBlue_MAS_12.22.25_LS_V2,MAS,3718,22168,22177,369.48,369.63,6,0.17,0.2982,0.3236,2151.7,0
N25thBlue_MAS_12.22.25_LS_V2,MAS,3606,4388,4393,73.14,73.22,2,0.1,0.3179,0.3179,4695.2,0
N25thBlue_MAS_12.22.25_LS_V2,MAS,3697,16665,16674,277.76,277.91,8,0.17,0.2547,0.3132,1746.8,0
N25thBlue_MAS_12.22.25_LS_V2,MAS,3673,13995,13995,233.26,233.26,1,0.02,0.3071,0.3071,1173.3,0
N25thBlue_MAS_12.22.25_LS_V2,MAS,3642,9091,9092,151.52,151.54,2,0.03,0.2948,0.2948,942.0,0
N25thBlue_MAS_12.22.25_LS_V2,MAS,3680,14526,14564,242.11,242.74,5,0.65,0.2948,0.2948,1770.9,0
N25thBlue_MAS_12.22.25_LS_V2,MAS,3703,18054,18057,300.91,300.96,3,0.07,0.2714,0.2714,904.2,0
N25thBlue_MAS_12.22.25_LS_V2,MAS,3603,3434,3437,57.24,57.29,2,0.07,0.2709,0.2709,2907.7,0
N25thBlue_MAS_12.22.25_LS_V2,MAS,3661,10966,10990,182.77,183.17,9,0.42,0.2147,0.2684,2065.0,0
N25thBlue_MAS_12.22.25_LS_V2,MAS,3588,241,245,4.02,4.08,2,0.08,0.2563,0.2563,438.6,0
N25thBlue_MAS_12.22.25_LS_V2,MAS,3682,14944,14956,249.07,249.27,3,0.22,0.2534,0.2534,1481.2,0
N25thBlue_MAS_12.22.25_LS_V2,MAS,3624,7109,7134,118.49,118.9,14,0.43,0.1701,0.2533,702.0,0
N25thBlue_MAS_12.22.25_LS_V2,MAS,3618,6257,6264,104.29,104.4,3,0.13,0.2496,0.2496,501.6,0
N25thBlue_MAS_12.22.25_LS_V2,MAS,3694,16396,16401,273.28,273.36,6,0.1,0.2259,0.249,1624.8,0
N25thBlue_MAS_12.22.25_LS_V2,MAS,3674,14010,14010,233.51,233.51,1,0.02,0.2454,0.2454,2564.7,0
N25thBlue_MAS_12.22.25_LS_V2,MAS,3656,10104,10130,168.41,168.84,9,0.45,0.1836,0.2443,1050.4,0
N25thBlue_MAS_12.22.25_LS_V2,MAS,3707,18491,18496,308.19,308.28,6,0.1,0.22,0.2433,1873.3,0
N25thBlue_MAS_12.22.25_LS_V2,MAS,3679,14346,14346,239.11,239.11,1,0.02,0.2395,0.2395,1890.0,0
N25thBlue_MAS_12.22.25_LS_V2,MAS,3598,1919,1943,31.98,32.38,3,0.42,0.232,0.232,845.3,0
N25thBlue_MAS_12.22.25_LS_V2,MAS,3731,24222,24245,403.71,404.1,11,0.4,0.1777,0.2319,662.0,0
N25thBlue_MAS_12.22.25_LS_V2,MAS,3666,11276,11277,187.94,187.96,2,0.03,0.2317,0.2317,1225.0,0
N25thBlue_MAS_12.22.25_LS_V2,MAS,3705,18291,18291,304.86,304.86,1,0.02,0.2307,0.2307,764.9,0
N25thBlue_MAS_12.22.25_LS_V2,MAS,3651,9938,9956,165.64,165.94,7,0.32,0.1907,0.2213,901.7,0
N25thBlue_MAS_12.22.25_LS_V2,MAS,3652,9944,9956,165.74,165.94,7,0.22,0.1918,0.2196,2020.5,0
N25thBlue_MAS_12.22.25_LS_V2,MAS,3685,15282,15322,254.71,255.38,5,0.68,0.217,0.217,1196.9,0
N25thBlue_MAS_12.22.25_LS_V2,MAS,3700,16809,16809,280.16,280.16,1,0.02,0.2142,0.2142,1854.4,0
N25thBlue_MAS_12.22.25_LS_V2,MAS,3704,18106,18106,301.78,301.78,1,0.02,0.2142,0.2142,1578.6,0
N25thBlue_MAS_12.22.25_LS_V2,MAS,3658,10136,10140,168.94,169.01,3,0.08,0.2093,0.2093,1004.5,0
N25thBlue_MAS_12.22.25_LS_V2,MAS,3646,9537,9537,158.96,158.96,1,0.02,0.2064,0.2064,989.2,0
N25thBlue_MAS_12.22.25_LS_V2,MAS,3587,110,112,1.83,1.87,3,0.05,0.2061,0.2061,1078.4,0
N25thBlue_MAS_12.22.25_LS_V2,MAS,3686,15426,15426,257.11,257.11,1,0.02,0.2043,0.2043,1223.1,0
N25thBlue_MAS_12.22.25_LS_V2,MAS,3662,11007,11016,183.46,183.61,3,0.17,0.2039,0.2039,1709.4,0
N25thBlue_MAS_12.22.25_LS_V2,MAS,3647,9734,9781,162.24,163.02,11,0.8,0.1569,0.2002,938.2,0
N25thBlue_MAS_12.22.25_LS_V2,MAS,3687,15470,15475,257.84,257.93,4,0.1,0.1997,0.1997,1329.1,0
N25thBlue_MAS_12.22.25_LS_V2,MAS,3689,15549,15549,259.16,259.16,1,0.02,0.1991,0.1991,977.9,0
N25thBlue_MAS_12.22.25_LS_V2,MAS,3640,9002,9002,150.04,150.04,1,0.02,0.1957,0.1957,2484.0,0
N25thBlue_MAS_12.22.25_LS_V2,MAS,3721,23051,23051,384.2,384.2,1,0.02,0.1952,0.1952,481.8,0
N25thBlue_MAS_12.22.25_LS_V2,MAS,3593,1189,1193,19.82,19.88,3,0.08,0.1939,0.1939,313.5,0
N25thBlue_MAS_12.22.25_LS_V2,MAS,3724,23288,23338,388.15,388.98,14,0.85,0.145,0.192,708.4,0
N25thBlue_MAS_12.22.25_LS_V2,MAS,3636,8791,8794,146.52,146.57,4,0.07,0.1904,0.1904,765.6,0
N25thBlue_MAS_12.22.25_LS_V2,MAS,3637,8953,8953,149.22,149.22,1,0.02,0.1888,0.1888,888.5,0
N25thBlue_MAS_12.22.25_LS_V2,MAS,3594,1236,1236,20.6,20.6,1,0.02,0.1866,0.1866,960.4,0
N25thBlue_MAS_12.22.25_LS_V2,MAS,3653,9970,9977,166.17,166.29,7,0.13,0.1651,0.1862,969.9,0
N25thBlue_MAS_12.22.25_LS_V2,MAS,3715,21082,21082,351.38,351.38,1,0.02,0.1862,0.1862,331.9,0
N25thBlue_MAS_12.22.25_LS_V2,MAS,3611,4660,4665,77.67,77.75,6,0.1,0.1716,0.1858,859.0,0
N25thBlue_MAS_12.22.25_LS_V2,MAS,3643,9134,9140,152.24,152.34,3,0.12,0.1856,0.1856,864.6,0
N25thBlue_MAS_12.22.25_LS_V2,MAS,3605,3683,3683,61.39,61.39,1,0.02,0.182,0.182,3291.0,0
N25thBlue_MAS_12.22.25_LS_V2,MAS,3617,6144,6150,102.4,102.5,6,0.12,0.174,0.1807,339.6,0
N25thBlue_MAS_12.22.25_LS_V2,MAS,3634,8707,8713,145.12,145.22,3,0.12,0.1793,0.1793,753.8,0
N25thBlue_MAS_12.22.25_LS_V2,MAS,3599,1938,1940,32.3,32.33,2,0.05,0.1789,0.1789,831.0,0
N25thBlue_MAS_12.22.25_LS_V2,MAS,3600,2046,2046,34.1,34.1,1,0.02,0.1784,0.1784,554.0,0
N25thBlue_MAS_12.22.25_LS_V2,MAS,3693,16315,16316,271.93,271.94,2,0.03,0.1721,0.1721,2434.6,0
N25thBlue_MAS_12.22.25_LS_V2,MAS,3714,20401,20403,340.03,340.06,3,0.05,0.1715,0.1715,1349.8,0
N25thBlue_MAS_12.22.25_LS_V2,MAS,3654,9996,10006,166.61,166.77,2,0.18,0.1706,0.1706,1303.4,0
N25thBlue_MAS_12.22.25_LS_V2,MAS,3609,4582,4582,76.37,76.37,1,0.02,0.1673,0.1673,574.3,0
N25thBlue_MAS_12.22.25_LS_V2,MAS,3595,1684,1685,28.07,28.08,2,0.03,0.1665,0.1665,910.5,0
N25thBlue_MAS_12.22.25_LS_V2,MAS,3672,13192,13197,219.87,219.96,6,0.1,0.1566,0.1651,586.4,0
N25thBlue_MAS_12.22.25_LS_V2,MAS,3616,5892,5892,98.2,98.2,1,0.02,0.1644,0.1644,962.0,0
N25thBlue_MAS_12.22.25_LS_V2,MAS,3681,14902,14923,248.37,248.72,5,0.37,0.1618,0.1618,2080.9,0
N25thBlue_MAS_12.22.25_LS_V2,MAS,3719,22190,22192,369.85,369.88,3,0.05,0.1608,0.1608,1750.3,0
N25thBlue_MAS_12.22.25_LS_V2,MAS,3622,7089,7091,118.15,118.19,2,0.05,0.1604,0.1604,1483.6,0
N25thBlue_MAS_12.22.25_LS_V2,MAS,3729,23970,23980,399.51,399.68,7,0.18,0.145,0.1602,346.6,0
N25thBlue_MAS_12.22.25_LS_V2,MAS,3711,20024,20024,333.74,333.74,1,0.02,0.1575,0.1575,521.9,0
N25thBlue_MAS_12.22.25_LS_V2,MAS,3614,5338,5338,88.97,88.97,1,0.02,0.1558,0.1558,1057.9,0
N25thBlue_MAS_12.22.25_LS_V2,MAS,3702,17831,17833,297.19,297.23,2,0.05,0.155,0.155,771.9,0
N25thBlue_MAS_12.22.25_LS_V2,MAS,3667,11487,11487,191.46,191.46,1,0.02,0.1549,0.1549,1596.4,0
N25thBlue_MAS_12.22.25_LS_V2,MAS,3625,7510,7511,125.17,125.19,2,0.03,0.1546,0.1546,1162.1,0
N25thBlue_MAS_12.22.25_LS_V2,MAS,3602,3047,3050,50.79,50.84,3,0.07,0.1541,0.1541,1539.4,0
N25thBlue_MAS_12.22.25_LS_V2,MAS,3730,24174,24174,402.91,402.91,1,0.02,0.1541,0.1541,794.4,0
N25thBlue_MAS_12.22.25_LS_V2,MAS,3657,10122,10122,168.71,168.71,1,0.02,0.1537,0.1537,977.0,0
N25thBlue_MAS_12.22.25_LS_V2,MAS,3716,21917,21944,365.3,365.75,3,0.47,0.1533,0.1533,850.7,0
N25thBlue_MAS_12.22.25_LS_V2,MAS,3690,15943,15944,265.73,265.74,2,0.03,0.1527,0.1527,1754.7,0
N25thBlue_MAS_12.22.25_LS_V2,MAS,3710,19710,19710,328.51,328.51,1,0.02,0.1526,0.1526,596.7,0
N25thBlue_MAS_12.22.25_LS_V2,MAS,3641,9024,9044,150.4,150.74,4,0.35,0.1513,0.1513,861.9,0
N25thBlue_MAS_12.22.25_LS_V2,MAS,3663,11011,11011,183.52,183.52,1,0.02,0.1504,0.1504,2782.4,0
N25thBlue_MAS_12.22.25_LS_V2,MAS,3644,9224,9224,153.74,153.74,1,0.02,0.15,0.15,595.4,0
N25thBlue_MAS_12.22.25_LS_V2,MAS,3695,16562,16562,276.04,276.04,1,0.02,0.1499,0.1499,553.0,0
N25thBlue_MAS_12.22.25_LS_V2,MAS,3699,16797,16797,279.96,279.96,1,0.02,0.1465,0.1465,1925.1,0
N25thBlue_MAS_12.22.25_LS_V2,MAS,3635,8750,8750,145.84,145.84,1,0.02,0.1459,0.1459,563.2,0
N25thBlue_MAS_12.22.25_LS_V2,MAS,3706,18366,18369,306.11,306.16,2,0.07,0.144,0.144,6228.8,0
N25thBlue_MAS_12.22.25_LS_V2,MAS,3692,16185,16185,269.76,269.76,1,0.02,0.1438,0.1438,2182.0,0
N25thBlue_MAS_12.22.25_LS_V2,MAS,3630,8227,8227,137.12,137.12,1,0.02,0.1431,0.1431,1673.8,0
N25thBlue_MAS_12.22.25_LS_V2,MAS,3613,5203,5203,86.72,86.72,1,0.02,0.1398,0.1398,872.7,0
N25thBlue_MAS_12.22.25_LS_V2,MAS,3626,7768,7768,129.47,129.47,1,0.02,0.1396,0.1396,686.3,0
N25thBlue_MAS_12.22.25_LS_V2,MAS,3675,14117,14117,235.29,235.29,1,0.02,0.1387,0.1387,1431.9,0
N25thBlue_MAS_12.22.25_LS_V2,MAS,3612,4770,4770,79.5,79.5,1,0.02,0.1382,0.1382,3364.2,0
N25thBlue_MAS_12.22.25_LS_V2,MAS,3601,2233,2233,37.22,37.22,1,0.02,0.1377,0.1377,914.4,0
N25thBlue_MAS_12.22.25_LS_V2,MAS,3691,16055,16069,267.59,267.83,2,0.25,0.1371,0.1371,1430.8,0
N25thBlue_MAS_12.22.25_LS_V2,MAS,3610,4585,4585,76.42,76.42,1,0.02,0.1337,0.1337,2360.9,0
N25thBlue_MAS_12.22.25_LS_V2,MAS,3633,8569,8569,142.82,142.82,1,0.02,0.1335,0.1335,1256.7,0
N25thBlue_MAS_12.22.25_LS_V2,MAS,3631,8340,8341,139.0,139.02,2,0.03,0.1326,0.1326,814.8,0
N25thBlue_MAS_12.22.25_LS_V2,MAS,3632,8504,8531,141.74,142.19,2,0.47,0.132,0.132,1240.8,0
N25thBlue_MAS_12.22.25_LS_V2,MAS,3669,12601,12601,210.02,210.02,1,0.02,0.1315,0.1315,1297.7,0
N25thBlue_MAS_12.22.25_LS_V2,MAS,3698,16672,16672,277.88,277.88,1,0.02,0.1313,0.1313,1785.3,0
N25thBlue_MAS_12.22.25_LS_V2,MAS,3727,23925,23927,398.76,398.8,2,0.05,0.1311,0.1311,414.0,0
N25thBlue_MAS_12.22.25_LS_V2,MAS,3620,6436,6438,107.27,107.3,3,0.05,0.131,0.131,328.3,0
N25thBlue_MAS_12.22.25_LS_V2,MAS,3597,1734,1734,28.9,28.9,1,0.02,0.1298,0.1298,887.2,0
N25thBlue_MAS_12.22.25_LS_V2,MAS,3623,7099,7099,118.32,118.32,1,0.02,0.1285,0.1285,750.1,0
N25thBlue_MAS_12.22.25_LS_V2,MAS,3650,9812,9820,163.54,163.67,6,0.15,0.1239,0.1285,1301.5,0
N25thBlue_MAS_12.22.25_LS_V2,MAS,3592,918,921,15.3,15.35,3,0.07,0.1274,0.1274,955.2,0
N25thBlue_MAS_12.22.25_LS_V2,MAS,3639,8957,8958,149.29,149.3,2,0.03,0.1228,0.1228,1773.1,0
N25thBlue_MAS_12.22.25_LS_V2,MAS,3726,23845,23845,397.43,397.43,1,0.02,0.1224,0.1224,577.7,0
N25thBlue_MAS_12.22.25_LS_V2,MAS,3608,4516,4517,75.27,75.29,2,0.03,0.1203,0.1203,803.7,0
N25thBlue_MAS_12.22.25_LS_V2,MAS,3725,23490,23496,391.51,391.61,2,0.12,0.1195,0.1195,1215.6,0
N25thBlue_MAS_12.22.25_LS_V2,MAS,3712,20349,20349,339.16,339.16,1,0.02,0.1175,0.1175,998.1,0
N25thBlue_MAS_12.22.25_LS_V2,MAS,3659,10184,10184,169.74,169.74,1,0.02,0.1173,0.1173,780.9,0
N25thBlue_MAS_12.22.25_LS_V2,MAS,3722,23115,23116,385.26,385.28,2,0.03,0.1168,0.1168,1245.5,0
N25thBlue_MAS_12.22.25_LS_V2,MAS,3665,11264,11264,187.74,187.74,1,0.02,0.1167,0.1167,934.1,0
N25thBlue_MAS_12.22.25_LS_V2,MAS,3621,6500,6501,108.34,108.35,2,0.03,0.116,0.116,561.0,0
N25thBlue_MAS_12.22.25_LS_V2,MAS,3728,23950,23950,399.18,399.18,1,0.02,0.1138,0.1138,388.5,0
N25thBlue_MAS_12.22.25_LS_V2,MAS,3648,9741,9741,162.36,162.36,1,0.02,0.1136,0.1136,1835.4,0
N25thBlue_MAS_12.22.25_LS_V2,MAS,3649,9762,9774,162.71,162.91,3,0.22,0.1115,0.1115,1222.3,0
N25thBlue_MAS_12.22.25_LS_V2,MAS,3660,10220,10221,170.34,170.36,2,0.03,0.1114,0.1114,713.1,0
N25thBlue_MAS_12.22.25_LS_V2,MAS,3709,19545,19560,325.76,326.01,2,0.27,0.1109,0.1109,684.1,0
N25thBlue_MAS_12.22.25_LS_V2,MAS,3590,666,666,11.1,11.1,1,0.02,0.1105,0.1105,940.0,0
N25thBlue_MAS_12.22.25_LS_V2,MAS,3713,20349,20349,339.16,339.16,1,0.02,0.1099,0.1099,1209.6,0
N25thBlue_MAS_12.22.25_LS_V2,MAS,3655,10030,10030,167.17,167.17,1,0.02,0.1094,0.1094,1501.6,0
N25thBlue_MAS_12.22.25_LS_V2,MAS,3717,22105,22105,368.43,368.43,1,0.02,0.1086,0.1086,1811.4,0
N25thBlue_MAS_12.22.25_LS_V2,MAS,3638,8953,8953,149.22,149.22,1,0.02,0.1079,0.1079,822.6,0
N25thBlue_MAS_12.22.25_LS_V2,MAS,3668,11925,11925,198.76,198.76,1,0.02,0.1065,0.1065,1012.3,0
N25thBlue_MAS_12.22.25_LS_V2,MAS,3645,9291,9291,154.86,154.86,1,0.02,0.1062,0.1062,810.1,0
N25thBlue_MAS_12.22.25_LS_V2,MAS,3688,15479,15479,257.99,257.99,1,0.02,0.1056,0.1056,1493.4,0
N25thBlue_MAS_12.22.25_LS_V2,MAS,3604,3633,3633,60.55,60.55,1,0.02,0.1045,0.1045,1153.1,0
N25thBlue_MAS_12.22.25_LS_V2,MAS,3723,23159,23159,386.0,386.0,1,0.02,0.1036,0.1036,1290.0,0
N25thBlue_MAS_12.22.25_LS_V2,MAS,3619,6389,6389,106.49,106.49,1,0.02,0.1027,0.1027,451.0,0
N25thBlue_MAS_12.22.25_LS_V2,MAS,3671,12993,12993,216.56,216.56,1,0.02,0.1019,0.1019,2319.5,0
N25thBlue_MAS_12.22.25_LS_V2,MAS,3670,12986,12986,216.44,216.44,1,0.02,0.1014,0.1014,2189.7,0
N25thBlue_MAS_12.22.25_LS_V2,MAS,3627,7813,7813,130.22,130.22,1,0.02,0.1012,0.1012,1053.4,0
N25thBlue_MAS_12.22.25_LS_V2,MAS,3676,14203,14203,236.72,236.72,1,0.02,0.1009,0.1009,3951.9,0
N25thBlue_MAS_12.22.25_LS_V2,MAS,3678,14256,14256,237.61,237.61,1,0.02,0.1003,0.1003,3880.1,0
N25thBlue_MAS_12.22.25_LS_V2,MAS,3684,15167,15167,252.79,252.79,1,0.02,0.1001,0.1001,781.6,0
NIron_SHW_01.18.2026_LS,SHW,2888,6380,6398,106.38,106.68,19,0.32,0.6702,0.7893,2631.3,1
NIron_SHW_01.18.2026_LS,SHW,3534,25146,25204,419.29,420.26,58,0.98,0.6713,0.7345,1281.4,1
NIron_SHW_01.18.2026_LS,SHW,2668,2346,2414,39.12,40.25,69,1.15,0.6286,0.717,3142.2,1
NIron_SHW_01.18.2026_LS,SHW,2684,2354,2431,39.25,40.54,72,1.3,0.5572,0.7144,3584.5,1
NIron_SHW_01.18.2026_LS,SHW,2855,5809,5847,96.86,97.5,39,0.65,0.5997,0.7053,1081.5,1
NIron_SHW_01.18.2026_LS,SHW,4030,34241,34297,570.95,571.88,54,0.95,0.5866,0.7032,1616.9,1
NIron_SHW_01.18.2026_LS,SHW,3696,28706,28759,478.66,479.54,25,0.9,0.6032,0.7021,1451.5,1
NIron_SHW_01.18.2026_LS,SHW,3694,28692,28739,478.42,479.21,39,0.8,0.6422,0.7011,2375.8,1
NIron_SHW_01.18.2026_LS,SHW,2682,2354,2439,39.25,40.67,82,1.43,0.556,0.6958,2083.4,1
NIron_SHW_01.18.2026_LS,SHW,5431,21607,21630,360.28,360.67,19,0.4,0.5149,0.6945,1125.8,1
NIron_SHW_01.18.2026_LS,SHW,5507,24852,24894,414.39,415.09,20,0.72,0.5487,0.6888,1404.5,1
NIron_SHW_01.18.2026_LS,SHW,2846,5797,5874,96.66,97.95,63,1.3,0.5403,0.6857,949.1,1
NIron_SHW_01.18.2026_LS,SHW,5246,11402,11420,190.12,190.42,13,0.32,0.3815,0.6769,831.0,1
NIron_SHW_01.18.2026_LS,SHW,2692,2364,2416,39.42,40.29,50,0.88,0.5531,0.6746,2147.3,1
NIron_SHW_01.18.2026_LS,SHW,3689,28680,28698,478.22,478.52,19,0.32,0.592,0.6741,1313.2,1
NIron_SHW_01.18.2026_LS,SHW,3690,28680,28753,478.22,479.44,47,1.23,0.5661,0.6634,1415.8,1
NIron_SHW_01.18.2026_LS,SHW,5443,21848,21867,364.3,364.62,14,0.33,0.5066,0.6589,841.8,1
NIron_SHW_01.18.2026_LS,SHW,3996,33135,33167,552.51,553.04,11,0.55,0.5308,0.6549,1905.3,1
NIron_SHW_01.18.2026_LS,SHW,5470,23006,23026,383.61,383.94,17,0.35,0.4996,0.6458,1035.8,1
NIron_SHW_01.18.2026_LS,SHW,5537,26653,26728,444.42,445.67,30,1.27,0.3668,0.6281,1005.2,1
NIron_SHW_01.18.2026_LS,SHW,5437,21700,21727,361.83,362.28,10,0.47,0.4805,0.6144,1132.4,1
NIron_SHW_01.18.2026_LS,SHW,5619,29361,29399,489.58,490.21,14,0.65,0.4159,0.583,1261.7,1
NIron_SHW_01.18.2026_LS,SHW,5314,16265,16301,271.21,271.81,15,0.62,0.4008,0.5792,1581.8,1
NIron_SHW_01.18.2026_LS,SHW,3939,32997,33020,550.2,550.59,14,0.4,0.4888,0.5776,2101.7,1
NIron_SHW_01.18.2026_LS,SHW,5702,32790,32848,546.75,547.72,29,0.98,0.3618,0.5685,1318.7,1
NIron_SHW_01.18.2026_LS,SHW,2857,5815,5839,96.96,97.36,23,0.42,0.465,0.5609,1172.0,1
NIron_SHW_01.18.2026_LS,SHW,4032,34277,34298,571.55,571.9,12,0.37,0.45,0.5448,2310.4,1
NIron_SHW_01.18.2026_LS,SHW,5550,26831,26884,447.39,448.27,13,0.9,0.3371,0.5342,1774.7,1
NIron_SHW_01.18.2026_LS,SHW,5690,32444,32491,540.98,541.77,24,0.8,0.3584,0.513,909.1,1
NIron_SHW_01.18.2026_LS,SHW,5712,32991,33180,550.1,553.26,60,3.17,0.2357,0.4712,1405.9,1
NIron_SHW_01.18.2026_LS,SHW,5096,3477,3531,57.98,58.88,14,0.92,0.2613,0.4238,5358.1,1
NIron_SHW_01.18.2026_LS,SHW,5606,28617,28679,477.17,478.2,9,1.05,0.3171,0.423,1130.4,1
NIron_SHW_01.18.2026_LS,SHW,5717,33055,33179,551.17,553.24,17,2.08,0.2284,0.4216,2098.1,1
NIron_SHW_01.18.2026_LS,SHW,5213,9774,9799,162.98,163.39,15,0.43,0.2642,0.4117,1336.5,1
NIron_SHW_01.18.2026_LS,SHW,5475,23237,23254,387.46,387.75,9,0.3,0.3026,0.4064,1172.7,1
NIron_SHW_01.18.2026_LS,SHW,5668,31589,31614,526.73,527.14,10,0.43,0.2732,0.366,1896.6,1
NIron_SHW_01.18.2026_LS,SHW,5141,5787,5807,96.49,96.83,11,0.35,0.268,0.3557,780.5,1
NIron_SHW_01.18.2026_LS,SHW,5221,10340,10388,172.41,173.21,13,0.82,0.2311,0.3546,1016.8,1
NIron_SHW_01.18.2026_LS,SHW,5334,17073,17101,284.68,285.15,9,0.48,0.2567,0.3513,2951.4,1
NIron_SHW_01.18.2026_LS,SHW,5070,2322,2345,38.72,39.1,16,0.4,0.2186,0.3409,2179.9,1
NIron_SHW_01.18.2026_LS,SHW,5112,3926,3990,65.46,66.53,11,1.08,0.2265,0.3193,1067.3,1
NIron_SHW_01.18.2026_LS,SHW,5294,15066,15116,251.22,252.05,13,0.85,0.2305,0.3191,3402.3,1
NIron_SHW_01.18.2026_LS,SHW,5706,32859,32894,547.9,548.49,8,0.6,0.2502,0.3177,845.0,1
NIron_SHW_01.18.2026_LS,SHW,5654,31127,31127,519.02,519.02,1,0.02,0.7449,0.7449,1751.1,0
NIron_SHW_01.18.2026_LS,SHW,3051,11414,11414,190.32,190.32,1,0.02,0.7319,0.7319,1127.1,0
NIron_SHW_01.18.2026_LS,SHW,2899,6429,6443,107.2,107.43,15,0.25,0.6755,0.7284,1685.5,0
NIron_SHW_01.18.2026_LS,SHW,3054,11418,11418,190.39,190.39,1,0.02,0.7225,0.7225,1044.7,0
NIron_SHW_01.18.2026_LS,SHW,3814,31615,31620,527.16,527.24,6,0.1,0.6958,0.7047,2502.0,0
NIron_SHW_01.18.2026_LS,SHW,2963,9587,9587,159.86,159.86,1,0.02,0.6973,0.6973,1887.6,0
NIron_SHW_01.18.2026_LS,SHW,5436,21684,21697,361.57,361.78,14,0.23,0.6125,0.6892,1477.0,0
NIron_SHW_01.18.2026_LS,SHW,3915,32844,32847,547.65,547.7,4,0.07,0.6841,0.6841,1606.0,0
NIron_SHW_01.18.2026_LS,SHW,5165,6766,6766,112.82,112.82,1,0.02,0.6752,0.6752,1704.8,0
NIron_SHW_01.18.2026_LS,SHW,5457,22612,22618,377.04,377.14,7,0.12,0.6297,0.6651,1265.7,0
NIron_SHW_01.18.2026_LS,SHW,5315,16288,16296,271.59,271.73,8,0.15,0.5812,0.6627,1539.1,0
NIron_SHW_01.18.2026_LS,SHW,3762,30216,30216,503.83,503.83,1,0.02,0.6625,0.6625,1967.3,0
NIron_SHW_01.18.2026_LS,SHW,3785,31223,31230,520.62,520.74,8,0.13,0.5941,0.6596,1202.0,0
NIron_SHW_01.18.2026_LS,SHW,3898,32828,32829,547.39,547.4,2,0.03,0.6541,0.6541,1213.1,0
NIron_SHW_01.18.2026_LS,SHW,3885,32814,32814,547.15,547.15,1,0.02,0.6506,0.6506,1498.3,0
NIron_SHW_01.18.2026_LS,SHW,2751,3478,3492,57.99,58.23,13,0.25,0.5473,0.6412,2435.2,0
NIron_SHW_01.18.2026_LS,SHW,5158,6428,6428,107.18,107.18,1,0.02,0.6388,0.6388,1705.6,0
NIron_SHW_01.18.2026_LS,SHW,5121,4160,4160,69.37,69.37,1,0.02,0.6271,0.6271,1490.7,0
NIron_SHW_01.18.2026_LS,SHW,3478,23357,23359,389.46,389.5,2,0.05,0.625,0.625,3034.6,0
NIron_SHW_01.18.2026_LS,SHW,3999,33144,33146,552.66,552.69,3,0.05,0.623,0.623,1577.0,0
NIron_SHW_01.18.2026_LS,SHW,2962,9557,9557,159.36,159.36,1,0.02,0.6219,0.6219,1093.6,0
NIron_SHW_01.18.2026_LS,SHW,2626,501,502,8.35,8.37,2,0.03,0.6202,0.6202,4082.6,0
NIron_SHW_01.18.2026_LS,SHW,3890,32820,32820,547.25,547.25,1,0.02,0.6077,0.6077,1160.2,0
NIron_SHW_01.18.2026_LS,SHW,5109,3918,3930,65.33,65.53,13,0.22,0.484,0.6,671.0,0
NIron_SHW_01.18.2026_LS,SHW,4000,33148,33161,552.72,552.94,4,0.23,0.5895,0.5895,1752.7,0
NIron_SHW_01.18.2026_LS,SHW,5189,8095,8095,134.98,134.98,1,0.02,0.5894,0.5894,1380.1,0
NIron_SHW_01.18.2026_LS,SHW,5370,18913,18913,315.36,315.36,1,0.02,0.589,0.589,1573.2,0
NIron_SHW_01.18.2026_LS,SHW,5539,26668,26668,444.67,444.67,1,0.02,0.5788,0.5788,1164.8,0
NIron_SHW_01.18.2026_LS,SHW,5458,22621,22625,377.19,377.26,5,0.08,0.5743,0.5743,1205.2,0
NIron_SHW_01.18.2026_LS,SHW,5342,17923,17924,298.86,298.87,2,0.03,0.5711,0.5711,2738.3,0
NIron_SHW_01.18.2026_LS,SHW,5304,15805,15805,263.54,263.54,1,0.02,0.5675,0.5675,1695.9,0
NIron_SHW_01.18.2026_LS,SHW,5607,28659,28674,477.87,478.12,11,0.27,0.3864,0.5642,1253.5,0
NIron_SHW_01.18.2026_LS,SHW,5207,9586,9586,159.84,159.84,1,0.02,0.564,0.564,1750.3,0
NIron_SHW_01.18.2026_LS,SHW,5166,6784,6784,113.12,113.12,1,0.02,0.5581,0.5581,2457.9,0
NIron_SHW_01.18.2026_LS,SHW,2865,5855,5870,97.63,97.88,15,0.27,0.4448,0.5565,652.4,0
NIron_SHW_01.18.2026_LS,SHW,2872,5915,5921,98.63,98.73,7,0.12,0.5206,0.5551,1252.3,0
NIron_SHW_01.18.2026_LS,SHW,5628,29805,29805,496.98,496.98,1,0.02,0.5551,0.5551,1375.1,0
NIron_SHW_01.18.2026_LS,SHW,3496,24126,24128,402.29,402.32,3,0.05,0.5498,0.5498,1190.9,0
NIron_SHW_01.18.2026_LS,SHW,5742,34467,34498,574.72,575.23,7,0.53,0.4251,0.5494,2837.4,0
NIron_SHW_01.18.2026_LS,SHW,5125,4286,4294,71.47,71.6,8,0.15,0.4889,0.5473,789.6,0
NIron_SHW_01.18.2026_LS,SHW,5203,9313,9313,155.29,155.29,1,0.02,0.5464,0.5464,5422.4,0
NIron_SHW_01.18.2026_LS,SHW,5456,22597,22602,376.79,376.87,6,0.1,0.5122,0.5451,1138.2,0
NIron_SHW_01.18.2026_LS,SHW,3968,33094,33105,551.82,552.01,9,0.2,0.4658,0.5432,1979.1,0
NIron_SHW_01.18.2026_LS,SHW,5478,23305,23321,388.6,388.86,9,0.28,0.4117,0.5401,1170.1,0
NIron_SHW_01.18.2026_LS,SHW,3695,28700,28700,478.56,478.56,1,0.02,0.5394,0.5394,1315.4,0
NIron_SHW_01.18.2026_LS,SHW,3807,31592,31598,526.78,526.88,4,0.12,0.5373,0.5373,1831.5,0
NIron_SHW_01.18.2026_LS,SHW,3832,32254,32254,537.82,537.82,1,0.02,0.5329,0.5329,2988.6,0
NIron_SHW_01.18.2026_LS,SHW,3254,18982,18983,316.51,316.53,2,0.03,0.5304,0.5304,2193.7,0
NIron_SHW_01.18.2026_LS,SHW,3788,31293,31293,521.79,521.79,1,0.02,0.5201,0.5201,1137.9,0
NIron_SHW_01.18.2026_LS,SHW,2804,3987,3987,66.48,66.48,1,0.02,0.5196,0.5196,1266.0,0
NIron_SHW_01.18.2026_LS,SHW,2975,9779,9779,163.06,163.06,1,0.02,0.5188,0.5188,1681.7,0
NIron_SHW_01.18.2026_LS,SHW,4039,34305,34307,572.01,572.05,3,0.05,0.5166,0.5166,1829.5,0
NIron_SHW_01.18.2026_LS,SHW,3007,10372,10372,172.95,172.95,1,0.02,0.5139,0.5139,1528.6,0
NIron_SHW_01.18.2026_LS,SHW,3021,10691,10694,178.27,178.32,2,0.07,0.5052,0.5052,840.5,0
NIron_SHW_01.18.2026_LS,SHW,5622,29608,29623,493.7,493.95,10,0.27,0.3678,0.5039,870.5,0
NIron_SHW_01.18.2026_LS,SHW,3941,33000,33000,550.25,550.25,1,0.02,0.4979,0.4979,2495.1,0
NIron_SHW_01.18.2026_LS,SHW,5395,19684,19684,328.22,328.22,1,0.02,0.4956,0.4956,921.9,0
NIron_SHW_01.18.2026_LS,SHW,5090,3039,3040,50.67,50.69,2,0.03,0.4946,0.4946,2903.1,0
NIron_SHW_01.18.2026_LS,SHW,5434,21620,21627,360.5,360.62,5,0.13,0.4897,0.4897,1080.3,0
NIron_SHW_01.18.2026_LS,SHW,5460,22634,22634,377.41,377.41,1,0.02,0.489,0.489,988.6,0
NIron_SHW_01.18.2026_LS,SHW,5296,15118,15160,252.08,252.78,7,0.72,0.4295,0.4875,2594.6,0
NIron_SHW_01.18.2026_LS,SHW,5716,33030,33031,550.76,550.77,2,0.03,0.4871,0.4871,1639.7,0
NIron_SHW_01.18.2026_LS,SHW,5347,18066,18066,301.24,301.24,1,0.02,0.4865,0.4865,1005.2,0
NIron_SHW_01.18.2026_LS,SHW,5474,23151,23151,386.03,386.03,1,0.02,0.4862,0.4862,1814.7,0
NIron_SHW_01.18.2026_LS,SHW,5074,2616,2616,43.62,43.62,1,0.02,0.4851,0.4851,1349.4,0
NIron_SHW_01.18.2026_LS,SHW,5077,2669,2674,44.5,44.59,6,0.1,0.4489,0.4837,1162.6,0
NIron_SHW_01.18.2026_LS,SHW,5480,23356,23358,389.45,389.48,2,0.05,0.4821,0.4821,3105.8,0
NIron_SHW_01.18.2026_LS,SHW,5178,7502,7513,125.09,125.27,2,0.2,0.4772,0.4772,1925.0,0
NIron_SHW_01.18.2026_LS,SHW,5522,25996,25996,433.47,433.47,1,0.02,0.4747,0.4747,1102.2,0
NIron_SHW_01.18.2026_LS,SHW,5675,31714,31715,528.81,528.83,2,0.03,0.4708,0.4708,1024.0,0
NIron_SHW_01.18.2026_LS,SHW,5623,29608,29612,493.7,493.76,5,0.08,0.4685,0.4685,900.7,0
NIron_SHW_01.18.2026_LS,SHW,2976,9781,9781,163.09,163.09,1,0.02,0.4672,0.4672,1276.2,0
NIron_SHW_01.18.2026_LS,SHW,5272,13905,13905,231.86,231.86,1,0.02,0.4658,0.4658,2195.8,0
NIron_SHW_01.18.2026_LS,SHW,5477,23301,23301,388.53,388.53,1,0.02,0.458,0.458,1125.2,0
NIron_SHW_01.18.2026_LS,SHW,5393,19601,19601,326.83,326.83,1,0.02,0.457,0.457,703.7,0
NIron_SHW_01.18.2026_LS,SHW,5091,3103,3103,51.74,51.74,1,0.02,0.4547,0.4547,1018.8,0
NIron_SHW_01.18.2026_LS,SHW,5123,4252,4253,70.9,70.92,2,0.03,0.4533,0.4533,886.2,0
NIron_SHW_01.18.2026_LS,SHW,5428,21426,21426,357.27,357.27,1,0.02,0.4513,0.4513,1005.1,0
NIron_SHW_01.18.2026_LS,SHW,5592,28252,28252,471.08,471.08,1,0.02,0.4512,0.4512,1114.2,0
NIron_SHW_01.18.2026_LS,SHW,3779,31193,31196,520.12,520.17,3,0.07,0.4486,0.4486,1730.2,0
NIron_SHW_01.18.2026_LS,SHW,5591,28210,28210,470.38,470.38,1,0.02,0.4477,0.4477,1455.5,0
NIron_SHW_01.18.2026_LS,SHW,5156,6399,6415,106.7,106.97,12,0.28,0.2953,0.4352,565.7,0
NIron_SHW_01.18.2026_LS,SHW,3978,33112,33137,552.12,552.54,4,0.43,0.4319,0.4319,1443.4,0
NIron_SHW_01.18.2026_LS,SHW,5317,16354,16363,272.69,272.84,7,0.17,0.3606,0.4301,1443.3,0
NIron_SHW_01.18.2026_LS,SHW,5048,500,503,8.34,8.39,2,0.07,0.4283,0.4283,3965.5,0
NIron_SHW_01.18.2026_LS,SHW,5441,21724,21724,362.23,362.23,1,0.02,0.4219,0.4219,1030.9,0
NIron_SHW_01.18.2026_LS,SHW,5188,7935,7935,132.31,132.31,1,0.02,0.4201,0.4201,2140.8,0
NIron_SHW_01.18.2026_LS,SHW,5547,26825,26828,447.29,447.34,2,0.07,0.4201,0.4201,3541.0,0
NIron_SHW_01.18.2026_LS,SHW,5747,35525,35551,592.36,592.79,2,0.45,0.4186,0.4186,2291.5,0
NIron_SHW_01.18.2026_LS,SHW,5621,29375,29385,489.81,489.98,9,0.18,0.2807,0.4127,1189.3,0
NIron_SHW_01.18.2026_LS,SHW,5496,24124,24136,402.25,402.45,8,0.22,0.3444,0.4124,987.7,0
NIron_SHW_01.18.2026_LS,SHW,2765,3527,3529,58.81,58.84,3,0.05,0.4119,0.4119,9535.0,0
NIron_SHW_01.18.2026_LS,SHW,2693,2365,2367,39.43,39.47,3,0.05,0.4107,0.4107,1356.6,0
NIron_SHW_01.18.2026_LS,SHW,5196,8621,8621,143.75,143.75,1,0.02,0.4104,0.4104,1830.2,0
NIron_SHW_01.18.2026_LS,SHW,5464,22744,22745,379.24,379.26,2,0.03,0.407,0.407,1987.3,0
NIron_SHW_01.18.2026_LS,SHW,5292,14912,14918,248.65,248.75,4,0.12,0.406,0.406,1229.1,0
NIron_SHW_01.18.2026_LS,SHW,5471,23057,23057,384.46,384.46,1,0.02,0.4059,0.4059,1359.2,0
NIron_SHW_01.18.2026_LS,SHW,5516,25513,25513,425.41,425.41,1,0.02,0.4059,0.4059,1323.6,0
NIron_SHW_01.18.2026_LS,SHW,3302,21168,21168,352.96,352.96,1,0.02,0.4037,0.4037,651.6,0
NIron_SHW_01.18.2026_LS,SHW,5545,26803,26830,446.92,447.37,2,0.47,0.4022,0.4022,2300.2,0
NIron_SHW_01.18.2026_LS,SHW,3524,24889,24889,415.01,415.01,1,0.02,0.4021,0.4021,696.7,0
NIron_SHW_01.18.2026_LS,SHW,3787,31243,31243,520.96,520.96,1,0.02,0.4019,0.4019,1127.7,0
NIron_SHW_01.18.2026_LS,SHW,3360,21706,21706,361.93,361.93,1,0.02,0.4017,0.4017,930.4,0
NIron_SHW_01.18.2026_LS,SHW,5444,21866,21866,364.6,364.6,1,0.02,0.4009,0.4009,2699.8,0
NIron_SHW_01.18.2026_LS,SHW,5418,21167,21167,352.95,352.95,1,0.02,0.3969,0.3969,746.2,0
NIron_SHW_01.18.2026_LS,SHW,5281,14163,14163,236.16,236.16,1,0.02,0.3948,0.3948,1033.2,0
NIron_SHW_01.18.2026_LS,SHW,2967,9610,9611,160.24,160.26,2,0.03,0.3933,0.3933,2892.7,0
NIron_SHW_01.18.2026_LS,SHW,5415,21059,21060,351.15,351.16,2,0.03,0.3897,0.3897,1941.0,0
NIron_SHW_01.18.2026_LS,SHW,5270,13818,13819,230.41,230.42,2,0.03,0.3893,0.3893,1658.5,0
NIron_SHW_01.18.2026_LS,SHW,2677,2352,2352,39.22,39.22,1,0.02,0.3878,0.3878,1875.5,0
NIron_SHW_01.18.2026_LS,SHW,5447,22026,22027,367.27,367.29,2,0.03,0.3854,0.3854,1165.9,0
NIron_SHW_01.18.2026_LS,SHW,5579,27846,27846,464.32,464.32,1,0.02,0.3852,0.3852,1288.4,0
NIron_SHW_01.18.2026_LS,SHW,3782,31207,31208,520.36,520.37,2,0.03,0.3848,0.3848,1028.2,0
NIron_SHW_01.18.2026_LS,SHW,5708,32890,32893,548.42,548.47,4,0.07,0.3845,0.3845,1910.8,0
NIron_SHW_01.18.2026_LS,SHW,5699,32569,32570,543.07,543.08,2,0.03,0.3819,0.3819,1743.9,0
NIron_SHW_01.18.2026_LS,SHW,5426,21412,21414,357.03,357.07,3,0.05,0.3817,0.3817,1089.8,0
NIron_SHW_01.18.2026_LS,SHW,5681,32190,32190,536.75,536.75,1,0.02,0.379,0.379,1955.7,0
NIron_SHW_01.18.2026_LS,SHW,5407,20253,20253,337.71,337.71,1,0.02,0.3764,0.3764,1229.6,0
NIron_SHW_01.18.2026_LS,SHW,5302,15691,15746,261.64,262.55,6,0.93,0.3318,0.3763,1506.7,0
NIron_SHW_01.18.2026_LS,SHW,5057,770,770,12.84,12.84,1,0.02,0.3762,0.3762,952.3,0
NIron_SHW_01.18.2026_LS,SHW,5076,2664,2665,44.42,44.44,2,0.03,0.3756,0.3756,985.3,0
NIron_SHW_01.18.2026_LS,SHW,5266,13674,13676,228.01,228.04,2,0.05,0.3744,0.3744,1326.2,0
NIron_SHW_01.18.2026_LS,SHW,5269,13776,13776,229.71,229.71,1,0.02,0.374,0.374,942.7,0
NIron_SHW_01.18.2026_LS,SHW,5332,17015,17060,283.71,284.47,6,0.77,0.3337,0.3721,2376.4,0
NIron_SHW_01.18.2026_LS,SHW,5698,32530,32530,542.42,542.42,1,0.02,0.3697,0.3697,876.8,0
NIron_SHW_01.18.2026_LS,SHW,5413,20828,20828,347.29,347.29,1,0.02,0.368,0.368,2222.4,0
NIron_SHW_01.18.2026_LS,SHW,5486,23592,23594,393.38,393.42,2,0.05,0.3679,0.3679,1538.8,0
NIron_SHW_01.18.2026_LS,SHW,5683,32253,32264,537.8,537.98,7,0.2,0.2989,0.366,2307.9,0
NIron_SHW_01.18.2026_LS,SHW,5198,8741,8741,145.75,145.75,1,0.02,0.3647,0.3647,1644.7,0
NIron_SHW_01.18.2026_LS,SHW,5546,26820,26820,447.21,447.21,1,0.02,0.3608,0.3608,2003.4,0
NIron_SHW_01.18.2026_LS,SHW,5060,874,874,14.57,14.57,1,0.02,0.3603,0.3603,1262.1,0
NIron_SHW_01.18.2026_LS,SHW,5744,34940,34940,582.6,582.6,1,0.02,0.3603,0.3603,1414.7,0
NIron_SHW_01.18.2026_LS,SHW,3672,28624,28625,477.29,477.3,2,0.03,0.3592,0.3592,954.2,0
NIron_SHW_01.18.2026_LS,SHW,5625,29621,29623,493.91,493.95,3,0.05,0.3588,0.3588,1621.5,0
NIron_SHW_01.18.2026_LS,SHW,5696,32479,32508,541.57,542.05,2,0.5,0.3567,0.3567,941.2,0
NIron_SHW_01.18.2026_LS,SHW,2837,5212,5212,86.91,86.91,1,0.02,0.3531,0.3531,1770.5,0
NIron_SHW_01.18.2026_LS,SHW,5319,16366,16368,272.89,272.93,3,0.05,0.3529,0.3529,901.1,0
NIron_SHW_01.18.2026_LS,SHW,5396,19755,19755,329.4,329.4,1,0.02,0.3523,0.3523,743.8,0
NIron_SHW_01.18.2026_LS,SHW,5234,10742,10742,179.12,179.12,1,0.02,0.3495,0.3495,904.7,0
NIron_SHW_01.18.2026_LS,SHW,5572,27515,27529,458.8,459.03,7,0.25,0.3079,0.3492,768.6,0
NIron_SHW_01.18.2026_LS,SHW,5411,20780,20780,346.49,346.49,1,0.02,0.3468,0.3468,1106.6,0
NIron_SHW_01.18.2026_LS,SHW,5167,6921,6925,115.4,115.47,2,0.08,0.3453,0.3453,1691.7,0
NIron_SHW_01.18.2026_LS,SHW,5290,14813,14814,247.0,247.01,2,0.03,0.3451,0.3451,1930.6,0
NIron_SHW_01.18.2026_LS,SHW,5461,22649,22657,377.66,377.79,6,0.15,0.3137,0.344,1185.1,0
NIron_SHW_01.18.2026_LS,SHW,5130,4677,4678,77.99,78.0,2,0.03,0.3437,0.3437,1697.7,0
NIron_SHW_01.18.2026_LS,SHW,5084,2870,2870,47.86,47.86,1,0.02,0.3426,0.3426,956.9,0
NIron_SHW_01.18.2026_LS,SHW,5509,24887,24888,414.98,414.99,2,0.03,0.3419,0.3419,737.3,0
NIron_SHW_01.18.2026_LS,SHW,5127,4374,4393,72.93,73.25,2,0.33,0.3396,0.3396,2094.3,0
NIron_SHW_01.18.2026_LS,SHW,5663,31434,31449,524.14,524.39,6,0.27,0.3135,0.3386,1914.2,0
NIron_SHW_01.18.2026_LS,SHW,5562,27067,27070,451.33,451.38,3,0.07,0.3382,0.3382,1595.7,0
NIron_SHW_01.18.2026_LS,SHW,5408,20460,20472,341.16,341.36,2,0.22,0.3376,0.3376,1318.6,0
NIron_SHW_01.18.2026_LS,SHW,5078,2677,2677,44.64,44.64,1,0.02,0.3372,0.3372,897.6,0
NIron_SHW_01.18.2026_LS,SHW,2942,8554,8556,142.63,142.67,2,0.05,0.3367,0.3367,569.6,0
NIron_SHW_01.18.2026_LS,SHW,5244,11243,11246,187.47,187.52,4,0.07,0.3351,0.3351,1055.1,0
NIron_SHW_01.18.2026_LS,SHW,5065,1265,1265,21.09,21.09,1,0.02,0.335,0.335,1144.6,0
NIron_SHW_01.18.2026_LS,SHW,5102,3689,3689,61.51,61.51,1,0.02,0.3338,0.3338,2553.0,0
NIron_SHW_01.18.2026_LS,SHW,5709,32905,32905,548.67,548.67,1,0.02,0.3336,0.3336,987.7,0
NIron_SHW_01.18.2026_LS,SHW,5544,26767,26771,446.32,446.39,3,0.08,0.3329,0.3329,1140.0,0
NIron_SHW_01.18.2026_LS,SHW,5139,5710,5710,95.21,95.21,1,0.02,0.3323,0.3323,1309.7,0
NIron_SHW_01.18.2026_LS,SHW,3458,23118,23118,385.48,385.48,1,0.02,0.3315,0.3315,1303.5,0
NIron_SHW_01.18.2026_LS,SHW,5364,18765,18765,312.89,312.89,1,0.02,0.3305,0.3305,918.4,0
NIron_SHW_01.18.2026_LS,SHW,5151,6212,6215,103.58,103.63,4,0.07,0.3301,0.3301,838.8,0
NIron_SHW_01.18.2026_LS,SHW,5473,23137,23137,385.8,385.8,1,0.02,0.33,0.33,1176.2,0
NIron_SHW_01.18.2026_LS,SHW,5638,30215,30236,503.82,504.17,3,0.37,0.3298,0.3298,1831.3,0
NIron_SHW_01.18.2026_LS,SHW,5157,6418,6418,107.02,107.02,1,0.02,0.3291,0.3291,698.4,0
NIron_SHW_01.18.2026_LS,SHW,5067,1449,1449,24.16,24.16,1,0.02,0.3264,0.3264,3816.3,0
NIron_SHW_01.18.2026_LS,SHW,5154,6325,6343,105.47,105.77,7,0.32,0.2695,0.3245,1576.3,0
NIron_SHW_01.18.2026_LS,SHW,5739,34383,34383,573.32,573.32,1,0.02,0.3245,0.3245,1760.1,0
NIron_SHW_01.18.2026_LS,SHW,5069,1852,1852,30.88,30.88,1,0.02,0.3239,0.3239,1299.7,0
NIron_SHW_01.18.2026_LS,SHW,5132,4713,4713,78.59,78.59,1,0.02,0.3227,0.3227,2740.8,0
NIron_SHW_01.18.2026_LS,SHW,5307,16082,16084,268.16,268.19,3,0.05,0.322,0.322,1644.0,0
NIron_SHW_01.18.2026_LS,SHW,5223,10361,10381,172.76,173.1,6,0.35,0.2878,0.3216,1410.9,0
NIron_SHW_01.18.2026_LS,SHW,5118,4035,4045,67.28,67.45,4,0.18,0.3181,0.3181,1404.1,0
NIron_SHW_01.18.2026_LS,SHW,5651,30992,30994,516.77,516.81,3,0.05,0.3176,0.3176,1380.0,0
NIron_SHW_01.18.2026_LS,SHW,5490,23668,23668,394.65,394.65,1,0.02,0.3167,0.3167,840.4,0
NIron_SHW_01.18.2026_LS,SHW,5301,15663,15663,261.17,261.17,1,0.02,0.3166,0.3166,2177.2,0
NIron_SHW_01.18.2026_LS,SHW,5384,19199,19200,320.13,320.15,2,0.03,0.3164,0.3164,837.2,0
NIron_SHW_01.18.2026_LS,SHW,5222,10361,10367,172.76,172.86,5,0.12,0.3161,0.3161,1208.3,0
NIron_SHW_01.18.2026_LS,SHW,5100,3670,3678,61.2,61.33,5,0.15,0.3155,0.3155,1094.5,0
NIron_SHW_01.18.2026_LS,SHW,5333,17025,17028,283.88,283.93,4,0.07,0.3155,0.3155,1100.4,0
NIron_SHW_01.18.2026_LS,SHW,5380,19091,19099,318.33,318.46,5,0.15,0.3138,0.3138,886.8,0
NIron_SHW_01.18.2026_LS,SHW,5569,27241,27241,454.23,454.23,1,0.02,0.3125,0.3125,1376.8,0
NIron_SHW_01.18.2026_LS,SHW,5175,7421,7421,123.74,123.74,1,0.02,0.312,0.312,2448.4,0
NIron_SHW_01.18.2026_LS,SHW,5155,6373,6379,106.27,106.37,3,0.12,0.3118,0.3118,1761.9,0
NIron_SHW_01.18.2026_LS,SHW,5283,14251,14252,237.63,237.64,2,0.03,0.3116,0.3116,1483.1,0
NIron_SHW_01.18.2026_LS,SHW,5557,27014,27014,450.44,450.44,1,0.02,0.3111,0.3111,1672.2,0
NIron_SHW_01.18.2026_LS,SHW,5700,32649,32649,544.4,544.4,1,0.02,0.3105,0.3105,1124.2,0
NIron_SHW_01.18.2026_LS,SHW,5555,26978,26995,449.84,450.13,2,0.3,0.3095,0.3095,833.8,0
NIron_SHW_01.18.2026_LS,SHW,5595,28332,28332,472.42,472.42,1,0.02,0.3073,0.3073,1044.3,0
NIron_SHW_01.18.2026_LS,SHW,5282,14235,14236,237.36,237.38,2,0.03,0.3067,0.3067,1883.2,0
NIron_SHW_01.18.2026_LS,SHW,5719,33089,33126,551.74,552.36,7,0.63,0.2496,0.3056,1876.1,0
NIron_SHW_01.18.2026_LS,SHW,5114,3944,3962,65.76,66.06,2,0.32,0.3054,0.3054,759.8,0
NIron_SHW_01.18.2026_LS,SHW,5453,22270,22274,371.34,371.41,3,0.08,0.3046,0.3046,1368.9,0
NIron_SHW_01.18.2026_LS,SHW,5501,24398,24400,406.82,406.86,3,0.05,0.3035,0.3035,1297.2,0
NIron_SHW_01.18.2026_LS,SHW,5741,34446,34449,574.37,574.42,4,0.07,0.3031,0.3031,2563.9,0
NIron_SHW_01.18.2026_LS,SHW,5066,1309,1311,21.83,21.86,2,0.05,0.3016,0.3016,1013.8,0
NIron_SHW_01.18.2026_LS,SHW,5360,18730,18742,312.31,312.51,2,0.22,0.3,0.3,1236.9,0
NIron_SHW_01.18.2026_LS,SHW,5613,28852,28852,481.09,481.09,1,0.02,0.2999,0.2999,749.1,0
NIron_SHW_01.18.2026_LS,SHW,5276,14048,14069,234.24,234.59,4,0.37,0.2993,0.2993,1872.2,0
NIron_SHW_01.18.2026_LS,SHW,5512,25320,25320,422.2,422.2,1,0.02,0.297,0.297,1690.0,0
NIron_SHW_01.18.2026_LS,SHW,5115,3961,3961,66.05,66.05,1,0.02,0.2968,0.2968,565.3,0
NIron_SHW_01.18.2026_LS,SHW,5206,9556,9556,159.34,159.34,1,0.02,0.2962,0.2962,901.2,0
NIron_SHW_01.18.2026_LS,SHW,5215,9899,9900,165.06,165.08,2,0.03,0.295,0.295,1151.1,0
NIron_SHW_01.18.2026_LS,SHW,5596,28350,28350,472.72,472.72,1,0.02,0.2945,0.2945,829.7,0
NIron_SHW_01.18.2026_LS,SHW,5511,25143,25145,419.24,419.28,3,0.05,0.2944,0.2944,942.3,0
NIron_SHW_01.18.2026_LS,SHW,5095,3393,3400,56.58,56.69,6,0.13,0.2657,0.2943,2078.5,0
NIron_SHW_01.18.2026_LS,SHW,5433,21614,21643,360.4,360.88,5,0.5,0.2942,0.2942,1181.2,0
NIron_SHW_01.18.2026_LS,SHW,5481,23391,23405,390.03,390.26,6,0.25,0.2617,0.2938,870.7,0
NIron_SHW_01.18.2026_LS,SHW,5660,31314,31314,522.14,522.14,1,0.02,0.2931,0.2931,1295.5,0
NIron_SHW_01.18.2026_LS,SHW,5367,18804,18804,313.55,313.55,1,0.02,0.2926,0.2926,1811.2,0
NIron_SHW_01.18.2026_LS,SHW,5459,22630,22630,377.34,377.34,1,0.02,0.2906,0.2906,853.0,0
NIron_SHW_01.18.2026_LS,SHW,5402,19934,19943,332.39,332.54,7,0.17,0.2444,0.2904,805.4,0
NIron_SHW_01.18.2026_LS,SHW,5398,19772,19772,329.69,329.69,1,0.02,0.2903,0.2903,1431.3,0
NIron_SHW_01.18.2026_LS,SHW,5746,35420,35422,590.61,590.64,3,0.05,0.2903,0.2903,1571.2,0
NIron_SHW_01.18.2026_LS,SHW,5208,9605,9613,160.16,160.29,6,0.15,0.2666,0.2891,2354.5,0
NIron_SHW_01.18.2026_LS,SHW,5389,19330,19330,322.32,322.32,1,0.02,0.289,0.289,1373.7,0
NIron_SHW_01.18.2026_LS,SHW,5440,21714,21716,362.07,362.1,3,0.05,0.2886,0.2886,862.7,0
NIron_SHW_01.18.2026_LS,SHW,5212,9724,9724,162.14,162.14,1,0.02,0.2873,0.2873,2240.1,0
NIron_SHW_01.18.2026_LS,SHW,5462,22654,22655,377.74,377.76,2,0.03,0.2871,0.2871,1325.1,0
NIron_SHW_01.18.2026_LS,SHW,5058,823,835,13.72,13.92,5,0.22,0.287,0.287,1270.2,0
NIron_SHW_01.18.2026_LS,SHW,5209,9664,9664,161.14,161.14,1,0.02,0.287,0.287,704.9,0
NIron_SHW_01.18.2026_LS,SHW,5174,7378,7381,123.02,123.07,3,0.07,0.2853,0.2853,1413.4,0
NIron_SHW_01.18.2026_LS,SHW,5148,6040,6040,100.71,100.71,1,0.02,0.2851,0.2851,2378.4,0
NIron_SHW_01.18.2026_LS,SHW,5238,10860,10876,181.08,181.35,3,0.28,0.2847,0.2847,1005.8,0
NIron_SHW_01.18.2026_LS,SHW,5291,14820,14822,247.11,247.15,3,0.05,0.2844,0.2844,1128.9,0
NIron_SHW_01.18.2026_LS,SHW,5492,23707,23707,395.3,395.3,1,0.02,0.2836,0.2836,3461.5,0
NIron_SHW_01.18.2026_LS,SHW,5565,27082,27083,451.58,451.59,2,0.03,0.2826,0.2826,2210.0,0
NIron_SHW_01.18.2026_LS,SHW,5442,21841,21842,364.19,364.2,2,0.03,0.2815,0.2815,917.5,0
NIron_SHW_01.18.2026_LS,SHW,5652,31080,31080,518.24,518.24,1,0.02,0.2815,0.2815,1904.9,0
NIron_SHW_01.18.2026_LS,SHW,5353,18410,18410,306.98,306.98,1,0.02,0.2811,0.2811,1104.8,0
NIron_SHW_01.18.2026_LS,SHW,5438,21707,21707,361.95,361.95,1,0.02,0.2805,0.2805,1967.9,0
NIron_SHW_01.18.2026_LS,SHW,5484,23454,23455,391.08,391.1,2,0.03,0.2796,0.2796,2023.2,0
NIron_SHW_01.18.2026_LS,SHW,5420,21291,21292,355.01,355.03,2,0.03,0.2795,0.2795,1147.5,0
NIron_SHW_01.18.2026_LS,SHW,5656,31182,31242,519.94,520.94,9,1.02,0.2179,0.2795,1435.1,0
NIron_SHW_01.18.2026_LS,SHW,5245,11360,11360,189.42,189.42,1,0.02,0.279,0.279,610.1,0
NIron_SHW_01.18.2026_LS,SHW,5240,10878,10890,181.38,181.58,5,0.22,0.2789,0.2789,1642.5,0
NIron_SHW_01.18.2026_LS,SHW,5694,32466,32473,541.35,541.47,4,0.13,0.2778,0.2778,947.5,0
NIron_SHW_01.18.2026_LS,SHW,5589,28200,28200,470.22,470.22,1,0.02,0.2773,0.2773,616.5,0
NIron_SHW_01.18.2026_LS,SHW,5313,16241,16243,270.81,270.84,3,0.05,0.2763,0.2763,891.7,0
NIron_SHW_01.18.2026_LS,SHW,5326,16885,16887,281.55,281.58,3,0.05,0.276,0.276,1449.0,0
NIron_SHW_01.18.2026_LS,SHW,5382,19112,19135,318.68,319.06,2,0.4,0.2757,0.2757,1026.2,0
NIron_SHW_01.18.2026_LS,SHW,5532,26367,26369,439.65,439.69,3,0.05,0.2753,0.2753,1420.1,0
NIron_SHW_01.18.2026_LS,SHW,5485,23464,23464,391.25,391.25,1,0.02,0.2748,0.2748,1280.7,0
NIron_SHW_01.18.2026_LS,SHW,5179,7516,7516,125.32,125.32,1,0.02,0.2746,0.2746,2411.8,0
NIron_SHW_01.18.2026_LS,SHW,5303,15724,15724,262.19,262.19,1,0.02,0.2735,0.2735,1791.9,0
NIron_SHW_01.18.2026_LS,SHW,5674,31709,31709,528.73,528.73,1,0.02,0.2729,0.2729,778.9,0
NIron_SHW_01.18.2026_LS,SHW,5152,6222,6222,103.75,103.75,1,0.02,0.2727,0.2727,889.5,0
NIron_SHW_01.18.2026_LS,SHW,5642,30503,30503,508.62,508.62,1,0.02,0.2725,0.2725,1655.6,0
NIron_SHW_01.18.2026_LS,SHW,5088,2987,2988,49.81,49.82,2,0.03,0.271,0.271,1181.9,0
NIron_SHW_01.18.2026_LS,SHW,5331,17005,17013,283.55,283.68,6,0.15,0.2496,0.2708,1467.3,0
NIron_SHW_01.18.2026_LS,SHW,5526,26100,26100,435.2,435.2,1,0.02,0.2702,0.2702,1519.8,0
NIron_SHW_01.18.2026_LS,SHW,5609,28675,28675,478.14,478.14,1,0.02,0.2686,0.2686,1443.5,0
NIron_SHW_01.18.2026_LS,SHW,5452,22259,22275,371.16,371.42,4,0.28,0.2682,0.2682,1249.6,0
NIron_SHW_01.18.2026_LS,SHW,5561,27062,27075,451.24,451.46,4,0.23,0.2668,0.2668,1196.3,0
NIron_SHW_01.18.2026_LS,SHW,5401,19903,19903,331.87,331.87,1,0.02,0.2667,0.2667,625.5,0
NIron_SHW_01.18.2026_LS,SHW,5352,18370,18370,306.31,306.31,1,0.02,0.2662,0.2662,766.3,0
NIron_SHW_01.18.2026_LS,SHW,5419,21278,21278,354.8,354.8,1,0.02,0.2657,0.2657,1083.9,0
NIron_SHW_01.18.2026_LS,SHW,5168,6933,6933,115.6,115.6,1,0.02,0.2638,0.2638,1017.5,0
NIron_SHW_01.18.2026_LS,SHW,5059,866,877,14.44,14.62,6,0.2,0.2426,0.2629,1027.1,0
NIron_SHW_01.18.2026_LS,SHW,5703,32818,32818,547.22,547.22,1,0.02,0.2627,0.2627,1059.4,0
NIron_SHW_01.18.2026_LS,SHW,5306,15952,15952,265.99,265.99,1,0.02,0.2622,0.2622,1216.8,0
NIron_SHW_01.18.2026_LS,SHW,5265,13670,13670,227.94,227.94,1,0.02,0.2614,0.2614,1138.5,0
NIron_SHW_01.18.2026_LS,SHW,5375,18992,18993,316.68,316.7,2,0.03,0.2612,0.2612,806.7,0
NIron_SHW_01.18.2026_LS,SHW,5184,7662,7665,127.76,127.81,4,0.07,0.2611,0.2611,1358.0,0
NIron_SHW_01.18.2026_LS,SHW,5500,24386,24387,406.62,406.64,2,0.03,0.2606,0.2606,1006.9,0
NIron_SHW_01.18.2026_LS,SHW,5205,9510,9514,158.57,158.64,5,0.08,0.2604,0.2604,1102.2,0
NIron_SHW_01.18.2026_LS,SHW,5599,28384,28389,473.29,473.37,5,0.1,0.26,0.26,1346.8,0
NIron_SHW_01.18.2026_LS,SHW,5735,34286,34308,571.7,572.07,6,0.38,0.2353,0.2592,2212.4,0
NIron_SHW_01.18.2026_LS,SHW,5264,13527,13529,225.55,225.59,3,0.05,0.259,0.259,1891.2,0
NIron_SHW_01.18.2026_LS,SHW,5604,28463,28480,474.6,474.89,2,0.3,0.2588,0.2588,1695.9,0
NIron_SHW_01.18.2026_LS,SHW,5368,18867,18870,314.6,314.65,2,0.07,0.2585,0.2585,1837.9,0
NIron_SHW_01.18.2026_LS,SHW,5255,12476,12476,208.03,208.03,1,0.02,0.2581,0.2581,1309.1,0
NIron_SHW_01.18.2026_LS,SHW,5540,26678,26703,444.84,445.26,7,0.43,0.2157,0.2574,901.6,0
NIron_SHW_01.18.2026_LS,SHW,5366,18784,18784,313.21,313.21,1,0.02,0.2573,0.2573,1173.4,0
NIron_SHW_01.18.2026_LS,SHW,5195,8550,8553,142.57,142.62,3,0.07,0.2568,0.2568,559.8,0
NIron_SHW_01.18.2026_LS,SHW,5233,10723,10733,178.8,178.97,7,0.18,0.2205,0.2568,764.2,0
NIron_SHW_01.18.2026_LS,SHW,5731,34078,34079,568.23,568.25,2,0.03,0.2568,0.2568,1306.2,0
NIron_SHW_01.18.2026_LS,SHW,5129,4642,4642,77.4,77.4,1,0.02,0.2567,0.2567,1223.8,0
NIron_SHW_01.18.2026_LS,SHW,5164,6735,6735,112.3,112.3,1,0.02,0.2561,0.2561,1830.1,0
NIron_SHW_01.18.2026_LS,SHW,5705,32830,32904,547.42,548.65,9,1.25,0.2063,0.256,1734.9,0
NIron_SHW_01.18.2026_LS,SHW,5645,30690,30691,511.74,511.75,2,0.03,0.2554,0.2554,1663.5,0
NIron_SHW_01.18.2026_LS,SHW,5051,578,613,9.64,10.22,5,0.6,0.2551,0.2551,2110.3,0
NIron_SHW_01.18.2026_LS,SHW,5617,29245,29256,487.64,487.83,7,0.2,0.2206,0.2543,1061.5,0
NIron_SHW_01.18.2026_LS,SHW,5688,32413,32413,540.47,540.47,1,0.02,0.254,0.254,722.9,0
NIron_SHW_01.18.2026_LS,SHW,5171,7104,7113,118.45,118.6,5,0.17,0.2536,0.2536,1219.6,0
NIron_SHW_01.18.2026_LS,SHW,5343,17938,17939,299.11,299.12,2,0.03,0.2533,0.2533,2409.0,0
NIron_SHW_01.18.2026_LS,SHW,5335,17217,17221,287.08,287.15,5,0.08,0.2526,0.2526,1558.8,0
NIron_SHW_01.18.2026_LS,SHW,5627,29731,29732,495.75,495.76,2,0.03,0.2526,0.2526,1498.2,0
NIron_SHW_01.18.2026_LS,SHW,5432,21611,21615,360.35,360.42,4,0.08,0.251,0.251,990.4,0
NIron_SHW_01.18.2026_LS,SHW,5718,33060,33060,551.26,551.26,1,0.02,0.251,0.251,1536.2,0
NIron_SHW_01.18.2026_LS,SHW,5061,918,918,15.31,15.31,1,0.02,0.2493,0.2493,1500.6,0
NIron_SHW_01.18.2026_LS,SHW,5664,31440,31443,524.24,524.29,2,0.07,0.2484,0.2484,1228.7,0
NIron_SHW_01.18.2026_LS,SHW,5150,6184,6188,103.11,103.18,2,0.08,0.2479,0.2479,2019.7,0
NIron_SHW_01.18.2026_LS,SHW,5358,18658,18658,311.11,311.11,1,0.02,0.2478,0.2478,2532.8,0
NIron_SHW_01.18.2026_LS,SHW,5350,18338,18338,305.77,305.77,1,0.02,0.2477,0.2477,1807.7,0
NIron_SHW_01.18.2026_LS,SHW,5143,5850,5854,97.55,97.61,4,0.08,0.2471,0.2471,681.9,0
NIron_SHW_01.18.2026_LS,SHW,5410,20773,20773,346.38,346.38,1,0.02,0.2454,0.2454,1267.1,0
NIron_SHW_01.18.2026_LS,SHW,5449,22143,22145,369.22,369.25,3,0.05,0.245,0.245,2327.1,0
NIron_SHW_01.18.2026_LS,SHW,5722,33249,33250,554.41,554.42,2,0.03,0.2447,0.2447,1607.0,0
NIron_SHW_01.18.2026_LS,SHW,5274,13967,13967,232.89,232.89,1,0.02,0.2441,0.2441,1447.1,0
NIron_SHW_01.18.2026_LS,SHW,5044,467,468,7.79,7.8,2,0.03,0.2433,0.2433,1731.0,0
NIron_SHW_01.18.2026_LS,SHW,5689,32432,32433,540.78,540.8,2,0.03,0.2431,0.2431,759.4,0
NIron_SHW_01.18.2026_LS,SHW,5199,8787,8788,146.52,146.53,2,0.03,0.2428,0.2428,4333.7,0
NIron_SHW_01.18.2026_LS,SHW,5693,32464,32479,541.32,541.57,3,0.27,0.2423,0.2423,876.0,0
NIron_SHW_01.18.2026_LS,SHW,5574,27620,27620,460.55,460.55,1,0.02,0.2412,0.2412,1333.3,0
NIron_SHW_01.18.2026_LS,SHW,5280,14155,14155,236.03,236.03,1,0.02,0.2407,0.2407,755.3,0
NIron_SHW_01.18.2026_LS,SHW,5659,31287,31308,521.69,522.04,6,0.37,0.2227,0.2404,1283.6,0
NIron_SHW_01.18.2026_LS,SHW,5513,25349,25349,422.68,422.68,1,0.02,0.2402,0.2402,2121.9,0
NIron_SHW_01.18.2026_LS,SHW,5308,16099,16099,268.44,268.44,1,0.02,0.24,0.24,843.5,0
NIron_SHW_01.18.2026_LS,SHW,5455,22586,22586,376.61,376.61,1,0.02,0.2398,0.2398,633.3,0
NIron_SHW_01.18.2026_LS,SHW,5361,18739,18739,312.46,312.46,1,0.02,0.2389,0.2389,702.8,0
NIron_SHW_01.18.2026_LS,SHW,5176,7462,7482,124.42,124.76,4,0.35,0.2379,0.2379,3695.3,0
NIron_SHW_01.18.2026_LS,SHW,5124,4257,4259,70.98,71.02,2,0.05,0.2368,0.2368,742.2,0
NIron_SHW_01.18.2026_LS,SHW,5043,448,453,7.47,7.55,3,0.1,0.2366,0.2366,1154.7,0
NIron_SHW_01.18.2026_LS,SHW,5576,27690,27690,461.71,461.71,1,0.02,0.2365,0.2365,1945.4,0
NIron_SHW_01.18.2026_LS,SHW,5400,19871,19871,331.34,331.34,1,0.02,0.2364,0.2364,1839.3,0
NIron_SHW_01.18.2026_LS,SHW,5231,10686,10688,178.18,178.22,3,0.05,0.2362,0.2362,1251.1,0
NIron_SHW_01.18.2026_LS,SHW,5669,31639,31648,527.56,527.71,5,0.17,0.2358,0.2358,1748.9,0
NIron_SHW_01.18.2026_LS,SHW,5186,7808,7808,130.19,130.19,1,0.02,0.2347,0.2347,814.2,0
NIron_SHW_01.18.2026_LS,SHW,5430,21594,21595,360.07,360.08,2,0.03,0.2347,0.2347,1075.8,0
NIron_SHW_01.18.2026_LS,SHW,5559,27037,27037,450.83,450.83,1,0.02,0.2346,0.2346,791.2,0
NIron_SHW_01.18.2026_LS,SHW,5626,29650,29650,494.4,494.4,1,0.02,0.2338,0.2338,699.6,0
NIron_SHW_01.18.2026_LS,SHW,5405,20106,20106,335.26,335.26,1,0.02,0.2328,0.2328,1521.7,0
NIron_SHW_01.18.2026_LS,SHW,5641,30261,30261,504.58,504.58,1,0.02,0.2325,0.2325,745.3,0
NIron_SHW_01.18.2026_LS,SHW,5560,27048,27069,451.01,451.36,7,0.37,0.1993,0.2324,916.3,0
NIron_SHW_01.18.2026_LS,SHW,5286,14461,14461,241.13,241.13,1,0.02,0.2321,0.2321,1676.2,0
NIron_SHW_01.18.2026_LS,SHW,5052,604,604,10.07,10.07,1,0.02,0.232,0.232,1230.6,0
NIron_SHW_01.18.2026_LS,SHW,5608,28659,28679,477.87,478.2,4,0.35,0.2308,0.2308,1370.1,0
NIron_SHW_01.18.2026_LS,SHW,5425,21395,21396,356.75,356.77,2,0.03,0.2305,0.2305,941.5,0
NIron_SHW_01.18.2026_LS,SHW,5390,19518,19518,325.45,325.45,1,0.02,0.2304,0.2304,1082.6,0
NIron_SHW_01.18.2026_LS,SHW,5087,2963,2963,49.41,49.41,1,0.02,0.2296,0.2296,1324.6,0
NIron_SHW_01.18.2026_LS,SHW,5217,10222,10233,170.45,170.63,4,0.2,0.2294,0.2294,2053.4,0
NIron_SHW_01.18.2026_LS,SHW,5232,10700,10728,178.42,178.88,7,0.48,0.1989,0.2294,1080.6,0
NIron_SHW_01.18.2026_LS,SHW,5611,28730,28761,479.06,479.57,7,0.53,0.2033,0.2292,1517.1,0
NIron_SHW_01.18.2026_LS,SHW,5298,15428,15441,257.25,257.47,10,0.23,0.1772,0.2286,1903.2,0
NIron_SHW_01.18.2026_LS,SHW,5657,31199,31206,520.22,520.34,3,0.13,0.2286,0.2286,1113.7,0
NIron_SHW_01.18.2026_LS,SHW,5610,28679,28679,478.2,478.2,1,0.02,0.2283,0.2283,1448.7,0
NIron_SHW_01.18.2026_LS,SHW,5551,26872,26876,448.07,448.14,2,0.08,0.2276,0.2276,1113.1,0
NIron_SHW_01.18.2026_LS,SHW,5655,31134,31134,519.14,519.14,1,0.02,0.2272,0.2272,579.7,0
NIron_SHW_01.18.2026_LS,SHW,5670,31673,31675,528.13,528.16,2,0.05,0.2246,0.2246,894.1,0
NIron_SHW_01.18.2026_LS,SHW,5310,16115,16115,268.71,268.71,1,0.02,0.2243,0.2243,1700.8,0
NIron_SHW_01.18.2026_LS,SHW,5472,23117,23119,385.46,385.5,2,0.05,0.224,0.224,1358.2,0
NIron_SHW_01.18.2026_LS,SHW,5324,16845,16845,280.88,280.88,1,0.02,0.2235,0.2235,714.0,0
NIron_SHW_01.18.2026_LS,SHW,5575,27668,27670,461.35,461.38,3,0.05,0.2232,0.2232,1476.8,0
NIron_SHW_01.18.2026_LS,SHW,5711,32937,32944,549.2,549.32,3,0.13,0.2229,0.2229,855.1,0
NIron_SHW_01.18.2026_LS,SHW,5585,28117,28117,468.83,468.83,1,0.02,0.222,0.222,2013.5,0
NIron_SHW_01.18.2026_LS,SHW,5528,26279,26279,438.19,438.19,1,0.02,0.2212,0.2212,866.9,0
NIron_SHW_01.18.2026_LS,SHW,5068,1526,1526,25.45,25.45,1,0.02,0.2204,0.2204,1443.5,0
NIron_SHW_01.18.2026_LS,SHW,5391,19538,19539,325.78,325.8,2,0.03,0.2199,0.2199,784.5,0
NIron_SHW_01.18.2026_LS,SHW,5374,18979,18991,316.46,316.66,7,0.22,0.1873,0.2194,2216.0,0
NIron_SHW_01.18.2026_LS,SHW,5535,26623,26665,443.92,444.62,7,0.72,0.1895,0.2193,729.4,0
NIron_SHW_01.18.2026_LS,SHW,5289,14693,14697,245.0,245.06,2,0.08,0.2173,0.2173,856.0,0
NIron_SHW_01.18.2026_LS,SHW,5092,3303,3303,55.08,55.08,1,0.02,0.2169,0.2169,1327.1,0
NIron_SHW_01.18.2026_LS,SHW,5519,25838,25838,430.83,430.83,1,0.02,0.2168,0.2168,1244.0,0
NIron_SHW_01.18.2026_LS,SHW,5063,1238,1268,20.64,21.14,2,0.52,0.2158,0.2158,1710.1,0
NIron_SHW_01.18.2026_LS,SHW,5050,561,561,9.35,9.35,1,0.02,0.2156,0.2156,634.7,0
NIron_SHW_01.18.2026_LS,SHW,5745,35029,35029,584.09,584.09,1,0.02,0.2155,0.2155,1688.9,0
NIron_SHW_01.18.2026_LS,SHW,5204,9319,9329,155.39,155.56,8,0.18,0.1912,0.2153,1024.6,0
NIron_SHW_01.18.2026_LS,SHW,5054,687,696,11.46,11.61,3,0.17,0.2152,0.2152,2258.2,0
NIron_SHW_01.18.2026_LS,SHW,5273,13906,13906,231.87,231.87,1,0.02,0.2149,0.2149,1579.6,0
NIron_SHW_01.18.2026_LS,SHW,5446,22013,22043,367.05,367.55,2,0.52,0.2149,0.2149,1806.0,0
NIron_SHW_01.18.2026_LS,SHW,5348,18222,18222,303.84,303.84,1,0.02,0.2147,0.2147,1713.8,0
NIron_SHW_01.18.2026_LS,SHW,5467,22828,22828,380.64,380.64,1,0.02,0.214,0.214,712.0,0
NIron_SHW_01.18.2026_LS,SHW,5064,1258,1259,20.98,20.99,2,0.03,0.2136,0.2136,1436.6,0
NIron_SHW_01.18.2026_LS,SHW,5662,31392,31392,523.44,523.44,1,0.02,0.2134,0.2134,566.5,0
NIron_SHW_01.18.2026_LS,SHW,5236,10813,10813,180.3,180.3,1,0.02,0.2114,0.2114,427.6,0
NIron_SHW_01.18.2026_LS,SHW,5116,3986,3989,66.46,66.51,2,0.07,0.2112,0.2112,1286.2,0
NIron_SHW_01.18.2026_LS,SHW,5536,26625,26634,443.96,444.11,3,0.17,0.211,0.211,881.3,0
NIron_SHW_01.18.2026_LS,SHW,5042,429,444,7.15,7.4,3,0.27,0.2108,0.2108,608.4,0
NIron_SHW_01.18.2026_LS,SHW,5697,32504,32507,541.98,542.03,2,0.07,0.2107,0.2107,1004.9,0
NIron_SHW_01.18.2026_LS,SHW,5723,33288,33289,555.06,555.07,2,0.03,0.2105,0.2105,1966.1,0
NIron_SHW_01.18.2026_LS,SHW,5336,17222,17230,287.17,287.3,6,0.15,0.1935,0.2094,718.8,0
NIron_SHW_01.18.2026_LS,SHW,5737,34299,34299,571.91,571.91,1,0.02,0.2082,0.2082,1870.3,0
NIron_SHW_01.18.2026_LS,SHW,5263,13487,13513,224.89,225.32,2,0.45,0.2078,0.2078,1311.1,0
NIron_SHW_01.18.2026_LS,SHW,5146,5897,5922,98.33,98.75,13,0.43,0.1526,0.2076,1037.2,0
NIron_SHW_01.18.2026_LS,SHW,5726,33311,33314,555.44,555.49,4,0.07,0.2074,0.2074,906.4,0
NIron_SHW_01.18.2026_LS,SHW,5230,10673,10676,177.97,178.02,2,0.07,0.2065,0.2065,822.7,0
NIron_SHW_01.18.2026_LS,SHW,5598,28383,28383,473.27,473.27,1,0.02,0.2062,0.2062,734.6,0
NIron_SHW_01.18.2026_LS,SHW,5503,24701,24701,411.87,411.87,1,0.02,0.2061,0.2061,984.0,0
NIron_SHW_01.18.2026_LS,SHW,5377,19053,19053,317.7,317.7,1,0.02,0.2056,0.2056,1383.5,0
NIron_SHW_01.18.2026_LS,SHW,5225,10430,10432,173.91,173.95,3,0.05,0.2055,0.2055,2419.8,0
NIron_SHW_01.18.2026_LS,SHW,5445,21969,21969,366.32,366.32,1,0.02,0.2054,0.2054,1296.7,0
NIron_SHW_01.18.2026_LS,SHW,5187,7844,7844,130.79,130.79,1,0.02,0.2049,0.2049,909.0,0
NIron_SHW_01.18.2026_LS,SHW,5564,27076,27077,451.48,451.49,2,0.03,0.2042,0.2042,1469.3,0
NIron_SHW_01.18.2026_LS,SHW,5163,6731,6731,112.24,112.24,1,0.02,0.2038,0.2038,1188.0,0
NIron_SHW_01.18.2026_LS,SHW,5404,19975,19980,333.07,333.15,5,0.1,0.2033,0.2033,677.8,0
NIron_SHW_01.18.2026_LS,SHW,5311,16120,16122,268.79,268.82,3,0.05,0.2023,0.2023,1986.2,0
NIron_SHW_01.18.2026_LS,SHW,5235,10811,10838,180.27,180.72,2,0.47,0.2015,0.2015,610.1,0
NIron_SHW_01.18.2026_LS,SHW,5169,6945,6945,115.8,115.8,1,0.02,0.2007,0.2007,1262.9,0
NIron_SHW_01.18.2026_LS,SHW,5582,28048,28048,467.68,467.68,1,0.02,0.2006,0.2006,968.0,0
NIron_SHW_01.18.2026_LS,SHW,5173,7370,7370,122.89,122.89,1,0.02,0.2002,0.2002,3078.5,0
NIron_SHW_01.18.2026_LS,SHW,5483,23447,23447,390.96,390.96,1,0.02,0.1999,0.1999,1848.6,0
NIron_SHW_01.18.2026_LS,SHW,5424,21393,21393,356.72,356.72,1,0.02,0.1998,0.1998,949.0,0
NIron_SHW_01.18.2026_LS,SHW,5553,26946,26946,449.31,449.31,1,0.02,0.1991,0.1991,779.5,0
NIron_SHW_01.18.2026_LS,SHW,5191,8261,8265,137.75,137.81,4,0.08,0.1989,0.1989,633.1,0
NIron_SHW_01.18.2026_LS,SHW,5523,26003,26005,433.58,433.62,2,0.05,0.1985,0.1985,1324.6,0
NIron_SHW_01.18.2026_LS,SHW,5120,4064,4064,67.76,67.76,1,0.02,0.1984,0.1984,962.9,0
NIron_SHW_01.18.2026_LS,SHW,5632,29925,29950,498.98,499.4,5,0.43,0.1984,0.1984,1599.1,0
NIron_SHW_01.18.2026_LS,SHW,5344,17981,17981,299.82,299.82,1,0.02,0.1982,0.1982,1568.7,0
NIron_SHW_01.18.2026_LS,SHW,5677,31766,31766,529.68,529.68,1,0.02,0.1981,0.1981,923.9,0
NIron_SHW_01.18.2026_LS,SHW,5229,10640,10695,177.42,178.33,7,0.93,0.1759,0.1975,997.4,0
NIron_SHW_01.18.2026_LS,SHW,5691,32457,32467,541.2,541.37,4,0.18,0.1973,0.1973,846.0,0
NIron_SHW_01.18.2026_LS,SHW,5661,31371,31371,523.09,523.09,1,0.02,0.1969,0.1969,1726.3,0
NIron_SHW_01.18.2026_LS,SHW,5202,9303,9303,155.12,155.12,1,0.02,0.1964,0.1964,848.7,0
NIron_SHW_01.18.2026_LS,SHW,5085,2906,2906,48.46,48.46,1,0.02,0.1961,0.1961,1064.7,0
NIron_SHW_01.18.2026_LS,SHW,5359,18719,18719,312.13,312.13,1,0.02,0.1956,0.1956,1620.6,0
NIron_SHW_01.18.2026_LS,SHW,5678,31812,31812,530.45,530.45,1,0.02,0.1956,0.1956,1808.5,0
NIron_SHW_01.18.2026_LS,SHW,5720,33106,33106,552.02,552.02,1,0.02,0.1949,0.1949,1324.3,0
NIron_SHW_01.18.2026_LS,SHW,5111,3924,3924,65.43,65.43,1,0.02,0.1945,0.1945,682.7,0
NIron_SHW_01.18.2026_LS,SHW,5261,12823,12823,213.82,213.82,1,0.02,0.1944,0.1944,1252.6,0
NIron_SHW_01.18.2026_LS,SHW,5527,26192,26202,436.74,436.9,3,0.18,0.1936,0.1936,1868.8,0
NIron_SHW_01.18.2026_LS,SHW,5710,32928,32931,549.05,549.1,3,0.07,0.1936,0.1936,1119.8,0
NIron_SHW_01.18.2026_LS,SHW,5049,547,559,9.12,9.32,6,0.22,0.1792,0.1924,1305.6,0
NIron_SHW_01.18.2026_LS,SHW,5320,16533,16533,275.68,275.68,1,0.02,0.1921,0.1921,1712.2,0
NIron_SHW_01.18.2026_LS,SHW,5673,31687,31687,528.36,528.36,1,0.02,0.1911,0.1911,1300.4,0
NIron_SHW_01.18.2026_LS,SHW,5355,18464,18465,307.88,307.89,2,0.03,0.1905,0.1905,1533.3,0
NIron_SHW_01.18.2026_LS,SHW,5640,30239,30239,504.22,504.22,1,0.02,0.1904,0.1904,2388.3,0
NIron_SHW_01.18.2026_LS,SHW,5517,25662,25662,427.9,427.9,1,0.02,0.1898,0.1898,1269.8,0
NIron_SHW_01.18.2026_LS,SHW,5728,33361,33401,556.27,556.94,7,0.68,0.1675,0.1893,1426.3,0
NIron_SHW_01.18.2026_LS,SHW,5727,33330,33332,555.76,555.79,2,0.05,0.1891,0.1891,740.7,0
NIron_SHW_01.18.2026_LS,SHW,5577,27702,27702,461.91,461.91,1,0.02,0.189,0.189,835.8,0
NIron_SHW_01.18.2026_LS,SHW,5387,19246,19258,320.92,321.12,2,0.22,0.1889,0.1889,1213.0,0
NIron_SHW_01.18.2026_LS,SHW,5643,30651,30651,511.09,511.09,1,0.02,0.1888,0.1888,1256.4,0
NIron_SHW_01.18.2026_LS,SHW,5080,2794,2794,46.59,46.59,1,0.02,0.1885,0.1885,1302.9,0
NIron_SHW_01.18.2026_LS,SHW,5113,3934,3934,65.6,65.6,1,0.02,0.1878,0.1878,319.2,0
NIron_SHW_01.18.2026_LS,SHW,5075,2623,2623,43.74,43.74,1,0.02,0.1877,0.1877,1760.1,0
NIron_SHW_01.18.2026_LS,SHW,5525,26073,26073,434.75,434.75,1,0.02,0.1866,0.1866,841.6,0
NIron_SHW_01.18.2026_LS,SHW,5597,28365,28370,472.97,473.05,2,0.1,0.1866,0.1866,743.9,0
NIron_SHW_01.18.2026_LS,SHW,5548,26825,26825,447.29,447.29,1,0.02,0.1859,0.1859,640.6,0
NIron_SHW_01.18.2026_LS,SHW,5439,21709,21721,361.98,362.18,5,0.22,0.1853,0.1853,786.9,0
NIron_SHW_01.18.2026_LS,SHW,5394,19609,19624,326.97,327.22,4,0.27,0.1852,0.1852,1386.7,0
NIron_SHW_01.18.2026_LS,SHW,5136,5211,5213,86.89,86.92,2,0.05,0.1851,0.1851,1819.7,0
NIron_SHW_01.18.2026_LS,SHW,5634,30099,30100,501.88,501.9,2,0.03,0.1847,0.1847,1338.3,0
NIron_SHW_01.18.2026_LS,SHW,5177,7490,7490,124.89,124.89,1,0.02,0.1845,0.1845,944.1,0
NIron_SHW_01.18.2026_LS,SHW,5620,29368,29369,489.69,489.71,2,0.03,0.1844,0.1844,1118.3,0
NIron_SHW_01.18.2026_LS,SHW,5692,32459,32494,541.23,541.82,6,0.6,0.1717,0.1844,1084.9,0
NIron_SHW_01.18.2026_LS,SHW,5241,11091,11091,184.94,184.94,1,0.02,0.1842,0.1842,1376.3,0
NIron_SHW_01.18.2026_LS,SHW,5647,30855,30855,514.49,514.49,1,0.02,0.184,0.184,890.3,0
NIron_SHW_01.18.2026_LS,SHW,5110,3919,3945,65.35,65.78,3,0.45,0.1834,0.1834,1190.9,0
NIron_SHW_01.18.2026_LS,SHW,5243,11223,11224,187.14,187.15,2,0.03,0.1831,0.1831,659.3,0
NIron_SHW_01.18.2026_LS,SHW,5322,16746,16746,279.23,279.23,1,0.02,0.1828,0.1828,2535.9,0
NIron_SHW_01.18.2026_LS,SHW,5679,31829,31846,530.73,531.01,4,0.3,0.1825,0.1825,1139.6,0
NIron_SHW_01.18.2026_LS,SHW,5197,8711,8711,145.25,145.25,1,0.02,0.1822,0.1822,1650.7,0
NIron_SHW_01.18.2026_LS,SHW,5330,16958,16962,282.76,282.83,3,0.08,0.182,0.182,1431.9,0
NIron_SHW_01.18.2026_LS,SHW,5713,32996,33016,550.19,550.52,2,0.35,0.1818,0.1818,1562.3,0
NIron_SHW_01.18.2026_LS,SHW,5267,13680,13682,228.11,228.14,2,0.05,0.1816,0.1816,1829.0,0
NIron_SHW_01.18.2026_LS,SHW,5520,25914,25914,432.1,432.1,1,0.02,0.1814,0.1814,1235.8,0
NIron_SHW_01.18.2026_LS,SHW,5337,17227,17228,287.25,287.27,2,0.03,0.1813,0.1813,1761.2,0
NIron_SHW_01.18.2026_LS,SHW,5181,7549,7561,125.87,126.08,3,0.22,0.1785,0.1785,2301.8,0
NIron_SHW_01.18.2026_LS,SHW,5567,27120,27120,452.21,452.21,1,0.02,0.1784,0.1784,544.1,0
NIron_SHW_01.18.2026_LS,SHW,5321,16704,16734,278.53,279.03,3,0.52,0.178,0.178,1615.1,0
NIron_SHW_01.18.2026_LS,SHW,5605,28471,28471,474.74,474.74,1,0.02,0.1776,0.1776,1413.6,0
NIron_SHW_01.18.2026_LS,SHW,5040,228,232,3.8,3.87,2,0.08,0.1772,0.1772,1410.2,0
NIron_SHW_01.18.2026_LS,SHW,5570,27375,27375,456.46,456.46,1,0.02,0.1771,0.1771,749.1,0
NIron_SHW_01.18.2026_LS,SHW,5665,31539,31539,525.89,525.89,1,0.02,0.1771,0.1771,2249.0,0
NIron_SHW_01.18.2026_LS,SHW,5369,18887,18887,314.93,314.93,1,0.02,0.1769,0.1769,2488.0,0
NIron_SHW_01.18.2026_LS,SHW,5260,12767,12768,212.88,212.9,2,0.03,0.1768,0.1768,1191.1,0
NIron_SHW_01.18.2026_LS,SHW,5071,2429,2440,40.5,40.69,2,0.2,0.176,0.176,3503.0,0
NIron_SHW_01.18.2026_LS,SHW,5521,25958,25958,432.83,432.83,1,0.02,0.1756,0.1756,2342.0,0
NIron_SHW_01.18.2026_LS,SHW,5637,30165,30172,502.98,503.1,2,0.13,0.1752,0.1752,1019.8,0
NIron_SHW_01.18.2026_LS,SHW,5190,8211,8211,136.91,136.91,1,0.02,0.1748,0.1748,1975.2,0
NIron_SHW_01.18.2026_LS,SHW,5615,29171,29171,486.41,486.41,1,0.02,0.1745,0.1745,984.6,0
NIron_SHW_01.18.2026_LS,SHW,5732,34227,34228,570.71,570.73,2,0.03,0.174,0.174,1511.7,0
NIron_SHW_01.18.2026_LS,SHW,5409,20576,20576,343.09,343.09,1,0.02,0.1737,0.1737,1884.1,0
NIron_SHW_01.18.2026_LS,SHW,5185,7738,7738,129.03,129.03,1,0.02,0.1736,0.1736,2289.0,0
NIron_SHW_01.18.2026_LS,SHW,5249,11471,11471,191.27,191.27,1,0.02,0.1735,0.1735,1241.1,0
NIron_SHW_01.18.2026_LS,SHW,5542,26698,26698,445.17,445.17,1,0.02,0.1734,0.1734,996.1,0
NIron_SHW_01.18.2026_LS,SHW,5489,23657,23657,394.47,394.47,1,0.02,0.1709,0.1709,1143.9,0
NIron_SHW_01.18.2026_LS,SHW,5327,16895,16944,281.71,282.53,5,0.83,0.1708,0.1708,1933.2,0
NIron_SHW_01.18.2026_LS,SHW,5666,31557,31557,526.19,526.19,1,0.02,0.1708,0.1708,868.7,0
NIron_SHW_01.18.2026_LS,SHW,5687,32404,32412,540.32,540.45,2,0.15,0.1703,0.1703,554.4,0
NIron_SHW_01.18.2026_LS,SHW,5149,6073,6073,101.26,101.26,1,0.02,0.17,0.17,1974.2,0
NIron_SHW_01.18.2026_LS,SHW,5099,3612,3612,60.23,60.23,1,0.02,0.1697,0.1697,2654.5,0
NIron_SHW_01.18.2026_LS,SHW,5454,22572,22572,376.37,376.37,1,0.02,0.1695,0.1695,975.3,0
NIron_SHW_01.18.2026_LS,SHW,5715,33026,33027,550.69,550.71,2,0.03,0.1695,0.1695,2150.1,0
NIron_SHW_01.18.2026_LS,SHW,5325,16861,16861,281.15,281.15,1,0.02,0.1693,0.1693,1003.8,0
NIron_SHW_01.18.2026_LS,SHW,5104,3769,3788,62.85,63.16,3,0.33,0.1691,0.1691,1132.0,0
NIron_SHW_01.18.2026_LS,SHW,5349,18241,18265,304.16,304.56,3,0.42,0.169,0.169,890.9,0
NIron_SHW_01.18.2026_LS,SHW,5734,34240,34240,570.93,570.93,1,0.02,0.169,0.169,1297.5,0
NIron_SHW_01.18.2026_LS,SHW,5122,4180,4181,69.7,69.72,2,0.03,0.1689,0.1689,1754.3,0
NIron_SHW_01.18.2026_LS,SHW,5650,30980,30980,516.57,516.57,1,0.02,0.1687,0.1687,894.6,0
NIron_SHW_01.18.2026_LS,SHW,5295,15113,15113,252.0,252.0,1,0.02,0.1676,0.1676,659.6,0
NIron_SHW_01.18.2026_LS,SHW,5392,19576,19576,326.42,326.42,1,0.02,0.1675,0.1675,2252.5,0
NIron_SHW_01.18.2026_LS,SHW,5219,10258,10258,171.05,171.05,1,0.02,0.1667,0.1667,1953.0,0
NIron_SHW_01.18.2026_LS,SHW,5635,30105,30106,501.98,502.0,2,0.03,0.1667,0.1667,1635.3,0
NIron_SHW_01.18.2026_LS,SHW,5743,34655,34655,577.85,577.85,1,0.02,0.1666,0.1666,1288.1,0
NIron_SHW_01.18.2026_LS,SHW,5218,10223,10249,170.46,170.9,4,0.45,0.1658,0.1658,1081.7,0
NIron_SHW_01.18.2026_LS,SHW,5318,16356,16356,272.73,272.73,1,0.02,0.1656,0.1656,502.4,0
NIron_SHW_01.18.2026_LS,SHW,5603,28456,28456,474.49,474.49,1,0.02,0.1654,0.1654,1396.4,0
NIron_SHW_01.18.2026_LS,SHW,5556,26986,26986,449.98,449.98,1,0.02,0.1653,0.1653,684.3,0
NIron_SHW_01.18.2026_LS,SHW,5399,19840,19840,330.82,330.82,1,0.02,0.1651,0.1651,2254.3,0
NIron_SHW_01.18.2026_LS,SHW,5275,14005,14005,233.52,233.52,1,0.02,0.1645,0.1645,2113.2,0
NIron_SHW_01.18.2026_LS,SHW,5254,11845,11845,197.51,197.51,1,0.02,0.1643,0.1643,1446.5,0
NIron_SHW_01.18.2026_LS,SHW,5385,19204,19204,320.22,320.22,1,0.02,0.163,0.163,832.9,0
NIron_SHW_01.18.2026_LS,SHW,5362,18740,18740,312.48,312.48,1,0.02,0.1621,0.1621,2458.4,0
NIron_SHW_01.18.2026_LS,SHW,5108,3871,3872,64.55,64.56,2,0.03,0.162,0.162,1503.5,0
NIron_SHW_01.18.2026_LS,SHW,5616,29182,29185,486.59,486.64,2,0.07,0.1619,0.1619,718.9,0
NIron_SHW_01.18.2026_LS,SHW,5563,27074,27074,451.44,451.44,1,0.02,0.1618,0.1618,938.3,0
NIron_SHW_01.18.2026_LS,SHW,5131,4712,4712,78.57,78.57,1,0.02,0.1616,0.1616,1307.7,0
NIron_SHW_01.18.2026_LS,SHW,5285,14342,14342,239.14,239.14,1,0.02,0.1611,0.1611,1643.9,0
NIron_SHW_01.18.2026_LS,SHW,5278,14061,14061,234.46,234.46,1,0.02,0.1608,0.1608,998.7,0
NIron_SHW_01.18.2026_LS,SHW,5701,32753,32753,546.14,546.14,1,0.02,0.1608,0.1608,2219.1,0
NIron_SHW_01.18.2026_LS,SHW,5682,32251,32251,537.77,537.77,1,0.02,0.1604,0.1604,1187.9,0
NIron_SHW_01.18.2026_LS,SHW,5639,30231,30231,504.08,504.08,1,0.02,0.1603,0.1603,1395.8,0
NIron_SHW_01.18.2026_LS,SHW,5468,22877,22877,381.46,381.46,1,0.02,0.1602,0.1602,1104.5,0
NIron_SHW_01.18.2026_LS,SHW,5220,10320,10320,172.08,172.08,1,0.02,0.16,0.16,912.5,0
NIron_SHW_01.18.2026_LS,SHW,5554,26955,26955,449.46,449.46,1,0.02,0.1591,0.1591,690.6,0
NIron_SHW_01.18.2026_LS,SHW,5297,15152,15152,252.65,252.65,1,0.02,0.1589,0.1589,650.5,0
NIron_SHW_01.18.2026_LS,SHW,5299,15500,15500,258.45,258.45,1,0.02,0.1587,0.1587,626.5,0
NIron_SHW_01.18.2026_LS,SHW,5316,16295,16297,271.71,271.74,2,0.05,0.1586,0.1586,885.1,0
NIron_SHW_01.18.2026_LS,SHW,5098,3566,3566,59.46,59.46,1,0.02,0.1584,0.1584,1886.3,0
NIron_SHW_01.18.2026_LS,SHW,5039,89,89,1.48,1.48,1,0.02,0.1583,0.1583,1084.9,0
NIron_SHW_01.18.2026_LS,SHW,5056,764,764,12.74,12.74,1,0.02,0.1567,0.1567,1128.1,0
NIron_SHW_01.18.2026_LS,SHW,5487,23592,23592,393.38,393.38,1,0.02,0.1567,0.1567,703.7,0
NIron_SHW_01.18.2026_LS,SHW,5288,14536,14536,242.38,242.38,1,0.02,0.1562,0.1562,635.1,0
NIron_SHW_01.18.2026_LS,SHW,5707,32860,32860,547.92,547.92,1,0.02,0.1559,0.1559,1063.8,0
NIron_SHW_01.18.2026_LS,SHW,5704,32819,32819,547.24,547.24,1,0.02,0.1553,0.1553,796.1,0
NIron_SHW_01.18.2026_LS,SHW,5406,20119,20119,335.47,335.47,1,0.02,0.1552,0.1552,1469.5,0
NIron_SHW_01.18.2026_LS,SHW,5340,17789,17791,296.62,296.65,2,0.05,0.1548,0.1548,1969.1,0
NIron_SHW_01.18.2026_LS,SHW,5194,8509,8509,141.88,141.88,1,0.02,0.1546,0.1546,459.7,0
NIron_SHW_01.18.2026_LS,SHW,5587,28191,28206,470.07,470.32,2,0.27,0.1546,0.1546,1001.6,0
NIron_SHW_01.18.2026_LS,SHW,5126,4312,4312,71.9,71.9,1,0.02,0.1539,0.1539,1135.9,0
NIron_SHW_01.18.2026_LS,SHW,5403,19940,19940,332.49,332.49,1,0.02,0.1533,0.1533,2295.7,0
NIron_SHW_01.18.2026_LS,SHW,5491,23701,23701,395.2,395.2,1,0.02,0.1532,0.1532,178.9,0
NIron_SHW_01.18.2026_LS,SHW,5341,17894,17899,298.37,298.45,2,0.1,0.153,0.153,1177.0,0
NIron_SHW_01.18.2026_LS,SHW,5515,25421,25421,423.88,423.88,1,0.02,0.1529,0.1529,1207.5,0
NIron_SHW_01.18.2026_LS,SHW,5247,11431,11431,190.6,190.6,1,0.02,0.1527,0.1527,1797.6,0
NIron_SHW_01.18.2026_LS,SHW,5172,7113,7113,118.6,118.6,1,0.02,0.1522,0.1522,1341.3,0
NIron_SHW_01.18.2026_LS,SHW,5339,17752,17752,296.0,296.0,1,0.02,0.1522,0.1522,840.8,0
NIron_SHW_01.18.2026_LS,SHW,5097,3498,3500,58.33,58.36,2,0.05,0.152,0.152,2379.0,0
NIron_SHW_01.18.2026_LS,SHW,5140,5776,5776,96.31,96.31,1,0.02,0.1519,0.1519,1436.6,0
NIron_SHW_01.18.2026_LS,SHW,5612,28738,28738,479.19,479.19,1,0.02,0.1519,0.1519,1345.5,0
NIron_SHW_01.18.2026_LS,SHW,5646,30721,30721,512.25,512.25,1,0.02,0.1518,0.1518,724.6,0
NIron_SHW_01.18.2026_LS,SHW,5279,14133,14133,235.66,235.66,1,0.02,0.1511,0.1511,816.9,0
NIron_SHW_01.18.2026_LS,SHW,5200,8844,8844,147.47,147.47,1,0.02,0.1506,0.1506,812.2,0
NIron_SHW_01.18.2026_LS,SHW,5142,5789,5805,96.53,96.79,4,0.28,0.1505,0.1505,863.7,0
NIron_SHW_01.18.2026_LS,SHW,5724,33289,33289,555.07,555.07,1,0.02,0.1503,0.1503,1194.8,0
NIron_SHW_01.18.2026_LS,SHW,5250,11600,11601,193.42,193.44,2,0.03,0.1501,0.1501,461.9,0
NIron_SHW_01.18.2026_LS,SHW,5134,4933,4933,82.25,82.25,1,0.02,0.15,0.15,1668.6,0
NIron_SHW_01.18.2026_LS,SHW,5251,11672,11673,194.62,194.64,2,0.03,0.15,0.15,365.1,0
NIron_SHW_01.18.2026_LS,SHW,5192,8396,8396,140.0,140.0,1,0.02,0.1495,0.1495,1162.0,0
NIron_SHW_01.18.2026_LS,SHW,5738,34378,34378,573.23,573.23,1,0.02,0.1491,0.1491,1562.5,0
NIron_SHW_01.18.2026_LS,SHW,5518,25805,25805,430.28,430.28,1,0.02,0.1487,0.1487,669.8,0
NIron_SHW_01.18.2026_LS,SHW,5379,19086,19086,318.25,318.25,1,0.02,0.1485,0.1485,574.9,0
NIron_SHW_01.18.2026_LS,SHW,5552,26890,26890,448.37,448.37,1,0.02,0.1485,0.1485,719.0,0
NIron_SHW_01.18.2026_LS,SHW,5258,12741,12742,212.45,212.47,2,0.03,0.1482,0.1482,1173.7,0
NIron_SHW_01.18.2026_LS,SHW,5268,13775,13827,229.69,230.56,4,0.88,0.1481,0.1481,1393.8,0
NIron_SHW_01.18.2026_LS,SHW,5558,27036,27036,450.81,450.81,1,0.02,0.1479,0.1479,374.6,0
NIron_SHW_01.18.2026_LS,SHW,5479,23321,23321,388.86,388.86,1,0.02,0.1476,0.1476,607.6,0
NIron_SHW_01.18.2026_LS,SHW,5508,24880,24904,414.86,415.26,2,0.42,0.1473,0.1473,1404.2,0
NIron_SHW_01.18.2026_LS,SHW,5541,26678,26689,444.84,445.02,2,0.2,0.1468,0.1468,1494.9,0
NIron_SHW_01.18.2026_LS,SHW,5466,22795,22795,380.09,380.09,1,0.02,0.1462,0.1462,2413.4,0
NIron_SHW_01.18.2026_LS,SHW,5242,11095,11095,185.0,185.0,1,0.02,0.1455,0.1455,1292.5,0
NIron_SHW_01.18.2026_LS,SHW,5386,19237,19237,320.77,320.77,1,0.02,0.1452,0.1452,2756.2,0
NIron_SHW_01.18.2026_LS,SHW,5211,9707,9714,161.86,161.98,4,0.13,0.1444,0.1444,1676.4,0
NIron_SHW_01.18.2026_LS,SHW,5271,13894,13902,231.67,231.81,2,0.15,0.1443,0.1443,1230.7,0
NIron_SHW_01.18.2026_LS,SHW,5106,3813,3820,63.58,63.7,3,0.13,0.1442,0.1442,2063.5,0
NIron_SHW_01.18.2026_LS,SHW,5089,3013,3013,50.24,50.24,1,0.02,0.1427,0.1427,430.1,0
NIron_SHW_01.18.2026_LS,SHW,5421,21335,21335,355.75,355.75,1,0.02,0.142,0.142,494.5,0
NIron_SHW_01.18.2026_LS,SHW,5729,33521,33524,558.94,558.99,4,0.07,0.142,0.142,2232.5,0
NIron_SHW_01.18.2026_LS,SHW,5237,10847,10847,180.87,180.87,1,0.02,0.1412,0.1412,1053.3,0
NIron_SHW_01.18.2026_LS,SHW,5602,28454,28454,474.45,474.45,1,0.02,0.1411,0.1411,1897.7,0
NIron_SHW_01.18.2026_LS,SHW,5714,33012,33012,550.45,550.45,1,0.02,0.1402,0.1402,1848.1,0
NIron_SHW_01.18.2026_LS,SHW,5262,12958,12958,216.07,216.07,1,0.02,0.1394,0.1394,1520.5,0
NIron_SHW_01.18.2026_LS,SHW,5543,26765,26765,446.29,446.29,1,0.02,0.1386,0.1386,847.8,0
NIron_SHW_01.18.2026_LS,SHW,5584,28076,28076,468.15,468.15,1,0.02,0.1383,0.1383,665.9,0
NIron_SHW_01.18.2026_LS,SHW,5671,31683,31685,528.29,528.33,3,0.05,0.1372,0.1372,669.9,0
NIron_SHW_01.18.2026_LS,SHW,5284,14265,14265,237.86,237.86,1,0.02,0.137,0.137,1481.1,0
NIron_SHW_01.18.2026_LS,SHW,5448,22053,22053,367.72,367.72,1,0.02,0.1369,0.1369,1718.6,0
NIron_SHW_01.18.2026_LS,SHW,5354,18455,18455,307.73,307.73,1,0.02,0.1359,0.1359,1741.1,0
NIron_SHW_01.18.2026_LS,SHW,5533,26581,26581,443.22,443.22,1,0.02,0.1358,0.1358,2572.9,0
NIron_SHW_01.18.2026_LS,SHW,5373,18950,18950,315.98,315.98,1,0.02,0.1356,0.1356,1390.8,0
NIron_SHW_01.18.2026_LS,SHW,5094,3360,3360,56.03,56.03,1,0.02,0.1355,0.1355,1096.7,0
NIron_SHW_01.18.2026_LS,SHW,5624,29617,29619,493.85,493.88,3,0.05,0.1355,0.1355,777.0,0
NIron_SHW_01.18.2026_LS,SHW,5079,2722,2722,45.39,45.39,1,0.02,0.1354,0.1354,1350.7,0
NIron_SHW_01.18.2026_LS,SHW,5351,18352,18352,306.01,306.01,1,0.02,0.1349,0.1349,1031.8,0
NIron_SHW_01.18.2026_LS,SHW,5465,22786,22786,379.94,379.94,1,0.02,0.1349,0.1349,1266.8,0
NIron_SHW_01.18.2026_LS,SHW,5636,30109,30109,502.05,502.05,1,0.02,0.1348,0.1348,1818.0,0
NIron_SHW_01.18.2026_LS,SHW,5451,22181,22181,369.85,369.85,1,0.02,0.1339,0.1339,2026.6,0
NIron_SHW_01.18.2026_LS,SHW,5372,18920,18920,315.48,315.48,1,0.02,0.1338,0.1338,2558.9,0
NIron_SHW_01.18.2026_LS,SHW,5648,30949,30949,516.06,516.06,1,0.02,0.1336,0.1336,728.3,0
NIron_SHW_01.18.2026_LS,SHW,5086,2944,2944,49.09,49.09,1,0.02,0.1332,0.1332,1076.4,0
NIron_SHW_01.18.2026_LS,SHW,5514,25394,25394,423.43,423.43,1,0.02,0.1326,0.1326,1598.4,0
NIron_SHW_01.18.2026_LS,SHW,5748,35646,35646,594.38,594.38,1,0.02,0.1326,0.1326,621.7,0
NIron_SHW_01.18.2026_LS,SHW,5497,24130,24134,402.35,402.42,4,0.08,0.132,0.132,970.4,0
NIron_SHW_01.18.2026_LS,SHW,5524,26060,26060,434.53,434.53,1,0.02,0.1317,0.1317,710.4,0
NIron_SHW_01.18.2026_LS,SHW,5041,421,421,7.02,7.02,1,0.02,0.1314,0.1314,1047.8,0
NIron_SHW_01.18.2026_LS,SHW,5586,28134,28134,469.12,469.12,1,0.02,0.1313,0.1313,1229.2,0
NIron_SHW_01.18.2026_LS,SHW,5412,20820,20820,347.16,347.16,1,0.02,0.1308,0.1308,789.4,0
NIron_SHW_01.18.2026_LS,SHW,5180,7546,7562,125.82,126.09,3,0.28,0.1306,0.1306,1566.6,0
NIron_SHW_01.18.2026_LS,SHW,5363,18746,18746,312.58,312.58,1,0.02,0.1305,0.1305,1055.0,0
NIron_SHW_01.18.2026_LS,SHW,5073,2571,2571,42.87,42.87,1,0.02,0.1303,0.1303,3020.1,0
NIron_SHW_01.18.2026_LS,SHW,5566,27099,27099,451.86,451.86,1,0.02,0.1302,0.1302,565.5,0
NIron_SHW_01.18.2026_LS,SHW,5590,28202,28203,470.25,470.27,2,0.03,0.1298,0.1298,1323.2,0
NIron_SHW_01.18.2026_LS,SHW,5224,10387,10387,173.2,173.2,1,0.02,0.1294,0.1294,1919.7,0
NIron_SHW_01.18.2026_LS,SHW,5300,15550,15550,259.29,259.29,1,0.02,0.1292,0.1292,2741.8,0
NIron_SHW_01.18.2026_LS,SHW,5482,23404,23405,390.25,390.26,2,0.03,0.1292,0.1292,731.1,0
NIron_SHW_01.18.2026_LS,SHW,5614,28861,28861,481.24,481.24,1,0.02,0.1291,0.1291,709.7,0
NIron_SHW_01.18.2026_LS,SHW,5312,16141,16141,269.14,269.14,1,0.02,0.1286,0.1286,1311.2,0
NIron_SHW_01.18.2026_LS,SHW,5600,28418,28418,473.85,473.85,1,0.02,0.1284,0.1284,1767.3,0
NIron_SHW_01.18.2026_LS,SHW,5252,11708,11708,195.22,195.22,1,0.02,0.1282,0.1282,703.4,0
NIron_SHW_01.18.2026_LS,SHW,5416,21091,21091,351.68,351.68,1,0.02,0.1282,0.1282,1139.5,0
NIron_SHW_01.18.2026_LS,SHW,5618,29267,29267,488.01,488.01,1,0.02,0.1281,0.1281,786.8,0
NIron_SHW_01.18.2026_LS,SHW,5045,467,467,7.79,7.79,1,0.02,0.128,0.128,747.2,0
NIron_SHW_01.18.2026_LS,SHW,5162,6578,6578,109.68,109.68,1,0.02,0.1279,0.1279,1565.2,0
NIron_SHW_01.18.2026_LS,SHW,5093,3339,3339,55.68,55.68,1,0.02,0.1276,0.1276,543.0,0
NIron_SHW_01.18.2026_LS,SHW,5135,4960,4960,82.7,82.7,1,0.02,0.1275,0.1275,1638.6,0
NIron_SHW_01.18.2026_LS,SHW,5593,28260,28260,471.22,471.22,1,0.02,0.1275,0.1275,1005.2,0
NIron_SHW_01.18.2026_LS,SHW,5502,24592,24593,410.06,410.07,2,0.03,0.1271,0.1271,1578.7,0
NIron_SHW_01.18.2026_LS,SHW,5644,30657,30657,511.19,511.19,1,0.02,0.1267,0.1267,1122.6,0
NIron_SHW_01.18.2026_LS,SHW,5210,9672,9672,161.27,161.27,1,0.02,0.1266,0.1266,966.0,0
NIron_SHW_01.18.2026_LS,SHW,5493,23740,23740,395.85,395.85,1,0.02,0.1263,0.1263,1621.6,0
NIron_SHW_01.18.2026_LS,SHW,5530,26333,26333,439.09,439.09,1,0.02,0.1262,0.1262,725.2,0
NIron_SHW_01.18.2026_LS,SHW,5633,29936,29953,499.16,499.45,2,0.3,0.1257,0.1257,1251.2,0
NIron_SHW_01.18.2026_LS,SHW,5356,18496,18496,308.41,308.41,1,0.02,0.1256,0.1256,1471.2,0
NIron_SHW_01.18.2026_LS,SHW,5226,10432,10432,173.95,173.95,1,0.02,0.1251,0.1251,957.1,0
NIron_SHW_01.18.2026_LS,SHW,5422,21345,21345,355.91,355.91,1,0.02,0.1251,0.1251,599.0,0
NIron_SHW_01.18.2026_LS,SHW,5083,2867,2867,47.81,47.81,1,0.02,0.125,0.125,1002.9,0
NIron_SHW_01.18.2026_LS,SHW,5463,22671,22671,378.03,378.03,1,0.02,0.1243,0.1243,658.1,0
NIron_SHW_01.18.2026_LS,SHW,5549,26827,26827,447.32,447.32,1,0.02,0.1239,0.1239,907.0,0
NIron_SHW_01.18.2026_LS,SHW,5055,703,703,11.72,11.72,1,0.02,0.1236,0.1236,912.0,0
NIron_SHW_01.18.2026_LS,SHW,5476,23296,23296,388.45,388.45,1,0.02,0.1236,0.1236,1370.1,0
NIron_SHW_01.18.2026_LS,SHW,5653,31092,31092,518.44,518.44,1,0.02,0.1236,0.1236,1539.1,0
NIron_SHW_01.18.2026_LS,SHW,5736,34286,34286,571.7,571.7,1,0.02,0.1236,0.1236,1718.9,0
NIron_SHW_01.18.2026_LS,SHW,5568,27132,27132,452.41,452.41,1,0.02,0.1233,0.1233,1043.2,0
NIron_SHW_01.18.2026_LS,SHW,5160,6526,6526,108.82,108.82,1,0.02,0.1232,0.1232,658.1,0
NIron_SHW_01.18.2026_LS,SHW,5214,9784,9799,163.14,163.39,4,0.27,0.1228,0.1228,1439.5,0
NIron_SHW_01.18.2026_LS,SHW,5588,28197,28197,470.17,470.17,1,0.02,0.1226,0.1226,1271.2,0
NIron_SHW_01.18.2026_LS,SHW,5658,31256,31256,521.17,521.17,1,0.02,0.1223,0.1223,1812.3,0
NIron_SHW_01.18.2026_LS,SHW,5429,21476,21476,358.1,358.1,1,0.02,0.1218,0.1218,2230.5,0
NIron_SHW_01.18.2026_LS,SHW,5153,6309,6309,105.2,105.2,1,0.02,0.1213,0.1213,593.8,0
NIron_SHW_01.18.2026_LS,SHW,5183,7604,7608,126.79,126.86,2,0.08,0.121,0.121,1246.7,0
NIron_SHW_01.18.2026_LS,SHW,5529,26283,26283,438.25,438.25,1,0.02,0.1209,0.1209,2303.3,0
NIron_SHW_01.18.2026_LS,SHW,5161,6570,6570,109.55,109.55,1,0.02,0.1206,0.1206,706.1,0
NIron_SHW_01.18.2026_LS,SHW,5381,19099,19099,318.46,318.46,1,0.02,0.1206,0.1206,627.7,0
NIron_SHW_01.18.2026_LS,SHW,5684,32259,32259,537.9,537.9,1,0.02,0.1204,0.1204,1742.0,0
NIron_SHW_01.18.2026_LS,SHW,5144,5851,5851,97.56,97.56,1,0.02,0.1203,0.1203,720.2,0
NIron_SHW_01.18.2026_LS,SHW,5216,10124,10124,168.81,168.81,1,0.02,0.1202,0.1202,1083.0,0
NIron_SHW_01.18.2026_LS,SHW,5495,23886,23887,398.28,398.3,2,0.03,0.1202,0.1202,1410.0,0
NIron_SHW_01.18.2026_LS,SHW,5137,5229,5229,87.19,87.19,1,0.02,0.12,0.12,944.9,0
NIron_SHW_01.18.2026_LS,SHW,5119,4053,4053,67.58,67.58,1,0.02,0.1198,0.1198,2061.0,0
NIron_SHW_01.18.2026_LS,SHW,5201,9113,9113,151.95,151.95,1,0.02,0.1198,0.1198,3237.3,0
NIron_SHW_01.18.2026_LS,SHW,5081,2814,2814,46.92,46.92,1,0.02,0.1194,0.1194,1062.8,0
NIron_SHW_01.18.2026_LS,SHW,5105,3796,3797,63.3,63.31,2,0.03,0.119,0.119,691.6,0
NIron_SHW_01.18.2026_LS,SHW,5256,12486,12493,208.2,208.31,4,0.13,0.1181,0.1181,1287.7,0
NIron_SHW_01.18.2026_LS,SHW,5328,16918,16918,282.1,282.1,1,0.02,0.118,0.118,2105.2,0
NIron_SHW_01.18.2026_LS,SHW,5629,29818,29818,497.2,497.2,1,0.02,0.118,0.118,622.2,0
NIron_SHW_01.18.2026_LS,SHW,5630,29868,29869,498.03,498.05,2,0.03,0.1176,0.1176,1307.5,0
NIron_SHW_01.18.2026_LS,SHW,5631,29890,29890,498.4,498.4,1,0.02,0.1174,0.1174,919.7,0
NIron_SHW_01.18.2026_LS,SHW,5365,18779,18779,313.13,313.13,1,0.02,0.1173,0.1173,752.6,0
NIron_SHW_01.18.2026_LS,SHW,5676,31749,31749,529.4,529.4,1,0.02,0.1173,0.1173,614.4,0
NIron_SHW_01.18.2026_LS,SHW,5594,28299,28299,471.87,471.87,1,0.02,0.1166,0.1166,1414.4,0
NIron_SHW_01.18.2026_LS,SHW,5730,33725,33725,562.34,562.34,1,0.02,0.1164,0.1164,752.9,0
NIron_SHW_01.18.2026_LS,SHW,5417,21147,21147,352.61,352.61,1,0.02,0.1161,0.1161,1938.9,0
NIron_SHW_01.18.2026_LS,SHW,5107,3829,3829,63.85,63.85,1,0.02,0.116,0.116,1648.9,0
NIron_SHW_01.18.2026_LS,SHW,5388,19275,19275,321.4,321.4,1,0.02,0.1159,0.1159,1497.7,0
NIron_SHW_01.18.2026_LS,SHW,5329,16938,16938,282.43,282.43,1,0.02,0.1158,0.1158,1602.5,0
NIron_SHW_01.18.2026_LS,SHW,5338,17497,17497,291.75,291.75,1,0.02,0.1158,0.1158,1974.1,0
NIron_SHW_01.18.2026_LS,SHW,5159,6444,6444,107.45,107.45,1,0.02,0.1155,0.1155,1608.9,0
NIron_SHW_01.18.2026_LS,SHW,5239,10875,10875,181.33,181.33,1,0.02,0.1155,0.1155,973.2,0
NIron_SHW_01.18.2026_LS,SHW,5414,20878,20878,348.13,348.13,1,0.02,0.1155,0.1155,1903.1,0
NIron_SHW_01.18.2026_LS,SHW,5128,4393,4393,73.25,73.25,1,0.02,0.1153,0.1153,1355.2,0
NIron_SHW_01.18.2026_LS,SHW,5357,18595,18595,310.06,310.06,1,0.02,0.1153,0.1153,412.0,0
NIron_SHW_01.18.2026_LS,SHW,5695,32474,32474,541.48,541.48,1,0.02,0.1152,0.1152,772.3,0
NIron_SHW_01.18.2026_LS,SHW,5293,14940,14940,249.12,249.12,1,0.02,0.1143,0.1143,2499.6,0
NIron_SHW_01.18.2026_LS,SHW,5277,14057,14057,234.39,234.39,1,0.02,0.1137,0.1137,993.3,0
NIron_SHW_01.18.2026_LS,SHW,5072,2429,2429,40.5,40.5,1,0.02,0.1131,0.1131,2631.3,0
NIron_SHW_01.18.2026_LS,SHW,5371,18917,18917,315.43,315.43,1,0.02,0.1131,0.1131,1273.8,0
NIron_SHW_01.18.2026_LS,SHW,5376,19003,19003,316.86,316.86,1,0.02,0.112,0.112,487.7,0
NIron_SHW_01.18.2026_LS,SHW,5469,22878,22878,381.48,381.48,1,0.02,0.1118,0.1118,651.8,0
NIron_SHW_01.18.2026_LS,SHW,5305,15890,15918,264.96,265.42,2,0.48,0.1117,0.1117,1403.2,0
NIron_SHW_01.18.2026_LS,SHW,5228,10528,10528,175.55,175.55,1,0.02,0.1113,0.1113,1255.7,0
NIron_SHW_01.18.2026_LS,SHW,5346,18044,18044,300.87,300.87,1,0.02,0.111,0.111,570.2,0
NIron_SHW_01.18.2026_LS,SHW,5145,5882,5882,98.08,98.08,1,0.02,0.1109,0.1109,545.3,0
NIron_SHW_01.18.2026_LS,SHW,5423,21364,21364,356.23,356.23,1,0.02,0.1106,0.1106,672.8,0
NIron_SHW_01.18.2026_LS,SHW,5733,34239,34239,570.91,570.91,1,0.02,0.1106,0.1106,1139.7,0
NIron_SHW_01.18.2026_LS,SHW,5672,31683,31683,528.29,528.29,1,0.02,0.1105,0.1105,1709.3,0
NIron_SHW_01.18.2026_LS,SHW,5248,11464,11464,191.16,191.16,1,0.02,0.1102,0.1102,573.9,0
NIron_SHW_01.18.2026_LS,SHW,5101,3681,3681,61.38,61.38,1,0.02,0.1101,0.1101,1412.2,0
NIron_SHW_01.18.2026_LS,SHW,5147,5898,5900,98.35,98.38,2,0.05,0.1096,0.1096,772.1,0
NIron_SHW_01.18.2026_LS,SHW,5686,32364,32364,539.65,539.65,1,0.02,0.1095,0.1095,1917.1,0
NIron_SHW_01.18.2026_LS,SHW,5103,3766,3766,62.8,62.8,1,0.02,0.1092,0.1092,2516.8,0
NIron_SHW_01.18.2026_LS,SHW,5133,4716,4716,78.64,78.64,1,0.02,0.1092,0.1092,826.0,0
NIron_SHW_01.18.2026_LS,SHW,5601,28423,28423,473.94,473.94,1,0.02,0.1089,0.1089,1303.4,0
NIron_SHW_01.18.2026_LS,SHW,5117,3986,3986,66.46,66.46,1,0.02,0.1088,0.1088,1371.9,0
NIron_SHW_01.18.2026_LS,SHW,5397,19763,19763,329.54,329.54,1,0.02,0.1088,0.1088,1272.0,0
NIron_SHW_01.18.2026_LS,SHW,5138,5604,5604,93.44,93.44,1,0.02,0.1087,0.1087,638.0,0
NIron_SHW_01.18.2026_LS,SHW,5259,12763,12814,212.82,213.67,3,0.87,0.1087,0.1087,1256.2,0
NIron_SHW_01.18.2026_LS,SHW,5253,11842,11842,197.46,197.46,1,0.02,0.1086,0.1086,604.1,0
NIron_SHW_01.18.2026_LS,SHW,5435,21658,21658,361.13,361.13,1,0.02,0.1086,0.1086,1771.5,0
NIron_SHW_01.18.2026_LS,SHW,5309,16114,16114,268.69,268.69,1,0.02,0.1081,0.1081,1567.6,0
NIron_SHW_01.18.2026_LS,SHW,5450,22175,22175,369.75,369.75,1,0.02,0.108,0.108,1943.3,0
NIron_SHW_01.18.2026_LS,SHW,5506,24806,24806,413.62,413.62,1,0.02,0.108,0.108,706.2,0
NIron_SHW_01.18.2026_LS,SHW,5680,32134,32134,535.81,535.81,1,0.02,0.1077,0.1077,367.0,0
NIron_SHW_01.18.2026_LS,SHW,5667,31577,31577,526.53,526.53,1,0.02,0.1073,0.1073,750.7,0
NIron_SHW_01.18.2026_LS,SHW,5534,26620,26620,443.87,443.87,1,0.02,0.1071,0.1071,2008.3,0
NIron_SHW_01.18.2026_LS,SHW,5488,23644,23644,394.25,394.25,1,0.02,0.1069,0.1069,2591.3,0
NIron_SHW_01.18.2026_LS,SHW,5494,23858,23858,397.82,397.82,1,0.02,0.1067,0.1067,1033.8,0
NIron_SHW_01.18.2026_LS,SHW,5383,19143,19143,319.2,319.2,1,0.02,0.1065,0.1065,1542.7,0
NIron_SHW_01.18.2026_LS,SHW,5649,30960,30960,516.24,516.24,1,0.02,0.1063,0.1063,1394.7,0
NIron_SHW_01.18.2026_LS,SHW,5323,16803,16806,280.18,280.23,3,0.07,0.1062,0.1062,1359.3,0
NIron_SHW_01.18.2026_LS,SHW,5504,24765,24765,412.94,412.94,1,0.02,0.1062,0.1062,1211.7,0
NIron_SHW_01.18.2026_LS,SHW,5721,33130,33130,552.42,552.42,1,0.02,0.1058,0.1058,1972.4,0
NIron_SHW_01.18.2026_LS,SHW,5046,476,476,7.94,7.94,1,0.02,0.1056,0.1056,1673.9,0
NIron_SHW_01.18.2026_LS,SHW,5287,14481,14481,241.46,241.46,1,0.02,0.1054,0.1054,765.6,0
NIron_SHW_01.18.2026_LS,SHW,5345,17999,17999,300.12,300.12,1,0.02,0.1054,0.1054,342.2,0
NIron_SHW_01.18.2026_LS,SHW,5378,19054,19054,317.71,317.71,1,0.02,0.1054,0.1054,975.8,0
NIron_SHW_01.18.2026_LS,SHW,5427,21415,21415,357.08,357.08,1,0.02,0.1051,0.1051,970.3,0
NIron_SHW_01.18.2026_LS,SHW,5531,26350,26350,439.37,439.37,1,0.02,0.1047,0.1047,1389.3,0
NIron_SHW_01.18.2026_LS,SHW,5740,34407,34407,573.72,573.72,1,0.02,0.1039,0.1039,355.1,0
NIron_SHW_01.18.2026_LS,SHW,5510,25007,25007,416.98,416.98,1,0.02,0.1038,0.1038,567.7,0
NIron_SHW_01.18.2026_LS,SHW,5725,33306,33323,555.36,555.64,2,0.3,0.1035,0.1035,759.3,0
NIron_SHW_01.18.2026_LS,SHW,5499,24328,24328,405.65,405.65,1,0.02,0.1033,0.1033,2428.0,0
NIron_SHW_01.18.2026_LS,SHW,5498,24326,24326,405.62,405.62,1,0.02,0.1032,0.1032,931.5,0
NIron_SHW_01.18.2026_LS,SHW,5505,24796,24814,413.46,413.76,2,0.32,0.1031,0.1031,962.1,0
NIron_SHW_01.18.2026_LS,SHW,5571,27461,27461,457.9,457.9,1,0.02,0.1029,0.1029,822.2,0
NIron_SHW_01.18.2026_LS,SHW,5581,28045,28045,467.63,467.63,1,0.02,0.1028,0.1028,851.3,0
NIron_SHW_01.18.2026_LS,SHW,5573,27532,27532,459.08,459.08,1,0.02,0.1023,0.1023,653.1,0
NIron_SHW_01.18.2026_LS,SHW,5257,12721,12721,212.11,212.11,1,0.02,0.1022,0.1022,1073.6,0
NIron_SHW_01.18.2026_LS,SHW,5182,7558,7558,126.03,126.03,1,0.02,0.102,0.102,927.7,0
NIron_SHW_01.18.2026_LS,SHW,5082,2858,2858,47.66,47.66,1,0.02,0.1019,0.1019,890.7,0
NIron_SHW_01.18.2026_LS,SHW,5193,8423,8423,140.45,140.45,1,0.02,0.1017,0.1017,1606.6,0
NIron_SHW_01.18.2026_LS,SHW,5053,673,673,11.22,11.22,1,0.02,0.1016,0.1016,788.7,0
NIron_SHW_01.18.2026_LS,SHW,5578,27784,27786,463.28,463.31,2,0.05,0.1016,0.1016,779.7,0
NIron_SHW_01.18.2026_LS,SHW,5227,10504,10504,175.15,175.15,1,0.02,0.1015,0.1015,1044.0,0
NIron_SHW_01.18.2026_LS,SHW,5170,7051,7051,117.57,117.57,1,0.02,0.1014,0.1014,729.5,0
NIron_SHW_01.18.2026_LS,SHW,5685,32331,32331,539.1,539.1,1,0.02,0.1012,0.1012,1829.0,0
NIron_SHW_01.18.2026_LS,SHW,5538,26665,26666,444.62,444.64,2,0.03,0.101,0.101,488.0,0
NIron_SHW_01.18.2026_LS,SHW,5583,28062,28062,467.92,467.92,1,0.02,0.1009,0.1009,947.9,0
NIron_SHW_01.18.2026_LS,SHW,5580,27995,27995,466.8,466.8,1,0.02,0.1007,0.1007,779.1,0
NIron_SHW_01.18.2026_LS,SHW,5047,498,498,8.3,8.3,1,0.02,0.1005,0.1005,1533.1,0
NIron_SHW_01.18.2026_LS,SHW,5062,928,928,15.47,15.47,1,0.02,0.1002,0.1002,1471.5,0
NShelbyRd(green)_SHB_12.11.2025,SHB,5260,3263,3301,54.49,55.12,39,0.65,0.6237,0.7062,724.0,1
NShelbyRd(green)_SHB_12.11.2025,SHB,5259,3080,3120,51.43,52.1,40,0.68,0.6172,0.6847,519.8,1
NShelbyRd(green)_SHB_12.11.2025,SHB,4070,581,627,9.7,10.47,27,0.78,0.4336,0.5574,1462.3,1
NShelbyRd(green)_SHB_12.11.2025,SHB,4149,1060,1101,17.7,18.38,12,0.7,0.4129,0.4914,769.9,1
NShelbyRd(green)_SHB_12.11.2025,SHB,5240,527,847,8.8,14.14,72,5.36,0.1803,0.3856,1656.8,1
NShelbyRd(green)_SHB_12.11.2025,SHB,5248,1056,1219,17.63,20.35,56,2.74,0.201,0.3414,805.9,1
NShelbyRd(green)_SHB_12.11.2025,SHB,5264,4164,4181,69.53,69.81,11,0.3,0.2633,0.3399,761.4,1
NShelbyRd(green)_SHB_12.11.2025,SHB,4238,3118,3118,52.06,52.06,1,0.02,0.6484,0.6484,533.9,0
NShelbyRd(green)_SHB_12.11.2025,SHB,5269,4732,4732,79.01,79.01,1,0.02,0.5906,0.5906,535.1,0
NShelbyRd(green)_SHB_12.11.2025,SHB,4140,838,846,13.99,14.13,9,0.15,0.4875,0.5755,886.4,0
NShelbyRd(green)_SHB_12.11.2025,SHB,4064,563,606,9.4,10.12,5,0.73,0.5278,0.5278,2289.6,0
NShelbyRd(green)_SHB_12.11.2025,SHB,4061,529,541,8.83,9.03,11,0.22,0.4076,0.505,1757.1,0
NShelbyRd(green)_SHB_12.11.2025,SHB,4172,1146,1150,19.14,19.2,5,0.08,0.496,0.496,1277.3,0
NShelbyRd(green)_SHB_12.11.2025,SHB,4122,731,747,12.21,12.47,12,0.28,0.3823,0.459,3156.0,0
NShelbyRd(green)_SHB_12.11.2025,SHB,4101,651,651,10.87,10.87,1,0.02,0.4155,0.4155,1402.6,0
NShelbyRd(green)_SHB_12.11.2025,SHB,4181,1212,1217,20.24,20.32,4,0.1,0.4124,0.4124,810.5,0
NShelbyRd(green)_SHB_12.11.2025,SHB,4080,616,616,10.29,10.29,1,0.02,0.4107,0.4107,1861.0,0
NShelbyRd(green)_SHB_12.11.2025,SHB,4060,130,131,2.17,2.19,2,0.03,0.4051,0.4051,473.5,0
NShelbyRd(green)_SHB_12.11.2025,SHB,4078,611,638,10.2,10.65,5,0.47,0.3861,0.3861,1865.5,0
NShelbyRd(green)_SHB_12.11.2025,SHB,4153,1082,1088,18.07,18.17,7,0.12,0.3396,0.3654,827.0,0
NShelbyRd(green)_SHB_12.11.2025,SHB,4111,715,716,11.94,11.96,2,0.03,0.3299,0.3299,666.8,0
NShelbyRd(green)_SHB_12.11.2025,SHB,4147,981,984,16.38,16.43,3,0.07,0.3095,0.3095,686.4,0
NShelbyRd(green)_SHB_12.11.2025,SHB,5262,3927,3927,65.57,65.57,1,0.02,0.2846,0.2846,683.7,0
NShelbyRd(green)_SHB_12.11.2025,SHB,5243,712,742,11.89,12.39,17,0.52,0.2002,0.282,659.2,0
NShelbyRd(green)_SHB_12.11.2025,SHB,5268,4655,4658,77.73,77.78,2,0.07,0.2712,0.2712,611.6,0
NShelbyRd(green)_SHB_12.11.2025,SHB,5241,602,657,10.05,10.97,11,0.94,0.2012,0.2623,1378.7,0
NShelbyRd(green)_SHB_12.11.2025,SHB,5246,951,998,15.88,16.66,19,0.8,0.167,0.2496,656.4,0
NShelbyRd(green)_SHB_12.11.2025,SHB,5238,109,129,1.82,2.15,8,0.35,0.1862,0.2313,417.6,0
NShelbyRd(green)_SHB_12.11.2025,SHB,5257,2924,2943,48.82,49.14,8,0.33,0.1948,0.2217,247.6,0
NShelbyRd(green)_SHB_12.11.2025,SHB,5263,4112,4112,68.66,68.66,1,0.02,0.2113,0.2113,1812.8,0
NShelbyRd(green)_SHB_12.11.2025,SHB,5254,1903,1912,31.78,31.93,3,0.17,0.2035,0.2035,736.1,0
NShelbyRd(green)_SHB_12.11.2025,SHB,5244,749,749,12.51,12.51,1,0.02,0.1957,0.1957,553.3,0
NShelbyRd(green)_SHB_12.11.2025,SHB,5251,1796,1796,29.99,29.99,1,0.02,0.1935,0.1935,368.5,0
NShelbyRd(green)_SHB_12.11.2025,SHB,5252,1849,1850,30.87,30.89,2,0.03,0.1751,0.1751,562.1,0
NShelbyRd(green)_SHB_12.11.2025,SHB,5242,602,631,10.05,10.54,3,0.5,0.1737,0.1737,1451.3,0
NShelbyRd(green)_SHB_12.11.2025,SHB,5258,2989,3014,49.91,50.33,5,0.43,0.1733,0.1733,594.9,0
NShelbyRd(green)_SHB_12.11.2025,SHB,5261,3487,3487,58.23,58.23,1,0.02,0.162,0.162,1141.9,0
NShelbyRd(green)_SHB_12.11.2025,SHB,5245,784,800,13.09,13.36,2,0.28,0.1518,0.1518,2842.0,0
NShelbyRd(green)_SHB_12.11.2025,SHB,5265,4165,4175,69.55,69.71,3,0.18,0.1475,0.1475,828.3,0
NShelbyRd(green)_SHB_12.11.2025,SHB,5266,4518,4519,75.44,75.46,2,0.03,0.1472,0.1472,326.1,0
NShelbyRd(green)_SHB_12.11.2025,SHB,5255,2640,2647,44.08,44.2,2,0.13,0.1435,0.1435,796.8,0
NShelbyRd(green)_SHB_12.11.2025,SHB,5256,2686,2686,44.85,44.85,1,0.02,0.1427,0.1427,716.6,0
NShelbyRd(green)_SHB_12.11.2025,SHB,5253,1863,1876,31.11,31.33,4,0.23,0.1381,0.1381,787.9,0
NShelbyRd(green)_SHB_12.11.2025,SHB,5247,952,959,15.9,16.01,3,0.13,0.1158,0.1158,626.4,0
NShelbyRd(green)_SHB_12.11.2025,SHB,5250,1170,1170,19.54,19.54,1,0.02,0.1108,0.1108,755.7,0
NShelbyRd(green)_SHB_12.11.2025,SHB,5267,4633,4633,77.36,77.36,1,0.02,0.1091,0.1091,604.9,0
NShelbyRd(green)_SHB_12.11.2025,SHB,5249,1127,1127,18.82,18.82,1,0.02,0.1079,0.1079,731.6,0
NShelbyRd(green)_SHB_12.11.2025,SHB,5239,314,314,5.24,5.24,1,0.02,0.1018,0.1018,712.9,0
NatureTrail_TON_12.03.25_LS,TON,4402,2761,2830,46.04,47.19,20,1.17,0.657,0.7633,1428.9,1
NatureTrail_TON_12.03.25_LS,TON,4359,2698,2755,44.99,45.94,55,0.97,0.6303,0.7607,1274.9,1
NatureTrail_TON_12.03.25_LS,TON,4346,2680,2762,44.69,46.05,65,1.38,0.5845,0.7542,1051.8,1
NatureTrail_TON_12.03.25_LS,TON,4603,9504,9527,158.47,158.85,24,0.4,0.639,0.6949,731.3,1
NatureTrail_TON_12.03.25_LS,TON,4589,8294,8369,138.3,139.55,56,1.27,0.5388,0.6642,656.2,1
NatureTrail_TON_12.03.25_LS,TON,4365,2716,2736,45.29,45.62,21,0.35,0.5782,0.6638,791.0,1
NatureTrail_TON_12.03.25_LS,TON,4607,9549,9588,159.22,159.87,31,0.67,0.543,0.6632,738.7,1
NatureTrail_TON_12.03.25_LS,TON,4677,10110,10134,168.58,168.98,24,0.42,0.4929,0.6605,786.0,1
NatureTrail_TON_12.03.25_LS,TON,4703,10204,10303,170.14,171.79,22,1.67,0.3928,0.4937,787.0,1
NatureTrail_TON_12.03.25_LS,TON,4656,10057,10074,167.69,167.98,18,0.3,0.4001,0.4547,727.5,1
NatureTrail_TON_12.03.25_LS,TON,6076,17194,17296,286.7,288.4,46,1.72,0.2511,0.4467,745.6,1
NatureTrail_TON_12.03.25_LS,TON,6027,11446,11478,190.85,191.39,18,0.55,0.3104,0.4404,786.1,1
NatureTrail_TON_12.03.25_LS,TON,5917,2758,2887,45.99,48.14,23,2.17,0.2215,0.4145,922.7,1
NatureTrail_TON_12.03.25_LS,TON,5916,2758,2865,45.99,47.77,32,1.8,0.2233,0.3662,1007.1,1
NatureTrail_TON_12.03.25_LS,TON,6092,18199,18229,303.45,303.95,13,0.52,0.2168,0.3383,1319.6,1
NatureTrail_TON_12.03.25_LS,TON,5999,10004,10085,166.81,168.16,19,1.37,0.2068,0.3345,704.6,1
NatureTrail_TON_12.03.25_LS,TON,5957,6778,6827,113.02,113.83,12,0.83,0.2232,0.3329,1894.6,1
NatureTrail_TON_12.03.25_LS,TON,6000,10009,10304,166.89,171.81,71,4.94,0.1992,0.3278,792.0,1
NatureTrail_TON_12.03.25_LS,TON,5985,9538,9606,159.04,160.17,16,1.15,0.1928,0.3065,810.2,1
NatureTrail_TON_12.03.25_LS,TON,4478,2849,2861,47.5,47.7,13,0.22,0.6152,0.6979,556.0,0
NatureTrail_TON_12.03.25_LS,TON,4762,11479,11490,191.4,191.59,12,0.2,0.5991,0.6799,971.5,0
NatureTrail_TON_12.03.25_LS,TON,4428,2780,2788,46.35,46.49,9,0.15,0.6075,0.6638,1221.2,0
NatureTrail_TON_12.03.25_LS,TON,4473,2843,2852,47.4,47.55,8,0.17,0.5679,0.6634,1095.6,0
NatureTrail_TON_12.03.25_LS,TON,4887,18762,18762,312.84,312.84,1,0.02,0.6259,0.6259,1774.9,0
NatureTrail_TON_12.03.25_LS,TON,4454,2802,2811,46.72,46.87,10,0.17,0.4935,0.5918,1207.9,0
NatureTrail_TON_12.03.25_LS,TON,4413,2774,2786,46.25,46.45,11,0.22,0.51,0.5877,952.5,0
NatureTrail_TON_12.03.25_LS,TON,4865,17595,17601,293.38,293.48,7,0.12,0.5076,0.5776,518.1,0
NatureTrail_TON_12.03.25_LS,TON,4485,2873,2879,47.9,48.0,6,0.12,0.5394,0.576,919.1,0
NatureTrail_TON_12.03.25_LS,TON,4319,1563,1563,26.06,26.06,1,0.02,0.566,0.566,464.9,0
NatureTrail_TON_12.03.25_LS,TON,4339,2669,2670,44.5,44.52,2,0.03,0.5356,0.5356,1206.8,0
NatureTrail_TON_12.03.25_LS,TON,4758,11470,11473,191.25,191.3,2,0.07,0.533,0.533,862.0,0
NatureTrail_TON_12.03.25_LS,TON,5910,2459,2459,41.0,41.0,1,0.02,0.5319,0.5319,603.6,0
NatureTrail_TON_12.03.25_LS,TON,4455,2817,2819,46.97,47.0,3,0.05,0.5274,0.5274,1128.5,0
NatureTrail_TON_12.03.25_LS,TON,5893,1393,1398,23.23,23.31,6,0.1,0.4386,0.4965,644.6,0
NatureTrail_TON_12.03.25_LS,TON,4829,17242,17249,287.5,287.61,5,0.13,0.4884,0.4884,535.8,0
NatureTrail_TON_12.03.25_LS,TON,4814,17169,17169,286.28,286.28,1,0.02,0.4785,0.4785,478.5,0
NatureTrail_TON_12.03.25_LS,TON,4851,17273,17285,288.01,288.21,10,0.22,0.4136,0.4783,598.5,0
NatureTrail_TON_12.03.25_LS,TON,6037,11798,11798,196.72,196.72,1,0.02,0.4708,0.4708,1174.0,0
NatureTrail_TON_12.03.25_LS,TON,5914,2715,2715,45.27,45.27,1,0.02,0.4656,0.4656,722.7,0
NatureTrail_TON_12.03.25_LS,TON,4792,14969,14969,249.6,249.6,1,0.02,0.4636,0.4636,636.0,0
NatureTrail_TON_12.03.25_LS,TON,4362,2708,2709,45.15,45.17,2,0.03,0.4595,0.4595,906.8,0
NatureTrail_TON_12.03.25_LS,TON,4492,3220,3221,53.69,53.71,2,0.03,0.4549,0.4549,1399.9,0
NatureTrail_TON_12.03.25_LS,TON,4415,2775,2777,46.27,46.3,3,0.05,0.4447,0.4447,1059.3,0
NatureTrail_TON_12.03.25_LS,TON,4644,10023,10042,167.12,167.44,6,0.33,0.4072,0.4427,695.0,0
NatureTrail_TON_12.03.25_LS,TON,4875,18215,18220,303.72,303.8,4,0.1,0.4396,0.4396,1171.7,0
NatureTrail_TON_12.03.25_LS,TON,4881,18351,18352,305.99,306.0,2,0.03,0.436,0.436,1341.4,0
NatureTrail_TON_12.03.25_LS,TON,4546,6807,6809,113.5,113.53,3,0.05,0.4308,0.4308,2458.7,0
NatureTrail_TON_12.03.25_LS,TON,4623,9613,9619,160.29,160.39,5,0.12,0.4267,0.4267,853.9,0
NatureTrail_TON_12.03.25_LS,TON,4349,2685,2695,44.77,44.94,4,0.18,0.4255,0.4255,1195.4,0
NatureTrail_TON_12.03.25_LS,TON,6024,11301,11303,188.43,188.47,3,0.05,0.4227,0.4227,756.7,0
NatureTrail_TON_12.03.25_LS,TON,4405,2769,2770,46.17,46.19,2,0.03,0.4167,0.4167,1049.1,0
NatureTrail_TON_12.03.25_LS,TON,4662,10067,10070,167.86,167.91,4,0.07,0.4041,0.4041,688.4,0
NatureTrail_TON_12.03.25_LS,TON,5899,1593,1593,26.56,26.56,1,0.02,0.3981,0.3981,859.3,0
NatureTrail_TON_12.03.25_LS,TON,6047,12921,12921,215.45,215.45,1,0.02,0.3897,0.3897,673.9,0
NatureTrail_TON_12.03.25_LS,TON,5973,7784,7784,129.79,129.79,1,0.02,0.3868,0.3868,2239.8,0
NatureTrail_TON_12.03.25_LS,TON,5897,1551,1567,25.86,26.13,9,0.28,0.2787,0.3855,659.8,0
NatureTrail_TON_12.03.25_LS,TON,4834,17258,17258,287.76,287.76,1,0.02,0.3845,0.3845,2024.3,0
NatureTrail_TON_12.03.25_LS,TON,4879,18313,18313,305.35,305.35,1,0.02,0.3834,0.3834,737.9,0
NatureTrail_TON_12.03.25_LS,TON,6099,18761,18761,312.82,312.82,1,0.02,0.3665,0.3665,1630.4,0
NatureTrail_TON_12.03.25_LS,TON,4693,10186,10194,169.84,169.98,6,0.15,0.3383,0.362,820.4,0
NatureTrail_TON_12.03.25_LS,TON,5900,1725,1725,28.76,28.76,1,0.02,0.3617,0.3617,582.8,0
NatureTrail_TON_12.03.25_LS,TON,5970,7527,7536,125.51,125.66,10,0.17,0.2944,0.3614,503.8,0
NatureTrail_TON_12.03.25_LS,TON,4418,2776,2780,46.29,46.35,3,0.08,0.3608,0.3608,1196.2,0
NatureTrail_TON_12.03.25_LS,TON,5912,2667,2679,44.47,44.67,8,0.22,0.2779,0.358,1146.7,0
NatureTrail_TON_12.03.25_LS,TON,6031,11600,11600,193.42,193.42,1,0.02,0.3517,0.3517,2270.6,0
NatureTrail_TON_12.03.25_LS,TON,5925,3201,3219,53.37,53.67,2,0.32,0.3383,0.3383,1625.9,0
NatureTrail_TON_12.03.25_LS,TON,6078,17250,17250,287.63,287.63,1,0.02,0.3343,0.3343,1473.2,0
NatureTrail_TON_12.03.25_LS,TON,5969,7459,7467,124.37,124.51,8,0.15,0.2879,0.3322,539.5,0
NatureTrail_TON_12.03.25_LS,TON,5888,754,754,12.57,12.57,1,0.02,0.3219,0.3219,1154.8,0
NatureTrail_TON_12.03.25_LS,TON,6035,11736,11736,195.69,195.69,1,0.02,0.3184,0.3184,1931.7,0
NatureTrail_TON_12.03.25_LS,TON,6073,17159,17168,286.11,286.26,5,0.17,0.3075,0.3075,1511.2,0
NatureTrail_TON_12.03.25_LS,TON,5968,7447,7466,124.17,124.49,5,0.33,0.3032,0.3032,473.6,0
NatureTrail_TON_12.03.25_LS,TON,5906,2057,2057,34.3,34.3,1,0.02,0.2979,0.2979,652.5,0
NatureTrail_TON_12.03.25_LS,TON,6039,11903,11903,198.47,198.47,1,0.02,0.2967,0.2967,1378.0,0
NatureTrail_TON_12.03.25_LS,TON,5892,1393,1396,23.23,23.28,4,0.07,0.2963,0.2963,577.8,0
NatureTrail_TON_12.03.25_LS,TON,5975,8282,8293,138.1,138.28,7,0.2,0.2491,0.2953,648.2,0
NatureTrail_TON_12.03.25_LS,TON,6016,10711,10712,178.6,178.61,2,0.03,0.2919,0.2919,1118.8,0
NatureTrail_TON_12.03.25_LS,TON,5907,2193,2196,36.57,36.62,3,0.07,0.2887,0.2887,920.9,0
NatureTrail_TON_12.03.25_LS,TON,5939,4544,4613,75.77,76.92,24,1.17,0.1779,0.2846,556.1,0
NatureTrail_TON_12.03.25_LS,TON,5929,4030,4048,67.2,67.5,6,0.32,0.2552,0.2802,1133.7,0
NatureTrail_TON_12.03.25_LS,TON,5981,9381,9381,156.42,156.42,1,0.02,0.2758,0.2758,1394.6,0
NatureTrail_TON_12.03.25_LS,TON,6097,18441,18443,307.49,307.52,3,0.05,0.2714,0.2714,1515.1,0
NatureTrail_TON_12.03.25_LS,TON,5952,6000,6003,100.04,100.09,3,0.07,0.2685,0.2685,786.4,0
NatureTrail_TON_12.03.25_LS,TON,5984,9495,9503,158.32,158.45,2,0.15,0.2682,0.2682,823.4,0
NatureTrail_TON_12.03.25_LS,TON,6028,11451,11451,190.94,190.94,1,0.02,0.2682,0.2682,1540.7,0
NatureTrail_TON_12.03.25_LS,TON,6044,12396,12396,206.69,206.69,1,0.02,0.2676,0.2676,632.5,0
NatureTrail_TON_12.03.25_LS,TON,6086,17593,17602,293.35,293.5,3,0.17,0.2674,0.2674,467.9,0
NatureTrail_TON_12.03.25_LS,TON,6014,10501,10554,175.1,175.98,15,0.9,0.1752,0.2666,624.7,0
NatureTrail_TON_12.03.25_LS,TON,5958,6833,6838,113.93,114.02,3,0.1,0.2662,0.2662,1118.7,0
NatureTrail_TON_12.03.25_LS,TON,6069,16991,17015,283.31,283.71,13,0.42,0.1881,0.2662,585.2,0
NatureTrail_TON_12.03.25_LS,TON,5904,1887,1887,31.46,31.46,1,0.02,0.2654,0.2654,1407.3,0
NatureTrail_TON_12.03.25_LS,TON,5943,5045,5045,84.12,84.12,1,0.02,0.2632,0.2632,2006.4,0
NatureTrail_TON_12.03.25_LS,TON,5919,2771,2828,46.2,47.15,7,0.97,0.2214,0.2627,1065.9,0
NatureTrail_TON_12.03.25_LS,TON,5977,8348,8372,139.2,139.6,9,0.42,0.2223,0.2598,508.2,0
NatureTrail_TON_12.03.25_LS,TON,6043,12314,12314,205.33,205.33,1,0.02,0.2554,0.2554,772.3,0
NatureTrail_TON_12.03.25_LS,TON,6070,17031,17031,283.98,283.98,1,0.02,0.2547,0.2547,846.7,0
NatureTrail_TON_12.03.25_LS,TON,5930,4123,4123,68.75,68.75,1,0.02,0.2523,0.2523,709.3,0
NatureTrail_TON_12.03.25_LS,TON,5898,1574,1577,26.25,26.3,4,0.07,0.2519,0.2519,516.0,0
NatureTrail_TON_12.03.25_LS,TON,5951,5839,5871,97.36,97.89,7,0.55,0.2107,0.251,575.9,0
NatureTrail_TON_12.03.25_LS,TON,6050,12943,12943,215.81,215.81,1,0.02,0.2508,0.2508,1870.3,0
NatureTrail_TON_12.03.25_LS,TON,6080,17269,17270,287.95,287.96,2,0.03,0.2508,0.2508,945.4,0
NatureTrail_TON_12.03.25_LS,TON,5986,9595,9630,159.99,160.57,16,0.6,0.1755,0.248,777.7,0
NatureTrail_TON_12.03.25_LS,TON,6104,19113,19113,318.69,318.69,1,0.02,0.2436,0.2436,779.9,0
NatureTrail_TON_12.03.25_LS,TON,5946,5316,5345,88.64,89.12,3,0.5,0.2392,0.2392,910.7,0
NatureTrail_TON_12.03.25_LS,TON,6074,17165,17170,286.21,286.29,5,0.1,0.2391,0.2391,413.3,0
NatureTrail_TON_12.03.25_LS,TON,5997,9906,9914,165.17,165.31,4,0.15,0.2323,0.2323,749.5,0
NatureTrail_TON_12.03.25_LS,TON,6029,11461,11461,191.1,191.1,1,0.02,0.2316,0.2316,564.2,0
NatureTrail_TON_12.03.25_LS,TON,6030,11493,11502,191.64,191.79,5,0.17,0.2282,0.2282,657.3,0
NatureTrail_TON_12.03.25_LS,TON,6096,18347,18373,305.92,306.35,7,0.45,0.1951,0.228,1070.9,0
NatureTrail_TON_12.03.25_LS,TON,5901,1747,1749,29.13,29.16,3,0.05,0.2275,0.2275,731.9,0
NatureTrail_TON_12.03.25_LS,TON,6040,12070,12071,201.26,201.27,2,0.03,0.2235,0.2235,977.3,0
NatureTrail_TON_12.03.25_LS,TON,5931,4140,4140,69.03,69.03,1,0.02,0.2233,0.2233,558.7,0
NatureTrail_TON_12.03.25_LS,TON,5926,3264,3264,54.42,54.42,1,0.02,0.2223,0.2223,1758.6,0
NatureTrail_TON_12.03.25_LS,TON,5918,2771,2792,46.2,46.55,6,0.37,0.2022,0.2192,1210.0,0
NatureTrail_TON_12.03.25_LS,TON,5980,9235,9236,153.99,154.0,2,0.03,0.2189,0.2189,874.5,0
NatureTrail_TON_12.03.25_LS,TON,6025,11377,11377,189.7,189.7,1,0.02,0.2182,0.2182,1756.8,0
NatureTrail_TON_12.03.25_LS,TON,6038,11846,11848,197.52,197.56,2,0.05,0.2176,0.2176,765.1,0
NatureTrail_TON_12.03.25_LS,TON,5987,9652,9652,160.94,160.94,1,0.02,0.2173,0.2173,801.4,0
NatureTrail_TON_12.03.25_LS,TON,5948,5446,5446,90.81,90.81,1,0.02,0.2157,0.2157,1910.3,0
NatureTrail_TON_12.03.25_LS,TON,5966,7403,7412,123.44,123.59,5,0.17,0.2127,0.2127,744.9,0
NatureTrail_TON_12.03.25_LS,TON,6095,18299,18312,305.12,305.34,4,0.23,0.2115,0.2115,800.4,0
NatureTrail_TON_12.03.25_LS,TON,6083,17377,17377,289.75,289.75,1,0.02,0.2091,0.2091,421.5,0
NatureTrail_TON_12.03.25_LS,TON,5905,1965,1975,32.76,32.93,4,0.18,0.2067,0.2067,883.5,0
NatureTrail_TON_12.03.25_LS,TON,6053,13286,13286,221.53,221.53,1,0.02,0.2048,0.2048,1032.1,0
NatureTrail_TON_12.03.25_LS,TON,6072,17081,17084,284.81,284.86,4,0.07,0.2045,0.2045,693.3,0
NatureTrail_TON_12.03.25_LS,TON,5965,7352,7353,122.59,122.6,2,0.03,0.2044,0.2044,536.8,0
NatureTrail_TON_12.03.25_LS,TON,6101,18799,18800,313.46,313.47,2,0.03,0.2032,0.2032,764.9,0
NatureTrail_TON_12.03.25_LS,TON,6018,10797,10798,180.03,180.05,2,0.03,0.203,0.203,1453.1,0
NatureTrail_TON_12.03.25_LS,TON,5891,1386,1387,23.11,23.13,2,0.03,0.2002,0.2002,707.3,0
NatureTrail_TON_12.03.25_LS,TON,6010,10337,10361,172.36,172.76,7,0.42,0.1761,0.1995,769.4,0
NatureTrail_TON_12.03.25_LS,TON,5992,9861,9871,164.42,164.59,2,0.18,0.1992,0.1992,643.8,0
NatureTrail_TON_12.03.25_LS,TON,5937,4468,4492,74.5,74.9,6,0.42,0.1853,0.1967,1193.2,0
NatureTrail_TON_12.03.25_LS,TON,5967,7418,7419,123.69,123.71,2,0.03,0.1948,0.1948,439.7,0
NatureTrail_TON_12.03.25_LS,TON,5971,7533,7534,125.61,125.62,2,0.03,0.1937,0.1937,1365.9,0
NatureTrail_TON_12.03.25_LS,TON,5974,7933,7933,132.28,132.28,1,0.02,0.1926,0.1926,517.0,0
NatureTrail_TON_12.03.25_LS,TON,6085,17562,17562,292.83,292.83,1,0.02,0.1912,0.1912,537.9,0
NatureTrail_TON_12.03.25_LS,TON,5955,6134,6134,102.28,102.28,1,0.02,0.1911,0.1911,693.5,0
NatureTrail_TON_12.03.25_LS,TON,5911,2657,2657,44.3,44.3,1,0.02,0.1907,0.1907,889.5,0
NatureTrail_TON_12.03.25_LS,TON,6048,12928,12934,215.56,215.66,3,0.12,0.1907,0.1907,892.1,0
NatureTrail_TON_12.03.25_LS,TON,5909,2438,2440,40.65,40.68,3,0.05,0.1904,0.1904,719.5,0
NatureTrail_TON_12.03.25_LS,TON,6019,10844,10844,180.81,180.81,1,0.02,0.1904,0.1904,483.0,0
NatureTrail_TON_12.03.25_LS,TON,6058,13897,13897,231.72,231.72,1,0.02,0.1884,0.1884,622.4,0
NatureTrail_TON_12.03.25_LS,TON,5889,1056,1058,17.61,17.64,2,0.05,0.188,0.188,937.3,0
NatureTrail_TON_12.03.25_LS,TON,6012,10398,10398,173.38,173.38,1,0.02,0.1868,0.1868,728.4,0
NatureTrail_TON_12.03.25_LS,TON,6077,17207,17216,286.91,287.06,4,0.17,0.1855,0.1855,1142.0,0
NatureTrail_TON_12.03.25_LS,TON,5913,2678,2678,44.65,44.65,1,0.02,0.1827,0.1827,752.0,0
NatureTrail_TON_12.03.25_LS,TON,6034,11642,11642,194.12,194.12,1,0.02,0.1825,0.1825,739.3,0
NatureTrail_TON_12.03.25_LS,TON,5976,8308,8308,138.53,138.53,1,0.02,0.1821,0.1821,616.2,0
NatureTrail_TON_12.03.25_LS,TON,6042,12213,12214,203.64,203.66,2,0.03,0.1821,0.1821,674.0,0
NatureTrail_TON_12.03.25_LS,TON,6067,16589,16590,276.61,276.62,2,0.03,0.1804,0.1804,825.3,0
NatureTrail_TON_12.03.25_LS,TON,6100,18767,18770,312.92,312.97,3,0.07,0.1801,0.1801,656.5,0
NatureTrail_TON_12.03.25_LS,TON,5921,2772,2778,46.22,46.32,3,0.12,0.1767,0.1767,1107.0,0
NatureTrail_TON_12.03.25_LS,TON,5903,1882,1907,31.38,31.8,2,0.43,0.1759,0.1759,1121.4,0
NatureTrail_TON_12.03.25_LS,TON,6063,15043,15043,250.83,250.83,1,0.02,0.1757,0.1757,740.8,0
NatureTrail_TON_12.03.25_LS,TON,6002,10082,10111,168.11,168.59,3,0.5,0.1735,0.1735,775.6,0
NatureTrail_TON_12.03.25_LS,TON,6015,10537,10554,175.7,175.98,4,0.3,0.1731,0.1731,761.8,0
NatureTrail_TON_12.03.25_LS,TON,6065,16129,16129,268.94,268.94,1,0.02,0.1719,0.1719,473.5,0
NatureTrail_TON_12.03.25_LS,TON,6088,17695,17695,295.05,295.05,1,0.02,0.1715,0.1715,652.8,0
NatureTrail_TON_12.03.25_LS,TON,6098,18562,18562,309.51,309.51,1,0.02,0.1713,0.1713,1581.4,0
NatureTrail_TON_12.03.25_LS,TON,6062,14943,14982,249.16,249.81,5,0.67,0.1697,0.1697,680.4,0
NatureTrail_TON_12.03.25_LS,TON,6013,10429,10430,173.89,173.91,2,0.03,0.1689,0.1689,795.6,0
NatureTrail_TON_12.03.25_LS,TON,6060,14127,14127,235.56,235.56,1,0.02,0.1681,0.1681,1104.7,0
NatureTrail_TON_12.03.25_LS,TON,5983,9424,9424,157.14,157.14,1,0.02,0.1671,0.1671,1742.1,0
NatureTrail_TON_12.03.25_LS,TON,6081,17294,17294,288.36,288.36,1,0.02,0.1665,0.1665,497.8,0
NatureTrail_TON_12.03.25_LS,TON,5941,4949,4956,82.52,82.64,3,0.13,0.1654,0.1654,895.2,0
NatureTrail_TON_12.03.25_LS,TON,5896,1519,1522,25.33,25.38,2,0.07,0.1633,0.1633,484.9,0
NatureTrail_TON_12.03.25_LS,TON,5935,4330,4330,72.2,72.2,1,0.02,0.1631,0.1631,790.6,0
NatureTrail_TON_12.03.25_LS,TON,6046,12846,12868,214.2,214.56,4,0.38,0.1631,0.1631,1250.4,0
NatureTrail_TON_12.03.25_LS,TON,5961,7086,7086,118.15,118.15,1,0.02,0.1618,0.1618,1165.5,0
NatureTrail_TON_12.03.25_LS,TON,5989,9692,9692,161.61,161.61,1,0.02,0.1617,0.1617,911.3,0
NatureTrail_TON_12.03.25_LS,TON,6004,10165,10168,169.49,169.54,2,0.07,0.1617,0.1617,757.2,0
NatureTrail_TON_12.03.25_LS,TON,5928,4026,4044,67.13,67.43,5,0.32,0.1616,0.1616,889.8,0
NatureTrail_TON_12.03.25_LS,TON,6091,18173,18175,303.02,303.05,3,0.05,0.1603,0.1603,1073.2,0
NatureTrail_TON_12.03.25_LS,TON,5890,1216,1216,20.28,20.28,1,0.02,0.1589,0.1589,1456.2,0
NatureTrail_TON_12.03.25_LS,TON,5894,1410,1411,23.51,23.53,2,0.03,0.1584,0.1584,434.4,0
NatureTrail_TON_12.03.25_LS,TON,5998,9922,9973,165.44,166.29,5,0.87,0.1582,0.1582,862.8,0
NatureTrail_TON_12.03.25_LS,TON,6087,17674,17674,294.7,294.7,1,0.02,0.1578,0.1578,786.6,0
NatureTrail_TON_12.03.25_LS,TON,5978,8685,8685,144.81,144.81,1,0.02,0.1563,0.1563,816.9,0
NatureTrail_TON_12.03.25_LS,TON,6026,11423,11424,190.47,190.49,2,0.03,0.1557,0.1557,1333.3,0
NatureTrail_TON_12.03.25_LS,TON,5996,9890,9890,164.91,164.91,1,0.02,0.1556,0.1556,781.9,0
NatureTrail_TON_12.03.25_LS,TON,5949,5493,5493,91.59,91.59,1,0.02,0.1547,0.1547,2022.0,0
NatureTrail_TON_12.03.25_LS,TON,5938,4473,4473,74.58,74.58,1,0.02,0.1531,0.1531,726.1,0
NatureTrail_TON_12.03.25_LS,TON,5950,5503,5506,91.76,91.81,3,0.07,0.1525,0.1525,797.9,0
NatureTrail_TON_12.03.25_LS,TON,6032,11603,11603,193.47,193.47,1,0.02,0.1503,0.1503,1754.3,0
NatureTrail_TON_12.03.25_LS,TON,5954,6131,6132,102.23,102.25,2,0.03,0.1495,0.1495,905.4,0
NatureTrail_TON_12.03.25_LS,TON,6093,18267,18267,304.59,304.59,1,0.02,0.149,0.149,836.6,0
NatureTrail_TON_12.03.25_LS,TON,5947,5365,5365,89.46,89.46,1,0.02,0.1488,0.1488,839.2,0
NatureTrail_TON_12.03.25_LS,TON,5887,453,453,7.55,7.55,1,0.02,0.1478,0.1478,1384.9,0
NatureTrail_TON_12.03.25_LS,TON,6059,14124,14127,235.51,235.56,3,0.07,0.1474,0.1474,953.4,0
NatureTrail_TON_12.03.25_LS,TON,6103,19001,19023,316.83,317.19,5,0.38,0.1438,0.1438,1037.8,0
NatureTrail_TON_12.03.25_LS,TON,5956,6510,6510,108.55,108.55,1,0.02,0.1414,0.1414,696.4,0
NatureTrail_TON_12.03.25_LS,TON,5936,4387,4394,73.15,73.27,4,0.13,0.1407,0.1407,695.1,0
NatureTrail_TON_12.03.25_LS,TON,5979,8718,8718,145.37,145.37,1,0.02,0.1389,0.1389,940.4,0
NatureTrail_TON_12.03.25_LS,TON,6068,16949,16949,282.61,282.61,1,0.02,0.1375,0.1375,1600.3,0
NatureTrail_TON_12.03.25_LS,TON,6066,16352,16355,272.66,272.71,3,0.07,0.1374,0.1374,866.0,0
NatureTrail_TON_12.03.25_LS,TON,6089,17713,17719,295.35,295.45,2,0.12,0.1372,0.1372,604.6,0
NatureTrail_TON_12.03.25_LS,TON,5953,6041,6041,100.73,100.73,1,0.02,0.1371,0.1371,622.8,0
NatureTrail_TON_12.03.25_LS,TON,6007,10253,10253,170.96,170.96,1,0.02,0.1366,0.1366,857.3,0
NatureTrail_TON_12.03.25_LS,TON,5982,9405,9435,156.82,157.32,2,0.52,0.1339,0.1339,2347.1,0
NatureTrail_TON_12.03.25_LS,TON,6049,12934,12934,215.66,215.66,1,0.02,0.1332,0.1332,874.6,0
NatureTrail_TON_12.03.25_LS,TON,6017,10745,10745,179.16,179.16,1,0.02,0.1325,0.1325,2073.9,0
NatureTrail_TON_12.03.25_LS,TON,6036,11751,11751,195.94,195.94,1,0.02,0.1325,0.1325,1993.8,0
NatureTrail_TON_12.03.25_LS,TON,5990,9706,9707,161.84,161.86,2,0.03,0.1323,0.1323,921.7,0
NatureTrail_TON_12.03.25_LS,TON,5963,7161,7166,119.4,119.49,2,0.1,0.1306,0.1306,1516.1,0
NatureTrail_TON_12.03.25_LS,TON,6006,10195,10219,169.99,170.39,3,0.42,0.1305,0.1305,809.9,0
NatureTrail_TON_12.03.25_LS,TON,5964,7333,7333,122.27,122.27,1,0.02,0.1302,0.1302,649.5,0
NatureTrail_TON_12.03.25_LS,TON,6011,10350,10351,172.58,172.59,2,0.03,0.1291,0.1291,823.0,0
NatureTrail_TON_12.03.25_LS,TON,6079,17260,17268,287.8,287.93,4,0.15,0.1282,0.1282,1304.3,0
NatureTrail_TON_12.03.25_LS,TON,6008,10277,10319,171.36,172.06,7,0.72,0.1212,0.1281,698.1,0
NatureTrail_TON_12.03.25_LS,TON,5923,2772,2778,46.22,46.32,2,0.12,0.1264,0.1264,1237.6,0
NatureTrail_TON_12.03.25_LS,TON,5927,3450,3450,57.53,57.53,1,0.02,0.1264,0.1264,637.7,0
NatureTrail_TON_12.03.25_LS,TON,6022,11202,11203,186.78,186.8,2,0.03,0.126,0.126,315.3,0
NatureTrail_TON_12.03.25_LS,TON,5920,2771,2771,46.2,46.2,1,0.02,0.1256,0.1256,1264.1,0
NatureTrail_TON_12.03.25_LS,TON,6005,10181,10181,169.76,169.76,1,0.02,0.1239,0.1239,764.5,0
NatureTrail_TON_12.03.25_LS,TON,5962,7089,7089,118.2,118.2,1,0.02,0.1202,0.1202,778.9,0
NatureTrail_TON_12.03.25_LS,TON,5934,4294,4294,71.6,71.6,1,0.02,0.1199,0.1199,1714.1,0
NatureTrail_TON_12.03.25_LS,TON,6052,13120,13120,218.76,218.76,1,0.02,0.1192,0.1192,378.3,0
NatureTrail_TON_12.03.25_LS,TON,6003,10153,10198,169.29,170.04,4,0.77,0.119,0.119,703.8,0
NatureTrail_TON_12.03.25_LS,TON,6055,13383,13385,223.15,223.18,2,0.05,0.1189,0.1189,994.5,0
NatureTrail_TON_12.03.25_LS,TON,6023,11214,11214,186.98,186.98,1,0.02,0.1188,0.1188,720.5,0
NatureTrail_TON_12.03.25_LS,TON,5932,4201,4203,70.05,70.08,3,0.05,0.1184,0.1184,608.1,0
NatureTrail_TON_12.03.25_LS,TON,5972,7566,7574,126.16,126.29,2,0.15,0.118,0.118,721.0,0
NatureTrail_TON_12.03.25_LS,TON,5924,2829,2829,47.17,47.17,1,0.02,0.1179,0.1179,1225.9,0
NatureTrail_TON_12.03.25_LS,TON,5960,7079,7079,118.04,118.04,1,0.02,0.1178,0.1178,1038.4,0
NatureTrail_TON_12.03.25_LS,TON,6020,10979,10979,183.07,183.07,1,0.02,0.1178,0.1178,748.8,0
NatureTrail_TON_12.03.25_LS,TON,5922,2772,2773,46.22,46.24,2,0.03,0.1176,0.1176,994.3,0
NatureTrail_TON_12.03.25_LS,TON,5944,5129,5129,85.52,85.52,1,0.02,0.1174,0.1174,792.3,0
NatureTrail_TON_12.03.25_LS,TON,6021,11109,11109,185.23,185.23,1,0.02,0.1165,0.1165,841.5,0
NatureTrail_TON_12.03.25_LS,TON,6105,19196,19223,320.08,320.53,2,0.47,0.1164,0.1164,498.2,0
NatureTrail_TON_12.03.25_LS,TON,6057,13693,13694,228.32,228.34,2,0.03,0.116,0.116,704.8,0
NatureTrail_TON_12.03.25_LS,TON,6045,12674,12674,211.33,211.33,1,0.02,0.1155,0.1155,508.2,0
NatureTrail_TON_12.03.25_LS,TON,6051,13015,13016,217.01,217.03,2,0.03,0.1153,0.1153,288.9,0
NatureTrail_TON_12.03.25_LS,TON,6082,17376,17376,289.73,289.73,1,0.02,0.1153,0.1153,747.9,0
NatureTrail_TON_12.03.25_LS,TON,6009,10277,10279,171.36,171.39,2,0.05,0.1141,0.1141,629.9,0
NatureTrail_TON_12.03.25_LS,TON,6064,15605,15605,260.2,260.2,1,0.02,0.1135,0.1135,1831.0,0
NatureTrail_TON_12.03.25_LS,TON,5915,2715,2715,45.27,45.27,1,0.02,0.113,0.113,1212.5,0
NatureTrail_TON_12.03.25_LS,TON,6001,10015,10015,166.99,166.99,1,0.02,0.1129,0.1129,688.3,0
NatureTrail_TON_12.03.25_LS,TON,6041,12163,12163,202.81,202.81,1,0.02,0.1125,0.1125,1363.1,0
NatureTrail_TON_12.03.25_LS,TON,6071,17080,17080,284.79,284.79,1,0.02,0.1114,0.1114,625.4,0
NatureTrail_TON_12.03.25_LS,TON,6061,14905,14908,248.53,248.58,2,0.07,0.1111,0.1111,950.8,0
NatureTrail_TON_12.03.25_LS,TON,5988,9662,9662,161.11,161.11,1,0.02,0.1103,0.1103,694.2,0
NatureTrail_TON_12.03.25_LS,TON,5933,4202,4202,70.06,70.06,1,0.02,0.1097,0.1097,583.0,0
NatureTrail_TON_12.03.25_LS,TON,6102,18813,18818,313.69,313.77,4,0.1,0.1097,0.1097,649.3,0
NatureTrail_TON_12.03.25_LS,TON,5995,9876,9890,164.67,164.91,3,0.25,0.1092,0.1092,776.2,0
NatureTrail_TON_12.03.25_LS,TON,5993,9861,9861,164.42,164.42,1,0.02,0.1091,0.1091,740.6,0
NatureTrail_TON_12.03.25_LS,TON,6090,18069,18069,301.28,301.28,1,0.02,0.1091,0.1091,1047.8,0
NatureTrail_TON_12.03.25_LS,TON,5895,1500,1500,25.01,25.01,1,0.02,0.1089,0.1089,604.0,0
NatureTrail_TON_12.03.25_LS,TON,5991,9841,9841,164.09,164.09,1,0.02,0.1089,0.1089,704.9,0
NatureTrail_TON_12.03.25_LS,TON,6084,17499,17499,291.78,291.78,1,0.02,0.1076,0.1076,686.7,0
NatureTrail_TON_12.03.25_LS,TON,6094,18276,18276,304.74,304.74,1,0.02,0.1072,0.1072,884.1,0
NatureTrail_TON_12.03.25_LS,TON,6056,13414,13414,223.67,223.67,1,0.02,0.1067,0.1067,526.2,0
NatureTrail_TON_12.03.25_LS,TON,6075,17173,17173,286.34,286.34,1,0.02,0.1066,0.1066,697.9,0
NatureTrail_TON_12.03.25_LS,TON,5994,9871,9871,164.59,164.59,1,0.02,0.1063,0.1063,786.3,0
NatureTrail_TON_12.03.25_LS,TON,5959,7036,7036,117.32,117.32,1,0.02,0.1056,0.1056,938.0,0
NatureTrail_TON_12.03.25_LS,TON,5942,5040,5040,84.04,84.04,1,0.02,0.1055,0.1055,741.8,0
NatureTrail_TON_12.03.25_LS,TON,6106,19351,19351,322.66,322.66,1,0.02,0.1054,0.1054,435.0,0
NatureTrail_TON_12.03.25_LS,TON,5902,1882,1895,31.38,31.6,2,0.23,0.1036,0.1036,1352.9,0
NatureTrail_TON_12.03.25_LS,TON,6033,11637,11637,194.04,194.04,1,0.02,0.1029,0.1029,762.6,0
NatureTrail_TON_12.03.25_LS,TON,5908,2419,2419,40.33,40.33,1,0.02,0.1025,0.1025,854.5,0
NatureTrail_TON_12.03.25_LS,TON,6054,13339,13339,222.42,222.42,1,0.02,0.1023,0.1023,806.6,0
NatureTrail_TON_12.03.25_LS,TON,5940,4557,4557,75.98,75.98,1,0.02,0.102,0.102,952.7,0
NatureTrail_TON_12.03.25_LS,TON,5945,5149,5149,85.86,85.86,1,0.02,0.1008,0.1008,714.7,0
SHog_SHW_01.18.2026_LS,SHW,5114,8714,8770,145.27,146.2,53,0.95,0.7685,0.8338,5236.3,1
SHog_SHW_01.18.2026_LS,SHW,5104,8565,8615,142.78,143.62,41,0.85,0.6677,0.7353,1202.0,1
SHog_SHW_01.18.2026_LS,SHW,4996,5127,5206,85.47,86.79,78,1.33,0.6305,0.7305,1718.5,1
SHog_SHW_01.18.2026_LS,SHW,4992,5121,5201,85.37,86.7,81,1.35,0.6559,0.7233,2619.7,1
SHog_SHW_01.18.2026_LS,SHW,6343,8549,8586,142.52,143.13,17,0.63,0.4199,0.6622,829.6,1
SHog_SHW_01.18.2026_LS,SHW,4958,4680,4710,78.02,78.52,23,0.52,0.5489,0.6488,805.0,1
SHog_SHW_01.18.2026_LS,SHW,6436,15743,15823,262.44,263.78,18,1.35,0.3587,0.6421,1971.5,1
SHog_SHW_01.18.2026_LS,SHW,6390,11584,11627,193.11,193.83,12,0.73,0.3166,0.4493,1451.1,1
SHog_SHW_01.18.2026_LS,SHW,6311,5724,5835,95.42,97.27,35,1.87,0.1963,0.4139,1518.2,1
SHog_SHW_01.18.2026_LS,SHW,6289,4641,4689,77.37,78.17,35,0.82,0.2185,0.3767,717.8,1
SHog_SHW_01.18.2026_LS,SHW,6392,11603,11624,193.43,193.78,8,0.37,0.2958,0.37,1438.5,1
SHog_SHW_01.18.2026_LS,SHW,6378,10735,10787,178.96,179.82,13,0.88,0.2229,0.3692,8797.1,1
SHog_SHW_01.18.2026_LS,SHW,6322,6575,6660,109.61,111.03,17,1.43,0.2207,0.3549,1466.4,1
SHog_SHW_01.18.2026_LS,SHW,6290,4644,4745,77.42,79.1,30,1.7,0.1775,0.3184,786.1,1
SHog_SHW_01.18.2026_LS,SHW,6371,10592,10684,176.57,178.11,8,1.55,0.2503,0.3136,4805.8,1
SHog_SHW_01.18.2026_LS,SHW,6293,4676,4743,77.95,79.07,16,1.13,0.197,0.3024,788.1,1
SHog_SHW_01.18.2026_LS,SHW,5110,8617,8617,143.65,143.65,1,0.02,0.7043,0.7043,1431.4,0
SHog_SHW_01.18.2026_LS,SHW,6345,8616,8618,143.63,143.67,2,0.05,0.6952,0.6952,1287.2,0
SHog_SHW_01.18.2026_LS,SHW,5187,11623,11623,193.76,193.76,1,0.02,0.6801,0.6801,1619.9,0
SHog_SHW_01.18.2026_LS,SHW,6337,7398,7398,123.33,123.33,1,0.02,0.6712,0.6712,1800.8,0
SHog_SHW_01.18.2026_LS,SHW,4972,4702,4711,78.38,78.53,8,0.17,0.5487,0.6275,831.1,0
SHog_SHW_01.18.2026_LS,SHW,5257,15777,15777,263.01,263.01,1,0.02,0.622,0.622,2065.3,0
SHog_SHW_01.18.2026_LS,SHW,6316,6153,6166,102.57,102.79,11,0.23,0.484,0.6177,1772.7,0
SHog_SHW_01.18.2026_LS,SHW,5111,8619,8624,143.68,143.77,6,0.1,0.5925,0.6174,1329.1,0
SHog_SHW_01.18.2026_LS,SHW,5090,8528,8537,142.17,142.32,8,0.17,0.5755,0.6146,864.0,0
SHog_SHW_01.18.2026_LS,SHW,5253,15772,15772,262.93,262.93,1,0.02,0.5663,0.5663,1734.6,0
SHog_SHW_01.18.2026_LS,SHW,5191,11625,11630,193.79,193.88,3,0.1,0.5662,0.5662,1653.2,0
SHog_SHW_01.18.2026_LS,SHW,5193,11628,11628,193.84,193.84,1,0.02,0.551,0.551,1328.2,0
SHog_SHW_01.18.2026_LS,SHW,6402,12053,12053,200.93,200.93,1,0.02,0.536,0.536,1555.4,0
SHog_SHW_01.18.2026_LS,SHW,5181,11614,11615,193.61,193.63,2,0.03,0.529,0.529,1497.3,0
SHog_SHW_01.18.2026_LS,SHW,4924,4254,4254,70.92,70.92,1,0.02,0.5268,0.5268,1741.8,0
SHog_SHW_01.18.2026_LS,SHW,5244,15744,15749,262.46,262.54,4,0.1,0.5009,0.5009,2908.9,0
SHog_SHW_01.18.2026_LS,SHW,6413,14258,14258,237.69,237.69,1,0.02,0.497,0.497,2582.3,0
SHog_SHW_01.18.2026_LS,SHW,5055,6530,6530,108.86,108.86,1,0.02,0.489,0.489,723.0,0
SHog_SHW_01.18.2026_LS,SHW,6395,11781,11781,196.39,196.39,1,0.02,0.4832,0.4832,2296.5,0
SHog_SHW_01.18.2026_LS,SHW,4970,4697,4698,78.3,78.32,2,0.03,0.467,0.467,572.4,0
SHog_SHW_01.18.2026_LS,SHW,6421,15258,15258,254.36,254.36,1,0.02,0.4375,0.4375,2480.5,0
SHog_SHW_01.18.2026_LS,SHW,6430,15629,15629,260.54,260.54,1,0.02,0.4168,0.4168,1685.0,0
SHog_SHW_01.18.2026_LS,SHW,6269,2738,2738,45.64,45.64,1,0.02,0.4154,0.4154,5247.1,0
SHog_SHW_01.18.2026_LS,SHW,4966,4686,4686,78.12,78.12,1,0.02,0.4127,0.4127,637.6,0
SHog_SHW_01.18.2026_LS,SHW,6280,3800,3800,63.35,63.35,1,0.02,0.4115,0.4115,3114.3,0
SHog_SHW_01.18.2026_LS,SHW,5161,10759,10760,179.36,179.37,2,0.03,0.4051,0.4051,10176.9,0
SHog_SHW_01.18.2026_LS,SHW,6277,3582,3582,59.71,59.71,1,0.02,0.399,0.399,3836.6,0
SHog_SHW_01.18.2026_LS,SHW,5019,5798,5798,96.66,96.66,1,0.02,0.383,0.383,1712.7,0
SHog_SHW_01.18.2026_LS,SHW,5071,6646,6646,110.79,110.79,1,0.02,0.3763,0.3763,2340.9,0
SHog_SHW_01.18.2026_LS,SHW,6404,12394,12399,206.61,206.7,3,0.1,0.3749,0.3749,4078.0,0
SHog_SHW_01.18.2026_LS,SHW,5150,10634,10634,177.27,177.27,1,0.02,0.3748,0.3748,4395.5,0
SHog_SHW_01.18.2026_LS,SHW,6394,11730,11730,195.54,195.54,1,0.02,0.3744,0.3744,1716.1,0
SHog_SHW_01.18.2026_LS,SHW,6347,8712,8713,145.23,145.25,2,0.03,0.369,0.369,1898.2,0
SHog_SHW_01.18.2026_LS,SHW,6339,7563,7563,126.08,126.08,1,0.02,0.3617,0.3617,2071.8,0
SHog_SHW_01.18.2026_LS,SHW,6380,10924,10934,182.11,182.27,6,0.18,0.3302,0.3584,5532.9,0
SHog_SHW_01.18.2026_LS,SHW,6367,10438,10483,174.01,174.76,6,0.77,0.3144,0.3552,2795.8,0
SHog_SHW_01.18.2026_LS,SHW,6409,13558,13562,226.02,226.08,5,0.08,0.3467,0.3467,1987.3,0
SHog_SHW_01.18.2026_LS,SHW,6346,8655,8655,144.28,144.28,1,0.02,0.3454,0.3454,1145.7,0
SHog_SHW_01.18.2026_LS,SHW,6307,5503,5503,91.74,91.74,1,0.02,0.3418,0.3418,690.7,0
SHog_SHW_01.18.2026_LS,SHW,6261,1737,1737,28.96,28.96,1,0.02,0.3376,0.3376,2263.2,0
SHog_SHW_01.18.2026_LS,SHW,6431,15649,15652,260.88,260.93,2,0.07,0.3238,0.3238,2206.2,0
SHog_SHW_01.18.2026_LS,SHW,6365,10324,10352,172.11,172.57,3,0.48,0.3217,0.3217,2174.4,0
SHog_SHW_01.18.2026_LS,SHW,6300,5207,5207,86.8,86.8,1,0.02,0.3208,0.3208,1158.2,0
SHog_SHW_01.18.2026_LS,SHW,6384,11103,11108,185.09,185.18,4,0.1,0.3177,0.3177,2015.1,0
SHog_SHW_01.18.2026_LS,SHW,5208,13400,13400,223.38,223.38,1,0.02,0.3162,0.3162,933.1,0
SHog_SHW_01.18.2026_LS,SHW,6373,10626,10640,177.14,177.37,4,0.25,0.316,0.316,6851.6,0
SHog_SHW_01.18.2026_LS,SHW,6309,5626,5627,93.79,93.8,2,0.03,0.3139,0.3139,1179.5,0
SHog_SHW_01.18.2026_LS,SHW,6356,9394,9394,156.6,156.6,1,0.02,0.3136,0.3136,1485.6,0
SHog_SHW_01.18.2026_LS,SHW,6388,11459,11459,191.03,191.03,1,0.02,0.3014,0.3014,4491.8,0
SHog_SHW_01.18.2026_LS,SHW,6442,15954,15959,265.96,266.04,2,0.1,0.3,0.3,3799.8,0
SHog_SHW_01.18.2026_LS,SHW,6283,4129,4129,68.83,68.83,1,0.02,0.2984,0.2984,6418.2,0
SHog_SHW_01.18.2026_LS,SHW,6374,10658,10662,177.67,177.74,2,0.08,0.2973,0.2973,1873.5,0
SHog_SHW_01.18.2026_LS,SHW,6342,8520,8527,142.03,142.15,6,0.13,0.2661,0.2957,921.4,0
SHog_SHW_01.18.2026_LS,SHW,6258,1029,1030,17.15,17.17,2,0.03,0.2936,0.2936,492.0,0
SHog_SHW_01.18.2026_LS,SHW,6417,14660,14660,244.39,244.39,1,0.02,0.2837,0.2837,2656.0,0
SHog_SHW_01.18.2026_LS,SHW,6363,10269,10295,171.19,171.62,3,0.45,0.2824,0.2824,1445.8,0
SHog_SHW_01.18.2026_LS,SHW,6408,13395,13399,223.3,223.37,5,0.08,0.2772,0.2772,938.2,0
SHog_SHW_01.18.2026_LS,SHW,6286,4219,4253,70.33,70.9,5,0.58,0.2763,0.2763,1565.2,0
SHog_SHW_01.18.2026_LS,SHW,6433,15688,15691,261.53,261.58,2,0.07,0.2755,0.2755,724.0,0
SHog_SHW_01.18.2026_LS,SHW,6429,15546,15547,259.16,259.18,2,0.03,0.2751,0.2751,6489.0,0
SHog_SHW_01.18.2026_LS,SHW,6369,10565,10565,176.12,176.12,1,0.02,0.27,0.27,2810.6,0
SHog_SHW_01.18.2026_LS,SHW,6266,2546,2546,42.44,42.44,1,0.02,0.2694,0.2694,1078.9,0
SHog_SHW_01.18.2026_LS,SHW,6411,13566,13569,226.15,226.2,3,0.07,0.2694,0.2694,1796.9,0
SHog_SHW_01.18.2026_LS,SHW,6312,5790,5884,96.52,98.09,20,1.58,0.1721,0.2671,2037.4,0
SHog_SHW_01.18.2026_LS,SHW,6423,15346,15347,255.82,255.84,2,0.03,0.2668,0.2668,688.6,0
SHog_SHW_01.18.2026_LS,SHW,6305,5356,5356,89.29,89.29,1,0.02,0.2625,0.2625,2349.5,0
SHog_SHW_01.18.2026_LS,SHW,6357,9684,9684,161.44,161.44,1,0.02,0.262,0.262,1148.4,0
SHog_SHW_01.18.2026_LS,SHW,6359,9888,9889,164.84,164.85,2,0.03,0.262,0.262,2043.5,0
SHog_SHW_01.18.2026_LS,SHW,6304,5312,5320,88.55,88.69,7,0.15,0.2255,0.2619,1300.7,0
SHog_SHW_01.18.2026_LS,SHW,6350,8771,8771,146.22,146.22,1,0.02,0.2604,0.2604,2709.3,0
SHog_SHW_01.18.2026_LS,SHW,6275,3488,3492,58.15,58.21,3,0.08,0.2538,0.2538,2727.2,0
SHog_SHW_01.18.2026_LS,SHW,6424,15396,15396,256.66,256.66,1,0.02,0.2524,0.2524,1351.7,0
SHog_SHW_01.18.2026_LS,SHW,6263,2018,2024,33.64,33.74,4,0.12,0.2505,0.2505,1073.2,0
SHog_SHW_01.18.2026_LS,SHW,6302,5218,5218,86.99,86.99,1,0.02,0.2417,0.2417,777.4,0
SHog_SHW_01.18.2026_LS,SHW,6440,15848,15856,264.19,264.33,4,0.15,0.2409,0.2409,1813.9,0
SHog_SHW_01.18.2026_LS,SHW,6341,8305,8306,138.45,138.46,2,0.03,0.2406,0.2406,781.1,0
SHog_SHW_01.18.2026_LS,SHW,6412,13569,13569,226.2,226.2,1,0.02,0.2401,0.2401,2275.7,0
SHog_SHW_01.18.2026_LS,SHW,6299,5117,5120,85.3,85.35,4,0.07,0.239,0.239,1510.7,0
SHog_SHW_01.18.2026_LS,SHW,6274,3359,3359,56.0,56.0,1,0.02,0.238,0.238,1179.2,0
SHog_SHW_01.18.2026_LS,SHW,6387,11322,11322,188.74,188.74,1,0.02,0.2355,0.2355,959.2,0
SHog_SHW_01.18.2026_LS,SHW,6368,10452,10481,174.24,174.72,3,0.5,0.2346,0.2346,2353.2,0
SHog_SHW_01.18.2026_LS,SHW,6420,15101,15114,251.74,251.96,9,0.23,0.1991,0.2337,601.2,0
SHog_SHW_01.18.2026_LS,SHW,6438,15773,15773,262.94,262.94,1,0.02,0.2315,0.2315,1576.3,0
SHog_SHW_01.18.2026_LS,SHW,6445,16255,16257,270.98,271.01,2,0.05,0.2287,0.2287,794.6,0
SHog_SHW_01.18.2026_LS,SHW,6370,10571,10572,176.22,176.24,2,0.03,0.2283,0.2283,1073.0,0
SHog_SHW_01.18.2026_LS,SHW,6259,1037,1044,17.29,17.4,5,0.13,0.2278,0.2278,452.6,0
SHog_SHW_01.18.2026_LS,SHW,6262,2005,2005,33.42,33.42,1,0.02,0.2256,0.2256,608.9,0
SHog_SHW_01.18.2026_LS,SHW,6334,7230,7248,120.53,120.83,5,0.32,0.2225,0.2225,2356.8,0
SHog_SHW_01.18.2026_LS,SHW,6338,7441,7441,124.04,124.04,1,0.02,0.2207,0.2207,464.3,0
SHog_SHW_01.18.2026_LS,SHW,6321,6523,6538,108.74,108.99,5,0.27,0.22,0.22,664.4,0
SHog_SHW_01.18.2026_LS,SHW,6294,4677,4677,77.97,77.97,1,0.02,0.2174,0.2174,640.1,0
SHog_SHW_01.18.2026_LS,SHW,6348,8737,8740,145.65,145.7,2,0.07,0.2152,0.2152,5413.3,0
SHog_SHW_01.18.2026_LS,SHW,6328,6913,6922,115.24,115.39,4,0.17,0.2148,0.2148,755.5,0
SHog_SHW_01.18.2026_LS,SHW,6418,14859,14861,247.71,247.74,2,0.05,0.2115,0.2115,1916.9,0
SHog_SHW_01.18.2026_LS,SHW,6410,13559,13559,226.03,226.03,1,0.02,0.208,0.208,1059.8,0
SHog_SHW_01.18.2026_LS,SHW,6264,2052,2052,34.21,34.21,1,0.02,0.2068,0.2068,1337.1,0
SHog_SHW_01.18.2026_LS,SHW,6303,5305,5306,88.44,88.45,2,0.03,0.2066,0.2066,2321.0,0
SHog_SHW_01.18.2026_LS,SHW,6265,2486,2488,41.44,41.48,2,0.05,0.2044,0.2044,3925.9,0
SHog_SHW_01.18.2026_LS,SHW,6301,5217,5223,86.97,87.07,2,0.12,0.2016,0.2016,2655.0,0
SHog_SHW_01.18.2026_LS,SHW,6398,11909,11911,198.53,198.56,2,0.05,0.2011,0.2011,1025.6,0
SHog_SHW_01.18.2026_LS,SHW,6355,9221,9222,153.72,153.73,2,0.03,0.1996,0.1996,1429.2,0
SHog_SHW_01.18.2026_LS,SHW,6329,6915,6915,115.28,115.28,1,0.02,0.1968,0.1968,3448.3,0
SHog_SHW_01.18.2026_LS,SHW,6427,15524,15548,258.79,259.19,3,0.42,0.1964,0.1964,2018.6,0
SHog_SHW_01.18.2026_LS,SHW,6295,4773,4773,79.57,79.57,1,0.02,0.1922,0.1922,1606.9,0
SHog_SHW_01.18.2026_LS,SHW,6268,2729,2730,45.49,45.51,2,0.03,0.1839,0.1839,2827.6,0
SHog_SHW_01.18.2026_LS,SHW,6432,15685,15685,261.48,261.48,1,0.02,0.1838,0.1838,2980.4,0
SHog_SHW_01.18.2026_LS,SHW,6444,16211,16211,270.24,270.24,1,0.02,0.1795,0.1795,800.6,0
SHog_SHW_01.18.2026_LS,SHW,6272,3151,3152,52.53,52.55,2,0.03,0.1775,0.1775,4109.3,0
SHog_SHW_01.18.2026_LS,SHW,6406,12606,12606,210.15,210.15,1,0.02,0.1764,0.1764,2408.8,0
SHog_SHW_01.18.2026_LS,SHW,6375,10669,10669,177.86,177.86,1,0.02,0.1731,0.1731,1271.9,0
SHog_SHW_01.18.2026_LS,SHW,6285,4199,4199,70.0,70.0,1,0.02,0.1727,0.1727,537.2,0
SHog_SHW_01.18.2026_LS,SHW,6354,9217,9217,153.65,153.65,1,0.02,0.164,0.164,1648.3,0
SHog_SHW_01.18.2026_LS,SHW,6308,5576,5576,92.95,92.95,1,0.02,0.1639,0.1639,1208.5,0
SHog_SHW_01.18.2026_LS,SHW,6324,6601,6607,110.04,110.14,2,0.12,0.1638,0.1638,1297.7,0
SHog_SHW_01.18.2026_LS,SHW,6361,9891,9946,164.89,165.8,4,0.93,0.1621,0.1621,1702.3,0
SHog_SHW_01.18.2026_LS,SHW,6399,12010,12038,200.21,200.68,3,0.48,0.1593,0.1593,1242.4,0
SHog_SHW_01.18.2026_LS,SHW,6318,6199,6203,103.34,103.41,4,0.08,0.1589,0.1589,668.9,0
SHog_SHW_01.18.2026_LS,SHW,6386,11163,11164,186.09,186.11,2,0.03,0.1572,0.1572,1073.1,0
SHog_SHW_01.18.2026_LS,SHW,6352,9114,9114,151.93,151.93,1,0.02,0.1539,0.1539,728.0,0
SHog_SHW_01.18.2026_LS,SHW,6372,10594,10594,176.61,176.61,1,0.02,0.1537,0.1537,2163.4,0
SHog_SHW_01.18.2026_LS,SHW,6414,14319,14319,238.7,238.7,1,0.02,0.1531,0.1531,956.3,0
SHog_SHW_01.18.2026_LS,SHW,6306,5489,5489,91.5,91.5,1,0.02,0.1516,0.1516,2617.7,0
SHog_SHW_01.18.2026_LS,SHW,6441,15903,15903,265.11,265.11,1,0.02,0.1516,0.1516,600.2,0
SHog_SHW_01.18.2026_LS,SHW,6270,2978,2978,49.64,49.64,1,0.02,0.1513,0.1513,2301.0,0
SHog_SHW_01.18.2026_LS,SHW,6447,16656,16656,277.66,277.66,1,0.02,0.1504,0.1504,717.8,0
SHog_SHW_01.18.2026_LS,SHW,6278,3635,3635,60.6,60.6,1,0.02,0.1483,0.1483,4330.2,0
SHog_SHW_01.18.2026_LS,SHW,6377,10719,10719,178.69,178.69,1,0.02,0.1472,0.1472,2791.5,0
SHog_SHW_01.18.2026_LS,SHW,6364,10288,10295,171.51,171.62,2,0.13,0.1471,0.1471,1766.9,0
SHog_SHW_01.18.2026_LS,SHW,6446,16286,16286,271.5,271.5,1,0.02,0.1459,0.1459,4841.3,0
SHog_SHW_01.18.2026_LS,SHW,6439,15846,15848,264.16,264.19,3,0.05,0.1451,0.1451,1890.6,0
SHog_SHW_01.18.2026_LS,SHW,6288,4576,4580,76.28,76.35,2,0.08,0.1442,0.1442,1056.2,0
SHog_SHW_01.18.2026_LS,SHW,6314,6002,6002,100.06,100.06,1,0.02,0.1441,0.1441,598.4,0
SHog_SHW_01.18.2026_LS,SHW,6336,7313,7313,121.91,121.91,1,0.02,0.1436,0.1436,808.0,0
SHog_SHW_01.18.2026_LS,SHW,6437,15759,15759,262.71,262.71,1,0.02,0.1428,0.1428,955.1,0
SHog_SHW_01.18.2026_LS,SHW,6287,4330,4331,72.18,72.2,2,0.03,0.1427,0.1427,577.7,0
SHog_SHW_01.18.2026_LS,SHW,6340,7650,7650,127.53,127.53,1,0.02,0.1413,0.1413,1974.2,0
SHog_SHW_01.18.2026_LS,SHW,6383,11060,11070,184.38,184.54,4,0.18,0.1398,0.1398,3293.3,0
SHog_SHW_01.18.2026_LS,SHW,6358,9845,9845,164.12,164.12,1,0.02,0.1391,0.1391,2879.0,0
SHog_SHW_01.18.2026_LS,SHW,6325,6605,6606,110.11,110.13,2,0.03,0.1386,0.1386,1194.5,0
SHog_SHW_01.18.2026_LS,SHW,6326,6660,6660,111.03,111.03,1,0.02,0.1382,0.1382,446.8,0
SHog_SHW_01.18.2026_LS,SHW,6297,4835,4835,80.6,80.6,1,0.02,0.1379,0.1379,1373.5,0
SHog_SHW_01.18.2026_LS,SHW,6415,14591,14591,243.24,243.24,1,0.02,0.1376,0.1376,1376.8,0
SHog_SHW_01.18.2026_LS,SHW,6317,6195,6198,103.27,103.32,4,0.07,0.1373,0.1373,626.1,0
SHog_SHW_01.18.2026_LS,SHW,6298,5057,5057,84.3,84.3,1,0.02,0.137,0.137,1142.1,0
SHog_SHW_01.18.2026_LS,SHW,6353,9214,9214,153.6,153.6,1,0.02,0.1369,0.1369,1260.5,0
SHog_SHW_01.18.2026_LS,SHW,6362,9944,9944,165.77,165.77,1,0.02,0.1362,0.1362,2767.5,0
SHog_SHW_01.18.2026_LS,SHW,6397,11806,11806,196.81,196.81,1,0.02,0.1359,0.1359,1890.1,0
SHog_SHW_01.18.2026_LS,SHW,6319,6402,6405,106.72,106.77,2,0.07,0.1355,0.1355,510.8,0
SHog_SHW_01.18.2026_LS,SHW,6351,8947,8947,149.15,149.15,1,0.02,0.1348,0.1348,4813.3,0
SHog_SHW_01.18.2026_LS,SHW,6425,15427,15433,257.18,257.28,3,0.12,0.1343,0.1343,733.0,0
SHog_SHW_01.18.2026_LS,SHW,6422,15317,15317,255.34,255.34,1,0.02,0.1342,0.1342,1660.6,0
SHog_SHW_01.18.2026_LS,SHW,6330,6995,6995,116.61,116.61,1,0.02,0.1329,0.1329,2185.4,0
SHog_SHW_01.18.2026_LS,SHW,6333,7221,7225,120.38,120.44,2,0.08,0.1322,0.1322,1951.0,0
SHog_SHW_01.18.2026_LS,SHW,6443,15954,15954,265.96,265.96,1,0.02,0.1322,0.1322,2846.7,0
SHog_SHW_01.18.2026_LS,SHW,6382,11035,11035,183.96,183.96,1,0.02,0.1319,0.1319,589.7,0
SHog_SHW_01.18.2026_LS,SHW,6327,6900,6900,115.03,115.03,1,0.02,0.1307,0.1307,1573.4,0
SHog_SHW_01.18.2026_LS,SHW,6315,6147,6147,102.47,102.47,1,0.02,0.1299,0.1299,725.0,0
SHog_SHW_01.18.2026_LS,SHW,6379,10735,10735,178.96,178.96,1,0.02,0.1294,0.1294,2241.6,0
SHog_SHW_01.18.2026_LS,SHW,6405,12435,12435,207.3,207.3,1,0.02,0.1287,0.1287,1228.1,0
SHog_SHW_01.18.2026_LS,SHW,6260,1222,1222,20.37,20.37,1,0.02,0.1286,0.1286,1138.4,0
SHog_SHW_01.18.2026_LS,SHW,6407,13264,13265,221.12,221.13,2,0.03,0.1285,0.1285,1018.4,0
SHog_SHW_01.18.2026_LS,SHW,6282,3952,3952,65.88,65.88,1,0.02,0.1279,0.1279,801.3,0
SHog_SHW_01.18.2026_LS,SHW,6331,7152,7152,119.23,119.23,1,0.02,0.1276,0.1276,641.3,0
SHog_SHW_01.18.2026_LS,SHW,6273,3248,3248,54.15,54.15,1,0.02,0.127,0.127,3586.8,0
SHog_SHW_01.18.2026_LS,SHW,6267,2613,2613,43.56,43.56,1,0.02,0.1265,0.1265,1086.1,0
SHog_SHW_01.18.2026_LS,SHW,6271,3125,3125,52.1,52.1,1,0.02,0.1262,0.1262,4797.7,0
SHog_SHW_01.18.2026_LS,SHW,6323,6575,6576,109.61,109.62,2,0.03,0.1257,0.1257,843.0,0
SHog_SHW_01.18.2026_LS,SHW,6332,7173,7173,119.58,119.58,1,0.02,0.1256,0.1256,1248.8,0
SHog_SHW_01.18.2026_LS,SHW,6376,10711,10711,178.56,178.56,1,0.02,0.1231,0.1231,2266.7,0
SHog_SHW_01.18.2026_LS,SHW,6349,8740,8740,145.7,145.7,1,0.02,0.1218,0.1218,4001.9,0
SHog_SHW_01.18.2026_LS,SHW,6391,11600,11600,193.38,193.38,1,0.02,0.1214,0.1214,1478.3,0
SHog_SHW_01.18.2026_LS,SHW,6313,5834,5834,97.26,97.26,1,0.02,0.1206,0.1206,1248.6,0
SHog_SHW_01.18.2026_LS,SHW,6435,15720,15720,262.06,262.06,1,0.02,0.1203,0.1203,526.3,0
SHog_SHW_01.18.2026_LS,SHW,6401,12017,12017,200.33,200.33,1,0.02,0.1181,0.1181,1232.9,0
SHog_SHW_01.18.2026_LS,SHW,6276,3514,3514,58.58,58.58,1,0.02,0.1141,0.1141,763.3,0
SHog_SHW_01.18.2026_LS,SHW,6419,15091,15091,251.57,251.57,1,0.02,0.1138,0.1138,554.7,0
SHog_SHW_01.18.2026_LS,SHW,6434,15700,15700,261.73,261.73,1,0.02,0.1123,0.1123,596.1,0
SHog_SHW_01.18.2026_LS,SHW,6400,12013,12013,200.26,200.26,1,0.02,0.1117,0.1117,1971.7,0
SHog_SHW_01.18.2026_LS,SHW,6257,714,714,11.9,11.9,1,0.02,0.1114,0.1114,651.5,0
SHog_SHW_01.18.2026_LS,SHW,6284,4185,4185,69.77,69.77,1,0.02,0.1106,0.1106,2702.6,0
SHog_SHW_01.18.2026_LS,SHW,6310,5681,5681,94.7,94.7,1,0.02,0.1101,0.1101,539.3,0
SHog_SHW_01.18.2026_LS,SHW,6426,15477,15477,258.01,258.01,1,0.02,0.1099,0.1099,725.0,0
SHog_SHW_01.18.2026_LS,SHW,6360,9888,9888,164.84,164.84,1,0.02,0.1098,0.1098,1632.9,0
SHog_SHW_01.18.2026_LS,SHW,6385,11145,11145,185.79,185.79,1,0.02,0.1097,0.1097,1166.9,0
SHog_SHW_01.18.2026_LS,SHW,6292,4670,4670,77.85,77.85,1,0.02,0.1096,0.1096,1219.6,0
SHog_SHW_01.18.2026_LS,SHW,6381,10926,10926,182.14,182.14,1,0.02,0.1095,0.1095,4020.1,0
SHog_SHW_01.18.2026_LS,SHW,6320,6489,6491,108.17,108.21,3,0.05,0.1084,0.1084,729.4,0
SHog_SHW_01.18.2026_LS,SHW,6393,11668,11668,194.51,194.51,1,0.02,0.1082,0.1082,817.0,0
SHog_SHW_01.18.2026_LS,SHW,6281,3853,3853,64.23,64.23,1,0.02,0.1076,0.1076,3964.1,0
SHog_SHW_01.18.2026_LS,SHW,6296,4773,4773,79.57,79.57,1,0.02,0.1074,0.1074,2047.3,0
SHog_SHW_01.18.2026_LS,SHW,6416,14610,14610,243.56,243.56,1,0.02,0.1057,0.1057,2095.0,0
SHog_SHW_01.18.2026_LS,SHW,6428,15524,15524,258.79,258.79,1,0.02,0.1056,0.1056,1186.4,0
SHog_SHW_01.18.2026_LS,SHW,6396,11781,11781,196.39,196.39,1,0.02,0.1048,0.1048,2496.0,0
SHog_SHW_01.18.2026_LS,SHW,6366,10415,10415,173.62,173.62,1,0.02,0.1034,0.1034,875.1,0
SHog_SHW_01.18.2026_LS,SHW,6344,8586,8586,143.13,143.13,1,0.02,0.1029,0.1029,1098.4,0
SHog_SHW_01.18.2026_LS,SHW,6279,3674,3674,61.25,61.25,1,0.02,0.1027,0.1027,1248.2,0
SHog_SHW_01.18.2026_LS,SHW,6335,7289,7289,121.51,121.51,1,0.02,0.1026,0.1026,1384.2,0
SHog_SHW_01.18.2026_LS,SHW,6389,11490,11490,191.54,191.54,1,0.02,0.1021,0.1021,1172.2,0
SHog_SHW_01.18.2026_LS,SHW,6403,12345,12345,205.8,205.8,1,0.02,0.1018,0.1018,1699.4,0
SHog_SHW_01.18.2026_LS,SHW,6291,4644,4645,77.42,77.43,2,0.03,0.1015,0.1015,873.9,0
UpperRichland_SHW_01.18.2026_LS,SHW,5311,1780,1801,29.81,30.17,20,0.37,0.6031,0.6987,1915.3,1
UpperRichland_SHW_01.18.2026_LS,SHW,6676,4738,4738,79.36,79.36,1,0.02,0.649,0.649,607.7,0
UpperRichland_SHW_01.18.2026_LS,SHW,5525,8127,8128,136.12,136.14,2,0.03,0.5665,0.5665,764.3,0
UpperRichland_SHW_01.18.2026_LS,SHW,5296,1013,1014,16.97,16.98,2,0.03,0.5646,0.5646,2031.3,0
UpperRichland_SHW_01.18.2026_LS,SHW,5291,936,936,15.68,15.68,1,0.02,0.557,0.557,1293.4,0
UpperRichland_SHW_01.18.2026_LS,SHW,6689,5359,5390,89.76,90.28,3,0.54,0.5351,0.5351,853.1,0
UpperRichland_SHW_01.18.2026_LS,SHW,5303,1345,1345,22.53,22.53,1,0.02,0.5319,0.5319,3031.0,0
UpperRichland_SHW_01.18.2026_LS,SHW,6744,7711,7711,129.16,129.16,1,0.02,0.5315,0.5315,1525.3,0
UpperRichland_SHW_01.18.2026_LS,SHW,5563,9013,9014,150.97,150.98,2,0.03,0.528,0.528,1147.1,0
UpperRichland_SHW_01.18.2026_LS,SHW,5533,8374,8380,140.26,140.36,5,0.12,0.5174,0.5174,663.4,0
UpperRichland_SHW_01.18.2026_LS,SHW,5407,4602,4604,77.08,77.12,3,0.05,0.5157,0.5157,864.0,0
UpperRichland_SHW_01.18.2026_LS,SHW,6693,5429,5429,90.93,90.93,1,0.02,0.4901,0.4901,1019.6,0
UpperRichland_SHW_01.18.2026_LS,SHW,5433,5238,5238,87.73,87.73,1,0.02,0.4874,0.4874,1448.5,0
UpperRichland_SHW_01.18.2026_LS,SHW,6682,5237,5237,87.72,87.72,1,0.02,0.4767,0.4767,1457.4,0
UpperRichland_SHW_01.18.2026_LS,SHW,6690,5363,5363,89.83,89.83,1,0.02,0.472,0.472,1145.6,0
UpperRichland_SHW_01.18.2026_LS,SHW,5559,8999,8999,150.73,150.73,1,0.02,0.4441,0.4441,572.0,0
UpperRichland_SHW_01.18.2026_LS,SHW,6625,3312,3328,55.48,55.74,2,0.28,0.4428,0.4428,1049.2,0
UpperRichland_SHW_01.18.2026_LS,SHW,6683,5247,5247,87.89,87.89,1,0.02,0.4261,0.4261,2600.6,0
UpperRichland_SHW_01.18.2026_LS,SHW,5454,5540,5540,92.79,92.79,1,0.02,0.4147,0.4147,786.4,0
UpperRichland_SHW_01.18.2026_LS,SHW,5446,5391,5391,90.3,90.3,1,0.02,0.4031,0.4031,895.9,0
UpperRichland_SHW_01.18.2026_LS,SHW,6568,318,319,5.33,5.34,2,0.03,0.4006,0.4006,2117.5,0
UpperRichland_SHW_01.18.2026_LS,SHW,6729,7325,7325,122.69,122.69,1,0.02,0.3869,0.3869,769.6,0
UpperRichland_SHW_01.18.2026_LS,SHW,6602,2457,2457,41.15,41.15,1,0.02,0.3859,0.3859,875.8,0
UpperRichland_SHW_01.18.2026_LS,SHW,6657,4465,4472,74.79,74.9,2,0.13,0.3649,0.3649,659.6,0
UpperRichland_SHW_01.18.2026_LS,SHW,6577,935,937,15.66,15.69,2,0.05,0.3629,0.3629,1060.5,0
UpperRichland_SHW_01.18.2026_LS,SHW,5519,8082,8082,135.37,135.37,1,0.02,0.3604,0.3604,1041.2,0
UpperRichland_SHW_01.18.2026_LS,SHW,6641,3990,3990,66.83,66.83,1,0.02,0.3595,0.3595,1544.8,0
UpperRichland_SHW_01.18.2026_LS,SHW,6609,2789,2789,46.71,46.71,1,0.02,0.352,0.352,2046.0,0
UpperRichland_SHW_01.18.2026_LS,SHW,6736,7463,7463,125.0,125.0,1,0.02,0.3503,0.3503,1931.1,0
UpperRichland_SHW_01.18.2026_LS,SHW,6672,4654,4658,77.95,78.02,3,0.08,0.35,0.35,715.9,0
UpperRichland_SHW_01.18.2026_LS,SHW,6564,40,40,0.67,0.67,1,0.02,0.3483,0.3483,1688.5,0
UpperRichland_SHW_01.18.2026_LS,SHW,6621,3189,3195,53.41,53.52,2,0.12,0.3455,0.3455,1212.3,0
UpperRichland_SHW_01.18.2026_LS,SHW,6691,5390,5390,90.28,90.28,1,0.02,0.3331,0.3331,833.0,0
UpperRichland_SHW_01.18.2026_LS,SHW,6775,8861,8862,148.42,148.44,2,0.03,0.3323,0.3323,2451.6,0
UpperRichland_SHW_01.18.2026_LS,SHW,6669,4648,4660,77.85,78.05,8,0.22,0.2598,0.3266,822.0,0
UpperRichland_SHW_01.18.2026_LS,SHW,6755,8081,8085,135.35,135.42,2,0.08,0.3131,0.3131,928.1,0
UpperRichland_SHW_01.18.2026_LS,SHW,6662,4510,4512,75.54,75.57,3,0.05,0.3125,0.3125,542.0,0
UpperRichland_SHW_01.18.2026_LS,SHW,6774,8839,8841,148.05,148.08,3,0.05,0.3114,0.3114,819.1,0
UpperRichland_SHW_01.18.2026_LS,SHW,6637,3827,3827,64.1,64.1,1,0.02,0.3056,0.3056,638.6,0
UpperRichland_SHW_01.18.2026_LS,SHW,6756,8121,8135,136.02,136.26,9,0.25,0.2276,0.3049,821.9,0
UpperRichland_SHW_01.18.2026_LS,SHW,6745,7772,7773,130.18,130.2,2,0.03,0.3047,0.3047,1713.7,0
UpperRichland_SHW_01.18.2026_LS,SHW,6612,2881,2884,48.26,48.31,4,0.07,0.3008,0.3008,1709.8,0
UpperRichland_SHW_01.18.2026_LS,SHW,6670,4650,4673,77.89,78.27,5,0.4,0.3002,0.3002,783.6,0
UpperRichland_SHW_01.18.2026_LS,SHW,6743,7659,7660,128.29,128.3,2,0.03,0.2982,0.2982,1198.7,0
UpperRichland_SHW_01.18.2026_LS,SHW,6702,5675,5675,95.05,95.05,1,0.02,0.2955,0.2955,641.2,0
UpperRichland_SHW_01.18.2026_LS,SHW,6635,3707,3707,62.09,62.09,1,0.02,0.2914,0.2914,574.5,0
UpperRichland_SHW_01.18.2026_LS,SHW,6753,8007,8009,134.11,134.15,2,0.05,0.2889,0.2889,859.9,0
UpperRichland_SHW_01.18.2026_LS,SHW,6717,6171,6171,103.36,103.36,1,0.02,0.2862,0.2862,1961.9,0
UpperRichland_SHW_01.18.2026_LS,SHW,6574,869,871,14.56,14.59,3,0.05,0.279,0.279,1615.3,0
UpperRichland_SHW_01.18.2026_LS,SHW,6654,4378,4379,73.33,73.35,2,0.03,0.2789,0.2789,1339.9,0
UpperRichland_SHW_01.18.2026_LS,SHW,6778,8997,9012,150.7,150.95,6,0.27,0.2665,0.2789,706.3,0
UpperRichland_SHW_01.18.2026_LS,SHW,6580,1011,1012,16.93,16.95,2,0.03,0.277,0.277,2259.2,0
UpperRichland_SHW_01.18.2026_LS,SHW,6666,4557,4605,76.33,77.13,7,0.82,0.2279,0.2762,861.6,0
UpperRichland_SHW_01.18.2026_LS,SHW,6569,367,379,6.15,6.35,3,0.22,0.2732,0.2732,2377.1,0
UpperRichland_SHW_01.18.2026_LS,SHW,6644,4197,4203,70.3,70.4,6,0.12,0.2611,0.2727,790.4,0
UpperRichland_SHW_01.18.2026_LS,SHW,6723,6743,6749,112.94,113.04,5,0.12,0.2724,0.2724,652.0,0
UpperRichland_SHW_01.18.2026_LS,SHW,6760,8309,8309,139.17,139.17,1,0.02,0.2718,0.2718,356.7,0
UpperRichland_SHW_01.18.2026_LS,SHW,6596,1807,1836,30.27,30.75,5,0.5,0.2697,0.2697,961.2,0
UpperRichland_SHW_01.18.2026_LS,SHW,6658,4482,4482,75.07,75.07,1,0.02,0.2669,0.2669,605.3,0
UpperRichland_SHW_01.18.2026_LS,SHW,6645,4202,4204,70.38,70.42,3,0.05,0.2667,0.2667,775.4,0
UpperRichland_SHW_01.18.2026_LS,SHW,6622,3196,3197,53.53,53.55,2,0.03,0.2649,0.2649,564.3,0
UpperRichland_SHW_01.18.2026_LS,SHW,6764,8464,8465,141.77,141.79,2,0.03,0.2645,0.2645,1162.7,0
UpperRichland_SHW_01.18.2026_LS,SHW,6589,1344,1344,22.51,22.51,1,0.02,0.2636,0.2636,3111.8,0
UpperRichland_SHW_01.18.2026_LS,SHW,6594,1777,1779,29.76,29.8,2,0.05,0.2633,0.2633,1501.6,0
UpperRichland_SHW_01.18.2026_LS,SHW,6617,3069,3108,51.4,52.06,5,0.67,0.2613,0.2613,1119.8,0
UpperRichland_SHW_01.18.2026_LS,SHW,6675,4730,4730,79.23,79.23,1,0.02,0.2585,0.2585,372.0,0
UpperRichland_SHW_01.18.2026_LS,SHW,6686,5310,5314,88.94,89.01,3,0.08,0.2582,0.2582,1389.6,0
UpperRichland_SHW_01.18.2026_LS,SHW,6620,3179,3199,53.25,53.58,2,0.35,0.2566,0.2566,1339.1,0
UpperRichland_SHW_01.18.2026_LS,SHW,6724,6770,6770,113.4,113.4,1,0.02,0.2558,0.2558,940.7,0
UpperRichland_SHW_01.18.2026_LS,SHW,6566,183,197,3.07,3.3,8,0.25,0.2094,0.254,977.2,0
UpperRichland_SHW_01.18.2026_LS,SHW,6592,1605,1605,26.88,26.88,1,0.02,0.2511,0.2511,1405.4,0
UpperRichland_SHW_01.18.2026_LS,SHW,6643,4125,4131,69.09,69.19,6,0.12,0.2296,0.2471,1028.8,0
UpperRichland_SHW_01.18.2026_LS,SHW,6695,5472,5491,91.65,91.97,4,0.33,0.2469,0.2469,1191.8,0
UpperRichland_SHW_01.18.2026_LS,SHW,6651,4355,4355,72.94,72.94,1,0.02,0.2451,0.2451,1059.3,0
UpperRichland_SHW_01.18.2026_LS,SHW,6668,4595,4610,76.96,77.22,9,0.27,0.19,0.2434,834.2,0
UpperRichland_SHW_01.18.2026_LS,SHW,6680,5040,5040,84.42,84.42,1,0.02,0.24,0.24,1340.1,0
UpperRichland_SHW_01.18.2026_LS,SHW,6696,5476,5495,91.72,92.04,3,0.33,0.2367,0.2367,1098.6,0
UpperRichland_SHW_01.18.2026_LS,SHW,6765,8502,8502,142.41,142.41,1,0.02,0.2348,0.2348,1744.9,0
UpperRichland_SHW_01.18.2026_LS,SHW,6694,5454,5480,91.35,91.79,2,0.45,0.2342,0.2342,930.1,0
UpperRichland_SHW_01.18.2026_LS,SHW,6576,932,932,15.61,15.61,1,0.02,0.2339,0.2339,837.1,0
UpperRichland_SHW_01.18.2026_LS,SHW,6771,8559,8561,143.36,143.39,2,0.05,0.2335,0.2335,653.3,0
UpperRichland_SHW_01.18.2026_LS,SHW,6616,3067,3067,51.37,51.37,1,0.02,0.2332,0.2332,971.1,0
UpperRichland_SHW_01.18.2026_LS,SHW,6726,7089,7091,118.74,118.77,2,0.05,0.2331,0.2331,1135.9,0
UpperRichland_SHW_01.18.2026_LS,SHW,6751,7973,7973,133.55,133.55,1,0.02,0.2324,0.2324,1242.9,0
UpperRichland_SHW_01.18.2026_LS,SHW,6747,7872,7873,131.85,131.87,2,0.03,0.2321,0.2321,1033.5,0
UpperRichland_SHW_01.18.2026_LS,SHW,6698,5539,5562,92.78,93.16,4,0.4,0.2313,0.2313,883.4,0
UpperRichland_SHW_01.18.2026_LS,SHW,6718,6292,6292,105.39,105.39,1,0.02,0.2309,0.2309,685.5,0
UpperRichland_SHW_01.18.2026_LS,SHW,6750,7970,7979,133.5,133.65,2,0.17,0.2292,0.2292,1146.3,0
UpperRichland_SHW_01.18.2026_LS,SHW,6706,5889,5890,98.64,98.66,2,0.03,0.2289,0.2289,1655.4,0
UpperRichland_SHW_01.18.2026_LS,SHW,6707,5915,5917,99.07,99.11,2,0.05,0.2275,0.2275,864.5,0
UpperRichland_SHW_01.18.2026_LS,SHW,6579,981,985,16.43,16.5,2,0.08,0.2272,0.2272,1156.8,0
UpperRichland_SHW_01.18.2026_LS,SHW,6671,4652,4652,77.92,77.92,1,0.02,0.2266,0.2266,981.6,0
UpperRichland_SHW_01.18.2026_LS,SHW,6732,7404,7408,124.01,124.08,5,0.08,0.2249,0.2249,769.3,0
UpperRichland_SHW_01.18.2026_LS,SHW,6719,6388,6401,107.0,107.21,3,0.23,0.2239,0.2239,561.2,0
UpperRichland_SHW_01.18.2026_LS,SHW,6762,8371,8385,140.21,140.45,7,0.25,0.1977,0.2236,694.4,0
UpperRichland_SHW_01.18.2026_LS,SHW,6661,4507,4510,75.49,75.54,4,0.07,0.2207,0.2207,404.0,0
UpperRichland_SHW_01.18.2026_LS,SHW,6572,767,767,12.85,12.85,1,0.02,0.2128,0.2128,2112.2,0
UpperRichland_SHW_01.18.2026_LS,SHW,6618,3137,3144,52.54,52.66,4,0.13,0.2111,0.2111,1037.9,0
UpperRichland_SHW_01.18.2026_LS,SHW,6685,5307,5307,88.89,88.89,1,0.02,0.2095,0.2095,874.9,0
UpperRichland_SHW_01.18.2026_LS,SHW,6700,5608,5617,93.93,94.08,3,0.17,0.2095,0.2095,772.3,0
UpperRichland_SHW_01.18.2026_LS,SHW,6769,8530,8540,142.87,143.04,7,0.18,0.1856,0.209,1123.9,0
UpperRichland_SHW_01.18.2026_LS,SHW,6746,7839,7840,131.3,131.32,2,0.03,0.2061,0.2061,708.1,0
UpperRichland_SHW_01.18.2026_LS,SHW,6730,7364,7365,123.34,123.36,2,0.03,0.2057,0.2057,1406.3,0
UpperRichland_SHW_01.18.2026_LS,SHW,6623,3198,3198,53.57,53.57,1,0.02,0.2052,0.2052,1888.4,0
UpperRichland_SHW_01.18.2026_LS,SHW,6688,5354,5374,89.68,90.01,5,0.35,0.2051,0.2051,1015.7,0
UpperRichland_SHW_01.18.2026_LS,SHW,6767,8518,8520,142.67,142.71,2,0.05,0.2042,0.2042,1035.7,0
UpperRichland_SHW_01.18.2026_LS,SHW,6614,2985,2985,50.0,50.0,1,0.02,0.2013,0.2013,2823.2,0
UpperRichland_SHW_01.18.2026_LS,SHW,6678,4853,4855,81.29,81.32,2,0.05,0.2008,0.2008,596.7,0
UpperRichland_SHW_01.18.2026_LS,SHW,6664,4554,4561,76.28,76.4,3,0.13,0.2007,0.2007,683.0,0
UpperRichland_SHW_01.18.2026_LS,SHW,6713,6090,6090,102.01,102.01,1,0.02,0.2006,0.2006,700.8,0
UpperRichland_SHW_01.18.2026_LS,SHW,6611,2827,2827,47.35,47.35,1,0.02,0.2003,0.2003,1097.5,0
UpperRichland_SHW_01.18.2026_LS,SHW,6590,1383,1385,23.16,23.2,2,0.05,0.1971,0.1971,1622.4,0
UpperRichland_SHW_01.18.2026_LS,SHW,6720,6588,6609,110.35,110.7,4,0.37,0.1957,0.1957,941.1,0
UpperRichland_SHW_01.18.2026_LS,SHW,6737,7466,7466,125.05,125.05,1,0.02,0.1956,0.1956,1011.2,0
UpperRichland_SHW_01.18.2026_LS,SHW,6639,3920,3952,65.66,66.19,21,0.55,0.1316,0.194,1111.6,0
UpperRichland_SHW_01.18.2026_LS,SHW,6659,4498,4498,75.34,75.34,1,0.02,0.194,0.194,747.1,0
UpperRichland_SHW_01.18.2026_LS,SHW,6607,2744,2776,45.96,46.5,6,0.55,0.1823,0.1935,1357.8,0
UpperRichland_SHW_01.18.2026_LS,SHW,6734,7450,7475,124.79,125.2,2,0.44,0.1925,0.1925,1020.4,0
UpperRichland_SHW_01.18.2026_LS,SHW,6601,2438,2440,40.84,40.87,3,0.05,0.1917,0.1917,637.8,0
UpperRichland_SHW_01.18.2026_LS,SHW,6640,3975,3975,66.58,66.58,1,0.02,0.191,0.191,869.1,0
UpperRichland_SHW_01.18.2026_LS,SHW,6626,3342,3349,55.98,56.09,4,0.13,0.1905,0.1905,1637.4,0
UpperRichland_SHW_01.18.2026_LS,SHW,6595,1802,1820,30.18,30.48,2,0.32,0.1893,0.1893,3082.9,0
UpperRichland_SHW_01.18.2026_LS,SHW,6712,6056,6056,101.44,101.44,1,0.02,0.1885,0.1885,1651.2,0
UpperRichland_SHW_01.18.2026_LS,SHW,6567,207,207,3.47,3.47,1,0.02,0.1856,0.1856,1098.6,0
UpperRichland_SHW_01.18.2026_LS,SHW,6571,670,704,11.22,11.79,4,0.59,0.1856,0.1856,1720.1,0
UpperRichland_SHW_01.18.2026_LS,SHW,6740,7558,7560,126.59,126.63,2,0.05,0.1844,0.1844,1069.6,0
UpperRichland_SHW_01.18.2026_LS,SHW,6581,1018,1018,17.05,17.05,1,0.02,0.1842,0.1842,826.5,0
UpperRichland_SHW_01.18.2026_LS,SHW,6648,4254,4278,71.25,71.66,2,0.42,0.1831,0.1831,1022.0,0
UpperRichland_SHW_01.18.2026_LS,SHW,6603,2519,2519,42.19,42.19,1,0.02,0.1803,0.1803,1882.1,0
UpperRichland_SHW_01.18.2026_LS,SHW,6652,4356,4356,72.96,72.96,1,0.02,0.1799,0.1799,763.8,0
UpperRichland_SHW_01.18.2026_LS,SHW,6758,8147,8182,136.46,137.05,4,0.6,0.1789,0.1789,610.3,0
UpperRichland_SHW_01.18.2026_LS,SHW,6630,3403,3403,57.0,57.0,1,0.02,0.1788,0.1788,1248.4,0
UpperRichland_SHW_01.18.2026_LS,SHW,6588,1334,1338,22.34,22.41,3,0.08,0.1773,0.1773,1239.8,0
UpperRichland_SHW_01.18.2026_LS,SHW,6768,8520,8522,142.71,142.74,2,0.05,0.1772,0.1772,736.7,0
UpperRichland_SHW_01.18.2026_LS,SHW,6593,1637,1637,27.42,27.42,1,0.02,0.1755,0.1755,1300.4,0
UpperRichland_SHW_01.18.2026_LS,SHW,6741,7590,7590,127.13,127.13,1,0.02,0.1735,0.1735,2086.4,0
UpperRichland_SHW_01.18.2026_LS,SHW,6663,4515,4517,75.62,75.66,2,0.05,0.1734,0.1734,980.9,0
UpperRichland_SHW_01.18.2026_LS,SHW,6757,8123,8125,136.06,136.09,2,0.05,0.172,0.172,1052.2,0
UpperRichland_SHW_01.18.2026_LS,SHW,6728,7290,7290,122.11,122.11,1,0.02,0.1701,0.1701,543.0,0
UpperRichland_SHW_01.18.2026_LS,SHW,6573,782,782,13.1,13.1,1,0.02,0.1695,0.1695,579.8,0
UpperRichland_SHW_01.18.2026_LS,SHW,6776,8938,8939,149.71,149.73,2,0.03,0.1679,0.1679,600.1,0
UpperRichland_SHW_01.18.2026_LS,SHW,6766,8512,8517,142.57,142.66,3,0.1,0.1665,0.1665,994.0,0
UpperRichland_SHW_01.18.2026_LS,SHW,6704,5748,5748,96.28,96.28,1,0.02,0.1664,0.1664,693.3,0
UpperRichland_SHW_01.18.2026_LS,SHW,6681,5090,5094,85.26,85.32,2,0.08,0.1629,0.1629,937.8,0
UpperRichland_SHW_01.18.2026_LS,SHW,6777,8943,8943,149.79,149.79,1,0.02,0.1628,0.1628,304.0,0
UpperRichland_SHW_01.18.2026_LS,SHW,6649,4302,4302,72.06,72.06,1,0.02,0.1615,0.1615,830.2,0
UpperRichland_SHW_01.18.2026_LS,SHW,6656,4440,4441,74.37,74.39,2,0.03,0.1608,0.1608,548.2,0
UpperRichland_SHW_01.18.2026_LS,SHW,6583,1114,1143,18.66,19.14,3,0.5,0.1599,0.1599,2035.4,0
UpperRichland_SHW_01.18.2026_LS,SHW,6739,7536,7536,126.23,126.23,1,0.02,0.1588,0.1588,979.1,0
UpperRichland_SHW_01.18.2026_LS,SHW,6591,1554,1566,26.03,26.23,3,0.22,0.1574,0.1574,1089.3,0
UpperRichland_SHW_01.18.2026_LS,SHW,6673,4655,4657,77.97,78.0,2,0.05,0.1572,0.1572,589.6,0
UpperRichland_SHW_01.18.2026_LS,SHW,6598,1986,1987,33.26,33.28,2,0.03,0.1571,0.1571,951.5,0
UpperRichland_SHW_01.18.2026_LS,SHW,6582,1090,1090,18.26,18.26,1,0.02,0.1569,0.1569,638.5,0
UpperRichland_SHW_01.18.2026_LS,SHW,6634,3697,3697,61.92,61.92,1,0.02,0.1547,0.1547,1123.3,0
UpperRichland_SHW_01.18.2026_LS,SHW,6705,5819,5819,97.47,97.47,1,0.02,0.1542,0.1542,691.9,0
UpperRichland_SHW_01.18.2026_LS,SHW,6715,6156,6156,103.11,103.11,1,0.02,0.1533,0.1533,695.3,0
UpperRichland_SHW_01.18.2026_LS,SHW,6647,4228,4228,70.82,70.82,1,0.02,0.1531,0.1531,1020.6,0
UpperRichland_SHW_01.18.2026_LS,SHW,6697,5517,5570,92.41,93.3,4,0.9,0.1519,0.1519,959.0,0
UpperRichland_SHW_01.18.2026_LS,SHW,6721,6660,6665,111.55,111.64,3,0.1,0.1499,0.1499,559.7,0
UpperRichland_SHW_01.18.2026_LS,SHW,6633,3683,3696,61.69,61.91,3,0.23,0.1491,0.1491,1595.4,0
UpperRichland_SHW_01.18.2026_LS,SHW,6731,7364,7365,123.34,123.36,2,0.03,0.1488,0.1488,808.3,0
UpperRichland_SHW_01.18.2026_LS,SHW,6628,3394,3394,56.85,56.85,1,0.02,0.1476,0.1476,1453.2,0
UpperRichland_SHW_01.18.2026_LS,SHW,6631,3500,3501,58.62,58.64,2,0.03,0.1458,0.1458,871.4,0
UpperRichland_SHW_01.18.2026_LS,SHW,6660,4506,4506,75.47,75.47,1,0.02,0.1453,0.1453,1302.0,0
UpperRichland_SHW_01.18.2026_LS,SHW,6629,3394,3413,56.85,57.17,5,0.33,0.145,0.145,1181.8,0
UpperRichland_SHW_01.18.2026_LS,SHW,6687,5314,5314,89.01,89.01,1,0.02,0.1433,0.1433,1468.3,0
UpperRichland_SHW_01.18.2026_LS,SHW,6763,8373,8373,140.25,140.25,1,0.02,0.1433,0.1433,956.5,0
UpperRichland_SHW_01.18.2026_LS,SHW,6636,3773,3774,63.2,63.21,2,0.03,0.1432,0.1432,1545.6,0
UpperRichland_SHW_01.18.2026_LS,SHW,6748,7896,7904,132.26,132.39,5,0.15,0.143,0.143,1126.8,0
UpperRichland_SHW_01.18.2026_LS,SHW,6699,5597,5622,93.75,94.17,2,0.44,0.1424,0.1424,822.9,0
UpperRichland_SHW_01.18.2026_LS,SHW,6604,2574,2574,43.11,43.11,1,0.02,0.1421,0.1421,1405.5,0
UpperRichland_SHW_01.18.2026_LS,SHW,6752,7992,7994,133.86,133.9,2,0.05,0.141,0.141,3145.5,0
UpperRichland_SHW_01.18.2026_LS,SHW,6711,6035,6037,101.08,101.12,3,0.05,0.1409,0.1409,1074.9,0
UpperRichland_SHW_01.18.2026_LS,SHW,6722,6664,6664,111.62,111.62,1,0.02,0.1408,0.1408,854.3,0
UpperRichland_SHW_01.18.2026_LS,SHW,6770,8534,8534,142.94,142.94,1,0.02,0.1406,0.1406,544.4,0
UpperRichland_SHW_01.18.2026_LS,SHW,6677,4749,4749,79.54,79.54,1,0.02,0.1394,0.1394,892.7,0
UpperRichland_SHW_01.18.2026_LS,SHW,6632,3551,3553,59.48,59.51,3,0.05,0.139,0.139,1287.4,0
UpperRichland_SHW_01.18.2026_LS,SHW,6761,8341,8341,139.71,139.71,1,0.02,0.1383,0.1383,537.7,0
UpperRichland_SHW_01.18.2026_LS,SHW,6584,1121,1122,18.78,18.79,2,0.03,0.1379,0.1379,1443.9,0
UpperRichland_SHW_01.18.2026_LS,SHW,6600,2286,2287,38.29,38.31,2,0.03,0.1367,0.1367,1007.9,0
UpperRichland_SHW_01.18.2026_LS,SHW,6638,3854,3854,64.55,64.55,1,0.02,0.1358,0.1358,1098.1,0
UpperRichland_SHW_01.18.2026_LS,SHW,6586,1309,1309,21.93,21.93,1,0.02,0.1351,0.1351,3967.8,0
UpperRichland_SHW_01.18.2026_LS,SHW,6709,6007,6007,100.62,100.62,1,0.02,0.1344,0.1344,721.2,0
UpperRichland_SHW_01.18.2026_LS,SHW,6578,937,937,15.69,15.69,1,0.02,0.134,0.134,1556.5,0
UpperRichland_SHW_01.18.2026_LS,SHW,6684,5271,5283,88.29,88.49,3,0.22,0.1338,0.1338,802.8,0
UpperRichland_SHW_01.18.2026_LS,SHW,6714,6097,6098,102.12,102.14,2,0.03,0.1332,0.1332,878.6,0
UpperRichland_SHW_01.18.2026_LS,SHW,6703,5707,5707,95.59,95.59,1,0.02,0.1324,0.1324,1125.0,0
UpperRichland_SHW_01.18.2026_LS,SHW,6701,5631,5655,94.32,94.72,2,0.42,0.1321,0.1321,778.9,0
UpperRichland_SHW_01.18.2026_LS,SHW,6608,2784,2784,46.63,46.63,1,0.02,0.1319,0.1319,604.2,0
UpperRichland_SHW_01.18.2026_LS,SHW,6650,4307,4307,72.14,72.14,1,0.02,0.1318,0.1318,742.7,0
UpperRichland_SHW_01.18.2026_LS,SHW,6733,7419,7431,124.27,124.47,2,0.22,0.131,0.131,835.3,0
UpperRichland_SHW_01.18.2026_LS,SHW,6605,2677,2677,44.84,44.84,1,0.02,0.1299,0.1299,817.0,0
UpperRichland_SHW_01.18.2026_LS,SHW,6575,916,925,15.34,15.49,2,0.17,0.1289,0.1289,630.5,0
UpperRichland_SHW_01.18.2026_LS,SHW,6692,5404,5404,90.52,90.52,1,0.02,0.1276,0.1276,727.1,0
UpperRichland_SHW_01.18.2026_LS,SHW,6773,8736,8736,146.33,146.33,1,0.02,0.127,0.127,1023.0,0
UpperRichland_SHW_01.18.2026_LS,SHW,6599,2053,2053,34.39,34.39,1,0.02,0.1269,0.1269,1940.5,0
UpperRichland_SHW_01.18.2026_LS,SHW,6619,3151,3154,52.78,52.83,4,0.07,0.1239,0.1239,1360.9,0
UpperRichland_SHW_01.18.2026_LS,SHW,6735,7450,7450,124.79,124.79,1,0.02,0.1236,0.1236,850.4,0
UpperRichland_SHW_01.18.2026_LS,SHW,6563,33,33,0.55,0.55,1,0.02,0.1232,0.1232,2712.2,0
UpperRichland_SHW_01.18.2026_LS,SHW,6565,152,152,2.55,2.55,1,0.02,0.123,0.123,1473.7,0
UpperRichland_SHW_01.18.2026_LS,SHW,6708,5982,5982,100.2,100.2,1,0.02,0.1218,0.1218,959.7,0
UpperRichland_SHW_01.18.2026_LS,SHW,6624,3208,3208,53.73,53.73,1,0.02,0.1194,0.1194,871.1,0
UpperRichland_SHW_01.18.2026_LS,SHW,6655,4410,4410,73.87,73.87,1,0.02,0.119,0.119,498.5,0
UpperRichland_SHW_01.18.2026_LS,SHW,6780,9169,9170,153.58,153.59,2,0.03,0.1187,0.1187,1383.6,0
UpperRichland_SHW_01.18.2026_LS,SHW,6570,459,459,7.69,7.69,1,0.02,0.1178,0.1178,1139.2,0
UpperRichland_SHW_01.18.2026_LS,SHW,6738,7531,7531,126.14,126.14,1,0.02,0.1177,0.1177,1214.3,0
UpperRichland_SHW_01.18.2026_LS,SHW,6759,8307,8323,139.14,139.41,2,0.28,0.1171,0.1171,1325.6,0
UpperRichland_SHW_01.18.2026_LS,SHW,6642,4020,4025,67.33,67.42,3,0.1,0.117,0.117,609.5,0
UpperRichland_SHW_01.18.2026_LS,SHW,6627,3352,3353,56.15,56.16,2,0.03,0.1138,0.1138,1304.3,0
UpperRichland_SHW_01.18.2026_LS,SHW,6679,4894,4896,81.97,82.01,3,0.05,0.1138,0.1138,2218.3,0
UpperRichland_SHW_01.18.2026_LS,SHW,6587,1309,1309,21.93,21.93,1,0.02,0.1136,0.1136,1605.0,0
UpperRichland_SHW_01.18.2026_LS,SHW,6754,8009,8009,134.15,134.15,1,0.02,0.113,0.113,942.2,0
UpperRichland_SHW_01.18.2026_LS,SHW,6653,4366,4372,73.13,73.23,2,0.12,0.1129,0.1129,1292.8,0
UpperRichland_SHW_01.18.2026_LS,SHW,6615,3042,3042,50.95,50.95,1,0.02,0.1128,0.1128,704.8,0
UpperRichland_SHW_01.18.2026_LS,SHW,6742,7593,7593,127.18,127.18,1,0.02,0.1124,0.1124,788.9,0
UpperRichland_SHW_01.18.2026_LS,SHW,6585,1140,1149,19.09,19.25,2,0.17,0.1116,0.1116,564.4,0
UpperRichland_SHW_01.18.2026_LS,SHW,6667,4586,4586,76.81,76.81,1,0.02,0.109,0.109,504.4,0
UpperRichland_SHW_01.18.2026_LS,SHW,6716,6157,6157,103.13,103.13,1,0.02,0.1086,0.1086,1491.3,0
UpperRichland_SHW_01.18.2026_LS,SHW,6710,6015,6015,100.75,100.75,1,0.02,0.1067,0.1067,617.4,0
UpperRichland_SHW_01.18.2026_LS,SHW,6665,4554,4554,76.28,76.28,1,0.02,0.1062,0.1062,885.1,0
UpperRichland_SHW_01.18.2026_LS,SHW,6613,2906,2907,48.67,48.69,2,0.03,0.1056,0.1056,806.4,0
UpperRichland_SHW_01.18.2026_LS,SHW,6610,2824,2824,47.3,47.3,1,0.02,0.1055,0.1055,1319.9,0
UpperRichland_SHW_01.18.2026_LS,SHW,6606,2682,2699,44.92,45.21,2,0.3,0.1049,0.1049,1066.6,0
UpperRichland_SHW_01.18.2026_LS,SHW,6725,6911,6911,115.76,115.76,1,0.02,0.1046,0.1046,742.8,0
UpperRichland_SHW_01.18.2026_LS,SHW,6674,4683,4683,78.44,78.44,1,0.02,0.1045,0.1045,393.4,0
UpperRichland_SHW_01.18.2026_LS,SHW,6749,7897,7897,132.27,132.27,1,0.02,0.1039,0.1039,1027.3,0
UpperRichland_SHW_01.18.2026_LS,SHW,6772,8632,8632,144.58,144.58,1,0.02,0.103,0.103,2393.4,0
UpperRichland_SHW_01.18.2026_LS,SHW,6727,7231,7231,121.12,121.12,1,0.02,0.1023,0.1023,353.7,0
UpperRichland_SHW_01.18.2026_LS,SHW,6779,9051,9051,151.6,151.6,1,0.02,0.1021,0.1021,547.4,0
UpperRichland_SHW_01.18.2026_LS,SHW,6646,4216,4216,70.62,70.62,1,0.02,0.1012,0.1012,906.6,0
UpperRichland_SHW_01.18.2026_LS,SHW,6597,1870,1870,31.32,31.32,1,0.02,0.1005,0.1005,2183.5,0
EMarseilles_MAS_12.22.25_LS_V1,MAS,108,17460,17509,291.08,291.89,50,0.83,0.781,0.8497,8404.8,1
EMarseilles_MAS_12.22.25_LS_V1,MAS,1197,16435,16467,273.99,274.52,21,0.55,0.4789,0.6738,2092.2,1
EMarseilles_MAS_12.22.25_LS_V1,MAS,1207,17629,17663,293.9,294.46,22,0.58,0.3793,0.5429,1565.5,1
EMarseilles_MAS_12.22.25_LS_V1,MAS,116,17643,17643,294.13,294.13,1,0.02,0.6361,0.6361,2170.0,0
EMarseilles_MAS_12.22.25_LS_V1,MAS,77,16436,16436,274.01,274.01,1,0.02,0.6072,0.6072,1481.5,0
EMarseilles_MAS_12.22.25_LS_V1,MAS,84,16450,16452,274.24,274.27,3,0.05,0.6051,0.6051,2346.9,0
EMarseilles_MAS_12.22.25_LS_V1,MAS,128,17659,17659,294.4,294.4,1,0.02,0.5988,0.5988,1143.9,0
EMarseilles_MAS_12.22.25_LS_V1,MAS,111,17630,17638,293.91,294.05,2,0.15,0.5798,0.5798,1608.7,0
EMarseilles_MAS_12.22.25_LS_V1,MAS,83,16448,16448,274.21,274.21,1,0.02,0.5531,0.5531,2390.5,0
EMarseilles_MAS_12.22.25_LS_V1,MAS,112,17632,17635,293.95,294.0,4,0.07,0.4907,0.4907,1666.7,0
EMarseilles_MAS_12.22.25_LS_V1,MAS,1159,8452,8452,140.9,140.9,1,0.02,0.4904,0.4904,1166.6,0
EMarseilles_MAS_12.22.25_LS_V1,MAS,1201,16827,16828,280.52,280.54,2,0.03,0.4747,0.4747,1656.9,0
EMarseilles_MAS_12.22.25_LS_V1,MAS,1184,13828,13828,230.53,230.53,1,0.02,0.4494,0.4494,1541.1,0
EMarseilles_MAS_12.22.25_LS_V1,MAS,1149,6143,6143,102.41,102.41,1,0.02,0.4045,0.4045,1989.1,0
EMarseilles_MAS_12.22.25_LS_V1,MAS,1150,6159,6159,102.68,102.68,1,0.02,0.3942,0.3942,2305.2,0
EMarseilles_MAS_12.22.25_LS_V1,MAS,3,430,437,7.17,7.29,2,0.13,0.3739,0.3739,1960.7,0
EMarseilles_MAS_12.22.25_LS_V1,MAS,1205,17459,17459,291.06,291.06,1,0.02,0.3624,0.3624,2780.8,0
EMarseilles_MAS_12.22.25_LS_V1,MAS,1196,16171,16171,269.59,269.59,1,0.02,0.3548,0.3548,638.5,0
EMarseilles_MAS_12.22.25_LS_V1,MAS,16,1715,1716,28.59,28.61,2,0.03,0.3294,0.3294,716.8,0
EMarseilles_MAS_12.22.25_LS_V1,MAS,1131,429,441,7.15,7.35,2,0.22,0.3271,0.3271,2031.4,0
EMarseilles_MAS_12.22.25_LS_V1,MAS,1140,2556,2556,42.61,42.61,1,0.02,0.3136,0.3136,3248.2,0
EMarseilles_MAS_12.22.25_LS_V1,MAS,1137,2340,2341,39.01,39.03,2,0.03,0.3013,0.3013,2458.0,0
EMarseilles_MAS_12.22.25_LS_V1,MAS,1133,550,584,9.17,9.74,9,0.58,0.2155,0.2811,1462.3,0
EMarseilles_MAS_12.22.25_LS_V1,MAS,1165,10350,10350,172.55,172.55,1,0.02,0.2782,0.2782,1964.0,0
EMarseilles_MAS_12.22.25_LS_V1,MAS,1198,16527,16533,275.52,275.62,6,0.12,0.2388,0.2627,608.5,0
EMarseilles_MAS_12.22.25_LS_V1,MAS,1167,10801,10801,180.06,180.06,1,0.02,0.2589,0.2589,1105.2,0
EMarseilles_MAS_12.22.25_LS_V1,MAS,1146,5716,5720,95.29,95.36,2,0.08,0.2588,0.2588,2272.2,0
EMarseilles_MAS_12.22.25_LS_V1,MAS,1173,11410,11410,190.22,190.22,1,0.02,0.255,0.255,1384.1,0
EMarseilles_MAS_12.22.25_LS_V1,MAS,1166,10362,10363,172.75,172.76,2,0.03,0.2547,0.2547,1959.5,0
EMarseilles_MAS_12.22.25_LS_V1,MAS,1142,3054,3054,50.91,50.91,1,0.02,0.2541,0.2541,2640.5,0
EMarseilles_MAS_12.22.25_LS_V1,MAS,1171,11302,11302,188.42,188.42,1,0.02,0.2539,0.2539,1213.5,0
EMarseilles_MAS_12.22.25_LS_V1,MAS,1144,4132,4133,68.89,68.9,2,0.03,0.2524,0.2524,2270.1,0
EMarseilles_MAS_12.22.25_LS_V1,MAS,1164,10280,10287,171.38,171.5,2,0.13,0.2509,0.2509,3422.6,0
EMarseilles_MAS_12.22.25_LS_V1,MAS,1153,6352,6369,105.89,106.18,6,0.3,0.225,0.2471,2461.6,0
EMarseilles_MAS_12.22.25_LS_V1,MAS,1179,13259,13259,221.04,221.04,1,0.02,0.243,0.243,1594.4,0
EMarseilles_MAS_12.22.25_LS_V1,MAS,1203,16852,16852,280.94,280.94,1,0.02,0.2402,0.2402,438.8,0
EMarseilles_MAS_12.22.25_LS_V1,MAS,1191,15156,15156,252.67,252.67,1,0.02,0.2246,0.2246,1468.8,0
EMarseilles_MAS_12.22.25_LS_V1,MAS,1194,15943,15943,265.79,265.79,1,0.02,0.2244,0.2244,1529.6,0
EMarseilles_MAS_12.22.25_LS_V1,MAS,1157,7876,7876,131.3,131.3,1,0.02,0.221,0.221,791.4,0
EMarseilles_MAS_12.22.25_LS_V1,MAS,1192,15526,15526,258.84,258.84,1,0.02,0.2097,0.2097,803.1,0
EMarseilles_MAS_12.22.25_LS_V1,MAS,1180,13376,13384,222.99,223.13,2,0.15,0.2092,0.2092,998.9,0
EMarseilles_MAS_12.22.25_LS_V1,MAS,1134,555,565,9.25,9.42,6,0.18,0.1905,0.2084,1071.9,0
EMarseilles_MAS_12.22.25_LS_V1,MAS,1176,12639,12643,210.71,210.77,3,0.08,0.2052,0.2052,2280.2,0
EMarseilles_MAS_12.22.25_LS_V1,MAS,1172,11403,11404,190.1,190.12,2,0.03,0.203,0.203,1567.9,0
EMarseilles_MAS_12.22.25_LS_V1,MAS,1177,12883,12884,214.77,214.79,2,0.03,0.203,0.203,1338.6,0
EMarseilles_MAS_12.22.25_LS_V1,MAS,1141,2664,2665,44.41,44.43,2,0.03,0.2021,0.2021,2711.1,0
EMarseilles_MAS_12.22.25_LS_V1,MAS,1160,8501,8501,141.72,141.72,1,0.02,0.202,0.202,5094.2,0
EMarseilles_MAS_12.22.25_LS_V1,MAS,1169,11051,11051,184.23,184.23,1,0.02,0.1972,0.1972,1549.9,0
EMarseilles_MAS_12.22.25_LS_V1,MAS,1168,10967,10967,182.83,182.83,1,0.02,0.1953,0.1953,2067.6,0
EMarseilles_MAS_12.22.25_LS_V1,MAS,1148,6072,6072,101.23,101.23,1,0.02,0.194,0.194,2207.8,0
EMarseilles_MAS_12.22.25_LS_V1,MAS,1129,237,237,3.95,3.95,1,0.02,0.1912,0.1912,1680.7,0
EMarseilles_MAS_12.22.25_LS_V1,MAS,1181,13572,13584,226.26,226.46,10,0.22,0.1575,0.1909,1210.7,0
EMarseilles_MAS_12.22.25_LS_V1,MAS,1170,11117,11117,185.33,185.33,1,0.02,0.1908,0.1908,2379.4,0
EMarseilles_MAS_12.22.25_LS_V1,MAS,1182,13627,13629,227.18,227.21,3,0.05,0.1849,0.1849,1129.7,0
EMarseilles_MAS_12.22.25_LS_V1,MAS,1200,16813,16815,280.29,280.32,2,0.05,0.1838,0.1838,750.0,0
EMarseilles_MAS_12.22.25_LS_V1,MAS,1174,11453,11453,190.93,190.93,1,0.02,0.1831,0.1831,2705.9,0
EMarseilles_MAS_12.22.25_LS_V1,MAS,1130,348,348,5.8,5.8,1,0.02,0.1817,0.1817,1702.0,0
EMarseilles_MAS_12.22.25_LS_V1,MAS,1135,1712,1722,28.54,28.71,3,0.18,0.174,0.174,749.3,0
EMarseilles_MAS_12.22.25_LS_V1,MAS,1156,7835,7835,130.62,130.62,1,0.02,0.1714,0.1714,5257.9,0
EMarseilles_MAS_12.22.25_LS_V1,MAS,1202,16836,16836,280.67,280.67,1,0.02,0.171,0.171,1790.2,0
EMarseilles_MAS_12.22.25_LS_V1,MAS,1183,13633,13633,227.28,227.28,1,0.02,0.166,0.166,1215.3,0
EMarseilles_MAS_12.22.25_LS_V1,MAS,1185,13864,13873,231.13,231.28,4,0.17,0.1638,0.1638,689.6,0
EMarseilles_MAS_12.22.25_LS_V1,MAS,1161,9276,9276,154.64,154.64,1,0.02,0.1631,0.1631,1062.6,0
EMarseilles_MAS_12.22.25_LS_V1,MAS,1204,17396,17397,290.01,290.03,2,0.03,0.1611,0.1611,1378.0,0
EMarseilles_MAS_12.22.25_LS_V1,MAS,1187,14058,14058,234.36,234.36,1,0.02,0.1603,0.1603,1148.0,0
EMarseilles_MAS_12.22.25_LS_V1,MAS,1188,14848,14848,247.53,247.53,1,0.02,0.1545,0.1545,1658.7,0
EMarseilles_MAS_12.22.25_LS_V1,MAS,1128,82,82,1.37,1.37,1,0.02,0.1492,0.1492,1201.1,0
EMarseilles_MAS_12.22.25_LS_V1,MAS,1195,16165,16166,269.49,269.51,2,0.03,0.1451,0.1451,717.6,0
EMarseilles_MAS_12.22.25_LS_V1,MAS,1132,447,448,7.45,7.47,2,0.03,0.1423,0.1423,1156.1,0
EMarseilles_MAS_12.22.25_LS_V1,MAS,1152,6288,6297,104.83,104.98,2,0.17,0.1421,0.1421,3007.6,0
EMarseilles_MAS_12.22.25_LS_V1,MAS,1189,14890,14902,248.23,248.43,2,0.22,0.14,0.14,1087.8,0
EMarseilles_MAS_12.22.25_LS_V1,MAS,1162,10134,10134,168.95,168.95,1,0.02,0.1368,0.1368,784.0,0
EMarseilles_MAS_12.22.25_LS_V1,MAS,1139,2509,2509,41.83,41.83,1,0.02,0.1346,0.1346,914.9,0
EMarseilles_MAS_12.22.25_LS_V1,MAS,1186,13905,13906,231.81,231.83,2,0.03,0.1322,0.1322,1560.0,0
EMarseilles_MAS_12.22.25_LS_V1,MAS,1147,5837,5837,97.31,97.31,1,0.02,0.1318,0.1318,652.6,0
EMarseilles_MAS_12.22.25_LS_V1,MAS,1178,13140,13140,219.06,219.06,1,0.02,0.1316,0.1316,1153.6,0
EMarseilles_MAS_12.22.25_LS_V1,MAS,1155,6824,6824,113.76,113.76,1,0.02,0.1315,0.1315,3687.5,0
EMarseilles_MAS_12.22.25_LS_V1,MAS,1145,5624,5624,93.76,93.76,1,0.02,0.1279,0.1279,2226.3,0
EMarseilles_MAS_12.22.25_LS_V1,MAS,1193,15869,15869,264.55,264.55,1,0.02,0.1259,0.1259,2056.8,0
EMarseilles_MAS_12.22.25_LS_V1,MAS,1158,8112,8112,135.24,135.24,1,0.02,0.1242,0.1242,5838.6,0
EMarseilles_MAS_12.22.25_LS_V1,MAS,1175,11905,11905,198.47,198.47,1,0.02,0.1178,0.1178,1006.3,0
EMarseilles_MAS_12.22.25_LS_V1,MAS,1136,1790,1790,29.84,29.84,1,0.02,0.1176,0.1176,1226.1,0
EMarseilles_MAS_12.22.25_LS_V1,MAS,1151,6237,6237,103.98,103.98,1,0.02,0.1174,0.1174,11334.5,0
EMarseilles_MAS_12.22.25_LS_V1,MAS,1154,6654,6654,110.93,110.93,1,0.02,0.1137,0.1137,10386.0,0
EMarseilles_MAS_12.22.25_LS_V1,MAS,1206,17510,17510,291.91,291.91,1,0.02,0.1114,0.1114,2449.4,0
EMarseilles_MAS_12.22.25_LS_V1,MAS,1208,17658,17658,294.38,294.38,1,0.02,0.1096,0.1096,1564.2,0
EMarseilles_MAS_12.22.25_LS_V1,MAS,1190,14966,14966,249.5,249.5,1,0.02,0.1078,0.1078,1548.2,0
EMarseilles_MAS_12.22.25_LS_V1,MAS,1143,3681,3681,61.37,61.37,1,0.02,0.1058,0.1058,3554.6,0
EMarseilles_MAS_12.22.25_LS_V1,MAS,1199,16593,16593,276.62,276.62,1,0.02,0.1036,0.1036,1077.6,0
EMarseilles_MAS_12.22.25_LS_V1,MAS,1138,2451,2451,40.86,40.86,1,0.02,0.1003,0.1003,1078.6,0
EMarseilles_MAS_12.22.25_LS_V1,MAS,1163,10138,10138,169.01,169.01,1,0.02,0.1001,0.1001,558.0,0
GiantCityRd_TON_12.03.25_LS,TON,1363,1495,1547,24.96,25.83,42,0.88,0.5113,0.7234,1228.1,1
GiantCityRd_TON_12.03.25_LS,TON,303,8300,8373,138.57,139.79,53,1.24,0.5738,0.7095,802.7,1
GiantCityRd_TON_12.03.25_LS,TON,229,3672,3788,61.31,63.24,81,1.95,0.5259,0.683,534.8,1
GiantCityRd_TON_12.03.25_LS,TON,234,3696,3715,61.71,62.02,18,0.33,0.4411,0.5102,530.0,1
GiantCityRd_TON_12.03.25_LS,TON,1437,8331,8374,139.09,139.81,11,0.73,0.2318,0.3057,779.7,1
GiantCityRd_TON_12.03.25_LS,TON,146,1507,1507,25.16,25.16,1,0.02,0.7169,0.7169,1195.2,0
GiantCityRd_TON_12.03.25_LS,TON,165,1533,1533,25.59,25.59,1,0.02,0.7072,0.7072,1123.4,0
GiantCityRd_TON_12.03.25_LS,TON,1448,9857,9871,164.57,164.8,15,0.25,0.5497,0.6342,1024.8,0
GiantCityRd_TON_12.03.25_LS,TON,269,4557,4559,76.08,76.12,3,0.05,0.6293,0.6293,2420.3,0
GiantCityRd_TON_12.03.25_LS,TON,169,1537,1540,25.66,25.71,4,0.07,0.6144,0.6144,939.1,0
GiantCityRd_TON_12.03.25_LS,TON,206,2543,2543,42.46,42.46,1,0.02,0.6063,0.6063,1240.7,0
GiantCityRd_TON_12.03.25_LS,TON,184,1548,1555,25.84,25.96,8,0.13,0.5437,0.6013,944.4,0
GiantCityRd_TON_12.03.25_LS,TON,1373,2528,2542,42.21,42.44,14,0.25,0.3246,0.5757,1796.6,0
GiantCityRd_TON_12.03.25_LS,TON,357,10210,10222,170.46,170.66,8,0.22,0.4955,0.5659,927.4,0
GiantCityRd_TON_12.03.25_LS,TON,232,3684,3690,61.51,61.61,6,0.12,0.5254,0.5538,516.5,0
GiantCityRd_TON_12.03.25_LS,TON,1411,4955,4955,82.73,82.73,1,0.02,0.5441,0.5441,3395.3,0
GiantCityRd_TON_12.03.25_LS,TON,213,2850,2850,47.58,47.58,1,0.02,0.5345,0.5345,1447.9,0
GiantCityRd_TON_12.03.25_LS,TON,207,2579,2628,43.06,43.88,2,0.83,0.525,0.525,2061.3,0
GiantCityRd_TON_12.03.25_LS,TON,195,2260,2261,37.73,37.75,2,0.03,0.5245,0.5245,1094.2,0
GiantCityRd_TON_12.03.25_LS,TON,1456,10209,10214,170.45,170.53,2,0.1,0.4841,0.4841,937.8,0
GiantCityRd_TON_12.03.25_LS,TON,1368,1674,1675,27.95,27.97,2,0.03,0.4565,0.4565,1898.2,0
GiantCityRd_TON_12.03.25_LS,TON,1369,1994,2002,33.29,33.42,7,0.15,0.3781,0.4486,1103.3,0
GiantCityRd_TON_12.03.25_LS,TON,163,1529,1530,25.53,25.54,2,0.03,0.4212,0.4212,1165.2,0
GiantCityRd_TON_12.03.25_LS,TON,256,3803,3807,63.49,63.56,5,0.08,0.4182,0.4182,489.4,0
GiantCityRd_TON_12.03.25_LS,TON,1382,2953,2953,49.3,49.3,1,0.02,0.4021,0.4021,1332.5,0
GiantCityRd_TON_12.03.25_LS,TON,1480,11957,11958,199.63,199.65,2,0.03,0.3951,0.3951,2219.3,0
GiantCityRd_TON_12.03.25_LS,TON,259,3877,3879,64.73,64.76,3,0.05,0.3922,0.3922,7177.4,0
GiantCityRd_TON_12.03.25_LS,TON,1366,1541,1556,25.73,25.98,7,0.27,0.3344,0.391,1198.9,0
GiantCityRd_TON_12.03.25_LS,TON,1407,4556,4568,76.07,76.27,8,0.22,0.2962,0.3894,2091.9,0
GiantCityRd_TON_12.03.25_LS,TON,1394,3790,3802,63.28,63.48,2,0.22,0.3866,0.3866,1127.0,0
GiantCityRd_TON_12.03.25_LS,TON,1450,9902,9902,165.32,165.32,1,0.02,0.3747,0.3747,1295.8,0
GiantCityRd_TON_12.03.25_LS,TON,261,3987,3988,66.57,66.58,2,0.03,0.3746,0.3746,1077.3,0
GiantCityRd_TON_12.03.25_LS,TON,1380,2848,2853,47.55,47.63,4,0.1,0.3703,0.3703,1304.4,0
GiantCityRd_TON_12.03.25_LS,TON,1431,7673,7691,128.11,128.41,3,0.32,0.3522,0.3522,1108.6,0
GiantCityRd_TON_12.03.25_LS,TON,1403,4006,4006,66.88,66.88,1,0.02,0.3518,0.3518,990.0,0
GiantCityRd_TON_12.03.25_LS,TON,1446,9609,9618,160.43,160.58,10,0.17,0.2922,0.3405,1171.4,0
GiantCityRd_TON_12.03.25_LS,TON,1420,6198,6198,103.48,103.48,1,0.02,0.3327,0.3327,617.8,0
GiantCityRd_TON_12.03.25_LS,TON,1479,11950,11952,199.51,199.55,2,0.05,0.3014,0.3014,3676.0,0
GiantCityRd_TON_12.03.25_LS,TON,1423,6216,6217,103.78,103.8,2,0.03,0.2993,0.2993,739.4,0
GiantCityRd_TON_12.03.25_LS,TON,1434,8024,8026,133.97,134.0,2,0.05,0.2977,0.2977,1360.4,0
GiantCityRd_TON_12.03.25_LS,TON,1432,7745,7745,129.31,129.31,1,0.02,0.2815,0.2815,665.1,0
GiantCityRd_TON_12.03.25_LS,TON,1367,1543,1545,25.76,25.79,2,0.05,0.2711,0.2711,2564.8,0
GiantCityRd_TON_12.03.25_LS,TON,1388,3663,3711,61.16,61.96,9,0.82,0.231,0.2672,701.8,0
GiantCityRd_TON_12.03.25_LS,TON,1465,10311,10311,172.15,172.15,1,0.02,0.2667,0.2667,588.4,0
GiantCityRd_TON_12.03.25_LS,TON,1401,3980,3991,66.45,66.63,6,0.2,0.2372,0.2644,990.8,0
GiantCityRd_TON_12.03.25_LS,TON,1435,8297,8299,138.52,138.56,2,0.05,0.2617,0.2617,677.3,0
GiantCityRd_TON_12.03.25_LS,TON,1471,11650,11655,194.51,194.59,6,0.1,0.2347,0.2613,758.0,0
GiantCityRd_TON_12.03.25_LS,TON,1477,11811,11842,197.19,197.71,3,0.53,0.2609,0.2609,1520.3,0
GiantCityRd_TON_12.03.25_LS,TON,1384,2991,3059,49.94,51.07,6,1.15,0.2291,0.2518,1766.2,0
GiantCityRd_TON_12.03.25_LS,TON,1425,6700,6701,111.86,111.88,2,0.03,0.2496,0.2496,384.9,0
GiantCityRd_TON_12.03.25_LS,TON,1472,11686,11700,195.11,195.34,8,0.25,0.2071,0.2462,669.6,0
GiantCityRd_TON_12.03.25_LS,TON,1455,10160,10160,169.63,169.63,1,0.02,0.2435,0.2435,887.0,0
GiantCityRd_TON_12.03.25_LS,TON,1454,10154,10154,169.53,169.53,1,0.02,0.2415,0.2415,448.0,0
GiantCityRd_TON_12.03.25_LS,TON,1462,10290,10290,171.8,171.8,1,0.02,0.2356,0.2356,509.2,0
GiantCityRd_TON_12.03.25_LS,TON,1476,11790,11790,196.84,196.84,1,0.02,0.2356,0.2356,326.8,0
GiantCityRd_TON_12.03.25_LS,TON,1463,10303,10303,172.02,172.02,1,0.02,0.2348,0.2348,720.2,0
GiantCityRd_TON_12.03.25_LS,TON,1372,2259,2268,37.72,37.87,3,0.17,0.2336,0.2336,972.5,0
GiantCityRd_TON_12.03.25_LS,TON,1379,2795,2795,46.66,46.66,1,0.02,0.2334,0.2334,2315.2,0
GiantCityRd_TON_12.03.25_LS,TON,1430,7212,7217,120.41,120.49,4,0.1,0.2328,0.2328,681.5,0
GiantCityRd_TON_12.03.25_LS,TON,1409,4819,4819,80.46,80.46,1,0.02,0.23,0.23,958.4,0
GiantCityRd_TON_12.03.25_LS,TON,1429,7012,7034,117.07,117.44,2,0.38,0.2291,0.2291,1196.7,0
GiantCityRd_TON_12.03.25_LS,TON,1390,3711,3711,61.96,61.96,1,0.02,0.225,0.225,505.0,0
GiantCityRd_TON_12.03.25_LS,TON,1385,3073,3073,51.31,51.31,1,0.02,0.2179,0.2179,1847.6,0
GiantCityRd_TON_12.03.25_LS,TON,1377,2627,2631,43.86,43.93,4,0.08,0.2138,0.2138,2846.7,0
GiantCityRd_TON_12.03.25_LS,TON,1460,10225,10225,170.71,170.71,1,0.02,0.2107,0.2107,659.4,0
GiantCityRd_TON_12.03.25_LS,TON,1475,11757,11758,196.29,196.31,2,0.03,0.2087,0.2087,515.2,0
GiantCityRd_TON_12.03.25_LS,TON,1365,1532,1532,25.58,25.58,1,0.02,0.2084,0.2084,1722.4,0
GiantCityRd_TON_12.03.25_LS,TON,1398,3853,3853,64.33,64.33,1,0.02,0.2084,0.2084,2664.1,0
GiantCityRd_TON_12.03.25_LS,TON,1413,5410,5411,90.32,90.34,2,0.03,0.2029,0.2029,525.4,0
GiantCityRd_TON_12.03.25_LS,TON,1418,5711,5715,95.35,95.42,5,0.08,0.2023,0.2023,1360.4,0
GiantCityRd_TON_12.03.25_LS,TON,1410,4892,4892,81.68,81.68,1,0.02,0.2019,0.2019,1022.9,0
GiantCityRd_TON_12.03.25_LS,TON,1361,891,891,14.88,14.88,1,0.02,0.2,0.2,807.8,0
GiantCityRd_TON_12.03.25_LS,TON,1457,10214,10214,170.53,170.53,1,0.02,0.1995,0.1995,944.9,0
GiantCityRd_TON_12.03.25_LS,TON,1445,9536,9536,159.21,159.21,1,0.02,0.1991,0.1991,452.5,0
GiantCityRd_TON_12.03.25_LS,TON,1421,6201,6202,103.53,103.55,2,0.03,0.197,0.197,979.8,0
GiantCityRd_TON_12.03.25_LS,TON,1415,5534,5535,92.39,92.41,2,0.03,0.1928,0.1928,606.5,0
GiantCityRd_TON_12.03.25_LS,TON,1396,3813,3813,63.66,63.66,1,0.02,0.1917,0.1917,902.5,0
GiantCityRd_TON_12.03.25_LS,TON,1470,11574,11575,193.24,193.25,2,0.03,0.1897,0.1897,909.3,0
GiantCityRd_TON_12.03.25_LS,TON,1412,5403,5403,90.21,90.21,1,0.02,0.1856,0.1856,568.1,0
GiantCityRd_TON_12.03.25_LS,TON,1374,2577,2583,43.02,43.13,3,0.12,0.1855,0.1855,931.2,0
GiantCityRd_TON_12.03.25_LS,TON,1362,1288,1288,21.5,21.5,1,0.02,0.181,0.181,559.0,0
GiantCityRd_TON_12.03.25_LS,TON,1443,9171,9172,153.12,153.13,2,0.03,0.1805,0.1805,710.8,0
GiantCityRd_TON_12.03.25_LS,TON,1389,3664,3665,61.17,61.19,2,0.03,0.1792,0.1792,993.2,0
GiantCityRd_TON_12.03.25_LS,TON,1427,6842,6843,114.23,114.25,2,0.03,0.1791,0.1791,589.8,0
GiantCityRd_TON_12.03.25_LS,TON,1391,3743,3751,62.49,62.63,3,0.15,0.1755,0.1755,456.5,0
GiantCityRd_TON_12.03.25_LS,TON,1436,8317,8319,138.86,138.89,2,0.05,0.1724,0.1724,771.9,0
GiantCityRd_TON_12.03.25_LS,TON,1467,10399,10399,173.62,173.62,1,0.02,0.1708,0.1708,651.0,0
GiantCityRd_TON_12.03.25_LS,TON,1444,9182,9184,153.3,153.33,2,0.05,0.1698,0.1698,701.8,0
GiantCityRd_TON_12.03.25_LS,TON,1442,9149,9189,152.75,153.42,5,0.68,0.1625,0.1625,642.0,0
GiantCityRd_TON_12.03.25_LS,TON,1459,10218,10223,170.6,170.68,3,0.1,0.1616,0.1616,754.1,0
GiantCityRd_TON_12.03.25_LS,TON,1402,3990,3990,66.62,66.62,1,0.02,0.1593,0.1593,606.7,0
GiantCityRd_TON_12.03.25_LS,TON,1447,9790,9791,163.45,163.47,2,0.03,0.1583,0.1583,600.7,0
GiantCityRd_TON_12.03.25_LS,TON,1461,10247,10247,171.08,171.08,1,0.02,0.1582,0.1582,629.4,0
GiantCityRd_TON_12.03.25_LS,TON,1473,11725,11726,195.76,195.77,2,0.03,0.1579,0.1579,820.8,0
GiantCityRd_TON_12.03.25_LS,TON,1408,4645,4645,77.55,77.55,1,0.02,0.156,0.156,2080.7,0
GiantCityRd_TON_12.03.25_LS,TON,1449,9870,9870,164.79,164.79,1,0.02,0.1558,0.1558,933.9,0
GiantCityRd_TON_12.03.25_LS,TON,1406,4472,4473,74.66,74.68,2,0.03,0.1526,0.1526,2959.7,0
GiantCityRd_TON_12.03.25_LS,TON,1383,2967,2967,49.54,49.54,1,0.02,0.1514,0.1514,937.9,0
GiantCityRd_TON_12.03.25_LS,TON,1404,4169,4169,69.6,69.6,1,0.02,0.1511,0.1511,1428.9,0
GiantCityRd_TON_12.03.25_LS,TON,1393,3781,3790,63.13,63.28,3,0.17,0.1496,0.1496,703.6,0
GiantCityRd_TON_12.03.25_LS,TON,1357,339,339,5.66,5.66,1,0.02,0.1478,0.1478,307.5,0
GiantCityRd_TON_12.03.25_LS,TON,1464,10304,10304,172.03,172.03,1,0.02,0.1449,0.1449,690.7,0
GiantCityRd_TON_12.03.25_LS,TON,1381,2946,2950,49.19,49.25,2,0.08,0.1446,0.1446,2327.9,0
GiantCityRd_TON_12.03.25_LS,TON,1387,3606,3606,60.2,60.2,1,0.02,0.142,0.142,584.4,0
GiantCityRd_TON_12.03.25_LS,TON,1364,1526,1526,25.48,25.48,1,0.02,0.1416,0.1416,1176.8,0
GiantCityRd_TON_12.03.25_LS,TON,1440,8814,8814,147.16,147.16,1,0.02,0.1415,0.1415,675.4,0
GiantCityRd_TON_12.03.25_LS,TON,1451,9980,9990,166.62,166.79,7,0.18,0.1293,0.1405,1146.9,0
GiantCityRd_TON_12.03.25_LS,TON,1474,11742,11781,196.04,196.69,6,0.67,0.1341,0.1397,576.2,0
GiantCityRd_TON_12.03.25_LS,TON,1395,3794,3800,63.34,63.44,3,0.12,0.1383,0.1383,413.8,0
GiantCityRd_TON_12.03.25_LS,TON,1441,8918,8918,148.89,148.89,1,0.02,0.136,0.136,668.7,0
GiantCityRd_TON_12.03.25_LS,TON,1399,3876,3901,64.71,65.13,3,0.43,0.1359,0.1359,4541.8,0
GiantCityRd_TON_12.03.25_LS,TON,1453,9985,9992,166.71,166.82,6,0.13,0.1295,0.1341,1230.9,0
GiantCityRd_TON_12.03.25_LS,TON,1405,4323,4323,72.18,72.18,1,0.02,0.134,0.134,668.8,0
GiantCityRd_TON_12.03.25_LS,TON,1419,6195,6195,103.43,103.43,1,0.02,0.1338,0.1338,537.8,0
GiantCityRd_TON_12.03.25_LS,TON,1376,2620,2620,43.74,43.74,1,0.02,0.1328,0.1328,663.3,0
GiantCityRd_TON_12.03.25_LS,TON,1392,3743,3752,62.49,62.64,4,0.17,0.1305,0.1305,843.4,0
GiantCityRd_TON_12.03.25_LS,TON,1458,10214,10214,170.53,170.53,1,0.02,0.1281,0.1281,1716.1,0
GiantCityRd_TON_12.03.25_LS,TON,1414,5509,5509,91.98,91.98,1,0.02,0.1277,0.1277,912.3,0
GiantCityRd_TON_12.03.25_LS,TON,1481,12027,12027,200.8,200.8,1,0.02,0.1277,0.1277,692.1,0
GiantCityRd_TON_12.03.25_LS,TON,1478,11842,11842,197.71,197.71,1,0.02,0.1267,0.1267,458.4,0
GiantCityRd_TON_12.03.25_LS,TON,1371,2119,2119,35.38,35.38,1,0.02,0.1255,0.1255,412.8,0
GiantCityRd_TON_12.03.25_LS,TON,1386,3200,3200,53.43,53.43,1,0.02,0.1255,0.1255,656.9,0
GiantCityRd_TON_12.03.25_LS,TON,1417,5670,5670,94.66,94.66,1,0.02,0.1246,0.1246,621.9,0
GiantCityRd_TON_12.03.25_LS,TON,1452,9983,9984,166.67,166.69,2,0.03,0.1231,0.1231,1102.8,0
GiantCityRd_TON_12.03.25_LS,TON,1469,11121,11121,185.67,185.67,1,0.02,0.122,0.122,1945.0,0
GiantCityRd_TON_12.03.25_LS,TON,1378,2675,2675,44.66,44.66,1,0.02,0.121,0.121,1483.7,0
GiantCityRd_TON_12.03.25_LS,TON,1400,3969,3969,66.27,66.27,1,0.02,0.116,0.116,944.2,0
GiantCityRd_TON_12.03.25_LS,TON,1439,8360,8361,139.58,139.59,2,0.03,0.1133,0.1133,1111.1,0
GiantCityRd_TON_12.03.25_LS,TON,1424,6594,6594,110.09,110.09,1,0.02,0.1098,0.1098,900.0,0
GiantCityRd_TON_12.03.25_LS,TON,1375,2588,2588,43.21,43.21,1,0.02,0.1077,0.1077,1503.3,0
GiantCityRd_TON_12.03.25_LS,TON,1438,8331,8331,139.09,139.09,1,0.02,0.1075,0.1075,923.2,0
GiantCityRd_TON_12.03.25_LS,TON,1359,549,549,9.17,9.17,1,0.02,0.1072,0.1072,675.2,0
GiantCityRd_TON_12.03.25_LS,TON,1358,431,431,7.2,7.2,1,0.02,0.1069,0.1069,275.9,0
GiantCityRd_TON_12.03.25_LS,TON,1370,2064,2064,34.46,34.46,1,0.02,0.1062,0.1062,990.4,0
GiantCityRd_TON_12.03.25_LS,TON,1360,571,571,9.53,9.53,1,0.02,0.1059,0.1059,415.0,0
GiantCityRd_TON_12.03.25_LS,TON,1426,6837,6837,114.15,114.15,1,0.02,0.1059,0.1059,550.8,0
GiantCityRd_TON_12.03.25_LS,TON,1416,5602,5602,93.53,93.53,1,0.02,0.1058,0.1058,715.2,0
GiantCityRd_TON_12.03.25_LS,TON,1433,7842,7842,130.93,130.93,1,0.02,0.1041,0.1041,1044.5,0
GiantCityRd_TON_12.03.25_LS,TON,1466,10393,10393,173.52,173.52,1,0.02,0.1028,0.1028,776.2,0
GiantCityRd_TON_12.03.25_LS,TON,1428,6988,6988,116.67,116.67,1,0.02,0.1024,0.1024,933.1,0
GiantCityRd_TON_12.03.25_LS,TON,1397,3815,3815,63.69,63.69,1,0.02,0.1016,0.1016,523.7,0
GiantCityRd_TON_12.03.25_LS,TON,1468,11072,11072,184.86,184.86,1,0.02,0.1005,0.1005,569.0,0
GiantCityRd_TON_12.03.25_LS,TON,1422,6208,6208,103.65,103.65,1,0.02,0.1,0.1,744.6,0
N25thRdBlue_MAS_12.22.25_LS_V1,MAS,1538,1375,1393,22.92,23.22,15,0.32,0.4067,0.5415,768.4,1
N25thRdBlue_MAS_12.22.25_LS_V1,MAS,419,1383,1383,23.05,23.05,1,0.02,0.6027,0.6027,951.1,0
N25thRdBlue_MAS_12.22.25_LS_V1,MAS,533,12848,12848,214.13,214.13,1,0.02,0.4645,0.4645,415.5,0
N25thRdBlue_MAS_12.22.25_LS_V1,MAS,400,1043,1050,17.38,17.5,7,0.13,0.3838,0.4172,1060.7,0
N25thRdBlue_MAS_12.22.25_LS_V1,MAS,524,8618,8618,143.63,143.63,1,0.02,0.4014,0.4014,572.7,0
N25thRdBlue_MAS_12.22.25_LS_V1,MAS,454,4470,4470,74.5,74.5,1,0.02,0.3741,0.3741,1597.5,0
N25thRdBlue_MAS_12.22.25_LS_V1,MAS,473,6844,6844,114.07,114.07,1,0.02,0.3495,0.3495,275.4,0
N25thRdBlue_MAS_12.22.25_LS_V1,MAS,1564,7651,7660,127.52,127.67,9,0.17,0.235,0.3295,760.0,0
N25thRdBlue_MAS_12.22.25_LS_V1,MAS,1570,7873,7874,131.22,131.23,2,0.03,0.3281,0.3281,1464.5,0
N25thRdBlue_MAS_12.22.25_LS_V1,MAS,1591,14879,14879,247.98,247.98,1,0.02,0.315,0.315,760.7,0
N25thRdBlue_MAS_12.22.25_LS_V1,MAS,1554,6781,6924,113.02,115.4,58,2.4,0.1847,0.2985,299.0,0
N25thRdBlue_MAS_12.22.25_LS_V1,MAS,1593,15043,15060,250.71,251.0,10,0.3,0.212,0.2953,755.9,0
N25thRdBlue_MAS_12.22.25_LS_V1,MAS,1565,7670,7671,127.83,127.85,2,0.03,0.2883,0.2883,722.7,0
N25thRdBlue_MAS_12.22.25_LS_V1,MAS,1544,3841,3874,64.02,64.57,16,0.57,0.1989,0.2767,866.6,0
N25thRdBlue_MAS_12.22.25_LS_V1,MAS,1580,10703,10703,178.38,178.38,1,0.02,0.2719,0.2719,1850.4,0
N25thRdBlue_MAS_12.22.25_LS_V1,MAS,1537,1368,1369,22.8,22.82,2,0.03,0.2641,0.2641,919.7,0
N25thRdBlue_MAS_12.22.25_LS_V1,MAS,1576,10235,10236,170.58,170.6,2,0.03,0.2612,0.2612,1303.2,0
N25thRdBlue_MAS_12.22.25_LS_V1,MAS,1536,1359,1363,22.65,22.72,5,0.08,0.253,0.253,786.9,0
N25thRdBlue_MAS_12.22.25_LS_V1,MAS,1541,2217,2217,36.95,36.95,1,0.02,0.2475,0.2475,1783.0,0
N25thRdBlue_MAS_12.22.25_LS_V1,MAS,1577,10456,10456,174.27,174.27,1,0.02,0.246,0.246,3914.3,0
N25thRdBlue_MAS_12.22.25_LS_V1,MAS,1545,4058,4084,67.63,68.07,14,0.45,0.1694,0.2435,1233.1,0
N25thRdBlue_MAS_12.22.25_LS_V1,MAS,1534,1024,1068,17.07,17.8,20,0.75,0.1782,0.2297,887.3,0
N25thRdBlue_MAS_12.22.25_LS_V1,MAS,1556,6979,6986,116.32,116.43,5,0.13,0.2289,0.2289,671.1,0
N25thRdBlue_MAS_12.22.25_LS_V1,MAS,1579,10590,10590,176.5,176.5,1,0.02,0.2188,0.2188,5849.8,0
N25thRdBlue_MAS_12.22.25_LS_V1,MAS,1589,13740,13741,229.0,229.01,2,0.03,0.2131,0.2131,1578.2,0
N25thRdBlue_MAS_12.22.25_LS_V1,MAS,1586,13470,13471,224.5,224.51,2,0.03,0.202,0.202,402.1,0
N25thRdBlue_MAS_12.22.25_LS_V1,MAS,1547,4465,4471,74.42,74.52,5,0.12,0.201,0.201,1594.5,0
N25thRdBlue_MAS_12.22.25_LS_V1,MAS,1557,6982,6982,116.37,116.37,1,0.02,0.1973,0.1973,993.9,0
N25thRdBlue_MAS_12.22.25_LS_V1,MAS,1562,7547,7558,125.78,125.97,5,0.2,0.1942,0.1942,2165.4,0
N25thRdBlue_MAS_12.22.25_LS_V1,MAS,1588,13583,13583,226.38,226.38,1,0.02,0.1918,0.1918,554.8,0
N25thRdBlue_MAS_12.22.25_LS_V1,MAS,1571,8616,8625,143.6,143.75,5,0.17,0.1913,0.1913,599.8,0
N25thRdBlue_MAS_12.22.25_LS_V1,MAS,1582,12844,12847,214.07,214.12,3,0.07,0.19,0.19,359.3,0
N25thRdBlue_MAS_12.22.25_LS_V1,MAS,1553,6754,6765,112.57,112.75,7,0.2,0.1653,0.1818,346.1,0
N25thRdBlue_MAS_12.22.25_LS_V1,MAS,1561,7240,7252,120.67,120.87,6,0.22,0.1705,0.18,691.6,0
N25thRdBlue_MAS_12.22.25_LS_V1,MAS,1555,6908,6910,115.13,115.17,3,0.05,0.1716,0.1716,631.8,0
N25thRdBlue_MAS_12.22.25_LS_V1,MAS,1551,4700,4700,78.33,78.33,1,0.02,0.1633,0.1633,595.2,0
N25thRdBlue_MAS_12.22.25_LS_V1,MAS,1558,6996,7007,116.6,116.78,5,0.2,0.1621,0.1621,897.9,0
N25thRdBlue_MAS_12.22.25_LS_V1,MAS,1559,7016,7029,116.93,117.15,2,0.23,0.1576,0.1576,1015.0,0
N25thRdBlue_MAS_12.22.25_LS_V1,MAS,1546,4376,4380,72.93,73.0,2,0.08,0.1466,0.1466,1670.1,0
N25thRdBlue_MAS_12.22.25_LS_V1,MAS,1594,15084,15088,251.4,251.46,3,0.08,0.1461,0.1461,797.1,0
N25thRdBlue_MAS_12.22.25_LS_V1,MAS,1578,10549,10549,175.82,175.82,1,0.02,0.1454,0.1454,6116.5,0
N25thRdBlue_MAS_12.22.25_LS_V1,MAS,1590,14854,14854,247.56,247.56,1,0.02,0.1433,0.1433,1162.0,0
N25thRdBlue_MAS_12.22.25_LS_V1,MAS,1533,936,936,15.6,15.6,1,0.02,0.1431,0.1431,749.6,0
N25thRdBlue_MAS_12.22.25_LS_V1,MAS,1568,7780,7780,129.67,129.67,1,0.02,0.142,0.142,878.7,0
N25thRdBlue_MAS_12.22.25_LS_V1,MAS,1567,7763,7763,129.38,129.38,1,0.02,0.1417,0.1417,362.9,0
N25thRdBlue_MAS_12.22.25_LS_V1,MAS,1592,15005,15011,250.08,250.18,4,0.12,0.1409,0.1409,583.1,0
N25thRdBlue_MAS_12.22.25_LS_V1,MAS,1581,12789,12793,213.15,213.22,4,0.08,0.1381,0.1381,826.9,0
N25thRdBlue_MAS_12.22.25_LS_V1,MAS,1585,13440,13462,224.0,224.36,2,0.38,0.1307,0.1307,564.6,0
N25thRdBlue_MAS_12.22.25_LS_V1,MAS,1549,4511,4512,75.18,75.2,2,0.03,0.1298,0.1298,1220.0,0
N25thRdBlue_MAS_12.22.25_LS_V1,MAS,1552,5271,5291,87.85,88.18,3,0.35,0.1288,0.1288,722.2,0
N25thRdBlue_MAS_12.22.25_LS_V1,MAS,1548,4509,4520,75.15,75.33,4,0.2,0.1269,0.1269,1240.7,0
N25thRdBlue_MAS_12.22.25_LS_V1,MAS,1550,4513,4513,75.22,75.22,1,0.02,0.125,0.125,1054.9,0
N25thRdBlue_MAS_12.22.25_LS_V1,MAS,1583,13032,13032,217.2,217.2,1,0.02,0.124,0.124,532.0,0
N25thRdBlue_MAS_12.22.25_LS_V1,MAS,1587,13534,13534,225.56,225.56,1,0.02,0.1236,0.1236,722.3,0
N25thRdBlue_MAS_12.22.25_LS_V1,MAS,1569,7823,7823,130.38,130.38,1,0.02,0.1193,0.1193,1133.2,0
N25thRdBlue_MAS_12.22.25_LS_V1,MAS,1584,13407,13407,223.45,223.45,1,0.02,0.1182,0.1182,641.0,0
N25thRdBlue_MAS_12.22.25_LS_V1,MAS,1572,9043,9043,150.72,150.72,1,0.02,0.1162,0.1162,1281.5,0
N25thRdBlue_MAS_12.22.25_LS_V1,MAS,1563,7635,7635,127.25,127.25,1,0.02,0.1161,0.1161,779.2,0
N25thRdBlue_MAS_12.22.25_LS_V1,MAS,1574,9854,9854,164.23,164.23,1,0.02,0.1159,0.1159,1649.5,0
N25thRdBlue_MAS_12.22.25_LS_V1,MAS,1535,1027,1027,17.12,17.12,1,0.02,0.1102,0.1102,1448.0,0
N25thRdBlue_MAS_12.22.25_LS_V1,MAS,1540,2086,2086,34.77,34.77,1,0.02,0.1101,0.1101,1728.0,0
N25thRdBlue_MAS_12.22.25_LS_V1,MAS,1566,7704,7708,128.4,128.47,2,0.08,0.1099,0.1099,1017.7,0
N25thRdBlue_MAS_12.22.25_LS_V1,MAS,1575,9885,9885,164.75,164.75,1,0.02,0.109,0.109,944.9,0
N25thRdBlue_MAS_12.22.25_LS_V1,MAS,1560,7208,7208,120.13,120.13,1,0.02,0.1085,0.1085,573.9,0
N25thRdBlue_MAS_12.22.25_LS_V1,MAS,1542,3607,3607,60.12,60.12,1,0.02,0.107,0.107,577.6,0
N25thRdBlue_MAS_12.22.25_LS_V1,MAS,1539,2044,2044,34.07,34.07,1,0.02,0.1063,0.1063,1462.6,0
N25thRdBlue_MAS_12.22.25_LS_V1,MAS,1543,3722,3724,62.03,62.07,2,0.05,0.1056,0.1056,813.7,0
N25thRdBlue_MAS_12.22.25_LS_V1,MAS,1573,9698,9698,161.63,161.63,1,0.02,0.1001,0.1001,2276.1,0
NMarseillesRd_MAS_12.22.25_LS_V1,MAS,669,13000,13021,216.67,217.02,22,0.37,0.7131,0.7716,2558.7,1
NMarseillesRd_MAS_12.22.25_LS_V1,MAS,628,10044,10082,167.4,168.03,39,0.65,0.6988,0.7673,2436.7,1
NMarseillesRd_MAS_12.22.25_LS_V1,MAS,649,10818,10858,180.3,180.97,41,0.68,0.6955,0.7661,1535.8,1
NMarseillesRd_MAS_12.22.25_LS_V1,MAS,673,13859,13914,230.98,231.9,56,0.93,0.7144,0.758,1603.2,1
NMarseillesRd_MAS_12.22.25_LS_V1,MAS,642,10555,10637,175.92,177.28,76,1.38,0.6577,0.7433,1816.9,1
NMarseillesRd_MAS_12.22.25_LS_V1,MAS,1774,15101,15132,251.68,252.2,19,0.53,0.3905,0.6134,1037.3,1
NMarseillesRd_MAS_12.22.25_LS_V1,MAS,664,12873,12895,214.55,214.92,12,0.38,0.4993,0.5798,988.6,1
NMarseillesRd_MAS_12.22.25_LS_V1,MAS,601,7739,7764,128.98,129.4,18,0.43,0.3587,0.4583,1210.8,1
NMarseillesRd_MAS_12.22.25_LS_V1,MAS,1738,10090,10112,168.17,168.53,8,0.38,0.3613,0.4558,1755.9,1
NMarseillesRd_MAS_12.22.25_LS_V1,MAS,1756,12824,12872,213.73,214.53,9,0.82,0.262,0.3543,1299.0,1
NMarseillesRd_MAS_12.22.25_LS_V1,MAS,1722,7652,7680,127.53,128.0,16,0.48,0.2027,0.3043,1252.0,1
NMarseillesRd_MAS_12.22.25_LS_V1,MAS,697,15120,15120,252.0,252.0,1,0.02,0.7318,0.7318,1212.3,0
NMarseillesRd_MAS_12.22.25_LS_V1,MAS,564,1224,1235,20.4,20.58,11,0.2,0.5661,0.6685,1875.6,0
NMarseillesRd_MAS_12.22.25_LS_V1,MAS,553,563,565,9.38,9.42,3,0.05,0.6484,0.6484,1703.2,0
NMarseillesRd_MAS_12.22.25_LS_V1,MAS,1758,12998,12999,216.63,216.65,2,0.03,0.6019,0.6019,1738.5,0
NMarseillesRd_MAS_12.22.25_LS_V1,MAS,658,12826,12837,213.77,213.95,10,0.2,0.5353,0.6012,1768.2,0
NMarseillesRd_MAS_12.22.25_LS_V1,MAS,636,10113,10119,168.55,168.65,7,0.12,0.5173,0.5841,1922.9,0
NMarseillesRd_MAS_12.22.25_LS_V1,MAS,631,10094,10094,168.23,168.23,1,0.02,0.5602,0.5602,1647.4,0
NMarseillesRd_MAS_12.22.25_LS_V1,MAS,678,14100,14101,235.0,235.01,2,0.03,0.5591,0.5591,1104.1,0
NMarseillesRd_MAS_12.22.25_LS_V1,MAS,575,2244,2244,37.4,37.4,1,0.02,0.4672,0.4672,484.3,0
NMarseillesRd_MAS_12.22.25_LS_V1,MAS,694,15114,15114,251.9,251.9,1,0.02,0.4589,0.4589,634.6,0
NMarseillesRd_MAS_12.22.25_LS_V1,MAS,1764,14097,14102,234.95,235.03,4,0.1,0.352,0.352,1158.1,0
NMarseillesRd_MAS_12.22.25_LS_V1,MAS,1701,797,804,13.28,13.4,4,0.13,0.3496,0.3496,2270.2,0
NMarseillesRd_MAS_12.22.25_LS_V1,MAS,1747,10859,10860,180.98,181.0,2,0.03,0.3295,0.3295,1498.1,0
NMarseillesRd_MAS_12.22.25_LS_V1,MAS,1737,10038,10043,167.3,167.38,3,0.1,0.3285,0.3285,1551.1,0
NMarseillesRd_MAS_12.22.25_LS_V1,MAS,1754,12656,12656,210.93,210.93,1,0.02,0.3072,0.3072,2216.0,0
NMarseillesRd_MAS_12.22.25_LS_V1,MAS,1734,9835,9835,163.92,163.92,1,0.02,0.3007,0.3007,3776.6,0
NMarseillesRd_MAS_12.22.25_LS_V1,MAS,1705,1223,1239,20.38,20.65,4,0.28,0.2973,0.2973,1876.4,0
NMarseillesRd_MAS_12.22.25_LS_V1,MAS,1750,11453,11454,190.88,190.9,2,0.03,0.2956,0.2956,534.7,0
NMarseillesRd_MAS_12.22.25_LS_V1,MAS,1743,10554,10554,175.9,175.9,1,0.02,0.2924,0.2924,1166.5,0
NMarseillesRd_MAS_12.22.25_LS_V1,MAS,1725,7733,7793,128.88,129.88,21,1.02,0.1819,0.289,1033.5,0
NMarseillesRd_MAS_12.22.25_LS_V1,MAS,1777,15311,15311,255.18,255.18,1,0.02,0.2808,0.2808,1055.2,0
NMarseillesRd_MAS_12.22.25_LS_V1,MAS,1715,5757,5757,95.95,95.95,1,0.02,0.2627,0.2627,791.9,0
NMarseillesRd_MAS_12.22.25_LS_V1,MAS,1744,10613,10615,176.88,176.92,3,0.05,0.2613,0.2613,1888.7,0
NMarseillesRd_MAS_12.22.25_LS_V1,MAS,1726,7756,7771,129.27,129.52,11,0.27,0.1998,0.2585,926.8,0
NMarseillesRd_MAS_12.22.25_LS_V1,MAS,1704,1199,1210,19.98,20.17,8,0.2,0.2038,0.2463,1529.3,0
NMarseillesRd_MAS_12.22.25_LS_V1,MAS,1746,10816,10817,180.27,180.28,2,0.03,0.2395,0.2395,878.7,0
NMarseillesRd_MAS_12.22.25_LS_V1,MAS,1772,14824,14824,247.06,247.06,1,0.02,0.2335,0.2335,1409.4,0
NMarseillesRd_MAS_12.22.25_LS_V1,MAS,1707,1569,1572,26.15,26.2,4,0.07,0.232,0.232,1356.2,0
NMarseillesRd_MAS_12.22.25_LS_V1,MAS,1765,14097,14111,234.95,235.18,7,0.25,0.1963,0.2213,1150.0,0
NMarseillesRd_MAS_12.22.25_LS_V1,MAS,1733,8841,8841,147.35,147.35,1,0.02,0.2187,0.2187,1787.0,0
NMarseillesRd_MAS_12.22.25_LS_V1,MAS,1709,2242,2252,37.37,37.53,4,0.18,0.2167,0.2167,497.6,0
NMarseillesRd_MAS_12.22.25_LS_V1,MAS,1706,1237,1238,20.62,20.63,2,0.03,0.2117,0.2117,1801.2,0
NMarseillesRd_MAS_12.22.25_LS_V1,MAS,1703,933,934,15.55,15.57,2,0.03,0.2078,0.2078,998.5,0
NMarseillesRd_MAS_12.22.25_LS_V1,MAS,1736,10024,10024,167.07,167.07,1,0.02,0.2074,0.2074,1900.7,0
NMarseillesRd_MAS_12.22.25_LS_V1,MAS,1766,14099,14099,234.98,234.98,1,0.02,0.2061,0.2061,1108.1,0
NMarseillesRd_MAS_12.22.25_LS_V1,MAS,1720,7447,7447,124.12,124.12,1,0.02,0.2058,0.2058,1025.6,0
NMarseillesRd_MAS_12.22.25_LS_V1,MAS,1779,15412,15412,256.86,256.86,1,0.02,0.2056,0.2056,1870.3,0
NMarseillesRd_MAS_12.22.25_LS_V1,MAS,1776,15117,15117,251.95,251.95,1,0.02,0.2009,0.2009,1828.0,0
NMarseillesRd_MAS_12.22.25_LS_V1,MAS,1719,6170,6175,102.83,102.92,6,0.1,0.1896,0.2003,2566.3,0
NMarseillesRd_MAS_12.22.25_LS_V1,MAS,1775,15111,15134,251.85,252.23,2,0.4,0.1955,0.1955,1236.4,0
NMarseillesRd_MAS_12.22.25_LS_V1,MAS,1700,561,562,9.35,9.37,2,0.03,0.1903,0.1903,1618.6,0
NMarseillesRd_MAS_12.22.25_LS_V1,MAS,1710,4239,4239,70.65,70.65,1,0.02,0.1886,0.1886,1094.7,0
NMarseillesRd_MAS_12.22.25_LS_V1,MAS,1751,11471,11474,191.18,191.23,2,0.07,0.184,0.184,1181.2,0
NMarseillesRd_MAS_12.22.25_LS_V1,MAS,1781,15707,15707,261.78,261.78,1,0.02,0.182,0.182,1436.1,0
NMarseillesRd_MAS_12.22.25_LS_V1,MAS,1741,10365,10365,172.75,172.75,1,0.02,0.1743,0.1743,1745.6,0
NMarseillesRd_MAS_12.22.25_LS_V1,MAS,1699,405,405,6.75,6.75,1,0.02,0.1739,0.1739,1124.4,0
NMarseillesRd_MAS_12.22.25_LS_V1,MAS,1768,14468,14481,241.13,241.35,7,0.23,0.1484,0.1647,1935.9,0
NMarseillesRd_MAS_12.22.25_LS_V1,MAS,1723,7671,7671,127.85,127.85,1,0.02,0.1627,0.1627,733.8,0
NMarseillesRd_MAS_12.22.25_LS_V1,MAS,1753,11655,11655,194.25,194.25,1,0.02,0.1601,0.1601,803.9,0
NMarseillesRd_MAS_12.22.25_LS_V1,MAS,1698,393,393,6.55,6.55,1,0.02,0.1584,0.1584,718.6,0
NMarseillesRd_MAS_12.22.25_LS_V1,MAS,1730,7915,7915,131.92,131.92,1,0.02,0.1573,0.1573,1906.1,0
NMarseillesRd_MAS_12.22.25_LS_V1,MAS,1759,13023,13025,217.05,217.08,2,0.05,0.1568,0.1568,943.3,0
NMarseillesRd_MAS_12.22.25_LS_V1,MAS,1724,7711,7735,128.52,128.92,5,0.42,0.1561,0.1561,880.0,0
NMarseillesRd_MAS_12.22.25_LS_V1,MAS,1712,5163,5163,86.05,86.05,1,0.02,0.1552,0.1552,2290.1,0
NMarseillesRd_MAS_12.22.25_LS_V1,MAS,1760,13075,13075,217.92,217.92,1,0.02,0.1538,0.1538,1034.0,0
NMarseillesRd_MAS_12.22.25_LS_V1,MAS,1763,13848,13858,230.8,230.96,2,0.18,0.1537,0.1537,1495.2,0
NMarseillesRd_MAS_12.22.25_LS_V1,MAS,1757,12896,12902,214.93,215.03,3,0.12,0.1531,0.1531,970.9,0
NMarseillesRd_MAS_12.22.25_LS_V1,MAS,1740,10222,10223,170.37,170.38,2,0.03,0.1511,0.1511,1596.4,0
NMarseillesRd_MAS_12.22.25_LS_V1,MAS,1728,7772,7772,129.53,129.53,1,0.02,0.1493,0.1493,1626.0,0
NMarseillesRd_MAS_12.22.25_LS_V1,MAS,1752,11538,11538,192.3,192.3,1,0.02,0.1458,0.1458,1265.3,0
NMarseillesRd_MAS_12.22.25_LS_V1,MAS,1749,10987,10987,183.12,183.12,1,0.02,0.1425,0.1425,651.5,0
NMarseillesRd_MAS_12.22.25_LS_V1,MAS,1742,10534,10547,175.57,175.78,5,0.23,0.138,0.138,912.0,0
NMarseillesRd_MAS_12.22.25_LS_V1,MAS,1745,10684,10684,178.07,178.07,1,0.02,0.1361,0.1361,1291.4,0
NMarseillesRd_MAS_12.22.25_LS_V1,MAS,1782,15898,15898,264.96,264.96,1,0.02,0.1359,0.1359,1305.6,0
NMarseillesRd_MAS_12.22.25_LS_V1,MAS,1778,15363,15364,256.05,256.06,2,0.03,0.1357,0.1357,1604.6,0
NMarseillesRd_MAS_12.22.25_LS_V1,MAS,1714,5234,5234,87.23,87.23,1,0.02,0.1343,0.1343,2565.4,0
NMarseillesRd_MAS_12.22.25_LS_V1,MAS,1769,14472,14472,241.2,241.2,1,0.02,0.1341,0.1341,1744.1,0
NMarseillesRd_MAS_12.22.25_LS_V1,MAS,1697,88,93,1.47,1.55,2,0.1,0.1307,0.1307,1427.7,0
NMarseillesRd_MAS_12.22.25_LS_V1,MAS,1718,6121,6121,102.02,102.02,1,0.02,0.1306,0.1306,522.0,0
NMarseillesRd_MAS_12.22.25_LS_V1,MAS,1755,12664,12664,211.07,211.07,1,0.02,0.1298,0.1298,2163.9,0
NMarseillesRd_MAS_12.22.25_LS_V1,MAS,1773,15050,15050,250.83,250.83,1,0.02,0.1287,0.1287,1818.9,0
NMarseillesRd_MAS_12.22.25_LS_V1,MAS,1739,10127,10127,168.78,168.78,1,0.02,0.128,0.128,995.2,0
NMarseillesRd_MAS_12.22.25_LS_V1,MAS,1711,4612,4612,76.87,76.87,1,0.02,0.1268,0.1268,1292.4,0
NMarseillesRd_MAS_12.22.25_LS_V1,MAS,1727,7771,7771,129.52,129.52,1,0.02,0.1224,0.1224,1208.5,0
NMarseillesRd_MAS_12.22.25_LS_V1,MAS,1761,13425,13429,223.75,223.82,3,0.08,0.1223,0.1223,1512.4,0
NMarseillesRd_MAS_12.22.25_LS_V1,MAS,1770,14602,14603,243.36,243.38,2,0.03,0.1202,0.1202,2110.4,0
NMarseillesRd_MAS_12.22.25_LS_V1,MAS,1713,5166,5166,86.1,86.1,1,0.02,0.1185,0.1185,1057.7,0
NMarseillesRd_MAS_12.22.25_LS_V1,MAS,1767,14188,14188,236.46,236.46,1,0.02,0.1178,0.1178,1361.2,0
NMarseillesRd_MAS_12.22.25_LS_V1,MAS,1721,7560,7560,126.0,126.0,1,0.02,0.1175,0.1175,935.8,0
NMarseillesRd_MAS_12.22.25_LS_V1,MAS,1731,8194,8210,136.57,136.83,3,0.28,0.1165,0.1165,2773.6,0
NMarseillesRd_MAS_12.22.25_LS_V1,MAS,1702,850,850,14.17,14.17,1,0.02,0.1115,0.1115,892.9,0
NMarseillesRd_MAS_12.22.25_LS_V1,MAS,1748,10866,10866,181.1,181.1,1,0.02,0.1106,0.1106,2308.5,0
NMarseillesRd_MAS_12.22.25_LS_V1,MAS,1729,7850,7850,130.83,130.83,1,0.02,0.1101,0.1101,1636.9,0
NMarseillesRd_MAS_12.22.25_LS_V1,MAS,1732,8226,8226,137.1,137.1,1,0.02,0.1095,0.1095,629.8,0
NMarseillesRd_MAS_12.22.25_LS_V1,MAS,1771,14602,14603,243.36,243.38,2,0.03,0.109,0.109,2187.4,0
NMarseillesRd_MAS_12.22.25_LS_V1,MAS,1708,2200,2200,36.67,36.67,1,0.02,0.1085,0.1085,1216.6,0
NMarseillesRd_MAS_12.22.25_LS_V1,MAS,1735,9918,9918,165.3,165.3,1,0.02,0.1058,0.1058,3910.8,0
NMarseillesRd_MAS_12.22.25_LS_V1,MAS,1716,5897,5897,98.28,98.28,1,0.02,0.1046,0.1046,411.2,0
NMarseillesRd_MAS_12.22.25_LS_V1,MAS,1717,6073,6073,101.22,101.22,1,0.02,0.1027,0.1027,277.2,0
NMarseillesRd_MAS_12.22.25_LS_V1,MAS,1780,15535,15535,258.91,258.91,1,0.02,0.1018,0.1018,1520.0,0
NMarseillesRd_MAS_12.22.25_LS_V1,MAS,1762,13523,13523,225.38,225.38,1,0.02,0.1001,0.1001,1789.2,0
NShelbyRd(pink)_SHB_12.11.2025_LS,SHB,908,6939,7168,115.81,119.63,223,3.84,0.7291,0.7977,653.1,1
NShelbyRd(pink)_SHB_12.11.2025_LS,SHB,796,3724,3878,62.15,64.72,138,2.59,0.6265,0.713,590.3,1
NShelbyRd(pink)_SHB_12.11.2025_LS,SHB,798,3776,3854,63.02,64.32,57,1.32,0.6165,0.7077,589.9,1
NShelbyRd(pink)_SHB_12.11.2025_LS,SHB,910,6979,7089,116.47,118.31,67,1.85,0.4876,0.7075,417.3,1
NShelbyRd(pink)_SHB_12.11.2025_LS,SHB,795,3709,3793,61.9,63.3,77,1.42,0.6183,0.7066,560.2,1
NShelbyRd(pink)_SHB_12.11.2025_LS,SHB,831,5072,5129,84.65,85.6,34,0.97,0.4617,0.6263,574.8,1
NShelbyRd(pink)_SHB_12.11.2025_LS,SHB,2026,2550,2609,42.56,43.54,31,1.0,0.3345,0.55,884.3,1
NShelbyRd(pink)_SHB_12.11.2025_LS,SHB,2027,2551,2622,42.57,43.76,19,1.2,0.2789,0.4631,780.6,1
NShelbyRd(pink)_SHB_12.11.2025_LS,SHB,2036,3581,3696,59.76,61.68,26,1.94,0.2405,0.441,634.5,1
NShelbyRd(pink)_SHB_12.11.2025_LS,SHB,2122,9470,9586,158.05,159.98,36,1.95,0.2101,0.4284,449.6,1
NShelbyRd(pink)_SHB_12.11.2025_LS,SHB,2070,5871,5896,97.98,98.4,15,0.43,0.2461,0.3647,486.1,1
NShelbyRd(pink)_SHB_12.11.2025_LS,SHB,817,4329,4329,72.25,72.25,1,0.02,0.5932,0.5932,519.5,0
NShelbyRd(pink)_SHB_12.11.2025_LS,SHB,909,6971,6972,116.34,116.36,2,0.03,0.5317,0.5317,522.8,0
NShelbyRd(pink)_SHB_12.11.2025_LS,SHB,789,3685,3685,61.5,61.5,1,0.02,0.5069,0.5069,664.0,0
NShelbyRd(pink)_SHB_12.11.2025_LS,SHB,882,5966,5966,99.57,99.57,1,0.02,0.4973,0.4973,505.2,0
NShelbyRd(pink)_SHB_12.11.2025_LS,SHB,986,9492,9507,158.41,158.66,10,0.27,0.4182,0.4872,426.7,0
NShelbyRd(pink)_SHB_12.11.2025_LS,SHB,782,3651,3651,60.93,60.93,1,0.02,0.4711,0.4711,783.9,0
NShelbyRd(pink)_SHB_12.11.2025_LS,SHB,775,3626,3645,60.51,60.83,3,0.33,0.4606,0.4606,692.8,0
NShelbyRd(pink)_SHB_12.11.2025_LS,SHB,873,5895,5895,98.38,98.38,1,0.02,0.4374,0.4374,957.1,0
NShelbyRd(pink)_SHB_12.11.2025_LS,SHB,2039,3627,3694,60.53,61.65,7,1.13,0.3628,0.4058,760.1,0
NShelbyRd(pink)_SHB_12.11.2025_LS,SHB,1016,9601,9610,160.23,160.38,10,0.17,0.3531,0.3999,383.1,0
NShelbyRd(pink)_SHB_12.11.2025_LS,SHB,891,6017,6018,100.42,100.43,2,0.03,0.3709,0.3709,772.1,0
NShelbyRd(pink)_SHB_12.11.2025_LS,SHB,2106,8077,8077,134.8,134.8,1,0.02,0.3665,0.3665,678.1,0
NShelbyRd(pink)_SHB_12.11.2025_LS,SHB,885,5974,5974,99.7,99.7,1,0.02,0.3618,0.3618,479.3,0
NShelbyRd(pink)_SHB_12.11.2025_LS,SHB,808,3932,3932,65.62,65.62,1,0.02,0.3513,0.3513,492.1,0
NShelbyRd(pink)_SHB_12.11.2025_LS,SHB,2086,6895,6895,115.07,115.07,1,0.02,0.3488,0.3488,900.6,0
NShelbyRd(pink)_SHB_12.11.2025_LS,SHB,2071,5891,5904,98.32,98.53,8,0.23,0.2654,0.3352,999.7,0
NShelbyRd(pink)_SHB_12.11.2025_LS,SHB,822,4748,4748,79.24,79.24,1,0.02,0.327,0.327,574.2,0
NShelbyRd(pink)_SHB_12.11.2025_LS,SHB,920,7061,7062,117.84,117.86,2,0.03,0.3195,0.3195,413.0,0
NShelbyRd(pink)_SHB_12.11.2025_LS,SHB,1008,9571,9571,159.73,159.73,1,0.02,0.3189,0.3189,337.7,0
NShelbyRd(pink)_SHB_12.11.2025_LS,SHB,2020,1954,1956,32.61,32.64,2,0.05,0.3143,0.3143,1563.2,0
NShelbyRd(pink)_SHB_12.11.2025_LS,SHB,2107,8088,8089,134.98,135.0,2,0.03,0.3097,0.3097,1028.4,0
NShelbyRd(pink)_SHB_12.11.2025_LS,SHB,2055,5079,5096,84.76,85.05,4,0.3,0.3095,0.3095,593.1,0
NShelbyRd(pink)_SHB_12.11.2025_LS,SHB,2037,3601,3639,60.1,60.73,3,0.65,0.3001,0.3001,606.0,0
NShelbyRd(pink)_SHB_12.11.2025_LS,SHB,2072,5957,6022,99.42,100.5,25,1.1,0.174,0.2955,532.8,0
NShelbyRd(pink)_SHB_12.11.2025_LS,SHB,2124,9532,9600,159.08,160.22,30,1.15,0.1749,0.2921,357.7,0
NShelbyRd(pink)_SHB_12.11.2025_LS,SHB,2051,4740,4762,79.11,79.47,9,0.38,0.2046,0.2787,572.1,0
NShelbyRd(pink)_SHB_12.11.2025_LS,SHB,2057,5168,5171,86.25,86.3,3,0.07,0.2701,0.2701,535.2,0
NShelbyRd(pink)_SHB_12.11.2025_LS,SHB,2040,3696,3708,61.68,61.88,5,0.22,0.2612,0.2612,466.3,0
NShelbyRd(pink)_SHB_12.11.2025_LS,SHB,2023,2528,2528,42.19,42.19,1,0.02,0.2602,0.2602,1374.3,0
NShelbyRd(pink)_SHB_12.11.2025_LS,SHB,2048,4322,4331,72.13,72.28,4,0.17,0.2589,0.2589,524.4,0
NShelbyRd(pink)_SHB_12.11.2025_LS,SHB,2054,5071,5104,84.63,85.18,14,0.57,0.1895,0.2566,555.1,0
NShelbyRd(pink)_SHB_12.11.2025_LS,SHB,2099,7665,7665,127.92,127.92,1,0.02,0.2562,0.2562,993.1,0
NShelbyRd(pink)_SHB_12.11.2025_LS,SHB,2043,3897,3897,65.04,65.04,1,0.02,0.2506,0.2506,431.8,0
NShelbyRd(pink)_SHB_12.11.2025_LS,SHB,2018,1439,1439,24.02,24.02,1,0.02,0.248,0.248,768.4,0
NShelbyRd(pink)_SHB_12.11.2025_LS,SHB,2089,6938,6938,115.79,115.79,1,0.02,0.2452,0.2452,595.3,0
NShelbyRd(pink)_SHB_12.11.2025_LS,SHB,2044,3931,3963,65.6,66.14,7,0.55,0.2131,0.2438,454.9,0
NShelbyRd(pink)_SHB_12.11.2025_LS,SHB,2042,3884,3885,64.82,64.84,2,0.03,0.2428,0.2428,634.5,0
NShelbyRd(pink)_SHB_12.11.2025_LS,SHB,2081,6462,6462,107.84,107.84,1,0.02,0.2423,0.2423,871.4,0
NShelbyRd(pink)_SHB_12.11.2025_LS,SHB,2063,5427,5442,90.57,90.82,7,0.27,0.2018,0.2419,737.6,0
NShelbyRd(pink)_SHB_12.11.2025_LS,SHB,2049,4466,4466,74.53,74.53,1,0.02,0.2384,0.2384,642.2,0
NShelbyRd(pink)_SHB_12.11.2025_LS,SHB,2034,3434,3434,57.31,57.31,1,0.02,0.2371,0.2371,1507.9,0
NShelbyRd(pink)_SHB_12.11.2025_LS,SHB,2041,3875,3875,64.67,64.67,1,0.02,0.2312,0.2312,384.8,0
NShelbyRd(pink)_SHB_12.11.2025_LS,SHB,2119,9337,9381,155.83,156.56,8,0.75,0.1905,0.2306,774.8,0
NShelbyRd(pink)_SHB_12.11.2025_LS,SHB,2065,5506,5507,91.89,91.91,2,0.03,0.2291,0.2291,652.8,0
NShelbyRd(pink)_SHB_12.11.2025_LS,SHB,2120,9383,9399,156.59,156.86,2,0.28,0.2276,0.2276,621.6,0
NShelbyRd(pink)_SHB_12.11.2025_LS,SHB,2064,5461,5461,91.14,91.14,1,0.02,0.2207,0.2207,444.8,0
NShelbyRd(pink)_SHB_12.11.2025_LS,SHB,2068,5826,5826,97.23,97.23,1,0.02,0.2169,0.2169,586.6,0
NShelbyRd(pink)_SHB_12.11.2025_LS,SHB,2053,5045,5045,84.2,84.2,1,0.02,0.2132,0.2132,529.6,0
NShelbyRd(pink)_SHB_12.11.2025_LS,SHB,2092,7158,7170,119.46,119.66,3,0.22,0.2122,0.2122,418.9,0
NShelbyRd(pink)_SHB_12.11.2025_LS,SHB,2073,6075,6085,101.39,101.55,5,0.18,0.2078,0.2078,998.8,0
NShelbyRd(pink)_SHB_12.11.2025_LS,SHB,2028,2569,2586,42.87,43.16,6,0.3,0.1877,0.2048,1042.0,0
NShelbyRd(pink)_SHB_12.11.2025_LS,SHB,2074,6141,6141,102.49,102.49,1,0.02,0.2033,0.2033,871.9,0
NShelbyRd(pink)_SHB_12.11.2025_LS,SHB,2078,6357,6363,106.09,106.19,3,0.12,0.2009,0.2009,963.8,0
NShelbyRd(pink)_SHB_12.11.2025_LS,SHB,2050,4736,4760,79.04,79.44,9,0.42,0.1619,0.1987,555.9,0
NShelbyRd(pink)_SHB_12.11.2025_LS,SHB,2095,7374,7385,123.07,123.25,4,0.2,0.1979,0.1979,689.3,0
NShelbyRd(pink)_SHB_12.11.2025_LS,SHB,2121,9414,9419,157.11,157.19,5,0.1,0.1943,0.1943,767.0,0
NShelbyRd(pink)_SHB_12.11.2025_LS,SHB,2082,6666,6666,111.25,111.25,1,0.02,0.1924,0.1924,1202.5,0
NShelbyRd(pink)_SHB_12.11.2025_LS,SHB,2090,7046,7046,117.59,117.59,1,0.02,0.1922,0.1922,650.8,0
NShelbyRd(pink)_SHB_12.11.2025_LS,SHB,2113,8285,8319,138.27,138.84,5,0.58,0.1895,0.1895,1065.3,0
NShelbyRd(pink)_SHB_12.11.2025_LS,SHB,2024,2533,2533,42.27,42.27,1,0.02,0.1887,0.1887,660.2,0
NShelbyRd(pink)_SHB_12.11.2025_LS,SHB,2115,8326,8331,138.95,139.04,4,0.1,0.1882,0.1882,924.5,0
NShelbyRd(pink)_SHB_12.11.2025_LS,SHB,2102,7744,7745,129.24,129.26,2,0.03,0.186,0.186,1033.5,0
NShelbyRd(pink)_SHB_12.11.2025_LS,SHB,2062,5322,5322,88.82,88.82,1,0.02,0.1837,0.1837,550.3,0
NShelbyRd(pink)_SHB_12.11.2025_LS,SHB,2105,7943,7943,132.56,132.56,1,0.02,0.1817,0.1817,567.8,0
NShelbyRd(pink)_SHB_12.11.2025_LS,SHB,2017,1265,1277,21.11,21.31,2,0.22,0.178,0.178,770.5,0
NShelbyRd(pink)_SHB_12.11.2025_LS,SHB,2116,8606,8607,143.63,143.64,2,0.03,0.1744,0.1744,887.5,0
NShelbyRd(pink)_SHB_12.11.2025_LS,SHB,2112,8255,8314,137.77,138.75,6,1.0,0.1612,0.168,1458.3,0
NShelbyRd(pink)_SHB_12.11.2025_LS,SHB,2077,6321,6321,105.49,105.49,1,0.02,0.1653,0.1653,752.8,0
NShelbyRd(pink)_SHB_12.11.2025_LS,SHB,2056,5127,5172,85.56,86.32,9,0.77,0.1446,0.1644,622.7,0
NShelbyRd(pink)_SHB_12.11.2025_LS,SHB,2021,1959,1959,32.69,32.69,1,0.02,0.1629,0.1629,1356.4,0
NShelbyRd(pink)_SHB_12.11.2025_LS,SHB,2030,2596,2621,43.32,43.74,3,0.43,0.1623,0.1623,1074.4,0
NShelbyRd(pink)_SHB_12.11.2025_LS,SHB,2085,6869,6869,114.64,114.64,1,0.02,0.1605,0.1605,522.7,0
NShelbyRd(pink)_SHB_12.11.2025_LS,SHB,2069,5870,5908,97.96,98.6,8,0.65,0.1427,0.1602,639.3,0
NShelbyRd(pink)_SHB_12.11.2025_LS,SHB,2031,2600,2600,43.39,43.39,1,0.02,0.1592,0.1592,1832.2,0
NShelbyRd(pink)_SHB_12.11.2025_LS,SHB,2045,3931,3960,65.6,66.09,2,0.5,0.1561,0.1561,367.3,0
NShelbyRd(pink)_SHB_12.11.2025_LS,SHB,2066,5532,5534,92.32,92.36,3,0.05,0.1552,0.1552,418.9,0
NShelbyRd(pink)_SHB_12.11.2025_LS,SHB,2076,6243,6278,104.19,104.77,8,0.6,0.1371,0.1537,771.6,0
NShelbyRd(pink)_SHB_12.11.2025_LS,SHB,2109,8112,8127,135.38,135.63,5,0.27,0.1525,0.1525,1972.8,0
NShelbyRd(pink)_SHB_12.11.2025_LS,SHB,2104,7896,7897,131.78,131.79,2,0.03,0.15,0.15,645.0,0
NShelbyRd(pink)_SHB_12.11.2025_LS,SHB,2093,7202,7211,120.19,120.34,5,0.17,0.1476,0.1476,455.8,0
NShelbyRd(pink)_SHB_12.11.2025_LS,SHB,2111,8231,8239,137.37,137.5,4,0.15,0.1475,0.1475,872.0,0
NShelbyRd(pink)_SHB_12.11.2025_LS,SHB,2022,1969,1971,32.86,32.89,2,0.05,0.1471,0.1471,1724.8,0
NShelbyRd(pink)_SHB_12.11.2025_LS,SHB,2058,5238,5238,87.42,87.42,1,0.02,0.1465,0.1465,375.2,0
NShelbyRd(pink)_SHB_12.11.2025_LS,SHB,2088,6930,6930,115.66,115.66,1,0.02,0.1441,0.1441,705.8,0
NShelbyRd(pink)_SHB_12.11.2025_LS,SHB,2108,8092,8092,135.05,135.05,1,0.02,0.1433,0.1433,783.9,0
NShelbyRd(pink)_SHB_12.11.2025_LS,SHB,2091,7085,7085,118.24,118.24,1,0.02,0.1417,0.1417,578.7,0
NShelbyRd(pink)_SHB_12.11.2025_LS,SHB,2052,4833,4839,80.66,80.76,2,0.12,0.1384,0.1384,519.8,0
NShelbyRd(pink)_SHB_12.11.2025_LS,SHB,2101,7703,7703,128.56,128.56,1,0.02,0.1344,0.1344,1447.5,0
NShelbyRd(pink)_SHB_12.11.2025_LS,SHB,2029,2572,2572,42.92,42.92,1,0.02,0.1337,0.1337,680.7,0
NShelbyRd(pink)_SHB_12.11.2025_LS,SHB,2016,946,946,15.79,15.79,1,0.02,0.133,0.133,1971.6,0
NShelbyRd(pink)_SHB_12.11.2025_LS,SHB,2094,7255,7255,121.08,121.08,1,0.02,0.1325,0.1325,703.3,0
NShelbyRd(pink)_SHB_12.11.2025_LS,SHB,2047,4011,4014,66.94,66.99,2,0.07,0.1298,0.1298,526.0,0
NShelbyRd(pink)_SHB_12.11.2025_LS,SHB,2079,6357,6357,106.09,106.09,1,0.02,0.1297,0.1297,805.7,0
NShelbyRd(pink)_SHB_12.11.2025_LS,SHB,2117,9077,9077,151.49,151.49,1,0.02,0.1291,0.1291,752.7,0
NShelbyRd(pink)_SHB_12.11.2025_LS,SHB,2038,3601,3632,60.1,60.61,3,0.53,0.1265,0.1265,407.5,0
NShelbyRd(pink)_SHB_12.11.2025_LS,SHB,2123,9477,9480,158.16,158.21,2,0.07,0.1232,0.1232,586.9,0
NShelbyRd(pink)_SHB_12.11.2025_LS,SHB,2075,6154,6154,102.7,102.7,1,0.02,0.1218,0.1218,628.7,0
NShelbyRd(pink)_SHB_12.11.2025_LS,SHB,2110,8130,8130,135.68,135.68,1,0.02,0.1218,0.1218,943.5,0
NShelbyRd(pink)_SHB_12.11.2025_LS,SHB,2067,5692,5692,94.99,94.99,1,0.02,0.1209,0.1209,532.0,0
NShelbyRd(pink)_SHB_12.11.2025_LS,SHB,2033,3041,3041,50.75,50.75,1,0.02,0.1201,0.1201,740.3,0
NShelbyRd(pink)_SHB_12.11.2025_LS,SHB,2100,7692,7692,128.37,128.37,1,0.02,0.1189,0.1189,969.4,0
NShelbyRd(pink)_SHB_12.11.2025_LS,SHB,2019,1616,1616,26.97,26.97,1,0.02,0.1167,0.1167,359.5,0
NShelbyRd(pink)_SHB_12.11.2025_LS,SHB,2046,3963,3963,66.14,66.14,1,0.02,0.1154,0.1154,426.7,0
NShelbyRd(pink)_SHB_12.11.2025_LS,SHB,2087,6897,6897,115.1,115.1,1,0.02,0.1143,0.1143,538.5,0
NShelbyRd(pink)_SHB_12.11.2025_LS,SHB,2061,5306,5306,88.55,88.55,1,0.02,0.114,0.114,688.5,0
NShelbyRd(pink)_SHB_12.11.2025_LS,SHB,2097,7596,7596,126.77,126.77,1,0.02,0.114,0.114,643.6,0
NShelbyRd(pink)_SHB_12.11.2025_LS,SHB,2032,2717,2717,45.34,45.34,1,0.02,0.1136,0.1136,1090.1,0
NShelbyRd(pink)_SHB_12.11.2025_LS,SHB,2096,7590,7590,126.67,126.67,1,0.02,0.1115,0.1115,1686.3,0
NShelbyRd(pink)_SHB_12.11.2025_LS,SHB,2060,5250,5258,87.62,87.75,2,0.15,0.1114,0.1114,604.9,0
NShelbyRd(pink)_SHB_12.11.2025_LS,SHB,2059,5244,5244,87.52,87.52,1,0.02,0.111,0.111,511.7,0
NShelbyRd(pink)_SHB_12.11.2025_LS,SHB,2103,7842,7842,130.88,130.88,1,0.02,0.1105,0.1105,952.6,0
NShelbyRd(pink)_SHB_12.11.2025_LS,SHB,2118,9300,9300,155.21,155.21,1,0.02,0.1096,0.1096,329.8,0
NShelbyRd(pink)_SHB_12.11.2025_LS,SHB,2114,8288,8288,138.32,138.32,1,0.02,0.1069,0.1069,938.7,0
NShelbyRd(pink)_SHB_12.11.2025_LS,SHB,2098,7642,7642,127.54,127.54,1,0.02,0.1063,0.1063,1031.8,0
NShelbyRd(pink)_SHB_12.11.2025_LS,SHB,2083,6683,6683,111.53,111.53,1,0.02,0.1059,0.1059,444.7,0
NShelbyRd(pink)_SHB_12.11.2025_LS,SHB,2025,2535,2535,42.31,42.31,1,0.02,0.1038,0.1038,776.1,0
NShelbyRd(pink)_SHB_12.11.2025_LS,SHB,2035,3573,3601,59.63,60.1,2,0.48,0.1028,0.1028,1000.0,0
NShelbyRd(pink)_SHB_12.11.2025_LS,SHB,2080,6389,6389,106.63,106.63,1,0.02,0.1028,0.1028,603.7,0
NShelbyRd(pink)_SHB_12.11.2025_LS,SHB,2084,6694,6694,111.72,111.72,1,0.02,0.101,0.101,577.0,0
OikosRd_TON_12.03.25_LS,TON,1131,4899,4917,81.68,81.98,14,0.32,0.697,0.7534,5715.3,1
OikosRd_TON_12.03.25_LS,TON,2373,4889,4969,81.51,82.84,16,1.35,0.3056,0.5964,2404.0,1
OikosRd_TON_12.03.25_LS,TON,2376,4936,4972,82.29,82.89,19,0.62,0.3723,0.5733,1388.5,1
OikosRd_TON_12.03.25_LS,TON,2326,1313,1382,21.89,23.04,26,1.17,0.2473,0.4277,1478.6,1
OikosRd_TON_12.03.25_LS,TON,1017,521,547,8.69,9.12,21,0.45,0.3361,0.4132,1448.3,1
OikosRd_TON_12.03.25_LS,TON,2379,4954,5000,82.59,83.36,11,0.78,0.2863,0.389,1275.2,1
OikosRd_TON_12.03.25_LS,TON,2334,2222,2269,37.04,37.83,21,0.8,0.2224,0.3833,401.4,1
OikosRd_TON_12.03.25_LS,TON,2355,3345,3369,55.77,56.17,10,0.42,0.2469,0.3407,1153.0,1
OikosRd_TON_12.03.25_LS,TON,2352,3141,3159,52.37,52.67,11,0.32,0.2497,0.3319,495.8,1
OikosRd_TON_12.03.25_LS,TON,1144,4924,4937,82.09,82.31,13,0.23,0.7294,0.7818,4079.1,0
OikosRd_TON_12.03.25_LS,TON,1032,1334,1334,22.24,22.24,1,0.02,0.6488,0.6488,1389.7,0
OikosRd_TON_12.03.25_LS,TON,1160,4948,4952,82.49,82.56,4,0.08,0.635,0.635,2340.2,0
OikosRd_TON_12.03.25_LS,TON,1033,1338,1347,22.31,22.46,10,0.17,0.5598,0.6265,1554.8,0
OikosRd_TON_12.03.25_LS,TON,2367,4429,4429,73.84,73.84,1,0.02,0.6016,0.6016,912.2,0
OikosRd_TON_12.03.25_LS,TON,1178,4956,4957,82.63,82.64,2,0.03,0.5831,0.5831,1468.5,0
OikosRd_TON_12.03.25_LS,TON,1215,5196,5196,86.63,86.63,1,0.02,0.5519,0.5519,609.9,0
OikosRd_TON_12.03.25_LS,TON,1026,1314,1320,21.91,22.01,4,0.12,0.5473,0.5473,1278.4,0
OikosRd_TON_12.03.25_LS,TON,1133,4900,4900,81.69,81.69,1,0.02,0.5409,0.5409,2616.8,0
OikosRd_TON_12.03.25_LS,TON,1117,3658,3658,60.99,60.99,1,0.02,0.5406,0.5406,709.9,0
OikosRd_TON_12.03.25_LS,TON,1281,9423,9429,157.1,157.2,7,0.12,0.4885,0.5347,646.5,0
OikosRd_TON_12.03.25_LS,TON,2366,4388,4388,73.16,73.16,1,0.02,0.521,0.521,1125.2,0
OikosRd_TON_12.03.25_LS,TON,1181,4964,4964,82.76,82.76,1,0.02,0.5058,0.5058,871.9,0
OikosRd_TON_12.03.25_LS,TON,2465,12000,12000,200.06,200.06,1,0.02,0.4967,0.4967,675.0,0
OikosRd_TON_12.03.25_LS,TON,1145,4925,4942,82.11,82.39,3,0.3,0.4825,0.4825,1467.8,0
OikosRd_TON_12.03.25_LS,TON,1151,4942,4942,82.39,82.39,1,0.02,0.4577,0.4577,1843.4,0
OikosRd_TON_12.03.25_LS,TON,1255,8395,8395,139.96,139.96,1,0.02,0.4539,0.4539,851.3,0
OikosRd_TON_12.03.25_LS,TON,1073,2240,2240,37.34,37.34,1,0.02,0.4423,0.4423,463.9,0
OikosRd_TON_12.03.25_LS,TON,1319,13540,13541,225.74,225.75,2,0.03,0.4418,0.4418,877.9,0
OikosRd_TON_12.03.25_LS,TON,1305,11101,11103,185.07,185.11,3,0.05,0.433,0.433,536.7,0
OikosRd_TON_12.03.25_LS,TON,2416,7235,7235,120.62,120.62,1,0.02,0.4304,0.4304,1664.8,0
OikosRd_TON_12.03.25_LS,TON,2459,11100,11100,185.06,185.06,1,0.02,0.4273,0.4273,529.7,0
OikosRd_TON_12.03.25_LS,TON,2435,8647,8647,144.16,144.16,1,0.02,0.4186,0.4186,562.1,0
OikosRd_TON_12.03.25_LS,TON,2412,7003,7003,116.75,116.75,1,0.02,0.4125,0.4125,832.3,0
OikosRd_TON_12.03.25_LS,TON,2471,12783,12783,213.12,213.12,1,0.02,0.4114,0.4114,317.4,0
OikosRd_TON_12.03.25_LS,TON,2431,8552,8567,142.58,142.83,8,0.27,0.3077,0.411,986.4,0
OikosRd_TON_12.03.25_LS,TON,1309,12001,12002,200.08,200.1,2,0.03,0.4089,0.4089,689.8,0
OikosRd_TON_12.03.25_LS,TON,2395,5307,5307,88.48,88.48,1,0.02,0.3941,0.3941,2619.1,0
OikosRd_TON_12.03.25_LS,TON,2374,4897,4898,81.64,81.66,2,0.03,0.3918,0.3918,1532.7,0
OikosRd_TON_12.03.25_LS,TON,2370,4671,4671,77.87,77.87,1,0.02,0.3896,0.3896,1592.6,0
OikosRd_TON_12.03.25_LS,TON,1068,2226,2228,37.11,37.14,3,0.05,0.3785,0.3785,400.8,0
OikosRd_TON_12.03.25_LS,TON,2397,5642,5642,94.06,94.06,1,0.02,0.3681,0.3681,598.5,0
OikosRd_TON_12.03.25_LS,TON,2458,11079,11087,184.71,184.84,4,0.15,0.3517,0.3517,228.4,0
OikosRd_TON_12.03.25_LS,TON,2392,5208,5209,86.83,86.84,2,0.03,0.3503,0.3503,819.5,0
OikosRd_TON_12.03.25_LS,TON,2342,2583,2585,43.06,43.1,3,0.05,0.3489,0.3489,386.3,0
OikosRd_TON_12.03.25_LS,TON,2377,4940,4954,82.36,82.59,6,0.25,0.3082,0.339,1566.3,0
OikosRd_TON_12.03.25_LS,TON,2391,5193,5210,86.58,86.86,5,0.3,0.3376,0.3376,657.9,0
OikosRd_TON_12.03.25_LS,TON,2396,5552,5552,92.56,92.56,1,0.02,0.3287,0.3287,1655.4,0
OikosRd_TON_12.03.25_LS,TON,2365,4326,4326,72.12,72.12,1,0.02,0.3188,0.3188,473.2,0
OikosRd_TON_12.03.25_LS,TON,2444,9439,9440,157.37,157.38,2,0.03,0.3137,0.3137,1057.8,0
OikosRd_TON_12.03.25_LS,TON,2357,3654,3659,60.92,61.0,4,0.1,0.3118,0.3118,721.1,0
OikosRd_TON_12.03.25_LS,TON,2425,7966,7966,132.81,132.81,1,0.02,0.3108,0.3108,538.5,0
OikosRd_TON_12.03.25_LS,TON,2330,1786,1811,29.78,30.19,11,0.43,0.2288,0.2928,937.7,0
OikosRd_TON_12.03.25_LS,TON,2386,5126,5140,85.46,85.69,8,0.25,0.2364,0.2922,720.9,0
OikosRd_TON_12.03.25_LS,TON,2384,5064,5065,84.43,84.44,2,0.03,0.2908,0.2908,1034.8,0
OikosRd_TON_12.03.25_LS,TON,2449,9596,9597,159.98,160.0,2,0.03,0.2899,0.2899,605.2,0
OikosRd_TON_12.03.25_LS,TON,2348,2962,2962,49.38,49.38,1,0.02,0.2886,0.2886,843.7,0
OikosRd_TON_12.03.25_LS,TON,2426,8385,8394,139.79,139.94,3,0.17,0.2861,0.2861,918.1,0
OikosRd_TON_12.03.25_LS,TON,2437,8805,8806,146.8,146.81,2,0.03,0.2768,0.2768,793.9,0
OikosRd_TON_12.03.25_LS,TON,2358,3799,3800,63.34,63.35,2,0.03,0.2762,0.2762,413.1,0
OikosRd_TON_12.03.25_LS,TON,2375,4922,4949,82.06,82.51,4,0.47,0.2758,0.2758,1083.4,0
OikosRd_TON_12.03.25_LS,TON,2383,5052,5085,84.23,84.78,4,0.57,0.2695,0.2695,874.4,0
OikosRd_TON_12.03.25_LS,TON,2484,13543,13582,225.79,226.44,11,0.67,0.1932,0.266,549.8,0
OikosRd_TON_12.03.25_LS,TON,2353,3248,3259,54.15,54.33,3,0.2,0.2657,0.2657,1459.1,0
OikosRd_TON_12.03.25_LS,TON,2457,10993,10993,183.27,183.27,1,0.02,0.2563,0.2563,750.5,0
OikosRd_TON_12.03.25_LS,TON,2446,9507,9513,158.5,158.6,7,0.12,0.2136,0.2493,681.1,0
OikosRd_TON_12.03.25_LS,TON,2354,3323,3324,55.4,55.42,2,0.03,0.2439,0.2439,3313.0,0
OikosRd_TON_12.03.25_LS,TON,2403,6175,6178,102.95,103.0,4,0.07,0.2384,0.2384,917.3,0
OikosRd_TON_12.03.25_LS,TON,2333,2186,2190,36.44,36.51,4,0.08,0.2378,0.2378,346.6,0
OikosRd_TON_12.03.25_LS,TON,2500,14900,14901,248.41,248.43,2,0.03,0.2374,0.2374,495.2,0
OikosRd_TON_12.03.25_LS,TON,2430,8490,8500,141.54,141.71,11,0.18,0.1939,0.2362,796.1,0
OikosRd_TON_12.03.25_LS,TON,2505,15100,15115,251.74,251.99,7,0.27,0.1982,0.2307,316.8,0
OikosRd_TON_12.03.25_LS,TON,2325,1267,1284,21.12,21.41,4,0.3,0.2289,0.2289,927.3,0
OikosRd_TON_12.03.25_LS,TON,2408,6732,6732,112.23,112.23,1,0.02,0.228,0.228,1069.8,0
OikosRd_TON_12.03.25_LS,TON,2378,4947,4954,82.48,82.59,3,0.13,0.227,0.227,997.4,0
OikosRd_TON_12.03.25_LS,TON,2451,9833,9834,163.93,163.95,2,0.03,0.2259,0.2259,639.0,0
OikosRd_TON_12.03.25_LS,TON,2387,5157,5157,85.98,85.98,1,0.02,0.2237,0.2237,2364.7,0
OikosRd_TON_12.03.25_LS,TON,2501,14923,14923,248.79,248.79,1,0.02,0.2218,0.2218,314.0,0
OikosRd_TON_12.03.25_LS,TON,2340,2356,2356,39.28,39.28,1,0.02,0.2201,0.2201,726.9,0
OikosRd_TON_12.03.25_LS,TON,2438,8820,8820,147.05,147.05,1,0.02,0.2194,0.2194,505.7,0
OikosRd_TON_12.03.25_LS,TON,2466,12283,12285,204.78,204.81,2,0.05,0.2192,0.2192,854.2,0
OikosRd_TON_12.03.25_LS,TON,2443,9419,9431,157.03,157.23,6,0.22,0.2009,0.2181,607.0,0
OikosRd_TON_12.03.25_LS,TON,2409,6751,6751,112.55,112.55,1,0.02,0.2165,0.2165,994.3,0
OikosRd_TON_12.03.25_LS,TON,2399,5903,5909,98.41,98.51,6,0.12,0.2013,0.2159,899.7,0
OikosRd_TON_12.03.25_LS,TON,2499,14886,14924,248.18,248.81,6,0.65,0.196,0.2128,349.3,0
OikosRd_TON_12.03.25_LS,TON,2427,8440,8440,140.71,140.71,1,0.02,0.211,0.211,677.4,0
OikosRd_TON_12.03.25_LS,TON,2407,6660,6660,111.03,111.03,1,0.02,0.2109,0.2109,445.5,0
OikosRd_TON_12.03.25_LS,TON,2456,10938,10943,182.36,182.44,4,0.1,0.2107,0.2107,778.6,0
OikosRd_TON_12.03.25_LS,TON,2331,2109,2111,35.16,35.19,3,0.05,0.2102,0.2102,493.5,0
OikosRd_TON_12.03.25_LS,TON,2445,9476,9479,157.98,158.03,2,0.07,0.2102,0.2102,633.0,0
OikosRd_TON_12.03.25_LS,TON,2323,519,561,8.65,9.35,12,0.72,0.1526,0.2028,1456.5,0
OikosRd_TON_12.03.25_LS,TON,2393,5253,5253,87.58,87.58,1,0.02,0.202,0.202,1682.2,0
OikosRd_TON_12.03.25_LS,TON,2448,9586,9590,159.82,159.88,3,0.08,0.2016,0.2016,480.8,0
OikosRd_TON_12.03.25_LS,TON,2463,11544,11547,192.46,192.51,3,0.07,0.2006,0.2006,1329.9,0
OikosRd_TON_12.03.25_LS,TON,2487,13752,13752,229.27,229.27,1,0.02,0.1994,0.1994,401.1,0
OikosRd_TON_12.03.25_LS,TON,2410,6767,6768,112.82,112.84,2,0.03,0.1988,0.1988,670.9,0
OikosRd_TON_12.03.25_LS,TON,2388,5169,5169,86.18,86.18,1,0.02,0.1983,0.1983,1082.4,0
OikosRd_TON_12.03.25_LS,TON,2491,14050,14061,234.24,234.42,4,0.2,0.1975,0.1975,806.0,0
OikosRd_TON_12.03.25_LS,TON,2372,4847,4858,80.81,80.99,2,0.2,0.1962,0.1962,1305.3,0
OikosRd_TON_12.03.25_LS,TON,2356,3355,3366,55.93,56.12,2,0.2,0.1961,0.1961,2089.0,0
OikosRd_TON_12.03.25_LS,TON,2389,5180,5183,86.36,86.41,3,0.07,0.1955,0.1955,926.3,0
OikosRd_TON_12.03.25_LS,TON,2414,7209,7209,120.19,120.19,1,0.02,0.1952,0.1952,2168.0,0
OikosRd_TON_12.03.25_LS,TON,2483,13539,13554,225.72,225.97,6,0.27,0.1841,0.1952,783.0,0
OikosRd_TON_12.03.25_LS,TON,2508,15135,15138,252.33,252.38,3,0.07,0.1952,0.1952,835.1,0
OikosRd_TON_12.03.25_LS,TON,2492,14126,14129,235.51,235.56,4,0.07,0.1949,0.1949,490.6,0
OikosRd_TON_12.03.25_LS,TON,2394,5271,5272,87.88,87.89,2,0.03,0.1932,0.1932,715.3,0
OikosRd_TON_12.03.25_LS,TON,2324,579,582,9.65,9.7,3,0.07,0.192,0.192,1193.1,0
OikosRd_TON_12.03.25_LS,TON,2390,5183,5212,86.41,86.89,6,0.5,0.1791,0.19,695.7,0
OikosRd_TON_12.03.25_LS,TON,2402,6133,6133,102.25,102.25,1,0.02,0.1871,0.1871,625.9,0
OikosRd_TON_12.03.25_LS,TON,2418,7351,7351,122.55,122.55,1,0.02,0.1852,0.1852,539.8,0
OikosRd_TON_12.03.25_LS,TON,2417,7270,7270,121.2,121.2,1,0.02,0.1846,0.1846,270.3,0
OikosRd_TON_12.03.25_LS,TON,2509,15355,15359,256.0,256.06,4,0.08,0.1846,0.1846,280.8,0
OikosRd_TON_12.03.25_LS,TON,2344,2859,2859,47.66,47.66,1,0.02,0.1817,0.1817,1474.7,0
OikosRd_TON_12.03.25_LS,TON,2351,3099,3099,51.67,51.67,1,0.02,0.1776,0.1776,887.9,0
OikosRd_TON_12.03.25_LS,TON,2361,4080,4080,68.02,68.02,1,0.02,0.1762,0.1762,333.3,0
OikosRd_TON_12.03.25_LS,TON,2400,5956,5961,99.3,99.38,2,0.1,0.176,0.176,752.5,0
OikosRd_TON_12.03.25_LS,TON,2488,13932,13938,232.27,232.37,4,0.12,0.1756,0.1756,1415.9,0
OikosRd_TON_12.03.25_LS,TON,2470,12632,12632,210.6,210.6,1,0.02,0.1746,0.1746,1096.4,0
OikosRd_TON_12.03.25_LS,TON,2327,1348,1354,22.47,22.57,5,0.12,0.1736,0.1736,1470.1,0
OikosRd_TON_12.03.25_LS,TON,2380,4966,4966,82.79,82.79,1,0.02,0.1736,0.1736,347.6,0
OikosRd_TON_12.03.25_LS,TON,2479,13389,13390,223.22,223.24,2,0.03,0.1709,0.1709,863.6,0
OikosRd_TON_12.03.25_LS,TON,2423,7533,7533,125.59,125.59,1,0.02,0.1691,0.1691,966.9,0
OikosRd_TON_12.03.25_LS,TON,2349,2962,2968,49.38,49.48,3,0.12,0.1668,0.1668,567.1,0
OikosRd_TON_12.03.25_LS,TON,2490,14029,14035,233.89,233.99,3,0.12,0.1662,0.1662,580.8,0
OikosRd_TON_12.03.25_LS,TON,2502,14923,14927,248.79,248.86,4,0.08,0.1652,0.1652,455.5,0
OikosRd_TON_12.03.25_LS,TON,2405,6371,6371,106.22,106.22,1,0.02,0.1637,0.1637,384.8,0
OikosRd_TON_12.03.25_LS,TON,2464,11899,11899,198.38,198.38,1,0.02,0.1621,0.1621,1164.5,0
OikosRd_TON_12.03.25_LS,TON,2454,10709,10709,178.54,178.54,1,0.02,0.1616,0.1616,1286.6,0
OikosRd_TON_12.03.25_LS,TON,2404,6247,6247,104.15,104.15,1,0.02,0.1606,0.1606,916.7,0
OikosRd_TON_12.03.25_LS,TON,2474,12923,12925,215.45,215.48,3,0.05,0.1603,0.1603,789.0,0
OikosRd_TON_12.03.25_LS,TON,2450,9675,9675,161.3,161.3,1,0.02,0.1599,0.1599,866.3,0
OikosRd_TON_12.03.25_LS,TON,2480,13409,13409,223.55,223.55,1,0.02,0.1582,0.1582,764.4,0
OikosRd_TON_12.03.25_LS,TON,2455,10873,10874,181.27,181.29,2,0.03,0.1571,0.1571,582.8,0
OikosRd_TON_12.03.25_LS,TON,2364,4318,4318,71.99,71.99,1,0.02,0.1565,0.1565,592.7,0
OikosRd_TON_12.03.25_LS,TON,2495,14505,14516,241.83,242.01,3,0.2,0.1561,0.1561,672.6,0
OikosRd_TON_12.03.25_LS,TON,2441,9214,9214,153.61,153.61,1,0.02,0.1559,0.1559,884.5,0
OikosRd_TON_12.03.25_LS,TON,2369,4655,4655,77.61,77.61,1,0.02,0.1556,0.1556,1099.2,0
OikosRd_TON_12.03.25_LS,TON,2422,7448,7448,124.17,124.17,1,0.02,0.1554,0.1554,715.7,0
OikosRd_TON_12.03.25_LS,TON,2504,14985,15007,249.83,250.19,2,0.38,0.1548,0.1548,847.9,0
OikosRd_TON_12.03.25_LS,TON,2336,2252,2252,37.54,37.54,1,0.02,0.1546,0.1546,249.5,0
OikosRd_TON_12.03.25_LS,TON,2506,15118,15118,252.04,252.04,1,0.02,0.1539,0.1539,276.3,0
OikosRd_TON_12.03.25_LS,TON,2339,2352,2361,39.21,39.36,5,0.17,0.1521,0.1521,787.9,0
OikosRd_TON_12.03.25_LS,TON,2442,9393,9393,156.6,156.6,1,0.02,0.1507,0.1507,895.6,0
OikosRd_TON_12.03.25_LS,TON,2498,14836,14852,247.34,247.61,6,0.28,0.143,0.1493,1443.6,0
OikosRd_TON_12.03.25_LS,TON,2453,10628,10628,177.19,177.19,1,0.02,0.1485,0.1485,1328.3,0
OikosRd_TON_12.03.25_LS,TON,2424,7574,7577,126.27,126.32,2,0.07,0.148,0.148,768.2,0
OikosRd_TON_12.03.25_LS,TON,2485,13620,13620,227.07,227.07,1,0.02,0.1458,0.1458,648.6,0
OikosRd_TON_12.03.25_LS,TON,2413,7175,7175,119.62,119.62,1,0.02,0.1454,0.1454,1204.7,0
OikosRd_TON_12.03.25_LS,TON,2475,13093,13093,218.28,218.28,1,0.02,0.1436,0.1436,1393.3,0
OikosRd_TON_12.03.25_LS,TON,2432,8561,8561,142.73,142.73,1,0.02,0.1415,0.1415,1132.9,0
OikosRd_TON_12.03.25_LS,TON,2452,10456,10457,174.32,174.34,2,0.03,0.1411,0.1411,859.8,0
OikosRd_TON_12.03.25_LS,TON,2406,6519,6520,108.68,108.7,2,0.03,0.1407,0.1407,414.1,0
OikosRd_TON_12.03.25_LS,TON,2321,332,332,5.54,5.54,1,0.02,0.1395,0.1395,647.2,0
OikosRd_TON_12.03.25_LS,TON,2420,7390,7390,123.2,123.2,1,0.02,0.1395,0.1395,447.0,0
OikosRd_TON_12.03.25_LS,TON,2347,2944,2944,49.08,49.08,1,0.02,0.1372,0.1372,636.6,0
OikosRd_TON_12.03.25_LS,TON,2429,8477,8477,141.33,141.33,1,0.02,0.137,0.137,757.8,0
OikosRd_TON_12.03.25_LS,TON,2368,4516,4516,75.29,75.29,1,0.02,0.1364,0.1364,1352.5,0
OikosRd_TON_12.03.25_LS,TON,2493,14428,14428,240.54,240.54,1,0.02,0.1361,0.1361,850.6,0
OikosRd_TON_12.03.25_LS,TON,2440,9090,9091,151.55,151.56,2,0.03,0.1359,0.1359,754.3,0
OikosRd_TON_12.03.25_LS,TON,2322,469,469,7.82,7.82,1,0.02,0.1354,0.1354,986.9,0
OikosRd_TON_12.03.25_LS,TON,2320,305,305,5.08,5.08,1,0.02,0.1347,0.1347,471.5,0
OikosRd_TON_12.03.25_LS,TON,2343,2799,2825,46.66,47.1,2,0.45,0.1335,0.1335,556.3,0
OikosRd_TON_12.03.25_LS,TON,2494,14451,14458,240.92,241.04,2,0.13,0.1328,0.1328,1870.3,0
OikosRd_TON_12.03.25_LS,TON,2401,6081,6081,101.38,101.38,1,0.02,0.1319,0.1319,1076.0,0
OikosRd_TON_12.03.25_LS,TON,2481,13480,13495,224.74,224.99,5,0.27,0.1311,0.1311,626.7,0
OikosRd_TON_12.03.25_LS,TON,2332,2183,2183,36.39,36.39,1,0.02,0.1307,0.1307,572.4,0
OikosRd_TON_12.03.25_LS,TON,2472,12816,12816,213.67,213.67,1,0.02,0.1291,0.1291,403.7,0
OikosRd_TON_12.03.25_LS,TON,2345,2891,2891,48.2,48.2,1,0.02,0.1281,0.1281,473.3,0
OikosRd_TON_12.03.25_LS,TON,2461,11337,11337,189.01,189.01,1,0.02,0.1269,0.1269,1286.6,0
OikosRd_TON_12.03.25_LS,TON,2436,8803,8803,146.76,146.76,1,0.02,0.1267,0.1267,556.2,0
OikosRd_TON_12.03.25_LS,TON,2419,7357,7357,122.65,122.65,1,0.02,0.1265,0.1265,779.0,0
OikosRd_TON_12.03.25_LS,TON,2337,2278,2279,37.98,38.0,2,0.03,0.1262,0.1262,877.9,0
OikosRd_TON_12.03.25_LS,TON,2328,1373,1373,22.89,22.89,1,0.02,0.1235,0.1235,2120.1,0
OikosRd_TON_12.03.25_LS,TON,2359,4007,4007,66.8,66.8,1,0.02,0.1223,0.1223,677.8,0
OikosRd_TON_12.03.25_LS,TON,2319,201,202,3.35,3.37,2,0.03,0.1221,0.1221,875.9,0
OikosRd_TON_12.03.25_LS,TON,2329,1775,1775,29.59,29.59,1,0.02,0.1219,0.1219,643.6,0
OikosRd_TON_12.03.25_LS,TON,2398,5894,5894,98.26,98.26,1,0.02,0.1219,0.1219,342.2,0
OikosRd_TON_12.03.25_LS,TON,2489,14026,14029,233.84,233.89,4,0.07,0.1216,0.1216,1027.6,0
OikosRd_TON_12.03.25_LS,TON,2341,2494,2494,41.58,41.58,1,0.02,0.1199,0.1199,272.8,0
OikosRd_TON_12.03.25_LS,TON,2482,13520,13520,225.4,225.4,1,0.02,0.1196,0.1196,677.7,0
OikosRd_TON_12.03.25_LS,TON,2434,8585,8585,143.13,143.13,1,0.02,0.1175,0.1175,592.9,0
OikosRd_TON_12.03.25_LS,TON,2346,2894,2894,48.25,48.25,1,0.02,0.1167,0.1167,412.6,0
OikosRd_TON_12.03.25_LS,TON,2415,7230,7234,120.54,120.6,2,0.08,0.1161,0.1161,868.1,0
OikosRd_TON_12.03.25_LS,TON,2421,7390,7390,123.2,123.2,1,0.02,0.1159,0.1159,779.8,0
OikosRd_TON_12.03.25_LS,TON,2338,2320,2320,38.68,38.68,1,0.02,0.1157,0.1157,279.7,0
OikosRd_TON_12.03.25_LS,TON,2335,2223,2223,37.06,37.06,1,0.02,0.115,0.115,367.4,0
OikosRd_TON_12.03.25_LS,TON,2411,6827,6827,113.82,113.82,1,0.02,0.1148,0.1148,920.0,0
OikosRd_TON_12.03.25_LS,TON,2428,8440,8465,140.71,141.13,2,0.43,0.1132,0.1132,449.0,0
OikosRd_TON_12.03.25_LS,TON,2360,4025,4025,67.1,67.1,1,0.02,0.1118,0.1118,635.4,0
OikosRd_TON_12.03.25_LS,TON,2462,11420,11421,190.39,190.41,2,0.03,0.1116,0.1116,694.0,0
OikosRd_TON_12.03.25_LS,TON,2362,4088,4088,68.15,68.15,1,0.02,0.1107,0.1107,999.9,0
OikosRd_TON_12.03.25_LS,TON,2363,4219,4219,70.34,70.34,1,0.02,0.1106,0.1106,606.5,0
OikosRd_TON_12.03.25_LS,TON,2460,11158,11158,186.02,186.02,1,0.02,0.1097,0.1097,732.1,0
OikosRd_TON_12.03.25_LS,TON,2486,13663,13663,227.79,227.79,1,0.02,0.1095,0.1095,293.7,0
OikosRd_TON_12.03.25_LS,TON,2496,14539,14539,242.39,242.39,1,0.02,0.1094,0.1094,542.7,0
OikosRd_TON_12.03.25_LS,TON,2371,4739,4739,79.01,79.01,1,0.02,0.1075,0.1075,642.9,0
OikosRd_TON_12.03.25_LS,TON,2477,13328,13328,222.2,222.2,1,0.02,0.1072,0.1072,268.7,0
OikosRd_TON_12.03.25_LS,TON,2469,12533,12533,208.95,208.95,1,0.02,0.1069,0.1069,947.6,0
OikosRd_TON_12.03.25_LS,TON,2507,15121,15121,252.09,252.09,1,0.02,0.1064,0.1064,516.0,0
OikosRd_TON_12.03.25_LS,TON,2468,12519,12519,208.71,208.71,1,0.02,0.1061,0.1061,954.1,0
OikosRd_TON_12.03.25_LS,TON,2503,14949,14949,249.23,249.23,1,0.02,0.1061,0.1061,520.9,0
OikosRd_TON_12.03.25_LS,TON,2385,5100,5100,85.03,85.03,1,0.02,0.1058,0.1058,669.0,0
OikosRd_TON_12.03.25_LS,TON,2350,3040,3040,50.68,50.68,1,0.02,0.1037,0.1037,787.9,0
OikosRd_TON_12.03.25_LS,TON,2382,5009,5009,83.51,83.51,1,0.02,0.1037,0.1037,1099.5,0
OikosRd_TON_12.03.25_LS,TON,2447,9528,9528,158.85,158.85,1,0.02,0.103,0.103,335.4,0
OikosRd_TON_12.03.25_LS,TON,2467,12472,12472,207.93,207.93,1,0.02,0.1024,0.1024,605.9,0
OikosRd_TON_12.03.25_LS,TON,2433,8569,8569,142.86,142.86,1,0.02,0.1016,0.1016,960.7,0
OikosRd_TON_12.03.25_LS,TON,2478,13335,13337,222.32,222.35,2,0.05,0.1011,0.1011,643.5,0
OikosRd_TON_12.03.25_LS,TON,2473,12816,12816,213.67,213.67,1,0.02,0.101,0.101,393.0,0
OikosRd_TON_12.03.25_LS,TON,2497,14698,14698,245.04,245.04,1,0.02,0.1008,0.1008,1811.3,0
OikosRd_TON_12.03.25_LS,TON,2476,13256,13256,221.0,221.0,1,0.02,0.1007,0.1007,914.0,0
OikosRd_TON_12.03.25_LS,TON,2439,8949,8949,149.2,149.2,1,0.02,0.1006,0.1006,607.9,0
OikosRd_TON_12.03.25_LS,TON,2381,4967,4967,82.81,82.81,1,0.02,0.1004,0.1004,800.3,0
SIron_SHW_01.18.2026_LS,SHW,3232,5852,5878,97.53,97.97,15,0.45,0.5664,0.7327,1433.9,1
SIron_SHW_01.18.2026_LS,SHW,3278,8313,8375,138.55,139.58,33,1.05,0.548,0.7164,1422.8,1
SIron_SHW_01.18.2026_LS,SHW,1957,13624,13664,227.06,227.73,30,0.68,0.5915,0.7135,4891.2,1
SIron_SHW_01.18.2026_LS,SHW,3364,13912,13964,231.86,232.73,14,0.88,0.3623,0.6156,822.0,1
SIron_SHW_01.18.2026_LS,SHW,3337,12650,12675,210.83,211.25,19,0.43,0.3874,0.6041,936.7,1
SIron_SHW_01.18.2026_LS,SHW,3234,6185,6280,103.08,104.67,30,1.6,0.377,0.5971,874.6,1
SIron_SHW_01.18.2026_LS,SHW,1714,8081,8107,134.68,135.12,12,0.45,0.5022,0.5969,3938.1,1
SIron_SHW_01.18.2026_LS,SHW,3399,14712,14844,245.2,247.4,30,2.22,0.2851,0.5888,2651.9,1
SIron_SHW_01.18.2026_LS,SHW,3351,13570,13658,226.16,227.63,29,1.48,0.3001,0.5809,5551.7,1
SIron_SHW_01.18.2026_LS,SHW,3389,14421,14520,240.35,242.0,24,1.67,0.2572,0.5392,2810.2,1
SIron_SHW_01.18.2026_LS,SHW,3360,13859,13945,230.98,232.41,43,1.45,0.2956,0.5346,912.0,1
SIron_SHW_01.18.2026_LS,SHW,3305,10138,10156,168.96,169.26,16,0.32,0.3476,0.528,966.3,1
SIron_SHW_01.18.2026_LS,SHW,3385,14373,14481,239.55,241.35,27,1.82,0.2364,0.478,2281.7,1
SIron_SHW_01.18.2026_LS,SHW,3270,7964,8091,132.73,134.85,56,2.13,0.2317,0.4624,929.8,1
SIron_SHW_01.18.2026_LS,SHW,3289,9439,9534,157.31,158.9,14,1.6,0.2528,0.4329,1464.8,1
SIron_SHW_01.18.2026_LS,SHW,3390,14439,14558,240.65,242.63,24,2.0,0.2132,0.3995,2039.2,1
SIron_SHW_01.18.2026_LS,SHW,3403,14842,14955,247.36,249.25,13,1.9,0.259,0.3924,1408.1,1
SIron_SHW_01.18.2026_LS,SHW,3413,15033,15089,250.55,251.48,8,0.95,0.2839,0.384,1528.0,1
SIron_SHW_01.18.2026_LS,SHW,3264,7801,8007,130.02,133.45,56,3.45,0.1969,0.3701,956.2,1
SIron_SHW_01.18.2026_LS,SHW,3272,7992,8090,133.2,134.83,22,1.65,0.2476,0.3688,2281.9,1
SIron_SHW_01.18.2026_LS,SHW,3196,2911,2956,48.52,49.27,10,0.77,0.2547,0.3169,5092.4,1
SIron_SHW_01.18.2026_LS,SHW,3188,2372,2432,39.53,40.53,10,1.02,0.2342,0.3083,1154.6,1
SIron_SHW_01.18.2026_LS,SHW,1731,8105,8120,135.08,135.33,15,0.27,0.6652,0.7398,1793.1,0
SIron_SHW_01.18.2026_LS,SHW,3249,6828,6828,113.8,113.8,1,0.02,0.7071,0.7071,1060.5,0
SIron_SHW_01.18.2026_LS,SHW,3310,10706,10721,178.43,178.68,15,0.27,0.5473,0.696,879.3,0
SIron_SHW_01.18.2026_LS,SHW,1910,12676,12680,211.26,211.33,5,0.08,0.6422,0.6422,1175.1,0
SIron_SHW_01.18.2026_LS,SHW,3256,7263,7274,121.05,121.23,11,0.2,0.4726,0.6269,1055.6,0
SIron_SHW_01.18.2026_LS,SHW,1938,13593,13609,226.55,226.81,12,0.28,0.501,0.6229,8734.7,0
SIron_SHW_01.18.2026_LS,SHW,3250,6836,6836,113.93,113.93,1,0.02,0.6054,0.6054,1196.6,0
SIron_SHW_01.18.2026_LS,SHW,3404,14850,14850,247.5,247.5,1,0.02,0.5994,0.5994,2133.9,0
SIron_SHW_01.18.2026_LS,SHW,1669,8056,8056,134.27,134.27,1,0.02,0.5965,0.5965,1462.1,0
SIron_SHW_01.18.2026_LS,SHW,2122,14544,14545,242.4,242.41,2,0.03,0.582,0.582,1771.3,0
SIron_SHW_01.18.2026_LS,SHW,1898,12658,12659,210.96,210.98,2,0.03,0.5713,0.5713,896.9,0
SIron_SHW_01.18.2026_LS,SHW,1861,11812,11828,196.86,197.13,11,0.28,0.4675,0.5695,1641.3,0
SIron_SHW_01.18.2026_LS,SHW,3279,8322,8353,138.7,139.22,6,0.53,0.491,0.5631,1576.2,0
SIron_SHW_01.18.2026_LS,SHW,2124,14551,14559,242.51,242.65,6,0.15,0.5465,0.56,1988.5,0
SIron_SHW_01.18.2026_LS,SHW,1738,8317,8350,138.62,139.17,2,0.57,0.5584,0.5584,1322.9,0
SIron_SHW_01.18.2026_LS,SHW,1847,10947,10947,182.45,182.45,1,0.02,0.5445,0.5445,960.9,0
SIron_SHW_01.18.2026_LS,SHW,3180,1758,1758,29.3,29.3,1,0.02,0.5424,0.5424,4054.7,0
SIron_SHW_01.18.2026_LS,SHW,2144,14756,14758,245.93,245.96,3,0.05,0.5241,0.5241,2471.0,0
SIron_SHW_01.18.2026_LS,SHW,1971,13821,13821,230.35,230.35,1,0.02,0.5229,0.5229,1548.3,0
SIron_SHW_01.18.2026_LS,SHW,2164,14806,14807,246.76,246.78,2,0.03,0.513,0.513,2919.7,0
SIron_SHW_01.18.2026_LS,SHW,1797,9642,9643,160.7,160.71,2,0.03,0.504,0.504,927.8,0
SIron_SHW_01.18.2026_LS,SHW,3200,3315,3317,55.25,55.28,3,0.05,0.5024,0.5024,481.3,0
SIron_SHW_01.18.2026_LS,SHW,1929,13581,13586,226.35,226.43,5,0.1,0.5017,0.5017,6600.4,0
SIron_SHW_01.18.2026_LS,SHW,3238,6250,6254,104.17,104.23,5,0.08,0.4979,0.4979,836.8,0
SIron_SHW_01.18.2026_LS,SHW,1784,9499,9499,158.31,158.31,1,0.02,0.4964,0.4964,877.6,0
SIron_SHW_01.18.2026_LS,SHW,1788,9596,9609,159.93,160.15,10,0.23,0.4416,0.4891,486.4,0
SIron_SHW_01.18.2026_LS,SHW,1679,8060,8064,134.33,134.4,5,0.08,0.4879,0.4879,1687.7,0
SIron_SHW_01.18.2026_LS,SHW,3422,15485,15485,258.08,258.08,1,0.02,0.4878,0.4878,1207.1,0
SIron_SHW_01.18.2026_LS,SHW,2077,14432,14432,240.53,240.53,1,0.02,0.4743,0.4743,3292.8,0
SIron_SHW_01.18.2026_LS,SHW,3336,12638,12638,210.63,210.63,1,0.02,0.4739,0.4739,1372.9,0
SIron_SHW_01.18.2026_LS,SHW,1725,8092,8096,134.87,134.93,5,0.08,0.4731,0.4731,837.8,0
SIron_SHW_01.18.2026_LS,SHW,1551,6577,6581,109.62,109.68,5,0.08,0.4663,0.4663,1655.9,0
SIron_SHW_01.18.2026_LS,SHW,1462,4023,4039,67.05,67.32,17,0.28,0.3836,0.4658,1980.6,0
SIron_SHW_01.18.2026_LS,SHW,3317,11279,11295,187.98,188.25,12,0.28,0.2883,0.4633,872.1,0
SIron_SHW_01.18.2026_LS,SHW,3254,7059,7059,117.65,117.65,1,0.02,0.459,0.459,1455.1,0
SIron_SHW_01.18.2026_LS,SHW,3167,260,260,4.33,4.33,1,0.02,0.455,0.455,1301.6,0
SIron_SHW_01.18.2026_LS,SHW,1432,2981,2981,49.68,49.68,1,0.02,0.4515,0.4515,594.9,0
SIron_SHW_01.18.2026_LS,SHW,3344,13060,13060,217.66,217.66,1,0.02,0.4513,0.4513,1598.2,0
SIron_SHW_01.18.2026_LS,SHW,3365,13925,13935,232.08,232.25,5,0.18,0.4473,0.4473,824.6,0
SIron_SHW_01.18.2026_LS,SHW,3401,14781,14805,246.35,246.75,4,0.42,0.4463,0.4463,2801.7,0
SIron_SHW_01.18.2026_LS,SHW,1607,7899,7901,131.65,131.68,3,0.05,0.4457,0.4457,833.9,0
SIron_SHW_01.18.2026_LS,SHW,3165,56,56,0.93,0.93,1,0.02,0.4112,0.4112,1373.5,0
SIron_SHW_01.18.2026_LS,SHW,3179,1662,1668,27.7,27.8,4,0.12,0.4099,0.4099,2053.4,0
SIron_SHW_01.18.2026_LS,SHW,1781,9485,9485,158.08,158.08,1,0.02,0.4079,0.4079,1413.8,0
SIron_SHW_01.18.2026_LS,SHW,1699,8070,8070,134.5,134.5,1,0.02,0.4021,0.4021,2534.0,0
SIron_SHW_01.18.2026_LS,SHW,3185,2258,2258,37.63,37.63,1,0.02,0.399,0.399,2981.7,0
SIron_SHW_01.18.2026_LS,SHW,3350,13432,13433,223.86,223.88,2,0.03,0.3953,0.3953,1382.1,0
SIron_SHW_01.18.2026_LS,SHW,1585,7855,7858,130.92,130.97,4,0.07,0.3912,0.3912,1932.3,0
SIron_SHW_01.18.2026_LS,SHW,1426,2957,2958,49.28,49.3,2,0.03,0.3882,0.3882,3193.7,0
SIron_SHW_01.18.2026_LS,SHW,2076,14431,14433,240.51,240.55,3,0.05,0.3875,0.3875,2092.5,0
SIron_SHW_01.18.2026_LS,SHW,1710,8075,8076,134.58,134.6,2,0.03,0.3863,0.3863,4174.8,0
SIron_SHW_01.18.2026_LS,SHW,3335,12635,12641,210.58,210.68,5,0.12,0.3854,0.3854,814.5,0
SIron_SHW_01.18.2026_LS,SHW,3347,13378,13379,222.96,222.98,2,0.03,0.3844,0.3844,1905.8,0
SIron_SHW_01.18.2026_LS,SHW,1579,7814,7814,130.23,130.23,1,0.02,0.3835,0.3835,1533.9,0
SIron_SHW_01.18.2026_LS,SHW,2070,14422,14422,240.36,240.36,1,0.02,0.3823,0.3823,1369.3,0
SIron_SHW_01.18.2026_LS,SHW,3204,3477,3477,57.95,57.95,1,0.02,0.3818,0.3818,1742.5,0
SIron_SHW_01.18.2026_LS,SHW,1610,7915,7917,131.92,131.95,3,0.05,0.3813,0.3813,696.7,0
SIron_SHW_01.18.2026_LS,SHW,1719,8086,8088,134.77,134.8,3,0.05,0.3782,0.3782,665.5,0
SIron_SHW_01.18.2026_LS,SHW,3384,14339,14339,238.98,238.98,1,0.02,0.3773,0.3773,1899.3,0
SIron_SHW_01.18.2026_LS,SHW,3414,15034,15034,250.56,250.56,1,0.02,0.3715,0.3715,489.7,0
SIron_SHW_01.18.2026_LS,SHW,3198,2972,2984,49.53,49.73,10,0.22,0.266,0.3683,625.1,0
SIron_SHW_01.18.2026_LS,SHW,1471,4036,4036,67.27,67.27,1,0.02,0.3682,0.3682,1373.0,0
SIron_SHW_01.18.2026_LS,SHW,3191,2860,2881,47.67,48.02,3,0.37,0.3651,0.3651,1018.2,0
SIron_SHW_01.18.2026_LS,SHW,3328,12214,12222,203.56,203.7,9,0.15,0.2822,0.3582,1414.0,0
SIron_SHW_01.18.2026_LS,SHW,3371,14006,14031,233.43,233.85,6,0.43,0.314,0.3562,2521.3,0
SIron_SHW_01.18.2026_LS,SHW,3417,15202,15202,253.36,253.36,1,0.02,0.351,0.351,1730.3,0
SIron_SHW_01.18.2026_LS,SHW,3261,7561,7561,126.02,126.02,1,0.02,0.3504,0.3504,893.7,0
SIron_SHW_01.18.2026_LS,SHW,3423,15630,15664,260.5,261.06,4,0.58,0.3484,0.3484,1114.6,0
SIron_SHW_01.18.2026_LS,SHW,1869,11973,11974,199.55,199.56,2,0.03,0.3482,0.3482,1539.6,0
SIron_SHW_01.18.2026_LS,SHW,3236,6224,6225,103.73,103.75,2,0.03,0.3448,0.3448,662.3,0
SIron_SHW_01.18.2026_LS,SHW,3301,9911,9912,165.18,165.2,2,0.03,0.3428,0.3428,1420.8,0
SIron_SHW_01.18.2026_LS,SHW,3258,7355,7355,122.58,122.58,1,0.02,0.339,0.339,2403.7,0
SIron_SHW_01.18.2026_LS,SHW,3214,4020,4040,67.0,67.33,4,0.35,0.3384,0.3384,1857.9,0
SIron_SHW_01.18.2026_LS,SHW,3343,12921,12921,215.35,215.35,1,0.02,0.3341,0.3341,2397.4,0
SIron_SHW_01.18.2026_LS,SHW,3333,12504,12524,208.4,208.73,2,0.35,0.3292,0.3292,2078.9,0
SIron_SHW_01.18.2026_LS,SHW,3369,13948,13948,232.46,232.46,1,0.02,0.3276,0.3276,1860.2,0
SIron_SHW_01.18.2026_LS,SHW,3321,11896,11932,198.26,198.86,6,0.62,0.2861,0.3224,1440.2,0
SIron_SHW_01.18.2026_LS,SHW,3402,14793,14799,246.55,246.65,2,0.12,0.3194,0.3194,1487.9,0
SIron_SHW_01.18.2026_LS,SHW,3323,11992,11994,199.86,199.9,2,0.05,0.3177,0.3177,2335.1,0
SIron_SHW_01.18.2026_LS,SHW,1619,7933,7934,132.22,132.23,2,0.03,0.3167,0.3167,976.2,0
SIron_SHW_01.18.2026_LS,SHW,3221,4642,4648,77.37,77.47,5,0.12,0.3163,0.3163,1607.8,0
SIron_SHW_01.18.2026_LS,SHW,3183,2154,2155,35.9,35.92,2,0.03,0.3143,0.3143,2146.4,0
SIron_SHW_01.18.2026_LS,SHW,3288,9384,9389,156.4,156.48,2,0.1,0.3133,0.3133,2173.5,0
SIron_SHW_01.18.2026_LS,SHW,3302,10037,10037,167.28,167.28,1,0.02,0.3122,0.3122,2612.2,0
SIron_SHW_01.18.2026_LS,SHW,3373,14066,14077,234.43,234.61,2,0.2,0.3115,0.3115,3512.1,0
SIron_SHW_01.18.2026_LS,SHW,3311,10720,10720,178.66,178.66,1,0.02,0.3113,0.3113,2144.1,0
SIron_SHW_01.18.2026_LS,SHW,3300,9896,9896,164.93,164.93,1,0.02,0.3061,0.3061,1787.0,0
SIron_SHW_01.18.2026_LS,SHW,3184,2199,2200,36.65,36.67,2,0.03,0.3033,0.3033,2774.9,0
SIron_SHW_01.18.2026_LS,SHW,3341,12846,12847,214.1,214.11,2,0.03,0.3017,0.3017,839.3,0
SIron_SHW_01.18.2026_LS,SHW,3206,3549,3549,59.15,59.15,1,0.02,0.2918,0.2918,1862.3,0
SIron_SHW_01.18.2026_LS,SHW,3313,10946,10956,182.43,182.6,2,0.18,0.2905,0.2905,1952.1,0
SIron_SHW_01.18.2026_LS,SHW,3197,2923,2941,48.72,49.02,2,0.32,0.2874,0.2874,2114.9,0
SIron_SHW_01.18.2026_LS,SHW,3418,15212,15214,253.53,253.56,3,0.05,0.2864,0.2864,761.7,0
SIron_SHW_01.18.2026_LS,SHW,1448,3466,3467,57.77,57.78,2,0.03,0.2856,0.2856,1282.1,0
SIron_SHW_01.18.2026_LS,SHW,3306,10213,10213,170.21,170.21,1,0.02,0.285,0.285,966.2,0
SIron_SHW_01.18.2026_LS,SHW,3297,9673,9674,161.21,161.23,2,0.03,0.2832,0.2832,1639.4,0
SIron_SHW_01.18.2026_LS,SHW,3330,12219,12219,203.65,203.65,1,0.02,0.2832,0.2832,548.8,0
SIron_SHW_01.18.2026_LS,SHW,3424,15686,15686,261.43,261.43,1,0.02,0.2818,0.2818,1814.8,0
SIron_SHW_01.18.2026_LS,SHW,3209,3616,3616,60.27,60.27,1,0.02,0.2812,0.2812,1902.6,0
SIron_SHW_01.18.2026_LS,SHW,3291,9591,9607,159.85,160.11,5,0.28,0.2809,0.2809,449.3,0
SIron_SHW_01.18.2026_LS,SHW,3406,14884,14929,248.06,248.81,6,0.77,0.2505,0.2778,2717.5,0
SIron_SHW_01.18.2026_LS,SHW,3216,4318,4340,71.97,72.33,7,0.38,0.233,0.2769,1324.8,0
SIron_SHW_01.18.2026_LS,SHW,3359,13811,13837,230.18,230.61,10,0.45,0.2063,0.2753,1375.6,0
SIron_SHW_01.18.2026_LS,SHW,3170,1306,1312,21.77,21.87,7,0.12,0.241,0.2747,1367.3,0
SIron_SHW_01.18.2026_LS,SHW,3220,4621,4622,77.02,77.03,2,0.03,0.2743,0.2743,1513.6,0
SIron_SHW_01.18.2026_LS,SHW,3186,2339,2371,38.98,39.52,4,0.55,0.273,0.273,1030.6,0
SIron_SHW_01.18.2026_LS,SHW,3169,335,335,5.58,5.58,1,0.02,0.2729,0.2729,2642.6,0
SIron_SHW_01.18.2026_LS,SHW,3271,7974,8077,132.9,134.62,33,1.73,0.1626,0.2729,1032.1,0
SIron_SHW_01.18.2026_LS,SHW,3274,8071,8104,134.52,135.07,4,0.57,0.2723,0.2723,2054.1,0
SIron_SHW_01.18.2026_LS,SHW,3207,3564,3565,59.4,59.42,2,0.03,0.2696,0.2696,1168.0,0
SIron_SHW_01.18.2026_LS,SHW,3201,3321,3322,55.35,55.37,2,0.03,0.2675,0.2675,826.7,0
SIron_SHW_01.18.2026_LS,SHW,3266,7854,7859,130.9,130.98,2,0.1,0.2664,0.2664,1867.7,0
SIron_SHW_01.18.2026_LS,SHW,3356,13700,13700,228.33,228.33,1,0.02,0.2615,0.2615,407.7,0
SIron_SHW_01.18.2026_LS,SHW,3265,7832,7903,130.53,131.72,27,1.2,0.1596,0.2606,1339.0,0
SIron_SHW_01.18.2026_LS,SHW,3248,6821,6855,113.68,114.25,6,0.58,0.2353,0.26,776.3,0
SIron_SHW_01.18.2026_LS,SHW,3218,4608,4611,76.8,76.85,4,0.07,0.2583,0.2583,1661.2,0
SIron_SHW_01.18.2026_LS,SHW,3202,3446,3490,57.43,58.17,18,0.75,0.1717,0.2551,1464.0,0
SIron_SHW_01.18.2026_LS,SHW,3388,14401,14440,240.01,240.66,6,0.67,0.2327,0.255,1953.5,0
SIron_SHW_01.18.2026_LS,SHW,3320,11808,11854,196.8,197.56,6,0.78,0.2375,0.2478,1472.8,0
SIron_SHW_01.18.2026_LS,SHW,3367,13937,13956,232.28,232.6,3,0.33,0.2476,0.2476,1687.6,0
SIron_SHW_01.18.2026_LS,SHW,3177,1569,1616,26.15,26.93,6,0.8,0.2227,0.247,1928.5,0
SIron_SHW_01.18.2026_LS,SHW,3268,7918,7929,131.97,132.15,3,0.2,0.244,0.244,643.8,0
SIron_SHW_01.18.2026_LS,SHW,3304,10120,10120,168.66,168.66,1,0.02,0.2433,0.2433,819.7,0
SIron_SHW_01.18.2026_LS,SHW,3230,5624,5624,93.73,93.73,1,0.02,0.2427,0.2427,733.7,0
SIron_SHW_01.18.2026_LS,SHW,3380,14270,14270,237.83,237.83,1,0.02,0.2405,0.2405,2231.8,0
SIron_SHW_01.18.2026_LS,SHW,3315,11035,11035,183.91,183.91,1,0.02,0.2381,0.2381,1500.3,0
SIron_SHW_01.18.2026_LS,SHW,3303,10057,10057,167.61,167.61,1,0.02,0.2351,0.2351,1561.2,0
SIron_SHW_01.18.2026_LS,SHW,3243,6542,6543,109.03,109.05,2,0.03,0.235,0.235,1623.3,0
SIron_SHW_01.18.2026_LS,SHW,3372,14012,14026,233.53,233.76,3,0.25,0.2318,0.2318,2216.0,0
SIron_SHW_01.18.2026_LS,SHW,3361,13861,13880,231.01,231.33,4,0.33,0.2305,0.2305,982.3,0
SIron_SHW_01.18.2026_LS,SHW,3332,12260,12260,204.33,204.33,1,0.02,0.2291,0.2291,1504.1,0
SIron_SHW_01.18.2026_LS,SHW,3237,6245,6252,104.08,104.2,3,0.13,0.2281,0.2281,626.9,0
SIron_SHW_01.18.2026_LS,SHW,3295,9634,9641,160.56,160.68,6,0.13,0.2052,0.2251,843.4,0
SIron_SHW_01.18.2026_LS,SHW,3357,13705,13705,228.41,228.41,1,0.02,0.2247,0.2247,1853.3,0
SIron_SHW_01.18.2026_LS,SHW,3173,1437,1438,23.95,23.97,2,0.03,0.2243,0.2243,569.7,0
SIron_SHW_01.18.2026_LS,SHW,3381,14303,14327,238.38,238.78,6,0.42,0.2029,0.2229,829.3,0
SIron_SHW_01.18.2026_LS,SHW,3421,15297,15342,254.95,255.7,6,0.77,0.2034,0.2214,1587.3,0
SIron_SHW_01.18.2026_LS,SHW,3244,6568,6582,109.47,109.7,4,0.25,0.2212,0.2212,1488.4,0
SIron_SHW_01.18.2026_LS,SHW,3312,10842,10843,180.7,180.71,2,0.03,0.2208,0.2208,1003.2,0
SIron_SHW_01.18.2026_LS,SHW,3251,6842,6844,114.03,114.07,3,0.05,0.219,0.219,1190.5,0
SIron_SHW_01.18.2026_LS,SHW,3203,3457,3457,57.62,57.62,1,0.02,0.2159,0.2159,1429.0,0
SIron_SHW_01.18.2026_LS,SHW,3397,14678,14681,244.63,244.68,4,0.07,0.2142,0.2142,817.9,0
SIron_SHW_01.18.2026_LS,SHW,3395,14580,14602,243.0,243.36,7,0.38,0.1833,0.2122,1955.3,0
SIron_SHW_01.18.2026_LS,SHW,3178,1626,1649,27.1,27.48,4,0.4,0.2116,0.2116,2017.5,0
SIron_SHW_01.18.2026_LS,SHW,3164,34,34,0.57,0.57,1,0.02,0.2112,0.2112,537.1,0
SIron_SHW_01.18.2026_LS,SHW,3368,13941,13942,232.35,232.36,2,0.03,0.2096,0.2096,2230.3,0
SIron_SHW_01.18.2026_LS,SHW,3322,11971,11972,199.51,199.53,2,0.03,0.2092,0.2092,1561.4,0
SIron_SHW_01.18.2026_LS,SHW,3307,10227,10233,170.45,170.55,6,0.12,0.192,0.2091,1581.6,0
SIron_SHW_01.18.2026_LS,SHW,3210,3622,3622,60.37,60.37,1,0.02,0.2087,0.2087,1800.3,0
SIron_SHW_01.18.2026_LS,SHW,3240,6409,6413,106.82,106.88,5,0.08,0.2084,0.2084,595.3,0
SIron_SHW_01.18.2026_LS,SHW,3352,13584,13639,226.4,227.31,8,0.93,0.1839,0.2081,6180.7,0
SIron_SHW_01.18.2026_LS,SHW,3276,8103,8104,135.05,135.07,2,0.03,0.2073,0.2073,2908.8,0
SIron_SHW_01.18.2026_LS,SHW,3340,12844,12846,214.06,214.1,3,0.05,0.2061,0.2061,2826.6,0
SIron_SHW_01.18.2026_LS,SHW,3294,9622,9626,160.36,160.43,4,0.08,0.205,0.205,1108.9,0
SIron_SHW_01.18.2026_LS,SHW,3293,9620,9620,160.33,160.33,1,0.02,0.2048,0.2048,2727.1,0
SIron_SHW_01.18.2026_LS,SHW,3383,14324,14324,238.73,238.73,1,0.02,0.2036,0.2036,1024.4,0
SIron_SHW_01.18.2026_LS,SHW,3366,13927,13927,232.11,232.11,1,0.02,0.201,0.201,719.8,0
SIron_SHW_01.18.2026_LS,SHW,3394,14528,14556,242.13,242.6,6,0.48,0.1852,0.1998,2409.7,0
SIron_SHW_01.18.2026_LS,SHW,3224,5436,5436,90.6,90.6,1,0.02,0.1989,0.1989,2931.3,0
SIron_SHW_01.18.2026_LS,SHW,3338,12775,12776,212.91,212.93,2,0.03,0.1983,0.1983,1736.3,0
SIron_SHW_01.18.2026_LS,SHW,3410,14974,14974,249.56,249.56,1,0.02,0.1961,0.1961,2377.8,0
SIron_SHW_01.18.2026_LS,SHW,3348,13394,13394,223.23,223.23,1,0.02,0.1928,0.1928,1702.0,0
SIron_SHW_01.18.2026_LS,SHW,3314,10997,10998,183.28,183.3,2,0.03,0.192,0.192,1768.5,0
SIron_SHW_01.18.2026_LS,SHW,3225,5445,5459,90.75,90.98,2,0.25,0.1908,0.1908,1856.0,0
SIron_SHW_01.18.2026_LS,SHW,3362,13905,13910,231.75,231.83,6,0.1,0.1797,0.1907,1560.3,0
SIron_SHW_01.18.2026_LS,SHW,3194,2900,2901,48.33,48.35,2,0.03,0.1902,0.1902,635.4,0
SIron_SHW_01.18.2026_LS,SHW,3396,14625,14625,243.75,243.75,1,0.02,0.1878,0.1878,728.6,0
SIron_SHW_01.18.2026_LS,SHW,3391,14467,14469,241.11,241.15,2,0.05,0.1873,0.1873,675.5,0
SIron_SHW_01.18.2026_LS,SHW,3175,1468,1469,24.47,24.48,2,0.03,0.1866,0.1866,1036.0,0
SIron_SHW_01.18.2026_LS,SHW,3346,13218,13218,220.3,220.3,1,0.02,0.1865,0.1865,872.9,0
SIron_SHW_01.18.2026_LS,SHW,3217,4463,4463,74.38,74.38,1,0.02,0.1862,0.1862,1550.7,0
SIron_SHW_01.18.2026_LS,SHW,3392,14471,14477,241.18,241.28,2,0.12,0.185,0.185,3344.8,0
SIron_SHW_01.18.2026_LS,SHW,3326,12183,12204,203.05,203.4,3,0.37,0.1842,0.1842,732.6,0
SIron_SHW_01.18.2026_LS,SHW,3327,12206,12206,203.43,203.43,1,0.02,0.183,0.183,554.6,0
SIron_SHW_01.18.2026_LS,SHW,3382,14308,14333,238.46,238.88,2,0.43,0.1801,0.1801,1351.7,0
SIron_SHW_01.18.2026_LS,SHW,3370,13989,13989,233.15,233.15,1,0.02,0.1796,0.1796,1656.0,0
SIron_SHW_01.18.2026_LS,SHW,3363,13906,13906,231.76,231.76,1,0.02,0.1788,0.1788,745.3,0
SIron_SHW_01.18.2026_LS,SHW,3420,15265,15277,254.41,254.61,2,0.22,0.176,0.176,768.9,0
SIron_SHW_01.18.2026_LS,SHW,3308,10229,10231,170.48,170.51,2,0.05,0.1746,0.1746,1583.1,0
SIron_SHW_01.18.2026_LS,SHW,3199,3028,3038,50.47,50.63,3,0.18,0.1743,0.1743,647.5,0
SIron_SHW_01.18.2026_LS,SHW,3174,1448,1449,24.13,24.15,2,0.03,0.1738,0.1738,874.0,0
SIron_SHW_01.18.2026_LS,SHW,3419,15230,15247,253.83,254.11,2,0.3,0.173,0.173,1471.4,0
SIron_SHW_01.18.2026_LS,SHW,3171,1357,1371,22.62,22.85,6,0.25,0.1647,0.1728,419.6,0
SIron_SHW_01.18.2026_LS,SHW,3379,14251,14252,237.51,237.53,2,0.03,0.1707,0.1707,1833.9,0
SIron_SHW_01.18.2026_LS,SHW,3411,14977,14978,249.61,249.63,2,0.03,0.1696,0.1696,745.2,0
SIron_SHW_01.18.2026_LS,SHW,3245,6633,6633,110.55,110.55,1,0.02,0.169,0.169,826.5,0
SIron_SHW_01.18.2026_LS,SHW,3260,7478,7478,124.63,124.63,1,0.02,0.1688,0.1688,820.2,0
SIron_SHW_01.18.2026_LS,SHW,3275,8089,8089,134.82,134.82,1,0.02,0.1671,0.1671,538.8,0
SIron_SHW_01.18.2026_LS,SHW,3345,13065,13066,217.75,217.76,2,0.03,0.1671,0.1671,2090.7,0
SIron_SHW_01.18.2026_LS,SHW,3325,12162,12162,202.7,202.7,1,0.02,0.1668,0.1668,1450.6,0
SIron_SHW_01.18.2026_LS,SHW,3195,2904,2904,48.4,48.4,1,0.02,0.1665,0.1665,1379.2,0
SIron_SHW_01.18.2026_LS,SHW,3255,7227,7227,120.45,120.45,1,0.02,0.1659,0.1659,1863.5,0
SIron_SHW_01.18.2026_LS,SHW,3415,15065,15090,251.08,251.5,3,0.43,0.1649,0.1649,1934.1,0
SIron_SHW_01.18.2026_LS,SHW,3355,13674,13674,227.9,227.9,1,0.02,0.1646,0.1646,1708.8,0
SIron_SHW_01.18.2026_LS,SHW,3405,14867,14867,247.78,247.78,1,0.02,0.1642,0.1642,406.4,0
SIron_SHW_01.18.2026_LS,SHW,3296,9657,9660,160.95,161.0,3,0.07,0.1621,0.1621,1054.9,0
SIron_SHW_01.18.2026_LS,SHW,3416,15179,15181,252.98,253.01,2,0.05,0.1612,0.1612,2182.4,0
SIron_SHW_01.18.2026_LS,SHW,3409,14899,14899,248.31,248.31,1,0.02,0.1611,0.1611,729.3,0
SIron_SHW_01.18.2026_LS,SHW,3168,299,322,4.98,5.37,5,0.4,0.1609,0.1609,1090.5,0
SIron_SHW_01.18.2026_LS,SHW,3299,9699,9699,161.65,161.65,1,0.02,0.1577,0.1577,1204.6,0
SIron_SHW_01.18.2026_LS,SHW,3223,5011,5011,83.52,83.52,1,0.02,0.1573,0.1573,932.3,0
SIron_SHW_01.18.2026_LS,SHW,3287,9037,9037,150.61,150.61,1,0.02,0.1567,0.1567,539.8,0
SIron_SHW_01.18.2026_LS,SHW,3353,13584,13584,226.4,226.4,1,0.02,0.1566,0.1566,6786.0,0
SIron_SHW_01.18.2026_LS,SHW,3378,14233,14233,237.21,237.21,1,0.02,0.1566,0.1566,3047.4,0
SIron_SHW_01.18.2026_LS,SHW,3334,12575,12578,209.58,209.63,2,0.07,0.154,0.154,1430.1,0
SIron_SHW_01.18.2026_LS,SHW,3284,8532,8534,142.2,142.23,3,0.05,0.1533,0.1533,425.5,0
SIron_SHW_01.18.2026_LS,SHW,3273,8044,8069,134.07,134.48,4,0.43,0.1527,0.1527,1748.0,0
SIron_SHW_01.18.2026_LS,SHW,3319,11632,11632,193.86,193.86,1,0.02,0.1518,0.1518,1787.7,0
SIron_SHW_01.18.2026_LS,SHW,3393,14481,14481,241.35,241.35,1,0.02,0.1508,0.1508,2510.7,0
SIron_SHW_01.18.2026_LS,SHW,3246,6715,6715,111.92,111.92,1,0.02,0.1504,0.1504,1343.2,0
SIron_SHW_01.18.2026_LS,SHW,3277,8160,8168,136.0,136.13,3,0.15,0.15,0.15,986.9,0
SIron_SHW_01.18.2026_LS,SHW,3231,5758,5760,95.97,96.0,2,0.05,0.1478,0.1478,2228.3,0
SIron_SHW_01.18.2026_LS,SHW,3228,5525,5525,92.08,92.08,1,0.02,0.1476,0.1476,606.0,0
SIron_SHW_01.18.2026_LS,SHW,3375,14190,14190,236.5,236.5,1,0.02,0.1469,0.1469,415.4,0
SIron_SHW_01.18.2026_LS,SHW,3189,2394,2394,39.9,39.9,1,0.02,0.1462,0.1462,2176.4,0
SIron_SHW_01.18.2026_LS,SHW,3215,4020,4022,67.0,67.03,3,0.05,0.1458,0.1458,1046.0,0
SIron_SHW_01.18.2026_LS,SHW,3398,14679,14679,244.65,244.65,1,0.02,0.1444,0.1444,1732.8,0
SIron_SHW_01.18.2026_LS,SHW,3226,5488,5488,91.47,91.47,1,0.02,0.141,0.141,1677.8,0
SIron_SHW_01.18.2026_LS,SHW,3247,6808,6808,113.47,113.47,1,0.02,0.141,0.141,806.6,0
SIron_SHW_01.18.2026_LS,SHW,3283,8357,8357,139.28,139.28,1,0.02,0.1407,0.1407,1942.0,0
SIron_SHW_01.18.2026_LS,SHW,3339,12822,12822,213.7,213.7,1,0.02,0.1407,0.1407,1608.8,0
SIron_SHW_01.18.2026_LS,SHW,3229,5530,5530,92.17,92.17,1,0.02,0.1399,0.1399,1113.7,0
SIron_SHW_01.18.2026_LS,SHW,3166,171,171,2.85,2.85,1,0.02,0.1387,0.1387,683.6,0
SIron_SHW_01.18.2026_LS,SHW,3290,9511,9511,158.51,158.51,1,0.02,0.1383,0.1383,1208.8,0
SIron_SHW_01.18.2026_LS,SHW,3259,7439,7439,123.98,123.98,1,0.02,0.1373,0.1373,745.6,0
SIron_SHW_01.18.2026_LS,SHW,3298,9691,9691,161.51,161.51,1,0.02,0.136,0.136,1795.8,0
SIron_SHW_01.18.2026_LS,SHW,3354,13608,13617,226.8,226.95,2,0.17,0.1358,0.1358,8061.0,0
SIron_SHW_01.18.2026_LS,SHW,3172,1382,1382,23.03,23.03,1,0.02,0.1345,0.1345,406.8,0
SIron_SHW_01.18.2026_LS,SHW,3267,7859,7885,130.98,131.42,2,0.45,0.1345,0.1345,1548.7,0
SIron_SHW_01.18.2026_LS,SHW,3222,4946,4946,82.43,82.43,1,0.02,0.1343,0.1343,1541.8,0
SIron_SHW_01.18.2026_LS,SHW,3219,4610,4611,76.83,76.85,2,0.03,0.1341,0.1341,1564.3,0
SIron_SHW_01.18.2026_LS,SHW,3212,3691,3691,61.52,61.52,1,0.02,0.1338,0.1338,1414.3,0
SIron_SHW_01.18.2026_LS,SHW,3193,2893,2893,48.22,48.22,1,0.02,0.1329,0.1329,1130.7,0
SIron_SHW_01.18.2026_LS,SHW,3239,6258,6265,104.3,104.42,2,0.13,0.1317,0.1317,1120.7,0
SIron_SHW_01.18.2026_LS,SHW,3376,14198,14198,236.63,236.63,1,0.02,0.1308,0.1308,591.5,0
SIron_SHW_01.18.2026_LS,SHW,3329,12214,12219,203.56,203.65,4,0.1,0.1305,0.1305,1501.0,0
SIron_SHW_01.18.2026_LS,SHW,3374,14175,14190,236.25,236.5,2,0.27,0.1303,0.1303,1968.3,0
SIron_SHW_01.18.2026_LS,SHW,3269,7938,7943,132.3,132.38,3,0.1,0.1284,0.1284,723.1,0
SIron_SHW_01.18.2026_LS,SHW,3318,11300,11300,188.33,188.33,1,0.02,0.1278,0.1278,723.4,0
SIron_SHW_01.18.2026_LS,SHW,3252,6843,6843,114.05,114.05,1,0.02,0.1266,0.1266,438.1,0
SIron_SHW_01.18.2026_LS,SHW,3213,3972,3972,66.2,66.2,1,0.02,0.1262,0.1262,611.1,0
SIron_SHW_01.18.2026_LS,SHW,3292,9591,9591,159.85,159.85,1,0.02,0.1253,0.1253,1630.8,0
SIron_SHW_01.18.2026_LS,SHW,3187,2364,2364,39.4,39.4,1,0.02,0.125,0.125,688.6,0
SIron_SHW_01.18.2026_LS,SHW,3241,6418,6418,106.97,106.97,1,0.02,0.1248,0.1248,667.8,0
SIron_SHW_01.18.2026_LS,SHW,3227,5522,5523,92.03,92.05,2,0.03,0.124,0.124,1123.4,0
SIron_SHW_01.18.2026_LS,SHW,3205,3535,3535,58.92,58.92,1,0.02,0.1223,0.1223,1773.7,0
SIron_SHW_01.18.2026_LS,SHW,3387,14384,14384,239.73,239.73,1,0.02,0.1209,0.1209,2711.7,0
SIron_SHW_01.18.2026_LS,SHW,3407,14884,14884,248.06,248.06,1,0.02,0.1206,0.1206,2760.3,0
SIron_SHW_01.18.2026_LS,SHW,3233,6069,6069,101.15,101.15,1,0.02,0.119,0.119,1764.1,0
SIron_SHW_01.18.2026_LS,SHW,3211,3670,3670,61.17,61.17,1,0.02,0.1182,0.1182,1186.7,0
SIron_SHW_01.18.2026_LS,SHW,3262,7731,7731,128.85,128.85,1,0.02,0.1167,0.1167,1226.8,0
SIron_SHW_01.18.2026_LS,SHW,3190,2839,2839,47.32,47.32,1,0.02,0.1151,0.1151,692.0,0
SIron_SHW_01.18.2026_LS,SHW,3253,6865,6865,114.42,114.42,1,0.02,0.1147,0.1147,809.9,0
SIron_SHW_01.18.2026_LS,SHW,3280,8329,8329,138.82,138.82,1,0.02,0.1141,0.1141,373.4,0
SIron_SHW_01.18.2026_LS,SHW,3412,14978,14978,249.63,249.63,1,0.02,0.114,0.114,795.8,0
SIron_SHW_01.18.2026_LS,SHW,3182,2121,2121,35.35,35.35,1,0.02,0.1136,0.1136,1071.2,0
SIron_SHW_01.18.2026_LS,SHW,3358,13731,13744,228.85,229.06,2,0.23,0.1125,0.1125,1152.7,0
SIron_SHW_01.18.2026_LS,SHW,3242,6425,6425,107.08,107.08,1,0.02,0.1123,0.1123,716.0,0
SIron_SHW_01.18.2026_LS,SHW,3377,14226,14226,237.1,237.1,1,0.02,0.1122,0.1122,521.5,0
SIron_SHW_01.18.2026_LS,SHW,3281,8339,8339,138.98,138.98,1,0.02,0.1118,0.1118,1153.3,0
SIron_SHW_01.18.2026_LS,SHW,3282,8344,8371,139.07,139.51,2,0.47,0.1117,0.1117,1180.8,0
SIron_SHW_01.18.2026_LS,SHW,3263,7764,7786,129.4,129.77,2,0.38,0.1104,0.1104,840.8,0
SIron_SHW_01.18.2026_LS,SHW,3208,3567,3567,59.45,59.45,1,0.02,0.1084,0.1084,1588.6,0
SIron_SHW_01.18.2026_LS,SHW,3286,8740,8740,145.66,145.66,1,0.02,0.1079,0.1079,409.7,0
SIron_SHW_01.18.2026_LS,SHW,3324,12048,12048,200.8,200.8,1,0.02,0.1074,0.1074,1533.5,0
SIron_SHW_01.18.2026_LS,SHW,3316,11035,11035,183.91,183.91,1,0.02,0.1058,0.1058,1155.3,0
SIron_SHW_01.18.2026_LS,SHW,3408,14893,14893,248.21,248.21,1,0.02,0.1057,0.1057,510.6,0
SIron_SHW_01.18.2026_LS,SHW,3342,12909,12909,215.15,215.15,1,0.02,0.1051,0.1051,1498.9,0
SIron_SHW_01.18.2026_LS,SHW,3331,12248,12248,204.13,204.13,1,0.02,0.1043,0.1043,1488.1,0
SIron_SHW_01.18.2026_LS,SHW,3386,14378,14378,239.63,239.63,1,0.02,0.1043,0.1043,680.5,0
SIron_SHW_01.18.2026_LS,SHW,3400,14755,14755,245.91,245.91,1,0.02,0.1042,0.1042,1856.6,0
SIron_SHW_01.18.2026_LS,SHW,3192,2872,2872,47.87,47.87,1,0.02,0.1038,0.1038,714.7,0
SIron_SHW_01.18.2026_LS,SHW,3235,6218,6219,103.63,103.65,2,0.03,0.1036,0.1036,635.3,0
SIron_SHW_01.18.2026_LS,SHW,3257,7282,7282,121.37,121.37,1,0.02,0.1026,0.1026,2543.7,0
SIron_SHW_01.18.2026_LS,SHW,3181,1789,1789,29.82,29.82,1,0.02,0.102,0.102,1533.3,0
SIron_SHW_01.18.2026_LS,SHW,3309,10689,10689,178.15,178.15,1,0.02,0.1017,0.1017,2036.9,0
SIron_SHW_01.18.2026_LS,SHW,3176,1524,1524,25.4,25.4,1,0.02,0.1015,0.1015,2212.6,0
SIron_SHW_01.18.2026_LS,SHW,3285,8643,8643,144.05,144.05,1,0.02,0.1013,0.1013,572.8,0
SIron_SHW_01.18.2026_LS,SHW,3349,13407,13407,223.45,223.45,1,0.02,0.1007,0.1007,2127.0,0
WhoopieCatDam_SHW_01.18.2026_LS,SHW,2276,2912,3013,48.53,50.22,94,1.7,0.6399,0.7884,2001.6,1
WhoopieCatDam_SHW_01.18.2026_LS,SHW,2264,2842,2894,47.37,48.23,45,0.88,0.6392,0.7738,1798.0,1
WhoopieCatDam_SHW_01.18.2026_LS,SHW,3341,2810,2939,46.83,48.98,21,2.17,0.2224,0.3345,1771.0,1
WhoopieCatDam_SHW_01.18.2026_LS,SHW,3303,516,516,8.6,8.6,1,0.02,0.6162,0.6162,1742.1,0
WhoopieCatDam_SHW_01.18.2026_LS,SHW,3367,3909,3909,65.15,65.15,1,0.02,0.5974,0.5974,1573.9,0
WhoopieCatDam_SHW_01.18.2026_LS,SHW,3377,4285,4285,71.42,71.42,1,0.02,0.4839,0.4839,1890.8,0
WhoopieCatDam_SHW_01.18.2026_LS,SHW,2294,2969,2970,49.48,49.5,2,0.03,0.45,0.45,2352.6,0
WhoopieCatDam_SHW_01.18.2026_LS,SHW,2212,259,262,4.32,4.37,3,0.07,0.4086,0.4086,2379.2,0
WhoopieCatDam_SHW_01.18.2026_LS,SHW,3296,318,318,5.3,5.3,1,0.02,0.3547,0.3547,1077.6,0
WhoopieCatDam_SHW_01.18.2026_LS,SHW,3382,4437,4437,73.95,73.95,1,0.02,0.3191,0.3191,2485.7,0
WhoopieCatDam_SHW_01.18.2026_LS,SHW,3301,478,483,7.97,8.05,2,0.1,0.3123,0.3123,1014.2,0
WhoopieCatDam_SHW_01.18.2026_LS,SHW,3320,1670,1670,27.83,27.83,1,0.02,0.2993,0.2993,1638.0,0
WhoopieCatDam_SHW_01.18.2026_LS,SHW,3318,1613,1613,26.88,26.88,1,0.02,0.2969,0.2969,1339.7,0
WhoopieCatDam_SHW_01.18.2026_LS,SHW,3330,2102,2109,35.03,35.15,4,0.13,0.2663,0.2663,1421.7,0
WhoopieCatDam_SHW_01.18.2026_LS,SHW,3381,4436,4438,73.93,73.97,3,0.05,0.2573,0.2573,683.2,0
WhoopieCatDam_SHW_01.18.2026_LS,SHW,3311,1249,1256,20.82,20.93,2,0.13,0.2516,0.2516,876.5,0
WhoopieCatDam_SHW_01.18.2026_LS,SHW,3324,1987,1987,33.12,33.12,1,0.02,0.2471,0.2471,2274.0,0
WhoopieCatDam_SHW_01.18.2026_LS,SHW,3354,3383,3383,56.38,56.38,1,0.02,0.2469,0.2469,1902.8,0
WhoopieCatDam_SHW_01.18.2026_LS,SHW,3305,625,630,10.42,10.5,4,0.1,0.2457,0.2457,999.5,0
WhoopieCatDam_SHW_01.18.2026_LS,SHW,3340,2797,2798,46.62,46.63,2,0.03,0.2436,0.2436,2201.6,0
WhoopieCatDam_SHW_01.18.2026_LS,SHW,3319,1638,1638,27.3,27.3,1,0.02,0.2407,0.2407,1589.3,0
WhoopieCatDam_SHW_01.18.2026_LS,SHW,3307,838,838,13.97,13.97,1,0.02,0.2401,0.2401,541.7,0
WhoopieCatDam_SHW_01.18.2026_LS,SHW,3298,406,410,6.77,6.83,4,0.08,0.2356,0.2356,1102.5,0
WhoopieCatDam_SHW_01.18.2026_LS,SHW,3297,405,431,6.75,7.18,3,0.45,0.235,0.235,1200.6,0
WhoopieCatDam_SHW_01.18.2026_LS,SHW,3366,3902,3902,65.03,65.03,1,0.02,0.2277,0.2277,1349.6,0
WhoopieCatDam_SHW_01.18.2026_LS,SHW,3389,4582,4582,76.37,76.37,1,0.02,0.2233,0.2233,1333.9,0
WhoopieCatDam_SHW_01.18.2026_LS,SHW,3327,2069,2069,34.48,34.48,1,0.02,0.2208,0.2208,1626.4,0
WhoopieCatDam_SHW_01.18.2026_LS,SHW,3350,3153,3153,52.55,52.55,1,0.02,0.2203,0.2203,2062.1,0
WhoopieCatDam_SHW_01.18.2026_LS,SHW,3363,3810,3810,63.5,63.5,1,0.02,0.2176,0.2176,2397.9,0
WhoopieCatDam_SHW_01.18.2026_LS,SHW,3310,1186,1190,19.77,19.83,3,0.08,0.207,0.207,2132.9,0
WhoopieCatDam_SHW_01.18.2026_LS,SHW,3394,5201,5201,86.68,86.68,1,0.02,0.2068,0.2068,496.6,0
WhoopieCatDam_SHW_01.18.2026_LS,SHW,3325,1997,1999,33.28,33.32,2,0.05,0.2041,0.2041,2200.1,0
WhoopieCatDam_SHW_01.18.2026_LS,SHW,3300,470,471,7.83,7.85,2,0.03,0.1999,0.1999,1370.9,0
WhoopieCatDam_SHW_01.18.2026_LS,SHW,3333,2266,2301,37.77,38.35,5,0.6,0.1994,0.1994,2221.4,0
WhoopieCatDam_SHW_01.18.2026_LS,SHW,3373,4136,4141,68.93,69.02,3,0.1,0.1993,0.1993,1721.2,0
WhoopieCatDam_SHW_01.18.2026_LS,SHW,3347,2992,2992,49.87,49.87,1,0.02,0.1986,0.1986,1723.8,0
WhoopieCatDam_SHW_01.18.2026_LS,SHW,3342,2813,2840,46.88,47.33,4,0.47,0.196,0.196,2141.9,0
WhoopieCatDam_SHW_01.18.2026_LS,SHW,3355,3391,3398,56.52,56.63,4,0.13,0.1944,0.1944,2040.2,0
WhoopieCatDam_SHW_01.18.2026_LS,SHW,3374,4153,4176,69.22,69.6,5,0.4,0.1928,0.1928,1803.8,0
WhoopieCatDam_SHW_01.18.2026_LS,SHW,3346,2991,3017,49.85,50.28,6,0.45,0.1775,0.1911,1556.7,0
WhoopieCatDam_SHW_01.18.2026_LS,SHW,3308,904,905,15.07,15.08,2,0.03,0.1895,0.1895,2150.7,0
WhoopieCatDam_SHW_01.18.2026_LS,SHW,3326,2024,2034,33.73,33.9,3,0.18,0.1894,0.1894,1448.9,0
WhoopieCatDam_SHW_01.18.2026_LS,SHW,3392,5129,5129,85.48,85.48,1,0.02,0.1892,0.1892,915.9,0
WhoopieCatDam_SHW_01.18.2026_LS,SHW,3315,1373,1380,22.88,23.0,3,0.13,0.1864,0.1864,1790.9,0
WhoopieCatDam_SHW_01.18.2026_LS,SHW,3304,543,543,9.05,9.05,1,0.02,0.1853,0.1853,870.5,0
WhoopieCatDam_SHW_01.18.2026_LS,SHW,3385,4502,4503,75.03,75.05,2,0.03,0.1812,0.1812,2263.9,0
WhoopieCatDam_SHW_01.18.2026_LS,SHW,3295,258,271,4.3,4.52,6,0.23,0.1703,0.1803,1499.2,0
WhoopieCatDam_SHW_01.18.2026_LS,SHW,3316,1467,1468,24.45,24.47,2,0.03,0.175,0.175,1785.9,0
WhoopieCatDam_SHW_01.18.2026_LS,SHW,3395,5209,5209,86.82,86.82,1,0.02,0.1747,0.1747,1661.9,0
WhoopieCatDam_SHW_01.18.2026_LS,SHW,3336,2540,2540,42.33,42.33,1,0.02,0.1633,0.1633,2002.6,0
WhoopieCatDam_SHW_01.18.2026_LS,SHW,3332,2151,2151,35.85,35.85,1,0.02,0.163,0.163,1920.5,0
WhoopieCatDam_SHW_01.18.2026_LS,SHW,3339,2790,2798,46.5,46.63,4,0.15,0.1602,0.1602,2290.1,0
WhoopieCatDam_SHW_01.18.2026_LS,SHW,3344,2907,2913,48.45,48.55,4,0.12,0.1593,0.1593,2004.4,0
WhoopieCatDam_SHW_01.18.2026_LS,SHW,3362,3785,3790,63.08,63.17,3,0.1,0.1582,0.1582,1596.5,0
WhoopieCatDam_SHW_01.18.2026_LS,SHW,3353,3317,3342,55.28,55.7,4,0.43,0.1531,0.1531,1743.3,0
WhoopieCatDam_SHW_01.18.2026_LS,SHW,3299,419,419,6.98,6.98,1,0.02,0.1524,0.1524,1579.5,0
WhoopieCatDam_SHW_01.18.2026_LS,SHW,3329,2089,2090,34.82,34.83,2,0.03,0.1519,0.1519,1178.3,0
WhoopieCatDam_SHW_01.18.2026_LS,SHW,3352,3237,3260,53.95,54.33,4,0.4,0.1489,0.1489,2259.6,0
WhoopieCatDam_SHW_01.18.2026_LS,SHW,3379,4334,4334,72.23,72.23,1,0.02,0.1483,0.1483,1617.9,0
WhoopieCatDam_SHW_01.18.2026_LS,SHW,3348,3149,3150,52.48,52.5,2,0.03,0.1482,0.1482,2131.8,0
WhoopieCatDam_SHW_01.18.2026_LS,SHW,3314,1373,1373,22.88,22.88,1,0.02,0.1479,0.1479,1802.1,0
WhoopieCatDam_SHW_01.18.2026_LS,SHW,3387,4539,4539,75.65,75.65,1,0.02,0.1472,0.1472,2495.6,0
WhoopieCatDam_SHW_01.18.2026_LS,SHW,3313,1291,1291,21.52,21.52,1,0.02,0.145,0.145,1419.8,0
WhoopieCatDam_SHW_01.18.2026_LS,SHW,3371,4073,4098,67.88,68.3,2,0.43,0.144,0.144,1743.6,0
WhoopieCatDam_SHW_01.18.2026_LS,SHW,3321,1941,1955,32.35,32.58,2,0.25,0.1422,0.1422,1166.2,0
WhoopieCatDam_SHW_01.18.2026_LS,SHW,3364,3844,3844,64.07,64.07,1,0.02,0.1422,0.1422,557.9,0
WhoopieCatDam_SHW_01.18.2026_LS,SHW,3343,2906,2907,48.43,48.45,2,0.03,0.1405,0.1405,1911.7,0
WhoopieCatDam_SHW_01.18.2026_LS,SHW,3391,4765,4768,79.42,79.47,2,0.07,0.14,0.14,2031.3,0
WhoopieCatDam_SHW_01.18.2026_LS,SHW,3372,4101,4103,68.35,68.38,3,0.05,0.1388,0.1388,1758.0,0
WhoopieCatDam_SHW_01.18.2026_LS,SHW,3328,2077,2077,34.62,34.62,1,0.02,0.1383,0.1383,987.3,0
WhoopieCatDam_SHW_01.18.2026_LS,SHW,3334,2411,2411,40.18,40.18,1,0.02,0.1372,0.1372,1847.4,0
WhoopieCatDam_SHW_01.18.2026_LS,SHW,3375,4189,4189,69.82,69.82,1,0.02,0.1372,0.1372,2033.1,0
WhoopieCatDam_SHW_01.18.2026_LS,SHW,3337,2659,2659,44.32,44.32,1,0.02,0.1359,0.1359,1966.9,0
WhoopieCatDam_SHW_01.18.2026_LS,SHW,3378,4297,4299,71.62,71.65,3,0.05,0.1352,0.1352,2026.1,0
WhoopieCatDam_SHW_01.18.2026_LS,SHW,3312,1264,1264,21.07,21.07,1,0.02,0.1351,0.1351,2137.1,0
WhoopieCatDam_SHW_01.18.2026_LS,SHW,3386,4526,4526,75.43,75.43,1,0.02,0.1348,0.1348,1031.3,0
WhoopieCatDam_SHW_01.18.2026_LS,SHW,3317,1553,1553,25.88,25.88,1,0.02,0.1347,0.1347,1991.2,0
WhoopieCatDam_SHW_01.18.2026_LS,SHW,3351,3205,3205,53.42,53.42,1,0.02,0.1329,0.1329,1747.6,0
WhoopieCatDam_SHW_01.18.2026_LS,SHW,3302,489,489,8.15,8.15,1,0.02,0.1288,0.1288,1153.2,0
WhoopieCatDam_SHW_01.18.2026_LS,SHW,3331,2145,2147,35.75,35.78,3,0.05,0.1254,0.1254,1780.2,0
WhoopieCatDam_SHW_01.18.2026_LS,SHW,3309,1155,1155,19.25,19.25,1,0.02,0.1237,0.1237,2224.0,0
WhoopieCatDam_SHW_01.18.2026_LS,SHW,3358,3636,3636,60.6,60.6,1,0.02,0.1206,0.1206,1844.0,0
WhoopieCatDam_SHW_01.18.2026_LS,SHW,3383,4456,4456,74.27,74.27,1,0.02,0.1191,0.1191,1826.6,0
WhoopieCatDam_SHW_01.18.2026_LS,SHW,3393,5134,5134,85.57,85.57,1,0.02,0.1173,0.1173,1053.9,0
WhoopieCatDam_SHW_01.18.2026_LS,SHW,3368,3974,3974,66.23,66.23,1,0.02,0.1162,0.1162,2181.4,0
WhoopieCatDam_SHW_01.18.2026_LS,SHW,3369,3995,3995,66.58,66.58,1,0.02,0.1159,0.1159,1779.0,0
WhoopieCatDam_SHW_01.18.2026_LS,SHW,3361,3729,3729,62.15,62.15,1,0.02,0.1144,0.1144,992.5,0
WhoopieCatDam_SHW_01.18.2026_LS,SHW,3365,3844,3859,64.07,64.32,2,0.27,0.1138,0.1138,1324.4,0
WhoopieCatDam_SHW_01.18.2026_LS,SHW,3390,4667,4667,77.78,77.78,1,0.02,0.1136,0.1136,730.1,0
WhoopieCatDam_SHW_01.18.2026_LS,SHW,3357,3595,3613,59.92,60.22,3,0.32,0.1127,0.1127,2115.3,0
WhoopieCatDam_SHW_01.18.2026_LS,SHW,3376,4233,4233,70.55,70.55,1,0.02,0.1122,0.1122,2566.6,0
WhoopieCatDam_SHW_01.18.2026_LS,SHW,3323,1950,1950,32.5,32.5,1,0.02,0.112,0.112,1346.2,0
WhoopieCatDam_SHW_01.18.2026_LS,SHW,3322,1946,1946,32.43,32.43,1,0.02,0.1115,0.1115,2067.7,0
WhoopieCatDam_SHW_01.18.2026_LS,SHW,3384,4460,4460,74.33,74.33,1,0.02,0.1112,0.1112,2326.1,0
WhoopieCatDam_SHW_01.18.2026_LS,SHW,3360,3695,3695,61.58,61.58,1,0.02,0.1108,0.1108,4428.2,0
WhoopieCatDam_SHW_01.18.2026_LS,SHW,3294,225,225,3.75,3.75,1,0.02,0.1102,0.1102,783.9,0
WhoopieCatDam_SHW_01.18.2026_LS,SHW,3359,3654,3656,60.9,60.93,2,0.05,0.1082,0.1082,1947.1,0
WhoopieCatDam_SHW_01.18.2026_LS,SHW,3345,2911,2911,48.52,48.52,1,0.02,0.1081,0.1081,1785.9,0
WhoopieCatDam_SHW_01.18.2026_LS,SHW,3349,3150,3150,52.5,52.5,1,0.02,0.1076,0.1076,2336.0,0
WhoopieCatDam_SHW_01.18.2026_LS,SHW,3388,4577,4577,76.28,76.28,1,0.02,0.1063,0.1063,1571.6,0
WhoopieCatDam_SHW_01.18.2026_LS,SHW,3335,2424,2424,40.4,40.4,1,0.02,0.1062,0.1062,1434.5,0
WhoopieCatDam_SHW_01.18.2026_LS,SHW,3370,4062,4062,67.7,67.7,1,0.02,0.1056,0.1056,1706.6,0
WhoopieCatDam_SHW_01.18.2026_LS,SHW,3306,777,777,12.95,12.95,1,0.02,0.1045,0.1045,1574.1,0
WhoopieCatDam_SHW_01.18.2026_LS,SHW,3338,2725,2725,45.42,45.42,1,0.02,0.1041,0.1041,1798.9,0
WhoopieCatDam_SHW_01.18.2026_LS,SHW,3356,3402,3402,56.7,56.7,1,0.02,0.1041,0.1041,2059.8,0
WhoopieCatDam_SHW_01.18.2026_LS,SHW,3380,4374,4374,72.9,72.9,1,0.02,0.1006,0.1006,1821.8,0
WhoopieCatDam_SHW_01.18.2026_LS,SHW,3396,5548,5548,92.47,92.47,1,0.02,0.1005,0.1005,812.6,0
EMarseilles_MAS_12.22.25_LS_V2,MAS,1155,8935,8961,149.0,149.44,14,0.45,0.2793,0.4043,1890.4,1
EMarseilles_MAS_12.22.25_LS_V2,MAS,1157,9196,9245,153.36,154.17,17,0.83,0.2315,0.3571,1648.1,1
EMarseilles_MAS_12.22.25_LS_V2,MAS,71,9145,9145,152.51,152.51,1,0.02,0.7048,0.7048,1589.5,0
EMarseilles_MAS_12.22.25_LS_V2,MAS,96,9780,9781,163.1,163.11,2,0.03,0.6257,0.6257,1576.8,0
EMarseilles_MAS_12.22.25_LS_V2,MAS,36,6587,6587,109.85,109.85,1,0.02,0.578,0.578,602.7,0
EMarseilles_MAS_12.22.25_LS_V2,MAS,74,9197,9197,153.37,153.37,1,0.02,0.5515,0.5515,1021.6,0
EMarseilles_MAS_12.22.25_LS_V2,MAS,1119,4449,4449,74.19,74.19,1,0.02,0.5056,0.5056,1750.4,0
EMarseilles_MAS_12.22.25_LS_V2,MAS,1126,5580,5584,93.05,93.12,2,0.08,0.4811,0.4811,1199.8,0
EMarseilles_MAS_12.22.25_LS_V2,MAS,1115,4350,4350,72.54,72.54,1,0.02,0.4777,0.4777,2075.4,0
EMarseilles_MAS_12.22.25_LS_V2,MAS,1099,1938,1938,32.32,32.32,1,0.02,0.3908,0.3908,1997.4,0
EMarseilles_MAS_12.22.25_LS_V2,MAS,1123,4747,4747,79.16,79.16,1,0.02,0.3712,0.3712,1404.3,0
EMarseilles_MAS_12.22.25_LS_V2,MAS,1111,3921,3921,65.39,65.39,1,0.02,0.3606,0.3606,1389.8,0
EMarseilles_MAS_12.22.25_LS_V2,MAS,1156,9142,9156,152.46,152.69,6,0.25,0.3238,0.3589,1326.3,0
EMarseilles_MAS_12.22.25_LS_V2,MAS,1133,6244,6244,104.13,104.13,1,0.02,0.3396,0.3396,2381.2,0
EMarseilles_MAS_12.22.25_LS_V2,MAS,1125,5366,5366,89.49,89.49,1,0.02,0.3283,0.3283,4235.9,0
EMarseilles_MAS_12.22.25_LS_V2,MAS,1166,9985,9985,166.51,166.51,1,0.02,0.3025,0.3025,1461.2,0
EMarseilles_MAS_12.22.25_LS_V2,MAS,1169,11809,11811,196.93,196.97,2,0.05,0.2976,0.2976,1087.7,0
EMarseilles_MAS_12.22.25_LS_V2,MAS,1135,6582,6595,109.76,109.98,10,0.23,0.2236,0.2909,821.5,0
EMarseilles_MAS_12.22.25_LS_V2,MAS,1164,9759,9764,162.75,162.83,3,0.1,0.2877,0.2877,1691.3,0
EMarseilles_MAS_12.22.25_LS_V2,MAS,1161,9520,9520,158.76,158.76,1,0.02,0.2862,0.2862,1179.0,0
EMarseilles_MAS_12.22.25_LS_V2,MAS,1153,8862,8863,147.79,147.8,2,0.03,0.2761,0.2761,1030.7,0
EMarseilles_MAS_12.22.25_LS_V2,MAS,1129,5607,5611,93.51,93.57,5,0.08,0.2758,0.2758,1251.8,0
EMarseilles_MAS_12.22.25_LS_V2,MAS,1098,1240,1241,20.68,20.7,2,0.03,0.2757,0.2757,654.9,0
EMarseilles_MAS_12.22.25_LS_V2,MAS,1141,7373,7375,122.96,122.99,2,0.05,0.2717,0.2717,1197.5,0
EMarseilles_MAS_12.22.25_LS_V2,MAS,1159,9480,9483,158.09,158.14,3,0.07,0.2624,0.2624,717.8,0
EMarseilles_MAS_12.22.25_LS_V2,MAS,1163,9753,9756,162.65,162.7,3,0.07,0.2566,0.2566,1444.6,0
EMarseilles_MAS_12.22.25_LS_V2,MAS,1118,4434,4436,73.94,73.98,2,0.05,0.2562,0.2562,1913.6,0
EMarseilles_MAS_12.22.25_LS_V2,MAS,1142,7373,7373,122.96,122.96,1,0.02,0.2492,0.2492,1186.8,0
EMarseilles_MAS_12.22.25_LS_V2,MAS,1137,6815,6815,113.65,113.65,1,0.02,0.2476,0.2476,603.7,0
EMarseilles_MAS_12.22.25_LS_V2,MAS,1148,8321,8323,138.77,138.8,2,0.05,0.2407,0.2407,2498.2,0
EMarseilles_MAS_12.22.25_LS_V2,MAS,1110,3904,3906,65.11,65.14,2,0.05,0.2381,0.2381,569.9,0
EMarseilles_MAS_12.22.25_LS_V2,MAS,1105,3556,3559,59.3,59.35,2,0.07,0.238,0.238,1070.9,0
EMarseilles_MAS_12.22.25_LS_V2,MAS,1144,7508,7519,125.21,125.39,2,0.2,0.2298,0.2298,2104.7,0
EMarseilles_MAS_12.22.25_LS_V2,MAS,1167,10097,10101,168.38,168.45,5,0.08,0.2221,0.2221,696.5,0
EMarseilles_MAS_12.22.25_LS_V2,MAS,1151,8533,8534,142.3,142.32,2,0.03,0.2218,0.2218,1098.7,0
EMarseilles_MAS_12.22.25_LS_V2,MAS,1116,4365,4365,72.79,72.79,1,0.02,0.2195,0.2195,1571.0,0
EMarseilles_MAS_12.22.25_LS_V2,MAS,1117,4380,4384,73.04,73.11,3,0.08,0.2112,0.2112,1046.2,0
EMarseilles_MAS_12.22.25_LS_V2,MAS,1128,5598,5598,93.35,93.35,1,0.02,0.2104,0.2104,1272.2,0
EMarseilles_MAS_12.22.25_LS_V2,MAS,1140,7349,7349,122.56,122.56,1,0.02,0.2095,0.2095,2692.5,0
EMarseilles_MAS_12.22.25_LS_V2,MAS,1112,3929,3929,65.52,65.52,1,0.02,0.2069,0.2069,587.1,0
EMarseilles_MAS_12.22.25_LS_V2,MAS,1139,7296,7296,121.67,121.67,1,0.02,0.1997,0.1997,1965.7,0
EMarseilles_MAS_12.22.25_LS_V2,MAS,1113,3931,3935,65.56,65.62,2,0.08,0.1882,0.1882,873.4,0
EMarseilles_MAS_12.22.25_LS_V2,MAS,1165,9777,9784,163.05,163.16,5,0.13,0.182,0.182,1814.6,0
EMarseilles_MAS_12.22.25_LS_V2,MAS,1101,2819,2819,47.01,47.01,1,0.02,0.1807,0.1807,630.1,0
EMarseilles_MAS_12.22.25_LS_V2,MAS,1097,1031,1037,17.19,17.29,2,0.12,0.1798,0.1798,1711.4,0
EMarseilles_MAS_12.22.25_LS_V2,MAS,1106,3589,3591,59.85,59.89,2,0.05,0.1737,0.1737,1692.7,0
EMarseilles_MAS_12.22.25_LS_V2,MAS,1162,9636,9636,160.69,160.69,1,0.02,0.1649,0.1649,547.0,0
EMarseilles_MAS_12.22.25_LS_V2,MAS,1152,8608,8608,143.55,143.55,1,0.02,0.1636,0.1636,1181.9,0
EMarseilles_MAS_12.22.25_LS_V2,MAS,1100,2403,2403,40.07,40.07,1,0.02,0.1601,0.1601,2088.9,0
EMarseilles_MAS_12.22.25_LS_V2,MAS,1160,9509,9509,158.58,158.58,1,0.02,0.1533,0.1533,1211.7,0
EMarseilles_MAS_12.22.25_LS_V2,MAS,1145,7545,7545,125.82,125.82,1,0.02,0.1524,0.1524,6464.0,0
EMarseilles_MAS_12.22.25_LS_V2,MAS,1130,5699,5699,95.04,95.04,1,0.02,0.1514,0.1514,3008.5,0
EMarseilles_MAS_12.22.25_LS_V2,MAS,1124,5189,5189,86.53,86.53,1,0.02,0.1495,0.1495,1991.9,0
EMarseilles_MAS_12.22.25_LS_V2,MAS,1109,3853,3853,64.25,64.25,1,0.02,0.1455,0.1455,809.3,0
EMarseilles_MAS_12.22.25_LS_V2,MAS,1114,4002,4002,66.74,66.74,1,0.02,0.1455,0.1455,3114.3,0
EMarseilles_MAS_12.22.25_LS_V2,MAS,1138,7218,7220,120.37,120.4,3,0.05,0.1452,0.1452,1192.8,0
EMarseilles_MAS_12.22.25_LS_V2,MAS,1107,3660,3661,61.04,61.05,2,0.03,0.142,0.142,713.0,0
EMarseilles_MAS_12.22.25_LS_V2,MAS,1143,7481,7481,124.76,124.76,1,0.02,0.1408,0.1408,3120.9,0
EMarseilles_MAS_12.22.25_LS_V2,MAS,1134,6433,6433,107.28,107.28,1,0.02,0.1393,0.1393,4249.0,0
EMarseilles_MAS_12.22.25_LS_V2,MAS,1103,3332,3335,55.57,55.62,3,0.07,0.1364,0.1364,1777.3,0
EMarseilles_MAS_12.22.25_LS_V2,MAS,1108,3674,3674,61.27,61.27,1,0.02,0.1353,0.1353,1795.7,0
EMarseilles_MAS_12.22.25_LS_V2,MAS,1121,4539,4539,75.69,75.69,1,0.02,0.1344,0.1344,2248.4,0
EMarseilles_MAS_12.22.25_LS_V2,MAS,1132,6157,6157,102.68,102.68,1,0.02,0.1262,0.1262,573.2,0
EMarseilles_MAS_12.22.25_LS_V2,MAS,1096,660,660,11.01,11.01,1,0.02,0.1259,0.1259,1453.7,0
EMarseilles_MAS_12.22.25_LS_V2,MAS,1122,4580,4580,76.38,76.38,1,0.02,0.1222,0.1222,1845.7,0
EMarseilles_MAS_12.22.25_LS_V2,MAS,1102,2925,2930,48.78,48.86,2,0.1,0.121,0.121,1114.5,0
EMarseilles_MAS_12.22.25_LS_V2,MAS,1146,8060,8060,134.41,134.41,1,0.02,0.1192,0.1192,1267.7,0
EMarseilles_MAS_12.22.25_LS_V2,MAS,1154,8887,8887,148.2,148.2,1,0.02,0.1189,0.1189,962.4,0
EMarseilles_MAS_12.22.25_LS_V2,MAS,1127,5591,5591,93.24,93.24,1,0.02,0.1178,0.1178,1154.2,0
EMarseilles_MAS_12.22.25_LS_V2,MAS,1150,8472,8474,141.28,141.32,2,0.05,0.1175,0.1175,932.2,0
EMarseilles_MAS_12.22.25_LS_V2,MAS,1120,4518,4518,75.34,75.34,1,0.02,0.1172,0.1172,978.9,0
EMarseilles_MAS_12.22.25_LS_V2,MAS,1147,8067,8067,134.53,134.53,1,0.02,0.1163,0.1163,1201.4,0
EMarseilles_MAS_12.22.25_LS_V2,MAS,1168,10623,10623,177.15,177.15,1,0.02,0.1136,0.1136,460.1,0
EMarseilles_MAS_12.22.25_LS_V2,MAS,1104,3343,3344,55.75,55.77,2,0.03,0.1117,0.1117,1554.3,0
EMarseilles_MAS_12.22.25_LS_V2,MAS,1136,6589,6589,109.88,109.88,1,0.02,0.1036,0.1036,665.7,0
EMarseilles_MAS_12.22.25_LS_V2,MAS,1131,5954,5954,99.29,99.29,1,0.02,0.1011,0.1011,1282.6,0
EMarseilles_MAS_12.22.25_LS_V2,MAS,1149,8455,8455,141.0,141.0,1,0.02,0.1011,0.1011,791.1,0
EMarseilles_MAS_12.22.25_LS_V2,MAS,1158,9256,9256,154.36,154.36,1,0.02,0.1009,0.1009,1286.3,0
GolfDr_SHB_12.11.2025,SHB,190,3365,3413,56.08,56.88,47,0.82,0.7693,0.8241,4335.3,1
GolfDr_SHB_12.11.2025,SHB,204,3503,3629,58.38,60.48,127,2.12,0.7631,0.8237,2122.3,1
GolfDr_SHB_12.11.2025,SHB,197,3415,3441,56.92,57.35,27,0.45,0.7666,0.8198,3978.3,1
GolfDr_SHB_12.11.2025,SHB,191,3382,3455,56.37,57.58,74,1.23,0.7416,0.8072,3182.8,1
GolfDr_SHB_12.11.2025,SHB,235,3636,3751,60.6,62.52,115,1.93,0.7239,0.7964,1712.7,1
GolfDr_SHB_12.11.2025,SHB,214,3580,3636,59.67,60.6,53,0.95,0.7298,0.7849,1649.8,1
GolfDr_SHB_12.11.2025,SHB,194,3396,3476,56.6,57.93,81,1.35,0.7447,0.78,2393.3,1
GolfDr_SHB_12.11.2025,SHB,246,3650,3690,60.83,61.5,41,0.68,0.6929,0.7469,1610.5,1
GolfDr_SHB_12.11.2025,SHB,208,3520,3612,58.67,60.2,82,1.55,0.5992,0.7355,582.8,1
GolfDr_SHB_12.11.2025,SHB,226,3617,3727,60.28,62.12,110,1.85,0.5888,0.7353,1572.9,1
GolfDr_SHB_12.11.2025,SHB,389,3982,4328,66.37,72.13,343,5.78,0.5852,0.7115,574.1,1
GolfDr_SHB_12.11.2025,SHB,385,3976,4293,66.27,71.55,301,5.3,0.5065,0.6934,587.0,1
GolfDr_SHB_12.11.2025,SHB,440,4555,4648,75.92,77.47,55,1.57,0.4561,0.6694,410.8,1
GolfDr_SHB_12.11.2025,SHB,247,3652,3678,60.87,61.3,23,0.45,0.4591,0.6375,1438.1,1
GolfDr_SHB_12.11.2025,SHB,1714,4808,4874,80.13,81.23,39,1.12,0.4113,0.6184,481.2,1
GolfDr_SHB_12.11.2025,SHB,487,4775,4807,79.58,80.12,33,0.55,0.5232,0.6121,540.1,1
GolfDr_SHB_12.11.2025,SHB,238,3639,3673,60.65,61.22,29,0.58,0.4642,0.6111,527.2,1
GolfDr_SHB_12.11.2025,SHB,1696,3837,3981,63.95,66.35,68,2.42,0.3175,0.5873,495.6,1
GolfDr_SHB_12.11.2025,SHB,1711,4719,4766,78.65,79.43,28,0.8,0.305,0.549,400.5,1
GolfDr_SHB_12.11.2025,SHB,1717,4887,4965,81.45,82.75,23,1.32,0.3275,0.5061,369.7,1
GolfDr_SHB_12.11.2025,SHB,490,4785,4812,79.75,80.2,11,0.47,0.3752,0.4991,701.6,1
GolfDr_SHB_12.11.2025,SHB,408,4374,4424,72.9,73.73,33,0.85,0.3502,0.4791,426.0,1
GolfDr_SHB_12.11.2025,SHB,1706,4508,4654,75.13,77.57,38,2.45,0.2329,0.4649,409.9,1
GolfDr_SHB_12.11.2025,SHB,265,3704,3740,61.73,62.33,10,0.62,0.386,0.4576,1123.2,1
GolfDr_SHB_12.11.2025,SHB,1689,3752,3782,62.53,63.03,16,0.52,0.2958,0.3958,531.4,1
GolfDr_SHB_12.11.2025,SHB,1697,3855,3928,64.25,65.47,19,1.23,0.2088,0.3753,457.5,1
GolfDr_SHB_12.11.2025,SHB,1685,3238,3333,53.97,55.55,63,1.6,0.2067,0.3734,543.7,1
GolfDr_SHB_12.11.2025,SHB,1752,8278,8421,137.97,140.35,63,2.4,0.184,0.3277,394.3,1
GolfDr_SHB_12.11.2025,SHB,358,3907,3909,65.12,65.15,3,0.05,0.6616,0.6616,551.2,0
GolfDr_SHB_12.11.2025,SHB,315,3844,3854,64.07,64.23,11,0.18,0.614,0.6566,454.2,0
GolfDr_SHB_12.11.2025,SHB,511,4817,4817,80.28,80.28,1,0.02,0.6491,0.6491,545.8,0
GolfDr_SHB_12.11.2025,SHB,575,4923,4934,82.05,82.23,12,0.2,0.5639,0.6352,319.2,0
GolfDr_SHB_12.11.2025,SHB,425,4521,4526,75.35,75.43,6,0.1,0.5547,0.6206,488.6,0
GolfDr_SHB_12.11.2025,SHB,616,8233,8243,137.22,137.38,9,0.18,0.5065,0.6177,1335.2,0
GolfDr_SHB_12.11.2025,SHB,378,3930,3945,65.5,65.75,14,0.27,0.5006,0.6085,580.2,0
GolfDr_SHB_12.11.2025,SHB,506,4814,4814,80.23,80.23,1,0.02,0.5919,0.5919,525.8,0
GolfDr_SHB_12.11.2025,SHB,404,4327,4328,72.12,72.13,2,0.03,0.5759,0.5759,327.4,0
GolfDr_SHB_12.11.2025,SHB,333,3877,3884,64.62,64.73,8,0.13,0.55,0.5686,425.5,0
GolfDr_SHB_12.11.2025,SHB,546,4844,4855,80.73,80.92,11,0.2,0.4821,0.5636,553.2,0
GolfDr_SHB_12.11.2025,SHB,501,4809,4811,80.15,80.18,3,0.05,0.5489,0.5489,498.8,0
GolfDr_SHB_12.11.2025,SHB,485,4755,4765,79.25,79.42,10,0.18,0.4592,0.5187,502.3,0
GolfDr_SHB_12.11.2025,SHB,1726,5955,5955,99.25,99.25,1,0.02,0.4977,0.4977,459.9,0
GolfDr_SHB_12.11.2025,SHB,321,3860,3867,64.33,64.45,5,0.13,0.4791,0.4791,516.0,0
GolfDr_SHB_12.11.2025,SHB,1688,3497,3502,58.28,58.37,6,0.1,0.4148,0.476,1130.9,0
GolfDr_SHB_12.11.2025,SHB,1740,7422,7422,123.7,123.7,1,0.02,0.4744,0.4744,1037.4,0
GolfDr_SHB_12.11.2025,SHB,113,614,615,10.23,10.25,2,0.03,0.4627,0.4627,752.0,0
GolfDr_SHB_12.11.2025,SHB,403,4300,4300,71.67,71.67,1,0.02,0.4474,0.4474,330.6,0
GolfDr_SHB_12.11.2025,SHB,262,3699,3710,61.65,61.83,5,0.2,0.44,0.44,1729.8,0
GolfDr_SHB_12.11.2025,SHB,495,4801,4802,80.02,80.03,2,0.03,0.4372,0.4372,356.8,0
GolfDr_SHB_12.11.2025,SHB,647,8371,8383,139.52,139.72,7,0.22,0.3908,0.4353,457.0,0
GolfDr_SHB_12.11.2025,SHB,1728,6170,6170,102.83,102.83,1,0.02,0.4286,0.4286,1290.4,0
GolfDr_SHB_12.11.2025,SHB,578,4925,4928,82.08,82.13,4,0.07,0.4206,0.4206,475.5,0
GolfDr_SHB_12.11.2025,SHB,1720,5017,5020,83.62,83.67,4,0.07,0.4063,0.4063,842.4,0
GolfDr_SHB_12.11.2025,SHB,1712,4735,4737,78.92,78.95,3,0.05,0.4036,0.4036,460.0,0
GolfDr_SHB_12.11.2025,SHB,136,3087,3096,51.45,51.6,8,0.17,0.3617,0.3947,656.9,0
GolfDr_SHB_12.11.2025,SHB,409,4380,4384,73.0,73.07,5,0.08,0.3847,0.3847,421.2,0
GolfDr_SHB_12.11.2025,SHB,1746,8227,8227,137.12,137.12,1,0.02,0.3701,0.3701,1201.4,0
GolfDr_SHB_12.11.2025,SHB,552,4848,4852,80.8,80.87,4,0.08,0.3687,0.3687,779.2,0
GolfDr_SHB_12.11.2025,SHB,653,8397,8397,139.95,139.95,1,0.02,0.3605,0.3605,415.1,0
GolfDr_SHB_12.11.2025,SHB,264,3703,3710,61.72,61.83,6,0.13,0.3407,0.3589,762.9,0
GolfDr_SHB_12.11.2025,SHB,1723,5491,5507,91.52,91.78,2,0.28,0.3545,0.3545,352.8,0
GolfDr_SHB_12.11.2025,SHB,636,8344,8348,139.07,139.13,5,0.08,0.3462,0.3462,407.6,0
GolfDr_SHB_12.11.2025,SHB,1736,7237,7237,120.62,120.62,1,0.02,0.345,0.345,682.4,0
GolfDr_SHB_12.11.2025,SHB,152,3245,3249,54.08,54.15,5,0.08,0.3431,0.3431,704.1,0
GolfDr_SHB_12.11.2025,SHB,658,8416,8416,140.27,140.27,1,0.02,0.3386,0.3386,341.4,0
GolfDr_SHB_12.11.2025,SHB,1721,5052,5061,84.2,84.35,9,0.17,0.2631,0.3384,444.3,0
GolfDr_SHB_12.11.2025,SHB,556,4858,4859,80.97,80.98,2,0.03,0.3206,0.3206,365.0,0
GolfDr_SHB_12.11.2025,SHB,1747,8231,8244,137.18,137.4,5,0.23,0.3122,0.3122,1059.6,0
GolfDr_SHB_12.11.2025,SHB,1670,674,678,11.23,11.3,3,0.08,0.2979,0.2979,578.5,0
GolfDr_SHB_12.11.2025,SHB,1715,4808,4845,80.13,80.75,19,0.63,0.2131,0.291,625.8,0
GolfDr_SHB_12.11.2025,SHB,1665,608,627,10.13,10.45,6,0.33,0.2694,0.283,780.4,0
GolfDr_SHB_12.11.2025,SHB,1738,7393,7400,123.22,123.33,3,0.13,0.2733,0.2733,1033.2,0
GolfDr_SHB_12.11.2025,SHB,1679,3059,3063,50.98,51.05,3,0.08,0.2685,0.2685,718.8,0
GolfDr_SHB_12.11.2025,SHB,1703,4369,4434,72.82,73.9,22,1.1,0.1765,0.2649,424.2,0
GolfDr_SHB_12.11.2025,SHB,1700,3980,3981,66.33,66.35,2,0.03,0.2589,0.2589,678.7,0
GolfDr_SHB_12.11.2025,SHB,1727,6066,6067,101.1,101.12,2,0.03,0.2583,0.2583,443.7,0
GolfDr_SHB_12.11.2025,SHB,1680,3075,3097,51.25,51.62,10,0.38,0.2062,0.2537,627.0,0
GolfDr_SHB_12.11.2025,SHB,1669,656,656,10.93,10.93,1,0.02,0.2487,0.2487,783.4,0
GolfDr_SHB_12.11.2025,SHB,1666,613,613,10.22,10.22,1,0.02,0.2344,0.2344,752.4,0
GolfDr_SHB_12.11.2025,SHB,1690,3752,3762,62.53,62.7,8,0.18,0.1961,0.2328,496.5,0
GolfDr_SHB_12.11.2025,SHB,1710,4609,4614,76.82,76.9,5,0.1,0.2232,0.2232,278.1,0
GolfDr_SHB_12.11.2025,SHB,1701,3981,3981,66.35,66.35,1,0.02,0.2218,0.2218,1865.1,0
GolfDr_SHB_12.11.2025,SHB,1682,3144,3181,52.4,53.02,14,0.63,0.1595,0.22,497.2,0
GolfDr_SHB_12.11.2025,SHB,1761,10181,10186,169.68,169.76,5,0.1,0.2167,0.2167,386.3,0
GolfDr_SHB_12.11.2025,SHB,1691,3752,3752,62.53,62.53,1,0.02,0.2092,0.2092,816.7,0
GolfDr_SHB_12.11.2025,SHB,1687,3477,3478,57.95,57.97,2,0.03,0.2063,0.2063,867.8,0
GolfDr_SHB_12.11.2025,SHB,1733,6756,6756,112.6,112.6,1,0.02,0.2027,0.2027,525.8,0
GolfDr_SHB_12.11.2025,SHB,1707,4548,4549,75.8,75.82,2,0.03,0.2002,0.2002,336.5,0
GolfDr_SHB_12.11.2025,SHB,1751,8271,8306,137.85,138.43,7,0.6,0.1818,0.2002,648.8,0
GolfDr_SHB_12.11.2025,SHB,1737,7360,7361,122.67,122.68,2,0.03,0.1975,0.1975,847.4,0
GolfDr_SHB_12.11.2025,SHB,1658,189,194,3.15,3.23,5,0.1,0.1953,0.1953,319.2,0
GolfDr_SHB_12.11.2025,SHB,1756,9351,9351,155.85,155.85,1,0.02,0.1926,0.1926,458.7,0
GolfDr_SHB_12.11.2025,SHB,1686,3364,3364,56.07,56.07,1,0.02,0.1925,0.1925,1549.4,0
GolfDr_SHB_12.11.2025,SHB,1677,3003,3005,50.05,50.08,2,0.05,0.1918,0.1918,893.9,0
GolfDr_SHB_12.11.2025,SHB,1713,4744,4774,79.07,79.57,3,0.52,0.1914,0.1914,481.8,0
GolfDr_SHB_12.11.2025,SHB,1719,4921,4922,82.02,82.03,2,0.03,0.1914,0.1914,415.8,0
GolfDr_SHB_12.11.2025,SHB,1668,648,651,10.8,10.85,4,0.07,0.1904,0.1904,834.7,0
GolfDr_SHB_12.11.2025,SHB,1734,6814,6821,113.57,113.68,5,0.13,0.1896,0.1896,1194.5,0
GolfDr_SHB_12.11.2025,SHB,1709,4577,4577,76.28,76.28,1,0.02,0.1842,0.1842,379.6,0
GolfDr_SHB_12.11.2025,SHB,1663,428,453,7.13,7.55,3,0.43,0.177,0.177,409.8,0
GolfDr_SHB_12.11.2025,SHB,1699,3967,3967,66.12,66.12,1,0.02,0.1751,0.1751,1442.3,0
GolfDr_SHB_12.11.2025,SHB,1673,2682,2690,44.7,44.83,2,0.15,0.1734,0.1734,2955.4,0
GolfDr_SHB_12.11.2025,SHB,1743,7965,7981,132.75,133.02,3,0.28,0.1692,0.1692,643.5,0
GolfDr_SHB_12.11.2025,SHB,1708,4553,4553,75.88,75.88,1,0.02,0.1653,0.1653,245.9,0
GolfDr_SHB_12.11.2025,SHB,1694,3797,3797,63.28,63.28,1,0.02,0.165,0.165,255.4,0
GolfDr_SHB_12.11.2025,SHB,1704,4390,4390,73.17,73.17,1,0.02,0.1638,0.1638,584.0,0
GolfDr_SHB_12.11.2025,SHB,1724,5733,5733,95.55,95.55,1,0.02,0.162,0.162,1386.0,0
GolfDr_SHB_12.11.2025,SHB,1748,8241,8241,137.35,137.35,1,0.02,0.1611,0.1611,1931.5,0
GolfDr_SHB_12.11.2025,SHB,1702,4319,4329,71.98,72.15,2,0.18,0.1553,0.1553,597.9,0
GolfDr_SHB_12.11.2025,SHB,1664,568,568,9.47,9.47,1,0.02,0.1507,0.1507,246.1,0
GolfDr_SHB_12.11.2025,SHB,1730,6709,6709,111.82,111.82,1,0.02,0.1485,0.1485,212.9,0
GolfDr_SHB_12.11.2025,SHB,1725,5853,5853,97.55,97.55,1,0.02,0.1457,0.1457,739.3,0
GolfDr_SHB_12.11.2025,SHB,1695,3799,3799,63.32,63.32,1,0.02,0.1426,0.1426,652.0,0
GolfDr_SHB_12.11.2025,SHB,1693,3784,3784,63.07,63.07,1,0.02,0.1412,0.1412,692.6,0
GolfDr_SHB_12.11.2025,SHB,1763,10271,10271,171.18,171.18,1,0.02,0.141,0.141,2930.5,0
GolfDr_SHB_12.11.2025,SHB,1755,8779,8780,146.32,146.33,2,0.03,0.1409,0.1409,425.8,0
GolfDr_SHB_12.11.2025,SHB,1684,3214,3219,53.57,53.65,6,0.1,0.134,0.1403,560.3,0
GolfDr_SHB_12.11.2025,SHB,1742,7617,7618,126.95,126.97,2,0.03,0.1396,0.1396,1174.9,0
GolfDr_SHB_12.11.2025,SHB,1661,241,241,4.02,4.02,1,0.02,0.1391,0.1391,336.3,0
GolfDr_SHB_12.11.2025,SHB,1671,738,766,12.3,12.77,5,0.48,0.1379,0.1379,703.3,0
GolfDr_SHB_12.11.2025,SHB,1732,6741,6741,112.35,112.35,1,0.02,0.1355,0.1355,403.9,0
GolfDr_SHB_12.11.2025,SHB,1672,743,745,12.38,12.42,2,0.05,0.1326,0.1326,765.2,0
GolfDr_SHB_12.11.2025,SHB,1729,6573,6573,109.55,109.55,1,0.02,0.1311,0.1311,350.1,0
GolfDr_SHB_12.11.2025,SHB,1744,8026,8026,133.77,133.77,1,0.02,0.1287,0.1287,1171.6,0
GolfDr_SHB_12.11.2025,SHB,1749,8241,8242,137.35,137.37,2,0.03,0.1285,0.1285,505.8,0
GolfDr_SHB_12.11.2025,SHB,1739,7402,7402,123.37,123.37,1,0.02,0.1279,0.1279,895.1,0
GolfDr_SHB_12.11.2025,SHB,1757,9430,9430,157.16,157.16,1,0.02,0.1279,0.1279,5198.1,0
GolfDr_SHB_12.11.2025,SHB,1683,3210,3210,53.5,53.5,1,0.02,0.1265,0.1265,1166.2,0
GolfDr_SHB_12.11.2025,SHB,1760,10129,10129,168.81,168.81,1,0.02,0.1263,0.1263,460.4,0
GolfDr_SHB_12.11.2025,SHB,1735,7102,7102,118.37,118.37,1,0.02,0.126,0.126,396.8,0
GolfDr_SHB_12.11.2025,SHB,1662,390,391,6.5,6.52,2,0.03,0.1254,0.1254,289.5,0
GolfDr_SHB_12.11.2025,SHB,1741,7523,7523,125.38,125.38,1,0.02,0.1254,0.1254,849.5,0
GolfDr_SHB_12.11.2025,SHB,1758,9799,9801,163.31,163.35,2,0.05,0.1252,0.1252,1585.6,0
GolfDr_SHB_12.11.2025,SHB,1753,8336,8337,138.93,138.95,2,0.03,0.1227,0.1227,2367.2,0
GolfDr_SHB_12.11.2025,SHB,1745,8113,8113,135.22,135.22,1,0.02,0.1224,0.1224,1887.0,0
GolfDr_SHB_12.11.2025,SHB,1660,215,215,3.58,3.58,1,0.02,0.1206,0.1206,265.1,0
GolfDr_SHB_12.11.2025,SHB,1731,6709,6709,111.82,111.82,1,0.02,0.1203,0.1203,344.3,0
GolfDr_SHB_12.11.2025,SHB,1674,2928,2928,48.8,48.8,1,0.02,0.1188,0.1188,524.2,0
GolfDr_SHB_12.11.2025,SHB,1759,10101,10101,168.35,168.35,1,0.02,0.1166,0.1166,748.2,0
GolfDr_SHB_12.11.2025,SHB,1698,3868,3905,64.47,65.08,4,0.63,0.116,0.116,621.0,0
GolfDr_SHB_12.11.2025,SHB,1750,8262,8262,137.7,137.7,1,0.02,0.1157,0.1157,614.5,0
GolfDr_SHB_12.11.2025,SHB,1705,4482,4509,74.7,75.15,4,0.47,0.1152,0.1152,1084.2,0
GolfDr_SHB_12.11.2025,SHB,1722,5182,5182,86.37,86.37,1,0.02,0.1149,0.1149,548.7,0
GolfDr_SHB_12.11.2025,SHB,1692,3769,3770,62.82,62.83,2,0.03,0.1138,0.1138,523.9,0
GolfDr_SHB_12.11.2025,SHB,1754,8477,8477,141.28,141.28,1,0.02,0.1127,0.1127,570.5,0
GolfDr_SHB_12.11.2025,SHB,1718,4888,4888,81.47,81.47,1,0.02,0.1096,0.1096,627.8,0
GolfDr_SHB_12.11.2025,SHB,1716,4824,4824,80.4,80.4,1,0.02,0.1095,0.1095,925.7,0
GolfDr_SHB_12.11.2025,SHB,1659,190,190,3.17,3.17,1,0.02,0.1054,0.1054,295.1,0
GolfDr_SHB_12.11.2025,SHB,1667,637,637,10.62,10.62,1,0.02,0.1036,0.1036,802.6,0
GolfDr_SHB_12.11.2025,SHB,1762,10215,10215,170.25,170.25,1,0.02,0.1034,0.1034,367.5,0
GolfDr_SHB_12.11.2025,SHB,1681,3094,3094,51.57,51.57,1,0.02,0.1032,0.1032,670.3,0
GolfDr_SHB_12.11.2025,SHB,1676,2948,2948,49.13,49.13,1,0.02,0.1029,0.1029,720.4,0
GolfDr_SHB_12.11.2025,SHB,1678,3003,3003,50.05,50.05,1,0.02,0.1019,0.1019,300.8,0
GolfDr_SHB_12.11.2025,SHB,1675,2928,2928,48.8,48.8,1,0.02,0.1003,0.1003,953.2,0
N25thRdOrange_MAS_12.22.25_LS_V1,MAS,717,5410,5449,90.17,90.82,40,0.67,0.6926,0.7996,4080.3,1
N25thRdOrange_MAS_12.22.25_LS_V1,MAS,1726,858,886,14.3,14.77,23,0.48,0.3076,0.4799,910.3,1
N25thRdOrange_MAS_12.22.25_LS_V1,MAS,1736,4461,4461,74.35,74.35,1,0.02,0.4963,0.4963,1520.3,0
N25thRdOrange_MAS_12.22.25_LS_V1,MAS,724,6887,6887,114.78,114.78,1,0.02,0.4525,0.4525,4357.0,0
N25thRdOrange_MAS_12.22.25_LS_V1,MAS,1737,4507,4508,75.12,75.13,2,0.03,0.395,0.395,2358.6,0
N25thRdOrange_MAS_12.22.25_LS_V1,MAS,1744,5408,5409,90.13,90.15,2,0.03,0.3931,0.3931,2043.3,0
N25thRdOrange_MAS_12.22.25_LS_V1,MAS,703,4509,4510,75.15,75.17,2,0.03,0.3896,0.3896,2415.2,0
N25thRdOrange_MAS_12.22.25_LS_V1,MAS,1731,3881,3881,64.68,64.68,1,0.02,0.3,0.3,793.1,0
N25thRdOrange_MAS_12.22.25_LS_V1,MAS,1735,4185,4185,69.75,69.75,1,0.02,0.293,0.293,1235.6,0
N25thRdOrange_MAS_12.22.25_LS_V1,MAS,1747,5460,5460,91.0,91.0,1,0.02,0.2751,0.2751,2613.3,0
N25thRdOrange_MAS_12.22.25_LS_V1,MAS,1740,5072,5077,84.53,84.62,2,0.1,0.2663,0.2663,2997.5,0
N25thRdOrange_MAS_12.22.25_LS_V1,MAS,1730,3796,3797,63.27,63.28,2,0.03,0.2559,0.2559,2111.5,0
N25thRdOrange_MAS_12.22.25_LS_V1,MAS,1729,2786,2787,46.43,46.45,2,0.03,0.2328,0.2328,406.4,0
N25thRdOrange_MAS_12.22.25_LS_V1,MAS,1733,3988,3995,66.47,66.58,4,0.13,0.2311,0.2311,776.2,0
N25thRdOrange_MAS_12.22.25_LS_V1,MAS,1741,5135,5158,85.58,85.97,6,0.4,0.209,0.2299,2009.3,0
N25thRdOrange_MAS_12.22.25_LS_V1,MAS,1742,5174,5179,86.23,86.32,3,0.1,0.229,0.229,2743.6,0
N25thRdOrange_MAS_12.22.25_LS_V1,MAS,1725,845,845,14.08,14.08,1,0.02,0.2232,0.2232,744.1,0
N25thRdOrange_MAS_12.22.25_LS_V1,MAS,1738,4537,4537,75.62,75.62,1,0.02,0.2165,0.2165,2096.6,0
N25thRdOrange_MAS_12.22.25_LS_V1,MAS,1750,6164,6167,102.73,102.78,2,0.07,0.1941,0.1941,1700.5,0
N25thRdOrange_MAS_12.22.25_LS_V1,MAS,1728,2321,2321,38.68,38.68,1,0.02,0.1823,0.1823,1390.4,0
N25thRdOrange_MAS_12.22.25_LS_V1,MAS,1745,5408,5408,90.13,90.13,1,0.02,0.1639,0.1639,984.8,0
N25thRdOrange_MAS_12.22.25_LS_V1,MAS,1751,6886,6886,114.77,114.77,1,0.02,0.1579,0.1579,4994.1,0
N25thRdOrange_MAS_12.22.25_LS_V1,MAS,1739,4810,4813,80.17,80.22,4,0.07,0.1567,0.1567,1250.7,0
N25thRdOrange_MAS_12.22.25_LS_V1,MAS,1752,7679,7679,127.98,127.98,1,0.02,0.1541,0.1541,1747.9,0
N25thRdOrange_MAS_12.22.25_LS_V1,MAS,1724,488,494,8.13,8.23,3,0.12,0.1505,0.1505,545.9,0
N25thRdOrange_MAS_12.22.25_LS_V1,MAS,1746,5450,5458,90.83,90.97,3,0.15,0.1377,0.1377,3684.0,0
N25thRdOrange_MAS_12.22.25_LS_V1,MAS,1749,5791,5791,96.52,96.52,1,0.02,0.1313,0.1313,888.6,0
N25thRdOrange_MAS_12.22.25_LS_V1,MAS,1732,3904,3905,65.07,65.08,2,0.03,0.1227,0.1227,631.0,0
N25thRdOrange_MAS_12.22.25_LS_V1,MAS,1734,4124,4124,68.73,68.73,1,0.02,0.1224,0.1224,1872.5,0
N25thRdOrange_MAS_12.22.25_LS_V1,MAS,1748,5502,5502,91.7,91.7,1,0.02,0.1211,0.1211,1378.2,0
N25thRdOrange_MAS_12.22.25_LS_V1,MAS,1743,5256,5256,87.6,87.6,1,0.02,0.1197,0.1197,11816.2,0
N25thRdOrange_MAS_12.22.25_LS_V1,MAS,1727,2225,2225,37.08,37.08,1,0.02,0.1145,0.1145,1363.6,0
NMarseilles_MAS_12.22.25_LS_V2,MAS,782,5999,6035,99.98,100.58,30,0.62,0.6258,0.7227,3270.7,1
NMarseilles_MAS_12.22.25_LS_V2,MAS,824,7978,7990,132.97,133.17,10,0.22,0.5442,0.6139,1365.3,0
NMarseilles_MAS_12.22.25_LS_V2,MAS,832,8004,8008,133.4,133.47,4,0.08,0.5291,0.5291,775.1,0
NMarseilles_MAS_12.22.25_LS_V2,MAS,797,7095,7096,118.25,118.27,2,0.03,0.5203,0.5203,2211.6,0
NMarseilles_MAS_12.22.25_LS_V2,MAS,815,7858,7858,130.97,130.97,1,0.02,0.5053,0.5053,2336.3,0
NMarseilles_MAS_12.22.25_LS_V2,MAS,817,7863,7866,131.05,131.1,4,0.07,0.4775,0.4775,2393.4,0
NMarseilles_MAS_12.22.25_LS_V2,MAS,798,7097,7097,118.28,118.28,1,0.02,0.4604,0.4604,854.1,0
NMarseilles_MAS_12.22.25_LS_V2,MAS,753,2322,2323,38.7,38.72,2,0.03,0.4309,0.4309,1968.2,0
NMarseilles_MAS_12.22.25_LS_V2,MAS,1872,7543,7543,125.72,125.72,1,0.02,0.4109,0.4109,1312.8,0
NMarseilles_MAS_12.22.25_LS_V2,MAS,737,39,39,0.65,0.65,1,0.02,0.3596,0.3596,1068.6,0
NMarseilles_MAS_12.22.25_LS_V2,MAS,1879,7999,8003,133.32,133.38,3,0.08,0.3568,0.3568,837.3,0
NMarseilles_MAS_12.22.25_LS_V2,MAS,1851,5393,5393,89.88,89.88,1,0.02,0.3468,0.3468,2175.4,0
NMarseilles_MAS_12.22.25_LS_V2,MAS,1850,4847,4859,80.78,80.98,4,0.22,0.341,0.341,2536.0,0
NMarseilles_MAS_12.22.25_LS_V2,MAS,1841,2321,2321,38.68,38.68,1,0.02,0.3155,0.3155,1605.5,0
NMarseilles_MAS_12.22.25_LS_V2,MAS,1856,5981,6007,99.68,100.12,6,0.45,0.2806,0.3125,3129.9,0
NMarseilles_MAS_12.22.25_LS_V2,MAS,1860,6369,6369,106.15,106.15,1,0.02,0.3038,0.3038,3427.7,0
NMarseilles_MAS_12.22.25_LS_V2,MAS,1876,7856,7868,130.93,131.13,7,0.22,0.2544,0.3029,2225.7,0
NMarseilles_MAS_12.22.25_LS_V2,MAS,1878,7969,7989,132.82,133.15,10,0.35,0.2323,0.296,1435.1,0
NMarseilles_MAS_12.22.25_LS_V2,MAS,1875,7690,7693,128.17,128.22,2,0.07,0.2868,0.2868,1031.1,0
NMarseilles_MAS_12.22.25_LS_V2,MAS,1842,2388,2389,39.8,39.82,2,0.03,0.2746,0.2746,3117.5,0
NMarseilles_MAS_12.22.25_LS_V2,MAS,1843,2397,2399,39.95,39.98,2,0.05,0.2692,0.2692,3763.3,0
NMarseilles_MAS_12.22.25_LS_V2,MAS,1849,4824,4833,80.4,80.55,5,0.17,0.2608,0.2608,2426.6,0
NMarseilles_MAS_12.22.25_LS_V2,MAS,1847,4558,4560,75.97,76.0,3,0.05,0.2538,0.2538,1099.0,0
NMarseilles_MAS_12.22.25_LS_V2,MAS,1833,14,76,0.23,1.27,24,1.05,0.1778,0.2514,950.4,0
NMarseilles_MAS_12.22.25_LS_V2,MAS,1857,5982,5987,99.7,99.78,4,0.1,0.2428,0.2428,3014.5,0
NMarseilles_MAS_12.22.25_LS_V2,MAS,1867,7181,7182,119.68,119.7,2,0.03,0.2325,0.2325,1133.6,0
NMarseilles_MAS_12.22.25_LS_V2,MAS,1877,7968,8010,132.8,133.5,5,0.72,0.2307,0.2307,996.8,0
NMarseilles_MAS_12.22.25_LS_V2,MAS,1865,7082,7108,118.03,118.47,10,0.45,0.1896,0.2283,2035.7,0
NMarseilles_MAS_12.22.25_LS_V2,MAS,1854,5742,5751,95.7,95.85,5,0.17,0.2174,0.2174,2143.2,0
NMarseilles_MAS_12.22.25_LS_V2,MAS,1858,6034,6039,100.57,100.65,3,0.1,0.2108,0.2108,3121.8,0
NMarseilles_MAS_12.22.25_LS_V2,MAS,1844,2409,2409,40.15,40.15,1,0.02,0.2081,0.2081,2972.1,0
NMarseilles_MAS_12.22.25_LS_V2,MAS,1874,7650,7651,127.5,127.52,2,0.03,0.2065,0.2065,2660.4,0
NMarseilles_MAS_12.22.25_LS_V2,MAS,1840,2108,2108,35.13,35.13,1,0.02,0.2056,0.2056,4168.7,0
NMarseilles_MAS_12.22.25_LS_V2,MAS,1859,6237,6237,103.95,103.95,1,0.02,0.2023,0.2023,4063.3,0
NMarseilles_MAS_12.22.25_LS_V2,MAS,1861,6392,6392,106.53,106.53,1,0.02,0.1939,0.1939,2628.8,0
NMarseilles_MAS_12.22.25_LS_V2,MAS,1848,4567,4572,76.12,76.2,6,0.1,0.1783,0.1899,1220.1,0
NMarseilles_MAS_12.22.25_LS_V2,MAS,1834,87,87,1.45,1.45,1,0.02,0.1892,0.1892,783.6,0
NMarseilles_MAS_12.22.25_LS_V2,MAS,1835,157,164,2.62,2.73,7,0.13,0.1711,0.1871,1521.1,0
NMarseilles_MAS_12.22.25_LS_V2,MAS,1832,5,5,0.08,0.08,1,0.02,0.1824,0.1824,581.1,0
NMarseilles_MAS_12.22.25_LS_V2,MAS,1839,1159,1159,19.32,19.32,1,0.02,0.1795,0.1795,952.2,0
NMarseilles_MAS_12.22.25_LS_V2,MAS,1845,2827,2827,47.12,47.12,1,0.02,0.1773,0.1773,1980.6,0
NMarseilles_MAS_12.22.25_LS_V2,MAS,1863,6748,6748,112.47,112.47,1,0.02,0.1752,0.1752,4628.8,0
NMarseilles_MAS_12.22.25_LS_V2,MAS,1873,7581,7586,126.35,126.43,4,0.1,0.1729,0.1729,2123.2,0
NMarseilles_MAS_12.22.25_LS_V2,MAS,1870,7308,7326,121.8,122.1,11,0.32,0.1449,0.1664,2433.0,0
NMarseilles_MAS_12.22.25_LS_V2,MAS,1866,7093,7112,118.22,118.53,3,0.33,0.1615,0.1615,1047.7,0
NMarseilles_MAS_12.22.25_LS_V2,MAS,1852,5482,5483,91.37,91.38,2,0.03,0.1603,0.1603,2371.6,0
NMarseilles_MAS_12.22.25_LS_V2,MAS,1880,8038,8038,133.97,133.97,1,0.02,0.1592,0.1592,590.2,0
NMarseilles_MAS_12.22.25_LS_V2,MAS,1884,8881,8882,148.02,148.03,2,0.03,0.1546,0.1546,302.7,0
NMarseilles_MAS_12.22.25_LS_V2,MAS,1869,7188,7195,119.8,119.92,2,0.13,0.1526,0.1526,858.7,0
NMarseilles_MAS_12.22.25_LS_V2,MAS,1838,929,933,15.48,15.55,3,0.08,0.1484,0.1484,816.7,0
NMarseilles_MAS_12.22.25_LS_V2,MAS,1864,6801,6801,113.35,113.35,1,0.02,0.1438,0.1438,10806.1,0
NMarseilles_MAS_12.22.25_LS_V2,MAS,1871,7327,7327,122.12,122.12,1,0.02,0.1403,0.1403,3599.5,0
NMarseilles_MAS_12.22.25_LS_V2,MAS,1862,6555,6555,109.25,109.25,1,0.02,0.1244,0.1244,2854.5,0
NMarseilles_MAS_12.22.25_LS_V2,MAS,1883,8797,8799,146.62,146.65,2,0.05,0.1208,0.1208,2095.5,0
NMarseilles_MAS_12.22.25_LS_V2,MAS,1837,374,374,6.23,6.23,1,0.02,0.1184,0.1184,1526.0,0
NMarseilles_MAS_12.22.25_LS_V2,MAS,1855,5849,5849,97.48,97.48,1,0.02,0.1124,0.1124,2780.1,0
NMarseilles_MAS_12.22.25_LS_V2,MAS,1882,8528,8528,142.13,142.13,1,0.02,0.1112,0.1112,745.1,0
NMarseilles_MAS_12.22.25_LS_V2,MAS,1846,3340,3340,55.67,55.67,1,0.02,0.1105,0.1105,432.9,0
NMarseilles_MAS_12.22.25_LS_V2,MAS,1853,5640,5640,94.0,94.0,1,0.02,0.1101,0.1101,1755.5,0
NMarseilles_MAS_12.22.25_LS_V2,MAS,1868,7181,7181,119.68,119.68,1,0.02,0.1074,0.1074,724.6,0
NMarseilles_MAS_12.22.25_LS_V2,MAS,1836,264,264,4.4,4.4,1,0.02,0.1064,0.1064,3475.4,0
NMarseilles_MAS_12.22.25_LS_V2,MAS,1881,8514,8514,141.9,141.9,1,0.02,0.1009,0.1009,653.5,0
NWolfCreek(blue)_SHB_12.11.2025,SHB,883,4274,4305,71.27,71.78,31,0.53,0.741,0.8047,2888.4,1
NWolfCreek(blue)_SHB_12.11.2025,SHB,1613,32718,32948,545.56,549.39,219,3.85,0.682,0.7873,1011.5,1
NWolfCreek(blue)_SHB_12.11.2025,SHB,1160,15933,16019,265.68,267.11,81,1.45,0.6868,0.7774,811.9,1
NWolfCreek(blue)_SHB_12.11.2025,SHB,1176,15993,16082,266.68,268.16,77,1.5,0.617,0.7772,830.9,1
NWolfCreek(blue)_SHB_12.11.2025,SHB,905,4974,5010,82.94,83.54,37,0.62,0.715,0.7712,2097.4,1
NWolfCreek(blue)_SHB_12.11.2025,SHB,1302,16422,16474,273.83,274.7,45,0.88,0.6254,0.7667,741.8,1
NWolfCreek(blue)_SHB_12.11.2025,SHB,1145,15863,15928,264.51,265.59,53,1.1,0.6413,0.7641,805.3,1
NWolfCreek(blue)_SHB_12.11.2025,SHB,1058,14954,14972,249.35,249.65,19,0.32,0.7315,0.764,1886.5,1
NWolfCreek(blue)_SHB_12.11.2025,SHB,1259,16222,16317,270.49,272.08,87,1.6,0.643,0.7635,600.5,1
NWolfCreek(blue)_SHB_12.11.2025,SHB,846,785,823,13.09,13.72,36,0.65,0.7187,0.7615,845.2,1
NWolfCreek(blue)_SHB_12.11.2025,SHB,1647,32934,33068,549.16,551.39,118,2.25,0.5483,0.7585,925.4,1
NWolfCreek(blue)_SHB_12.11.2025,SHB,1162,15938,16030,265.76,267.29,82,1.55,0.6213,0.7581,640.8,1
NWolfCreek(blue)_SHB_12.11.2025,SHB,1616,32725,32916,545.67,548.86,182,3.2,0.6099,0.7555,551.5,1
NWolfCreek(blue)_SHB_12.11.2025,SHB,1164,15945,15984,265.88,266.53,40,0.67,0.6757,0.7531,739.2,1
NWolfCreek(blue)_SHB_12.11.2025,SHB,1750,33074,33108,551.49,552.06,31,0.58,0.6461,0.7507,570.3,1
NWolfCreek(blue)_SHB_12.11.2025,SHB,1225,16084,16199,268.19,270.11,75,1.93,0.559,0.7497,503.2,1
NWolfCreek(blue)_SHB_12.11.2025,SHB,877,3551,3568,59.21,59.49,18,0.3,0.6697,0.7472,1093.5,1
NWolfCreek(blue)_SHB_12.11.2025,SHB,5316,14973,15011,249.67,250.3,9,0.65,0.6023,0.7453,1971.7,1
NWolfCreek(blue)_SHB_12.11.2025,SHB,4037,54885,54931,915.18,915.95,44,0.78,0.5872,0.7436,649.9,1
NWolfCreek(blue)_SHB_12.11.2025,SHB,1363,25074,25101,418.1,418.55,26,0.47,0.6177,0.7372,612.7,1
NWolfCreek(blue)_SHB_12.11.2025,SHB,3814,50999,51046,850.38,851.17,28,0.8,0.6012,0.7354,529.7,1
NWolfCreek(blue)_SHB_12.11.2025,SHB,1381,25115,25147,418.78,419.31,31,0.55,0.5681,0.7353,602.1,1
NWolfCreek(blue)_SHB_12.11.2025,SHB,3466,40141,40158,669.33,669.62,18,0.3,0.6648,0.7351,384.6,1
NWolfCreek(blue)_SHB_12.11.2025,SHB,1407,25656,25834,427.8,430.77,175,2.98,0.6345,0.7347,641.5,1
NWolfCreek(blue)_SHB_12.11.2025,SHB,1645,32925,32966,549.01,549.69,42,0.7,0.6555,0.7339,557.5,1
NWolfCreek(blue)_SHB_12.11.2025,SHB,1067,15008,15027,250.25,250.57,17,0.33,0.608,0.73,2063.6,1
NWolfCreek(blue)_SHB_12.11.2025,SHB,3252,40002,40100,667.01,668.65,39,1.65,0.5526,0.7166,227.3,1
NWolfCreek(blue)_SHB_12.11.2025,SHB,1296,16409,16490,273.61,274.96,35,1.37,0.5109,0.7146,904.1,1
NWolfCreek(blue)_SHB_12.11.2025,SHB,3236,39983,40046,666.7,667.75,45,1.07,0.6143,0.7108,339.6,1
NWolfCreek(blue)_SHB_12.11.2025,SHB,3227,39961,40004,666.33,667.05,41,0.73,0.564,0.7015,284.6,1
NWolfCreek(blue)_SHB_12.11.2025,SHB,1696,33019,33132,550.58,552.46,99,1.9,0.5507,0.7013,557.1,1
NWolfCreek(blue)_SHB_12.11.2025,SHB,1760,33083,33100,551.64,551.93,18,0.3,0.5796,0.6995,571.9,1
NWolfCreek(blue)_SHB_12.11.2025,SHB,1749,33073,33102,551.48,551.96,29,0.5,0.5654,0.6948,509.8,1
NWolfCreek(blue)_SHB_12.11.2025,SHB,3355,40066,40126,668.08,669.08,36,1.02,0.5767,0.6821,261.0,1
NWolfCreek(blue)_SHB_12.11.2025,SHB,1604,32583,32643,543.31,544.31,48,1.02,0.5611,0.679,554.9,1
NWolfCreek(blue)_SHB_12.11.2025,SHB,3599,40636,40660,677.59,677.99,20,0.42,0.5218,0.6731,827.7,1
NWolfCreek(blue)_SHB_12.11.2025,SHB,3499,40162,40189,669.68,670.13,28,0.47,0.553,0.6617,325.7,1
NWolfCreek(blue)_SHB_12.11.2025,SHB,3232,39968,40012,666.45,667.18,31,0.75,0.4498,0.5851,324.4,1
NWolfCreek(blue)_SHB_12.11.2025,SHB,1437,26682,26761,444.91,446.23,16,1.33,0.4201,0.5746,2585.7,1
NWolfCreek(blue)_SHB_12.11.2025,SHB,3921,51349,51367,856.22,856.52,11,0.32,0.4518,0.5693,415.7,1
NWolfCreek(blue)_SHB_12.11.2025,SHB,5796,53822,53854,897.46,897.99,19,0.55,0.3244,0.5684,620.5,1
NWolfCreek(blue)_SHB_12.11.2025,SHB,5184,4613,4643,76.92,77.42,14,0.52,0.3232,0.5225,685.5,1
NWolfCreek(blue)_SHB_12.11.2025,SHB,4106,66677,66746,1111.81,1112.96,15,1.17,0.4106,0.5159,1580.8,1
NWolfCreek(blue)_SHB_12.11.2025,SHB,5598,40092,40161,668.52,669.67,20,1.17,0.269,0.4984,313.2,1
NWolfCreek(blue)_SHB_12.11.2025,SHB,5661,42803,42932,713.72,715.87,28,2.17,0.2673,0.4802,1026.0,1
NWolfCreek(blue)_SHB_12.11.2025,SHB,5317,15068,15132,251.25,252.32,25,1.08,0.3315,0.4652,1751.0,1
NWolfCreek(blue)_SHB_12.11.2025,SHB,2084,35036,35127,584.21,585.73,69,1.53,0.3154,0.4579,409.7,1
NWolfCreek(blue)_SHB_12.11.2025,SHB,5678,43898,43946,731.98,732.78,36,0.82,0.2353,0.4551,623.2,1
NWolfCreek(blue)_SHB_12.11.2025,SHB,5533,33146,33269,552.69,554.75,45,2.07,0.2566,0.4477,607.6,1
NWolfCreek(blue)_SHB_12.11.2025,SHB,3330,40050,40069,667.82,668.13,17,0.33,0.3803,0.4467,181.0,1
NWolfCreek(blue)_SHB_12.11.2025,SHB,5790,52768,52799,879.88,880.4,17,0.53,0.3089,0.4464,1955.6,1
NWolfCreek(blue)_SHB_12.11.2025,SHB,5599,40092,40229,668.52,670.8,22,2.3,0.2485,0.4332,476.4,1
NWolfCreek(blue)_SHB_12.11.2025,SHB,5784,52380,52417,873.41,874.03,14,0.63,0.2712,0.4326,1241.1,1
NWolfCreek(blue)_SHB_12.11.2025,SHB,1978,34846,34893,581.04,581.82,30,0.8,0.3375,0.4325,392.9,1
NWolfCreek(blue)_SHB_12.11.2025,SHB,5595,40064,40270,668.05,671.48,50,3.45,0.216,0.4193,413.4,1
NWolfCreek(blue)_SHB_12.11.2025,SHB,2651,36176,36223,603.22,604.0,33,0.8,0.3058,0.419,441.7,1
NWolfCreek(blue)_SHB_12.11.2025,SHB,5764,50927,51117,849.18,852.35,39,3.18,0.2186,0.4144,640.6,1
NWolfCreek(blue)_SHB_12.11.2025,SHB,5535,33156,33252,552.86,554.46,44,1.62,0.2271,0.3917,642.4,1
NWolfCreek(blue)_SHB_12.11.2025,SHB,5802,54019,54044,900.74,901.16,13,0.43,0.2287,0.3894,616.2,1
NWolfCreek(blue)_SHB_12.11.2025,SHB,5350,16323,16493,272.18,275.01,46,2.85,0.2249,0.3829,748.0,1
NWolfCreek(blue)_SHB_12.11.2025,SHB,5766,51016,51198,850.67,853.7,39,3.05,0.2114,0.3727,581.2,1
NWolfCreek(blue)_SHB_12.11.2025,SHB,5264,11057,11148,184.37,185.89,24,1.53,0.2179,0.3665,533.0,1
NWolfCreek(blue)_SHB_12.11.2025,SHB,5436,26910,27024,448.71,450.61,45,1.92,0.1801,0.3418,707.2,1
NWolfCreek(blue)_SHB_12.11.2025,SHB,5157,1033,1067,17.22,17.79,8,0.58,0.2798,0.3353,342.5,1
NWolfCreek(blue)_SHB_12.11.2025,SHB,5601,40099,40161,668.63,669.67,10,1.05,0.2704,0.335,277.4,1
NWolfCreek(blue)_SHB_12.11.2025,SHB,5888,68099,68167,1135.52,1136.65,15,1.15,0.2155,0.3335,382.6,1
NWolfCreek(blue)_SHB_12.11.2025,SHB,2260,35369,35412,589.76,590.48,20,0.73,0.2607,0.3193,478.8,1
NWolfCreek(blue)_SHB_12.11.2025,SHB,3116,38566,38600,643.07,643.64,34,0.58,0.2761,0.3187,507.1,1
NWolfCreek(blue)_SHB_12.11.2025,SHB,5871,66386,66523,1106.96,1109.24,26,2.3,0.1729,0.3183,1436.0,1
NWolfCreek(blue)_SHB_12.11.2025,SHB,5561,35069,36336,584.76,605.89,913,21.14,0.1747,0.3166,470.6,1
NWolfCreek(blue)_SHB_12.11.2025,SHB,5435,26893,26998,448.43,450.18,45,1.77,0.1859,0.3142,791.4,1
NWolfCreek(blue)_SHB_12.11.2025,SHB,5585,38457,38657,641.25,644.59,99,3.35,0.194,0.313,553.2,1
NWolfCreek(blue)_SHB_12.11.2025,SHB,3148,38750,38791,646.14,646.82,8,0.7,0.2926,0.3113,553.0,1
NWolfCreek(blue)_SHB_12.11.2025,SHB,5454,27399,27436,456.87,457.48,21,0.63,0.1938,0.31,536.6,1
NWolfCreek(blue)_SHB_12.11.2025,SHB,2173,35195,35213,586.86,587.16,19,0.32,0.2848,0.3095,512.5,1
NWolfCreek(blue)_SHB_12.11.2025,SHB,5559,34843,35035,580.99,584.19,162,3.22,0.1805,0.3085,401.8,1
NWolfCreek(blue)_SHB_12.11.2025,SHB,5348,16201,16252,270.14,270.99,16,0.87,0.2108,0.3082,466.0,1
NWolfCreek(blue)_SHB_12.11.2025,SHB,5446,27172,27245,453.08,454.3,21,1.23,0.2075,0.3067,517.0,1
NWolfCreek(blue)_SHB_12.11.2025,SHB,5582,37838,38411,630.93,640.49,282,9.57,0.1658,0.3012,537.0,1
NWolfCreek(blue)_SHB_12.11.2025,SHB,1059,14974,14982,249.68,249.82,8,0.15,0.7489,0.762,2025.4,0
NWolfCreek(blue)_SHB_12.11.2025,SHB,1064,14986,15002,249.88,250.15,14,0.28,0.7218,0.7545,1997.0,0
NWolfCreek(blue)_SHB_12.11.2025,SHB,1065,14998,15006,250.08,250.22,5,0.15,0.7103,0.7103,2056.7,0
NWolfCreek(blue)_SHB_12.11.2025,SHB,897,4629,4632,77.19,77.24,4,0.07,0.706,0.706,930.2,0
NWolfCreek(blue)_SHB_12.11.2025,SHB,3809,50930,50937,849.23,849.35,8,0.13,0.6537,0.6747,760.2,0
NWolfCreek(blue)_SHB_12.11.2025,SHB,1811,33132,33145,552.46,552.68,14,0.23,0.6152,0.6733,573.2,0
NWolfCreek(blue)_SHB_12.11.2025,SHB,1223,16076,16091,268.06,268.31,16,0.27,0.5867,0.6678,705.9,0
NWolfCreek(blue)_SHB_12.11.2025,SHB,5187,4972,4973,82.91,82.92,2,0.03,0.6561,0.6561,1685.9,0
NWolfCreek(blue)_SHB_12.11.2025,SHB,889,4597,4612,76.65,76.9,16,0.27,0.5631,0.6529,843.5,0
NWolfCreek(blue)_SHB_12.11.2025,SHB,3982,53827,53827,897.54,897.54,1,0.02,0.6333,0.6333,596.0,0
NWolfCreek(blue)_SHB_12.11.2025,SHB,3987,53831,53833,897.61,897.64,3,0.05,0.6298,0.6298,584.7,0
NWolfCreek(blue)_SHB_12.11.2025,SHB,3984,53829,53829,897.57,897.57,1,0.02,0.6274,0.6274,558.4,0
NWolfCreek(blue)_SHB_12.11.2025,SHB,1617,32727,32727,545.71,545.71,1,0.02,0.6212,0.6212,516.3,0
NWolfCreek(blue)_SHB_12.11.2025,SHB,5795,53820,53830,897.42,897.59,9,0.18,0.4131,0.6072,604.7,0
NWolfCreek(blue)_SHB_12.11.2025,SHB,3310,40041,40041,667.67,667.67,1,0.02,0.6066,0.6066,239.2,0
NWolfCreek(blue)_SHB_12.11.2025,SHB,1922,33225,33225,554.01,554.01,1,0.02,0.5964,0.5964,503.1,0
NWolfCreek(blue)_SHB_12.11.2025,SHB,872,2217,2217,36.97,36.97,1,0.02,0.5908,0.5908,983.2,0
NWolfCreek(blue)_SHB_12.11.2025,SHB,5325,15298,15298,255.09,255.09,1,0.02,0.5821,0.5821,1614.4,0
NWolfCreek(blue)_SHB_12.11.2025,SHB,5765,51013,51013,850.62,850.62,1,0.02,0.5712,0.5712,868.7,0
NWolfCreek(blue)_SHB_12.11.2025,SHB,4095,66478,66492,1108.49,1108.72,15,0.25,0.4333,0.5684,1969.6,0
NWolfCreek(blue)_SHB_12.11.2025,SHB,3665,42869,42875,714.82,714.92,6,0.12,0.5445,0.5643,988.1,0
NWolfCreek(blue)_SHB_12.11.2025,SHB,1443,26793,26794,446.76,446.78,2,0.03,0.56,0.56,2462.3,0
NWolfCreek(blue)_SHB_12.11.2025,SHB,1079,15077,15088,251.4,251.59,12,0.2,0.4925,0.5578,2283.0,0
NWolfCreek(blue)_SHB_12.11.2025,SHB,976,11094,11106,184.99,185.19,12,0.22,0.4684,0.5484,396.7,0
NWolfCreek(blue)_SHB_12.11.2025,SHB,1401,25645,25645,427.62,427.62,1,0.02,0.5474,0.5474,822.7,0
NWolfCreek(blue)_SHB_12.11.2025,SHB,3262,40012,40025,667.18,667.4,14,0.23,0.4991,0.5464,236.4,0
NWolfCreek(blue)_SHB_12.11.2025,SHB,3964,52780,52781,880.08,880.1,2,0.03,0.544,0.544,1550.1,0
NWolfCreek(blue)_SHB_12.11.2025,SHB,5152,784,784,13.07,13.07,1,0.02,0.5332,0.5332,786.5,0
NWolfCreek(blue)_SHB_12.11.2025,SHB,3658,42844,42845,714.4,714.42,2,0.03,0.533,0.533,1017.0,0
NWolfCreek(blue)_SHB_12.11.2025,SHB,1788,33113,33116,552.14,552.19,4,0.07,0.5326,0.5326,544.2,0
NWolfCreek(blue)_SHB_12.11.2025,SHB,3957,52772,52772,879.95,879.95,1,0.02,0.5311,0.5311,2482.1,0
NWolfCreek(blue)_SHB_12.11.2025,SHB,3703,43924,43925,732.41,732.43,2,0.03,0.5285,0.5285,550.3,0
NWolfCreek(blue)_SHB_12.11.2025,SHB,3313,40044,40060,667.72,667.98,17,0.28,0.4759,0.5274,190.4,0
NWolfCreek(blue)_SHB_12.11.2025,SHB,1896,33206,33209,553.69,553.74,4,0.07,0.5248,0.5248,550.3,0
NWolfCreek(blue)_SHB_12.11.2025,SHB,3325,40049,40052,667.8,667.85,4,0.07,0.5217,0.5217,282.7,0
NWolfCreek(blue)_SHB_12.11.2025,SHB,892,4620,4620,77.04,77.04,1,0.02,0.5212,0.5212,672.2,0
NWolfCreek(blue)_SHB_12.11.2025,SHB,3744,45796,45800,763.63,763.69,5,0.08,0.5206,0.5206,2198.8,0
NWolfCreek(blue)_SHB_12.11.2025,SHB,1123,15125,15131,252.2,252.3,7,0.12,0.4936,0.5173,1420.6,0
NWolfCreek(blue)_SHB_12.11.2025,SHB,3880,51147,51148,852.85,852.87,2,0.03,0.5145,0.5145,466.9,0
NWolfCreek(blue)_SHB_12.11.2025,SHB,5185,4792,4792,79.9,79.9,1,0.02,0.512,0.512,1042.1,0
NWolfCreek(blue)_SHB_12.11.2025,SHB,1654,32963,32965,549.64,549.68,3,0.05,0.5083,0.5083,991.8,0
NWolfCreek(blue)_SHB_12.11.2025,SHB,5815,54879,54884,915.08,915.17,5,0.1,0.5082,0.5082,549.5,0
NWolfCreek(blue)_SHB_12.11.2025,SHB,901,4642,4642,77.4,77.4,1,0.02,0.5058,0.5058,806.0,0
NWolfCreek(blue)_SHB_12.11.2025,SHB,1187,16026,16036,267.23,267.39,11,0.18,0.4594,0.5047,780.9,0
NWolfCreek(blue)_SHB_12.11.2025,SHB,3247,39998,40010,666.95,667.15,13,0.22,0.4544,0.5047,396.8,0
NWolfCreek(blue)_SHB_12.11.2025,SHB,3293,40033,40042,667.53,667.68,10,0.17,0.4727,0.5026,225.2,0
NWolfCreek(blue)_SHB_12.11.2025,SHB,3673,42909,42909,715.49,715.49,1,0.02,0.5013,0.5013,990.5,0
NWolfCreek(blue)_SHB_12.11.2025,SHB,1073,15073,15075,251.34,251.37,3,0.05,0.4983,0.4983,2092.2,0
NWolfCreek(blue)_SHB_12.11.2025,SHB,3307,40040,40046,667.65,667.75,7,0.12,0.4696,0.4928,212.8,0
NWolfCreek(blue)_SHB_12.11.2025,SHB,1614,32719,32722,545.57,545.62,4,0.07,0.4915,0.4915,563.7,0
NWolfCreek(blue)_SHB_12.11.2025,SHB,5484,30534,30534,509.14,509.14,1,0.02,0.4907,0.4907,489.4,0
NWolfCreek(blue)_SHB_12.11.2025,SHB,853,1044,1044,17.41,17.41,1,0.02,0.4837,0.4837,275.2,0
NWolfCreek(blue)_SHB_12.11.2025,SHB,5284,11870,11870,197.93,197.93,1,0.02,0.4805,0.4805,2347.4,0
NWolfCreek(blue)_SHB_12.11.2025,SHB,5286,11959,11959,199.41,199.41,1,0.02,0.4797,0.4797,1982.5,0
NWolfCreek(blue)_SHB_12.11.2025,SHB,854,1059,1059,17.66,17.66,1,0.02,0.4792,0.4792,365.9,0
NWolfCreek(blue)_SHB_12.11.2025,SHB,3510,40165,40165,669.73,669.73,1,0.02,0.4788,0.4788,384.9,0
NWolfCreek(blue)_SHB_12.11.2025,SHB,3226,39947,39952,666.1,666.18,6,0.1,0.4546,0.4787,353.4,0
NWolfCreek(blue)_SHB_12.11.2025,SHB,1084,15086,15091,251.55,251.64,6,0.1,0.4635,0.4772,1832.3,0
NWolfCreek(blue)_SHB_12.11.2025,SHB,3938,52398,52399,873.71,873.73,2,0.03,0.4757,0.4757,1036.7,0
NWolfCreek(blue)_SHB_12.11.2025,SHB,4082,66387,66425,1106.97,1107.61,7,0.65,0.4413,0.4745,1441.4,0
NWolfCreek(blue)_SHB_12.11.2025,SHB,1679,32989,32998,550.08,550.23,9,0.17,0.4109,0.4713,532.2,0
NWolfCreek(blue)_SHB_12.11.2025,SHB,3637,41363,41363,689.71,689.71,1,0.02,0.4699,0.4699,395.6,0
NWolfCreek(blue)_SHB_12.11.2025,SHB,3985,53829,53829,897.57,897.57,1,0.02,0.4685,0.4685,689.9,0
NWolfCreek(blue)_SHB_12.11.2025,SHB,944,8827,8827,147.19,147.19,1,0.02,0.4668,0.4668,523.8,0
NWolfCreek(blue)_SHB_12.11.2025,SHB,3672,42904,42906,715.4,715.44,2,0.05,0.4635,0.4635,610.4,0
NWolfCreek(blue)_SHB_12.11.2025,SHB,1874,33184,33188,553.33,553.39,4,0.08,0.4604,0.4604,840.5,0
NWolfCreek(blue)_SHB_12.11.2025,SHB,1208,16038,16039,267.43,267.44,2,0.03,0.4587,0.4587,722.3,0
NWolfCreek(blue)_SHB_12.11.2025,SHB,1475,26952,26956,449.41,449.48,5,0.08,0.4587,0.4587,614.0,0
NWolfCreek(blue)_SHB_12.11.2025,SHB,5597,40065,40065,668.07,668.07,1,0.02,0.4564,0.4564,238.5,0
NWolfCreek(blue)_SHB_12.11.2025,SHB,1650,32958,32975,549.56,549.84,5,0.3,0.4534,0.4534,1003.7,0
NWolfCreek(blue)_SHB_12.11.2025,SHB,1934,33240,33240,554.26,554.26,1,0.02,0.4512,0.4512,625.6,0
NWolfCreek(blue)_SHB_12.11.2025,SHB,5314,14909,14910,248.6,248.62,2,0.03,0.4488,0.4488,658.9,0
NWolfCreek(blue)_SHB_12.11.2025,SHB,3935,52385,52386,873.5,873.51,2,0.03,0.4485,0.4485,1237.3,0
NWolfCreek(blue)_SHB_12.11.2025,SHB,3377,40081,40086,668.33,668.42,6,0.1,0.4288,0.4464,195.4,0
NWolfCreek(blue)_SHB_12.11.2025,SHB,3289,40030,40035,667.48,667.57,5,0.1,0.4462,0.4462,229.5,0
NWolfCreek(blue)_SHB_12.11.2025,SHB,3373,40079,40079,668.3,668.3,1,0.02,0.4448,0.4448,210.8,0
NWolfCreek(blue)_SHB_12.11.2025,SHB,3239,39987,39988,666.76,666.78,2,0.03,0.4423,0.4423,250.7,0
NWolfCreek(blue)_SHB_12.11.2025,SHB,1834,33147,33155,552.71,552.84,9,0.15,0.38,0.4406,915.5,0
NWolfCreek(blue)_SHB_12.11.2025,SHB,5754,48500,48500,808.72,808.72,1,0.02,0.4377,0.4377,1214.8,0
NWolfCreek(blue)_SHB_12.11.2025,SHB,1573,30704,30705,511.98,511.99,2,0.03,0.4364,0.4364,283.1,0
NWolfCreek(blue)_SHB_12.11.2025,SHB,5808,54259,54259,904.74,904.74,1,0.02,0.4353,0.4353,2663.6,0
NWolfCreek(blue)_SHB_12.11.2025,SHB,5516,32917,32917,548.88,548.88,1,0.02,0.4346,0.4346,567.7,0
NWolfCreek(blue)_SHB_12.11.2025,SHB,3750,46220,46220,770.7,770.7,1,0.02,0.4328,0.4328,1244.5,0
NWolfCreek(blue)_SHB_12.11.2025,SHB,5763,50796,50796,847.0,847.0,1,0.02,0.4311,0.4311,817.0,0
NWolfCreek(blue)_SHB_12.11.2025,SHB,3281,40022,40023,667.35,667.37,2,0.03,0.4303,0.4303,217.1,0
NWolfCreek(blue)_SHB_12.11.2025,SHB,921,6722,6722,112.09,112.09,1,0.02,0.43,0.43,467.6,0
NWolfCreek(blue)_SHB_12.11.2025,SHB,3919,51309,51319,855.55,855.72,7,0.18,0.4145,0.4293,557.9,0
NWolfCreek(blue)_SHB_12.11.2025,SHB,4133,68047,68053,1134.65,1134.75,7,0.12,0.394,0.4286,542.3,0
NWolfCreek(blue)_SHB_12.11.2025,SHB,3662,42860,42860,714.67,714.67,1,0.02,0.4257,0.4257,1827.5,0
NWolfCreek(blue)_SHB_12.11.2025,SHB,1429,26406,26409,440.31,440.36,3,0.07,0.4242,0.4242,766.9,0
NWolfCreek(blue)_SHB_12.11.2025,SHB,5699,45296,45296,755.29,755.29,1,0.02,0.4238,0.4238,638.0,0
NWolfCreek(blue)_SHB_12.11.2025,SHB,4147,68103,68112,1135.59,1135.74,10,0.17,0.3809,0.4224,468.2,0
NWolfCreek(blue)_SHB_12.11.2025,SHB,3213,38947,38947,649.42,649.42,1,0.02,0.4219,0.4219,717.5,0
NWolfCreek(blue)_SHB_12.11.2025,SHB,5363,17430,17430,290.64,290.64,1,0.02,0.4216,0.4216,642.4,0
NWolfCreek(blue)_SHB_12.11.2025,SHB,4100,66567,66567,1109.97,1109.97,1,0.02,0.4175,0.4175,1603.6,0
NWolfCreek(blue)_SHB_12.11.2025,SHB,5849,58675,58675,978.38,978.38,1,0.02,0.4169,0.4169,287.7,0
NWolfCreek(blue)_SHB_12.11.2025,SHB,1722,33060,33060,551.26,551.26,1,0.02,0.4167,0.4167,806.1,0
NWolfCreek(blue)_SHB_12.11.2025,SHB,5150,657,659,10.96,10.99,3,0.05,0.4159,0.4159,979.2,0
NWolfCreek(blue)_SHB_12.11.2025,SHB,3652,42819,42820,713.99,714.0,2,0.03,0.4158,0.4158,1010.1,0
NWolfCreek(blue)_SHB_12.11.2025,SHB,3448,40132,40132,669.18,669.18,1,0.02,0.4133,0.4133,309.1,0
NWolfCreek(blue)_SHB_12.11.2025,SHB,3879,51146,51152,852.84,852.94,3,0.12,0.4132,0.4132,520.9,0
NWolfCreek(blue)_SHB_12.11.2025,SHB,5882,67560,67560,1126.53,1126.53,1,0.02,0.4099,0.4099,259.8,0
NWolfCreek(blue)_SHB_12.11.2025,SHB,1602,32569,32575,543.07,543.17,7,0.12,0.3817,0.4095,571.4,0
NWolfCreek(blue)_SHB_12.11.2025,SHB,1098,15104,15127,251.85,252.24,4,0.4,0.4083,0.4083,2066.0,0
NWolfCreek(blue)_SHB_12.11.2025,SHB,1869,33177,33178,553.21,553.23,2,0.03,0.4069,0.4069,598.8,0
NWolfCreek(blue)_SHB_12.11.2025,SHB,1281,16350,16354,272.63,272.7,4,0.08,0.4049,0.4049,594.3,0
NWolfCreek(blue)_SHB_12.11.2025,SHB,3680,42989,42989,716.82,716.82,1,0.02,0.4049,0.4049,862.1,0
NWolfCreek(blue)_SHB_12.11.2025,SHB,1797,33121,33124,552.28,552.33,4,0.07,0.4046,0.4046,604.1,0
NWolfCreek(blue)_SHB_12.11.2025,SHB,1091,15095,15130,251.7,252.29,7,0.6,0.3789,0.403,2116.5,0
NWolfCreek(blue)_SHB_12.11.2025,SHB,5479,29470,29470,491.4,491.4,1,0.02,0.4028,0.4028,1335.9,0
NWolfCreek(blue)_SHB_12.11.2025,SHB,3271,40018,40053,667.28,667.87,5,0.6,0.4017,0.4017,308.1,0
NWolfCreek(blue)_SHB_12.11.2025,SHB,5878,67500,67500,1125.53,1125.53,1,0.02,0.4003,0.4003,223.8,0
NWolfCreek(blue)_SHB_12.11.2025,SHB,5701,45632,45635,760.89,760.94,2,0.07,0.3997,0.3997,890.9,0
NWolfCreek(blue)_SHB_12.11.2025,SHB,5833,56290,56290,938.61,938.61,1,0.02,0.3982,0.3982,894.2,0
NWolfCreek(blue)_SHB_12.11.2025,SHB,3291,40031,40032,667.5,667.52,2,0.03,0.3941,0.3941,278.2,0
NWolfCreek(blue)_SHB_12.11.2025,SHB,985,11122,11123,185.45,185.47,2,0.03,0.3934,0.3934,488.4,0
NWolfCreek(blue)_SHB_12.11.2025,SHB,4092,66437,66437,1107.81,1107.81,1,0.02,0.3934,0.3934,1246.4,0
NWolfCreek(blue)_SHB_12.11.2025,SHB,5780,52026,52026,867.51,867.51,1,0.02,0.3932,0.3932,2231.2,0
NWolfCreek(blue)_SHB_12.11.2025,SHB,3442,40126,40126,669.08,669.08,1,0.02,0.3924,0.3924,415.1,0
NWolfCreek(blue)_SHB_12.11.2025,SHB,3218,38966,38966,649.74,649.74,1,0.02,0.3916,0.3916,935.3,0
NWolfCreek(blue)_SHB_12.11.2025,SHB,3080,38479,38494,641.62,641.87,11,0.27,0.3266,0.3913,518.2,0
NWolfCreek(blue)_SHB_12.11.2025,SHB,3318,40046,40059,667.75,667.97,8,0.23,0.3626,0.3882,204.1,0
NWolfCreek(blue)_SHB_12.11.2025,SHB,5364,17432,17432,290.67,290.67,1,0.02,0.387,0.387,754.9,0
NWolfCreek(blue)_SHB_12.11.2025,SHB,5341,16022,16022,267.16,267.16,1,0.02,0.3867,0.3867,665.4,0
NWolfCreek(blue)_SHB_12.11.2025,SHB,3845,51054,51054,851.3,851.3,1,0.02,0.3858,0.3858,405.1,0
NWolfCreek(blue)_SHB_12.11.2025,SHB,3676,42933,42936,715.89,715.94,4,0.07,0.3852,0.3852,827.6,0
NWolfCreek(blue)_SHB_12.11.2025,SHB,1757,33081,33086,551.61,551.69,6,0.1,0.3674,0.3848,570.5,0
NWolfCreek(blue)_SHB_12.11.2025,SHB,3773,47550,47550,792.87,792.87,1,0.02,0.3844,0.3844,554.2,0
NWolfCreek(blue)_SHB_12.11.2025,SHB,3873,51140,51149,852.74,852.89,6,0.17,0.3667,0.384,611.8,0
NWolfCreek(blue)_SHB_12.11.2025,SHB,1107,15115,15119,252.04,252.1,3,0.08,0.3825,0.3825,1646.3,0
NWolfCreek(blue)_SHB_12.11.2025,SHB,1627,32874,32876,548.16,548.19,3,0.05,0.3824,0.3824,523.8,0
NWolfCreek(blue)_SHB_12.11.2025,SHB,3460,40137,40137,669.27,669.27,1,0.02,0.3824,0.3824,257.8,0
NWolfCreek(blue)_SHB_12.11.2025,SHB,3562,40216,40217,670.58,670.6,2,0.03,0.3821,0.3821,818.1,0
NWolfCreek(blue)_SHB_12.11.2025,SHB,3483,40155,40156,669.57,669.58,2,0.03,0.3818,0.3818,347.3,0
NWolfCreek(blue)_SHB_12.11.2025,SHB,3441,40126,40134,669.08,669.22,4,0.15,0.3812,0.3812,323.0,0
NWolfCreek(blue)_SHB_12.11.2025,SHB,5488,30654,30654,511.14,511.14,1,0.02,0.3808,0.3808,312.7,0
NWolfCreek(blue)_SHB_12.11.2025,SHB,5640,40958,40958,682.96,682.96,1,0.02,0.3804,0.3804,964.5,0
NWolfCreek(blue)_SHB_12.11.2025,SHB,5206,6636,6636,110.65,110.65,1,0.02,0.38,0.38,700.9,0
NWolfCreek(blue)_SHB_12.11.2025,SHB,3667,42883,42885,715.05,715.09,3,0.05,0.3797,0.3797,992.8,0
NWolfCreek(blue)_SHB_12.11.2025,SHB,1737,33067,33068,551.38,551.39,2,0.03,0.3785,0.3785,556.9,0
NWolfCreek(blue)_SHB_12.11.2025,SHB,3451,40134,40134,669.22,669.22,1,0.02,0.3774,0.3774,287.2,0
NWolfCreek(blue)_SHB_12.11.2025,SHB,1529,27292,27298,455.08,455.18,4,0.12,0.3716,0.3716,551.4,0
NWolfCreek(blue)_SHB_12.11.2025,SHB,5622,40633,40635,677.54,677.57,3,0.05,0.3711,0.3711,943.3,0
NWolfCreek(blue)_SHB_12.11.2025,SHB,1877,33188,33190,553.39,553.43,3,0.05,0.3696,0.3696,561.9,0
NWolfCreek(blue)_SHB_12.11.2025,SHB,5196,5412,5412,90.24,90.24,1,0.02,0.3689,0.3689,1227.9,0
NWolfCreek(blue)_SHB_12.11.2025,SHB,4061,58231,58231,970.98,970.98,1,0.02,0.3687,0.3687,1694.4,0
NWolfCreek(blue)_SHB_12.11.2025,SHB,3657,42838,42838,714.3,714.3,1,0.02,0.3686,0.3686,1729.9,0
NWolfCreek(blue)_SHB_12.11.2025,SHB,1637,32921,32921,548.94,548.94,1,0.02,0.3675,0.3675,1005.1,0
NWolfCreek(blue)_SHB_12.11.2025,SHB,5378,23637,23637,394.14,394.14,1,0.02,0.3657,0.3657,1511.6,0
NWolfCreek(blue)_SHB_12.11.2025,SHB,3290,40030,40030,667.48,667.48,1,0.02,0.3654,0.3654,276.8,0
NWolfCreek(blue)_SHB_12.11.2025,SHB,1628,32891,32893,548.44,548.48,3,0.05,0.3651,0.3651,889.9,0
NWolfCreek(blue)_SHB_12.11.2025,SHB,5483,30401,30401,506.92,506.92,1,0.02,0.3645,0.3645,793.0,0
NWolfCreek(blue)_SHB_12.11.2025,SHB,5519,32967,32967,549.71,549.71,1,0.02,0.3643,0.3643,559.3,0
NWolfCreek(blue)_SHB_12.11.2025,SHB,1096,15101,15103,251.8,251.84,3,0.05,0.3634,0.3634,2066.0,0
NWolfCreek(blue)_SHB_12.11.2025,SHB,1734,33065,33070,551.34,551.43,5,0.1,0.3607,0.3607,689.7,0
NWolfCreek(blue)_SHB_12.11.2025,SHB,1951,33315,33315,555.51,555.51,1,0.02,0.3592,0.3592,1926.6,0
NWolfCreek(blue)_SHB_12.11.2025,SHB,3780,47858,47859,798.01,798.03,2,0.03,0.3581,0.3581,541.9,0
NWolfCreek(blue)_SHB_12.11.2025,SHB,1806,33129,33129,552.41,552.41,1,0.02,0.3557,0.3557,660.9,0
NWolfCreek(blue)_SHB_12.11.2025,SHB,5633,40841,40848,681.0,681.12,6,0.13,0.3171,0.3557,818.3,0
NWolfCreek(blue)_SHB_12.11.2025,SHB,1584,32084,32084,534.99,534.99,1,0.02,0.354,0.354,926.4,0
NWolfCreek(blue)_SHB_12.11.2025,SHB,5705,45794,45805,763.59,763.78,5,0.2,0.3538,0.3538,1594.7,0
NWolfCreek(blue)_SHB_12.11.2025,SHB,5327,15315,15315,255.37,255.37,1,0.02,0.3535,0.3535,1737.5,0
NWolfCreek(blue)_SHB_12.11.2025,SHB,1798,33124,33128,552.33,552.39,5,0.08,0.3506,0.3506,695.0,0
NWolfCreek(blue)_SHB_12.11.2025,SHB,5394,24864,24866,414.6,414.63,2,0.05,0.3502,0.3502,2513.8,0
NWolfCreek(blue)_SHB_12.11.2025,SHB,1218,16062,16069,267.83,267.94,6,0.13,0.333,0.3465,730.3,0
NWolfCreek(blue)_SHB_12.11.2025,SHB,1565,29471,29472,491.42,491.43,2,0.03,0.3442,0.3442,1314.1,0
NWolfCreek(blue)_SHB_12.11.2025,SHB,5223,7938,7938,132.36,132.36,1,0.02,0.3417,0.3417,711.4,0
NWolfCreek(blue)_SHB_12.11.2025,SHB,5315,14951,14983,249.3,249.83,4,0.55,0.3348,0.3348,1414.4,0
NWolfCreek(blue)_SHB_12.11.2025,SHB,4081,64687,64688,1078.63,1078.64,2,0.03,0.3339,0.3339,310.2,0
NWolfCreek(blue)_SHB_12.11.2025,SHB,2954,38094,38099,635.2,635.28,6,0.1,0.3233,0.3336,443.2,0
NWolfCreek(blue)_SHB_12.11.2025,SHB,5189,5048,5048,84.17,84.17,1,0.02,0.3335,0.3335,855.6,0
NWolfCreek(blue)_SHB_12.11.2025,SHB,5592,39941,39960,666.0,666.31,7,0.33,0.2984,0.3315,258.3,0
NWolfCreek(blue)_SHB_12.11.2025,SHB,5657,42198,42198,703.63,703.63,1,0.02,0.3313,0.3313,836.0,0
NWolfCreek(blue)_SHB_12.11.2025,SHB,5520,32967,32967,549.71,549.71,1,0.02,0.3306,0.3306,1048.2,0
NWolfCreek(blue)_SHB_12.11.2025,SHB,5263,11040,11040,184.09,184.09,1,0.02,0.3302,0.3302,358.1,0
NWolfCreek(blue)_SHB_12.11.2025,SHB,1335,21718,21719,362.14,362.15,2,0.03,0.3297,0.3297,1422.7,0
NWolfCreek(blue)_SHB_12.11.2025,SHB,5174,3812,3812,63.56,63.56,1,0.02,0.3277,0.3277,389.2,0
NWolfCreek(blue)_SHB_12.11.2025,SHB,5433,26792,26796,446.74,446.81,2,0.08,0.327,0.327,2828.9,0
NWolfCreek(blue)_SHB_12.11.2025,SHB,5762,50695,50695,845.32,845.32,1,0.02,0.3269,0.3269,923.1,0
NWolfCreek(blue)_SHB_12.11.2025,SHB,5594,40064,40065,668.05,668.07,2,0.03,0.3259,0.3259,231.2,0
NWolfCreek(blue)_SHB_12.11.2025,SHB,5799,53885,53890,898.51,898.59,6,0.1,0.288,0.3252,618.5,0
NWolfCreek(blue)_SHB_12.11.2025,SHB,5850,59484,59484,991.87,991.87,1,0.02,0.325,0.325,631.5,0
NWolfCreek(blue)_SHB_12.11.2025,SHB,3478,40152,40152,669.52,669.52,1,0.02,0.3242,0.3242,324.7,0
NWolfCreek(blue)_SHB_12.11.2025,SHB,5230,8826,8828,147.17,147.2,2,0.05,0.3238,0.3238,548.5,0
NWolfCreek(blue)_SHB_12.11.2025,SHB,5517,32918,32923,548.89,548.98,2,0.1,0.3228,0.3228,1110.9,0
NWolfCreek(blue)_SHB_12.11.2025,SHB,5280,11682,11682,194.79,194.79,1,0.02,0.3226,0.3226,458.0,0
NWolfCreek(blue)_SHB_12.11.2025,SHB,1549,27429,27433,457.37,457.43,5,0.08,0.3186,0.3186,313.3,0
NWolfCreek(blue)_SHB_12.11.2025,SHB,5734,47628,47634,794.18,794.28,3,0.12,0.3153,0.3153,928.8,0
NWolfCreek(blue)_SHB_12.11.2025,SHB,5177,4273,4273,71.25,71.25,1,0.02,0.3147,0.3147,3297.9,0
NWolfCreek(blue)_SHB_12.11.2025,SHB,5412,25619,25646,427.19,427.64,5,0.47,0.3144,0.3144,856.4,0
NWolfCreek(blue)_SHB_12.11.2025,SHB,5247,9826,9857,163.84,164.36,4,0.53,0.3142,0.3142,2535.6,0
NWolfCreek(blue)_SHB_12.11.2025,SHB,5398,25064,25073,417.93,418.08,5,0.17,0.311,0.311,735.5,0
NWolfCreek(blue)_SHB_12.11.2025,SHB,5819,55079,55079,918.42,918.42,1,0.02,0.3092,0.3092,1945.8,0
NWolfCreek(blue)_SHB_12.11.2025,SHB,5725,47001,47018,783.72,784.0,4,0.3,0.308,0.308,736.2,0
NWolfCreek(blue)_SHB_12.11.2025,SHB,5414,25646,25660,427.64,427.87,6,0.25,0.2771,0.3071,683.0,0
NWolfCreek(blue)_SHB_12.11.2025,SHB,5225,8074,8074,134.63,134.63,1,0.02,0.3064,0.3064,515.3,0
NWolfCreek(blue)_SHB_12.11.2025,SHB,3798,48906,48918,815.49,815.69,7,0.22,0.2876,0.3061,622.7,0
NWolfCreek(blue)_SHB_12.11.2025,SHB,5404,25140,25159,419.2,419.51,2,0.33,0.3059,0.3059,831.7,0
NWolfCreek(blue)_SHB_12.11.2025,SHB,5431,26679,26681,444.86,444.89,3,0.05,0.3058,0.3058,2702.3,0
NWolfCreek(blue)_SHB_12.11.2025,SHB,5787,52454,52454,874.65,874.65,1,0.02,0.3056,0.3056,788.0,0
NWolfCreek(blue)_SHB_12.11.2025,SHB,863,1074,1075,17.91,17.93,2,0.03,0.3023,0.3023,315.5,0
NWolfCreek(blue)_SHB_12.11.2025,SHB,5863,64460,64460,1074.84,1074.84,1,0.02,0.3019,0.3019,382.2,0
NWolfCreek(blue)_SHB_12.11.2025,SHB,5400,25098,25114,418.5,418.76,14,0.28,0.2408,0.2987,623.9,0
NWolfCreek(blue)_SHB_12.11.2025,SHB,2203,35256,35259,587.88,587.93,4,0.07,0.2986,0.2986,494.5,0
NWolfCreek(blue)_SHB_12.11.2025,SHB,5165,2042,2042,34.05,34.05,1,0.02,0.2967,0.2967,666.7,0
NWolfCreek(blue)_SHB_12.11.2025,SHB,5804,54051,54061,901.28,901.44,7,0.18,0.2453,0.2965,630.1,0
NWolfCreek(blue)_SHB_12.11.2025,SHB,2316,35525,35560,592.36,592.95,25,0.6,0.2587,0.2945,442.6,0
NWolfCreek(blue)_SHB_12.11.2025,SHB,2233,35339,35340,589.26,589.28,2,0.03,0.2944,0.2944,501.3,0
NWolfCreek(blue)_SHB_12.11.2025,SHB,5288,12037,12056,200.71,201.03,6,0.33,0.2624,0.2934,1734.0,0
NWolfCreek(blue)_SHB_12.11.2025,SHB,5589,38941,38965,649.32,649.72,17,0.42,0.1986,0.2932,644.1,0
NWolfCreek(blue)_SHB_12.11.2025,SHB,5613,40260,40292,671.32,671.85,9,0.55,0.2174,0.2932,622.4,0
NWolfCreek(blue)_SHB_12.11.2025,SHB,5371,21876,21899,364.77,365.16,5,0.4,0.2924,0.2924,920.4,0
NWolfCreek(blue)_SHB_12.11.2025,SHB,5396,24967,24967,416.31,416.31,1,0.02,0.2924,0.2924,1120.9,0
NWolfCreek(blue)_SHB_12.11.2025,SHB,5792,52881,52883,881.77,881.8,3,0.05,0.2903,0.2903,530.3,0
NWolfCreek(blue)_SHB_12.11.2025,SHB,5320,15093,15124,251.67,252.19,10,0.53,0.2169,0.2896,1769.4,0
NWolfCreek(blue)_SHB_12.11.2025,SHB,5188,5016,5016,83.64,83.64,1,0.02,0.2894,0.2894,897.9,0
NWolfCreek(blue)_SHB_12.11.2025,SHB,5668,43000,43003,717.01,717.06,3,0.07,0.289,0.289,771.6,0
NWolfCreek(blue)_SHB_12.11.2025,SHB,5216,7219,7220,120.37,120.39,2,0.03,0.2882,0.2882,653.5,0
NWolfCreek(blue)_SHB_12.11.2025,SHB,2146,35168,35169,586.41,586.43,2,0.03,0.2876,0.2876,397.4,0
NWolfCreek(blue)_SHB_12.11.2025,SHB,5154,824,829,13.74,13.82,3,0.1,0.287,0.287,964.8,0
NWolfCreek(blue)_SHB_12.11.2025,SHB,5343,16071,16157,267.98,269.41,20,1.45,0.2062,0.2864,548.0,0
NWolfCreek(blue)_SHB_12.11.2025,SHB,5770,51127,51155,852.52,852.99,8,0.48,0.241,0.2856,544.4,0
NWolfCreek(blue)_SHB_12.11.2025,SHB,5641,40976,40986,683.26,683.42,10,0.18,0.2106,0.2841,972.7,0
NWolfCreek(blue)_SHB_12.11.2025,SHB,5170,3543,3550,59.08,59.19,6,0.13,0.2556,0.2834,738.4,0
NWolfCreek(blue)_SHB_12.11.2025,SHB,5551,34789,34790,580.09,580.11,2,0.03,0.2834,0.2834,347.4,0
NWolfCreek(blue)_SHB_12.11.2025,SHB,5529,33107,33111,552.04,552.11,3,0.08,0.2825,0.2825,632.9,0
NWolfCreek(blue)_SHB_12.11.2025,SHB,5577,37144,37463,619.36,624.68,166,5.34,0.1549,0.2822,672.3,0
NWolfCreek(blue)_SHB_12.11.2025,SHB,5292,12248,12250,204.23,204.26,3,0.05,0.2818,0.2818,913.0,0
NWolfCreek(blue)_SHB_12.11.2025,SHB,5682,44082,44082,735.05,735.05,1,0.02,0.2816,0.2816,599.1,0
NWolfCreek(blue)_SHB_12.11.2025,SHB,5210,6954,6957,115.95,116.0,2,0.07,0.2814,0.2814,1989.9,0
NWolfCreek(blue)_SHB_12.11.2025,SHB,5855,62652,62653,1044.69,1044.71,2,0.03,0.2806,0.2806,497.4,0
NWolfCreek(blue)_SHB_12.11.2025,SHB,5310,14852,14915,247.65,248.7,8,1.07,0.2312,0.2789,1601.8,0
NWolfCreek(blue)_SHB_12.11.2025,SHB,5426,26378,26419,439.84,440.52,17,0.7,0.1802,0.2789,591.8,0
NWolfCreek(blue)_SHB_12.11.2025,SHB,5427,26610,26615,443.71,443.79,2,0.1,0.2787,0.2787,2415.5,0
NWolfCreek(blue)_SHB_12.11.2025,SHB,5720,46813,46816,780.59,780.64,4,0.07,0.2787,0.2787,1799.2,0
NWolfCreek(blue)_SHB_12.11.2025,SHB,5588,38704,38897,645.37,648.59,121,3.23,0.169,0.2786,627.7,0
NWolfCreek(blue)_SHB_12.11.2025,SHB,5510,32553,32647,542.81,544.37,22,1.58,0.1734,0.2782,435.5,0
NWolfCreek(blue)_SHB_12.11.2025,SHB,5874,66655,66690,1111.44,1112.03,8,0.6,0.217,0.2777,1721.7,0
NWolfCreek(blue)_SHB_12.11.2025,SHB,5768,51035,51070,850.99,851.57,13,0.6,0.1964,0.2767,411.0,0
NWolfCreek(blue)_SHB_12.11.2025,SHB,5837,56489,56489,941.93,941.93,1,0.02,0.2761,0.2761,673.4,0
NWolfCreek(blue)_SHB_12.11.2025,SHB,5467,27863,27864,464.6,464.62,2,0.03,0.276,0.276,886.7,0
NWolfCreek(blue)_SHB_12.11.2025,SHB,5335,15911,15932,265.31,265.66,9,0.37,0.2192,0.2757,808.3,0
NWolfCreek(blue)_SHB_12.11.2025,SHB,5333,15861,15932,264.47,265.66,7,1.2,0.2496,0.2756,687.7,0
NWolfCreek(blue)_SHB_12.11.2025,SHB,5574,36374,37104,606.52,618.69,438,12.19,0.1461,0.2755,673.3,0
NWolfCreek(blue)_SHB_12.11.2025,SHB,5538,33166,33167,553.03,553.04,2,0.03,0.2747,0.2747,597.4,0
NWolfCreek(blue)_SHB_12.11.2025,SHB,5502,32255,32255,537.84,537.84,1,0.02,0.2729,0.2729,781.8,0
NWolfCreek(blue)_SHB_12.11.2025,SHB,5275,11265,11269,187.84,187.91,5,0.08,0.2728,0.2728,339.3,0
NWolfCreek(blue)_SHB_12.11.2025,SHB,5884,67974,68065,1133.44,1134.95,33,1.53,0.173,0.272,547.8,0
NWolfCreek(blue)_SHB_12.11.2025,SHB,5696,45070,45070,751.52,751.52,1,0.02,0.2712,0.2712,1167.9,0
NWolfCreek(blue)_SHB_12.11.2025,SHB,5760,50354,50354,839.63,839.63,1,0.02,0.2712,0.2712,1482.5,0
NWolfCreek(blue)_SHB_12.11.2025,SHB,5308,14460,14472,241.11,241.31,5,0.22,0.2706,0.2706,1029.9,0
NWolfCreek(blue)_SHB_12.11.2025,SHB,5544,33299,33318,555.25,555.56,8,0.33,0.2111,0.2689,2029.2,0
NWolfCreek(blue)_SHB_12.11.2025,SHB,5823,55266,55266,921.54,921.54,1,0.02,0.2689,0.2689,632.1,0
NWolfCreek(blue)_SHB_12.11.2025,SHB,5679,43948,43954,732.81,732.91,5,0.12,0.2666,0.2666,1323.5,0
NWolfCreek(blue)_SHB_12.11.2025,SHB,5666,42973,42998,716.56,716.97,6,0.43,0.246,0.2661,652.1,0
NWolfCreek(blue)_SHB_12.11.2025,SHB,5729,47378,47378,790.01,790.01,1,0.02,0.2659,0.2659,598.1,0
NWolfCreek(blue)_SHB_12.11.2025,SHB,5199,5891,5891,98.23,98.23,1,0.02,0.2655,0.2655,753.2,0
NWolfCreek(blue)_SHB_12.11.2025,SHB,5774,51255,51273,854.65,854.95,14,0.32,0.1918,0.2654,629.1,0
NWolfCreek(blue)_SHB_12.11.2025,SHB,5703,45745,45764,762.78,763.09,2,0.33,0.2651,0.2651,1168.3,0
NWolfCreek(blue)_SHB_12.11.2025,SHB,5639,40950,40954,682.82,682.89,4,0.08,0.2646,0.2646,825.7,0
NWolfCreek(blue)_SHB_12.11.2025,SHB,5809,54266,54267,904.86,904.88,2,0.03,0.2646,0.2646,1032.1,0
NWolfCreek(blue)_SHB_12.11.2025,SHB,5591,39712,39714,662.18,662.21,3,0.05,0.2616,0.2616,463.4,0
NWolfCreek(blue)_SHB_12.11.2025,SHB,5377,23598,23601,393.49,393.54,3,0.07,0.261,0.261,839.9,0
NWolfCreek(blue)_SHB_12.11.2025,SHB,5515,32708,32717,545.39,545.54,4,0.17,0.2605,0.2605,599.4,0
NWolfCreek(blue)_SHB_12.11.2025,SHB,5287,12023,12023,200.48,200.48,1,0.02,0.2603,0.2603,1095.3,0
NWolfCreek(blue)_SHB_12.11.2025,SHB,5791,52859,52859,881.4,881.4,1,0.02,0.2598,0.2598,1143.7,0
NWolfCreek(blue)_SHB_12.11.2025,SHB,5785,52402,52437,873.78,874.36,5,0.6,0.2574,0.2574,2157.4,0
NWolfCreek(blue)_SHB_12.11.2025,SHB,5521,32967,32967,549.71,549.71,1,0.02,0.2571,0.2571,552.1,0
NWolfCreek(blue)_SHB_12.11.2025,SHB,5776,51306,51374,855.5,856.64,13,1.15,0.1815,0.2569,461.4,0
NWolfCreek(blue)_SHB_12.11.2025,SHB,5605,40191,40206,670.17,670.42,11,0.27,0.1917,0.2561,659.9,0
NWolfCreek(blue)_SHB_12.11.2025,SHB,5227,8343,8343,139.12,139.12,1,0.02,0.256,0.256,3402.8,0
NWolfCreek(blue)_SHB_12.11.2025,SHB,5297,14015,14015,233.69,233.69,1,0.02,0.2556,0.2556,254.7,0
NWolfCreek(blue)_SHB_12.11.2025,SHB,5408,25196,25200,420.13,420.2,2,0.08,0.2556,0.2556,627.4,0
NWolfCreek(blue)_SHB_12.11.2025,SHB,5593,39960,39960,666.31,666.31,1,0.02,0.2554,0.2554,240.7,0
NWolfCreek(blue)_SHB_12.11.2025,SHB,5647,41362,41362,689.69,689.69,1,0.02,0.255,0.255,429.1,0
NWolfCreek(blue)_SHB_12.11.2025,SHB,5662,42832,42850,714.2,714.5,3,0.32,0.252,0.252,881.7,0
NWolfCreek(blue)_SHB_12.11.2025,SHB,5239,9440,9440,157.41,157.41,1,0.02,0.2506,0.2506,464.5,0
NWolfCreek(blue)_SHB_12.11.2025,SHB,5758,48901,48919,815.4,815.7,11,0.32,0.2015,0.2505,632.4,0
NWolfCreek(blue)_SHB_12.11.2025,SHB,5419,25960,26031,432.87,434.05,13,1.2,0.188,0.2501,1471.2,0
NWolfCreek(blue)_SHB_12.11.2025,SHB,5183,4594,4596,76.6,76.64,3,0.05,0.248,0.248,1051.3,0
NWolfCreek(blue)_SHB_12.11.2025,SHB,5709,46219,46222,770.68,770.73,3,0.07,0.2478,0.2478,900.7,0
NWolfCreek(blue)_SHB_12.11.2025,SHB,5217,7414,7414,123.63,123.63,1,0.02,0.2476,0.2476,440.3,0
NWolfCreek(blue)_SHB_12.11.2025,SHB,5732,47549,47592,792.86,793.57,3,0.73,0.2474,0.2474,741.1,0
NWolfCreek(blue)_SHB_12.11.2025,SHB,5821,55133,55133,919.32,919.32,1,0.02,0.2467,0.2467,475.7,0
NWolfCreek(blue)_SHB_12.11.2025,SHB,5689,44585,44589,743.43,743.5,3,0.08,0.2464,0.2464,1815.1,0
NWolfCreek(blue)_SHB_12.11.2025,SHB,5645,41193,41194,686.87,686.89,2,0.03,0.2463,0.2463,1554.1,0
NWolfCreek(blue)_SHB_12.11.2025,SHB,5781,52109,52110,868.89,868.91,2,0.03,0.2462,0.2462,914.9,0
NWolfCreek(blue)_SHB_12.11.2025,SHB,5162,1452,1452,24.21,24.21,1,0.02,0.245,0.245,331.8,0
NWolfCreek(blue)_SHB_12.11.2025,SHB,5326,15298,15298,255.09,255.09,1,0.02,0.2441,0.2441,602.0,0
NWolfCreek(blue)_SHB_12.11.2025,SHB,5602,40117,40117,668.93,668.93,1,0.02,0.2439,0.2439,297.0,0
NWolfCreek(blue)_SHB_12.11.2025,SHB,5615,40365,40388,673.07,673.45,9,0.4,0.1873,0.2438,873.6,0
NWolfCreek(blue)_SHB_12.11.2025,SHB,5172,3624,3624,60.43,60.43,1,0.02,0.243,0.243,607.3,0
NWolfCreek(blue)_SHB_12.11.2025,SHB,5269,11115,11130,185.34,185.59,3,0.27,0.243,0.243,559.5,0
NWolfCreek(blue)_SHB_12.11.2025,SHB,5875,66725,66767,1112.61,1113.31,16,0.72,0.1697,0.2429,1252.4,0
NWolfCreek(blue)_SHB_12.11.2025,SHB,5771,51137,51153,852.69,852.95,6,0.28,0.2247,0.2424,613.3,0
NWolfCreek(blue)_SHB_12.11.2025,SHB,5856,62925,62925,1049.25,1049.25,1,0.02,0.2423,0.2423,1847.9,0
NWolfCreek(blue)_SHB_12.11.2025,SHB,5603,40133,40133,669.2,669.2,1,0.02,0.2411,0.2411,218.9,0
NWolfCreek(blue)_SHB_12.11.2025,SHB,5616,40430,40465,674.15,674.74,9,0.6,0.1857,0.2406,471.8,0
NWolfCreek(blue)_SHB_12.11.2025,SHB,5562,35179,35194,586.59,586.84,15,0.27,0.1728,0.2395,361.0,0
NWolfCreek(blue)_SHB_12.11.2025,SHB,5724,46922,46922,782.4,782.4,1,0.02,0.2392,0.2392,504.2,0
NWolfCreek(blue)_SHB_12.11.2025,SHB,5851,61051,61051,1018.0,1018.0,1,0.02,0.2382,0.2382,1913.1,0
NWolfCreek(blue)_SHB_12.11.2025,SHB,5693,44986,44987,750.12,750.14,2,0.03,0.2381,0.2381,368.1,0
NWolfCreek(blue)_SHB_12.11.2025,SHB,5546,34224,34224,570.67,570.67,1,0.02,0.2377,0.2377,754.9,0
NWolfCreek(blue)_SHB_12.11.2025,SHB,5659,42683,42689,711.72,711.82,3,0.12,0.2376,0.2376,2362.9,0
NWolfCreek(blue)_SHB_12.11.2025,SHB,5473,28211,28211,470.41,470.41,1,0.02,0.2365,0.2365,1208.5,0
NWolfCreek(blue)_SHB_12.11.2025,SHB,5548,34579,34580,576.59,576.61,2,0.03,0.2365,0.2365,301.9,0
NWolfCreek(blue)_SHB_12.11.2025,SHB,5296,14013,14015,233.66,233.69,3,0.05,0.2363,0.2363,258.0,0
NWolfCreek(blue)_SHB_12.11.2025,SHB,5359,16560,16572,276.13,276.33,6,0.22,0.2177,0.2357,572.8,0
NWolfCreek(blue)_SHB_12.11.2025,SHB,5381,23830,23830,397.35,397.35,1,0.02,0.2357,0.2357,952.3,0
NWolfCreek(blue)_SHB_12.11.2025,SHB,5463,27668,27680,461.35,461.55,8,0.22,0.1922,0.2348,874.5,0
NWolfCreek(blue)_SHB_12.11.2025,SHB,5636,40872,40872,681.52,681.52,1,0.02,0.233,0.233,530.0,0
NWolfCreek(blue)_SHB_12.11.2025,SHB,5731,47527,47527,792.49,792.49,1,0.02,0.2329,0.2329,487.5,0
NWolfCreek(blue)_SHB_12.11.2025,SHB,5843,56854,56856,948.01,948.05,2,0.05,0.2329,0.2329,639.6,0
NWolfCreek(blue)_SHB_12.11.2025,SHB,5290,12175,12175,203.01,203.01,1,0.02,0.2319,0.2319,1533.7,0
NWolfCreek(blue)_SHB_12.11.2025,SHB,5254,10096,10099,168.35,168.4,4,0.07,0.2312,0.2312,868.1,0
NWolfCreek(blue)_SHB_12.11.2025,SHB,5873,66555,66585,1109.77,1110.27,10,0.52,0.1861,0.2311,1432.3,0
NWolfCreek(blue)_SHB_12.11.2025,SHB,5793,52988,52988,883.55,883.55,1,0.02,0.2301,0.2301,1152.4,0
NWolfCreek(blue)_SHB_12.11.2025,SHB,5295,12398,12409,206.73,206.91,9,0.2,0.1918,0.2286,473.6,0
NWolfCreek(blue)_SHB_12.11.2025,SHB,5716,46514,46515,775.6,775.62,2,0.03,0.2284,0.2284,556.8,0
NWolfCreek(blue)_SHB_12.11.2025,SHB,5171,3572,3574,59.56,59.59,3,0.05,0.2266,0.2266,783.8,0
NWolfCreek(blue)_SHB_12.11.2025,SHB,5778,51553,51553,859.62,859.62,1,0.02,0.2262,0.2262,534.5,0
NWolfCreek(blue)_SHB_12.11.2025,SHB,5638,40944,40947,682.72,682.77,4,0.07,0.2257,0.2257,836.5,0
NWolfCreek(blue)_SHB_12.11.2025,SHB,5712,46439,46464,774.35,774.77,2,0.43,0.2255,0.2255,858.9,0
NWolfCreek(blue)_SHB_12.11.2025,SHB,5309,14520,14520,242.11,242.11,1,0.02,0.2253,0.2253,1369.5,0
NWolfCreek(blue)_SHB_12.11.2025,SHB,5238,9308,9308,155.21,155.21,1,0.02,0.2236,0.2236,1084.4,0
NWolfCreek(blue)_SHB_12.11.2025,SHB,5887,68061,68065,1134.89,1134.95,4,0.08,0.2235,0.2235,2170.8,0
NWolfCreek(blue)_SHB_12.11.2025,SHB,5542,33239,33239,554.25,554.25,1,0.02,0.2234,0.2234,236.2,0
NWolfCreek(blue)_SHB_12.11.2025,SHB,5417,25866,25869,431.3,431.35,2,0.07,0.2228,0.2228,1415.7,0
NWolfCreek(blue)_SHB_12.11.2025,SHB,5443,27055,27105,451.13,451.96,16,0.85,0.1717,0.2227,516.5,0
NWolfCreek(blue)_SHB_12.11.2025,SHB,5487,30626,30626,510.67,510.67,1,0.02,0.2221,0.2221,386.5,0
NWolfCreek(blue)_SHB_12.11.2025,SHB,5249,9911,9911,165.26,165.26,1,0.02,0.2217,0.2217,475.2,0
NWolfCreek(blue)_SHB_12.11.2025,SHB,5432,26733,26757,445.76,446.16,6,0.42,0.2071,0.2216,2801.9,0
NWolfCreek(blue)_SHB_12.11.2025,SHB,5464,27683,27685,461.6,461.63,2,0.05,0.2216,0.2216,732.6,0
NWolfCreek(blue)_SHB_12.11.2025,SHB,5713,46484,46484,775.1,775.1,1,0.02,0.2198,0.2198,610.9,0
NWolfCreek(blue)_SHB_12.11.2025,SHB,5810,54360,54366,906.43,906.53,5,0.12,0.2185,0.2185,1363.7,0
NWolfCreek(blue)_SHB_12.11.2025,SHB,5634,40854,40862,681.22,681.36,4,0.15,0.218,0.218,489.8,0
NWolfCreek(blue)_SHB_12.11.2025,SHB,5539,33172,33191,553.13,553.44,8,0.33,0.1841,0.2178,789.1,0
NWolfCreek(blue)_SHB_12.11.2025,SHB,5835,56399,56399,940.43,940.43,1,0.02,0.2178,0.2178,1401.9,0
NWolfCreek(blue)_SHB_12.11.2025,SHB,5459,27500,27502,458.55,458.58,3,0.05,0.2169,0.2169,945.6,0
NWolfCreek(blue)_SHB_12.11.2025,SHB,5413,25642,25646,427.57,427.64,2,0.08,0.2166,0.2166,830.5,0
NWolfCreek(blue)_SHB_12.11.2025,SHB,5756,48636,48636,810.98,810.98,1,0.02,0.216,0.216,542.6,0
NWolfCreek(blue)_SHB_12.11.2025,SHB,5372,22928,22928,382.31,382.31,1,0.02,0.2159,0.2159,493.8,0
NWolfCreek(blue)_SHB_12.11.2025,SHB,5312,14882,14888,248.15,248.25,5,0.12,0.2152,0.2152,1084.6,0
NWolfCreek(blue)_SHB_12.11.2025,SHB,5677,43887,43902,731.8,732.05,2,0.27,0.2152,0.2152,1197.3,0
NWolfCreek(blue)_SHB_12.11.2025,SHB,5514,32610,32614,543.76,543.82,4,0.08,0.2149,0.2149,371.8,0
NWolfCreek(blue)_SHB_12.11.2025,SHB,5759,49368,49368,823.19,823.19,1,0.02,0.2149,0.2149,861.2,0
NWolfCreek(blue)_SHB_12.11.2025,SHB,5807,54256,54261,904.69,904.78,4,0.1,0.214,0.214,766.7,0
NWolfCreek(blue)_SHB_12.11.2025,SHB,5457,27419,27422,457.2,457.25,3,0.07,0.2139,0.2139,422.8,0
NWolfCreek(blue)_SHB_12.11.2025,SHB,5207,6717,6726,112.0,112.15,9,0.17,0.1823,0.2138,481.8,0
NWolfCreek(blue)_SHB_12.11.2025,SHB,5237,9272,9274,154.61,154.64,3,0.05,0.2137,0.2137,727.3,0
NWolfCreek(blue)_SHB_12.11.2025,SHB,5294,12274,12274,204.66,204.66,1,0.02,0.2132,0.2132,1364.3,0
NWolfCreek(blue)_SHB_12.11.2025,SHB,5691,44622,44622,744.05,744.05,1,0.02,0.2132,0.2132,981.4,0
NWolfCreek(blue)_SHB_12.11.2025,SHB,5630,40808,40817,680.45,680.6,6,0.17,0.198,0.2129,500.8,0
NWolfCreek(blue)_SHB_12.11.2025,SHB,5490,30703,30703,511.96,511.96,1,0.02,0.2124,0.2124,303.8,0
NWolfCreek(blue)_SHB_12.11.2025,SHB,5530,33107,33111,552.04,552.11,3,0.08,0.2124,0.2124,522.7,0
NWolfCreek(blue)_SHB_12.11.2025,SHB,5531,33107,33111,552.04,552.11,2,0.08,0.2121,0.2121,549.4,0
NWolfCreek(blue)_SHB_12.11.2025,SHB,5410,25589,25598,426.68,426.83,9,0.17,0.1669,0.2116,341.3,0
NWolfCreek(blue)_SHB_12.11.2025,SHB,5532,33109,33111,552.08,552.11,2,0.05,0.2116,0.2116,570.1,0
NWolfCreek(blue)_SHB_12.11.2025,SHB,5741,47875,47876,798.29,798.31,2,0.03,0.2115,0.2115,490.4,0
NWolfCreek(blue)_SHB_12.11.2025,SHB,5226,8163,8163,136.11,136.11,1,0.02,0.2114,0.2114,716.3,0
NWolfCreek(blue)_SHB_12.11.2025,SHB,5536,33161,33236,552.94,554.2,15,1.27,0.1691,0.2103,655.6,0
NWolfCreek(blue)_SHB_12.11.2025,SHB,5355,16349,16349,272.61,272.61,1,0.02,0.2095,0.2095,884.6,0
NWolfCreek(blue)_SHB_12.11.2025,SHB,5537,33162,33192,552.96,553.46,6,0.52,0.1919,0.209,581.5,0
NWolfCreek(blue)_SHB_12.11.2025,SHB,5486,30575,30576,509.82,509.84,2,0.03,0.2085,0.2085,1798.4,0
NWolfCreek(blue)_SHB_12.11.2025,SHB,5228,8495,8495,141.65,141.65,1,0.02,0.2081,0.2081,882.5,0
NWolfCreek(blue)_SHB_12.11.2025,SHB,5405,25148,25150,419.33,419.36,3,0.05,0.2073,0.2073,638.3,0
NWolfCreek(blue)_SHB_12.11.2025,SHB,5497,32051,32099,534.44,535.24,9,0.82,0.1706,0.2072,1043.0,0
NWolfCreek(blue)_SHB_12.11.2025,SHB,5830,55919,55926,932.42,932.54,3,0.13,0.207,0.207,915.3,0
NWolfCreek(blue)_SHB_12.11.2025,SHB,5452,27291,27295,455.06,455.13,2,0.08,0.2068,0.2068,527.8,0
NWolfCreek(blue)_SHB_12.11.2025,SHB,5455,27402,27434,456.92,457.45,5,0.55,0.2067,0.2067,438.2,0
NWolfCreek(blue)_SHB_12.11.2025,SHB,5824,55288,55288,921.9,921.9,1,0.02,0.2064,0.2064,531.0,0
NWolfCreek(blue)_SHB_12.11.2025,SHB,5169,3361,3361,56.04,56.04,1,0.02,0.2055,0.2055,594.4,0
NWolfCreek(blue)_SHB_12.11.2025,SHB,5822,55241,55241,921.12,921.12,1,0.02,0.2049,0.2049,923.5,0
NWolfCreek(blue)_SHB_12.11.2025,SHB,5229,8591,8591,143.25,143.25,1,0.02,0.204,0.204,628.7,0
NWolfCreek(blue)_SHB_12.11.2025,SHB,5852,61740,61740,1029.49,1029.49,1,0.02,0.204,0.204,1809.2,0
NWolfCreek(blue)_SHB_12.11.2025,SHB,5522,32967,32967,549.71,549.71,1,0.02,0.2035,0.2035,1121.4,0
NWolfCreek(blue)_SHB_12.11.2025,SHB,5669,43074,43076,718.24,718.27,3,0.05,0.2033,0.2033,1189.6,0
NWolfCreek(blue)_SHB_12.11.2025,SHB,5153,793,793,13.22,13.22,1,0.02,0.203,0.203,773.5,0
NWolfCreek(blue)_SHB_12.11.2025,SHB,5311,14864,14867,247.85,247.9,2,0.07,0.203,0.203,2105.7,0
NWolfCreek(blue)_SHB_12.11.2025,SHB,5211,7013,7025,116.94,117.14,5,0.22,0.2029,0.2029,1534.2,0
NWolfCreek(blue)_SHB_12.11.2025,SHB,5279,11664,11664,194.49,194.49,1,0.02,0.2023,0.2023,845.5,0
NWolfCreek(blue)_SHB_12.11.2025,SHB,5356,16388,16418,273.26,273.76,8,0.52,0.179,0.202,659.0,0
NWolfCreek(blue)_SHB_12.11.2025,SHB,5525,32999,33025,550.24,550.68,3,0.45,0.202,0.202,740.2,0
NWolfCreek(blue)_SHB_12.11.2025,SHB,5159,1043,1077,17.39,17.96,5,0.58,0.2019,0.2019,315.7,0
NWolfCreek(blue)_SHB_12.11.2025,SHB,5757,48646,48646,811.15,811.15,1,0.02,0.2012,0.2012,759.1,0
NWolfCreek(blue)_SHB_12.11.2025,SHB,5658,42400,42403,707.0,707.05,2,0.07,0.2009,0.2009,646.4,0
NWolfCreek(blue)_SHB_12.11.2025,SHB,5612,40236,40236,670.92,670.92,1,0.02,0.1998,0.1998,4405.7,0
NWolfCreek(blue)_SHB_12.11.2025,SHB,5447,27175,27238,453.13,454.18,21,1.07,0.1419,0.1992,556.4,0
NWolfCreek(blue)_SHB_12.11.2025,SHB,5369,21717,21739,362.12,362.49,7,0.38,0.1796,0.199,1388.6,0
NWolfCreek(blue)_SHB_12.11.2025,SHB,5549,34581,34754,576.62,579.51,73,2.9,0.1304,0.1989,348.9,0
NWolfCreek(blue)_SHB_12.11.2025,SHB,5864,64470,64486,1075.01,1075.27,9,0.28,0.166,0.1989,1216.7,0
NWolfCreek(blue)_SHB_12.11.2025,SHB,5203,6395,6396,106.63,106.65,2,0.03,0.1986,0.1986,417.5,0
NWolfCreek(blue)_SHB_12.11.2025,SHB,5557,34832,34832,580.81,580.81,1,0.02,0.1984,0.1984,2847.6,0
NWolfCreek(blue)_SHB_12.11.2025,SHB,5253,10083,10083,168.13,168.13,1,0.02,0.1979,0.1979,445.0,0
NWolfCreek(blue)_SHB_12.11.2025,SHB,5831,56187,56187,936.89,936.89,1,0.02,0.1979,0.1979,1007.2,0
NWolfCreek(blue)_SHB_12.11.2025,SHB,5391,24386,24387,406.63,406.64,2,0.03,0.1978,0.1978,997.0,0
NWolfCreek(blue)_SHB_12.11.2025,SHB,5798,53830,53841,897.59,897.77,2,0.2,0.1976,0.1976,584.0,0
NWolfCreek(blue)_SHB_12.11.2025,SHB,5509,32417,32417,540.54,540.54,1,0.02,0.1975,0.1975,866.6,0
NWolfCreek(blue)_SHB_12.11.2025,SHB,5186,4916,4916,81.97,81.97,1,0.02,0.1972,0.1972,462.8,0
NWolfCreek(blue)_SHB_12.11.2025,SHB,5618,40461,40470,674.67,674.82,2,0.17,0.1972,0.1972,970.3,0
NWolfCreek(blue)_SHB_12.11.2025,SHB,5401,25099,25114,418.51,418.76,8,0.27,0.1628,0.1963,606.1,0
NWolfCreek(blue)_SHB_12.11.2025,SHB,5373,22966,22966,382.95,382.95,1,0.02,0.1962,0.1962,650.5,0
NWolfCreek(blue)_SHB_12.11.2025,SHB,5742,47995,47996,800.29,800.31,2,0.03,0.196,0.196,1224.7,0
NWolfCreek(blue)_SHB_12.11.2025,SHB,5687,44530,44530,742.52,742.52,1,0.02,0.1955,0.1955,2431.1,0
NWolfCreek(blue)_SHB_12.11.2025,SHB,5817,54932,54934,915.97,916.0,3,0.05,0.1945,0.1945,678.3,0
NWolfCreek(blue)_SHB_12.11.2025,SHB,5257,10371,10393,172.93,173.3,2,0.38,0.1943,0.1943,835.5,0
NWolfCreek(blue)_SHB_12.11.2025,SHB,5164,2024,2028,33.75,33.82,4,0.08,0.1939,0.1939,685.8,0
NWolfCreek(blue)_SHB_12.11.2025,SHB,5344,16072,16152,267.99,269.33,9,1.35,0.156,0.1938,671.8,0
NWolfCreek(blue)_SHB_12.11.2025,SHB,5788,52542,52543,876.11,876.13,2,0.03,0.1935,0.1935,506.0,0
NWolfCreek(blue)_SHB_12.11.2025,SHB,5722,46865,46865,781.45,781.45,1,0.02,0.1926,0.1926,3964.5,0
NWolfCreek(blue)_SHB_12.11.2025,SHB,5158,1042,1089,17.37,18.16,6,0.8,0.1788,0.1924,322.7,0
NWolfCreek(blue)_SHB_12.11.2025,SHB,5527,33002,33025,550.29,550.68,2,0.4,0.1919,0.1919,812.7,0
NWolfCreek(blue)_SHB_12.11.2025,SHB,5231,8878,8878,148.04,148.04,1,0.02,0.1917,0.1917,437.2,0
NWolfCreek(blue)_SHB_12.11.2025,SHB,5147,180,189,3.0,3.15,8,0.17,0.1633,0.1916,441.6,0
NWolfCreek(blue)_SHB_12.11.2025,SHB,5518,32923,32923,548.98,548.98,1,0.02,0.1915,0.1915,1099.8,0
NWolfCreek(blue)_SHB_12.11.2025,SHB,5803,54043,54050,901.14,901.26,5,0.13,0.1913,0.1913,879.2,0
NWolfCreek(blue)_SHB_12.11.2025,SHB,5324,15255,15255,254.37,254.37,1,0.02,0.1912,0.1912,1000.1,0
NWolfCreek(blue)_SHB_12.11.2025,SHB,5737,47756,47756,796.31,796.31,1,0.02,0.1909,0.1909,1060.9,0
NWolfCreek(blue)_SHB_12.11.2025,SHB,5182,4541,4541,75.72,75.72,1,0.02,0.1905,0.1905,487.0,0
NWolfCreek(blue)_SHB_12.11.2025,SHB,5719,46730,46731,779.2,779.22,2,0.03,0.1905,0.1905,525.6,0
NWolfCreek(blue)_SHB_12.11.2025,SHB,5779,51930,51930,865.91,865.91,1,0.02,0.1903,0.1903,881.1,0
NWolfCreek(blue)_SHB_12.11.2025,SHB,5500,32232,32233,537.45,537.47,2,0.03,0.1884,0.1884,1054.9,0
NWolfCreek(blue)_SHB_12.11.2025,SHB,5625,40663,40663,678.04,678.04,1,0.02,0.1883,0.1883,1822.0,0
NWolfCreek(blue)_SHB_12.11.2025,SHB,5192,5190,5190,86.54,86.54,1,0.02,0.1882,0.1882,1217.9,0
NWolfCreek(blue)_SHB_12.11.2025,SHB,5621,40517,40543,675.6,676.04,8,0.45,0.1623,0.188,462.6,0
NWolfCreek(blue)_SHB_12.11.2025,SHB,5813,54801,54801,913.78,913.78,1,0.02,0.1878,0.1878,546.0,0
NWolfCreek(blue)_SHB_12.11.2025,SHB,5547,34288,34288,571.74,571.74,1,0.02,0.1873,0.1873,541.7,0
NWolfCreek(blue)_SHB_12.11.2025,SHB,5277,11353,11368,189.31,189.56,4,0.27,0.1872,0.1872,463.8,0
NWolfCreek(blue)_SHB_12.11.2025,SHB,5291,12228,12230,203.9,203.93,3,0.05,0.1868,0.1868,1084.6,0
NWolfCreek(blue)_SHB_12.11.2025,SHB,5375,23127,23127,385.63,385.63,1,0.02,0.1863,0.1863,1356.5,0
NWolfCreek(blue)_SHB_12.11.2025,SHB,5250,9916,9916,165.34,165.34,1,0.02,0.1861,0.1861,379.8,0
NWolfCreek(blue)_SHB_12.11.2025,SHB,5745,48220,48220,804.05,804.05,1,0.02,0.186,0.186,721.8,0
NWolfCreek(blue)_SHB_12.11.2025,SHB,5826,55329,55334,922.59,922.67,2,0.1,0.1857,0.1857,934.4,0
NWolfCreek(blue)_SHB_12.11.2025,SHB,5285,11947,11947,199.21,199.21,1,0.02,0.1848,0.1848,515.3,0
NWolfCreek(blue)_SHB_12.11.2025,SHB,5805,54065,54084,901.51,901.83,2,0.33,0.184,0.184,782.2,0
NWolfCreek(blue)_SHB_12.11.2025,SHB,5224,7951,7951,132.58,132.58,1,0.02,0.1838,0.1838,575.2,0
NWolfCreek(blue)_SHB_12.11.2025,SHB,5276,11344,11369,189.16,189.57,6,0.43,0.17,0.1829,328.0,0
NWolfCreek(blue)_SHB_12.11.2025,SHB,5623,40644,40650,677.72,677.82,5,0.12,0.1826,0.1826,880.7,0
NWolfCreek(blue)_SHB_12.11.2025,SHB,5461,27639,27656,460.87,461.15,3,0.3,0.1825,0.1825,945.5,0
NWolfCreek(blue)_SHB_12.11.2025,SHB,5330,15607,15609,260.24,260.27,3,0.05,0.1824,0.1824,652.7,0
NWolfCreek(blue)_SHB_12.11.2025,SHB,5773,51186,51190,853.5,853.57,5,0.08,0.1821,0.1821,574.2,0
NWolfCreek(blue)_SHB_12.11.2025,SHB,5698,45220,45220,754.02,754.02,1,0.02,0.182,0.182,735.5,0
NWolfCreek(blue)_SHB_12.11.2025,SHB,5219,7538,7538,125.69,125.69,1,0.02,0.1818,0.1818,707.2,0
NWolfCreek(blue)_SHB_12.11.2025,SHB,5829,55892,55892,931.97,931.97,1,0.02,0.1813,0.1813,538.1,0
NWolfCreek(blue)_SHB_12.11.2025,SHB,5609,40200,40200,670.32,670.32,1,0.02,0.181,0.181,392.1,0
NWolfCreek(blue)_SHB_12.11.2025,SHB,5166,2122,2122,35.38,35.38,1,0.02,0.1806,0.1806,502.1,0
NWolfCreek(blue)_SHB_12.11.2025,SHB,5197,5577,5577,92.99,92.99,1,0.02,0.1805,0.1805,981.5,0
NWolfCreek(blue)_SHB_12.11.2025,SHB,5786,52442,52458,874.45,874.71,5,0.28,0.1802,0.1802,1665.9,0
NWolfCreek(blue)_SHB_12.11.2025,SHB,5493,31601,31607,526.93,527.03,5,0.12,0.1801,0.1801,683.1,0
NWolfCreek(blue)_SHB_12.11.2025,SHB,5797,53822,53825,897.46,897.51,2,0.07,0.1801,0.1801,598.6,0
NWolfCreek(blue)_SHB_12.11.2025,SHB,5624,40662,40693,678.02,678.54,4,0.53,0.1798,0.1798,611.9,0
NWolfCreek(blue)_SHB_12.11.2025,SHB,5694,45016,45018,750.62,750.65,2,0.05,0.1796,0.1796,384.9,0
NWolfCreek(blue)_SHB_12.11.2025,SHB,5270,11117,11119,185.37,185.4,3,0.05,0.1794,0.1794,655.1,0
NWolfCreek(blue)_SHB_12.11.2025,SHB,5420,25965,25965,432.95,432.95,1,0.02,0.1793,0.1793,555.2,0
NWolfCreek(blue)_SHB_12.11.2025,SHB,5313,14902,14914,248.48,248.68,4,0.22,0.179,0.179,683.3,0
NWolfCreek(blue)_SHB_12.11.2025,SHB,5675,43487,43487,725.13,725.13,1,0.02,0.1789,0.1789,1253.7,0
NWolfCreek(blue)_SHB_12.11.2025,SHB,5718,46697,46697,778.65,778.65,1,0.02,0.1785,0.1785,423.6,0
NWolfCreek(blue)_SHB_12.11.2025,SHB,5367,20485,20488,341.58,341.63,4,0.07,0.1778,0.1778,354.9,0
NWolfCreek(blue)_SHB_12.11.2025,SHB,5664,42902,42902,715.37,715.37,1,0.02,0.1778,0.1778,580.3,0
NWolfCreek(blue)_SHB_12.11.2025,SHB,5744,48142,48175,802.75,803.3,4,0.57,0.177,0.177,1180.4,0
NWolfCreek(blue)_SHB_12.11.2025,SHB,5161,1171,1171,19.53,19.53,1,0.02,0.1769,0.1769,275.5,0
NWolfCreek(blue)_SHB_12.11.2025,SHB,5700,45616,45633,760.63,760.91,4,0.3,0.1767,0.1767,458.6,0
NWolfCreek(blue)_SHB_12.11.2025,SHB,5512,32580,32581,543.26,543.27,2,0.03,0.1758,0.1758,441.5,0
NWolfCreek(blue)_SHB_12.11.2025,SHB,5761,50616,50616,844.0,844.0,1,0.02,0.1753,0.1753,791.8,0
NWolfCreek(blue)_SHB_12.11.2025,SHB,5848,58230,58230,970.96,970.96,1,0.02,0.1751,0.1751,1737.4,0
NWolfCreek(blue)_SHB_12.11.2025,SHB,5806,54249,54249,904.58,904.58,1,0.02,0.175,0.175,545.0,0
NWolfCreek(blue)_SHB_12.11.2025,SHB,5268,11092,11092,184.95,184.95,1,0.02,0.1747,0.1747,433.1,0
NWolfCreek(blue)_SHB_12.11.2025,SHB,5462,27665,27665,461.3,461.3,1,0.02,0.1743,0.1743,553.5,0
NWolfCreek(blue)_SHB_12.11.2025,SHB,5278,11485,11495,191.51,191.67,5,0.18,0.1741,0.1741,330.6,0
NWolfCreek(blue)_SHB_12.11.2025,SHB,5674,43309,43309,722.16,722.16,1,0.02,0.1733,0.1733,1038.8,0
NWolfCreek(blue)_SHB_12.11.2025,SHB,5755,48548,48548,809.52,809.52,1,0.02,0.1732,0.1732,483.9,0
NWolfCreek(blue)_SHB_12.11.2025,SHB,5472,28144,28144,469.29,469.29,1,0.02,0.1731,0.1731,811.3,0
NWolfCreek(blue)_SHB_12.11.2025,SHB,5236,9192,9192,153.27,153.27,1,0.02,0.1728,0.1728,488.5,0
NWolfCreek(blue)_SHB_12.11.2025,SHB,5883,67680,67680,1128.53,1128.53,1,0.02,0.1726,0.1726,591.6,0
NWolfCreek(blue)_SHB_12.11.2025,SHB,5407,25152,25152,419.4,419.4,1,0.02,0.1717,0.1717,840.8,0
NWolfCreek(blue)_SHB_12.11.2025,SHB,5723,46877,46877,781.65,781.65,1,0.02,0.1717,0.1717,477.1,0
NWolfCreek(blue)_SHB_12.11.2025,SHB,5156,1008,1008,16.81,16.81,1,0.02,0.1713,0.1713,406.8,0
NWolfCreek(blue)_SHB_12.11.2025,SHB,5867,64685,64690,1078.59,1078.68,4,0.1,0.1711,0.1711,300.9,0
NWolfCreek(blue)_SHB_12.11.2025,SHB,5552,34818,34818,580.57,580.57,1,0.02,0.1709,0.1709,546.6,0
NWolfCreek(blue)_SHB_12.11.2025,SHB,5650,41583,41596,693.38,693.59,5,0.23,0.1705,0.1705,326.6,0
NWolfCreek(blue)_SHB_12.11.2025,SHB,5218,7452,7454,124.26,124.29,2,0.05,0.1702,0.1702,695.6,0
NWolfCreek(blue)_SHB_12.11.2025,SHB,5740,47857,47857,797.99,797.99,1,0.02,0.1702,0.1702,587.3,0
NWolfCreek(blue)_SHB_12.11.2025,SHB,5386,24234,24234,404.09,404.09,1,0.02,0.1694,0.1694,883.0,0
NWolfCreek(blue)_SHB_12.11.2025,SHB,5212,7128,7133,118.86,118.94,2,0.1,0.1692,0.1692,2380.5,0
NWolfCreek(blue)_SHB_12.11.2025,SHB,5660,42752,42777,712.87,713.29,5,0.43,0.1692,0.1692,951.2,0
NWolfCreek(blue)_SHB_12.11.2025,SHB,5321,15107,15124,251.9,252.19,5,0.3,0.1689,0.1689,1706.8,0
NWolfCreek(blue)_SHB_12.11.2025,SHB,5775,51269,51274,854.89,854.97,6,0.1,0.1592,0.1688,458.8,0
NWolfCreek(blue)_SHB_12.11.2025,SHB,5528,33025,33025,550.68,550.68,1,0.02,0.1685,0.1685,580.8,0
NWolfCreek(blue)_SHB_12.11.2025,SHB,5495,31873,31899,531.47,531.9,9,0.45,0.1469,0.1677,1014.8,0
NWolfCreek(blue)_SHB_12.11.2025,SHB,5688,44577,44577,743.3,743.3,1,0.02,0.1677,0.1677,995.4,0
NWolfCreek(blue)_SHB_12.11.2025,SHB,5360,16561,16562,276.15,276.16,2,0.03,0.1676,0.1676,512.6,0
NWolfCreek(blue)_SHB_12.11.2025,SHB,5614,40333,40350,672.53,672.82,7,0.3,0.1493,0.1676,570.1,0
NWolfCreek(blue)_SHB_12.11.2025,SHB,5610,40218,40218,670.62,670.62,1,0.02,0.1674,0.1674,616.3,0
NWolfCreek(blue)_SHB_12.11.2025,SHB,5195,5408,5423,90.18,90.43,2,0.27,0.1673,0.1673,652.5,0
NWolfCreek(blue)_SHB_12.11.2025,SHB,5663,42836,42837,714.27,714.29,2,0.03,0.1672,0.1672,1680.7,0
NWolfCreek(blue)_SHB_12.11.2025,SHB,5554,34821,34824,580.62,580.67,2,0.07,0.167,0.167,1746.2,0
NWolfCreek(blue)_SHB_12.11.2025,SHB,5298,14015,14016,233.69,233.71,2,0.03,0.1661,0.1661,357.4,0
NWolfCreek(blue)_SHB_12.11.2025,SHB,5683,44124,44124,735.75,735.75,1,0.02,0.166,0.166,1482.4,0
NWolfCreek(blue)_SHB_12.11.2025,SHB,5653,41927,41927,699.11,699.11,1,0.02,0.1659,0.1659,457.8,0
NWolfCreek(blue)_SHB_12.11.2025,SHB,5323,15208,15208,253.59,253.59,1,0.02,0.1658,0.1658,619.9,0
NWolfCreek(blue)_SHB_12.11.2025,SHB,5430,26656,26656,444.48,444.48,1,0.02,0.1657,0.1657,1084.9,0
NWolfCreek(blue)_SHB_12.11.2025,SHB,5611,40218,40218,670.62,670.62,1,0.02,0.1654,0.1654,685.3,0
NWolfCreek(blue)_SHB_12.11.2025,SHB,5439,26917,26958,448.83,449.51,10,0.7,0.1409,0.1651,716.4,0
NWolfCreek(blue)_SHB_12.11.2025,SHB,5508,32382,32383,539.95,539.97,2,0.03,0.165,0.165,2068.1,0
NWolfCreek(blue)_SHB_12.11.2025,SHB,5877,67243,67243,1121.25,1121.25,1,0.02,0.1645,0.1645,1783.3,0
NWolfCreek(blue)_SHB_12.11.2025,SHB,5331,15609,15609,260.27,260.27,1,0.02,0.1644,0.1644,607.4,0
NWolfCreek(blue)_SHB_12.11.2025,SHB,5783,52165,52165,869.83,869.83,1,0.02,0.1643,0.1643,934.4,0
NWolfCreek(blue)_SHB_12.11.2025,SHB,5748,48331,48347,805.9,806.16,4,0.28,0.164,0.164,745.6,0
NWolfCreek(blue)_SHB_12.11.2025,SHB,5334,15881,15883,264.81,264.84,3,0.05,0.1636,0.1636,370.5,0
NWolfCreek(blue)_SHB_12.11.2025,SHB,5220,7726,7726,128.83,128.83,1,0.02,0.1625,0.1625,450.5,0
NWolfCreek(blue)_SHB_12.11.2025,SHB,5232,8957,8958,149.35,149.37,2,0.03,0.1616,0.1616,443.7,0
NWolfCreek(blue)_SHB_12.11.2025,SHB,5492,31351,31351,522.76,522.76,1,0.02,0.1613,0.1613,235.4,0
NWolfCreek(blue)_SHB_12.11.2025,SHB,5606,40195,40205,670.23,670.4,4,0.18,0.1613,0.1613,412.6,0
NWolfCreek(blue)_SHB_12.11.2025,SHB,5706,45971,45972,766.55,766.56,2,0.03,0.1613,0.1613,620.3,0
NWolfCreek(blue)_SHB_12.11.2025,SHB,5769,51052,51053,851.27,851.29,2,0.03,0.1613,0.1613,434.2,0
NWolfCreek(blue)_SHB_12.11.2025,SHB,5692,44747,44747,746.14,746.14,1,0.02,0.161,0.161,1576.6,0
NWolfCreek(blue)_SHB_12.11.2025,SHB,5445,27131,27141,452.4,452.56,3,0.18,0.1588,0.1588,614.8,0
NWolfCreek(blue)_SHB_12.11.2025,SHB,5648,41378,41378,689.96,689.96,1,0.02,0.1588,0.1588,2949.8,0
NWolfCreek(blue)_SHB_12.11.2025,SHB,5862,64375,64415,1073.42,1074.09,5,0.68,0.1583,0.1583,2439.0,0
NWolfCreek(blue)_SHB_12.11.2025,SHB,5200,6022,6022,100.41,100.41,1,0.02,0.1581,0.1581,1542.7,0
NWolfCreek(blue)_SHB_12.11.2025,SHB,5167,2216,2216,36.95,36.95,1,0.02,0.1578,0.1578,803.1,0
NWolfCreek(blue)_SHB_12.11.2025,SHB,5628,40762,40797,679.69,680.27,5,0.6,0.1568,0.1568,888.6,0
NWolfCreek(blue)_SHB_12.11.2025,SHB,5242,9704,9704,161.81,161.81,1,0.02,0.1559,0.1559,1303.1,0
NWolfCreek(blue)_SHB_12.11.2025,SHB,5248,9833,9833,163.96,163.96,1,0.02,0.1558,0.1558,635.9,0
NWolfCreek(blue)_SHB_12.11.2025,SHB,5743,48072,48072,801.58,801.58,1,0.02,0.1558,0.1558,244.1,0
NWolfCreek(blue)_SHB_12.11.2025,SHB,5411,25612,25612,427.07,427.07,1,0.02,0.1557,0.1557,584.5,0
NWolfCreek(blue)_SHB_12.11.2025,SHB,5655,41991,41992,700.18,700.2,2,0.03,0.1557,0.1557,546.4,0
NWolfCreek(blue)_SHB_12.11.2025,SHB,5777,51492,51492,858.61,858.61,1,0.02,0.1557,0.1557,1784.4,0
NWolfCreek(blue)_SHB_12.11.2025,SHB,5800,53912,53912,898.96,898.96,1,0.02,0.1557,0.1557,1116.7,0
NWolfCreek(blue)_SHB_12.11.2025,SHB,5209,6944,6945,115.79,115.8,2,0.03,0.1553,0.1553,486.0,0
NWolfCreek(blue)_SHB_12.11.2025,SHB,5418,25893,25896,431.75,431.8,4,0.07,0.1553,0.1553,491.0,0
NWolfCreek(blue)_SHB_12.11.2025,SHB,5362,16647,16651,277.58,277.65,5,0.08,0.1549,0.1549,608.2,0
NWolfCreek(blue)_SHB_12.11.2025,SHB,5273,11186,11186,186.52,186.52,1,0.02,0.1548,0.1548,795.2,0
NWolfCreek(blue)_SHB_12.11.2025,SHB,5305,14382,14382,239.81,239.81,1,0.02,0.1547,0.1547,1080.7,0
NWolfCreek(blue)_SHB_12.11.2025,SHB,5717,46520,46520,775.7,775.7,1,0.02,0.1546,0.1546,619.6,0
NWolfCreek(blue)_SHB_12.11.2025,SHB,5604,40136,40160,669.25,669.65,2,0.42,0.1536,0.1536,245.3,0
NWolfCreek(blue)_SHB_12.11.2025,SHB,5503,32291,32307,538.44,538.7,4,0.28,0.1534,0.1534,612.9,0
NWolfCreek(blue)_SHB_12.11.2025,SHB,5319,15072,15072,251.32,251.32,1,0.02,0.1532,0.1532,1840.8,0
NWolfCreek(blue)_SHB_12.11.2025,SHB,5753,48471,48472,808.23,808.25,2,0.03,0.153,0.153,414.0,0
NWolfCreek(blue)_SHB_12.11.2025,SHB,5379,23647,23647,394.3,394.3,1,0.02,0.1529,0.1529,562.5,0
NWolfCreek(blue)_SHB_12.11.2025,SHB,5736,47723,47723,795.76,795.76,1,0.02,0.1527,0.1527,561.1,0
NWolfCreek(blue)_SHB_12.11.2025,SHB,5767,51016,51076,850.67,851.67,5,1.02,0.1527,0.1527,528.1,0
NWolfCreek(blue)_SHB_12.11.2025,SHB,5511,32567,32567,543.04,543.04,1,0.02,0.1526,0.1526,473.4,0
NWolfCreek(blue)_SHB_12.11.2025,SHB,5160,1066,1089,17.78,18.16,2,0.4,0.1519,0.1519,289.9,0
NWolfCreek(blue)_SHB_12.11.2025,SHB,5541,33224,33224,553.99,553.99,1,0.02,0.1519,0.1519,696.0,0
NWolfCreek(blue)_SHB_12.11.2025,SHB,5782,52130,52130,869.24,869.24,1,0.02,0.1519,0.1519,925.8,0
NWolfCreek(blue)_SHB_12.11.2025,SHB,5619,40472,40472,674.85,674.85,1,0.02,0.151,0.151,965.4,0
NWolfCreek(blue)_SHB_12.11.2025,SHB,5448,27178,27184,453.18,453.28,3,0.12,0.1505,0.1505,598.1,0
NWolfCreek(blue)_SHB_12.11.2025,SHB,5746,48235,48235,804.3,804.3,1,0.02,0.1503,0.1503,545.0,0
NWolfCreek(blue)_SHB_12.11.2025,SHB,5480,29570,29570,493.07,493.07,1,0.02,0.1502,0.1502,458.0,0
NWolfCreek(blue)_SHB_12.11.2025,SHB,5456,27403,27409,456.93,457.03,5,0.12,0.1501,0.1501,523.3,0
NWolfCreek(blue)_SHB_12.11.2025,SHB,5708,46200,46200,770.36,770.36,1,0.02,0.1501,0.1501,1156.6,0
NWolfCreek(blue)_SHB_12.11.2025,SHB,5827,55852,55852,931.31,931.31,1,0.02,0.15,0.15,447.0,0
NWolfCreek(blue)_SHB_12.11.2025,SHB,5402,25099,25106,418.51,418.63,3,0.13,0.1498,0.1498,606.2,0
NWolfCreek(blue)_SHB_12.11.2025,SHB,5176,4183,4197,69.75,69.98,2,0.25,0.1493,0.1493,783.7,0
NWolfCreek(blue)_SHB_12.11.2025,SHB,5328,15389,15410,256.6,256.95,3,0.37,0.1491,0.1491,2268.7,0
NWolfCreek(blue)_SHB_12.11.2025,SHB,5395,24867,24867,414.65,414.65,1,0.02,0.149,0.149,752.7,0
NWolfCreek(blue)_SHB_12.11.2025,SHB,5293,12263,12264,204.48,204.5,2,0.03,0.1489,0.1489,406.0,0
NWolfCreek(blue)_SHB_12.11.2025,SHB,5573,36025,36082,600.7,601.65,27,0.97,0.1244,0.1489,382.0,0
NWolfCreek(blue)_SHB_12.11.2025,SHB,5382,23919,23919,398.84,398.84,1,0.02,0.1484,0.1484,964.7,0
NWolfCreek(blue)_SHB_12.11.2025,SHB,5342,16022,16022,267.16,267.16,1,0.02,0.1483,0.1483,582.0,0
NWolfCreek(blue)_SHB_12.11.2025,SHB,5580,37571,37674,626.48,628.2,30,1.73,0.1204,0.1483,646.2,0
NWolfCreek(blue)_SHB_12.11.2025,SHB,5738,47759,47759,796.36,796.36,1,0.02,0.1483,0.1483,410.1,0
NWolfCreek(blue)_SHB_12.11.2025,SHB,5233,9060,9072,151.07,151.27,5,0.22,0.1482,0.1482,501.5,0
NWolfCreek(blue)_SHB_12.11.2025,SHB,5879,67509,67509,1125.68,1125.68,1,0.02,0.1482,0.1482,1933.4,0
NWolfCreek(blue)_SHB_12.11.2025,SHB,5534,33146,33146,552.69,552.69,1,0.02,0.1481,0.1481,620.8,0
NWolfCreek(blue)_SHB_12.11.2025,SHB,5643,41042,41042,684.36,684.36,1,0.02,0.1471,0.1471,1666.5,0
NWolfCreek(blue)_SHB_12.11.2025,SHB,5872,66409,66413,1107.34,1107.41,4,0.08,0.147,0.147,370.5,0
NWolfCreek(blue)_SHB_12.11.2025,SHB,5243,9712,9712,161.94,161.94,1,0.02,0.1468,0.1468,692.8,0
NWolfCreek(blue)_SHB_12.11.2025,SHB,5491,30856,30856,514.51,514.51,1,0.02,0.1468,0.1468,453.5,0
NWolfCreek(blue)_SHB_12.11.2025,SHB,5646,41249,41249,687.81,687.81,1,0.02,0.1467,0.1467,2080.4,0
NWolfCreek(blue)_SHB_12.11.2025,SHB,5332,15733,15736,262.34,262.39,3,0.07,0.1466,0.1466,520.6,0
NWolfCreek(blue)_SHB_12.11.2025,SHB,5262,11016,11016,183.69,183.69,1,0.02,0.1462,0.1462,1526.8,0
NWolfCreek(blue)_SHB_12.11.2025,SHB,5596,40064,40065,668.05,668.07,2,0.03,0.1462,0.1462,249.0,0
NWolfCreek(blue)_SHB_12.11.2025,SHB,5221,7838,7838,130.7,130.7,1,0.02,0.1455,0.1455,353.3,0
NWolfCreek(blue)_SHB_12.11.2025,SHB,5469,27933,27933,465.77,465.77,1,0.02,0.1455,0.1455,722.3,0
NWolfCreek(blue)_SHB_12.11.2025,SHB,5789,52556,52557,876.35,876.36,2,0.03,0.1455,0.1455,787.8,0
NWolfCreek(blue)_SHB_12.11.2025,SHB,5556,34826,34826,580.71,580.71,1,0.02,0.1451,0.1451,2766.4,0
NWolfCreek(blue)_SHB_12.11.2025,SHB,5870,66275,66275,1105.11,1105.11,1,0.02,0.145,0.145,1442.3,0
NWolfCreek(blue)_SHB_12.11.2025,SHB,5168,2569,2569,42.84,42.84,1,0.02,0.1448,0.1448,789.3,0
NWolfCreek(blue)_SHB_12.11.2025,SHB,5563,35230,35260,587.44,587.94,8,0.52,0.1316,0.1444,367.1,0
NWolfCreek(blue)_SHB_12.11.2025,SHB,5251,9932,9932,165.61,165.61,1,0.02,0.1442,0.1442,709.4,0
NWolfCreek(blue)_SHB_12.11.2025,SHB,5627,40756,40760,679.59,679.65,3,0.08,0.1442,0.1442,1045.5,0
NWolfCreek(blue)_SHB_12.11.2025,SHB,5505,32334,32382,539.15,539.95,6,0.82,0.137,0.1439,891.9,0
NWolfCreek(blue)_SHB_12.11.2025,SHB,5151,726,727,12.11,12.12,2,0.03,0.1435,0.1435,1136.4,0
NWolfCreek(blue)_SHB_12.11.2025,SHB,5526,33001,33001,550.28,550.28,1,0.02,0.1435,0.1435,555.4,0
NWolfCreek(blue)_SHB_12.11.2025,SHB,5652,41769,41769,696.48,696.48,1,0.02,0.1433,0.1433,902.0,0
NWolfCreek(blue)_SHB_12.11.2025,SHB,5425,26216,26216,437.14,437.14,1,0.02,0.1432,0.1432,2870.8,0
NWolfCreek(blue)_SHB_12.11.2025,SHB,5543,33259,33259,554.58,554.58,1,0.02,0.143,0.143,509.6,0
NWolfCreek(blue)_SHB_12.11.2025,SHB,5839,56770,56773,946.61,946.66,2,0.07,0.1426,0.1426,702.0,0
NWolfCreek(blue)_SHB_12.11.2025,SHB,5338,15987,15987,266.58,266.58,1,0.02,0.1425,0.1425,692.8,0
NWolfCreek(blue)_SHB_12.11.2025,SHB,5234,9066,9066,151.17,151.17,1,0.02,0.1424,0.1424,2062.4,0
NWolfCreek(blue)_SHB_12.11.2025,SHB,5501,32253,32253,537.8,537.8,1,0.02,0.1424,0.1424,611.4,0
NWolfCreek(blue)_SHB_12.11.2025,SHB,5642,40983,40983,683.37,683.37,1,0.02,0.1422,0.1422,1671.3,0
NWolfCreek(blue)_SHB_12.11.2025,SHB,5507,32367,32367,539.7,539.7,1,0.02,0.1421,0.1421,688.3,0
NWolfCreek(blue)_SHB_12.11.2025,SHB,5880,67516,67516,1125.8,1125.8,1,0.02,0.1416,0.1416,369.8,0
NWolfCreek(blue)_SHB_12.11.2025,SHB,5680,44048,44053,734.48,734.56,6,0.1,0.1345,0.1413,306.0,0
NWolfCreek(blue)_SHB_12.11.2025,SHB,5846,57523,57523,959.17,959.17,1,0.02,0.1411,0.1411,488.3,0
NWolfCreek(blue)_SHB_12.11.2025,SHB,5834,56314,56314,939.01,939.01,1,0.02,0.1407,0.1407,1128.2,0
NWolfCreek(blue)_SHB_12.11.2025,SHB,5365,17444,17444,290.87,290.87,1,0.02,0.1406,0.1406,1817.8,0
NWolfCreek(blue)_SHB_12.11.2025,SHB,5460,27514,27514,458.78,458.78,1,0.02,0.1405,0.1405,1285.6,0
NWolfCreek(blue)_SHB_12.11.2025,SHB,5380,23803,23803,396.9,396.9,1,0.02,0.1404,0.1404,293.4,0
NWolfCreek(blue)_SHB_12.11.2025,SHB,5684,44139,44139,736.0,736.0,1,0.02,0.14,0.14,595.0,0
NWolfCreek(blue)_SHB_12.11.2025,SHB,5564,35517,35609,592.23,593.76,27,1.55,0.1173,0.1399,468.2,0
NWolfCreek(blue)_SHB_12.11.2025,SHB,5702,45672,45672,761.56,761.56,1,0.02,0.1398,0.1398,458.2,0
NWolfCreek(blue)_SHB_12.11.2025,SHB,5868,64708,64708,1078.98,1078.98,1,0.02,0.1398,0.1398,1823.8,0
NWolfCreek(blue)_SHB_12.11.2025,SHB,5444,27060,27066,451.21,451.31,6,0.12,0.1339,0.1395,991.3,0
NWolfCreek(blue)_SHB_12.11.2025,SHB,5458,27423,27438,457.27,457.52,2,0.27,0.1394,0.1394,449.6,0
NWolfCreek(blue)_SHB_12.11.2025,SHB,5481,29898,29898,498.54,498.54,1,0.02,0.1394,0.1394,474.9,0
NWolfCreek(blue)_SHB_12.11.2025,SHB,5475,28620,28620,477.23,477.23,1,0.02,0.139,0.139,737.9,0
NWolfCreek(blue)_SHB_12.11.2025,SHB,5865,64545,64549,1076.26,1076.32,5,0.08,0.139,0.139,1439.3,0
NWolfCreek(blue)_SHB_12.11.2025,SHB,5494,31742,31745,529.28,529.33,3,0.07,0.1386,0.1386,481.2,0
NWolfCreek(blue)_SHB_12.11.2025,SHB,5859,63565,63565,1059.92,1059.92,1,0.02,0.1383,0.1383,720.0,0
NWolfCreek(blue)_SHB_12.11.2025,SHB,5567,35617,35619,593.9,593.93,3,0.05,0.1382,0.1382,378.2,0
NWolfCreek(blue)_SHB_12.11.2025,SHB,5498,32201,32201,536.94,536.94,1,0.02,0.1379,0.1379,482.5,0
NWolfCreek(blue)_SHB_12.11.2025,SHB,5214,7205,7205,120.14,120.14,1,0.02,0.1376,0.1376,600.5,0
NWolfCreek(blue)_SHB_12.11.2025,SHB,5449,27225,27225,453.96,453.96,1,0.02,0.1376,0.1376,512.7,0
NWolfCreek(blue)_SHB_12.11.2025,SHB,5632,40824,40824,680.72,680.72,1,0.02,0.1373,0.1373,855.3,0
NWolfCreek(blue)_SHB_12.11.2025,SHB,5581,37732,37803,629.16,630.35,30,1.2,0.1172,0.1372,768.3,0
NWolfCreek(blue)_SHB_12.11.2025,SHB,5351,16335,16337,272.38,272.41,2,0.05,0.137,0.137,952.2,0
NWolfCreek(blue)_SHB_12.11.2025,SHB,5190,5163,5163,86.09,86.09,1,0.02,0.1363,0.1363,1558.2,0
NWolfCreek(blue)_SHB_12.11.2025,SHB,5260,10949,10949,182.57,182.57,1,0.02,0.136,0.136,495.7,0
NWolfCreek(blue)_SHB_12.11.2025,SHB,5794,53091,53091,885.27,885.27,1,0.02,0.1356,0.1356,349.4,0
NWolfCreek(blue)_SHB_12.11.2025,SHB,5840,56795,56795,947.03,947.03,1,0.02,0.1354,0.1354,654.5,0
NWolfCreek(blue)_SHB_12.11.2025,SHB,5437,26915,26919,448.8,448.86,3,0.08,0.1352,0.1352,1090.5,0
NWolfCreek(blue)_SHB_12.11.2025,SHB,5844,56967,56967,949.9,949.9,1,0.02,0.1352,0.1352,694.5,0
NWolfCreek(blue)_SHB_12.11.2025,SHB,5695,45029,45049,750.84,751.17,2,0.35,0.1351,0.1351,711.8,0
NWolfCreek(blue)_SHB_12.11.2025,SHB,5715,46495,46497,775.28,775.32,3,0.05,0.1351,0.1351,694.1,0
NWolfCreek(blue)_SHB_12.11.2025,SHB,5318,15069,15071,251.27,251.3,2,0.05,0.1343,0.1343,1403.3,0
NWolfCreek(blue)_SHB_12.11.2025,SHB,5471,27997,27997,466.84,466.84,1,0.02,0.1343,0.1343,425.4,0
NWolfCreek(blue)_SHB_12.11.2025,SHB,5626,40746,40748,679.42,679.45,3,0.05,0.1343,0.1343,883.0,0
NWolfCreek(blue)_SHB_12.11.2025,SHB,5885,68046,68055,1134.64,1134.79,3,0.17,0.1343,0.1343,608.0,0
NWolfCreek(blue)_SHB_12.11.2025,SHB,5283,11714,11714,195.33,195.33,1,0.02,0.1342,0.1342,547.3,0
NWolfCreek(blue)_SHB_12.11.2025,SHB,5465,27708,27708,462.02,462.02,1,0.02,0.1339,0.1339,642.4,0
NWolfCreek(blue)_SHB_12.11.2025,SHB,5814,54853,54853,914.65,914.65,1,0.02,0.1338,0.1338,669.0,0
NWolfCreek(blue)_SHB_12.11.2025,SHB,5346,16119,16119,268.78,268.78,1,0.02,0.1337,0.1337,503.9,0
NWolfCreek(blue)_SHB_12.11.2025,SHB,5841,56804,56814,947.18,947.35,3,0.18,0.1337,0.1337,958.0,0
NWolfCreek(blue)_SHB_12.11.2025,SHB,5397,25014,25014,417.1,417.1,1,0.02,0.1336,0.1336,792.9,0
NWolfCreek(blue)_SHB_12.11.2025,SHB,5681,44049,44063,734.5,734.73,4,0.25,0.1335,0.1335,592.8,0
NWolfCreek(blue)_SHB_12.11.2025,SHB,5635,40862,40862,681.36,681.36,1,0.02,0.1333,0.1333,430.9,0
NWolfCreek(blue)_SHB_12.11.2025,SHB,5429,26647,26648,444.33,444.34,2,0.03,0.1332,0.1332,2439.8,0
NWolfCreek(blue)_SHB_12.11.2025,SHB,5496,31957,31957,532.87,532.87,1,0.02,0.1332,0.1332,675.1,0
NWolfCreek(blue)_SHB_12.11.2025,SHB,5560,34918,34949,582.24,582.76,7,0.53,0.1261,0.1332,382.4,0
NWolfCreek(blue)_SHB_12.11.2025,SHB,5271,11118,11118,185.39,185.39,1,0.02,0.1327,0.1327,586.9,0
NWolfCreek(blue)_SHB_12.11.2025,SHB,5392,24639,24639,410.84,410.84,1,0.02,0.1326,0.1326,491.7,0
NWolfCreek(blue)_SHB_12.11.2025,SHB,5854,62400,62404,1040.49,1040.56,3,0.08,0.1326,0.1326,1029.9,0
NWolfCreek(blue)_SHB_12.11.2025,SHB,5281,11710,11710,195.26,195.26,1,0.02,0.1325,0.1325,545.1,0
NWolfCreek(blue)_SHB_12.11.2025,SHB,5191,5175,5175,86.29,86.29,1,0.02,0.1321,0.1321,920.5,0
NWolfCreek(blue)_SHB_12.11.2025,SHB,5629,40797,40797,680.27,680.27,1,0.02,0.132,0.132,942.4,0
NWolfCreek(blue)_SHB_12.11.2025,SHB,5399,25066,25066,417.96,417.96,1,0.02,0.1319,0.1319,2111.0,0
NWolfCreek(blue)_SHB_12.11.2025,SHB,5637,40872,40872,681.52,681.52,1,0.02,0.1319,0.1319,675.6,0
NWolfCreek(blue)_SHB_12.11.2025,SHB,5339,15987,15987,266.58,266.58,1,0.02,0.1316,0.1316,811.2,0
NWolfCreek(blue)_SHB_12.11.2025,SHB,5299,14015,14016,233.69,233.71,2,0.03,0.1315,0.1315,316.9,0
NWolfCreek(blue)_SHB_12.11.2025,SHB,5422,26011,26015,433.72,433.79,2,0.08,0.1315,0.1315,1373.7,0
NWolfCreek(blue)_SHB_12.11.2025,SHB,5825,55307,55307,922.22,922.22,1,0.02,0.1315,0.1315,584.3,0
NWolfCreek(blue)_SHB_12.11.2025,SHB,5149,560,560,9.34,9.34,1,0.02,0.1313,0.1313,2689.6,0
NWolfCreek(blue)_SHB_12.11.2025,SHB,5739,47788,47789,796.84,796.86,2,0.03,0.1313,0.1313,409.3,0
NWolfCreek(blue)_SHB_12.11.2025,SHB,5453,27358,27358,456.18,456.18,1,0.02,0.1311,0.1311,475.2,0
NWolfCreek(blue)_SHB_12.11.2025,SHB,5259,10734,10734,178.98,178.98,1,0.02,0.131,0.131,968.2,0
NWolfCreek(blue)_SHB_12.11.2025,SHB,5747,48301,48301,805.4,805.4,1,0.02,0.131,0.131,470.9,0
NWolfCreek(blue)_SHB_12.11.2025,SHB,5336,15925,15925,265.54,265.54,1,0.02,0.1309,0.1309,756.5,0
NWolfCreek(blue)_SHB_12.11.2025,SHB,5163,1547,1547,25.8,25.8,1,0.02,0.1301,0.1301,524.2,0
NWolfCreek(blue)_SHB_12.11.2025,SHB,5300,14015,14015,233.69,233.69,1,0.02,0.1298,0.1298,393.1,0
NWolfCreek(blue)_SHB_12.11.2025,SHB,5244,9736,9736,162.34,162.34,1,0.02,0.1296,0.1296,1275.1,0
NWolfCreek(blue)_SHB_12.11.2025,SHB,5208,6736,6736,112.32,112.32,1,0.02,0.1295,0.1295,675.3,0
NWolfCreek(blue)_SHB_12.11.2025,SHB,5523,32967,32967,549.71,549.71,1,0.02,0.1295,0.1295,957.8,0
NWolfCreek(blue)_SHB_12.11.2025,SHB,5711,46360,46360,773.03,773.03,1,0.02,0.1291,0.1291,1077.7,0
NWolfCreek(blue)_SHB_12.11.2025,SHB,5376,23127,23147,385.63,385.97,2,0.35,0.1288,0.1288,473.2,0
NWolfCreek(blue)_SHB_12.11.2025,SHB,5241,9604,9604,160.14,160.14,1,0.02,0.1285,0.1285,2578.2,0
NWolfCreek(blue)_SHB_12.11.2025,SHB,5255,10139,10139,169.06,169.06,1,0.02,0.1282,0.1282,425.6,0
NWolfCreek(blue)_SHB_12.11.2025,SHB,5289,12131,12134,202.28,202.33,2,0.07,0.1282,0.1282,578.1,0
NWolfCreek(blue)_SHB_12.11.2025,SHB,5307,14425,14438,240.53,240.75,4,0.23,0.1282,0.1282,765.5,0
NWolfCreek(blue)_SHB_12.11.2025,SHB,5836,56404,56408,940.51,940.58,2,0.08,0.1278,0.1278,877.2,0
NWolfCreek(blue)_SHB_12.11.2025,SHB,5816,54910,54910,915.6,915.6,1,0.02,0.1274,0.1274,518.9,0
NWolfCreek(blue)_SHB_12.11.2025,SHB,5504,32302,32302,538.62,538.62,1,0.02,0.1273,0.1273,667.6,0
NWolfCreek(blue)_SHB_12.11.2025,SHB,5477,28858,28858,481.19,481.19,1,0.02,0.1269,0.1269,733.5,0
NWolfCreek(blue)_SHB_12.11.2025,SHB,5352,16336,16344,272.4,272.53,2,0.15,0.1268,0.1268,772.5,0
NWolfCreek(blue)_SHB_12.11.2025,SHB,5385,24206,24225,403.62,403.94,2,0.33,0.1267,0.1267,880.0,0
NWolfCreek(blue)_SHB_12.11.2025,SHB,5685,44176,44188,736.61,736.81,2,0.22,0.1264,0.1264,467.9,0
NWolfCreek(blue)_SHB_12.11.2025,SHB,5644,41152,41152,686.19,686.19,1,0.02,0.1262,0.1262,940.5,0
NWolfCreek(blue)_SHB_12.11.2025,SHB,5222,7842,7842,130.76,130.76,1,0.02,0.1261,0.1261,788.6,0
NWolfCreek(blue)_SHB_12.11.2025,SHB,5390,24328,24328,405.66,405.66,1,0.02,0.1258,0.1258,650.3,0
NWolfCreek(blue)_SHB_12.11.2025,SHB,5858,63208,63209,1053.96,1053.98,2,0.03,0.1258,0.1258,614.0,0
NWolfCreek(blue)_SHB_12.11.2025,SHB,5568,35708,35708,595.41,595.41,1,0.02,0.1257,0.1257,397.8,0
NWolfCreek(blue)_SHB_12.11.2025,SHB,5730,47497,47497,791.99,791.99,1,0.02,0.1256,0.1256,796.1,0
NWolfCreek(blue)_SHB_12.11.2025,SHB,5735,47652,47652,794.58,794.58,1,0.02,0.1254,0.1254,761.1,0
NWolfCreek(blue)_SHB_12.11.2025,SHB,5838,56560,56567,943.11,943.23,2,0.13,0.1254,0.1254,428.0,0
NWolfCreek(blue)_SHB_12.11.2025,SHB,5451,27278,27286,454.85,454.98,3,0.15,0.1253,0.1253,307.8,0
NWolfCreek(blue)_SHB_12.11.2025,SHB,5466,27730,27730,462.39,462.39,1,0.02,0.1252,0.1252,1097.0,0
NWolfCreek(blue)_SHB_12.11.2025,SHB,5482,29906,29906,498.67,498.67,1,0.02,0.1252,0.1252,446.1,0
NWolfCreek(blue)_SHB_12.11.2025,SHB,5676,43678,43678,728.31,728.31,1,0.02,0.1252,0.1252,1073.8,0
NWolfCreek(blue)_SHB_12.11.2025,SHB,5818,55063,55063,918.15,918.15,1,0.02,0.1251,0.1251,515.4,0
NWolfCreek(blue)_SHB_12.11.2025,SHB,5258,10613,10613,176.97,176.97,1,0.02,0.125,0.125,1350.1,0
NWolfCreek(blue)_SHB_12.11.2025,SHB,5304,14373,14373,239.66,239.66,1,0.02,0.125,0.125,634.3,0
NWolfCreek(blue)_SHB_12.11.2025,SHB,5201,6115,6115,101.96,101.96,1,0.02,0.1249,0.1249,494.4,0
NWolfCreek(blue)_SHB_12.11.2025,SHB,5751,48387,48387,806.83,806.83,1,0.02,0.1248,0.1248,490.3,0
NWolfCreek(blue)_SHB_12.11.2025,SHB,5847,57538,57538,959.42,959.42,1,0.02,0.1247,0.1247,1870.4,0
NWolfCreek(blue)_SHB_12.11.2025,SHB,5506,32340,32340,539.25,539.25,1,0.02,0.1246,0.1246,528.4,0
NWolfCreek(blue)_SHB_12.11.2025,SHB,5282,11711,11711,195.28,195.28,1,0.02,0.1239,0.1239,443.4,0
NWolfCreek(blue)_SHB_12.11.2025,SHB,5665,42926,42926,715.77,715.77,1,0.02,0.1239,0.1239,568.1,0
NWolfCreek(blue)_SHB_12.11.2025,SHB,5617,40446,40450,674.42,674.49,2,0.08,0.1234,0.1234,480.2,0
NWolfCreek(blue)_SHB_12.11.2025,SHB,5415,25805,25805,430.29,430.29,1,0.02,0.1231,0.1231,585.3,0
NWolfCreek(blue)_SHB_12.11.2025,SHB,5749,48379,48388,806.7,806.85,4,0.17,0.1231,0.1231,488.5,0
NWolfCreek(blue)_SHB_12.11.2025,SHB,5478,29024,29025,483.96,483.98,2,0.03,0.123,0.123,692.9,0
NWolfCreek(blue)_SHB_12.11.2025,SHB,5306,14393,14393,240.0,240.0,1,0.02,0.1225,0.1225,595.5,0
NWolfCreek(blue)_SHB_12.11.2025,SHB,5383,23927,23927,398.97,398.97,1,0.02,0.1225,0.1225,867.5,0
NWolfCreek(blue)_SHB_12.11.2025,SHB,5608,40196,40196,670.25,670.25,1,0.02,0.1225,0.1225,1017.9,0
NWolfCreek(blue)_SHB_12.11.2025,SHB,5409,25239,25239,420.85,420.85,1,0.02,0.1223,0.1223,417.5,0
NWolfCreek(blue)_SHB_12.11.2025,SHB,5246,9788,9788,163.21,163.21,1,0.02,0.1222,0.1222,772.1,0
NWolfCreek(blue)_SHB_12.11.2025,SHB,5886,68056,68058,1134.8,1134.84,3,0.05,0.1218,0.1218,557.8,0
NWolfCreek(blue)_SHB_12.11.2025,SHB,5686,44340,44348,739.35,739.48,2,0.15,0.1215,0.1215,946.0,0
NWolfCreek(blue)_SHB_12.11.2025,SHB,5733,47618,47618,794.01,794.01,1,0.02,0.1213,0.1213,953.8,0
NWolfCreek(blue)_SHB_12.11.2025,SHB,5384,24158,24175,402.82,403.11,2,0.3,0.121,0.121,409.1,0
NWolfCreek(blue)_SHB_12.11.2025,SHB,5499,32220,32220,537.25,537.25,1,0.02,0.1208,0.1208,1167.8,0
NWolfCreek(blue)_SHB_12.11.2025,SHB,5672,43229,43229,720.82,720.82,1,0.02,0.1206,0.1206,443.3,0
NWolfCreek(blue)_SHB_12.11.2025,SHB,5370,21860,21860,364.51,364.51,1,0.02,0.1203,0.1203,861.3,0
NWolfCreek(blue)_SHB_12.11.2025,SHB,5801,53920,53920,899.09,899.09,1,0.02,0.1202,0.1202,2439.5,0
NWolfCreek(blue)_SHB_12.11.2025,SHB,5631,40808,40809,680.45,680.47,2,0.03,0.1201,0.1201,561.3,0
NWolfCreek(blue)_SHB_12.11.2025,SHB,5861,64265,64266,1071.59,1071.61,2,0.03,0.1191,0.1191,541.9,0
NWolfCreek(blue)_SHB_12.11.2025,SHB,5148,429,431,7.15,7.19,3,0.05,0.1189,0.1189,1431.1,0
NWolfCreek(blue)_SHB_12.11.2025,SHB,5347,16119,16119,268.78,268.78,1,0.02,0.1189,0.1189,609.0,0
NWolfCreek(blue)_SHB_12.11.2025,SHB,5866,64601,64601,1077.19,1077.19,1,0.02,0.1188,0.1188,1440.4,0
NWolfCreek(blue)_SHB_12.11.2025,SHB,5600,40093,40130,668.53,669.15,4,0.63,0.1186,0.1186,299.6,0
NWolfCreek(blue)_SHB_12.11.2025,SHB,5441,26936,26939,449.15,449.2,2,0.07,0.1185,0.1185,549.5,0
NWolfCreek(blue)_SHB_12.11.2025,SHB,5590,39600,39600,660.31,660.31,1,0.02,0.1185,0.1185,491.6,0
NWolfCreek(blue)_SHB_12.11.2025,SHB,5876,67237,67237,1121.15,1121.15,1,0.02,0.1185,0.1185,396.5,0
NWolfCreek(blue)_SHB_12.11.2025,SHB,5374,22983,22983,383.23,383.23,1,0.02,0.1184,0.1184,2715.4,0
NWolfCreek(blue)_SHB_12.11.2025,SHB,5578,37285,37286,621.71,621.73,2,0.03,0.1184,0.1184,774.3,0
NWolfCreek(blue)_SHB_12.11.2025,SHB,5357,16467,16478,274.58,274.76,2,0.2,0.1183,0.1183,960.5,0
NWolfCreek(blue)_SHB_12.11.2025,SHB,5649,41565,41565,693.08,693.08,1,0.02,0.1183,0.1183,980.4,0
NWolfCreek(blue)_SHB_12.11.2025,SHB,5173,3641,3642,60.71,60.73,2,0.03,0.1177,0.1177,762.5,0
NWolfCreek(blue)_SHB_12.11.2025,SHB,5442,27014,27023,450.45,450.6,2,0.17,0.1174,0.1174,654.0,0
NWolfCreek(blue)_SHB_12.11.2025,SHB,5654,41980,41980,700.0,700.0,1,0.02,0.1174,0.1174,1127.4,0
NWolfCreek(blue)_SHB_12.11.2025,SHB,5704,45749,45749,762.84,762.84,1,0.02,0.1173,0.1173,1082.9,0
NWolfCreek(blue)_SHB_12.11.2025,SHB,5727,47278,47278,788.34,788.34,1,0.02,0.1173,0.1173,476.2,0
NWolfCreek(blue)_SHB_12.11.2025,SHB,5569,35729,35753,595.76,596.16,3,0.42,0.1169,0.1169,428.4,0
NWolfCreek(blue)_SHB_12.11.2025,SHB,5265,11080,11088,184.75,184.89,3,0.15,0.1168,0.1168,437.2,0
NWolfCreek(blue)_SHB_12.11.2025,SHB,5673,43269,43269,721.49,721.49,1,0.02,0.1168,0.1168,1023.5,0
NWolfCreek(blue)_SHB_12.11.2025,SHB,5728,47318,47318,789.01,789.01,1,0.02,0.1166,0.1166,651.9,0
NWolfCreek(blue)_SHB_12.11.2025,SHB,5869,65661,65661,1094.87,1094.87,1,0.02,0.1166,0.1166,2456.8,0
NWolfCreek(blue)_SHB_12.11.2025,SHB,5204,6452,6452,107.58,107.58,1,0.02,0.1165,0.1165,521.7,0
NWolfCreek(blue)_SHB_12.11.2025,SHB,5558,34833,34834,580.82,580.84,2,0.03,0.1165,0.1165,401.5,0
NWolfCreek(blue)_SHB_12.11.2025,SHB,5403,25102,25102,418.56,418.56,1,0.02,0.1163,0.1163,634.3,0
NWolfCreek(blue)_SHB_12.11.2025,SHB,5421,25995,25995,433.45,433.45,1,0.02,0.1162,0.1162,411.1,0
NWolfCreek(blue)_SHB_12.11.2025,SHB,5540,33182,33182,553.29,553.29,1,0.02,0.1162,0.1162,470.2,0
NWolfCreek(blue)_SHB_12.11.2025,SHB,5393,24845,24845,414.28,414.28,1,0.02,0.1161,0.1161,961.0,0
NWolfCreek(blue)_SHB_12.11.2025,SHB,5697,45112,45112,752.22,752.22,1,0.02,0.1159,0.1159,1369.7,0
NWolfCreek(blue)_SHB_12.11.2025,SHB,5240,9550,9550,159.24,159.24,1,0.02,0.1158,0.1158,988.7,0
NWolfCreek(blue)_SHB_12.11.2025,SHB,5353,16341,16342,272.48,272.5,2,0.03,0.1154,0.1154,599.5,0
NWolfCreek(blue)_SHB_12.11.2025,SHB,5553,34818,34818,580.57,580.57,1,0.02,0.1154,0.1154,974.7,0
NWolfCreek(blue)_SHB_12.11.2025,SHB,5274,11192,11192,186.62,186.62,1,0.02,0.1153,0.1153,602.9,0
NWolfCreek(blue)_SHB_12.11.2025,SHB,5205,6538,6539,109.02,109.03,2,0.03,0.115,0.115,404.4,0
NWolfCreek(blue)_SHB_12.11.2025,SHB,5474,28320,28320,472.22,472.22,1,0.02,0.115,0.115,891.9,0
NWolfCreek(blue)_SHB_12.11.2025,SHB,5175,3853,3853,64.25,64.25,1,0.02,0.1149,0.1149,698.6,0
NWolfCreek(blue)_SHB_12.11.2025,SHB,5424,26071,26071,434.72,434.72,1,0.02,0.1149,0.1149,329.3,0
NWolfCreek(blue)_SHB_12.11.2025,SHB,5651,41650,41650,694.49,694.49,1,0.02,0.1149,0.1149,1202.7,0
NWolfCreek(blue)_SHB_12.11.2025,SHB,5416,25836,25836,430.8,430.8,1,0.02,0.1147,0.1147,628.2,0
NWolfCreek(blue)_SHB_12.11.2025,SHB,5301,14015,14016,233.69,233.71,2,0.03,0.1142,0.1142,272.9,0
NWolfCreek(blue)_SHB_12.11.2025,SHB,5584,38366,38368,639.74,639.77,2,0.05,0.114,0.114,668.9,0
NWolfCreek(blue)_SHB_12.11.2025,SHB,5198,5601,5601,93.39,93.39,1,0.02,0.1139,0.1139,918.5,0
NWolfCreek(blue)_SHB_12.11.2025,SHB,5667,42999,42999,716.99,716.99,1,0.02,0.1139,0.1139,653.3,0
NWolfCreek(blue)_SHB_12.11.2025,SHB,5524,32967,32967,549.71,549.71,1,0.02,0.1138,0.1138,563.9,0
NWolfCreek(blue)_SHB_12.11.2025,SHB,5345,16073,16073,268.01,268.01,1,0.02,0.1137,0.1137,464.6,0
NWolfCreek(blue)_SHB_12.11.2025,SHB,5423,26049,26049,434.36,434.36,1,0.02,0.1136,0.1136,546.0,0
NWolfCreek(blue)_SHB_12.11.2025,SHB,5329,15544,15544,259.19,259.19,1,0.02,0.1134,0.1134,554.9,0
NWolfCreek(blue)_SHB_12.11.2025,SHB,5337,15929,15929,265.61,265.61,1,0.02,0.1134,0.1134,544.7,0
NWolfCreek(blue)_SHB_12.11.2025,SHB,5607,40195,40228,670.23,670.78,3,0.57,0.1133,0.1133,574.2,0
NWolfCreek(blue)_SHB_12.11.2025,SHB,5366,17505,17505,291.89,291.89,1,0.02,0.1131,0.1131,440.3,0
NWolfCreek(blue)_SHB_12.11.2025,SHB,5213,7134,7135,118.96,118.97,2,0.03,0.113,0.113,551.3,0
NWolfCreek(blue)_SHB_12.11.2025,SHB,5845,57211,57211,953.97,953.97,1,0.02,0.1128,0.1128,943.0,0
NWolfCreek(blue)_SHB_12.11.2025,SHB,5434,26811,26811,447.06,447.06,1,0.02,0.1126,0.1126,592.1,0
NWolfCreek(blue)_SHB_12.11.2025,SHB,5272,11127,11133,185.54,185.64,2,0.12,0.1124,0.1124,498.1,0
NWolfCreek(blue)_SHB_12.11.2025,SHB,5670,43146,43175,719.44,719.92,2,0.5,0.1124,0.1124,795.6,0
NWolfCreek(blue)_SHB_12.11.2025,SHB,5566,35583,35609,593.33,593.76,3,0.45,0.1122,0.1122,403.0,0
NWolfCreek(blue)_SHB_12.11.2025,SHB,5256,10334,10334,172.31,172.31,1,0.02,0.1121,0.1121,616.5,0
NWolfCreek(blue)_SHB_12.11.2025,SHB,5368,20756,20759,346.1,346.15,3,0.07,0.1121,0.1121,424.4,0
NWolfCreek(blue)_SHB_12.11.2025,SHB,5485,30535,30535,509.16,509.16,1,0.02,0.1121,0.1121,1453.3,0
NWolfCreek(blue)_SHB_12.11.2025,SHB,5726,47254,47254,787.94,787.94,1,0.02,0.112,0.112,766.8,0
NWolfCreek(blue)_SHB_12.11.2025,SHB,5570,35750,35751,596.11,596.13,2,0.03,0.1119,0.1119,382.4,0
NWolfCreek(blue)_SHB_12.11.2025,SHB,5354,16345,16345,272.55,272.55,1,0.02,0.1118,0.1118,570.8,0
NWolfCreek(blue)_SHB_12.11.2025,SHB,5261,11006,11006,183.52,183.52,1,0.02,0.1116,0.1116,761.7,0
NWolfCreek(blue)_SHB_12.11.2025,SHB,5586,38458,38459,641.27,641.29,2,0.03,0.1115,0.1115,510.4,0
NWolfCreek(blue)_SHB_12.11.2025,SHB,5440,26934,26934,449.11,449.11,1,0.02,0.1114,0.1114,706.7,0
NWolfCreek(blue)_SHB_12.11.2025,SHB,5857,63148,63148,1052.96,1052.96,1,0.02,0.1108,0.1108,695.0,0
NWolfCreek(blue)_SHB_12.11.2025,SHB,5750,48384,48384,806.78,806.78,1,0.02,0.1106,0.1106,382.9,0
NWolfCreek(blue)_SHB_12.11.2025,SHB,5180,4453,4453,74.25,74.25,1,0.02,0.1104,0.1104,921.4,0
NWolfCreek(blue)_SHB_12.11.2025,SHB,5476,28687,28687,478.34,478.34,1,0.02,0.1101,0.1101,357.2,0
NWolfCreek(blue)_SHB_12.11.2025,SHB,5389,24327,24327,405.64,405.64,1,0.02,0.1096,0.1096,858.8,0
NWolfCreek(blue)_SHB_12.11.2025,SHB,5571,35832,35837,597.48,597.57,4,0.1,0.1096,0.1096,386.2,0
NWolfCreek(blue)_SHB_12.11.2025,SHB,5349,16212,16212,270.33,270.33,1,0.02,0.1095,0.1095,430.6,0
NWolfCreek(blue)_SHB_12.11.2025,SHB,5555,34821,34821,580.62,580.62,1,0.02,0.1095,0.1095,2426.0,0
NWolfCreek(blue)_SHB_12.11.2025,SHB,5656,42169,42169,703.15,703.15,1,0.02,0.1092,0.1092,1448.0,0
NWolfCreek(blue)_SHB_12.11.2025,SHB,5752,48469,48471,808.2,808.23,3,0.05,0.1091,0.1091,522.5,0
NWolfCreek(blue)_SHB_12.11.2025,SHB,5178,4306,4306,71.8,71.8,1,0.02,0.1088,0.1088,1434.8,0
NWolfCreek(blue)_SHB_12.11.2025,SHB,5387,24278,24278,404.82,404.82,1,0.02,0.1088,0.1088,742.4,0
NWolfCreek(blue)_SHB_12.11.2025,SHB,5155,828,829,13.81,13.82,2,0.03,0.1087,0.1087,997.6,0
NWolfCreek(blue)_SHB_12.11.2025,SHB,5361,16575,16575,276.38,276.38,1,0.02,0.1086,0.1086,376.7,0
NWolfCreek(blue)_SHB_12.11.2025,SHB,5860,64019,64019,1067.49,1067.49,1,0.02,0.1085,0.1085,398.3,0
NWolfCreek(blue)_SHB_12.11.2025,SHB,5193,5225,5225,87.12,87.12,1,0.02,0.1083,0.1083,331.2,0
NWolfCreek(blue)_SHB_12.11.2025,SHB,5587,38556,38563,642.9,643.02,3,0.13,0.1078,0.1078,529.0,0
NWolfCreek(blue)_SHB_12.11.2025,SHB,5620,40513,40513,675.54,675.54,1,0.02,0.1078,0.1078,382.0,0
NWolfCreek(blue)_SHB_12.11.2025,SHB,5812,54737,54737,912.71,912.71,1,0.02,0.1076,0.1076,850.5,0
NWolfCreek(blue)_SHB_12.11.2025,SHB,5450,27231,27234,454.06,454.11,2,0.07,0.1075,0.1075,524.5,0
NWolfCreek(blue)_SHB_12.11.2025,SHB,5772,51173,51173,853.29,853.29,1,0.02,0.1073,0.1073,464.8,0
NWolfCreek(blue)_SHB_12.11.2025,SHB,5842,56804,56804,947.18,947.18,1,0.02,0.1073,0.1073,691.4,0
NWolfCreek(blue)_SHB_12.11.2025,SHB,5388,24325,24325,405.61,405.61,1,0.02,0.1071,0.1071,452.3,0
NWolfCreek(blue)_SHB_12.11.2025,SHB,5579,37525,37536,625.71,625.9,3,0.2,0.1071,0.1071,537.1,0
NWolfCreek(blue)_SHB_12.11.2025,SHB,5340,15987,15987,266.58,266.58,1,0.02,0.107,0.107,659.7,0
NWolfCreek(blue)_SHB_12.11.2025,SHB,5710,46350,46350,772.86,772.86,1,0.02,0.107,0.107,1141.2,0
NWolfCreek(blue)_SHB_12.11.2025,SHB,5428,26617,26617,443.83,443.83,1,0.02,0.1067,0.1067,975.9,0
NWolfCreek(blue)_SHB_12.11.2025,SHB,5572,35924,35924,599.02,599.02,1,0.02,0.1062,0.1062,396.3,0
NWolfCreek(blue)_SHB_12.11.2025,SHB,5721,46821,46821,780.72,780.72,1,0.02,0.1062,0.1062,2010.9,0
NWolfCreek(blue)_SHB_12.11.2025,SHB,5576,36833,36833,614.17,614.17,1,0.02,0.1061,0.1061,595.8,0
NWolfCreek(blue)_SHB_12.11.2025,SHB,5252,10076,10076,168.01,168.01,1,0.02,0.106,0.106,476.6,0
NWolfCreek(blue)_SHB_12.11.2025,SHB,5194,5337,5337,88.99,88.99,1,0.02,0.1059,0.1059,585.9,0
NWolfCreek(blue)_SHB_12.11.2025,SHB,5215,7205,7205,120.14,120.14,1,0.02,0.1058,0.1058,582.1,0
NWolfCreek(blue)_SHB_12.11.2025,SHB,5828,55865,55865,931.52,931.52,1,0.02,0.1046,0.1046,445.0,0
NWolfCreek(blue)_SHB_12.11.2025,SHB,5671,43171,43171,719.86,719.86,1,0.02,0.1045,0.1045,1012.5,0
NWolfCreek(blue)_SHB_12.11.2025,SHB,5707,46162,46162,769.73,769.73,1,0.02,0.1044,0.1044,237.7,0
NWolfCreek(blue)_SHB_12.11.2025,SHB,5181,4510,4514,75.2,75.27,2,0.08,0.1042,0.1042,772.9,0
NWolfCreek(blue)_SHB_12.11.2025,SHB,5267,11090,11090,184.92,184.92,1,0.02,0.1042,0.1042,627.2,0
NWolfCreek(blue)_SHB_12.11.2025,SHB,5881,67546,67546,1126.3,1126.3,1,0.02,0.1042,0.1042,336.4,0
NWolfCreek(blue)_SHB_12.11.2025,SHB,5690,44611,44611,743.87,743.87,1,0.02,0.1038,0.1038,2018.3,0
NWolfCreek(blue)_SHB_12.11.2025,SHB,5811,54514,54514,909.0,909.0,1,0.02,0.1038,0.1038,563.3,0
NWolfCreek(blue)_SHB_12.11.2025,SHB,5853,62374,62374,1040.06,1040.06,1,0.02,0.1031,0.1031,754.1,0
NWolfCreek(blue)_SHB_12.11.2025,SHB,5235,9147,9147,152.52,152.52,1,0.02,0.103,0.103,2971.7,0
NWolfCreek(blue)_SHB_12.11.2025,SHB,5406,25148,25148,419.33,419.33,1,0.02,0.1029,0.1029,708.7,0
NWolfCreek(blue)_SHB_12.11.2025,SHB,5575,36388,36388,606.75,606.75,1,0.02,0.1027,0.1027,420.1,0
NWolfCreek(blue)_SHB_12.11.2025,SHB,5179,4361,4361,72.72,72.72,1,0.02,0.1025,0.1025,894.4,0
NWolfCreek(blue)_SHB_12.11.2025,SHB,5583,38031,38032,634.15,634.17,2,0.03,0.1025,0.1025,397.6,0
NWolfCreek(blue)_SHB_12.11.2025,SHB,5489,30672,30672,511.44,511.44,1,0.02,0.1024,0.1024,1086.1,0
NWolfCreek(blue)_SHB_12.11.2025,SHB,5550,34636,34636,577.54,577.54,1,0.02,0.1024,0.1024,334.1,0
NWolfCreek(blue)_SHB_12.11.2025,SHB,5202,6359,6359,106.03,106.03,1,0.02,0.1023,0.1023,1573.9,0
NWolfCreek(blue)_SHB_12.11.2025,SHB,5302,14015,14016,233.69,233.71,2,0.03,0.1021,0.1021,341.2,0
NWolfCreek(blue)_SHB_12.11.2025,SHB,5303,14364,14364,239.51,239.51,1,0.02,0.1021,0.1021,618.0,0
NWolfCreek(blue)_SHB_12.11.2025,SHB,5545,33451,33451,557.78,557.78,1,0.02,0.102,0.102,559.2,0
NWolfCreek(blue)_SHB_12.11.2025,SHB,5245,9742,9742,162.44,162.44,1,0.02,0.1015,0.1015,1840.6,0
NWolfCreek(blue)_SHB_12.11.2025,SHB,5266,11086,11086,184.85,184.85,1,0.02,0.1014,0.1014,528.8,0
NWolfCreek(blue)_SHB_12.11.2025,SHB,5470,27940,27940,465.89,465.89,1,0.02,0.1012,0.1012,1129.5,0
NWolfCreek(blue)_SHB_12.11.2025,SHB,5714,46486,46486,775.13,775.13,1,0.02,0.1012,0.1012,643.7,0
NWolfCreek(blue)_SHB_12.11.2025,SHB,5565,35542,35542,592.65,592.65,1,0.02,0.101,0.101,384.2,0
NWolfCreek(blue)_SHB_12.11.2025,SHB,5468,27868,27868,464.69,464.69,1,0.02,0.1009,0.1009,718.6,0
NWolfCreek(blue)_SHB_12.11.2025,SHB,5358,16467,16467,274.58,274.58,1,0.02,0.1006,0.1006,1034.3,0
NWolfCreek(blue)_SHB_12.11.2025,SHB,5438,26916,26916,448.81,448.81,1,0.02,0.1006,0.1006,997.9,0
NWolfCreek(blue)_SHB_12.11.2025,SHB,5513,32608,32608,543.72,543.72,1,0.02,0.1005,0.1005,414.1,0
NWolfCreek(blue)_SHB_12.11.2025,SHB,5820,55110,55110,918.93,918.93,1,0.02,0.1005,0.1005,2164.1,0
NWolfCreek(blue)_SHB_12.11.2025,SHB,5832,56288,56288,938.58,938.58,1,0.02,0.1002,0.1002,640.1,0
NWolfCreek(blue)_SHB_12.11.2025,SHB,5322,15202,15202,253.49,253.49,1,0.02,0.1001,0.1001,855.9,0
Robinson_SHW_01.18.2026_LS,SHW,4411,14706,14769,245.23,246.28,64,1.07,0.6901,0.7997,9219.9,1
Robinson_SHW_01.18.2026_LS,SHW,4450,14846,14915,247.57,248.72,65,1.17,0.6777,0.7797,7166.9,1
Robinson_SHW_01.18.2026_LS,SHW,4414,14719,14904,245.45,248.53,186,3.1,0.6611,0.7445,2027.5,1
Robinson_SHW_01.18.2026_LS,SHW,4430,14804,14821,246.87,247.15,15,0.3,0.6438,0.7259,9719.2,1
Robinson_SHW_01.18.2026_LS,SHW,4441,14832,14872,247.33,248.0,39,0.68,0.6005,0.7211,10105.8,1
Robinson_SHW_01.18.2026_LS,SHW,4216,2339,2388,39.0,39.82,20,0.83,0.5126,0.7069,2224.5,1
Robinson_SHW_01.18.2026_LS,SHW,4458,14865,14927,247.88,248.92,37,1.05,0.4774,0.6745,428.2,1
Robinson_SHW_01.18.2026_LS,SHW,5756,6844,6885,114.13,114.81,11,0.7,0.4479,0.6128,1621.0,1
Robinson_SHW_01.18.2026_LS,SHW,4210,2283,2302,38.07,38.39,18,0.33,0.4978,0.6047,1974.0,1
Robinson_SHW_01.18.2026_LS,SHW,4517,15007,15048,250.25,250.94,17,0.7,0.4492,0.56,559.6,1
Robinson_SHW_01.18.2026_LS,SHW,5861,15793,15822,263.36,263.84,14,0.5,0.3845,0.5315,2044.8,1
Robinson_SHW_01.18.2026_LS,SHW,4498,14944,14967,249.2,249.59,24,0.4,0.4486,0.5145,534.3,1
Robinson_SHW_01.18.2026_LS,SHW,5894,17514,17586,292.06,293.26,12,1.22,0.2861,0.4471,1900.5,1
Robinson_SHW_01.18.2026_LS,SHW,5845,15431,15467,257.32,257.92,13,0.62,0.2827,0.4234,746.0,1
Robinson_SHW_01.18.2026_LS,SHW,5843,15369,15393,256.29,256.69,9,0.42,0.2844,0.4091,1071.8,1
Robinson_SHW_01.18.2026_LS,SHW,5855,15566,15627,259.57,260.59,23,1.03,0.2479,0.4021,1128.1,1
Robinson_SHW_01.18.2026_LS,SHW,5710,2255,2399,37.6,40.01,28,2.42,0.2051,0.3343,1561.5,1
Robinson_SHW_01.18.2026_LS,SHW,5831,14928,15006,248.94,250.24,14,1.32,0.236,0.3301,615.0,1
Robinson_SHW_01.18.2026_LS,SHW,5820,14211,14246,236.98,237.56,14,0.6,0.213,0.3244,1256.7,1
Robinson_SHW_01.18.2026_LS,SHW,5815,13643,13661,227.51,227.81,14,0.32,0.2538,0.3194,811.1,1
Robinson_SHW_01.18.2026_LS,SHW,5893,17493,17493,291.71,291.71,1,0.02,0.6737,0.6737,1321.4,0
Robinson_SHW_01.18.2026_LS,SHW,4551,15445,15445,257.56,257.56,1,0.02,0.6286,0.6286,918.5,0
Robinson_SHW_01.18.2026_LS,SHW,4627,15807,15810,263.59,263.64,3,0.07,0.6155,0.6155,2505.4,0
Robinson_SHW_01.18.2026_LS,SHW,4594,15608,15608,260.27,260.27,1,0.02,0.5873,0.5873,823.8,0
Robinson_SHW_01.18.2026_LS,SHW,4576,15539,15542,259.12,259.17,4,0.07,0.5509,0.5509,1710.0,0
Robinson_SHW_01.18.2026_LS,SHW,4365,12435,12436,207.36,207.38,2,0.03,0.5425,0.5425,685.4,0
Robinson_SHW_01.18.2026_LS,SHW,5728,3557,3557,59.32,59.32,1,0.02,0.5418,0.5418,1852.9,0
Robinson_SHW_01.18.2026_LS,SHW,4444,14837,14837,247.42,247.42,1,0.02,0.5357,0.5357,3144.3,0
Robinson_SHW_01.18.2026_LS,SHW,4557,15462,15462,257.84,257.84,1,0.02,0.503,0.503,732.5,0
Robinson_SHW_01.18.2026_LS,SHW,4360,11146,11150,185.87,185.93,5,0.08,0.4982,0.4982,1868.5,0
Robinson_SHW_01.18.2026_LS,SHW,4352,9610,9610,160.25,160.25,1,0.02,0.4885,0.4885,1243.4,0
Robinson_SHW_01.18.2026_LS,SHW,4536,15315,15315,255.39,255.39,1,0.02,0.4874,0.4874,875.2,0
Robinson_SHW_01.18.2026_LS,SHW,4665,17518,17518,292.13,292.13,1,0.02,0.4849,0.4849,1665.5,0
Robinson_SHW_01.18.2026_LS,SHW,5758,6855,6863,114.31,114.45,7,0.15,0.4029,0.4816,1522.0,0
Robinson_SHW_01.18.2026_LS,SHW,5829,14705,14705,245.22,245.22,1,0.02,0.4781,0.4781,988.5,0
Robinson_SHW_01.18.2026_LS,SHW,4236,2381,2381,39.7,39.7,1,0.02,0.4704,0.4704,1427.4,0
Robinson_SHW_01.18.2026_LS,SHW,5678,664,666,11.07,11.11,3,0.05,0.4639,0.4639,1416.8,0
Robinson_SHW_01.18.2026_LS,SHW,5693,1586,1589,26.45,26.5,3,0.07,0.4605,0.4605,947.8,0
Robinson_SHW_01.18.2026_LS,SHW,5873,16703,16703,278.53,278.53,1,0.02,0.4605,0.4605,1024.1,0
Robinson_SHW_01.18.2026_LS,SHW,4539,15373,15373,256.36,256.36,1,0.02,0.4548,0.4548,920.6,0
Robinson_SHW_01.18.2026_LS,SHW,4240,2391,2392,39.87,39.89,2,0.03,0.4524,0.4524,721.3,0
Robinson_SHW_01.18.2026_LS,SHW,4527,15083,15094,251.52,251.7,11,0.2,0.3661,0.448,1274.9,0
Robinson_SHW_01.18.2026_LS,SHW,5771,7500,7500,125.07,125.07,1,0.02,0.4471,0.4471,724.9,0
Robinson_SHW_01.18.2026_LS,SHW,5688,1344,1344,22.41,22.41,1,0.02,0.4464,0.4464,1436.4,0
Robinson_SHW_01.18.2026_LS,SHW,4225,2357,2357,39.3,39.3,1,0.02,0.4461,0.4461,501.5,0
Robinson_SHW_01.18.2026_LS,SHW,4588,15590,15594,259.97,260.04,5,0.08,0.442,0.442,839.6,0
Robinson_SHW_01.18.2026_LS,SHW,5704,2068,2068,34.49,34.49,1,0.02,0.442,0.442,1865.7,0
Robinson_SHW_01.18.2026_LS,SHW,4159,138,139,2.3,2.32,2,0.03,0.4344,0.4344,1267.6,0
Robinson_SHW_01.18.2026_LS,SHW,4415,14719,14719,245.45,245.45,1,0.02,0.4322,0.4322,1461.0,0
Robinson_SHW_01.18.2026_LS,SHW,5676,631,631,10.52,10.52,1,0.02,0.4294,0.4294,966.7,0
Robinson_SHW_01.18.2026_LS,SHW,4544,15384,15385,256.54,256.56,2,0.03,0.4249,0.4249,936.3,0
Robinson_SHW_01.18.2026_LS,SHW,4669,17558,17563,292.79,292.88,5,0.1,0.4114,0.4114,3299.7,0
Robinson_SHW_01.18.2026_LS,SHW,5901,18000,18000,300.16,300.16,1,0.02,0.4102,0.4102,680.9,0
Robinson_SHW_01.18.2026_LS,SHW,5770,7486,7488,124.83,124.87,3,0.05,0.4008,0.4008,992.3,0
Robinson_SHW_01.18.2026_LS,SHW,5716,2856,2857,47.63,47.64,2,0.03,0.3986,0.3986,665.9,0
Robinson_SHW_01.18.2026_LS,SHW,4379,13644,13647,227.52,227.57,4,0.07,0.3947,0.3947,748.5,0
Robinson_SHW_01.18.2026_LS,SHW,4606,15628,15628,260.61,260.61,1,0.02,0.3911,0.3911,2725.2,0
Robinson_SHW_01.18.2026_LS,SHW,4494,14941,14954,249.15,249.37,6,0.23,0.3715,0.3894,483.1,0
Robinson_SHW_01.18.2026_LS,SHW,4469,14922,14922,248.84,248.84,1,0.02,0.383,0.383,3134.3,0
Robinson_SHW_01.18.2026_LS,SHW,4157,128,128,2.13,2.13,1,0.02,0.3786,0.3786,1386.8,0
Robinson_SHW_01.18.2026_LS,SHW,5773,8050,8051,134.24,134.26,2,0.03,0.377,0.377,1941.0,0
Robinson_SHW_01.18.2026_LS,SHW,5782,8735,8735,145.66,145.66,1,0.02,0.3713,0.3713,1288.2,0
Robinson_SHW_01.18.2026_LS,SHW,5852,15500,15538,258.47,259.11,7,0.65,0.2962,0.3689,1542.9,0
Robinson_SHW_01.18.2026_LS,SHW,5862,15936,15936,265.74,265.74,1,0.02,0.3688,0.3688,1637.8,0
Robinson_SHW_01.18.2026_LS,SHW,5700,1726,1726,28.78,28.78,1,0.02,0.3664,0.3664,1354.0,0
Robinson_SHW_01.18.2026_LS,SHW,4509,14965,14969,249.55,249.62,4,0.08,0.3643,0.3643,503.9,0
Robinson_SHW_01.18.2026_LS,SHW,5810,12958,12959,216.08,216.1,2,0.03,0.362,0.362,1244.4,0
Robinson_SHW_01.18.2026_LS,SHW,5883,17270,17272,287.99,288.02,3,0.05,0.3567,0.3567,947.8,0
Robinson_SHW_01.18.2026_LS,SHW,5670,135,135,2.25,2.25,1,0.02,0.3478,0.3478,1077.0,0
Robinson_SHW_01.18.2026_LS,SHW,5885,17370,17370,289.66,289.66,1,0.02,0.3467,0.3467,2554.3,0
Robinson_SHW_01.18.2026_LS,SHW,4363,12171,12171,202.96,202.96,1,0.02,0.3465,0.3465,1919.1,0
Robinson_SHW_01.18.2026_LS,SHW,5755,6806,6809,113.49,113.54,4,0.07,0.3459,0.3459,1780.5,0
Robinson_SHW_01.18.2026_LS,SHW,4206,2265,2267,37.77,37.8,3,0.05,0.3402,0.3402,861.5,0
Robinson_SHW_01.18.2026_LS,SHW,4472,14926,14926,248.9,248.9,1,0.02,0.3401,0.3401,610.5,0
Robinson_SHW_01.18.2026_LS,SHW,4534,15222,15222,253.84,253.84,1,0.02,0.3357,0.3357,835.0,0
Robinson_SHW_01.18.2026_LS,SHW,5818,13930,13960,232.29,232.79,3,0.52,0.3346,0.3346,844.8,0
Robinson_SHW_01.18.2026_LS,SHW,5729,3662,3662,61.07,61.07,1,0.02,0.329,0.329,1073.9,0
Robinson_SHW_01.18.2026_LS,SHW,4503,14948,14959,249.27,249.45,4,0.2,0.3263,0.3263,577.2,0
Robinson_SHW_01.18.2026_LS,SHW,4506,14956,14956,249.4,249.4,1,0.02,0.3253,0.3253,453.9,0
Robinson_SHW_01.18.2026_LS,SHW,5804,12170,12170,202.94,202.94,1,0.02,0.3238,0.3238,1821.7,0
Robinson_SHW_01.18.2026_LS,SHW,5674,598,602,9.97,10.04,5,0.08,0.3216,0.3216,2237.9,0
Robinson_SHW_01.18.2026_LS,SHW,5875,16786,16786,279.92,279.92,1,0.02,0.3211,0.3211,846.1,0
Robinson_SHW_01.18.2026_LS,SHW,5828,14688,14698,244.93,245.1,2,0.18,0.3121,0.3121,593.8,0
Robinson_SHW_01.18.2026_LS,SHW,5844,15400,15401,256.81,256.82,2,0.03,0.3055,0.3055,681.1,0
Robinson_SHW_01.18.2026_LS,SHW,5847,15454,15467,257.71,257.92,5,0.23,0.3006,0.3006,1297.6,0
Robinson_SHW_01.18.2026_LS,SHW,5759,6868,6887,114.53,114.85,3,0.33,0.2986,0.2986,1604.1,0
Robinson_SHW_01.18.2026_LS,SHW,5711,2308,2394,38.49,39.92,13,1.45,0.1909,0.2978,894.5,0
Robinson_SHW_01.18.2026_LS,SHW,5743,5460,5460,91.05,91.05,1,0.02,0.2898,0.2898,1100.3,0
Robinson_SHW_01.18.2026_LS,SHW,5689,1347,1347,22.46,22.46,1,0.02,0.287,0.287,2180.0,0
Robinson_SHW_01.18.2026_LS,SHW,5807,12432,12444,207.31,207.51,7,0.22,0.2345,0.2869,660.3,0
Robinson_SHW_01.18.2026_LS,SHW,5677,641,641,10.69,10.69,1,0.02,0.2858,0.2858,684.5,0
Robinson_SHW_01.18.2026_LS,SHW,5814,13588,13605,226.59,226.87,4,0.3,0.2856,0.2856,1656.8,0
Robinson_SHW_01.18.2026_LS,SHW,5859,15667,15668,261.26,261.28,2,0.03,0.2844,0.2844,2380.6,0
Robinson_SHW_01.18.2026_LS,SHW,5683,956,956,15.94,15.94,1,0.02,0.2828,0.2828,1744.6,0
Robinson_SHW_01.18.2026_LS,SHW,5788,9486,9513,158.19,158.64,8,0.47,0.2265,0.2809,1572.1,0
Robinson_SHW_01.18.2026_LS,SHW,5874,16741,16741,279.17,279.17,1,0.02,0.2768,0.2768,1498.7,0
Robinson_SHW_01.18.2026_LS,SHW,5724,3469,3470,57.85,57.86,2,0.03,0.2767,0.2767,1505.7,0
Robinson_SHW_01.18.2026_LS,SHW,5687,1343,1343,22.4,22.4,1,0.02,0.2745,0.2745,961.8,0
Robinson_SHW_01.18.2026_LS,SHW,5832,14931,14940,248.99,249.14,8,0.17,0.2434,0.2738,496.9,0
Robinson_SHW_01.18.2026_LS,SHW,5720,3305,3305,55.11,55.11,1,0.02,0.273,0.273,538.7,0
Robinson_SHW_01.18.2026_LS,SHW,5780,8655,8655,144.33,144.33,1,0.02,0.2717,0.2717,685.0,0
Robinson_SHW_01.18.2026_LS,SHW,5878,16944,16944,282.55,282.55,1,0.02,0.2687,0.2687,995.4,0
Robinson_SHW_01.18.2026_LS,SHW,5727,3542,3542,59.07,59.07,1,0.02,0.2662,0.2662,1450.7,0
Robinson_SHW_01.18.2026_LS,SHW,5751,6505,6514,108.48,108.63,3,0.17,0.2638,0.2638,2191.6,0
Robinson_SHW_01.18.2026_LS,SHW,5835,15037,15100,250.75,251.8,14,1.07,0.1876,0.2608,798.5,0
Robinson_SHW_01.18.2026_LS,SHW,5696,1680,1709,28.02,28.5,4,0.5,0.2605,0.2605,972.5,0
Robinson_SHW_01.18.2026_LS,SHW,5730,4119,4132,68.69,68.9,5,0.23,0.2605,0.2605,2504.0,0
Robinson_SHW_01.18.2026_LS,SHW,5741,5229,5229,87.2,87.2,1,0.02,0.2605,0.2605,1646.6,0
Robinson_SHW_01.18.2026_LS,SHW,5725,3482,3509,58.06,58.52,3,0.47,0.2587,0.2587,1654.7,0
Robinson_SHW_01.18.2026_LS,SHW,5846,15443,15484,257.52,258.21,6,0.7,0.2304,0.2562,803.0,0
Robinson_SHW_01.18.2026_LS,SHW,5864,16042,16042,267.51,267.51,1,0.02,0.2551,0.2551,2836.6,0
Robinson_SHW_01.18.2026_LS,SHW,5684,1098,1098,18.31,18.31,1,0.02,0.2537,0.2537,1888.9,0
Robinson_SHW_01.18.2026_LS,SHW,5722,3372,3403,56.23,56.75,7,0.53,0.2112,0.2518,563.8,0
Robinson_SHW_01.18.2026_LS,SHW,5791,9603,9614,160.14,160.32,7,0.2,0.2102,0.2512,1342.4,0
Robinson_SHW_01.18.2026_LS,SHW,5799,11144,11152,185.83,185.97,4,0.15,0.2499,0.2499,1748.8,0
Robinson_SHW_01.18.2026_LS,SHW,5854,15566,15570,259.57,259.64,5,0.08,0.2476,0.2476,488.6,0
Robinson_SHW_01.18.2026_LS,SHW,5889,17435,17437,290.74,290.77,3,0.05,0.2463,0.2463,1698.0,0
Robinson_SHW_01.18.2026_LS,SHW,5784,9192,9197,153.28,153.37,5,0.1,0.2454,0.2454,1123.5,0
Robinson_SHW_01.18.2026_LS,SHW,5715,2849,2865,47.51,47.78,5,0.28,0.2438,0.2438,1030.7,0
Robinson_SHW_01.18.2026_LS,SHW,5721,3326,3326,55.46,55.46,1,0.02,0.2418,0.2418,2284.6,0
Robinson_SHW_01.18.2026_LS,SHW,5709,2230,2263,37.19,37.74,7,0.57,0.2022,0.2414,790.6,0
Robinson_SHW_01.18.2026_LS,SHW,5732,4712,4712,78.58,78.58,1,0.02,0.237,0.237,681.4,0
Robinson_SHW_01.18.2026_LS,SHW,5881,17186,17187,286.59,286.61,2,0.03,0.2354,0.2354,2225.3,0
Robinson_SHW_01.18.2026_LS,SHW,5857,15606,15647,260.24,260.92,7,0.7,0.1989,0.2346,1782.3,0
Robinson_SHW_01.18.2026_LS,SHW,5882,17244,17248,287.56,287.62,4,0.08,0.2345,0.2345,1359.4,0
Robinson_SHW_01.18.2026_LS,SHW,5856,15580,15617,259.81,260.42,10,0.63,0.179,0.234,841.7,0
Robinson_SHW_01.18.2026_LS,SHW,5753,6576,6587,109.66,109.84,2,0.2,0.2329,0.2329,968.9,0
Robinson_SHW_01.18.2026_LS,SHW,5669,127,127,2.12,2.12,1,0.02,0.2324,0.2324,1332.5,0
Robinson_SHW_01.18.2026_LS,SHW,5719,3219,3225,53.68,53.78,7,0.12,0.2018,0.2311,666.6,0
Robinson_SHW_01.18.2026_LS,SHW,5776,8456,8456,141.01,141.01,1,0.02,0.2296,0.2296,724.8,0
Robinson_SHW_01.18.2026_LS,SHW,5749,6363,6365,106.11,106.14,3,0.05,0.2281,0.2281,390.4,0
Robinson_SHW_01.18.2026_LS,SHW,5805,12170,12170,202.94,202.94,1,0.02,0.2244,0.2244,2682.6,0
Robinson_SHW_01.18.2026_LS,SHW,5877,16878,16878,281.45,281.45,1,0.02,0.2241,0.2241,2875.4,0
Robinson_SHW_01.18.2026_LS,SHW,5796,11094,11104,185.0,185.17,7,0.18,0.1979,0.2235,1366.4,0
Robinson_SHW_01.18.2026_LS,SHW,5742,5340,5340,89.05,89.05,1,0.02,0.2222,0.2222,1650.4,0
Robinson_SHW_01.18.2026_LS,SHW,5734,4846,4846,80.81,80.81,1,0.02,0.2217,0.2217,1510.6,0
Robinson_SHW_01.18.2026_LS,SHW,5898,17835,17835,297.41,297.41,1,0.02,0.2187,0.2187,1794.2,0
Robinson_SHW_01.18.2026_LS,SHW,5701,1760,1760,29.35,29.35,1,0.02,0.2184,0.2184,837.3,0
Robinson_SHW_01.18.2026_LS,SHW,5745,6149,6149,102.54,102.54,1,0.02,0.2181,0.2181,587.0,0
Robinson_SHW_01.18.2026_LS,SHW,5733,4832,4833,80.58,80.59,2,0.03,0.217,0.217,1537.4,0
Robinson_SHW_01.18.2026_LS,SHW,5838,15220,15235,253.8,254.05,3,0.27,0.2158,0.2158,729.4,0
Robinson_SHW_01.18.2026_LS,SHW,5785,9351,9351,155.93,155.93,1,0.02,0.2152,0.2152,1270.3,0
Robinson_SHW_01.18.2026_LS,SHW,5717,2916,2919,48.63,48.68,4,0.07,0.2131,0.2131,630.9,0
Robinson_SHW_01.18.2026_LS,SHW,5866,16380,16381,273.15,273.16,2,0.03,0.2115,0.2115,1591.2,0
Robinson_SHW_01.18.2026_LS,SHW,5841,15311,15319,255.32,255.46,6,0.15,0.1911,0.2088,917.4,0
Robinson_SHW_01.18.2026_LS,SHW,5860,15694,15695,261.71,261.73,2,0.03,0.2045,0.2045,1212.2,0
Robinson_SHW_01.18.2026_LS,SHW,5731,4508,4508,75.17,75.17,1,0.02,0.203,0.203,1749.4,0
Robinson_SHW_01.18.2026_LS,SHW,5876,16838,16841,280.79,280.84,4,0.07,0.202,0.202,917.1,0
Robinson_SHW_01.18.2026_LS,SHW,5812,13520,13523,225.46,225.51,3,0.07,0.2015,0.2015,1522.1,0
Robinson_SHW_01.18.2026_LS,SHW,5706,2140,2175,35.69,36.27,8,0.6,0.1738,0.2003,1003.7,0
Robinson_SHW_01.18.2026_LS,SHW,5833,14936,14939,249.07,249.12,4,0.07,0.1982,0.1982,694.0,0
Robinson_SHW_01.18.2026_LS,SHW,5830,14919,14970,248.79,249.64,11,0.87,0.1612,0.1975,601.5,0
Robinson_SHW_01.18.2026_LS,SHW,5886,17395,17399,290.07,290.14,3,0.08,0.197,0.197,1412.2,0
Robinson_SHW_01.18.2026_LS,SHW,5811,13031,13031,217.3,217.3,1,0.02,0.1956,0.1956,1811.4,0
Robinson_SHW_01.18.2026_LS,SHW,5692,1579,1580,26.33,26.35,2,0.03,0.1942,0.1942,885.0,0
Robinson_SHW_01.18.2026_LS,SHW,5871,16697,16697,278.43,278.43,1,0.02,0.1939,0.1939,2049.1,0
Robinson_SHW_01.18.2026_LS,SHW,5746,6240,6240,104.06,104.06,1,0.02,0.1928,0.1928,364.5,0
Robinson_SHW_01.18.2026_LS,SHW,5858,15629,15649,260.62,260.96,5,0.35,0.1891,0.1891,3255.1,0
Robinson_SHW_01.18.2026_LS,SHW,5747,6300,6300,105.06,105.06,1,0.02,0.1881,0.1881,428.8,0
Robinson_SHW_01.18.2026_LS,SHW,5735,5021,5021,83.73,83.73,1,0.02,0.1878,0.1878,566.0,0
Robinson_SHW_01.18.2026_LS,SHW,5822,14302,14302,238.5,238.5,1,0.02,0.1875,0.1875,1376.8,0
Robinson_SHW_01.18.2026_LS,SHW,5671,137,145,2.28,2.42,5,0.15,0.1863,0.1863,1844.3,0
Robinson_SHW_01.18.2026_LS,SHW,5900,17978,17978,299.8,299.8,1,0.02,0.1863,0.1863,1205.0,0
Robinson_SHW_01.18.2026_LS,SHW,5850,15460,15460,257.81,257.81,1,0.02,0.185,0.185,987.9,0
Robinson_SHW_01.18.2026_LS,SHW,5703,2046,2046,34.12,34.12,1,0.02,0.1841,0.1841,3761.9,0
Robinson_SHW_01.18.2026_LS,SHW,5848,15454,15497,257.71,258.42,7,0.73,0.1668,0.1825,1351.2,0
Robinson_SHW_01.18.2026_LS,SHW,5789,9507,9507,158.54,158.54,1,0.02,0.1813,0.1813,431.7,0
Robinson_SHW_01.18.2026_LS,SHW,5786,9366,9380,156.18,156.42,2,0.25,0.179,0.179,1353.0,0
Robinson_SHW_01.18.2026_LS,SHW,5690,1380,1380,23.01,23.01,1,0.02,0.1777,0.1777,1070.5,0
Robinson_SHW_01.18.2026_LS,SHW,5723,3435,3435,57.28,57.28,1,0.02,0.1766,0.1766,409.2,0
Robinson_SHW_01.18.2026_LS,SHW,5819,13937,13937,232.41,232.41,1,0.02,0.1764,0.1764,505.8,0
Robinson_SHW_01.18.2026_LS,SHW,5816,13682,13711,228.16,228.64,3,0.5,0.1751,0.1751,522.5,0
Robinson_SHW_01.18.2026_LS,SHW,5673,497,497,8.29,8.29,1,0.02,0.1717,0.1717,1667.6,0
Robinson_SHW_01.18.2026_LS,SHW,5870,16647,16647,277.6,277.6,1,0.02,0.171,0.171,3021.9,0
Robinson_SHW_01.18.2026_LS,SHW,5752,6559,6559,109.38,109.38,1,0.02,0.1701,0.1701,599.4,0
Robinson_SHW_01.18.2026_LS,SHW,5891,17456,17456,291.09,291.09,1,0.02,0.1695,0.1695,1610.6,0
Robinson_SHW_01.18.2026_LS,SHW,5775,8367,8368,139.53,139.54,2,0.03,0.1689,0.1689,1270.1,0
Robinson_SHW_01.18.2026_LS,SHW,5863,15948,15948,265.94,265.94,1,0.02,0.1676,0.1676,1380.2,0
Robinson_SHW_01.18.2026_LS,SHW,5836,15038,15055,250.77,251.05,2,0.3,0.1671,0.1671,1051.0,0
Robinson_SHW_01.18.2026_LS,SHW,5685,1225,1225,20.43,20.43,1,0.02,0.1669,0.1669,1881.5,0
Robinson_SHW_01.18.2026_LS,SHW,5762,7016,7016,117.0,117.0,1,0.02,0.1662,0.1662,1424.6,0
Robinson_SHW_01.18.2026_LS,SHW,5800,11894,11894,198.34,198.34,1,0.02,0.1651,0.1651,939.6,0
Robinson_SHW_01.18.2026_LS,SHW,5781,8685,8685,144.83,144.83,1,0.02,0.1648,0.1648,2533.8,0
Robinson_SHW_01.18.2026_LS,SHW,5777,8515,8515,141.99,141.99,1,0.02,0.1634,0.1634,1437.8,0
Robinson_SHW_01.18.2026_LS,SHW,5714,2713,2721,45.24,45.37,3,0.15,0.1594,0.1594,1273.7,0
Robinson_SHW_01.18.2026_LS,SHW,5757,6846,6846,114.16,114.16,1,0.02,0.1583,0.1583,1148.1,0
Robinson_SHW_01.18.2026_LS,SHW,5695,1672,1702,27.88,28.38,4,0.52,0.1573,0.1573,1007.0,0
Robinson_SHW_01.18.2026_LS,SHW,5821,14261,14265,237.81,237.88,4,0.08,0.1563,0.1563,1781.2,0
Robinson_SHW_01.18.2026_LS,SHW,5896,17706,17706,295.26,295.26,1,0.02,0.1559,0.1559,854.0,0
Robinson_SHW_01.18.2026_LS,SHW,5739,5046,5047,84.15,84.16,2,0.03,0.1557,0.1557,810.6,0
Robinson_SHW_01.18.2026_LS,SHW,5760,6916,6916,115.33,115.33,1,0.02,0.1546,0.1546,8512.9,0
Robinson_SHW_01.18.2026_LS,SHW,5763,7107,7107,118.51,118.51,1,0.02,0.153,0.153,1082.8,0
Robinson_SHW_01.18.2026_LS,SHW,5750,6391,6391,106.57,106.57,1,0.02,0.1522,0.1522,1235.2,0
Robinson_SHW_01.18.2026_LS,SHW,5787,9406,9406,156.85,156.85,1,0.02,0.1507,0.1507,802.0,0
Robinson_SHW_01.18.2026_LS,SHW,5740,5145,5145,85.8,85.8,1,0.02,0.1463,0.1463,397.6,0
Robinson_SHW_01.18.2026_LS,SHW,5839,15260,15261,254.47,254.49,2,0.03,0.1449,0.1449,1001.7,0
Robinson_SHW_01.18.2026_LS,SHW,5691,1399,1407,23.33,23.46,3,0.15,0.1443,0.1443,1828.5,0
Robinson_SHW_01.18.2026_LS,SHW,5897,17736,17737,295.76,295.78,2,0.03,0.1441,0.1441,1151.4,0
Robinson_SHW_01.18.2026_LS,SHW,5736,5039,5045,84.03,84.13,4,0.12,0.1431,0.1431,467.7,0
Robinson_SHW_01.18.2026_LS,SHW,5817,13735,13735,229.04,229.04,1,0.02,0.1426,0.1426,937.1,0
Robinson_SHW_01.18.2026_LS,SHW,5748,6333,6333,105.61,105.61,1,0.02,0.1425,0.1425,331.0,0
Robinson_SHW_01.18.2026_LS,SHW,5802,12056,12056,201.04,201.04,1,0.02,0.141,0.141,2263.0,0
Robinson_SHW_01.18.2026_LS,SHW,5849,15457,15457,257.76,257.76,1,0.02,0.1404,0.1404,995.6,0
Robinson_SHW_01.18.2026_LS,SHW,5718,3207,3234,53.48,53.93,2,0.47,0.1395,0.1395,943.8,0
Robinson_SHW_01.18.2026_LS,SHW,5808,12434,12437,207.35,207.4,2,0.07,0.1392,0.1392,1377.5,0
Robinson_SHW_01.18.2026_LS,SHW,5779,8649,8649,144.23,144.23,1,0.02,0.1388,0.1388,622.3,0
Robinson_SHW_01.18.2026_LS,SHW,5792,9626,9626,160.52,160.52,1,0.02,0.1384,0.1384,2432.0,0
Robinson_SHW_01.18.2026_LS,SHW,5766,7288,7288,121.53,121.53,1,0.02,0.1382,0.1382,1520.7,0
Robinson_SHW_01.18.2026_LS,SHW,5697,1690,1690,28.18,28.18,1,0.02,0.1353,0.1353,682.4,0
Robinson_SHW_01.18.2026_LS,SHW,5744,6053,6053,100.94,100.94,1,0.02,0.1347,0.1347,1578.4,0
Robinson_SHW_01.18.2026_LS,SHW,5826,14514,14515,242.03,242.05,2,0.03,0.134,0.134,1244.2,0
Robinson_SHW_01.18.2026_LS,SHW,5708,2212,2213,36.89,36.9,2,0.03,0.1333,0.1333,661.0,0
Robinson_SHW_01.18.2026_LS,SHW,5672,366,366,6.1,6.1,1,0.02,0.1319,0.1319,1596.0,0
Robinson_SHW_01.18.2026_LS,SHW,5890,17437,17437,290.77,290.77,1,0.02,0.1315,0.1315,1724.1,0
Robinson_SHW_01.18.2026_LS,SHW,5698,1690,1690,28.18,28.18,1,0.02,0.1304,0.1304,504.4,0
Robinson_SHW_01.18.2026_LS,SHW,5899,17916,17916,298.76,298.76,1,0.02,0.1299,0.1299,1648.1,0
Robinson_SHW_01.18.2026_LS,SHW,5699,1697,1697,28.3,28.3,1,0.02,0.1295,0.1295,1450.7,0
Robinson_SHW_01.18.2026_LS,SHW,5679,707,707,11.79,11.79,1,0.02,0.1283,0.1283,1108.0,0
Robinson_SHW_01.18.2026_LS,SHW,5865,16074,16081,268.05,268.16,2,0.13,0.1281,0.1281,1761.5,0
Robinson_SHW_01.18.2026_LS,SHW,5902,18011,18011,300.35,300.35,1,0.02,0.128,0.128,933.1,0
Robinson_SHW_01.18.2026_LS,SHW,5713,2515,2515,41.94,41.94,1,0.02,0.1265,0.1265,846.5,0
Robinson_SHW_01.18.2026_LS,SHW,5772,7708,7708,128.54,128.54,1,0.02,0.1265,0.1265,497.1,0
Robinson_SHW_01.18.2026_LS,SHW,5790,9537,9542,159.04,159.12,2,0.1,0.1264,0.1264,517.4,0
Robinson_SHW_01.18.2026_LS,SHW,5869,16549,16550,275.97,275.98,2,0.03,0.1264,0.1264,1538.7,0
Robinson_SHW_01.18.2026_LS,SHW,5680,861,861,14.36,14.36,1,0.02,0.1248,0.1248,1773.1,0
Robinson_SHW_01.18.2026_LS,SHW,5809,12793,12793,213.33,213.33,1,0.02,0.1246,0.1246,2125.0,0
Robinson_SHW_01.18.2026_LS,SHW,5813,13579,13579,226.44,226.44,1,0.02,0.1246,0.1246,1306.0,0
Robinson_SHW_01.18.2026_LS,SHW,5768,7379,7379,123.05,123.05,1,0.02,0.1245,0.1245,2130.0,0
Robinson_SHW_01.18.2026_LS,SHW,5797,11124,11126,185.5,185.53,3,0.05,0.1244,0.1244,1220.3,0
Robinson_SHW_01.18.2026_LS,SHW,5887,17414,17414,290.39,290.39,1,0.02,0.1235,0.1235,901.6,0
Robinson_SHW_01.18.2026_LS,SHW,5801,11977,11977,199.73,199.73,1,0.02,0.1234,0.1234,979.1,0
Robinson_SHW_01.18.2026_LS,SHW,5767,7340,7341,122.4,122.42,2,0.03,0.1233,0.1233,2064.8,0
Robinson_SHW_01.18.2026_LS,SHW,5806,12376,12376,206.38,206.38,1,0.02,0.1223,0.1223,1401.8,0
Robinson_SHW_01.18.2026_LS,SHW,5827,14525,14525,242.21,242.21,1,0.02,0.122,0.122,594.4,0
Robinson_SHW_01.18.2026_LS,SHW,5842,15319,15319,255.46,255.46,1,0.02,0.1215,0.1215,427.6,0
Robinson_SHW_01.18.2026_LS,SHW,5834,14937,14937,249.09,249.09,1,0.02,0.1211,0.1211,728.5,0
Robinson_SHW_01.18.2026_LS,SHW,5825,14425,14426,240.55,240.56,2,0.03,0.1201,0.1201,873.6,0
Robinson_SHW_01.18.2026_LS,SHW,5737,5041,5042,84.06,84.08,2,0.03,0.1197,0.1197,392.9,0
Robinson_SHW_01.18.2026_LS,SHW,5712,2382,2390,39.72,39.85,2,0.15,0.119,0.119,1225.9,0
Robinson_SHW_01.18.2026_LS,SHW,5824,14408,14408,240.26,240.26,1,0.02,0.1176,0.1176,1259.5,0
Robinson_SHW_01.18.2026_LS,SHW,5880,17048,17048,284.29,284.29,1,0.02,0.1174,0.1174,2636.6,0
Robinson_SHW_01.18.2026_LS,SHW,5738,5041,5041,84.06,84.06,1,0.02,0.1172,0.1172,364.0,0
Robinson_SHW_01.18.2026_LS,SHW,5798,11128,11129,185.57,185.58,2,0.03,0.1152,0.1152,1043.7,0
Robinson_SHW_01.18.2026_LS,SHW,5682,905,905,15.09,15.09,1,0.02,0.1148,0.1148,1239.8,0
Robinson_SHW_01.18.2026_LS,SHW,5702,2016,2016,33.62,33.62,1,0.02,0.1148,0.1148,3393.3,0
Robinson_SHW_01.18.2026_LS,SHW,5795,10987,10987,183.22,183.22,1,0.02,0.1145,0.1145,1176.8,0
Robinson_SHW_01.18.2026_LS,SHW,5765,7225,7225,120.48,120.48,1,0.02,0.1142,0.1142,1785.5,0
Robinson_SHW_01.18.2026_LS,SHW,5769,7389,7389,123.22,123.22,1,0.02,0.1141,0.1141,1581.9,0
Robinson_SHW_01.18.2026_LS,SHW,5764,7140,7140,119.06,119.06,1,0.02,0.1136,0.1136,407.2,0
Robinson_SHW_01.18.2026_LS,SHW,5895,17659,17659,294.48,294.48,1,0.02,0.1132,0.1132,561.9,0
Robinson_SHW_01.18.2026_LS,SHW,5705,2097,2097,34.97,34.97,1,0.02,0.112,0.112,726.9,0
Robinson_SHW_01.18.2026_LS,SHW,5675,609,609,10.16,10.16,1,0.02,0.1118,0.1118,870.2,0
Robinson_SHW_01.18.2026_LS,SHW,5884,17350,17361,289.32,289.51,2,0.2,0.1118,0.1118,1245.2,0
Robinson_SHW_01.18.2026_LS,SHW,5681,891,891,14.86,14.86,1,0.02,0.1113,0.1113,876.2,0
Robinson_SHW_01.18.2026_LS,SHW,5868,16481,16481,274.83,274.83,1,0.02,0.1109,0.1109,1531.0,0
Robinson_SHW_01.18.2026_LS,SHW,5707,2144,2144,35.75,35.75,1,0.02,0.11,0.11,1010.1,0
Robinson_SHW_01.18.2026_LS,SHW,5726,3509,3509,58.52,58.52,1,0.02,0.1097,0.1097,1305.3,0
Robinson_SHW_01.18.2026_LS,SHW,5778,8642,8642,144.11,144.11,1,0.02,0.1092,0.1092,1004.1,0
Robinson_SHW_01.18.2026_LS,SHW,5853,15510,15510,258.64,258.64,1,0.02,0.1091,0.1091,945.1,0
Robinson_SHW_01.18.2026_LS,SHW,5837,15115,15115,252.05,252.05,1,0.02,0.1078,0.1078,538.7,0
Robinson_SHW_01.18.2026_LS,SHW,5840,15264,15264,254.54,254.54,1,0.02,0.107,0.107,708.7,0
Robinson_SHW_01.18.2026_LS,SHW,5794,10853,10853,180.98,180.98,1,0.02,0.1067,0.1067,1600.3,0
Robinson_SHW_01.18.2026_LS,SHW,5851,15461,15461,257.82,257.82,1,0.02,0.1061,0.1061,1051.6,0
Robinson_SHW_01.18.2026_LS,SHW,5686,1281,1281,21.36,21.36,1,0.02,0.106,0.106,2890.1,0
Robinson_SHW_01.18.2026_LS,SHW,5872,16700,16700,278.48,278.48,1,0.02,0.1059,0.1059,1952.8,0
Robinson_SHW_01.18.2026_LS,SHW,5823,14383,14383,239.85,239.85,1,0.02,0.1055,0.1055,289.8,0
Robinson_SHW_01.18.2026_LS,SHW,5879,17013,17013,283.7,283.7,1,0.02,0.1049,0.1049,1864.1,0
Robinson_SHW_01.18.2026_LS,SHW,5867,16478,16478,274.78,274.78,1,0.02,0.104,0.104,1359.0,0
Robinson_SHW_01.18.2026_LS,SHW,5761,6988,6988,116.53,116.53,1,0.02,0.1037,0.1037,872.7,0
Robinson_SHW_01.18.2026_LS,SHW,5774,8178,8194,136.37,136.64,2,0.28,0.1027,0.1027,1218.0,0
Robinson_SHW_01.18.2026_LS,SHW,5803,12152,12152,202.64,202.64,1,0.02,0.1025,0.1025,2263.4,0
Robinson_SHW_01.18.2026_LS,SHW,5888,17414,17414,290.39,290.39,1,0.02,0.1022,0.1022,228.9,0
Robinson_SHW_01.18.2026_LS,SHW,5754,6601,6601,110.08,110.08,1,0.02,0.1017,0.1017,524.6,0
Robinson_SHW_01.18.2026_LS,SHW,5783,8769,8769,146.23,146.23,1,0.02,0.1009,0.1009,1389.0,0
Robinson_SHW_01.18.2026_LS,SHW,5892,17476,17476,291.42,291.42,1,0.02,0.1009,0.1009,465.0,0
Robinson_SHW_01.18.2026_LS,SHW,5793,10368,10368,172.89,172.89,1,0.02,0.1008,0.1008,881.5,0
Robinson_SHW_01.18.2026_LS,SHW,5694,1627,1627,27.13,27.13,1,0.02,0.1007,0.1007,339.5,0
TouchofNatureRd_TON_12.03.25_LS,TON,4810,2730,2754,45.5,45.9,23,0.42,0.4971,0.6422,1103.0,1
TouchofNatureRd_TON_12.03.25_LS,TON,4875,7810,7839,130.16,130.65,13,0.5,0.4357,0.5418,855.4,1
TouchofNatureRd_TON_12.03.25_LS,TON,5947,2031,2094,33.85,34.9,17,1.07,0.2348,0.374,1137.0,1
TouchofNatureRd_TON_12.03.25_LS,TON,5963,2711,2738,45.18,45.63,18,0.47,0.2744,0.3715,823.7,1
TouchofNatureRd_TON_12.03.25_LS,TON,5952,2129,2297,35.48,38.28,31,2.82,0.197,0.3443,1149.5,1
TouchofNatureRd_TON_12.03.25_LS,TON,5938,1849,1947,30.82,32.45,22,1.65,0.1989,0.3183,1091.8,1
TouchofNatureRd_TON_12.03.25_LS,TON,5940,1907,1981,31.78,33.02,12,1.25,0.2205,0.3115,1164.2,1
TouchofNatureRd_TON_12.03.25_LS,TON,5941,1930,2000,32.17,33.33,15,1.18,0.1873,0.3057,956.0,1
TouchofNatureRd_TON_12.03.25_LS,TON,4763,2095,2095,34.92,34.92,1,0.02,0.5619,0.5619,1802.7,0
TouchofNatureRd_TON_12.03.25_LS,TON,4820,2789,2795,46.48,46.58,7,0.12,0.4948,0.5413,613.1,0
TouchofNatureRd_TON_12.03.25_LS,TON,4739,2019,2030,33.65,33.83,10,0.2,0.4059,0.5305,1636.9,0
TouchofNatureRd_TON_12.03.25_LS,TON,4712,1897,1897,31.62,31.62,1,0.02,0.5196,0.5196,962.0,0
TouchofNatureRd_TON_12.03.25_LS,TON,4843,7253,7260,120.88,121.0,3,0.13,0.5169,0.5169,470.6,0
TouchofNatureRd_TON_12.03.25_LS,TON,4800,2718,2719,45.3,45.32,2,0.03,0.4765,0.4765,636.5,0
TouchofNatureRd_TON_12.03.25_LS,TON,4832,6357,6357,105.95,105.95,1,0.02,0.4643,0.4643,732.2,0
TouchofNatureRd_TON_12.03.25_LS,TON,5965,2781,2796,46.35,46.6,9,0.27,0.3315,0.4332,525.9,0
TouchofNatureRd_TON_12.03.25_LS,TON,4751,2046,2050,34.1,34.17,5,0.08,0.4234,0.4234,1224.2,0
TouchofNatureRd_TON_12.03.25_LS,TON,4842,7150,7155,119.17,119.25,6,0.1,0.3822,0.4082,896.9,0
TouchofNatureRd_TON_12.03.25_LS,TON,4684,275,275,4.58,4.58,1,0.02,0.4059,0.4059,473.2,0
TouchofNatureRd_TON_12.03.25_LS,TON,4769,2172,2173,36.2,36.22,2,0.03,0.4023,0.4023,1199.8,0
TouchofNatureRd_TON_12.03.25_LS,TON,4850,7343,7359,122.38,122.65,9,0.28,0.3644,0.399,640.3,0
TouchofNatureRd_TON_12.03.25_LS,TON,4728,1959,1960,32.65,32.67,2,0.03,0.3915,0.3915,1470.4,0
TouchofNatureRd_TON_12.03.25_LS,TON,4777,2202,2202,36.7,36.7,1,0.02,0.3848,0.3848,1622.0,0
TouchofNatureRd_TON_12.03.25_LS,TON,4823,2898,2900,48.3,48.33,3,0.05,0.3842,0.3842,1567.9,0
TouchofNatureRd_TON_12.03.25_LS,TON,5972,4785,4785,79.75,79.75,1,0.02,0.3758,0.3758,610.0,0
TouchofNatureRd_TON_12.03.25_LS,TON,5956,2225,2226,37.08,37.1,2,0.03,0.3738,0.3738,1186.6,0
TouchofNatureRd_TON_12.03.25_LS,TON,6019,8039,8041,133.98,134.01,2,0.05,0.3725,0.3725,1157.1,0
TouchofNatureRd_TON_12.03.25_LS,TON,4721,1936,1938,32.27,32.3,3,0.05,0.3539,0.3539,936.6,0
TouchofNatureRd_TON_12.03.25_LS,TON,5987,6921,6925,115.35,115.42,4,0.08,0.345,0.345,753.5,0
TouchofNatureRd_TON_12.03.25_LS,TON,5998,7446,7446,124.1,124.1,1,0.02,0.3436,0.3436,778.3,0
TouchofNatureRd_TON_12.03.25_LS,TON,6033,8666,8669,144.43,144.48,4,0.07,0.3404,0.3404,816.5,0
TouchofNatureRd_TON_12.03.25_LS,TON,4778,2208,2209,36.8,36.82,2,0.03,0.3385,0.3385,1471.1,0
TouchofNatureRd_TON_12.03.25_LS,TON,5926,329,333,5.48,5.55,5,0.08,0.3297,0.3297,766.9,0
TouchofNatureRd_TON_12.03.25_LS,TON,4774,2188,2189,36.47,36.48,2,0.03,0.3279,0.3279,932.3,0
TouchofNatureRd_TON_12.03.25_LS,TON,4735,2002,2003,33.37,33.38,2,0.03,0.3273,0.3273,1436.0,0
TouchofNatureRd_TON_12.03.25_LS,TON,4921,9724,9728,162.06,162.13,5,0.08,0.3216,0.3216,1303.7,0
TouchofNatureRd_TON_12.03.25_LS,TON,6043,9723,9734,162.05,162.23,2,0.2,0.3112,0.3112,1657.2,0
TouchofNatureRd_TON_12.03.25_LS,TON,5989,7132,7136,118.87,118.93,2,0.08,0.2989,0.2989,1009.8,0
TouchofNatureRd_TON_12.03.25_LS,TON,6012,7801,7819,130.01,130.31,8,0.32,0.2328,0.2927,767.4,0
TouchofNatureRd_TON_12.03.25_LS,TON,6031,8470,8471,141.16,141.18,2,0.03,0.2873,0.2873,665.7,0
TouchofNatureRd_TON_12.03.25_LS,TON,6038,9417,9427,156.95,157.11,10,0.18,0.2073,0.2827,402.2,0
TouchofNatureRd_TON_12.03.25_LS,TON,5990,7148,7149,119.13,119.15,2,0.03,0.2803,0.2803,778.6,0
TouchofNatureRd_TON_12.03.25_LS,TON,6022,8133,8147,135.55,135.78,15,0.25,0.2269,0.2781,246.5,0
TouchofNatureRd_TON_12.03.25_LS,TON,5927,505,505,8.42,8.42,1,0.02,0.2715,0.2715,868.6,0
TouchofNatureRd_TON_12.03.25_LS,TON,5955,2187,2190,36.45,36.5,2,0.07,0.2675,0.2675,883.3,0
TouchofNatureRd_TON_12.03.25_LS,TON,6034,8758,8758,145.96,145.96,1,0.02,0.2673,0.2673,547.0,0
TouchofNatureRd_TON_12.03.25_LS,TON,6037,8912,8912,148.53,148.53,1,0.02,0.2575,0.2575,1607.0,0
TouchofNatureRd_TON_12.03.25_LS,TON,5942,1946,2037,32.43,33.95,16,1.53,0.1829,0.2542,1728.5,0
TouchofNatureRd_TON_12.03.25_LS,TON,5934,1316,1323,21.93,22.05,4,0.13,0.2473,0.2473,669.8,0
TouchofNatureRd_TON_12.03.25_LS,TON,5999,7474,7474,124.56,124.56,1,0.02,0.2472,0.2472,1321.0,0
TouchofNatureRd_TON_12.03.25_LS,TON,6024,8231,8231,137.18,137.18,1,0.02,0.2413,0.2413,2242.7,0
TouchofNatureRd_TON_12.03.25_LS,TON,6040,9582,9586,159.7,159.76,3,0.08,0.2358,0.2358,576.5,0
TouchofNatureRd_TON_12.03.25_LS,TON,5964,2755,2755,45.92,45.92,1,0.02,0.2252,0.2252,904.2,0
TouchofNatureRd_TON_12.03.25_LS,TON,5978,5852,5852,97.53,97.53,1,0.02,0.2228,0.2228,889.8,0
TouchofNatureRd_TON_12.03.25_LS,TON,5943,1956,1957,32.6,32.62,2,0.03,0.222,0.222,1009.3,0
TouchofNatureRd_TON_12.03.25_LS,TON,5974,5102,5102,85.03,85.03,1,0.02,0.2181,0.2181,447.3,0
TouchofNatureRd_TON_12.03.25_LS,TON,5994,7320,7358,122.0,122.63,10,0.65,0.1711,0.2166,622.7,0
TouchofNatureRd_TON_12.03.25_LS,TON,5936,1350,1350,22.5,22.5,1,0.02,0.2159,0.2159,682.0,0
TouchofNatureRd_TON_12.03.25_LS,TON,5924,272,286,4.53,4.77,4,0.25,0.2148,0.2148,482.5,0
TouchofNatureRd_TON_12.03.25_LS,TON,6009,7772,7843,129.53,130.71,16,1.2,0.1509,0.2147,700.5,0
TouchofNatureRd_TON_12.03.25_LS,TON,5968,2896,2902,48.27,48.37,3,0.12,0.2062,0.2062,1440.3,0
TouchofNatureRd_TON_12.03.25_LS,TON,6021,8126,8126,135.43,135.43,1,0.02,0.2046,0.2046,825.9,0
TouchofNatureRd_TON_12.03.25_LS,TON,6023,8222,8222,137.03,137.03,1,0.02,0.204,0.204,962.5,0
TouchofNatureRd_TON_12.03.25_LS,TON,5948,2039,2042,33.98,34.03,4,0.07,0.2032,0.2032,921.9,0
TouchofNatureRd_TON_12.03.25_LS,TON,5976,5834,5834,97.23,97.23,1,0.02,0.2031,0.2031,1496.5,0
TouchofNatureRd_TON_12.03.25_LS,TON,5993,7315,7315,121.92,121.92,1,0.02,0.1966,0.1966,587.2,0
TouchofNatureRd_TON_12.03.25_LS,TON,5983,6353,6358,105.88,105.97,5,0.1,0.1952,0.1952,657.3,0
TouchofNatureRd_TON_12.03.25_LS,TON,5925,329,330,5.48,5.5,2,0.03,0.1903,0.1903,656.2,0
TouchofNatureRd_TON_12.03.25_LS,TON,5984,6515,6516,108.58,108.6,2,0.03,0.1837,0.1837,755.1,0
TouchofNatureRd_TON_12.03.25_LS,TON,6025,8267,8268,137.78,137.8,2,0.03,0.1833,0.1833,1180.9,0
TouchofNatureRd_TON_12.03.25_LS,TON,6027,8307,8308,138.45,138.46,2,0.03,0.1825,0.1825,1443.1,0
TouchofNatureRd_TON_12.03.25_LS,TON,6030,8356,8356,139.26,139.26,1,0.02,0.1822,0.1822,775.8,0
TouchofNatureRd_TON_12.03.25_LS,TON,6006,7652,7653,127.53,127.55,2,0.03,0.1804,0.1804,409.4,0
TouchofNatureRd_TON_12.03.25_LS,TON,5931,917,921,15.28,15.35,3,0.08,0.1763,0.1763,1058.6,0
TouchofNatureRd_TON_12.03.25_LS,TON,6003,7567,7567,126.11,126.11,1,0.02,0.1743,0.1743,731.3,0
TouchofNatureRd_TON_12.03.25_LS,TON,6000,7496,7499,124.93,124.98,4,0.07,0.1714,0.1714,634.0,0
TouchofNatureRd_TON_12.03.25_LS,TON,5982,6341,6341,105.68,105.68,1,0.02,0.1713,0.1713,278.1,0
TouchofNatureRd_TON_12.03.25_LS,TON,5992,7252,7252,120.87,120.87,1,0.02,0.169,0.169,465.2,0
TouchofNatureRd_TON_12.03.25_LS,TON,5928,554,554,9.23,9.23,1,0.02,0.168,0.168,791.3,0
TouchofNatureRd_TON_12.03.25_LS,TON,5944,1971,1971,32.85,32.85,1,0.02,0.1669,0.1669,929.6,0
TouchofNatureRd_TON_12.03.25_LS,TON,5951,2070,2081,34.5,34.68,5,0.2,0.1651,0.1651,966.5,0
TouchofNatureRd_TON_12.03.25_LS,TON,6017,7973,7974,132.88,132.9,2,0.03,0.1625,0.1625,219.1,0
TouchofNatureRd_TON_12.03.25_LS,TON,5953,2134,2134,35.57,35.57,1,0.02,0.1612,0.1612,873.5,0
TouchofNatureRd_TON_12.03.25_LS,TON,5980,6324,6324,105.4,105.4,1,0.02,0.16,0.16,428.7,0
TouchofNatureRd_TON_12.03.25_LS,TON,5957,2298,2305,38.3,38.42,5,0.13,0.1597,0.1597,688.0,0
TouchofNatureRd_TON_12.03.25_LS,TON,6011,7787,7801,129.78,130.01,5,0.25,0.1566,0.1566,704.0,0
TouchofNatureRd_TON_12.03.25_LS,TON,5935,1341,1341,22.35,22.35,1,0.02,0.1526,0.1526,588.0,0
TouchofNatureRd_TON_12.03.25_LS,TON,6029,8321,8321,138.68,138.68,1,0.02,0.1523,0.1523,304.5,0
TouchofNatureRd_TON_12.03.25_LS,TON,5923,226,238,3.77,3.97,4,0.22,0.1512,0.1512,601.7,0
TouchofNatureRd_TON_12.03.25_LS,TON,5997,7402,7403,123.36,123.38,2,0.03,0.1511,0.1511,582.9,0
TouchofNatureRd_TON_12.03.25_LS,TON,5958,2331,2344,38.85,39.07,2,0.23,0.1504,0.1504,1287.3,0
TouchofNatureRd_TON_12.03.25_LS,TON,6002,7554,7559,125.9,125.98,4,0.1,0.1503,0.1503,639.0,0
TouchofNatureRd_TON_12.03.25_LS,TON,6042,9639,9646,160.65,160.76,4,0.13,0.1491,0.1491,734.4,0
TouchofNatureRd_TON_12.03.25_LS,TON,5954,2185,2249,36.42,37.48,5,1.08,0.1476,0.1476,986.4,0
TouchofNatureRd_TON_12.03.25_LS,TON,5967,2868,2868,47.8,47.8,1,0.02,0.1467,0.1467,1056.9,0
TouchofNatureRd_TON_12.03.25_LS,TON,6008,7735,7737,128.91,128.95,2,0.05,0.1461,0.1461,619.6,0
TouchofNatureRd_TON_12.03.25_LS,TON,5949,2045,2057,34.08,34.28,4,0.22,0.1454,0.1454,945.5,0
TouchofNatureRd_TON_12.03.25_LS,TON,5960,2400,2400,40.0,40.0,1,0.02,0.1446,0.1446,1014.1,0
TouchofNatureRd_TON_12.03.25_LS,TON,5932,1028,1028,17.13,17.13,1,0.02,0.1442,0.1442,770.5,0
TouchofNatureRd_TON_12.03.25_LS,TON,6015,7906,7909,131.76,131.81,4,0.07,0.1437,0.1437,1008.2,0
TouchofNatureRd_TON_12.03.25_LS,TON,5991,7246,7259,120.77,120.98,5,0.23,0.1413,0.1413,540.4,0
TouchofNatureRd_TON_12.03.25_LS,TON,5986,6647,6648,110.78,110.8,2,0.03,0.1409,0.1409,1168.2,0
TouchofNatureRd_TON_12.03.25_LS,TON,6013,7878,7878,131.3,131.3,1,0.02,0.1403,0.1403,851.5,0
TouchofNatureRd_TON_12.03.25_LS,TON,6016,7909,7909,131.81,131.81,1,0.02,0.1393,0.1393,956.0,0
TouchofNatureRd_TON_12.03.25_LS,TON,5988,6956,6956,115.93,115.93,1,0.02,0.1391,0.1391,683.5,0
TouchofNatureRd_TON_12.03.25_LS,TON,5930,734,734,12.23,12.23,1,0.02,0.1373,0.1373,649.9,0
TouchofNatureRd_TON_12.03.25_LS,TON,5946,2017,2017,33.62,33.62,1,0.02,0.1361,0.1361,1015.3,0
TouchofNatureRd_TON_12.03.25_LS,TON,5977,5846,5846,97.43,97.43,1,0.02,0.1345,0.1345,2217.9,0
TouchofNatureRd_TON_12.03.25_LS,TON,5922,117,119,1.95,1.98,2,0.05,0.1316,0.1316,497.7,0
TouchofNatureRd_TON_12.03.25_LS,TON,6005,7609,7611,126.81,126.85,3,0.05,0.1304,0.1304,447.3,0
TouchofNatureRd_TON_12.03.25_LS,TON,6028,8310,8313,138.5,138.55,3,0.07,0.1303,0.1303,292.5,0
TouchofNatureRd_TON_12.03.25_LS,TON,5921,109,127,1.82,2.12,3,0.32,0.1298,0.1298,526.4,0
TouchofNatureRd_TON_12.03.25_LS,TON,5969,2911,2911,48.52,48.52,1,0.02,0.1287,0.1287,723.2,0
TouchofNatureRd_TON_12.03.25_LS,TON,5979,5925,5925,98.75,98.75,1,0.02,0.1279,0.1279,837.1,0
TouchofNatureRd_TON_12.03.25_LS,TON,6004,7567,7568,126.11,126.13,2,0.03,0.1243,0.1243,292.3,0
TouchofNatureRd_TON_12.03.25_LS,TON,5961,2418,2418,40.3,40.3,1,0.02,0.1227,0.1227,1559.8,0
TouchofNatureRd_TON_12.03.25_LS,TON,6014,7898,7898,131.63,131.63,1,0.02,0.1225,0.1225,422.8,0
TouchofNatureRd_TON_12.03.25_LS,TON,5981,6332,6332,105.53,105.53,1,0.02,0.1222,0.1222,1196.2,0
TouchofNatureRd_TON_12.03.25_LS,TON,5939,1880,1881,31.33,31.35,2,0.03,0.1219,0.1219,960.5,0
TouchofNatureRd_TON_12.03.25_LS,TON,5945,1983,1983,33.05,33.05,1,0.02,0.1214,0.1214,1141.1,0
TouchofNatureRd_TON_12.03.25_LS,TON,6035,8845,8849,147.41,147.48,2,0.08,0.1209,0.1209,1412.4,0
TouchofNatureRd_TON_12.03.25_LS,TON,5937,1402,1402,23.37,23.37,1,0.02,0.1208,0.1208,1081.2,0
TouchofNatureRd_TON_12.03.25_LS,TON,5962,2476,2476,41.27,41.27,1,0.02,0.1207,0.1207,609.5,0
TouchofNatureRd_TON_12.03.25_LS,TON,6032,8490,8490,141.5,141.5,1,0.02,0.1202,0.1202,933.8,0
TouchofNatureRd_TON_12.03.25_LS,TON,5970,3343,3343,55.72,55.72,1,0.02,0.1199,0.1199,852.6,0
TouchofNatureRd_TON_12.03.25_LS,TON,5950,2059,2061,34.32,34.35,2,0.05,0.1198,0.1198,1065.9,0
TouchofNatureRd_TON_12.03.25_LS,TON,6041,9635,9639,160.58,160.65,2,0.08,0.1194,0.1194,1153.8,0
TouchofNatureRd_TON_12.03.25_LS,TON,5971,4743,4743,79.05,79.05,1,0.02,0.1172,0.1172,470.0,0
TouchofNatureRd_TON_12.03.25_LS,TON,5996,7338,7340,122.3,122.33,3,0.05,0.1172,0.1172,753.3,0
TouchofNatureRd_TON_12.03.25_LS,TON,6001,7532,7532,125.53,125.53,1,0.02,0.1161,0.1161,540.6,0
TouchofNatureRd_TON_12.03.25_LS,TON,5966,2862,2862,47.7,47.7,1,0.02,0.116,0.116,1198.9,0
TouchofNatureRd_TON_12.03.25_LS,TON,5975,5325,5325,88.75,88.75,1,0.02,0.1158,0.1158,639.9,0
TouchofNatureRd_TON_12.03.25_LS,TON,5995,7334,7334,122.23,122.23,1,0.02,0.1148,0.1148,398.7,0
TouchofNatureRd_TON_12.03.25_LS,TON,6010,7775,7775,129.58,129.58,1,0.02,0.1148,0.1148,602.1,0
TouchofNatureRd_TON_12.03.25_LS,TON,5985,6642,6643,110.7,110.72,2,0.03,0.1144,0.1144,918.8,0
TouchofNatureRd_TON_12.03.25_LS,TON,5933,1291,1291,21.52,21.52,1,0.02,0.1138,0.1138,890.2,0
TouchofNatureRd_TON_12.03.25_LS,TON,6020,8098,8098,134.96,134.96,1,0.02,0.1134,0.1134,473.2,0
TouchofNatureRd_TON_12.03.25_LS,TON,5973,4815,4815,80.25,80.25,1,0.02,0.1119,0.1119,1059.2,0
TouchofNatureRd_TON_12.03.25_LS,TON,5959,2352,2352,39.2,39.2,1,0.02,0.1075,0.1075,1527.0,0
TouchofNatureRd_TON_12.03.25_LS,TON,6039,9512,9512,158.53,158.53,1,0.02,0.1074,0.1074,286.7,0
TouchofNatureRd_TON_12.03.25_LS,TON,6007,7653,7653,127.55,127.55,1,0.02,0.1065,0.1065,370.3,0
TouchofNatureRd_TON_12.03.25_LS,TON,6036,8878,8878,147.96,147.96,1,0.02,0.1062,0.1062,864.5,0
TouchofNatureRd_TON_12.03.25_LS,TON,6018,8013,8013,133.55,133.55,1,0.02,0.1047,0.1047,437.5,0
TouchofNatureRd_TON_12.03.25_LS,TON,6026,8283,8283,138.05,138.05,1,0.02,0.1012,0.1012,490.4,0
TouchofNatureRd_TON_12.03.25_LS,TON,5929,668,668,11.13,11.13,1,0.02,0.1008,0.1008,743.3,0
WolfCreekRd_SHB_12.11.2025_LS,SHB,4991,2130,2161,35.55,36.06,32,0.53,0.6808,0.7669,643.8,1
WolfCreekRd_SHB_12.11.2025_LS,SHB,4987,2124,2164,35.45,36.11,41,0.68,0.6361,0.7217,804.4,1
WolfCreekRd_SHB_12.11.2025_LS,SHB,4969,2026,2060,33.81,34.38,15,0.58,0.5802,0.6822,865.5,1
WolfCreekRd_SHB_12.11.2025_LS,SHB,5075,6705,6826,111.9,113.92,114,2.04,0.4891,0.6802,724.5,1
WolfCreekRd_SHB_12.11.2025_LS,SHB,4948,1991,2008,33.23,33.51,16,0.3,0.5555,0.6751,947.8,1
WolfCreekRd_SHB_12.11.2025_LS,SHB,5103,6888,6939,114.95,115.8,34,0.87,0.4505,0.6616,821.1,1
WolfCreekRd_SHB_12.11.2025_LS,SHB,5119,7069,7108,117.97,118.63,36,0.67,0.502,0.6472,1011.9,1
WolfCreekRd_SHB_12.11.2025_LS,SHB,6228,1990,2022,33.21,33.75,12,0.55,0.3462,0.4783,816.3,1
WolfCreekRd_SHB_12.11.2025_LS,SHB,6229,2018,2066,33.68,34.48,13,0.82,0.3298,0.4641,791.5,1
WolfCreekRd_SHB_12.11.2025_LS,SHB,6270,7549,7667,125.99,127.95,41,1.99,0.2288,0.4116,382.0,1
WolfCreekRd_SHB_12.11.2025_LS,SHB,6252,3003,3063,50.12,51.12,10,1.02,0.2704,0.3731,781.3,1
WolfCreekRd_SHB_12.11.2025_LS,SHB,6273,8446,8476,140.96,141.46,15,0.52,0.2395,0.3357,1473.6,1
WolfCreekRd_SHB_12.11.2025_LS,SHB,6267,6663,6761,111.2,112.83,32,1.65,0.2152,0.3208,750.5,1
WolfCreekRd_SHB_12.11.2025_LS,SHB,6269,7016,7123,117.09,118.88,24,1.8,0.1871,0.309,949.7,1
WolfCreekRd_SHB_12.11.2025_LS,SHB,6239,2274,2306,37.95,38.48,11,0.55,0.2119,0.3001,448.2,1
WolfCreekRd_SHB_12.11.2025_LS,SHB,4965,2023,2039,33.76,34.03,17,0.28,0.7108,0.7449,926.3,0
WolfCreekRd_SHB_12.11.2025_LS,SHB,6256,3042,3042,50.77,50.77,1,0.02,0.725,0.725,2887.9,0
WolfCreekRd_SHB_12.11.2025_LS,SHB,5182,8551,8566,142.71,142.96,13,0.27,0.5681,0.6859,2198.4,0
WolfCreekRd_SHB_12.11.2025_LS,SHB,4976,2051,2062,34.23,34.41,10,0.2,0.5968,0.6828,988.8,0
WolfCreekRd_SHB_12.11.2025_LS,SHB,5184,8554,8557,142.76,142.81,4,0.07,0.5489,0.5489,626.4,0
WolfCreekRd_SHB_12.11.2025_LS,SHB,5129,7572,7572,126.37,126.37,1,0.02,0.5393,0.5393,338.8,0
WolfCreekRd_SHB_12.11.2025_LS,SHB,5160,8452,8452,141.06,141.06,1,0.02,0.5178,0.5178,4751.5,0
WolfCreekRd_SHB_12.11.2025_LS,SHB,5098,6854,6869,114.39,114.64,12,0.27,0.4001,0.4894,760.3,0
WolfCreekRd_SHB_12.11.2025_LS,SHB,5023,2862,2863,47.76,47.78,2,0.03,0.4746,0.4746,1346.8,0
WolfCreekRd_SHB_12.11.2025_LS,SHB,5206,8846,8857,147.63,147.81,10,0.2,0.3788,0.4727,550.8,0
WolfCreekRd_SHB_12.11.2025_LS,SHB,6206,132,132,2.2,2.2,1,0.02,0.4672,0.4672,2047.9,0
WolfCreekRd_SHB_12.11.2025_LS,SHB,5162,8453,8456,141.07,141.12,2,0.07,0.4619,0.4619,1093.9,0
WolfCreekRd_SHB_12.11.2025_LS,SHB,5156,7875,7875,131.43,131.43,1,0.02,0.4377,0.4377,398.2,0
WolfCreekRd_SHB_12.11.2025_LS,SHB,6258,3222,3227,53.77,53.86,6,0.1,0.3803,0.4292,778.6,0
WolfCreekRd_SHB_12.11.2025_LS,SHB,5150,7652,7659,127.7,127.82,7,0.13,0.3756,0.4194,378.0,0
WolfCreekRd_SHB_12.11.2025_LS,SHB,5138,7603,7603,126.89,126.89,1,0.02,0.4086,0.4086,396.1,0
WolfCreekRd_SHB_12.11.2025_LS,SHB,5186,8558,8558,142.82,142.82,1,0.02,0.4005,0.4005,346.0,0
WolfCreekRd_SHB_12.11.2025_LS,SHB,5126,7557,7559,126.12,126.15,3,0.05,0.4004,0.4004,310.4,0
WolfCreekRd_SHB_12.11.2025_LS,SHB,5124,7554,7554,126.07,126.07,1,0.02,0.3818,0.3818,351.7,0
WolfCreekRd_SHB_12.11.2025_LS,SHB,5030,2926,2926,48.83,48.83,1,0.02,0.379,0.379,572.1,0
WolfCreekRd_SHB_12.11.2025_LS,SHB,6226,1885,1885,31.46,31.46,1,0.02,0.3764,0.3764,709.2,0
WolfCreekRd_SHB_12.11.2025_LS,SHB,6261,4260,4260,71.1,71.1,1,0.02,0.371,0.371,1369.5,0
WolfCreekRd_SHB_12.11.2025_LS,SHB,5071,6697,6700,111.77,111.82,4,0.07,0.3706,0.3706,779.4,0
WolfCreekRd_SHB_12.11.2025_LS,SHB,5137,7598,7601,126.8,126.85,4,0.07,0.3594,0.3594,366.2,0
WolfCreekRd_SHB_12.11.2025_LS,SHB,4963,2021,2021,33.73,33.73,1,0.02,0.349,0.349,872.6,0
WolfCreekRd_SHB_12.11.2025_LS,SHB,6262,5452,5458,90.99,91.09,6,0.12,0.3016,0.3322,498.9,0
WolfCreekRd_SHB_12.11.2025_LS,SHB,6247,2642,2642,44.09,44.09,1,0.02,0.3243,0.3243,955.0,0
WolfCreekRd_SHB_12.11.2025_LS,SHB,6221,987,987,16.47,16.47,1,0.02,0.3223,0.3223,556.8,0
WolfCreekRd_SHB_12.11.2025_LS,SHB,6235,2123,2123,35.43,35.43,1,0.02,0.2989,0.2989,901.3,0
WolfCreekRd_SHB_12.11.2025_LS,SHB,6268,6827,6958,113.94,116.12,46,2.2,0.1757,0.2956,814.2,0
WolfCreekRd_SHB_12.11.2025_LS,SHB,6249,2861,2868,47.75,47.86,3,0.13,0.2955,0.2955,1464.7,0
WolfCreekRd_SHB_12.11.2025_LS,SHB,6251,2908,2925,48.53,48.82,8,0.3,0.228,0.2922,557.1,0
WolfCreekRd_SHB_12.11.2025_LS,SHB,6255,3025,3026,50.48,50.5,2,0.03,0.2782,0.2782,813.3,0
WolfCreekRd_SHB_12.11.2025_LS,SHB,6224,1249,1249,20.84,20.84,1,0.02,0.2744,0.2744,496.2,0
WolfCreekRd_SHB_12.11.2025_LS,SHB,6216,868,871,14.49,14.54,4,0.07,0.2722,0.2722,651.3,0
WolfCreekRd_SHB_12.11.2025_LS,SHB,6276,8516,8603,142.12,143.58,15,1.47,0.1968,0.2704,1928.0,0
WolfCreekRd_SHB_12.11.2025_LS,SHB,6283,8825,8891,147.28,148.38,19,1.12,0.1883,0.2581,545.5,0
WolfCreekRd_SHB_12.11.2025_LS,SHB,6237,2268,2290,37.85,38.22,10,0.38,0.2007,0.2522,557.1,0
WolfCreekRd_SHB_12.11.2025_LS,SHB,6219,942,958,15.72,15.99,3,0.28,0.2515,0.2515,1589.7,0
WolfCreekRd_SHB_12.11.2025_LS,SHB,6217,893,906,14.9,15.12,2,0.23,0.2508,0.2508,648.9,0
WolfCreekRd_SHB_12.11.2025_LS,SHB,6244,2459,2460,41.04,41.05,2,0.03,0.2508,0.2508,614.0,0
WolfCreekRd_SHB_12.11.2025_LS,SHB,6210,534,536,8.91,8.95,2,0.05,0.2443,0.2443,456.6,0
WolfCreekRd_SHB_12.11.2025_LS,SHB,6272,7869,7874,131.33,131.41,5,0.1,0.2324,0.2324,393.7,0
WolfCreekRd_SHB_12.11.2025_LS,SHB,6274,8449,8451,141.01,141.04,2,0.05,0.2324,0.2324,3514.8,0
WolfCreekRd_SHB_12.11.2025_LS,SHB,6275,8510,8527,142.02,142.31,11,0.3,0.1792,0.2222,883.1,0
WolfCreekRd_SHB_12.11.2025_LS,SHB,6279,8650,8653,144.36,144.41,2,0.07,0.2216,0.2216,604.0,0
WolfCreekRd_SHB_12.11.2025_LS,SHB,6223,1172,1172,19.56,19.56,1,0.02,0.2182,0.2182,590.7,0
WolfCreekRd_SHB_12.11.2025_LS,SHB,6207,173,178,2.89,2.97,5,0.1,0.2177,0.2177,874.0,0
WolfCreekRd_SHB_12.11.2025_LS,SHB,6231,2019,2040,33.7,34.05,2,0.37,0.2169,0.2169,585.3,0
WolfCreekRd_SHB_12.11.2025_LS,SHB,6234,2122,2123,35.41,35.43,2,0.03,0.2145,0.2145,852.6,0
WolfCreekRd_SHB_12.11.2025_LS,SHB,6214,717,717,11.97,11.97,1,0.02,0.211,0.211,3066.6,0
WolfCreekRd_SHB_12.11.2025_LS,SHB,6264,5479,5482,91.44,91.49,4,0.07,0.2068,0.2068,533.1,0
WolfCreekRd_SHB_12.11.2025_LS,SHB,6222,989,989,16.51,16.51,1,0.02,0.1857,0.1857,519.1,0
WolfCreekRd_SHB_12.11.2025_LS,SHB,6209,360,360,6.01,6.01,1,0.02,0.1813,0.1813,544.4,0
WolfCreekRd_SHB_12.11.2025_LS,SHB,6245,2562,2562,42.76,42.76,1,0.02,0.1772,0.1772,1956.0,0
WolfCreekRd_SHB_12.11.2025_LS,SHB,6240,2278,2278,38.02,38.02,1,0.02,0.174,0.174,642.9,0
WolfCreekRd_SHB_12.11.2025_LS,SHB,6241,2370,2375,39.55,39.64,4,0.1,0.1686,0.1686,768.2,0
WolfCreekRd_SHB_12.11.2025_LS,SHB,6281,8663,8663,144.58,144.58,1,0.02,0.1686,0.1686,729.0,0
WolfCreekRd_SHB_12.11.2025_LS,SHB,6232,2040,2040,34.05,34.05,1,0.02,0.1685,0.1685,542.9,0
WolfCreekRd_SHB_12.11.2025_LS,SHB,6250,2865,2865,47.81,47.81,1,0.02,0.1678,0.1678,1452.3,0
WolfCreekRd_SHB_12.11.2025_LS,SHB,6208,327,327,5.46,5.46,1,0.02,0.1675,0.1675,3051.0,0
WolfCreekRd_SHB_12.11.2025_LS,SHB,6218,897,897,14.97,14.97,1,0.02,0.1622,0.1622,473.4,0
WolfCreekRd_SHB_12.11.2025_LS,SHB,6212,648,648,10.81,10.81,1,0.02,0.16,0.16,1431.5,0
WolfCreekRd_SHB_12.11.2025_LS,SHB,6253,3008,3011,50.2,50.25,3,0.07,0.157,0.157,433.2,0
WolfCreekRd_SHB_12.11.2025_LS,SHB,6227,1932,1932,32.24,32.24,1,0.02,0.1531,0.1531,1730.3,0
WolfCreekRd_SHB_12.11.2025_LS,SHB,6278,8563,8579,142.91,143.17,6,0.28,0.1448,0.1513,544.3,0
WolfCreekRd_SHB_12.11.2025_LS,SHB,6257,3125,3130,52.15,52.24,4,0.1,0.1482,0.1482,378.9,0
WolfCreekRd_SHB_12.11.2025_LS,SHB,6263,5469,5469,91.27,91.27,1,0.02,0.1464,0.1464,508.6,0
WolfCreekRd_SHB_12.11.2025_LS,SHB,6259,3340,3340,55.74,55.74,1,0.02,0.1462,0.1462,2084.4,0
WolfCreekRd_SHB_12.11.2025_LS,SHB,6277,8550,8550,142.69,142.69,1,0.02,0.1405,0.1405,667.3,0
WolfCreekRd_SHB_12.11.2025_LS,SHB,6282,8822,8826,147.23,147.3,2,0.08,0.1393,0.1393,3478.2,0
WolfCreekRd_SHB_12.11.2025_LS,SHB,6280,8652,8657,144.39,144.48,3,0.1,0.1364,0.1364,1911.0,0
WolfCreekRd_SHB_12.11.2025_LS,SHB,6238,2270,2270,37.88,37.88,1,0.02,0.1357,0.1357,730.3,0
WolfCreekRd_SHB_12.11.2025_LS,SHB,6220,947,949,15.8,15.84,2,0.05,0.1345,0.1345,756.3,0
WolfCreekRd_SHB_12.11.2025_LS,SHB,6233,2040,2040,34.05,34.05,1,0.02,0.1337,0.1337,518.7,0
WolfCreekRd_SHB_12.11.2025_LS,SHB,6266,6581,6582,109.83,109.85,2,0.03,0.1328,0.1328,887.6,0
WolfCreekRd_SHB_12.11.2025_LS,SHB,6225,1419,1419,23.68,23.68,1,0.02,0.1304,0.1304,841.5,0
WolfCreekRd_SHB_12.11.2025_LS,SHB,6230,2018,2041,33.68,34.06,4,0.4,0.128,0.128,724.0,0
WolfCreekRd_SHB_12.11.2025_LS,SHB,6265,6071,6071,101.32,101.32,1,0.02,0.1261,0.1261,679.4,0
WolfCreekRd_SHB_12.11.2025_LS,SHB,6254,3008,3008,50.2,50.2,1,0.02,0.1248,0.1248,713.7,0
WolfCreekRd_SHB_12.11.2025_LS,SHB,6236,2194,2221,36.62,37.07,5,0.47,0.1212,0.1212,960.2,0
WolfCreekRd_SHB_12.11.2025_LS,SHB,6243,2425,2425,40.47,40.47,1,0.02,0.1204,0.1204,330.4,0
WolfCreekRd_SHB_12.11.2025_LS,SHB,6215,867,871,14.47,14.54,2,0.08,0.1156,0.1156,392.4,0
WolfCreekRd_SHB_12.11.2025_LS,SHB,6213,707,707,11.8,11.8,1,0.02,0.1135,0.1135,1331.4,0
WolfCreekRd_SHB_12.11.2025_LS,SHB,6248,2748,2748,45.86,45.86,1,0.02,0.1078,0.1078,472.1,0
WolfCreekRd_SHB_12.11.2025_LS,SHB,6242,2371,2372,39.57,39.59,2,0.03,0.1077,0.1077,839.4,0
WolfCreekRd_SHB_12.11.2025_LS,SHB,6260,3349,3349,55.89,55.89,1,0.02,0.1039,0.1039,1116.9,0
WolfCreekRd_SHB_12.11.2025_LS,SHB,6211,602,602,10.05,10.05,1,0.02,0.1029,0.1029,1151.6,0
WolfCreekRd_SHB_12.11.2025_LS,SHB,6246,2628,2628,43.86,43.86,1,0.02,0.1014,0.1014,1556.7,0
WolfCreekRd_SHB_12.11.2025_LS,SHB,6271,7645,7645,127.59,127.59,1,0.02,0.1008,0.1008,557.8,0
